{"type":"Topology","arcs":[[[425,68266],[135,-82]],[[560,68184],[199,-101],[814,-411],[479,-242],[462,-234],[474,-247],[1047,-239]],[[4035,66710],[-4,-75],[13,-80],[-25,-80],[-2,-60],[13,-37],[-7,-75],[-17,-14],[-6,-50],[-33,-111],[-33,-63],[-24,-20],[-19,-72],[-46,-59],[13,-76],[35,-7],[22,-81],[48,-37],[-13,-154],[15,-63],[18,-26],[10,-67],[-27,-207],[-38,-126],[-25,-68],[-13,-149],[21,-90],[25,-77],[10,-136],[23,-56],[-12,-93],[6,-35],[25,-27],[-9,-74],[46,-21],[10,-38],[74,7],[58,-30],[8,-50],[-20,-45],[18,-63],[32,-20],[66,-80],[20,-41],[-8,-36],[-37,-40],[-54,-35],[-88,-101],[3,-50],[56,-18],[75,6],[41,-24],[27,-77],[4,-84],[29,-94],[53,-85],[-1,-71],[-47,-47],[-21,-38],[-32,-119],[-2,-109],[-21,-93],[-25,-62],[-41,-63],[-32,-109],[-63,-36],[-32,-77],[-29,-19],[-57,-10],[-144,-65],[-21,-25],[-15,-91],[-145,-57],[27,-25],[25,-71]],[[3716,62059],[-28,-29],[-26,12],[-38,55],[0,35],[-54,40],[-26,-13],[-72,43],[-155,-20],[-18,15],[-59,-14],[-38,27],[-63,26],[-34,-3],[-37,26],[-52,6],[-28,23],[-77,-12],[-48,38],[-29,-16],[-36,25],[-22,52],[-431,-2],[-593,-2],[-2,23],[36,31],[2,65],[28,24],[56,22],[55,87],[62,19],[-26,67],[34,29],[45,81],[38,26],[43,-26],[77,56],[23,59],[-42,20],[27,49],[68,32],[47,62],[20,81],[-9,36],[14,60],[-12,73],[-20,33],[32,65],[-13,23],[-44,13],[-19,69],[-32,79],[-71,20],[-1,52],[-26,-59],[-26,34],[-40,124],[-60,93],[-4,74],[-35,48],[-18,106],[-21,46],[-56,69],[-27,-11],[-44,24],[-37,-21],[-55,23],[-65,63],[1,52],[-46,48],[-35,-13],[-9,60],[20,91],[-24,133],[-27,94],[-53,-12],[-82,33],[-48,-16],[-34,57],[-11,73],[-33,31],[-23,-7],[-112,46],[-15,37],[-35,-4],[-73,86],[16,78],[-23,51],[8,64],[-53,89],[-26,14],[-17,53],[-32,10],[16,48],[1,57],[-12,56],[20,33],[-26,82],[-29,28],[-20,44],[-35,30],[18,47],[-8,46],[-50,48],[-50,-14],[-17,15],[-21,79],[-20,29],[-44,1],[-25,-24],[-42,49],[-8,68],[-44,48],[39,39],[-29,49],[22,31],[32,-37],[65,-7],[30,17],[35,63],[-7,61],[11,79],[-11,45],[-59,42],[-60,56],[-91,26],[-63,3],[-28,13],[-56,110],[-35,-5],[-51,54],[-3,50],[-50,29],[-75,67],[-59,80],[-33,3],[-16,77],[96,25],[33,82],[8,43],[22,31],[-18,35],[-9,74],[-29,44],[-51,117],[31,37],[22,-40],[32,20],[44,-62],[75,-4],[36,26],[17,56],[79,31],[54,-18],[52,27],[51,-31],[66,40],[39,62],[1,28],[-36,66],[6,79],[-25,39],[-46,28],[-24,31],[-5,63],[-39,44],[-6,28],[-37,39],[-14,49]],[[4035,66710],[37,-13],[289,-103],[93,-30],[272,-71],[690,-180],[133,-35],[606,-161],[521,-136],[660,-162],[309,-75],[459,-114],[600,-368],[763,-467]],[[9467,64795],[465,-287]],[[9932,64508],[-55,-159],[-30,-11],[-29,-74],[-48,-41],[-21,-39],[-94,12],[-47,-68],[-32,-27],[-25,-68],[-22,4],[-64,-64],[9,-99],[-62,-36],[-26,-40],[-4,-39],[-33,-8],[-35,-91],[-9,-72],[-91,-147],[88,-100],[0,-24],[-39,18],[-341,209],[-35,25],[-35,-14],[-62,-72],[-45,-23],[-62,-1],[-41,29],[-96,-52],[-63,-68],[-66,-7],[-26,15],[-41,75],[-31,-22],[-61,23],[-23,30],[-42,-23],[-54,24],[-41,-12],[-36,-30],[-42,-63],[21,-34],[-17,-27],[-48,-27],[-32,-83],[-20,-31],[-36,-17],[-64,1],[-48,-32],[-25,-75],[-88,-137],[-36,-69],[-60,-76],[-52,-45],[6,-71],[-22,-168],[-41,-25],[-48,13],[-64,-15],[-30,-76],[-45,-29],[-52,-4],[-41,-34],[-28,-41],[-66,5],[-29,-24],[-34,22],[-40,-36],[-35,-68],[15,-26],[-33,-20],[-59,-9],[-49,-76],[-36,-19],[11,-42],[-31,-71],[-32,-6],[-39,-64],[-33,-37],[-34,22],[-68,-176],[-47,-36],[19,-38],[-5,-36],[-45,-12],[-17,-46],[25,-52],[3,-57],[-38,-46],[-2,-86]],[[6451,61242],[-83,-27],[-41,-33],[-20,-32],[-22,-76],[-28,-53],[-26,-23],[-11,-49],[-38,-8],[-57,15],[-14,-37],[-26,0],[-83,-36],[-22,2],[-47,50],[-56,-34],[-25,-39],[-630,0],[-745,3],[-467,-2],[8,37],[34,16],[21,30],[-10,63],[-37,24],[14,46],[29,22],[40,70],[-37,48],[1,49],[-16,52],[65,58],[-61,44],[-87,20],[-28,31],[-36,-10],[-19,31],[-43,23],[20,48],[-5,33],[29,59],[14,85],[-30,36],[14,67],[-33,3],[-47,38],[3,88],[10,63],[-37,20],[-31,-25],[-39,27]],[[9932,64508],[263,-162],[576,-324],[422,-252],[458,-273],[214,-118],[394,-193],[736,-360]],[[12995,62826],[-71,-8],[-60,-38],[-22,-31],[-31,3],[-50,-55],[-70,-20],[-49,9],[-55,-23],[-80,-68],[-4,-77],[-17,-9],[-58,12],[-98,-12],[-34,-21],[-69,-68],[-56,-66],[-8,-35],[13,-36],[-49,-21],[-37,-39],[-19,-64],[-26,-23],[9,-49],[-17,-37],[9,-98],[-80,-4],[-28,-27],[-61,-127],[17,-62],[-14,-23],[-5,-68],[15,-55],[0,-66],[-21,-33],[38,-79],[26,-25],[21,-54],[-3,-72],[7,-52],[-27,-17],[-10,-44],[-48,-18],[-40,13],[-34,-46],[-47,8],[-18,-64],[-35,-49],[-13,-39],[-41,-3],[-92,-43],[-41,10],[-42,-16],[-88,-97],[-7,-57],[-44,-70],[-141,-68],[-28,-47],[0,-46],[-60,-111],[-32,-5],[-27,-97],[-55,-43],[2,-42],[-97,-49],[-31,-37],[-34,20],[-30,-5],[-10,-44],[-36,1],[-3,-34],[-59,-61],[-31,-7],[-60,-56],[-25,-66],[-46,-10],[-18,-46],[-73,-25],[-27,-94],[13,-23],[-23,-33],[-76,-12],[-42,-16]],[[10282,59617],[-55,-5],[-9,-11],[-105,3],[-37,-47],[-48,-117],[-61,-31],[6,-63],[-7,-70],[-50,-41],[-59,-5],[-72,-59],[-51,-61],[-29,-49],[-18,-55],[-76,-30],[-52,7],[-1124,-314],[35,82],[12,95],[-11,30],[54,87],[-12,42],[2,75],[-82,26],[-65,-32],[-33,-38],[-63,34],[-42,-6],[-2,-28],[-65,20],[-51,-56],[-66,0],[-24,31],[-62,0],[-27,-18],[-43,52],[-37,-53],[-46,-2],[-74,33],[4,40],[-52,19],[-48,-41],[-28,14],[-73,-36]],[[7536,59039],[-6,547],[2,347],[1,734],[8,296],[-2,358],[22,45],[47,3],[13,51],[21,15],[36,-27],[55,71],[-7,34],[24,60],[-31,108],[-22,32],[-29,3],[-45,75],[-29,89],[16,9],[10,75],[-35,32],[38,18],[50,-57],[10,41],[-15,49],[49,6],[25,89],[37,26],[-18,86],[62,46],[4,35],[-38,7],[-36,-24],[-69,5],[-61,-32],[-26,0],[-10,-40],[-68,-52],[-18,-44],[-47,-58],[-12,2],[-63,-51],[-47,-18],[-33,-58],[-32,26],[-27,-24],[-1,-81],[-70,-37],[-6,-37],[-33,-38],[-58,-7],[-83,-47],[-47,-66],[-31,-61],[-51,-72],[-59,-2],[-50,-42],[-48,-151],[-83,7],[-36,-5],[-63,-27],[-22,-31],[-48,-35]],[[10282,59617],[122,0],[33,31],[82,11],[47,30],[47,16],[4,42],[30,27],[346,1],[654,2],[46,53],[-16,45],[51,41],[21,65],[60,45],[4,31],[51,18],[18,66],[35,0],[53,52],[58,1],[76,25],[33,44],[34,-12],[50,15],[8,33],[41,-4],[38,28],[9,42],[39,24],[-5,46],[33,28],[47,-20],[37,39],[17,-703],[38,13],[14,34],[103,64],[53,25],[10,30],[74,36],[11,25],[45,2],[122,31],[21,-12],[102,25],[54,-10],[26,21],[48,-1],[15,-31],[35,-24],[12,-28],[51,-24],[30,-43],[-46,-57],[-25,-52],[-38,-28],[0,-67],[85,-104],[13,-63],[3,-65],[23,-24],[4,-42],[73,-67],[-58,-54],[2,-53],[14,-35]],[[13399,59201],[-66,-20],[-2,-24],[-67,-28],[-95,-102],[1,-61],[19,-20],[-23,-40],[-3,-40],[-86,-98],[-58,-53],[-14,-34],[-39,-19],[-28,-115],[-35,-19],[-29,-114],[-91,-85],[-66,-8],[-41,-44],[-48,15],[-84,-37],[-9,-62],[-41,-25],[-19,32],[-36,21],[-29,-37],[-95,-12],[-29,-28],[-42,-68],[-51,-29],[-2,-28],[-388,-89],[11,40],[-25,39],[3,27],[-31,26],[-24,-5],[-44,75],[3,53],[32,64],[-22,49],[-24,-17],[-38,4],[-36,27],[-29,-26],[-31,-2],[-31,35],[-58,-57],[-59,22],[-35,-39],[-21,19],[-47,8],[-41,47],[-29,10],[-24,-51],[-60,9],[1,26],[-34,31],[-59,18],[-18,-21],[-31,45],[-56,-32],[-57,32],[-54,-11],[-120,57],[-22,-18],[-44,41],[-18,-28],[-27,30],[-72,-10],[-10,-18],[-151,33],[-66,-12],[-46,32],[-37,7],[-16,-27],[-45,3],[-9,-35],[-50,-7],[-44,8],[-47,35],[-49,0],[-9,-41],[-96,31],[-32,-5],[-79,-40],[-53,13],[-94,-34],[-25,-23],[-24,25],[-42,-14],[-14,42],[-118,71],[-68,-20],[-34,23],[-59,-10],[-61,22],[-77,-5],[-119,-82],[-14,8],[-76,-67],[-46,-5],[-50,-34],[-26,21],[-35,-35],[-42,-19],[-56,-63],[-69,-31],[-39,-7],[-22,-23],[-69,3],[-24,16],[-68,-35],[-89,-26],[-140,24],[-25,34],[-47,0],[-70,51],[-27,68],[-53,44],[-29,50],[-64,41],[-35,35],[-203,-167],[-4,737]],[[12995,62826],[443,-214],[359,-173],[691,-333],[422,-202],[168,-88],[265,-124],[63,-30],[3,4],[668,-326]],[[16077,61340],[417,-204]],[[16494,61136],[-32,-44],[-17,-94],[-23,29],[-68,-76],[-93,-45],[-35,-30],[-52,-10],[-19,-47],[-43,-11],[-26,-54],[-54,-45],[-22,-5],[-20,-59],[-56,12],[-7,-51],[-36,-7],[-18,-38],[-30,-58],[-30,-6],[-46,-37],[-15,-72],[-21,7],[-46,-33],[-37,-41],[5,-45],[-46,-73],[-32,1],[-40,-20],[1,-26],[-86,-39],[-27,21],[-36,-26],[-49,-13],[8,-34],[-23,-34],[-46,-14],[-35,-26],[-35,38],[-54,2],[-37,18],[-38,-29],[-75,22],[-35,-10],[-29,12],[-28,-39],[26,-32],[-3,-50],[13,-25],[-38,-18],[-35,17],[-76,-17],[-66,24],[-28,-36],[14,-35],[0,-66],[-32,-3],[-16,-45],[-37,-32],[-30,-4],[-59,-34],[-51,-13],[-10,-32],[-43,8],[-94,-39],[-18,-18],[-43,-90],[-12,-47],[-48,-40],[-15,-49],[-41,-45],[-40,28],[-70,-264],[-61,-10],[-46,42],[-13,28],[-78,26],[-42,23],[-24,34],[-72,13],[-13,16],[-99,-2],[-18,-23],[-57,-14],[-47,13],[-31,-30],[-59,35]],[[80001,62582],[77,85],[52,14],[49,70],[3,29],[0,26],[28,62],[64,51],[52,66],[58,-4],[21,17],[61,8],[42,22],[70,19],[19,62],[37,38],[7,31],[31,44],[68,74],[1,21],[42,21],[78,89],[31,56],[29,117]],[[80921,63600],[8,84],[12,34],[36,5],[56,57],[33,16],[59,-81],[27,-64],[45,-65],[2,-26],[40,-52],[-21,-37],[17,-40],[56,27],[-1,-43],[39,-35],[64,22],[2,53],[30,34],[39,15],[47,-10],[48,40],[25,-12]],[[81584,63522],[-29,-96],[-149,-233],[-58,-49],[-77,-115],[-51,-55],[158,-45],[8,-29],[-14,-37],[30,-19],[-22,-33],[29,-55],[-1,-49],[39,-15],[2,-34],[-48,-92],[-28,-72],[-32,-33],[-40,-80]],[[81301,62381],[-33,-138],[16,-55],[-27,-96],[8,-37],[20,-56],[32,-52],[26,-67],[-49,-138],[-2,-50]],[[81292,61692],[-23,53],[-30,28],[-62,37],[-69,14],[-81,-33],[-69,81],[-19,36],[-30,-5],[-24,40],[-98,75],[-18,27],[-63,-21],[-76,35],[-74,17],[-31,32]],[[80525,62108],[12,40],[-29,53],[-25,22],[-47,4],[-58,31],[-22,40],[-77,12],[-11,-16],[-53,12],[-27,-15],[-61,45],[-53,19],[24,62],[-35,92],[-62,73]],[[81584,63522],[13,-5],[54,-8],[29,-19],[-15,-64],[55,-69],[52,2],[39,-15],[22,-29],[40,-21],[150,-78],[36,-25],[15,-39],[32,-34],[32,-72],[45,-29],[34,-48],[1,-29],[26,-37],[1,-91],[50,49],[31,14]],[[82326,62875],[88,-60],[-23,-68],[11,-26],[77,40],[30,49],[58,-14],[52,-53],[23,-38],[-11,-40],[10,-51],[5,26],[17,-19],[52,-3],[47,-94],[59,-23]],[[82821,62501],[-34,-33],[-68,12],[-17,-58],[-19,-63],[-144,-101],[0,-76],[-28,-37],[13,-41],[-25,-58]],[[82499,62046],[-82,-112],[-251,331],[-92,-35],[-139,-147],[-162,123],[-472,175]],[[82499,62046],[-87,-162],[112,-9],[129,-36]],[[82653,61839],[-35,-44],[2,-55],[164,-159],[-17,-22],[6,-87],[-34,-19],[-61,-98],[-143,-106],[-12,-50],[-19,-15],[-31,-98]],[[82473,61086],[-46,33],[-96,7],[-68,-3],[-30,16],[-38,84],[-64,75],[-26,9],[-54,18],[-75,80],[-91,27],[-54,42],[-106,33],[-75,5],[-160,22],[-111,77],[-76,59],[-11,22]],[[82821,62501],[42,-44],[48,3],[14,19],[-13,52],[32,26],[-10,32],[29,80],[35,38],[41,12],[27,20],[47,-23],[15,-27],[96,-12],[83,55],[148,-10],[98,-103],[56,-42],[49,-23],[82,24],[-18,56],[6,44],[153,55],[7,21],[29,58],[55,2],[17,31],[52,39],[17,-36],[35,11]],[[84093,62859],[154,-166],[-59,-192],[-18,-33],[-34,-130],[-159,-73],[7,-32]],[[83984,62233],[-23,-44],[-46,-49],[55,-179],[43,-37],[-66,-41],[-53,48],[-15,59],[-62,74],[-59,-34],[-35,-51],[-22,-20],[-90,-21],[0,-59],[29,-37],[4,-91],[-31,-3],[-32,48],[-39,-16],[-85,23],[21,85],[-35,2],[-18,39],[-46,30],[-59,-10],[-26,51],[-44,17],[-64,-34],[-39,30],[-25,-34],[-55,-39],[-47,-49],[-255,-79],[-112,27]],[[83984,62233],[89,-32],[90,-58],[127,-42],[42,9],[52,-34],[114,36],[20,-130],[61,-92]],[[84579,61890],[-163,11],[23,-72],[-76,38],[-13,19],[-60,-17],[-58,9],[-10,32],[-92,-28],[8,-66],[-13,-50],[13,-9],[20,-15],[16,-47],[4,-56],[61,-39],[1,-65],[-38,-78],[-20,8],[-56,-21],[0,-48],[130,-160],[23,-56],[28,-25],[78,-14],[-7,-108],[0,-2]],[[84378,61031],[-22,-167],[-32,-49],[2,-30],[-334,-18],[-3,15],[-81,-99],[-41,6],[-17,72],[-315,16],[27,67],[-2,56],[-87,61],[-48,-98],[5,-48],[-20,-61],[-53,-111],[-30,-19],[-43,-77],[-43,48],[-54,35],[-18,44],[-93,39],[-13,31],[-164,-77],[-22,6]],[[82877,60673],[-5,11],[-11,51],[6,64]],[[82867,60799],[-17,72],[-69,57],[-96,-35],[-42,17],[-170,176]],[[84378,61031],[384,4],[26,-26],[73,-35],[83,-16],[12,-107],[-19,-116]],[[84937,60735],[-33,-64],[-29,-25],[-55,-14],[-41,-57],[-26,-54],[-46,-61],[-36,3],[-48,-43],[-33,-61],[-61,-43],[-56,-75],[-75,-81],[-44,-65],[-24,-66],[1,-42],[19,-29],[-60,-67],[-34,-61],[-78,-163],[-33,-82],[-19,-2]],[[84126,59583],[-82,192],[-63,48],[-64,-42],[-6,-3],[-45,-22],[-66,25],[-11,-18],[-45,32],[6,86],[-13,29],[4,114],[-52,67],[-5,38],[-34,23],[-55,62],[-30,4],[-30,-33],[-55,-24],[-47,11],[-38,14],[-36,33],[-37,8],[-7,44],[-50,18],[-80,15],[-48,38],[-17,28],[-9,43],[-3,35],[-35,10],[-38,36],[-66,17],[-20,18],[-19,54],[-34,44],[-19,46]],[[84093,62859],[13,-4],[29,-4],[31,21],[23,-15],[85,56],[14,39],[75,31]],[[84363,62983],[14,-33],[226,-69],[71,-107],[371,-329],[122,20]],[[85167,62465],[-19,-66],[9,-202],[-60,-123],[-44,-57],[7,-13],[-54,-48],[-38,-4],[-123,-55],[-45,-10],[-61,14],[-42,-45],[-42,-13],[-54,14]],[[84601,61857],[-22,33]],[[84601,61857],[18,-25],[35,-3],[38,-56],[55,-11],[19,16],[73,-77],[92,13],[10,-7],[25,-41],[58,-16],[11,-25],[-1,-88],[-37,-75],[-49,-113],[25,8],[70,-46],[95,-50],[42,19],[33,-29],[12,-53]],[[85225,61198],[-73,-75],[-60,-108],[-28,-63],[-66,-97],[-61,-120]],[[84363,62983],[31,19],[48,-39],[62,36],[-32,18],[-7,33],[-33,18],[-22,97],[58,8],[41,33],[2,34],[42,16],[8,46],[45,20],[86,4],[30,15],[36,41],[16,48],[-54,56],[13,63],[71,16],[60,79],[69,18],[62,-12],[99,49],[24,4]],[[85118,63703],[59,20],[29,60],[54,-5],[52,13],[42,-37],[44,7]],[[85398,63761],[2,-3],[-80,-459]],[[85320,63299],[-5,-224],[45,-289],[13,-36],[-4,-114],[18,-36],[-106,-224],[-114,89]],[[85320,63299],[342,38],[76,13],[-80,-49],[9,-85],[42,-48],[124,5],[111,-103],[-25,-43],[-108,67],[-188,12],[67,-363],[16,-266],[282,33],[58,30],[26,-20],[23,14],[-14,64],[15,40],[111,-102]],[[86207,62536],[-48,-59],[-19,-40],[-9,-75],[-35,-63],[-27,-7],[-8,-30],[-55,-51],[-11,-33],[-46,-37],[-29,-73],[-29,-3],[-26,-43],[-40,-15],[-35,-34],[-34,-60],[-48,-59],[-23,-54],[3,-77],[-29,-1],[-22,-31],[-28,17],[-55,-18],[-87,-90],[-41,-49],[-55,-95],[-39,-48],[-78,-133],[-29,-77]],[[85398,63761],[5,32],[34,-8],[29,33],[43,-41],[-18,-47],[24,-62],[55,-28],[56,19],[52,8],[65,25],[43,37],[44,3],[41,43],[19,-2],[51,48],[20,10],[23,28],[51,26],[18,-14],[33,26],[50,-30],[56,32],[25,-57],[22,-10],[91,11]],[[86330,63843],[32,-31],[98,-28],[141,-40],[17,4],[61,-32],[42,10],[56,-21],[25,11],[60,-8],[36,-32],[5,-27]],[[86903,63649],[-36,-60],[-30,-106],[-75,-74],[-52,-107],[-3,-40],[-32,-55],[-35,-94],[-28,-14],[-5,-57],[-22,-14],[0,-36],[-26,-60],[-29,-13],[-22,-57],[-30,-27],[-25,-62],[-46,-58],[-28,-21],[-22,-43],[-84,-55],[-14,-37],[-52,-23]],[[425,68266],[61,68],[62,88],[44,73],[-26,59],[-10,87],[-26,60],[29,83],[45,53],[22,67],[10,59],[38,14],[20,42],[33,29],[40,73],[13,41],[61,53],[70,43],[55,9],[21,37],[76,75],[129,30],[49,37],[54,23],[72,19],[3,45],[55,57],[137,6],[29,19],[75,3],[38,35],[38,-19],[28,34],[5,52],[35,11],[-4,32],[69,19],[34,57],[-8,17],[22,59],[32,47],[-11,46],[31,56],[-18,39],[-37,19],[-27,80],[-12,88],[-23,10],[-10,112],[-44,44],[-28,45],[-48,46],[5,47],[-8,63],[-66,86],[-2,103],[35,49],[8,31],[-13,106],[44,32],[17,38],[48,15],[-12,38],[28,55],[-14,62],[14,40],[30,35],[-4,43],[43,75],[81,25],[-5,64],[52,18],[66,83],[48,103],[49,24],[-2,20],[42,27],[-2,33],[26,12],[13,106],[55,20],[-12,64],[-16,14],[18,79],[34,23],[-17,35],[11,78],[-15,43],[-7,65],[12,16],[3,68],[32,61],[15,58],[35,73],[30,39],[-6,23],[24,75],[64,96],[13,67],[-16,52],[18,34],[-12,102],[-36,85],[44,28],[20,32],[29,-17],[61,29],[3,74],[36,-14],[36,7],[19,35],[31,2],[15,39],[32,-22],[11,70],[60,29],[34,-30],[31,25],[58,-23],[93,68],[10,107],[83,36],[49,59],[44,1],[13,54],[36,-13],[65,32],[42,10],[-24,57],[31,20],[32,-36],[47,30],[16,33],[60,33],[5,105],[16,9],[11,52],[53,3],[53,24],[8,49],[46,4],[50,-20],[13,-31],[39,78],[16,-39],[69,33],[23,43],[30,-28],[18,46],[97,78],[32,-25],[60,54],[40,76],[44,49],[39,5],[17,37],[-4,36],[75,-47],[12,40],[36,1],[17,45],[70,8],[20,71],[30,37],[-9,45],[55,3],[38,26],[6,45],[33,-27],[26,35],[125,57],[53,9],[10,-45],[25,3],[45,47],[59,-69],[24,-2],[32,28],[42,-19],[38,3],[61,44],[6,-40],[-22,-32],[43,-36],[37,5],[64,62],[34,67],[28,-8],[10,43],[35,-3],[43,-47],[18,21],[-28,34],[20,41],[85,26],[23,-32],[28,1],[15,-39],[29,1],[34,72],[31,26],[42,-20],[51,4],[61,-26],[-9,58],[30,10],[27,-50],[28,-14],[43,36],[-11,81],[6,28],[39,-13],[50,9],[27,20],[33,-23],[-15,-29],[17,-66],[28,29],[9,57],[54,-7],[15,31],[36,-9],[45,-61],[19,23],[-4,44],[24,18],[46,-6],[1,-43],[46,25],[35,-37],[28,10],[15,32],[63,1],[16,38],[88,-26],[27,41],[49,25],[15,53],[20,22],[44,5],[1,77],[67,36],[-43,72],[81,1],[28,46],[-22,34],[10,41],[28,16],[11,34],[37,-7],[35,50],[38,17],[65,-63],[65,-10],[44,-29],[35,136],[27,50],[49,1],[12,-42],[-28,-59],[0,-34],[31,-34],[45,13],[56,37],[32,11],[43,48],[-7,33],[64,-14],[25,-53],[-27,-70],[41,-16],[18,79],[17,11],[32,-40],[28,38],[52,10],[-20,43],[16,20],[45,-16],[97,-4],[21,-49],[34,-50],[42,6],[2,56],[74,-25],[14,-26],[-6,-62],[23,-85],[-63,-43],[-7,-23],[59,-59],[7,-33],[69,45],[-3,-47],[-35,-13],[38,-44],[105,-25],[7,-84],[42,-12],[19,47],[58,30],[0,25],[-35,28],[22,78],[50,-9],[16,-15],[56,45],[14,-52],[36,12],[5,-85],[65,-25],[14,-45],[25,-7],[48,47],[68,24],[38,68],[20,88],[8,101],[36,27],[92,553],[126,805],[28,170],[185,1164],[119,754],[170,1106]],[[9796,80237],[39,1],[200,-25],[44,-21],[37,-43],[73,-24],[14,-19],[-23,-102],[148,-1],[67,-51],[64,-96],[19,-69],[69,31],[86,26],[23,-32],[55,-3],[47,-91],[2,-98],[24,-64],[-3,-77],[49,20],[53,-50],[24,-68],[49,-32],[64,-132],[22,-7],[42,39],[19,59],[37,44],[28,11],[30,-22],[31,-55],[36,-12],[50,36],[60,1],[45,19],[73,-13],[33,-17],[58,59],[39,14],[48,-12],[50,29],[37,49],[75,45],[57,17],[54,40],[41,93],[50,74],[60,-15],[34,-24],[18,15],[14,69],[24,51],[35,20],[49,-3],[36,24],[55,-13],[31,-26],[36,0],[78,-29],[40,13],[62,-4],[43,51],[29,107],[37,63],[42,0],[38,-19],[63,-12],[13,-27],[55,-49],[54,-2],[36,47],[62,5],[82,23],[45,-45],[33,18],[36,-1],[17,-45],[-17,-66],[6,-30],[73,-98],[18,-44],[104,-63],[39,54],[53,-51],[69,-5],[64,-33],[26,-36],[73,-42],[62,64],[57,-15],[31,11],[8,62],[32,29],[7,43],[-17,63],[62,50],[40,20],[8,40],[58,11],[61,63],[5,83],[17,90],[60,14],[28,30],[46,4],[15,45],[0,73],[22,48],[-9,44],[38,53],[47,7],[70,62],[55,19],[49,44],[72,39],[40,2],[29,57],[31,26],[37,9],[26,29],[-18,62],[26,62],[28,33],[29,59],[25,-48],[78,-111],[39,0],[21,-34],[-29,-73],[-42,-41],[8,-31],[56,-6],[65,-40],[29,-72],[27,-33],[32,-77],[-5,-64],[-29,18],[-49,-41],[-29,-58],[-39,-29],[-19,-42],[47,-71],[28,-83],[-2,-66],[21,-83],[116,-58],[23,1],[9,-18],[-47,-48],[-51,-32],[-64,-4],[-52,31],[-44,92],[-24,107],[-26,57],[-33,11],[1,-874],[-34,-1],[-43,43],[-35,19],[-23,-50],[-38,-11],[-34,13],[-90,-35],[-37,1],[-49,58],[-66,-29],[-21,16],[-35,-21],[-60,-11],[-81,-47],[4,-23],[-29,-54],[-35,-19],[-44,35],[-43,57],[-39,28],[-60,1],[-48,-22],[-71,-77],[-28,-97],[-25,-65],[-25,-172],[-26,-121],[-6,-87],[-31,-70],[-10,-65],[-34,-88],[-13,-62],[-6,-115],[13,-64],[-13,-20],[-39,-39],[-6,-44],[19,-38],[-49,-64],[-54,0],[-47,-41],[-59,-17],[-57,-6],[-66,30],[-119,16],[-37,-3],[-11,-56],[87,-73],[0,-67],[-30,-58],[-10,-48],[36,-53],[42,-13],[18,-34],[-12,-45],[-33,-21],[-28,-108],[6,-119],[-13,-65],[11,-61],[-45,-36],[-77,-10],[-35,-30],[-171,-15],[-32,24],[-25,86],[-21,30],[-40,17],[-48,40],[-34,-5],[-29,-29],[-50,0],[-64,-49],[-56,12],[-52,-5],[-23,-33],[-21,-67],[-28,-23],[-70,-10],[-25,52],[-112,82],[-59,89],[-49,36],[-14,39],[-35,25],[-51,-31],[-20,-58],[-32,-21],[-46,-26],[-50,-14],[-61,16],[-113,4],[-34,-15],[-24,-106],[-58,-8],[-27,37],[-36,-21],[-6,-42],[18,-67],[-6,-64],[-23,-65],[27,-57],[-42,-73],[9,-63],[46,-41],[-2,-68],[-28,-76],[-1,-41],[-20,-64],[-45,-91],[-50,-25],[-22,-59],[-46,-33],[-23,-104],[-33,-57],[-34,-101],[-1,-63],[33,-105],[-1,-63],[-13,-71],[-43,-18],[-58,-7],[-54,-21],[-26,-59],[-12,-114],[2,-289],[-26,-137],[-58,-48],[-40,-61],[-18,-115],[-68,-148],[-35,19],[-26,-8],[-29,-44],[-8,-92],[-35,-58],[-91,-24],[-33,-20],[-67,-61],[-36,-41],[-17,-73],[-22,-39],[-35,-27],[-35,-66],[-28,-85],[-34,-41],[-63,-22],[-27,14],[-39,53],[-29,-4],[-10,-37],[24,-54],[2,-62],[-10,-36],[-37,-50],[-32,-66],[-20,-81],[-27,-35],[-92,-53],[-25,-70],[-5,-107],[-11,-44],[-21,-21],[-42,-6],[-21,21],[20,51],[-61,30],[-27,-9],[-90,-69],[-100,-9],[-21,-45],[-94,-17],[-30,-35],[-60,-21],[7,-30],[-19,-32],[9,-90],[-22,-10],[-127,20],[-69,-31],[-56,-4],[-52,-35],[-7,-40],[17,-24],[54,-22],[27,-44],[12,-51],[57,-89],[18,-48],[-9,-31],[-38,-14],[-51,-77],[1,-42],[30,-118],[-6,-34],[-75,-19],[-8,-48],[34,-59],[1,-103],[-40,-129],[-13,-16],[-65,-2],[-54,-64],[-44,-198],[-30,-46],[1,-87],[29,-11],[4,-50],[-42,-68],[-19,-55],[-48,-37],[-71,-78],[-38,-13],[-36,-56],[-3,-49],[-29,-53],[23,-60],[-16,-66],[-24,-16],[-73,-150],[-45,-17],[-59,-58],[-36,1],[-72,-59],[-58,-20],[-40,-48],[-39,-8],[-33,-25],[-25,42],[-36,-8],[-33,-28],[-23,-98],[-27,-39],[-5,-45],[-38,10],[-92,-36],[-17,-41],[-86,-37],[-17,-51],[-37,-55],[-71,-70],[-16,-52],[0,-76]],[[7652,69745],[-34,-64],[-19,-92],[-49,-29],[-81,30],[-43,-21],[-32,-31],[-34,-54],[-64,-45],[-59,14],[-34,-19],[-14,-91],[-26,-40],[-60,-12],[-40,-20],[-43,10],[-23,-28],[-81,53],[-33,-38],[-33,61],[-3,64],[-41,-14],[-58,68],[-40,10],[-30,-24],[-39,8],[-91,-16],[-57,-3],[-31,-39],[3,-68],[-26,-10],[-32,32],[-32,-32],[-83,-7],[-20,-46],[-103,16],[-27,-29],[-74,29],[-44,77],[-97,24],[-40,-59],[-39,-79],[-27,-86],[-39,-4],[-7,-43],[-75,-61],[-18,-88],[-43,-49],[-54,46],[-45,-48],[-49,-1],[0,-68],[-17,-67],[-3,-69],[-26,-20],[-56,62],[-35,-9],[-3,-71],[-38,-2],[-28,-32],[-35,6],[-5,50],[32,54],[0,43],[-44,8],[-66,63],[-40,5],[-40,-90],[-59,-4],[-9,38],[-25,12],[-24,-37],[-33,19],[-32,-25],[16,-49],[-11,-43],[13,-68],[-13,-17],[-84,-24],[-135,1],[-54,19],[-33,-25],[7,-33],[-34,-13],[-67,32],[-16,-6],[-18,-71],[37,-27],[4,-43],[-50,-100],[-29,12],[-24,-28],[-50,18],[-20,-9],[-87,-61],[-36,-9],[-119,2],[-54,-10],[-28,-32],[-44,-90],[-56,-27],[-112,29],[-36,-52],[-37,-18],[-79,11],[-46,-33],[-18,29],[36,55],[-51,40],[-39,53],[-22,61],[-26,27],[-95,-12],[-27,-26],[-103,-12],[-81,47],[-33,-3],[-34,18],[-35,-10],[-39,36],[-28,59],[-51,63],[-36,81],[-33,22],[3,125],[43,5],[32,22],[-20,89],[-28,29],[-73,-1],[-99,-85],[-51,-88],[-79,-19],[-55,-33],[-29,-32],[-50,30],[-57,-11],[-62,-34],[-94,-37],[-78,-7],[-85,50],[-76,32],[-56,38],[-34,10],[-41,80],[-85,42],[-33,30],[-62,-15],[-88,9],[-85,-58],[-43,6],[-94,-22],[-75,15],[-42,-2],[-36,-19],[-38,16],[-19,42],[-80,-13],[-38,19],[-36,-9],[-30,-30],[-73,30],[-97,-22],[-36,6],[-63,-36],[-55,-9],[-7,-68],[39,-52],[-84,-88],[-23,-42],[-61,-236]],[[7652,69745],[46,-21],[33,-52],[103,-37],[110,29],[48,-35],[7,-75],[61,-5],[32,-16],[16,-71],[134,24],[27,65],[18,2],[25,-71],[34,6],[35,83],[35,28],[55,12],[25,-65],[58,-1],[56,11],[115,-60],[14,13],[8,64],[69,26],[-4,48],[30,23],[41,-21],[15,-44],[33,17],[40,49],[65,-16],[46,-29],[33,36],[16,48],[54,11],[36,-24],[32,6],[51,-49],[55,13],[23,35],[9,60],[-5,138],[31,62],[32,27],[77,29],[73,14],[33,-29],[34,17],[46,-3],[97,-26],[43,-57],[54,-2],[35,-16],[36,27],[39,116],[63,59],[165,81],[41,4],[110,-20],[27,6],[22,32],[27,108],[63,59],[35,-1],[48,-60],[69,-71],[12,-26],[-14,-90],[-46,-84],[7,-39],[37,-10],[82,69],[52,-32],[38,28],[20,44],[47,45],[44,4],[48,-20],[32,-34],[41,-18],[41,24],[53,77],[106,-42],[36,-3],[65,37],[35,-74],[31,-29],[-14,-37],[92,-9],[33,-10],[28,33],[4,58],[89,-32],[37,7],[-6,-43],[33,-25],[104,48],[69,4],[-6,87],[-37,41],[20,67],[-29,17],[11,39],[55,50],[19,-1],[40,49],[48,15],[16,70],[35,15],[30,54],[41,0],[24,33],[74,5],[52,38],[54,8],[28,30],[41,-1],[18,38],[80,84],[36,20],[9,64],[55,7],[48,38],[36,14],[3,26],[1069,14],[354,5]],[[14146,71003],[-15,-74],[16,-61],[-21,-116],[28,-61],[47,-33],[52,-157],[-11,-21],[-52,7],[-38,-26],[-21,-75],[-46,-43],[-9,-73],[-74,-57],[-46,-80],[-60,-188],[15,-38],[-32,-59],[-19,-65],[88,28],[37,-2],[69,-100],[54,-9],[31,-23],[45,30],[27,-51],[34,1],[49,22],[27,29],[33,-11],[45,33],[54,11],[51,-16],[125,103],[39,-33],[33,-3],[21,31],[51,25],[49,5],[47,96],[88,79],[49,19],[65,-3],[39,22],[7,51],[43,114],[30,29],[101,-13],[86,-3],[52,27],[73,-68],[8,-31],[48,-52],[43,2],[82,28],[33,-27],[44,6],[66,-43],[44,3],[35,-24],[41,4],[71,-51],[56,-62],[15,-51],[61,-62],[81,-17],[30,-24],[43,-4],[34,-37],[29,20],[50,-17],[63,-59],[69,-11],[17,-35],[30,14],[37,-9],[44,11],[39,-39],[30,24],[71,-6],[61,-85],[43,-16],[21,-40],[33,-1],[16,-30],[62,42],[31,-11],[-14,-53],[-56,6],[-68,-93],[3,-61],[-16,-36],[-53,-19],[-30,-35],[-18,23],[-27,-28],[-43,-11],[-27,28],[-104,-15],[-39,23],[-27,-13],[-41,-66],[-79,7],[-19,-44],[-58,-14],[-21,-31],[-88,0],[-44,-17],[-21,32],[-55,-17],[-52,-50],[-114,47],[-56,-17],[-48,26],[-45,-37],[-13,36],[-47,5],[-67,36],[-37,41],[-34,6],[-25,28],[-49,-38],[-18,-35],[-24,4],[-89,-29],[-26,18],[-49,-1],[-17,-33],[-66,5],[6,-30],[-50,-82],[-37,17],[-23,-25],[-57,10],[-28,-13],[-38,30],[-57,22],[-22,-21],[-72,31],[-28,-43],[-50,46],[-19,-60],[6,-40],[-41,-23],[-11,-37],[-25,-12],[-18,-101],[-152,-647],[-22,-90],[0,-104],[8,-55],[-14,-61],[-28,-27],[-16,-57],[-95,-62],[-24,-56],[-51,-79],[-31,-22],[-30,25],[-35,4],[-7,39],[-22,30],[-1,40],[-30,48],[-16,-9],[-50,26],[14,57],[-37,64],[-2,40],[-35,15],[-65,4],[-9,-17],[-48,27],[-37,0],[-30,22],[-51,-18],[-16,9],[-52,-23],[-34,11],[-15,-36],[-43,27],[61,51],[-13,79],[-30,23],[8,33],[-22,57],[-29,27],[-48,-22],[-25,30],[-86,16],[-33,-13],[-41,31],[-51,55],[-51,-15],[-29,-54],[-32,-15],[-52,9],[-35,-44],[-32,20],[-25,-30],[-37,-3],[-11,56],[-44,28],[-11,-16],[-70,-26],[-89,-65],[-104,48],[-58,-40],[-93,-12],[-17,27],[-27,-21],[-27,25],[-35,2],[-51,23],[-11,40],[-57,-51],[6,-40],[-14,-36],[33,-74],[-36,-72],[-35,-9],[-25,26],[-33,-14],[-19,60],[-54,13],[1,46],[-41,43],[-32,13],[12,44],[-27,50],[-114,98],[-71,4],[-34,-9],[-24,-31],[-35,-10],[-83,35],[-37,-1],[-51,23],[-77,-23],[-52,13],[-35,-13],[-52,9],[-17,34],[-30,2],[-17,37],[-31,-19],[-39,14],[-28,40],[-47,13],[-47,-46],[-35,7],[15,54],[30,44],[-28,23],[-33,-8],[-28,-54],[-28,-2],[-10,39],[-40,-33],[-14,57],[-35,-7],[-39,34],[-16,60],[3,79],[-14,13],[-60,-11],[-16,26],[-45,14],[-55,-84],[-42,-38],[-52,-28],[-15,18],[-45,-40],[-51,10],[-34,-18],[-82,7],[-65,-36],[-56,-91],[3,-32],[-64,-29],[-44,-37],[-55,-14],[8,-59],[64,-44],[-5,-63],[-63,-26],[-14,-57],[27,-54],[10,-72],[-40,-69],[-4,-59],[20,-32],[-8,-59],[-51,-58],[34,-57],[12,-57],[-56,-24],[-19,-57],[35,-58],[-27,-53],[-29,-24],[-43,-123],[-28,-52],[23,-33],[-66,-97],[-6,-49],[33,-45],[39,-36],[-32,-71],[-64,-11],[-38,-70],[9,-42],[-31,-46],[-70,-38],[-20,-38],[-37,-29],[-52,16],[-57,-85],[-30,-4],[-44,-55],[-8,-51],[-56,-11],[-14,-60],[31,-45],[-10,-81],[-26,-30],[5,-65],[25,-54],[-31,-110],[11,-103],[55,-55],[-3,-68],[-24,-29],[1,-38],[-43,-22],[49,-29],[48,13],[-5,-46],[3,-112],[21,-86],[-16,-43],[17,-14],[10,-79],[-23,-150],[23,-32],[-5,-44],[18,-36],[-14,-65],[-32,-51]],[[9796,80237],[216,1385],[142,944],[-9,97],[50,91],[-4,104],[18,79],[65,40],[0,43],[-21,52],[1,104],[-5,29],[-44,102],[1,45],[36,97],[2,74],[33,34],[-5,78],[-54,78],[-8,27],[9,61],[-42,33],[48,92],[-43,15],[-20,-9],[-32,36],[1,43],[-47,43],[-39,21],[-13,24],[-43,28],[9,92],[-34,62],[-22,3],[-57,48],[32,49],[-33,56],[-85,79],[5,22],[-28,76],[23,21],[30,62],[30,39],[26,89],[1,61],[-34,8],[-14,42],[-23,16],[26,83],[-29,59],[-19,11],[8,69],[-49,39],[-26,39],[-93,36],[-29,26],[-41,10],[-48,37],[-51,76],[-30,27],[-108,50],[-48,90],[-38,-7],[-48,10],[-20,-12],[-69,45],[-31,65],[-60,55],[-74,128],[-52,43],[-83,80],[-2,73],[21,32],[16,56],[-5,48],[-5,230],[-1,215]],[[8827,86665],[56,-3],[52,-20],[24,-34],[-4,-102],[11,-31],[52,-13],[21,-25],[10,-59],[2,-80],[10,-27],[47,-44],[33,-15],[25,-58],[26,-31],[38,0],[41,51],[79,13],[18,29],[15,65],[19,19],[34,-9],[37,-54],[-5,-67],[8,-60],[49,-50],[63,-11],[66,11],[38,-20],[29,-49],[96,-67],[-7,-147],[8,-83],[27,-39],[37,-22],[71,-10],[93,-58],[31,-27],[5,-76],[20,-20],[43,17],[51,-7],[30,11],[28,-16],[27,-44],[50,-37],[46,-99],[19,-16],[80,-15],[32,-53],[57,-29],[54,4],[60,21],[85,-31],[50,-38],[46,13],[46,-1],[28,46],[50,14],[43,27],[69,-8],[5,26],[36,20],[87,-6],[35,15],[89,-24],[104,-52],[53,-51],[74,-12],[76,-49],[158,-38],[39,-34],[45,-64],[14,-37],[55,-55],[28,-58],[16,-9],[25,-109],[143,-101],[101,-25],[36,11],[52,-8],[90,4],[58,52],[34,-6],[51,14],[124,83],[34,46],[39,-3],[16,27],[62,3],[55,25],[11,-17],[83,2],[13,-13],[9,-828],[1,-1242],[75,-41],[85,2],[62,42],[58,20],[95,-12],[68,-28],[64,-57],[66,-12],[59,22],[54,49],[50,19],[70,-12],[101,-75],[46,-24],[52,-6],[138,40],[74,-140],[-6,-75],[24,-41],[42,-13],[79,-59],[62,-28],[84,-3],[113,30],[41,-19],[59,-44],[19,2],[36,83],[57,35],[30,-4],[47,20],[52,6],[72,-26],[44,4],[44,24],[83,1],[59,11],[93,57],[76,6],[58,-5],[98,-33],[74,9],[122,-49],[81,13],[66,-7],[77,23],[97,-7],[83,-58],[73,1],[107,57],[61,77],[72,40],[45,15],[59,35],[66,14],[59,30],[39,33],[56,71],[28,9],[51,-11],[69,25],[42,-14],[10,-25],[-18,-124],[20,-46],[39,-31],[64,-15],[65,53],[43,74],[61,71],[109,50],[99,78],[55,29],[59,19],[215,24],[44,-8],[89,11],[66,-21],[42,-30],[39,-71],[35,-29],[96,-4],[77,-54],[54,-23],[84,14],[50,-1],[83,-45],[32,-45],[19,-60],[-1,-50],[-18,-75],[16,-79],[53,-55],[27,-13],[101,7],[39,-20],[39,-76],[4,-51],[-6,-128],[27,-66],[40,-13],[26,31],[2,40],[37,68],[63,27],[41,-5],[66,-49],[86,-35],[53,-6],[40,-21],[45,-18],[138,25],[44,-15],[36,-42],[31,-89],[6,-99],[-14,-168],[26,-58],[79,-38],[57,8],[58,25],[60,-20],[37,41],[14,53],[34,50],[75,55],[29,12],[67,0],[21,-32],[-34,-258],[47,-67],[8,-47],[-25,-127],[12,-40],[98,25],[44,51],[67,16],[55,-12],[22,14],[36,68],[81,27],[64,46],[39,-3],[28,-46],[9,-52],[-15,-82],[-30,-77],[-8,-58],[24,-53],[78,-81],[6,-50],[41,5],[34,-22],[31,-53],[22,42],[36,4],[43,-33],[84,-23],[48,25],[18,113],[16,28],[76,-12],[65,-38],[58,-20],[90,-117],[1,-29]],[[21535,80686],[-80,-16],[-32,-34],[-58,11],[-16,-9],[-8,-112],[-85,20],[-67,6],[-17,-50],[25,-104],[59,-135],[3,-78],[28,-28],[36,2],[10,-45],[-17,-88],[20,-38],[65,-56],[-4,-66],[28,-91],[-15,-41],[11,-27],[36,-15],[93,-14],[62,-60],[-7,-66],[-40,-54],[-126,6],[-49,-58],[-55,8],[-98,-4],[-14,-23],[28,-35],[-7,-43],[26,-45],[33,-16],[43,-106],[32,-26],[-16,-36],[-3,-67],[15,-46],[-8,-35],[44,-69],[44,-13],[10,-29],[82,-90],[38,-10],[37,-50],[-4,-104],[21,-51],[62,-11],[12,36],[38,12],[-4,-47],[49,3],[-29,-43],[-3,-72],[-36,10],[-5,-65],[70,-38],[54,-82],[22,-47],[37,-16],[19,-43],[23,29],[28,-25],[39,-6],[16,-39],[-22,-53],[27,-39],[33,29],[34,4],[18,-37],[4,-64],[34,3],[20,-75],[-53,-30],[-45,2],[-9,-65],[-44,-75],[2,-61],[34,-17],[-55,-79],[0,-64],[16,-14],[81,-28],[15,-39],[41,20],[43,-15],[36,-52],[-44,-10],[0,-28],[89,-22],[27,-37],[6,-72],[14,-14],[48,50],[37,6],[13,-62],[68,45],[-8,-47],[28,-18],[40,-55],[-8,-18],[-49,18],[5,-42],[32,-24],[-10,-143],[24,-37],[35,-20],[42,-64],[82,-17],[42,46],[87,0],[37,-9],[15,-36],[-57,1],[-172,-29],[-177,-6],[-29,28],[-51,96],[9,49],[-31,99],[-53,14],[-14,-13],[-121,6],[-11,-162],[-36,37],[-41,-18],[-73,-80],[-36,-52],[4,-46],[-19,-93],[-53,-16],[-68,-43],[-56,-13],[-39,-55],[-11,-41],[-45,-61],[-54,-9],[-46,-48],[-37,-8],[-79,20],[-54,-29],[-89,-11],[-80,53],[-93,21],[-36,-13],[-51,-66],[6,-42],[-12,-68],[-35,-54],[-63,-28],[-39,-51],[-42,-89],[-28,-22],[-41,6],[-40,24],[-30,-22],[-19,-44],[-9,-95],[-21,-42],[-102,-28],[-32,-40],[-52,-115],[-49,-37],[-62,-19],[-59,16],[-61,-31],[-62,-8],[-76,38],[-33,-29],[-21,-41],[-27,-131],[-5,-133],[-34,-57],[-32,-21],[-100,-28],[-38,-47],[-32,-112],[-138,-125],[-75,-53],[-87,-86],[-67,-15],[-71,8],[-77,43],[-24,-10],[-9,-45],[-30,-67],[-53,-33],[-59,-3],[-34,-32],[-36,-210],[-19,-40],[-101,-98],[-57,-100],[-73,-76],[-11,-41],[19,-112],[-13,-42],[-45,-53],[-58,-109],[-57,-20],[-41,-1],[-44,-32],[-24,-86],[-2,-70],[29,-19],[56,16],[34,-31],[-12,-42],[-90,-97],[-22,-42],[9,-85],[40,-99],[4,-98],[-32,-29],[-40,20],[-42,44],[-34,-12],[-24,-32],[-37,-9],[-76,18],[-59,-21],[-51,-41],[-41,-56],[-39,-83],[-26,-151]],[[18104,72558],[-28,-4],[-63,80],[-53,22],[-74,-47],[-75,-13],[-97,9],[-43,41],[21,60],[-16,16],[-54,7],[-26,-32],[-37,-20],[-31,53],[-78,6],[-170,28],[-57,-10],[-31,-28],[-64,-38],[-35,10],[-33,-22],[-49,-60],[-89,-46],[-148,-4],[-51,-28],[-33,15],[-12,45],[-32,24],[18,43],[-25,61],[-33,10],[-15,-33],[27,-34],[-21,-63],[1,-44],[-23,-81],[-105,-52],[-24,-61],[-63,-47],[-10,-46],[-25,-31],[-45,-1],[-22,36],[-90,-7],[-32,-16],[-36,19],[6,41],[-29,21],[-31,-19],[-107,27],[-63,44],[-39,15],[0,114],[-85,70],[-38,13],[-41,-62],[-1,-62],[-32,-80],[-32,-14],[-36,15],[-39,-59],[-108,-102],[-53,-30],[-21,-64],[-1,-69],[-83,11],[-17,-27],[-71,-40],[-19,-34],[7,-86],[48,-35],[3,-22],[-97,-87],[-94,-175],[-62,-85],[-16,10],[-19,60],[-2,47],[-51,21],[-94,-41],[-32,-27],[6,-48],[22,-43],[41,-45],[-18,-59],[-79,-20],[-54,-30],[-46,14],[-4,62],[-118,-4],[-64,-50],[-36,-2],[-38,-81],[-23,-125],[-36,5],[-57,51],[-35,51],[-67,40],[-34,-23],[-55,-2],[-13,-43],[5,-91],[24,-70],[32,-8],[19,-40]],[[8827,86665],[2,459],[5,798],[38,-2],[8,-37],[42,-7],[28,51],[45,26],[12,-25],[53,-18],[38,28],[24,52],[43,-6],[18,-21],[60,13],[65,26],[41,-19],[9,-27],[52,60],[49,25],[31,43],[22,-19],[34,6],[16,67],[41,25],[45,45],[71,-25],[30,-62],[62,-19],[27,25],[8,52],[55,34],[0,30],[73,-1],[-2,42],[34,34],[21,-3],[28,40],[36,20],[43,-17],[7,-34],[49,-15],[1,-40],[60,-50],[2,-35],[90,-86],[22,-40],[39,40],[68,25],[22,31],[35,-76],[-28,-42],[50,-1],[23,14],[60,-15],[59,18],[43,107],[28,12],[106,-25],[41,9],[-66,135],[-80,56],[-15,64],[32,35],[46,6],[16,45],[-14,69],[-33,48],[0,60],[53,1],[15,64],[-81,65],[-29,0],[-13,77],[61,34],[-23,35],[-73,32],[-32,33],[38,37],[-21,53],[-117,113],[-55,-5],[-71,86],[-61,-6],[-28,-14],[-41,19],[-14,-33],[-68,-77],[-43,13],[-4,59],[-125,19],[-63,-22],[-101,3],[-47,20],[-43,43],[-54,-26],[-41,1],[-50,-20],[-29,-29],[-55,36],[6,56],[-9,37],[-45,-28],[-54,8],[-67,-45],[-39,-71],[-63,-4],[-32,34],[-1,535],[-1,527],[6,566],[36,-11],[11,-29],[60,13],[58,36],[38,38],[92,27],[23,-15],[39,9],[3,-29],[54,2],[122,71],[80,33],[34,37],[109,-50],[37,-26],[66,-7],[14,13],[56,-19],[93,-70],[461,10],[398,-4],[679,0],[1209,-1],[-6,47],[-44,10],[22,43],[-41,36],[-33,4],[-40,-33],[-36,-2],[-19,57],[25,90],[-74,-7],[7,86],[23,46],[23,123],[77,89],[22,-1],[36,46],[37,15],[17,-18],[40,18],[41,-49],[18,-55],[26,-20],[34,-90],[50,-9],[49,5],[42,-37],[46,-64],[68,-71],[70,-5],[26,11],[18,44],[36,36],[-14,81],[68,13],[51,44],[54,65],[8,30],[31,25],[87,165],[23,21],[43,2],[118,-43],[59,-9],[114,10],[28,30],[47,128],[63,53],[16,91],[65,73],[47,23],[118,74],[21,65],[17,21],[47,13],[47,-7],[55,-35],[47,-64],[7,-48],[8,-227],[16,-51],[8,-124],[21,-73],[37,-191],[30,-98],[20,-32],[76,-45],[34,6],[122,-9],[38,-21],[39,-57],[35,-71],[19,-81],[41,-89],[-9,-68],[4,-63],[30,-61],[10,-50],[8,-241],[-1,-114],[12,-69],[2,-77],[-18,-106],[-19,-196],[-2,-95],[8,-82],[-3,-62],[10,-73],[-11,-93],[517,162],[576,-590],[629,-627],[236,65],[55,-5],[13,-29],[70,-58],[67,19],[15,29],[58,-11],[28,24],[-5,27],[19,67],[31,-8],[40,26],[47,-31],[54,18],[48,-3],[44,78],[13,42],[28,25],[-7,50],[25,24],[38,-6],[60,32],[18,53],[25,22],[69,24],[34,31],[51,5],[13,20],[46,5],[14,44],[23,3],[25,44],[61,-5],[38,17],[19,-34],[76,54],[62,-59],[-5,52],[38,13],[8,-25],[48,11],[29,-61],[32,-23],[36,-1],[13,-71],[62,-83],[-8,-78],[19,-84],[-46,-71],[-55,-128],[-17,8],[-39,-34],[-5,-51],[-34,-59],[33,-26],[28,-92],[23,-44],[29,-25],[23,50],[67,10],[12,16],[95,18],[65,58],[5,62],[53,46],[-6,81],[8,23],[-36,64],[33,15],[15,58],[32,13],[8,40],[48,21],[-10,30],[30,22],[31,98],[17,-9],[42,36],[87,-21],[52,-33],[72,20],[26,-46],[33,30],[39,72],[2,49],[37,101],[-44,5],[29,116],[6,154],[65,48],[7,29],[36,26],[34,-27],[37,19],[24,-41],[-12,-47],[98,-11],[35,36],[34,55],[47,58],[22,42],[-20,71],[40,37],[18,-41],[39,-3],[44,70],[35,16],[10,-41],[39,23],[36,58],[-20,15],[82,66],[33,49],[16,-10],[32,-63],[-10,-42],[29,-29],[37,-70],[39,-14],[54,34],[18,32],[28,103],[38,-19],[55,19],[57,74],[52,40],[46,4],[33,43],[-15,55],[20,20],[46,86],[51,23],[-2,24],[69,19],[54,65],[51,31],[34,-22],[53,69],[39,72],[103,-22],[6,-41],[-19,-47],[-37,-33],[-2,-37],[-37,-69],[-20,-89],[51,-21],[40,9],[37,-15],[30,27],[10,41],[-2,65],[53,82],[78,42],[13,39],[48,30],[55,-8],[46,42],[3,46],[42,52],[69,50],[40,-12],[31,30],[11,45],[27,26],[18,59],[26,32],[23,60],[9,65],[-24,62],[7,56],[-20,29],[35,79],[16,92],[-2,39],[-34,30],[21,77],[0,123],[96,53],[52,73],[45,30],[83,-5],[35,-17],[36,22],[43,-23],[75,-10],[18,-37],[36,10],[14,59],[87,-24],[55,57],[44,-11],[3,43],[80,76],[33,-37],[-8,-22],[54,-16],[16,42],[-3,83],[39,-2],[50,62],[11,45],[25,2],[27,33],[57,11],[16,20],[57,-3],[98,-40],[38,28],[20,37],[50,-40],[52,15],[52,40],[20,93],[-14,42],[51,32]],[[23761,92158],[28,-38],[110,-82],[62,-29],[45,8],[106,48],[48,14],[64,-2],[53,-20],[7,-76],[42,-119],[28,-44],[49,-46],[18,-39],[53,-44],[67,-36],[96,7],[72,34],[64,-15],[182,-22],[22,-8],[35,-55],[187,-80],[33,-25],[26,-44],[10,-56],[-12,-97],[-60,-143],[-1,-48],[20,-197],[-14,-58],[-61,-62],[-90,-115],[-20,-52],[0,-49],[52,-49],[102,-109],[12,-77],[23,-29],[49,-33],[49,-54],[83,-42],[44,-88],[-14,-48],[13,-57],[22,-26],[19,-69],[11,-91],[46,-161],[39,-102],[14,-54],[17,-117],[35,-82],[20,-13],[110,6],[-15,-76],[8,-103],[66,-105],[6,-43],[-24,-61],[-31,-28],[-39,-122],[8,-86],[34,-35],[16,-75],[-10,-58],[-83,-74],[-74,-120],[-11,-67],[44,-209],[-12,-97],[-20,-120],[22,-60],[10,-107],[21,-10],[54,36],[59,-93],[6,-65],[22,-34],[-33,-67],[-13,-51],[18,-50],[-18,-116],[28,-63],[3,-93],[32,-32],[32,-106],[-10,-89],[10,-69],[21,-45],[54,-37],[45,-14],[54,-63],[53,-138],[-1,-97],[12,-58],[-4,-46],[58,-66],[7,-28],[51,-63],[51,-28],[0,-94],[-18,-21],[0,-44],[26,-61],[-27,-28],[40,-117],[36,16],[70,-51],[-12,-20],[-4,-66],[-24,-32],[9,-41],[-34,-17],[-22,-67],[-104,-73],[-47,-137],[-32,-17],[11,-52],[-32,-46],[22,-38],[-3,-41],[43,-48],[-22,-22],[29,-71],[-48,-57],[-40,11],[-32,-50],[-66,-2],[8,-86],[-34,10],[-55,-54],[-8,44],[-40,44],[-92,-2],[-38,32],[-20,-58],[-29,-26],[5,-43],[25,-51],[-34,-21],[20,-58],[46,-34],[34,15],[9,-33],[63,-5],[29,-22],[55,-20],[4,-22],[40,-20],[25,-104],[18,6],[37,-75],[26,-29],[26,3],[10,-41],[32,-27],[58,-29],[30,-61],[71,6],[52,-24],[9,-45],[63,-14],[8,-21],[56,-59],[40,0],[31,-59],[-15,-42],[41,-52],[84,-7],[51,-48],[49,-60],[63,-154],[3,-38],[48,-67],[22,-59],[15,-80],[51,-60],[46,-91],[3,-60],[20,-41],[61,-16],[66,2]],[[27190,82900],[51,4],[42,48],[64,-6],[64,-23],[51,-46],[135,-52],[50,-10],[68,-36],[45,-41],[57,-79],[33,-79],[139,-140],[18,4]],[[28007,82444],[27,-72],[88,-34],[21,-43],[-8,-79],[11,-91],[-26,-137],[10,-92],[45,-95],[30,-86],[8,-81],[-15,-12],[-69,4],[-94,-10],[31,-68],[-8,-42],[-40,-7],[-53,-45],[-16,8],[-68,148],[-11,108],[-82,4],[-49,-25],[-11,28],[9,60],[-12,20],[-58,-3],[-33,18],[-29,-28],[18,-52],[-20,-39],[-26,8],[-34,-53],[-24,8],[-73,-24],[-30,24],[-44,-38],[33,-48],[-17,-17],[-61,4],[-29,-42],[-34,-19],[-46,50],[-40,10],[-19,-37],[-65,5],[13,50],[-16,10],[-81,-39],[13,-26],[-18,-28],[-35,29],[-13,-21],[35,-37],[-48,-13],[-39,-94],[-37,1],[-23,-24],[-3,-40],[-67,18],[7,49],[-35,26],[-21,36],[-57,-66],[-26,-93],[26,-31],[-25,-41],[-57,22],[-20,-70],[-75,-72],[-17,-57],[-65,30],[-42,-4],[-37,-67],[-32,44],[-121,-70],[-23,31],[-74,-45],[-41,-72],[-55,-26],[-140,-34],[-50,-40],[-69,-35],[-37,-6],[-71,-70],[-58,-3],[-10,-17],[-114,0],[-41,-17],[-38,10],[-130,6],[-32,-28],[-39,-4],[-43,-39],[-75,-37],[-54,-14],[-73,-44],[-12,-41],[-49,-105],[-42,-44],[-103,-4],[-107,-43],[-36,-34],[-41,9],[-18,-81],[-77,15],[-67,-14],[-47,0],[-35,-21],[-79,-5],[-48,20],[-80,5],[-50,40],[-51,80],[-58,13],[-29,-27],[-32,-54],[-82,-70],[-46,4],[-77,47],[-39,57],[-15,88],[-23,47],[-40,34],[-96,-25],[-40,11],[-63,63],[-63,16],[-35,-24],[-55,-63],[-54,-4],[-82,35],[-41,-28],[-29,-86],[-55,-40],[-117,-3],[-45,23],[-42,-5],[-39,-25],[-37,-7],[-69,14],[-115,-13]],[[22451,80225],[-37,57],[-7,126],[-66,115],[0,64],[16,81],[-6,76],[21,68],[-44,72],[3,67],[-39,2],[-104,-77],[-24,-3],[-69,28],[-40,4],[-47,20],[-19,36],[-11,67],[-36,46],[-37,26],[-71,-9],[-46,-44],[-9,-59],[2,-117],[-6,-32],[-60,-30],[-37,-61],[-24,-67],[-53,-28],[-66,33]],[[18104,72558],[56,-29],[69,-113],[52,-14],[80,15],[31,30],[42,74],[51,14],[45,-175],[47,-84],[53,-16],[88,78],[37,-12],[20,-117],[70,-104],[89,-74],[80,-30],[92,-50],[56,12],[65,62],[61,19],[33,-22],[45,-78],[29,-26],[76,-12],[70,-41],[39,-85],[39,-15],[59,30],[95,86],[42,10],[42,-18],[72,-74],[35,-49],[41,-6],[118,25],[100,-5],[104,-32],[114,-65],[97,-6],[109,-46],[50,-4],[41,10],[41,44],[78,43],[41,57],[49,45],[11,40],[47,38],[103,33],[35,4],[40,-41],[71,26],[36,50],[6,91],[49,88],[20,95],[46,30],[38,6],[86,70],[72,43],[81,63],[148,17],[54,39],[27,38],[72,46],[61,-3],[58,10],[35,28],[18,43],[2,55],[40,48],[51,100],[19,91],[26,35],[181,79],[40,67],[98,42],[63,61],[67,45],[61,13],[71,50],[63,14],[55,29],[47,-4],[86,-64],[37,-15],[76,18],[39,-9],[71,-42],[63,-4],[189,18],[95,54],[60,20],[37,56],[9,62],[22,56],[2,137],[11,26],[75,70],[54,93],[67,52],[28,84],[12,77],[21,70],[32,68],[65,55],[109,20],[79,67],[75,17],[58,30],[93,59],[23,65],[0,66],[-11,42],[-74,128],[-15,89],[19,41],[61,-17],[12,-84],[51,-58],[106,-69],[62,-4],[76,21],[84,-105],[-31,-77],[30,-55],[27,-78],[-14,-88],[-19,-33],[19,-42],[52,-32],[46,-72],[38,-25],[36,19],[35,-3],[28,-33],[25,-107],[-4,-43],[-25,-34],[-64,-56],[8,-63],[34,-13],[54,30],[19,42],[14,75],[26,30],[39,11],[163,-256],[556,-616],[505,-561]],[[26601,72499],[-50,-116],[-78,-117],[-256,-458],[-122,-222],[-209,-254],[-49,-54],[-92,-75],[-49,-91],[-15,-40],[-81,-155],[-54,-92],[-179,-243],[-92,-95],[-50,-42],[-39,-46],[-56,-96],[-29,-60],[-63,-97],[-91,-87],[-32,-50],[-42,-68],[-31,-86],[-91,-117],[-24,-59],[-28,-185],[-38,-177],[-84,-210],[-91,-156],[-293,-4],[6,-35],[32,-37],[4,-106],[-6,-52],[62,-96],[-94,-112],[-20,15],[-33,-31],[-37,-10],[26,-61],[-33,-24],[-17,-39],[-75,-20],[-31,-35],[-71,-21],[12,-34],[-10,-93],[-19,-80],[-23,-45],[55,-21],[-1,-46],[45,-49],[-54,-75],[31,-130],[-17,-50],[70,-7],[38,-23],[10,-31],[-10,-55],[-27,-26],[-14,-43],[-29,31],[-40,20],[-73,-11],[-3,-74],[47,-22],[19,-34],[-45,-89],[-27,-24],[-20,-49],[-65,-26],[-12,-58],[-38,-22],[-10,-63],[-42,-25],[-14,-46],[33,-45],[35,-21],[-1,-50],[35,-17],[-28,-67],[-18,-96],[-28,-27],[-83,-27],[-43,3],[-20,-34],[-84,-67],[-39,-46],[-35,-21],[-11,-64],[-29,-24],[-88,-8],[-37,-17],[-27,-66],[31,-29],[-8,-29],[10,-162]],[[23205,66069],[-13,-120],[11,-35],[-38,-45],[-27,-49],[-37,-39],[11,-50],[-17,-53],[-53,-94],[-67,-43],[-40,-38],[-16,-46],[58,-106],[-54,-53],[-30,-54],[-30,-76],[-39,-32],[-77,69],[-49,29],[-52,16],[-54,-34],[-36,-68],[-47,10],[-28,-17],[-2,-145],[-71,-56],[-2,-27],[54,-20],[33,-35],[-4,-27],[-73,-67],[6,-54],[60,-70],[-4,-61],[50,-22],[-3,-42],[-48,-87],[-90,61],[-11,-81],[-30,-22],[-1,-41],[-26,-27],[1,-39],[-43,-66],[17,-57],[-69,14],[-37,-7],[-44,-40],[-66,30],[-42,-67],[-4,-86],[35,-73],[-14,-39],[-51,-59],[21,-76],[-6,-42],[22,-143],[-17,-35],[-57,-5],[-130,-81],[-53,10],[-122,-21],[-33,43],[37,116],[-49,10],[-109,-41],[-149,-77],[-55,8],[-56,-14],[-84,7],[-37,-5],[-41,-35],[-23,9],[-20,-54],[-52,-18],[-68,25],[-67,-21],[-27,55],[-35,13],[-32,-14],[-38,-48],[-69,-20],[-37,66],[-31,21],[-36,2],[-71,-22],[-70,-46],[-37,-44],[-15,-37],[-52,2],[4,-81],[-55,-128],[2,-61],[12,-15],[32,-169],[-30,-52],[-7,-39],[-60,-95],[-52,2],[-32,-32],[-3,-34],[-25,-28],[16,-38],[-36,-6],[-39,-35],[8,-39],[-40,-70],[-54,3],[-33,-22],[8,-40],[-56,-20],[-65,-36],[-27,25],[-68,26],[2,51],[25,56],[-51,26],[17,78],[-46,90],[-6,78],[-78,55],[-53,-15],[-83,-72],[-79,-46],[-19,-35],[-59,-3],[-36,-39],[-36,44],[-68,27],[-17,-87],[4,-64],[-24,-78],[30,-48],[25,-99],[-55,-30],[-25,28],[-20,-34],[-59,7],[-8,57],[-35,2],[-58,54],[-89,31],[-120,-50],[-18,-36],[-66,-10],[-4,-126],[-34,-19],[-40,-95],[-35,-47],[-46,25],[-14,-40],[-32,10],[-16,-32],[-49,-19],[-12,37],[-28,22],[-16,82],[-52,-6],[4,41],[-31,14],[-46,60],[-55,-1],[-28,25],[-31,78],[-44,29],[-42,60],[-36,0],[-36,22],[-90,5],[-38,-40],[-93,10],[-51,14],[-68,-30],[-43,-36],[-70,22],[-86,-9],[-37,47],[-69,-4],[14,-50],[-52,-12],[-25,43],[-51,-18],[-26,27],[-48,-25],[-77,50],[-13,-39],[42,-40],[16,-68],[-8,-93],[-81,-84],[-23,-54],[-64,-72],[-61,-49],[-13,-82],[-81,-26],[-33,-37],[-78,-40],[-51,23],[-33,-41],[-136,-87],[-16,-49],[-75,-57],[-74,-11],[-38,19],[-11,-99],[-58,-59]],[[22451,80225],[1,-56],[-54,-99],[-15,-58],[-1,-70],[10,-26],[44,-26],[41,4],[59,25],[49,7],[50,-11],[88,12],[40,34],[67,-24],[47,-92],[38,-145],[47,-112],[5,-62],[28,-115],[-8,-51],[-24,-53],[9,-55],[29,-27],[46,1],[65,43],[73,29],[46,51],[55,16],[46,45],[87,23],[62,53],[36,51],[41,25],[139,-9],[60,13],[62,-5],[93,10],[47,-28],[55,-104],[41,-115],[50,-60],[66,-44],[43,-8],[54,19],[69,-6],[43,8],[42,29],[61,15],[67,-58],[22,-9],[113,-10],[68,-23],[31,-70],[10,-113],[-11,-53],[-26,-68],[-14,-73],[28,-21],[61,14],[147,2],[71,-41],[36,-3],[44,-51],[31,-54],[42,-46],[37,-24],[66,-12],[124,0],[97,-35],[67,-84],[54,-44],[70,-109],[46,-98],[44,-144],[9,-79],[-1,-98],[20,-150],[28,-31],[63,-20],[82,-2],[126,10],[26,-37],[51,1],[10,21],[-13,108],[18,67],[32,19],[137,39],[63,39],[33,37],[58,105],[52,37],[33,-26],[20,-36],[5,-73],[-24,-181],[16,-69],[23,-38],[71,-49],[-2,-48],[28,-86],[-18,-103],[3,-70],[47,-57],[114,-41],[72,-47],[73,-82],[56,-17],[107,13],[91,75],[45,0],[52,-34],[104,-1],[58,-62],[32,-13],[40,11],[29,29],[79,4],[53,-32],[17,-33],[171,-3],[97,106],[64,46],[167,-181],[407,-12],[14,-54],[-32,-72],[34,-13],[-8,-87],[35,5],[48,-23],[52,9],[55,-5],[39,-69]],[[28969,76697],[-13,-112],[-23,-56],[-60,-79],[-35,-11],[-45,-42],[-30,-51],[-60,-42],[-2,-61],[2,-364],[41,38],[103,-19],[64,31],[30,-19],[23,30],[43,88],[36,2],[33,-54],[35,5],[33,-15],[2,-69],[94,3],[16,-38],[34,-11],[23,-48],[44,33],[41,-32],[29,43],[82,-55],[-50,-150],[-52,-125],[-339,-340],[-20,-22],[-355,-310],[-182,-215],[-49,-87],[-49,-128]],[[28413,74415],[-35,-95],[-22,-35],[-225,-235],[-55,-95],[-104,-63],[-83,-67],[-90,-87],[-40,-48],[-92,-87],[-286,-293],[-35,-33],[-212,-162],[-141,-162],[-63,-56],[-107,-41],[-39,-43],[-145,-228],[-38,-86]],[[28007,82444],[3,131],[-18,25],[-64,28],[-31,42],[-35,120],[-19,37],[-58,2],[-18,49],[-47,6],[-36,32],[43,69],[39,37],[-7,38],[-93,114],[43,41],[-3,65],[30,75],[17,67],[32,32],[-19,52],[35,82],[-25,49],[26,35],[-27,29],[24,35],[47,9],[7,92],[-38,65],[-1,56],[-51,14],[9,68],[-12,49],[14,69],[45,43],[1,75],[33,30],[-15,33],[-5,96],[23,98],[21,32],[36,14],[83,80],[15,79],[36,68],[48,-3],[19,13],[-5,49],[49,7],[37,35],[97,58],[47,-7],[63,55],[51,0],[99,32],[16,11],[0,52],[17,16],[-15,70],[32,18],[23,-19],[56,-5],[35,-19],[20,42],[44,4],[37,-25],[56,18],[53,-33],[19,-65],[48,-27],[20,13],[55,-41],[56,-7],[89,7],[33,12],[19,-66],[-9,-75],[18,-35],[57,-65],[49,18],[26,-31],[-6,-52],[20,-41],[69,-3],[33,-23],[10,-71],[-9,-42],[36,-10],[45,-32],[-29,-77],[39,-11],[-7,-85],[11,-34]],[[29618,84332],[-43,-62],[6,-72],[-22,-143],[-13,-46],[-3,-65],[-25,-15],[10,-62],[39,-71],[43,-42],[5,-27],[-48,-1],[-14,-25],[-40,-9],[-44,16],[-15,-15],[3,-86],[-23,-49],[-46,28],[-12,-18],[37,-78],[-13,-62],[27,-37],[-31,-45],[27,-36],[-29,-49],[-37,5],[-41,-17],[-36,36],[-52,-33],[-10,-42],[-45,0],[-24,-76],[92,-16],[15,21],[65,-5],[8,-64],[47,-28],[33,-35],[25,-124],[-38,-27],[-4,-43],[62,-11],[-7,-56],[24,-22],[31,56],[58,21],[67,-15],[28,-33],[148,-80],[33,-44],[58,-25],[41,-30],[46,-50],[20,-62],[1,-81],[-61,-98],[-37,-117],[18,-85],[-15,-68],[-3,-115],[18,-88],[15,-21],[-10,-83],[43,-46],[47,-69],[38,-20],[95,4],[96,-9],[45,-38],[21,-34],[194,-12],[-20,-23],[-103,-65],[-9,-21],[-142,-50],[-52,-3],[-87,38],[-37,-8],[-33,16],[-57,2],[-20,-25],[-32,-97],[-69,-71],[-34,-1],[-10,-59],[-21,-27],[41,-58],[-81,-109],[-48,-15],[-39,-26],[50,-81],[36,0],[19,-56],[-17,-43],[-42,-39],[31,-23],[11,-62],[-26,-31],[10,-39],[26,-28],[-50,-27],[1,-45],[-36,15],[-6,-43],[-74,-37],[56,-79],[-12,-44],[-55,-15],[-18,-19],[-22,-61],[-10,-103],[-15,-37],[104,-724],[-69,-22],[-57,4],[-56,-26],[-56,4],[-23,42],[-91,23],[-50,-64],[-107,-73],[-1,-53],[26,-40],[25,-67],[-39,-31],[4,-96],[-39,-27],[25,-45],[80,6],[22,-33],[33,-16],[48,-78],[31,21],[31,-20],[30,7],[14,-39],[50,-44],[24,-1],[24,-43],[53,0],[34,15],[54,-7],[66,-21],[64,-74],[46,-25],[123,32],[62,38],[86,-22],[32,20],[166,-2],[199,-40],[-14,-33],[3,-42],[40,-43],[14,-58],[17,-5],[11,-79],[44,-8],[12,-77],[-92,-96],[-93,-3],[-197,-134],[-348,-230],[17,-40],[8,-64],[-18,-52],[21,-78],[-32,-92],[-43,-68],[-13,-38],[9,-40],[-52,-111],[-18,-79],[-31,-23],[-97,-22],[-56,-3],[-68,-29],[-80,-3],[-74,-15],[-48,-60],[-50,-21],[-43,35],[-77,-13],[-62,-40],[-34,-1],[-65,-100]],[[28413,74415],[611,-738],[238,-289],[421,-1],[20,17],[50,87],[-20,78],[938,-1],[79,146],[37,117],[17,36],[41,42],[35,16],[53,-5],[97,-50],[52,-12],[37,11],[94,59],[142,62],[76,21],[133,-232],[479,-827],[-42,-55],[-16,-41],[-22,-120],[-43,-84],[-1,-117],[28,-55],[17,-76],[65,-9],[90,33],[34,1],[44,24],[26,-58],[33,7],[55,-36],[13,-22],[-9,-48],[10,-27],[-63,-189],[-42,-33],[-4,-39],[-45,-93],[-11,-74],[15,-69],[29,-32],[-13,-50],[26,-40],[23,-5],[52,-83],[-4,-44],[35,-6],[61,-116],[69,13],[-31,-48],[52,-87],[40,-20],[23,-38],[-12,-61],[55,-56],[49,-17],[-7,-81],[39,-30],[8,-79],[34,-9],[24,-53],[5,-85],[21,-73],[50,-64],[-3,-84],[-29,-22],[-19,-56],[32,-23],[-20,-25],[-36,3],[-24,-53],[57,-56],[-13,-40],[51,-84],[13,-76],[26,-28],[12,-91],[-10,-40],[-660,2],[-14,-31],[-35,-11],[-66,32],[-120,16],[-45,31],[-35,-8],[-29,-50],[-18,-1],[-63,33],[-13,55],[-33,-2],[-25,-62],[-31,-47],[-24,-118],[-39,6],[-56,-15],[-13,-36],[-66,-36],[11,-40],[-62,-129],[60,-41],[8,-60],[-32,-13],[-8,-38],[50,-16],[-25,-103],[39,-44],[22,-6],[6,-122],[33,14],[11,-51],[23,-8],[833,472],[460,274],[483,338],[176,2],[325,17]],[[33868,70137],[41,-105],[7,-63],[-5,-61],[-69,-186],[-17,-118],[22,-99],[-8,-121],[21,-77],[47,-60],[11,-41],[47,-36],[40,-46],[12,-39],[8,-103],[39,-67],[36,4],[17,-77],[24,-30],[78,-58],[51,-18],[52,-86],[3,-42],[41,-76],[35,6],[34,-81],[77,11],[57,-8],[22,-41],[56,9],[23,-9],[9,-41],[-30,-119],[-43,-40],[-28,-90],[20,-54],[-78,-32],[76,-100],[-28,-56],[-38,-48],[-33,-24],[34,-75],[28,-26],[14,-40],[89,-19],[790,18]],[[35452,67673],[23,-33]],[[35475,67640],[-22,-37],[-59,-61],[-89,-165],[0,-89],[-22,-78],[14,-87],[27,-79],[5,-83],[-84,-83],[-27,-60],[-54,-59],[-15,-39],[-1,-66],[-15,-60],[-24,-34],[-89,-79],[-54,-22],[-31,-27],[-14,-42],[22,-54],[-1,-87],[45,-116],[53,-63],[16,-61],[6,-83],[64,-118],[15,-45],[-13,-40],[4,-81],[-61,-48],[-11,-40],[21,-100],[-20,-59],[3,-102],[-16,-36],[27,-52],[-6,-61],[-52,-28],[-21,-34],[6,-38],[-12,-61],[-28,-56],[-64,-87],[-50,-111],[4,-62],[25,-60],[-14,-79],[47,-62],[-26,-54],[-5,-40],[-24,-32],[-52,-152],[57,-45],[81,44],[55,5],[51,-27],[-8,-37],[-37,-15],[-89,-109],[-62,-46],[-32,8],[-29,-25]],[[34790,63941],[-128,-8],[-732,-1],[-671,-1],[-792,0],[-534,4],[-789,4],[-778,10],[-934,-4],[-1668,-2]],[[27764,63943],[-51,10],[-39,94],[-14,13],[7,62],[-53,39],[-52,22],[-71,-6],[-18,50],[-64,-19],[4,-37],[-20,-36],[-57,-62],[-71,1],[-49,39],[-29,-18],[-5,-102],[-28,-25],[-12,-37],[10,-38],[-16,-34],[9,-55],[-43,-24],[-53,-1],[-7,-30],[-72,-18],[-92,21],[-13,-14],[-27,97],[-15,28],[-39,16],[-22,62],[-97,3],[-53,-27],[-60,19],[-67,159],[14,54],[-52,60],[15,40],[-37,55],[-42,35],[10,19],[43,0],[5,22],[-21,75],[-100,22],[-32,25],[-58,12]],[[26230,64514],[-46,-33],[-11,-43],[33,-60],[-22,-26],[-104,76],[-7,58],[29,59],[-19,45],[-6,76],[-38,13],[-27,46],[6,39],[-13,83],[18,57],[1,65],[-22,35],[-30,18],[-90,7],[-34,18],[-58,72],[-30,-15],[-18,-35],[-31,-17],[-40,-48],[-47,68],[-48,114],[12,18],[-66,89],[-33,-1],[-123,111],[9,18],[-20,57],[-31,18],[-29,49],[31,72],[-44,135],[-72,61],[-43,61],[-95,48],[-53,3],[-51,79],[-20,-1],[-56,49],[-563,-3],[-855,2],[-269,18]],[[29618,84332],[4,-49],[46,7],[34,-30],[21,12],[71,-20],[18,-54],[30,29],[100,48],[35,-20],[6,48],[75,-17],[38,-39],[22,1],[34,32],[28,54],[-37,20],[59,54],[-1,77],[33,29],[48,-8],[52,4],[75,39],[40,-6],[13,43],[81,10],[86,76],[-2,91],[-25,35],[3,48],[-32,3],[-52,46],[-33,88],[-30,30],[-7,48],[-35,30],[-4,92],[51,119],[72,59],[3,99],[17,42],[31,20],[11,49],[-10,54],[43,24],[-1,62],[29,28],[-34,72],[30,91],[-17,45],[30,3],[48,54],[-4,29],[36,29],[66,81],[-10,41]],[[30803,86184],[101,87],[59,-10],[69,25],[90,81],[43,-7],[89,19],[41,-12],[64,-37],[53,32],[-19,46],[57,-19],[12,63],[-27,78],[-30,33],[18,25],[33,-21],[36,9],[31,-29],[22,-71],[29,-28],[36,-78],[1,-61],[-37,-65],[-87,-77],[13,-62],[25,-17],[66,-17],[57,-47],[46,-77],[37,-47],[5,-47],[-69,-49],[-12,-44],[3,-58],[-20,-45],[12,-27],[-16,-85],[-16,-20],[17,-40],[35,7],[14,-56],[-16,-14],[-21,-66],[-21,-12],[-29,-57],[-51,36],[-74,-75],[-8,-33],[-55,-46],[9,-39],[-39,-98],[-75,-2],[-24,-29],[-53,-20],[-6,-20],[35,-53],[-30,-46],[25,-67],[-46,27],[-20,-64],[45,-120],[-4,-46],[45,-142],[32,-5],[56,-89],[76,-55],[22,5],[72,-50],[-1,-45],[34,-27],[39,-3],[31,-34],[28,-76],[5,-72],[44,-50],[-6,-23],[46,-68],[49,-47],[47,-27],[16,8],[42,-70],[28,6],[13,-44],[33,-25],[31,36],[23,1],[16,61],[73,-29],[11,-43],[33,-33],[28,-6],[500,8],[12,-70],[-10,-35],[-10,-72],[26,-46],[-1,-110],[25,-36],[-8,-44],[-37,24],[-51,0],[-79,-69],[-5,-87],[-57,-41],[-10,-52],[-21,-14],[-50,-73],[-36,-78],[2,-33],[74,-54],[62,49],[46,0],[29,-41],[32,13],[42,-19],[50,2],[22,-17],[56,5],[10,-64],[56,-5],[16,24],[4,53],[58,58],[19,-15],[71,-2],[14,-23],[73,1],[11,-68],[35,-32],[43,-78],[-11,-75],[33,-51],[12,-50],[20,-12],[0,-46],[-34,-33],[5,-59],[-62,-41],[1,-47],[-29,-25],[-35,-60],[-48,-181],[13,-19],[-6,-47],[-27,-50],[-56,-17],[13,-74],[40,-29],[16,-47],[38,-67],[4,-57],[91,-51],[14,-18],[-16,-47],[85,-56],[21,-64],[-10,-23],[15,-92],[-35,-60],[-9,-127],[-26,-56],[-38,8],[-42,-42],[2,-64],[40,0],[36,-37],[-41,-21],[21,-40],[21,-3],[13,47],[21,20],[41,-1],[11,-52],[53,-81],[-12,-23],[-49,-32],[-53,-113],[-67,-77],[-22,-37],[-222,-158],[-10,-83],[2,-21],[59,15],[24,32],[35,-11],[59,8],[50,-35],[11,-60],[30,-24],[-23,-56],[-50,-28],[-27,-36],[21,-58],[-2,-50],[-41,-68],[-42,-44],[-3,-131],[-24,-30],[-53,-34],[-9,-46],[-41,-13],[-42,-30],[-107,-156],[1,-61],[-10,-87],[-25,22],[-82,-8],[-8,-37],[-49,-100],[-80,-55],[-45,-45],[-29,-14],[-1,-42],[34,-14],[67,-92],[54,-48],[59,-15],[69,-44],[73,-90],[41,-20],[42,-45],[95,8],[100,-43],[49,-29],[79,-29],[-19,-27],[-86,-2],[-32,9],[-46,36],[-51,22],[-30,-1],[-165,21],[-15,-19],[-58,-72],[79,-31],[34,-27],[123,-61],[100,-40],[135,-82],[54,-26],[53,-6],[105,52],[44,12],[45,34],[74,14],[109,-118],[140,-212],[90,-72],[65,-6],[68,38],[16,-29],[-26,-95],[-38,-63],[-38,38],[-24,-2],[-66,-74],[-62,-94],[-40,-79],[20,-72],[-21,-59],[0,-33],[38,-22],[106,32],[31,27],[52,-14],[43,-37],[28,3],[81,53],[62,-14],[40,-47],[14,-85],[43,-39],[48,10],[20,67],[33,29],[25,-4],[28,-36],[75,-27],[42,-50],[-1,-21],[95,-100],[2,-64],[19,-34],[44,14],[51,-11],[-10,47],[25,72],[24,0],[23,-43],[39,-5],[10,49],[32,71],[22,14],[40,-15],[-5,74],[25,61],[47,36],[-30,57],[15,16]],[[34999,77309],[18,3],[86,-38],[41,11],[18,-22],[41,-6],[70,-32],[-3,-93],[59,-37],[6,-26],[-36,-49],[-102,20],[-80,-17],[-28,-133],[10,-58],[35,-55],[-1,-72],[-30,-16],[-39,-48],[-21,-65],[-35,-26],[-110,-45],[-19,4],[-32,-36],[-55,-8],[-57,-48],[27,-75],[48,-13],[38,-64],[72,-60],[66,-110],[17,0],[35,-96],[49,-43],[-3,-54],[-17,-29],[43,-33],[43,-11],[31,-97],[44,-82],[63,-4],[31,38],[49,-2],[47,-26],[16,-31],[81,-335],[30,-126],[-46,-29],[-53,-10],[-7,-24],[-68,-40],[20,-45],[-8,-48],[-33,-1],[-43,-70],[23,-53],[-60,-9],[-14,-62],[36,-42],[-17,-33],[-67,4],[-16,-35],[28,-57],[-44,-52],[8,-48],[-13,-154],[-24,4],[-28,-33],[-3,-81],[-16,-93],[-48,5],[-1,-71],[-49,-22],[-19,-64],[29,-53],[-36,-4],[-8,-47],[-41,-14],[-8,-48],[19,-50],[-49,-15],[-11,-49],[-19,-18],[5,-67],[-74,-48],[-13,-19],[27,-73],[-69,2],[-63,-50],[0,-28],[-37,-24],[-12,-65],[-27,23],[-46,4],[-61,-17],[31,-56],[-39,-14],[-26,-48],[-48,-24],[-40,7],[1,-80],[-47,29],[-1,-68],[-53,10],[-17,16],[-36,-91],[-35,-69],[-46,-20],[12,-37],[29,-27],[-63,-38],[-68,-3],[-6,-25],[-54,10],[-25,-92],[24,4],[-26,-79],[8,-33],[-53,-82],[9,-42],[-17,-72],[2,-44],[-35,-12],[4,-112],[23,4],[39,-74],[14,-45],[-15,-18],[-17,-77],[1,-34],[-33,-50],[28,-10],[-5,-69],[31,-40],[19,-43],[-29,-78],[26,-38],[-32,-91],[30,-67],[-18,-60],[-5,-60],[34,-42],[-6,-51],[-27,-31],[1,-57],[-20,-105],[36,-62],[29,-82],[-21,-32],[28,-24],[-14,-58],[-42,-61],[-36,-193],[-18,-35],[-47,-22],[-75,-65],[-25,-68],[0,-41],[22,-77],[44,-61],[46,-28],[31,-47],[-3,-20]],[[30803,86184],[-12,23],[18,70],[36,55],[7,72],[72,86],[23,42],[49,32],[-10,22],[19,42],[-4,30],[29,40],[-32,55],[71,82],[74,39],[31,34],[12,46],[16,131],[20,80],[517,0],[835,0],[540,0]],[[33114,87165],[5,-79],[22,-18],[75,-12],[28,5],[16,-30],[0,-47],[77,-170],[33,15],[27,-25],[37,12],[8,-60],[35,-23],[-37,-35],[17,-86],[36,8],[48,-21],[15,-65],[29,-34],[23,30],[38,-27],[93,-12],[26,-18],[5,-79],[-30,-47],[23,-23],[36,-73],[-7,-173],[-19,-25],[-43,14],[-24,24],[-12,-86],[0,-81],[-27,-113],[21,-24],[89,-51],[-45,-63],[11,-20],[-71,-73],[-35,-60],[28,-27],[28,-110],[59,-60],[57,-5],[76,-63],[-13,-24],[31,-46],[-6,-33],[16,-66],[31,-40],[8,-56],[74,-118],[71,-85],[-18,-103],[-25,-47],[38,-15],[36,-110],[-10,-52],[22,-55],[-18,-43],[56,-5],[47,-74],[37,-32],[27,-79],[69,-3],[29,-60],[51,-26],[-27,-107],[10,-42],[72,-24],[57,38],[35,-42],[-10,-27],[26,-26],[21,-50],[5,-52],[-20,-17],[21,-79],[-16,-16],[36,-73],[9,-66],[42,-15],[67,-5],[30,25],[12,-53],[37,31],[46,11],[25,-37],[40,-24],[-3,-50],[12,-39],[-25,-108],[55,-89],[6,-45],[33,6],[28,-75],[85,-40],[14,-37],[-40,-89],[22,-27],[-12,-34],[56,-52],[-19,-52],[9,-48],[44,-76],[-2,-43],[34,8],[21,-43],[71,4],[79,-89],[15,-45],[29,-28],[26,13],[48,-10],[33,-30],[8,-38],[43,-26],[39,-2],[-2,-53],[38,-35],[36,-11],[7,-64],[20,-74],[4,-93],[25,-32],[-1,-86],[44,-17],[-9,-71],[-15,-21],[-1,-59],[18,-42],[43,-30],[19,-99],[0,-58],[-23,-41],[28,-19],[-5,-38],[24,-33],[39,0],[33,-58],[76,24],[32,-45],[6,-42],[35,-19],[24,10],[23,-38],[-5,-60],[38,-74],[77,-105],[42,-39],[50,12],[53,-59],[61,-16],[47,-30],[2,-58],[14,-22],[62,3],[21,27],[36,-13],[25,-31],[59,-11],[25,-35],[-8,-42],[57,-7],[29,-31],[14,-42],[69,42],[78,-25],[40,1],[10,-43],[31,-58],[97,-63],[67,-76],[9,-52],[89,-86],[-313,-259],[-23,-80],[17,-57],[-24,-26],[-35,-104],[36,3],[30,-44],[24,-10],[1,-45],[-18,-22],[-71,-15],[-77,-84],[-5,-55],[-13,-27],[-40,-4],[-50,-54],[-33,22],[-51,-33],[-53,-133],[-56,-48],[-48,-86],[-65,1],[-53,-30],[-31,-30],[-62,26],[-34,-74],[-55,-29],[-38,58],[-48,43],[-34,-20],[-78,-6],[-46,34],[-228,-465],[-46,-39],[-17,-67],[-47,-67],[-3,-23],[-51,-12],[3,-155],[-22,-37],[9,-42],[-41,-22],[-19,-57],[-24,-28],[-34,13],[-61,-5],[-39,-22],[-21,-36],[7,-120],[-16,-99],[0,-111],[-423,-10],[12,-38],[-30,-43],[-12,-76],[47,-54],[29,0]],[[33114,87165],[664,0]],[[33778,87165],[0,-673],[1,-30],[19,-60],[0,-64],[32,-13],[19,-35],[-7,-153],[4,-80],[-36,-71],[4,-84],[17,-81],[14,-12],[-21,-77],[1,-103],[17,-33],[45,-42],[65,-37],[60,-15],[35,-25],[21,-35],[49,-22],[42,-63],[-23,-75],[28,-79],[27,-49],[0,-66],[-41,-39],[-6,-38],[10,-79],[-10,-50],[30,-26],[33,-87],[-3,-19],[48,-21],[44,-66],[65,-15],[42,-74],[35,-43],[88,-83],[1,-20],[90,-60],[44,-21],[30,-60],[25,-20],[38,9],[52,-50],[-38,-38],[5,-71],[81,-105],[9,-37],[-29,-26],[9,-48],[-24,-43],[41,-44],[43,11],[9,-27],[45,-40],[16,-100],[38,-9],[18,-39],[37,-27],[-8,-23],[111,11],[43,17],[25,-62],[63,-23],[46,-87],[30,-17],[42,-60],[15,10],[63,91],[19,10],[-10,56],[66,10],[27,33],[0,54],[89,60],[55,-8],[18,-33],[-14,-25],[20,-43],[62,-22],[19,-49],[-18,-50],[30,-34],[2,-44],[-23,-24],[-36,-206],[-23,-44],[11,-36],[27,-30],[30,-8],[-14,-41],[48,-20],[-11,-48],[51,9],[61,-31],[-18,-24],[54,-36],[32,27],[75,-16],[50,-26],[26,-33],[6,-45],[28,-40],[30,-6],[24,-53],[64,19],[33,-22],[37,15],[2,-81],[41,-104],[35,-47],[48,35],[7,-20],[95,15],[20,32],[28,-25],[9,-41],[90,-37],[15,-34],[31,-8],[-8,-66],[48,29],[13,-28],[43,-31],[16,-35],[82,30],[-3,-57],[27,-8],[35,47],[54,-56],[-11,-71],[44,22],[47,-48],[54,44],[51,-37],[17,48],[52,5],[22,-18],[24,52],[23,-20],[-3,-42],[32,-14],[60,39],[6,-34],[50,-16],[38,3],[-22,-53],[50,-32],[45,-5],[30,-71],[40,43],[28,-18],[13,-49],[43,-37],[-29,-41],[12,-54],[27,-30],[42,-120],[24,-10],[85,21],[18,-42],[31,-29],[12,-47],[37,-27],[47,-2],[59,-30],[47,-41],[39,-61],[39,-15],[108,2],[58,32],[43,-8],[48,-49],[12,-73],[-26,-83],[-46,-51],[-36,-75],[2,-64],[17,-21],[74,-7],[45,-18],[12,-46],[52,-28],[98,23],[50,-17],[34,91],[39,-12],[89,66],[30,37],[44,-11],[66,-69],[38,33],[38,9],[68,-56],[47,43],[24,38],[32,19],[37,-31],[35,1],[42,22],[18,49],[20,5],[5,47],[93,32],[62,82],[70,-2],[23,36],[99,11],[98,30],[2,-26],[-43,-83],[-57,-82],[-60,-113],[-77,-96],[-37,-33],[-97,-65],[-98,-54],[-127,-44],[-56,-49],[-53,-111],[-13,-85],[-16,-36],[-89,-138],[2,-22],[61,-22],[27,-23],[52,-19],[-54,-115],[-137,-337],[-274,-675],[-85,-218],[-265,-662]],[[38542,78188],[-98,-239],[-173,-425],[-59,-162],[-194,-505],[-552,-1342],[-231,-562],[-282,-687],[-244,-591],[-192,-480],[-236,-589],[-187,-468],[-411,-1024],[-489,-1201],[-22,-31],[-46,-33],[-60,-3],[-16,-13],[-12,-84],[-39,-75],[-69,-47],[-92,-77],[-58,-104],[-39,-48],[-30,-76],[-7,-210],[24,-56],[18,-87],[38,-101],[25,-82],[62,-81],[29,-25],[31,-52],[55,-3],[45,-38],[51,-83],[55,-110],[44,-45],[35,-10],[29,-31],[38,-74],[30,-26],[22,-55],[42,-66],[25,-104],[4,-44],[-16,-82],[11,-107],[51,-77]],[[42780,92726],[168,14],[119,83],[132,-63],[-3,-91],[-13,-128],[67,-88],[135,26],[370,-326],[554,-80],[420,131],[25,19],[34,-13],[17,28],[32,5],[39,37],[-15,47],[28,33],[31,0],[18,-43],[45,64],[8,45],[55,9],[35,-28],[65,20],[-38,29],[-2,33],[41,3],[3,31],[30,27],[73,36],[57,-10],[7,-33],[29,-34],[-28,-28],[-24,-65],[49,5],[43,-14],[27,8],[30,-28],[64,3],[-6,-46],[130,0],[31,-40],[37,7],[40,-34],[41,-2],[25,23],[106,-25],[32,11],[-15,40],[9,37],[47,-28],[15,20],[64,24],[14,28],[29,0],[41,32],[17,33],[0,40],[49,11],[33,-17],[34,-75],[56,-20],[12,-28],[38,-28],[-3,-30],[61,-2],[12,-34],[-54,-40],[-31,-59],[-20,4],[-6,-101]],[[46345,92091],[20,-39],[52,-50],[65,-39],[34,-6],[58,-33],[23,-24],[61,-26],[9,-24],[-9,-65],[14,-121],[37,-31],[13,-68],[44,-14],[28,-62],[43,-11]],[[46837,91478],[15,-84],[57,-100],[1,-53],[70,-88],[-30,-50],[-8,-42],[17,-55],[35,-23],[34,-91],[6,-45],[-22,-21],[-18,-63],[-12,-105],[8,-48],[31,-87],[27,-39],[64,-11],[46,14],[43,-9],[39,-23],[27,-36],[9,-68],[-19,-107],[5,-60],[-19,-36],[-28,-99],[-55,-80],[-5,-54],[-25,-48],[-6,-48],[8,-53],[-11,-35],[-48,2],[-25,-67],[-17,-85],[7,-29],[12,-152],[9,-23],[66,-30],[39,-48],[42,-20],[9,-101],[25,-22],[16,-74],[-13,-30],[25,-85],[56,-41],[39,16],[0,-68],[-24,-44],[-5,-40],[31,-56],[71,25],[43,-24],[24,-39],[31,-19],[-21,-54],[22,-41],[22,-3]],[[47557,88579],[83,-36],[70,-39],[7,-64],[23,-44],[-7,-86],[-11,-26],[-9,-83],[8,-177],[15,-18],[21,-73],[35,-59],[48,-34],[48,-72],[16,-60],[26,-53],[-19,-43],[29,-75],[-12,-46],[26,-57],[45,-32],[39,-68],[59,-82],[3,-44],[21,-13],[-28,-55],[-1,-88],[27,-65],[-21,-56],[2,-70],[-22,-19],[14,-45],[-19,-51],[15,-38],[-27,-27],[21,-51],[-27,-31],[25,-30],[-18,-33],[18,-47],[-9,-47],[-36,-2],[-27,-124],[8,-34],[-57,-89],[1,-70],[58,-7],[21,13],[51,67],[81,23],[60,-5],[96,-43],[75,-45],[61,-12],[55,-68],[23,-76],[56,-82],[66,-62],[102,6],[39,-30],[116,-48],[25,-40],[60,-60],[20,-38],[-8,-49],[6,-42],[-2,-174],[43,-102],[-31,-68],[12,-45],[-5,-55],[-22,-36],[50,-15],[2,-74],[15,-62],[-2,-50],[23,-10],[55,-97],[32,1],[45,-18],[13,-88],[25,-60],[51,-14],[7,-53],[-10,-67],[16,-25],[-41,-95],[41,-62],[81,-11],[2,-28],[36,-14],[15,24],[37,-26],[9,-29],[79,-20],[17,66],[-11,48],[85,27],[28,-34],[68,30],[32,0],[-18,52],[15,43],[34,44],[66,18]],[[49915,84446],[-18,-178],[2,-65],[-11,-77],[22,-232],[-6,-67],[-27,-62],[-106,-112],[-68,-85]],[[49703,83568],[-69,-43],[-79,-7],[-84,-17],[-34,11],[-58,75],[-18,-3],[-41,-89],[-21,-1],[-16,41],[9,48],[-29,35],[-26,-3],[-17,-33],[16,-76],[-9,-19],[-58,10],[-54,-6],[-31,-17],[-18,-41],[34,-55],[-8,-41],[-43,-14],[-63,20],[-28,33],[10,82],[-30,95],[-60,-7],[-35,38],[-37,11],[-80,-13],[-53,22],[-78,-6],[-50,28],[-83,4],[-43,119],[-23,24],[-85,43],[-44,-24],[-17,39],[24,31],[-7,153],[-42,57],[21,60],[55,19],[4,91],[-38,58],[-54,52],[-25,10],[-18,-21],[-120,-51],[-48,9],[36,78],[24,15],[-21,45],[-1,41],[44,98],[10,91],[-29,82],[-6,153],[-23,78],[-27,39],[-92,-6],[-82,-48],[-36,3],[-24,23],[-67,120],[6,33],[-33,23],[-30,51],[10,49],[-26,46],[52,91],[-41,79],[4,54],[31,82],[-5,65],[-38,55],[-34,1],[-53,41],[-32,37],[-14,63],[-169,132],[-35,92],[-45,19],[-72,-31],[-64,32],[-61,203],[-17,26],[-17,79],[-5,118],[-18,30],[-41,21],[-25,41],[8,90],[-40,25],[-23,80],[-28,55],[-41,31],[-29,49],[-25,17],[-26,108],[27,55],[-40,71],[-44,25],[-11,76],[-33,67],[-34,27],[-20,49],[32,43],[4,56],[-19,65],[28,88],[-33,35],[40,98],[9,52],[-15,28],[17,95],[55,77],[18,80],[20,46],[-41,46],[-52,6],[-23,75],[-61,47],[-12,54],[-146,105],[-72,93],[-77,67],[-74,42],[-14,20],[-112,85],[1,135],[-36,27],[-7,70],[17,36],[-27,36],[-3,30],[-45,46],[-7,144],[33,45],[52,-10],[43,17],[13,65],[-15,37],[-33,23],[-17,48],[-31,27],[-78,19],[-43,-33],[-72,-38],[-31,2],[-16,41],[35,43],[16,41],[-16,32],[-49,17],[-23,67],[66,41],[-12,47],[-56,22],[-16,-31],[-55,53],[-85,-27],[-19,-32],[-44,25],[40,49],[6,63],[-8,44],[-24,3],[-21,-81],[-35,-7],[-16,34],[-31,-20],[-27,47],[39,56],[-47,35],[3,-68],[-35,-24],[-2,-25],[-115,43],[-46,53],[-42,-25],[34,-30],[-36,-32],[-70,30],[-73,16],[23,62],[-35,30],[-7,30],[-48,4],[-18,22],[-93,49],[-20,-31],[-57,29],[5,54],[-15,32],[-32,-4],[-9,-41],[-35,16],[-27,-29],[-38,16],[-44,-23],[9,88],[-31,62],[-42,20],[35,67],[-47,16],[-1,43],[-43,54],[-3,31],[-56,9],[-38,25],[-34,-21],[-138,109],[-15,42],[-53,55],[-17,-6],[-65,51],[-26,-10],[-23,37],[-62,8],[-18,-31],[-37,37],[-69,-14],[-50,11],[-87,-30],[-63,24],[-14,28],[-113,27],[-47,18],[-54,-10],[-39,-31],[-62,-8],[-54,20],[-64,-5],[-47,11],[-21,57],[8,42],[27,27],[-12,46],[-21,21],[1,63],[-39,128],[32,125],[-29,27],[0,29],[-49,28],[-29,48],[-5,72],[-15,23],[15,35],[-17,62],[20,18],[-10,38],[7,42],[51,64],[0,26],[35,17],[10,55],[-27,47],[-53,64],[-28,53],[10,81],[24,52],[-25,60],[-150,189],[5,47]],[[46345,92091],[39,9],[42,47],[49,-36],[28,14],[52,0],[104,33],[121,2],[41,-31],[31,-49],[27,-21],[73,-10],[52,-31],[64,16],[32,20],[4,47],[37,6],[39,-17],[75,177],[41,12],[5,42],[37,27],[79,31],[73,50],[112,66],[100,74],[33,57],[-7,25],[76,106],[48,17],[-21,29],[10,29],[54,2],[1,47],[46,47],[23,7],[-19,75],[80,83],[-15,43],[-37,29],[9,42],[-26,32],[11,29],[45,5],[21,81],[20,25],[63,145],[7,81],[57,117],[70,164],[36,23],[32,-5],[16,28],[-27,51],[37,76],[27,89],[17,85],[24,29],[57,121],[-38,43],[-16,73],[6,31],[36,55],[3,34],[60,9],[-9,73],[43,79],[54,29],[69,-5],[43,63],[51,108],[71,110],[25,70],[84,182],[33,33],[11,62],[41,43],[0,32],[32,10],[82,176],[46,53],[18,36],[16,125],[20,26],[18,87],[32,32],[61,-11],[20,50],[-17,65],[11,29],[108,61],[67,100],[40,21],[17,39],[34,22],[42,73],[15,46],[5,83],[49,79],[28,22],[59,5],[36,19],[34,50],[44,8],[44,41],[4,75],[19,34],[37,141],[33,64],[21,62],[-5,99],[12,14],[20,92],[21,187],[54,205],[80,32],[53,-35],[84,-85],[56,-42],[109,-124],[74,-76],[56,-78],[154,-189],[48,-83],[9,-39],[37,-52],[57,-186],[6,-108],[9,-29],[4,-95],[-6,-39],[27,-23],[98,-66],[64,-1],[42,-49],[2,-102],[-11,-49],[-1,-123],[-10,-29],[0,-104],[-12,-24],[-2,-109],[21,-158],[6,-113],[10,-95],[7,-134],[-18,-66],[-23,-14],[6,-167],[12,-28],[43,-157],[35,-100],[19,-78],[36,-99],[-10,-60],[-17,-25],[5,-50],[-9,-47],[18,-52],[46,-59],[-17,-124],[56,-103],[11,-78],[-7,-36],[19,-68],[37,-74],[42,-54],[-1,-113],[7,-66],[75,-35],[17,-39],[-11,-53],[53,-60],[-2,-143],[31,-16],[35,-51],[6,-40],[21,-13],[-6,-129],[18,-37],[9,-105],[-12,-104],[48,42],[54,-20],[18,-63],[33,-49],[11,-73],[-15,-44],[31,-80],[-8,-38],[35,-54],[4,-85],[45,-90],[1,-100],[31,-17],[34,-57],[16,-50],[9,-72],[-15,-34],[-31,-24],[82,33],[184,94],[120,51],[102,-12],[62,2],[69,-51],[30,-63],[75,-112],[59,-74],[11,-92],[28,-72],[40,-38],[10,-78],[33,-78],[134,-368],[138,28],[38,-8],[120,-49],[32,-2],[79,-43],[50,-10],[55,-32],[188,-130],[23,-30],[-5,-48],[26,-31],[23,-105],[3,-124],[37,-255],[0,-102],[-14,-81],[4,-37],[-33,-150],[-31,-90],[9,-58]],[[53891,89754],[-109,-94],[-74,-39],[-179,-34],[-6,-50],[-20,-8],[-12,-69],[-45,-49],[-24,-1],[-42,-31],[-19,-67],[-61,-8],[-41,-86],[7,-37],[-274,-274],[-32,-4],[-27,-46],[-44,22],[-42,-23],[-26,18],[-43,-19],[-42,75],[-48,-62],[-43,-30],[-30,20],[-37,2],[-8,-37],[-57,-89],[-74,-30],[-27,21],[-39,-40],[-21,9],[-14,74],[-21,-8],[2,-50],[-74,24],[-27,-13],[-13,-75],[-99,-66],[-65,2],[-26,18],[-30,-9],[-37,19],[-50,52],[-79,-66],[-35,-7],[-51,-40],[-35,-14]],[[51698,88535],[-66,14],[-80,65],[1,77],[10,36],[28,43],[31,8],[18,32],[7,53],[-21,37],[20,62],[25,15],[28,57],[-90,-13],[-35,7],[-34,-29],[-44,-5],[-16,-19],[1,-49],[-30,-21],[-78,125],[6,37],[-37,9],[-14,26],[-71,13],[-84,-38],[-61,57],[-73,8],[-46,-81],[-59,-84],[-26,-47],[-18,57],[-94,-3],[-30,20],[-91,-4],[-14,-42],[-34,-41],[-28,13],[-17,35],[-69,72],[-4,30],[30,116],[-47,31],[-82,18],[-38,47],[28,47],[33,10],[28,136],[0,61],[23,16],[-14,119],[33,67],[50,8],[36,136],[-265,3],[-1088,-2],[-6,0],[-50,15],[4,94],[-63,91],[1,45],[-20,73],[43,59],[-4,41],[16,35],[-41,46],[-6,167],[19,14],[25,107],[-31,65],[-24,13],[1,46],[-22,64],[14,59],[-16,74],[16,50],[-20,53],[13,38],[-3,160],[46,39],[10,55],[25,24],[-9,125],[19,36],[40,146],[-30,71],[3,61],[-41,64],[-7,72],[-20,59],[-11,103],[11,58],[-14,55],[-44,38],[1,59],[49,92],[12,45],[-7,210],[44,6],[12,27],[-68,-2],[-11,-88],[-19,-26],[-56,26],[-64,-1],[-13,-19],[-11,-69],[12,-25],[-48,-85],[-29,-17],[8,-30],[-76,-30],[-23,-84],[-84,7],[-41,-66],[14,-30],[0,-65],[-20,-83],[-64,-31],[-50,-5],[-35,10],[-47,-15],[-35,-28],[-27,-60],[-56,-47],[-41,-18],[-4,-93],[13,-54],[-11,-16],[-61,40],[-103,-19],[-33,9],[-25,-33],[-26,-3],[-26,-30],[-40,-15],[-13,31],[-78,-23],[-43,1],[-10,30],[-40,22],[-19,39],[-31,-10],[-93,57],[-38,-10],[-30,25],[-59,-14],[-11,27],[-82,-16],[-36,33],[-45,-6],[9,-77],[-18,-40],[-50,9],[-19,-39],[-29,15],[-33,-6],[-29,-50],[18,-112],[-31,-42],[-72,-9],[-34,15],[-46,-3],[-37,13],[-22,60],[-75,-3],[-38,-78]],[[51698,88535],[0,-75],[-33,22],[-23,-37],[24,-67],[-18,-40],[-147,-63],[-38,-69],[-14,-67],[24,-73],[-23,-86],[30,-55],[69,-74],[56,-33],[-10,-40],[-85,3],[-67,-6],[-19,-38],[-8,-56],[-40,-7],[11,-61],[-41,-14],[-29,38],[-51,-11],[-35,-33],[-36,-55],[-8,-71],[-21,-64],[-24,-41],[14,-52],[-70,5],[-35,-23],[-27,23],[-42,1],[-12,71],[15,48],[-8,60],[-19,27],[-45,14],[-48,88],[-99,63],[-15,22],[-47,-20],[-70,51],[-48,9],[-60,-14],[-36,51],[-41,19],[-51,-58],[-71,-29],[-4,-15],[-35,-20],[7,-30],[-11,-59],[-46,-32],[23,-48],[-14,-36],[3,-52],[-12,-24],[16,-151],[-35,-125],[-39,-75],[-19,-7],[-5,29],[-73,45],[-5,25],[-45,39],[-38,47],[-61,31],[-37,54],[-11,47],[33,34],[-34,62],[4,39],[-59,55],[-42,-22],[-54,18],[-40,41],[-27,58],[-54,17],[-51,-31],[-38,-9],[-74,34],[-15,-15],[-50,11],[-82,2],[-57,47],[-66,19],[-45,-21],[-42,33],[-46,53],[-61,12],[-24,-29],[-77,-27],[-46,-51],[-81,-28],[-3,-40],[-49,-62],[-33,-68],[7,-66],[-103,12],[-32,57],[-50,-39],[-42,17],[-4,45],[-19,33],[-2,46],[-43,45],[-24,9],[-39,86],[-1,30],[-47,30],[-3,66],[10,22],[-55,64],[-42,7],[-22,26],[-2,41],[-29,45],[-2,40],[-49,26],[6,78],[-41,28],[-31,36],[-30,60],[-50,11],[-34,43],[-58,-10],[-20,55],[-30,39],[-28,4],[-38,40],[-9,42],[12,56],[-77,-13],[-61,4],[-34,-29]],[[53891,89754],[33,-183],[-18,-66],[-29,-53],[-12,-49],[-53,-88],[-16,-161],[12,-19],[6,-99],[-11,-27],[-55,-61],[-14,-2],[-42,-78],[-45,-119],[-63,-79],[-21,-11],[-19,-54],[18,-49],[-37,-18],[-51,-44],[-4,-36],[2,-169]],[[53472,88289],[-141,8],[-92,-11],[-165,-33],[-127,-35],[-67,-37],[-115,-94],[-60,-59],[-35,-75],[-34,-103],[-9,-80],[-33,-104],[-40,-61],[-33,-106],[-11,-55],[-35,-68],[-30,-85],[-60,-109],[-45,-54],[-53,-44],[-48,-59],[-7,-9],[-45,-52],[-113,-97],[-97,-67],[-93,-38],[-263,-77],[-56,-34],[-64,-54],[-23,-32],[-27,-66],[-45,-37],[-50,-84],[-59,-83],[-34,-27],[-84,-28],[-126,-18],[-93,-36],[-42,-64],[-55,-111],[-67,-106],[-28,-63],[-46,-28],[-56,-92],[-15,-48],[-18,-127],[-137,-176],[-19,-94],[-57,-102],[-65,-83],[-63,-53],[-25,-36],[-102,-110],[-53,-70],[-86,-154],[-111,-223]],[[61268,57647],[62,23],[82,51],[101,51],[27,5],[48,56],[30,69],[13,164],[57,144],[40,56],[11,51],[47,34],[51,60],[47,29],[52,60],[55,32],[7,33],[-27,56],[-1,37],[37,93],[51,19],[51,33],[14,40],[-6,62],[-44,26],[94,72],[34,18],[13,83],[-43,60],[-11,36],[52,59],[45,19],[25,-27],[43,19],[56,10],[37,36],[59,-2],[22,30],[7,56],[64,12],[6,62],[25,19],[44,-3],[44,17],[28,52],[124,92],[13,33],[69,53],[94,11],[18,60],[-25,47],[8,66],[67,40],[104,2],[28,24],[32,65],[9,52],[33,69],[18,17],[-2,123],[-17,75],[15,49],[-37,0],[-17,31]],[[63251,60468],[74,-1],[47,25],[46,47],[21,3],[81,46],[53,-36],[27,-45],[4,-52],[-14,-54],[10,-52],[24,-40],[68,-51],[9,-102],[18,-34],[53,-28],[39,-37],[36,-60],[60,-53],[10,-41],[-7,-99],[23,-47],[50,-32],[-9,-47],[-69,-65],[-37,-53],[21,-42],[-18,-94],[21,-37],[-1,-99],[11,-39],[46,-40],[60,-14],[36,-72],[24,-134],[64,-60],[36,-19],[42,-4],[59,-30],[24,-91],[26,-28],[60,13],[3,-29],[130,-26],[97,-5],[25,-15],[72,16],[52,-30],[62,-59],[12,-24],[49,2],[47,-20],[12,-23],[83,-72],[76,66],[29,2],[46,44],[38,-41],[35,46],[51,43],[-4,51],[50,97],[65,9],[3,43],[26,27],[70,41],[76,-16],[29,20],[14,70],[-18,80],[8,51],[47,10],[40,6],[58,56],[26,54],[26,15],[70,-9],[37,-38],[66,-12],[62,37],[21,51],[26,22],[53,-14],[51,7],[29,23],[87,113],[20,17],[67,-19],[29,-38],[26,-63],[52,-68],[66,-9],[64,29],[35,-34],[33,-8],[29,-29],[58,8],[30,32],[35,78],[84,41]],[[66944,59376],[34,-71],[23,-29],[62,-10],[54,-55],[5,-46],[72,-59],[39,-68],[35,-101],[18,-73],[19,-37],[-18,-95],[42,-62],[-49,-54],[-1,-51],[-45,-29],[-12,-34],[-36,-25],[-50,12],[-16,-28],[-47,-5],[-21,-39],[46,-94],[42,-54],[44,-81],[97,-110],[21,-52],[9,-81],[32,-91],[35,-142],[62,-190],[37,-73],[6,-46],[13,-18],[46,-221],[23,-55],[18,-118],[27,-102],[-1,-41],[20,-84],[36,-94],[28,-102],[70,-135],[18,-57],[50,-121],[14,-76],[28,-105],[31,-74],[-64,-21],[-38,8],[-8,-69],[-74,-88],[-37,-22],[-42,-55],[-1,-40],[-53,-34],[-14,-37],[29,-32],[-53,-39],[-37,-10],[-56,-44],[4,-61],[60,-68],[-19,-31],[-47,-38],[-52,5],[-42,-24],[4,-26],[-51,-48],[17,-27],[-74,-67],[-21,-2],[27,-24],[101,0],[82,12],[31,-17],[71,-15],[76,-55],[75,-24],[7,-56],[55,-36],[-35,-44],[6,-46],[32,-34],[40,15],[19,-17],[403,-202],[405,-198]],[[68630,54389],[-489,-283],[-108,-741],[-204,-189],[-155,-140],[24,0],[24,-60],[36,-25],[68,-93],[71,-34],[25,-88],[-12,-32],[-81,39],[-44,-4],[-12,-35],[-50,3],[-14,-57],[-67,-6],[-29,-30],[-66,1],[-56,-56],[-65,-53]],[[67426,52506],[-42,-37],[-13,-68],[-104,11],[-41,-41],[-34,-6],[-38,19],[-24,-29],[-41,17],[-20,40],[-14,75],[-76,92],[-40,15],[-50,-14],[-42,14],[-55,58],[143,371],[-230,152],[-52,32],[-120,18],[-20,-34],[-60,-21],[-39,-83],[-34,-22],[-27,-42],[-30,-136],[-335,216],[-174,124],[-53,53],[-44,-31],[8,-50],[-214,-208],[-13,47],[-63,51],[-10,26],[-61,31],[-12,46],[-30,11],[-30,-22],[-33,8],[-113,-46],[-81,-11],[-63,-20],[-115,-64],[-163,-66],[-39,-1],[-97,-40],[-28,-22],[-84,-30],[-40,-32],[-50,-12],[-68,2],[-105,-13],[-66,-39],[-95,-4],[-64,-38],[-34,-9],[-81,40],[-66,-15],[-176,-86],[-68,20],[-74,-9],[-36,-25],[-131,-36],[-87,-58],[-40,2],[-89,-37],[-87,-13],[-45,-16],[-64,-46],[-135,-63],[-251,-17]],[[62524,52385],[14,94],[-49,29],[-58,-24],[-51,-35],[-23,5],[-111,-77],[-73,-20],[-29,7],[-44,-48],[-61,-31],[-32,1],[-21,85],[-60,25],[37,59],[1,72],[-71,3],[58,121],[6,54],[-15,75],[33,10],[2,40],[-35,29],[-32,63],[47,60],[13,32],[34,52],[16,73],[63,45],[56,-17],[52,19],[13,18],[77,32],[69,40],[25,63],[1,49]],[[62376,53388],[-55,22],[-102,-37],[-30,-4],[-34,-31],[-39,-9],[-73,22],[-84,-45],[19,78],[-12,31],[26,31],[3,43],[-18,49],[43,31],[23,32],[-21,58],[-18,16],[-6,57],[19,22],[-3,40],[-7,26],[30,37],[2,46],[-61,69],[29,38],[50,40],[-10,34],[-66,34],[40,100],[-13,28],[28,27],[23,64],[122,44],[92,4],[19,38],[-23,47],[19,31],[-13,23],[-44,-2],[-122,-60],[-42,7],[-2,92],[13,30],[-9,47],[-30,44],[-81,-8],[12,47],[0,77],[-38,29],[-36,9],[-51,82],[59,32],[-9,26],[-47,2],[-54,19],[17,67],[-31,33],[32,24],[14,35],[-19,72],[-50,15],[21,47],[26,105],[4,93],[-35,11],[-10,55],[22,33],[-43,50],[5,36],[49,27],[0,29],[39,58],[29,16],[49,50],[94,21],[70,0],[98,48],[26,-1],[48,73],[-22,40],[-46,-7],[-19,-24],[-63,-14],[-41,11],[-64,32],[-45,-25],[-48,-2],[-66,38],[-21,-7],[-20,41],[1,67],[42,0],[10,51],[29,15],[13,23],[-8,101],[-26,37],[-38,-20],[-4,40],[70,14],[58,93],[33,29],[-17,80],[-30,43],[8,45],[45,-4],[79,20],[77,-61],[82,-28],[69,-3],[29,21],[52,14],[69,2],[-2,41],[1,4],[-33,35],[-67,19],[-59,-9],[-17,20],[-47,-17],[-59,27],[-28,63],[-73,37],[-26,-2],[-96,46],[-74,-14],[-31,24],[-73,2],[-55,-11],[-49,56],[-86,0],[-30,38],[-25,7],[-40,41],[-15,45],[-3,112],[-46,36],[-1,71],[-28,16],[-55,20],[-39,65],[-10,75],[-20,58],[39,61],[-22,25]],[[67426,52506],[-12,-127],[-54,-92],[-19,-97],[-25,-91],[-30,-9],[-40,-36],[-21,-40],[12,-102],[16,-29],[-45,-81],[-75,-87],[-7,-73],[30,-70],[-6,-106]],[[67150,51466],[-53,-1],[-16,-41],[-58,-26],[-28,-1],[-46,-51],[-41,-84],[-28,-31],[-44,-15],[-85,-62],[8,-28],[-10,-58],[-35,-47],[-56,-44],[-26,-71],[-57,-59],[3,-37],[-35,-30],[-34,3],[-46,-17],[-23,-64],[-23,-12],[-32,-80],[-35,-15],[12,-39],[-23,-88],[-49,-81],[-4,-41],[-22,-10],[-20,-54],[1,-35],[-34,-51],[-34,-7],[-31,-52],[-35,8],[-41,-39],[-59,-31],[9,-54],[-20,-22],[24,-96],[59,12],[106,-21]],[[66189,49894],[-41,-14],[-25,-43],[-31,-22],[-48,-6],[-27,-36],[-36,16],[-35,-20],[-48,-4],[-5,-23],[-49,3],[-51,-38],[-23,-35],[-63,-21],[-45,-56],[-29,6],[2,-53],[-37,-21],[-27,20],[-26,-39],[-98,-90],[-33,-29],[-28,3],[-80,-50],[-13,-16],[-53,-12],[10,-66],[-41,-35],[3,-28],[-49,-78],[-47,-22],[-60,-58],[-144,-67],[-3,-30],[-30,-26],[-84,-23],[-32,-36],[-40,-104],[-40,-45],[-27,-10],[-91,14],[-68,31],[-56,-37],[-31,13],[-53,-54],[-24,-42],[-42,-19],[-35,-57],[-71,-58],[-23,-43],[-64,-33],[-24,-35],[-71,-74],[-52,-43],[-55,2],[-45,-68],[-33,-3],[-45,-27],[-19,37],[-35,-20],[-49,41],[-70,-20],[1,-27],[-61,-56],[-52,-92]],[[63488,48016],[-16,-18],[-58,-6],[-22,-38],[10,-26],[-42,-79],[-50,-35],[-31,-1],[-25,-49],[-40,-20]],[[63214,47744],[-25,-6],[-73,21],[-40,-12],[-53,7],[-22,-54],[-53,-18],[-28,-37],[-106,66],[-79,-16],[-30,-27],[-38,-118],[-70,-1],[-31,-14],[-22,-40],[-42,-116],[-42,-5],[-6,34],[-39,21],[-4,68],[-40,31],[4,35],[32,-5],[49,45],[38,0],[31,30],[10,53],[-16,26],[15,38],[34,10],[37,107],[77,80],[6,93],[20,100],[-67,98],[-27,18],[9,47],[-39,47],[-36,24]],[[62548,48374],[11,46],[-39,67],[60,32],[7,17],[27,44],[-1,140],[15,49],[-11,48],[-36,24],[-7,36],[11,38],[66,7],[-7,60],[17,54],[-31,35],[26,34],[9,40],[-9,60],[27,29],[-13,26],[-48,33],[23,39],[-7,34],[-43,46],[10,38],[24,15],[6,50],[58,-7],[51,39],[54,26],[-1,52],[32,29],[11,43],[-20,28],[-32,-9],[-32,25],[-21,40],[-14,86],[-35,37],[-39,-7],[3,44],[-35,18],[-40,-6],[-9,31],[-38,4],[-33,31],[19,71],[-24,29],[-62,-31],[-23,33],[-33,13],[-4,70],[-35,18],[-40,-18],[-76,22],[-26,22],[-2,43],[-42,16],[-44,33],[-41,6],[66,90],[-17,34],[-35,0],[37,22],[40,56],[9,34],[-20,27],[7,53],[-114,91],[10,111],[57,111],[7,36],[-26,32],[-54,10],[15,52],[-43,30],[34,33],[88,26],[9,12],[-31,63],[-45,-8],[-16,37],[60,44],[5,21],[-46,36],[10,51],[21,42],[65,71],[57,31],[58,69],[-50,60],[-68,-12],[-31,8],[-23,37],[9,35],[-10,50],[46,54],[-16,60],[43,29],[-36,44],[0,23],[-44,29],[53,45],[9,26],[99,43],[81,22],[48,42],[39,67],[26,6],[79,54]],[[67150,51466],[865,-283],[11,48],[70,58],[19,46],[-21,149],[40,112],[67,106],[51,7],[62,48],[28,57],[13,-65],[-24,-29],[-13,-72],[-38,-75],[2,-51],[-22,-32],[-7,-84],[-20,-49],[-6,-63],[-88,-100],[-14,-32],[12,-28],[50,11],[11,-50],[72,-50],[-7,-42],[26,-24],[515,637],[154,279],[98,187],[28,265],[449,-101],[-1,-78],[39,-42],[15,-68],[-20,-46],[4,-122],[21,-4],[268,-404],[147,59],[-12,41],[-32,51],[17,66],[-12,26],[11,90],[18,6],[-4,68],[37,58],[24,-5],[195,313],[-189,-9],[20,315],[332,31],[271,161]],[[70682,52753],[9,-69],[-14,-17],[10,-115],[25,-34],[-6,-33],[-171,-317],[452,61],[-6,-19],[-137,-70],[-307,-24],[-1,-47],[35,-40],[2,-58],[27,-50],[-33,-56],[5,-94],[64,-77],[61,-26],[57,-4],[-4,-50],[25,-51],[26,-94],[-10,-26],[3,-27],[34,-53],[-25,-38],[24,-66],[0,-57],[80,-19],[45,-27],[18,-36],[56,-2],[28,-73],[59,-53],[53,-2],[21,21],[53,-37],[12,-45],[-11,-132],[41,-76],[8,-83],[25,-16],[35,-75],[15,-53],[23,-25],[236,-331],[-16,-98],[224,-499]],[[71832,49541],[-10,-210],[-7,-78],[58,-201],[-220,-278],[-203,-1],[19,-74],[-11,-85],[21,-58],[-12,-81],[-17,-39],[-83,79],[-59,1],[-9,16],[-71,-3],[-154,-592],[-73,-8],[-42,-20],[-27,-75],[15,-82]],[[70947,47752],[-13,17],[-76,44],[-26,37],[-44,-49],[-38,63],[-65,-10],[-97,56],[2,90],[-73,9],[-30,43],[-58,44],[-40,38],[-61,15],[-54,65],[-40,31],[-51,-52],[-52,39],[-70,68],[-29,2],[-32,55],[-36,-11],[-54,45],[-18,55],[-80,18],[-65,48],[-50,63],[-67,53],[1,27],[-20,-11],[-56,21],[-12,39],[-93,96],[-55,25],[-57,6],[-23,-11],[-56,45],[-42,-20],[-25,25],[-35,-44],[-39,58],[-22,-9],[-37,34],[-53,-2],[-56,41],[-38,1],[-32,-21],[-84,5],[-79,-24],[-40,-27],[-29,17],[-79,-68],[-59,-8],[-58,-28],[-40,-36],[-19,11],[-81,-67],[-24,-42],[7,-43],[-21,-33],[-73,-11],[-45,-48]],[[68156,48526],[-19,31],[-4,61],[-72,36],[-28,39],[-64,-25],[-34,24],[-60,12],[-39,34],[-85,45],[-31,43],[-66,-7],[-19,22],[-48,17],[-30,-5],[-107,40],[-28,-6],[-54,54],[28,83],[-8,67],[-29,24],[14,59],[24,126],[28,50],[58,130],[28,137]],[[67511,49617],[33,44],[48,85],[-53,17],[-33,53],[-48,-14],[-60,18],[-25,-4],[-46,33],[-30,5],[-28,-20],[-42,38],[-99,44],[-16,19],[-63,-29],[-15,-29],[-37,8],[-74,41],[-33,-13],[-23,38],[-56,-59],[-11,46],[-51,17],[-30,-24],[-80,52],[-59,13],[-5,-28],[-77,15],[-67,-17],[-32,33],[-54,-23],[-47,-60],[-46,-16],[-63,-6]],[[66944,59376],[23,76],[26,116],[56,79],[-22,78],[18,83],[22,19],[57,-16],[54,-35],[107,-4],[13,24],[0,85],[36,43],[8,33]],[[67342,59957],[23,26],[526,5],[42,41],[49,-1],[25,31],[1,31],[29,36],[31,2],[53,-27],[30,-29],[60,30],[23,55],[59,32],[20,53],[171,18],[262,30],[693,-471],[374,-251],[357,-241],[76,151],[42,97],[20,86],[26,16],[49,63],[57,53],[34,20],[73,75],[23,45],[-6,114],[12,58],[69,56],[25,33],[8,39],[-8,134],[-15,56]],[[70655,60423],[19,-35],[38,-31],[8,-70],[24,-31],[20,-81],[-19,-48],[-46,-42],[-5,-23],[67,-55],[11,-30],[-10,-39],[50,-24],[-14,-30],[45,-26],[-6,-97],[43,-34],[-24,-51],[-47,-50],[-28,-74],[8,-60],[19,-31],[39,-107],[-13,-47],[21,-25],[-13,-82],[20,-27],[-12,-37],[-34,-25],[4,-57],[-8,-63],[-18,-19],[-16,-58],[-22,-36],[-44,-10],[-298,-320],[69,-355],[-24,-37],[-9,-43],[9,-63],[-30,-48],[-2,-42],[31,-54],[32,16],[29,-79],[52,-97],[-15,-15],[30,-48],[-6,-39],[49,-69],[93,17],[101,1],[28,-32],[-26,-20],[23,-39],[30,22],[16,-40],[3,-62],[21,-61],[-15,-99],[-37,-39],[-31,-85],[-51,-32],[-12,-35],[19,-78],[52,-155],[-25,-45],[-17,-105],[-13,-10],[-1,-108],[24,-44],[-37,-54],[1,-1],[362,-453],[21,-28],[-31,-72],[50,-73],[0,-82],[11,-35],[-154,141],[336,-578],[-6,-52],[19,-83],[-107,-108]],[[71276,55048],[-115,149],[-72,-187],[25,-16],[3,-79],[65,-41],[31,-63],[-27,-52],[-162,-32],[-15,-33],[-30,-13],[-62,23],[-35,-8],[-45,0],[-43,-18],[-41,-112],[2,-66],[-42,3],[-89,-53],[-32,-7],[-60,-42],[-30,-47],[-29,-10],[-53,13],[-31,-18],[-102,44],[-22,45],[-114,28]],[[70151,54456],[-550,-242],[2,127],[-267,-180],[-32,55],[6,70],[-24,83],[78,38],[-13,23],[7,59],[101,9],[22,47],[49,40],[33,75],[-33,29],[8,54],[-17,14],[10,79],[-30,94],[-75,34],[-1,83],[-36,41],[10,39],[-33,61],[-44,29],[-77,13],[-17,-60],[-519,-321],[46,-32],[23,-64],[-17,-100],[38,-80],[46,-155],[26,-41],[14,-53],[-9,-58],[16,-47],[30,-34],[-5,-118],[-10,-38],[-46,-57],[-33,-4],[0,91],[-16,72],[-5,94],[-51,68],[-82,21],[-27,22],[-17,53]],[[70151,54456],[-7,-36],[-29,-10],[1,-37],[42,-115],[-6,-32],[34,-39],[-7,-61],[36,-18],[12,-57],[51,-13],[-4,-48],[119,-22],[31,-52],[78,-2],[32,40],[39,25],[70,-27],[48,3],[99,-51],[29,14],[36,-10],[36,26],[55,-6],[42,-53],[49,-201],[3,-47],[76,-243],[-6,-37],[25,-27],[15,-52]],[[71150,53268],[-31,-8],[-13,-41],[-82,16],[-37,-36],[2,-32],[-40,-40],[-10,-30],[-34,11],[-78,-41],[-37,22],[-61,-37],[25,-28],[-48,-67],[3,-52],[-26,-31],[-1,-121]],[[67342,59957],[52,61],[48,31],[30,42],[6,62],[-7,71],[63,73],[55,77],[33,103],[9,79],[-16,56],[31,62],[88,5],[46,-13],[15,45],[5,40],[47,35],[16,54],[-9,52],[-69,39],[-12,34],[27,49],[-6,42],[-36,31],[32,57],[39,12],[24,44],[3,34],[29,32],[-28,51],[-73,49],[-46,5],[-4,21],[-93,42],[-53,40],[-28,89],[7,58],[-11,32],[-65,115],[-30,26],[18,50],[-20,13],[3,69],[-25,61],[33,95],[48,85],[38,31],[29,57]],[[67585,62255],[9,12]],[[67594,62267],[69,48],[140,37],[151,123],[95,131],[60,29],[25,3],[51,37],[46,54],[64,30],[69,-14],[35,-29],[41,-61],[62,-122],[51,-51],[40,1],[47,-53],[34,-14],[41,-74],[33,30],[54,0],[53,29],[37,-15],[19,-37],[44,25],[28,82],[32,7],[38,-23],[19,32],[37,-33],[39,-5],[33,-31],[36,-5],[-2,-33],[40,0],[62,18],[55,16],[40,-23],[29,-59],[-13,-61],[7,-58],[35,-105],[35,-17],[54,2],[61,-90],[20,-6],[53,39],[36,-30],[-5,-40],[20,-58],[2,-52],[47,-9],[66,9],[21,25],[7,51],[40,26],[53,72],[-13,36],[30,13],[39,-34],[53,-7],[23,15],[74,1],[38,48],[37,63],[43,-8],[37,14],[89,-14],[49,17],[16,29],[-5,56],[76,-1],[30,15],[28,42],[4,48],[18,30],[44,32],[77,39],[17,25],[-1,50],[70,49],[21,42],[59,19],[47,-2],[57,55],[39,14],[44,-24],[60,19],[101,-5],[78,17],[74,63],[19,3],[33,-3],[23,2],[32,12],[42,-39],[62,44],[38,-38],[23,0],[52,-39],[32,21],[13,34],[38,10],[32,41],[24,0],[49,-12],[15,34],[25,102],[44,61],[0,44],[44,49],[84,64],[23,42],[0,107],[21,83],[77,-1],[35,15],[9,46],[80,10],[62,74],[80,6],[7,-38],[50,24],[-2,48],[32,36],[19,61],[34,29],[-7,42],[34,35],[17,47],[35,2],[35,57],[49,56],[23,-9],[29,73]],[[72899,64006],[39,128],[29,44]],[[72967,64178],[51,-1]],[[73018,64177],[54,-52],[65,1],[53,-22],[37,31],[61,13],[19,34],[127,-4],[21,-7],[104,12],[-28,-98],[36,-42],[25,-57],[147,-10],[25,-56],[-14,-70],[22,-22],[47,38],[47,14],[41,-19],[4,-29],[29,-7],[56,24],[14,-36],[41,-55],[3,-46],[31,-68],[34,-20],[11,-63],[22,-12],[-1,-77],[39,-72],[5,-52],[16,-18],[9,-107],[38,-48],[60,-6],[32,-16],[12,-30],[56,-13],[51,-44],[55,9],[40,-55],[-6,-70],[-24,-66],[-31,-55],[32,-66],[-16,-49],[-48,-22],[-25,-48],[-43,23],[-38,-47],[42,-56],[-1,-47],[-19,-40],[7,-82],[-48,-33],[12,-34],[-39,-65],[60,27],[82,-18],[72,-42],[130,-40],[52,34],[61,7],[38,23],[23,40],[8,42],[22,28],[47,20],[31,-4],[66,-30],[33,60],[38,89],[40,26],[60,-51],[44,-17],[34,4],[50,68],[-6,54],[39,108],[25,41],[17,103],[32,117],[-18,86],[17,89],[20,64],[30,55],[56,42],[35,-6],[60,-39],[57,-55],[26,-37],[67,-6],[117,82],[26,39],[136,8],[58,12],[47,17],[131,195],[24,17],[34,81],[-13,83],[-49,97],[2,56],[30,44],[126,27],[94,-12],[91,64],[59,-13],[59,-1],[46,32],[7,24],[-15,53],[10,30],[-43,166],[9,50],[63,9],[33,-6],[81,7],[92,53],[27,34],[68,27],[17,22],[95,29]],[[77229,64471],[34,27],[20,49],[37,-1],[44,55],[81,24],[50,-37]],[[77495,64588],[-40,-44],[-238,-543],[-153,-350],[155,-225],[287,-402],[-26,-53],[9,-80],[-30,-39],[21,-50],[4,-91],[30,-49],[-12,-42],[10,-37],[44,-19],[20,-31],[69,-51],[15,-43],[-9,-109],[15,-19],[-30,-48],[-46,-381],[61,-76],[39,5],[21,-16],[86,7],[27,-25],[78,20],[21,-25],[50,-20],[24,10]],[[77997,61762],[-21,-75],[-39,-51],[-76,4],[2,-31],[-30,-124],[17,-22],[-20,-110],[14,-59],[-13,-50],[6,-264],[-6,-85],[-28,-44],[-7,-51],[-31,-22],[-27,-52],[-12,-59],[-22,-24],[14,-95],[-10,-147],[-10,-22],[-6,-90],[16,-62],[-385,299],[-432,94],[-169,100],[-114,144],[-93,156]],[[76515,61020],[-252,361],[-432,-90],[-484,-188],[-714,56],[-297,164],[-47,-84],[-37,-29],[-29,-50],[-526,-8],[7,-51],[-47,-66],[39,-96],[63,-55],[18,-39],[-4,-48],[11,-40],[-21,-19],[-83,-15],[-29,-54],[-80,-49],[-38,-58],[10,-54],[20,-22],[-30,-28],[-69,-6],[-28,-83],[30,-56],[29,-16],[-24,-66],[-60,-45],[-54,-23],[-16,-32],[-61,-45],[-4,-47],[-20,-13]],[[73256,60026],[-49,-38],[-40,13],[-67,-41],[-32,-64],[-49,24],[-1,-53],[-42,-69],[-27,-1],[-40,-33],[-90,-35],[-45,-67],[25,-48],[97,-29],[69,-54],[-35,-69],[0,-61],[-65,-13],[-4,-28],[-76,-41],[-28,-73],[-30,0],[-34,-23],[34,-57],[2,-56],[19,-33],[14,-81],[-34,-60],[8,-42],[-53,-47],[143,-39]],[[72826,58808],[-146,-230],[-13,47],[-40,-13],[-42,14],[-24,36],[-92,10],[-23,18],[-14,52],[-36,20],[-21,40],[-32,-4],[-248,175],[-282,-391],[14,167],[-34,44],[-25,111],[-18,48],[-37,65],[-45,32],[-32,50],[-18,75],[-34,46],[-26,17],[-11,74],[-60,97],[-19,71],[-34,29],[-6,90],[-46,44],[21,59],[-13,74],[-19,43],[6,67],[-93,93],[6,48],[-15,71],[-42,66],[-8,41],[-570,219]],[[71276,55048],[29,2],[-3,-45],[37,-76],[35,-14],[153,227],[110,-86],[19,222],[-23,75],[-1,118],[12,63],[22,30],[-3,32],[-30,51],[-6,50],[-58,80],[0,41],[-32,72],[51,48],[2,40],[-67,41],[-3,99],[-48,84],[24,15],[86,-46],[685,-387],[85,-46],[472,-280],[200,-152],[180,51]],[[73204,55357],[24,-47],[5,-79],[52,-162],[23,-27],[64,-226],[31,-30],[63,6],[-2,-51],[30,-21],[-26,-28],[-28,-101],[-75,-81],[13,-41],[-21,-25],[-23,-63],[-83,-33],[-20,-25],[-56,-11],[-43,18],[-86,-38],[-4,-26],[25,-68],[-6,-49],[14,-30],[19,-98],[-44,-42],[-31,-3],[-19,69],[-47,-35],[-49,-13],[-95,15],[176,-528],[37,-3],[7,-48],[72,-156],[4,-57],[24,-71],[13,-97],[49,-26],[60,-105],[-16,-84],[-50,-13],[2,-27],[41,-63],[21,42],[45,-11],[19,-31],[45,-32],[48,-87]],[[73406,52615],[-311,-123],[-20,11],[-34,-45],[-42,7],[-54,48],[-18,92],[-35,-56],[-74,-16],[-14,-23],[1,-85],[37,-84],[-4,-78],[-15,-67],[-229,-110],[-12,43],[-38,-5],[-80,-36]],[[72464,52088],[-10,248],[26,51],[-9,97],[27,2],[-18,102],[-101,111],[-60,107],[-5,38],[-31,44],[-211,-442],[-56,49],[-64,129],[-20,24],[-145,-194],[-13,69],[-52,67],[-20,76],[-39,88],[-58,33],[-31,-5],[-25,41],[-39,30],[-8,28],[-58,94],[-31,8],[-5,38],[-38,118],[0,35],[-60,-1],[-14,-38],[-41,1],[-105,132]],[[72826,58808],[472,-397],[-3,-50],[-16,-22],[-53,-15],[-44,5],[-39,-34],[7,-38],[-29,-55],[-13,-99],[73,-117],[8,-51],[312,0],[430,-343],[377,-479],[36,-78],[38,-9],[39,-43],[9,-49],[54,-37],[-30,-45],[-31,-15],[-262,-518],[-295,-282],[214,-249]],[[74080,55788],[-480,70],[-234,139],[-47,-64],[22,-81],[16,-24],[5,-88],[-16,-26],[-91,-48],[10,-23],[39,-7],[0,-52],[19,-87],[-33,-51],[25,-23],[-8,-37],[-103,-29]],[[72464,52088],[-13,-8],[32,-48],[-13,-29],[12,-65],[25,-8],[33,-43],[41,-17],[58,18],[16,-78],[73,26],[10,-43],[24,-212],[37,-18],[26,-82],[69,-31],[-435,36],[4,-31],[30,-50],[-17,-45],[31,-17],[31,-107],[63,-15],[16,-49],[-11,-48],[37,-36],[27,-102],[-8,-37],[55,-113],[10,-41],[31,-37],[-3,-70],[41,-87],[34,-41],[34,-15],[39,-39],[71,-6],[35,-17],[40,-47],[26,-4],[31,-34],[-36,-24],[11,-48],[-133,-387],[306,-96],[323,-171],[81,-48],[5,-45],[-31,-32],[-21,-64],[-30,-24],[-51,17],[-8,-31],[20,-36],[-12,-47],[-67,-15],[-4,34],[-55,-4],[-56,-46],[-10,-35],[-42,-23],[-25,21],[13,30],[-44,22],[-38,-2],[-14,-27],[-57,-13],[-45,20],[-27,-15],[-15,-39],[-58,-29],[-23,14],[-43,-71],[-222,53],[-310,70],[-34,49],[-49,32],[-85,8],[-288,12],[-100,133]],[[73406,52615],[9,-47],[30,-28],[15,-62],[38,-61],[40,30],[46,-16],[393,154],[25,-5],[103,-106],[-9,-47],[28,-66],[61,9],[86,-53],[-8,-30],[37,-42],[16,-40]],[[74316,52205],[28,-65],[82,-74],[-25,-63],[19,-36],[44,-38],[34,-52],[-2,-55],[23,-50],[6,-82],[-20,-28],[10,-30],[-14,-41],[-34,-31],[18,-62],[-25,-36],[6,-34],[-30,-21],[13,-49],[-16,-23],[18,-34],[-22,-48],[51,-47],[16,-33],[-8,-51],[31,-25],[50,-64],[22,-6],[-59,-28],[-34,32],[-59,-9],[-30,14],[-90,1],[-39,2],[-139,-41],[-50,18],[-35,-78],[-28,-32],[-34,-13],[20,-62],[-34,-10],[-50,32],[-29,-40],[7,-43],[-37,-5],[-10,-73],[6,-22],[621,-431],[390,-226],[140,-83],[163,-30],[317,-58],[18,-18],[65,125],[49,47],[24,43],[20,-17],[0,-44],[33,-6],[53,15],[39,41],[50,-90],[15,39]],[[75864,49977],[108,-484],[-24,1],[-25,-128],[-53,-7],[-29,-79],[53,8],[31,-24],[37,-4],[25,-27],[53,46],[54,70],[45,27]],[[76139,49376],[205,-272],[-37,-106],[-27,-43],[-5,-60],[-40,-26],[-46,-11],[-22,48],[-25,-33],[-29,15],[-52,-9],[-54,-26],[-5,-35],[-44,-94],[18,-3],[17,-66],[34,-60],[-23,-53],[-47,-162],[17,-51],[-1,-105],[-18,-52]],[[75955,48172],[-33,-86],[-44,-57],[-28,-21],[20,-32],[-60,-11],[-25,12],[-30,70],[-1,-108],[36,-9],[42,-85],[13,-64],[-2,-13],[-84,-291],[-321,78],[-212,-210],[-88,-54],[-42,-58],[-25,31],[-68,17],[-61,-293],[37,-497],[-27,-40],[-2,-78],[-38,-57],[-17,-24],[-85,-10],[-56,-45],[-25,31],[-53,-7],[-39,11],[-29,-38],[-41,17],[-68,80]],[[74499,46331],[-18,14],[-62,-22],[-26,-23],[5,-53],[-58,-24],[-41,55],[12,31],[-79,82]],[[74232,46391],[-30,0],[-4,-52],[-55,-47],[-58,-19],[-47,7],[-27,79],[-78,12],[-31,20],[-32,-69],[-1,-33],[-63,-66],[-68,0],[-27,-25],[-68,10],[-43,-55],[-52,-5],[-51,-74],[-27,27],[-30,3],[-67,29],[-23,26],[-52,6],[-46,-27],[-40,-3],[-48,24],[-85,-15],[-25,275],[-32,351],[-14,15]],[[73008,46785],[-174,177],[-52,60],[-80,76],[-674,695],[-106,-40],[-55,1],[-7,-37],[-48,-54],[-70,-28],[-9,-30],[-47,-3],[-92,43],[-82,-19],[-94,-24],[-25,-28],[-26,11],[-5,36],[-60,86],[-59,42],[-9,53],[-40,30],[-21,-35],[-90,0],[-54,-24],[-39,-41]],[[70990,47732],[-43,20]],[[73256,60026],[69,-6],[35,-23],[61,-90],[31,-16],[6,-30],[-11,-95],[33,-48],[103,-48],[18,12],[80,4],[59,26],[34,46],[28,-35],[77,-52],[38,-46],[23,-9],[5,-54],[50,-20],[47,-4],[25,45],[28,-20],[-3,-38],[-36,-42],[-62,-47],[1,-57],[-20,-18],[-7,-42],[848,-186],[171,-37],[15,-65],[-29,-80],[33,-45],[53,30],[61,-65],[37,-55],[113,-20],[92,-40],[59,18],[-9,-48],[46,-39],[31,20],[32,-19],[-89,-229],[102,26],[158,-172],[364,-405],[21,-20]],[[76077,57888],[-2,-14],[-16,-151],[299,-226],[224,-295]],[[76582,57202],[8,-46],[-29,-53],[-19,10],[-23,-43],[-50,-37],[-49,-1],[-34,31],[-19,-22],[-53,27],[-90,-46],[-25,54],[-76,-34],[-109,-31],[-22,-47],[-57,-1],[-57,-16],[-38,-27],[-55,43],[-66,-5],[-33,19],[-18,-34],[-60,-29],[-59,-61],[-1,-39],[-34,-82],[-14,29],[-42,-20],[-93,7],[-39,-12],[-29,32],[-70,-45],[-28,-26],[-2,-45],[-106,-97],[-41,-49],[34,-109],[-32,-47],[-24,-62],[-27,-40],[-39,-7],[10,-51],[-279,24],[-192,42],[184,-142],[28,-70],[38,-37],[-304,-264],[-63,-4],[-50,46],[-32,57],[-89,-14],[-18,12],[-51,-8],[-26,-33],[-38,-11]],[[74080,55788],[36,-355],[402,37],[341,30],[23,7],[39,-52],[74,22],[40,-20],[10,-71],[22,-46],[40,-8],[41,-51],[23,16],[50,-20],[34,-36],[30,11],[77,-38],[17,-42],[38,10],[156,-14],[26,20],[24,-47],[30,12],[53,-23],[2,-33],[37,7],[14,-86],[1,-55],[46,-72],[12,11],[77,-23],[29,-18],[18,-37],[58,-71],[-5,-28],[87,-84],[33,-81],[-9,-36],[51,-6],[34,-19],[25,-93],[1,-6],[56,-3],[111,29],[44,-52],[65,-7],[35,-61]],[[76528,54306],[-18,-369],[-166,-398]],[[76344,53539],[-65,-42],[-214,-219],[-69,-55],[-84,-21],[-74,11],[-55,-8],[-51,17],[-56,-107]],[[75676,53115],[-541,-182],[21,-35],[18,-77],[30,-8],[-293,-87],[-248,-32],[-223,-203],[-124,-286]],[[76515,61020],[-24,-1],[5,-33],[31,4],[4,-60],[25,-107],[-8,-84],[13,-48],[-10,-46],[9,-36],[1,-80],[24,-108],[9,-67],[-6,-56],[9,-80],[15,-42],[14,-94],[21,-74],[-7,-52],[8,-111],[7,-28],[-29,-76],[-16,-4],[-10,-83],[-15,-15],[-3,-92],[-14,-94],[18,-37],[7,-54],[37,-139],[37,-49],[29,-1],[40,-38],[-11,-44],[-8,-104],[30,-22],[-15,-35],[32,-26],[-2,-32]],[[76762,58872],[16,-72],[34,-35],[-8,-48],[59,-13],[-7,-43],[33,-38],[-8,-57],[9,-47],[-113,-173],[-63,16],[-69,64],[-56,-27],[-45,19],[-42,39],[-55,-1],[-41,59],[-40,-4],[-8,34],[-44,10],[-43,-38],[-46,-1],[-12,32],[-37,-9],[-35,25],[-95,43],[-36,35],[-73,23],[-24,-3],[164,-774]],[[75676,53115],[28,-228],[149,-15],[89,5],[14,-22],[74,-43],[31,-51],[30,-13],[31,-52],[170,-3],[129,-2],[22,-62],[64,-59],[73,-17],[-1,-102],[31,-112],[8,-71],[-24,-115],[26,-23],[5,-36],[-17,-31],[31,-31],[-25,-19],[11,-69],[87,-56],[26,-26]],[[76738,51862],[-30,-15],[-41,37],[-37,2],[-105,-67],[-1,-22],[-53,-71],[-6,-31],[46,2],[-4,-33],[46,-23],[-10,-47],[37,-42],[-23,-23],[37,-47],[44,-89],[-3,-23],[30,-77],[33,-73],[29,0],[2,-91],[23,-23],[1,-36],[-29,-38],[10,-35],[41,-18],[-3,-41],[-47,-88],[-8,-27],[-68,-36],[-41,-100],[-4,-42],[-85,-58],[8,-38],[-23,-86],[14,-20],[-84,-38],[43,-52],[-68,-58],[-39,-53],[-63,28],[-30,-64],[-29,-23],[-13,-39],[-98,45],[-28,11],[-18,-85],[4,-38],[-23,-102],[-21,-54],[-26,-47],[-42,20],[-37,-14],[-26,54],[-15,56],[-41,-13]],[[76582,57202],[59,32],[9,34],[34,22],[19,-17],[47,-3],[57,-40],[21,-47],[-21,-31],[16,-46],[56,-79],[29,-18],[49,-67],[17,7],[93,-55],[26,-32],[343,-211],[331,-304],[29,35],[42,106],[18,4],[42,51],[42,-3],[12,27],[-17,71],[3,39]],[[77938,56677],[213,-324],[210,151],[349,-75],[41,-8],[6,34],[89,74],[32,-12],[45,11],[97,-2]],[[79020,56526],[70,-6],[31,-29],[158,-635],[-141,-2],[7,-46],[23,-47],[4,-71],[47,-79],[-2,-21],[-189,-1],[-149,-288],[170,-11],[-109,-46],[23,-71],[-8,-100],[30,-117],[15,-49],[34,-67],[27,-27],[26,4]],[[79087,54817],[11,-33],[-20,-28],[-87,-23],[-28,-87],[73,-34],[85,-107],[-19,-42],[-20,18],[-168,91],[-100,22],[-69,156],[-1,73],[-119,-30],[31,-25],[19,-41],[-29,-32],[-11,-180],[43,-29],[-1,-49],[-110,-1]],[[78567,54436],[-223,-114],[-68,-39],[-35,38],[-75,35],[-27,46],[-9,48],[-39,21],[-81,-8],[-62,-24],[-33,6],[-80,-23],[-23,-29],[-16,-52],[-87,-8],[-33,30],[-90,-26],[-65,-59],[-105,-55],[-51,-61],[-55,3],[-40,8],[-62,40],[-99,24],[-28,19],[-22,55],[-62,16],[-12,-39],[-37,-14],[-1,-36],[-23,-32],[-24,0],[-33,36],[-3,21],[-45,46],[-69,-13],[-75,25],[-31,-1],[-19,-29],[-44,42],[-53,-27]],[[75955,48172],[40,-15],[55,22],[56,-13],[166,-181],[-20,-31],[39,-38],[9,-114],[-9,-10],[108,-538]],[[76399,47254],[162,-636],[4,-18],[46,28],[44,-2],[43,-22],[-2,-67],[43,-23],[28,-48],[-13,-48],[31,1],[-1,38],[41,58],[24,14],[31,-66],[37,-1],[58,52],[13,17],[130,-55],[-27,-34],[-12,-98],[20,-59],[-20,-60],[-5,-76],[-52,-26],[-6,-59]],[[77016,46064],[-64,23],[-69,47],[-44,8],[-14,-24],[-37,8],[-10,-36],[-77,-34],[-42,3],[-47,-59],[-27,-3],[-67,-57],[7,-31],[-55,-24],[-3,-52],[-114,-31],[-25,-35],[-34,38],[-37,15],[-27,3],[-18,-37],[-32,40],[-10,-73],[30,-44],[52,-52],[8,-31],[40,-27],[27,12],[64,-30],[16,-32],[-60,-53],[-100,-6]],[[76247,45490],[-19,12],[-76,8],[-13,-31],[-38,-3],[-19,21],[-35,-12],[-20,46],[-33,-4],[-33,30],[-6,29],[-47,9],[1,49],[-19,51],[-51,30],[-28,-11],[-44,11],[-67,-1],[-32,98],[-42,32],[-32,9],[-65,130],[-59,-13],[-27,-24],[-153,1],[-31,12],[-48,-14],[-105,33],[-16,69],[-43,49],[-19,16],[-54,-58],[-50,23],[-28,-36],[2,-42],[-54,6],[-42,-22],[-39,80],[-31,23],[-32,68],[-44,48],[-42,-27],[-36,55],[-44,19],[-35,72]],[[75085,43216],[48,-26],[25,17],[53,11],[30,31],[74,-86],[36,7],[29,34],[16,-30],[44,28],[9,58],[44,26],[3,74],[-16,63],[-27,29],[-36,-21],[-19,18],[-65,-12],[-26,33],[5,48],[52,93],[13,54],[-7,39]],[[75370,43704],[73,63],[23,-26],[-7,-43],[46,-42],[28,21],[47,-4],[19,29],[36,-7],[66,17],[-9,-34],[17,-27],[38,7],[21,62],[83,20],[49,-77],[31,-12],[20,27],[57,-14],[31,29],[75,-12],[48,-75],[59,21],[80,3],[12,-45],[48,-12],[39,-34],[52,-4],[59,26],[23,-26],[-1,23],[39,58],[39,-40],[52,4],[17,33],[49,5],[73,-39],[11,-21],[2,-70],[55,-34],[31,-50],[2,-52],[34,-1],[18,-28],[93,-5],[9,20],[84,1],[-12,-22],[20,-76],[26,-1],[17,-34],[-1,-79],[20,-18],[32,18],[-2,-57],[22,-22],[-15,33],[12,55],[49,34],[76,-25],[61,7],[83,44],[110,18],[45,-17],[75,-62],[42,8],[93,-14],[28,-20],[55,77],[23,19],[44,-10]],[[78044,43195],[-28,-21],[-63,-99],[-7,-97],[-39,-88],[3,-59],[-18,-113],[-6,-84],[-35,-35],[-32,-88],[-4,-129],[5,-67],[-16,-57],[-5,-63],[9,-130],[27,-129],[3,-47],[29,-107],[-2,-232],[8,-62],[-14,-46],[8,-52],[46,-105],[74,-112],[-35,-59],[-71,-68],[10,-40],[-44,-37],[-17,-30],[-118,-140],[-13,-33],[-11,-72],[-105,-48],[-55,-10],[-45,-27],[-69,-27],[-111,-76],[-62,-68],[-49,-68],[-64,-110],[-71,-165],[-73,-105],[-113,-228],[-4,-37],[-34,-98],[-11,-93],[-19,-19]],[[76803,39515],[-50,28],[-499,364],[-455,332],[-238,175],[-1,1]],[[75560,40415],[-10,57],[-74,47],[-9,46],[114,67],[87,113],[-17,40],[-37,21],[-18,65],[-27,18],[10,110],[-23,47],[-36,-2],[-35,40],[-38,-20],[-51,71],[-8,64],[-53,34],[-2,52],[-53,71],[-3,-45],[-29,-15],[-14,47],[-27,18],[-38,-37],[-15,36],[-33,32],[10,64],[-32,19],[-38,-31],[-34,27],[-33,89],[-31,35],[13,81],[-27,4],[-58,78],[3,24],[-82,35],[-47,51],[-45,-18],[-25,7],[-31,37],[52,29],[1,70],[-15,15]],[[74702,42008],[7,45],[-15,37],[32,8],[51,74],[55,28],[-32,29],[-21,50],[29,57],[-7,55],[20,26],[-12,34],[-33,9],[-13,84],[36,67],[12,87],[-30,24],[-3,37],[26,62],[10,72],[27,79],[62,51],[22,82],[20,34],[11,77],[27,27],[46,-5],[18,-31],[38,9]],[[77016,46064],[-3,-36],[54,-44],[60,7],[82,-64],[45,-13],[3,26],[56,80],[25,-24],[62,22],[19,-15],[15,-62],[29,4],[29,-66],[27,-6],[132,16],[5,34],[31,10],[75,75],[122,-10],[48,26],[47,-18],[41,0],[42,37],[456,49]],[[78518,46092],[12,-9],[57,-141],[19,-23],[-7,-93],[-52,-125],[-51,-157],[-14,-68],[-38,-95],[-35,-127],[-21,-85],[21,-80],[-59,-121],[-93,-122],[7,-30],[-18,-59],[3,-95],[32,-44],[-14,-41],[7,-51],[-36,-11],[-31,-36],[-50,-110],[1,-93],[-50,-159],[-5,-101],[-19,-85],[8,-50],[-8,-65],[-19,-29],[-3,-90],[-76,-129],[-15,-109],[6,-198],[29,-41],[38,-25]],[[75370,43704],[-14,47],[34,88],[24,112],[27,70],[34,-3],[68,33],[40,-30],[30,8],[88,-25],[-3,55],[-24,88],[69,73],[55,77],[6,33],[37,10],[38,-40],[31,18],[9,67],[36,23],[29,77],[18,91],[16,22],[49,45],[12,47],[27,3],[40,-28],[18,62],[44,36],[36,0],[-8,51],[-35,51],[80,105],[37,21],[1,79],[-10,33],[60,67],[9,28],[-40,51],[-21,72],[-86,96],[-30,12],[46,61]],[[76344,53539],[430,-65],[233,-33],[103,40],[122,76],[21,-105],[22,-50],[41,-17],[42,16],[29,-15],[155,-12],[21,-141],[27,86],[47,3],[28,-21],[58,0],[33,29],[44,-4],[-6,115],[139,124],[27,-54],[41,-36],[-11,-86],[34,-118],[6,-18],[-4,53],[33,42],[142,-42]],[[78201,53306],[12,-53],[21,-25],[-77,-175],[-76,22],[-52,-7],[2,-37],[-28,-23],[-28,53],[-136,-91],[34,-74],[64,33],[53,15],[37,-59],[-376,-38],[-5,-120],[88,-35],[38,-52],[65,32],[76,-96]],[[77913,52576],[-59,-23],[-59,3],[-2,-36],[35,-40],[8,-42],[-63,-10],[-31,65],[-48,6],[-28,52],[-76,94],[-16,3],[-15,-73],[-23,-51],[-51,9],[-45,40],[-77,-20],[-50,16],[27,-74],[-15,-18],[10,-60],[-39,20],[-16,-62],[-33,-18],[0,-29],[-40,-4],[48,-94],[-43,-34],[-27,-94],[-35,-7],[-50,-43],[-21,-3],[-36,-71],[-43,-27]],[[77000,51951],[-19,20],[-33,-13],[-58,-18],[-26,-52],[-66,-89],[-60,63]],[[77000,51951],[27,-46],[37,0],[6,-29],[34,-24],[39,29],[25,-54],[20,-13],[53,7],[63,45],[75,-25],[10,-28],[38,-36],[42,1],[-19,-95],[-12,-10],[29,-23],[47,57],[-25,-145],[11,-99],[-82,58],[-69,-12],[-14,-39],[-33,12],[-57,-21],[-5,-51],[30,-35],[-2,-31],[215,-38],[206,73],[-119,-358],[-8,-37],[-42,-22],[-11,-36],[16,-54],[-21,-6]],[[77504,50866],[-34,7],[-59,-27],[-39,53],[-23,-45],[-33,33],[-25,2],[-44,40],[-41,-8],[2,-535],[35,-53],[-35,-30],[-19,-123],[-29,-41],[-18,-88],[-69,27],[-20,-57],[-45,-3],[-1,-47],[304,-130],[1,-23],[-33,-35],[-18,-40],[-51,-9],[-33,28],[-9,-47],[-42,25],[-69,-11],[-23,26],[29,71],[-31,26],[-29,-2],[-49,-29],[-59,58],[-6,37],[-29,16],[-25,-46],[-56,-21],[38,-45],[-38,-34],[-11,-84],[-32,-33],[-52,22],[-26,-30],[-33,5],[12,59],[-48,-29],[-42,25],[-69,-44],[-27,-44],[-26,-147],[-50,-29],[-40,50],[-58,-7],[-13,-39],[-34,-47],[-91,-38]],[[76762,58872],[219,-2],[140,-1],[329,32],[28,-47],[-11,-45],[12,-31],[-8,-88],[-18,-81],[12,-127],[-17,-41],[62,-8],[51,-46],[2,-30],[46,-30],[60,4]],[[77669,58331],[20,-40],[-10,-47],[-33,-29],[-8,-72],[117,-388],[156,-170],[63,-545],[36,-93],[-19,-19],[-5,-78],[-30,-35],[-7,-94],[-11,-44]],[[77504,50866],[-63,-150],[-8,-40],[-28,-37],[-19,-50],[5,-38],[74,-27],[1,-34],[39,1],[29,-85],[25,-27],[-42,-128],[7,-19],[130,-24],[153,121],[51,17],[69,2],[68,26],[89,-48],[64,0],[114,38],[8,35],[55,23],[9,40],[-26,57],[-26,14],[4,49],[24,32],[16,51],[-1,45],[-25,59],[2,62],[24,51],[51,27],[26,34]],[[78403,50943],[34,-34],[18,-56],[1,-82],[-25,-96],[-38,-256],[-48,-170],[-6,-70],[-16,-27],[-8,-98],[-15,-97],[27,-49],[-11,-82],[-24,-82],[-4,-65],[-30,-141],[-23,-148],[-20,-60],[-2,-82],[-37,-133],[-21,-100],[-9,-185],[11,-143],[26,-66],[41,-40],[15,-32],[-3,-63],[13,-229],[21,-53],[28,-117],[5,-73],[-3,-202]],[[78300,47812],[-56,3],[-43,-57],[-51,-15],[-230,118],[-24,61],[-23,-9],[-48,24],[-40,-22],[-46,-3],[-41,-30],[-26,4],[-61,-21],[-31,21],[-25,-26],[-65,-74],[-59,18],[-5,25],[-56,139],[-14,54],[-50,-35],[-13,-23],[-168,-66],[-132,106],[27,-69],[-7,-166],[-32,-60],[6,-26],[36,-9],[-13,-64],[16,-52],[-19,-53],[-35,-55],[3,-73],[37,-43],[-50,22],[-46,3],[-79,-9],[-29,-82],[-57,12],[12,-85],[-38,-23],[-4,-33],[-43,7],[-24,-68],[-17,-15],[-52,47],[-56,-15],[-19,77],[-22,3],[-11,47],[-78,32]],[[78567,54436],[40,-14],[-3,-49],[44,-18],[10,-37],[58,-11],[37,-31],[-32,-71],[23,-64],[4,-61],[-35,-34],[-36,-57],[-41,-13],[15,-39],[-6,-35],[33,-111],[21,-37],[-23,-32],[-8,-81],[-30,-49]],[[78638,53592],[-39,39],[9,68],[-42,64],[-15,46],[-41,42],[-61,33],[-21,68],[-36,-9],[-39,16],[-74,-27],[0,-58],[-40,-4],[-46,-19],[-13,-36],[13,-43],[-5,-65],[-47,-49],[-16,-94],[15,-58],[30,-22],[35,-58],[3,-27],[-61,-11],[10,-38],[44,-44]],[[78300,47812],[3,-76],[-2,-262],[13,-166],[9,-34],[30,-211],[6,-41],[38,-146],[20,-107],[8,-83],[-2,-149],[13,-168],[31,-137],[18,-9],[36,-120],[-3,-11]],[[77997,61762],[34,17],[17,2]],[[78048,61781],[144,-133],[18,-76],[37,-60],[46,-31],[55,-68],[0,-80],[67,-86],[99,-383],[632,-551],[347,-240],[-23,-37],[-163,-334]],[[79307,59702],[-35,-46],[17,-74],[-26,0],[-43,31],[-338,-288]],[[78882,59325],[-1,-1],[72,-45],[19,-80],[61,-41],[36,-59],[2,-46],[-359,181],[-30,-18],[7,-81],[-5,-39],[-27,-22],[-6,-82],[-101,-44],[-30,-45],[-41,-30],[-49,13],[-51,-33],[-29,0],[-47,-89],[-262,-509]],[[78041,58255],[-110,19],[-16,-22],[-93,54],[-44,-4],[-109,29]],[[77913,52576],[39,21],[87,-69],[26,-10],[23,24],[98,19],[47,-12],[46,49],[3,-55],[33,-2],[110,112],[44,-20]],[[78469,52633],[-23,-14],[-42,-69],[-26,-77],[-15,-122],[3,-56],[16,-59],[26,-48],[14,-24],[57,59],[30,-30],[0,-81],[36,-84],[-19,-55],[-22,-20],[-12,-59],[-33,-23],[-12,-40],[-8,-89],[19,-41],[55,-57],[-10,-49],[40,-17],[-4,-83],[-60,-40],[-13,39],[-30,4],[-65,-56],[1,-26],[-51,-71],[-22,-75],[-5,-100],[36,-106],[33,-47],[40,-74]],[[80525,62108],[-42,-67],[9,-29],[-47,-80],[-3,-49],[16,-32],[53,-51],[6,-43],[-83,-118],[13,-132],[22,-68],[68,-70],[48,-26]],[[80585,61343],[-423,-169],[-465,121],[1,293],[-285,63],[-22,2],[-747,170],[-350,-3],[-246,-39]],[[77495,64588],[27,-29],[74,0],[58,-14],[31,-51],[0,-33],[20,-48],[35,-25],[5,-151],[25,-55],[75,-14],[45,12],[27,38],[27,-39],[29,-15],[93,-19],[84,-30],[70,-12],[42,-45],[58,-46],[25,-54],[53,-28],[58,21],[163,29],[107,-9],[23,-14],[128,-132],[51,-21],[23,-24],[19,-50],[10,-94]],[[78980,63636],[8,-68],[42,-76],[31,-20],[50,-11],[25,18],[33,63],[4,159],[39,94],[44,67],[41,20],[102,-27],[60,-43],[22,-41],[-21,-92],[-76,-67],[-15,-50],[13,-32],[24,-55],[43,-50],[78,-65],[76,-31],[26,3],[40,32],[52,61],[50,27],[37,1],[47,-61],[29,-58],[-1,-27],[-30,-38],[-39,-21],[-12,-28],[45,-53],[-34,-39],[6,-62],[13,-19],[54,-61],[19,-74],[-16,-41],[83,-188],[29,-101]],[[78638,53592],[42,-31],[60,41],[101,36],[125,55],[6,-39],[39,-72],[46,-37],[89,-48],[75,-49],[53,-65]],[[79274,53383],[-121,-29],[24,-72],[-24,-64],[-37,-30],[-57,-96],[-34,-10],[-56,-47],[-35,-12],[-51,-72],[-31,-16],[-28,-61],[-80,-45],[-15,-28],[-35,-6],[-71,-45],[-34,-48],[-120,-69]],[[78041,58255],[32,-13],[18,-36],[46,-10],[52,53],[31,-26],[36,-2],[23,-58],[123,15],[176,-762],[129,-69],[1,-1],[2,0]],[[78710,57346],[125,-339],[185,-481]],[[78882,59325],[358,157],[22,-36],[46,-21],[73,-61],[31,-8],[5,-30],[28,-13],[20,-34],[48,-41],[76,-102],[1,33],[30,74],[74,-16],[-7,-597],[315,205]],[[80002,58835],[-19,-78],[29,-47],[-16,-29],[-3,-65],[19,-48],[7,-50],[24,-29]],[[80043,58489],[-163,-399],[-47,35],[-69,-8],[-35,-28],[-120,-36],[-15,-24],[-49,-19],[-9,-49],[11,-61],[-19,-28],[53,-78],[5,-25],[90,-97],[16,-45],[69,1],[44,-51],[35,-66],[74,-14],[44,-18],[27,-33],[71,-44],[-53,-25],[-69,-69],[2,-47],[-73,-459],[-444,218],[-1,36],[-90,61],[-618,229]],[[80585,61343],[5,-107],[-19,-35],[-7,-54],[-27,-54],[21,-25],[37,-93],[27,-34],[46,10],[27,2],[28,-26],[88,-8],[94,-50],[19,-30],[2,-63],[0,-3],[7,-55],[38,-109],[59,-87],[7,-28],[-14,-47],[1,-63],[32,-22]],[[81056,60362],[55,-311],[14,-39],[-61,-30],[-48,-4],[-9,-21],[-81,-55],[-37,-36],[3,-35],[-27,-26],[-16,-44],[84,-138],[12,-84],[-10,-57]],[[80935,59482],[-95,113],[-24,-50],[-88,-63],[10,65],[-26,38],[18,42],[-20,16],[33,59],[-20,29],[-39,-13],[-47,23],[-67,-3],[-17,12],[-52,-7],[-33,-25],[-83,49],[-69,-24],[-29,-34],[-38,10],[-61,-19],[-152,247],[-146,141],[-130,47],[-22,-30],[-26,-120],[-68,-62],[-36,-100],[-25,-108],[-276,-13]],[[79087,54817],[23,50],[28,133],[118,-43],[1,-39],[29,-43],[45,-12],[13,114],[-2,54],[28,54],[-7,22],[50,-44],[41,-15],[226,87],[205,-75],[35,-33],[170,140],[35,-7],[307,-55],[-23,25],[-53,2],[-6,84],[31,48],[-24,13],[0,45],[97,-1],[33,-59],[3,-80],[173,-166],[-33,-181],[-27,-44],[81,-4],[15,-30],[60,8],[4,-59]],[[80763,54706],[0,-13],[-133,-207],[-39,-71],[-25,-73],[-43,-81],[-65,-46],[-25,-44],[-12,-58],[-63,-56],[-31,-48],[-74,-80],[-41,-61],[-101,-133],[-21,-17],[-39,-69],[-41,-43],[-33,-55],[-68,-57],[-38,-50],[-87,-117],[-51,-35],[-50,11],[-51,-26],[-157,-132],[-136,13],[-112,20],[53,117],[-6,88]],[[80043,58489],[81,-52],[-15,-39],[29,-58],[64,-36],[31,-42],[21,28],[37,-16],[4,-74],[28,-24],[31,-65],[-36,-58],[21,-48],[30,-3],[9,-36],[-9,-54],[56,-64],[44,3],[59,-52],[38,2],[16,-68],[-30,-18],[15,-47],[-26,-33],[19,-30],[-35,-44],[4,-36],[42,-115]],[[80571,57410],[33,-108],[34,-13],[-3,-38],[39,-31],[17,49],[51,-17],[13,-69],[44,9],[65,-41],[-28,-41],[48,-24],[41,-43],[30,-65],[24,-12],[91,-10],[21,-30],[111,-60],[56,-20],[31,64],[-2,31],[69,33],[26,-46],[38,-10],[33,31],[21,-60],[22,30],[36,-19],[79,-2],[5,33],[25,26],[90,4],[62,25],[80,69],[62,82],[45,32]],[[81980,57169],[15,-51],[-93,-107],[-76,-144],[-136,-309],[-61,-143],[-12,-14],[-3,-22],[-95,-231],[-81,-211],[-54,-125],[-7,-61],[-142,-246],[-10,-42],[-49,-91],[-73,-114],[-43,-79],[6,-6],[-69,-115],[-60,-79],[-137,-233],[-37,-40]],[[80935,59482],[-32,-50],[9,-65]],[[80912,59367],[37,-273],[-356,-163],[-60,-25],[-53,2],[-13,69],[-45,66],[-22,5],[-47,-8],[-28,25],[-24,-23],[-33,6],[-16,-25],[-33,0],[-72,21],[-17,21],[-46,-14],[-26,-3],[-12,-35],[9,-87],[-18,-58],[-35,-33]],[[73098,79004],[142,95],[57,-14],[95,-4],[23,10],[115,-17],[62,-18],[6,22],[47,-10],[154,11],[104,28],[14,23],[81,-6],[46,31],[105,-8],[17,-44],[66,14],[59,28],[30,31],[36,10],[61,-6],[94,3],[53,11],[48,-7],[130,17],[30,14]],[[74773,79218],[-25,-27],[54,-85],[71,-18],[-11,-73],[20,-28],[-3,-54],[34,-19],[38,-275],[-35,-114]],[[74916,78525],[-142,-72],[-252,144],[-145,75],[52,-203],[28,-166],[13,-48],[-12,-39],[50,-35],[-315,81],[-10,-73],[36,-49],[-8,-43],[9,-54],[-70,-38],[6,-49],[-14,-32],[-55,-56],[5,-14],[87,30],[35,-10],[-4,-41],[-25,-5],[-35,-100]],[[74150,77728],[7,-33],[-21,-20],[-23,-53],[1,-49],[-34,-20],[22,-64],[-34,-25],[-249,246],[-53,46],[-63,15],[-10,31],[-71,48],[-87,27],[-49,-5],[-47,193],[-125,-459],[-56,-51],[-54,3],[-27,16],[-27,-30]],[[73150,77544],[-68,12],[0,53],[-41,34],[7,85],[-18,21],[-80,-4],[-33,41],[6,48],[-31,72],[37,57],[5,60],[164,319],[-14,46],[39,65],[122,124],[-12,96],[30,51],[-19,67],[-30,56],[-4,30],[-58,6],[-42,21],[-13,23],[1,77]],[[74150,77728],[7,-1],[49,-88],[13,-44],[-23,-74],[-57,-93],[-80,-60],[-24,-39],[29,-238],[34,-142],[-41,-150],[111,-20],[145,8],[7,-44],[-30,-87],[-19,-25],[-38,-15],[-19,-34],[-34,-11],[-17,18],[-60,-13],[38,-27],[12,-41],[163,30],[-52,-92],[-73,-12],[25,-85],[-39,-14],[2,-67],[6,-38],[-29,-40],[15,-18],[-2,-69],[-31,-54],[21,-68],[74,-58],[30,-21],[63,10],[53,-16],[8,-31],[41,25],[23,-9],[12,-76],[-37,-82],[104,-27],[164,12],[44,17],[56,-13],[31,-24],[11,-35],[45,-68],[76,25],[17,33],[76,64],[23,-116],[-19,-14],[-46,-40],[-22,-50],[-22,-15],[-13,-51],[-53,-27],[-12,-66],[-40,-33],[-30,-49],[-24,-81],[24,-53],[-65,-82],[-4,-76],[-30,-72],[23,-72],[1,0]],[[74741,74810],[10,-52],[-10,-51],[-32,-54],[-54,-7],[-78,-167],[-21,-41],[-137,-29],[-12,15],[-56,5],[-60,-15],[-42,19],[-41,-30],[-41,-4],[-62,12],[-36,-8],[-148,1],[-19,74],[-24,-5],[-29,74],[-48,24],[-33,32],[-71,28],[-33,33],[-40,4],[-27,27],[-106,8],[-46,38],[-37,-19],[-16,37],[-58,-15],[-11,25],[-40,1]],[[73283,74770],[40,15],[30,49],[11,52],[29,33],[3,69],[26,54],[1,62],[39,84],[-4,59],[21,33],[42,88],[31,41],[1,45],[-37,188],[81,131],[1,1],[18,29],[-61,14],[-16,51],[-31,62],[51,171],[-9,46],[-108,8],[-32,39],[-37,-1],[-128,-42],[39,46],[-22,69],[45,55],[20,69],[-20,76],[-37,40],[-4,36],[-44,50],[-22,95],[-39,18],[66,69],[24,42],[-16,45]],[[73235,76861],[9,71],[40,23],[0,21],[-36,24],[-53,7],[-15,22],[-49,19],[-33,-8],[-43,18],[23,144],[-30,92],[-52,26],[1,43],[69,20],[25,50],[-3,37],[14,57],[48,17]],[[74741,74810],[176,129],[113,-55],[174,-53],[15,-10],[79,-255],[5,-4],[32,-75],[18,-14],[1,-97],[62,-54],[30,-54],[62,-21],[53,-29],[57,-7],[33,10],[80,-52],[38,24],[35,117],[120,90],[301,-44],[-8,-101]],[[76217,74255],[-23,-24],[17,-45],[-39,-38],[-2,-26],[56,-98],[63,-54],[2,-24],[-76,-47],[-11,-27],[-38,0],[-39,-58],[20,-150],[-1,-61],[-28,1],[4,-48],[-58,-65],[-12,-32],[-76,-46],[-289,-159],[54,-11],[20,17],[43,-11],[34,9],[14,-23],[37,18],[18,-35],[71,-10],[18,-70],[-33,-68],[-2,-62],[-26,-79],[56,-12],[19,-80]],[[76010,72837],[-11,-41],[-68,-39],[-5,-97]],[[75926,72660],[-35,-51],[-73,-91],[-12,-100],[9,-46],[-5,-66],[-31,-50],[-43,34],[-53,-10],[-13,-38],[-30,-27],[-56,-29],[-35,-29],[-16,-94],[14,-61],[38,-97],[-37,-48],[-135,-121],[-19,19],[-53,19],[-48,-15],[-60,7],[-68,-104],[-28,-60],[-94,-48],[-35,7],[-38,-24],[-45,19],[-34,36],[-99,-72],[-58,13],[-61,-40],[-22,-1],[-39,32],[-52,-40],[-31,-60],[39,-91],[-49,0],[-48,-59],[-11,-64],[-73,-52],[19,-24],[-7,-53],[17,-48],[40,-22],[-50,-58],[3,-36],[-24,-34],[-83,0],[-52,-37],[-112,-1]],[[74138,70845],[-35,127],[-29,22],[-48,6]],[[74026,71000],[9,61],[31,44],[6,37],[30,42],[-14,140],[-39,44],[9,44],[-27,89],[-8,61],[7,62],[-10,106],[-16,39],[8,51],[-32,53],[-5,46],[-18,33],[53,34],[16,45],[12,89],[-21,33],[-9,78],[-37,40],[-9,58],[17,21],[-10,44],[9,45],[24,24],[-9,66],[-30,21],[-18,42],[51,16],[22,26],[-13,45],[-27,35],[-15,26],[5,42],[34,29],[12,77],[-31,28],[6,57],[28,21],[-54,60],[31,43],[-22,65],[15,49],[-8,27],[-46,12],[-28,40],[-51,0],[-9,32],[-84,74],[-26,50],[-28,-31],[-71,38],[-33,88],[-79,12],[25,63],[-8,46],[-59,36],[-36,66],[-49,66],[-29,-22],[-47,58],[-25,46],[13,45],[-48,54],[23,39],[-9,67],[24,33],[20,64],[35,26],[-10,22],[-79,26]],[[73265,74288],[54,105],[48,48],[46,72],[-47,92],[-60,46],[-9,29],[28,76],[-42,14]],[[74916,78525],[26,-31],[37,-5],[61,-68],[2,-72],[48,-90],[24,-17],[7,-50],[25,1],[45,-87],[46,-8],[58,-35],[51,5],[39,-39],[56,-15],[-7,110],[92,-55],[260,226],[58,4],[204,-58],[154,-249]],[[76202,77992],[-15,-54],[-35,-32],[-70,-43],[-15,-98],[-27,-51],[-44,-34],[4,-26],[-36,-68],[10,-56],[-22,-75],[1,-81],[9,-23],[-21,-40],[-42,-32],[61,34],[47,-5],[101,15],[-21,-90],[-51,-87],[-25,-122],[11,-47]],[[76022,76977],[8,-127],[81,-41],[116,-435],[-186,125],[18,-81],[100,-82],[29,-60],[57,-31],[-3,-93],[42,-23],[51,3],[0,-57],[50,-36],[-9,-51],[38,-39],[49,-11],[52,-107],[48,-36]],[[76563,75795],[-32,-39],[29,-80],[6,-65],[49,-24],[45,-54],[-19,-50],[13,-30],[-4,-66],[57,-84],[-5,-42],[-92,-64],[32,-43],[28,-118],[-4,-42],[-65,-49],[-19,-49],[40,-52],[41,10],[48,-6],[42,-34],[8,-50],[-85,-64],[-42,2],[-28,-28],[-23,-48],[-2,-47],[52,4],[24,-50],[32,-27],[-26,-52],[-26,-61],[-146,32],[17,-90],[-57,32],[-41,-22],[-30,6],[-42,-64],[4,-31],[-27,-40],[-67,2],[-31,37]],[[75926,72660],[-17,-77],[23,-20],[0,-71],[19,-12],[-14,-54],[53,-20],[-2,-30],[39,-31],[-15,-49],[-33,-67],[-93,-42],[47,-41],[8,-49],[-4,-62],[-42,-63],[16,-60],[39,-18],[8,-38],[50,0]],[[76008,71856],[35,-18],[-5,-44],[12,-62],[-14,-40],[38,-13],[39,-107],[27,10],[62,-22],[25,-34],[-32,-45],[-48,-37],[73,-43],[28,-33],[53,12],[44,36],[8,-39],[-20,-21],[53,-45],[34,-13],[13,-89],[-7,-33],[-28,-36],[-34,-14],[-60,-99],[-37,-6],[-10,-56],[-55,-54],[-34,-1],[-28,-20],[13,-30],[33,-13],[69,62],[49,-47],[-4,-40],[-2,-40],[-20,-38],[13,-39],[-25,-20],[-43,-72],[-31,5],[-59,-30],[-52,-38],[-26,12],[-34,-20],[-20,-79],[8,-34],[-16,-31],[-45,1],[-6,-40],[-23,-26],[-5,-54],[-47,-109]],[[75867,70170],[-73,52],[-84,-15],[-71,-28],[-35,-32],[-31,4],[-57,-42],[-97,31],[-23,-27],[-73,-27],[-55,-25],[1,-26],[-45,-37],[6,-38],[-49,-62],[-108,-35],[-18,-61],[-27,-41],[-52,0],[-101,-26],[-31,-27],[-78,3],[-29,-38],[3,-29],[-21,-52],[-38,-29],[-50,2],[-29,-23],[-47,-1],[-39,37],[-107,-1]],[[74409,69577],[-8,58],[-32,59],[-74,79],[-6,58]],[[74289,69831],[-14,78],[6,27],[-5,82],[-20,90],[53,106],[3,61],[-15,57],[-53,47],[-30,74],[-64,87],[11,55],[-13,109],[16,56],[-26,85]],[[75867,70170],[19,-81],[85,-102],[-25,-34],[-23,-120],[17,-53],[40,-50],[-2,-41],[19,-67],[-39,-16],[-30,-85],[39,-14],[8,-26],[-46,-90],[97,-13],[20,-23],[61,10],[83,-76],[24,38],[86,45],[119,2],[13,-52],[49,30],[75,70],[7,84],[79,42],[-2,-54],[20,-21],[39,14],[23,-22],[73,9],[26,-29],[7,-58],[17,-29],[4,-132],[60,-13],[48,-23],[-43,-100],[35,-42],[2,-42],[24,-21],[5,-47],[45,17],[-26,27],[25,40],[1,71],[51,51],[72,-23],[24,59],[52,-2],[34,-57],[46,-30],[57,17],[-1,25],[44,45],[35,-36],[33,17],[18,-21],[44,14],[26,-12],[59,41],[8,53],[-60,-8],[-26,31],[40,56],[12,42],[51,31],[5,51],[20,65],[-39,53],[-45,12],[9,49],[41,57],[123,-54],[21,0],[46,-62],[36,-5],[44,-27],[-22,-54],[27,-61],[23,-25],[38,8],[33,-52],[-1,-43],[47,-14],[87,23],[36,23],[-22,63],[40,-6],[64,34],[43,6],[39,-12],[40,26],[85,107],[12,118]],[[78474,69666],[10,-25],[86,-17],[14,-23],[-7,-55],[49,-89],[17,-51],[-34,-56],[26,-55],[-1,-22],[45,-46],[-2,-21],[86,-72],[-74,-13],[15,-57],[8,-122],[-50,0],[-46,-29],[82,7],[15,-20],[60,2],[25,-13],[-20,-51],[-2,-43],[44,-14]],[[78820,68781],[13,-14],[8,-61],[30,-88],[-19,-34],[-32,-16]],[[78820,68568],[-37,-19],[-58,30],[-109,29],[-118,-268],[-111,0],[-94,-105],[-55,-70],[-1,-111],[-135,-104],[-13,-63],[22,-27],[-20,-30],[18,-67],[-38,-38],[-3,-52],[12,-69],[40,-136],[6,-51],[-13,-39],[-39,-18],[-106,26],[-18,12],[-92,-134],[50,-156],[222,-161],[-88,-128],[-39,-77],[-36,-30]],[[77967,66712],[-55,8],[-47,45],[-36,21],[-33,-19],[-62,-4],[-5,54],[-39,44],[-82,-13],[7,94],[22,39],[1,36],[-42,75],[-11,63]],[[77585,67155],[0,10],[-95,86],[-20,35],[-63,49],[-16,-1],[-37,26],[-43,15],[-26,16],[-62,18],[-40,66],[-35,19],[-78,62],[-49,33],[-67,84],[-117,54],[-27,31],[-53,-14],[-137,-11],[-91,-31],[-59,8],[-30,-9],[-64,18],[-73,-37],[-32,3],[-25,1],[-37,-56],[-66,-74],[-51,-15],[-49,16],[-38,-26],[-124,-3],[-159,-37],[-216,-50],[-58,107],[-41,11],[-64,34],[-77,-22],[-86,-10],[-124,-12],[-121,8],[-105,-11]],[[74830,67546],[18,123],[-2,32],[41,37],[25,47],[-9,90],[12,99],[20,95],[38,142],[-12,37],[68,103],[36,78],[35,37],[-1,39],[49,34],[-50,23],[-1,122],[10,29],[-18,74],[9,113],[29,13],[30,49],[34,26],[37,69],[-41,16],[-63,-40],[-34,-1],[-24,59],[-20,15],[-14,67],[-42,64],[-91,6],[-99,26],[-90,11],[-68,44],[-42,53],[-132,5],[-49,56],[23,94],[-33,45]],[[74773,79218],[24,23],[66,28],[31,39],[-4,26],[55,21],[94,-51],[43,-18],[99,-7],[43,10],[85,12],[101,-12],[74,3],[93,-17],[70,-1],[79,-60],[52,40],[55,-7],[52,-37],[62,9],[59,-17],[18,17],[61,-13],[78,-48],[21,2],[65,-47],[21,7],[122,-80],[27,-31],[97,-77],[47,-17],[56,-60],[78,-52]],[[76697,78803],[8,-44],[-350,-270],[6,-41],[-12,-85],[-77,-89],[30,-51],[-19,-73],[-22,-50],[-5,-34],[-26,-17],[-28,-57]],[[76563,75795],[11,38],[26,2],[4,60],[35,63],[70,23],[12,26],[45,25],[41,-1],[11,27],[56,-3],[54,-19],[29,-38],[50,5],[42,-26],[52,50],[35,-81],[244,46],[23,-22],[59,-13],[30,34],[76,20],[54,16],[67,-5],[26,19],[70,13],[35,60],[19,6],[313,-52],[79,10],[52,180]],[[78283,76258],[47,-132],[60,-72],[8,-67],[26,-7],[5,-62],[-18,-15]],[[78411,75903],[-27,-48],[-4,-45],[22,-38],[-51,-20],[-18,-36],[-52,-19],[1,-37],[-47,-4],[52,-14],[11,-30],[-20,-71],[-16,8],[-31,-49],[-39,-29],[3,-25],[41,-22],[2,-32],[-25,-39],[-34,-19],[-47,-31],[31,-27],[-20,-58],[-60,31],[-10,-18],[25,-50],[72,-58],[31,-58],[24,-14],[-121,-20],[11,-39],[-14,-21],[2,-64],[33,-65],[10,-41],[-142,-171]],[[78004,74630],[-63,-16],[-44,-50],[-51,23],[-8,-19],[-55,0],[-37,24],[-83,-22],[-24,-29],[-4,-67],[-19,-41],[-54,-26],[-73,-60],[-15,33],[-1,0],[-7,-40],[38,-25],[76,68],[38,3],[13,-23],[-22,-53],[-24,3],[-53,-48],[-5,-60],[-5,-47],[-44,-95],[24,-26],[16,-92],[-30,-44],[-11,-47],[14,-17],[11,-73],[-18,-27],[-52,55],[-19,70],[-61,-56],[-59,-14],[-41,-21],[-32,-43],[22,-78],[-72,-106],[-284,23],[-10,-30],[36,-69],[45,-41],[39,5],[68,-46],[36,-14],[-201,-349],[-6,-137],[9,-36],[-21,-35],[-22,11],[-32,-16],[-8,-44],[-19,-18],[-78,5],[-16,-30],[-38,-18],[-15,27],[-49,4],[-60,-31],[-39,-53],[-18,44],[-21,-4],[-63,43],[-68,-16],[-49,-60],[-82,54],[-19,65],[13,42],[-117,-38],[-28,24],[-30,-2],[-13,33]],[[76008,71856],[-25,14],[-38,88],[29,60],[39,22],[19,33],[46,-20],[79,14],[31,-22],[29,40],[46,-50],[32,28],[66,7],[33,15],[18,53],[40,81],[16,4],[73,-51],[87,15],[1,-33],[110,-19],[3,-25],[34,-25],[33,20],[71,19],[-4,-85],[103,82],[37,-1],[37,-22],[25,7],[63,-42],[33,32],[39,5],[2,-49],[24,-22],[68,-36],[-42,-79],[-32,-3],[-2,-32],[21,-24],[32,-69],[40,26],[239,-147],[-33,-58],[-5,-63],[45,-31],[-42,-17],[-20,-29],[5,-41],[-37,-92],[19,-27],[-23,-56],[34,-13],[-26,-75],[58,-54],[42,-10],[31,34],[62,-32],[26,20],[69,-9],[13,31],[58,6],[13,76],[59,-12],[58,9],[33,-66],[40,17],[87,-52],[30,-1],[19,-71],[49,-1],[-8,48],[51,0],[9,-29],[45,-26],[2,-129],[18,-69]],[[78344,70843],[20,-43],[-39,-87],[-12,-87],[-26,-76],[-119,-99],[8,-96],[-39,-35],[-28,-60],[-25,-4],[-18,-56],[-37,-59],[-28,-18],[3,-38],[-20,-23],[19,-40],[-35,-40],[8,-33],[45,-30],[33,4],[102,50],[234,-209],[84,-98]],[[76697,78803],[55,14],[31,-21],[48,-54],[36,12],[42,-19],[51,-101],[102,-36],[66,-59],[76,-40],[35,-49],[116,-44],[40,-48],[40,-27],[37,24],[50,-14],[20,-31],[51,-41],[86,-33],[51,-3],[47,-44],[89,-122],[49,-94],[19,-20]],[[77934,77953],[-32,4],[-12,-28],[-60,-41],[-19,15],[-50,-22],[-52,-48],[26,-86],[-13,-56],[6,-36],[-20,-109],[-46,-29],[-3,-33],[-34,-57],[-16,-74],[-20,-39],[20,-224],[64,-14],[2,-162]],[[77675,76914],[-45,-5],[-60,13],[-34,-27],[-16,21],[-30,-22],[-8,-50],[-78,-6],[-2,-29],[-55,-22],[-20,6],[-15,85],[-30,5],[-42,57],[-55,13],[-31,44],[-11,91],[-3,29],[-51,-4],[-45,17],[-7,47],[-73,23],[-42,-41],[-50,10],[-33,-33],[-69,12],[-47,70],[-13,-15],[-11,-79],[-151,34],[2,15],[-67,66],[-47,17],[-156,-149],[0,-42],[-30,-112],[-46,10],[-182,14]],[[78004,74630],[21,6],[25,-44],[70,5],[25,-33],[40,34],[74,-5],[44,-13],[42,-33],[-3,-21],[56,4],[9,-47],[-35,-50],[31,-31],[18,-61],[44,4],[13,20],[77,57],[21,76],[32,38],[35,-19],[68,2],[24,55],[28,7],[18,40],[33,20],[9,4],[62,10],[31,-6],[47,20],[31,-104],[44,-17],[33,-59],[65,-39],[91,66],[22,4],[100,-23]],[[79349,74497],[-9,-72],[29,-69],[-46,-57],[-24,3],[-53,-30],[-8,-75],[-82,-105],[-54,-31],[-24,-2],[-37,-54],[64,-115],[-22,-53],[44,40],[-10,39],[90,85],[144,-27],[28,-17],[53,28],[62,-3],[56,12],[39,-70],[13,-59],[-18,-11],[-180,-65],[10,-58],[-15,-9],[32,-67],[24,0],[-8,-68],[-26,-34],[-10,-96],[-281,51],[22,-116],[-4,-19],[10,-84],[-143,-196],[-58,13],[-10,55],[-23,2],[-47,7],[-59,-8],[-101,-59],[-81,-157],[-40,-22],[-30,-42],[-35,7],[-49,-33],[-18,-53],[-1,-99],[10,-102],[-7,-37],[27,-10],[0,-46],[21,-36],[-17,-323],[54,-140],[181,-351],[-10,-21],[-63,-46],[-8,-49],[-34,-5],[-3,-33],[-29,-31],[-114,-234],[-29,4],[-3,-41],[-28,-15],[-12,-46],[2,-67],[-22,-9],[3,-73],[-14,-35],[-11,-107]],[[78357,70851],[-13,-8]],[[77675,76914],[140,112],[158,-29],[315,47],[93,-65],[21,-31],[-12,-31],[-1,-86],[-53,-37],[13,-30],[-4,-49],[-37,-29],[-9,-59],[24,-54],[65,-115],[-10,-16],[43,-62],[-138,-122]],[[77934,77953],[49,-37],[59,-4],[48,-95],[56,-51],[72,-15],[59,36],[29,-3],[64,-57],[77,-117],[24,-63],[27,-38],[40,-1],[71,-75],[67,-33],[39,16],[14,-18],[89,-138],[37,-38],[58,-25],[57,-41],[70,-82],[53,-31],[112,-13],[30,-6],[99,-63],[81,-17],[40,9],[29,32],[63,-142],[86,-151],[84,-149],[93,-106],[42,-32],[69,-23],[113,-159],[38,-60],[28,-24],[102,-160],[66,-112],[79,-83],[74,-90],[35,-29],[46,-57],[54,-37],[68,-86],[105,-104],[87,-79],[49,-34],[35,-8]],[[80900,75260],[3,-51],[-78,-2],[-39,-26],[-51,33],[-90,4],[-4,-47],[-34,-21],[-12,-52],[19,-71],[20,-24],[-35,-87],[15,-34],[-45,-40],[-22,-45],[15,-53]],[[80562,74744],[-44,-34],[-44,-5],[-28,21],[-85,-5],[-19,10],[-46,-19],[-5,-50],[-41,-6],[-56,10],[-73,-21],[-72,84],[-44,40],[-130,78],[-64,63],[-55,14],[-31,32]],[[79725,74956],[5,53],[-18,35],[-156,207],[-16,-62],[-68,47],[-46,6],[-27,26],[-35,2],[-26,26],[-33,117],[-13,98],[10,36],[-23,29],[-24,62],[-106,135],[-4,46],[-81,15],[-93,-35],[-43,-47],[-29,53],[-24,-21],[-48,-1],[-65,67],[0,23],[-28,-3],[0,-40],[-117,-45],[-3,37],[-53,-25],[-37,68],[-36,5],[-23,-21],[-46,10],[-8,44]],[[78820,68568],[30,-8],[48,-38],[87,-44],[4,-29],[44,-19],[-16,-50],[46,-64],[-5,-28],[-42,-71],[9,-139],[66,4],[43,-20],[12,-75],[9,-24],[62,-48],[55,17],[20,-25],[27,-36],[16,-63],[-33,-61],[-1,-57]],[[79301,67690],[-18,-45],[-46,-66],[-11,-47],[-27,-44],[28,-12],[-4,-38],[-46,-25],[0,-34],[-73,0],[-6,-30],[22,-33],[-33,-50],[-22,-158],[-48,-18],[-26,-29],[-50,-12],[-9,-90]],[[78932,66959],[-5,-13],[-44,-24],[-13,-62],[-40,11],[-51,-29],[-64,-3],[-27,-25],[20,-25],[-15,-68],[-54,-15],[-53,23],[-22,-30],[-4,-62],[-30,-8],[-46,16],[-59,-47],[-10,-48],[14,-26],[-30,-71],[-26,-27],[6,-37]],[[78379,66389],[-9,-4],[-36,-1],[-50,26],[-26,61],[-28,-32],[-56,14],[-24,-52],[-63,-46],[11,64],[-6,59],[-25,59],[-2,40],[-8,27],[-39,44],[-20,42],[-31,22]],[[78357,70851],[48,55],[28,6],[70,-20],[-2,-67],[8,-68],[52,-20],[43,35],[20,-11],[69,36],[47,6],[35,15],[42,-21],[46,32],[58,-60],[-26,-41],[-10,-41],[25,-88],[88,-27],[65,50],[4,20],[84,39],[35,-19],[29,-63],[36,-25],[9,-27],[37,-31],[72,27]],[[79369,70543],[-20,-43],[-38,-14],[-19,-46],[-57,-42],[21,-34],[8,-29],[-34,-38],[11,-72],[31,-22]],[[79272,70203],[-20,-42],[-45,-15],[11,-41],[34,-26],[46,16],[61,-23],[-70,-78],[-32,-45],[-1,-39],[-55,-77],[-39,-33],[4,-49],[8,7]],[[79174,69758],[-44,-60],[-36,-72],[30,-60],[-39,-30],[-5,-29],[-18,-38],[23,-30],[-12,-49],[-47,-62],[1,-24],[37,-60],[9,-69],[52,-53],[34,-12],[-8,-30],[-51,13],[10,-40],[-33,-10],[-26,-39],[-36,-24],[13,-35],[-7,-39],[-43,-32],[-32,0],[-11,-30],[-37,-27],[-58,-18],[-20,-18]],[[79725,74956],[-48,-45],[37,-63],[-8,-86],[-79,-49],[-65,-105],[-54,-44],[-21,21],[-76,-20],[-33,-51],[-29,-17]],[[80562,74744],[31,-80],[-5,-30],[-39,-37],[-5,-43],[25,-10],[43,13],[31,-7],[-3,-172],[37,-94],[81,-146],[38,-72],[-56,-140],[41,-76],[153,-132],[23,-17],[110,-45],[188,-113]],[[81255,73543],[-2,-4],[-2,-3],[-71,-15],[-31,-23],[-20,-78],[-71,-100],[-25,-122],[-25,-43],[-2,-39],[11,-61],[-19,-66],[21,-46],[-10,-27],[-58,-50],[-51,-48],[-27,-12],[-36,-87],[7,-84],[-46,-75],[-18,-38],[-7,-77],[-22,-51],[-73,-11],[-35,-81],[-89,-49],[-17,-31],[-1,-44],[-35,-24],[-45,-109],[-43,-23],[-66,-68],[0,-66],[-15,-42],[95,-47],[-24,-39],[-35,-76],[-61,-68],[-41,-73],[6,-39],[-14,-86],[-45,-51],[-4,-31],[-33,-27],[-2,-2],[-8,-36]],[[80166,71271],[-26,-37],[-19,8],[-41,-30],[-95,-96],[-17,-27],[-1,-85],[-50,-58],[-71,-54],[-30,26],[-44,-2],[-57,-28],[-26,23],[-11,67],[-52,-10],[-18,-3],[-45,-50],[-32,-19],[15,-29],[-38,-29],[-35,-72],[-5,-53],[-56,-59],[-2,-28],[-57,-7],[-5,-52],[21,-24]],[[80900,75260],[48,-34],[99,-14],[14,-52],[-13,-13],[40,-43],[19,-73],[31,-65],[38,-49],[50,-39],[80,-106],[102,-107],[94,-63],[58,-13],[93,47],[49,-54],[105,-41],[42,-25],[77,-22],[116,-52],[63,-67],[37,-69],[19,-79],[43,-118]],[[82204,74109],[-8,-16],[-225,-59],[-199,-53],[-47,-12],[-388,-103],[-44,-183],[-37,-134],[-1,-6]],[[57525,45927],[32,58],[42,16],[38,59],[42,46],[15,34],[-1,72],[-24,26],[-53,14],[15,112],[5,51],[31,42],[42,2],[2,30],[-3,282],[142,0],[817,-1],[476,0],[318,0],[-1,-119],[29,1],[34,-54],[44,-30],[50,1],[56,-49],[-23,-87],[13,-41],[0,-66],[33,-86],[-17,-33],[16,-52],[-72,-147],[-16,-50],[-31,-28],[-11,-113],[-15,-37],[35,-85],[-20,-52],[-12,-88],[17,-70],[46,-11],[44,-54],[45,-20]],[[59705,45400],[-2,-40]],[[59703,45360],[-838,0],[-470,-2],[-296,0],[-136,-1],[-431,1],[19,81],[-5,29],[28,67],[-2,37],[20,35],[-16,63],[-38,-2],[13,48],[-15,14],[12,63],[-33,99],[10,35]],[[72031,34017],[-9,141],[-74,33],[-19,82],[-31,10],[12,59],[21,42],[48,59],[44,30],[47,12],[16,89],[25,107],[15,29],[204,0],[570,-1]],[[72900,34709],[1,-60],[24,-11],[56,48],[-6,26],[49,19],[24,-6],[5,-68],[-15,-37],[57,-21],[42,-52],[-34,-13],[13,-49],[-40,-21],[-48,-6],[-17,-42],[8,-71],[41,-95],[38,-29],[20,-62],[-7,-94],[-27,-100]],[[73084,33965],[0,-43],[-107,14],[12,-70],[-36,-13],[-7,-33],[-36,12],[-19,-61],[38,-46],[-4,-34],[20,-51],[37,-13],[4,-48],[-37,-57],[13,-40],[51,-24],[18,-33],[-21,-34],[-84,-34],[-40,-121],[-80,-60],[3,-59],[-17,-24],[-10,-74],[18,-69],[-34,-9],[-39,25],[-36,-51],[-23,46],[-54,14],[-67,-38],[-28,-33],[-14,-65],[35,-53],[59,-25],[49,9],[4,-47],[33,-23],[6,-33],[-15,-49],[7,-64],[-17,-43],[27,-35],[-19,-28],[-1,-45],[38,-5],[-1,-46],[-32,-57],[-79,2],[-35,-37],[6,-26]],[[72570,32234],[-50,12],[-14,48],[-53,-16],[-41,29],[-38,3],[-111,72],[-46,-25],[-2,50],[-41,6],[30,74],[-22,18],[12,89],[20,20],[-10,56],[23,56],[-19,75],[-30,20],[-8,41],[32,13],[9,121],[-18,28],[-33,-21],[-9,50],[17,50],[-6,40],[-77,47],[-75,-9],[-44,18],[-21,40],[-33,40],[-50,-4]],[[71862,33275],[-5,49],[39,13],[3,61],[17,60],[26,31],[26,69],[32,8],[-16,65],[-68,17],[-5,35],[26,18],[15,82],[25,38],[34,8],[9,31],[-18,50],[10,63],[19,43],[0,1]],[[73084,33965],[63,-62],[39,60],[65,24],[40,-6],[62,30],[-42,67],[21,36],[47,31],[0,-38],[66,-13],[3,54],[54,-14],[44,18],[25,30],[24,-55],[45,-19],[29,-47],[32,0],[-7,-21],[37,-41],[77,40],[-12,28],[0,56],[23,25],[27,-29]],[[73846,34119],[4,-48],[39,-30],[-9,-30],[30,-47],[0,-79],[-15,-35],[21,-25],[-26,-63],[36,-64],[35,4],[51,-36],[7,-52],[-52,-77],[9,-37],[52,-22],[52,43],[59,-39],[41,-5],[25,-8],[74,-87],[-31,-37],[16,-41],[39,17],[29,-53],[2,-48],[-130,-165],[0,-98],[155,67]],[[74359,33024],[0,-35],[-92,-143],[-18,-58],[-6,-98],[11,-24],[-17,-81],[-33,-28],[-63,-208],[-55,-40],[-23,-35],[-38,-27],[-40,-61],[-71,-140],[-10,-61],[10,-81]],[[73914,31904],[-62,38],[-26,4],[-17,85],[-46,15],[-36,-22],[-32,43],[-71,45],[-38,2],[-33,-27],[-41,6],[-10,-28],[-78,-15],[-51,2],[-93,59],[-80,-49],[-61,31],[-29,37],[-47,16],[-177,19],[-41,-41],[-77,34]],[[72768,32158],[-41,57],[-23,-12],[-31,24],[-83,-15],[-20,22]],[[72900,34709],[-1,1],[5,23],[61,23],[98,258],[12,78],[32,42],[21,64],[1,49],[-25,48],[18,17],[9,60],[19,29]],[[73150,35401],[60,-14],[40,27],[24,-12],[34,79],[49,5],[43,31],[8,110],[44,109],[-22,52],[-2,49]],[[73428,35837],[55,8],[59,-26],[-2,-37],[63,3],[96,65],[48,-73],[29,19],[25,-56],[35,2],[33,12],[76,-16],[13,-40],[-44,-28],[20,-27],[-1,-48],[72,45],[48,5],[25,22],[134,-143],[16,10],[-23,51],[35,55],[71,36],[13,42],[24,-43],[73,1],[53,38],[-6,66],[36,42],[136,-4],[127,73],[91,17],[39,-16]],[[74897,35892],[-13,-62],[29,-33],[16,-50],[-21,-63],[19,-70]],[[74927,35614],[0,-69],[20,-6],[47,-58],[-1,-81],[51,3],[1,-24],[13,-129],[67,-54],[-42,-206],[-2,-100],[15,-39],[40,-47],[41,-7],[42,-108],[-77,-43],[-119,25],[-75,-42],[-18,23],[-62,-63],[-62,-42],[-57,4],[-23,60],[-25,-18],[13,-67],[39,-36],[7,-76],[-6,-55],[-24,-33],[31,-20],[35,-56],[57,-7],[-41,-51],[-70,-17],[-61,4],[-24,-27],[8,-29],[-24,-68],[15,-15],[-72,20],[-69,67],[-28,5],[-31,-24],[12,-47],[-59,-18],[-10,-36],[-52,-42],[-31,1],[-70,-64],[-22,7],[24,66],[-51,23],[-54,-19],[-21,17],[-17,54],[-68,5],[-21,33],[-39,31],[-39,-6],[-36,21],[-56,-15]],[[73428,35837],[-36,54],[38,78],[-6,43],[19,68],[24,28],[45,9],[18,38],[48,13],[19,86],[21,22],[38,-4],[3,33],[78,36],[-17,89],[7,54],[-18,29],[6,40],[72,-48],[95,3],[2,27],[40,54],[7,39],[-39,84],[38,83],[45,23],[-18,98],[36,60],[33,35],[-56,33],[-25,43],[50,19],[12,33],[-33,20],[-24,54],[14,19],[18,35],[3,49],[-34,24],[2,44],[-17,56],[-33,51],[-59,50],[-34,2],[-19,25],[0,40],[-94,19],[-13,29],[-25,85],[22,45],[67,40],[-72,78],[-1,39],[-87,28],[-28,39],[-24,63],[-55,19]],[[73481,38092],[-33,73],[-77,-11],[-32,-38],[-34,49],[-29,10]],[[73276,38175],[12,51],[-17,36],[28,60],[187,-1],[35,2],[51,-108],[60,6],[131,-1]],[[73763,38220],[285,-163],[38,19],[44,-9],[11,97],[55,5],[39,39],[50,-42],[34,-2],[30,22],[42,18],[72,-67],[-57,-31],[-9,-97],[4,-40],[33,2],[42,-20],[23,28],[88,-40],[56,-1],[38,-19],[24,21],[49,106],[22,28],[91,61],[38,-10],[30,34],[58,19],[119,-4],[47,11]],[[75159,38185],[64,5],[60,7],[20,-13],[78,8],[79,19],[24,-15],[10,-42],[58,-38],[38,-11],[3,-60]],[[75593,38045],[-183,-436],[-35,-21],[-49,16],[-58,-11],[-27,38],[-23,-35],[0,-1],[27,-32],[-55,-53],[-31,-55],[12,-60],[-20,-8],[-17,-48],[19,-35],[-42,-87],[3,-27],[-23,-52],[-7,-56],[-43,2],[-104,-56],[-17,-21],[-15,-86],[58,-62],[25,-39],[37,-28],[9,-57],[35,-59],[4,-54],[28,-95],[46,-32],[32,0],[43,-66],[4,-53],[-33,-13],[-4,-35],[32,-50],[8,-58],[-13,-13],[-102,-47],[-94,25],[-105,-95],[-38,-121],[20,-77]],[[73763,38220],[137,-11],[61,26],[45,40],[-52,116],[-3,208],[-28,19],[-115,37],[-53,53],[-49,32],[26,36],[-6,38],[35,197],[23,132],[-18,50],[-334,37],[-20,9]],[[73412,39239],[35,62],[50,25],[-36,7],[2,54],[25,6],[2,66],[-26,115],[40,44],[100,92],[-18,108],[26,46],[81,43],[10,34],[54,20],[39,-25],[39,3],[14,50],[28,12],[44,-32],[7,52],[43,-6],[62,65],[61,-21],[72,-78],[89,-8],[24,-18],[52,10],[-4,124],[-254,274],[-36,35],[58,12],[31,-15],[34,53],[39,34],[12,-24],[38,30],[22,-13],[14,-37],[47,-38],[-2,-44],[43,-16],[60,22],[22,-9],[28,-49],[50,35],[43,-7]],[[74576,40332],[6,-32],[43,-22],[21,-50],[6,-50],[50,-69],[26,-21],[33,26],[45,-38],[-1,-68],[-10,-31],[25,-45],[-5,-24],[21,-66],[-29,-69],[-135,-145],[22,-43],[-7,-35],[17,-58],[55,1],[-6,-69],[26,19],[95,-13],[29,-50],[46,-26],[10,-42],[89,-8],[-28,-45],[26,-64],[-11,-75],[35,-40],[19,6],[38,-43],[-24,-24],[15,-45],[73,8],[65,-16],[58,-37],[2,-53],[34,16],[71,-6],[-116,-382],[-27,-49],[-100,-94],[1,-93],[-27,-38],[7,-45]],[[74927,35614],[34,7],[19,-37],[37,-12],[51,29],[15,-63],[22,-24],[1,-36],[115,2],[43,-16],[19,14],[30,2],[2,-69],[49,-47],[15,-51],[48,-15],[30,-45],[66,-38],[42,15],[61,-24],[87,-1]],[[75713,35205],[-18,-69],[-45,-3],[-20,-38],[40,-47],[-5,-106],[-20,-89],[-1,-61],[-29,-108],[-35,-59],[-37,-48],[-20,-56],[-51,36],[-37,-14],[-32,-41],[7,-36],[26,-26],[-27,-30],[10,-74],[-26,-22],[-42,-79],[-12,-80],[-63,-138],[-24,-109],[-38,-44],[-53,-102],[-5,-51],[-53,-96],[-20,-14],[-32,35],[-32,4],[-14,-44],[-59,-55],[-42,-113],[-39,-87],[-38,0],[-47,-65],[-12,23],[2,-38],[-17,-77],[-56,-9],[-28,-69],[-35,51],[-42,14],[-63,-50],[-41,-20],[-47,-33],[-54,-6],[-28,-38]],[[99920,33993],[79,-49],[-7,-26],[-91,19],[19,56]],[[76803,39515],[-20,-76],[-26,-63],[-92,-293],[-2,-198],[12,-60],[-29,-111],[-23,-159],[1,-123],[-8,-224],[13,-134],[3,-95],[47,-347],[7,-78]],[[76686,37554],[-43,-17],[12,-56],[-21,-62],[-16,-20],[-55,-8],[-7,24],[-59,5],[-75,30],[-11,44],[-70,23],[6,80],[-21,40],[-45,34],[-60,-24],[-46,37],[-78,99],[-47,30],[-86,30],[-68,1],[-62,29],[-82,20],[-85,42],[-74,110]],[[74576,40332],[36,49],[44,7],[10,78],[27,59],[50,-4],[6,54],[37,5],[62,34],[30,28],[23,-7],[36,-44],[37,8],[45,-50],[42,24],[62,-21],[32,9],[37,-13],[42,15],[27,-20],[23,17],[49,-39],[31,-5],[76,-55],[46,-24],[74,-22]],[[76686,37554],[35,-293],[27,-159],[5,-85],[-17,-157],[-12,-55],[-61,-196],[-125,-319],[-48,-106],[-2,-43],[-148,-52],[-85,-47],[-97,-75],[-110,-107],[-94,-114],[-23,-39],[-2,-53],[-90,-170],[-4,-36],[-71,-45],[-19,-33],[6,-54],[-38,-111]],[[47157,43409],[23,36],[30,12],[23,44],[33,-13],[48,38],[30,-15],[5,30],[51,49],[48,1],[-8,40],[22,45],[45,12],[-7,54],[18,50],[31,26],[-13,56],[71,-14],[-25,55],[-16,74],[51,-25],[6,56],[39,-27],[44,5],[-7,34],[25,46],[82,45],[-8,40]],[[47798,44163],[43,13],[24,-52],[62,38],[19,-76],[33,-9],[73,7],[46,-35],[40,18],[37,-11],[45,37],[53,7],[30,-32],[64,44],[25,4],[69,-43],[-5,-27],[57,-39],[74,-20],[32,-29],[39,47],[1,39],[27,65],[49,78],[37,108],[42,8],[11,-38],[33,22],[76,-7],[34,-15],[44,10],[27,-30],[37,-6],[32,-129],[60,-41],[32,-35],[21,-71],[33,-69],[40,-5],[15,-21],[81,-46],[42,43],[74,-64],[116,70],[89,69],[46,15],[24,-58],[80,-56],[71,46],[15,68],[24,-6],[62,14],[64,-17],[27,-29],[20,-48],[0,-39],[19,-24],[-71,-29],[-16,-38],[30,-48],[3,-62],[18,-20],[-31,-56],[-69,-7],[-1,-32],[-55,-62],[9,-69],[-35,-44],[28,-54],[0,-153],[55,-13],[48,88],[78,43],[62,-50],[73,4],[28,15],[46,-8],[9,28],[38,7],[16,29],[77,22],[17,75],[67,26],[48,-17],[29,53],[62,-3],[6,24],[60,21],[80,9],[42,85],[36,49]],[[50950,43619],[12,-14],[-25,-66],[13,-79],[-9,-27],[43,-20],[24,-76],[25,1],[31,-36],[1,-31],[40,-10],[6,-55],[104,-16],[53,-111],[54,-42]],[[51322,43037],[-119,-31],[39,-59],[8,-55],[-25,-49],[0,-69],[-42,-14],[2,-48],[-46,-19],[2,-64],[-48,-21],[-31,21],[-54,-21],[-25,18],[-38,-25],[-61,-64],[-48,-22],[16,-59],[-59,-41],[13,-60],[-75,-79],[-13,-39],[-78,-26],[-115,-79],[-14,-44],[-35,-29],[-93,-18],[-40,22],[-101,4],[-24,42],[-74,0],[-29,26],[-65,14],[-6,31],[-81,37],[-60,4],[-34,-55],[-25,-61],[-6,-106],[-30,-27],[24,-112],[-20,-121],[9,-45],[40,-21],[31,-36],[-23,-50],[7,-24],[59,-62],[30,-8],[27,-48],[93,-63],[-20,-77],[-30,-15],[-12,-57],[42,-39],[43,-10],[75,-89],[45,-35],[67,-24],[10,-29],[64,-8],[25,-44],[24,4],[15,-104],[44,-32],[30,-59],[52,-22],[23,-39],[89,-16],[66,24],[68,4],[14,-65],[49,19],[35,-11],[15,-32],[3,-107],[57,-115],[-14,-29],[52,-81],[3,-67],[41,-22],[27,-96],[-10,-26],[20,-56],[-85,27],[-14,34],[-73,20],[-11,39],[-106,2],[-48,-57],[-6,-39],[-40,-35],[7,-82],[-20,-80],[-75,-1],[-28,17],[-55,59],[-71,20],[-36,-38],[25,-19],[-24,-41],[-12,-62],[45,-52],[41,-1],[15,-38],[39,2],[65,-57],[-47,-111],[15,-37],[-15,-69],[-264,-336],[-8,-48],[-33,-14],[-14,-44],[-56,38],[-40,-8],[-5,40],[-31,-5],[-27,25],[-91,23],[-52,-5],[-54,37],[-33,-10],[-58,32],[-51,-17],[-30,13],[-79,-43],[15,-42],[-22,-49],[6,-38],[-38,-44],[-67,-34],[-175,79],[20,-29],[12,-54],[22,-31],[12,-62],[-4,-59],[7,-40],[47,-72],[49,-32],[70,-67],[40,-20],[10,-48],[28,-4],[35,-46],[56,1],[59,19],[50,-36],[53,4],[15,-39],[-39,-45],[-41,-21],[-53,-67],[70,-599],[14,-89],[-15,-43]],[[49893,37499],[-15,-3],[-71,53],[-90,44],[-43,9],[-12,30],[-49,33],[-80,4],[-64,82],[-19,8],[-17,58],[-60,26],[-20,33],[-38,-24],[-26,31],[-22,-16],[-93,12],[-68,50],[-81,-1],[-58,86],[-10,46],[-81,14],[-37,64],[-51,59],[-27,-12],[-45,21],[-72,7],[-37,24],[-60,3],[-32,-27],[-83,47],[-17,54],[-48,22],[-28,44],[-49,50],[-5,23],[-27,33],[-53,99],[-119,49],[-68,45],[-49,2],[-74,-61],[-15,-23],[-113,4],[-72,24],[-28,0],[-71,-33],[-72,2],[-31,25],[-46,0],[-51,37],[-23,-11],[-65,24],[-64,43],[-80,8],[-3,57],[-15,16]],[[47146,38793],[-69,94],[-23,92],[44,61],[51,16],[46,87],[41,29],[10,89],[12,13],[73,5],[71,16],[27,18],[15,44],[40,33],[25,44],[-1,39],[-37,49],[-47,33],[-54,14],[-117,-11],[-139,47],[-67,-6],[-109,-70],[-20,-60],[-109,21],[-63,71],[-5,105],[-12,32],[-6,104],[-44,151],[2,57],[-18,51],[-14,94],[44,59],[93,11],[22,39]],[[46808,40264],[5,137],[-16,44],[-73,101],[-45,26],[5,49],[-12,48],[-23,25],[15,88],[-60,107],[8,22],[-20,53],[-62,67],[-10,24],[-79,42],[-18,149],[-15,72],[18,67],[8,54],[-16,145],[7,48],[4,32],[37,84],[-16,47],[21,65],[33,42],[3,43],[23,38],[-17,38],[-19,149],[37,48],[-5,43],[27,6],[24,43],[18,79],[25,55],[-3,46],[64,48],[30,67],[-6,26],[66,49],[17,44],[57,41],[-34,33],[19,99],[19,21],[1,83],[42,156],[25,18],[24,55],[-3,43],[94,-12],[66,70],[33,12],[-35,70],[38,13],[23,-17]],[[47798,44163],[54,81],[2,55],[-38,20],[5,27],[-43,24],[-27,73],[-58,-10],[-26,41],[24,42],[-35,30],[4,49],[18,10],[-8,76],[11,29],[44,53],[23,8],[64,-18],[28,39],[52,8],[15,45],[37,-30],[26,23],[-35,50],[4,25],[48,5],[-10,96],[4,56],[43,16],[5,38],[29,23],[28,-23],[28,31],[39,11],[28,-3],[47,45],[97,43],[35,-14],[39,43],[24,-5],[52,41],[8,78],[29,77],[49,69],[-1,37],[53,49],[21,42],[8,97],[79,4],[65,23],[33,-16],[106,-15],[43,30],[79,3],[30,-16],[112,5],[22,26],[33,81],[24,15],[41,1],[-5,38],[25,32],[66,-6],[57,-50],[24,17],[17,71],[31,27],[45,94],[40,50],[29,9],[20,72],[78,133],[22,96],[-54,143],[14,56],[27,-3],[10,-45],[29,-14],[32,16],[-20,91],[35,38],[25,2],[25,37]],[[49881,46810],[45,-30],[68,-28],[31,-72],[-22,-49],[58,-75],[55,-13],[40,-61],[-14,-10],[8,-81],[28,-5],[1,-67],[-24,-26],[3,-46],[92,-33],[14,-25],[-34,-118],[23,-35],[5,-47],[18,-18],[52,5],[37,-24],[34,-41],[10,-46],[83,0],[4,-57],[38,-54],[50,-47],[27,-52],[29,-12],[30,30],[33,8],[31,-25],[38,-63],[39,4],[29,-36],[28,7]],[[50868,45568],[45,10],[4,-74],[65,-23],[-11,-70],[86,0],[15,-50],[70,-41],[27,8],[36,-45],[28,-56],[73,-15],[34,-27],[89,-3],[28,-28],[25,-82],[56,-21],[61,-6],[46,-29],[4,-44],[93,-6],[28,-52],[35,-28],[8,-58],[30,-34],[19,-56],[1,-58],[46,-15],[9,-50],[18,-15],[56,9],[8,-33],[-6,-65],[25,-38],[41,0],[50,-46],[-3,-58],[-36,-30],[-38,2],[-44,-28],[-38,-71],[-8,-50],[-37,7],[-45,64],[-71,26],[-21,60],[-164,126],[-44,-6],[-36,-57],[-13,-102],[-19,-44],[-42,-24],[-10,-47],[29,-61],[49,-6],[5,-36],[-29,-63],[56,-15],[13,-26],[-41,-94],[-56,-8],[-23,-25],[-41,-45],[-26,8],[-7,-54],[21,-27],[1,-41],[-29,-99],[-22,-18],[0,-137],[-25,-63],[-18,41],[-44,9],[-24,23],[-21,150],[-22,15],[8,45],[-28,110],[-20,17],[-13,74],[-34,-1],[-66,-33],[-41,100],[-4,68],[-29,43],[-41,7],[-22,39],[28,105],[-19,45],[-47,32],[-34,68],[-92,-71],[-34,-6],[-90,120],[-52,29],[7,-77],[41,15],[-8,-54],[28,-7],[40,-61],[26,-13],[37,-61],[38,-26],[23,-81],[11,-94],[66,-74],[16,-59],[37,-58],[14,-95],[17,-50]],[[51322,43037],[1,0]],[[51323,43037],[50,-33],[67,-135],[50,-39],[54,-88],[17,-47],[28,-4],[37,-42],[41,-92],[66,-72],[76,0],[1,-30],[29,-15],[64,15],[41,-13],[26,-64],[100,-87],[-36,-40],[27,-39],[19,-53],[41,-24],[6,-34],[65,-97],[77,-19],[32,-23],[19,1],[66,-70],[116,-66],[12,-120],[-8,-46],[20,-27],[-1,-49],[-22,-28],[-58,-1],[-13,-55],[28,-54],[-28,-47],[20,-14],[64,-115],[99,-27],[24,36],[27,10],[47,55],[83,-2],[41,37],[53,-6],[45,24],[31,-40],[55,-3],[39,27],[1,51],[23,32],[28,-25],[53,40],[68,-18],[82,8],[31,-77],[-7,-34],[-41,-66],[24,-39],[3,-35],[-51,-13],[-12,-61],[-26,-4],[-4,-61],[29,-14],[-11,-40],[-39,-24],[4,-51],[63,-20],[82,-68],[67,69],[18,-27],[42,10]],[[53487,40915],[38,-37]],[[53525,40878],[-10,-16],[44,-50],[75,-20],[47,-73],[-4,-27],[24,-69],[33,-8],[-9,-63],[-55,-35],[-26,-35],[-64,32],[-52,-7],[-15,-37],[-101,-72],[-39,-44],[-12,-47],[-38,-36],[15,-55],[-37,-39],[18,-42],[1,-77],[-45,6],[-8,-62]],[[53267,40002],[-40,11],[-17,-23],[-38,27],[-41,-43],[-17,-42],[-51,-23],[-30,-52],[-27,-1],[-41,-30],[-45,17],[-82,-100],[-51,-5],[-21,29],[-85,8],[-44,13],[-27,24],[-71,1],[-21,37],[11,33],[-12,34],[-41,-16],[-49,25],[-8,40],[-45,45],[-38,-37],[-14,-42],[-67,-23],[-58,-35],[-54,-4],[-11,15],[-64,13],[-75,-19],[-48,35],[-89,4],[-16,-42],[10,-69],[32,-24],[-36,-115],[-86,-70],[22,-15],[8,-74],[49,-64],[34,2],[81,-47],[21,-35],[18,-65],[-50,-25],[-29,10],[-37,-33],[-67,-17],[-57,-32],[-62,14],[-24,-79],[-60,-35],[-27,-32],[-56,-16],[10,-56],[51,-34],[30,-43],[42,-15],[92,-91],[-8,-32],[52,-44],[134,-55],[-20,-19],[-43,-107],[-20,-19],[-39,-83],[43,-324],[-25,-38],[9,-30],[-18,-49],[43,-60],[63,0],[46,-62],[67,-20],[65,-64],[48,-30],[16,-67],[33,-36],[-12,-32],[30,-74],[2,-42],[32,-38],[-30,-31]],[[52217,37460],[-54,-18],[14,-59],[-22,-30],[-114,-27],[-16,-15],[-3,-58]],[[52022,37253],[-13,-62],[-53,-53],[-39,-9],[-76,-83],[-15,-39],[-19,-90],[-51,-119],[-24,-31],[-9,-48],[15,-29],[67,-60],[31,-45],[-4,-32],[-34,-30],[-106,47],[-102,34]],[[51590,36604],[-36,62],[-78,37],[2,48],[-44,-7],[-3,36],[-34,23],[-22,67],[-26,44],[-48,39],[-53,59],[-86,13],[-39,41],[-55,0],[-31,13],[-13,35],[-81,27],[-38,-28],[-75,18],[-75,73],[1,38],[-63,-9],[-18,21],[-46,-21],[-13,55],[-49,11],[-43,38],[-20,39],[-40,-14],[-26,26],[-25,-11],[-27,30],[-42,-22],[-80,60],[-27,-10],[-34,28],[-34,-6],[-50,19],[-38,-35],[-68,35],[-41,-27],[-79,50]],[[49881,46810],[-22,73],[38,76],[-14,23],[9,43],[37,45],[12,56],[-32,40],[-7,67],[24,75],[68,51],[1,25],[-45,37],[33,102],[2,68],[56,40],[45,2],[27,29],[39,86],[48,25],[53,111],[45,28],[77,-5],[81,68],[25,51],[72,17],[41,-22],[51,25],[10,16]],[[50655,48062],[13,16],[21,43],[32,4],[48,-38],[7,-92],[43,-38],[83,5],[68,57],[141,78],[5,59],[33,49],[107,61],[-15,55],[9,83],[-7,55],[48,79],[44,27],[14,39],[-28,81],[13,46],[49,73],[-9,73],[15,40],[57,83],[17,43],[-13,90],[75,122],[-20,77],[10,47],[-45,78],[4,37],[-28,50],[27,61],[-6,80],[45,70],[-12,115],[35,121],[50,85],[22,65],[29,32],[9,59],[-19,61],[31,32],[33,-38],[47,6],[62,53],[22,81],[-45,113],[6,73],[-37,53],[10,66],[35,32],[9,37],[-9,61],[11,97],[-36,88],[7,42],[-8,51],[7,75],[-38,70],[33,58],[74,7],[43,57],[36,109],[15,75],[30,69],[10,159],[51,66],[57,32],[46,52],[23,70],[42,5],[7,29],[-15,81],[7,60],[44,38],[16,40],[33,28],[21,41]],[[52306,52361],[15,-88],[44,-33],[26,-52],[-41,-30],[89,-62],[32,-99],[51,-9],[1,-22],[-38,-87],[46,-37],[35,-78],[68,-33],[26,-95],[-17,-113],[10,-29],[-33,-24],[2,-27],[33,-56],[-34,-36],[15,-66],[-34,-34],[50,-11],[45,-48],[10,-72],[25,-52],[116,-76],[-30,-64],[41,-86],[56,-145],[37,-40],[54,-7],[35,-22],[286,-25]],[[53327,50603],[1,-36],[20,-61],[6,-79],[-11,-23],[21,-73],[-4,-38],[-467,-581],[29,-53],[18,-61],[51,-114],[18,-16],[-8,-126],[36,-15],[16,-49],[32,-42],[-48,-47],[-15,-64],[93,-82],[31,-13],[-5,-71],[15,-7],[-93,-219],[-53,-14],[-54,37],[-34,-8],[-60,8],[-47,-13],[-61,0],[-16,-16],[-53,32],[1,-44],[47,-55],[25,-75],[60,-15],[13,-36],[52,0],[-2,-41],[32,-35],[54,-89],[-1,-31],[34,-19],[-29,-88],[7,-35],[10,9],[67,-19],[26,-31],[30,2],[28,-25],[13,-52],[1,-60],[70,-17],[17,-33],[29,-13],[-6,-51],[31,-4],[48,-58],[53,4],[32,-45],[-5,-52],[62,-23],[22,-25],[53,31],[43,-55],[-36,-50],[-9,-46],[36,-34],[-5,-24],[-56,-59],[-39,-45],[-2,-37],[-43,-58],[6,-75],[-68,-75],[19,-37],[-2,-37],[-33,-76],[51,72],[63,17],[76,-2],[10,18],[73,1],[9,-36],[41,3],[127,35],[27,-23],[40,-9],[8,-36],[51,-44],[49,23],[-8,-44],[6,-101],[-33,-31],[-25,-43],[-6,-74],[18,-31],[40,-13],[59,-36],[58,16],[85,-35],[90,53],[12,-25],[50,0],[26,-50],[-27,-112],[9,-33],[-60,-101],[-40,3],[-4,-38]],[[54245,46350],[-75,-18],[-6,-22],[-51,-44],[-25,-37],[-101,11],[-23,-63],[-39,-12],[-9,-38],[-65,29],[-32,-23],[76,-49],[47,37],[24,-34],[43,-23],[-1,-26],[33,-18],[34,-42],[33,-40],[-6,-54],[38,-56],[-4,-45],[-41,-18],[0,-35],[-55,1],[16,-53],[-49,-81],[-20,-61],[-42,-7],[-23,28],[-27,-13],[-20,25],[-111,-11],[-34,-50],[-35,-16],[-25,-35],[-38,3],[-44,-48],[26,-68],[-17,-89],[15,-26],[-18,-69],[15,-138],[72,-46],[63,-2],[20,-44],[51,-15],[-58,-35],[-61,4],[-27,-10],[-59,12],[-35,28],[-91,8],[-33,-46],[17,-86],[-8,-19],[-83,-79],[-6,-45],[-53,19],[-49,55],[-40,2],[-37,-18]],[[53192,44705],[-21,22],[3,35],[52,38],[-99,176],[-55,79],[-34,35],[-55,-8],[-52,30],[-56,-30],[-21,43],[7,20],[-27,74],[26,52],[27,17],[-27,8],[-65,-16],[-22,-24],[-33,2],[-44,-29],[-21,-45],[-63,-2],[-28,-71],[-62,-70],[-48,-12],[-39,-56],[-39,-48],[-45,-35],[-8,100],[-40,43],[24,76],[-52,14],[-30,31],[-20,57],[-53,-10],[-304,62],[-26,49],[40,97],[12,9],[5,72],[-37,-60],[-68,35],[-20,-12],[-47,6],[-20,-28],[-7,-54],[-64,-25],[-17,6],[-41,78],[-35,12],[-51,-8],[-35,-20],[-108,115],[-55,34],[-44,-23],[-62,44],[-39,-14],[-38,34],[-66,-2],[-58,-26],[-16,48],[-22,10],[-43,-21],[-38,-51]],[[53192,44705],[-6,-25],[16,-65],[-74,-19],[53,-30],[10,-128],[29,-20],[33,10],[39,-62],[-13,-30],[33,-59]],[[53312,44277],[-65,13],[-38,-26],[-25,8],[-9,59],[-35,8],[-49,-70],[-5,-39],[-38,-50],[2,-53],[-40,-53],[-47,-28],[-44,-2],[-12,-30],[-69,-15],[-39,-24],[-79,12],[-31,-19],[-36,-59],[-9,-34],[-45,-18],[-15,-67],[27,-22],[53,13],[38,28],[19,52],[30,19],[18,-23],[41,18],[34,-12],[23,-42],[-17,-103],[22,-18],[-34,-50],[-67,-8],[4,-31],[-35,-30],[-57,-105],[-6,-29],[-73,-1],[-56,-36],[-89,-18],[-64,-50],[-2,-25],[-146,33],[-37,-6],[-42,39],[-56,31],[-77,8],[-65,-25],[-54,47],[-18,29],[-21,88],[9,36],[-35,43],[15,68],[-40,17],[-40,-69],[-4,-29],[-107,-71],[-61,-74],[-58,-23],[-47,-3],[-4,-38],[-28,-51],[-70,-55],[-8,-34],[-76,1],[3,-26],[-12,-129],[9,-87]],[[53312,44277],[-14,-23],[37,-27],[50,-19],[35,16],[74,5],[9,-27],[44,-1],[36,-43],[15,19],[55,18],[28,-60],[30,0],[28,-26],[72,-9],[63,44],[20,-18],[38,25],[103,21],[20,-9],[80,1],[21,-51],[34,-46],[54,-50],[40,-13],[33,59],[23,67],[22,22]],[[54362,44152],[38,-33],[39,-6],[23,-29],[23,15],[29,-25],[73,14],[-13,-45],[-45,-36],[-35,-44],[-13,-53],[-26,-35],[-12,-80],[-22,-27],[-42,3],[-5,-52],[39,-56],[-5,-30],[40,-23],[9,-69],[28,-26],[54,-22],[-46,-26],[11,-38],[75,5],[-23,-96],[-44,-17],[-81,-74],[-46,6],[-20,-22],[-45,2],[-45,-48],[-4,-33],[23,-52],[-29,-33],[-22,3],[13,-31],[7,-27],[-26,-75],[5,-37],[23,-34],[24,-93],[35,-60],[26,-7],[4,-51],[29,-11],[-2,-59],[27,-33],[40,-4],[-8,-37],[16,-46],[49,-55],[-3,-61],[30,-6]],[[54532,42343],[-5,-58],[17,-13],[1,-53],[-35,-28],[30,-22],[-72,-16],[-11,75],[-18,54],[-21,5],[-37,77],[-39,32],[-12,38],[-26,-31],[-99,-41],[-68,-123],[21,-49],[-18,-95],[96,11],[24,-46],[2,-50],[-14,-48],[-41,-26],[4,-44],[72,-30],[-25,-100],[-70,-30],[-53,-39],[-44,-13],[-34,-31],[-85,-17],[-32,4],[-17,-29],[6,-39],[-30,-111],[-47,-82],[1,-49],[-18,-49],[-55,38],[-27,-37],[-17,-51],[-36,-1],[-38,20],[-12,-70],[-45,15],[-8,-25],[32,-40],[-38,-38],[-56,-1],[-16,-106],[27,-25],[-59,-41]],[[53267,40002],[21,-30],[47,-31],[-24,-92],[50,-5],[19,35],[40,10],[-26,-80],[-1,-61],[72,-20],[-3,-66],[-44,-98],[20,-32],[37,-26],[36,-60],[40,-2],[25,-77],[39,6],[61,43],[56,16],[45,26],[79,-33],[99,-85],[43,-49],[77,-196],[69,-19],[48,18],[33,-15],[4,-55],[-20,-31],[16,-72],[27,-27],[-22,-39],[-6,-53]],[[54224,38802],[-32,-9],[-26,-72],[-25,-6],[-56,29],[-36,-11],[-38,35],[-34,2],[-13,28],[-34,4],[-34,-29],[-61,-7],[-95,25],[-17,24],[-72,14],[-33,-5],[-26,-32],[-22,-76],[-41,-33],[-26,-41],[-189,20],[-77,-37],[-59,-7],[-56,10],[-58,-23],[-86,-36],[-39,-61],[-45,-91],[-41,-113],[-53,-47],[-66,-26],[-27,-113],[-17,-44],[-67,-70],[-73,-28],[-13,-51],[25,-62],[-8,-72],[20,-22],[-24,-98],[-58,-108],[-44,-47],[-40,-19],[-35,-47],[-156,10]],[[52306,52361],[17,20],[5,95],[38,62],[8,88],[-42,47],[19,69],[-10,60],[20,94],[-25,52],[-21,70],[76,28],[11,48],[-35,21],[-13,45],[33,23],[49,-12],[35,52],[37,35],[-5,60],[22,63],[6,51],[27,44],[-23,63]],[[52535,53539],[35,36],[27,84],[-21,56],[41,46],[-23,61],[40,32],[0,38],[-22,29],[37,40],[49,-10],[16,21],[-3,111],[50,1],[-16,55],[107,126],[11,76],[45,13],[25,52],[44,55],[125,63],[15,35],[50,13],[40,48],[56,9],[36,35],[-3,29],[67,32],[-35,-42],[-3,-48],[-45,-22],[-6,-33],[-51,-34],[0,-29],[-28,-30],[-5,-73],[-22,-38],[27,-32],[12,-43],[43,-7],[-77,-57],[-24,18],[-17,-46],[20,-68],[-57,-35],[-17,-44],[13,-29],[-20,-44],[-50,-8],[-9,-52],[34,-29],[-25,-91],[-23,-30],[5,-41],[-18,-44],[8,-51],[32,-42],[42,-24],[73,-22],[37,-23],[1,-33],[31,-5],[57,-45],[56,1],[25,-24],[89,-22],[69,14],[14,-26],[50,-16],[26,-33],[35,17],[45,-13],[22,-28],[32,13],[37,-39],[51,-5],[63,-25],[5,-19],[108,-68],[823,-532],[277,-170],[67,61],[-1,41],[-20,58],[9,89],[-21,48],[3,37],[24,36],[-27,50],[7,43],[30,71],[76,93],[62,126],[-7,29],[26,63],[36,37],[5,73],[26,45],[92,44],[25,46],[53,37],[35,38],[20,49],[40,27],[29,-118],[86,-28],[-14,-57],[-25,-25],[16,-64],[62,-23],[33,19],[57,-28],[11,-41],[56,-40],[10,-23],[214,354],[1,4],[22,34],[55,-24],[-1,-69],[58,-15],[16,-50],[81,-57],[96,-108],[-13,-41],[19,-39],[0,-72],[29,-33],[95,21],[84,-62],[1,-41],[21,-45],[53,-16],[28,-95],[32,-73],[-32,-71],[26,-50],[3,-70],[-15,-71],[-34,-32],[29,-41],[-29,-104],[32,-57],[28,10],[45,30],[-5,93],[2,147],[14,28],[40,11],[22,67],[3,77],[25,20],[46,-35],[32,13],[11,-64],[-20,-42],[11,-60],[-7,-73],[41,-43],[-10,-40],[10,-50],[32,-13],[30,41],[99,15],[50,56],[57,34],[74,12],[66,54],[67,32],[28,53],[88,-2],[-8,23],[54,33],[17,-18],[42,15],[-43,-97],[28,-77],[-31,-33],[24,-45],[6,-74],[-36,-52]],[[57777,52410],[10,-72],[-12,-102],[50,-31],[10,-89],[-10,-68],[-28,-22],[-26,6],[-13,63],[-19,4],[-13,-59],[7,-27],[-21,-38],[16,-24],[57,4],[19,-47],[59,-25],[-1,-44],[-20,-48],[73,2],[33,-40],[-37,-33],[-3,-125],[-19,-26]],[[57889,51569],[-50,-65],[-10,-41],[13,-39],[-11,-75],[20,-62],[-3,-40],[-36,-51],[-42,1],[-50,-41],[-3,-36],[-29,-49],[-47,-38],[-39,-54],[-77,68],[-43,-5],[-77,-47],[-22,-28],[10,-53],[30,-44],[2,-70],[21,-28],[-14,-33],[4,-46],[-83,-15],[-87,-75],[-62,-18],[-25,-28],[-21,22],[-57,-11],[-8,-52],[-18,-17],[-3,-46],[-22,-42],[-10,-64],[-67,-52],[-26,27],[-18,-33],[-34,-10],[-28,-35],[-18,-50],[-26,-5],[-28,-49],[-19,16],[-125,19],[-34,47],[-63,2],[-15,64],[38,16],[3,68],[-28,20],[6,68],[-17,35],[20,51],[-22,59],[-25,29],[15,77],[-17,52],[-33,18],[-43,54],[-8,67],[-16,26],[27,86],[-37,67],[21,32],[59,29],[48,50],[22,55],[22,118],[21,-5],[69,72],[22,62],[-9,33],[-90,13],[-33,-16],[-24,-60],[-74,-52],[-62,-55],[12,-52],[-6,-33],[-45,-77],[34,-20],[21,-45],[-27,-41],[-98,-47],[-25,-45],[-48,-36],[9,-49],[-8,-56],[-41,-47],[13,-24],[-77,-15],[-43,7],[-57,60],[-36,24],[-24,-13],[-82,49],[-166,-125],[-28,-1],[-1,135],[-66,66],[-161,82],[-152,78],[-46,46],[-21,1],[-41,37],[-71,-16],[-19,-41],[-58,-16],[-35,-59],[-66,-11],[-50,19],[-23,-31],[-70,-4],[-51,-18],[-37,36],[-5,35],[-27,12],[-31,48],[-8,42],[-45,14],[7,48],[-62,-31],[-26,42],[-18,-5],[-38,38],[-48,-14],[-9,-39],[-76,9],[-9,38],[-32,27],[-64,-14],[-69,6],[-44,60],[-29,24],[-66,-3],[-67,-15],[-57,34],[-17,-25],[-64,-8],[-36,-21],[17,-68],[-11,-37],[29,-26],[26,16],[30,-23],[4,-38],[-22,-72],[-20,5],[-4,-96],[-44,-42],[-2,-47],[-29,-33],[22,-38],[49,-44]],[[53809,50834],[50,-47],[-10,-79],[-28,-39],[-7,-83],[-23,-27],[-464,44]],[[53809,50834],[15,77],[68,-42],[67,10],[24,-41],[37,1],[33,21],[10,-65],[25,-28],[1,-26],[34,-23],[16,-34],[-17,-87],[42,7],[23,-22],[10,-43],[53,-44],[-19,-32],[-4,-62],[25,8],[51,44],[54,19],[41,-11],[-5,-39],[78,-45],[-25,-37],[79,-15],[3,-42],[34,-21],[30,29],[46,-9],[11,-59],[38,-9],[11,-24],[-30,-40],[-2,-48],[42,-24],[54,-13],[93,-92],[-14,-55],[38,-41],[33,2],[48,74],[11,-27],[-13,-40],[28,-62],[-8,-54],[27,-65],[1,-58],[-17,-39],[30,-20],[-16,-74],[11,-27],[63,-98],[44,-56],[-29,-37],[-42,18],[-28,-66],[-36,-10],[-56,-38],[-26,-45],[3,-49],[53,-34],[-14,-45],[-56,-42],[-2,-64],[-42,-34],[-32,-54],[-37,-4],[-23,-73],[-25,-13],[0,-101],[38,-32],[47,11],[49,-44],[74,-38],[24,-51],[43,-48],[-23,-76],[-40,-34],[41,-27],[-1,-47],[-29,-94],[9,-34],[7,-62],[39,-26],[35,6],[15,-21],[56,7],[79,44],[79,-3],[347,-17],[30,135],[46,31],[0,41],[23,23],[-4,52],[16,24],[-44,66],[-65,-34],[-51,-39],[-78,-40],[-5,51],[29,10],[-9,35],[-47,37],[-17,35],[7,34],[48,11],[10,42],[-29,48],[9,27],[65,-11],[27,11],[3,81],[44,2],[33,-25],[15,27],[51,12],[26,-27],[31,6],[1,40],[42,38],[83,-30],[13,21],[-50,70],[15,57],[-31,71],[-34,17],[-22,38],[19,17],[66,-36],[-6,36],[-36,10],[-23,33],[13,33],[30,-24],[32,27],[41,-23],[31,-79],[-25,-43],[18,-36],[50,-36],[22,-52],[60,4],[38,22],[56,-24],[12,-37],[85,30],[24,-7],[27,56],[39,9],[34,-16],[20,59],[75,-59],[22,-68],[-2,-45],[41,-41],[-20,-65],[10,-31],[-24,-39],[17,-51],[-13,-28],[-32,-4],[0,-39],[-45,-50],[7,-39],[17,-3],[13,-59],[-17,-49],[10,-54],[28,-41],[33,-24],[34,13],[50,-44],[-31,-24],[63,-25],[24,38],[26,-33],[61,-16],[17,-40]],[[56790,48046],[27,-12],[-41,-45],[-68,-44],[-18,-40],[31,-109],[21,-23],[26,-88],[27,-26],[-20,-39],[12,-31],[51,-42],[14,-75],[27,-51],[0,-38],[-29,-18],[-17,-62],[5,-56],[27,-37],[-34,-91],[-53,13],[-102,-26],[-26,-44],[-36,-32],[-40,6],[-14,-20],[-39,-148],[-39,-28],[24,-24],[-25,-32],[-39,24],[-76,-30],[-25,-39]],[[56341,46739],[-26,17],[-60,-25],[-102,-17],[-43,-32],[-46,58],[-54,0],[-39,-48],[-43,-21],[-5,-45],[-46,-36],[-20,67],[-39,56],[-49,32],[-34,-7],[-26,-28],[11,-38],[-42,-15],[-50,-75],[-39,-33],[-50,-12],[-37,-28],[-27,25],[-28,62],[-34,-7],[-21,21],[14,33],[7,70],[-14,28],[29,61],[-32,57],[-43,19],[-35,44],[-34,10],[-59,-76],[-8,-64],[-40,20],[-16,-36],[-89,6],[-41,-17],[-57,25],[-31,-15],[-11,-73],[-28,-14],[-151,105],[2,34],[-55,26],[-54,-22],[-14,-57],[25,-86],[28,-30],[-23,-38],[10,-56],[-7,-79],[8,-61]],[[54673,46424],[-134,-144],[-35,19],[-30,-63],[-8,-124],[-22,-28],[-40,-20],[4,-39],[-31,-92],[-8,54],[-7,65],[25,66],[-41,39],[10,47],[-48,80],[-66,45],[3,21]],[[54673,46424],[7,-65],[-6,-73],[46,-68],[-15,-37],[-1,-51],[-35,-45],[-1,-27],[-41,-27],[-16,-137],[-20,-56],[-32,-45],[38,-46],[-2,-42],[38,-24],[67,11],[5,-48],[-21,-73],[42,-23],[29,-59],[-36,-80],[-5,-155],[23,-55],[11,-25],[78,-23],[30,-55],[60,-36],[48,0],[34,-16],[16,-54],[22,14],[70,-30],[48,-9],[10,-25],[49,-18],[6,-23],[53,-3],[29,-93],[-71,-111]],[[55230,44692],[-26,2],[5,73],[-62,30],[19,-57],[-42,-34],[-51,-1],[-43,-69],[-39,-27],[-59,-86],[2,-50],[38,-22],[-17,-33],[-42,-44],[-95,51],[-19,-24],[-103,-4],[-21,49],[-54,16],[-82,-8],[-32,13],[-12,-54],[-54,-18],[-59,-33],[-22,-81],[12,-90],[-10,-39]],[[53525,40878],[39,12],[72,-3],[16,33],[62,2],[17,18],[33,-35],[46,-21],[57,4],[63,-41],[2,-57],[55,-64],[79,12],[58,-83],[43,2],[0,117],[24,36],[-28,74],[14,52],[212,-79],[-41,56],[-48,35],[-28,46],[14,80],[61,55],[19,38],[73,-45],[13,-43],[22,-7],[72,-77],[32,-10],[59,-43],[37,-3],[-14,84],[36,71],[3,44],[-28,72],[24,39],[24,-40],[-7,-26],[20,-80],[-7,-65],[56,-34],[-10,204],[20,35],[46,6],[47,38],[68,15],[32,-64],[14,11]],[[54998,41249],[-18,-142],[-22,-19],[-28,19],[-19,-79],[-19,-25],[69,7],[9,-52],[-36,-52],[4,-100],[-35,-59],[18,-118],[24,-52],[89,3],[24,-47],[51,-68],[163,38],[256,-110],[49,50],[46,-37],[41,0],[60,65],[38,-3],[25,28],[42,-38],[67,-35],[31,-29],[36,24],[15,-33],[29,16],[20,-31],[9,-52],[25,6],[7,-73],[24,-37],[1,-37],[25,-41],[54,3],[25,-4],[3,-121],[23,-34],[59,-41],[2,-44],[19,-26],[66,-6],[-23,-65],[3,-31],[-35,-13],[11,-66],[-54,-16],[-14,-57],[-25,-14],[-20,52],[-36,28],[-38,-19],[13,-62],[-48,-19]],[[56103,39581],[-42,-1],[-51,-44],[-26,-18],[-23,-66],[-55,-46],[-53,14],[-28,-20],[-26,-67],[-56,-36],[-40,33],[-33,5],[6,46],[-44,2],[-58,-50],[-17,-32],[-53,-3],[-51,10],[-6,-28],[42,-59],[-15,-29],[-47,-30],[-56,-101],[-8,-36],[-51,-12],[-39,-40],[-8,-53],[-62,10],[-23,-14],[-29,-84],[-49,-49],[-18,-45]],[[55084,38738],[-41,-30],[-38,5],[-28,33],[-25,64],[-111,117],[-9,74],[1,58],[-20,41],[-88,3],[-32,-39],[13,-51],[-10,-27],[-27,-22],[-37,11],[-149,-33],[-24,-47],[31,-32],[-20,-40],[-38,26],[-39,7],[-52,-17],[-41,-37],[-43,-16],[-33,16]],[[54532,42343],[41,3],[40,52],[44,12],[70,95],[57,35],[41,-22],[61,-15],[20,51],[37,2],[27,-36],[77,3],[49,40],[106,28],[59,55],[66,38],[74,32],[15,-5],[21,-20],[21,-60],[32,-55],[31,36],[51,1],[96,-35],[-16,47],[-1,55],[27,6],[4,43],[36,-3],[14,45],[73,21],[35,-36],[50,-5],[69,-61],[39,12],[57,-6],[7,121],[24,51],[95,10],[44,-45],[9,-42],[22,-5],[24,-94],[62,-144],[24,-76],[11,-31],[79,49],[66,24],[61,7],[81,-27],[50,-38],[15,47]],[[56729,42503],[48,33],[32,55],[2,31],[65,-26]],[[56876,42596],[-19,-56],[8,-26],[-24,-29],[-10,-48],[-30,-51],[-1,-30],[-217,-39],[-113,-107],[-84,-190],[-6,1],[-18,-78],[-11,-85],[14,-37],[32,-15],[27,-50],[27,-14],[11,-47],[77,-30],[39,24],[7,-34]],[[56585,41655],[12,-74],[-19,-36],[-55,4],[-22,-44],[-49,-38],[-89,-10],[-41,23],[-57,6],[-78,41],[-3,20],[-48,21],[-52,-92],[-4,-84],[-76,72],[-69,5],[-28,22],[-43,6],[-128,87],[-17,-42],[-45,-6],[-52,33],[-53,-39],[-55,35],[-45,5],[-52,58],[-29,3],[-43,-34],[-94,19],[-7,12],[-14,-48],[-1,-66],[15,-42],[-38,-7],[-5,-48],[-65,11],[-28,-27],[-5,-34],[-37,-8],[-48,-37],[-20,-73]],[[57889,51569],[55,-68],[4,-58],[37,-16],[43,-51],[9,-68],[-15,-13],[72,-47],[26,-72],[-8,-52],[-17,-25],[45,-19],[18,-35],[47,-20],[53,-53],[17,-66],[-38,-51],[18,-29],[-10,-41],[36,-23],[48,-74],[8,-59],[25,-50],[-30,-33],[-3,-32],[57,-37],[-7,-28],[6,-73],[-34,-67],[-2,-68],[33,-62],[-73,-18],[67,-152],[142,-251],[27,-45],[-18,-28],[-66,-44],[64,-145],[1,-70],[30,-108],[34,-36],[71,-22],[29,-38],[-13,-29],[-5,-88],[9,-46],[-25,-47],[13,-40],[-12,-63],[-22,-63],[-39,-4],[-24,-21],[-47,-113],[-69,-75],[-62,-23],[-31,-42],[-33,11],[-65,-22],[-86,1],[-51,-52],[-34,-2],[-29,-38],[1,-48],[-42,-3],[-41,-94]],[[57983,48321],[-29,26],[20,33],[-2,33],[-42,27],[-55,12],[-134,-12],[-41,-38],[-73,-44],[-42,20],[-87,-63],[-69,-4],[-30,-32],[-29,9],[-45,-49],[0,-32],[-32,-13],[-81,17],[-59,-49],[-30,-1],[-40,-37],[-3,-40],[-43,8],[-21,-71],[-27,-14],[-53,27],[-22,-18],[-71,42],[-45,16],[-8,-28]],[[55230,44692],[30,-28],[143,3],[41,-50],[40,-17],[24,0],[17,-47],[46,-59],[93,-100],[35,31],[-3,78],[51,-7],[21,30],[41,-4],[17,-52],[48,-35],[20,33],[66,-15],[-58,-21],[-25,-42],[-8,-43],[-58,-10],[-40,-38],[-31,-92],[-77,-92],[-29,60],[-17,-18],[-93,-47],[-8,-31],[31,-31],[-3,-40],[44,11],[55,-6],[8,31],[54,-8],[-2,-61],[42,-6],[16,5],[24,69],[87,62],[-1,40],[47,-9],[-15,-46],[3,-42],[35,-57],[43,52],[23,-22],[28,-81],[62,-59],[-88,-14],[-50,-41],[-51,34],[-15,-57],[60,-57],[21,-32],[124,2],[39,70],[59,66],[40,21],[22,-24],[-10,-43],[18,-42],[-13,-55],[61,-1],[35,-39],[-20,-88],[0,-36],[-25,-93],[47,10],[36,-40],[8,-74],[-10,-67],[-27,-75],[5,-64],[54,-11],[18,-42],[-22,-116],[30,-27],[-9,-51],[41,-12],[31,-33],[51,-24],[22,-44],[-4,-61],[16,-33],[26,-1],[27,-63],[68,-16],[16,-36],[-20,-28],[21,-41]],[[56341,46739],[-41,-73],[76,-26],[-21,-53],[22,-47],[-65,-65],[-5,-27],[38,-26],[-11,-33],[10,-51],[-46,-58],[11,-66],[-19,-21],[40,-61],[-39,-128],[-50,-10],[-1,-23],[43,-48],[89,12],[32,18],[46,-90],[101,-28],[46,24],[40,-17],[34,45],[-33,29],[-5,29],[-43,39],[27,23],[45,76],[45,6],[17,30],[31,3],[109,-28],[73,-66],[5,-27],[41,-34],[28,0],[45,-34],[63,-8],[-2,-67],[15,-79],[47,-30],[40,-40]],[[57219,45709],[-9,-87],[30,-72],[81,-47],[15,-52],[-1,-166],[35,-76],[-7,-49],[9,-58],[-12,-35],[5,-54],[-44,-46],[24,-96],[33,-5],[58,-85],[4,-58],[-9,-46],[-85,-11],[-26,29],[-55,-37],[-9,-41],[14,-48],[-11,-60],[76,-51],[19,3],[36,-105],[34,-27],[41,3],[23,-54],[75,-63],[18,-82],[29,-69],[34,-118],[76,-100],[12,-93],[-11,-147]],[[57721,43606],[-27,3],[-42,-21],[-30,19],[-46,-10],[-13,-42],[22,-46],[-20,-60],[-84,-33],[-10,-71],[-78,-69],[-55,-83],[-1,-36],[-73,-24],[-24,-35],[-101,0],[-37,-39],[-1,-52],[-39,-89],[-21,-50],[-64,-78],[-22,-59],[-51,-56],[-28,-79]],[[56585,41655],[196,52],[75,-1],[77,-14],[55,3],[31,-27],[13,-144],[0,-67],[41,-45],[33,7],[7,-33]],[[57113,41386],[19,-31],[-41,-45],[39,-21],[-24,-60],[34,-60],[-19,-70],[-77,-2],[-4,-66],[-44,-32],[-7,-34],[27,-50],[-81,-20],[-5,-89],[30,-20],[4,-29],[46,-17],[1,-64],[40,30],[30,-10],[28,18],[26,45],[26,3],[30,-39],[21,18],[25,-26],[29,-74],[6,-58],[24,-72],[60,-12],[56,31],[40,-21],[12,-26],[-24,-86],[51,-117],[-25,-44],[-32,-7],[-14,-56],[-22,-21],[-63,-12],[-3,-51],[-61,-40],[2,-50],[42,-18],[12,-35],[31,-20],[52,-78],[32,-122],[46,-73],[-37,-7],[-16,-48],[-71,-52],[21,-48],[8,-80]],[[57393,39418],[-132,-6],[-21,42],[-46,-25],[-43,21],[-67,-60],[-4,51],[-26,19],[-51,-34],[-23,32],[-64,18],[-15,59],[-92,-28],[-70,18],[-30,-41],[-52,-6],[-61,-10],[-25,13],[-49,-21],[-60,21],[-28,-27],[-32,11],[-49,-35],[-23,-38],[-26,11],[-9,75],[-91,34],[-35,40],[-42,2],[-24,27]],[[57525,45927],[-73,19],[-20,-26],[-33,25],[-91,4],[-23,-85],[-40,-61],[-26,-94]],[[57983,48321],[40,-35],[39,-58],[-6,-35],[21,-39],[-53,-75],[5,-33],[-14,-57],[16,-16],[-17,-87],[-44,-46],[8,-27],[-26,-68],[1,-40],[46,-19],[37,26],[35,-14],[45,14],[75,79],[20,-8],[102,64],[49,-27],[65,-7],[44,14],[71,-24],[52,43],[57,29],[0,19],[38,50],[24,-3],[79,59],[69,-32],[12,-16],[238,-20],[-7,62],[11,31],[-5,126],[26,64],[35,26],[19,-13],[49,21],[38,41],[16,80],[7,92],[24,58],[37,5],[88,-35],[67,32],[43,4],[30,31],[18,81],[64,23],[35,44],[23,84],[33,47],[72,-16],[32,29],[16,41],[-11,75],[41,48],[-4,50],[53,76],[19,82],[17,11],[43,-28],[29,32],[28,4],[90,-28],[-6,-41],[36,-117],[-19,-57],[0,-42],[-48,-74],[-67,-36],[-24,-58],[-91,-132],[-31,-62],[-22,-5],[-15,-56],[23,-37],[-16,-72],[4,-42],[-28,-17],[-3,-67],[33,-2],[12,-66],[-16,-22],[6,-43],[34,-31],[59,-21],[-2,-37],[-32,-52],[33,-54],[7,-34],[43,-78],[14,-54],[44,-34],[104,122],[29,-43],[33,-17],[30,-97],[62,-120],[-21,-27],[2,-58],[36,-42],[10,-68],[29,-42],[30,-15],[7,-30],[37,-36],[14,-42],[100,27],[60,40]],[[60677,47321],[85,-105],[-27,-52],[-45,-27],[41,-41],[-37,-33],[-40,-16],[-62,-49],[-42,-81],[-4,-103],[-27,-89],[-7,-110],[67,-75],[46,-8],[32,-43],[62,-21],[-9,-55],[14,-34],[-7,-77],[30,-81],[33,-36],[3,-66],[30,-84],[-26,-64],[3,-32],[40,-89],[-4,-38],[-40,-29],[-60,-19],[-232,-62],[-145,-30],[-78,-25],[-67,-58],[-45,6],[-31,21],[-36,58],[-61,-40],[-18,-70],[-33,-29],[-44,-15],[-13,-37],[-39,-33],[-58,-9],[-65,19],[-39,-14],[-17,-46]],[[57721,43606],[50,9],[84,-29],[67,-14],[12,-47],[42,-51],[10,-32],[-17,-85],[13,-27],[-16,-44],[16,-50],[-26,-30],[22,-33],[1,-63],[29,-10],[68,28],[67,-35],[12,-43],[166,-126],[16,-8]],[[58337,42916],[-22,-25],[-17,-53],[-84,-80],[-40,-59],[-22,-143],[-43,-46],[5,-29],[-30,-51],[-50,-2],[-37,-39],[-9,-47],[-29,-20],[8,-29],[-77,-69],[61,-40],[23,-99],[-8,-20],[19,-70],[22,-15],[45,-64],[2,-63],[-79,-20],[-65,-46],[-19,-34],[33,-36],[-1,-63],[-14,-94],[-18,-28],[-30,1],[-57,37],[-25,-63],[-53,-22],[-42,-33],[-28,-50],[-138,171],[-112,1],[-65,38],[-3,-26],[-47,8],[25,-67],[-21,-16],[-38,-89],[-27,11],[-42,-35],[-75,-12]],[[58337,42916],[-6,50],[48,81],[-23,75],[38,15],[68,-20],[67,2],[36,18],[66,-25],[37,22],[63,-27],[29,2],[90,55],[13,-94],[-25,-39],[-10,-111],[-39,-56],[10,-69],[64,-84],[49,-8],[6,-39],[41,-76],[0,-33],[74,-50],[23,-5],[60,-113],[63,-46],[34,-58],[7,-73],[40,-25],[17,-32],[-26,-60]],[[59251,42093],[-13,-52],[7,-74],[-33,-28],[-9,-38],[20,-31],[-6,-63],[-23,-51],[37,-4],[39,-69],[0,-82],[23,-23],[35,38],[20,-55],[19,-12],[143,66],[44,-29],[103,-3],[37,-48],[14,-39],[39,-33],[57,-126],[-10,-44],[-29,-40],[25,-53],[-62,-28],[-30,-34],[-15,-73],[-55,-45],[22,-57],[-49,-54],[13,-22],[-49,-80],[38,-111],[-7,-69],[31,-11],[5,-91],[17,-31],[43,-35],[-20,-54],[87,-145]],[[59759,40260],[2,-44],[-42,-30],[-47,0],[-54,-47],[-24,8],[-26,-77],[-57,-5],[-7,-50],[-22,-13],[-47,6],[-15,-33],[12,-35]],[[59432,39940],[-47,17],[-26,-43],[-38,-3],[-23,-39],[-57,-10],[-27,-77],[-28,23],[-1,61],[-62,-46],[-30,-52],[-58,-39],[1,-43],[-51,-35],[-6,-36],[48,-61],[-78,-64],[-37,13],[-18,-57],[-19,3],[-33,-48],[-30,-14],[-18,42],[-48,4],[-44,-94],[-30,-50],[-21,-14],[-46,24],[-19,37],[-48,-28],[-16,-63],[-53,-11],[-10,-18]],[[58459,39219],[4,-58],[-55,-19],[-59,27],[-28,-16],[-63,-70],[-56,96],[-2,51],[-38,-30],[-69,48],[-24,5],[-20,43],[-29,10],[-18,-37],[-54,-8],[-51,11],[-71,47],[-26,80],[-82,33],[-55,5],[-14,42],[-64,4],[-36,34],[-37,-46],[-60,-39],[16,-54],[-37,9],[-38,31]],[[59703,45360],[2,-72],[-53,-56],[-21,-73],[-7,-82],[28,-27],[-1,-49],[23,-46],[-13,-104],[-52,-65],[-16,-94],[-18,-52],[-84,-113],[-52,-47],[8,-45],[-9,-58],[-43,-48],[-18,-39],[-12,-94],[40,-62],[-5,-30],[81,-34],[-2,-33],[41,-41],[81,-16],[49,-51],[101,-63],[35,-77],[31,21],[22,-50],[6,-66],[50,-56]],[[59895,43638],[-8,-51],[-21,-33],[15,-55],[27,-8],[-3,-76],[40,-47],[-7,-39],[2,-121],[50,-30],[38,-55],[15,-46],[-19,-33],[16,-26],[67,-32],[-26,-51],[-15,-88],[-32,-19],[-40,-57],[-32,3],[-11,-32],[-93,-29],[-19,-38],[-59,-14],[-27,-103],[-14,12],[-75,-38],[-49,-56],[-47,-107],[-34,-21],[1,-56],[-33,14],[-27,-17],[-14,-52],[-39,-17],[34,-42],[-11,-81],[-30,16],[-37,-36],[-22,-61],[-26,27],[-27,-11],[-52,61]],[[57777,52410],[40,-18],[71,26],[30,22],[54,7],[22,48],[-6,45],[46,25],[8,-45],[41,7],[23,-67],[80,8],[43,-93],[52,24],[13,29],[68,-17],[55,-55],[38,14],[46,-8],[50,16],[52,-56],[272,-343],[4,39],[44,61],[7,35],[35,61],[26,17],[9,37],[-45,24],[-15,24],[-9,84],[-18,38],[12,69],[36,35],[-13,54],[-25,19],[7,37],[-31,22],[29,87],[-33,24],[35,26],[18,96],[64,41],[56,-31],[53,-2]],[[59121,52876],[17,-26],[-16,-56],[13,-89],[51,-19],[16,20],[48,-14],[60,18],[12,-18],[-19,-48],[11,-39],[48,-11],[45,12],[-31,-68],[45,-48],[-6,-28],[27,-27],[21,50],[53,20]],[[59516,52505],[48,-27],[-4,-54],[59,-67],[-9,-74],[49,-26],[-2,-53],[49,-71],[52,-54],[37,-18],[21,-36],[25,5],[73,2],[38,-13],[49,50],[24,7],[39,43],[47,-67],[-7,-74],[-24,-49],[-6,-60],[12,-144],[-38,-140],[-14,-19],[10,-58],[-3,-51],[16,-29],[-38,-22],[-59,-81],[-6,-64],[8,-87],[-11,-204],[21,-21],[12,-73],[26,-41],[-10,-101],[-38,-34],[63,-78],[39,-63],[12,-69],[25,-42],[9,-58],[28,-24],[56,43],[6,31],[36,12],[68,83],[56,-33],[65,-20],[2,-58],[-21,-20],[12,-31],[47,-3],[30,12],[38,-31],[12,-50],[-60,-64],[-52,-76],[-20,-54],[23,-10],[12,-63],[44,-59],[26,-7],[-3,-43],[19,-31],[33,-89],[53,-35],[26,-71],[16,-5],[2,-78],[17,-29],[-34,-17],[2,-72],[59,-8],[-9,-82],[26,-41],[-43,-38],[4,-33],[48,-31],[4,-37],[83,-62],[41,6],[39,-49],[31,15],[69,-74],[45,14],[14,-53],[47,-67],[-3,-117],[34,-67],[0,-97],[20,-39],[65,-10],[-4,-24],[34,-59],[-5,-27],[15,-27],[-2,-50],[17,-12],[48,-168],[-2,-39],[43,-102],[-6,-81],[18,-60],[57,-43],[19,-28]],[[61455,47908],[-57,-19],[-58,-52],[-107,-14],[-70,21],[-56,58],[-42,13],[-65,41],[-65,19],[-61,30],[-99,24],[-60,-3],[-17,-26],[-67,-38],[-69,-57],[-2,-41],[60,-49],[24,-59],[-57,-109],[-15,-51],[-37,-69],[8,-47],[-16,-16],[29,-65],[48,47],[33,4],[5,-121],[35,-8]],[[62548,48374],[-33,-25],[-22,-61],[-39,8],[-19,-81],[-50,-1],[-19,42],[-44,-20],[-58,38],[7,-45],[-32,-47],[-80,32],[-29,-12],[-18,50],[-62,-20],[-60,5],[-15,46],[-31,-2],[-27,27],[3,44],[21,14],[19,50],[-55,32],[10,24],[-4,56],[-73,52],[-24,-3],[-87,90],[-43,11],[-53,62],[-35,1],[-11,56],[-55,1],[-24,13],[-15,-31],[-1,-57],[-76,-38],[3,-40],[-47,-38],[8,-81],[4,-18],[60,-21],[23,-53],[-20,-84],[-27,-31],[-8,-84],[12,-59],[44,-40],[-22,-97],[23,-22],[40,-98],[-28,-25],[-24,14]],[[59516,52505],[-3,43],[33,37],[60,-45],[33,6],[33,-31],[63,25],[33,-38],[27,65],[44,21],[-7,45],[45,22],[5,23],[72,3],[31,14],[7,-48],[60,-8],[40,18],[6,63],[49,18],[46,-7],[21,31],[59,8],[28,27],[72,20],[19,49],[50,0],[111,73],[1,25],[59,41],[21,36],[33,6],[21,-45],[32,3],[80,162],[152,89],[262,-2],[401,-3],[19,90],[30,14],[34,275],[20,-57],[55,-9],[40,-40],[-7,-33],[9,-145],[-13,-18],[11,-125],[61,19],[46,3],[211,63],[66,0],[35,39],[39,20],[28,-8],[65,28],[12,21]],[[58100,74246],[47,-19],[17,12],[65,-27],[62,-62],[53,-39],[47,-15],[45,-38],[37,-14],[48,-54],[53,-111],[27,-32],[52,-30],[9,-32],[51,-15],[77,-58],[8,-56],[36,-55],[41,-31],[279,-137],[36,-156],[27,-53],[24,55],[3,58],[27,-13],[40,-100],[34,-7],[16,-35],[69,-72],[48,12],[-14,-42],[27,-49],[49,-51],[40,34],[19,23],[54,-43],[41,-104],[64,9],[18,-26],[114,123],[10,37],[29,16],[13,35],[35,23],[18,73],[35,22],[30,57],[-4,22],[35,29],[1,37],[34,72],[46,50],[-2,30],[43,32],[45,3],[42,-12],[38,29],[66,1],[83,29],[67,46],[49,58],[-7,49],[-23,63],[16,36],[-34,43],[9,36],[-11,53],[23,95],[472,0],[544,-1],[840,-9]],[[62432,74050],[161,2]],[[62593,74052],[16,-25],[-4,-58],[-33,-75],[2,-47],[-33,-32],[-31,-54],[-36,-85],[-45,-44],[-52,-73],[-53,-23],[-66,3],[-53,-45],[-12,-52],[-53,-111],[-38,-19],[-106,-108],[-6,-41],[-59,-52],[-18,-111],[-39,-35],[-21,-47],[86,-205],[211,-549],[-55,-7],[-6,-78],[-42,14],[-31,-6],[-72,-72],[-50,-17],[-9,-33],[-37,-26],[-32,14],[-27,-17],[-10,-44],[-65,-71],[-61,0],[-29,-44],[-43,-24],[-179,42],[-42,-12],[-77,-3],[-18,-27],[-75,-12],[-78,-24],[-35,55],[-95,-30],[-5,-61],[-37,-34],[-15,-66],[-44,-30],[-8,-79],[-19,-29],[4,-48],[23,-21],[8,-51],[-23,-11],[14,-59],[-4,-44],[16,-36],[41,-5],[14,-56],[40,-22],[-16,-63],[24,-58],[39,-28],[-29,-47],[34,-38],[5,-31],[38,5],[46,-59],[-18,-55],[-32,-21],[-16,-66],[46,-35],[95,-13],[24,9],[37,-19],[4,-31],[-24,-58],[-31,-14],[-24,-63],[-101,-57],[3,-56],[39,-40],[-49,-15],[-4,-28],[36,-51],[-86,-110],[21,-47],[-21,-48],[-22,-3],[1,-89],[15,-29],[-36,-97],[5,-35],[-43,-36],[1,-40],[-22,-47],[12,-63],[22,-20],[19,-49],[-4,-47],[16,-34],[-145,-19],[-86,43],[-57,6],[-30,-19],[38,-62],[46,-3],[-6,-46],[48,3],[9,-58],[-88,-5],[-26,-53],[-37,-25],[-22,-80],[-34,4],[-29,-49],[-20,-123],[2,-161],[41,-42],[0,-33],[-32,-92],[-38,-47]],[[60525,68503],[-45,-27],[-50,42],[-26,-10],[-146,-23],[-42,25],[-31,-12],[-30,34],[-41,-1],[-39,35],[-19,-25],[-83,62],[-70,-24],[-44,19],[-16,-12],[-71,10],[-46,43],[-20,34],[-36,-1],[-60,44],[-83,31],[-22,43],[-128,80],[-89,95],[-58,-4]],[[59230,68961],[-19,32],[27,97],[42,67],[10,33],[-8,64],[2,74]],[[59284,69328],[-5,67],[67,128],[14,50],[-5,41],[18,122],[50,86],[20,18],[20,35],[-40,135],[32,76],[23,90],[2,98],[67,142],[-10,81],[-5,28],[-36,54],[-48,125],[-16,75],[-10,97],[10,64],[-1,98],[-19,43],[-20,44],[4,30],[35,119],[4,47],[-9,66],[4,63],[-15,29]],[[59415,71479],[-10,70],[-54,134],[-36,49],[-24,73],[0,53],[44,123],[-8,69],[-6,34],[-10,67],[2,79],[-38,101],[-37,38],[-26,46],[-71,75],[-45,-17],[-86,26],[-107,98],[-43,23],[-131,83],[-63,4],[-31,-12],[-92,-8],[-36,26],[-54,86],[2,96],[-9,69],[-33,45],[-116,54],[-48,0],[-95,14],[-40,-14],[-74,-71],[-60,-19],[-74,24],[-149,12],[-62,30],[-45,37],[-48,30],[-56,18],[-48,31],[-44,2],[-33,17],[-78,72],[-125,-22],[-51,-16],[-68,-10],[-30,-17],[-74,4],[-66,-55],[-28,-42],[-16,-84],[0,-52],[-35,-72],[-49,-65],[-54,9],[-19,33],[-44,31],[-47,6],[-45,-37],[-11,-63],[-17,-21],[-49,12],[-48,-2]],[[56467,72783],[378,337],[301,270],[28,30],[6,56],[39,-18],[42,29],[421,382],[39,36],[305,274],[74,67]],[[58100,74246],[54,49],[414,370]],[[58568,74665],[53,72],[49,-17],[37,6],[66,-40],[100,-6],[38,27],[57,69],[32,14],[96,124],[33,100],[67,73],[61,90],[13,54],[59,99],[-7,68],[18,44],[49,31],[17,32],[86,46],[32,48],[37,14],[-16,62],[30,37],[2,67],[52,6],[-18,92],[12,43],[-7,43],[38,51],[27,106],[55,-15],[22,42],[88,61],[12,40],[45,2],[30,23],[11,35],[45,40],[-2,37],[74,113],[22,-8],[9,53],[62,13],[13,36],[30,18],[29,100],[24,51],[10,61],[-11,25],[20,32],[-12,55],[25,26],[10,39],[-14,52],[35,31],[-44,64],[34,9],[-17,60],[36,39]],[[60322,77254],[20,-56],[-13,-141],[64,-58],[34,-57],[64,-178],[2,-41],[44,-181],[-20,-106],[23,-66],[-3,-30],[37,-82],[0,-61],[17,-58],[-8,-96],[-25,-25]],[[60558,76018],[-48,15],[-30,-26],[-13,-72],[-95,-143],[-6,-47],[-38,-70],[-96,-41],[8,-40],[-9,-56],[-17,-16],[-16,-73],[32,-39],[23,-53],[8,-57],[37,-24],[48,-74],[10,-38],[40,-19],[74,6],[77,-48],[57,38],[58,6],[15,-11],[67,87],[14,44],[80,14],[76,5],[66,-24],[112,65],[20,36],[105,20],[49,47],[40,17],[10,29],[63,51],[47,23],[14,73],[44,31],[28,44],[44,42],[75,81],[31,85],[108,73],[24,59],[87,83],[36,15],[99,100],[14,31],[97,-53],[18,-39],[11,-62],[-43,-79],[-80,-125],[3,-17],[-38,-108],[-11,-73],[9,-54],[-33,-42],[8,-67],[41,-77],[61,-45],[-29,13],[49,-157],[39,-43],[-15,-31],[6,-42],[-12,-67],[35,-63],[32,-5],[22,-102],[76,-125],[-42,-102],[-71,-60],[-43,-7],[43,-242],[17,-81],[194,-123],[25,-35],[3,-46],[24,-22],[6,-36]],[[60525,68503],[46,-27],[26,28],[50,3],[4,71],[42,24],[4,54],[32,25],[27,51],[144,45],[30,16],[18,45],[88,80],[37,-1],[29,46],[50,-20],[28,38],[61,32],[95,16],[29,-22],[87,-29],[62,-74],[28,8],[37,-21],[27,14],[35,-12],[38,7],[22,-72],[-19,-46],[19,-56],[54,6],[41,25],[75,-49],[75,81],[14,56],[19,24],[-7,57],[42,3],[25,27],[83,-23],[43,5],[57,32],[21,50],[-13,25],[5,89],[23,16],[74,2],[18,44],[30,35],[53,22],[49,1],[13,63],[50,7],[63,32],[66,-16],[39,-53],[29,36],[68,-32],[18,-38],[138,14]],[[62966,69267],[55,15],[58,-9],[61,36],[59,12],[25,-33],[33,1],[40,-28],[55,-12],[58,-44],[23,-30],[41,-89],[45,-59],[69,-13],[38,34],[59,-2],[63,10],[79,30],[45,38],[45,8],[57,42],[71,-5],[32,-54],[72,-3],[55,-36],[34,-2],[65,22],[20,-18],[54,0],[56,-23],[65,15],[12,-33],[38,9],[54,-21],[57,41],[2,23],[40,12],[79,100],[67,36],[66,0],[27,-21],[26,11],[29,18],[9,32],[51,20],[99,14],[75,-1],[108,-25]],[[65337,69285],[50,-438],[35,-22],[7,-55],[24,-32],[66,-34],[-1,-58],[29,-28],[-5,-96],[-25,-83],[-97,-80],[-3,-24],[-62,-37],[24,-65],[56,-26],[31,-40],[35,0],[-4,-90],[47,15],[29,-23],[-16,-74],[-27,-48],[16,-48],[-201,16],[-450,-599]],[[64895,67316],[-35,-37],[-32,4],[-64,-44],[-85,26],[-137,-48],[-22,20],[-41,-40],[-34,-49],[-26,-5],[-30,-42],[-43,44],[-50,-35],[-79,-25],[-108,-19],[-8,-34],[-68,-65],[-51,8],[-5,-63],[-34,-37],[-42,-18],[-23,-35],[-29,12],[10,-44],[-39,-3],[1,-64],[-26,-2],[-15,-37],[12,-37],[-32,-11],[25,-40],[-10,-55],[-26,-38],[-22,-4],[-1,-58],[-34,-41],[3,-43],[-26,-12],[6,-38],[26,-34],[-44,-26],[40,-22],[-34,-29],[-18,-71],[5,-34],[-26,-34],[-23,-60],[35,-28],[-54,-50],[30,-43],[-12,-70],[-36,-80],[18,-33],[-25,-53],[11,-50],[-25,-47],[-39,-30],[6,-42],[-70,-77],[-38,-26],[-16,-31],[-3,-86],[-27,-41],[-6,-47],[-19,-36],[0,-48],[-36,-33],[-6,-52]],[[63289,64994],[-29,-9],[-24,-47],[3,-50],[-33,-60],[6,-56],[-11,-53],[16,-13],[-41,-68],[7,-38],[-40,-81],[-50,-27],[0,-20],[62,-38],[-27,-27],[-57,-11],[-26,-29],[-12,-83],[-43,-127],[-30,14],[-25,-16],[5,-32],[-60,-28],[-7,-61],[-34,12],[-69,-68],[-2,-27],[-46,-52],[28,-36],[-54,-83],[6,-40],[-32,-31],[7,-33],[-31,-58],[6,-63],[50,-68],[21,-64],[35,-35],[18,-61],[-5,-63],[20,-17],[13,-51],[-13,-94],[39,-110],[25,-24],[-12,-30],[16,-48],[2,-61],[-14,-86],[18,-32],[-25,-36],[36,-97],[8,-44],[54,-27],[36,7],[51,-47],[14,-37],[45,-72],[20,-107],[0,-60],[-73,-95],[-23,-44],[10,-24],[-31,-41],[8,-76],[40,-68],[-28,-85],[7,-73],[-20,-42],[40,-115],[-2,-82],[-16,-47],[-39,-44],[-23,-103],[-23,-56],[20,-84],[34,-97],[-26,-130],[-29,-50],[-30,-126],[23,-22],[-19,-105],[-43,-67],[-5,-42],[-55,-47],[-15,-50],[-32,-14],[-24,-64],[22,-96]],[[62752,60202],[-55,25],[-57,-4],[-22,-23],[-26,49],[0,55],[-23,108],[-68,-23],[-77,-62],[-32,-8],[-52,17],[-73,-19],[-71,79],[-36,34],[-67,-6],[-61,-23],[-84,10],[-43,-16],[-101,44],[-20,92],[-86,120],[-62,16],[-28,77],[1,75],[-45,72],[11,37],[-9,47],[24,51],[-29,44],[10,48],[3,61],[-42,19],[16,45],[-28,22],[7,42],[-46,76],[-63,-32],[-45,-1],[-38,37],[23,68],[-17,33],[-43,25],[-61,-8],[-47,25],[-2,53],[-18,67],[90,71],[16,51],[0,41],[51,114],[99,65],[-3,26],[-77,75],[-2,32],[37,39],[-32,39],[-43,-14],[-18,33],[-60,12],[-46,48],[0,51],[34,40],[-42,14],[-32,36],[-66,-16],[-77,-1],[-49,-41],[-32,31],[16,55],[-17,34],[-73,74],[-25,78],[-56,1],[-26,40],[28,30],[6,31],[28,29],[-22,44],[21,73],[-18,45],[-51,6],[6,61],[-30,55],[-63,11],[-24,36],[-59,-17],[-12,17],[4,57],[40,59],[-21,41],[-42,8],[-80,-46],[-25,16],[-45,-17],[-60,32],[-32,-4],[-45,19],[24,28],[8,49],[23,28],[11,56]],[[60307,63425],[7,29],[34,5],[21,105],[40,8],[-4,33],[56,42],[-28,29],[-23,62],[33,28],[64,-6],[18,27],[53,7],[0,44],[34,65],[-5,100],[-28,33],[-16,47],[23,91],[61,57],[-5,43],[-28,39],[-32,15],[-2,40],[33,62],[-28,36],[117,101],[36,59]],[[60738,64626],[-6,148],[57,0],[52,52],[11,62],[-16,61],[38,28],[-14,23],[34,46],[39,-25],[28,9],[45,-22],[11,38],[33,43],[48,18],[16,21],[42,8],[65,37],[34,-22],[55,-2],[21,14],[51,-7],[34,17],[21,47],[26,18],[33,58],[-3,86],[15,44],[33,52],[-24,37],[-23,4],[-14,44],[51,131],[6,45],[42,34],[10,37],[-31,70],[8,62],[-20,36],[-11,55],[-64,62],[-87,52],[-10,47],[-95,62],[-60,-7],[-43,-26],[-22,22],[-28,-36],[-54,-6],[-25,18],[-86,-43],[-82,-63],[-52,0],[-47,-27],[-52,11],[-71,-17],[-30,-59],[-50,14],[-12,-26],[-39,-13],[-34,-51],[5,-24],[-38,-47],[-38,-8],[-15,-40],[-44,14],[-65,11],[-35,66],[-6,56],[-96,84],[1,52],[-54,77],[-28,-7],[-3,65],[-61,58],[-29,49],[-11,39],[-62,19],[-43,30],[-48,166],[-40,72],[-87,-1],[-8,68],[31,41],[-65,10],[4,56],[14,21],[-28,46],[-28,15],[-18,38],[-33,-34],[39,-27],[-25,-40],[-48,23],[9,120],[-49,33],[13,46],[-92,33],[21,21],[6,57],[-69,18],[-23,-32],[-26,14],[0,86],[-37,30],[-18,113],[-35,11],[-67,-19],[-29,-27],[-60,24],[15,46],[44,41],[90,36],[74,51],[16,30],[11,62],[-48,110],[-96,73],[-110,4],[-35,-21],[-44,-73],[-52,-4],[-54,109],[-37,55],[-100,51],[-31,59],[10,84],[77,64],[37,1],[76,-36],[35,19],[39,57],[20,78],[47,71],[50,33],[60,81],[28,80],[16,37],[-2,70],[49,99],[1,90],[-30,81]],[[60558,76018],[27,-1],[32,28],[20,82],[49,31],[58,74],[87,11],[98,59],[8,181],[108,70],[27,58],[-61,41],[-11,26],[6,56],[-26,47],[2,32],[58,83],[34,100],[-6,49],[152,186],[63,38],[52,49],[71,93],[118,120],[44,25],[36,2],[42,79],[60,137],[34,140],[4,125],[13,62],[-20,116],[6,86],[41,74],[163,197],[34,35],[69,46],[66,30],[55,39],[31,40],[11,95],[38,81],[101,90],[9,25],[-25,75],[19,63],[52,58],[20,44],[0,55],[26,46],[4,41],[20,29],[-26,58],[37,82],[271,13],[35,-2],[142,45],[91,16],[168,78],[65,1],[42,-24],[131,-48]],[[63433,79685],[2,-1],[7,-632],[31,-386],[5,-50],[25,-113],[5,-81],[20,-99],[25,-58],[18,-75],[2,-1]],[[63573,78189],[629,-267],[325,-137],[21,6],[53,-31],[14,13],[59,-39],[6,-53],[23,-37],[-58,-54],[-9,-32],[-57,-59],[13,-43],[3,-107],[85,63],[53,11],[26,68],[16,-72],[20,-19],[1,-60],[27,-4],[53,-38],[-114,-334],[12,-15]],[[64774,76949],[95,-182],[153,-318],[-153,-32],[-46,-21],[46,-28],[186,-97],[-248,-127],[-116,-59],[-44,41],[-34,88],[-210,-61],[-26,7],[49,570],[45,51],[71,147],[-66,-62],[-16,-32],[-47,-43],[-35,32],[-48,-29],[-34,-39],[-23,10],[-73,-12],[-20,-24],[-9,-50],[-34,-35],[-27,-69],[-177,1],[-5,-8],[-27,-24],[-57,-81],[-78,-57],[-65,-5],[-41,-76],[-20,-52],[-26,0],[-27,-84],[33,-103],[-8,-53],[-42,-74],[9,-12],[-10,-70],[-23,-43],[7,-41],[-14,-40],[5,-40],[-26,-46],[-35,-29],[-14,-71],[-34,-4],[10,-50],[1,-131],[37,-25],[-28,-28],[30,-42],[-33,-49],[29,-31],[10,-68],[-22,-42],[22,-28],[-27,-35],[-21,-77],[47,-51],[-10,-24],[-49,-29],[2,-48],[-13,-93],[11,-71],[35,-78],[0,-21],[-62,-71],[-24,-60],[-110,-96],[-25,-53],[-34,0],[-46,-21],[-12,-32],[37,-56],[-4,-32],[-57,-21]],[[63129,74100],[5,65],[-17,36],[-56,16],[-38,43],[-40,10],[-10,35],[-42,24],[-73,64],[-40,13],[-19,39],[-21,0],[-45,60],[-8,-55],[-33,-73],[-33,-10],[-11,43],[-45,5],[-36,-64],[-17,-58],[14,-67],[7,-130],[22,-44]],[[60322,77254],[3,61],[-14,42],[40,3],[30,72],[65,22],[8,38],[-12,51],[41,-2],[19,112],[-8,55],[26,11],[-11,41],[11,42],[50,56],[50,29],[2,31],[47,9],[57,31],[9,30],[77,21],[-28,51],[37,27],[12,39],[-10,49],[28,22],[31,-12],[6,66],[40,10],[10,44],[24,39],[-1,45],[45,6],[-12,52],[-39,39],[97,0],[-5,54],[39,26],[17,49],[20,135],[50,61],[9,90],[-41,19],[-2,46],[30,13],[-58,126],[25,16],[50,-22],[25,26],[-4,59],[42,-21],[17,11],[-8,67],[59,-41],[11,44],[-40,37],[4,45],[-64,-22],[-24,46],[14,49],[-9,32],[-33,-6],[-14,47],[-25,12],[-8,59],[17,43],[63,20],[5,34],[28,13],[-2,60],[36,14],[20,-61],[17,7],[18,70],[171,46],[-6,72],[38,14],[2,48],[-27,17],[17,50],[32,-13],[46,2],[84,21],[-32,64],[17,35],[-18,60]],[[61655,80159],[-8,148]],[[61647,80307],[30,34],[15,43],[26,27],[-7,28],[-48,-7],[-32,-43],[-35,8],[-1,44],[73,85],[-2,74],[22,23],[10,75],[-33,52],[47,23],[47,-56],[33,15],[19,46],[55,26],[25,75],[32,35],[71,42],[-27,42],[56,58],[8,72],[-19,35],[8,51],[18,22],[38,79],[-2,49],[36,86],[33,137],[-16,81],[-31,26],[57,75],[11,33],[-45,74],[-64,20],[-56,-16],[-25,14],[-29,-28],[-27,35],[-11,65],[21,61],[21,36],[31,11],[66,-14],[43,29],[59,-25],[26,43],[77,36],[41,58],[-16,51],[-6,66],[38,47],[-13,38],[37,54],[-21,150],[-74,102],[83,80],[3,21],[-40,37],[55,54],[37,129],[24,34],[-64,17],[3,51],[-40,6],[-31,76],[50,74],[-23,63],[47,47],[39,25],[19,-13]],[[62399,83410],[60,15],[5,90],[65,102],[35,38],[33,105],[29,-26],[33,71],[51,3],[-3,-50],[18,-49],[-33,-35],[48,-44],[-9,-36],[30,-22],[-24,-152],[9,-28],[-9,-56],[25,3],[15,63],[-6,31],[68,129],[53,134],[33,43],[11,48],[58,6],[9,-91],[-45,-71],[-8,-36],[-51,-11],[-60,-87],[24,-2],[52,57],[23,-27],[8,-41],[-14,-74],[-44,-53],[41,0],[42,36],[4,-55],[-76,-89],[61,7],[36,81],[7,86],[38,-24],[-14,68],[39,47],[32,-4],[2,-38],[-27,-35],[0,-58],[16,-21],[-64,-116],[-35,-35],[5,-23],[26,-22],[7,-31],[57,-33],[-8,-53],[14,48],[-24,36],[-74,71],[72,63],[2,18],[47,20],[56,126],[40,62],[15,98],[46,15],[48,-2],[33,-33],[-5,-21],[-79,-94],[-25,-82],[30,-73],[42,-60],[-17,-76],[29,-48],[-5,-45],[22,-27],[-49,-23],[8,-28],[-6,-61],[-38,-35],[-13,-36],[16,32],[42,31],[11,56],[53,10],[74,-13],[23,20],[30,79],[-14,47],[2,50],[24,59],[40,16],[44,-57],[36,-8],[-3,-57],[45,28],[29,-49],[13,53],[27,-48],[-18,-89],[13,-59],[-43,-68],[18,-20],[32,44],[29,14],[57,102],[-9,57],[11,20],[41,1],[-1,51],[79,25],[23,-46],[-20,-92],[-31,-14],[-45,-42],[-25,6],[-26,-27],[-22,-103],[9,-109],[-2,-53]],[[63808,82705],[-13,-38],[-59,-15],[-97,-82],[-20,0],[-64,-41],[-35,-41],[-244,-534],[201,-463],[-39,-37],[-26,-91],[44,-270],[9,-85],[-3,-60],[-22,-89],[-101,-75],[0,-263],[101,-79],[-6,-2],[-1,-755]],[[63038,83597],[30,41],[26,-28],[-24,-70],[-29,8],[-3,49]],[[63082,83425],[25,23],[26,-39],[-5,-39],[-40,10],[-6,45]],[[63379,83283],[-42,-24],[-34,68],[9,60],[41,57],[26,-68],[17,-18],[-3,-55],[-14,-20]],[[63426,83268],[18,23],[-5,106],[18,153],[25,41],[36,11],[-1,-119],[-26,-16],[-33,-78],[-1,-65],[18,-1],[-3,-60],[-15,-20],[-23,-123],[23,-73],[-12,-25],[-45,-15],[-51,18],[10,31],[-25,31],[30,38],[-27,53],[2,60],[58,39],[29,-9]],[[63617,83200],[61,44],[-8,-56],[-53,12]],[[63684,83341],[-67,0],[-39,9],[17,42],[-2,48],[35,5],[58,-44],[-2,-60]],[[63129,74100],[-35,7],[3,-55],[700,-21],[-28,-17],[-44,0],[-18,-52],[-54,-13],[-37,-79],[-12,-51],[-33,-63],[-42,-33],[-11,-26],[725,-161],[52,64]],[[64295,73600],[232,-167],[297,-291],[25,47],[21,101],[22,52],[44,1],[-4,38],[26,35],[-22,56],[29,35],[20,113],[30,-2],[27,-33],[68,5],[39,-21],[10,-41],[30,-22],[-12,-74],[30,-75],[29,26],[33,-33],[135,-100]],[[65404,73250],[-29,-117],[-70,-19],[-12,-30],[16,-55],[-60,-58],[-22,-59],[-27,-45],[-33,-13],[-1,-36],[-31,-39],[-31,-12],[8,-33],[-58,-8],[-19,-42],[-10,-95],[-21,-64],[-10,-80],[-31,-34],[-18,-45],[17,-75],[4,-73],[-25,-107],[0,-38],[22,-38],[44,-35],[32,-49],[11,-73],[-6,-31],[0,-153],[-5,-53],[23,-28],[9,-71],[29,-21],[63,-117],[38,-27],[39,-122],[-16,-21],[-8,-62],[14,-58],[88,-301]],[[65318,70813],[-33,-18],[-40,-55],[-40,-15],[-41,-48],[-23,-80],[-32,-36],[-18,-78],[-24,-28],[-18,-93],[-36,-54],[-66,-65],[-88,-31],[-93,21],[-13,-16],[-46,9],[-4,57],[-41,24],[-25,-20],[-56,43],[-80,11],[-21,-28],[-36,-3],[-40,-42],[-14,34],[-45,-43],[-81,-49],[-7,-29],[-61,-25],[-10,-39],[-42,-13],[-56,-40],[-60,-11],[-50,-39],[-51,-1],[-14,19],[-116,-15],[-38,25],[-44,-46],[-61,-6],[-24,-36],[-56,4],[-110,-66],[-36,15],[-39,-17],[-228,53],[-30,-37],[-75,-7],[-56,-46],[-32,-275],[-2,-311]],[[65318,70813],[63,33],[13,42],[59,-4],[45,56],[48,17],[14,27],[50,8],[76,53],[38,-4],[37,30],[-1,483],[106,3],[31,19],[15,-58],[34,-30],[27,0],[16,-42],[122,24],[24,-12],[47,9],[25,-41],[63,25],[86,20],[-8,70],[-23,54],[4,23],[71,25],[30,-25],[48,1],[50,88],[49,-3],[10,16],[318,-196],[-11,45],[45,17]],[[66939,71586],[2,-89],[23,-48],[46,-23],[22,-44],[289,-279]],[[67321,71103],[-12,-37],[-45,-51],[3,-91],[15,-33],[-20,-25],[-30,-202],[-34,-42],[12,-80],[-43,-139],[15,-46],[-298,-143],[94,-46],[-286,-276],[-418,-405],[-253,-244],[-212,248],[-118,-124],[-79,-47],[-152,-16],[-40,-17],[-83,-2]],[[64774,76949],[72,22],[17,27],[42,-10],[70,38],[39,-38],[26,-8],[4,-59],[-9,-33],[104,2],[43,77],[-8,45],[26,27],[25,52],[53,-27],[25,-69],[72,20],[-6,47],[40,11],[41,-55],[-20,-57],[24,-36],[27,9],[27,-19],[34,-77],[62,-28],[32,-37],[18,-78],[29,-23],[59,-20]],[[65742,76652],[0,-22],[232,-2],[57,-151],[0,-31],[144,-39],[14,75],[38,27],[10,38],[59,40],[20,40],[68,-40]],[[66384,76587],[9,-36],[-25,-46],[-30,-6],[-18,-66],[-31,-11],[12,-41],[-9,-37],[18,-48],[-37,-21],[-35,-54],[2,-52],[-44,-40],[-3,-31],[21,-29],[-7,-50],[-125,-3],[-2,-63],[28,-44],[232,75],[168,-456],[-287,-103],[-62,-249],[-16,-168]],[[66143,75008],[-328,14],[-3,33],[-48,26],[-282,-5],[-274,-6],[-313,-6],[-120,-65],[-23,-86],[-8,-98],[-10,-37],[-48,-67],[-17,-43],[11,-27],[88,-114],[9,-44],[31,-108],[-16,-88],[24,-58],[-25,-94],[8,-53],[-12,-87],[13,-42],[-25,-63],[4,-33],[-38,-44],[-105,-55],[-30,-60],[-34,-13],[-133,-4],[-39,-3],[-65,-39],[-40,-39]],[[63808,82705],[15,-38],[87,171],[34,17],[25,-9],[66,78],[3,74],[50,54],[-23,48],[27,37],[67,-25],[37,-64],[-14,-41],[28,-36],[5,-114],[-49,-61],[-90,-30],[12,-37],[49,-35],[12,20],[54,-54],[-28,-56],[-18,-67],[7,-32],[-33,-27],[-22,-54],[3,-78],[-40,-137],[-22,-103],[14,-46],[27,-17]],[[64091,82043],[40,-29],[120,33],[28,-29],[60,-125],[-25,-65],[2,-33],[59,-75],[25,-12],[71,24],[5,-68],[71,-53],[-3,-34],[-26,-31],[1,-67],[-39,-4],[-12,-49],[9,-35],[-12,-104],[-20,-26],[26,-7],[187,-18],[285,-309],[3,-205],[4,-258],[57,-24],[90,-61],[79,69],[-13,52],[51,23],[17,38],[48,39],[24,-15],[82,48],[19,38],[14,9],[80,-14],[69,-38],[39,28],[75,23]],[[65681,80679],[-12,-66],[-42,-59],[-12,-33],[5,-50],[32,-47],[6,-33],[-19,-69],[-24,-36],[18,-38],[-60,-53],[-40,-18],[-8,-35],[-30,-32],[19,-332],[2,-23],[109,21],[29,42],[53,17],[32,37],[52,12],[69,-37],[5,-29],[289,33],[-12,-78],[14,-165],[-15,-127]],[[66141,79481],[2,50],[-18,51],[-46,25],[-87,6],[-89,-58],[-23,-58],[-129,-155],[-75,-40],[-37,0],[-31,35],[-48,-10],[-51,13],[-210,-9],[-24,-11],[-1,-3],[-56,-24],[-48,20],[-41,-3],[-45,22],[-68,-35],[-60,-89],[-23,13],[-24,-24],[-83,-28],[-39,-28],[-56,-3],[-303,-108],[-42,8],[17,-35],[-21,-81],[-20,-38],[-9,-113],[-44,-59],[-58,-60],[-5,-53],[-91,-119],[-88,-132],[-264,-86],[-230,-73]],[[66141,79481],[-5,-168],[-9,-231],[-21,-131],[-59,-94],[-61,-56],[-95,-105],[-28,-23]],[[65863,78673],[-54,-2],[-40,-57],[-148,-186],[-23,-16],[-33,-60],[-48,-34],[-124,-43],[-31,-48],[33,-103],[22,-23],[16,-62],[126,-209],[130,-118],[89,-52],[-38,-94],[-33,-20],[4,-113],[30,-319],[1,-462]],[[64091,82043],[20,7],[-5,52],[71,286],[43,21],[60,-88],[27,20],[-7,41],[13,70],[32,69],[61,48],[23,41],[37,-25],[26,86],[38,55],[35,-37],[24,20],[-11,41],[64,129],[-22,73],[23,52],[18,-23],[-24,-147],[20,-78],[-9,-23],[12,-26],[49,-12],[7,59],[-23,46],[35,15],[-6,-107],[58,-38],[45,1],[34,22],[38,-53],[37,-6],[32,54],[25,18],[45,-38],[67,96],[56,42],[0,33],[43,23],[49,4],[36,-19],[-49,-72],[15,-93],[-75,-23],[-42,-117],[-44,-21],[-17,-71],[14,-30],[9,-65],[37,24],[33,3],[37,-57],[45,79],[17,50],[54,-60],[30,40],[53,24],[30,-38],[88,73],[16,-38],[-3,-41],[23,-24],[12,71],[30,15],[50,-119],[17,-21],[-9,-68],[-22,-48],[-45,39],[-77,-1],[-58,-11],[-39,-60],[-54,-17],[-22,-45],[37,-20],[37,0],[16,-24],[36,-13],[70,16],[-7,-49],[-21,-42],[-75,-63],[69,-8],[17,-17],[34,44],[67,12],[57,107],[39,-6],[62,-41],[-73,-74],[-24,-58],[21,-55],[-9,-37],[39,-18],[-23,-25],[-20,-8],[-5,-14],[35,-30],[59,39],[54,-16],[61,95],[27,-41],[-40,-82],[-63,-33],[-65,-58],[32,4],[22,26],[31,-13],[46,24],[37,-28],[22,38],[40,-106],[33,-52],[1,-71],[10,-38],[-32,-45],[49,-37],[2,-47],[-59,-34],[0,-120]],[[65987,81107],[-184,-240],[-36,-56],[-45,-46],[-29,-46],[-12,-40]],[[64652,82854],[22,40],[20,84],[24,-39],[-51,-87],[-15,2]],[[64653,82726],[12,44],[40,-14],[-8,-49],[-44,19]],[[64806,83059],[25,42],[47,0],[54,-34],[-16,-48],[-57,35],[-53,5]],[[64960,82943],[-4,-24],[-20,-38],[-29,-3],[-65,57],[-17,75],[33,34],[50,-30],[16,-62],[8,-16],[9,-5],[8,4],[11,8]],[[64981,83018],[14,-90],[-36,-33],[-2,24],[6,23],[-4,3],[-11,-10],[-15,6],[-7,41],[-9,18],[31,89],[53,-42],[-20,-29]],[[65035,83042],[46,-35],[-31,-36],[-52,-15],[-14,61],[15,14],[4,17],[-7,14],[-81,80],[-9,21],[25,37],[45,17],[49,-22],[20,-31],[-4,-16],[32,-5],[2,-23],[-9,-21],[23,-46],[-23,-21],[-31,10]],[[65210,83094],[12,-23],[-46,-24],[-63,35],[-19,36],[-18,13],[5,16],[-25,0],[-19,40],[-2,27],[53,0],[97,-50],[28,-48],[-3,-22]],[[65323,82642],[49,44],[26,1],[-64,-109],[15,-52],[-25,-43],[-48,13],[-21,29],[7,31],[56,41],[5,45]],[[65350,82573],[0,15],[53,87],[-24,68],[42,10],[22,-22],[15,-115],[-18,-20],[-90,-23]],[[65414,82447],[10,62],[21,40],[50,-35],[-20,-28],[-61,-39]],[[65690,81739],[20,9],[37,35],[30,-28],[-52,-44],[-35,28]],[[65723,81880],[2,18],[59,61],[28,-42],[-51,-26],[2,-47],[-37,-15],[-3,51]],[[65785,81740],[-13,64],[6,38],[31,15],[27,-16],[12,-48],[-11,-53],[-52,0]],[[66143,75008],[186,-199],[-10,81],[358,15],[-37,-62],[-18,-5],[-13,-78],[-17,-47],[22,-24],[-30,-42],[16,-61],[43,-24],[-3,-51],[21,-42],[-9,-56],[13,-43],[-52,-76],[-30,-82],[-20,-6],[-24,-57],[-128,-71],[-25,23],[-14,-33],[-35,-1],[-37,-78],[6,-42]],[[66306,73947],[-4,-29],[-40,-30],[-7,-28],[-73,-56],[4,-64],[-189,-1],[-40,0],[-279,291],[-10,14],[0,-43],[63,-53],[-39,-40],[30,-40],[14,-64],[-41,-93],[32,-70],[-25,-14],[-32,-103],[-39,28],[2,-92],[-30,-14],[-58,-60],[-27,-69],[-19,-21],[-31,9],[-64,-55]],[[67321,71103],[134,3],[2,20],[78,-9],[12,22],[139,21],[67,55],[7,36],[29,35],[-1,46],[29,15],[15,19],[0,79],[-97,61],[-13,32],[27,41],[-9,40],[89,91],[66,16],[12,20],[81,41],[20,-91],[39,-8],[44,11],[0,-83],[17,-8],[37,-77],[-32,-29],[13,-34],[-12,-43],[-20,-7],[-25,-58],[10,-22],[346,2],[0,2],[705,3]],[[69130,71345],[18,-30],[2,-75],[35,-65],[45,-33],[7,-33],[-18,-64],[-34,-23],[-3,-58],[28,-32],[23,-73],[35,-29],[51,0],[37,-12],[32,-42],[11,-90],[16,-28],[82,-42],[43,-56],[35,-21],[44,-3],[49,-64],[0,-42],[19,-39],[-8,-64],[-19,-43],[45,-3],[21,-31],[-39,-39],[-21,-46],[2,-31],[-50,-90],[18,-83],[7,-82],[-37,-30],[-8,-28],[34,-17],[-40,-69],[12,-63],[-11,-44],[-40,-55],[-24,-97],[8,-24]],[[69537,69452],[-13,-55],[-67,-88],[-54,-25],[-20,-23],[-19,-56],[-25,-26],[-60,-19],[-39,4],[-43,31],[-36,3],[-42,-50],[-67,-34],[-49,-5],[-36,33],[-94,17],[-88,-14],[-17,-31],[-47,-40],[-76,-13],[-81,9],[-34,-55],[-53,5],[-9,-43],[-63,-24],[-55,13],[-23,-19],[-61,28],[-17,39],[-39,50],[-67,21],[-21,23],[-5,43],[-28,44],[-52,-21],[-33,35],[-50,22],[-36,40],[-79,34],[-57,-8],[-37,27],[-31,-15],[-56,3],[-47,-29],[-36,32],[-65,-64],[-76,-21],[-58,-57],[-76,13],[-31,-45],[-39,12],[-26,58],[-31,-3],[-39,-34],[-102,-8],[-44,-20],[-17,-57],[4,-46],[-40,-32],[-27,45],[-61,-6],[7,-44],[32,-43],[-34,-34],[-25,45],[-35,-76],[-51,-24],[-27,-54],[5,-74],[-63,-21],[-14,-87],[-53,-62],[-39,-20],[-24,3],[-7,-45],[-36,-79]],[[66483,68435],[5,-75],[-49,-69],[-17,-39],[-22,-2],[-38,24],[-69,-32],[-36,5],[-53,-26],[-76,-68],[-52,-11],[-67,-58],[-54,-35],[-18,-59],[-35,-17],[-56,-2],[-36,-79],[-90,-134],[-50,-17],[-9,-24],[-38,-15],[-35,-69],[-20,-92],[-55,-8],[-44,24],[-22,68],[-85,-42],[-15,18],[-67,26],[-13,-41],[-58,-24],[-10,-40],[-36,-52],[-31,-13],[-42,4],[-37,-63],[-20,-54],[-68,-11],[-21,-18],[-38,2],[-11,-1]],[[66306,73947],[115,-44],[84,-3],[11,-35],[46,52],[59,-3],[20,64],[49,9],[32,-35],[4,-50],[53,17],[20,-16],[34,20],[20,-24],[-10,-49],[-54,-49],[21,-29],[44,-18],[10,-46],[70,7],[25,-22],[42,8],[28,34],[31,-7],[28,-45],[48,-33],[8,-53],[53,-49]],[[67197,73548],[-96,-292],[-32,-6],[521,-274]],[[67590,72976],[-91,-50],[-71,-22],[-32,-50],[-28,-45],[-1,-43],[16,-47],[-14,-35],[51,-107],[-21,-69],[9,-113],[29,-50],[44,-18],[35,-30],[-11,-25],[0,-1],[-56,-64],[-86,-40],[-20,-54],[6,-62],[-13,-35],[-28,-7],[-15,-35],[-30,-24],[-44,-89],[-44,-35],[-14,-41],[-53,-27],[-1,-19],[-53,-23],[-21,-67],[-43,-15],[-51,-48]],[[65863,78673],[33,-35],[5,-29],[54,-57],[28,-46],[224,-183],[8,-51],[-29,-29],[33,-34],[-29,-77],[6,-34],[-16,-34],[-35,-12],[664,4],[234,1],[601,277],[-31,-59],[-22,-20],[20,-89],[-35,-29],[-21,-84]],[[67555,78053],[-10,-59],[37,-43],[44,31],[23,-29],[26,-61],[4,-49],[40,-20],[28,-52],[-57,-74],[22,-29],[275,-451],[-272,-810],[-2,-1]],[[67713,76406],[-371,-83],[-1,-3],[-69,-69],[-27,-12],[-122,405],[-364,14],[-21,-180],[-46,-48],[-30,-4],[-278,161]],[[65987,81107],[2,-105],[64,4],[83,-70],[13,-48],[21,-10],[51,-65],[25,-126],[39,-88],[26,-98],[-41,-61],[9,-41],[-36,-80],[-29,-18],[-31,5],[87,-105],[102,-118],[25,1],[53,38],[148,18],[26,17],[82,28],[14,5],[56,33],[16,37],[85,49],[24,-5],[54,25],[85,-10],[20,-88],[-98,-7],[-80,-46],[34,10],[48,-18],[70,1],[124,-3],[41,-39],[-44,-164],[-48,-83],[44,14],[33,60],[91,100],[56,125],[22,79],[56,69],[18,37],[58,66],[102,61],[84,-85]],[[67671,80408],[-23,-69],[-6,-59],[100,-60],[62,-69],[7,-45],[-20,-35],[-31,-87],[18,-32],[-15,-24],[42,-21],[11,-40],[-15,-50],[-64,-38],[-35,-41],[-26,-7],[329,-836],[61,-190]],[[68066,78705],[65,-235],[-144,-109],[-395,-308],[-37,0]],[[67713,76406],[14,-28],[110,-103],[41,-55],[21,4],[50,-63],[48,-34],[7,-37],[-4,-89],[14,-30],[-25,-52],[39,-55],[-22,-94],[8,-61],[-18,-30],[18,-24],[177,106],[34,-8],[159,-85]],[[68384,75668],[137,-201],[-333,-220],[-401,-269],[-12,33],[-33,-4],[-18,25],[-40,-11],[103,-142],[78,-93],[43,-38],[48,-77],[15,-55],[39,-22],[27,-42],[-47,-50],[-36,-99],[-17,-10],[-7,-49],[-23,-28],[-35,-11],[-43,42],[-52,18],[-47,-19],[-48,-6],[-207,-38],[-14,-18],[33,-70],[-32,-51],[-11,-81],[7,-50],[-22,-52],[49,-41],[0,-87],[-38,-32],[-18,-86],[-33,-58],[-60,-41],[-63,-24],[-45,-47],[-31,-16]],[[67590,72976],[53,-32],[21,-33],[69,-13],[71,116],[49,28],[54,-12],[39,9],[51,50],[81,-5],[46,-16],[26,-24],[16,-54],[43,-13],[49,17],[84,-55],[24,32],[-11,61],[288,127],[240,113],[303,205],[62,7],[9,379],[333,84]],[[69590,73947],[81,-109],[-18,-84],[9,-49],[37,-106],[0,-65],[13,-47],[35,-42],[20,-123],[18,-30],[12,-84],[-14,-62],[-52,-65],[11,-71],[22,-48],[-1,-72],[-26,-98],[-39,-35],[-57,-29],[-31,-49],[-42,0],[-27,-17],[-24,-81],[-33,-35],[-70,-27],[-12,-87],[-37,-35],[-21,-44],[-11,-64]],[[69333,72289],[-43,-48],[-7,-48],[-26,-37],[-22,5],[-71,-21],[-32,-40],[-9,-38],[38,-50],[-16,-73],[28,-129],[-8,-34],[-35,0],[-12,-36],[7,-95],[13,-45],[-11,-46],[45,-92],[-6,-26],[-44,-64],[8,-27]],[[68384,75668],[364,382],[129,143],[64,-21],[269,-39],[133,-23],[324,-68]],[[69667,76042],[-47,-84],[-53,-27],[-2,-40],[31,-29],[-16,-26],[-83,-3],[-23,-21],[-89,-122],[-16,-50],[6,-103],[14,-79],[40,-75],[-4,-44],[2,-64],[28,-26],[43,13],[63,-44],[52,-47],[18,-40],[-10,-80],[57,-38],[-19,-86],[-33,-71],[15,-53],[-4,-32],[-98,-190],[-77,-71],[-16,-37],[27,-49],[44,-33],[0,-61],[-43,-37],[-21,-48],[6,-46],[55,-68],[55,-43],[13,-47],[-2,-72],[10,-22]],[[68066,78705],[50,52],[1,31],[57,-29],[48,-1],[25,60],[35,33],[41,-8],[308,-97],[172,-66],[434,-164],[164,-118],[268,-193]],[[69669,78205],[6,-4],[474,-322],[326,-222]],[[70475,77657],[-18,-15],[-8,-67],[-52,-35],[-8,-68],[-62,-88],[-29,-45],[-80,-39],[-16,-68],[-41,-50],[-14,-6],[-82,-110],[-12,-50]],[[70053,77016],[32,-83],[-8,-47],[-21,-26],[7,-53],[22,-35],[-37,-38],[-82,-194],[-9,-69],[-35,-50],[-56,-35],[-44,-42],[-9,-51]],[[69813,76293],[-16,-44],[-39,22],[-25,-22],[-13,-54],[-23,-49],[-30,-104]],[[67671,80408],[-29,47],[72,172],[26,25],[111,53],[79,75],[38,23],[62,-26],[49,-45],[53,-115],[34,-91],[56,-101],[20,-16],[25,43],[64,51],[36,14],[76,0],[51,15],[17,-19],[72,-19],[12,12],[68,-9],[135,-41],[132,-48],[50,-36],[128,-56],[52,-34],[139,-73],[12,-12],[150,-69],[229,-124],[81,-56],[107,-38],[42,12],[13,-40],[35,-28],[52,-3],[3,27],[-44,-1],[-19,24],[43,25],[108,-134],[35,-33]],[[70146,79759],[-109,-443],[-53,-211],[-23,-42],[-58,-13],[-20,-68],[-9,-71],[-31,-111],[32,-49],[17,-48],[-4,-44],[-15,-47],[1,-126],[-18,-34],[-61,-31],[-61,-180],[-65,-36]],[[70146,79759],[66,-60],[100,-70],[48,-24],[94,17],[56,-83],[11,51],[90,-36],[155,-8],[79,42],[20,26],[37,-28],[65,-1],[81,69],[40,0],[-10,-45],[28,-42],[2,45],[121,-29],[103,5],[64,16],[32,-2],[77,-137],[36,-26],[32,94],[66,-21],[49,13],[27,-8],[97,6],[85,-11],[67,3],[34,-45]],[[71998,79470],[-23,-43],[-55,-44],[6,-134],[-37,-22],[3,-72],[-8,-40],[42,-74],[24,-23],[55,-45],[34,-82],[-48,-70],[-9,-65],[-27,-39],[-70,-42],[-10,-27],[-57,-89],[-43,-12],[-27,-40],[3,-58],[-27,-35],[-6,-92],[-56,22],[-33,-102],[-10,-12],[-60,-59],[-52,1],[-114,-34],[-70,-8],[-40,-39],[11,-34],[67,-13],[6,-27],[-62,-43],[-3,-57]],[[71302,77917],[-39,-36],[-21,-71],[-81,-15],[-22,-32],[1,-50],[-15,-27],[-86,7],[-67,-30],[-44,-22],[-64,44],[-37,-1],[-73,-44],[-34,16],[-30,-65],[-32,-5],[-10,42],[-42,3],[-16,-37],[-40,-37],[-25,4],[-34,42],[-16,54]],[[52022,37253],[41,-14],[38,11],[90,-11],[41,15],[37,-31],[59,5],[56,-11],[12,-37],[63,-6],[46,-64],[23,-11],[7,41],[31,33],[26,-3],[42,33],[26,-15],[104,23],[14,19],[52,-13],[49,3],[34,-16],[84,-12],[9,-27],[52,1],[43,-58],[37,-6],[45,-45],[54,-8]],[[53237,37049],[59,-21],[-13,-25],[-2,-105],[-26,-46],[6,-64],[34,-91],[-39,-128],[10,-20],[-9,-60],[-51,-119],[-6,-38],[57,-47],[63,-83],[1,-68],[15,-13],[50,-106],[7,-65],[26,-67],[59,-52],[93,1],[46,24],[28,87],[61,-17],[-10,63],[18,35],[41,-26],[61,-68],[47,14],[68,66],[27,58],[28,32],[-14,67],[42,39],[8,30],[40,19],[24,-40],[73,-54],[30,-46],[26,12],[38,-13],[46,10],[53,-6],[44,-19],[114,-31]],[[54510,36068],[-64,-46],[-22,-47],[10,-105],[-16,-22],[12,-41],[27,-25],[-5,-79],[17,-27],[-39,-43],[-21,14],[-28,-30],[-61,-36],[-32,-51],[-53,-56],[8,-41]],[[54243,35433],[-74,0],[-41,-17],[-78,-5],[-41,-34],[-76,3],[-39,20],[-91,35],[-54,10],[-74,-17],[-91,26]],[[53584,35454],[-80,78],[-53,29],[-61,3],[-44,-10],[-53,7],[-50,19],[-44,2],[-66,-26],[-103,22],[-34,-15],[-67,11],[-82,62],[-48,63],[-50,50],[-84,39]],[[52665,35788],[-39,16],[-61,-41],[-40,-1],[-62,-36],[-39,-8],[-35,-8],[-62,-101],[-25,-15],[-34,-23],[-59,-93],[-56,-22],[-57,-12],[-60,-25],[-107,-18],[-76,-54],[-60,-24]],[[51793,35323],[-53,-49],[-41,-10],[-49,-9],[-8,-23],[-49,-30],[-30,-42],[-50,-14],[-70,-125]],[[51443,35021],[-39,95],[27,59],[3,67],[-36,80],[0,23],[41,88],[7,47],[-45,92],[3,85],[-10,76],[-25,43],[-14,35],[27,53],[-41,53],[17,42],[1,71],[107,221],[6,41],[55,20],[37,-26],[36,4],[14,24],[0,57],[-15,42],[-72,107],[-2,36],[33,39],[32,9]],[[55084,38738],[-25,-77],[4,-55],[-44,-38],[-1,-51],[-26,-67],[12,-121],[-32,-42],[-24,-78],[11,-24],[44,-17],[50,6],[33,-43],[31,15],[67,-5],[10,-109],[-35,-108],[52,24],[129,6],[76,13],[7,-63],[-15,-86],[25,-70],[23,-13],[31,-51],[-21,-56],[-32,-5],[-24,-27],[26,-28],[-39,-31],[4,-55],[-44,-33],[-41,14],[-31,-22],[-50,12],[-23,31],[-33,9],[-40,-24],[-13,25],[-37,-6],[-24,-40],[9,-56],[-25,-72],[-18,-19],[-17,-58],[-5,-78],[-37,-33],[-54,1],[-16,46],[-51,8],[-42,-68],[2,-53],[-55,-144],[-35,-26],[-55,26],[-52,-21],[-54,2],[-27,-27],[-25,27],[-6,49],[-36,1],[-36,85],[1,29],[-27,27],[-127,-10],[-39,-32],[-11,-48],[-64,-48],[-44,27],[-49,60],[-30,-20],[-35,9],[12,52],[-34,15],[-53,2],[-30,-34],[-80,2],[-59,-35],[-52,34],[-36,38],[-92,1],[-49,51],[-46,22],[-5,47],[-27,47],[-38,25],[-55,-83],[-34,1],[-57,-72],[-27,-58],[-6,-38]],[[58459,39219],[32,-36],[36,-17],[11,-65],[29,-42],[63,-10],[23,-94],[37,-30],[9,-35],[-89,-55],[0,-55],[-25,-51],[-51,-13],[-69,-98],[-71,14],[33,-58],[15,-58],[-12,-79],[11,-67],[-33,-52],[30,-53],[-2,-25],[36,4],[44,-27],[38,9],[61,-14],[43,5],[67,24],[51,-3],[50,-65],[20,-90],[-38,-86]],[[58808,37997],[-28,-29],[19,-26],[48,-28],[55,-102],[-8,-102],[-57,-51],[-63,39],[-29,-32],[-43,52],[-27,5],[-76,-24],[-19,-38],[-18,-88],[-75,-12],[-40,-3],[-51,-30],[-20,38],[-25,-13],[5,-21],[-21,-74],[28,-105],[9,-97],[-20,-61],[26,-79],[-38,5],[-20,-33],[-43,-34],[0,-47],[-31,-70],[-48,26],[-15,46],[8,64],[-21,23],[-10,50],[-68,31],[-136,13],[1,59],[-51,66],[-38,25],[-44,52],[-85,29],[-5,-60],[-90,-47],[-10,-20],[16,-48],[-29,-25],[-61,-25],[-90,-119],[-75,3],[7,-37],[40,-41],[-31,-89],[-26,5],[-2,-62],[18,-73],[-34,-41],[-103,8],[-29,-44],[-7,-86],[34,-15],[-19,-41],[-73,-62],[-5,-23],[-43,-5],[-39,-24],[-46,-4],[-30,21],[-45,-20],[-29,-36],[-24,-25],[-42,-6],[-46,15],[-40,30],[-52,-5],[-118,15],[-57,-30],[-10,-24],[-39,11],[-25,-12],[-2,-38],[47,-37],[-34,-42],[-54,23],[-39,-28],[-40,-4],[-88,15]],[[56270,36269],[-1,-25],[-42,-28],[-43,4],[-16,51],[-23,25],[-76,28],[-19,-8],[-63,13],[-82,-4],[-54,-19],[-69,31],[-45,-22],[-40,-48],[-67,-18],[-33,24],[-48,-19],[-18,17],[-116,57],[-24,-14],[-21,36],[-85,38],[-9,18],[-79,21],[-66,-17],[-30,8],[-26,17],[-64,-9],[-17,14],[-69,-15],[-76,-81],[-5,-57],[7,-92],[-71,-110],[-123,-14],[-52,7],[-95,-10]],[[56270,36269],[9,-78],[32,-59],[-8,-48],[-47,-36],[-19,-41],[32,-132],[41,-46],[8,-32],[-24,-63],[12,-33],[64,-15],[34,5],[28,-23],[3,-31],[66,-15],[35,-66],[63,3],[44,-14],[32,-36],[60,56],[73,33],[23,-11],[14,-45],[35,6],[58,-26],[-25,-50],[15,-51],[-39,-120],[4,-57],[18,-6],[38,-126],[25,-48],[-21,-34],[17,-27],[-27,-30],[12,-76]],[[56955,34897],[-39,9],[-86,-14],[-76,-62],[-43,-18],[-136,17],[-50,26],[-61,-11],[-55,-24],[-92,6],[-74,-48],[2,-100],[-40,-58],[-28,-63],[-8,-79],[29,-54],[-7,-97],[21,-59],[5,-49],[-33,-89],[-39,-21],[-66,51],[-77,47],[-17,42],[10,48],[1,227],[9,41],[-23,142],[-27,88],[-18,21],[-91,39],[-78,-12],[-48,-147],[-60,-126]],[[55660,34570],[-40,-59],[-56,-35],[-28,-35],[-27,-7],[-44,25],[-50,-2],[-44,60],[-33,61],[-14,77],[-39,72],[-35,85],[-13,120],[-8,42],[3,111],[22,110],[30,33],[48,-6],[32,19],[-3,77],[-35,19],[-72,4],[-32,-11],[-47,-39],[-53,-17],[-175,11],[-43,11],[-87,71],[-16,63],[-32,29],[-84,22],[-17,-14],[-53,4],[-52,-17],[-43,-31]],[[54520,35423],[-20,-9],[-174,2],[-83,17]],[[58808,37997],[14,-18],[72,-28],[36,-40],[25,-63],[81,-89],[37,16],[35,-7],[-39,-71],[-16,-56],[48,-45],[17,-64]],[[59118,37532],[-74,-68],[-26,-3],[-7,-44],[-64,-26],[1,-68],[14,-27],[26,-25],[109,-40],[38,-66],[64,-53],[65,4],[46,-42],[33,35],[57,-27],[86,15],[9,-62],[-16,-137],[57,-5],[36,-98],[10,-63],[19,-19],[-132,-259],[-25,-71],[-90,-23],[37,-84],[-19,-127],[23,-55],[24,-24],[42,-87],[48,-64],[95,-9],[37,66],[106,49],[56,94],[67,38],[109,-45],[34,-3],[80,-40],[67,-3],[57,-22],[-13,-137],[-17,-42],[-33,-32],[22,-30],[38,-12],[16,-96],[-2,-36],[-82,-2],[-26,-28],[-134,3],[11,-56],[36,-12],[135,-93],[38,-49],[50,-96],[13,-66],[34,-33],[90,-18],[45,13],[42,-13],[4,-31],[43,-25],[64,25],[50,-27],[75,-3],[57,-36]],[[60773,35112],[5,-50],[-13,-55],[-40,-57],[6,-27],[50,-49],[9,-35],[-80,37],[-85,-6],[-50,25],[-20,-63],[77,-33],[-31,-25]],[[60601,34774],[-50,25],[-60,-6],[-61,-56],[-32,15],[-48,-13],[-60,18],[-21,-18],[-119,-22],[13,-108],[-27,-36],[84,-41],[-89,-26],[-25,1],[-31,54],[-5,64],[-19,17],[-54,-23],[-47,50],[-44,-10],[-29,19]],[[59877,34678],[-43,50],[-25,102],[-78,36],[-29,55],[-53,29],[-57,23],[-29,47],[-82,14],[-18,34],[-54,47],[-10,47],[43,33],[-27,53],[-22,15],[-46,76],[-29,-19],[-37,-7],[-21,-28],[-55,-2],[-40,-27]],[[59165,35256],[-77,-8],[-23,-36],[-1,-38],[-43,-42],[-51,-17],[-78,70],[-10,50],[-27,30],[-55,31],[-47,-25],[-70,5],[-91,2],[-65,-28],[-40,16],[-16,-8],[-35,-66],[-1,-35],[32,-32],[-19,-80],[-12,-57],[-54,-70],[-78,45],[-18,33],[-8,89],[-67,64],[-19,-5],[-16,-30],[4,-61],[-39,-94],[-28,-27],[-34,11],[-33,-55],[-61,-28],[-64,5],[-47,39],[-48,18],[-17,48],[-52,23],[-7,47],[-48,84],[-56,44],[-42,-15],[7,-35],[-21,-78],[57,-67],[23,-54],[-17,-23],[-66,-25],[-70,18],[-21,33],[-45,26],[-133,-24],[-69,25],[-102,-31]],[[57147,34918],[-56,-23],[-73,-11],[-63,13]],[[59432,39940],[1,-39],[49,-58],[-6,-46],[87,-7],[52,-38],[-23,-63],[-44,-20],[14,-33],[98,-95],[-46,-71],[14,-86],[18,-5],[46,-83],[-13,-51],[14,-33],[-23,-65],[-1,-59],[-20,-14],[4,-85],[53,-8],[20,-27],[-8,-43],[-28,-10],[6,-40],[-45,-6],[-7,-50],[-25,-64],[5,-74],[13,-37],[72,-56],[10,-38],[33,-13],[19,-65],[23,-1],[-28,-35],[-57,-36],[-22,-44],[32,-89],[-7,-63],[36,-60],[-8,-60],[49,-5],[-20,-38],[-1,-41],[-61,-2],[-76,-79],[36,-24],[-36,-49],[-3,-85],[-32,-24],[-29,-56],[-26,-21],[15,-51],[-7,-52],[-23,-24],[-3,-44]],[[59523,37475],[-31,-21],[-19,22],[-52,11],[-15,-43],[-29,35],[-34,15],[-34,-20],[-94,70],[-32,-15],[-65,3]],[[59523,37475],[33,-16],[95,26],[42,-16],[17,-40],[-5,-38],[43,7],[56,38],[77,-23],[34,29],[101,-61],[55,-57],[62,17],[36,-21],[29,15],[11,-83],[27,23],[38,-5],[74,-77],[31,-60],[27,23],[32,-53],[30,-13],[21,22],[6,-39],[55,-19],[42,53],[29,1],[33,-36],[60,-4],[5,-26],[38,-18],[33,-33],[195,64],[90,-44],[81,-14],[35,-37],[59,35],[124,-30],[36,-26],[112,60]],[[61522,36999],[12,-19],[89,24],[71,-60],[14,-85],[48,-89],[44,14],[42,-5],[86,40],[8,-49],[49,-75],[50,-1],[44,-33],[28,42],[32,13],[58,-9],[57,16],[29,25],[31,-54],[23,-80],[34,-10],[13,-27],[-52,-53],[16,-42],[38,-6],[8,-32],[25,-25],[67,10],[42,-36],[25,47],[42,-3],[20,54],[25,25],[28,99],[68,11],[66,-38],[45,19]],[[62847,36607],[24,-53],[-12,-70],[-23,-33],[12,-31],[-46,-28],[-4,-51],[-43,-51],[-6,-42]],[[62749,36248],[-90,-98],[-56,-28],[-53,23],[-58,-28],[-18,17],[-55,-74],[-22,-112],[-18,-11],[-27,-115],[3,-31],[-20,-52],[-26,-5],[-67,16],[-77,-10],[-38,20],[-42,30],[-26,-24],[-59,-28],[-35,7],[-38,-32],[-19,-95],[27,-28],[-8,-24],[-42,12],[-13,-20],[-43,-2],[-42,17],[-12,-26],[-93,32],[-37,-32],[-40,-14],[-99,38],[-29,32],[-30,-1],[-35,-50],[11,-26],[-17,-49],[-54,43],[-31,-19],[-32,-70],[-23,-26],[-45,-14],[-10,-47],[18,-33],[54,-40],[-6,-27],[-52,12]],[[61225,35256],[15,-37],[-17,-82],[-86,-25],[-102,19],[-49,33],[-28,-9],[-96,23],[-30,-4],[-21,-52],[-38,-10]],[[59895,43638],[41,-25],[88,86],[29,19],[34,56],[75,40],[15,32],[64,28],[-1,29],[99,53],[56,-13],[23,-121],[29,-44],[42,48],[29,-30],[-6,-75],[27,-21],[-7,-112],[-22,-21],[13,-59],[60,-103],[-14,-73],[64,-71],[48,-10],[75,-125],[17,43],[46,69],[59,34],[46,10],[48,-10],[11,54],[46,28],[80,97],[86,-18],[24,-63],[73,-72],[22,-46],[41,-9],[57,-34],[53,17],[75,-9],[33,-26],[79,-12],[61,26],[15,-31],[52,-51],[35,-1],[47,-74],[112,-11],[80,-57],[44,-10],[73,53],[2,61],[34,15],[20,51],[-15,88],[-42,60],[16,30],[10,111],[58,55],[42,-11],[40,22],[18,26],[52,11],[33,43],[9,40],[-25,69],[50,-33],[80,-5],[57,49],[38,15]],[[62648,43720],[62,-19],[59,-64],[39,40],[34,-7],[40,14],[2,-52],[63,-105],[2,-106],[11,-26],[44,-32],[72,-5],[14,-25],[44,15],[-10,-49],[44,3],[29,-24],[-10,-36],[27,-24],[67,-30],[35,43],[71,-7],[105,27],[50,-35],[-9,-32],[36,-37],[30,-67],[105,3],[33,-57],[3,-80],[-14,-114],[-16,-7],[-69,18],[-25,-34],[40,-36],[46,-81],[42,-29],[34,22],[35,-37],[58,8],[24,-34],[-28,-34],[7,-35],[-94,-94],[32,-45],[-45,-55],[-9,-77],[-31,-7],[8,-175],[-33,-38],[-42,-100],[-37,7],[-12,-28],[36,-86],[64,-12],[47,-81],[122,-87],[51,10],[15,-29],[66,-77],[-6,-116],[-36,-42],[-45,-18],[-36,17],[-44,-49],[31,-49],[56,-55],[32,-50],[-25,-38],[3,-83],[-44,-61],[-34,-6],[58,-69],[11,-46],[-74,-18],[4,-53],[-42,-52],[22,-39],[13,-51],[-21,-14],[-16,-61],[53,-59],[62,37],[62,10],[71,-8],[28,-15],[9,-66],[120,-72],[23,-47],[49,-9],[75,20],[18,-31],[37,0]],[[64426,40386],[38,-41],[2,-60],[-64,-67],[60,-88],[2,-25],[-22,-69],[-36,27],[-57,24],[-40,-42],[14,-30],[35,0],[0,-59],[-50,-67],[-26,-67],[6,-29]],[[64288,39793],[-67,30],[-34,-10],[-70,-68],[-19,-50],[-38,-15],[-20,-48],[-53,-23],[-27,-58],[-98,-17],[-37,13],[-95,6],[-15,-27],[-71,-47],[-15,7],[-43,-39],[1,-37],[-61,-36],[-62,-81],[-15,-31],[16,-25],[-34,-56],[-4,-52],[19,-70],[31,-34],[11,-129],[-39,-68],[3,-67],[-17,-103],[-49,-37],[-13,-47],[-51,-26],[-7,-83],[-15,-47],[87,-52],[35,16],[20,-48],[-21,-117],[-52,-20],[10,-28],[-18,-32],[13,-32],[-54,-91],[-1,-36],[-50,-104],[35,-38],[-30,-21],[-2,-94],[-57,-32],[3,-56],[-27,-26],[-18,-107],[-32,-4],[-9,-89],[-18,-9]],[[63114,37398],[-13,-14],[-32,-85],[-20,-39],[-3,-126],[-21,1],[-44,-77],[6,-63],[-17,-24],[-11,-40],[-28,-13],[-54,-144],[8,-52],[-27,-48],[8,-24],[-19,-43]],[[61522,36999],[-25,19],[-20,79],[13,39],[-18,46],[-13,70],[-25,16],[-13,50],[32,82],[63,-7],[34,30],[19,112],[98,38],[43,55],[-41,62],[-32,15],[25,50],[-66,83],[-11,47],[-81,75],[-11,52],[-1,-22],[-37,-54],[-61,-59],[-34,-47],[-27,-4],[-34,-46],[-38,21],[16,51],[-30,55],[7,46],[-34,78],[2,75],[-34,16],[42,45],[-22,41],[-68,74],[-99,20],[-41,79],[-32,24],[-11,49],[-28,36],[-35,113],[-8,44],[-35,35],[-34,15],[-19,67],[12,38],[-20,66],[42,79],[-2,61],[-72,1],[-80,64],[-38,44],[-5,49],[-28,5],[6,44],[-34,35],[-26,84],[-68,-15],[-17,18],[-10,62],[-1,77],[-55,61],[10,76],[48,9],[-12,47],[37,-4],[48,33],[39,-12],[-37,83],[14,45],[-10,30],[-36,-9],[-47,-48],[-32,0],[-41,72],[-64,-39],[-91,19],[-36,71],[-3,44],[-28,22],[27,74],[-1,54],[-25,13],[-45,100],[-59,26],[-20,47],[10,33],[-40,40],[-3,42],[20,13],[6,45],[19,54],[-4,33],[-37,-5],[-49,-86],[-35,-15],[-12,-49],[-68,-43],[-52,1],[-33,-45],[-1,-48]],[[63214,47744],[0,-39],[-30,-36],[-31,-65],[26,-89],[63,-75],[62,-10],[48,34],[27,-17],[64,17],[60,44],[9,-53],[-52,-55],[-55,-85],[-26,-12],[-22,-46],[-36,-25],[-69,-22],[17,-44],[-57,10],[-6,-29],[-72,-37],[-23,-22],[75,-72],[22,-80],[49,-7],[28,23],[104,29],[70,-40],[58,-15],[18,-43],[17,-112],[26,-34],[-43,-59],[25,-36],[-1,-33],[22,-31],[-15,-80],[18,-44],[-13,-55],[24,-26],[8,-40],[31,-24],[-47,-38],[-37,-60],[22,-20],[70,-21],[45,-53],[49,-29],[14,-54],[75,17],[26,-39],[-1,-35],[22,-36],[61,-43],[12,-40],[36,-19],[20,-64],[48,-3],[-39,-43],[-73,-54],[-33,-64],[-18,-75],[47,-47],[3,-24],[72,-101],[37,-108],[-59,-88],[33,-56],[32,-113],[8,-82],[43,-62],[47,-46],[42,-8],[-52,-50],[-9,-30],[-34,-7],[-48,-55],[-25,51],[-48,5],[-30,44],[-26,14],[-57,-50],[-58,-7],[-28,18],[-38,94],[-78,73],[-102,40],[-46,43],[-17,50],[-40,13],[-20,-24],[-35,-2],[-12,-40],[-28,4],[-9,-71],[9,-34],[-23,-17],[-3,-37],[-48,-115],[-2,-72],[18,-79],[-45,-30],[10,-110],[-13,-20],[-48,-15],[-21,-50],[-50,-20],[-78,-84],[-13,-30],[-32,-9]],[[63012,44192],[-66,-4],[-32,-26],[-81,-32],[-95,-60],[11,-53],[-33,-6],[-26,-43],[5,-39],[-35,-35],[-55,-11],[15,-38],[-1,-58],[29,-67]],[[60601,34774],[22,-24],[65,37],[104,-49],[51,-41],[19,7],[36,-131],[-4,-39],[73,19],[112,-29],[19,-37],[119,-82],[48,-21],[24,31],[64,-54],[12,-58],[55,-14],[24,34],[36,-11],[34,-44],[58,-31],[20,-23],[94,-37],[-25,-51],[23,-43],[-3,-38],[17,-47],[96,-62],[24,-53],[35,-6],[1,-37],[22,-20],[61,-33],[24,-88],[21,-42],[9,-64],[24,-47],[46,20],[6,-79],[19,-9],[82,8],[31,-35],[45,17],[49,-8],[50,-59],[47,23],[28,33],[44,12],[67,-30],[57,40],[8,38],[32,41],[27,104],[26,6],[24,61]],[[62703,33729],[15,-38],[92,-9],[36,-46],[34,6],[27,-27],[2,-46],[48,-15],[6,-28],[43,3],[79,-112],[20,-15],[41,17],[29,-10],[51,-54]],[[63226,33355],[2,-68],[72,-86],[35,-5],[24,-26],[0,-36],[-23,-68],[12,-34]],[[63348,33032],[-26,-92],[-26,27],[-71,49],[-35,-12],[-54,72],[-30,20],[-44,-22],[-31,2],[-14,-34],[-29,-19],[-47,-2],[-48,31],[-129,-95],[-5,-67],[30,-34],[54,21],[39,-53],[-9,-31],[-35,-41],[-38,-61],[-4,-27],[48,-28],[-3,-39],[-39,-31]],[[62802,32566],[-83,-96],[-14,-99],[-15,-55],[-22,-45],[-74,-32],[3,-37],[-64,-19],[5,47],[-44,70],[-20,-1],[-33,89],[-42,36],[-37,3],[-32,43],[9,27],[-27,43],[-64,4],[-100,36],[-37,-7],[-43,63],[-81,23],[-54,-14],[-12,15],[-74,0]],[[61847,32660],[-17,42],[-62,22],[-17,37],[-44,12],[-23,-15],[-74,-15],[-12,-24],[7,-61],[18,-31],[59,-29],[-3,-34],[-30,-41],[-99,-14],[-19,-16],[-83,-6],[-50,-33],[-26,57],[-48,43],[-52,5],[-55,83]],[[61217,32642],[16,81],[26,27],[-22,27],[-51,95],[20,42],[-30,37],[-52,-14],[-11,-35],[-67,-50],[-19,4],[-82,-51],[4,-47],[-55,5],[-49,-25],[-32,58],[18,64],[-40,9],[-28,30],[-23,-6],[-66,76],[-48,53],[-7,29],[-52,77],[-52,10],[-39,70],[-50,86],[-33,8],[-65,62],[-37,26],[-62,16],[-61,83]],[[60168,33489],[10,55],[-6,48],[-30,13],[9,44],[-32,21],[-43,120],[10,12],[-9,48],[-28,59],[-128,44],[-35,35],[-45,21],[-27,29],[-71,47],[9,40],[-14,44],[18,31],[-20,62],[-9,85],[30,42],[-2,40],[20,64],[27,23],[39,61],[33,80],[3,21]],[[61217,32642],[-13,-40],[-29,-36],[32,-19],[-28,-96],[-29,-13],[-14,-43],[-53,2],[-67,-11],[-36,8],[-50,-19],[-6,-45],[-44,-57],[-7,14],[-37,2],[-23,-22],[0,-40],[-28,-12],[-3,-34],[-57,-120],[-28,-32],[5,-84],[-36,-14],[-51,33],[-11,-19],[-80,-17],[-33,37],[-24,-12],[-28,-117],[4,-25],[-41,-50]],[[60402,31761],[-44,39],[-32,79],[2,31],[-28,24],[-6,61]],[[60294,31995],[-16,51],[-60,40],[24,42],[-14,17],[-48,-5],[-51,61],[-11,46],[14,37],[-36,51],[27,54],[-47,62],[7,49],[-15,26],[-2,54],[-23,49],[30,94],[-21,29],[-65,44],[-23,30],[5,35],[-45,11],[-32,32],[-35,67],[30,76]],[[59887,33047],[28,73],[-23,70],[24,20],[20,46],[36,9],[13,59],[-7,42],[37,35],[2,37],[44,-11],[76,1],[31,61]],[[61847,32660],[-10,-18],[19,-50],[-2,-85],[35,-47],[-13,-32],[27,-28],[72,-6],[15,-23],[-26,-39],[13,-49],[-22,-8],[1,-47],[-48,-22],[-58,10],[33,-60],[25,0],[40,-34],[28,-5],[22,-50],[50,-50],[44,2],[8,-51],[-17,-67],[11,-65],[85,-58],[-39,-34],[11,-20],[-6,-61],[-27,-17],[-26,-52],[25,-3],[45,-59],[-11,-12],[-111,-18],[-32,-29],[-47,-5],[-75,-113],[-57,-34],[14,-43],[44,-68],[23,-4]],[[61910,31206],[-38,-8],[-40,-29],[-50,42],[-91,4],[-14,69],[-53,-10],[-37,-76],[-64,-32],[-37,60]],[[61486,31226],[26,43],[-50,50],[15,48],[-7,27],[23,30],[0,49],[-23,20],[-3,38],[-34,-5],[-49,17],[-42,40],[-57,-43],[-31,37],[-24,46],[-24,2],[-23,44],[0,35],[1,40],[-44,8],[-19,-36],[-40,-23],[-17,-43],[-31,21],[-54,0],[-52,46],[-6,38],[-37,-28],[-19,-5],[-92,17],[-10,-42],[-46,-18],[-27,-36],[-38,-8],[-19,-23],[-91,-24],[-69,18],[-44,-22],[-50,16],[-21,61],[26,33],[-8,35],[26,32]],[[61225,35256],[72,-43],[31,-5],[36,41],[56,-28],[53,-5],[37,10],[23,67],[22,22],[64,-26],[67,-67],[39,17],[67,-87],[3,-38],[57,-51],[-2,-23],[60,-94],[17,-11],[17,-65],[21,-24],[57,23],[38,-50],[66,-53],[15,-66],[-10,-23],[46,-64],[25,13],[54,-42],[-5,-52],[44,-36],[90,-27],[37,-49],[36,-26],[-6,-23],[74,-36],[50,-8],[29,51],[32,-13],[47,8],[18,35],[34,-2],[56,55],[-64,17],[2,55],[25,5],[6,68],[17,-2],[98,78],[56,-37],[50,-97],[33,-16],[17,-33],[44,-49],[-13,-42],[-45,-35],[-17,-36],[0,-15],[13,-81],[-16,-91],[-50,-9],[-66,-61],[-9,-61],[11,-23],[-6,-140],[-43,11],[-73,-36],[-25,-44],[-13,-56],[-21,-2]],[[62452,30478],[40,-44],[26,14],[41,-43],[43,32],[67,-36],[-1,-30],[29,-38],[55,-12],[62,7],[67,26],[18,-5],[47,36],[-24,35],[-12,85],[16,46],[43,53],[34,46],[36,-64],[68,-19],[66,28],[16,19],[43,-2]],[[63232,30612],[9,-44],[-30,-26],[4,-75],[53,-24],[-52,-63],[3,-36],[-16,-64],[30,-51],[42,-42],[-22,-28],[13,-30],[24,17],[27,-21],[17,38],[104,-19],[12,-34],[41,-6],[-7,-40],[61,9],[256,67]],[[63801,30140],[-29,-45],[13,-29],[38,-15],[35,-98],[-14,-49],[132,26],[78,-7],[13,-45]],[[64067,29878],[-39,-40],[-65,-4],[-27,-30],[-64,4],[-53,-36],[-73,-16],[33,-48],[-50,-48],[3,-38],[-1,-47],[-21,-17],[-50,-37],[-35,-40],[11,-39],[-2,-54],[-45,-34],[-6,-66],[-14,4],[-67,79],[-46,15],[-31,-10],[-33,26],[-9,-55],[11,-29],[-29,-71],[-16,-94],[-26,-58],[9,-37],[11,-130],[-38,-46],[-4,-52],[-16,-7],[-46,33],[-115,51],[-12,-44],[-59,-18],[-36,-35],[-50,49],[-75,-28],[28,-65],[-21,-18],[-3,-75],[-17,-3],[-33,-96],[-30,-6],[-76,39],[-20,-47],[25,-53],[37,-46],[-31,-81],[-28,-34],[18,-8],[67,-70],[-55,-34],[0,-25],[-56,-24],[10,-46],[-8,-51],[23,-8],[4,-50],[-11,-75],[15,-19]],[[62730,27936],[-38,-34],[-43,-15],[-36,-51],[-42,12],[-54,-30]],[[62517,27818],[-28,12],[-70,-7],[-64,-39],[-34,-34],[-24,32],[26,40],[-13,94],[-26,-16],[-82,-2],[-148,-65],[-19,38],[-27,-7],[-38,-51],[-49,27],[-60,-43],[-26,11],[-45,59],[5,151],[28,75],[65,59],[-4,15],[-65,12],[-46,36],[-51,1],[-73,37],[-30,-3],[-10,53],[-35,5],[6,29],[-23,40],[22,13],[118,22],[56,4],[-8,44],[-54,20],[-5,34],[38,7],[-39,60],[-23,62],[42,42],[-7,27],[-49,19],[-34,47],[-66,6],[-15,23],[-114,41],[26,60],[-43,4]],[[61402,28912],[-11,58],[-68,19],[-71,2]],[[61252,28991],[-33,7],[-78,53],[12,126],[-33,-8],[-49,81],[-8,41],[-37,12],[-12,26]],[[61014,29329],[40,27],[5,40],[-18,43],[38,44],[31,76],[21,84],[-8,20],[65,-11]],[[61188,29652],[9,-16],[53,22],[109,4],[22,12],[57,-35],[66,-11],[33,16],[87,63],[54,28],[89,-45],[93,34],[50,5],[20,28],[49,-8],[28,21],[19,-27],[34,-4],[39,102],[-3,83],[28,3],[67,64],[35,15],[0,88],[66,28],[32,50],[-9,49],[50,119],[38,27],[24,65],[25,46]],[[61910,31206],[59,4],[26,20],[70,26],[16,-59],[36,-35],[33,12],[59,-5],[32,16],[24,5],[12,-53],[69,-97],[49,-12],[48,-25],[-54,-134],[-15,-20],[25,-75],[-89,-62],[-3,-61],[46,-82],[58,-46],[41,2],[0,-47]],[[61188,29652],[11,59],[61,19],[-23,106],[-27,6],[-25,37],[-62,-11],[-92,13],[-13,28],[56,19],[71,10],[-47,81],[23,39],[29,-4],[29,37],[81,-14],[-12,51],[-56,48],[-23,58],[0,30],[-32,29],[-13,50],[47,38],[12,40],[-43,81],[-54,31]],[[61086,30533],[86,117],[-3,31],[53,27],[-1,71],[17,71],[-14,20],[17,76],[64,-19],[64,11],[-5,50],[26,15],[19,60],[63,44],[-13,30],[27,89]],[[62749,36248],[22,-35],[5,-48],[-14,-148],[34,-11],[-7,-45],[32,-26],[54,-78],[26,-11],[0,-55],[26,-14],[17,-55],[21,-24],[54,-18],[41,-50],[-32,-43],[-8,-50],[62,-60],[-1,-19],[74,-93],[14,-56],[57,-7],[28,-39],[53,-97],[128,-63],[18,-51],[19,-3]],[[63472,35049],[-4,-38],[53,-58],[-22,-60],[6,-32],[46,-48],[51,19],[49,-14],[33,-25],[4,-32],[36,-20],[42,11],[51,-39],[30,-2],[-8,-31],[40,-37],[3,-32],[36,-36],[32,-73],[22,-19],[33,-62],[43,-15],[39,7],[27,-31],[39,-44],[34,-65],[-16,-109],[-23,-45],[17,-25],[-13,-46],[46,-25],[0,-136],[45,-40],[39,-11],[-4,-43],[-64,-68],[56,-63],[27,-46],[-11,-46]],[[64286,33570],[-77,-49],[-48,37],[-91,-48],[-63,21],[-43,34],[-15,-15],[-101,-31],[-36,15],[-31,-17],[-15,-53],[-45,-10],[-50,20],[-40,-17],[-23,24],[-45,-2],[-69,-44],[-61,17],[-41,-40],[-138,-60],[-28,3]],[[62802,32566],[114,-36],[63,-36],[55,6],[95,-23],[30,-30],[76,16],[52,-21],[65,-116],[73,-24],[23,25],[31,-23],[60,1],[39,-44],[-22,-54],[-51,-47],[-5,-54],[17,-23],[-14,-102],[27,-69],[-6,-43],[-27,15],[-95,-43],[-8,-21],[-58,-1],[-26,-26],[-10,-84],[59,-92],[-52,-12],[3,-53],[43,-8],[5,-34],[28,-11]],[[63386,31499],[-5,-78],[-12,-15],[12,-85],[-22,-27],[20,-83],[-5,-81],[-52,-24],[24,-33],[-12,-77],[-39,11],[-46,-14],[42,-54],[-41,-42],[-13,-35],[0,-46],[50,-68],[-29,-44],[34,-15],[-60,-77]],[[63012,44192],[19,-34],[44,-29],[10,-24],[58,-22],[25,44],[81,-52],[35,-35],[37,-1],[94,-117],[59,10],[65,95],[41,18],[33,-19],[81,22],[43,109],[102,39],[56,-6],[40,8],[39,-29],[22,-39],[43,-2],[95,60],[-17,-98],[59,-45],[42,13],[64,41],[94,20],[78,29],[25,32],[28,-26],[50,4],[15,25],[36,-7],[-7,26],[12,58],[53,28],[45,-7],[37,2],[45,48],[16,-54],[81,-38],[60,-13],[33,-38],[-32,-21],[-20,-81]],[[64931,44086],[46,-27],[21,-49],[87,-65],[52,19],[51,39],[48,62],[86,65],[-4,-152],[-35,-43],[-30,-7],[43,-80],[-7,-21],[-59,-62],[-29,-11],[-4,-54],[26,-9],[51,14],[33,27],[46,-29],[-9,-36],[-39,-7],[27,-58],[75,57],[15,29],[40,15],[58,58],[45,3],[33,-16],[-17,-101],[19,-49],[-30,-102],[2,-54],[98,54],[37,1],[3,-68],[21,-39],[-32,-34],[-8,-47],[54,-77],[-68,-62],[-33,-47],[-99,-22],[-83,-56],[-12,-26],[-68,-24],[-7,-19],[-108,-7],[-40,-20],[76,-78],[0,-77],[51,-26],[31,22],[27,-55],[-9,-43],[9,-51],[38,44],[7,43],[38,-6],[22,-24],[12,-58],[-9,-18],[46,-66],[27,-1],[59,-58],[-58,-26],[-5,-85],[10,-106],[44,-81],[41,-32],[39,-49],[8,-32],[-26,-93],[21,-10],[34,-54],[40,-3],[29,78],[29,-56],[8,-44],[43,-32],[39,25],[19,-16],[21,-63],[46,-42],[68,-3],[32,-16],[-1,-41],[-53,-86],[14,-62],[-31,-53],[13,-40],[-26,-74],[12,-26],[48,-13],[4,-31],[37,-36],[23,-52],[50,-37],[-7,-59],[42,6],[34,-24],[78,0],[40,-12],[51,11],[4,-82],[-16,-18],[41,-46],[-31,-43],[-7,-67],[-25,-20]],[[66428,40852],[-7,-97],[8,-91],[-12,-77],[-42,6],[-74,-16],[-55,-30],[-23,-151],[-23,-41],[2,-42],[-37,-36],[-3,-99],[-48,5],[-28,-15],[-61,6],[-30,29],[-89,6],[-17,22],[20,56],[8,70],[-26,47],[24,30],[-39,27],[-49,-84],[-30,20],[-60,-54],[18,-39],[-39,-80],[-56,-21],[-43,-32],[-16,-33],[-36,42],[-43,-39],[-15,-52],[-39,-36],[-6,-47],[-41,-33],[-65,16],[-14,-9],[-41,49],[-23,-21],[-25,28],[-44,-5],[-60,86],[-22,-12],[-118,53],[-62,-12],[-124,94],[-11,87],[-39,67],[-130,63],[-2,45],[-39,37],[-77,-56],[-44,-7],[-43,-31],[-12,-59]],[[64067,29878],[45,-16],[28,-20],[-20,-32],[-51,-19],[-40,-41],[12,-46],[-52,-21],[33,-70],[-15,-54],[47,-22],[-24,-114],[43,-17],[14,31],[40,-23],[17,-72],[74,-1],[24,-24],[61,22],[21,52],[16,-9],[39,44],[33,-27],[68,-23],[33,-75],[-34,-2],[-53,27],[-37,-57],[22,-50],[-42,-53],[28,-9],[14,-43],[33,12],[48,-12],[-4,-27],[22,-83],[54,9],[-2,-52],[62,1],[24,-26],[-10,-78]],[[64638,28858],[-40,-17]],[[64598,28841],[-41,-12],[-45,-39],[-15,-35],[-24,-41],[-173,-90],[-26,-75],[-22,-15],[-40,8],[-87,-10],[-63,-54],[-19,4],[-64,-42],[-18,1]],[[63961,28441],[-15,79],[-19,3],[-68,38],[-50,45],[-16,-5],[14,-22],[-32,-76],[-25,8],[-36,-40],[-52,-28],[-78,-12],[-13,11],[46,65],[-9,38],[-28,28],[-31,-44],[-42,-13],[-21,-36],[-107,-34],[-33,38],[47,96],[-7,57],[-35,9],[-37,-34],[-41,18],[-30,-19],[-22,-60],[15,-22],[28,-5],[44,-74],[-41,-31],[-59,7],[-18,-31],[-63,-32],[-20,-25],[-54,-14],[-18,-61],[31,-37],[23,-5],[88,46],[53,-2],[43,-90],[3,-31],[-40,-52],[37,-65],[-63,18],[-30,38],[-35,-33],[7,-79]],[[63152,27971],[-6,-26],[-42,-29],[-26,27],[-5,35],[-46,10],[-55,-20],[-21,-59],[-29,-26],[-41,-12],[-5,79],[-39,35],[-10,37],[-54,-73],[-43,-13]],[[63114,37398],[34,-46],[-14,-103],[49,-29],[46,-7],[36,67],[47,-16],[38,27],[30,-19],[32,15],[-15,-42],[110,-27],[32,21],[35,-9],[51,34],[70,21],[49,-46],[-33,-85],[26,-20],[121,10],[106,-29],[28,-71],[41,4],[34,-51],[51,-9],[38,4],[52,86],[44,2],[22,37],[26,-26],[43,23],[14,67],[34,53],[46,-35],[67,34],[4,54],[49,-23],[37,36],[9,62],[51,52],[3,36],[-25,69],[55,58],[-31,69],[-48,-3],[4,110],[12,42],[-19,68],[16,40],[-36,65],[28,65],[-12,30],[-67,32],[-53,-11],[-31,24],[55,52],[-49,114]],[[64456,38274],[67,20],[22,-65],[34,-8],[15,42],[44,-3],[6,-74],[56,-4],[29,32],[16,49],[107,-12],[27,11],[45,-13],[20,-34],[74,-29],[-9,-44],[51,-45],[14,21],[-9,41],[43,0],[47,44],[21,-26],[40,26],[30,-13],[12,-39],[90,-8],[12,-17],[-5,-133],[44,-23],[9,-74],[-55,24],[-7,-55],[31,-20],[55,-10],[25,-29],[-18,-31],[32,-37],[69,-2],[-13,-32],[46,-49],[6,-43],[-27,-19],[-32,-71],[13,-44],[31,-31],[7,-34],[-37,-9],[12,-47],[33,-10],[-28,-74]],[[65551,37273],[-26,-8],[1,-43],[-23,-34],[2,-43],[-49,-46],[4,-59],[-11,-71],[-27,-77],[-39,1],[-53,-43],[-15,-48],[6,-29],[-25,-27],[-7,-45],[-37,-27],[-25,-43],[-77,-34],[-8,-19]],[[65142,36578],[-35,8],[-24,-24],[-25,18],[2,50],[-30,14],[-57,-1],[-32,-15],[-59,40],[5,-37],[-48,-53],[4,-40],[27,-47],[-12,-50],[-53,-4],[-75,-78],[-86,-46],[-2,-70],[-22,-28],[31,-77],[11,-61],[-8,-52],[12,-54],[-25,-78],[-49,-48],[-11,-45],[-91,-38],[-38,-64],[-40,6],[-49,-15],[-27,-57],[-18,-5],[-10,-57],[-26,-13],[-11,-79],[-51,-19],[-38,-53],[-34,19],[-42,-12],[-31,35],[-51,27],[-16,60],[-66,34],[-36,-24],[-33,30],[-78,1],[-54,35],[-2,15],[-33,6],[-62,-25],[24,-30],[-9,-46],[-88,-78],[39,-21],[-23,-64],[-31,-20],[18,-56],[-62,-20],[-10,-54],[46,4],[4,-38],[-41,-5],[-16,-26],[24,-99],[-47,-5]],[[63348,33032],[42,-32],[92,20],[30,-51],[14,-104],[38,-30],[43,9],[59,-10],[25,-41],[6,-50],[58,-51],[54,-71],[43,-16],[56,5],[33,-14],[21,-59],[32,-41],[-8,-19],[32,4],[42,28],[43,-5]],[[64103,32504],[22,-50],[-20,-14],[7,-98],[18,-46],[32,-11],[15,-31],[-18,-55],[-69,-4],[-34,-76],[-52,-68],[51,-31],[-14,-36],[-52,-56],[35,-48],[43,-34],[68,-12],[53,-38],[32,-47],[34,3],[4,-41]],[[64258,31711],[-23,-28],[-64,-24],[-49,-52],[1,-35],[36,-50],[-75,-16],[-38,-24],[6,-39]],[[64052,31443],[-37,3],[-61,33],[-54,10],[-104,-13],[-20,-25],[8,-87],[-63,-1],[-71,36],[-33,-13],[-49,41],[-20,63],[-88,40],[-54,-6],[-20,-25]],[[63488,48016],[10,-38],[56,-17],[33,19],[132,-48],[28,-53],[26,-82],[29,-13],[19,-33],[91,-51],[6,-53],[-30,-13],[-4,-44],[-21,-55],[-36,-28],[17,-56],[-23,-25],[16,-76],[47,-56],[12,-52],[51,-10],[80,-47],[61,-9],[61,13],[33,-41],[69,-7],[42,-46],[-6,-35],[21,-38],[-8,-28],[20,-34],[20,-185],[13,-36],[38,-26],[68,-74],[47,-30],[27,10],[39,-38],[60,-10],[26,-25],[23,6],[50,54],[58,25],[58,-27],[33,-61],[31,2],[-4,-57],[37,-27],[35,-54],[84,-80],[17,-33],[58,-27],[12,-62],[38,-41],[80,-34],[55,-59],[10,-35],[27,-23],[1,-35],[131,82],[57,-8],[31,14],[19,-49],[28,-31],[17,-50],[90,-25],[63,-68],[19,-51],[50,-27],[42,-8],[-1,56],[-48,22],[-15,34],[5,119],[51,55],[55,5],[34,17],[29,-21],[-8,-42],[36,-33],[29,-57],[53,-39]],[[66128,45873],[38,-23],[20,-86],[-25,-38],[25,-57],[-54,-68],[11,-44],[-59,-52],[-33,4],[-43,-51],[-26,-57],[-3,-32],[-28,-31],[-58,-39],[-33,6],[-48,-27],[-160,-105],[-24,-27],[-37,-30],[-33,-46],[-47,-13],[-16,-27],[108,-73],[-5,-74],[-18,-66],[-3,-54],[15,-26],[0,-50],[20,-56],[-8,-31],[-34,-21],[-40,-67],[-48,-25],[-68,-68],[-46,-35],[-90,-48],[-13,-31],[-70,-31],[-110,-101],[-42,-21],[-93,-74],[-19,8]],[[64288,39793],[-20,-81],[-82,-88],[-11,-71],[46,-64],[0,-49],[-28,-47],[2,-85],[-19,-25],[-60,-17],[-44,-38],[-8,-49],[35,-40],[104,-24],[93,-95],[69,9],[17,-52],[-47,-58],[-4,-34],[19,-48],[-32,-73],[8,-68],[18,-37],[59,-69],[35,-71],[5,-38],[-28,-69],[-9,-51],[50,-87]],[[64052,31443],[93,-67],[55,-20],[32,-45],[67,-55],[6,-33],[-49,-39],[-25,-47],[-48,5],[-53,39],[-33,-60],[-3,-61],[-31,-13],[-67,16],[-23,-48],[-38,-49],[31,-40],[20,-3],[34,-65],[-39,-54],[8,-34],[-45,-28],[-178,-150],[-28,-60],[35,-72],[4,-101],[32,-43],[10,-52],[62,-46],[11,-48]],[[63892,30170],[-91,-30]],[[64286,33570],[43,-25],[53,-9],[42,7],[32,-21],[28,12],[47,-7],[35,-22],[-23,-35],[43,-75],[46,9],[46,-73]],[[64678,33331],[36,-44],[3,-103],[25,-39],[38,20]],[[64780,33165],[70,-109],[-2,-44],[26,-30],[-17,-39],[-86,-59],[-53,13],[-18,-17],[-1,-51],[-37,-26],[-33,56],[-45,19],[-38,-15],[-23,-35],[-16,-56],[16,-29],[-39,-37],[-97,-20],[-5,-46],[-38,6],[-68,-25],[8,-40],[-47,-26],[-28,5],[-36,-27],[-38,0],[-32,-29]],[[65142,36578],[28,-4],[24,-31],[39,8],[83,-140],[17,18],[38,-13],[54,-64],[-8,-102],[-29,-48],[43,-110],[-11,-40],[-37,10],[-34,37],[-68,0],[-11,-82],[15,-37],[-28,-17],[-25,-44],[41,-15],[-2,-59],[44,2],[45,-22],[-11,-28],[27,-24],[-26,-31],[9,-162],[-18,-28],[-60,-34],[0,-81],[39,-46],[51,-28],[53,-2],[20,-38],[-4,-86],[-21,-31],[-12,-56],[11,-51],[34,-47],[48,-31],[2,61],[17,87],[21,-2],[15,84],[74,21],[38,22],[16,29],[54,29],[-19,51],[49,-53],[25,-1],[35,-42],[34,-3],[33,19]],[[65894,35323],[63,-41],[-5,-34],[39,-42],[-20,-52],[20,-61],[2,-45],[47,-17],[-3,-48],[39,-39],[-2,-19],[36,-64],[97,51],[53,15],[58,1],[32,5],[1,-48],[-29,-55]],[[66322,34830],[-28,-36],[26,-52],[-33,-82],[-11,-53],[-45,-29],[-63,0],[-21,-71],[-15,-16],[-24,18],[-36,-15],[-69,0],[-28,34],[2,29],[-36,27],[-59,-73],[-42,12],[-32,0],[-26,-42],[-36,-15],[-33,7],[-22,-62],[-33,6],[-27,-44],[10,-68],[51,-48],[8,-56],[-3,-33],[-30,-39],[-1,-36],[-42,-47],[-65,-24],[-7,-34],[-41,19],[-30,-53],[40,-27],[18,-65],[-31,-24],[-59,-23],[-80,41],[20,-142],[33,-37],[-19,-12],[-67,26],[-21,-39],[-53,-52],[-31,26],[-51,15],[-20,-62],[-50,-6],[-2,34],[-31,27],[-51,-28],[-26,11],[-42,61],[-44,9],[-18,42],[-33,-2],[-21,50],[-16,-36],[16,-38],[-18,-53],[-61,-35],[-49,-231],[-26,-11],[-10,-42]],[[67511,49617],[-33,-2],[-76,-42],[-38,-97],[-30,-53],[-13,-78],[-40,-57],[-46,-6],[-20,-25],[-40,8],[-46,-20],[-52,-5],[-17,92],[-78,301],[-13,29],[-44,25],[-77,-8],[-34,-29],[-37,-75],[-60,-13],[-33,16],[-8,-40],[-58,-42],[23,-74],[4,-45],[-19,-49],[-48,-35],[-37,-62],[-9,-53],[-34,-14],[-31,49],[-31,13],[-57,-22],[-74,-55],[-31,-38],[-48,-8],[-10,-18],[-36,-6],[-40,-43],[-13,-39],[-36,-23],[-35,12],[-17,-41],[-51,17],[-42,-1],[-14,-32],[28,-27],[6,-33],[-18,-51],[-27,-10],[31,-36],[-28,-60],[39,-26],[-25,-46],[-31,-29],[-20,-73],[42,-19],[14,-74],[-21,-51],[101,-105],[111,62],[28,29],[73,33],[25,27],[61,-5],[39,48],[41,5],[39,22],[32,37],[109,52],[15,37],[64,22],[96,-42],[29,-48],[70,-32],[35,-31],[-11,-47],[10,-61],[23,-35],[28,-7],[51,-129],[-10,-45],[49,-24],[47,-4],[14,-46],[12,-3],[-8,-54],[-31,-35],[11,-79],[-12,-68],[-32,-57],[-15,-125],[-42,-102],[-19,-23],[15,-38],[43,-32],[29,-46],[5,-36],[39,-29],[30,19],[151,-138],[7,-90],[-28,-59],[8,-95],[-8,-40],[16,-47],[-42,-81],[16,-64],[-75,-66],[-25,1]],[[67136,46720],[-32,23],[-29,63],[-34,-4],[-59,33],[-27,-13],[-32,-44],[-11,-42],[29,-6],[-18,-58],[-28,-33],[-4,-67],[-35,-56],[-18,-179],[-50,34],[-14,40],[-54,24],[-46,-66],[-11,-55],[-59,14],[-20,-10],[-6,-68],[-24,-61],[-52,-7],[-19,-37],[-28,-52],[-50,-13],[33,-64],[12,-117],[-50,9],[-23,36],[-45,-9],[9,24],[-20,44],[-47,37],[-57,-11],[-68,-44],[-27,-43],[14,-27],[-8,-42]],[[64258,31711],[49,21],[63,-15],[45,47],[48,-2],[30,13],[20,-27],[31,34],[47,0],[39,-113],[48,-16],[54,-25],[35,-29],[7,-84],[-26,-66],[7,-56],[-29,1],[-1,-67],[28,-49],[-7,-22],[23,-55],[36,-55],[2,-52],[-20,-37],[130,-3],[28,8],[88,-14],[34,-18],[74,38]],[[65141,31068],[-13,-72],[-17,-27],[-3,-50],[22,-57],[-8,-120],[45,-109],[-67,-77],[25,-25],[-23,-10],[-42,28],[-139,-56]],[[64921,30493],[-18,55],[-28,12],[-40,-9],[-25,23],[-39,108],[-23,-7],[-65,25],[-34,-37],[-58,8],[14,-56],[1,-86],[14,-18],[-70,-58],[-73,-39],[-91,-70],[-59,-36],[0,-17],[-63,-45],[17,35],[-17,65],[-189,-90],[-131,-47],[-52,-39]],[[64921,30493],[-41,-27],[-9,-108],[-19,-29],[-2,-41],[26,-44],[36,-12],[50,-128],[-5,-41],[20,-72],[-4,-26],[29,-49],[29,-14],[6,-37],[25,-25],[40,-2],[22,-43],[33,-17],[0,-47],[43,-14],[22,-29],[9,-44],[46,-24],[75,19],[40,-40],[-12,18],[97,17],[18,19],[-12,41],[6,38],[97,35],[47,-2],[17,19],[63,-34],[4,-35],[37,-20],[46,26],[53,-16]],[[65853,29705],[-29,-113],[-16,-24],[-59,-33],[20,-76],[-32,-79],[-58,-27],[-18,-33],[-45,-27],[-3,-30],[31,-83],[-28,-21]],[[65616,29159],[-77,7],[-52,26],[-46,-41],[-31,3],[-102,-48],[-12,-30]],[[65296,29076],[-57,-66],[-22,9],[-33,12],[-68,-23],[-17,-44],[-37,-15],[-58,6],[-58,-58],[-58,23],[-141,-11],[-57,-37],[-52,-14]],[[64780,33165],[77,-15],[31,19],[29,-12],[85,-1],[-5,35],[24,19],[57,-6],[77,-35],[32,-63],[54,-23],[-5,-59],[33,-55],[35,-30],[85,2],[20,60],[56,-46],[35,45],[18,65]],[[65518,33065],[29,-52],[39,-23],[47,-60],[-2,-62],[-15,-64],[13,-65],[-4,-36],[47,-18],[-6,-30],[20,-101],[24,-10],[8,-116],[-32,25],[-58,-28],[-21,-45],[-58,-13],[-15,-40],[30,-64],[-48,-58],[7,-33],[-57,-39],[21,-33],[63,17],[21,-70],[49,-47],[19,-47],[39,9],[13,-28],[34,-13],[14,-53],[-15,-32],[8,-36],[26,-11],[-11,44],[60,3],[14,48],[38,-8],[20,-64],[44,5],[38,-59],[-23,-88],[19,-38],[32,10],[39,-13],[60,-159],[-12,-50],[28,-41],[-19,-32],[-33,-79],[-21,5],[-37,-35],[1,-39]],[[65995,31199],[-75,1],[-28,-32],[-81,-7],[-6,-27],[-64,-31],[-80,-18],[-9,-45],[-59,-3],[-73,42],[-38,-4],[-62,51],[-62,-21],[-26,43],[-26,25],[-49,-9],[-50,-34],[-42,-11],[-24,-51]],[[66428,40852],[28,2],[59,-32],[90,25],[44,-18],[36,49],[37,-20],[22,-30],[31,3],[7,-43],[32,20],[38,-13],[1,-54],[39,-14],[24,11],[33,76],[30,106],[19,14],[58,88],[-1,23],[59,34],[10,77],[-10,26],[20,41],[-15,21],[10,47],[28,39],[1,41],[20,17],[-11,36],[20,75],[17,5],[52,-26],[56,-59],[4,-36],[26,-24],[-6,-69],[22,-52],[-22,-21],[18,-46],[2,-53],[-28,-59],[19,-41],[52,-35],[0,-54],[57,-67],[2,-68],[66,-76],[0,-36],[28,-38],[57,-26],[29,-61]],[[67638,40557],[-18,-36],[-50,-51],[-2,-35],[25,-18],[-50,-36],[-33,-82],[-50,-5],[-31,-36],[-55,-1],[-22,-50],[-21,29],[-59,-31],[-23,-36],[45,-59],[-3,-120],[-82,-3],[2,-25],[-86,-76],[0,-30],[-48,-38],[-75,36],[-52,8],[-41,-62],[41,-53],[28,-54],[4,-34],[65,-27],[57,-9],[-5,-39],[58,-69],[-19,-37],[57,-34],[3,-43],[113,-2],[69,33],[44,-13],[-11,-55],[42,-18],[62,-3],[3,-25],[-54,-36],[-16,-33],[-36,-19],[-34,5],[-34,-68],[52,-31],[-19,-57],[-58,-10],[-50,8],[1,-35],[-50,-11],[-90,-67],[-51,16],[-39,-30],[-35,-7],[-21,-37],[-34,3],[34,-54],[-5,-80],[-12,-36],[32,-32],[49,-23],[14,-56],[44,25]],[[67108,38653],[20,-15],[-4,-70],[19,-53],[52,-37],[-27,-63],[7,-66],[-17,-47],[55,-44],[-31,-21],[27,-30],[-7,-65],[-68,-50],[-13,-79],[-43,35],[-40,2],[-17,27],[-35,13],[-45,-71],[-24,-27],[-81,-52],[-77,-30],[-9,17],[-66,8],[-5,-21],[-46,-15],[-15,27],[-41,-41],[-63,-44],[-24,-75],[-65,-30],[-69,-81],[-16,-36],[-80,-15],[-15,-66],[-19,-38],[-34,-30],[-28,-7],[-33,-35],[-34,10],[-22,-71],[-57,22],[-74,-5],[-52,-20],[-61,-79],[-27,-8],[-93,-58],[-65,2]],[[65646,37221],[-37,25],[-38,-15],[-20,42]],[[66322,34830],[82,-55],[72,13],[18,-39],[-15,-31],[26,-56],[3,-66],[41,-18],[37,26],[-4,27],[36,21],[20,-17],[50,4],[50,44],[31,-71],[74,-14],[2,-70],[-18,-54],[7,-23]],[[66834,34451],[-27,-38],[31,-35],[-47,-11],[-36,-30],[8,-51],[-3,-83],[6,-46],[-22,-55],[35,-55],[-42,-32],[-20,-46],[34,-41],[-47,-29],[-33,-30],[-64,50],[-15,-32],[-33,-18],[-22,17],[-43,-18],[-68,-44],[-26,-86],[12,-46],[-58,-29],[-47,18],[-11,-79],[-29,-14],[-64,-61],[26,-44],[-14,-22],[-45,-13],[-8,-35]],[[66162,33413],[-15,-31],[4,-82],[-19,-48],[-29,-29],[-63,-17],[-14,-35],[-54,-59],[-22,-9],[-72,36],[-26,38],[-49,-10],[-38,-34],[-40,18],[-58,-63],[4,-40],[-36,-26],[-33,45],[-26,-17],[-58,15]],[[65995,31199],[-22,-79],[-65,-65],[-25,-49],[-43,1],[-12,-51],[-33,-41],[3,-125],[8,-41],[21,-55],[59,10],[29,-37],[89,-15]],[[66004,30652],[74,-8],[6,-49],[33,-52],[9,-41],[-9,-62],[46,-10],[47,25],[24,-95],[18,-22],[-8,-53],[13,-21],[-11,-46],[-55,-38],[12,-56],[-54,-103],[17,-37],[-37,-43],[-2,-32],[22,-51],[-6,-40],[-60,4],[-102,-53],[-33,23],[-50,-8],[-23,-6],[-27,-51],[5,-22]],[[67136,46720],[35,-33],[35,0],[44,43],[34,-2],[11,53],[47,-4],[42,-32],[44,0],[68,-48],[88,-12],[14,-63],[38,-33],[-66,-5],[-38,-54],[-47,-36],[-25,-75],[29,-64],[53,-80],[26,-6],[5,-42],[-12,-48],[75,-123],[41,55],[47,-5],[62,75],[54,-8],[28,36],[36,21],[90,-24],[39,-38],[-18,-49],[-53,-29],[-6,-52],[16,-9],[-13,-167],[28,-31],[54,-31],[24,-69],[35,-12],[31,-112],[-40,-55],[-4,-47],[56,-56],[-14,-43],[4,-70],[20,-14],[10,-55],[91,-27],[13,14],[73,19],[10,28],[62,-42],[43,-12],[55,-70],[55,-7],[27,19],[58,-8],[25,-23],[66,38],[19,-17],[15,-52],[32,-9],[22,-43],[86,-68],[67,-42],[66,-74],[-4,-50],[-53,-90],[53,41],[39,56],[9,47],[59,22],[14,30],[31,-11],[40,8],[14,46],[77,30],[37,58],[55,-20],[97,15],[16,31],[140,-13],[9,32],[53,7],[38,-11],[28,19],[34,-17],[33,21],[41,-14],[56,-1],[3,-26],[35,-13]],[[70002,45088],[16,-38],[-22,-47],[4,-30],[-35,-35],[1,-125],[41,-22],[4,-21],[51,5],[46,27],[31,2],[42,51],[60,-68],[-33,-49],[-15,-81],[-14,-12],[-27,-112],[-33,-58],[1,-39],[51,-15],[14,55],[32,41],[29,-13],[19,-68],[30,-25],[48,-5],[56,-37],[32,-52],[85,39],[-2,-92],[23,-26]],[[70537,44238],[5,-74],[55,-116],[-3,-47],[33,-23],[5,-93],[54,-19],[-17,-35],[-76,-40],[-27,7],[-30,-36],[-20,9],[-66,-50],[-83,-49],[-10,-32],[-51,-48],[-16,19],[-52,3],[-21,2],[-31,-68],[-40,-34],[-18,39],[-29,-8],[3,-54],[-42,-75],[-72,-20],[-50,-30],[-7,-61],[17,-49],[-60,-35],[30,-58],[-40,-52],[8,-43]],[[69886,43068],[-41,-11],[24,-36],[-27,-47],[-22,5],[-28,-53],[8,-51],[-58,-13],[-27,-44],[-113,-17],[-35,24],[-20,-37],[-34,14],[-30,-105],[-22,-6],[-63,-66],[-30,-67],[10,-53],[-38,-54],[-54,1],[-23,-32],[-38,-21],[-38,-47],[-30,-72]],[[69157,42280],[-59,-92],[-49,-2],[-48,-64],[-40,58],[-36,5],[-1,-49],[-67,-24],[2,-39],[-25,-32],[19,-30],[36,-7],[15,-73],[-4,-46],[-43,-22],[-52,-17],[-84,89],[-38,18],[26,-60],[-37,-83],[30,-22],[-7,-43],[-66,-36],[-41,-40],[58,-63],[-54,-8],[-54,46],[-12,-47],[-33,10],[-13,-34],[7,-57],[-88,49],[-50,-20],[6,-38],[-46,-1],[-4,32],[-46,-5],[-41,71],[-37,-60],[7,-35],[-75,35],[-54,-42],[21,-35],[-22,-68],[16,-34],[-54,-45],[-48,-14],[22,-95],[29,-10],[-4,-50],[-47,-13],[16,-35],[-10,-110],[-14,-37],[-34,-8],[-28,-68],[-73,-82],[-21,-46],[25,-21],[-48,-51],[-77,-23],[-41,18],[-15,-21],[10,-59],[-24,-38]],[[65646,37221],[-22,-38],[80,-11],[13,-62],[41,-36],[18,-37],[68,-63],[35,34],[28,-15],[-13,-45],[-45,1],[33,-63],[26,-5],[23,-56],[-25,-50],[-22,-7],[-9,-61],[-9,-9],[-24,-57],[-36,1],[0,-43],[17,-35],[-6,-85],[47,-4],[-6,-49],[-54,-45],[81,-79],[-43,-48],[17,-12],[76,8],[76,-36],[-37,-34],[20,-20]],[[65994,36160],[36,-91],[-42,-20],[22,-46],[-21,-10],[17,-18],[39,15],[17,-47],[61,-30],[-9,-73],[2,-43],[-32,-28],[-23,-47],[-39,-11],[6,-52],[-56,-32],[-20,-32],[-2,-83],[-18,-52],[9,-45],[-15,-56],[-32,-36]],[[66162,33413],[53,-56],[7,-48],[34,-10],[3,43],[25,10],[13,61],[27,-1],[39,-35],[64,4],[37,-9],[49,10],[62,5],[104,-71],[115,10],[-23,-47],[28,-56],[48,15],[49,-9],[10,-20],[58,-8],[17,-33],[76,24],[44,-2],[-9,-60],[33,-62],[31,-29],[7,-59],[86,-103],[30,-15],[-25,-9],[-70,-103],[-67,-47],[26,-44],[9,-68],[34,-24]],[[67186,32567],[-51,-39],[-76,45],[-38,-88],[-7,-39],[-31,-9],[-18,-36],[51,-44],[-2,-59],[25,-36],[38,2],[17,-62],[-6,-76],[14,-17],[-47,-53],[-4,-45],[29,-27],[1,-35],[52,-31],[-52,-29],[-31,-87],[43,-57],[-26,-38],[-36,-9],[-47,-66],[-45,-15],[-33,-56],[35,-3],[48,-34],[5,-37],[-15,-56],[13,-37],[-9,-44],[-42,-26],[-34,14],[7,-55],[-7,-34],[-37,-60],[-43,28],[-25,-6],[-16,-37],[-46,-9]],[[66740,31165],[15,79],[-9,48],[-59,-61],[-50,-27],[-25,18],[14,-34],[-43,-70],[-22,-12],[-46,37],[-15,57],[-111,-50],[-58,14],[-55,-19],[-35,29],[-36,-37],[23,-19],[-16,-34],[37,-47],[7,-49],[54,-8],[14,-66],[-25,-30],[-44,-18],[-41,5],[-51,-21],[-44,-72],[-38,22],[-89,-96],[12,-52]],[[66740,31165],[-3,-57],[21,-50],[67,-76],[98,-13],[28,-33],[-25,-45],[20,-35],[1,-51],[38,43],[66,-2],[79,54],[-14,33],[-47,8],[17,47],[67,-22],[17,31],[51,10],[-19,42],[107,-70],[45,-62],[35,19],[12,43],[30,47],[42,37],[17,71],[-28,51],[21,69],[32,4],[5,70],[33,16],[62,-17],[54,-2],[51,-44],[6,-35],[38,-70],[42,9],[20,63],[-22,33],[7,37],[43,33],[36,49],[-20,40],[7,31],[-39,23],[3,55],[-33,38],[-40,17],[-6,39],[51,49],[26,-12],[49,10],[45,24],[19,53],[41,58],[25,-14],[27,48],[60,32],[12,-21],[92,-2],[4,40],[63,48],[33,12],[6,33],[38,33]],[[68353,32034],[62,-27],[50,13],[45,-74],[71,1],[36,-31],[-30,-49],[-4,-54],[-31,-56],[16,-37],[46,-5],[38,-43],[33,-93],[-15,-11],[87,-18],[7,68],[33,-13],[73,3],[42,-32],[20,16],[54,5],[2,76],[56,-18],[33,-57],[71,-45],[60,20]],[[69208,31573],[42,-14],[-50,-73],[27,-43],[-6,-59],[-61,-50],[12,-39],[-33,-46],[-38,0],[-33,-35],[-26,-70],[-35,3],[-35,-27],[-6,-27],[-17,-63],[31,-45],[50,-9],[15,-81],[-17,-32],[-55,11],[-16,-50],[-34,-52],[36,-41],[-5,-100],[27,-8],[9,-70],[-69,-67],[52,-48],[-5,-40],[31,-25],[43,39],[-6,-65],[-23,-41],[40,-9],[43,-48],[-23,-52],[-1,-49],[8,-21],[67,-4],[45,35],[25,63],[54,8],[12,-36],[36,74],[24,-14],[73,6],[118,140],[70,59],[-4,37]],[[69600,30495],[6,-38],[-28,-48],[8,-44],[-66,-75],[8,-65],[-34,-35],[45,-11],[9,-40]],[[69548,30139],[-134,-62],[-54,-53],[-26,10],[-75,-34],[11,-54],[-87,-70],[-73,24],[-40,-19],[-11,-35],[-39,11],[-12,74],[37,33],[6,59],[0,15],[-53,-6],[-37,25],[-73,-37],[-53,22],[-36,53],[-82,-8],[-50,-24],[-48,36],[-50,7],[-120,-97],[-82,-48]],[[68367,29961],[-57,-32],[-94,-7],[-7,33],[-133,-65],[-58,82],[-45,-68],[-70,41],[-43,-19],[-9,-27],[-30,23],[-64,-4],[-49,-49],[-47,22],[-8,27],[-41,27],[-58,-42],[-69,-21],[-27,-21],[-83,-4],[-1,-33],[-138,-49],[-24,-23],[-57,-13],[-59,-40],[-23,21],[-42,4],[-16,-21],[-44,0],[-53,-39],[-27,0],[-55,-50],[-12,-34],[-75,-52],[-45,2],[-21,-32]],[[66683,29498],[-27,-28],[-26,14],[-25,-34],[-59,-3],[-21,-20],[-6,62],[-64,3],[-23,-27],[-50,-19],[-81,21],[-69,-40],[-8,24],[-88,19],[-43,-17],[-23,-46],[-74,-68],[-105,-75],[-44,3],[-58,27],[-74,-31],[-86,-123],[-13,19]],[[67108,38653],[-15,38],[62,35],[48,-1],[25,27],[51,-5],[67,-86],[53,-17],[21,20],[36,-5],[52,23],[8,66],[62,44],[53,-65],[28,3],[0,41],[37,-8],[17,-58],[112,5],[12,-32],[35,-18],[34,16],[91,-65],[28,1],[46,-28],[9,-25],[60,-19],[38,36],[62,-11],[6,-36],[-7,-79],[-50,-49],[-6,-30],[45,-35],[30,-49],[45,10],[3,-48],[22,-55],[0,-42],[31,-2],[23,-47],[34,41],[52,25],[69,-11],[104,-34],[14,17]],[[68655,38141],[-18,-40],[-85,-35],[-10,-22],[32,-95],[30,-4],[48,-49],[-17,-34],[1,-56],[24,-44],[-32,-74],[29,-25],[-34,-38],[9,-46],[51,-29]],[[68683,37550],[59,-36],[-22,-37],[20,-28],[42,-5],[36,25],[23,-26],[102,11],[34,55],[27,-65],[34,-108],[41,-43],[-9,-53],[48,-89],[-48,13],[-8,29],[-54,-41],[-39,44],[-55,-15],[13,64],[-49,38],[-23,-30],[-63,26],[-58,82],[-77,-139],[22,-69],[-4,-85],[-10,-34],[-50,-45],[-56,-21],[-44,-18],[-152,-12],[-112,13],[-47,-1],[-19,41],[-2,-38]],[[68183,36953],[-64,-10],[-106,-33],[-28,11],[-76,-11],[-22,39],[-44,5],[-16,119],[-45,16],[-20,28],[-58,-35],[-3,66],[-33,48],[-62,-124],[-62,-42],[-12,-47],[31,-56],[4,-29],[-23,-45],[-32,-8],[-1,-34],[-54,5],[-35,-18],[-76,23],[-58,-67],[-31,-60],[-32,0],[12,-35],[-13,-30],[-8,-77],[-15,-52],[-60,-20],[-71,-106],[-70,-9],[5,-83],[-52,4],[-68,-60],[-65,-15],[-42,-28],[-4,-27],[-63,-43],[-41,-9],[-7,52],[-7,50],[-48,58],[-45,57],[-48,-15],[-94,-4],[-21,-18],[-29,34],[-44,-20],[-96,19],[-22,-26],[-26,-30],[9,-94],[-44,-3],[-49,19],[-21,-31],[-25,16],[-59,-8]],[[68183,36953],[-1,-47],[70,-62],[-15,-36],[29,-80],[-9,-36],[11,-55],[-27,-6],[-11,-54],[-63,-110],[-39,-54],[35,-41],[-29,-35],[-4,-135],[-9,-41],[5,-127],[22,-82],[-10,-84],[3,-17]],[[68141,35851],[-7,-59],[22,-49],[9,-179],[-3,-42],[16,-29],[1,-45],[-25,-22],[-108,11],[-36,-33],[-15,-39],[-45,-3],[-34,-36],[-53,-66],[-24,-77],[-52,-102],[8,-32],[74,-130],[-10,-20],[-101,-22],[-34,-20],[-64,-14],[-17,14],[-47,-9],[-24,-60],[-34,-17],[-75,-2],[-30,-38],[-120,-44],[-68,18],[-31,-42],[-55,6],[25,-95],[34,-56],[22,-88],[10,-123],[11,-48],[7,-57]],[[67268,34202],[-119,30],[-14,27],[-90,1],[-20,30],[-4,67],[-69,-26],[11,56],[-40,62],[-89,2]],[[68156,48526],[23,-63],[27,-27],[28,-90],[-17,-39],[13,-103],[-38,11],[-55,-64],[28,-40],[52,-25],[-10,-86],[19,-48],[30,-7],[30,-85],[80,-4],[72,29],[68,14],[34,-46],[20,20],[-7,46],[68,-41],[29,-40],[19,2],[38,-87],[22,-17],[12,-73],[21,-46],[-7,-90],[32,-83],[4,-52],[30,-3],[59,-48],[8,-24],[-8,-89],[86,-51],[4,-33],[131,-147],[14,-53],[54,-46],[23,27],[-7,37],[18,54],[47,-3],[52,11],[23,-26],[51,-10],[21,-52],[56,11],[27,-31],[15,-52],[34,-30],[11,-52],[68,-74],[123,-43],[28,-38],[-5,-74],[27,-54]],[[69781,46499],[13,-49],[-7,-55],[60,-35],[-26,-36],[20,-143],[34,-141],[-5,-56],[-17,-33],[-49,-12],[-32,-64],[19,-41],[-32,-34],[7,-76],[25,-26],[63,-40],[27,4],[9,-91],[21,-80],[57,-60],[-9,-46],[18,-14],[6,-55],[26,-68],[-12,-110],[5,-50]],[[67268,34202],[-6,-31],[32,-25],[26,24],[38,-6],[60,-49],[53,2],[14,-24],[72,-24],[-12,-33],[2,-87],[81,10],[42,100],[48,-12],[31,8],[50,54],[7,24],[56,-3],[81,-84],[82,-55],[20,-54],[-39,-84],[-7,-55],[58,-67],[23,-43],[28,-2],[43,29],[72,-71],[29,3],[65,-29],[37,26],[-22,59],[59,4],[21,39],[29,92],[80,-8],[6,43],[71,20],[30,41],[63,34]],[[68691,33968],[29,-38],[41,-18],[20,-77],[44,32],[21,-7],[57,35],[32,-1],[31,36],[25,-3],[43,-128]],[[69034,33799],[-109,-64],[23,-111],[39,-35],[-10,-30],[17,-42],[43,-21],[-7,-24],[-65,1],[-13,-64],[26,-26],[-73,-4],[-44,28],[-25,-42],[-35,-3],[-78,-53],[-7,-79],[29,-49]],[[68745,33181],[-29,-32],[-43,1],[-20,-70],[30,-27]],[[68683,33053],[-33,1],[-10,-44],[-103,14],[-28,-7],[3,-38],[-33,-50],[-30,9],[-35,-58],[-45,-4],[-78,-44],[-60,13],[-58,-9],[-34,0],[-49,-30],[-47,-1],[-53,-3],[-33,-18],[-64,10],[-33,-15],[-47,-87],[-56,-23],[1,-44],[-76,-8],[-62,-40],[12,-34],[-15,-33],[-59,-36],[-78,-22],[-54,-33],[-74,-9],[-44,-54],[-72,8],[34,87],[-6,64],[-33,43],[-45,9]],[[68683,33053],[-2,-71],[15,-32],[0,-51],[39,-44],[-26,-20],[-17,-44],[27,-24],[43,16],[46,-27],[-23,-38],[11,-27],[-26,-42],[25,-27],[-9,-38],[39,-21],[-26,-102],[-44,16],[-21,51],[-61,-13],[-9,-30],[-110,-48],[-6,-60],[-16,-29],[-1,-61],[-28,-4],[-47,-35],[-13,30],[-34,-7],[-8,-25],[-50,-1],[-19,-19],[-3,-50],[14,-112],[10,-30]],[[69157,42280],[33,-19],[22,-74],[25,-7],[11,-44],[28,1],[20,-39],[32,-21],[19,-76],[53,56],[68,46],[81,-56],[8,-27],[58,-21],[-3,-38],[-22,-54],[48,-10],[-2,-72],[-33,-48],[33,-51],[-24,-72],[97,-150],[-53,-100],[-29,-30],[-45,34],[-57,-9],[-29,-41],[-60,-56],[-6,-88],[-29,-120],[-57,28],[-32,51],[-18,75],[15,38],[-35,53],[-61,-64],[-3,-40],[-37,-16],[-54,-50],[-7,-46],[-66,-53],[-16,-1],[-23,-101],[-18,-24],[16,-43],[34,-44],[-2,-59],[15,-64],[44,-60],[-26,-50],[14,-75],[-22,-84],[30,-61],[10,-54],[-32,-33],[-46,-12],[1,-55],[72,-49],[-10,-58],[-41,-7],[-15,-44],[4,-4]],[[69035,40088],[-5,-41],[-95,-132],[-7,-68],[-28,-41],[-41,30],[-43,-24],[32,-63],[-4,-35],[-34,-54],[-41,6],[-36,54],[-4,-50],[36,-55],[-9,-22],[-3,-16],[55,-15],[44,26],[1,-58],[36,-39],[79,6],[62,-80],[-23,-43],[42,-98],[43,-12],[24,-35],[1,-65],[-45,-24],[-108,-13],[14,-16],[-11,-94],[34,-33],[-2,-41],[-60,-45],[-6,-54],[-19,-23],[-51,16],[0,-48],[22,-15],[-23,-105],[22,-144],[-55,-37],[0,-27],[-37,-75],[-34,-57],[-70,-14],[-30,-27],[-41,21],[26,-95],[33,-41],[-21,-32]],[[68141,35851],[47,-22],[19,9],[54,-54],[32,20],[43,-23],[48,4],[29,25],[55,7]],[[68468,35817],[2,-72],[-17,-52],[2,-44],[22,-26],[-19,-40],[-52,-24],[-2,-88],[57,-16],[45,17],[12,-36],[49,8],[21,42],[60,30],[86,-26],[27,29],[41,-18],[48,11],[-28,-71],[2,-30],[36,-32],[-8,-21],[24,-43],[-20,-21],[-51,-8],[-20,-49],[-29,6],[-35,-41],[-5,-65],[-17,-36]],[[68699,35101],[-62,-58],[9,-47],[-51,-32],[-25,-83],[-17,-45],[-8,-100],[49,-38],[58,2],[21,-17],[40,53],[62,19],[76,-41],[63,80],[64,-9],[3,-48],[36,-96],[-14,-46],[-47,-44],[-18,-47],[18,-57],[59,-16],[30,-66],[-48,-27],[-21,-30],[25,-34],[-35,-62],[54,-23],[14,-39],[35,-14],[-5,-48],[-11,-45],[-80,43],[-35,64],[-39,-37],[-78,-22],[-78,-8],[0,-37],[-29,-83],[-23,5]],[[68683,37550],[120,15],[15,50],[-31,12],[6,41],[39,103],[24,30],[2,58],[55,7],[18,-24],[63,34],[89,-61],[50,-68],[23,-9],[-14,-63],[24,-27],[80,-21],[23,-41],[26,2],[24,-46],[25,7],[25,-65],[36,-15],[58,-54],[30,84],[71,23],[54,-24],[73,-64],[33,6],[17,-47],[65,10],[77,29],[25,-14]],[[69908,37418],[-1,-6],[-32,9],[-24,-45],[-20,17],[-23,-73],[61,-73],[49,-27],[-9,-46],[19,-38],[-12,-54],[39,-123],[-34,-67],[-40,-62],[-11,-35],[-61,-38],[-65,-4],[-79,-21],[-58,-46],[-32,13],[-54,-2],[-60,-39],[-50,7],[-47,-25],[18,-32],[-26,-34],[-45,49],[8,44],[-65,37],[-34,-4],[-7,-86],[8,-67],[21,-68],[-14,-30],[14,-31],[-2,-60]],[[69240,36358],[-25,-39],[3,-56],[-39,-118],[-23,-24],[-2,-53],[-23,-29],[-5,-70],[-30,-30],[-122,-45],[32,-29],[-28,-55],[-46,11],[-25,-40],[-49,2],[-23,19],[-55,-8],[-59,26],[-44,56],[-36,7],[-35,33],[-10,48],[22,41],[-36,39],[7,25],[-111,-2],[-29,11],[6,-67],[22,-116],[-9,-78]],[[70990,47732],[-15,-39],[6,-36],[29,-16],[-37,-57],[0,-28],[-66,-9],[-25,-29],[-73,17],[-24,-31],[31,-21],[4,-83],[-22,-63],[5,-82],[-68,-81],[-1,-27],[-52,-70],[-31,-57],[-39,-36],[-82,-32],[-44,30],[-61,-31],[-18,-111],[-18,-56],[-39,4],[-49,83],[-57,27],[5,73],[-39,4],[-77,33],[-31,-16],[-66,7],[-11,-32],[-69,29],[-29,47],[-37,-7],[-15,-48],[35,-49],[7,-79],[-51,-18],[-35,-31],[-22,-97],[28,-95],[-14,-54],[-44,-26],[2,-40]],[[68745,33181],[44,-9],[67,31],[72,-49],[21,23],[50,-31],[18,-41],[-4,-39],[107,44],[39,36],[57,-29],[-56,-66],[10,-30],[48,-37],[31,-6],[17,-84],[-6,-36],[70,-5],[32,9],[33,-85],[22,-38],[34,14],[22,-35],[-11,52],[30,37],[-31,27],[69,124],[20,77],[49,36],[19,-1],[55,-86],[36,22],[64,-13],[28,26],[37,-41],[25,3],[85,52],[21,-88],[61,-31],[94,-9],[44,-71],[7,-99],[37,-23]],[[70212,32712],[-43,-62],[9,-79],[-64,-94],[-30,-44],[-46,4],[18,-56],[-56,-69],[-89,-152],[-14,-6]],[[69897,32154],[-45,-171],[-51,-3],[-41,28],[-88,-23],[22,59],[-42,12],[-22,-43],[-45,1],[-48,27],[-93,-43],[34,-6],[-2,-66],[30,-25],[7,-22],[-42,-136],[12,-12]],[[69483,31731],[-22,-42],[-43,-31],[-27,18],[-49,-5],[-48,-33],[-58,7],[1,-30],[-29,-42]],[[69240,36358],[47,9],[40,-43],[10,-72],[0,-83],[41,6],[5,-64],[31,-28],[8,-44],[34,-64],[49,39],[27,-43],[3,-62],[15,-28],[37,43],[24,-35],[66,28],[-17,56],[68,-20],[62,24],[9,-2],[-3,-45],[-30,-56],[19,-28],[-2,-62],[58,-18],[-46,-64],[-49,-18],[-49,-45],[-24,-79],[-28,-24],[22,-26],[43,2],[23,-49],[73,88],[27,16],[17,-31],[40,-18],[7,-36],[-29,-63],[4,-33],[-29,-39],[13,-34],[76,-14],[18,-76]],[[69950,35223],[-30,-3],[-28,-31],[-47,12],[-23,-35],[-24,19],[-85,18],[-53,-24],[-35,-32],[-27,9],[-38,-34],[-55,26],[-9,23],[-65,48],[-24,-27],[-59,37],[-56,-26],[-31,-21],[-4,-35],[-55,9],[-51,-8],[-89,-38],[-12,-24],[-119,46],[-18,-27],[-47,16],[-51,1],[-62,-48],[-54,27]],[[69950,35223],[25,-25],[53,45],[78,14],[14,17],[58,78],[-21,24],[-1,47],[29,19],[76,27],[33,34],[30,2],[22,28]],[[70346,35533],[45,-194],[68,-25],[2,-95],[-19,-49],[13,-61],[-32,-20],[-26,-55],[3,-113],[10,-35],[40,-4],[62,-42],[-41,-99]],[[70471,34741],[-50,-44],[-9,-51],[-33,-69],[-34,-8],[-7,-14],[26,-71],[7,-59],[-18,-5],[-20,-61],[32,-42],[36,13],[31,-37],[-14,-59],[-26,-44],[10,-39],[49,14],[87,-20],[22,-28],[51,6]],[[70611,34123],[68,-43],[-13,-27],[20,-68],[32,-38],[-8,-37],[-39,-39],[-18,-70],[17,-40]],[[70670,33761],[-23,1],[-51,46],[-102,4],[-4,-56],[-73,-18],[-35,6],[3,-52],[-52,15],[-52,-19],[-28,18],[-36,-19],[-44,18],[-29,41],[1,28],[-48,79],[-42,25],[-46,-6],[-48,36],[-3,-47],[-71,-29],[-19,-48],[-46,-27],[-34,-70],[-35,0],[-40,29],[-9,34],[-70,53],[-26,-18],[-33,-40],[-81,-31],[-34,-55],[15,-20],[-1,-62],[27,-33],[-82,-42],[-28,56],[-78,-3],[-20,18],[28,76],[-20,50],[-35,12],[-58,-4],[-28,33],[-40,-3],[-44,-36],[-27,62],[-35,36]],[[69035,40088],[9,30],[40,-11],[58,4],[21,22],[14,56],[49,-15],[40,-31],[11,-40],[51,-56],[34,-61],[55,-6],[12,68],[97,55],[85,-59],[31,5],[73,75],[12,-10],[98,-12],[37,54],[50,-21],[27,23],[30,-33],[39,5],[18,55],[67,56],[46,5],[88,118],[-4,19],[27,1],[56,39],[14,67],[62,12],[26,-33],[22,65],[40,-6],[23,25],[11,56],[53,-10],[-14,-32],[26,-32],[37,-13],[-5,-59],[26,-25],[11,-87],[19,-39],[0,-76],[13,-38],[-16,-87],[40,-34],[5,-27],[45,-26],[11,-97],[67,16],[33,-33],[22,23],[33,-15],[34,-51],[18,-2],[24,-72],[26,-31],[45,-10],[53,8],[6,-22]],[[71116,39738],[40,-41],[18,-53],[-28,-36],[9,-36],[50,-127],[85,-35],[11,-54],[-7,-12],[-125,-9],[-44,-22],[-6,62],[-50,-8],[-73,56],[-38,-42],[-102,41],[-35,31],[-100,-43],[-13,-123],[-28,-36],[-14,-120],[39,-50],[-2,-39],[48,-4],[-39,-22],[-54,26],[-45,-8],[-30,-30],[3,-29],[-30,-58],[63,-8],[33,-82],[-11,-21],[128,-94],[-3,-99],[20,-25],[-16,-29],[-1,-71],[24,-29],[-24,17],[-40,-6],[-202,2],[-9,7],[-18,-40],[-45,-26],[-4,-65],[-39,20],[-55,-40],[-37,50],[-27,-22],[-8,-36],[15,-59],[-7,-39],[36,-9],[35,-75],[-22,-61],[-30,-47],[26,-66],[31,-42]],[[70369,37922],[-9,-20],[-112,-5],[-36,-30],[-9,-41],[-89,38],[-13,38],[-43,21],[2,55],[-14,21],[-96,16],[-34,-17],[-30,60],[-45,-14],[-34,11],[1,-76],[34,-85],[1,-37],[-69,-56],[6,-62],[38,-16],[-19,-70],[-24,-24],[14,-71],[77,-63],[15,-48],[27,-29]],[[70670,33761],[21,-23],[40,-8]],[[70731,33730],[-67,-118],[2,-54],[-45,-28],[-40,-47],[-50,-11],[-22,-89],[19,-65],[-18,-25],[-24,-53],[15,-25],[-8,-53],[-27,-87],[-37,-56],[-22,-66],[-54,-1],[-39,-74],[-28,-40],[-7,-41],[-52,-50],[-15,-35]],[[69483,31731],[64,8],[33,-19],[-35,-53],[41,-88],[-10,-31],[44,-53],[-21,-57],[5,-17],[-59,-67],[67,-16],[30,34],[42,-48],[-34,-102],[-6,-43],[-44,-150],[-63,-55],[-15,-19],[47,-55],[69,-26]],[[69638,30874],[-32,-32],[-1,-32],[42,-70],[33,-9],[-31,-94],[-39,-9],[-31,-33],[30,-51],[-9,-49]],[[69886,43068],[41,-37],[83,-20],[-7,-49],[-3,-132],[58,-18],[35,86],[25,33],[28,5],[70,84],[78,43],[52,-3],[73,-68],[-2,-97],[31,-28],[28,28],[74,-20],[-2,-39],[55,-86],[9,-52],[71,-36],[33,-40],[28,39],[73,-9],[-12,-54],[29,-75],[-13,-51],[34,-28],[35,10],[69,75],[35,20],[35,-20],[-7,-43],[50,-30],[50,-49],[13,-43],[45,-24],[4,-49],[73,-31],[24,-73],[-8,-30],[52,-42]],[[71325,42115],[3,-27],[39,-42],[-20,-28],[43,-62],[-87,-33],[-26,-26],[-89,-36],[-71,12],[-9,-27],[31,-53],[17,1],[-59,-39],[-19,-33],[13,-35],[-32,-22],[-6,-35],[-50,-63],[12,-52],[-78,-115],[10,1],[69,-42],[-8,-104],[50,-61],[-13,-46],[39,-32],[17,-69],[-10,-59],[7,-36],[-55,9],[-56,-54],[3,-40],[-23,-15],[2,-70],[-17,-37],[86,-152],[33,0],[44,-56],[18,-54],[17,-6],[7,-62],[48,-78],[44,-12],[70,-78],[13,-40],[38,-41],[44,-16],[34,-56],[2,-71],[21,-32],[-20,-22],[22,-105],[-88,-38],[4,-47],[52,-70],[-7,-13]],[[71434,39696],[-79,11],[-43,38],[-74,37],[-16,-17],[-34,40],[-51,-5],[-21,-62]],[[70369,37922],[30,19],[32,-27],[39,32],[22,-48],[53,27],[22,31],[50,-7],[66,41],[24,-2],[63,5],[-9,-25],[23,-65],[59,-11],[34,-40],[14,50],[69,-30],[54,-16],[16,-38],[66,9],[18,15],[38,-4],[43,-59],[-6,-34],[84,-43],[11,-49],[-41,-45],[-6,-54],[-54,-58],[-50,-61],[-55,-13],[-16,-20],[11,-28],[42,-16],[13,-88],[37,-118],[15,-25],[35,-71],[-2,-27],[25,-69],[50,5],[25,27],[18,-26],[-11,-47],[45,-47],[34,20],[89,-5],[29,-50]],[[71517,36837],[-101,-71],[-28,-1],[-4,-57],[-50,-43],[-63,8],[2,67],[-31,-56],[-55,-58],[-47,-29],[-9,-38],[-51,-82],[-31,-34],[-15,-42],[-21,34],[-64,0],[-30,18],[-1,49],[19,51],[-11,26],[15,44],[29,28],[-14,14],[-51,-33],[-82,28],[-37,-12],[-58,13],[-26,-15],[-69,9],[-18,18],[-22,-64],[-70,3],[-11,-39],[-31,-34],[-25,3],[-26,-1],[-12,-29],[38,-33],[3,-34],[-21,-56],[-29,-14],[21,-37],[38,-6],[17,-34],[-12,-29],[10,-47],[-16,-42],[38,-39],[-30,-37],[-18,-54],[14,-94],[29,-16],[62,17],[27,32],[45,-8],[32,-37],[100,3],[2,-94],[-32,-8],[-10,-36],[-51,8],[-77,34],[-38,-7],[-40,-27],[-56,-60],[-15,-65],[-31,-15],[-6,-45],[-68,-57],[2,-42]],[[69897,32154],[58,-37],[106,-31],[37,25],[43,-6],[33,-50],[36,24],[46,44],[77,-19],[22,39],[41,14],[8,-30],[-16,-42],[67,-30],[77,-49],[13,-22],[39,38],[39,1],[44,-41],[22,-77],[78,-14],[87,-31],[2,-20],[59,-17],[36,-25],[57,-18],[46,17]],[[71054,31797],[14,-59],[-27,-17],[-18,-43],[24,-35],[-33,-16],[-32,26],[-24,-28],[8,-45],[-39,-81],[26,-10],[54,-79],[-47,-41],[-17,-44],[-29,7],[-35,-78],[-26,-37],[-46,-33],[-15,-24]],[[70792,31160],[-46,6],[-73,31],[-11,-63],[-24,-28],[-30,-86],[-31,26],[-41,-38],[-71,-23],[-89,21],[-10,-40],[-36,-34],[-52,-1],[-56,-51],[-34,-2],[-34,35],[-71,-13],[-39,22],[-30,-2],[-64,54],[-39,34],[-64,-17],[-36,16],[-70,-33],[11,-44],[-10,-43],[-56,-30],[-48,17]],[[70792,31160],[-36,-71],[48,-57],[10,-45],[93,11],[59,-55],[20,-35],[-2,-61]],[[70984,30847],[-89,-39],[-15,-22],[-49,-21],[-47,11],[-48,-18],[-29,-29],[-65,-32],[-91,-32],[-8,-4],[-72,-42],[-192,-88],[3,-23],[-61,-14],[-14,-12],[-122,-46]],[[70085,30436],[-104,-53],[-106,-63],[-97,-44],[-51,-11],[-119,-48],[-1,-18],[-59,-60]],[[73008,46785],[-72,9],[-18,20],[-42,1],[-41,-23],[-19,8],[-60,-67],[-34,2],[-31,-33],[-44,-4],[-12,27],[-49,-11],[-144,35],[-54,-22],[-12,10],[-133,11],[-22,-81],[16,-26],[-23,-72],[-30,2],[-39,-29],[79,-56],[50,-13],[67,0],[34,29],[40,-14],[52,-59],[-9,-42],[-67,-30],[-57,-54],[31,-77],[25,-15],[15,-48],[-24,-14],[-23,-76],[-31,-59],[-62,-16],[16,-25],[61,2],[35,-15],[32,33],[48,-9],[32,-58],[28,-26],[-8,-44],[-128,-63],[-20,-52],[26,-45],[48,-48],[6,-35],[-41,-38],[4,-45],[-63,-61],[-2,-29],[-88,-46],[-21,-54],[0,-44],[-18,-33],[18,-53],[67,-2],[-35,-68],[21,-41],[-31,-40],[-34,-29],[-63,1],[-54,-13],[-18,34],[-60,8],[-21,42],[-36,-64],[-52,9],[-39,-25],[-62,-74],[-49,-127],[-30,-53],[47,-70],[2,-34],[35,-50]],[[71818,44614],[-2,-59],[-87,-45],[-32,-30],[-66,-23],[-27,9],[0,37],[-81,18],[-39,-13],[-71,5],[-39,-15],[-20,-48],[8,-46],[-16,-36],[-25,-42],[-48,0],[-15,-29],[-68,-34],[-50,44],[-52,-11],[-10,-23],[-46,-9],[-32,22],[-44,-12],[-21,-42],[-69,-9],[-129,51],[-16,18],[-42,-7],[-78,-66],[-64,19]],[[71818,44614],[32,-57],[36,-30],[46,53],[32,-5],[54,-34],[30,-41],[-1,-36],[53,-44],[28,4],[73,-25],[46,-70],[-17,-60],[-4,-69],[25,-41],[5,-68],[49,-56],[4,-27],[51,13]],[[72360,44021],[14,-109],[14,-26],[-3,-89],[18,-50],[33,10],[31,-58],[-43,-48],[-37,-67],[-22,-62],[-15,-92],[-55,-9],[-9,-18],[-137,-81],[-27,-51],[19,-34],[8,-52],[82,24],[41,-55],[70,-30],[75,-58],[-32,-51],[-76,-55],[-34,38],[-43,3],[-58,-54],[-39,-8],[1,-33],[-49,-52],[-59,15],[-27,-62],[-32,-27],[-21,49],[-39,16],[-32,-59],[19,-44],[-13,-23],[31,-32],[-6,-27],[-33,-13],[-31,25],[-49,-3],[-66,17],[-52,52],[-19,-28],[24,-103],[-7,-60],[13,-118],[-18,-30],[-31,37],[-25,0],[-46,-48],[-29,12],[-1,41],[-94,18],[-34,-31],[-6,-45],[2,-62],[-44,-123],[-29,-22],[-8,-61]],[[70731,33730],[48,26],[69,1],[22,23],[47,-39],[-3,-35],[29,-37],[49,-6],[38,-86],[43,-17],[24,-28],[-12,-43],[-31,-52],[-25,-87],[51,-21],[34,-36],[-19,-86],[35,-57],[-19,-17],[16,-42],[-16,-40],[51,-40],[39,-70],[-4,-66],[27,-57],[-15,-10],[3,-64],[31,-1]],[[71243,32743],[23,-48],[57,-43],[69,-33],[11,-20],[-43,-10],[-5,-39],[-41,-47],[2,-19],[-27,-11],[-22,-61],[-53,5],[-25,-78],[-32,-35],[-13,-37],[-28,-46],[30,-61],[-18,-51],[32,-21],[-2,-51],[-88,-84],[-2,-66],[-19,-26],[32,-50]],[[71081,31811],[-27,-14]],[[73481,38092],[23,-20],[14,-83],[-16,-34],[-30,-8],[-56,-72],[-76,14],[26,-30],[47,5],[49,-29],[-2,-44],[-29,-4],[-39,-48],[-28,-6],[-65,-86],[-4,-67],[-97,-91],[-56,-63],[-18,-45],[-29,5],[-16,-40],[-35,2],[-20,-81],[6,-30],[-38,-75],[45,-57],[-71,11],[-35,-20],[-54,-6],[4,-56],[-56,-86],[-22,8],[-70,-36],[-32,-28],[11,-60],[30,-3],[37,34],[42,-47],[-11,-33],[-60,-25],[5,-42],[-29,-86],[-46,-96]],[[72680,36534],[-48,26],[-17,-9],[-54,75],[-52,42]],[[72509,36668],[38,51],[13,129],[-18,27],[26,140],[-11,61],[-46,64],[-37,-47],[-42,-7],[-30,-48],[-11,-64],[-37,-9],[-20,-40],[-54,-4],[-37,29],[-40,-35],[-6,-25],[-53,-12],[-5,-39],[-39,-13],[2,-67],[-123,-52],[-44,-22],[-11,37],[-64,51],[-29,42],[-52,12],[-23,32],[-84,53],[-40,-40],[-6,-30],[-51,-24],[-58,19]],[[71434,39696],[6,-77],[-30,-81],[14,-30],[-22,-53],[49,-11],[-17,-43],[35,-14],[-7,-94],[40,-25],[21,-71],[34,3],[38,58],[29,94],[38,38],[28,-10],[55,9],[-6,41],[41,1],[80,33],[65,-15],[14,-29],[49,14],[33,-21],[17,-100],[30,-16],[53,18],[17,25],[12,94],[45,42],[54,5],[25,-32],[27,-34],[-16,-39],[44,-45],[47,-27],[35,-49],[-2,-67],[7,-86],[-14,-22],[29,-74],[47,3],[34,-16],[-10,-69],[34,-28],[74,-22]],[[72610,38874],[41,-9],[28,-49],[14,-52],[30,-40],[32,-34],[10,-38],[27,-12],[8,-50],[101,-19],[30,8],[43,-13],[8,-45],[-36,-18],[-12,-26],[40,-62],[36,11],[36,-31],[-3,-98],[-30,-50],[58,-13],[57,16],[89,-75],[12,-30],[47,30]],[[72031,34017],[-91,-16],[-24,-40],[-32,-68],[-14,-116],[-42,2],[-21,-29],[-63,52],[-19,-10],[-58,22],[-39,-48],[-34,58],[-75,34],[-37,55],[-44,6],[-11,14],[-76,38],[-72,3],[-3,65],[-43,3],[-8,24],[-44,25],[-19,38],[-41,-6],[-18,-41],[-2,-42],[-62,-35],[-9,-38],[-30,-14],[-25,-56],[-14,-62],[-34,-12],[-9,33],[-31,7],[-21,-24],[10,14],[-5,88],[-39,30],[9,99],[-27,45],[-5,114],[-46,-45],[-43,-12],[-35,13],[-2,40],[17,89],[-47,29],[-28,-26],[14,-30],[3,-111],[-31,-53]],[[70471,34741],[108,1],[66,83],[-4,45],[45,17],[13,33],[31,8],[62,-46],[64,5],[29,-13],[5,67],[58,14],[24,31],[39,8],[16,32],[83,-16],[34,147],[-16,8],[11,64],[76,36],[58,-71],[28,-3],[38,45],[10,91],[34,10],[26,62],[37,-36],[81,83],[77,-10],[21,-17],[17,62],[-2,65],[48,-12],[40,13],[81,-20],[21,9],[38,61],[45,10],[26,49],[30,23],[58,-9],[21,26],[15,80],[-21,51],[33,43],[-31,61],[-60,59],[-38,67],[38,10],[15,45],[-51,49],[76,51],[-3,37],[-28,31],[34,41],[111,-44],[112,67],[80,82],[25,12],[2,62],[-28,45],[5,90],[83,105],[7,-45],[85,-27]],[[72680,36534],[0,-24],[60,-38],[43,19],[1,-41],[70,-33],[42,-41],[47,-80],[28,-95],[26,-12],[6,-61],[-50,-14],[14,-46],[-16,-60],[17,-37],[-28,-90],[12,-22],[62,-11],[16,-15],[16,-66],[28,-18],[7,-36],[-14,-46],[77,-62],[32,-12],[-6,-43],[34,-17],[-14,-44],[-39,-4],[16,-59],[-17,-25]],[[71862,33275],[-9,-31],[-61,-47],[-49,6],[-15,-89],[14,-35],[-59,-57],[-28,-88],[0,-37],[-38,-48],[-121,14],[-61,-28],[-59,6],[-104,-63],[-29,-35]],[[73412,39239],[-62,-43],[-13,-47],[-25,-3],[-25,-34],[-36,1],[-27,-33],[-34,-1],[-27,62],[25,50],[-39,19],[-28,-67],[15,-12],[-32,-62],[-35,26],[-27,-22],[-44,9],[-3,-34],[-25,-50],[-84,5],[-35,33],[-61,13],[-44,-1],[-55,-38],[-32,-66],[-49,-70]],[[72360,44021],[19,36],[-31,32],[4,51],[-44,20],[-13,39],[51,62],[19,40],[40,-21],[12,36],[29,13],[53,-14],[20,59],[33,26],[57,-55],[37,1],[30,-54],[1,-50],[49,21],[7,35],[77,27]],[[72810,44325],[-2,-45],[69,-28],[-58,-74],[-27,-7],[-19,-63],[21,-73],[88,1],[44,-20],[7,-29],[53,-13],[3,-45],[36,-38],[71,-15],[29,-48],[-6,-42],[60,-21],[-7,-65],[-28,-78],[27,-49],[34,-37],[55,-29],[62,5],[44,-71],[6,-29],[45,-34],[8,-23],[77,-67],[4,-44],[-75,-15],[-35,-43],[-32,-72],[-50,-34],[-2,-57],[-43,-60],[-37,22],[-31,-77],[-3,-66],[43,-39],[50,15],[56,-13],[39,23]],[[73386,42828],[77,-14],[22,-75],[37,-48],[26,-58],[-9,-27],[-65,-18],[4,-73],[-25,-65],[-100,-70],[20,-56],[34,-30],[10,-87],[63,-64],[40,-4],[59,-28],[32,-52],[50,-24],[62,14],[26,-45],[30,25],[40,-26],[29,78],[38,-11],[47,9],[62,-13],[35,5],[62,-46],[8,27],[40,2],[46,-62],[44,-30],[66,32],[17,32],[71,8],[57,6],[26,-39],[42,26],[21,-42],[-20,-35],[13,-28],[62,-12],[44,5],[34,48],[5,39],[34,6]],[[74232,46391],[10,-137],[18,-33],[45,-44],[36,-19],[38,-59],[-17,-30],[37,-40],[-39,-22],[-48,4],[-9,-35],[29,-78],[-28,-10],[-56,22],[-8,37],[-53,8],[-51,-11],[-33,-31],[-5,-65],[-31,-14],[-16,29],[-57,-11],[-75,37],[-71,-4],[-38,-15],[-2,-29],[44,-36],[34,-7],[19,-49],[-44,-29],[10,-27],[-11,-42],[43,-52],[52,-21],[49,-35],[-2,-55],[23,-24],[-18,-41],[7,-60],[-13,-64],[-19,-3],[-28,-58],[-20,-3],[-49,35],[-52,25],[-30,-5],[-98,16],[-21,-19],[-62,-8],[-18,13],[-91,23],[-21,28],[-75,-19],[-40,1],[-44,-21],[-44,-144],[-31,-18],[-17,-42],[-35,9],[-29,-17],[-24,-43],[41,-31],[-24,-65],[-30,-37],[-11,-48],[26,-20],[28,-54],[-50,-41],[-2,-81],[13,-35],[-50,-35],[-56,-10],[-33,32],[-15,-54],[-54,-29],[-38,-80],[-24,2],[-56,-30],[-33,-6],[5,-35],[-27,-44],[47,-23]],[[75085,43216],[-56,80],[-17,47],[-47,-7],[-26,41],[-27,-3],[-50,60],[-64,5],[-59,34],[-27,-11],[-23,18],[-83,-37],[-37,-55],[-5,-31],[-41,-8],[-22,-23],[-29,5],[-3,21],[-71,11],[-34,23],[-92,-33],[-25,-52],[-38,-31],[-43,-8],[-33,37],[-13,52],[-34,6],[-40,48],[-52,-10],[-8,-29],[-36,-28],[-9,-37],[-36,-34],[-10,-39],[7,-46],[-26,-7],[-42,-66],[-51,27],[-65,-37],[-3,-33],[-25,-39],[-83,42],[-55,-43],[-10,-38],[-36,-53],[-40,-5],[9,-49],[-60,-23],[-29,-30]],[[36472,41317],[27,-75],[17,-16],[-20,-54],[-9,-81],[47,-34],[52,32],[39,-49],[31,-156],[15,-19],[59,11],[15,-41],[86,-58],[-9,-33],[42,-28],[69,2],[53,-93],[35,17],[-1,44],[45,47],[37,6],[62,39],[32,32],[40,-28],[55,21],[31,29],[63,-13],[42,6],[43,36],[45,60],[47,-16],[66,33],[47,-3],[13,23],[45,-14],[59,5],[28,54],[31,36],[70,21],[23,87],[32,7],[13,50],[29,5],[28,29],[9,44],[56,75],[-52,8],[19,75],[49,28],[13,38],[82,57],[30,-18],[45,17],[32,71],[-8,39],[43,24],[1,46],[45,24],[-35,29],[37,48],[-15,34],[5,51],[96,6],[-7,35],[48,24],[15,33],[7,64],[32,-1],[22,44],[29,6],[43,-32],[41,9],[21,-43],[42,4],[78,25],[19,-25],[82,9],[17,34],[37,-20],[42,25],[41,1],[0,37],[33,22],[49,-40],[22,8],[37,-62],[138,63],[14,35],[50,19],[55,-24],[50,53],[35,-18],[36,33],[-3,43],[70,37],[87,16],[28,51],[36,30],[47,-1],[14,20],[63,20],[40,32],[64,-28],[29,19],[57,-3],[31,-39],[32,-9],[-2,-47],[29,-65],[47,-40],[51,-2],[29,-54],[35,17],[66,-22],[35,-29],[37,24],[55,-60],[90,-28],[34,-44],[34,-9],[30,17],[93,-65],[34,-7],[34,29],[70,3],[21,-49],[28,14],[22,-28],[54,-10]],[[41147,41985],[41,-39],[-11,-79],[31,-53],[42,-23],[78,-95],[53,-15],[32,20],[40,-21],[26,-35],[47,-29],[62,-2],[115,-49],[4,-41],[45,-4],[72,21],[110,-112],[72,-58],[99,-60],[7,-26],[71,-18]],[[42183,41267],[-142,-584],[-233,-957],[-154,-644],[-52,-203]],[[41602,38879],[-289,-924],[-56,-65],[-60,-44],[-78,-89],[-50,-33],[-35,-53],[-79,-56],[-35,-45],[-10,-51],[-38,-36],[-34,-100],[-59,-77],[4,-37],[-20,-20],[-36,-98],[-45,-59],[-30,-23],[-5,-39],[15,-52],[-46,-84],[-73,-51],[-17,-41],[-23,-1],[-21,-71],[-53,-16],[-75,-109],[-34,5],[-2,479],[-64,1],[-1128,-7],[3,-563],[-159,-44],[-97,11],[-522,-236],[-10,-22],[-60,-17],[-48,29],[-68,-20],[-81,-7],[-11,24],[-44,-27],[-41,-259],[-114,-716],[-8,-38],[87,4],[9,-66],[46,-14],[-5,-113],[32,-105],[-10,-45],[5,-47],[31,-34],[35,-75],[26,-17],[12,-38],[-15,-28]],[[38119,34620],[-56,-38],[-73,-71],[-73,-16],[-24,27],[-54,-7],[-17,-25],[-37,4],[-79,-13],[-51,6],[-22,-34],[-39,16],[-77,7],[-53,-22],[-76,-17],[-90,-7],[-76,-15],[-67,-47],[-13,11],[-47,-67],[-3,-54],[-31,-112],[10,-26],[-14,-112],[-33,-20],[3,-39],[-37,-25],[4,-32],[39,-30],[-7,-64],[-42,-21],[-10,-53],[-34,5],[-36,-29],[-37,-7],[-54,-39],[-50,33],[-25,-47],[-73,3],[-1,-27],[-78,-73],[6,-31],[-24,-51],[3,-36],[-50,-49],[-39,-13],[-35,16],[-44,-15],[5,-32],[-31,-17],[-13,-48],[9,-34],[-30,-42],[-52,-8],[-22,30],[-27,-15],[-77,-115],[30,-58],[-68,-56],[6,-86],[20,-42]],[[36153,32841],[-39,-32],[-37,9],[-37,79],[-41,32],[-41,-6],[-17,25],[129,102],[26,61],[-10,35],[-68,67],[-39,-1],[-81,-23],[-31,24],[53,109],[28,11],[112,-16],[26,11],[-32,83],[-60,71],[-16,38],[-48,12],[-47,-95],[-61,-1],[-12,61],[37,94],[-46,24],[-48,54],[32,113],[-46,141],[9,71],[45,81],[-12,62],[-47,71],[-94,25],[-47,52],[-39,118],[16,54],[10,113],[-27,26],[-59,-9],[-27,-44],[-41,14],[-17,72],[29,62],[52,21],[18,28],[-33,38],[-55,0],[-3,45],[30,28],[77,20],[39,74],[50,25],[42,-5],[28,22],[15,69],[33,35],[81,-1],[31,27],[30,66],[70,-2],[52,-52],[39,71],[55,77],[10,36],[-612,546],[222,528],[327,781],[228,548],[166,3],[30,83],[-31,53],[-19,6],[-1,200],[-105,-1],[467,1689],[233,23],[-60,63],[-55,16],[-156,176],[-57,219],[-53,108],[-18,48],[-198,404],[84,-1],[-1,52],[-82,93],[23,107],[-47,28],[-16,51],[-25,15],[-29,83],[-28,8],[-19,55],[20,26],[-22,48],[21,20],[-36,33],[12,29],[-17,50],[91,-22]],[[36336,41481],[27,72],[27,17],[36,-34],[2,-59],[32,-140],[12,-20]],[[38119,34620],[27,-29],[-31,-68],[70,-79],[-55,-89],[-47,-11],[-47,-31],[3,-23],[79,-59],[5,-31],[43,-38],[3,-58],[22,-27],[35,-128],[-5,-39],[33,-76],[38,-23],[29,-53],[-37,-32],[40,-18],[-20,-80],[9,-30],[-28,-28],[12,-28],[-30,-20],[0,-68],[25,-28],[12,-75],[15,-30],[-15,-39],[56,-17],[35,-38],[-49,-110],[-41,-60],[24,-52],[-8,-34],[378,2],[0,34],[30,62],[49,36],[54,61],[38,-7],[21,48],[-13,57],[8,39],[67,27],[14,27],[-1,59],[62,74],[36,27],[32,0],[49,42],[-22,82],[34,36],[36,-20],[65,40],[31,3],[25,29],[34,9],[-13,45],[39,56],[-14,22],[20,49],[-10,26],[18,61],[34,-22],[-2,-26],[45,-101],[46,-30],[6,-36],[28,-37],[48,-27],[13,-41],[24,-21],[-4,-41],[17,-24],[42,5],[56,-40],[42,74],[-13,42],[39,18],[11,-49],[27,-18],[22,34],[50,-1],[0,-104],[44,-78],[7,-53],[24,-76],[48,-33],[25,-33],[41,-8],[64,6],[7,-38],[35,12],[25,-61],[43,-33],[49,-18],[66,-1],[25,25],[50,15],[28,-6],[80,103],[26,49],[111,1],[50,-41],[34,25],[36,-24],[24,-36],[19,-58],[5,-74],[57,-111],[20,-122],[74,-41],[70,-100],[28,-6],[53,-50],[83,15],[75,-12],[56,-68],[15,-36],[35,-31],[27,-68],[26,-19],[-10,-20],[52,-29]],[[41546,32419],[-40,1],[-17,21],[6,20],[-44,52],[-53,20],[-33,-83],[-66,35],[-65,-40],[21,54],[25,-10],[17,57],[-35,14],[-39,-88],[-41,71],[-17,-35],[-42,-2],[-31,-31],[2,-33],[-31,-10],[5,-50],[21,-3],[-3,-55],[22,-73],[-58,-76],[33,-63],[-42,-27],[-4,51],[-28,32],[-34,-56],[3,-62],[-40,1],[9,-38],[-24,-20],[85,-58],[-45,-69],[18,-33],[-42,-33],[8,-26],[75,-84],[-39,-142],[53,-49],[-19,-56],[-49,-6],[8,44],[-54,18],[3,62],[-35,7],[-39,32],[21,30],[-41,24],[0,-50],[17,-32],[13,-76],[-70,74],[-16,-24],[-33,26],[-25,-72],[-36,24],[-39,-29],[-20,-65],[62,-31],[11,-40],[-24,-76],[60,-59],[-21,-34],[47,-50],[42,-20],[-22,-39],[-63,26],[-22,22],[-53,-11],[49,-41],[-47,-97]],[[40641,30980],[-44,-3],[-45,17],[-80,-31],[-38,-39],[-24,17],[-24,73],[-39,-2],[30,-79],[-15,-22],[8,-46],[41,-1],[7,-29],[-35,-37],[30,-25],[92,1],[-11,-54],[-72,-54],[-54,-11],[24,-53],[31,8],[-16,-79],[-36,6],[-18,36],[-74,-45],[-30,92],[-25,-98],[24,-14],[7,-63],[16,-39],[-20,-45],[-37,0],[-16,55],[-37,3],[4,-39],[-113,6],[11,-46],[37,-8],[-18,-44],[19,-23],[-25,-76],[129,-44],[12,-33],[48,-42],[3,-41],[-44,7],[21,-46],[34,1],[27,-109],[-62,66],[-31,-77],[-49,15],[-27,-68],[-59,69],[-34,-80],[-40,-19],[-47,38],[-153,17],[-3,-171],[-99,5],[-31,21],[-66,1],[-22,-47],[-37,-21],[-30,34],[-29,-11]],[[39487,29654],[-44,24],[-21,64],[13,24],[-30,45],[-2,37],[-26,76],[-103,-17],[-72,1],[-8,-33],[-71,-8],[-23,-30],[-24,-101],[-21,-35],[-43,-26],[9,-40],[-34,-50],[-59,-30],[-27,-36],[-99,-59],[-64,29],[-34,37],[-60,-86],[-33,23],[-18,38],[-70,-52],[-43,44],[-20,-24],[-7,-51],[13,-24],[-43,-19],[-10,-23],[-41,-12],[-26,33],[-53,27],[-2,66],[-45,3],[-17,-40],[-43,41],[-47,-14],[-23,43],[-62,-9],[-23,50],[-33,-30],[-90,13],[-20,-26],[-97,-18],[-38,45],[-41,11],[-23,-19],[-81,11],[-40,48],[-29,-21],[-6,-53],[-41,-25],[-131,80],[-32,-25],[-28,-44],[-39,40],[-38,7],[-37,-14],[-13,48],[-41,25],[-109,38],[-104,17],[-34,-8],[-22,31],[-74,-22],[-84,35],[2,52],[-25,26],[-48,106],[-44,-26],[-56,0],[-57,46],[-35,-5],[-5,-30],[-62,-46],[-27,-48],[-69,34],[-25,-14],[-23,-49],[-43,31],[-11,42],[-27,4],[-60,-28],[-56,18],[-94,5],[-26,97],[-62,-14],[-54,2],[14,43],[-7,38],[-38,18],[14,58],[60,34],[21,36],[-1,47],[23,41],[39,117],[-27,48],[70,71],[-111,61],[76,60],[39,79],[16,57],[-79,51],[5,49],[100,74],[31,36],[-6,25],[-90,50],[-37,86],[39,66],[15,49],[-80,41],[-20,26],[-10,77],[21,53],[28,22],[46,86],[-1,45],[39,76],[8,44],[93,121],[25,83],[-112,43],[-45,59],[24,31],[74,52],[55,51],[15,92],[-35,131],[3,31],[35,75],[-45,87],[-3,74],[48,49],[62,97],[-16,55],[13,32],[-34,27]],[[41602,38879],[-97,-1078],[-50,-557],[85,-72],[20,-37],[96,8],[48,-18],[20,51],[53,15],[40,-48],[55,22],[64,-8],[51,-71],[57,-22],[44,-55],[26,-58],[74,-36],[60,50],[18,-23]],[[42266,36942],[-43,-55],[15,-33],[-88,-51],[-25,-41],[-49,5],[-26,-30],[-14,-95],[-33,-38],[-5,-57],[-32,-26],[2,-53],[-53,-76],[-23,-95],[-49,-51],[-39,-174],[-35,-38],[-3,-34],[-51,-101],[-24,-66],[-48,-9],[6,-46],[-35,-23],[-7,-35],[39,-96],[55,-30],[33,-44],[19,-61],[2,-70],[45,-63],[-28,-38],[11,-44],[75,-16],[32,-19],[22,31],[67,7],[46,-14],[69,-2],[42,25],[2,71],[76,-31],[16,-105],[47,-55],[-1,-38],[34,-63],[39,-104],[-4,-46],[-31,-23],[-9,-45],[-52,13],[-61,-18],[-29,22],[-49,-44],[-74,-34],[-35,-26],[0,-36],[-55,-37],[-29,-37],[2,-36],[-33,-11],[-4,-80],[52,-16],[10,-42],[-23,-27],[6,-35],[-39,-10],[-26,22],[-39,-2],[4,-39],[-49,-2],[-5,32],[-1,163],[21,13],[-8,67],[32,85],[-48,61],[-166,-8],[-34,14],[-34,65],[-24,-16],[-31,31],[-66,-32],[-40,-72],[-32,-24],[-9,-64],[15,-42],[-18,-111],[68,-68],[79,-16],[-11,-20],[-6,-99],[31,-81],[3,-68],[-43,-160],[-53,22],[-37,30],[-45,-37],[-65,-97],[-74,-2],[25,-33],[-12,-45],[2,-109],[-11,-25],[10,-87],[55,-44],[-6,-59],[14,-45],[64,-69],[-11,-73],[128,-80],[15,-61],[30,-51],[2,-34],[28,-29],[41,-2],[15,-20],[-11,-45],[24,-22],[27,-64],[-11,-39],[20,-33],[50,-14],[-5,-70],[31,-21],[37,-55],[-14,-49],[81,-93]],[[41799,32567],[-46,-26],[-108,-134],[-82,24],[-17,-12]],[[40641,30980],[38,-57],[52,-47],[12,-48],[46,-34],[25,-79],[52,-47],[34,73],[81,-23],[29,-40],[57,-21],[56,5],[57,-55],[43,27],[70,-56],[35,-10],[29,-28],[9,-49],[68,-4],[11,-47],[67,-15],[41,28],[20,-66],[-26,-24],[-35,-87],[-100,-63],[-6,-23],[-79,-42],[21,-67],[29,-51],[-7,-41],[16,-40],[-6,-82],[6,-53],[68,-19],[37,-57],[53,11],[43,-28],[31,19],[18,-75],[31,-47],[93,-52],[13,35],[30,22],[49,1],[41,-59],[37,-33],[69,13],[28,-8],[14,-42],[33,-7],[13,29],[63,27],[26,-6],[35,-46],[54,-13],[4,-29],[68,-34],[1,-33],[38,-26],[1,-34],[56,-30],[21,-45],[92,-32],[-17,-17],[-64,-30],[-69,0],[-24,-64],[1,-45],[-82,-33],[-53,29],[-76,-13],[-51,-47],[-73,-23],[-11,-26],[-52,-49],[-55,-3],[-21,-20],[-54,-4],[-50,-31],[-32,38],[-51,-8],[24,-56],[-31,-41],[16,-43],[-38,-31],[-4,-41],[17,-111],[-22,-106],[24,-38],[-4,-86],[10,-17],[77,-42],[26,-32],[-6,-43],[43,-14],[13,-41],[29,-17],[34,-73],[53,-92],[31,-7],[121,-90],[-5,-56],[78,-36],[42,63],[41,-17],[43,19],[26,-41],[-18,-17]],[[42332,27764],[-19,-37],[-52,-4],[-14,15],[-74,-19],[-45,12],[-71,-2],[-20,-32],[-39,2],[-97,-50],[-39,9],[-58,-74],[-62,-2],[-94,-77],[-52,-11],[-50,-49],[-13,-57],[15,-17],[-25,-52],[-25,-6],[-46,-69],[-25,-20],[-38,-81],[-2,-109],[-23,-11],[-58,-116]],[[41306,26907],[-23,22],[-5,46],[38,45],[6,27],[-43,43],[1,63],[-71,31],[-52,-14],[5,75],[-11,40],[-37,57],[14,11],[-1,74],[-27,40],[-36,17],[16,46],[-4,40],[26,14],[-51,92],[-13,163],[-21,11],[-13,81],[36,127],[-7,25],[57,67],[28,70],[3,102],[0,108],[-15,12],[-11,64],[-35,35],[-91,62],[-26,33],[-5,35],[-59,29],[-59,132],[-8,62],[31,56],[7,43],[-20,124],[-49,15],[-21,-8],[-62,36],[5,44],[-53,35],[-18,41],[-22,98],[-43,12],[-90,-6],[-34,21],[-115,-34],[-26,29],[-74,-21],[-112,27],[-13,-22],[-44,-3],[-51,32],[-41,-24],[-47,3],[-40,-15],[-57,39],[-33,-12],[-55,53],[-10,51],[-55,-5],[-88,59],[-45,6],[-51,71],[1,15]],[[41799,32567],[38,55],[48,38],[-16,-75],[-36,-45],[0,-35],[-24,-25],[-4,-67],[-25,-18],[-4,-38],[29,-20],[-48,-166],[32,-32],[-11,-23],[42,-89],[15,-53],[-23,-65],[51,-46],[-37,-53],[28,-41],[25,-84],[39,-54],[45,0],[5,-27],[48,-20],[7,-40],[39,-45],[20,30],[37,-30],[-16,-50],[72,-24],[49,-89],[-24,-23],[59,-18],[0,-40],[58,-3],[48,-22],[26,-44],[42,-10],[18,60],[9,72],[4,129],[273,375],[70,-4],[46,-32],[46,36],[40,-27],[42,-1],[-7,-47],[35,-28],[154,57],[-12,-48],[44,-69],[-46,-64],[14,-36],[75,-62],[4,-44],[-55,-23],[2,-41],[24,-50],[37,-30],[79,40],[47,71],[42,11],[160,-88],[44,-37],[25,-72],[50,-12],[37,-36],[92,42],[55,82],[51,39],[56,17],[-6,-100],[-46,-66],[34,-91],[75,-65],[41,-47],[104,-77],[23,15],[51,-51],[8,-57],[77,-10],[80,-44],[35,20],[16,-34],[55,11],[52,-18],[25,-26],[95,-49],[46,-10],[59,-68],[4,-85],[64,-35],[46,-6],[37,-45]],[[44963,30418],[17,-59],[-29,-19],[-46,35],[-32,-16],[-40,-51],[-32,37],[-51,20],[-17,-20],[-56,34],[-66,-11],[-34,-29],[-23,-44],[-46,43],[-71,-45],[14,-40],[71,-96],[5,-71],[14,-59],[-12,-94],[15,-36],[203,-83],[-14,-40],[15,-57],[-54,-44],[-171,-400],[-31,-32],[-16,-41],[-7,-50],[18,-43],[13,-90],[31,-46],[73,-78],[45,-105],[21,-68],[5,-10],[58,-55],[35,-18],[10,-52],[31,-19],[59,-89],[30,-62],[19,0],[75,-50],[45,-9],[11,-22],[81,-41],[37,-8],[63,-45],[56,9],[125,44],[36,-8],[55,30],[77,18],[9,35],[47,50],[67,-20],[19,9],[-7,-30],[30,-25],[6,-62],[27,-18],[-19,-40],[50,-20],[67,-10],[5,-36],[-38,-4],[-50,-83],[-78,-45],[-14,-57],[-41,-17],[-55,-44],[-28,-110],[-56,-30],[-11,-58],[9,-41],[-15,-74]],[[45502,27603],[-6,41],[-35,9],[-25,44],[-50,30],[-41,-13],[-40,27],[-29,60],[-58,19],[-79,-7],[-80,32],[-19,20],[-141,24],[-40,19],[-36,45],[-39,19],[-21,45],[-27,14],[-20,44],[-92,55],[-57,16],[-39,29],[-24,-3],[-57,-42],[-55,-2],[-40,24],[-572,-140],[-4,-34],[22,-79],[-29,-56],[4,-95],[-11,-16],[1,-73],[-20,-35],[-26,-107],[-31,-70],[-8,-23]],[[43678,27424],[-57,50],[-83,108],[4,44],[-56,-17],[-57,25],[-27,46],[-77,72],[-23,-20],[-42,30],[-70,74],[-28,-15],[-81,17],[-68,0],[-102,45],[-71,-33],[-63,7],[-74,-32],[3,-40],[-37,-12],[-6,-26],[-117,-51],[-17,87],[-76,-2],[-70,-38],[-15,27],[-36,-6]],[[42266,36942],[59,-12],[40,-28],[24,63],[51,48],[17,34],[-10,31],[39,47],[22,70],[181,5],[41,40],[6,30],[42,52],[114,-11],[38,-19],[43,75],[63,26],[11,53],[70,105],[3,89],[51,43],[33,69],[84,42],[35,36],[49,26],[58,14],[62,49],[43,-9],[37,-36],[70,-19],[23,10],[137,-7],[28,-24],[17,70],[-60,31],[-14,49],[-44,25],[15,33],[-97,90],[2,31],[-38,1],[-44,31],[10,64],[-31,51],[4,44],[-87,52],[-28,87],[12,49],[39,-6],[56,-27],[91,1],[41,-15],[36,22],[37,-17],[34,44],[72,20],[25,24],[-6,29],[61,62],[6,41],[27,36],[4,46],[24,35],[16,52],[31,35],[63,-15],[8,-30],[88,-10],[22,19],[61,-15],[42,1],[55,123],[55,-2],[28,12],[39,48],[49,-12],[46,30],[5,37],[108,-91],[22,-33],[53,-7],[39,47],[83,-19],[50,70],[42,-7],[-4,35],[67,59],[40,18],[42,-43],[74,-14],[7,41],[90,53],[39,-17],[31,-60],[29,-31],[81,-46],[116,-11],[26,-28],[97,-16],[54,-31],[30,-32],[61,5],[31,-70],[9,-102],[23,-26],[53,-4],[5,-57],[-31,-28],[-23,-67],[-81,-72],[-40,-85],[11,-119],[-39,-10],[72,-92],[15,-61],[55,-27],[12,-67],[37,7],[49,-50],[39,-67],[34,-7],[-7,-122],[-34,-38],[21,-73],[84,-4],[32,25],[47,6],[7,-64],[-64,-13],[-24,-24],[-92,-49],[-14,-45],[-41,-32],[-17,-126]],[[46008,37389],[-26,-40],[-58,-21],[-120,11],[-35,-12],[-83,-2],[-59,18],[-19,-10],[-1,-81],[-29,-101],[-37,-30],[22,-23],[45,-88],[12,-50],[28,-49],[24,-13],[-2,-37],[39,-73],[0,-49],[35,-152],[31,-18],[44,-150],[33,-13],[-10,-60],[47,-49],[14,-72],[-26,-49],[7,-51],[-7,-92],[48,-18],[47,-144],[46,-79],[31,-4],[56,-91],[11,-72],[33,-69],[50,-36],[35,11],[31,-35],[2,-37],[35,-51],[51,-109],[37,-29],[-1,-32],[43,-48],[52,-18],[22,-39],[61,-44],[17,-93],[44,-77],[4,-33],[31,-10],[43,-38],[51,-94],[6,-32],[-7,-109],[21,-22],[10,-69],[24,-35],[86,-95],[48,-14],[35,-40],[57,-23],[47,-60],[15,-49],[42,-30],[52,-71],[73,-23],[64,-159],[46,-62],[-12,-31],[-80,-64],[-76,-84],[-109,-46],[-46,-37],[-50,-19],[-119,-4],[-56,-30],[-50,-41],[-42,16],[-55,-39],[-87,4],[-14,-23],[-11,-67],[25,-77],[-27,-185],[-130,-141],[-52,-24],[-25,-47],[-12,-57],[-32,-34],[8,-74],[42,-47],[52,-22],[63,-109],[-2,-13],[63,-46],[12,-74],[77,-105],[23,-14],[13,-68],[3,-103],[18,-70],[1,-64],[24,-26],[-12,-34],[11,-48],[65,-143],[21,-61],[56,-69],[4,-29],[-25,-27],[23,-45],[8,-69],[47,-54],[35,-176],[-5,-27],[22,-44],[-2,-49],[15,-53],[-63,42]],[[46913,31100],[-44,1],[-77,49],[-7,18],[-58,13],[-24,-19],[-50,42],[-30,-41],[-59,-12],[-19,49],[-44,14],[-88,-44],[-38,16],[-82,-17],[-30,18],[-17,-42],[-118,49],[-17,31],[-42,17],[-30,-15],[-28,34],[-25,-11],[-10,-43],[-50,4],[-62,-54],[-36,15],[-87,-45],[-86,-5],[-47,43],[-40,-59],[-240,-21],[11,-37],[-9,-47],[8,-37],[-28,-40],[21,-118],[-11,-152],[21,-41],[-49,-52],[-67,-103],[-24,-59],[-5,-86],[-39,4],[-61,59],[-31,-13],[-59,20],[-13,36],[-30,-1]],[[43678,27424],[-21,-41],[-40,-22],[-49,-95],[-49,-14],[-44,-29],[-64,-73],[-97,-17],[-40,-48],[-23,-88],[16,-44],[45,-53],[-28,-78],[-33,-19],[-22,-46],[-76,58],[-52,-15],[-94,6],[-45,-39],[-53,0],[-59,-139],[5,-81],[-55,-39],[-40,-76],[53,-69],[66,-151],[35,-60],[50,-31],[57,-54],[32,5],[82,-78],[56,-79],[35,-26],[32,-88],[-1,-41],[23,-47],[-138,-49],[14,-32],[3,-78],[34,-132]],[[43193,25422],[-26,-24],[-14,-58],[-88,-11],[-106,2],[-49,-56],[-50,16],[-51,-55],[-31,-9],[-24,29],[-21,-35],[-33,-1],[-38,-33],[-12,-47],[13,-47],[-92,-10],[-78,13],[-42,-33],[-31,-5],[-65,-53],[-63,28],[-38,46],[-67,-54],[-93,-19],[-43,17],[-16,-37],[-87,-1],[-36,20],[-11,18],[-88,59],[-31,8],[-42,-85],[-25,-3],[-68,61],[-43,-9],[-48,40],[-19,82],[-36,24],[13,31],[7,84],[-10,108],[-22,28],[38,81],[-20,55],[-10,60],[24,66],[-59,12],[1,71],[-28,28],[1,62],[-79,43],[-45,13],[-18,91],[27,64],[-46,116],[-3,48],[-36,54],[34,14],[1,73],[65,100],[27,83],[-69,117],[-46,43],[13,31],[-8,63],[49,28],[4,40]],[[47146,38793],[-9,-19],[-148,-121],[-61,-9],[-7,-58],[-49,-72],[12,-53],[-14,-50],[-5,-87],[-78,-100],[-25,-56],[30,-48],[41,-40],[53,-73],[49,-129],[15,-19],[-5,-57],[23,-98],[24,-26],[-17,-25],[25,-60],[0,-47],[26,-10],[-3,-59],[18,-37],[65,-21],[-5,-26],[22,-52],[-3,-42],[15,-42]],[[47135,37257],[-39,-7],[-99,12],[-97,53],[-28,0],[-274,35],[-135,-70],[-101,163],[-84,23],[-70,-41],[-83,-13],[-36,-27],[-81,4]],[[42183,41267],[5,-6],[51,16],[6,33],[40,-13],[47,12],[22,-19],[71,0],[43,20],[35,-19],[25,37],[40,22],[118,18],[39,-30],[36,9],[45,-18],[20,27],[60,9],[8,32],[95,66],[45,15],[-8,29],[12,51],[23,37],[70,17],[45,25],[133,20],[147,57],[36,-39],[40,29],[76,-8],[63,-45],[-8,-40],[20,-35],[95,-25],[27,-19],[18,-45],[32,-22],[33,-94],[-24,-63],[36,-34],[63,-27],[92,-15],[23,22],[39,-3],[52,33],[17,32],[61,19],[56,40],[77,2],[52,-35],[77,14],[33,-15],[26,80],[48,64],[13,66],[-27,61],[37,33],[9,36],[32,24],[58,14],[54,-2],[20,28],[74,56],[37,64],[69,70],[32,46],[85,37],[-8,40],[10,56],[23,58],[30,17],[47,2],[45,70],[6,34],[36,11],[23,26],[71,11],[28,-47],[28,-18],[-30,-632],[-24,-413],[-53,-6],[-67,-20],[-92,2],[-59,-45],[-25,-2],[-44,-35],[-11,-46],[-36,-29],[-25,-44],[-16,-72],[-34,-69],[-73,-103],[-28,-99],[18,-66],[-9,-18],[61,-11],[58,29],[44,-36],[55,-8],[94,-86],[85,-106],[84,15],[22,-22],[76,-9],[37,44],[54,35],[88,-9],[13,-41],[41,-36],[70,-5],[89,-23],[71,-51],[40,14],[42,93],[32,36],[38,-26],[28,7],[55,-43],[101,5],[52,26],[159,-20],[16,-14],[80,-26],[18,-41],[38,-15],[227,7]],[[45502,27603],[32,-55],[17,-4]],[[45551,27544],[9,-26],[-15,-286],[-41,-49],[-29,-98],[-26,-33],[-44,-102],[-14,-72],[-21,-52]],[[45370,26826],[-23,-69],[-36,-65],[-47,-61],[-31,-40],[-90,-27],[-135,-87],[-124,-67],[-63,6],[-27,-11],[-34,-48],[-38,-114],[-7,-87],[-37,-106],[-15,-108],[0,-45],[-45,-102],[-2,-91],[-54,-111],[-17,-105],[-10,-100],[9,-52],[9,-62],[-49,-161],[-35,-50],[-51,-43],[-31,-10],[-22,-11],[-11,-7]],[[44354,24992],[-13,-7],[-95,-87],[-72,-51],[-61,-17]],[[44113,24830],[-17,-13],[-58,54],[-26,56],[1,44],[-69,2],[-77,56],[-32,53],[-24,6],[-33,86],[-15,45],[-43,25],[-70,15],[-25,37],[-51,-14],[-21,28],[-46,13],[-54,-14],[11,51],[-44,44],[-54,-34],[-16,45],[-34,13],[-33,-10],[-18,37],[-36,16],[-36,-49]],[[46913,31100],[-31,-18],[7,-171],[-25,-90],[-24,-45],[-14,-69],[-35,-77],[7,-98],[119,-49],[67,2],[83,-15],[189,-49],[537,124],[22,-114],[26,-45],[3,-54],[62,-52],[14,-25],[63,-55],[27,-6],[82,-97],[65,-18],[83,-105],[117,-57],[-36,-81],[9,-15]],[[48330,29821],[-36,-69],[-107,-111]],[[48187,29641],[-54,-41],[-17,-42],[-80,-30],[-42,-29],[-100,-42],[-34,-39],[-70,-33],[-53,-49],[-86,-27],[-65,-53],[-48,-21],[-117,-90],[-93,-94],[-34,-61],[-69,-36],[-140,-52],[-112,-51],[-36,-70],[-57,-18],[-76,-55],[-76,-119],[6,-68]],[[46734,28521],[-51,-78]],[[46683,28443],[-44,-66],[-41,-40],[-34,-51],[-40,-38],[-66,-7],[-22,-5],[-4,-1],[-9,-3],[-100,-38],[-86,-38],[-82,-49],[-35,-54],[-69,-24],[-43,-49],[-47,-23],[-76,-56],[-139,-67],[-54,-98],[-41,-20],[-41,-39],[-20,-58],[-39,-75]],[[47135,37257],[35,-30],[29,-60],[37,4],[68,33],[32,-26],[52,-8],[48,-25],[111,-42],[36,10],[40,-26],[49,-64],[9,-67],[42,-40],[44,-21],[44,6],[25,-51],[41,-8],[37,-65],[32,-133],[77,-93],[21,-12],[-16,-46],[17,-26],[-5,-48],[12,-25],[10,-44],[34,-31],[45,-82],[49,-9],[39,-60],[31,25],[80,-15],[85,-71],[20,-42],[-4,-59],[29,-48],[-11,-22],[39,-44],[54,-81],[-6,-23],[54,-67],[63,-56],[7,-21],[60,-69],[-6,-63],[13,-23],[-22,-46],[-1,-108],[31,-57],[-4,-30],[27,-55],[-9,-35],[35,-51],[40,-17],[0,-35],[29,-16],[17,-74],[39,-17],[21,-40],[27,19],[24,83],[32,27],[24,-3],[42,28],[22,50],[105,60],[51,13],[114,-16],[60,7],[61,57],[48,-6],[145,229],[19,-71],[18,-30],[17,-87],[-9,-71],[21,-40],[56,-5],[49,-29],[38,-6],[134,-141],[11,-47],[61,-71],[33,-24],[41,-76],[139,-134],[103,-45],[33,-27],[47,-59],[51,-18],[49,-47],[32,-13],[11,-49],[27,-37]],[[50676,34329],[-40,-75],[-31,-30],[-53,-126],[-51,-54],[-62,-41],[-97,-164],[-17,-55],[-73,-74],[-78,-54],[-22,-18],[-37,-48],[-67,-176],[-22,-90],[26,-75],[-22,-102],[8,-133],[33,-71],[-22,-123],[-94,-67],[-108,-3],[-20,-15],[-82,-115],[-28,-68]],[[49717,32552],[-8,-62],[-32,-74],[-41,-21],[-34,-43],[-94,-9],[-30,-45],[7,-85],[-9,-43],[36,-74],[34,-102],[-17,-49],[-11,-130],[-17,-44],[-87,-84],[-24,-66],[-24,-112],[-45,-36],[-33,-67]],[[49288,31406],[-82,-53],[-127,34],[-46,-30],[-55,-101],[0,-39],[75,-72],[13,-58],[24,-41],[9,-51],[-17,-53],[-46,-97],[-61,-79],[-99,-35],[-30,-29],[-51,-112],[-12,-76],[-98,-101],[-34,-48],[-59,-32],[-60,-70],[-39,-77],[-45,-194],[-36,-75],[-49,-76],[-33,-20]],[[51443,35021],[-1,-28],[-36,-72],[-71,-190],[-21,-89],[-16,-31],[-80,-73]],[[51218,34538],[-70,-55],[-63,-25],[-83,-18],[-94,-12],[-125,-30],[-58,-28],[-49,-41]],[[34790,63941],[-39,-110],[-72,-72],[-10,-40],[-45,-38],[-29,4],[-31,31],[-44,-17],[20,-46],[-25,-36],[25,-40],[-20,-44],[-86,-130],[21,-100],[0,-85],[-75,-101],[-50,-40],[-18,-30],[16,-60],[-3,-78],[29,-20],[22,-63],[14,-100],[52,-144],[45,-53],[70,-58],[27,-38],[111,-61],[33,-35],[50,-27],[37,-39],[40,-13],[87,9],[109,39],[34,4],[49,-30],[64,-123],[6,-113],[17,-48],[-30,-78],[14,-118],[0,-51],[59,-109],[3,-94],[22,-71],[-11,-58],[59,-38],[6,-126],[-52,-53],[-14,-33],[23,-99],[0,-38],[-34,-44],[-7,-94],[7,-28],[-65,-92],[-34,-65],[-26,-72],[-78,-90],[-4,-71],[18,-47],[-10,-50],[-50,-81],[-37,-120],[24,-93],[-2,-139],[24,-69],[3,-62]],[[35029,59813],[2,-42],[-27,-65],[3,-52],[-39,-44],[-38,-60],[-59,-57],[-28,-86],[70,-109],[10,-47],[-16,-49],[36,-68],[17,-59],[-10,-64],[30,-72],[61,-97],[-5,-85],[-35,-42],[-19,-68],[30,-42],[7,-105],[-4,-69]],[[35015,58431],[-44,-30],[-28,-61],[21,-94],[-5,-31],[20,-62],[30,-37],[34,-94],[-25,-72],[35,-75],[-6,-56],[-57,-52],[3,-41],[-32,-27],[-4,-27],[1,-63],[22,-21],[30,12],[47,-26],[-20,-93],[18,-29],[-15,-102],[2,-101],[8,-44],[44,-54],[-4,-50],[-29,-32],[2,-46],[-14,-42],[-36,-14],[-67,-53],[-12,-90],[-4,-87],[-60,-24],[-11,-47],[33,-61],[24,-123],[-1,-113],[8,-57],[-26,-104],[-46,-42],[-24,-75],[-4,-133],[-30,-21],[-30,11],[-35,-35],[-83,-36],[-37,-99],[-76,-76],[-35,18],[-21,-19],[-7,-50],[-26,2],[-28,-36],[-29,7],[-82,-16],[-50,-103],[-31,10],[-9,-42],[-23,-36],[-53,-42],[-28,6],[-85,-54],[-9,-29],[-77,-43],[-25,-43],[-73,-24]],[[33841,55208],[-108,-11],[-55,-26],[-53,3],[-52,-38],[-52,-5],[-97,-45],[-88,-109],[-34,-24],[-41,-79],[-5,-37],[-82,-33],[-52,41],[-12,46],[-40,44],[-42,28],[-64,-1],[-29,40],[-134,22],[-219,-19],[-56,6],[-62,-7],[-28,-24],[-58,-8],[-41,11],[-72,-28],[-29,14],[-23,-28],[-56,7],[-18,16],[-75,-13],[-18,-14],[-63,-5],[-18,19],[-46,-41],[-59,-9],[-49,-35]],[[31811,54866],[-250,245],[-35,55],[-20,96],[25,52],[0,125],[-29,47],[-23,11],[-14,42],[-73,56],[-17,62],[-22,7],[27,69],[-9,84],[-35,25],[14,47],[-18,32],[10,37],[-51,52],[-40,-8],[-92,18],[-50,72],[-34,111],[11,64],[-24,35],[4,81],[-32,95],[16,130],[-7,39],[18,78],[-12,62],[47,73],[82,53],[55,109],[106,78],[21,77],[53,7],[40,33],[31,65],[2,57],[-13,36],[19,60],[-24,72],[-50,15],[-21,25],[-19,107],[-26,35],[-11,62],[8,29],[38,38],[-53,46],[-16,59],[33,21],[8,45],[-88,-4],[-36,-10],[-12,27],[-36,-23],[-29,13],[-19,41],[-48,-15],[-37,22],[-74,-4],[-30,21],[-41,-9],[-31,-38],[-80,22],[-31,22],[-89,14],[-3,70],[-43,18],[-36,-20],[-23,-34],[-32,-11],[-18,-66],[-52,36],[-41,1],[-28,63],[-23,4],[7,53],[-41,24],[-68,122]],[[30277,58328],[-830,3],[-379,1],[0,-10],[-959,12],[-271,4]],[[27838,58338],[45,18],[21,150],[0,77],[-10,89],[9,34],[27,21],[-8,31],[21,35],[-5,61],[58,-8],[7,51],[-10,61],[-17,20],[27,35],[-51,62],[10,53],[23,10],[12,79],[-23,31],[29,60],[-8,98],[31,72],[-26,24],[-7,113],[17,33],[26,141],[-34,24],[-59,89],[3,56],[-29,44],[-34,9],[-52,67],[21,16],[-24,54],[-49,80],[6,101],[18,16],[18,53],[-11,26],[-36,23],[-40,2],[-10,31],[40,140],[7,67],[-11,20],[30,39],[35,19],[35,101],[20,25],[8,50],[-26,16],[37,44],[-5,103],[31,28],[8,89],[-11,19],[-28,148],[-47,28],[30,69],[3,46],[-97,57]],[[27783,61588],[49,27],[46,-12],[67,75],[-10,53],[29,7],[38,75],[-43,14],[-17,31],[20,77],[-35,44],[5,63],[-12,31],[-30,-12],[-51,48],[52,34],[-81,40],[-43,68],[56,60],[14,54],[-22,28],[3,47],[-47,44],[-33,-1],[-74,43],[26,64],[10,118],[-47,11],[10,50],[64,2],[24,32],[46,17],[37,-18],[61,3],[-6,42],[17,80],[-9,42],[-71,121],[-8,36],[8,65],[33,101],[24,34],[5,52],[38,110],[48,100],[45,44],[-34,36],[-17,54],[-43,55],[-5,68],[-28,52],[-38,-6],[-23,24],[-67,28]],[[33841,55208],[-13,-121],[16,-65],[50,-122],[-22,-117],[5,-44],[-11,-47],[8,-61],[-15,-56],[-23,-27],[-51,-32],[-39,-69],[8,-77],[-45,-83],[8,-133],[-22,-24],[6,-33],[11,-34],[-10,-40],[-36,-61],[1,-164],[25,-52],[18,-78],[-15,-37],[20,-43],[5,-92],[22,-60],[-32,-87],[-2,-85],[-15,-28],[-46,-45],[-37,-146],[-23,-36],[15,-39],[24,-5],[9,-110],[-24,-52],[-66,-59],[36,-74],[-28,-52],[-49,30],[-21,-23],[-16,-80],[48,-12],[-30,-56],[-5,-77],[-17,-21],[64,-199],[4,-61],[16,-77],[-36,-89],[-34,-47],[34,-41],[-46,-101],[12,-93],[60,-98],[-40,-65],[25,-99],[-16,-59],[21,-29],[-3,-49],[13,-33],[6,-64],[23,-62],[25,-101],[-35,-34],[-17,-58],[-36,-55],[-1,-132],[-28,-14],[9,-53],[-36,-10],[3,-37],[14,-49],[-11,-65],[7,-37],[-49,-71],[-16,-107],[-26,-44],[26,-54],[-56,-71],[-24,-87],[29,-126],[33,-21],[42,-68],[-10,-47],[14,-18],[-1,-94],[-18,-23],[-8,-99],[14,-25],[-16,-63],[-2,-143],[-17,-28],[60,-30],[8,-83],[-12,-63],[32,-50],[-2,-54],[-88,-67],[-40,12],[-1,-36],[83,28],[87,88],[113,85],[14,5],[186,-32],[88,-7],[156,-1],[21,-78],[0,-51],[-31,-60],[29,-115],[-14,-76],[-15,-29],[-57,-26],[-1,-29],[34,-55],[-14,-64],[22,-57],[-47,-26],[-35,-3],[-61,-109],[29,-19],[5,-37],[-55,-124],[-8,-76]],[[33861,48040],[-39,-24],[-25,-85],[22,-49],[12,-118],[-15,-40],[19,-93],[33,-49],[-1,-35],[20,-32],[-21,-37],[-45,1],[18,-64],[-26,-33],[-55,-28],[-30,-63],[-52,-68],[-1,-19],[-43,-64],[-46,10],[-37,-21],[-38,-40],[12,-50],[-10,-53],[-32,-14],[-12,-47],[-41,-15],[-29,-36],[-27,22],[-50,-1],[15,-47],[3,-60],[-27,-99],[4,-21],[-33,-106],[8,-72],[-22,-31],[-68,-38],[-29,4],[29,-80],[-8,-28],[18,-102],[-16,-44],[-35,-22],[-69,-64],[-6,-33],[-79,-140],[-97,-112],[-8,-66],[-18,-30],[-21,-79],[-54,-50],[-33,0],[-42,-39],[-17,-40],[-49,-15],[-15,-130],[-20,-34],[-83,21],[-36,-10],[-71,45],[-28,-7],[-22,-36],[-30,-14],[27,-108],[79,-35],[19,-61],[-41,-61],[7,-22],[61,-61],[-11,-53],[34,-47],[-5,-57],[-41,-38]],[[32492,44773],[-149,6],[-641,11],[-471,12],[-309,6],[-59,814],[-68,926],[-22,290],[-586,754],[-73,85],[-72,97],[144,32],[574,-2],[-41,786],[-21,435],[-47,-12],[-54,30],[-16,29],[-27,166],[-15,35],[9,34],[-47,67],[-1,28],[-41,25],[-7,48],[-47,84],[-2,34],[24,49],[-5,39],[-31,-11],[-11,50],[-26,18],[-61,71],[-27,124],[34,38],[-3,31],[-31,13],[-15,106],[-44,7],[6,43],[30,33],[-16,65],[39,102],[39,24],[37,46],[11,48],[42,44],[16,56],[-7,26],[47,19],[-15,35],[-50,-7],[-16,18],[3,87],[-23,-8],[-51,39],[-11,122],[-27,63],[-38,19],[36,95],[-110,87],[-33,16],[-83,8],[-12,54],[-39,11],[-19,-15],[-52,76],[-50,-50],[-78,49],[-13,42],[-40,-3],[-11,30]],[[29719,51402],[-10,43],[62,94],[1,36],[37,43],[53,40],[24,47],[24,14],[53,-9],[51,19],[94,71],[9,50],[46,37],[55,24],[67,2],[55,13],[46,68],[53,18],[33,109],[-15,95],[19,19],[11,91],[-10,39],[42,65],[0,48],[28,2],[14,36],[19,19],[-11,39],[48,92],[10,54],[32,21],[47,65],[-27,24],[7,59],[-16,71],[35,23],[48,58],[14,38],[58,29],[3,51],[68,101],[36,-7],[38,16],[24,-15],[50,27],[35,118],[30,28],[21,55],[-13,112],[24,145],[-32,92],[-5,43],[32,102],[1,78],[25,32],[6,36],[-17,32],[23,37],[44,13],[26,51],[3,46],[57,65],[62,15],[36,72],[47,18],[34,40],[74,12],[44,-19],[54,39],[4,108],[52,118],[31,26],[28,59],[41,12]],[[33861,48040],[307,0],[478,0],[398,0]],[[35044,48040],[38,-154],[31,-46],[56,-53],[39,0],[-11,-85],[9,-38],[-29,-274],[-11,-82],[35,-9],[38,-65],[1,-35],[48,-50],[19,-21],[-4,-41],[44,8],[16,-40],[38,-7],[28,-30],[42,-1],[51,-21],[18,3],[129,128],[72,7],[32,-34],[33,-2],[17,-42],[33,-14],[-12,-81],[37,-19],[23,19],[75,-43],[9,-26],[35,-15],[-2,-29],[-38,-16],[-13,-110],[28,-54],[-4,-35],[-78,10],[-42,55],[-72,-86],[289,-275],[5,-23],[-16,-86],[-28,-29],[-1,-38],[-22,-32],[-31,37],[-41,12],[-31,39],[-72,6],[-31,19],[11,-174],[24,7],[35,-47],[36,-21],[-21,-61],[-83,26],[-29,-31],[-98,7],[-67,-23],[-29,32],[-28,-9],[-30,-53],[-16,-60],[-90,-38],[-8,-44],[-34,-86],[15,-90],[36,-61],[-5,-133],[-43,-10],[-41,14],[-53,3],[-20,38],[-45,-25],[-87,69],[-25,38],[8,105],[-42,71],[-94,20],[-64,77],[-28,2],[-124,-85],[-86,-25],[-36,-35],[-47,-15],[-87,-1],[-16,17],[-39,-13],[-3,-26],[-144,-99],[2,-47],[-57,-4],[-42,-43],[0,-39],[20,-36],[-4,-32],[-31,-43],[-5,-59],[-29,-72],[-48,-29],[-56,-54],[-15,-42],[4,-36],[-37,-61],[-28,-64],[11,-32],[13,-107]],[[34024,44703],[-413,18],[-322,16],[-797,36]],[[35015,58431],[52,-50],[-3,-38],[46,-87],[44,4],[35,-23],[7,-48],[47,-51],[-2,-67],[11,-44],[2,-102],[-30,-23],[-34,-59],[4,-52],[43,-11],[45,-64],[21,-76],[60,-33],[13,-70],[20,2],[57,45],[40,-2],[29,-33],[-4,-98],[-14,-98],[-18,-68],[-20,-28],[-9,-61],[31,-58],[1,-27],[-39,-49],[-43,-35],[23,-61],[51,-3],[40,-70],[-2,-31],[25,-39],[35,-8],[52,-65],[-12,-65],[36,-20],[-6,-107],[-13,-28],[10,-39],[54,-25],[-10,-79],[41,-75],[43,-42],[24,-4],[57,-46],[21,-40],[-2,-52],[33,-56],[53,-37],[-11,-51],[56,-43],[44,-72],[-20,-28],[12,-65],[37,4],[27,-33],[-25,-34],[7,-28],[-14,-63],[1,-89],[-19,-25],[12,-61],[61,-3],[37,-76],[40,15],[31,-14],[29,-59],[73,-11],[25,-25],[19,-70]],[[36382,55204],[34,-29],[64,-4],[49,-62],[54,-30],[-10,-49],[31,-35],[26,-120],[33,-29],[58,-25],[10,-33],[33,-24],[54,-10],[14,-50],[80,-20],[62,-61],[5,-39],[55,-47],[17,-29],[-7,-71],[13,-16],[-22,-162],[28,-94],[29,-34],[14,-86],[-6,-46],[35,-95],[-31,-80],[5,-44],[26,-53],[35,-122],[66,-98],[34,-15],[29,-41],[35,-28],[34,-61],[-30,-32],[6,-47],[-22,-49],[-2,-75],[-11,-49],[-24,-46],[-68,-40],[-59,-72],[-53,-31],[1,-22],[-81,-49],[-19,-27],[-79,-42],[2,-61],[-23,-4],[-60,-127],[-32,-21],[-38,-92],[-46,-25],[-49,-97],[-45,-48],[-25,-166],[6,-35],[38,3],[30,-44],[62,-44],[27,-99],[3,-60],[24,-21],[14,-100],[-11,-54],[205,5],[76,36],[131,36],[34,-11],[-49,-78],[-9,-20],[-51,-28],[-7,-78],[-25,-16],[-46,-80],[-36,-22],[8,-29],[-24,-52],[-62,-78],[-35,-26],[-7,-62],[-49,-64],[-20,-57],[-87,-107],[-12,-102],[-25,-44],[-44,-37],[-27,-45],[-31,-21],[-8,-62],[-38,-51],[-41,-105],[-26,-12],[-25,-84],[33,-36],[-8,-151],[16,-37],[-26,-90],[-46,-108],[-41,-78],[-28,-23],[42,0],[-26,-71],[13,-41],[-17,-109],[41,-33],[23,-76],[8,-91],[-34,-93],[24,-29],[74,-136],[34,-25],[35,58],[28,-7],[66,100],[53,21],[33,66],[75,18],[47,69],[55,-27],[45,24],[38,-38],[-19,-40],[35,-11],[13,-46],[46,19],[30,-31],[43,-19],[41,48],[32,12],[32,-40],[14,-39],[-11,-39],[49,-24],[53,-49],[89,16],[36,26],[71,-22],[46,20],[48,-14],[17,-80],[39,36],[42,14],[16,53],[27,18],[78,11],[25,22],[33,-35],[39,-15],[55,26],[20,36],[62,20],[86,-109],[-21,-71],[32,-41],[403,-146],[-18,-42],[28,-46],[-57,8],[4,-37],[-32,-14],[-6,-49],[13,-38],[-54,-49],[-47,-24],[14,-32],[-38,-10],[-33,-73],[-39,-4],[14,-57],[-40,-3],[5,-54],[-23,-4],[-8,-42],[-29,-19],[8,-28],[-40,-35],[-41,-98],[-28,10],[-10,-57],[-60,-19],[-2,-73],[-46,-5],[-21,-46],[50,-18],[11,-19],[57,14],[27,36],[56,-17],[44,45],[47,-44],[0,-50],[47,-104],[70,-81],[-21,-31],[-7,-66]],[[38427,47680],[8,-44],[-37,-30],[5,-31],[-45,-46],[-111,-158],[-189,-293],[9,-23],[-26,-48],[23,-22],[-15,-29],[49,-42],[15,-34],[-24,-22],[-40,4],[-57,-36],[-43,-89],[-54,-50],[-5,-46],[-23,-52],[-26,3],[-45,-73],[-49,-116],[13,-40],[-53,-42],[8,-39],[-60,-110],[-29,-37],[-14,-49],[37,-47],[-15,-31],[-72,-57],[-26,-78]],[[37536,45873],[-32,-11],[4,97],[17,52],[-40,11],[-37,-7],[-2,-34],[-51,-64],[-76,62],[-9,96],[-24,57],[-55,65],[-58,26],[-23,-20],[-34,7],[-52,-64],[-140,-16],[-26,17],[-42,-4],[1,37],[21,49],[-1,41],[38,28],[20,65],[-31,16],[14,46],[-11,16],[19,85],[7,64],[-21,41],[-30,114],[2,37],[-26,82],[-35,49],[-41,34],[-47,78],[-67,191],[12,62],[-28,177],[-36,157],[-24,28],[-87,39],[-7,-15],[6,44],[23,45],[-23,29],[-37,104],[-10,91],[-34,13],[-36,52],[-773,-2],[-570,0]],[[36336,41481],[-294,294],[-177,-130],[-75,-39],[-9,25],[-51,29],[-45,5],[-14,76],[-24,31],[-65,-26],[-70,34],[-5,85],[-51,2],[-16,30],[-1,47],[-54,-20],[-47,14],[7,44],[-16,30],[-33,-8],[-52,27],[-32,-7],[-20,57],[-29,17],[-4,63],[-45,1],[9,36],[-20,37],[-32,5],[-4,35],[-60,56],[-23,52],[-91,79],[-1,115],[25,65],[-27,17],[-46,-23],[-22,21],[-12,48],[8,37],[-8,68],[8,23],[-12,70],[10,48],[-66,67],[1,38],[-31,38],[0,52],[32,131],[-6,62],[-29,30],[9,93],[19,-3],[-8,91],[-15,30],[15,73],[-8,29],[21,99],[-5,38],[61,153],[33,48],[61,27],[18,50],[63,36],[31,30],[23,71],[-2,31],[-29,60],[-19,68],[25,71],[46,57],[38,20],[9,160],[-56,96],[-84,-8],[-51,32],[-12,-92],[-82,-62],[-794,36]],[[37536,45873],[345,82],[53,-52],[-30,-67],[-60,-41],[-5,-55],[-48,-67],[-4,-39],[-29,-40],[-35,-14],[5,-44],[-51,-48],[19,-47],[2,-52],[52,-19],[8,-23],[-17,-46],[15,-91],[-17,-62],[11,-42],[29,-19],[26,-58],[13,-52],[21,-32],[-2,-36],[27,-100],[-13,-35],[6,-39],[-24,-94],[14,-49],[-8,-75],[15,-99],[-54,-7],[-42,-29],[-74,-7],[-47,-19],[1,-21],[-33,-67],[6,-60],[-9,-72],[-83,-42],[-29,0],[-58,-61],[-4,-30],[-72,-44],[-31,14],[-68,-25],[-27,19],[-49,-36],[-43,-65],[-13,-1],[10,-117],[-14,-39],[3,-58],[-16,-51],[45,-71],[-19,-34],[24,-25],[27,4],[-7,-54],[23,-28],[-18,-53],[8,-55],[-27,-49],[-116,8],[-9,60],[-30,-22],[-34,25],[-23,45],[-36,30],[-56,-4],[-22,15],[-62,-17],[-52,36],[-38,-7],[-37,23],[-36,-22],[13,-85],[74,18],[12,-26],[46,-23],[129,-41],[66,-67],[21,-44],[35,-19],[42,6],[-1,-45],[74,-64],[17,-50],[19,-10],[17,-66],[-45,-57],[-8,-41],[34,-49],[-11,-18],[49,-84],[7,-43],[-6,-60],[43,-76],[-13,-42],[43,-21],[-29,-97],[33,-114],[-7,-178],[-70,8],[-38,-101],[-41,-12],[-7,-29],[-46,-21],[-70,-134],[-25,10],[-26,-33],[10,-57],[-26,-53],[-29,-31],[-37,-2],[-117,-94],[-82,-25],[-21,-42],[-70,-34],[-26,16],[-45,2],[-29,-60]],[[35475,67640],[35,11],[134,-111],[48,-131],[46,-68],[39,-39],[66,-120],[46,-116],[22,-99],[0,-61],[17,-37],[41,-1],[44,-53],[30,-176],[8,-90],[25,-79],[61,-125],[14,-57],[7,-200],[7,-29],[55,-78],[62,-125],[98,-95],[31,-159],[31,-43],[72,-12],[32,-35],[37,-86],[-8,-38],[-31,-60],[-10,-84],[-32,-54],[-2,-55],[25,-78],[-5,-39],[-37,-71],[8,-59],[70,-125],[-17,-55],[48,-34],[10,-34],[-38,-68],[12,-73],[51,-24],[-7,-77],[6,-61],[39,-46],[26,-114],[-17,-87],[18,-39],[69,-12],[40,24],[48,6],[35,-29],[50,-22],[48,-39],[80,4],[26,-33],[6,-77],[-14,-69],[79,-68],[78,-3],[71,-13],[26,-62],[45,-14],[53,20],[60,1],[60,-27],[59,-59],[45,-72],[54,-66],[97,-57],[11,-55],[30,-41],[38,-25],[-8,-37],[53,-50],[-5,-44],[-42,-56],[18,-55],[-17,-60],[46,-39],[37,-58],[61,-36],[104,25],[16,-13],[156,-25],[27,19],[36,-24],[54,-14],[37,-54],[41,-126],[21,-33],[0,-91],[8,-66],[40,-40],[80,58],[23,27],[81,15],[891,-85],[262,-25],[816,-77]],[[40722,62299],[-56,-4],[-31,-22],[-50,17],[-73,-15],[-47,-21],[3,-104],[28,-30],[-6,-38],[-32,-54],[-17,-66],[-28,-36],[-10,-57],[24,-81],[46,-71],[29,-24],[65,-120],[67,-33],[37,9],[33,-10],[53,-77],[62,-19],[51,-56],[3,-20],[64,-118],[36,-103],[42,-16],[43,41],[52,-14],[29,-67],[48,-50],[21,-47],[-2,-50],[37,-57],[-3,-58],[11,-122]],[[41251,60706],[-12,-47],[4,-52],[-19,-41],[3,-62],[-27,-60],[12,-66],[-34,-73],[-85,-71],[-95,-25],[-44,9],[-31,4],[-73,43],[-172,-24],[-45,-83],[-63,-53],[-53,-100],[-63,-64],[-46,-80],[-33,19],[-66,-5],[-34,-22],[-65,2],[-26,60],[-40,5],[-24,55],[-30,19],[-71,-62],[-73,-10],[-23,-19],[-126,-53],[-44,-2],[-29,15],[-27,-21],[-68,-12],[-30,-33],[36,-44],[-13,-47],[37,-28],[9,-38],[52,-44],[-8,-54],[19,-41],[-46,-43],[-12,-58],[-21,-25],[-72,-14],[-50,24],[-34,-10],[-38,-36],[-115,43],[7,-36],[-14,-62],[41,-45],[-26,-66],[-62,-59]],[[39289,59114],[-79,41],[-96,65],[-31,7],[-63,64],[-77,31],[-83,4],[-55,41],[-42,72],[-33,30],[-65,94],[-11,38],[0,51],[-25,-6],[-53,37],[-20,30],[-9,55],[-50,7],[-2,42],[-33,-10],[-4,50],[-18,24],[-34,-1],[-49,26],[-162,7],[-58,9],[-71,25],[-173,-8],[-30,-30],[-28,0],[-1,-43],[-153,-52],[-62,-53],[-71,5],[-77,-20],[-79,1],[-42,-29],[-26,11],[-62,-34],[-53,3],[-102,-37],[-23,-18],[-67,-20],[-41,39],[-87,-22],[-103,-78],[-7,-63],[-36,16],[-13,25],[1,81],[-75,51],[-6,28],[-33,20],[-26,57],[22,49],[6,70],[-37,62],[-89,34],[-19,-18],[-115,-20],[-68,-52],[-29,13],[-59,-16],[-53,-27],[-32,7],[-86,-52],[-28,13],[-34,-12],[-55,-44],[-147,-27],[-6,88],[-64,18],[-20,17],[-51,-1],[-52,-16],[-88,-46],[-48,-10],[-27,-20],[-65,28],[-27,1],[-47,-28],[-61,-50],[-54,-5],[-39,-27],[-90,107]],[[39289,59114],[40,-44],[16,-90],[12,-130],[-6,-36],[-88,-120],[-54,-34],[-58,-23],[-31,-35],[-20,-54],[-45,-57],[-27,-9],[-4,-38],[-25,-29],[31,-51],[-28,-7],[-87,-80],[-35,-64],[6,-37],[71,-16],[51,5],[34,-28],[69,-26],[31,-64],[87,-1],[34,-19],[89,51],[184,-32],[80,-4],[122,-49],[80,-55],[88,-32],[34,3],[24,-22],[69,-30],[59,-15],[74,-50],[26,-29],[58,-6],[16,-15],[142,-64],[81,-47],[62,-24],[94,-81],[20,-8]],[[40665,57518],[-27,-40],[0,-67],[67,-95],[31,-99],[-3,-47],[-92,-104],[-9,-26],[3,-115],[-17,-46],[-35,-20],[-17,-42],[-83,-28],[-58,-52],[-56,56],[-41,-79],[-64,-56],[-62,-96],[-59,-26],[-29,3],[-32,-36],[12,-57],[-42,-73],[-15,-62],[-48,-52],[28,-63],[-9,-16],[-97,-53],[-18,-30],[13,-47],[-19,-52],[-51,-3],[-33,-24],[-17,-35],[6,-38],[-78,-59],[-27,-65],[-16,-99],[-59,-88],[-27,-74],[-46,-47],[-4,-39],[25,-24],[-12,-27],[-80,-42],[-63,-71],[-20,5],[-31,56],[-10,102],[6,48],[-14,51],[-47,54],[-35,23],[6,53],[-54,58],[-4,46],[-45,10],[-31,29],[-76,-28],[-17,10],[-8,65],[-37,32],[-30,8],[-5,-43],[-27,-31],[-41,11],[-46,-18],[-8,-31],[-34,-10],[-21,17],[-61,-10],[-59,30],[-36,56],[-46,39],[-55,12],[-18,52],[-81,-3],[-7,-15],[-58,-13],[-88,20],[-35,-14],[-41,-48],[-79,-42],[-70,10],[-39,-40],[-58,-3],[-136,-34],[-20,-33],[-92,-25]],[[37697,55719],[-26,70],[-22,21],[-6,67],[-45,101],[-27,145],[-31,24],[-47,13],[-31,51],[-41,30],[-37,47],[-72,61],[-60,-44],[-37,7],[-22,69],[30,46],[-21,36],[-59,-38],[-42,13],[-13,-43],[42,-124],[4,-67],[-9,-52],[-69,-55],[-12,-53],[12,-24],[-17,-49],[23,-76],[7,-94],[-10,-52],[46,-71],[-28,-71],[24,-107],[-121,2],[-32,19],[-48,-4],[-46,10],[-53,48],[-98,-52],[-19,-26],[-39,-17],[-3,-63],[-41,-29],[-35,2],[-47,-40],[-40,-60],[-30,-8],[-51,-47],[-16,-31]],[[37697,55719],[22,-43],[-2,-55],[26,-53],[45,-52],[32,-83],[32,-52],[16,-59],[-17,-39],[11,-32],[30,-8],[31,-43],[16,-55],[-9,-76],[44,-16],[33,-47],[40,-2],[26,-33],[-8,-25],[17,-47],[-6,-92],[25,-40],[-1,-58],[39,-12],[8,-59],[-31,-16],[22,-47],[-12,-38],[19,-16],[-4,-58],[31,-92],[-13,-27],[81,-44],[17,-110],[-19,-16],[-3,-44],[78,-73],[6,-37],[46,-16],[-5,-54],[30,-36],[12,-57],[33,-42],[35,-23],[-1,-77],[59,-112],[22,-15],[20,-86],[-25,-40],[21,-109],[36,-61],[27,-22],[-5,-68],[16,-86],[-36,-12],[8,-58],[-8,-63],[8,-34],[-15,-33],[38,-37],[-10,-35],[32,-15],[-1,-35],[32,-18],[58,-166],[29,-3],[30,-47],[17,-56],[-7,-41],[30,-87],[10,-67],[35,-29],[-7,-63],[15,-73],[44,0],[22,-35],[3,-41],[58,-29],[45,-71],[1,-80],[54,-75],[93,-74],[14,-32],[91,-38],[-18,-62],[40,-59],[44,-134],[11,-96],[-29,-47],[-46,-43],[25,-43],[-8,-76],[19,-36],[-26,-50],[26,-14],[47,-58],[0,-69],[59,-44],[-10,-81],[33,-23],[-19,-61],[33,-8],[17,-55],[55,-56],[3,-79],[-11,-41],[54,-33],[1,-36],[32,-39],[5,-35],[59,-29],[28,-61],[59,13],[42,23],[93,-32],[42,28],[43,-8],[17,17],[45,-9],[42,11],[28,-52],[9,-125],[29,-24]],[[40196,50043],[1,-26],[32,-34],[40,-9],[38,-87],[-6,-42],[-37,-46],[19,-74],[-53,-53],[-26,-47],[-35,-23],[-24,-68],[-24,-10],[-88,-66],[-89,-91],[-76,-55],[-100,-101],[-2,-59],[-49,-67],[-63,-65],[-47,-37],[-172,-157],[-87,-84],[-73,-68],[-103,-78],[-43,-12],[-41,-50],[-69,-43],[-112,-99],[-107,-118],[-57,-74],[-21,-44],[-74,-101],[-66,-121],[-43,-96],[-24,-36],[-31,-75],[-57,-47]],[[40196,50043],[102,20],[21,28],[42,-4],[29,25],[23,-8],[32,35],[41,-7],[30,29],[54,-1],[10,41],[32,19],[46,-6],[-3,32],[44,10],[61,30],[34,-7],[64,14],[44,29],[2,121],[28,28],[31,58],[42,40],[65,8],[56,23],[480,-310],[90,-61],[73,-30],[156,-1],[-27,40],[-8,85],[28,51],[36,-37],[68,74],[77,33],[48,50],[37,-3],[76,22],[-8,118],[-14,30],[6,149],[-16,53],[-36,43],[-12,82],[9,32],[-44,46],[-1,81],[-18,51],[40,60],[25,62],[24,7],[57,58]],[[42272,51385],[34,-40],[-5,-40],[32,-28],[62,-26],[-14,-44],[42,-29],[29,-62],[51,-44],[-6,-76],[61,-37],[-13,-32],[-85,7],[3,-18],[59,-13],[28,18],[28,-42],[-27,-38],[2,-49],[56,-61],[26,21],[22,-54],[41,3],[23,-86],[-45,-1],[23,-61],[-31,-46],[3,-55],[-13,-34],[8,-50],[83,-29],[-25,-45],[26,-49],[-5,-30],[40,-36],[-9,-131],[53,-19],[22,-84],[50,29],[25,-50],[-16,-63],[30,35],[32,-73],[32,-32],[143,7],[0,-46],[25,-31],[0,-60],[72,-28],[17,-42],[50,-19],[64,29],[55,-37],[-1,-51],[56,-8],[-5,-60],[27,-54],[53,-6],[63,-32],[43,10],[43,34],[7,-55],[18,-32],[27,4],[27,-39],[50,-23],[21,-68],[-17,-72],[17,-67],[32,-41],[33,-20],[33,3],[28,-37],[-4,-79],[12,-31],[10,-95],[-51,-40],[-47,-6],[-66,-41],[-69,9],[-63,-30],[-32,-4],[-48,-50],[1,-78],[16,-35],[-25,-60],[-51,-51],[-76,-13],[-20,-19],[-44,-2],[-139,-56],[-26,-3],[-93,-95],[15,-25],[83,14],[50,-50],[33,-8],[44,18],[74,15],[64,-74],[69,-101],[41,22],[12,-19],[65,-32],[24,-44],[-4,-88],[11,-27],[-91,-26],[-33,-31],[14,-69],[26,-19],[45,-102],[-186,-101],[39,-106],[-23,-60],[-42,-58],[-4,-83]],[[43496,47117],[-39,10],[-126,-37],[-32,-25],[-55,-3],[-57,-27],[-39,9],[-62,-39],[-34,-43],[-86,-34],[-57,-35],[-83,-37],[-12,-16],[-83,-52],[-33,-8],[-71,-73],[-56,-23],[-21,-61],[20,-86],[1,-79],[-24,-17],[-22,39],[-80,-6],[-11,28],[-52,-16],[-40,24],[-36,-15],[-14,-125],[-97,-91],[-31,4],[-117,-52],[-42,-44],[-59,-43],[-8,-79],[-120,-311],[134,-691],[132,-682],[76,-33],[75,-10],[43,27],[109,-29],[33,-39],[3,-39],[22,-24],[6,-61],[23,0],[17,50],[32,-4],[15,46],[21,15]],[[42559,44280],[-7,-38],[25,-95],[75,-19],[9,-42],[44,-39],[31,-75],[-25,-99],[-10,-101],[18,-29],[56,-45],[48,-106],[52,-38],[-32,-129],[15,-41],[-37,-45],[6,-28],[-36,-45],[-17,-90],[19,-171],[41,-21],[19,-125],[-13,-54],[10,-64],[-61,-14],[-48,12],[-40,-27],[-57,-5],[-45,-61],[-28,7],[-56,-28],[-50,29],[-49,0],[-47,-51],[-59,-22],[-63,-97],[-7,-22],[-51,-36],[-19,13],[-85,-49],[-33,-70],[-24,-27],[5,-38],[-95,-49],[-1,-23],[-109,-14],[-19,-66],[-111,-59],[-8,-38],[-48,5],[-32,-14],[-25,15],[-73,-29],[-58,38],[-47,8],[-112,50],[-22,-17],[-85,-31],[-41,-40],[0,-6]],[[40665,57518],[50,-3],[77,-69],[58,-14],[2,34],[97,71],[45,3],[68,-29],[52,-3],[3,-29],[57,-99],[62,-37],[110,-76],[-28,-33],[-33,-2],[-24,-115],[-25,-42],[-55,-44],[-17,-33],[-51,-14],[-33,-41],[6,-47],[-32,-20],[-9,-49],[-55,-71],[-41,-29],[3,-40],[-33,-54],[-15,-84],[-17,-26],[-30,28],[-32,-7],[29,-103],[-4,-42],[78,-44],[1,-53],[54,-59],[-36,-52],[43,-40],[-39,-25],[-49,-55],[21,-21],[30,12],[42,-10],[28,-43],[-44,-49],[41,-41],[0,-54],[59,-75],[29,-22],[1,-39],[40,-39],[-7,-42],[7,-68],[28,-58],[18,-65],[54,-22],[84,-84],[77,9],[45,-9],[59,-32],[9,33],[31,2],[64,-19],[19,-51],[23,-22],[149,129],[45,29],[13,26],[39,0],[17,-20],[67,22],[80,-34],[53,21],[55,-3],[22,-66],[-15,-32],[24,-44],[17,-57],[-37,-33],[14,-62],[33,-25],[15,-55],[30,-63],[7,-66],[26,-55],[-7,-22],[34,-48],[-21,-55],[-31,-31],[1,-71],[-17,-27],[-2,-90],[-18,-11],[-27,-59],[-21,-80],[-28,-63],[-21,0],[-13,-53],[-30,5],[-41,-19],[-19,-37],[-41,5],[-38,-13],[9,-42],[-17,-62],[22,-45],[-9,-73],[75,12],[133,-3],[306,4],[176,-1],[25,52],[47,23],[39,-3],[77,37],[101,30],[40,46],[36,-5],[25,25],[16,47],[34,53],[-23,39],[37,19],[3,39],[26,40],[0,30],[27,31],[52,25],[64,-16],[43,24],[20,-12],[52,25],[56,-3],[66,34],[18,79],[-8,27],[88,115],[30,23],[81,0],[44,62],[21,-27],[69,51],[15,27],[59,34],[65,5],[26,45],[41,-11],[10,43],[32,-1],[32,40],[86,36],[39,-7],[39,11],[3,56],[112,132],[43,-3],[27,32],[65,-29],[35,10],[21,79],[68,55],[22,-4],[51,-41],[26,3],[57,96],[49,-2],[32,-22],[20,33],[48,8],[39,-14],[26,57],[38,-30],[116,-44]],[[45217,55499],[-15,-77],[-38,-33],[-25,-78],[-46,-26],[-25,-90],[-34,-18],[-19,-40],[-77,23],[-33,49],[-20,-27],[-87,10],[-43,-66],[4,-27],[-97,-64],[-30,-49],[-52,-23],[-7,-75],[-32,-34],[-48,16],[-50,-21],[-18,-67],[-41,-48],[-4,-83],[-42,-35],[-2,-52],[18,-75],[-68,-25],[9,-18],[-40,-60],[-33,-31],[-100,-43],[-29,-50],[-31,-6],[-37,-88],[8,-28],[-29,-51],[11,-89],[-15,-54],[-30,-7],[10,-61],[-30,-80],[20,-77],[28,-47],[-15,-34],[8,-33],[-16,-42],[26,-18],[6,-64],[-32,-45],[-22,-62],[-13,-81],[-25,-17],[7,-35],[-101,-79],[19,-13],[-22,-51],[14,-82],[-45,-42],[-4,-79],[-32,-37],[-32,-71],[-9,-51],[-21,-20],[15,-49],[-30,-94],[-81,-36],[-57,-38],[-19,-33],[-3,-71],[-23,-57],[-78,-94],[-21,-63],[-66,-46],[-15,-55],[-37,-75],[13,-91],[-35,-46],[-19,-3],[3,-60],[38,-101],[-34,-58],[-24,-94],[20,-78],[-1,-56],[16,-35],[-19,-68],[32,-105],[35,-61],[-48,-54],[-38,-20],[-42,3],[-135,-132],[-764,437]],[[41251,60706],[20,1],[40,-45],[10,-36],[26,-17],[36,5],[44,-72],[44,6],[93,-100],[84,-9],[63,-52],[37,34],[129,72],[20,83],[42,50],[18,0],[22,-53],[-32,-48],[6,-30],[31,-79],[-4,-35],[22,-33],[-8,-50],[28,-17],[22,55],[80,-28],[-7,-42],[304,-169],[94,-23],[332,-69],[13,-13],[64,19],[27,-34],[80,68],[20,-3],[8,-82],[55,-46],[21,-45],[14,-85],[35,9],[66,-28],[16,-40],[-27,-19],[34,-33],[16,-134],[12,-51],[48,-1],[27,-71],[0,-65],[11,-46],[74,24],[32,-17],[40,30],[1,35],[55,39],[64,-2],[34,29],[51,9],[32,22],[29,56],[64,86],[23,41],[59,39],[85,-1],[19,-11],[130,70],[102,-27],[44,21],[63,-35],[104,-8],[29,14],[38,-14],[72,-99],[26,-18],[128,-43],[119,-130],[146,9],[75,41],[85,19],[108,-4],[163,63],[17,-2],[166,-72],[186,-75],[411,-179],[424,-331],[64,-10]],[[46749,58874],[-6,-38],[-50,-110],[-24,-36],[-57,-22],[-94,-5],[-81,-31],[-30,-60],[-38,-20],[-57,-54],[-53,-88],[3,-103],[26,-51],[50,-67],[-16,-58],[8,-37],[48,-36],[8,-60],[36,-52],[5,-88],[10,-37],[-20,-65]],[[46417,57756],[-33,-38],[25,-88],[-25,-35],[-35,-10],[-54,-85],[-33,-11],[-16,-41],[-41,-60],[-78,-90],[-21,-68],[-31,-41],[-53,25],[-34,-21],[-7,-85],[-59,-82],[-14,-45],[-41,1],[-32,-28],[-30,-53],[-60,-48],[26,-50],[-12,-29],[-64,-37],[2,-86],[-24,-87],[-48,-103],[-18,-69],[18,-114],[31,-99],[-2,-79],[27,-39],[10,-56],[51,-65],[2,-39],[-2,-32]],[[45742,55869],[-110,-27],[-33,-50],[-40,7],[24,-73],[-44,4],[-37,-90],[-86,-27],[-43,37],[-31,-19],[7,-33],[-58,-31],[-42,-62],[-32,-6]],[[40722,62299],[699,-66],[754,-70],[634,-58],[550,-51]],[[43359,62054],[1134,-92],[1160,-100],[1018,-88]],[[46671,61774],[233,-20],[916,-75]],[[47820,61679],[-16,-128],[-53,-86],[-8,-32],[-48,-32],[-84,-37],[-39,5],[-36,-36],[-67,-44],[-48,-114],[-59,-61],[-67,-42],[-18,-64],[-57,-46],[-22,-81],[-42,-24],[-62,-59],[-26,-42],[-56,-32],[-35,-71],[12,-58],[-27,-85],[8,-34],[38,-14],[11,-39],[-14,-92],[23,-93],[16,-38],[27,-13],[-3,-87],[-18,-21],[-103,-17],[-30,-33],[-53,-102],[-29,-125],[-13,-115],[-42,-121],[3,-167],[62,-25],[9,-66],[-89,-101],[-8,-93],[26,-34],[-32,-142],[-2,-64]],[[42559,44280],[-15,43],[20,83],[24,41],[31,6],[22,81],[-20,44],[17,45],[-9,27],[60,45],[14,106],[72,-2],[40,-19],[22,29],[48,5],[44,64],[12,49],[26,37],[113,55],[30,41],[46,-11],[45,31],[18,28],[65,27],[33,27],[55,9],[92,46],[73,58],[25,-4],[94,39]],[[43656,45310],[-10,-46],[7,-48],[52,-69],[93,-25],[-3,-51],[-32,-57],[-35,-16],[-25,-60],[-6,-71],[52,-84],[26,24],[46,-38],[32,-44],[9,-72],[66,-19],[48,23],[21,0],[27,-43],[50,30],[33,-28],[30,39],[94,8],[73,31],[23,42],[30,-25],[41,10],[22,-31],[114,-20],[54,-32],[0,-52],[38,9],[49,-59],[128,34],[30,-9],[30,58],[-1,38],[-23,44],[31,82],[-10,28],[57,24],[-20,57],[-19,20],[-10,48],[39,24],[258,-4],[41,31],[-93,71],[22,34],[-33,43],[18,56],[34,62],[-40,61],[-47,7],[-36,74],[7,63],[47,-22],[22,27],[49,-8],[13,60],[-9,45],[71,46],[-42,29],[33,23],[10,70],[71,80]],[[45303,45832],[-20,17],[-41,75],[-40,45],[34,75],[3,37],[23,68],[-41,31],[13,24],[46,21],[53,-20],[56,3],[47,-11],[36,16],[84,-5],[11,12],[120,190],[104,80],[38,12],[69,62],[41,69],[110,-47],[109,-11],[46,-33],[27,11],[95,-12],[0,-83],[23,-11],[45,20],[33,-25],[35,5],[67,-28],[10,-70],[63,-71],[14,-82],[33,-2],[36,-34],[47,-13],[15,45],[65,-19],[27,18],[38,-28],[-12,-20],[21,-77],[26,-37],[-25,-19],[22,-91],[-12,-69],[-51,-33],[-33,-38],[-19,-45],[10,-54],[20,-40],[-6,-63],[53,-88],[-10,-48],[-53,-72],[18,-72],[53,-24],[48,-54],[37,-11],[4,-31],[44,-29],[6,-26],[-47,-27],[-17,-46],[-28,15],[-47,-29],[-46,-12],[-31,-36],[-59,8],[-34,-61],[-51,-11],[-16,-60],[-48,-45],[-10,-53],[37,-65],[-6,-74],[19,-41],[-15,-144],[-60,-4],[-37,-48],[-26,-83],[14,-26],[2,-56],[79,-85],[8,-25],[184,-222],[-14,-47],[60,-137],[100,-35],[21,-66],[33,-11],[-4,-47],[33,1],[50,-31],[51,1],[8,-62],[36,-49]],[[43496,47117],[49,-33],[-1,-43],[27,-14],[-70,-257],[-25,-198],[-255,-693],[212,-86],[18,-5],[244,-87],[-39,-391]],[[45742,55869],[57,-117],[-6,-45],[-32,-26],[5,-89],[-25,-35],[-10,-46],[-59,-43],[5,-46],[-29,-42],[-8,-123],[-9,-35],[-54,-58],[-106,-173],[-34,-82],[-13,-60],[-62,-40],[-9,-85],[-37,-48],[-38,-19],[-69,-93],[-3,-35],[-25,-29],[13,-43],[-5,-72],[53,-88],[-23,-58],[-28,-21],[-17,-43],[10,-25],[-20,-61],[2,-47],[-35,-84],[-31,2],[-8,-61],[-17,-25],[24,-33],[1,-95],[-60,-76],[-4,-39],[-54,-60],[2,-40],[-25,-25],[2,-40],[-55,-23],[-22,-116],[-42,-70],[-67,-33],[-6,-43],[-28,-39],[21,-38],[7,-66],[16,-32],[-13,-97],[-41,-44],[-20,-64],[14,-47],[-19,-25],[5,-78],[-35,-104],[21,-34],[20,-124],[-4,-55],[-40,-157],[17,-55],[-2,-55],[-14,-62],[-9,-91],[-14,-40],[7,-36],[-14,-118],[-19,-19],[11,-69],[-25,-91],[2,-41],[-39,-29],[-20,-37],[5,-27],[-33,-50],[27,-18],[-1,-61],[-26,-18],[23,-39],[5,-82],[-20,-28],[58,-19],[39,43],[56,-14],[75,36],[51,-25],[51,28],[31,34],[22,79],[80,36],[67,56],[2,62],[51,55],[58,96],[-6,30],[34,16],[17,43],[45,7],[83,43],[61,62],[15,57],[20,18],[13,61],[33,54],[38,1],[26,-44],[-3,-62],[-35,-91],[22,-60],[-36,-91],[-29,-52],[-33,-35],[-3,-44],[-34,-10],[-11,-34],[13,-64],[-18,-83],[12,-79],[48,-12],[55,19],[47,-14],[5,-23],[49,-10],[60,35],[50,17],[15,30],[28,1],[90,78],[23,76],[40,84],[83,-5],[68,9],[-18,-40],[31,-61],[88,-14],[24,-49],[58,12],[87,-26],[-6,-69],[86,-60],[59,-9],[-58,-65],[-6,-75],[-19,-39],[8,-93],[-31,-48],[-26,-15],[-38,-132],[-36,-7],[-26,-110],[-42,3],[7,-39],[-35,-18],[6,-75],[-20,-16],[-6,-55],[13,-20],[-9,-55],[2,-75],[-24,-62],[-32,-19],[-28,-94],[-30,-9],[-16,-59],[-24,-36],[-49,-42],[1,-66],[-18,-66],[24,-96],[-4,-90],[-28,-36]],[[45925,49581],[-56,-49],[-16,-47],[-39,-13],[-11,-49],[-27,6],[-35,-50],[-28,-60],[20,-19],[-33,-32],[-25,-50],[-42,-31],[-89,-29],[-117,-11],[-46,-37],[-29,-67],[-121,-54],[-12,-48],[-31,-46],[-59,-8],[-87,-74],[-17,-48],[-44,-12],[-52,-52],[-43,-22],[-115,-39],[-18,-38],[-62,-19],[-54,-68],[-101,-13],[-243,-3],[70,-55],[43,-2],[76,-27],[24,-27],[88,-32],[77,-43],[108,-175],[19,-20],[84,-45],[-14,-82],[-17,-39],[13,-53],[-11,-36],[50,-36],[-31,-33],[10,-103],[-17,-59],[17,-37],[-2,-43],[-29,-117],[30,-1],[15,-29],[63,-23],[54,33],[145,-48],[53,-64],[6,-37],[76,-60],[35,1],[3,-34],[-41,-13],[-33,-31],[-86,-24],[-18,-97],[-86,-87],[-13,-39],[-39,-28],[-16,-44],[-56,-8],[-19,-53],[-3,-106],[-21,-38],[17,-58],[-43,-66],[9,-62],[48,-22],[29,-69],[-19,-7],[-14,-51],[56,-65],[20,-117],[37,-63],[29,-103],[59,-39],[47,-5],[34,-29],[70,-4],[24,-13]],[[45925,49581],[28,-13],[4,-56],[33,-49],[-13,-62],[20,-26],[30,23],[50,-49],[9,-61],[74,-89],[25,-69],[-7,-101],[-29,-45],[-25,-144],[-40,-20],[-12,-85],[57,0],[52,-46],[-16,-93],[113,-139],[33,-25],[6,-28],[73,-33],[45,-1],[29,16],[40,-18],[63,31],[70,-19],[65,14],[37,-26],[27,6],[10,52],[34,26],[18,42],[27,15],[35,71],[27,142],[29,6],[71,-14],[66,45],[107,-79],[44,-1],[90,-40],[40,5],[23,-28],[45,20],[8,120],[-2,98],[45,64],[36,4],[16,130],[134,53],[-292,506],[32,33],[10,56],[-72,40],[-77,-16],[-73,58],[-27,48],[12,23],[-58,91],[-6,33],[-61,44],[304,-2],[11,-12],[56,22],[63,13],[21,-16],[35,19],[124,28],[34,22],[48,54],[45,-3],[47,-63],[60,12],[18,20],[76,-1],[40,40],[58,-29],[79,1],[78,35],[106,-17],[11,-105],[-15,-77],[-22,-12],[-9,-61],[21,-52],[44,3],[2,-41],[52,-48],[41,-24],[-20,-45],[18,-58],[-20,-46],[20,-30],[7,-52],[19,-15],[-27,-122],[-16,-13],[21,-71],[-21,-29],[-18,-91],[22,-14],[54,25],[21,-32],[73,-7],[11,39],[44,27],[31,-35],[36,-12],[12,-42],[53,-46],[56,1],[38,-48],[45,-86],[36,-12],[-5,-43],[20,-14],[35,34],[49,-6],[28,41],[66,51],[7,79],[19,17],[67,9],[45,34],[61,23],[31,30],[1,52],[83,105],[50,24],[39,-46],[50,48],[0,57],[27,38],[43,-54],[74,101],[33,61],[-28,36],[2,55],[57,15],[29,-19],[-19,-46],[23,-32],[-2,-53],[-27,-19],[24,-39],[-40,-17],[58,-94],[18,-99],[28,-4],[59,19],[25,23],[51,7],[-9,53],[28,28],[40,86],[63,39],[16,45],[31,25],[25,70],[59,3],[7,22],[58,45],[81,-8],[54,11],[92,132],[39,6],[-14,-74],[-30,-23],[-24,-113],[-9,-80],[21,-51],[-10,-81],[17,-78],[-26,-54],[-70,-62],[2,-22],[-36,-49],[-3,-57],[-64,-64],[-16,-114],[-71,-79],[-10,-21],[-59,-51],[-4,-84],[-20,-48],[9,-56],[-33,-82],[19,-42],[-46,-78],[-35,-9],[-6,-45],[-24,-45],[17,-81],[-30,-91],[-30,-33],[381,-1],[226,2],[-12,-16]],[[46417,57756],[31,-69],[21,-19],[-47,-45],[7,-46],[39,8],[53,-73],[26,-8],[15,-43],[27,-26],[41,-1],[3,-45],[26,-38],[37,-17],[27,-85],[40,24],[34,-21],[-12,-37],[-35,5],[-13,-82],[52,-21],[14,24],[34,-8],[6,-37],[33,-22],[-3,-72],[43,-23],[32,-54],[46,45],[47,1],[11,-20],[-31,-54],[39,-54],[1,-101],[30,-17],[6,59],[31,46],[81,-47],[29,26],[26,-6],[20,-47],[39,-41],[29,43],[35,-20],[42,2],[-17,-52],[32,-24],[31,21],[57,-40],[65,23],[24,-55],[67,-37],[15,59],[51,-30],[24,-54],[51,-27],[21,22],[47,-46],[30,20],[-6,30],[65,33],[18,-37],[47,-55],[28,48],[94,17],[33,-40],[34,-18],[30,-62],[21,30],[52,0],[54,-27],[9,-50],[49,-14],[9,-27],[44,-2],[31,-25],[20,-43],[39,25],[15,-41],[35,-51],[-1,-31],[-8,-61],[31,-32],[-10,-38],[30,-36],[23,-4],[15,-46],[40,-22],[14,-47],[43,-50],[40,-6],[67,-44],[-42,-37],[55,-78],[12,-83],[-23,-77],[-39,-36],[5,-34],[-42,-20],[23,-26],[-42,-71],[-7,-112],[17,-78],[24,-9],[110,-122],[47,18],[27,-31],[50,39],[23,-1],[67,-91],[42,-12],[-1,74],[64,94],[66,-67],[2,-26],[53,-48],[115,-21],[20,5],[85,-16],[88,-106],[61,-28],[76,17],[35,-6],[31,-40],[46,-38],[44,17],[69,90],[20,88],[52,28],[19,-6],[38,33],[106,41],[99,-12],[15,23],[40,12],[83,-40],[29,15],[24,-27],[19,-82],[22,-15],[75,7],[27,-48],[39,-13],[45,26],[57,-5],[30,-44],[155,-90],[36,-62],[93,-36],[57,-1],[-2,42],[21,20],[26,-20],[56,46],[28,-5],[32,29],[32,-7],[-6,61],[31,23],[28,-30],[43,10],[-22,95],[-1,36],[-24,47],[57,73],[38,13],[13,28],[-20,27],[15,27],[33,6],[5,64],[54,-2],[15,29],[-21,50],[9,35],[43,47],[24,57],[66,72],[-28,37],[-42,7],[-18,35],[51,28],[28,35],[-37,56],[9,102],[30,22],[-3,47],[29,32],[4,44],[49,176],[-40,51],[17,21],[46,-16],[27,8],[30,41],[-4,40],[27,46],[51,1],[12,50]],[[52084,56362],[14,-28],[16,-90],[28,-56],[4,-87],[47,-14],[58,-51],[-2,-47],[-42,-30],[-20,-34],[30,-52],[-5,-48],[-57,-62],[-4,-51],[14,-22],[-20,-41],[12,-44],[31,-31],[1,-42],[-20,-110],[13,-35],[-19,-45],[-1,-84],[-17,-36],[12,-38],[84,-15],[-15,-57],[45,-69],[-2,-33],[-39,-37],[25,-67],[-15,-53],[39,-97],[-15,-77],[35,-38],[-12,-68],[-42,7],[-24,-19],[13,-65],[-28,-53],[-6,-67],[-54,-95],[42,-38],[-14,-41],[-36,17],[-32,-16],[7,-112],[11,-16],[90,10],[22,-46],[-19,-40],[21,-59],[27,2],[-3,-61],[26,-24],[-16,-106],[41,1],[-30,-62],[26,-47],[23,46],[44,-24],[-32,-44],[69,-42],[121,-4],[1,-36]],[[47820,61679],[411,-33],[404,-32],[1717,-135],[411,-32]],[[50763,61447],[551,-38],[482,-34],[365,-28],[780,-58],[238,-17]],[[53179,61272],[-2,-33],[-41,-44],[-48,-106],[-4,-57],[-26,-52],[2,-40],[-25,-44],[-12,-72],[-40,-76],[-62,-39],[-33,-42],[-6,-33],[-45,-53],[-33,-60],[-13,-55],[20,-49],[16,-96],[-8,-54],[-28,-54],[-11,-63],[-45,-124],[11,-70],[-51,-53],[-16,-42],[-57,-34],[-11,-77],[-18,-69],[4,-79],[-42,-8],[-30,-30],[5,-39],[-18,-46],[7,-55],[-36,-68],[-13,-53],[-48,-5],[-44,-84],[-46,-40],[1,-36],[27,-17],[29,-135],[16,-49],[-61,-134],[-32,-15],[1,-28],[-23,-46],[7,-63],[31,-22],[10,-72],[-40,-34],[-32,-46],[28,-95],[-10,-38],[16,-48],[0,-59],[14,-45],[4,-62],[-23,-52],[-34,-24],[-20,-67],[-31,-12],[-15,-61],[10,-92],[-4,-31],[17,-49],[-12,-93],[-26,-81],[-62,-61],[-18,-46],[-12,-81],[-36,-58],[1,-88],[-25,-47],[-7,-64],[7,-100],[10,-32],[-10,-84],[52,-88],[96,-5]],[[52176,56814],[30,-20],[6,-31],[-12,-92],[-3,-105],[-23,-39],[-29,-11],[-78,-89],[17,-65]],[[33778,87165],[0,89],[0,1725],[0,657]],[[33778,89636],[30,3],[25,-29],[37,-87],[50,11],[24,-43],[34,26],[60,24],[21,-11],[41,57],[32,-6],[27,32],[20,57],[-5,64],[18,61],[35,19],[33,-2],[9,-29],[33,-12],[73,21],[46,-38],[44,-10],[24,34],[40,18],[44,-6],[4,-52],[41,-5],[16,31],[37,-25],[3,69],[38,28],[16,35],[-8,74],[37,59],[-31,7],[-18,41],[-57,34],[16,69],[-22,37],[6,52],[73,-10],[17,13],[37,-26],[20,22],[60,21],[61,-7],[31,30],[-42,37],[2,100],[59,7],[6,57],[38,16],[-3,24],[28,38],[40,9],[-6,-66],[54,-10],[20,23],[49,-7],[65,-60],[45,45],[52,17],[65,-29],[25,-129],[45,-28],[40,6],[31,32],[63,-16],[19,46],[46,-12],[30,-31],[51,-14],[-3,35],[36,79],[-1,50],[25,14],[-6,61],[2,94],[-22,47],[21,20],[43,-6],[26,-24],[52,-7],[50,28],[21,47],[40,16],[54,-6],[37,22],[38,-7],[48,34],[13,76],[34,4],[56,-24],[73,10],[32,21],[16,-44],[107,-81],[47,41],[55,-14],[15,20],[49,5],[51,-26],[43,40],[-16,32],[34,19],[65,116],[-11,33],[114,52],[30,60],[-17,29],[29,44],[-9,57],[6,65],[68,17],[40,38],[45,-3],[44,139],[72,-8],[20,52],[61,-37],[54,-89],[53,-28],[0,41],[32,20],[34,44],[37,3],[9,27],[47,4],[85,47],[8,46],[37,-24],[30,20],[9,-49],[21,-13],[5,-86],[16,-33],[65,-19],[23,-53],[53,-52],[55,-12],[38,55],[42,-7],[47,23],[58,-80],[84,-26],[23,11],[38,-30],[61,-20],[13,-32],[32,7],[30,30],[7,32],[67,74],[42,22],[54,-27],[42,-7],[42,14],[74,71],[56,-51],[37,-51],[74,24],[64,44],[51,14],[28,41],[31,-12],[72,6],[56,-60],[89,12],[31,22],[52,-11],[30,-35],[110,-69],[21,-28],[48,-15],[16,48],[43,9],[14,-20],[126,-9],[51,-81],[70,-32],[72,13],[66,-4],[85,-48],[35,11],[29,32],[36,1],[45,59],[68,42],[4,51],[-42,28],[-17,129],[-15,70],[48,-15],[6,61],[20,38],[-15,47],[-54,35],[14,36],[-50,42],[-40,-8],[-7,63],[-38,84],[-36,56],[-72,3],[-47,52],[45,62],[-15,37],[-101,56],[-47,-13],[-53,49],[10,58],[30,31],[17,51],[30,7],[-4,44],[15,34],[-3,53],[36,-4],[52,-91],[47,-7],[16,38],[-31,69],[30,43],[74,67],[9,43],[-57,48],[45,37],[30,75],[-34,21],[33,58],[98,16],[33,-40],[41,-1],[34,-36],[12,-37],[59,-21],[35,-48],[63,-11],[99,-6],[44,-115],[65,-22],[23,3]],[[40911,92648],[12,-24],[28,-137],[26,-62],[43,-129],[43,-58],[27,-53],[11,-95],[29,-20],[5,-36],[-21,-36],[4,-36],[57,-59],[75,-26],[3,-60],[27,-25],[68,-31],[1,-58],[-12,-29],[-53,-71],[-56,-45],[-40,-47],[-15,-44],[-2,-57],[13,-53],[77,-84],[63,-35],[69,-16],[68,-48],[32,-57],[21,-75],[-2,-25],[-38,-55],[2,-63],[37,-60],[24,-73],[-10,-65],[-66,-104],[-18,-45],[12,-37],[43,-46],[71,-18]],[[41569,90451],[1,-320],[-1,-1078],[0,-540],[0,-4380],[0,-1228],[38,-50],[101,-44],[32,-25],[45,5],[72,-68],[42,17],[11,-30],[37,-9],[4,-32],[46,-13],[52,27],[33,-39],[17,-89],[29,-23],[37,-57],[16,12],[50,-54],[21,-73],[60,-58],[-5,-34],[61,-121],[-6,-59],[-30,-44],[24,-22],[-29,-37],[19,-37],[35,-4],[76,-50],[73,-16],[0,-36],[77,-1],[42,-64],[28,-16],[-36,-44],[-16,-80],[-21,-23],[-210,-6],[-7,-56],[33,18],[64,1],[53,14],[33,-128],[57,2],[22,-42],[26,33],[38,9],[72,-33],[40,9],[-12,-63],[-100,12],[-35,-28],[-69,-34],[-81,-24],[-72,-42],[-39,-68],[-39,-128],[-27,-55],[-69,-68],[3,-35],[42,-87],[11,-47],[-27,-30],[-62,-37],[-50,-11],[-48,10],[-51,34],[-48,50],[-74,23],[-141,10],[-61,54],[-85,48],[0,44],[-33,55],[-74,13],[-139,-4],[-71,-18],[-52,-42],[-118,-39],[-28,37],[-73,-6],[7,-63],[-30,-30],[-62,-6],[-19,-76],[-42,-41],[-12,-50],[-100,-56],[-83,-35],[-45,-71],[-43,-21],[-12,-110],[-286,-552],[-418,-809],[-472,-915]],[[39486,78124],[-349,-108],[-452,-130],[-50,36],[-19,43],[-74,223]],[[39486,78124],[2169,73],[38,3],[25,34],[60,-10],[54,-36],[139,-6],[154,-5],[61,-14],[158,40],[36,3],[31,-56],[-21,-38],[-21,-105],[-67,-39],[15,-48],[-1,-49],[-18,-94],[-77,-78],[-9,-24],[13,-48],[42,-46],[-28,-33],[45,-41],[-20,-57],[-28,-38],[-1,-79],[-27,-38],[-23,-2],[-12,-81],[-40,-26],[-8,-71],[29,-42],[-50,-56],[81,-94],[39,-92],[1,-50],[-69,-58],[-9,-85],[19,-55],[46,5],[74,-22],[11,-33],[-14,-59],[47,-74],[40,40],[13,-22],[71,23],[35,75],[-30,86],[78,28],[9,40],[31,42],[43,17],[-2,90],[-16,64],[-2,58],[68,69],[28,51],[10,66],[-25,142],[12,44],[36,46],[137,18],[28,15],[41,59],[51,12],[38,-16],[37,9],[102,5],[-25,91],[75,108],[78,72],[87,12],[64,64],[8,54],[35,14],[55,2],[36,-25],[42,-62],[95,11],[50,30],[98,21],[102,-16],[37,-40],[92,-26]],[[44092,77771],[-4,-39],[-24,-36],[47,-6],[43,-38],[-10,-31],[-29,-15],[-1,-29],[29,-31],[9,-60],[-16,-21],[3,-65],[-10,-53],[50,-62],[16,-69],[46,-34],[-10,-28],[-44,-20],[-23,-27],[-1,-80],[109,-99],[36,-60],[82,-58],[6,-33],[-43,-87],[18,-34],[34,8],[61,55],[19,-32],[-17,-125],[21,-62],[-18,-80],[14,-113],[-17,-29],[-39,-8],[-16,-48],[11,-64],[72,-21],[14,-33],[100,-50],[0,-27],[-70,-42],[-12,-18],[8,-56],[18,-32],[-32,-45],[23,-43],[-3,-26],[-58,-69],[24,-50],[-47,22],[-25,-17],[-23,72],[-37,-15],[-27,43],[-59,41],[13,-56],[-19,-16],[-23,-62],[14,-21],[-29,-30],[-8,-55],[-52,-42],[40,-50],[-15,-24],[-34,27],[-40,-8],[-31,-26],[-49,10],[-7,82],[-41,-9],[-25,32],[-64,19],[-30,-21],[-34,-59],[-49,11],[-9,60],[-44,2],[-31,60],[-36,-23],[-51,3],[-43,-37],[-23,-82],[-34,-91],[39,10],[43,-22],[-12,-53],[-69,-31],[-41,-64],[-12,46],[-54,-40],[-14,23],[-47,20],[-1,52],[-75,76],[-71,27],[-33,-34],[-15,-38],[-62,-102],[-46,8],[-22,-23],[45,-43],[-3,-46],[-32,-36],[40,-55],[-23,-22],[-32,26],[-46,8],[-44,-21],[-37,90],[-56,28],[-8,19],[-31,-77],[-43,-11],[-27,-32],[-32,-8],[-64,9],[18,-51],[-17,-35],[31,-58],[-10,-63],[-31,-45],[-37,-25],[-18,-50],[-50,-19],[-53,34],[-20,-12],[-68,-5],[-31,-36],[-75,-9],[-66,-27],[-17,23],[-40,-50],[-20,-46],[-41,-7],[-25,17],[-47,-18],[-37,5],[-60,-27],[-44,-36],[-92,5],[-64,90],[-45,-31],[-46,8],[-17,-35],[-47,72],[-44,23],[-19,-44],[-25,41],[-31,20],[-83,-29],[11,-76],[62,-104],[-23,-27],[10,-33],[-26,-55],[-31,-9],[1,-45],[-37,-36],[-37,-68],[64,-21],[42,-27],[40,-56],[40,-10],[5,-58],[23,-80],[-20,-20],[32,-76],[36,-23],[109,-185],[-5,-53],[27,-14],[-8,-34],[-38,-18],[-27,-33],[-15,-97],[-22,6],[-48,-38],[-16,-51],[-38,-53],[-4,-35],[-112,-8],[-44,-18],[-37,-34],[-33,0],[-29,28],[-66,-14],[44,-92],[-89,0],[-23,-52],[58,-95],[35,-19],[76,30],[101,-32],[30,-49],[4,-52],[18,-34],[-20,-37],[32,-47],[40,-22],[91,-72],[18,-29],[49,12],[-33,42],[24,55],[93,14],[17,-63],[61,-61],[-15,-50],[42,-23],[-16,-31],[42,-61],[34,-12],[-11,-39],[19,-85],[-24,-81],[30,-44],[-1,-46],[28,-53],[-1,-31],[29,-34],[16,-59],[35,-43],[18,11],[3,-104],[11,-56],[22,11],[36,-23],[46,-6],[2,-49],[39,-23],[65,-78],[32,10],[23,-18],[-10,-34],[40,-79],[-1,-36],[22,-20],[41,-78],[52,-30],[-19,-113],[5,-51],[-30,-28],[-60,6],[-140,-78],[-6,-28],[-52,-23],[-16,-54],[-29,-29],[-46,-15],[-42,43],[-70,3],[-50,21],[-31,37],[-7,88],[-37,0],[-35,-48],[-39,-141],[32,-61],[5,-49],[55,-18],[5,-72],[-81,-60],[-13,-29],[5,-103],[29,-84],[42,-19],[3,-61],[53,-54],[33,-6],[47,-48],[-8,-57],[1,-88],[17,-24],[-38,-52],[44,-95],[27,-33],[35,-84],[36,-62],[0,-53],[-15,-37],[7,-50],[45,-60],[-5,-48],[-24,-34],[47,-68],[-14,-55],[-1,-55],[14,-13],[-52,-100],[-29,-4],[-6,-89],[7,-80],[-38,-20],[59,-112],[-18,-20],[-46,-16],[-30,-59],[22,-112],[-57,-18],[1,-63],[13,-60],[46,-58],[-42,-28],[-13,-99],[21,-24],[-4,-49],[-24,-81],[30,-43],[8,-48],[-21,-60],[78,-11],[-7,-32],[31,-26],[5,-137],[-26,-29],[-3,-53],[38,-56],[-1,-50],[-38,-67],[41,-33],[30,-7],[60,-64],[1,-39],[-54,-10],[29,-53],[35,-31],[44,-6],[43,14],[29,-22],[20,-61],[48,-15],[-13,-66],[15,-93],[-36,-6],[29,-63],[-6,-49],[-46,4],[24,-55],[-41,-47],[-29,29],[-3,-88],[43,-34],[31,-51],[112,-32],[31,-29],[13,-88],[-14,-26],[20,-53],[-77,-36],[-31,-59],[-39,-15],[-34,-43],[31,-56],[8,-68],[14,-21],[-12,-54],[-28,-26],[-72,-15],[-47,-40],[-21,-47],[19,-41],[-17,-25],[36,-80],[-22,-45],[-30,-22],[11,-61],[-59,-6],[-88,-66],[1,-38],[19,-44],[-21,-24],[-27,-62],[23,-24],[-54,-46],[19,-51],[36,-20],[3,-32],[26,-26],[-34,-53],[33,-57],[13,-55],[-43,-88],[28,-19],[26,-82],[-33,-43],[25,-42],[-30,-36],[30,-56],[2,-58],[34,-5],[26,-98],[-3,-146],[-27,-5],[18,-53],[76,-39],[39,-31],[28,-52],[55,-33],[32,-64],[-5,-57],[-26,-73],[-16,-18],[-66,7],[-72,78],[-14,44],[-43,62],[-71,-80],[-34,28],[-44,15],[-12,53],[-23,-16],[3,-39],[-30,-55],[39,-39],[40,-72],[0,-59],[-24,-24],[10,-34],[42,-26],[3,-25],[97,10],[-9,-66],[12,-55],[35,-63],[-25,-133],[15,-32],[48,11],[22,-33],[36,2],[-3,-93],[19,-38],[83,-22],[52,8],[26,46],[34,-13],[11,-41],[80,-16],[35,-49],[53,53],[91,-8],[30,-98],[36,75],[16,-1],[64,-47],[37,8],[24,-33],[79,-12],[55,-33],[14,-54],[61,-65],[81,8],[22,-42],[-7,-44],[-34,-40],[-46,-22],[29,-39],[-19,-28],[-31,-7],[-19,-48],[-38,-25],[-22,-52],[-38,-31],[89,-42],[7,-49],[19,-29],[7,-66],[50,-41],[25,-41],[-5,-63],[13,-83],[21,-60],[49,-52],[38,7],[28,-38],[14,-47]],[[41569,90451],[80,11],[37,-11],[18,-53],[-31,-73],[28,-36],[47,8],[6,-23],[-26,-64],[19,-41],[26,-104],[22,-37],[62,-25],[61,-67],[24,-41],[-14,-45],[4,-64],[18,-54],[-43,-37],[3,-49],[107,-54],[22,-33],[-8,-139],[-18,-69],[-32,-64],[29,-46],[77,-16],[82,-35],[55,33],[41,-9],[40,-60],[42,-81],[-54,-148],[2,-61],[46,-42],[92,-62],[14,-71],[-26,-127],[22,-60],[-27,-142],[-53,-32],[-6,-36],[26,-57],[-38,-70],[23,-66],[63,-56],[86,-18],[27,-33],[3,-31],[-70,-170],[-6,-49],[21,-17],[144,56],[152,-54],[19,-16],[29,-111],[-21,-74],[-12,-82],[36,-45],[72,7],[26,-18],[12,-54],[40,-9],[75,-55],[89,-109],[48,-44],[6,-87],[30,-26],[32,-110],[29,-62],[41,-13],[45,25],[96,-90],[24,-5],[28,-37],[200,-2],[34,-23],[-30,-32],[6,-34],[85,-44],[20,-39],[17,-68],[-6,-114],[-25,-50],[-29,-9],[-45,14],[25,-107],[-17,-73],[66,-16],[22,-53],[21,-8],[30,-86],[1,-50],[-48,-75],[8,-25],[59,-54],[23,-39],[5,-58],[37,-15],[27,-79],[-22,-97],[18,-23],[-4,-63],[-47,-41],[-7,-65],[60,0],[109,-52],[85,33],[38,-44],[5,-60],[69,-42],[12,-42],[-5,-113],[14,-11],[42,45],[70,-9],[-14,-83],[94,24],[27,-12],[20,-40],[47,10],[46,-11],[-9,-84],[-61,-172],[-7,-72],[-21,-58],[-122,-122],[5,-55],[40,-57],[43,-3],[14,-44],[96,-31],[46,-54],[25,-55],[21,-21],[77,-108],[35,-10],[65,5],[75,32],[64,46],[80,39],[47,2],[56,-22],[41,-29],[57,-24],[48,-4],[48,-91],[-2,-54],[15,-30],[7,-108],[62,-110],[32,-15],[11,-34],[-16,-43],[6,-46],[34,-34],[97,-33],[22,-22],[19,-74],[55,-83],[21,-54],[24,-29],[36,-64],[22,-94],[6,-76],[12,-23],[-16,-40],[46,-56],[42,-102],[1,-51],[41,-35],[58,-146],[7,-41],[32,-64],[49,-160],[-1,-36],[18,-120],[37,16],[37,-17],[22,-50],[45,-1],[107,30],[60,-2],[132,-42],[87,-16],[62,17],[96,14],[65,29],[42,36],[13,-47],[-21,-32],[-58,-23],[-22,-78],[5,-35],[-27,-32],[-26,-107],[-29,-37],[-97,-56],[-29,-37],[-19,-46],[-81,-72],[-98,-42],[-94,48],[-92,-29],[-10,-48],[-63,-5],[-25,-32],[-32,-12],[31,-71],[33,0],[9,-34],[49,-39],[42,7],[21,-23],[-6,-80],[16,-66],[43,-57],[23,-93],[-3,-66],[19,-40],[-8,-52],[18,-153],[10,-22],[2,-82],[-17,-33],[-84,-69],[-18,-59],[-33,-55],[-31,-14],[-40,3],[-81,-73],[-25,-47],[-26,-11],[935,-390],[-38,-7],[-40,-30]],[[46966,79644],[-61,-27],[-79,4],[-96,-14],[-45,42],[-43,11],[-43,-30],[-10,-46],[-85,-66],[-9,-23],[-53,-47],[-39,-67],[-41,8],[-29,39],[-57,32],[-59,15],[-49,0],[-113,-32],[-9,-33],[-34,1],[-59,-36],[-55,11],[-19,19],[-32,-17],[-3,-29],[-46,19],[-49,-40],[-44,-2],[-66,-55],[5,-34],[-36,-69],[0,-30],[-553,-57],[-554,2],[1,-87],[31,-104],[76,-67],[20,-29],[1,-128],[-12,-87],[-17,-6],[-26,-76],[-74,-46],[15,-62],[-40,-40],[-134,-60],[-41,-7],[-37,-36],[-8,-45],[-60,-85],[-39,-19],[-1,-50],[-15,-52],[15,-61],[3,-54],[-74,-59],[7,-62]],[[49703,83568],[-11,-112],[-17,-38],[-57,-47],[-104,-64],[-29,-55],[-30,-29],[-4,-89],[-30,-92],[-115,-155],[-79,-75],[-59,-9],[-100,-28],[-111,-52],[-53,-12],[-212,-29],[-49,-46],[22,-100],[64,-128],[31,-29],[90,-1],[32,-9],[118,3],[150,26],[71,-5],[76,24],[8,-20],[-31,-33],[40,-93],[-26,-74],[-50,-66],[5,-64],[-14,-43],[10,-93],[16,-62],[33,-57],[-6,-23],[0,-106],[75,-56],[48,-50],[65,-24],[17,-46],[-26,-77],[-44,-74],[-7,-103],[-16,-78],[-52,-86],[0,-383],[34,-47],[7,-29],[-10,-80],[12,-35],[71,-38],[50,-46],[10,-57],[-38,-82],[-5,-51],[16,-57],[28,-40],[29,-82],[-14,-113]],[[49532,79949],[-39,8],[-51,66],[-16,43],[-40,35],[-38,-43],[-46,-31],[-48,-79],[-22,-58],[-19,-110],[-12,-31],[-60,-84],[-57,-59],[-23,-132],[14,-95],[34,-45],[-143,-7],[-44,-22],[-94,-22],[-66,-4],[-103,9],[-44,-18],[-27,-33],[-31,56],[-95,67],[-105,22],[-120,13],[-152,-13],[-49,50],[-32,45],[-43,30],[-149,22],[-136,-17],[-160,-45],[-105,-59],[-60,4],[-135,92],[-36,31],[-126,69],[-29,-7],[-59,46],[0,1]],[[40911,92648],[20,47],[55,-20],[37,18],[34,-12],[56,10],[10,16],[78,24],[16,-31],[43,16],[53,-3],[7,19],[56,19],[39,-12],[118,1],[99,-53],[89,76],[-24,71],[81,102],[96,-8],[95,-23],[61,50],[77,93],[111,22],[46,-108],[104,71],[118,96],[110,-18],[43,-167],[54,-74],[87,-144]],[[49532,79949],[-10,-57],[6,-42],[37,-94],[14,-76],[33,-108],[47,-72],[37,-125],[14,-26],[38,-118],[22,-33],[31,81],[33,45],[45,5],[33,38],[50,-5],[40,31],[95,13],[67,-3],[88,55],[58,-4],[95,-52],[34,-9],[20,-52],[0,-46],[56,-86],[39,-122],[78,-57],[26,-10],[60,-77],[36,37],[74,-73],[92,-45],[54,-58],[110,-49],[13,-60],[-26,-26],[-7,-35],[-62,-7],[97,-110],[17,-12]],[[51116,78505],[0,-42],[-48,-23],[-14,-43],[-53,15],[-25,-9],[-40,-64],[-40,-112],[-18,-106],[-18,-14],[-12,-96],[12,-56],[52,-108],[30,-103],[32,-21],[-1,-29],[25,-35],[45,-17],[27,11],[1,-560],[-77,0],[-6,-68],[-19,-11],[-5,-86],[-33,-30],[1,-99],[-24,-29],[1,-62],[-39,-140],[-37,-22],[-9,-34],[-38,-30],[-5,-49],[20,-27],[18,-62],[32,-12],[38,-53],[6,-53],[-7,-60],[46,-7],[47,-99],[42,-30],[66,17],[22,-16],[73,-1],[18,-38],[-2,-36],[40,-83],[11,-49],[29,-9],[8,-87],[46,-78],[26,-6],[42,55],[49,-5],[25,-67],[-18,-82],[26,-49],[-7,-107],[-24,-37],[3,-36],[36,-3],[11,-60],[43,32],[55,-40],[27,-45],[39,-17],[9,-45],[37,-45],[-13,-48],[-39,-11],[-8,-65],[38,-11],[-26,-44],[6,-69],[-14,-46],[23,-50],[-39,-97],[-18,-16],[12,-41],[-6,-37],[25,-47],[-54,-24],[-5,-76],[20,4],[38,-43],[-22,-53],[-53,-31],[25,-28],[-11,-47],[30,-66],[19,-123],[62,-15],[10,24],[48,-20],[-1,-88],[26,-23],[-18,-73],[3,-75],[-30,-22],[17,-56],[-55,-128],[-11,-69],[-30,-45],[17,-45],[-37,-16],[-46,-66],[5,-15]],[[51601,73292],[-159,0],[-1000,0],[-1236,-4],[-113,1],[-19,-91],[-20,-12],[-17,-61],[19,-21],[-3,-49],[-21,-37],[-55,-30],[-25,-58],[-13,-58],[7,-43],[-45,-6],[-26,44],[-31,4],[-39,37],[-50,-9],[-26,32],[-33,11],[-24,28],[-44,17],[-46,-14],[-11,44],[23,73],[-19,49],[-29,40],[-22,-4],[-70,40],[-22,0],[-64,-62],[-42,20],[-32,34],[-6,44],[-35,32],[-42,-34],[-11,-46],[-39,-25],[-41,-9],[-16,-42],[-77,-39],[-45,1],[-30,32],[-36,-46],[-79,-20],[-33,-25],[-9,-33],[-61,-83],[7,-94],[29,-54],[-19,-39],[20,-26],[-6,-40],[-38,-42],[-25,-51],[14,-35],[-14,-75],[-39,-83],[16,-189],[-31,-72],[-6,-33],[20,-79],[-27,-35],[-47,-9],[-43,-33],[-23,-71],[-42,-27],[-68,16],[-67,66],[-43,-51],[-55,31],[-46,-20],[-48,-47],[-8,-33],[-40,-18],[26,-61],[-9,-60],[-46,-19],[-24,-45],[-1,-34],[-28,-40],[-97,-31],[-23,-45],[-55,-6],[-11,-23],[-78,36],[-34,0],[-42,-74],[-28,0],[4,-55],[-23,-40],[-82,-45],[-38,-8],[-35,40],[-53,-18],[-8,-41],[-54,-15],[-22,-25],[19,-98],[-33,-23],[-66,-20],[-17,-40],[-50,11],[-53,-26],[-31,-60],[-12,-48],[28,0],[10,-45],[37,3],[31,-39],[-17,-41],[-7,-62],[24,-10],[41,25],[34,1],[18,-29],[26,-83],[3,-64],[42,-51],[16,-89],[76,-15],[6,-45],[-25,-28],[1,-41],[52,4],[6,-63],[31,-23],[8,-75],[-31,-20],[-19,-41],[71,-88],[-26,-45],[-48,18],[-1,-38],[-30,-2],[-20,-39],[-45,90],[-88,17],[-38,-12],[-26,-35],[25,-58],[-62,-111],[-1,-26],[-70,-105],[-28,18],[-47,64],[-47,24],[-30,-23],[-56,-125],[24,-23],[-28,-40],[25,-78],[-16,-29],[33,-24],[49,31],[46,-45],[28,-67],[59,-14],[54,-67],[44,-3],[60,-33],[53,-11],[39,-21],[21,-28],[9,-67],[-11,-48],[-91,-86],[-8,-46],[-44,-49],[1,-36],[65,-53],[8,-74],[-52,-77],[-34,-81],[22,-121],[60,-71],[42,-6],[19,-25],[-41,-115],[-33,-42],[-32,-16],[-32,-54],[33,-38],[1,-33],[42,-5],[51,-78],[3,-30],[38,-32],[12,-29],[60,-39],[44,-54],[33,-18],[18,-39],[-29,-59],[35,-9],[34,-39],[30,22],[32,-13],[-10,-129],[72,-81],[-30,-39],[-17,-52],[-35,-31],[-21,-55],[-67,-19],[15,-43],[33,-22],[1,-48],[35,-17],[40,-62],[-24,-70],[24,2],[28,-68],[63,5],[31,-20],[47,-86],[20,-6],[-8,-72],[21,-34],[-27,-28],[86,-53],[9,-80],[-28,-41],[-25,4],[-33,-45],[23,-18],[-16,-37],[-29,-25],[-38,-7],[-22,-64],[66,-30],[18,-79],[44,-94],[62,17],[-8,-35],[35,-25],[-31,-48],[62,-96],[4,-43],[-20,-12],[-4,-75],[89,-105],[-33,-99],[24,-55],[-75,-35],[-22,-36],[0,-56],[-79,-68],[39,-22],[25,-78],[33,-23],[53,0],[-5,-105],[60,-66],[-7,-53],[-53,5],[-26,-23],[14,-41],[7,-75],[56,-24],[35,-63],[-22,-28],[33,-68],[19,-18],[7,-47],[-24,-34],[5,-79],[-20,-14],[-52,8],[-43,-50],[33,-24],[-23,-74],[44,-44],[-17,-65],[-24,-1],[-70,45],[-37,-2],[-36,23],[-34,-21],[-34,-40],[4,-60],[44,-60],[36,-74],[17,-80],[-2,-39],[-27,-63],[-29,-121],[-84,-81],[34,-54],[-27,-71],[10,-57],[21,-44],[49,-57],[-104,-87],[15,-22],[-64,-23],[7,-70],[48,-10],[41,-25],[42,1],[69,-106],[44,-31],[21,-61],[-27,-26],[21,-87],[18,-13],[30,-119],[51,-139],[-41,-97],[14,-87],[-37,-8],[-22,19],[-79,-62],[-68,-14],[-38,9],[-19,-36],[9,-30],[-22,-70],[-125,-56],[-25,-52],[7,-62],[-28,-124]],[[51601,73292],[69,-18],[34,-30],[18,13],[41,-35],[25,32],[54,6],[20,27],[53,-30],[50,4],[32,-34],[73,3]],[[52070,73230],[-7,-111],[-97,-15],[-10,-35],[23,-70],[-2,-42],[17,-69],[-43,7],[-41,-25],[-20,-32],[14,-29],[-9,-60],[19,-27],[7,-69],[-50,-30],[-32,7],[-89,-35],[-36,-68],[2,-74],[10,-35],[-40,-13],[-53,-44],[-71,-31],[-20,-38],[21,-50],[-10,-52],[14,-17],[-17,-70],[63,-42],[104,-4],[17,-25],[11,-74],[41,-91],[-25,-10],[-91,41],[1,-48],[-49,-70],[12,-34],[-30,-42],[30,-19],[-11,-39],[-58,-28],[-37,50],[-53,-26],[-32,27],[-48,-8],[-21,45],[-53,12],[-16,-41],[-54,-1],[-6,-27],[-49,-59],[-13,-53],[25,-38],[-26,-37],[16,-28],[-36,-111],[-85,-23],[7,-58],[-37,-39],[-104,0],[-31,-42],[14,-29],[-72,-4],[-95,45],[-53,35],[-61,-8],[-13,-46],[-35,-16],[-33,-65],[-18,-76],[22,-23],[97,-1],[27,-29],[45,-21],[12,-32],[67,-39],[42,-73],[17,-79],[20,-27],[48,11],[11,-41],[34,33],[39,-19],[20,-30],[68,-43],[-4,-24]],[[51111,70560],[1,-46],[-27,-81],[-68,-7],[-18,-46],[28,-44],[10,-42],[29,-32],[31,3],[7,-47],[-19,-64],[39,-15],[-7,-49],[7,-77],[-32,-61],[-58,-34],[39,-58],[-2,-45],[47,-19],[-12,-93],[31,-58],[-16,-44],[21,-60],[22,-25]],[[51164,69516],[-19,-37],[113,-56],[18,-49],[-31,-51],[6,-18],[45,32],[28,-32],[58,21],[39,-47],[94,-3],[61,-67],[37,-5],[10,-60],[38,-22],[13,-122],[16,-16],[-36,-54],[17,-18],[20,-87],[24,-20],[23,-85],[43,-26],[85,-11],[40,-29],[44,-67],[-2,-44],[23,-5],[37,27],[62,-27],[33,-28],[24,4],[33,-34],[66,-35],[6,-37],[113,-20],[27,-48],[51,17],[54,-55],[-5,-34],[32,-40],[-10,-40],[18,-49],[31,-37],[0,-44]],[[52543,68058],[-57,-30],[-48,-41],[-15,-33],[-30,-8],[-78,17],[-19,-52],[-44,-58],[-17,-45],[-82,-87],[-37,4],[-55,-53],[-50,4],[-40,-22],[-57,46],[-67,42],[-16,-18],[-54,6],[-37,-28],[-57,-16],[-65,16],[-20,-50],[-20,7],[-30,-67],[-41,3],[-27,-11],[-41,17],[-10,28],[-42,2],[-31,56],[-25,5],[-29,39],[-54,-27],[-33,-47],[-44,15],[-29,-42],[-79,42],[-29,-26],[-29,70],[-18,-2],[-19,-114],[-30,-29],[-9,-53],[42,-64],[-5,-38],[31,-77],[0,-117],[25,-13],[10,-50],[-21,-58],[-88,-49],[-18,-38],[7,-35],[49,-39],[12,-134],[27,-16],[27,-71],[7,-45],[106,-93],[-26,-51],[-15,-85],[-34,-62],[-18,-74],[-119,-74],[-15,-70],[-32,-63],[-23,0],[-68,-28],[-35,-26],[-39,18],[-30,-17],[-27,-40],[3,-36],[-79,-24],[-43,-3],[-46,29],[-39,-58],[14,-44],[1,-80],[-22,-36],[-46,-40],[-35,-59],[-21,-60],[-53,-46],[0,-38],[-34,-3],[-32,-52],[-41,39],[-29,-18],[-51,19],[-55,-37],[-10,-30],[-38,-41],[6,-20],[-80,-9],[-33,26],[-53,7],[-40,-20],[-46,25],[-33,-52],[-15,-60],[-42,10],[-62,38],[-43,2],[-52,22],[-35,69],[-69,-77],[4,-56],[28,-26],[20,-73],[40,-1],[31,-65],[37,5],[91,-42],[10,-42],[28,-35],[21,-91],[18,-42],[-42,-64],[-16,-88],[-35,-138],[-1,-55],[33,-20],[-14,-34],[34,-10],[26,-39],[0,-55],[-15,-20],[6,-92],[-24,-20],[14,-117],[-76,-67],[-22,-29],[-66,-46],[-68,-26],[-75,-54],[-12,-105],[58,-48],[34,-67],[51,-21],[88,24],[36,27],[41,8],[95,-12],[23,-34],[-6,-55],[14,-71],[-29,-35],[-9,-41],[21,-11],[42,-54],[29,-11],[18,-59],[66,-33],[-13,-29],[51,-31],[36,15],[86,-67],[69,18],[10,-36],[-16,-33],[-14,-87],[27,-37],[34,-22],[5,-48],[68,-40],[15,-64],[29,-33],[22,-65],[-7,-119],[22,-39],[28,-3],[1,-37],[-20,-26],[-14,-55],[-21,-23],[37,-74],[42,-27],[11,-55],[24,5],[8,-86],[49,-66],[52,-34],[39,-7],[-8,-36],[18,-58],[-36,-19],[95,-54],[40,-31],[13,-32],[-18,-98],[20,-56],[-3,-32],[38,-17],[34,-38],[-30,-114],[-29,-38],[16,-37]],[[53472,88289],[4,-141],[73,-79],[42,-109],[11,-166],[-17,-58],[-21,-292],[-19,-87],[74,-7],[136,-39],[21,28],[26,-26],[96,-26],[147,73],[22,-34],[30,19],[70,5],[45,34],[47,2],[134,42],[89,-62],[18,-33],[42,-41],[31,-119],[88,-163],[115,-181],[79,-137],[40,-36],[50,8],[42,-39],[52,-13],[22,-38],[-23,-33],[59,-52],[322,-164],[482,-246],[18,-55],[102,-63],[53,-50],[33,-14]],[[56107,85897],[-25,-65],[10,-89],[-44,-112],[-42,-64],[-65,-131],[-14,-64],[-22,-23],[14,69],[-46,-7],[-85,-84],[-42,1],[-19,38],[-39,-4],[-35,-85],[-23,-32],[-35,-8],[-35,42],[-25,-5],[-45,-76],[-36,-15],[-25,68],[-42,11],[-29,50],[-39,18],[-47,96],[-38,116],[-49,77],[-17,6],[-71,-37],[-59,-65],[-34,-90],[10,-38],[-30,-191],[-39,-20],[-31,-50],[-18,-108],[19,-43],[-12,-43],[-38,-48],[-1,-50],[-39,-61],[6,-5],[9,-113],[-11,-48],[-24,-7],[-5,-38],[-98,-325],[4,-48],[24,-119],[21,-18],[-9,-48],[-15,0],[-39,-74],[66,-42],[43,1],[41,-35],[0,-38],[30,-34],[-81,-39],[-9,-33],[7,-82],[-28,-95],[-16,-95],[-142,-370],[-63,-4],[-11,-32],[19,-35],[32,-21],[35,5],[37,-27],[53,-8],[13,-33],[30,-18],[41,6],[24,-61],[-9,-28],[-44,-60],[-8,-47],[7,-54],[53,-14],[-18,-50],[7,-214],[12,-37],[106,-92],[25,-72],[29,-38],[20,-57]],[[54989,82085],[-30,-20],[-93,-37],[-57,-37],[-50,-18],[-25,-32],[-32,-13],[-94,1],[-29,15],[-20,35],[-31,-12],[-84,-62],[-35,-35],[-75,-54],[-22,-30],[-61,50],[-34,-1],[-125,-38],[-70,-5],[-82,22],[-104,60],[-104,42],[-31,5],[-88,-8],[-76,-15],[-126,-42],[-23,-17],[52,-116],[45,-3],[3,-53],[27,-1],[4,-40],[36,-27],[-12,-43],[10,-25],[-32,-51],[23,-48],[-31,-43],[-7,-74],[19,-30],[-11,-98],[42,-52],[-10,-33],[-71,-62],[-51,-33],[29,-95],[-14,-73],[46,-41],[15,-40],[5,-57],[-12,-71],[-47,-86],[-14,-115],[5,-116],[11,-29],[47,-59],[20,-48],[4,-60],[42,-75],[76,20],[43,0],[39,-27],[33,-69],[5,-74],[-20,-120],[16,-69],[50,-54],[11,-100],[-3,-130],[14,-40],[48,-86],[75,-82],[63,-22],[8,-22],[4,-188],[-25,-46],[-85,-102]],[[53913,78831],[-28,-126],[16,-69],[-20,-25],[2,-43],[-47,-16],[-27,-58],[-59,-51],[-3,-57],[-5,-74],[16,-50],[38,2],[41,-46],[-11,-74],[26,-44],[3,-79],[31,-53],[-145,15],[-60,-12],[-13,-18],[-81,54],[-61,25],[-22,44],[-42,29],[-33,7],[-98,-80],[-81,70],[-37,92],[-44,9],[-43,-24],[-15,-79],[-59,-38],[-3,-32],[-39,-28],[-27,2],[-20,-26],[-18,-75],[-60,-37],[-15,-49],[-41,-17],[-94,-56],[-30,45],[-87,-8],[-20,-19],[-25,-59],[22,-75],[-723,-94],[8,16],[-19,71],[11,31],[-7,61],[-27,51],[-23,84],[-15,11],[8,121],[-43,91],[-95,77],[-38,16],[-45,46],[3,41],[-69,66],[-23,102],[2,70],[-79,-17],[-14,45],[-30,15],[-57,-11],[-61,8],[-40,-54],[-30,-22],[-73,52]],[[52543,68058],[36,-1],[73,-41],[4,-28],[69,-26],[23,-25],[34,48],[42,-23],[16,-57],[-5,-91],[-57,-79],[13,-61],[29,-4],[8,-46],[-17,-39],[16,-56],[-23,-20],[3,-61],[40,-15],[32,-40],[-8,-51],[33,-31],[21,-6],[39,-52],[33,-24],[24,4],[37,-22],[22,-34],[83,-38],[48,-72],[62,-36],[62,-52],[0,-100],[16,-15],[52,-5],[40,-41],[38,-18],[49,23],[62,72],[26,-23],[72,7],[52,27],[14,-40],[28,-5],[121,14],[33,-41],[88,-13],[5,-33],[35,-29],[0,508],[1,333],[21,17],[15,48],[24,28],[35,-1],[24,-33],[74,26],[29,-15],[32,18],[58,-5],[47,38],[45,-1],[40,15],[31,-8],[32,46],[53,24],[67,0],[63,-39],[69,14],[9,47],[96,36],[19,36],[24,-43],[59,77],[-22,31],[143,71],[30,74],[52,-36],[94,30],[30,-34],[49,15],[35,28],[20,85],[23,18]],[[55487,68207],[14,-148],[8,-57],[-4,-52],[-48,-91],[-21,-70],[-35,-71],[-51,-61],[-25,-46],[-49,-60],[-30,-51],[-172,-220],[-14,-120],[6,-66],[45,-118],[44,-108],[41,-63],[60,-37],[126,-114],[43,-53],[79,-57],[56,-19],[24,-54],[-34,-53],[-6,-55]],[[55544,66363],[11,-118],[-1,-53],[-14,-86],[-28,-57],[14,-83],[6,-30],[-8,-104],[-37,-38],[-32,-118],[8,-45],[-13,-91],[-26,-74]],[[55424,65466],[-61,-131],[-29,-124],[-13,-77],[-36,-117],[-35,-40],[-87,-40],[-25,-19],[-62,-95],[-33,-88],[-18,-147]],[[55025,64588],[-23,-84],[-93,-84],[-44,-91],[-24,-66],[-18,-46],[-120,-178],[-46,-99],[-63,-101],[-45,-18],[-65,-1],[-96,-25],[-110,-118],[-26,-9],[-50,-71],[-58,-117],[-47,-46],[-63,-77],[-18,-81],[-27,-57],[-19,-58],[-57,-102],[-30,-25],[10,-42],[-15,-23],[-76,-64],[-44,-69],[-46,-2],[-23,-16],[-13,-70],[-24,-31],[-55,-31],[-29,-61],[-10,-55],[6,-98],[-29,-72],[-55,-79],[-34,-112],[9,-64],[-15,-21],[31,-45],[10,-50],[-39,-69],[0,-55],[-68,-79],[-6,-76],[-22,-52],[0,-46],[-25,-51],[-46,-59],[-39,-67],[-10,-74],[-24,-57],[-4,-48],[-19,-24]],[[56467,72783],[13,-47],[28,-17],[126,-12],[67,-16],[48,-64],[73,-32],[87,15],[98,-34],[50,10],[60,35],[51,11],[56,16],[35,-4],[17,23],[45,-22],[12,-30],[47,-53],[14,-81],[30,-51],[-1,-25],[36,-29],[25,-39],[49,-44],[91,-32],[27,5],[70,-32],[127,-101],[13,-40],[-20,-92],[-73,-143],[-61,-33],[-66,-16],[-74,10],[-43,-20],[-33,-82],[-5,-79],[18,-105],[48,-89],[55,-63],[35,-68],[-3,-60]],[[57639,71253],[-66,-43],[-80,-18],[-55,-40],[-30,-48],[-8,-62],[19,-29],[70,-27],[26,-40],[8,-40],[-11,-41],[-39,-54],[-42,-36],[-92,-38],[-58,2],[-38,-17],[-53,-61],[-9,-62],[52,-205],[2,-63],[61,-48],[21,-57],[-16,-84],[-38,14],[-56,44],[-52,15],[-117,1],[-25,-16],[-66,-112],[-149,-121],[-42,-78],[-13,-24],[-32,-54],[-1,-38],[-26,-40],[-14,-80],[24,-80],[4,-98],[-29,-58],[-45,-41],[-99,-27],[-41,-35],[-48,-72],[-55,-34],[-86,-25],[-33,14],[-150,-23],[-111,-56],[-124,-13],[-27,-44],[-29,-37],[-88,-70]],[[55733,68954],[-64,52],[-29,3],[-32,68],[-25,16],[-448,679],[-136,202]],[[54999,69974],[465,463],[10,1],[492,485],[284,281],[-27,45],[-30,11],[-36,62],[1,37],[-81,61],[-64,65],[-57,20],[-12,21],[-100,22],[-39,-18],[-409,109],[-77,-64],[-69,-12],[-82,-65],[-87,-34],[-90,-90],[-95,-7],[-42,31],[-39,-9],[-40,26],[-65,-19],[-20,18],[-27,-31],[-51,-3],[-50,-39],[-59,3],[-59,-25],[-22,-29],[-36,-4],[-53,-45],[-58,56],[-46,-4],[-13,70],[-16,38],[12,106],[-38,30],[-1,34],[-25,94],[-40,-59],[19,-49],[-19,-22],[-32,24],[-18,-24],[13,-50],[-52,-5],[-41,-28],[-84,34],[-61,-11],[-10,-31],[-31,-6],[-22,-38],[2,-34],[-26,-41],[-22,-5],[-68,34],[-24,-24],[22,-61],[-11,-14],[-66,-1],[-27,11],[6,92],[-33,34],[-54,-75],[-23,-7],[-59,22],[-31,24],[-52,-9],[-27,18],[-32,51],[-26,-2],[-18,-46],[-32,1],[-40,-41],[-116,37],[-100,99],[-37,-32],[-67,-1],[-58,55],[-37,-18],[-50,16],[-40,-47],[-88,-3],[-43,-14],[-99,-95],[-22,-5],[-145,29],[-71,-25],[-45,51],[-30,-22],[-17,-121],[-61,-59],[-76,-24],[-39,39],[-33,-17],[-57,12],[-28,-23],[-87,4],[-44,-10],[-27,39],[-26,-2],[-92,-47],[-32,-29],[16,-31],[-41,-23],[-5,-63],[-46,-29],[-57,-95],[-13,-38],[-32,-32],[-46,-10],[-16,-44],[-46,-73],[-16,-73],[-28,-41],[-21,-2]],[[52070,73230],[27,12],[87,-21],[20,-32],[60,21],[79,-12],[62,-25],[40,25],[39,-9],[44,31],[21,58],[10,86],[-19,17],[33,53],[29,-1],[10,35],[-9,64],[23,63],[-22,40],[-2,69],[15,65],[38,-7],[15,33],[31,-24],[94,9],[53,-31],[-18,57],[51,39],[114,-32],[53,30],[-13,21],[-68,20],[16,39],[36,37],[20,44],[-64,84],[1,31],[570,19],[646,19],[608,75],[52,2],[41,49],[52,143],[22,29],[-27,74],[2,24],[57,67],[10,64],[-34,44],[-101,78],[-54,101],[-12,51],[390,-1],[66,73],[12,32],[50,63],[56,23],[22,46],[56,-2],[25,-36],[42,75],[-30,24],[54,48],[26,1],[46,28],[50,76],[37,12],[61,-12],[51,13],[60,-40],[-1,-85],[55,-1],[91,48],[60,7],[8,20],[112,80],[58,2],[71,97],[27,23],[64,25],[22,47],[17,129],[17,22],[5,72],[21,15],[58,88],[69,-47],[12,26],[36,-18],[73,3],[22,-47],[25,21],[67,20],[56,50],[79,51],[17,-3],[87,32],[62,-18],[40,55],[27,59],[50,41]],[[57289,76195],[25,-76],[11,-93],[70,-94],[83,-95],[45,-75],[0,-29],[31,-45],[73,-20],[54,2],[86,34],[30,21],[557,-767],[214,-293]],[[53913,78831],[75,17],[111,49],[32,66],[28,160],[19,178],[17,43],[-43,92],[1,31],[54,78],[58,7],[2,70],[11,36],[112,0],[15,7],[380,1],[270,-3]],[[55055,79663],[-12,-92],[-25,-39],[-77,2],[-54,-53],[-21,-65],[3,-70],[17,-29],[-13,-63],[5,-87],[37,-35],[-11,-51],[-44,-27],[-39,-59],[-97,-17],[-63,-20],[-17,-29],[-120,-129],[2,-44],[-15,-80],[30,-101],[117,-82],[35,-99],[50,-30],[-15,-65],[21,-164],[38,-74],[-1,-41],[31,-43],[18,-78],[43,-19],[11,-28],[-27,-114],[679,5],[376,3],[169,-2]],[[56086,77744],[-5,-51],[-104,-62],[-101,-121],[-37,-87],[36,-16],[35,7],[80,-11],[51,-55],[70,0],[36,-20],[32,19],[31,-41],[-38,-26],[18,-29],[-25,-80],[9,-28],[57,-1],[-23,-34],[71,-39],[16,-37],[28,8],[8,-64],[41,9],[30,-30],[83,-1],[44,-13],[94,-84],[31,25],[16,-23],[39,-7],[27,-42],[29,1],[52,-42],[4,-26],[47,-19],[53,18],[80,-11],[36,-16],[11,-24],[76,20],[23,26],[72,-41],[28,0],[40,-39],[44,-110],[-11,-48],[9,-59],[-7,-43],[-21,-20],[-6,-51],[10,-66],[-16,-65]],[[54999,69974],[-507,-491],[-206,-200],[-34,6],[14,101],[-30,27],[-58,7],[-29,45],[-56,-48],[-61,6],[-49,45],[-65,22],[-68,62],[-74,45],[-34,47],[-38,22],[-29,37],[-43,-13],[-17,21],[-91,21],[-47,-31],[-36,2],[-7,-36],[-56,-42],[-52,34],[-16,-34],[-94,-24],[-51,31],[-56,-64],[-30,15],[-69,-85],[-28,120],[-35,38],[-13,50],[-44,32],[-16,79],[16,36],[-22,26],[-50,-12],[-42,19],[-33,-83],[-85,14],[-56,-23],[-89,14],[-45,-59],[-33,18],[-73,6],[-29,-35],[-38,20],[-12,-30],[-35,12],[-14,-19],[-46,-3],[-60,11],[-48,-7],[-6,59],[-24,17],[12,47],[-76,-9],[-18,20],[5,76],[-29,57],[-33,7],[7,49],[-10,33],[-40,-10],[-31,43],[-5,37],[36,22],[3,27],[-36,40],[7,50],[34,30],[18,64],[-39,33],[-56,-37],[-22,-44],[-39,14],[-55,-6],[-32,-32],[-37,-4],[-33,-38],[4,-64],[-22,-47],[24,-85],[-61,-66],[-57,-24],[-98,-59],[-18,-53],[-7,-56],[-18,-10],[-16,-61],[-148,-230]],[[55733,68954],[-72,-68],[-78,-49],[-48,-10],[-27,-39],[-57,-44],[-18,-93],[49,-166],[9,-75],[-4,-203]],[[54989,82085],[97,23],[112,16],[122,-6],[78,3],[84,-12],[53,-17]],[[55535,82092],[-34,-38],[-30,-56],[-20,-107],[-79,-173],[-31,-118],[-8,-87],[-78,-59],[-47,-75],[21,-61],[-15,-107],[25,-3],[29,51],[32,33],[29,9],[31,-29],[135,-173],[-42,-39],[-8,-40],[-33,-32],[4,-47],[-48,-61],[-18,-80],[-31,-15],[-21,-41],[-32,-27],[-14,-60],[-19,-16],[-23,-72],[-48,-36],[-42,-90],[177,-90],[-5,-67],[-38,-76],[147,96],[66,-128],[-4,-57],[-38,-21],[-10,-41],[-53,-46],[-27,13],[-11,-52],[14,-36],[-5,-42],[-40,-42],[-2,-49],[-50,-37],[-27,-67],[9,-49],[-29,-12],[-20,28],[-55,13],[-17,-18],[-47,0]],[[55535,82092],[39,37],[81,75],[118,153],[56,35],[62,66],[146,58],[109,39],[72,12],[65,24]],[[56283,82591],[4,-65],[17,-70],[24,-54],[29,-33],[37,18],[47,-1],[54,-32],[19,-26],[10,-55],[28,-15],[34,-75],[41,-21],[52,-9],[291,-18],[-3,33],[35,33],[59,-8],[41,35],[67,19],[-7,-57],[4,-116],[12,-33],[-8,-43],[-24,-50],[1,-57],[-35,-67],[-9,-63],[14,-77],[-25,-59],[-36,-27],[-44,-109],[1,-68],[-42,-38],[-28,-74],[-96,-63],[-14,-48],[14,-29],[-34,-67],[-34,-21],[-20,-45],[-14,-71],[-54,-22],[-67,-77],[-57,-5],[2,-103],[-26,-51],[-56,-12],[-3,-67],[-18,-38],[-47,-20],[-24,-34],[-36,-139],[-35,-28],[-37,22],[-53,-30],[-26,-157],[6,-42],[-23,-78],[41,-89],[1,-83],[10,-30],[61,-59],[23,52],[5,44],[-20,73],[36,90],[32,25],[21,51],[68,100],[42,5],[47,31],[41,52],[21,-84],[-31,-44],[14,-51],[40,19],[34,-13],[74,35],[40,-29],[37,-51],[59,-1],[64,-73],[21,-44],[38,-15],[3,-33],[35,-29],[-1,-56],[14,-33],[46,-7],[13,-29],[-25,-124],[44,-84],[-15,-67],[-7,-72],[-38,-48],[-15,-81],[-20,-45],[42,-53],[-18,-52],[-51,-5],[-35,-64],[-18,-103],[-43,-46],[-11,-65],[52,-121],[19,-16],[18,-69],[-24,-30],[21,-23],[56,-88],[-32,-80],[-20,-29],[-3,-65],[-27,-77]],[[56970,78301],[-34,3],[-101,-79],[-94,-11],[-48,-30],[-30,-33],[-50,-100],[-36,-17],[-54,-62],[-60,-50],[-95,-41],[-48,-54],[-40,-16],[-80,-6],[-45,35],[-29,-51],[-41,-30],[1,-15]],[[56107,85897],[61,25],[105,7],[128,-12],[21,-43],[66,-26],[96,-17],[33,5],[113,60],[90,-9],[22,8],[117,-21],[37,6],[23,-16],[80,32],[72,-31],[42,-36],[36,-9],[29,-40],[19,-62],[-14,-159],[-97,-103],[-24,-55],[-28,-125],[-35,-65],[530,-212]],[[57629,84999],[-9,-72],[-37,-78],[-5,-68],[-27,-56],[-50,-63],[-14,-17],[-64,-148],[-59,-97],[-41,-99],[-17,-39],[-67,-95],[-20,-42],[-33,-117],[-13,-26],[1,-10],[-25,-45],[-43,-49],[-52,-49],[-71,-117],[-52,-70],[-133,-156],[-38,-51],[-61,-102],[-60,-129],[-53,-103],[-82,-191],[-35,-105],[-31,-71],[-134,-130],[-21,-13]],[[56970,78301],[83,-88],[28,-14],[73,-6],[46,49],[28,46],[53,-40],[66,46],[73,12],[46,75],[-24,51],[22,46],[10,66],[43,18],[43,-68],[31,9],[11,112],[19,34],[18,67],[38,55],[27,109],[47,52],[55,9],[63,-4],[58,65],[26,57],[0,72],[13,36],[-7,42],[33,170],[31,54],[46,109],[7,54],[-25,108],[42,60],[110,69],[46,58],[11,34],[49,48],[13,73],[-7,41],[-22,6],[-29,-53],[-78,27],[-22,-31],[-30,9],[-29,52],[-49,-9],[-4,64],[32,58],[-16,71],[18,39],[-8,30],[-45,92],[4,51],[30,51],[36,20],[-11,42],[37,14],[19,66],[40,29],[-20,77],[63,5]],[[58231,80797],[54,-11],[24,90],[88,24],[33,19],[63,5],[19,46],[6,61],[22,52],[37,41],[21,71],[-6,25],[26,45],[30,2],[59,51],[19,45],[355,1],[-32,54],[-7,87],[-24,55],[27,30],[29,76],[35,39],[25,9],[30,-21],[31,42],[46,17],[5,-49],[45,10],[50,-39],[-12,-34],[22,-55],[50,20],[23,-31],[2,-49],[-16,-62],[19,-62],[17,-13],[39,-120],[16,-105]],[[59501,81163],[-113,-1],[-46,-21],[-59,-92],[-32,-17],[1,-42],[-16,-60],[7,-38],[51,-62],[76,-18],[54,-42],[21,-30],[3,-66],[-14,-24],[-6,-62],[-51,-85],[24,-30],[15,-49],[-18,-59],[14,-44],[20,-23],[19,-61],[35,-66],[34,-14],[-36,-121],[53,-63],[62,-36],[18,-58],[23,9],[-4,-97],[62,-91],[-16,-30],[-61,-6],[-54,-58],[-3,-76],[-44,-85],[0,-48],[-19,-60],[35,-20],[-5,-30],[-36,-6],[-11,-36],[35,-111],[-2,-49],[749,694],[25,97],[-11,68],[2,58],[16,8],[36,81],[36,25],[79,31],[90,77],[58,59],[103,13],[54,-17],[62,25],[83,9],[97,-16],[44,-40],[44,-6],[67,-50],[47,-19],[27,-29],[73,-39],[56,-20],[90,-5],[21,-25],[32,28],[51,-12],[11,51],[78,45],[18,-17]],[[57629,84999],[527,-211],[4,-96],[20,-11],[30,49]],[[58210,84730],[33,-31],[10,-174],[12,-26],[-40,-4],[-32,46],[-44,-25],[-14,-37],[-26,13],[-22,-45],[8,-40],[32,2],[1,-97],[-18,-46],[28,-4],[22,-162],[23,-31],[154,-73],[-53,-168],[-71,-60],[-40,-107],[-64,-76],[117,-177],[-150,-15],[15,-395],[-1,-68],[10,-61],[21,-25],[67,1],[-32,-35],[-300,-203],[36,-18],[38,-45],[66,-2],[35,31],[8,70],[18,39],[50,33],[21,-5],[56,-66],[-4,-43],[-31,-56],[3,-78],[52,-57],[44,4],[34,31],[69,29],[49,-23],[39,-44],[36,-92],[-52,-84],[0,-53],[26,-44],[-4,-102],[-31,-35],[-10,-42],[-9,-49],[34,7],[10,-26],[-23,-41],[12,-77],[-21,-70],[-24,-20],[-15,-146],[28,-9],[-32,-73],[36,-8],[4,-36],[-82,-59],[-4,-43],[-41,-16],[-78,-104],[-17,-68],[21,-54],[-8,-58],[-24,-47],[38,-14],[-8,-53],[34,-60],[-4,-34]],[[58210,84730],[30,61],[-2,59],[25,30],[30,-9],[63,48],[6,64],[26,40],[-11,44],[73,3],[51,-96],[9,-79],[-48,-89],[-17,-52],[20,-11],[30,37],[18,-33],[42,39],[-6,49],[15,48],[-16,34],[38,101],[-1,55],[40,-2],[7,-31],[-15,-47],[51,8],[-3,-26],[32,-101],[21,94],[-20,27],[-7,53],[51,-4],[12,39],[41,36],[24,-1],[22,-98],[-10,-50],[27,-13],[42,41],[44,-10],[47,-103],[-11,-56],[4,-49],[-20,-44],[29,-43],[38,10],[33,88],[33,69],[5,68],[-15,39],[11,33],[98,-80],[12,-26],[-16,-53],[27,-30],[-3,-45],[22,-10],[76,-175],[25,33],[11,84],[-23,102],[16,54],[-27,43],[26,71],[72,14],[48,-15],[-20,-157]],[[59442,84810],[18,-90],[22,-25],[29,-67],[-83,-17],[17,-55],[53,-26],[-6,-83],[15,-47],[43,-18],[-8,-36],[-35,26],[-11,-48],[39,-68],[-71,-42],[-21,-30],[43,-18],[-11,-26],[16,-44],[-42,-9],[9,-30],[37,-7],[-24,-63],[22,-1],[-14,-43],[20,-57],[-21,-34],[-6,-82],[-17,-45],[-58,-90],[-22,-117],[-31,-28],[-14,-83],[-16,2],[-29,-89],[33,-69],[54,-51],[63,-43],[12,-42],[-15,-74],[6,-62],[1,-33],[-26,-58],[10,-14],[-5,-91],[25,-60],[22,-19],[-7,-46],[125,82],[20,-40],[6,-55],[45,0],[11,32],[40,31],[50,-26],[-29,-80],[-73,-20],[-25,-47],[40,-54]],[[59668,82481],[15,-85],[-20,-20],[44,-6],[10,-57],[-5,-41],[-23,-45],[13,-52],[0,-66],[32,-33],[-1,-35],[24,-80],[43,-29],[28,-66],[49,8],[26,19],[59,-66],[-44,-34],[17,-64],[-36,-17],[-18,-52],[28,-66],[-11,-91],[-32,-28],[-10,-35],[-43,-51],[-70,-18],[-18,-58],[-33,-20],[-21,-52],[-74,-69],[-96,-9]],[[59668,82481],[17,28],[68,41],[91,130],[127,231]],[[59971,82911],[75,66],[6,15],[187,-53],[32,8],[20,-69],[19,-23],[-22,-84],[-24,-12],[185,-132],[16,-34],[-13,-83],[-11,-13],[2,-90],[-12,-76],[57,-44],[15,-48],[45,-24],[-25,-41],[-31,4],[-8,-37],[32,-38],[-17,-33],[16,-28],[-37,-65],[-1,-53],[-39,-14],[-20,-92],[15,-42],[-18,-39],[-54,-9],[0,-30],[98,-144],[30,-16],[101,-106],[28,-65],[5,-42],[-24,-36],[-16,-51],[-33,-53],[2,-33],[42,-77],[14,-111],[32,3],[53,81],[-6,57],[11,54],[30,43],[6,40],[-1,122],[-7,80],[8,68],[-23,39],[2,34],[30,37],[315,-514],[216,-351],[3,36],[235,-406],[135,-80]],[[59442,84810],[66,3],[18,51],[37,3],[-12,67],[58,4],[64,29],[89,-33],[-12,-91],[64,-23],[-6,65],[58,-5],[53,-24],[29,-70],[-20,-41],[-24,-14],[-24,20],[-25,-15],[-12,-50],[39,-3],[33,37],[28,3],[53,55],[45,-18],[-24,-51],[6,-86],[17,7],[64,96],[52,47],[31,13],[54,-101],[-21,-17],[32,-101],[15,-91],[-9,-47],[48,40],[-3,115],[24,8],[25,42],[82,48],[43,-6],[22,-46],[-34,-137],[49,-49],[1,-74],[30,-49],[-20,-33],[-32,-5]],[[60493,84283],[-39,-29],[-29,-75],[-31,10],[-14,-38],[25,-80],[-20,-35],[28,-97],[-23,-41],[59,-52],[-24,-89],[19,-53],[-3,-46],[-28,-41],[-51,-44],[-35,-9],[-47,-31],[-23,-51],[9,-57],[-87,-147],[-193,-340],[-11,-8],[-4,-19]],[[60493,84283],[57,-40],[47,98],[3,63],[53,14],[0,100],[26,30],[27,3],[7,52],[63,-33],[-13,-32],[11,-57],[-15,-81],[5,-81],[46,24],[6,-77],[22,14],[41,73],[41,-31],[-3,73],[43,-28],[31,-169],[26,25],[-16,54],[11,69],[25,34],[33,-11],[19,-54],[23,30],[-19,50],[5,27],[41,1],[7,50],[58,-3],[-15,-43],[44,-20],[31,-55],[2,-39],[-35,-58],[-59,-55],[45,-69],[-24,-50],[-79,-40],[-22,-20],[29,-33],[41,26],[43,2],[59,32],[26,-3],[5,-43],[39,-6],[43,115],[1,52],[21,11],[43,-69],[30,39],[-6,25],[23,55],[24,25],[35,3],[44,-43],[50,78],[35,5],[19,-35],[-21,-64],[-38,-25],[-27,16],[-27,-34],[-10,-39],[17,-37],[-30,-46],[33,-39],[0,-61],[-35,-44],[-7,-53],[23,-29],[33,76],[29,-4],[54,27],[4,36],[64,23],[-5,-77],[31,-16],[47,64],[18,9],[29,-53],[4,-77],[-29,-45],[10,-30],[53,90],[-1,46],[22,18],[30,54],[55,73],[23,87],[-6,35],[52,29],[32,1],[51,51],[43,-44],[-4,-77],[-51,8],[16,-52],[-2,-46],[-33,-17],[-7,-37],[12,-61],[20,-40],[1,-57],[-50,-51],[-42,-91],[-33,-51],[21,-60],[23,45],[0,35],[29,60],[81,74],[17,46],[-5,58],[19,65],[31,18],[24,-26],[-7,-94],[-70,-198],[34,11],[14,64],[37,23],[33,56],[105,64],[0,28],[39,8],[3,-37],[-52,-48],[-13,-49],[61,-103],[-31,-60],[0,-60],[-25,-98],[-13,-15]],[[62432,83758],[38,12],[26,-85],[-54,32],[-10,41]],[[61721,84103],[24,-30],[-35,-71],[-57,-40],[9,50],[39,48],[20,43]],[[79174,69758],[33,26],[71,18],[54,3],[-2,49],[54,-3],[21,-60],[10,-29],[14,-114],[78,9],[49,-15],[55,-69],[59,51],[55,33],[58,-24],[-18,-64],[-23,-29],[26,-37],[-10,-20],[-21,-114],[-2,-196],[6,-36],[5,-61],[-27,-74],[-2,-82],[-14,-20],[49,-43],[-49,-90],[-25,-28],[-67,2],[-35,-27],[9,-74],[41,-6],[39,-48],[56,-5],[114,-12],[110,1]],[[79945,68570],[-54,-52],[-26,-59],[-55,-67],[19,-40],[-39,-73],[1,-92],[66,38],[23,-26],[-10,-48],[-50,-8],[-24,-42],[-53,-138],[-18,-7],[-36,-72],[-20,-8],[-8,-51],[-55,-57],[11,-65],[-14,-31],[-41,1],[-7,-29],[-38,-18],[-60,-53],[-55,44],[-49,8],[-3,31],[-49,34]],[[79945,68570],[19,-4],[109,-40],[163,6],[95,-12]],[[80331,68520],[70,-192],[18,-92],[43,-40],[16,-41],[-24,-27],[48,-21],[51,0],[20,53],[-7,24],[32,101],[39,12],[7,26],[75,9],[71,-9],[68,6],[29,-32],[40,13],[-2,-61],[73,-11],[34,-50],[-79,-49],[-35,-184],[-180,-103],[15,-25],[2,-66],[-15,-24],[56,-50],[37,-19],[23,-228]],[[80856,67440],[-69,-27],[-79,-80],[-73,-65],[-58,-63],[-6,-36],[-96,39],[-47,26],[-1,-69],[-10,-24],[-55,-15],[-59,-33],[-3,-3],[-4,-2],[-61,-70],[-82,-37],[-31,0],[11,-70],[-115,-16],[-33,-54],[-61,-76],[-18,-4],[-69,-102]],[[79837,66659],[-3,58],[-33,58],[-40,-4],[-23,43],[-61,-74],[-43,-15],[-18,-44],[-41,1],[-14,24],[-52,6],[-15,-32],[-59,-10],[-14,-40],[-63,-11],[-41,14],[-47,-20],[-31,26],[-35,-20],[-30,36],[-2,37],[-41,50],[0,30],[-84,96],[-23,0],[-28,57],[-42,33],[-22,1]],[[79272,70203],[68,36],[61,-38],[67,59],[39,9],[-68,-81],[12,-71],[39,-18],[34,9],[27,-43],[28,-11],[60,11],[33,-32],[22,-81],[69,-7],[34,-11],[32,-68],[38,0],[19,-47],[72,58],[62,0],[1,-1],[62,-12],[18,-25],[71,-3],[29,19],[33,-73],[29,-6],[50,33],[6,41],[27,20],[29,59],[36,23],[38,-8],[-8,-35],[31,-11]],[[80472,69898],[21,-12],[-19,-124],[84,0],[19,-9]],[[80577,69753],[40,-98],[-27,-57],[17,-57],[-114,-84],[13,-73],[30,-4],[34,-51],[-7,-38],[-96,-15],[10,-119],[18,-21],[2,-49],[35,-65],[-29,-64],[27,-36],[8,-44],[-39,-30],[19,-153]],[[80518,68695],[-42,-28],[-22,-50],[-60,-14],[-25,-26],[7,-32],[-45,-25]],[[80856,67440],[35,42],[43,13],[36,36],[45,21],[40,-26],[103,40],[-16,-24],[8,-50],[-9,-47],[37,-12],[23,-65],[-59,-204],[-51,-39],[1,-25],[33,-78]],[[81125,67022],[-24,-31],[-22,-26],[-6,-37],[-20,-60],[-20,27],[-11,51],[-22,2],[-38,-46],[-69,-3],[-41,-17],[-53,-81],[-50,-37],[-45,-46],[-8,-36],[-36,-28],[-34,-65]],[[80626,66589],[-28,-29],[-32,12],[-35,-16],[-66,75],[-21,4],[-67,-62],[-13,-26],[-1,-58],[23,-37],[-26,-28],[-96,30],[-26,59],[-27,32],[-46,9],[-24,-26],[-105,-78],[-38,-26],[-54,6],[-51,-7],[-27,44],[-11,57],[16,42],[-34,93]],[[80518,68695],[172,-128],[132,-63],[84,-9],[25,8],[96,0],[73,-14],[91,9],[65,16],[20,16],[74,38],[87,-10],[16,10],[154,-17],[-57,80],[14,66],[-31,48],[-8,51],[-19,26],[-25,211],[-53,37],[-12,174],[-54,-3],[-22,23],[129,4],[140,21],[76,6]],[[81685,69295],[173,33],[17,-6],[128,-4],[63,31],[69,-12],[-15,-49],[59,-49],[-12,-77],[27,-47],[5,-78],[46,-35],[94,-4],[90,71],[55,84],[17,-4],[118,39],[72,46],[71,63],[22,5],[36,-37],[13,-48],[-4,-45],[32,-64],[110,67],[168,67],[139,-144],[8,-132],[87,6],[-28,-97],[-28,-55],[-10,-49]],[[83307,68771],[-33,-1],[-206,-248],[0,-126],[19,-9],[92,47],[28,40],[80,-19],[60,33],[-27,-53],[6,-88],[-61,-83],[-70,-97],[-53,13],[-66,-10],[-38,-26],[-33,-2],[-23,21],[-59,5],[-73,-2],[-64,-75],[-21,11],[-38,-38],[-35,2],[44,-156]],[[82736,67910],[7,-84],[-35,-9],[-57,-237]],[[82651,67580],[-32,-10],[-12,39],[-29,25],[-111,30],[-22,30],[-51,8],[-20,57],[-44,38],[-39,9],[-44,43],[-61,1],[-32,0],[-29,-36],[-58,-3],[-32,3],[-65,-90],[18,-30],[-81,-56],[-67,-12],[-36,12],[-36,-11],[-41,8],[-67,-17],[19,-63],[-77,-129],[-14,-66],[-32,-33],[-66,-28],[-85,-48],[-22,-47],[-24,-16],[-42,4],[-15,19],[-46,-31],[-13,-33],[-54,-5],[0,-49],[-24,-28],[-26,2],[-14,-45]],[[80472,69898],[32,17],[-16,57],[50,50],[59,10],[7,45],[28,-8],[29,-41],[37,8],[14,24],[41,31],[25,-1],[2,76],[68,-10],[55,83],[-20,22],[73,107],[36,6],[66,-8],[-14,49],[21,52],[-33,18],[2,37],[44,36],[3,39],[28,34],[74,30],[20,-20],[60,-14],[60,3],[18,24],[50,10],[36,5],[68,48],[20,-24],[46,-3],[9,33],[32,3]],[[81602,70726],[87,0],[54,17],[11,64],[18,20],[117,8],[33,62],[55,-4],[41,49],[90,45],[20,-21],[32,6],[36,70],[55,2],[20,-37],[32,9],[27,-22],[51,-2]],[[82381,70992],[15,-160],[-18,-81],[41,-27],[-39,-71],[-43,-10],[-18,-55],[-73,-20],[-39,-33],[-43,-65],[-5,-73],[-75,5],[-34,-12],[-20,-60],[-73,-41],[-32,-57],[0,-63],[-25,-56],[-17,-26],[1,-49],[33,-43],[-22,-40],[-11,-147],[-9,-24],[-48,-36],[-97,2]],[[81730,69750],[-63,58],[-5,-36],[-30,-6],[-59,-43],[-89,-20],[-103,58],[-55,-14],[-9,-34],[-37,-2],[-53,-3],[-64,-76],[-72,-7],[-10,-35],[-75,-4],[-27,4],[-69,8],[7,83],[-50,10],[-29,35],[-91,1],[-49,30],[-121,-4]],[[81730,69750],[-40,-39],[17,-42],[-12,-105],[13,-32],[-4,-69],[23,-39],[-11,-50],[-31,-79]],[[81986,66122],[73,15],[19,22],[3,67],[46,10],[97,77],[-7,69],[47,6],[7,22],[-17,75],[29,0],[77,41],[28,-24],[42,52],[-12,18],[41,70],[-26,42],[1,31],[-25,49],[-29,35],[-9,35],[-38,48],[-6,42],[31,50],[11,48],[35,58],[59,50],[42,53],[72,43]],[[82577,67226],[-10,-99],[-12,-42],[22,-60],[13,-33],[123,-64],[6,-213],[-6,-2],[28,-85],[114,-205],[298,52],[-12,-82],[57,37],[31,-4],[76,30],[0,28],[38,31],[40,49],[151,-81],[46,-91],[29,-23],[-10,-91],[41,-46],[86,-78]],[[83726,66154],[-19,-61],[-52,19],[-41,-44],[-12,-43],[0,-178],[-58,-37],[15,-57],[23,-2],[19,-46],[-26,-22],[-62,-12],[-58,-42],[15,-38]],[[83470,65591],[-70,-17],[-13,-26],[-58,-8],[-26,-53],[-59,16],[-40,-14],[-15,-25],[-110,-44],[-39,-34],[-37,-13],[-28,-32]],[[82975,65341],[-33,-43],[-54,-19],[-10,-49],[-59,-2],[-29,-14],[-67,33],[-43,60],[-94,12],[3,53],[32,21],[-32,28],[-44,-30],[-50,63],[-8,91],[-33,-9],[-43,17],[-7,30],[28,22],[-17,29],[32,36],[-8,63],[9,32],[-29,60],[-3,34],[22,41],[-3,29],[-24,68],[-34,1],[-40,36],[2,57],[-34,22],[-30,-20],[4,-33],[-99,11],[-31,-9],[-32,17],[-46,-6],[-63,-31],[-26,29],[4,51]],[[82736,67910],[78,-75],[148,-41],[104,-22],[179,-17],[30,26],[38,-12],[44,-21],[80,-12],[-13,69],[-20,26],[82,114],[49,-54],[-9,-56],[23,-8],[66,-140],[33,-22],[14,-13],[-1,-66],[-71,-41],[230,-346],[-156,-139],[26,-137],[93,-92],[-31,-35],[-40,-83],[-86,32],[-17,-60],[20,-38],[5,-46],[54,-26],[42,-66],[34,-25],[-2,-55],[-26,-85],[71,-102]],[[83807,66242],[-35,7],[-44,-14],[-14,-28],[12,-53]],[[82577,67226],[40,1],[32,32],[61,19],[4,1],[32,19],[16,-18],[43,37],[-22,45],[-66,79],[0,46],[22,31],[-27,45],[-61,17]],[[83307,68771],[-11,-65],[46,-71],[57,-38],[21,20],[33,103],[17,22],[72,-6],[39,-14],[76,9],[79,142],[-13,40],[31,47],[37,-3]],[[83791,68957],[55,4],[32,-24],[24,26],[42,-23],[123,-2],[26,-14],[29,16],[56,-17],[13,12],[-1,91],[33,7],[45,-26],[31,67],[21,4],[47,-35],[60,-3],[-5,-92],[204,-246],[51,-6],[78,33],[60,35],[68,61],[119,61],[114,82],[53,44],[28,66],[39,3]],[[85236,69081],[22,-3],[61,-76],[37,-30],[34,-53],[42,-17],[16,-7],[43,-22],[36,-1],[91,-50],[106,9],[52,-49],[14,1],[151,-25],[26,-39],[-22,-18],[16,-71],[37,-29],[50,-74],[25,-56],[59,-5],[14,-85]],[[86146,68381],[-29,-27],[2,-45],[-46,-26],[-21,-39],[-82,-6],[-102,-31],[-20,5],[8,-54],[29,-38],[-20,-25],[39,-52],[46,26],[141,-34]],[[86091,68035],[3,-25],[-30,-23],[3,-41],[-25,-53],[-1,-47],[-62,-70],[49,-152],[16,-65],[9,-14],[-28,-57],[-14,-67],[-38,7],[-35,-30],[3,-30],[-25,-83],[0,-104],[-14,-56],[0,-82],[20,-30],[-11,-44],[-32,-1],[-31,25],[-13,-39],[-51,-52],[74,-51]],[[85858,66851],[-26,-44],[-47,-39],[-64,-10]],[[85721,66758],[-43,22],[-30,-40],[-51,-6],[-24,-35],[-40,-4],[-56,-40],[-58,-16],[-126,-7],[-20,-43],[-38,-58],[-25,-9],[-43,18],[-31,-12],[-37,7],[-72,-32],[-27,-33]],[[85000,66470],[-35,4],[-37,38],[-46,-7],[-29,46],[-71,6],[-59,-14],[-37,7],[-87,-6],[-34,-17],[-20,51],[-22,16],[-67,-54],[-18,-28],[32,-55],[-52,-36],[-87,60],[-78,-3],[-58,9],[-23,-17],[-52,10],[-62,-18],[-13,-29],[-1,-159],[-35,-70],[-34,5],[-42,-26],[-43,11],[-83,48]],[[83791,68957],[32,43],[43,19],[20,103],[-8,61],[-65,52],[-23,6],[-33,61],[25,32],[13,74],[46,143]],[[83841,69551],[17,41],[94,-57],[25,-46],[25,26],[25,-13],[-9,166],[-28,33],[-32,7],[-28,42],[1,25],[-79,51],[-21,5],[-6,56],[-6,69],[60,169],[10,72],[155,-10],[80,175],[72,-41],[42,19],[67,49],[42,-22]],[[84347,70367],[34,-44],[7,-80],[-11,-37],[-33,-40],[-6,-30],[17,-36],[90,-21],[3,-85],[69,10],[68,3],[101,18],[75,-10],[30,23],[1,0],[43,38],[90,-100],[45,-19],[25,-75],[69,-20],[21,12],[47,-22],[204,13]],[[85336,69865],[-34,-149],[-17,-73],[-17,-72],[9,-66],[-31,-161],[-40,-68],[-26,-7],[1,-28],[48,-26],[7,-134]],[[85336,69865],[164,12]],[[85500,69877],[14,1],[72,16],[34,18],[42,0],[57,55],[41,3],[60,-19],[45,-22],[37,6],[42,-60],[37,-20],[88,40],[75,-10],[17,-15],[45,8],[50,-10],[66,-4],[10,-4],[16,-5],[14,-6],[67,-46]],[[86429,69803],[-72,-130],[16,-93],[94,2],[18,23],[29,-34],[-5,-48],[-27,-77],[48,-51],[-1,-95],[-33,12],[-24,-43],[-11,-74],[-49,-17],[30,-4],[19,-44],[56,-13],[9,-24],[-12,-86],[43,-20],[16,-54]],[[86573,68933],[-41,-24],[27,-55],[8,-95],[30,-50],[60,-42],[-34,-36],[-88,-41],[-106,-33],[-25,-88],[-35,-31],[-57,3],[-12,-33],[-67,-45],[-87,18]],[[86091,68035],[53,18],[27,39],[32,6],[6,-93],[20,-17],[-4,-37],[13,-52],[69,39],[97,1],[-20,78],[78,38],[36,37],[22,-15],[43,-77],[39,-130],[-17,-57],[-50,9],[-11,-17],[24,-34],[6,-46],[37,4],[46,-108],[-33,-39],[14,-23]],[[86618,67559],[-65,-55],[-52,-16],[-23,-17],[-22,-5],[-1,-44],[-36,1],[-15,-21],[-73,-31],[-10,-24],[-44,-5],[-11,30],[-85,40],[-62,-28],[-11,-89],[9,-23],[5,-33],[-44,-73],[3,-24],[-35,-98],[40,-3],[-31,-82],[27,-47],[-16,-13]],[[86066,66899],[-13,-25],[-63,-12],[-63,23],[-46,-8],[-23,-26]],[[86573,68933],[42,-9],[34,19],[26,-30],[61,-25],[8,-48],[22,-15],[54,-72],[28,-19],[-4,-55],[54,26],[50,-1],[71,6],[93,9],[49,40],[108,29],[127,48],[20,32],[46,30]],[[87462,68898],[33,-48],[43,-36],[34,-6],[-21,-40],[-9,-54],[37,-71],[-41,-38],[3,-74],[18,-48],[55,73],[21,-22],[-10,-61],[-30,-64],[29,-45],[-7,-69],[25,-27],[12,-72],[44,-20],[8,-19],[-2,-106],[-21,-54],[-3,-60],[15,-102],[-6,-81],[15,-43],[-17,-141],[-20,-195],[17,-32],[-25,-33],[11,-69],[-54,-94]],[[87616,67147],[-44,23],[-31,-22],[-44,30],[-67,-14],[-35,34],[-62,-26],[-20,45],[-35,44],[-11,39],[10,69],[-38,21],[-60,71],[-42,21],[-39,40],[-30,15],[-42,-31],[-39,4],[-86,37],[-41,11],[-42,-25],[-58,43],[-73,16],[-69,-33]],[[87560,68512],[-19,61],[44,26],[-4,-46],[-21,-41]],[[86429,69803],[52,-68]],[[86481,69735],[24,-15],[125,1],[48,26],[53,9],[12,22],[13,8],[34,-75],[27,-5],[47,-22],[55,14],[50,59],[25,57],[-1,7],[38,19],[85,-78],[46,28],[19,30],[82,10],[52,36]],[[87315,69866],[7,-297],[7,-95],[34,-104],[36,-19],[-2,-83],[6,-49],[-22,-35],[4,-44],[41,9],[11,-131],[25,-120]],[[73018,64177],[48,-2],[43,26],[39,41],[28,55],[76,-4],[45,37],[43,8],[17,29],[-2,59],[20,46],[44,-1],[31,38],[29,76],[6,37],[75,-9],[57,63],[19,84],[12,19],[43,-13],[21,74],[20,43],[71,28],[17,53],[47,5],[65,-80],[51,-43],[55,60],[-12,55],[40,38],[-4,78],[43,-3],[24,-34],[7,-23],[47,-4],[41,52],[-8,60],[11,44],[56,1],[30,55]],[[74313,65225],[35,-12],[17,-59],[88,-64],[31,10],[98,-81],[31,-5],[54,33],[72,1],[36,12],[69,-38],[30,29],[75,-9],[41,21],[48,-2],[25,-21],[20,-50],[30,-36],[29,4],[62,-32],[0,-17],[45,-58],[17,-59],[-8,-88],[13,-18],[23,-23],[81,12],[12,29],[59,-20],[35,34],[31,-38],[69,19],[36,-23],[12,63],[-13,70],[35,102],[22,-4],[46,54],[23,44],[15,61],[57,32]],[[75814,65098],[30,-3],[29,-57],[87,18],[47,-24],[25,45],[106,-54],[53,33],[99,-22],[77,59],[23,37],[38,15],[58,-1],[82,-29],[22,-30],[33,13],[6,-60],[45,-27],[50,-85],[50,-62],[16,-44],[-5,121],[10,60],[-32,39],[11,60],[247,251],[64,-225],[-6,-33],[-30,-34],[-5,-59],[8,-36],[-23,-36],[41,-107],[-7,-17],[82,-131],[82,-52],[2,-150]],[[77585,67155],[-231,-249],[-62,-43],[-11,16],[-82,-41],[-43,-74],[18,-75],[-68,-38],[-43,-1],[-39,15],[-17,-49],[-33,-26],[-2,-25],[41,-28],[-3,-118],[29,-45],[-28,-53],[-423,-107],[-203,-296],[-194,-281],[0,-69],[25,-69],[29,-6],[2,-69],[-79,-4],[-51,9],[-20,33],[-45,32],[-8,60],[-54,11],[-49,-16],[-39,12],[-19,38],[-60,-10],[-53,7],[-55,-18],[-55,-46],[-27,70],[-12,-116],[-13,-152],[254,-208],[-48,-28]],[[74313,65225],[-7,116],[41,23],[44,11],[17,30],[58,8],[24,58],[73,70],[3,35],[47,9],[28,48],[63,-27],[34,28],[-4,39],[-28,51],[11,59],[37,92],[15,37],[70,169],[2,15],[-3,28],[-2,28],[17,205],[-29,88],[-39,35],[-171,56],[-42,31],[-22,34],[-11,78],[22,92],[47,121],[9,63],[-3,55],[-76,106],[-39,67],[-39,104]],[[74460,67287],[1,53],[27,43],[92,20],[18,39],[232,104]],[[78379,66389],[31,-123],[24,-17],[17,-45],[42,-30],[8,-71],[39,-21],[28,-118],[-10,-107],[-63,-89],[-47,-51],[-13,-47],[70,-87],[55,-29],[26,1],[6,-48],[-28,-54],[64,-40],[46,11],[36,-13],[-6,-49],[-76,-105],[-15,-2],[-120,-112],[51,-44],[4,-52],[24,-29],[13,-76],[45,-43],[15,-51],[-13,-56],[35,-23],[9,-74],[69,-22],[49,-74],[44,-83],[30,2],[62,-25],[111,-31],[34,-44],[49,-19],[1,-1],[-4,-41],[17,-76],[-12,-39],[-29,-35],[-25,-84],[-20,-114],[-5,-86],[14,-59],[-10,-176],[-26,-30],[-45,-22]],[[80626,66589],[29,-10],[96,-11],[51,-17],[73,-56],[36,-50],[190,-127],[121,-287]],[[81222,66031],[-29,-51],[-47,-29],[-64,-20],[-29,14],[-38,-36],[-25,-48],[-12,-75],[-24,-4],[28,-295],[-6,-35],[-36,-48],[-57,-44],[-20,-57],[12,-21],[-28,-53],[15,-70],[-13,-54],[-80,-122],[50,-37],[63,22],[21,27],[48,13],[26,26],[36,-27],[-16,-34],[10,-43],[-146,-465],[-177,-58],[-43,-43],[-3,-45],[-50,-14],[-41,27],[-70,-14],[40,-62],[3,-733],[26,-87],[31,-46],[51,41],[54,1],[92,88],[21,34],[40,-23],[45,54],[41,15]],[[81222,66031],[48,40],[24,72],[42,41],[13,47],[41,26],[62,56],[8,-43],[37,-27],[4,-38],[35,-20],[-7,-52],[-52,-43],[6,-51],[31,-27],[45,32],[21,19],[129,15],[11,60],[31,-24],[67,29],[50,-44],[89,0],[29,23]],[[82975,65341],[-3,-109],[-79,-199],[-8,-59],[49,-77],[57,-34],[42,9],[6,-49],[45,7],[21,33],[65,56],[-6,-210],[101,-165],[-10,-31],[10,-72],[53,7],[58,-14],[-2,-58],[11,-47],[78,-56]],[[83463,64273],[-27,-138],[-179,-23],[36,-43],[-30,-44],[-32,-2],[-11,-55],[-48,-34],[4,-89],[22,-29],[47,-26],[-22,-30],[-151,-47],[-2,1],[-68,-23],[-12,-31],[-90,30],[-28,-10],[-45,16],[-42,-4],[-30,-26],[-90,-36],[-23,-41],[-38,-16],[-31,-55],[-26,-16],[-37,-102],[-88,-110],[-16,-50],[4,-172],[-21,-74],[-34,-80],[-29,-39]],[[83463,64273],[35,32],[-29,63],[58,99],[107,94],[-6,-32],[29,-62],[35,-16],[44,-89],[57,32],[20,-92],[71,-54],[33,-62],[44,34],[9,56],[34,28],[147,59],[114,52]],[[84265,64415],[130,134],[-43,-177],[55,18],[45,-79],[119,-147],[18,2],[12,120],[128,-129],[108,-14],[1,-128],[44,40],[64,-55],[93,-11],[44,48],[0,29]],[[85083,64066],[24,-159],[1,-130],[10,-74]],[[83470,65591],[16,-54],[31,-9],[45,-73],[89,-9],[56,17],[75,-11],[51,71],[29,62],[47,64],[105,-33],[161,-159],[40,-29],[51,141],[140,8],[66,-19],[-19,-63],[19,-39],[72,-44],[31,-27],[19,-51],[-95,-71],[9,-67],[20,-21],[-9,-37],[21,-50],[-29,-52],[-23,-75],[35,-40],[-2,-80],[-15,-14],[-251,151],[8,34],[-64,-19],[12,-94],[79,-160],[31,-111],[-28,-44],[-19,-57],[2,-64],[-11,-48]],[[85000,66470],[-48,-34],[18,-30],[15,-101],[-7,-50],[-40,-47],[-45,-110],[6,-44],[82,-32],[14,29],[106,-36],[37,-15],[28,8],[30,-30],[27,-3],[56,41],[68,-9],[11,24],[81,12],[5,15],[66,9],[39,-13],[38,24],[89,22],[29,-5],[44,33],[32,5]],[[85781,66133],[100,-177],[-56,-36],[-12,-38],[-41,-21],[17,-58],[2,-83],[43,3],[105,65],[163,54],[108,-93]],[[86210,65749],[-34,-77],[87,-7],[-23,-110],[42,13],[-16,-58],[-42,-21],[60,-57],[-32,-62],[10,-27]],[[86262,65343],[-61,-22],[-43,-48],[-15,-56],[-82,1],[1,-36],[-65,-37],[22,-24],[-3,-32],[-33,-62],[-63,-68],[35,-67],[32,-54],[35,-8],[2,-46],[20,-30]],[[86044,64754],[-28,-11],[-83,-63],[-3,-16],[-60,-31],[-54,-70],[-30,42],[-103,-17],[-6,-59],[21,-41],[-5,-29],[-45,44],[-29,-31],[-41,7],[-63,-26],[-61,13],[-30,25],[15,85],[-17,6],[-15,68],[-42,-8],[-35,-33],[38,-102],[-23,-23],[18,-35],[2,-55],[37,-13],[34,-51],[-4,-65],[-20,-27],[-4,-65],[-54,-18],[-2,-49],[-26,-33],[-24,-17],[-110,17],[-15,-36],[-33,13],[-57,56],[-4,-40]],[[85721,66758],[33,-94],[60,-54],[-69,4],[-2,-49],[-80,-26],[-9,-16],[7,-101],[45,-41],[5,-54],[-14,-72],[24,-34],[67,-60],[-7,-28]],[[86044,64754],[28,-33],[-1,-26],[55,19],[28,-21],[-6,-28],[26,-28],[17,-46],[19,85],[74,10],[-5,-71],[84,-53],[23,42],[20,-24],[40,23],[52,-91],[79,-60],[28,-41],[48,-37]],[[86653,64374],[-99,6],[-33,-17],[-55,-66],[-23,-74],[39,-52],[-2,-39],[4,-60],[35,-118],[-97,-33],[-32,-30],[-33,0],[-27,-48]],[[86066,66899],[34,-28],[83,-54],[48,31],[-2,-62],[78,-82],[14,-49]],[[86321,66655],[-49,-22],[41,-103],[23,34],[5,-124],[32,-70],[43,-21],[1,-28],[33,-51],[70,-105],[44,-26]],[[86564,66139],[-186,-158],[-156,37],[-19,-108],[59,-22],[21,-106],[-28,-34],[-45,1]],[[86262,65343],[32,-9],[23,-31],[27,29],[57,-31],[24,-77],[16,-4],[44,15],[88,-34],[70,30],[-16,28],[25,109]],[[86652,65368],[0,-33],[26,-32],[33,-10],[1,-52],[62,12],[44,-16],[87,37],[7,-52],[19,-26],[-31,-28],[-37,-88],[-50,-6],[0,-49],[-101,-105],[18,-45],[61,-113]],[[86791,64762],[-81,10],[-75,-7],[0,-25],[10,-107],[-28,-80],[28,-90],[8,-89]],[[87616,67147],[-13,-14],[35,-112],[34,-50],[1,-28],[-37,-70],[-11,-53],[-36,-32]],[[87589,66788],[-40,-64],[-65,16],[-8,58],[-58,-18],[-34,-34],[-54,-9],[-22,-53],[-25,-16],[-36,11],[-103,-34],[-119,75]],[[87025,66720],[24,87],[-10,14],[-60,12],[-7,4],[-32,-33],[-48,-26],[-23,-44],[-38,55],[-60,17],[-66,-39],[-41,54],[-82,-91],[-58,21],[-76,-17],[-31,36],[-33,-72],[-58,-26],[-5,-17]],[[86564,66139],[8,12],[103,-24]],[[86675,66127],[55,-25],[106,-48],[36,-8],[-7,-25],[-35,-9],[-43,-52],[-43,-23],[43,-45],[20,-106],[-46,-112],[-21,-21],[10,-140],[13,-4],[-57,-37],[-31,-1],[-23,-103]],[[87025,66720],[-3,-20],[-27,-46],[3,-21],[-67,-116],[-13,-83],[-179,14],[10,-178],[-44,6],[-28,-70],[-2,-79]],[[86791,64762],[78,2],[56,-35],[1,-22],[37,-35],[108,-38],[-7,-70],[22,-20],[18,-92],[37,-15]],[[87141,64437],[-55,-127],[4,-43],[-37,-49],[15,-50],[-26,-48],[10,-44],[-43,-55],[5,-43],[-30,-36],[-35,-71],[4,-92],[-50,-130]],[[87589,66788],[32,-31],[2,-67],[18,-43],[-33,-124],[3,-46],[-25,-16],[15,-72],[18,-76],[15,-22],[14,-107],[-20,-88],[-19,-79],[-1,-43],[-60,-86],[9,-12],[-59,-163],[-16,-26],[-41,-114],[-14,-57],[4,-59],[-18,-43],[1,-27],[-41,-69],[-18,-90],[25,-15],[-27,-88],[21,-15],[-42,-58],[20,-25],[-70,-187],[-1,-25],[-30,-56],[-9,-40],[10,-31],[-16,-32],[10,-49],[-14,-38],[-55,-48],[-36,-84]],[[93028,76590],[-25,-18],[-67,15],[29,35],[89,37],[17,-32],[-43,-37]],[[63251,60468],[-26,-44],[17,-80],[-15,-65],[-22,-29],[-112,-71],[-110,22],[-78,51],[-53,-11],[-100,-39]],[[63289,64994],[30,-60],[24,8],[32,-38],[40,-100],[31,-29],[-5,-24],[35,-32],[107,-3],[33,-33],[59,-22],[57,-40],[11,-34],[51,-23],[26,3],[45,-40],[96,-159],[44,-55],[11,-73],[-30,-81],[-7,-62],[14,-33],[-15,-116],[16,-70],[-7,-70],[-17,-48],[-50,-32],[-110,-144],[-24,-65],[-44,-30],[-5,-54],[-21,-38],[-60,-68],[-35,-4],[-11,-29],[21,-66],[26,-20],[31,-52],[-14,-92],[51,-79],[447,-182]],[[64172,62805],[441,-225],[664,-338],[330,-232],[9,-22],[86,48],[38,3],[6,-30],[-30,-63],[-7,-90],[-24,-26],[27,-51],[7,-64],[-3,-68],[-26,-36],[35,-42],[-27,-26],[-1,-60],[13,-21],[60,1],[80,42],[79,11],[15,18],[78,18],[32,17],[25,39],[44,28],[65,-47],[90,-6],[49,-25],[98,27],[261,153],[324,188],[575,329]],[[66483,68435],[34,-3],[32,-27],[58,-75],[37,-3],[39,-27],[29,-50],[62,6],[191,-202],[-61,-62],[43,-128],[-252,-382],[-4,9],[115,-307],[25,86],[195,197],[456,181],[108,-33],[205,99],[66,-277],[-173,-208],[-30,-148],[116,-180],[-9,-35],[-41,-29],[-65,-115],[-26,-24]],[[67633,66698],[-22,-47],[-49,-56],[18,-65],[-15,-35],[32,-54],[-14,-146],[-17,-89],[20,-52],[-10,-41],[-2,-78],[-16,-72],[13,-41],[-24,-90],[17,-17]],[[67564,65815],[-28,-44],[7,-41],[-21,-101],[2,-47],[-12,-45],[12,-43],[-14,-86],[14,-23],[-19,-45],[22,-62],[-36,-27],[5,-68],[-118,3],[-90,-189],[-211,-40],[-104,56],[-105,30],[-619,9],[-56,-246],[-970,505],[-5,-115],[47,-56],[21,-126],[-31,-117],[-44,-179],[-68,-104],[8,-70],[-8,-75],[-15,-31],[-6,-109],[8,-76],[-7,-168],[-40,-110],[-2,-50],[-21,-35],[-19,-64],[-36,-28],[-20,-38],[-28,-12],[-15,-65],[-51,-76],[-92,-79],[-65,-31],[-32,-48],[-22,-12],[-48,-54],[-53,-40],[-78,-102],[-37,-32],[-35,-94],[-28,-41],[-70,-63],[-41,-91],[-118,-115]],[[67564,65815],[16,2],[123,60],[22,-290],[250,20],[59,37],[32,-58],[118,25],[-7,-51],[-130,-226],[-113,-20],[-119,-859],[-41,-303]],[[67774,64152],[-203,-248],[-171,-524],[-196,-399],[194,-357],[196,-357]],[[69537,69452],[128,-34],[34,-111],[113,471],[309,43],[134,37],[24,-74],[510,3],[12,29],[88,-1],[1,-17]],[[70890,69798],[-106,-37],[-36,-324],[-200,-21],[-19,-27],[-138,-83],[-146,-150],[-58,-86],[119,-211],[-69,-225],[-54,-75],[67,3],[391,75],[9,-142],[0,-84],[22,-105],[-11,-120],[17,-69],[210,-137],[-113,-498],[92,-42],[17,7],[-16,-64],[-62,-61],[-50,-94],[-31,-35],[-52,-14],[-30,30],[-64,-28],[-90,24],[12,-88],[-4,-146],[9,-41],[91,-285]],[[70597,66645],[-81,-246],[-69,-13],[-172,423]],[[70275,66809],[7,247],[-218,-19]],[[70064,67037],[-8,311],[-260,214],[-57,-122],[43,-327],[-128,-147],[-56,-3],[-347,-305],[-87,118],[-15,56],[-244,146],[-201,-208],[-22,105],[-159,-120],[-314,56],[-123,-418],[28,-103],[-481,408]],[[67774,64152],[-5,-37],[531,4],[477,5],[-16,-48],[412,17],[129,35],[82,21],[322,66],[250,8]],[[69956,64223],[-15,-285],[290,184],[288,184],[367,-14],[125,236],[216,-51],[74,61],[32,-41],[74,25],[31,-23],[26,-41],[29,30],[35,-1],[31,-38],[36,1],[57,-89],[87,-23],[21,-30],[26,8],[22,-41],[44,-8],[85,-77],[18,23],[58,9],[57,-60],[41,-17],[8,-31],[51,-2],[38,-14],[33,23],[16,-55],[30,11],[19,-26],[39,13],[101,-67],[-2,-21],[65,-18],[86,33],[27,-24],[47,-4],[-2,-32],[38,-8],[22,58],[38,16],[36,54],[58,-1],[40,-44]],[[70064,67037],[-2,-82],[-53,-51],[-54,25],[-4,-54],[-67,-133],[159,-201],[-38,-479],[102,-155],[168,-250],[-15,-107],[8,-104],[28,7],[55,-38],[38,-1],[-30,-57],[23,-63],[1,-45],[-89,-35],[-72,1],[-31,-214],[-39,-136],[-20,-43],[-29,-152],[-43,-93],[-69,-211],[-35,-143]],[[69333,72289],[41,-42],[71,-23],[30,-50],[61,-101],[-129,-6],[42,-62],[-23,-54],[-27,-23],[92,-40],[18,-1],[143,-4],[116,31],[173,42],[-1,27],[287,-159],[7,32],[85,-45],[44,70],[31,3],[11,41],[70,51],[13,41],[43,-7],[55,31],[60,13],[47,27],[32,53],[53,17],[21,-43],[-15,-45],[110,-31],[7,-26],[48,-10],[29,29],[65,-62],[27,-6],[2,0],[41,19],[17,29],[61,12],[43,-9]],[[71234,72008],[59,-43],[43,-20],[26,-63],[-19,-79],[3,-28]],[[71346,71775],[26,-88],[71,-28],[18,-35],[-34,-87],[39,-35],[25,-125],[63,-16],[50,-59],[30,30],[24,-53],[-5,-81],[7,-84],[-3,-98],[-60,-5],[0,-19],[-151,-11],[54,-155],[-43,-1],[31,-111],[-16,-67],[60,-63],[-13,-84],[-41,-113],[57,-1],[-20,-37],[-67,-222],[-95,-15],[-97,-127],[-1,-24],[-108,-31],[10,-47],[47,-79],[23,-55],[-4,-132],[15,-80],[-7,-49],[24,-20]],[[71255,69468],[-82,-12],[-51,58],[-155,68],[-68,21],[-9,195]],[[69813,76293],[-2,-10],[96,-179],[46,-40],[41,-52],[52,-16],[62,45],[27,-136],[69,-275],[152,-274],[-21,-56],[25,11],[162,-184],[65,-16],[54,-71],[-33,-24],[312,-188]],[[70920,74828],[-89,-312],[-78,-408],[129,-273],[362,-324],[-35,-5],[-3,-27],[-32,-46],[-16,-80],[369,-97],[95,-26],[156,-37],[248,-19],[6,-321],[-87,-47],[-32,1],[-22,-54],[-43,-5],[-19,-39],[-28,5],[-53,-14],[-28,-20],[-14,-46],[3,-19],[-33,-73],[7,-30],[-34,-23],[-65,-113],[0,-36],[-73,-88],[-50,-9],[-85,-56],[-64,-51],[-41,-37],[-5,-67],[-32,-24]],[[70053,77016],[61,-65],[145,-92],[96,-117],[24,-40],[106,-134],[77,-28],[93,-42],[34,2],[24,-226],[57,30],[71,-29],[48,-31],[39,51],[35,0],[5,57],[21,43],[45,28],[32,-107],[-16,-36],[6,-32],[-55,-28],[-15,-26],[17,-78],[9,-79],[-21,-24],[10,-86],[17,-18],[-31,-86],[54,-15],[17,-72],[-12,-20],[16,-62],[41,23],[47,8],[23,-11],[105,6],[44,25],[91,9],[42,31],[11,32],[123,-70],[1,-95]],[[71590,75612],[-9,-71],[0,-183],[-60,-26],[-116,-51],[46,-75],[-5,-78]],[[71446,75128],[-201,-124],[-224,-136],[-60,-35],[-41,-5]],[[70275,66809],[-68,-70],[43,-281],[33,-115],[53,-10],[35,-75],[-61,11],[44,-150],[57,-337],[115,28],[1,1],[111,178],[40,21],[243,190],[40,-120],[173,224],[234,-186],[88,-63],[68,-56],[62,-4],[561,-62],[32,-175],[2,-14],[99,-509],[338,-141]],[[72618,65094],[-27,-24],[26,-27],[18,-47],[59,-17],[9,-41],[-34,-53],[38,-65],[-11,-219],[9,-66],[-55,-406],[33,-40],[22,1],[45,35],[106,145],[25,-15],[33,-59],[53,-18]],[[71302,77917],[137,-127],[-33,-41],[-29,-61],[12,-36],[82,-3],[11,-58],[-20,-46],[73,-36],[66,3],[38,-9],[1,-37],[136,-17],[-2,-61],[-43,-47],[12,-35],[-22,-33],[-3,-98],[31,-11],[4,-98]],[[71753,77066],[-86,-4],[-24,-28],[-15,-110],[11,-74],[-13,-56],[183,-33],[-10,-231],[-17,-138],[141,-85],[-18,-175],[-117,0],[-27,-51],[-33,-19],[84,-42],[-79,-285],[25,33],[5,-100],[-31,-7],[-48,13],[-55,-65],[-39,3]],[[71255,69468],[182,12],[49,27],[100,27],[158,-70],[13,-6],[-25,-60],[37,-180],[0,-230],[88,-72],[145,-210],[9,28]],[[72011,68734],[25,-150],[37,61],[110,-136],[-105,-51],[-83,-75],[-101,55],[-84,-18],[-45,-28],[42,-158],[-45,-155],[-60,-95],[-132,-69],[30,-44],[88,-147],[164,102],[109,-155],[25,-35],[-4,-6],[118,-164],[128,-178],[-45,-96]],[[72183,67192],[-224,4],[-66,-17],[-396,-103],[-399,-120],[-7,-17],[-178,6],[246,-244],[-372,-4],[-88,-72],[-71,-16],[-31,36]],[[72183,67192],[58,-356],[-144,-187],[54,-111],[152,-113],[54,20],[191,181],[138,34]],[[72686,66660],[277,-125],[-48,-243],[-303,-128],[128,-146],[-4,-37],[-15,-40],[3,-39],[24,-41],[36,-16],[18,-41],[-20,-67],[75,-36],[-62,-22],[-47,-82],[-96,-140],[30,-65],[298,-1],[3,-33],[-72,-58],[-28,-50],[-66,-18],[-17,-37],[-46,-15],[-77,-62],[-42,2],[-17,-26]],[[74026,71000],[3,-4],[-789,-164],[-160,-58],[27,-66],[-100,-48],[-11,78],[-108,47],[-208,-54],[21,94],[-214,55],[-99,48],[-86,103],[33,167],[17,81],[-133,369],[-24,10],[-115,-42],[-42,1],[-36,-30],[-31,8],[-38,-17],[-83,2],[-40,39],[-119,-6],[-60,26],[-6,51],[-58,39],[-33,-20],[-66,42],[-55,16],[-16,-11],[-51,19]],[[71446,75128],[25,-48],[-17,-29],[3,-153],[86,1],[43,15],[83,-1],[276,-198],[-91,-195],[134,-42],[94,-3],[66,-36],[225,-315],[98,-140],[389,161],[36,1],[263,6],[106,136]],[[74289,69831],[-241,-248],[-392,-405],[-152,53],[24,205],[-134,-22],[-13,-53],[-179,10],[-45,0],[-102,113],[-51,223],[-173,58],[-78,-43],[-53,-77],[67,-165],[47,-77],[28,-62],[-62,-129],[-175,11],[-143,-244],[-23,-116],[-8,-57],[-32,1],[-146,-37],[-6,36],[-128,-31],[-8,-21],[-106,1],[6,-21]],[[73235,76861],[-39,-32],[-77,79],[-49,123],[-240,-206],[-29,133],[57,27],[-33,110],[-102,5],[68,96],[-124,33],[-14,23],[-286,-90],[-64,-63],[-152,-20],[-2,221],[-59,35],[-48,-132],[-161,-248],[-128,111]],[[71998,79470],[65,-78],[77,-82],[65,-24],[84,-84],[56,-41],[8,-19],[50,-49],[58,-35],[58,-18],[50,23],[57,-29],[52,-4],[65,37],[80,-22],[17,-17],[85,20],[56,-34],[81,-26],[36,16]],[[74460,67287],[-87,3],[-166,85],[-1,9],[-113,-2],[-22,-7],[-48,-76],[-61,-21],[-11,-27],[-51,-23],[-52,-40],[-17,30],[29,-96],[38,-46],[21,-45],[-100,-58],[-132,-85],[-270,76],[50,88],[-177,75],[-19,-161],[-40,-21],[-26,64],[5,38],[-47,24],[-17,97],[-50,-4],[-36,37],[-46,5],[-34,23],[-53,-87],[16,-8],[-112,-135],[-95,-211],[-50,-128]],[[43704,22327],[59,20],[29,-17],[43,10],[11,11],[90,-6],[25,11],[44,-35],[40,15],[17,38],[302,8]],[[44364,22382],[-9,-33],[-58,-211],[210,5],[2,-142],[1,-26],[174,3],[23,1],[6,-404],[35,-78],[38,-44],[40,-26],[21,-95],[-11,-45],[27,-43],[40,5],[10,-42],[29,-41],[-17,-23],[36,-46],[2,-45],[-16,-32],[-3,-60],[-25,-26]],[[44919,20934],[-53,29],[-55,-36],[-59,-2]],[[44752,20925],[-55,55],[-31,-8],[-26,-41],[-43,15],[-19,39],[-32,0],[-14,-56],[1,-57],[-31,-25],[-42,93],[0,63],[39,56],[25,62],[-22,38],[-25,-8],[-68,-58],[-38,-52],[-58,15],[-43,-15],[-5,-29],[63,-35],[15,-38],[-61,-2],[-51,44],[-31,-16],[9,-36],[-37,-32],[-31,35],[-30,62],[-39,3],[-75,-36],[-32,-85],[-37,1],[-25,27],[-35,-11],[-4,-61],[-23,-44],[-61,-48],[5,-67],[-34,-17],[-21,83],[-45,56],[-62,54],[-64,-32],[-29,27],[4,54],[-46,24],[-85,-13],[-1,143],[-13,38],[-2,95],[-37,39],[-4,40],[36,32],[35,112],[51,77],[51,47],[53,87],[39,42],[22,60],[21,109],[24,53],[16,46],[34,53],[41,37],[-7,71],[-57,71],[-1,166]],[[44354,24992],[158,-66],[95,-30],[48,41],[38,14],[42,75],[58,10],[14,-52],[-4,-55],[-28,-82],[-20,-25],[-6,-101],[9,-59],[28,-8],[38,27],[38,-2],[70,-43],[-32,-52],[44,-48],[58,-6],[45,-30],[53,60],[46,-44],[33,39],[77,25],[55,24],[13,-40],[-27,-42],[86,9],[37,-59],[58,-17],[37,-30],[18,-49],[63,-20],[49,15],[42,-17],[34,-31],[29,43],[25,-10],[101,45],[17,30],[29,-8],[97,-52],[145,-21],[54,55],[-5,28],[38,48],[48,7],[3,31],[38,0],[24,49],[20,-21],[48,16]],[[46432,24563],[-14,-50],[-40,-82],[15,-37],[-26,-11],[-20,-40],[2,-59],[-26,-63],[23,-32],[8,-65]],[[46354,24124],[53,-145],[-18,-30],[25,-34],[-93,-4],[-65,-24],[17,-40],[-22,-18],[2,-80],[-70,-35],[20,-51],[-19,-66],[-209,11],[9,-72],[25,-21],[-21,-96],[23,-47],[0,-39],[11,-66],[-29,5],[-26,-49],[15,-43],[-21,-24],[7,-35],[-21,-37],[-160,1],[-19,-9],[0,-35],[-46,-45],[30,-155],[-27,17],[-41,74],[-76,1],[-52,40],[-59,3],[-24,-19],[-35,34],[-62,-12],[53,-81],[-9,-24],[36,-28],[41,-74],[38,4],[36,-18],[-24,-27],[-2,-134],[-65,-21],[-42,6],[22,-47],[-77,-52],[-31,20],[-22,-75],[-102,76],[-25,-18],[-49,1],[-91,13],[-25,-41],[-35,-23],[-39,32],[-11,36],[-46,59],[33,18],[-20,61],[-97,3],[7,31],[-97,-14],[-26,25],[-75,20],[-47,47],[-21,7],[-46,-23],[-26,36],[-41,-15],[-38,29],[-47,-22],[-24,21],[-31,-25],[-46,3],[-25,-78],[33,-26],[9,-58],[25,-41],[35,-18],[65,-76],[-30,-36],[-13,-50]],[[43704,22327],[37,125],[2,106],[23,48],[36,121],[14,104],[42,147],[19,43],[54,64],[19,76],[25,55]],[[43975,23216],[54,-18],[80,-50],[61,-12],[32,-34],[1,-50],[159,2],[155,1],[1,-16],[72,-5],[62,34],[14,24],[-13,36],[15,53],[-2,53],[-27,27],[27,50],[54,-9],[54,-6],[51,44],[-5,37],[31,50],[24,13],[41,75],[-10,26],[-56,41],[-43,58],[37,21],[-22,30],[48,-19],[50,3],[53,-37],[51,14],[31,23],[-17,93],[-41,24],[-30,-5],[-26,32],[34,65],[-23,34],[5,84],[-18,40],[-132,0],[-2,-51],[-344,0],[-54,-5],[-16,43],[-43,-7],[-102,-5],[-43,-19],[-37,5],[-26,32]],[[44140,24035],[13,56],[-37,144],[-34,47],[-76,76],[2,82],[-16,80],[-27,52],[-4,57],[16,47],[69,62],[46,75],[21,17]],[[43975,23216],[28,80],[2,57],[16,123],[-7,49],[-34,106],[-2,76],[31,108],[59,81],[28,41],[44,98]],[[46354,24124],[48,4],[14,19],[39,-58],[44,25],[29,-8],[10,-36],[57,-13],[18,-79],[16,-58],[-38,-50],[17,-31],[-4,-106],[-36,-77],[37,-28],[46,-9],[30,-58],[49,-31],[25,-8],[5,-102],[18,4],[97,-2],[-7,-41],[-35,-60],[37,2],[9,24],[47,-5],[-26,-37],[20,-27],[58,-15],[38,10],[-11,-48],[74,11],[-28,-52],[4,-41],[30,-8],[15,42],[63,-24],[-13,-36],[-1,-80],[27,-4],[69,31],[37,-18],[5,-41],[-21,-39],[41,-12],[40,-54],[49,14],[19,28],[48,-2],[-40,-88],[8,-30],[67,1],[-8,-51],[45,-25],[12,40],[54,5],[5,-33],[65,-19],[-18,-43],[73,1],[-47,-94],[61,4]],[[47740,22608],[75,-83],[-3,38],[28,27],[30,-8],[12,-64]],[[47882,22518],[-26,3],[-39,-55],[14,-10],[19,-69],[-8,-58],[-39,-24],[-54,-52],[-16,-29],[3,-66],[-18,-38],[-8,-67],[-50,-47],[39,-18],[34,-42],[-51,-60],[-44,-16],[-45,13],[-33,-35],[-40,-1],[-46,-28],[-5,-28],[-121,-10],[-28,-15],[7,-40],[-63,2],[-17,-32],[-75,49],[-15,-34],[-55,-18],[-17,-26],[-46,-24],[-37,14],[-45,-86],[-60,13],[-70,-64],[-42,1],[-27,-65],[-47,-64],[12,-34],[-12,-126],[-41,-13],[13,-44],[-54,-20],[19,-44]],[[46648,21111],[-34,12],[-67,-17],[-28,-32],[14,-90],[-29,-27],[-67,-2],[-54,-44],[-20,15],[6,67],[-26,40],[-82,-18],[-27,31],[47,74],[8,47],[-45,38],[-44,-7],[-21,-27],[32,-60],[-31,-55],[-39,9],[-40,69],[-111,0],[-38,-74],[-54,5],[-33,-12],[-14,-35]],[[45851,21018],[-99,18],[-9,79],[-52,-1],[-18,-34],[13,-77],[-21,-22],[-48,7],[-44,73],[-68,55],[-61,18],[-27,-62],[-48,-33],[-5,-26],[30,-74],[-48,-14],[-72,85],[-47,-24],[-4,-87],[-37,-27],[-30,10],[-17,34],[45,83],[-21,44],[-123,-76],[-60,-57],[-28,-8],[-33,32]],[[45370,26826],[32,-30],[117,24],[42,49],[-11,70],[18,53],[24,20],[75,-39],[55,26],[42,71],[51,-24],[9,-29],[79,-48],[86,70],[63,21],[52,-29],[-18,-40],[-67,-27],[5,-33],[43,-22],[53,26],[71,19],[32,-22],[30,10],[-17,49],[22,49],[67,-7],[20,-31],[75,-50],[62,-26],[36,7],[1,24],[-49,22],[-3,41],[47,33],[-12,-33],[65,-26],[54,12],[52,-11],[6,-59],[78,-9],[115,44],[-22,84],[60,-3]],[[46910,27052],[-16,-48],[51,-47],[28,-10],[96,20],[53,46],[22,-40],[-19,-37],[-11,-56]],[[47114,26880],[13,-88],[29,-82],[83,-18],[37,-82],[7,-53],[32,-101],[-105,4],[5,-68],[-35,-10],[-42,-55],[-27,-11],[-4,-129],[-50,-19],[-54,-1],[-32,66],[-3,36],[-51,63],[-36,-43],[-15,-56],[-3,-82],[20,-80],[34,-41],[15,-45],[-8,-169],[47,-77],[64,-3],[28,-87],[-21,-41],[34,-48],[-16,-21],[-65,-71],[-27,-67],[-32,-14],[-27,-44],[71,-122],[70,-141]],[[47050,25080],[-48,-28],[-39,58],[-72,18],[-37,22],[-73,3],[-52,20],[-26,-198],[-28,-249],[-14,-128],[-147,42],[-30,-44],[-52,-33]],[[45851,21018],[9,-16],[-21,-62],[33,-36],[2,-49],[23,-70],[96,32],[40,-21],[-25,-51],[66,3],[-12,-45],[37,-50],[-2,-23],[52,-27],[-16,-46],[8,-45],[24,-16],[18,-72],[-55,-57],[-3,-34],[23,-52],[-15,-42],[39,-22],[3,-39],[106,4],[38,63],[20,-35],[97,43],[8,51],[60,70],[-6,23],[35,27],[103,12],[-15,-25],[25,-29],[-15,-31],[10,-39],[37,-32],[22,-86],[91,-13],[52,21],[25,30],[60,11],[37,88],[37,15],[-3,58],[18,21],[35,-6],[-7,67],[103,20],[-11,-45],[-43,-39]],[[47094,20422],[64,-34],[24,-24],[18,-60],[29,-18],[57,13],[13,-18],[-32,-72],[42,-72],[12,-45],[-58,-30],[5,-68],[-49,1],[-22,27],[-44,-10],[-92,-84],[39,-81],[53,28],[56,-17],[-70,-53],[3,-47],[-38,-35],[22,-40],[-7,-46],[123,-82],[14,-21],[64,4],[52,-49],[-16,-45],[-50,-18],[1,-79],[-46,-43],[-20,-59],[-53,-40],[-12,22],[-59,40],[-18,-36],[32,-29],[46,-67],[21,-54],[-4,-85],[-19,-52]],[[47175,18944],[-19,10],[-57,-19],[-103,42],[-89,-60],[-89,-45],[-52,-8],[-8,19],[-67,22],[-48,74],[-30,-12]],[[46613,18967],[-22,6],[-127,76],[-63,72],[-64,114],[-55,-39],[-56,13],[-30,23],[-12,-21],[-55,34],[-54,-35],[-47,-50],[-25,-11],[-73,-38],[-23,12],[-50,-34],[-57,26],[-62,-2],[-45,45],[-22,4],[-13,46],[-89,-10],[-40,18]],[[45529,19216],[-21,44],[26,53],[-23,22],[-46,78],[-16,30],[-46,30],[-23,52],[-65,38],[0,87],[29,45],[-19,59],[-81,32],[-23,59],[-25,4],[-56,42],[-5,35],[-36,11],[-13,82],[49,41],[3,29],[-3,33],[-35,10],[-9,33],[11,82],[-33,38],[24,50],[36,41],[-46,76],[-12,76],[-39,-3],[34,93],[2,39],[-30,83],[-46,0],[-25,40],[-40,17],[-33,36],[-28,3],[-26,-67],[-43,120],[-45,36]],[[46683,28443],[41,-161],[-13,-171],[8,-64],[29,-75],[41,-46],[104,-3],[82,-2],[17,38],[85,-103],[26,4],[52,74],[90,-133],[16,-25],[-49,-27],[12,-45],[-22,-48],[-57,-28],[-55,-47],[-49,-65],[-17,-103],[-34,-47],[-71,-56],[-23,-29],[-2,-87],[27,-134],[-11,-8]],[[46648,21111],[14,-96],[35,-31],[64,93],[35,-32],[19,-70],[41,-28],[25,13],[2,47],[35,38],[50,13],[32,-88],[39,-4],[32,40],[44,-21],[62,-4],[61,-115],[28,-12],[23,28]],[[47289,20882],[24,-6],[14,-72],[-18,-8],[-17,-60],[15,-21],[-15,-39],[17,-52],[73,-58],[9,-36],[-107,-77],[-64,-7],[-100,-25],[-26,1]],[[47050,25080],[73,-26],[16,-32],[116,-12],[74,-25],[52,-3],[18,-25],[52,2],[40,-44],[33,13],[30,76],[52,46],[19,45],[26,20],[-23,60],[192,-66],[26,34],[37,102],[36,55],[33,104],[-21,71],[34,82],[-10,17],[33,64],[49,-40],[9,-35],[34,-79],[17,-61],[29,-18],[86,79],[363,336],[30,42],[11,43]],[[48616,25905],[65,16],[48,-48],[64,25],[62,-20],[0,-72],[40,-24],[30,10],[22,36],[-5,-51],[15,-33],[38,-2],[4,-38],[71,-25],[23,-65],[30,-17],[7,-32],[-27,-68],[6,-23],[27,-13],[12,44],[23,18],[44,3]],[[49215,25526],[-20,-82],[43,-10],[4,-29],[57,-50],[4,-34],[31,-12],[-13,-50],[21,-34]],[[49342,25225],[-64,-105],[49,-64],[-27,-54],[37,-21],[-14,-53],[4,-45],[-22,-73],[38,4],[35,-51],[13,-39],[-19,-58],[-39,-36],[51,-12],[-14,-40],[-53,-4],[-25,-98],[-69,50],[-39,-17],[39,-38],[38,-47],[59,-11],[-19,-41],[9,-15]],[[49310,24357],[-97,-100],[-1,-60],[21,-29],[-35,-92],[-34,-108],[-33,-39],[17,-56],[-25,-21],[47,-70],[-31,-67],[-8,-54],[-27,-16],[15,-65],[-18,-42],[-53,-21],[-53,-57],[-57,-32],[-38,-42],[-48,-2],[-109,23],[-172,-82],[-66,-41],[-27,-38],[-40,-2],[-23,-28],[-38,-2],[3,-36],[-55,-24],[-34,-26],[-35,35],[-31,-3],[8,-76],[-40,-7],[-82,17],[-71,-72],[-43,-5],[8,-86],[-16,-60],[28,-73],[-63,11],[-32,-43],[-60,-28],[-3,-45],[-44,-5],[-21,-43],[-25,-1],[-29,-36]],[[47882,22518],[53,-4],[11,-65],[-26,-24],[61,-53],[-17,-35],[91,-38],[39,82],[92,-24],[23,-38],[23,57],[54,4],[13,-97],[67,20],[-6,-59],[57,10],[2,36],[33,31],[10,81],[35,-28],[29,11],[11,87],[40,-50],[24,12],[34,-41],[33,58],[90,-9],[28,32]],[[48786,22474],[13,-29],[41,-10],[-5,-66],[39,-40],[70,-48],[2,-74],[12,-38],[54,-1],[30,-49],[-19,-43],[-61,-34],[-37,19],[-62,-16],[-11,-34],[-57,35],[-77,-33],[-5,35],[-61,27],[-44,-58],[0,-37],[31,-22],[14,-123],[18,-47],[46,-16],[-5,-21],[1,-73],[14,-40],[44,-20],[-23,-37],[52,-44],[21,-46],[-2,-50],[22,-40],[-40,-5],[11,-70],[-65,-68],[29,-56],[1,-37],[-56,20],[-53,-96],[33,-46],[-59,-21],[11,-49],[-61,-24],[-41,-102],[-34,12],[-7,-61],[15,-32],[-55,-25],[-30,42],[-42,-10],[-35,-47],[-46,34],[-36,-38],[52,-56],[-11,-33]],[[48322,20633],[-49,11],[-31,43],[-38,16],[-42,-15],[-142,84],[-35,-11],[55,-77],[-20,-47],[-31,6],[-70,82],[1,40],[-59,37],[-6,47],[-34,4],[0,-39],[-19,-65],[-109,-2],[-23,10],[-64,-34],[-15,98],[-15,25],[-40,-5],[-45,21],[-37,105],[-4,7],[-33,-21],[0,-52],[-32,-29],[-35,46],[-38,3],[-23,-39]],[[46734,28521],[31,-59],[79,32],[39,36],[60,50],[60,58],[28,15],[107,12],[43,-16],[105,-92],[30,-3],[66,31],[73,-13],[4,-2],[69,-24],[62,-37],[57,-1],[76,39],[74,55],[42,41],[49,21],[116,-128],[87,-46],[70,47],[42,17],[61,-4],[92,-41],[150,-25],[52,21]],[[48558,28505],[4,-111],[11,-24],[3,-97],[15,-29],[22,-30],[24,-90],[39,-75],[-3,-26],[22,-61],[-5,-31],[-46,-78],[-11,-39],[-31,-41],[-15,-21],[-15,-84],[2,-40],[40,-36],[23,-46],[16,-61]],[[48653,27485],[-12,-98],[14,-39],[9,-95],[22,-58],[-25,-82],[-31,9],[-40,-32],[-64,-28],[-75,-14],[-99,-6],[-86,-90],[-1,-42],[-1,-39],[0,-378],[-1,-144]],[[48263,26349],[-70,42],[-26,-4],[-14,2],[-10,125],[-27,41],[-35,5],[-56,55],[-26,-2],[-75,89],[-56,37],[-89,-37],[-23,0],[-93,53],[-75,0],[-30,28],[-60,11],[-45,62],[-20,12],[-46,-21],[-73,-7],[-38,26],[-29,5],[-33,-21],[-62,4],[-38,26]],[[48263,26349],[11,-64],[39,-14],[21,-29],[-40,-34],[13,-28],[23,-33],[45,-1],[21,-22],[78,13],[6,-4],[45,-49],[23,-26],[-2,-80],[57,-28],[13,-45]],[[48322,20633],[67,-15],[25,8],[60,62],[36,-3],[-1,-36],[-44,-52],[80,14],[70,-50],[22,-43],[48,12],[43,-41],[25,-34],[34,-4],[40,57],[31,-13],[17,-40],[56,-13],[26,-44],[-54,-4],[-34,-35],[-39,-66],[15,-78],[35,-33],[6,-37],[76,-18],[22,-60],[29,-42],[93,-6],[36,-45],[-11,-37],[46,-19],[-2,-51],[13,-30],[64,-9],[31,67],[27,3],[76,-22],[82,-45],[33,-35],[52,39],[51,-4],[61,35],[36,3],[26,-34],[63,44]],[[49790,19879],[37,-32],[-35,-109],[96,-138],[-115,-333],[-51,-10],[-5,-35],[61,-2],[43,-19],[51,38],[20,-5],[31,-59],[52,4],[62,-33],[14,-28],[42,-9],[38,21],[20,-17],[-18,-14],[3,-60],[29,-60],[-17,-35],[35,-19],[-20,-57],[53,-32],[-6,-44],[41,-51],[6,-57],[32,-38],[-22,-36],[-6,-60],[9,-65],[20,-30],[10,-86]],[[50300,18369],[-60,-23],[-213,10],[-28,33],[-52,24],[-58,-43],[-87,21],[-117,-39],[-83,21]],[[49602,18373],[-46,-33],[-25,7],[-42,-21],[-23,36],[-38,16],[-61,-12],[-44,39],[-144,10],[-39,49],[-7,15],[-108,40],[-38,57],[3,39],[-34,30],[-72,5],[-42,15],[-46,56],[-82,-50],[-49,6],[-47,22],[-43,-22],[-51,58],[-98,1],[-47,17],[-17,-19],[-46,32],[-47,-22],[-52,-2],[-47,-4],[-30,47],[-44,3],[-61,52],[-72,-31],[-34,10],[-71,-19]],[[47858,18800],[-31,20],[-10,31],[-50,35],[-36,21],[-38,51],[-49,-10],[-46,1],[-42,39],[-57,-29],[-27,14],[-160,10],[-64,-44],[-73,5]],[[49310,24357],[52,-54],[21,-120],[4,-40],[32,-10],[37,-168],[37,2],[59,-52],[1,-42],[47,-36],[74,-62],[1,-49],[22,-19],[52,-104],[24,-68],[49,-73],[42,8],[31,28],[68,-6],[129,73],[37,-17],[26,15],[36,-47],[26,33],[51,17],[14,-36],[33,-15],[81,53],[38,-6],[-7,-61],[-41,-64],[-31,-8],[-5,-43],[35,-16],[3,-39],[47,-28],[19,-34],[-8,-39],[57,-15],[-25,-38],[34,-38],[15,-87]],[[50527,23052],[-37,-27],[7,-44],[-56,-91],[-29,-91],[36,-36],[-74,-69],[-30,-51],[-54,-8],[-7,-63],[-44,-9],[-39,-40],[-30,-5],[-20,-40],[-78,-11],[-57,-40],[-8,-42],[-14,-49],[-23,-7],[-11,-60],[-67,42],[-24,-4],[-69,20],[-64,2],[-20,38],[-77,12],[-59,55],[-19,-13],[-44,39],[-16,-45],[-46,19],[-12,-48],[-32,-28],[-45,18],[-39,40],[-71,-44],[-36,65],[-31,-28],[-41,48],[-75,-17],[-73,-6],[-67,78],[-60,-3],[-44,16],[-42,-51]],[[48653,27485],[60,-25],[86,-17],[43,-61],[42,34],[103,31],[93,50],[44,-1],[40,-20],[-19,-76],[36,-19],[-1,-26],[55,-11],[84,40],[26,32],[52,12],[49,105],[-19,54],[-9,94],[45,0],[27,-18],[72,-32],[34,-25],[31,-58],[39,-10]],[[49666,27538],[24,-29],[33,8],[42,-37],[3,-28],[26,-32],[45,-8],[59,-52],[27,4],[15,-34],[48,4],[39,-44],[51,-12],[35,-23],[5,-37],[-37,-55],[-11,-76],[-2,-97],[-16,-24],[24,-39],[16,-65],[29,-35],[-32,5],[-39,-89],[-46,-47],[-74,-102],[-30,-10],[78,-57],[62,-22],[4,-45]],[[50044,26460],[-6,-52],[38,-95],[-41,-67],[10,-104],[-48,-69],[-86,-7],[-48,18],[-38,-30],[-53,-9],[-19,-30],[-84,-18],[-5,-61],[-50,-35],[-40,32],[-142,-55],[-31,-33],[-60,-17],[-53,-55],[85,-47],[15,-34],[-4,-18],[-66,-110],[-25,0],[-33,-54],[-45,16]],[[50527,23052],[80,-44],[31,37],[62,-2],[31,-23],[30,4],[70,34],[-19,-53],[63,12],[-3,-45],[74,38],[64,-66],[41,-3],[43,-22],[31,-71],[58,-79],[8,-46],[-18,-50],[64,-15],[-17,-27],[31,-42],[66,-4],[5,-42],[47,2],[36,-39]],[[51405,22506],[9,-37],[47,-12],[-18,-39],[67,-5],[40,-132],[0,-37],[33,-3],[116,-3],[88,-57],[58,-85],[3,-44],[54,-34],[60,1]],[[51962,22019],[90,-56],[4,-51],[-29,-22],[-26,-69],[-1,-57],[-58,-23],[-35,-28],[-25,13],[11,-29],[-20,-87],[-19,-19],[18,-38],[-9,-29],[59,-75],[11,-48],[-91,34],[-34,31],[-81,-4],[-70,-16],[-38,-19],[-139,-112],[-72,-27],[-30,-55],[-87,-39],[-28,-49],[-84,-29],[-32,28],[-30,-24],[15,-44],[31,14],[61,-62],[-1,-17],[65,-16],[10,23],[46,-16],[30,-31],[101,-12],[-25,-40],[-21,-39],[60,-67],[-22,-30],[30,-21],[2,-30],[27,-54]],[[51526,20678],[-42,42],[-23,-31],[-34,9],[-27,-79],[-37,-9],[-29,29],[-98,-25],[-52,-32],[-2,-66],[-33,-44],[-88,44],[-26,-57],[-43,1],[-74,-52],[-52,-47],[-52,38],[-26,-100],[-22,-6],[-42,17],[-2,-51],[-48,-43],[-25,-75],[-79,-118],[-49,35],[-57,-3],[13,-38],[-38,-28],[-64,77],[-56,-54],[-41,-69],[-30,13],[-35,-58],[-69,26],[-4,-54],[-81,-15],[-54,17],[-55,-34],[-22,39],[-71,44],[-4,30],[33,26],[35,60],[-32,44],[-61,-39],[-20,-67],[-26,-35],[27,-41],[-19,-20]],[[48558,28505],[25,20],[64,13],[23,-12],[26,-58],[-1,-56],[14,-28],[57,42],[32,9],[58,28],[-11,86],[2,55],[19,52],[8,51],[30,58],[37,25],[65,-11],[79,-45],[58,-2],[68,-15],[83,-46],[46,-10],[87,-89],[26,-29],[37,-38],[39,-9],[189,45],[45,-10],[41,-27],[16,-84],[17,-20]],[[49837,28400],[-15,-82],[-22,-58],[-55,-40],[0,-69],[-27,-19],[28,-145],[-92,-2],[38,-19],[50,-45],[23,-44],[56,-45],[18,-104],[-92,-54],[-12,-57],[-34,-25],[-35,-54]],[[50044,26460],[11,20],[52,-39],[16,19],[-6,-28],[138,-56],[25,-26],[28,-57],[57,-22],[93,-1],[77,-38],[75,-23],[35,1],[60,-58],[65,-3],[23,-30],[46,-6],[97,15],[18,-20],[-1,-61],[49,-25],[-37,-51],[17,-78],[-31,-88],[4,-45],[-37,-19],[-15,-75],[100,-74],[35,3],[34,-38],[46,31],[-25,-65],[-65,-60],[-8,-30],[25,-32],[-12,-82],[33,-56],[-8,-48],[11,-32],[98,-5],[50,44],[44,9]],[[51261,25231],[-16,-61],[-52,-33],[7,-64],[33,-27],[-2,-25]],[[51231,25021],[-43,-13],[-40,14],[-89,92],[16,17],[-22,51],[-53,36],[-38,8],[-43,-20],[-56,50],[-34,18],[-42,-24],[-68,71],[-38,20],[-81,8],[-60,-27],[-43,19],[-37,-6],[-39,-38],[-4,-8],[-70,-122],[-9,-50],[-38,-13],[-23,-30],[-13,-71],[-22,-46],[-45,-16],[-11,-31],[-36,26],[-64,-41],[-27,29],[-28,13],[-21,-66],[-31,5],[-9,34],[56,66],[-50,25],[-43,-16],[-32,17],[13,48],[10,47],[-47,-3],[-68,52],[-23,22],[-40,-21],[-71,24],[-11,24],[-129,-35],[-70,42],[-18,42],[-79,-66],[-26,47]],[[51231,25021],[-10,-35],[18,-35],[-9,-45],[31,-29],[-8,-78],[-37,2],[-27,-30],[-43,41],[-87,-28],[-13,-52],[-74,-13],[-52,49],[-76,-60],[-27,30],[-36,-49],[-37,-31],[-66,-10],[-25,20],[-44,-23],[2,-21],[42,-31],[44,-10],[27,-10],[15,-51],[63,-12],[16,-39],[54,-15],[34,-31],[23,25],[52,-32],[-13,-37],[20,-21],[162,-57],[46,-35],[28,-46],[-24,-25],[25,-42],[-4,-31],[49,-37],[-38,-86],[6,-21],[-32,-57],[-62,-31],[-22,-36],[18,-29],[-7,-37],[-60,-52],[-5,-48],[-54,-42],[54,-36],[20,-34],[1,-46],[61,-30],[-1,-91],[31,-34],[40,14],[47,-52],[-4,-47],[23,-17],[15,-57],[-6,-319],[85,-100],[60,-20]],[[51440,22779],[45,-114],[42,-66],[-35,-30],[-21,-49],[-66,-14]],[[49837,28400],[43,0],[82,31],[72,-2],[6,-1],[26,-11],[60,-61],[66,-28],[36,20],[59,-1],[41,-2],[61,35],[57,62],[48,-2],[51,-37],[62,25],[92,-23],[80,-15],[36,17],[36,-3],[50,-56],[11,-42],[58,-47],[56,-15],[25,-22],[26,-26],[81,-29],[157,-15],[120,-71]],[[51435,28081],[-6,-55],[47,5],[19,-28],[-43,-62],[25,-23],[60,21],[49,-64],[13,-59],[-5,-30],[-37,-49],[-67,-24],[3,-67],[64,-8],[7,-39],[-16,-85],[28,-42],[-56,-37],[-50,-5],[24,-62],[2,-59],[64,-29],[-52,-59],[-45,-22],[21,-27],[35,23],[16,-22],[126,2],[7,-347],[122,-1],[48,-5],[49,-52],[26,23],[67,23],[8,-13],[-2,-121],[-21,-20],[-25,-96],[-47,-9],[-14,-99],[24,-13],[26,-47],[-28,-108],[-42,9],[-21,-47],[-68,-54],[-33,-3],[-31,-36],[-63,12],[-28,45],[-55,4],[-10,-53],[25,-15],[25,-48],[-11,-49],[-30,-3],[7,-53],[28,-4],[25,-78],[1,-59],[41,-39],[53,-10],[5,-41],[-47,-9],[-38,-37],[47,-75],[42,-60],[-53,-26],[0,-47]],[[51670,25514],[-24,-24],[3,-39],[-57,6],[-22,-69],[-30,-10],[-9,-132],[-45,13],[-11,-22],[-68,-39],[-15,22],[-51,8],[-53,-24],[-27,27]],[[51526,20678],[40,-90],[4,-61],[-37,-33],[-35,-5],[-32,-35],[16,-39],[-110,-39],[-9,-80],[43,-27],[24,-167],[77,-65],[77,-20],[26,-35],[-60,-57],[37,-47],[-13,-25],[27,-58],[56,-31],[17,-46],[20,36],[3,91],[74,33],[76,9],[103,-3],[14,14],[68,-7],[33,-27],[79,110],[37,-29],[0,53],[31,79],[-38,33],[-7,79],[30,2],[91,60],[-22,52],[27,46],[41,19],[4,50],[9,46],[65,8],[27,27],[38,-14],[16,36],[37,29],[56,-5]],[[52586,20545],[9,-19],[81,50],[76,6],[39,-76],[16,19],[66,33],[44,-53],[34,0],[73,-71],[-1,-35],[45,-24],[24,-99],[58,17],[21,52]],[[53171,20345],[41,-9],[81,-108],[-3,-36],[82,-37],[33,15],[33,-31],[58,-16],[65,25],[31,27],[61,-40],[4,-93],[55,-25],[30,-47],[18,-74],[-6,-44],[-57,34],[-1,-51]],[[53696,19835],[-40,-6],[19,-64],[-82,31],[-56,-17],[-105,-52],[-49,25],[-40,53],[-63,-14],[13,-31],[37,-20],[-46,-49],[-34,-10],[-38,37],[-27,-8],[-31,62],[-35,15],[-7,-54],[-30,23],[-20,-24],[-44,-7],[-48,-36],[-31,-46],[1,-61],[24,-53],[-26,-9],[-76,56],[11,46],[-22,37],[-83,53],[-47,-10],[-94,108],[-74,-27],[-27,12],[-78,-29],[-27,82],[-21,8],[-42,-48],[-1,-52],[23,-17],[34,19],[35,-8],[-17,-43],[-81,-24],[-75,20],[-63,-113],[13,-65],[-59,-34],[-46,-92],[-16,-18],[-61,-37],[34,-79],[-35,-40],[-32,9],[1,42],[-27,21],[-78,-16],[-77,-50],[-10,-50],[-33,-1],[-36,63],[-18,1],[-25,-92],[-44,-29],[-16,12],[2,85],[-57,46],[-23,-24],[25,-49],[-11,-44],[-66,33],[-14,50],[-40,31],[-21,11],[-122,-37],[-68,37],[-6,-44],[-32,-63],[-58,-22],[-79,-7],[-40,-41],[-48,3],[-47,-58],[-33,-5],[-39,-45],[5,-25],[-18,-35],[22,-27],[-40,-32]],[[50840,18873],[-50,-44],[-16,-41],[14,-38],[40,-25],[-11,-24],[59,-24],[-44,-91],[96,-126],[30,-62],[-14,-55],[-32,-34],[-3,-54],[-43,6],[-38,-25],[-14,-38],[-29,-14],[-118,17],[-76,-26],[-43,-35],[18,-39],[-14,-58],[-28,-16]],[[50524,18027],[9,42],[-63,32],[-9,54],[-38,36],[4,32],[-32,50],[-41,-5],[-16,86],[-38,15]],[[51670,25514],[26,-22],[3,-50],[-15,-52],[41,-44],[38,-19],[31,-67],[56,44],[31,3],[33,-32],[7,-43],[34,-36],[37,-8],[52,-64],[-20,-45],[7,-44],[-11,-64],[47,-53],[42,8],[32,56],[36,-2],[53,38],[96,-11],[36,7],[26,57],[69,20],[3,32],[27,39],[114,-48]],[[52601,25114],[42,-21],[86,5],[56,77],[-5,72],[19,17],[25,87],[37,-9],[11,-89],[30,13],[11,-54],[25,7],[31,-28],[-11,-48],[15,-23],[59,-25],[30,1],[67,-38],[17,21],[42,-83]],[[53188,24996],[86,-79],[95,-27],[21,-54],[34,-13],[9,-52],[36,-35],[-1,-44],[-61,-72],[-57,-5],[-36,-60],[-59,-26],[-34,-135],[0,-30],[29,-42],[3,-57],[15,-20],[-18,-27],[0,-74],[42,-25],[10,-29],[-16,-58],[-46,-50],[-27,-81],[66,-64],[76,-36],[68,-57],[29,-11],[-10,-84],[-23,-40],[-39,-6],[-15,-22],[-57,-7],[-40,-31],[35,-34],[4,-85],[25,-48],[-39,-44],[-36,-16],[70,-98],[-51,-47],[-29,-48],[-49,-30],[-67,-64],[-85,-40],[-32,7],[-18,-67],[25,-39],[-23,-61],[-91,-2],[15,-97],[37,-27],[-35,-3],[-20,-38],[-32,-12],[-8,-36],[-49,-71],[-60,-22],[50,-39],[-43,-28],[-13,-39],[-30,1],[-53,42],[-46,-16],[-52,51],[-10,54],[-56,39],[200,343],[-49,12],[-65,-25],[-47,-71],[-31,12],[-58,-45],[-20,-39],[-35,8],[-36,-41],[-60,-18],[-23,12],[-19,50],[-35,27],[-39,8],[-24,-22],[-77,2],[-40,11],[-40,49],[-64,-55],[-61,1],[-33,17],[-44,-36],[-21,9],[-59,63],[-71,-17],[-17,-45],[-67,34],[-33,-26],[-50,-1],[-44,-24]],[[51962,22019],[-24,82],[14,48],[41,-2],[30,82],[37,29],[57,71],[8,-64],[27,-42],[38,-21],[29,36],[73,-10],[109,-73],[20,2],[146,-127],[15,-22],[50,-17],[46,-115],[32,0],[21,53],[21,19],[-5,39],[24,14],[5,52],[40,-12],[18,44],[-31,51],[50,43],[93,-90],[83,-4],[33,-51],[6,-88],[28,-28],[-42,-33],[31,-65],[-10,-27],[-11,-105],[-14,-9],[-11,-69],[15,-75],[16,-20],[-8,-54],[-63,-9],[-36,-89],[-63,-28],[-12,-34],[30,-37],[-6,-62],[-26,-50],[-6,-77],[2,-27],[-35,-31],[-34,-3],[-29,-30],[-2,-35],[-50,-38],[-1,-103],[-38,-9],[-18,-31],[-56,-21],[33,-11],[9,-60],[-56,-55],[-19,-76]],[[53188,24996],[132,142],[22,3],[84,-57],[74,6],[30,-28],[8,-37],[51,-10],[87,45],[58,11],[14,34],[-13,77],[7,59]],[[53742,25241],[39,21],[-20,62],[67,12],[-16,23],[41,31],[12,-42],[108,-96],[37,-8],[47,-69],[-10,-55],[17,-76],[37,-3],[44,-61],[85,-158],[-10,-48],[31,24],[32,-20],[23,32],[53,12],[38,-33],[36,12],[37,-9],[30,17],[28,44],[-25,49],[14,20],[10,74],[30,6],[11,44],[52,45],[35,13],[74,65]],[[54729,25169],[22,35],[42,-82],[-23,-41],[45,-34],[3,-40],[25,-40],[-20,-25],[60,-22],[25,-72],[50,-34],[-5,-44],[61,-26],[-9,-28],[69,-29],[77,-43],[23,-43],[-29,-101],[7,-34],[-17,-42],[69,-44],[33,-38],[8,-60],[33,-68],[73,-39],[21,-36],[98,-32],[-51,-49],[-54,-75],[-11,-28],[6,-26]],[[55360,23929],[-12,-25],[-45,17],[-82,-34],[-6,-25],[-71,-47],[-28,-49],[-69,-25],[-15,-24],[-73,-10],[-2,-50],[-48,-15],[-33,-48],[-48,-3],[-18,-61],[-4,-73],[-29,-41],[-39,35],[10,62],[-35,11],[-46,-83],[-31,-24],[-40,-18],[1,-36],[-38,-5],[-33,-26],[-42,13],[-3,-50],[32,-14],[-1,-36],[36,-2],[79,36],[57,-77],[50,-46],[-84,-205],[11,-31],[53,-28],[27,-71],[-4,-40],[45,-39],[21,-72],[-37,-21],[-30,12],[-24,-20],[-20,-61],[-54,2],[-5,-51],[-54,-62],[-40,10],[-34,-52],[-51,-12],[-24,11],[-88,-73],[-7,-36],[-32,-54],[-38,-14],[5,-78],[17,-22],[-3,-50],[97,-80],[18,-29],[-32,-63],[-34,-27],[-7,-30],[-35,-17],[-59,16],[-34,51],[-55,-6],[-8,-34],[-44,-33],[-26,4],[-60,-29],[36,-52],[44,-35],[138,-233],[4,1],[34,-14],[-16,-87],[18,-38],[-23,-15],[7,-40],[-43,-36],[-1,-42],[-31,-53],[-40,-25],[-24,-145],[-38,20],[-22,-18],[-87,23],[-33,-27],[26,-42],[-62,-35],[-13,-32],[-50,-5],[-17,-31],[-78,8],[-21,22],[-14,-31],[-48,32],[-38,-27],[4,-50],[-16,-18],[-76,-20],[-56,22],[18,-27],[-22,-54],[-27,23],[-49,-6],[-10,-37],[-35,-17],[51,-60],[-1,-33],[-40,-24],[-27,-75],[-66,-41],[14,-29],[-41,-24],[-20,14],[-42,-45],[-1,-19]],[[51435,28081],[63,30]],[[51498,28111],[32,-11],[37,-46],[39,17],[73,8],[91,-65],[27,-30],[21,-71],[21,-17],[15,-35],[43,-23],[10,-43],[-29,-90],[23,-28],[83,9],[30,-31],[36,-7],[44,24],[64,124],[42,24],[56,-29],[75,-42],[60,49],[105,-38],[7,-41],[36,-25],[63,20],[52,-21],[62,-3],[30,38],[-1,45],[89,22],[46,-30],[41,-80]],[[52921,27685],[10,-78],[-21,-75],[-7,-80],[-48,-52],[20,-42],[82,39],[-23,-52],[24,-13],[36,33],[58,-77],[11,-36],[58,44],[34,-38],[-12,-53],[56,-70],[14,-42],[-20,-36],[11,-25],[-27,-58],[-51,-61],[-55,3],[-70,-29],[-40,-64],[-53,-39],[-29,37],[-53,17],[-63,-18],[-65,12],[-26,-33],[-31,19],[-3,68],[-3,-1],[-43,-15],[34,-64],[-21,-35],[-3,-53],[51,-114],[47,-46],[-6,-39],[-31,-46],[36,-6],[13,-83],[26,9],[22,-29],[-36,-48],[57,-42],[-27,-31],[34,-66],[-6,-26],[19,-72],[-10,-44],[24,-15]],[[52815,26020],[-15,-34],[-69,-42],[-36,-82],[20,-44],[31,-26],[-3,-56],[-55,-101],[-43,10],[-26,-15],[57,-15],[23,-35],[47,-38],[-23,-29],[10,-57],[-18,-67],[-34,-28],[-48,0],[-24,-63],[6,-101],[-18,-32],[4,-51]],[[52815,26020],[200,25],[128,15],[68,44],[39,-13],[41,74],[37,28],[-11,39],[36,15],[14,51],[104,-42],[31,-31],[-5,-49],[-26,-65],[48,-16],[-37,-40],[15,-60],[36,-9],[-7,-51],[46,-52],[30,-23],[11,-40],[-16,-43],[16,-25],[39,26],[13,-86],[-28,-31],[-88,-392],[82,-13],[13,-17],[57,13],[41,-11]],[[52921,27685],[38,-8],[48,32],[63,20],[60,-19],[20,-40],[55,14],[21,-11],[42,-3],[83,49],[32,-12]],[[53383,27707],[41,0],[50,44],[48,-14],[42,58],[85,-15],[19,-40],[32,26],[-15,38],[28,11],[46,-43],[9,-42],[-28,-61],[0,-5],[44,-56],[49,-11],[74,-50],[-22,-29],[-16,-59],[11,-38],[59,-35],[77,-21],[38,18],[32,-28],[22,-31],[46,-36],[58,-6],[26,20],[58,-30],[-21,-62],[41,-38]],[[54316,27172],[43,-42],[32,3],[66,-124],[-3,-42],[61,-135],[-7,-47],[20,-81],[-36,-47],[10,-18],[49,5],[36,-32],[-26,-68],[10,-38],[47,-53],[-48,-57],[12,-17]],[[54582,26379],[-12,-53],[-41,-38],[-18,-52],[12,-25],[53,-31],[4,-45],[-19,-27],[11,-49],[-37,-30],[-6,-36],[31,-61],[12,-51],[38,-17],[24,-44],[56,-70],[-12,-56],[-28,-30],[15,-63],[-13,-27],[15,-55],[-1,-47],[-28,-39],[-79,-32],[27,-16],[-7,-36],[27,-74],[39,-28],[14,-33],[70,-45]],[[55360,23929],[21,-21],[-27,-31],[5,-29],[3,-66],[-31,-6],[-19,-42],[-56,-30],[36,-91],[-37,-32],[-29,0],[-17,-43],[8,-107],[15,-34],[-15,-27],[32,-58],[-28,-22],[76,-76],[157,-20],[7,38],[43,34],[59,1],[55,-8],[11,-17],[41,-16],[82,38],[13,-29],[33,6],[38,57],[-6,60],[56,-13],[10,-32],[44,-2],[4,-25],[60,-24],[111,2],[6,7],[156,15],[29,27],[34,-51]],[[56340,23262],[53,-18],[22,-40],[76,9],[91,33],[73,3],[-8,-58],[32,-12],[12,40],[39,34],[47,23],[35,-1],[65,-55],[16,-40],[61,-51],[80,-51],[-33,-87],[-70,-42],[-18,-25],[-26,-106],[2,-42],[38,-9],[-14,-65],[-36,-6],[13,-55],[8,-58],[-22,-40],[10,-48],[-50,-39],[-17,-37],[20,-42],[21,-86],[49,-28],[3,-52]],[[56912,22211],[25,-41],[-35,-14],[-27,56],[-80,-23],[-34,-60],[-40,-4],[-4,-33],[-43,11],[-26,-46],[-21,5],[4,57],[-49,19],[-60,60],[-67,-5],[-54,-89],[-42,-18],[-36,2],[-58,-79],[2,-60],[33,-36],[0,-42],[24,-17],[-35,-59],[-12,-43],[19,-55],[3,-46],[-32,-18],[-38,12],[-51,38],[-30,-12],[-18,-36],[-1,-61],[-3,-51],[-25,-68],[-53,-18],[-27,-66],[-29,-37],[11,-46],[43,-83],[-46,-38],[-25,-44],[11,-35],[20,-39],[-26,-20],[1,-77],[70,-45],[-39,-22],[8,-112],[-33,-49],[13,-29],[-3,-59],[-28,-48],[10,-22],[27,-25],[27,24],[24,-41],[97,-48],[44,3],[11,-37],[41,-57],[-87,-57],[-36,16],[-124,-46],[-15,-15],[-12,-99],[9,-57],[-30,-22],[-19,-39],[11,-32],[49,-35],[25,-46],[-23,-49]],[[55998,19904],[-65,-63],[-59,-16],[-21,30],[-30,-3],[-27,-40],[-32,35],[-65,-9],[-60,36],[-14,-28],[-42,-12],[-55,31],[-74,-57],[-59,-22],[-42,-51],[0,-33],[-29,-40],[-62,-8],[-14,-75],[-48,4],[-28,-38],[-60,-32],[-17,-41],[-93,-9],[-41,-29],[-52,15],[-51,-48],[-24,-4],[-4,-31],[-39,-82],[-75,35],[-39,-62],[-22,5],[-29,54],[-56,-33]],[[54570,19283],[-37,29],[-70,22],[-5,51],[-61,3],[-42,63],[-29,18],[-37,-39],[-19,32],[27,34],[-53,10],[0,41],[-35,26],[-31,-14],[-54,24],[-14,41],[-37,3],[-7,48],[-25,26],[-50,21],[-17,58],[-103,21],[-42,16],[-16,25],[-49,-45],[-32,33],[-36,5]],[[56912,22211],[59,-42],[36,39],[17,46],[57,79],[15,62],[140,82],[74,-43],[53,-58],[8,-42],[61,-1],[-14,-84],[69,88],[30,-12],[24,31],[-5,30],[51,88],[34,-25],[55,-98],[6,-75],[-8,-45],[47,-77],[15,-44],[38,-47],[10,-61],[-26,-41],[-34,-20],[30,-44],[32,-5],[33,-49],[85,-59],[32,25],[82,3],[49,55],[37,-31],[-61,-55],[-15,-28],[-57,-48],[-34,-46],[-3,-32]],[[57934,21627],[0,-10],[-87,-82],[-64,-83],[-62,-104],[-27,-92],[-16,-26],[-112,-22],[-51,-34],[-51,-11],[73,-53],[-29,-83],[-67,-103],[-86,2],[-50,-25],[-45,-38],[-54,-64],[-85,-141],[-31,-60],[-77,-146],[-44,-110],[-18,-87],[-24,-11],[-35,-21],[-5,-66],[13,-17],[-33,-72],[-41,-129],[-11,-16]],[[56815,19923],[-76,-1],[-9,43],[-24,9],[-47,-56],[-25,-5],[-136,-3],[-491,3],[23,-23]],[[56030,19890],[-32,14]],[[65486,26609],[-57,25],[-23,41],[-40,9],[-21,102],[-40,23],[-44,-5],[-26,92],[-39,18],[-47,0],[-18,118]],[[65131,27032],[26,52],[84,41],[24,21],[-5,38],[32,46],[-16,88],[38,120],[19,85],[-22,32],[23,43],[66,-2],[31,33],[12,58],[59,32],[65,-4],[32,47],[33,-24],[47,34],[17,22]],[[65696,27794],[45,40],[77,29],[47,-26],[49,50],[31,11],[55,48],[41,-25],[2,-50],[21,-25],[71,41],[27,50],[108,-21],[75,40],[51,-3]],[[66396,27953],[41,-21],[17,24],[69,-13],[37,-53],[29,-8],[-22,-107],[59,-48],[48,9]],[[66674,27736],[10,-59],[58,-148],[-8,-61]],[[66734,27468],[-15,-40],[-46,-16],[-14,41],[-83,-47],[-21,20],[21,52],[30,23],[-42,50],[-37,-16],[-30,6],[-40,-51],[-35,1],[4,55],[-72,-59],[-58,19],[24,58],[51,31],[26,-3],[39,66],[-42,6],[-33,28],[26,42],[-57,16],[-55,-42],[49,-12],[-37,-41],[-58,24],[-68,0],[-24,-32],[7,-39],[-23,-34],[23,-18],[-36,-35],[-37,16],[-46,-7],[-13,-31],[-37,-26],[-30,8],[-91,-31],[-63,-50],[-13,32],[-50,8],[-77,-33],[-36,6],[-55,-76],[-16,-97],[7,-76],[-27,-20],[-15,-90],[-17,-20],[60,-77],[112,96],[41,-5],[2,-68],[-34,21],[-75,-50],[35,-13],[46,14],[41,-22],[-33,-44],[-15,-43],[26,-10],[20,56],[53,37],[20,29],[27,-31],[-8,-68],[45,-6],[45,17],[46,-35],[-84,-62],[-12,-66],[-47,-68],[-37,-6],[-79,64],[-30,-1],[-41,-31],[-44,-5],[-34,20],[-68,-46],[16,-22]],[[66304,27132],[41,26],[30,-3],[15,47],[31,40],[34,-39],[41,48],[52,20],[4,36],[32,14],[54,-7],[18,-69],[57,6],[29,-64],[35,44],[20,-89],[40,18],[57,-57],[-51,-28],[-50,48],[-42,-11],[-28,-29],[-33,6],[-12,-46],[-33,10],[-58,-14],[-69,19],[-24,33],[-35,8],[-59,-34],[-40,-64],[-39,-4],[24,66],[-12,26],[-37,6],[8,37]],[[66683,29498],[31,-3],[42,-40],[24,-99],[-3,-90]],[[66777,29266],[-47,-4],[25,-110],[-43,-2],[-59,-19],[-21,-51],[2,-39],[-22,-39],[6,-85],[-51,-51],[-55,36],[-80,65],[-40,-54],[-40,-11],[16,-47],[24,-41],[-19,-36],[14,-77],[-19,-45],[-37,-14],[8,-35]],[[66339,28607],[-40,-60],[-1,49],[-22,32],[-47,18],[-27,-38],[-6,-51],[-52,24],[-77,-45],[-46,12],[-52,-76],[-55,37],[-26,48],[-45,-8],[-18,24],[-25,-62],[-29,39],[-28,-16],[-29,29],[-51,8],[-2,54],[10,56],[-79,31],[16,23],[-42,47],[-71,71],[-6,77],[-23,74],[-48,48],[-53,16],[-69,8]],[[66396,27953],[21,28],[47,11],[31,-10],[34,66],[-1,93],[72,94],[55,3],[-4,41],[43,9],[18,51],[35,38],[-24,48],[-41,28],[13,29],[-110,72],[-45,-8],[-36,31],[-30,-10],[-79,18],[-56,22]],[[66777,29266],[53,-20],[15,24],[47,0],[29,20],[67,21],[63,44],[36,-35],[80,-9],[3,-47],[47,-46],[22,-78],[59,76],[47,14],[19,40],[66,38],[30,-34],[-34,-88],[36,-59],[63,69],[66,-8],[42,-76],[36,-32],[-53,-84],[39,-60],[31,-58],[54,-35],[297,102],[25,-11],[27,-112],[-82,-154]],[[68007,28668],[-58,56],[-26,-37],[2,-36],[-84,-40],[-48,24],[-46,40],[-35,-6],[-82,-78],[-13,-31],[-39,-14],[-31,-43],[-82,-50],[51,-49],[-6,-30],[34,-30],[43,-4],[-62,-49],[-44,-47],[-15,-67],[37,-69],[-36,-38],[-90,-36],[-26,-45],[-29,-2],[-78,-146],[-64,6],[-28,51],[-28,-12],[-33,26],[-27,-30],[-52,-30],[-19,13],[-83,-14],[-67,56],[-21,-38],[-34,-15],[-69,-107],[-45,-11]],[[68007,28668],[-9,-23],[-115,-107],[69,-69],[-1,60],[88,97],[54,11],[41,28],[60,-17],[37,46],[115,71],[61,-29],[33,8],[162,40],[33,57],[46,55]],[[68681,28896],[111,-79],[35,-35],[-34,-17],[-32,-88],[14,-36],[66,29],[64,5],[105,59],[70,22],[23,-8],[82,74],[-15,45],[35,9],[32,60],[49,12],[22,-28],[38,18],[50,-29],[50,34],[44,15],[51,-9]],[[69541,28949],[-24,-38],[36,-69],[33,-16],[-13,-39],[25,-75],[45,-61],[-48,-53],[-42,-23],[-8,-42],[22,-60],[-15,-37],[140,48],[43,-6],[76,8],[101,-130],[76,-95],[27,-11],[22,-90],[29,-28],[-26,-49],[63,-17],[-17,-27],[24,-47],[-27,-43],[52,-25],[24,43],[122,84],[29,4],[33,-26],[43,14],[26,-40],[88,-12],[11,14],[67,0]],[[70578,28005],[175,-32],[-38,-154],[45,-102]],[[70760,27717],[-197,0],[-47,-9],[-76,13],[-125,3],[-157,-12],[-95,-21],[-15,-34],[-108,7],[-47,-7],[-173,-9],[-98,-10],[-81,-20],[-184,12],[-44,-18],[-68,-4],[-21,38],[-64,20],[-64,4],[-15,40],[40,12],[-56,98],[-12,47],[41,-1],[19,51],[17,77],[34,22],[-1,82],[41,59],[81,55],[-3,45],[-10,50],[-26,51],[-51,-3],[-36,18],[-52,-22],[-25,-47],[-38,-21],[-17,18],[-50,-7],[-39,-26],[-76,-17],[-16,-30],[-38,-10],[-61,-70],[-48,-78],[1,-20],[98,-91],[16,-79],[69,4],[-11,-36],[70,-11],[40,-33],[-15,-87],[27,-38],[-57,-48],[-12,-41],[-88,-5],[-30,-27],[-66,-3],[-40,-24],[-32,5],[-105,76],[8,-41],[48,-2],[-17,-40],[-128,-3],[-153,-33],[-32,-22],[-50,-4],[-33,-31],[-40,-3],[-96,-65],[-9,39],[-49,18],[-75,3],[-89,-7],[-246,-20],[-181,-27],[-217,-40],[-69,-37],[-49,24],[20,52],[58,70],[42,14],[14,-23],[122,-51],[67,62],[81,-34],[77,-9],[98,5],[86,11],[100,32],[118,28],[44,-3],[-63,62],[-69,13],[-11,27],[-42,31],[-53,-13],[-65,79],[-106,77],[-39,19],[-37,4],[-54,-34],[-37,12],[43,40],[-17,18],[-76,-13],[-23,-38],[-57,-22],[-91,9],[-31,-20],[-28,8],[-58,-24],[-61,-60],[-9,-44],[-48,2],[32,47],[-13,55],[-70,-35],[6,-51],[-13,-43],[-71,-81],[-37,-24],[-53,-12],[-29,11]],[[67366,27686],[-28,-27],[-33,46],[16,24],[44,9],[35,-6],[-34,-46]],[[68957,28068],[-5,-55],[-33,-6],[-44,19],[-48,-21],[-17,-25],[-45,34],[65,82],[53,-19],[39,2],[12,33],[59,-13],[-36,-31]],[[68367,29961],[76,-401],[120,-150],[44,-53],[104,-175]],[[68711,29182],[-37,-16],[-42,-37],[-44,-80],[-52,-11],[-28,-38],[7,-43],[43,8],[55,-23],[63,14],[5,-60]],[[70085,30436],[11,-44],[0,-62],[-38,-87],[-42,-28],[18,-23],[-23,-60],[12,-22],[-28,-32],[-18,-98],[-58,3],[28,-90],[-11,-24],[-55,-27],[12,-28]],[[69893,29814],[-31,-16],[-55,2],[-55,-58],[-101,-50],[-25,23],[20,74],[-15,62],[-28,4],[-30,-26],[-69,19],[-91,39],[10,-98],[19,-28],[-101,-34],[-35,7],[-9,-34],[-44,-71],[-16,-47],[-25,46],[37,26],[16,36],[-44,3],[-89,-53],[-26,-34],[-33,-1],[-104,30],[19,-28],[-23,-88],[-27,-176],[-57,5],[-65,-32],[-29,-3],[-34,-30],[4,-24],[-46,-77]],[[69893,29814],[17,-15],[-20,-89],[25,-20],[-5,-49],[25,-109],[49,-103],[7,-52],[-34,-80],[-3,-93]],[[69954,29204],[-44,-45],[-53,-28],[-51,20],[-46,-33],[6,-41],[-35,-19],[-57,-9],[-74,-95],[-59,-5]],[[69954,29204],[38,-17],[11,-38],[41,-39],[55,16],[24,-25],[54,13],[71,56],[19,29],[58,-12],[23,-63],[-15,-39],[0,-55],[-40,-44],[53,-38],[39,0],[52,55],[100,-35],[32,32],[108,15],[32,20],[79,-20],[88,11],[82,59]],[[70958,29085],[2,-19],[-59,-125],[75,-72],[21,-55],[-7,-35],[28,-59],[104,8],[40,-36]],[[71162,28692],[-42,-71],[-48,-28],[-41,-47],[-47,4],[-37,-33],[-30,-3],[-35,-43],[-17,-84],[-28,-78],[-140,-43],[-60,-38],[-43,12],[-16,-235]],[[70984,30847],[66,41],[70,-222],[88,-191],[54,1],[-5,41],[51,-14],[19,60],[63,60],[49,2],[21,53],[24,1],[50,69],[54,37],[110,18],[23,-26]],[[71721,30777],[5,-67],[-38,-22],[-40,-69],[11,-62],[20,-26],[16,-57],[26,-30],[94,-18],[16,39],[2,-39],[37,-17],[74,-6],[92,28],[20,-30],[169,-6],[4,-38],[-22,-100],[18,-44],[-8,-54],[-57,-67],[-71,-33],[22,-34],[29,-130]],[[72140,29895],[-36,3],[-27,-31],[-96,-7],[-25,54],[-36,18],[-40,48],[-48,9],[-61,-46],[-46,24],[-14,-32],[-41,-18],[-5,-73],[11,-30],[-31,-37],[-15,17],[-93,-56],[-16,-27],[-109,-16],[-48,-51],[7,-48],[-77,-30],[-42,10],[-53,-38],[-27,-47],[-31,-9],[-117,-128],[-4,-25],[-28,-22],[105,-68],[23,-68],[-12,17],[-52,4],[-93,-49],[-31,-30],[26,-28]],[[71162,28692],[12,7],[46,19],[28,-27],[39,24],[30,-52],[46,12],[41,-34],[40,38],[43,-22],[47,0],[33,-36],[34,4],[-3,-42]],[[71598,28583],[-12,-29],[4,-175],[14,-69],[35,-67],[35,-8],[55,-85],[47,-5],[24,45],[86,-10],[-69,-78],[-40,16],[-45,-64],[-83,-44],[-21,-30],[-17,-66],[13,-36],[-46,-43],[-22,14],[-38,-40],[-16,-88],[33,-71],[1,-36],[-57,32],[-68,20],[-103,13],[-378,28],[-170,10]],[[71081,31811],[57,57],[87,-4],[28,28],[48,-34],[14,-33],[59,-31],[43,-28],[53,4],[36,28],[-12,-59],[24,-26],[-65,-146],[20,-11],[58,3],[29,20],[24,-32],[9,-58],[-27,-31],[21,-31],[62,44],[38,91],[77,56],[46,50],[0,32],[65,39],[26,50],[59,19],[35,32],[83,-156],[-5,-31]],[[72073,31653],[154,-144],[-70,-21],[-181,-48],[15,-18],[-57,-103],[-55,-53],[-3,-61],[-35,-13],[-37,10],[-83,-55],[0,-370]],[[72140,29895],[113,93],[53,-23],[41,2],[144,26],[65,-17],[49,2],[53,94],[84,37],[34,41],[58,9],[365,-212],[45,-88],[61,11],[76,-24],[27,17],[69,0],[50,19]],[[73527,29882],[-85,-64],[-136,-69],[-120,-42],[-155,-43],[-247,-77],[-81,-29],[-88,-40],[-233,-109],[-104,-63],[-116,-104],[-40,-21],[-34,-40],[4,-66],[-102,-68],[-78,-76],[-23,-69],[-45,-39],[-19,3],[-58,-76],[-7,-25],[-39,-27],[-13,23],[-40,-16],[-40,-72],[-30,-90]],[[72768,32158],[7,-64],[-60,-40],[-22,-46],[-26,-1],[-87,-89],[-76,-41],[8,-12],[-49,-31],[-35,-57],[-48,2],[-16,-21],[-41,35],[-52,-29],[-26,-39],[-39,13],[-39,-34],[-94,-51]],[[73914,31904],[-16,-109],[10,-41],[-49,-78],[-42,-34],[-12,-42],[-69,-105],[-45,-41],[-30,-57],[-8,-58],[7,-58],[32,-102],[42,-48],[53,-5],[9,-17],[2,-12],[-32,-164],[0,-148],[51,-242],[47,-212],[13,-81],[-1,-60],[-23,-75],[-55,-58],[-160,-93],[-111,-82]],[[80166,71271],[59,7],[35,-24],[44,57],[93,50],[126,121],[119,-17],[76,27],[9,-130],[1,-26],[37,-70],[256,40],[107,34],[0,1],[191,-76],[124,-104],[80,-87],[-45,-46],[124,-302]],[[82204,74109],[70,-129],[51,-60],[90,-76],[68,-7],[53,37],[49,-17],[74,-51],[39,0],[83,49],[31,-8],[42,36],[91,-72],[90,-3],[59,-59]],[[83094,73749],[-18,-56],[-41,-46],[-68,-11],[1,-154],[-96,0],[-40,-68],[0,-74],[96,-8],[3,-407],[-276,-1],[-154,1],[-51,-95],[11,-151],[-72,-268],[166,-410],[-54,-33],[-56,-59],[-41,-59],[-30,-27],[-19,18],[-41,-22],[-38,20],[4,-22],[-15,-164],[103,-74],[-34,-12],[-147,-218],[219,-288]],[[82406,71061],[-25,-69]],[[82406,71061],[18,73],[72,97],[124,-77],[70,240],[45,52],[9,41],[4,45],[44,51],[28,10],[42,-104],[37,-11],[9,-32],[-38,-35],[-13,-41],[-27,-32],[49,-43],[33,-99],[39,7],[57,-24],[46,-4],[32,-21],[22,-66],[-15,-87]],[[83093,71001],[-27,-10],[-5,-32],[-66,-64],[-49,10],[-29,-18],[22,-110],[50,-6],[17,-28],[5,-81],[-43,-25],[-32,11],[-71,-22],[68,-64],[7,-59],[64,-2],[77,-60],[52,-17],[51,-88],[94,14],[42,-56],[33,-41],[-29,-45],[24,-61],[-2,-39],[-42,-219],[-29,14],[29,-109],[27,5],[28,-29],[74,-34],[19,-51],[36,17],[5,-72],[84,-30],[61,16],[55,0],[27,-33],[29,0],[28,-26],[64,-6]],[[83094,73749],[99,-144],[75,-54],[89,-30],[32,-37],[24,6],[47,-52],[56,20],[85,-9],[15,31],[33,-13],[42,5],[66,-10],[71,16],[35,34],[63,6],[102,-16],[71,-26],[82,-31],[55,22],[39,-16],[42,-37]],[[84317,73414],[3,-24],[42,-32],[4,-83],[23,-129],[1,-210],[-207,99],[-27,-53],[-2,-111],[-65,-50],[-66,-91],[-67,-586],[364,-133],[84,-76],[16,0],[185,519],[-97,112],[141,-1],[71,-58],[-28,-111],[-70,-114],[64,-57],[1,-63],[180,-164]],[[84867,71998],[-65,-240],[-53,-154],[7,-85],[-12,-43],[-41,-12],[-52,35],[-59,-21],[-25,-64],[-36,25],[-25,-68]],[[84506,71371],[-78,95],[13,74],[-24,2],[-47,-67],[-80,-16],[-30,-62],[8,40],[-46,9],[-39,-10],[-47,57],[-57,-15],[-21,-98],[-25,-37],[-89,-40],[-146,-162],[-16,-170],[-204,-84],[-32,-59],[-29,54],[-66,-37],[-55,26],[-15,32],[3,49],[-113,5],[-27,57],[-55,-35],[-53,2],[-43,20]],[[84506,71371],[-69,-221],[-59,-148],[-47,-183],[15,-17],[87,-92]],[[84433,70710],[-2,-104],[-21,-79],[19,-35],[-73,-87],[-9,-38]],[[84317,73414],[42,38],[103,-20],[86,4],[108,-4],[73,13],[56,37],[58,31],[44,6],[38,28],[126,24],[69,-7],[93,-39],[57,-21],[67,-3],[53,-16],[59,5],[26,-10]],[[85475,73480],[-92,-341],[-14,-49],[-4,-14],[18,-183],[40,-407],[26,3],[55,50],[30,-19],[44,-17],[-4,-414],[-36,-48],[-43,28],[-105,41],[-57,8],[-33,-18],[-38,-42],[-27,20],[-29,-14],[-30,-18],[-38,-82],[16,-118]],[[85154,71846],[-81,1],[-119,42],[-87,109]],[[84433,70710],[68,-16],[2,54],[38,26],[77,29],[22,36],[94,48],[34,-25],[59,-8],[69,42],[40,41],[240,151],[229,-161]],[[85405,70927],[24,-116],[178,-59],[32,-76],[-51,-29],[-51,-49],[-20,-50],[-41,-22],[17,-43],[-3,-50],[-21,-24],[-5,-63],[-18,-48],[-53,-51],[-50,-60],[-46,-2],[5,-55],[56,17],[-3,-64],[-22,-82],[14,-43],[21,-3],[132,-78]],[[85154,71846],[-12,-47],[364,43],[270,-4],[40,-185],[7,-35],[92,-164],[146,-36],[-97,-130],[-174,-113],[6,-101],[172,-163]],[[85968,70911],[-41,-44],[-30,12],[-74,-39],[-25,2],[-54,47],[-7,21],[-60,21],[-22,-13],[-82,30],[-81,62],[-35,-5],[-52,-78]],[[85475,73480],[15,3],[59,-34],[135,-34],[139,-49],[18,3],[23,21],[111,-61],[80,-21],[49,-28],[46,-8],[47,-56],[17,-43],[95,-64],[49,-63],[26,-56],[27,-37],[42,-194],[38,-51],[24,-8],[36,-27],[-2,-42],[40,-49],[7,-76],[38,-57],[27,-4],[2,-68],[12,-32],[24,-101],[35,-44],[1,-92],[23,-54],[-2,-96],[29,-56],[28,-14],[-26,-109],[24,-104],[29,-52],[-4,-74],[6,-98],[56,-75],[-6,-65],[13,-75],[17,-31],[34,-7],[16,-40],[18,-13],[15,-59],[-6,-98],[28,-29],[-10,-38],[6,-162],[2,-63],[15,-39]],[[87040,70657],[-43,-21],[-79,59],[-25,40],[-41,-43],[-46,4],[-54,-19],[-39,16],[-49,-15],[-64,19],[6,-108],[-75,37]],[[86531,70626],[-75,23],[6,-110],[-19,-64],[-96,11],[-9,-46],[-36,-26],[-34,52],[75,110],[48,133],[-72,67],[-67,-21],[-4,-35],[-87,-56],[-21,-4],[-75,-63],[-52,5],[33,148],[-13,116],[22,14],[-31,92],[-27,23],[-29,-84]],[[86531,70626],[-60,-369],[16,-119],[65,-56],[14,-45],[-25,-74],[-60,-228]],[[87040,70657],[18,-28],[25,-82],[67,-15],[13,-31],[4,-119],[9,-58],[-14,-15],[21,-98],[21,-41],[58,-12],[24,-66],[20,-99],[-3,-28],[12,-99]],[[26230,64514],[28,-39],[24,-7],[16,-72],[-15,-76],[18,-30],[-19,-43],[-71,-57],[-28,6],[-92,-24],[-28,17],[-10,67],[-40,11],[-4,-96],[-23,-47],[20,-40]],[[26006,64084],[-57,9],[-32,-18],[-27,32],[-32,-6],[-31,-45],[2,-35],[-54,-9],[-30,35],[1,53],[-40,14],[-75,-50],[-36,1],[-16,27],[-50,-11],[-15,-26],[-47,8],[-36,-15],[-12,-50],[-53,3],[-19,-52],[-90,-43],[-51,34],[-84,5],[24,-49],[54,-21],[47,-71],[45,-8],[15,-76],[33,-5],[-12,-45],[24,-50],[52,-24],[-8,-70],[15,-31],[-4,-49],[20,-20],[-242,0],[3,-560],[3,-437],[-350,-100],[-470,-134],[-3,72],[-505,51],[2,11],[-384,36],[-580,50],[45,-49],[-1,-75],[57,-14],[57,77],[42,-25],[16,-33],[31,25],[28,-3],[44,37],[32,-11],[38,31],[14,-70],[36,12],[12,-24],[-15,-36],[17,-26],[-2,-58],[16,-42],[-31,-29],[24,-42],[6,-44],[-40,-31],[-16,-41],[-33,-9],[-8,-35],[-50,-49],[-17,-36],[11,-24],[-31,-76],[-24,-5],[3,-46],[-51,-78],[1,-35],[-21,-40],[10,-38],[-31,-14],[12,-65],[-25,-16],[4,-85],[-631,-2],[-377,0],[-52,29],[-64,-50],[-33,20],[-54,-35],[-76,41],[-33,-27],[-48,64],[-28,-15],[25,-53],[-32,-19],[-34,-83],[15,-58],[-6,-51],[-26,-41],[-27,-71],[13,-78],[171,0],[17,-47],[1,-45],[29,-33],[-1,-50],[28,-32],[-24,-41],[7,-66],[21,-24],[3,-42],[-15,-50],[58,-72],[16,-110],[25,-82],[-21,-56],[-55,-63],[14,-41],[-9,-38],[38,-36],[49,-78],[85,-83],[26,-39],[75,-19],[17,-37],[68,-27],[70,21],[51,-25],[9,-51],[60,-48],[-23,-69],[-61,-65],[-3,-54],[30,-41],[58,-59],[28,10],[66,-25],[17,-48],[-4,-43],[53,-61],[5,-58],[16,-40],[-5,-57],[101,-78],[92,-51],[28,19],[29,-6],[43,-53],[41,7],[16,-31],[52,-12],[28,-23],[59,19],[125,-23],[34,39],[32,6],[40,-19]],[[23303,58734],[11,-21],[1,-92],[-38,-31],[-37,2],[-8,-68],[16,-73],[42,-79],[12,-56],[-22,-23],[-61,6],[-28,-10]],[[23191,58289],[22,-27],[50,-6],[32,-33],[-10,-36],[6,-62],[-26,-29],[2,-38],[-22,-121],[13,-60],[21,-45],[7,-112],[-21,-86],[17,-33],[75,-85],[35,-21],[-13,-29],[31,-30],[16,-82],[-68,-60],[-8,-65],[-27,12],[-58,-5],[-24,-97],[-11,-74],[34,-55],[-41,-41],[-8,-56],[26,-55],[-8,-17],[21,-60],[-13,-21],[-71,-15],[-19,-32],[-48,2],[-6,-28],[-40,-52],[-117,8],[-9,-33],[-99,-14],[-119,-40],[-87,-120],[-52,24],[-52,-29],[-16,10],[-74,-23],[-1,-26],[-55,-5],[-51,-38],[-25,42],[-89,-64],[-28,1],[-73,-95],[-25,-61],[-1,-44],[-31,-42],[-20,-79],[-51,-56],[-74,24],[-23,-36],[-59,-34],[-48,-64],[36,-15],[-6,-36],[-30,-28],[-61,-13],[-44,-52],[-39,17],[-95,-110],[-24,-16],[-2,-77],[-18,-56],[-30,15],[-34,-10],[-79,-105],[12,-20],[-27,-67],[-25,-33],[-47,-30],[-30,36],[-33,-43],[-52,-10],[-9,56],[-22,32],[-57,6],[-18,-16],[-18,-79]],[[21026,55187],[-48,3],[-124,56],[-53,9],[-40,40],[-10,50],[5,65],[38,64],[-19,40],[-33,0],[-38,-30],[11,-47],[-8,-57],[-29,-44],[-41,30],[24,86],[-5,26],[-64,42],[-47,-21],[-35,-71],[-40,41],[24,63],[50,43],[-7,52],[-31,61],[-28,24],[-99,-7],[-74,-38],[-29,20],[-42,70],[-39,-18],[-33,-42],[-44,60],[-50,-15],[-28,34],[21,39],[-36,23],[32,41],[20,63],[5,67],[-21,17],[-60,7],[-40,42],[-1,33],[22,82],[2,96],[-44,130],[-1,40],[-44,37],[-63,-37],[-123,-3],[-5,-22],[26,-56],[-31,-11],[-38,18],[-103,72],[-20,29],[6,35],[57,58],[30,55],[0,27],[-31,60],[16,44],[-23,62],[7,28],[44,59],[-13,59],[-72,12],[-122,35],[-32,139],[-18,161],[-19,70],[26,48],[59,9],[-8,49],[-70,4],[-30,24],[-35,137],[2,72],[26,31],[52,-1],[16,31],[-13,32],[-59,2],[-28,100],[1,24],[33,49],[45,35],[87,28],[21,39],[-8,54],[-39,48],[8,34],[104,106],[-36,53],[-43,93],[43,15],[-20,129],[-92,118],[-51,44],[-51,17],[-7,55],[31,-2],[15,29],[-10,67],[13,112],[-11,69],[-22,39],[-49,30],[-54,9],[-26,65],[12,40],[29,30],[-16,92],[-28,32],[-6,34],[21,38],[-31,50],[-10,42],[13,33],[45,4],[48,86],[6,52],[-29,88],[36,57],[28,23],[35,56],[36,30],[27,45],[28,109],[27,27],[14,49],[-41,141],[15,66],[-7,112],[-37,41],[-22,85],[22,116],[-5,60],[-24,31],[0,55],[10,59],[36,72],[37,37],[20,51],[-1,48],[-78,73],[-13,81],[-34,67],[-26,77],[-53,68],[-37,29],[-108,42],[-1,-60],[-63,-53],[-40,1],[7,-42],[-32,-1],[-7,-97],[13,-27],[-34,-38],[-46,26],[-7,-41],[-64,-36],[26,-49],[-96,-25],[-24,42],[-51,-23],[-6,63],[-32,47],[-28,-5],[-28,29],[-38,-45],[-7,-34],[-39,24],[20,29],[-19,51],[46,9],[9,51],[-43,-20],[-41,0],[-52,-63],[-25,39],[-35,20],[14,48],[-26,7],[6,-77],[-19,-50],[-49,-4],[-37,53],[-70,-69],[-40,8],[21,60],[-21,37],[-32,2],[-61,-30],[-40,-8],[-28,19],[-67,-45],[-2,-52],[-25,-22],[-38,29],[-53,-41],[-16,57],[-85,12],[-59,-18],[-18,21],[-39,-21],[-65,14],[-46,-19],[-8,-26],[-42,-8],[2,-55],[-48,-12],[-49,46],[-34,-45],[-50,-7],[-25,-25],[-61,31],[-95,-42],[-6,-39],[-53,-10],[-47,11],[-20,-47],[-42,38],[-76,-22],[-18,19],[-92,-22],[-13,-21],[-65,-9],[-24,20],[-62,-50],[-73,16]],[[27838,58338],[-183,-1],[-1,-337],[-78,-1],[2,-360],[-65,-14],[-18,-16],[-8,-63],[-56,-40],[-28,-33],[5,-25],[3,-33],[-32,-82],[-71,-62],[-20,12],[-2,18],[-57,23],[-28,-6],[-57,39],[-51,92],[-26,13],[-53,91],[-21,-15],[-55,20],[-35,-24],[-43,6],[-32,22],[-40,-41],[-42,18],[-35,-21],[-61,37],[-27,-11],[-27,-21],[-6,-55],[-27,-110],[-46,-62],[-73,-66],[-23,-37],[-35,21],[-41,-26],[-51,15],[-79,-23],[-34,-26],[-35,-52],[-34,-72],[-42,-26],[-13,-45],[-52,-34],[-26,-60],[-67,-14],[-22,-20],[-11,-60],[-30,-46],[0,-48],[76,-86],[-5,-73],[13,-15],[-4,-58],[-20,-33],[5,-36],[36,12],[4,-53],[49,9],[31,-19],[106,-10],[17,-41],[49,-38],[114,45],[14,-51],[30,7],[5,-67],[-58,-196],[-37,21],[-41,-15],[-54,18],[-111,-3],[-46,-17],[-84,-8],[-32,-41],[-49,-37],[-7,-31],[-83,-76],[-8,-35],[-83,-51],[-15,-23],[-47,-25],[-2,-36],[-72,-55],[-74,-33],[-5,-88],[22,-85],[-41,-84],[18,-42],[-59,-65],[-7,-31],[49,-45],[62,15],[37,-48],[78,-31],[50,-8],[75,-49],[39,7],[113,-64],[51,-49],[70,12],[141,57],[20,-6],[74,-177],[14,-89],[-27,-12],[12,-61],[-36,-57],[16,-93],[-27,-52],[-104,-112],[-46,-26],[-34,-44],[-12,-52],[-41,-65],[-34,-36],[-61,-130],[-53,-41],[-24,-50],[-82,-20],[-41,-72],[-9,-69],[-58,33],[-28,-35],[-40,2],[-38,-73],[-41,-45],[-21,-41],[-50,-27],[-9,-44],[-36,-17],[-65,10],[-20,-48],[-57,-13],[-19,53],[6,35],[-56,47],[-18,-27],[-42,22],[-5,36],[-65,-18],[-56,12],[-52,-40],[-59,52]],[[24835,53539],[-38,16],[-27,30],[-37,-5],[-11,-30],[-46,18],[-17,-29],[-28,38],[-64,25],[4,67],[-25,7],[0,44],[-28,19],[-18,79],[-28,48],[-53,6],[-9,57],[39,27],[8,25],[-77,7],[5,66],[-42,-3],[-30,31],[-49,26],[-14,44],[-97,-32],[15,-41],[-18,-20],[-44,0],[-34,-23],[-14,-32],[-34,-20],[-91,9],[-87,38],[-36,26],[-42,-7],[-38,22],[-36,43],[-14,54],[-31,16],[-34,57],[6,48],[-88,11],[-62,-15],[-57,56],[-52,95],[-57,18],[-39,30],[-46,11],[-18,32],[-78,28],[-45,2],[-32,30],[-95,28],[-75,-7],[-52,30],[-28,-45],[-33,0],[-36,-42],[-37,8],[-51,34],[-31,0],[-5,-48],[-25,-41],[6,-46],[-21,-27],[-33,-4],[-37,-36],[-56,-10],[-62,63],[-28,-24],[-32,14],[-49,-15],[-25,45],[-33,15],[-36,-25],[-38,41],[-35,-46],[-35,67],[-32,-18],[-5,-45],[-20,-29],[-35,7],[0,106],[-57,-10],[-19,21],[-65,24],[-26,-37],[-86,-86],[-32,32],[18,56],[-11,29],[-62,3],[-58,-9],[-116,28],[-34,20],[-35,51],[-35,31],[-28,57],[-88,51],[-27,36],[-1,32],[25,27],[18,92],[-8,80],[-22,90],[-39,5],[-41,-38],[-23,-3],[-53,68],[-42,-1]],[[23191,58289],[100,-14],[35,-60],[59,-3],[27,-27],[63,8],[42,40],[32,-12],[79,3],[45,-49],[63,-25],[-1,-32],[44,-7],[51,28],[30,-31],[-17,-34],[74,-111],[-9,-21],[40,-32],[78,3],[46,63],[63,56],[22,5],[-3,54],[37,42],[84,-14],[56,2],[56,44],[59,-15],[56,56],[77,-6],[84,24],[48,3],[35,-11],[91,8],[390,390],[429,433],[594,596],[308,312],[-34,43],[-10,166],[16,125],[30,38],[-13,36],[37,5],[11,40],[88,6],[32,50],[30,8],[46,77],[27,-24],[36,7],[-18,62],[43,32],[-10,68],[24,-2],[0,45],[-47,71],[65,91],[22,95],[39,4],[44,-83],[37,3],[64,-23],[32,41],[-42,173],[37,56],[22,11],[30,66],[-16,73],[17,37],[58,18],[6,59],[31,53],[-9,53],[14,48],[39,7],[30,-29],[61,7],[50,-15],[48,31],[34,3],[68,30],[77,57],[79,-86]],[[26006,64084],[6,-21],[45,-11],[7,-76],[118,-108],[-14,-69],[-59,-43],[-13,-76],[-35,-55],[-2,-25],[47,-30],[-13,-85],[-44,-37],[1,-37],[26,-33],[11,-94],[-11,-30],[22,-115],[0,-107],[-18,-159],[45,-209],[19,-19],[-63,-117],[-54,7],[-29,-47],[-39,-20],[4,-60],[-53,-63],[-3,-54],[-30,-126],[9,-83],[-7,-39],[-42,-59],[-25,-8],[-8,-80],[-42,-46],[-55,-40],[-3,-33],[-35,-73],[-79,5],[31,-93],[10,-65],[64,-59],[28,-43],[133,-22],[30,-61],[-1,-4],[-47,-32],[-20,-98],[-1,-127],[-22,-25],[-12,-57],[-80,-68],[-11,-78],[-26,-31],[-30,-115],[-61,-8],[-23,-29],[-11,-68],[-16,-32],[9,-61],[-30,-94],[1,-41],[-22,-32],[-33,-1],[-118,-239],[-1,1],[-264,-521],[1,-3],[-474,2],[-478,-2],[-568,1],[-140,-1],[-17,-44],[3,-54],[-47,-70],[24,-61],[21,-20],[1,-54],[-42,-74],[-12,-62],[24,-94],[-16,-23],[5,-55],[-35,-19],[-30,-103],[39,-59],[-24,-49],[1,-28]],[[30277,58328],[-20,-25],[10,-48],[-24,-71],[-58,-46],[-26,-6],[-3,-65],[16,-16],[-47,-48],[18,-34],[0,-99],[-27,-36],[0,-98],[9,-86],[61,-74],[38,-24],[-20,-33],[12,-142],[56,-23],[44,-95],[-6,-19],[16,-83],[-52,-25],[-4,-21],[-14,-56],[68,-24],[-14,-88],[11,-19],[-18,-57],[19,-34],[6,-96],[-38,-42],[4,-32],[-19,-60],[33,-21],[-8,-51],[39,-49],[-58,-115],[8,-23],[-19,-45],[75,-76],[-9,-25],[103,-84],[3,-41],[26,-52],[0,-109],[49,-36],[-4,-37],[-31,-41],[-42,-29],[33,-149],[24,-34],[-7,-29],[69,-74],[20,-90],[27,-31],[-5,-51],[21,-77],[-5,-119],[13,-37],[-589,-5],[-189,-3],[-51,21],[-79,173],[-9,50],[-1048,-2],[-40,-135],[8,-72],[22,-67],[-10,-31],[19,-71],[-27,-78],[-49,-38],[-8,-56],[-23,-20],[-35,-74],[-20,-65],[-55,-88],[-36,-111],[-24,-15],[-23,-60],[-2,-44],[-29,-35],[-9,-74],[-20,-43],[-30,77],[0,55],[-29,15],[2,85],[-32,32],[-10,92],[-32,1],[-48,-55],[-36,21],[-85,92],[-72,-1],[-41,-12],[-89,5],[28,-34],[10,-67],[35,-26],[13,-52],[-14,-79],[20,-36],[-18,-33],[15,-56],[-34,-78],[9,-36],[-56,-82],[-94,-32],[-64,-58],[-106,-40],[-86,-79],[-79,-53],[-19,-32],[-68,-22],[-48,-27],[-24,-49],[-67,-41],[-58,8],[-34,-61],[7,-59],[-13,-60],[-27,-17],[-10,-85],[-25,-32],[-72,-38],[-66,-113],[-10,-34],[-42,-74],[-2,-26],[-39,-86],[-63,-61],[-52,-16],[-64,-57],[-11,39]],[[26574,52758],[-10,26],[-34,11],[-18,-31],[-60,69],[-48,-50],[-20,8],[-2,67],[-31,34],[-33,-26],[-35,2],[-2,-63],[-49,-10],[-38,18],[-32,-21],[-39,41],[-79,-23],[-46,7],[-22,25],[-34,2],[-4,43],[-41,-14],[-41,52],[6,32],[-111,25],[-44,-18],[-48,45],[-52,-21],[-24,21],[-122,63],[-4,38],[-42,40],[9,38],[-36,54],[-35,14],[-32,-55],[-43,-4],[-10,-27],[-59,4],[-20,-53],[-41,51],[-9,-39],[-51,20],[-34,37],[-32,84],[12,44],[-44,29],[-36,-35],[-25,17],[11,45],[-56,32],[-23,60],[-30,37],[4,36]],[[29719,51402],[-57,16],[-77,6],[-3,49],[-35,22],[-53,3],[-41,66],[-37,-5],[-78,36],[-32,60],[-33,24],[-36,71],[13,22],[-33,20],[-38,-29],[-37,39],[-44,-29],[-42,-6],[-14,50],[6,52],[24,27],[-36,32],[-47,-24],[-12,-28],[-43,-10],[-7,25],[-54,25],[-35,-60],[-7,-41],[-44,30],[-18,-19],[-43,0],[-40,43],[-37,-16],[11,-28],[-26,-22],[-30,28],[-31,-12],[-49,44],[-11,43],[-60,-25],[-23,10],[-6,49],[-38,-9],[3,-40],[-55,-4],[-49,-45],[-88,3],[-34,-22],[6,-24],[-118,-30],[-33,-15],[-50,23],[-36,-4],[-30,32],[-78,44],[-36,-1],[-29,46],[-50,-28],[-47,-10],[-36,23],[-15,-31],[-38,35],[-56,-8],[-83,-47],[-47,16],[-13,-52],[-46,20],[-27,-13],[-60,27],[-37,-31],[-43,2],[-36,27],[-32,79],[5,45],[-15,100],[-26,36],[-34,-18],[-32,21],[-26,45],[-68,5],[19,38],[-34,8],[14,35],[-21,23],[-51,0],[-27,45],[-4,53],[-35,-17],[-30,45],[-51,52],[-34,14],[-70,82],[13,21],[1,80],[-13,39],[0,103]],[[21944,95431],[-6,27],[7,98],[-4,55],[-54,90],[-77,78],[-30,58],[-53,56],[-18,77],[-93,60],[-12,20],[-64,42],[-99,48],[-44,36],[-42,11],[-69,-3],[-61,69],[-42,82],[-64,56],[-34,46],[-27,119],[-99,72],[-21,48],[-38,43],[-51,33],[-16,30],[-7,61],[-55,67],[-32,99],[-21,39],[-47,43],[-68,40],[-60,56],[-26,96],[-7,76],[8,43],[49,66],[43,6],[112,-62],[69,-31],[33,-28],[59,-71],[39,-119],[39,-77],[68,-54],[73,-32],[36,31],[52,7],[47,-9],[76,15],[78,41],[62,-7],[39,13],[114,-20],[65,5],[37,32],[30,0],[16,-40],[41,4],[72,-36],[62,3],[43,31],[54,-48],[32,-10],[55,-53],[28,-82],[-8,-48],[54,-90],[54,-116],[35,-26],[1,-26],[75,-3],[11,-75],[41,-8],[23,-56],[68,58],[2,35],[25,28],[55,20],[23,-8],[91,50],[34,-26],[84,-14],[68,3],[23,12],[35,-20],[-5,-30],[36,-14],[100,-20],[19,37],[-18,35],[-41,22],[10,57],[23,66],[1,43],[22,16],[33,-14],[26,-32],[13,-48],[58,-49],[57,-80],[-3,-58],[49,-57],[38,20],[-1,-43],[15,-30],[55,-17],[28,-23],[27,23],[0,36],[37,9],[71,-39],[36,17],[-7,43],[58,77],[-47,58],[-14,36],[-29,18],[52,55],[35,-5],[45,14],[71,-46],[51,-15],[53,30],[9,34],[55,-23],[21,-44],[51,15],[15,-17],[95,-15],[-50,-155],[-14,-18],[3,-79],[13,-39],[50,-61],[55,4],[25,-20],[101,-2],[81,-67],[39,-65],[20,-3],[-6,-120],[-21,-50],[90,-51],[13,-40],[22,-9],[31,-56],[41,-38],[55,-5],[53,52],[32,63],[11,54],[25,-4],[43,29],[32,40],[40,28],[42,73],[58,-15],[43,-36],[13,-49],[82,-69],[27,49],[11,47],[-27,251],[-62,67],[39,40],[-79,111],[5,93],[56,31],[26,63],[-28,46],[-9,73],[38,21],[-9,27],[44,21],[26,-11],[74,-7],[24,16],[47,-6],[25,26],[41,-18],[41,12],[47,-30],[17,-36],[57,0],[-15,41],[35,28],[15,77],[-37,7],[32,80],[72,45],[25,40],[46,-30],[39,31],[12,39],[-28,22],[68,42],[108,-13],[27,-29],[53,-4],[7,-37],[52,-42],[85,15],[21,-27],[71,-11],[11,-22],[62,-20],[41,10],[8,-37],[102,-49],[33,20],[42,2],[-6,76],[23,-7],[80,40],[-23,36],[37,36],[37,-21],[82,15],[41,48],[96,-127],[12,-37],[32,-20],[18,135],[51,13],[30,-19],[34,8],[-8,35],[53,10],[32,-36],[41,20],[7,53],[29,102],[38,-11],[48,21],[-25,37],[81,24],[35,-30],[45,26],[51,-1],[50,19],[59,-53],[53,52],[39,-44],[65,18],[95,127],[25,55],[-29,9],[-14,43],[22,15],[-7,96],[16,51],[61,13],[54,66],[31,7],[45,-34],[13,20],[67,-26],[45,9],[46,-21],[33,24],[69,79],[40,-4],[21,53],[-70,63],[-29,5],[-15,28],[15,50],[130,5],[33,-19],[70,-12],[39,-22],[34,8],[50,-57],[26,-4],[13,-36],[47,60],[65,32],[43,0],[64,15],[117,-15],[34,62],[38,5],[23,48],[-7,52],[39,-8],[-7,52],[23,42],[-15,46],[-28,20],[7,34],[65,22],[22,53],[-7,41],[29,40],[55,-3],[47,-30],[50,63],[26,-3],[31,55],[95,28],[23,-10],[35,43],[25,5],[16,66],[53,28],[53,77],[30,22],[15,91],[52,10],[7,40],[38,51],[38,7],[18,74],[-20,38],[-14,74],[-55,71],[-19,59],[-29,21],[9,132],[-39,61],[3,57],[-84,105],[-53,-3],[-22,13],[11,49],[31,-4],[28,27],[100,4],[61,-39],[74,5],[33,-49],[70,-10],[14,22],[46,13],[42,-13],[113,-7],[7,-41],[28,-7],[34,32],[2,31],[83,38],[31,-42],[48,1],[72,15],[20,41],[75,20],[16,43],[40,2],[24,28],[51,23],[23,-14],[21,-42],[-5,-30],[54,-30],[33,16],[41,41],[10,-56],[59,-84],[25,-137],[64,-18],[15,-33],[75,-73],[68,-20],[-26,-66],[28,-26],[-19,-64],[31,-95],[-13,-67],[5,-73],[-30,-58],[-16,-141],[-11,-50],[-23,-27],[-23,-104],[29,-27],[-5,-89],[-32,-54],[30,-43],[-109,-133],[-2,-70],[10,-33],[-38,-26],[-77,-4],[-20,-23],[10,-52],[-21,-30],[-44,18],[-10,-44],[14,-17],[-13,-77],[20,-15],[113,-5],[-8,42],[38,15],[39,-17],[20,-52],[103,-17],[35,16],[24,-34],[45,5],[34,33],[77,-33],[27,-27],[106,-10],[-11,-39],[21,-18],[118,1],[90,-29],[27,-43],[33,2],[43,-45],[-2,-18],[61,-48],[39,-81],[-33,-32],[-31,-53],[-32,-31],[-18,-57],[28,-40],[-49,-77],[10,-21],[15,-105],[33,-49],[23,-11],[44,-36],[101,-5],[42,-31],[-74,-159],[24,-7],[53,-71],[34,-19],[14,-84],[46,-32],[-31,-31],[36,-15],[49,26],[51,-31],[23,-59],[-43,-46],[-70,-28],[-2,-60],[-61,-21],[3,-61],[33,-73],[-36,-63],[-3,-29],[-46,-3],[-53,-25],[-58,-10],[-20,-53],[24,-68],[-9,-78],[-81,-36],[-35,-59],[-47,-13],[-26,-23],[-31,-69],[-54,-22],[-60,8],[-47,-35],[-26,-3],[-19,-79],[-29,-27]],[[31593,95621],[-31,1],[-44,58],[-39,-20],[-25,-44],[-21,-2],[-33,31],[-31,-37],[-62,-14],[-67,-40],[-16,-24],[-35,-2],[-69,-86],[-82,-43],[-43,-40],[-38,4],[-44,-44],[-22,-73],[-26,-26],[-101,-34],[-118,-17],[-58,-46],[-10,69],[15,56],[37,16],[7,39],[30,27],[-7,37],[-29,29],[-25,87],[-24,57],[-31,35],[-78,7],[-20,49],[-64,33],[-49,13],[-42,-13],[-7,26],[-41,37],[-23,-9],[-18,-46],[-84,-74],[-23,-74],[-33,-18],[14,-44],[-12,-54],[-59,-3],[-1,-24],[-53,-32],[-8,-22],[14,-41],[-6,-78],[-54,64],[-61,24],[-28,46],[-66,48],[-62,14],[-43,50],[-58,3],[-43,-10],[-29,-27],[-70,-3],[-40,-16],[-31,12],[-53,-8],[-45,-40],[-46,41],[-39,2],[-91,-51],[-31,-32],[-42,-23],[-89,8],[-77,-17],[-95,-1],[-40,38],[-47,7],[-29,-10],[-70,3],[-51,-35],[-58,-92],[-93,-80],[-16,-31],[-74,-8],[-66,30],[-60,-39],[-122,-8],[-35,-25],[-47,-11],[-23,-48],[-28,-19],[-71,15],[-104,-3],[-36,48],[-27,69],[-90,-70],[-53,-24],[-49,37],[-15,-33],[-91,-5],[-33,19],[-54,6],[-56,-19],[-42,-81],[-7,-54],[-18,-16],[-77,47],[-13,24],[-88,-7],[-55,-96],[-28,26],[-106,-31],[-69,37],[-29,0],[-25,-31],[-120,-46],[-132,-120],[-33,-7],[-34,-56],[-40,-5],[-38,-58],[-41,8],[-45,29],[-50,-17],[-26,23],[-63,2],[-56,-39],[-79,-36],[-49,-4],[-34,21],[-3,69],[-18,68],[-39,43],[-58,10],[-53,23],[-74,45],[-28,-11],[-87,17],[-62,33],[-37,-29],[-86,-44],[-103,48],[-55,6],[-71,-9],[-38,28],[-25,-5],[-38,47],[-59,22],[-29,28],[-54,24],[-39,37],[-56,9],[-41,20],[-28,59],[-56,5],[-21,18],[-3,42],[-29,30],[-12,41],[-58,62],[-108,59],[-28,56],[-28,2],[-35,41],[-18,47],[-49,61],[-4,44],[21,23],[-2,40],[32,104],[-6,43],[-59,53],[-9,77],[-29,21],[-113,-4],[-50,20],[-11,-16],[9,-84],[-17,-53],[12,-45],[-67,-75],[-40,-17],[-54,35],[11,55],[-23,39],[-31,-28],[-63,4],[-57,31],[-64,51],[-20,39],[-67,11],[-51,51],[-77,-16],[-65,67],[9,55],[-54,27],[-37,-5],[-50,13],[-40,-43],[-60,-27],[-30,4],[-49,-47],[-13,-48],[3,-51],[-39,-115],[-17,-75],[3,-39],[-59,-26],[-8,-23],[-71,-25],[-20,-47],[-23,-9],[-58,-166],[-56,-49],[-33,-42],[-30,4],[-63,54],[-61,15],[-28,-34],[-71,-2],[-38,46],[-56,20],[-67,55],[-41,4],[-37,-17],[-75,-5],[-97,40]],[[31593,95621],[66,-28],[10,-59],[40,-19],[36,-39],[4,-41],[-49,-19],[-10,-71],[-25,-32],[-5,-47],[30,-3],[19,-33],[33,-143],[-43,4],[-21,-20],[14,-37],[-33,-67],[-17,-6],[-20,-71],[-31,-5],[-18,-43],[15,-78],[-30,-32],[-44,-11],[-11,-63],[27,-80],[-28,-26],[-15,-37],[24,-51],[-48,-6],[-28,-61],[-32,-30],[14,-48],[-20,-70],[-2,-43],[30,-21],[-38,-103],[9,-29],[-51,-55],[-6,-52],[19,-34],[-26,-38],[16,-22],[-21,-87],[10,-93],[-14,-44],[12,-107],[-10,-25],[13,-143],[28,-26],[-6,-73],[39,-80],[-27,-38],[61,-20],[34,-48],[-20,-32],[45,-72],[-2,-49],[50,-66],[7,-72],[-14,-43],[11,-63],[-30,-61],[44,-84],[46,-14],[71,-75],[29,-7],[43,-35],[39,-52],[35,25],[58,-5],[49,-39],[-11,-27],[17,-77],[-21,-28],[10,-52],[-30,-70],[0,-80],[22,-21],[16,-60],[-3,-44],[-28,-18],[-12,-68],[27,-90],[-12,-75]],[[31903,91614],[-439,0],[-508,0],[-22,-107],[-100,-126],[-20,-7],[-22,-57],[-59,-45],[-53,-73],[-49,-26],[-69,-100],[-57,-31],[-41,-45],[-30,-54],[-35,22],[-71,-9],[-62,-29],[-46,-6],[-12,-48],[-70,24],[-33,-29],[-61,10],[-8,31],[50,71],[-4,22],[-62,76],[-9,51],[3,59],[-27,46],[-109,49],[-37,70],[-27,-5],[-89,16],[-73,-12],[-24,22],[-23,76],[0,57],[27,50],[13,57],[-103,-1],[-95,-41],[-95,3],[-56,-13],[-63,13],[-27,-46],[-36,-5],[-52,-48],[-44,31],[-51,61],[-3,46],[-24,22],[-28,71],[-18,69],[27,95],[56,115],[132,127],[42,54],[-35,56],[-65,32],[-25,25],[-127,99],[-50,-24],[-79,-20],[-198,-67],[-67,63],[-56,0],[-56,-28],[-64,26],[-65,-15],[-27,-17],[-85,32],[-52,38],[-104,59],[-120,24],[-56,28],[-54,105],[-26,85],[-61,14],[-40,-8],[-96,-58],[-35,-12],[-84,-75],[-22,-50],[-33,-31],[-75,-24],[-146,5],[-96,-27],[-109,-61],[-105,-41],[-68,-10],[-56,-30],[-186,-182],[-38,98],[-65,69],[-52,-23],[-94,-13],[-28,-14],[-122,-30],[-42,1],[-35,-34],[-41,-13],[-132,-109],[-76,-52],[-14,-19],[-107,7],[-17,-9],[-66,25],[-26,-33],[-47,2],[-3,48],[-22,14],[-55,64],[-28,68],[-6,46],[14,35],[-46,71],[-122,25],[-110,-11],[-63,0],[-36,14],[-59,0],[-65,23],[-27,20],[-25,53],[-69,49],[-78,72],[-38,-16],[-53,33],[-13,36],[-42,44],[-117,-10],[-52,16],[-9,53],[11,89],[-40,144],[5,102],[-6,20],[-50,57],[24,74],[78,91],[13,57],[41,54],[48,1],[45,40],[30,1],[76,40],[30,33],[-4,37],[18,54],[-9,22],[-59,5],[-42,28],[-19,43],[-58,19],[-65,7],[-50,-15],[-33,14],[-56,-33],[-53,13],[-45,-5],[-22,19],[-39,-2],[-77,24],[-32,31],[-63,-18],[-34,16],[-68,-23],[-70,-73],[-28,-9],[-90,-2],[-38,-20],[-3,-27],[-48,11],[-35,24],[-86,20],[-24,-7],[-39,-75],[-4,-69],[-11,-29],[5,-109],[-29,-18],[9,-108],[-51,-73],[-54,-27],[-43,24],[-89,17],[-33,-8],[-58,7],[-80,-44],[-191,-93],[-412,-209],[-46,-7]],[[22405,92813],[-22,-7],[-28,34],[-45,-30],[-41,71],[-38,9],[-7,27],[28,52],[5,115],[40,16],[33,61],[4,43],[41,41],[16,60],[-15,27],[13,41],[-37,35],[-1,25],[44,20],[-9,34],[-28,20],[8,85],[-31,17],[-10,44],[6,52],[-64,40],[-40,49],[-20,75],[-7,136],[-93,71],[-30,51],[-13,62],[-67,72],[-46,85],[-39,29],[-77,81],[-1,54],[19,28],[32,80],[5,43],[-12,88],[0,60],[-56,145],[-6,77],[13,136],[-44,64],[8,43],[26,38],[84,88],[41,31]],[[23761,92158],[-39,45],[-29,50],[11,65],[-15,92],[-46,121],[6,54],[61,73],[-2,49],[-24,25],[-88,17],[-121,-17],[-109,-27],[-144,-43],[-96,-38],[-73,-15],[-140,-3],[-66,12],[-151,57],[-44,28],[-69,22],[-140,55],[-38,33]],[[31903,91614],[1,-41],[-19,-30],[8,-42],[-38,-82],[-10,-59],[28,-56],[-15,-37],[17,-32],[57,-6],[64,11],[40,-35],[20,27],[33,-27],[-18,-44],[-46,-40],[-22,-74],[-3,-57],[53,-4],[28,-30],[49,-7],[5,-31],[28,-33],[113,53],[19,-27],[55,-23],[16,-64],[28,-27],[6,-32],[40,13],[-3,-72],[26,-48],[40,-23],[39,4],[23,-65],[23,-19],[-8,-51],[41,-38]],[[32621,90466],[-79,-15],[-72,116],[-30,13],[-57,-16],[-40,19],[-124,29],[-44,31],[-42,9],[-39,-43],[-69,25],[-66,-33],[-35,9],[-91,-4],[-24,-50],[21,-24],[-3,-36],[-52,-12],[-15,-62],[-38,-25],[24,-40],[-30,-48],[-2,-100],[57,-50],[1,-31],[28,-46],[16,-91],[-41,-70],[-2,-40],[22,-12],[-12,-89],[17,-20],[-14,-28],[-34,1],[-10,-27],[-42,3],[-38,-112],[-46,-66],[-31,62],[-33,-36],[-96,-21],[-63,-28],[-30,-98],[-17,-10],[-33,-34],[-59,7],[-150,-62],[-93,5],[-185,67],[-52,2],[-33,-21],[-32,17],[-74,-16],[-39,52],[-54,-23],[-78,15],[-52,-19],[-145,-126],[2,-26],[-38,-34],[-6,-37],[-50,-29],[-14,-39],[-4,-72],[-45,7],[-61,-138],[-51,-17],[-80,-90],[-36,-3],[-34,18],[-41,-62],[-57,-4],[-43,-26],[-39,41],[-4,75],[7,56],[-73,3],[-28,14],[-10,45],[-37,48],[-20,3],[-41,72],[16,62],[-9,86],[-43,28],[-28,71],[-74,70],[-47,-31],[1,-24],[-42,-90],[-43,-4],[-39,42],[-50,9],[-25,-22],[-40,37],[-22,-35],[-40,8],[3,-49],[-24,-20],[6,-37],[-38,-21],[-9,-73],[-29,16],[-18,-46],[-39,-18],[-9,-37],[-39,-83],[-28,20],[-21,-40],[-22,52],[-32,14],[-53,-8],[-20,63],[-28,42],[-31,4],[-40,-74],[-85,16],[-64,43],[-64,-40],[-46,-65],[-21,-74],[-33,-36],[-76,-106],[-10,-72],[-18,-57],[-37,-87],[-105,-159],[-60,-45],[-72,-68],[-25,-34],[-50,-97],[-54,-69],[-9,-59],[-33,-117],[-32,-44],[-75,-66],[-62,-138],[-44,-194],[-62,-130],[-13,-111],[-13,-59],[-16,-193],[17,-180],[-8,-100],[-19,-60],[-46,-91],[-6,-41],[-24,-57],[16,-66],[39,-69],[2,-39],[-35,-84],[-7,-71],[-20,-87],[-36,-115],[-8,-66],[18,-118],[-37,-117],[4,-65],[32,-66],[56,-69],[10,-73],[-40,-88],[-14,-56],[3,-35],[26,-60],[4,-116],[-59,-143],[-43,-79],[-27,-74],[21,-131],[20,-48],[5,-53],[-17,-67],[-45,-51],[-16,-45],[-2,-47],[30,-91],[-9,-50],[-32,-92],[-4,-33],[69,-146],[-7,-62],[-29,-44],[-13,-49],[5,-53],[34,-66],[40,-135],[13,-125],[-32,-59],[-41,-107],[7,-66],[34,-83],[32,-32]],[[32621,90466],[32,14],[9,-51],[34,-42],[13,-37],[75,30],[40,-86],[-7,-60],[50,11],[61,-117],[7,-34],[42,-47],[38,-3],[22,-24],[88,-8],[23,-36],[36,-3],[33,-31],[33,13],[29,-24],[35,14],[73,-48],[70,-13],[40,17],[17,-19],[44,9],[27,-58],[35,20],[106,11],[0,-82],[44,-14],[27,-49],[-40,-23],[21,-60]],[[38514,11102],[108,36],[62,14],[47,-17],[17,-43],[31,0],[58,17],[62,-14],[-11,52],[32,22],[32,-29],[27,31],[102,-8],[35,19],[63,-13],[7,-40],[40,-29],[84,-16],[102,41],[31,33],[99,-25],[63,-25],[78,45],[82,-1],[27,40],[66,18],[5,79],[-13,63],[25,28],[48,-9],[35,-32],[25,-77],[62,-32],[38,37],[0,59],[52,31],[11,58],[45,-9],[70,-87],[42,-15],[53,-54],[45,26],[55,-5],[-18,-48],[23,-40],[41,-29],[55,-60],[35,29],[9,37],[45,3],[22,49],[35,37],[4,45],[59,7],[23,35],[29,-32],[29,10],[79,72],[16,59],[53,20],[34,-16],[22,19],[13,89],[77,50],[44,9],[37,-12],[21,51],[45,17],[97,6],[34,-10],[41,-2],[7,-40]],[[41467,11626],[35,-32],[25,-74],[26,-36],[10,-131],[-41,13],[-55,-22],[-8,-70],[-45,-41],[1,-28],[123,29],[-26,-72],[65,-16],[17,-55],[53,-43],[47,-101],[66,-108],[-34,-24],[-24,-45],[-29,-16],[-25,-152],[51,-14],[65,-56],[39,28],[36,1],[39,35],[72,-8],[23,-38],[46,-3],[-1,-38],[38,-38],[10,-79],[109,3],[31,-8],[5,-136],[13,-43],[21,-82],[-29,-52],[-56,-16],[20,-65],[-17,-42],[-52,-30],[-16,-46],[-34,-41],[-79,-35],[-10,-52],[-24,-61],[-1,-39],[-51,-74],[-4,-58],[-98,-108]],[[41794,9407],[-159,16],[-64,-35],[-68,-12],[-61,36],[-33,-17],[-36,-50],[5,-38],[-18,-57],[-70,-54],[-83,34],[-69,15],[-123,105],[-36,-43],[59,-76],[-35,-60],[24,-24],[-36,-51],[63,-26],[-35,-32],[-37,-3],[-101,-17],[-54,5],[-51,160],[-102,-3],[-72,69],[-44,21],[-20,43],[-7,77],[7,49],[-57,-42],[-62,-16],[-92,2],[-42,-13],[-23,25],[-51,11],[-53,80],[-86,-74],[-57,-13],[-29,10],[-65,65],[-71,-80],[-110,-14],[-111,-58],[-67,-2],[-22,-13],[-63,2],[-22,16],[-46,-12],[-61,4],[-62,-22],[-13,-31],[-59,-13],[-36,-22],[-41,8],[-27,-30],[-77,64],[-34,-29],[-85,-7],[-31,-26],[-25,-63],[-58,-14],[-17,-34]],[[38783,9098],[-76,-6],[-83,80],[-66,28],[-32,-9],[-24,28],[7,70],[-41,11],[-16,45],[-36,19],[-115,26],[-34,-7],[-34,-62],[-26,43],[-36,8],[-55,-19],[-45,9],[-34,30],[-63,-3],[-26,-37],[-76,1],[-9,39],[-57,-74],[-43,2],[20,-55],[-52,-15],[-36,-80],[-49,-62],[-4,-28],[30,-63],[-29,-42],[-60,-38],[-18,-56],[-100,-12],[-47,17],[-26,-27],[-26,16],[-30,59],[-109,-52],[-25,37],[-30,-24],[-38,-63],[-57,13],[16,49],[-35,15],[-50,-4],[-21,25],[-63,-7],[-25,-51],[-49,8],[-63,36],[-35,35],[22,91],[-7,30],[-114,56],[-74,3],[17,31],[113,-2],[84,34],[147,104],[46,44],[34,88],[36,50],[54,55],[54,34],[62,22],[39,46],[19,49],[12,89],[-13,108],[2,39],[75,124],[117,111],[34,22],[87,-7],[110,23],[39,21],[169,162],[173,259],[78,82],[68,87],[69,55],[128,81],[78,107],[4,53]],[[38514,11102],[-3,23],[26,84],[31,17],[81,6],[29,19],[113,214],[16,48],[-12,84],[36,88],[72,95],[21,69],[36,35],[80,-2],[69,60],[28,11],[157,20],[35,28],[36,133],[-36,36],[10,69],[34,44],[57,33],[71,21],[30,35],[58,85],[6,79],[-11,118],[16,42],[68,50],[154,11],[63,63],[39,88],[53,71],[75,65],[62,69],[78,41],[54,39],[11,47],[-58,118],[21,71],[73,36],[77,6],[72,32],[70,6],[10,39],[-44,123],[3,51],[51,91],[65,15],[65,-23],[130,-9],[46,-20],[28,-38],[28,-86],[41,-3],[15,25]],[[40950,13674],[53,45],[69,82],[57,-14],[36,23],[25,60],[39,-10],[5,-47],[41,-35],[19,-37],[51,-12],[15,-22],[-39,-31],[2,-85],[-12,-24],[-51,-9],[-37,-21],[-50,-49],[-75,0],[-25,-20],[-99,-5],[-40,-85],[-69,-49],[-13,-58],[-86,-31],[40,-34],[48,-62],[75,-12],[-46,-66],[46,-7],[53,-40],[77,6],[28,-39],[28,16],[52,-30],[40,25],[57,-70]],[[41264,12927],[32,-8],[3,-50],[32,10],[28,-48],[10,-52],[41,-42],[13,-42],[29,-36],[38,-2],[36,-38],[0,-86],[146,-48],[-19,-53],[7,-51],[68,-57],[48,2],[3,-31],[11,-26],[39,-11],[10,-59],[31,-48],[-5,-36],[43,-61],[-24,-23],[-3,-83],[-25,-39],[35,-43],[3,-54],[-19,-28],[-5,-73],[-47,-53],[-28,-6]],[[41795,11652],[-9,-27],[-45,-20],[-16,40],[-40,2],[-33,-77],[-55,44],[18,31],[-148,-19]],[[41794,9407],[62,-27],[16,22],[42,-3],[62,17],[44,-19],[54,15],[24,89],[32,2],[45,-27],[29,34],[33,-14],[29,27],[10,-62],[21,-28],[7,-57],[31,-51],[-12,-27],[19,-45],[130,29],[31,59],[52,51],[54,11],[44,42],[65,-42],[33,-40],[23,11],[131,-35],[59,34],[31,38],[10,70],[29,33],[15,56],[53,-32],[59,1]],[[43161,9539],[6,-67],[67,-106],[32,-30],[53,5],[0,-47],[-37,-30],[-8,-46],[-27,2],[-8,-53],[-55,-66],[2,-34],[35,-28],[-15,-59],[-36,-62],[-65,-53],[-33,-2],[-18,36],[-165,21],[-53,12],[-54,-10],[19,-61],[58,-50],[45,-19],[20,-43],[53,-33],[9,-26],[-31,-65],[36,-9],[7,-43],[57,-25],[12,-64],[56,-43],[-3,-110],[-40,-11],[-22,-32],[29,-33],[1,-73],[27,-37],[-4,-67]],[[43111,8078],[2,-44],[-57,-57],[-14,-32],[-40,-31],[-12,-80],[-52,-20],[-20,-29],[-83,-55],[-175,41],[-44,-25],[-101,-5],[-46,18],[-44,-95],[6,-54],[-26,-29],[19,-85],[-12,-49],[17,-19],[-43,-82],[-66,-23],[-4,-18],[-61,-29],[-8,-51],[-23,-7],[-43,-69],[-12,-59],[62,-59],[41,-203],[19,-28],[-9,-54],[61,-102],[-28,-131],[100,-190]],[[42415,6323],[-17,-62],[-50,-56],[-19,-5],[-78,63],[-96,37],[-39,55],[-32,16],[-111,15],[-29,19],[-8,118],[-29,29],[-44,2],[24,54],[-38,18],[-2,53],[-65,0],[-45,30],[25,116],[-72,53],[24,63],[-31,10],[-28,44],[-71,8],[-67,36],[24,60],[-69,77],[-47,-7],[-58,74],[-13,59],[-80,29],[-40,56],[-8,60],[-52,11],[-35,-23],[-33,20],[-37,-13],[-58,-60],[47,-105],[-47,-60],[-7,-48],[-126,-9],[-25,-61],[-26,-10],[-47,-63],[-32,-19],[-60,2],[-49,-70],[-58,-3],[-35,-68],[-44,-14],[-78,1],[-10,-24],[-110,33],[-30,-30],[-40,9],[-20,85],[4,99],[15,80],[-1,100],[12,44],[-12,28],[9,49],[37,65],[-8,50],[-22,17],[-19,85],[-25,53],[-34,26],[-50,3],[-8,58],[-23,17],[-45,-21],[-30,54],[-47,-12],[2,43],[-49,39],[-4,65],[-33,41],[2,62],[-33,19],[20,35],[-36,36],[-71,-7],[-88,119],[-45,19],[-23,57],[-89,5],[-14,46],[-29,18],[-74,13],[-11,32],[-42,43],[16,58],[-39,43],[-51,-3],[-53,121],[-67,-31],[-30,37],[-3,37],[-31,23],[-57,2],[-8,48],[29,15],[-9,50],[-35,-13],[-60,76],[-63,-27],[12,45],[-16,53],[-87,106],[-15,50]],[[40950,13674],[10,86],[40,105],[-25,48],[-54,33],[-57,54],[-86,30],[-21,18],[-10,49],[65,41],[119,31],[90,92],[63,27],[20,104],[29,50],[52,-14],[-3,-67],[65,-46],[20,21],[4,57],[20,38],[58,16],[21,67],[29,31],[55,-47],[42,-10],[19,30],[51,79],[92,52],[17,41],[-41,90],[24,23],[67,7],[13,16]],[[41738,14826],[49,-18],[13,-51],[41,30],[84,-26],[26,-31],[59,3],[-1,-46],[62,26],[-4,-57],[44,-53],[42,23],[11,-96],[47,58],[58,-13],[-25,-31],[-9,-45],[32,-7],[-7,-51],[36,-26],[49,39],[38,-15],[-36,-45],[25,-31],[25,28],[28,-21],[-31,-65],[46,-14],[33,23],[0,48],[45,-31],[39,-4],[4,-65],[60,11],[25,-49],[40,24],[-10,37],[56,26],[35,-61],[42,8],[8,68],[66,-35],[70,-3],[26,10],[66,-43],[19,-46],[15,-17],[51,20],[21,-65],[68,11],[29,44],[2,36],[50,-15]],[[43300,14223],[46,-52],[17,23],[75,-57],[49,-18],[-42,-43],[-19,-103],[23,0],[42,43],[16,-59],[-25,-20],[35,-71],[2,-47],[-22,-11],[5,-50],[27,-53],[-84,-20],[12,-108],[-38,-71],[-60,20],[-46,38],[-39,10],[-40,30],[-8,-60],[11,-65],[-7,-43],[-31,-75],[6,-53],[-40,-45],[-65,-26],[-14,-37],[29,-63],[48,16],[54,-39],[-26,-111],[22,-21],[24,-58],[-7,-19]],[[43230,12905],[-11,-60],[-46,-83],[-32,-39],[-7,-39],[-53,-29],[-29,-96],[-48,-54],[-49,-7],[-56,18],[-7,27],[-58,62],[-75,10],[-46,30],[-44,-20],[-63,21],[-23,22],[-81,79],[-25,-48],[-108,76],[-95,35],[-37,32],[-47,-13],[-60,10],[-4,-25],[-46,-28],[-16,15],[0,75],[-48,39],[-33,42],[11,49],[-70,-18],[-82,47],[-36,-15],[-19,34],[-31,-23],[-40,15],[-62,-14],[-44,38],[-69,2],[-33,-59],[-50,25],[-70,-20],[14,-43],[-27,-26],[-58,20],[-53,-42]],[[43230,12905],[31,-24],[11,-39],[79,-33],[12,-67],[48,-13],[-12,-54],[38,-19],[2,-61],[108,-59],[-8,-45],[15,-42],[71,-45],[26,-108],[-24,-114],[16,-66],[30,-36],[-10,-45],[40,-32]],[[43703,12003],[10,-23],[64,-32],[44,-118],[-7,-33],[29,-26],[18,-42],[50,-32]],[[43911,11697],[-67,-36],[10,-35],[-89,-100],[-18,-59],[34,-39],[-96,-69],[-76,-21],[-25,25],[-81,20],[-33,-14],[-63,-71],[6,-39],[-62,25],[-29,53],[8,40],[-40,1],[-48,-31],[-46,-2],[0,-178],[-44,15],[-75,-19],[-25,11],[-20,-47],[24,-87],[-4,-44],[-61,-36],[-21,-32],[-48,-13],[-57,-33],[-35,73],[-3,87],[-37,58],[5,58],[-64,86],[-3,38],[-39,22],[-43,51],[-61,17],[-35,91],[-22,3],[-50,54],[-28,-1],[-52,32],[-15,52],[-45,3],[-35,35],[-24,-18],[-40,6],[-7,36],[-34,4],[-51,7],[-17,-24],[-42,-9],[-56,7],[-7,41],[-57,3],[-73,-44],[-62,-23],[-38,25]],[[43911,11697],[-3,28],[83,-7],[-8,43],[-29,12],[12,36],[37,4],[42,40],[29,49],[108,-115],[110,-29],[69,-40],[-10,-34],[97,6],[101,-2],[26,-20],[17,-2],[40,54],[5,97],[17,10],[16,79],[49,-43],[61,-19],[1,-30],[52,-82],[4,-36],[42,-23],[1,-32],[31,-29],[36,25],[-22,34],[45,37],[37,51],[19,46],[45,9],[148,-32],[46,-27],[98,65],[19,-1],[38,63],[47,33],[16,36],[0,77],[50,79],[43,2],[60,100],[24,-4],[42,65],[39,2],[15,-32],[38,-20],[-18,-49],[23,-57],[29,-20],[1,-45],[34,-59],[48,-10],[26,-31],[35,7],[83,-66],[51,-30],[84,14],[36,-25],[94,1],[26,-40],[38,-2]],[[46384,11808],[15,-65],[-26,-54],[51,-14],[-15,-99],[90,-79],[-61,-44],[-19,-36],[35,-33],[5,-39],[-31,-24],[28,-42],[22,-60],[-37,-98],[-48,-53],[-34,10],[-28,-39],[45,-13],[20,4],[47,-45],[53,-14],[61,9],[106,-71],[90,-55],[6,-32],[38,1],[107,-63]],[[46904,10760],[-55,-16],[-10,-28],[-55,31],[-120,-2],[0,-126],[-31,-11],[-8,-52],[-74,2],[-1,-97],[-37,1],[0,-61],[-21,-21],[8,-47],[-25,-28],[26,-38],[1,-34],[76,-30],[24,-17],[-3,-58],[16,-43],[86,-50],[23,-42],[-25,-112],[3,-68],[57,-15],[-12,-52],[11,-29],[-26,-30],[-41,6],[-25,-10],[-73,-62],[-20,-58],[-62,-59],[-10,-32],[-46,-40],[-24,-48],[-52,-18],[-52,-49],[-36,-58]],[[46291,9259],[-34,-11],[-47,-39],[-3,-30],[-98,-87],[-13,-23],[-53,4],[-13,-48],[-102,-81],[-36,-88],[43,-13],[-8,-70],[-38,-38],[-41,-93],[-59,-60],[-52,52],[7,51],[-149,-38],[-45,-43],[-30,-80],[-18,-17],[-82,26],[-47,49],[-18,-50],[17,-35],[-13,-33],[19,-80],[-76,-86],[-46,-15],[-47,5],[-64,-23],[-67,111],[28,45],[13,59],[104,124],[77,22],[2,44],[24,31],[-16,88],[-78,-13],[-18,63],[55,58],[-3,60],[-59,2],[-34,21],[-70,9],[-16,17],[-68,12],[-45,24],[-33,-19],[-63,58],[-45,2],[-23,29],[-22,68],[36,35],[15,92],[81,87],[18,58],[-5,42],[28,15],[57,89],[5,32],[-49,27],[-36,2],[-98,-21],[-49,14],[-60,-1],[-18,37],[-57,45],[11,38],[-24,54],[-69,23],[-77,-45],[-43,15],[-71,-24],[-86,9],[-61,30],[-59,54],[-20,-36],[-95,-67],[-27,18],[-38,-3],[-49,-21],[-34,5],[-90,-38],[-144,-26],[-16,46],[-51,20],[-24,-19],[-93,-39],[-53,-9],[-53,-40],[-117,-128],[-33,-24],[-44,-8],[-35,21]],[[41738,14826],[29,95],[47,11],[59,-27],[52,33],[47,94],[83,75],[60,-14],[32,-50],[48,-40],[24,32],[-7,64],[44,34],[43,11],[79,-27]],[[42378,15117],[8,-179],[72,-6],[29,40],[62,0],[54,-68],[26,14],[-1,-45],[40,-11],[29,-43],[-3,-44],[55,-9],[44,-52],[70,-33],[61,-62],[39,-16],[27,23],[45,6],[3,-51],[42,7],[1,132],[45,-8],[0,-7],[225,4],[0,193],[48,-21],[2,-179],[22,0],[1,-202]],[[43424,14500],[-95,0],[-30,-11],[-36,45],[-50,27],[-40,5],[3,-236],[124,-107]],[[43111,8078],[47,3],[31,-77],[31,-55],[5,-50],[-43,-36],[30,-26],[-32,-37],[-22,11],[-44,-27],[19,-24],[-7,-53],[20,-38],[52,19],[28,-47],[28,9],[70,-53],[39,20],[72,-70],[48,-21],[-2,-22],[46,-61],[6,-62],[46,18],[27,-35],[121,10],[37,-43],[97,-8],[94,10],[15,-37],[137,-73],[73,-8],[20,17],[36,-31],[68,-15],[24,-26],[36,-3],[55,-51],[47,-6],[68,55],[59,-12],[62,5],[103,-67],[33,22],[71,-3],[39,41],[2,65],[28,9],[36,-23],[20,38],[-3,35],[49,2],[116,33],[42,-15],[79,75],[48,26],[18,-16],[141,85],[33,6],[11,-74],[60,17],[41,-12],[21,-72],[-20,-60],[26,-15],[36,43],[25,-35],[13,-53],[40,12],[24,-20],[59,14],[12,-55],[59,15],[61,-22],[9,34],[48,-38],[4,-20],[68,-38],[60,21],[28,-41],[47,25],[58,-44],[30,9],[56,-25],[30,27],[26,-27],[26,49],[36,-46],[19,4],[75,-43]],[[46598,6991],[-40,-82],[-40,-27],[21,-50],[-25,-43],[-33,-12],[-39,-115],[-105,1],[-59,-36],[-15,-34],[-48,-1],[-38,-22],[18,-61],[-1,-112],[-44,-73],[1,-16],[-47,-63],[19,-36],[-19,-22],[7,-52],[62,-104],[58,-32],[49,-12],[36,11],[32,-46],[-24,-36],[-7,-53],[11,-67],[39,1],[45,-34],[38,5],[75,-53],[19,-36],[-18,-29],[-112,-23],[-94,-97],[25,-63],[-64,-46],[-28,-132],[-26,-51],[21,-168],[43,-106],[57,-25],[43,-51],[-19,-52],[-33,-5],[-84,39],[-26,25],[-134,13],[-38,-18],[-33,24],[-65,-18],[-56,26],[-38,1],[-75,58],[-33,6],[-20,43],[-79,45],[-29,77],[-75,29],[-63,59],[-36,62],[-52,21],[-132,-14],[-24,-19],[-17,-32],[29,-26],[-14,-95],[-44,-11],[-20,-24],[-2,-68],[-81,-105],[-69,-20],[-26,-32],[-79,-18],[-39,-50],[0,-75],[-47,-39],[15,-94]],[[44853,4601],[-33,1],[-26,36],[20,47],[-115,37],[-24,29],[-32,1],[-88,-81],[-33,-9],[-24,49],[-80,47],[-5,28],[-38,29],[-665,567],[5,53],[-23,54],[26,14],[-37,40],[-9,41],[-34,18],[-5,34],[-55,105],[-70,32],[-64,47],[-24,61],[-188,7],[-70,47],[-38,-8],[-45,33],[-66,-1],[-131,-26],[-21,-15],[-46,61],[-2,26],[-45,26],[-45,42],[-51,6],[-26,-16],[-14,80],[-39,1],[-3,75],[-47,18],[-16,64],[-35,29],[-2,31],[-66,-1],[-9,-37]],[[42378,15117],[47,-9],[14,57],[-31,32],[-95,59],[-8,29],[29,37],[49,8],[52,-60],[62,5],[21,46],[64,-14],[55,15],[19,54],[54,66],[3,69],[-5,158],[29,24],[73,-3],[22,16],[23,58],[26,107],[27,63],[49,-20],[7,-67],[20,-39],[49,0],[39,55],[41,-5],[85,-28],[32,28],[-19,88],[11,59],[44,-24],[25,-70],[27,-7],[41,43],[20,68],[29,55],[14,67],[40,-8],[51,-61],[19,-56],[24,-4],[32,46],[40,19],[42,-4]],[[43670,16069],[-5,-27],[22,-78],[40,-38],[21,7],[36,-34],[19,-39],[37,-18],[13,-93],[26,-75],[45,-52],[81,-42],[69,-16],[22,8],[-91,-49],[-88,9],[-48,-19],[-79,-10],[-6,-58],[25,-46],[34,-30],[72,-141],[-10,-66]],[[43905,15162],[-25,-113],[2,-96],[-70,-2],[-30,-15],[-54,-62],[-6,-28],[-51,-66],[24,-22],[17,-49],[-12,-44],[-39,-1],[-29,-75],[-63,-52],[8,-35],[-27,-2],[-12,-52],[-24,-5],[-36,7],[-54,50]],[[46291,9259],[-8,-87],[-49,-85],[-3,-33],[-49,-76],[21,-119],[21,-32],[-8,-29],[125,-69],[29,1],[109,58],[6,64],[39,-40],[33,-2],[23,-74],[-7,-40],[15,-39],[-14,-53],[-51,-26],[2,-62],[-27,-13],[-6,-46],[62,-99],[-10,-13],[2,-94],[75,-37],[48,-74],[30,-66],[70,-87],[76,-31],[5,-36],[40,-25],[85,12],[21,-31]],[[46996,7876],[5,-66],[16,-50],[57,-52],[-22,-40],[26,-73],[-16,-57],[23,-52],[-28,-74],[-47,-6],[-39,-59],[-35,-30],[-12,-64]],[[46924,7253],[-16,-32],[16,-45],[-5,-88],[-24,-3],[-40,34],[-79,12],[-101,-68],[19,-26],[-17,-40],[-37,-22],[-42,16]],[[43905,15162],[69,18],[13,17],[-16,-93],[71,-41],[8,-49],[58,1],[17,-35],[74,-18],[67,-89],[38,-39],[59,-100],[43,-19],[12,-24]],[[44418,14691],[8,-16],[69,-28],[68,-45],[-15,-33],[29,-106],[-23,-12],[-95,-6],[-40,-28],[-40,0],[-50,-31],[11,-31],[52,-20],[47,-64],[0,-25],[34,-60],[19,-65],[6,-69],[-55,-76],[-32,-100],[-29,-45],[14,-37],[39,33],[53,-46],[-1,-49],[37,-85],[-123,-18],[6,-51],[16,-18],[-1,-63],[24,-15],[1,-164],[-53,-40],[-3,-86],[-54,-50],[-1,-32],[-31,-22],[-14,-41],[-70,28],[-34,-7],[-83,-62],[-21,27],[-56,6],[-35,-43],[43,-17],[-12,-68],[-25,-34],[-50,53],[-36,-5],[-27,36],[-54,-37],[7,-76],[17,-41],[6,-75],[60,-4],[14,-109],[-4,-157],[63,-81],[-2,-28]],[[43992,12353],[-27,3],[-32,-79],[13,-30],[-60,-83],[-62,-51],[-14,-28],[-42,-14],[-65,-68]],[[43670,16069],[68,22],[5,32],[-63,71],[33,26],[59,5],[33,35],[52,-26],[50,-89],[40,-39],[26,7],[14,42],[-14,67],[21,45],[55,-55],[24,-46],[23,-12]],[[44096,16154],[15,-28],[41,32],[-1,-54],[62,-3],[-4,-80],[-49,2],[48,-15],[-3,-67],[23,-38],[27,17],[33,-51],[191,-4],[47,21],[47,4],[23,-23],[-25,-42],[-30,-25],[-3,-41],[31,-4],[44,-40],[17,-86],[19,-6],[22,-31],[-20,-46],[17,-28],[-42,-35],[-12,-44],[-39,-31],[7,-12],[57,13],[0,-35],[54,6],[38,-54],[48,-23]],[[44779,15303],[19,-19],[-10,-45],[20,-49],[-21,-33],[-64,-9],[-97,-66],[-5,-40],[-90,19],[-55,-22],[18,-41],[24,-5],[41,-44],[-19,-31],[23,-22],[66,-5],[3,-89],[-70,-81],[-29,15],[-43,-33],[-72,-12]],[[43992,12353],[88,8],[58,45],[78,-39],[34,13],[64,70],[50,-10],[38,7],[37,31],[79,-55],[120,-11],[68,12],[71,-3],[58,19],[-2,58],[126,145],[-17,17],[-152,37],[-26,47],[14,42],[-3,50],[49,21],[-41,119],[-3,41],[22,23],[0,45],[74,54],[13,38],[83,-6],[68,39],[-12,66],[44,10],[-4,52],[91,6],[62,129],[7,57],[-6,65],[49,23],[-1,-24],[82,-85],[66,-7],[29,-19],[9,-35],[35,-21],[45,-2],[82,-37],[69,2],[52,-57],[49,27],[33,-84],[65,10],[46,34],[16,13],[-15,55],[30,28],[-23,63],[36,38],[33,71],[33,13],[-4,46],[50,73],[46,29],[-60,367],[22,-6],[61,20],[31,-8],[68,66],[16,52]],[[46272,14240],[45,60],[51,22],[30,-3]],[[46398,14319],[35,8],[37,38],[86,-97],[4,-52],[34,-9],[31,-58],[71,-63],[-19,-32],[24,-77],[16,-46],[-22,-65],[-91,-63],[2,-72],[-20,-58],[28,-64],[-12,-22],[66,-15],[-7,-61],[132,-33],[36,-46],[42,-104],[58,-31],[-13,-26],[15,-42],[149,24],[53,-11]],[[47133,13242],[24,-29],[-8,-48],[-32,-16],[8,-100],[-18,-2],[4,-102],[29,-18],[-3,-58],[-61,-31],[-5,-46],[-29,-6],[-40,35],[-55,-23],[-27,-27],[-28,10],[8,-17],[-32,-46],[-41,-27],[19,-36],[-13,-44],[-56,-107],[-38,18],[-30,-27],[-37,4],[23,62],[-48,-1],[-12,-37],[-74,16],[18,-50],[59,-4],[-24,-72],[49,-40],[18,-45],[-5,-54],[-60,0],[65,-64],[54,32],[62,-35],[122,23],[105,4],[-37,-42],[19,-28],[47,-26],[4,-28],[57,8],[19,-18],[-18,-63],[-48,-14]],[[47067,12023],[-13,-89],[-56,-28],[-24,-31],[-3,-55],[-23,-38],[-98,-21],[-24,-52],[-11,35],[-31,20],[-26,55],[-46,-21],[-34,12],[-25,32],[-50,-16],[-60,17],[-103,-28],[-40,13],[-16,-20]],[[44779,15303],[82,24],[56,-4],[53,-23],[65,47],[23,-8],[73,6],[93,23],[51,3],[-14,55],[1,50],[-23,30],[9,47],[50,60],[19,-3],[8,-3],[100,-31],[34,-39],[98,-53],[58,46],[59,26]],[[45674,15556],[-13,-66],[54,-95],[-9,-31],[45,-60],[32,-18],[7,-51],[32,-22],[-5,-48],[-32,-83],[-27,-42],[-34,-8],[-25,-41],[-88,-64],[-39,-49],[13,-91],[28,2],[85,-53],[0,-47],[-39,-51],[40,-3],[24,-41],[68,-23],[-30,-47],[43,-38],[0,-34],[31,-88],[38,62],[32,88],[45,26],[54,-4],[44,-20],[-13,-73],[33,-52],[64,2],[48,17],[6,-69],[41,-47],[38,-12],[7,-42]],[[44096,16154],[38,27],[6,93],[34,20],[46,1],[27,19],[22,132],[36,69],[-4,36],[16,70],[29,28],[37,-21],[2,-86],[98,-16],[74,14],[53,85],[64,25],[27,67],[2,59],[53,27],[65,1],[2,73],[37,36],[56,-54],[43,5],[20,33],[7,51],[22,31],[45,-19],[15,-50],[35,-44]],[[45103,16866],[33,-13],[23,7],[62,57],[42,-11],[28,-89],[24,-9],[50,28]],[[45365,16836],[23,-42],[39,-67],[113,-95],[-20,-98],[-32,-8],[-1,-34],[51,-40],[-4,-27],[-53,-74],[37,-37],[-13,-47],[15,-39],[21,-56],[25,-19],[20,-59],[23,-15],[56,39],[53,24],[-18,-58],[-16,-114],[23,-31],[-35,-75],[-3,-100],[24,-44]],[[45693,15720],[-37,-56],[21,-81],[-3,-27]],[[46924,7253],[26,-31],[24,17],[75,-16],[46,12],[48,-17],[41,30],[20,-19],[65,22],[62,21],[31,24],[33,-21],[139,44],[70,-2],[14,-18],[79,-9],[52,-40],[41,-74],[79,-5],[29,30],[65,-10],[5,29],[73,3],[99,58],[26,-17],[57,55],[28,-50]],[[48251,7269],[48,23],[91,-7],[27,27],[39,-6],[53,33],[55,-56],[27,65],[58,0],[14,-106],[-78,-58],[52,-27],[32,-53],[-10,-14],[29,5],[56,-28],[145,-30],[47,21],[26,-24],[-16,-27],[-88,-60],[44,-20],[51,-69],[-28,-82],[42,-6],[41,-93],[74,-36],[56,28],[36,45],[-6,50],[46,32],[86,-17],[24,79],[30,25],[22,52],[51,23],[58,-18],[0,-43],[35,-30],[-26,-48],[33,-24],[42,2],[65,-64],[44,3],[-5,-43],[-39,-16],[-25,-32],[16,-37],[52,-8],[22,-146],[-71,-134]],[[49628,6320],[-49,-53],[-23,-43],[-29,14],[-35,45],[-23,-38],[-82,11],[-27,-42],[-64,-67],[-1,-51],[-45,-27],[-29,-77],[-22,-100],[-15,-123],[-17,-121],[10,-126],[0,-57],[-17,-110],[-22,-77],[-59,24],[-3,34],[36,11],[-17,36],[26,38],[-37,101],[33,55],[1,40],[-109,26],[-37,-37],[-23,-5],[6,-100],[39,-64],[58,27],[34,-45],[-53,-49],[16,-38],[-14,-27],[-61,-7],[-108,-38],[-91,-59],[-73,-75],[6,-96],[17,-26],[-22,-34],[5,-79],[-39,13],[-37,-28],[18,-73],[32,-43],[30,56],[79,-80],[108,-39],[55,-61],[-65,-24],[-7,61],[-95,-90],[-69,9],[-11,-32],[-36,-32],[12,-81],[-34,-85],[52,36],[55,-11],[15,-51],[-85,-28],[41,-31],[93,69],[82,26],[41,26],[11,64],[-92,-40],[-61,-11],[-45,17],[12,81],[24,28],[104,-5],[36,7],[60,-39],[-1,-86],[63,-2],[11,-42],[-123,-15],[-64,-47],[-20,-68],[14,-51],[35,47],[79,40],[-14,-62],[13,-133],[35,-63],[-34,56],[-42,-10],[-114,-85],[-142,-148],[-39,-51],[-82,-130],[-47,-87],[-79,-166],[-64,-162],[-101,-301],[-22,-90],[-56,-267],[-38,-133],[-57,-171],[-42,-98],[-70,-132],[-145,-327],[-47,-86],[-74,-116],[-171,-228],[-76,-85],[-175,-156],[-192,-177],[-68,-68],[-107,-91],[-150,-137],[-157,-155],[-213,-183],[-172,-128],[-110,-89],[-53,-17],[-59,19],[-29,50],[-9,78],[-185,12],[-24,96],[17,67],[-22,30],[10,35],[42,6],[1,158],[68,-22],[-15,-51],[51,-25],[36,30],[-22,54],[22,69],[34,39],[15,118],[-2,86],[-32,103],[-32,172],[-19,66],[-7,94],[44,105],[41,138],[54,-18],[33,31],[106,148],[26,62],[43,-63],[82,-40],[35,0],[72,129],[60,55],[95,174],[1,94],[-16,68],[3,43],[34,172],[42,70],[68,-69],[56,-30],[48,38],[27,48],[107,101],[-19,-63],[40,-80],[113,-119],[115,-96],[46,-22],[66,-12],[56,15],[105,79],[127,218],[33,82],[61,115],[34,79],[60,118],[20,46],[57,240],[-4,56],[-60,157],[-179,322],[29,136],[57,151],[63,113],[13,46],[-217,-78],[-39,16],[0,-47],[-72,-42],[32,-25],[-53,-70],[5,-23],[-47,-71],[5,-28],[-21,-59],[-29,-39],[-6,-36],[73,-94],[34,-3],[49,35],[64,-22],[-1,-32],[-53,-66],[-98,-86],[-111,-35],[-131,-16],[-73,-24],[-50,-27],[-39,-39],[-28,-29],[-20,-88],[-13,-118],[-51,-56],[-96,-13],[-31,-25],[-15,-74],[-55,35],[-86,6],[-63,-41],[-26,29],[-69,17],[-57,31],[-16,58],[-47,-4],[-28,-43],[-119,96],[-46,-12],[-32,49],[-38,-44],[-33,17],[-30,46],[-37,16],[-53,105],[-22,58],[7,20],[-88,11],[-53,-18],[-69,42],[-57,50],[-11,41],[-61,54],[8,32],[-32,30],[-42,16],[4,45],[22,43],[-23,34],[-8,61],[9,41],[-30,18],[-46,78],[1,56],[-20,46],[-57,52],[-14,116],[-21,19],[-39,81],[24,55],[-28,38],[-43,-2],[-37,24],[-57,1],[-18,27],[-41,10],[-13,55],[-27,20],[3,64],[-34,21],[-58,-4],[-44,64],[-79,34]],[[50911,5878],[73,-56],[31,-41]],[[51015,5781],[-67,-105],[-64,-77],[-414,-349],[-123,-90],[-167,-102],[-78,-51],[-130,-76],[-78,-36],[-179,-108],[-133,-93],[-138,-115],[-108,-106],[-191,-220],[-106,-129],[-15,-38],[12,-64],[-14,66],[9,49],[-12,44],[58,104],[20,17],[20,93],[-6,76],[-27,63],[15,20],[69,22],[13,43],[-34,87],[-79,82],[-67,57],[-12,68],[78,48],[95,0],[68,-22],[47,-36],[135,-78],[66,-9],[60,13],[94,66],[3,45],[-67,66],[78,26],[76,5],[59,-5],[112,15],[64,30],[138,137],[77,99],[42,67],[85,162],[46,51],[38,25],[24,-37],[10,116],[36,86],[60,56],[1,-68],[13,-32],[88,-44],[43,9],[76,35],[50,45],[69,37],[58,57]],[[45365,16836],[33,29],[61,25],[54,-41],[1,-89],[34,-19],[36,77],[44,-1],[83,43],[31,-9]],[[45742,16851],[42,-48],[45,-23],[47,26],[-2,31],[-36,57],[-6,36],[37,33],[35,-15],[26,-41],[28,-1],[91,35],[39,78],[40,50],[28,-8],[23,-46],[28,-20],[68,3],[38,-40],[0,-29],[-30,-80],[-27,-47],[-5,-37],[23,-22],[41,55],[70,35],[41,32],[27,-3],[77,-51],[17,0]],[[46547,16811],[-4,-24],[30,-38],[-9,-26],[48,-118],[3,-26],[-36,-16],[-36,8],[-33,-26],[6,-40],[68,-75],[-21,-33],[113,-9],[40,-50],[-12,-40],[-54,-35],[42,-74],[-18,-25],[75,-17],[40,38],[66,-20],[35,-26],[-15,-67],[41,-9],[2,-90],[-59,-28],[49,-35],[-7,-19],[53,-29],[-3,-29],[70,-29],[32,9]],[[47053,15813],[36,-18]],[[47089,15795],[-11,-96],[-76,-11],[-30,52],[-125,-90],[-54,-16],[-49,12]],[[46744,15646],[-17,47],[16,53],[-39,48],[-79,-41],[-16,33],[-51,10],[-50,-31],[4,-14],[-35,-122],[-31,-99],[-57,-53],[6,-37],[-17,-10],[-14,-61],[-34,24],[-51,-57],[-39,-84],[-31,10],[-47,-28],[-14,19],[13,65],[-60,10],[-12,117],[-14,61],[19,26],[-23,29],[16,35],[-14,115],[-47,-33],[-79,21],[-56,-4],[-32,56],[-52,8],[-26,-16],[-69,3],[-19,-26]],[[46744,15646],[-28,-10],[16,-34],[12,-92],[-2,-91],[-24,-60],[48,-15],[23,-30],[33,1],[22,-56],[-29,-42],[26,-24],[-4,-31],[35,-77],[-12,-44],[1,-53],[-56,11],[2,-31],[53,-4],[-18,-32],[3,-45],[-57,53],[-24,-24],[-42,-1],[-29,-20],[-73,-10],[-47,-46],[-35,-83],[-101,-24],[-9,-54],[28,-29],[86,-25],[7,-23],[-47,-51],[-44,-14],[-22,20],[-50,-18],[-91,-5],[30,-75],[33,-10],[9,-30],[45,-43],[-14,-56]],[[46904,10760],[-21,33],[36,22],[35,-36],[61,-30]],[[47015,10749],[33,-30],[16,-58],[-10,-27],[41,-113],[30,-34],[-11,-60],[22,-49],[-5,-48],[1,-129],[22,-88],[26,-38],[14,-66],[18,-49],[46,-24],[12,-59],[32,-33],[44,-3],[30,-29],[69,47],[49,-8],[54,8],[40,1],[41,-33],[-11,-102],[17,-44],[40,-31],[92,-21],[73,-66],[-52,-16],[-71,3],[-15,-48],[-41,-44],[35,-46],[-16,-65],[29,-44],[-14,-33],[23,-30],[-15,-40],[12,-74],[21,-48],[-26,-49],[-5,-72],[-38,-41],[-6,-80],[14,-50],[-12,-46],[-82,-50],[-52,-4],[-30,50],[-55,1],[-23,58],[-29,-39],[-61,1],[-32,-25],[-40,4],[-23,-23],[8,-101],[-10,-49],[26,-10],[-49,-92],[18,-88],[-9,-49],[-38,-53],[-15,-49],[13,-79],[-53,-79],[-96,5],[-7,-25],[9,-109],[-37,-59]],[[47089,15795],[40,-16],[22,-38],[31,-6],[38,-45],[43,-109],[-30,-2],[-4,-61],[64,-6],[-15,-37],[-75,-21],[27,-40],[-25,-36],[28,-25],[1,-42],[51,12],[8,-79],[73,-12],[9,-58],[84,10],[4,-65],[48,-72],[-32,-91],[14,-38],[42,-33],[-36,-79],[-80,-28],[-54,-77],[-29,-86],[88,39],[95,-8],[27,-40],[41,-21],[76,-135],[38,4],[40,-70],[2,-78],[50,-4],[-13,-52],[68,-37],[-2,-72],[-42,-16],[-62,-63],[-42,-15],[49,-21],[39,-57],[35,-7],[13,38],[58,-23],[0,-29],[-31,-61],[-66,-55],[-30,-48],[39,-97],[-45,-80],[-20,-3],[-83,-66],[10,-44],[-15,-50],[-46,11],[-27,-121],[-74,15],[-38,15],[-41,47],[-49,-37],[-78,-6],[-63,38],[-36,-47],[-19,17],[-35,-21],[-15,-28],[26,-31],[-25,-54]],[[47067,12023],[48,-17],[42,33],[121,36],[49,1],[35,18],[44,-28]],[[47406,12066],[-8,-78],[-19,-25],[59,-87],[14,3],[76,-71],[-4,-54],[66,-6],[33,-43],[28,-13],[48,15],[7,-45],[-9,-84]],[[47697,11578],[-3,-51],[-46,-24],[8,-31],[-38,-81],[-19,3],[-48,-75],[-10,-84],[-22,8],[-24,-86],[16,-19],[-24,-19],[-9,-81],[-58,-130],[-6,-21],[-110,-21],[-83,4],[-65,-22],[-68,-6],[-36,13],[-37,-106]],[[46547,16811],[26,32],[10,77],[42,25],[28,-80],[32,-21],[32,22],[77,22],[21,37],[-22,69],[4,43],[62,54],[45,5],[24,-27],[-58,-109],[13,-54],[27,-7],[38,51],[35,-2],[25,-47],[-45,-86],[25,-70],[46,-1],[12,96],[12,40],[31,3],[23,-29],[-4,-55],[21,-16],[54,10],[71,63],[49,14],[15,-24],[-3,-72],[100,9],[31,-6],[49,-13],[15,-31],[-7,-72],[39,-18],[28,45],[44,-3],[10,-74],[35,-37]],[[47659,16574],[15,-30],[-44,-6],[-22,-51],[-52,0],[21,-46],[-13,-51],[6,-46],[27,-62],[-15,-86],[-1,-11],[-60,-52],[-65,-28],[-39,-74],[37,-13],[81,-95],[17,-57],[-18,-50],[-46,-12]],[[47488,15804],[-32,1],[-38,-29],[-47,-3],[-52,85],[-11,49],[-35,-21],[-62,9],[-34,-36],[-36,-3],[-88,-43]],[[47488,15804],[68,-24],[-33,-51],[41,-57],[-1,-55],[-32,-63],[-25,-22],[40,3],[20,-30],[-20,-83],[29,-32],[37,4],[-4,-45],[40,-60],[-7,-35],[54,2],[14,-106],[20,15],[34,-48],[3,-43],[82,0],[21,-43],[54,-48],[-27,-21],[-24,-54],[-27,-7],[9,-36],[56,14],[56,-28],[35,2],[35,35],[41,-4],[21,-40],[42,1],[2,-30],[51,-15],[7,-20],[102,-18],[8,20],[50,3],[41,-13],[57,28],[39,29],[109,27],[80,-49],[13,10],[28,-7],[93,60],[60,5],[23,-16],[67,14],[33,30]],[[49003,14903],[4,-104],[2,-44],[-80,-77],[-90,-127],[-37,-32],[10,-82],[-14,-36],[16,-29],[-30,-22],[-3,-54],[-29,-11],[7,-68],[16,-50],[30,-28],[81,-23],[65,-78],[43,-24],[10,-63],[43,5]],[[49047,13956],[22,-42],[-48,-58],[-22,70],[-68,-16],[-12,-25],[-56,-17],[-109,4],[-25,-48],[-84,-29],[1,-47],[-41,8],[23,46],[-28,59],[-24,20],[-49,-11],[-13,-56],[30,-24],[3,-48],[-58,-20],[-47,8],[-70,43],[-50,-23],[-18,-29],[-39,-19],[-51,2],[-13,-42],[-49,-27],[-33,-74],[-57,-41],[40,-14],[107,21],[32,-32],[90,46],[35,-78],[30,-28],[30,-54],[-3,-42],[-34,-44],[-56,-16]],[[48333,13279],[-96,53],[-53,-42],[-80,39],[-13,-48],[-25,-15],[-36,31],[9,45],[-29,36],[-25,-39],[-28,-78],[-48,-13],[-17,-47],[-41,-1],[-70,4],[-52,-32],[-65,-62],[-29,19],[16,-97],[-58,1],[-16,-49],[21,-56],[-26,-14],[-8,-46],[22,-11],[-14,-69],[35,-38],[13,-34],[-20,-564],[-97,-48],[-38,-9],[-48,21],[-11,-50]],[[47697,11578],[73,0],[71,16],[15,29],[39,-3],[16,-27],[46,21],[52,-12],[77,-58]],[[48086,11544],[-41,-2],[-14,-39],[1,-89],[-22,-80],[58,-38],[43,-1],[62,-76],[46,73],[59,-1],[11,-34],[33,-11],[41,14],[25,-35],[112,-54],[31,-37],[38,-17],[80,-90],[31,-22],[39,3],[47,-11],[56,-34],[36,-8],[31,-19],[32,-33],[48,0],[-5,-65],[26,-31],[-9,-40],[26,-5],[68,-68],[25,-7],[51,-76],[34,-34],[31,22],[16,-34],[42,-13],[-27,-67],[40,-105],[22,-29],[24,-65],[2,-53]],[[49335,10233],[-28,-17],[-15,79],[-88,28],[-12,46],[-69,5],[52,-83],[-6,-28],[-41,-51],[-12,-45],[-30,-33],[-10,-43],[23,-89],[-5,-67],[19,-45],[-28,-78],[34,-3],[53,-29],[-5,-6],[-34,-50],[-36,40],[-43,25],[-22,-20],[-59,-15],[-50,21],[-47,-36],[-14,-82],[18,-94],[-16,-18],[2,-67],[-23,-33],[-16,-152],[39,-53],[2,-72],[-16,-44],[10,-49],[41,-17],[-36,-75],[-17,-10],[-34,-78],[8,-67],[18,-39],[6,-40],[-43,-124],[14,-90],[33,-55]],[[48852,8480],[-121,-13],[-49,37],[-65,105],[0,49],[-31,14],[-29,53],[-65,1],[-10,-24],[-42,-7],[-29,-52],[-5,-60],[22,-73],[-71,-89],[43,-74],[15,-52],[36,-25],[2,-84],[-27,-120],[-1,-49],[24,-77],[-13,-46],[19,-53],[-88,13],[-36,56],[-49,26],[-66,-11],[28,-98],[-38,-196],[-21,-59],[40,-50],[-4,-16],[49,-81],[-22,-84],[3,-72]],[[48333,13279],[69,-24],[27,-26],[75,-151],[58,16],[39,-63],[48,11],[-17,-46],[24,-66],[-26,-37],[23,-75],[51,-29],[61,38],[36,-14],[55,-2],[45,27],[130,2]],[[49031,12840],[-2,-48],[24,-28],[-13,-29],[25,-70],[45,-89],[59,6],[-35,-33],[58,-27],[-7,-30]],[[49185,12492],[-156,-2],[-52,-1],[-98,-37],[-43,16],[-46,-65],[-43,-40],[-50,-96],[0,-15],[-8,-66],[28,-22],[-23,-30],[33,-27],[-25,-27],[37,-34],[10,-56],[-17,-56]],[[48732,11934],[-77,-18],[-20,-47],[-28,7],[-50,-31],[11,-37],[-15,-51],[-72,20],[-40,40],[-20,-25],[-42,17],[-113,-16],[-15,-18],[-21,-68],[0,-78],[-6,-40],[-38,-27],[-55,8],[-45,-26]],[[47659,16574],[21,22],[11,65],[42,30],[29,-55],[59,-15],[69,48],[50,-6],[47,24],[20,-51],[98,-17],[34,21],[-1,62],[71,43],[29,-3]],[[48238,16742],[-20,-78],[3,-35],[48,-51],[52,-26],[-9,82],[44,-2],[-8,-60],[20,-51],[71,40],[84,-74],[30,33],[-29,78],[8,38],[90,2],[56,-33],[-62,-24],[-22,-56],[77,-7],[33,-63],[47,18],[31,89],[36,41],[33,-28],[-20,-62],[15,-15],[89,29],[34,-26],[-2,-79],[30,-12],[35,24],[65,-18],[69,36],[21,-30],[-30,-30],[45,-55],[37,5],[46,3],[31,-20],[-7,-35],[-84,12],[-37,-26],[21,-24],[97,-13],[41,-31],[8,-31],[-66,-60],[19,-33],[80,42],[42,-16],[-5,-79],[21,-55],[41,-3],[-12,62],[11,34],[39,15],[34,-28],[-27,-83],[40,-9]],[[49572,15964],[-43,-86],[-44,-14],[-36,-45],[20,-36],[-35,-23],[32,-61],[-8,-16],[34,-59],[-53,7],[18,-31],[-10,-38],[39,-38],[-40,-20],[27,-46],[-59,-95],[-39,12],[-33,-99],[-13,-24],[14,-40],[-22,-30],[65,-109],[-39,-37],[-126,-1],[-28,-14],[-25,23],[-96,-11],[-27,-72],[-23,17],[2,-40],[-21,-35]],[[48732,11934],[39,-57],[14,-28],[-11,-41],[21,-54],[38,-28],[-9,-85],[26,-14],[86,-6],[17,-37],[3,-100],[88,0],[35,52],[34,-3],[12,-42],[84,51],[12,36],[65,-11],[40,-24],[1,-62],[60,-51],[45,-11],[11,-47],[-45,-46],[10,-52],[78,19],[80,2],[142,4],[-9,112]],[[49699,11411],[41,10],[41,-36],[40,37],[55,-25],[-63,-52],[61,2],[0,-27],[-61,1],[4,-90],[81,-5],[0,-47],[0,-87],[49,13],[26,49],[105,-5],[6,-26]],[[50084,11123],[-73,-15],[-6,-64],[108,22],[54,-59],[-69,-49],[-96,-15],[-2,24],[-50,4],[0,-43],[-50,-1],[-1,-33],[58,0],[5,-229],[22,-26],[33,-74]],[[50017,10565],[-47,-39],[-46,-28],[-37,-45],[-17,-55],[-46,-55],[12,-69],[-39,-35],[-48,-91],[-1,-69],[93,-107],[-70,22],[-48,-24],[-103,-1],[-57,97],[-68,21],[-34,30],[-62,-11],[-14,58],[23,49],[-73,20]],[[49047,13956],[118,6],[55,32],[50,2],[31,94],[26,24],[73,7]],[[49400,14121],[24,-38],[42,-12],[60,22],[110,6],[-24,-57],[-6,-66],[128,26],[39,-20],[-4,-32],[98,-12],[2,-93],[-28,-53],[27,-24],[-38,-99],[-1,-47],[-52,-33],[-33,-3]],[[49744,13586],[-50,-57],[-17,-42],[17,-64],[-34,-47],[-13,-17],[-14,-54],[-99,-78],[-7,-102],[38,-57],[-18,-28],[-327,-24],[-5,159],[-151,-9],[-65,-5],[0,-46],[-28,-41],[13,-51],[34,-19],[-28,-65],[36,-24],[5,-75]],[[48852,8480],[22,-42],[108,-83],[44,-49],[54,2],[67,-70],[35,-21],[19,-42],[45,-36],[-41,-52],[42,-26],[-12,-24],[35,-53],[108,117],[42,36]],[[49420,8137],[14,13],[294,269],[1,-66],[25,-46],[31,-46],[103,1],[39,51],[43,-27],[39,-56],[40,-7],[26,42],[47,-8],[62,49],[37,-28],[50,29],[61,-1],[13,21],[116,21],[41,29],[55,-32],[237,56],[50,-38]],[[50844,8363],[-67,-181],[-11,-75],[2,-118],[21,-188],[-3,-112],[29,-129],[-37,25],[10,70],[-21,109],[-27,44],[-9,151],[-35,32],[-66,1],[-38,-26],[-19,-54],[-25,-135],[-12,-101],[4,-67],[19,-65],[12,-82],[40,-83],[-39,-19],[-129,16],[-65,-40],[-45,-67],[-9,-120],[14,-92],[20,-72],[57,-126],[24,-25],[-27,-29],[-177,-42],[-31,-3],[-29,-37],[-77,-8],[-60,-55],[-28,-89],[-3,-98],[18,-75],[-10,-39],[-94,0],[-58,13],[-113,-53],[-74,33],[-48,-32]],[[49185,12492],[64,-60],[84,-62],[54,9],[13,-69],[-19,-13],[0,-74],[-16,-22],[25,-82],[147,15],[2,-23],[84,29]],[[49623,12140],[20,-80],[-7,-92],[64,-32],[47,-24],[55,-62],[-11,-23],[-39,-10],[21,-63],[30,-32],[-14,-22],[-41,3],[18,-59],[-9,-42],[-1,-92],[-105,2],[10,-102],[38,1]],[[49572,15964],[46,17],[27,-30],[31,31]],[[49676,15982],[13,3],[65,-55],[-4,-69],[46,-21],[-48,-35],[32,-44],[-22,-73],[38,-29],[-40,-66],[40,0],[31,-43],[48,-22],[-17,-28],[27,-42],[51,-25],[-41,-29],[-55,-85],[5,-76],[-21,-11],[-44,28],[-19,38],[-28,-50],[49,-62],[-3,-47],[-45,-3],[49,-94],[23,-21],[80,-31],[25,12],[12,51],[35,23],[53,-2],[40,22],[33,-54],[-1,-26],[46,-17],[-31,-74],[-29,-19],[33,-52],[-36,-35],[-45,7],[-82,-30],[-8,-13],[18,-20],[50,-6],[-64,-74],[77,-40],[15,-26],[44,-40],[-27,-32],[4,-42],[22,-49],[-32,-11],[-22,-45],[-124,-24],[0,-20],[-22,-33],[22,-28],[4,-42],[-39,-17],[-50,21],[-12,-30],[-40,-35],[-94,45],[-3,-41],[-37,-28],[-70,-34],[-72,107],[-66,-46],[-13,-72]],[[50017,10565],[161,-275],[-21,-8],[-25,-93],[63,-23],[36,28],[45,-18],[30,-33],[37,-75],[90,-15],[31,-39],[55,15],[86,-5],[19,8]],[[50624,10032],[29,-17],[-21,-55],[-10,-61],[90,-53],[38,-56],[42,6],[58,-14],[-90,-40],[-16,4],[-83,-34],[-41,-32],[-80,-33],[-67,9],[-29,-68],[-67,-34],[-43,-41],[-67,4],[-21,-25],[-80,33],[-5,32],[-64,-19],[-40,-80],[-92,34],[-10,44],[-36,50],[-117,-126],[-109,-45],[-45,-36],[-29,-42],[-16,-56],[46,-46],[-107,-143],[10,-208],[3,-44],[-34,-42],[36,-72],[-27,-51],[-37,-37],[-115,-64],[-9,-30],[58,-76],[-26,-46],[-2,-39],[-25,-44],[22,-28],[-2,-35],[24,-47],[-26,-39],[28,-53]],[[49744,13586],[38,-2],[43,-33],[11,-31],[38,-8],[58,39],[126,-41],[13,-61],[-23,-32],[33,-54],[22,0],[28,42],[79,-8],[21,-38],[36,-19],[92,59],[38,6],[-1,51],[29,37],[51,-37],[35,-10],[4,-70],[43,-19]],[[50558,13357],[-16,-25],[10,-121],[16,-41],[-22,-20],[6,-48]],[[50552,13102],[-26,-21],[-23,-52],[-54,-19],[24,-35],[4,-53],[-18,-18],[36,-72],[-23,-8],[5,-63],[-60,-44],[53,-10],[-8,-34],[-59,-55],[42,-26],[7,-24],[-42,-23]],[[50410,12545],[-36,17],[-35,66],[-13,-8],[-169,-16],[-205,-3],[-101,-2],[-95,-1],[0,-39],[-49,-75],[-33,-9],[-38,-29],[60,-105],[1,-4],[30,-14],[-22,-69],[55,-11],[-16,-57],[-1,-29],[-77,-2],[-43,-15]],[[50911,5878],[78,117],[64,161],[35,174],[4,62],[-9,124],[-36,143],[-6,49],[8,140],[23,29],[39,-49],[55,-27],[47,-3],[123,96],[55,26],[65,9],[50,39],[40,76],[6,124],[-36,146],[108,-22],[34,6],[50,32],[80,84],[47,14],[20,31],[58,30],[82,27],[74,101],[42,85],[27,101],[15,111],[9,140],[-16,277],[-31,195],[-55,105],[-10,40],[24,39],[29,14],[42,-24],[16,-30],[81,-70],[31,11],[-3,78],[28,2],[49,-78],[-51,-40],[-31,1],[-46,-29],[-6,-23],[16,-70],[86,-82],[63,-11],[19,22],[22,112],[-3,128],[46,82],[-2,63],[-21,37],[28,43],[12,67],[-11,55],[-40,2],[-34,34],[-51,108],[-55,-9],[-48,19],[-32,-20],[-23,-140],[29,-80],[-38,-27],[-108,-7],[-66,6],[-78,29],[-21,-69],[-4,-66],[-106,45],[-158,-15],[-27,-30],[-26,-94],[2,-82],[17,-74],[-97,72],[-89,46],[-77,21],[3,56],[50,111],[9,51],[-24,56],[-73,28],[-10,33],[-57,25],[-28,-29],[-31,15],[-29,-16],[-16,-41],[-41,16],[11,49],[-68,26],[13,34],[-39,31],[-10,38],[-74,26],[17,76],[-13,40],[-70,41],[2,63],[66,99],[0,40],[-53,-9],[-37,19],[-61,93],[-11,-64],[3,-68],[-25,-78],[14,-17],[-15,-60],[17,-47],[-33,-46],[-5,-56],[29,-25],[-40,-113],[7,-21],[60,-13],[14,-38],[-19,-50],[16,-76],[82,-5],[42,-28],[34,34],[30,5],[6,-101],[35,-93],[30,-23],[111,69],[69,5],[-15,-49],[-40,-52],[-11,-91],[-19,-11],[-41,59],[-98,14],[-70,-40],[-36,-49],[-52,-117]],[[50624,10032],[37,48],[-34,78]],[[50627,10158],[24,47],[47,33],[59,-50],[11,-14],[76,2],[38,14],[46,-16],[26,-26],[50,-8],[9,-23],[7,65],[54,-50],[65,-2],[153,-32],[-28,-48],[12,0],[264,102]],[[51540,10152],[186,-18],[48,17],[39,64],[52,-22],[54,19],[45,-15],[98,9],[63,-53],[-9,81],[29,30],[-25,77],[29,45],[3,56],[33,-14],[81,-5],[57,-34],[11,-24],[69,-22],[32,-31],[22,37],[60,0],[30,45],[37,13],[67,-13],[25,39],[102,-65],[46,-34],[56,9],[7,32],[42,7],[10,45],[31,3]],[[52970,10430],[92,-18],[11,-50],[68,-12],[42,-32],[-21,-58],[-53,-23],[9,-50],[-4,-72],[-24,-54],[-26,-23],[-12,-62],[-61,28],[-31,-19],[-64,18],[-47,-25],[-1,-66],[-30,-2],[-30,-223],[-41,-28],[-93,-87],[-13,-30],[19,-60],[93,-131],[66,20],[42,49],[-30,-101],[-3,-57],[-29,-52],[40,-65],[43,-36],[148,-42],[50,-23],[11,-35],[-49,-22],[-6,-42],[35,-37],[-54,-74],[104,2]],[[53121,8836],[-60,-172],[-17,-69],[-53,-148],[-55,-116],[-81,-146],[-108,-157],[-127,-195],[-76,-132],[-141,-233],[-120,-172],[-177,-281],[-103,-185],[-85,-121],[-133,-159],[-159,-178],[-159,-149],[-81,-66],[-85,-87],[-77,-89],[-186,-158],[-23,-42]],[[49676,15982],[-23,59],[90,14],[31,-15],[37,-50],[29,3],[15,53],[24,27]],[[49879,16073],[58,-19],[-7,-49],[43,-36],[25,18],[5,49],[27,13],[28,-30],[-26,-79],[35,-37],[48,53],[36,-12],[-20,-83],[19,-38],[40,-17],[26,61],[28,-8],[62,17],[58,-18],[16,-34],[1,-61],[39,-18],[49,-61],[-3,-52],[56,7],[16,41],[52,20],[26,-29],[-15,-66],[48,-45],[52,22],[42,-17],[2,-39],[22,-30],[-14,-37]],[[50753,15459],[15,-91],[-62,9],[-16,-38],[5,-62],[-63,-23],[-2,-33],[-31,-30],[16,-47],[-15,-18],[41,-35],[-39,-38],[24,-45],[-7,-54],[15,-25],[66,-13],[-17,-76],[13,-55],[-19,-51],[-2,-88],[78,-58],[71,-11],[43,-43],[-7,-137],[38,-51],[-27,-40],[-87,-55],[-15,-31],[-56,-47],[-16,-38],[-34,7],[-76,-22],[-13,-58],[-20,-26],[40,-74],[88,-46],[31,-30],[8,-42],[-31,-19],[-1,-75],[-24,-30],[31,-53],[-59,-7],[30,-37],[-16,-47],[-38,-25],[5,-100],[-60,-94]],[[50410,12545],[34,-28],[-20,-51],[-34,-28],[-4,-46],[21,-26],[38,-30],[-5,-36],[-42,8],[-1,-54],[33,-19],[-41,-36],[39,-29],[-50,-17],[1,-24],[27,4],[58,-116],[36,6],[-8,-70],[29,0],[3,-102],[-26,0],[0,-74],[77,0],[-5,-105],[-227,-3],[5,-159],[70,16],[-1,-43],[42,0],[0,-52],[193,0],[-1,-107],[0,-48]],[[50651,11276],[-95,0],[-9,-173],[-5,-37],[-72,5]],[[50470,11071],[-10,34],[-76,46],[-40,-17],[-64,-2],[-53,-29],[-34,38],[-54,-8],[-55,-10]],[[50470,11071],[-33,4],[-49,-22],[32,-36],[7,-47],[-38,-25],[46,-55],[-24,-77],[14,-24],[-3,-59],[23,-5],[51,-55],[24,34],[60,-22],[8,-98],[-22,-49],[3,-32],[-59,-21],[-23,20],[2,-97],[-59,-37],[37,-52],[22,28],[43,-35],[-11,-48],[22,-61],[84,-42]],[[50552,13102],[68,16],[19,53],[45,11],[10,58],[71,5],[42,-8],[56,21],[9,-27],[63,19],[27,-18],[81,-10],[59,25],[1,45],[26,22],[40,-2],[51,-46],[54,-110],[28,-12],[55,8],[29,-12],[44,-120],[-22,-29],[31,-31],[21,-127],[43,-27],[-11,-47],[47,-46],[-10,-11],[69,-32],[38,15],[53,-11],[19,-91],[74,23],[6,50],[69,-33],[65,34],[-25,36],[115,46],[1,-32],[57,-23],[32,18],[36,-18],[70,12],[31,-38],[57,-11],[33,17],[1,-58],[57,-28],[57,-73],[-16,-26],[30,-31],[26,18],[35,-21],[29,-66],[70,-41],[28,-60],[10,-84],[-4,-53],[9,-60],[28,-26],[27,-71],[-17,-32],[-12,-105],[51,-2],[22,28],[92,31],[29,-26],[48,18],[83,-26],[81,-52],[36,20],[-9,31],[24,45],[47,16],[38,-19],[28,106],[-84,40],[1,32],[-28,29],[-69,20],[3,50],[40,34],[12,56],[-32,64],[159,14],[66,61],[-1,33],[-50,22],[8,41],[-15,60],[-18,15],[24,22],[38,-11],[27,40],[30,-19],[27,17],[50,-24],[78,-20],[108,-63],[18,-36],[58,-53],[42,-11],[24,14]],[[53773,12444],[-15,-53],[23,-78],[-3,-36],[43,-11],[-40,-120],[38,-29],[-37,-31],[-9,-35],[-60,-37],[63,-17],[-26,-80],[4,-36],[-36,-5],[-7,-49],[-45,16],[4,-52],[-83,-85],[-30,0],[-67,-25],[-18,-50],[-73,30],[-43,-72],[-9,-132],[37,-49],[15,49],[119,-120],[52,-29],[29,-31]],[[53599,11277],[-52,-35],[-49,35]],[[53498,11277],[-59,71],[-64,-38],[-45,2],[-55,-59],[-34,58],[-25,18],[-67,-42],[14,-86],[42,-46],[-22,-48],[-38,-25],[41,-51],[27,-13],[23,-82],[34,13],[0,-89],[35,-57],[-81,46],[-39,71],[-64,-21],[-60,21],[20,35],[5,45],[-47,30],[-57,-2],[-38,-74],[-41,-44]],[[52903,10910],[-130,-64],[-36,-2],[-24,-47],[-268,0],[-45,-37],[-38,-2],[-91,-17],[-46,148],[-22,-8],[-60,79],[-41,29],[-7,25],[61,10],[6,24],[42,22],[7,25],[-49,15],[-16,30],[-79,2],[-30,-28],[-82,0],[9,-61],[-25,-9],[-68,18],[18,-36],[-74,-67],[-76,-3],[-50,-50],[-44,-14]],[[51645,10892],[1,130],[-66,66],[-38,-2],[-56,91],[-87,-120],[13,-22],[14,-3],[-10,-83],[-64,16],[-81,20],[-3,-38],[-64,8],[-11,-87],[-76,13],[-71,30],[10,29],[10,111],[-62,77],[-24,-21],[-62,-13],[-30,-59],[-7,-41],[-46,-69],[16,-40],[-56,-54],[-29,6],[-53,-7],[-21,24],[45,79],[-52,33],[21,117],[-5,44],[-28,73],[-23,28],[1,48]],[[51645,10892],[0,-38],[-2,-75],[28,-15],[95,-9],[2,-73],[-10,-63],[-44,-74],[-60,14],[-5,-54],[-30,-22],[-14,-36],[-42,-12],[11,-30],[-10,-4],[1,-54],[18,-54],[7,-75],[-50,-66]],[[50753,15459],[82,-29]],[[50835,15430],[-3,-49],[58,-25],[16,-48],[48,21],[68,-20],[64,-60],[61,-13],[12,-69],[65,14],[46,-35],[0,-55],[58,-19],[-14,-68],[18,-29],[71,-41],[-5,-77],[44,-23],[24,52],[24,-13],[16,-21],[72,-34],[26,1],[-2,-55],[21,-58],[59,-18],[42,-54],[-15,-69],[-49,-48],[49,-10],[28,-42],[-12,-56],[32,-28],[54,54],[45,-57],[68,-4],[-13,-52],[20,-34],[-9,-61],[56,20],[28,-145],[120,-56],[2,-46],[45,-37],[36,-57],[14,-46],[53,-53],[-10,-40],[46,-35],[32,32],[48,-33],[31,-53],[58,-38],[20,16],[10,50],[47,-22],[71,-7],[32,10],[57,-56],[82,-3],[28,-32],[36,65],[33,-10],[0,-89],[32,3],[-6,46],[24,16],[59,-11],[22,-32],[46,-15],[18,36],[49,26],[16,-65],[44,-5],[35,38],[46,-17],[36,-66],[2,-45],[50,1],[-18,90],[10,38],[69,11],[-32,-59],[10,-32],[44,-22],[45,28],[31,-14],[67,1],[24,14],[18,56],[38,-15],[32,32],[40,10],[41,-25],[22,-81],[29,26],[-19,35],[20,19],[64,-33],[26,15],[56,-12],[-6,-64],[59,-22],[52,70],[57,-67],[61,87],[-4,-100],[40,17],[47,-66],[-44,-43],[36,-41],[11,-46],[39,-34],[-4,-55],[41,-36],[-26,-26]],[[54346,13128],[-3,-1],[-25,14],[-87,-13],[-8,34],[-46,-37],[-35,37],[-52,-71],[11,-39],[-57,-43],[14,-50],[-18,-51]],[[54040,12908],[-52,30],[-13,-56],[-25,-29],[-48,42],[-75,-21],[29,-54],[-77,-57],[8,-32],[-41,-109],[23,-16],[-7,-68],[14,-38],[-3,-56]],[[52903,10910],[-18,-30],[33,-98],[-30,-16],[18,-120],[30,-21],[-55,-75],[17,-70],[66,15],[16,-23],[-10,-42]],[[53498,11277],[-38,32],[-125,-42],[-61,-91],[28,-72],[50,-44],[38,-14],[10,-59],[22,-34],[34,-11],[17,-90],[55,-87],[38,24],[84,2],[22,11],[-12,-26],[-44,-1],[-2,-31],[28,-54],[66,-54],[146,-14]],[[53854,10622],[-26,-46],[-93,-178],[-93,-200],[-104,-229],[-25,-58],[-95,-235],[-113,-311],[-125,-356],[-59,-173]],[[53599,11277],[7,4],[-41,67],[-91,68],[-35,42],[-14,55],[162,47],[17,18],[119,36],[43,53],[17,-1],[43,-23],[49,1],[28,-18],[72,-24],[26,-22],[6,-61],[23,-45],[60,-31],[58,2],[33,-28],[64,-3],[18,-55],[38,-19]],[[54301,11340],[26,2],[-54,-88],[-149,-213],[-208,-317],[-62,-102]],[[46613,18967],[-26,-28],[-47,-22],[-62,-12],[-28,11],[-54,-31],[-22,-51],[-52,-74],[16,-55],[79,16],[38,-74],[-3,-36],[-26,-30],[8,-108],[31,-48],[6,-44]],[[46471,18381],[-35,-26],[8,-96],[18,-32],[-16,-40],[-69,-56],[-59,-24],[2,-55],[-33,-32],[43,-37],[-7,-30],[-36,-49],[21,-47],[-55,-25],[-37,-1],[-131,-33],[-20,-42],[56,5],[-11,-71],[-53,1],[-17,-35],[31,-39],[-15,-28]],[[46056,17589],[2,-77],[39,-45],[-47,-37],[28,-2],[2,-85],[47,-76],[-46,13],[-37,-25],[-78,28],[-7,-89],[-61,-52],[-24,-53],[-68,5],[-15,-28],[10,-63],[-8,-36],[-49,-48],[0,-19],[-2,-49]],[[45103,16866],[-5,39],[28,54],[64,62],[43,22],[-62,48],[28,103],[43,-59],[28,15],[-6,39],[31,55],[-32,31],[69,15],[-9,37],[34,20],[-20,27],[39,18],[63,55],[29,3],[-46,22],[44,104],[-52,17],[31,50],[46,9],[-36,52],[-42,30],[-29,87],[-49,83],[36,41],[-45,22],[-4,56],[23,117],[17,38],[-35,33],[-49,4],[61,68],[-2,39],[18,56],[3,48],[-21,57],[22,5],[-22,88],[49,3],[25,121],[19,27],[0,39],[-33,30],[-8,54],[21,47],[-6,36],[33,69],[53,66],[36,60],[3,88]],[[46056,17589],[28,-14],[41,21],[98,-33],[92,-76],[17,14],[47,13],[36,-15],[-7,-28],[93,-12],[40,-33],[56,-10],[52,32],[53,3],[18,47],[0,54],[-14,38],[-25,117],[28,67],[-10,16],[-10,63],[76,56],[-41,29],[0,30],[89,7],[26,60],[-10,53],[-31,63],[31,64],[143,22],[129,55],[36,37]],[[47137,18329],[191,15],[189,14],[11,-20],[53,39],[43,-8]],[[47624,18369],[81,-46],[40,-82],[45,18],[15,-49],[38,-19],[4,-57],[-2,-34],[28,-90],[-48,0],[-35,-54],[-10,-55],[31,-12],[37,-18],[11,-31],[37,-30],[46,25],[30,-23],[39,-20],[11,-53],[55,-29],[70,-20],[3,-24],[12,-88],[-30,-17],[0,-59],[46,-75],[14,-54],[-1,-60],[36,-2],[41,-27],[13,-75],[26,0],[3,-140],[24,1]],[[48334,17070],[-30,-36],[-1,-39],[-63,13],[-26,-27],[-53,-15],[-47,42],[-40,-8],[37,-63],[-64,-17],[25,-27],[23,-19],[84,-17],[45,-59],[38,9],[23,30],[26,-21],[-36,-46],[-37,-28]],[[46471,18381],[13,40],[58,74],[108,-3],[-7,-48],[50,-48],[92,34],[83,48],[59,25],[60,-42],[43,8],[60,-61],[41,-11],[6,-68]],[[47858,18800],[-22,-41],[21,-80],[-19,-16],[4,-57],[-50,-23],[-66,42],[-65,-14],[-1,-25],[-121,-15],[-8,-14],[45,-58],[2,-35],[53,-39],[16,-49],[-23,-7]],[[49602,18373],[5,-31],[-27,-23],[-1,-57],[-32,-35],[1,-48],[-18,-28],[-54,-40],[33,-18],[19,-42],[28,18],[66,1],[8,16],[70,-40],[20,-47],[-9,-44],[-25,-40],[18,-54],[44,16],[47,-34],[73,-7],[55,-69],[-75,-23],[-33,-47],[-24,-18],[-44,34],[-48,-46],[-57,-19],[-35,-49],[1,-48],[-15,-54]],[[49593,17497],[-47,-64],[-59,51],[-24,-44],[-71,36],[-74,-18],[-36,-21],[-88,17],[-15,-21],[-43,2],[-25,-25],[-56,-6],[-21,31],[-72,-18],[-39,16],[-50,48],[-11,11],[-6,-37],[-43,-43],[-30,-10],[-55,30],[-46,3],[-32,-232],[-6,-78],[-16,-18],[-83,-5],[-28,-36],[-68,15],[-91,1],[-24,-12]],[[49593,17497],[19,-37],[-50,-68],[-47,-32],[135,-163],[-35,-23],[-31,-42],[2,-51],[-51,-30],[-44,31],[-23,-78],[19,-17],[32,-44],[87,-28],[-10,-24],[26,-71],[41,-29],[55,-21],[38,9],[66,-10],[76,61],[-29,-58],[-35,-24],[-70,-93],[0,-84],[-19,-57],[66,-70],[0,-56],[-6,-91],[33,-34],[26,-53],[44,-17],[-29,-120]],[[50524,18027],[-1,-8],[-82,-134],[-57,-45],[4,-46],[86,-41],[14,-46],[-24,-31]],[[50464,17676],[-162,40],[38,-24],[11,-34],[5,-80],[15,-14],[0,-68],[64,-14],[32,-27],[66,-9],[18,-55],[65,-48],[41,8],[38,-103],[41,7],[-4,-66],[39,-37],[6,-23],[-48,-26],[-14,-79],[-25,-42],[5,-47],[28,-21],[2,-42],[30,-26],[60,-55],[-1,-35],[33,-39],[83,-13],[39,-31],[4,-38],[62,-45],[52,-24],[35,48],[50,40],[19,35],[44,-28],[60,-5],[64,48],[47,-31],[-8,-38],[45,-39],[37,11],[-12,60],[47,28],[25,-7],[104,84],[103,46],[7,-18],[65,-21],[27,-28]],[[51846,16751],[-2,-36],[-60,-3],[7,-42],[-42,-29],[-27,-39],[-46,5],[-37,-18],[-46,-45],[1,-35],[-25,-20],[2,-35],[-61,-22],[19,-103],[47,-21],[23,24],[58,-7],[21,-87],[56,-49],[69,13],[42,-22],[-6,-35]],[[51839,16145],[-22,-32],[1,-34],[62,-16],[0,-32],[-47,-18],[-12,-30],[-43,13],[-34,-54],[-50,-19],[-36,-38],[-51,-17],[-28,18],[-49,-6],[60,-40],[2,-24],[-41,27],[-44,-21],[37,-46],[-75,-26],[-5,-41],[67,-62],[-42,-37],[-52,11],[10,43],[-159,-21],[-25,33],[-48,0],[-41,36],[-50,20],[-52,-36],[-44,34],[17,48],[-45,-7],[-4,-40],[-27,-16],[31,-44],[12,-54],[-36,-34],[-30,-134],[-99,-40],[-12,21]],[[50464,17676],[153,-39],[67,-17],[30,23],[94,-27],[-4,9],[90,-29],[12,24],[46,24],[45,45],[23,-9],[13,45],[97,-9],[74,14],[65,-22],[62,-2],[-3,-41],[53,-17],[73,7],[26,-23],[27,-66],[53,27],[49,-43],[55,46],[123,32],[17,-83],[-20,-39],[28,-47],[3,-68],[26,-31],[1,-34],[53,-17],[90,-13],[32,-33],[10,-48],[42,-66],[-30,-16],[46,-44],[11,-43]],[[52096,17046],[-4,-89],[24,-3],[-44,-4],[-36,44],[-43,-7],[-69,12],[-93,-106],[6,-29],[-29,-31],[25,-20],[13,-62]],[[50840,18873],[38,-45],[41,-8],[58,-43],[13,-51],[26,-19],[75,55],[67,77],[38,23],[108,-29],[44,19],[22,-22],[50,-6],[55,8],[47,-66],[-79,-75],[8,-70],[-32,-29],[59,-34],[35,-51],[46,-43],[109,-27],[95,-5],[69,28],[19,45],[45,58],[133,-45],[89,66],[81,-6],[47,-28],[31,-52],[53,-24],[6,-41],[51,-39],[27,-38],[16,-53],[65,3],[26,-71],[58,-18],[0,-14]],[[52579,18203],[-49,-98],[11,-21],[-14,-53],[39,-112],[-4,-29],[-60,-27],[41,-37],[19,-69],[-42,1],[-44,-28],[-31,11],[-49,-39],[-29,-46],[2,-74],[-29,-56],[18,-42],[-44,-33],[-17,-30],[39,-78],[-54,-16],[14,-30],[-98,-141],[-17,-40],[28,-33],[-72,7],[-41,-44]],[[51839,16145],[87,-17],[5,72],[35,-24],[27,45],[7,-64],[119,52],[44,-25],[25,-84],[32,38],[41,2],[68,-39],[90,5],[-27,-51],[15,-45],[59,49],[45,-3],[-23,48],[45,28],[35,-24],[23,20],[22,41],[-22,26],[23,38],[-26,49],[58,76],[43,23],[33,-15],[65,11],[35,29],[55,9],[279,-18],[65,22],[11,40],[36,37],[-10,101],[31,12]],[[53289,16609],[15,-10],[87,-1],[67,-61],[56,-13],[25,-37],[37,4],[44,-23],[-34,-24],[-15,-55],[37,-2],[49,-76],[-13,-30],[47,-40],[35,20],[33,-15],[21,24],[27,-57],[40,18],[42,-37],[15,-60],[20,-20],[-5,-71],[95,-33],[51,-101],[30,-33],[57,-37],[30,-39],[27,13]],[[54209,15813],[70,-98],[-16,-62],[23,-29],[41,29],[50,-23],[56,8],[88,81],[-34,-75],[19,-40],[99,49],[22,34],[49,34],[107,43]],[[54783,15764],[-4,-92],[14,-38],[77,-91],[24,-60],[-32,-52],[31,-79],[51,8],[12,-37],[109,-108],[54,-4],[36,-47],[49,13],[52,-117],[33,4],[-41,-71],[-24,-84],[5,-17]],[[55229,14892],[-6,-76],[-29,-35],[-37,-10],[-40,-85],[7,-20],[-36,-38],[6,-46],[-80,-49],[22,-79],[-94,-16],[-10,-37]],[[54932,14401],[-74,-6],[0,23],[-32,-5],[-8,-46],[-28,-20],[-22,-58],[-30,-44],[-17,-66],[-2,-58],[-15,-45],[41,-53],[2,-73],[-62,-115],[3,-129],[-36,-36],[38,-50],[33,3],[-15,-3],[-48,-77],[23,-44],[-36,-51],[-50,7],[-53,-72],[-77,-42],[11,-98],[-20,-47],[-71,-49],[-41,-19]],[[54570,19283],[-43,-42],[11,-18],[-24,-115],[36,-102],[-90,-32],[36,-72],[-67,-8],[-73,-45],[-12,-33],[-76,-39],[-29,-82],[-23,-37],[8,-57],[51,-84],[3,-58],[63,-61],[23,0],[34,-141],[-46,-20],[-19,-36],[9,-48],[39,-61],[54,11],[22,-12]],[[54457,18091],[-63,-26]],[[54394,18065],[-47,-6],[-38,-45],[-27,-127],[-42,-36],[-46,30],[-16,50],[-33,14],[-38,93],[-43,18]],[[54064,18056],[-23,38],[2,38],[-41,60],[-56,18],[0,68],[-70,88],[-42,34],[-28,-5],[-22,31],[-37,91],[-57,53],[-52,5],[-23,-37],[-138,-16],[-30,18],[-48,-20],[-11,-71],[26,-33],[-26,-53],[20,-113],[-30,-88],[33,-61],[12,-60],[-12,-66],[30,-49],[3,-94],[46,-43],[-48,-12],[-40,35],[-103,26],[-59,-59],[-50,0],[-56,-57],[0,-43],[-24,-26]],[[53110,17653],[-10,24],[-47,26],[-5,29],[-46,-14],[-95,22],[18,102],[29,67],[-34,5],[-35,60],[-74,-5],[-45,36],[-17,-8],[-60,46],[-63,25],[7,92],[-54,43]],[[53110,17653],[-23,-39],[7,-37],[-29,-62],[5,-34],[-39,-99],[-6,-59],[-28,-1],[-29,-71],[9,-43],[-20,-20],[29,-51],[-10,-29],[-29,5],[-41,-48],[59,-51],[12,-69],[22,-50],[48,-18],[-14,-108],[38,-7],[13,-41],[50,-23],[55,-30],[46,25],[54,-84]],[[54064,18056],[-38,-8],[-99,-84],[-1,-32],[-34,-65],[-51,-25],[-46,-48],[-9,-93],[-34,-61],[21,-48],[2,-74],[21,-32],[-15,-9],[-8,-74],[29,-93],[69,-9],[43,9],[55,-12],[-10,-52],[68,-5],[12,-61],[-13,-34],[25,-69],[3,-66],[61,-8],[9,-28],[126,-19],[9,-27],[55,7],[20,27],[92,39],[25,35],[36,-13],[32,53],[27,19],[63,-16],[-24,-37],[17,-42],[-10,-26],[35,-1],[134,39],[39,24],[-39,47],[49,15]],[[54810,17099],[12,-27],[46,-31],[8,-78],[23,-65],[-18,-35],[61,-35],[-41,-34],[-18,-76],[36,-70],[45,4],[22,37],[98,27],[70,-23],[47,18],[40,49],[86,2],[38,38],[9,42],[52,41],[20,13]],[[55446,16896],[16,-12],[33,-95],[-53,-70],[-21,-10]],[[55421,16709],[-169,-69],[-43,-71],[12,-26],[-31,-61],[-49,16],[-34,-24],[-66,-7],[-50,-64],[-52,6],[-47,-23],[-52,104],[4,31],[-32,-29],[-18,-65],[-96,-108],[-57,-41],[-61,20],[-82,-11],[-54,22],[-77,-5],[41,-177],[-35,-5],[-125,-40],[-36,19],[-32,-22],[-4,-68],[56,-42],[-36,-114],[13,-42]],[[54040,12908],[65,-9],[30,12],[-1,-79],[37,-29],[34,-68],[72,-54],[15,-10],[50,-88],[61,-53],[13,95],[46,6],[-41,87],[14,42],[-17,50],[47,11],[97,-10],[26,-61],[-3,-66],[50,-2],[43,-34],[83,-107],[110,39],[96,73],[59,-50],[107,-55],[135,-71]],[[55268,12477],[-193,-187],[-98,-104],[-208,-247],[-107,-132],[-185,-243],[-143,-201],[-33,-23]],[[54394,18065],[26,-88],[27,-17],[30,-93],[54,1],[29,-14],[73,19],[25,-21],[1,-94],[29,-87],[-7,-33],[22,-58],[74,-45],[7,-30],[47,-43],[47,-6],[10,-112],[-16,-53],[5,-138],[-12,-22],[33,-43],[-5,-41],[-83,52]],[[54932,14401],[24,-47],[30,6],[42,-27],[11,-29],[-5,-64],[23,-13],[41,-65],[46,-34],[66,-7],[59,-32],[33,15],[95,-22],[62,-43],[8,-36],[-33,-41],[10,-64],[-16,-32],[6,-57],[-16,-45],[75,-23],[-48,-28],[14,-48],[-36,-35],[-30,-60],[-50,-20],[-4,-28],[-47,-26],[-23,-47],[-10,-55],[28,-67],[48,-44],[16,-49],[18,-9],[5,4],[94,-75],[14,-43],[31,-14],[13,-15],[0,-106],[2,-25],[-5,-62],[-48,-38],[-13,-28],[3,-54],[-12,-40],[55,-40]],[[55508,12689],[-166,-141],[-74,-71]],[[55421,16709],[-28,-56],[-1,-32],[-56,-60],[28,-49],[51,-9],[0,-23],[70,-25],[22,-51],[49,-54],[-44,-34],[-16,-57],[-33,-3],[-40,-34],[14,-32],[-22,-101],[0,-48]],[[55415,16041],[-38,-30],[-34,-84],[4,-54],[-15,-33],[27,-56],[33,-22],[17,-45],[37,-25],[21,-45],[-26,-22],[-125,11],[-32,20],[-5,42],[-36,32],[2,74],[-47,-12],[-73,69],[-58,11],[-51,-8],[-21,-3],[-39,-54],[-34,4],[-59,39],[-80,-86]],[[56030,19890],[-27,-36],[14,-25],[-45,-31],[-59,0],[-17,19],[-62,20],[-33,-43],[-10,-123],[-36,5],[-37,-40],[-95,-30],[-20,-42],[-38,10],[-16,-48],[-55,-48],[14,-37],[62,-86],[-44,-21],[-35,18],[-23,-54],[-19,-28],[-42,-16],[-4,-45],[-48,-32],[187,-102],[-25,-9],[-14,-49],[2,-49],[21,-41],[-52,-35],[-46,-17],[-25,-26],[-99,32],[-58,40],[-50,-13],[2,-27],[-87,27],[8,15],[-89,49],[-46,-22],[-41,-38],[-19,-74],[-1,-65],[-83,17],[-26,-51],[51,-35],[20,-60],[50,-32]],[[54935,18612],[-33,-36],[-53,-22],[-23,8],[-81,-43],[-30,9],[-54,-68],[-7,-45],[-38,-42],[-8,-105],[-68,-41],[-16,-63],[16,-91],[-83,18]],[[54935,18612],[61,-55],[21,26],[63,30],[48,-46],[-4,-22],[76,-69],[51,5],[16,-20],[-16,-60],[23,-44],[5,-45],[34,-22],[78,-5],[29,-11],[52,-4],[53,22],[22,-32],[6,-56],[75,33],[1,35],[35,22],[17,-98],[31,-16],[87,12],[48,-23],[32,-58],[-70,-62],[19,-68],[-20,-26],[32,-72]],[[55840,17883],[10,-12],[67,-60],[32,-15],[37,45],[95,31],[65,38],[121,-103],[55,-52],[103,-22],[34,-60],[-10,-81],[-34,-39],[-11,-38],[60,-56],[-26,-29],[-40,-11],[-36,-35],[-94,7],[-26,-67],[-25,-32]],[[56217,17292],[-28,16],[-35,-35],[-31,-1],[-59,-42],[-62,19],[-13,-16],[-69,-17],[-58,-40],[-26,5],[-48,-35],[-1,-96],[-46,-56],[-36,14],[-78,-20],[-21,-25],[-35,34],[-67,-54],[-17,-39],[-41,-8]],[[55415,16041],[32,-18],[68,-8],[18,27],[50,2],[25,-25],[36,-1],[20,35],[35,4],[7,38],[28,39],[84,22],[26,-92],[32,5],[20,36],[57,46],[68,-9],[77,-22],[54,43],[36,32],[23,-9],[58,66],[17,34],[35,23],[42,73],[18,19]],[[56381,16401],[68,20],[71,10],[54,-37],[41,33],[56,-13],[20,66],[61,-10],[71,21]],[[56823,16491],[93,7],[32,-13],[29,-45],[-22,-62],[13,-35],[-56,1],[-16,-31],[2,-80],[-38,-43],[-60,26],[-39,-17],[-52,-134],[33,-86],[2,-34],[43,-45],[-11,-29],[37,-37],[55,-18],[19,-40],[-17,-39],[-41,-17],[-28,42],[-32,-6],[-48,-80],[-5,-22],[49,-38],[46,-10],[-8,-30],[17,-92],[-9,-29],[29,-78],[-18,-22],[-8,-52],[20,-19],[-4,-52],[29,-26],[10,-69],[-50,-21],[-4,-65],[60,-19],[-23,-51],[-36,-27],[-47,-73],[2,-46],[-19,-37],[-9,-65],[16,-43],[50,-22],[-17,-33],[0,-55],[-48,-55],[-7,-75],[-63,-164],[11,-47],[-22,-52],[22,-63],[-43,-43],[-55,-106],[-16,-52],[3,-58]],[[56574,13865],[-100,-2],[-9,43],[58,147],[12,59],[-35,53],[6,117],[13,58],[-22,38],[0,47],[-28,10],[-18,72],[-19,8],[-58,-19],[-31,42],[-62,16],[-70,-21],[-56,1],[-16,49],[-77,-33],[-36,-67],[-40,-21],[-9,69],[-52,39],[-85,80],[1,54],[-37,59],[0,1],[-117,-43],[-69,15],[-25,23],[-33,64],[-36,-37],[-54,38],[-55,11],[-39,29],[-37,-2],[-76,43],[-34,-13]],[[56888,15534],[1,47],[20,47],[34,21],[41,-10],[-9,88],[-74,40],[57,69],[40,-7],[-1,37],[23,32],[-50,22],[7,36],[27,21],[-22,56],[-31,43],[44,51],[-16,21],[15,53],[77,-23],[30,29],[42,-1],[55,27],[18,70],[35,-43],[34,-79],[43,-36],[-12,-79],[-26,-13],[-41,-53],[-45,-87],[-7,-61],[24,-61],[-40,-49],[3,-21],[-49,-52],[-31,-48],[-24,-90],[-38,-44],[-19,-94],[25,-30],[42,-15],[-15,-52],[-23,-27],[-59,29],[-28,-31],[-22,-84],[-38,-32],[-26,13],[27,58],[-2,53],[-33,33],[10,49],[26,44],[-12,62],[27,48],[-34,23]],[[56815,19923],[2,-68],[-18,-135],[16,-42],[6,-133],[38,-107],[27,-11],[102,2],[-8,-83],[45,-94],[-69,-135],[-37,-89],[-26,-89],[-61,-117],[-14,-61],[5,-51],[-62,-112],[-61,-137],[-24,-68],[-21,-12],[-39,19],[-14,-10],[-3,-19]],[[56599,18371],[-28,-38],[-45,17],[-3,51],[-25,29],[-7,-50],[2,-131],[-31,-17],[8,-59],[-42,-26],[-17,24],[-45,-48],[-49,107],[-27,20],[-43,-9],[-36,-10],[-66,-53],[-35,34],[-22,-60],[-20,-14],[-10,-49],[-91,-108],[-45,-34],[-32,6],[-3,-44],[-47,-26]],[[56574,13865],[-45,-58],[-43,-99],[-4,-68],[-42,-91],[7,-69],[42,-38],[-27,-32],[-8,-46],[-32,-22],[-36,-59],[-50,-55],[5,-43],[-97,-22],[-120,-59],[-140,-81],[-285,-192],[-191,-142]],[[56217,17292],[-6,-21],[34,-34],[-5,-54],[26,-55],[50,-16],[32,-40],[40,-18],[-8,-34],[-41,-66],[29,-50],[11,-11],[-21,-83],[33,-37],[34,-12],[10,-32],[56,-39],[-7,-65],[29,-10],[42,12],[30,-19],[-88,-51],[1,-29],[-66,-61],[-51,-66]],[[56599,18371],[16,27],[46,-21],[-23,-113],[-20,-141],[20,-48],[-6,-51],[12,-83],[32,-51],[29,21],[64,-68],[51,23],[29,-41],[-25,-16],[-15,-64],[-41,2],[-26,-51],[-24,-142],[6,-30],[30,-60],[0,-59],[-15,-60],[28,-42],[45,10],[41,-10],[20,-61],[-27,-56],[-4,-40],[-8,-54],[-46,-58],[21,-52],[40,-53],[67,-32],[39,17],[6,35],[61,68],[-12,-54],[24,-35],[29,-8],[-16,-43],[-10,-91],[-32,41],[-57,7],[-88,-75],[-54,-16],[-29,-85],[7,-82],[39,-85]],[[80912,59367],[67,-18],[74,-37],[1,-31],[80,-32],[37,-36],[18,29],[19,-36],[-37,-54],[91,-88],[-11,-30],[33,-6],[22,18],[80,-6],[-32,-51],[52,-80],[12,-63],[-22,-20],[8,-44],[35,-36],[48,-33],[64,11],[63,-26],[42,32],[38,-20],[52,-81],[2,-26]],[[81748,58603],[-19,-27],[-56,-26],[-30,6],[107,-196],[62,-31],[7,-32],[26,-17],[20,-67],[34,-48]],[[81899,58165],[-110,-86],[17,-46],[-15,-56],[-48,-49],[-197,-53],[6,32],[-21,33],[32,116],[24,108],[-5,148],[-205,-182],[22,-33],[-25,-22],[-23,16],[-88,-171],[-75,-68],[-59,53],[-27,2],[-68,54],[-39,-1],[-119,-70],[-67,-66],[23,-60],[-40,-3],[-47,-27],[-50,-78],[-124,-246]],[[82867,60799],[-113,-31],[-53,-49],[-70,-12],[-13,-79],[6,-113],[-194,-73],[-1,-1],[-4,-49],[37,-28],[-28,-65],[-4,-45],[23,-18],[8,-76],[-28,-51],[3,-70],[-33,-46]],[[82403,59993],[-14,61],[-78,44],[-53,16],[-31,78],[-42,64],[-69,-46],[53,-20],[59,-65],[5,-24],[-57,-14],[-30,-21],[-4,-35],[-49,-26],[-56,-97],[-31,-28]],[[82006,59880],[-9,55],[-39,86],[-14,-3],[-37,55],[-17,44],[5,47],[-17,46],[-15,-5],[4,-89],[-16,-34],[-109,45],[-25,-7],[-45,16],[-47,-30],[-60,52],[-34,44],[-18,-6],[-44,53],[-34,-27],[-19,20],[-41,-3],[-68,65],[-45,32],[-61,13],[-36,34],[-66,-27],[-43,6]],[[81899,58165],[85,-95],[31,-57],[-7,-32],[19,-32],[-13,-74],[-18,-25],[-5,-59],[34,-32],[8,-64],[152,-133]],[[82185,57562],[-45,-81],[-26,-63],[-55,-183],[-28,-73],[-51,7]],[[82006,59880],[43,-129],[40,12],[19,-30],[15,-65],[-135,-66],[63,-122],[39,-88],[91,-6],[31,-46],[-37,21],[-35,-1],[-33,-35],[81,-124],[32,-11],[31,-53],[8,-27],[-20,-58],[-50,12],[-53,-48],[-1,-28],[23,-51],[62,-67],[-161,-136],[-2,-1],[-189,19],[-120,-149]],[[82403,59993],[21,-14],[-6,-45],[60,-8],[12,-24],[51,16],[14,31],[68,69],[31,-29],[30,38],[45,-14],[40,7],[1,-54],[40,-74],[-16,-16],[6,-47],[37,-55],[11,-45],[60,-20],[6,59],[63,27],[9,37],[39,13],[28,-53],[29,-27],[-38,-24],[28,-147],[44,-10],[31,-82],[51,-46],[-1,-64],[57,-3],[40,-13],[35,-36],[206,-58]],[[83535,59282],[-51,-41],[-108,-49],[-159,-114],[-121,-119],[-186,-225],[-163,-237],[-36,-66],[0,-37],[-67,-87],[-76,-133],[-91,-141],[-60,-135],[13,-12],[-60,-83],[-104,-125],[-81,-116]],[[84126,59583],[-17,-45],[-76,-9],[-139,-44],[-130,-56],[-145,-75],[-84,-72]],[[48187,29641],[53,10],[56,-52],[81,-48],[28,-4],[50,-41],[35,-6],[54,-35],[29,-47],[99,-49],[62,10],[6,52],[30,17],[48,-19],[67,2],[85,-21],[116,6],[20,23],[91,63],[77,73],[2,41],[81,42],[67,-51],[17,61],[47,-6],[-9,24],[13,67],[-23,27],[4,74],[26,59],[16,97],[15,2],[60,-47],[72,45],[33,51],[24,58],[54,20],[24,38],[-7,70],[47,31],[19,45],[71,55],[-5,78],[27,105],[180,173],[-46,70],[-15,39],[5,104]],[[50073,30947],[25,-18],[46,5],[99,-10],[11,-10],[45,-35],[34,-15],[24,-49],[58,-42],[105,-14],[43,6],[53,6],[15,-49],[47,-29],[29,9],[13,37],[36,27],[54,62]],[[50810,30828],[31,-55],[63,19],[41,-24],[-18,-50],[-40,-49],[11,-46],[32,-6],[14,-65],[30,-10],[21,25],[40,-25],[37,-71],[26,-6],[32,17],[11,-33],[40,-17],[17,-33],[62,20],[36,-5],[71,-61],[68,-34],[89,-14]],[[51524,30305],[56,-63],[87,-15],[27,-26],[58,-5],[38,-14],[31,-34],[107,-38],[82,-4],[85,-27],[6,-19],[3,-1],[81,-17],[111,-86],[40,-3],[13,-25],[78,-13],[21,-40],[69,-43]],[[52517,29832],[24,-66],[56,-41]],[[52597,29725],[-27,-36],[-16,-54],[-44,-85],[-47,-20],[-25,-54],[-5,-114],[-28,-26],[-60,19],[-65,-2],[-44,-39],[-77,45],[-18,-73],[13,-24],[-12,-73],[-18,-21],[5,-70],[-111,-66],[-29,-41],[-62,12],[-35,-24],[-66,40],[-32,-45],[-5,-71],[31,-31],[-31,-42],[-5,-46],[-22,-24],[36,-55],[-25,-63],[26,-17],[-9,-94],[42,-68],[-30,-37],[-43,-1],[-51,27],[-14,-18],[-38,48],[-59,-75],[-30,-21],[-16,-50],[33,-51],[-15,-65],[11,-27],[-57,-13],[-28,-33],[3,-36]],[[49288,31406],[-1,-70],[51,-14],[2,-42],[35,-12],[88,-56],[60,-20],[36,3],[72,-23],[17,-24],[36,2],[21,-26],[44,8],[29,28],[68,-7],[28,-29],[-9,-34],[19,-36],[63,2],[43,-29],[7,-26],[76,-54]],[[49717,32552],[75,-59],[36,0],[52,-43],[8,-104],[30,-55],[65,-45],[30,16],[29,43],[30,8],[47,-16],[0,-64],[150,-64],[7,-25],[48,-32],[35,-23],[113,-42],[33,-40],[23,-2],[30,-42],[61,-30],[89,-8],[35,-9],[23,-33],[37,-23]],[[50803,31860],[-28,-21],[-29,-100],[14,-68],[-15,-121],[-15,-29],[6,-137],[21,-55],[-12,-52],[-30,-65],[2,-35],[-52,-72],[-16,-54],[71,-6],[2,-52],[46,-16],[66,-1],[17,-29],[-45,-88],[4,-31]],[[51218,34538],[26,-50],[27,-91],[56,-75],[63,-51]],[[51390,34271],[-235,-85],[-4,-26],[-56,-35],[-93,-6],[-49,-42],[-26,-7],[53,-46],[16,-46],[58,-15],[57,-55],[65,-27],[78,-45],[89,-16],[89,-5],[39,21],[22,-44],[27,41],[12,-26],[62,2],[53,47],[81,-6],[20,-9],[49,33],[67,5],[49,-39],[48,-8]],[[51961,33832],[16,-67],[-5,-119],[-50,19],[-35,32],[-9,-64],[14,-114],[-15,-28],[-15,-128],[-46,-115],[-39,-65],[-48,-62],[12,-9],[11,-21],[-12,-51],[-32,-52],[-5,-32],[-34,-47],[107,-65],[-57,-32],[5,-73],[-23,-59],[-27,-25],[0,-41],[-50,-76],[4,-29],[-23,-102],[-22,-56],[-25,-10],[5,-61],[-22,-63],[-53,-36],[-54,4],[-79,-82],[-33,-13],[-58,-106],[-25,-96],[-119,-168]],[[51120,31720],[-58,-26],[-55,30],[-9,30],[-33,14],[-25,34],[-27,37],[-69,-6],[-41,27]],[[51120,31720],[51,-21],[47,29],[60,-53],[34,-19],[55,-26],[19,-45],[50,-33],[25,5],[19,14],[82,-40],[53,16],[12,-56],[44,-71],[54,5],[23,-49],[-7,-48],[45,-22],[70,-12],[-14,-42],[28,-17],[81,46]],[[51951,31281],[-10,-60]],[[51941,31221],[2,-52],[-36,-62],[-11,-47],[-40,-84],[-27,-30],[3,-33],[-13,-24],[-15,-85],[-17,-15],[-22,-104],[22,-30],[52,-30],[-23,-24],[-12,-49],[-63,-19],[-83,-84],[-21,-53],[-18,-5],[-95,-86]],[[52665,35788],[-56,-110],[-3,-37],[18,-63],[32,-44],[-6,-30],[48,-106],[-12,-43],[30,-35],[-3,-40],[15,-27],[-19,-68],[25,-87],[65,-124],[-36,-92],[-63,-42],[-29,-4],[-18,-27],[-15,-68],[29,-28],[3,-32],[-29,-47],[14,-99],[-35,-28],[-13,-35],[28,-40],[7,-42],[-15,-34],[8,-114],[86,-56],[-23,-54],[-1,-65],[-12,-65],[-6,-7]],[[52679,33995],[-97,-37],[-27,8],[-52,-31],[-41,14],[-19,-63],[-46,26],[-57,-14],[-57,40],[-50,3],[-17,-25],[-27,-40],[-27,6],[-58,-12],[-43,19],[-30,-43],[-70,-14]],[[51390,34271],[25,-57],[17,-6],[32,-78],[47,79],[6,6],[119,-47],[-10,-29],[34,-28],[33,9],[10,32],[91,26],[-22,72],[59,19],[25,67],[-22,55],[34,-20],[60,9],[65,98],[-8,99],[23,64],[-60,13],[34,162],[27,23],[9,56],[8,55],[-49,83],[-13,80],[-66,76],[-10,58],[-20,30],[-75,46]],[[52679,33995],[-13,-106],[20,-28],[36,-1],[56,-72],[136,-9],[34,14],[94,-54],[25,29],[-20,63],[14,61],[-2,102],[-16,42],[48,-6],[40,-48],[38,-8],[46,43],[13,-12]],[[53228,34005],[105,-55],[34,-7],[4,-37],[2,-32],[-49,-73],[4,-45],[-28,-95],[-52,-82],[-6,-53],[-35,-32],[-9,-78],[-74,-61],[49,-12],[21,-37],[33,21],[55,5],[29,-25],[-7,-44],[53,-28],[22,29],[44,20],[12,-39],[-37,-73],[12,-61],[64,51],[153,-34]],[[53627,33128],[-1,-50],[-22,-46],[8,-72],[-44,-107]],[[53568,32853],[-31,23],[-62,90],[-130,36],[-31,-1],[3,-36],[-41,-32],[-41,11],[-47,-6],[-8,25],[-88,-39],[-44,-77],[5,-32],[-37,-78],[-11,-54],[-43,-21],[-55,-93],[-25,-2],[20,-42],[13,-48],[-21,-23],[-10,-105],[-67,-91],[-18,-44],[9,-27],[-6,-59],[-24,-45],[31,-50],[-171,-117],[2,-26],[-41,-80],[-4,-39],[-61,-53],[-23,-42],[-7,-53],[-28,-29],[0,-33],[-31,-36],[-36,-13],[-23,31],[-64,-5],[-33,-16],[-39,-28],[5,-25],[-33,-26],[-1,-28],[-82,-48],[-22,-39],[-68,-7],[-50,12],[-36,-19],[-12,-33]],[[52597,29725],[35,-36],[40,-18],[64,2],[60,-38],[45,6],[47,-25],[21,17],[36,-35],[65,-18],[-22,-59],[-10,-67],[-23,-33],[-13,-62],[5,-60],[-5,-104],[37,8],[52,-36],[45,6],[75,-29],[-33,-5],[-50,-42],[-17,-42],[-46,-47],[-73,-54],[-31,-63],[40,-71],[4,-47],[34,-60],[26,5],[16,-17],[67,-27],[32,26],[48,72],[65,-48],[32,-13],[27,-55],[12,-57],[34,9],[35,39],[58,-56],[26,-40],[-3,-29],[23,-41],[-39,-83],[6,-25]],[[53444,28373],[-37,-88],[20,-150],[34,-19],[-17,-45],[-9,-70],[-55,-72],[19,-76],[-13,-26],[8,-110],[-11,-10]],[[51941,31221],[32,16],[46,-40],[78,4],[-1,-20],[86,-53],[39,-46],[13,-69],[72,-22],[13,3],[25,-37],[56,-41],[85,-26],[41,-31],[31,-14],[33,27],[48,2],[30,42],[120,-74],[87,-17],[28,34],[27,-14],[33,23],[28,-21],[81,14]],[[53072,30861],[2,-31],[31,-45],[33,-7],[96,-66],[21,9],[43,-26],[58,-52],[7,-29],[34,-35],[-36,-63],[-44,-41],[-31,12],[-97,-15],[-41,-46],[-37,10],[-5,68],[-28,14],[-14,-84],[8,-37],[-25,-175],[-56,-51],[9,-36],[-31,-44],[-54,-13],[-7,-91],[6,-41],[-94,-3],[-64,-34],[-51,9],[-19,-12],[-61,16],[-25,-12],[-59,-66],[-24,-12]],[[53568,32853],[29,-30],[34,0],[-23,-90],[-49,-48],[0,-1],[154,-117],[12,-112],[-39,-32],[86,-86],[-10,-74],[-21,-28],[-18,-124],[-20,-11],[69,-5],[35,-14],[53,18],[13,-32],[69,-25],[35,-33],[28,-1],[51,-35]],[[54056,31973],[34,-106],[-13,-5],[-44,-95],[-57,-94],[16,-46],[-1,-57],[-22,-91],[-32,-8],[-54,-100],[17,-39],[-29,-81],[-39,8],[-48,-59],[-54,-3],[-21,-27],[-90,-1],[-41,-54],[-31,33],[-1,34],[-30,-30],[-14,-37],[-44,-30],[1,-37],[-23,-97],[5,-26]],[[53441,30925],[-18,-21],[-93,28],[-20,-35],[-89,20],[-43,-34],[-45,7],[-19,-24],[-42,-5]],[[53441,30925],[57,-17],[32,14],[93,-38],[29,9],[71,-12],[45,19],[49,-7],[61,-25],[35,-47],[57,-39],[46,-17],[24,-37],[22,3],[27,-47],[58,-25],[45,-42],[-46,-108],[-33,-42],[21,-37],[-26,-34],[70,-65],[16,-30],[83,-30],[-13,-39],[7,-42],[-37,-53],[4,-46],[25,-42],[35,-23],[68,-22]],[[54366,30004],[21,-36],[103,-33],[9,-22],[30,-44],[6,-44],[33,14],[42,-12],[-3,-30],[36,-37],[31,23],[-9,-38],[81,-22],[-11,-70],[40,-22],[50,-116],[68,-17],[16,-46],[33,-30],[2,-48],[27,-13],[-36,-84],[-43,-24],[-52,-49],[-27,-68],[-46,-31],[-44,-3],[-77,32],[-15,-79],[-63,-73],[-19,-64],[-35,-4],[-18,57],[-23,27],[-41,-68],[-22,-14],[-38,26],[-26,50],[-34,-34],[-5,-28],[-39,-9],[-24,-30],[-3,-40],[-46,-23]],[[54195,28828],[-31,-3],[-74,-58],[-38,18],[-36,-9],[-10,27],[-67,16],[-6,-47],[-10,-68],[13,-102],[-10,-166],[-25,-29],[-26,7],[-30,-32],[-103,-28],[0,-63],[-55,-113],[-26,-69],[-31,9],[6,71],[-29,17],[-7,49],[-36,12],[-20,33],[-62,61],[-38,12]],[[53584,35454],[-24,-98],[1,-65],[-50,-44],[1,-25],[-79,-32],[0,-47],[47,-14],[4,-52],[97,-22],[20,-30],[-5,-65],[19,-6],[18,-59],[-23,-53],[10,-69],[-5,-39],[-34,-20],[-36,-81],[-22,-23],[6,-65],[-23,-84],[-8,-16],[1,-62],[-22,-100],[-30,-1],[-42,-29],[-40,-7],[13,-91],[-65,-74],[-59,-45],[-26,-31]],[[54520,35423],[46,-3],[33,-98],[20,-3],[33,-85],[33,-53],[1,-115],[-36,-47],[-67,12],[-5,-89],[-38,-77],[-18,-78],[-68,16],[-80,-42],[7,-37],[38,-37],[-36,-24],[17,-33],[71,-23],[-3,-31],[16,-13],[2,-57],[54,-95],[-41,-29],[-7,-25],[-67,-60],[-29,-61],[0,-84],[-41,-97],[-13,-62],[-31,-39],[-38,-14],[-32,-52],[-83,-2],[-78,-55],[-39,-63],[-67,-30],[15,-42],[53,-25],[23,-53],[-27,-32],[-76,-57],[-17,-49],[-48,-60],[-24,29],[-75,-1],[55,-60],[-27,-5],[-29,-53],[-61,-8],[-34,24],[-61,-48],[-25,-89],[11,-81]],[[54195,28828],[52,-106],[-3,-28],[30,-59],[-3,-25],[67,-81],[39,46],[60,-14],[22,-35],[50,-9],[12,-66],[58,-37],[16,75],[26,47],[4,37],[26,66],[30,45],[19,-12],[41,66],[5,38],[51,23],[28,-74],[76,-63],[7,-23],[-3,-18],[21,-44],[46,-18],[11,-36],[125,-31],[25,-25],[-14,-25],[43,-37],[-34,-30],[-41,-73],[-17,-67],[-11,-82],[16,-28]],[[55075,28125],[0,-46],[20,-69],[-19,-51],[-2,-57],[19,-51],[-18,-19],[-46,16],[-71,-51],[-64,-22],[13,-21],[0,-57],[-19,-60],[40,-51],[24,-55],[-10,-27],[27,-63],[29,-19]],[[54998,27422],[-74,-23],[7,-128],[-33,-66],[-36,-32],[-46,31],[-53,-15],[-68,34],[-56,-24],[-34,-25],[-37,31],[-55,-5],[-43,23],[-41,39],[-33,-5],[-27,-46],[-53,-39]],[[54056,31973],[39,-14],[27,-33],[78,-32],[50,24],[0,-43],[40,-81],[28,23],[40,-7],[2,-61],[22,-4],[29,38],[92,-8],[24,-12],[41,-42],[45,-9],[38,-79],[45,-38],[52,-69],[42,-88],[51,-54],[80,-47],[58,-51],[34,-3],[65,24],[81,-29],[29,-39],[13,-86],[21,-57],[49,-45],[37,-61],[78,-32]],[[55386,30958],[-5,-98],[-29,-14],[-29,-58],[20,-27],[-22,-93],[23,-53],[-38,-72],[-23,-74],[-28,34],[-45,21],[-52,2],[-48,4],[-23,-16],[-47,35],[-22,12],[-5,-47],[-37,-51],[-105,-71],[-40,-52],[-39,-15],[-15,-35],[-29,-13],[-7,-39],[-30,-56],[9,-20],[-31,-73],[-82,64],[-39,-1],[-57,-62],[-55,1],[-48,-30],[-42,-57]],[[55660,34570],[-10,-21],[59,-51],[6,-82],[14,-61],[22,-26],[-14,-130],[-11,-26],[14,-92],[60,-6],[56,-127],[37,-21],[17,-37],[-27,-102],[22,-32],[37,-7],[-20,-137],[-28,-27],[-71,27],[-36,52],[-45,-20],[-20,36],[-68,14],[-12,-21],[-1,-70],[36,-38],[-47,-13],[0,-45],[19,-19],[-14,-73],[19,-72],[43,-19],[10,-38],[-9,-52],[20,-31],[-7,-43],[33,1]],[[55744,33161],[-3,-34],[-48,-89],[22,-44],[-34,-50],[-7,-62],[9,-31],[-59,-94],[22,-53],[-14,-24],[48,-56],[-9,-15],[-33,-40],[-11,-71],[28,-36],[0,-41],[-30,-85],[-5,-63],[-31,-20],[-11,-40],[18,-11],[-7,-61],[-38,-30],[-21,-72],[-45,-62],[-41,-18],[-36,-85],[-12,-25],[31,-84],[70,-15],[34,-76],[3,-51],[79,-2],[70,16],[56,-4],[29,-96],[-32,-49]],[[55736,31488],[-58,-68],[-20,-56],[-34,-9],[-37,-32],[-9,-50],[-54,-75],[-5,-32],[-98,-47],[-31,-57],[23,-77],[29,-27]],[[55442,30958],[-56,0]],[[55442,30958],[19,43],[36,17],[51,2],[31,-28],[3,-66],[28,-63],[34,-35],[42,-75],[48,-8],[91,-51],[62,12],[93,31],[26,-23],[-1,-43],[-57,-77],[-6,-39],[36,-43],[127,-39],[29,-27],[25,-92]],[[56159,30354],[-29,-24],[4,-42],[59,-24],[34,-43],[-10,-40],[-31,-48],[-11,-57],[45,-18],[21,-22],[10,-60],[-16,-89],[-14,-58],[23,-36],[31,-9],[-29,-92],[46,-26],[33,-37],[-14,-60],[49,-49],[71,13],[12,-71],[30,-24],[18,-67],[31,-73],[61,-124],[45,-83],[37,-31],[10,-52],[-11,-48],[9,-38],[52,-38],[41,-41],[0,-24],[-48,-18],[-21,-51]],[[56697,28750],[-41,-47],[-26,-100],[20,-55],[29,-48],[-46,-6],[-18,-63],[9,-24],[-9,-69],[-27,-104],[-36,-20],[-25,-51],[-52,-27],[-41,37],[-24,-47],[2,-52],[-30,-34],[10,-20],[-31,-69]],[[56361,27951],[-132,-17],[-89,16],[-19,30],[-86,22],[-40,-5],[-38,-35],[-29,45],[-41,-46],[-41,25],[6,70],[15,34],[-18,71],[-42,16],[-19,54],[-77,80],[-6,96],[-28,-21],[-56,6],[-39,-27],[-37,-98],[-35,-8],[-30,7],[-29,-52],[-32,-19],[-10,-29],[-47,29],[-52,-33],[-13,-24],[-74,23],[-46,-13],[-9,-21],[-52,-21],[-41,19]],[[54998,27422],[54,-6],[13,-69],[30,-23],[23,12],[32,-47],[33,-19],[-7,-36],[98,-10],[23,17],[44,1],[30,-59],[-7,-50],[13,-110],[30,-9],[45,-55],[-2,-35],[26,-115],[-42,-21],[32,-28],[-6,-42],[-23,-41],[-2,-34],[26,-67],[-30,-32],[25,-26],[-13,-35],[-37,-8],[-91,30],[-50,-21],[-56,42],[-44,-34],[-53,-23],[1,-27],[-25,46],[-52,51],[-120,-69],[-7,-132],[25,-38],[-30,-19],[-10,-57],[-43,-55]],[[54851,26169],[-18,33],[-63,51],[-34,-6],[-47,37],[-38,2],[-54,42],[-15,51]],[[54851,26169],[7,3],[54,-48],[37,14],[29,-47],[46,-24],[-9,-116],[40,-34],[37,-6],[25,-30],[5,-63],[67,-10],[27,-89],[31,-57],[58,42],[24,1],[43,40],[59,-2],[48,-19],[65,51],[62,-21],[0,-35],[38,-31],[44,8],[97,-2],[-7,69],[20,31],[50,25],[16,69],[34,35],[39,-16],[31,48],[98,6],[21,-14],[65,30],[64,17],[39,30],[37,-4],[69,-100],[47,-12],[30,65],[46,10],[68,33],[40,-7],[48,38],[49,-21],[77,6],[28,29]],[[56794,26061],[23,27],[37,-11],[57,57],[53,-5],[-4,37],[33,-12],[-4,-32],[42,-4],[20,-21],[3,-108],[34,1],[34,-95],[10,-59],[46,-29],[3,-57],[64,-28],[22,-15],[-2,-86],[34,-13],[-22,-57],[54,-39],[-7,-35],[50,-53],[42,-25],[79,39],[40,-54],[85,-38],[21,33],[54,-2],[38,-16],[15,-35],[-18,-46],[40,-9],[13,-79],[94,-110],[14,-62],[-14,-66],[89,17],[52,-17],[48,-40],[20,-43],[42,-36],[73,-39],[21,-58],[39,-50]],[[58261,24688],[-61,12],[-67,-56],[-89,-8],[-14,-22],[-7,-90],[-75,-48],[-104,16],[-9,-66],[-60,-63],[-59,-27],[-8,-17],[-66,-4],[-51,13],[-16,-31],[-48,-29],[0,-41],[-82,-40],[-24,4],[5,54],[-30,-3],[-45,25],[-50,-56],[-14,-6],[-51,100],[-43,12],[-47,-1],[-54,-67],[-40,23],[-22,-21],[0,-39],[-77,-36],[-32,73],[-60,-41],[-57,-70],[35,-24],[103,17],[11,-28],[52,21],[53,-93],[-9,-34],[-48,-37],[-31,-67],[-37,1],[-37,21],[-38,-21],[-30,-39],[-45,-29],[-89,-5],[-28,-57],[-47,-57],[-81,-43],[-10,-26],[-75,-49],[-63,-30],[21,-80],[60,5],[34,-96],[18,-30],[-66,-22],[-59,-55],[-58,-19]],[[56361,27951],[17,-55],[-75,-64],[4,-48],[-56,-54],[10,-42],[42,-3],[79,-38],[36,-6],[34,-66],[0,-62],[-36,-99],[31,-59],[51,-35],[-22,-60],[33,-57],[-15,-59],[-4,-95],[20,-30],[-20,-106],[-29,-17],[-40,-72],[4,-45],[96,-46],[47,4],[2,-52],[73,-6],[67,32]],[[56710,26711],[37,-46],[4,-26],[-11,-103],[-36,-65],[12,-123],[45,-31],[-20,-98],[-34,-7],[-5,-43],[48,8],[-2,-58],[30,-4],[16,-54]],[[55744,33161],[30,-2],[41,-34],[54,-65],[87,5],[76,-51],[34,-38],[20,17],[36,-12],[4,-27],[24,-26],[47,-19],[77,-9],[43,-45],[60,-10],[21,2],[135,-121],[35,-17],[41,-48],[17,-10],[60,-52],[153,-74],[49,-41],[-21,-54],[11,-40],[-42,-34],[-15,-43],[34,-57]],[[56855,32256],[2,-101],[-42,-19],[-20,27],[-39,12],[-61,-37],[-43,11],[-56,-14],[-16,12],[22,-36],[20,6],[77,-34],[46,-59],[26,-82]],[[56771,31942],[-29,-42],[-36,21],[-13,-52],[-34,-55],[-1,-44],[-31,-73],[-12,-29],[-60,-20],[-18,-47],[-68,1],[-45,-19],[-37,28],[-74,22],[-24,38],[-87,-2],[-40,25],[-21,36],[-101,-70],[-7,-71],[-80,2],[4,-76],[-18,-6],[-61,-64],[-82,-18],[-60,61]],[[56771,31942],[18,-17],[16,-55],[32,1],[29,-61],[48,-4],[43,-34],[50,24],[49,-6],[19,31],[74,-30],[30,10],[22,63],[85,2],[21,-19],[61,9],[34,-26],[6,-41],[50,-35],[-53,-64],[-58,-17],[-23,-23],[-69,8],[3,-46],[-57,-45],[-26,-65],[-52,-44],[-3,-35],[87,-1],[14,45],[48,-19],[6,-32],[38,-33],[59,33],[27,-7],[30,26],[96,10],[108,22],[83,21],[66,67],[61,29],[36,-24],[23,41],[11,-19],[16,-68],[46,-23],[14,-39],[28,3],[52,-68],[-5,-31],[30,-57],[48,-15],[-6,-32],[29,-15],[-1,-40],[26,-44],[50,-6],[53,11],[28,46],[35,-37],[50,17],[57,-73]],[[58463,31111],[-22,-69],[-63,-95],[-19,-6],[-20,-34],[-7,-71],[-77,-31],[-25,-27],[45,-63],[-1,-43],[-49,-58],[0,-37],[-12,-44],[-37,-26],[32,-51],[-77,-51],[-48,49],[-28,-45],[-8,-50],[-43,-1],[17,-40],[-25,-84],[-71,4],[-31,-22],[-58,0],[-53,-29],[-44,12],[-22,28],[-13,60],[-61,21],[-29,70],[-27,12],[-10,-45],[-52,-95],[3,-106],[-24,-3],[-25,-40],[9,-29],[-19,-37],[19,-82],[-53,-37],[-56,78],[-49,-19],[-52,29],[-38,-18],[-33,-40],[-37,13],[-6,-5]],[[57164,29954],[-28,36],[-46,16],[-49,79],[-16,-23],[-82,-37],[-39,64],[-60,26],[-42,33],[-47,40],[-44,15],[-75,96],[-16,37],[-77,14],[-15,45],[-61,20],[-68,-29],[-100,10],[-41,-50],[-75,-23],[-24,31]],[[57147,34918],[66,-69],[45,22],[32,-18],[56,9],[-7,-31],[39,-66],[29,1],[25,35],[0,36],[36,4],[-19,-83],[4,-21],[46,-20],[64,-10],[10,35],[74,-16],[4,-70],[30,25],[82,-13],[47,-32],[-3,-42],[15,-100]],[[57822,34494],[-22,-14],[-32,-57],[-28,-76],[17,-106],[-48,-122],[-25,-45],[-24,13],[-38,-28],[-88,-20],[-18,-36],[6,-41],[-32,-41],[-37,-10],[-24,-34],[-61,21],[-69,-35],[9,-27],[69,-41],[9,-28],[55,-40],[-2,-42],[-59,-51],[-7,-45],[34,-45],[-8,-88],[41,-75],[60,11],[30,-49],[50,3],[32,-96],[-32,-54],[6,-21],[40,-19],[6,-45],[-20,-27],[11,-29],[69,-58]],[[57692,32997],[-110,-141],[-60,-55],[-126,-8],[-61,14],[-34,-88],[1,-40],[-40,-15],[-13,-30],[-60,-51],[7,-33],[91,15],[36,-36],[60,-1],[54,16],[15,-20],[-43,-14],[-43,-41],[11,-38],[-58,-35],[60,-46],[-28,-23],[-58,-81],[-78,-12],[-13,-57],[-50,-41],[-22,26],[12,47],[-54,12],[-128,-20],[-11,45],[-67,17],[-27,-7]],[[57164,29954],[25,-64],[56,-17],[25,-70],[5,-63],[48,-54],[61,-10],[7,-25],[60,-42],[158,58],[-24,53],[84,-12],[46,29],[45,-44],[100,-49],[63,11],[71,71],[34,3],[33,68],[-4,131],[41,-9],[72,-100],[42,-7],[60,18],[43,-45],[18,-50],[48,-24],[-7,-35],[42,-68],[9,-39],[-40,-12],[-25,-104],[-35,-52],[-8,-73],[-46,-33],[-8,-27],[-5,-93],[15,-44],[-8,-40],[62,-16],[20,-50]],[[58347,29025],[-44,4],[-39,-52],[-68,-28],[15,-18],[-46,-46],[5,-34],[-78,-32],[-26,1],[-42,-20],[-39,-34],[-17,51],[-44,-5],[-124,61],[-66,-1],[-75,-81],[-28,-8],[-55,-50],[26,-82],[-30,-86]],[[57572,28565],[-41,24],[-79,-37],[-52,-35],[-61,39],[-42,74],[-70,68],[-81,38],[-87,-17],[-56,-14],[-23,-58],[-78,-34],[-32,22],[-40,-19],[-48,25],[-13,51],[-53,44],[-19,14]],[[58261,24688],[43,47],[40,-2],[48,53]],[[58392,24786],[61,-17],[26,-45],[-16,-24],[73,-23],[7,-28],[43,6],[78,-8],[111,50],[-27,29],[21,50],[51,24],[53,74],[62,1],[56,26],[32,-42],[-38,-61],[-12,-67],[22,-32],[34,45],[59,51],[28,-7],[22,85],[27,24],[47,-27],[67,-15],[16,-46],[32,-26],[26,11],[5,42],[23,22],[70,-44],[12,19],[60,16],[47,35],[30,51],[44,23],[28,-13],[29,23],[119,-32],[71,16],[56,36]],[[59947,24988],[69,-4],[70,-30],[23,13]],[[60109,24967],[-17,-20],[-19,4],[-44,-24],[7,-70],[-51,-21],[-40,-39],[-60,-17],[-20,-38],[-69,-46],[-13,-63],[-34,-56],[0,-29],[35,-31],[-38,-34],[-11,-64],[25,-69],[-10,-73],[-62,-2],[-36,-21],[-4,-72],[-36,-28],[67,-34],[46,-52],[49,10],[65,-16],[32,-36],[77,20],[44,-16],[13,25],[51,10],[69,-11],[12,-15],[7,-71],[-13,-47],[22,-32],[67,-35]],[[60220,23854],[-31,-36],[-103,-74],[-91,-80],[-22,-29],[-90,-78],[1,-30],[-51,-13],[-245,-169],[-73,-45],[-27,-28],[-61,-36],[-16,-32],[-108,-47],[-182,-116],[-106,-81],[-269,-237],[-166,-159],[-69,-72],[-59,-76],[-31,-57],[-10,-64],[-52,-4],[32,-141],[-29,-26],[-29,-107],[-77,-59],[-38,-43],[-126,-110],[-158,-178]],[[57572,28565],[34,-38],[22,58],[33,7],[16,-48],[36,-26],[60,-11],[34,-26],[35,23],[112,2],[-12,-48],[17,-13],[-21,-90],[25,-80],[49,-47],[74,44],[37,-38],[-28,-48],[3,-95],[-17,-64],[5,-28],[-34,-15],[79,-62],[52,-79],[46,-27],[19,27],[65,16],[-37,-67],[-10,-49],[38,-43],[-10,-35],[22,-59],[-39,-60],[11,-32]],[[58288,27514],[-24,-6],[-7,-44],[-42,-1],[-11,-44],[-50,-14],[-10,-28],[-68,-3],[-5,-51],[-39,-37],[-24,33],[-40,24],[-89,-27],[-79,16],[-10,-37],[-47,-31],[8,-100],[-31,-82],[-67,-33],[-44,-33],[-3,-28],[-33,-27],[14,-65],[35,-21],[-4,-41]],[[57618,26834],[-53,6],[-29,36],[-51,18],[-30,-22],[-53,-5],[-6,-37],[-38,-11],[-7,-42],[-44,34],[-49,8],[-10,47],[-25,14],[-43,-27],[-122,34],[-29,-24],[-74,-9],[-36,-16],[-32,-44],[-29,-3],[-18,-42],[-86,-31],[-44,-7]],[[60294,31995],[-27,5],[-114,-132],[-46,-32],[-38,61],[-27,6],[-39,-43],[-13,-53],[-24,-20],[10,-10],[-50,-126],[4,-33],[-53,-22],[-21,-54]],[[59856,31542],[-52,-21],[-32,-43],[3,-59],[-12,-66],[13,-21],[-36,-73],[-40,4],[-54,-33],[-50,-12],[-18,-63],[-39,-13],[-40,-38]],[[59499,31104],[-28,29],[-59,23],[-18,26],[-144,57],[-45,-9],[-30,24],[-58,-8],[-63,33],[-20,-95],[-36,-22],[-41,-2],[-56,-22],[-19,-56],[-6,-89],[-21,-30],[-48,-35],[-32,-59],[-29,-15],[-73,55],[-87,-23],[-8,50],[-41,30],[9,34],[33,18],[-16,85],[-30,-3],[-32,45],[-38,-34]],[[57692,32997],[66,-32],[27,10],[26,-24],[33,2],[31,-24],[55,2],[66,-57],[51,-19],[26,60],[116,80],[100,-61],[31,38],[51,-13],[32,-50],[47,39],[61,-40],[60,46],[40,-18],[38,14],[-14,40],[30,58],[51,27],[15,29],[37,16],[20,32],[23,13],[45,-28],[57,37],[4,55],[25,40],[-8,40],[7,87],[48,44],[36,6]],[[59025,33446],[32,19],[-14,-65],[52,21],[30,-46],[0,-28],[62,9],[69,28],[5,-24],[42,-46],[38,-1],[-2,-40],[45,22],[51,-23],[-30,-36],[68,-70],[34,-4],[16,-26],[93,-19],[13,-73],[22,-7],[42,32],[62,28],[41,-44],[48,-27],[43,21]],[[57618,26834],[36,-47],[68,11],[22,46],[66,38],[37,-23],[80,-129],[48,-16],[-4,-116],[69,-45],[9,-85],[12,-24],[94,5],[62,44],[50,15],[42,-29],[-27,-67],[18,-42],[31,2],[21,30],[40,16],[15,-18],[41,12],[40,-46],[12,-51],[54,15],[33,-29]],[[58587,26301],[0,-1],[47,-46],[-5,-32],[21,-32],[-20,-91],[-29,-3],[-21,-47],[-57,2],[-22,20],[-24,-35],[-41,-19],[-10,-27],[-71,10],[24,-108],[25,-19],[16,-107],[59,-61],[35,-22],[-18,-50],[-39,-88],[17,-53],[-3,-40],[42,-52],[10,-52],[-17,-30],[-48,-21],[-28,-79],[19,-85],[18,-24],[106,-15],[1,-29],[-27,-42],[-57,-13],[-28,-30],[24,-35],[-34,-68],[-86,-66],[26,-25]],[[59165,35256],[14,-42],[16,-42],[60,-82],[-19,-119],[-29,-9],[-24,-67],[-63,-53],[-24,13],[-64,-23],[36,-53],[-40,-43],[-18,-58],[36,-84],[-16,-64],[-79,-27],[7,-80],[35,-17],[19,-48],[-1,-53],[-28,-75],[11,-33],[-87,-40],[6,-24],[62,-24],[44,-103],[-26,7],[-35,-28],[8,-30],[-22,-47],[-51,-24],[-47,-38],[-2,-31],[-45,-10],[-34,-62],[-33,-28]],[[58732,33715],[-48,-7],[-6,40],[-47,4],[-19,43],[7,43],[-58,3],[-37,23],[16,37],[-64,32],[1,50],[-53,130],[-81,12],[-33,31],[38,16],[-39,48],[16,46],[-28,27],[-24,-26],[-72,9],[-31,32],[-23,-9],[-75,17],[-1,20],[-34,9],[-32,48],[-56,53],[-46,22],[-40,-38],[-41,64]],[[59499,31104],[46,-90],[46,18],[68,-5],[15,-28],[-31,-28],[-1,-59],[24,-46],[-10,-49],[58,-27],[24,-39],[-2,-20],[-84,-56],[-34,-63],[27,-24],[-18,-63],[24,-7],[46,-76],[55,15],[22,-37],[-12,-73],[28,-114],[-45,-11],[-18,-32],[103,15],[82,-28],[8,-81],[22,-30],[-3,-38],[-39,-15],[-29,-35],[35,-27],[-5,-31],[45,-56]],[[59946,29864],[-83,20],[-47,-2],[-39,-29],[-56,-1],[-65,35],[-34,-13],[-70,-5],[-52,30],[-96,52],[-21,-42],[-112,-18],[-45,38],[-66,-40],[-31,16],[-29,-16]],[[59100,29889],[-55,51],[-52,65],[-23,-29],[-48,9],[-24,35],[-10,57],[-57,-46],[-62,-21],[-42,-39],[-1,-53],[-16,-32],[-56,-5],[-20,-54],[-28,-39],[24,-44],[63,-47],[3,-54],[19,-21],[49,13],[-6,-40],[40,-96],[6,-33],[-28,-65],[22,-59],[-47,2],[-12,-40],[-54,-38],[8,-24],[-64,-145],[-13,-89],[41,-33]],[[58657,28975],[-38,-9],[-43,-21],[-30,34],[-71,9],[-33,30],[-45,11],[-50,-4]],[[58732,33715],[9,-25],[40,-20],[13,-29],[44,-10],[36,-39],[54,3],[2,-52],[32,-21],[7,-50],[56,-26]],[[58657,28975],[41,-20],[34,-56],[-12,-21],[59,-25],[64,27],[56,-70],[-4,-75],[23,1],[12,45],[8,-19],[68,-57],[30,-3],[33,29],[22,-5]],[[59091,28726],[10,-57],[62,-43],[4,-82],[24,-18],[1,-73],[36,-80],[-43,-6],[-20,-60],[17,-19],[69,60],[44,-57],[2,-32]],[[59297,28259],[-44,-29],[38,-46],[-4,-34],[-77,-202],[47,-18],[51,8],[46,-20],[34,-33],[22,-49],[34,-31],[64,-5],[19,-32],[1,-100],[-42,-23],[37,-47],[5,-26],[-39,-48],[-31,23],[-71,-57],[1,-42],[28,-18],[9,-72],[27,-45],[-15,-17]],[[59437,27296],[-12,-15],[-71,-8],[1,-39],[-34,1],[-28,56],[-38,27],[-45,-22],[-53,3],[-20,21],[-41,-30],[-63,9],[33,62],[-43,15],[-35,-18],[-42,37],[-26,43],[-54,27],[50,51],[1,45],[-37,75],[-2,22],[-45,71],[-6,31],[-25,18],[-25,-52],[-53,2],[-30,35],[-8,37],[-96,50],[-40,-170],[43,-84],[74,20],[35,-56],[-23,-46],[-56,-6],[18,-37],[-18,-43],[-78,-81],[38,-43],[-19,-94],[2,-48]],[[58566,27162],[-59,-12],[-1,-45],[-48,14],[-22,23],[-78,-1],[-9,49],[15,73],[-12,83],[-39,-1],[-5,50],[56,37],[-40,74],[-36,8]],[[58566,27162],[27,-32],[-30,-33],[0,-88],[11,-43],[43,1],[53,-58],[8,-40],[-8,-77],[9,-33],[-28,-25],[95,-30],[-18,-29],[35,-23],[9,-86],[-40,-7],[-39,-29],[-34,-76],[33,-33],[-61,-24],[4,-65],[-32,14],[-16,-45]],[[59437,27296],[36,-53],[-25,-78],[10,-44],[66,34],[77,49],[13,48],[32,15],[32,-31],[42,24],[-8,-40],[34,-69],[34,12],[42,-6],[-5,-35],[23,-32],[114,-16],[18,-17],[123,-28],[40,-53]],[[60135,26976],[-39,-58],[-28,-20],[-54,-4],[-46,17],[-1,-50],[18,-50],[35,-14],[14,-61],[-27,-16],[6,-32],[64,-28],[19,-83],[33,14],[-3,-71],[82,7],[5,33],[-44,2],[21,79],[41,-8],[69,17]],[[60300,26650],[-1,-84],[15,-33],[-12,-57],[14,-39],[53,-29],[-11,-66],[16,-56],[33,-31],[2,-1],[4,-55],[-48,-24],[16,-37],[-57,-79],[-12,-40],[-12,-33],[-37,-42],[-16,-47],[-34,-21],[-2,-43],[43,-28],[1,-67],[39,-72],[23,2],[4,-80],[28,-50],[44,-38],[27,2],[4,-20],[-63,-16],[1,-54],[-30,-27],[-99,9],[-104,-20],[-22,-27],[-21,-112],[-39,-43],[-8,-33],[-54,7],[-37,-22],[-11,-53],[35,-80],[-25,-23]],[[59100,29889],[35,-61],[28,-99],[13,-50],[37,-12],[35,31],[50,-8],[0,-53],[12,-77],[33,-73],[-1,-3],[11,-42],[-6,-52],[13,-31],[-1,-56],[-37,-144],[32,-63],[-3,-38],[0,-17]],[[59351,29041],[6,-86],[-63,-71],[4,-109],[-30,0],[-46,-29],[-22,42],[-67,-19],[-42,-43]],[[59351,29041],[44,-7],[38,-27],[102,-28],[40,-38],[143,34],[16,-43],[42,0],[54,-38],[36,24],[53,92],[53,-3],[20,-19],[63,-109],[36,32]],[[60091,28911],[13,-14],[53,20],[44,-17]],[[60201,28900],[8,-27],[-48,-83],[-44,-22],[-39,-1],[-59,24],[-50,4],[-56,-30],[-46,16],[52,-39],[-17,-72],[-16,-16],[-35,-36],[32,-57],[-52,-41],[-33,-78],[-28,-27],[-5,-74],[-71,13],[-46,-68],[-37,45],[-49,36],[-35,-44],[-17,-21],[-107,-23],[-4,-18],[-62,-36],[-40,34]],[[59946,29864],[6,-1]],[[59952,29863],[8,-34],[-12,-89],[13,-55],[-20,-74],[-48,-25],[-27,-16],[37,-43],[-29,-50],[74,-84],[34,-27],[38,22],[24,-25],[53,-16],[21,21],[81,-28],[28,-88],[-31,-114],[3,-38],[-47,-35],[-19,-56],[-3,-50],[-39,-48]],[[60201,28900],[31,-8],[-1,-47],[45,-53],[11,-71],[14,-22],[-29,-46],[12,2],[41,-12],[14,29],[44,1],[35,45],[60,-16],[26,-52],[23,21],[38,-1],[13,-30],[48,37],[27,42],[29,-6],[-9,-69],[12,-20]],[[60685,28624],[12,-56],[-72,-53],[-1,-82],[-71,-45],[-3,-19],[48,-13],[48,2],[20,-37],[-13,-37],[51,-37],[3,-42],[55,-76],[-9,-129],[6,-45]],[[60759,27955],[-47,14],[-4,-27],[25,-42],[-4,-30],[54,6],[21,-59],[-33,-26],[-45,12],[-84,-17],[25,-46],[8,-18],[-26,-29],[-38,-8],[-9,-29],[-39,-29],[-7,-36],[39,-83],[16,-51],[-28,-21],[-59,-50],[-53,3],[-66,-54],[-1,-75],[-62,80],[-31,69],[-28,13],[-47,3],[-40,-15],[9,-87],[-59,-12],[-13,-21],[-53,5],[-6,-43],[21,-72],[45,-83],[-13,-53],[29,-38],[-15,-30],[-6,0]],[[61014,29329],[-29,37],[-31,-18],[-41,35],[-51,-28],[-20,49],[-41,3],[-14,26],[-96,21],[-72,32],[4,104],[-5,76],[39,31],[2,35],[36,44],[-2,37],[-24,15],[-37,-45],[-73,-19],[-41,-26],[-38,11],[-39,44],[-39,-1],[-43,29],[-63,-4],[-13,22],[-79,54],[-31,49],[-71,-55],[-17,-58],[-55,48],[-78,-14]],[[59856,31542],[-16,-60],[32,-7],[27,27],[33,-21],[-6,-49],[26,-12],[71,19],[47,-42],[34,16],[17,-41],[-13,-41],[54,-2],[3,-30],[43,-24],[-32,-54],[29,-10],[7,-93],[48,-42],[52,4],[19,-59],[67,-19],[7,-66],[34,-50],[-5,-45],[-44,-18],[9,-32],[45,-50],[51,-80],[-16,-73],[32,-11],[55,13],[67,79],[37,-7],[67,38],[7,35],[35,11],[24,-17],[7,-56],[96,-108],[48,-21],[39,35],[93,-46]],[[60109,24967],[47,37],[40,-59],[45,-19],[27,38],[53,-56],[12,-52],[27,-22],[42,23],[42,-30],[30,13],[8,32],[55,32],[18,-29],[63,-3],[39,58],[34,11],[-34,90],[61,27],[57,67],[52,25],[45,-9],[71,-87],[-25,-41],[31,-13],[34,11],[49,-11],[67,36],[53,-17],[26,-36],[37,39],[-5,24],[54,26],[53,15],[79,56],[75,93],[50,13],[117,125],[14,62],[59,28],[63,15],[26,49],[39,-2],[48,26],[28,-12],[0,-44],[95,83],[43,7],[42,79],[28,0],[43,-38],[28,-6],[44,48],[100,27],[62,24],[31,-45],[47,9],[34,33],[59,-7],[78,35],[34,29],[50,0],[12,-20],[54,23],[14,63],[46,34],[87,1],[31,26],[27,-11],[-7,-52],[95,-31]],[[63092,25807],[-11,-29],[11,-58],[-112,-110]],[[62980,25610],[-131,-19],[-107,-32],[-226,-98],[-54,-2],[-96,-48],[-54,-64],[14,-21],[-7,-61],[-60,-44],[-31,-62],[34,-21],[-40,-51],[-6,-64],[-36,-16],[-32,20],[-63,-15],[-34,-21],[-55,-68],[-32,26],[-19,-22],[-38,6],[9,64],[33,11],[-17,30],[-55,29],[-38,-1],[-68,0],[12,-58],[-29,-9],[5,-69],[-60,25],[-86,-26],[-198,-94],[-137,-75],[-144,-82],[-90,-57],[-304,-189],[-109,-85],[-101,-72],[-137,-130],[2,-56],[-39,-65],[30,-83],[-41,-34],[-76,-26],[-49,-27]],[[61252,28991],[-48,-56],[-44,-32],[-79,-16],[-42,-62],[-20,-64],[-27,-14],[-10,-35],[-41,-2],[-35,32],[-57,-13],[-27,-11],[-55,-86],[-82,-8]],[[60300,26650],[61,32],[125,35],[51,13],[33,33],[44,1],[75,73],[70,-22],[46,13],[31,62],[40,-17],[80,35],[100,-2]],[[61056,26906],[65,-23],[85,10],[3,-1],[32,4],[-1,35],[21,43],[39,-29],[31,14],[80,-25],[67,9],[84,-82],[85,-10],[51,-105],[39,63],[41,31],[44,12],[31,51],[27,8],[56,61],[6,67],[50,24],[54,13]],[[62046,27076],[75,-8],[91,-91],[77,-29],[-8,-50],[24,-4],[-14,-22],[34,-54],[50,-20],[30,-35],[5,-45],[94,-92],[37,-59],[26,-19],[68,10],[25,-80],[39,-18],[40,-62],[-23,-76],[0,-43],[49,7],[66,-30],[53,34],[36,8],[54,39],[69,-42],[5,-20],[58,18],[-6,-37],[42,-3],[59,-85],[-2,-37],[15,-79],[20,-42],[76,-49],[-11,-38]],[[63299,25923],[-40,-32],[-49,-49],[-45,-9],[-35,-30],[-38,4]],[[60759,27955],[43,-3],[54,26],[25,-44],[49,13]],[[60930,27947],[2,-29],[80,-26],[11,-53],[62,22],[23,-15],[-8,-76],[8,-35],[-38,-74],[-31,0],[-10,-52],[20,-13],[27,-72],[42,-74],[-18,-47],[18,-64],[-4,-53],[18,-95],[36,-52],[-11,-91],[-44,-36],[-72,4],[-1,-58],[16,-52]],[[61402,28912],[-79,-58],[14,-42],[-44,-16],[-26,-39],[-8,-43],[22,-46],[-14,-55],[11,-108],[-30,-22],[-25,-44],[-4,-52],[27,-19],[4,-46],[-20,-32],[11,-27],[21,-70],[-20,-23],[-52,7],[-37,-32],[-95,-5],[-9,-18],[-31,-15],[-18,-85],[-59,-19],[-11,-56]],[[62517,27818],[21,-47],[-25,-93],[4,-40],[-69,-48],[-10,0],[-21,-33],[-67,-33],[-33,-45],[-11,-37],[-29,-17],[-2,-32],[-47,-43],[-52,-12],[-24,-64],[-9,-37],[-85,-93],[-12,-68]],[[63152,27971],[21,4],[7,-91],[42,-52],[53,6],[97,32],[7,-11],[-19,-49],[-1,-71],[-66,-52],[-42,-54],[27,-52],[33,-97],[31,-23],[37,15],[70,-122],[11,-95],[80,-49],[-1,-28],[-32,-50],[-36,-66],[-32,-17],[53,-84],[8,-38],[-37,-64],[-33,-27],[-3,-30],[40,-18],[136,-84],[-19,-28],[-6,-57],[45,-25],[41,-2],[-53,-100],[7,-77],[30,-27],[54,-11],[-2,-48],[30,-19],[3,-41],[23,-42],[-15,-41],[37,-16],[11,-50],[73,-14],[-16,-32]],[[63846,26074],[-38,-7],[-28,18],[-83,-81],[-44,16],[-74,-107],[-63,-38],[-59,27],[21,37],[-36,22],[-118,-38],[-25,0]],[[65486,26609],[-58,3],[-76,-31],[-49,-3],[-78,-22],[2,49],[-56,28],[-39,-16],[-18,68],[-39,11],[-21,-35],[-55,-26],[-17,-54],[-64,-56],[-35,7],[-47,-52],[-39,12],[-24,-23],[-28,18],[-30,-44],[21,-62],[-32,-88],[-22,-11],[-44,14],[-56,-62],[-40,45],[-61,-35],[34,-61],[-45,-10],[-30,42],[-67,-22],[-21,-51],[24,-11],[26,-60],[-66,-17],[-15,-23],[-79,23],[7,17],[-45,15],[-49,-16],[-47,-45],[-41,-74],[-66,-25],[-37,31],[-39,-48],[-16,-37],[-8,-73],[13,-62],[13,-32],[51,-40],[-29,-35],[33,-77],[-3,-63],[-16,-39],[-60,-23],[-74,26],[-85,-59],[-68,51],[-63,78],[-145,-22],[2,33],[-123,32],[-83,1],[-29,14],[-57,-3],[-28,19],[-53,-15],[-42,27],[-75,0]],[[63846,26074],[31,56],[43,17],[24,-29],[64,11],[40,36],[39,-13],[69,67],[21,58],[48,33],[30,4],[131,77],[34,4],[56,30],[-5,39],[25,34],[-18,42],[56,34],[37,48],[32,20],[46,-11],[66,49],[-20,22],[8,71]],[[64703,26773],[86,-27],[57,21],[1,51],[-16,40],[51,53],[22,53],[43,-37],[50,39],[26,50],[64,18],[44,-2]],[[63941,25361],[6,21],[103,93],[7,62],[24,37],[9,78],[43,52],[84,-39],[36,3],[45,-38],[55,-74],[-23,-69],[-1,-85],[-70,1],[-28,-30],[-6,-58],[34,0],[25,-49],[52,-42],[9,-88],[-9,-40],[-28,-19],[-37,6],[-41,55],[13,33],[-43,37],[-56,7],[-73,-41],[-159,-29],[-35,13],[-37,48],[-2,73],[21,7],[47,62],[35,13]],[[64508,25485],[28,30],[70,-29],[-64,-39],[-34,38]],[[64731,26183],[24,16],[22,-33],[-53,-35],[-30,22],[37,30]],[[63961,28441],[9,-28],[-49,-42],[-9,-38],[-26,-19],[29,-25],[3,-30],[60,-51],[-15,-50],[17,-48],[113,-13],[-36,-25],[47,-36],[37,-117],[-63,-40],[48,-99],[-15,-90],[39,-72],[-27,-50],[15,-58],[40,-20],[33,-6],[61,25],[21,24],[52,19],[50,-5],[36,10],[33,-25],[29,9],[28,-24],[-18,-33],[40,-47],[47,-8],[-33,-53],[18,-37],[-41,-54],[14,-16],[31,-112],[-1,-31],[-35,-53],[28,-43],[11,-74],[61,-21],[-4,-48],[-24,-30],[-26,-102],[47,-26],[67,44]],[[64598,28841],[30,-68],[-9,-48],[19,-52],[-48,-60],[52,-58],[5,-35],[-26,-33],[41,-79],[52,-24],[49,-2],[19,-47],[38,-11],[11,-46],[-8,-63],[32,-49],[3,-35],[36,-56],[32,-24],[35,6],[26,-39],[0,-31],[41,-8],[-14,-35],[36,-20],[52,28],[13,-67],[-45,-39],[21,-25],[44,13],[52,48],[22,1],[88,61],[64,84],[8,46],[54,20],[45,-33],[58,-10],[-38,-71],[-3,-30],[38,-20],[1,-41],[27,-56],[33,-22],[45,24],[24,-31],[43,-10]],[[52176,56814],[10,-1],[874,189],[576,129],[767,172],[-8,27],[-57,106],[-30,-3],[-34,63],[13,41],[-31,102],[-29,19],[16,75],[-28,34],[-9,36],[14,47],[-18,30],[-6,63],[-27,19],[-5,38],[-36,9],[-7,31],[-42,21],[18,46],[-31,76],[31,22],[-21,27],[15,40],[40,38]],[[54131,58310],[28,-36],[37,7],[8,-42],[68,-39],[-11,-33],[99,-94],[9,-28],[68,-33],[39,-35],[34,4],[25,-19],[47,-64],[66,2],[24,-45],[97,-14],[25,-22],[59,34],[26,-20],[51,24],[35,12],[48,68],[51,41],[15,38],[64,4],[64,34],[48,1],[21,-75],[52,7],[56,46],[53,-21],[53,124],[44,17],[13,-59],[34,-77],[180,-25],[46,-29],[111,25],[68,-6],[64,28],[30,45],[116,-2],[42,-19],[62,-9],[68,-66],[83,15],[55,-46],[41,54],[23,-31],[-18,-70],[48,-29],[17,-37],[70,21],[25,-79],[6,-82],[27,-57],[2,-30],[49,5],[35,-23],[15,-39],[44,-33],[1,-35],[39,-56],[13,-87],[65,-21],[26,15],[51,57],[48,159],[45,-110],[24,-29],[62,-32],[28,5],[25,-75],[73,-77],[-37,-43],[44,-54],[8,-25],[40,-26],[34,-4],[20,-30],[18,-98],[71,-29],[31,-63],[46,-41],[53,22],[39,-60],[32,-53],[19,-80],[22,-23],[-19,-65],[37,-55],[89,-19],[20,-17],[-14,-29],[33,-50],[-4,-39],[21,-21],[29,13],[23,-23],[88,-6],[22,-49],[2,-42],[33,-34],[25,-1],[56,-51],[102,-36],[23,5],[55,-41],[36,-95],[-14,-47],[31,-41],[-25,-47],[-7,-57],[-29,-59],[27,-35],[5,-47],[56,-91],[42,45],[91,40],[30,-35],[-15,-74],[-53,-36],[-40,-70],[19,-49],[38,45],[68,-6],[39,-15],[27,-30],[22,30],[55,25],[24,-34],[42,46],[37,-73],[28,-80],[45,-13],[9,-33],[36,-2],[37,47]],[[59112,55254],[26,7],[45,-129],[43,-21],[16,-56],[-19,-27],[0,-44],[-18,-62],[16,-20],[1,-79],[-53,-9],[14,-48],[33,-16],[2,-35],[32,-37],[-7,-62],[19,-23],[69,-14],[36,36],[24,50],[44,5],[31,23],[51,-97],[33,-6],[38,23],[38,-16],[101,-5],[18,19],[13,-21],[47,-22],[13,-64],[52,-41],[10,-52],[-26,-85],[-25,-48],[36,-2],[68,-100],[-40,-22],[-10,-39],[-30,-7],[-53,-79],[-58,-50],[-66,-6],[-44,6],[-68,-36],[7,-35],[40,-93],[47,-27],[51,-53],[28,-12],[29,-64],[71,5],[69,-39],[-84,-38],[-47,-3],[-86,-46],[-8,-67],[-45,-66],[-46,-38],[-102,-30],[-24,24],[-57,-7],[-47,-73],[38,-22],[15,-31],[1,-113],[39,-12],[26,-46],[-3,-39],[33,-34],[-3,-47],[-18,-20],[11,-42],[-101,12],[-46,-5],[-55,11],[-46,-54],[-41,3],[-59,50],[-30,-16]],[[55025,64588],[100,6],[33,-35],[4,-44],[28,-26],[23,-69],[51,-34],[11,-43],[27,-31],[25,-58],[43,-51],[4,-42],[21,-25],[12,-90],[13,-27],[-9,-69],[-36,-42],[-3,-63],[-53,-66],[38,-65],[54,-13],[-2,-35],[17,-49],[-4,-42]],[[55422,63575],[-70,-30],[-53,20],[-46,-13],[-50,30],[-116,51],[-67,70],[9,-63],[-5,-42],[29,-16],[19,-44],[-7,-160],[3,-128],[-26,-74],[6,-47],[-19,-25],[8,-89],[58,-119],[9,-92],[31,-52],[39,-19],[16,-69],[106,-97],[23,-38],[12,-89],[-6,-69],[26,-26],[9,-65],[36,-39],[4,-32],[32,-52],[26,8],[48,-55],[19,-75],[68,-73],[32,22],[105,-6],[30,-21],[56,-1],[23,-38],[57,14],[87,-36],[11,-46],[24,-28],[12,-60],[55,-23],[46,7],[-9,-42],[22,-15],[31,16],[-8,-90],[27,-16],[18,-51],[-1,-51],[-38,-48],[20,-5],[38,50],[0,58],[59,-30],[47,-12],[109,33],[35,-12],[-2,-53],[39,4],[64,-31],[16,83],[41,-60],[59,15],[-1,-87],[23,-71],[32,-37],[10,-82],[-47,-88],[-118,13],[-73,-34],[-10,-63],[-21,-42],[1,-54],[-138,-199],[-1,-9],[61,57],[52,-21],[33,7],[29,-28],[5,-43],[41,-56],[81,-23]],[[56657,60629],[-14,-79],[-33,-59],[-20,-115],[40,-88],[46,-60],[48,1],[34,-32],[13,-38],[50,-43],[-16,-35],[19,-44],[-23,-21],[-34,14],[-13,-45],[-47,-10],[-45,-64],[-31,2],[-36,-36],[-5,-25],[-57,-32],[-76,-18],[4,-54],[-25,-62],[-27,3],[-65,-35],[10,-45],[-16,-110],[5,-34],[-36,-32],[-74,-61],[-22,-100],[-43,-17],[-20,-48],[-25,-18],[-30,22],[-97,-55],[10,-75],[-10,-33],[11,-111],[-14,-12],[-28,-17],[-65,-12],[-29,-32],[-65,-34],[-26,-41],[-29,-17],[-35,26],[-43,-24],[-78,18],[-17,35],[-74,-25],[-46,19],[-43,89],[-56,13],[-89,3],[-13,18],[-46,3],[-50,19],[-81,-30],[-72,-64],[-39,-14],[-37,-52],[-50,-30],[-46,-2],[-37,-18],[-28,-39],[-39,1],[-55,26],[-10,-39],[-26,-21],[-15,-43],[7,-39],[-27,-44],[-40,-27],[-36,-3],[-18,-38],[-85,29],[-56,-29],[-25,38],[-32,-15],[-29,26],[-63,12],[-6,-40],[-46,-42],[6,-40],[-37,-67],[-8,-52]],[[56657,60629],[101,32],[23,40],[37,-1],[0,34],[33,26],[12,35],[60,-37],[66,21],[19,-27],[67,44],[43,-16],[13,32],[42,1],[120,-92],[40,-19]],[[57333,60702],[-38,-47],[-17,-76],[-29,-70],[-35,-136],[1,-52],[32,-42],[47,-16],[7,-38],[-47,-118],[0,-97],[-13,-61],[19,-65],[72,-69],[64,1],[41,-14],[59,10],[69,-2],[59,58],[74,29],[41,-8],[23,-51],[9,-57],[41,-25],[31,-65],[126,-5],[42,57],[40,124],[35,-15],[48,43],[33,91],[24,30],[89,53],[41,40],[26,-35],[56,-21],[42,27],[36,-14],[-29,-45],[11,-59],[-4,-62],[40,-9],[21,-39],[32,-32],[106,0],[29,-27],[57,16],[31,25],[103,4],[22,17],[90,-23],[33,-29],[80,10],[18,-25],[65,-11],[67,-82],[47,-39],[4,-47],[21,-42],[20,-4],[11,-53],[26,-18],[22,36],[98,22],[212,189],[36,32],[-3,52],[28,-1],[101,46],[44,-45],[139,26],[49,30],[22,74],[35,36],[30,-60],[-3,-39],[-31,-12],[-13,-94],[-40,-47],[9,-33],[40,29],[-25,-88],[8,-26],[69,17],[15,-67],[44,-1],[78,-32],[16,25],[34,-67],[12,-122],[76,-11],[-18,-50],[42,-84],[-13,-57],[29,-7],[57,-44],[61,-20],[4,-68],[-50,-11],[19,-37],[-8,-34],[-46,-43],[34,-52],[38,39],[6,-99],[24,-5],[-31,-143],[17,-16],[2,-55],[60,16],[29,-31],[9,-56],[73,-61],[-4,-33],[-34,-5],[-15,-43],[-53,-61],[7,-21],[-35,-47],[-10,-37],[70,-43],[64,10],[77,48],[28,-35],[85,-57],[40,-57],[-10,-23],[32,-51],[-6,-18]],[[61058,57970],[-30,15],[-62,0],[-32,53],[-164,25],[-103,-61],[-68,-15],[-29,-29],[-111,-49],[-27,-27],[-81,3],[-42,22],[-36,52],[-32,-2],[-51,26],[-46,46],[-39,3],[-28,50],[-45,110],[-17,-6],[-112,65],[-6,25],[-70,19],[-20,37],[-37,14],[-43,-16],[-11,-22],[-54,5],[-13,-24],[11,-52],[2,-85],[-27,-76],[36,-53],[22,-99],[-8,-38],[-41,-35],[-39,-9],[-39,-68],[15,-25],[-42,-97],[-61,-36],[30,-16],[-19,-94],[-78,-149],[-18,-2],[-39,-74],[-17,-61],[8,-24],[-30,-69],[19,-64],[-9,-89],[28,-37],[63,-35],[31,-64],[-28,-31],[5,-37],[-37,-52],[27,-26],[10,-69],[-16,-20],[-7,-91],[-32,-32],[44,-97],[2,-35],[33,-59],[-32,-15],[-14,-86],[-49,-39],[-103,-15],[-24,-62],[-52,-27],[-16,-79],[39,-20],[31,4],[38,-32],[21,-61],[44,-26],[31,-45],[30,-22],[1,-33],[-31,-65],[-21,-78],[-19,-178],[-37,-148],[-39,-1],[-11,24],[-81,26],[-42,-57]],[[60307,63425],[-12,50],[-37,66],[-42,-6],[-39,58],[-45,10],[-22,-20],[-29,43],[-46,-23],[-39,-1],[-37,-36],[-33,21],[-31,-9],[-31,-47],[-7,-73],[-16,-37],[-27,-106],[18,-23],[-14,-79],[14,-13],[-35,-161],[13,-80],[-64,-113],[7,-30],[-27,-35],[-64,-7],[-7,-29],[-36,-55],[-24,36],[-44,30],[-6,22],[-76,43],[-47,10],[-43,-42],[-49,-2],[-44,-23],[-57,10],[-19,-27],[26,-24],[-2,-39],[-31,-30],[-66,-35],[-70,34],[-61,-75],[-32,9],[-23,-64],[-19,-6],[-65,56],[-62,7],[-31,30],[-31,3],[-10,-44],[-45,32],[-121,4],[-41,-56],[-38,-26],[-58,49],[-61,-16]],[[58369,62556],[-11,44],[-34,13],[-25,31],[-40,-58],[-65,-50],[-8,-61],[-27,-39],[-79,-24],[-82,26],[-25,-90],[-29,-4],[-29,-33],[-92,-24],[-32,-18],[-55,39],[-15,41],[-4,99],[-22,80],[-46,59],[-69,-2],[-21,-38],[-27,7],[-60,80],[-71,19],[-24,39],[30,100],[39,68],[4,65],[21,58],[53,96],[-110,19],[-18,32],[-36,105],[-26,1],[-100,24],[-81,1],[-40,-13],[-24,51],[-43,-32],[-32,-142],[-54,-54],[3,-77],[-19,-134],[-51,14],[-32,19],[-64,-2],[-37,38],[-47,16],[7,-48],[-20,-28],[2,-36],[-31,-12],[-10,39],[-57,43],[-9,41],[-48,34],[-30,-22],[-4,-33],[-39,-8],[-29,15],[-31,64],[7,50],[-15,45],[-54,66],[-8,65],[-148,40],[-71,-7],[-51,-31],[-169,78],[-33,-1],[-34,72],[-60,12],[-69,59],[-40,1],[-9,38],[-87,75],[-29,9],[-36,32],[-55,-23],[-31,1]],[[55424,65466],[19,-47],[-12,-21],[62,-29],[37,-36],[65,7],[113,84],[56,-14],[97,17],[21,34],[45,9],[46,27],[-42,50],[-7,47],[30,39],[-8,86],[-47,53],[15,1],[45,-49],[31,-8],[60,11],[35,-28],[41,2],[37,23],[40,-27],[29,6],[28,-46],[85,16],[21,38],[36,23],[2,-26],[48,-20],[24,-83],[92,-100],[18,-76],[26,-63],[-14,-37],[27,-65],[-18,-56],[27,-214],[56,-27],[64,-5],[14,31],[-22,67],[17,73],[66,-63],[54,-4],[-6,-34],[110,-55],[91,-72],[37,51],[41,30],[40,-23],[42,24],[53,-7],[60,36],[65,108],[80,-14],[29,16],[18,4],[17,-83],[-14,-78],[-51,-80],[0,-72],[42,-35],[-36,-64],[-12,-50],[12,-19],[13,1],[39,-75],[83,-2],[41,10],[32,-30],[44,-62],[36,-5],[70,108],[-6,-131],[14,-104],[70,-65],[21,13],[71,-37],[58,3],[34,50],[83,-53],[63,-22],[50,-90],[14,-48],[38,-13],[70,-1],[47,-17],[109,23],[34,-19],[51,39],[51,-1],[144,74],[2,-38],[-45,-55],[-6,-46],[11,-48],[38,-76],[30,3],[49,-19],[34,9],[44,-9],[25,-30],[30,1],[28,-32],[64,-10],[36,20],[27,46],[38,27],[57,8],[53,-40],[43,2],[57,39],[35,70],[40,-13],[68,23],[83,50],[-48,72],[20,90],[-26,73],[-5,46],[30,36],[20,85],[41,59],[3,31],[45,39],[-4,40],[22,26],[-7,48],[25,39]],[[59832,64761],[54,15],[14,31],[33,24],[-3,32],[92,118],[38,-78],[54,-41],[4,-47],[64,-33],[87,0],[26,-57],[82,-6],[37,-14],[22,12],[98,-13],[33,-21],[59,-16],[36,-34],[25,8],[51,-15]],[[58369,62556],[18,-75],[-6,-79],[-14,-32],[-54,-197],[11,-55],[-21,-88],[26,-48],[-6,-43],[32,-70],[-19,-54],[26,-71],[10,-139],[16,-82],[3,-74],[-49,-29],[-35,-38],[-51,7],[-326,-247],[3,-35],[-72,-68],[-59,-20],[-55,19],[-49,-15],[-47,-28],[90,110],[-41,57],[-60,39],[-29,66],[11,16],[-31,161],[4,48],[-19,31],[-50,18],[-36,-38],[-50,41],[-34,14],[-20,58],[-47,29],[12,-67],[-4,-69],[-36,-69],[4,-31],[85,-76],[12,-32],[1,-90],[-35,-81],[-43,-24],[-8,-31],[-1,-90],[52,-67],[20,-51],[7,-93],[-26,-50],[-46,-22]],[[59832,64761],[-76,59],[-45,-5],[-4,-33],[-81,-14],[-20,16],[-35,-25],[-48,-7],[-36,12],[-98,-33],[-97,54],[-11,23],[-73,-6],[-2,-35],[-125,70],[-85,39],[-43,-38],[-25,5],[-94,-28],[-55,31],[-43,59],[-5,30],[-73,72],[-40,-3],[18,68],[-31,48],[-27,3],[-16,47],[-29,-22],[-2,87],[-40,21],[4,42],[-42,42],[-17,63],[-40,7],[-8,39],[27,24],[-52,76],[14,17],[1,64],[23,67],[-17,57],[34,43],[-30,38],[22,26],[-17,58],[-26,34],[1,52],[-71,91],[2,67],[-38,15],[36,56],[-3,81],[46,37],[18,37],[10,98],[35,38],[82,42],[54,18],[-24,47],[4,24],[-63,21],[-10,44],[-19,12],[-15,53],[-63,38],[-94,101],[-58,20],[1,57],[-118,44],[-51,59],[-60,36],[-69,20],[-32,29],[-51,10],[-15,-55],[30,-73],[-26,-135],[-41,-67],[-64,-33],[6,-73],[41,-53],[23,-4],[9,-67],[48,-52],[19,-74],[-38,-92],[-72,36],[-54,-27],[-71,21],[-30,-45],[-15,-110],[-31,-24],[-36,-69],[-16,-5],[-357,160],[-21,24],[-25,-23],[-42,7],[7,54],[-6,51],[-33,26],[14,30],[-21,86],[0,60],[-29,72],[2,56],[32,51],[-23,77],[1,66],[-12,11],[-20,-38],[-30,74],[-19,-16],[-8,-78],[-47,-4],[-40,-19],[-24,26],[-86,6],[-36,15],[-44,81],[-40,11],[-104,-42],[-13,-16],[8,-49],[30,-55],[-4,-31],[-83,-360],[-15,-52],[-39,-80],[-5,-47],[-52,-42],[-40,-15],[-98,51],[-35,51],[-75,-16],[-46,-41],[-103,-19],[-57,23],[-8,-23],[-47,-10],[-51,21],[-22,-30],[-70,49],[-58,-10],[-11,32],[-35,9]],[[57639,71253],[10,-25],[-29,-83],[36,-44],[-1,-44],[21,-7],[24,-45],[-5,-82],[26,-70],[43,0],[46,-48],[44,20],[158,-39],[69,-3],[7,-18],[88,-54]],[[58176,70711],[11,-64],[31,-5],[-11,-42],[14,-39],[31,-27],[9,-68],[19,-60],[18,-42],[26,18],[139,-145],[16,-4],[69,24],[45,-69],[8,-29],[-31,-70],[-23,-11],[1,-64],[-75,-283],[-32,-130],[38,28],[48,-4],[31,-22],[22,-37],[50,-49],[47,-69],[14,-48],[32,-37],[61,-31],[20,-28],[90,-15],[104,28],[84,-24],[41,23],[63,-8],[35,-28],[30,-4],[33,52]],[[59415,71479],[-37,-42],[-94,-28],[-26,15],[-56,-68],[-47,0],[-43,-44],[-38,-16],[-62,-4],[-45,10],[-144,-34],[-4,-50],[8,-77],[-18,-35],[35,-39],[-77,16],[-24,-10],[-56,17],[-61,-36],[-89,7],[-31,-16],[-120,7],[-19,-66],[-5,-57],[-139,18],[28,-52],[-4,-48],[9,-73],[-38,-54],[-42,-9]],[[61268,57647],[-63,67],[-75,17],[-41,27],[-17,60],[14,40],[-13,34],[-2,58],[-13,20]]],"transform":{"scale":[0.000446917999735553,0.00039024128852399635],"translate":[-73.99094388888889,-33.75158305555556]},"objects":{"rgi_pos_quant":{"type":"GeometryCollection","geometries":[{"arcs":[[0,1,2,3]],"type":"Polygon","properties":{"cd_rgi":"120004","nm_rgi":"Cruzeiro do Sul","cd_uf":"12","uf_sigla":"AC"}},{"arcs":[[-3,4,5,6,7]],"type":"Polygon","properties":{"cd_rgi":"120005","nm_rgi":"Tarauacá","cd_uf":"12","uf_sigla":"AC"}},{"arcs":[[-7,8,9,10,11]],"type":"Polygon","properties":{"cd_rgi":"120003","nm_rgi":"Sena Madureira","cd_uf":"12","uf_sigla":"AC"}},{"arcs":[[-11,12,13]],"type":"Polygon","properties":{"cd_rgi":"120002","nm_rgi":"Brasiléia","cd_uf":"12","uf_sigla":"AC"}},{"arcs":[[14,15,16,-13,-10]],"type":"Polygon","properties":{"cd_rgi":"120001","nm_rgi":"Rio Branco","cd_uf":"12","uf_sigla":"AC"}},{"arcs":[[17,18,19,20,21,22]],"type":"Polygon","properties":{"cd_rgi":"270009","nm_rgi":"Delmiro Gouveia","cd_uf":"27","uf_sigla":"AL"}},{"arcs":[[-20,23,24,25,26]],"type":"Polygon","properties":{"cd_rgi":"270010","nm_rgi":"Santana do Ipanema","cd_uf":"27","uf_sigla":"AL"}},{"arcs":[[-21,-27,27,28,29]],"type":"Polygon","properties":{"cd_rgi":"270011","nm_rgi":"Pão de Açúcar - Olho d'Água das Flores – Batalha","cd_uf":"27","uf_sigla":"AL"}},{"arcs":[[-26,30,31,32,-28]],"type":"Polygon","properties":{"cd_rgi":"270008","nm_rgi":"Palmeira dos Índios","cd_uf":"27","uf_sigla":"AL"}},{"arcs":[[-29,-33,33,34,35,36,37]],"type":"Polygon","properties":{"cd_rgi":"270007","nm_rgi":"Arapiraca","cd_uf":"27","uf_sigla":"AL"}},{"arcs":[[-36,38,39,40]],"type":"Polygon","properties":{"cd_rgi":"270003","nm_rgi":"Penedo","cd_uf":"27","uf_sigla":"AL"}},{"arcs":[[-32,41,42,43,44,-34]],"type":"Polygon","properties":{"cd_rgi":"270006","nm_rgi":"Atalaia","cd_uf":"27","uf_sigla":"AL"}},{"arcs":[[-35,-45,45,46,-39]],"type":"Polygon","properties":{"cd_rgi":"270004","nm_rgi":"São Miguel dos Campos","cd_uf":"27","uf_sigla":"AL"}},{"arcs":[[-43,47,48,49,50]],"type":"Polygon","properties":{"cd_rgi":"270005","nm_rgi":"União dos Palmares","cd_uf":"27","uf_sigla":"AL"}},{"arcs":[[-44,-51,51,52,-46]],"type":"Polygon","properties":{"cd_rgi":"270001","nm_rgi":"Maceió","cd_uf":"27","uf_sigla":"AL"}},{"arcs":[[-50,53,54,55,-52]],"type":"Polygon","properties":{"cd_rgi":"270002","nm_rgi":"Porto Calvo - São Luís do Quitunde","cd_uf":"27","uf_sigla":"AL"}},{"arcs":[[-1,56,57,58]],"type":"Polygon","properties":{"cd_rgi":"130006","nm_rgi":"Tabatinga","cd_uf":"13","uf_sigla":"AM"}},{"arcs":[[-2,-59,59,60,-5]],"type":"Polygon","properties":{"cd_rgi":"130007","nm_rgi":"Eirunepé","cd_uf":"13","uf_sigla":"AM"}},{"arcs":[[-58,61,62,63,64,-60]],"type":"Polygon","properties":{"cd_rgi":"130005","nm_rgi":"Tefé","cd_uf":"13","uf_sigla":"AM"}},{"arcs":[[-63,65,66,67,68,69]],"type":"Polygon","properties":{"cd_rgi":"130002","nm_rgi":"São Gabriel da Cachoeira","cd_uf":"13","uf_sigla":"AM"}},{"arcs":[[-6,-61,-65,70,71,72,-15,-9]],"type":"Polygon","properties":{"cd_rgi":"130008","nm_rgi":"Lábrea","cd_uf":"13","uf_sigla":"AM"}},{"arcs":[[-64,-70,73,74,75,-71]],"type":"Polygon","properties":{"cd_rgi":"130003","nm_rgi":"Coari","cd_uf":"13","uf_sigla":"AM"}},{"arcs":[[-69,76,77,-74]],"type":"Polygon","properties":{"cd_rgi":"130004","nm_rgi":"Manacapuru","cd_uf":"13","uf_sigla":"AM"}},{"arcs":[[-72,-76,78,79,80,81,82,83,84]],"type":"Polygon","properties":{"cd_rgi":"130009","nm_rgi":"Manicoré","cd_uf":"13","uf_sigla":"AM"}},{"arcs":[[-75,-78,85,86,87,-79]],"type":"Polygon","properties":{"cd_rgi":"130001","nm_rgi":"Manaus","cd_uf":"13","uf_sigla":"AM"}},{"arcs":[[-87,88,89]],"type":"Polygon","properties":{"cd_rgi":"130011","nm_rgi":"Itacoatiara","cd_uf":"13","uf_sigla":"AM"}},{"arcs":[[-80,-88,-90,90,91,92]],"type":"Polygon","properties":{"cd_rgi":"130010","nm_rgi":"Parintins","cd_uf":"13","uf_sigla":"AM"}},{"arcs":[[93,94,95,96,97,98]],"type":"Polygon","properties":{"cd_rgi":"160002","nm_rgi":"Laranjal do Jari","cd_uf":"16","uf_sigla":"AP"}},{"arcs":[[-95,99,100,101]],"type":"Polygon","properties":{"cd_rgi":"160003","nm_rgi":"Oiapoque","cd_uf":"16","uf_sigla":"AP"}},{"arcs":[[-96,-102,102]],"type":"Polygon","properties":{"cd_rgi":"160004","nm_rgi":"Porto Grande","cd_uf":"16","uf_sigla":"AP"}},{"arcs":[[-97,-103,-101,103,104]],"type":"Polygon","properties":{"cd_rgi":"160001","nm_rgi":"Macapá","cd_uf":"16","uf_sigla":"AP"}},{"arcs":[[105,106,107,108,109,110,111]],"type":"Polygon","properties":{"cd_rgi":"290018","nm_rgi":"Barreiras","cd_uf":"29","uf_sigla":"BA"}},{"arcs":[[-110,112,113,114,115,116,117]],"type":"Polygon","properties":{"cd_rgi":"290019","nm_rgi":"Santa Maria da Vitoria","cd_uf":"29","uf_sigla":"BA"}},{"arcs":[[-114,118,119,120,121,122,123]],"type":"Polygon","properties":{"cd_rgi":"290016","nm_rgi":"Guanambi","cd_uf":"29","uf_sigla":"BA"}},{"arcs":[[-108,124,125,126,127,128]],"type":"Polygon","properties":{"cd_rgi":"290021","nm_rgi":"Xique-Xique – Barra","cd_uf":"29","uf_sigla":"BA"}},{"arcs":[[-109,-129,129,130,-119,-113]],"type":"Polygon","properties":{"cd_rgi":"290017","nm_rgi":"Bom Jesus da Lapa","cd_uf":"29","uf_sigla":"BA"}},{"arcs":[[-126,131,132,133,134,135,136,137,138,139,140,141,142]],"type":"Polygon","properties":{"cd_rgi":"290022","nm_rgi":"Juazeiro","cd_uf":"29","uf_sigla":"BA"}},{"arcs":[[-128,143,144,145,146,-130]],"type":"Polygon","properties":{"cd_rgi":"290034","nm_rgi":"Seabra","cd_uf":"29","uf_sigla":"BA"}},{"arcs":[[-127,-143,147,148,-144]],"type":"Polygon","properties":{"cd_rgi":"290020","nm_rgi":"Irecê","cd_uf":"29","uf_sigla":"BA"}},{"arcs":[[-120,-131,-147,149]],"type":"Polygon","properties":{"cd_rgi":"290013","nm_rgi":"Brumado","cd_uf":"29","uf_sigla":"BA"}},{"arcs":[[-121,-150,-146,150,151,152,153,154,155,156,157,158]],"type":"Polygon","properties":{"cd_rgi":"290011","nm_rgi":"Vitória da Conquista","cd_uf":"29","uf_sigla":"BA"}},{"arcs":[[-142,159,160,161,-148]],"type":"Polygon","properties":{"cd_rgi":"290030","nm_rgi":"Jacobina","cd_uf":"29","uf_sigla":"BA"}},{"arcs":[[-145,-149,162,163,164,165,-151]],"type":"Polygon","properties":{"cd_rgi":"290031","nm_rgi":"Itaberaba","cd_uf":"29","uf_sigla":"BA"}},{"arcs":[[-141,166,167,-160]],"type":"Polygon","properties":{"cd_rgi":"290023","nm_rgi":"Senhor do Bonfim","cd_uf":"29","uf_sigla":"BA"}},{"arcs":[[-152,-166,168,169]],"type":"Polygon","properties":{"cd_rgi":"290012","nm_rgi":"Jequié","cd_uf":"29","uf_sigla":"BA"}},{"arcs":[[-162,170,171,172,173,174,-163]],"type":"Polygon","properties":{"cd_rgi":"290029","nm_rgi":"Feira de Santana","cd_uf":"29","uf_sigla":"BA"}},{"arcs":[[-155,175,176,177,178]],"type":"Polygon","properties":{"cd_rgi":"290015","nm_rgi":"Itapetinga","cd_uf":"29","uf_sigla":"BA"}},{"arcs":[[179,180,181,182,183,184]],"type":"Polygon","properties":{"cd_rgi":"290008","nm_rgi":"Teixeira de Freitas","cd_uf":"29","uf_sigla":"BA"}},{"arcs":[[-178,185,186,-181,187]],"type":"Polygon","properties":{"cd_rgi":"290009","nm_rgi":"Eunápolis - Porto Seguro","cd_uf":"29","uf_sigla":"BA"}},{"arcs":[[-165,188,189,190,191,-169]],"type":"Polygon","properties":{"cd_rgi":"290003","nm_rgi":"Santo Antônio de Jesus","cd_uf":"29","uf_sigla":"BA"}},{"arcs":[[-153,-170,-192,192,193]],"type":"Polygon","properties":{"cd_rgi":"290014","nm_rgi":"Ipiaú","cd_uf":"29","uf_sigla":"BA"}},{"arcs":[[-161,-168,194,195,-171]],"type":"Polygon","properties":{"cd_rgi":"290032","nm_rgi":"Conceição do Coité","cd_uf":"29","uf_sigla":"BA"}},{"arcs":[[-154,-194,196,197,198,-176]],"type":"Polygon","properties":{"cd_rgi":"290007","nm_rgi":"Ilhéus – Itabuna","cd_uf":"29","uf_sigla":"BA"}},{"arcs":[[-164,-175,199,200,-189]],"type":"Polygon","properties":{"cd_rgi":"290004","nm_rgi":"Cruz das Almas","cd_uf":"29","uf_sigla":"BA"}},{"arcs":[[-177,-199,201,-186]],"type":"Polygon","properties":{"cd_rgi":"290010","nm_rgi":"Camacan","cd_uf":"29","uf_sigla":"BA"}},{"arcs":[[-140,202,203,204,205,206,-195,-167]],"type":"Polygon","properties":{"cd_rgi":"290026","nm_rgi":"Euclides da Cunha","cd_uf":"29","uf_sigla":"BA"}},{"arcs":[[-191,207,208,-197,-193]],"type":"Polygon","properties":{"cd_rgi":"290005","nm_rgi":"Valença","cd_uf":"29","uf_sigla":"BA"}},{"arcs":[[-23,209,210,-203,-139,211,212]],"type":"Polygon","properties":{"cd_rgi":"290024","nm_rgi":"Paulo Afonso","cd_uf":"29","uf_sigla":"BA"}},{"arcs":[[-190,-201,213,214,-208]],"type":"Polygon","properties":{"cd_rgi":"290006","nm_rgi":"Nazaré – Maragogipe","cd_uf":"29","uf_sigla":"BA"}},{"arcs":[[-172,-196,-207,215,216]],"type":"Polygon","properties":{"cd_rgi":"290033","nm_rgi":"Serrinha","cd_uf":"29","uf_sigla":"BA"}},{"arcs":[[-206,217,218,219,-216]],"type":"Polygon","properties":{"cd_rgi":"290025","nm_rgi":"Ribeira do Pombal","cd_uf":"29","uf_sigla":"BA"}},{"arcs":[[-204,-211,220,221,222]],"type":"Polygon","properties":{"cd_rgi":"290028","nm_rgi":"Jeremoabo","cd_uf":"29","uf_sigla":"BA"}},{"arcs":[[-174,223,224,-214,-200]],"type":"Polygon","properties":{"cd_rgi":"290001","nm_rgi":"Salvador","cd_uf":"29","uf_sigla":"BA"}},{"arcs":[[-173,-217,-220,225,226,227,-224]],"type":"Polygon","properties":{"cd_rgi":"290002","nm_rgi":"Alagoinhas","cd_uf":"29","uf_sigla":"BA"}},{"arcs":[[-205,-223,228,229,-218]],"type":"Polygon","properties":{"cd_rgi":"290027","nm_rgi":"Cícero Dantas","cd_uf":"29","uf_sigla":"BA"}},{"arcs":[[230,231,232,233,234]],"type":"Polygon","properties":{"cd_rgi":"230018","nm_rgi":"Camocim","cd_uf":"23","uf_sigla":"CE"}},{"arcs":[[-234,235,236,237,238]],"type":"Polygon","properties":{"cd_rgi":"230016","nm_rgi":"São Benedito - Ipu - Guaraciaba do Norte - Tianguá","cd_uf":"23","uf_sigla":"CE"}},{"arcs":[[-237,239,240,241,242,243,244,245]],"type":"Polygon","properties":{"cd_rgi":"230013","nm_rgi":"Crateús","cd_uf":"23","uf_sigla":"CE"}},{"arcs":[[-233,246,247,248,249,-240,-236]],"type":"Polygon","properties":{"cd_rgi":"230015","nm_rgi":"Sobral","cd_uf":"23","uf_sigla":"CE"}},{"arcs":[[-243,250,251,252,253,254]],"type":"Polygon","properties":{"cd_rgi":"230014","nm_rgi":"Tauá","cd_uf":"23","uf_sigla":"CE"}},{"arcs":[[-253,255,256,257,258,259,260,261]],"type":"Polygon","properties":{"cd_rgi":"230011","nm_rgi":"Juazeiro do Norte","cd_uf":"23","uf_sigla":"CE"}},{"arcs":[[-232,262,263,-247]],"type":"Polygon","properties":{"cd_rgi":"230017","nm_rgi":"Acaraú","cd_uf":"23","uf_sigla":"CE"}},{"arcs":[[-241,-250,264,265,266,267]],"type":"Polygon","properties":{"cd_rgi":"230004","nm_rgi":"Canindé","cd_uf":"23","uf_sigla":"CE"}},{"arcs":[[-252,268,269,-256]],"type":"Polygon","properties":{"cd_rgi":"230009","nm_rgi":"Iguatu","cd_uf":"23","uf_sigla":"CE"}},{"arcs":[[-248,-264,270,271,272]],"type":"Polygon","properties":{"cd_rgi":"230002","nm_rgi":"Itapipoca","cd_uf":"23","uf_sigla":"CE"}},{"arcs":[[-242,-268,273,274,275,-269,-251]],"type":"Polygon","properties":{"cd_rgi":"230006","nm_rgi":"Quixadá","cd_uf":"23","uf_sigla":"CE"}},{"arcs":[[-249,-273,276,-265]],"type":"Polygon","properties":{"cd_rgi":"230005","nm_rgi":"Itapagé","cd_uf":"23","uf_sigla":"CE"}},{"arcs":[[-266,-277,-272,277,278,279,280]],"type":"Polygon","properties":{"cd_rgi":"230001","nm_rgi":"Fortaleza","cd_uf":"23","uf_sigla":"CE"}},{"arcs":[[-259,281,282,283,284]],"type":"Polygon","properties":{"cd_rgi":"230012","nm_rgi":"Brejo Santo","cd_uf":"23","uf_sigla":"CE"}},{"arcs":[[-257,-270,-276,285,286,287,288]],"type":"Polygon","properties":{"cd_rgi":"230010","nm_rgi":"Icó","cd_uf":"23","uf_sigla":"CE"}},{"arcs":[[-267,-281,289,-274]],"type":"Polygon","properties":{"cd_rgi":"230003","nm_rgi":"Redenção-Acarape","cd_uf":"23","uf_sigla":"CE"}},{"arcs":[[-275,-290,-280,290,291,292,-286]],"type":"Polygon","properties":{"cd_rgi":"230007","nm_rgi":"Russas - Limoeiro do Norte","cd_uf":"23","uf_sigla":"CE"}},{"arcs":[[-279,293,294,-291]],"type":"Polygon","properties":{"cd_rgi":"230008","nm_rgi":"Aracati","cd_uf":"23","uf_sigla":"CE"}},{"arcs":[[295,296,297]],"type":"Polygon","properties":{"cd_rgi":"530001","nm_rgi":"Distrito Federal","cd_uf":"53","uf_sigla":"DF"}},{"arcs":[[298,299,300,301,302]],"type":"Polygon","properties":{"cd_rgi":"320008","nm_rgi":"Alegre","cd_uf":"32","uf_sigla":"ES"}},{"arcs":[[-301,303,304,305,306,307]],"type":"Polygon","properties":{"cd_rgi":"320007","nm_rgi":"Cachoeiro de Itapemirim","cd_uf":"32","uf_sigla":"ES"}},{"arcs":[[-300,308,309,310,311,312,-304]],"type":"Polygon","properties":{"cd_rgi":"320002","nm_rgi":"Afonso Cláudio - Venda Nova do Imigrante - Santa Maria de Jetibá","cd_uf":"32","uf_sigla":"ES"}},{"arcs":[[-311,313,314,315,316,317,318]],"type":"Polygon","properties":{"cd_rgi":"320005","nm_rgi":"Colatina","cd_uf":"32","uf_sigla":"ES"}},{"arcs":[[-317,319,320,321]],"type":"Polygon","properties":{"cd_rgi":"320006","nm_rgi":"Nova Venécia","cd_uf":"32","uf_sigla":"ES"}},{"arcs":[[[-305,-313,322,323]],[[324]]],"type":"MultiPolygon","properties":{"cd_rgi":"320001","nm_rgi":"Vitória","cd_uf":"32","uf_sigla":"ES"}},{"arcs":[[-183,325,326,-318,-322,327]],"type":"Polygon","properties":{"cd_rgi":"320003","nm_rgi":"São Mateus","cd_uf":"32","uf_sigla":"ES"}},{"arcs":[[-312,-319,-327,328,-323]],"type":"Polygon","properties":{"cd_rgi":"320004","nm_rgi":"Linhares","cd_uf":"32","uf_sigla":"ES"}},{"arcs":[[329,330,331,332,333,334,335]],"type":"Polygon","properties":{"cd_rgi":"520011","nm_rgi":"Jataí-Mineiros","cd_uf":"52","uf_sigla":"GO"}},{"arcs":[[-331,336,337,338]],"type":"Polygon","properties":{"cd_rgi":"520014","nm_rgi":"Iporá","cd_uf":"52","uf_sigla":"GO"}},{"arcs":[[-333,339,340,341,342,343,344,345,346]],"type":"Polygon","properties":{"cd_rgi":"520010","nm_rgi":"Rio Verde","cd_uf":"52","uf_sigla":"GO"}},{"arcs":[[-338,347,348,349,350,351,352]],"type":"Polygon","properties":{"cd_rgi":"520005","nm_rgi":"Goiás - Itapuranga","cd_uf":"52","uf_sigla":"GO"}},{"arcs":[[-332,-339,-353,353,354,-340]],"type":"Polygon","properties":{"cd_rgi":"520013","nm_rgi":"São Luís de Montes Belos","cd_uf":"52","uf_sigla":"GO"}},{"arcs":[[-341,-355,355,356,357]],"type":"Polygon","properties":{"cd_rgi":"520015","nm_rgi":"Palmeiras de Goiás","cd_uf":"52","uf_sigla":"GO"}},{"arcs":[[-344,358,359]],"type":"Polygon","properties":{"cd_rgi":"520012","nm_rgi":"Quirinópolis","cd_uf":"52","uf_sigla":"GO"}},{"arcs":[[-350,360,361,362,363,364]],"type":"Polygon","properties":{"cd_rgi":"520016","nm_rgi":"Porangatu","cd_uf":"52","uf_sigla":"GO"}},{"arcs":[[-351,-365,365,366,367,368]],"type":"Polygon","properties":{"cd_rgi":"520018","nm_rgi":"Ceres - Rialma - Goianésia","cd_uf":"52","uf_sigla":"GO"}},{"arcs":[[-352,-369,369,370,-356,-354]],"type":"Polygon","properties":{"cd_rgi":"520003","nm_rgi":"Inhumas - Itaberaí - Anicuns","cd_uf":"52","uf_sigla":"GO"}},{"arcs":[[-343,371,372,373,374,-359]],"type":"Polygon","properties":{"cd_rgi":"520007","nm_rgi":"Itumbiara","cd_uf":"52","uf_sigla":"GO"}},{"arcs":[[-342,-358,375,376,377,378,-372]],"type":"Polygon","properties":{"cd_rgi":"520009","nm_rgi":"Piracanjuba","cd_uf":"52","uf_sigla":"GO"}},{"arcs":[[-364,379,380,-366]],"type":"Polygon","properties":{"cd_rgi":"520017","nm_rgi":"Uruaçu - Niquelândia","cd_uf":"52","uf_sigla":"GO"}},{"arcs":[[-357,-371,381,-376]],"type":"Polygon","properties":{"cd_rgi":"520001","nm_rgi":"Goiânia","cd_uf":"52","uf_sigla":"GO"}},{"arcs":[[-368,382,383,384,-377,-382,-370]],"type":"Polygon","properties":{"cd_rgi":"520002","nm_rgi":"Anápolis","cd_uf":"52","uf_sigla":"GO"}},{"arcs":[[-373,-379,385,386,387]],"type":"Polygon","properties":{"cd_rgi":"520008","nm_rgi":"Caldas Novas-Morrinhos","cd_uf":"52","uf_sigla":"GO"}},{"arcs":[[-296,388,-383,-367,-381,389,390]],"type":"Polygon","properties":{"cd_rgi":"520020","nm_rgi":"Águas Lindas de Goiás","cd_uf":"52","uf_sigla":"GO"}},{"arcs":[[-378,-385,391,392,-386]],"type":"Polygon","properties":{"cd_rgi":"520006","nm_rgi":"Pires do Rio","cd_uf":"52","uf_sigla":"GO"}},{"arcs":[[-387,-393,393,394,395,396,397]],"type":"Polygon","properties":{"cd_rgi":"520004","nm_rgi":"Catalão","cd_uf":"52","uf_sigla":"GO"}},{"arcs":[[-298,398,399,-394,-392,-384,-389]],"type":"Polygon","properties":{"cd_rgi":"520019","nm_rgi":"Luziânia","cd_uf":"52","uf_sigla":"GO"}},{"arcs":[[-363,400,401,402,403,-390,-380]],"type":"Polygon","properties":{"cd_rgi":"520022","nm_rgi":"Flores de Goiás","cd_uf":"52","uf_sigla":"GO"}},{"arcs":[[-111,-118,404,-403,405]],"type":"Polygon","properties":{"cd_rgi":"520021","nm_rgi":"Posse-Campos Belos","cd_uf":"52","uf_sigla":"GO"}},{"arcs":[[406,407,408,409,410,411,412,413]],"type":"Polygon","properties":{"cd_rgi":"210019","nm_rgi":"Imperatriz","cd_uf":"21","uf_sigla":"MA"}},{"arcs":[[-407,414,415,416,417]],"type":"Polygon","properties":{"cd_rgi":"210021","nm_rgi":"Açailândia","cd_uf":"21","uf_sigla":"MA"}},{"arcs":[[-410,418,419,420,421,422,423,424,425]],"type":"Polygon","properties":{"cd_rgi":"210022","nm_rgi":"Balsas","cd_uf":"21","uf_sigla":"MA"}},{"arcs":[[-408,-418,426,427,428,429,430]],"type":"Polygon","properties":{"cd_rgi":"210009","nm_rgi":"Santa Inês","cd_uf":"21","uf_sigla":"MA"}},{"arcs":[[[-417,431,432,433,434,435,-427]],[[436]],[[437]],[[438]],[[439]],[[440]],[[441]]],"type":"MultiPolygon","properties":{"cd_rgi":"210011","nm_rgi":"Governador Nunes Freire","cd_uf":"21","uf_sigla":"MA"}},{"arcs":[[-409,-431,442,443,444,445,-419]],"type":"Polygon","properties":{"cd_rgi":"210020","nm_rgi":"Barra do Corda","cd_uf":"21","uf_sigla":"MA"}},{"arcs":[[-420,-446,446,447,448]],"type":"Polygon","properties":{"cd_rgi":"210018","nm_rgi":"Colinas","cd_uf":"21","uf_sigla":"MA"}},{"arcs":[[-430,449,450,451,452,-443]],"type":"Polygon","properties":{"cd_rgi":"210010","nm_rgi":"Bacabal","cd_uf":"21","uf_sigla":"MA"}},{"arcs":[[-428,-436,453,454,455,456]],"type":"Polygon","properties":{"cd_rgi":"210002","nm_rgi":"Pinheiro","cd_uf":"21","uf_sigla":"MA"}},{"arcs":[[-429,-457,457,458,-450]],"type":"Polygon","properties":{"cd_rgi":"210005","nm_rgi":"Viana","cd_uf":"21","uf_sigla":"MA"}},{"arcs":[[[-455,459,460]],[[461]],[[462]],[[463]],[[464]],[[465]],[[466]],[[467]],[[468]],[[469]],[[470]],[[471]],[[472]],[[473]]],"type":"MultiPolygon","properties":{"cd_rgi":"210008","nm_rgi":"Cururupu","cd_uf":"21","uf_sigla":"MA"}},{"arcs":[[-444,-453,474,475]],"type":"Polygon","properties":{"cd_rgi":"210012","nm_rgi":"Pedreiras","cd_uf":"21","uf_sigla":"MA"}},{"arcs":[[-421,-449,476,477,478,479]],"type":"Polygon","properties":{"cd_rgi":"210017","nm_rgi":"São João dos Patos","cd_uf":"21","uf_sigla":"MA"}},{"arcs":[[-445,-476,480,481,482,-447]],"type":"Polygon","properties":{"cd_rgi":"210016","nm_rgi":"Presidente Dutra","cd_uf":"21","uf_sigla":"MA"}},{"arcs":[[-451,-459,483,484,485]],"type":"Polygon","properties":{"cd_rgi":"210004","nm_rgi":"Itapecuru Mirim","cd_uf":"21","uf_sigla":"MA"}},{"arcs":[[-456,-461,486,487,488,-484,-458]],"type":"Polygon","properties":{"cd_rgi":"210001","nm_rgi":"São Luís","cd_uf":"21","uf_sigla":"MA"}},{"arcs":[[-452,-486,489,490,-481,-475]],"type":"Polygon","properties":{"cd_rgi":"210015","nm_rgi":"Codó","cd_uf":"21","uf_sigla":"MA"}},{"arcs":[[-448,-483,491,492,493,-477]],"type":"Polygon","properties":{"cd_rgi":"210014","nm_rgi":"Timon","cd_uf":"21","uf_sigla":"MA"}},{"arcs":[[-482,-491,494,495,-492]],"type":"Polygon","properties":{"cd_rgi":"210013","nm_rgi":"Caxias","cd_uf":"21","uf_sigla":"MA"}},{"arcs":[[-485,-489,496,497,498,499,500,-495,-490]],"type":"Polygon","properties":{"cd_rgi":"210003","nm_rgi":"Chapadinha","cd_uf":"21","uf_sigla":"MA"}},{"arcs":[[-488,501,502,-497]],"type":"Polygon","properties":{"cd_rgi":"210006","nm_rgi":"Barreirinhas","cd_uf":"21","uf_sigla":"MA"}},{"arcs":[[-498,-503,503,504,505]],"type":"Polygon","properties":{"cd_rgi":"210007","nm_rgi":"Tutóia - Araioses","cd_uf":"21","uf_sigla":"MA"}},{"arcs":[[-346,506,507,508,509,510,511,512,513]],"type":"Polygon","properties":{"cd_rgi":"310058","nm_rgi":"Iturama","cd_uf":"31","uf_sigla":"MG"}},{"arcs":[[-345,-360,-375,514,-507]],"type":"Polygon","properties":{"cd_rgi":"310060","nm_rgi":"Ituiutaba","cd_uf":"31","uf_sigla":"MG"}},{"arcs":[[-374,-388,-398,515,516,517,-508,-515]],"type":"Polygon","properties":{"cd_rgi":"310059","nm_rgi":"Uberlândia","cd_uf":"31","uf_sigla":"MG"}},{"arcs":[[-509,-518,518,519,520,521]],"type":"Polygon","properties":{"cd_rgi":"310057","nm_rgi":"Frutal","cd_uf":"31","uf_sigla":"MG"}},{"arcs":[[-517,522,523,524,525,526,527,528,-519]],"type":"Polygon","properties":{"cd_rgi":"310055","nm_rgi":"Uberaba","cd_uf":"31","uf_sigla":"MG"}},{"arcs":[[-397,529,530,-523,-516]],"type":"Polygon","properties":{"cd_rgi":"310061","nm_rgi":"Monte Carmelo","cd_uf":"31","uf_sigla":"MG"}},{"arcs":[[-524,-531,531,532,533,534,535]],"type":"Polygon","properties":{"cd_rgi":"310056","nm_rgi":"Araxá","cd_uf":"31","uf_sigla":"MG"}},{"arcs":[[-395,-400,536,537,538,539,540,-533,541]],"type":"Polygon","properties":{"cd_rgi":"310062","nm_rgi":"Patos de Minas","cd_uf":"31","uf_sigla":"MG"}},{"arcs":[[-117,542,543,-537,-399,-297,-391,-404,-405]],"type":"Polygon","properties":{"cd_rgi":"310063","nm_rgi":"Unaí","cd_uf":"31","uf_sigla":"MG"}},{"arcs":[[-396,-542,-532,-530]],"type":"Polygon","properties":{"cd_rgi":"310064","nm_rgi":"Patrocínio","cd_uf":"31","uf_sigla":"MG"}},{"arcs":[[-526,544,545,546,547,548,549,550,551]],"type":"Polygon","properties":{"cd_rgi":"310041","nm_rgi":"Passos","cd_uf":"31","uf_sigla":"MG"}},{"arcs":[[-551,552,553,554,555]],"type":"Polygon","properties":{"cd_rgi":"310047","nm_rgi":"São Sebastião do Paraíso","cd_uf":"31","uf_sigla":"MG"}},{"arcs":[[-550,556,557,558,-553]],"type":"Polygon","properties":{"cd_rgi":"310044","nm_rgi":"Guaxupé","cd_uf":"31","uf_sigla":"MG"}},{"arcs":[[-525,-536,559,-545]],"type":"Polygon","properties":{"cd_rgi":"310049","nm_rgi":"Piumhi","cd_uf":"31","uf_sigla":"MG"}},{"arcs":[[560,561,562,563,564,565,566,567,568,569]],"type":"Polygon","properties":{"cd_rgi":"310050","nm_rgi":"Pouso Alegre","cd_uf":"31","uf_sigla":"MG"}},{"arcs":[[-558,570,-570,571,572]],"type":"Polygon","properties":{"cd_rgi":"310051","nm_rgi":"Poços de Caldas","cd_uf":"31","uf_sigla":"MG"}},{"arcs":[[-535,573,574,575,-546,-560]],"type":"Polygon","properties":{"cd_rgi":"310066","nm_rgi":"Formiga","cd_uf":"31","uf_sigla":"MG"}},{"arcs":[[-549,576,577,-561,-571,-557]],"type":"Polygon","properties":{"cd_rgi":"310042","nm_rgi":"Alfenas","cd_uf":"31","uf_sigla":"MG"}},{"arcs":[[-538,-544,578,579,580]],"type":"Polygon","properties":{"cd_rgi":"310010","nm_rgi":"Pirapora","cd_uf":"31","uf_sigla":"MG"}},{"arcs":[[-564,581,582,583,584,585]],"type":"Polygon","properties":{"cd_rgi":"310052","nm_rgi":"Itajubá","cd_uf":"31","uf_sigla":"MG"}},{"arcs":[[-534,-541,586,587,588,589,-574]],"type":"Polygon","properties":{"cd_rgi":"310067","nm_rgi":"Dores do Indaiá","cd_uf":"31","uf_sigla":"MG"}},{"arcs":[[-548,590,591,592,593,-577]],"type":"Polygon","properties":{"cd_rgi":"310046","nm_rgi":"Três Pontas - Boa Esperança","cd_uf":"31","uf_sigla":"MG"}},{"arcs":[[-116,594,595,-579,-543]],"type":"Polygon","properties":{"cd_rgi":"310011","nm_rgi":"São Francisco","cd_uf":"31","uf_sigla":"MG"}},{"arcs":[[-540,596,-587]],"type":"Polygon","properties":{"cd_rgi":"310070","nm_rgi":"Abaeté","cd_uf":"31","uf_sigla":"MG"}},{"arcs":[[-562,-578,-594,597,598]],"type":"Polygon","properties":{"cd_rgi":"310040","nm_rgi":"Varginha","cd_uf":"31","uf_sigla":"MG"}},{"arcs":[[-547,-576,599,600,601,-591]],"type":"Polygon","properties":{"cd_rgi":"310048","nm_rgi":"Campo Belo","cd_uf":"31","uf_sigla":"MG"}},{"arcs":[[-575,-590,602,603,604,-600]],"type":"Polygon","properties":{"cd_rgi":"310065","nm_rgi":"Divinópolis","cd_uf":"31","uf_sigla":"MG"}},{"arcs":[[-115,-124,605,606,-595]],"type":"Polygon","properties":{"cd_rgi":"310009","nm_rgi":"Januária","cd_uf":"31","uf_sigla":"MG"}},{"arcs":[[-593,607,608,609,-598]],"type":"Polygon","properties":{"cd_rgi":"310045","nm_rgi":"Três Corações","cd_uf":"31","uf_sigla":"MG"}},{"arcs":[[-563,-599,-610,610,611,612,613,-582]],"type":"Polygon","properties":{"cd_rgi":"310053","nm_rgi":"São Lourenço","cd_uf":"31","uf_sigla":"MG"}},{"arcs":[[-592,-602,614,615,616,-608]],"type":"Polygon","properties":{"cd_rgi":"310043","nm_rgi":"Lavras","cd_uf":"31","uf_sigla":"MG"}},{"arcs":[[-539,-581,617,618,619,620,-588,-597]],"type":"Polygon","properties":{"cd_rgi":"310004","nm_rgi":"Curvelo","cd_uf":"31","uf_sigla":"MG"}},{"arcs":[[-601,-605,621,622,623,-615]],"type":"Polygon","properties":{"cd_rgi":"310069","nm_rgi":"Oliveira","cd_uf":"31","uf_sigla":"MG"}},{"arcs":[[-609,-617,624,625,-611]],"type":"Polygon","properties":{"cd_rgi":"310054","nm_rgi":"Caxambu - Baependi","cd_uf":"31","uf_sigla":"MG"}},{"arcs":[[-580,-596,-607,626,627,628,629,630,-618]],"type":"Polygon","properties":{"cd_rgi":"310006","nm_rgi":"Montes Claros","cd_uf":"31","uf_sigla":"MG"}},{"arcs":[[-589,-621,631,632,-603]],"type":"Polygon","properties":{"cd_rgi":"310068","nm_rgi":"Pará de Minas","cd_uf":"31","uf_sigla":"MG"}},{"arcs":[[-616,-624,633,634,635,-625]],"type":"Polygon","properties":{"cd_rgi":"310039","nm_rgi":"São João del Rei","cd_uf":"31","uf_sigla":"MG"}},{"arcs":[[-612,-626,-636,636,637,638,639,640,641,642]],"type":"Polygon","properties":{"cd_rgi":"310027","nm_rgi":"Juiz de Fora","cd_uf":"31","uf_sigla":"MG"}},{"arcs":[[-620,643,644,645,646,-632]],"type":"Polygon","properties":{"cd_rgi":"310002","nm_rgi":"Sete Lagoas","cd_uf":"31","uf_sigla":"MG"}},{"arcs":[[-604,-633,-647,647,648,649,-622]],"type":"Polygon","properties":{"cd_rgi":"310001","nm_rgi":"Belo Horizonte","cd_uf":"31","uf_sigla":"MG"}},{"arcs":[[-123,650,651,-627,-606]],"type":"Polygon","properties":{"cd_rgi":"310007","nm_rgi":"Janaúba","cd_uf":"31","uf_sigla":"MG"}},{"arcs":[[-623,-650,652,653,654,655,656,-634]],"type":"Polygon","properties":{"cd_rgi":"310038","nm_rgi":"Conselheiro Lafaiete","cd_uf":"31","uf_sigla":"MG"}},{"arcs":[[-635,-657,657,-637]],"type":"Polygon","properties":{"cd_rgi":"310037","nm_rgi":"Barbacena","cd_uf":"31","uf_sigla":"MG"}},{"arcs":[[-619,-631,658,659,-644]],"type":"Polygon","properties":{"cd_rgi":"310016","nm_rgi":"Diamantina","cd_uf":"31","uf_sigla":"MG"}},{"arcs":[[-649,660,661,662,-653]],"type":"Polygon","properties":{"cd_rgi":"310003","nm_rgi":"Santa Bárbara - Ouro Preto","cd_uf":"31","uf_sigla":"MG"}},{"arcs":[[-646,663,664,665,-661,-648]],"type":"Polygon","properties":{"cd_rgi":"310005","nm_rgi":"Itabira","cd_uf":"31","uf_sigla":"MG"}},{"arcs":[[-122,-159,666,-651]],"type":"Polygon","properties":{"cd_rgi":"310012","nm_rgi":"Espinosa","cd_uf":"31","uf_sigla":"MG"}},{"arcs":[[-638,-658,-656,667,668,669,670]],"type":"Polygon","properties":{"cd_rgi":"310029","nm_rgi":"Ubá","cd_uf":"31","uf_sigla":"MG"}},{"arcs":[[-662,-666,671,672]],"type":"Polygon","properties":{"cd_rgi":"310026","nm_rgi":"João Monlevade","cd_uf":"31","uf_sigla":"MG"}},{"arcs":[[-654,-663,-673,673,674,675,676,677]],"type":"Polygon","properties":{"cd_rgi":"310030","nm_rgi":"Ponte Nova","cd_uf":"31","uf_sigla":"MG"}},{"arcs":[[-645,-660,678,679,680,-664]],"type":"Polygon","properties":{"cd_rgi":"310021","nm_rgi":"Guanhães","cd_uf":"31","uf_sigla":"MG"}},{"arcs":[[-655,-678,681,682,-668]],"type":"Polygon","properties":{"cd_rgi":"310033","nm_rgi":"Viçosa","cd_uf":"31","uf_sigla":"MG"}},{"arcs":[[-639,-671,683,684]],"type":"Polygon","properties":{"cd_rgi":"310035","nm_rgi":"São João Nepomuceno - Bicas","cd_uf":"31","uf_sigla":"MG"}},{"arcs":[[-630,685,686,687,-679,-659]],"type":"Polygon","properties":{"cd_rgi":"310014","nm_rgi":"Capelinha","cd_uf":"31","uf_sigla":"MG"}},{"arcs":[[-665,-681,688,689,-674,-672]],"type":"Polygon","properties":{"cd_rgi":"310024","nm_rgi":"Ipatinga","cd_uf":"31","uf_sigla":"MG"}},{"arcs":[[-670,690,691,692,-684]],"type":"Polygon","properties":{"cd_rgi":"310032","nm_rgi":"Cataguases","cd_uf":"31","uf_sigla":"MG"}},{"arcs":[[-640,-685,-693,693,694,695]],"type":"Polygon","properties":{"cd_rgi":"310036","nm_rgi":"Além Paraíba","cd_uf":"31","uf_sigla":"MG"}},{"arcs":[[-158,696,697,-628,-652,-667]],"type":"Polygon","properties":{"cd_rgi":"310008","nm_rgi":"Salinas","cd_uf":"31","uf_sigla":"MG"}},{"arcs":[[-629,-698,698,699,-686]],"type":"Polygon","properties":{"cd_rgi":"310017","nm_rgi":"Araçuaí","cd_uf":"31","uf_sigla":"MG"}},{"arcs":[[-669,-683,700,701,702,-691]],"type":"Polygon","properties":{"cd_rgi":"310031","nm_rgi":"Muriaé","cd_uf":"31","uf_sigla":"MG"}},{"arcs":[[-315,703,704,705,-689,-680,-688,706,707]],"type":"Polygon","properties":{"cd_rgi":"310020","nm_rgi":"Governador Valadares","cd_uf":"31","uf_sigla":"MG"}},{"arcs":[[-299,708,-676,709,-705,710,-309]],"type":"Polygon","properties":{"cd_rgi":"310028","nm_rgi":"Manhuaçu","cd_uf":"31","uf_sigla":"MG"}},{"arcs":[[-675,-690,-706,-710]],"type":"Polygon","properties":{"cd_rgi":"310025","nm_rgi":"Caratinga","cd_uf":"31","uf_sigla":"MG"}},{"arcs":[[-303,711,-701,-682,-677,-709]],"type":"Polygon","properties":{"cd_rgi":"310034","nm_rgi":"Carangola","cd_uf":"31","uf_sigla":"MG"}},{"arcs":[[-184,-328,-321,712,-707,-687,-700,713,714,715]],"type":"Polygon","properties":{"cd_rgi":"310013","nm_rgi":"Teófilo Otoni","cd_uf":"31","uf_sigla":"MG"}},{"arcs":[[-157,716,-714,-699,-697]],"type":"Polygon","properties":{"cd_rgi":"310018","nm_rgi":"Pedra Azul","cd_uf":"31","uf_sigla":"MG"}},{"arcs":[[-316,-708,-713,-320]],"type":"Polygon","properties":{"cd_rgi":"310022","nm_rgi":"Mantena","cd_uf":"31","uf_sigla":"MG"}},{"arcs":[[-310,-711,-704,-314]],"type":"Polygon","properties":{"cd_rgi":"310023","nm_rgi":"Aimorés - Resplendor","cd_uf":"31","uf_sigla":"MG"}},{"arcs":[[-156,-179,-188,-180,717,-715,-717]],"type":"Polygon","properties":{"cd_rgi":"310015","nm_rgi":"Almenara","cd_uf":"31","uf_sigla":"MG"}},{"arcs":[[-185,-716,-718]],"type":"Polygon","properties":{"cd_rgi":"310019","nm_rgi":"Águas Formosas","cd_uf":"31","uf_sigla":"MG"}},{"arcs":[[718,719,720,721,722,723,724]],"type":"Polygon","properties":{"cd_rgi":"500010","nm_rgi":"Corumbá","cd_uf":"50","uf_sigla":"MS"}},{"arcs":[[-723,725,726,727,728]],"type":"Polygon","properties":{"cd_rgi":"500011","nm_rgi":"Jardim","cd_uf":"50","uf_sigla":"MS"}},{"arcs":[[-722,729,730,731,-726]],"type":"Polygon","properties":{"cd_rgi":"500012","nm_rgi":"Aquidauana - Anastácio","cd_uf":"50","uf_sigla":"MS"}},{"arcs":[[-728,732,733,734]],"type":"Polygon","properties":{"cd_rgi":"500008","nm_rgi":"Ponta Porã","cd_uf":"50","uf_sigla":"MS"}},{"arcs":[[-727,-732,735,736,737,738,-733]],"type":"Polygon","properties":{"cd_rgi":"500005","nm_rgi":"Dourados","cd_uf":"50","uf_sigla":"MS"}},{"arcs":[[-731,739,740,741,-736]],"type":"Polygon","properties":{"cd_rgi":"500001","nm_rgi":"Campo Grande","cd_uf":"50","uf_sigla":"MS"}},{"arcs":[[-734,-739,742,743]],"type":"Polygon","properties":{"cd_rgi":"500009","nm_rgi":"Amambai","cd_uf":"50","uf_sigla":"MS"}},{"arcs":[[-335,744,745,-740,-730,-721,746]],"type":"Polygon","properties":{"cd_rgi":"500004","nm_rgi":"Coxim","cd_uf":"50","uf_sigla":"MS"}},{"arcs":[[-738,747,748,749,750,751,-743]],"type":"Polygon","properties":{"cd_rgi":"500006","nm_rgi":"Naviraí - Mundo Novo","cd_uf":"50","uf_sigla":"MS"}},{"arcs":[[-737,-742,752,753,754,755,756,-748]],"type":"Polygon","properties":{"cd_rgi":"500007","nm_rgi":"Nova Andradina","cd_uf":"50","uf_sigla":"MS"}},{"arcs":[[-741,-746,757,758,759,760,-753]],"type":"Polygon","properties":{"cd_rgi":"500002","nm_rgi":"Três Lagoas","cd_uf":"50","uf_sigla":"MS"}},{"arcs":[[-334,-347,-514,761,762,-758,-745]],"type":"Polygon","properties":{"cd_rgi":"500003","nm_rgi":"Paranaíba - Chapadão do Sul - Cassilândia","cd_uf":"50","uf_sigla":"MS"}},{"arcs":[[-83,763,764,765,766,767,768,769,770]],"type":"Polygon","properties":{"cd_rgi":"510009","nm_rgi":"Juína","cd_uf":"51","uf_sigla":"MT"}},{"arcs":[[-767,771,772,773,774]],"type":"Polygon","properties":{"cd_rgi":"510005","nm_rgi":"Pontes e Lacerda - Comodoro","cd_uf":"51","uf_sigla":"MT"}},{"arcs":[[-773,775,776,777]],"type":"Polygon","properties":{"cd_rgi":"510006","nm_rgi":"Mirassol D'oeste","cd_uf":"51","uf_sigla":"MT"}},{"arcs":[[-766,778,779,780,781,-776,-772]],"type":"Polygon","properties":{"cd_rgi":"510002","nm_rgi":"Tangará da Serra","cd_uf":"51","uf_sigla":"MT"}},{"arcs":[[-725,782,-777,-782,783]],"type":"Polygon","properties":{"cd_rgi":"510004","nm_rgi":"Cáceres","cd_uf":"51","uf_sigla":"MT"}},{"arcs":[[-82,784,785,786,787,-764]],"type":"Polygon","properties":{"cd_rgi":"510010","nm_rgi":"Alta Floresta","cd_uf":"51","uf_sigla":"MT"}},{"arcs":[[-765,-788,788,789,790,-779]],"type":"Polygon","properties":{"cd_rgi":"510012","nm_rgi":"Juara","cd_uf":"51","uf_sigla":"MT"}},{"arcs":[[-780,-791,791,792]],"type":"Polygon","properties":{"cd_rgi":"510003","nm_rgi":"Diamantino","cd_uf":"51","uf_sigla":"MT"}},{"arcs":[[-719,-784,-781,-793,793,794,795,796]],"type":"Polygon","properties":{"cd_rgi":"510001","nm_rgi":"Cuiabá","cd_uf":"51","uf_sigla":"MT"}},{"arcs":[[-790,797,798,-794,-792]],"type":"Polygon","properties":{"cd_rgi":"510008","nm_rgi":"Sorriso","cd_uf":"51","uf_sigla":"MT"}},{"arcs":[[-787,799,800,801,802,-798,-789]],"type":"Polygon","properties":{"cd_rgi":"510007","nm_rgi":"Sinop","cd_uf":"51","uf_sigla":"MT"}},{"arcs":[[-786,803,804,805,806,-800]],"type":"Polygon","properties":{"cd_rgi":"510011","nm_rgi":"Peixoto de Azevedo - Guarantã do Norte","cd_uf":"51","uf_sigla":"MT"}},{"arcs":[[-336,-747,-720,-797,807,808,809]],"type":"Polygon","properties":{"cd_rgi":"510016","nm_rgi":"Rondonópolis","cd_uf":"51","uf_sigla":"MT"}},{"arcs":[[-796,810,-808]],"type":"Polygon","properties":{"cd_rgi":"510018","nm_rgi":"Jaciara","cd_uf":"51","uf_sigla":"MT"}},{"arcs":[[-795,-799,-803,811,812,-809,-811]],"type":"Polygon","properties":{"cd_rgi":"510017","nm_rgi":"Primavera do Leste","cd_uf":"51","uf_sigla":"MT"}},{"arcs":[[-330,-810,-813,813,-348,-337]],"type":"Polygon","properties":{"cd_rgi":"510013","nm_rgi":"Barra do Garças","cd_uf":"51","uf_sigla":"MT"}},{"arcs":[[-349,-814,-812,-802,814,815,-361]],"type":"Polygon","properties":{"cd_rgi":"510015","nm_rgi":"Água Boa","cd_uf":"51","uf_sigla":"MT"}},{"arcs":[[-801,-807,816,817,818,819,-815]],"type":"Polygon","properties":{"cd_rgi":"510014","nm_rgi":"Confresa - Vila Rica","cd_uf":"51","uf_sigla":"MT"}},{"arcs":[[-92,820,821,822,823,824]],"type":"Polygon","properties":{"cd_rgi":"150017","nm_rgi":"Oriximiná","cd_uf":"15","uf_sigla":"PA"}},{"arcs":[[-81,-93,-825,825,826,-804,-785]],"type":"Polygon","properties":{"cd_rgi":"150016","nm_rgi":"Itaituba","cd_uf":"15","uf_sigla":"PA"}},{"arcs":[[-824,827,828,-826]],"type":"Polygon","properties":{"cd_rgi":"150015","nm_rgi":"Santarém","cd_uf":"15","uf_sigla":"PA"}},{"arcs":[[-99,829,830,-828,-823,831]],"type":"Polygon","properties":{"cd_rgi":"150019","nm_rgi":"Almeirim - Porto de Moz","cd_uf":"15","uf_sigla":"PA"}},{"arcs":[[-805,-827,-829,-831,832,833,834]],"type":"Polygon","properties":{"cd_rgi":"150018","nm_rgi":"Altamira","cd_uf":"15","uf_sigla":"PA"}},{"arcs":[[-806,-835,835,836,837,838,839,-817]],"type":"Polygon","properties":{"cd_rgi":"150013","nm_rgi":"Tucumã - São Félix do Xingu","cd_uf":"15","uf_sigla":"PA"}},{"arcs":[[-98,-105,840,841,842,843,-833,-830]],"type":"Polygon","properties":{"cd_rgi":"150020","nm_rgi":"Breves","cd_uf":"15","uf_sigla":"PA"}},{"arcs":[[-818,-840,844,845,846,847,848]],"type":"Polygon","properties":{"cd_rgi":"150012","nm_rgi":"Redenção","cd_uf":"15","uf_sigla":"PA"}},{"arcs":[[-414,849,850,851,852,-837,853,854,-415]],"type":"Polygon","properties":{"cd_rgi":"150009","nm_rgi":"Marabá","cd_uf":"15","uf_sigla":"PA"}},{"arcs":[[-834,-844,855,856,857,-854,-836]],"type":"Polygon","properties":{"cd_rgi":"150011","nm_rgi":"Tucuruí","cd_uf":"15","uf_sigla":"PA"}},{"arcs":[[-838,-853,858]],"type":"Polygon","properties":{"cd_rgi":"150010","nm_rgi":"Parauapebas","cd_uf":"15","uf_sigla":"PA"}},{"arcs":[[-839,-859,-852,859,-845]],"type":"Polygon","properties":{"cd_rgi":"150014","nm_rgi":"Xinguara","cd_uf":"15","uf_sigla":"PA"}},{"arcs":[[-843,860,861,-856]],"type":"Polygon","properties":{"cd_rgi":"150002","nm_rgi":"Cametá","cd_uf":"15","uf_sigla":"PA"}},{"arcs":[[-857,-862,862,863,864]],"type":"Polygon","properties":{"cd_rgi":"150003","nm_rgi":"Abaetetuba","cd_uf":"15","uf_sigla":"PA"}},{"arcs":[[-842,865,866,-863,-861]],"type":"Polygon","properties":{"cd_rgi":"150021","nm_rgi":"Soure-Salvaterra","cd_uf":"15","uf_sigla":"PA"}},{"arcs":[[-416,-855,-858,-865,867,868,869,-432]],"type":"Polygon","properties":{"cd_rgi":"150007","nm_rgi":"Paragominas","cd_uf":"15","uf_sigla":"PA"}},{"arcs":[[-864,-867,870,871,-868]],"type":"Polygon","properties":{"cd_rgi":"150001","nm_rgi":"Belém","cd_uf":"15","uf_sigla":"PA"}},{"arcs":[[-869,-872,872,873,874]],"type":"Polygon","properties":{"cd_rgi":"150004","nm_rgi":"Castanhal","cd_uf":"15","uf_sigla":"PA"}},{"arcs":[[-433,-870,-875,875,876]],"type":"Polygon","properties":{"cd_rgi":"150008","nm_rgi":"Capitão Poço","cd_uf":"15","uf_sigla":"PA"}},{"arcs":[[-874,877,878,-876]],"type":"Polygon","properties":{"cd_rgi":"150006","nm_rgi":"Capanema","cd_uf":"15","uf_sigla":"PA"}},{"arcs":[[[-434,-877,-879,879]],[[880]],[[881]]],"type":"MultiPolygon","properties":{"cd_rgi":"150005","nm_rgi":"Bragança","cd_uf":"15","uf_sigla":"PA"}},{"arcs":[[-258,-289,882,883,-282]],"type":"Polygon","properties":{"cd_rgi":"250015","nm_rgi":"Cajazeiras","cd_uf":"25","uf_sigla":"PB"}},{"arcs":[[-283,-884,884,885,886,887]],"type":"Polygon","properties":{"cd_rgi":"250010","nm_rgi":"Itaporanga","cd_uf":"25","uf_sigla":"PB"}},{"arcs":[[-288,888,889,890,891,-885,-883]],"type":"Polygon","properties":{"cd_rgi":"250014","nm_rgi":"Sousa","cd_uf":"25","uf_sigla":"PB"}},{"arcs":[[-887,892,893,894]],"type":"Polygon","properties":{"cd_rgi":"250013","nm_rgi":"Princesa Isabel","cd_uf":"25","uf_sigla":"PB"}},{"arcs":[[-886,-892,895,896,897,898,899,-893]],"type":"Polygon","properties":{"cd_rgi":"250009","nm_rgi":"Patos","cd_uf":"25","uf_sigla":"PB"}},{"arcs":[[-890,900,901,902,903]],"type":"Polygon","properties":{"cd_rgi":"250011","nm_rgi":"Catolé do Rocha - São Bento","cd_uf":"25","uf_sigla":"PB"}},{"arcs":[[-891,-904,904,-896]],"type":"Polygon","properties":{"cd_rgi":"250012","nm_rgi":"Pombal","cd_uf":"25","uf_sigla":"PB"}},{"arcs":[[905,906,907,908,909]],"type":"Polygon","properties":{"cd_rgi":"250007","nm_rgi":"Monteiro","cd_uf":"25","uf_sigla":"PB"}},{"arcs":[[-899,910,911,-907,912]],"type":"Polygon","properties":{"cd_rgi":"250008","nm_rgi":"Sumé","cd_uf":"25","uf_sigla":"PB"}},{"arcs":[[-898,913,914,915,916,917,918,919,920,-911]],"type":"Polygon","properties":{"cd_rgi":"250005","nm_rgi":"Campina Grande","cd_uf":"25","uf_sigla":"PB"}},{"arcs":[[-915,921,922,923,924]],"type":"Polygon","properties":{"cd_rgi":"250006","nm_rgi":"Cuité - Nova Floresta","cd_uf":"25","uf_sigla":"PB"}},{"arcs":[[-916,-925,925,926,927,928]],"type":"Polygon","properties":{"cd_rgi":"250002","nm_rgi":"Guarabira","cd_uf":"25","uf_sigla":"PB"}},{"arcs":[[-918,929,930,931]],"type":"Polygon","properties":{"cd_rgi":"250004","nm_rgi":"Itabaiana","cd_uf":"25","uf_sigla":"PB"}},{"arcs":[[[-917,-929,932,933,934,-930]],[[935]]],"type":"MultiPolygon","properties":{"cd_rgi":"250001","nm_rgi":"João Pessoa","cd_uf":"25","uf_sigla":"PB"}},{"arcs":[[-928,936,937,938,-933]],"type":"Polygon","properties":{"cd_rgi":"250003","nm_rgi":"Mamanguape - Rio Tinto","cd_uf":"25","uf_sigla":"PB"}},{"arcs":[[-137,939,940,941]],"type":"Polygon","properties":{"cd_rgi":"260015","nm_rgi":"Petrolina","cd_uf":"26","uf_sigla":"PE"}},{"arcs":[[-261,942,-941,943,944]],"type":"Polygon","properties":{"cd_rgi":"260016","nm_rgi":"Araripina","cd_uf":"26","uf_sigla":"PE"}},{"arcs":[[-138,-942,-943,-260,-285,945,-212]],"type":"Polygon","properties":{"cd_rgi":"260017","nm_rgi":"Salgueiro","cd_uf":"26","uf_sigla":"PE"}},{"arcs":[[-18,-213,-946,-284,-888,-895,946,947]],"type":"Polygon","properties":{"cd_rgi":"260013","nm_rgi":"Serra Talhada","cd_uf":"26","uf_sigla":"PE"}},{"arcs":[[-19,-948,948,-910,949,950,-24]],"type":"Polygon","properties":{"cd_rgi":"260011","nm_rgi":"Arcoverde","cd_uf":"26","uf_sigla":"PE"}},{"arcs":[[-894,-900,-913,-906,-949,-947]],"type":"Polygon","properties":{"cd_rgi":"260014","nm_rgi":"Afogados da Ingazeira","cd_uf":"26","uf_sigla":"PE"}},{"arcs":[[-25,-951,951,952,953,-48,-42,-31]],"type":"Polygon","properties":{"cd_rgi":"260010","nm_rgi":"Garanhuns","cd_uf":"26","uf_sigla":"PE"}},{"arcs":[[-909,954,-952,-950]],"type":"Polygon","properties":{"cd_rgi":"260012","nm_rgi":"Belo Jardim – Pesqueira","cd_uf":"26","uf_sigla":"PE"}},{"arcs":[[-908,-912,-921,955,956,957,958,959,-953,-955]],"type":"Polygon","properties":{"cd_rgi":"260009","nm_rgi":"Caruaru","cd_uf":"26","uf_sigla":"PE"}},{"arcs":[[-920,960,-956]],"type":"Polygon","properties":{"cd_rgi":"260008","nm_rgi":"Surubim","cd_uf":"26","uf_sigla":"PE"}},{"arcs":[[-49,-954,-960,961,962,-54]],"type":"Polygon","properties":{"cd_rgi":"260003","nm_rgi":"Palmares","cd_uf":"26","uf_sigla":"PE"}},{"arcs":[[-919,-932,963,964,965,-957,-961]],"type":"Polygon","properties":{"cd_rgi":"260004","nm_rgi":"Limoeiro","cd_uf":"26","uf_sigla":"PE"}},{"arcs":[[-959,966,967,968,-962]],"type":"Polygon","properties":{"cd_rgi":"260018","nm_rgi":"Escada - Ribeirão","cd_uf":"26","uf_sigla":"PE"}},{"arcs":[[-931,-935,969,970,971,-964]],"type":"Polygon","properties":{"cd_rgi":"260002","nm_rgi":"Goiana – Timbaúba","cd_uf":"26","uf_sigla":"PE"}},{"arcs":[[-958,-966,972,973,-967]],"type":"Polygon","properties":{"cd_rgi":"260005","nm_rgi":"Vitória de Santo Antão","cd_uf":"26","uf_sigla":"PE"}},{"arcs":[[-965,-972,974,-973]],"type":"Polygon","properties":{"cd_rgi":"260006","nm_rgi":"Carpina","cd_uf":"26","uf_sigla":"PE"}},{"arcs":[[-55,-963,-969,975,976]],"type":"Polygon","properties":{"cd_rgi":"260007","nm_rgi":"Barreiros - Sirinhaém","cd_uf":"26","uf_sigla":"PE"}},{"arcs":[[[-968,-974,-975,-971,977,-976]],[[978]]],"type":"MultiPolygon","properties":{"cd_rgi":"260001","nm_rgi":"Recife","cd_uf":"26","uf_sigla":"PE"}},{"arcs":[[-107,979,-423,980,981,-132,-125]],"type":"Polygon","properties":{"cd_rgi":"220015","nm_rgi":"Corrente","cd_uf":"22","uf_sigla":"PI"}},{"arcs":[[-422,-480,982,983,984,-981]],"type":"Polygon","properties":{"cd_rgi":"220018","nm_rgi":"Uruçuí","cd_uf":"22","uf_sigla":"PI"}},{"arcs":[[-133,-982,-985,985,986]],"type":"Polygon","properties":{"cd_rgi":"220016","nm_rgi":"Bom Jesus","cd_uf":"22","uf_sigla":"PI"}},{"arcs":[[-479,987,988,989,990,991,-983]],"type":"Polygon","properties":{"cd_rgi":"220017","nm_rgi":"Floriano","cd_uf":"22","uf_sigla":"PI"}},{"arcs":[[-134,-987,992,993]],"type":"Polygon","properties":{"cd_rgi":"220013","nm_rgi":"São Raimundo Nonato","cd_uf":"22","uf_sigla":"PI"}},{"arcs":[[-984,-992,994,-993,-986]],"type":"Polygon","properties":{"cd_rgi":"220019","nm_rgi":"Canto do Buriti","cd_uf":"22","uf_sigla":"PI"}},{"arcs":[[-478,-494,995,996,997,998,-988]],"type":"Polygon","properties":{"cd_rgi":"220002","nm_rgi":"Amarante - Água Branca - Regeneração","cd_uf":"22","uf_sigla":"PI"}},{"arcs":[[-493,-496,-501,999,1000,-996]],"type":"Polygon","properties":{"cd_rgi":"220001","nm_rgi":"Teresina","cd_uf":"22","uf_sigla":"PI"}},{"arcs":[[-500,1001,1002,1003,-1000]],"type":"Polygon","properties":{"cd_rgi":"220005","nm_rgi":"Barras","cd_uf":"22","uf_sigla":"PI"}},{"arcs":[[-135,-994,-995,-991,1004,1005]],"type":"Polygon","properties":{"cd_rgi":"220014","nm_rgi":"São João do Piauí","cd_uf":"22","uf_sigla":"PI"}},{"arcs":[[-499,-506,1006,1007,-1002]],"type":"Polygon","properties":{"cd_rgi":"220008","nm_rgi":"Esperantina","cd_uf":"22","uf_sigla":"PI"}},{"arcs":[[-989,-999,1008,1009,1010]],"type":"Polygon","properties":{"cd_rgi":"220011","nm_rgi":"Oeiras","cd_uf":"22","uf_sigla":"PI"}},{"arcs":[[-990,-1011,1011,1012,-1005]],"type":"Polygon","properties":{"cd_rgi":"220012","nm_rgi":"Simplício Mendes","cd_uf":"22","uf_sigla":"PI"}},{"arcs":[[-245,1013,-997,-1001,-1004,1014]],"type":"Polygon","properties":{"cd_rgi":"220003","nm_rgi":"Campo Maior","cd_uf":"22","uf_sigla":"PI"}},{"arcs":[[-244,-255,1015,-1009,-998,-1014]],"type":"Polygon","properties":{"cd_rgi":"220004","nm_rgi":"Valença do Piauí","cd_uf":"22","uf_sigla":"PI"}},{"arcs":[[-235,-239,1016,-1007,-505,1017]],"type":"Polygon","properties":{"cd_rgi":"220006","nm_rgi":"Parnaíba","cd_uf":"22","uf_sigla":"PI"}},{"arcs":[[-238,-246,-1015,-1003,-1008,-1017]],"type":"Polygon","properties":{"cd_rgi":"220007","nm_rgi":"Piripiri","cd_uf":"22","uf_sigla":"PI"}},{"arcs":[[-254,-262,-945,1018,-1012,-1010,-1016]],"type":"Polygon","properties":{"cd_rgi":"220009","nm_rgi":"Picos","cd_uf":"22","uf_sigla":"PI"}},{"arcs":[[-136,-1006,-1013,-1019,-944,-940]],"type":"Polygon","properties":{"cd_rgi":"220010","nm_rgi":"Paulistana","cd_uf":"22","uf_sigla":"PI"}},{"arcs":[[1019,1020,1021,1022]],"type":"Polygon","properties":{"cd_rgi":"410007","nm_rgi":"Foz do Iguaçu","cd_uf":"41","uf_sigla":"PR"}},{"arcs":[[-751,1023,1024,1025,-1020,1026,1027,1028]],"type":"Polygon","properties":{"cd_rgi":"410008","nm_rgi":"Toledo","cd_uf":"41","uf_sigla":"PR"}},{"arcs":[[-1028,1029]],"type":"Polygon","properties":{"cd_rgi":"410013","nm_rgi":"Marechal Cândido Rondon","cd_uf":"41","uf_sigla":"PR"}},{"arcs":[[-1021,-1026,1030,1031,1032,1033,1034]],"type":"Polygon","properties":{"cd_rgi":"410006","nm_rgi":"Cascavel","cd_uf":"41","uf_sigla":"PR"}},{"arcs":[[-750,1035,1036,1037,1038,-1024]],"type":"Polygon","properties":{"cd_rgi":"410016","nm_rgi":"Umuarama","cd_uf":"41","uf_sigla":"PR"}},{"arcs":[[-1022,-1035,1039,1040,1041,1042,1043]],"type":"Polygon","properties":{"cd_rgi":"410009","nm_rgi":"Francisco Beltrão","cd_uf":"41","uf_sigla":"PR"}},{"arcs":[[-749,-757,1044,-1036]],"type":"Polygon","properties":{"cd_rgi":"410020","nm_rgi":"Loanda","cd_uf":"41","uf_sigla":"PR"}},{"arcs":[[-1034,1045,1046,-1040]],"type":"Polygon","properties":{"cd_rgi":"410012","nm_rgi":"Dois Vizinhos","cd_uf":"41","uf_sigla":"PR"}},{"arcs":[[-1025,-1039,1047,1048,1049,1050,1051,-1031]],"type":"Polygon","properties":{"cd_rgi":"410015","nm_rgi":"Campo Mourão","cd_uf":"41","uf_sigla":"PR"}},{"arcs":[[-1033,1052,1053,1054,-1046]],"type":"Polygon","properties":{"cd_rgi":"410011","nm_rgi":"Laranjeiras do Sul - Quedas do Iguaçu","cd_uf":"41","uf_sigla":"PR"}},{"arcs":[[-756,1055,1056,1057,1058,-1037,-1045]],"type":"Polygon","properties":{"cd_rgi":"410017","nm_rgi":"Paranavaí","cd_uf":"41","uf_sigla":"PR"}},{"arcs":[[-1038,-1059,1059,-1048]],"type":"Polygon","properties":{"cd_rgi":"410018","nm_rgi":"Cianorte","cd_uf":"41","uf_sigla":"PR"}},{"arcs":[[-1041,-1047,-1055,1060,1061,1062,1063,1064]],"type":"Polygon","properties":{"cd_rgi":"410010","nm_rgi":"Pato Branco","cd_uf":"41","uf_sigla":"PR"}},{"arcs":[[-1032,-1052,1065,1066,-1053]],"type":"Polygon","properties":{"cd_rgi":"410005","nm_rgi":"Pitanga","cd_uf":"41","uf_sigla":"PR"}},{"arcs":[[-1049,-1060,-1058,1067,1068,1069]],"type":"Polygon","properties":{"cd_rgi":"410014","nm_rgi":"Maringá","cd_uf":"41","uf_sigla":"PR"}},{"arcs":[[-1054,-1067,1070,1071,1072,1073,-1061]],"type":"Polygon","properties":{"cd_rgi":"410004","nm_rgi":"Guarapuava","cd_uf":"41","uf_sigla":"PR"}},{"arcs":[[-1057,1074,1075,-1068]],"type":"Polygon","properties":{"cd_rgi":"410019","nm_rgi":"Paranacity - Colorado","cd_uf":"41","uf_sigla":"PR"}},{"arcs":[[-1050,-1070,1076,1077,1078]],"type":"Polygon","properties":{"cd_rgi":"410023","nm_rgi":"Apucarana","cd_uf":"41","uf_sigla":"PR"}},{"arcs":[[-1051,-1079,1079,1080,-1071,-1066]],"type":"Polygon","properties":{"cd_rgi":"410025","nm_rgi":"Ivaiporã","cd_uf":"41","uf_sigla":"PR"}},{"arcs":[[-1069,-1076,1081,1082,1083,-1077]],"type":"Polygon","properties":{"cd_rgi":"410021","nm_rgi":"Londrina","cd_uf":"41","uf_sigla":"PR"}},{"arcs":[[-1062,-1074,1084,1085,1086,1087,1088,1089]],"type":"Polygon","properties":{"cd_rgi":"410003","nm_rgi":"União da Vitória","cd_uf":"41","uf_sigla":"PR"}},{"arcs":[[-1078,-1084,1090,1091,1092,-1080]],"type":"Polygon","properties":{"cd_rgi":"410028","nm_rgi":"Telêmaco Borba","cd_uf":"41","uf_sigla":"PR"}},{"arcs":[[-1073,1093,-1085]],"type":"Polygon","properties":{"cd_rgi":"410029","nm_rgi":"Irati","cd_uf":"41","uf_sigla":"PR"}},{"arcs":[[-1072,-1081,-1093,1094,1095,1096,1097,-1086,-1094]],"type":"Polygon","properties":{"cd_rgi":"410027","nm_rgi":"Ponta Grossa","cd_uf":"41","uf_sigla":"PR"}},{"arcs":[[-1083,1098,1099,1100,1101,-1091]],"type":"Polygon","properties":{"cd_rgi":"410024","nm_rgi":"Cornélio Procópio – Bandeirantes","cd_uf":"41","uf_sigla":"PR"}},{"arcs":[[-1092,-1102,1102,-1095]],"type":"Polygon","properties":{"cd_rgi":"410026","nm_rgi":"Ibaiti","cd_uf":"41","uf_sigla":"PR"}},{"arcs":[[-1096,-1103,-1101,1103,1104,1105,1106]],"type":"Polygon","properties":{"cd_rgi":"410022","nm_rgi":"Santo Antônio da Platina","cd_uf":"41","uf_sigla":"PR"}},{"arcs":[[-1087,-1098,1107,1108,1109,1110,1111]],"type":"Polygon","properties":{"cd_rgi":"410001","nm_rgi":"Curitiba","cd_uf":"41","uf_sigla":"PR"}},{"arcs":[[-1110,1112,1113,1114,1115]],"type":"Polygon","properties":{"cd_rgi":"410002","nm_rgi":"Paranaguá","cd_uf":"41","uf_sigla":"PR"}},{"arcs":[[[1116,1117,1118,1119,1120,1121]],[[1122]]],"type":"MultiPolygon","properties":{"cd_rgi":"330002","nm_rgi":"Angra dos Reis","cd_uf":"33","uf_sigla":"RJ"}},{"arcs":[[-613,-643,1123,1124,1125]],"type":"Polygon","properties":{"cd_rgi":"330005","nm_rgi":"Resende","cd_uf":"33","uf_sigla":"RJ"}},{"arcs":[[-1120,1126,-1125,1127,1128]],"type":"Polygon","properties":{"cd_rgi":"330004","nm_rgi":"Volta Redonda - Barra Mansa","cd_uf":"33","uf_sigla":"RJ"}},{"arcs":[[[-1121,-1129,1129,1130,1131,1132,1133]],[[1134]],[[1135]]],"type":"MultiPolygon","properties":{"cd_rgi":"330001","nm_rgi":"Rio de Janeiro","cd_uf":"33","uf_sigla":"RJ"}},{"arcs":[[-642,1136,1137,-1130,-1128,-1124]],"type":"Polygon","properties":{"cd_rgi":"330006","nm_rgi":"Valença","cd_uf":"33","uf_sigla":"RJ"}},{"arcs":[[-641,-696,1138,1139,-1137]],"type":"Polygon","properties":{"cd_rgi":"330009","nm_rgi":"Três Rios - Paraíba do Sul","cd_uf":"33","uf_sigla":"RJ"}},{"arcs":[[-1131,-1138,-1140,1140,1141]],"type":"Polygon","properties":{"cd_rgi":"330007","nm_rgi":"Petrópolis","cd_uf":"33","uf_sigla":"RJ"}},{"arcs":[[-1132,-1142,1142,1143,1144]],"type":"Polygon","properties":{"cd_rgi":"330003","nm_rgi":"Rio Bonito","cd_uf":"33","uf_sigla":"RJ"}},{"arcs":[[-695,1145,1146,1147,-1143,-1141,-1139]],"type":"Polygon","properties":{"cd_rgi":"330008","nm_rgi":"Nova Friburgo","cd_uf":"33","uf_sigla":"RJ"}},{"arcs":[[-1133,-1145,1148,1149]],"type":"Polygon","properties":{"cd_rgi":"330013","nm_rgi":"Cabo Frio","cd_uf":"33","uf_sigla":"RJ"}},{"arcs":[[-692,-703,1150,1151,-1146,-694]],"type":"Polygon","properties":{"cd_rgi":"330012","nm_rgi":"Santo Antônio de Pádua","cd_uf":"33","uf_sigla":"RJ"}},{"arcs":[[-1144,-1148,1152,1153,-1149]],"type":"Polygon","properties":{"cd_rgi":"330014","nm_rgi":"Macaé - Rio das Ostras","cd_uf":"33","uf_sigla":"RJ"}},{"arcs":[[-302,-308,1154,-1151,-702,-712]],"type":"Polygon","properties":{"cd_rgi":"330011","nm_rgi":"Itaperuna","cd_uf":"33","uf_sigla":"RJ"}},{"arcs":[[-307,1155,-1153,-1147,-1152,-1155]],"type":"Polygon","properties":{"cd_rgi":"330010","nm_rgi":"Campos dos Goytacazes","cd_uf":"33","uf_sigla":"RJ"}},{"arcs":[[-287,-293,1156,-901,-889]],"type":"Polygon","properties":{"cd_rgi":"240010","nm_rgi":"Pau dos Ferros","cd_uf":"24","uf_sigla":"RN"}},{"arcs":[[-295,1157,1158,1159,-902,-1157,-292]],"type":"Polygon","properties":{"cd_rgi":"240009","nm_rgi":"Mossoró","cd_uf":"24","uf_sigla":"RN"}},{"arcs":[[-897,-905,-903,-1160,1160,1161,-922,-914]],"type":"Polygon","properties":{"cd_rgi":"240007","nm_rgi":"Caicó","cd_uf":"24","uf_sigla":"RN"}},{"arcs":[[-1159,1162,1163,1164,1165,-1161]],"type":"Polygon","properties":{"cd_rgi":"240011","nm_rgi":"Açu","cd_uf":"24","uf_sigla":"RN"}},{"arcs":[[-923,-1162,-1166,1166,1167]],"type":"Polygon","properties":{"cd_rgi":"240008","nm_rgi":"Currais Novos","cd_uf":"24","uf_sigla":"RN"}},{"arcs":[[-1164,1168,1169,1170]],"type":"Polygon","properties":{"cd_rgi":"240005","nm_rgi":"João Câmara","cd_uf":"24","uf_sigla":"RN"}},{"arcs":[[-924,-1168,1171,1172,-926]],"type":"Polygon","properties":{"cd_rgi":"240004","nm_rgi":"Santa Cruz","cd_uf":"24","uf_sigla":"RN"}},{"arcs":[[-1165,-1171,1173,1174,-1172,-1167]],"type":"Polygon","properties":{"cd_rgi":"240006","nm_rgi":"São Paulo do Potengi","cd_uf":"24","uf_sigla":"RN"}},{"arcs":[[-1170,1175,1176,1177,-1174]],"type":"Polygon","properties":{"cd_rgi":"240001","nm_rgi":"Natal","cd_uf":"24","uf_sigla":"RN"}},{"arcs":[[-927,-1173,-1175,-1178,1178,-937]],"type":"Polygon","properties":{"cd_rgi":"240002","nm_rgi":"Santo Antônio - Passa e Fica - Nova Cruz","cd_uf":"24","uf_sigla":"RN"}},{"arcs":[[-938,-1179,-1177,1179]],"type":"Polygon","properties":{"cd_rgi":"240003","nm_rgi":"Canguaretama","cd_uf":"24","uf_sigla":"RN"}},{"arcs":[[-16,-73,-85,1180,1181,1182,1183,1184]],"type":"Polygon","properties":{"cd_rgi":"110001","nm_rgi":"Porto Velho","cd_uf":"11","uf_sigla":"RO"}},{"arcs":[[-770,1185,1186,-1184,1187]],"type":"Polygon","properties":{"cd_rgi":"110004","nm_rgi":"Ji-Paraná","cd_uf":"11","uf_sigla":"RO"}},{"arcs":[[-1182,1188]],"type":"Polygon","properties":{"cd_rgi":"110002","nm_rgi":"Ariquemes","cd_uf":"11","uf_sigla":"RO"}},{"arcs":[[-84,-771,-1188,-1183,-1189,-1181]],"type":"Polygon","properties":{"cd_rgi":"110003","nm_rgi":"Jaru","cd_uf":"11","uf_sigla":"RO"}},{"arcs":[[-769,1189,1190,-1186]],"type":"Polygon","properties":{"cd_rgi":"110005","nm_rgi":"Cacoal","cd_uf":"11","uf_sigla":"RO"}},{"arcs":[[-768,-775,1191,-1190]],"type":"Polygon","properties":{"cd_rgi":"110006","nm_rgi":"Vilhena","cd_uf":"11","uf_sigla":"RO"}},{"arcs":[[1192,1193]],"type":"Polygon","properties":{"cd_rgi":"140002","nm_rgi":"Pacaraima","cd_uf":"14","uf_sigla":"RR"}},{"arcs":[[-1194,1194,1195,1196]],"type":"Polygon","properties":{"cd_rgi":"140001","nm_rgi":"Boa Vista","cd_uf":"14","uf_sigla":"RR"}},{"arcs":[[-67,1197,-1196,1198,1199]],"type":"Polygon","properties":{"cd_rgi":"140004","nm_rgi":"Caracaraí","cd_uf":"14","uf_sigla":"RR"}},{"arcs":[[-68,-1200,1200,-821,-91,-89,-86,-77]],"type":"Polygon","properties":{"cd_rgi":"140003","nm_rgi":"Rorainópolis","cd_uf":"14","uf_sigla":"RR"}},{"arcs":[[1201,1202,1203,1204]],"type":"Polygon","properties":{"cd_rgi":"430015","nm_rgi":"Uruguaiana","cd_uf":"43","uf_sigla":"RS"}},{"arcs":[[-1202,1205,1206,1207,1208]],"type":"Polygon","properties":{"cd_rgi":"430017","nm_rgi":"São Borja","cd_uf":"43","uf_sigla":"RS"}},{"arcs":[[-1204,1209,1210,1211,1212]],"type":"Polygon","properties":{"cd_rgi":"430016","nm_rgi":"Santana do Livramento","cd_uf":"43","uf_sigla":"RS"}},{"arcs":[[-1207,1213,1214,1215,1216]],"type":"Polygon","properties":{"cd_rgi":"430022","nm_rgi":"São Luiz Gonzaga","cd_uf":"43","uf_sigla":"RS"}},{"arcs":[[-1208,-1217,1217,1218,1219]],"type":"Polygon","properties":{"cd_rgi":"430014","nm_rgi":"Santiago","cd_uf":"43","uf_sigla":"RS"}},{"arcs":[[-1203,-1209,-1220,1220,1221,1222,1223,-1210]],"type":"Polygon","properties":{"cd_rgi":"430011","nm_rgi":"Santa Maria","cd_uf":"43","uf_sigla":"RS"}},{"arcs":[[-1215,1224,1225,1226]],"type":"Polygon","properties":{"cd_rgi":"430024","nm_rgi":"Cerro Largo","cd_uf":"43","uf_sigla":"RS"}},{"arcs":[[-1212,1227,1228,1229]],"type":"Polygon","properties":{"cd_rgi":"430010","nm_rgi":"Bagé","cd_uf":"43","uf_sigla":"RS"}},{"arcs":[[-1226,1230,1231,1232]],"type":"Polygon","properties":{"cd_rgi":"430019","nm_rgi":"Santa Rosa","cd_uf":"43","uf_sigla":"RS"}},{"arcs":[[-1211,-1224,1233,1234,1235,-1228]],"type":"Polygon","properties":{"cd_rgi":"430012","nm_rgi":"São Gabriel - Caçapava do Sul","cd_uf":"43","uf_sigla":"RS"}},{"arcs":[[-1216,-1227,-1233,1236,1237,1238,-1218]],"type":"Polygon","properties":{"cd_rgi":"430020","nm_rgi":"Santo Ângelo","cd_uf":"43","uf_sigla":"RS"}},{"arcs":[[-1232,1239,1240,1241,-1237]],"type":"Polygon","properties":{"cd_rgi":"430023","nm_rgi":"Três de Maio","cd_uf":"43","uf_sigla":"RS"}},{"arcs":[[-1219,-1239,1242,1243,1244,1245,1246,-1221]],"type":"Polygon","properties":{"cd_rgi":"430027","nm_rgi":"Cruz Alta","cd_uf":"43","uf_sigla":"RS"}},{"arcs":[[-1238,-1242,1247,1248,-1243]],"type":"Polygon","properties":{"cd_rgi":"430018","nm_rgi":"Ijuí","cd_uf":"43","uf_sigla":"RS"}},{"arcs":[[-1241,1249,1250,1251,1252,-1248]],"type":"Polygon","properties":{"cd_rgi":"430021","nm_rgi":"Três Passos","cd_uf":"43","uf_sigla":"RS"}},{"arcs":[[[-1229,-1236,1253,1254,1255]],[[1256,1257]]],"type":"MultiPolygon","properties":{"cd_rgi":"430009","nm_rgi":"Pelotas","cd_uf":"43","uf_sigla":"RS"}},{"arcs":[[-1252,1258,1259,1260,1261,1262,1263]],"type":"Polygon","properties":{"cd_rgi":"430029","nm_rgi":"Frederico Westphalen","cd_uf":"43","uf_sigla":"RS"}},{"arcs":[[-1244,-1249,-1253,-1264,1264]],"type":"Polygon","properties":{"cd_rgi":"430034","nm_rgi":"Palmeira das Missões","cd_uf":"43","uf_sigla":"RS"}},{"arcs":[[-1223,1265,1266,-1234]],"type":"Polygon","properties":{"cd_rgi":"430013","nm_rgi":"Cachoeira do Sul","cd_uf":"43","uf_sigla":"RS"}},{"arcs":[[-1245,-1265,-1263,1267]],"type":"Polygon","properties":{"cd_rgi":"430028","nm_rgi":"Carazinho","cd_uf":"43","uf_sigla":"RS"}},{"arcs":[[-1222,-1247,1268,1269,1270,-1266]],"type":"Polygon","properties":{"cd_rgi":"430042","nm_rgi":"Sobradinho","cd_uf":"43","uf_sigla":"RS"}},{"arcs":[[-1261,1271,1272,1273]],"type":"Polygon","properties":{"cd_rgi":"430035","nm_rgi":"Nonoai","cd_uf":"43","uf_sigla":"RS"}},{"arcs":[[-1246,-1268,-1262,-1274,1274,1275,1276,1277,-1269]],"type":"Polygon","properties":{"cd_rgi":"430025","nm_rgi":"Passo Fundo","cd_uf":"43","uf_sigla":"RS"}},{"arcs":[[-1235,-1267,-1271,1278,1279,1280,1281,-1254]],"type":"Polygon","properties":{"cd_rgi":"430040","nm_rgi":"Santa Cruz do Sul","cd_uf":"43","uf_sigla":"RS"}},{"arcs":[[-1270,-1278,1282,1283,1284,1285,-1279]],"type":"Polygon","properties":{"cd_rgi":"430031","nm_rgi":"Soledade","cd_uf":"43","uf_sigla":"RS"}},{"arcs":[[-1273,1286,1287,1288,-1275]],"type":"Polygon","properties":{"cd_rgi":"430026","nm_rgi":"Erechim","cd_uf":"43","uf_sigla":"RS"}},{"arcs":[[-1280,-1286,1289,1290,1291,1292]],"type":"Polygon","properties":{"cd_rgi":"430041","nm_rgi":"Lajeado","cd_uf":"43","uf_sigla":"RS"}},{"arcs":[[-1277,1293,1294,1295,-1283]],"type":"Polygon","properties":{"cd_rgi":"430030","nm_rgi":"Marau","cd_uf":"43","uf_sigla":"RS"}},{"arcs":[[-1255,-1282,1296,1297,1298]],"type":"Polygon","properties":{"cd_rgi":"430005","nm_rgi":"Camaquã","cd_uf":"43","uf_sigla":"RS"}},{"arcs":[[-1285,1299,1300,-1290]],"type":"Polygon","properties":{"cd_rgi":"430043","nm_rgi":"Encantado","cd_uf":"43","uf_sigla":"RS"}},{"arcs":[[-1276,-1289,1301,1302,-1294]],"type":"Polygon","properties":{"cd_rgi":"430032","nm_rgi":"Tapejara - Sananduva","cd_uf":"43","uf_sigla":"RS"}},{"arcs":[[-1281,-1293,1303,1304,-1297]],"type":"Polygon","properties":{"cd_rgi":"430006","nm_rgi":"Charqueadas - Triunfo - São Jerônimo","cd_uf":"43","uf_sigla":"RS"}},{"arcs":[[-1284,-1296,1305,1306,1307,1308,-1300]],"type":"Polygon","properties":{"cd_rgi":"430038","nm_rgi":"Nova Prata - Guaporé","cd_uf":"43","uf_sigla":"RS"}},{"arcs":[[-1257,1309,-1298,-1305,1310,1311,1312,1313,1314]],"type":"Polygon","properties":{"cd_rgi":"430001","nm_rgi":"Porto Alegre","cd_uf":"43","uf_sigla":"RS"}},{"arcs":[[-1295,-1303,1315,1316,1317,-1306]],"type":"Polygon","properties":{"cd_rgi":"430033","nm_rgi":"Lagoa Vermelha","cd_uf":"43","uf_sigla":"RS"}},{"arcs":[[-1291,-1301,-1309,1318,1319,1320]],"type":"Polygon","properties":{"cd_rgi":"430037","nm_rgi":"Bento Gonçalves","cd_uf":"43","uf_sigla":"RS"}},{"arcs":[[-1292,-1321,1321,-1311,-1304]],"type":"Polygon","properties":{"cd_rgi":"430007","nm_rgi":"Montenegro","cd_uf":"43","uf_sigla":"RS"}},{"arcs":[[-1308,1322,1323,1324,1325,1326,1327,-1319]],"type":"Polygon","properties":{"cd_rgi":"430036","nm_rgi":"Caxias do Sul","cd_uf":"43","uf_sigla":"RS"}},{"arcs":[[-1312,-1322,-1320,-1328,1328]],"type":"Polygon","properties":{"cd_rgi":"430002","nm_rgi":"Novo Hamburgo - São Leopoldo","cd_uf":"43","uf_sigla":"RS"}},{"arcs":[[-1307,-1318,1329,1330,1331,1332,-1323]],"type":"Polygon","properties":{"cd_rgi":"430039","nm_rgi":"Vacaria","cd_uf":"43","uf_sigla":"RS"}},{"arcs":[[-1313,-1329,-1327,1333]],"type":"Polygon","properties":{"cd_rgi":"430004","nm_rgi":"Taquara - Parobé - Igrejinha","cd_uf":"43","uf_sigla":"RS"}},{"arcs":[[-1314,-1334,-1326,1334,1335]],"type":"Polygon","properties":{"cd_rgi":"430003","nm_rgi":"Tramandaí - Osório","cd_uf":"43","uf_sigla":"RS"}},{"arcs":[[-1325,1336,1337,-1335]],"type":"Polygon","properties":{"cd_rgi":"430008","nm_rgi":"Torres","cd_uf":"43","uf_sigla":"RS"}},{"arcs":[[-1043,1338,1339,1340,-1259,-1251,1341]],"type":"Polygon","properties":{"cd_rgi":"420009","nm_rgi":"São Miguel do Oeste","cd_uf":"42","uf_sigla":"SC"}},{"arcs":[[-1260,-1341,1342,1343,1344,1345,-1287,-1272]],"type":"Polygon","properties":{"cd_rgi":"420007","nm_rgi":"Chapecó","cd_uf":"42","uf_sigla":"SC"}},{"arcs":[[-1340,1346,-1343]],"type":"Polygon","properties":{"cd_rgi":"420012","nm_rgi":"Maravilha","cd_uf":"42","uf_sigla":"SC"}},{"arcs":[[-1042,-1065,1347,-1344,-1347,-1339]],"type":"Polygon","properties":{"cd_rgi":"420013","nm_rgi":"São Lourenço do Oeste","cd_uf":"42","uf_sigla":"SC"}},{"arcs":[[-1064,1348,1349,-1345,-1348]],"type":"Polygon","properties":{"cd_rgi":"420011","nm_rgi":"Xanxerê","cd_uf":"42","uf_sigla":"SC"}},{"arcs":[[-1288,-1346,-1350,1350,-1316,-1302]],"type":"Polygon","properties":{"cd_rgi":"420010","nm_rgi":"Concórdia","cd_uf":"42","uf_sigla":"SC"}},{"arcs":[[-1063,-1090,1351,1352,1353,1354,-1330,-1317,-1351,-1349]],"type":"Polygon","properties":{"cd_rgi":"420008","nm_rgi":"Joaçaba - Herval d'Oeste","cd_uf":"42","uf_sigla":"SC"}},{"arcs":[[-1353,1355,1356]],"type":"Polygon","properties":{"cd_rgi":"420015","nm_rgi":"Videira","cd_uf":"42","uf_sigla":"SC"}},{"arcs":[[-1089,1357,1358,-1356,-1352]],"type":"Polygon","properties":{"cd_rgi":"420014","nm_rgi":"Caçador","cd_uf":"42","uf_sigla":"SC"}},{"arcs":[[-1331,-1355,1359,1360,1361,1362,1363,1364]],"type":"Polygon","properties":{"cd_rgi":"420005","nm_rgi":"Lages","cd_uf":"42","uf_sigla":"SC"}},{"arcs":[[-1088,-1112,1365,1366,1367,1368,1369,-1358]],"type":"Polygon","properties":{"cd_rgi":"420017","nm_rgi":"Mafra","cd_uf":"42","uf_sigla":"SC"}},{"arcs":[[-1354,-1357,-1359,-1370,1370,-1360]],"type":"Polygon","properties":{"cd_rgi":"420006","nm_rgi":"Curitibanos","cd_uf":"42","uf_sigla":"SC"}},{"arcs":[[-1361,-1371,-1369,1371,1372,1373,1374]],"type":"Polygon","properties":{"cd_rgi":"420022","nm_rgi":"Rio do Sul","cd_uf":"42","uf_sigla":"SC"}},{"arcs":[[-1324,-1333,1375,1376,-1337]],"type":"Polygon","properties":{"cd_rgi":"420004","nm_rgi":"Araranguá","cd_uf":"42","uf_sigla":"SC"}},{"arcs":[[-1368,1377,-1372]],"type":"Polygon","properties":{"cd_rgi":"420023","nm_rgi":"Ibirama - Presidente Getúlio","cd_uf":"42","uf_sigla":"SC"}},{"arcs":[[-1332,-1365,1378,1379,-1376]],"type":"Polygon","properties":{"cd_rgi":"420002","nm_rgi":"Criciúma","cd_uf":"42","uf_sigla":"SC"}},{"arcs":[[-1362,-1375,1380,1381]],"type":"Polygon","properties":{"cd_rgi":"420024","nm_rgi":"Ituporanga","cd_uf":"42","uf_sigla":"SC"}},{"arcs":[[-1111,-1116,1382,1383,-1366]],"type":"Polygon","properties":{"cd_rgi":"420018","nm_rgi":"São Bento do Sul - Rio Negrinho","cd_uf":"42","uf_sigla":"SC"}},{"arcs":[[-1367,-1384,1384,1385,1386,-1373,-1378]],"type":"Polygon","properties":{"cd_rgi":"420019","nm_rgi":"Blumenau","cd_uf":"42","uf_sigla":"SC"}},{"arcs":[[[-1363,-1382,1387,1388,1389,1390]],[[1391]]],"type":"MultiPolygon","properties":{"cd_rgi":"420001","nm_rgi":"Florianópolis","cd_uf":"42","uf_sigla":"SC"}},{"arcs":[[-1115,1392,1393,-1385,-1383]],"type":"Polygon","properties":{"cd_rgi":"420016","nm_rgi":"Joinville","cd_uf":"42","uf_sigla":"SC"}},{"arcs":[[-1364,-1391,1394,-1379]],"type":"Polygon","properties":{"cd_rgi":"420003","nm_rgi":"Tubarão","cd_uf":"42","uf_sigla":"SC"}},{"arcs":[[-1374,-1387,1395,-1388,-1381]],"type":"Polygon","properties":{"cd_rgi":"420021","nm_rgi":"Brusque","cd_uf":"42","uf_sigla":"SC"}},{"arcs":[[-1386,-1394,1396,-1389,-1396]],"type":"Polygon","properties":{"cd_rgi":"420020","nm_rgi":"Itajaí","cd_uf":"42","uf_sigla":"SC"}},{"arcs":[[-219,-230,1397,1398,1399,-226]],"type":"Polygon","properties":{"cd_rgi":"280005","nm_rgi":"Lagarto","cd_uf":"28","uf_sigla":"SE"}},{"arcs":[[-22,-30,-38,1400,1401,1402,-221,-210]],"type":"Polygon","properties":{"cd_rgi":"280006","nm_rgi":"Nossa Senhora da Glória","cd_uf":"28","uf_sigla":"SE"}},{"arcs":[[-227,-1400,1403,1404]],"type":"Polygon","properties":{"cd_rgi":"280002","nm_rgi":"Estância","cd_uf":"28","uf_sigla":"SE"}},{"arcs":[[-222,-1403,1405,-1398,-229]],"type":"Polygon","properties":{"cd_rgi":"280004","nm_rgi":"Itabaiana","cd_uf":"28","uf_sigla":"SE"}},{"arcs":[[-1399,-1406,-1402,1406,1407,-1404]],"type":"Polygon","properties":{"cd_rgi":"280001","nm_rgi":"Aracaju","cd_uf":"28","uf_sigla":"SE"}},{"arcs":[[-37,-41,1408,-1407,-1401]],"type":"Polygon","properties":{"cd_rgi":"280003","nm_rgi":"Propriá","cd_uf":"28","uf_sigla":"SE"}},{"arcs":[[-755,1409,1410,1411,1412,1413,1414,-1099,-1082,-1075,-1056]],"type":"Polygon","properties":{"cd_rgi":"350018","nm_rgi":"Presidente Prudente","cd_uf":"35","uf_sigla":"SP"}},{"arcs":[[-754,-761,1415,-1410]],"type":"Polygon","properties":{"cd_rgi":"350021","nm_rgi":"Presidente Epitácio-Presidente Venceslau","cd_uf":"35","uf_sigla":"SP"}},{"arcs":[[-760,1416,1417,-1411,-1416]],"type":"Polygon","properties":{"cd_rgi":"350020","nm_rgi":"Dracena","cd_uf":"35","uf_sigla":"SP"}},{"arcs":[[-759,-763,1418,1419,1420,1421,-1417]],"type":"Polygon","properties":{"cd_rgi":"350024","nm_rgi":"Andradina","cd_uf":"35","uf_sigla":"SP"}},{"arcs":[[-1412,-1418,-1422,1422,1423,1424]],"type":"Polygon","properties":{"cd_rgi":"350019","nm_rgi":"Adamantina - Lucélia","cd_uf":"35","uf_sigla":"SP"}},{"arcs":[[-512,1425,1426,-1420,1427]],"type":"Polygon","properties":{"cd_rgi":"350028","nm_rgi":"Jales","cd_uf":"35","uf_sigla":"SP"}},{"arcs":[[-1421,-1427,1428,1429,1430,1431,-1423]],"type":"Polygon","properties":{"cd_rgi":"350022","nm_rgi":"Araçatuba","cd_uf":"35","uf_sigla":"SP"}},{"arcs":[[-513,-1428,-1419,-762]],"type":"Polygon","properties":{"cd_rgi":"350030","nm_rgi":"Santa Fé do Sul","cd_uf":"35","uf_sigla":"SP"}},{"arcs":[[-1100,-1415,1432,1433,-1104]],"type":"Polygon","properties":{"cd_rgi":"350014","nm_rgi":"Assis","cd_uf":"35","uf_sigla":"SP"}},{"arcs":[[-1413,-1425,1434,1435]],"type":"Polygon","properties":{"cd_rgi":"350016","nm_rgi":"Tupã","cd_uf":"35","uf_sigla":"SP"}},{"arcs":[[-1424,-1432,1436,1437,1438,-1435]],"type":"Polygon","properties":{"cd_rgi":"350023","nm_rgi":"Birigui - Penápolis","cd_uf":"35","uf_sigla":"SP"}},{"arcs":[[-1414,-1436,-1439,1439,1440,1441,-1433]],"type":"Polygon","properties":{"cd_rgi":"350013","nm_rgi":"Marília","cd_uf":"35","uf_sigla":"SP"}},{"arcs":[[-511,1442,-1429,-1426]],"type":"Polygon","properties":{"cd_rgi":"350029","nm_rgi":"Fernandópolis","cd_uf":"35","uf_sigla":"SP"}},{"arcs":[[-510,-522,1443,-1430,-1443]],"type":"Polygon","properties":{"cd_rgi":"350027","nm_rgi":"Votuporanga","cd_uf":"35","uf_sigla":"SP"}},{"arcs":[[-1105,-1434,-1442,1444,1445,1446]],"type":"Polygon","properties":{"cd_rgi":"350015","nm_rgi":"Ourinhos","cd_uf":"35","uf_sigla":"SP"}},{"arcs":[[-1438,1447,1448,-1440]],"type":"Polygon","properties":{"cd_rgi":"350012","nm_rgi":"Lins","cd_uf":"35","uf_sigla":"SP"}},{"arcs":[[-521,1449,1450,1451,1452,-1448,-1437,-1431,-1444]],"type":"Polygon","properties":{"cd_rgi":"350025","nm_rgi":"São José do Rio Preto","cd_uf":"35","uf_sigla":"SP"}},{"arcs":[[-1441,-1449,-1453,1453,1454,1455,1456,-1445]],"type":"Polygon","properties":{"cd_rgi":"350009","nm_rgi":"Bauru","cd_uf":"35","uf_sigla":"SP"}},{"arcs":[[-1106,-1447,1457,1458]],"type":"Polygon","properties":{"cd_rgi":"350017","nm_rgi":"Piraju","cd_uf":"35","uf_sigla":"SP"}},{"arcs":[[-1097,-1107,-1459,1459,1460,1461,-1108]],"type":"Polygon","properties":{"cd_rgi":"350004","nm_rgi":"Itapeva","cd_uf":"35","uf_sigla":"SP"}},{"arcs":[[-1446,-1457,1462,1463,-1460,-1458]],"type":"Polygon","properties":{"cd_rgi":"350007","nm_rgi":"Avaré","cd_uf":"35","uf_sigla":"SP"}},{"arcs":[[-1451,1464,1465,1466]],"type":"Polygon","properties":{"cd_rgi":"350026","nm_rgi":"Catanduva","cd_uf":"35","uf_sigla":"SP"}},{"arcs":[[-1452,-1467,1467,1468,1469,-1454]],"type":"Polygon","properties":{"cd_rgi":"350036","nm_rgi":"Araraquara","cd_uf":"35","uf_sigla":"SP"}},{"arcs":[[-520,-529,1470,1471,1472,-1465,-1450]],"type":"Polygon","properties":{"cd_rgi":"350032","nm_rgi":"Barretos","cd_uf":"35","uf_sigla":"SP"}},{"arcs":[[-1455,-1470,1473,1474,1475]],"type":"Polygon","properties":{"cd_rgi":"350010","nm_rgi":"Jaú","cd_uf":"35","uf_sigla":"SP"}},{"arcs":[[-1109,-1462,1476,1477,1478,1479,1480,-1113]],"type":"Polygon","properties":{"cd_rgi":"350005","nm_rgi":"Registro","cd_uf":"35","uf_sigla":"SP"}},{"arcs":[[-1456,-1476,1481,1482,1483,-1463]],"type":"Polygon","properties":{"cd_rgi":"350011","nm_rgi":"Botucatu","cd_uf":"35","uf_sigla":"SP"}},{"arcs":[[-555,1484,1485,1486,-1468,-1466,-1473,1487,1488]],"type":"Polygon","properties":{"cd_rgi":"350031","nm_rgi":"Ribeirão Preto","cd_uf":"35","uf_sigla":"SP"}},{"arcs":[[-1461,-1464,-1484,1489,1490,-1477]],"type":"Polygon","properties":{"cd_rgi":"350006","nm_rgi":"Itapetininga","cd_uf":"35","uf_sigla":"SP"}},{"arcs":[[-528,1491,1492,-1471]],"type":"Polygon","properties":{"cd_rgi":"350035","nm_rgi":"Ituverava","cd_uf":"35","uf_sigla":"SP"}},{"arcs":[[-1469,-1487,1493,1494,1495,1496,-1474]],"type":"Polygon","properties":{"cd_rgi":"350037","nm_rgi":"São Carlos","cd_uf":"35","uf_sigla":"SP"}},{"arcs":[[-1472,-1493,1497,-1488]],"type":"Polygon","properties":{"cd_rgi":"350034","nm_rgi":"São Joaquim da Barra – Orlândia","cd_uf":"35","uf_sigla":"SP"}},{"arcs":[[-1475,-1497,1498,1499,1500,1501,1502,-1482]],"type":"Polygon","properties":{"cd_rgi":"350040","nm_rgi":"Piracicaba","cd_uf":"35","uf_sigla":"SP"}},{"arcs":[[-1483,-1503,1503,-1490]],"type":"Polygon","properties":{"cd_rgi":"350008","nm_rgi":"Tatuí","cd_uf":"35","uf_sigla":"SP"}},{"arcs":[[-1478,-1491,-1504,-1502,1504,1505,1506]],"type":"Polygon","properties":{"cd_rgi":"350003","nm_rgi":"Sorocaba","cd_uf":"35","uf_sigla":"SP"}},{"arcs":[[-1496,1507,1508,-1499]],"type":"Polygon","properties":{"cd_rgi":"350046","nm_rgi":"Rio Claro","cd_uf":"35","uf_sigla":"SP"}},{"arcs":[[-527,-552,-556,-1489,-1498,-1492]],"type":"Polygon","properties":{"cd_rgi":"350033","nm_rgi":"Franca","cd_uf":"35","uf_sigla":"SP"}},{"arcs":[[-1500,-1509,1509,1510,1511]],"type":"Polygon","properties":{"cd_rgi":"350042","nm_rgi":"Limeira","cd_uf":"35","uf_sigla":"SP"}},{"arcs":[[-1495,1512,1513,-1510,-1508]],"type":"Polygon","properties":{"cd_rgi":"350045","nm_rgi":"Araras","cd_uf":"35","uf_sigla":"SP"}},{"arcs":[[-1501,-1512,1514,1515,1516,-1505]],"type":"Polygon","properties":{"cd_rgi":"350038","nm_rgi":"Campinas","cd_uf":"35","uf_sigla":"SP"}},{"arcs":[[-569,1517,-1513,-1494,-1486,1518,-572]],"type":"Polygon","properties":{"cd_rgi":"350044","nm_rgi":"São João da Boa Vista","cd_uf":"35","uf_sigla":"SP"}},{"arcs":[[-1480,1519,1520,1521]],"type":"Polygon","properties":{"cd_rgi":"350002","nm_rgi":"Santos","cd_uf":"35","uf_sigla":"SP"}},{"arcs":[[-554,-559,-573,-1519,-1485]],"type":"Polygon","properties":{"cd_rgi":"350047","nm_rgi":"São José do Rio Pardo - Mococa","cd_uf":"35","uf_sigla":"SP"}},{"arcs":[[-568,1522,-1515,-1511,-1514,-1518]],"type":"Polygon","properties":{"cd_rgi":"350043","nm_rgi":"Mogi Guaçu","cd_uf":"35","uf_sigla":"SP"}},{"arcs":[[-1479,-1507,1523,1524,1525,1526,-1520]],"type":"Polygon","properties":{"cd_rgi":"350001","nm_rgi":"São Paulo","cd_uf":"35","uf_sigla":"SP"}},{"arcs":[[-1506,-1517,1527,1528,-1524]],"type":"Polygon","properties":{"cd_rgi":"350039","nm_rgi":"Jundiaí","cd_uf":"35","uf_sigla":"SP"}},{"arcs":[[-567,1529,-1528,-1516,-1523]],"type":"Polygon","properties":{"cd_rgi":"350048","nm_rgi":"Amparo","cd_uf":"35","uf_sigla":"SP"}},{"arcs":[[-566,1530,-1525,-1529,-1530]],"type":"Polygon","properties":{"cd_rgi":"350041","nm_rgi":"Bragança Paulista","cd_uf":"35","uf_sigla":"SP"}},{"arcs":[[-565,-586,1531,1532,-1526,-1531]],"type":"Polygon","properties":{"cd_rgi":"350049","nm_rgi":"São José dos Campos","cd_uf":"35","uf_sigla":"SP"}},{"arcs":[[[-1117,1533,-1521,-1527,-1533,1534,1535]],[[1536]],[[1537]],[[1538]]],"type":"MultiPolygon","properties":{"cd_rgi":"350051","nm_rgi":"Caraguatatuba - Ubatuba - São Sebastião","cd_uf":"35","uf_sigla":"SP"}},{"arcs":[[-585,1539,-1535,-1532]],"type":"Polygon","properties":{"cd_rgi":"350050","nm_rgi":"Taubaté - Pindamonhangaba","cd_uf":"35","uf_sigla":"SP"}},{"arcs":[[-584,1540,-1118,-1536,-1540]],"type":"Polygon","properties":{"cd_rgi":"350052","nm_rgi":"Guaratinguetá","cd_uf":"35","uf_sigla":"SP"}},{"arcs":[[-583,-614,-1126,-1127,-1119,-1541]],"type":"Polygon","properties":{"cd_rgi":"350053","nm_rgi":"Cruzeiro","cd_uf":"35","uf_sigla":"SP"}},{"arcs":[[-362,-816,-820,1541,1542,1543,-401]],"type":"Polygon","properties":{"cd_rgi":"170010","nm_rgi":"Gurupi","cd_uf":"17","uf_sigla":"TO"}},{"arcs":[[-819,-849,1544,1545,1546,-1542]],"type":"Polygon","properties":{"cd_rgi":"170003","nm_rgi":"Paraíso do Tocantins","cd_uf":"17","uf_sigla":"TO"}},{"arcs":[[-1543,-1547,1547,1548,1549]],"type":"Polygon","properties":{"cd_rgi":"170002","nm_rgi":"Porto Nacional","cd_uf":"17","uf_sigla":"TO"}},{"arcs":[[-425,1550,1551,-1545,-848,1552,1553]],"type":"Polygon","properties":{"cd_rgi":"170006","nm_rgi":"Guaraí","cd_uf":"17","uf_sigla":"TO"}},{"arcs":[[-1546,-1552,1554,-1548]],"type":"Polygon","properties":{"cd_rgi":"170004","nm_rgi":"Miracema do Tocantins","cd_uf":"17","uf_sigla":"TO"}},{"arcs":[[-411,-426,-1554,1555,-846,-860,-851,1556,1557]],"type":"Polygon","properties":{"cd_rgi":"170005","nm_rgi":"Araguaína","cd_uf":"17","uf_sigla":"TO"}},{"arcs":[[-847,-1556,-1553]],"type":"Polygon","properties":{"cd_rgi":"170007","nm_rgi":"Colinas do Tocantins","cd_uf":"17","uf_sigla":"TO"}},{"arcs":[[-413,1558,-1557,-850]],"type":"Polygon","properties":{"cd_rgi":"170009","nm_rgi":"Araguatins","cd_uf":"17","uf_sigla":"TO"}},{"arcs":[[-106,1559,-1549,-1555,-1551,-424,-980]],"type":"Polygon","properties":{"cd_rgi":"170001","nm_rgi":"Palmas","cd_uf":"17","uf_sigla":"TO"}},{"arcs":[[-412,-1558,-1559]],"type":"Polygon","properties":{"cd_rgi":"170008","nm_rgi":"Tocantinópolis","cd_uf":"17","uf_sigla":"TO"}},{"arcs":[[-112,-406,-402,-1544,-1550,-1560]],"type":"Polygon","properties":{"cd_rgi":"170011","nm_rgi":"Dianópolis","cd_uf":"17","uf_sigla":"TO"}}]}}}