{"type":"Topology","arcs":[[[365,66627],[143,-71]],[[508,66556],[1074,-441],[995,-410],[502,-215],[1088,-165]],[[4167,65325],[1,-76],[17,-81],[-21,-83],[2,-61],[16,-37],[-3,-76],[-16,-16],[-3,-52],[-28,-115],[-30,-66],[-23,-22],[-16,-75],[-43,-63],[18,-77],[36,-4],[28,-81],[51,-34],[-4,-157],[19,-63],[20,-26],[14,-67],[-15,-213],[-31,-131],[-22,-71],[-4,-152],[26,-90],[31,-77],[19,-138],[26,-55],[-6,-96],[8,-35],[27,-25],[-5,-77],[48,-18],[13,-37],[75,13],[61,-27],[11,-50],[-17,-48],[22,-63],[34,-17],[72,-77],[23,-40],[-6,-37],[-36,-44],[-53,-40],[-84,-109],[6,-51],[59,-13],[76,11],[43,-21],[33,-77],[8,-85],[36,-93],[59,-84],[3,-72],[-45,-51],[-19,-41],[-25,-123],[4,-111],[-16,-96],[-22,-65],[-38,-68],[-26,-113],[-63,-41],[-27,-81],[-29,-21],[-57,-14],[-143,-78],[-20,-26],[-10,-95],[-144,-68],[29,-24],[30,-70]],[[4121,60568],[-27,-31],[-27,9],[-43,54],[-1,35],[-57,37],[-26,-14],[-77,38],[-156,-32],[-19,14],[-59,-19],[-41,25],[-65,21],[-36,-5],[-38,23],[-54,2],[-30,22],[-77,-18],[-51,35],[-29,-19],[-38,24],[-26,51],[-1042,-82],[-4,23],[35,34],[-3,66],[28,27],[55,26],[51,93],[61,24],[-30,67],[33,32],[41,86],[36,29],[46,-23],[75,63],[20,62],[-44,17],[24,52],[67,38],[44,66],[16,85],[-12,35],[11,63],[-17,73],[-22,32],[28,69],[-14,23],[-46,9],[-24,68],[-38,79],[-73,14],[-5,53],[-22,-62],[-29,32],[-49,124],[-66,90],[-9,75],[-40,47],[-24,106],[-25,45],[-61,66],[-27,-14],[-46,21],[-38,-24],[-56,20],[-71,58],[-3,54],[-50,45],[-34,-16],[-14,61],[16,94],[-34,133],[-34,94],[-53,-17],[-85,28],[-49,-20],[-38,55],[-16,73],[-36,29],[-23,-9],[-118,38],[-17,37],[-36,-7],[-80,81],[12,81],[-27,50],[4,66],[-60,86],[-27,12],[-21,53],[-34,7],[14,51],[-3,58],[-16,56],[18,34],[-31,82],[-32,26],[-23,43],[-39,28],[17,49],[-11,46],[-55,45],[-50,-18],[-19,13],[-26,80],[-23,27],[-45,-2],[-24,-27],[-46,47],[-13,68],[-48,45],[38,43],[-33,48],[20,33],[35,-35],[67,-2],[30,20],[32,67],[-11,61],[6,81],[-15,45],[-62,39],[-65,51],[-96,20],[-65,-3],[-29,11],[-65,107],[-35,-8],[-56,52],[-6,50],[-53,26],[-82,61],[-65,76],[-35,1],[-21,77],[97,33],[28,86],[6,44],[20,34],[-21,34],[-13,74],[-33,42],[-60,116],[30,40],[24,-39],[32,23],[49,-60],[77,2],[36,30],[13,58],[79,38],[57,-14],[52,31],[54,-27],[65,46],[36,66],[-1,29],[-41,63],[1,81],[-28,38],[-49,25],[-26,30],[-10,63],[-43,41],[-8,28],[-40,37],[-18,48]],[[4167,65325],[39,-11],[302,-83],[97,-23],[1001,-186],[138,-27],[631,-121],[541,-102],[166,-30],[839,-145],[477,-85],[1439,-762]],[[9837,63750],[491,-263]],[[10328,63487],[-49,-164],[-30,-13],[-25,-78],[-48,-45],[-19,-41],[-96,6],[-45,-72],[-32,-30],[-21,-70],[-23,3],[-62,-70],[14,-101],[-61,-40],[-25,-43],[-2,-39],[-33,-11],[-31,-94],[-6,-74],[-85,-156],[96,-96],[1,-24],[-41,15],[-360,191],[-37,24],[-34,-17],[-59,-78],[-46,-26],[-63,-5],[-43,27],[-95,-59],[-61,-74],[-67,-11],[-28,14],[-46,73],[-30,-24],[-64,19],[-24,30],[-42,-26],[-56,20],[-42,-15],[-34,-33],[-40,-67],[23,-33],[-16,-29],[-48,-30],[-27,-87],[-19,-33],[-36,-20],[-65,-3],[-48,-35],[-21,-79],[-83,-146],[-33,-72],[-57,-82],[-50,-48],[10,-73],[-13,-173],[-41,-28],[-49,11],[-65,-20],[-27,-80],[-43,-32],[-53,-8],[-40,-37],[-26,-44],[-68,1],[-28,-26],[-36,19],[-39,-39],[-31,-71],[17,-26],[-33,-23],[-60,-13],[-46,-81],[-35,-21],[13,-42],[-28,-75],[-32,-9],[-36,-68],[-31,-39],[-36,20],[-59,-184],[-46,-40],[21,-38],[-3,-36],[-45,-16],[-14,-48],[27,-51],[7,-58],[-36,-50],[2,-87]],[[6952,59931],[-82,-33],[-41,-37],[-17,-34],[-18,-79],[-26,-56],[-25,-25],[-9,-51],[-38,-10],[-59,11],[-11,-39],[-28,-2],[-81,-42],[-23,1],[-51,47],[-55,-38],[-23,-42],[-1398,-95],[-475,-35],[6,37],[34,19],[19,32],[-14,64],[-39,22],[12,47],[28,25],[36,74],[-41,46],[-1,51],[-20,51],[63,64],[-64,40],[-91,14],[-30,30],[-36,-13],[-21,30],[-45,20],[17,51],[-6,33],[26,62],[9,88],[-33,35],[10,69],[-34,1],[-50,35],[-3,90],[7,64],[-39,18],[-30,-27],[-41,24]],[[10328,63487],[277,-148],[605,-294],[925,-481],[224,-108],[1180,-498]],[[13539,61958],[-72,-13],[-59,-42],[-21,-33],[-32,2],[-49,-59],[-70,-25],[-50,7],[-56,-26],[-78,-75],[0,-79],[-17,-10],[-60,9],[-99,-18],[-34,-23],[-67,-73],[-54,-71],[-7,-36],[16,-36],[-49,-25],[-36,-41],[-16,-66],[-26,-25],[11,-50],[-15,-38],[14,-100],[-81,-9],[-28,-29],[-56,-133],[20,-62],[-13,-24],[-2,-70],[19,-55],[3,-68],[-20,-35],[42,-78],[28,-24],[24,-54],[0,-73],[11,-53],[-27,-19],[-8,-45],[-48,-21],[-42,11],[-32,-49],[-48,4],[-15,-65],[-33,-53],[-12,-41],[-41,-5],[-92,-49],[-43,8],[-41,-19],[-85,-104],[-4,-59],[-42,-74],[-139,-77],[-26,-50],[2,-48],[-56,-116],[-32,-7],[-23,-100],[-53,-48],[3,-43],[-96,-55],[-30,-40],[-35,19],[-30,-8],[-9,-45],[-36,-1],[-1,-35],[-57,-66],[-31,-9],[-58,-60],[-23,-70],[-46,-12],[-15,-49],[-74,-29],[-22,-98],[14,-23],[-22,-35],[-118,-36]],[[10934,58524],[-55,-9],[-9,-12],[-106,-2],[-36,-51],[-43,-122],[-60,-36],[9,-64],[-3,-71],[-49,-45],[-59,-9],[-71,-65],[-48,-65],[-27,-52],[-16,-57],[-75,-36],[-53,4],[-1123,-392],[31,86],[6,97],[-12,31],[50,92],[-15,42],[-1,77],[-85,21],[-64,-37],[-31,-41],[-67,30],[-41,-8],[-2,-29],[-67,16],[-48,-61],[-66,-4],[-27,30],[-63,-4],[-26,-20],[-47,50],[-34,-57],[-47,-5],[-76,30],[1,41],[-53,15],[-47,-45],[-30,13],[-71,-41]],[[8178,57759],[-36,557],[-18,354],[-38,748],[-9,302],[-22,365],[20,48],[48,6],[11,52],[20,18],[38,-26],[52,76],[-8,34],[21,63],[-38,108],[-24,31],[-30,2],[-50,72],[-34,89],[15,11],[7,77],[-38,30],[38,21],[55,-55],[7,43],[-17,48],[49,10],[20,93],[37,28],[-23,87],[60,51],[3,36],[-40,4],[-35,-27],[-71,1],[-60,-37],[-26,-1],[-9,-42],[-66,-58],[-16,-46],[-45,-62],[-12,2],[-62,-57],[-46,-21],[-31,-62],[-33,25],[-27,-26],[3,-83],[-69,-43],[-4,-38],[-31,-41],[-59,-11],[-82,-53],[-44,-71],[-45,-101],[-31,-39],[-60,-6],[-49,-47],[-40,-157],[-85,1],[-37,-7],[-62,-33],[-20,-33],[-48,-38]],[[13539,61958],[836,-349]],[[14375,61609],[-268,111],[-568,238]],[[10934,58524],[124,8],[32,33],[82,16],[47,34],[47,19],[2,44],[29,29],[1016,63],[44,56],[-19,46],[50,45],[18,67],[59,49],[2,33],[52,21],[14,69],[36,1],[52,57],[59,4],[75,30],[32,47],[35,-11],[50,18],[7,35],[42,-1],[37,30],[7,44],[38,26],[-7,46],[32,31],[49,-17],[35,41],[52,-716],[38,16],[12,35],[102,72],[53,29],[8,30],[74,41],[10,26],[46,5],[122,39],[21,-12],[103,32],[56,-7],[25,22],[49,3],[16,-31],[38,-23],[13,-28],[52,-21],[34,-42],[-45,-61],[-23,-54],[-37,-32],[3,-68],[91,-102],[17,-63],[5,-65],[25,-24],[6,-43],[77,-64],[-56,-59],[4,-54],[16,-34]],[[14119,58284],[-66,-24],[-1,-25],[-67,-32],[-91,-110],[4,-62],[19,-20],[-21,-41],[-1,-41],[-83,-105],[-56,-57],[-13,-37],[-39,-20],[-22,-120],[-35,-21],[-24,-118],[-89,-92],[-66,-11],[-39,-48],[-50,12],[-83,-42],[-7,-64],[-39,-28],[-21,31],[-38,20],[-28,-40],[-96,-18],[-27,-30],[-39,-72],[-51,-32],[0,-28],[-389,-114],[9,41],[-27,38],[1,28],[-32,25],[-24,-6],[-48,73],[0,54],[29,68],[3,26],[-89,6],[-39,25],[-27,-28],[-32,-4],[-49,27],[-40,-54],[-61,18],[-34,-42],[-22,18],[-48,5],[-44,46],[-29,9],[-22,-53],[-62,5],[0,26],[-66,45],[-55,-18],[-57,27],[-25,-24],[-59,29],[-54,-14],[-124,50],[-22,-19],[-47,40],[-16,-30],[-29,28],[-73,-14],[-9,-19],[-155,25],[-66,-17],[-49,30],[-37,4],[-15,-28],[-46,1],[-8,-37],[-49,-10],[-45,5],[-50,33],[-49,-3],[-8,-42],[-99,25],[-32,-7],[-78,-45],[-54,10],[-94,-41],[-24,-25],[-25,23],[-42,-16],[-17,42],[-123,64],[-68,-23],[-36,21],[-59,-15],[-63,19],[-78,-10],[-43,-16],[-9,-31],[-64,-44],[-15,7],[-74,-74],[-46,-7],[-48,-38],[-28,20],[-34,-38],[-41,-23],[-54,-67],[-68,-36],[-39,-10],[-21,-25],[-70,-2],[-25,16],[-67,-41],[-88,-32],[-144,16],[-28,32],[-47,-3],[-73,48],[-31,67],[-56,41],[-33,49],[-66,38],[-38,33],[-196,-183],[-45,752]],[[14375,61609],[1159,-485],[175,-81],[276,-112],[65,-27],[3,4],[695,-297]],[[16748,60611],[433,-187]],[[17181,60424],[-31,-47],[-14,-97],[-24,29],[-67,-81],[-92,-51],[-34,-32],[-52,-13],[-18,-49],[-43,-14],[-25,-56],[-52,-48],[-22,-7],[-19,-62],[-57,10],[-5,-52],[-37,-10],[-16,-39],[-28,-61],[-30,-7],[-46,-40],[-12,-74],[-22,6],[-45,-36],[-36,-45],[8,-45],[-44,-77],[-33,0],[-40,-23],[2,-27],[-85,-44],[-29,20],[-35,-28],[-50,-16],[10,-34],[-21,-37],[-47,-16],[-34,-29],[-38,38],[-55,-1],[-38,16],[-38,-32],[-76,18],[-36,-12],[-30,12],[-27,-42],[28,-31],[0,-51],[14,-26],[-38,-20],[-36,16],[-77,-21],[-68,20],[-27,-38],[16,-35],[3,-67],[-32,-5],[-15,-47],[-36,-34],[-31,-6],[-57,-37],[-52,-17],[-9,-34],[-44,6],[-93,-44],[-18,-19],[-40,-94],[-9,-50],[-48,-43],[-13,-50],[-39,-48],[-42,26],[-60,-273],[-60,-15],[-50,41],[-14,27],[-80,23],[-44,21],[-26,34],[-73,9],[-15,16],[-100,-8],[-17,-24],[-57,-18],[-49,11],[-29,-33],[-62,33]],[[81956,61496],[83,81],[55,11],[53,69],[5,29],[2,27],[31,61],[68,48],[56,63],[60,-7],[21,16],[63,4],[44,19],[73,16],[22,61],[40,37],[8,31],[35,43],[73,71],[3,21],[44,18],[84,86],[35,55],[35,117]],[[82949,62473],[12,85],[15,34],[37,3],[60,54],[34,15],[56,-86],[24,-68],[43,-69],[0,-26],[39,-56],[-24,-36],[16,-43],[59,25],[-4,-44],[38,-38],[66,18],[5,54],[33,32],[40,13],[48,-13],[51,37],[25,-14]],[[83622,62350],[-34,-96],[-165,-227],[-63,-46],[-85,-113],[-54,-51],[159,-57],[6,-30],[-17,-37],[30,-21],[-24,-33],[27,-58],[-3,-49],[38,-18],[0,-35],[-54,-90],[-32,-72],[-34,-32],[-45,-78]],[[83272,61207],[-42,-139],[14,-56],[-33,-97],[7,-39],[16,-57],[30,-56],[23,-69],[-57,-138],[-5,-51]],[[83225,60505],[-21,55],[-28,31],[-61,42],[-70,19],[-84,-29],[-66,87],[-18,39],[-31,-4],[-22,42],[-96,83],[-17,29],[-65,-18],[-76,41],[-74,23],[-30,34]],[[82466,60979],[14,40],[-27,56],[-24,24],[-48,7],[-56,35],[-22,42],[-78,17],[-11,-15],[-54,15],[-28,-13],[-60,50],[-53,22],[28,62],[-30,96],[-61,79]],[[83622,62350],[13,-5],[55,-12],[28,-22],[-19,-64],[52,-74],[54,-1],[39,-18],[21,-31],[39,-24],[150,-90],[35,-28],[13,-40],[30,-37],[29,-76],[44,-32],[33,-52],[-1,-29],[25,-39],[-4,-93],[53,46],[33,13]],[[84344,61642],[86,-68],[-27,-68],[10,-27],[80,36],[34,48],[58,-18],[50,-58],[21,-40],[-13,-40],[7,-53],[7,26],[17,-21],[52,-5],[43,-100],[59,-27]],[[84828,61227],[-37,-32],[-69,18],[-20,-59],[-23,-62],[-153,-94],[-4,-77],[-30,-36],[11,-43],[-29,-57]],[[84474,60785],[-90,-108],[-237,354],[-96,-30],[-150,-140],[-158,136],[-471,210]],[[84474,60785],[-97,-159],[113,-17],[129,-45]],[[84619,60564],[-37,-42],[-2,-57],[159,-174],[-20,-21],[2,-89],[-36,-17],[-68,-95],[-151,-99],[-15,-50],[-20,-14],[-37,-98]],[[84394,59808],[-44,37],[-98,14],[-70,1],[-29,18],[-34,89],[-61,81],[-26,10],[-54,23],[-72,87],[-91,33],[-53,46],[-106,41],[-76,10],[-162,33],[-109,86],[-74,65],[-10,23]],[[84828,61227],[39,-48],[50,0],[16,18],[-11,54],[34,24],[-9,34],[35,79],[38,36],[42,10],[29,19],[46,-28],[15,-28],[96,-19],[89,51],[149,-21],[95,-112],[54,-46],[49,-27],[84,18],[-14,59],[8,44],[159,45],[8,21],[34,57],[56,-1],[19,30],[55,36],[15,-38],[37,8]],[[86145,61502],[147,-180],[-71,-191],[-20,-33],[-42,-129],[-166,-64],[5,-32]],[[85998,60873],[-26,-44],[-50,-46],[45,-186],[42,-41],[-69,-37],[-52,52],[-12,62],[-59,79],[-61,-30],[-39,-50],[-24,-18],[-92,-16],[-3,-60],[27,-39],[-2,-94],[-31,-1],[-30,52],[-41,-13],[-85,29],[26,85],[-35,4],[-16,42],[-45,33],[-61,-6],[-23,53],[-45,21],[-67,-30],[-38,33],[-27,-33],[-58,-36],[-51,-46],[-264,-63],[-113,35]],[[85998,60873],[89,-39],[87,-66],[128,-52],[43,7],[51,-39],[118,29],[13,-134],[56,-98]],[[86583,60481],[-165,23],[20,-76],[-76,44],[-12,21],[-62,-13],[-59,13],[-7,33],[-96,-21],[4,-68],[-16,-50],[13,-10],[19,-17],[14,-49],[0,-57],[61,-45],[-3,-66],[-44,-77],[-20,10],[-58,-17],[-3,-49],[124,-173],[20,-58],[27,-28],[79,-20],[-14,-110],[0,-1]],[[86329,59620],[-33,-169],[-35,-47],[1,-31],[-341,5],[-2,16],[-89,-96],[-41,10],[-13,74],[-319,39],[31,66],[2,57],[-86,68],[-54,-96],[2,-50],[-23,-60],[-61,-109],[-32,-18],[-47,-76],[-42,52],[-52,39],[-17,47],[-91,46],[-12,33],[-171,-68],[-23,8]],[[84781,59360],[-4,11],[-8,54],[10,64]],[[84779,59489],[-13,75],[-67,62],[-100,-29],[-42,20],[-163,191]],[[86329,59620],[390,-24],[25,-28],[73,-41],[83,-22],[5,-110],[-26,-117]],[[86879,59278],[-37,-63],[-31,-24],[-57,-9],[-44,-56],[-30,-53],[-51,-59],[-36,6],[-51,-41],[-37,-59],[-64,-40],[-63,-73],[-80,-76],[-49,-63],[-28,-66],[-1,-43],[17,-31],[-65,-64],[-38,-59],[-88,-161],[-38,-81],[-20,-1]],[[85988,58162],[-72,201],[-61,53],[-68,-37],[-6,-3],[-47,-20],[-66,31],[-12,-18],[-43,36],[11,87],[-12,30],[10,117],[-48,72],[-3,38],[-33,27],[-52,66],[-31,6],[-32,-31],[-57,-21],[-48,15],[-37,17],[-35,36],[-37,11],[-4,45],[-51,22],[-80,21],[-46,42],[-16,30],[-7,44],[-1,35],[-35,13],[-37,40],[-66,22],[-19,19],[-17,56],[-31,48],[-18,48]],[[86145,61502],[13,-5],[29,-5],[33,19],[23,-17],[90,51],[16,39],[79,26]],[[86428,61610],[12,-35],[226,-87],[66,-113],[359,-363],[125,12]],[[87216,61024],[-22,-66],[-3,-206],[-69,-121],[-48,-55],[6,-14],[-57,-45],[-40,-1],[-129,-48],[-46,-6],[-61,19],[-45,-43],[-44,-11],[-54,19]],[[86604,60446],[-21,35]],[[86604,60446],[17,-28],[36,-5],[35,-59],[55,-15],[21,15],[69,-85],[94,7],[10,-7],[24,-45],[57,-20],[10,-26],[-6,-90],[-42,-74],[-57,-111],[26,7],[69,-53],[93,-57],[44,16],[32,-32],[9,-55]],[[87200,59729],[-79,-71],[-68,-105],[-31,-63],[-73,-94],[-70,-118]],[[86428,61610],[32,16],[47,-42],[65,32],[-31,21],[-5,33],[-34,22],[-16,100],[60,3],[44,31],[3,34],[45,14],[11,47],[46,17],[88,-3],[32,14],[39,39],[19,48],[-52,60],[17,63],[74,12],[66,76],[71,13],[63,-16],[104,42],[24,3]],[[87240,62289],[61,15],[34,59],[55,-8],[54,9],[40,-41],[45,4]],[[87529,62327],[3,-3],[-110,-462]],[[87422,61862],[-18,-227],[28,-298],[12,-38],[-12,-116],[17,-38],[-122,-220],[-111,99]],[[87422,61862],[351,14],[79,7],[-85,-44],[5,-87],[39,-51],[128,-5],[106,-113],[-28,-42],[-106,77],[-191,26],[47,-376],[0,-271],[289,12],[61,26],[25,-22],[25,13],[-11,66],[18,40],[107,-112]],[[88281,61020],[-53,-57],[-22,-39],[-13,-76],[-40,-61],[-27,-5],[-11,-30],[-59,-48],[-13,-33],[-50,-34],[-33,-72],[-30,-1],[-29,-42],[-42,-13],[-37,-32],[-39,-58],[-52,-57],[-27,-54],[-1,-78],[-30,1],[-25,-30],[-26,19],[-58,-14],[-94,-85],[-44,-47],[-62,-93],[-43,-46],[-87,-130],[-34,-76]],[[87529,62327],[8,32],[34,-10],[31,31],[42,-45],[-21,-47],[20,-64],[55,-33],[59,16],[53,3],[68,22],[46,34],[45,-1],[45,41],[19,-3],[55,45],[21,9],[24,26],[55,23],[17,-16],[36,24],[48,-33],[59,27],[23,-59],[22,-12],[93,4]],[[88486,62341],[31,-34],[98,-35],[142,-52],[17,2],[61,-36],[43,6],[56,-25],[26,9],[61,-13],[34,-35],[4,-28]],[[89059,62100],[-40,-58],[-37,-106],[-82,-69],[-59,-105],[-6,-41],[-36,-53],[-42,-93],[-29,-13],[-8,-57],[-24,-12],[-2,-38],[-31,-59],[-29,-11],[-26,-56],[-32,-25],[-31,-62],[-49,-55],[-30,-19],[-25,-43],[-89,-50],[-17,-36],[-54,-19]],[[365,66627],[58,74],[59,95],[40,77],[-31,58],[-15,88],[-31,59],[24,86],[43,57],[19,71],[6,60],[37,17],[18,44],[32,33],[37,77],[11,42],[59,59],[69,49],[56,14],[19,39],[74,82],[131,41],[47,42],[55,28],[72,24],[1,46],[53,62],[141,17],[28,21],[77,9],[37,39],[40,-16],[27,36],[2,53],[35,14],[-5,32],[69,26],[31,59],[-9,17],[19,62],[30,50],[-14,46],[28,59],[-21,38],[-39,17],[-33,78],[-18,89],[-24,8],[-17,113],[-48,41],[-32,43],[-53,43],[3,48],[-13,64],[-74,82],[-7,104],[33,52],[5,33],[-19,106],[43,36],[15,40],[48,19],[-14,37],[25,58],[-18,62],[12,42],[28,38],[-6,42],[39,80],[82,31],[-9,65],[53,22],[63,90],[43,108],[49,28],[-3,20],[41,31],[-4,33],[26,14],[7,109],[56,24],[-17,64],[-18,13],[14,82],[34,25],[-19,34],[6,80],[-18,43],[-12,65],[12,17],[-1,69],[29,64],[12,61],[31,76],[29,42],[-7,23],[20,77],[60,103],[10,68],[-21,51],[17,36],[-19,103],[-42,83],[44,32],[19,33],[30,-14],[62,34],[-1,75],[38,-11],[36,9],[18,37],[32,4],[13,42],[34,-21],[7,72],[61,34],[37,-28],[30,28],[62,-19],[92,76],[3,109],[84,43],[47,63],[46,4],[11,56],[38,-11],[65,38],[43,13],[-29,56],[31,22],[35,-33],[47,34],[15,35],[60,37],[-1,106],[16,11],[8,53],[55,7],[53,29],[6,50],[48,7],[52,-16],[16,-30],[36,82],[18,-39],[69,39],[22,45],[33,-26],[16,48],[96,86],[34,-23],[60,59],[37,80],[42,53],[40,7],[16,39],[-6,36],[80,-42],[10,42],[37,3],[15,47],[73,13],[16,74],[29,39],[-12,45],[57,7],[38,29],[3,46],[36,-25],[25,37],[127,67],[54,13],[13,-45],[26,6],[44,50],[65,-65],[24,-1],[32,31],[45,-17],[40,7],[60,48],[8,-40],[-21,-33],[48,-34],[37,8],[63,67],[32,71],[29,-7],[8,45],[37,-1],[47,-44],[17,22],[-31,32],[19,43],[87,33],[25,-31],[29,3],[18,-38],[30,3],[32,75],[30,28],[44,-17],[53,8],[65,-22],[-13,58],[31,13],[31,-50],[29,-12],[43,40],[-16,82],[5,28],[42,-10],[51,12],[26,22],[36,-21],[-14,-30],[21,-66],[28,32],[6,57],[57,-2],[14,32],[37,-6],[51,-59],[18,25],[-6,44],[23,19],[48,-3],[3,-42],[47,28],[38,-35],[42,45],[66,5],[15,40],[92,-19],[26,42],[49,29],[13,55],[19,24],[46,7],[-3,79],[67,40],[-48,70],[83,6],[27,49],[-25,33],[9,42],[28,19],[10,34],[39,-4],[33,52],[39,21],[70,-59],[68,-6],[48,-27],[28,140],[26,53],[51,4],[15,-41],[-26,-62],[2,-35],[34,-32],[46,16],[56,42],[33,13],[42,52],[-9,33],[67,-10],[29,-53],[-24,-72],[43,-14],[15,81],[16,13],[36,-38],[27,40],[54,14],[-24,42],[16,21],[48,-13],[101,3],[24,-49],[38,-48],[44,9],[-2,57],[78,-20],[17,-26],[-4,-63],[29,-85],[-63,-46],[-6,-25],[65,-55],[8,-33],[70,50],[-1,-48],[-36,-15],[43,-42],[109,-19],[12,-84],[44,-9],[18,49],[59,34],[-2,25],[-38,26],[19,80],[53,-5],[17,-14],[56,48],[17,-51],[36,14],[10,-85],[69,-21],[17,-45],[26,-5],[47,51],[70,28],[36,72],[16,90],[4,102],[35,30],[67,565],[90,821],[153,1359],[85,768],[122,1123]],[[9384,79412],[40,4],[210,-12],[47,-18],[41,-41],[78,-20],[15,-19],[-18,-103],[155,8],[72,-47],[72,-92],[23,-68],[71,35],[89,32],[25,-31],[57,1],[54,-90],[6,-98],[29,-63],[0,-77],[51,22],[58,-46],[28,-67],[53,-29],[73,-129],[23,-6],[43,42],[16,60],[37,47],[28,12],[33,-19],[35,-54],[38,-10],[51,39],[63,5],[45,22],[78,-8],[35,-16],[57,63],[41,17],[50,-9],[51,32],[36,52],[77,50],[59,20],[54,43],[39,96],[48,78],[64,-11],[37,-22],[17,16],[12,70],[22,53],[36,22],[51,0],[37,26],[58,-9],[34,-25],[37,3],[83,-25],[41,15],[65,0],[42,54],[26,109],[36,65],[44,4],[41,-17],[65,-9],[16,-26],[60,-46],[56,0],[35,50],[65,9],[85,28],[48,-43],[34,20],[38,2],[19,-45],[-14,-67],[8,-30],[80,-95],[22,-43],[110,-58],[40,57],[57,-48],[72,-1],[68,-30],[29,-35],[79,-37],[61,67],[61,-12],[32,14],[6,62],[31,31],[6,44],[-20,62],[61,54],[42,23],[6,40],[60,14],[62,67],[1,84],[14,92],[62,18],[28,32],[47,6],[14,46],[-3,74],[21,49],[-11,44],[37,55],[49,10],[71,66],[56,22],[50,47],[73,44],[42,4],[28,59],[31,28],[39,11],[26,31],[-22,60],[24,64],[29,36],[27,60],[28,-47],[87,-108],[40,3],[24,-33],[-27,-75],[-43,-43],[11,-31],[58,-4],[70,-36],[34,-71],[30,-31],[36,-76],[-3,-65],[-31,17],[-49,-44],[-28,-60],[-40,-31],[-17,-44],[52,-69],[33,-82],[0,-66],[26,-83],[123,-52],[25,3],[10,-18],[-47,-51],[-52,-36],[-66,-6],[-57,27],[-49,91],[-30,107],[-30,55],[-34,10],[38,-880],[-35,-4],[-84,59],[-23,-52],[-39,-13],[-36,11],[-92,-41],[-39,0],[-53,56],[-68,-33],[-23,15],[-35,-23],[-63,-15],[-83,-52],[5,-23],[-26,-56],[-37,-21],[-47,33],[-47,55],[-42,26],[-63,-3],[-49,-25],[-71,-81],[-24,-100],[-24,-67],[-19,-174],[-21,-123],[-2,-88],[-29,-73],[-8,-66],[-32,-91],[-11,-63],[-1,-116],[17,-65],[-13,-21],[-39,-41],[-4,-44],[22,-38],[-49,-67],[-56,-3],[-47,-44],[-119,-30],[-71,26],[-125,10],[-38,-5],[-9,-58],[94,-68],[2,-68],[-27,-61],[-9,-48],[40,-52],[44,-10],[20,-34],[-10,-46],[-33,-23],[-25,-111],[13,-119],[-12,-67],[15,-60],[-46,-40],[-79,-14],[-35,-32],[-177,-26],[-35,22],[-30,86],[-23,29],[-43,15],[-51,37],[-36,-7],[-28,-31],[-52,-3],[-65,-53],[-58,10],[-55,-9],[-22,-35],[-18,-69],[-29,-25],[-72,-13],[-29,50],[-120,76],[-66,87],[-52,34],[-16,38],[-38,23],[-52,-34],[-18,-60],[-33,-24],[-46,-29],[-52,-17],[-63,13],[-118,-2],[-35,-18],[-20,-109],[-60,-11],[-30,36],[-36,-24],[-4,-42],[21,-67],[-3,-65],[-20,-67],[30,-57],[-39,-75],[12,-63],[49,-39],[2,-68],[-26,-79],[1,-42],[-18,-66],[-42,-94],[-51,-28],[-20,-62],[-46,-35],[-19,-108],[-32,-59],[-30,-104],[2,-64],[40,-104],[2,-64],[-10,-72],[-44,-21],[-60,-11],[-55,-25],[-24,-60],[-7,-117],[17,-291],[-21,-141],[-58,-52],[-39,-64],[-12,-118],[-64,-154],[-36,18],[-27,-10],[-28,-47],[-4,-93],[-34,-61],[-93,-30],[-32,-22],[-67,-66],[-35,-44],[-15,-75],[-20,-41],[-35,-30],[-33,-69],[-25,-87],[-33,-44],[-64,-26],[-29,12],[-43,51],[-30,-5],[-8,-38],[28,-54],[5,-63],[-9,-36],[-36,-54],[-29,-68],[-18,-83],[-25,-38],[-93,-59],[-22,-73],[0,-108],[-9,-46],[-21,-22],[-43,-9],[-23,20],[19,53],[-65,27],[-27,-12],[-91,-75],[-103,-15],[-19,-47],[-97,-24],[-29,-37],[-61,-25],[9,-30],[-18,-34],[14,-91],[-22,-11],[-133,12],[-69,-35],[-58,-8],[-52,-39],[-5,-41],[18,-24],[57,-19],[31,-42],[15,-51],[63,-86],[22,-48],[-8,-32],[-39,-17],[-49,-81],[3,-43],[38,-117],[-5,-35],[-76,-25],[-6,-48],[39,-58],[6,-104],[-35,-134],[-12,-16],[-68,-7],[-52,-68],[-35,-204],[-28,-48],[6,-88],[29,-10],[8,-50],[-41,-72],[-16,-57],[-47,-41],[-69,-83],[-40,-17],[-34,-58],[0,-50],[-27,-56],[27,-59],[-13,-69],[-24,-17],[-67,-157],[-46,-20],[-58,-64],[-36,0],[-72,-65],[-59,-24],[-39,-52],[-39,-10],[-33,-28],[-28,41],[-37,-11],[-33,-30],[-17,-102],[-26,-40],[-3,-47],[-40,8],[-92,-42],[-16,-43],[-87,-44],[-15,-52],[-34,-59],[-70,-76],[-14,-54],[4,-77]],[[7710,68664],[-31,-68],[-14,-94],[-49,-33],[-86,25],[-42,-24],[-32,-34],[-31,-57],[-64,-50],[-61,11],[-34,-22],[-10,-93],[-25,-43],[-60,-16],[-40,-23],[-46,7],[-21,-30],[-87,49],[-32,-42],[-37,60],[-7,65],[-41,-17],[-63,65],[-42,8],[-31,-27],[-39,5],[-93,-23],[-60,-6],[-29,-42],[7,-70],[-26,-11],[-35,30],[-31,-34],[-85,-13],[-18,-48],[-107,9],[-26,-32],[-78,24],[-49,75],[-101,18],[-38,-63],[-36,-82],[-23,-90],[-40,-7],[-4,-44],[-75,-67],[-13,-90],[-42,-54],[-57,44],[-44,-52],[-50,-5],[3,-69],[-13,-69],[1,-70],[-25,-23],[-62,59],[-36,-12],[2,-72],[-39,-4],[-28,-35],[-36,3],[-7,51],[29,57],[-3,44],[-45,4],[-72,60],[-41,2],[-36,-94],[-60,-9],[-11,38],[-28,11],[-22,-39],[-35,16],[-32,-27],[20,-49],[-9,-45],[17,-67],[-12,-19],[-84,-30],[-139,-9],[-58,15],[-32,-28],[9,-33],[-34,-15],[-71,28],[-16,-8],[-14,-74],[39,-24],[8,-43],[-47,-105],[-30,10],[-23,-31],[-52,15],[-21,-11],[-85,-68],[-37,-12],[-121,-7],[-56,-14],[-26,-34],[-40,-95],[-56,-31],[-117,21],[-34,-55],[-37,-22],[-82,5],[-45,-37],[-21,29],[35,58],[-55,37],[-44,51],[-26,60],[-29,26],[-96,-20],[-26,-28],[-105,-20],[-87,41],[-33,-5],[-37,16],[-34,-13],[-43,34],[-32,57],[-56,61],[-43,79],[-35,20],[-4,127],[44,8],[31,25],[-26,88],[-31,29],[-74,-8],[-97,-93],[-47,-93],[-80,-25],[-55,-39],[-27,-34],[-54,26],[-57,-15],[-62,-40],[-95,-44],[-79,-14],[-91,45],[-80,26],[-59,35],[-36,7],[-47,79],[-90,35],[-36,28],[-63,-20],[-91,2],[-84,-65],[-44,3],[-95,-30],[-78,9],[-43,-5],[-36,-23],[-40,13],[-23,42],[-81,-19],[-41,16],[-36,-13],[-29,-33],[-76,26],[-100,-30],[-37,2],[-62,-41],[-56,-13],[-3,-70],[44,-49],[-81,-97],[-21,-44],[-48,-244]],[[7710,68664],[49,-19],[37,-49],[109,-32],[111,37],[51,-32],[12,-75],[62,-1],[34,-15],[20,-71],[137,34],[24,68],[19,3],[29,-70],[36,8],[31,86],[34,31],[57,16],[29,-64],[60,3],[57,14],[121,-54],[14,15],[4,65],[70,31],[-6,48],[29,26],[43,-19],[18,-43],[34,19],[38,52],[68,-11],[49,-27],[32,38],[15,50],[54,15],[39,-22],[32,9],[56,-47],[55,16],[23,37],[5,62],[-12,140],[29,65],[32,29],[78,34],[73,19],[36,-27],[34,19],[48,0],[101,-19],[47,-56],[56,1],[37,-14],[36,30],[34,120],[62,64],[166,93],[42,6],[115,-13],[28,8],[20,34],[22,111],[63,64],[36,1],[52,-58],[75,-68],[13,-25],[-9,-93],[-43,-88],[9,-39],[38,-8],[81,76],[56,-30],[38,31],[18,46],[46,49],[45,7],[51,-18],[34,-33],[44,-15],[40,26],[52,82],[111,-36],[37,-1],[65,42],[40,-73],[34,-28],[-14,-38],[95,-4],[35,-8],[28,34],[1,60],[94,-27],[38,10],[-5,-45],[35,-24],[105,55],[71,9],[-10,88],[-40,40],[17,68],[-31,16],[10,41],[54,54],[19,-1],[40,52],[48,18],[14,72],[34,18],[29,57],[43,2],[23,35],[76,10],[52,41],[55,12],[28,32],[42,1],[17,39],[78,90],[37,23],[6,65],[56,10],[48,42],[37,16],[1,27],[1469,101]],[[14346,70342],[-13,-76],[20,-62],[-17,-118],[32,-61],[50,-30],[61,-157],[-11,-22],[-54,4],[-38,-28],[-18,-78],[-46,-46],[-6,-75],[-73,-62],[-44,-83],[-53,-194],[17,-39],[-31,-62],[-16,-66],[90,33],[37,1],[76,-98],[56,-6],[33,-22],[45,33],[30,-50],[36,3],[49,24],[26,31],[34,-9],[45,36],[56,14],[53,-14],[125,112],[41,-32],[34,-1],[20,33],[52,29],[51,7],[43,100],[87,85],[50,22],[67,1],[40,25],[5,51],[40,119],[29,31],[105,-9],[88,3],[53,30],[78,-66],[9,-31],[52,-50],[45,5],[84,32],[35,-26],[44,9],[70,-41],[46,6],[37,-23],[42,7],[75,-48],[60,-60],[18,-52],[66,-60],[84,-13],[32,-22],[45,-2],[36,-36],[29,22],[52,-15],[68,-57],[72,-7],[19,-35],[30,16],[38,-7],[45,13],[42,-38],[30,26],[74,-2],[23,-33],[34,-12],[9,-38],[45,-14],[23,-40],[34,1],[18,-30],[62,46],[33,-9],[-14,-55],[-57,3],[-66,-98],[5,-61],[-15,-38],[-53,-22],[-30,-37],[-19,22],[-28,-30],[-43,-13],[-29,27],[-107,-21],[-41,21],[-27,-13],[-40,-70],[-81,3],[-18,-46],[-59,-16],[-21,-33],[-90,-5],[-44,-20],[-24,32],[-56,-20],[-51,-53],[-120,41],[-57,-21],[-50,24],[-44,-39],[-16,36],[-48,2],[-70,34],[-40,40],[-36,3],[-27,28],[-49,-42],[-16,-37],[-25,4],[-91,-35],[-27,18],[-51,-4],[-16,-34],[-68,1],[8,-30],[-48,-86],[-40,15],[-22,-27],[-59,7],[-28,-14],[-41,28],[-59,19],[-22,-22],[-76,28],[-27,-46],[-53,44],[-18,-62],[8,-41],[-41,-25],[-9,-38],[-26,-13],[-13,-104],[-128,-666],[-19,-93],[5,-106],[10,-55],[-11,-63],[-28,-29],[-14,-59],[-94,-68],[-22,-59],[-49,-82],[-31,-25],[-32,24],[-37,2],[-8,39],[-24,29],[-3,42],[-33,47],[-16,-10],[-53,23],[12,59],[-41,63],[-4,41],[-36,13],[-67,0],[-9,-18],[-50,25],[-39,-2],[-31,20],[-52,-20],[-17,8],[-52,-26],[-36,8],[-14,-37],[-45,26],[61,55],[-17,80],[-32,22],[7,33],[-26,57],[-30,26],[-50,-26],[-26,30],[-90,11],[-33,-15],[-44,29],[-54,53],[-52,-18],[-27,-56],[-33,-17],[-53,5],[-35,-46],[-33,18],[-25,-32],[-37,-5],[-15,56],[-46,26],[-11,-17],[-70,-30],[-89,-72],[-109,44],[-58,-44],[-95,-19],[-45,5],[-29,23],[-36,0],[-53,20],[-14,40],[-56,-54],[8,-41],[-13,-38],[37,-73],[-33,-76],[-35,-11],[-27,26],[-34,-16],[-23,59],[-55,10],[-2,47],[-44,42],[-33,11],[11,45],[-31,50],[-122,92],[-74,1],[-34,-12],[-23,-33],[-35,-13],[-87,31],[-39,-2],[-54,20],[-77,-28],[-54,9],[-35,-15],[-55,6],[-19,34],[-31,-1],[-19,37],[-31,-21],[-41,13],[-30,38],[-49,10],[-46,-49],[-36,5],[12,56],[29,46],[-30,21],[-34,-9],[-26,-57],[-29,-4],[-12,40],[-40,-37],[-17,58],[-35,-10],[-43,32],[-19,60],[0,81],[-16,12],[-60,-15],[-18,26],[-47,12],[-53,-90],[-41,-41],[-52,-31],[-16,16],[-45,-42],[-53,7],[-33,-21],[-86,2],[-65,-40],[-53,-97],[5,-32],[-64,-33],[-43,-41],[-56,-17],[11,-60],[68,-41],[-2,-64],[-64,-30],[-11,-60],[30,-52],[15,-73],[-39,-73],[-1,-60],[23,-31],[-5,-61],[-50,-62],[38,-55],[15,-58],[-56,-28],[-17,-59],[40,-56],[-26,-56],[-28,-27],[-38,-127],[-26,-55],[25,-33],[-62,-102],[-4,-50],[36,-44],[42,-34],[-30,-74],[-65,-16],[-35,-73],[11,-42],[-29,-49],[-70,-43],[-19,-40],[-36,-32],[-53,13],[-55,-90],[-30,-6],[-43,-58],[-6,-53],[-57,-15],[-10,-61],[33,-44],[-5,-84],[-25,-32],[8,-65],[29,-54],[-27,-114],[17,-104],[59,-53],[1,-69],[-23,-31],[3,-39],[-43,-25],[51,-26],[49,17],[-3,-47],[10,-115],[25,-86],[-14,-45],[18,-13],[14,-80],[-15,-154],[25,-31],[-3,-45],[20,-36],[-10,-67],[-31,-54]],[[9384,79412],[156,1406],[101,957],[-15,97],[48,95],[-10,103],[16,81],[66,45],[-2,43],[-25,50],[-4,105],[-7,29],[-51,99],[-1,45],[33,99],[-2,75],[33,36],[-9,78],[-61,75],[-9,26],[6,61],[-46,31],[46,96],[-46,12],[-21,-11],[-35,34],[-1,44],[-52,39],[-42,19],[-14,23],[-47,26],[5,92],[-39,60],[-23,1],[-63,45],[31,51],[-37,54],[-93,74],[4,22],[-34,74],[24,23],[28,64],[30,41],[22,90],[-2,61],[-35,6],[-18,41],[-25,15],[24,85],[-34,56],[-20,11],[5,69],[-55,35],[-29,38],[-99,30],[-32,24],[-44,7],[-53,35],[-57,72],[-33,25],[-116,42],[-55,87],[-40,-8],[-51,6],[-21,-13],[-74,40],[-37,63],[-65,51],[-86,123],[-56,39],[-92,75],[-6,73],[21,33],[14,57],[-8,47],[-17,229],[-12,215]],[[8036,85790],[59,1],[56,-17],[27,-32],[1,-102],[13,-30],[55,-10],[24,-23],[14,-58],[6,-81],[12,-25],[51,-41],[36,-13],[30,-56],[28,-30],[40,3],[41,54],[83,17],[17,31],[13,66],[19,20],[36,-7],[42,-51],[-3,-67],[13,-60],[54,-47],[66,-7],[70,16],[40,-17],[33,-48],[105,-60],[0,-147],[12,-83],[31,-37],[40,-20],[76,-5],[101,-52],[34,-25],[8,-76],[22,-19],[45,21],[54,-5],[32,13],[29,-14],[31,-42],[55,-34],[53,-96],[21,-15],[85,-10],[36,-51],[62,-25],[57,8],[61,24],[91,-25],[55,-35],[48,16],[48,1],[28,49],[52,16],[43,31],[73,-5],[4,26],[38,23],[91,0],[36,17],[96,-18],[111,-46],[58,-48],[79,-8],[83,-44],[168,-28],[42,-32],[50,-61],[17,-36],[61,-52],[31,-56],[19,-8],[31,-108],[155,-93],[107,-18],[37,14],[55,-6],[95,10],[59,56],[36,-4],[53,16],[126,91],[34,48],[41,-1],[16,29],[65,6],[57,28],[13,-16],[86,6],[15,-12],[47,-828],[58,-1245],[81,-37],[90,7],[63,45],[60,24],[99,-7],[73,-24],[69,-53],[70,-9],[62,26],[54,52],[51,23],[74,-8],[110,-70],[49,-22],[55,-3],[144,49],[83,-137],[-3,-75],[27,-41],[44,-10],[86,-54],[67,-25],[88,1],[117,36],[44,-16],[64,-42],[19,4],[35,86],[58,37],[32,-2],[48,23],[55,9],[76,-23],[46,7],[45,27],[87,5],[61,14],[95,62],[80,10],[62,-1],[103,-28],[78,13],[130,-43],[85,18],[69,-4],[80,27],[101,-2],[90,-53],[77,4],[110,64],[61,81],[74,43],[47,17],[59,39],[69,17],[61,33],[39,36],[57,73],[29,11],[54,-8],[71,29],[45,-13],[12,-25],[-15,-125],[23,-44],[42,-30],[68,-12],[66,57],[43,77],[60,74],[113,55],[101,84],[56,32],[62,22],[224,35],[47,-7],[93,16],[70,-18],[45,-28],[44,-69],[38,-27],[101,0],[83,-50],[58,-20],[87,17],[52,2],[89,-41],[36,-44],[22,-59],[1,-50],[-16,-77],[19,-78],[58,-52],[29,-13],[106,12],[42,-18],[43,-74],[7,-52],[-2,-128],[30,-65],[43,-12],[26,33],[1,41],[36,69],[65,30],[43,-3],[71,-46],[91,-30],[57,-4],[42,-19],[48,-17],[144,32],[47,-13],[39,-40],[36,-88],[10,-99],[-9,-170],[30,-57],[83,-35],[61,11],[59,27],[64,-17],[37,43],[13,54],[33,52],[77,58],[30,14],[70,3],[23,-31],[-26,-261],[52,-65],[10,-47],[-22,-129],[14,-40],[102,30],[45,53],[69,19],[58,-9],[22,15],[36,69],[84,32],[65,48],[42,-1],[31,-44],[11,-53],[-14,-83],[-29,-79],[-6,-59],[27,-51],[85,-79],[8,-50],[43,7],[36,-21],[34,-51],[22,42],[37,7],[47,-32],[88,-19],[50,27],[15,114],[16,29],[80,-9],[69,-35],[62,-17],[98,-114],[2,-30]],[[21649,80495],[-84,-20],[-32,-35],[-61,9],[-17,-10],[-4,-113],[-90,16],[-70,3],[-16,-51],[30,-103],[66,-134],[6,-77],[30,-28],[38,3],[12,-44],[-15,-89],[22,-37],[70,-54],[-2,-67],[33,-90],[-15,-43],[13,-26],[38,-13],[98,-11],[66,-58],[-4,-67],[-41,-55],[-132,0],[-49,-61],[-57,6],[-103,-8],[-14,-24],[30,-34],[-5,-44],[28,-44],[36,-14],[48,-105],[34,-25],[-15,-37],[-1,-68],[18,-46],[-8,-36],[48,-67],[47,-11],[12,-29],[88,-87],[40,-9],[40,-49],[0,-105],[23,-50],[65,-9],[12,37],[40,13],[-4,-47],[52,5],[-29,-44],[-1,-74],[-38,10],[-3,-66],[74,-36],[59,-81],[25,-45],[39,-15],[21,-43],[24,30],[29,-24],[41,-4],[18,-38],[-21,-55],[30,-38],[34,30],[35,6],[20,-37],[6,-64],[35,4],[23,-74],[-54,-33],[-47,0],[-7,-66],[-44,-77],[5,-62],[35,-16],[-54,-82],[2,-65],[17,-13],[86,-25],[16,-39],[43,23],[44,-14],[40,-51],[-46,-12],[2,-28],[93,-19],[29,-37],[9,-72],[15,-13],[49,52],[38,8],[16,-62],[68,48],[-6,-48],[29,-17],[44,-53],[-8,-20],[-52,17],[7,-42],[34,-23],[-5,-145],[26,-37],[37,-19],[46,-63],[86,-13],[42,48],[90,4],[39,-8],[17,-36],[-59,-1],[-178,-36],[-185,-13],[-31,26],[-56,96],[8,49],[-36,99],[-56,13],[-13,-15],[-127,1],[-6,-164],[-39,36],[-42,-19],[-73,-85],[-36,-54],[6,-46],[-17,-94],[-54,-19],[-70,-47],[-58,-15],[-39,-57],[-10,-42],[-45,-64],[-56,-11],[-46,-51],[-37,-9],[-83,16],[-55,-31],[-93,-15],[-85,50],[-98,17],[-37,-15],[-51,-68],[8,-42],[-10,-70],[-35,-56],[-64,-31],[-39,-53],[-40,-92],[-29,-24],[-43,5],[-42,22],[-31,-24],[-18,-45],[-6,-96],[-21,-44],[-105,-32],[-32,-42],[-49,-118],[-49,-40],[-64,-23],[-62,14],[-62,-34],[-65,-11],[-80,35],[-34,-30],[-20,-43],[-23,-134],[-1,-135],[-33,-59],[-33,-23],[-103,-33],[-37,-49],[-29,-114],[-139,-133],[-76,-57],[-88,-92],[-69,-18],[-73,5],[-82,40],[-24,-11],[-8,-46],[-29,-70],[-53,-35],[-61,-6],[-34,-34],[-30,-215],[-18,-40],[-101,-104],[-56,-105],[-73,-80],[-9,-42],[24,-112],[-13,-44],[-44,-56],[-56,-113],[-58,-23],[-43,-3],[-44,-35],[-22,-88],[1,-70],[30,-19],[58,19],[36,-29],[-10,-43],[-90,-104],[-21,-43],[12,-85],[45,-99],[8,-99],[-31,-31],[-43,19],[-45,42],[-35,-14],[-23,-33],[-39,-12],[-78,16],[-60,-25],[-52,-44],[-40,-59],[-38,-86],[-21,-155]],[[18372,72125],[-28,-5],[-68,79],[-57,20],[-74,-52],[-77,-18],[-101,5],[-46,39],[19,62],[-17,16],[-57,5],[-25,-35],[-37,-22],[-34,52],[-82,3],[-176,19],[-60,-12],[-30,-30],[-66,-41],[-35,8],[-34,-25],[-48,-63],[-90,-51],[-154,-11],[-52,-32],[-34,14],[-14,45],[-34,22],[16,45],[-28,61],[-34,9],[-14,-35],[28,-33],[-18,-65],[2,-45],[-21,-83],[-105,-58],[-23,-63],[-63,-51],[-9,-48],[-24,-32],[-47,-3],[-23,35],[-94,-11],[-32,-18],[-38,17],[4,42],[-31,20],[-30,-22],[-112,22],[-67,42],[-41,13],[-6,115],[-90,67],[-40,11],[-40,-66],[1,-62],[-29,-82],[-33,-17],[-38,13],[-37,-61],[-108,-109],[-53,-34],[-19,-66],[1,-69],[-85,6],[-17,-29],[-72,-43],[-18,-37],[11,-86],[51,-33],[4,-22],[-96,-93],[-90,-183],[-61,-89],[-17,8],[-22,61],[-4,47],[-53,19],[-95,-47],[-33,-30],[9,-48],[24,-43],[45,-43],[-16,-61],[-81,-24],[-54,-34],[-48,12],[-8,62],[-121,-10],[-64,-54],[-37,-4],[-36,-85],[-19,-127],[-36,2],[-62,49],[-38,49],[-71,38],[-34,-25],[-57,-6],[-11,-44],[9,-92],[28,-69],[33,-7],[22,-39]],[[8036,85790],[-50,1053],[-9,201],[41,0],[10,-36],[45,-4],[27,53],[47,28],[13,-24],[57,-14],[39,30],[22,53],[47,-2],[20,-20],[63,17],[67,30],[44,-16],[10,-26],[53,63],[50,28],[31,45],[25,-17],[35,7],[13,68],[42,28],[45,48],[76,-20],[35,-61],[67,-14],[27,26],[7,52],[55,38],[-1,30],[77,3],[-4,42],[35,37],[22,-2],[27,41],[38,23],[46,-14],[9,-34],[52,-12],[3,-39],[67,-46],[4,-35],[99,-80],[25,-38],[39,42],[70,30],[22,31],[41,-73],[-27,-43],[52,2],[24,15],[65,-11],[61,22],[41,110],[28,13],[113,-18],[43,11],[-76,131],[-87,50],[-20,63],[33,37],[48,9],[15,46],[-19,67],[-36,46],[-3,59],[56,5],[12,64],[-88,60],[-32,-1],[-17,75],[63,38],[-25,34],[-79,27],[-36,30],[38,40],[-25,51],[-129,105],[-58,-8],[-79,80],[-65,-9],[-28,-16],[-45,16],[-13,-34],[-69,-81],[-45,10],[-8,59],[-133,10],[-66,-25],[-106,-4],[-51,17],[-48,40],[-56,-30],[-44,-1],[-51,-23],[-30,-31],[-60,31],[4,57],[-12,36],[-46,-31],[-57,4],[-69,-48],[-38,-74],[-66,-7],[-35,31],[-57,1055],[-22,562],[38,-9],[13,-28],[63,17],[60,40],[38,40],[96,33],[26,-13],[41,11],[5,-29],[57,6],[126,78],[83,38],[34,39],[119,-42],[40,-23],[70,-3],[15,13],[60,-15],[101,-63],[490,39],[422,22],[721,42],[1283,72],[-8,47],[-47,6],[21,45],[-45,33],[-36,2],[-40,-35],[-39,-4],[-22,55],[22,91],[-78,-11],[3,85],[23,47],[18,124],[78,93],[24,-1],[36,48],[39,17],[19,-17],[41,21],[46,-46],[21,-54],[28,-18],[41,-87],[53,-6],[52,7],[46,-34],[52,-60],[76,-66],[74,-2],[27,12],[18,46],[36,37],[-19,80],[72,16],[53,48],[54,67],[7,30],[32,26],[85,169],[24,22],[45,4],[127,-35],[64,-5],[120,15],[29,32],[44,130],[65,56],[13,91],[66,76],[49,25],[122,80],[20,66],[17,22],[49,15],[50,-4],[60,-32],[53,-60],[9,-48],[19,-224],[18,-49],[15,-123],[25,-71],[48,-188],[36,-95],[22,-31],[83,-41],[35,9],[130,-3],[42,-19],[44,-54],[40,-68],[24,-79],[47,-87],[-7,-67],[7,-62],[34,-59],[13,-50],[19,-238],[3,-113],[16,-68],[5,-77],[-14,-107],[-12,-195],[1,-94],[13,-81],[-1,-63],[14,-71],[-9,-93],[542,189],[635,-557],[690,-591],[247,77],[59,-2],[14,-29],[78,-54],[70,23],[14,29],[62,-8],[28,25],[-6,27],[17,68],[34,-6],[42,27],[50,-28],[56,20],[52,0],[43,80],[13,42],[28,27],[-9,49],[25,25],[41,-4],[62,35],[17,53],[26,24],[72,27],[35,32],[53,8],[14,20],[48,8],[13,44],[24,5],[26,45],[64,-3],[39,19],[22,-33],[79,58],[68,-55],[-7,51],[39,14],[10,-24],[49,14],[34,-60],[35,-22],[38,1],[16,-69],[69,-80],[-6,-78],[23,-83],[-46,-73],[-53,-130],[-19,7],[-39,-36],[-3,-51],[-35,-60],[36,-24],[33,-90],[26,-44],[32,-23],[22,50],[71,14],[12,17],[100,22],[66,61],[3,62],[55,48],[-9,80],[8,24],[-42,62],[35,16],[13,59],[35,15],[6,39],[51,24],[-12,29],[30,24],[30,99],[18,-9],[44,39],[92,-17],[56,-31],[75,23],[30,-44],[34,31],[38,73],[1,50],[36,102],[-47,3],[27,116],[2,107],[-11,68],[76,30],[7,29],[37,28],[37,-26],[39,21],[26,-39],[-11,-48],[105,-6],[35,37],[34,56],[49,60],[21,43],[-24,70],[42,38],[20,-39],[41,-1],[44,70],[37,19],[12,-41],[41,25],[36,59],[-21,14],[84,69],[33,51],[17,-10],[36,-61],[-9,-42],[32,-27],[42,-69],[41,-12],[57,36],[18,33],[26,104],[41,-18],[58,22],[57,76],[55,42],[48,6],[34,44],[-18,54],[20,21],[46,87],[54,26],[-3,23],[72,22],[55,67],[54,33],[36,-19],[54,70],[39,74],[110,-18],[7,-41],[-18,-47],[-38,-34],[-1,-37],[-37,-70],[-18,-90],[54,-19],[43,11],[40,-13],[30,28],[10,41],[-5,64],[54,85],[81,45],[13,39],[49,31],[59,-4],[48,43],[1,46],[59,87],[56,19],[43,-11],[32,31],[10,46],[28,27],[17,59],[27,33],[22,60],[7,66],[-27,60],[6,56],[-23,28],[35,79],[14,92],[-4,40],[-36,27],[19,78],[-4,122],[100,57],[54,75],[47,30],[88,-1],[38,-15],[38,23],[45,-21],[80,-7],[21,-36],[38,12],[12,59],[94,-21],[57,60],[47,-10],[2,43],[83,79],[36,-36],[-8,-21],[58,-14],[16,42],[-6,82],[41,0],[51,63],[11,45],[26,3],[28,34],[61,14],[15,20],[61,-1],[66,-42],[40,6],[39,30],[20,37],[55,-38],[55,18],[54,41],[18,93],[-16,41],[54,33]],[[23633,92047],[30,-36],[120,-77],[67,-26],[48,10],[111,51],[50,16],[68,0],[58,-18],[9,-75],[48,-116],[31,-42],[53,-44],[21,-38],[58,-42],[72,-33],[102,11],[76,37],[68,-13],[194,-15],[24,-7],[38,-54],[202,-72],[35,-24],[29,-42],[13,-55],[-11,-97],[-60,-144],[1,-48],[27,-195],[-13,-58],[-64,-64],[-92,-118],[-20,-52],[1,-49],[58,-46],[111,-105],[15,-76],[24,-27],[54,-32],[53,-51],[89,-39],[49,-86],[-13,-48],[16,-57],[23,-25],[23,-67],[13,-91],[54,-158],[45,-100],[16,-53],[21,-116],[39,-81],[21,-12],[117,10],[-13,-76],[11,-102],[72,-103],[8,-42],[-24,-62],[-32,-29],[-38,-123],[11,-85],[36,-33],[20,-75],[-9,-58],[-86,-77],[-75,-122],[-10,-67],[52,-207],[-9,-97],[-19,-121],[26,-58],[13,-107],[23,-9],[55,38],[66,-91],[8,-64],[24,-34],[-33,-68],[-13,-51],[21,-49],[-16,-117],[31,-62],[6,-92],[35,-31],[37,-106],[-9,-89],[13,-69],[23,-43],[58,-36],[48,-12],[59,-61],[60,-136],[1,-97],[14,-57],[-3,-46],[63,-65],[9,-28],[54,-61],[56,-26],[1,-94],[-18,-22],[2,-43],[28,-61],[-27,-28],[45,-116],[38,17],[75,-48],[-13,-21],[-1,-66],[-25,-33],[10,-41],[-34,-17],[-22,-69],[-108,-76],[-46,-139],[-33,-18],[13,-52],[-32,-47],[24,-38],[-2,-40],[46,-47],[-22,-23],[32,-70],[-49,-59],[-42,10],[-33,-51],[-69,-5],[10,-85],[-35,9],[-57,-56],[-10,43],[-44,43],[-96,-6],[-41,31],[-19,-58],[-30,-28],[7,-42],[27,-50],[-35,-23],[23,-57],[49,-33],[35,17],[10,-33],[67,-3],[31,-21],[59,-18],[4,-22],[43,-18],[29,-104],[20,6],[40,-74],[29,-28],[26,5],[12,-41],[35,-26],[62,-27],[32,-60],[75,8],[56,-22],[10,-45],[67,-12],[9,-21],[61,-57],[41,1],[35,-58],[-15,-42],[45,-51],[88,-5],[55,-46],[53,-58],[70,-152],[5,-39],[51,-65],[25,-59],[18,-80],[55,-59],[51,-90],[4,-59],[22,-41],[65,-14],[69,4]],[[27515,82934],[53,6],[44,50],[67,-4],[69,-22],[54,-44],[143,-48],[53,-8],[72,-34],[48,-40],[62,-78],[37,-78],[149,-137],[19,5]],[[28385,82502],[30,-71],[94,-32],[23,-42],[-7,-80],[14,-91],[-25,-138],[14,-93],[49,-94],[33,-85],[11,-82],[-16,-12],[-72,2],[-98,-14],[34,-66],[-8,-43],[-41,-9],[-55,-46],[-17,8],[-75,146],[-14,108],[-86,1],[-51,-26],[-12,28],[7,61],[-13,19],[-60,-5],[-35,18],[-30,-29],[20,-53],[-20,-39],[-27,7],[-35,-54],[-25,7],[-76,-27],[-32,23],[-45,-39],[35,-47],[-17,-18],[-64,2],[-30,-43],[-35,-20],[-49,49],[-42,8],[-19,-37],[-68,3],[12,50],[-17,10],[-85,-42],[15,-26],[-18,-28],[-38,27],[-13,-21],[38,-36],[-50,-15],[-39,-95],[-38,-1],[-23,-25],[-3,-40],[-70,15],[6,50],[-38,25],[-23,36],[-58,-68],[-25,-95],[28,-30],[-25,-43],[-60,21],[-19,-71],[-76,-75],[-17,-58],[-69,28],[-43,-6],[-38,-68],[-34,43],[-126,-74],[-24,29],[-76,-47],[-42,-74],[-57,-28],[-146,-39],[-51,-42],[-71,-37],[-38,-8],[-73,-73],[-61,-5],[-9,-18],[-120,-3],[-43,-19],[-39,9],[-137,1],[-32,-30],[-42,-5],[-43,-40],[-78,-41],[-56,-15],[-75,-48],[-12,-41],[-48,-108],[-43,-46],[-108,-8],[-110,-47],[-37,-36],[-43,8],[-16,-82],[-81,12],[-70,-17],[-49,-2],[-37,-22],[-81,-8],[-51,19],[-85,1],[-53,38],[-55,80],[-61,11],[-30,-29],[-32,-56],[-84,-73],[-48,2],[-82,44],[-43,56],[-19,89],[-24,46],[-43,32],[-100,-29],[-42,10],[-68,61],[-67,14],[-36,-26],[-56,-65],[-55,-7],[-88,32],[-42,-30],[-28,-88],[-56,-42],[-122,-8],[-48,22],[-44,-7],[-40,-27],[-39,-9],[-72,12],[-119,-18]],[[22624,80070],[-42,55],[-11,127],[-73,113],[-2,65],[14,81],[-8,78],[20,68],[-49,71],[1,67],[-41,1],[-106,-82],[-25,-3],[-74,25],[-92,20],[-20,35],[-14,67],[-40,45],[-39,25],[-74,-12],[-47,-47],[-8,-59],[6,-118],[-5,-32],[-61,-33],[-38,-63],[-22,-69],[-55,-30],[-70,30]],[[18372,72125],[59,-26],[76,-111],[55,-12],[82,20],[31,31],[40,77],[53,17],[53,-176],[52,-82],[56,-14],[88,84],[38,-11],[26,-118],[76,-102],[95,-71],[84,-27],[96,-47],[58,16],[65,65],[62,23],[35,-21],[49,-77],[31,-26],[79,-8],[74,-39],[44,-84],[41,-13],[60,33],[95,92],[43,12],[44,-16],[77,-72],[38,-49],[43,-3],[121,30],[104,-1],[108,-28],[121,-60],[99,-2],[116,-42],[51,-2],[42,12],[41,46],[79,47],[41,61],[48,47],[11,41],[47,40],[105,39],[36,5],[43,-39],[73,29],[35,52],[3,93],[48,91],[17,97],[47,32],[40,8],[85,75],[74,46],[82,68],[153,24],[54,41],[26,40],[73,50],[64,-1],[59,12],[35,30],[18,45],[1,56],[39,50],[49,104],[17,92],[26,37],[185,88],[39,69],[101,47],[63,64],[67,48],[63,16],[72,53],[65,17],[57,31],[48,-2],[91,-61],[40,-13],[77,21],[42,-8],[74,-39],[65,-2],[196,25],[97,58],[62,24],[36,57],[7,64],[21,57],[-1,139],[10,27],[75,74],[54,96],[68,55],[27,86],[10,79],[19,72],[31,69],[66,59],[112,24],[81,71],[77,20],[59,32],[95,64],[22,67],[-2,67],[-12,42],[-81,126],[-19,90],[19,42],[64,-15],[15,-85],[54,-56],[112,-66],[65,-2],[79,23],[89,-102],[-29,-80],[33,-54],[30,-78],[-12,-89],[-19,-35],[21,-41],[55,-31],[50,-72],[40,-24],[37,21],[36,-2],[31,-32],[29,-108],[-4,-44],[-25,-35],[-64,-59],[10,-63],[35,-13],[56,33],[18,43],[12,77],[26,31],[40,13],[177,-254],[593,-605],[539,-552]],[[27172,72414],[-49,-120],[-77,-121],[-253,-474],[-120,-229],[-209,-265],[-50,-56],[-92,-80],[-49,-94],[-14,-41],[-80,-160],[-52,-96],[-179,-253],[-92,-99],[-50,-45],[-39,-48],[-56,-100],[-28,-62],[-62,-100],[-91,-93],[-32,-51],[-41,-71],[-30,-88],[-90,-122],[-22,-62],[-25,-189],[-33,-180],[-80,-217],[-90,-162],[-301,-16],[7,-34],[34,-37],[7,-108],[-4,-53],[66,-95],[-93,-117],[-21,14],[-34,-33],[-37,-12],[29,-61],[-33,-25],[-17,-41],[-77,-23],[-31,-36],[-72,-24],[14,-34],[-8,-95],[-17,-83],[-23,-46],[57,-19],[1,-47],[48,-49],[-53,-78],[36,-131],[-16,-51],[72,-5],[39,-22],[12,-31],[-9,-57],[-26,-28],[-13,-44],[-31,31],[-42,19],[-75,-14],[-1,-75],[49,-21],[21,-34],[-44,-92],[-27,-26],[-19,-50],[-66,-29],[-10,-59],[-39,-25],[-8,-65],[-43,-26],[-12,-48],[35,-44],[36,-20],[1,-51],[36,-16],[-26,-69],[-15,-99],[-29,-28],[-84,-31],[-44,1],[-20,-35],[-84,-72],[-38,-48],[-36,-22],[-9,-66],[-29,-26],[-90,-11],[-37,-20],[-26,-67],[33,-29],[-8,-29],[16,-166]],[[23859,65753],[-10,-122],[12,-35],[-37,-47],[-26,-52],[-36,-41],[12,-50],[-16,-55],[-51,-97],[-67,-47],[-40,-41],[-15,-47],[63,-106],[-53,-56],[-29,-56],[-29,-78],[-39,-35],[-81,68],[-51,27],[-54,14],[-55,-36],[-34,-71],[-48,8],[-28,-18],[2,-148],[-71,-60],[-1,-27],[56,-19],[35,-34],[-3,-28],[-72,-71],[7,-55],[64,-68],[-2,-63],[52,-21],[-2,-42],[-46,-91],[-94,59],[-9,-84],[-30,-23],[0,-42],[-25,-29],[2,-39],[-42,-70],[19,-57],[-71,12],[-37,-9],[-44,-42],[-69,28],[-40,-71],[-1,-87],[38,-74],[-14,-40],[-49,-62],[24,-77],[-5,-42],[27,-145],[-16,-37],[-58,-7],[-131,-88],[-54,8],[-124,-26],[-35,42],[34,120],[-51,7],[-109,-46],[-150,-85],[-56,6],[-58,-16],[-85,3],[-38,-6],[-41,-37],[-23,7],[-19,-56],[-53,-20],[-70,23],[-68,-24],[-29,54],[-37,12],[-32,-16],[-37,-50],[-69,-24],[-41,66],[-32,20],[-37,1],[-71,-26],[-70,-50],[-37,-46],[-14,-39],[-53,0],[6,-83],[-50,-132],[3,-62],[14,-16],[38,-171],[-28,-54],[-6,-40],[-58,-99],[-54,0],[-31,-35],[-2,-35],[-24,-29],[17,-38],[-36,-8],[-39,-37],[10,-40],[-38,-73],[-56,0],[-32,-23],[9,-41],[-56,-22],[-65,-40],[-29,24],[-70,24],[1,52],[22,57],[-52,25],[15,80],[-51,90],[-9,80],[-82,52],[-53,-18],[-82,-77],[-79,-50],[-18,-37],[-60,-6],[-35,-41],[-39,43],[-71,25],[-13,-90],[6,-65],[-21,-81],[32,-48],[29,-99],[-55,-34],[-26,28],[-20,-36],[-60,5],[-10,58],[-36,0],[-61,52],[-92,28],[-121,-57],[-17,-37],[-67,-14],[1,-128],[-34,-21],[-37,-99],[-34,-49],[-48,22],[-12,-40],[-33,7],[-16,-32],[-49,-22],[-14,37],[-29,20],[-20,84],[-52,-8],[2,41],[-32,14],[-49,58],[-56,-4],[-30,25],[-35,78],[-46,27],[-45,59],[-37,-2],[-37,22],[-92,0],[-37,-43],[-95,6],[-53,12],[-68,-34],[-43,-39],[-72,19],[-88,-13],[-39,46],[-70,-7],[17,-51],[-53,-15],[-28,43],[-51,-21],[-28,26],[-48,-28],[-79,47],[-12,-40],[44,-39],[19,-69],[-4,-95],[-80,-89],[-21,-57],[-62,-76],[-60,-53],[-10,-85],[-82,-30],[-32,-40],[-77,-44],[-54,20],[-32,-43],[-135,-96],[-13,-51],[-74,-61],[-75,-15],[-40,17],[-7,-101],[-56,-63]],[[22624,80070],[2,-56],[-53,-103],[-14,-58],[1,-71],[11,-26],[47,-24],[44,5],[60,28],[52,9],[51,-9],[92,16],[41,36],[71,-22],[52,-91],[45,-144],[52,-111],[8,-62],[32,-115],[-7,-52],[-23,-54],[12,-55],[30,-27],[48,4],[67,46],[75,31],[47,54],[57,18],[47,47],[90,27],[63,56],[36,53],[42,27],[145,-4],[63,15],[65,-3],[97,14],[51,-26],[60,-103],[46,-114],[54,-59],[70,-42],[46,-6],[56,22],[71,-4],[46,10],[43,30],[62,18],[73,-56],[23,-8],[119,-7],[71,-20],[34,-70],[15,-114],[-10,-53],[-26,-70],[-13,-74],[30,-20],[63,16],[154,7],[76,-38],[38,-2],[47,-50],[34,-53],[45,-44],[39,-24],[69,-9],[130,4],[102,-32],[72,-82],[59,-42],[75,-109],[51,-97],[50,-144],[11,-79],[2,-99],[25,-150],[30,-30],[66,-18],[86,0],[132,15],[28,-37],[53,2],[9,23],[-16,107],[16,69],[34,21],[142,44],[65,41],[33,38],[58,109],[53,39],[35,-26],[21,-35],[8,-74],[-20,-183],[18,-70],[26,-37],[74,-47],[-1,-49],[32,-86],[-16,-105],[5,-70],[51,-56],[119,-38],[77,-44],[78,-81],[58,-16],[112,17],[93,79],[47,1],[55,-32],[108,2],[62,-61],[34,-12],[41,12],[30,30],[82,7],[56,-31],[19,-33],[178,3],[99,110],[65,48],[179,-177],[424,0],[16,-55],[-32,-73],[36,-12],[-6,-89],[36,6],[51,-21],[54,10],[57,-4],[42,-68]],[[29527,76739],[-11,-113],[-23,-58],[-60,-82],[-37,-12],[-45,-43],[-30,-53],[-62,-44],[0,-62],[10,-368],[42,40],[108,-17],[65,33],[32,-18],[24,31],[42,90],[37,3],[37,-53],[36,6],[34,-14],[4,-71],[97,7],[19,-39],[35,-10],[25,-47],[44,35],[44,-32],[30,44],[86,-53],[-49,-154],[-51,-127],[-345,-353],[-20,-24],[-361,-324],[-185,-223],[-49,-89],[-48,-132]],[[29002,74413],[-33,-97],[-23,-37],[-228,-244],[-55,-98],[-105,-67],[-85,-71],[-92,-90],[-40,-51],[-93,-91],[-289,-306],[-36,-34],[-216,-171],[-141,-169],[-64,-58],[-110,-46],[-40,-45],[-144,-236],[-36,-88]],[[28385,82502],[0,132],[-20,25],[-67,26],[-34,41],[-40,119],[-21,37],[-61,0],[-20,49],[-50,4],[-38,31],[43,71],[41,38],[-9,38],[-100,112],[44,42],[-5,65],[30,76],[16,68],[33,33],[-21,52],[35,83],[-28,49],[26,35],[-29,29],[24,36],[50,10],[5,92],[-41,64],[-3,57],[-54,12],[8,69],[-14,48],[14,70],[45,45],[-1,75],[34,31],[-15,33],[-8,96],[21,98],[22,33],[37,16],[85,82],[14,80],[36,69],[52,-2],[20,14],[-7,49],[51,8],[39,37],[100,61],[50,-6],[64,58],[54,1],[120,46],[-1,52],[18,17],[-17,70],[33,18],[24,-17],[60,-4],[38,-18],[19,42],[47,6],[40,-24],[58,20],[57,-32],[21,-65],[51,-25],[20,13],[60,-39],[59,-5],[93,9],[35,13],[22,-66],[-8,-75],[20,-34],[62,-63],[50,19],[28,-30],[-4,-53],[21,-40],[73,-2],[35,-22],[12,-70],[-8,-42],[38,-9],[48,-32],[-29,-77],[41,-10],[-5,-85],[12,-35]],[[30035,84444],[-43,-63],[7,-72],[-20,-144],[-13,-46],[-1,-65],[-26,-17],[12,-61],[42,-70],[47,-41],[5,-27],[-51,-3],[-13,-25],[-42,-10],[-47,15],[-15,-16],[5,-86],[-23,-50],[-49,27],[-12,-18],[40,-78],[-13,-62],[30,-37],[-32,-46],[30,-35],[-29,-50],[-40,4],[-43,-19],[-38,35],[-54,-34],[-10,-42],[-47,-2],[-23,-77],[97,-13],[16,21],[67,-3],[10,-64],[50,-26],[36,-35],[29,-123],[-39,-28],[-4,-44],[66,-9],[-7,-57],[26,-21],[32,57],[60,23],[71,-13],[30,-32],[157,-77],[36,-43],[61,-24],[44,-29],[49,-49],[23,-61],[3,-82],[-63,-100],[-36,-119],[20,-85],[-14,-68],[0,-115],[21,-89],[16,-20],[-9,-84],[46,-45],[51,-69],[40,-19],[100,7],[101,-6],[48,-38],[22,-33],[204,-8],[-20,-23],[-107,-68],[-9,-21],[-147,-54],[-56,-5],[-92,36],[-38,-9],[-35,15],[-59,1],[-21,-26],[-31,-98],[-71,-73],[-36,-3],[-9,-60],[-21,-27],[43,-57],[-82,-112],[-50,-17],[-40,-27],[54,-80],[37,0],[22,-55],[-17,-43],[-43,-41],[33,-22],[13,-62],[-27,-33],[12,-39],[27,-27],[-51,-29],[2,-44],[-39,14],[-4,-44],[-77,-39],[60,-79],[-12,-45],[-57,-16],[-18,-19],[-22,-62],[-9,-105],[-14,-37],[125,-727],[-72,-24],[-60,2],[-57,-27],[-59,2],[-26,42],[-95,21],[-50,-67],[-111,-77],[0,-53],[28,-40],[28,-66],[-40,-33],[6,-96],[-40,-29],[27,-45],[84,9],[23,-33],[35,-15],[52,-77],[32,22],[33,-20],[31,9],[15,-40],[54,-43],[25,0],[26,-43],[55,1],[35,17],[57,-6],[69,-19],[69,-73],[48,-24],[128,36],[64,40],[90,-20],[33,21],[174,2],[209,-35],[-14,-33],[4,-43],[42,-42],[16,-58],[18,-5],[13,-79],[46,-7],[15,-78],[-95,-99],[-96,-5],[-204,-141],[-358,-242],[19,-40],[10,-64],[-19,-53],[24,-78],[-31,-94],[-43,-70],[-13,-38],[10,-40],[-51,-114],[-17,-80],[-33,-25],[-100,-25],[-58,-4],[-71,-32],[-83,-5],[-77,-17],[-48,-62],[-52,-23],[-46,34],[-79,-15],[-64,-42],[-35,-2],[-66,-103]],[[29002,74413],[652,-730],[254,-286],[435,11],[21,18],[50,89],[-22,79],[973,24],[79,150],[35,119],[17,37],[42,44],[36,17],[55,-4],[102,-48],[55,-11],[38,12],[96,62],[146,66],[78,24],[656,-1060],[-43,-56],[-16,-42],[-21,-123],[-43,-86],[2,-118],[30,-55],[19,-77],[67,-8],[92,36],[36,1],[45,26],[28,-59],[35,8],[57,-35],[14,-21],[-9,-50],[11,-27],[-62,-193],[-43,-34],[-3,-41],[-45,-95],[-10,-75],[17,-69],[31,-32],[-13,-51],[28,-41],[23,-4],[56,-83],[-3,-45],[36,-6],[65,-116],[72,15],[-32,-49],[55,-88],[42,-19],[24,-38],[-10,-62],[57,-56],[51,-16],[-6,-83],[41,-29],[10,-81],[35,-8],[26,-54],[6,-85],[23,-75],[53,-63],[-1,-85],[-30,-23],[-19,-58],[34,-22],[-21,-27],[-37,3],[-24,-55],[60,-55],[-13,-41],[54,-85],[16,-76],[26,-28],[14,-93],[-9,-40],[-681,-13],[-14,-32],[-36,-12],[-68,31],[-124,14],[-47,31],[-36,-10],[-29,-51],[-19,-2],[-65,32],[-16,55],[-34,-2],[-24,-64],[-31,-49],[-23,-120],[-40,5],[-57,-16],[-13,-37],[-67,-38],[12,-41],[-61,-132],[62,-41],[9,-60],[-33,-15],[-6,-39],[51,-14],[-23,-105],[41,-45],[22,-5],[9,-124],[34,16],[12,-52],[24,-8],[850,499],[470,289],[492,354],[182,6],[335,24]],[[34736,70208],[43,-107],[10,-64],[-5,-61],[-68,-191],[-17,-120],[26,-101],[-7,-123],[23,-78],[49,-59],[13,-42],[48,-36],[42,-46],[13,-40],[10,-104],[41,-67],[37,4],[19,-78],[26,-30],[81,-57],[52,-18],[55,-86],[4,-42],[43,-78],[36,7],[37,-82],[79,13],[59,-7],[23,-41],[57,10],[25,-9],[9,-41],[-29,-122],[-44,-41],[-27,-93],[21,-55],[-80,-34],[80,-99],[-27,-59],[-39,-49],[-34,-24],[37,-76],[28,-26],[16,-40],[91,-18],[813,31]],[[36405,67729],[24,-33]],[[36429,67696],[-22,-37],[-60,-64],[-90,-169],[2,-91],[-21,-80],[15,-88],[29,-80],[6,-84],[-85,-87],[-27,-61],[-55,-61],[-14,-40],[0,-68],[-15,-61],[-24,-35],[-91,-82],[-55,-23],[-31,-28],[-14,-44],[24,-54],[0,-89],[48,-117],[55,-63],[17,-63],[7,-84],[68,-119],[16,-45],[-13,-41],[6,-82],[-62,-51],[-11,-41],[23,-101],[-20,-61],[5,-104],[-17,-36],[29,-54],[-6,-62],[-52,-29],[-21,-35],[6,-39],[-11,-62],[-28,-58],[-64,-89],[-49,-114],[5,-64],[26,-60],[-13,-81],[49,-63],[-26,-56],[-5,-40],[-24,-33],[-51,-157],[59,-44],[82,46],[57,6],[52,-26],[-8,-38],[-37,-17],[-89,-111],[-63,-49],[-33,7],[-29,-25]],[[35779,63915],[-131,-11],[-1436,-29],[-810,-17],[-1354,-22],[-796,-11],[-956,-29],[-1706,-50]],[[28590,63746],[-53,9],[-42,94],[-14,13],[5,64],[-56,38],[-53,21],[-73,-9],[-19,51],[-65,-21],[5,-39],[-19,-37],[-58,-65],[-72,-1],[-51,38],[-30,-19],[-2,-105],[-28,-26],[-11,-38],[11,-38],[-15,-35],[10,-56],[-44,-26],[-54,-3],[-6,-31],[-73,-20],[-95,18],[-27,21],[-32,90],[-40,16],[-24,62],[-99,0],[-54,-29],[-62,17],[-73,160],[13,56],[-55,59],[15,41],[-39,55],[-45,34],[10,20],[44,1],[4,23],[-23,76],[-103,19],[-33,25],[-60,10]],[[27005,64279],[-46,-35],[-11,-44],[36,-61],[-22,-27],[-108,74],[-9,59],[28,62],[-20,45],[-9,77],[-39,11],[-29,47],[4,40],[-15,83],[17,60],[0,65],[-24,36],[-31,17],[-93,4],[-36,17],[-61,72],[-30,-17],[-17,-36],[-32,-19],[-39,-50],[-50,68],[-53,114],[12,19],[-70,89],[-34,-2],[-129,108],[8,19],[-22,58],[-31,17],[-32,48],[29,76],[-48,135],[-76,59],[-46,61],[-98,46],[-55,1],[-55,79],[-20,-2],[-59,48],[-577,-24],[-878,-30],[-276,7]],[[30035,84444],[6,-48],[48,8],[36,-29],[22,12],[76,-18],[19,-54],[31,30],[105,52],[37,-20],[6,49],[79,-16],[40,-38],[59,35],[29,55],[-40,19],[60,56],[-2,76],[35,31],[50,-7],[55,6],[78,40],[42,-4],[13,43],[85,13],[89,78],[-4,91],[-27,35],[2,47],[-33,2],[-56,45],[-37,87],[-33,29],[-8,49],[-37,29],[-7,92],[52,120],[75,61],[1,100],[17,42],[32,21],[11,49],[-12,54],[46,25],[-4,62],[31,28],[-37,72],[29,92],[-19,45],[32,3],[49,56],[-4,28],[37,30],[68,83],[-12,40]],[[31245,86330],[105,90],[64,-8],[72,26],[93,83],[45,-6],[94,22],[44,-11],[68,-36],[55,34],[-20,45],[60,-17],[11,63],[-30,78],[-31,32],[18,25],[35,-20],[38,10],[33,-29],[24,-70],[32,-27],[39,-77],[2,-61],[-37,-66],[-91,-79],[15,-61],[27,-17],[69,-15],[61,-46],[51,-76],[39,-46],[7,-47],[-72,-50],[-12,-45],[4,-58],[-20,-46],[14,-26],[-16,-86],[-17,-20],[19,-40],[38,8],[15,-56],[-17,-14],[-21,-67],[-22,-12],[-29,-58],[-54,35],[-77,-77],[-7,-33],[-58,-48],[10,-38],[-39,-99],[-78,-4],[-26,-30],[-55,-22],[-6,-19],[38,-53],[-31,-47],[27,-66],[-49,26],[-19,-65],[50,-119],[-4,-47],[51,-140],[33,-5],[62,-88],[80,-52],[23,5],[77,-48],[0,-45],[36,-26],[41,-3],[34,-33],[30,-75],[7,-73],[47,-49],[-5,-23],[49,-67],[53,-46],[50,-26],[17,8],[45,-69],[29,6],[15,-43],[35,-24],[32,37],[24,1],[16,62],[77,-28],[12,-42],[36,-33],[29,-5],[527,19],[13,-69],[-10,-36],[-9,-73],[28,-45],[0,-111],[28,-35],[-8,-45],[-39,24],[-54,-2],[-82,-70],[-3,-88],[-60,-43],[-9,-52],[-23,-14],[-50,-74],[-37,-80],[3,-33],[79,-53],[64,51],[49,1],[31,-41],[33,14],[44,-18],[53,3],[23,-16],[59,6],[12,-64],[58,-4],[17,24],[4,54],[59,60],[20,-16],[75,1],[15,-23],[77,3],[12,-69],[38,-31],[47,-77],[-11,-76],[36,-51],[13,-50],[21,-11],[1,-47],[-35,-33],[6,-59],[-64,-43],[2,-48],[-30,-26],[-36,-60],[-48,-183],[15,-20],[-6,-47],[-28,-50],[-58,-18],[15,-75],[42,-28],[18,-47],[41,-67],[6,-57],[95,-49],[15,-18],[-16,-48],[91,-54],[23,-64],[-11,-24],[17,-92],[-35,-61],[-8,-128],[-26,-57],[-40,7],[-43,-42],[3,-65],[42,1],[38,-37],[-42,-22],[23,-40],[22,-2],[12,47],[22,21],[43,0],[13,-52],[56,-81],[-12,-23],[-51,-34],[-54,-114],[-68,-79],[-23,-38],[-229,-164],[-10,-84],[3,-21],[61,16],[25,33],[38,-10],[60,9],[54,-34],[12,-60],[32,-24],[-23,-57],[-52,-29],[-28,-37],[23,-58],[-1,-51],[-42,-69],[-43,-45],[0,-132],[-26,-31],[-55,-35],[-8,-47],[-43,-13],[-43,-32],[-109,-159],[2,-62],[-9,-89],[-27,22],[-85,-10],[-8,-37],[-49,-101],[-83,-58],[-46,-47],[-31,-14],[1,-42],[35,-14],[72,-91],[57,-47],[62,-14],[73,-43],[78,-89],[43,-19],[44,-45],[99,10],[106,-42],[52,-27],[82,-28],[-19,-28],[-90,-4],[-33,9],[-49,35],[-54,21],[-31,-2],[-173,18],[-15,-19],[-59,-74],[83,-29],[36,-27],[130,-59],[105,-39],[142,-80],[57,-24],[55,-5],[109,55],[46,12],[46,35],[77,17],[116,-117],[149,-212],[96,-71],[67,-4],[71,40],[17,-30],[-26,-96],[-38,-64],[-41,37],[-25,-3],[-68,-76],[-62,-95],[-41,-82],[22,-72],[-21,-60],[1,-33],[40,-21],[109,34],[33,28],[54,-13],[45,-37],[29,4],[84,55],[65,-13],[43,-47],[15,-85],[45,-39],[50,11],[21,68],[34,30],[26,-4],[29,-35],[78,-27],[45,-49],[-1,-22],[101,-98],[3,-65],[21,-35],[46,16],[53,-10],[-11,47],[25,73],[24,0],[25,-43],[41,-4],[10,50],[31,72],[23,15],[42,-15],[-6,75],[25,62],[49,37],[-32,58],[16,16]],[[35802,77499],[18,3],[90,-36],[43,12],[19,-23],[42,-5],[74,-32],[-2,-93],[62,-37],[7,-25],[-37,-51],[-107,18],[-83,-18],[-27,-135],[11,-58],[38,-56],[0,-73],[-32,-16],[-40,-49],[-21,-66],[-35,-27],[-115,-47],[-20,3],[-32,-37],[-58,-9],[-59,-50],[30,-75],[50,-13],[41,-63],[75,-60],[71,-110],[18,0],[38,-96],[51,-43],[-3,-54],[-17,-30],[46,-33],[45,-10],[34,-97],[46,-83],[65,-3],[33,40],[50,-2],[50,-25],[17,-32],[88,-338],[33,-126],[-47,-31],[-55,-11],[-7,-24],[-70,-42],[21,-45],[-7,-49],[-34,-1],[-44,-72],[24,-53],[-62,-10],[-13,-64],[37,-42],[-17,-32],[-69,2],[-16,-36],[29,-57],[-45,-54],[9,-47],[-11,-157],[-25,3],[-29,-33],[-2,-82],[-15,-95],[-50,5],[0,-73],[-51,-23],[-18,-65],[30,-54],[-36,-4],[-8,-48],[-43,-15],[-8,-48],[21,-51],[-50,-17],[-12,-49],[-19,-19],[7,-67],[-76,-51],[-14,-19],[29,-73],[-71,0],[-65,-51],[1,-29],[-39,-25],[-11,-66],[-28,22],[-48,4],[-64,-18],[34,-57],[-40,-15],[-27,-48],[-49,-26],[-42,6],[3,-81],[-50,28],[0,-68],[-55,8],[-18,16],[-35,-93],[-36,-70],[-47,-21],[13,-37],[30,-28],[-64,-39],[-71,-4],[-6,-26],[-55,9],[-25,-93],[24,4],[-25,-80],[8,-34],[-53,-85],[11,-42],[-17,-73],[3,-45],[-37,-13],[6,-113],[24,5],[42,-75],[14,-46],[-14,-18],[-17,-78],[2,-35],[-34,-51],[29,-10],[-4,-70],[34,-40],[19,-43],[-28,-80],[27,-38],[-31,-94],[32,-67],[-18,-61],[-4,-61],[36,-42],[-6,-52],[-27,-32],[1,-58],[-18,-107],[38,-62],[32,-83],[-22,-33],[29,-23],[-14,-60],[-42,-62],[-34,-198],[-17,-35],[-49,-24],[-76,-67],[-25,-70],[0,-42],[24,-77],[47,-61],[48,-28],[33,-47],[-3,-20]],[[31245,86330],[-13,23],[19,71],[36,56],[6,72],[74,88],[24,42],[52,33],[-12,22],[20,43],[-6,29],[30,41],[-35,54],[74,84],[77,41],[33,34],[11,47],[14,131],[20,81],[1429,32],[571,12]],[[33669,87366],[7,-79],[23,-18],[80,-9],[29,5],[18,-30],[1,-47],[84,-168],[34,16],[29,-24],[39,12],[9,-60],[37,-22],[-38,-35],[20,-86],[38,9],[51,-20],[17,-65],[31,-34],[23,31],[41,-26],[98,-10],[28,-18],[6,-79],[-30,-47],[25,-23],[39,-72],[-5,-173],[-19,-25],[-46,12],[-26,24],[-11,-86],[1,-81],[-27,-114],[23,-24],[95,-48],[-47,-64],[12,-20],[-73,-75],[-36,-61],[29,-26],[31,-109],[64,-60],[60,-3],[81,-61],[-13,-25],[33,-46],[-5,-33],[17,-65],[34,-40],[9,-56],[80,-117],[76,-83],[-18,-104],[-25,-47],[40,-15],[40,-110],[-10,-51],[24,-55],[-18,-44],[58,-3],[51,-74],[40,-31],[29,-79],[73,-2],[32,-59],[54,-25],[-27,-109],[11,-41],[76,-23],[60,39],[37,-41],[-10,-28],[28,-24],[22,-51],[6,-51],[-20,-18],[22,-79],[-15,-16],[39,-73],[10,-66],[44,-14],[71,-4],[31,26],[14,-54],[38,32],[48,12],[27,-37],[42,-22],[-2,-51],[13,-39],[-25,-109],[59,-88],[7,-45],[35,6],[31,-74],[89,-39],[15,-37],[-41,-90],[24,-27],[-12,-34],[60,-52],[-20,-52],[11,-48],[47,-76],[-2,-42],[36,8],[23,-43],[74,5],[84,-88],[16,-44],[31,-28],[27,13],[51,-9],[35,-30],[9,-38],[46,-25],[40,-1],[-1,-53],[40,-35],[39,-11],[7,-64],[23,-74],[5,-93],[27,-32],[0,-87],[47,-17],[-10,-71],[-15,-21],[0,-59],[19,-43],[45,-29],[22,-100],[1,-57],[-24,-42],[30,-19],[-5,-38],[25,-33],[41,0],[36,-57],[80,25],[33,-45],[7,-41],[37,-20],[25,12],[25,-39],[-5,-60],[41,-74],[81,-104],[45,-39],[53,13],[56,-59],[64,-15],[50,-30],[2,-58],[15,-22],[66,4],[21,28],[38,-13],[26,-31],[62,-10],[27,-35],[-7,-42],[59,-7],[30,-31],[16,-41],[71,43],[82,-24],[42,1],[12,-43],[33,-57],[101,-62],[72,-77],[10,-52],[94,-85],[-325,-265],[-23,-81],[18,-57],[-24,-28],[-36,-104],[38,3],[32,-44],[25,-9],[1,-46],[-18,-22],[-74,-16],[-80,-86],[-4,-56],[-14,-27],[-41,-5],[-52,-55],[-35,22],[-52,-35],[-55,-134],[-58,-50],[-49,-88],[-68,1],[-54,-31],[-33,-31],[-65,26],[-35,-76],[-57,-30],[-40,58],[-51,43],[-36,-22],[-81,-7],[-49,34],[-232,-472],[-47,-41],[-17,-68],[-49,-69],[-2,-23],[-53,-12],[5,-157],[-23,-38],[10,-42],[-42,-23],[-19,-58],[-25,-29],[-36,13],[-63,-6],[-40,-23],[-21,-37],[9,-121],[-16,-100],[1,-112],[-441,-17],[14,-39],[-32,-44],[-11,-77],[50,-53],[31,0]],[[33669,87366],[702,14]],[[34371,87380],[11,-672],[1,-31],[21,-59],[1,-64],[35,-13],[19,-34],[-4,-154],[5,-79],[-36,-72],[5,-83],[19,-82],[15,-11],[-21,-78],[3,-102],[19,-34],[48,-40],[68,-36],[64,-14],[38,-24],[22,-35],[52,-21],[45,-63],[-22,-75],[30,-78],[30,-49],[0,-66],[-42,-39],[-6,-39],[12,-79],[-10,-50],[32,-26],[35,-86],[-2,-19],[51,-21],[47,-65],[69,-14],[45,-72],[38,-44],[93,-81],[2,-20],[96,-58],[46,-21],[33,-59],[27,-20],[40,10],[55,-49],[-40,-39],[7,-71],[86,-104],[10,-36],[-30,-27],[11,-48],[-25,-44],[44,-43],[45,12],[10,-27],[48,-39],[18,-101],[40,-8],[20,-38],[39,-27],[-8,-23],[116,13],[45,17],[28,-61],[66,-23],[50,-86],[32,-16],[44,-60],[16,10],[65,93],[20,10],[-12,56],[70,11],[28,34],[0,54],[92,61],[58,-6],[19,-33],[-14,-26],[21,-42],[66,-22],[20,-48],[-18,-51],[32,-33],[3,-44],[-23,-25],[-36,-207],[-23,-44],[11,-37],[29,-30],[32,-7],[-15,-41],[52,-20],[-11,-48],[53,10],[64,-30],[-18,-25],[57,-35],[34,27],[79,-14],[53,-26],[27,-32],[7,-46],[30,-40],[32,-5],[25,-53],[67,20],[35,-21],[39,15],[3,-81],[44,-104],[37,-46],[51,36],[8,-21],[99,17],[20,33],[30,-25],[10,-42],[95,-35],[16,-34],[33,-7],[-8,-67],[51,30],[13,-29],[46,-30],[17,-35],[85,31],[-2,-57],[29,-8],[36,48],[50,-85],[-3,-42],[46,24],[50,-49],[56,45],[53,-36],[18,49],[54,5],[24,-18],[24,53],[24,-20],[-2,-42],[33,-14],[63,40],[7,-34],[52,-15],[40,3],[-23,-53],[54,-32],[47,-4],[32,-71],[42,44],[29,-18],[15,-49],[45,-37],[-31,-41],[14,-54],[28,-31],[46,-120],[25,-9],[89,21],[20,-42],[33,-29],[12,-46],[40,-28],[49,0],[62,-30],[49,-41],[41,-60],[42,-15],[113,3],[61,33],[45,-7],[51,-50],[13,-72],[-26,-85],[-48,-52],[-37,-75],[2,-65],[18,-21],[78,-6],[47,-18],[13,-46],[55,-27],[102,24],[53,-16],[35,91],[41,-11],[92,67],[32,38],[46,-11],[70,-68],[39,33],[40,10],[71,-56],[50,43],[24,39],[34,19],[39,-30],[37,1],[44,22],[19,50],[20,5],[5,47],[97,33],[64,84],[74,-2],[24,37],[103,12],[103,31],[3,-27],[-45,-84],[-60,-82],[-62,-115],[-80,-97],[-38,-33],[-101,-66],[-102,-57],[-133,-44],[-59,-50],[-54,-112],[-13,-87],[-16,-36],[-93,-140],[3,-22],[63,-22],[29,-23],[55,-18],[-56,-117],[-141,-341],[-280,-683],[-87,-221],[-272,-671]],[[39488,78439],[-100,-243],[-176,-431],[-60,-165],[-198,-512],[-561,-1365],[-766,-1874],[-619,-1569],[-411,-1047],[-489,-1228],[-23,-33],[-47,-34],[-62,-4],[-16,-14],[-11,-85],[-39,-77],[-70,-49],[-94,-80],[-58,-107],[-40,-50],[-30,-77],[-4,-214],[26,-57],[19,-87],[68,-186],[65,-81],[30,-25],[33,-52],[57,-2],[47,-38],[53,-84],[58,-111],[46,-45],[37,-10],[30,-31],[40,-74],[31,-26],[24,-56],[43,-67],[28,-105],[5,-44],[-15,-84],[12,-109],[54,-78]],[[43873,93021],[178,14],[127,82],[142,-62],[-4,-90],[-13,-127],[71,-87],[144,26],[394,-322],[590,-78],[447,130],[27,19],[36,-13],[18,27],[34,6],[41,35],[-15,48],[30,32],[32,0],[20,-42],[48,62],[9,45],[58,9],[37,-27],[69,20],[-40,28],[-2,33],[43,3],[3,31],[33,27],[77,35],[61,-10],[7,-33],[31,-33],[-30,-28],[-25,-64],[52,4],[46,-14],[29,8],[31,-28],[69,3],[-7,-45],[139,0],[33,-40],[39,6],[42,-33],[44,-2],[27,22],[113,-25],[34,11],[-17,41],[11,35],[50,-27],[16,19],[68,25],[14,27],[32,0],[43,31],[18,33],[0,40],[52,11],[36,-17],[36,-75],[60,-20],[13,-28],[39,-27],[-3,-30],[65,-3],[13,-33],[-57,-40],[-34,-58],[-21,4],[-7,-99]],[[47669,92393],[22,-40],[55,-50],[69,-38],[36,-6],[62,-33],[24,-24],[65,-27],[9,-23],[-9,-65],[14,-120],[40,-31],[13,-67],[47,-14],[30,-62],[46,-11]],[[48192,91782],[15,-83],[60,-100],[2,-52],[74,-88],[-33,-50],[-9,-41],[19,-55],[37,-22],[35,-92],[6,-44],[-23,-21],[-19,-62],[-13,-104],[9,-48],[32,-87],[29,-38],[67,-13],[49,14],[87,-32],[28,-35],[10,-68],[-20,-107],[4,-59],[-20,-36],[-30,-98],[-59,-79],[-5,-54],[-26,-48],[-7,-48],[9,-52],[-13,-35],[-50,2],[-28,-66],[-18,-85],[7,-29],[13,-151],[9,-23],[70,-30],[42,-48],[44,-20],[9,-101],[26,-22],[17,-74],[-14,-29],[26,-85],[60,-42],[41,16],[-1,-68],[-25,-44],[-5,-39],[32,-56],[75,24],[46,-24],[25,-39],[33,-19],[-22,-54],[23,-41],[23,-2]],[[48945,88896],[88,-37],[74,-39],[7,-64],[25,-44],[-8,-86],[-12,-26],[-11,-82],[8,-177],[17,-18],[21,-72],[37,-60],[51,-34],[51,-73],[16,-59],[27,-54],[-21,-43],[31,-74],[-12,-46],[26,-57],[48,-32],[41,-68],[62,-83],[2,-43],[23,-14],[-30,-54],[-2,-89],[29,-64],[-23,-57],[3,-69],[-22,-13],[13,-51],[-20,-51],[15,-39],[-29,-26],[22,-51],[-28,-31],[26,-30],[-20,-33],[19,-47],[-10,-47],[-38,-2],[-29,-123],[8,-35],[-60,-88],[1,-70],[61,-8],[23,14],[54,66],[85,22],[63,-5],[101,-44],[79,-45],[65,-13],[57,-68],[24,-76],[59,-82],[70,-63],[107,5],[41,-30],[122,-49],[26,-40],[64,-61],[20,-38],[-9,-49],[7,-42],[-3,-175],[44,-102],[-33,-68],[12,-44],[-5,-56],[-24,-36],[53,-15],[1,-74],[16,-63],[-3,-50],[25,-10],[57,-98],[33,2],[48,-19],[13,-88],[26,-61],[53,-14],[18,-44],[-12,-44],[7,-58],[-43,-95],[43,-62],[85,-12],[1,-28],[38,-14],[16,23],[39,-26],[9,-29],[83,-21],[19,66],[-12,49],[90,25],[30,-34],[71,30],[34,0],[-25,72],[59,67],[69,18]],[[51412,84747],[-20,-179],[2,-66],[-12,-77],[21,-232],[-6,-68],[-30,-61],[-112,-112],[-73,-85]],[[51182,83867],[-72,-42],[-84,-6],[-88,-17],[-36,12],[-60,75],[-19,-3],[-44,-88],[-22,-1],[-17,41],[10,48],[-30,36],[-27,-3],[-18,-33],[16,-77],[-10,-18],[-60,10],[-57,-5],[-34,-18],[-19,-40],[36,-56],[-9,-42],[-45,-13],[-66,21],[-29,34],[11,82],[-32,95],[-62,-6],[-37,38],[-39,11],[-84,-13],[-56,23],[-82,-5],[-52,29],[-88,4],[-44,119],[-25,25],[-88,43],[-47,-23],[-18,38],[26,32],[-7,153],[-44,58],[23,59],[58,19],[4,92],[-39,58],[-57,53],[-27,10],[-18,-21],[-127,-51],[-51,10],[39,78],[25,15],[-22,45],[-1,41],[47,98],[11,91],[-30,83],[-6,153],[-23,78],[-28,39],[-98,-5],[-86,-47],[-38,3],[-26,23],[-70,120],[6,34],[-34,22],[-32,52],[11,49],[-27,46],[56,91],[-43,79],[3,54],[34,82],[-5,66],[-39,55],[-37,0],[-56,42],[-33,37],[-14,63],[-179,133],[-36,92],[-47,20],[-77,-31],[-67,32],[-64,203],[-18,27],[-18,78],[-4,118],[-19,31],[-43,21],[-27,41],[9,90],[-42,25],[-25,80],[-29,55],[-43,32],[-31,48],[-26,18],[-27,107],[28,56],[-42,70],[-46,25],[-11,77],[-35,66],[-36,27],[-21,49],[34,43],[4,56],[-20,65],[31,88],[-35,35],[42,97],[10,52],[-16,29],[18,94],[58,76],[20,80],[21,46],[-43,46],[-54,6],[-25,75],[-64,48],[-14,53],[-153,105],[-77,93],[-81,68],[-78,41],[-15,20],[-119,86],[2,134],[-38,27],[-8,70],[19,35],[-30,37],[-3,29],[-47,46],[-7,143],[35,45],[55,-10],[45,17],[15,64],[-17,38],[-34,22],[-19,48],[-32,27],[-82,19],[-46,-32],[-77,-38],[-32,2],[-18,41],[38,43],[17,40],[-17,32],[-53,17],[-23,67],[69,40],[-12,47],[-60,23],[-16,-32],[-58,53],[-91,-27],[-20,-31],[-47,25],[43,48],[6,63],[-9,43],[-25,3],[-23,-80],[-37,-7],[-17,34],[-33,-20],[-28,47],[42,56],[-51,34],[4,-67],[-38,-24],[-2,-24],[-122,42],[-48,53],[-45,-25],[36,-30],[-38,-32],[-74,31],[-78,16],[25,61],[-38,29],[-7,30],[-51,5],[-20,22],[-98,48],[-21,-31],[-61,29],[5,54],[-15,32],[-34,-4],[-10,-41],[-37,16],[-28,-29],[-41,16],[-47,-23],[10,88],[-34,61],[-44,20],[37,66],[-50,17],[0,42],[-46,54],[-3,31],[-60,8],[-40,25],[-36,-21],[-147,109],[-17,42],[-56,54],[-17,-6],[-69,51],[-29,-10],[-24,36],[-65,8],[-20,-31],[-39,37],[-73,-14],[-54,10],[-92,-29],[-67,23],[-15,29],[-121,26],[-49,18],[-57,-11],[-43,-30],[-65,-8],[-57,20],[-68,-6],[-50,11],[-23,56],[9,42],[29,27],[-13,46],[-23,21],[1,63],[-41,127],[33,123],[-32,26],[1,30],[-52,28],[-31,47],[-5,71],[-17,23],[16,34],[-18,62],[21,18],[-11,38],[7,41],[54,64],[1,26],[36,17],[12,55],[-29,45],[-57,64],[-30,53],[10,80],[26,51],[-27,60],[-161,187],[6,47]],[[47669,92393],[42,8],[45,46],[52,-35],[30,14],[55,0],[111,31],[129,2],[43,-31],[33,-48],[28,-21],[78,-11],[56,-31],[68,16],[34,20],[4,46],[39,6],[42,-17],[80,175],[44,12],[5,41],[40,27],[84,31],[79,49],[120,64],[106,73],[35,56],[-7,25],[82,105],[51,16],[-23,29],[11,29],[58,1],[1,47],[49,46],[25,6],[-20,76],[86,81],[-16,43],[-40,29],[11,41],[-29,32],[13,29],[48,4],[23,80],[20,25],[69,143],[8,80],[61,115],[75,162],[38,22],[35,-5],[17,27],[-28,52],[39,74],[30,89],[18,83],[26,28],[62,119],[-41,44],[-16,72],[6,30],[39,54],[3,33],[64,9],[-9,72],[46,78],[59,28],[73,-5],[46,62],[55,106],[76,108],[28,69],[91,179],[35,32],[13,60],[44,43],[0,31],[35,10],[87,173],[50,51],[20,36],[18,123],[21,25],[21,86],[34,31],[65,-11],[22,49],[-18,64],[12,28],[116,60],[73,98],[42,20],[18,38],[37,21],[46,72],[16,45],[6,82],[53,77],[30,21],[64,5],[38,18],[37,48],[47,8],[47,40],[5,74],[21,33],[40,138],[36,63],[23,61],[-4,97],[13,13],[22,91],[24,184],[60,200],[86,31],[56,-35],[90,-85],[60,-41],[115,-123],[79,-77],[59,-76],[164,-187],[50,-83],[9,-39],[40,-51],[59,-183],[5,-107],[10,-28],[-4,-133],[30,-22],[104,-66],[68,-2],[45,-49],[1,-100],[-13,-48],[-1,-121],[-12,-29],[-1,-102],[-12,-23],[-4,-108],[22,-156],[4,-112],[11,-93],[6,-133],[-20,-64],[-25,-13],[5,-166],[12,-28],[45,-155],[36,-98],[20,-78],[38,-99],[-11,-58],[-19,-25],[5,-49],[-10,-47],[19,-51],[48,-59],[-19,-122],[59,-103],[11,-77],[-8,-35],[19,-68],[39,-73],[44,-55],[-2,-111],[5,-94],[37,12],[44,-19],[18,-39],[-12,-52],[56,-60],[-4,-141],[34,-17],[64,-103],[-7,-128],[18,-36],[10,-105],[-14,-102],[51,40],[57,-21],[19,-62],[35,-49],[10,-73],[-16,-43],[32,-79],[-9,-38],[37,-54],[4,-85],[47,-89],[-1,-99],[33,-17],[35,-57],[17,-50],[9,-72],[-16,-33],[-34,-24],[88,31],[197,92],[128,49],[108,-14],[67,1],[72,-51],[31,-63],[80,-113],[61,-74],[11,-92],[28,-71],[43,-39],[10,-77],[33,-78],[139,-368],[146,27],[41,-9],[127,-51],[33,-2],[84,-44],[54,-11],[57,-33],[198,-133],[24,-30],[-6,-47],[28,-31],[23,-105],[2,-123],[35,-254],[-1,-101],[-16,-81],[4,-37],[-37,-148],[-34,-89],[8,-58]],[[55670,89995],[-117,-92],[-78,-38],[-191,-30],[-7,-50],[-21,-8],[-14,-69],[-48,-48],[-25,0],[-45,-31],[-22,-66],[-64,-6],[-45,-86],[7,-36],[-293,-269],[-34,-4],[-30,-45],[-46,23],[-44,-23],[-28,19],[-46,-19],[-43,76],[-52,-62],[-46,-29],[-32,20],[-39,3],[-8,-37],[-62,-87],[-79,-29],[-28,21],[-42,-39],[-22,9],[-14,74],[-22,-8],[1,-49],[-78,25],[-29,-13],[-14,-75],[-106,-64],[-68,3],[-28,18],[-32,-8],[-39,19],[-53,52],[-84,-64],[-37,-7],[-54,-39],[-38,-13]],[[53331,88814],[-70,15],[-83,66],[2,76],[41,78],[33,8],[19,31],[8,53],[-22,37],[21,62],[28,15],[30,56],[-96,-12],[-37,7],[-37,-28],[-46,-4],[-17,-19],[1,-49],[-32,-20],[-82,125],[7,36],[-39,11],[-15,26],[-76,13],[-89,-37],[-64,58],[-77,8],[-50,-80],[-91,-129],[-18,57],[-100,-2],[-32,21],[-96,-4],[-16,-41],[-36,-41],[-30,14],[-17,34],[-72,73],[-4,30],[33,116],[-50,31],[-87,18],[-40,47],[30,47],[35,10],[31,134],[1,61],[24,16],[-14,119],[36,66],[53,8],[39,135],[-281,5],[-1155,9],[-6,0],[-53,15],[5,93],[-67,92],[2,44],[-20,73],[45,59],[-4,40],[17,35],[-43,46],[-5,165],[20,14],[27,107],[-32,64],[-26,14],[1,45],[-22,64],[15,59],[-17,73],[17,50],[-21,52],[15,38],[-3,159],[50,38],[11,55],[27,24],[-9,123],[20,37],[44,144],[-32,71],[4,60],[-43,64],[-7,71],[-21,59],[-11,102],[12,57],[-15,55],[-46,38],[1,59],[52,90],[13,45],[-5,208],[47,6],[13,26],[-72,-1],[-13,-87],[-21,-26],[-59,26],[-68,-1],[-14,-18],[-12,-68],[13,-26],[-52,-83],[-31,-16],[8,-30],[-82,-29],[-24,-83],[-89,7],[-44,-65],[14,-30],[-1,-65],[-21,-81],[-68,-30],[-53,-5],[-38,9],[-50,-14],[-37,-28],[-29,-59],[-60,-46],[-43,-18],[-5,-92],[13,-53],[-12,-16],[-65,40],[-109,-18],[-35,9],[-27,-32],[-28,-3],[-28,-31],[-42,-13],[-14,31],[-83,-24],[-45,2],[-11,30],[-42,21],[-20,40],[-33,-10],[-99,57],[-40,-10],[-33,26],[-62,-14],[-12,27],[-87,-16],[-38,33],[-48,-6],[9,-76],[-20,-40],[-52,10],[-21,-39],[-30,15],[-36,-6],[-31,-49],[19,-112],[-33,-41],[-77,-8],[-36,14],[-49,-3],[-40,14],[-22,60],[-80,-4],[-40,-77]],[[53331,88814],[0,-75],[-35,22],[-24,-36],[24,-67],[-20,-40],[-156,-61],[-40,-68],[-16,-68],[25,-73],[-26,-85],[32,-54],[72,-75],[59,-34],[-11,-40],[-90,4],[-71,-5],[-20,-38],[-9,-56],[-43,-6],[11,-61],[-43,-14],[-30,39],[-55,-11],[-37,-32],[-39,-55],[-9,-70],[-23,-64],[-25,-41],[14,-51],[-74,5],[-37,-23],[-28,23],[-44,2],[-13,71],[17,48],[-8,60],[-20,27],[-48,14],[-50,90],[-104,63],[-15,22],[-51,-19],[-73,51],[-51,10],[-64,-13],[-37,51],[-44,19],[-54,-57],[-75,-28],[-5,-15],[-36,-20],[7,-29],[-13,-59],[-49,-32],[24,-48],[-15,-36],[2,-52],[-12,-23],[15,-151],[-37,-125],[-42,-74],[-20,-7],[-5,29],[-78,45],[-4,25],[-48,39],[-39,48],[-64,31],[-40,55],[-11,47],[36,33],[-36,62],[5,39],[-62,56],[-45,-21],[-57,18],[-42,41],[-28,58],[-58,18],[-54,-30],[-40,-9],[-78,35],[-15,-16],[-54,12],[-86,3],[-61,47],[-69,20],[-48,-21],[-44,33],[-48,54],[-64,12],[-26,-29],[-82,-26],[-49,-51],[-85,-27],[-4,-40],[-53,-61],[-34,-68],[6,-66],[-109,13],[-33,56],[-53,-37],[-45,17],[-3,45],[-20,33],[-2,46],[-46,45],[-25,8],[-41,87],[-1,30],[-49,31],[-3,65],[10,22],[-57,64],[-45,7],[-22,26],[-3,41],[-30,46],[-2,39],[-52,27],[7,77],[-76,65],[-32,60],[-53,11],[-35,43],[-62,-9],[-20,55],[-32,38],[-30,5],[-40,40],[-10,42],[14,55],[-82,-12],[-64,4],[-37,-28]],[[55670,89995],[33,-183],[-20,-65],[-31,-53],[-13,-48],[-58,-87],[-19,-160],[12,-19],[6,-99],[-13,-27],[-59,-60],[-14,-1],[-46,-78],[-49,-117],[-68,-77],[-23,-12],[-21,-52],[19,-50],[-39,-17],[-55,-43],[-5,-36],[0,-169]],[[55207,88542],[-149,11],[-97,-10],[-176,-30],[-135,-33],[-71,-36],[-123,-92],[-64,-58],[-38,-74],[-36,-102],[-11,-80],[-36,-104],[-43,-60],[-37,-105],[-12,-55],[-37,-67],[-33,-85],[-65,-108],[-47,-53],[-58,-43],[-51,-59],[-7,-8],[-49,-52],[-120,-96],[-103,-65],[-99,-36],[-279,-74],[-59,-34],[-68,-52],[-25,-32],[-29,-66],[-48,-36],[-54,-83],[-62,-83],[-36,-26],[-89,-27],[-134,-17],[-98,-35],[-45,-63],[-60,-111],[-71,-104],[-31,-63],[-48,-28],[-60,-91],[-16,-49],[-20,-127],[-146,-174],[-21,-94],[-61,-102],[-69,-82],[-67,-52],[-27,-36],[-108,-109],[-57,-70],[-91,-153],[-119,-222]],[[62720,57331],[63,23],[85,50],[103,48],[27,4],[51,56],[31,70],[18,167],[62,146],[42,55],[12,52],[49,34],[53,59],[48,28],[55,60],[56,31],[8,33],[-26,58],[0,38],[40,94],[53,18],[52,32],[16,40],[-6,64],[-43,28],[97,71],[35,16],[15,85],[-42,62],[-10,38],[54,59],[47,17],[24,-28],[44,19],[58,8],[38,35],[60,-4],[23,30],[8,57],[66,10],[8,64],[25,18],[45,-4],[45,15],[30,53],[129,90],[14,33],[71,52],[97,8],[20,61],[-24,49],[9,67],[69,38],[106,-1],[30,24],[34,65],[11,53],[34,68],[19,17],[2,126],[-15,78],[16,49],[-38,1],[-16,33]],[[64807,60151],[76,-4],[48,24],[48,46],[22,2],[83,45],[53,-38],[26,-47],[3,-54],[-15,-54],[8,-54],[23,-41],[68,-55],[6,-104],[17,-35],[53,-31],[39,-39],[36,-62],[59,-57],[9,-42],[-10,-100],[22,-50],[50,-35],[-11,-46],[-72,-64],[-38,-54],[20,-43],[-21,-96],[20,-38],[-4,-102],[10,-39],[46,-43],[60,-16],[34,-75],[21,-138],[63,-63],[36,-21],[43,-5],[59,-33],[22,-94],[26,-29],[61,11],[2,-30],[131,-31],[98,-8],[25,-17],[74,14],[52,-32],[62,-62],[11,-26],[49,0],[47,-21],[12,-24],[83,-77],[78,65],[30,0],[48,43],[37,-43],[37,46],[53,43],[-3,51],[54,98],[66,7],[4,43],[28,27],[73,39],[76,-19],[30,20],[17,71],[-16,81],[9,53],[48,8],[41,4],[61,56],[28,54],[27,14],[70,-12],[37,-40],[67,-15],[64,36],[23,51],[27,22],[53,-17],[53,5],[30,22],[92,112],[21,17],[67,-22],[28,-40],[24,-65],[52,-72],[66,-11],[66,27],[35,-36],[33,-10],[28,-30],[60,5],[31,32],[38,78],[87,39]],[[68530,58901],[32,-75],[22,-30],[63,-13],[53,-58],[3,-47],[71,-63],[38,-72],[32,-104],[16,-75],[19,-39],[-23,-96],[41,-65],[-51,-53],[-3,-52],[-46,-28],[-14,-34],[-37,-25],[-51,16],[-16,-29],[-49,-3],[-22,-39],[44,-98],[40,-57],[43,-84],[94,-117],[19,-53],[7,-84],[30,-94],[30,-146],[57,-197],[34,-76],[5,-47],[13,-19],[38,-227],[22,-57],[14,-122],[24,-105],[-2,-42],[18,-87],[33,-97],[24,-106],[67,-140],[16,-59],[46,-126],[11,-78],[25,-109],[30,-76],[-66,-19],[-38,10],[-11,-71],[-78,-86],[-37,-21],[-44,-54],[-3,-42],[-55,-32],[-15,-37],[28,-34],[-93,-47],[-58,-42],[2,-63],[59,-71],[-21,-31],[-48,-37],[-52,6],[-44,-21],[4,-28],[-53,-47],[15,-28],[-76,-65],[-22,-1],[27,-26],[102,-4],[82,9],[31,-19],[72,-18],[75,-59],[75,-28],[4,-58],[55,-39],[-37,-43],[4,-47],[32,-36],[41,13],[18,-18],[400,-223],[402,-219]],[[70067,53738],[-503,-268],[-135,-753],[-211,-185],[-162,-136],[24,-1],[23,-63],[35,-27],[66,-97],[70,-38],[22,-91],[-13,-32],[-80,43],[-45,-2],[-13,-36],[-50,6],[-17,-58],[-67,-4],[-30,-29],[-66,4],[-126,-107]],[[68789,51864],[-43,-36],[-15,-68],[-105,14],[-42,-40],[-35,-4],[-37,21],[-25,-29],[-41,19],[-19,41],[-12,78],[-73,97],[-40,17],[-50,-12],[-42,16],[-54,61],[156,373],[-227,165],[-51,34],[-120,23],[-21,-34],[-61,-19],[-42,-83],[-35,-21],[-29,-42],[-34,-138],[-331,234],[-171,132],[-52,56],[-45,-30],[7,-51],[-222,-204],[-12,48],[-61,55],[-10,27],[-61,33],[-10,48],[-30,13],[-31,-21],[-32,9],[-116,-43],[-82,-8],[-64,-19],[-118,-62],[-166,-61],[-39,0],[-98,-37],[-29,-22],[-86,-27],[-42,-31],[-50,-11],[-68,4],[-107,-9],[-67,-37],[-96,-2],[-65,-36],[-34,-8],[-81,43],[-66,-12],[-180,-82],[-68,22],[-75,-6],[-37,-25],[-133,-32],[-88,-57],[-41,4],[-91,-35],[-88,-10],[-45,-15],[-66,-45],[-137,-60],[-254,-10]],[[63854,51917],[17,96],[-48,31],[-59,-23],[-53,-34],[-23,6],[-113,-75],[-74,-19],[-29,9],[-45,-48],[-63,-30],[-32,2],[-19,88],[-59,27],[38,60],[3,73],[-71,5],[61,122],[7,55],[-13,77],[34,9],[3,41],[-34,30],[-32,66],[50,60],[13,32],[36,52],[18,74],[64,44],[56,-19],[67,36],[78,31],[71,38],[27,63],[2,50]],[[63732,52946],[-55,24],[-103,-34],[-31,-3],[-35,-31],[-39,-7],[-74,24],[-85,-43],[21,78],[-11,33],[26,31],[5,43],[-17,51],[44,31],[24,31],[-19,61],[-19,16],[-4,59],[19,22],[-2,41],[-6,27],[31,36],[4,47],[-61,73],[31,38],[51,39],[-9,34],[-65,38],[42,101],[-12,29],[29,27],[25,64],[124,41],[93,2],[20,38],[-21,48],[19,32],[-13,23],[-43,0],[-125,-58],[-42,9],[-1,93],[14,31],[-8,49],[-28,46],[-82,-6],[12,47],[3,79],[-38,30],[-36,11],[-49,85],[60,31],[-8,27],[-48,3],[-54,22],[19,68],[-31,34],[33,24],[15,35],[-17,74],[-50,17],[22,47],[29,107],[7,95],[-36,12],[-8,57],[23,32],[-43,53],[7,36],[50,27],[1,29],[41,59],[30,15],[50,49],[95,20],[72,-3],[99,46],[27,-2],[50,73],[-21,41],[-47,-5],[-20,-23],[-63,-13],[-41,12],[-64,35],[-47,-24],[-48,-1],[-66,41],[-21,-6],[-20,42],[3,68],[42,-1],[12,52],[30,15],[13,23],[-5,103],[-26,38],[-39,-19],[-3,42],[72,12],[60,93],[35,28],[-15,83],[-30,45],[10,45],[45,-5],[80,17],[77,-64],[83,-31],[69,-6],[30,21],[53,13],[70,-1],[-1,42],[1,5],[-33,36],[-67,22],[-59,-7],[-18,21],[-47,-16],[-59,29],[-27,65],[-73,40],[-27,-1],[-96,50],[-75,-12],[-30,25],[-74,5],[-56,-10],[-49,59],[-87,3],[-29,39],[-25,9],[-40,43],[-14,46],[0,114],[-46,38],[1,73],[-28,17],[-55,22],[-39,68],[-8,77],[-18,59],[41,62],[-22,25]],[[68789,51864],[-16,-128],[-57,-93],[-23,-98],[-28,-91],[-31,-9],[-41,-35],[-22,-39],[8,-105],[15,-31],[-48,-81],[-78,-86],[-9,-74],[28,-73],[-10,-107]],[[68477,50814],[-54,1],[-16,-41],[-60,-25],[-28,0],[-47,-50],[-45,-84],[-28,-31],[-45,-13],[-88,-60],[7,-29],[-11,-59],[-37,-47],[-58,-42],[-28,-72],[-59,-58],[1,-38],[-36,-29],[-33,4],[-47,-16],[-26,-64],[-23,-11],[-35,-81],[-35,-14],[10,-40],[-25,-90],[-52,-80],[-5,-42],[-23,-9],[-22,-54],[1,-36],[-36,-51],[-35,-6],[-32,-52],[-36,9],[-41,-37],[-60,-30],[7,-55],[-21,-22],[21,-99],[59,10],[106,-26]],[[67462,49245],[-41,-12],[-27,-43],[-32,-21],[-48,-4],[-28,-36],[-36,17],[-35,-19],[-87,-15],[-68,-43],[-24,-34],[-64,-19],[-47,-56],[-29,7],[0,-54],[-37,-20],[-27,21],[-27,-39],[-101,-88],[-34,-28],[-28,4],[-95,-64],[-54,-10],[8,-68],[-41,-34],[2,-29],[-52,-78],[-48,-21],[-61,-57],[-146,-62],[-5,-32],[-30,-25],[-84,-21],[-34,-35],[-43,-105],[-41,-44],[-27,-10],[-92,18],[-66,34],[-57,-36],[-32,14],[-54,-53],[-25,-41],[-43,-19],[-37,-56],[-72,-58],[-25,-43],[-64,-31],[-25,-35],[-73,-74],[-53,-42],[-56,4],[-46,-67],[-33,-2],[-46,-26],[-18,38],[-35,-19],[-48,43],[-71,-17],[0,-28],[-62,-56],[-54,-92]],[[64704,47424],[-17,-18],[-58,-4],[-23,-37],[9,-27],[-44,-80],[-51,-34],[-31,0],[-27,-49],[-39,-19]],[[64423,47156],[-26,-5],[-73,23],[-40,-10],[-53,8],[-23,-54],[-53,-16],[-29,-37],[-105,70],[-78,-14],[-31,-26],[-42,-119],[-69,0],[-32,-12],[-23,-40],[-45,-118],[-42,-3],[-5,34],[-39,23],[-2,69],[-38,33],[4,36],[32,-6],[50,44],[38,-1],[32,29],[11,54],[-15,27],[16,38],[34,10],[40,108],[79,79],[9,95],[22,102],[-64,102],[-27,18],[11,48],[-38,50],[-36,25]],[[63773,47820],[12,47],[-36,70],[60,30],[8,18],[28,44],[3,143],[16,49],[-10,49],[-35,26],[-6,37],[12,38],[66,5],[-6,62],[19,55],[-31,37],[27,33],[11,41],[-7,61],[27,29],[-12,27],[-47,35],[24,39],[-6,35],[-42,48],[10,39],[25,14],[7,51],[58,-9],[52,38],[55,26],[1,53],[32,28],[13,44],[-19,29],[-32,-8],[-33,26],[-20,42],[-11,88],[-35,39],[-38,-6],[4,45],[-35,19],[-40,-4],[-8,32],[-38,5],[-32,33],[21,71],[-24,31],[-63,-30],[-23,34],[-32,14],[-2,72],[-35,20],[-40,-17],[-76,24],[-26,24],[0,43],[-85,54],[-42,7],[69,90],[-16,35],[-35,1],[37,22],[43,56],[9,34],[-19,28],[8,54],[-112,96],[13,114],[59,111],[9,36],[-26,34],[-53,12],[17,53],[-43,32],[35,32],[88,24],[10,12],[-29,65],[-46,-6],[-15,38],[61,43],[6,21],[-45,39],[11,51],[23,43],[66,70],[59,30],[59,69],[-49,63],[-68,-11],[-31,10],[-22,38],[10,36],[-9,50],[48,54],[-15,63],[44,28],[-35,46],[0,24],[-43,30],[55,45],[10,25],[100,41],[82,21],[50,41],[41,68],[26,4],[80,53]],[[68477,50814],[859,-324],[13,48],[72,56],[21,47],[-16,153],[44,112],[70,106],[53,5],[63,46],[30,57],[11,-67],[-24,-28],[-16,-74],[-41,-74],[-1,-53],[-22,-31],[-10,-86],[-22,-49],[-8,-64],[-92,-98],[-16,-33],[12,-29],[51,10],[9,-52],[70,-55],[-8,-42],[25,-25],[540,628],[164,278],[105,187],[38,270],[448,-123],[-4,-80],[38,-45],[12,-69],[-22,-46],[0,-125],[21,-5],[254,-425],[150,54],[-11,43],[-30,53],[19,67],[-10,27],[14,91],[18,5],[-1,70],[39,57],[24,-5],[208,311],[-190,-2],[31,322],[335,16],[279,152]],[[72073,51976],[7,-70],[-15,-17],[5,-118],[24,-36],[-7,-34],[-183,-315],[456,41],[-7,-20],[-140,-65],[-310,-10],[-3,-48],[34,-42],[0,-60],[25,-52],[-35,-55],[1,-97],[62,-81],[60,-30],[57,-6],[-6,-51],[23,-53],[23,-98],[-12,-25],[3,-28],[31,-56],[-26,-38],[21,-68],[-1,-59],[79,-22],[44,-30],[16,-38],[57,-4],[25,-77],[57,-56],[53,-4],[23,19],[51,-39],[10,-47],[-16,-134],[38,-80],[5,-85],[24,-17],[32,-79],[14,-55],[21,-26],[224,-349],[-19,-99],[203,-520]],[[73101,48643],[-18,-214],[-10,-79],[51,-208],[-232,-274],[-203,9],[16,-76],[-14,-86],[19,-61],[-16,-81],[-19,-39],[-79,84],[-59,4],[-9,16],[-70,0],[-178,-596],[-73,-4],[-43,-19],[-30,-75],[12,-85]],[[72146,46859],[-12,18],[-74,48],[-24,40],[-47,-49],[-35,66],[-66,-6],[-94,61],[5,91],[-72,13],[-29,45],[-56,48],[-39,40],[-60,18],[-52,69],[-38,34],[-53,-51],[-51,42],[-67,73],[-29,3],[-29,57],[-38,-10],[-51,49],[-16,57],[-79,22],[-64,52],[-47,66],[-66,57],[2,28],[-20,-11],[-55,24],[-11,41],[-89,101],[-54,29],[-57,8],[-24,-10],[-54,49],[-43,-19],[-24,26],[-36,-43],[-37,61],[-23,-8],[-35,36],[-54,1],[-54,43],[-38,3],[-33,-20],[-84,8],[-80,-21],[-40,-25],[-29,18],[-81,-66],[-59,-5],[-60,-27],[-41,-35],[-19,12],[-83,-65],[-25,-41],[5,-45],[-22,-32],[-74,-9],[-47,-47]],[[69385,47771],[-17,33],[-2,62],[-71,40],[-27,40],[-65,-23],[-33,27],[-60,14],[-37,37],[-84,49],[-29,45],[-66,-4],[-19,23],[-47,19],[-30,-3],[-106,44],[-28,-5],[-53,58],[31,83],[-5,69],[-28,26],[15,59],[29,128],[30,50],[62,130],[33,139]],[[68778,48911],[34,43],[51,85],[-52,20],[-31,55],[-49,-12],[-60,21],[-25,-3],[-45,36],[-30,5],[-29,-19],[-40,41],[-98,49],[-15,19],[-64,-26],[-16,-30],[-38,10],[-73,44],[-33,-11],[-22,40],[-58,-58],[-9,47],[-51,19],[-30,-23],[-79,56],[-58,16],[-6,-28],[-77,17],[-69,-14],[-30,35],[-55,-22],[-49,-59],[-47,-15],[-63,-4]],[[68530,58901],[26,76],[30,117],[59,78],[-19,82],[20,83],[23,19],[58,-18],[54,-38],[108,-9],[15,24],[2,86],[38,43],[9,33]],[[68953,59477],[25,27],[535,-17],[44,40],[50,-3],[26,30],[2,32],[31,35],[32,1],[52,-29],[30,-31],[62,28],[26,55],[61,30],[22,53],[174,11],[268,20],[688,-512],[370,-272],[354,-263],[83,151],[46,97],[23,87],[28,16],[53,61],[59,52],[36,18],[76,74],[26,44],[-2,118],[15,58],[72,54],[36,71],[-3,137],[-13,59]],[[72340,59809],[18,-37],[38,-33],[4,-72],[24,-33],[17,-84],[-21,-47],[-49,-41],[-6,-23],[67,-59],[10,-32],[-12,-39],[50,-27],[-16,-30],[46,-29],[-11,-98],[43,-37],[-27,-51],[-49,-49],[-32,-74],[6,-62],[19,-32],[34,-111],[-14,-48],[21,-27],[-17,-82],[19,-28],[-14,-38],[-35,-24],[2,-58],[-11,-64],[-18,-19],[-19,-58],[-24,-36],[-45,-8],[-315,-313],[57,-365],[-26,-37],[-10,-43],[6,-66],[-32,-47],[-3,-43],[29,-56],[33,14],[26,-82],[49,-101],[-16,-14],[29,-52],[-8,-39],[47,-72],[95,13],[102,-4],[28,-34],[-27,-19],[21,-41],[32,21],[14,-42],[1,-63],[19,-63],[-19,-100],[-39,-39],[-35,-86],[-52,-30],[-14,-35],[17,-81],[46,-160],[-27,-44],[-22,-107],[-13,-10],[-5,-110],[23,-46],[-40,-53],[1,-1],[348,-480],[20,-30],[-33,-72],[47,-77],[-3,-83],[10,-36],[-151,151],[317,-606],[-8,-53],[16,-85],[-112,-106]],[[72761,54292],[-111,157],[-80,-187],[25,-18],[0,-81],[64,-45],[29,-65],[-29,-52],[-164,-25],[-17,-33],[-32,-12],[-61,26],[-35,-6],[-46,2],[-48,-23],[-42,-106],[-1,-67],[-41,5],[-93,-50],[-31,-6],[-63,-40],[-32,-47],[-30,-9],[-52,17],[-32,-18],[-102,50],[-20,47],[-114,34]],[[71603,53740],[-564,-223],[7,130],[-276,-173],[-30,58],[9,71],[-21,86],[79,36],[-11,24],[8,59],[103,5],[24,48],[51,38],[35,75],[-32,31],[10,55],[-16,15],[12,81],[-26,97],[-75,38],[2,85],[-35,43],[12,39],[-31,64],[-43,31],[-77,17],[-20,-60],[-536,-306],[46,-34],[21,-67],[-21,-101],[36,-83],[41,-161],[24,-43],[12,-54],[-11,-59],[15,-49],[28,-36],[-9,-121],[-11,-38],[-49,-56],[-33,-3],[3,93],[-13,75],[-1,96],[-49,72],[-83,25],[-26,23],[-15,55]],[[71603,53740],[-8,-37],[-30,-9],[0,-37],[37,-120],[-6,-32],[32,-42],[-9,-62],[35,-20],[10,-58],[52,-16],[-6,-49],[119,-28],[29,-54],[79,-7],[33,40],[41,24],[69,-31],[49,1],[97,-57],[30,14],[35,-12],[39,24],[55,-8],[40,-57],[41,-207],[2,-48],[67,-252],[-8,-38],[24,-28],[13,-54]],[[72564,52480],[-31,-6],[-15,-42],[-82,21],[-39,-36],[1,-32],[-42,-39],[-11,-31],[-34,14],[-80,-39],[-36,24],[-63,-35],[24,-30],[-51,-66],[2,-53],[-28,-31],[-6,-123]],[[68953,59477],[56,61],[49,29],[32,42],[9,64],[-5,72],[66,72],[58,76],[37,104],[12,80],[-14,58],[34,62],[89,2],[47,-16],[17,45],[6,41],[49,34],[18,55],[-7,53],[-69,43],[-11,34],[29,50],[-4,42],[-36,34],[35,56],[39,11],[27,45],[4,34],[30,31],[-27,53],[-72,54],[-46,7],[-4,21],[-94,47],[-52,43],[-26,91],[9,59],[-10,34],[-62,120],[-30,27],[20,51],[-20,14],[5,70],[-23,63],[37,95],[52,85],[39,31],[33,56]],[[69279,61812],[9,13]],[[69288,61825],[72,46],[143,32],[159,119],[101,130],[63,26],[26,2],[53,36],[49,53],[66,28],[70,-17],[34,-31],[40,-64],[60,-127],[50,-55],[40,0],[46,-57],[35,-15],[39,-77],[35,29],[55,-2],[55,27],[37,-17],[18,-38],[46,23],[32,82],[33,6],[37,-25],[21,32],[36,-35],[40,-7],[32,-34],[37,-6],[-3,-34],[41,-2],[64,16],[56,14],[41,-25],[26,-61],[-15,-62],[5,-59],[32,-109],[35,-19],[56,-1],[59,-94],[19,-7],[56,38],[36,-33],[-7,-40],[18,-61],[0,-53],[47,-11],[69,6],[21,24],[9,53],[43,24],[56,71],[-12,37],[31,12],[39,-36],[54,-10],[24,15],[76,-2],[40,46],[40,63],[44,-10],[37,12],[91,-18],[50,15],[18,29],[-3,58],[77,-5],[32,14],[30,42],[6,48],[19,30],[46,30],[81,37],[18,24],[1,51],[73,47],[23,42],[61,17],[48,-5],[60,54],[41,12],[44,-27],[62,17],[103,-10],[80,13],[78,61],[19,2],[34,-5],[24,1],[33,12],[41,-43],[65,42],[37,-41],[24,-1],[52,-42],[33,20],[14,34],[39,8],[35,41],[24,-2],[49,-15],[17,35],[30,103],[48,60],[2,45],[46,47],[89,62],[25,41],[4,109],[24,83],[80,-5],[36,15],[11,46],[82,6],[66,72],[82,2],[6,-38],[52,21],[0,49],[34,35],[22,62],[36,28],[-5,42],[35,35],[20,47],[36,0],[38,56],[53,55],[23,-10],[32,72]],[[74771,63353],[46,129],[31,43]],[[74848,63525],[52,-4]],[[74900,63521],[53,-55],[67,-2],[53,-26],[39,30],[63,10],[21,34],[129,-11],[22,-8],[107,7],[-33,-99],[35,-44],[23,-60],[149,-17],[24,-59],[-18,-70],[22,-24],[50,36],[49,12],[41,-21],[3,-30],[28,-9],[59,22],[13,-38],[40,-58],[1,-48],[29,-71],[33,-22],[9,-65],[21,-12],[-4,-79],[37,-75],[3,-54],[15,-19],[5,-110],[37,-50],[61,-9],[31,-18],[11,-31],[57,-18],[50,-46],[57,5],[38,-58],[-9,-70],[-27,-67],[-34,-54],[30,-69],[-19,-49],[-50,-20],[-28,-48],[-43,26],[-41,-46],[41,-59],[-3,-48],[-21,-40],[4,-84],[-51,-31],[10,-35],[-42,-65],[63,25],[82,-22],[72,-47],[130,-48],[56,32],[61,4],[40,21],[26,39],[10,42],[24,28],[49,18],[30,-5],[66,-35],[37,59],[43,89],[41,25],[59,-56],[45,-20],[34,3],[55,66],[-4,56],[45,108],[27,40],[22,104],[38,117],[-14,89],[20,90],[24,64],[33,54],[60,40],[35,-8],[60,-43],[55,-59],[25,-40],[67,-10],[124,78],[29,38],[139,1],[59,9],[49,14],[144,191],[24,16],[39,81],[-9,85],[-46,101],[4,58],[34,43],[130,20],[95,-18],[96,61],[59,-17],[61,-5],[49,30],[7,25],[-12,54],[11,30],[-36,172],[12,51],[65,5],[34,-8],[82,2],[97,48],[29,34],[71,24],[19,21],[98,24]],[[79220,63590],[36,26],[23,48],[38,-3],[47,53],[84,19],[50,-40]],[[79498,63693],[-43,-42],[-270,-539],[-172,-348],[147,-238],[274,-427],[-29,-53],[5,-81],[-33,-39],[20,-52],[-1,-92],[28,-52],[-14,-43],[9,-38],[43,-21],[19,-34],[68,-55],[14,-46],[-15,-109],[15,-21],[-34,-47],[-66,-385],[59,-82],[41,3],[20,-18],[87,2],[27,-27],[80,16],[21,-27],[50,-23],[24,9]],[[79872,60784],[-24,-76],[-42,-49],[-77,8],[-1,-32],[-36,-124],[16,-24],[-25,-110],[11,-62],[-15,-49],[-8,-270],[-9,-86],[-31,-44],[-10,-51],[-33,-21],[-29,-51],[-16,-60],[-23,-23],[9,-98],[-17,-149],[-11,-22],[-10,-91],[13,-65],[-377,328],[-435,121],[-168,112],[-109,153],[-87,165]],[[78328,60114],[-240,383],[-444,-68],[-501,-165],[-724,96],[-296,183],[-51,-83],[-39,-28],[-32,-49],[-536,20],[5,-53],[-50,-65],[35,-100],[62,-60],[16,-40],[4,-90],[-23,-19],[-85,-10],[-32,-54],[-83,-46],[-40,-57],[7,-56],[19,-23],[-31,-27],[-71,-3],[-32,-83],[28,-59],[29,-18],[-27,-66],[-62,-42],[-56,-21],[-18,-32],[-64,-42],[-7,-49],[-20,-11]],[[74969,59277],[-51,-37],[-41,15],[-70,-38],[-34,-64],[-49,27],[-4,-54],[-45,-68],[-28,0],[-42,-32],[-92,-30],[-49,-67],[23,-50],[98,-35],[67,-58],[-38,-68],[-2,-63],[-67,-10],[-5,-28],[-80,-39],[-30,-73],[-31,3],[-35,-23],[31,-59],[1,-71],[17,-22],[11,-82],[-37,-60],[6,-44],[-55,-45],[143,-47]],[[74481,58055],[-157,-227],[-12,48],[-41,-11],[-42,17],[-22,37],[-93,16],[-23,18],[-12,54],[-36,23],[-20,41],[-33,-2],[-244,191],[-302,-386],[21,170],[-33,47],[-20,114],[-17,51],[-35,67],[-44,36],[-31,52],[-15,77],[-59,67],[-7,77],[-58,102],[-17,73],[-33,32],[-3,91],[-44,47],[23,60],[-10,75],[-18,46],[9,68],[-90,99],[7,49],[-12,73],[-41,69],[-6,43],[-571,250]],[[72761,54292],[30,0],[-5,-45],[34,-80],[35,-15],[163,224],[107,-93],[29,226],[-21,77],[4,121],[15,63],[23,30],[-2,33],[-28,53],[-4,52],[-55,84],[1,43],[-29,74],[53,47],[3,41],[-65,44],[0,101],[-45,90],[25,13],[85,-51],[678,-428],[83,-51],[466,-310],[195,-165],[184,43]],[[74720,54513],[22,-50],[2,-80],[46,-168],[21,-29],[56,-234],[29,-32],[64,3],[-4,-52],[30,-23],[-28,-27],[-33,-103],[-79,-78],[12,-43],[-22,-24],[-26,-63],[-86,-30],[-21,-24],[-56,-9],[-43,21],[-88,-35],[-5,-26],[22,-71],[-8,-49],[13,-32],[14,-101],[-45,-41],[-32,-1],[-16,71],[-48,-33],[-51,-11],[-95,20],[155,-548],[38,-5],[5,-49],[66,-163],[1,-58],[22,-74],[9,-100],[48,-29],[55,-110],[-19,-85],[-51,-11],[1,-27],[39,-67],[23,42],[44,-13],[18,-33],[44,-35],[44,-91]],[[74807,51703],[-318,-110],[-19,12],[-36,-44],[-42,10],[-52,51],[-15,95],[-37,-55],[-75,-13],[-15,-23],[-3,-87],[34,-87],[-7,-79],[-18,-69],[-235,-100],[-10,44],[-38,-3],[-82,-33]],[[73839,51212],[-1,254],[29,51],[-6,99],[28,0],[-14,105],[-97,119],[-55,113],[3,25],[-36,59],[-230,-440],[-55,52],[-59,136],[-20,25],[-153,-192],[-10,72],[-50,71],[-17,78],[-36,92],[-57,36],[-31,-3],[-24,43],[-37,32],[-7,30],[-56,98],[-31,10],[-3,39],[-33,122],[1,35],[-60,2],[-16,-37],[-41,2],[-101,140]],[[74481,58055],[462,-429],[-5,-51],[-16,-21],[-56,-13],[-44,7],[-41,-32],[6,-39],[-32,-55],[-17,-100],[69,-124],[6,-52],[316,-17],[421,-371],[361,-510],[33,-81],[38,-12],[37,-45],[8,-51],[52,-41],[-32,-44],[-31,-13],[-288,-516],[-310,-272],[205,-265]],[[75623,54908],[-482,96],[-231,154],[-50,-62],[19,-85],[15,-25],[2,-91],[-18,-25],[-94,-45],[48,-32],[-1,-54],[15,-89],[-36,-51],[25,-24],[-10,-38],[-105,-24]],[[73839,51212],[-14,-7],[31,-51],[-15,-29],[10,-67],[25,-9],[31,-46],[41,-20],[58,17],[13,-81],[74,23],[8,-44],[16,-219],[36,-19],[24,-86],[68,-35],[-436,58],[3,-32],[28,-51],[-19,-46],[30,-18],[27,-111],[63,-19],[14,-50],[-14,-49],[37,-39],[22,-105],[-10,-38],[51,-118],[8,-42],[30,-39],[-6,-72],[38,-91],[32,-43],[66,-46],[76,-22],[99,-75],[29,-36],[-37,-23],[9,-50],[-150,-387],[303,-114],[316,-190],[79,-54],[3,-46],[-32,-31],[-24,-65],[-31,-22],[-50,19],[-10,-31],[19,-38],[-14,-47],[-68,-11],[-2,35],[-56,-2],[-58,-45],[-11,-35],[-43,-20],[-24,22],[14,30],[-43,24],[-38,0],[-15,-27],[-58,-10],[-44,23],[-27,-14],[-17,-39],[-60,-27],[-22,15],[-46,-70],[-220,65],[-307,87],[-32,52],[-48,34],[-85,13],[-287,26],[-96,141]],[[74807,51703],[8,-48],[28,-31],[13,-64],[36,-64],[41,29],[46,-19],[401,137],[26,-7],[98,-113],[-11,-47],[26,-69],[62,6],[83,-59],[-9,-31],[35,-45],[15,-40]],[[75705,51238],[25,-68],[80,-80],[-28,-64],[17,-37],[43,-42],[31,-54],[-4,-56],[21,-52],[2,-84],[-22,-28],[9,-31],[-16,-41],[-35,-30],[16,-65],[-27,-34],[4,-36],[-31,-20],[11,-50],[-17,-23],[17,-35],[-25,-49],[50,-50],[14,-35],[-10,-51],[30,-28],[47,-68],[22,-7],[-60,-25],[-33,34],[-60,-6],[-29,16],[-91,6],[-38,4],[-142,-35],[-49,21],[-39,-77],[-29,-32],[-34,-11],[17,-64],[-35,-9],[-48,36],[-31,-41],[5,-44],[-37,-3],[-14,-74],[5,-22],[604,-473],[381,-251],[137,-92],[162,-39],[314,-77],[17,-19],[71,124],[52,45],[25,43],[20,-18],[-2,-46],[32,-7],[55,12],[41,39],[45,-94],[16,39]],[[77157,48880],[87,-499],[-24,1],[-31,-128],[-54,-5],[-32,-79],[53,5],[30,-26],[37,-5],[24,-29],[55,43],[57,69],[47,25]],[[77406,48252],[192,-289],[-42,-106],[-29,-42],[-8,-61],[-41,-25],[-46,-8],[-21,50],[-26,-33],[-29,18],[-52,-7],[-55,-24],[-7,-35],[-48,-94],[18,-4],[14,-68],[31,-63],[-25,-53],[-55,-162],[15,-53],[-6,-107],[-20,-52]],[[77166,47034],[-37,-86],[-47,-56],[-29,-19],[19,-34],[-61,-9],[-24,14],[-27,73],[-5,-110],[35,-11],[38,-89],[10,-66],[-3,-13],[-96,-292],[-318,97],[-221,-203],[-89,-50],[-45,-57],[-24,33],[-67,20],[-74,-295],[15,-509],[-29,-39],[-5,-79],[-41,-56],[-18,-24],[-85,-5],[-57,-44],[-24,34],[-53,-5],[-39,13],[-30,-37],[-40,20],[-64,85]],[[75631,45235],[-18,15],[-62,-19],[-27,-23],[2,-54],[-59,-21],[-38,59],[14,31],[-76,87]],[[75367,45310],[-30,2],[-5,-53],[-58,-46],[-59,-16],[-46,9],[-23,82],[-77,17],[-30,22],[-35,-69],[-3,-33],[-65,-64],[-68,3],[-28,-25],[-67,14],[-46,-53],[-52,-2],[-54,-73],[-25,29],[-30,3],[-66,34],[-21,27],[-52,9],[-46,-25],[-41,-1],[-46,27],[-86,-11],[-14,281],[-16,360],[-14,16]],[[74164,45774],[-166,189],[-50,64],[-76,81],[-644,742],[-108,-36],[-55,4],[-8,-38],[-50,-52],[-71,-26],[-10,-30],[-47,0],[-91,48],[-82,-16],[-95,-20],[-27,-27],[-25,12],[-3,37],[-56,91],[-58,46],[-7,53],[-39,33],[-22,-34],[-90,4],[-55,-23],[-41,-40]],[[72188,46836],[-42,23]],[[74969,59277],[70,-11],[34,-24],[59,-95],[30,-19],[6,-30],[-16,-97],[32,-50],[102,-55],[19,12],[81,0],[61,23],[37,45],[27,-37],[76,-58],[36,-49],[24,-10],[2,-54],[51,-24],[47,-6],[27,44],[27,-22],[-4,-38],[-38,-41],[-65,-45],[-1,-58],[-22,-17],[-9,-43],[853,-235],[172,-47],[13,-68],[-34,-79],[32,-48],[55,28],[59,-70],[35,-58],[113,-27],[92,-45],[60,14],[-10,-48],[44,-42],[33,19],[32,-22],[-101,-228],[105,20],[151,-183],[351,-434],[20,-22]],[[77737,56943],[-2,-14],[-24,-153],[293,-248],[212,-314]],[[78216,56214],[7,-47],[-32,-52],[-19,11],[-25,-43],[-52,-34],[-50,1],[-33,34],[-20,-22],[-52,30],[-94,-41],[-23,56],[-78,-30],[-112,-26],[-24,-46],[-58,2],[-58,-13],[-40,-25],[-54,47],[-67,-2],[-33,21],[-19,-34],[-62,-26],[-63,-60],[-2,-39],[-38,-82],[-13,31],[-44,-18],[-94,12],[-41,-8],[-27,32],[-72,-42],[-29,-25],[-4,-46],[-113,-93],[-43,-48],[30,-113],[-35,-46],[-27,-62],[-29,-40],[-39,-5],[7,-53],[-281,40],[-193,54],[181,-155],[24,-73],[37,-41],[-318,-253],[-64,-1],[-48,51],[-31,59],[-90,-9],[-18,13],[-51,-6],[-28,-32],[-39,-9]],[[75623,54908],[20,-364],[754,28],[24,6],[36,-55],[76,18],[40,-22],[7,-73],[19,-49],[41,-10],[39,-54],[24,15],[49,-23],[33,-39],[31,10],[76,-43],[15,-44],[39,9],[157,-24],[27,20],[22,-50],[31,11],[53,-26],[0,-34],[37,5],[11,-89],[-2,-56],[43,-76],[13,10],[77,-28],[28,-19],[16,-39],[55,-75],[-5,-29],[83,-91],[30,-85],[-11,-35],[51,-9],[34,-21],[20,-97],[1,-6],[56,-7],[114,24],[42,-56],[65,-11],[32,-64]],[[78026,53261],[-36,-376],[-185,-397]],[[77805,52488],[-68,-39],[-225,-212],[-72,-52],[-86,-16],[-74,15],[-47,-3],[-59,18],[-61,-106]],[[77113,52093],[-552,-156],[19,-37],[15,-79],[29,-11],[-298,-73],[-250,-19],[-234,-196],[-137,-284]],[[78328,60114],[-25,0],[36,-32],[1,-61],[20,-111],[-12,-85],[11,-50],[-12,-46],[8,-37],[-3,-82],[19,-111],[6,-69],[-9,-57],[6,-82],[13,-44],[10,-97],[18,-77],[-10,-52],[3,-114],[6,-28],[-16,-47],[-34,-32],[-14,-84],[-16,-15],[-7,-93],[-18,-95],[16,-39],[4,-56],[32,-144],[35,-52],[29,-3],[39,-41],[-13,-44],[-13,-106],[29,-24],[-17,-35],[32,-28],[-4,-33]],[[78478,57908],[13,-74],[33,-38],[-11,-49],[60,-16],[-10,-43],[37,-50],[-16,-48],[7,-50],[-123,-170],[-63,21],[-67,69],[-58,-25],[-44,23],[-41,42],[-57,2],[-38,62],[-41,-1],[-7,34],[-44,13],[-45,-36],[-46,1],[-11,34],[-38,-7],[-35,27],[-94,50],[-35,38],[-72,27],[-25,-2],[130,-799]],[[77113,52093],[18,-235],[149,-23],[90,1],[12,-24],[73,-47],[29,-54],[29,-16],[29,-54],[171,-13],[130,-9],[19,-64],[62,-65],[61,-13],[12,-30],[-7,-82],[26,-116],[5,-73],[-30,-116],[26,-25],[3,-37],[-19,-31],[30,-33],[-26,-18],[8,-72],[84,-61],[25,-29]],[[78122,50754],[-30,-13],[-40,40],[-37,4],[-109,-62],[-2,-23],[-56,-69],[-7,-31],[46,-1],[-6,-33],[45,-26],[-12,-48],[35,-45],[-24,-21],[35,-51],[40,-93],[-5,-24],[27,-80],[30,-77],[29,-1],[-3,-93],[23,-25],[-1,-36],[-31,-37],[9,-37],[40,-20],[-5,-42],[-51,-88],[-10,-27],[-70,-32],[-45,-100],[-6,-42],[-89,-55],[6,-39],[-26,-87],[13,-21],[-86,-34],[41,-56],[-71,-55],[-42,-52],[-62,32],[-33,-64],[-30,-21],[-15,-39],[-96,51],[-27,13],[-22,-86],[2,-39],[-28,-102],[-23,-54],[-28,-47],[-42,23],[-37,-12],[-24,56],[-12,58],[-43,-11]],[[78216,56214],[62,30],[11,33],[35,21],[18,-18],[48,-5],[56,-45],[19,-49],[-23,-31],[14,-47],[53,-85],[29,-19],[46,-71],[18,6],[90,-62],[26,-34],[336,-235],[321,-330],[30,34],[48,106],[18,3],[45,50],[42,-6],[14,27],[-14,73],[5,40]],[[79563,55600],[199,-344],[221,142],[349,-97],[41,-12],[7,35],[95,70],[31,-14],[45,8],[98,-7]],[[80649,55381],[71,-12],[30,-31],[128,-657],[-143,6],[4,-47],[21,-49],[1,-73],[43,-84],[-3,-22],[-190,12],[-166,-286],[171,-21],[-112,-40],[19,-74],[-12,-102],[24,-121],[13,-51],[30,-71],[27,-29],[26,3]],[[80631,53632],[9,-34],[-22,-27],[-89,-19],[-31,-87],[71,-39],[80,-114],[-21,-42],[-20,20],[-164,102],[-99,29],[-62,163],[3,75],[-122,-24],[30,-26],[17,-44],[-31,-31],[-20,-183],[42,-32],[-4,-50],[-111,6]],[[80087,53275],[-229,-103],[-72,-36],[-33,41],[-74,40],[-24,49],[-7,49],[-39,23],[-82,-2],[-64,-21],[-33,8],[-81,-19],[-25,-28],[-18,-52],[-88,-4],[-32,34],[-92,-22],[-69,-57],[-108,-50],[-54,-59],[-55,7],[-40,10],[-61,44],[-99,30],[-27,22],[-19,57],[-62,19],[-15,-39],[-37,-11],[-3,-37],[-48,-30],[-32,39],[-2,21],[-43,50],[-71,-9],[-74,29],[-32,1],[-20,-29],[-42,46],[-55,-25]],[[77166,47034],[40,-18],[55,20],[56,-17],[157,-193],[-21,-31],[37,-41],[3,-117],[-9,-10],[83,-555]],[[77567,46072],[131,-657],[3,-18],[47,25],[45,-4],[41,-24],[-5,-68],[41,-26],[26,-51],[-30,-30],[46,-19],[1,39],[44,56],[24,14],[28,-69],[37,-4],[60,50],[14,17],[127,-64],[-29,-33],[-17,-100],[18,-60],[-24,-60],[-8,-77],[-53,-24],[-9,-60]],[[78125,44825],[-62,28],[-67,51],[-43,11],[-15,-24],[-37,11],[-11,-36],[-79,-31],[-42,5],[-49,-58],[-27,-1],[-69,-54],[5,-32],[-55,-21],[-6,-54],[-115,-25],[-44,-30],[-15,37],[-35,17],[-27,4],[-20,-36],[-30,42],[-14,-73],[28,-46],[49,-57],[7,-32],[39,-30],[27,12],[62,-34],[14,-35],[-61,-50],[-100,-1]],[[77333,44283],[-19,14],[-75,12],[-14,-31],[-38,-1],[-18,23],[-35,-10],[-19,47],[-32,-2],[-32,33],[-4,30],[-46,11],[3,50],[-17,53],[-49,33],[-29,-9],[-42,14],[-68,2],[-27,101],[-40,36],[-31,10],[-59,137],[-60,-11],[-28,-22],[-152,9],[-31,14],[-47,-12],[-104,39],[-13,71],[-41,52],[-28,12],[-46,-50],[-49,26],[-30,-35],[0,-44],[-52,9],[-44,-20],[-35,84],[-30,25],[-29,71],[-41,51],[-43,-25],[-34,58],[-46,24],[-28,73]],[[76075,42030],[47,-29],[25,17],[53,8],[31,30],[70,-91],[81,7],[44,25],[12,59],[45,24],[6,75],[-12,65],[-26,31],[-37,-19],[-18,19],[-65,-9],[-25,36],[8,48],[56,92],[15,54],[-5,41]],[[76380,42513],[75,60],[21,-28],[-8,-44],[43,-45],[29,19],[47,-5],[20,27],[35,-8],[66,14],[-10,-34],[16,-29],[38,5],[23,62],[84,16],[45,-81],[30,-15],[21,27],[56,-18],[32,29],[74,-17],[44,-79],[60,19],[80,-2],[9,-47],[47,-14],[37,-37],[52,-7],[60,23],[21,-28],[0,24],[41,57],[37,-43],[52,1],[18,32],[49,3],[71,-44],[9,-21],[-1,-72],[54,-38],[27,-53],[0,-53],[34,-2],[16,-29],[92,-11],[11,19],[82,-3],[-12,-22],[16,-78],[25,-3],[16,-36],[-5,-80],[19,-19],[33,16],[-5,-57],[20,-25],[-13,35],[15,56],[51,31],[74,-29],[60,3],[84,40],[111,12],[43,-19],[71,-68],[42,6],[92,-20],[27,-22],[58,75],[24,18],[43,-13]],[[79008,41844],[-29,-19],[-67,-97],[-12,-99],[-43,-87],[0,-60],[-23,-115],[-10,-84],[-36,-34],[-36,-88],[-11,-131],[2,-68],[-19,-57],[-8,-63],[3,-134],[21,-133],[0,-47],[23,-111],[-13,-235],[5,-64],[-16,-46],[6,-53],[40,-109],[68,-119],[-38,-58],[-74,-64],[8,-42],[-45,-35],[-18,-30],[-123,-135],[-15,-32],[-14,-74],[-106,-42],[-55,-7],[-45,-25],[-71,-23],[-112,-71],[-65,-66],[-51,-66],[-69,-108],[-78,-163],[-77,-103],[-122,-225],[-6,-38],[-38,-98],[-15,-93],[-20,-18]],[[77604,38175],[-48,30],[-475,398],[-661,553],[-1,1]],[[76419,39157],[-8,58],[-70,51],[-6,48],[115,62],[90,111],[-14,41],[-36,23],[-14,67],[-26,19],[14,113],[-20,49],[-36,-1],[-33,42],[-38,-18],[-47,75],[-5,66],[-51,37],[0,54],[-49,74],[-5,-45],[-29,-14],[-12,48],[-26,20],[-39,-35],[-13,37],[-31,34],[12,65],[-31,21],[-38,-29],[-33,28],[-29,92],[-29,38],[17,81],[-27,6],[-54,82],[4,25],[-80,39],[-44,55],[-45,-16],[-54,48],[53,27],[4,71],[-14,16]],[[75642,40822],[9,45],[-13,38],[32,7],[53,73],[56,26],[-30,31],[-19,52],[31,56],[-4,57],[21,25],[-10,35],[-33,11],[-9,86],[39,67],[16,87],[-30,26],[0,37],[28,62],[13,73],[30,79],[64,49],[26,82],[21,34],[14,78],[28,26],[45,-8],[17,-33],[38,7]],[[78125,44825],[-4,-36],[51,-48],[60,3],[79,-69],[49,10],[59,78],[23,-26],[64,19],[18,-16],[11,-64],[29,2],[26,-69],[27,-7],[132,9],[7,34],[31,8],[79,72],[120,-17],[50,24],[45,-22],[41,-1],[43,35],[457,22]],[[79622,44766],[11,-10],[50,-147],[18,-24],[-12,-94],[-58,-125],[-58,-157],[-18,-68],[-42,-95],[-41,-127],[-25,-85],[17,-82],[-65,-120],[-99,-120],[7,-30],[-21,-59],[-3,-97],[30,-47],[-16,-41],[5,-52],[-37,-9],[-32,-35],[-55,-110],[-4,-94],[-57,-159],[-10,-102],[-24,-86],[6,-51],[-11,-66],[-20,-28],[-8,-92],[-81,-127],[-21,-110],[-3,-201],[27,-44],[36,-28]],[[76380,42513],[-12,48],[38,88],[28,112],[30,70],[34,-5],[69,30],[38,-32],[31,6],[86,-30],[0,56],[-20,91],[72,71],[58,75],[7,33],[38,8],[36,-42],[31,16],[12,68],[37,22],[32,77],[22,91],[17,21],[51,43],[14,48],[26,1],[39,-30],[21,61],[45,35],[36,-2],[-5,52],[-33,54],[84,102],[38,20],[5,81],[-8,34],[62,65],[10,28],[-37,54],[-17,74],[-81,102],[-30,15],[49,59]],[[77805,52488],[430,-90],[233,-47],[106,35],[126,71],[16,-109],[20,-52],[40,-20],[43,14],[28,-17],[156,-22],[14,-144],[32,86],[47,0],[28,-23],[58,-4],[34,29],[44,-7],[0,118],[146,118],[24,-57],[40,-39],[-16,-87],[29,-123],[5,-18],[-2,54],[36,41],[141,-52]],[[79663,52143],[9,-54],[20,-28],[-86,-173],[-75,27],[-53,-4],[0,-39],[-29,-21],[-26,56],[-141,-85],[30,-77],[67,30],[54,11],[34,-62],[-380,-16],[-11,-123],[87,-41],[36,-55],[67,29],[72,-103]],[[79338,51415],[-61,-20],[-60,7],[-3,-36],[33,-43],[6,-44],[-64,-6],[-28,68],[-48,9],[-26,54],[-71,101],[-23,-6],[-12,-64],[-25,-50],[-51,12],[-43,43],[-79,-16],[-50,19],[24,-77],[-15,-17],[7,-62],[-39,23],[-19,-63],[-34,-17],[-1,-29],[-41,-2],[44,-98],[-45,-33],[-32,-94],[-34,-5],[-54,-41],[-20,-2],[-40,-71],[-44,-24]],[[78390,50831],[-19,22],[-34,-12],[-58,-15],[-29,-52],[-70,-87],[-58,67]],[[78390,50831],[24,-49],[38,-2],[5,-30],[40,-24],[33,24],[22,-56],[20,-15],[54,5],[65,43],[74,-30],[9,-29],[36,-39],[42,-2],[-23,-96],[-13,-9],[28,-26],[50,56],[-32,-147],[6,-102],[-79,64],[-46,-15],[-24,8],[-16,-40],[-33,15],[-58,-18],[-8,-53],[29,-37],[-3,-31],[214,-51],[210,62],[-137,-358],[-10,-37],[-43,-20],[-13,-37],[14,-56],[-22,-5]],[[78843,49694],[-34,10],[-60,-25],[-37,57],[-25,-45],[-31,36],[-25,3],[-43,44],[-41,-6],[-23,-546],[32,-56],[-37,-29],[-24,-124],[-31,-40],[-22,-89],[-68,31],[-23,-56],[-45,-1],[-3,-48],[297,-150],[1,-24],[-36,-34],[-20,-39],[-51,-7],[-32,31],[-10,-48],[-41,29],[-70,-8],[-22,27],[32,72],[-29,28],[-29,0],[-51,-27],[-56,62],[-4,38],[-28,18],[-28,-45],[-57,-18],[36,-49],[-40,-32],[-15,-85],[-34,-32],[-50,25],[-28,-29],[-32,7],[14,60],[-49,-27],[-41,28],[-72,-41],[-28,-43],[-33,-149],[-51,-27],[-38,53],[-59,-3],[-15,-40],[-36,-46],[-92,-33]],[[78478,57908],[221,-15],[143,-8],[335,13],[26,-50],[-13,-45],[11,-33],[-12,-88],[-22,-83],[6,-129],[-20,-41],[62,-13],[50,-49],[0,-30],[46,-34],[61,0]],[[79372,57303],[18,-42],[-12,-46],[-35,-29],[-11,-72],[99,-404],[150,-183],[37,-559],[32,-97],[-21,-18],[-8,-79],[-33,-35],[-12,-95],[-13,-44]],[[78843,49694],[-70,-149],[-25,-75],[-33,2],[-1,-92],[73,-32],[0,-36],[40,0],[24,-89],[24,-29],[-48,-128],[6,-20],[128,-32],[160,114],[52,15],[69,-2],[69,22],[87,-54],[65,-4],[116,32],[9,36],[57,20],[10,40],[-23,60],[-25,15],[7,51],[25,30],[18,52],[2,46],[-22,61],[5,63],[27,51],[52,24],[27,34]],[[79748,49720],[33,-37],[15,-58],[-3,-84],[-29,-96],[-51,-259],[-57,-171],[-9,-71],[-18,-26],[-12,-99],[-20,-99],[24,-51],[-6,-78],[-37,-88],[-7,-66],[-37,-142],[-31,-150],[-23,-60],[-6,-83],[-44,-134],[-26,-100],[-17,-189],[3,-145],[23,-70],[39,-43],[14,-33],[-6,-65],[2,-234],[17,-55],[22,-121],[2,-74],[-13,-207]],[[79490,46532],[-55,7],[-46,-56],[-51,-12],[-224,133],[-22,64],[-23,-8],[-47,28],[-41,-20],[-46,0],[-42,-29],[-26,6],[-62,-18],[-30,23],[-26,-25],[-69,-71],[-58,21],[-3,26],[-50,145],[-11,55],[-66,-55],[-171,-57],[-126,115],[23,-72],[-14,-169],[-35,-59],[4,-27],[36,-11],[-16,-65],[14,-53],[-22,-54],[-38,-54],[0,-74],[35,-46],[-49,25],[-46,6],[-79,-5],[-33,-82],[-56,16],[8,-88],[-39,-21],[-6,-33],[-43,9],[-27,-68],[-17,-14],[-49,51],[-58,-12],[-14,79],[-22,4],[-10,49],[-75,36]],[[80087,53275],[40,-17],[-6,-49],[44,-22],[8,-38],[59,-15],[34,-34],[-35,-71],[21,-66],[1,-63],[-38,-33],[-39,-55],[-42,-11],[14,-40],[-8,-36],[27,-115],[19,-39],[-24,-32],[-13,-82],[-32,-48]],[[80117,52409],[-38,43],[13,69],[-39,67],[-13,47],[-40,46],[-59,38],[-18,70],[-36,-7],[-39,19],[-76,-23],[-2,-60],[-41,-1],[-47,-17],[-15,-36],[11,-44],[-8,-67],[-50,-47],[-21,-95],[12,-60],[30,-24],[32,-61],[2,-28],[-62,-7],[8,-40],[42,-48]],[[79490,46532],[-1,-77],[-14,-267],[5,-170],[7,-35],[19,-217],[4,-43],[31,-151],[14,-110],[4,-85],[-9,-152],[4,-171],[25,-141],[17,-12],[30,-123],[-4,-12]],[[79872,60784],[36,14],[18,2]],[[79926,60800],[140,-144],[14,-79],[35,-64],[46,-34],[52,-72],[-4,-82],[64,-91],[82,-398],[614,-600],[341,-267],[-25,-35],[-183,-331]],[[81102,58603],[-38,-45],[13,-76],[-25,1],[-43,34],[-358,-273]],[[80651,58244],[70,-51],[16,-83],[60,-45],[33,-62],[0,-47],[-355,206],[-32,-16],[4,-83],[-8,-40],[-28,-21],[-11,-82],[-105,-40],[-32,-44],[-43,-28],[-49,16],[-53,-30],[-30,2],[-343,-592]],[[79745,57204],[-110,25],[-18,-20],[-91,60],[-45,-1],[-109,35]],[[79338,51415],[39,19],[84,-75],[27,-12],[24,23],[99,13],[47,-14],[48,47],[1,-56],[33,-4],[116,107],[43,-22]],[[79899,51441],[-24,-13],[-45,-69],[-31,-76],[-21,-124],[1,-57],[12,-62],[25,-50],[12,-26],[60,57],[30,-32],[-5,-83],[32,-87],[-21,-56],[-24,-19],[-15,-59],[-34,-22],[-14,-39],[-12,-91],[16,-43],[53,-61],[-13,-50],[40,-20],[-9,-84],[-62,-37],[-11,40],[-30,6],[-67,-53],[-1,-26],[-55,-70],[-25,-76],[-10,-101],[30,-110],[31,-50],[36,-78]],[[82466,60979],[-46,-65],[7,-31],[-52,-78],[-6,-50],[15,-33],[52,-56],[3,-44],[-90,-115],[6,-136],[19,-71],[66,-75],[47,-30]],[[82487,60195],[-440,-145],[-467,153],[16,299],[-287,81],[-22,4],[-752,220],[-356,18],[-253,-25]],[[79498,63693],[26,-31],[75,-4],[59,-18],[29,-54],[-2,-33],[19,-50],[35,-28],[-2,-154],[23,-57],[76,-19],[46,9],[30,37],[25,-41],[29,-17],[94,-25],[84,-36],[71,-16],[41,-48],[57,-50],[23,-58],[53,-31],[60,17],[168,20],[109,-15],[23,-16],[124,-142],[51,-25],[23,-26],[16,-52],[6,-97]],[[80969,62633],[4,-69],[40,-80],[30,-22],[50,-14],[27,16],[37,63],[12,161],[45,93],[48,66],[43,17],[103,-34],[58,-47],[21,-43],[-26,-92],[-81,-64],[-18,-50],[11,-34],[22,-57],[42,-54],[77,-71],[75,-36],[27,1],[42,30],[57,59],[52,25],[38,-2],[44,-65],[27,-60],[-2,-29],[-33,-35],[-41,-20],[-13,-28],[43,-57],[-37,-37],[3,-63],[13,-21],[52,-65],[15,-77],[-19,-41],[75,-196],[24,-105]],[[80117,52409],[40,-34],[63,38],[104,31],[128,49],[4,-41],[36,-76],[45,-41],[86,-53],[74,-55],[50,-70]],[[80747,52157],[-124,-23],[20,-74],[-27,-64],[-39,-28],[-62,-95],[-34,-8],[-59,-44],[-36,-10],[-54,-71],[-32,-15],[-32,-60],[-83,-41],[-16,-27],[-36,-5],[-73,-42],[-37,-46],[-124,-63]],[[79745,57204],[32,-16],[16,-37],[47,-13],[54,50],[31,-28],[37,-3],[20,-61],[125,8],[141,-788],[127,-79],[1,-1],[1,-1]],[[80377,56235],[110,-353],[162,-501]],[[80651,58244],[371,138],[22,-37],[45,-24],[71,-67],[31,-10],[3,-31],[29,-15],[17,-36],[48,-45],[72,-109],[2,34],[35,74],[74,-21],[-38,-609],[330,189]],[[81763,57675],[-24,-79],[27,-49],[-17,-29],[-7,-66],[18,-50],[3,-52],[24,-31]],[[81787,57319],[-186,-397],[-46,39],[-71,-3],[-37,-27],[-123,-29],[-17,-23],[-50,-17],[-12,-50],[8,-62],[-20,-27],[49,-84],[4,-25],[86,-105],[14,-47],[70,-4],[42,-54],[31,-70],[75,-19],[44,-20],[26,-36],[69,-49],[-56,-23],[-73,-66],[0,-47],[-97,-464],[-439,249],[1,38],[-88,67],[-614,271]],[[82487,60195],[0,-109],[-22,-34],[-10,-55],[-30,-53],[19,-27],[34,-97],[25,-37],[48,8],[27,0],[27,-29],[89,-13],[94,-57],[17,-32],[-1,-64],[0,-4],[3,-56],[34,-114],[55,-93],[5,-29],[-17,-47],[-2,-64],[32,-24]],[[82914,59165],[38,-321],[13,-41],[-64,-26],[-49,-1],[-9,-22],[-86,-49],[-40,-35],[1,-36],[-28,-25],[-19,-44],[78,-146],[8,-86],[-14,-58]],[[82743,58275],[-90,121],[-27,-49],[-93,-58],[14,65],[-24,41],[20,41],[-19,18],[36,58],[-19,31],[-40,-11],[-47,26],[-137,11],[-35,-23],[-81,55],[-72,-20],[-31,-33],[-38,13],[-63,-16],[-142,262],[-141,153],[-130,56],[-23,-29],[-33,-120],[-72,-60],[-42,-99],[-31,-109],[-281,4]],[[80631,53632],[26,49],[35,135],[117,-52],[-2,-39],[27,-46],[45,-15],[20,116],[0,55],[31,53],[-6,23],[48,-48],[40,-18],[233,75],[203,-90],[33,-35],[179,132],[35,-10],[307,-75],[-22,27],[-53,5],[-2,86],[34,48],[-24,14],[3,47],[98,-8],[30,-63],[-1,-81],[165,-181],[-42,-182],[-30,-43],[81,-10],[14,-31],[53,6],[17,-30],[-9,-32]],[[82314,53414],[0,-14],[-144,-202],[-44,-71],[-29,-72],[-47,-81],[-68,-42],[-28,-43],[-15,-59],[-66,-53],[-34,-47],[-79,-77],[-44,-60],[-109,-129],[-22,-16],[-43,-68],[-43,-41],[-36,-54],[-72,-54],[-41,-49],[-93,-114],[-54,-32],[-50,14],[-52,-24],[-165,-124],[-135,21],[-112,28],[59,115],[-1,91]],[[81787,57319],[79,-57],[-17,-40],[26,-60],[63,-41],[29,-45],[23,27],[36,-19],[1,-75],[27,-27],[28,-68],[-40,-57],[19,-50],[30,-6],[8,-36],[-12,-55],[53,-69],[45,0],[56,-56],[39,-1],[12,-70],[-30,-16],[12,-50],[-28,-31],[17,-32],[-37,-43],[2,-37],[37,-120]],[[82265,56185],[27,-113],[33,-15],[-4,-38],[38,-34],[19,48],[51,-21],[10,-70],[45,6],[63,-46],[-31,-40],[48,-27],[39,-47],[27,-69],[24,-13],[92,-16],[19,-32],[109,-69],[55,-24],[35,63],[0,32],[71,29],[24,-49],[38,-12],[36,29],[17,-63],[24,30],[36,-22],[79,-7],[7,34],[27,25],[91,-3],[64,22],[85,65],[66,80],[49,29]],[[83678,55847],[12,-53],[-100,-103],[-86,-142],[-154,-306],[-69,-142],[-13,-13],[-4,-22],[-109,-230],[-93,-210],[-62,-124],[-10,-62],[-157,-242],[-11,-42],[-55,-90],[-80,-111],[-47,-78],[5,-6],[-75,-114],[-65,-76],[-151,-229],[-40,-38]],[[82743,58275],[-34,-49],[5,-67]],[[82714,58159],[23,-280],[-369,-143],[-63,-22],[-53,5],[-10,71],[-42,70],[-22,7],[-48,-5],[-28,27],[-25,-22],[-33,9],[-18,-25],[-33,3],[-72,25],[-16,22],[-48,-11],[-26,-1],[-15,-36],[6,-89],[-22,-58],[-37,-31]],[[75598,78555],[153,88],[60,-17],[98,-9],[24,9],[120,-23],[64,-21],[7,21],[49,-13],[161,3],[110,23],[16,22],[83,-10],[50,29],[110,-13],[15,-46],[70,10],[63,26],[32,29],[38,8],[64,-10],[98,-1],[56,8],[50,-10],[137,10],[32,12]],[[77358,78680],[-27,-26],[52,-89],[73,-22],[-14,-72],[19,-29],[-6,-55],[36,-21],[27,-279],[-42,-113]],[[77476,77974],[-151,-65],[-257,159],[-148,84],[46,-208],[21,-168],[13,-49],[-15,-40],[50,-37],[-324,98],[-14,-73],[35,-51],[-9,-43],[7,-54],[-75,-36],[4,-49],[-16,-32],[-60,-53],[5,-15],[91,26],[36,-12],[-6,-41],[-25,-3],[-41,-100]],[[76643,77212],[6,-34],[-23,-19],[-26,-52],[-1,-49],[-36,-19],[20,-65],[-37,-24],[-249,262],[-53,49],[-65,18],[-10,33],[-71,51],[-90,32],[-52,-2],[-40,198],[-150,-457],[-60,-49],[-56,6],[-28,18],[-29,-29]],[[75593,77080],[-70,15],[2,54],[-42,36],[11,86],[-18,22],[-84,0],[-33,43],[9,48],[-29,74],[41,56],[7,61],[185,312],[-13,48],[43,63],[133,119],[-9,97],[33,51],[-16,67],[-29,58],[-4,31],[-60,10],[-55,46],[3,78]],[[76643,77212],[7,-1],[48,-92],[11,-45],[-27,-73],[-63,-91],[-87,-56],[-26,-38],[20,-242],[30,-145],[-50,-149],[115,-27],[151,0],[6,-45],[-36,-86],[-20,-24],[-41,-13],[-21,-34],[-36,-9],[-17,19],[-63,-9],[39,-30],[10,-42],[172,21],[-59,-90],[-76,-8],[22,-87],[-41,-12],[-1,-67],[5,-39],[-32,-39],[14,-19],[-5,-70],[-34,-53],[19,-70],[74,-62],[30,-24],[67,7],[54,-18],[7,-32],[44,23],[23,-10],[10,-79],[-43,-80],[108,-33],[170,3],[47,15],[58,-16],[31,-26],[9,-37],[45,-70],[80,20],[18,33],[82,60],[19,-118],[-20,-13],[-50,-39],[-25,-48],[-23,-14],[-16,-52],[-56,-23],[-16,-67],[-43,-31],[-33,-48],[-28,-81],[22,-55],[-71,-78],[-8,-78],[-33,-71],[20,-74],[1,1]],[[77131,74232],[8,-54],[-13,-51],[-35,-52],[-56,-5],[-89,-164],[-23,-41],[-144,-22],[-11,15],[-58,9],[-64,-12],[-43,22],[-43,-28],[-43,-2],[-64,15],[-37,-7],[-154,10],[-17,76],[-24,-4],[-28,76],[-48,27],[-33,35],[-72,32],[-33,34],[-42,7],[-27,29],[-109,14],[-47,40],[-39,-17],[-15,38],[-61,-12],[-10,26],[-42,3]],[[75615,74269],[42,14],[34,47],[13,52],[32,32],[6,69],[29,54],[4,63],[44,82],[-2,61],[23,32],[48,87],[34,39],[3,46],[-31,192],[90,128],[1,1],[20,29],[-63,16],[-14,54],[-30,63],[60,171],[-7,46],[-112,15],[-31,40],[-39,1],[-135,-36],[42,45],[-20,71],[49,53],[24,69],[-17,78],[-38,42],[-3,36],[-43,53],[-19,97],[-40,21],[72,66],[27,42],[-15,46]],[[75653,76386],[12,71],[43,22],[1,20],[-37,27],[-55,9],[-15,23],[-50,22],[-34,-6],[-45,20],[31,144],[-28,94],[-53,30],[3,43],[72,17],[29,49],[-2,37],[17,57],[51,15]],[[77131,74232],[188,120],[115,-62],[179,-63],[14,-12],[71,-261],[5,-5],[30,-77],[18,-16],[-4,-98],[63,-58],[29,-57],[63,-24],[54,-33],[58,-10],[35,8],[81,-57],[41,22],[40,117],[129,84],[311,-62],[-13,-101]],[[78638,73587],[-26,-23],[16,-47],[-42,-36],[-3,-27],[53,-102],[63,-58],[1,-25],[-81,-43],[-12,-27],[-40,2],[-43,-56],[14,-153],[-4,-61],[-29,2],[2,-49],[-64,-62],[-13,-32],[-81,-43],[-306,-144],[-1,0],[56,-14],[21,16],[45,-14],[35,7],[13,-24],[40,17],[17,-37],[72,-14],[16,-72],[-37,-67],[-5,-63],[-31,-79],[58,-15],[16,-82]],[[78358,72162],[-13,-41],[-72,-35],[-10,-98]],[[78263,71988],[-38,-50],[-81,-88],[-16,-101],[6,-47],[-7,-66],[-34,-50],[-43,38],[-56,-7],[-15,-39],[-32,-26],[-60,-25],[-37,-28],[-21,-94],[12,-63],[35,-101],[-40,-46],[-146,-115],[-72,43],[-50,-13],[-63,11],[-74,-103],[-32,-58],[-99,-44],[-36,8],[-40,-21],[-47,22],[-33,38],[-105,-68],[-59,17],[-66,-38],[-22,0],[-39,35],[-56,-38],[-34,-59],[36,-94],[-51,2],[-52,-57],[-14,-64],[-78,-50],[19,-25],[-9,-53],[15,-50],[40,-24],[-54,-57],[2,-36],[-26,-33],[-86,4],[-56,-35],[-115,6]],[[76334,70246],[-31,130],[-29,24],[-48,9]],[[76226,70409],[10,62],[35,42],[7,38],[34,40],[-9,144],[-39,46],[11,45],[-24,91],[-5,62],[10,63],[-6,108],[-15,40],[11,51],[-31,56],[-3,47],[-18,34],[57,32],[18,45],[17,89],[-21,35],[-5,80],[-37,42],[-7,59],[18,21],[-8,45],[11,45],[26,23],[-7,67],[-30,23],[-16,44],[53,13],[23,25],[-10,48],[-27,36],[-15,27],[7,43],[37,27],[16,77],[-31,31],[9,57],[30,20],[-54,63],[34,42],[-20,67],[17,49],[-7,27],[-47,15],[-27,42],[-52,3],[-9,33],[-84,80],[-24,51],[-31,-29],[-71,42],[-32,91],[-80,16],[28,63],[-6,47],[-60,39],[-35,69],[-48,69],[-31,-20],[-46,61],[-24,48],[16,45],[-48,57],[25,38],[-6,69],[26,31],[23,64],[28,47],[-81,32]],[[75576,73783],[61,102],[51,47],[52,71],[-45,94],[-60,50],[-8,30],[31,76],[-43,16]],[[77476,77974],[26,-32],[38,-8],[62,-72],[-2,-72],[47,-94],[23,-19],[6,-50],[26,-1],[42,-90],[48,-11],[59,-39],[53,3],[40,-41],[57,-19],[-2,111],[93,-60],[282,213],[61,0],[209,-69],[150,-260]],[[78794,77364],[-18,-54],[-38,-31],[-75,-39],[-20,-98],[-30,-49],[-48,-33],[3,-26],[-41,-66],[8,-57],[-26,-75],[-3,-82],[9,-24],[-25,-39],[-45,-29],[65,31],[49,-8],[106,9],[-25,-90],[-58,-85],[-31,-121],[9,-48]],[[78560,76350],[3,-129],[81,-46],[101,-446],[-187,136],[15,-82],[100,-89],[28,-62],[57,-34],[-7,-94],[42,-26],[54,0],[-3,-58],[50,-39],[-11,-51],[37,-42],[51,-14],[49,-111],[48,-39]],[[79068,75124],[-35,-38],[27,-82],[2,-67],[50,-27],[45,-56],[-22,-50],[11,-31],[-7,-66],[55,-89],[-6,-42],[-99,-60],[31,-45],[24,-121],[-6,-42],[-70,-46],[-22,-48],[39,-55],[43,8],[50,-9],[42,-37],[5,-51],[-91,-60],[-43,4],[-31,-26],[-25,-48],[-5,-46],[54,0],[23,-52],[32,-30],[-30,-50],[-30,-60],[-149,41],[13,-93],[-58,36],[-43,-20],[-31,8],[-46,-63],[2,-31],[-30,-39],[-69,7],[-30,39]],[[78263,71988],[-21,-78],[22,-21],[-2,-72],[19,-13],[-17,-55],[53,-23],[-3,-30],[38,-33],[-54,-115],[-98,-38],[47,-44],[-1,-112],[-47,-62],[14,-61],[40,-22],[6,-39],[52,-2]],[[78311,71168],[35,-21],[-7,-43],[10,-65],[-16,-39],[38,-16],[35,-110],[28,8],[63,-26],[25,-35],[-35,-44],[-51,-35],[73,-48],[28,-35],[55,9],[47,34],[7,-40],[-23,-20],[53,-49],[34,-15],[10,-91],[-9,-33],[-30,-34],[-36,-13],[-67,-98],[-38,-3],[-12,-56],[-60,-53],[-35,2],[-30,-19],[12,-31],[34,-15],[74,59],[47,-50],[-6,-41],[-3,-40],[-22,-38],[11,-40],[-27,-19],[-48,-71],[-31,7],[-62,-27],[-56,-36],[-26,14],[-36,-18],[-25,-80],[7,-34],[-18,-31],[-46,4],[-8,-40],[-25,-25],[-7,-55],[-54,-108]],[[78088,69465],[-73,57],[-87,-11],[-75,-25],[-37,-30],[-32,7],[-61,-40],[-99,37],[-24,-27],[-77,-23],[-58,-22],[1,-27],[-49,-34],[5,-40],[-53,-59],[-114,-30],[-21,-61],[-29,-40],[-54,3],[-105,-22],[-33,-25],[-80,7],[-33,-37],[3,-29],[-24,-53],[-41,-27],[-51,5],[-31,-22],[-49,2],[-39,39],[-109,5]],[[76559,68943],[-6,60],[-30,61],[-74,84],[-3,60]],[[76446,69208],[-11,80],[7,27],[-2,83],[-17,92],[61,105],[4,63],[-12,59],[-53,50],[-27,77],[-63,92],[14,54],[-9,112],[19,56],[-23,88]],[[78088,69465],[16,-83],[27,-39],[79,-66],[-40,-17],[-29,-84],[-11,-57],[15,-54],[39,-53],[-3,-42],[16,-70],[-41,-13],[-35,-85],[40,-17],[6,-26],[-50,-89],[98,-18],[20,-25],[63,7],[83,-82],[26,36],[90,42],[123,-5],[11,-54],[52,28],[81,66],[9,83],[85,41],[-4,-55],[19,-22],[41,11],[23,-23],[76,5],[25,-31],[4,-60],[16,-30],[8,-124],[99,-54],[-48,-99],[34,-44],[0,-43],[24,-23],[3,-48],[47,15],[-26,29],[28,39],[4,72],[55,49],[73,-28],[27,59],[54,-5],[33,-61],[46,-33],[59,14],[0,26],[48,43],[34,-38],[35,15],[17,-22],[46,11],[26,-14],[62,38],[12,53],[-63,-4],[-24,33],[43,55],[15,42],[54,28],[7,51],[24,65],[-37,56],[-47,15],[12,50],[46,55],[123,-62],[22,-1],[44,-66],[37,-8],[44,-30],[-25,-53],[25,-64],[22,-26],[40,6],[31,-55],[-3,-44],[48,-17],[90,18],[39,21],[-20,65],[41,-8],[68,30],[44,4],[40,-15],[42,24],[93,104],[19,119]],[[80752,68799],[8,-26],[88,-22],[13,-25],[-9,-56],[46,-93],[15,-52],[-38,-56],[24,-57],[-2,-22],[43,-50],[-3,-21],[86,-78],[-77,-9],[12,-59],[2,-124],[-52,3],[-48,-27],[85,2],[14,-21],[62,-1],[25,-15],[-23,-51],[-4,-43],[44,-18]],[[81063,67878],[20,-75],[-25,-25],[34,-26],[16,-42],[-22,-34],[-33,-14]],[[81053,67662],[-39,-17],[-58,34],[-111,36],[-134,-264],[-115,7],[-102,-102],[-59,-68],[-7,-112],[-144,-98],[-17,-63],[22,-29],[-22,-30],[15,-68],[-41,-36],[-6,-54],[9,-71],[35,-140],[3,-53],[-15,-38],[-40,-16],[-109,32],[-18,14],[-101,-131],[44,-161],[221,-178],[-97,-125],[-44,-75],[-38,-28]],[[80085,65828],[-56,10],[-46,50],[-37,22],[-34,-17],[-64,0],[-3,55],[-38,48],[-84,-9],[12,95],[47,59],[-21,16],[-39,79],[-8,65]],[[79714,66301],[0,10],[-93,93],[-19,37],[-62,53],[-17,1],[-36,28],[-44,18],[-26,18],[-63,22],[-38,69],[-34,21],[-78,68],[-49,36],[-64,90],[-118,62],[-26,32],[-55,-11],[-142,-2],[-95,-27],[-60,12],[-31,-8],[-66,22],[-76,-34],[-33,6],[-25,2],[-41,-54],[-71,-73],[-53,-11],[-50,18],[-40,-24],[-127,4],[-166,-29],[-224,-38],[-54,111],[-42,14],[-64,39],[-80,-19],[-89,-5],[-128,-6],[-124,15],[-109,-5]],[[76902,66856],[24,124],[-1,33],[45,35],[28,47],[-6,91],[17,100],[25,96],[45,142],[-10,39],[74,101],[41,77],[37,35],[1,40],[52,32],[-51,27],[5,124],[12,29],[-16,75],[15,115],[29,11],[34,49],[36,24],[41,68],[-41,18],[-67,-37],[-35,1],[-22,61],[-20,17],[-11,69],[-41,67],[-93,11],[-101,32],[-93,16],[-67,49],[-42,56],[-135,12],[-48,59],[27,95],[-31,47]],[[77358,78680],[25,22],[71,24],[34,38],[-3,27],[58,17],[96,-56],[44,-20],[104,-13],[45,7],[89,8],[105,-18],[77,-1],[97,-23],[73,-4],[80,-66],[56,38],[57,-11],[53,-39],[65,5],[61,-20],[19,16],[63,-17],[79,-53],[22,1],[67,-51],[22,6],[123,-88],[27,-33],[98,-84],[48,-19],[55,-63],[80,-58]],[[79348,78152],[6,-44],[-378,-252],[5,-42],[-17,-85],[-85,-85],[30,-53],[-23,-73],[-26,-49],[-7,-34],[-27,-16],[-32,-55]],[[79068,75124],[14,38],[26,1],[7,60],[39,61],[75,19],[13,26],[48,23],[43,-4],[12,27],[59,-6],[54,-23],[30,-40],[51,2],[42,-28],[58,47],[32,-85],[255,33],[23,-23],[62,-18],[32,33],[80,15],[57,13],[69,-9],[28,18],[74,9],[39,58],[20,5],[323,-71],[83,5],[63,179]],[[80879,75489],[42,-136],[58,-78],[6,-68],[27,-8],[2,-63],[-20,-14]],[[80994,75122],[-30,-47],[-7,-45],[21,-40],[-53,-17],[-21,-36],[-55,-15],[0,-38],[-50,-1],[54,-17],[10,-31],[-25,-71],[-16,9],[-34,-47],[-42,-27],[2,-26],[41,-25],[1,-32],[-29,-38],[-36,-16],[-50,-29],[31,-30],[-24,-57],[-60,35],[-12,-18],[24,-51],[71,-64],[30,-60],[24,-16],[-126,-13],[9,-40],[-16,-20],[-1,-65],[31,-68],[9,-42],[-155,-164]],[[80510,73860],[-67,-13],[-48,-48],[-52,27],[-9,-19],[-58,3],[-36,27],[-87,-17],[-26,-29],[-8,-67],[-22,-40],[-58,-23],[-78,-56],[-14,34],[-1,0],[-9,-41],[38,-26],[83,63],[39,2],[12,-25],[-25,-52],[-25,5],[-57,-46],[-8,-60],[-7,-47],[-50,-94],[23,-28],[12,-94],[-33,-43],[-14,-47],[14,-18],[7,-74],[-19,-27],[-51,59],[-17,72],[-66,-53],[-61,-10],[-44,-20],[-35,-41],[19,-81],[-80,-102],[-293,39],[-12,-29],[34,-72],[45,-44],[41,2],[68,-50],[36,-16],[-224,-342],[-13,-138],[8,-37],[-23,-35],[-57,-2],[-10,-44],[-21,-17],[-80,10],[-18,-30],[-40,-16],[-14,29],[-51,7],[-64,-28],[-42,-52],[-16,46],[-23,-3],[-63,47],[-71,-12],[-53,-58],[-83,60],[-16,67],[15,42],[-123,-32],[-28,25],[-32,0],[-11,34]],[[78311,71168],[-26,16],[-35,90],[33,60],[41,20],[21,33],[47,-24],[83,10],[30,-24],[32,39],[46,-53],[34,27],[68,2],[36,13],[20,54],[45,79],[18,4],[73,-57],[90,10],[0,-33],[112,-26],[3,-25],[34,-28],[34,19],[75,15],[-9,-86],[111,77],[38,-3],[38,-24],[26,5],[62,-46],[37,31],[40,2],[0,-49],[24,-25],[68,-40],[-47,-78],[-33,-1],[-4,-32],[20,-26],[30,-71],[43,23],[240,-163],[-37,-57],[-8,-64],[45,-33],[-45,-15],[-21,-29],[2,-41],[-42,-91],[18,-29],[-26,-55],[34,-16],[-29,-74],[56,-58],[44,-13],[33,32],[62,-35],[28,18],[71,-13],[15,30],[60,3],[17,76],[61,-16],[60,6],[30,-68],[43,14],[87,-58],[31,-3],[16,-73],[51,-4],[-7,49],[53,-3],[8,-30],[46,-29],[-5,-131],[16,-71]],[[80676,70002],[18,-45],[-45,-86],[-16,-87],[-31,-76],[-128,-93],[4,-98],[-42,-33],[-31,-59],[-27,-3],[-21,-56],[-41,-58],[-29,-16],[0,-39],[-21,-22],[18,-42],[-38,-39],[6,-33],[45,-34],[35,3],[107,44],[230,-226],[83,-105]],[[79348,78152],[58,11],[32,-23],[47,-57],[38,9],[43,-21],[48,-104],[105,-43],[66,-64],[78,-44],[34,-52],[118,-51],[40,-51],[40,-30],[40,22],[52,-17],[19,-33],[51,-44],[89,-39],[52,-5],[47,-47],[88,-129],[46,-98],[19,-21]],[[80598,77221],[-33,6],[-15,-28],[-63,-37],[-20,16],[-53,-19],[-56,-45],[22,-89],[-16,-56],[5,-37],[-26,-107],[-49,-27],[-6,-34],[-37,-55],[-21,-73],[-23,-39],[10,-227],[66,-19],[-5,-163]],[[80278,76188],[-47,-2],[-62,16],[-36,-25],[-17,23],[-31,-20],[-12,-50],[-80,-2],[-5,-30],[-58,-18],[-20,7],[-12,87],[-30,7],[-42,60],[-56,16],[-31,46],[-6,92],[-2,30],[-54,-1],[-46,20],[-5,48],[-74,28],[-46,-40],[-52,14],[-36,-32],[-71,17],[-46,73],[-14,-14],[-15,-80],[-157,43],[3,15],[-66,71],[-49,20],[-169,-142],[-1,-42],[-37,-110],[-47,12],[-189,25]],[[80510,73860],[21,5],[24,-46],[73,0],[25,-34],[43,31],[76,-9],[45,-16],[42,-36],[-4,-21],[58,0],[7,-47],[-39,-49],[31,-33],[16,-64],[46,2],[14,20],[82,53],[26,75],[35,37],[36,-22],[70,-3],[28,55],[29,5],[21,40],[35,18],[10,3],[65,7],[32,-9],[50,18],[26,-108],[45,-19],[31,-62],[66,-43],[98,61],[23,2],[102,-30]],[[81898,73641],[-13,-71],[27,-72],[-51,-55],[-25,4],[-56,-27],[-12,-75],[-91,-101],[-57,-28],[-26,-1],[-40,-52],[60,-120],[-25,-52],[48,37],[-9,40],[98,80],[147,-35],[28,-20],[57,26],[64,-8],[59,9],[37,-73],[10,-61],[-209,-65],[7,-59],[-15,-8],[29,-70],[25,-2],[-11,-68],[-29,-32],[-15,-97],[-289,69],[17,-118],[-5,-20],[6,-86],[-157,-189],[-60,17],[-8,57],[-24,3],[-48,10],[-61,-4],[-108,-54],[-91,-154],[-44,-20],[-32,-41],[-36,9],[-52,-30],[-21,-52],[-7,-100],[6,-104],[-9,-38],[27,-11],[-2,-46],[20,-38],[-34,-327],[49,-145],[170,-367],[-12,-21],[-67,-43],[-10,-49],[-36,-3],[-5,-33],[-31,-30],[-130,-230],[-29,6],[-6,-41],[-29,-15],[-15,-46],[-1,-67],[-23,-8],[-1,-74],[-17,-35],[-16,-108]],[[80689,70009],[-13,-7]],[[80278,76188],[151,104],[163,-38],[331,28],[93,-71],[20,-33],[-14,-31],[-5,-86],[-56,-35],[11,-30],[-6,-49],[-40,-28],[-13,-59],[23,-56],[61,-120],[-11,-15],[43,-66],[-150,-114]],[[80598,77221],[49,-40],[62,-8],[45,-99],[56,-55],[74,-19],[63,32],[30,-5],[64,-60],[74,-124],[22,-65],[27,-40],[42,-3],[70,-80],[67,-38],[42,14],[14,-19],[86,-145],[36,-41],[59,-29],[58,-44],[69,-88],[54,-35],[115,-19],[31,-9],[100,-69],[84,-23],[41,6],[33,32],[58,-148],[82,-159],[80,-155],[90,-113],[43,-36],[71,-26],[108,-169],[37,-63],[28,-26],[98,-168],[62,-118],[78,-89],[73,-95],[35,-32],[44,-60],[54,-42],[66,-91],[104,-112],[86,-86],[49,-37],[36,-11]],[[83547,74312],[1,-52],[-81,4],[-42,-24],[-51,37],[-94,10],[-7,-47],[-36,-19],[-15,-52],[16,-73],[19,-26],[-41,-86],[14,-35],[-48,-37],[-25,-45],[12,-54]],[[83169,73813],[-47,-31],[-46,-2],[-28,22],[-88,1],[-20,11],[-48,-16],[-8,-50],[-43,-4],[-57,14],[-78,-17],[-69,90],[-44,44],[-131,87],[-64,68],[-56,18],[-30,34]],[[82312,74082],[7,53],[-16,36],[-152,220],[-19,-62],[-69,52],[-47,9],[-27,28],[-36,4],[-26,28],[-28,120],[-9,101],[13,35],[-23,31],[-22,64],[-103,143],[-2,47],[-83,20],[-99,-30],[-47,-44],[-27,55],[-26,-19],[-50,2],[-64,71],[1,24],[-30,-2],[-2,-40],[-124,-38],[-1,37],[-57,-22],[-34,71],[-37,8],[-26,-20],[-46,13],[-7,45]],[[81053,67662],[30,-9],[47,-43],[88,-50],[2,-29],[45,-22],[-19,-50],[44,-68],[-6,-29],[-47,-69],[2,-142],[68,0],[43,-22],[9,-78],[8,-25],[61,-52],[57,14],[19,-27],[27,-38],[13,-65],[-37,-61],[-5,-57]],[[81502,66740],[-20,-44],[-50,-65],[-14,-47],[-30,-44],[28,-13],[-6,-38],[-49,-23],[-1,-35],[-75,5],[-8,-31],[22,-34],[-38,-49],[-30,-159],[-50,-15],[-28,-29],[-52,-8],[-14,-92]],[[81087,66019],[-6,-12],[-47,-22],[-15,-62],[-41,14],[-54,-27],[-66,0],[-29,-23],[20,-26],[-19,-69],[-56,-12],[-53,27],[-25,-29],[-7,-63],[-31,-6],[-47,18],[-63,-44],[-12,-48],[14,-27],[-35,-71],[-28,-25],[5,-38]],[[80492,65474],[-10,-4],[-37,1],[-50,30],[-24,64],[-30,-32],[-56,18],[-28,-51],[-67,-43],[14,64],[-3,60],[-23,62],[1,40],[-8,29],[-38,47],[-18,44],[-30,25]],[[80689,70009],[52,53],[30,5],[71,-25],[-6,-68],[5,-70],[53,-23],[46,32],[21,-12],[73,33],[48,3],[37,13],[42,-24],[50,29],[56,-64],[-29,-40],[-12,-41],[21,-91],[90,-32],[69,46],[5,20],[89,35],[36,-22],[26,-66],[36,-28],[8,-27],[36,-34],[76,23]],[[81718,69634],[-23,-43],[-40,-12],[-22,-45],[-60,-39],[19,-36],[7,-30],[-37,-37],[8,-74],[31,-23]],[[81601,69295],[-23,-42],[-48,-13],[-6,-48],[50,-22],[48,13],[61,-27],[-75,-75],[-35,-43],[-4,-40],[-60,-75],[-42,-31],[2,-50],[8,7]],[[81477,68849],[-48,-58],[-41,-71],[28,-63],[-41,-27],[-8,-30],[-20,-37],[22,-33],[-14,-49],[-52,-59],[-1,-25],[36,-64],[5,-70],[51,-57],[34,-14],[-9,-30],[-52,16],[9,-41],[-34,-8],[-29,-38],[-39,-22],[12,-37],[-9,-38],[-47,-31],[-33,3],[-12,-30],[-39,-26],[-61,-14],[-22,-18]],[[82312,74082],[-53,-43],[36,-66],[-13,-86],[-84,-45],[-73,-102],[-58,-41],[-22,23],[-80,-16],[-36,-49],[-31,-16]],[[83169,73813],[28,-83],[-7,-30],[-42,-35],[-8,-43],[26,-11],[46,10],[31,-10],[-12,-174],[33,-97],[77,-153],[35,-75],[-65,-138],[38,-80],[151,-144],[24,-19],[111,-52],[189,-127]],[[83824,72552],[-2,-4],[-3,-3],[-74,-11],[-33,-20],[-25,-79],[-79,-96],[-33,-122],[-28,-42],[-3,-39],[7,-62],[-23,-66],[19,-48],[-11,-27],[-63,-46],[-55,-46],[-28,-10],[-42,-86],[3,-85],[-52,-74],[-20,-37],[-12,-77],[-26,-50],[-75,-7],[-42,-79],[-93,-44],[-20,-31],[-3,-45],[-38,-21],[-53,-108],[-45,-21],[-72,-64],[-3,-67],[-18,-42],[96,-53],[-26,-38],[-41,-75],[-66,-65],[-46,-71],[4,-40],[-19,-87],[-49,-49],[-7,-31],[-35,-25],[-2,-2],[-10,-35]],[[82578,70322],[-92,-55],[-103,-91],[-19,-27],[-5,-85],[-55,-56],[-76,-51],[-29,28],[-46,1],[-60,-24],[-26,25],[-8,68],[-54,-6],[-19,-2],[-49,-49],[-33,-16],[13,-31],[-40,-27],[-40,-70],[-8,-55],[-61,-55],[-3,-29],[-60,-3],[-7,-53],[20,-25]],[[83547,74312],[48,-37],[102,-21],[12,-53],[-14,-12],[39,-47],[16,-75],[28,-68],[38,-52],[50,-42],[76,-114],[100,-114],[94,-71],[61,-16],[98,41],[49,-58],[106,-49],[42,-28],[79,-27],[117,-61],[61,-72],[35,-72],[16,-82],[38,-122]],[[84838,73060],[-9,-15],[-236,-45],[-210,-40],[-49,-9],[-408,-78],[-56,-182],[-44,-133],[-2,-6]],[[58703,45458],[34,59],[41,15],[39,59],[44,47],[15,34],[0,73],[-23,28],[-53,15],[18,114],[5,52],[32,42],[42,1],[3,31],[2,287],[141,-3],[1291,-32],[317,-8],[-4,-121],[29,0],[33,-56],[44,-32],[50,-1],[54,-51],[-25,-88],[13,-42],[-2,-67],[31,-64],[-18,-59],[15,-53],[-75,-148],[-17,-50],[-32,-28],[-13,-115],[-16,-37],[33,-88],[-20,-53],[-15,-89],[15,-72],[47,-12],[42,-57],[45,-21]],[[60865,44868],[-3,-40]],[[60862,44828],[-835,21],[-468,10],[-294,6],[-136,2],[-429,11],[21,82],[-5,30],[29,68],[-1,37],[20,36],[-14,65],[-39,-2],[15,49],[-15,14],[13,65],[-32,101],[11,35]],[[72678,32849],[-3,143],[-72,37],[-15,84],[-30,11],[15,59],[22,42],[48,57],[45,29],[46,10],[20,89],[29,107],[16,28],[199,-9],[558,-29]],[[73556,33507],[-1,-61],[23,-11],[57,45],[-5,26],[49,17],[23,-7],[2,-69],[-16,-36],[55,-25],[39,-54],[-34,-12],[11,-50],[-41,-19],[-47,-4],[-18,-41],[5,-73],[36,-98],[36,-31],[17,-64],[-11,-95],[-31,-99]],[[73705,32746],[-1,-44],[-104,20],[8,-71],[-35,-12],[-8,-33],[-35,14],[-21,-61],[36,-48],[-6,-34],[17,-53],[36,-14],[2,-50],[-39,-56],[12,-41],[48,-26],[17,-34],[-23,-33],[-83,-31],[-44,-120],[-81,-57],[1,-59],[-18,-24],[-12,-75],[15,-70],[-34,-7],[-37,27],[-38,-50],[-20,48],[-53,17],[-66,-36],[-29,-32],[-17,-65],[32,-55],[58,-28],[48,7],[1,-48],[31,-25],[6,-33],[-17,-49],[4,-65],[-18,-42],[24,-37],[-19,-27],[-3,-46],[37,-7],[-3,-46],[-34,-56],[-76,6],[-36,-36],[4,-26]],[[73132,31023],[-48,14],[-12,49],[-52,-14],[-38,32],[-37,4],[-106,78],[-46,-23],[0,51],[-40,8],[33,74],[-21,18],[16,90],[19,19],[-8,57],[25,55],[-15,77],[-29,22],[-6,42],[32,11],[14,122],[-17,29],[-33,-19],[-6,51],[18,49],[-4,41],[-74,51],[-73,-6],[-43,20],[-18,42],[-31,42],[-49,-2]],[[72483,32107],[-3,49],[39,12],[5,62],[19,60],[26,29],[29,69],[31,7],[-13,66],[-66,20],[-3,36],[26,17],[19,82],[25,38],[34,6],[10,31],[-16,51],[13,63],[19,43],[1,1]],[[73705,32746],[59,-66],[41,59],[66,21],[38,-8],[61,27],[-37,69],[21,36],[48,29],[-1,-38],[64,-16],[5,54],[52,-17],[44,16],[25,29],[22,-57],[43,-21],[26,-49],[32,-2],[-8,-21],[34,-43],[77,36],[-11,30],[3,56],[23,25],[26,-31]],[[74458,32864],[2,-50],[37,-32],[-10,-30],[27,-49],[-4,-79],[-15,-35],[19,-26],[-29,-62],[33,-67],[34,2],[48,-39],[5,-52],[-54,-75],[8,-38],[49,-25],[53,40],[56,-42],[39,-7],[25,-9],[68,-92],[-31,-36],[13,-42],[39,15],[26,-55],[1,-49],[-135,-160],[-5,-99],[155,61]],[[74912,31732],[-1,-36],[-97,-139],[-20,-58],[-9,-99],[9,-25],[-20,-81],[-33,-26],[-71,-207],[-55,-38],[-24,-34],[-38,-25],[-42,-59],[-75,-139],[-12,-60],[6,-82]],[[74430,30624],[-59,41],[-25,5],[-14,86],[-43,19],[-36,-22],[-30,46],[-67,49],[-37,4],[-34,-26],[-39,8],[-11,-28],[-77,-11],[-49,5],[-89,64],[-80,-46],[-58,35],[-27,38],[-45,19],[-172,28],[-42,-40],[-74,38]],[[73322,30936],[-37,60],[-23,-12],[-29,27],[-82,-12],[-19,24]],[[73556,33507],[-1,2],[7,23],[60,20],[107,256],[15,78],[33,41],[23,64],[3,50],[-23,49],[19,17],[11,60],[20,28]],[[73830,34195],[58,-16],[41,24],[22,-13],[37,79],[49,2],[43,30],[12,111],[49,107],[-20,54],[0,50]],[[74121,34623],[54,5],[57,-29],[-4,-38],[63,1],[96,60],[44,-76],[29,18],[23,-58],[34,1],[33,9],[74,-19],[10,-41],[-44,-27],[19,-28],[-3,-48],[73,41],[46,3],[26,21],[125,-152],[16,10],[-19,53],[36,54],[71,32],[14,43],[22,-45],[72,-3],[54,35],[-4,68],[38,40],[133,-10],[183,95],[72,-35]],[[75564,34603],[-15,-61],[27,-36],[14,-51],[-24,-62],[16,-72]],[[75582,34321],[-3,-70],[19,-8],[43,-60],[-4,-82],[49,-1],[0,-23],[8,-131],[63,-58],[-51,-207],[-6,-101],[13,-40],[37,-50],[40,-9],[37,-111],[-78,-40],[-116,31],[-74,-38],[-17,24],[-63,-60],[-63,-40],[-56,8],[-20,61],[-25,-16],[10,-69],[37,-38],[3,-78],[-9,-55],[-24,-32],[29,-22],[32,-58],[55,-11],[-42,-49],[-70,-13],[-59,7],[-24,-26],[6,-30],[-26,-67],[14,-17],[-70,24],[-65,72],[-27,6],[-31,-23],[10,-47],[-58,-16],[-12,-36],[-53,-40],[-30,3],[-72,-61],[-20,8],[26,65],[-49,26],[-54,-16],[-20,19],[-14,55],[-66,8],[-19,34],[-37,34],[-39,-4],[-34,23],[-55,-12]],[[74121,34623],[-33,56],[40,77],[-4,44],[22,68],[25,28],[44,7],[19,37],[48,11],[23,86],[21,21],[37,-6],[4,33],[79,33],[-14,91],[10,54],[-17,31],[8,40],[69,-53],[93,-2],[3,28],[41,53],[9,39],[-35,87],[41,83],[46,20],[-14,100],[37,60],[35,33],[-54,36],[-23,45],[50,17],[14,33],[-32,21],[-21,57],[15,18],[18,35],[6,50],[-32,25],[3,45],[-14,57],[-31,54],[-56,54],[-32,4],[-18,26],[2,41],[-92,24],[-12,30],[-21,87],[24,45],[67,37],[-67,82],[0,40],[-84,33],[-26,41],[-21,65],[-54,22]],[[74267,36906],[-28,76],[-77,-8],[-33,-37],[-31,52],[-28,12]],[[74070,37001],[13,50],[-14,38],[30,59],[184,-10],[34,0],[46,-112],[59,3],[129,-8]],[[74551,37021],[273,-179],[39,17],[43,-11],[14,97],[55,3],[40,38],[47,-46],[34,-4],[30,21],[42,16],[68,-72],[-57,-28],[-14,-98],[3,-41],[32,1],[41,-22],[24,26],[85,-45],[54,-3],[38,-22],[24,20],[53,105],[23,27],[92,57],[37,-12],[30,33],[59,16],[117,-10],[47,9]],[[75924,36914],[63,2],[59,3],[19,-14],[77,4],[79,16],[23,-17],[8,-43],[55,-42],[37,-13],[0,-61]],[[76344,36749],[-199,-432],[-36,-20],[-48,19],[-56,-8],[-25,40],[-25,-34],[0,-2],[25,-34],[-56,-50],[-33,-55],[9,-61],[-20,-7],[-19,-47],[17,-37],[-45,-86],[2,-27],[-25,-52],[-9,-57],[-43,4],[-104,-51],[-18,-20],[-18,-86],[54,-66],[23,-41],[35,-30],[6,-59],[32,-61],[1,-55],[24,-98],[43,-35],[32,-2],[39,-68],[1,-55],[-33,-11],[-5,-35],[29,-52],[5,-59],[-13,-14],[-102,-42],[-91,31],[-108,-91],[-42,-121],[16,-79]],[[74551,37021],[135,-17],[61,23],[45,38],[-46,121],[6,210],[-27,22],[-111,43],[-50,56],[-47,35],[27,36],[-5,38],[44,199],[28,133],[-16,51],[-327,55],[-19,10]],[[74249,38074],[36,61],[51,23],[-36,8],[4,56],[26,4],[4,67],[-20,118],[41,43],[102,88],[-13,111],[28,46],[82,39],[11,34],[54,17],[38,-27],[38,1],[16,50],[29,11],[25,-33],[68,43],[63,62],[60,-24],[68,-83],[88,-13],[22,-19],[52,8],[1,126],[-239,291],[-34,37],[58,10],[30,-17],[36,52],[40,33],[11,-26],[39,29],[20,-14],[13,-39],[45,-41],[-4,-44],[42,-19],[60,19],[21,-10],[25,-51],[51,33],[43,-10]],[[75444,39124],[5,-32],[41,-25],[19,-52],[3,-51],[47,-73],[25,-23],[33,25],[42,-40],[-3,-70],[-12,-31],[23,-47],[-6,-24],[18,-68],[-32,-69],[-139,-140],[20,-45],[-9,-35],[14,-60],[55,-1],[-10,-71],[27,18],[93,-17],[26,-53],[45,-28],[8,-44],[87,-12],[-30,-44],[24,-67],[-15,-75],[33,-44],[18,6],[36,-46],[-24,-23],[13,-46],[72,4],[63,-20],[55,-40],[0,-54],[34,14],[70,-10],[-132,-381],[-28,-49],[-103,-89],[-3,-95],[-28,-37],[5,-46]],[[75582,34321],[33,5],[17,-39],[35,-14],[52,27],[12,-65],[21,-25],[-1,-37],[113,-4],[41,-18],[19,13],[30,1],[-1,-70],[46,-50],[12,-52],[47,-19],[26,-47],[63,-42],[43,14],[59,-28],[84,-6]],[[76333,33865],[-20,-69],[-45,-1],[-20,-37],[37,-49],[-10,-107],[-24,-89],[-4,-62],[-33,-108],[-37,-57],[-38,-47],[-23,-56],[-48,40],[-36,-13],[-34,-40],[2,-93],[6,-75],[-26,-21],[-45,-78],[-15,-80],[-68,-136],[-29,-109],[-38,-42],[-57,-101],[-7,-51],[-55,-94],[-21,-14],[-30,37],[-31,7],[-15,-45],[-61,-52],[-46,-112],[-42,-85],[-37,1],[-49,-63],[-10,24],[0,-38],[-20,-77],[-55,-7],[-30,-68],[-32,54],[-41,15],[-63,-46],[-41,-19],[-47,-30],[-54,-4],[-29,-36]],[[99926,30837],[73,-56],[-8,-26],[-88,28],[23,54]],[[77604,38175],[-23,-76],[-29,-63],[-105,-293],[-11,-201],[10,-61],[-34,-111],[-30,-160],[-5,-125],[-19,-227],[7,-137],[-1,-96],[29,-355],[4,-79]],[[77397,36191],[-43,-15],[9,-57],[-23,-62],[-18,-19],[-54,-5],[-6,25],[-57,8],[-72,34],[-10,45],[-67,28],[9,80],[-18,42],[-43,37],[-60,-21],[-44,40],[-72,105],[-45,32],[-82,36],[-67,5],[-60,32],[-80,25],[-82,47],[-68,116]],[[75444,39124],[37,49],[44,4],[13,79],[30,58],[49,-6],[8,54],[38,4],[62,31],[31,26],[22,-7],[34,-47],[37,6],[41,-53],[44,22],[60,-25],[32,8],[36,-15],[42,13],[26,-22],[23,16],[47,-42],[30,-7],[73,-60],[44,-27],[72,-26]],[[77397,36191],[20,-299],[19,-163],[2,-85],[-24,-159],[-15,-55],[-70,-196],[-137,-315],[-52,-105],[-4,-43],[-148,-45],[-85,-43],[-98,-71],[-114,-102],[-97,-110],[-24,-39],[-4,-53],[-97,-168],[-5,-36],[-72,-41],[-20,-33],[4,-54],[-43,-111]],[[48361,43029],[22,38],[31,11],[22,45],[33,-13],[48,38],[30,-15],[5,31],[51,49],[48,0],[-8,42],[22,45],[44,12],[-6,56],[18,50],[31,27],[-13,57],[70,-15],[-24,56],[-16,77],[50,-27],[7,58],[39,-29],[44,6],[-7,34],[25,47],[81,45],[-7,41]],[[49001,43795],[42,13],[24,-53],[62,39],[19,-78],[32,-9],[73,7],[46,-37],[76,7],[45,38],[53,6],[29,-32],[64,44],[25,4],[69,-45],[-6,-27],[57,-40],[73,-21],[31,-30],[40,48],[1,40],[27,66],[49,79],[38,110],[41,8],[11,-39],[33,22],[76,-8],[34,-16],[43,11],[27,-31],[37,-7],[31,-132],[59,-41],[32,-37],[20,-72],[33,-71],[39,-5],[14,-22],[81,-47],[42,43],[73,-65],[116,69],[89,70],[46,15],[23,-59],[79,-58],[71,46],[16,69],[24,-6],[61,14],[63,-18],[27,-30],[19,-49],[0,-40],[19,-24],[-70,-29],[-16,-39],[28,-49],[3,-63],[18,-20],[-31,-58],[-69,-6],[-2,-32],[-55,-64],[9,-70],[-35,-44],[27,-55],[-1,-157],[54,-13],[49,89],[78,43],[61,-52],[72,4],[28,15],[46,-9],[9,28],[38,8],[15,29],[78,22],[17,76],[66,25],[48,-18],[29,54],[62,-3],[6,24],[60,21],[80,8],[42,87],[36,49]],[[52129,43215],[12,-15],[-26,-66],[13,-81],[-9,-28],[42,-20],[23,-78],[26,0],[29,-36],[1,-32],[40,-11],[5,-55],[104,-18],[51,-114],[53,-43]],[[52493,42618],[-118,-30],[38,-61],[7,-56],[-25,-50],[-1,-70],[-41,-14],[1,-48],[-46,-19],[2,-66],[-48,-20],[-31,21],[-53,-21],[-25,18],[-38,-24],[-61,-64],[-48,-23],[15,-59],[-59,-42],[13,-61],[-75,-80],[-13,-39],[-78,-27],[-114,-78],[-15,-45],[-35,-30],[-92,-17],[-39,23],[-101,5],[-23,43],[-73,0],[-29,27],[-64,16],[-6,31],[-80,38],[-59,5],[-35,-56],[-24,-62],[-8,-107],[-30,-28],[23,-114],[-21,-123],[9,-46],[40,-21],[30,-37],[-23,-51],[7,-25],[58,-64],[29,-8],[27,-49],[91,-65],[-20,-78],[-30,-15],[-13,-58],[42,-40],[43,-11],[73,-91],[45,-36],[65,-25],[11,-30],[38,3],[73,-53],[13,-105],[75,-66],[-2,-28],[52,-23],[21,-40],[88,-17],[66,24],[67,3],[14,-66],[48,18],[34,-11],[15,-33],[2,-108],[56,-118],[-15,-29],[51,-83],[3,-69],[39,-23],[27,-98],[-11,-26],[19,-57],[-83,29],[-13,34],[-73,21],[-10,40],[-105,3],[-48,-57],[-6,-39],[-40,-36],[6,-83],[-20,-82],[-74,0],[-28,18],[-54,60],[-70,22],[-35,-38],[24,-20],[-24,-42],[-12,-62],[44,-54],[40,-2],[14,-39],[39,2],[64,-58],[-48,-113],[15,-38],[-16,-69],[-263,-339],[-8,-49],[-33,-14],[-14,-45],[-55,39],[-39,-7],[-5,40],[-31,-5],[-26,27],[-90,24],[-51,-5],[-53,38],[-32,-9],[-57,32],[-51,-17],[-30,14],[-78,-43],[15,-43],[-22,-49],[5,-39],[-38,-44],[-66,-35],[-172,82],[19,-29],[12,-55],[22,-32],[11,-63],[-4,-61],[6,-39],[46,-74],[48,-33],[69,-69],[39,-21],[10,-48],[27,-4],[34,-48],[55,1],[58,19],[49,-38],[53,4],[15,-40],[-40,-45],[-39,-21],[-53,-68],[64,-609],[13,-90],[-15,-43]],[[51033,37000],[-15,-4],[-69,55],[-89,46],[-42,9],[-11,30],[-48,35],[-80,5],[-62,83],[-18,8],[-17,60],[-58,26],[-20,34],[-37,-24],[-26,31],[-22,-15],[-92,12],[-66,52],[-80,-1],[-17,40],[-39,32],[-10,63],[-80,15],[-35,65],[-50,60],[-28,-12],[-44,22],[-70,8],[-37,24],[-59,3],[-31,-27],[-82,49],[-17,55],[-47,22],[-28,45],[-47,51],[-5,24],[-26,33],[-52,101],[-117,51],[-67,45],[-48,3],[-74,-62],[-14,-23],[-112,5],[-71,25],[-27,-1],[-71,-32],[-71,2],[-30,26],[-46,0],[-50,37],[-23,-11],[-63,26],[-63,43],[-79,8],[-3,58],[-15,17]],[[48333,38332],[-67,96],[-23,93],[44,62],[50,16],[46,88],[40,30],[11,90],[11,13],[73,5],[69,15],[28,19],[14,45],[40,34],[25,44],[-1,39],[-36,51],[-47,33],[-52,14],[-116,-10],[-137,48],[-67,-6],[-107,-70],[-21,-61],[-107,21],[-62,73],[-5,107],[-12,33],[-5,105],[-43,154],[2,58],[-17,52],[-14,96],[43,59],[93,11],[22,40]],[[48005,39829],[4,139],[-15,45],[-71,103],[-45,27],[5,49],[-12,49],[-22,26],[15,90],[-60,108],[9,23],[-20,54],[-61,68],[-10,24],[-78,44],[-18,151],[-14,74],[17,68],[9,55],[-15,147],[6,49],[4,33],[37,85],[-16,48],[22,66],[33,43],[2,44],[23,38],[-16,39],[-19,152],[37,49],[-5,44],[27,6],[24,43],[18,81],[24,56],[-2,47],[63,49],[30,67],[-6,27],[66,49],[17,45],[56,42],[-33,33],[19,101],[20,21],[1,85],[42,159],[24,18],[24,56],[-3,45],[94,-13],[66,70],[33,12],[-35,72],[38,13],[23,-18]],[[49001,43795],[-7,46],[45,-5],[16,42],[2,56],[-37,20],[5,28],[-43,24],[-27,75],[-58,-10],[-26,42],[24,42],[-34,32],[4,50],[19,9],[-9,79],[12,29],[43,53],[23,9],[64,-19],[28,39],[53,8],[14,46],[37,-31],[26,24],[-35,51],[4,25],[48,5],[-10,98],[5,57],[42,16],[6,39],[29,23],[28,-23],[28,31],[38,11],[29,-3],[46,45],[98,43],[34,-14],[39,44],[24,-6],[52,42],[9,79],[29,79],[49,70],[-1,37],[53,50],[22,43],[8,99],[79,3],[65,24],[32,-17],[106,-16],[43,31],[79,1],[29,-16],[112,5],[22,26],[34,82],[24,16],[41,0],[-5,39],[25,33],[66,-7],[57,-52],[23,17],[18,73],[31,26],[45,96],[41,51],[29,9],[20,73],[78,135],[23,98],[-52,146],[14,57],[27,-3],[9,-46],[29,-15],[33,16],[-20,94],[36,38],[25,2],[24,37]],[[51091,46480],[45,-30],[68,-30],[30,-74],[-22,-50],[80,-82],[26,25],[15,-51],[22,-13],[-5,-42],[6,-82],[28,-6],[2,-69],[-25,-25],[3,-47],[91,-35],[13,-26],[-35,-120],[24,-36],[4,-48],[18,-18],[52,4],[37,-25],[33,-42],[9,-47],[83,-1],[4,-58],[37,-56],[50,-48],[26,-53],[29,-13],[30,30],[33,8],[31,-25],[37,-65],[38,3],[29,-37],[29,8]],[[52066,45204],[45,9],[3,-75],[64,-25],[-11,-71],[85,-1],[15,-51],[69,-43],[27,9],[35,-47],[28,-57],[72,-17],[34,-27],[89,-5],[27,-28],[24,-85],[55,-22],[62,-6],[45,-31],[4,-44],[92,-8],[27,-53],[34,-29],[8,-59],[30,-36],[18,-57],[1,-59],[45,-16],[9,-51],[18,-15],[54,8],[9,-34],[-7,-66],[25,-39],[40,-1],[50,-47],[-5,-59],[-36,-31],[-37,4],[-44,-29],[-39,-72],[-9,-50],[-36,7],[-44,66],[-71,27],[-19,62],[-162,130],[-45,-5],[-36,-58],[-14,-104],[-19,-45],[-42,-24],[-10,-47],[28,-63],[49,-7],[4,-36],[-29,-64],[55,-16],[13,-27],[-42,-95],[-55,-8],[-24,-24],[-41,-46],[-25,8],[-8,-55],[20,-28],[2,-41],[-31,-101],[-22,-18],[-1,-140],[-25,-63],[-18,41],[-44,10],[-24,23],[-19,154],[-21,15],[8,47],[-26,112],[-21,17],[-11,75],[-35,0],[-51,-22],[-28,14],[-12,67],[-14,11],[-3,70],[-29,43],[-41,7],[-21,41],[29,106],[-18,47],[-47,33],[-33,70],[-93,-72],[-33,-5],[-89,123],[-51,30],[6,-79],[41,15],[-8,-55],[27,-8],[39,-62],[26,-14],[36,-62],[38,-27],[22,-83],[10,-96],[66,-76],[14,-60],[36,-60],[14,-96],[16,-52]],[[52493,42618],[1,0]],[[52494,42618],[50,-34],[65,-139],[49,-40],[52,-90],[17,-48],[28,-5],[36,-43],[39,-94],[66,-74],[75,-1],[0,-30],[29,-16],[64,14],[40,-14],[25,-65],[98,-90],[-36,-41],[27,-40],[18,-54],[40,-25],[6,-34],[63,-101],[76,-19],[32,-24],[18,1],[65,-73],[114,-68],[10,-123],[-7,-46],[19,-28],[-2,-51],[-22,-28],[-57,1],[-14,-56],[28,-56],[-29,-47],[20,-15],[62,-118],[97,-29],[25,37],[26,9],[48,56],[82,-3],[41,37],[53,-7],[44,23],[30,-41],[55,-4],[39,27],[1,53],[24,32],[27,-26],[53,39],[67,-18],[81,7],[30,-79],[-7,-34],[-42,-68],[24,-40],[2,-35],[-51,-12],[-12,-63],[-26,-3],[-4,-62],[28,-15],[-12,-41],[-39,-23],[4,-52],[62,-22],[80,-70],[68,70],[17,-29],[42,10]],[[54615,40428],[37,-38]],[[54652,40390],[-10,-17],[42,-51],[74,-22],[45,-75],[-3,-27],[23,-70],[32,-9],[-9,-64],[-56,-35],[-25,-35],[-64,34],[-52,-7],[-15,-37],[-100,-72],[-39,-44],[-13,-47],[-38,-37],[14,-55],[-37,-40],[18,-43],[0,-79],[-45,7],[-8,-62]],[[54386,39503],[-40,11],[-17,-23],[-38,28],[-40,-43],[-18,-42],[-50,-23],[-30,-53],[-27,0],[-41,-30],[-44,17],[-82,-100],[-51,-4],[-21,30],[-84,10],[-43,13],[-26,25],[-70,2],[-20,37],[11,34],[-12,34],[-40,-15],[-49,26],[-7,41],[-44,47],[-38,-38],[-14,-43],[-66,-22],[-59,-35],[-52,-3],[-12,16],[-62,14],[-75,-19],[-46,36],[-88,5],[-17,-43],[10,-69],[30,-25],[-36,-117],[-85,-70],[21,-15],[7,-76],[47,-66],[35,2],[78,-49],[21,-36],[17,-66],[-49,-24],[-29,10],[-37,-33],[-66,-17],[-57,-32],[-61,15],[-24,-79],[-60,-35],[-27,-32],[-55,-16],[9,-57],[50,-35],[29,-44],[42,-16],[89,-93],[-8,-33],[51,-45],[132,-58],[-21,-19],[-43,-108],[-20,-19],[-39,-83],[39,-330],[-25,-38],[9,-31],[-19,-50],[42,-62],[62,0],[44,-63],[66,-22],[63,-65],[47,-32],[16,-68],[32,-37],[-13,-33],[29,-75],[1,-42],[32,-39],[-30,-31]],[[53320,36935],[-53,-18],[13,-60],[-22,-30],[-113,-26],[-15,-15],[-5,-59]],[[53125,36727],[-13,-63],[-53,-53],[-38,-8],[-75,-84],[-16,-40],[-19,-91],[-51,-120],[-25,-30],[-9,-49],[15,-29],[65,-63],[30,-46],[-4,-32],[-35,-30],[-103,49],[-100,36]],[[52694,36074],[-34,63],[-77,38],[2,49],[-43,-7],[-23,28],[-33,101],[-26,45],[-46,40],[-52,61],[-84,13],[-39,43],[-54,0],[-30,14],[-13,36],[-79,28],[-37,-28],[-75,19],[-72,74],[1,40],[-62,-9],[-18,22],[-45,-22],[-12,57],[-49,11],[-41,39],[-20,40],[-39,-14],[-25,27],[-25,-11],[-27,31],[-41,-22],[-78,61],[-27,-9],[-33,28],[-34,-5],[-49,19],[-37,-35],[-67,36],[-41,-27],[-77,52]],[[51091,46480],[-21,75],[39,78],[-14,23],[9,43],[37,47],[13,56],[-32,42],[-6,68],[24,76],[69,52],[1,26],[-45,38],[34,103],[3,70],[56,40],[45,2],[27,29],[39,87],[49,25],[53,114],[46,28],[77,-6],[81,68],[26,52],[72,17],[40,-23],[52,25],[10,16]],[[51875,47751],[13,17],[21,43],[33,3],[47,-39],[7,-94],[42,-39],[83,4],[68,58],[142,78],[6,60],[34,49],[107,62],[-15,56],[10,85],[-6,56],[49,81],[44,26],[15,40],[-28,83],[14,46],[50,74],[-9,75],[16,41],[57,84],[17,44],[-11,92],[76,124],[-19,79],[11,47],[-46,81],[6,37],[-28,52],[27,62],[-5,82],[46,70],[-11,118],[37,123],[51,86],[22,67],[29,32],[10,60],[-18,62],[31,33],[33,-39],[47,5],[63,54],[23,82],[-45,116],[7,75],[-36,54],[11,67],[35,33],[10,38],[-9,62],[12,99],[-35,90],[7,43],[-7,52],[8,77],[-38,71],[34,60],[75,6],[43,57],[37,111],[16,77],[31,70],[12,163],[52,66],[57,33],[48,52],[24,71],[42,5],[7,29],[-14,84],[8,60],[44,38],[17,41],[33,28],[22,42]],[[53574,52123],[14,-90],[44,-35],[25,-53],[-41,-30],[89,-65],[31,-101],[51,-10],[1,-23],[-39,-88],[45,-39],[35,-80],[68,-34],[25,-98],[-19,-115],[10,-29],[-33,-25],[1,-28],[33,-57],[-35,-36],[14,-68],[-35,-34],[51,-13],[44,-48],[10,-75],[24,-53],[116,-79],[-31,-65],[40,-89],[54,-149],[38,-41],[54,-8],[34,-23],[287,-30]],[[54579,50312],[0,-37],[20,-62],[5,-81],[-11,-24],[19,-74],[-4,-39],[-475,-587],[28,-54],[17,-63],[50,-117],[18,-17],[-9,-128],[35,-16],[15,-51],[32,-43],[-49,-48],[-15,-64],[92,-85],[30,-14],[-5,-73],[15,-6],[-96,-223],[-54,-14],[-52,39],[-35,-8],[-60,10],[-47,-14],[-61,2],[-16,-16],[-53,33],[0,-45],[47,-56],[24,-78],[60,-16],[12,-37],[52,-1],[-2,-41],[32,-37],[52,-91],[0,-33],[33,-19],[-31,-90],[7,-35],[77,-12],[26,-32],[30,2],[28,-26],[12,-53],[0,-62],[70,-18],[17,-34],[28,-14],[-6,-51],[31,-5],[47,-60],[53,3],[32,-47],[-7,-52],[62,-24],[22,-27],[53,31],[43,-57],[-37,-50],[-9,-46],[35,-36],[-6,-25],[-56,-59],[-40,-46],[-2,-36],[-44,-59],[5,-77],[-69,-75],[19,-39],[-3,-37],[-34,-77],[52,73],[64,16],[76,-3],[10,18],[73,0],[8,-37],[41,2],[127,34],[21,-24],[45,-10],[8,-37],[50,-46],[50,23],[-9,-44],[4,-104],[-33,-31],[-25,-44],[-7,-75],[17,-32],[99,-51],[58,15],[84,-37],[90,53],[13,-27],[49,0],[26,-52],[-29,-114],[8,-34],[-61,-102],[-40,4],[-5,-39]],[[55440,45954],[-75,-17],[-6,-22],[-51,-44],[-26,-38],[-101,14],[-23,-65],[-39,-11],[-9,-38],[-65,30],[-32,-23],[75,-51],[47,36],[23,-34],[44,-24],[-2,-27],[33,-18],[32,-44],[33,-42],[-7,-54],[37,-58],[-4,-46],[-41,-18],[-1,-35],[-54,1],[15,-54],[-50,-82],[-20,-62],[-43,-6],[-23,29],[-46,13],[-111,-9],[-34,-51],[-36,-16],[-25,-35],[-38,4],[-44,-49],[25,-69],[-18,-91],[14,-27],[-19,-70],[14,-141],[71,-48],[63,-3],[19,-45],[50,-16],[-58,-35],[-60,5],[-27,-10],[-59,13],[-34,29],[-91,10],[-33,-46],[16,-89],[-9,-18],[-83,-80],[-7,-46],[-52,21],[-49,56],[-39,3],[-38,-17]],[[54369,44294],[-20,22],[4,35],[52,38],[-97,182],[-53,81],[-34,36],[-54,-7],[-52,31],[-56,-30],[-20,45],[7,20],[-26,75],[26,53],[27,17],[-27,9],[-64,-15],[-22,-24],[-33,2],[-44,-29],[-22,-45],[-62,-1],[-29,-73],[-63,-71],[-48,-11],[-40,-56],[-39,-49],[-45,-35],[-6,102],[-40,44],[25,77],[-52,15],[-30,33],[-19,58],[-52,-10],[-302,68],[-26,50],[41,98],[12,9],[6,74],[-38,-61],[-67,37],[-67,-5],[-21,-29],[-6,-55],[-64,-25],[-18,7],[-40,80],[-34,12],[-51,-8],[-35,-19],[-107,119],[-54,35],[-45,-24],[-61,46],[-39,-14],[-37,35],[-66,-1],[-58,-26],[-16,49],[-22,11],[-42,-21],[-38,-51]],[[54369,44294],[-6,-26],[16,-67],[-74,-18],[53,-31],[8,-131],[28,-21],[33,10],[38,-64],[-13,-30],[31,-61]],[[54483,43855],[-64,14],[-38,-26],[-24,8],[-9,61],[-35,8],[-49,-69],[-5,-40],[-39,-51],[2,-54],[-41,-53],[-47,-28],[-44,-1],[-12,-31],[-69,-14],[-39,-24],[-78,13],[-31,-19],[-37,-60],[-9,-34],[-45,-18],[-15,-68],[25,-23],[54,13],[37,28],[21,53],[47,-5],[41,18],[34,-13],[22,-43],[-18,-105],[22,-18],[-35,-51],[-66,-8],[3,-30],[-35,-31],[-58,-106],[-6,-30],[-73,0],[-56,-36],[-88,-17],[-64,-49],[-3,-26],[-144,35],[-37,-5],[-42,40],[-55,32],[-76,10],[-65,-25],[-53,48],[-17,30],[-21,90],[10,36],[-35,45],[16,69],[-40,18],[-40,-70],[-5,-29],[-107,-72],[-60,-74],[-58,-23],[-47,-2],[-5,-40],[-28,-50],[-70,-56],[-8,-35],[-76,3],[-13,-55],[9,-23],[-5,-80],[7,-89]],[[54483,43855],[-13,-24],[85,-47],[35,15],[74,4],[8,-27],[45,-2],[34,-45],[16,20],[55,17],[27,-62],[29,0],[28,-27],[71,-10],[64,44],[19,-19],[38,25],[103,20],[20,-9],[79,-1],[21,-52],[33,-47],[53,-53],[39,-13],[34,59],[24,68],[22,22]],[[55526,43711],[37,-34],[39,-7],[23,-30],[22,15],[29,-26],[73,13],[-14,-45],[-45,-36],[-36,-45],[-13,-54],[-26,-35],[-14,-81],[-22,-28],[-42,4],[-5,-53],[38,-57],[-6,-31],[39,-24],[9,-70],[27,-27],[53,-24],[-46,-25],[11,-39],[75,4],[-25,-98],[-44,-16],[-82,-75],[-45,7],[-21,-22],[-44,3],[-45,-48],[-5,-33],[23,-54],[-30,-33],[-22,4],[13,-33],[6,-27],[-26,-76],[4,-38],[23,-35],[22,-96],[34,-61],[26,-7],[3,-53],[28,-12],[-3,-60],[27,-34],[39,-4],[-8,-37],[15,-48],[48,-56],[-3,-63],[29,-6]],[[55669,41865],[-5,-59],[15,-14],[1,-53],[-35,-29],[30,-23],[-72,-14],[-10,76],[-17,55],[-21,6],[-35,78],[-39,34],[-11,38],[-26,-30],[-99,-40],[-69,-124],[20,-51],[-19,-96],[95,9],[23,-46],[2,-52],[-15,-49],[-41,-26],[4,-44],[71,-32],[-27,-101],[-70,-30],[-53,-39],[-43,-12],[-34,-31],[-85,-16],[-32,5],[-17,-30],[6,-39],[-31,-113],[-48,-82],[0,-50],[-18,-50],[-55,40],[-27,-38],[-17,-52],[-36,0],[-37,21],[-12,-71],[-45,16],[-8,-26],[31,-41],[-38,-38],[-56,0],[-17,-108],[27,-25],[-59,-41]],[[54386,39503],[19,-32],[47,-31],[-25,-94],[49,-5],[20,35],[39,9],[-26,-80],[-2,-63],[70,-21],[-3,-67],[-45,-99],[19,-33],[36,-27],[36,-61],[39,-3],[23,-78],[39,5],[61,42],[55,16],[45,25],[78,-34],[97,-88],[40,-51],[74,-200],[68,-20],[47,17],[33,-15],[3,-57],[-20,-31],[15,-73],[26,-28],[-22,-40],[-7,-53]],[[55314,38268],[-32,-9],[-26,-72],[-25,-6],[-55,30],[-36,-10],[-36,36],[-34,2],[-13,29],[-33,4],[-34,-29],[-60,-6],[-93,27],[-16,25],[-72,15],[-33,-5],[-25,-31],[-23,-77],[-41,-33],[-26,-41],[-186,23],[-77,-37],[-58,-6],[-55,11],[-58,-23],[-84,-35],[-40,-62],[-46,-91],[-41,-115],[-53,-47],[-65,-25],[-28,-114],[-18,-45],[-66,-70],[-72,-27],[-14,-51],[24,-64],[-8,-73],[19,-22],[-25,-99],[-59,-109],[-43,-48],[-40,-18],[-35,-47],[-153,12]],[[53574,52123],[18,20],[5,98],[39,62],[9,90],[-42,48],[20,71],[-9,62],[21,95],[-24,53],[-21,72],[77,28],[12,49],[-35,22],[-13,46],[34,23],[49,-13],[35,53],[39,35],[-5,61],[23,64],[7,53],[28,44],[-23,64]],[[53818,53323],[35,37],[29,86],[-21,57],[43,47],[-23,62],[40,32],[1,39],[-22,30],[37,40],[50,-10],[16,21],[-1,113],[50,1],[-15,56],[109,127],[12,77],[46,13],[26,54],[45,55],[126,62],[17,35],[50,13],[41,49],[56,9],[37,34],[-2,30],[67,32],[-35,-42],[-4,-49],[-46,-23],[-6,-33],[-52,-34],[0,-29],[-29,-31],[-6,-75],[-23,-38],[27,-33],[12,-44],[43,-8],[-78,-57],[-24,18],[-18,-46],[19,-70],[-58,-35],[-17,-45],[12,-29],[-20,-45],[-51,-8],[-10,-52],[34,-31],[-26,-92],[-24,-30],[5,-43],[-18,-45],[7,-51],[32,-44],[42,-25],[73,-24],[37,-24],[1,-33],[31,-6],[56,-47],[57,0],[25,-24],[85,-23],[74,12],[13,-27],[51,-17],[26,-34],[35,17],[46,-14],[21,-30],[33,13],[36,-40],[52,-6],[63,-27],[5,-19],[107,-71],[821,-558],[276,-179],[69,61],[0,42],[-19,60],[10,91],[-21,49],[4,38],[25,36],[-26,51],[8,44],[31,72],[77,95],[65,127],[-7,30],[28,64],[37,36],[6,75],[27,46],[93,42],[26,47],[54,38],[36,37],[21,49],[40,27],[28,-120],[86,-31],[-15,-58],[-26,-25],[16,-66],[62,-24],[34,19],[56,-30],[11,-42],[55,-42],[10,-24],[222,357],[0,5],[23,33],[55,-25],[-1,-71],[58,-15],[15,-52],[81,-61],[94,-111],[-14,-42],[19,-41],[-2,-74],[29,-33],[96,19],[83,-65],[1,-42],[21,-47],[52,-17],[27,-97],[31,-76],[-33,-71],[25,-52],[2,-72],[-16,-72],[-35,-32],[28,-43],[-31,-105],[31,-60],[29,11],[45,29],[-3,95],[4,150],[15,29],[40,10],[23,68],[6,78],[24,21],[46,-38],[33,14],[10,-66],[-21,-42],[10,-63],[-8,-74],[40,-45],[-10,-40],[8,-52],[32,-14],[31,42],[100,12],[52,57],[58,33],[74,11],[68,54],[68,31],[29,53],[88,-4],[-7,24],[55,32],[16,-19],[43,15],[-45,-99],[27,-78],[-32,-33],[23,-47],[5,-76],[-37,-52]],[[59080,52073],[8,-74],[-14,-104],[49,-33],[9,-90],[-11,-70],[-55,-15],[-12,65],[-19,4],[-14,-60],[7,-28],[-22,-38],[15,-25],[58,3],[18,-49],[58,-26],[-1,-46],[-21,-48],[74,0],[31,-42],[-38,-32],[-5,-128],[-19,-26]],[[59176,51211],[-52,-65],[-11,-41],[12,-41],[-12,-77],[19,-63],[-3,-42],[-38,-51],[-42,3],[-51,-41],[-4,-37],[-29,-49],[-49,-38],[-39,-54],[-76,71],[-44,-4],[-78,-47],[-23,-28],[9,-54],[29,-46],[2,-71],[20,-29],[-15,-33],[3,-47],[-84,-14],[-88,-75],[-63,-17],[-25,-28],[-21,23],[-57,-10],[-9,-53],[-18,-17],[-4,-47],[-24,-42],[-11,-65],[-68,-52],[-25,28],[-19,-33],[-34,-10],[-29,-35],[-19,-51],[-26,-4],[-29,-49],[-19,17],[-125,22],[-33,48],[-63,3],[-14,66],[39,16],[3,69],[-27,21],[7,69],[-16,36],[20,53],[-20,60],[-25,30],[16,78],[-16,54],[-33,19],[-42,56],[-7,69],[-16,27],[29,87],[-36,70],[22,32],[60,28],[49,49],[22,57],[25,119],[20,-5],[71,73],[24,63],[-9,33],[-90,15],[-33,-16],[-25,-60],[-76,-52],[-63,-55],[11,-53],[-7,-34],[-47,-77],[34,-21],[21,-47],[-27,-41],[-100,-46],[-25,-46],[-50,-35],[8,-51],[-8,-57],[-42,-47],[12,-25],[-77,-13],[-43,8],[-52,59],[-40,28],[-24,-12],[-82,51],[-169,-124],[-28,-1],[1,138],[-65,69],[-161,87],[-151,82],[-45,48],[-21,1],[-41,39],[-71,-16],[-21,-40],[-58,-16],[-36,-59],[-66,-11],[-50,21],[-23,-32],[-71,-3],[-51,-17],[-37,38],[-5,35],[-26,13],[-31,50],[-7,43],[-46,15],[8,49],[-63,-30],[-81,78],[-48,-14],[-10,-40],[-76,10],[-8,39],[-33,29],[-56,-14],[-77,8],[-43,62],[-29,25],[-67,-2],[-67,-14],[-57,35],[-17,-25],[-65,-7],[-36,-21],[16,-70],[-11,-37],[28,-27],[26,15],[30,-23],[4,-40],[-23,-72],[-20,5],[-6,-98],[-44,-42],[-3,-49],[-29,-33],[22,-39],[48,-46]],[[55066,50540],[50,-48],[-12,-81],[-29,-39],[-8,-85],[-23,-27],[-465,52]],[[55066,50540],[16,79],[68,-44],[67,9],[24,-42],[37,0],[33,21],[10,-66],[24,-29],[0,-27],[34,-24],[16,-36],[-19,-88],[43,6],[23,-22],[10,-45],[52,-45],[-20,-32],[-5,-64],[26,8],[51,44],[55,19],[41,-13],[-6,-40],[78,-46],[-26,-38],[79,-16],[3,-44],[34,-21],[30,29],[46,-10],[10,-61],[38,-10],[11,-24],[-31,-41],[-3,-49],[42,-25],[54,-15],[92,-95],[-15,-56],[37,-42],[34,1],[49,75],[10,-28],[-13,-41],[27,-64],[-9,-55],[27,-66],[-1,-60],[-17,-39],[29,-21],[-16,-76],[10,-27],[62,-102],[43,-58],[-30,-37],[-41,20],[-30,-67],[-36,-10],[-56,-38],[-27,-45],[2,-51],[53,-35],[-15,-46],[-57,-42],[-3,-65],[-42,-34],[-33,-55],[-37,-3],[-24,-75],[-25,-11],[-2,-104],[37,-34],[48,11],[48,-46],[74,-40],[23,-53],[42,-49],[-24,-77],[-41,-34],[41,-28],[-2,-49],[-30,-95],[9,-35],[5,-63],[39,-27],[50,-17],[56,7],[80,42],[78,-4],[347,-23],[33,137],[46,30],[1,42],[23,23],[-3,53],[16,25],[-43,67],[-66,-33],[-51,-38],[-79,-40],[-4,52],[30,10],[-9,36],[-46,39],[-17,36],[7,34],[48,10],[11,43],[-28,50],[10,27],[65,-12],[27,11],[4,82],[44,1],[33,-26],[15,27],[52,12],[25,-28],[31,5],[2,41],[43,38],[82,-33],[14,21],[-50,73],[16,58],[-29,73],[-34,18],[-21,40],[19,16],[65,-38],[-5,37],[-36,11],[-22,35],[13,33],[29,-25],[33,27],[41,-25],[30,-80],[-27,-44],[18,-37],[50,-39],[20,-53],[61,3],[38,21],[56,-25],[11,-38],[86,29],[24,-7],[28,56],[39,8],[33,-17],[22,60],[74,-61],[21,-71],[-3,-45],[40,-43],[-21,-66],[9,-32],[-24,-39],[28,-63],[-57,-21],[-2,-40],[-45,-50],[6,-40],[17,-3],[12,-61],[-18,-50],[9,-56],[27,-42],[33,-25],[34,13],[50,-46],[-32,-24],[63,-27],[24,38],[25,-33],[62,-19],[16,-41]],[[58009,47637],[27,-12],[-42,-46],[-69,-43],[-19,-41],[29,-112],[21,-24],[24,-90],[27,-27],[-21,-39],[12,-32],[50,-44],[12,-77],[26,-52],[0,-40],[-29,-17],[-19,-63],[4,-58],[27,-38],[-36,-92],[-53,15],[-102,-25],[-26,-44],[-37,-33],[-40,8],[-14,-20],[-42,-151],[-39,-27],[24,-26],[-26,-31],[-39,25],[-76,-29],[-25,-39]],[[57538,46313],[-26,18],[-60,-25],[-102,-15],[-44,-32],[-45,60],[-54,2],[-39,-49],[-44,-20],[-5,-46],[-47,-36],[-18,68],[-39,58],[-48,34],[-35,-6],[-26,-29],[11,-38],[-42,-15],[-51,-76],[-40,-33],[-50,-11],[-38,-28],[-26,27],[-27,63],[-34,-6],[-20,21],[22,105],[-15,23],[31,68],[-30,59],[-43,20],[-34,45],[-34,11],[-61,-77],[-9,-65],[-39,22],[-17,-36],[-88,7],[-41,-17],[-57,27],[-31,-14],[-12,-75],[-28,-14],[-149,110],[2,35],[-55,27],[-53,-22],[-16,-58],[25,-88],[27,-31],[-24,-38],[10,-58],[-8,-79],[7,-63]],[[55869,46023],[-137,-145],[-33,20],[-32,-64],[-9,-126],[-23,-29],[-40,-19],[4,-40],[-33,-93],[-7,55],[-6,67],[26,67],[-40,40],[11,48],[-48,82],[-65,47],[3,21]],[[55869,46023],[6,-67],[-8,-74],[46,-70],[-16,-38],[-2,-52],[-35,-45],[-1,-28],[-42,-26],[-18,-140],[-21,-57],[-33,-45],[37,-47],[-1,-43],[37,-25],[66,10],[5,-50],[-22,-73],[42,-25],[27,-60],[-37,-81],[-7,-158],[22,-57],[11,-25],[77,-25],[29,-57],[59,-38],[48,-1],[34,-17],[15,-55],[22,14],[69,-32],[48,-10],[10,-26],[47,-19],[6,-24],[53,-3],[27,-96],[-71,-111]],[[56398,44247],[-26,1],[5,75],[-61,32],[18,-59],[-42,-34],[-51,0],[-43,-69],[-40,-27],[-60,-87],[-30,-13],[31,-38],[38,-23],[-60,-78],[-94,54],[-19,-24],[-103,-2],[-19,50],[-54,18],[-82,-7],[-31,14],[-13,-56],[-54,-17],[-60,-32],[-22,-83],[11,-92],[-11,-39]],[[54652,40390],[39,11],[70,-4],[16,33],[62,1],[17,18],[32,-35],[45,-22],[57,3],[62,-43],[1,-58],[53,-66],[79,10],[56,-85],[43,2],[1,119],[24,36],[-26,76],[14,53],[209,-84],[-40,57],[-46,37],[-28,47],[15,81],[61,55],[20,38],[71,-47],[13,-44],[21,-7],[71,-80],[31,-10],[57,-46],[38,-3],[-14,86],[37,71],[4,45],[-26,74],[23,40],[23,-42],[-7,-26],[19,-82],[-8,-66],[55,-36],[-7,208],[20,35],[46,6],[47,37],[67,15],[31,-66],[15,11]],[[56115,40743],[-20,-145],[-23,-19],[-27,20],[-20,-79],[-20,-26],[69,6],[8,-53],[-36,-52],[2,-102],[-35,-59],[16,-120],[23,-54],[88,2],[23,-49],[49,-70],[162,35],[252,-116],[48,50],[46,-38],[40,-1],[61,64],[37,-3],[25,28],[40,-40],[66,-37],[31,-30],[35,24],[15,-34],[29,16],[19,-32],[8,-53],[25,6],[5,-75],[24,-38],[0,-37],[24,-43],[53,2],[25,-4],[1,-124],[22,-34],[58,-44],[1,-45],[18,-26],[65,-7],[-24,-66],[4,-32],[-36,-13],[10,-67],[-53,-14],[-15,-58],[-25,-14],[-19,53],[-35,29],[-38,-18],[12,-64],[-47,-18]],[[57181,39025],[-42,0],[-51,-44],[-26,-17],[-24,-67],[-55,-46],[-52,15],[-28,-19],[-27,-68],[-56,-35],[-39,34],[-32,5],[6,47],[-43,3],[-59,-50],[-17,-32],[-52,-2],[-50,11],[-7,-28],[42,-61],[-16,-29],[-47,-29],[-57,-102],[-8,-37],[-51,-11],[-39,-40],[-9,-54],[-60,11],[-23,-13],[-30,-84],[-49,-50],[-19,-46]],[[56161,38187],[-40,-29],[-38,5],[-27,35],[-24,65],[-107,121],[-9,75],[2,60],[-18,41],[-88,5],[-31,-39],[11,-52],[-10,-28],[-27,-21],[-36,12],[-148,-31],[-24,-48],[31,-32],[-21,-41],[-37,27],[-38,8],[-52,-17],[-40,-37],[-44,-15],[-32,17]],[[55669,41865],[40,2],[41,52],[44,11],[71,96],[57,34],[40,-22],[60,-16],[21,51],[36,2],[26,-38],[77,2],[50,40],[105,27],[59,55],[67,37],[73,31],[15,-5],[20,-21],[20,-62],[31,-57],[32,37],[50,0],[95,-37],[-15,48],[-1,55],[27,7],[5,43],[36,-4],[15,45],[72,21],[34,-37],[50,-7],[67,-63],[39,12],[57,-8],[9,123],[25,51],[94,8],[42,-45],[9,-44],[22,-6],[21,-95],[60,-148],[23,-78],[10,-32],[79,48],[66,23],[60,7],[80,-30],[49,-40],[16,48]],[[57850,41986],[47,33],[33,55],[3,31],[64,-28]],[[57997,42077],[-20,-57],[8,-26],[-25,-29],[-10,-49],[-31,-51],[-1,-30],[-216,-36],[-114,-106],[-86,-192],[-7,1],[-19,-79],[-12,-87],[13,-37],[32,-16],[25,-51],[27,-15],[10,-48],[76,-32],[39,23],[6,-34]],[[57692,41126],[11,-76],[-20,-37],[-54,6],[-23,-45],[-49,-37],[-88,-9],[-40,24],[-56,8],[-77,44],[-3,20],[-47,22],[-53,-93],[-5,-85],[-74,75],[-69,7],[-27,22],[-43,7],[-125,91],[-17,-43],[-45,-5],[-51,35],[-53,-39],[-54,37],[-45,6],[-50,60],[-29,3],[-42,-34],[-93,22],[-7,12],[-15,-49],[-2,-67],[14,-42],[-37,-7],[-6,-49],[-64,12],[-29,-27],[-5,-34],[-36,-8],[-48,-36],[-21,-74]],[[59176,51211],[54,-71],[3,-59],[37,-17],[42,-53],[7,-70],[-14,-13],[71,-50],[25,-74],[-27,-78],[44,-20],[18,-36],[47,-22],[52,-56],[16,-68],[-39,-50],[17,-31],[-11,-42],[68,-60],[21,-101],[24,-51],[-31,-34],[-4,-32],[57,-39],[-8,-29],[5,-74],[-35,-69],[-4,-69],[32,-64],[-73,-16],[64,-157],[137,-260],[26,-46],[-18,-29],[-68,-44],[62,-148],[0,-72],[27,-111],[33,-38],[71,-24],[29,-40],[-14,-29],[-7,-90],[8,-47],[-26,-47],[12,-41],[-18,-98],[-30,-43],[-27,10],[-25,-21],[-49,-114],[-71,-75],[-63,-22],[-31,-43],[-33,13],[-65,-21],[-87,3],[-52,-52],[-33,-2],[-30,-38],[-1,-49],[-41,-2],[-43,-94]],[[59207,47892],[-29,26],[21,33],[-1,35],[-42,28],[-55,14],[-134,-10],[-41,-37],[-75,-44],[-41,22],[-88,-62],[-69,-3],[-31,-32],[-29,10],[-46,-49],[-1,-33],[-31,-12],[-82,19],[-59,-49],[-30,0],[-40,-37],[-5,-42],[-42,10],[-23,-72],[-27,-14],[-52,29],[-23,-18],[-70,45],[-45,17],[-8,-29]],[[56398,44247],[28,-30],[143,1],[40,-53],[39,-17],[25,0],[15,-49],[45,-62],[92,-102],[35,30],[-3,80],[51,-8],[22,29],[41,-4],[15,-54],[47,-36],[21,33],[65,-16],[-57,-21],[-27,-42],[-8,-44],[-58,-9],[-40,-38],[-32,-93],[-79,-93],[-28,63],[-16,-19],[-93,-46],[-9,-31],[31,-32],[-4,-41],[43,11],[55,-8],[8,32],[54,-10],[-3,-62],[42,-7],[15,5],[25,70],[89,61],[-1,41],[47,-10],[-17,-46],[3,-43],[34,-59],[43,52],[23,-23],[27,-83],[60,-61],[-87,-13],[-51,-40],[-50,35],[-16,-58],[59,-59],[21,-33],[123,-1],[39,71],[60,66],[40,21],[22,-25],[-11,-44],[17,-43],[-13,-56],[60,-2],[34,-40],[-22,-90],[-1,-36],[-26,-95],[47,10],[35,-42],[7,-76],[-11,-68],[-28,-76],[4,-65],[53,-12],[18,-44],[-25,-117],[29,-28],[-9,-52],[40,-13],[31,-34],[49,-26],[22,-45],[-5,-62],[15,-34],[26,-2],[26,-64],[67,-18],[15,-37],[-20,-28],[20,-42]],[[57538,46313],[-43,-74],[76,-28],[-22,-54],[21,-48],[-66,-65],[-6,-28],[38,-27],[-12,-33],[9,-52],[-46,-59],[10,-68],[-20,-20],[39,-64],[-41,-129],[-50,-10],[-1,-23],[42,-50],[88,10],[33,18],[44,-92],[100,-31],[47,23],[39,-18],[35,45],[-33,31],[-4,30],[-42,40],[27,23],[47,76],[44,6],[17,30],[31,3],[109,-32],[72,-68],[30,-55],[37,-10],[49,-35],[63,-9],[-3,-69],[12,-85],[48,-27],[38,-41]],[[58394,45244],[-10,-89],[29,-75],[79,-50],[15,-52],[-5,-170],[34,-78],[-8,-50],[8,-59],[-13,-35],[4,-56],[-45,-46],[23,-98],[32,-7],[57,-87],[3,-60],[-11,-46],[-84,-9],[-26,30],[-55,-36],[-10,-42],[14,-49],[-13,-61],[75,-54],[19,2],[34,-108],[33,-28],[41,3],[22,-57],[73,-65],[16,-84],[28,-71],[32,-121],[73,-103],[11,-96],[-14,-149]],[[58855,43088],[-27,4],[-43,-22],[-29,21],[-46,-9],[-13,-42],[20,-48],[-20,-61],[-85,-31],[-10,-72],[-79,-69],[-57,-84],[-2,-37],[-72,-22],[-25,-35],[-100,3],[-37,-40],[-2,-53],[-40,-89],[-22,-51],[-65,-78],[-23,-60],[-52,-56],[-29,-80]],[[57692,41126],[195,48],[75,-3],[75,-16],[55,2],[30,-27],[11,-147],[-2,-69],[40,-46],[32,6],[8,-33]],[[58211,40841],[17,-33],[-41,-45],[39,-21],[-26,-61],[33,-62],[-20,-70],[-76,-1],[-6,-67],[-44,-32],[-7,-35],[26,-51],[-81,-19],[-7,-90],[30,-21],[4,-29],[44,-19],[0,-65],[41,30],[29,-11],[28,17],[26,46],[26,3],[29,-41],[46,-9],[27,-76],[4,-59],[23,-74],[59,-14],[57,31],[38,-22],[12,-28],[-26,-86],[48,-121],[-25,-43],[-32,-7],[-15,-57],[-22,-20],[-62,-11],[-5,-51],[-33,-11],[-34,-39],[8,-41],[41,-20],[12,-35],[30,-21],[49,-81],[29,-124],[45,-76],[-37,-6],[-16,-48],[-72,-52],[20,-49],[6,-82]],[[58450,38832],[-130,-3],[-20,44],[-46,-25],[-41,22],[-68,-59],[-3,51],[-25,21],[-51,-34],[-23,33],[-62,20],[-14,60],[-91,-27],[-69,21],[-30,-42],[-52,-4],[-60,-10],[-24,14],[-49,-21],[-60,24],[-28,-28],[-30,12],[-49,-34],[-24,-38],[-25,12],[-8,76],[-89,36],[-34,42],[-41,3],[-23,27]],[[58703,45458],[-71,22],[-21,-26],[-33,26],[-90,6],[-25,-87],[-41,-60],[-28,-95]],[[59207,47892],[39,-38],[38,-60],[-7,-35],[21,-40],[-55,-75],[5,-34],[-15,-58],[15,-17],[-18,-89],[-45,-45],[7,-28],[-28,-69],[1,-41],[45,-20],[38,26],[34,-16],[46,14],[76,78],[21,-8],[102,63],[49,-29],[65,-9],[44,14],[70,-27],[53,42],[58,29],[0,19],[39,51],[24,-5],[80,59],[68,-34],[12,-17],[237,-27],[-5,64],[12,32],[-3,129],[28,64],[35,26],[19,-14],[49,20],[39,41],[18,82],[9,93],[25,59],[38,4],[87,-38],[68,31],[43,3],[30,30],[20,82],[64,23],[36,44],[25,85],[35,46],[71,-17],[33,28],[17,42],[-10,77],[43,76],[-4,22],[56,76],[20,84],[17,11],[43,-30],[30,32],[28,3],[90,-31],[-8,-42],[33,-120],[-19,-58],[-2,-42],[-49,-75],[-68,-35],[-26,-58],[-94,-133],[-32,-62],[-22,-5],[-17,-57],[22,-38],[-17,-72],[7,-46],[-32,-14],[-5,-68],[34,-4],[10,-67],[-16,-22],[4,-44],[34,-33],[58,-23],[-3,-38],[-33,-52],[32,-56],[6,-35],[41,-80],[13,-57],[44,-36],[106,123],[28,-45],[33,-18],[27,-100],[60,-125],[-22,-26],[1,-59],[35,-45],[8,-69],[28,-43],[30,-17],[6,-31],[36,-37],[13,-44],[101,25],[60,39]],[[61877,46801],[82,-110],[-28,-52],[-45,-26],[40,-43],[-38,-32],[-40,-16],[-63,-48],[-44,-82],[-7,-104],[-28,-91],[-10,-111],[65,-78],[46,-10],[31,-45],[61,-23],[-10,-56],[13,-35],[-8,-79],[27,-83],[32,-38],[1,-67],[28,-87],[-27,-64],[3,-33],[37,-92],[-4,-39],[-41,-28],[-60,-18],[-233,-57],[-145,-26],[-79,-24],[-67,-57],[-45,8],[-31,22],[-34,60],[-62,-39],[-19,-71],[-33,-29],[-45,-14],[-13,-38],[-41,-32],[-57,-8],[-65,22],[-39,-13],[-17,-47]],[[58855,43088],[49,7],[83,-30],[66,-16],[12,-49],[40,-52],[9,-34],[-18,-86],[12,-27],[-16,-45],[14,-51],[-26,-30],[21,-34],[0,-65],[29,-10],[68,26],[66,-37],[10,-44],[162,-132],[17,-8]],[[59453,42371],[-22,-25],[-19,-54],[-85,-80],[-41,-59],[-24,-145],[-44,-46],[5,-30],[-31,-50],[-50,-1],[-37,-39],[-10,-49],[-29,-19],[7,-29],[-77,-68],[59,-43],[22,-101],[-9,-21],[17,-71],[22,-16],[43,-66],[0,-65],[-78,-18],[-65,-46],[-20,-33],[32,-38],[-2,-64],[-15,-95],[-19,-29],[-29,2],[-56,39],[-27,-63],[-52,-22],[-42,-32],[-29,-51],[-134,178],[-110,3],[-64,40],[-4,-26],[-45,9],[22,-69],[-20,-15],[-40,-91],[-26,13],[-43,-35],[-73,-10]],[[59453,42371],[-6,50],[49,82],[-21,77],[39,14],[67,-22],[66,1],[36,17],[65,-27],[37,22],[63,-29],[28,0],[90,54],[11,-96],[-25,-39],[-12,-112],[-46,-79],[14,-48],[62,-87],[48,-9],[6,-40],[39,-79],[-1,-33],[73,-54],[22,-5],[57,-116],[61,-49],[33,-60],[5,-74],[39,-27],[16,-32],[-27,-61]],[[60341,41510],[-13,-53],[5,-75],[-33,-28],[-10,-38],[19,-32],[-7,-64],[-24,-52],[36,-5],[38,-71],[-3,-84],[23,-23],[35,37],[19,-56],[18,-13],[143,64],[43,-31],[103,-6],[35,-50],[14,-39],[37,-35],[54,-130],[-11,-44],[-30,-40],[24,-55],[-62,-27],[-31,-33],[-16,-74],[-56,-45],[21,-59],[-49,-53],[12,-23],[-51,-80],[36,-114],[-9,-70],[31,-12],[3,-92],[16,-33],[42,-36],[-21,-55],[82,-150]],[[60804,39631],[1,-45],[-41,-28],[-47,1],[-54,-47],[-24,9],[-28,-78],[-56,-4],[-8,-50],[-22,-13],[-46,8],[-15,-33],[11,-37]],[[60475,39314],[-47,19],[-26,-43],[-38,-2],[-23,-39],[-57,-9],[-28,-77],[-27,24],[13,48],[-75,-32],[-31,-52],[-58,-38],[0,-44],[-51,-34],[-7,-37],[46,-63],[-78,-63],[-36,15],[-19,-58],[-19,4],[-34,-49],[-29,-13],[-18,44],[-47,4],[-45,-94],[-31,-50],[-20,-14],[-46,25],[-18,39],[-47,-28],[-18,-63],[-52,-10],[-10,-18]],[[59499,38606],[3,-59],[-55,-18],[-58,29],[-28,-16],[-63,-70],[-21,60],[-26,0],[-8,91],[-38,-30],[-66,51],[-24,6],[-19,44],[-29,11],[-18,-38],[-53,-7],[-50,13],[-70,49],[-24,82],[-80,35],[-55,6],[-12,44],[-63,6],[-36,35],[-37,-46],[-60,-39],[15,-54],[-36,9],[-38,32]],[[60862,44828],[0,-74],[-54,-56],[-22,-74],[-10,-83],[28,-29],[-3,-49],[22,-48],[-15,-106],[-52,-65],[-18,-95],[-20,-52],[-85,-114],[-54,-46],[7,-46],[-9,-59],[-44,-48],[-19,-39],[-14,-96],[39,-64],[-6,-30],[79,-38],[-2,-32],[40,-44],[79,-18],[48,-53],[99,-67],[33,-79],[31,20],[21,-52],[5,-67],[48,-58]],[[61014,43067],[-9,-53],[-21,-32],[13,-56],[27,-10],[-5,-77],[41,-58],[-10,-30],[0,-123],[48,-33],[36,-56],[15,-47],[-20,-34],[15,-27],[66,-34],[-27,-52],[-17,-88],[-32,-19],[-41,-58],[-32,5],[-11,-32],[-93,-28],[-20,-38],[-22,-3],[-40,-41],[-18,-38],[-57,-46],[-40,-13],[-72,-87],[-26,-76],[-34,-20],[-1,-58],[-32,15],[-27,-17],[-15,-52],[-39,-17],[32,-43],[-12,-82],[-30,17],[-37,-36],[-23,-62],[-25,29],[-27,-11],[-51,64]],[[59080,52073],[39,-20],[73,25],[30,22],[54,6],[23,49],[-5,46],[47,24],[8,-45],[41,5],[22,-68],[81,5],[40,-95],[54,22],[13,30],[68,-19],[55,-57],[38,13],[46,-10],[50,16],[51,-59],[267,-357],[5,40],[46,61],[7,35],[37,62],[27,17],[9,37],[-45,26],[-14,25],[-7,86],[-18,39],[14,70],[37,35],[-13,56],[-24,20],[8,37],[-31,24],[31,87],[-32,26],[35,26],[20,98],[65,40],[56,-33],[54,-3]],[[60442,52517],[16,-28],[-17,-56],[11,-92],[52,-20],[15,20],[49,-16],[61,17],[11,-19],[-20,-48],[10,-41],[48,-12],[46,11],[-33,-68],[45,-51],[-7,-28],[26,-29],[23,51],[54,19]],[[60832,52127],[47,-29],[-5,-55],[58,-70],[-11,-75],[49,-28],[-4,-55],[49,-73],[50,-57],[37,-19],[21,-38],[25,5],[73,0],[38,-14],[50,49],[25,7],[40,43],[46,-70],[-9,-76],[-26,-48],[-7,-61],[9,-148],[-41,-142],[-15,-20],[9,-58],[-4,-53],[16,-30],[-39,-21],[-62,-81],[-7,-65],[6,-90],[-15,-208],[20,-22],[10,-75],[25,-42],[-11,-104],[-40,-33],[62,-81],[37,-66],[11,-70],[24,-44],[8,-60],[27,-25],[58,42],[24,48],[19,-5],[70,83],[55,-35],[65,-22],[1,-60],[-22,-19],[12,-33],[47,-4],[30,12],[37,-33],[11,-52],[-62,-63],[-53,-77],[-22,-54],[23,-11],[11,-65],[43,-61],[25,-8],[-3,-44],[18,-32],[30,-91],[53,-38],[24,-73],[16,-6],[0,-79],[17,-31],[-35,-16],[0,-74],[59,-9],[-10,-84],[24,-42],[-43,-38],[3,-34],[47,-33],[4,-38],[81,-65],[41,5],[38,-52],[32,15],[67,-78],[45,13],[12,-54],[47,-70],[-7,-119],[33,-70],[-2,-98],[19,-41],[64,-12],[-4,-24],[32,-62],[-6,-27],[15,-29],[-3,-51],[17,-12],[44,-173],[-4,-40],[41,-105],[-8,-83],[16,-61],[56,-46],[19,-29]],[[62669,47378],[-57,-18],[-60,-51],[-108,-11],[-68,23],[-55,61],[-42,15],[-64,43],[-65,21],[-60,33],[-98,27],[-60,-1],[-17,-26],[-69,-37],[-70,-56],[-3,-42],[59,-52],[23,-61],[-60,-110],[-16,-51],[-39,-70],[8,-48],[-17,-16],[28,-67],[48,47],[34,3],[2,-124],[34,-9]],[[63773,47820],[-33,-24],[-24,-62],[-39,9],[-21,-81],[-50,0],[-18,43],[-45,-19],[-56,41],[5,-46],[-32,-47],[-80,35],[-29,-12],[-16,52],[-63,-19],[-60,7],[-14,48],[-31,-1],[-26,28],[4,45],[21,14],[20,50],[-54,35],[11,24],[-3,57],[-72,55],[-24,-2],[-85,94],[-42,13],[-52,65],[-35,2],[-9,57],[-56,3],[-23,14],[-15,-31],[-3,-58],[-77,-36],[1,-41],[-47,-38],[6,-83],[4,-18],[59,-23],[22,-56],[-22,-84],[-28,-32],[-10,-85],[10,-60],[44,-43],[-25,-98],[22,-23],[38,-102],[-29,-24],[-23,15]],[[60832,52127],[-2,44],[33,37],[59,-48],[34,6],[32,-32],[65,22],[32,-39],[29,65],[44,21],[-6,46],[46,22],[5,23],[73,1],[32,14],[6,-50],[60,-9],[40,17],[8,64],[50,17],[46,-8],[21,31],[60,6],[29,27],[72,18],[21,50],[51,-2],[113,73],[1,25],[61,40],[22,36],[34,5],[19,-46],[32,2],[32,81],[53,82],[156,87],[263,-10],[404,-15],[21,91],[30,14],[41,280],[20,-60],[55,-10],[39,-42],[-8,-33],[5,-149],[-13,-18],[8,-128],[62,18],[47,2],[214,57],[66,-2],[36,39],[40,19],[28,-9],[66,27],[13,20]],[[59835,74322],[48,-20],[18,12],[67,-29],[64,-65],[53,-40],[49,-17],[46,-40],[38,-15],[48,-56],[53,-113],[28,-34],[53,-32],[9,-32],[52,-16],[79,-61],[8,-57],[36,-56],[41,-34],[287,-145],[33,-160],[27,-55],[27,55],[5,60],[27,-14],[39,-102],[35,-9],[16,-36],[70,-74],[50,10],[-15,-42],[27,-50],[50,-54],[41,34],[21,23],[55,-45],[40,-107],[67,7],[17,-27],[121,122],[12,37],[30,16],[15,35],[37,22],[19,74],[37,21],[32,58],[-3,21],[37,29],[1,38],[38,72],[48,49],[-1,30],[30,25],[62,9],[43,-14],[40,28],[69,-1],[87,28],[70,44],[52,57],[-6,51],[-22,64],[17,36],[-34,44],[10,36],[-10,55],[26,96],[1054,-32],[872,-36]],[[64327,74000],[167,-3]],[[64494,73997],[16,-25],[-6,-60],[-36,-74],[1,-48],[-34,-31],[-35,-54],[-39,-85],[-48,-43],[-56,-72],[-55,-23],[-68,6],[-57,-44],[-14,-52],[-58,-111],[-39,-18],[-113,-107],[-7,-41],[-62,-50],[-22,-112],[-41,-35],[-23,-47],[84,-210],[204,-564],[-57,-5],[-8,-80],[-43,16],[-32,-5],[-76,-71],[-53,-15],[-10,-34],[-39,-25],[-33,15],[-28,-16],[-11,-44],[-70,-70],[-63,2],[-30,-44],[-45,-24],[-185,49],[-43,-11],[-80,-1],[-20,-27],[-78,-10],[-80,-22],[-36,57],[-99,-28],[-6,-61],[-40,-34],[-16,-66],[-47,-30],[-10,-80],[-20,-28],[3,-49],[23,-22],[7,-53],[-24,-9],[14,-61],[-6,-45],[16,-36],[41,-7],[14,-57],[40,-24],[-17,-64],[24,-58],[39,-31],[-31,-46],[34,-40],[4,-32],[40,5],[46,-61],[-20,-57],[-34,-20],[-17,-66],[46,-37],[98,-16],[25,8],[37,-20],[4,-32],[-27,-58],[-31,-14],[-27,-62],[-105,-55],[1,-58],[40,-41],[-52,-14],[-4,-28],[36,-53],[-91,-109],[20,-49],[-23,-48],[-23,-2],[-1,-91],[15,-30],[-40,-98],[4,-35],[-44,-36],[0,-41],[-24,-46],[10,-64],[23,-22],[19,-50],[-5,-48],[15,-35],[-150,-15],[-87,46],[-60,8],[-31,-18],[38,-64],[47,-5],[-7,-47],[49,2],[8,-59],[-91,-2],[-28,-53],[-38,-25],[-25,-81],[-35,6],[-31,-50],[-24,-125],[-1,-163],[42,-44],[-1,-33],[-36,-94],[-40,-46]],[[62219,68426],[-46,-27],[-52,45],[-26,-9],[-151,-20],[-43,27],[-32,-11],[-30,35],[-43,1],[-38,36],[-21,-25],[-84,65],[-72,-22],[-46,21],[-17,-12],[-72,12],[-46,44],[-21,36],[-36,-1],[-62,47],[-84,34],[-22,45],[-130,84],[-89,99],[-61,-2]],[[60895,68928],[-18,32],[30,98],[44,68],[11,33],[-7,65],[4,76]],[[60959,69300],[-4,68],[72,128],[15,50],[-3,43],[21,122],[53,87],[21,18],[21,35],[-38,138],[34,76],[25,83],[6,108],[72,142],[-9,83],[-4,28],[-36,56],[-48,129],[-14,77],[-8,98],[11,65],[2,100],[-19,44],[-20,45],[4,30],[40,120],[5,48],[-8,67],[5,64],[-15,30]],[[61140,71482],[-9,71],[-53,138],[-36,50],[-23,75],[1,54],[48,124],[-7,70],[-5,35],[-9,68],[4,80],[-37,103],[-38,40],[-25,47],[-73,79],[-47,-17],[-88,29],[-109,102],[-44,24],[-134,88],[-65,6],[-32,-12],[-96,-6],[-37,28],[-54,88],[4,98],[-8,70],[-33,47],[-119,58],[-50,0],[-98,17],[-41,-14],[-79,-70],[-63,-18],[-76,27],[-154,16],[-64,32],[-45,38],[-50,32],[-58,19],[-48,33],[-46,3],[-34,17],[-80,76],[-130,-19],[-53,-16],[-70,-9],[-32,-16],[-77,6],[-69,-54],[-29,-43],[-19,-84],[-1,-53],[-38,-73],[-52,-64],[-55,10],[-19,34],[-46,32],[-48,7],[-47,-36],[-13,-64],[-18,-21],[-50,14],[-50,-2]],[[58114,72876],[714,601],[30,29],[7,57],[41,-19],[44,29],[443,378],[42,35],[322,270],[78,66]],[[59835,74322],[56,49],[438,364]],[[60329,74735],[57,72],[50,-19],[39,5],[67,-42],[104,-8],[41,26],[60,68],[34,13],[102,124],[37,100],[70,72],[66,90],[14,54],[64,99],[-6,69],[20,43],[52,31],[18,32],[90,44],[34,48],[39,12],[-15,64],[32,37],[3,68],[54,4],[-16,93],[13,44],[-6,43],[41,51],[30,106],[57,-17],[23,42],[94,60],[13,40],[47,1],[32,22],[12,35],[48,40],[-1,37],[79,112],[23,-9],[10,53],[66,12],[14,37],[32,17],[31,100],[27,51],[12,61],[-11,26],[22,31],[-12,56],[27,26],[12,39],[-14,53],[37,30],[-45,66],[36,9],[-17,60],[39,39]],[[62210,77307],[20,-58],[-17,-142],[66,-60],[33,-59],[64,-181],[1,-41],[41,-185],[-23,-107],[23,-68],[-4,-29],[36,-85],[-1,-61],[16,-59],[-11,-97],[-27,-25]],[[62427,76050],[-49,17],[-32,-25],[-15,-73],[-102,-142],[-8,-48],[-40,-69],[-102,-39],[9,-41],[-11,-56],[-18,-16],[-19,-73],[32,-40],[24,-55],[6,-57],[38,-26],[49,-76],[9,-39],[41,-20],[77,4],[79,-52],[60,38],[61,4],[15,-12],[72,87],[15,43],[83,12],[80,3],[68,-26],[118,62],[22,36],[109,17],[53,46],[41,16],[11,29],[67,50],[50,22],[16,74],[46,29],[31,44],[46,41],[80,80],[35,85],[114,71],[27,59],[92,80],[38,15],[106,97],[15,31],[100,-56],[17,-40],[10,-63],[-46,-79],[-86,-123],[1,-18],[-41,-108],[-14,-74],[8,-55],[-35,-41],[7,-69],[41,-78],[61,-48],[-30,15],[47,-161],[40,-45],[-16,-31],[5,-43],[-15,-67],[35,-65],[33,-6],[21,-104],[76,-129],[-47,-102],[-75,-59],[-45,-5],[39,-247],[16,-83],[198,-130],[25,-36],[2,-47],[24,-23],[5,-37]],[[62219,68426],[47,-29],[28,28],[51,2],[6,72],[44,23],[5,54],[34,25],[28,51],[150,42],[32,15],[19,45],[93,80],[37,-3],[31,45],[52,-21],[29,37],[64,31],[98,14],[29,-23],[89,-32],[62,-77],[30,7],[37,-22],[28,13],[36,-14],[40,6],[20,-74],[-21,-46],[19,-57],[55,4],[43,24],[76,-52],[80,81],[16,56],[20,24],[-6,58],[43,1],[26,27],[86,-25],[45,3],[59,31],[23,49],[-13,26],[8,91],[23,16],[76,-1],[20,44],[32,35],[55,21],[51,-1],[15,64],[52,5],[66,30],[68,-18],[38,-55],[31,36],[69,-35],[18,-39],[142,9]],[[64753,69127],[57,13],[60,-11],[64,35],[61,10],[25,-34],[33,0],[41,-30],[57,-14],[58,-46],[23,-31],[40,-93],[44,-61],[71,-16],[40,34],[61,-4],[65,8],[83,27],[47,37],[47,7],[59,40],[73,-7],[32,-56],[74,-6],[56,-38],[35,-3],[68,19],[19,-18],[57,-3],[56,-25],[68,13],[12,-34],[39,8],[55,-23],[59,39],[3,24],[42,10],[84,99],[70,34],[69,-2],[27,-22],[26,9],[31,18],[10,32],[54,18],[102,11],[78,-3],[110,-30]],[[67198,69062],[38,-447],[36,-25],[5,-56],[24,-33],[66,-37],[-2,-59],[29,-29],[-8,-98],[-29,-83],[-101,-78],[-5,-25],[-65,-35],[23,-67],[57,-28],[30,-42],[37,-1],[-7,-92],[49,14],[28,-25],[-18,-75],[-30,-48],[16,-49],[-207,24],[-481,-592]],[[66683,67076],[-37,-37],[-32,5],[-67,-43],[-87,30],[-142,-43],[-22,20],[-43,-39],[-36,-48],[-27,-5],[-32,-42],[-43,47],[-53,-34],[-82,-22],[-111,-17],[-9,-34],[-72,-64],[-52,11],[-8,-64],[-36,-37],[-43,-16],[-24,-36],[-30,13],[9,-45],[-40,-2],[-1,-65],[-26,0],[-17,-37],[11,-38],[-33,-11],[25,-42],[-13,-55],[-49,-42],[-3,-58],[-37,-41],[2,-44],[-27,-11],[5,-39],[26,-35],[-45,-26],[40,-24],[-36,-27],[-21,-72],[5,-36],[-28,-33],[-25,-60],[35,-30],[-57,-49],[30,-45],[-14,-71],[-39,-80],[17,-35],[-27,-53],[10,-51],[-27,-47],[-41,-29],[5,-44],[-74,-76],[-39,-25],[-17,-31],[-7,-87],[-28,-41],[-7,-48],[-21,-36],[-1,-49],[-37,-32],[-8,-53]],[[64970,64766],[-31,-8],[-25,-47],[2,-51],[-36,-60],[5,-58],[-13,-53],[16,-14],[-44,-68],[7,-38],[-43,-82],[-52,-26],[-1,-20],[62,-42],[-28,-26],[-59,-9],[-28,-28],[-14,-85],[-47,-128],[-30,15],[-27,-15],[4,-33],[-62,-27],[-9,-62],[-34,14],[-72,-67],[-3,-28],[-48,-52],[28,-37],[-58,-83],[5,-41],[-34,-30],[7,-34],[-34,-58],[5,-65],[50,-71],[19,-66],[35,-36],[16,-63],[-6,-64],[20,-19],[12,-52],[-16,-96],[36,-113],[26,-25],[-13,-31],[15,-49],[0,-62],[-16,-88],[17,-32],[-26,-37],[34,-100],[7,-45],[54,-29],[37,6],[51,-50],[13,-39],[45,-74],[16,-110],[-1,-61],[-77,-94],[-25,-45],[10,-24],[-33,-42],[8,-105],[37,-43],[-31,-86],[6,-75],[-21,-42],[36,-119],[-4,-83],[-17,-48],[-41,-43],[-26,-105],[-25,-56],[18,-86],[32,-101],[-30,-131],[-31,-51],[-34,-127],[23,-23],[-22,-106],[-18,-10],[-28,-58],[-6,-42],[-57,-46],[-17,-51],[-33,-14],[-26,-64],[20,-98]],[[64292,59896],[-55,26],[-58,-1],[-24,-24],[-24,51],[0,57],[-20,110],[-69,-20],[-80,-62],[-33,-6],[-52,18],[-76,-16],[-70,82],[-35,36],[-69,-4],[-63,-22],[-85,13],[-44,-14],[-102,47],[-18,95],[-84,125],[-63,18],[-26,79],[3,77],[-45,75],[13,37],[-9,49],[26,51],[-28,45],[11,49],[5,63],[-43,20],[18,45],[-29,24],[9,43],[-45,79],[-65,-31],[-45,0],[-39,39],[25,69],[-16,34],[-43,26],[-63,-6],[-47,28],[-1,54],[-16,69],[93,69],[18,93],[56,115],[102,64],[-3,26],[-76,79],[-2,33],[39,39],[-31,41],[-45,-14],[-17,35],[-61,14],[-28,21],[-21,46],[5,35],[35,40],[-42,15],[-32,38],[-68,-14],[-79,1],[-50,-40],[-32,32],[17,55],[-16,36],[-73,78],[-24,80],[-57,2],[-26,42],[30,30],[6,31],[30,29],[-21,46],[23,74],[-18,46],[-52,7],[8,63],[-29,57],[-65,12],[-23,38],[-61,-16],[-12,18],[5,58],[43,60],[-21,42],[-42,9],[-83,-45],[-25,17],[-47,-16],[-61,35],[-32,-4],[-46,21],[26,28],[9,50],[24,27],[13,57]],[[61879,63258],[7,29],[35,5],[24,107],[41,6],[-3,35],[58,40],[-28,31],[-22,64],[35,28],[64,-8],[20,27],[54,5],[1,45],[36,65],[-1,94],[-29,43],[-16,48],[26,93],[64,56],[-4,43],[-29,41],[-32,17],[-1,40],[36,63],[1,58],[93,79],[38,59]],[[62347,64471],[-2,151],[58,-2],[54,52],[13,63],[-15,63],[40,27],[-13,24],[35,45],[39,-27],[29,9],[46,-23],[12,37],[35,44],[50,17],[17,20],[43,8],[67,35],[34,-23],[57,-4],[22,14],[51,-8],[35,15],[24,47],[27,18],[35,58],[-1,88],[16,44],[36,52],[-25,39],[-23,5],[-12,45],[55,132],[8,46],[43,33],[11,37],[-29,73],[9,62],[-20,38],[-10,56],[-64,65],[-88,56],[-9,48],[-96,66],[-61,-5],[-45,-25],[-23,22],[-30,-35],[-54,-5],[-26,19],[-89,-41],[-86,-62],[-53,2],[-49,-27],[-53,14],[-74,-16],[-32,-59],[-50,15],[-13,-26],[-41,-12],[-36,-50],[4,-25],[-40,-47],[-39,-7],[-16,-41],[-45,16],[-66,13],[-34,68],[-6,58],[-96,88],[2,53],[-53,80],[-30,-6],[-1,66],[-21,11],[-109,148],[-78,45],[-44,170],[-40,75],[-89,1],[-7,70],[32,40],[-67,12],[6,58],[15,20],[-28,48],[-29,16],[-17,39],[-34,-34],[39,-28],[-27,-40],[-48,25],[12,122],[-50,34],[14,47],[-93,36],[21,21],[7,58],[-70,20],[-24,-32],[-26,15],[1,88],[-37,31],[-16,115],[-36,13],[-69,-18],[-30,-26],[-62,25],[17,47],[45,40],[94,35],[77,50],[18,30],[12,63],[-47,113],[-98,77],[-112,7],[-36,-21],[-47,-73],[-55,-3],[-52,112],[-37,57],[-103,56],[-30,60],[12,85],[81,63],[38,1],[77,-40],[37,20],[41,56],[22,79],[50,71],[53,33],[62,80],[32,81],[17,37],[-1,71],[52,100],[4,92],[-30,83]],[[62427,76050],[29,-1],[34,27],[22,82],[52,30],[62,73],[91,9],[104,57],[13,183],[113,67],[29,58],[-62,43],[-11,27],[8,56],[-26,49],[3,32],[62,81],[38,101],[-5,50],[163,183],[67,37],[54,48],[78,91],[125,117],[46,25],[38,0],[46,79],[66,137],[39,140],[8,125],[14,63],[-18,118],[9,86],[44,74],[175,194],[37,33],[73,45],[70,28],[58,38],[34,39],[14,95],[42,81],[107,87],[10,26],[-24,75],[22,63],[55,58],[22,43],[2,55],[28,46],[27,69],[-25,60],[40,82],[284,4],[36,-3],[151,40],[95,13],[178,73],[68,-1],[43,-25],[136,-54]],[[65520,79661],[2,0],[-10,-638],[22,-390],[4,-51],[23,-115],[3,-82],[18,-101],[24,-58],[18,-77],[2,-1]],[[65626,78148],[983,-442],[23,6],[53,-34],[16,12],[60,-41],[5,-54],[23,-37],[-62,-54],[-11,-31],[-60,-58],[12,-44],[0,-108],[90,61],[55,9],[30,67],[15,-73],[19,-20],[0,-60],[28,-5],[54,-41],[-128,-333],[12,-16]],[[66843,76852],[93,-187],[150,-327],[-160,-27],[-48,-19],[46,-30],[191,-105],[-261,-120],[-123,-54],[-45,42],[-33,91],[-220,-55],[-26,8],[67,575],[49,50],[77,146],[-70,-60],[-18,-33],[-50,-41],[-36,34],[-51,-28],[-36,-38],[-24,11],[-76,-10],[-22,-23],[-11,-50],[-36,-35],[-30,-68],[-184,7],[-6,-8],[-29,-24],[-61,-79],[-83,-55],[-68,-3],[-45,-75],[-21,-52],[-28,1],[-31,-84],[32,-106],[-10,-53],[-46,-74],[10,-12],[-12,-70],[-25,-43],[6,-41],[-16,-41],[4,-40],[-29,-46],[-37,-28],[-16,-71],[-36,-3],[10,-51],[-3,-132],[38,-28],[-31,-26],[31,-44],[-36,-49],[30,-32],[8,-70],[-24,-41],[23,-29],[-30,-34],[-24,-78],[48,-54],[-12,-23],[-51,-28],[1,-48],[-17,-94],[10,-72],[35,-80],[-1,-22],[-67,-69],[-26,-61],[-117,-93],[-27,-53],[-36,2],[-48,-21],[-13,-31],[37,-58],[-6,-33],[-59,-19]],[[65052,74028],[7,66],[-17,37],[-58,18],[-38,45],[-41,11],[-9,36],[-43,25],[-75,68],[-41,14],[-19,40],[-22,1],[-45,62],[-9,-56],[-36,-72],[-35,-9],[-10,44],[-47,6],[-39,-64],[-19,-58],[13,-67],[4,-133],[21,-45]],[[62210,77307],[5,61],[-14,43],[42,2],[33,71],[68,22],[9,38],[-11,51],[42,-3],[23,113],[-7,55],[28,11],[-11,41],[12,43],[54,55],[53,28],[3,30],[48,9],[61,29],[10,30],[81,19],[-28,52],[39,26],[13,40],[-8,49],[29,22],[32,-13],[8,66],[42,9],[11,44],[26,39],[1,46],[46,4],[-11,53],[-39,40],[100,-2],[-3,54],[41,25],[19,49],[25,135],[53,61],[11,90],[-42,20],[-1,47],[32,12],[-58,129],[26,15],[52,-24],[28,26],[-3,59],[43,-22],[18,11],[-7,67],[60,-43],[13,45],[-40,38],[4,45],[-67,-20],[-24,47],[16,49],[-9,33],[-35,-5],[-13,47],[-26,13],[-7,60],[20,43],[65,18],[7,34],[29,12],[0,61],[38,13],[19,-62],[18,7],[21,69],[180,42],[-5,72],[40,13],[3,48],[-27,19],[18,49],[34,-14],[48,1],[89,18],[-33,66],[20,35],[-18,60]],[[63672,80197],[-5,150]],[[63667,80347],[32,33],[17,42],[28,27],[-7,29],[-50,-6],[-35,-43],[-36,10],[0,45],[78,82],[0,76],[24,21],[12,76],[-34,54],[51,21],[47,-58],[35,14],[21,46],[59,24],[28,75],[34,34],[76,40],[-27,43],[59,57],[11,72],[-19,36],[10,51],[19,22],[41,78],[-1,49],[41,85],[38,137],[-15,82],[-31,27],[61,74],[12,32],[-45,76],[-67,22],[-59,-14],[-26,15],[-31,-27],[-28,36],[-9,65],[23,61],[23,35],[33,11],[69,-16],[46,28],[61,-28],[29,43],[81,33],[44,58],[-14,51],[-5,67],[41,46],[-13,38],[41,53],[-20,152],[-74,105],[89,77],[4,21],[-41,39],[59,53],[42,127],[26,34],[-67,19],[5,51],[-42,7],[-30,78],[54,72],[-23,65],[50,45],[42,24],[20,-14]],[[64534,83442],[64,13],[7,90],[71,100],[38,38],[38,104],[29,-28],[37,71],[54,1],[-5,-50],[18,-50],[-36,-33],[50,-46],[-11,-37],[31,-22],[-29,-152],[8,-28],[-11,-56],[26,2],[18,62],[-5,32],[75,127],[59,133],[36,42],[12,48],[61,4],[8,-92],[-49,-70],[-9,-35],[-55,-10],[-65,-86],[25,-2],[57,56],[23,-28],[7,-42],[-16,-74],[-48,-52],[43,-1],[45,35],[2,-56],[-82,-86],[65,5],[40,80],[9,86],[40,-25],[-13,68],[42,47],[34,-6],[1,-38],[-29,-35],[-3,-57],[18,-22],[-71,-114],[-38,-34],[3,-7],[129,97],[63,124],[43,61],[19,98],[49,13],[50,-3],[29,-55],[-86,-92],[-29,-82],[30,-74],[42,-62],[-20,-75],[29,-50],[-6,-44],[22,-28],[-51,-21],[-1,-90],[-40,-34],[-16,-36],[18,32],[45,30],[14,55],[56,9],[77,-16],[24,20],[35,77],[-14,48],[4,50],[26,58],[43,16],[44,-59],[38,-10],[-5,-56],[48,26],[29,-51],[15,54],[27,-50],[-21,-88],[13,-60],[-48,-67],[19,-20],[128,155],[-8,59],[12,19],[43,0],[1,51],[84,22],[22,-47],[-23,-92],[-33,-12],[-49,-41],[-26,7],[-28,-26],[-26,-103],[6,-110],[-3,-52]],[[65996,82687],[-15,-38],[-62,-13],[-104,-80],[-21,2],[-68,-39],[-39,-40],[-270,-529],[198,-472],[-42,-36],[-29,-91],[38,-272],[7,-86],[-4,-60],[-26,-90],[-107,-72],[-8,-264],[103,-83],[-5,-3],[-22,-760]],[[65211,83608],[33,40],[26,-29],[-27,-69],[-30,9],[-2,49]],[[65253,83434],[27,23],[26,-40],[-7,-39],[-42,11],[-4,45]],[[65561,83281],[-45,-22],[-33,69],[10,60],[45,56],[26,-69],[17,-18],[-20,-76]],[[65610,83265],[20,22],[-3,107],[24,153],[27,40],[38,9],[-4,-119],[-29,-14],[-36,-78],[-3,-65],[19,-1],[-5,-61],[-16,-19],[-27,-123],[22,-74],[-13,-25],[-48,-13],[-54,20],[12,30],[-26,33],[32,36],[-26,55],[4,60],[62,37],[30,-10]],[[65809,83190],[65,42],[-10,-56],[-55,14]],[[65884,83329],[-71,2],[-41,11],[19,42],[-1,48],[38,4],[59,-47],[-3,-60]],[[65052,74028],[-36,8],[2,-55],[725,-46],[-29,-16],[-45,1],[-21,-52],[-56,-11],[-41,-79],[-13,-51],[-37,-63],[-44,-32],[-12,-26],[747,-189],[56,63]],[[66248,73480],[236,-177],[299,-306],[27,47],[25,101],[24,52],[46,-1],[-3,40],[28,34],[-21,57],[30,35],[25,114],[31,-3],[27,-35],[70,3],[41,-23],[9,-41],[30,-25],[-15,-74],[29,-77],[32,26],[33,-36],[136,-106]],[[67387,73085],[-34,-117],[-72,-17],[-26,-44],[27,-43],[-64,-56],[-54,-104],[-34,-11],[-2,-37],[-34,-38],[-32,-11],[7,-35],[-60,-5],[-21,-42],[-13,-96],[-24,-64],[-12,-81],[-34,-34],[-20,-44],[16,-77],[2,-75],[-31,-146],[22,-39],[45,-37],[31,-51],[10,-74],[-8,-31],[-5,-156],[-6,-53],[23,-30],[8,-72],[29,-23],[61,-121],[38,-29],[37,-124],[-17,-22],[-10,-63],[12,-58],[82,-309]],[[67224,70616],[-34,-18],[-43,-54],[-42,-14],[-44,-47],[-26,-81],[-34,-35],[-21,-78],[-26,-28],[-21,-93],[-39,-54],[-69,-64],[-93,-28],[-94,24],[-15,-15],[-47,10],[-2,59],[-42,26],[-27,-20],[-56,46],[-82,14],[-23,-28],[-37,-1],[-42,-42],[-14,35],[-47,-42],[-85,-46],[-9,-30],[-63,-24],[-12,-38],[-44,-12],[-59,-39],[-62,-9],[-52,-37],[-53,0],[-14,20],[-120,-12],[-39,27],[-47,-45],[-63,-4],[-25,-35],[-58,5],[-116,-62],[-35,16],[-42,-16],[-233,61],[-32,-37],[-77,-4],[-60,-45],[-41,-279],[-10,-316]],[[67224,70616],[67,31],[14,42],[61,-7],[49,56],[50,15],[15,26],[51,7],[81,51],[39,-5],[39,29],[14,490],[110,-1],[32,18],[14,-60],[34,-31],[28,-1],[15,-44],[127,20],[25,-13],[48,7],[25,-42],[66,23],[90,17],[-6,71],[-23,56],[6,23],[74,22],[30,-26],[49,-1],[55,87],[51,-5],[10,16],[322,-211],[-9,46],[46,15]],[[68923,71337],[0,-90],[23,-50],[46,-26],[21,-45],[290,-295]],[[69303,70831],[-13,-37],[-49,-50],[0,-92],[14,-35],[-21,-24],[-37,-204],[-37,-42],[10,-82],[-49,-139],[14,-47],[-313,-133],[96,-51],[-1016,-901],[-211,260],[-125,-122],[-84,-44],[-26,23],[-40,-7],[-17,-22],[-74,-5],[-41,-16],[-86,1]],[[66843,76852],[76,20],[18,27],[43,-12],[74,36],[40,-40],[27,-9],[2,-60],[-11,-33],[109,-2],[48,76],[-7,46],[27,26],[28,53],[54,-30],[24,-71],[75,18],[-4,47],[42,10],[41,-57],[-23,-57],[24,-37],[29,8],[27,-20],[34,-79],[64,-31],[31,-39],[16,-79],[31,-24],[60,-23]],[[67842,76516],[-1,-22],[242,-12],[55,-154],[-1,-31],[148,-46],[17,76],[40,25],[12,38],[63,38],[22,40],[70,-43]],[[68509,76425],[8,-37],[-28,-45],[-31,-5],[-21,-66],[-33,-10],[12,-42],[-10,-37],[16,-49],[-39,-20],[-37,-53],[0,-53],[-48,-38],[-3,-32],[20,-30],[-8,-50],[-131,2],[-4,-64],[28,-46],[244,67],[160,-468],[-301,-93],[-73,-250],[-22,-169]],[[68208,74837],[-340,27],[-2,34],[-49,28],[-294,5],[-284,5],[-326,6],[-127,-61],[-26,-87],[-11,-99],[-12,-36],[-51,-67],[-19,-43],[10,-27],[88,-119],[8,-45],[29,-111],[-19,-89],[23,-58],[-28,-95],[6,-54],[-15,-88],[12,-43],[-27,-63],[4,-33],[-42,-43],[-110,-53],[-33,-60],[-36,-12],[-138,2],[-40,-2],[-69,-37],[-42,-39]],[[65996,82687],[15,-40],[95,169],[37,16],[26,-10],[72,76],[5,74],[54,52],[-23,50],[29,36],[70,-27],[37,-67],[-16,-40],[29,-37],[1,-115],[-52,-59],[-95,-27],[11,-38],[50,-36],[13,19],[55,-56],[-30,-55],[-21,-66],[6,-34],[-35,-25],[-25,-53],[1,-79],[-45,-136],[-26,-103],[13,-47],[27,-18]],[[66274,82011],[42,-30],[127,28],[29,-30],[59,-128],[-29,-64],[2,-33],[59,-78],[26,-12],[76,21],[2,-69],[74,-55],[-5,-35],[-28,-30],[0,-67],[-42,-3],[-13,-49],[8,-36],[-16,-104],[-21,-25],[27,-8],[195,-25],[290,-321],[0,-1],[-3,-206],[-3,-260],[58,-26],[93,-65],[85,67],[-13,52],[55,22],[19,37],[51,38],[24,-16],[88,45],[21,38],[15,9],[84,-18],[71,-41],[41,27],[80,20]],[[67902,80580],[-15,-66],[-45,-58],[-14,-32],[4,-51],[31,-49],[6,-33],[-23,-69],[-26,-35],[18,-40],[-65,-50],[-42,-17],[-9,-35],[-32,-31],[9,-335],[2,-23],[114,17],[32,41],[56,15],[34,37],[56,9],[71,-40],[4,-29],[303,21],[-15,-77],[10,-167],[-20,-127]],[[68346,79356],[4,50],[-18,51],[-47,28],[-90,9],[-95,-55],[-26,-57],[-140,-151],[-79,-38],[-40,2],[-30,36],[-51,-8],[-53,15],[-219,-1],[-26,-10],[-1,-3],[-60,-23],[-49,23],[-43,-2],[-46,24],[-73,-32],[-65,-88],[-23,14],[-26,-24],[-88,-25],[-42,-27],[-58,0],[-320,-99],[-44,10],[17,-35],[-24,-81],[-22,-39],[-13,-113],[-48,-57],[-62,-59],[-7,-53],[-98,-118],[-96,-129],[-519,-143]],[[68346,79356],[-11,-170],[-16,-233],[-27,-131],[-64,-92],[-65,-54],[-102,-102],[-30,-22]],[[68031,78552],[-57,0],[-44,-56],[-160,-182],[-24,-15],[-36,-60],[-51,-32],[-131,-39],[-34,-47],[31,-105],[23,-24],[15,-63],[124,-216],[133,-124],[90,-56],[-42,-94],[-35,-19],[1,-114],[21,-324],[-13,-466]],[[66274,82011],[22,6],[-4,53],[83,285],[46,19],[60,-91],[28,20],[-6,41],[17,70],[35,68],[65,47],[26,40],[37,-27],[31,86],[41,54],[36,-39],[26,19],[-11,42],[71,127],[-21,74],[26,51],[18,-24],[-30,-146],[19,-80],[-10,-22],[12,-27],[51,-13],[9,59],[-23,47],[37,13],[-9,-107],[60,-41],[47,0],[37,21],[38,-55],[39,-7],[35,53],[26,17],[47,-40],[73,94],[60,41],[1,32],[46,22],[51,2],[38,-20],[-54,-71],[13,-94],[-80,-20],[-47,-116],[-46,-19],[-20,-71],[13,-31],[7,-66],[40,24],[35,1],[37,-59],[49,78],[20,50],[55,-63],[33,39],[56,23],[30,-40],[95,70],[15,-39],[-4,-41],[24,-25],[14,71],[32,14],[49,-122],[18,-22],[-12,-67],[-24,-48],[-47,41],[-81,2],[-61,-9],[-42,-59],[-57,-14],[-26,-45],[39,-21],[39,-1],[16,-26],[38,-14],[74,14],[-10,-49],[-23,-42],[-81,-60],[73,-11],[17,-18],[37,43],[71,10],[63,105],[40,-7],[64,-45],[-79,-71],[-26,-57],[20,-56],[-10,-37],[39,-19],[-24,-25],[-22,-8],[-5,-13],[36,-32],[62,37],[56,-17],[68,92],[27,-42],[-45,-81],[-67,-30],[-70,-57],[34,3],[24,26],[32,-14],[49,22],[38,-29],[24,37],[38,-109],[34,-54],[-2,-71],[10,-39],[-35,-43],[50,-39],[1,-48],[-62,-31],[-4,-121]],[[68236,80999],[-201,-235],[-39,-55],[-49,-45],[-32,-44],[-13,-40]],[[66887,82805],[25,40],[22,83],[24,-39],[-55,-86],[-16,2]],[[66884,82677],[14,43],[41,-15],[-9,-49],[-46,21]],[[67054,83005],[28,42],[50,-2],[55,-36],[-18,-48],[-59,38],[-56,6]],[[67214,82883],[-5,-24],[-23,-37],[-30,-2],[-67,60],[-16,76],[36,33],[52,-33],[14,-62],[8,-17],[9,-5],[10,3],[12,8]],[[67238,82958],[11,-91],[-39,-32],[0,24],[6,23],[-5,3],[-11,-9],[-16,6],[-6,42],[-9,18],[36,88],[54,-44],[-21,-28]],[[67295,82980],[47,-37],[-34,-35],[-55,-14],[-13,63],[17,13],[4,17],[-7,14],[-82,83],[-9,22],[27,36],[48,15],[50,-23],[21,-32],[-4,-16],[32,-7],[2,-23],[-10,-20],[23,-47],[-25,-20],[-32,11]],[[67480,83025],[12,-23],[-49,-22],[-65,37],[-19,37],[-19,13],[6,16],[-27,1],[-18,42],[-1,27],[55,-3],[101,-54],[28,-49],[-4,-22]],[[67585,82567],[53,43],[28,-1],[-71,-106],[15,-53],[-28,-42],[-51,14],[-20,31],[8,30],[60,39],[6,45]],[[67611,82497],[1,15],[59,85],[-24,69],[45,9],[22,-23],[12,-116],[-19,-19],[-96,-20]],[[67675,82368],[12,62],[23,39],[52,-37],[-21,-27],[-66,-37]],[[67943,81646],[21,9],[40,33],[31,-29],[-55,-43],[-37,30]],[[67983,81786],[1,19],[65,58],[28,-43],[-54,-25],[-10,-57],[-29,-3],[-1,51]],[[68043,81643],[-12,65],[7,38],[34,14],[27,-17],[12,-49],[-14,-53],[-54,2]],[[68208,74837],[188,-208],[-8,82],[372,1],[-40,-61],[-19,-5],[-16,-78],[-20,-47],[23,-26],[-34,-41],[15,-62],[44,-26],[-4,-51],[20,-44],[-11,-56],[12,-45],[-56,-74],[-35,-82],[-19,-5],[-27,-58],[-136,-66],[-25,25],[-16,-33],[-36,0],[-41,-78],[5,-43]],[[68344,73756],[-5,-29],[-42,-29],[-8,-28],[-78,-54],[2,-65],[-196,7],[-42,1],[-280,306],[-10,14],[-1,-43],[64,-56],[-42,-40],[30,-41],[12,-65],[-45,-93],[30,-72],[-26,-14],[-36,-103],[-39,30],[-1,-93],[-31,-13],[-63,-59],[-29,-68],[-21,-21],[-32,10],[-68,-53]],[[69303,70831],[139,-3],[3,20],[79,-12],[14,22],[144,16],[71,52],[9,37],[31,34],[0,47],[30,14],[17,18],[3,81],[-99,66],[-13,33],[30,40],[-7,41],[95,89],[68,13],[14,20],[85,39],[17,-94],[40,-9],[46,9],[-3,-85],[17,-8],[36,-80],[-34,-28],[12,-35],[-14,-44],[-21,-5],[-27,-59],[9,-23],[358,-12],[0,2],[729,-29]],[[71181,70998],[18,-30],[-1,-76],[33,-68],[46,-36],[6,-33],[-21,-65],[-36,-21],[-5,-60],[28,-33],[20,-75],[36,-31],[53,-2],[37,-14],[32,-44],[8,-93],[15,-28],[83,-46],[43,-59],[35,-23],[46,-5],[48,-67],[-2,-43],[18,-41],[-11,-64],[-20,-44],[46,-5],[21,-32],[-42,-38],[-24,-45],[2,-32],[-55,-89],[15,-85],[4,-84],[-39,-29],[-9,-28],[34,-18],[-44,-69],[11,-64],[-14,-45],[-43,-54],[-28,-98],[7,-24]],[[71532,69058],[-15,-55],[-72,-87],[-57,-23],[-22,-22],[-21,-57],[-26,-25],[-63,-17],[-41,6],[-42,34],[-38,5],[-44,-49],[-71,-32],[-50,-3],[-36,36],[-96,21],[-92,-10],[-19,-31],[-49,-39],[-78,-10],[-84,13],[-37,-54],[-55,6],[-10,-43],[-66,-22],[-56,16],[-25,-19],[-61,32],[-16,40],[-38,53],[-70,24],[-20,25],[-4,43],[-28,46],[-53,-19],[-33,37],[-51,25],[-36,42],[-80,38],[-59,-6],[-37,29],[-33,-14],[-57,6],[-50,-28],[-36,34],[-69,-62],[-79,-19],[-62,-55],[-77,16],[-34,-45],[-40,15],[-25,59],[-32,-1],[-40,-33],[-106,-4],[-47,-19],[-19,-58],[3,-46],[-42,-31],[-26,47],[-64,-4],[6,-45],[32,-45],[-37,-33],[-24,46],[-38,-75],[-53,-23],[-30,-53],[2,-75],[-64,-19],[-18,-88],[-57,-61],[-40,-20],[-25,5],[-8,-46],[-41,-79]],[[68351,68153],[4,-76],[-53,-69],[-41,-40],[-39,26],[-72,-30],[-37,7],[-55,-25],[-81,-65],[-54,-10],[-71,-56],[-55,-34],[-21,-59],[-36,-16],[-58,0],[-40,-79],[-97,-133],[-51,-15],[-10,-24],[-40,-14],[-38,-69],[-24,-92],[-56,-7],[-45,26],[-21,70],[-88,-39],[-15,18],[-69,29],[-14,-41],[-61,-22],[-10,-40],[-39,-52],[-32,-12],[-43,5],[-41,-63],[-22,-54],[-70,-8],[-22,-18],[-39,3],[-12,1]],[[68344,73756],[118,-48],[87,-7],[10,-35],[50,50],[61,-5],[23,64],[51,7],[32,-37],[2,-51],[56,15],[20,-17],[36,19],[20,-25],[-12,-50],[-57,-46],[20,-31],[46,-20],[9,-47],[72,4],[25,-23],[44,6],[31,33],[32,-7],[26,-47],[49,-36],[7,-54],[53,-52]],[[69255,73316],[-109,-291],[-33,-5],[531,-300]],[[69644,72720],[-77,-25],[-41,-29],[-52,-12],[-36,-49],[-30,-45],[-2,-44],[14,-47],[-14,-36],[48,-110],[-24,-70],[6,-115],[28,-51],[45,-20],[35,-32],[-12,-26],[-60,-63],[-90,-37],[-23,-54],[4,-63],[-14,-35],[-30,-6],[-16,-35],[-32,-23],[-49,-89],[-47,-33],[-15,-41],[-55,-25],[-2,-19],[-56,-21],[-24,-68],[-45,-14],[-55,-46]],[[68031,78552],[33,-37],[4,-29],[55,-60],[28,-48],[228,-192],[6,-53],[-31,-28],[33,-35],[-31,-77],[4,-35],[-18,-33],[-37,-11],[694,-22],[244,-9],[637,254],[-35,-58],[-24,-19],[18,-91],[-37,-27],[-25,-85]],[[69777,77857],[-12,-58],[36,-46],[48,30],[23,-30],[25,-63],[2,-50],[41,-21],[27,-54],[-61,-72],[21,-31],[272,-467],[-311,-807],[-2,0]],[[69886,76188],[-389,-69],[-1,-3],[-74,-67],[-28,-11],[-114,414],[-378,30],[-29,-182],[-49,-46],[-31,-3],[-284,174]],[[68236,80999],[-2,-106],[67,2],[85,-74],[12,-49],[22,-11],[51,-67],[22,-128],[39,-90],[24,-100],[-45,-60],[8,-41],[-40,-80],[-31,-17],[-32,7],[87,-109],[103,-123],[27,0],[56,36],[156,12],[27,16],[87,25],[15,5],[59,30],[18,37],[91,46],[25,-6],[57,23],[89,-14],[19,-89],[-104,-4],[-84,-42],[35,9],[50,-20],[73,-2],[130,-8],[42,-42],[-52,-163],[-53,-82],[46,13],[37,59],[98,96],[63,125],[26,78],[61,67],[20,37],[63,64],[109,57],[85,-89]],[[69977,80227],[-26,-69],[-9,-59],[103,-65],[62,-72],[6,-46],[-22,-34],[-35,-86],[17,-33],[-16,-24],[43,-23],[10,-41],[-17,-49],[-68,-36],[-38,-39],[-27,-6],[315,-857],[57,-195]],[[70332,78493],[61,-239],[-155,-104],[-423,-294],[-38,1]],[[69886,76188],[14,-30],[111,-108],[41,-57],[22,2],[49,-66],[50,-36],[5,-37],[-7,-90],[14,-31],[-27,-51],[38,-58],[-26,-94],[6,-62],[-19,-30],[17,-25],[188,100],[35,-10],[163,-93]],[[70560,75412],[135,-209],[-354,-208],[-426,-255],[-11,33],[-35,-2],[-17,26],[-42,-9],[102,-148],[77,-97],[44,-41],[48,-80],[13,-57],[40,-24],[27,-43],[-51,-48],[-41,-99],[-18,-10],[-9,-49],[-24,-28],[-37,-9],[-44,44],[-52,21],[-50,-18],[-50,-3],[-216,-31],[-15,-17],[31,-72],[-34,-51],[-14,-81],[5,-51],[-24,-52],[49,-44],[-3,-87],[-41,-32],[-21,-86],[-36,-58],[-63,-38],[-67,-22],[-48,-46],[-33,-15]],[[69644,72720],[54,-35],[20,-34],[71,-16],[77,115],[53,26],[55,-14],[41,7],[54,48],[84,-9],[47,-17],[26,-25],[15,-57],[44,-14],[51,15],[86,-59],[25,31],[-9,62],[303,117],[253,103],[321,195],[64,4],[24,384],[347,70]],[[71750,73617],[81,-115],[-22,-84],[8,-50],[34,-109],[-3,-65],[13,-49],[34,-44],[17,-125],[18,-31],[8,-87],[-17,-61],[-56,-64],[9,-73],[21,-50],[-4,-72],[-30,-99],[-42,-33],[-59,-27],[-35,-48],[-43,2],[-29,-16],[-28,-82],[-35,-34],[-73,-23],[-16,-88],[-39,-34],[-24,-43],[-14,-65]],[[71424,71948],[-46,-47],[-8,-48],[-29,-37],[-22,6],[-75,-18],[-34,-39],[-11,-38],[38,-53],[-20,-73],[24,-132],[-9,-34],[-36,1],[-14,-36],[4,-96],[12,-47],[-13,-46],[44,-96],[-8,-25],[-48,-63],[8,-29]],[[70560,75412],[391,371],[140,138],[65,-24],[279,-51],[138,-29],[334,-84]],[[71907,75733],[-52,-82],[-55,-25],[-4,-40],[31,-32],[-18,-25],[-87,1],[-24,-21],[-97,-119],[-19,-49],[3,-105],[12,-80],[39,-79],[-5,-44],[-2,-64],[29,-28],[45,11],[64,-47],[52,-50],[17,-41],[-13,-81],[58,-41],[-23,-86],[-37,-71],[14,-54],[-6,-32],[-108,-188],[-83,-68],[-17,-37],[26,-51],[44,-36],[-2,-61],[-46,-36],[-23,-47],[4,-47],[54,-71],[57,-47],[11,-48],[-5,-72],[9,-23]],[[70332,78493],[54,51],[3,31],[58,-31],[50,-4],[29,60],[37,31],[42,-9],[318,-111],[178,-74],[447,-186],[168,-127]],[[71716,78124],[278,-211],[483,-347],[332,-239]],[[72809,77327],[-20,-14],[-11,-67],[-55,-33],[-11,-68],[-68,-86],[-32,-45],[-85,-35],[-19,-68],[-45,-49],[-14,-5],[-90,-107],[-14,-50]],[[72345,76700],[31,-85],[-11,-48],[-23,-25],[5,-53],[22,-37],[-40,-37],[-92,-192],[-12,-70],[-38,-48],[-60,-33],[-47,-40],[-12,-51]],[[72068,75981],[-18,-45],[-40,25],[-27,-22],[-15,-54],[-26,-48],[-35,-104]],[[69977,80227],[-29,48],[81,170],[28,24],[118,49],[85,71],[41,22],[64,-29],[50,-47],[52,-118],[32,-93],[55,-104],[20,-17],[28,42],[69,48],[38,13],[80,-3],[53,12],[18,-19],[74,-22],[13,11],[71,-12],[140,-48],[137,-54],[51,-38],[132,-62],[53,-37],[142,-79],[12,-13],[155,-76],[235,-136],[83,-60],[110,-43],[45,10],[12,-41],[36,-30],[54,-6],[4,28],[-46,1],[-19,25],[46,24],[108,-141],[35,-35]],[[72543,79462],[-193,-651],[-26,-42],[-60,-10],[-25,-68],[-11,-71],[-37,-110],[32,-51],[16,-50],[-6,-43],[-18,-47],[-2,-127],[-20,-34],[-65,-28],[-71,-179],[-69,-33],[-272,206]],[[72543,79462],[67,-63],[102,-75],[49,-27],[99,13],[55,-86],[14,50],[92,-41],[163,-15],[84,39],[22,25],[38,-30],[68,-4],[87,65],[42,-1],[-13,-46],[28,-43],[3,45],[126,-35],[108,0],[67,13],[34,-3],[75,-142],[37,-28],[37,92],[68,-23],[52,10],[27,-9],[102,1],[88,-16],[71,0],[34,-47]],[[74469,79081],[-27,-42],[-59,-42],[1,-135],[-39,-21],[0,-72],[-9,-40],[40,-77],[24,-24],[56,-48],[32,-85],[-53,-67],[-12,-66],[-29,-38],[-75,-39],[-12,-26],[-63,-87],[-45,-10],[-30,-40],[1,-57],[-29,-35],[-10,-92],[-58,25],[-38,-101],[-11,-13],[-65,-55],[-55,3],[-119,-29],[-74,-4],[-44,-38],[11,-35],[70,-16],[4,-27],[-66,-40],[-5,-58]],[[73681,77550],[-42,-35],[-25,-71],[-85,-10],[-25,-31],[0,-51],[-17,-27],[-90,11],[-70,-26],[-47,-21],[-65,48],[-38,1],[-78,-41],[-35,17],[-34,-64],[-33,-3],[-9,43],[-44,5],[-18,-37],[-43,-35],[-26,5],[-34,44],[-14,55]],[[53125,36727],[42,-15],[37,10],[88,-11],[40,14],[37,-32],[58,4],[54,-12],[12,-37],[62,-7],[44,-65],[23,-12],[8,41],[30,34],[26,-4],[41,33],[26,-16],[102,22],[14,19],[52,-14],[48,3],[33,-17],[82,-13],[9,-28],[51,1],[42,-59],[36,-8],[44,-46],[53,-8]],[[54319,36504],[58,-23],[-14,-25],[-3,-106],[-26,-47],[5,-65],[33,-93],[-41,-129],[10,-21],[-10,-60],[-51,-121],[-7,-38],[56,-48],[61,-86],[0,-69],[14,-12],[49,-109],[5,-66],[25,-68],[57,-54],[92,-1],[45,25],[29,87],[59,-18],[-8,64],[17,36],[41,-28],[58,-70],[47,14],[67,66],[28,59],[28,31],[-13,69],[42,38],[8,31],[40,18],[22,-41],[72,-56],[28,-47],[26,12],[37,-15],[46,10],[52,-7],[42,-19],[112,-34]],[[55557,35488],[-64,-46],[-22,-47],[8,-106],[-15,-22],[10,-42],[26,-26],[-5,-80],[17,-27],[-40,-44],[-21,15],[-27,-30],[-60,-35],[-33,-52],[-53,-56],[7,-41]],[[55285,34849],[-72,2],[-40,-17],[-76,-5],[-41,-33],[-75,4],[-38,21],[-89,37],[-52,11],[-73,-16],[-90,28]],[[54639,34881],[-77,80],[-52,30],[-59,4],[-44,-10],[-51,8],[-49,21],[-43,2],[-65,-26],[-101,25],[-34,-16],[-66,12],[-79,65],[-47,65],[-49,51],[-82,41]],[[53741,35233],[-38,17],[-59,-41],[-41,-1],[-61,-35],[-38,-9],[-35,-6],[-61,-103],[-25,-14],[-34,-23],[-58,-94],[-56,-21],[-56,-11],[-59,-25],[-106,-17],[-74,-54],[-59,-24]],[[52881,34772],[-53,-48],[-40,-10],[-48,-9],[-9,-23],[-48,-30],[-30,-42],[-48,-13],[-70,-126]],[[52535,34471],[-38,96],[27,60],[3,68],[-34,82],[0,22],[41,89],[7,48],[-42,93],[3,87],[-9,77],[-24,44],[-13,35],[27,53],[-40,55],[17,42],[2,72],[107,223],[6,41],[55,20],[36,-26],[35,3],[13,24],[2,58],[-15,43],[-69,109],[-2,37],[32,39],[32,9]],[[56161,38187],[-26,-77],[4,-56],[-45,-37],[-1,-53],[-27,-67],[10,-123],[-32,-42],[-25,-80],[11,-24],[43,-18],[49,6],[32,-45],[31,15],[66,-7],[8,-111],[-36,-109],[52,24],[126,4],[75,12],[7,-65],[-16,-87],[23,-71],[23,-14],[29,-52],[-21,-57],[-32,-4],[-24,-27],[25,-29],[-39,-31],[4,-55],[-45,-33],[-40,15],[-31,-22],[-49,13],[-22,32],[-32,10],[-40,-24],[-12,25],[-36,-4],[-25,-41],[8,-57],[-25,-73],[-19,-18],[-17,-59],[-6,-79],[-38,-33],[-52,2],[-16,47],[-49,9],[-43,-68],[2,-54],[-57,-145],[-35,-26],[-54,28],[-51,-21],[-53,3],[-27,-27],[-24,28],[-5,50],[-36,1],[-34,87],[2,30],[-27,27],[-124,-7],[-40,-32],[-11,-49],[-63,-47],[-44,28],[-47,61],[-29,-19],[-35,9],[12,53],[-85,19],[-30,-34],[-78,2],[-59,-34],[-51,35],[-35,40],[-90,1],[-47,53],[-46,24],[-4,47],[-25,48],[-38,26],[-55,-83],[-34,2],[-56,-73],[-28,-58],[-6,-38]],[[59499,38606],[30,-37],[36,-19],[9,-66],[28,-43],[62,-12],[21,-96],[36,-31],[8,-37],[-89,-53],[-1,-56],[-26,-51],[-50,-12],[-71,-98],[-69,16],[31,-60],[14,-59],[-14,-80],[10,-69],[-34,-51],[29,-55],[-2,-26],[35,4],[43,-28],[38,8],[59,-16],[42,4],[67,23],[51,-4],[47,-68],[18,-91],[-39,-87]],[[59818,37356],[-28,-29],[18,-27],[47,-29],[51,-105],[-9,-104],[-58,-49],[-61,40],[-29,-32],[-42,54],[-26,7],[-75,-24],[-19,-38],[-20,-88],[-74,-11],[-39,-2],[-52,-29],[-18,39],[-25,-13],[5,-21],[-23,-75],[26,-107],[7,-99],[-21,-61],[24,-81],[-37,6],[-21,-33],[-43,-33],[-1,-48],[-31,-70],[-48,27],[-13,47],[9,65],[-20,24],[-9,51],[-67,33],[-133,16],[2,60],[-49,68],[-36,26],[-43,55],[-83,30],[-6,-60],[-90,-46],[-10,-20],[16,-49],[-30,-25],[-60,-24],[-91,-119],[-73,5],[6,-37],[38,-43],[-33,-89],[-24,5],[-4,-63],[17,-74],[-35,-41],[-101,10],[-29,-44],[-8,-87],[33,-16],[-19,-41],[-74,-62],[-5,-23],[-42,-3],[-39,-24],[-46,-3],[-28,22],[-45,-19],[-29,-36],[-25,-26],[-40,-4],[-45,16],[-40,31],[-50,-4],[-116,17],[-57,-29],[-10,-24],[-38,12],[-25,-11],[-2,-39],[45,-39],[-34,-42],[-53,25],[-39,-27],[-39,-4],[-86,17]],[[57289,35659],[-1,-25],[-43,-28],[-41,5],[-15,52],[-22,26],[-74,30],[-19,-8],[-62,15],[-81,-3],[-53,-18],[-67,33],[-45,-21],[-40,-49],[-66,-17],[-32,26],[-47,-19],[-18,18],[-113,59],[-24,-13],[-20,37],[-83,40],[-9,18],[-77,23],[-65,-16],[-29,9],[-26,17],[-62,-8],[-17,15],[-68,-15],[-76,-80],[-6,-57],[5,-94],[-70,-110],[-122,-12],[-50,8],[-94,-9]],[[57289,35659],[7,-79],[31,-60],[-9,-49],[-46,-36],[-20,-41],[29,-134],[39,-48],[8,-32],[-25,-63],[12,-35],[62,-16],[34,5],[27,-24],[2,-32],[64,-16],[33,-68],[63,2],[42,-15],[32,-37],[60,55],[71,32],[23,-11],[13,-46],[34,5],[57,-28],[-25,-50],[13,-52],[-41,-120],[3,-59],[18,-6],[35,-128],[24,-49],[-21,-34],[16,-28],[-27,-29],[10,-78]],[[57937,34255],[-38,10],[-85,-13],[-74,-61],[-43,-17],[-134,20],[-48,27],[-60,-9],[-54,-24],[-90,8],[-74,-47],[1,-101],[-40,-58],[-30,-63],[-8,-80],[27,-56],[-8,-97],[19,-61],[4,-49],[-33,-90],[-39,-20],[-64,53],[-74,49],[-16,43],[10,48],[5,230],[9,41],[-20,145],[-25,89],[-17,22],[-89,41],[-76,-11],[-50,-148],[-61,-126]],[[56662,33950],[-40,-59],[-55,-34],[-28,-35],[-27,-7],[-42,26],[-49,-1],[-43,61],[-31,63],[-12,78],[-37,74],[-34,86],[-11,122],[-7,42],[5,114],[24,110],[29,33],[47,-7],[32,19],[-2,78],[-34,20],[-71,5],[-31,-10],[-47,-39],[-52,-16],[-171,14],[-43,12],[-84,73],[-15,64],[-30,31],[-82,23],[-17,-13],[-53,4],[-50,-16],[-43,-31]],[[55558,34834],[-20,-8],[-171,4],[-82,19]],[[59818,37356],[13,-19],[71,-30],[34,-41],[23,-65],[78,-92],[37,15],[34,-8],[-40,-71],[-16,-56],[46,-47],[16,-66]],[[60114,36876],[-75,-67],[-25,-2],[-9,-45],[-63,-24],[0,-70],[13,-27],[25,-26],[106,-44],[36,-68],[62,-55],[65,3],[43,-45],[33,35],[56,-28],[85,13],[8,-64],[-19,-138],[56,-7],[33,-100],[9,-64],[18,-20],[-135,-259],[-26,-72],[-89,-21],[35,-86],[-22,-128],[21,-57],[23,-24],[39,-89],[46,-66],[93,-13],[38,67],[105,47],[58,93],[66,37],[106,-48],[33,-4],[78,-43],[66,-4],[55,-24],[-15,-139],[-19,-42],[-32,-32],[21,-31],[37,-13],[13,-98],[-2,-36],[-81,0],[-26,-27],[-131,6],[8,-57],[36,-13],[131,-98],[35,-51],[47,-98],[12,-67],[32,-35],[88,-20],[44,12],[42,-14],[3,-32],[41,-26],[64,23],[48,-29],[73,-4],[55,-39]],[[61685,34379],[4,-50],[-14,-56],[-41,-56],[6,-28],[47,-51],[9,-35],[-78,39],[-84,-4],[-48,27],[-21,-64],[75,-34],[-31,-25]],[[61509,34042],[-49,26],[-59,-5],[-61,-54],[-31,16],[-47,-12],[-58,20],[-22,-18],[-117,-19],[10,-109],[-26,-36],[80,-44],[-87,-24],[-24,2],[-30,55],[-3,65],[-19,18],[-53,-22],[-45,52],[-43,-9],[-27,20]],[[60798,33964],[-42,52],[-22,104],[-76,38],[-28,56],[-50,31],[-56,25],[-27,48],[-80,17],[-17,35],[-52,48],[-9,48],[43,32],[-26,55],[-21,16],[-44,78],[-28,-19],[-37,-6],[-20,-28],[-55,0],[-39,-27]],[[60112,34567],[-76,-5],[-23,-37],[-3,-39],[-43,-41],[-50,-16],[-74,73],[-10,51],[-25,31],[-54,33],[-46,-24],[-68,7],[-90,4],[-65,-27],[-38,17],[-16,-8],[-36,-65],[-2,-36],[31,-34],[-20,-80],[-12,-57],[-55,-70],[-75,48],[-18,34],[-6,90],[-65,66],[-19,-4],[-15,-31],[2,-61],[-40,-95],[-28,-26],[-33,12],[-33,-55],[-60,-28],[-63,7],[-46,40],[-46,20],[-16,49],[-50,25],[-6,48],[-46,86],[-54,45],[-41,-14],[5,-35],[-22,-79],[55,-69],[21,-56],[-17,-22],[-64,-24],[-69,20],[-20,34],[-43,27],[-131,-21],[-67,26],[-101,-29]],[[58126,34272],[-55,-22],[-73,-9],[-61,14]],[[60475,39314],[0,-39],[46,-60],[-6,-47],[85,-9],[51,-40],[-24,-63],[-44,-20],[13,-33],[95,-100],[-47,-71],[12,-88],[18,-5],[43,-86],[-14,-51],[14,-34],[-25,-65],[-2,-61],[-21,-13],[3,-87],[52,-10],[20,-27],[-10,-43],[-27,-10],[4,-41],[-44,-5],[-8,-51],[-26,-64],[3,-75],[12,-38],[70,-59],[9,-39],[32,-14],[18,-66],[22,-2],[-28,-34],[-57,-36],[-23,-44],[30,-91],[-8,-64],[33,-62],[-9,-60],[48,-7],[-20,-38],[-2,-41],[-60,-1],[-77,-78],[36,-25],[-38,-49],[-4,-87],[-32,-23],[-29,-56],[-27,-21],[14,-52],[-8,-52],[-23,-24],[-4,-45]],[[60511,36808],[-31,-21],[-18,24],[-51,12],[-16,-43],[-28,36],[-33,16],[-33,-19],[-92,73],[-31,-15],[-64,5]],[[60511,36808],[32,-17],[94,24],[41,-17],[16,-41],[-6,-39],[42,6],[57,37],[75,-25],[34,29],[98,-65],[53,-60],[61,16],[35,-22],[29,14],[9,-85],[27,24],[37,-7],[71,-80],[30,-61],[26,22],[31,-55],[29,-14],[20,22],[6,-39],[54,-21],[42,52],[29,0],[32,-37],[58,-5],[5,-27],[37,-19],[31,-35],[193,60],[88,-48],[79,-16],[33,-39],[59,34],[122,-33],[34,-28],[112,57]],[[62466,36270],[12,-19],[87,21],[69,-62],[11,-87],[46,-92],[43,13],[42,-6],[84,37],[7,-49],[46,-78],[50,-2],[42,-35],[28,42],[33,12],[57,-11],[56,14],[29,26],[29,-56],[20,-82],[33,-12],[13,-28],[-53,-52],[15,-43],[37,-6],[7,-33],[24,-27],[67,9],[40,-39],[25,47],[42,-4],[20,54],[26,25],[30,99],[28,11],[49,-10],[54,-32],[45,18]],[[63759,35833],[21,-55],[-13,-70],[-24,-33],[12,-32],[-46,-27],[-5,-52],[-44,-50],[-8,-42]],[[63652,35472],[-90,-96],[-56,-27],[-51,24],[-58,-26],[-17,18],[-56,-73],[-24,-114],[-18,-10],[-30,-115],[2,-33],[-21,-52],[-26,-3],[-65,18],[-76,-8],[-37,21],[-40,32],[-26,-24],[-58,-26],[-35,9],[-38,-32],[-21,-95],[25,-30],[-8,-24],[-41,13],[-13,-20],[-43,-1],[-40,19],[-12,-25],[-91,34],[-37,-31],[-40,-14],[-95,42],[-28,33],[-30,1],[-36,-50],[11,-27],[-18,-49],[-52,45],[-31,-18],[-33,-70],[-23,-26],[-45,-13],[-11,-47],[18,-34],[52,-42],[-7,-27],[-51,13]],[[62132,34512],[14,-38],[-19,-82],[-85,-23],[-99,22],[-48,35],[-28,-8],[-93,25],[-30,-2],[-21,-52],[-38,-10]],[[61014,43067],[40,-27],[90,85],[29,19],[35,56],[75,39],[16,32],[64,27],[0,29],[100,52],[54,-15],[21,-124],[27,-46],[44,48],[28,-31],[-8,-76],[26,-23],[-9,-113],[-23,-21],[12,-61],[57,-107],[-16,-74],[62,-74],[47,-11],[73,-129],[17,43],[47,69],[60,33],[46,9],[47,-12],[12,54],[46,28],[83,96],[84,-20],[23,-65],[70,-76],[21,-47],[28,7],[64,-53],[57,15],[74,-11],[33,-28],[78,-15],[61,26],[14,-33],[51,-53],[34,-3],[45,-76],[111,-15],[77,-60],[44,-12],[73,52],[4,62],[35,15],[20,51],[-12,89],[-40,63],[16,30],[14,113],[59,55],[40,-13],[59,47],[53,10],[33,43],[10,40],[-23,71],[49,-35],[80,-8],[57,48],[38,15]],[[63750,43071],[61,-22],[57,-67],[40,40],[33,-9],[41,13],[0,-53],[60,-109],[-1,-108],[11,-27],[42,-33],[72,-8],[12,-26],[45,13],[-11,-49],[44,2],[28,-26],[-11,-36],[26,-25],[66,-33],[36,43],[70,-9],[105,24],[48,-38],[-9,-33],[34,-39],[28,-68],[104,0],[31,-60],[1,-82],[-16,-115],[-17,-7],[-68,21],[-26,-34],[39,-38],[43,-84],[41,-31],[34,21],[34,-38],[58,6],[23,-36],[-29,-33],[6,-36],[-95,-92],[29,-47],[-45,-55],[-11,-78],[-32,-7],[4,-178],[-34,-38],[-45,-99],[-36,7],[-13,-28],[34,-88],[63,-14],[44,-84],[118,-93],[51,9],[14,-31],[64,-80],[-10,-118],[-37,-42],[-45,-16],[-35,18],[-45,-49],[30,-50],[53,-58],[31,-52],[-27,-38],[1,-85],[-45,-60],[-34,-5],[56,-72],[9,-47],[-74,-16],[3,-54],[-43,-52],[21,-40],[11,-52],[-21,-14],[-18,-61],[51,-62],[62,35],[62,9],[70,-11],[27,-16],[7,-68],[117,-77],[21,-48],[48,-11],[75,18],[17,-33],[36,0]],[[65419,39619],[36,-44],[1,-61],[-65,-66],[57,-91],[1,-26],[-24,-69],[-35,29],[-56,26],[-40,-42],[13,-31],[35,-1],[-2,-60],[-51,-66],[-28,-67],[5,-30]],[[65266,39020],[-65,32],[-35,-8],[-70,-67],[-20,-50],[-38,-14],[-22,-49],[-53,-21],[-28,-57],[-97,-15],[-36,14],[-93,10],[-16,-27],[-72,-45],[-14,7],[-44,-38],[0,-38],[-61,-35],[-28,-66],[-42,-30],[6,-41],[-35,-55],[-5,-53],[16,-72],[30,-36],[8,-130],[-41,-69],[1,-67],[-19,-105],[-50,-36],[-14,-47],[-51,-24],[-9,-85],[-16,-47],[84,-56],[36,16],[17,-50],[-24,-118],[-51,-19],[9,-28],[-19,-32],[12,-33],[-55,-91],[-3,-37],[-51,-103],[33,-40],[-30,-20],[-4,-95],[-58,-32],[2,-56],[-27,-26],[-21,-108],[-31,-3],[-12,-90],[-17,-9]],[[64043,36626],[-14,-13],[-34,-85],[-20,-40],[-7,-127],[-22,-3],[-43,-73],[3,-64],[-17,-23],[-11,-41],[-29,-12],[-56,-144],[6,-52],[-28,-49],[8,-24],[-20,-43]],[[62466,36270],[-24,20],[-18,81],[14,39],[-17,48],[-11,71],[-24,17],[-11,51],[34,82],[61,-9],[34,30],[21,113],[98,35],[44,56],[-39,63],[-32,16],[27,51],[-63,86],[-10,48],[-78,78],[-9,54],[-2,-23],[-38,-53],[-61,-58],[-34,-48],[-28,-3],[-34,-46],[-37,23],[17,51],[-28,56],[7,47],[-31,81],[3,81],[-32,12],[43,44],[-22,42],[-65,77],[-96,24],[-39,81],[-31,25],[-10,50],[-26,38],[-33,116],[-6,44],[-34,37],[-33,16],[-17,69],[12,38],[-17,68],[43,79],[-1,62],[-71,3],[-77,67],[-37,46],[-3,50],[-28,6],[7,44],[-33,37],[-24,85],[-67,-12],[-16,18],[-8,63],[0,78],[-53,65],[12,76],[48,8],[-11,48],[36,-5],[48,32],[39,-13],[-35,86],[15,45],[-9,31],[-37,-9],[-46,-47],[-32,0],[-39,75],[-65,-38],[-89,22],[-34,73],[-1,45],[-28,23],[29,75],[0,54],[-24,15],[-43,102],[-58,28],[-18,49],[10,33],[-38,42],[-3,42],[21,13],[7,46],[20,54],[-3,34],[-38,-4],[-50,-86],[-34,-15],[-13,-50],[-69,-42],[-51,3],[-33,-45],[-3,-49]],[[64423,47156],[-2,-40],[-31,-36],[-32,-65],[23,-92],[61,-78],[61,-12],[49,32],[27,-18],[64,16],[62,43],[7,-55],[-54,-55],[-57,-84],[-27,-12],[-22,-46],[-37,-24],[-70,-21],[16,-45],[-56,12],[-7,-29],[-73,-36],[-24,-21],[73,-76],[20,-82],[49,-9],[28,22],[105,27],[68,-43],[58,-18],[17,-45],[13,-115],[26,-34],[-45,-60],[24,-37],[-2,-34],[22,-32],[-17,-81],[16,-46],[-14,-56],[23,-27],[6,-41],[31,-26],[-48,-36],[-39,-60],[21,-21],[70,-24],[43,-56],[48,-31],[13,-55],[75,14],[25,-40],[-2,-36],[20,-37],[60,-47],[11,-40],[35,-21],[19,-66],[47,-5],[-40,-42],[-74,-53],[-34,-64],[-21,-75],[46,-50],[2,-25],[68,-105],[34,-112],[-61,-87],[32,-59],[28,-116],[6,-84],[41,-65],[45,-48],[41,-10],[-52,-49],[-10,-30],[-34,-6],[-49,-54],[-24,52],[-47,7],[-29,46],[-26,15],[-58,-49],[-58,-5],[-27,19],[-35,98],[-76,76],[-100,44],[-45,45],[-15,52],[-40,14],[-20,-23],[-35,-1],[-1,-27],[-40,-8],[-11,-73],[8,-34],[-78,-170],[-4,-74],[16,-81],[-46,-29],[7,-113],[-13,-19],[-48,-14],[-23,-50],[-50,-19],[-80,-83],[-14,-30],[-32,-8]],[[64124,43540],[-65,-2],[-33,-26],[-81,-30],[-96,-58],[10,-54],[-33,-5],[-27,-43],[4,-40],[-36,-35],[-55,-9],[14,-39],[-3,-60],[27,-68]],[[61509,34042],[21,-26],[64,36],[101,-52],[49,-43],[19,7],[32,-134],[-5,-39],[72,17],[110,-33],[17,-38],[115,-86],[46,-22],[25,31],[60,-58],[11,-59],[54,-16],[24,35],[35,-13],[32,-46],[56,-32],[20,-24],[90,-41],[-25,-50],[22,-44],[-5,-39],[15,-48],[93,-65],[22,-54],[35,-8],[-1,-38],[22,-20],[58,-36],[22,-89],[19,-43],[7,-65],[23,-48],[45,18],[4,-79],[18,-10],[80,5],[30,-36],[45,16],[47,-10],[48,-60],[46,21],[28,32],[44,11],[65,-32],[57,39],[8,37],[32,41],[29,104],[26,6],[26,61]],[[63542,32923],[13,-39],[89,-12],[35,-48],[33,5],[26,-28],[0,-46],[47,-17],[6,-28],[42,2],[73,-116],[20,-16],[40,16],[29,-12],[48,-56]],[[64043,32528],[1,-68],[67,-89],[34,-7],[23,-27],[-1,-36],[-24,-68],[11,-35]],[[64154,32198],[-29,-93],[-24,29],[-68,51],[-34,-10],[-52,74],[-29,22],[-43,-22],[-30,3],[-14,-34],[-30,-18],[-46,0],[-46,33],[-128,-93],[-7,-67],[29,-35],[53,19],[37,-55],[-10,-30],[-36,-41],[-38,-60],[-5,-27],[47,-30],[-5,-40],[-38,-30]],[[63608,31744],[-84,-94],[-16,-99],[-16,-56],[-23,-44],[-73,-31],[1,-37],[-62,-17],[6,48],[-41,71],[-20,0],[-29,91],[-41,38],[-36,3],[-30,45],[10,27],[-26,45],[-62,5],[-97,39],[-36,-6],[-40,66],[-79,25],[-54,-12],[-11,15],[-72,2]],[[62677,31868],[-16,43],[-60,25],[-16,37],[-41,14],[-24,-15],[-73,-12],[-12,-24],[6,-62],[17,-33],[57,-30],[-4,-35],[-31,-40],[-97,-11],[-19,-16],[-81,-3],[-50,-33],[-24,59],[-46,44],[-50,7],[-52,86]],[[62061,31869],[17,81],[26,26],[-20,28],[-47,98],[20,42],[-29,37],[-50,-12],[-12,-35],[-67,-49],[-19,5],[-81,-49],[3,-48],[-53,7],[-49,-25],[-30,60],[19,65],[-38,9],[-27,32],[-23,-6],[-63,79],[-45,54],[-6,31],[-50,79],[-51,11],[-36,72],[-47,88],[-32,10],[-62,64],[-35,27],[-61,18],[-58,86]],[[61055,32754],[11,55],[-4,48],[-29,14],[10,45],[-32,21],[-39,123],[11,12],[-8,49],[-27,60],[-124,48],[-33,36],[-44,22],[-26,31],[-68,50],[9,39],[-13,45],[19,32],[-18,63],[-7,86],[30,42],[-1,41],[21,63],[27,23],[40,61],[34,80],[4,21]],[[62061,31869],[-14,-41],[-28,-35],[30,-20],[-30,-97],[-28,-12],[-15,-43],[-52,4],[-66,-10],[-34,10],[-50,-18],[-9,-60],[-42,-42],[-6,15],[-37,3],[-23,-22],[0,-40],[-28,-11],[-4,-35],[-58,-120],[-28,-31],[3,-85],[-36,-13],[-49,35],[-11,-20],[-78,-15],[-32,39],[-23,-11],[-30,-118],[3,-25],[-42,-50]],[[61244,31001],[-42,41],[-29,80],[3,32],[-27,25],[-5,62]],[[61144,31241],[-14,51],[-57,43],[24,41],[-14,17],[-46,-3],[-49,63],[-10,47],[15,36],[-34,54],[27,53],[-44,64],[8,49],[-14,27],[-1,54],[-21,51],[31,93],[-20,30],[-62,47],[-22,30],[6,36],[-44,12],[-31,33],[-32,69],[30,76]],[[60770,32314],[29,73],[-21,71],[25,20],[20,46],[36,8],[14,60],[-6,42],[37,34],[2,38],[43,-13],[74,-1],[32,62]],[[62677,31868],[-10,-17],[17,-51],[-4,-87],[33,-48],[-13,-31],[25,-30],[70,-8],[15,-24],[-27,-38],[11,-50],[-21,-8],[0,-47],[-48,-21],[-56,12],[31,-62],[24,0],[38,-36],[28,-6],[19,-51],[48,-52],[43,0],[7,-51],[-19,-67],[10,-66],[81,-61],[-39,-33],[10,-21],[-7,-62],[-27,-16],[-26,-51],[23,-4],[43,-61],[-11,-12],[-108,-14],[-32,-29],[-46,-3],[-77,-113],[-56,-32],[13,-44],[41,-69],[22,-5]],[[62702,30399],[-37,-8],[-40,-27],[-47,44],[-89,6],[-12,71],[-52,-9],[-38,-75],[-63,-31],[-35,61]],[[62289,30431],[26,43],[-47,52],[16,48],[-6,27],[23,30],[1,50],[-22,21],[-2,37],[-33,-3],[-48,18],[-39,42],[-57,-42],[-30,38],[-22,47],[-23,3],[-21,45],[1,35],[1,41],[-42,9],[-20,-36],[-39,-22],[-18,-42],[-30,21],[-53,2],[-49,47],[-5,39],[-37,-27],[-18,-5],[-90,20],[-10,-42],[-46,-17],[-27,-36],[-37,-6],[-19,-23],[-90,-22],[-66,20],[-44,-21],[-48,17],[-19,63],[26,33],[-7,35],[25,31]],[[62132,34512],[69,-46],[31,-5],[36,40],[54,-29],[52,-7],[37,9],[23,67],[24,22],[61,-28],[64,-71],[39,17],[63,-90],[2,-39],[55,-53],[-2,-23],[56,-98],[17,-12],[14,-65],[20,-25],[57,22],[36,-53],[63,-55],[13,-68],[-10,-22],[43,-67],[25,12],[52,-43],[-7,-53],[42,-38],[88,-29],[35,-51],[34,-28],[-6,-23],[72,-39],[49,-9],[30,50],[30,-13],[47,6],[18,34],[33,-2],[57,53],[-62,20],[3,56],[25,3],[7,70],[16,-3],[99,75],[54,-39],[47,-99],[31,-18],[16,-34],[42,-51],[-14,-42],[-45,-33],[-18,-36],[0,-16],[10,-82],[-18,-92],[-49,-7],[-66,-59],[-11,-63],[10,-23],[-9,-141],[-41,13],[-73,-35],[-26,-43],[-14,-56],[-20,-2]],[[63211,29649],[39,-46],[25,13],[39,-44],[43,31],[64,-38],[-1,-31],[27,-38],[53,-15],[60,5],[66,24],[18,-5],[46,35],[-22,35],[-10,86],[17,47],[43,52],[35,45],[33,-65],[65,-22],[66,26],[16,19],[42,-3]],[[63975,29760],[7,-45],[-30,-26],[2,-75],[51,-26],[-52,-62],[2,-36],[-18,-64],[29,-52],[39,-44],[-22,-28],[12,-30],[23,17],[26,-23],[18,38],[100,-23],[12,-34],[39,-7],[-8,-41],[59,7],[252,59]],[[64516,29265],[-29,-43],[11,-31],[37,-16],[31,-100],[-15,-48],[129,21],[76,-9],[12,-46]],[[64768,28993],[-40,-39],[-63,-2],[-28,-29],[-61,5],[-53,-34],[-71,-13],[30,-49],[-49,-47],[1,-39],[-2,-47],[-21,-17],[-50,-35],[-34,-40],[9,-39],[-4,-54],[-44,-33],[-8,-66],[-13,5],[-63,81],[-44,16],[-31,-8],[-31,27],[-11,-55],[10,-30],[-30,-70],[-17,-94],[-27,-58],[8,-38],[6,-130],[-38,-45],[-5,-52],[-16,-7],[-44,35],[-110,55],[-13,-45],[-58,-16],[-36,-34],[-46,51],[-74,-26],[25,-66],[-42,-96],[-34,-95],[-31,-5],[-72,42],[-21,-47],[23,-54],[35,-47],[-32,-81],[-28,-33],[17,-9],[63,-73],[-54,-32],[-1,-25],[-54,-22],[8,-47],[-9,-51],[22,-9],[3,-50],[-13,-75],[14,-19]],[[63416,27083],[-38,-33],[-42,-15],[-36,-49],[-41,13],[-53,-28]],[[63206,26971],[-27,13],[-68,-6],[-62,-37],[-35,-32],[-22,32],[26,39],[-10,95],[-25,-15],[-80,0],[-146,-61],[-17,39],[-27,-6],[-38,-50],[-46,29],[-60,-42],[-25,12],[-42,61],[8,39],[-6,88],[7,24],[29,75],[64,57],[-4,15],[-62,14],[-20,23],[-45,9],[-127,46],[-9,53],[-33,6],[7,82],[115,19],[54,2],[-6,44],[-53,22],[-4,34],[37,6],[-36,62],[-21,63],[42,41],[-6,27],[-48,21],[-31,48],[-64,8],[-14,24],[-110,44],[27,60],[-42,5]],[[62151,28103],[-9,59],[-66,21],[-68,4]],[[62008,28187],[-33,8],[-74,55],[15,127],[-33,-8],[-45,83],[-7,42],[-36,13],[-11,27]],[[61784,28534],[39,26],[6,39],[-16,44],[38,44],[32,76],[22,83],[-7,21],[63,-13]],[[61961,28854],[8,-17],[53,21],[105,1],[22,11],[55,-37],[64,-12],[32,14],[87,62],[53,26],[85,-48],[91,32],[49,4],[20,27],[47,-9],[29,20],[18,-28],[33,-5],[40,102],[-1,84],[27,1],[67,63],[34,14],[3,89],[64,26],[33,49],[-7,49],[52,119],[37,26],[25,65],[25,46]],[[62702,30399],[58,2],[25,20],[70,24],[14,-60],[34,-37],[32,11],[57,-6],[32,15],[24,4],[10,-54],[65,-100],[47,-13],[46,-27],[-55,-133],[-16,-21],[22,-76],[-88,-59],[-4,-62],[43,-84],[55,-48],[40,1],[-2,-47]],[[61961,28854],[12,59],[60,17],[-20,107],[-26,7],[-24,39],[-60,-10],[-89,16],[-13,28],[56,18],[69,8],[-43,83],[23,38],[28,-4],[29,36],[78,-17],[-10,52],[-53,50],[-21,60],[1,30],[-31,30],[-11,50],[46,38],[13,40],[-40,82],[-52,33]],[[61883,29744],[87,115],[-3,31],[53,26],[0,72],[18,72],[-13,19],[19,77],[62,-21],[62,10],[-3,50],[26,14],[20,60],[62,43],[-13,31],[29,88]],[[63652,35472],[21,-36],[4,-49],[-17,-150],[33,-12],[-8,-45],[30,-28],[51,-80],[25,-12],[-1,-56],[25,-15],[15,-56],[20,-25],[53,-20],[38,-52],[-32,-42],[-9,-51],[59,-63],[-1,-19],[70,-96],[12,-58],[55,-9],[27,-40],[49,-100],[124,-68],[16,-52],[19,-4]],[[64330,34234],[-5,-39],[50,-59],[-23,-61],[5,-32],[44,-50],[51,17],[47,-15],[32,-27],[3,-32],[34,-22],[42,10],[49,-41],[29,-3],[-9,-32],[38,-38],[2,-33],[35,-37],[29,-76],[21,-19],[31,-64],[42,-17],[37,6],[27,-32],[36,-46],[32,-67],[-19,-109],[-23,-45],[15,-26],[-14,-46],[45,-27],[-5,-137],[44,-42],[37,-13],[-4,-44],[-65,-66],[52,-66],[26,-47],[-12,-46]],[[65086,32711],[-77,-47],[-46,39],[-91,-45],[-61,22],[-41,37],[-14,-15],[-100,-28],[-35,16],[-30,-16],[-17,-53],[-44,-9],[-49,22],[-39,-16],[-22,26],[-44,-2],[-69,-41],[-59,19],[-41,-39],[-137,-57],[-27,4]],[[63608,31744],[110,-40],[61,-38],[54,4],[92,-26],[28,-31],[74,14],[51,-24],[61,-118],[70,-27],[23,25],[30,-25],[58,-1],[37,-45],[-23,-54],[-51,-46],[-6,-54],[16,-24],[-16,-102],[23,-71],[-7,-43],[-25,15],[-95,-40],[-7,-20],[-57,0],[-26,-25],[-12,-85],[55,-94],[-52,-10],[3,-54],[41,-10],[4,-34],[27,-13]],[[64149,30648],[-7,-78],[-12,-15],[9,-86],[-22,-26],[17,-85],[-6,-81],[-52,-23],[22,-33],[-13,-77],[-38,12],[-45,-13],[40,-56],[-42,-41],[-13,-35],[-2,-46],[47,-70],[-29,-44],[32,-16],[-60,-75]],[[64124,43540],[18,-35],[43,-32],[10,-24],[57,-25],[26,44],[79,-56],[33,-36],[37,-2],[90,-122],[59,8],[67,94],[42,17],[32,-20],[82,20],[45,109],[102,37],[56,-8],[40,7],[38,-31],[21,-41],[42,-3],[97,58],[-20,-99],[57,-49],[43,12],[64,39],[94,18],[78,27],[26,31],[27,-27],[50,2],[16,25],[35,-8],[-6,26],[14,60],[53,26],[45,-9],[37,1],[45,47],[15,-55],[79,-41],[59,-16],[32,-40],[-33,-21],[-22,-81]],[[66028,43367],[45,-30],[20,-50],[84,-69],[52,18],[53,37],[49,62],[87,63],[-8,-155],[-37,-42],[-29,-7],[40,-82],[-8,-22],[-60,-61],[-30,-10],[-5,-54],[25,-11],[51,12],[35,26],[44,-30],[-10,-37],[-39,-6],[25,-60],[77,56],[15,29],[41,14],[58,56],[46,2],[31,-17],[-19,-103],[17,-50],[-33,-103],[1,-56],[51,33],[65,22],[29,-43],[-9,-29],[20,-41],[-33,-33],[-9,-48],[50,-81],[-69,-60],[-34,-47],[-99,-18],[-84,-54],[-13,-27],[-67,-22],[-8,-18],[-107,-4],[-40,-19],[72,-82],[-2,-78],[50,-29],[31,21],[25,-57],[-10,-43],[7,-53],[39,44],[9,44],[37,-8],[21,-25],[10,-59],[-9,-19],[44,-68],[26,-2],[57,-62],[-59,-24],[-7,-86],[7,-108],[41,-85],[39,-34],[37,-51],[7,-33],[-28,-94],[20,-10],[33,-57],[38,-4],[32,78],[27,-58],[6,-45],[42,-35],[39,25],[19,-18],[18,-64],[45,-45],[68,-5],[30,-18],[-2,-41],[-56,-85],[13,-64],[-33,-54],[12,-41],[-28,-73],[11,-28],[48,-14],[2,-32],[36,-38],[20,-54],[49,-40],[-8,-60],[41,5],[33,-25],[77,-4],[39,-13],[51,9],[1,-84],[-16,-17],[39,-49],[-32,-42],[-9,-68],[-25,-20]],[[67413,40019],[-10,-98],[5,-93],[-15,-77],[-42,7],[-73,-13],[-55,-29],[-28,-153],[-24,-41],[1,-42],[-37,-35],[-7,-101],[-47,7],[-28,-14],[-60,9],[-29,30],[-88,9],[-16,23],[22,57],[10,70],[-24,49],[24,30],[-37,29],[-52,-84],[-29,22],[-60,-53],[17,-40],[-42,-81],[-56,-19],[-44,-31],[-16,-33],[-34,44],[-44,-38],[-16,-52],[-40,-35],[-8,-47],[-41,-32],[-63,18],[-15,-8],[-39,51],[-23,-21],[-24,29],[-44,-4],[-57,90],[-21,-12],[-116,59],[-61,-10],[-119,99],[-9,90],[-36,69],[-127,69],[-1,46],[-37,39],[-78,-55],[-44,-5],[-43,-31],[-14,-58]],[[64768,28993],[43,-18],[26,-21],[-20,-32],[-50,-17],[-40,-39],[10,-47],[-51,-20],[31,-72],[-17,-54],[45,-23],[-26,-114],[41,-18],[14,30],[39,-24],[14,-73],[72,-4],[23,-25],[59,21],[23,51],[15,-9],[39,42],[31,-28],[65,-25],[31,-77],[-33,-1],[-52,29],[-36,-56],[19,-51],[-42,-52],[27,-10],[12,-43],[32,11],[46,-14],[-4,-27],[19,-85],[52,8],[-2,-52],[60,-2],[23,-27],[-13,-77]],[[65293,27948],[-39,-16]],[[65254,27932],[-40,-11],[-46,-38],[-15,-35],[-24,-40],[-171,-84],[-27,-75],[-22,-15],[-38,10],[-86,-7],[-62,-52],[-18,5],[-63,-40],[-18,0]],[[64624,27550],[-13,81],[-18,4],[-65,40],[-47,46],[-15,-4],[13,-23],[-34,-75],[-24,9],[-36,-39],[-52,-27],[-75,-9],[-13,11],[47,64],[-7,38],[-28,30],[-30,-44],[-41,-11],[-22,-35],[-105,-31],[-31,39],[49,95],[-6,57],[-34,10],[-37,-32],[-39,19],[-29,-19],[-23,-58],[14,-23],[27,-7],[40,-75],[-40,-30],[-58,9],[-17,-31],[-63,-30],[-20,-24],[-52,-12],[-20,-61],[30,-38],[22,-6],[86,43],[52,-4],[39,-91],[2,-31],[-40,-51],[34,-67],[-61,20],[-27,39],[-36,-32],[5,-79]],[[63826,27105],[-6,-26],[-42,-28],[-24,28],[-4,35],[-44,12],[-55,-19],[-22,-58],[-29,-26],[-40,-11],[-2,81],[-37,36],[-8,37],[-55,-72],[-42,-11]],[[64043,36626],[32,-47],[-17,-104],[47,-31],[45,-9],[37,67],[47,-18],[38,26],[29,-20],[32,14],[-16,-42],[107,-31],[32,21],[34,-11],[51,33],[69,19],[48,-48],[-36,-85],[26,-21],[119,5],[104,-32],[25,-73],[41,2],[31,-52],[51,-11],[37,2],[53,86],[44,1],[23,36],[24,-27],[43,22],[16,68],[35,52],[44,-38],[67,33],[5,55],[48,-25],[37,35],[11,62],[52,51],[3,37],[-22,71],[56,57],[-28,71],[-48,-1],[8,111],[13,42],[-17,70],[17,40],[-34,67],[29,65],[-11,31],[-65,35],[-52,-9],[-30,24],[56,51],[-45,118]],[[65388,37471],[67,18],[20,-66],[32,-10],[17,43],[43,-5],[4,-76],[55,-6],[29,32],[18,49],[105,-16],[26,10],[44,-14],[19,-36],[72,-32],[-11,-44],[50,-48],[14,21],[-8,42],[43,-1],[48,43],[19,-27],[40,24],[29,-14],[11,-40],[88,-11],[12,-18],[-9,-135],[43,-24],[7,-76],[-55,27],[-8,-56],[30,-22],[54,-12],[23,-31],[-18,-30],[31,-39],[67,-5],[-14,-31],[44,-51],[5,-45],[-27,-18],[-34,-71],[11,-44],[30,-33],[6,-35],[-36,-7],[9,-49],[33,-11],[-30,-74]],[[66436,36417],[-26,-8],[0,-43],[-23,-33],[-1,-44],[-49,-45],[2,-60],[-13,-72],[-28,-77],[-39,2],[-53,-41],[-11,-78],[-26,-26],[-8,-46],[-37,-26],[-26,-42],[-76,-33],[-9,-19]],[[66013,35726],[-34,10],[-25,-23],[-23,18],[3,51],[-30,16],[-56,0],[-32,-14],[-56,43],[4,-38],[-49,-52],[3,-41],[25,-48],[-13,-50],[-53,-3],[-75,-76],[-86,-44],[-5,-71],[-22,-27],[29,-80],[9,-62],[-9,-52],[9,-55],[-26,-78],[-50,-47],[-12,-45],[-90,-35],[-40,-65],[-39,9],[-48,-15],[-28,-56],[-18,-4],[-12,-58],[-25,-12],[-13,-80],[-51,-17],[-39,-53],[-32,21],[-43,-11],[-29,36],[-48,30],[-14,61],[-65,36],[-36,-23],[-31,32],[-77,4],[-52,37],[-1,15],[-33,7],[-61,-24],[22,-31],[-10,-46],[-88,-76],[38,-23],[-25,-63],[-31,-20],[17,-57],[-61,-18],[-12,-55],[45,3],[3,-39],[-40,-3],[-16,-26],[20,-102],[-46,-3]],[[64154,32198],[40,-34],[90,18],[28,-53],[11,-106],[36,-31],[43,8],[57,-13],[23,-42],[5,-50],[55,-54],[50,-73],[42,-18],[55,3],[32,-15],[18,-60],[30,-42],[-8,-20],[32,3],[41,27],[42,-6]],[[64876,31640],[20,-52],[-20,-13],[4,-100],[17,-46],[31,-12],[14,-33],[-19,-54],[-68,-1],[-35,-76],[-53,-67],[49,-34],[-14,-35],[-53,-55],[32,-50],[42,-35],[66,-15],[50,-40],[30,-49],[34,2],[2,-41]],[[65005,30834],[-23,-27],[-63,-22],[-49,-52],[-1,-34],[34,-52],[-73,-14],[-38,-23],[5,-40]],[[64797,30570],[-36,5],[-59,36],[-52,11],[-102,-9],[-20,-25],[6,-88],[-62,1],[-69,38],[-32,-11],[-46,42],[-18,64],[-85,44],[-53,-5],[-20,-25]],[[64704,47424],[8,-39],[56,-19],[34,19],[130,-54],[27,-55],[23,-84],[29,-15],[17,-34],[90,-55],[5,-55],[-31,-11],[-4,-45],[-23,-56],[-38,-27],[16,-58],[-23,-25],[14,-78],[45,-59],[10,-54],[51,-11],[79,-50],[60,-12],[79,0],[14,-32],[68,-9],[41,-49],[-7,-35],[20,-40],[-8,-27],[19,-36],[14,-190],[12,-37],[37,-28],[66,-78],[46,-31],[27,8],[38,-40],[60,-12],[24,-27],[24,6],[51,53],[59,24],[57,-30],[31,-63],[31,1],[-6,-58],[36,-29],[33,-57],[82,-84],[16,-35],[56,-29],[11,-64],[37,-43],[78,-38],[53,-62],[9,-35],[26,-25],[0,-35],[133,78],[57,-10],[31,13],[18,-51],[27,-33],[15,-51],[89,-29],[61,-71],[17,-54],[49,-29],[41,-9],[1,56],[-47,25],[-14,35],[8,122],[53,53],[55,4],[34,15],[29,-22],[-9,-43],[34,-35],[28,-59],[51,-41]],[[67274,45145],[37,-25],[17,-89],[-25,-37],[22,-59],[-55,-68],[9,-45],[-61,-51],[-32,5],[-44,-50],[-29,-57],[-3,-33],[-29,-30],[-59,-38],[-33,8],[-136,-79],[-99,-75],[-38,-29],[-34,-45],[-47,-13],[-17,-26],[105,-79],[-7,-74],[-20,-68],[-5,-54],[14,-28],[-2,-51],[19,-57],[-9,-31],[-34,-20],[-43,-67],[-47,-24],[-70,-67],[-43,-31],[-96,-48],[-13,-32],[-70,-29],[-113,-99],[-43,-20],[-94,-72],[-19,9]],[[65266,39020],[-22,-81],[-84,-87],[-12,-72],[43,-66],[-2,-50],[-28,-48],[-1,-85],[-20,-26],[-59,-15],[-45,-36],[-9,-50],[33,-42],[102,-28],[89,-100],[69,8],[15,-54],[-48,-57],[-5,-35],[18,-50],[-34,-73],[6,-69],[17,-38],[55,-73],[33,-72],[4,-39],[-30,-69],[-10,-51],[47,-91]],[[64797,30570],[89,-70],[53,-22],[30,-46],[63,-58],[5,-34],[-48,-37],[-26,-47],[-47,7],[-51,41],[-33,-60],[-5,-61],[-31,-12],[-65,18],[-23,-47],[-39,-49],[29,-41],[20,-3],[31,-68],[-39,-52],[7,-35],[-45,-26],[-178,-146],[-28,-59],[32,-74],[1,-102],[29,-45],[9,-52],[59,-48],[9,-49]],[[64605,29293],[-89,-28]],[[65086,32711],[41,-27],[51,-11],[42,5],[30,-22],[28,11],[46,-8],[33,-23],[-23,-36],[40,-77],[45,8],[43,-75]],[[65462,32456],[34,-46],[0,-104],[23,-40],[38,18]],[[65557,32284],[65,-112],[-3,-45],[25,-30],[-18,-39],[-86,-58],[-52,16],[-18,-17],[-2,-51],[-37,-25],[-31,57],[-43,22],[-38,-15],[-23,-35],[-17,-55],[15,-30],[-39,-36],[-96,-17],[-6,-46],[-38,7],[-66,-23],[7,-40],[-47,-25],[-27,6],[-36,-26],[-38,1],[-32,-28]],[[66013,35726],[28,-5],[22,-32],[38,7],[77,-145],[18,18],[37,-15],[51,-66],[-11,-104],[-29,-48],[38,-112],[-12,-41],[-36,12],[-32,38],[-67,4],[-13,-84],[14,-38],[-29,-15],[-25,-44],[39,-17],[-3,-60],[43,0],[43,-23],[-11,-28],[25,-26],[-26,-30],[4,-164],[-18,-29],[-61,-31],[-2,-83],[37,-48],[49,-30],[52,-3],[18,-40],[-6,-86],[-22,-31],[-13,-57],[9,-51],[33,-49],[45,-34],[4,63],[19,87],[21,-3],[18,84],[72,18],[38,22],[17,29],[53,27],[-16,52],[46,-55],[25,-2],[33,-44],[33,-4],[33,18]],[[66713,34428],[60,-44],[-6,-35],[38,-43],[-22,-52],[18,-62],[0,-46],[46,-20],[-5,-47],[37,-42],[-2,-19],[33,-66],[97,49],[52,12],[57,0],[32,3],[-1,-48],[-30,-55]],[[67117,33913],[-29,-36],[24,-53],[-35,-82],[-12,-53],[-45,-27],[-62,2],[-23,-71],[-15,-16],[-23,19],[-36,-14],[-67,3],[-27,35],[3,30],[-34,28],[-60,-72],[-41,14],[-32,1],[-26,-41],[-36,-14],[-32,8],[-23,-61],[-33,6],[-27,-43],[8,-69],[48,-51],[6,-56],[-4,-34],[-30,-38],[-2,-36],[-43,-47],[-64,-21],[-8,-34],[-40,20],[-31,-53],[39,-28],[16,-67],[-32,-23],[-58,-21],[-77,44],[15,-144],[31,-39],[-19,-11],[-65,28],[-21,-38],[-54,-51],[-30,27],[-49,17],[-21,-62],[-49,-4],[-1,35],[-29,28],[-51,-27],[-26,13],[-39,63],[-43,11],[-16,42],[-33,-1],[-19,52],[-16,-36],[14,-38],[-19,-54],[-61,-33],[-54,-231],[-26,-12],[-11,-41]],[[68778,48911],[-34,-1],[-77,-40],[-42,-97],[-31,-53],[-16,-79],[-42,-56],[-47,-5],[-20,-25],[-40,11],[-46,-19],[-52,-3],[-15,94],[-68,311],[-12,30],[-44,27],[-77,-5],[-35,-28],[-39,-76],[-61,-11],[-33,18],[-9,-41],[-59,-40],[21,-77],[2,-46],[-20,-49],[-50,-34],[-38,-62],[-11,-54],[-34,-12],[-31,50],[-30,16],[-58,-22],[-76,-52],[-31,-38],[-48,-6],[-12,-18],[-36,-5],[-41,-43],[-14,-39],[-37,-22],[-34,13],[-19,-41],[-51,20],[-41,0],[-16,-32],[28,-29],[5,-33],[-20,-51],[-28,-10],[31,-38],[-31,-60],[39,-28],[-27,-46],[-32,-28],[-22,-75],[41,-20],[13,-76],[-23,-51],[97,-111],[113,59],[29,28],[74,31],[26,26],[61,-7],[40,48],[41,3],[41,21],[33,37],[110,48],[16,38],[65,19],[95,-46],[28,-50],[68,-35],[34,-33],[-13,-48],[9,-62],[22,-38],[28,-7],[46,-134],[-12,-46],[49,-26],[50,-10],[9,-44],[12,-3],[-10,-54],[-32,-35],[9,-81],[-15,-69],[-34,-58],[-18,-126],[-46,-103],[-20,-22],[14,-39],[42,-35],[27,-48],[4,-37],[38,-31],[31,18],[146,-147],[4,-92],[-30,-59],[5,-97],[-10,-40],[15,-49],[-45,-81],[14,-66],[-77,-65],[-25,3]],[[68306,45970],[-31,24],[-27,65],[-34,-2],[-58,36],[-27,-13],[-34,-43],[-12,-42],[29,-7],[-20,-59],[-29,-32],[-6,-69],[-36,-55],[-25,-183],[-48,38],[-13,41],[-53,26],[-48,-66],[-13,-55],[-58,16],[-20,-9],[-9,-69],[-26,-61],[-51,-5],[-20,-37],[-30,-53],[-51,-11],[32,-67],[8,-119],[-50,11],[-21,38],[-46,-8],[10,24],[-18,46],[-46,40],[-57,-9],[-70,-43],[-28,-43],[13,-28],[-9,-42]],[[65005,30834],[48,19],[62,-17],[45,46],[46,-4],[30,13],[19,-29],[31,34],[46,-1],[35,-116],[46,-18],[52,-27],[34,-31],[4,-84],[-28,-66],[6,-57],[-28,2],[-3,-68],[25,-49],[-7,-22],[21,-57],[33,-56],[1,-53],[-21,-36],[127,-8],[27,7],[85,-17],[33,-19],[74,35]],[[65848,30155],[-15,-72],[-18,-27],[-5,-49],[21,-59],[-12,-121],[41,-112],[-68,-74],[24,-26],[-23,-10],[-40,30],[-136,-51]],[[65617,29584],[-17,55],[-65,6],[-25,24],[-35,110],[-22,-7],[-62,28],[-35,-36],[-56,10],[12,-57],[-2,-87],[14,-18],[-70,-56],[-72,-37],[-91,-67],[-58,-35],[-1,-17],[-63,-43],[18,35],[-14,66],[-187,-84],[-129,-44],[-52,-37]],[[65617,29584],[-41,-26],[-12,-109],[-20,-29],[-3,-41],[24,-45],[35,-13],[44,-131],[-5,-41],[17,-74],[-4,-25],[26,-51],[28,-15],[4,-37],[24,-26],[39,-4],[20,-43],[32,-19],[-2,-47],[41,-16],[21,-30],[7,-44],[45,-26],[73,17],[38,-42],[-12,18],[96,14],[18,18],[-11,42],[8,38],[94,32],[47,-5],[17,20],[60,-37],[2,-35],[36,-22],[46,25],[50,-18]],[[66499,28757],[-32,-113],[-16,-24],[-58,-31],[17,-77],[-34,-78],[-57,-26],[-19,-32],[-44,-26],[-3,-29],[27,-86],[-28,-20]],[[66252,28215],[-74,11],[-50,28],[-46,-40],[-30,4],[-101,-45],[-12,-29],[0,-1]],[[65939,28143],[-58,-64],[-20,10],[-33,13],[-66,-21],[-18,-43],[-36,-14],[-57,8],[-58,-56],[-55,25],[-138,-6],[-56,-36],[-51,-11]],[[65557,32284],[75,-17],[31,18],[28,-14],[83,-4],[-5,36],[25,19],[56,-9],[74,-38],[29,-64],[52,-25],[-6,-60],[31,-56],[33,-32],[82,-1],[22,60],[53,-49],[36,45],[20,64]],[[66276,32157],[26,-53],[37,-25],[44,-62],[-3,-63],[-17,-64],[11,-66],[-5,-36],[46,-20],[-7,-30],[16,-103],[23,-10],[4,-118],[-30,26],[-57,-26],[-23,-45],[-57,-11],[-15,-39],[27,-66],[-49,-58],[6,-32],[-56,-38],[19,-34],[62,15],[19,-71],[46,-50],[17,-48],[38,8],[12,-29],[33,-15],[12,-53],[-16,-32],[7,-37],[25,-12],[-9,45],[58,1],[15,48],[37,-9],[18,-66],[42,4],[36,-61],[-25,-88],[17,-39],[32,9],[37,-15],[53,-163],[-12,-50],[25,-41],[-19,-32],[-35,-79],[-20,6],[-37,-34],[-1,-40]],[[66683,30256],[-72,5],[-29,-32],[-79,-4],[-7,-27],[-63,-29],[-78,-15],[-10,-46],[-58,0],[-69,45],[-38,-3],[-59,54],[-61,-19],[-24,44],[-24,26],[-49,-7],[-49,-33],[-42,-9],[-24,-51]],[[67413,40019],[27,2],[57,-35],[90,22],[43,-20],[37,49],[36,-22],[21,-32],[31,2],[6,-44],[31,19],[38,-15],[-1,-54],[38,-16],[24,10],[36,76],[32,107],[20,13],[60,88],[0,23],[59,32],[12,78],[-8,26],[20,41],[-13,23],[11,47],[29,39],[2,41],[21,17],[-10,37],[22,76],[17,4],[51,-29],[54,-61],[2,-38],[25,-25],[9,-47],[-17,-23],[20,-54],[-23,-20],[17,-48],[-1,-54],[-28,-59],[16,-42],[51,-38],[-2,-55],[55,-70],[-1,-69],[63,-80],[-2,-36],[27,-41],[56,-28],[26,-64]],[[68599,39672],[-20,-35],[-50,-50],[-4,-35],[24,-20],[-50,-35],[-36,-82],[-49,-2],[-32,-36],[-54,2],[-103,-49],[-24,-37],[43,-61],[-6,-123],[-82,1],[1,-25],[-87,-75],[-1,-30],[-49,-36],[-73,39],[-51,11],[-43,-63],[39,-55],[27,-56],[2,-34],[64,-30],[55,-12],[-6,-39],[55,-73],[-20,-36],[55,-37],[2,-44],[111,-6],[69,31],[43,-16],[-12,-55],[40,-20],[62,-6],[2,-25],[-55,-34],[-17,-33],[-36,-18],[-33,7],[-36,-68],[50,-34],[-20,-57],[-58,-8],[-49,10],[-1,-36],[-48,-9],[-92,-64],[-49,18],[-39,-29],[-36,-5],[-21,-38],[-34,4],[31,-55],[-7,-82],[-12,-35],[30,-34],[47,-25],[12,-58],[45,24]],[[68013,37759],[19,-17],[-6,-71],[16,-54],[51,-39],[-29,-63],[4,-68],[-17,-47],[52,-47],[-31,-19],[26,-31],[-10,-67],[-68,-47],[-15,-80],[-42,37],[-40,3],[-15,28],[-34,15],[-47,-70],[-25,-27],[-80,-49],[-78,-28],[-7,18],[-66,11],[-5,-22],[-46,-13],[-14,27],[-41,-40],[-64,-42],[-26,-75],[-65,-28],[-70,-79],[-18,-36],[-79,-13],[-36,-103],[-35,-30],[-28,-6],[-33,-34],[-33,11],[-23,-71],[-57,24],[-72,-2],[-52,-19],[-62,-78],[-27,-7],[-94,-55],[-63,5]],[[66528,36361],[-36,26],[-37,-13],[-19,43]],[[67117,33913],[79,-59],[70,11],[17,-41],[-16,-30],[24,-58],[1,-67],[39,-20],[38,25],[-3,28],[35,19],[19,-17],[50,2],[50,43],[28,-74],[72,-17],[-1,-70],[-19,-54],[6,-24]],[[67606,33510],[-27,-37],[29,-37],[-47,-10],[-35,-28],[6,-52],[-6,-84],[4,-46],[-23,-56],[33,-57],[-43,-30],[-21,-46],[32,-43],[-47,-27],[-33,-30],[-61,54],[-16,-32],[-32,-17],[-21,18],[-43,-16],[-69,-42],[-27,-87],[10,-46],[-57,-27],[-46,19],[-13,-79],[-29,-13],[-65,-60],[25,-45],[-15,-22],[-45,-11],[-8,-36]],[[66916,32485],[-16,-30],[1,-83],[-20,-48],[-29,-28],[-62,-15],[-15,-35],[-54,-57],[-22,-9],[-70,40],[-24,38],[-48,-8],[-38,-33],[-38,20],[-59,-61],[3,-41],[-36,-25],[-32,46],[-26,-16],[-55,17]],[[66683,30256],[-23,-78],[-66,-63],[-26,-49],[-42,3],[-12,-52],[-34,-40],[-1,-126],[7,-42],[18,-55],[58,8],[27,-39],[87,-18]],[[66676,29705],[71,-10],[4,-51],[31,-53],[8,-42],[-11,-62],[44,-11],[47,22],[20,-95],[17,-24],[-9,-52],[11,-22],[-11,-46],[-55,-37],[10,-56],[-56,-102],[15,-38],[-37,-42],[-3,-32],[20,-52],[-7,-40],[-58,6],[-101,-50],[-31,24],[-50,-5],[-22,-5],[-28,-51],[4,-22]],[[68306,45970],[33,-36],[35,-1],[46,43],[34,-4],[12,54],[48,-6],[41,-35],[43,-1],[67,-52],[86,-16],[13,-64],[37,-36],[-66,-3],[-41,-53],[-48,-35],[-27,-75],[27,-67],[50,-83],[25,-8],[4,-43],[-13,-48],[70,-128],[43,54],[46,-7],[65,74],[54,-11],[29,36],[37,20],[88,-28],[38,-41],[-20,-48],[-54,-28],[-7,-53],[15,-10],[-18,-169],[26,-33],[53,-34],[22,-72],[34,-13],[28,-115],[-43,-55],[-5,-48],[54,-59],[-16,-43],[2,-72],[19,-15],[8,-56],[90,-32],[13,14],[73,16],[11,28],[61,-45],[42,-14],[52,-73],[55,-10],[27,19],[58,-11],[24,-25],[67,36],[18,-18],[13,-54],[32,-10],[20,-45],[83,-73],[65,-46],[64,-78],[-7,-50],[-55,-90],[54,39],[41,56],[10,47],[60,20],[15,31],[30,-13],[40,7],[15,46],[78,27],[39,57],[54,-23],[97,12],[18,31],[138,-20],[11,32],[53,5],[36,-13],[29,19],[34,-20],[34,21],[39,-17],[56,-3],[2,-27],[34,-15]],[[71103,44185],[15,-38],[-24,-48],[3,-30],[-36,-35],[-3,-127],[39,-24],[3,-22],[52,3],[46,25],[31,1],[44,50],[57,-72],[-34,-48],[-19,-82],[-14,-12],[-31,-112],[-35,-58],[0,-41],[49,-17],[17,56],[33,40],[28,-14],[16,-71],[29,-27],[47,-6],[56,-41],[28,-54],[87,36],[-6,-94],[22,-28]],[[71603,43295],[3,-75],[50,-121],[-5,-47],[31,-25],[2,-95],[53,-22],[-18,-35],[-77,-38],[-27,9],[-31,-36],[-19,11],[-68,-48],[-84,-47],[-11,-31],[-52,-47],[-16,20],[-52,6],[-20,2],[-34,-67],[-41,-33],[-16,40],[-29,-7],[1,-55],[-45,-74],[-72,-18],[-50,-28],[-9,-62],[15,-50],[-61,-33],[28,-60],[-42,-52],[6,-44]],[[70913,42133],[-41,-9],[22,-38],[-28,-47],[-21,7],[-31,-54],[7,-52],[-58,-10],[-29,-44],[-112,-13],[-34,27],[-21,-37],[-33,16],[-34,-106],[-22,-5],[-65,-65],[-32,-67],[8,-54],[-40,-53],[-53,3],[-25,-31],[-38,-20],[-39,-47],[-32,-72]],[[70162,41362],[-62,-91],[-49,0],[-49,-62],[-38,60],[-35,7],[-3,-50],[-67,-22],[0,-40],[-26,-31],[18,-32],[35,-8],[13,-75],[-6,-46],[-43,-21],[-52,-16],[-80,94],[-37,21],[23,-62],[-39,-83],[29,-24],[-9,-44],[-67,-33],[-41,-39],[55,-67],[-54,-6],[-51,49],[-15,-47],[-32,11],[-13,-33],[4,-59],[-85,54],[-50,-18],[4,-40],[-45,2],[-3,33],[-46,-4],[-38,74],[-38,-60],[5,-35],[-73,38],[-54,-40],[19,-37],[-24,-68],[14,-36],[-55,-43],[-47,-12],[18,-98],[29,-11],[-6,-50],[-48,-12],[15,-36],[-14,-112],[-15,-36],[-34,-8],[-30,-67],[-75,-81],[-22,-45],[24,-23],[-49,-51],[-76,-20],[-40,20],[-16,-20],[7,-61],[-24,-38]],[[66528,36361],[-23,-38],[78,-14],[12,-63],[38,-38],[17,-39],[65,-66],[35,33],[27,-17],[-14,-44],[-44,2],[30,-65],[26,-6],[21,-58],[-27,-49],[-21,-7],[-11,-61],[-9,-9],[-26,-57],[-34,2],[13,-79],[-8,-86],[46,-5],[-8,-51],[-53,-43],[76,-83],[-43,-47],[16,-13],[74,6],[74,-40],[-37,-32],[18,-22]],[[66836,35272],[33,-93],[-41,-19],[20,-48],[-21,-9],[16,-19],[39,14],[15,-48],[58,-33],[-10,-73],[0,-44],[-32,-27],[-24,-47],[-39,-10],[5,-52],[-56,-31],[-21,-31],[-5,-85],[-19,-52],[8,-45],[-16,-57],[-33,-35]],[[66916,32485],[50,-58],[5,-49],[33,-11],[4,43],[25,10],[15,61],[26,-3],[37,-36],[63,1],[36,-11],[48,9],[61,3],[99,-76],[113,6],[-25,-47],[26,-57],[48,13],[48,-11],[8,-20],[57,-11],[16,-33],[74,21],[44,-5],[-11,-60],[30,-63],[30,-31],[5,-60],[80,-107],[29,-16],[-25,-9],[-72,-101],[-66,-45],[24,-45],[6,-69],[32,-25]],[[67889,31593],[-51,-38],[-72,48],[-41,-87],[-8,-40],[-30,-7],[-19,-36],[49,-46],[-5,-60],[24,-37],[37,1],[14,-63],[-8,-77],[14,-18],[-48,-52],[-6,-45],[27,-29],[0,-35],[50,-33],[-52,-27],[-33,-87],[40,-59],[-26,-38],[-36,-7],[-48,-65],[-44,-13],[-34,-56],[34,-4],[46,-36],[4,-38],[-17,-55],[11,-39],[-9,-44],[-42,-24],[-33,16],[5,-56],[-7,-34],[-39,-60],[-41,31],[-24,-5],[-17,-37],[-45,-7]],[[67409,30195],[17,79],[-7,48],[-60,-59],[-49,-25],[-24,19],[12,-35],[-44,-69],[-21,-11],[-44,39],[-13,58],[-110,-46],[-56,16],[-55,-17],[-32,30],[-37,-36],[22,-19],[-17,-34],[35,-49],[5,-49],[52,-11],[12,-67],[-25,-29],[-43,-16],[-40,6],[-50,-19],[-45,-71],[-37,23],[-90,-93],[11,-53]],[[67409,30195],[-5,-58],[19,-51],[62,-79],[95,-17],[26,-35],[-25,-44],[19,-36],[-2,-52],[39,42],[65,-4],[78,51],[-13,34],[-45,10],[18,47],[64,-25],[19,31],[49,8],[-17,43],[102,-75],[41,-64],[36,18],[12,42],[31,47],[43,36],[18,70],[-25,52],[23,69],[31,3],[7,71],[33,14],[60,-19],[53,-4],[47,-46],[5,-36],[35,-72],[41,7],[21,63],[-19,34],[8,37],[43,32],[37,48],[-19,41],[8,31],[-38,24],[5,56],[-30,39],[-39,19],[-5,40],[52,47],[25,-13],[49,8],[44,23],[20,53],[42,57],[24,-16],[28,48],[59,30],[12,-22],[90,-6],[4,41],[64,46],[33,10],[6,33],[38,32]],[[69010,31008],[60,-30],[49,11],[42,-76],[69,-2],[34,-33],[-31,-48],[-5,-55],[-33,-55],[15,-38],[44,-7],[36,-44],[28,-96],[-14,-10],[84,-22],[9,68],[31,-14],[72,0],[40,-34],[19,15],[54,3],[5,76],[53,-21],[30,-58],[68,-48],[59,18]],[[69828,30508],[41,-17],[-52,-71],[25,-45],[-8,-59],[-61,-48],[10,-40],[-34,-45],[-36,2],[-34,-34],[-28,-70],[-34,5],[-35,-25],[-7,-28],[-18,-62],[28,-47],[49,-11],[12,-82],[-18,-32],[-54,13],[-17,-49],[-35,-51],[34,-43],[-8,-101],[25,-9],[6,-71],[-69,-65],[49,-50],[-6,-40],[29,-26],[44,37],[-9,-65],[-24,-40],[39,-12],[40,-49],[-24,-52],[-2,-50],[6,-20],[66,-7],[45,33],[25,63],[53,5],[49,36],[22,-14],[71,2],[121,136],[70,56],[-2,38]],[[70172,29404],[4,-39],[-29,-46],[6,-45],[-67,-73],[6,-66],[-35,-34],[43,-12],[8,-41]],[[70108,29048],[-133,-57],[-55,-51],[-24,11],[-75,-31],[10,-55],[-87,-66],[-71,27],[-39,-17],[-12,-36],[-38,13],[-9,75],[37,31],[8,60],[1,15],[-53,-4],[-34,27],[-72,-34],[-51,24],[-33,55],[-81,-5],[-49,-22],[-46,38],[-48,9],[-120,-92],[-82,-45]],[[68952,28918],[-56,-31],[-91,-2],[-7,33],[-131,-60],[-53,84],[-47,-66],[-66,44],[-43,-17],[-10,-27],[-28,24],[-62,-2],[-49,-46],[-46,23],[-7,28],[-38,29],[-58,-40],[-68,-19],[-27,-20],[-81,-1],[-2,-33],[-135,-44],[-25,-22],[-56,-11],[-58,-38],[-22,22],[-41,6],[-15,-20],[-43,1],[-54,-37],[-26,1],[-55,-48],[-12,-34],[-75,-49],[-44,3],[-21,-31]],[[67300,28518],[-28,-27],[-24,14],[-25,-32],[-58,-2],[-21,-19],[-4,63],[-62,5],[-23,-26],[-49,-17],[-78,24],[-69,-38],[-7,25],[-85,22],[-42,-15],[-24,-46],[-74,-66],[-104,-71],[-43,4],[-55,29],[-73,-28],[-88,-121],[-12,19]],[[68013,37759],[-14,39],[63,33],[46,-3],[26,27],[50,-7],[64,-90],[51,-20],[21,20],[36,-7],[52,22],[10,67],[62,41],[50,-67],[28,2],[2,41],[36,-10],[14,-59],[111,1],[11,-33],[34,-20],[34,14],[87,-69],[27,0],[45,-30],[9,-26],[58,-22],[38,35],[64,-17],[1,-33],[-9,-81],[-51,-47],[-7,-30],[43,-38],[28,-51],[44,8],[2,-48],[19,-57],[-1,-43],[31,-3],[20,-49],[36,41],[51,23],[68,-14],[101,-39],[15,17]],[[69519,37177],[-19,-40],[-85,-32],[-10,-22],[28,-98],[29,-5],[45,-52],[-18,-34],[-1,-56],[23,-46],[-34,-73],[27,-27],[-35,-37],[7,-48],[50,-32]],[[69526,36575],[57,-38],[-23,-37],[18,-29],[41,-7],[36,24],[22,-27],[101,7],[35,54],[25,-67],[29,-111],[40,-46],[-12,-53],[45,-92],[-47,15],[-7,30],[-55,-39],[-37,46],[-54,-13],[15,65],[-46,40],[-25,-29],[-61,28],[-54,86],[-81,-138],[20,-70],[-7,-87],[-11,-34],[-50,-43],[-56,-19],[-44,-17],[-150,-5],[-110,17],[-46,1],[-18,42],[-3,-38]],[[69013,35991],[-63,-8],[-106,-28],[-26,12],[-76,-8],[-20,40],[-42,6],[-13,123],[-43,17],[-19,29],[-58,-33],[0,67],[-32,50],[-65,-123],[-63,-41],[-13,-46],[30,-58],[2,-30],[-24,-45],[-32,-7],[-2,-34],[-53,7],[-35,-16],[-74,26],[-59,-66],[-32,-60],[-32,2],[11,-36],[-14,-30],[-10,-78],[-17,-52],[-59,-18],[-74,-105],[-68,-6],[1,-85],[-50,6],[-69,-57],[-65,-13],[-42,-27],[-4,-27],[-64,-42],[-40,-7],[-5,53],[-6,51],[-45,61],[-43,59],[-47,-13],[-93,-1],[-20,-17],[-28,35],[-34,-19],[-103,23],[-23,-25],[-26,-30],[6,-95],[-44,-1],[-47,20],[-22,-30],[-24,17],[-59,-6]],[[69013,35991],[-2,-47],[67,-66],[-17,-36],[26,-82],[-10,-37],[9,-56],[-27,-5],[-13,-54],[-65,-109],[-41,-54],[34,-42],[-30,-35],[-9,-136],[-10,-41],[1,-129],[19,-84],[-13,-85],[2,-17]],[[68934,34876],[-9,-59],[21,-51],[2,-182],[-5,-42],[15,-30],[-1,-46],[-25,-21],[-105,15],[-36,-32],[-16,-38],[-45,-2],[-34,-35],[-55,-65],[-26,-76],[-54,-102],[6,-33],[69,-134],[-10,-20],[-100,-18],[-34,-19],[-63,-12],[-17,16],[-46,-8],[-26,-60],[-34,-15],[-73,0],[-31,-36],[-119,-41],[-66,21],[-32,-41],[-53,8],[21,-97],[31,-58],[19,-90],[6,-125],[9,-49],[5,-58]],[[68023,33241],[-116,35],[-12,28],[-88,4],[-19,31],[-2,69],[-68,-24],[13,56],[-38,65],[-87,5]],[[69385,47771],[21,-65],[27,-29],[24,-93],[-18,-39],[9,-105],[-37,13],[-57,-64],[26,-42],[51,-27],[-13,-87],[18,-50],[30,-9],[27,-88],[80,-7],[72,26],[68,12],[34,-49],[20,20],[-5,47],[66,-45],[27,-42],[20,1],[34,-90],[21,-18],[10,-75],[19,-47],[-10,-93],[30,-86],[2,-52],[29,-5],[57,-51],[8,-25],[-11,-91],[83,-56],[4,-33],[125,-155],[12,-56],[52,-48],[24,26],[-6,38],[20,54],[47,-4],[52,8],[22,-27],[51,-13],[19,-54],[56,9],[25,-33],[14,-53],[33,-33],[8,-53],[66,-79],[121,-48],[27,-40],[-6,-111],[23,-21]],[[70936,45634],[11,-51],[-9,-56],[58,-38],[-27,-35],[15,-148],[28,-144],[-7,-58],[-18,-32],[-49,-10],[-35,-64],[18,-43],[-33,-33],[4,-77],[24,-28],[62,-43],[27,2],[5,-93],[18,-83],[54,-64],[-11,-46],[18,-15],[4,-56],[23,-70],[-16,-113],[3,-51]],[[68023,33241],[-7,-31],[31,-26],[26,23],[37,-7],[57,-53],[52,0],[13,-24],[69,-27],[-13,-33],[0,-88],[79,6],[45,100],[46,-14],[31,7],[51,53],[8,23],[54,-5],[77,-88],[78,-59],[18,-56],[-41,-83],[-9,-56],[55,-69],[20,-44],[28,-3],[43,26],[68,-74],[28,2],[63,-32],[37,25],[-19,60],[57,2],[23,39],[30,91],[79,-11],[7,44],[70,16],[31,41],[63,31]],[[69408,32947],[27,-39],[39,-20],[17,-79],[44,31],[21,-8],[57,33],[31,-3],[31,35],[25,-4],[37,-131]],[[69737,32762],[-108,-60],[19,-113],[36,-37],[-11,-30],[16,-43],[41,-23],[-8,-24],[-64,3],[-15,-64],[25,-26],[-71,-1],[-42,30],[-27,-42],[-34,-2],[-77,-50],[-10,-80],[26,-51]],[[69433,32149],[-30,-31],[-41,3],[-23,-69],[29,-29]],[[69368,32023],[-32,3],[-12,-44],[-100,18],[-27,-6],[2,-38],[-35,-50],[-29,11],[-36,-58],[-44,-1],[-77,-42],[-58,15],[-58,-6],[-33,1],[-49,-29],[-46,1],[-52,0],[-32,-17],[-63,12],[-32,-14],[-50,-85],[-55,-21],[0,-45],[-75,-5],[-62,-38],[11,-34],[-16,-33],[-59,-34],[-76,-20],[-54,-30],[-72,-7],[-46,-52],[-69,10],[36,87],[-5,65],[-30,44],[-44,12]],[[69368,32023],[-5,-72],[14,-33],[-2,-51],[37,-46],[-26,-19],[-18,-44],[25,-25],[43,14],[44,-29],[-24,-37],[10,-28],[-27,-42],[23,-28],[-10,-38],[37,-23],[-28,-101],[-43,17],[-18,52],[-61,-10],[-10,-30],[-108,-44],[-8,-60],[-17,-29],[-3,-61],[-28,-3],[-47,-34],[-11,31],[-33,-6],[-9,-24],[-49,1],[-20,-19],[-4,-50],[10,-114],[8,-30]],[[70162,41362],[32,-20],[19,-77],[24,-7],[10,-46],[28,0],[18,-41],[31,-23],[16,-78],[54,55],[70,44],[77,-60],[7,-29],[57,-23],[-4,-39],[-24,-54],[47,-12],[-4,-73],[-34,-47],[30,-54],[-26,-72],[90,-157],[-56,-99],[-30,-29],[-43,36],[-57,-6],[-30,-41],[-61,-54],[-9,-89],[-33,-122],[-56,32],[-30,53],[-15,77],[17,38],[-33,55],[-63,-62],[-4,-41],[-38,-14],[-55,-49],[-8,-47],[-68,-51],[-15,0],[-27,-102],[-18,-23],[14,-45],[32,-46],[-4,-60],[12,-65],[41,-63],[-27,-50],[11,-77],[-25,-85],[28,-63],[8,-55],[-32,-33],[-47,-10],[0,-56],[69,-53],[-12,-58],[-41,-5],[-17,-45],[5,-4]],[[69963,39138],[-7,-41],[-98,-130],[-10,-69],[-28,-41],[-40,32],[-44,-22],[30,-65],[-5,-35],[-35,-54],[-41,7],[-33,57],[-6,-51],[33,-57],[-10,-22],[-3,-16],[54,-18],[44,25],[-1,-60],[35,-40],[77,3],[59,-85],[-24,-42],[38,-101],[42,-15],[22,-36],[-2,-66],[-44,-23],[-108,-8],[14,-17],[-15,-95],[33,-35],[-3,-42],[-61,-42],[-9,-55],[-19,-23],[-49,19],[-2,-49],[21,-16],[-27,-105],[17,-148],[-56,-35],[0,-27],[-40,-76],[-35,-55],[-69,-12],[-31,-26],[-40,23],[23,-98],[31,-43],[-22,-31]],[[68934,34876],[46,-24],[18,8],[52,-57],[32,19],[41,-25],[47,2],[30,24],[53,5]],[[69253,34828],[0,-73],[-19,-52],[2,-44],[20,-28],[-20,-40],[-52,-22],[-5,-89],[56,-18],[44,15],[11,-36],[48,5],[22,42],[60,27],[84,-29],[26,28],[40,-20],[48,10],[-30,-71],[1,-31],[34,-34],[-8,-20],[21,-45],[-20,-21],[-50,-6],[-22,-49],[-28,8],[-35,-41],[-8,-65],[-18,-36]],[[69455,34093],[-62,-55],[7,-49],[-51,-30],[-27,-83],[-19,-45],[-11,-101],[58,-44],[45,3],[21,-17],[40,51],[61,17],[74,-45],[64,79],[63,-12],[1,-49],[32,-99],[-15,-45],[-48,-43],[-20,-47],[16,-58],[57,-18],[28,-68],[-48,-26],[-22,-29],[24,-36],[-37,-61],[52,-25],[12,-40],[33,-16],[-6,-48],[-13,-45],[-76,46],[-32,67],[-40,-37],[-77,-19],[-76,-4],[-1,-38],[-32,-83],[-22,6]],[[69526,36575],[119,12],[16,49],[-30,14],[7,41],[42,103],[25,29],[4,59],[55,5],[16,-25],[63,32],[86,-66],[47,-71],[21,-10],[-16,-64],[24,-28],[77,-25],[21,-43],[26,1],[22,-47],[24,6],[23,-67],[35,-16],[56,-58],[31,84],[71,20],[53,-26],[69,-69],[32,5],[16,-49],[64,8],[77,26],[24,-15]],[[70726,36390],[-2,-7],[-30,11],[-26,-44],[-19,17],[-25,-72],[57,-77],[47,-29],[-10,-47],[17,-39],[-13,-55],[33,-126],[-35,-66],[-43,-61],[-11,-36],[-62,-36],[-64,0],[-78,-18],[-59,-44],[-31,14],[-53,1],[-60,-38],[-49,10],[-47,-23],[16,-34],[-26,-33],[-43,51],[10,45],[-63,40],[-33,-3],[-10,-86],[5,-69],[18,-70],[-14,-29],[12,-33],[-4,-60]],[[70031,35344],[-26,-39],[1,-56],[-43,-118],[-23,-24],[-4,-53],[-24,-29],[-7,-71],[-30,-29],[-122,-40],[30,-31],[-29,-54],[-44,13],[-27,-39],[-48,3],[-22,21],[-54,-6],[-57,29],[-41,58],[-35,9],[-33,34],[-9,49],[24,41],[-35,41],[8,26],[-109,2],[-28,13],[4,-69],[17,-118],[-12,-79]],[[72188,46836],[-16,-38],[4,-38],[29,-17],[-39,-57],[-1,-28],[-66,-6],[-27,-28],[-72,20],[-24,-31],[29,-23],[1,-84],[-24,-64],[1,-83],[-71,-80],[-1,-27],[-55,-69],[-33,-57],[-40,-35],[-84,-29],[-42,32],[-62,-28],[-22,-113],[-21,-56],[-39,6],[-45,87],[-56,30],[8,74],[-39,6],[-75,37],[-32,-15],[-66,10],[-11,-32],[-68,33],[-28,50],[-37,-6],[-17,-49],[34,-51],[3,-81],[-51,-17],[-35,-29],[-27,-98],[25,-98],[-16,-54],[-45,-25],[1,-41]],[[69433,32149],[43,-10],[66,28],[69,-52],[22,23],[47,-34],[16,-43],[-5,-38],[106,40],[39,34],[55,-32],[-57,-63],[9,-32],[46,-39],[29,-7],[14,-86],[-7,-36],[68,-8],[32,7],[29,-87],[20,-38],[34,12],[19,-36],[-8,53],[31,36],[-30,29],[73,121],[21,78],[50,33],[18,-1],[51,-89],[36,20],[62,-15],[28,25],[35,-43],[24,1],[85,49],[18,-90],[58,-34],[91,-13],[41,-73],[3,-101],[35,-24]],[[70849,31614],[-44,-61],[6,-80],[-66,-92],[-31,-43],[-45,5],[16,-57],[-58,-67],[-92,-150],[-14,-5]],[[70521,31064],[-50,-170],[-49,-1],[-40,30],[-87,-20],[24,59],[-40,14],[-23,-43],[-45,3],[-45,29],[-92,-39],[33,-8],[-5,-66],[28,-26],[6,-23],[-45,-136],[11,-12]],[[70102,30655],[-23,-42],[-43,-29],[-26,20],[-48,-4],[-48,-30],[-56,8],[0,-29],[-30,-41]],[[70031,35344],[47,7],[37,-45],[8,-74],[-4,-83],[41,4],[3,-65],[29,-31],[6,-44],[31,-66],[50,37],[24,-45],[1,-63],[14,-29],[38,43],[22,-37],[66,25],[-14,58],[66,-24],[61,22],[9,-3],[-5,-45],[-31,-55],[17,-29],[-4,-63],[56,-21],[-47,-63],[-49,-16],[-50,-43],[-26,-79],[-28,-24],[20,-26],[42,-1],[21,-50],[75,86],[27,15],[15,-32],[40,-20],[5,-37],[-31,-62],[3,-34],[-30,-38],[12,-35],[73,-18],[15,-78]],[[70686,34163],[-30,-1],[-28,-30],[-45,14],[-25,-35],[-23,21],[-82,22],[-53,-22],[-36,-32],[-26,11],[-38,-32],[-53,28],[-8,23],[-62,52],[-25,-26],[-56,39],[-56,-23],[-31,-20],[-5,-35],[-54,11],[-50,-5],[-88,-36],[-13,-24],[-115,53],[-19,-27],[-45,18],[-50,3],[-63,-46],[-52,29]],[[70686,34163],[24,-26],[53,43],[78,11],[13,17],[61,76],[-20,25],[0,48],[29,19],[76,23],[34,34],[29,0],[23,27]],[[71086,34460],[37,-198],[65,-29],[-1,-96],[-20,-49],[10,-62],[-32,-19],[-28,-55],[-1,-114],[9,-35],[39,-6],[59,-45],[-44,-99]],[[71179,33653],[-51,-43],[-11,-51],[-35,-68],[-33,-7],[-7,-14],[22,-72],[5,-60],[-18,-5],[-22,-61],[30,-43],[36,12],[29,-39],[-17,-60],[-27,-43],[9,-40],[49,12],[83,-24],[21,-30],[50,5]],[[71292,33022],[65,-47],[-14,-27],[18,-69],[30,-40],[-10,-37],[-40,-37],[-20,-71],[15,-41]],[[71336,32653],[-22,2],[-48,48],[-100,9],[-6,-56],[-72,-15],[-34,8],[1,-53],[-50,18],[-52,-18],[-26,19],[-37,-17],[-41,21],[-27,43],[1,27],[-44,82],[-40,27],[-45,-4],[-45,39],[-6,-47],[-70,-26],[-20,-48],[-47,-26],[-35,-69],[-34,1],[-39,32],[-7,34],[-66,57],[-27,-17],[-33,-39],[-81,-28],[-35,-54],[14,-21],[-3,-63],[25,-34],[-81,-39],[-26,57],[-76,0],[-19,20],[30,75],[-18,52],[-34,14],[-57,-2],[-25,34],[-40,-1],[-44,-34],[-25,63],[-33,38]],[[69963,39138],[10,31],[39,-13],[57,1],[22,22],[15,56],[48,-17],[39,-34],[9,-41],[49,-59],[31,-64],[54,-7],[14,68],[98,51],[82,-64],[31,4],[74,73],[12,-10],[96,-16],[39,52],[49,-23],[27,23],[28,-36],[39,4],[20,55],[68,53],[45,4],[92,116],[-3,20],[27,-1],[56,37],[17,68],[61,10],[24,-35],[25,65],[39,-8],[24,24],[13,56],[52,-12],[-15,-32],[24,-34],[36,-14],[-7,-60],[25,-27],[7,-89],[18,-40],[-3,-77],[12,-40],[-20,-87],[39,-37],[4,-28],[42,-27],[7,-100],[68,13],[31,-35],[23,22],[31,-16],[32,-53],[18,-4],[21,-74],[24,-33],[44,-12],[53,6],[5,-22]],[[72004,38691],[38,-43],[15,-56],[-29,-35],[8,-37],[45,-131],[81,-40],[10,-55],[-8,-12],[-124,-4],[-44,-20],[-3,64],[-50,-6],[-70,60],[-39,-40],[-99,45],[-34,33],[-99,-38],[-18,-124],[-29,-36],[-18,-121],[36,-53],[-3,-39],[47,-7],[-39,-20],[-53,28],[-44,-6],[-31,-28],[2,-30],[-32,-58],[62,-11],[29,-85],[-12,-20],[123,-102],[-7,-100],[19,-26],[-17,-28],[-4,-73],[23,-30],[-23,18],[-39,-4],[-199,10],[-9,8],[-19,-39],[-46,-25],[-6,-65],[-38,22],[-55,-39],[-35,52],[-27,-21],[-10,-36],[13,-60],[-9,-39],[36,-11],[31,-78],[-23,-60],[-32,-47],[23,-69],[29,-44]],[[71198,36880],[-10,-20],[-110,1],[-36,-29],[-11,-42],[-86,43],[-11,39],[-42,23],[4,56],[-13,22],[-94,21],[-34,-16],[-27,62],[-45,-13],[-33,14],[-2,-78],[31,-87],[-1,-38],[-70,-54],[4,-64],[37,-17],[-21,-70],[-25,-24],[11,-72],[73,-67],[13,-50],[26,-30]],[[71336,32653],[20,-25],[38,-9]],[[71394,32619],[-69,-116],[0,-55],[-45,-27],[-41,-45],[-49,-9],[-26,-89],[17,-66],[-19,-25],[-25,-52],[14,-27],[-10,-53],[-30,-86],[-38,-55],[-24,-66],[-53,1],[-41,-72],[-29,-40],[-8,-40],[-52,-49],[-17,-34]],[[70102,30655],[63,5],[31,-20],[-36,-53],[37,-90],[-11,-31],[42,-55],[-23,-57],[4,-17],[-60,-65],[64,-19],[31,33],[39,-50],[-37,-101],[-7,-44],[-48,-149],[-64,-53],[-15,-19],[44,-57],[66,-29]],[[70222,29784],[-32,-31],[-2,-32],[38,-72],[32,-11],[-34,-93],[-38,-8],[-32,-31],[27,-53],[-9,-49]],[[70913,42133],[40,-40],[81,-24],[-9,-50],[-7,-133],[56,-21],[38,86],[27,32],[28,4],[71,83],[80,40],[51,-6],[70,-72],[-6,-99],[30,-30],[29,28],[72,-25],[-3,-39],[51,-90],[7,-53],[69,-40],[32,-42],[29,38],[71,-13],[-14,-54],[26,-77],[-15,-52],[33,-30],[61,30],[65,79],[50,-31],[-9,-43],[49,-33],[47,-52],[12,-44],[43,-26],[2,-50],[72,-35],[20,-76],[-9,-30],[50,-45]],[[72303,41098],[2,-28],[36,-44],[-20,-28],[40,-65],[-87,-30],[-27,-25],[-90,-32],[-70,15],[-9,-27],[28,-56],[17,1],[-60,-37],[-20,-32],[11,-37],[-32,-20],[-7,-36],[-52,-62],[9,-53],[-81,-114],[10,1],[67,-46],[-12,-106],[47,-64],[-14,-46],[36,-34],[14,-71],[-12,-60],[6,-37],[-54,12],[-58,-52],[2,-41],[-23,-14],[-1,-72],[-18,-36],[79,-159],[32,-1],[42,-59],[16,-56],[16,-7],[5,-64],[44,-81],[42,-14],[67,-82],[11,-41],[36,-44],[43,-19],[32,-58],[-1,-72],[19,-34],[-20,-21],[17,-108],[-89,-35],[3,-47],[48,-74],[-7,-13]],[[72316,38633],[-77,15],[-41,41],[-72,40],[-17,-16],[-32,42],[-50,-2],[-23,-62]],[[71198,36880],[31,19],[30,-29],[39,30],[21,-49],[53,24],[22,31],[50,-9],[66,39],[23,-4],[62,2],[-9,-24],[20,-67],[57,-14],[33,-43],[15,50],[67,-33],[53,-18],[14,-39],[65,6],[18,13],[37,-5],[40,-62],[-6,-34],[80,-47],[9,-51],[-42,-44],[-8,-54],[-55,-57],[-52,-59],[-54,-11],[-17,-19],[10,-29],[37,-9],[13,-99],[32,-122],[14,-25],[31,-74],[-3,-28],[22,-71],[49,3],[26,27],[17,-28],[-13,-47],[42,-49],[34,18],[88,-9],[26,-52]],[[72285,35728],[-102,-67],[-28,0],[-6,-57],[-50,-42],[-62,11],[5,68],[-33,-55],[-56,-56],[-47,-28],[-11,-38],[-53,-81],[-31,-33],[-17,-42],[-19,35],[-63,4],[-29,19],[1,50],[21,50],[-10,28],[16,43],[30,28],[-14,15],[-51,-32],[-79,33],[-37,-11],[-56,16],[-26,-14],[-68,12],[-17,19],[-24,-64],[-68,6],[-13,-39],[-31,-33],[-25,5],[-26,-1],[-13,-29],[37,-34],[1,-35],[-23,-56],[-28,-13],[19,-39],[36,-7],[16,-35],[-12,-29],[8,-48],[-18,-42],[36,-41],[-31,-37],[-19,-53],[9,-96],[28,-17],[61,14],[28,31],[45,-10],[29,-39],[98,-1],[-1,-96],[-31,-6],[-12,-37],[-50,11],[-74,38],[-37,-5],[-41,-26],[-57,-59],[-17,-64],[-31,-14],[-8,-45],[-69,-56],[1,-42]],[[70521,31064],[55,-40],[103,-35],[37,23],[41,-8],[31,-52],[36,23],[46,41],[75,-21],[23,38],[41,12],[6,-31],[-17,-41],[64,-34],[73,-52],[12,-23],[40,37],[38,-1],[41,-44],[19,-78],[75,-17],[84,-36],[1,-20],[57,-21],[34,-26],[55,-21],[45,15]],[[71636,30652],[12,-60],[-27,-16],[-20,-43],[22,-35],[-32,-16],[-30,28],[-25,-26],[6,-47],[-40,-80],[24,-11],[50,-82],[-47,-39],[-19,-44],[-28,9],[-37,-78],[-27,-36],[-45,-31],[-16,-23]],[[71357,30022],[-45,8],[-70,35],[-13,-63],[-24,-28],[-33,-85],[-29,27],[-41,-36],[-71,-20],[-86,26],[-10,-41],[-37,-32],[-50,1],[-57,-49],[-33,-1],[-32,37],[-70,-9],[-37,23],[-29,-1],[-61,58],[-36,35],[-63,-14],[-35,18],[-69,-30],[10,-45],[-13,-44],[-55,-27],[-46,19]],[[71357,30022],[-38,-70],[44,-59],[9,-47],[91,8],[55,-59],[18,-36],[-4,-61]],[[71532,29698],[-89,-36],[-15,-21],[-49,-19],[-44,13],[-48,-16],[-29,-27],[-65,-30],[-89,-29],[-9,-3],[-71,-39],[-190,-80],[2,-23],[-61,-12],[-13,-11],[-120,-41]],[[70642,29324],[-104,-49],[-106,-59],[-95,-41],[-51,-8],[-117,-43],[-2,-18],[-59,-58]],[[74164,45774],[-71,13],[-18,21],[-41,3],[-42,-22],[-19,10],[-62,-66],[-34,4],[-32,-32],[-44,-2],[-11,28],[-50,-9],[-142,43],[-66,-9],[-132,18],[-26,-82],[16,-27],[-26,-73],[-30,4],[-40,-28],[76,-61],[49,-15],[68,-3],[34,27],[40,-15],[49,-63],[-11,-43],[-68,-27],[-59,-52],[28,-80],[24,-17],[13,-50],[-24,-13],[-26,-76],[-33,-59],[-63,-14],[15,-25],[61,-2],[34,-17],[33,33],[48,-11],[30,-62],[26,-27],[-10,-45],[-130,-58],[-22,-52],[24,-47],[46,-51],[5,-36],[-42,-36],[1,-46],[-65,-60],[-2,-29],[-90,-43],[-23,-54],[-2,-45],[-20,-32],[16,-56],[67,-4],[-38,-68],[19,-43],[-32,-39],[-35,-28],[-63,4],[-54,-11],[-16,36],[-60,10],[-19,44],[-38,-63],[-52,12],[-39,-24],[-65,-73],[-54,-126],[-32,-53],[45,-74],[0,-35],[33,-52]],[[72891,43619],[-5,-60],[-88,-41],[-33,-30],[-66,-20],[-27,11],[1,37],[-79,22],[-39,-11],[-71,8],[-39,-13],[-21,-48],[6,-47],[-18,-37],[-26,-41],[-48,2],[-16,-29],[-69,-31],[-48,47],[-52,-9],[-11,-23],[-46,-7],[-31,24],[-44,-10],[-22,-42],[-69,-6],[-127,58],[-15,19],[-42,-5],[-80,-64],[-63,22]],[[72891,43619],[30,-60],[34,-31],[48,51],[31,-6],[52,-38],[29,-43],[-2,-37],[51,-47],[27,3],[71,-30],[43,-73],[-19,-61],[-7,-69],[24,-43],[2,-70],[47,-60],[3,-27],[51,11]],[[73406,42989],[9,-112],[13,-27],[-7,-90],[16,-52],[33,8],[28,-60],[-44,-47],[-39,-67],[-25,-61],[-19,-94],[-55,-6],[-10,-18],[-139,-75],[-28,-51],[18,-36],[5,-54],[82,22],[39,-58],[68,-34],[72,-63],[-34,-51],[-78,-52],[-32,41],[-42,5],[-59,-52],[-40,-7],[0,-33],[-50,-51],[-59,18],[-29,-62],[-33,-26],[-19,51],[-38,18],[-33,-59],[17,-45],[-14,-23],[30,-33],[-8,-28],[-33,-12],[-30,27],[-48,-1],[-65,21],[-50,56],[-20,-28],[20,-106],[-9,-61],[8,-120],[-19,-30],[-29,39],[-25,1],[-47,-47],[-29,14],[1,42],[-93,22],[-34,-30],[-8,-46],[-1,-62],[-49,-123],[-28,-21],[-11,-62]],[[71394,32619],[49,24],[67,-2],[23,22],[44,-42],[-5,-35],[28,-38],[48,-9],[34,-88],[41,-20],[22,-29],[-13,-43],[-33,-51],[-27,-87],[49,-23],[32,-38],[-22,-86],[32,-59],[-20,-16],[14,-43],[-17,-41],[48,-42],[36,-72],[-7,-67],[25,-59],[-15,-9],[0,-65],[30,-2]],[[71857,31599],[21,-50],[54,-46],[66,-37],[10,-20],[-42,-9],[-6,-39],[-43,-45],[2,-19],[-27,-10],[-24,-61],[-51,8],[-28,-78],[-33,-34],[-14,-36],[-29,-46],[27,-62],[-19,-51],[30,-23],[-4,-51],[-89,-81],[-5,-67],[-19,-25],[29,-51]],[[71663,30666],[-27,-14]],[[74267,36906],[23,-21],[10,-85],[-17,-34],[-30,-7],[-59,-70],[-73,18],[24,-32],[46,3],[48,-32],[-5,-44],[-28,-3],[-40,-47],[-29,-5],[-67,-84],[-7,-67],[-98,-88],[-59,-61],[-19,-44],[-29,6],[-17,-40],[-34,4],[-24,-81],[6,-30],[-41,-75],[42,-60],[-70,14],[-35,-18],[-53,-3],[2,-58],[-58,-83],[-22,8],[-71,-32],[-32,-28],[8,-61],[30,-4],[38,32],[39,-50],[-13,-33],[-59,-21],[2,-44],[-31,-85],[-49,-95]],[[73416,35366],[-46,28],[-17,-8],[-51,78],[-49,45]],[[73253,35509],[40,50],[17,131],[-16,28],[31,140],[-8,63],[-43,68],[-38,-47],[-42,-5],[-31,-47],[-13,-64],[-37,-8],[-21,-40],[-53,-1],[-36,32],[-41,-34],[-6,-25],[-53,-10],[-6,-39],[-39,-11],[-1,-68],[-123,-47],[-44,-21],[-9,39],[-61,54],[-27,44],[-51,15],[-21,33],[-80,57],[-41,-38],[-7,-30],[-51,-22],[-57,22]],[[72316,38633],[3,-79],[-33,-81],[13,-30],[-24,-53],[48,-13],[-19,-43],[34,-16],[-10,-95],[39,-28],[17,-73],[33,1],[41,57],[32,94],[39,38],[27,-12],[55,7],[-5,41],[41,0],[80,29],[64,-18],[12,-30],[49,12],[32,-23],[13,-103],[28,-17],[53,16],[18,25],[15,95],[47,40],[53,2],[24,-33],[25,-37],[-17,-39],[41,-47],[46,-30],[32,-51],[-5,-68],[4,-88],[-15,-21],[26,-77],[46,1],[33,-18],[-12,-70],[31,-29],[73,-27]],[[73443,37742],[40,-10],[25,-52],[12,-53],[28,-42],[30,-36],[8,-40],[26,-13],[6,-51],[99,-24],[30,7],[41,-16],[7,-46],[-37,-16],[-12,-26],[37,-66],[36,10],[34,-33],[-8,-99],[-31,-49],[56,-16],[58,13],[83,-81],[11,-31],[48,29]],[[72678,32849],[-90,-12],[-25,-39],[-34,-68],[-19,-116],[-40,4],[-22,-28],[-60,55],[-19,-9],[-55,25],[-41,-47],[-31,60],[-72,38],[-34,58],[-43,8],[-9,14],[-74,42],[-69,6],[-1,66],[-42,6],[-7,24],[-42,27],[-17,40],[-41,-5],[-19,-40],[-3,-43],[-62,-32],[-11,-38],[-30,-12],[-26,-56],[-16,-63],[-34,-10],[-7,34],[-30,8],[-22,-23],[10,13],[-1,90],[-37,32],[12,99],[-24,47],[-1,115],[-47,-43],[-42,-10],[-34,15],[0,41],[20,89],[-46,31],[-27,-24],[12,-32],[-1,-112],[-33,-52]],[[71179,33653],[106,-4],[67,81],[-2,46],[45,15],[14,33],[31,7],[58,-50],[64,2],[28,-14],[7,67],[57,12],[25,30],[38,6],[17,32],[81,-19],[39,147],[-16,8],[14,65],[76,32],[53,-74],[28,-4],[39,43],[13,92],[34,9],[28,61],[35,-38],[82,80],[75,-13],[20,-18],[20,62],[0,66],[47,-15],[40,12],[79,-25],[20,8],[40,61],[45,8],[27,48],[30,21],[57,-12],[21,26],[18,81],[-18,52],[34,43],[-28,62],[-56,63],[-35,70],[38,7],[16,46],[-48,52],[76,48],[-1,38],[-26,32],[35,41],[107,-51],[112,62],[83,80],[25,11],[4,63],[-25,47],[8,91],[86,102],[5,-46],[29,-21],[53,-11]],[[73416,35366],[-2,-24],[58,-42],[43,17],[0,-42],[66,-37],[40,-43],[43,-83],[23,-98],[26,-13],[3,-63],[-49,-11],[11,-48],[-18,-60],[15,-38],[-31,-89],[11,-23],[61,-14],[15,-17],[13,-67],[26,-19],[6,-38],[-16,-45],[73,-67],[31,-14],[-8,-43],[32,-19],[-15,-43],[-39,-2],[14,-62],[-18,-24]],[[72483,32107],[-10,-30],[-62,-45],[-47,8],[-19,-89],[13,-36],[-59,-55],[-32,-88],[-1,-37],[-39,-47],[-118,20],[-60,-26],[-58,9],[-103,-58],[-31,-34]],[[74249,38074],[-64,-41],[-15,-47],[-25,-2],[-25,-34],[-36,4],[-28,-32],[-33,0],[-24,65],[26,49],[-37,21],[-30,-66],[14,-13],[-34,-62],[-34,28],[-27,-21],[-43,12],[-5,-35],[-26,-50],[-83,11],[-33,35],[-60,15],[-43,1],[-56,-35],[-34,-66],[-51,-69]],[[73406,42989],[19,36],[-29,34],[6,52],[-43,22],[-11,40],[53,61],[21,40],[39,-23],[13,35],[29,12],[52,-16],[23,58],[33,25],[55,-58],[37,-1],[27,-56],[0,-52],[49,20],[8,35],[77,24]],[[73864,43277],[-3,-46],[68,-32],[-61,-72],[-27,-6],[-21,-64],[17,-76],[88,-2],[43,-23],[5,-30],[46,-13],[7,-49],[34,-40],[70,-19],[27,-51],[-8,-42],[59,-24],[-10,-66],[-31,-78],[25,-51],[32,-39],[54,-32],[61,2],[41,-75],[5,-30],[43,-37],[6,-24],[74,-71],[2,-46],[-74,-11],[-38,-43],[-34,-71],[-51,-32],[-4,-58],[-45,-59],[-36,24],[-35,-76],[-5,-68],[41,-41],[50,13],[55,-16],[40,21]],[[74374,41724],[75,-18],[19,-78],[35,-51],[23,-60],[-10,-27],[-65,-15],[1,-75],[-28,-64],[-101,-67],[17,-58],[32,-32],[7,-89],[59,-68],[39,-6],[57,-31],[30,-55],[48,-27],[63,11],[24,-47],[30,23],[38,-28],[33,78],[37,-13],[47,7],[61,-17],[35,3],[58,-49],[10,27],[39,0],[44,-65],[41,-33],[67,28],[19,33],[70,4],[57,3],[25,-41],[42,25],[19,-44],[-22,-36],[13,-28],[60,-16],[44,3],[35,47],[7,40],[34,4]],[[75367,45310],[4,-140],[17,-35],[43,-47],[35,-21],[35,-63],[-18,-29],[35,-43],[-40,-21],[-47,7],[-11,-35],[25,-81],[-28,-9],[-55,25],[-6,39],[-53,11],[-51,-9],[-34,-30],[-8,-66],[-32,-12],[-14,30],[-57,-9],[-73,42],[-71,0],[-39,-13],[-3,-30],[42,-38],[34,-10],[17,-51],[-45,-27],[9,-28],[-13,-42],[41,-56],[51,-23],[46,-39],[-4,-55],[22,-26],[-20,-42],[5,-60],[-16,-65],[-19,-2],[-30,-58],[-21,-2],[-46,38],[-51,28],[-30,-3],[-98,21],[-21,-19],[-62,-4],[-18,14],[-89,28],[-19,30],[-76,-15],[-39,2],[-46,-19],[-49,-144],[-32,-18],[-18,-42],[-35,12],[-29,-16],[-26,-42],[39,-34],[-27,-65],[-31,-37],[-13,-48],[25,-22],[26,-56],[-51,-39],[-5,-83],[10,-36],[-51,-34],[-56,-7],[-31,34],[-17,-53],[-55,-27],[-41,-80],[-24,3],[-56,-28],[-34,-4],[4,-36],[-29,-44],[45,-25]],[[76075,42030],[-52,85],[-15,48],[-47,-3],[-24,42],[-26,-1],[-48,63],[-63,9],[-56,38],[-28,-10],[-22,19],[-84,-33],[-39,-54],[-6,-31],[-93,-22],[-2,21],[-70,16],[-32,25],[-93,-29],[-27,-52],[-39,-29],[-44,-6],[-31,39],[-9,54],[-34,8],[-38,50],[-52,-7],[-10,-29],[-36,-26],[-11,-38],[-37,-33],[-11,-39],[5,-47],[-26,-6],[-45,-65],[-50,30],[-66,-35],[-4,-33],[-27,-38],[-80,47],[-56,-41],[-11,-39],[-39,-51],[-39,-3],[7,-51],[-61,-21],[-30,-28]],[[37775,40844],[28,-76],[17,-16],[-19,-55],[-8,-82],[47,-34],[51,33],[39,-49],[32,-159],[16,-19],[57,12],[16,-42],[86,-57],[-9,-34],[42,-27],[69,2],[53,-94],[35,18],[-3,45],[45,48],[37,7],[61,41],[30,33],[40,-28],[55,21],[30,30],[63,-12],[40,7],[43,37],[44,62],[47,-16],[64,34],[47,-2],[12,23],[45,-14],[59,6],[27,56],[30,37],[69,22],[23,89],[31,7],[13,52],[55,35],[9,45],[54,76],[-51,8],[18,77],[48,29],[12,38],[81,59],[31,-17],[43,17],[32,73],[-9,39],[42,25],[1,48],[44,25],[-34,28],[36,50],[-16,35],[6,51],[94,8],[-7,35],[48,25],[14,34],[6,65],[32,-1],[21,46],[29,6],[43,-32],[41,9],[21,-44],[41,5],[78,26],[18,-25],[82,11],[16,34],[37,-20],[41,26],[41,1],[-1,38],[33,23],[49,-41],[22,8],[37,-62],[137,65],[13,37],[49,19],[55,-24],[49,54],[35,-18],[36,35],[-4,43],[70,38],[86,18],[27,51],[35,31],[47,0],[14,20],[62,21],[39,33],[64,-28],[29,20],[56,-3],[32,-39],[31,-9],[-2,-48],[30,-66],[47,-40],[50,-2],[29,-55],[35,18],[65,-22],[35,-30],[37,25],[55,-60],[89,-28],[34,-45],[34,-9],[29,18],[93,-65],[34,-8],[33,30],[69,4],[21,-50],[29,14],[21,-29],[54,-9]],[[42400,41573],[40,-39],[-10,-81],[31,-54],[41,-23],[78,-96],[53,-16],[32,21],[39,-21],[26,-35],[47,-29],[61,-2],[114,-49],[5,-42],[45,-4],[70,21],[110,-113],[72,-59],[97,-60],[8,-26],[70,-18]],[[43429,40848],[-364,-1570],[-150,-656],[-50,-206]],[[42865,38416],[-281,-940],[-55,-67],[-59,-45],[-76,-91],[-49,-33],[-34,-54],[-77,-58],[-35,-46],[-9,-52],[-37,-36],[-33,-102],[-58,-78],[4,-38],[-19,-21],[-35,-100],[-44,-59],[-30,-24],[-4,-39],[15,-53],[-44,-86],[-72,-52],[-16,-42],[-23,-1],[-20,-73],[-52,-16],[-74,-111],[-33,5],[-5,486],[-63,0],[-1110,-17],[7,-571],[-155,-46],[-95,10],[-511,-245],[-10,-22],[-58,-18],[-48,29],[-67,-21],[-79,-8],[-11,23],[-43,-27],[-143,-990],[-7,-39],[85,5],[10,-66],[45,-14],[-4,-114],[32,-106],[-9,-46],[5,-48],[31,-34],[36,-75],[25,-17],[12,-39],[-14,-28]],[[39471,34066],[-55,-39],[-71,-73],[-71,-17],[-23,27],[-54,-8],[-16,-25],[-36,4],[-78,-15],[-50,6],[-21,-34],[-39,15],[-75,6],[-126,-41],[-88,-9],[-75,-15],[-64,-49],[-14,11],[-44,-68],[-3,-56],[-29,-113],[10,-26],[-13,-113],[-32,-21],[4,-40],[-36,-26],[4,-31],[38,-31],[-5,-64],[-41,-23],[-10,-53],[-33,5],[-35,-30],[-35,-8],[-53,-40],[-49,33],[-24,-48],[-72,1],[-1,-26],[-75,-75],[7,-31],[-24,-53],[4,-36],[-48,-51],[-39,-13],[-34,15],[-43,-16],[6,-31],[-31,-18],[-12,-48],[10,-35],[-30,-43],[-50,-9],[-22,30],[-26,-15],[-75,-118],[30,-58],[-65,-57],[7,-88],[20,-41]],[[37566,32241],[-38,-34],[-36,9],[-37,79],[-41,32],[-39,-7],[-17,26],[124,105],[25,62],[-10,35],[-68,66],[-38,-1],[-79,-25],[-30,24],[50,111],[27,12],[110,-15],[25,12],[-32,84],[-59,70],[-16,39],[-48,11],[-44,-97],[-60,-2],[-13,61],[35,96],[-45,23],[-48,55],[30,115],[-47,141],[8,73],[43,82],[-12,63],[-47,71],[-93,23],[-47,52],[-40,119],[15,55],[9,114],[-27,27],[-58,-11],[-25,-44],[-41,13],[-18,73],[28,62],[51,23],[17,28],[-33,39],[-54,-2],[-4,46],[30,29],[74,22],[38,75],[49,26],[41,-4],[27,22],[14,70],[32,36],[80,1],[29,27],[29,68],[69,-1],[51,-52],[37,73],[54,78],[9,37],[-608,544],[212,538],[528,1358],[164,5],[28,85],[-31,53],[-19,6],[-4,203],[-103,-2],[441,1722],[229,27],[-60,63],[-54,16],[-156,177],[-59,222],[-54,109],[-18,48],[-201,408],[83,1],[-1,52],[-83,94],[22,109],[-47,29],[-16,50],[-25,16],[-31,84],[-27,7],[-19,56],[19,27],[-22,48],[20,21],[-36,33],[11,30],[-17,51],[90,-22]],[[37638,41009],[27,74],[26,18],[36,-35],[3,-60],[33,-141],[12,-21]],[[39471,34066],[26,-29],[-29,-69],[69,-79],[-53,-91],[-46,-12],[-46,-32],[3,-23],[79,-59],[5,-31],[43,-38],[3,-59],[21,-27],[36,-129],[-5,-40],[33,-76],[38,-23],[29,-53],[-36,-33],[39,-18],[-18,-81],[9,-30],[-28,-29],[12,-28],[-29,-21],[1,-68],[25,-29],[12,-75],[14,-31],[-13,-39],[54,-16],[35,-38],[-47,-113],[-39,-60],[23,-53],[-7,-34],[370,6],[0,34],[28,64],[48,36],[52,63],[37,-7],[20,49],[-13,57],[8,40],[65,27],[13,28],[-1,60],[60,75],[35,28],[31,0],[48,43],[-22,83],[32,37],[36,-20],[63,41],[30,3],[25,30],[33,9],[-13,45],[38,58],[-15,21],[21,50],[-11,26],[17,62],[33,-21],[-1,-26],[45,-103],[45,-29],[7,-37],[26,-37],[49,-27],[12,-42],[24,-20],[-4,-42],[17,-24],[41,6],[56,-40],[40,74],[-13,43],[38,19],[10,-49],[28,-19],[20,35],[50,-1],[1,-105],[43,-79],[7,-53],[24,-76],[48,-33],[24,-34],[40,-8],[63,7],[7,-39],[35,13],[24,-61],[42,-33],[48,-18],[65,-1],[24,26],[49,15],[27,-6],[77,105],[26,50],[108,2],[50,-42],[33,26],[35,-25],[24,-35],[19,-59],[5,-75],[56,-112],[21,-123],[73,-41],[68,-100],[28,-6],[52,-51],[81,17],[73,-12],[55,-69],[15,-37],[34,-31],[27,-68],[26,-19],[-10,-20],[51,-29]],[[42840,31869],[-39,0],[-17,22],[6,20],[-44,52],[-52,20],[-31,-83],[-64,34],[-64,-41],[20,55],[25,-10],[16,57],[-35,15],[-37,-89],[-40,71],[-17,-36],[-41,-1],[-30,-32],[2,-34],[-30,-10],[5,-51],[21,-2],[-3,-56],[22,-73],[-56,-78],[32,-63],[-41,-27],[-4,51],[-27,32],[-33,-56],[3,-63],[-40,0],[10,-38],[-23,-20],[83,-58],[-44,-70],[18,-33],[-41,-34],[8,-26],[74,-84],[-37,-144],[51,-49],[-17,-57],[-49,-6],[8,44],[-53,18],[3,62],[-34,8],[-39,31],[21,31],[-40,24],[0,-50],[17,-32],[13,-77],[-69,74],[-16,-24],[-31,25],[-25,-72],[-35,24],[-38,-30],[-19,-66],[61,-31],[10,-39],[-22,-78],[59,-59],[-21,-34],[47,-50],[41,-20],[-22,-40],[-61,27],[-22,21],[-51,-11],[47,-41],[-45,-98]],[[41964,30411],[-43,-4],[-54,20],[-17,-33],[-51,-2],[-36,-40],[-24,17],[-24,74],[-38,-3],[30,-79],[-14,-22],[8,-47],[40,0],[7,-29],[-34,-37],[29,-26],[90,2],[-10,-55],[-70,-55],[-53,-11],[24,-53],[30,7],[-15,-79],[-35,6],[-18,36],[-72,-46],[-29,93],[-24,-100],[24,-13],[6,-64],[16,-39],[-18,-46],[-37,0],[-15,55],[-37,4],[4,-40],[-110,5],[11,-47],[36,-7],[-17,-44],[18,-23],[-23,-78],[125,-42],[13,-34],[47,-41],[3,-41],[37,-149],[-60,66],[-30,-78],[-48,16],[-25,-70],[-58,69],[-33,-81],[-39,-19],[-45,38],[-149,16],[-2,-172],[-97,4],[-30,21],[-64,1],[-21,-48],[-36,-22],[-29,35],[-28,-12]],[[40850,29065],[-43,24],[-21,64],[12,24],[-29,45],[-3,38],[-25,76],[-100,-19],[-71,1],[-8,-34],[-68,-8],[-23,-31],[-22,-101],[-20,-36],[-41,-27],[8,-40],[-33,-50],[-56,-31],[-26,-37],[-97,-60],[-62,28],[-33,38],[-58,-88],[-32,23],[-18,38],[-68,-53],[-42,44],[-19,-25],[-6,-51],[13,-24],[-42,-20],[-9,-22],[-40,-14],[-26,34],[-52,26],[-2,66],[-44,3],[-16,-40],[-43,40],[-45,-14],[-23,43],[-60,-10],[-36,40],[-19,-21],[-88,12],[-19,-25],[-94,-20],[-37,45],[-40,11],[-22,-20],[-79,10],[-39,48],[-29,-22],[-5,-53],[-40,-25],[-128,78],[-31,-25],[-26,-45],[-38,39],[-38,7],[-36,-14],[-13,48],[-40,25],[-106,37],[-102,15],[-32,-8],[-23,30],[-71,-23],[-82,34],[1,53],[-24,25],[-49,107],[-42,-27],[-55,-1],[-56,46],[-34,-6],[-4,-31],[-60,-47],[-25,-48],[-68,33],[-24,-14],[-22,-50],[-43,31],[-11,41],[-26,4],[-58,-28],[-55,17],[-91,4],[-27,96],[-60,-15],[-53,2],[14,43],[-8,39],[-37,17],[13,58],[58,36],[20,36],[-2,48],[22,41],[37,119],[-28,47],[68,74],[-109,59],[73,61],[38,81],[14,58],[-77,50],[3,49],[97,76],[30,38],[-6,25],[-89,49],[-37,85],[38,68],[14,50],[-79,40],[-19,25],[-12,78],[20,54],[27,22],[44,88],[-1,46],[36,77],[7,45],[90,123],[23,84],[-109,42],[-46,59],[24,31],[71,54],[54,52],[13,94],[-36,131],[2,32],[34,76],[-45,87],[-4,74],[46,51],[60,99],[-17,55],[13,33],[-34,27]],[[42865,38416],[-137,-1661],[84,-73],[20,-38],[94,10],[48,-18],[19,51],[52,16],[39,-49],[55,23],[63,-8],[50,-72],[56,-22],[43,-56],[27,-58],[72,-36],[59,50],[18,-22]],[[43527,36453],[-42,-56],[15,-34],[-87,-53],[-25,-41],[-48,5],[-25,-31],[-13,-96],[-32,-39],[-6,-58],[-30,-27],[1,-53],[-51,-77],[-22,-97],[-48,-52],[-38,-176],[-34,-39],[-3,-35],[-50,-102],[-23,-68],[-47,-8],[7,-47],[-35,-24],[-7,-35],[39,-98],[54,-30],[33,-44],[19,-61],[2,-71],[44,-64],[-26,-39],[10,-45],[74,-15],[31,-19],[22,31],[66,8],[45,-14],[67,-2],[41,25],[2,72],[75,-30],[16,-107],[46,-56],[-1,-38],[34,-64],[39,-104],[-4,-47],[-31,-24],[-8,-45],[-52,13],[-59,-19],[-29,22],[-47,-45],[-73,-35],[-34,-26],[0,-36],[-54,-38],[-28,-38],[2,-36],[-32,-11],[-3,-81],[50,-16],[11,-43],[-23,-27],[6,-35],[-38,-11],[-26,22],[-38,-2],[4,-39],[-48,-3],[-5,33],[-2,165],[21,13],[-9,67],[32,87],[-48,62],[-162,-10],[-34,14],[-34,66],[-23,-17],[-30,32],[-65,-33],[-39,-73],[-31,-24],[-9,-65],[16,-43],[-18,-112],[67,-68],[78,-16],[-11,-20],[-6,-101],[32,-81],[2,-69],[-41,-163],[-51,22],[-37,30],[-44,-37],[-63,-99],[-72,-2],[24,-34],[-11,-45],[2,-110],[-11,-26],[10,-88],[55,-44],[-6,-60],[14,-45],[63,-69],[-10,-74],[126,-80],[14,-63],[29,-50],[3,-35],[27,-29],[40,-2],[15,-20],[-10,-46],[23,-22],[27,-64],[-11,-40],[20,-33],[49,-14],[-5,-71],[31,-21],[36,-55],[-13,-50],[80,-93]],[[43087,32020],[-45,-27],[-106,-136],[-80,24],[-16,-12]],[[41964,30411],[37,-58],[52,-47],[12,-48],[45,-34],[25,-80],[50,-46],[33,73],[79,-22],[29,-40],[55,-21],[55,5],[56,-55],[42,28],[68,-56],[34,-10],[28,-29],[9,-49],[67,-3],[10,-48],[66,-15],[39,29],[20,-67],[-25,-24],[-33,-88],[-97,-64],[-6,-23],[-77,-43],[21,-68],[29,-51],[-7,-41],[15,-40],[-4,-82],[6,-54],[65,-19],[37,-57],[51,11],[42,-28],[31,20],[17,-75],[30,-48],[91,-52],[13,35],[29,23],[48,1],[40,-59],[35,-33],[68,13],[27,-8],[14,-41],[32,-8],[13,29],[61,28],[25,-6],[35,-46],[52,-12],[4,-30],[66,-34],[1,-33],[38,-26],[1,-34],[54,-30],[20,-46],[90,-31],[-16,-17],[-63,-31],[-67,0],[-23,-65],[2,-46],[-81,-33],[-50,29],[-75,-13],[-50,-47],[-70,-25],[-10,-25],[-51,-50],[-53,-4],[-21,-19],[-52,-5],[-49,-31],[-31,38],[-49,-9],[23,-56],[-30,-41],[16,-44],[-37,-31],[-4,-41],[17,-112],[-20,-106],[23,-38],[-3,-86],[10,-18],[74,-42],[25,-32],[-5,-43],[42,-14],[13,-41],[28,-17],[33,-73],[52,-93],[30,-7],[118,-89],[-5,-56],[76,-36],[41,64],[40,-18],[41,20],[25,-42],[-17,-17]],[[43624,27182],[-19,-37],[-63,10],[-72,-18],[-43,11],[-69,-2],[-20,-33],[-38,2],[-93,-50],[-38,9],[-31,-30],[-10,-55],[-75,7],[-91,-77],[-51,-11],[-48,-49],[-12,-58],[15,-17],[-25,-52],[-24,-7],[-45,-69],[-24,-20],[-36,-82],[-2,-109],[-22,-11],[-55,-117]],[[42633,26317],[-23,22],[-5,46],[37,45],[6,28],[-42,43],[1,62],[-70,31],[-50,-14],[4,76],[-10,39],[-36,57],[13,12],[-2,73],[-26,40],[-34,18],[14,46],[-4,40],[26,14],[-51,93],[-13,163],[-20,11],[-14,81],[35,128],[-7,25],[55,68],[27,70],[2,103],[0,109],[-15,11],[-11,65],[-34,35],[-89,62],[-25,33],[-5,34],[-58,30],[-58,132],[-8,62],[29,56],[7,44],[-20,125],[-47,15],[-21,-8],[-61,35],[5,44],[-51,36],[-18,40],[-23,99],[-41,12],[-87,-7],[-34,21],[-112,-35],[-25,29],[-71,-22],[-110,26],[-13,-22],[-42,-3],[-50,32],[-40,-25],[-45,3],[-39,-15],[-56,38],[-32,-12],[-54,53],[-10,51],[-53,-5],[-87,58],[-43,5],[-50,72],[1,15]],[[43087,32020],[36,55],[47,39],[-15,-76],[-35,-45],[0,-36],[-23,-25],[-4,-68],[-24,-18],[-4,-39],[28,-19],[-46,-168],[32,-32],[-11,-24],[41,-90],[15,-53],[-22,-66],[50,-46],[-36,-53],[28,-42],[24,-85],[39,-54],[43,0],[6,-27],[46,-20],[7,-40],[38,-46],[20,31],[36,-30],[-15,-50],[70,-25],[48,-89],[34,-42],[1,-39],[56,-4],[47,-22],[25,-44],[41,-10],[18,60],[9,74],[3,129],[265,380],[68,-3],[45,-33],[45,36],[40,-26],[41,-2],[-7,-47],[34,-28],[150,58],[-11,-48],[42,-70],[-44,-65],[14,-36],[72,-62],[5,-44],[-54,-24],[3,-42],[23,-50],[36,-30],[77,41],[46,71],[41,12],[156,-89],[42,-38],[26,-72],[48,-12],[36,-36],[90,42],[54,83],[49,39],[55,18],[-6,-101],[-45,-67],[33,-91],[74,-66],[40,-48],[101,-77],[22,15],[50,-51],[8,-58],[75,-9],[78,-45],[34,20],[16,-34],[53,11],[51,-18],[24,-27],[93,-49],[45,-10],[57,-68],[5,-86],[62,-36],[44,-5],[36,-46]],[[46177,29858],[17,-59],[-29,-19],[-44,35],[-31,-16],[-39,-51],[-32,37],[-49,20],[-17,-20],[-54,33],[-65,-10],[-32,-29],[-23,-44],[-45,42],[-69,-45],[14,-40],[69,-97],[5,-71],[13,-60],[-12,-94],[15,-37],[198,-83],[-13,-41],[14,-57],[-52,-44],[-167,-403],[-30,-32],[-16,-41],[-6,-51],[17,-43],[13,-91],[30,-46],[71,-79],[43,-105],[21,-68],[5,-11],[56,-55],[34,-18],[10,-52],[30,-20],[58,-89],[28,-63],[19,1],[73,-50],[44,-9],[10,-23],[79,-42],[36,-7],[61,-46],[54,9],[122,45],[34,-8],[54,29],[75,19],[8,35],[47,50],[64,-20],[19,9],[-7,-30],[30,-26],[5,-62],[26,-18],[-18,-40],[48,-21],[65,-10],[5,-36],[-37,-4],[-48,-83],[-76,-45],[-14,-57],[-40,-17],[-54,-45],[-27,-110],[-54,-31],[-10,-57],[8,-42],[-15,-74]],[[46699,27025],[-6,42],[-33,9],[-24,44],[-49,30],[-40,-13],[-38,27],[-28,60],[-57,19],[-76,-7],[-78,32],[-19,20],[-137,25],[-38,19],[-35,46],[-38,18],[-21,46],[-25,14],[-20,44],[-89,55],[-56,16],[-37,29],[-24,-3],[-55,-42],[-54,-2],[-38,24],[-555,-142],[-4,-34],[21,-79],[-28,-56],[4,-96],[-10,-16],[1,-73],[-20,-35],[-25,-107],[-30,-71],[-8,-23]],[[44930,26845],[-55,50],[-80,108],[3,44],[-54,-16],[-56,24],[-25,47],[-75,72],[-23,-20],[-41,29],[-67,75],[-27,-15],[-79,16],[-66,0],[-99,45],[-70,-33],[-61,7],[-71,-33],[3,-40],[-36,-12],[-6,-27],[-113,-51],[-17,87],[-74,-2],[-67,-39],[-15,28],[-35,-7]],[[43527,36453],[58,-13],[39,-28],[24,64],[50,49],[16,34],[-10,32],[38,48],[-10,31],[32,40],[179,5],[40,42],[5,30],[41,53],[113,-11],[38,-19],[41,76],[62,26],[11,55],[68,106],[3,91],[50,44],[33,69],[83,44],[33,36],[49,27],[57,13],[61,51],[43,-9],[36,-37],[69,-19],[23,11],[134,-7],[28,-24],[17,71],[-59,31],[-14,50],[-43,25],[15,33],[-97,91],[3,32],[-38,1],[-43,31],[9,65],[-31,52],[4,45],[-85,53],[-29,88],[12,49],[39,-5],[55,-28],[90,1],[41,-14],[35,22],[36,-18],[34,46],[71,19],[24,25],[-6,30],[61,62],[5,42],[27,37],[3,47],[40,88],[31,36],[62,-16],[8,-30],[87,-10],[21,20],[102,-15],[23,26],[31,100],[54,-2],[28,12],[38,48],[49,-12],[46,31],[4,37],[106,-92],[22,-33],[53,-8],[38,48],[82,-20],[49,71],[42,-7],[-4,36],[66,60],[39,18],[42,-43],[73,-15],[7,42],[89,54],[38,-18],[31,-61],[28,-32],[81,-46],[114,-11],[26,-29],[95,-16],[54,-32],[29,-32],[60,4],[30,-71],[9,-104],[23,-26],[52,-4],[5,-58],[-31,-28],[-23,-68],[-79,-74],[-40,-86],[10,-121],[-38,-10],[71,-93],[15,-62],[54,-28],[11,-68],[37,7],[49,-51],[37,-68],[34,-7],[-8,-124],[-33,-39],[21,-74],[82,-4],[32,25],[46,7],[7,-66],[-63,-12],[-24,-25],[-91,-49],[-13,-46],[-41,-33],[-16,-128]],[[47209,36909],[-27,-40],[-57,-21],[-117,11],[-35,-12],[-82,-2],[-58,19],[-18,-11],[-2,-82],[-28,-102],[-36,-31],[21,-23],[44,-89],[12,-51],[28,-50],[23,-13],[-2,-37],[38,-74],[0,-50],[34,-155],[31,-18],[43,-152],[32,-14],[-9,-61],[45,-49],[14,-73],[-26,-50],[7,-51],[-7,-94],[47,-18],[46,-146],[45,-80],[31,-5],[54,-92],[11,-72],[32,-71],[49,-36],[34,11],[31,-36],[2,-37],[34,-52],[49,-110],[37,-30],[-1,-32],[43,-49],[50,-19],[21,-40],[60,-45],[17,-94],[43,-77],[4,-34],[30,-10],[42,-39],[50,-95],[6,-33],[-7,-110],[20,-22],[10,-70],[23,-36],[84,-96],[47,-14],[34,-41],[55,-24],[46,-61],[15,-49],[41,-31],[51,-72],[71,-24],[62,-161],[45,-63],[-12,-31],[-79,-64],[-74,-85],[-107,-46],[-45,-38],[-49,-18],[-116,-4],[-55,-30],[-49,-42],[-42,17],[-53,-39],[-85,4],[-15,-23],[-10,-68],[24,-78],[-27,-187],[-128,-142],[-50,-24],[-25,-48],[-12,-57],[-31,-34],[8,-76],[40,-47],[51,-22],[31,-53],[28,-71],[62,-46],[12,-76],[74,-106],[23,-13],[12,-69],[3,-105],[17,-70],[1,-65],[24,-26],[-13,-35],[12,-48],[63,-144],[20,-62],[54,-70],[4,-29],[-25,-27],[23,-46],[7,-69],[46,-55],[34,-178],[-6,-27],[22,-45],[-2,-49],[14,-54],[-61,43]],[[48079,30542],[-43,1],[-74,50],[-7,18],[-57,13],[-24,-19],[-48,42],[-30,-41],[-57,-11],[-19,49],[-43,14],[-85,-44],[-37,17],[-80,-17],[-29,17],[-17,-41],[-115,49],[-16,32],[-42,16],[-29,-14],[-27,34],[-24,-11],[-10,-44],[-49,5],[-60,-55],[-36,16],[-85,-46],[-83,-5],[-47,43],[-39,-59],[-234,-21],[11,-37],[-9,-47],[8,-37],[-28,-41],[21,-119],[-11,-153],[21,-42],[-48,-52],[-65,-103],[-24,-60],[-5,-87],[-37,4],[-60,60],[-31,-14],[-57,21],[-12,36],[-30,-1]],[[44930,26845],[-20,-41],[-38,-22],[-48,-96],[-48,-14],[-42,-29],[-62,-74],[-94,-17],[-39,-48],[-22,-88],[16,-45],[43,-53],[-26,-78],[-32,-20],[-22,-46],[-73,59],[-51,-16],[-91,6],[-43,-39],[-51,-1],[-57,-139],[5,-81],[-54,-40],[-38,-76],[52,-69],[64,-152],[34,-59],[49,-32],[55,-53],[31,5],[79,-78],[54,-79],[35,-26],[30,-88],[-1,-41],[23,-48],[-133,-49],[13,-32],[4,-78],[32,-132]],[[44464,24836],[-25,-24],[-13,-58],[-85,-11],[-102,1],[-47,-56],[-49,16],[-50,-55],[-29,-10],[-23,30],[-21,-35],[-32,-2],[-36,-32],[-11,-48],[12,-47],[-89,-10],[-75,12],[-41,-33],[-30,-5],[-62,-54],[-61,29],[-37,46],[-65,-55],[-89,-20],[-42,17],[-16,-37],[-83,-1],[-35,20],[-11,18],[-85,59],[-30,7],[-41,-85],[-23,-4],[-66,61],[-42,-9],[-47,40],[-18,82],[-35,24],[12,31],[7,84],[-11,108],[-21,28],[37,81],[-20,55],[-10,60],[23,67],[-58,11],[1,72],[-27,27],[1,63],[-77,43],[-44,12],[-17,92],[25,64],[-45,115],[-3,48],[-35,54],[33,15],[1,73],[62,101],[25,83],[-67,117],[-45,43],[13,31],[-8,64],[47,27],[4,41]],[[48333,38332],[-9,-20],[-146,-122],[-60,-9],[-7,-58],[-49,-73],[12,-55],[-15,-50],[-4,-89],[-78,-100],[-25,-57],[30,-50],[40,-41],[52,-73],[48,-132],[15,-19],[-5,-58],[22,-99],[24,-27],[-17,-26],[24,-60],[0,-48],[26,-10],[-4,-60],[18,-38],[64,-21],[-5,-27],[22,-53],[-4,-42],[15,-43]],[[48317,36772],[-38,-7],[-98,12],[-95,55],[-28,0],[-269,36],[-133,-70],[-99,165],[-83,24],[-69,-41],[-82,-14],[-35,-26],[-79,3]],[[43429,40848],[5,-6],[51,16],[5,33],[40,-12],[46,12],[23,-20],[70,1],[42,21],[35,-19],[24,37],[40,22],[117,20],[38,-31],[36,9],[44,-18],[21,28],[59,9],[8,32],[94,68],[44,15],[-8,30],[12,52],[22,38],[70,18],[44,25],[131,21],[146,58],[36,-40],[39,29],[76,-8],[62,-45],[-7,-40],[20,-36],[94,-25],[27,-20],[17,-46],[32,-22],[33,-96],[-24,-64],[36,-34],[63,-27],[90,-16],[24,23],[38,-3],[51,33],[17,33],[60,20],[56,40],[75,2],[52,-36],[77,15],[33,-15],[25,81],[48,65],[12,67],[-26,63],[37,33],[8,36],[32,25],[57,15],[54,-2],[20,28],[73,57],[37,65],[68,72],[32,46],[84,37],[-8,42],[10,57],[23,59],[30,17],[47,1],[44,72],[6,35],[35,10],[24,28],[69,10],[28,-48],[28,-18],[-30,-644],[-24,-420],[-53,-6],[-66,-20],[-91,2],[-58,-45],[-42,-13],[-27,-26],[-11,-47],[-35,-29],[-26,-44],[-15,-74],[-33,-70],[-73,-105],[-28,-101],[19,-66],[-10,-19],[61,-11],[57,29],[43,-37],[55,-8],[93,-87],[84,-108],[83,15],[22,-22],[75,-9],[36,44],[54,35],[87,-8],[13,-42],[40,-37],[69,-5],[88,-24],[70,-51],[40,14],[42,94],[31,37],[38,-27],[27,7],[55,-43],[100,4],[51,26],[157,-21],[16,-14],[78,-27],[19,-41],[37,-15],[225,6]],[[46699,27025],[31,-55],[16,-5]],[[46746,26965],[9,-26],[-15,-287],[-39,-49],[-29,-98],[-25,-33],[-43,-102],[-14,-73],[-20,-52]],[[46570,26245],[-22,-69],[-35,-65],[-46,-61],[-29,-41],[-87,-26],[-131,-88],[-121,-67],[-61,6],[-25,-11],[-33,-48],[-37,-115],[-7,-86],[-36,-106],[-14,-109],[-1,-45],[-43,-103],[-2,-90],[-52,-111],[-17,-106],[-9,-100],[9,-52],[8,-62],[-47,-161],[-34,-50],[-49,-44],[-30,-10],[-22,-11],[-10,-6]],[[45587,24408],[-12,-8],[-92,-87],[-70,-51],[-59,-17]],[[45354,24245],[-16,-13],[-56,54],[-25,56],[1,44],[-67,2],[-74,56],[-32,53],[-23,6],[-31,86],[-15,45],[-42,25],[-68,15],[-23,37],[-50,-15],[-20,29],[-45,12],[-52,-13],[10,50],[-42,44],[-52,-33],[-16,44],[-33,13],[-32,-10],[-17,37],[-34,16],[-36,-49]],[[48079,30542],[-30,-18],[6,-173],[-25,-91],[-23,-45],[-14,-69],[-35,-78],[8,-98],[115,-51],[66,3],[80,-16],[184,-50],[523,123],[22,-116],[25,-45],[2,-54],[60,-54],[14,-25],[61,-55],[26,-7],[80,-98],[63,-18],[80,-106],[113,-59],[-35,-81],[9,-15]],[[49454,29246],[-36,-70],[-104,-111]],[[49314,29065],[-53,-41],[-17,-42],[-78,-30],[-41,-29],[-98,-42],[-32,-39],[-69,-33],[-51,-48],[-84,-28],[-63,-52],[-47,-21],[-115,-90],[-91,-95],[-32,-61],[-68,-35],[-136,-52],[-109,-51],[-35,-71],[-55,-17],[-74,-55],[-75,-120],[6,-68]],[[47897,27945],[-50,-78]],[[47847,27867],[-43,-66],[-40,-41],[-32,-51],[-40,-38],[-64,-7],[-21,-4],[-4,-2],[-9,-3],[-97,-38],[-84,-38],[-79,-49],[-35,-53],[-66,-25],[-42,-49],[-46,-23],[-74,-56],[-135,-67],[-52,-99],[-40,-20],[-40,-39],[-20,-58],[-38,-76]],[[48317,36772],[34,-30],[29,-62],[37,5],[66,33],[31,-27],[51,-8],[48,-26],[109,-43],[35,10],[39,-27],[48,-65],[9,-68],[42,-41],[42,-22],[44,6],[65,-60],[35,-66],[31,-135],[76,-94],[20,-13],[-16,-46],[17,-27],[-6,-49],[13,-25],[9,-45],[33,-31],[44,-84],[48,-9],[38,-61],[31,25],[78,-16],[83,-73],[20,-42],[-4,-60],[27,-49],[-10,-22],[37,-45],[54,-82],[-6,-23],[52,-68],[62,-58],[7,-21],[58,-70],[-6,-65],[12,-23],[-22,-47],[-1,-109],[30,-58],[-4,-30],[26,-56],[-9,-36],[34,-51],[39,-18],[0,-35],[28,-17],[16,-75],[38,-17],[21,-41],[26,19],[24,84],[32,28],[24,-4],[40,28],[23,50],[103,60],[50,13],[112,-17],[59,7],[60,57],[47,-7],[144,231],[18,-72],[17,-30],[16,-89],[-9,-72],[21,-40],[54,-6],[49,-29],[36,-7],[131,-144],[10,-47],[59,-73],[33,-25],[39,-78],[135,-136],[101,-46],[32,-28],[46,-61],[50,-19],[48,-47],[30,-14],[10,-49],[27,-39]],[[51776,33778],[-40,-74],[-30,-31],[-54,-127],[-50,-54],[-61,-41],[-97,-165],[-16,-56],[-73,-74],[-76,-54],[-22,-18],[-36,-48],[-68,-177],[-22,-90],[25,-77],[-22,-103],[7,-135],[32,-71],[-23,-125],[-93,-67],[-105,-1],[-20,-15],[-81,-116],[-28,-68]],[[50823,31991],[-8,-63],[-31,-75],[-40,-20],[-35,-43],[-91,-9],[-30,-45],[6,-86],[-8,-43],[34,-75],[32,-104],[-16,-49],[-12,-132],[-17,-43],[-86,-84],[-23,-67],[-24,-113],[-45,-35],[-32,-68]],[[50397,30837],[-81,-53],[-123,35],[-46,-30],[-54,-102],[0,-38],[73,-74],[12,-58],[24,-42],[7,-51],[-16,-54],[-46,-97],[-60,-80],[-96,-34],[-30,-29],[-50,-112],[-12,-77],[-97,-102],[-33,-47],[-58,-32],[-58,-70],[-38,-77],[-45,-196],[-36,-75],[-48,-76],[-32,-20]],[[52535,34471],[-2,-28],[-36,-73],[-71,-192],[-22,-89],[-16,-32],[-79,-73]],[[52309,33984],[-69,-55],[-62,-24],[-81,-18],[-93,-11],[-123,-29],[-57,-28],[-48,-41]],[[35779,63915],[-39,-113],[-72,-75],[-10,-41],[-45,-40],[-30,4],[-32,31],[-46,-18],[21,-47],[-24,-37],[26,-40],[-20,-45],[-85,-135],[23,-102],[1,-86],[-76,-104],[-51,-42],[-17,-31],[18,-61],[-2,-79],[30,-21],[23,-64],[16,-101],[55,-146],[47,-54],[72,-58],[28,-38],[114,-60],[35,-35],[51,-27],[39,-38],[40,-13],[89,10],[111,42],[34,5],[51,-30],[67,-124],[8,-116],[18,-48],[-30,-81],[16,-120],[1,-51],[61,-111],[5,-96],[23,-72],[-10,-59],[61,-38],[8,-129],[-53,-55],[-14,-34],[26,-100],[-1,-39],[-33,-46],[-6,-96],[8,-29],[-65,-95],[-34,-66],[-25,-74],[-79,-94],[-2,-72],[18,-48],[-9,-51],[-50,-84],[-36,-123],[26,-95],[0,-141],[25,-70],[4,-64]],[[36082,59705],[3,-42],[-26,-67],[3,-54],[-77,-107],[-59,-60],[-27,-87],[72,-111],[11,-48],[-15,-50],[37,-69],[18,-60],[-9,-65],[32,-73],[63,-99],[-4,-87],[-35,-43],[-18,-70],[31,-42],[8,-107],[-2,-70]],[[36088,58294],[-45,-32],[-27,-63],[22,-96],[-4,-32],[21,-62],[31,-37],[36,-96],[-25,-74],[37,-76],[-5,-57],[-58,-54],[4,-42],[-31,-29],[-4,-28],[2,-63],[22,-22],[30,13],[48,-26],[-19,-95],[19,-29],[-13,-105],[3,-103],[9,-45],[45,-55],[-3,-51],[-29,-33],[3,-47],[-14,-43],[-37,-15],[-67,-55],[-11,-92],[-2,-89],[-61,-26],[-10,-48],[34,-61],[26,-126],[1,-116],[9,-58],[-25,-106],[-46,-44],[-23,-77],[-2,-137],[-30,-22],[-31,11],[-35,-36],[-83,-38],[-36,-102],[-75,-79],[-36,17],[-21,-19],[-7,-51],[-26,1],[-27,-37],[-30,6],[-83,-18],[-48,-106],[-32,10],[-8,-43],[-24,-37],[-52,-44],[-29,6],[-85,-58],[-8,-29],[-77,-46],[-25,-44],[-73,-26]],[[34948,54978],[-109,-13],[-56,-28],[-53,2],[-52,-40],[-52,-6],[-98,-48],[-86,-113],[-35,-26],[-39,-81],[-5,-38],[-82,-35],[-54,41],[-13,47],[-41,44],[-42,28],[-65,-3],[-30,40],[-135,20],[-222,-25],[-57,6],[-62,-8],[-28,-26],[-58,-9],[-42,10],[-72,-30],[-30,14],[-22,-30],[-57,6],[-18,16],[-76,-15],[-18,-14],[-63,-7],[-19,19],[-46,-43],[-59,-10],[-48,-37]],[[32904,54586],[-258,244],[-36,56],[-22,97],[24,53],[-3,129],[-30,47],[-24,11],[-15,42],[-75,56],[-18,62],[-22,7],[26,71],[-11,86],[-36,25],[14,49],[-20,31],[10,38],[-52,52],[-41,-8],[-93,15],[-53,73],[-36,113],[10,65],[-25,35],[3,83],[-35,96],[14,133],[-8,41],[16,79],[-13,63],[46,76],[82,56],[54,113],[106,82],[19,79],[54,9],[40,34],[30,68],[0,58],[-13,37],[18,61],[-26,73],[-50,15],[-22,24],[-22,109],[-27,35],[-12,63],[7,30],[38,40],[-54,46],[-18,59],[33,23],[7,46],[-89,-6],[-36,-11],[-13,27],[-36,-24],[-30,13],[-20,41],[-48,-16],[-38,20],[-76,-6],[-30,22],[-41,-11],[-31,-39],[-82,20],[-32,22],[-90,12],[-5,72],[-43,17],[-37,-22],[-22,-35],[-32,-12],[-17,-68],[-54,36],[-41,0],[-30,63],[-24,4],[6,54],[-42,24],[-71,123]],[[31281,58086],[-1228,-29],[0,-10],[-973,-16],[-275,-4]],[[28805,58027],[45,20],[17,154],[-1,79],[-12,90],[8,35],[27,22],[-9,32],[20,36],[-6,62],[59,-6],[6,52],[-12,62],[-17,19],[26,38],[-54,61],[10,55],[22,11],[11,81],[-25,30],[29,62],[-11,101],[29,74],[-27,24],[-9,115],[16,34],[23,145],[-35,23],[-62,89],[2,58],[-31,43],[-35,9],[-55,67],[21,16],[-25,56],[-53,79],[4,104],[19,16],[16,55],[-11,27],[-37,21],[-42,1],[-11,32],[38,144],[6,69],[-12,20],[29,40],[36,21],[33,104],[20,26],[6,51],[-27,16],[37,47],[-7,104],[31,30],[5,91],[-12,19],[-31,150],[-50,28],[30,71],[1,47],[-100,55]],[[28668,61344],[49,29],[47,-11],[67,78],[-12,55],[29,7],[37,78],[-44,14],[-18,30],[19,79],[-37,45],[4,64],[-13,31],[-31,-13],[-53,47],[52,37],[-83,37],[-46,69],[56,63],[13,55],[-23,29],[2,47],[-50,44],[-33,-3],[-77,43],[25,65],[7,121],[-48,10],[9,51],[66,5],[23,33],[47,18],[38,-16],[62,4],[-7,43],[15,82],[-10,42],[-75,122],[-9,36],[5,66],[32,105],[24,36],[3,52],[36,114],[47,103],[45,47],[-35,35],[-19,55],[-46,54],[-7,70],[-29,52],[-39,-7],[-24,24],[-69,26]],[[34948,54978],[-12,-124],[18,-66],[52,-124],[-21,-120],[6,-44],[-10,-49],[9,-62],[-14,-57],[-23,-29],[-51,-33],[-38,-71],[10,-79],[-45,-86],[11,-136],[-23,-25],[7,-33],[12,-35],[-9,-40],[-35,-63],[3,-168],[26,-53],[20,-79],[-15,-39],[21,-43],[6,-94],[23,-60],[-30,-90],[-1,-87],[-61,-76],[-34,-150],[-23,-38],[16,-38],[25,-5],[10,-113],[-23,-53],[-66,-61],[38,-76],[-28,-54],[-50,30],[-21,-23],[-13,-83],[48,-11],[-30,-58],[-4,-78],[-16,-22],[68,-203],[5,-62],[17,-78],[-35,-92],[-33,-49],[34,-41],[-44,-104],[14,-94],[61,-100],[-38,-67],[26,-100],[-15,-61],[22,-29],[-3,-50],[14,-33],[7,-66],[25,-63],[27,-102],[-35,-36],[-17,-60],[-34,-57],[0,-135],[-27,-14],[9,-54],[-36,-11],[4,-38],[15,-49],[-10,-67],[8,-38],[-48,-73],[-15,-111],[-25,-45],[27,-55],[-55,-73],[-22,-89],[30,-129],[34,-20],[43,-69],[-9,-48],[14,-18],[1,-96],[-18,-24],[-6,-102],[15,-24],[-16,-66],[1,-146],[-17,-28],[61,-29],[9,-85],[-11,-65],[33,-50],[-1,-55],[-86,-71],[-41,12],[0,-37],[82,31],[86,91],[112,89],[14,5],[186,-29],[88,-5],[157,2],[22,-79],[1,-53],[-30,-61],[31,-117],[-14,-79],[-14,-29],[-57,-28],[0,-29],[35,-56],[-14,-65],[24,-59],[-47,-26],[-35,-4],[-59,-113],[29,-19],[6,-37],[-53,-128],[-7,-78]],[[35083,47655],[-38,-25],[-25,-87],[24,-50],[13,-120],[-14,-41],[21,-95],[34,-49],[-1,-36],[20,-32],[-21,-39],[-44,0],[19,-64],[-26,-35],[-54,-29],[-29,-65],[-51,-70],[0,-20],[-42,-66],[-29,-16],[-31,23],[-60,-61],[13,-51],[-9,-55],[-32,-14],[-12,-49],[-40,-16],[-28,-37],[-27,22],[-51,-2],[16,-48],[4,-61],[-25,-101],[4,-22],[-30,-109],[8,-73],[-22,-32],[-67,-41],[-28,4],[30,-80],[-8,-29],[20,-104],[-15,-46],[-35,-23],[-67,-66],[-6,-34],[-76,-144],[-94,-117],[-8,-67],[-17,-31],[-20,-81],[-52,-53],[-33,0],[-41,-41],[-16,-41],[-49,-17],[-13,-132],[-20,-35],[-83,19],[-35,-11],[-71,45],[-28,-8],[-22,-37],[-29,-15],[29,-110],[79,-33],[21,-63],[-40,-62],[7,-22],[62,-61],[-10,-55],[35,-47],[-5,-58],[-40,-40]],[[33773,44294],[-148,3],[-638,-3],[-469,1],[-307,-1],[-162,1772],[-29,295],[-601,754],[-74,85],[-74,97],[143,37],[574,13],[-58,801],[-30,444],[-46,-14],[-56,30],[-15,28],[-31,170],[-16,35],[8,35],[-49,67],[-1,28],[-42,24],[-7,50],[-49,84],[-3,35],[23,51],[-37,27],[-12,51],[-26,18],[-63,71],[-30,126],[34,40],[-3,31],[-32,13],[-17,107],[-45,6],[5,45],[30,34],[-18,66],[37,105],[39,26],[36,48],[10,49],[41,46],[15,57],[-7,27],[46,21],[-16,35],[-49,-8],[-17,18],[1,89],[-23,-9],[-51,38],[-14,124],[-29,65],[-38,18],[34,97],[-113,87],[-33,15],[-84,6],[-13,55],[-58,-5],[-54,75],[-49,-51],[-79,47],[-14,43],[-41,-5],[-11,31]],[[30868,50994],[-11,44],[60,98],[0,36],[36,46],[53,42],[23,48],[24,15],[53,-8],[51,21],[93,75],[8,51],[46,39],[54,26],[68,4],[54,14],[45,72],[53,19],[31,112],[-17,97],[18,20],[10,93],[-11,40],[41,67],[-1,49],[28,2],[13,38],[19,20],[-12,39],[46,96],[9,55],[32,22],[46,68],[-28,24],[7,60],[-18,72],[35,24],[46,62],[13,38],[59,32],[2,52],[66,105],[37,-7],[37,18],[25,-16],[50,30],[33,121],[30,30],[19,56],[-15,114],[21,149],[-34,94],[-6,44],[31,104],[-1,80],[24,33],[6,37],[-18,32],[23,39],[43,14],[26,53],[2,47],[57,67],[62,17],[34,75],[47,20],[34,41],[75,14],[44,-19],[54,42],[2,110],[50,122],[31,28],[27,60],[42,14]],[[35083,47655],[307,6],[478,8],[398,7]],[[36266,47676],[40,-156],[31,-46],[57,-53],[39,1],[-9,-88],[9,-38],[-25,-281],[-10,-83],[35,-9],[39,-66],[2,-36],[48,-50],[20,-21],[-4,-42],[44,9],[16,-41],[39,-6],[28,-30],[41,0],[51,-21],[19,3],[127,134],[72,7],[32,-34],[33,-2],[18,-42],[33,-14],[-11,-82],[37,-20],[22,20],[76,-42],[10,-27],[34,-14],[-1,-31],[-38,-16],[-12,-113],[29,-55],[-4,-35],[-77,9],[-43,55],[-70,-88],[291,-277],[6,-23],[-16,-88],[-27,-30],[0,-39],[-22,-32],[-32,37],[-40,11],[-32,40],[-72,4],[-31,19],[13,-177],[25,8],[34,-48],[37,-21],[-20,-62],[-84,25],[-28,-32],[-98,6],[-66,-25],[-29,32],[-28,-10],[-29,-54],[-15,-62],[-90,-40],[-7,-45],[-33,-89],[16,-91],[37,-61],[-3,-136],[-42,-11],[-42,14],[-52,1],[-21,39],[-44,-26],[-88,68],[-26,39],[7,107],[-43,72],[-94,19],[-64,77],[-29,1],[-122,-88],[-86,-27],[-34,-37],[-47,-15],[-87,-3],[-17,17],[-38,-13],[-3,-28],[-141,-103],[3,-48],[-57,-5],[-41,-44],[0,-40],[20,-36],[-3,-33],[-30,-45],[-4,-61],[-28,-74],[-48,-30],[-54,-56],[-14,-43],[4,-37],[-36,-62],[-27,-66],[12,-32],[15,-109]],[[35299,44254],[-1526,40]],[[36088,58294],[53,-51],[-2,-39],[47,-88],[45,5],[36,-23],[8,-49],[48,-51],[0,-68],[11,-45],[4,-104],[-30,-25],[-34,-60],[4,-54],[44,-10],[47,-65],[22,-78],[62,-32],[14,-71],[20,2],[57,47],[41,-1],[29,-34],[-3,-99],[-12,-101],[-17,-70],[-20,-29],[-9,-62],[32,-58],[1,-29],[-38,-51],[-43,-36],[24,-61],[52,-2],[42,-72],[-3,-32],[26,-39],[36,-8],[54,-65],[-12,-67],[37,-19],[-5,-110],[-12,-29],[10,-39],[56,-25],[-10,-81],[42,-76],[45,-42],[24,-4],[58,-47],[22,-40],[-1,-53],[34,-57],[54,-36],[-11,-53],[58,-43],[45,-72],[-20,-30],[13,-66],[38,5],[27,-33],[-25,-36],[7,-28],[-12,-65],[2,-91],[-19,-26],[12,-62],[62,-2],[39,-77],[40,16],[32,-13],[29,-61],[75,-10],[25,-25],[20,-72]],[[37515,55017],[34,-28],[65,-3],[51,-64],[55,-29],[-9,-50],[31,-36],[28,-122],[34,-29],[58,-25],[11,-34],[33,-24],[55,-9],[14,-51],[82,-19],[63,-61],[5,-41],[57,-46],[17,-31],[-7,-72],[14,-16],[-21,-166],[30,-96],[30,-34],[15,-88],[-5,-47],[36,-97],[-31,-82],[6,-44],[26,-55],[38,-123],[67,-100],[34,-14],[65,-70],[35,-62],[-29,-33],[6,-48],[-21,-50],[-2,-77],[-10,-50],[-24,-48],[-68,-42],[-58,-73],[-54,-33],[1,-23],[-81,-51],[-18,-28],[-79,-44],[3,-62],[-24,-5],[-59,-131],[-32,-21],[-37,-94],[-46,-27],[-48,-100],[-44,-49],[-28,-179],[11,-27],[38,4],[31,-45],[62,-44],[29,-101],[3,-62],[25,-20],[15,-102],[-10,-56],[206,8],[76,39],[131,38],[34,-11],[-49,-80],[-8,-21],[-51,-29],[-6,-80],[-25,-17],[-45,-82],[-36,-23],[8,-30],[-24,-53],[-61,-81],[-34,-27],[-7,-64],[-48,-65],[-20,-58],[-86,-112],[-10,-103],[-26,-46],[-43,-38],[-26,-47],[-32,-21],[-7,-64],[-37,-53],[-40,-107],[-26,-13],[-25,-87],[35,-36],[-7,-155],[17,-37],[-25,-93],[-45,-111],[-41,-79],[-27,-24],[42,1],[-25,-73],[14,-42],[-16,-111],[41,-34],[25,-77],[8,-93],[-32,-96],[24,-29],[75,-138],[35,-25],[34,60],[28,-7],[65,103],[53,23],[32,67],[75,20],[47,71],[54,-26],[46,24],[38,-38],[-18,-41],[35,-10],[13,-48],[47,20],[30,-31],[43,-18],[40,49],[33,13],[32,-41],[15,-39],[-11,-40],[49,-24],[54,-50],[88,17],[36,28],[72,-22],[46,21],[48,-13],[17,-81],[39,37],[42,14],[16,54],[27,19],[78,12],[25,23],[33,-35],[39,-15],[55,27],[20,37],[62,22],[86,-111],[-19,-72],[31,-42],[406,-145],[-18,-43],[29,-47],[-58,8],[5,-38],[-32,-15],[-6,-50],[14,-38],[-54,-51],[-47,-25],[14,-32],[-37,-11],[-32,-75],[-39,-4],[13,-58],[-39,-4],[5,-55],[-22,-5],[-8,-42],[-29,-20],[9,-29],[-40,-36],[-41,-101],[-28,10],[-9,-58],[-60,-20],[-1,-75],[-46,-5],[-20,-47],[49,-18],[12,-19],[57,15],[26,36],[56,-16],[44,46],[47,-44],[1,-51],[48,-105],[70,-82],[-20,-33],[-6,-67]],[[39652,47357],[7,-45],[-36,-31],[5,-32],[-44,-47],[-110,-162],[-185,-302],[8,-24],[-25,-49],[23,-21],[-14,-31],[50,-42],[15,-34],[-24,-23],[-33,8],[-69,-56],[-37,-77],[-53,-52],[-5,-47],[-22,-53],[-26,3],[-44,-76],[-48,-118],[14,-41],[-53,-44],[8,-39],[-58,-113],[-29,-39],[-13,-50],[37,-47],[-15,-32],[-71,-59],[-25,-80]],[[38780,45502],[-32,-11],[7,61],[-18,41],[31,50],[-77,3],[-2,-35],[-49,-66],[-77,63],[-10,97],[-25,58],[-55,66],[-58,26],[-23,-22],[-35,8],[-50,-66],[-140,-19],[-26,17],[-42,-5],[1,39],[21,50],[-2,41],[38,30],[18,66],[-31,16],[14,47],[-11,16],[18,87],[6,66],[-22,41],[-31,116],[2,38],[-27,83],[-35,50],[-42,34],[-47,79],[-70,194],[11,64],[-30,180],[-37,159],[-25,28],[-88,39],[-6,-15],[5,45],[22,46],[-22,29],[-39,106],[-11,93],[-34,13],[-37,53],[-1342,-25]],[[37638,41009],[-294,296],[-174,-136],[-74,-41],[-9,26],[-51,29],[-45,4],[-15,77],[-23,31],[-65,-28],[-70,34],[-6,86],[-50,2],[-29,76],[-42,-19],[-46,13],[5,45],[-16,31],[-32,-9],[-53,27],[-31,-8],[-21,57],[-29,17],[-4,64],[-45,0],[9,38],[-21,36],[-32,6],[-5,35],[-59,56],[-24,53],[-91,78],[-3,117],[24,67],[-27,17],[-46,-24],[-22,21],[-12,49],[7,37],[-9,70],[8,23],[-13,71],[9,49],[-66,67],[0,39],[-31,38],[-1,54],[30,133],[-7,63],[-30,31],[8,94],[19,-2],[-9,92],[-15,31],[14,74],[-9,29],[20,102],[-6,38],[58,157],[32,50],[61,29],[17,51],[62,38],[30,31],[22,73],[-3,31],[-29,61],[-20,69],[24,73],[45,59],[38,21],[6,163],[-57,96],[-83,-9],[-52,32],[-11,-94],[-80,-65],[-790,23]],[[38780,45502],[344,88],[29,-43],[24,-9],[-29,-69],[-60,-42],[-5,-56],[-47,-70],[-3,-39],[-29,-42],[-35,-15],[6,-44],[-50,-50],[19,-48],[2,-53],[53,-18],[8,-24],[-16,-47],[15,-93],[-16,-63],[11,-43],[29,-19],[27,-58],[13,-53],[22,-33],[-2,-37],[28,-101],[-13,-36],[6,-40],[-23,-96],[15,-49],[-7,-77],[16,-102],[-53,-7],[-43,-30],[-73,-8],[-47,-20],[2,-21],[-32,-69],[7,-61],[-9,-73],[-82,-44],[-29,-1],[-56,-63],[-4,-30],[-72,-46],[-30,14],[-68,-27],[-27,20],[-48,-38],[-42,-67],[-13,-1],[11,-120],[-13,-39],[4,-60],[-16,-51],[46,-72],[-19,-35],[25,-25],[26,5],[-6,-56],[23,-28],[-17,-54],[8,-56],[-26,-50],[-115,6],[-10,61],[-30,-22],[-33,24],[-24,46],[-36,30],[-55,-5],[-22,15],[-62,-18],[-52,36],[-38,-8],[-37,23],[-35,-23],[13,-86],[87,-7],[46,-23],[128,-41],[66,-66],[22,-45],[34,-19],[42,6],[0,-45],[74,-64],[18,-51],[18,-10],[18,-67],[-45,-59],[-7,-42],[35,-49],[-11,-18],[49,-85],[8,-44],[-6,-62],[43,-76],[-11,-43],[43,-21],[-28,-99],[33,-115],[-5,-182],[-69,7],[-36,-103],[-41,-13],[-6,-30],[-45,-21],[-68,-138],[-26,10],[-25,-34],[11,-58],[-53,-86],[-38,-2],[-115,-98],[-80,-27],[-20,-42],[-70,-36],[-25,16],[-45,1],[-28,-62]],[[36429,67696],[36,12],[139,-111],[52,-133],[47,-67],[41,-40],[69,-120],[49,-119],[24,-100],[1,-62],[18,-37],[42,-1],[46,-53],[33,-179],[9,-92],[27,-80],[65,-126],[15,-58],[9,-203],[7,-30],[58,-78],[65,-127],[102,-95],[34,-162],[33,-43],[73,-11],[34,-36],[39,-86],[-9,-39],[-30,-62],[-10,-86],[-32,-55],[-2,-56],[27,-79],[-5,-41],[-37,-73],[9,-60],[73,-126],[-16,-57],[50,-33],[10,-35],[-38,-70],[14,-74],[52,-24],[-6,-79],[6,-61],[41,-46],[28,-117],[-16,-88],[19,-40],[70,-11],[41,24],[49,7],[36,-29],[52,-21],[49,-40],[82,5],[27,-32],[7,-79],[-14,-71],[82,-68],[80,-2],[72,-12],[28,-63],[46,-14],[54,21],[61,2],[62,-27],[61,-59],[47,-73],[55,-66],[101,-58],[11,-55],[32,-42],[38,-25],[-8,-38],[56,-51],[-5,-44],[-43,-58],[19,-56],[-17,-61],[48,-39],[39,-59],[62,-36],[105,27],[18,-14],[159,-24],[27,20],[37,-23],[55,-14],[39,-55],[43,-128],[22,-34],[1,-93],[8,-67],[42,-40],[81,60],[23,28],[83,16],[910,-78],[268,-23],[834,-73]],[[41859,62313],[-58,-4],[-31,-22],[-51,17],[-75,-16],[-47,-22],[3,-107],[28,-29],[-5,-40],[-32,-54],[-18,-69],[-27,-36],[-11,-58],[25,-83],[47,-72],[31,-25],[67,-121],[68,-34],[72,0],[54,-78],[64,-19],[52,-57],[3,-20],[66,-121],[37,-105],[43,-15],[44,41],[53,-13],[29,-68],[49,-52],[22,-47],[-2,-52],[39,-58],[-4,-59],[13,-124]],[[42407,60691],[-13,-48],[5,-53],[-19,-42],[3,-64],[-27,-61],[13,-68],[-35,-74],[-86,-73],[-96,-26],[-45,8],[-32,5],[-75,43],[-175,-25],[-45,-86],[-64,-54],[-53,-103],[-64,-66],[-45,-82],[-34,19],[-67,-5],[-35,-23],[-66,1],[-27,61],[-40,5],[-25,56],[-31,19],[-72,-63],[-74,-11],[-23,-20],[-129,-55],[-44,-3],[-30,15],[-27,-21],[-69,-14],[-30,-33],[37,-45],[-13,-48],[38,-28],[10,-39],[53,-44],[-9,-56],[21,-42],[-47,-44],[-11,-59],[-22,-26],[-73,-14],[-51,23],[-35,-10],[-38,-37],[-117,42],[8,-36],[-15,-64],[42,-45],[-26,-68],[-62,-61]],[[40421,59049],[-81,42],[-98,65],[-32,7],[-64,64],[-78,31],[-85,3],[-56,41],[-43,74],[-34,30],[-67,96],[-11,38],[-26,45],[-55,38],[-20,30],[-10,56],[-50,7],[-3,43],[-34,-11],[-5,51],[-18,25],[-34,-2],[-51,26],[-164,6],[-60,8],[-72,25],[-176,-11],[-30,-30],[-29,-1],[0,-44],[-155,-55],[-73,-52],[-62,1],[-78,-21],[-81,0],[-42,-30],[-26,11],[-63,-36],[-54,3],[-104,-40],[-23,-19],[-68,-21],[-42,39],[-88,-23],[-104,-82],[-6,-64],[-37,16],[-14,26],[1,82],[-77,51],[-6,29],[-34,20],[-27,58],[21,50],[6,72],[-39,62],[-91,34],[-19,-19],[-117,-22],[-69,-54],[-29,12],[-60,-17],[-53,-28],[-33,6],[-87,-54],[-28,13],[-35,-13],[-56,-46],[-149,-30],[-6,90],[-67,18],[-20,16],[-52,-1],[-53,-18],[-88,-48],[-76,-32],[-67,28],[-27,0],[-47,-29],[-62,-53],[-55,-5],[-38,-28],[-94,107]],[[40421,59049],[41,-44],[17,-92],[13,-133],[-5,-37],[-89,-123],[-55,-36],[-58,-24],[-32,-36],[-19,-56],[-46,-58],[-27,-9],[-4,-39],[-25,-30],[32,-51],[-28,-8],[-88,-83],[-35,-66],[6,-38],[73,-15],[51,6],[35,-29],[70,-26],[32,-64],[89,-1],[34,-19],[90,53],[187,-31],[81,-3],[124,-49],[82,-56],[90,-31],[34,3],[24,-22],[70,-30],[60,-15],[76,-51],[26,-29],[60,-5],[16,-16],[144,-64],[82,-47],[64,-25],[96,-82],[20,-8]],[[41829,57430],[-27,-41],[0,-68],[69,-97],[31,-101],[-2,-48],[-93,-107],[-9,-27],[4,-117],[-17,-48],[-36,-20],[-16,-43],[-84,-29],[-59,-54],[-57,57],[-40,-81],[-65,-58],[-62,-99],[-59,-26],[-30,2],[-32,-37],[13,-58],[-43,-75],[-14,-63],[-49,-54],[30,-64],[-10,-16],[-98,-56],[-18,-30],[13,-48],[-18,-54],[-52,-3],[-33,-25],[-16,-36],[6,-39],[-79,-61],[-26,-67],[-16,-101],[-59,-90],[-27,-76],[-46,-48],[-4,-40],[26,-24],[-12,-28],[-80,-44],[-57,-69],[-27,1],[-31,57],[-12,104],[5,49],[-13,52],[-49,55],[-36,23],[6,54],[-55,59],[-4,47],[-45,10],[-32,29],[-77,-29],[-17,9],[-8,67],[-38,33],[-31,7],[-5,-44],[-26,-32],[-42,11],[-47,-19],[-7,-32],[-35,-10],[-21,17],[-61,-11],[-60,30],[-37,57],[-48,39],[-55,12],[-19,53],[-81,-4],[-7,-16],[-59,-13],[-89,19],[-36,-15],[-41,-49],[-79,-44],[-71,10],[-39,-42],[-59,-4],[-136,-36],[-20,-34],[-94,-27]],[[38838,55562],[-27,71],[-22,21],[-7,68],[-46,103],[-29,148],[-32,25],[-48,12],[-32,52],[-42,30],[-37,48],[-74,61],[-60,-46],[-38,7],[-23,70],[31,47],[-22,37],[-60,-39],[-43,12],[-12,-44],[44,-126],[5,-69],[-9,-53],[-69,-57],[-12,-54],[13,-25],[-17,-50],[24,-78],[9,-96],[-10,-52],[47,-72],[-27,-74],[25,-108],[-122,0],[-33,19],[-48,-5],[-46,10],[-55,48],[-99,-55],[-18,-26],[-39,-18],[-2,-65],[-42,-30],[-36,1],[-46,-41],[-40,-62],[-30,-8],[-51,-49],[-16,-33]],[[38838,55562],[23,-44],[-1,-56],[27,-53],[46,-53],[32,-85],[34,-52],[17,-61],[-18,-40],[12,-32],[31,-8],[31,-44],[17,-56],[-8,-77],[44,-16],[34,-48],[40,-1],[27,-34],[-8,-26],[18,-47],[-5,-94],[26,-41],[-1,-59],[39,-13],[9,-60],[-31,-16],[22,-47],[-12,-40],[20,-16],[-4,-59],[33,-94],[-13,-28],[82,-44],[18,-112],[-19,-16],[-3,-46],[80,-74],[7,-37],[46,-16],[-4,-55],[30,-36],[13,-59],[33,-42],[36,-23],[0,-79],[60,-113],[22,-15],[21,-89],[-24,-41],[21,-110],[37,-63],[28,-22],[-5,-70],[18,-87],[-37,-13],[9,-59],[-8,-65],[8,-35],[-14,-34],[39,-37],[-10,-35],[32,-15],[-1,-36],[33,-18],[60,-170],[28,-2],[32,-48],[18,-57],[-7,-42],[31,-89],[10,-67],[36,-31],[-7,-63],[16,-75],[44,1],[22,-36],[3,-42],[60,-29],[45,-72],[2,-82],[55,-76],[94,-74],[14,-33],[92,-38],[-18,-63],[41,-60],[46,-137],[11,-98],[-29,-49],[-45,-43],[25,-44],[-7,-78],[19,-37],[-26,-51],[26,-14],[48,-59],[0,-70],[60,-45],[-9,-83],[33,-23],[-18,-62],[33,-8],[17,-56],[56,-57],[4,-81],[-11,-42],[54,-33],[1,-36],[32,-40],[6,-36],[59,-29],[29,-62],[59,14],[42,23],[94,-31],[41,29],[44,-8],[16,17],[46,-8],[42,11],[28,-53],[11,-127],[29,-25]],[[41404,49787],[1,-27],[32,-34],[40,-9],[39,-88],[-5,-43],[-38,-47],[19,-76],[-52,-54],[-25,-48],[-35,-25],[-24,-69],[-25,-11],[-87,-67],[-89,-95],[-75,-56],[-100,-104],[-1,-61],[-49,-68],[-62,-67],[-47,-39],[-171,-162],[-86,-86],[-73,-70],[-102,-81],[-44,-13],[-40,-51],[-69,-45],[-111,-102],[-106,-122],[-56,-75],[-20,-46],[-74,-104],[-65,-124],[-19,-52],[-47,-83],[-30,-78],[-56,-48]],[[41404,49787],[102,21],[21,29],[42,-4],[52,18],[31,36],[41,-7],[30,30],[55,-1],[9,42],[33,20],[45,-6],[-3,33],[45,11],[61,30],[33,-6],[65,14],[44,31],[1,123],[28,28],[31,61],[42,40],[65,9],[56,24],[483,-314],[91,-62],[74,-30],[155,0],[-27,40],[-8,87],[28,53],[36,-38],[68,76],[77,33],[48,52],[37,-3],[76,24],[-8,119],[-14,32],[5,151],[-16,55],[-36,43],[-12,84],[9,33],[-45,46],[-1,83],[-18,53],[40,61],[24,63],[24,8],[57,59]],[[43480,51171],[35,-41],[-5,-40],[32,-29],[63,-26],[-15,-46],[43,-29],[29,-63],[51,-44],[-5,-78],[61,-38],[-13,-33],[-85,7],[3,-18],[60,-13],[27,19],[29,-44],[-27,-38],[2,-51],[56,-62],[27,22],[21,-55],[41,3],[24,-87],[-45,-2],[23,-62],[-31,-48],[3,-56],[-13,-34],[9,-51],[83,-29],[-25,-47],[26,-50],[-5,-31],[41,-36],[-9,-134],[53,-19],[17,-75],[55,19],[25,-51],[-16,-65],[31,36],[32,-74],[32,-33],[93,1],[23,-55],[28,14],[25,-31],[0,-61],[72,-29],[18,-42],[49,-20],[64,31],[56,-38],[-1,-52],[56,-9],[-5,-61],[27,-55],[54,-6],[62,-33],[43,11],[43,34],[8,-55],[18,-34],[26,5],[28,-40],[50,-23],[21,-70],[-17,-74],[17,-68],[32,-42],[34,-20],[33,3],[27,-38],[-3,-80],[12,-32],[9,-97],[-50,-41],[-47,-6],[-66,-42],[-70,9],[-62,-31],[-32,-4],[-48,-51],[1,-80],[16,-35],[-25,-62],[-51,-52],[-76,-13],[-20,-19],[-44,-3],[-138,-57],[-27,-4],[-93,-97],[15,-25],[83,14],[51,-51],[32,-8],[44,19],[74,15],[65,-75],[68,-103],[42,23],[12,-21],[65,-32],[23,-44],[-3,-91],[10,-27],[-90,-27],[-33,-32],[14,-70],[26,-19],[45,-105],[-186,-103],[40,-107],[-23,-62],[-41,-60],[-5,-85]],[[44718,46815],[-39,11],[-126,-38],[-31,-26],[-55,-3],[-57,-27],[-39,9],[-62,-41],[-34,-44],[-86,-35],[-57,-36],[-82,-38],[-12,-16],[-82,-53],[-34,-8],[-70,-76],[-56,-23],[-14,-71],[12,-131],[-21,-46],[-23,40],[-80,-7],[-10,29],[-52,-17],[-40,24],[-36,-15],[-14,-127],[-95,-94],[-32,4],[-116,-53],[-42,-45],[-59,-45],[-7,-81],[-118,-317],[136,-705],[134,-695],[76,-33],[75,-9],[42,27],[109,-29],[33,-39],[3,-40],[22,-25],[6,-61],[22,-1],[17,51],[32,-4],[15,47],[21,16]],[[43792,43919],[-7,-39],[25,-97],[75,-19],[9,-42],[44,-40],[31,-77],[-25,-101],[-10,-102],[18,-30],[56,-46],[48,-108],[52,-39],[-31,-131],[14,-41],[-36,-46],[6,-29],[-36,-46],[-17,-92],[20,-174],[41,-22],[19,-126],[-13,-55],[10,-66],[-60,-14],[-48,12],[-39,-28],[-57,-6],[-44,-61],[-28,6],[-56,-28],[-49,29],[-49,-1],[-46,-51],[-59,-23],[-62,-99],[-7,-22],[-51,-37],[-18,13],[-84,-50],[-32,-72],[-25,-27],[6,-39],[-94,-50],[-1,-24],[-108,-14],[-19,-68],[-109,-60],[-8,-39],[-47,5],[-32,-15],[-25,16],[-73,-31],[-57,39],[-47,7],[-111,51],[-22,-18],[-101,-40],[-23,-33],[0,-6]],[[41829,57430],[51,-3],[78,-70],[59,-13],[2,34],[97,73],[46,4],[70,-29],[53,-3],[2,-30],[58,-101],[64,-37],[112,-77],[-28,-33],[-34,-3],[-24,-117],[-25,-44],[-55,-46],[-18,-33],[-51,-15],[-33,-41],[6,-49],[-32,-21],[-9,-50],[-55,-72],[-41,-30],[3,-42],[-34,-54],[-15,-87],[-16,-26],[-31,28],[-32,-8],[30,-104],[-4,-44],[79,-43],[1,-54],[60,-71],[-41,-43],[44,-41],[-40,-25],[-49,-57],[22,-22],[30,13],[43,-9],[29,-45],[-45,-51],[42,-41],[-1,-55],[60,-76],[31,-22],[1,-40],[40,-40],[-7,-43],[8,-69],[28,-60],[19,-65],[55,-23],[85,-85],[78,10],[45,-9],[60,-33],[9,34],[31,3],[65,-20],[19,-52],[24,-23],[150,134],[45,29],[14,27],[39,0],[17,-21],[68,23],[81,-33],[53,21],[56,-3],[23,-67],[-15,-33],[24,-45],[17,-58],[-38,-34],[16,-63],[33,-25],[15,-57],[31,-64],[7,-68],[26,-56],[-7,-22],[35,-49],[-21,-56],[-31,-32],[1,-73],[-18,-28],[-1,-91],[-18,-12],[-27,-60],[-21,-82],[-28,-65],[-43,-52],[-63,-16],[-19,-38],[-41,4],[-38,-13],[9,-43],[-17,-63],[22,-46],[-9,-75],[76,12],[135,-1],[308,5],[178,-1],[25,53],[47,24],[40,-2],[77,37],[102,32],[40,46],[37,-4],[24,26],[17,47],[34,55],[-24,40],[37,19],[4,39],[26,42],[0,30],[26,32],[53,26],[64,-16],[44,24],[20,-12],[52,25],[57,-2],[67,34],[18,82],[-8,27],[89,118],[30,23],[81,1],[45,63],[21,-27],[70,51],[15,28],[60,35],[65,6],[26,45],[42,-11],[10,44],[32,-1],[32,41],[87,36],[39,-7],[40,12],[3,58],[114,134],[43,-3],[27,33],[66,-29],[35,9],[21,82],[69,56],[23,-4],[51,-42],[26,3],[58,98],[49,-3],[33,-22],[20,33],[48,9],[40,-15],[26,59],[38,-31],[118,-45]],[[46443,55381],[-15,-79],[-38,-33],[-26,-80],[-47,-26],[-25,-93],[-34,-17],[-19,-41],[-79,23],[-32,50],[-20,-28],[-89,11],[-43,-68],[4,-28],[-98,-65],[-30,-50],[-53,-24],[-7,-77],[-33,-34],[-48,16],[-50,-21],[-18,-69],[-42,-48],[-4,-85],[-42,-36],[-2,-53],[18,-78],[-69,-24],[9,-19],[-40,-61],[-33,-32],[-101,-45],[-29,-51],[-32,-5],[-37,-90],[8,-29],[-29,-52],[11,-92],[-15,-55],[-30,-6],[10,-63],[-30,-82],[20,-79],[28,-48],[-15,-34],[9,-34],[-17,-42],[27,-19],[5,-66],[-32,-46],[-21,-63],[-13,-82],[-26,-19],[7,-36],[-101,-80],[19,-14],[-22,-51],[14,-84],[-46,-44],[-3,-80],[-33,-38],[-32,-72],[-8,-53],[-22,-20],[15,-51],[-30,-95],[-81,-37],[-58,-39],[-18,-34],[-4,-72],[-23,-58],[-77,-97],[-22,-65],[-66,-47],[-15,-56],[-37,-77],[13,-93],[-35,-47],[-19,-3],[3,-61],[38,-103],[-33,-59],[-24,-96],[20,-80],[-1,-57],[16,-36],[-19,-70],[33,-107],[35,-63],[-48,-55],[-38,-20],[-42,3],[-135,-135],[-770,443]],[[42407,60691],[20,1],[41,-45],[11,-38],[26,-17],[36,6],[46,-74],[44,7],[96,-102],[85,-9],[65,-52],[37,34],[131,75],[21,85],[42,51],[18,0],[23,-53],[-33,-50],[7,-30],[31,-81],[-4,-36],[23,-34],[-8,-51],[29,-17],[22,56],[82,-28],[-7,-43],[310,-171],[95,-23],[338,-69],[13,-14],[66,20],[27,-35],[82,70],[20,-3],[8,-83],[56,-47],[22,-46],[14,-87],[36,9],[67,-29],[17,-40],[-28,-19],[34,-35],[17,-136],[12,-53],[50,0],[27,-72],[0,-66],[12,-48],[74,25],[33,-18],[41,32],[1,35],[56,40],[64,-2],[35,30],[52,9],[32,23],[30,57],[65,88],[23,42],[60,40],[86,-1],[20,-11],[132,71],[104,-27],[45,21],[63,-36],[106,-8],[30,15],[38,-15],[74,-101],[26,-18],[130,-44],[122,-133],[148,10],[76,41],[87,19],[110,-3],[165,64],[17,-3],[170,-73],[188,-77],[417,-184],[431,-340],[64,-10]],[[48001,58827],[-5,-39],[-51,-113],[-25,-36],[-58,-23],[-96,-4],[-82,-32],[-30,-61],[-40,-20],[-57,-55],[-54,-90],[2,-105],[27,-53],[50,-68],[-16,-59],[8,-38],[49,-36],[8,-62],[36,-54],[4,-90],[11,-37],[-21,-67]],[[47661,57685],[-33,-39],[25,-89],[-25,-36],[-36,-10],[-55,-87],[-34,-11],[-16,-41],[-41,-62],[-79,-92],[-22,-70],[-31,-41],[-54,26],[-35,-21],[-7,-87],[-60,-84],[-14,-46],[-42,1],[-32,-29],[-31,-54],[-60,-49],[26,-51],[-12,-29],[-65,-38],[1,-88],[-24,-89],[-48,-106],[-19,-69],[18,-118],[31,-100],[-2,-82],[28,-39],[10,-57],[52,-67],[2,-39],[-3,-33]],[[46974,55759],[-112,-28],[-33,-51],[-41,7],[25,-74],[-44,3],[-38,-91],[-87,-27],[-43,37],[-32,-19],[8,-34],[-60,-32],[-41,-63],[-33,-6]],[[41859,62313],[1483,-129],[1209,-107]],[[44551,62077],[1158,-93],[1183,-103],[1038,-92]],[[47930,61789],[1172,-102]],[[49102,61687],[-17,-131],[-54,-87],[-9,-33],[-48,-32],[-87,-37],[-39,5],[-37,-37],[-68,-44],[-50,-117],[-60,-62],[-68,-43],[-19,-65],[-59,-46],[-22,-83],[-42,-24],[-65,-60],[-25,-43],[-58,-33],[-36,-71],[12,-60],[-27,-87],[7,-35],[39,-14],[11,-40],[-14,-94],[22,-95],[17,-39],[28,-13],[-4,-89],[-19,-21],[-105,-17],[-30,-34],[-54,-104],[-30,-127],[-14,-118],[-42,-123],[1,-171],[64,-26],[9,-68],[-91,-102],[-9,-95],[26,-35],[-32,-145],[-3,-65]],[[43792,43919],[-15,43],[19,85],[24,42],[31,6],[17,33],[4,50],[-20,45],[17,46],[-9,27],[60,47],[13,107],[72,-1],[40,-20],[22,30],[47,6],[44,64],[12,50],[25,39],[113,56],[30,41],[45,-10],[45,31],[19,29],[64,28],[33,27],[54,9],[92,48],[73,60],[25,-5],[93,40]],[[44881,44972],[-10,-47],[7,-49],[52,-69],[92,-26],[-2,-52],[-32,-59],[-35,-16],[-25,-61],[-6,-73],[52,-85],[26,25],[46,-40],[32,-44],[9,-74],[66,-19],[48,23],[20,0],[27,-43],[49,31],[33,-29],[30,40],[93,8],[74,32],[23,42],[29,-25],[41,11],[22,-32],[113,-21],[55,-32],[-1,-53],[38,9],[49,-60],[127,34],[30,-9],[29,60],[0,38],[-23,45],[31,83],[-10,29],[56,24],[-48,128],[39,24],[257,-3],[40,31],[-93,73],[23,34],[-33,44],[18,57],[34,63],[-40,63],[-47,6],[-36,76],[8,64],[46,-22],[22,28],[49,-8],[13,61],[-9,45],[71,48],[-43,29],[34,24],[10,71],[71,81]],[[46522,45505],[-20,18],[-42,77],[-39,45],[34,77],[3,38],[22,69],[-40,32],[13,24],[46,22],[53,-21],[56,3],[47,-12],[35,17],[84,-6],[12,13],[119,193],[104,82],[38,12],[68,63],[42,71],[110,-49],[108,-11],[46,-34],[27,12],[95,-13],[0,-85],[23,-11],[44,20],[135,-49],[10,-72],[63,-72],[13,-84],[33,-2],[36,-34],[46,-14],[16,46],[64,-20],[27,18],[39,-28],[-12,-21],[20,-78],[25,-38],[-24,-19],[22,-94],[-12,-70],[-52,-34],[-33,-38],[-19,-46],[30,-96],[-6,-64],[52,-91],[-10,-48],[-52,-73],[17,-74],[53,-25],[47,-55],[37,-11],[4,-32],[43,-30],[7,-26],[-48,-28],[-17,-46],[-27,16],[-47,-30],[-46,-12],[-26,-29],[-64,0],[-33,-62],[-52,-10],[-16,-62],[-47,-46],[-11,-54],[37,-66],[-7,-75],[19,-42],[-15,-147],[-60,-4],[-36,-49],[-26,-85],[14,-26],[1,-57],[78,-87],[9,-25],[181,-227],[-13,-48],[59,-140],[99,-37],[21,-67],[32,-10],[-3,-49],[32,1],[50,-32],[50,1],[8,-63],[36,-51]],[[44718,46815],[49,-32],[0,-45],[26,-14],[-69,-263],[-25,-201],[-253,-708],[212,-87],[17,-6],[244,-88],[-38,-399]],[[46974,55759],[58,-120],[-7,-47],[-32,-25],[5,-91],[-26,-36],[-10,-48],[-60,-43],[6,-47],[-30,-43],[-8,-126],[-9,-35],[-54,-60],[-108,-176],[-34,-84],[-14,-61],[-62,-41],[-10,-87],[-51,-66],[-41,-28],[-53,-70],[-3,-35],[-26,-30],[14,-43],[-5,-74],[53,-91],[-23,-58],[-28,-22],[-17,-44],[9,-26],[-19,-62],[1,-48],[-35,-86],[-32,2],[-8,-62],[-16,-25],[23,-34],[2,-98],[-61,-77],[-5,-40],[-54,-61],[3,-42],[-26,-25],[2,-41],[-55,-23],[-23,-119],[-42,-72],[-67,-33],[-7,-44],[-27,-40],[21,-39],[7,-68],[16,-32],[-14,-99],[-40,-45],[-21,-66],[15,-47],[-19,-26],[4,-79],[-35,-106],[21,-36],[21,-127],[-5,-55],[-40,-161],[17,-56],[-1,-57],[-15,-63],[-9,-93],[-14,-41],[7,-37],[-14,-120],[-19,-19],[11,-71],[-25,-93],[1,-42],[-38,-29],[-15,-66],[-33,-51],[27,-19],[-1,-62],[-26,-18],[23,-40],[5,-84],[-20,-29],[58,-19],[39,44],[57,-15],[75,37],[51,-24],[51,27],[31,35],[22,81],[81,37],[67,57],[2,64],[51,55],[59,99],[-7,30],[34,16],[18,44],[46,7],[83,45],[61,63],[16,58],[19,18],[13,63],[34,55],[38,1],[26,-45],[-3,-63],[-35,-94],[22,-61],[-37,-93],[-29,-53],[-33,-36],[-3,-44],[-35,-11],[-10,-34],[13,-66],[-19,-85],[12,-80],[48,-13],[56,20],[47,-15],[5,-23],[49,-11],[60,36],[51,17],[134,112],[23,77],[40,86],[84,-5],[69,9],[-19,-41],[31,-63],[88,-14],[25,-50],[58,12],[87,-26],[-6,-71],[86,-62],[60,-9],[-59,-66],[-6,-77],[-20,-40],[9,-96],[-32,-48],[-26,-15],[-38,-135],[-37,-7],[-26,-112],[-42,3],[6,-40],[-34,-18],[6,-77],[-20,-17],[-7,-56],[14,-20],[-10,-56],[2,-77],[-24,-63],[-33,-19],[-28,-96],[-30,-10],[-15,-60],[-25,-37],[-49,-42],[1,-67],[-19,-68],[25,-98],[-5,-92],[-28,-37]],[[47148,49332],[-56,-50],[-17,-48],[-39,-13],[-11,-50],[-27,6],[-35,-51],[-28,-61],[21,-20],[-34,-32],[-25,-51],[-42,-32],[-89,-29],[-118,-11],[-45,-38],[-30,-68],[-121,-55],[-12,-49],[-31,-47],[-59,-9],[-87,-75],[-17,-49],[-44,-12],[-52,-53],[-44,-23],[-115,-40],[-17,-38],[-63,-19],[-54,-71],[-101,-13],[-242,-2],[69,-57],[43,-2],[77,-27],[24,-28],[87,-33],[77,-44],[108,-178],[19,-21],[84,-46],[-14,-83],[-16,-40],[13,-55],[-11,-37],[50,-36],[-31,-33],[10,-105],[-17,-61],[17,-38],[-3,-44],[-29,-119],[30,-1],[15,-30],[63,-23],[54,33],[145,-49],[52,-65],[7,-38],[76,-62],[35,2],[2,-35],[-40,-14],[-33,-31],[-86,-24],[-19,-99],[-85,-89],[-13,-39],[-39,-30],[-16,-45],[-56,-8],[-19,-53],[-3,-109],[-21,-38],[17,-59],[-43,-68],[9,-63],[47,-23],[30,-70],[-19,-7],[-14,-52],[55,-66],[21,-120],[36,-64],[30,-105],[59,-41],[46,-4],[34,-30],[70,-5],[24,-13]],[[47148,49332],[28,-13],[4,-58],[33,-49],[-14,-64],[21,-26],[30,23],[49,-50],[10,-62],[74,-92],[25,-70],[-8,-103],[-29,-46],[-25,-148],[-40,-19],[-12,-87],[57,-1],[52,-47],[-16,-94],[112,-143],[34,-25],[5,-29],[73,-33],[46,-2],[28,16],[40,-18],[64,31],[69,-20],[65,14],[37,-26],[28,5],[10,54],[33,26],[18,43],[27,15],[36,73],[28,145],[28,6],[72,-14],[65,45],[107,-81],[45,-1],[89,-41],[40,4],[23,-29],[46,20],[8,123],[-1,100],[45,65],[36,5],[17,132],[134,54],[-290,518],[32,33],[9,57],[-71,42],[-77,-16],[-73,60],[-27,48],[12,24],[-58,93],[-6,34],[-61,45],[305,-4],[11,-11],[120,34],[20,-16],[36,20],[124,27],[34,23],[48,54],[46,-2],[47,-65],[60,12],[18,20],[76,-1],[40,40],[58,-30],[79,0],[80,36],[105,-18],[10,-107],[-15,-79],[-22,-12],[-9,-62],[20,-54],[45,3],[2,-42],[52,-49],[40,-25],[-20,-45],[18,-60],[-21,-47],[20,-31],[7,-53],[20,-16],[-29,-123],[-16,-14],[21,-72],[-21,-30],[-18,-93],[21,-14],[54,25],[21,-33],[74,-7],[11,39],[43,27],[32,-35],[35,-13],[12,-43],[53,-48],[56,1],[38,-49],[44,-88],[37,-13],[-6,-44],[20,-14],[36,35],[48,-8],[28,43],[67,51],[8,80],[19,18],[67,8],[46,35],[60,23],[31,31],[2,53],[84,105],[51,25],[38,-48],[50,49],[1,59],[28,38],[41,-55],[76,102],[34,62],[-28,37],[2,57],[58,14],[28,-20],[-19,-47],[23,-33],[-3,-54],[-27,-18],[23,-41],[-39,-16],[56,-97],[18,-102],[28,-3],[59,18],[25,23],[52,7],[-9,54],[28,28],[41,88],[64,39],[16,46],[31,25],[26,72],[59,2],[7,23],[59,45],[81,-9],[54,11],[94,134],[38,5],[-14,-75],[-30,-24],[-25,-114],[-10,-83],[20,-52],[-11,-82],[17,-80],[-27,-55],[-70,-63],[1,-22],[-36,-50],[-4,-58],[-64,-64],[-17,-117],[-71,-80],[-11,-21],[-59,-51],[-5,-86],[-20,-49],[8,-58],[-33,-84],[18,-42],[-47,-80],[-35,-9],[-6,-46],[-25,-45],[17,-83],[-31,-92],[-30,-34],[381,-4],[226,-1],[-12,-16]],[[47661,57685],[32,-70],[21,-20],[-48,-45],[7,-47],[40,7],[54,-74],[25,-8],[16,-44],[27,-27],[42,-1],[2,-46],[26,-39],[39,-18],[26,-87],[40,25],[35,-22],[-11,-37],[-36,5],[-14,-84],[53,-21],[14,24],[35,-8],[6,-38],[32,-23],[-3,-73],[44,-25],[32,-54],[47,45],[47,1],[12,-21],[-32,-55],[40,-55],[1,-103],[30,-17],[6,59],[31,48],[82,-49],[29,27],[27,-6],[20,-48],[39,-42],[30,43],[35,-21],[43,2],[-17,-53],[32,-24],[32,21],[57,-42],[65,24],[25,-57],[68,-38],[15,61],[51,-31],[24,-55],[52,-29],[22,22],[47,-47],[31,21],[-7,30],[67,34],[18,-38],[46,-57],[30,49],[95,17],[33,-41],[33,-19],[31,-64],[21,31],[53,0],[54,-28],[9,-51],[50,-15],[9,-28],[45,-1],[31,-27],[19,-44],[40,26],[15,-43],[36,-51],[-1,-33],[-9,-62],[31,-33],[-11,-38],[31,-38],[23,-3],[14,-48],[42,-22],[13,-49],[43,-51],[41,-6],[67,-46],[-43,-37],[55,-81],[12,-84],[-23,-79],[-40,-36],[5,-35],[-43,-20],[23,-27],[-42,-73],[-9,-113],[17,-81],[24,-9],[111,-126],[48,18],[26,-31],[51,39],[23,-1],[68,-94],[42,-13],[0,77],[65,95],[66,-69],[2,-27],[53,-49],[116,-23],[20,5],[86,-17],[88,-109],[61,-29],[78,16],[34,-6],[31,-41],[47,-39],[44,17],[71,91],[20,90],[53,27],[19,-6],[39,34],[107,41],[101,-13],[15,23],[40,12],[84,-42],[29,15],[24,-28],[18,-83],[22,-17],[76,7],[27,-49],[40,-14],[45,26],[58,-6],[30,-46],[155,-92],[36,-65],[93,-37],[58,-2],[-2,42],[22,21],[27,-21],[56,46],[28,-5],[33,30],[32,-8],[-5,62],[32,23],[28,-31],[43,10],[-21,97],[-1,37],[-24,49],[59,73],[38,13],[13,29],[-19,28],[15,27],[33,6],[6,65],[55,-3],[15,30],[-21,51],[10,36],[43,48],[25,58],[68,72],[-27,38],[-43,8],[-19,35],[53,29],[29,36],[-37,57],[9,104],[31,22],[-3,48],[30,32],[5,46],[51,179],[-39,53],[17,21],[47,-17],[26,7],[32,42],[-4,41],[28,47],[51,0],[13,51]],[[53394,56215],[14,-29],[15,-92],[28,-57],[3,-89],[47,-15],[59,-54],[-4,-47],[-42,-30],[-20,-35],[29,-53],[-5,-50],[-58,-62],[-5,-52],[14,-23],[-22,-42],[13,-45],[31,-31],[0,-44],[-21,-111],[12,-36],[-20,-47],[-1,-85],[-18,-37],[12,-39],[84,-16],[-15,-58],[45,-71],[-2,-34],[-41,-37],[25,-69],[-16,-54],[39,-100],[-16,-78],[34,-40],[-13,-69],[-42,8],[-25,-19],[13,-67],[-29,-54],[-6,-68],[-56,-96],[42,-40],[-15,-42],[-36,18],[-32,-16],[5,-114],[11,-17],[91,9],[22,-47],[-20,-40],[21,-61],[27,2],[-4,-63],[27,-24],[-18,-109],[42,0],[-32,-63],[26,-48],[24,47],[44,-25],[-32,-45],[69,-44],[121,-5],[1,-38]],[[49102,61687],[420,-36],[412,-36],[2169,-189]],[[52103,61426],[1052,-86],[372,-33],[1036,-91]],[[54563,61216],[-1,-34],[-43,-45],[-51,-107],[-4,-58],[-28,-53],[2,-41],[-26,-44],[-13,-74],[-42,-77],[-63,-39],[-34,-42],[-6,-34],[-48,-53],[-33,-60],[-15,-56],[20,-51],[16,-98],[-10,-55],[-28,-55],[-13,-64],[-47,-126],[11,-72],[-53,-54],[-17,-41],[-58,-35],[-12,-78],[-20,-71],[4,-80],[-43,-8],[-30,-30],[4,-40],[-19,-47],[6,-57],[-37,-68],[-13,-54],[-50,-4],[-45,-85],[-48,-41],[1,-36],[27,-19],[28,-138],[16,-50],[-63,-136],[-33,-15],[1,-29],[-24,-46],[6,-65],[32,-22],[8,-74],[-40,-35],[-33,-46],[27,-97],[-11,-39],[16,-49],[-1,-61],[14,-46],[4,-64],[-24,-52],[-35,-24],[-21,-69],[-31,-11],[-16,-62],[9,-94],[-5,-32],[17,-50],[-13,-95],[-28,-83],[-63,-62],[-19,-46],[-13,-82],[-37,-59],[0,-90],[-26,-48],[-7,-66],[5,-101],[10,-34],[-10,-85],[51,-91],[97,-7]],[[53492,56675],[30,-20],[6,-32],[-13,-93],[-5,-108],[-23,-39],[-29,-11],[-80,-90],[16,-67]],[[34371,87380],[-39,2463]],[[34332,89843],[32,4],[26,-28],[41,-87],[53,13],[26,-43],[36,27],[63,25],[23,-10],[43,57],[34,-5],[27,32],[21,57],[-6,64],[18,61],[37,20],[34,-2],[11,-28],[35,-12],[77,22],[49,-36],[47,-9],[25,34],[43,19],[46,-5],[5,-52],[43,-4],[17,31],[40,-24],[2,68],[40,29],[16,35],[-9,74],[38,59],[-32,6],[-20,41],[-61,32],[15,69],[-23,37],[5,51],[77,-8],[19,13],[39,-25],[22,22],[62,22],[65,-6],[33,30],[-45,37],[0,100],[63,7],[6,57],[40,17],[-3,23],[28,39],[43,9],[-6,-65],[58,-10],[21,23],[52,-5],[70,-58],[47,45],[56,18],[68,-28],[29,-127],[48,-28],[43,6],[32,34],[67,-16],[20,46],[48,-10],[32,-31],[55,-14],[-3,35],[37,79],[-2,51],[27,14],[-8,60],[2,94],[-25,46],[22,20],[46,-5],[28,-23],[55,-7],[53,29],[22,48],[42,15],[58,-5],[39,23],[40,-6],[50,34],[14,75],[36,5],[59,-22],[77,10],[35,21],[17,-43],[114,-78],[50,41],[58,-13],[17,20],[51,6],[55,-25],[45,40],[-17,31],[35,20],[68,117],[-12,32],[121,53],[25,113],[25,59],[-17,17],[6,65],[72,18],[42,38],[48,-3],[45,139],[77,-7],[20,52],[65,-36],[59,-87],[57,-27],[0,40],[34,20],[35,45],[39,3],[10,27],[49,5],[91,48],[7,45],[40,-23],[32,20],[10,-48],[22,-13],[6,-85],[18,-33],[70,-18],[24,-52],[57,-52],[70,-3],[29,48],[45,-7],[48,23],[64,-78],[88,-25],[25,11],[41,-29],[65,-19],[14,-32],[34,8],[31,30],[43,69],[36,37],[43,23],[58,-27],[45,-6],[45,14],[78,72],[60,-51],[40,-50],[78,25],[68,43],[54,15],[29,42],[34,-12],[76,7],[60,-59],[95,12],[32,22],[56,-10],[32,-34],[118,-68],[22,-28],[51,-14],[17,48],[46,9],[14,-19],[116,-7],[67,-54],[6,-27],[75,-32],[76,15],[71,-4],[90,-47],[37,11],[31,32],[38,1],[47,59],[72,43],[5,50],[-45,28],[-19,128],[-17,69],[51,-15],[7,61],[20,38],[-16,46],[-57,35],[14,35],[-53,42],[-43,-9],[-7,63],[-41,83],[-39,55],[-77,2],[-50,52],[47,62],[-16,36],[-108,55],[-50,-13],[-56,47],[10,58],[32,31],[17,50],[32,8],[-5,43],[16,34],[-3,53],[39,-4],[56,-90],[50,-6],[16,38],[-34,68],[32,42],[79,68],[10,42],[-62,48],[48,36],[31,75],[-36,20],[35,58],[104,17],[35,-40],[44,-1],[37,-34],[13,-37],[63,-21],[37,-46],[68,-12],[105,-5],[47,-113],[70,-21],[24,3]],[[41882,92933],[13,-24],[30,-136],[29,-61],[46,-128],[47,-57],[29,-52],[12,-94],[31,-20],[5,-35],[-22,-36],[5,-35],[60,-58],[80,-26],[4,-60],[29,-24],[72,-31],[1,-57],[-12,-29],[-56,-70],[-59,-46],[-42,-46],[-17,-45],[-1,-56],[13,-52],[83,-83],[67,-34],[74,-16],[72,-47],[34,-57],[23,-74],[-2,-25],[-40,-55],[2,-62],[40,-60],[26,-72],[-10,-64],[-71,-104],[-18,-46],[13,-36],[45,-46],[76,-17]],[[42593,90757],[3,-318],[6,-1611],[20,-4380],[6,-1233],[40,-50],[106,-43],[34,-25],[47,6],[76,-69],[44,18],[12,-30],[39,-9],[4,-33],[48,-13],[56,28],[34,-39],[18,-90],[30,-22],[40,-58],[16,13],[53,-54],[23,-74],[63,-58],[-5,-34],[64,-121],[-6,-59],[-32,-45],[26,-21],[-30,-38],[20,-38],[36,-3],[80,-50],[77,-16],[0,-36],[81,0],[44,-64],[30,-16],[-37,-45],[-17,-81],[-22,-23],[-221,-7],[-7,-56],[35,18],[67,1],[55,14],[36,-128],[60,2],[22,-42],[27,33],[41,10],[76,-33],[41,9],[-12,-64],[-105,12],[-37,-28],[-72,-35],[-85,-24],[-75,-43],[-41,-69],[-40,-129],[-29,-55],[-72,-69],[4,-35],[44,-88],[11,-46],[-27,-31],[-66,-37],[-52,-12],[-51,10],[-53,34],[-51,50],[-77,23],[-148,9],[-64,54],[-90,48],[0,45],[-34,54],[-78,14],[-146,-5],[-74,-19],[-54,-42],[-124,-40],[-30,37],[-76,-7],[8,-64],[-32,-30],[-64,-7],[-20,-76],[-43,-41],[-13,-51],[-149,-78],[-42,-15],[-47,-72],[-45,-22],[-12,-110],[-296,-559],[-432,-819],[-487,-928]],[[40474,78384],[-363,-113],[-471,-135],[-53,35],[-19,44],[-80,224]],[[40474,78384],[2265,90],[40,4],[26,34],[62,-9],[57,-37],[145,-4],[161,-5],[64,-14],[164,41],[38,4],[32,-58],[-21,-38],[-22,-106],[-69,-40],[16,-47],[-2,-50],[-18,-96],[-80,-79],[-9,-24],[14,-48],[43,-47],[-29,-33],[47,-42],[-20,-57],[-30,-38],[0,-81],[-28,-38],[-24,-2],[-12,-82],[-42,-27],[-8,-71],[31,-42],[-52,-57],[84,-95],[41,-93],[2,-50],[-72,-59],[-10,-86],[21,-56],[48,6],[77,-22],[11,-34],[-13,-60],[48,-74],[42,40],[13,-22],[74,24],[36,76],[-31,87],[82,28],[9,41],[32,42],[44,18],[-2,90],[-17,65],[-3,59],[72,70],[29,52],[10,66],[-27,143],[13,46],[37,46],[143,19],[30,15],[42,59],[53,13],[40,-16],[39,10],[106,5],[-27,92],[79,108],[81,74],[90,12],[67,65],[9,55],[36,14],[57,2],[37,-26],[45,-62],[99,11],[52,31],[102,21],[106,-16],[39,-40],[96,-26]],[[45284,78053],[-3,-39],[-25,-37],[48,-6],[46,-39],[-11,-31],[-30,-15],[-2,-30],[31,-31],[9,-60],[-17,-21],[4,-66],[-10,-53],[52,-63],[16,-70],[49,-34],[-11,-29],[-45,-20],[-24,-27],[-2,-81],[114,-101],[38,-59],[85,-59],[6,-34],[-44,-87],[19,-35],[35,8],[63,56],[21,-33],[-18,-126],[21,-63],[-19,-80],[15,-115],[-18,-29],[-40,-8],[-16,-49],[11,-65],[74,-21],[15,-34],[104,-50],[1,-27],[-74,-42],[-12,-19],[8,-56],[19,-33],[-33,-46],[24,-43],[-3,-26],[-61,-70],[25,-51],[-48,22],[-26,-17],[-24,73],[-39,-15],[-28,44],[-61,41],[13,-57],[-20,-16],[-24,-63],[15,-21],[-30,-31],[-8,-55],[-54,-43],[42,-51],[-16,-24],[-36,27],[-42,-8],[-32,-26],[-51,11],[-7,82],[-43,-9],[-26,33],[-67,19],[-31,-21],[-34,-60],[-52,10],[-9,61],[-46,2],[-33,61],[-37,-23],[-53,2],[-45,-37],[-23,-83],[-35,-93],[40,10],[45,-21],[-13,-54],[-72,-32],[-42,-64],[-13,47],[-56,-41],[-14,23],[-49,20],[-1,53],[-78,76],[-74,28],[-35,-36],[-15,-37],[-64,-104],[-48,8],[-23,-23],[47,-44],[-3,-46],[-33,-37],[42,-56],[-24,-22],[-34,26],[-47,8],[-46,-22],[-39,92],[-59,28],[-8,19],[-32,-78],[-44,-11],[-28,-33],[-34,-8],[-66,9],[18,-52],[-17,-35],[33,-59],[-11,-63],[-31,-46],[-40,-26],[-18,-50],[-52,-20],[-55,35],[-21,-13],[-70,-6],[-32,-36],[-78,-9],[-69,-28],[-17,23],[-42,-50],[-21,-48],[-42,-6],[-26,16],[-48,-18],[-40,5],[-62,-28],[-45,-36],[-96,5],[-67,90],[-46,-31],[-48,7],[-18,-35],[-49,73],[-45,23],[-20,-46],[-27,42],[-31,20],[-86,-30],[12,-77],[64,-105],[-23,-27],[10,-34],[-27,-56],[-32,-8],[1,-46],[-38,-37],[-38,-69],[67,-21],[43,-27],[42,-57],[42,-10],[5,-58],[24,-82],[-21,-20],[34,-77],[38,-22],[114,-187],[-5,-54],[27,-15],[-8,-34],[-39,-18],[-28,-34],[-15,-99],[-23,6],[-49,-39],[-17,-51],[-39,-54],[-4,-35],[-116,-9],[-45,-19],[-38,-35],[-34,0],[-31,29],[-68,-16],[46,-93],[-93,0],[-23,-53],[60,-96],[37,-19],[79,31],[104,-32],[32,-49],[4,-53],[18,-34],[-20,-39],[33,-47],[42,-21],[95,-74],[18,-29],[51,13],[-33,42],[23,56],[97,15],[18,-64],[64,-62],[-16,-50],[44,-24],[-16,-31],[43,-61],[35,-13],[-11,-39],[20,-87],[-24,-82],[31,-44],[-1,-47],[29,-54],[0,-31],[29,-35],[17,-59],[37,-44],[18,12],[4,-106],[12,-57],[23,11],[36,-23],[48,-6],[2,-50],[41,-23],[67,-78],[34,9],[24,-17],[-11,-35],[42,-80],[-2,-37],[24,-20],[42,-79],[54,-30],[-19,-115],[5,-52],[-31,-28],[-62,6],[-144,-80],[-6,-29],[-54,-23],[-17,-55],[-30,-30],[-46,-15],[-45,43],[-72,2],[-52,21],[-32,38],[-7,90],[-38,-1],[-36,-49],[-40,-144],[34,-61],[4,-50],[57,-18],[6,-73],[-84,-61],[-13,-30],[6,-104],[30,-85],[43,-20],[4,-62],[55,-55],[34,-6],[49,-48],[-21,-87],[14,-60],[18,-24],[-39,-54],[46,-96],[28,-34],[36,-85],[37,-62],[1,-55],[-15,-37],[6,-51],[48,-61],[-6,-49],[-24,-34],[48,-70],[-14,-55],[-1,-56],[15,-13],[-53,-103],[-31,-4],[-5,-91],[8,-81],[-40,-20],[62,-113],[-66,-38],[-30,-60],[23,-114],[-59,-19],[1,-64],[14,-61],[47,-58],[-42,-30],[-14,-100],[22,-24],[-4,-50],[-24,-83],[31,-44],[8,-48],[-22,-62],[81,-11],[-7,-32],[32,-26],[5,-140],[-26,-29],[-3,-54],[40,-57],[-2,-51],[-38,-69],[42,-33],[31,-7],[62,-65],[1,-39],[-56,-11],[30,-54],[37,-31],[45,-6],[44,15],[30,-23],[20,-62],[51,-15],[-14,-68],[16,-94],[-37,-6],[30,-64],[-6,-50],[-47,4],[25,-57],[-43,-48],[-30,30],[-2,-90],[44,-34],[32,-52],[116,-32],[31,-29],[14,-90],[-14,-27],[20,-53],[-78,-38],[-33,-59],[-39,-16],[-35,-44],[32,-57],[9,-69],[14,-21],[-12,-56],[-28,-27],[-75,-15],[-48,-41],[-21,-47],[20,-43],[-18,-25],[37,-82],[-22,-46],[-31,-22],[12,-62],[-61,-6],[-89,-68],[1,-39],[19,-45],[-21,-25],[-28,-63],[24,-24],[-55,-48],[20,-51],[37,-21],[3,-32],[27,-26],[-35,-54],[34,-58],[13,-56],[-44,-90],[29,-20],[27,-83],[-33,-44],[26,-43],[-31,-36],[31,-58],[2,-59],[35,-5],[2,-31],[36,-116],[-9,-46],[13,-24],[-45,-37],[19,-53],[77,-40],[41,-31],[29,-53],[56,-34],[32,-65],[-5,-58],[-25,-75],[-17,-19],[-67,7],[-75,80],[-13,44],[-46,63],[-72,-81],[-34,28],[-45,15],[-13,54],[-23,-16],[2,-40],[-30,-56],[40,-39],[42,-74],[0,-60],[-24,-24],[10,-35],[43,-27],[3,-25],[99,11],[-9,-68],[13,-56],[36,-64],[-25,-136],[15,-33],[49,12],[23,-33],[37,2],[-3,-95],[19,-39],[86,-22],[53,9],[26,47],[35,-14],[11,-42],[82,-16],[36,-49],[54,54],[93,-8],[31,-100],[37,77],[16,-1],[66,-48],[38,9],[24,-34],[81,-13],[56,-33],[14,-54],[63,-66],[83,7],[22,-42],[-6,-45],[-35,-41],[-48,-22],[31,-40],[-20,-29],[-32,-8],[-19,-48],[-38,-26],[-23,-53],[-39,-32],[92,-42],[6,-51],[20,-29],[7,-67],[52,-42],[25,-42],[-5,-64],[13,-85],[22,-62],[50,-52],[39,7],[29,-38],[14,-48]],[[42593,90757],[85,12],[40,-11],[19,-53],[-32,-73],[29,-36],[50,9],[7,-23],[-28,-63],[20,-41],[28,-104],[24,-36],[66,-24],[65,-67],[25,-41],[-14,-45],[5,-64],[18,-53],[-45,-38],[4,-47],[114,-54],[23,-33],[-8,-138],[-19,-69],[-33,-64],[30,-46],[82,-15],[87,-34],[59,33],[43,-9],[43,-59],[44,-81],[-56,-148],[2,-61],[49,-41],[97,-61],[15,-71],[-27,-127],[24,-60],[-28,-142],[-56,-32],[-6,-35],[27,-57],[-40,-71],[24,-65],[67,-56],[92,-17],[29,-33],[3,-30],[-74,-171],[-6,-48],[22,-17],[153,55],[160,-53],[20,-16],[31,-110],[-21,-74],[-13,-81],[39,-45],[75,7],[28,-19],[12,-53],[43,-9],[80,-55],[94,-108],[51,-44],[7,-87],[31,-26],[34,-110],[31,-61],[43,-13],[48,25],[101,-90],[26,-5],[30,-37],[211,-2],[36,-23],[-31,-32],[5,-34],[90,-44],[22,-39],[17,-68],[-6,-113],[-26,-50],[-31,-10],[-47,14],[26,-107],[-18,-72],[70,-17],[24,-52],[22,-9],[32,-86],[1,-50],[-51,-75],[9,-25],[62,-53],[24,-40],[6,-58],[38,-14],[29,-79],[-23,-98],[19,-22],[-4,-63],[-50,-42],[-7,-65],[64,0],[114,-52],[90,33],[40,-44],[6,-59],[72,-43],[13,-42],[-5,-113],[15,-11],[44,45],[73,-8],[-14,-84],[98,25],[29,-13],[22,-40],[49,10],[48,-11],[-9,-84],[-64,-173],[-7,-72],[-23,-58],[-128,-122],[5,-55],[43,-57],[44,-3],[15,-44],[102,-31],[48,-55],[26,-55],[22,-20],[82,-109],[36,-10],[69,4],[78,33],[68,46],[84,39],[49,2],[59,-22],[44,-29],[60,-25],[50,-3],[51,-92],[-3,-54],[17,-30],[7,-109],[65,-110],[33,-15],[12,-34],[-17,-44],[6,-45],[35,-34],[103,-34],[24,-22],[18,-74],[59,-84],[21,-54],[26,-29],[38,-65],[22,-94],[6,-76],[13,-23],[-16,-40],[48,-57],[43,-103],[1,-51],[43,-36],[61,-146],[7,-41],[34,-65],[51,-160],[-2,-37],[20,-120],[38,16],[40,-18],[22,-50],[47,-1],[113,30],[62,-3],[140,-43],[91,-16],[65,17],[101,14],[68,29],[44,36],[13,-48],[-21,-32],[-62,-22],[-23,-79],[5,-35],[-28,-32],[-28,-107],[-30,-37],[-102,-57],[-31,-37],[-20,-46],[-85,-73],[-103,-41],[-98,49],[-97,-30],[-11,-47],[-66,-6],[-25,-32],[-35,-12],[33,-72],[34,0],[10,-34],[51,-39],[44,7],[22,-24],[-6,-80],[16,-66],[45,-57],[24,-94],[-3,-67],[20,-40],[-9,-52],[19,-155],[10,-22],[2,-83],[-18,-32],[-88,-70],[-19,-60],[-35,-55],[-32,-14],[-42,4],[-86,-74],[-25,-47],[-27,-11],[977,-396],[-40,-8],[-42,-30]],[[48290,79938],[-64,-26],[-82,4],[-101,-14],[-47,42],[-45,12],[-45,-30],[-11,-47],[-88,-66],[-10,-23],[-55,-47],[-41,-68],[-44,8],[-30,40],[-59,33],[-62,15],[-51,0],[-118,-32],[-10,-33],[-35,1],[-63,-36],[-57,10],[-19,20],[-35,-17],[-2,-30],[-49,20],[-50,-41],[-46,-1],[-69,-55],[4,-34],[-37,-70],[0,-31],[-579,-57],[-579,3],[1,-88],[33,-105],[79,-68],[21,-30],[1,-128],[-12,-88],[-18,-6],[-27,-77],[-77,-46],[14,-63],[-40,-41],[-140,-59],[-44,-8],[-39,-36],[-8,-46],[-62,-85],[-41,-20],[-1,-51],[-16,-52],[17,-62],[3,-54],[-78,-60],[7,-62]],[[51182,83867],[-11,-112],[-19,-37],[-60,-48],[-110,-63],[-31,-55],[-32,-29],[-5,-89],[-32,-92],[-122,-155],[-83,-74],[-62,-9],[-105,-27],[-117,-52],[-57,-11],[-223,-28],[-51,-46],[23,-100],[66,-130],[32,-29],[95,-1],[34,-10],[123,3],[159,25],[74,-7],[79,24],[9,-20],[-33,-33],[42,-94],[-28,-74],[-53,-66],[4,-64],[-14,-44],[9,-93],[17,-63],[35,-57],[-8,-23],[1,-107],[77,-56],[50,-52],[69,-24],[17,-47],[-28,-77],[-46,-74],[-9,-103],[-17,-79],[-55,-86],[-2,-385],[35,-48],[7,-29],[-11,-81],[12,-35],[75,-39],[51,-46],[11,-59],[-41,-82],[-5,-51],[16,-58],[29,-40],[30,-83],[-15,-114]],[[50978,80229],[-42,9],[-52,66],[-17,44],[-41,36],[-40,-44],[-49,-30],[-50,-79],[-24,-59],[-21,-111],[-12,-30],[-64,-84],[-60,-59],[-24,-133],[14,-97],[34,-45],[-149,-6],[-46,-22],[-99,-21],[-69,-4],[-107,10],[-46,-18],[-29,-33],[-32,57],[-99,68],[-110,23],[-125,14],[-159,-12],[-52,51],[-32,45],[-46,31],[-155,22],[-142,-16],[-168,-45],[-110,-58],[-63,4],[-140,93],[-39,32],[-130,70],[-31,-7],[-62,47]],[[41882,92933],[22,47],[58,-20],[40,18],[36,-11],[60,10],[10,16],[83,24],[17,-30],[46,15],[56,-2],[8,19],[59,19],[42,-12],[126,2],[105,-52],[94,76],[-25,70],[85,101],[103,-7],[101,-22],[65,49],[82,94],[118,21],[49,-106],[111,70],[125,96],[118,-18],[46,-165],[58,-73],[93,-141]],[[50978,80229],[-12,-57],[6,-42],[38,-96],[14,-76],[35,-109],[48,-74],[38,-126],[54,-145],[22,-34],[33,81],[34,46],[49,4],[34,38],[52,-5],[42,30],[100,13],[70,-4],[92,54],[61,-4],[99,-53],[35,-10],[20,-53],[0,-46],[58,-88],[40,-123],[81,-58],[28,-10],[61,-79],[38,37],[77,-75],[96,-46],[55,-59],[115,-51],[13,-61],[-27,-25],[-8,-35],[-65,-7],[101,-112],[17,-12]],[[52622,78757],[0,-43],[-50,-22],[-16,-44],[-54,16],[-27,-9],[-43,-64],[-42,-112],[-19,-108],[-19,-13],[-14,-97],[12,-57],[53,-109],[31,-105],[33,-22],[-1,-29],[25,-35],[47,-18],[28,10],[-4,-565],[-80,1],[-7,-69],[-20,-10],[-6,-88],[-35,-30],[0,-99],[-24,-29],[0,-63],[-43,-142],[-37,-21],[-11,-35],[-39,-30],[-6,-49],[21,-27],[18,-63],[33,-13],[39,-55],[6,-53],[-8,-61],[48,-7],[48,-101],[43,-31],[69,17],[23,-17],[76,-1],[19,-39],[-3,-37],[40,-84],[11,-50],[31,-9],[7,-88],[47,-80],[28,-6],[44,55],[50,-6],[26,-68],[-19,-83],[26,-50],[-8,-108],[-26,-37],[3,-37],[38,-3],[10,-60],[46,31],[56,-41],[27,-46],[41,-18],[9,-46],[38,-45],[-14,-49],[-41,-10],[-9,-66],[39,-12],[-27,-44],[6,-70],[-15,-47],[23,-51],[-41,-97],[-19,-16],[12,-42],[-6,-37],[25,-48],[-56,-24],[-6,-77],[21,4],[39,-44],[-24,-54],[-56,-30],[27,-29],[-13,-48],[31,-67],[18,-125],[64,-16],[11,25],[50,-21],[-2,-89],[27,-24],[-20,-74],[3,-76],[-32,-22],[17,-57],[-58,-129],[-12,-70],[-32,-45],[17,-46],[-38,-16],[-49,-66],[5,-16]],[[53076,73475],[-1201,15],[-1304,7],[-96,2],[-20,-93],[-21,-12],[-18,-62],[20,-21],[-3,-50],[-23,-37],[-57,-29],[-26,-59],[-13,-59],[6,-44],[-46,-6],[-27,45],[-32,4],[-41,38],[-51,-9],[-27,33],[-34,11],[-25,29],[-45,17],[-48,-13],[-11,45],[24,73],[-20,50],[-30,41],[-22,-4],[-72,41],[-23,1],[-67,-63],[-43,20],[-34,35],[-5,45],[-37,32],[-44,-34],[-11,-46],[-41,-25],[-42,-9],[-17,-43],[-80,-39],[-47,2],[-31,32],[-37,-47],[-82,-20],[-35,-25],[-9,-33],[-63,-83],[6,-96],[30,-55],[-20,-40],[21,-26],[-6,-41],[-40,-42],[-27,-52],[15,-35],[-15,-76],[-41,-85],[16,-191],[-33,-73],[-5,-34],[20,-80],[-28,-36],[-49,-8],[-45,-34],[-24,-71],[-43,-28],[-71,17],[-69,68],[-45,-53],[-57,32],[-46,-20],[-51,-47],[-9,-34],[-41,-18],[27,-62],[-10,-61],[-47,-19],[-25,-45],[-1,-35],[-29,-41],[-101,-30],[-24,-46],[-56,-6],[-12,-24],[-81,37],[-35,0],[-44,-75],[-29,0],[4,-55],[-24,-40],[-85,-46],[-38,-8],[-37,41],[-55,-19],[-8,-41],[-56,-15],[-22,-26],[19,-99],[-35,-24],[-67,-20],[-18,-40],[-52,11],[-55,-26],[-32,-61],[-13,-48],[30,-1],[9,-46],[39,3],[31,-40],[-17,-42],[-7,-62],[25,-10],[42,25],[36,1],[18,-30],[26,-85],[3,-64],[44,-52],[16,-91],[78,-15],[7,-46],[-27,-29],[2,-41],[53,4],[7,-64],[32,-24],[7,-75],[-32,-21],[-19,-41],[72,-90],[-26,-46],[-50,18],[-2,-38],[-30,-2],[-21,-40],[-46,92],[-90,18],[-40,-13],[-27,-35],[26,-59],[-64,-113],[-1,-27],[-73,-106],[-29,18],[-48,66],[-49,24],[-31,-23],[-58,-127],[25,-24],[-29,-40],[26,-80],[-17,-30],[34,-24],[51,32],[47,-47],[28,-67],[61,-15],[56,-69],[45,-2],[63,-34],[54,-11],[40,-21],[22,-30],[9,-68],[-11,-48],[-95,-87],[-8,-47],[-45,-50],[0,-36],[67,-55],[9,-75],[-54,-79],[-36,-82],[23,-123],[61,-72],[44,-7],[19,-25],[-42,-117],[-34,-43],[-33,-16],[-34,-55],[34,-38],[2,-34],[42,-5],[53,-80],[3,-30],[38,-33],[13,-29],[61,-40],[46,-56],[33,-18],[20,-40],[-30,-60],[35,-9],[35,-40],[31,23],[33,-14],[-10,-131],[73,-84],[-31,-39],[-17,-53],[-37,-31],[-22,-56],[-68,-19],[15,-44],[34,-22],[1,-50],[36,-17],[40,-63],[-25,-71],[25,2],[29,-70],[65,5],[32,-21],[47,-88],[21,-6],[-8,-73],[21,-34],[-28,-29],[89,-55],[8,-81],[-28,-42],[-26,5],[-34,-47],[23,-18],[-16,-37],[-30,-25],[-39,-7],[-23,-65],[68,-31],[19,-81],[44,-96],[64,17],[-9,-36],[37,-25],[-33,-49],[64,-98],[3,-44],[-20,-12],[-5,-76],[92,-108],[-35,-101],[24,-56],[-77,-35],[-22,-37],[0,-57],[-82,-69],[41,-23],[25,-79],[34,-24],[54,0],[-5,-107],[61,-68],[-8,-54],[-54,6],[-27,-24],[14,-41],[8,-77],[57,-24],[35,-65],[-22,-29],[33,-69],[19,-18],[8,-48],[-25,-35],[5,-81],[-21,-14],[-53,9],[-44,-51],[34,-25],[-24,-75],[45,-46],[-18,-65],[-24,-2],[-72,47],[-38,-3],[-37,24],[-35,-21],[-35,-41],[4,-60],[45,-63],[37,-75],[17,-82],[-2,-40],[-27,-38],[-31,-149],[-87,-82],[35,-55],[-28,-73],[10,-58],[22,-45],[50,-58],[-107,-89],[16,-22],[-67,-23],[8,-72],[49,-10],[42,-25],[42,0],[71,-108],[45,-33],[21,-61],[-28,-27],[21,-89],[19,-13],[30,-122],[51,-142],[-41,-98],[14,-90],[-38,-8],[-22,20],[-81,-63],[-71,-14],[-38,10],[-20,-37],[10,-31],[-23,-72],[-127,-56],[-27,-53],[8,-63],[-30,-127]],[[53076,73475],[72,-18],[35,-31],[19,12],[42,-35],[26,32],[56,5],[21,28],[55,-32],[51,4],[33,-36],[77,3]],[[53563,73407],[-9,-113],[-101,-14],[-11,-35],[24,-72],[-3,-42],[17,-70],[-45,7],[-42,-24],[-21,-33],[14,-29],[-11,-60],[21,-28],[6,-70],[-53,-30],[-33,8],[-93,-36],[-37,-68],[1,-75],[10,-36],[-41,-12],[-56,-44],[-74,-31],[-21,-38],[22,-51],[-12,-52],[15,-19],[-18,-70],[65,-43],[107,-6],[17,-26],[12,-75],[41,-92],[-27,-10],[-93,42],[0,-49],[-51,-70],[12,-35],[-31,-42],[31,-19],[-13,-40],[-60,-28],[-37,51],[-55,-25],[-33,27],[-50,-7],[-22,46],[-54,13],[-17,-42],[-56,0],[-7,-27],[-51,-60],[-14,-54],[25,-38],[-26,-37],[16,-29],[-38,-112],[-89,-23],[7,-58],[-39,-41],[-107,2],[-32,-42],[14,-30],[-74,-3],[-98,47],[-55,36],[-64,-8],[-13,-47],[-36,-15],[-35,-65],[-20,-77],[23,-24],[101,-2],[27,-31],[46,-21],[13,-33],[68,-40],[43,-74],[17,-82],[20,-27],[51,11],[10,-42],[36,33],[39,-20],[21,-30],[70,-44],[-4,-26]],[[52543,70707],[1,-46],[-29,-82],[-70,-6],[-20,-47],[29,-45],[10,-42],[30,-33],[32,2],[6,-48],[-20,-64],[40,-16],[-7,-50],[6,-78],[-34,-62],[-60,-34],[40,-59],[-3,-46],[48,-20],[-12,-95],[30,-59],[-16,-44],[21,-61],[23,-26]],[[52588,69646],[-21,-38],[117,-58],[18,-50],[-32,-51],[5,-19],[47,32],[29,-33],[60,20],[39,-47],[97,-5],[63,-69],[38,-5],[10,-61],[38,-23],[13,-124],[16,-17],[-21,-73],[20,-89],[25,-21],[23,-86],[44,-27],[87,-12],[41,-31],[45,-68],[-3,-45],[24,-5],[38,27],[64,-29],[33,-29],[26,4],[32,-35],[68,-36],[6,-38],[117,-22],[27,-50],[52,17],[55,-56],[-6,-35],[34,-41],[-12,-41],[19,-50],[31,-38],[-1,-45]],[[53993,68144],[-59,-30],[-50,-40],[-15,-34],[-32,-8],[-79,18],[-20,-52],[-46,-58],[-19,-46],[-85,-88],[-38,5],[-57,-53],[-51,5],[-42,-22],[-58,48],[-68,43],[-17,-19],[-56,8],[-38,-28],[-59,-16],[-66,17],[-21,-50],[-21,7],[-31,-67],[-43,3],[-27,-12],[-42,19],[-11,28],[-42,3],[-32,58],[-26,4],[-29,41],[-57,-27],[-34,-47],[-44,15],[-31,-43],[-81,44],[-30,-26],[-29,71],[-18,-1],[-21,-115],[-32,-30],[-9,-54],[42,-65],[-5,-39],[31,-79],[-1,-119],[26,-14],[10,-51],[-22,-59],[-91,-48],[-20,-39],[8,-36],[50,-40],[11,-137],[27,-17],[28,-72],[6,-46],[108,-95],[-27,-52],[-16,-87],[-35,-63],[-19,-75],[-124,-74],[-15,-71],[-34,-64],[-24,0],[-70,-27],[-36,-26],[-71,1],[-28,-41],[2,-36],[-81,-24],[-44,-2],[-47,29],[-40,-57],[14,-45],[0,-82],[-23,-37],[-48,-40],[-35,-60],[-23,-61],[-54,-47],[0,-38],[-36,-3],[-33,-52],[-41,40],[-31,-18],[-51,19],[-58,-37],[-9,-30],[-40,-42],[6,-20],[-82,-8],[-34,26],[-54,8],[-42,-20],[-46,26],[-35,-52],[-15,-62],[-43,11],[-63,39],[-44,3],[-53,22],[-36,71],[-71,-78],[3,-57],[29,-26],[20,-75],[41,-2],[31,-67],[38,6],[93,-44],[10,-43],[29,-36],[20,-93],[18,-43],[-43,-64],[-17,-90],[-37,-141],[-1,-56],[33,-20],[-15,-35],[36,-11],[25,-40],[0,-56],[-15,-20],[5,-94],[-25,-20],[14,-120],[-78,-67],[-23,-30],[-68,-46],[-70,-26],[-76,-54],[-14,-108],[59,-48],[35,-69],[51,-23],[90,25],[38,27],[42,8],[97,-13],[23,-35],[-6,-57],[14,-72],[-31,-36],[-9,-41],[22,-12],[42,-55],[29,-11],[18,-61],[67,-34],[-13,-30],[52,-32],[37,15],[88,-69],[71,17],[9,-36],[-17,-34],[-15,-88],[27,-39],[35,-22],[5,-49],[69,-41],[15,-66],[29,-35],[22,-66],[-8,-122],[22,-39],[29,-4],[1,-38],[-21,-26],[-14,-56],[-23,-23],[38,-76],[43,-28],[-10,-25],[44,-27],[8,-87],[49,-68],[53,-35],[41,-7],[-9,-38],[17,-59],[-36,-19],[96,-56],[40,-32],[13,-33],[-19,-99],[20,-59],[-4,-31],[40,-18],[34,-39],[-31,-117],[-30,-39],[16,-37]],[[55207,88542],[3,-140],[76,-80],[43,-110],[10,-166],[-19,-58],[-25,-290],[-22,-87],[78,-8],[144,-41],[22,27],[28,-26],[100,-28],[156,71],[23,-34],[33,18],[74,3],[47,34],[50,0],[142,41],[94,-64],[18,-33],[44,-42],[32,-119],[90,-165],[119,-182],[82,-139],[41,-37],[54,7],[43,-40],[55,-13],[23,-40],[-26,-31],[62,-54],[843,-426],[18,-56],[107,-65],[55,-51],[34,-15]],[[57958,86103],[-27,-64],[9,-89],[-48,-111],[-46,-63],[-71,-130],[-15,-64],[-24,-23],[16,69],[-48,-5],[-92,-83],[-44,2],[-20,38],[-40,-3],[-38,-84],[-26,-32],[-36,-8],[-37,44],[-26,-5],[-49,-75],[-38,-14],[-25,68],[-45,12],[-29,51],[-41,18],[-49,97],[-38,117],[-50,78],[-18,7],[-75,-36],[-63,-64],[-38,-89],[10,-38],[-34,-191],[-41,-20],[-34,-49],[-20,-108],[19,-43],[-13,-44],[-41,-46],[-2,-51],[-42,-60],[7,-5],[7,-113],[-12,-48],[-25,-7],[-7,-38],[-107,-324],[3,-48],[24,-120],[21,-18],[-10,-48],[-15,0],[-42,-74],[68,-43],[46,0],[42,-36],[0,-38],[31,-35],[-86,-36],[-11,-34],[7,-82],[-31,-95],[-18,-96],[-155,-368],[-66,-3],[-12,-32],[52,-57],[38,4],[38,-27],[56,-9],[13,-33],[32,-20],[42,6],[25,-62],[-10,-27],[-47,-61],[-9,-46],[6,-55],[56,-14],[-19,-51],[4,-214],[11,-38],[111,-95],[25,-73],[30,-38],[20,-57]],[[56722,82304],[-32,-20],[-98,-36],[-60,-36],[-54,-17],[-26,-31],[-34,-14],[-98,4],[-31,15],[-20,36],[-34,-11],[-88,-61],[-37,-35],[-79,-53],[-24,-30],[-63,52],[-37,-1],[-131,-36],[-74,-3],[-85,23],[-109,61],[-109,45],[-32,5],[-92,-7],[-80,-13],[-133,-41],[-25,-16],[54,-118],[47,-3],[3,-54],[28,-1],[3,-40],[37,-28],[-13,-43],[11,-25],[-34,-51],[23,-49],[-32,-42],[-9,-75],[19,-31],[-12,-98],[43,-53],[-10,-33],[-76,-61],[-54,-33],[29,-96],[-15,-73],[47,-42],[16,-41],[4,-57],[-14,-71],[-49,-86],[-17,-116],[4,-117],[11,-29],[48,-61],[21,-48],[3,-60],[43,-77],[80,19],[45,0],[40,-28],[34,-70],[4,-75],[-22,-120],[16,-71],[52,-55],[10,-101],[-5,-131],[14,-40],[49,-88],[77,-84],[66,-24],[8,-21],[1,-190],[-26,-47],[-90,-101]],[[55549,79045],[-31,-127],[15,-69],[-21,-25],[2,-43],[-50,-16],[-28,-58],[-63,-50],[-4,-58],[-6,-75],[16,-50],[40,1],[42,-48],[-12,-74],[26,-44],[2,-80],[32,-54],[-151,17],[-63,-11],[-14,-18],[-84,56],[-63,26],[-23,46],[-43,29],[-35,7],[-103,-78],[-83,72],[-38,93],[-46,10],[-45,-24],[-17,-80],[-62,-37],[-3,-32],[-91,-52],[-19,-75],[-63,-36],[-17,-49],[-42,-17],[-99,-55],[-31,46],[-92,-8],[-20,-18],[-27,-59],[22,-77],[-755,-85],[8,16],[-19,73],[12,31],[-7,62],[-27,52],[-24,84],[-15,11],[10,123],[-45,92],[-97,79],[-40,17],[-47,47],[4,42],[-72,67],[-22,104],[2,70],[-83,-16],[-14,45],[-31,15],[-60,-10],[-63,10],[-42,-55],[-32,-22],[-76,54]],[[53993,68144],[38,-1],[74,-43],[4,-29],[71,-27],[23,-26],[36,49],[43,-24],[15,-59],[-6,-92],[-60,-79],[13,-64],[30,-4],[7,-46],[-17,-40],[16,-57],[-25,-21],[3,-61],[41,-17],[32,-41],[-8,-52],[33,-31],[22,-7],[39,-53],[33,-25],[25,4],[38,-24],[22,-35],[85,-39],[48,-74],[64,-38],[63,-55],[-1,-101],[16,-16],[53,-5],[41,-43],[39,-18],[50,22],[65,73],[26,-25],[74,6],[54,27],[7,-26],[47,-33],[16,16],[97,9],[34,-42],[90,-15],[5,-34],[36,-31],[12,858],[22,16],[15,49],[26,28],[36,-1],[24,-35],[76,26],[30,-16],[33,17],[59,-5],[50,37],[47,-2],[41,15],[31,-9],[33,47],[55,23],[70,-1],[64,-41],[71,13],[10,48],[99,35],[20,36],[24,-44],[62,77],[-22,32],[149,69],[32,75],[53,-38],[97,30],[30,-36],[51,15],[36,28],[23,85],[23,19]],[[57026,68247],[12,-151],[8,-58],[-6,-54],[-51,-92],[-22,-70],[-37,-72],[-53,-61],[-27,-46],[-51,-60],[-32,-52],[-181,-220],[-15,-123],[4,-67],[46,-121],[43,-111],[41,-64],[61,-40],[128,-118],[42,-55],[81,-59],[57,-21],[24,-55],[-35,-54],[-8,-55]],[[57055,66368],[10,-121],[-2,-54],[-16,-88],[-29,-57],[13,-85],[5,-30],[-10,-106],[-38,-38],[-34,-120],[7,-46],[-15,-92],[-28,-76]],[[56918,65455],[-65,-131],[-31,-126],[-15,-79],[-38,-118],[-37,-41],[-90,-38],[-26,-20],[-65,-95],[-34,-90],[-21,-149]],[[56496,64568],[-25,-86],[-97,-83],[-46,-92],[-26,-67],[-18,-47],[-126,-179],[-49,-100],[-66,-102],[-47,-17],[-66,0],[-98,-24],[-114,-119],[-27,-9],[-53,-71],[-61,-118],[-48,-47],[-65,-77],[-20,-82],[-28,-59],[-21,-58],[-59,-103],[-31,-25],[10,-43],[-16,-23],[-78,-65],[-47,-69],[-47,-1],[-23,-16],[-15,-72],[-24,-31],[-57,-31],[-30,-61],[-11,-57],[4,-99],[-30,-73],[-57,-80],[-36,-114],[8,-65],[-15,-22],[31,-46],[10,-51],[-42,-70],[-1,-57],[-70,-79],[-6,-77],[-24,-53],[0,-47],[-27,-52],[-47,-59],[-40,-68],[-12,-76],[-25,-58],[-5,-48],[-20,-24]],[[58114,72876],[13,-48],[28,-17],[131,-15],[69,-18],[49,-66],[74,-34],[91,13],[101,-36],[52,9],[63,34],[53,10],[58,15],[36,-5],[18,23],[47,-23],[11,-31],[48,-55],[13,-83],[30,-52],[-2,-26],[38,-29],[24,-41],[51,-46],[93,-34],[28,5],[72,-34],[129,-106],[13,-41],[-23,-94],[-77,-143],[-64,-32],[-69,-15],[-77,12],[-45,-18],[-35,-84],[-7,-80],[17,-106],[48,-92],[56,-65],[35,-70],[-5,-61]],[[59299,71297],[-68,-42],[-84,-16],[-58,-40],[-31,-48],[-10,-63],[20,-30],[71,-28],[26,-42],[8,-41],[-12,-41],[-41,-54],[-45,-36],[-95,-36],[-60,3],[-39,-16],[-56,-61],[-11,-63],[50,-209],[1,-65],[62,-49],[21,-59],[-19,-85],[-38,15],[-57,46],[-54,16],[-121,4],[-26,-15],[-70,-113],[-156,-120],[-45,-78],[-14,-24],[-34,-54],[-1,-39],[-27,-40],[-16,-81],[22,-81],[3,-101],[-31,-58],[-46,-41],[-103,-25],[-44,-34],[-50,-73],[-58,-33],[-89,-24],[-34,15],[-154,-20],[-116,-56],[-128,-9],[-29,-45],[-29,-37],[-93,-69]],[[57291,69002],[-65,54],[-29,3],[-32,70],[-26,17],[-451,699],[-137,208]],[[56551,70053],[487,462],[10,0],[814,763],[-27,46],[-30,12],[-37,64],[1,38],[-82,64],[-65,66],[-58,22],[-13,22],[-103,24],[-40,-18],[-422,119],[-81,-63],[-71,-11],[-86,-65],[-91,-32],[-94,-90],[-98,-5],[-44,32],[-40,-9],[-40,28],[-68,-19],[-21,19],[-28,-30],[-52,-3],[-53,-39],[-61,5],[-62,-25],[-22,-29],[-38,-3],[-55,-45],[-59,57],[-48,-3],[-12,72],[-17,39],[14,107],[-39,31],[0,35],[-25,95],[-42,-59],[20,-50],[-20,-22],[-34,26],[-19,-25],[14,-51],[-55,-4],[-42,-28],[-87,36],[-64,-10],[-9,-31],[-32,-6],[-24,-39],[2,-34],[-28,-41],[-23,-5],[-70,36],[-25,-24],[22,-62],[-12,-15],[-67,1],[-29,11],[8,93],[-34,36],[-57,-76],[-23,-7],[-62,24],[-31,25],[-54,-9],[-27,19],[-33,53],[-27,-2],[-19,-46],[-34,1],[-41,-41],[-120,40],[-102,101],[-38,-32],[-70,0],[-60,57],[-37,-18],[-52,18],[-42,-48],[-92,-2],[-44,-13],[-68,-82],[-24,7],[-34,-25],[-150,32],[-73,-26],[-47,53],[-31,-21],[-18,-123],[-64,-60],[-79,-22],[-40,39],[-34,-16],[-59,13],[-29,-24],[-90,6],[-46,-10],[-27,40],[-27,-2],[-96,-46],[-34,-29],[17,-33],[-43,-22],[-6,-64],[-47,-28],[-60,-97],[-14,-38],[-33,-32],[-47,-10],[-17,-44],[-49,-74],[-17,-74],[-29,-41],[-22,-3]],[[53563,73407],[28,11],[90,-22],[20,-32],[62,20],[82,-14],[64,-26],[42,25],[40,-10],[46,31],[23,59],[11,87],[-20,17],[35,54],[30,-1],[11,35],[-9,65],[25,63],[-22,41],[-2,70],[17,65],[39,-7],[16,33],[32,-24],[98,7],[55,-32],[-19,58],[54,39],[118,-35],[55,31],[-13,21],[-71,21],[18,39],[37,37],[22,45],[-66,86],[1,31],[593,10],[671,9],[631,65],[55,1],[43,49],[56,143],[24,30],[-27,76],[3,24],[60,67],[11,64],[-35,46],[-103,80],[-55,104],[-12,51],[405,-8],[70,72],[13,33],[53,63],[58,22],[24,46],[58,-3],[26,-37],[45,75],[-31,25],[56,48],[28,0],[48,28],[53,76],[39,11],[64,-14],[52,12],[62,-42],[-2,-85],[57,-2],[95,46],[63,6],[8,21],[119,78],[59,0],[76,97],[29,23],[66,23],[24,48],[20,130],[18,22],[7,73],[22,14],[62,88],[71,-48],[13,25],[37,-18],[76,1],[22,-48],[26,20],[70,20],[59,48],[84,50],[17,-4],[92,31],[63,-19],[43,54],[30,60],[52,40]],[[59028,76315],[25,-78],[10,-94],[71,-96],[85,-99],[45,-77],[-1,-29],[32,-46],[75,-22],[56,1],[90,32],[32,20],[781,-1092]],[[55549,79045],[79,16],[116,48],[34,66],[31,161],[23,179],[19,43],[-44,94],[1,30],[58,78],[61,7],[2,70],[13,36],[116,-1],[17,6],[397,-6],[282,-8]],[[56754,79864],[-13,-93],[-27,-39],[-81,4],[-57,-52],[-22,-66],[1,-70],[18,-30],[-14,-63],[3,-88],[38,-36],[-12,-52],[-46,-25],[-42,-59],[-102,-16],[-66,-19],[-18,-28],[-127,-128],[1,-45],[-17,-81],[30,-102],[121,-85],[35,-101],[53,-30],[-17,-66],[19,-166],[39,-76],[-2,-41],[32,-44],[18,-79],[44,-20],[11,-29],[-30,-114],[1102,-12],[175,-6]],[[57801,77907],[-5,-52],[-110,-60],[-107,-121],[-40,-86],[37,-17],[37,6],[83,-12],[52,-58],[73,-1],[38,-20],[33,18],[32,-42],[-40,-26],[18,-30],[-28,-80],[9,-28],[60,-3],[-25,-34],[73,-40],[17,-38],[29,8],[7,-65],[43,8],[31,-31],[86,-3],[46,-14],[96,-87],[33,25],[17,-24],[40,-8],[27,-42],[31,0],[54,-44],[3,-27],[48,-20],[56,18],[83,-13],[38,-18],[10,-25],[80,19],[25,26],[74,-43],[29,0],[41,-41],[44,-112],[-12,-49],[7,-59],[-7,-44],[-23,-19],[-7,-52],[9,-67],[-18,-65]],[[56551,70053],[-531,-490],[-215,-199],[-35,6],[16,102],[-31,28],[-60,8],[-29,47],[-58,-48],[-64,8],[-49,45],[-67,24],[-69,64],[-76,48],[-35,47],[-38,24],[-29,38],[-45,-13],[-17,22],[-94,23],[-49,-31],[-37,2],[-8,-36],[-58,-42],[-53,36],[-18,-34],[-96,-24],[-53,32],[-58,-64],[-31,16],[-73,-85],[-27,123],[-35,39],[-13,51],[-46,33],[-15,80],[17,36],[-23,27],[-51,-11],[-13,16],[-43,-28],[-22,-52],[-87,16],[-58,-23],[-93,15],[-47,-59],[-33,19],[-76,7],[-30,-36],[-39,21],[-12,-30],[-99,-9],[-61,13],[-50,-7],[-6,60],[-24,17],[12,48],[-78,-8],[-19,21],[7,77],[-29,58],[-34,7],[7,50],[-10,35],[-41,-11],[-32,45],[-4,37],[37,22],[3,28],[-37,41],[9,51],[35,30],[19,64],[-40,34],[-59,-37],[-22,-44],[-41,14],[-56,-5],[-34,-31],[-38,-5],[-35,-37],[4,-65],[-24,-48],[25,-87],[-64,-66],[-59,-24],[-102,-58],[-19,-55],[-8,-56],[-19,-10],[-16,-62],[-155,-232]],[[57291,69002],[-74,-69],[-82,-47],[-50,-10],[-28,-38],[-60,-45],[-20,-94],[49,-170],[8,-76],[-8,-206]],[[56722,82304],[102,20],[117,14],[129,-8],[82,2],[88,-14],[55,-18]],[[57295,82300],[-37,-38],[-31,-56],[-23,-107],[-86,-173],[-34,-117],[-10,-87],[-82,-59],[-52,-74],[22,-62],[-18,-108],[26,-2],[32,51],[34,32],[31,9],[31,-31],[140,-176],[-45,-39],[-10,-40],[-34,-32],[4,-47],[-52,-60],[-21,-81],[-32,-14],[-22,-40],[-35,-27],[-15,-60],[-20,-16],[-26,-73],[-51,-34],[-45,-90],[185,-95],[-7,-66],[-41,-77],[155,94],[68,-130],[-5,-58],[-41,-20],[-10,-41],[-56,-45],[-29,13],[-13,-52],[15,-36],[-5,-42],[-44,-42],[-2,-50],[-53,-36],[-30,-67],[9,-49],[-30,-12],[-21,28],[-57,15],[-18,-18],[-50,1]],[[57295,82300],[41,36],[87,73],[126,152],[59,34],[67,66],[154,54],[115,37],[76,11],[69,23]],[[58089,82786],[3,-66],[17,-71],[23,-54],[31,-34],[39,17],[49,-2],[57,-33],[19,-27],[9,-55],[29,-16],[35,-76],[42,-22],[56,-10],[304,-24],[-3,33],[38,32],[62,-9],[43,34],[71,17],[-8,-57],[2,-117],[12,-33],[-9,-43],[-27,-50],[1,-57],[-39,-67],[-10,-63],[13,-78],[-27,-58],[-38,-27],[-48,-108],[0,-68],[-45,-38],[-31,-74],[-101,-61],[-16,-48],[15,-29],[-38,-67],[-35,-21],[-23,-45],[-15,-71],[-57,-20],[-72,-77],[-60,-3],[0,-104],[-27,-51],[-60,-11],[-4,-67],[-20,-38],[-49,-19],[-26,-33],[-40,-140],[-37,-27],[-38,23],[-56,-29],[-29,-158],[4,-43],[-24,-78],[41,-90],[-1,-84],[10,-31],[63,-60],[25,52],[6,44],[-20,74],[40,90],[34,24],[22,51],[73,100],[44,4],[50,30],[43,51],[22,-85],[-34,-44],[14,-51],[42,19],[36,-15],[78,34],[41,-30],[38,-53],[62,-2],[65,-75],[21,-45],[40,-16],[3,-33],[36,-30],[-3,-56],[15,-34],[48,-8],[13,-29],[-28,-125],[44,-85],[-17,-68],[-8,-72],[-41,-48],[-17,-81],[-22,-45],[42,-54],[-19,-52],[-53,-4],[-38,-64],[-20,-103],[-47,-46],[-12,-65],[52,-124],[20,-16],[18,-70],[-27,-30],[22,-23],[57,-90],[-35,-80],[-22,-29],[-4,-66],[-29,-77]],[[58734,78450],[-36,4],[-106,-78],[-99,-9],[-50,-29],[-32,-32],[-54,-100],[-38,-17],[-57,-61],[-64,-49],[-100,-39],[-51,-54],[-42,-16],[-83,-4],[-46,36],[-31,-51],[-44,-29],[0,-15]],[[57958,86103],[65,25],[111,4],[134,-15],[23,-43],[68,-28],[102,-19],[34,5],[120,57],[95,-11],[23,8],[124,-24],[39,5],[24,-17],[85,31],[75,-33],[44,-36],[38,-11],[30,-41],[19,-62],[-18,-159],[-104,-100],[-26,-55],[-32,-125],[-38,-64],[554,-224]],[[59547,85171],[-10,-73],[-41,-77],[-6,-68],[-29,-55],[-55,-62],[-14,-16],[-71,-148],[-64,-95],[-45,-98],[-18,-40],[-72,-93],[-22,-42],[-37,-116],[-14,-26],[1,-10],[-27,-45],[-46,-48],[-57,-48],[-76,-115],[-56,-69],[-143,-154],[-41,-50],[-66,-102],[-64,-128],[-59,-101],[-89,-191],[-38,-104],[-35,-71],[-142,-128],[-22,-12]],[[58734,78450],[85,-91],[29,-14],[76,-8],[49,49],[31,45],[54,-42],[69,45],[77,11],[49,74],[-24,53],[24,45],[11,67],[46,17],[43,-70],[33,9],[13,112],[21,35],[20,67],[41,54],[30,109],[51,52],[57,7],[66,-5],[62,64],[28,57],[1,72],[14,36],[-6,43],[38,170],[33,54],[51,109],[8,54],[-24,109],[45,61],[117,66],[49,57],[12,34],[52,48],[16,73],[-7,41],[-23,7],[-31,-53],[-82,29],[-23,-30],[-32,9],[-29,54],[-51,-8],[-3,64],[34,58],[-15,72],[19,38],[-7,31],[-45,94],[5,51],[32,50],[38,20],[-10,42],[39,14],[21,66],[42,27],[-19,78],[65,4]],[[60099,80936],[57,-12],[27,90],[92,22],[36,18],[66,3],[21,46],[7,62],[24,51],[40,40],[23,71],[-5,26],[27,44],[32,2],[63,49],[21,45],[372,-8],[-32,55],[-6,88],[-24,55],[29,30],[32,76],[38,38],[27,8],[30,-21],[34,41],[49,16],[3,-50],[48,9],[52,-41],[-13,-33],[21,-56],[53,19],[24,-32],[0,-50],[-17,-62],[19,-62],[16,-14],[39,-122],[15,-105]],[[61439,81272],[-119,2],[-49,-21],[-63,-90],[-34,-17],[0,-42],[-18,-60],[6,-38],[52,-64],[80,-21],[55,-43],[22,-31],[1,-66],[-15,-24],[-7,-63],[-55,-84],[23,-30],[16,-50],[-21,-59],[14,-45],[20,-24],[19,-62],[36,-67],[35,-15],[-41,-121],[54,-65],[64,-38],[18,-58],[24,8],[-5,-98],[62,-94],[-17,-29],[-64,-4],[-58,-57],[-5,-77],[-48,-84],[-1,-49],[-20,-60],[35,-21],[-6,-30],[-38,-5],[-11,-37],[33,-112],[-2,-49],[798,678],[29,97],[-10,70],[3,57],[17,8],[39,81],[38,24],[85,29],[95,74],[63,58],[108,10],[56,-18],[64,23],[88,7],[101,-19],[46,-42],[46,-8],[68,-52],[49,-20],[27,-30],[76,-42],[58,-22],[94,-8],[22,-25],[34,27],[52,-14],[13,51],[83,43],[19,-18]],[[59547,85171],[552,-225],[3,-96],[20,-12],[33,49]],[[60155,84887],[34,-32],[8,-175],[11,-26],[-42,-4],[-33,47],[-47,-23],[-15,-37],[-27,14],[-25,-44],[9,-42],[33,2],[0,-97],[29,-213],[23,-32],[161,-77],[-59,-167],[-76,-59],[-44,-106],[-69,-75],[120,-180],[-158,-11],[8,-398],[-3,-68],[10,-61],[22,-26],[70,0],[-35,-35],[-318,-196],[37,-19],[39,-46],[69,-4],[38,30],[9,70],[20,39],[53,32],[22,-6],[58,-67],[-5,-44],[-34,-54],[2,-80],[53,-58],[46,3],[37,30],[73,28],[50,-24],[41,-46],[36,-93],[-56,-83],[-2,-53],[27,-45],[-7,-103],[-33,-34],[-11,-42],[-10,-50],[35,7],[11,-26],[-25,-41],[11,-78],[-24,-70],[-25,-19],[-19,-147],[29,-10],[-35,-72],[38,-9],[3,-36],[-86,-58],[-6,-43],[-43,-14],[-84,-104],[-19,-67],[21,-56],[-10,-58],[-26,-47],[39,-15],[-9,-53],[35,-61],[-6,-34]],[[60155,84887],[33,61],[-1,59],[26,28],[32,-9],[68,46],[7,64],[29,40],[-11,44],[77,2],[51,-98],[8,-80],[-53,-87],[-18,-52],[21,-12],[32,37],[18,-34],[45,38],[-5,49],[17,48],[-16,35],[42,100],[0,55],[42,-4],[7,-31],[-17,-46],[50,-20],[32,-102],[23,94],[-19,28],[-7,53],[54,-5],[13,38],[44,35],[26,-1],[20,-99],[-11,-50],[28,-14],[45,41],[46,-12],[48,-104],[-13,-56],[3,-50],[-22,-43],[30,-44],[40,9],[37,88],[36,68],[-8,107],[12,33],[102,-82],[11,-27],[-17,-53],[28,-31],[-4,-45],[22,-10],[77,-178],[27,33],[14,84],[-23,103],[18,53],[-28,45],[29,70],[77,11],[50,-16],[-24,-156]],[[61455,84935],[16,-91],[23,-26],[30,-68],[-88,-14],[17,-56],[54,-28],[-8,-82],[15,-48],[45,-19],[-10,-36],[-35,27],[-13,-48],[40,-69],[-76,-41],[-22,-28],[44,-20],[-12,-25],[16,-46],[-45,-7],[9,-31],[39,-7],[-27,-63],[23,-2],[-16,-43],[21,-58],[-23,-33],[-8,-82],[-19,-45],[-63,-88],[-25,-117],[-33,-27],[-17,-83],[-17,2],[-33,-88],[34,-71],[55,-52],[66,-45],[12,-42],[-18,-74],[5,-62],[0,-34],[-28,-57],[10,-15],[-7,-91],[25,-61],[22,-20],[-8,-46],[134,80],[20,-41],[4,-56],[48,-1],[12,32],[42,30],[53,-28],[-33,-79],[-77,-19],[-26,-30],[40,-71]],[[61642,82592],[14,-86],[-22,-19],[47,-7],[9,-58],[-6,-42],[-26,-44],[13,-52],[-1,-67],[32,-34],[-1,-35],[23,-81],[44,-30],[29,-68],[51,7],[28,19],[61,-68],[-47,-33],[16,-66],[-38,-15],[-21,-52],[29,-68],[-14,-91],[-34,-27],[-11,-35],[-47,-50],[-74,-16],[-20,-57],[-35,-20],[-23,-52],[-79,-67],[-100,-6]],[[61642,82592],[19,27],[72,40],[98,128],[139,229]],[[61970,83016],[80,64],[7,14],[195,-59],[34,8],[19,-70],[20,-24],[-26,-83],[-25,-12],[191,-138],[17,-35],[-16,-82],[-12,-13],[1,-90],[-14,-76],[58,-47],[15,-48],[47,-26],[-28,-40],[-33,5],[-9,-37],[33,-39],[-18,-33],[16,-28],[-41,-65],[-2,-53],[-41,-13],[-23,-92],[14,-43],[-19,-38],[-58,-7],[0,-31],[100,-147],[31,-17],[103,-110],[28,-66],[4,-43],[-44,-86],[-36,-52],[2,-33],[42,-79],[12,-112],[34,2],[57,80],[-5,57],[13,55],[33,41],[6,40],[3,123],[-6,81],[10,68],[-23,40],[2,34],[33,36],[536,-886],[4,37],[237,-416],[139,-85]],[[61455,84935],[69,1],[20,51],[39,1],[-11,68],[61,2],[68,28],[93,-36],[-14,-91],[67,-25],[-5,65],[61,-6],[55,-25],[29,-72],[-47,-54],[-25,22],[-27,-15],[-14,-50],[41,-4],[36,37],[30,2],[56,53],[48,-20],[-27,-50],[5,-86],[17,7],[70,94],[56,45],[33,13],[54,-104],[-22,-15],[31,-103],[14,-91],[-10,-48],[51,40],[-1,115],[26,7],[27,41],[88,47],[45,-8],[22,-47],[-39,-136],[50,-51],[0,-74],[31,-50],[-23,-32],[-33,-4]],[[62550,84377],[-42,-28],[-32,-75],[-33,12],[-15,-38],[24,-81],[-22,-35],[28,-98],[-25,-41],[61,-53],[-27,-89],[18,-53],[-4,-47],[-31,-40],[-54,-43],[-37,-7],[-51,-31],[-25,-50],[8,-57],[-94,-145],[-211,-336],[-11,-8],[-5,-18]],[[62550,84377],[59,-42],[51,97],[5,63],[56,12],[3,100],[56,32],[8,52],[66,-35],[-14,-31],[10,-59],[-17,-80],[3,-81],[49,22],[5,-77],[23,14],[44,71],[43,-32],[-1,73],[45,-29],[28,-170],[28,24],[-15,54],[13,70],[27,33],[35,-13],[18,-54],[25,29],[-19,51],[6,27],[43,-1],[9,51],[61,-5],[-17,-43],[46,-21],[31,-56],[1,-40],[-38,-56],[-63,-54],[45,-71],[-26,-49],[-85,-37],[-23,-20],[30,-34],[44,25],[45,1],[63,30],[27,-4],[5,-43],[41,-8],[47,115],[3,52],[22,10],[44,-71],[32,39],[-6,25],[25,54],[27,25],[36,2],[46,-45],[54,76],[37,4],[20,-35],[-24,-64],[-41,-23],[-28,17],[-29,-34],[-12,-39],[18,-37],[-33,-46],[34,-40],[-2,-61],[-38,-43],[-8,-53],[23,-30],[37,76],[31,-5],[57,26],[5,35],[68,22],[-7,-77],[31,-18],[52,63],[19,8],[29,-54],[3,-78],[-32,-43],[10,-31],[58,89],[-1,46],[24,17],[33,54],[60,71],[26,86],[-5,36],[55,27],[33,0],[56,49],[44,-45],[-6,-77],[-54,10],[16,-53],[-3,-46],[-36,-16],[-8,-37],[11,-61],[20,-41],[0,-57],[-54,-49],[-46,-90],[-37,-51],[21,-61],[26,44],[1,36],[32,59],[86,72],[19,45],[-4,58],[22,65],[33,17],[25,-26],[-10,-94],[-78,-197],[36,10],[16,64],[40,22],[35,54],[113,61],[1,29],[40,6],[3,-37],[-56,-47],[-15,-49],[62,-104],[-35,-60],[-1,-60],[-29,-97],[-14,-15]],[[64578,83790],[40,10],[25,-86],[-56,35],[-9,41]],[[63838,84159],[25,-31],[-39,-70],[-61,-39],[10,50],[43,48],[22,42]],[[81477,68849],[36,25],[74,13],[55,0],[1,50],[55,-7],[19,-63],[9,-29],[9,-117],[80,5],[50,-19],[53,-73],[63,48],[59,30],[59,-29],[-23,-64],[-25,-28],[25,-38],[-12,-21],[-27,-113],[-12,-200],[4,-37],[3,-62],[-32,-73],[-6,-83],[-16,-20],[48,-47],[-54,-88],[-28,-27],[-69,7],[-37,-26],[5,-76],[42,-8],[38,-52],[57,-8],[117,-19],[113,-7]],[[82210,67593],[-58,-49],[-29,-58],[-61,-65],[17,-42],[-43,-71],[-4,-94],[70,35],[22,-29],[-12,-48],[-53,-5],[-27,-41],[-60,-136],[-20,-6],[-41,-71],[-21,-8],[-10,-50],[-59,-55],[8,-67],[-17,-31],[-42,4],[-8,-30],[-40,-15],[-65,-50],[-54,48],[-50,11],[-2,32],[-49,38]],[[82210,67593],[19,-5],[110,-47],[168,-5],[97,-19]],[[82604,67517],[63,-199],[13,-95],[43,-43],[14,-43],[-27,-26],[48,-24],[53,-3],[23,52],[-5,24],[38,102],[40,9],[9,26],[78,4],[72,-13],[70,1],[29,-34],[41,11],[-5,-62],[75,-16],[32,-53],[-85,-45],[-45,-184],[-190,-93],[13,-27],[0,-67],[-17,-24],[55,-54],[37,-22],[11,-233]],[[83087,66386],[-72,-23],[-85,-76],[-79,-62],[-63,-60],[-7,-36],[-98,45],[-47,30],[-4,-70],[-11,-24],[-57,-11],[-63,-30],[-3,-3],[-4,-2],[-67,-67],[-86,-32],[-32,1],[8,-71],[-119,-9],[-36,-53],[-67,-73],[-19,-4],[-76,-99]],[[82000,65657],[0,59],[-30,61],[-42,0],[-21,44],[-67,-72],[-44,-11],[-21,-45],[-42,4],[-14,26],[-52,9],[-17,-32],[-62,-6],[-16,-39],[-66,-8],[-40,17],[-49,-17],[-31,28],[-37,-18],[-29,38],[0,38],[-40,54],[1,30],[-80,102],[-25,3],[-25,59],[-42,36],[-22,2]],[[81601,69295],[72,32],[61,-42],[72,55],[40,6],[-74,-77],[8,-73],[40,-21],[35,8],[27,-47],[28,-12],[62,7],[32,-34],[18,-84],[72,-12],[34,-12],[30,-72],[38,-2],[18,-49],[77,54],[64,-4],[1,-1],[64,-17],[17,-26],[72,-7],[32,17],[30,-76],[29,-8],[53,30],[8,41],[30,19],[33,58],[38,21],[39,-11],[-11,-35],[32,-13]],[[82822,68908],[21,-14],[-26,-124],[86,-5],[20,-11]],[[82923,68754],[35,-102],[-30,-56],[14,-59],[-122,-78],[9,-75],[32,-6],[32,-54],[-9,-39],[-100,-8],[4,-122],[18,-22],[-1,-50],[32,-69],[-32,-63],[25,-38],[6,-45],[-41,-28],[11,-156]],[[82806,67684],[-44,-26],[-26,-50],[-63,-10],[-27,-25],[6,-33],[-48,-23]],[[83087,66386],[38,40],[45,11],[39,33],[48,19],[39,-29],[108,34],[-17,-23],[5,-52],[-12,-47],[37,-14],[21,-68],[-72,-204],[-55,-36],[0,-25],[30,-82]],[[83341,65943],[-26,-30],[-25,-25],[-8,-37],[-23,-60],[-19,29],[-9,52],[-22,4],[-42,-44],[-71,1],[-43,-15],[-58,-79],[-54,-34],[-48,-44],[-10,-36],[-39,-26],[-38,-63]],[[82806,65536],[-30,-28],[-32,14],[-38,-14],[-63,80],[-22,6],[-72,-58],[-14,-26],[-4,-60],[22,-39],[-29,-26],[-97,36],[-23,62],[-26,34],[-47,12],[-25,-24],[-113,-73],[-39,-24],[-56,10],[-53,-4],[-25,46],[-8,59],[18,42],[-30,96]],[[82806,67684],[170,-142],[132,-73],[86,-14],[27,6],[98,-6],[75,-19],[93,3],[68,12],[22,15],[78,33],[89,-15],[17,9],[158,-28],[-55,85],[19,66],[-30,51],[-6,52],[-18,28],[-14,216],[-52,42],[-4,177],[-55,1],[-21,25],[132,-5],[146,12],[78,1]],[[84039,68216],[180,22],[17,-8],[132,-13],[67,28],[70,-17],[-18,-49],[58,-54],[-17,-77],[25,-50],[1,-80],[45,-38],[97,-10],[97,66],[61,81],[17,-5],[123,31],[77,42],[77,59],[23,3],[35,-39],[10,-50],[-6,-45],[29,-68],[117,61],[177,56],[135,-156],[0,-135],[91,0],[-35,-96],[-32,-54],[-13,-49]],[[85679,67572],[-34,2],[-226,-238],[-7,-128],[19,-11],[97,42],[32,38],[80,-25],[64,29],[-30,-51],[0,-90],[-66,-80],[-79,-94],[-53,17],[-68,-6],[-41,-23],[-34,0],[-22,23],[-60,9],[-76,3],[-70,-72],[-20,13],[-42,-36],[-36,4],[37,-161]],[[85044,66737],[2,-86],[-36,-7],[-72,-237]],[[84938,66407],[-34,-8],[-10,41],[-28,28],[-112,38],[-21,31],[-53,12],[-17,60],[-43,41],[-40,12],[-42,47],[-62,5],[-34,1],[-32,-34],[-59,1],[-32,6],[-72,-87],[16,-33],[-86,-50],[-69,-9],[-37,16],[-37,-9],[-42,10],[-70,-13],[16,-65],[-85,-126],[-18,-66],[-36,-32],[-68,-23],[-90,-44],[-26,-46],[-25,-15],[-43,8],[-14,20],[-49,-29],[-15,-32],[-56,-3],[-3,-49],[-26,-27],[-26,4],[-17,-45]],[[82822,68908],[33,15],[-13,59],[55,48],[61,6],[9,45],[29,-10],[28,-43],[38,5],[16,24],[43,28],[26,-2],[7,77],[69,-15],[61,81],[-19,24],[81,103],[37,4],[68,-12],[-12,51],[25,51],[-34,20],[5,38],[47,34],[4,39],[31,32],[79,26],[19,-22],[62,-19],[61,0],[20,23],[52,7],[38,3],[72,43],[20,-25],[47,-6],[11,33],[33,1]],[[84031,69674],[90,-6],[56,14],[15,64],[20,19],[121,-1],[38,61],[56,-7],[45,47],[96,39],[19,-22],[33,4],[41,68],[57,-2],[19,-39],[33,8],[27,-25],[52,-6]],[[84849,69890],[7,-163],[-23,-81],[40,-30],[-43,-69],[-46,-8],[-21,-54],[-77,-15],[-41,-32],[-48,-62],[-10,-73],[-76,10],[-36,-10],[-24,-60],[-78,-36],[-35,-56],[-4,-65],[-29,-54],[-18,-26],[-2,-49],[31,-47],[-25,-39],[-19,-148],[-11,-24],[-51,-33],[-100,8]],[[84110,68674],[-62,64],[-7,-36],[-31,-5],[-63,-39],[-93,-14],[-103,65],[-57,-10],[-11,-34],[-39,0],[-54,1],[-70,-73],[-75,-3],[-12,-35],[-77,1],[-29,6],[-70,13],[12,83],[-51,14],[-28,37],[-94,7],[-49,34],[-124,4]],[[84110,68674],[-43,-36],[15,-45],[-18,-105],[12,-34],[-8,-69],[21,-41],[-14,-51],[-36,-77]],[[84175,64970],[76,10],[21,21],[6,68],[48,8],[103,72],[-3,70],[49,3],[8,21],[-13,78],[30,-1],[81,36],[27,-27],[46,50],[-11,19],[45,69],[-24,45],[3,31],[-22,51],[-28,38],[-8,37],[-36,50],[-4,44],[34,49],[15,48],[38,56],[64,47],[46,51],[76,38]],[[84842,66052],[-15,-99],[-15,-42],[19,-63],[11,-34],[123,-74],[-5,-216],[-7,-2],[24,-89],[106,-216],[308,32],[-17,-82],[60,33],[32,-6],[80,25],[1,29],[41,28],[44,48],[150,-94],[42,-96],[28,-25],[-16,-91],[41,-51],[83,-85]],[[85960,64882],[-23,-60],[-53,23],[-44,-42],[-14,-43],[-10,-181],[-62,-34],[12,-59],[23,-3],[17,-48],[-28,-21],[-64,-7],[-62,-39],[13,-40]],[[85665,64328],[-73,-13],[-14,-25],[-60,-5],[-29,-51],[-59,21],[-42,-12],[-17,-25],[-115,-37],[-42,-32],[-39,-11],[-30,-30]],[[85145,64108],[-37,-41],[-56,-16],[-13,-50],[-61,2],[-30,-12],[-66,39],[-41,64],[-96,18],[7,54],[33,19],[-31,31],[-47,-28],[-48,68],[-3,93],[-34,-7],[-43,21],[-5,31],[29,20],[-16,31],[36,34],[-5,65],[11,31],[-27,63],[-1,35],[25,41],[-1,29],[-22,71],[-34,3],[-39,40],[5,58],[-34,25],[-31,-19],[2,-34],[-101,19],[-32,-8],[-32,19],[-48,-3],[-65,-27],[-26,31],[7,52]],[[85044,66737],[76,-82],[149,-52],[106,-29],[182,-30],[33,25],[39,-16],[43,-24],[82,-18],[-10,71],[-19,29],[91,110],[47,-59],[-12,-56],[23,-10],[59,-147],[34,-25],[13,-14],[-4,-67],[-76,-37],[216,-367],[-168,-131],[19,-141],[90,-100],[-34,-33],[-45,-82],[-87,39],[-20,-60],[17,-40],[3,-47],[54,-31],[39,-70],[34,-28],[-5,-55],[-32,-85],[67,-109]],[[86048,64966],[-35,10],[-46,-12],[-17,-27],[10,-55]],[[84842,66052],[41,-1],[35,31],[63,15],[4,0],[51,-2],[45,34],[-20,47],[-63,85],[2,47],[25,30],[-25,48],[-62,21]],[[85679,67572],[-15,-66],[44,-75],[56,-43],[23,20],[39,102],[19,21],[74,-11],[39,-17],[78,3],[91,140],[-12,41],[35,46],[37,-6]],[[86187,67727],[57,0],[32,-27],[26,25],[42,-27],[126,-11],[26,-16],[31,15],[57,-21],[14,11],[4,92],[34,5],[45,-30],[36,66],[22,3],[46,-40],[62,-6],[-11,-93],[0,-1],[196,-264],[51,-10],[83,28],[64,30],[73,58],[126,53],[122,75],[58,41],[32,64],[41,1]],[[87682,67748],[22,-5],[58,-81],[36,-34],[32,-55],[42,-21],[17,-8],[42,-26],[38,-3],[90,-58],[109,1],[51,-53],[15,-1],[153,-36],[24,-42],[-23,-16],[11,-74],[38,-32],[46,-79],[22,-58],[61,-10],[9,-87]],[[88575,66970],[-32,-26],[-1,-46],[-48,-23],[-24,-38],[-84,0],[-108,-23],[-20,6],[6,-55],[26,-41],[-21,-24],[37,-56],[49,23],[142,-45]],[[88497,66622],[2,-26],[-33,-21],[1,-42],[-29,-52],[-3,-47],[-68,-66],[41,-159],[13,-67],[7,-14],[-31,-56],[-19,-68],[-38,11],[-38,-29],[1,-30],[-31,-83],[-6,-105],[-18,-56],[-5,-84],[19,-31],[-14,-44],[-33,1],[-31,28],[-15,-39],[-55,-50],[72,-56]],[[88186,65437],[-29,-44],[-50,-36],[-66,-5]],[[88041,65352],[-43,25],[-34,-38],[-53,-2],[-26,-34],[-41,-1],[-60,-37],[-60,-11],[-130,1],[-23,-42],[-43,-56],[-26,-8],[-42,23],[-33,-11],[-38,10],[-75,-27],[-30,-32]],[[87284,65112],[-35,6],[-36,43],[-48,-5],[-27,50],[-72,11],[-61,-10],[-38,9],[-89,1],[-37,-15],[-17,54],[-22,18],[-71,-51],[-20,-28],[29,-57],[-56,-33],[-85,67],[-80,3],[-60,13],[-24,-16],[-52,15],[-65,-15],[-15,-28],[-10,-162],[-41,-68],[-34,6],[-44,-23],[-44,15],[-82,54]],[[86187,67727],[36,41],[45,16],[26,104],[-4,62],[-63,58],[-25,7],[-30,64],[28,31],[18,74],[55,142]],[[86273,68326],[20,40],[93,-64],[23,-48],[28,25],[25,-15],[0,168],[-27,36],[-33,10],[-23,69],[-79,58],[-21,6],[-3,57],[-2,71],[71,167],[15,73],[159,-22],[93,172],[71,-47],[44,16],[73,45],[42,-25]],[[86842,69118],[32,-47],[3,-82],[-14,-36],[-36,-39],[-8,-30],[15,-37],[92,-29],[-2,-86],[72,6],[70,-2],[105,10],[76,-15],[33,21],[1,0],[47,35],[86,-107],[45,-24],[22,-77],[70,-25],[22,10],[47,-26],[211,-1]],[[87831,68537],[-44,-149],[-22,-73],[-22,-72],[6,-68],[-42,-161],[-45,-65],[-27,-6],[-1,-29],[48,-30],[0,-136]],[[87831,68537],[169,-1]],[[88000,68536],[16,0],[75,12],[35,15],[44,-3],[61,52],[43,-1],[61,-24],[44,-25],[39,3],[40,-64],[37,-23],[93,34],[76,-16],[17,-17],[47,6],[50,-14],[68,-10],[11,-4],[16,-7],[13,-7],[67,-52]],[[88953,68391],[-82,-126],[10,-95],[97,-6],[20,23],[28,-38],[-8,-48],[-32,-76],[46,-55],[-8,-96],[-32,14],[-28,-41],[-15,-75],[-52,-13],[31,-7],[16,-46],[58,-18],[8,-24],[-19,-87],[43,-24],[13,-56]],[[89047,67497],[-43,-20],[25,-58],[2,-97],[28,-54],[59,-47],[-38,-34],[-92,-35],[-111,-25],[-32,-88],[-37,-28],[-59,6],[-15,-32],[-71,-40],[-88,25]],[[88497,66622],[56,14],[30,38],[33,4],[1,-95],[20,-19],[-7,-37],[10,-54],[73,34],[100,-6],[-16,81],[83,32],[39,35],[22,-16],[39,-82],[32,-135],[-21,-56],[-51,12],[-12,-16],[23,-37],[3,-47],[38,2],[41,-114],[-37,-37],[13,-24]],[[89009,66099],[-69,-51],[-56,-12],[-24,-16],[-23,-4],[-3,-44],[-54,-16],[-76,-27],[-13,-24],[-45,-1],[-10,32],[-84,47],[-66,-25],[-16,-89],[8,-24],[2,-34],[-49,-71],[2,-24],[-42,-97],[41,-6],[-37,-81],[25,-50],[-18,-12]],[[88402,65470],[-15,-24],[-65,-9],[-63,29],[-48,-5],[-25,-24]],[[89047,67497],[43,-12],[37,17],[24,-32],[62,-31],[5,-49],[22,-16],[50,-78],[29,-22],[-8,-55],[57,22],[51,-4],[73,0],[97,3],[53,36],[112,21],[134,39],[23,31],[49,26]],[[89960,67393],[31,-51],[42,-39],[34,-9],[-24,-39],[-12,-54],[33,-75],[-44,-35],[-2,-76],[15,-50],[61,69],[20,-23],[-14,-61],[-35,-63],[28,-48],[-12,-70],[25,-29],[6,-74],[52,-44],[-9,-107],[-25,-53],[-7,-61],[9,-105],[-11,-82],[13,-44],[-27,-143],[-33,-196],[16,-34],[-27,-32],[6,-71],[-61,-91]],[[90008,65603],[-44,27],[-33,-20],[-53,32],[-60,-7],[-33,37],[-67,-21],[-17,47],[-33,48],[-9,40],[15,69],[-38,25],[-57,77],[-42,24],[-37,44],[-30,17],[-45,-28],[-40,7],[-86,44],[-42,14],[-44,-22],[-57,48],[-73,22],[-74,-28]],[[90036,66995],[-15,63],[46,23],[-6,-47],[-25,-39]],[[88953,68391],[49,-73]],[[89002,68318],[24,-16],[129,-9],[51,22],[55,6],[13,22],[15,6],[30,-78],[28,-7],[46,-26],[57,10],[56,56],[29,55],[0,7],[40,17],[82,-85],[50,24],[21,29],[85,4],[56,33]],[[89869,68388],[-11,-302],[1,-97],[28,-109],[36,-21],[-7,-85],[3,-50],[-25,-33],[2,-46],[42,6],[4,-133],[18,-125]],[[74900,63521],[49,-4],[45,24],[42,40],[31,54],[77,-7],[47,36],[45,5],[19,29],[0,60],[23,45],[44,-2],[34,37],[33,75],[8,38],[76,-13],[61,61],[23,84],[13,19],[43,-15],[26,74],[22,43],[73,25],[20,53],[48,2],[64,-84],[50,-47],[59,58],[-10,57],[42,36],[0,81],[43,-6],[24,-36],[6,-24],[48,-6],[44,50],[-5,61],[13,45],[57,-2],[33,55]],[[76270,64522],[35,-14],[16,-62],[87,-70],[31,9],[98,-88],[31,-7],[57,31],[74,-3],[37,10],[69,-42],[32,28],[76,-14],[43,20],[50,-5],[24,-22],[18,-53],[29,-38],[30,2],[62,-36],[-1,-17],[44,-62],[14,-61],[-12,-89],[13,-19],[23,-24],[82,7],[15,30],[59,-24],[37,32],[30,-40],[72,16],[36,-26],[15,63],[-10,72],[40,103],[22,-6],[49,53],[27,43],[18,61],[59,30]],[[77801,64310],[31,-5],[27,-60],[90,14],[47,-27],[28,44],[105,-61],[57,31],[100,-28],[81,56],[26,35],[39,14],[60,-4],[83,-35],[20,-31],[35,11],[3,-62],[45,-30],[47,-89],[48,-66],[15,-46],[0,123],[13,61],[-31,42],[15,60],[264,241],[55,-233],[-8,-33],[-32,-32],[-8,-61],[7,-37],[-25,-35],[36,-111],[-8,-17],[77,-139],[82,-57],[-5,-153]],[[79714,66301],[-249,-240],[-65,-40],[-11,17],[-86,-37],[-48,-73],[15,-77],[-72,-35],[-44,2],[-39,17],[-20,-49],[-35,-24],[-4,-25],[41,-32],[-8,-119],[27,-47],[-31,-53],[-439,-84],[-222,-290],[-212,-275],[-3,-70],[23,-71],[29,-9],[-1,-70],[-81,1],[-116,81],[-5,62],[-54,14],[-52,-13],[-39,14],[-18,40],[-62,-6],[-54,9],[-57,-15],[-58,-44],[-25,73],[-18,-118],[-20,-153],[251,-227],[-51,-25]],[[76270,64522],[-2,118],[43,22],[46,8],[19,30],[59,5],[27,57],[78,67],[5,36],[49,7],[30,47],[64,-30],[35,26],[-2,40],[-26,54],[14,59],[42,92],[16,36],[80,168],[2,16],[-1,29],[-2,28],[27,207],[-26,92],[-38,38],[-173,66],[-42,34],[-21,35],[-7,81],[26,92],[53,120],[12,64],[0,57],[-74,112],[-37,69],[-35,108]],[[76511,66612],[4,55],[29,42],[95,15],[20,39],[243,93]],[[80492,65474],[25,-128],[24,-19],[15,-46],[41,-33],[5,-73],[40,-28],[22,-118],[-16,-108],[-69,-87],[-51,-49],[-15,-47],[67,-92],[55,-33],[27,-1],[4,-49],[-32,-53],[64,-45],[48,8],[35,-15],[-8,-50],[-83,-102],[-16,-1],[-127,-107],[49,-47],[2,-54],[23,-31],[10,-78],[43,-47],[13,-52],[-16,-57],[34,-25],[7,-76],[68,-27],[47,-78],[41,-87],[30,0],[63,-29],[112,-39],[32,-47],[50,-23],[-6,-42],[14,-78],[-14,-39],[-32,-34],[-30,-84],[-26,-115],[-9,-87],[11,-61],[-19,-179],[-28,-29],[-47,-20]],[[82806,65536],[29,-13],[98,-17],[51,-20],[72,-63],[34,-53],[188,-141],[110,-300]],[[83388,64929],[-33,-50],[-50,-27],[-67,-16],[-28,16],[-42,-34],[-27,-47],[-16,-76],[-26,-2],[13,-302],[-8,-36],[-39,-46],[-61,-41],[-24,-57],[12,-22],[-31,-52],[11,-72],[-16,-54],[-88,-119],[49,-42],[65,19],[23,26],[50,10],[28,25],[35,-29],[-18,-35],[8,-43],[-174,-464],[-184,-48],[-47,-41],[-5,-46],[-52,-11],[-40,30],[-73,-9],[38,-66],[-35,-747],[22,-90],[28,-49],[55,39],[55,-3],[99,84],[23,33],[39,-26],[49,52],[43,12]],[[83388,64929],[79,108],[46,40],[15,47],[44,23],[66,53],[6,-44],[36,-30],[3,-39],[34,-22],[-10,-53],[-55,-40],[3,-52],[30,-31],[48,31],[22,17],[134,7],[15,60],[30,-26],[70,24],[49,-48],[91,-5],[31,21]],[[85145,64108],[-10,-111],[-92,-197],[-11,-60],[46,-81],[56,-39],[44,7],[3,-51],[47,4],[23,33],[69,52],[-18,-214],[94,-174],[-12,-31],[6,-74],[54,3],[59,-18],[-5,-59],[9,-49],[76,-63]],[[85583,62986],[-35,-138],[-184,-11],[34,-46],[-33,-43],[-33,1],[-15,-56],[-51,-31],[0,-91],[67,-60],[-24,-30],[-157,-37],[-2,1],[-71,-19],[-14,-30],[-90,36],[-29,-8],[-45,19],[-43,0],[-32,-25],[-95,-31],[-25,-40],[-40,-14],[-35,-53],[-27,-15],[-43,-101],[-97,-106],[-18,-50],[-6,-176],[-26,-73],[-39,-80],[-31,-37]],[[85583,62986],[37,31],[-25,66],[65,97],[114,88],[-8,-32],[27,-65],[34,-19],[40,-94],[61,29],[14,-95],[70,-60],[30,-65],[47,31],[13,56],[36,27],[154,49],[119,44]],[[86411,63074],[140,128],[-54,-177],[57,14],[42,-84],[113,-157],[19,0],[18,122],[124,-142],[110,-22],[-7,-129],[48,37],[61,-61],[94,-18],[48,46],[2,29]],[[87226,62660],[15,-163],[-6,-132],[5,-76]],[[85665,64328],[13,-57],[32,-10],[42,-78],[91,-16],[58,13],[76,-16],[56,69],[33,61],[52,62],[106,-41],[156,-174],[39,-31],[60,139],[144,-2],[66,-24],[-23,-63],[18,-40],[70,-51],[31,-30],[16,-53],[-101,-65],[5,-69],[19,-23],[-11,-36],[19,-53],[-33,-51],[-28,-75],[33,-43],[-6,-81],[-17,-13],[-248,171],[11,34],[-67,-15],[7,-96],[71,-168],[25,-116],[-30,-42],[-24,-57],[-1,-65],[-14,-49]],[[87284,65112],[-51,-30],[17,-32],[9,-105],[-11,-49],[-43,-46],[-53,-108],[4,-45],[82,-39],[16,28],[106,-43],[37,-19],[29,6],[30,-32],[27,-5],[60,37],[69,-14],[12,24],[85,6],[5,15],[68,5],[40,-17],[40,21],[92,17],[30,-8],[47,30],[33,3]],[[88064,64712],[92,-187],[-60,-32],[-14,-39],[-44,-18],[14,-60],[-3,-85],[45,0],[111,59],[170,43],[105,-103]],[[88480,64290],[-39,-76],[88,-14],[-30,-110],[44,10],[-21,-58],[-44,-18],[58,-63],[-36,-60],[8,-29]],[[88508,63872],[-63,-17],[-47,-46],[-19,-55],[-84,7],[-1,-37],[-69,-32],[21,-27],[-5,-32],[-37,-61],[-69,-65],[32,-70],[30,-57],[35,-11],[-1,-47],[18,-33]],[[88249,63289],[-28,-9],[-89,-58],[-5,-16],[-62,-26],[-60,-67],[-28,44],[-107,-10],[-9,-59],[18,-43],[-6,-29],[-44,48],[-31,-30],[-41,10],[-66,-21],[-61,17],[-30,28],[20,85],[-17,7],[-11,72],[-43,-6],[-38,-31],[33,-107],[-26,-21],[17,-37],[-1,-56],[37,-16],[32,-54],[-9,-66],[-21,-27],[-9,-65],[-56,-15],[-4,-49],[-29,-32],[-26,-16],[-111,26],[-17,-36],[-34,16],[-54,61],[-7,-41]],[[88041,65352],[28,-98],[57,-59],[-69,9],[-5,-50],[-84,-21],[-11,-15],[1,-103],[44,-45],[3,-56],[-20,-72],[23,-36],[64,-65],[-8,-29]],[[88249,63289],[27,-35],[54,-11],[28,-23],[-8,-29],[25,-30],[15,-48],[25,85],[76,4],[-9,-71],[82,-61],[26,41],[19,-25],[43,20],[47,-97],[77,-66],[26,-45],[46,-41]],[[88848,62857],[-100,14],[-35,-15],[-61,-63],[-27,-74],[37,-56],[-4,-39],[0,-61],[28,-123],[-101,-26],[-35,-28],[-33,2],[-31,-47]],[[88402,65470],[33,-31],[82,-62],[52,29],[-6,-64],[75,-89],[11,-51]],[[88649,65202],[-51,-19],[36,-107],[25,33],[-2,-127],[28,-73],[43,-24],[-1,-29],[30,-54],[66,-113],[43,-29]],[[88866,64660],[-200,-147],[-157,49],[-26,-108],[59,-27],[15,-110],[-31,-32],[-46,5]],[[88508,63872],[32,-11],[23,-34],[28,28],[57,-35],[20,-81],[17,-5],[45,12],[88,-42],[73,26],[-15,30],[33,108]],[[88909,63868],[-2,-33],[25,-34],[32,-13],[-1,-53],[64,8],[44,-20],[91,31],[4,-53],[18,-29],[-33,-26],[-44,-86],[-52,-3],[-2,-49],[-110,-99],[15,-48],[55,-119]],[[89013,63242],[-82,16],[-77,-2],[-1,-25],[3,-110],[-33,-79],[23,-94],[3,-91],[-1,0]],[[90008,65603],[-15,-12],[30,-118],[31,-53],[0,-29],[-43,-67],[-15,-53],[-39,-31]],[[89957,65240],[-45,-61],[-65,21],[-5,60],[-61,-14],[-37,-33],[-55,-4],[-26,-52],[-27,-15],[-36,14],[-108,-27],[-117,86]],[[89375,65215],[30,86],[-9,16],[-61,17],[-7,4],[-35,-31],[-50,-23],[-27,-42],[-36,58],[-60,22],[-70,-35],[-39,58],[-89,-86],[-59,26],[-79,-11],[-29,38],[-39,-71],[-60,-22],[-7,-17]],[[88866,64660],[10,11],[104,-32]],[[88980,64639],[54,-30],[106,-57],[36,-11],[-8,-24],[-37,-7],[-47,-49],[-46,-20],[42,-50],[13,-109],[-54,-110],[-22,-20],[1,-143],[14,-5],[-61,-34],[-33,1],[-29,-103]],[[89375,65215],[-4,-20],[-31,-45],[2,-22],[-76,-113],[-18,-83],[-183,28],[-1,-181],[-45,9],[-33,-69],[-6,-80]],[[89013,63242],[81,-5],[55,-40],[0,-21],[35,-39],[108,-47],[-12,-71],[22,-22],[13,-94],[36,-19]],[[89351,62884],[-64,-125],[2,-44],[-41,-47],[12,-52],[-29,-47],[6,-46],[-46,-52],[2,-44],[-33,-35],[-40,-69],[-2,-94],[-59,-129]],[[89957,65240],[32,-33],[-3,-68],[16,-46],[-42,-123],[0,-48],[-27,-13],[11,-75],[14,-78],[14,-24],[8,-110],[-26,-88],[-25,-78],[-4,-44],[-67,-84],[9,-13],[-71,-160],[-18,-25],[-48,-113],[-19,-57],[1,-61],[-21,-41],[-1,-28],[-47,-67],[-23,-90],[25,-17],[-33,-88],[20,-17],[-47,-56],[19,-27],[-84,-185],[-1,-25],[-35,-54],[-12,-40],[9,-33],[-19,-32],[8,-50],[-18,-38],[-59,-44],[-42,-83]],[[96226,74715],[-28,-16],[-68,20],[32,33],[95,29],[16,-33],[-47,-33]],[[64807,60151],[-28,-45],[16,-82],[-17,-66],[-24,-29],[-115,-68],[-112,25],[-78,55],[-54,-9],[-103,-36]],[[64970,64766],[25,-46],[29,-8],[50,-79],[20,-65],[31,-30],[-6,-25],[34,-33],[110,-7],[33,-34],[60,-25],[57,-43],[10,-35],[52,-25],[26,2],[45,-43],[95,-165],[42,-57],[10,-75],[-33,-82],[-9,-63],[13,-34],[-19,-118],[16,-71],[-10,-71],[-18,-49],[-52,-31],[-118,-143],[-25,-65],[-46,-29],[-8,-56],[-22,-38],[-63,-67],[-35,-3],[-12,-28],[19,-69],[26,-22],[30,-53],[-17,-93],[50,-83],[451,-201]],[[65811,62504],[444,-245],[668,-369],[330,-250],[8,-23],[90,46],[38,2],[5,-31],[-32,-63],[-11,-92],[-25,-25],[26,-53],[6,-66],[-5,-69],[-28,-36],[34,-43],[-29,-26],[-2,-61],[13,-23],[61,0],[82,39],[81,9],[17,18],[79,15],[33,15],[27,39],[46,28],[65,-51],[91,-10],[50,-27],[100,24],[272,145],[335,179],[599,312]],[[68351,68153],[35,-4],[33,-29],[57,-79],[38,-4],[39,-29],[29,-52],[64,4],[189,-213],[-65,-61],[41,-132],[-272,-379],[-4,9],[109,-317],[28,87],[207,193],[474,165],[110,-38],[215,92],[58,-284],[-185,-205],[-35,-149],[113,-188],[-11,-35],[-43,-28],[-71,-115],[-27,-23]],[[69477,66339],[-24,-47],[-53,-55],[17,-67],[-16,-35],[30,-56],[-19,-148],[-21,-90],[20,-54],[-12,-42],[-4,-78],[-20,-73],[12,-42],[-27,-91],[16,-19]],[[69376,65442],[-29,-43],[5,-42],[-25,-102],[1,-49],[-14,-44],[10,-44],[-17,-88],[14,-24],[-21,-45],[21,-64],[-38,-26],[3,-70],[-122,9],[-98,-189],[-217,-33],[-105,61],[-106,36],[-634,33],[-65,-248],[-979,551],[-8,-117],[47,-59],[17,-129],[-35,-118],[-51,-181],[-73,-103],[7,-72],[-11,-76],[-16,-31],[-9,-111],[5,-78],[-12,-171],[-44,-111],[-3,-51],[-23,-34],[-22,-65],[-37,-28],[-22,-38],[-29,-11],[-17,-66],[-55,-75],[-96,-77],[-67,-29],[-34,-48],[-24,-11],[-50,-54],[-55,-39],[-83,-101],[-38,-32],[-39,-94],[-29,-41],[-74,-62],[-45,-91],[-124,-113]],[[69376,65442],[17,2],[128,56],[13,-296],[256,10],[63,34],[30,-60],[122,21],[-9,-52],[-140,-225],[-118,-15],[-150,-871],[-53,-306]],[[69535,63740],[-215,-245],[-193,-527],[-214,-399],[187,-373],[188,-371]],[[71532,69058],[131,-41],[31,-114],[134,474],[320,29],[139,32],[23,-76],[525,-22],[14,29],[91,-5],[0,-17]],[[72940,69347],[-110,-33],[-50,-327],[-207,-12],[-21,-27],[-145,-78],[-156,-145],[-63,-85],[114,-220],[-79,-225],[-59,-75],[69,1],[406,57],[3,-145],[-2,-85],[19,-108],[-17,-121],[16,-71],[210,-149],[-135,-502],[93,-47],[17,6],[-19,-63],[-66,-60],[-55,-93],[-33,-35],[-54,-11],[-30,31],[-67,-25],[-91,29],[9,-90],[-9,-148],[7,-43],[83,-294]],[[72518,66154],[-92,-247],[-72,-9],[-160,438]],[[72194,66336],[16,251],[-225,-10]],[[71985,66577],[3,318],[-259,230],[-62,-122],[32,-335],[-137,-144],[-57,0],[-369,-296],[-85,124],[-12,59],[-246,159],[-214,-204],[-19,109],[-167,-116],[-320,71],[-142,-420],[26,-107],[-480,436]],[[69535,63740],[-6,-38],[1032,-34],[-19,-48],[422,-1],[134,30],[84,18],[332,53],[256,-4]],[[71770,63716],[-26,-289],[303,174],[302,174],[375,-31],[137,234],[219,-62],[78,59],[31,-43],[77,21],[31,-25],[25,-43],[30,30],[37,-3],[30,-41],[36,0],[55,-94],[88,-28],[21,-31],[26,7],[21,-43],[45,-11],[85,-82],[19,22],[59,7],[56,-64],[41,-19],[7,-32],[52,-5],[39,-17],[34,23],[14,-57],[32,10],[18,-28],[40,12],[100,-74],[-2,-21],[66,-21],[64,33],[52,-30],[47,-7],[-3,-33],[38,-10],[25,59],[40,14],[39,54],[59,-4],[39,-48]],[[71985,66577],[-4,-83],[-57,-50],[-55,29],[-5,-55],[-74,-132],[155,-213],[-57,-485],[99,-163],[163,-262],[-19,-108],[4,-107],[30,6],[55,-41],[38,-3],[-33,-57],[22,-65],[-2,-45],[-92,-32],[-74,4],[-39,-216],[-46,-138],[-22,-42],[-35,-153],[-48,-93],[-78,-212],[-41,-145]],[[71424,71948],[42,-45],[72,-27],[29,-51],[59,-105],[-133,-1],[41,-64],[-25,-54],[-29,-23],[94,-45],[18,-1],[148,-10],[121,26],[180,34],[0,28],[291,-175],[8,32],[87,-49],[48,69],[32,1],[13,42],[74,47],[16,42],[44,-10],[58,29],[62,11],[50,25],[35,52],[56,14],[20,-44],[-18,-45],[113,-37],[6,-26],[49,-13],[32,28],[65,-66],[27,-7],[2,0],[44,17],[18,28],[64,10],[43,-11]],[[73380,71574],[60,-47],[44,-22],[24,-65],[-22,-79],[1,-29]],[[73487,71332],[24,-91],[72,-32],[18,-35],[-39,-88],[39,-37],[21,-128],[64,-19],[49,-62],[33,28],[22,-54],[-8,-83],[4,-85],[-7,-99],[-62,-2],[-1,-20],[-156,-3],[49,-160],[-44,0],[28,-114],[-19,-67],[59,-67],[-17,-84],[-46,-114],[58,-3],[-22,-36],[-77,-223],[-99,-11],[-105,-124],[-2,-24],[-112,-26],[7,-49],[46,-82],[21,-57],[-9,-134],[12,-82],[-9,-50],[25,-21]],[[73304,68994],[-85,-8],[-51,61],[-157,76],[-70,26],[-1,198]],[[72068,75981],[-3,-11],[94,-185],[47,-43],[40,-54],[53,-19],[67,43],[23,-139],[61,-281],[148,-285],[-23,-55],[26,10],[161,-194],[67,-19],[54,-74],[-36,-23],[318,-206]],[[73165,74446],[-105,-311],[-96,-410],[123,-282],[363,-346],[-42,-30],[-34,-45],[-20,-81],[379,-116],[97,-31],[160,-45],[256,-32],[-6,-325],[-92,-44],[-33,3],[-25,-54],[-44,-2],[-22,-40],[-28,7],[-56,-12],[-30,-18],[-16,-47],[2,-19],[-36,-72],[5,-31],[-36,-22],[-72,-110],[-1,-38],[-80,-85],[-51,-7],[-90,-52],[-68,-49],[-44,-35],[-8,-68],[-35,-23]],[[72345,76700],[61,-69],[147,-99],[97,-123],[23,-41],[104,-141],[80,-32],[95,-47],[36,1],[16,-230],[61,27],[73,-32],[49,-34],[42,50],[36,-2],[7,57],[24,43],[48,26],[29,-109],[-18,-36],[5,-33],[-58,-25],[-16,-26],[14,-79],[6,-81],[-22,-24],[6,-86],[18,-19],[-36,-86],[56,-18],[15,-74],[-13,-20],[14,-62],[43,20],[49,6],[23,-11],[110,0],[47,23],[95,5],[45,29],[12,32],[125,-77],[-3,-96]],[[73890,75207],[-11,-71],[-8,-185],[-63,-24],[-123,-46],[46,-78],[-9,-79]],[[73722,74724],[-214,-115],[-238,-126],[-63,-33],[-42,-4]],[[72194,66336],[-73,-68],[34,-288],[29,-118],[54,-13],[34,-79],[-63,14],[40,-154],[45,-346],[119,23],[1,1],[121,176],[41,20],[257,181],[37,-123],[186,219],[232,-200],[89,-68],[67,-61],[64,-7],[572,-91],[26,-180],[1,-14],[81,-524],[341,-160]],[[74529,64476],[-29,-23],[25,-29],[17,-48],[60,-20],[8,-43],[-38,-52],[37,-68],[-21,-223],[7,-68],[-74,-410],[33,-43],[22,0],[48,33],[114,143],[25,-17],[31,-62],[54,-21]],[[73681,77550],[138,-135],[-36,-40],[-33,-60],[11,-37],[86,-7],[9,-59],[-23,-45],[75,-41],[69,0],[39,-10],[0,-38],[141,-24],[-5,-61],[-46,-46],[11,-35],[-24,-33],[-7,-99],[31,-12],[0,-100]],[[74117,76668],[-89,0],[-26,-27],[-20,-109],[8,-76],[-15,-57],[189,-42],[-20,-233],[-23,-138],[143,-93],[-25,-176],[-122,6],[-30,-50],[-35,-17],[86,-47],[-94,-285],[28,33],[1,-102],[-33,-5],[-49,15],[-59,-63],[-42,5]],[[73304,68994],[188,3],[51,25],[104,23],[160,-79],[13,-7],[-27,-59],[30,-185],[-9,-234],[88,-78],[140,-220],[11,28]],[[74053,68211],[20,-154],[40,60],[108,-143],[-110,-47],[-88,-72],[-102,60],[-87,-13],[-48,-27],[37,-163],[-52,-155],[-65,-94],[-139,-63],[29,-47],[85,-153],[172,95],[106,-162],[24,-38],[-3,-5],[114,-173],[124,-187],[-50,-96]],[[74168,66634],[-230,15],[-68,-14],[-411,-85],[-415,-103],[-7,-17],[-183,14],[243,-259],[-382,13],[-94,-69],[-73,-13],[-30,38]],[[74168,66634],[45,-365],[-155,-184],[51,-116],[151,-122],[56,18],[204,175],[143,27]],[[74663,66067],[279,-142],[-59,-244],[-316,-115],[125,-155],[-6,-37],[-17,-41],[1,-39],[24,-44],[36,-17],[17,-43],[-24,-68],[75,-40],[-63,-19],[-52,-81],[-105,-137],[29,-68],[304,-17],[3,-33],[-76,-56],[-31,-50],[-69,-14],[-19,-37],[-48,-13],[-81,-59],[-43,4],[-18,-26]],[[76226,70409],[2,-5],[-822,-124],[-167,-51],[25,-68],[-106,-44],[-7,80],[-110,54],[-217,-45],[25,95],[-218,66],[-101,54],[-84,109],[41,167],[20,82],[-122,381],[-25,11],[-120,-37],[-43,4],[-39,-29],[-32,9],[-39,-15],[-87,6],[-38,42],[-124,0],[-61,29],[-4,53],[-59,42],[-35,-19],[-66,46],[-57,18],[-16,-10],[-53,22]],[[73722,74724],[24,-50],[-19,-28],[-2,-155],[89,-3],[45,13],[87,-5],[278,-214],[-102,-192],[137,-50],[97,-8],[68,-40],[221,-330],[95,-147],[410,143],[38,-1],[273,-7],[115,133]],[[76446,69208],[-681,-630],[-154,62],[34,207],[-139,-15],[-16,-54],[-184,20],[-46,2],[-101,120],[-43,230],[-176,68],[-82,-40],[-58,-76],[63,-171],[45,-81],[26,-64],[-70,-128],[-179,20],[-157,-241],[-29,-116],[-10,-58],[-34,3],[-151,-30],[-5,36],[-133,-25],[-9,-21],[-109,7],[5,-22]],[[75653,76386],[-42,-30],[-77,83],[-45,127],[-260,-196],[-25,136],[61,25],[-30,112],[-105,11],[74,93],[-128,39],[-14,25],[-301,-76],[-70,-61],[-158,-13],[7,223],[-60,39],[-55,-130],[-179,-243],[-129,118]],[[74469,79081],[65,-82],[77,-86],[66,-28],[85,-89],[56,-44],[8,-20],[50,-51],[60,-38],[60,-22],[53,21],[58,-33],[54,-6],[69,34],[84,-26],[16,-18],[90,16],[57,-38],[84,-30],[37,14]],[[76511,66612],[-90,8],[-166,96],[-1,9],[-116,3],[-23,-6],[-52,-74],[-64,-18],[-13,-27],[-53,-21],[-55,-38],[-16,32],[25,-99],[37,-49],[20,-48],[-105,-53],[-139,-80],[-274,92],[55,87],[-179,85],[-26,-162],[-42,-19],[-24,66],[7,38],[-48,27],[-13,99],[-52,0],[-35,39],[-47,7],[-34,25],[-58,-86],[16,-9],[-121,-131],[-106,-210],[-56,-128]],[[44963,21745],[57,20],[28,-17],[41,11],[11,10],[86,-5],[24,10],[43,-35],[38,15],[17,38],[290,8]],[[45598,21800],[-8,-32],[-56,-210],[201,4],[3,-141],[1,-26],[167,3],[23,1],[5,-402],[33,-78],[37,-44],[39,-26],[20,-94],[-11,-45],[26,-42],[39,4],[10,-41],[27,-41],[-16,-23],[34,-46],[2,-45],[-15,-32],[-3,-59],[-24,-27]],[[46132,20358],[-51,29],[-53,-35],[-56,-2]],[[45972,20350],[-53,54],[-30,-8],[-25,-40],[-41,15],[-18,39],[-31,0],[-14,-56],[1,-57],[-29,-25],[-41,93],[0,62],[38,57],[24,61],[-21,37],[-25,-8],[-65,-57],[-36,-52],[-56,15],[-42,-15],[-4,-29],[61,-34],[-5,-50],[-39,10],[-50,43],[-29,-15],[8,-36],[-35,-32],[-30,35],[-29,61],[-38,4],[-72,-37],[-30,-84],[-36,0],[-24,28],[-33,-12],[-4,-60],[-22,-44],[-59,-48],[6,-67],[-33,-16],[-21,82],[-43,56],[-59,54],[-62,-33],[-27,27],[3,54],[-45,24],[-80,-13],[-2,142],[-13,37],[-2,95],[-35,39],[-4,39],[35,33],[33,111],[48,77],[50,47],[51,86],[37,43],[21,59],[19,108],[24,54],[15,45],[33,54],[39,36],[-7,71],[-55,70],[-1,166]],[[45587,24408],[152,-67],[93,-29],[46,41],[37,13],[41,76],[55,9],[14,-52],[-4,-54],[-27,-82],[-19,-25],[-6,-102],[9,-59],[26,-7],[38,27],[36,-3],[68,-43],[-32,-52],[43,-48],[56,-6],[43,-30],[52,60],[44,-44],[32,39],[74,25],[53,24],[13,-40],[-26,-42],[83,9],[36,-60],[55,-16],[36,-30],[18,-49],[60,-21],[48,16],[41,-18],[32,-31],[28,44],[24,-11],[97,45],[17,30],[28,-8],[94,-52],[139,-22],[53,55],[-5,29],[37,48],[46,6],[3,31],[37,0],[23,49],[20,-21],[46,16]],[[47594,23976],[-14,-50],[-39,-82],[15,-37],[-25,-11],[-20,-40],[2,-59],[-25,-63],[22,-32],[8,-64]],[[47518,23538],[51,-146],[-18,-30],[24,-34],[-90,-3],[-62,-24],[16,-40],[-22,-18],[2,-80],[-67,-35],[19,-51],[-19,-66],[-201,11],[9,-71],[23,-21],[6,-57],[-26,-39],[22,-47],[0,-39],[11,-66],[-28,5],[-26,-49],[15,-42],[-20,-24],[6,-35],[-20,-37],[-154,1],[-19,-9],[0,-35],[-43,-45],[28,-154],[-27,17],[-38,73],[-74,1],[-50,41],[-56,2],[-24,-19],[-34,35],[-59,-12],[50,-82],[-8,-23],[34,-28],[40,-74],[37,4],[34,-18],[-23,-27],[-2,-134],[-63,-20],[-40,5],[22,-46],[-75,-52],[-30,20],[-21,-74],[-98,75],[-25,-18],[-46,1],[-88,13],[-24,-41],[-34,-23],[-37,32],[-11,36],[-44,59],[31,18],[-19,61],[-64,-3],[-22,37],[-94,-14],[-25,25],[-72,20],[-45,46],[-20,8],[-44,-23],[-25,36],[-40,-16],[-37,29],[-45,-22],[-23,22],[-30,-26],[-44,3],[-25,-77],[33,-26],[8,-58],[24,-41],[34,-18],[63,-75],[-29,-36],[-13,-51]],[[44963,21745],[36,125],[1,105],[22,49],[35,120],[13,103],[41,147],[17,43],[53,65],[18,75],[24,55]],[[45223,22632],[52,-17],[77,-51],[58,-11],[31,-35],[1,-50],[154,2],[149,2],[1,-16],[70,-5],[59,34],[14,23],[-13,37],[15,53],[-3,53],[-25,27],[26,49],[52,-8],[52,-7],[49,44],[-5,37],[30,50],[23,13],[40,75],[-30,24],[-7,40],[-27,3],[-41,58],[35,21],[-20,30],[46,-19],[48,3],[50,-37],[50,14],[30,23],[-17,92],[-39,24],[-29,-5],[-25,33],[33,64],[-23,35],[6,84],[-18,39],[-128,1],[-1,-52],[-332,0],[-52,-5],[-16,43],[-42,-6],[-97,-6],[-42,-19],[-36,5],[-25,33]],[[45381,23451],[13,56],[-36,143],[-33,47],[-73,76],[2,82],[-16,79],[-27,53],[-3,57],[15,47],[67,62],[44,75],[20,17]],[[45223,22632],[27,80],[2,57],[15,123],[-6,49],[-34,105],[-2,76],[30,108],[57,82],[27,40],[42,99]],[[47518,23538],[46,3],[14,19],[37,-58],[42,25],[28,-8],[10,-36],[55,-13],[17,-79],[16,-58],[-37,-51],[16,-30],[-5,-106],[-34,-77],[35,-29],[44,-8],[30,-58],[46,-31],[25,-8],[4,-102],[18,3],[64,7],[29,-8],[-6,-41],[-35,-61],[36,3],[9,24],[45,-5],[-26,-38],[20,-26],[56,-16],[37,10],[-11,-48],[71,11],[-27,-52],[4,-41],[29,-8],[14,42],[61,-24],[-13,-36],[-1,-80],[25,-4],[67,31],[36,-19],[-1,-66],[63,-79],[48,14],[17,27],[46,-2],[-38,-88],[7,-30],[65,0],[-7,-50],[43,-25],[11,39],[52,5],[5,-33],[62,-19],[-17,-42],[70,1],[-45,-94],[58,3]],[[48848,22018],[72,-83],[-2,38],[26,27],[30,-9],[11,-63]],[[48985,21928],[-25,3],[-25,-65],[18,-69],[-7,-57],[-38,-24],[-52,-52],[-16,-29],[3,-65],[-18,-38],[-8,-66],[-48,-47],[38,-19],[32,-42],[-49,-59],[-43,-15],[-43,13],[-32,-35],[-38,-1],[-45,-28],[-4,-27],[-69,-2],[-47,-24],[-21,-38],[-61,1],[-16,-31],[-73,49],[-14,-33],[-53,-18],[-16,-26],[-45,-24],[-35,14],[-44,-85],[-58,13],[-67,-64],[-41,1],[-25,-65],[-46,-63],[11,-34],[-11,-125],[-40,-13],[13,-43],[-53,-20],[19,-44]],[[47793,20532],[-33,12],[-64,-17],[-27,-32],[13,-89],[-28,-27],[-64,-1],[-52,-45],[-20,16],[6,67],[-24,39],[-79,-18],[-26,31],[45,74],[9,46],[-44,39],[-43,-7],[-19,-27],[30,-60],[-30,-55],[-37,10],[-39,69],[-106,-1],[-37,-73],[-52,5],[-31,-12],[-14,-34]],[[47027,20442],[-95,17],[-9,79],[-49,-1],[-18,-33],[12,-77],[-19,-23],[-46,8],[-43,73],[-65,55],[-59,17],[-25,-61],[-47,-33],[-5,-26],[29,-73],[-46,-14],[-69,85],[-45,-25],[-4,-87],[-35,-26],[-29,10],[-17,34],[43,83],[-20,44],[-118,-77],[-58,-56],[-26,-8],[-32,31]],[[46570,26245],[32,-30],[113,24],[41,49],[-11,70],[18,53],[23,20],[73,-39],[53,26],[41,72],[49,-25],[8,-29],[77,-48],[84,70],[61,21],[50,-30],[-18,-39],[-64,-27],[4,-34],[42,-21],[51,26],[69,18],[32,-22],[28,10],[-16,49],[22,49],[65,-7],[19,-31],[72,-51],[60,-26],[35,7],[1,24],[-48,22],[-2,41],[45,34],[-11,-34],[63,-25],[52,11],[50,-11],[6,-59],[75,-9],[112,43],[-21,84],[58,-3]],[[48063,26468],[-15,-48],[48,-47],[28,-10],[93,19],[51,46],[21,-40],[-18,-37],[-10,-57]],[[48261,26294],[11,-88],[28,-82],[81,-18],[35,-83],[7,-53],[30,-102],[-101,5],[4,-68],[-34,-10],[-41,-55],[-26,-11],[-4,-130],[-48,-18],[-53,-1],[-31,66],[-2,36],[-50,64],[-35,-43],[-14,-57],[-3,-82],[19,-80],[33,-41],[14,-45],[-8,-169],[45,-78],[62,-3],[27,-87],[-21,-41],[33,-49],[-16,-20],[-62,-71],[-27,-67],[-31,-14],[-27,-44],[69,-122],[68,-142]],[[48193,24491],[-47,-28],[-38,58],[-69,19],[-36,22],[-70,3],[-50,20],[-27,-198],[-27,-249],[-14,-128],[-142,43],[-29,-45],[-50,-32]],[[47027,20442],[8,-17],[-20,-61],[32,-36],[2,-49],[22,-70],[92,32],[38,-21],[-24,-51],[63,4],[-11,-45],[36,-50],[-3,-23],[51,-27],[-16,-45],[8,-45],[23,-16],[17,-71],[-53,-57],[-4,-34],[23,-52],[-15,-42],[38,-21],[2,-39],[102,4],[37,62],[19,-34],[93,41],[14,64],[52,57],[-6,23],[34,27],[98,11],[-14,-25],[24,-29],[-15,-31],[10,-38],[35,-32],[21,-86],[87,-13],[51,21],[23,30],[58,11],[35,87],[36,14],[-2,57],[17,22],[34,-7],[-7,67],[68,12],[20,-37],[-41,-39]],[[48219,19845],[62,-33],[22,-24],[17,-61],[28,-17],[55,12],[12,-18],[-31,-71],[40,-72],[12,-45],[-57,-29],[5,-67],[-47,1],[-20,27],[-43,-10],[-88,-83],[37,-81],[51,28],[53,-17],[-67,-53],[3,-47],[-37,-34],[21,-39],[-7,-46],[118,-82],[13,-21],[62,4],[49,-49],[-15,-45],[-48,-18],[1,-78],[-45,-42],[-20,-59],[-51,-39],[-10,22],[-57,40],[-18,-36],[31,-28],[44,-67],[20,-53],[-4,-85],[-18,-51]],[[48292,18379],[-19,9],[-54,-18],[-99,41],[-85,-58],[-86,-45],[-49,-7],[-8,19],[-64,22],[-46,73],[-28,-12]],[[47754,18403],[-22,6],[-121,76],[-60,72],[-61,113],[-53,-39],[-53,13],[-30,23],[-11,-20],[-53,33],[-52,-34],[-44,-50],[-24,-11],[-70,-37],[-23,12],[-47,-34],[-55,26],[-59,-2],[-43,45],[-22,4],[-12,45],[-85,-10],[-38,19]],[[46716,18653],[-20,43],[12,39],[-9,35],[-44,78],[-15,29],[-45,30],[-21,52],[-63,38],[0,86],[28,45],[-18,59],[-78,31],[-22,59],[-24,4],[-53,42],[-5,35],[-35,10],[-12,82],[47,41],[2,28],[-2,33],[-33,9],[-9,34],[10,81],[-32,38],[23,49],[36,41],[-45,76],[-12,75],[-37,-3],[33,92],[2,40],[-29,81],[-44,1],[-24,40],[-38,17],[-32,36],[-27,3],[-24,-67],[-42,119],[-43,36]],[[47847,27867],[39,-162],[-12,-173],[7,-64],[28,-75],[39,-46],[101,-3],[80,-3],[17,37],[82,-103],[25,4],[51,74],[87,-134],[15,-26],[-47,-26],[11,-45],[-22,-49],[-55,-28],[-54,-47],[-48,-65],[-16,-103],[-33,-46],[-63,-52],[-29,-34],[-2,-87],[26,-135],[-11,-8]],[[47793,20532],[13,-96],[34,-31],[61,93],[34,-32],[18,-69],[40,-29],[23,13],[2,46],[34,38],[48,13],[31,-87],[37,-4],[30,38],[43,-21],[59,-3],[59,-115],[26,-12],[23,28]],[[48408,20302],[23,-7],[13,-71],[-17,-7],[-17,-60],[14,-22],[-14,-38],[16,-52],[70,-58],[8,-35],[-103,-77],[-61,-6],[-96,-25],[-25,1]],[[48193,24491],[69,-26],[16,-32],[112,-13],[72,-25],[49,-4],[18,-25],[50,2],[39,-44],[32,13],[29,76],[50,46],[19,44],[25,20],[-22,61],[186,-67],[25,33],[36,103],[35,55],[32,103],[-20,72],[34,81],[-10,17],[32,64],[47,-40],[9,-35],[32,-80],[16,-61],[29,-18],[83,79],[353,334],[29,42],[11,43]],[[49710,25309],[63,16],[46,-49],[62,25],[60,-20],[0,-72],[38,-25],[29,10],[22,36],[-5,-51],[14,-33],[37,-3],[3,-38],[69,-25],[21,-66],[30,-17],[6,-32],[-26,-68],[5,-23],[26,-13],[12,43],[22,19],[43,2]],[[50287,24925],[-19,-81],[41,-11],[3,-29],[56,-50],[3,-34],[30,-13],[-13,-50],[20,-34]],[[50408,24623],[-62,-105],[47,-64],[-27,-54],[36,-21],[-14,-54],[3,-45],[-22,-72],[37,4],[34,-52],[12,-39],[-19,-58],[-38,-36],[50,-12],[-15,-39],[-51,-5],[-25,-97],[-66,50],[-38,-16],[38,-39],[36,-47],[58,-11],[-20,-41],[9,-15]],[[50371,23755],[-94,-100],[-1,-60],[19,-29],[-67,-199],[-32,-39],[15,-56],[-23,-21],[44,-70],[-30,-67],[-7,-54],[-27,-16],[14,-64],[-18,-43],[-51,-19],[-51,-57],[-55,-32],[-37,-42],[-47,-1],[-105,23],[-166,-81],[-64,-40],[-26,-38],[-38,-2],[-23,-27],[-36,-2],[2,-36],[-53,-24],[-33,-26],[-34,37],[-29,-3],[8,-77],[-39,-6],[-79,17],[-69,-71],[-42,-5],[8,-86],[-16,-60],[27,-72],[-61,10],[-31,-42],[-57,-28],[-4,-45],[-42,-5],[-20,-42],[-25,-1],[-28,-36]],[[48985,21928],[51,-4],[9,-66],[-24,-23],[58,-54],[-16,-34],[87,-39],[4,24],[65,103],[3,-61],[54,-9],[23,-37],[21,56],[52,3],[13,-96],[64,19],[-6,-58],[55,10],[2,36],[32,30],[11,81],[33,-28],[28,10],[11,87],[38,-50],[24,11],[31,-41],[32,59],[88,-10],[26,32]],[[49854,21879],[13,-29],[39,-11],[-5,-65],[37,-41],[67,-48],[5,-89],[18,-34],[42,9],[28,-48],[-18,-43],[-59,-33],[-35,19],[-40,-4],[-31,-46],[-55,36],[-77,-25],[-1,27],[-59,27],[-42,-57],[-1,-37],[30,-22],[14,-68],[-1,-55],[17,-46],[44,-16],[-5,-21],[0,-73],[14,-40],[42,-20],[-22,-37],[49,-44],[21,-46],[-3,-50],[-17,-45],[10,-69],[-63,-67],[27,-56],[1,-37],[-54,20],[-51,-95],[12,-27],[-37,-40],[-24,-72],[-25,1],[-40,-102],[-32,12],[-7,-60],[14,-32],[-53,-25],[-29,42],[-40,-10],[-34,-46],[-44,34],[-35,-37],[50,-57],[-10,-32]],[[49399,20049],[-47,11],[-30,43],[-37,16],[-40,-14],[-136,84],[-34,-11],[53,-77],[-19,-46],[-30,6],[-67,81],[1,40],[-57,37],[-5,47],[-32,5],[-1,-40],[-18,-64],[-105,-1],[-22,9],[-61,-32],[-14,97],[-15,24],[-39,-4],[-43,21],[-34,104],[-4,8],[-32,-21],[-1,-52],[-30,-29],[-34,47],[-36,2],[-22,-38]],[[47897,27945],[29,-59],[78,31],[38,36],[58,51],[59,57],[27,15],[104,13],[42,-18],[101,-92],[30,-4],[64,31],[71,-13],[4,-2],[66,-25],[61,-37],[55,-1],[74,39],[72,54],[41,41],[48,22],[111,-130],[85,-47],[68,47],[41,18],[59,-5],[89,-42],[146,-26],[50,21]],[[49668,27920],[3,-112],[12,-24],[1,-98],[15,-29],[22,-30],[22,-91],[37,-76],[-2,-26],[21,-61],[-6,-31],[-45,-78],[-11,-39],[-30,-42],[-14,-21],[-16,-84],[2,-40],[39,-36],[22,-47],[14,-61]],[[49754,26894],[-11,-98],[13,-40],[9,-95],[20,-59],[-24,-81],[-31,9],[-39,-32],[-61,-28],[-73,-14],[-97,-4],[-83,-90],[-1,-43],[-1,-40],[-2,-378],[-2,-145]],[[49371,25756],[-68,43],[-24,-4],[-15,2],[-8,125],[-26,42],[-34,5],[-55,56],[-25,-2],[-72,89],[-54,38],[-86,-36],[-22,0],[-90,53],[-73,0],[-29,29],[-58,11],[-43,63],[-20,12],[-44,-22],[-71,-7],[-37,27],[-28,5],[-32,-21],[-60,5],[-36,25]],[[49371,25756],[11,-64],[36,-14],[21,-30],[-39,-33],[13,-29],[22,-32],[44,-2],[19,-22],[75,12],[7,-4],[43,-49],[23,-26],[-3,-80],[55,-29],[12,-45]],[[49399,20049],[64,-15],[24,7],[58,62],[34,-4],[-1,-36],[-43,-51],[77,14],[67,-50],[21,-43],[47,11],[40,-41],[24,-34],[32,-4],[39,56],[30,-12],[16,-41],[54,-13],[25,-44],[-53,-4],[-32,-34],[-38,-66],[14,-77],[33,-33],[6,-37],[72,-18],[22,-60],[27,-42],[89,-6],[34,-45],[-11,-37],[44,-19],[-2,-51],[13,-29],[61,-10],[30,66],[26,3],[72,-23],[79,-45],[31,-35],[51,38],[49,-4],[58,35],[34,2],[26,-34],[60,43]],[[50802,19289],[35,-32],[-34,-107],[91,-138],[-113,-330],[-48,-9],[-5,-35],[57,-3],[42,-18],[49,37],[19,-5],[30,-59],[49,3],[59,-33],[13,-28],[40,-9],[37,20],[20,-17],[-18,-14],[2,-59],[28,-60],[-17,-35],[33,-19],[-19,-56],[51,-32],[-7,-43],[39,-52],[5,-56],[30,-37],[-21,-37],[-6,-59],[9,-64],[18,-30],[9,-85]],[[51279,17788],[-57,-23],[-205,12],[-26,33],[-49,25],[-56,-43],[-84,22],[-112,-37],[-79,20]],[[50611,17797],[-44,-32],[-24,7],[-40,-19],[-22,35],[-36,16],[-58,-11],[-42,39],[-138,11],[-38,48],[-5,15],[-104,41],[-35,57],[3,38],[-33,30],[-69,6],[-40,15],[-44,55],[-79,-49],[-46,7],[-46,22],[-41,-21],[-48,58],[-94,0],[-45,18],[-16,-18],[-44,31],[-45,-21],[-50,-2],[-45,-3],[-28,46],[-42,4],[-59,51],[-69,-30],[-32,10],[-68,-18]],[[48945,18233],[-39,51],[-48,34],[-35,21],[-36,51],[-46,-10],[-44,1],[-40,39],[-56,-29],[-25,15],[-153,11],[-61,-44],[-70,6]],[[50371,23755],[50,-55],[19,-120],[4,-40],[31,-10],[34,-169],[36,3],[57,-53],[0,-42],[45,-36],[71,-63],[1,-50],[21,-18],[50,-104],[22,-68],[47,-74],[40,7],[31,29],[65,-7],[125,72],[35,-18],[26,15],[34,-47],[26,33],[48,16],[14,-36],[31,-15],[79,51],[37,-5],[-8,-62],[-39,-63],[-31,-8],[-5,-43],[34,-16],[3,-39],[44,-29],[18,-33],[-8,-39],[55,-16],[-25,-38],[33,-38],[14,-87]],[[51535,22440],[-36,-27],[7,-43],[-27,-34],[-53,-118],[26,-39],[-91,-128],[-57,-24],[13,-73],[-44,-7],[-86,-36],[-20,-40],[-75,-10],[-55,-39],[-8,-42],[-13,-49],[-23,-7],[-11,-59],[-64,42],[-23,-4],[-67,21],[-61,3],[-19,37],[-74,13],[-57,55],[-18,-12],[-42,39],[-15,-44],[-45,19],[-11,-48],[-32,-28],[-43,19],[-37,40],[-59,-54],[-32,35],[-12,41],[-30,-29],[-39,48],[-72,-16],[-71,-5],[-64,78],[-58,-2],[-42,16],[-41,-50]],[[49754,26894],[59,-26],[83,-17],[42,-62],[41,34],[99,30],[91,50],[43,-2],[39,-20],[-19,-76],[34,-19],[-1,-27],[53,-11],[82,40],[26,32],[50,11],[48,105],[-18,54],[-8,96],[44,-1],[26,-18],[70,-33],[32,-26],[30,-59],[38,-10]],[[50738,26939],[23,-29],[32,8],[41,-37],[2,-29],[25,-32],[44,-9],[56,-53],[27,4],[14,-34],[46,4],[38,-44],[49,-14],[34,-23],[4,-37],[-36,-54],[-11,-77],[-3,-97],[-15,-24],[22,-40],[16,-65],[27,-35],[-31,5],[-39,-89],[-44,-47],[-72,-101],[-30,-10],[75,-58],[65,-28],[-1,-40]],[[51096,25854],[-6,-52],[36,-96],[-41,-66],[9,-104],[-47,-70],[-83,-6],[-46,19],[-37,-30],[-52,-8],[-18,-31],[-82,-17],[-5,-61],[-49,-34],[-38,32],[-138,-54],[-30,-33],[-58,-17],[-51,-54],[82,-48],[13,-34],[-3,-18],[-65,-110],[-24,1],[-32,-54],[-44,16]],[[51535,22440],[77,-44],[29,36],[60,-2],[30,-24],[29,4],[68,33],[-18,-52],[60,11],[-4,-45],[72,37],[61,-66],[40,-4],[41,-22],[29,-72],[55,-79],[8,-46],[-18,-50],[61,-15],[-16,-27],[29,-42],[64,-5],[4,-42],[45,2],[35,-39]],[[52376,21887],[8,-37],[45,-13],[-17,-39],[64,-5],[24,-72],[14,-73],[30,-28],[112,-4],[84,-58],[55,-85],[2,-45],[52,-34],[57,1]],[[52906,21395],[86,-58],[4,-51],[-29,-21],[-25,-68],[-2,-57],[-55,-22],[-34,-27],[-25,13],[10,-29],[-19,-87],[-18,-19],[17,-37],[-10,-29],[56,-75],[10,-48],[-87,35],[-33,31],[-77,-3],[-68,-15],[-37,-19],[-134,-110],[-69,-26],[-30,-54],[-84,-38],[-27,-49],[-81,-28],[-31,29],[-28,-24],[14,-43],[30,13],[57,-62],[0,-17],[62,-17],[9,23],[44,-16],[29,-32],[97,-13],[-25,-39],[-20,-39],[57,-67],[-22,-30],[29,-20],[28,-84]],[[52475,20066],[-40,42],[-23,-31],[-33,10],[-27,-79],[-35,-8],[-27,29],[-95,-24],[-50,-32],[-3,-65],[-32,-44],[-84,46],[-26,-57],[-40,1],[-72,-50],[-50,-47],[-50,39],[-25,-100],[-21,-5],[-41,17],[-2,-50],[-47,-42],[-17,-45],[-61,-35],[19,-52],[-42,-60],[-47,36],[-54,-2],[12,-39],[-37,-26],[-60,77],[-55,-54],[-40,-67],[-28,13],[-35,-57],[-65,26],[-4,-53],[-78,-15],[-52,17],[-53,-33],[-21,39],[-68,44],[-3,30],[31,26],[35,59],[-31,44],[-58,-39],[-20,-66],[-25,-34],[25,-42],[-18,-19]],[[49668,27920],[25,20],[62,12],[22,-12],[26,-58],[-2,-57],[13,-28],[56,42],[31,9],[57,27],[-11,87],[2,56],[19,52],[9,51],[29,58],[37,25],[63,-12],[76,-46],[56,-2],[66,-16],[81,-47],[44,-10],[84,-90],[25,-30],[35,-38],[39,-10],[183,44],[44,-10],[40,-28],[15,-85],[16,-19]],[[50910,27805],[-15,-83],[-22,-58],[-54,-40],[0,-70],[-27,-18],[26,-146],[-89,-1],[37,-20],[48,-46],[22,-43],[55,-47],[16,-104],[-90,-53],[-12,-57],[-33,-26],[-34,-54]],[[51096,25854],[11,20],[50,-40],[15,20],[-6,-29],[133,-57],[25,-26],[27,-58],[54,-22],[90,-2],[74,-39],[73,-24],[33,1],[58,-59],[63,-4],[23,-30],[43,-6],[95,14],[17,-21],[-2,-61],[47,-26],[-36,-51],[16,-77],[-30,-88],[3,-46],[-36,-18],[-16,-75],[97,-76],[33,4],[33,-40],[45,32],[-25,-65],[-63,-59],[-9,-31],[25,-32],[-13,-82],[32,-57],[-8,-48],[10,-32],[95,-5],[48,43],[43,8]],[[52263,24610],[-17,-60],[-50,-33],[6,-64],[32,-28],[-3,-25]],[[52231,24400],[-41,-12],[-38,15],[-85,92],[15,18],[-21,50],[-50,37],[-38,9],[-41,-20],[-53,51],[-34,19],[-40,-24],[-41,51],[-61,41],[-78,9],[-59,-27],[-41,19],[-35,-5],[-39,-38],[-4,-8],[-69,-122],[-8,-50],[-37,-12],[-23,-29],[-13,-72],[-33,-53],[-32,-8],[-10,-31],[-35,26],[-62,-40],[-26,30],[-27,12],[-21,-65],[-30,5],[-8,34],[54,66],[-48,25],[-41,-16],[-31,18],[13,48],[9,47],[-45,-3],[-66,53],[-21,22],[-39,-21],[-69,25],[-10,24],[-125,-34],[-67,43],[-17,42],[-77,-66],[-25,48]],[[52231,24400],[-10,-34],[18,-36],[-10,-45],[31,-29],[-9,-78],[-36,3],[-27,-30],[-40,41],[-84,-27],[-14,-51],[-71,-13],[-50,50],[-74,-59],[-26,30],[-71,-79],[-63,-9],[-24,20],[-42,-44],[40,-32],[43,-10],[26,-11],[14,-50],[31,-3],[45,-49],[52,-15],[32,-32],[23,25],[49,-33],[-12,-37],[19,-21],[156,-59],[44,-35],[27,-46],[-24,-25],[24,-43],[5,-44],[38,-24],[-38,-85],[6,-22],[-32,-56],[-60,-31],[-21,-35],[17,-29],[-7,-37],[-59,-51],[-5,-49],[-52,-41],[51,-37],[19,-33],[1,-46],[59,-31],[-2,-91],[29,-34],[38,13],[45,-52],[-3,-47],[21,-17],[14,-57],[-9,-319],[81,-101],[58,-20]],[[52412,22158],[42,-114],[40,-66],[-34,-30],[-21,-49],[-63,-12]],[[50910,27805],[42,-2],[80,31],[69,-2],[6,-2],[26,-11],[57,-62],[64,-28],[35,19],[58,-1],[39,-2],[59,34],[57,62],[46,-2],[49,-38],[61,24],[89,-24],[78,-16],[34,17],[36,-4],[48,-57],[10,-41],[56,-49],[54,-15],[24,-23],[25,-26],[79,-30],[152,-17],[115,-73]],[[52458,27467],[-6,-55],[46,5],[18,-28],[-43,-63],[25,-23],[58,21],[47,-65],[12,-60],[-5,-30],[-36,-49],[-65,-23],[1,-67],[63,-10],[6,-39],[-16,-85],[26,-42],[-54,-37],[-49,-4],[23,-63],[1,-58],[62,-31],[-51,-59],[-44,-21],[21,-27],[33,23],[16,-22],[122,-1],[3,-347],[118,-3],[47,-6],[47,-52],[25,23],[65,21],[8,-13],[-4,-121],[-20,-20],[-26,-96],[-45,-8],[-15,-99],[24,-14],[24,-48],[-28,-107],[-41,9],[-20,-46],[-66,-54],[-33,-2],[-30,-36],[-61,13],[-27,45],[-53,5],[-10,-53],[24,-15],[24,-49],[-11,-49],[-29,-2],[6,-53],[27,-5],[23,-79],[1,-59],[39,-39],[52,-11],[3,-41],[-45,-9],[-37,-36],[45,-76],[40,-61],[-52,-25],[0,-47]],[[52661,24889],[-23,-24],[2,-39],[-56,7],[-21,-69],[-29,-10],[-10,-132],[-44,13],[-10,-21],[-66,-38],[-17,31],[-47,0],[-51,-24],[-26,27]],[[52475,20066],[37,-90],[3,-62],[-36,-32],[-33,-5],[-31,-33],[14,-40],[-105,-37],[-10,-79],[41,-27],[22,-167],[72,-66],[75,-20],[24,-35],[-58,-56],[35,-47],[-13,-25],[25,-58],[54,-31],[16,-46],[19,36],[4,90],[71,32],[73,8],[99,-4],[13,13],[66,-8],[31,-26],[77,107],[35,-29],[1,53],[30,78],[-36,33],[-6,78],[29,3],[87,58],[-19,52],[26,45],[39,18],[4,50],[10,46],[62,7],[27,26],[36,-15],[16,37],[36,27],[34,-20],[19,15]],[[53490,19920],[9,-19],[78,48],[72,6],[38,-77],[15,20],[64,31],[41,-53],[33,-1],[69,-72],[-1,-34],[43,-24],[22,-99],[55,16],[21,51]],[[54049,19713],[39,-10],[77,-107],[-4,-37],[78,-38],[33,15],[31,-32],[55,-16],[63,24],[30,26],[58,-41],[2,-92],[53,-25],[28,-48],[16,-73],[-6,-44],[-54,35],[-1,-51]],[[54547,19199],[-39,-5],[17,-64],[-78,32],[-54,-16],[-101,-50],[-46,26],[-39,53],[-60,-13],[11,-32],[36,-20],[-45,-48],[-32,-9],[-36,37],[-27,-7],[-28,61],[-33,16],[-8,-53],[-29,22],[-18,-23],[-43,-7],[-47,-34],[-30,-46],[1,-60],[22,-53],[-25,-9],[-72,57],[11,46],[-20,36],[-80,54],[-45,-8],[-89,108],[-71,-27],[-26,13],[-75,-28],[-25,82],[-20,8],[-41,-47],[-1,-52],[22,-16],[32,18],[34,-8],[-17,-44],[-77,-22],[-73,21],[-62,-111],[12,-65],[-57,-33],[-44,-91],[-16,-17],[-58,-37],[31,-78],[-33,-40],[-31,10],[1,42],[-26,21],[-75,-15],[-74,-49],[-10,-49],[-31,-1],[-35,63],[-17,1],[-24,-90],[-43,-29],[-16,12],[4,85],[-55,46],[-22,-23],[24,-49],[-11,-44],[-63,34],[-13,49],[-39,31],[-19,12],[-117,-36],[-65,38],[-7,-44],[-30,-62],[-56,-21],[-76,-6],[-39,-40],[-46,3],[-45,-57],[-32,-5],[-38,-44],[5,-25],[-17,-34],[20,-27],[-38,-32]],[[51800,18281],[-11,-31],[-37,-12],[-14,-35],[11,-43],[38,-25],[-11,-24],[57,-24],[-44,-89],[91,-127],[28,-61],[-14,-54],[-30,-33],[-4,-55],[-41,7],[-36,-24],[-14,-38],[-28,-13],[-112,18],[-74,-25],[-41,-34],[17,-39],[-14,-57],[-27,-16]],[[51490,17447],[10,42],[-60,32],[-9,53],[-36,36],[4,32],[-30,50],[-40,-5],[-13,85],[-37,16]],[[52661,24889],[25,-22],[2,-50],[-15,-52],[39,-45],[37,-19],[29,-67],[54,43],[31,2],[31,-32],[6,-43],[33,-37],[35,-8],[50,-65],[-19,-45],[5,-44],[-10,-63],[44,-54],[41,7],[32,56],[35,-3],[51,38],[92,-12],[35,6],[26,57],[67,18],[3,33],[26,39],[110,-50]],[[53556,24477],[41,-22],[82,4],[56,76],[-4,73],[18,16],[25,87],[37,-9],[9,-90],[29,13],[10,-55],[25,8],[29,-29],[-11,-48],[14,-23],[57,-26],[29,1],[64,-40],[17,22],[39,-84]],[[54122,24351],[83,-81],[91,-28],[19,-55],[33,-13],[8,-52],[34,-35],[-2,-45],[-59,-70],[-55,-5],[-36,-59],[-57,-25],[-34,-135],[-1,-30],[28,-42],[2,-57],[14,-21],[-18,-27],[-1,-74],[41,-25],[9,-30],[-16,-56],[-45,-50],[-27,-80],[63,-66],[73,-37],[64,-57],[28,-12],[-10,-84],[-23,-40],[-38,-5],[-15,-22],[-55,-6],[-39,-30],[34,-35],[3,-84],[23,-49],[-38,-43],[-35,-16],[67,-98],[-51,-47],[-28,-47],[-47,-29],[-66,-63],[-82,-39],[-31,7],[-18,-66],[23,-39],[-22,-61],[-88,-1],[13,-97],[35,-27],[-33,-2],[-20,-38],[-31,-12],[-8,-35],[-48,-71],[-58,-20],[48,-41],[-10,-28],[-32,2],[-13,-39],[-29,1],[-50,42],[-45,-15],[-49,52],[-9,54],[-53,40],[196,339],[-48,12],[-62,-23],[-46,-71],[-30,12],[-56,-44],[-20,-38],[-34,9],[-34,-41],[-59,-17],[-22,12],[-18,51],[-33,27],[-37,8],[-24,-22],[-74,3],[-39,12],[-37,50],[-62,-55],[-59,2],[-32,17],[-42,-35],[-21,9],[-56,64],[-68,-16],[-17,-45],[-65,35],[-31,-26],[-49,0],[-42,-24]],[[52906,21395],[-21,82],[13,47],[40,-2],[29,81],[36,28],[56,71],[7,-65],[26,-42],[36,-21],[28,36],[71,-11],[103,-74],[19,1],[140,-129],[13,-21],[48,-18],[44,-115],[31,-1],[20,53],[21,19],[-5,38],[23,14],[6,52],[38,-13],[18,43],[-30,53],[49,41],[89,-91],[80,-5],[31,-52],[5,-87],[26,-28],[-40,-33],[28,-64],[-10,-28],[-11,-104],[-14,-8],[-12,-69],[14,-74],[16,-21],[-9,-53],[-61,-8],[-36,-89],[-60,-27],[-12,-34],[28,-37],[-7,-61],[-25,-49],[-7,-77],[2,-27],[-34,-30],[-33,-2],[-28,-31],[-2,-34],[-48,-38],[-3,-102],[-37,-8],[-17,-31],[-54,-19],[32,-12],[8,-59],[-55,-55],[-19,-75]],[[54122,24351],[130,140],[21,3],[80,-59],[71,5],[30,-28],[6,-37],[50,-12],[85,45],[55,9],[14,34],[-11,78],[8,58]],[[54661,24587],[37,21],[-18,62],[64,12],[-14,23],[40,30],[11,-42],[102,-98],[36,-9],[45,-69],[-10,-55],[15,-77],[36,-3],[41,-62],[80,-160],[-10,-47],[31,23],[30,-21],[22,32],[52,12],[36,-34],[100,18],[27,44],[-23,49],[14,20],[10,74],[30,5],[11,44],[51,44],[34,13],[72,63]],[[55613,24499],[22,35],[40,-82],[-23,-41],[42,-35],[3,-40],[85,-161],[47,-35],[-5,-43],[58,-28],[-9,-28],[66,-30],[74,-44],[22,-44],[-30,-100],[7,-34],[-18,-42],[66,-45],[32,-39],[7,-60],[30,-68],[70,-41],[20,-36],[94,-34],[-50,-47],[-53,-74],[-11,-29],[5,-25]],[[56204,23249],[-12,-26],[-43,19],[-80,-33],[-6,-25],[-70,-46],[-27,-48],[-66,-24],[-16,-23],[-70,-9],[-3,-51],[-47,-13],[-32,-47],[-43,-1],[-21,-62],[-5,-73],[-29,-41],[-37,36],[10,61],[-33,12],[-45,-82],[-31,-23],[-38,-18],[0,-36],[-36,-4],[-33,-25],[-40,13],[-4,-50],[31,-14],[-1,-36],[34,-2],[77,34],[54,-78],[47,-46],[-84,-203],[11,-32],[50,-29],[25,-71],[-4,-40],[42,-40],[20,-71],[-36,-20],[-29,12],[-23,-20],[-21,-61],[-52,3],[-5,-50],[-53,-61],[-38,10],[-34,-50],[-49,-12],[-23,11],[-86,-71],[-7,-36],[-31,-53],[-37,-14],[4,-77],[16,-23],[-5,-48],[93,-82],[17,-30],[-31,-62],[-34,-26],[-7,-30],[-34,-16],[-56,17],[-33,51],[-52,-5],[-9,-33],[-42,-33],[-25,5],[-44,-23],[2,-36],[60,-57],[129,-235],[4,2],[33,-15],[-23,-139],[6,-40],[-41,-35],[-2,-41],[-30,-53],[-39,-24],[-25,-144],[-36,20],[-22,-17],[-83,24],[-32,-26],[25,-43],[-60,-34],[-14,-31],[-48,-4],[-16,-30],[-75,8],[-20,22],[-14,-29],[-45,32],[-38,-27],[4,-49],[-16,-17],[-73,-20],[-53,23],[17,-27],[-22,-54],[-26,24],[-46,-5],[-11,-38],[-33,-15],[47,-61],[-1,-33],[-39,-23],[-27,-74],[-64,-40],[14,-29],[-40,-23],[-19,14],[-42,-63]],[[52458,27467],[62,29]],[[52520,27496],[31,-11],[35,-46],[39,16],[70,8],[88,-67],[26,-30],[20,-72],[19,-17],[15,-36],[41,-23],[10,-43],[-29,-90],[22,-29],[81,8],[28,-32],[34,-7],[43,23],[65,124],[40,24],[54,-30],[72,-43],[59,49],[102,-41],[6,-40],[34,-26],[62,19],[50,-22],[60,-4],[30,39],[-1,44],[87,21],[44,-31],[39,-80]],[[53896,27051],[9,-79],[-21,-75],[-8,-80],[-47,-51],[18,-44],[80,39],[-22,-52],[23,-13],[35,32],[55,-78],[11,-36],[56,43],[33,-38],[-13,-53],[54,-72],[13,-42],[-20,-36],[11,-25],[-28,-58],[-50,-60],[-53,4],[-68,-28],[-39,-64],[-53,-39],[-27,38],[-51,17],[-61,-17],[-63,13],[-26,-33],[-30,20],[-1,68],[-4,0],[-41,-15],[31,-64],[-20,-36],[-4,-53],[49,-115],[45,-47],[-28,-78],[25,-13],[12,-84],[25,10],[21,-30],[-34,-48],[54,-43],[-27,-31],[32,-66],[-5,-26],[17,-73],[-11,-43],[24,-15]],[[53774,25382],[-15,-34],[-67,-41],[-36,-82],[19,-44],[30,-27],[-4,-57],[-54,-100],[-42,11],[-26,-15],[55,-16],[23,-35],[44,-39],[-22,-29],[9,-57],[-19,-66],[-33,-28],[-46,1],[-23,-63],[4,-101],[-18,-32],[3,-51]],[[53774,25382],[193,21],[124,14],[67,43],[37,-13],[41,73],[36,27],[-10,39],[35,15],[15,51],[99,-43],[24,-81],[-25,-65],[46,-16],[-36,-40],[14,-61],[34,-9],[-8,-51],[44,-53],[29,-23],[11,-40],[-17,-43],[15,-25],[38,25],[12,-86],[-27,-31],[-91,-392],[79,-14],[13,-17],[55,12],[40,-12]],[[53896,27051],[36,-9],[48,32],[61,19],[58,-20],[19,-41],[54,14],[19,-12],[41,-3],[81,47],[32,-12]],[[54345,27066],[39,-1],[50,44],[46,-15],[41,58],[83,-17],[27,-47],[25,10],[-18,61],[28,10],[44,-43],[9,-43],[-29,-61],[0,-5],[42,-57],[47,-11],[71,-52],[-21,-29],[-16,-59],[9,-38],[57,-36],[75,-23],[37,19],[30,-29],[22,-32],[43,-37],[57,-7],[25,20],[56,-31],[-21,-62],[39,-39]],[[55242,26514],[41,-43],[31,2],[62,-125],[-3,-42],[58,-137],[-9,-46],[19,-82],[-36,-47],[10,-18],[47,4],[35,-33],[-27,-67],[10,-39],[44,-53],[-47,-57],[11,-17]],[[55488,25714],[-12,-52],[-40,-38],[-18,-52],[11,-25],[51,-32],[3,-45],[-19,-27],[11,-49],[-37,-30],[-6,-36],[29,-61],[11,-52],[36,-18],[23,-44],[53,-71],[-12,-56],[-28,-29],[14,-63],[-13,-27],[14,-56],[-2,-47],[-28,-39],[-77,-30],[26,-16],[-7,-37],[25,-75],[37,-28],[14,-33],[66,-47]],[[56204,23249],[-2,-81],[2,-67],[-31,-5],[-18,-42],[-55,-29],[34,-91],[-37,-31],[-27,0],[-18,-43],[6,-106],[15,-35],[-16,-26],[31,-59],[-27,-22],[71,-77],[152,-23],[6,39],[43,33],[56,0],[53,-10],[11,-16],[39,-17],[80,36],[11,-29],[33,5],[37,56],[-5,60],[54,-14],[9,-32],[42,-3],[4,-24],[57,-25],[107,-1],[6,7],[150,12],[29,26],[32,-51]],[[57138,22564],[51,-19],[20,-40],[73,7],[89,31],[70,2],[-9,-58],[31,-13],[13,40],[37,33],[47,22],[49,-15],[31,-30],[30,-53],[57,-53],[76,-52],[-33,-86],[-68,-40],[-17,-25],[-28,-105],[1,-42],[37,-10],[-15,-64],[-35,-5],[12,-56],[6,-58],[-22,-39],[10,-48],[-49,-38],[-17,-37],[19,-42],[18,-86],[46,-29],[3,-52]],[[57671,21504],[23,-41],[-34,-13],[-25,56],[-78,-21],[-33,-60],[-39,-3],[-4,-33],[-41,12],[-26,-45],[-20,5],[5,57],[-47,20],[-57,61],[-64,-4],[-54,-88],[-40,-16],[-35,3],[-57,-78],[1,-60],[31,-37],[-1,-41],[23,-17],[-35,-58],[-12,-43],[18,-55],[1,-46],[-31,-18],[-35,13],[-49,40],[-30,-13],[-17,-35],[-2,-61],[-4,-50],[-25,-67],[-51,-18],[-27,-64],[-28,-36],[9,-47],[40,-83],[-45,-37],[-24,-43],[10,-35],[18,-40],[-25,-19],[-1,-77],[68,-45],[-39,-22],[7,-111],[-33,-49],[12,-28],[-4,-59],[-28,-47],[9,-22],[26,-26],[27,23],[21,-40],[93,-50],[42,3],[11,-38],[38,-57],[-84,-55],[-64,23],[-6,-18],[-85,-32],[-15,-14],[-13,-99],[8,-56],[-29,-21],[-18,-39],[9,-32],[46,-36],[24,-45],[-23,-49]],[[56754,19228],[-63,-61],[-57,-15],[-20,30],[-29,-2],[-26,-39],[-31,35],[-62,-7],[-57,37],[-13,-29],[-41,-10],[-52,31],[-72,-55],[-57,-21],[-41,-50],[0,-32],[-28,-39],[-61,-8],[-14,-73],[-46,4],[-28,-37],[-57,-31],[-18,-40],[-60,3],[-68,-39],[-50,17],[-49,-47],[-23,-4],[-5,-30],[-38,-81],[-71,36],[-38,-61],[-55,32],[-48,-4]],[[55376,18638],[-34,29],[-67,23],[-5,51],[-58,3],[-39,64],[-28,18],[-36,-38],[-17,32],[21,20],[-46,65],[-33,26],[-30,-13],[-50,24],[-13,41],[-36,3],[-7,49],[-23,26],[-48,21],[-15,58],[-98,22],[-41,17],[-29,-26],[-33,7],[-30,33],[-34,6]],[[57671,21504],[55,-43],[36,38],[17,46],[56,77],[16,62],[136,79],[71,-46],[50,-58],[7,-42],[58,-2],[-15,-84],[69,86],[28,-12],[23,31],[-4,30],[51,86],[32,-25],[51,-99],[-2,-98],[56,-144],[35,-48],[9,-61],[-26,-40],[-33,-19],[28,-44],[31,-7],[30,-49],[81,-60],[31,24],[79,1],[48,53],[35,-32],[-60,-53],[-14,-27],[-56,-47],[-34,-44],[-3,-32]],[[58643,20901],[-1,-11],[-85,-80],[-63,-81],[-61,-101],[-28,-91],[-15,-26],[-109,-19],[-50,-33],[-49,-9],[70,-55],[-29,-82],[-67,-101],[-83,4],[-48,-24],[-44,-37],[-53,-62],[-84,-139],[-31,-59],[-77,-143],[-43,-108],[-19,-87],[-23,-10],[-34,-20],[-6,-65],[12,-18],[-33,-70],[-42,-128],[-11,-15]],[[57537,19231],[-72,0],[-8,43],[-23,10],[-46,-55],[-24,-4],[-130,-1],[-471,13],[21,-23]],[[56784,19214],[-30,14]],[[66049,25659],[-55,27],[-20,42],[-39,11],[-17,103],[-38,25],[-42,-4],[-23,93],[-38,20],[-45,1],[-14,119]],[[65718,26096],[27,52],[82,37],[25,21],[-4,38],[32,45],[-13,89],[40,120],[21,84],[-20,32],[23,43],[65,-4],[30,32],[14,57],[58,30],[63,-6],[33,46],[30,-25],[47,32],[17,22]],[[66288,26841],[46,38],[75,27],[44,-28],[50,49],[30,9],[55,46],[39,-26],[0,-51],[20,-25],[70,38],[27,50],[105,-25],[74,37],[50,-5]],[[66973,26975],[38,-22],[18,23],[66,-16],[34,-54],[28,-10],[-25,-106],[56,-50],[47,7]],[[67235,26747],[8,-60],[51,-150],[-9,-62]],[[67285,26475],[-16,-39],[-46,-15],[-12,42],[-82,-43],[-20,20],[23,51],[30,23],[-40,52],[-36,-16],[-29,8],[-40,-50],[-34,3],[5,54],[-71,-56],[-56,21],[26,58],[49,28],[26,-3],[40,64],[-41,8],[-30,29],[25,41],[-54,19],[-55,-41],[47,-13],[-37,-41],[-56,27],[-65,2],[-25,-31],[6,-39],[-24,-34],[23,-18],[-36,-34],[-36,17],[-45,-5],[-14,-30],[-36,-25],[-29,9],[-89,-28],[-62,-48],[-12,33],[-49,9],[-75,-30],[-35,7],[-55,-74],[-19,-97],[5,-76],[-27,-20],[-17,-89],[-17,-19],[55,-80],[112,92],[39,-6],[0,-68],[-32,22],[-74,-48],[33,-14],[45,12],[39,-23],[-3,-41],[53,35],[20,29],[25,-33],[-10,-67],[44,-8],[43,16],[44,-37],[-83,-60],[-14,-65],[-47,-67],[-37,-4],[-74,67],[-29,-1],[-41,-29],[-42,-4],[-32,22],[-68,-44],[15,-23]],[[66857,26155],[41,24],[29,-4],[16,46],[31,40],[31,-41],[42,47],[51,18],[5,36],[32,13],[51,-9],[15,-71],[56,4],[27,-65],[34,43],[17,-90],[39,17],[53,-60],[-49,-26],[-48,50],[-41,-10],[-27,-27],[-32,7],[-14,-46],[-31,11],[-56,-11],[-67,21],[-22,34],[-34,10],[-57,-32],[-42,-63],[-38,-3],[26,66],[-11,27],[-36,6],[9,38]],[[67300,28518],[30,-4],[40,-43],[19,-100],[-5,-90]],[[67384,28281],[-46,-3],[21,-111],[-43,0],[-57,-17],[-22,-51],[1,-40],[-23,-38],[3,-86],[-51,-49],[-52,38],[-76,69],[-40,-53],[-40,-10],[15,-47],[21,-43],[-20,-35],[12,-78],[-20,-45],[-37,-12],[7,-35]],[[66937,27635],[-40,-59],[0,48],[-21,34],[-45,19],[-26,-37],[-8,-51],[-49,26],[-77,-42],[-44,14],[-53,-74],[-76,88],[-44,-7],[-17,24],[-26,-61],[-27,41],[-28,-16],[-27,31],[-49,9],[-1,55],[12,57],[-76,33],[17,22],[-39,49],[-68,75],[-3,77],[-20,75],[-46,50],[-51,18],[-66,10]],[[66973,26975],[20,27],[47,10],[29,-12],[35,65],[2,94],[72,92],[55,1],[-3,41],[41,7],[20,51],[35,37],[-21,49],[-40,30],[14,28],[-104,77],[-44,-7],[-34,33],[-30,-9],[-76,21],[-54,25]],[[67384,28281],[50,-22],[16,23],[45,-2],[29,19],[66,19],[63,42],[34,-37],[77,-12],[2,-47],[44,-49],[19,-79],[60,74],[45,13],[20,39],[66,36],[28,-36],[-36,-87],[33,-61],[64,68],[63,-11],[39,-78],[33,-34],[-54,-82],[36,-62],[28,-59],[51,-38],[293,91],[23,-13],[23,-113],[-85,-151]],[[68559,27632],[-54,58],[-27,-36],[1,-36],[-83,-37],[-46,26],[24,55],[-68,-13],[-34,-5],[-82,-75],[-14,-31],[-38,-12],[-31,-42],[-81,-47],[48,-52],[-8,-30],[33,-31],[41,-5],[-62,-47],[-44,-45],[-17,-68],[34,-70],[-36,-38],[-89,-32],[-27,-44],[-27,-1],[-81,-143],[-62,8],[-26,53],[-27,-12],[-31,28],[-28,-30],[-51,-27],[-17,13],[-81,-11],[-64,60],[-22,-38],[-33,-15],[-70,-104],[-44,-9]],[[68559,27632],[-10,-23],[-115,-103],[64,-73],[1,61],[89,94],[54,9],[40,26],[58,-19],[37,44],[114,67],[58,-31],[33,6],[158,34],[34,56],[47,53]],[[69221,27833],[105,-83],[32,-37],[-33,-16],[-34,-87],[12,-37],[65,27],[63,2],[103,55],[70,19],[22,-9],[81,71],[-12,46],[34,7],[34,59],[48,11],[19,-29],[38,16],[48,-32],[49,33],[44,13],[49,-11]],[[70058,27851],[-24,-38],[32,-70],[31,-18],[-14,-39],[22,-77],[41,-62],[-48,-52],[-42,-20],[-9,-42],[19,-62],[-16,-37],[137,42],[42,-7],[75,5],[93,-135],[70,-99],[26,-12],[18,-91],[27,-30],[-27,-48],[60,-20],[-17,-26],[22,-48],[-28,-42],[49,-28],[25,42],[121,79],[29,3],[31,-28],[42,12],[23,-41],[85,-15],[11,13],[66,-3]],[[71030,26857],[168,-39],[-43,-154],[41,-105]],[[71196,26559],[-192,10],[-46,-7],[-73,16],[-121,9],[-152,-5],[-93,-18],[-16,-33],[-104,11],[-46,-4],[-168,-2],[-96,-6],[-79,-17],[-178,20],[-43,-16],[-66,-1],[-19,39],[-62,23],[-61,6],[-14,42],[40,10],[-51,101],[-10,47],[39,-2],[21,50],[19,77],[34,20],[2,82],[42,58],[80,52],[-1,45],[-8,51],[-24,53],[-49,-2],[-35,20],[-51,-20],[-25,-46],[-38,-19],[-16,18],[-49,-5],[-39,-24],[-73,-15],[-17,-29],[-37,-8],[-62,-69],[-50,-76],[1,-19],[92,-96],[12,-80],[67,1],[-12,-36],[68,-14],[38,-35],[-18,-86],[25,-40],[-57,-45],[-13,-41],[-86,-1],[-30,-26],[-64,0],[-39,-23],[-31,7],[-99,80],[6,-41],[46,-4],[-18,-39],[-123,1],[-95,-12],[-85,-33],[-50,-4],[-34,-30],[-38,-2],[-95,-61],[-8,40],[-47,19],[-73,6],[-86,-3],[-239,-10],[-176,-20],[-211,-32],[-69,-34],[-46,26],[21,51],[58,68],[42,12],[12,-23],[117,-56],[67,60],[77,-37],[74,-12],[95,0],[84,8],[98,28],[115,23],[43,-4],[-59,64],[-66,17],[-10,27],[-40,33],[-52,-12],[-60,83],[-100,81],[-38,21],[-36,5],[-53,-32],[-35,14],[43,38],[-16,19],[-74,-10],[-24,-38],[-56,-20],[-88,13],[-31,-19],[-26,10],[-57,-23],[-62,-57],[-10,-44],[-46,4],[32,46],[-11,55],[-68,-32],[4,-51],[-14,-43],[-71,-79],[-37,-22],[-52,-11],[-27,12]],[[67904,26670],[-28,-26],[-30,48],[16,23],[43,7],[33,-7],[-34,-45]],[[69460,26990],[-7,-55],[-32,-5],[-42,21],[-47,-19],[-18,-25],[-42,37],[66,79],[50,-21],[39,0],[12,33],[57,-16],[-36,-29]],[[68952,28918],[61,-407],[112,-156],[40,-55],[95,-180]],[[69260,28120],[-78,-50],[-46,-79],[-51,-9],[-28,-37],[5,-44],[42,6],[53,-25],[62,12],[2,-61]],[[70642,29324],[9,-45],[-3,-63],[-41,-86],[-41,-26],[17,-24],[-25,-59],[11,-23],[-29,-31],[-21,-98],[-56,6],[24,-92],[-12,-23],[-54,-25],[10,-30]],[[70431,28705],[-31,-14],[-53,4],[-55,-56],[-100,-45],[-23,23],[22,74],[-13,63],[-27,5],[-30,-25],[-66,22],[-87,44],[6,-99],[17,-30],[-99,-29],[-34,8],[-10,-34],[-45,-69],[-18,-46],[-22,47],[37,24],[17,36],[-44,4],[-87,-49],[-27,-33],[-32,0],[-101,35],[18,-30],[-26,-87],[-31,-175],[-56,7],[-64,-30],[-28,-1],[-35,-29],[4,-24],[-48,-76]],[[70431,28705],[16,-15],[-22,-88],[24,-22],[-8,-49],[21,-111],[44,-105],[5,-53],[-37,-79],[-5,-94]],[[70469,28089],[-44,-43],[-54,-26],[-49,23],[-45,-32],[4,-41],[-34,-18],[-56,-7],[-75,-92],[-58,-2]],[[70469,28089],[35,-19],[10,-38],[38,-41],[55,14],[22,-26],[53,10],[71,53],[19,29],[56,-15],[20,-64],[-16,-39],[-2,-55],[-40,-43],[50,-40],[38,-2],[52,53],[96,-40],[32,32],[106,10],[32,18],[75,-24],[86,8],[82,55]],[[71439,27925],[1,-19],[-62,-123],[70,-76],[19,-55],[-8,-36],[24,-60],[102,3],[37,-37]],[[71622,27522],[-44,-71],[-47,-25],[-42,-46],[-44,6],[-38,-32],[-30,0],[-35,-43],[-19,-83],[-31,-77],[-138,-37],[-59,-35],[-41,14],[-24,-236]],[[71532,29698],[66,39],[60,-228],[78,-196],[53,-2],[-4,42],[49,-16],[21,59],[63,57],[48,0],[23,53],[23,-1],[52,68],[54,35],[107,13],[22,-27]],[[72247,29594],[2,-69],[-38,-20],[-41,-67],[8,-63],[18,-27],[14,-58],[24,-32],[91,-22],[16,38],[1,-39],[35,-19],[72,-10],[90,24],[19,-30],[165,-15],[1,-38],[-25,-100],[16,-45],[-10,-54],[-58,-65],[-71,-30],[20,-35],[24,-133]],[[72620,28685],[-36,5],[-27,-29],[-93,-3],[-22,56],[-35,19],[-37,50],[-46,12],[-62,-44],[-43,27],[-15,-32],[-41,-17],[-7,-72],[9,-32],[-31,-35],[-14,18],[-93,-52],[-16,-26],[-107,-11],[-49,-50],[5,-48],[-76,-27],[-40,12],[-54,-36],[-27,-46],[-30,-8],[-119,-123],[-5,-25],[-29,-21],[100,-74],[20,-69],[-11,18],[-50,7],[-93,-45],[-31,-30],[24,-29]],[[71622,27522],[12,5],[45,18],[27,-29],[39,22],[26,-54],[46,11],[38,-37],[41,37],[40,-24],[46,-2],[31,-38],[33,3],[-5,-42]],[[72041,27392],[-12,-29],[-4,-176],[12,-70],[31,-69],[33,-9],[50,-88],[46,-8],[25,44],[83,-13],[-70,-76],[-38,19],[-47,-63],[-82,-40],[-38,-69],[5,-55],[-42,-49],[-21,16],[-39,-39],[-18,-88],[29,-72],[0,-37],[-54,35],[-66,23],[-100,18],[-364,45],[-164,17]],[[71663,30666],[59,54],[84,-8],[29,28],[44,-37],[13,-34],[56,-34],[41,-30],[52,1],[36,27],[-13,-59],[22,-28],[-70,-144],[19,-12],[57,1],[30,19],[22,-34],[6,-59],[-28,-30],[20,-32],[62,42],[41,90],[77,52],[47,48],[1,32],[65,37],[27,49],[58,17],[36,30],[75,-161],[-6,-31]],[[72625,30460],[144,-152],[-69,-19],[-179,-39],[14,-19],[-59,-102],[-56,-50],[-5,-61],[-35,-12],[-36,12],[-83,-52],[-14,-372]],[[72620,28685],[113,89],[51,-26],[40,0],[141,19],[62,-19],[48,-1],[56,92],[107,36],[10,37],[57,7],[346,-232],[41,-90],[59,8],[74,-28],[26,16],[67,-4],[49,16]],[[73967,28605],[-84,-59],[-136,-63],[-118,-37],[-152,-35],[-244,-65],[-80,-26],[-87,-37],[-230,-97],[-104,-59],[-117,-99],[-40,-19],[-34,-39],[1,-66],[-102,-64],[-78,-73],[-25,-69],[-46,-36],[-18,4],[-59,-75],[-8,-24],[-39,-25],[-12,23],[-39,-14],[-42,-70],[-33,-89]],[[73322,30936],[5,-64],[-60,-38],[-24,-45],[-25,-1],[-89,-85],[-75,-37],[7,-13],[-49,-29],[-36,-56],[-47,4],[-17,-20],[-38,37],[-52,-26],[-27,-38],[-37,14],[-40,-32],[-93,-47]],[[74430,30624],[-20,-109],[8,-43],[-51,-75],[-43,-33],[-14,-41],[-71,-103],[-45,-39],[-32,-56],[-11,-58],[5,-59],[27,-104],[39,-50],[51,-8],[8,-18],[2,-13],[-39,-163],[-6,-149],[39,-247],[38,-215],[9,-82],[-4,-61],[-26,-74],[-55,-56],[-160,-85],[-112,-78]],[[82578,70322],[61,2],[35,-26],[48,55],[99,45],[136,114],[122,-25],[80,23],[3,-133],[-1,-27],[35,-73],[267,24],[112,27],[0,1],[193,-89],[122,-114],[78,-94],[-49,-44],[112,-314]],[[84838,73060],[65,-135],[50,-64],[89,-83],[70,-12],[57,33],[50,-20],[74,-57],[41,-3],[87,44],[32,-10],[46,34],[90,-79],[93,-10],[58,-64]],[[85740,72634],[-21,-55],[-46,-43],[-71,-7],[-7,-156],[-99,7],[-46,-67],[-4,-74],[99,-16],[-20,-412],[-285,18],[-159,13],[-59,-94],[3,-153],[-89,-266],[149,-427],[-57,-30],[-62,-56],[-46,-58],[-32,-25],[-19,20],[-43,-19],[-38,22],[2,-22],[-24,-165],[102,-83],[-36,-10],[-163,-210],[210,-308]],[[84879,69958],[-30,-68]],[[84879,69958],[23,74],[80,92],[123,-85],[86,238],[49,49],[12,41],[6,46],[49,49],[29,7],[37,-107],[39,-15],[7,-32],[-42,-33],[-15,-41],[-30,-30],[48,-48],[28,-102],[41,4],[57,-28],[48,-7],[32,-24],[19,-68],[-20,-87]],[[85585,69851],[-29,-9],[-7,-32],[-72,-61],[-49,14],[-31,-16],[16,-113],[52,-10],[16,-30],[0,-82],[-46,-22],[-32,13],[-74,-17],[66,-70],[3,-61],[67,-5],[76,-67],[52,-21],[47,-93],[99,8],[40,-60],[32,-44],[-33,-43],[21,-64],[-4,-39],[-56,-220],[-29,16],[24,-113],[28,4],[27,-32],[75,-39],[16,-53],[38,15],[1,-74],[85,-37],[63,12],[57,-3],[26,-36],[30,-2],[27,-28],[66,-11]],[[85740,72634],[95,-152],[74,-61],[90,-36],[32,-40],[25,4],[46,-55],[59,16],[87,-15],[17,30],[34,-15],[44,2],[67,-15],[75,11],[38,32],[65,2],[105,-24],[72,-32],[83,-37],[59,18],[39,-19],[42,-40]],[[86988,72208],[2,-24],[41,-36],[0,-84],[16,-132],[-12,-214],[-208,116],[-31,-52],[-8,-113],[-71,-45],[-73,-88],[-103,-588],[369,-161],[82,-84],[17,0],[221,512],[-94,120],[146,-11],[69,-64],[-35,-111],[-78,-110],[62,-62],[-3,-64],[177,-179]],[[87474,70734],[-82,-239],[-64,-152],[2,-86],[-15,-43],[-42,-10],[-51,40],[-63,-17],[-30,-63],[-35,27],[-30,-66]],[[87064,70125],[-75,101],[18,75],[-24,4],[-53,-65],[-84,-10],[-35,-61],[11,40],[-47,13],[-40,-8],[-46,61],[-59,-11],[-28,-97],[-28,-36],[-94,-35],[-160,-153],[-26,-172],[-215,-71],[-37,-57],[-27,56],[-70,-32],[-55,30],[-14,33],[6,50],[-116,13],[-25,60],[-58,-32],[-55,6],[-43,24]],[[87064,70125],[-84,-219],[-70,-146],[-59,-182],[14,-19],[85,-99]],[[86950,69460],[-8,-106],[-26,-78],[18,-37],[-81,-83],[-11,-38]],[[86988,72208],[45,36],[106,-28],[89,-3],[111,-11],[77,8],[60,32],[62,27],[45,4],[42,25],[132,15],[71,-12],[93,-46],[58,-26],[70,-8],[54,-20],[60,0],[28,-11]],[[88191,72190],[-116,-339],[-18,-48],[-5,-14],[8,-187],[17,-414],[28,1],[59,46],[30,-22],[44,-20],[-29,-419],[-40,-46],[-43,32],[-106,48],[-58,13],[-35,-15],[-41,-41],[-28,22],[-31,-11],[-31,-16],[-45,-81],[11,-121]],[[87762,70558],[-85,8],[-120,51],[-83,117]],[[86950,69460],[70,-21],[5,54],[41,24],[81,24],[25,35],[99,42],[33,-28],[61,-13],[74,38],[43,38],[256,135],[228,-180]],[[87966,69608],[17,-119],[181,-73],[28,-79],[-55,-26],[-55,-45],[-23,-50],[-44,-19],[15,-45],[-7,-51],[-22,-23],[-10,-63],[-21,-48],[-58,-47],[-55,-58],[-47,2],[1,-56],[59,13],[-7,-65],[-27,-81],[12,-46],[22,-3],[130,-90]],[[87762,70558],[-16,-46],[378,16],[279,-24],[30,-190],[5,-36],[85,-173],[149,-48],[-108,-124],[-186,-101],[0,-104],[167,-178]],[[88545,69550],[-45,-41],[-30,15],[-78,-35],[-27,4],[-53,51],[-5,23],[-61,26],[-23,-12],[-83,37],[-80,69],[-36,-4],[-58,-75]],[[88191,72190],[15,2],[59,-39],[138,-45],[141,-60],[18,2],[26,19],[111,-70],[81,-27],[49,-32],[48,-12],[45,-60],[15,-45],[94,-72],[47,-67],[23,-59],[25,-40],[32,-199],[37,-54],[24,-10],[36,-30],[-5,-43],[38,-53],[3,-77],[36,-61],[27,-5],[-2,-70],[11,-33],[18,-104],[34,-48],[-5,-93],[20,-56],[-8,-98],[27,-59],[28,-16],[-34,-108],[19,-108],[27,-55],[-9,-74],[0,-100],[53,-80],[-10,-65],[9,-78],[15,-32],[35,-10],[14,-42],[18,-14],[11,-62],[-12,-98],[27,-32],[-12,-37],[-4,-166],[-2,-64],[13,-40]],[[89635,69211],[-46,-18],[-78,66],[-22,43],[-45,-41],[-48,7],[-57,-14],[-38,19],[-53,-11],[-64,23],[-1,-110],[-74,43]],[[89109,69218],[-76,29],[-1,-112],[-23,-63],[-99,19],[-12,-47],[-39,-23],[-31,55],[84,106],[58,131],[-71,74],[-70,-17],[-7,-35],[-93,-50],[-22,-2],[-81,-58],[-53,8],[43,148],[-7,119],[24,12],[-26,96],[-27,25],[-35,-83]],[[89109,69218],[-85,-369],[9,-122],[64,-62],[11,-47],[-30,-73],[-76,-227]],[[89635,69211],[17,-30],[21,-85],[68,-21],[11,-31],[-4,-122],[6,-59],[-15,-14],[16,-102],[19,-42],[59,-17],[21,-69],[14,-102],[-5,-29],[6,-100]],[[27005,64279],[30,-38],[24,-7],[18,-73],[-12,-78],[19,-30],[-19,-45],[-71,-60],[-28,5],[-94,-27],[-29,16],[-12,68],[-42,10],[-1,-98],[-22,-49],[21,-40]],[[26787,63833],[-59,7],[-31,-19],[-29,32],[-33,-7],[-30,-47],[3,-36],[-54,-11],[-33,34],[0,55],[-41,13],[-75,-54],[-38,0],[-16,26],[-51,-13],[-15,-27],[-48,7],[-37,-16],[-11,-52],[-54,1],[-18,-53],[-91,-47],[-53,32],[-86,2],[26,-49],[56,-19],[50,-71],[46,-6],[17,-77],[34,-5],[16,-96],[54,-22],[-7,-72],[16,-31],[-2,-50],[20,-20],[-247,-8],[35,-1017],[-830,-268],[-5,73],[-517,33],[1,12],[-392,22],[-594,28],[48,-49],[1,-76],[59,-11],[55,80],[45,-24],[17,-33],[30,27],[29,-2],[44,39],[33,-10],[38,34],[16,-72],[37,15],[13,-24],[-14,-38],[18,-26],[-1,-59],[18,-43],[-31,-30],[27,-43],[7,-44],[-40,-33],[-15,-43],[-33,-9],[-8,-37],[-49,-52],[-16,-37],[12,-24],[-29,-79],[-25,-6],[5,-47],[-50,-81],[3,-36],[-21,-42],[11,-38],[-30,-15],[14,-66],[-25,-18],[6,-87],[-1027,-41],[-53,26],[-64,-53],[-34,20],[-53,-39],[-80,39],[-33,-29],[-50,63],[-28,-16],[27,-53],[-32,-21],[-32,-86],[17,-59],[-5,-51],[-24,-44],[-25,-74],[16,-78],[174,7],[19,-48],[2,-45],[31,-33],[0,-51],[30,-31],[-23,-44],[10,-66],[22,-24],[4,-43],[-13,-51],[61,-72],[20,-111],[28,-83],[-19,-58],[-54,-66],[16,-42],[-8,-39],[40,-35],[52,-78],[117,-120],[76,-16],[19,-37],[70,-25],[71,24],[53,-23],[10,-51],[63,-47],[-21,-72],[-60,-68],[-1,-55],[31,-42],[61,-57],[28,11],[68,-23],[19,-48],[-3,-44],[56,-61],[7,-58],[18,-41],[-4,-58],[106,-76],[95,-48],[28,21],[29,-6],[45,-52],[42,8],[17,-30],[53,-11],[29,-22],[60,21],[127,-18],[34,41],[32,8],[41,-18]],[[24191,58276],[12,-22],[4,-93],[-38,-34],[-37,2],[-7,-70],[19,-74],[45,-79],[14,-58],[-21,-23],[-62,4],[-28,-12]],[[24092,57817],[22,-27],[51,-4],[34,-33],[-9,-37],[8,-63],[-25,-30],[3,-39],[-18,-125],[15,-61],[22,-44],[11,-115],[-19,-88],[19,-33],[79,-84],[36,-20],[-13,-30],[32,-30],[19,-83],[-42,-33],[-58,-87],[-59,-7],[-21,-100],[-1,-97],[9,-41],[-21,-35],[-6,-59],[28,-54],[-8,-18],[24,-61],[-14,-22],[-71,-17],[-18,-34],[-48,0],[-5,-29],[-39,-54],[-119,3],[-8,-34],[-99,-18],[-120,-45],[-84,-127],[-54,23],[-51,-32],[-17,10],[-64,-25],[-10,-28],[-55,-8],[-51,-40],[-26,42],[-88,-70],[-28,1],[-72,-101],[-22,-63],[0,-45],[-30,-44],[-18,-82],[-49,-59],[-75,21],[-23,-37],[-59,-37],[-46,-67],[37,-14],[-5,-37],[-29,-30],[-61,-16],[-43,-55],[-40,16],[-92,-116],[-23,-18],[0,-79],[-16,-58],[-31,15],[-35,-12],[-75,-111],[12,-19],[-25,-70],[-24,-35],[-46,-32],[-31,35],[-32,-45],[-53,-13],[-11,57],[-23,32],[-58,3],[-18,-17],[-15,-81]],[[22004,54561],[-49,1],[-127,52],[-53,7],[-42,39],[-12,51],[2,67],[36,67],[-20,39],[-33,-1],[-37,-32],[12,-48],[-6,-58],[-27,-46],[-43,28],[22,89],[-7,26],[-66,41],[-47,-24],[-33,-74],[-41,41],[22,65],[48,45],[-8,54],[-33,61],[-30,23],[-100,-12],[-74,-41],[-30,19],[-44,69],[-39,-20],[-32,-45],[-47,60],[-49,-17],[-30,33],[20,41],[-38,22],[31,43],[19,66],[2,68],[-22,16],[-61,5],[-42,41],[-2,34],[19,84],[-1,98],[-49,131],[-3,42],[-46,35],[-62,-41],[-124,-8],[-5,-23],[29,-56],[-31,-12],[-40,16],[-106,69],[-21,29],[4,36],[56,62],[28,58],[-1,26],[-33,61],[14,45],[-26,63],[6,28],[43,63],[-16,60],[-73,9],[-125,30],[-37,140],[-25,164],[-21,71],[24,49],[59,12],[-9,50],[-71,1],[-32,23],[-40,139],[-1,73],[25,33],[53,1],[15,33],[-15,32],[-60,-1],[-32,101],[1,25],[31,51],[44,38],[88,32],[19,41],[-10,55],[-40,47],[6,35],[101,113],[-38,52],[-47,93],[43,17],[-25,132],[-98,116],[-53,43],[-53,14],[-9,56],[32,-1],[14,31],[-13,68],[9,115],[-14,70],[-23,39],[-52,28],[-54,7],[-30,65],[12,41],[27,32],[-19,93],[-30,32],[-7,34],[20,40],[-34,50],[-12,42],[12,34],[46,6],[46,91],[4,52],[-33,90],[34,59],[29,25],[33,58],[35,33],[26,47],[25,112],[26,29],[12,51],[-47,142],[13,67],[-11,115],[-39,40],[-26,85],[18,121],[-7,60],[-26,30],[-2,56],[8,61],[34,75],[36,40],[19,53],[-3,49],[-82,71],[-17,81],[-36,68],[-30,77],[-56,67],[-39,28],[-112,38],[2,-61],[-63,-58],[-41,0],[9,-43],[-33,-2],[-3,-100],[14,-27],[-33,-40],[-48,25],[-6,-43],[-63,-40],[28,-48],[-97,-30],[-26,42],[-51,-26],[-8,64],[-34,46],[-29,-6],[-30,28],[-36,-48],[-7,-35],[-40,23],[19,30],[-22,51],[47,12],[8,52],[-43,-22],[-43,-1],[-50,-68],[-27,39],[-36,19],[-23,-75],[-50,-7],[-40,53],[-68,-74],[-41,7],[19,62],[-23,36],[-33,1],[-61,-33],[-40,-11],[-29,18],[-67,-48],[0,-54],[-24,-24],[-40,28],[-53,-44],[-18,57],[-87,8],[-60,-21],[-19,20],[-38,-23],[-67,12],[-46,-23],[-8,-26],[-42,-10],[4,-56],[-48,-15],[-53,44],[-32,-47],[-50,-10],[-25,-27],[-63,29],[-96,-47],[-4,-40],[-54,-13],[-47,9],[-19,-49],[-45,36],[-76,-26],[-19,19],[-93,-27],[-13,-23],[-65,-12],[-25,19],[-62,-54],[-74,13]],[[28805,58027],[-186,-6],[8,-345],[-79,-3],[11,-368],[-65,-16],[-19,-17],[-6,-65],[-56,-43],[-27,-34],[6,-25],[4,-34],[-31,-85],[-70,-65],[-20,11],[-3,18],[-59,22],[-28,-7],[-58,39],[-55,92],[-27,12],[-56,92],[-20,-16],[-57,18],[-35,-26],[-43,6],[-33,21],[-40,-43],[-42,17],[-36,-23],[-63,36],[-27,-12],[-26,-22],[-5,-57],[-25,-113],[-45,-65],[-72,-70],[-22,-38],[-35,20],[-41,-28],[-52,14],[-81,-27],[-33,-27],[-34,-55],[-33,-74],[-41,-28],[-12,-46],[-52,-37],[-25,-62],[-67,-16],[-22,-22],[-9,-61],[-30,-49],[2,-48],[80,-86],[-4,-75],[14,-15],[-2,-58],[-19,-35],[5,-37],[36,14],[6,-54],[49,11],[32,-19],[108,-7],[18,-40],[50,-38],[114,50],[16,-52],[31,9],[6,-69],[-53,-203],[-38,21],[-42,-16],[-54,16],[-113,-6],[-45,-20],[-85,-11],[-31,-42],[-49,-40],[-6,-32],[-82,-81],[-7,-35],[-83,-55],[-14,-24],[-47,-27],[-1,-37],[-71,-59],[-74,-37],[-3,-89],[26,-86],[-40,-88],[20,-42],[-58,-68],[-6,-32],[50,-45],[62,17],[39,-47],[80,-29],[51,-6],[77,-48],[39,9],[116,-62],[53,-49],[70,15],[141,63],[21,-5],[79,-179],[17,-90],[-27,-14],[14,-61],[-36,-59],[19,-96],[-26,-53],[-102,-118],[-45,-28],[-34,-46],[-10,-54],[-40,-67],[-33,-38],[-58,-136],[-52,-43],[-23,-51],[-82,-24],[-39,-75],[-8,-71],[-59,32],[-27,-37],[-40,0],[-36,-75],[-40,-48],[-21,-42],[-49,-29],[-8,-45],[-36,-19],[-65,8],[-20,-50],[-57,-15],[-20,53],[5,36],[-58,46],[-17,-28],[-43,21],[-6,36],[-65,-20],[-57,10],[-51,-43],[-61,52]],[[25899,53026],[-38,14],[-29,31],[-37,-7],[-11,-31],[-46,17],[-16,-31],[-30,38],[-65,24],[2,68],[-25,6],[-1,45],[-29,19],[-21,79],[-30,49],[-53,4],[-10,58],[38,29],[7,25],[-78,5],[3,68],[-43,-5],[-31,30],[-50,26],[-15,44],[-96,-37],[16,-41],[-18,-20],[-45,-2],[-33,-25],[-13,-33],[-34,-22],[-92,5],[-89,36],[-37,26],[-42,-9],[-39,21],[-38,43],[-16,54],[-31,16],[-36,56],[5,49],[-89,8],[-62,-17],[-60,54],[-55,96],[-59,17],[-40,28],[-46,10],[-20,32],[-79,26],[-46,0],[-33,29],[-97,25],[-75,-10],[-54,29],[-27,-48],[-33,0],[-35,-45],[-37,7],[-52,33],[-33,-2],[-3,-49],[-24,-43],[8,-46],[-20,-29],[-33,-5],[-37,-38],[-55,-13],[-65,62],[-27,-26],[-33,13],[-50,-17],[-26,45],[-34,14],[-36,-27],[-39,40],[-34,-48],[-37,67],[-33,-20],[-2,-46],[-20,-30],[-35,5],[-4,109],[-77,8],[-67,21],[-24,-38],[-84,-91],[-34,31],[17,58],[-13,29],[-62,0],[-58,-11],[-118,24],[-35,18],[-37,51],[-37,31],[-30,56],[-90,48],[-29,36],[-2,33],[25,29],[14,94],[-11,82],[-25,91],[-40,3],[-40,-40],[-23,-4],[-56,67],[-42,-3]],[[24092,57817],[101,-10],[38,-60],[59,-2],[29,-26],[63,11],[43,42],[32,-11],[80,6],[47,-48],[65,-23],[-1,-33],[46,-6],[51,31],[31,-31],[-16,-35],[78,-111],[-8,-22],[41,-31],[79,7],[45,66],[62,59],[22,6],[-4,55],[35,44],[86,-11],[57,5],[56,46],[60,-13],[55,59],[78,-3],[85,27],[48,6],[36,-11],[92,12],[385,412],[423,457],[588,628],[304,329],[-36,43],[-15,169],[14,128],[29,40],[-14,37],[37,5],[10,41],[90,10],[30,52],[31,9],[45,80],[29,-24],[36,8],[-21,64],[44,34],[-13,69],[25,-2],[-1,47],[-49,71],[63,94],[20,98],[40,6],[47,-84],[37,5],[66,-22],[31,43],[-46,175],[36,58],[21,13],[29,67],[-18,74],[16,39],[59,20],[5,60],[30,56],[-11,54],[13,49],[40,8],[31,-29],[63,9],[51,-13],[48,33],[35,4],[68,32],[77,61],[83,-85]],[[26787,63833],[8,-21],[46,-10],[9,-77],[123,-107],[-12,-70],[-59,-46],[-11,-78],[-34,-57],[-2,-26],[49,-28],[-11,-88],[-44,-40],[2,-37],[27,-33],[14,-95],[-10,-31],[25,-116],[3,-110],[-14,-163],[53,-211],[19,-19],[-61,-121],[-56,4],[-28,-48],[-39,-22],[6,-61],[-52,-67],[-2,-55],[-28,-129],[12,-84],[-6,-40],[-41,-62],[-25,-9],[-6,-82],[-42,-48],[-55,-42],[-2,-34],[-33,-77],[-81,3],[34,-94],[12,-66],[67,-58],[29,-43],[137,-17],[32,-62],[-1,-4],[-46,-34],[-19,-101],[3,-129],[-22,-26],[-10,-59],[-80,-73],[-9,-80],[-26,-32],[-27,-118],[-61,-11],[-23,-30],[-10,-70],[-15,-33],[11,-62],[-28,-97],[3,-42],[-22,-34],[-34,-2],[-113,-247],[-1,1],[-253,-542],[1,-3],[-482,-14],[-486,-20],[-577,-21],[-142,-6],[-16,-46],[4,-54],[-46,-74],[27,-61],[22,-20],[2,-55],[-39,-77],[-10,-64],[26,-95],[-15,-24],[7,-56],[-35,-20],[-27,-107],[41,-58],[-23,-52],[2,-28]],[[31281,58086],[-21,-27],[12,-49],[-23,-72],[-58,-49],[-26,-7],[-2,-66],[17,-17],[-46,-49],[18,-35],[3,-101],[-27,-38],[-11,-87],[13,-12],[11,-88],[64,-74],[38,-24],[-20,-34],[16,-145],[57,-22],[47,-96],[-6,-20],[18,-83],[-52,-27],[-4,-22],[-13,-58],[70,-22],[-13,-91],[12,-19],[-18,-58],[21,-34],[8,-99],[-38,-44],[5,-32],[-18,-62],[34,-21],[-7,-52],[40,-49],[-56,-119],[9,-24],[-18,-46],[77,-76],[-9,-25],[106,-83],[5,-42],[26,-53],[3,-112],[50,-35],[-2,-37],[-31,-43],[-42,-31],[36,-151],[25,-35],[-6,-29],[71,-74],[23,-92],[28,-31],[-5,-51],[23,-79],[-2,-122],[14,-38],[-595,-19],[-191,-8],[-52,20],[-84,174],[-11,51],[-1058,-32],[-37,-138],[10,-74],[23,-67],[-9,-32],[21,-72],[-25,-81],[-49,-40],[-6,-57],[-24,-22],[-33,-76],[-19,-67],[-53,-92],[-34,-114],[-23,-16],[-22,-62],[-2,-45],[-28,-37],[-7,-75],[-19,-45],[-32,78],[-1,56],[-30,14],[0,87],[-33,32],[-12,94],[-33,0],[-47,-58],[-37,20],[-88,92],[-73,-4],[-41,-12],[-89,2],[28,-34],[12,-68],[37,-26],[14,-53],[-12,-81],[21,-36],[-18,-34],[17,-57],[-32,-80],[9,-37],[-54,-86],[-94,-35],[-63,-62],[-106,-44],[-84,-83],[-79,-57],[-18,-33],[-68,-24],[-48,-29],[-23,-51],[-67,-44],[-58,6],[-33,-63],[9,-60],[-12,-62],[-26,-18],[-8,-87],[-25,-34],[-70,-41],[-65,-117],[-9,-35],[-40,-78],[-2,-26],[-36,-89],[-62,-64],[-52,-18],[-63,-61],[-12,40]],[[27672,52287],[-11,26],[-34,10],[-18,-32],[-62,69],[-46,-53],[-22,8],[-3,68],[-32,33],[-33,-27],[-35,0],[0,-63],[-49,-13],[-38,18],[-33,-24],[-40,41],[-79,-25],[-46,5],[-24,25],[-33,1],[-6,43],[-41,-16],[-42,53],[5,33],[-113,22],[-43,-20],[-49,44],[-52,-24],[-26,21],[-124,60],[-5,39],[-43,40],[7,39],[-38,54],[-35,12],[-30,-57],[-44,-5],[-9,-28],[-60,2],[-18,-55],[-43,51],[-8,-40],[-52,18],[-35,36],[-35,86],[11,45],[-45,28],[-35,-37],[-26,16],[9,47],[-56,31],[-25,60],[-32,37],[3,37]],[[30868,50994],[-58,15],[-78,4],[-3,50],[-36,22],[-54,1],[-43,67],[-36,-7],[-80,35],[-33,61],[-34,23],[-37,71],[12,24],[-34,19],[-38,-31],[-37,39],[-44,-31],[-41,-7],[-16,50],[5,65],[-14,49],[-46,-26],[-12,-29],[-43,-12],[-8,26],[-55,24],[-33,-63],[-6,-41],[-45,29],[-17,-20],[-44,-1],[-41,43],[-37,-18],[12,-28],[-26,-24],[-31,28],[-31,-13],[-50,44],[-12,43],[-59,-27],[-24,9],[-7,51],[-38,-10],[4,-41],[-56,-6],[-48,-48],[-88,1],[-34,-23],[6,-25],[-117,-34],[-33,-16],[-50,22],[-37,-5],[-31,32],[-79,42],[-36,-2],[-31,46],[-50,-30],[-46,-11],[-37,21],[-14,-31],[-40,34],[-56,-9],[-82,-51],[-47,14],[-12,-53],[-47,19],[-26,-14],[-62,25],[-36,-32],[-44,1],[-36,26],[-34,80],[3,46],[-17,101],[-27,36],[-34,-19],[-33,20],[-27,46],[-68,2],[17,40],[-34,7],[13,37],[-21,22],[-51,-1],[-29,45],[-5,53],[-35,-17],[-31,44],[-53,52],[-35,13],[-73,81],[13,23],[-1,81],[-14,39],[-3,106]],[[21593,95207],[-7,26],[4,97],[-6,54],[-61,87],[-85,73],[-34,56],[-57,52],[-22,76],[-103,55],[-12,19],[-70,38],[-108,43],[-48,34],[-45,8],[-75,-5],[-66,65],[-48,78],[-71,52],[-38,44],[-32,117],[-109,66],[-24,46],[-42,41],[-56,29],[-18,29],[-9,60],[-62,64],[-38,95],[-23,37],[-52,40],[-74,37],[-66,53],[-31,92],[-11,74],[8,44],[50,66],[46,8],[122,-55],[75,-28],[36,-26],[65,-67],[46,-115],[45,-74],[75,-50],[79,-28],[37,32],[56,9],[50,-7],[81,19],[82,43],[67,-4],[41,15],[123,-16],[69,9],[39,33],[32,1],[19,-39],[44,6],[77,-32],[67,5],[45,33],[60,-45],[34,-9],[60,-49],[33,-80],[-7,-48],[61,-85],[62,-112],[37,-25],[2,-24],[81,0],[14,-74],[44,-6],[26,-54],[71,60],[1,34],[26,29],[59,22],[25,-7],[96,53],[36,-24],[90,-10],[73,5],[25,13],[38,-18],[-5,-29],[39,-14],[108,-15],[25,19],[-26,52],[-44,20],[8,56],[23,66],[0,43],[22,16],[37,-12],[28,-31],[15,-46],[64,-46],[63,-76],[0,-58],[53,-54],[40,21],[0,-42],[18,-29],[59,-14],[31,-21],[28,23],[-1,35],[39,11],[77,-35],[38,17],[-9,43],[60,78],[-52,54],[-16,36],[-31,16],[54,57],[36,-4],[49,15],[77,-42],[56,-12],[55,31],[8,34],[60,-21],[24,-43],[54,18],[17,-17],[101,-11],[-48,-155],[-14,-17],[5,-78],[15,-38],[55,-58],[59,6],[28,-18],[107,2],[89,-63],[44,-63],[21,-2],[-3,-119],[-21,-50],[98,-46],[14,-39],[25,-8],[34,-54],[45,-36],[59,-3],[56,53],[32,63],[10,54],[27,-3],[45,30],[33,41],[42,29],[43,73],[62,-12],[47,-34],[16,-48],[89,-65],[28,50],[10,46],[-24,142],[10,22],[-21,83],[-69,63],[41,40],[-87,107],[2,92],[59,32],[26,63],[-31,44],[-12,72],[40,22],[-10,26],[47,23],[27,-10],[80,-5],[25,17],[50,-4],[27,26],[44,-16],[44,13],[51,-27],[19,-36],[61,2],[-17,41],[36,29],[14,75],[-39,7],[32,79],[76,47],[26,40],[50,-28],[41,32],[11,38],[-31,21],[72,44],[116,-9],[31,-28],[56,-1],[9,-36],[56,-40],[91,18],[23,-26],[76,-9],[80,-38],[44,12],[9,-37],[111,-45],[35,21],[45,4],[-10,74],[25,-6],[86,42],[-26,35],[39,36],[40,-19],[88,17],[42,49],[105,-121],[15,-36],[35,-19],[15,133],[55,14],[32,-17],[36,9],[-9,34],[57,12],[35,-34],[43,20],[6,53],[29,101],[41,-10],[51,22],[-28,36],[86,26],[38,-28],[48,27],[54,1],[54,20],[64,-50],[56,52],[43,-41],[69,20],[99,127],[25,55],[-31,8],[-16,41],[23,16],[-10,94],[16,51],[65,14],[57,67],[33,8],[48,-32],[15,20],[72,-23],[47,10],[51,-20],[35,25],[72,80],[42,-3],[22,52],[-77,60],[-31,4],[-16,28],[14,48],[139,9],[36,-17],[75,-9],[44,-21],[35,9],[55,-54],[28,-3],[15,-35],[49,60],[69,33],[46,1],[69,17],[126,-11],[35,62],[40,6],[23,48],[-7,50],[41,-6],[-9,51],[24,41],[-17,45],[-30,19],[6,34],[70,23],[22,52],[-8,40],[30,41],[59,-2],[52,-28],[52,63],[27,-2],[32,55],[102,30],[25,-9],[36,43],[27,5],[16,66],[56,28],[55,78],[32,22],[14,89],[57,12],[6,39],[40,51],[40,8],[17,73],[-21,37],[-17,71],[-61,69],[-21,56],[-31,21],[7,129],[-44,59],[2,55],[-92,101],[-57,-5],[-24,13],[11,47],[33,-2],[29,26],[108,7],[66,-36],[79,7],[37,-47],[76,-8],[14,22],[49,14],[45,-12],[123,-3],[8,-40],[30,-6],[36,32],[2,30],[88,40],[34,-40],[52,2],[77,16],[21,41],[80,22],[16,42],[43,3],[26,28],[54,24],[25,-13],[23,-41],[-5,-29],[59,-28],[35,17],[43,41],[12,-55],[66,-81],[29,-133],[69,-16],[17,-32],[82,-69],[73,-18],[-26,-65],[30,-25],[-19,-63],[36,-92],[-13,-66],[6,-71],[-30,-58],[-15,-138],[-11,-49],[-25,-28],[-22,-103],[31,-25],[-3,-88],[-33,-54],[32,-41],[-114,-133],[0,-68],[11,-32],[-41,-27],[-83,-6],[-20,-23],[12,-51],[-23,-30],[-47,17],[6,-60],[-13,-76],[22,-14],[121,-2],[-10,41],[41,15],[42,-15],[23,-51],[111,-13],[36,16],[28,-32],[48,5],[36,34],[83,-31],[29,-26],[114,-6],[-11,-40],[23,-16],[102,-6],[24,10],[97,-27],[30,-41],[35,2],[47,-43],[-2,-17],[66,-46],[44,-78],[-34,-33],[-33,-53],[-34,-31],[-18,-57],[31,-38],[-52,-77],[12,-20],[17,-103],[36,-48],[26,-9],[47,-34],[109,-4],[46,-29],[-77,-157],[26,-7],[58,-69],[37,-18],[16,-82],[35,-6],[21,-70],[52,27],[56,-29],[25,-58],[-45,-46],[-75,-29],[-1,-59],[-64,-22],[3,-60],[37,-71],[-38,-63],[-2,-28],[-49,-5],[-57,-26],[-62,-11],[-20,-52],[28,-67],[-9,-77],[-86,-37],[-37,-59],[-50,-14],[-27,-24],[-32,-68],[-57,-23],[-65,6],[-49,-35],[-28,-4],[-19,-79],[-30,-27]],[[31902,95721],[-33,1],[-48,55],[-42,-20],[-26,-44],[-22,-3],[-36,30],[-33,-37],[-66,-16],[-70,-40],[-17,-25],[-37,-2],[-72,-87],[-87,-45],[-46,-40],[-40,3],[-47,-45],[-22,-72],[-26,-27],[-108,-35],[-126,-20],[-61,-47],[-12,67],[15,56],[39,17],[7,38],[32,27],[-9,37],[-31,28],[-56,140],[-34,34],[-83,4],[-23,48],[-69,32],[-52,11],[-44,-14],[-9,25],[-44,36],[-25,-10],[-18,-46],[-89,-75],[-22,-74],[-35,-18],[16,-43],[-12,-54],[-63,-4],[-1,-23],[-56,-34],[-8,-22],[16,-40],[-5,-77],[-58,62],[-67,22],[-30,44],[-71,46],[-68,12],[-47,48],[-61,1],[-46,-11],[-30,-28],[-76,-4],[-41,-17],[-34,11],[-57,-10],[-47,-40],[-50,38],[-42,1],[-95,-52],[-33,-33],[-44,-24],[-96,5],[-82,-19],[-101,-4],[-43,36],[-52,6],[-30,-10],[-75,0],[-54,-36],[-60,-93],[-97,-81],[-17,-31],[-78,-10],[-72,27],[-63,-40],[-130,-12],[-36,-26],[-50,-12],[-24,-48],[-29,-19],[-76,12],[-112,-7],[-39,47],[-31,66],[-94,-71],[-56,-25],[-53,35],[-15,-34],[-97,-8],[-36,18],[-58,5],[-59,-21],[-43,-81],[-6,-54],[-20,-17],[-83,45],[-15,22],[-93,-9],[-56,-97],[-31,25],[-112,-35],[-75,35],[-31,-1],[-26,-31],[-127,-50],[-138,-123],[-34,-8],[-35,-57],[-43,-6],[-39,-59],[-44,7],[-49,27],[-53,-18],[-29,21],[-67,0],[-58,-40],[-84,-39],[-51,-5],[-37,19],[-6,68],[-21,67],[-43,41],[-62,8],[-57,21],[-80,41],[-29,-11],[-95,13],[-67,30],[-38,-30],[-91,-46],[-111,44],[-59,3],[-76,-12],[-41,26],[-26,-5],[-42,44],[-64,21],[-32,26],[-58,21],[-42,35],[-61,7],[-44,19],[-32,56],[-60,3],[-23,18],[-4,40],[-32,29],[-14,40],[-64,59],[-116,54],[-32,54],[-31,1],[-37,40],[-21,44],[-55,59],[-5,43],[22,23],[-3,40],[30,103],[-7,43],[-65,49],[-12,76],[-31,20],[-121,-9],[-54,18],[-11,-16],[12,-83],[-17,-53],[14,-43],[-69,-77],[-42,-18],[-59,33],[10,54],[-25,37],[-33,-28],[-68,1],[-62,28],[-70,48],[-22,38],[-72,8],[-56,48],[-82,-18],[-71,63],[7,53],[-58,26],[-40,-7],[-54,11],[-41,-45],[-63,-29],[-33,3],[-51,-48],[-12,-47],[5,-51],[-38,-115],[-16,-74],[5,-39],[-63,-27],[-7,-24],[-75,-27],[-21,-47],[-24,-10],[-45,-118],[-11,-48],[-59,-50],[-34,-43],[-32,2],[-69,51],[-66,12],[-28,-34],[-76,-5],[-42,43],[-61,18],[-73,51],[-45,2],[-38,-18],[-80,-9],[-105,36]],[[31902,95721],[71,-26],[12,-58],[43,-17],[39,-38],[5,-40],[-52,-20],[-10,-71],[-26,-31],[-3,-46],[31,-4],[21,-31],[38,-141],[-45,4],[-23,-21],[16,-36],[-34,-67],[-19,-6],[-20,-70],[-32,-6],[-19,-43],[17,-77],[-31,-33],[-47,-11],[-10,-62],[31,-79],[-31,-26],[-15,-37],[26,-50],[-50,-8],[-29,-60],[-34,-30],[16,-48],[-19,-69],[-2,-42],[32,-21],[-38,-102],[10,-29],[-53,-55],[-6,-52],[21,-33],[-27,-38],[17,-22],[-20,-86],[12,-91],[-14,-44],[15,-106],[-10,-25],[16,-141],[31,-26],[-5,-72],[43,-78],[-28,-38],[66,-19],[36,-46],[-20,-32],[50,-70],[-2,-49],[55,-64],[8,-71],[-14,-43],[13,-62],[-31,-62],[49,-81],[49,-14],[76,-72],[32,-6],[46,-34],[43,-50],[36,25],[63,-3],[52,-37],[-11,-28],[20,-75],[-22,-29],[12,-51],[-31,-70],[1,-80],[24,-20],[18,-59],[-2,-43],[-29,-19],[-12,-68],[30,-88],[-11,-75]],[[32307,91767],[-1007,-24],[-22,-106],[-104,-128],[-21,-8],[-22,-57],[-62,-46],[-55,-74],[-52,-27],[-71,-101],[-60,-33],[-41,-45],[-32,-54],[-38,21],[-74,-12],[-66,-30],[-49,-7],[-12,-48],[-74,22],[-35,-30],[-65,8],[-8,31],[51,72],[-5,22],[-68,73],[-10,51],[2,59],[-30,44],[-117,45],[-40,69],[-29,-6],[-96,14],[-77,-14],[-25,21],[-26,75],[-2,56],[28,51],[13,56],[-110,-3],[-100,-43],[-101,0],[-60,-14],[-67,10],[-28,-46],[-38,-6],[-54,-49],[-48,29],[-55,59],[-5,46],[-25,21],[-32,69],[-20,68],[26,95],[58,116],[137,130],[44,54],[-39,55],[-70,29],[-27,25],[-138,94],[-52,-25],[-84,-23],[-209,-72],[-73,61],[-60,-2],[-58,-30],[-69,24],[-69,-17],[-28,-18],[-92,30],[-55,36],[-113,56],[-129,19],[-59,26],[-61,102],[-29,83],[-65,13],[-43,-10],[-101,-61],[-37,-12],[-87,-78],[-23,-49],[-34,-32],[-80,-26],[-155,-1],[-101,-29],[-115,-64],[-111,-44],[-72,-13],[-58,-31],[-193,-186],[-44,95],[-71,66],[-55,-25],[-99,-15],[-29,-15],[-130,-34],[-44,-1],[-37,-35],[-43,-14],[-138,-112],[-79,-55],[-14,-20],[-114,4],[-18,-10],[-70,22],[-28,-33],[-49,1],[-5,47],[-24,13],[-60,62],[-32,65],[-8,46],[14,35],[-50,69],[-131,20],[-117,-15],[-67,-2],[-39,12],[-62,-1],[-70,20],[-30,18],[-27,52],[-76,47],[-84,67],[-41,-17],[-57,31],[-15,35],[-46,42],[-124,-14],[-55,13],[-11,52],[8,90],[-47,141],[3,100],[-7,20],[-55,55],[24,74],[79,92],[13,58],[42,55],[51,2],[47,41],[32,3],[80,42],[31,34],[-5,37],[18,54],[-11,20],[-63,4],[-45,25],[-22,42],[-63,17],[-69,4],[-53,-16],[-35,12],[-59,-35],[-57,12],[-47,-8],[-25,18],[-41,-4],[-83,21],[-35,30],[-67,-21],[-36,15],[-73,-25],[-72,-75],[-30,-10],[-95,-5],[-40,-22],[-2,-26],[-52,9],[-38,22],[-93,16],[-24,-8],[-40,-75],[-2,-69],[-11,-29],[9,-108],[-31,-18],[13,-107],[-52,-75],[-57,-28],[-46,22],[-95,13],[-35,-9],[-62,5],[-84,-47],[-201,-100],[-432,-224],[-48,-9]],[[22170,92641],[-25,-7],[-30,32],[-47,-31],[-45,68],[-42,7],[-8,26],[28,53],[2,114],[42,18],[33,62],[3,42],[42,43],[16,59],[-18,26],[13,41],[-40,33],[-2,25],[46,22],[-10,33],[-31,19],[6,84],[-34,16],[-12,43],[5,51],[-70,37],[-44,47],[-24,73],[-12,134],[-101,66],[-34,50],[-15,60],[-75,68],[-51,82],[-43,27],[-85,77],[-3,53],[20,28],[31,81],[5,43],[-16,86],[-2,58],[-65,142],[-8,75],[9,135],[-49,61],[7,43],[27,39],[86,90],[43,32]],[[23633,92047],[-43,43],[-32,50],[9,64],[-18,90],[-53,118],[5,54],[63,75],[-4,48],[-27,24],[-94,13],[-128,-21],[-115,-31],[-153,-49],[-100,-41],[-78,-18],[-148,-9],[-71,9],[-162,50],[-48,26],[-225,68],[-41,31]],[[32307,91767],[2,-40],[-20,-31],[9,-42],[-39,-82],[-9,-59],[30,-55],[-15,-36],[19,-32],[61,-5],[67,13],[44,-34],[20,27],[36,-25],[-18,-45],[-48,-41],[-22,-73],[-3,-57],[57,-3],[30,-29],[52,-6],[6,-31],[30,-32],[120,55],[20,-26],[59,-21],[19,-64],[30,-26],[6,-31],[43,14],[-3,-72],[30,-47],[42,-22],[41,5],[26,-64],[25,-19],[-8,-51],[44,-36]],[[33090,90644],[-83,-17],[-79,114],[-32,12],[-61,-17],[-42,18],[-132,25],[-48,30],[-44,8],[-41,-43],[-74,23],[-69,-34],[-37,8],[-97,-7],[-25,-50],[23,-23],[-2,-36],[-56,-13],[-14,-63],[-40,-25],[26,-39],[-30,-48],[-1,-100],[61,-48],[2,-31],[31,-45],[19,-90],[-43,-71],[-1,-39],[23,-13],[-10,-88],[18,-20],[-14,-28],[-36,0],[-11,-27],[-44,2],[-38,-112],[-48,-67],[-34,61],[-34,-37],[-102,-23],[-66,-29],[-31,-99],[-17,-10],[-34,-34],[-63,5],[-158,-66],[-98,3],[-198,62],[-55,1],[-35,-22],[-34,16],[-78,-18],[-43,51],[-57,-25],[-82,14],[-56,-22],[-150,-128],[2,-26],[-39,-35],[-6,-37],[-52,-30],[-15,-39],[-2,-72],[-48,6],[-62,-140],[-53,-18],[-83,-92],[-38,-4],[-36,17],[-42,-63],[-61,-6],[-45,-27],[-47,74],[14,63],[-8,34],[-78,1],[-30,12],[-12,45],[-40,47],[-21,2],[-45,71],[15,62],[-11,85],[-47,27],[-31,70],[-80,68],[-49,-33],[2,-23],[-42,-91],[-46,-5],[-42,40],[-53,8],[-27,-23],[-63,42],[-3,-42],[-42,7],[5,-49],[-25,-20],[7,-37],[-41,-22],[-7,-73],[-32,15],[-17,-46],[-41,-19],[-9,-37],[-40,-84],[-29,19],[-22,-40],[-24,51],[-34,12],[-57,-9],[-22,62],[-30,42],[-34,2],[-40,-75],[-90,14],[-70,40],[-66,-41],[-48,-67],[-20,-73],[-35,-38],[-77,-108],[-9,-72],[-55,-145],[-107,-162],[-62,-46],[-75,-71],[-25,-35],[-51,-98],[-56,-70],[-8,-59],[-32,-118],[-33,-45],[-78,-68],[-61,-140],[-43,-195],[-61,-131],[-11,-111],[-13,-60],[-12,-194],[23,-179],[-7,-100],[-17,-60],[-47,-93],[-5,-41],[-24,-57],[18,-67],[44,-67],[2,-39],[-34,-85],[-6,-71],[-19,-88],[-35,-116],[-7,-67],[22,-117],[-36,-118],[6,-65],[36,-65],[60,-67],[13,-73],[-41,-90],[-13,-56],[5,-34],[29,-60],[6,-116],[-58,-145],[-44,-80],[-26,-76],[25,-131],[22,-47],[7,-52],[-16,-68],[-46,-53],[-16,-45],[-1,-48],[34,-90],[-8,-50],[-31,-94],[-3,-33],[76,-145],[-6,-61],[-29,-46],[-13,-49],[7,-53],[37,-66],[46,-133],[16,-125],[-31,-61],[-41,-109],[9,-66],[38,-82],[34,-31]],[[33090,90644],[34,14],[10,-50],[38,-41],[14,-37],[79,32],[44,-84],[-7,-60],[54,12],[66,-116],[8,-33],[46,-46],[40,-2],[24,-24],[93,-5],[25,-36],[38,-2],[36,-30],[34,14],[32,-24],[37,15],[78,-46],[75,-12],[42,18],[18,-18],[46,9],[30,-57],[37,21],[113,13],[1,-81],[47,-13],[29,-49],[-42,-24],[23,-59]],[[40069,10639],[101,37],[58,14],[45,-16],[16,-42],[30,1],[55,16],[58,-13],[-10,51],[30,22],[31,-28],[24,31],[97,-8],[34,20],[59,-13],[7,-38],[38,-29],[80,-15],[96,41],[29,33],[94,-23],[60,-24],[73,44],[78,0],[25,39],[63,19],[4,76],[-13,61],[24,29],[45,-10],[33,-30],[24,-75],[59,-31],[36,36],[-1,58],[49,31],[10,57],[43,-9],[67,-85],[40,-14],[51,-52],[41,26],[53,-5],[-17,-47],[22,-38],[40,-29],[52,-57],[33,28],[8,36],[42,4],[17,23],[-18,52],[55,9],[4,43],[55,7],[22,35],[27,-31],[28,10],[75,70],[14,58],[50,20],[33,-15],[20,18],[12,88],[72,48],[42,10],[35,-12],[20,50],[43,17],[91,7],[33,-10],[39,-1],[6,-40]],[[42860,11174],[34,-31],[23,-72],[26,-35],[9,-128],[-38,12],[-52,-21],[-7,-69],[-43,-40],[1,-27],[116,29],[-24,-70],[62,-16],[16,-54],[51,-41],[44,-98],[52,-75],[4,-53],[-25,0],[-23,-45],[-27,-15],[-23,-149],[48,-13],[62,-55],[37,28],[34,2],[37,33],[67,-7],[23,-37],[43,-2],[-1,-38],[36,-36],[10,-77],[103,3],[29,-8],[6,-132],[12,-42],[20,-79],[-27,-51],[-53,-16],[19,-63],[-16,-41],[-49,-29],[-14,-45],[-32,-40],[-75,-35],[-9,-51],[-23,-58],[0,-38],[-48,-73],[-4,-56],[-92,-105]],[[43179,9015],[-150,15],[-60,-35],[-65,-12],[-57,35],[-31,-17],[-34,-48],[5,-38],[-16,-55],[-67,-53],[-78,33],[-65,14],[-117,101],[-34,-42],[57,-73],[-33,-59],[23,-23],[-34,-50],[60,-25],[-33,-31],[-35,-3],[-95,-17],[-51,4],[-50,155],[-95,-3],[-69,66],[-42,20],[-19,42],[-7,74],[6,48],[-54,-41],[-58,-16],[-86,1],[-40,-12],[-22,24],[-48,10],[-51,77],[-80,-73],[-54,-13],[-28,10],[-62,62],[-66,-77],[-103,-16],[-104,-57],[-64,-2],[-21,-13],[-59,2],[-21,15],[-44,-12],[-57,3],[-58,-22],[-12,-30],[-56,-13],[-34,-22],[-39,7],[-25,-29],[-73,61],[-32,-28],[-80,-7],[-29,-26],[-23,-62],[-54,-14],[-16,-33]],[[40340,8692],[-72,-6],[-79,77],[-62,26],[-31,-9],[-23,27],[6,68],[-38,10],[-15,44],[-35,18],[-109,24],[-32,-8],[-31,-59],[-25,40],[-34,8],[-52,-19],[-43,8],[-32,29],[-60,-4],[-23,-36],[-73,0],[-8,38],[-54,-73],[-40,2],[19,-53],[-17,-23],[-32,7],[-32,-77],[-46,-61],[-3,-27],[28,-61],[-27,-42],[-56,-37],[-16,-55],[-95,-12],[-44,16],[-24,-27],[-25,15],[-29,57],[-102,-51],[-24,34],[-28,-23],[-35,-61],[-55,32],[-18,41],[-47,-4],[-20,24],[-59,-8],[-23,-49],[-47,7],[-59,33],[-34,34],[20,89],[-7,29],[-108,53],[-70,1],[16,31],[106,0],[79,34],[138,102],[43,43],[31,86],[33,50],[51,53],[50,34],[58,23],[37,45],[18,48],[10,87],[-14,104],[2,38],[69,122],[109,109],[32,22],[83,-6],[104,23],[37,22],[157,160],[161,254],[74,80],[63,86],[65,55],[120,80],[73,105],[4,51]],[[40069,10639],[-4,23],[24,82],[29,17],[76,6],[28,19],[105,210],[15,47],[-12,82],[34,86],[67,94],[19,68],[34,35],[76,-2],[65,59],[26,11],[149,21],[33,27],[33,131],[-34,35],[9,67],[32,44],[53,32],[67,22],[28,34],[55,84],[5,78],[-11,115],[14,41],[64,49],[147,12],[58,63],[38,86],[49,70],[71,64],[59,69],[73,41],[51,38],[10,46],[-56,116],[20,69],[68,36],[74,6],[68,32],[66,6],[10,39],[-43,120],[3,50],[48,90],[61,15],[62,-22],[124,-8],[44,-19],[27,-37],[27,-85],[39,-3],[13,25]],[[42359,13175],[51,45],[65,81],[54,-14],[35,23],[7,32],[42,25],[9,-34],[46,-54],[19,-36],[48,-12],[14,-21],[-37,-31],[3,-83],[-12,-24],[-48,-9],[-35,-20],[-47,-49],[-72,0],[-23,-20],[-94,-6],[-37,-83],[-67,-48],[-12,-58],[-81,-30],[39,-34],[45,-60],[72,-11],[-43,-65],[43,-7],[51,-39],[72,7],[28,-39],[25,17],[50,-30],[38,25],[55,-68]],[[42662,12445],[30,-8],[3,-49],[30,10],[27,-46],[10,-51],[39,-41],[12,-42],[28,-35],[36,-1],[35,-37],[10,-93],[31,1],[36,-39],[39,15],[23,-15],[-18,-52],[6,-49],[66,-56],[45,3],[3,-30],[11,-26],[36,-10],[10,-58],[30,-47],[-5,-35],[42,-60],[-24,-22],[-2,-82],[-24,-38],[34,-41],[3,-53],[-21,-70],[-46,-81],[-26,-5]],[[43171,11202],[-8,-28],[-43,-19],[-15,39],[-39,2],[-31,-75],[-51,42],[16,31],[-140,-20]],[[43179,9015],[59,-27],[15,23],[39,-3],[59,17],[42,-19],[50,15],[22,86],[31,3],[43,-27],[27,33],[31,-13],[27,27],[10,-61],[20,-27],[7,-55],[29,-49],[-12,-27],[19,-44],[123,30],[29,57],[48,49],[51,11],[42,41],[61,-41],[32,-39],[21,11],[124,-33],[55,34],[30,36],[9,69],[27,31],[14,55],[51,-31],[55,1]],[[44469,9148],[6,-65],[63,-103],[31,-29],[50,5],[10,-24],[-39,-59],[-39,-35],[-7,-51],[-52,-64],[2,-33],[33,-28],[-15,-56],[-33,-61],[-61,-52],[-31,-2],[-17,35],[-156,20],[-50,12],[-51,-10],[18,-59],[55,-49],[17,-40],[25,22],[20,-41],[50,-32],[0,-60],[19,-79],[55,-25],[11,-61],[65,-55],[6,-42],[-21,-52],[-37,-10],[-21,-32],[27,-31],[1,-71],[26,-36],[-4,-64]],[[44425,7731],[3,-43],[-55,-55],[-12,-31],[-38,-30],[-11,-78],[-49,-19],[-19,-29],[-78,-53],[-164,40],[-42,-25],[-59,-12],[-80,24],[-41,-93],[7,-51],[-25,-28],[18,-82],[-11,-33],[15,-33],[-39,-80],[-63,-23],[-3,-16],[-58,-29],[-7,-49],[-21,-7],[-41,-68],[-11,-56],[59,-57],[39,-196],[18,-27],[-8,-51],[57,-99],[-25,-127],[94,-182]],[[43775,6033],[-15,-60],[-65,-59],[-73,60],[-91,35],[-37,53],[-30,16],[-104,14],[-28,18],[-8,114],[-27,28],[-42,1],[23,52],[-36,18],[-2,50],[-57,-2],[-46,31],[23,112],[-68,51],[22,61],[-29,9],[-27,43],[-66,7],[-64,35],[23,58],[-65,74],[-45,-7],[-55,71],[-13,57],[-75,28],[-37,53],[-8,58],[-49,10],[-33,-22],[-32,19],[-34,-12],[-54,-59],[44,-101],[-43,-58],[-7,-47],[-118,-9],[-24,-59],[-24,-10],[-44,-61],[-30,-19],[-56,1],[-46,-67],[-54,-4],[-33,-66],[-42,-14],[-17,27],[-56,-26],[-9,-24],[-103,32],[-29,-29],[-37,8],[-19,82],[2,95],[14,78],[-1,97],[11,42],[-11,27],[7,47],[35,64],[-8,48],[-21,16],[-18,82],[-24,52],[-33,24],[-47,3],[-7,55],[-22,17],[-29,-29],[-42,61],[-44,-13],[1,42],[-46,37],[-5,63],[-31,40],[2,59],[-31,19],[18,34],[-34,35],[-66,-8],[-34,50],[20,22],[-76,20],[6,22],[-43,18],[-22,55],[-84,5],[-13,44],[-35,43],[-35,-21],[-78,79],[14,57],[-37,41],[-48,-3],[-30,24],[17,25],[-37,68],[-64,-31],[-28,35],[-3,36],[-30,23],[-53,1],[-9,46],[28,15],[-9,49],[-33,-13],[-57,72],[-59,-26],[11,44],[-16,51],[-61,68],[-36,82]],[[42359,13175],[10,85],[37,103],[-23,47],[-53,32],[-54,53],[-82,28],[-19,18],[-11,48],[62,41],[113,31],[85,91],[60,27],[18,102],[28,49],[49,-14],[-2,-65],[62,-45],[19,21],[3,56],[19,38],[55,16],[20,65],[27,31],[52,-46],[41,-9],[17,29],[49,78],[87,52],[16,40],[-39,88],[23,23],[63,7],[12,16]],[[43103,14311],[47,-18],[12,-50],[32,-1],[8,31],[80,-25],[24,-30],[56,3],[-1,-46],[60,27],[-4,-57],[42,-52],[40,23],[10,-94],[46,57],[54,-12],[-24,-31],[-7,-44],[30,-7],[-6,-50],[34,-25],[46,38],[36,-15],[-33,-44],[23,-30],[24,28],[27,-21],[-30,-64],[44,-14],[31,23],[0,48],[43,-31],[37,-4],[4,-64],[57,11],[24,-48],[39,24],[-15,26],[57,36],[34,-60],[40,8],[7,67],[63,-34],[67,-3],[25,10],[63,-42],[18,-45],[14,-17],[48,20],[20,-64],[65,11],[28,44],[1,35],[48,-15]],[[44591,13724],[44,-51],[16,23],[71,-56],[47,-18],[-40,-42],[-18,-101],[22,0],[39,42],[16,-57],[-24,-20],[34,-70],[2,-46],[-21,-11],[-5,-23],[35,-47],[1,-31],[-80,-19],[11,-106],[-36,-70],[-57,20],[-43,36],[-38,10],[-38,29],[-7,-58],[11,-64],[-7,-42],[-29,-74],[5,-52],[-37,-44],[-62,-26],[-13,-35],[27,-62],[46,15],[51,-38],[-24,-108],[21,-21],[23,-57],[-7,-19]],[[44527,12431],[-10,-58],[-43,-81],[-31,-38],[-7,-39],[-50,-29],[-27,-93],[-45,-53],[-46,-8],[-54,19],[-6,26],[-55,60],[-72,10],[-43,28],[-42,-19],[-60,20],[-22,22],[-77,77],[-24,-48],[-102,75],[-90,33],[-36,32],[-44,-13],[-58,9],[-3,-25],[-43,-27],[-16,15],[0,73],[-46,38],[-31,41],[10,49],[-66,-18],[-78,45],[-34,-15],[-18,34],[-30,-24],[-38,15],[-59,-14],[-42,37],[-65,1],[-31,-57],[-47,24],[-67,-20],[14,-42],[-26,-25],[-56,18],[-49,-41]],[[44527,12431],[30,-22],[10,-39],[75,-32],[12,-66],[45,-12],[-11,-53],[36,-18],[2,-60],[103,-58],[8,-72],[-9,-31],[74,-26],[26,-106],[-23,-111],[15,-65],[29,-35],[-9,-44],[37,-30]],[[44977,11551],[10,-23],[60,-31],[42,-115],[-6,-32],[28,-26],[16,-41],[48,-31]],[[45175,11252],[-63,-35],[9,-35],[-82,-95],[-19,-60],[32,-38],[-91,-67],[-72,-21],[-23,24],[-77,19],[-31,-13],[-60,-70],[6,-38],[-59,24],[-27,53],[7,38],[-38,1],[-45,-30],[-44,-2],[1,-173],[-42,14],[-71,-19],[-24,11],[-18,-46],[23,-85],[-4,-43],[-57,-35],[-21,-31],[-45,-14],[-54,-32],[-33,71],[-3,85],[-35,57],[0,61],[-56,79],[-15,54],[-26,5],[-41,48],[-57,17],[-34,89],[-20,2],[-48,53],[-26,-1],[-20,45],[-44,36],[-43,4],[-33,34],[-23,-18],[-38,6],[-7,34],[-31,4],[-49,8],[-16,-24],[-39,-9],[-53,6],[-8,40],[-53,3],[-70,-43],[-58,-23],[-36,25]],[[45175,11252],[50,15],[18,47],[-17,47],[36,5],[39,39],[28,48],[102,-113],[105,-29],[65,-38],[-9,-33],[91,5],[96,-1],[25,-20],[16,-2],[37,52],[6,95],[16,11],[14,77],[47,-42],[58,-19],[1,-29],[49,-80],[4,-35],[40,-23],[0,-31],[30,-29],[28,65],[63,79],[18,45],[42,9],[141,-32],[43,-26],[93,63],[18,0],[36,61],[45,32],[15,35],[1,75],[46,77],[41,3],[57,97],[25,4],[38,56],[37,1],[4,-29],[49,3],[5,-40],[-25,-32],[22,-56],[27,-19],[1,-45],[32,-58],[45,-9],[38,-39],[20,15],[79,-65],[48,-29],[79,13],[35,-24],[89,0],[24,-39],[37,-2]],[[47518,11358],[13,-64],[-24,-52],[48,-13],[-15,-98],[86,-77],[-58,-42],[-19,-36],[34,-32],[4,-38],[-29,-23],[26,-41],[21,-59],[-36,-95],[-45,-52],[-32,10],[-27,-38],[43,-13],[19,4],[44,-44],[50,-13],[58,8],[100,-69],[85,-55],[6,-30],[36,0],[101,-62]],[[48007,10334],[-52,-15],[-10,-27],[-52,30],[-113,-2],[-1,-123],[-29,-10],[-8,-50],[-69,2],[-2,-95],[-35,1],[0,-59],[-20,-21],[7,-45],[-23,-27],[24,-38],[1,-33],[72,-29],[23,-17],[-3,-56],[15,-42],[81,-49],[22,-41],[-25,-108],[3,-67],[54,-15],[-12,-50],[11,-28],[-25,-29],[-39,6],[-87,-61],[-43,-73],[-40,-49],[-10,-32],[-44,-39],[-22,-46],[-49,-17],[-50,-48],[-34,-56]],[[47423,8876],[-32,-11],[-44,-38],[-3,-28],[-93,-85],[-11,-22],[-51,4],[-12,-47],[-97,-78],[-34,-85],[41,-13],[-8,-68],[-35,-37],[-39,-90],[-56,-58],[-49,50],[7,50],[-140,-37],[-43,-41],[-29,-78],[-17,-16],[-77,25],[-43,68],[-10,-61],[8,-42],[-12,-32],[17,-77],[-71,-83],[-44,-15],[-44,5],[-61,-22],[-63,107],[27,44],[12,57],[98,120],[73,22],[2,43],[23,30],[-16,85],[-74,-13],[-16,61],[52,57],[-3,58],[-56,2],[-32,20],[-65,9],[-16,17],[-63,11],[-44,23],[-30,-18],[-60,56],[-42,2],[-22,28],[-20,67],[33,34],[15,88],[76,85],[13,98],[26,14],[53,86],[6,31],[-48,27],[-33,1],[-92,-20],[-47,14],[-57,-1],[-17,36],[-53,44],[10,37],[-23,52],[-65,23],[-73,-45],[-41,15],[-67,-23],[-80,8],[-58,30],[-56,53],[-19,-36],[-89,-66],[-26,19],[-36,-4],[-46,-20],[-32,5],[-85,-37],[-136,-26],[-15,45],[-48,19],[-24,-18],[-87,-38],[-50,-9],[-50,-39],[-110,-125],[-31,-23],[-42,-8],[-33,20]],[[43103,14311],[27,94],[45,10],[56,-25],[49,32],[45,92],[78,75],[58,-14],[31,-49],[46,-39],[22,32],[-7,62],[42,34],[42,11],[75,-26]],[[43712,14600],[7,-176],[69,-6],[27,40],[60,0],[33,-69],[43,16],[-1,-44],[38,-10],[28,-43],[-3,-43],[52,-9],[43,-51],[67,-32],[58,-61],[37,-16],[26,24],[42,5],[3,-50],[40,8],[1,129],[43,-8],[0,-7],[214,5],[-1,190],[46,-21],[2,-176],[21,0],[1,-199]],[[44708,13996],[-90,0],[-29,-10],[-48,59],[-72,16],[4,-232],[118,-105]],[[44425,7731],[52,7],[22,-79],[30,-53],[4,-49],[-40,-34],[28,-25],[-30,-36],[-20,10],[-28,-44],[-3,-57],[19,-36],[49,19],[27,-46],[26,9],[66,-51],[37,19],[67,-68],[46,-19],[-2,-22],[43,-59],[-1,-35],[50,-7],[26,-34],[126,5],[22,-36],[137,-7],[40,-33],[82,-28],[64,-37],[69,-7],[19,16],[33,-30],[65,-14],[22,-25],[34,-3],[52,-49],[44,-6],[64,53],[55,-11],[47,7],[109,-68],[31,22],[67,-3],[18,25],[20,78],[27,8],[34,-22],[18,36],[-2,34],[45,3],[110,31],[40,-15],[74,73],[45,25],[17,-16],[132,83],[32,5],[10,-71],[57,16],[38,-12],[16,-87],[-15,-40],[24,-15],[35,42],[23,-34],[11,-51],[38,11],[23,-19],[55,14],[12,-54],[55,15],[57,-22],[9,33],[45,-37],[3,-19],[65,-37],[56,20],[32,-43],[39,28],[55,-43],[27,9],[53,-25],[28,26],[25,-26],[24,47],[34,-44],[18,4],[70,-42]],[[47707,6679],[-38,-79],[-37,-26],[20,-49],[-24,-41],[-31,-11],[-37,-111],[-40,3],[-18,22],[-96,-59],[-13,-27],[-47,-6],[-36,-21],[17,-59],[-1,-108],[-42,-70],[2,-16],[-44,-60],[17,-35],[-18,-21],[6,-51],[33,-63],[35,-40],[45,-28],[46,-11],[34,10],[30,-44],[-23,-35],[-6,-51],[10,-64],[36,0],[43,-33],[60,-12],[46,-34],[17,-35],[-17,-28],[-105,-21],[-88,-94],[23,-61],[-60,-44],[-27,-126],[-24,-49],[3,-93],[29,-113],[27,-58],[54,-24],[40,-48],[-18,-50],[-31,-6],[-78,38],[-25,24],[-125,13],[-36,-17],[-31,23],[-61,-17],[-53,25],[-35,1],[-71,56],[-31,5],[-18,42],[-75,44],[-26,74],[-71,27],[-59,57],[-33,60],[-49,20],[-124,-13],[-22,-18],[-15,-36],[26,-21],[-13,-90],[-41,-11],[-20,-23],[-1,-65],[-76,-101],[-65,-20],[-25,-30],[-73,-17],[-37,-48],[0,-73],[-44,-37],[14,-90]],[[46066,4381],[-31,1],[-25,34],[20,45],[-109,36],[-22,28],[-30,1],[-83,-78],[-31,-8],[-22,46],[-75,46],[-4,27],[-36,28],[-624,543],[4,51],[-21,52],[-2,44],[-17,48],[-32,17],[-5,33],[-52,101],[-66,31],[-60,44],[-23,59],[-176,6],[-66,46],[-36,-9],[-42,32],[-62,-1],[-123,-26],[-20,-14],[-43,59],[-2,25],[-43,24],[-45,53],[-69,-22],[-13,77],[-37,1],[-3,72],[-44,18],[-15,61],[-34,28],[-1,30],[-62,-2],[-9,-35]],[[43712,14600],[44,-9],[13,56],[-30,32],[-90,58],[-7,28],[26,36],[47,8],[50,-59],[60,6],[19,45],[61,-13],[52,15],[18,52],[52,66],[2,68],[-5,155],[28,25],[69,-4],[21,17],[22,56],[24,106],[26,62],[47,-20],[7,-66],[19,-38],[47,1],[36,53],[40,-4],[80,-28],[31,28],[-18,87],[10,58],[42,-23],[24,-69],[25,-8],[40,43],[18,67],[28,55],[13,66],[39,-9],[48,-59],[19,-56],[23,-4],[30,46],[38,19],[40,-4]],[[44940,15541],[-5,-27],[22,-77],[38,-37],[20,7],[34,-33],[18,-39],[35,-17],[13,-92],[24,-73],[43,-52],[78,-41],[66,-16],[20,8],[-86,-48],[-84,8],[-46,-18],[-75,-10],[-6,-57],[27,-15],[98,-198],[-9,-65]],[[45165,14649],[-24,-112],[2,-94],[-66,-2],[-29,-15],[-51,-61],[-6,-28],[-48,-65],[23,-21],[16,-49],[-11,-43],[-37,-1],[-28,-73],[-60,-52],[8,-34],[-25,-2],[-12,-51],[-23,-6],[-35,8],[-51,48]],[[47423,8876],[-7,-84],[-46,-83],[-3,-32],[-47,-73],[32,-175],[118,-67],[27,0],[103,56],[6,62],[36,-38],[31,-3],[22,-72],[-7,-38],[14,-38],[-13,-51],[-48,-25],[2,-61],[-26,-12],[-5,-45],[57,-96],[-9,-13],[2,-91],[71,-35],[44,-72],[28,-65],[66,-84],[72,-30],[4,-35],[38,-25],[79,12],[20,-30]],[[48084,7533],[5,-64],[15,-48],[53,-51],[-21,-39],[25,-70],[-15,-55],[17,-43],[-23,-79],[-44,-6],[-36,-57],[-34,-28],[-11,-62]],[[48015,6931],[-16,-31],[15,-43],[-4,-85],[-23,-3],[-38,33],[-74,12],[-95,-65],[18,-26],[-16,-39],[-35,-21],[-40,16]],[[45165,14649],[66,17],[12,16],[-15,-91],[67,-40],[9,-48],[54,1],[17,-34],[44,-6],[64,-58],[62,-80],[56,-98],[41,-19],[12,-24]],[[45654,14185],[7,-16],[66,-27],[65,-44],[-15,-32],[28,-104],[-22,-12],[-91,-6],[-38,-28],[-37,0],[-48,-30],[11,-31],[49,-19],[45,-63],[0,-24],[32,-60],[18,-63],[6,-68],[-52,-75],[-31,-98],[-27,-44],[13,-36],[37,32],[50,-44],[-1,-49],[36,-83],[-117,-18],[5,-50],[16,-18],[-1,-62],[23,-14],[1,-161],[-51,-39],[-2,-84],[-52,-49],[-1,-32],[-29,-21],[-13,-40],[-67,27],[-32,-7],[-79,-61],[-19,27],[-54,5],[-32,-42],[40,-16],[-12,-67],[-23,-34],[-48,53],[-34,-5],[-25,35],[-52,-37],[7,-74],[16,-40],[6,-73],[57,-5],[14,-106],[-4,-154],[59,-78],[-1,-28]],[[45251,11893],[-26,2],[-30,-76],[13,-30],[-58,-81],[-58,-50],[-13,-27],[-41,-14],[-61,-66]],[[44940,15541],[65,22],[5,32],[-61,70],[31,25],[57,5],[31,34],[50,-25],[48,-88],[38,-38],[24,7],[14,42],[-13,66],[20,44],[52,-54],[23,-46],[22,-11]],[[45346,15626],[14,-28],[39,31],[0,-52],[58,-4],[-3,-79],[-47,3],[46,-15],[-3,-66],[22,-38],[25,17],[32,-51],[68,-3],[15,-36],[29,36],[71,0],[44,20],[45,5],[22,-23],[-24,-41],[-36,-39],[76,-70],[16,-84],[18,-6],[21,-31],[-19,-45],[17,-28],[-41,-34],[-11,-43],[-37,-31],[6,-12],[55,13],[0,-35],[71,-7],[17,-39],[45,-24]],[[45997,14787],[19,-18],[-10,-44],[19,-49],[-21,-32],[-60,-9],[-92,-65],[-5,-39],[-86,18],[-52,-22],[17,-40],[23,-4],[39,-44],[-18,-30],[21,-22],[63,-5],[4,-87],[-68,-80],[-27,15],[-41,-33],[-68,-12]],[[45251,11893],[83,8],[55,44],[74,-38],[32,13],[61,68],[48,-10],[36,7],[34,30],[76,-53],[113,-11],[132,25],[55,2],[-2,57],[120,143],[-17,16],[-144,36],[-24,46],[13,41],[-3,49],[47,21],[-1,30],[-32,50],[-9,77],[21,22],[0,44],[70,53],[12,37],[79,-6],[65,38],[-12,65],[42,10],[-3,50],[86,6],[59,127],[7,56],[-6,64],[46,22],[-1,-24],[78,-83],[63,-6],[98,-80],[14,4],[78,-37],[65,2],[50,-56],[46,26],[32,-82],[61,10],[44,33],[15,13],[-14,54],[28,27],[-22,62],[35,37],[31,70],[32,12],[-4,45],[47,71],[45,29],[-57,361],[21,-6],[58,19],[20,-12],[61,50],[29,70]],[[47417,13741],[43,59],[48,21],[28,-3]],[[47536,13818],[33,8],[36,36],[82,-95],[3,-51],[32,-8],[30,-58],[67,-62],[-17,-31],[22,-76],[13,-68],[-19,-41],[-60,-25],[-27,-36],[1,-71],[-18,-57],[26,-63],[-11,-21],[62,-15],[-7,-60],[125,-33],[35,-45],[40,-102],[32,-7],[24,-90],[141,23],[50,-11]],[[48231,12759],[23,-29],[-7,-46],[-31,-16],[7,-98],[-16,-2],[3,-100],[27,-18],[-3,-57],[-58,-30],[-5,-45],[-27,-6],[-38,35],[-52,-22],[-26,-26],[-27,10],[-22,-62],[-40,-26],[19,-36],[-13,-43],[-53,-104],[-37,17],[-28,-26],[-35,4],[22,60],[-45,-1],[-12,-35],[-71,15],[18,-48],[56,-5],[-23,-70],[46,-39],[17,-44],[-5,-53],[-46,17],[-11,-17],[61,-63],[52,31],[58,-34],[116,22],[100,3],[-36,-41],[19,-27],[44,-25],[4,-28],[54,8],[18,-18],[-18,-62],[-45,-13]],[[48165,11566],[9,-96],[-39,9],[-58,-57],[-3,-54],[-28,-13],[-16,-35],[-29,13],[-42,-22],[-24,-51],[-10,34],[-29,20],[-24,54],[-44,-20],[-32,11],[-24,32],[-47,-16],[-57,17],[-98,-26],[-38,12],[-14,-20]],[[45997,14787],[78,24],[53,-4],[51,-22],[61,46],[23,-8],[69,6],[89,23],[49,2],[-14,55],[1,49],[-21,29],[8,46],[48,60],[18,-4],[7,-2],[96,-31],[31,-39],[94,-52],[56,45],[55,26]],[[46849,15036],[-12,-65],[52,-94],[-9,-30],[42,-59],[31,-18],[6,-50],[32,-22],[-6,-47],[-30,-82],[-26,-41],[-32,-8],[-25,-40],[-84,-63],[-36,-48],[12,-90],[41,1],[67,-51],[0,-46],[-38,-51],[38,-2],[23,-40],[64,-23],[-28,-46],[41,-38],[0,-33],[29,-87],[36,61],[31,87],[43,25],[51,-4],[42,-20],[-13,-71],[32,-52],[61,3],[45,16],[6,-67],[39,-48],[36,-11],[7,-41]],[[45346,15626],[36,26],[6,92],[32,20],[44,1],[26,18],[21,130],[34,69],[-3,36],[14,68],[28,28],[35,-21],[2,-85],[94,-15],[71,14],[50,84],[61,24],[26,66],[2,58],[50,27],[63,1],[1,72],[36,36],[53,-54],[41,5],[20,33],[6,50],[21,30],[43,-18],[14,-50],[34,-43]],[[46307,16328],[31,-13],[22,7],[60,56],[39,-10],[27,-88],[22,-9],[48,27]],[[46556,16298],[23,-41],[37,-66],[108,-94],[-20,-97],[-31,-8],[0,-33],[48,-40],[-4,-26],[-50,-73],[35,-37],[-12,-46],[14,-39],[20,-55],[24,-19],[19,-57],[21,-16],[54,39],[50,23],[-17,-57],[-15,-112],[7,-42],[-21,-161],[22,-43]],[[46868,15198],[-35,-55],[19,-80],[-3,-27]],[[48015,6931],[24,-30],[23,16],[70,-16],[43,12],[46,-17],[38,29],[19,-19],[62,22],[58,20],[29,23],[31,-21],[131,42],[66,-2],[13,-18],[74,-9],[49,-39],[21,-95],[34,37],[58,-19],[27,29],[61,-9],[5,27],[69,2],[93,57],[24,-17],[54,53],[26,-49]],[[49263,6940],[45,22],[86,-7],[26,25],[36,-6],[51,32],[51,-54],[26,62],[55,0],[12,-103],[-74,-56],[50,-25],[19,-66],[28,5],[52,-27],[137,-30],[43,20],[10,-50],[-83,-57],[41,-20],[47,-67],[-27,-78],[41,-7],[37,-89],[69,-35],[53,26],[35,43],[-6,48],[44,31],[81,-17],[22,76],[28,24],[22,50],[48,22],[54,-18],[0,-42],[33,-29],[-25,-47],[31,-23],[40,2],[60,-63],[41,3],[-4,-41],[-37,-16],[-24,-30],[15,-36],[49,-8],[19,-141],[-67,-129]],[[50553,6014],[-47,-50],[-21,-42],[-28,14],[-32,44],[-22,-37],[-77,12],[-25,-41],[-62,-64],[-1,-48],[-42,-27],[-28,-73],[-21,-97],[-15,-118],[-17,-116],[9,-122],[-1,-54],[-16,-106],[-21,-74],[-55,23],[40,115],[-34,97],[31,53],[1,39],[-102,25],[-35,-35],[-22,-5],[6,-96],[36,-62],[54,25],[32,-43],[-50,-47],[15,-36],[-14,-27],[-57,-6],[-101,-35],[-86,-57],[-69,-71],[5,-92],[16,-25],[-21,-33],[4,-76],[-36,13],[-35,-27],[17,-70],[30,-42],[27,55],[74,-79],[101,-38],[52,-59],[-61,-22],[-7,58],[-89,-85],[-75,-21],[-34,-31],[10,-77],[-31,-82],[48,34],[52,-11],[13,-49],[-80,-26],[11,-34],[28,4],[87,65],[77,25],[38,25],[11,61],[-86,-38],[-57,-10],[-42,17],[12,77],[22,27],[97,-6],[34,7],[56,-39],[-1,-82],[59,-1],[10,-41],[-115,-14],[-61,-45],[-19,-65],[13,-48],[33,45],[74,38],[-13,-60],[11,-127],[33,-61],[-32,54],[-40,-10],[-106,-81],[-134,-140],[-37,-49],[-78,-124],[-44,-82],[-74,-159],[-62,-155],[-95,-287],[-21,-85],[-54,-255],[-36,-127],[-54,-162],[-39,-93],[-67,-126],[-137,-311],[-44,-82],[-69,-109],[-161,-217],[-71,-80],[-164,-148],[-179,-167],[-64,-64],[-99,-86],[-141,-130],[-147,-146],[-198,-173],[-161,-121],[-102,-84],[-95,-8],[-9,10],[-27,48],[-9,74],[-173,11],[-22,91],[16,64],[-20,28],[10,33],[39,6],[1,150],[63,-21],[-14,-49],[48,-23],[32,12],[-18,49],[16,91],[35,30],[14,112],[-1,82],[-30,98],[-30,163],[-18,62],[-6,90],[42,99],[38,132],[50,-17],[31,29],[99,141],[25,59],[40,-60],[76,-39],[33,0],[68,123],[55,52],[90,165],[0,90],[-14,65],[3,41],[32,164],[39,67],[64,-66],[52,-30],[45,37],[26,45],[96,106],[-14,-70],[37,-77],[105,-113],[107,-92],[43,-21],[62,-12],[52,14],[98,75],[120,207],[31,79],[58,109],[32,75],[56,113],[19,43],[55,229],[-4,54],[-56,151],[-166,308],[28,130],[54,145],[59,107],[13,44],[-98,-37],[-54,-1],[-8,-23],[-44,-12],[-36,15],[0,-44],[-68,-41],[30,-23],[-50,-68],[5,-21],[-44,-68],[4,-27],[-20,-57],[-27,-37],[-6,-34],[68,-90],[96,31],[42,-23],[-1,-30],[-50,-63],[-92,-82],[-105,-33],[-121,-15],[-69,-22],[-47,-26],[-37,-36],[-26,-28],[-19,-85],[-12,-113],[-48,-53],[-90,-12],[-29,-24],[-14,-70],[-52,34],[-80,6],[-59,-40],[-25,28],[-64,16],[-53,31],[-15,55],[-44,-3],[-26,-41],[-111,91],[-43,-11],[-30,47],[-36,-42],[-30,16],[-29,44],[-34,16],[-50,100],[-34,86],[-62,-1],[-49,-16],[-65,39],[-53,48],[-11,39],[-56,52],[7,31],[-30,29],[-39,15],[4,43],[21,41],[-22,33],[-7,58],[9,40],[-29,16],[-43,75],[1,54],[-18,44],[-54,50],[-13,111],[-20,18],[-36,78],[15,33],[-19,56],[-74,21],[-54,2],[-16,25],[-39,10],[-13,53],[-25,19],[3,61],[-32,21],[-54,-4],[-57,73],[-58,21]],[[51755,5577],[67,-55],[29,-40]],[[51851,5482],[-64,-100],[-60,-74],[-392,-332],[-116,-84],[-231,-145],[-122,-72],[-74,-34],[-168,-102],[-125,-89],[-131,-108],[-101,-102],[-181,-209],[-100,-123],[-14,-36],[10,-62],[-12,64],[8,46],[-14,26],[20,43],[58,89],[19,89],[-5,73],[-25,61],[13,19],[66,21],[12,40],[-31,84],[-74,80],[-62,55],[-11,66],[73,45],[89,-1],[64,-22],[44,-35],[126,-75],[62,-9],[56,12],[88,63],[4,43],[-62,63],[72,24],[73,5],[55,-6],[105,14],[60,28],[131,130],[72,95],[40,64],[81,155],[44,49],[36,24],[22,-36],[10,111],[35,83],[56,53],[0,-65],[13,-32],[82,-42],[40,8],[72,33],[47,43],[66,34],[55,55]],[[46556,16298],[32,28],[58,25],[52,-40],[0,-88],[45,-4],[23,61],[41,-1],[80,42],[29,-9]],[[46916,16312],[41,-47],[42,-23],[46,25],[-3,31],[-34,57],[-5,35],[35,32],[33,-14],[25,-40],[27,-2],[87,35],[37,76],[38,50],[27,-8],[22,-45],[26,-20],[65,3],[37,-40],[-1,-29],[-28,-79],[-26,-46],[-5,-36],[22,-23],[39,55],[67,35],[39,31],[26,-3],[73,-51],[17,1]],[[47685,16272],[-4,-25],[29,-37],[4,-46],[31,-85],[4,-37],[-35,-16],[-33,9],[-32,-26],[6,-40],[64,-74],[-21,-32],[109,-10],[38,-50],[-17,-52],[-47,-21],[40,-73],[-17,-24],[72,-17],[38,37],[63,-20],[33,-26],[-15,-66],[39,-9],[2,-88],[-56,-28],[46,-35],[-6,-18],[50,-29],[20,-31],[44,-27],[30,9]],[[48164,15285],[35,-18]],[[48199,15267],[-11,-94],[-73,-10],[-29,50],[-119,-88],[-51,-15],[-46,12]],[[47870,15122],[-16,46],[15,52],[-38,48],[-75,-40],[-15,32],[-49,10],[-47,-31],[4,-13],[-34,-120],[-30,-97],[-54,-52],[5,-37],[-16,-10],[-14,-60],[-32,24],[-48,-56],[-37,-83],[-31,11],[-44,-28],[-13,19],[13,64],[-58,10],[-11,115],[-13,60],[18,25],[-22,29],[15,35],[-13,113],[-44,-33],[-76,22],[-53,-4],[-31,55],[-49,8],[-25,-16],[-66,3],[-18,-25]],[[47870,15122],[-27,-10],[14,-34],[12,-91],[-2,-88],[-23,-60],[45,-14],[22,-30],[31,1],[22,-56],[-28,-41],[25,-24],[-5,-30],[34,-75],[-12,-44],[1,-52],[-54,11],[3,-30],[33,-36],[2,-44],[-35,47],[-82,-20],[-28,-19],[-69,-10],[-45,-44],[-33,-82],[-97,-23],[-8,-54],[27,-28],[81,-25],[7,-22],[-47,-52],[-40,-12],[-21,20],[-47,-18],[-87,-5],[29,-74],[31,-9],[8,-30],[43,-42],[-14,-55]],[[48007,10334],[-20,33],[34,21],[34,-35],[56,-30]],[[48111,10323],[32,-29],[15,-57],[-3,-59],[59,-110],[-10,-59],[21,-48],[-5,-46],[0,-126],[21,-85],[24,-38],[13,-64],[18,-48],[43,-23],[11,-57],[30,-33],[42,-3],[27,-28],[66,45],[47,-8],[50,7],[38,2],[39,-33],[-11,-99],[15,-43],[38,-30],[87,-21],[69,-65],[-49,-15],[-67,3],[-15,-46],[-38,-43],[32,-45],[-12,-36],[24,-69],[-14,-32],[22,-30],[-14,-39],[11,-72],[20,-46],[-25,-47],[-5,-71],[-36,-39],[-6,-77],[13,-49],[-11,-45],[-78,-48],[-49,-4],[-28,49],[-52,1],[-22,57],[-27,-38],[-58,2],[-46,-54],[-43,11],[7,-98],[-12,-16],[13,-71],[-33,-59],[17,-86],[-9,-47],[-36,-51],[-15,-47],[13,-77],[-50,-77],[-91,6],[-7,-24],[9,-106],[-36,-57]],[[48199,15267],[37,-16],[21,-37],[30,-6],[36,-44],[41,-108],[-29,-2],[-4,-60],[61,-6],[-14,-37],[-72,-20],[25,-39],[-24,-35],[27,-26],[1,-41],[49,12],[7,-78],[70,-12],[8,-57],[80,10],[3,-65],[46,-71],[-31,-89],[13,-37],[40,-33],[-34,-78],[-77,-26],[-52,-76],[-27,-85],[83,38],[91,-8],[26,-40],[39,-20],[71,-134],[36,5],[38,-70],[1,-76],[48,-4],[-13,-52],[64,-36],[9,-36],[-20,-29],[-89,-83],[-41,-14],[47,-21],[36,-56],[34,-8],[12,38],[56,-23],[-1,-28],[-30,-60],[-62,-54],[-29,-47],[37,-95],[-44,-78],[-19,-3],[-79,-64],[10,-44],[-15,-48],[-43,11],[-27,-119],[-70,15],[-35,15],[-39,46],[-47,-35],[-74,-6],[-60,37],[-42,-64],[-10,35],[-34,-20],[10,-58],[-24,-53]],[[48165,11566],[45,-17],[40,33],[115,35],[46,0],[34,18],[42,-28]],[[48487,11607],[-8,-76],[-18,-25],[55,-85],[14,3],[71,-70],[-4,-53],[63,-6],[50,-65],[52,25],[7,-44],[-8,-82]],[[48761,11129],[-4,-50],[-43,-24],[7,-30],[-36,-79],[-18,3],[-46,-73],[-10,-82],[-21,8],[-23,-83],[16,-19],[-23,-18],[-9,-79],[-55,-127],[-7,-20],[-104,-20],[-78,4],[-61,-21],[-65,-6],[-34,14],[-36,-104]],[[47685,16272],[24,31],[10,75],[41,25],[26,-79],[31,-21],[30,22],[74,22],[20,36],[-21,68],[4,43],[60,52],[43,5],[22,-26],[-56,-108],[12,-53],[26,-7],[36,50],[34,-2],[24,-47],[-43,-84],[24,-69],[43,-2],[12,95],[11,40],[30,2],[22,-29],[-4,-53],[20,-17],[52,10],[67,62],[47,14],[15,-24],[-4,-72],[17,-10],[43,23],[36,-4],[30,-6],[46,-13],[14,-31],[-7,-71],[38,-17],[27,44],[42,-3],[9,-73],[33,-37]],[[48745,16033],[15,-30],[-43,-6],[-22,-50],[-49,0],[20,-45],[-12,-50],[5,-46],[26,-61],[-15,-84],[-1,-11],[-58,-52],[-62,-26],[-37,-74],[35,-12],[77,-95],[16,-55],[-18,-50],[-43,-12]],[[48579,15274],[-30,1],[-37,-28],[-44,-3],[-50,84],[-11,49],[-33,-21],[-59,10],[-32,-35],[-35,-4],[-84,-42]],[[48579,15274],[64,-23],[-31,-50],[38,-56],[-1,-55],[-30,-62],[-24,-22],[38,3],[19,-29],[-19,-81],[27,-33],[35,5],[-4,-45],[38,-59],[-6,-35],[51,2],[12,-105],[20,15],[31,-47],[22,-67],[40,26],[39,-44],[52,-48],[-26,-20],[-23,-53],[-26,-7],[8,-35],[54,13],[53,-28],[33,2],[34,34],[39,-4],[19,-39],[40,0],[2,-29],[49,-15],[6,-20],[97,-18],[7,20],[49,2],[38,-13],[55,27],[37,28],[104,26],[76,-49],[12,10],[27,-7],[88,58],[58,5],[21,-16],[64,14],[32,29]],[[50017,14379],[4,-103],[1,-42],[-77,-76],[-86,-124],[-35,-31],[9,-80],[-14,-36],[15,-29],[-29,-21],[-3,-54],[-27,-9],[6,-68],[15,-49],[28,-27],[77,-23],[62,-78],[28,-9],[21,-76],[41,4]],[[50053,13448],[21,-41],[-46,-56],[-20,68],[-66,-15],[-11,-25],[-101,-30],[-56,19],[-24,-47],[-79,-28],[-1,-46],[-38,8],[22,45],[-26,58],[-23,20],[-47,-11],[-12,-54],[29,-24],[1,-47],[-54,-19],[-45,8],[-67,43],[-47,-23],[-17,-29],[-38,-17],[-48,2],[-12,-42],[-47,-26],[-32,-73],[-54,-39],[38,-14],[102,20],[30,-32],[85,45],[33,-77],[29,-27],[28,-53],[-3,-41],[-32,-43],[-54,-16]],[[49371,12789],[-90,52],[-51,-40],[-76,39],[-36,-62],[-34,31],[8,43],[-27,36],[-24,-38],[-27,-76],[-45,-13],[-17,-45],[-39,-1],[-66,4],[-50,-31],[-62,-61],[-27,19],[15,-95],[-55,1],[-16,-48],[20,-55],[-25,-14],[-8,-44],[21,-11],[-13,-68],[44,-71],[-20,-551],[-92,-46],[-36,-9],[-46,21],[-10,-49]],[[48761,11129],[53,13],[16,-13],[67,14],[14,29],[37,-4],[14,-26],[44,20],[49,-12],[73,-57]],[[49128,11093],[-38,-1],[-14,-38],[1,-87],[-22,-78],[55,-38],[41,0],[58,-75],[44,70],[55,-1],[11,-33],[31,-11],[24,27],[39,-48],[106,-53],[29,-36],[36,-17],[74,-88],[30,-22],[36,3],[45,-11],[53,-33],[34,-9],[29,-19],[30,-32],[46,0],[-6,-64],[25,-31],[-9,-38],[25,-5],[64,-67],[23,-6],[48,-75],[32,-33],[29,21],[16,-34],[39,-12],[-26,-66],[38,-102],[20,-29],[22,-63],[1,-51]],[[50302,9808],[-32,7],[-8,53],[-22,-5],[-61,33],[-11,45],[-65,5],[48,-81],[-5,-28],[-39,-49],[-12,-43],[-29,-32],[-9,-42],[21,-86],[-5,-65],[17,-45],[-27,-75],[33,-3],[50,-29],[-5,-6],[-33,-48],[-33,39],[-40,24],[-21,-19],[-56,-14],[-47,20],[-45,-34],[-13,-80],[15,-91],[-14,-17],[1,-66],[-22,-31],[-15,-148],[36,-51],[1,-70],[-16,-43],[9,-47],[39,-17],[-34,-74],[-16,-9],[-32,-75],[7,-65],[16,-38],[6,-39],[-42,-120],[13,-88],[31,-53]],[[49836,8108],[-114,-11],[-47,36],[-60,101],[0,48],[-29,14],[-26,52],[-62,1],[-10,-23],[-40,-7],[-27,-50],[-5,-59],[20,-70],[-66,-86],[39,-71],[14,-51],[34,-25],[1,-81],[-26,-117],[-1,-47],[22,-75],[-12,-44],[18,-51],[-83,13],[-34,54],[-46,26],[-62,-10],[26,-96],[-38,-188],[-13,-13],[0,-59],[73,-128],[-21,-82],[2,-69]],[[49371,12789],[65,-24],[26,-25],[71,-149],[54,15],[38,-61],[45,10],[-17,-45],[23,-64],[-25,-37],[21,-73],[49,-30],[57,38],[34,-15],[53,-2],[43,27],[123,0]],[[50031,12354],[-2,-46],[23,-28],[-13,-28],[23,-69],[42,-87],[56,5],[-33,-32],[55,-27],[-7,-29]],[[50175,12013],[-148,-1],[-49,-1],[-93,-35],[-41,16],[-44,-63],[-41,-39],[-48,-93],[0,-15],[-8,-65],[26,-22],[-22,-29],[31,-26],[-24,-27],[36,-33],[9,-55],[-16,-55]],[[49743,11470],[-74,-17],[-19,-45],[-27,7],[-47,-30],[10,-37],[-14,-49],[-17,28],[-52,-8],[-37,39],[-19,-24],[-40,16],[-107,-15],[-14,-17],[-21,-66],[1,-76],[-7,-39],[-36,-27],[-52,8],[-43,-25]],[[48745,16033],[20,21],[23,88],[28,6],[28,-55],[56,-15],[66,47],[47,-6],[45,24],[19,-51],[94,-17],[33,20],[-1,62],[68,41],[27,-3]],[[49298,16195],[-20,-77],[4,-34],[45,-51],[50,-25],[-8,80],[41,-2],[-8,-59],[19,-51],[68,39],[80,-73],[29,33],[-27,76],[7,38],[86,2],[56,-17],[-23,-29],[-39,-11],[-21,-55],[73,-8],[31,-61],[45,17],[31,87],[34,41],[31,-28],[-19,-62],[14,-15],[85,29],[32,-26],[-2,-78],[28,-12],[34,24],[62,-19],[66,35],[20,-29],[-29,-30],[43,-54],[35,4],[44,2],[30,-19],[-8,-35],[-80,13],[-36,-26],[21,-23],[92,-14],[39,-31],[8,-30],[-64,-59],[18,-33],[77,41],[40,-16],[-6,-78],[20,-55],[39,-3],[-11,62],[11,33],[37,14],[32,-27],[-26,-82],[38,-10]],[[50566,15418],[-42,-83],[-42,-14],[-34,-44],[19,-35],[-35,-23],[31,-60],[-8,-16],[32,-59],[-50,8],[17,-31],[-10,-37],[37,-38],[-38,-20],[25,-45],[-57,-93],[-37,12],[-9,-79],[-23,-18],[0,-63],[-21,-29],[62,-108],[-37,-36],[-121,0],[-26,-14],[-24,23],[-92,-10],[-26,-71],[-21,17],[2,-39],[-21,-34]],[[49743,11470],[36,-56],[13,-27],[-10,-40],[55,-80],[-9,-83],[25,-14],[81,-6],[16,-37],[2,-98],[83,0],[34,50],[32,-3],[11,-40],[80,48],[12,35],[61,-11],[37,-23],[1,-61],[57,-50],[42,-11],[10,-46],[-43,-46],[10,-50],[73,18],[76,2],[135,2],[-8,110]],[[50655,10953],[39,9],[38,-36],[39,36],[51,-24],[-60,-51],[58,1],[0,-26],[-58,2],[3,-88],[77,-6],[0,-45],[-1,-85],[46,12],[26,47],[98,-5],[6,-26]],[[51017,10668],[-69,-14],[-6,-62],[102,21],[51,-59],[-66,-46],[-91,-14],[-1,23],[-48,4],[0,-42],[-48,0],[-1,-32],[55,-1],[3,-223],[21,-26],[30,-72]],[[50949,10125],[-44,-38],[-44,-26],[-36,-44],[-15,-53],[-45,-53],[12,-68],[-38,-34],[-46,-88],[5,-52],[22,-54],[59,-66],[-66,22],[-45,-23],[-98,0],[-53,95],[-65,21],[-31,29],[-58,-10],[-14,57],[22,47],[-69,21]],[[50053,13448],[113,5],[52,32],[47,0],[30,93],[26,23],[69,7]],[[50390,13608],[22,-38],[40,-12],[57,21],[105,5],[-23,-56],[-6,-64],[122,24],[36,-20],[-4,-31],[93,-13],[1,-92],[-27,-51],[26,-24],[-37,-97],[-1,-46],[-50,-32],[-31,-2]],[[50713,13080],[-48,-56],[-17,-40],[16,-63],[-32,-46],[-13,-17],[-13,-53],[-95,-75],[-23,-8],[-7,-42],[32,-85],[26,-21],[-17,-28],[-311,-20],[-3,156],[-144,-9],[-61,-3],[0,-46],[-28,-40],[12,-50],[33,-19],[-27,-63],[34,-24],[4,-74]],[[49836,8108],[20,-41],[101,-80],[42,-48],[51,1],[62,-68],[33,-21],[18,-40],[43,-36],[-40,-50],[40,-26],[-11,-23],[32,-52],[102,113],[40,35]],[[50369,7772],[14,12],[278,258],[1,-64],[23,-44],[29,-45],[97,0],[37,49],[40,-27],[37,-54],[38,-7],[24,40],[45,-8],[58,47],[35,-28],[47,28],[57,-1],[13,20],[109,19],[40,28],[51,-32],[224,52],[47,-37]],[[51713,7978],[-65,-175],[-11,-73],[1,-114],[18,-181],[-3,-109],[26,-125],[-36,25],[11,67],[-19,106],[-25,42],[-7,147],[-33,31],[-62,2],[-36,-25],[-18,-53],[-26,-129],[-11,-99],[3,-65],[17,-63],[11,-79],[37,-80],[-37,-18],[-121,17],[-62,-39],[-42,-64],[-10,-116],[13,-89],[17,-69],[54,-122],[22,-25],[-26,-28],[-167,-38],[-29,-3],[-27,-36],[-73,-7],[-57,-52],[-27,-85],[-3,-95],[16,-73],[-10,-38],[-88,2],[-54,12],[-106,-50],[-70,33],[-45,-31]],[[50175,12013],[60,-60],[80,-60],[51,8],[12,-68],[-19,-13],[0,-71],[-15,-22],[23,-81],[140,14],[1,-22],[80,27]],[[50588,11665],[18,-78],[-7,-90],[60,-32],[45,-24],[51,-60],[-10,-23],[-37,-10],[20,-61],[27,-32],[-13,-22],[-38,4],[16,-58],[-9,-41],[-2,-90],[-99,3],[9,-99],[36,1]],[[50566,15418],[44,17],[25,-29],[30,30]],[[50665,15436],[57,-30],[48,-6],[-1,-24],[-58,-40],[68,-41],[-47,-34],[31,-44],[-22,-72],[36,-28],[-39,-65],[39,-1],[29,-42],[46,-22],[-17,-28],[25,-41],[49,-25],[-40,-28],[-52,-83],[4,-75],[-20,-11],[-42,28],[-18,37],[-27,-49],[46,-61],[-2,-46],[-43,-3],[46,-93],[22,-21],[75,-30],[24,11],[12,50],[34,22],[49,-2],[39,21],[30,-53],[0,-26],[43,-17],[-30,-73],[-27,-17],[31,-52],[-35,-35],[-43,8],[-78,-29],[-8,-12],[18,-21],[47,-5],[-62,-73],[73,-39],[14,-26],[42,-41],[-26,-30],[3,-42],[21,-48],[-30,-10],[-22,-45],[-118,-23],[0,-19],[-21,-32],[21,-28],[3,-41],[-37,-16],[-47,21],[-15,-64],[-36,1],[-89,45],[-3,-41],[-35,-27],[-67,-33],[-67,106],[-64,-44],[-12,-71]],[[50949,10125],[151,-269],[-21,-8],[-23,-90],[55,-24],[38,28],[43,-18],[27,-33],[35,-73],[85,-15],[29,-39],[52,15],[81,-6],[18,7]],[[51519,9600],[28,-17],[-30,-100],[83,-64],[36,-55],[40,5],[54,-14],[-85,-38],[-15,4],[-78,-32],[-40,-31],[-76,-31],[-62,9],[-28,-65],[-64,-33],[-41,-40],[-63,6],[-21,-25],[-75,33],[-4,31],[-31,29],[-44,-21],[15,-26],[-39,-78],[-87,35],[-9,43],[-33,49],[-111,-122],[-104,-43],[-43,-35],[-28,-40],[-14,-54],[42,-45],[-101,-138],[8,-202],[2,-43],[-32,-40],[34,-71],[-26,-49],[-36,-36],[-109,-60],[-9,-30],[55,-74],[-25,-44],[-20,-85],[12,-56],[23,-46],[-25,-38],[26,-51]],[[50713,13080],[36,-2],[41,-34],[10,-29],[36,-9],[55,38],[71,-6],[49,-35],[12,-60],[-23,-31],[31,-54],[21,0],[27,41],[75,-9],[20,-37],[34,-19],[88,57],[36,6],[-1,50],[27,36],[49,-37],[33,-10],[4,-69],[40,-19]],[[51484,12848],[-15,-25],[16,-61],[-18,-30],[9,-134]],[[51476,12598],[-24,-20],[-23,-51],[-51,-18],[22,-34],[4,-53],[-17,-17],[33,-71],[-22,-8],[4,-61],[-57,-42],[51,-11],[-9,-33],[-56,-53],[39,-26],[7,-24],[-40,-22]],[[51337,12054],[-34,17],[-33,65],[-12,-8],[-160,-13],[-195,-2],[-96,-1],[-90,0],[0,-39],[-49,-85],[-29,4],[-37,-28],[57,-103],[1,-3],[28,-15],[-22,-67],[52,-11],[-15,-56],[-2,-29],[-72,-1],[-41,-14]],[[51755,5577],[74,112],[62,154],[34,167],[3,60],[-7,120],[-32,138],[-5,47],[8,135],[30,11],[28,-30],[52,-27],[44,-4],[117,92],[52,25],[61,7],[48,37],[38,73],[6,120],[-32,142],[102,-23],[31,6],[48,30],[76,80],[44,13],[19,30],[56,28],[77,25],[71,97],[40,82],[26,97],[16,108],[9,134],[-12,270],[-27,189],[-50,102],[-10,39],[23,37],[28,14],[40,-24],[14,-30],[76,-68],[29,10],[-2,75],[26,2],[46,-76],[-49,-39],[-29,2],[-43,-27],[-6,-22],[14,-68],[80,-81],[59,-12],[18,21],[22,109],[-1,124],[44,78],[-1,62],[-19,36],[26,42],[12,64],[-9,54],[-38,2],[-31,34],[-47,106],[-53,-9],[-44,19],[-31,-18],[-23,-137],[26,-78],[-36,-26],[-102,-5],[-62,7],[-74,29],[-19,-66],[12,-53],[-18,-12],[-98,45],[-150,-12],[-26,-29],[-25,-91],[1,-79],[15,-72],[-90,71],[-84,45],[-72,21],[3,55],[48,107],[9,49],[-22,55],[-69,27],[-9,33],[-54,24],[-26,-27],[-29,15],[-28,-16],[-15,-39],[-39,16],[11,47],[-64,26],[13,33],[-37,31],[-9,36],[-69,26],[16,74],[-12,39],[-65,40],[2,62],[64,95],[0,39],[-51,-8],[-34,19],[-57,91],[-11,-62],[3,-66],[-25,-76],[14,-17],[-15,-58],[15,-45],[-31,-45],[-5,-54],[27,-25],[-39,-109],[6,-21],[57,-13],[13,-37],[-18,-48],[14,-74],[77,-5],[39,-28],[33,32],[28,5],[5,-98],[32,-91],[28,-23],[105,67],[66,3],[-15,-46],[-38,-51],[-12,-88],[-18,-11],[-37,58],[-93,15],[-66,-38],[-34,-47],[-50,-113]],[[51519,9600],[36,47],[-32,76]],[[51523,9723],[23,45],[45,33],[55,-50],[11,-14],[71,1],[36,14],[44,-16],[24,-26],[47,-9],[8,-22],[8,64],[50,-50],[61,-3],[145,-32],[-27,-46],[11,0],[251,96]],[[52386,9708],[175,-21],[45,17],[38,62],[49,-22],[52,18],[42,-15],[92,7],[60,-52],[-9,78],[28,30],[-22,74],[27,44],[4,55],[31,-15],[76,-5],[54,-35],[10,-23],[65,-22],[30,-31],[21,36],[57,0],[29,43],[34,18],[64,-20],[24,38],[96,-64],[43,-34],[53,8],[7,31],[39,6],[10,44],[30,2]],[[53740,9960],[87,-18],[9,-50],[65,-12],[39,-32],[-20,-56],[-50,-22],[7,-48],[-4,-70],[-24,-53],[-25,-22],[-11,-60],[-58,28],[-30,-17],[-60,17],[-45,-23],[-1,-64],[-28,-2],[-31,-216],[-40,-27],[-88,-83],[-12,-30],[17,-57],[86,-129],[62,18],[40,48],[-29,-98],[-3,-56],[-28,-50],[37,-63],[40,-36],[139,-43],[47,-22],[10,-35],[-47,-21],[-6,-40],[33,-36],[-52,-71],[98,0]],[[53864,8409],[-59,-166],[-17,-66],[-51,-144],[-53,-111],[-78,-140],[-104,-151],[-121,-187],[-73,-127],[-136,-224],[-115,-164],[-169,-270],[-99,-177],[-81,-116],[-127,-151],[-150,-170],[-151,-142],[-77,-63],[-81,-82],[-73,-85],[-176,-151],[-22,-40]],[[50665,15436],[-22,58],[87,13],[29,-15],[35,-50],[28,3],[14,52],[23,27]],[[50859,15524],[55,-19],[-7,-49],[41,-35],[24,17],[6,48],[25,13],[26,-30],[-25,-78],[34,-36],[46,51],[34,-12],[-20,-81],[18,-38],[38,-17],[25,60],[27,-8],[59,16],[54,-19],[16,-33],[0,-60],[37,-19],[47,-60],[-4,-51],[54,6],[15,41],[50,19],[25,-29],[-16,-65],[46,-45],[50,21],[40,-17],[1,-38],[21,-30],[-13,-37]],[[51688,14910],[12,-90],[-59,10],[-15,-37],[15,-35],[-42,-17],[-29,-30],[-2,-34],[-30,-29],[15,-46],[-15,-17],[40,-35],[-38,-37],[22,-45],[-6,-53],[13,-24],[63,-14],[3,-22],[-27,-97],[19,-10],[-18,-50],[-3,-86],[74,-58],[67,-11],[41,-43],[-8,-135],[35,-50],[-25,-39],[-84,-53],[-14,-31],[-54,-46],[-15,-36],[-32,7],[-73,-21],[-13,-56],[-19,-27],[38,-72],[83,-46],[29,-30],[7,-41],[-30,-18],[-2,-74],[-23,-29],[30,-52],[-56,-6],[28,-37],[-15,-46],[-37,-25],[4,-98],[-18,-38],[14,-31],[-54,-22]],[[51337,12054],[32,-27],[-20,-50],[-32,-28],[-4,-44],[20,-25],[35,-31],[-4,-34],[-40,8],[-2,-53],[32,-20],[-39,-34],[-11,-68],[26,3],[54,-113],[34,5],[-8,-69],[27,1],[2,-100],[-25,0],[0,-72],[73,-1],[-5,-102],[-215,-1],[3,-156],[66,16],[0,-43],[39,0],[-1,-51],[183,-2],[-1,-104],[-1,-47]],[[51555,10812],[-90,1],[-10,-168],[-5,-36],[-68,4]],[[51382,10613],[-10,34],[-71,46],[-38,-17],[-61,-1],[-49,-27],[-32,37],[-52,-7],[-52,-10]],[[51382,10613],[-31,5],[-47,-21],[30,-35],[6,-46],[-36,-24],[43,-54],[-23,-75],[13,-23],[-3,-58],[21,-5],[48,-54],[24,33],[56,-23],[6,-95],[-21,-48],[3,-30],[-56,-21],[-22,20],[1,-94],[-55,-35],[34,-51],[36,30],[26,-38],[-12,-46],[21,-61],[79,-41]],[[51476,12598],[65,15],[18,52],[43,11],[10,56],[68,5],[39,-9],[54,20],[8,-27],[60,19],[25,-18],[78,-12],[55,25],[2,44],[25,21],[38,-3],[47,-45],[51,-108],[27,-13],[51,8],[28,-12],[40,-118],[-20,-28],[29,-31],[19,-124],[40,-28],[-9,-70],[42,-21],[-9,-11],[65,-31],[36,14],[50,-12],[18,-89],[70,21],[6,49],[65,-33],[62,32],[-24,36],[110,44],[1,-32],[53,-23],[31,17],[34,-18],[67,11],[29,-37],[53,-12],[32,16],[0,-56],[54,-29],[54,-71],[-16,-26],[28,-30],[25,16],[33,-21],[27,-64],[65,-42],[26,-58],[9,-82],[-4,-53],[8,-58],[26,-26],[24,-69],[-16,-32],[-12,-103],[48,-2],[20,27],[89,29],[26,-25],[46,17],[79,-27],[76,-52],[34,19],[-8,30],[23,44],[45,15],[36,-19],[28,103],[-79,40],[1,32],[-26,28],[-65,21],[3,49],[29,2],[1,47],[20,38],[-30,63],[151,12],[64,58],[-1,32],[-47,23],[8,39],[-13,59],[-18,15],[24,22],[36,-12],[26,39],[28,-19],[26,17],[47,-25],[41,-6],[4,-31],[52,14],[78,-61],[17,-35],[54,-53],[40,-12],[23,14]],[[54525,11914],[-15,-51],[21,-78],[-3,-35],[40,-11],[-39,-116],[36,-30],[-37,-29],[-8,-35],[-58,-34],[60,-18],[-26,-78],[4,-35],[-35,-5],[-6,-47],[-43,16],[3,-51],[-30,-9],[-50,-73],[-28,1],[-64,-23],[-18,-49],[-46,10],[-25,29],[-39,-79],[-10,-128],[34,-49],[15,48],[111,-119],[49,-29],[27,-31]],[[54345,10776],[-49,-32],[-46,34]],[[54250,10778],[-56,70],[-60,-35],[-43,2],[-62,-47],[-22,47],[-24,18],[-64,-41],[13,-83],[39,-46],[-21,-46],[-37,-24],[39,-50],[24,-13],[22,-81],[36,-15],[-5,-59],[32,-56],[-76,46],[-36,69],[-87,-8],[-6,88],[-55,-17],[-29,58],[-50,-84],[-40,-43]],[[53682,10428],[-123,-59],[-34,-2],[-23,-46],[-254,3],[-43,-35],[-36,-1],[-86,-16],[-43,145],[-21,-7],[-55,77],[-38,29],[-7,24],[58,9],[6,24],[40,21],[7,24],[-47,15],[-14,29],[-75,4],[-29,-27],[-78,1],[8,-47],[-23,-21],[-64,18],[17,-36],[-72,-64],[-71,-2],[-48,-48],[-42,-13]],[[52492,10427],[3,126],[-63,66],[-36,-1],[-51,89],[-85,-116],[13,-22],[13,-4],[-10,-79],[-61,16],[-76,20],[-3,-37],[-60,9],[-12,-85],[-72,13],[-66,30],[10,28],[10,109],[-58,75],[-23,-20],[-59,-12],[-28,-57],[-8,-41],[-44,-66],[15,-39],[-53,-52],[-28,6],[-50,-6],[-20,23],[43,76],[-49,33],[21,114],[-3,43],[-27,72],[-21,27],[1,47]],[[52492,10427],[-1,-37],[-2,-73],[27,-15],[89,-10],[1,-72],[-10,-60],[-42,-72],[-56,14],[-6,-52],[-29,-21],[-13,-36],[-40,-11],[10,-29],[-9,-3],[0,-53],[17,-52],[6,-74],[-48,-63]],[[51688,14910],[77,-29]],[[51765,14881],[-3,-48],[55,-25],[15,-48],[45,21],[65,-21],[61,-60],[57,-13],[11,-67],[62,12],[44,-34],[-1,-55],[55,-19],[-14,-67],[18,-28],[66,-41],[-5,-77],[41,-23],[24,51],[22,-13],[16,-20],[67,-35],[25,1],[-2,-54],[19,-57],[56,-19],[40,-54],[-16,-67],[-46,-47],[47,-10],[25,-41],[-12,-55],[31,-28],[52,52],[41,-57],[57,5],[-5,-60],[19,-33],[-9,-60],[53,19],[25,-143],[114,-57],[1,-45],[43,-37],[33,-57],[13,-44],[50,-53],[-10,-39],[43,-35],[32,30],[44,-33],[29,-52],[55,-37],[19,15],[10,49],[45,-22],[67,-9],[31,10],[53,-55],[78,-4],[26,-32],[35,63],[31,-10],[-1,-87],[30,2],[-5,45],[24,15],[55,-11],[21,-32],[43,-15],[18,35],[47,24],[14,-63],[42,-6],[34,37],[43,-17],[33,-65],[2,-45],[47,1],[-16,88],[10,38],[65,9],[-30,-58],[9,-31],[41,-22],[44,27],[28,-15],[64,0],[24,14],[17,54],[36,-15],[31,31],[38,9],[38,-24],[20,-80],[28,24],[-18,35],[20,18],[60,-33],[25,14],[53,-13],[-6,-62],[56,-22],[49,67],[54,-66],[49,88],[5,-102],[39,16],[43,-65],[-43,-42],[34,-40],[10,-45],[36,-34],[-4,-54],[38,-37],[-24,-24]],[[55078,12575],[-4,-2],[-23,14],[-83,-11],[-7,34],[-44,-36],[-33,37],[-50,-69],[10,-38],[-55,-41],[12,-49],[-17,-50]],[[54784,12364],[-49,30],[-13,-55],[-24,-27],[-45,41],[-50,3],[-22,-22],[27,-53],[-74,-55],[8,-32],[-40,-106],[21,-16],[-7,-66],[12,-38],[-3,-54]],[[53682,10428],[-17,-28],[30,-97],[-28,-14],[15,-117],[17,-27],[-41,-67],[15,-68],[62,14],[15,-23],[-10,-41]],[[54250,10778],[-36,32],[-119,-39],[-59,-88],[26,-71],[46,-43],[37,-15],[8,-57],[21,-34],[32,-11],[15,-88],[51,-85],[36,22],[79,1],[22,10],[-13,-25],[-41,0],[-2,-30],[26,-53],[61,-54],[138,-16]],[[54578,10134],[-25,-44],[-90,-172],[-91,-193],[-101,-222],[-24,-56],[-93,-226],[-110,-302],[-122,-343],[-58,-167]],[[54345,10776],[7,5],[-38,66],[-85,68],[-33,40],[-12,54],[154,44],[16,17],[113,33],[41,52],[16,-2],[41,-22],[46,0],[26,-19],[68,-24],[24,-22],[5,-60],[21,-43],[57,-31],[55,1],[31,-29],[76,-8],[-6,-30],[19,-37],[24,-2]],[[55011,10827],[-28,-84],[-144,-205],[-201,-305],[-60,-99]],[[47754,18403],[-25,-27],[-46,-22],[-59,-11],[-26,10],[-53,-31],[-20,-50],[-51,-73],[15,-54],[76,15],[37,-73],[-3,-36],[-26,-29],[8,-107],[30,-48],[5,-44]],[[47616,17823],[-33,-25],[7,-96],[17,-31],[-15,-40],[-66,-54],[-57,-24],[2,-55],[-32,-31],[41,-37],[-7,-30],[-34,-48],[20,-47],[-53,-25],[-35,-1],[-125,-31],[-20,-42],[54,4],[-10,-69],[-52,1],[-16,-34],[30,-39],[-15,-28]],[[47217,17041],[2,-77],[38,-44],[-45,-36],[26,-2],[2,-84],[45,-76],[-44,14],[-36,-25],[-74,27],[-7,-87],[-58,-51],[-23,-52],[-65,4],[-15,-27],[10,-63],[-8,-35],[-46,-47],[-1,-20],[-2,-48]],[[46307,16328],[-5,39],[18,21],[59,0],[-14,91],[66,24],[-60,47],[28,101],[20,42],[42,-47],[29,55],[-30,31],[66,15],[-9,36],[32,20],[19,45],[60,54],[28,3],[-45,22],[43,102],[-50,17],[29,49],[45,9],[-35,51],[-36,-10],[-31,127],[-47,82],[34,40],[-43,22],[-3,55],[21,115],[17,38],[-33,33],[-47,4],[58,68],[-2,38],[18,55],[3,109],[-20,87],[46,4],[24,120],[18,26],[0,39],[-31,29],[-8,54],[20,47],[-5,35],[31,69],[51,65],[35,59],[3,88]],[[47217,17041],[28,-14],[38,20],[94,-32],[88,-75],[16,14],[45,12],[28,-42],[88,-13],[39,-33],[53,-10],[50,32],[51,3],[17,46],[0,53],[-13,38],[-24,116],[27,66],[-10,16],[-9,62],[73,55],[-39,29],[0,29],[85,8],[25,58],[-9,53],[-30,62],[30,63],[137,22],[124,54],[34,37]],[[48253,17770],[183,14],[181,13],[10,-21],[51,39],[41,-8]],[[48719,17807],[77,-47],[39,-80],[42,17],[15,-48],[36,-19],[4,-57],[-3,-33],[27,-90],[-46,0],[-34,-53],[-10,-54],[30,-12],[35,-18],[10,-31],[36,-29],[44,24],[28,-23],[37,-20],[10,-52],[53,-30],[67,-20],[2,-23],[11,-87],[-28,-17],[0,-59],[44,-73],[12,-54],[0,-60],[33,-2],[40,-26],[12,-75],[25,0],[2,-138],[22,0]],[[49391,16518],[-28,-34],[-2,-39],[-59,13],[-26,-27],[-50,-14],[-45,42],[-38,-8],[35,-62],[-61,-16],[24,-27],[21,-20],[80,-16],[43,-59],[37,8],[22,30],[24,-21],[-34,-45],[-36,-28]],[[47616,17823],[13,40],[56,73],[103,-3],[-8,-48],[48,-47],[89,33],[79,47],[56,24],[58,-41],[41,8],[57,-61],[39,-12],[6,-66]],[[48945,18233],[-21,-41],[20,-79],[-19,-16],[3,-56],[-48,-23],[-62,41],[-63,-12],[0,-25],[-117,-15],[-7,-14],[43,-57],[2,-35],[50,-38],[-7,-56]],[[50611,17797],[5,-30],[-26,-23],[-1,-56],[-32,-35],[1,-47],[-17,-27],[-52,-39],[31,-18],[18,-42],[27,18],[63,0],[8,15],[66,-39],[20,-47],[-9,-44],[-25,-39],[17,-54],[20,-15],[34,26],[33,-29],[70,-8],[52,-68],[-72,-23],[-32,-46],[-24,-17],[-41,33],[-46,-45],[-20,15],[-68,-80],[0,-48],[-14,-53]],[[50597,16932],[-45,-64],[-57,52],[-23,-44],[-67,36],[-71,-17],[-35,-21],[-84,18],[-15,-21],[-40,3],[-25,-25],[-53,-5],[-20,31],[-68,-18],[-38,16],[-47,48],[-11,11],[-5,-37],[-42,-41],[-29,-10],[-52,30],[-44,3],[-32,-229],[-7,-77],[-14,-17],[-80,-5],[-27,-35],[-65,14],[-87,2],[-23,-12]],[[50597,16932],[18,-37],[-49,-67],[-45,-31],[128,-162],[-34,-23],[-30,-41],[2,-50],[-49,-29],[-42,30],[-22,-77],[18,-16],[30,-44],[82,-28],[-8,-24],[23,-71],[39,-28],[53,-21],[36,8],[63,-10],[73,59],[-28,-56],[-33,-24],[-68,-91],[-1,-83],[-19,-56],[63,-70],[0,-55],[-7,-90],[31,-33],[25,-53],[42,-17],[-29,-118]],[[51490,17447],[-1,-8],[-80,-132],[-54,-44],[3,-45],[83,-41],[12,-46],[-23,-31]],[[51430,17100],[-154,41],[36,-23],[10,-34],[4,-79],[15,-15],[-2,-66],[62,-15],[30,-27],[63,-9],[16,-55],[62,-48],[39,7],[36,-102],[39,6],[-4,-64],[37,-37],[5,-23],[-46,-25],[-14,-78],[-24,-42],[5,-46],[26,-21],[2,-41],[28,-26],[57,-55],[-2,-34],[31,-39],[80,-14],[37,-32],[3,-36],[59,-45],[50,-24],[34,46],[47,39],[19,34],[42,-28],[57,-5],[61,47],[45,-32],[-9,-37],[43,-39],[36,10],[-11,59],[45,27],[23,-7],[101,82],[98,45],[7,-19],[62,-21],[25,-28]],[[52741,16172],[-2,-35],[-58,-2],[7,-42],[-40,-28],[-27,-39],[-44,6],[-34,-18],[-45,-44],[1,-34],[-25,-19],[2,-35],[-59,-21],[18,-101],[45,-21],[21,23],[55,-8],[20,-86],[53,-49],[66,12],[40,-23],[-7,-33]],[[52728,15575],[-20,-66],[59,-15],[-1,-32],[-45,-18],[-12,-29],[-40,13],[-33,-52],[-48,-19],[-34,-36],[-50,-17],[-25,18],[-48,-5],[57,-41],[2,-23],[-39,27],[-37,-4],[29,-62],[-71,-24],[-5,-41],[63,-62],[-40,-36],[-50,12],[10,42],[-152,-19],[-23,33],[-46,1],[-38,35],[-48,21],[-50,-35],[-41,34],[16,47],[-43,-6],[-4,-40],[-26,-16],[30,-43],[10,-53],[-34,-33],[-30,-132],[-95,-39],[-11,21]],[[51430,17100],[146,-39],[64,-18],[28,23],[90,-28],[-3,9],[85,-29],[12,23],[44,23],[43,44],[22,-9],[14,45],[92,-11],[71,14],[62,-23],[39,5],[38,-36],[123,-46],[26,-66],[50,26],[47,-43],[53,45],[117,30],[16,-82],[-19,-38],[26,-47],[2,-67],[24,-32],[1,-33],[51,-18],[86,-13],[52,-37],[7,-83],[-9,-43],[43,-43],[10,-43]],[[52983,16460],[-5,-87],[23,-4],[-42,-4],[-34,45],[-41,-7],[-66,13],[-90,-104],[6,-28],[-29,-30],[24,-21],[12,-61]],[[51800,18281],[36,-44],[39,-9],[55,-43],[12,-50],[25,-20],[72,54],[65,76],[37,22],[103,-30],[42,18],[21,-22],[47,-6],[54,7],[44,-66],[-76,-74],[6,-69],[-31,-28],[56,-35],[33,-50],[44,-44],[105,-27],[90,-6],[66,26],[19,45],[43,56],[127,-45],[86,63],[78,-6],[44,-29],[29,-51],[50,-25],[6,-40],[42,-65],[32,-13],[14,-53],[63,3],[24,-71],[55,-18],[0,-14]],[[53457,17598],[-48,-96],[10,-21],[-14,-53],[36,-112],[-4,-27],[-58,-26],[39,-38],[18,-69],[-41,2],[-42,-27],[-29,12],[-48,-39],[-27,-44],[1,-74],[-29,-55],[17,-41],[-43,-33],[-16,-29],[36,-78],[-51,-15],[13,-29],[-96,-138],[-16,-40],[27,-33],[-69,8],[-40,-43]],[[52728,15575],[75,-21],[47,49],[26,44],[6,-62],[115,49],[41,-25],[23,-83],[31,37],[39,1],[64,-39],[86,3],[-26,-49],[13,-45],[58,48],[43,-4],[-23,48],[44,26],[33,-23],[23,19],[15,49],[0,115],[39,62],[41,23],[32,-16],[62,10],[34,28],[53,8],[265,-22],[62,21],[11,40],[35,36],[-8,99],[30,12]],[[54117,16013],[13,-11],[84,-1],[63,-61],[53,-14],[23,-37],[60,-7],[35,-26],[-30,-67],[46,-75],[-13,-30],[44,-40],[34,20],[31,-16],[20,23],[26,-56],[45,14],[32,-34],[14,-60],[19,-20],[-6,-70],[97,-38],[41,-96],[28,-32],[54,-39],[28,-38],[25,12]],[[54983,15214],[65,-98],[-15,-60],[21,-29],[40,28],[47,-23],[54,7],[85,78],[-34,-74],[18,-39],[95,47],[21,32],[48,33],[102,40]],[[55530,15156],[-6,-90],[13,-38],[73,-90],[21,-60],[-31,-51],[29,-78],[49,7],[10,-36],[102,-108],[52,-6],[33,-46],[47,11],[48,-115],[31,2],[-40,-68],[-24,-82],[5,-17]],[[55942,14291],[-7,-75],[-28,-33],[-36,-10],[-38,-82],[5,-21],[-34,-37],[5,-45],[-77,-47],[20,-77],[-90,-15],[-10,-36]],[[55652,13813],[-70,-4],[0,22],[-30,-4],[-9,-45],[-27,-19],[-22,-57],[-29,-42],[-17,-65],[-3,-57],[24,-96],[1,-72],[-61,-112],[1,-126],[-34,-35],[34,-50],[32,3],[-14,-3],[-47,-75],[22,-43],[-36,-50],[-47,8],[-26,-46],[-99,-64],[10,-96],[-20,-45],[-69,-47],[-38,-18]],[[55376,18638],[-42,-41],[11,-19],[-25,-113],[33,-102],[-86,-30],[33,-72],[-64,-7],[-71,-43],[-11,-33],[-74,-37],[-29,-81],[-22,-36],[6,-57],[48,-83],[2,-58],[59,-61],[23,0],[31,-141],[-45,-18],[-19,-36],[8,-48],[36,-61],[53,10],[20,-12]],[[55251,17459],[-61,-25]],[[55190,17434],[-44,-4],[-38,-45],[-27,-125],[-40,-35],[-43,30],[-16,51],[-30,14],[-36,93],[-40,17]],[[54876,17430],[-22,39],[2,37],[-39,60],[-53,19],[2,67],[-66,88],[-40,35],[-27,-5],[-21,31],[-34,90],[-53,54],[-50,6],[-23,-36],[-132,-14],[-29,19],[-46,-20],[-11,-70],[24,-33],[-25,-53],[18,-112],[-30,-86],[30,-60],[11,-61],[-12,-65],[28,-49],[2,-92],[43,-43],[-46,-11],[-38,34],[-97,27],[-58,-57],[-47,1],[-55,-56],[-1,-42],[-23,-26]],[[53958,17046],[-9,24],[-44,26],[-5,30],[-44,-13],[-91,22],[19,101],[29,66],[-34,5],[-32,60],[-71,-4],[-42,36],[-16,-7],[-58,46],[-59,25],[7,91],[-51,44]],[[53958,17046],[-22,-38],[6,-37],[-29,-61],[5,-33],[-39,-97],[-6,-58],[-27,-2],[-28,-68],[8,-44],[-20,-19],[27,-51],[-9,-28],[-28,5],[-40,-46],[56,-52],[10,-68],[21,-49],[46,-20],[-15,-106],[36,-7],[13,-41],[47,-23],[52,-30],[44,24],[51,-84]],[[54876,17430],[-37,-7],[-96,-81],[-1,-32],[-34,-63],[-49,-25],[-44,-46],[-10,-92],[-34,-60],[38,-100],[3,-52],[-14,-10],[-9,-72],[26,-92],[66,-11],[41,8],[52,-13],[-10,-51],[65,-5],[11,-61],[-13,-33],[23,-69],[2,-65],[57,-9],[9,-27],[62,-29],[19,16],[39,-8],[9,-27],[52,6],[20,26],[88,37],[24,35],[34,-14],[31,51],[27,19],[59,-17],[-23,-36],[16,-42],[-10,-25],[33,-1],[129,35],[37,24],[-37,47],[48,14]],[[55575,16473],[11,-28],[44,-31],[6,-77],[21,-64],[-18,-34],[57,-36],[-39,-34],[-18,-73],[33,-71],[43,4],[21,36],[94,25],[67,-24],[45,17],[39,48],[83,0],[36,37],[10,41],[49,39],[20,13]],[[56179,16261],[32,-63],[0,-64],[-31,-14],[-28,-43]],[[56152,16077],[-162,-65],[-22,-34],[-9,-61],[-31,-60],[-46,17],[-33,-23],[-64,-7],[-48,-61],[-49,7],[-46,-22],[-47,103],[4,31],[-31,-29],[-18,-64],[-94,-104],[-54,-40],[-58,21],[-79,-10],[-51,23],[-73,-3],[37,-175],[-34,-5],[-120,-37],[-33,19],[-31,-21],[-5,-67],[52,-43],[-35,-111],[11,-42]],[[54784,12364],[62,-9],[21,14],[12,-102],[28,-8],[32,-67],[67,-54],[14,-10],[46,-87],[57,-53],[14,93],[42,15],[-36,76],[13,41],[-15,49],[45,10],[92,-11],[23,-61],[-3,-64],[48,-3],[40,-34],[77,-106],[105,37],[91,69],[56,-49],[101,-57],[127,-71]],[[55943,11922],[-186,-180],[-95,-100],[-200,-238],[-104,-127],[-178,-234],[-138,-194],[-31,-22]],[[55190,17434],[24,-88],[26,-16],[27,-93],[52,0],[27,-14],[71,18],[23,-22],[0,-93],[26,-87],[-7,-32],[20,-57],[71,-46],[6,-30],[44,-43],[44,-7],[9,-111],[-16,-52],[-1,-118],[-8,-40],[30,-43],[-5,-40],[-78,53]],[[55652,13813],[22,-46],[29,5],[39,-27],[11,-29],[-7,-63],[22,-13],[38,-64],[44,-34],[62,-8],[55,-32],[32,13],[90,-23],[58,-44],[7,-35],[-33,-6],[10,-96],[-15,-31],[5,-56],[-17,-45],[71,-24],[-46,-26],[13,-47],[-35,-34],[-29,-58],[-48,-18],[-4,-29],[-45,-24],[-23,-46],[-10,-53],[25,-67],[45,-44],[15,-48],[17,-9],[5,4],[87,-75],[13,-42],[30,-15],[12,-15],[-2,-103],[2,-25],[-6,-61],[-47,-36],[-12,-27],[2,-53],[-12,-39],[51,-40]],[[56173,12125],[-159,-135],[-71,-68]],[[56152,16077],[-27,-55],[-2,-31],[-54,-59],[26,-48],[48,-10],[-1,-23],[67,-26],[20,-50],[47,-54],[-43,-33],[-16,-56],[-32,-2],[-39,-33],[14,-32],[-23,-99],[-1,-48]],[[56136,15418],[-37,-29],[-33,-82],[2,-53],[-14,-32],[25,-56],[31,-22],[16,-45],[35,-25],[19,-45],[-25,-21],[-119,13],[-30,20],[-5,42],[-34,32],[3,73],[-44,-11],[-69,69],[-55,12],[-49,-7],[-19,-2],[-39,-53],[-33,5],[-55,39],[-77,-84]],[[56784,19214],[-26,-36],[13,-25],[-44,-29],[-56,0],[-17,20],[-58,21],[-33,-43],[-11,-121],[-34,5],[-36,-39],[-92,-27],[-20,-42],[-36,11],[-7,-48],[-23,-4],[-40,-42],[13,-37],[59,-86],[-44,-21],[-32,19],[-23,-53],[-19,-27],[-40,-16],[-5,-45],[-46,-30],[177,-105],[-24,-8],[-14,-48],[1,-49],[19,-40],[-50,-35],[-45,-15],[-24,-26],[-94,34],[-55,40],[-48,-12],[2,-26],[-83,28],[8,15],[-85,49],[-44,-20],[-40,-38],[-19,-73],[-2,-64],[-80,18],[-24,-50],[48,-35],[18,-60],[47,-33]],[[55716,17966],[-32,-35],[-51,-21],[-22,9],[-78,-41],[-28,9],[-53,-66],[-7,-45],[-38,-41],[-9,-103],[-65,-39],[-16,-63],[14,-90],[-80,19]],[[55716,17966],[58,-55],[21,26],[59,28],[46,-46],[-4,-22],[72,-70],[48,4],[16,-20],[-16,-59],[21,-44],[3,-44],[33,-23],[74,-6],[28,-12],[49,-4],[52,20],[20,-32],[5,-56],[72,32],[2,35],[33,21],[-1,-65],[46,-49],[83,10],[46,-23],[29,-58],[-68,-60],[17,-68],[-19,-25],[30,-73]],[[56571,17228],[9,-11],[63,-61],[30,-15],[36,43],[92,30],[62,36],[114,-104],[52,-53],[98,-24],[31,-59],[-10,-81],[-33,-37],[-11,-38],[56,-57],[-26,-27],[-38,-10],[-35,-34],[-90,8],[-26,-65],[-24,-31]],[[56921,16638],[-27,16],[-34,-34],[-29,0],[-57,-40],[-59,20],[-13,-16],[-66,-15],[-56,-39],[-32,12],[-39,-41],[-3,-94],[-44,-54],[-35,14],[-74,-18],[-20,-25],[-33,35],[-65,-52],[-17,-39],[-39,-7]],[[56136,15418],[31,-18],[64,-9],[18,26],[47,2],[24,-26],[34,-1],[19,34],[34,3],[34,75],[81,20],[23,-91],[31,5],[20,34],[54,45],[65,-10],[74,-24],[51,42],[36,30],[21,-9],[57,64],[16,33],[34,23],[41,70],[18,19]],[[57063,15755],[65,19],[68,8],[51,-38],[40,32],[53,-14],[20,65],[58,-11],[68,19]],[[57486,15835],[89,5],[30,-14],[27,-44],[-22,-61],[12,-35],[-54,2],[-15,-30],[0,-79],[-37,-41],[-57,26],[-37,-16],[-52,-131],[30,-85],[1,-34],[41,-45],[-12,-28],[35,-38],[44,-13],[26,-45],[-18,-39],[-39,-15],[-26,42],[-30,-5],[-47,-78],[-5,-22],[45,-38],[44,-10],[-8,-30],[15,-91],[-9,-29],[26,-77],[-18,-21],[-8,-51],[18,-19],[-4,-51],[27,-27],[8,-67],[-47,-20],[-6,-64],[57,-20],[-23,-50],[-34,-25],[-46,-71],[1,-46],[-19,-36],[-9,-63],[14,-43],[41,0],[11,-40],[-22,-14],[0,-55],[-48,-53],[-7,-73],[-30,-93],[-33,-67],[10,-47],[-22,-50],[20,-62],[-42,-41],[-54,-103],[-16,-51],[2,-58]],[[57204,13256],[-94,1],[-8,42],[57,144],[12,57],[-32,52],[-3,31],[24,141],[-21,38],[1,46],[-26,11],[-16,71],[-18,8],[-55,-18],[-29,42],[-59,17],[-67,-19],[-53,2],[-15,48],[-73,-31],[-35,-64],[-39,-21],[-7,68],[-50,39],[-79,81],[2,53],[-34,59],[0,1],[-113,-40],[-65,15],[-23,23],[-31,64],[-35,-35],[-50,38],[-52,11],[-37,29],[-35,-1],[-72,44],[-32,-12]],[[57531,14891],[2,46],[20,46],[33,20],[42,-1],[-10,77],[-70,41],[55,67],[38,-8],[0,36],[22,31],[-47,23],[7,36],[26,20],[-20,55],[-28,43],[42,49],[-14,22],[15,52],[73,-24],[29,27],[40,-2],[53,26],[19,69],[32,-43],[31,-79],[40,-37],[-12,-77],[-26,-12],[-39,-52],[-45,-85],[-8,-59],[22,-61],[-39,-48],[3,-20],[-48,-50],[-30,-47],[-25,-88],[-37,-43],[-19,-92],[23,-30],[40,-15],[-16,-52],[-22,-26],[-56,30],[-27,-29],[-22,-83],[-37,-30],[-24,13],[26,56],[-1,52],[-30,34],[10,48],[25,42],[-11,62],[28,47],[-33,23]],[[57537,19231],[1,-68],[-20,-133],[16,-42],[3,-132],[35,-107],[25,-11],[98,-1],[-9,-82],[41,-94],[-69,-133],[-37,-86],[-26,-88],[-60,-115],[-15,-61],[4,-49],[-61,-111],[-60,-134],[-25,-67],[-20,-11],[-37,19],[-14,-9],[-3,-19]],[[57304,17697],[-28,-37],[-42,18],[-2,50],[-23,29],[-8,-49],[0,-130],[-30,-16],[6,-59],[-41,-24],[-15,23],[-44,-46],[-45,107],[-25,20],[-42,-7],[-34,-10],[-64,-51],[-34,34],[-21,-59],[-20,-13],[-10,-49],[-88,-105],[-44,-32],[-31,6],[-3,-44],[-45,-25]],[[57204,13256],[-43,-55],[-43,-96],[-5,-67],[-41,-89],[5,-67],[39,-38],[-26,-31],[-8,-45],[-30,-20],[-36,-58],[-48,-53],[4,-43],[-93,-19],[-114,-55],[-135,-77],[-273,-183],[-184,-135]],[[56921,16638],[-6,-21],[32,-35],[-5,-53],[23,-54],[47,-17],[31,-40],[37,-19],[-8,-33],[-40,-64],[26,-50],[11,-11],[-22,-82],[32,-37],[32,-13],[9,-32],[52,-39],[-7,-64],[28,-11],[39,12],[15,-33],[-71,-35],[1,-29],[-65,-59],[-49,-64]],[[57304,17697],[16,27],[44,-22],[-25,-112],[-21,-139],[18,-48],[-6,-50],[9,-83],[31,-50],[28,20],[60,-69],[49,22],[26,-41],[-24,-16],[-15,-62],[-39,2],[-25,-49],[-26,-140],[5,-30],[27,-60],[-1,-58],[-14,-60],[25,-42],[43,10],[40,-11],[17,-61],[-26,-55],[-5,-39],[-9,-53],[-44,-57],[19,-52],[37,-52],[63,-34],[38,16],[6,35],[60,66],[-13,-53],[23,-35],[27,-9],[-15,-42],[-12,-89],[-30,41],[-54,8],[-85,-72],[-52,-15],[-29,-83],[5,-81],[36,-85]],[[82714,58159],[67,-22],[73,-42],[-1,-33],[80,-37],[35,-39],[20,28],[18,-38],[-41,-53],[81,-78],[-6,-47],[33,-9],[24,18],[81,-12],[-35,-50],[47,-85],[10,-65],[-24,-19],[6,-45],[81,-76],[65,7],[62,-31],[44,30],[37,-23],[49,-86],[1,-26]],[[83521,57326],[-21,-27],[-58,-23],[-30,8],[98,-207],[61,-35],[5,-34],[26,-19],[16,-69],[32,-51]],[[83650,56869],[-116,-80],[15,-49],[-18,-56],[-52,-47],[-203,-41],[9,32],[-20,36],[39,116],[29,108],[3,152],[-217,-173],[21,-35],[-27,-20],[-22,18],[-99,-169],[-79,-65],[-57,58],[-28,4],[-65,60],[-40,1],[-124,-64],[-72,-63],[20,-63],[-40,-1],[-49,-24],[-55,-76],[-138,-243]],[[84779,59489],[-117,-24],[-56,-46],[-72,-7],[-18,-80],[0,-115],[-202,-63],[-7,-50],[36,-30],[-32,-65],[-7,-46],[22,-20],[4,-78],[-44,-81],[12,-40],[-36,-45]],[[84262,58699],[-11,63],[-77,50],[-53,20],[-27,81],[-39,69],[-72,-43],[53,-24],[56,-70],[3,-24],[-58,-11],[-32,-19],[-6,-36],[-51,-23],[-62,-95],[-33,-26]],[[83853,58611],[-6,56],[-36,91],[-14,-3],[-34,59],[-15,46],[8,47],[-15,48],[-16,-4],[0,-90],[-19,-34],[-108,53],[-26,-6],[-45,20],[-49,-28],[-58,57],[-32,47],[-19,-5],[-41,57],[-37,-25],[-17,22],[-43,-1],[-66,71],[-43,36],[-62,17],[-35,37],[-68,-23],[-43,9]],[[83650,56869],[81,-103],[28,-60],[-8,-33],[17,-33],[-18,-75],[-19,-24],[-9,-60],[34,-35],[4,-66],[147,-145]],[[83907,56235],[-50,-80],[-31,-63],[-66,-183],[-31,-73],[-51,11]],[[83853,58611],[36,-135],[41,9],[18,-31],[12,-68],[-141,-58],[58,-128],[34,-93],[92,-13],[29,-48],[-36,24],[-36,1],[-36,-33],[76,-133],[32,-13],[28,-56],[7,-28],[-24,-58],[-50,16],[-56,-45],[-3,-29],[21,-53],[59,-73],[-171,-128],[-1,-1],[-191,33],[-130,-144]],[[84262,58699],[20,-16],[-8,-45],[61,-12],[11,-25],[52,12],[16,30],[73,67],[30,-32],[33,36],[44,-17],[41,5],[-2,-55],[37,-79],[-18,-15],[4,-48],[34,-59],[10,-47],[59,-24],[10,60],[65,23],[12,37],[40,10],[25,-55],[28,-29],[-41,-22],[21,-152],[44,-14],[27,-86],[50,-50],[-5,-65],[57,-7],[40,-16],[33,-39],[206,-74]],[[85371,57896],[-54,-38],[-112,-42],[-169,-105],[-128,-113],[-202,-217],[-179,-231],[-40,-65],[-2,-37],[-72,-85],[-85,-130],[-100,-138],[-68,-134],[12,-13],[-65,-80],[-113,-121],[-87,-112]],[[85988,58162],[-19,-45],[-79,-3],[-143,-36],[-135,-48],[-151,-66],[-90,-68]],[[49314,29065],[51,9],[55,-52],[79,-48],[27,-4],[47,-42],[35,-6],[52,-37],[28,-47],[96,-50],[60,10],[7,52],[29,17],[46,-20],[65,2],[83,-22],[113,6],[19,23],[89,62],[76,73],[2,42],[79,41],[65,-51],[17,61],[46,-7],[-9,25],[13,66],[-22,28],[5,75],[25,59],[16,98],[15,1],[58,-47],[71,44],[32,51],[24,59],[53,19],[23,39],[-6,70],[46,30],[19,45],[69,55],[-4,80],[27,105],[177,173],[-45,71],[-14,40],[6,104]],[[51159,30367],[24,-19],[142,-6],[10,-10],[43,-35],[33,-16],[24,-50],[56,-43],[102,-15],[42,6],[52,5],[14,-49],[45,-30],[29,9],[12,37],[36,27],[53,62]],[[51876,30240],[30,-56],[61,19],[40,-25],[-18,-51],[-39,-49],[10,-46],[31,-6],[14,-66],[28,-10],[21,25],[39,-26],[35,-72],[25,-6],[32,17],[10,-34],[39,-17],[17,-34],[60,20],[34,-6],[69,-62],[67,-35],[86,-15]],[[52567,29705],[54,-64],[84,-17],[27,-27],[56,-5],[37,-14],[30,-35],[103,-40],[80,-5],[82,-28],[6,-20],[3,-1],[79,-18],[107,-87],[39,-4],[12,-26],[76,-14],[20,-40],[66,-45]],[[53528,29215],[23,-66],[54,-43]],[[53605,29106],[-26,-35],[-16,-55],[-45,-84],[-46,-19],[-24,-55],[-7,-115],[-27,-25],[-58,20],[-64,-1],[-43,-39],[-74,46],[-18,-74],[12,-23],[-12,-73],[-18,-22],[4,-70],[-109,-65],[-28,-42],[-60,14],[-35,-24],[-63,41],[-32,-45],[-5,-71],[30,-31],[-32,-43],[-5,-46],[-21,-24],[34,-56],[-24,-62],[24,-18],[-10,-94],[40,-69],[-29,-37],[-42,-1],[-49,28],[-14,-17],[-36,48],[-58,-75],[-29,-21],[-16,-50],[31,-52],[-15,-65],[10,-27],[-55,-12],[-28,-33],[3,-37]],[[50397,30837],[-2,-71],[50,-15],[2,-41],[34,-13],[85,-57],[59,-21],[34,2],[70,-23],[17,-24],[35,1],[20,-26],[43,8],[29,27],[66,-8],[27,-28],[-9,-35],[18,-36],[62,1],[42,-29],[6,-27],[74,-55]],[[50823,31991],[73,-61],[35,0],[51,-44],[7,-105],[28,-56],[64,-46],[30,16],[28,43],[29,8],[46,-17],[0,-64],[146,-67],[6,-25],[47,-33],[34,-23],[110,-43],[32,-41],[22,-3],[29,-42],[59,-31],[87,-9],[34,-10],[22,-34],[37,-22]],[[51879,31282],[-28,-22],[-29,-100],[13,-69],[-15,-122],[-16,-29],[5,-139],[20,-55],[-12,-52],[-30,-65],[1,-36],[-51,-73],[-15,-53],[69,-8],[1,-52],[45,-17],[64,-1],[17,-29],[-46,-89],[4,-31]],[[52309,33984],[25,-51],[25,-92],[55,-77],[61,-52]],[[52475,33712],[-231,-83],[-4,-26],[-55,-35],[-92,-5],[-48,-42],[-26,-7],[52,-47],[15,-47],[57,-15],[56,-57],[63,-28],[75,-46],[87,-18],[88,-6],[38,21],[21,-45],[27,41],[12,-26],[60,1],[52,47],[80,-7],[19,-9],[49,32],[65,5],[47,-40],[48,-9]],[[53030,33261],[14,-68],[-5,-120],[-50,20],[-33,32],[-10,-64],[13,-115],[-15,-29],[-16,-129],[-47,-116],[-38,-65],[-48,-62],[12,-10],[10,-21],[-11,-51],[-32,-52],[-6,-32],[-34,-47],[105,-67],[-57,-32],[4,-75],[-22,-59],[-27,-24],[-1,-42],[-49,-76],[3,-29],[-23,-103],[-23,-57],[-24,-10],[4,-61],[-22,-63],[-52,-37],[-53,6],[-77,-82],[-33,-13],[-58,-106],[-25,-97],[-118,-169]],[[52186,31136],[-56,-25],[-54,31],[-9,30],[-31,15],[-25,34],[-25,38],[-68,-5],[-39,28]],[[52186,31136],[51,-21],[46,28],[57,-54],[33,-19],[53,-27],[19,-46],[48,-33],[25,4],[19,14],[79,-41],[52,15],[11,-57],[42,-71],[53,4],[22,-50],[-8,-49],[44,-22],[68,-13],[-13,-42],[26,-18],[80,46]],[[52993,30684],[-11,-61]],[[52982,30623],[2,-52],[-35,-62],[-12,-48],[-40,-84],[-26,-30],[2,-33],[-13,-24],[-16,-86],[-16,-15],[-22,-105],[21,-29],[50,-31],[-22,-25],[-13,-49],[-61,-18],[-82,-83],[-21,-54],[-18,-5],[-93,-85]],[[53741,35233],[-56,-111],[-3,-38],[17,-64],[31,-44],[-7,-31],[46,-108],[-12,-44],[29,-35],[-3,-41],[15,-28],[-20,-68],[23,-88],[63,-127],[-37,-93],[-62,-41],[-29,-4],[-18,-27],[-15,-69],[28,-28],[3,-33],[-30,-47],[13,-100],[-35,-28],[-13,-36],[28,-41],[6,-42],[-15,-34],[6,-116],[84,-58],[-24,-54],[-1,-66],[-13,-66],[-6,-6]],[[53734,33417],[-95,-36],[-27,8],[-51,-31],[-39,15],[-20,-64],[-45,28],[-55,-14],[-56,41],[-49,4],[-17,-25],[-27,-41],[-26,7],[-57,-11],[-42,20],[-30,-44],[-68,-13]],[[52475,33712],[24,-57],[17,-7],[30,-79],[47,79],[5,6],[117,-49],[-10,-29],[32,-29],[33,9],[11,32],[89,25],[-21,73],[58,19],[25,67],[-21,57],[33,-21],[60,8],[64,99],[-7,100],[23,65],[-59,13],[35,164],[27,23],[10,56],[8,56],[-47,84],[-12,82],[-64,78],[-9,58],[-20,31],[-72,47]],[[53734,33417],[-13,-107],[19,-29],[35,-2],[54,-73],[133,-12],[34,14],[91,-56],[24,29],[-18,64],[14,62],[0,103],[-15,43],[46,-6],[39,-50],[37,-9],[46,43],[12,-12]],[[54272,33419],[102,-57],[33,-8],[4,-38],[1,-32],[-48,-73],[3,-46],[-29,-95],[-51,-83],[-7,-53],[-35,-32],[-9,-78],[-73,-61],[47,-13],[20,-37],[33,20],[54,4],[28,-26],[-8,-44],[52,-29],[22,30],[42,19],[12,-40],[-37,-73],[11,-62],[63,50],[149,-37]],[[54651,32525],[-1,-50],[-22,-46],[7,-72],[-45,-108]],[[54590,32249],[-29,23],[-60,92],[-127,38],[-30,0],[2,-36],[-41,-32],[-39,11],[-46,-5],[-8,26],[-86,-39],[-45,-77],[5,-32],[-37,-78],[-11,-54],[-43,-22],[-54,-92],[-24,-2],[19,-43],[11,-49],[-21,-23],[-10,-105],[-67,-92],[-18,-44],[9,-27],[-7,-60],[-24,-44],[30,-51],[-168,-116],[1,-27],[-41,-80],[-5,-39],[-60,-53],[-23,-42],[-7,-53],[-28,-29],[0,-33],[-31,-36],[-35,-13],[-22,32],[-62,-4],[-33,-16],[-38,-28],[4,-26],[-32,-25],[-1,-28],[-81,-48],[-22,-39],[-66,-6],[-49,13],[-35,-19],[-12,-33]],[[53605,29106],[34,-35],[38,-19],[63,0],[57,-39],[44,6],[46,-26],[20,17],[35,-36],[64,-19],[-23,-59],[-10,-68],[-23,-32],[-13,-62],[3,-61],[-5,-105],[35,8],[51,-37],[43,6],[73,-31],[-32,-4],[-50,-42],[-17,-42],[-44,-47],[-72,-53],[-31,-63],[38,-71],[4,-48],[32,-61],[25,5],[15,-18],[65,-28],[31,26],[48,71],[62,-49],[32,-13],[25,-55],[11,-58],[33,8],[35,38],[55,-56],[24,-41],[-3,-29],[22,-42],[-38,-83],[5,-25]],[[54412,27734],[-37,-88],[17,-151],[33,-20],[-16,-44],[-11,-70],[-54,-72],[18,-77],[-13,-25],[7,-111],[-11,-10]],[[52982,30623],[32,16],[45,-41],[75,4],[0,-21],[83,-55],[37,-47],[12,-69],[70,-23],[12,2],[24,-38],[55,-42],[83,-26],[39,-32],[30,-15],[33,27],[46,1],[30,42],[116,-77],[85,-17],[28,33],[25,-14],[33,22],[27,-21],[79,13]],[[54081,30245],[2,-32],[29,-45],[32,-8],[93,-67],[20,9],[43,-27],[55,-54],[6,-29],[34,-37],[-36,-62],[-44,-40],[-30,12],[-95,-14],[-40,-46],[-36,11],[-4,69],[-28,14],[-14,-84],[7,-38],[-26,-175],[-56,-51],[9,-37],[-31,-43],[-52,-13],[-8,-91],[5,-42],[-92,-1],[-62,-34],[-50,10],[-18,-12],[-59,17],[-25,-11],[-58,-66],[-24,-13]],[[54590,32249],[29,-31],[33,-1],[-24,-90],[-49,-48],[0,-1],[149,-120],[10,-114],[-38,-32],[83,-88],[-11,-74],[-21,-28],[-19,-125],[-19,-11],[67,-6],[34,-15],[52,17],[12,-32],[67,-27],[33,-33],[28,-2],[49,-36]],[[55055,31352],[32,-108],[-13,-4],[-44,-95],[-57,-95],[15,-46],[-1,-57],[-23,-92],[-31,-8],[-55,-100],[16,-39],[-29,-82],[-38,9],[-47,-58],[-54,-2],[-20,-28],[-88,1],[-41,-55],[-29,35],[-1,34],[-30,-30],[-13,-37],[-44,-29],[1,-38],[-24,-97],[4,-26]],[[54441,30305],[-17,-22],[-91,30],[-20,-35],[-86,21],[-42,-33],[-44,8],[-19,-24],[-41,-5]],[[54441,30305],[56,-19],[31,14],[90,-40],[29,9],[69,-13],[44,18],[48,-8],[58,-26],[34,-48],[55,-40],[44,-19],[23,-37],[22,3],[26,-48],[56,-26],[43,-44],[-46,-107],[-33,-42],[20,-38],[-26,-33],[67,-67],[15,-31],[81,-31],[-13,-40],[6,-41],[-36,-54],[3,-46],[24,-43],[34,-23],[65,-24]],[[55330,29361],[20,-36],[100,-35],[9,-22],[28,-46],[6,-44],[32,14],[40,-13],[-3,-30],[34,-38],[31,22],[-10,-38],[79,-23],[-12,-71],[39,-23],[47,-117],[65,-19],[16,-46],[31,-30],[1,-49],[27,-14],[-37,-84],[-42,-23],[-51,-49],[-27,-67],[-46,-30],[-43,-2],[-74,32],[-15,-79],[-63,-72],[-19,-64],[-35,-3],[-16,57],[-22,28],[-41,-68],[-21,-13],[-37,26],[-25,51],[-33,-34],[-5,-28],[-38,-9],[-24,-29],[-4,-41],[-45,-22]],[[55147,28180],[-30,-2],[-72,-58],[-37,19],[-35,-8],[-10,27],[-64,18],[-7,-48],[-11,-68],[12,-103],[-12,-166],[-25,-30],[-25,8],[-30,-32],[-100,-26],[0,-63],[-55,-114],[-27,-68],[-29,9],[6,71],[-28,18],[-6,50],[-35,12],[-18,33],[-60,62],[-37,13]],[[54639,34881],[-24,-99],[0,-66],[-50,-44],[1,-25],[-78,-31],[-1,-48],[46,-15],[4,-53],[95,-24],[19,-31],[-6,-65],[18,-6],[17,-61],[-23,-53],[8,-70],[-4,-39],[-34,-20],[-36,-81],[-23,-23],[5,-66],[-23,-85],[-7,-15],[-1,-64],[-22,-101],[-30,0],[-42,-29],[-39,-6],[11,-92],[-64,-74],[-58,-45],[-26,-31]],[[55558,34834],[44,-4],[32,-100],[19,-3],[31,-87],[32,-54],[-1,-117],[-36,-47],[-65,14],[-7,-90],[-38,-77],[-19,-79],[-66,17],[-79,-41],[6,-37],[37,-39],[-35,-23],[15,-34],[70,-25],[-4,-31],[16,-14],[2,-57],[50,-97],[-40,-29],[-7,-24],[-67,-61],[-29,-61],[-1,-84],[-42,-98],[-13,-62],[-31,-40],[-38,-13],[-32,-52],[-81,-1],[-77,-54],[-39,-64],[-66,-28],[14,-43],[51,-26],[23,-54],[-27,-33],[-75,-56],[-18,-49],[-47,-60],[-23,29],[-74,0],[53,-61],[-27,-5],[-28,-52],[-60,-8],[-33,25],[-60,-47],[-26,-90],[9,-83]],[[55147,28180],[50,-107],[-3,-28],[28,-60],[-3,-25],[63,-83],[39,46],[58,-16],[21,-35],[49,-10],[10,-67],[56,-38],[16,76],[26,47],[4,37],[27,66],[29,44],[19,-12],[41,65],[5,39],[50,22],[26,-75],[73,-64],[6,-24],[-3,-18],[20,-45],[45,-19],[9,-36],[122,-33],[24,-26],[-14,-24],[41,-39],[-34,-30],[-41,-72],[-17,-67],[-12,-82],[15,-29]],[[55992,27458],[-1,-46],[18,-69],[-18,-51],[-3,-58],[17,-51],[-18,-19],[-43,17],[-71,-50],[-62,-21],[12,-22],[0,-56],[-20,-60],[38,-53],[23,-55],[-10,-27],[25,-64],[28,-20]],[[55907,26753],[-73,-21],[5,-129],[-33,-66],[-35,-31],[-44,32],[-52,-14],[-65,35],[-54,-23],[-34,-25],[-35,32],[-54,-4],[-41,23],[-39,41],[-33,-5],[-27,-45],[-51,-39]],[[55055,31352],[38,-14],[26,-34],[76,-34],[49,24],[-1,-44],[38,-82],[28,22],[39,-7],[1,-62],[21,-4],[29,38],[90,-10],[23,-13],[40,-43],[43,-10],[37,-80],[43,-39],[49,-71],[40,-90],[48,-54],[78,-50],[56,-52],[33,-3],[63,23],[79,-31],[28,-40],[11,-87],[20,-58],[47,-46],[36,-63],[75,-33]],[[56338,30305],[-7,-98],[-28,-14],[-29,-58],[19,-27],[-23,-95],[21,-53],[-37,-72],[-25,-74],[-26,34],[-43,23],[-51,3],[-46,5],[-23,-16],[-46,36],[-21,12],[-5,-47],[-38,-51],[-103,-69],[-39,-52],[-39,-15],[-14,-35],[-29,-12],[-7,-40],[-30,-55],[8,-21],[-31,-72],[-79,65],[-38,0],[-56,-62],[-54,3],[-47,-30],[-42,-57]],[[56662,33950],[-9,-22],[56,-52],[5,-83],[12,-62],[22,-26],[-16,-132],[-12,-27],[13,-93],[58,-7],[53,-130],[37,-22],[16,-37],[-28,-103],[20,-33],[36,-7],[-22,-138],[-27,-27],[-69,29],[-35,52],[-44,-19],[-19,37],[-66,15],[-13,-21],[-2,-71],[35,-38],[-47,-13],[0,-45],[18,-20],[-15,-73],[18,-73],[42,-20],[9,-39],[-10,-52],[19,-32],[-7,-43],[32,0]],[[56722,32523],[-3,-34],[-49,-89],[21,-46],[-34,-49],[-8,-63],[9,-31],[-59,-94],[20,-54],[-15,-24],[47,-58],[-10,-14],[-32,-40],[-12,-72],[27,-36],[-1,-42],[-31,-86],[-5,-63],[-31,-20],[-12,-40],[19,-11],[-9,-61],[-38,-31],[-21,-72],[-45,-62],[-40,-17],[-37,-85],[-12,-25],[29,-85],[69,-16],[32,-79],[2,-51],[76,-4],[69,16],[55,-5],[26,-98],[-31,-49]],[[56688,30833],[-58,-67],[-21,-56],[-33,-9],[-37,-32],[-9,-50],[-54,-74],[-6,-32],[-96,-46],[-30,-57],[21,-78],[27,-28]],[[56392,30304],[-54,1]],[[56392,30304],[20,43],[35,17],[49,1],[30,-30],[2,-66],[27,-64],[32,-36],[39,-77],[47,-9],[89,-52],[60,10],[91,30],[25,-24],[-2,-43],[-57,-77],[-6,-39],[34,-43],[123,-43],[28,-28],[23,-92]],[[57081,29682],[-29,-25],[3,-41],[58,-25],[32,-45],[-10,-40],[-31,-48],[-12,-57],[44,-19],[20,-23],[9,-60],[-18,-90],[-14,-58],[21,-36],[30,-10],[-29,-92],[44,-27],[31,-38],[-14,-60],[47,-50],[69,11],[11,-71],[28,-26],[17,-67],[29,-74],[57,-127],[42,-83],[35,-32],[9,-53],[-12,-49],[9,-38],[50,-39],[39,-42],[0,-24],[-47,-18],[-22,-50]],[[57577,28056],[-41,-46],[-26,-101],[18,-56],[27,-48],[-44,-6],[-19,-62],[8,-25],[-10,-69],[-28,-104],[-35,-19],[-25,-51],[-51,-26],[-39,38],[-24,-47],[1,-52],[-52,-123]],[[57237,27259],[-128,-15],[-86,19],[-18,30],[-83,24],[-39,-5],[-38,-34],[-27,46],[-40,-45],[-40,26],[7,70],[15,34],[-17,71],[-40,17],[-17,55],[-74,82],[-4,96],[-28,-20],[-54,7],[-39,-27],[-36,-97],[-35,-7],[-29,6],[-28,-51],[-33,-18],[-9,-29],[-45,29],[-52,-31],[-13,-25],[-71,25],[-45,-12],[-8,-21],[-52,-21],[-39,20]],[[55907,26753],[52,-7],[12,-69],[28,-24],[23,12],[30,-48],[32,-19],[-7,-36],[94,-12],[23,17],[43,-1],[27,-59],[-7,-50],[11,-111],[29,-10],[42,-55],[-2,-35],[23,-116],[-41,-20],[32,-29],[-7,-43],[-23,-40],[-3,-34],[25,-68],[-30,-32],[24,-26],[-14,-34],[-35,-8],[-88,32],[-49,-20],[-53,43],[-43,-33],[-53,-22],[2,-28],[-24,47],[-50,52],[-117,-67],[-8,-133],[23,-38],[-29,-19],[-11,-56],[-42,-55]],[[55746,25499],[-17,34],[-60,52],[-34,-6],[-44,38],[-37,3],[-52,43],[-14,51]],[[55746,25499],[7,3],[51,-49],[36,14],[28,-48],[44,-25],[-10,-116],[37,-35],[36,-7],[24,-30],[4,-64],[64,-11],[25,-89],[29,-58],[57,41],[23,0],[43,40],[56,-3],[46,-20],[64,50],[60,-22],[-1,-35],[37,-32],[42,7],[94,-3],[-5,68],[19,31],[49,25],[17,68],[33,34],[38,-17],[30,48],[95,4],[20,-14],[64,29],[62,15],[38,30],[36,-5],[65,-102],[45,-13],[30,65],[45,9],[67,32],[38,-8],[47,37],[47,-22],[74,5],[28,28]],[[57624,25354],[23,27],[35,-12],[57,56],[46,-8],[2,38],[31,-12],[-4,-32],[40,-5],[20,-22],[1,-108],[32,0],[31,-95],[9,-60],[44,-30],[2,-57],[61,-29],[22,-16],[-4,-85],[33,-14],[-23,-57],[52,-41],[-7,-34],[47,-55],[39,-26],[78,38],[37,-55],[82,-40],[21,33],[53,-4],[36,-16],[13,-35],[-18,-47],[39,-9],[10,-79],[89,-112],[12,-63],[-14,-66],[87,15],[49,-19],[46,-41],[19,-43],[39,-36],[69,-41],[20,-58],[36,-52]],[[59016,23947],[-58,13],[-66,-54],[-86,-5],[-14,-22],[-8,-91],[-74,-45],[-100,18],[-10,-66],[-59,-62],[-57,-25],[-8,-17],[-64,-3],[-49,15],[-16,-31],[-47,-28],[-1,-41],[-80,-38],[-22,4],[5,54],[-29,-2],[-43,25],[-49,-54],[-13,-6],[-48,102],[-41,12],[-46,0],[-53,-66],[-38,24],[-22,-20],[-1,-39],[-36,-10],[-28,-33],[-31,40],[-9,42],[-58,-40],[-57,-69],[34,-25],[93,15],[16,-27],[51,20],[49,-95],[-8,-34],[-47,-35],[-32,-67],[-35,2],[-35,22],[-38,-21],[-29,-38],[-44,-28],[-86,-3],[-29,-57],[-46,-55],[-79,-42],[-10,-26],[-72,-47],[-62,-28],[19,-81],[58,3],[31,-96],[17,-30],[-64,-21],[-58,-54],[-56,-17]],[[57237,27259],[16,-56],[-74,-62],[3,-49],[-55,-52],[9,-43],[40,-4],[76,-39],[35,-7],[32,-67],[-1,-62],[-37,-99],[30,-60],[49,-36],[-23,-60],[31,-57],[-16,-60],[-5,-95],[19,-31],[-21,-106],[-28,-16],[-41,-71],[3,-45],[92,-49],[46,3],[1,-51],[71,-9],[65,32]],[[57554,26008],[35,-48],[4,-26],[-13,-103],[-35,-64],[8,-124],[26,-10],[15,-62],[-18,-58],[-33,-6],[-6,-43],[47,7],[-3,-58],[29,-4],[14,-55]],[[56722,32523],[30,-3],[39,-35],[52,-66],[85,2],[73,-52],[33,-40],[19,17],[36,-12],[4,-28],[22,-27],[46,-20],[75,-10],[41,-47],[59,-11],[20,2],[130,-126],[34,-18],[40,-48],[15,-11],[58,-53],[149,-79],[47,-42],[-22,-54],[10,-41],[-41,-34],[-16,-43],[33,-58]],[[57793,31586],[0,-102],[-42,-18],[-19,28],[-37,13],[-61,-37],[-42,13],[-55,-14],[-15,12],[21,-36],[20,6],[74,-36],[44,-60],[24,-85]],[[57705,31270],[-29,-41],[-35,22],[-13,-52],[-34,-55],[-2,-44],[-31,-74],[-13,-29],[-59,-18],[-18,-48],[-67,3],[-44,-19],[-36,29],[-71,24],[-23,39],[-85,-1],[-38,27],[-20,36],[-100,-68],[-9,-71],[-78,3],[3,-76],[-18,-6],[-60,-64],[-80,-17],[-57,63]],[[57705,31270],[17,-17],[15,-55],[31,-1],[27,-62],[47,-4],[41,-36],[50,24],[48,-7],[18,31],[72,-32],[29,9],[23,63],[83,0],[20,-20],[60,8],[33,-27],[5,-41],[48,-37],[-53,-63],[-56,-15],[-24,-23],[-67,8],[2,-45],[-56,-45],[-26,-64],[-53,-44],[-3,-35],[85,-3],[15,45],[46,-20],[5,-33],[37,-34],[57,33],[27,-8],[30,25],[94,8],[106,19],[81,20],[65,66],[60,28],[35,-25],[23,41],[11,-19],[14,-69],[44,-25],[13,-39],[28,3],[49,-71],[-6,-31],[29,-58],[47,-16],[-7,-33],[28,-15],[-2,-41],[24,-44],[49,-8],[52,11],[28,45],[33,-38],[50,15],[54,-74]],[[59340,30395],[-23,-69],[-63,-95],[-19,-5],[-20,-34],[-8,-72],[-76,-29],[-25,-26],[43,-65],[-2,-43],[-49,-57],[-1,-38],[-12,-44],[-37,-26],[30,-52],[-76,-49],[-45,51],[-29,-46],[-8,-50],[-42,0],[16,-40],[-26,-84],[-70,5],[-30,-22],[-56,2],[-53,-28],[-42,13],[-21,29],[-12,61],[-59,22],[-27,72],[-26,12],[-11,-45],[-52,-94],[2,-107],[-24,-3],[-25,-40],[8,-29],[-19,-37],[17,-83],[-52,-37],[-54,80],[-48,-18],[-50,31],[-37,-18],[-33,-39],[-35,14],[-7,-6]],[[58052,29257],[-26,38],[-44,17],[-47,80],[-16,-22],[-80,-36],[-37,65],[-58,28],[-40,34],[-46,41],[-42,16],[-71,98],[-15,38],[-75,16],[-14,45],[-59,22],[-66,-28],[-97,12],[-42,-50],[-73,-21],[-23,32]],[[58126,34272],[63,-71],[45,21],[31,-19],[55,8],[-7,-32],[36,-67],[29,1],[25,34],[1,37],[36,3],[-21,-84],[4,-21],[44,-21],[63,-11],[10,34],[73,-17],[3,-71],[29,25],[80,-15],[46,-35],[-5,-42],[14,-101]],[[58780,33828],[-22,-14],[-33,-56],[-29,-77],[15,-108],[-50,-122],[-24,-45],[-24,13],[-37,-27],[-87,-18],[-18,-36],[5,-42],[-33,-41],[-36,-9],[-24,-33],[-59,21],[-68,-33],[8,-27],[67,-44],[8,-28],[53,-41],[-3,-43],[-58,-50],[-8,-46],[32,-46],[-9,-89],[39,-76],[59,10],[28,-51],[49,2],[29,-98],[-32,-53],[5,-22],[39,-21],[5,-45],[-19,-26],[10,-30],[66,-61]],[[58624,32316],[-111,-139],[-59,-55],[-123,-5],[-59,16],[-35,-88],[0,-41],[-40,-14],[-13,-30],[-60,-51],[7,-33],[89,13],[34,-37],[59,-3],[53,16],[14,-21],[-42,-13],[-43,-41],[10,-38],[-57,-35],[58,-47],[-28,-23],[-58,-80],[-77,-10],[-13,-58],[-50,-40],[-20,27],[12,46],[-52,13],[-126,-17],[-10,46],[-65,18],[-26,-6]],[[58052,29257],[23,-64],[55,-18],[23,-72],[4,-63],[46,-56],[59,-11],[6,-25],[57,-44],[155,55],[-23,54],[82,-14],[45,29],[44,-46],[96,-51],[61,9],[71,70],[33,2],[33,68],[-1,132],[40,-11],[68,-102],[41,-8],[59,17],[40,-46],[17,-50],[46,-26],[-7,-36],[39,-69],[8,-39],[-40,-11],[-26,-104],[-34,-52],[-10,-74],[-45,-31],[-15,-121],[13,-44],[-8,-40],[60,-18],[18,-50]],[[59185,28297],[-42,4],[-40,-51],[-66,-27],[14,-18],[-46,-46],[4,-34],[-75,-30],[-26,1],[-41,-19],[-38,-33],[-16,52],[-42,-4],[-120,64],[-64,0],[-74,-80],[-28,-7],[-55,-49],[24,-83],[-30,-86]],[[58424,27851],[-40,25],[-77,-35],[-52,-35],[-57,41],[-40,76],[-67,69],[-78,40],[-85,-15],[-54,-13],[-23,-58],[-77,-33],[-31,23],[-39,-18],[-47,26],[-11,52],[-51,45],[-18,15]],[[59016,23947],[43,46],[38,-2],[48,52]],[[59145,24043],[59,-19],[24,-45],[-16,-24],[70,-25],[6,-29],[41,6],[76,-10],[108,47],[-25,30],[21,50],[49,22],[53,73],[60,0],[55,24],[30,-43],[-38,-60],[-13,-67],[20,-32],[34,44],[58,49],[27,-7],[23,85],[27,23],[45,-28],[64,-17],[14,-46],[31,-28],[25,11],[6,42],[23,21],[67,-45],[11,18],[59,15],[46,33],[30,51],[43,22],[27,-14],[28,22],[52,5],[27,-30],[35,-10],[69,14],[55,35]],[[60651,24206],[67,-5],[66,-32],[23,11]],[[60807,24180],[-17,-19],[-61,-18],[5,-71],[-50,-19],[-39,-38],[-59,-15],[-19,-38],[-68,-44],[-14,-63],[-34,-55],[0,-29],[33,-32],[-38,-32],[-12,-64],[22,-70],[-10,-73],[-61,-1],[-34,-19],[-6,-73],[-35,-26],[64,-36],[42,-54],[48,9],[63,-17],[30,-36],[74,17],[42,-17],[13,25],[49,8],[67,-12],[12,-15],[5,-71],[-13,-47],[20,-33],[63,-37]],[[60889,23065],[-31,-34],[-100,-72],[-89,-78],[-23,-28],[-88,-75],[1,-31],[-50,-11],[-240,-163],[-71,-42],[-27,-28],[-59,-34],[-17,-32],[-104,-44],[-178,-111],[-104,-79],[-263,-230],[-164,-154],[-68,-71],[-58,-73],[-31,-56],[-11,-64],[-50,-3],[29,-141],[-29,-25],[-30,-106],[-75,-57],[-37,-43],[-124,-106],[-155,-173]],[[58424,27851],[32,-38],[22,57],[33,6],[14,-48],[35,-28],[58,-12],[32,-26],[35,22],[108,-1],[-12,-47],[16,-14],[-22,-90],[23,-81],[46,-49],[73,43],[36,-39],[-29,-48],[1,-95],[-18,-64],[5,-28],[-34,-15],[76,-64],[49,-80],[44,-29],[19,27],[63,14],[-37,-65],[-10,-50],[36,-44],[-11,-35],[20,-60],[-39,-59],[10,-32]],[[59098,26779],[-23,-5],[-8,-45],[-41,0],[-11,-43],[-49,-13],[-10,-28],[-66,-2],[-6,-51],[-39,-36],[-22,33],[-38,26],[-87,-25],[-76,17],[-11,-37],[-45,-30],[5,-100],[-31,-82],[-66,-31],[-44,-33],[-3,-27],[-32,-27],[12,-66],[34,-21],[-5,-41]],[[58436,26112],[-51,6],[-28,38],[-49,19],[-29,-22],[-52,-4],[-6,-36],[-47,-19],[3,-34],[-42,36],[-49,8],[-7,48],[-25,14],[-43,-26],[-116,36],[-29,-23],[-72,-8],[-35,-15],[-32,-43],[-28,-2],[-18,-42],[-84,-29],[-43,-6]],[[61144,31241],[-26,6],[-114,-131],[-46,-31],[-35,63],[-26,7],[-40,-43],[-13,-53],[-25,-20],[10,-10],[-51,-126],[3,-33],[-52,-21],[-22,-54]],[[60707,30795],[-51,-20],[-33,-42],[2,-60],[-12,-66],[11,-22],[-36,-73],[-39,5],[-53,-32],[-49,-10],[-19,-63],[-39,-13],[-40,-37]],[[60349,30362],[-26,31],[-57,24],[-18,27],[-139,60],[-44,-7],[-28,25],[-57,-7],[-61,35],[-21,-95],[-36,-22],[-40,0],[-55,-22],[-20,-55],[-7,-90],[-21,-30],[-48,-34],[-32,-59],[-28,-14],[-71,57],[-84,-21],[-8,51],[-39,31],[9,34],[33,17],[-14,86],[-30,-2],[-30,46],[-37,-33]],[[58624,32316],[64,-33],[26,9],[25,-25],[33,2],[29,-25],[54,0],[64,-59],[49,-20],[27,61],[115,77],[96,-63],[31,37],[50,-15],[31,-50],[46,38],[59,-42],[59,45],[39,-19],[38,13],[-13,41],[30,58],[50,25],[15,30],[37,14],[20,32],[23,14],[44,-30],[56,36],[5,56],[26,39],[-7,41],[8,87],[48,44],[35,5]],[[59936,32739],[32,18],[-15,-65],[52,20],[28,-47],[-1,-28],[61,7],[68,27],[5,-25],[40,-47],[37,-3],[-3,-40],[45,22],[48,-25],[-29,-36],[64,-72],[34,-5],[15,-26],[91,-22],[10,-74],[22,-8],[41,32],[62,25],[39,-45],[46,-28],[42,20]],[[58436,26112],[34,-48],[66,9],[22,46],[65,37],[35,-24],[75,-132],[46,-17],[-6,-116],[66,-47],[7,-85],[11,-25],[92,3],[61,43],[49,13],[39,-29],[-27,-67],[17,-42],[29,1],[22,29],[38,15],[15,-18],[39,11],[39,-47],[10,-51],[52,14],[32,-30]],[[59364,25555],[0,-1],[45,-47],[-7,-32],[20,-33],[-21,-91],[-28,-2],[-21,-46],[-55,3],[-21,20],[-24,-35],[-40,-17],[-10,-27],[-69,11],[21,-108],[24,-20],[13,-108],[56,-62],[34,-22],[-19,-50],[-39,-88],[15,-53],[-4,-40],[40,-53],[9,-52],[-17,-30],[-47,-19],[-29,-79],[17,-85],[17,-25],[102,-18],[0,-29],[-27,-41],[-55,-12],[-27,-29],[22,-36],[-34,-67],[-85,-64],[25,-25]],[[60112,34567],[12,-43],[15,-42],[57,-85],[-21,-120],[-29,-9],[-25,-67],[-62,-52],[-23,14],[-63,-22],[33,-55],[-40,-42],[-19,-58],[34,-86],[-18,-64],[-77,-26],[5,-81],[34,-17],[18,-50],[-2,-53],[-30,-76],[11,-33],[-87,-39],[6,-24],[60,-26],[41,-105],[-25,7],[-35,-27],[7,-31],[-23,-46],[-50,-24],[-47,-37],[-2,-31],[-44,-9],[-35,-62],[-33,-28]],[[59655,33018],[-47,-5],[-5,40],[-46,5],[-18,44],[8,44],[-57,4],[-36,24],[17,37],[-62,34],[2,50],[-49,133],[-79,14],[-32,33],[37,15],[-36,50],[16,46],[-27,28],[-24,-27],[-70,12],[-30,32],[-23,-8],[-73,19],[0,21],[-33,9],[-31,50],[-54,55],[-45,23],[-39,-38],[-39,66]],[[60349,30362],[43,-91],[46,16],[66,-7],[14,-28],[-31,-28],[-2,-59],[22,-47],[-11,-49],[56,-29],[23,-40],[-2,-19],[-83,-55],[-35,-63],[26,-24],[-20,-64],[24,-7],[43,-78],[54,13],[21,-37],[-14,-73],[25,-116],[-44,-10],[-18,-32],[100,12],[79,-30],[7,-81],[20,-31],[-4,-39],[-37,-14],[-29,-35],[33,-27],[-6,-32],[43,-57]],[[60758,29101],[-81,22],[-45,0],[-39,-28],[-55,-1],[-62,37],[-33,-12],[-68,-3],[-51,32],[-92,55],[-21,-42],[-109,-16],[-44,40],[-64,-38],[-31,16],[-28,-15]],[[59935,29148],[-53,52],[-48,68],[-23,-29],[-47,9],[-23,37],[-8,57],[-57,-44],[-60,-20],[-42,-38],[-2,-54],[-17,-31],[-54,-4],[-20,-55],[-29,-38],[23,-45],[60,-49],[2,-54],[18,-21],[48,11],[-7,-40],[37,-98],[6,-32],[-30,-65],[22,-60],[-47,3],[-12,-40],[-53,-37],[7,-24],[-65,-145],[-14,-90],[39,-33]],[[59486,28239],[-37,-9],[-43,-20],[-28,35],[-69,11],[-31,31],[-44,12],[-49,-2]],[[59655,33018],[8,-25],[40,-21],[12,-30],[42,-11],[34,-40],[54,2],[0,-54],[32,-21],[5,-51],[54,-28]],[[59486,28239],[39,-21],[32,-58],[-12,-20],[57,-28],[63,26],[52,-71],[-5,-75],[22,0],[13,45],[7,-20],[65,-59],[29,-3],[33,29],[21,-6]],[[59902,27978],[8,-58],[60,-45],[2,-82],[23,-19],[-1,-73],[33,-82],[-41,-4],[-21,-60],[16,-20],[68,59],[42,-59],[1,-32]],[[60092,27503],[-43,-28],[36,-47],[-5,-34],[-79,-201],[46,-19],[50,6],[43,-21],[33,-34],[20,-50],[32,-32],[62,-7],[18,-32],[-1,-100],[-41,-23],[35,-48],[4,-26],[-40,-47],[-28,23],[-71,-55],[1,-42],[26,-19],[8,-72],[24,-46],[-14,-17]],[[60208,26532],[-13,-15],[-68,-6],[0,-39],[-33,2],[-26,57],[-36,27],[-44,-21],[-51,6],[-20,21],[-40,-29],[-61,11],[34,60],[-42,17],[-34,-17],[-40,37],[-25,44],[-51,29],[49,50],[2,45],[-84,202],[-23,18],[-25,-51],[-52,3],[-28,36],[-7,38],[-93,52],[-42,-169],[41,-86],[72,18],[33,-57],[-24,-46],[-54,-4],[17,-37],[-18,-44],[-78,-79],[36,-44],[-21,-94],[2,-48]],[[59361,26419],[-58,-11],[-2,-45],[-45,15],[-22,24],[-75,1],[-8,49],[16,73],[-10,84],[-38,0],[-3,50],[55,35],[-38,76],[-35,9]],[[59361,26419],[25,-33],[-29,-32],[-3,-88],[10,-44],[42,0],[50,-60],[7,-39],[-9,-78],[8,-33],[-27,-25],[91,-32],[-18,-28],[33,-24],[7,-87],[-38,-6],[-39,-29],[-34,-75],[31,-33],[-60,-23],[3,-65],[-31,14],[-16,-44]],[[60208,26532],[33,-54],[-25,-77],[8,-45],[65,33],[76,47],[13,48],[32,14],[30,-32],[41,23],[-9,-40],[32,-70],[33,11],[41,-7],[-6,-35],[22,-33],[110,-19],[17,-18],[118,-31],[38,-54]],[[60877,26193],[-39,-57],[-28,-19],[-52,-4],[-45,19],[-1,-49],[16,-51],[33,-16],[13,-61],[-27,-15],[5,-33],[62,-29],[16,-84],[32,13],[-4,-71],[80,5],[6,33],[-43,2],[21,80],[40,-10],[68,16]],[[61030,25862],[-3,-84],[13,-34],[-12,-56],[12,-40],[51,-31],[-12,-65],[14,-57],[31,-33],[2,0],[3,-56],[-47,-22],[14,-38],[-57,-77],[-12,-40],[-12,-33],[-38,-41],[-16,-47],[-34,-20],[-2,-43],[41,-29],[-1,-67],[37,-73],[21,1],[3,-80],[25,-51],[42,-39],[27,1],[3,-20],[-61,-14],[-1,-54],[-29,-27],[-95,12],[-101,-18],[-22,-26],[-23,-111],[-39,-42],[-8,-33],[-52,9],[-37,-21],[-11,-54],[32,-80],[-25,-23]],[[59935,29148],[33,-62],[25,-101],[12,-50],[36,-13],[34,29],[48,-9],[0,-53],[10,-77],[30,-75],[-1,-3],[10,-43],[-7,-51],[12,-32],[-3,-56],[-39,-145],[30,-64],[-4,-37],[0,-18]],[[60161,28288],[5,-86],[-64,-71],[2,-109],[-29,0],[-45,-27],[-21,43],[-65,-18],[-42,-42]],[[60161,28288],[43,-8],[37,-29],[98,-30],[38,-39],[140,31],[14,-45],[41,0],[51,-40],[36,24],[54,91],[51,-6],[19,-19],[59,-111],[35,31]],[[60877,28138],[13,-14],[52,19],[43,-19]],[[60985,28124],[6,-27],[-48,-83],[-43,-21],[-38,1],[-57,25],[-49,6],[-54,-29],[-45,17],[50,-40],[-18,-72],[-16,-16],[-35,-36],[30,-57],[-51,-41],[-34,-77],[-28,-26],[-7,-74],[-69,14],[-45,-67],[-35,47],[-47,37],[-35,-44],[-17,-21],[-104,-19],[-5,-19],[-60,-34],[-39,35]],[[60758,29101],[6,-1]],[[60764,29100],[7,-34],[-14,-90],[11,-55],[-21,-75],[-47,-24],[-26,-15],[35,-44],[-30,-49],[70,-87],[32,-28],[38,21],[23,-26],[51,-18],[21,21],[78,-30],[25,-90],[-32,-113],[1,-38],[-45,-35],[-21,-56],[-3,-50],[-40,-47]],[[60985,28124],[29,-8],[-2,-48],[43,-55],[8,-71],[14,-22],[-29,-46],[11,2],[40,-13],[15,28],[41,0],[35,44],[59,-18],[24,-52],[23,20],[37,-2],[12,-31],[46,36],[28,42],[29,-7],[-11,-69],[11,-21]],[[61448,27833],[11,-56],[-72,-51],[-3,-83],[-69,-43],[-4,-20],[93,-13],[19,-37],[-14,-37],[49,-38],[2,-43],[52,-78],[-12,-129],[4,-46]],[[61504,27159],[-45,16],[-4,-28],[22,-42],[-4,-31],[53,5],[18,-60],[-32,-25],[-44,14],[-81,-15],[23,-47],[8,-19],[-26,-28],[-38,-7],[-9,-29],[-38,-28],[-8,-36],[36,-84],[14,-52],[-27,-21],[-59,-48],[-51,5],[-65,-53],[-3,-75],[-58,81],[-29,71],[-26,14],[-46,4],[-40,-14],[7,-87],[-57,-11],[-13,-21],[-52,6],[-6,-42],[19,-74],[42,-84],[-14,-52],[27,-39],[-15,-30],[-6,0]],[[61784,28534],[-27,38],[-31,-17],[-39,36],[-50,-27],[-18,49],[-40,5],[-13,27],[-93,23],[-69,34],[6,105],[-3,77],[39,30],[2,36],[37,42],[-1,38],[-24,15],[-37,-44],[-71,-17],[-41,-25],[-36,12],[-37,46],[-38,-1],[-41,31],[-62,-3],[-11,23],[-76,56],[-29,50],[-71,-53],[-18,-58],[-53,50],[-75,-12]],[[60707,30795],[-17,-60],[31,-8],[27,27],[31,-22],[-6,-50],[25,-12],[70,16],[45,-43],[33,15],[15,-41],[-12,-42],[51,-3],[3,-30],[42,-25],[-32,-54],[27,-11],[5,-95],[46,-43],[50,3],[18,-60],[65,-21],[5,-67],[32,-51],[-6,-45],[-43,-17],[8,-33],[42,-51],[48,-83],[-17,-72],[31,-13],[53,12],[68,78],[36,-9],[66,37],[7,35],[35,11],[23,-19],[6,-56],[91,-111],[45,-23],[40,35],[89,-50]],[[60807,24180],[46,37],[38,-60],[42,-21],[27,38],[51,-58],[10,-52],[26,-23],[40,22],[41,-31],[37,44],[54,31],[17,-31],[60,-4],[40,57],[32,10],[-30,91],[60,25],[56,66],[51,23],[43,-9],[67,-89],[-26,-41],[30,-14],[33,10],[47,-12],[66,34],[51,-19],[24,-36],[36,38],[-4,24],[53,25],[51,13],[78,54],[75,91],[49,11],[116,122],[15,62],[57,26],[62,13],[27,49],[37,-4],[47,25],[27,-13],[-2,-44],[94,81],[42,6],[42,77],[28,-1],[41,-39],[27,-7],[43,47],[98,24],[60,22],[29,-46],[45,7],[35,33],[56,-9],[76,33],[33,27],[49,-1],[12,-20],[52,21],[16,62],[44,33],[85,-2],[30,26],[26,-13],[-8,-51],[91,-34]],[[63710,24936],[-11,-29],[9,-58],[-111,-107]],[[63597,24742],[-128,-15],[-104,-28],[-220,-92],[-53,0],[-94,-45],[-53,-63],[12,-21],[-8,-61],[-59,-42],[-32,-62],[32,-21],[-39,-50],[-7,-64],[-36,-15],[-31,21],[-60,-13],[-34,-21],[-54,-66],[-31,27],[-19,-21],[-36,7],[10,64],[32,10],[-16,30],[-52,31],[-37,-1],[-65,3],[10,-58],[-29,-8],[4,-69],[-58,26],[-83,-24],[-194,-88],[-134,-71],[-141,-78],[-88,-55],[-297,-180],[-108,-82],[-99,-70],[-135,-126],[0,-56],[-39,-64],[28,-83],[-41,-33],[-74,-24],[-48,-26]],[[62008,28187],[-48,-55],[-44,-31],[-77,-14],[-43,-61],[-20,-64],[-27,-13],[-11,-35],[-39,-2],[-33,34],[-56,-11],[-26,-10],[-56,-86],[-80,-6]],[[61030,25862],[59,30],[122,32],[49,11],[33,33],[43,0],[75,71],[67,-24],[45,12],[32,61],[38,-19],[78,33],[97,-4]],[[61768,26098],[61,-25],[83,8],[3,-1],[32,2],[0,36],[20,42],[38,-30],[31,13],[76,-27],[65,7],[79,-84],[82,-13],[48,-107],[39,62],[41,30],[42,11],[32,50],[25,8],[57,58],[7,67],[102,35]],[[62731,26240],[72,-10],[86,-94],[74,-32],[-9,-50],[23,-4],[-15,-22],[33,-55],[47,-22],[29,-36],[3,-45],[89,-95],[34,-60],[25,-20],[66,8],[22,-82],[37,-18],[38,-64],[-25,-75],[-1,-43],[48,5],[63,-32],[51,32],[36,7],[53,38],[65,-45],[6,-20],[55,16],[-6,-36],[41,-5],[54,-87],[-3,-37],[12,-79],[19,-43],[72,-51],[-11,-38]],[[63914,25046],[-40,-31],[-48,-48],[-44,-7],[-35,-30],[-37,6]],[[61504,27159],[42,-4],[53,25],[23,-46],[48,12]],[[61670,27146],[2,-28],[77,-30],[9,-53],[61,20],[22,-15],[-10,-76],[7,-35],[-39,-74],[-30,1],[-11,-52],[19,-13],[25,-74],[38,-75],[-18,-46],[16,-66],[-5,-52],[15,-96],[34,-53],[-14,-92],[-43,-35],[-70,6],[-2,-57],[15,-53]],[[62151,28103],[-78,-56],[13,-43],[-43,-15],[-26,-38],[-10,-43],[21,-47],[-15,-54],[8,-110],[-30,-21],[-25,-44],[-5,-51],[26,-20],[2,-47],[-20,-31],[11,-28],[18,-71],[-20,-22],[-51,8],[-36,-31],[-92,-3],[-10,-17],[-30,-15],[-19,-84],[-58,-18],[-12,-56]],[[63206,26971],[20,-48],[-27,-93],[3,-40],[-68,-47],[-10,1],[-21,-32],[-66,-32],[-34,-44],[-11,-37],[-28,-16],[-3,-32],[-47,-41],[-51,-11],[-25,-63],[-9,-37],[-85,-91],[-13,-68]],[[63826,27105],[21,3],[4,-91],[39,-54],[52,4],[95,30],[7,-13],[-21,-48],[-2,-72],[-66,-49],[-42,-53],[25,-54],[29,-98],[30,-24],[36,14],[65,-125],[8,-96],[75,-50],[-1,-29],[-32,-49],[-38,-65],[-31,-16],[49,-86],[7,-38],[-38,-63],[-32,-26],[-4,-31],[39,-18],[129,-89],[-19,-28],[-7,-57],[43,-26],[39,-4],[-54,-98],[5,-78],[27,-28],[53,-12],[-4,-49],[29,-19],[2,-41],[21,-44],[-16,-40],[35,-18],[10,-50],[70,-17],[-16,-31]],[[64447,25179],[-37,-5],[-27,19],[-83,-80],[-42,19],[-74,-105],[-62,-36],[-56,29],[21,36],[-34,23],[-115,-34],[-24,1]],[[66049,25659],[-56,6],[-74,-28],[-48,-2],[-76,-19],[4,48],[-54,30],[-38,-14],[-16,69],[-37,12],[-22,-34],[-53,-24],[-19,-54],[-64,-54],[-33,8],[-47,-50],[-37,13],[-25,-22],[-25,19],[-31,-43],[18,-63],[-33,-87],[-22,-10],[-42,15],[-56,-60],[-38,46],[-59,-32],[31,-63],[-44,-8],[-28,43],[-65,-20],[-22,-50],[23,-12],[24,-62],[-65,-14],[-15,-23],[-76,26],[7,17],[-42,17],[-49,-15],[-46,-44],[-42,-72],[-65,-24],[-34,33],[-40,-47],[-16,-37],[-9,-72],[10,-63],[12,-32],[48,-42],[-29,-34],[30,-78],[-5,-63],[-16,-39],[-59,-21],[-71,29],[-84,-56],[-64,52],[-59,81],[-141,-18],[3,34],[-118,35],[-80,4],[-27,15],[-56,-2],[-27,21],[-51,-14],[-39,29],[-73,2]],[[64447,25179],[31,55],[42,16],[23,-30],[62,9],[39,35],[38,-15],[69,65],[22,58],[47,31],[29,4],[129,72],[33,3],[55,28],[-4,39],[25,34],[-16,42],[56,33],[37,46],[31,19],[44,-12],[66,47],[-18,22],[9,71]],[[65296,25851],[82,-29],[56,18],[3,51],[-15,41],[51,51],[23,53],[40,-38],[50,36],[27,50],[62,16],[43,-4]],[[64519,24462],[6,21],[102,90],[9,62],[24,35],[11,79],[43,50],[80,-41],[35,1],[42,-40],[52,-75],[-25,-68],[-4,-86],[-66,4],[-29,-30],[-7,-57],[33,-1],[22,-50],[49,-44],[7,-88],[-10,-40],[-28,-18],[-36,7],[-37,57],[13,32],[-40,39],[-54,9],[-72,-39],[-154,-24],[-34,14],[-34,50],[0,73],[20,6],[48,60],[34,12]],[[65070,24568],[28,28],[67,-31],[-63,-36],[-32,39]],[[65306,25259],[24,15],[20,-34],[-52,-33],[-29,23],[37,29]],[[64624,27550],[8,-28],[-49,-40],[-9,-38],[-26,-19],[27,-25],[2,-31],[57,-53],[-16,-50],[15,-48],[109,-17],[-35,-24],[44,-37],[33,-119],[-62,-39],[44,-101],[-17,-90],[35,-74],[-27,-48],[13,-59],[38,-21],[32,-8],[59,24],[21,23],[51,17],[84,2],[32,-26],[27,7],[27,-24],[-19,-33],[38,-48],[46,-9],[-34,-53],[16,-38],[-41,-53],[13,-16],[27,-113],[-2,-32],[-35,-51],[25,-45],[9,-75],[58,-22],[-5,-48],[-24,-29],[-28,-102],[45,-28],[66,42]],[[65254,27932],[27,-69],[-10,-49],[17,-52],[-49,-60],[49,-60],[5,-35],[-27,-32],[37,-81],[51,-26],[47,-4],[17,-48],[36,-11],[10,-47],[-10,-63],[30,-51],[2,-35],[33,-57],[30,-26],[35,5],[24,-40],[-2,-32],[40,-9],[-14,-34],[34,-22],[51,26],[11,-67],[-45,-38],[19,-26],[43,12],[52,46],[22,0],[87,58],[64,83],[9,46],[53,18],[43,-35],[56,-12],[-38,-70],[-5,-30],[36,-21],[0,-41],[25,-58],[32,-23],[43,22],[23,-31],[41,-12]],[[53492,56675],[7,-1],[891,181],[585,124],[779,163],[-8,27],[-56,109],[-30,-2],[-33,65],[13,42],[-30,104],[-28,20],[17,76],[-28,36],[-9,37],[15,47],[-18,32],[-6,64],[-27,19],[-3,40],[-37,9],[-7,33],[-42,21],[18,47],[-30,78],[32,22],[-21,29],[16,40],[41,38]],[[55493,58175],[27,-37],[39,7],[7,-44],[68,-41],[-11,-33],[99,-98],[8,-29],[69,-35],[39,-36],[34,3],[25,-19],[48,-67],[66,2],[24,-47],[99,-16],[24,-23],[61,33],[26,-21],[52,24],[36,12],[49,68],[52,41],[16,38],[66,4],[65,34],[48,-1],[21,-76],[52,6],[58,46],[54,-23],[56,125],[44,17],[13,-60],[33,-80],[182,-29],[46,-30],[114,23],[68,-8],[65,27],[32,46],[117,-4],[43,-21],[62,-10],[69,-69],[83,14],[55,-48],[43,54],[23,-32],[-20,-71],[48,-31],[17,-38],[72,20],[24,-81],[4,-84],[27,-59],[2,-31],[49,4],[35,-24],[15,-41],[44,-34],[0,-36],[38,-58],[12,-89],[66,-23],[26,15],[53,57],[51,162],[44,-114],[24,-30],[62,-35],[29,5],[23,-77],[73,-81],[-38,-43],[44,-56],[7,-26],[40,-27],[34,-4],[20,-32],[16,-100],[72,-32],[30,-65],[45,-43],[55,21],[38,-62],[32,-54],[18,-83],[21,-23],[-21,-67],[37,-57],[90,-21],[20,-18],[-15,-29],[33,-52],[-6,-40],[21,-22],[29,13],[24,-24],[89,-9],[21,-51],[1,-42],[33,-35],[25,-2],[56,-54],[102,-39],[23,5],[55,-44],[35,-98],[-15,-48],[30,-42],[-26,-48],[-8,-58],[-31,-60],[27,-36],[4,-48],[55,-94],[43,45],[93,39],[29,-37],[-17,-75],[-54,-36],[-42,-70],[19,-51],[39,45],[68,-8],[40,-16],[27,-31],[23,30],[56,25],[23,-36],[43,45],[35,-102],[24,-41],[49,-28],[9,-35],[36,-3],[38,47]],[[60483,54946],[26,7],[44,-133],[42,-23],[16,-57],[-21,-27],[0,-46],[-20,-62],[15,-21],[0,-81],[-54,-8],[13,-49],[33,-17],[2,-36],[31,-39],[-8,-63],[18,-24],[70,-16],[37,36],[26,50],[44,5],[31,22],[50,-100],[33,-8],[39,23],[38,-17],[102,-8],[18,19],[13,-22],[47,-24],[11,-65],[52,-44],[9,-53],[-28,-86],[-26,-49],[36,-3],[66,-103],[-41,-23],[-10,-39],[-31,-6],[-55,-80],[-60,-49],[-67,-5],[-44,8],[-69,-35],[6,-36],[39,-96],[46,-29],[51,-56],[28,-12],[27,-67],[72,4],[69,-42],[-85,-36],[-48,-3],[-88,-44],[-9,-69],[-47,-65],[-47,-38],[-104,-28],[-23,25],[-58,-6],[-49,-74],[38,-23],[14,-32],[-1,-115],[39,-13],[25,-48],[-4,-40],[33,-36],[-4,-48],[-19,-19],[11,-44],[-102,15],[-47,-3],[-54,12],[-48,-54],[-42,4],[-57,53],[-31,-15]],[[56496,64568],[102,4],[33,-36],[4,-45],[28,-27],[23,-71],[51,-35],[10,-44],[28,-33],[25,-59],[43,-53],[4,-43],[20,-26],[12,-92],[12,-28],[-10,-70],[-38,-42],[-4,-64],[-55,-66],[38,-67],[55,-15],[-3,-36],[17,-50],[-4,-43]],[[56887,63527],[-72,-28],[-55,20],[-47,-12],[-50,32],[-118,54],[-68,72],[8,-63],[-5,-43],[29,-18],[19,-45],[-9,-163],[0,-131],[-27,-74],[11,-30],[-26,-44],[7,-91],[58,-122],[7,-94],[31,-54],[40,-20],[15,-71],[106,-101],[23,-39],[9,-77],[-4,-84],[26,-27],[8,-66],[36,-41],[4,-33],[31,-54],[27,8],[48,-57],[18,-77],[68,-76],[33,22],[107,-8],[31,-22],[57,-2],[23,-40],[58,13],[89,-38],[10,-47],[24,-30],[10,-61],[68,-27],[47,-50],[33,16],[-10,-92],[27,-17],[17,-52],[-1,-52],[-39,-48],[20,-6],[39,50],[1,59],[60,-31],[48,-14],[111,32],[36,-13],[-4,-54],[41,3],[64,-33],[18,85],[41,-63],[60,15],[-3,-89],[23,-73],[32,-39],[9,-84],[-50,-89],[-119,16],[-76,-33],[-11,-64],[-23,-42],[1,-56],[-144,-200],[-1,-9],[63,57],[52,-23],[34,7],[30,-29],[3,-45],[41,-57],[83,-26]],[[58098,60495],[-16,-80],[-35,-59],[-22,-118],[39,-91],[46,-62],[49,0],[34,-33],[12,-39],[50,-45],[-17,-36],[19,-44],[-24,-22],[-34,15],[-14,-46],[-48,-8],[-47,-65],[-32,3],[-37,-36],[-5,-26],[-59,-31],[-77,-17],[2,-55],[-26,-63],[-27,3],[-67,-34],[9,-46],[-18,-112],[5,-34],[-38,-33],[-75,-60],[-25,-102],[-44,-17],[-21,-49],[-26,-17],[-30,23],[-99,-55],[8,-76],[-10,-34],[9,-113],[-14,-12],[-29,-17],[-66,-11],[-30,-32],[-67,-34],[-26,-41],[-31,-16],[-35,27],[-44,-24],[-79,20],[-17,36],[-75,-24],[-47,20],[-42,92],[-57,14],[-90,5],[-12,18],[-48,5],[-50,20],[-82,-29],[-75,-64],[-40,-14],[-38,-53],[-51,-30],[-47,-1],[-38,-17],[-29,-39],[-39,1],[-56,28],[-10,-40],[-27,-21],[-16,-43],[6,-40],[-27,-45],[-41,-27],[-37,-2],[-19,-39],[-86,31],[-57,-29],[-25,40],[-32,-15],[-29,27],[-64,13],[-7,-40],[-48,-42],[6,-42],[-38,-67],[-9,-53]],[[58098,60495],[103,31],[24,40],[38,-2],[0,35],[34,26],[13,35],[60,-39],[68,20],[19,-28],[69,44],[43,-17],[14,32],[44,0],[119,-97],[41,-20]],[[58787,60555],[-39,-47],[-19,-77],[-31,-72],[-39,-137],[1,-53],[32,-44],[48,-17],[5,-39],[-49,-120],[-2,-99],[-14,-61],[17,-68],[72,-72],[66,0],[42,-16],[59,9],[70,-3],[62,58],[76,28],[41,-10],[23,-53],[7,-57],[41,-27],[30,-67],[129,-9],[43,58],[44,126],[36,-17],[49,43],[36,92],[25,30],[90,53],[43,39],[26,-36],[57,-23],[43,26],[37,-15],[-31,-45],[10,-61],[-6,-63],[41,-9],[20,-42],[32,-33],[109,-2],[28,-29],[59,15],[32,25],[105,2],[22,17],[92,-26],[33,-31],[81,8],[18,-26],[65,-13],[67,-86],[47,-41],[3,-47],[20,-44],[21,-4],[9,-55],[26,-19],[24,37],[100,19],[219,187],[38,33],[-2,53],[29,-3],[104,45],[43,-48],[142,24],[50,29],[24,74],[37,37],[29,-63],[-4,-39],[-32,-11],[-15,-96],[-42,-47],[9,-35],[41,29],[-28,-89],[8,-26],[71,15],[19,-74],[39,3],[78,-35],[18,25],[32,-69],[10,-125],[77,-14],[-20,-51],[41,-87],[-14,-58],[29,-7],[57,-46],[61,-23],[3,-70],[-51,-9],[18,-38],[-8,-35],[-48,-42],[33,-55],[40,39],[3,-102],[25,-5],[-36,-146],[17,-16],[1,-56],[61,14],[29,-32],[8,-58],[72,-64],[-5,-34],[-34,-3],[-17,-44],[-55,-61],[7,-22],[-36,-47],[-11,-37],[70,-46],[64,8],[80,47],[28,-36],[85,-61],[39,-59],[-11,-24],[32,-53],[-7,-18]],[[62515,57668],[-30,16],[-64,2],[-30,55],[-167,30],[-105,-59],[-70,-14],[-30,-28],[-113,-47],[-28,-27],[-82,5],[-42,24],[-36,54],[-32,-1],[-51,28],[-46,48],[-39,5],[-28,51],[-43,114],[-17,-6],[-112,70],[-6,25],[-71,21],[-19,39],[-37,16],[-45,-16],[-11,-23],[-55,7],[-13,-24],[10,-53],[0,-87],[-29,-77],[35,-55],[20,-102],[-9,-38],[-42,-35],[-40,-8],[-47,-84],[21,-11],[-29,-72],[-33,-42],[-46,-19],[30,-17],[-21,-95],[-82,-150],[-19,-2],[-41,-75],[-18,-61],[7,-26],[-32,-69],[18,-66],[-11,-91],[28,-38],[63,-38],[30,-66],[-29,-31],[4,-38],[-38,-52],[40,-67],[-21,-51],[-9,-93],[-34,-31],[43,-100],[1,-37],[32,-61],[-32,-15],[-17,-87],[-50,-38],[-105,-12],[-25,-63],[-54,-27],[-18,-80],[40,-21],[31,3],[38,-35],[19,-62],[44,-27],[31,-48],[30,-23],[0,-33],[-33,-66],[-23,-80],[-22,-180],[-40,-151],[-40,0],[-11,24],[-81,30],[-44,-58]],[[61879,63258],[-12,52],[-36,68],[-43,-5],[-39,60],[-45,11],[-24,-19],[-29,44],[-47,-22],[-40,1],[-66,-45],[-37,23],[-34,-47],[-8,-74],[-17,-38],[-30,-107],[18,-24],[-17,-80],[14,-14],[-39,-163],[12,-82],[-55,-87],[-7,-58],[-28,-35],[-65,-5],[-8,-29],[-38,-56],[-23,38],[-45,31],[-6,24],[-76,46],[-48,11],[-45,-42],[-50,-1],[-46,-22],[-57,11],[-21,-27],[26,-25],[-3,-39],[-32,-30],[-68,-34],[-71,36],[-64,-75],[-32,10],[-25,-65],[-20,-5],[-65,58],[-63,9],[-31,32],[-32,4],[-10,-45],[-46,34],[-123,7],[-44,-57],[-39,-25],[-58,52],[-62,-15]],[[59880,62423],[-11,45],[-34,14],[-25,33],[-42,-59],[-68,-49],[-9,-62],[-28,-39],[-81,-23],[-83,28],[-28,-90],[-30,-4],[-30,-33],[-94,-23],[-33,-17],[-56,41],[-14,42],[-3,101],[-20,82],[-46,62],[-70,-1],[-23,-38],[-27,8],[-60,83],[-72,21],[-24,40],[32,102],[41,68],[7,66],[22,59],[55,96],[-111,23],[-18,33],[-35,107],[-26,2],[-102,27],[-83,3],[-41,-13],[-24,53],[-44,-32],[-36,-143],[-56,-55],[2,-79],[-22,-135],[-52,15],[-32,20],[-66,0],[-36,39],[-49,17],[7,-49],[-22,-29],[2,-36],[-31,-11],[-10,40],[-57,45],[-9,42],[-49,35],[-30,-21],[-6,-34],[-39,-8],[-29,17],[-32,65],[8,51],[-14,47],[-54,68],[-7,66],[-150,45],[-73,-6],[-53,-31],[-171,84],[-34,-1],[-34,74],[-60,14],[-71,61],[-41,2],[-8,39],[-87,78],[-30,9],[-36,35],[-57,-23],[-31,1]],[[56918,65455],[19,-47],[-13,-22],[63,-31],[38,-37],[66,6],[118,83],[57,-15],[100,15],[22,35],[46,8],[48,27],[-43,52],[-6,48],[32,39],[-8,87],[-47,55],[16,1],[45,-51],[31,-9],[63,10],[35,-29],[42,1],[38,23],[40,-28],[30,5],[28,-48],[88,15],[22,38],[38,23],[1,-27],[49,-21],[23,-85],[93,-104],[17,-78],[26,-64],[-16,-38],[27,-67],[-20,-56],[24,-219],[58,-29],[65,-6],[15,31],[-21,68],[18,75],[66,-66],[56,-5],[-7,-34],[112,-59],[92,-75],[39,51],[42,29],[41,-24],[44,23],[53,-8],[63,35],[68,108],[82,-15],[30,15],[19,4],[15,-85],[-15,-79],[-54,-81],[-2,-73],[42,-36],[-37,-65],[-13,-50],[11,-20],[14,0],[38,-77],[85,-4],[42,9],[33,-31],[44,-64],[58,2],[6,27],[47,73],[-9,-134],[12,-105],[70,-68],[22,12],[72,-39],[59,1],[36,50],[84,-56],[64,-23],[49,-93],[13,-50],[40,-14],[71,-2],[48,-20],[111,22],[36,-21],[52,38],[53,-2],[149,72],[0,-39],[-47,-55],[-7,-46],[11,-50],[37,-78],[30,2],[51,-20],[35,8],[45,-10],[24,-31],[31,0],[28,-34],[65,-11],[37,19],[29,46],[39,27],[59,7],[53,-43],[44,1],[60,39],[37,70],[41,-15],[70,22],[86,49],[-48,74],[23,92],[-25,75],[-5,47],[32,36],[22,86],[44,59],[3,31],[47,39],[-3,41],[23,25],[-6,50],[26,39]],[[61422,64634],[56,14],[49,55],[-2,33],[97,117],[37,-80],[55,-43],[3,-48],[64,-36],[90,-2],[25,-59],[83,-9],[38,-16],[23,12],[100,-15],[33,-23],[61,-18],[35,-35],[26,6],[52,-16]],[[59880,62423],[16,-77],[-8,-80],[-15,-33],[-58,-199],[10,-57],[-24,-90],[26,-49],[-7,-43],[32,-72],[-21,-55],[25,-74],[7,-142],[15,-84],[2,-75],[-51,-29],[-36,-38],[-52,9],[-337,-244],[2,-37],[-74,-68],[-61,-18],[-55,20],[-51,-13],[-49,-28],[95,110],[-41,59],[-60,41],[-29,68],[11,17],[-28,165],[5,48],[-19,32],[-50,20],[-37,-38],[-51,43],[-35,15],[-19,60],[-47,31],[11,-69],[-6,-70],[-38,-71],[4,-31],[85,-79],[12,-33],[-1,-92],[-37,-82],[-44,-24],[-9,-31],[-2,-92],[51,-70],[19,-52],[5,-95],[-27,-51],[-47,-21]],[[61422,64634],[-77,62],[-45,-4],[-5,-33],[-83,-12],[-21,16],[-36,-24],[-49,-6],[-37,13],[-101,-31],[-98,58],[-11,23],[-74,-4],[-4,-35],[-90,50],[-5,23],[-54,13],[-63,30],[-45,-37],[-26,6],[-96,-27],[-56,34],[-44,61],[-3,30],[-75,75],[-41,-2],[21,70],[-31,49],[-28,4],[-15,48],[-31,-21],[0,88],[-40,22],[5,44],[-43,43],[-16,64],[-41,9],[-7,40],[28,24],[-51,79],[14,16],[3,66],[25,68],[-17,58],[36,43],[-31,39],[24,27],[-16,59],[-26,35],[2,53],[-71,94],[3,69],[-39,16],[39,56],[-2,83],[48,36],[19,38],[13,99],[36,38],[86,41],[55,16],[-24,49],[5,25],[-64,23],[-9,45],[-20,12],[-14,54],[-64,41],[-95,105],[-59,22],[2,58],[-120,48],[-52,61],[-60,38],[-71,22],[-32,31],[-53,11],[-17,-56],[31,-75],[-30,-137],[-44,-67],[-66,-32],[5,-75],[41,-54],[23,-5],[8,-68],[49,-55],[18,-75],[-41,-94],[-74,39],[-55,-26],[-72,23],[-32,-45],[-18,-113],[-32,-23],[-38,-70],[-17,-4],[-363,171],[-21,25],[-27,-23],[-43,8],[9,55],[-5,53],[-33,26],[14,30],[-20,88],[1,61],[-29,75],[3,56],[34,52],[-22,79],[3,67],[-13,11],[-21,-38],[-30,76],[-19,-15],[-10,-80],[-49,-3],[-41,-19],[-24,28],[-88,7],[-37,17],[-44,83],[-40,12],[-108,-40],[-14,-16],[7,-51],[30,-56],[-4,-31],[-92,-365],[-16,-53],[-41,-81],[-7,-48],[-53,-41],[-42,-15],[-100,54],[-34,53],[-78,-14],[-48,-42],[-106,-17],[-58,24],[-8,-22],[-49,-10],[-52,22],[-23,-29],[-72,51],[-59,-9],[-11,33],[-36,10]],[[59299,71297],[10,-26],[-31,-83],[36,-46],[-2,-44],[22,-8],[23,-46],[-6,-84],[25,-71],[45,-1],[46,-50],[47,19],[161,-44],[72,-4],[7,-19],[90,-56]],[[59844,70734],[10,-66],[32,-6],[-12,-42],[13,-41],[31,-27],[0,-28],[27,-103],[18,-43],[28,17],[140,-150],[16,-5],[72,23],[45,-72],[8,-29],[-33,-70],[-24,-11],[-1,-65],[-84,-286],[-34,-131],[39,27],[49,-5],[32,-23],[22,-39],[50,-51],[47,-71],[14,-49],[32,-39],[62,-33],[21,-28],[92,-18],[108,25],[86,-26],[43,22],[64,-9],[36,-30],[31,-4],[35,52]],[[61140,71482],[-39,-41],[-98,-27],[-26,16],[-60,-68],[-48,1],[-45,-43],[-40,-15],[-65,-3],[-45,12],[-150,-31],[-6,-50],[8,-79],[-20,-35],[36,-40],[-80,18],[-25,-10],[-57,19],[-64,-36],[-92,10],[-32,-15],[-124,10],[-22,-67],[-6,-57],[-143,22],[28,-55],[-5,-48],[8,-75],[-40,-53],[-44,-8]],[[62720,57331],[-63,72],[-75,19],[-41,28],[-16,62],[15,41],[-12,35],[-1,60],[-12,20]]],"transform":{"scale":[47.401164183947095,42.88327419338745],"translate":[-2178136.501477789,-2385443.9814100796]},"objects":{"rgi_albers_pos_quant":{"type":"GeometryCollection","geometries":[{"arcs":[[0,1,2,3]],"type":"Polygon","properties":{"cd_rgi":"120004","nm_rgi":"Cruzeiro do Sul","cd_uf":"12","uf_sigla":"AC"}},{"arcs":[[-3,4,5,6,7]],"type":"Polygon","properties":{"cd_rgi":"120005","nm_rgi":"Tarauacá","cd_uf":"12","uf_sigla":"AC"}},{"arcs":[[[-7,8,9,10,11]],[[12,13]]],"type":"MultiPolygon","properties":{"cd_rgi":"120003","nm_rgi":"Sena Madureira","cd_uf":"12","uf_sigla":"AC"}},{"arcs":[[-11,14,15]],"type":"Polygon","properties":{"cd_rgi":"120002","nm_rgi":"Brasiléia","cd_uf":"12","uf_sigla":"AC"}},{"arcs":[[-14,16,17,18,-15,-10]],"type":"Polygon","properties":{"cd_rgi":"120001","nm_rgi":"Rio Branco","cd_uf":"12","uf_sigla":"AC"}},{"arcs":[[19,20,21,22,23,24]],"type":"Polygon","properties":{"cd_rgi":"270009","nm_rgi":"Delmiro Gouveia","cd_uf":"27","uf_sigla":"AL"}},{"arcs":[[-22,25,26,27,28]],"type":"Polygon","properties":{"cd_rgi":"270010","nm_rgi":"Santana do Ipanema","cd_uf":"27","uf_sigla":"AL"}},{"arcs":[[-23,-29,29,30,31]],"type":"Polygon","properties":{"cd_rgi":"270011","nm_rgi":"Pão de Açúcar - Olho d'Água das Flores – Batalha","cd_uf":"27","uf_sigla":"AL"}},{"arcs":[[-28,32,33,34,-30]],"type":"Polygon","properties":{"cd_rgi":"270008","nm_rgi":"Palmeira dos Índios","cd_uf":"27","uf_sigla":"AL"}},{"arcs":[[-31,-35,35,36,37,38,39]],"type":"Polygon","properties":{"cd_rgi":"270007","nm_rgi":"Arapiraca","cd_uf":"27","uf_sigla":"AL"}},{"arcs":[[-38,40,41,42]],"type":"Polygon","properties":{"cd_rgi":"270003","nm_rgi":"Penedo","cd_uf":"27","uf_sigla":"AL"}},{"arcs":[[-34,43,44,45,46,-36]],"type":"Polygon","properties":{"cd_rgi":"270006","nm_rgi":"Atalaia","cd_uf":"27","uf_sigla":"AL"}},{"arcs":[[-37,-47,47,48,-41]],"type":"Polygon","properties":{"cd_rgi":"270004","nm_rgi":"São Miguel dos Campos","cd_uf":"27","uf_sigla":"AL"}},{"arcs":[[-45,49,50,51,52]],"type":"Polygon","properties":{"cd_rgi":"270005","nm_rgi":"União dos Palmares","cd_uf":"27","uf_sigla":"AL"}},{"arcs":[[-46,-53,53,54,-48]],"type":"Polygon","properties":{"cd_rgi":"270001","nm_rgi":"Maceió","cd_uf":"27","uf_sigla":"AL"}},{"arcs":[[-52,55,56,57,-54]],"type":"Polygon","properties":{"cd_rgi":"270002","nm_rgi":"Porto Calvo - São Luís do Quitunde","cd_uf":"27","uf_sigla":"AL"}},{"arcs":[[-1,58,59,60]],"type":"Polygon","properties":{"cd_rgi":"130006","nm_rgi":"Tabatinga","cd_uf":"13","uf_sigla":"AM"}},{"arcs":[[-2,-61,61,62,-5]],"type":"Polygon","properties":{"cd_rgi":"130007","nm_rgi":"Eirunepé","cd_uf":"13","uf_sigla":"AM"}},{"arcs":[[-60,63,64,65,66,-62]],"type":"Polygon","properties":{"cd_rgi":"130005","nm_rgi":"Tefé","cd_uf":"13","uf_sigla":"AM"}},{"arcs":[[-65,67,68,69,70,71]],"type":"Polygon","properties":{"cd_rgi":"130002","nm_rgi":"São Gabriel da Cachoeira","cd_uf":"13","uf_sigla":"AM"}},{"arcs":[[-6,-63,-67,72,73,74,-17,-13,-9]],"type":"Polygon","properties":{"cd_rgi":"130008","nm_rgi":"Lábrea","cd_uf":"13","uf_sigla":"AM"}},{"arcs":[[-66,-72,75,76,77,-73]],"type":"Polygon","properties":{"cd_rgi":"130003","nm_rgi":"Coari","cd_uf":"13","uf_sigla":"AM"}},{"arcs":[[-71,78,79,-76]],"type":"Polygon","properties":{"cd_rgi":"130004","nm_rgi":"Manacapuru","cd_uf":"13","uf_sigla":"AM"}},{"arcs":[[-74,-78,80,81,82,83,84,85,86]],"type":"Polygon","properties":{"cd_rgi":"130009","nm_rgi":"Manicoré","cd_uf":"13","uf_sigla":"AM"}},{"arcs":[[-77,-80,87,88,89,-81]],"type":"Polygon","properties":{"cd_rgi":"130001","nm_rgi":"Manaus","cd_uf":"13","uf_sigla":"AM"}},{"arcs":[[-89,90,91]],"type":"Polygon","properties":{"cd_rgi":"130011","nm_rgi":"Itacoatiara","cd_uf":"13","uf_sigla":"AM"}},{"arcs":[[-82,-90,-92,92,93,94]],"type":"Polygon","properties":{"cd_rgi":"130010","nm_rgi":"Parintins","cd_uf":"13","uf_sigla":"AM"}},{"arcs":[[95,96,97,98,99,100]],"type":"Polygon","properties":{"cd_rgi":"160002","nm_rgi":"Laranjal do Jari","cd_uf":"16","uf_sigla":"AP"}},{"arcs":[[-97,101,102,103]],"type":"Polygon","properties":{"cd_rgi":"160003","nm_rgi":"Oiapoque","cd_uf":"16","uf_sigla":"AP"}},{"arcs":[[-98,-104,104]],"type":"Polygon","properties":{"cd_rgi":"160004","nm_rgi":"Porto Grande","cd_uf":"16","uf_sigla":"AP"}},{"arcs":[[-99,-105,-103,105,106]],"type":"Polygon","properties":{"cd_rgi":"160001","nm_rgi":"Macapá","cd_uf":"16","uf_sigla":"AP"}},{"arcs":[[107,108,109,110,111,112,113]],"type":"Polygon","properties":{"cd_rgi":"290018","nm_rgi":"Barreiras","cd_uf":"29","uf_sigla":"BA"}},{"arcs":[[-112,114,115,116,117,118,119]],"type":"Polygon","properties":{"cd_rgi":"290019","nm_rgi":"Santa Maria da Vitoria","cd_uf":"29","uf_sigla":"BA"}},{"arcs":[[-116,120,121,122,123,124,125]],"type":"Polygon","properties":{"cd_rgi":"290016","nm_rgi":"Guanambi","cd_uf":"29","uf_sigla":"BA"}},{"arcs":[[-110,126,127,128,129,130]],"type":"Polygon","properties":{"cd_rgi":"290021","nm_rgi":"Xique-Xique – Barra","cd_uf":"29","uf_sigla":"BA"}},{"arcs":[[-111,-131,131,132,-121,-115]],"type":"Polygon","properties":{"cd_rgi":"290017","nm_rgi":"Bom Jesus da Lapa","cd_uf":"29","uf_sigla":"BA"}},{"arcs":[[-128,133,134,135,136,137,138,139,140,141,142,143,144]],"type":"Polygon","properties":{"cd_rgi":"290022","nm_rgi":"Juazeiro","cd_uf":"29","uf_sigla":"BA"}},{"arcs":[[-130,145,146,147,148,-132]],"type":"Polygon","properties":{"cd_rgi":"290034","nm_rgi":"Seabra","cd_uf":"29","uf_sigla":"BA"}},{"arcs":[[-129,-145,149,150,-146]],"type":"Polygon","properties":{"cd_rgi":"290020","nm_rgi":"Irecê","cd_uf":"29","uf_sigla":"BA"}},{"arcs":[[-122,-133,-149,151]],"type":"Polygon","properties":{"cd_rgi":"290013","nm_rgi":"Brumado","cd_uf":"29","uf_sigla":"BA"}},{"arcs":[[-123,-152,-148,152,153,154,155,156,157,158,159,160]],"type":"Polygon","properties":{"cd_rgi":"290011","nm_rgi":"Vitória da Conquista","cd_uf":"29","uf_sigla":"BA"}},{"arcs":[[-144,161,162,163,-150]],"type":"Polygon","properties":{"cd_rgi":"290030","nm_rgi":"Jacobina","cd_uf":"29","uf_sigla":"BA"}},{"arcs":[[-147,-151,164,165,166,167,-153]],"type":"Polygon","properties":{"cd_rgi":"290031","nm_rgi":"Itaberaba","cd_uf":"29","uf_sigla":"BA"}},{"arcs":[[-143,168,169,-162]],"type":"Polygon","properties":{"cd_rgi":"290023","nm_rgi":"Senhor do Bonfim","cd_uf":"29","uf_sigla":"BA"}},{"arcs":[[-154,-168,170,171]],"type":"Polygon","properties":{"cd_rgi":"290012","nm_rgi":"Jequié","cd_uf":"29","uf_sigla":"BA"}},{"arcs":[[-164,172,173,174,175,176,-165]],"type":"Polygon","properties":{"cd_rgi":"290029","nm_rgi":"Feira de Santana","cd_uf":"29","uf_sigla":"BA"}},{"arcs":[[-157,177,178,179,180]],"type":"Polygon","properties":{"cd_rgi":"290015","nm_rgi":"Itapetinga","cd_uf":"29","uf_sigla":"BA"}},{"arcs":[[181,182,183,184,185,186]],"type":"Polygon","properties":{"cd_rgi":"290008","nm_rgi":"Teixeira de Freitas","cd_uf":"29","uf_sigla":"BA"}},{"arcs":[[-180,187,188,-183,189]],"type":"Polygon","properties":{"cd_rgi":"290009","nm_rgi":"Eunápolis - Porto Seguro","cd_uf":"29","uf_sigla":"BA"}},{"arcs":[[-167,190,191,192,193,-171]],"type":"Polygon","properties":{"cd_rgi":"290003","nm_rgi":"Santo Antônio de Jesus","cd_uf":"29","uf_sigla":"BA"}},{"arcs":[[-155,-172,-194,194,195]],"type":"Polygon","properties":{"cd_rgi":"290014","nm_rgi":"Ipiaú","cd_uf":"29","uf_sigla":"BA"}},{"arcs":[[-163,-170,196,197,-173]],"type":"Polygon","properties":{"cd_rgi":"290032","nm_rgi":"Conceição do Coité","cd_uf":"29","uf_sigla":"BA"}},{"arcs":[[-156,-196,198,199,200,-178]],"type":"Polygon","properties":{"cd_rgi":"290007","nm_rgi":"Ilhéus – Itabuna","cd_uf":"29","uf_sigla":"BA"}},{"arcs":[[-166,-177,201,202,-191]],"type":"Polygon","properties":{"cd_rgi":"290004","nm_rgi":"Cruz das Almas","cd_uf":"29","uf_sigla":"BA"}},{"arcs":[[-179,-201,203,-188]],"type":"Polygon","properties":{"cd_rgi":"290010","nm_rgi":"Camacan","cd_uf":"29","uf_sigla":"BA"}},{"arcs":[[-142,204,205,206,207,208,-197,-169]],"type":"Polygon","properties":{"cd_rgi":"290026","nm_rgi":"Euclides da Cunha","cd_uf":"29","uf_sigla":"BA"}},{"arcs":[[-193,209,210,-199,-195]],"type":"Polygon","properties":{"cd_rgi":"290005","nm_rgi":"Valença","cd_uf":"29","uf_sigla":"BA"}},{"arcs":[[-25,211,212,-205,-141,213,214]],"type":"Polygon","properties":{"cd_rgi":"290024","nm_rgi":"Paulo Afonso","cd_uf":"29","uf_sigla":"BA"}},{"arcs":[[-192,-203,215,216,-210]],"type":"Polygon","properties":{"cd_rgi":"290006","nm_rgi":"Nazaré – Maragogipe","cd_uf":"29","uf_sigla":"BA"}},{"arcs":[[-174,-198,-209,217,218]],"type":"Polygon","properties":{"cd_rgi":"290033","nm_rgi":"Serrinha","cd_uf":"29","uf_sigla":"BA"}},{"arcs":[[-208,219,220,221,-218]],"type":"Polygon","properties":{"cd_rgi":"290025","nm_rgi":"Ribeira do Pombal","cd_uf":"29","uf_sigla":"BA"}},{"arcs":[[-206,-213,222,223,224]],"type":"Polygon","properties":{"cd_rgi":"290028","nm_rgi":"Jeremoabo","cd_uf":"29","uf_sigla":"BA"}},{"arcs":[[-176,225,226,-216,-202]],"type":"Polygon","properties":{"cd_rgi":"290001","nm_rgi":"Salvador","cd_uf":"29","uf_sigla":"BA"}},{"arcs":[[-175,-219,-222,227,228,229,-226]],"type":"Polygon","properties":{"cd_rgi":"290002","nm_rgi":"Alagoinhas","cd_uf":"29","uf_sigla":"BA"}},{"arcs":[[-207,-225,230,231,-220]],"type":"Polygon","properties":{"cd_rgi":"290027","nm_rgi":"Cícero Dantas","cd_uf":"29","uf_sigla":"BA"}},{"arcs":[[232,233,234,235,236]],"type":"Polygon","properties":{"cd_rgi":"230018","nm_rgi":"Camocim","cd_uf":"23","uf_sigla":"CE"}},{"arcs":[[-236,237,238,239,240]],"type":"Polygon","properties":{"cd_rgi":"230016","nm_rgi":"São Benedito - Ipu - Guaraciaba do Norte - Tianguá","cd_uf":"23","uf_sigla":"CE"}},{"arcs":[[-239,241,242,243,244,245,246,247]],"type":"Polygon","properties":{"cd_rgi":"230013","nm_rgi":"Crateús","cd_uf":"23","uf_sigla":"CE"}},{"arcs":[[-235,248,249,250,251,-242,-238]],"type":"Polygon","properties":{"cd_rgi":"230015","nm_rgi":"Sobral","cd_uf":"23","uf_sigla":"CE"}},{"arcs":[[-245,252,253,254,255,256]],"type":"Polygon","properties":{"cd_rgi":"230014","nm_rgi":"Tauá","cd_uf":"23","uf_sigla":"CE"}},{"arcs":[[-255,257,258,259,260,261,262,263]],"type":"Polygon","properties":{"cd_rgi":"230011","nm_rgi":"Juazeiro do Norte","cd_uf":"23","uf_sigla":"CE"}},{"arcs":[[-234,264,265,-249]],"type":"Polygon","properties":{"cd_rgi":"230017","nm_rgi":"Acaraú","cd_uf":"23","uf_sigla":"CE"}},{"arcs":[[-243,-252,266,267,268,269]],"type":"Polygon","properties":{"cd_rgi":"230004","nm_rgi":"Canindé","cd_uf":"23","uf_sigla":"CE"}},{"arcs":[[-254,270,271,-258]],"type":"Polygon","properties":{"cd_rgi":"230009","nm_rgi":"Iguatu","cd_uf":"23","uf_sigla":"CE"}},{"arcs":[[-250,-266,272,273,274]],"type":"Polygon","properties":{"cd_rgi":"230002","nm_rgi":"Itapipoca","cd_uf":"23","uf_sigla":"CE"}},{"arcs":[[-244,-270,275,276,277,-271,-253]],"type":"Polygon","properties":{"cd_rgi":"230006","nm_rgi":"Quixadá","cd_uf":"23","uf_sigla":"CE"}},{"arcs":[[-251,-275,278,-267]],"type":"Polygon","properties":{"cd_rgi":"230005","nm_rgi":"Itapagé","cd_uf":"23","uf_sigla":"CE"}},{"arcs":[[-268,-279,-274,279,280,281,282]],"type":"Polygon","properties":{"cd_rgi":"230001","nm_rgi":"Fortaleza","cd_uf":"23","uf_sigla":"CE"}},{"arcs":[[-261,283,284,285,286]],"type":"Polygon","properties":{"cd_rgi":"230012","nm_rgi":"Brejo Santo","cd_uf":"23","uf_sigla":"CE"}},{"arcs":[[-259,-272,-278,287,288,289,290]],"type":"Polygon","properties":{"cd_rgi":"230010","nm_rgi":"Icó","cd_uf":"23","uf_sigla":"CE"}},{"arcs":[[-269,-283,291,-276]],"type":"Polygon","properties":{"cd_rgi":"230003","nm_rgi":"Redenção-Acarape","cd_uf":"23","uf_sigla":"CE"}},{"arcs":[[-277,-292,-282,292,293,294,-288]],"type":"Polygon","properties":{"cd_rgi":"230007","nm_rgi":"Russas - Limoeiro do Norte","cd_uf":"23","uf_sigla":"CE"}},{"arcs":[[-281,295,296,-293]],"type":"Polygon","properties":{"cd_rgi":"230008","nm_rgi":"Aracati","cd_uf":"23","uf_sigla":"CE"}},{"arcs":[[297,298,299]],"type":"Polygon","properties":{"cd_rgi":"530001","nm_rgi":"Distrito Federal","cd_uf":"53","uf_sigla":"DF"}},{"arcs":[[300,301,302,303,304]],"type":"Polygon","properties":{"cd_rgi":"320008","nm_rgi":"Alegre","cd_uf":"32","uf_sigla":"ES"}},{"arcs":[[-303,305,306,307,308,309]],"type":"Polygon","properties":{"cd_rgi":"320007","nm_rgi":"Cachoeiro de Itapemirim","cd_uf":"32","uf_sigla":"ES"}},{"arcs":[[-302,310,311,312,313,314,-306]],"type":"Polygon","properties":{"cd_rgi":"320002","nm_rgi":"Afonso Cláudio - Venda Nova do Imigrante - Santa Maria de Jetibá","cd_uf":"32","uf_sigla":"ES"}},{"arcs":[[-313,315,316,317,318,319,320]],"type":"Polygon","properties":{"cd_rgi":"320005","nm_rgi":"Colatina","cd_uf":"32","uf_sigla":"ES"}},{"arcs":[[-319,321,322,323]],"type":"Polygon","properties":{"cd_rgi":"320006","nm_rgi":"Nova Venécia","cd_uf":"32","uf_sigla":"ES"}},{"arcs":[[[-307,-315,324,325]],[[326]]],"type":"MultiPolygon","properties":{"cd_rgi":"320001","nm_rgi":"Vitória","cd_uf":"32","uf_sigla":"ES"}},{"arcs":[[-185,327,328,-320,-324,329]],"type":"Polygon","properties":{"cd_rgi":"320003","nm_rgi":"São Mateus","cd_uf":"32","uf_sigla":"ES"}},{"arcs":[[-314,-321,-329,330,-325]],"type":"Polygon","properties":{"cd_rgi":"320004","nm_rgi":"Linhares","cd_uf":"32","uf_sigla":"ES"}},{"arcs":[[331,332,333,334,335,336,337]],"type":"Polygon","properties":{"cd_rgi":"520011","nm_rgi":"Jataí-Mineiros","cd_uf":"52","uf_sigla":"GO"}},{"arcs":[[-333,338,339,340]],"type":"Polygon","properties":{"cd_rgi":"520014","nm_rgi":"Iporá","cd_uf":"52","uf_sigla":"GO"}},{"arcs":[[-335,341,342,343,344,345,346,347,348]],"type":"Polygon","properties":{"cd_rgi":"520010","nm_rgi":"Rio Verde","cd_uf":"52","uf_sigla":"GO"}},{"arcs":[[-340,349,350,351,352,353,354]],"type":"Polygon","properties":{"cd_rgi":"520005","nm_rgi":"Goiás - Itapuranga","cd_uf":"52","uf_sigla":"GO"}},{"arcs":[[-334,-341,-355,355,356,-342]],"type":"Polygon","properties":{"cd_rgi":"520013","nm_rgi":"São Luís de Montes Belos","cd_uf":"52","uf_sigla":"GO"}},{"arcs":[[-343,-357,357,358,359]],"type":"Polygon","properties":{"cd_rgi":"520015","nm_rgi":"Palmeiras de Goiás","cd_uf":"52","uf_sigla":"GO"}},{"arcs":[[-346,360,361]],"type":"Polygon","properties":{"cd_rgi":"520012","nm_rgi":"Quirinópolis","cd_uf":"52","uf_sigla":"GO"}},{"arcs":[[-352,362,363,364,365,366]],"type":"Polygon","properties":{"cd_rgi":"520016","nm_rgi":"Porangatu","cd_uf":"52","uf_sigla":"GO"}},{"arcs":[[-353,-367,367,368,369,370]],"type":"Polygon","properties":{"cd_rgi":"520018","nm_rgi":"Ceres - Rialma - Goianésia","cd_uf":"52","uf_sigla":"GO"}},{"arcs":[[-354,-371,371,372,-358,-356]],"type":"Polygon","properties":{"cd_rgi":"520003","nm_rgi":"Inhumas - Itaberaí - Anicuns","cd_uf":"52","uf_sigla":"GO"}},{"arcs":[[-345,373,374,375,376,-361]],"type":"Polygon","properties":{"cd_rgi":"520007","nm_rgi":"Itumbiara","cd_uf":"52","uf_sigla":"GO"}},{"arcs":[[-344,-360,377,378,379,380,-374]],"type":"Polygon","properties":{"cd_rgi":"520009","nm_rgi":"Piracanjuba","cd_uf":"52","uf_sigla":"GO"}},{"arcs":[[-366,381,382,-368]],"type":"Polygon","properties":{"cd_rgi":"520017","nm_rgi":"Uruaçu - Niquelândia","cd_uf":"52","uf_sigla":"GO"}},{"arcs":[[-359,-373,383,-378]],"type":"Polygon","properties":{"cd_rgi":"520001","nm_rgi":"Goiânia","cd_uf":"52","uf_sigla":"GO"}},{"arcs":[[-370,384,385,386,-379,-384,-372]],"type":"Polygon","properties":{"cd_rgi":"520002","nm_rgi":"Anápolis","cd_uf":"52","uf_sigla":"GO"}},{"arcs":[[-375,-381,387,388,389]],"type":"Polygon","properties":{"cd_rgi":"520008","nm_rgi":"Caldas Novas-Morrinhos","cd_uf":"52","uf_sigla":"GO"}},{"arcs":[[-298,390,-385,-369,-383,391,392]],"type":"Polygon","properties":{"cd_rgi":"520020","nm_rgi":"Águas Lindas de Goiás","cd_uf":"52","uf_sigla":"GO"}},{"arcs":[[-380,-387,393,394,-388]],"type":"Polygon","properties":{"cd_rgi":"520006","nm_rgi":"Pires do Rio","cd_uf":"52","uf_sigla":"GO"}},{"arcs":[[-389,-395,395,396,397,398,399]],"type":"Polygon","properties":{"cd_rgi":"520004","nm_rgi":"Catalão","cd_uf":"52","uf_sigla":"GO"}},{"arcs":[[-300,400,401,-396,-394,-386,-391]],"type":"Polygon","properties":{"cd_rgi":"520019","nm_rgi":"Luziânia","cd_uf":"52","uf_sigla":"GO"}},{"arcs":[[-365,402,403,404,405,-392,-382]],"type":"Polygon","properties":{"cd_rgi":"520022","nm_rgi":"Flores de Goiás","cd_uf":"52","uf_sigla":"GO"}},{"arcs":[[-113,-120,406,-405,407]],"type":"Polygon","properties":{"cd_rgi":"520021","nm_rgi":"Posse-Campos Belos","cd_uf":"52","uf_sigla":"GO"}},{"arcs":[[408,409,410,411,412,413,414,415]],"type":"Polygon","properties":{"cd_rgi":"210019","nm_rgi":"Imperatriz","cd_uf":"21","uf_sigla":"MA"}},{"arcs":[[-409,416,417,418,419]],"type":"Polygon","properties":{"cd_rgi":"210021","nm_rgi":"Açailândia","cd_uf":"21","uf_sigla":"MA"}},{"arcs":[[-412,420,421,422,423,424,425,426,427]],"type":"Polygon","properties":{"cd_rgi":"210022","nm_rgi":"Balsas","cd_uf":"21","uf_sigla":"MA"}},{"arcs":[[-410,-420,428,429,430,431,432]],"type":"Polygon","properties":{"cd_rgi":"210009","nm_rgi":"Santa Inês","cd_uf":"21","uf_sigla":"MA"}},{"arcs":[[[-419,433,434,435,436,437,-429]],[[438]],[[439]],[[440]],[[441]],[[442]],[[443]]],"type":"MultiPolygon","properties":{"cd_rgi":"210011","nm_rgi":"Governador Nunes Freire","cd_uf":"21","uf_sigla":"MA"}},{"arcs":[[-411,-433,444,445,446,447,-421]],"type":"Polygon","properties":{"cd_rgi":"210020","nm_rgi":"Barra do Corda","cd_uf":"21","uf_sigla":"MA"}},{"arcs":[[-422,-448,448,449,450]],"type":"Polygon","properties":{"cd_rgi":"210018","nm_rgi":"Colinas","cd_uf":"21","uf_sigla":"MA"}},{"arcs":[[-432,451,452,453,454,-445]],"type":"Polygon","properties":{"cd_rgi":"210010","nm_rgi":"Bacabal","cd_uf":"21","uf_sigla":"MA"}},{"arcs":[[-430,-438,455,456,457,458]],"type":"Polygon","properties":{"cd_rgi":"210002","nm_rgi":"Pinheiro","cd_uf":"21","uf_sigla":"MA"}},{"arcs":[[-431,-459,459,460,-452]],"type":"Polygon","properties":{"cd_rgi":"210005","nm_rgi":"Viana","cd_uf":"21","uf_sigla":"MA"}},{"arcs":[[[-457,461,462]],[[463]],[[464]],[[465]],[[466]],[[467]],[[468]],[[469]],[[470]],[[471]],[[472]],[[473]],[[474]],[[475]]],"type":"MultiPolygon","properties":{"cd_rgi":"210008","nm_rgi":"Cururupu","cd_uf":"21","uf_sigla":"MA"}},{"arcs":[[-446,-455,476,477]],"type":"Polygon","properties":{"cd_rgi":"210012","nm_rgi":"Pedreiras","cd_uf":"21","uf_sigla":"MA"}},{"arcs":[[-423,-451,478,479,480,481]],"type":"Polygon","properties":{"cd_rgi":"210017","nm_rgi":"São João dos Patos","cd_uf":"21","uf_sigla":"MA"}},{"arcs":[[-447,-478,482,483,484,-449]],"type":"Polygon","properties":{"cd_rgi":"210016","nm_rgi":"Presidente Dutra","cd_uf":"21","uf_sigla":"MA"}},{"arcs":[[-453,-461,485,486,487]],"type":"Polygon","properties":{"cd_rgi":"210004","nm_rgi":"Itapecuru Mirim","cd_uf":"21","uf_sigla":"MA"}},{"arcs":[[-458,-463,488,489,490,-486,-460]],"type":"Polygon","properties":{"cd_rgi":"210001","nm_rgi":"São Luís","cd_uf":"21","uf_sigla":"MA"}},{"arcs":[[-454,-488,491,492,-483,-477]],"type":"Polygon","properties":{"cd_rgi":"210015","nm_rgi":"Codó","cd_uf":"21","uf_sigla":"MA"}},{"arcs":[[-450,-485,493,494,495,-479]],"type":"Polygon","properties":{"cd_rgi":"210014","nm_rgi":"Timon","cd_uf":"21","uf_sigla":"MA"}},{"arcs":[[-484,-493,496,497,-494]],"type":"Polygon","properties":{"cd_rgi":"210013","nm_rgi":"Caxias","cd_uf":"21","uf_sigla":"MA"}},{"arcs":[[-487,-491,498,499,500,501,502,-497,-492]],"type":"Polygon","properties":{"cd_rgi":"210003","nm_rgi":"Chapadinha","cd_uf":"21","uf_sigla":"MA"}},{"arcs":[[-490,503,504,-499]],"type":"Polygon","properties":{"cd_rgi":"210006","nm_rgi":"Barreirinhas","cd_uf":"21","uf_sigla":"MA"}},{"arcs":[[-500,-505,505,506,507]],"type":"Polygon","properties":{"cd_rgi":"210007","nm_rgi":"Tutóia - Araioses","cd_uf":"21","uf_sigla":"MA"}},{"arcs":[[-348,508,509,510,511,512,513,514,515]],"type":"Polygon","properties":{"cd_rgi":"310058","nm_rgi":"Iturama","cd_uf":"31","uf_sigla":"MG"}},{"arcs":[[-347,-362,-377,516,-509]],"type":"Polygon","properties":{"cd_rgi":"310060","nm_rgi":"Ituiutaba","cd_uf":"31","uf_sigla":"MG"}},{"arcs":[[-376,-390,-400,517,518,519,-510,-517]],"type":"Polygon","properties":{"cd_rgi":"310059","nm_rgi":"Uberlândia","cd_uf":"31","uf_sigla":"MG"}},{"arcs":[[-511,-520,520,521,522,523]],"type":"Polygon","properties":{"cd_rgi":"310057","nm_rgi":"Frutal","cd_uf":"31","uf_sigla":"MG"}},{"arcs":[[-519,524,525,526,527,528,529,530,-521]],"type":"Polygon","properties":{"cd_rgi":"310055","nm_rgi":"Uberaba","cd_uf":"31","uf_sigla":"MG"}},{"arcs":[[-399,531,532,-525,-518]],"type":"Polygon","properties":{"cd_rgi":"310061","nm_rgi":"Monte Carmelo","cd_uf":"31","uf_sigla":"MG"}},{"arcs":[[-526,-533,533,534,535,536,537]],"type":"Polygon","properties":{"cd_rgi":"310056","nm_rgi":"Araxá","cd_uf":"31","uf_sigla":"MG"}},{"arcs":[[-397,-402,538,539,540,541,542,-535,543]],"type":"Polygon","properties":{"cd_rgi":"310062","nm_rgi":"Patos de Minas","cd_uf":"31","uf_sigla":"MG"}},{"arcs":[[-119,544,545,-539,-401,-299,-393,-406,-407]],"type":"Polygon","properties":{"cd_rgi":"310063","nm_rgi":"Unaí","cd_uf":"31","uf_sigla":"MG"}},{"arcs":[[-398,-544,-534,-532]],"type":"Polygon","properties":{"cd_rgi":"310064","nm_rgi":"Patrocínio","cd_uf":"31","uf_sigla":"MG"}},{"arcs":[[-528,546,547,548,549,550,551,552,553]],"type":"Polygon","properties":{"cd_rgi":"310041","nm_rgi":"Passos","cd_uf":"31","uf_sigla":"MG"}},{"arcs":[[-553,554,555,556,557]],"type":"Polygon","properties":{"cd_rgi":"310047","nm_rgi":"São Sebastião do Paraíso","cd_uf":"31","uf_sigla":"MG"}},{"arcs":[[-552,558,559,560,-555]],"type":"Polygon","properties":{"cd_rgi":"310044","nm_rgi":"Guaxupé","cd_uf":"31","uf_sigla":"MG"}},{"arcs":[[-527,-538,561,-547]],"type":"Polygon","properties":{"cd_rgi":"310049","nm_rgi":"Piumhi","cd_uf":"31","uf_sigla":"MG"}},{"arcs":[[562,563,564,565,566,567,568,569,570,571]],"type":"Polygon","properties":{"cd_rgi":"310050","nm_rgi":"Pouso Alegre","cd_uf":"31","uf_sigla":"MG"}},{"arcs":[[-560,572,-572,573,574]],"type":"Polygon","properties":{"cd_rgi":"310051","nm_rgi":"Poços de Caldas","cd_uf":"31","uf_sigla":"MG"}},{"arcs":[[-537,575,576,577,-548,-562]],"type":"Polygon","properties":{"cd_rgi":"310066","nm_rgi":"Formiga","cd_uf":"31","uf_sigla":"MG"}},{"arcs":[[-551,578,579,-563,-573,-559]],"type":"Polygon","properties":{"cd_rgi":"310042","nm_rgi":"Alfenas","cd_uf":"31","uf_sigla":"MG"}},{"arcs":[[-540,-546,580,581,582]],"type":"Polygon","properties":{"cd_rgi":"310010","nm_rgi":"Pirapora","cd_uf":"31","uf_sigla":"MG"}},{"arcs":[[-566,583,584,585,586,587]],"type":"Polygon","properties":{"cd_rgi":"310052","nm_rgi":"Itajubá","cd_uf":"31","uf_sigla":"MG"}},{"arcs":[[-536,-543,588,589,590,591,-576]],"type":"Polygon","properties":{"cd_rgi":"310067","nm_rgi":"Dores do Indaiá","cd_uf":"31","uf_sigla":"MG"}},{"arcs":[[-550,592,593,594,595,-579]],"type":"Polygon","properties":{"cd_rgi":"310046","nm_rgi":"Três Pontas - Boa Esperança","cd_uf":"31","uf_sigla":"MG"}},{"arcs":[[-118,596,597,-581,-545]],"type":"Polygon","properties":{"cd_rgi":"310011","nm_rgi":"São Francisco","cd_uf":"31","uf_sigla":"MG"}},{"arcs":[[-542,598,-589]],"type":"Polygon","properties":{"cd_rgi":"310070","nm_rgi":"Abaeté","cd_uf":"31","uf_sigla":"MG"}},{"arcs":[[-564,-580,-596,599,600]],"type":"Polygon","properties":{"cd_rgi":"310040","nm_rgi":"Varginha","cd_uf":"31","uf_sigla":"MG"}},{"arcs":[[-549,-578,601,602,603,-593]],"type":"Polygon","properties":{"cd_rgi":"310048","nm_rgi":"Campo Belo","cd_uf":"31","uf_sigla":"MG"}},{"arcs":[[-577,-592,604,605,606,-602]],"type":"Polygon","properties":{"cd_rgi":"310065","nm_rgi":"Divinópolis","cd_uf":"31","uf_sigla":"MG"}},{"arcs":[[-117,-126,607,608,-597]],"type":"Polygon","properties":{"cd_rgi":"310009","nm_rgi":"Januária","cd_uf":"31","uf_sigla":"MG"}},{"arcs":[[-595,609,610,611,-600]],"type":"Polygon","properties":{"cd_rgi":"310045","nm_rgi":"Três Corações","cd_uf":"31","uf_sigla":"MG"}},{"arcs":[[-565,-601,-612,612,613,614,615,-584]],"type":"Polygon","properties":{"cd_rgi":"310053","nm_rgi":"São Lourenço","cd_uf":"31","uf_sigla":"MG"}},{"arcs":[[-594,-604,616,617,618,-610]],"type":"Polygon","properties":{"cd_rgi":"310043","nm_rgi":"Lavras","cd_uf":"31","uf_sigla":"MG"}},{"arcs":[[-541,-583,619,620,621,622,-590,-599]],"type":"Polygon","properties":{"cd_rgi":"310004","nm_rgi":"Curvelo","cd_uf":"31","uf_sigla":"MG"}},{"arcs":[[-603,-607,623,624,625,-617]],"type":"Polygon","properties":{"cd_rgi":"310069","nm_rgi":"Oliveira","cd_uf":"31","uf_sigla":"MG"}},{"arcs":[[-611,-619,626,627,-613]],"type":"Polygon","properties":{"cd_rgi":"310054","nm_rgi":"Caxambu - Baependi","cd_uf":"31","uf_sigla":"MG"}},{"arcs":[[-582,-598,-609,628,629,630,631,632,-620]],"type":"Polygon","properties":{"cd_rgi":"310006","nm_rgi":"Montes Claros","cd_uf":"31","uf_sigla":"MG"}},{"arcs":[[-591,-623,633,634,-605]],"type":"Polygon","properties":{"cd_rgi":"310068","nm_rgi":"Pará de Minas","cd_uf":"31","uf_sigla":"MG"}},{"arcs":[[-618,-626,635,636,637,-627]],"type":"Polygon","properties":{"cd_rgi":"310039","nm_rgi":"São João del Rei","cd_uf":"31","uf_sigla":"MG"}},{"arcs":[[-614,-628,-638,638,639,640,641,642,643,644]],"type":"Polygon","properties":{"cd_rgi":"310027","nm_rgi":"Juiz de Fora","cd_uf":"31","uf_sigla":"MG"}},{"arcs":[[-622,645,646,647,648,-634]],"type":"Polygon","properties":{"cd_rgi":"310002","nm_rgi":"Sete Lagoas","cd_uf":"31","uf_sigla":"MG"}},{"arcs":[[-606,-635,-649,649,650,651,-624]],"type":"Polygon","properties":{"cd_rgi":"310001","nm_rgi":"Belo Horizonte","cd_uf":"31","uf_sigla":"MG"}},{"arcs":[[-125,652,653,-629,-608]],"type":"Polygon","properties":{"cd_rgi":"310007","nm_rgi":"Janaúba","cd_uf":"31","uf_sigla":"MG"}},{"arcs":[[-625,-652,654,655,656,657,658,-636]],"type":"Polygon","properties":{"cd_rgi":"310038","nm_rgi":"Conselheiro Lafaiete","cd_uf":"31","uf_sigla":"MG"}},{"arcs":[[-637,-659,659,-639]],"type":"Polygon","properties":{"cd_rgi":"310037","nm_rgi":"Barbacena","cd_uf":"31","uf_sigla":"MG"}},{"arcs":[[-621,-633,660,661,-646]],"type":"Polygon","properties":{"cd_rgi":"310016","nm_rgi":"Diamantina","cd_uf":"31","uf_sigla":"MG"}},{"arcs":[[-651,662,663,664,-655]],"type":"Polygon","properties":{"cd_rgi":"310003","nm_rgi":"Santa Bárbara - Ouro Preto","cd_uf":"31","uf_sigla":"MG"}},{"arcs":[[-648,665,666,667,-663,-650]],"type":"Polygon","properties":{"cd_rgi":"310005","nm_rgi":"Itabira","cd_uf":"31","uf_sigla":"MG"}},{"arcs":[[-124,-161,668,-653]],"type":"Polygon","properties":{"cd_rgi":"310012","nm_rgi":"Espinosa","cd_uf":"31","uf_sigla":"MG"}},{"arcs":[[-640,-660,-658,669,670,671,672]],"type":"Polygon","properties":{"cd_rgi":"310029","nm_rgi":"Ubá","cd_uf":"31","uf_sigla":"MG"}},{"arcs":[[-664,-668,673,674]],"type":"Polygon","properties":{"cd_rgi":"310026","nm_rgi":"João Monlevade","cd_uf":"31","uf_sigla":"MG"}},{"arcs":[[-656,-665,-675,675,676,677,678,679]],"type":"Polygon","properties":{"cd_rgi":"310030","nm_rgi":"Ponte Nova","cd_uf":"31","uf_sigla":"MG"}},{"arcs":[[-647,-662,680,681,682,-666]],"type":"Polygon","properties":{"cd_rgi":"310021","nm_rgi":"Guanhães","cd_uf":"31","uf_sigla":"MG"}},{"arcs":[[-657,-680,683,684,-670]],"type":"Polygon","properties":{"cd_rgi":"310033","nm_rgi":"Viçosa","cd_uf":"31","uf_sigla":"MG"}},{"arcs":[[-641,-673,685,686]],"type":"Polygon","properties":{"cd_rgi":"310035","nm_rgi":"São João Nepomuceno - Bicas","cd_uf":"31","uf_sigla":"MG"}},{"arcs":[[-632,687,688,689,-681,-661]],"type":"Polygon","properties":{"cd_rgi":"310014","nm_rgi":"Capelinha","cd_uf":"31","uf_sigla":"MG"}},{"arcs":[[-667,-683,690,691,-676,-674]],"type":"Polygon","properties":{"cd_rgi":"310024","nm_rgi":"Ipatinga","cd_uf":"31","uf_sigla":"MG"}},{"arcs":[[-672,692,693,694,-686]],"type":"Polygon","properties":{"cd_rgi":"310032","nm_rgi":"Cataguases","cd_uf":"31","uf_sigla":"MG"}},{"arcs":[[-642,-687,-695,695,696,697]],"type":"Polygon","properties":{"cd_rgi":"310036","nm_rgi":"Além Paraíba","cd_uf":"31","uf_sigla":"MG"}},{"arcs":[[-160,698,699,-630,-654,-669]],"type":"Polygon","properties":{"cd_rgi":"310008","nm_rgi":"Salinas","cd_uf":"31","uf_sigla":"MG"}},{"arcs":[[-631,-700,700,701,-688]],"type":"Polygon","properties":{"cd_rgi":"310017","nm_rgi":"Araçuaí","cd_uf":"31","uf_sigla":"MG"}},{"arcs":[[-671,-685,702,703,704,-693]],"type":"Polygon","properties":{"cd_rgi":"310031","nm_rgi":"Muriaé","cd_uf":"31","uf_sigla":"MG"}},{"arcs":[[-317,705,706,707,-691,-682,-690,708,709]],"type":"Polygon","properties":{"cd_rgi":"310020","nm_rgi":"Governador Valadares","cd_uf":"31","uf_sigla":"MG"}},{"arcs":[[-301,710,-678,711,-707,712,-311]],"type":"Polygon","properties":{"cd_rgi":"310028","nm_rgi":"Manhuaçu","cd_uf":"31","uf_sigla":"MG"}},{"arcs":[[-677,-692,-708,-712]],"type":"Polygon","properties":{"cd_rgi":"310025","nm_rgi":"Caratinga","cd_uf":"31","uf_sigla":"MG"}},{"arcs":[[-305,713,-703,-684,-679,-711]],"type":"Polygon","properties":{"cd_rgi":"310034","nm_rgi":"Carangola","cd_uf":"31","uf_sigla":"MG"}},{"arcs":[[-186,-330,-323,714,-709,-689,-702,715,716,717]],"type":"Polygon","properties":{"cd_rgi":"310013","nm_rgi":"Teófilo Otoni","cd_uf":"31","uf_sigla":"MG"}},{"arcs":[[-159,718,-716,-701,-699]],"type":"Polygon","properties":{"cd_rgi":"310018","nm_rgi":"Pedra Azul","cd_uf":"31","uf_sigla":"MG"}},{"arcs":[[-318,-710,-715,-322]],"type":"Polygon","properties":{"cd_rgi":"310022","nm_rgi":"Mantena","cd_uf":"31","uf_sigla":"MG"}},{"arcs":[[-312,-713,-706,-316]],"type":"Polygon","properties":{"cd_rgi":"310023","nm_rgi":"Aimorés - Resplendor","cd_uf":"31","uf_sigla":"MG"}},{"arcs":[[-158,-181,-190,-182,719,-717,-719]],"type":"Polygon","properties":{"cd_rgi":"310015","nm_rgi":"Almenara","cd_uf":"31","uf_sigla":"MG"}},{"arcs":[[-187,-718,-720]],"type":"Polygon","properties":{"cd_rgi":"310019","nm_rgi":"Águas Formosas","cd_uf":"31","uf_sigla":"MG"}},{"arcs":[[720,721,722,723,724,725,726]],"type":"Polygon","properties":{"cd_rgi":"500010","nm_rgi":"Corumbá","cd_uf":"50","uf_sigla":"MS"}},{"arcs":[[-725,727,728,729,730]],"type":"Polygon","properties":{"cd_rgi":"500011","nm_rgi":"Jardim","cd_uf":"50","uf_sigla":"MS"}},{"arcs":[[-724,731,732,733,-728]],"type":"Polygon","properties":{"cd_rgi":"500012","nm_rgi":"Aquidauana - Anastácio","cd_uf":"50","uf_sigla":"MS"}},{"arcs":[[-730,734,735,736]],"type":"Polygon","properties":{"cd_rgi":"500008","nm_rgi":"Ponta Porã","cd_uf":"50","uf_sigla":"MS"}},{"arcs":[[-729,-734,737,738,739,740,-735]],"type":"Polygon","properties":{"cd_rgi":"500005","nm_rgi":"Dourados","cd_uf":"50","uf_sigla":"MS"}},{"arcs":[[-733,741,742,743,-738]],"type":"Polygon","properties":{"cd_rgi":"500001","nm_rgi":"Campo Grande","cd_uf":"50","uf_sigla":"MS"}},{"arcs":[[-736,-741,744,745]],"type":"Polygon","properties":{"cd_rgi":"500009","nm_rgi":"Amambai","cd_uf":"50","uf_sigla":"MS"}},{"arcs":[[-337,746,747,-742,-732,-723,748]],"type":"Polygon","properties":{"cd_rgi":"500004","nm_rgi":"Coxim","cd_uf":"50","uf_sigla":"MS"}},{"arcs":[[-740,749,750,751,752,753,-745]],"type":"Polygon","properties":{"cd_rgi":"500006","nm_rgi":"Naviraí - Mundo Novo","cd_uf":"50","uf_sigla":"MS"}},{"arcs":[[-739,-744,754,755,756,757,758,-750]],"type":"Polygon","properties":{"cd_rgi":"500007","nm_rgi":"Nova Andradina","cd_uf":"50","uf_sigla":"MS"}},{"arcs":[[-743,-748,759,760,761,762,-755]],"type":"Polygon","properties":{"cd_rgi":"500002","nm_rgi":"Três Lagoas","cd_uf":"50","uf_sigla":"MS"}},{"arcs":[[-336,-349,-516,763,764,-760,-747]],"type":"Polygon","properties":{"cd_rgi":"500003","nm_rgi":"Paranaíba - Chapadão do Sul - Cassilândia","cd_uf":"50","uf_sigla":"MS"}},{"arcs":[[-85,765,766,767,768,769,770,771,772]],"type":"Polygon","properties":{"cd_rgi":"510009","nm_rgi":"Juína","cd_uf":"51","uf_sigla":"MT"}},{"arcs":[[-769,773,774,775,776]],"type":"Polygon","properties":{"cd_rgi":"510005","nm_rgi":"Pontes e Lacerda - Comodoro","cd_uf":"51","uf_sigla":"MT"}},{"arcs":[[-775,777,778,779]],"type":"Polygon","properties":{"cd_rgi":"510006","nm_rgi":"Mirassol D'oeste","cd_uf":"51","uf_sigla":"MT"}},{"arcs":[[-768,780,781,782,783,-778,-774]],"type":"Polygon","properties":{"cd_rgi":"510002","nm_rgi":"Tangará da Serra","cd_uf":"51","uf_sigla":"MT"}},{"arcs":[[-727,784,-779,-784,785]],"type":"Polygon","properties":{"cd_rgi":"510004","nm_rgi":"Cáceres","cd_uf":"51","uf_sigla":"MT"}},{"arcs":[[-84,786,787,788,789,-766]],"type":"Polygon","properties":{"cd_rgi":"510010","nm_rgi":"Alta Floresta","cd_uf":"51","uf_sigla":"MT"}},{"arcs":[[-767,-790,790,791,792,-781]],"type":"Polygon","properties":{"cd_rgi":"510012","nm_rgi":"Juara","cd_uf":"51","uf_sigla":"MT"}},{"arcs":[[-782,-793,793,794]],"type":"Polygon","properties":{"cd_rgi":"510003","nm_rgi":"Diamantino","cd_uf":"51","uf_sigla":"MT"}},{"arcs":[[-721,-786,-783,-795,795,796,797,798]],"type":"Polygon","properties":{"cd_rgi":"510001","nm_rgi":"Cuiabá","cd_uf":"51","uf_sigla":"MT"}},{"arcs":[[-792,799,800,-796,-794]],"type":"Polygon","properties":{"cd_rgi":"510008","nm_rgi":"Sorriso","cd_uf":"51","uf_sigla":"MT"}},{"arcs":[[-789,801,802,803,804,-800,-791]],"type":"Polygon","properties":{"cd_rgi":"510007","nm_rgi":"Sinop","cd_uf":"51","uf_sigla":"MT"}},{"arcs":[[-788,805,806,807,808,-802]],"type":"Polygon","properties":{"cd_rgi":"510011","nm_rgi":"Peixoto de Azevedo - Guarantã do Norte","cd_uf":"51","uf_sigla":"MT"}},{"arcs":[[-338,-749,-722,-799,809,810,811]],"type":"Polygon","properties":{"cd_rgi":"510016","nm_rgi":"Rondonópolis","cd_uf":"51","uf_sigla":"MT"}},{"arcs":[[-798,812,-810]],"type":"Polygon","properties":{"cd_rgi":"510018","nm_rgi":"Jaciara","cd_uf":"51","uf_sigla":"MT"}},{"arcs":[[-797,-801,-805,813,814,-811,-813]],"type":"Polygon","properties":{"cd_rgi":"510017","nm_rgi":"Primavera do Leste","cd_uf":"51","uf_sigla":"MT"}},{"arcs":[[-332,-812,-815,815,-350,-339]],"type":"Polygon","properties":{"cd_rgi":"510013","nm_rgi":"Barra do Garças","cd_uf":"51","uf_sigla":"MT"}},{"arcs":[[-351,-816,-814,-804,816,817,-363]],"type":"Polygon","properties":{"cd_rgi":"510015","nm_rgi":"Água Boa","cd_uf":"51","uf_sigla":"MT"}},{"arcs":[[-803,-809,818,819,820,821,-817]],"type":"Polygon","properties":{"cd_rgi":"510014","nm_rgi":"Confresa - Vila Rica","cd_uf":"51","uf_sigla":"MT"}},{"arcs":[[-94,822,823,824,825,826]],"type":"Polygon","properties":{"cd_rgi":"150017","nm_rgi":"Oriximiná","cd_uf":"15","uf_sigla":"PA"}},{"arcs":[[-83,-95,-827,827,828,-806,-787]],"type":"Polygon","properties":{"cd_rgi":"150016","nm_rgi":"Itaituba","cd_uf":"15","uf_sigla":"PA"}},{"arcs":[[-826,829,830,-828]],"type":"Polygon","properties":{"cd_rgi":"150015","nm_rgi":"Santarém","cd_uf":"15","uf_sigla":"PA"}},{"arcs":[[-101,831,832,-830,-825,833]],"type":"Polygon","properties":{"cd_rgi":"150019","nm_rgi":"Almeirim - Porto de Moz","cd_uf":"15","uf_sigla":"PA"}},{"arcs":[[-807,-829,-831,-833,834,835,836]],"type":"Polygon","properties":{"cd_rgi":"150018","nm_rgi":"Altamira","cd_uf":"15","uf_sigla":"PA"}},{"arcs":[[-808,-837,837,838,839,840,841,-819]],"type":"Polygon","properties":{"cd_rgi":"150013","nm_rgi":"Tucumã - São Félix do Xingu","cd_uf":"15","uf_sigla":"PA"}},{"arcs":[[-100,-107,842,843,844,845,-835,-832]],"type":"Polygon","properties":{"cd_rgi":"150020","nm_rgi":"Breves","cd_uf":"15","uf_sigla":"PA"}},{"arcs":[[-820,-842,846,847,848,849,850]],"type":"Polygon","properties":{"cd_rgi":"150012","nm_rgi":"Redenção","cd_uf":"15","uf_sigla":"PA"}},{"arcs":[[-416,851,852,853,854,-839,855,856,-417]],"type":"Polygon","properties":{"cd_rgi":"150009","nm_rgi":"Marabá","cd_uf":"15","uf_sigla":"PA"}},{"arcs":[[-836,-846,857,858,859,-856,-838]],"type":"Polygon","properties":{"cd_rgi":"150011","nm_rgi":"Tucuruí","cd_uf":"15","uf_sigla":"PA"}},{"arcs":[[-840,-855,860]],"type":"Polygon","properties":{"cd_rgi":"150010","nm_rgi":"Parauapebas","cd_uf":"15","uf_sigla":"PA"}},{"arcs":[[-841,-861,-854,861,-847]],"type":"Polygon","properties":{"cd_rgi":"150014","nm_rgi":"Xinguara","cd_uf":"15","uf_sigla":"PA"}},{"arcs":[[-845,862,863,-858]],"type":"Polygon","properties":{"cd_rgi":"150002","nm_rgi":"Cametá","cd_uf":"15","uf_sigla":"PA"}},{"arcs":[[-859,-864,864,865,866]],"type":"Polygon","properties":{"cd_rgi":"150003","nm_rgi":"Abaetetuba","cd_uf":"15","uf_sigla":"PA"}},{"arcs":[[-844,867,868,-865,-863]],"type":"Polygon","properties":{"cd_rgi":"150021","nm_rgi":"Soure-Salvaterra","cd_uf":"15","uf_sigla":"PA"}},{"arcs":[[-418,-857,-860,-867,869,870,871,-434]],"type":"Polygon","properties":{"cd_rgi":"150007","nm_rgi":"Paragominas","cd_uf":"15","uf_sigla":"PA"}},{"arcs":[[-866,-869,872,873,-870]],"type":"Polygon","properties":{"cd_rgi":"150001","nm_rgi":"Belém","cd_uf":"15","uf_sigla":"PA"}},{"arcs":[[-871,-874,874,875,876]],"type":"Polygon","properties":{"cd_rgi":"150004","nm_rgi":"Castanhal","cd_uf":"15","uf_sigla":"PA"}},{"arcs":[[-435,-872,-877,877,878]],"type":"Polygon","properties":{"cd_rgi":"150008","nm_rgi":"Capitão Poço","cd_uf":"15","uf_sigla":"PA"}},{"arcs":[[-876,879,880,-878]],"type":"Polygon","properties":{"cd_rgi":"150006","nm_rgi":"Capanema","cd_uf":"15","uf_sigla":"PA"}},{"arcs":[[[-436,-879,-881,881]],[[882]],[[883]]],"type":"MultiPolygon","properties":{"cd_rgi":"150005","nm_rgi":"Bragança","cd_uf":"15","uf_sigla":"PA"}},{"arcs":[[-260,-291,884,885,-284]],"type":"Polygon","properties":{"cd_rgi":"250015","nm_rgi":"Cajazeiras","cd_uf":"25","uf_sigla":"PB"}},{"arcs":[[-285,-886,886,887,888,889]],"type":"Polygon","properties":{"cd_rgi":"250010","nm_rgi":"Itaporanga","cd_uf":"25","uf_sigla":"PB"}},{"arcs":[[-290,890,891,892,893,-887,-885]],"type":"Polygon","properties":{"cd_rgi":"250014","nm_rgi":"Sousa","cd_uf":"25","uf_sigla":"PB"}},{"arcs":[[-889,894,895,896]],"type":"Polygon","properties":{"cd_rgi":"250013","nm_rgi":"Princesa Isabel","cd_uf":"25","uf_sigla":"PB"}},{"arcs":[[-888,-894,897,898,899,900,901,-895]],"type":"Polygon","properties":{"cd_rgi":"250009","nm_rgi":"Patos","cd_uf":"25","uf_sigla":"PB"}},{"arcs":[[-892,902,903,904,905]],"type":"Polygon","properties":{"cd_rgi":"250011","nm_rgi":"Catolé do Rocha - São Bento","cd_uf":"25","uf_sigla":"PB"}},{"arcs":[[-893,-906,906,-898]],"type":"Polygon","properties":{"cd_rgi":"250012","nm_rgi":"Pombal","cd_uf":"25","uf_sigla":"PB"}},{"arcs":[[907,908,909,910,911]],"type":"Polygon","properties":{"cd_rgi":"250007","nm_rgi":"Monteiro","cd_uf":"25","uf_sigla":"PB"}},{"arcs":[[-901,912,913,-909,914]],"type":"Polygon","properties":{"cd_rgi":"250008","nm_rgi":"Sumé","cd_uf":"25","uf_sigla":"PB"}},{"arcs":[[-900,915,916,917,918,919,920,921,922,-913]],"type":"Polygon","properties":{"cd_rgi":"250005","nm_rgi":"Campina Grande","cd_uf":"25","uf_sigla":"PB"}},{"arcs":[[-917,923,924,925,926]],"type":"Polygon","properties":{"cd_rgi":"250006","nm_rgi":"Cuité - Nova Floresta","cd_uf":"25","uf_sigla":"PB"}},{"arcs":[[-918,-927,927,928,929,930]],"type":"Polygon","properties":{"cd_rgi":"250002","nm_rgi":"Guarabira","cd_uf":"25","uf_sigla":"PB"}},{"arcs":[[-920,931,932,933]],"type":"Polygon","properties":{"cd_rgi":"250004","nm_rgi":"Itabaiana","cd_uf":"25","uf_sigla":"PB"}},{"arcs":[[[-919,-931,934,935,936,-932]],[[937]]],"type":"MultiPolygon","properties":{"cd_rgi":"250001","nm_rgi":"João Pessoa","cd_uf":"25","uf_sigla":"PB"}},{"arcs":[[-930,938,939,940,-935]],"type":"Polygon","properties":{"cd_rgi":"250003","nm_rgi":"Mamanguape - Rio Tinto","cd_uf":"25","uf_sigla":"PB"}},{"arcs":[[-139,941,942,943]],"type":"Polygon","properties":{"cd_rgi":"260015","nm_rgi":"Petrolina","cd_uf":"26","uf_sigla":"PE"}},{"arcs":[[-263,944,-943,945,946]],"type":"Polygon","properties":{"cd_rgi":"260016","nm_rgi":"Araripina","cd_uf":"26","uf_sigla":"PE"}},{"arcs":[[-140,-944,-945,-262,-287,947,-214]],"type":"Polygon","properties":{"cd_rgi":"260017","nm_rgi":"Salgueiro","cd_uf":"26","uf_sigla":"PE"}},{"arcs":[[-20,-215,-948,-286,-890,-897,948,949]],"type":"Polygon","properties":{"cd_rgi":"260013","nm_rgi":"Serra Talhada","cd_uf":"26","uf_sigla":"PE"}},{"arcs":[[-21,-950,950,-912,951,952,-26]],"type":"Polygon","properties":{"cd_rgi":"260011","nm_rgi":"Arcoverde","cd_uf":"26","uf_sigla":"PE"}},{"arcs":[[-896,-902,-915,-908,-951,-949]],"type":"Polygon","properties":{"cd_rgi":"260014","nm_rgi":"Afogados da Ingazeira","cd_uf":"26","uf_sigla":"PE"}},{"arcs":[[-27,-953,953,954,955,-50,-44,-33]],"type":"Polygon","properties":{"cd_rgi":"260010","nm_rgi":"Garanhuns","cd_uf":"26","uf_sigla":"PE"}},{"arcs":[[-911,956,-954,-952]],"type":"Polygon","properties":{"cd_rgi":"260012","nm_rgi":"Belo Jardim – Pesqueira","cd_uf":"26","uf_sigla":"PE"}},{"arcs":[[-910,-914,-923,957,958,959,960,961,-955,-957]],"type":"Polygon","properties":{"cd_rgi":"260009","nm_rgi":"Caruaru","cd_uf":"26","uf_sigla":"PE"}},{"arcs":[[-922,962,-958]],"type":"Polygon","properties":{"cd_rgi":"260008","nm_rgi":"Surubim","cd_uf":"26","uf_sigla":"PE"}},{"arcs":[[-51,-956,-962,963,964,-56]],"type":"Polygon","properties":{"cd_rgi":"260003","nm_rgi":"Palmares","cd_uf":"26","uf_sigla":"PE"}},{"arcs":[[-921,-934,965,966,967,-959,-963]],"type":"Polygon","properties":{"cd_rgi":"260004","nm_rgi":"Limoeiro","cd_uf":"26","uf_sigla":"PE"}},{"arcs":[[-961,968,969,970,-964]],"type":"Polygon","properties":{"cd_rgi":"260018","nm_rgi":"Escada - Ribeirão","cd_uf":"26","uf_sigla":"PE"}},{"arcs":[[-933,-937,971,972,973,-966]],"type":"Polygon","properties":{"cd_rgi":"260002","nm_rgi":"Goiana – Timbaúba","cd_uf":"26","uf_sigla":"PE"}},{"arcs":[[-960,-968,974,975,-969]],"type":"Polygon","properties":{"cd_rgi":"260005","nm_rgi":"Vitória de Santo Antão","cd_uf":"26","uf_sigla":"PE"}},{"arcs":[[-967,-974,976,-975]],"type":"Polygon","properties":{"cd_rgi":"260006","nm_rgi":"Carpina","cd_uf":"26","uf_sigla":"PE"}},{"arcs":[[-57,-965,-971,977,978]],"type":"Polygon","properties":{"cd_rgi":"260007","nm_rgi":"Barreiros - Sirinhaém","cd_uf":"26","uf_sigla":"PE"}},{"arcs":[[[-970,-976,-977,-973,979,-978]],[[980]]],"type":"MultiPolygon","properties":{"cd_rgi":"260001","nm_rgi":"Recife","cd_uf":"26","uf_sigla":"PE"}},{"arcs":[[-109,981,-425,982,983,-134,-127]],"type":"Polygon","properties":{"cd_rgi":"220015","nm_rgi":"Corrente","cd_uf":"22","uf_sigla":"PI"}},{"arcs":[[-424,-482,984,985,986,-983]],"type":"Polygon","properties":{"cd_rgi":"220018","nm_rgi":"Uruçuí","cd_uf":"22","uf_sigla":"PI"}},{"arcs":[[-135,-984,-987,987,988]],"type":"Polygon","properties":{"cd_rgi":"220016","nm_rgi":"Bom Jesus","cd_uf":"22","uf_sigla":"PI"}},{"arcs":[[-481,989,990,991,992,993,-985]],"type":"Polygon","properties":{"cd_rgi":"220017","nm_rgi":"Floriano","cd_uf":"22","uf_sigla":"PI"}},{"arcs":[[-136,-989,994,995]],"type":"Polygon","properties":{"cd_rgi":"220013","nm_rgi":"São Raimundo Nonato","cd_uf":"22","uf_sigla":"PI"}},{"arcs":[[-986,-994,996,-995,-988]],"type":"Polygon","properties":{"cd_rgi":"220019","nm_rgi":"Canto do Buriti","cd_uf":"22","uf_sigla":"PI"}},{"arcs":[[-480,-496,997,998,999,1000,-990]],"type":"Polygon","properties":{"cd_rgi":"220002","nm_rgi":"Amarante - Água Branca - Regeneração","cd_uf":"22","uf_sigla":"PI"}},{"arcs":[[-495,-498,-503,1001,1002,-998]],"type":"Polygon","properties":{"cd_rgi":"220001","nm_rgi":"Teresina","cd_uf":"22","uf_sigla":"PI"}},{"arcs":[[-502,1003,1004,1005,-1002]],"type":"Polygon","properties":{"cd_rgi":"220005","nm_rgi":"Barras","cd_uf":"22","uf_sigla":"PI"}},{"arcs":[[-137,-996,-997,-993,1006,1007]],"type":"Polygon","properties":{"cd_rgi":"220014","nm_rgi":"São João do Piauí","cd_uf":"22","uf_sigla":"PI"}},{"arcs":[[-501,-508,1008,1009,-1004]],"type":"Polygon","properties":{"cd_rgi":"220008","nm_rgi":"Esperantina","cd_uf":"22","uf_sigla":"PI"}},{"arcs":[[-991,-1001,1010,1011,1012]],"type":"Polygon","properties":{"cd_rgi":"220011","nm_rgi":"Oeiras","cd_uf":"22","uf_sigla":"PI"}},{"arcs":[[-992,-1013,1013,1014,-1007]],"type":"Polygon","properties":{"cd_rgi":"220012","nm_rgi":"Simplício Mendes","cd_uf":"22","uf_sigla":"PI"}},{"arcs":[[-247,1015,-999,-1003,-1006,1016]],"type":"Polygon","properties":{"cd_rgi":"220003","nm_rgi":"Campo Maior","cd_uf":"22","uf_sigla":"PI"}},{"arcs":[[-246,-257,1017,-1011,-1000,-1016]],"type":"Polygon","properties":{"cd_rgi":"220004","nm_rgi":"Valença do Piauí","cd_uf":"22","uf_sigla":"PI"}},{"arcs":[[-237,-241,1018,-1009,-507,1019]],"type":"Polygon","properties":{"cd_rgi":"220006","nm_rgi":"Parnaíba","cd_uf":"22","uf_sigla":"PI"}},{"arcs":[[-240,-248,-1017,-1005,-1010,-1019]],"type":"Polygon","properties":{"cd_rgi":"220007","nm_rgi":"Piripiri","cd_uf":"22","uf_sigla":"PI"}},{"arcs":[[-256,-264,-947,1020,-1014,-1012,-1018]],"type":"Polygon","properties":{"cd_rgi":"220009","nm_rgi":"Picos","cd_uf":"22","uf_sigla":"PI"}},{"arcs":[[-138,-1008,-1015,-1021,-946,-942]],"type":"Polygon","properties":{"cd_rgi":"220010","nm_rgi":"Paulistana","cd_uf":"22","uf_sigla":"PI"}},{"arcs":[[1021,1022,1023,1024]],"type":"Polygon","properties":{"cd_rgi":"410007","nm_rgi":"Foz do Iguaçu","cd_uf":"41","uf_sigla":"PR"}},{"arcs":[[-753,1025,1026,1027,-1022,1028,1029,1030]],"type":"Polygon","properties":{"cd_rgi":"410008","nm_rgi":"Toledo","cd_uf":"41","uf_sigla":"PR"}},{"arcs":[[-1030,1031]],"type":"Polygon","properties":{"cd_rgi":"410013","nm_rgi":"Marechal Cândido Rondon","cd_uf":"41","uf_sigla":"PR"}},{"arcs":[[-1023,-1028,1032,1033,1034,1035,1036]],"type":"Polygon","properties":{"cd_rgi":"410006","nm_rgi":"Cascavel","cd_uf":"41","uf_sigla":"PR"}},{"arcs":[[-752,1037,1038,1039,1040,-1026]],"type":"Polygon","properties":{"cd_rgi":"410016","nm_rgi":"Umuarama","cd_uf":"41","uf_sigla":"PR"}},{"arcs":[[-1024,-1037,1041,1042,1043,1044,1045]],"type":"Polygon","properties":{"cd_rgi":"410009","nm_rgi":"Francisco Beltrão","cd_uf":"41","uf_sigla":"PR"}},{"arcs":[[-751,-759,1046,-1038]],"type":"Polygon","properties":{"cd_rgi":"410020","nm_rgi":"Loanda","cd_uf":"41","uf_sigla":"PR"}},{"arcs":[[-1036,1047,1048,-1042]],"type":"Polygon","properties":{"cd_rgi":"410012","nm_rgi":"Dois Vizinhos","cd_uf":"41","uf_sigla":"PR"}},{"arcs":[[-1027,-1041,1049,1050,1051,1052,1053,-1033]],"type":"Polygon","properties":{"cd_rgi":"410015","nm_rgi":"Campo Mourão","cd_uf":"41","uf_sigla":"PR"}},{"arcs":[[-1035,1054,1055,1056,-1048]],"type":"Polygon","properties":{"cd_rgi":"410011","nm_rgi":"Laranjeiras do Sul - Quedas do Iguaçu","cd_uf":"41","uf_sigla":"PR"}},{"arcs":[[-758,1057,1058,1059,1060,-1039,-1047]],"type":"Polygon","properties":{"cd_rgi":"410017","nm_rgi":"Paranavaí","cd_uf":"41","uf_sigla":"PR"}},{"arcs":[[-1040,-1061,1061,-1050]],"type":"Polygon","properties":{"cd_rgi":"410018","nm_rgi":"Cianorte","cd_uf":"41","uf_sigla":"PR"}},{"arcs":[[-1043,-1049,-1057,1062,1063,1064,1065,1066]],"type":"Polygon","properties":{"cd_rgi":"410010","nm_rgi":"Pato Branco","cd_uf":"41","uf_sigla":"PR"}},{"arcs":[[-1034,-1054,1067,1068,-1055]],"type":"Polygon","properties":{"cd_rgi":"410005","nm_rgi":"Pitanga","cd_uf":"41","uf_sigla":"PR"}},{"arcs":[[-1051,-1062,-1060,1069,1070,1071]],"type":"Polygon","properties":{"cd_rgi":"410014","nm_rgi":"Maringá","cd_uf":"41","uf_sigla":"PR"}},{"arcs":[[-1056,-1069,1072,1073,1074,1075,-1063]],"type":"Polygon","properties":{"cd_rgi":"410004","nm_rgi":"Guarapuava","cd_uf":"41","uf_sigla":"PR"}},{"arcs":[[-1059,1076,1077,-1070]],"type":"Polygon","properties":{"cd_rgi":"410019","nm_rgi":"Paranacity - Colorado","cd_uf":"41","uf_sigla":"PR"}},{"arcs":[[-1052,-1072,1078,1079,1080]],"type":"Polygon","properties":{"cd_rgi":"410023","nm_rgi":"Apucarana","cd_uf":"41","uf_sigla":"PR"}},{"arcs":[[-1053,-1081,1081,1082,-1073,-1068]],"type":"Polygon","properties":{"cd_rgi":"410025","nm_rgi":"Ivaiporã","cd_uf":"41","uf_sigla":"PR"}},{"arcs":[[-1071,-1078,1083,1084,1085,-1079]],"type":"Polygon","properties":{"cd_rgi":"410021","nm_rgi":"Londrina","cd_uf":"41","uf_sigla":"PR"}},{"arcs":[[-1064,-1076,1086,1087,1088,1089,1090,1091]],"type":"Polygon","properties":{"cd_rgi":"410003","nm_rgi":"União da Vitória","cd_uf":"41","uf_sigla":"PR"}},{"arcs":[[-1080,-1086,1092,1093,1094,-1082]],"type":"Polygon","properties":{"cd_rgi":"410028","nm_rgi":"Telêmaco Borba","cd_uf":"41","uf_sigla":"PR"}},{"arcs":[[-1075,1095,-1087]],"type":"Polygon","properties":{"cd_rgi":"410029","nm_rgi":"Irati","cd_uf":"41","uf_sigla":"PR"}},{"arcs":[[-1074,-1083,-1095,1096,1097,1098,1099,-1088,-1096]],"type":"Polygon","properties":{"cd_rgi":"410027","nm_rgi":"Ponta Grossa","cd_uf":"41","uf_sigla":"PR"}},{"arcs":[[-1085,1100,1101,1102,1103,-1093]],"type":"Polygon","properties":{"cd_rgi":"410024","nm_rgi":"Cornélio Procópio – Bandeirantes","cd_uf":"41","uf_sigla":"PR"}},{"arcs":[[-1094,-1104,1104,-1097]],"type":"Polygon","properties":{"cd_rgi":"410026","nm_rgi":"Ibaiti","cd_uf":"41","uf_sigla":"PR"}},{"arcs":[[-1098,-1105,-1103,1105,1106,1107,1108]],"type":"Polygon","properties":{"cd_rgi":"410022","nm_rgi":"Santo Antônio da Platina","cd_uf":"41","uf_sigla":"PR"}},{"arcs":[[-1089,-1100,1109,1110,1111,1112,1113]],"type":"Polygon","properties":{"cd_rgi":"410001","nm_rgi":"Curitiba","cd_uf":"41","uf_sigla":"PR"}},{"arcs":[[-1112,1114,1115,1116,1117]],"type":"Polygon","properties":{"cd_rgi":"410002","nm_rgi":"Paranaguá","cd_uf":"41","uf_sigla":"PR"}},{"arcs":[[[1118,1119,1120,1121,1122,1123]],[[1124]]],"type":"MultiPolygon","properties":{"cd_rgi":"330002","nm_rgi":"Angra dos Reis","cd_uf":"33","uf_sigla":"RJ"}},{"arcs":[[-615,-645,1125,1126,1127]],"type":"Polygon","properties":{"cd_rgi":"330005","nm_rgi":"Resende","cd_uf":"33","uf_sigla":"RJ"}},{"arcs":[[-1122,1128,-1127,1129,1130]],"type":"Polygon","properties":{"cd_rgi":"330004","nm_rgi":"Volta Redonda - Barra Mansa","cd_uf":"33","uf_sigla":"RJ"}},{"arcs":[[[-1123,-1131,1131,1132,1133,1134,1135]],[[1136]],[[1137]]],"type":"MultiPolygon","properties":{"cd_rgi":"330001","nm_rgi":"Rio de Janeiro","cd_uf":"33","uf_sigla":"RJ"}},{"arcs":[[-644,1138,1139,-1132,-1130,-1126]],"type":"Polygon","properties":{"cd_rgi":"330006","nm_rgi":"Valença","cd_uf":"33","uf_sigla":"RJ"}},{"arcs":[[-643,-698,1140,1141,-1139]],"type":"Polygon","properties":{"cd_rgi":"330009","nm_rgi":"Três Rios - Paraíba do Sul","cd_uf":"33","uf_sigla":"RJ"}},{"arcs":[[-1133,-1140,-1142,1142,1143]],"type":"Polygon","properties":{"cd_rgi":"330007","nm_rgi":"Petrópolis","cd_uf":"33","uf_sigla":"RJ"}},{"arcs":[[-1134,-1144,1144,1145,1146]],"type":"Polygon","properties":{"cd_rgi":"330003","nm_rgi":"Rio Bonito","cd_uf":"33","uf_sigla":"RJ"}},{"arcs":[[-697,1147,1148,1149,-1145,-1143,-1141]],"type":"Polygon","properties":{"cd_rgi":"330008","nm_rgi":"Nova Friburgo","cd_uf":"33","uf_sigla":"RJ"}},{"arcs":[[-1135,-1147,1150,1151]],"type":"Polygon","properties":{"cd_rgi":"330013","nm_rgi":"Cabo Frio","cd_uf":"33","uf_sigla":"RJ"}},{"arcs":[[-694,-705,1152,1153,-1148,-696]],"type":"Polygon","properties":{"cd_rgi":"330012","nm_rgi":"Santo Antônio de Pádua","cd_uf":"33","uf_sigla":"RJ"}},{"arcs":[[-1146,-1150,1154,1155,-1151]],"type":"Polygon","properties":{"cd_rgi":"330014","nm_rgi":"Macaé - Rio das Ostras","cd_uf":"33","uf_sigla":"RJ"}},{"arcs":[[-304,-310,1156,-1153,-704,-714]],"type":"Polygon","properties":{"cd_rgi":"330011","nm_rgi":"Itaperuna","cd_uf":"33","uf_sigla":"RJ"}},{"arcs":[[-309,1157,-1155,-1149,-1154,-1157]],"type":"Polygon","properties":{"cd_rgi":"330010","nm_rgi":"Campos dos Goytacazes","cd_uf":"33","uf_sigla":"RJ"}},{"arcs":[[-289,-295,1158,-903,-891]],"type":"Polygon","properties":{"cd_rgi":"240010","nm_rgi":"Pau dos Ferros","cd_uf":"24","uf_sigla":"RN"}},{"arcs":[[-297,1159,1160,1161,-904,-1159,-294]],"type":"Polygon","properties":{"cd_rgi":"240009","nm_rgi":"Mossoró","cd_uf":"24","uf_sigla":"RN"}},{"arcs":[[-899,-907,-905,-1162,1162,1163,-924,-916]],"type":"Polygon","properties":{"cd_rgi":"240007","nm_rgi":"Caicó","cd_uf":"24","uf_sigla":"RN"}},{"arcs":[[-1161,1164,1165,1166,1167,-1163]],"type":"Polygon","properties":{"cd_rgi":"240011","nm_rgi":"Açu","cd_uf":"24","uf_sigla":"RN"}},{"arcs":[[-925,-1164,-1168,1168,1169]],"type":"Polygon","properties":{"cd_rgi":"240008","nm_rgi":"Currais Novos","cd_uf":"24","uf_sigla":"RN"}},{"arcs":[[-1166,1170,1171,1172]],"type":"Polygon","properties":{"cd_rgi":"240005","nm_rgi":"João Câmara","cd_uf":"24","uf_sigla":"RN"}},{"arcs":[[-926,-1170,1173,1174,-928]],"type":"Polygon","properties":{"cd_rgi":"240004","nm_rgi":"Santa Cruz","cd_uf":"24","uf_sigla":"RN"}},{"arcs":[[-1167,-1173,1175,1176,-1174,-1169]],"type":"Polygon","properties":{"cd_rgi":"240006","nm_rgi":"São Paulo do Potengi","cd_uf":"24","uf_sigla":"RN"}},{"arcs":[[-1172,1177,1178,1179,-1176]],"type":"Polygon","properties":{"cd_rgi":"240001","nm_rgi":"Natal","cd_uf":"24","uf_sigla":"RN"}},{"arcs":[[-929,-1175,-1177,-1180,1180,-939]],"type":"Polygon","properties":{"cd_rgi":"240002","nm_rgi":"Santo Antônio - Passa e Fica - Nova Cruz","cd_uf":"24","uf_sigla":"RN"}},{"arcs":[[-940,-1181,-1179,1181]],"type":"Polygon","properties":{"cd_rgi":"240003","nm_rgi":"Canguaretama","cd_uf":"24","uf_sigla":"RN"}},{"arcs":[[-18,-75,-87,1182,1183,1184,1185,1186]],"type":"Polygon","properties":{"cd_rgi":"110001","nm_rgi":"Porto Velho","cd_uf":"11","uf_sigla":"RO"}},{"arcs":[[-772,1187,1188,-1186,1189]],"type":"Polygon","properties":{"cd_rgi":"110004","nm_rgi":"Ji-Paraná","cd_uf":"11","uf_sigla":"RO"}},{"arcs":[[-1184,1190]],"type":"Polygon","properties":{"cd_rgi":"110002","nm_rgi":"Ariquemes","cd_uf":"11","uf_sigla":"RO"}},{"arcs":[[-86,-773,-1190,-1185,-1191,-1183]],"type":"Polygon","properties":{"cd_rgi":"110003","nm_rgi":"Jaru","cd_uf":"11","uf_sigla":"RO"}},{"arcs":[[-771,1191,1192,-1188]],"type":"Polygon","properties":{"cd_rgi":"110005","nm_rgi":"Cacoal","cd_uf":"11","uf_sigla":"RO"}},{"arcs":[[-770,-777,1193,-1192]],"type":"Polygon","properties":{"cd_rgi":"110006","nm_rgi":"Vilhena","cd_uf":"11","uf_sigla":"RO"}},{"arcs":[[1194,1195]],"type":"Polygon","properties":{"cd_rgi":"140002","nm_rgi":"Pacaraima","cd_uf":"14","uf_sigla":"RR"}},{"arcs":[[-1196,1196,1197,1198]],"type":"Polygon","properties":{"cd_rgi":"140001","nm_rgi":"Boa Vista","cd_uf":"14","uf_sigla":"RR"}},{"arcs":[[-69,1199,-1198,1200,1201]],"type":"Polygon","properties":{"cd_rgi":"140004","nm_rgi":"Caracaraí","cd_uf":"14","uf_sigla":"RR"}},{"arcs":[[-70,-1202,1202,-823,-93,-91,-88,-79]],"type":"Polygon","properties":{"cd_rgi":"140003","nm_rgi":"Rorainópolis","cd_uf":"14","uf_sigla":"RR"}},{"arcs":[[1203,1204,1205,1206]],"type":"Polygon","properties":{"cd_rgi":"430015","nm_rgi":"Uruguaiana","cd_uf":"43","uf_sigla":"RS"}},{"arcs":[[-1204,1207,1208,1209,1210]],"type":"Polygon","properties":{"cd_rgi":"430017","nm_rgi":"São Borja","cd_uf":"43","uf_sigla":"RS"}},{"arcs":[[-1206,1211,1212,1213,1214]],"type":"Polygon","properties":{"cd_rgi":"430016","nm_rgi":"Santana do Livramento","cd_uf":"43","uf_sigla":"RS"}},{"arcs":[[-1209,1215,1216,1217,1218]],"type":"Polygon","properties":{"cd_rgi":"430022","nm_rgi":"São Luiz Gonzaga","cd_uf":"43","uf_sigla":"RS"}},{"arcs":[[-1210,-1219,1219,1220,1221]],"type":"Polygon","properties":{"cd_rgi":"430014","nm_rgi":"Santiago","cd_uf":"43","uf_sigla":"RS"}},{"arcs":[[-1205,-1211,-1222,1222,1223,1224,1225,-1212]],"type":"Polygon","properties":{"cd_rgi":"430011","nm_rgi":"Santa Maria","cd_uf":"43","uf_sigla":"RS"}},{"arcs":[[-1217,1226,1227,1228]],"type":"Polygon","properties":{"cd_rgi":"430024","nm_rgi":"Cerro Largo","cd_uf":"43","uf_sigla":"RS"}},{"arcs":[[-1214,1229,1230,1231]],"type":"Polygon","properties":{"cd_rgi":"430010","nm_rgi":"Bagé","cd_uf":"43","uf_sigla":"RS"}},{"arcs":[[-1228,1232,1233,1234]],"type":"Polygon","properties":{"cd_rgi":"430019","nm_rgi":"Santa Rosa","cd_uf":"43","uf_sigla":"RS"}},{"arcs":[[-1213,-1226,1235,1236,1237,-1230]],"type":"Polygon","properties":{"cd_rgi":"430012","nm_rgi":"São Gabriel - Caçapava do Sul","cd_uf":"43","uf_sigla":"RS"}},{"arcs":[[-1218,-1229,-1235,1238,1239,1240,-1220]],"type":"Polygon","properties":{"cd_rgi":"430020","nm_rgi":"Santo Ângelo","cd_uf":"43","uf_sigla":"RS"}},{"arcs":[[-1234,1241,1242,1243,-1239]],"type":"Polygon","properties":{"cd_rgi":"430023","nm_rgi":"Três de Maio","cd_uf":"43","uf_sigla":"RS"}},{"arcs":[[-1221,-1241,1244,1245,1246,1247,1248,-1223]],"type":"Polygon","properties":{"cd_rgi":"430027","nm_rgi":"Cruz Alta","cd_uf":"43","uf_sigla":"RS"}},{"arcs":[[-1240,-1244,1249,1250,-1245]],"type":"Polygon","properties":{"cd_rgi":"430018","nm_rgi":"Ijuí","cd_uf":"43","uf_sigla":"RS"}},{"arcs":[[-1243,1251,1252,1253,1254,-1250]],"type":"Polygon","properties":{"cd_rgi":"430021","nm_rgi":"Três Passos","cd_uf":"43","uf_sigla":"RS"}},{"arcs":[[[-1231,-1238,1255,1256,1257]],[[1258,1259]]],"type":"MultiPolygon","properties":{"cd_rgi":"430009","nm_rgi":"Pelotas","cd_uf":"43","uf_sigla":"RS"}},{"arcs":[[-1254,1260,1261,1262,1263,1264,1265]],"type":"Polygon","properties":{"cd_rgi":"430029","nm_rgi":"Frederico Westphalen","cd_uf":"43","uf_sigla":"RS"}},{"arcs":[[-1246,-1251,-1255,-1266,1266]],"type":"Polygon","properties":{"cd_rgi":"430034","nm_rgi":"Palmeira das Missões","cd_uf":"43","uf_sigla":"RS"}},{"arcs":[[-1225,1267,1268,-1236]],"type":"Polygon","properties":{"cd_rgi":"430013","nm_rgi":"Cachoeira do Sul","cd_uf":"43","uf_sigla":"RS"}},{"arcs":[[-1247,-1267,-1265,1269]],"type":"Polygon","properties":{"cd_rgi":"430028","nm_rgi":"Carazinho","cd_uf":"43","uf_sigla":"RS"}},{"arcs":[[-1224,-1249,1270,1271,1272,-1268]],"type":"Polygon","properties":{"cd_rgi":"430042","nm_rgi":"Sobradinho","cd_uf":"43","uf_sigla":"RS"}},{"arcs":[[-1263,1273,1274,1275]],"type":"Polygon","properties":{"cd_rgi":"430035","nm_rgi":"Nonoai","cd_uf":"43","uf_sigla":"RS"}},{"arcs":[[-1248,-1270,-1264,-1276,1276,1277,1278,1279,-1271]],"type":"Polygon","properties":{"cd_rgi":"430025","nm_rgi":"Passo Fundo","cd_uf":"43","uf_sigla":"RS"}},{"arcs":[[-1237,-1269,-1273,1280,1281,1282,1283,-1256]],"type":"Polygon","properties":{"cd_rgi":"430040","nm_rgi":"Santa Cruz do Sul","cd_uf":"43","uf_sigla":"RS"}},{"arcs":[[-1272,-1280,1284,1285,1286,1287,-1281]],"type":"Polygon","properties":{"cd_rgi":"430031","nm_rgi":"Soledade","cd_uf":"43","uf_sigla":"RS"}},{"arcs":[[-1275,1288,1289,1290,-1277]],"type":"Polygon","properties":{"cd_rgi":"430026","nm_rgi":"Erechim","cd_uf":"43","uf_sigla":"RS"}},{"arcs":[[-1282,-1288,1291,1292,1293,1294]],"type":"Polygon","properties":{"cd_rgi":"430041","nm_rgi":"Lajeado","cd_uf":"43","uf_sigla":"RS"}},{"arcs":[[-1279,1295,1296,1297,-1285]],"type":"Polygon","properties":{"cd_rgi":"430030","nm_rgi":"Marau","cd_uf":"43","uf_sigla":"RS"}},{"arcs":[[-1257,-1284,1298,1299,1300]],"type":"Polygon","properties":{"cd_rgi":"430005","nm_rgi":"Camaquã","cd_uf":"43","uf_sigla":"RS"}},{"arcs":[[-1287,1301,1302,-1292]],"type":"Polygon","properties":{"cd_rgi":"430043","nm_rgi":"Encantado","cd_uf":"43","uf_sigla":"RS"}},{"arcs":[[-1278,-1291,1303,1304,-1296]],"type":"Polygon","properties":{"cd_rgi":"430032","nm_rgi":"Tapejara - Sananduva","cd_uf":"43","uf_sigla":"RS"}},{"arcs":[[-1283,-1295,1305,1306,-1299]],"type":"Polygon","properties":{"cd_rgi":"430006","nm_rgi":"Charqueadas - Triunfo - São Jerônimo","cd_uf":"43","uf_sigla":"RS"}},{"arcs":[[-1286,-1298,1307,1308,1309,1310,-1302]],"type":"Polygon","properties":{"cd_rgi":"430038","nm_rgi":"Nova Prata - Guaporé","cd_uf":"43","uf_sigla":"RS"}},{"arcs":[[-1259,1311,-1300,-1307,1312,1313,1314,1315,1316]],"type":"Polygon","properties":{"cd_rgi":"430001","nm_rgi":"Porto Alegre","cd_uf":"43","uf_sigla":"RS"}},{"arcs":[[-1297,-1305,1317,1318,1319,-1308]],"type":"Polygon","properties":{"cd_rgi":"430033","nm_rgi":"Lagoa Vermelha","cd_uf":"43","uf_sigla":"RS"}},{"arcs":[[-1293,-1303,-1311,1320,1321,1322]],"type":"Polygon","properties":{"cd_rgi":"430037","nm_rgi":"Bento Gonçalves","cd_uf":"43","uf_sigla":"RS"}},{"arcs":[[-1294,-1323,1323,-1313,-1306]],"type":"Polygon","properties":{"cd_rgi":"430007","nm_rgi":"Montenegro","cd_uf":"43","uf_sigla":"RS"}},{"arcs":[[-1310,1324,1325,1326,1327,1328,1329,-1321]],"type":"Polygon","properties":{"cd_rgi":"430036","nm_rgi":"Caxias do Sul","cd_uf":"43","uf_sigla":"RS"}},{"arcs":[[-1314,-1324,-1322,-1330,1330]],"type":"Polygon","properties":{"cd_rgi":"430002","nm_rgi":"Novo Hamburgo - São Leopoldo","cd_uf":"43","uf_sigla":"RS"}},{"arcs":[[-1309,-1320,1331,1332,1333,1334,-1325]],"type":"Polygon","properties":{"cd_rgi":"430039","nm_rgi":"Vacaria","cd_uf":"43","uf_sigla":"RS"}},{"arcs":[[-1315,-1331,-1329,1335]],"type":"Polygon","properties":{"cd_rgi":"430004","nm_rgi":"Taquara - Parobé - Igrejinha","cd_uf":"43","uf_sigla":"RS"}},{"arcs":[[-1316,-1336,-1328,1336,1337]],"type":"Polygon","properties":{"cd_rgi":"430003","nm_rgi":"Tramandaí - Osório","cd_uf":"43","uf_sigla":"RS"}},{"arcs":[[-1327,1338,1339,-1337]],"type":"Polygon","properties":{"cd_rgi":"430008","nm_rgi":"Torres","cd_uf":"43","uf_sigla":"RS"}},{"arcs":[[-1045,1340,1341,1342,-1261,-1253,1343]],"type":"Polygon","properties":{"cd_rgi":"420009","nm_rgi":"São Miguel do Oeste","cd_uf":"42","uf_sigla":"SC"}},{"arcs":[[-1262,-1343,1344,1345,1346,1347,-1289,-1274]],"type":"Polygon","properties":{"cd_rgi":"420007","nm_rgi":"Chapecó","cd_uf":"42","uf_sigla":"SC"}},{"arcs":[[-1342,1348,-1345]],"type":"Polygon","properties":{"cd_rgi":"420012","nm_rgi":"Maravilha","cd_uf":"42","uf_sigla":"SC"}},{"arcs":[[-1044,-1067,1349,-1346,-1349,-1341]],"type":"Polygon","properties":{"cd_rgi":"420013","nm_rgi":"São Lourenço do Oeste","cd_uf":"42","uf_sigla":"SC"}},{"arcs":[[-1066,1350,1351,-1347,-1350]],"type":"Polygon","properties":{"cd_rgi":"420011","nm_rgi":"Xanxerê","cd_uf":"42","uf_sigla":"SC"}},{"arcs":[[-1290,-1348,-1352,1352,-1318,-1304]],"type":"Polygon","properties":{"cd_rgi":"420010","nm_rgi":"Concórdia","cd_uf":"42","uf_sigla":"SC"}},{"arcs":[[-1065,-1092,1353,1354,1355,1356,-1332,-1319,-1353,-1351]],"type":"Polygon","properties":{"cd_rgi":"420008","nm_rgi":"Joaçaba - Herval d'Oeste","cd_uf":"42","uf_sigla":"SC"}},{"arcs":[[-1355,1357,1358]],"type":"Polygon","properties":{"cd_rgi":"420015","nm_rgi":"Videira","cd_uf":"42","uf_sigla":"SC"}},{"arcs":[[-1091,1359,1360,-1358,-1354]],"type":"Polygon","properties":{"cd_rgi":"420014","nm_rgi":"Caçador","cd_uf":"42","uf_sigla":"SC"}},{"arcs":[[-1333,-1357,1361,1362,1363,1364,1365,1366]],"type":"Polygon","properties":{"cd_rgi":"420005","nm_rgi":"Lages","cd_uf":"42","uf_sigla":"SC"}},{"arcs":[[-1090,-1114,1367,1368,1369,1370,1371,-1360]],"type":"Polygon","properties":{"cd_rgi":"420017","nm_rgi":"Mafra","cd_uf":"42","uf_sigla":"SC"}},{"arcs":[[-1356,-1359,-1361,-1372,1372,-1362]],"type":"Polygon","properties":{"cd_rgi":"420006","nm_rgi":"Curitibanos","cd_uf":"42","uf_sigla":"SC"}},{"arcs":[[-1363,-1373,-1371,1373,1374,1375,1376]],"type":"Polygon","properties":{"cd_rgi":"420022","nm_rgi":"Rio do Sul","cd_uf":"42","uf_sigla":"SC"}},{"arcs":[[-1326,-1335,1377,1378,-1339]],"type":"Polygon","properties":{"cd_rgi":"420004","nm_rgi":"Araranguá","cd_uf":"42","uf_sigla":"SC"}},{"arcs":[[-1370,1379,-1374]],"type":"Polygon","properties":{"cd_rgi":"420023","nm_rgi":"Ibirama - Presidente Getúlio","cd_uf":"42","uf_sigla":"SC"}},{"arcs":[[-1334,-1367,1380,1381,-1378]],"type":"Polygon","properties":{"cd_rgi":"420002","nm_rgi":"Criciúma","cd_uf":"42","uf_sigla":"SC"}},{"arcs":[[-1364,-1377,1382,1383]],"type":"Polygon","properties":{"cd_rgi":"420024","nm_rgi":"Ituporanga","cd_uf":"42","uf_sigla":"SC"}},{"arcs":[[-1113,-1118,1384,1385,-1368]],"type":"Polygon","properties":{"cd_rgi":"420018","nm_rgi":"São Bento do Sul - Rio Negrinho","cd_uf":"42","uf_sigla":"SC"}},{"arcs":[[-1369,-1386,1386,1387,1388,-1375,-1380]],"type":"Polygon","properties":{"cd_rgi":"420019","nm_rgi":"Blumenau","cd_uf":"42","uf_sigla":"SC"}},{"arcs":[[[-1365,-1384,1389,1390,1391,1392]],[[1393]]],"type":"MultiPolygon","properties":{"cd_rgi":"420001","nm_rgi":"Florianópolis","cd_uf":"42","uf_sigla":"SC"}},{"arcs":[[-1117,1394,1395,-1387,-1385]],"type":"Polygon","properties":{"cd_rgi":"420016","nm_rgi":"Joinville","cd_uf":"42","uf_sigla":"SC"}},{"arcs":[[-1366,-1393,1396,-1381]],"type":"Polygon","properties":{"cd_rgi":"420003","nm_rgi":"Tubarão","cd_uf":"42","uf_sigla":"SC"}},{"arcs":[[-1376,-1389,1397,-1390,-1383]],"type":"Polygon","properties":{"cd_rgi":"420021","nm_rgi":"Brusque","cd_uf":"42","uf_sigla":"SC"}},{"arcs":[[-1388,-1396,1398,-1391,-1398]],"type":"Polygon","properties":{"cd_rgi":"420020","nm_rgi":"Itajaí","cd_uf":"42","uf_sigla":"SC"}},{"arcs":[[-221,-232,1399,1400,1401,-228]],"type":"Polygon","properties":{"cd_rgi":"280005","nm_rgi":"Lagarto","cd_uf":"28","uf_sigla":"SE"}},{"arcs":[[-24,-32,-40,1402,1403,1404,-223,-212]],"type":"Polygon","properties":{"cd_rgi":"280006","nm_rgi":"Nossa Senhora da Glória","cd_uf":"28","uf_sigla":"SE"}},{"arcs":[[-229,-1402,1405,1406]],"type":"Polygon","properties":{"cd_rgi":"280002","nm_rgi":"Estância","cd_uf":"28","uf_sigla":"SE"}},{"arcs":[[-224,-1405,1407,-1400,-231]],"type":"Polygon","properties":{"cd_rgi":"280004","nm_rgi":"Itabaiana","cd_uf":"28","uf_sigla":"SE"}},{"arcs":[[-1401,-1408,-1404,1408,1409,-1406]],"type":"Polygon","properties":{"cd_rgi":"280001","nm_rgi":"Aracaju","cd_uf":"28","uf_sigla":"SE"}},{"arcs":[[-39,-43,1410,-1409,-1403]],"type":"Polygon","properties":{"cd_rgi":"280003","nm_rgi":"Propriá","cd_uf":"28","uf_sigla":"SE"}},{"arcs":[[-757,1411,1412,1413,1414,1415,1416,-1101,-1084,-1077,-1058]],"type":"Polygon","properties":{"cd_rgi":"350018","nm_rgi":"Presidente Prudente","cd_uf":"35","uf_sigla":"SP"}},{"arcs":[[-756,-763,1417,-1412]],"type":"Polygon","properties":{"cd_rgi":"350021","nm_rgi":"Presidente Epitácio-Presidente Venceslau","cd_uf":"35","uf_sigla":"SP"}},{"arcs":[[-762,1418,1419,-1413,-1418]],"type":"Polygon","properties":{"cd_rgi":"350020","nm_rgi":"Dracena","cd_uf":"35","uf_sigla":"SP"}},{"arcs":[[-761,-765,1420,1421,1422,1423,-1419]],"type":"Polygon","properties":{"cd_rgi":"350024","nm_rgi":"Andradina","cd_uf":"35","uf_sigla":"SP"}},{"arcs":[[-1414,-1420,-1424,1424,1425,1426]],"type":"Polygon","properties":{"cd_rgi":"350019","nm_rgi":"Adamantina - Lucélia","cd_uf":"35","uf_sigla":"SP"}},{"arcs":[[-514,1427,1428,-1422,1429]],"type":"Polygon","properties":{"cd_rgi":"350028","nm_rgi":"Jales","cd_uf":"35","uf_sigla":"SP"}},{"arcs":[[-1423,-1429,1430,1431,1432,1433,-1425]],"type":"Polygon","properties":{"cd_rgi":"350022","nm_rgi":"Araçatuba","cd_uf":"35","uf_sigla":"SP"}},{"arcs":[[-515,-1430,-1421,-764]],"type":"Polygon","properties":{"cd_rgi":"350030","nm_rgi":"Santa Fé do Sul","cd_uf":"35","uf_sigla":"SP"}},{"arcs":[[-1102,-1417,1434,1435,-1106]],"type":"Polygon","properties":{"cd_rgi":"350014","nm_rgi":"Assis","cd_uf":"35","uf_sigla":"SP"}},{"arcs":[[-1415,-1427,1436,1437]],"type":"Polygon","properties":{"cd_rgi":"350016","nm_rgi":"Tupã","cd_uf":"35","uf_sigla":"SP"}},{"arcs":[[-1426,-1434,1438,1439,1440,-1437]],"type":"Polygon","properties":{"cd_rgi":"350023","nm_rgi":"Birigui - Penápolis","cd_uf":"35","uf_sigla":"SP"}},{"arcs":[[-1416,-1438,-1441,1441,1442,1443,-1435]],"type":"Polygon","properties":{"cd_rgi":"350013","nm_rgi":"Marília","cd_uf":"35","uf_sigla":"SP"}},{"arcs":[[-513,1444,-1431,-1428]],"type":"Polygon","properties":{"cd_rgi":"350029","nm_rgi":"Fernandópolis","cd_uf":"35","uf_sigla":"SP"}},{"arcs":[[-512,-524,1445,-1432,-1445]],"type":"Polygon","properties":{"cd_rgi":"350027","nm_rgi":"Votuporanga","cd_uf":"35","uf_sigla":"SP"}},{"arcs":[[-1107,-1436,-1444,1446,1447,1448]],"type":"Polygon","properties":{"cd_rgi":"350015","nm_rgi":"Ourinhos","cd_uf":"35","uf_sigla":"SP"}},{"arcs":[[-1440,1449,1450,-1442]],"type":"Polygon","properties":{"cd_rgi":"350012","nm_rgi":"Lins","cd_uf":"35","uf_sigla":"SP"}},{"arcs":[[-523,1451,1452,1453,1454,-1450,-1439,-1433,-1446]],"type":"Polygon","properties":{"cd_rgi":"350025","nm_rgi":"São José do Rio Preto","cd_uf":"35","uf_sigla":"SP"}},{"arcs":[[-1443,-1451,-1455,1455,1456,1457,1458,-1447]],"type":"Polygon","properties":{"cd_rgi":"350009","nm_rgi":"Bauru","cd_uf":"35","uf_sigla":"SP"}},{"arcs":[[-1108,-1449,1459,1460]],"type":"Polygon","properties":{"cd_rgi":"350017","nm_rgi":"Piraju","cd_uf":"35","uf_sigla":"SP"}},{"arcs":[[-1099,-1109,-1461,1461,1462,1463,-1110]],"type":"Polygon","properties":{"cd_rgi":"350004","nm_rgi":"Itapeva","cd_uf":"35","uf_sigla":"SP"}},{"arcs":[[-1448,-1459,1464,1465,-1462,-1460]],"type":"Polygon","properties":{"cd_rgi":"350007","nm_rgi":"Avaré","cd_uf":"35","uf_sigla":"SP"}},{"arcs":[[-1453,1466,1467,1468]],"type":"Polygon","properties":{"cd_rgi":"350026","nm_rgi":"Catanduva","cd_uf":"35","uf_sigla":"SP"}},{"arcs":[[-1454,-1469,1469,1470,1471,-1456]],"type":"Polygon","properties":{"cd_rgi":"350036","nm_rgi":"Araraquara","cd_uf":"35","uf_sigla":"SP"}},{"arcs":[[-522,-531,1472,1473,1474,-1467,-1452]],"type":"Polygon","properties":{"cd_rgi":"350032","nm_rgi":"Barretos","cd_uf":"35","uf_sigla":"SP"}},{"arcs":[[-1457,-1472,1475,1476,1477]],"type":"Polygon","properties":{"cd_rgi":"350010","nm_rgi":"Jaú","cd_uf":"35","uf_sigla":"SP"}},{"arcs":[[-1111,-1464,1478,1479,1480,1481,1482,-1115]],"type":"Polygon","properties":{"cd_rgi":"350005","nm_rgi":"Registro","cd_uf":"35","uf_sigla":"SP"}},{"arcs":[[-1458,-1478,1483,1484,1485,-1465]],"type":"Polygon","properties":{"cd_rgi":"350011","nm_rgi":"Botucatu","cd_uf":"35","uf_sigla":"SP"}},{"arcs":[[-557,1486,1487,1488,-1470,-1468,-1475,1489,1490]],"type":"Polygon","properties":{"cd_rgi":"350031","nm_rgi":"Ribeirão Preto","cd_uf":"35","uf_sigla":"SP"}},{"arcs":[[-1463,-1466,-1486,1491,1492,-1479]],"type":"Polygon","properties":{"cd_rgi":"350006","nm_rgi":"Itapetininga","cd_uf":"35","uf_sigla":"SP"}},{"arcs":[[-530,1493,1494,-1473]],"type":"Polygon","properties":{"cd_rgi":"350035","nm_rgi":"Ituverava","cd_uf":"35","uf_sigla":"SP"}},{"arcs":[[-1471,-1489,1495,1496,1497,1498,-1476]],"type":"Polygon","properties":{"cd_rgi":"350037","nm_rgi":"São Carlos","cd_uf":"35","uf_sigla":"SP"}},{"arcs":[[-1474,-1495,1499,-1490]],"type":"Polygon","properties":{"cd_rgi":"350034","nm_rgi":"São Joaquim da Barra – Orlândia","cd_uf":"35","uf_sigla":"SP"}},{"arcs":[[-1477,-1499,1500,1501,1502,1503,1504,-1484]],"type":"Polygon","properties":{"cd_rgi":"350040","nm_rgi":"Piracicaba","cd_uf":"35","uf_sigla":"SP"}},{"arcs":[[-1485,-1505,1505,-1492]],"type":"Polygon","properties":{"cd_rgi":"350008","nm_rgi":"Tatuí","cd_uf":"35","uf_sigla":"SP"}},{"arcs":[[-1480,-1493,-1506,-1504,1506,1507,1508]],"type":"Polygon","properties":{"cd_rgi":"350003","nm_rgi":"Sorocaba","cd_uf":"35","uf_sigla":"SP"}},{"arcs":[[-1498,1509,1510,-1501]],"type":"Polygon","properties":{"cd_rgi":"350046","nm_rgi":"Rio Claro","cd_uf":"35","uf_sigla":"SP"}},{"arcs":[[-529,-554,-558,-1491,-1500,-1494]],"type":"Polygon","properties":{"cd_rgi":"350033","nm_rgi":"Franca","cd_uf":"35","uf_sigla":"SP"}},{"arcs":[[-1502,-1511,1511,1512,1513]],"type":"Polygon","properties":{"cd_rgi":"350042","nm_rgi":"Limeira","cd_uf":"35","uf_sigla":"SP"}},{"arcs":[[-1497,1514,1515,-1512,-1510]],"type":"Polygon","properties":{"cd_rgi":"350045","nm_rgi":"Araras","cd_uf":"35","uf_sigla":"SP"}},{"arcs":[[-1503,-1514,1516,1517,1518,-1507]],"type":"Polygon","properties":{"cd_rgi":"350038","nm_rgi":"Campinas","cd_uf":"35","uf_sigla":"SP"}},{"arcs":[[-571,1519,-1515,-1496,-1488,1520,-574]],"type":"Polygon","properties":{"cd_rgi":"350044","nm_rgi":"São João da Boa Vista","cd_uf":"35","uf_sigla":"SP"}},{"arcs":[[-1482,1521,1522,1523]],"type":"Polygon","properties":{"cd_rgi":"350002","nm_rgi":"Santos","cd_uf":"35","uf_sigla":"SP"}},{"arcs":[[-556,-561,-575,-1521,-1487]],"type":"Polygon","properties":{"cd_rgi":"350047","nm_rgi":"São José do Rio Pardo - Mococa","cd_uf":"35","uf_sigla":"SP"}},{"arcs":[[-570,1524,-1517,-1513,-1516,-1520]],"type":"Polygon","properties":{"cd_rgi":"350043","nm_rgi":"Mogi Guaçu","cd_uf":"35","uf_sigla":"SP"}},{"arcs":[[-1481,-1509,1525,1526,1527,1528,-1522]],"type":"Polygon","properties":{"cd_rgi":"350001","nm_rgi":"São Paulo","cd_uf":"35","uf_sigla":"SP"}},{"arcs":[[-1508,-1519,1529,1530,-1526]],"type":"Polygon","properties":{"cd_rgi":"350039","nm_rgi":"Jundiaí","cd_uf":"35","uf_sigla":"SP"}},{"arcs":[[-569,1531,-1530,-1518,-1525]],"type":"Polygon","properties":{"cd_rgi":"350048","nm_rgi":"Amparo","cd_uf":"35","uf_sigla":"SP"}},{"arcs":[[-568,1532,-1527,-1531,-1532]],"type":"Polygon","properties":{"cd_rgi":"350041","nm_rgi":"Bragança Paulista","cd_uf":"35","uf_sigla":"SP"}},{"arcs":[[-567,-588,1533,1534,-1528,-1533]],"type":"Polygon","properties":{"cd_rgi":"350049","nm_rgi":"São José dos Campos","cd_uf":"35","uf_sigla":"SP"}},{"arcs":[[[-1119,1535,-1523,-1529,-1535,1536,1537]],[[1538]],[[1539]],[[1540]]],"type":"MultiPolygon","properties":{"cd_rgi":"350051","nm_rgi":"Caraguatatuba - Ubatuba - São Sebastião","cd_uf":"35","uf_sigla":"SP"}},{"arcs":[[-587,1541,-1537,-1534]],"type":"Polygon","properties":{"cd_rgi":"350050","nm_rgi":"Taubaté - Pindamonhangaba","cd_uf":"35","uf_sigla":"SP"}},{"arcs":[[-586,1542,-1120,-1538,-1542]],"type":"Polygon","properties":{"cd_rgi":"350052","nm_rgi":"Guaratinguetá","cd_uf":"35","uf_sigla":"SP"}},{"arcs":[[-585,-616,-1128,-1129,-1121,-1543]],"type":"Polygon","properties":{"cd_rgi":"350053","nm_rgi":"Cruzeiro","cd_uf":"35","uf_sigla":"SP"}},{"arcs":[[-364,-818,-822,1543,1544,1545,-403]],"type":"Polygon","properties":{"cd_rgi":"170010","nm_rgi":"Gurupi","cd_uf":"17","uf_sigla":"TO"}},{"arcs":[[-821,-851,1546,1547,1548,-1544]],"type":"Polygon","properties":{"cd_rgi":"170003","nm_rgi":"Paraíso do Tocantins","cd_uf":"17","uf_sigla":"TO"}},{"arcs":[[-1545,-1549,1549,1550,1551]],"type":"Polygon","properties":{"cd_rgi":"170002","nm_rgi":"Porto Nacional","cd_uf":"17","uf_sigla":"TO"}},{"arcs":[[-427,1552,1553,-1547,-850,1554,1555]],"type":"Polygon","properties":{"cd_rgi":"170006","nm_rgi":"Guaraí","cd_uf":"17","uf_sigla":"TO"}},{"arcs":[[-1548,-1554,1556,-1550]],"type":"Polygon","properties":{"cd_rgi":"170004","nm_rgi":"Miracema do Tocantins","cd_uf":"17","uf_sigla":"TO"}},{"arcs":[[-413,-428,-1556,1557,-848,-862,-853,1558,1559]],"type":"Polygon","properties":{"cd_rgi":"170005","nm_rgi":"Araguaína","cd_uf":"17","uf_sigla":"TO"}},{"arcs":[[-849,-1558,-1555]],"type":"Polygon","properties":{"cd_rgi":"170007","nm_rgi":"Colinas do Tocantins","cd_uf":"17","uf_sigla":"TO"}},{"arcs":[[-415,1560,-1559,-852]],"type":"Polygon","properties":{"cd_rgi":"170009","nm_rgi":"Araguatins","cd_uf":"17","uf_sigla":"TO"}},{"arcs":[[-108,1561,-1551,-1557,-1553,-426,-982]],"type":"Polygon","properties":{"cd_rgi":"170001","nm_rgi":"Palmas","cd_uf":"17","uf_sigla":"TO"}},{"arcs":[[-414,-1560,-1561]],"type":"Polygon","properties":{"cd_rgi":"170008","nm_rgi":"Tocantinópolis","cd_uf":"17","uf_sigla":"TO"}},{"arcs":[[-114,-408,-404,-1546,-1552,-1562]],"type":"Polygon","properties":{"cd_rgi":"170011","nm_rgi":"Dianópolis","cd_uf":"17","uf_sigla":"TO"}}]}}}