{"type":"Topology","arcs":[[[425,68266],[135,-82],[199,-101],[814,-411],[479,-242],[462,-234],[474,-247],[1047,-239],[37,-13],[289,-103],[93,-30],[272,-71],[690,-180],[133,-35],[606,-161],[521,-136],[660,-162],[309,-75],[459,-114],[600,-368],[763,-467]],[[9467,64795],[465,-287]],[[9932,64508],[-55,-159],[-30,-11],[-29,-74],[-48,-41],[-21,-39],[-94,12],[-47,-68],[-32,-27],[-25,-68],[-22,4],[-64,-64],[9,-99],[-62,-36],[-26,-40],[-4,-39],[-33,-8],[-35,-91],[-9,-72],[-91,-147],[88,-100],[0,-24],[-39,18],[-341,209],[-35,25],[-35,-14],[-62,-72],[-45,-23],[-62,-1],[-41,29],[-96,-52],[-63,-68],[-66,-7],[-26,15],[-41,75],[-31,-22],[-61,23],[-23,30],[-42,-23],[-54,24],[-41,-12],[-36,-30],[-42,-63],[21,-34],[-17,-27],[-48,-27],[-32,-83],[-20,-31],[-36,-17],[-64,1],[-48,-32],[-25,-75],[-88,-137],[-36,-69],[-60,-76],[-52,-45],[6,-71],[-22,-168],[-41,-25],[-48,13],[-64,-15],[-30,-76],[-45,-29],[-52,-4],[-41,-34],[-28,-41],[-66,5],[-29,-24],[-34,22],[-40,-36],[-35,-68],[15,-26],[-33,-20],[-59,-9],[-49,-76],[-36,-19],[11,-42],[-31,-71],[-32,-6],[-39,-64],[-33,-37],[-34,22],[-68,-176],[-47,-36],[19,-38],[-5,-36],[-45,-12],[-17,-46],[25,-52],[3,-57],[-38,-46],[-2,-86]],[[6451,61242],[-83,-27],[-41,-33],[-20,-32],[-22,-76],[-28,-53],[-26,-23],[-11,-49],[-38,-8],[-57,15],[-14,-37],[-26,0],[-83,-36],[-22,2],[-47,50],[-56,-34],[-25,-39],[-630,0],[-745,3],[-467,-2],[8,37],[34,16],[21,30],[-10,63],[-37,24],[14,46],[29,22],[40,70],[-37,48],[1,49],[-16,52],[65,58],[-61,44],[-87,20],[-28,31],[-36,-10],[-19,31],[-43,23],[20,48],[-5,33],[29,59],[14,85],[-30,36],[14,67],[-33,3],[-47,38],[3,88],[10,63],[-37,20],[-31,-25],[-39,27],[-28,-29],[-26,12],[-38,55],[0,35],[-54,40],[-26,-13],[-72,43],[-155,-20],[-18,15],[-59,-14],[-38,27],[-63,26],[-34,-3],[-37,26],[-52,6],[-28,23],[-77,-12],[-48,38],[-29,-16],[-36,25],[-22,52],[-431,-2],[-593,-2],[-2,23],[36,31],[2,65],[28,24],[56,22],[55,87],[62,19],[-26,67],[34,29],[45,81],[38,26],[43,-26],[77,56],[23,59],[-42,20],[27,49],[68,32],[47,62],[20,81],[-9,36],[14,60],[-12,73],[-20,33],[32,65],[-13,23],[-44,13],[-19,69],[-32,79],[-71,20],[-1,52],[-26,-59],[-26,34],[-40,124],[-60,93],[-4,74],[-35,48],[-18,106],[-21,46],[-56,69],[-27,-11],[-44,24],[-37,-21],[-55,23],[-65,63],[1,52],[-46,48],[-35,-13],[-9,60],[20,91],[-24,133],[-27,94],[-53,-12],[-82,33],[-48,-16],[-34,57],[-11,73],[-33,31],[-23,-7],[-112,46],[-15,37],[-35,-4],[-73,86],[16,78],[-23,51],[8,64],[-53,89],[-26,14],[-17,53],[-32,10],[16,48],[1,57],[-12,56],[20,33],[-26,82],[-29,28],[-20,44],[-35,30],[18,47],[-8,46],[-50,48],[-50,-14],[-17,15],[-21,79],[-20,29],[-44,1],[-25,-24],[-42,49],[-8,68],[-44,48],[39,39],[-29,49],[22,31],[32,-37],[65,-7],[30,17],[35,63],[-7,61],[11,79],[-11,45],[-59,42],[-60,56],[-91,26],[-63,3],[-28,13],[-56,110],[-35,-5],[-51,54],[-3,50],[-50,29],[-75,67],[-59,80],[-33,3],[-16,77],[96,25],[33,82],[8,43],[22,31],[-18,35],[-9,74],[-29,44],[-51,117],[31,37],[22,-40],[32,20],[44,-62],[75,-4],[36,26],[17,56],[79,31],[54,-18],[52,27],[51,-31],[66,40],[39,62],[1,28],[-36,66],[6,79],[-25,39],[-46,28],[-24,31],[-5,63],[-39,44],[-6,28],[-37,39],[-14,49]],[[9932,64508],[263,-162],[576,-324],[422,-252],[458,-273],[214,-118],[394,-193],[736,-360],[443,-214],[359,-173],[691,-333],[422,-202],[168,-88],[265,-124],[63,-30],[3,4],[668,-326]],[[16077,61340],[417,-204]],[[16494,61136],[-32,-44],[-17,-94],[-23,29],[-68,-76],[-93,-45],[-35,-30],[-52,-10],[-19,-47],[-43,-11],[-26,-54],[-54,-45],[-22,-5],[-20,-59],[-56,12],[-7,-51],[-36,-7],[-18,-38],[-30,-58],[-30,-6],[-46,-37],[-15,-72],[-21,7],[-46,-33],[-37,-41],[5,-45],[-46,-73],[-32,1],[-40,-20],[1,-26],[-86,-39],[-27,21],[-36,-26],[-49,-13],[8,-34],[-23,-34],[-46,-14],[-35,-26],[-35,38],[-54,2],[-37,18],[-38,-29],[-75,22],[-35,-10],[-29,12],[-28,-39],[26,-32],[-3,-50],[13,-25],[-38,-18],[-35,17],[-76,-17],[-66,24],[-28,-36],[14,-35],[0,-66],[-32,-3],[-16,-45],[-37,-32],[-30,-4],[-59,-34],[-51,-13],[-10,-32],[-43,8],[-94,-39],[-18,-18],[-43,-90],[-12,-47],[-48,-40],[-15,-49],[-41,-45],[-40,28],[-70,-264],[-61,-10],[-46,42],[-13,28],[-78,26],[-42,23],[-24,34],[-72,13],[-13,16],[-99,-2],[-18,-23],[-57,-14],[-47,13],[-31,-30],[-59,35],[-66,-20],[-2,-24],[-67,-28],[-95,-102],[1,-61],[19,-20],[-23,-40],[-3,-40],[-86,-98],[-58,-53],[-14,-34],[-39,-19],[-28,-115],[-35,-19],[-29,-114],[-91,-85],[-66,-8],[-41,-44],[-48,15],[-84,-37],[-9,-62],[-41,-25],[-19,32],[-36,21],[-29,-37],[-95,-12],[-29,-28],[-42,-68],[-51,-29],[-2,-28],[-388,-89],[11,40],[-25,39],[3,27],[-31,26],[-24,-5],[-44,75],[3,53],[32,64],[-22,49],[-24,-17],[-38,4],[-36,27],[-29,-26],[-31,-2],[-31,35],[-58,-57],[-59,22],[-35,-39],[-21,19],[-47,8],[-41,47],[-29,10],[-24,-51],[-60,9],[1,26],[-34,31],[-59,18],[-18,-21],[-31,45],[-56,-32],[-57,32],[-54,-11],[-120,57],[-22,-18],[-44,41],[-18,-28],[-27,30],[-72,-10],[-10,-18],[-151,33],[-66,-12],[-46,32],[-37,7],[-16,-27],[-45,3],[-9,-35],[-50,-7],[-44,8],[-47,35],[-49,0],[-9,-41],[-96,31],[-32,-5],[-79,-40],[-53,13],[-94,-34],[-25,-23],[-24,25],[-42,-14],[-14,42],[-118,71],[-68,-20],[-34,23],[-59,-10],[-61,22],[-77,-5],[-119,-82],[-14,8],[-76,-67],[-46,-5],[-50,-34],[-26,21],[-35,-35],[-42,-19],[-56,-63],[-69,-31],[-39,-7],[-22,-23],[-69,3],[-24,16],[-68,-35],[-89,-26],[-140,24],[-25,34],[-47,0],[-70,51],[-27,68],[-53,44],[-29,50],[-64,41],[-35,35],[-203,-167],[-4,737],[-6,547],[2,347],[1,734],[8,296],[-2,358],[22,45],[47,3],[13,51],[21,15],[36,-27],[55,71],[-7,34],[24,60],[-31,108],[-22,32],[-29,3],[-45,75],[-29,89],[16,9],[10,75],[-35,32],[38,18],[50,-57],[10,41],[-15,49],[49,6],[25,89],[37,26],[-18,86],[62,46],[4,35],[-38,7],[-36,-24],[-69,5],[-61,-32],[-26,0],[-10,-40],[-68,-52],[-18,-44],[-47,-58],[-12,2],[-63,-51],[-47,-18],[-33,-58],[-32,26],[-27,-24],[-1,-81],[-70,-37],[-6,-37],[-33,-38],[-58,-7],[-83,-47],[-47,-66],[-31,-61],[-51,-72],[-59,-2],[-50,-42],[-48,-151],[-83,7],[-36,-5],[-63,-27],[-22,-31],[-48,-35]],[[80001,62582],[77,85],[52,14],[49,70],[3,29],[0,26],[28,62],[64,51],[52,66],[58,-4],[21,17],[61,8],[42,22],[70,19],[19,62],[37,38],[7,31],[31,44],[68,74],[1,21],[42,21],[78,89],[31,56],[29,117]],[[80921,63600],[8,84],[12,34],[36,5],[56,57],[33,16],[59,-81],[27,-64],[45,-65],[2,-26],[40,-52],[-21,-37],[17,-40],[56,27],[-1,-43],[39,-35],[64,22],[2,53],[30,34],[39,15],[47,-10],[48,40],[25,-12],[13,-5],[54,-8],[29,-19],[-15,-64],[55,-69],[52,2],[39,-15],[22,-29],[40,-21],[150,-78],[36,-25],[15,-39],[32,-34],[32,-72],[45,-29],[34,-48],[1,-29],[26,-37],[1,-91],[50,49],[31,14],[88,-60],[-23,-68],[11,-26],[77,40],[30,49],[58,-14],[52,-53],[23,-38],[-11,-40],[10,-51],[5,26],[17,-19],[52,-3],[47,-94],[59,-23],[42,-44],[48,3],[14,19],[-13,52],[32,26],[-10,32],[29,80],[35,38],[41,12],[27,20],[47,-23],[15,-27],[96,-12],[83,55],[148,-10],[98,-103],[56,-42],[49,-23],[82,24],[-18,56],[6,44],[153,55],[7,21],[29,58],[55,2],[17,31],[52,39],[17,-36],[35,11]],[[84093,62859],[154,-166],[-59,-192],[-18,-33],[-34,-130],[-159,-73],[7,-32],[89,-32],[90,-58],[127,-42],[42,9],[52,-34],[114,36],[20,-130],[61,-92],[-163,11],[23,-72],[-76,38],[-13,19],[-60,-17],[-58,9],[-10,32],[-92,-28],[8,-66],[-13,-50],[13,-9],[20,-15],[16,-47],[4,-56],[61,-39],[1,-65],[-38,-78],[-20,8],[-56,-21],[0,-48],[130,-160],[23,-56],[28,-25],[78,-14],[-7,-108],[0,-2],[-22,-167],[-32,-49],[2,-30],[-334,-18],[-3,15],[-81,-99],[-41,6],[-17,72],[-315,16],[27,67],[-2,56],[-87,61],[-48,-98],[5,-48],[-20,-61],[-53,-111],[-30,-19],[-43,-77],[-43,48],[-54,35],[-18,44],[-93,39],[-13,31],[-164,-77],[-22,6]],[[82877,60673],[-5,11],[-11,51],[6,64]],[[82867,60799],[-17,72],[-69,57],[-96,-35],[-42,17],[-170,176],[-46,33],[-96,7],[-68,-3],[-30,16],[-38,84],[-64,75],[-26,9],[-54,18],[-75,80],[-91,27],[-54,42],[-106,33],[-75,5],[-160,22],[-111,77],[-76,59],[-11,22],[-23,53],[-30,28],[-62,37],[-69,14],[-81,-33],[-69,81],[-19,36],[-30,-5],[-24,40],[-98,75],[-18,27],[-63,-21],[-76,35],[-74,17],[-31,32]],[[80525,62108],[12,40],[-29,53],[-25,22],[-47,4],[-58,31],[-22,40],[-77,12],[-11,-16],[-53,12],[-27,-15],[-61,45],[-53,19],[24,62],[-35,92],[-62,73]],[[84093,62859],[13,-4],[29,-4],[31,21],[23,-15],[85,56],[14,39],[75,31],[31,19],[48,-39],[62,36],[-32,18],[-7,33],[-33,18],[-22,97],[58,8],[41,33],[2,34],[42,16],[8,46],[45,20],[86,4],[30,15],[36,41],[16,48],[-54,56],[13,63],[71,16],[60,79],[69,18],[62,-12],[99,49],[24,4]],[[85118,63703],[59,20],[29,60],[54,-5],[52,13],[42,-37],[44,7],[5,32],[34,-8],[29,33],[43,-41],[-18,-47],[24,-62],[55,-28],[56,19],[52,8],[65,25],[43,37],[44,3],[41,43],[19,-2],[51,48],[20,10],[23,28],[51,26],[18,-14],[33,26],[50,-30],[56,32],[25,-57],[22,-10],[91,11],[32,-31],[98,-28],[141,-40],[17,4],[61,-32],[42,10],[56,-21],[25,11],[60,-8],[36,-32],[5,-27]],[[86903,63649],[-36,-60],[-30,-106],[-75,-74],[-52,-107],[-3,-40],[-32,-55],[-35,-94],[-28,-14],[-5,-57],[-22,-14],[0,-36],[-26,-60],[-29,-13],[-22,-57],[-30,-27],[-25,-62],[-46,-58],[-28,-21],[-22,-43],[-84,-55],[-14,-37],[-52,-23],[-48,-59],[-19,-40],[-9,-75],[-35,-63],[-27,-7],[-8,-30],[-55,-51],[-11,-33],[-46,-37],[-29,-73],[-29,-3],[-26,-43],[-40,-15],[-35,-34],[-34,-60],[-48,-59],[-23,-54],[3,-77],[-29,-1],[-22,-31],[-28,17],[-55,-18],[-87,-90],[-41,-49],[-55,-95],[-39,-48],[-78,-133],[-29,-77],[-73,-75],[-60,-108],[-28,-63],[-66,-97],[-61,-120],[-33,-64],[-29,-25],[-55,-14],[-41,-57],[-26,-54],[-46,-61],[-36,3],[-48,-43],[-33,-61],[-61,-43],[-56,-75],[-75,-81],[-44,-65],[-24,-66],[1,-42],[19,-29],[-60,-67],[-34,-61],[-78,-163],[-33,-82],[-19,-2]],[[84126,59583],[-82,192],[-63,48],[-64,-42],[-6,-3],[-45,-22],[-66,25],[-11,-18],[-45,32],[6,86],[-13,29],[4,114],[-52,67],[-5,38],[-34,23],[-55,62],[-30,4],[-30,-33],[-55,-24],[-47,11],[-38,14],[-36,33],[-37,8],[-7,44],[-50,18],[-80,15],[-48,38],[-17,28],[-9,43],[-3,35],[-35,10],[-38,36],[-66,17],[-20,18],[-19,54],[-34,44],[-19,46]],[[425,68266],[61,68],[62,88],[44,73],[-26,59],[-10,87],[-26,60],[29,83],[45,53],[22,67],[10,59],[38,14],[20,42],[33,29],[40,73],[13,41],[61,53],[70,43],[55,9],[21,37],[76,75],[129,30],[49,37],[54,23],[72,19],[3,45],[55,57],[137,6],[29,19],[75,3],[38,35],[38,-19],[28,34],[5,52],[35,11],[-4,32],[69,19],[34,57],[-8,17],[22,59],[32,47],[-11,46],[31,56],[-18,39],[-37,19],[-27,80],[-12,88],[-23,10],[-10,112],[-44,44],[-28,45],[-48,46],[5,47],[-8,63],[-66,86],[-2,103],[35,49],[8,31],[-13,106],[44,32],[17,38],[48,15],[-12,38],[28,55],[-14,62],[14,40],[30,35],[-4,43],[43,75],[81,25],[-5,64],[52,18],[66,83],[48,103],[49,24],[-2,20],[42,27],[-2,33],[26,12],[13,106],[55,20],[-12,64],[-16,14],[18,79],[34,23],[-17,35],[11,78],[-15,43],[-7,65],[12,16],[3,68],[32,61],[15,58],[35,73],[30,39],[-6,23],[24,75],[64,96],[13,67],[-16,52],[18,34],[-12,102],[-36,85],[44,28],[20,32],[29,-17],[61,29],[3,74],[36,-14],[36,7],[19,35],[31,2],[15,39],[32,-22],[11,70],[60,29],[34,-30],[31,25],[58,-23],[93,68],[10,107],[83,36],[49,59],[44,1],[13,54],[36,-13],[65,32],[42,10],[-24,57],[31,20],[32,-36],[47,30],[16,33],[60,33],[5,105],[16,9],[11,52],[53,3],[53,24],[8,49],[46,4],[50,-20],[13,-31],[39,78],[16,-39],[69,33],[23,43],[30,-28],[18,46],[97,78],[32,-25],[60,54],[40,76],[44,49],[39,5],[17,37],[-4,36],[75,-47],[12,40],[36,1],[17,45],[70,8],[20,71],[30,37],[-9,45],[55,3],[38,26],[6,45],[33,-27],[26,35],[125,57],[53,9],[10,-45],[25,3],[45,47],[59,-69],[24,-2],[32,28],[42,-19],[38,3],[61,44],[6,-40],[-22,-32],[43,-36],[37,5],[64,62],[34,67],[28,-8],[10,43],[35,-3],[43,-47],[18,21],[-28,34],[20,41],[85,26],[23,-32],[28,1],[15,-39],[29,1],[34,72],[31,26],[42,-20],[51,4],[61,-26],[-9,58],[30,10],[27,-50],[28,-14],[43,36],[-11,81],[6,28],[39,-13],[50,9],[27,20],[33,-23],[-15,-29],[17,-66],[28,29],[9,57],[54,-7],[15,31],[36,-9],[45,-61],[19,23],[-4,44],[24,18],[46,-6],[1,-43],[46,25],[35,-37],[28,10],[15,32],[63,1],[16,38],[88,-26],[27,41],[49,25],[15,53],[20,22],[44,5],[1,77],[67,36],[-43,72],[81,1],[28,46],[-22,34],[10,41],[28,16],[11,34],[37,-7],[35,50],[38,17],[65,-63],[65,-10],[44,-29],[35,136],[27,50],[49,1],[12,-42],[-28,-59],[0,-34],[31,-34],[45,13],[56,37],[32,11],[43,48],[-7,33],[64,-14],[25,-53],[-27,-70],[41,-16],[18,79],[17,11],[32,-40],[28,38],[52,10],[-20,43],[16,20],[45,-16],[97,-4],[21,-49],[34,-50],[42,6],[2,56],[74,-25],[14,-26],[-6,-62],[23,-85],[-63,-43],[-7,-23],[59,-59],[7,-33],[69,45],[-3,-47],[-35,-13],[38,-44],[105,-25],[7,-84],[42,-12],[19,47],[58,30],[0,25],[-35,28],[22,78],[50,-9],[16,-15],[56,45],[14,-52],[36,12],[5,-85],[65,-25],[14,-45],[25,-7],[48,47],[68,24],[38,68],[20,88],[8,101],[36,27],[92,553],[126,805],[28,170],[185,1164],[119,754],[170,1106],[216,1385],[142,944],[-9,97],[50,91],[-4,104],[18,79],[65,40],[0,43],[-21,52],[1,104],[-5,29],[-44,102],[1,45],[36,97],[2,74],[33,34],[-5,78],[-54,78],[-8,27],[9,61],[-42,33],[48,92],[-43,15],[-20,-9],[-32,36],[1,43],[-47,43],[-39,21],[-13,24],[-43,28],[9,92],[-34,62],[-22,3],[-57,48],[32,49],[-33,56],[-85,79],[5,22],[-28,76],[23,21],[30,62],[30,39],[26,89],[1,61],[-34,8],[-14,42],[-23,16],[26,83],[-29,59],[-19,11],[8,69],[-49,39],[-26,39],[-93,36],[-29,26],[-41,10],[-48,37],[-51,76],[-30,27],[-108,50],[-48,90],[-38,-7],[-48,10],[-20,-12],[-69,45],[-31,65],[-60,55],[-74,128],[-52,43],[-83,80],[-2,73],[21,32],[16,56],[-5,48],[-5,230],[-1,215]],[[8827,86665],[56,-3],[52,-20],[24,-34],[-4,-102],[11,-31],[52,-13],[21,-25],[10,-59],[2,-80],[10,-27],[47,-44],[33,-15],[25,-58],[26,-31],[38,0],[41,51],[79,13],[18,29],[15,65],[19,19],[34,-9],[37,-54],[-5,-67],[8,-60],[49,-50],[63,-11],[66,11],[38,-20],[29,-49],[96,-67],[-7,-147],[8,-83],[27,-39],[37,-22],[71,-10],[93,-58],[31,-27],[5,-76],[20,-20],[43,17],[51,-7],[30,11],[28,-16],[27,-44],[50,-37],[46,-99],[19,-16],[80,-15],[32,-53],[57,-29],[54,4],[60,21],[85,-31],[50,-38],[46,13],[46,-1],[28,46],[50,14],[43,27],[69,-8],[5,26],[36,20],[87,-6],[35,15],[89,-24],[104,-52],[53,-51],[74,-12],[76,-49],[158,-38],[39,-34],[45,-64],[14,-37],[55,-55],[28,-58],[16,-9],[25,-109],[143,-101],[101,-25],[36,11],[52,-8],[90,4],[58,52],[34,-6],[51,14],[124,83],[34,46],[39,-3],[16,27],[62,3],[55,25],[11,-17],[83,2],[13,-13],[9,-828],[1,-1242],[75,-41],[85,2],[62,42],[58,20],[95,-12],[68,-28],[64,-57],[66,-12],[59,22],[54,49],[50,19],[70,-12],[101,-75],[46,-24],[52,-6],[138,40],[74,-140],[-6,-75],[24,-41],[42,-13],[79,-59],[62,-28],[84,-3],[113,30],[41,-19],[59,-44],[19,2],[36,83],[57,35],[30,-4],[47,20],[52,6],[72,-26],[44,4],[44,24],[83,1],[59,11],[93,57],[76,6],[58,-5],[98,-33],[74,9],[122,-49],[81,13],[66,-7],[77,23],[97,-7],[83,-58],[73,1],[107,57],[61,77],[72,40],[45,15],[59,35],[66,14],[59,30],[39,33],[56,71],[28,9],[51,-11],[69,25],[42,-14],[10,-25],[-18,-124],[20,-46],[39,-31],[64,-15],[65,53],[43,74],[61,71],[109,50],[99,78],[55,29],[59,19],[215,24],[44,-8],[89,11],[66,-21],[42,-30],[39,-71],[35,-29],[96,-4],[77,-54],[54,-23],[84,14],[50,-1],[83,-45],[32,-45],[19,-60],[-1,-50],[-18,-75],[16,-79],[53,-55],[27,-13],[101,7],[39,-20],[39,-76],[4,-51],[-6,-128],[27,-66],[40,-13],[26,31],[2,40],[37,68],[63,27],[41,-5],[66,-49],[86,-35],[53,-6],[40,-21],[45,-18],[138,25],[44,-15],[36,-42],[31,-89],[6,-99],[-14,-168],[26,-58],[79,-38],[57,8],[58,25],[60,-20],[37,41],[14,53],[34,50],[75,55],[29,12],[67,0],[21,-32],[-34,-258],[47,-67],[8,-47],[-25,-127],[12,-40],[98,25],[44,51],[67,16],[55,-12],[22,14],[36,68],[81,27],[64,46],[39,-3],[28,-46],[9,-52],[-15,-82],[-30,-77],[-8,-58],[24,-53],[78,-81],[6,-50],[41,5],[34,-22],[31,-53],[22,42],[36,4],[43,-33],[84,-23],[48,25],[18,113],[16,28],[76,-12],[65,-38],[58,-20],[90,-117],[1,-29],[-80,-16],[-32,-34],[-58,11],[-16,-9],[-8,-112],[-85,20],[-67,6],[-17,-50],[25,-104],[59,-135],[3,-78],[28,-28],[36,2],[10,-45],[-17,-88],[20,-38],[65,-56],[-4,-66],[28,-91],[-15,-41],[11,-27],[36,-15],[93,-14],[62,-60],[-7,-66],[-40,-54],[-126,6],[-49,-58],[-55,8],[-98,-4],[-14,-23],[28,-35],[-7,-43],[26,-45],[33,-16],[43,-106],[32,-26],[-16,-36],[-3,-67],[15,-46],[-8,-35],[44,-69],[44,-13],[10,-29],[82,-90],[38,-10],[37,-50],[-4,-104],[21,-51],[62,-11],[12,36],[38,12],[-4,-47],[49,3],[-29,-43],[-3,-72],[-36,10],[-5,-65],[70,-38],[54,-82],[22,-47],[37,-16],[19,-43],[23,29],[28,-25],[39,-6],[16,-39],[-22,-53],[27,-39],[33,29],[34,4],[18,-37],[4,-64],[34,3],[20,-75],[-53,-30],[-45,2],[-9,-65],[-44,-75],[2,-61],[34,-17],[-55,-79],[0,-64],[16,-14],[81,-28],[15,-39],[41,20],[43,-15],[36,-52],[-44,-10],[0,-28],[89,-22],[27,-37],[6,-72],[14,-14],[48,50],[37,6],[13,-62],[68,45],[-8,-47],[28,-18],[40,-55],[-8,-18],[-49,18],[5,-42],[32,-24],[-10,-143],[24,-37],[35,-20],[42,-64],[82,-17],[42,46],[87,0],[37,-9],[15,-36],[-57,1],[-172,-29],[-177,-6],[-29,28],[-51,96],[9,49],[-31,99],[-53,14],[-14,-13],[-121,6],[-11,-162],[-36,37],[-41,-18],[-73,-80],[-36,-52],[4,-46],[-19,-93],[-53,-16],[-68,-43],[-56,-13],[-39,-55],[-11,-41],[-45,-61],[-54,-9],[-46,-48],[-37,-8],[-79,20],[-54,-29],[-89,-11],[-80,53],[-93,21],[-36,-13],[-51,-66],[6,-42],[-12,-68],[-35,-54],[-63,-28],[-39,-51],[-42,-89],[-28,-22],[-41,6],[-40,24],[-30,-22],[-19,-44],[-9,-95],[-21,-42],[-102,-28],[-32,-40],[-52,-115],[-49,-37],[-62,-19],[-59,16],[-61,-31],[-62,-8],[-76,38],[-33,-29],[-21,-41],[-27,-131],[-5,-133],[-34,-57],[-32,-21],[-100,-28],[-38,-47],[-32,-112],[-138,-125],[-75,-53],[-87,-86],[-67,-15],[-71,8],[-77,43],[-24,-10],[-9,-45],[-30,-67],[-53,-33],[-59,-3],[-34,-32],[-36,-210],[-19,-40],[-101,-98],[-57,-100],[-73,-76],[-11,-41],[19,-112],[-13,-42],[-45,-53],[-58,-109],[-57,-20],[-41,-1],[-44,-32],[-24,-86],[-2,-70],[29,-19],[56,16],[34,-31],[-12,-42],[-90,-97],[-22,-42],[9,-85],[40,-99],[4,-98],[-32,-29],[-40,20],[-42,44],[-34,-12],[-24,-32],[-37,-9],[-76,18],[-59,-21],[-51,-41],[-41,-56],[-39,-83],[-26,-151]],[[18104,72558],[-28,-4],[-63,80],[-53,22],[-74,-47],[-75,-13],[-97,9],[-43,41],[21,60],[-16,16],[-54,7],[-26,-32],[-37,-20],[-31,53],[-78,6],[-170,28],[-57,-10],[-31,-28],[-64,-38],[-35,10],[-33,-22],[-49,-60],[-89,-46],[-148,-4],[-51,-28],[-33,15],[-12,45],[-32,24],[18,43],[-25,61],[-33,10],[-15,-33],[27,-34],[-21,-63],[1,-44],[-23,-81],[-105,-52],[-24,-61],[-63,-47],[-10,-46],[-25,-31],[-45,-1],[-22,36],[-90,-7],[-32,-16],[-36,19],[6,41],[-29,21],[-31,-19],[-107,27],[-63,44],[-39,15],[0,114],[-85,70],[-38,13],[-41,-62],[-1,-62],[-32,-80],[-32,-14],[-36,15],[-39,-59],[-108,-102],[-53,-30],[-21,-64],[-1,-69],[-83,11],[-17,-27],[-71,-40],[-19,-34],[7,-86],[48,-35],[3,-22],[-97,-87],[-94,-175],[-62,-85],[-16,10],[-19,60],[-2,47],[-51,21],[-94,-41],[-32,-27],[6,-48],[22,-43],[41,-45],[-18,-59],[-79,-20],[-54,-30],[-46,14],[-4,62],[-118,-4],[-64,-50],[-36,-2],[-38,-81],[-23,-125],[-36,5],[-57,51],[-35,51],[-67,40],[-34,-23],[-55,-2],[-13,-43],[5,-91],[24,-70],[32,-8],[19,-40],[-15,-74],[16,-61],[-21,-116],[28,-61],[47,-33],[52,-157],[-11,-21],[-52,7],[-38,-26],[-21,-75],[-46,-43],[-9,-73],[-74,-57],[-46,-80],[-60,-188],[15,-38],[-32,-59],[-19,-65],[88,28],[37,-2],[69,-100],[54,-9],[31,-23],[45,30],[27,-51],[34,1],[49,22],[27,29],[33,-11],[45,33],[54,11],[51,-16],[125,103],[39,-33],[33,-3],[21,31],[51,25],[49,5],[47,96],[88,79],[49,19],[65,-3],[39,22],[7,51],[43,114],[30,29],[101,-13],[86,-3],[52,27],[73,-68],[8,-31],[48,-52],[43,2],[82,28],[33,-27],[44,6],[66,-43],[44,3],[35,-24],[41,4],[71,-51],[56,-62],[15,-51],[61,-62],[81,-17],[30,-24],[43,-4],[34,-37],[29,20],[50,-17],[63,-59],[69,-11],[17,-35],[30,14],[37,-9],[44,11],[39,-39],[30,24],[71,-6],[61,-85],[43,-16],[21,-40],[33,-1],[16,-30],[62,42],[31,-11],[-14,-53],[-56,6],[-68,-93],[3,-61],[-16,-36],[-53,-19],[-30,-35],[-18,23],[-27,-28],[-43,-11],[-27,28],[-104,-15],[-39,23],[-27,-13],[-41,-66],[-79,7],[-19,-44],[-58,-14],[-21,-31],[-88,0],[-44,-17],[-21,32],[-55,-17],[-52,-50],[-114,47],[-56,-17],[-48,26],[-45,-37],[-13,36],[-47,5],[-67,36],[-37,41],[-34,6],[-25,28],[-49,-38],[-18,-35],[-24,4],[-89,-29],[-26,18],[-49,-1],[-17,-33],[-66,5],[6,-30],[-50,-82],[-37,17],[-23,-25],[-57,10],[-28,-13],[-38,30],[-57,22],[-22,-21],[-72,31],[-28,-43],[-50,46],[-19,-60],[6,-40],[-41,-23],[-11,-37],[-25,-12],[-18,-101],[-152,-647],[-22,-90],[0,-104],[8,-55],[-14,-61],[-28,-27],[-16,-57],[-95,-62],[-24,-56],[-51,-79],[-31,-22],[-30,25],[-35,4],[-7,39],[-22,30],[-1,40],[-30,48],[-16,-9],[-50,26],[14,57],[-37,64],[-2,40],[-35,15],[-65,4],[-9,-17],[-48,27],[-37,0],[-30,22],[-51,-18],[-16,9],[-52,-23],[-34,11],[-15,-36],[-43,27],[61,51],[-13,79],[-30,23],[8,33],[-22,57],[-29,27],[-48,-22],[-25,30],[-86,16],[-33,-13],[-41,31],[-51,55],[-51,-15],[-29,-54],[-32,-15],[-52,9],[-35,-44],[-32,20],[-25,-30],[-37,-3],[-11,56],[-44,28],[-11,-16],[-70,-26],[-89,-65],[-104,48],[-58,-40],[-93,-12],[-17,27],[-27,-21],[-27,25],[-35,2],[-51,23],[-11,40],[-57,-51],[6,-40],[-14,-36],[33,-74],[-36,-72],[-35,-9],[-25,26],[-33,-14],[-19,60],[-54,13],[1,46],[-41,43],[-32,13],[12,44],[-27,50],[-114,98],[-71,4],[-34,-9],[-24,-31],[-35,-10],[-83,35],[-37,-1],[-51,23],[-77,-23],[-52,13],[-35,-13],[-52,9],[-17,34],[-30,2],[-17,37],[-31,-19],[-39,14],[-28,40],[-47,13],[-47,-46],[-35,7],[15,54],[30,44],[-28,23],[-33,-8],[-28,-54],[-28,-2],[-10,39],[-40,-33],[-14,57],[-35,-7],[-39,34],[-16,60],[3,79],[-14,13],[-60,-11],[-16,26],[-45,14],[-55,-84],[-42,-38],[-52,-28],[-15,18],[-45,-40],[-51,10],[-34,-18],[-82,7],[-65,-36],[-56,-91],[3,-32],[-64,-29],[-44,-37],[-55,-14],[8,-59],[64,-44],[-5,-63],[-63,-26],[-14,-57],[27,-54],[10,-72],[-40,-69],[-4,-59],[20,-32],[-8,-59],[-51,-58],[34,-57],[12,-57],[-56,-24],[-19,-57],[35,-58],[-27,-53],[-29,-24],[-43,-123],[-28,-52],[23,-33],[-66,-97],[-6,-49],[33,-45],[39,-36],[-32,-71],[-64,-11],[-38,-70],[9,-42],[-31,-46],[-70,-38],[-20,-38],[-37,-29],[-52,16],[-57,-85],[-30,-4],[-44,-55],[-8,-51],[-56,-11],[-14,-60],[31,-45],[-10,-81],[-26,-30],[5,-65],[25,-54],[-31,-110],[11,-103],[55,-55],[-3,-68],[-24,-29],[1,-38],[-43,-22],[49,-29],[48,13],[-5,-46],[3,-112],[21,-86],[-16,-43],[17,-14],[10,-79],[-23,-150],[23,-32],[-5,-44],[18,-36],[-14,-65],[-32,-51]],[[8827,86665],[2,459],[5,798],[38,-2],[8,-37],[42,-7],[28,51],[45,26],[12,-25],[53,-18],[38,28],[24,52],[43,-6],[18,-21],[60,13],[65,26],[41,-19],[9,-27],[52,60],[49,25],[31,43],[22,-19],[34,6],[16,67],[41,25],[45,45],[71,-25],[30,-62],[62,-19],[27,25],[8,52],[55,34],[0,30],[73,-1],[-2,42],[34,34],[21,-3],[28,40],[36,20],[43,-17],[7,-34],[49,-15],[1,-40],[60,-50],[2,-35],[90,-86],[22,-40],[39,40],[68,25],[22,31],[35,-76],[-28,-42],[50,-1],[23,14],[60,-15],[59,18],[43,107],[28,12],[106,-25],[41,9],[-66,135],[-80,56],[-15,64],[32,35],[46,6],[16,45],[-14,69],[-33,48],[0,60],[53,1],[15,64],[-81,65],[-29,0],[-13,77],[61,34],[-23,35],[-73,32],[-32,33],[38,37],[-21,53],[-117,113],[-55,-5],[-71,86],[-61,-6],[-28,-14],[-41,19],[-14,-33],[-68,-77],[-43,13],[-4,59],[-125,19],[-63,-22],[-101,3],[-47,20],[-43,43],[-54,-26],[-41,1],[-50,-20],[-29,-29],[-55,36],[6,56],[-9,37],[-45,-28],[-54,8],[-67,-45],[-39,-71],[-63,-4],[-32,34],[-1,535],[-1,527],[6,566],[36,-11],[11,-29],[60,13],[58,36],[38,38],[92,27],[23,-15],[39,9],[3,-29],[54,2],[122,71],[80,33],[34,37],[109,-50],[37,-26],[66,-7],[14,13],[56,-19],[93,-70],[461,10],[398,-4],[679,0],[1209,-1],[-6,47],[-44,10],[22,43],[-41,36],[-33,4],[-40,-33],[-36,-2],[-19,57],[25,90],[-74,-7],[7,86],[23,46],[23,123],[77,89],[22,-1],[36,46],[37,15],[17,-18],[40,18],[41,-49],[18,-55],[26,-20],[34,-90],[50,-9],[49,5],[42,-37],[46,-64],[68,-71],[70,-5],[26,11],[18,44],[36,36],[-14,81],[68,13],[51,44],[54,65],[8,30],[31,25],[87,165],[23,21],[43,2],[118,-43],[59,-9],[114,10],[28,30],[47,128],[63,53],[16,91],[65,73],[47,23],[118,74],[21,65],[17,21],[47,13],[47,-7],[55,-35],[47,-64],[7,-48],[8,-227],[16,-51],[8,-124],[21,-73],[37,-191],[30,-98],[20,-32],[76,-45],[34,6],[122,-9],[38,-21],[39,-57],[35,-71],[19,-81],[41,-89],[-9,-68],[4,-63],[30,-61],[10,-50],[8,-241],[-1,-114],[12,-69],[2,-77],[-18,-106],[-19,-196],[-2,-95],[8,-82],[-3,-62],[10,-73],[-11,-93],[517,162],[576,-590],[629,-627],[236,65],[55,-5],[13,-29],[70,-58],[67,19],[15,29],[58,-11],[28,24],[-5,27],[19,67],[31,-8],[40,26],[47,-31],[54,18],[48,-3],[44,78],[13,42],[28,25],[-7,50],[25,24],[38,-6],[60,32],[18,53],[25,22],[69,24],[34,31],[51,5],[13,20],[46,5],[14,44],[23,3],[25,44],[61,-5],[38,17],[19,-34],[76,54],[62,-59],[-5,52],[38,13],[8,-25],[48,11],[29,-61],[32,-23],[36,-1],[13,-71],[62,-83],[-8,-78],[19,-84],[-46,-71],[-55,-128],[-17,8],[-39,-34],[-5,-51],[-34,-59],[33,-26],[28,-92],[23,-44],[29,-25],[23,50],[67,10],[12,16],[95,18],[65,58],[5,62],[53,46],[-6,81],[8,23],[-36,64],[33,15],[15,58],[32,13],[8,40],[48,21],[-10,30],[30,22],[31,98],[17,-9],[42,36],[87,-21],[52,-33],[72,20],[26,-46],[33,30],[39,72],[2,49],[37,101],[-44,5],[29,116],[6,154],[65,48],[7,29],[36,26],[34,-27],[37,19],[24,-41],[-12,-47],[98,-11],[35,36],[34,55],[47,58],[22,42],[-20,71],[40,37],[18,-41],[39,-3],[44,70],[35,16],[10,-41],[39,23],[36,58],[-20,15],[82,66],[33,49],[16,-10],[32,-63],[-10,-42],[29,-29],[37,-70],[39,-14],[54,34],[18,32],[28,103],[38,-19],[55,19],[57,74],[52,40],[46,4],[33,43],[-15,55],[20,20],[46,86],[51,23],[-2,24],[69,19],[54,65],[51,31],[34,-22],[53,69],[39,72],[103,-22],[6,-41],[-19,-47],[-37,-33],[-2,-37],[-37,-69],[-20,-89],[51,-21],[40,9],[37,-15],[30,27],[10,41],[-2,65],[53,82],[78,42],[13,39],[48,30],[55,-8],[46,42],[3,46],[42,52],[69,50],[40,-12],[31,30],[11,45],[27,26],[18,59],[26,32],[23,60],[9,65],[-24,62],[7,56],[-20,29],[35,79],[16,92],[-2,39],[-34,30],[21,77],[0,123],[96,53],[52,73],[45,30],[83,-5],[35,-17],[36,22],[43,-23],[75,-10],[18,-37],[36,10],[14,59],[87,-24],[55,57],[44,-11],[3,43],[80,76],[33,-37],[-8,-22],[54,-16],[16,42],[-3,83],[39,-2],[50,62],[11,45],[25,2],[27,33],[57,11],[16,20],[57,-3],[98,-40],[38,28],[20,37],[50,-40],[52,15],[52,40],[20,93],[-14,42],[51,32]],[[23761,92158],[28,-38],[110,-82],[62,-29],[45,8],[106,48],[48,14],[64,-2],[53,-20],[7,-76],[42,-119],[28,-44],[49,-46],[18,-39],[53,-44],[67,-36],[96,7],[72,34],[64,-15],[182,-22],[22,-8],[35,-55],[187,-80],[33,-25],[26,-44],[10,-56],[-12,-97],[-60,-143],[-1,-48],[20,-197],[-14,-58],[-61,-62],[-90,-115],[-20,-52],[0,-49],[52,-49],[102,-109],[12,-77],[23,-29],[49,-33],[49,-54],[83,-42],[44,-88],[-14,-48],[13,-57],[22,-26],[19,-69],[11,-91],[46,-161],[39,-102],[14,-54],[17,-117],[35,-82],[20,-13],[110,6],[-15,-76],[8,-103],[66,-105],[6,-43],[-24,-61],[-31,-28],[-39,-122],[8,-86],[34,-35],[16,-75],[-10,-58],[-83,-74],[-74,-120],[-11,-67],[44,-209],[-12,-97],[-20,-120],[22,-60],[10,-107],[21,-10],[54,36],[59,-93],[6,-65],[22,-34],[-33,-67],[-13,-51],[18,-50],[-18,-116],[28,-63],[3,-93],[32,-32],[32,-106],[-10,-89],[10,-69],[21,-45],[54,-37],[45,-14],[54,-63],[53,-138],[-1,-97],[12,-58],[-4,-46],[58,-66],[7,-28],[51,-63],[51,-28],[0,-94],[-18,-21],[0,-44],[26,-61],[-27,-28],[40,-117],[36,16],[70,-51],[-12,-20],[-4,-66],[-24,-32],[9,-41],[-34,-17],[-22,-67],[-104,-73],[-47,-137],[-32,-17],[11,-52],[-32,-46],[22,-38],[-3,-41],[43,-48],[-22,-22],[29,-71],[-48,-57],[-40,11],[-32,-50],[-66,-2],[8,-86],[-34,10],[-55,-54],[-8,44],[-40,44],[-92,-2],[-38,32],[-20,-58],[-29,-26],[5,-43],[25,-51],[-34,-21],[20,-58],[46,-34],[34,15],[9,-33],[63,-5],[29,-22],[55,-20],[4,-22],[40,-20],[25,-104],[18,6],[37,-75],[26,-29],[26,3],[10,-41],[32,-27],[58,-29],[30,-61],[71,6],[52,-24],[9,-45],[63,-14],[8,-21],[56,-59],[40,0],[31,-59],[-15,-42],[41,-52],[84,-7],[51,-48],[49,-60],[63,-154],[3,-38],[48,-67],[22,-59],[15,-80],[51,-60],[46,-91],[3,-60],[20,-41],[61,-16],[66,2],[51,4],[42,48],[64,-6],[64,-23],[51,-46],[135,-52],[50,-10],[68,-36],[45,-41],[57,-79],[33,-79],[139,-140],[18,4],[3,131],[-18,25],[-64,28],[-31,42],[-35,120],[-19,37],[-58,2],[-18,49],[-47,6],[-36,32],[43,69],[39,37],[-7,38],[-93,114],[43,41],[-3,65],[30,75],[17,67],[32,32],[-19,52],[35,82],[-25,49],[26,35],[-27,29],[24,35],[47,9],[7,92],[-38,65],[-1,56],[-51,14],[9,68],[-12,49],[14,69],[45,43],[1,75],[33,30],[-15,33],[-5,96],[23,98],[21,32],[36,14],[83,80],[15,79],[36,68],[48,-3],[19,13],[-5,49],[49,7],[37,35],[97,58],[47,-7],[63,55],[51,0],[99,32],[16,11],[0,52],[17,16],[-15,70],[32,18],[23,-19],[56,-5],[35,-19],[20,42],[44,4],[37,-25],[56,18],[53,-33],[19,-65],[48,-27],[20,13],[55,-41],[56,-7],[89,7],[33,12],[19,-66],[-9,-75],[18,-35],[57,-65],[49,18],[26,-31],[-6,-52],[20,-41],[69,-3],[33,-23],[10,-71],[-9,-42],[36,-10],[45,-32],[-29,-77],[39,-11],[-7,-85],[11,-34],[4,-49],[46,7],[34,-30],[21,12],[71,-20],[18,-54],[30,29],[100,48],[35,-20],[6,48],[75,-17],[38,-39],[22,1],[34,32],[28,54],[-37,20],[59,54],[-1,77],[33,29],[48,-8],[52,4],[75,39],[40,-6],[13,43],[81,10],[86,76],[-2,91],[-25,35],[3,48],[-32,3],[-52,46],[-33,88],[-30,30],[-7,48],[-35,30],[-4,92],[51,119],[72,59],[3,99],[17,42],[31,20],[11,49],[-10,54],[43,24],[-1,62],[29,28],[-34,72],[30,91],[-17,45],[30,3],[48,54],[-4,29],[36,29],[66,81],[-10,41]],[[30803,86184],[101,87],[59,-10],[69,25],[90,81],[43,-7],[89,19],[41,-12],[64,-37],[53,32],[-19,46],[57,-19],[12,63],[-27,78],[-30,33],[18,25],[33,-21],[36,9],[31,-29],[22,-71],[29,-28],[36,-78],[1,-61],[-37,-65],[-87,-77],[13,-62],[25,-17],[66,-17],[57,-47],[46,-77],[37,-47],[5,-47],[-69,-49],[-12,-44],[3,-58],[-20,-45],[12,-27],[-16,-85],[-16,-20],[17,-40],[35,7],[14,-56],[-16,-14],[-21,-66],[-21,-12],[-29,-57],[-51,36],[-74,-75],[-8,-33],[-55,-46],[9,-39],[-39,-98],[-75,-2],[-24,-29],[-53,-20],[-6,-20],[35,-53],[-30,-46],[25,-67],[-46,27],[-20,-64],[45,-120],[-4,-46],[45,-142],[32,-5],[56,-89],[76,-55],[22,5],[72,-50],[-1,-45],[34,-27],[39,-3],[31,-34],[28,-76],[5,-72],[44,-50],[-6,-23],[46,-68],[49,-47],[47,-27],[16,8],[42,-70],[28,6],[13,-44],[33,-25],[31,36],[23,1],[16,61],[73,-29],[11,-43],[33,-33],[28,-6],[500,8],[12,-70],[-10,-35],[-10,-72],[26,-46],[-1,-110],[25,-36],[-8,-44],[-37,24],[-51,0],[-79,-69],[-5,-87],[-57,-41],[-10,-52],[-21,-14],[-50,-73],[-36,-78],[2,-33],[74,-54],[62,49],[46,0],[29,-41],[32,13],[42,-19],[50,2],[22,-17],[56,5],[10,-64],[56,-5],[16,24],[4,53],[58,58],[19,-15],[71,-2],[14,-23],[73,1],[11,-68],[35,-32],[43,-78],[-11,-75],[33,-51],[12,-50],[20,-12],[0,-46],[-34,-33],[5,-59],[-62,-41],[1,-47],[-29,-25],[-35,-60],[-48,-181],[13,-19],[-6,-47],[-27,-50],[-56,-17],[13,-74],[40,-29],[16,-47],[38,-67],[4,-57],[91,-51],[14,-18],[-16,-47],[85,-56],[21,-64],[-10,-23],[15,-92],[-35,-60],[-9,-127],[-26,-56],[-38,8],[-42,-42],[2,-64],[40,0],[36,-37],[-41,-21],[21,-40],[21,-3],[13,47],[21,20],[41,-1],[11,-52],[53,-81],[-12,-23],[-49,-32],[-53,-113],[-67,-77],[-22,-37],[-222,-158],[-10,-83],[2,-21],[59,15],[24,32],[35,-11],[59,8],[50,-35],[11,-60],[30,-24],[-23,-56],[-50,-28],[-27,-36],[21,-58],[-2,-50],[-41,-68],[-42,-44],[-3,-131],[-24,-30],[-53,-34],[-9,-46],[-41,-13],[-42,-30],[-107,-156],[1,-61],[-10,-87],[-25,22],[-82,-8],[-8,-37],[-49,-100],[-80,-55],[-45,-45],[-29,-14],[-1,-42],[34,-14],[67,-92],[54,-48],[59,-15],[69,-44],[73,-90],[41,-20],[42,-45],[95,8],[100,-43],[49,-29],[79,-29],[-19,-27],[-86,-2],[-32,9],[-46,36],[-51,22],[-30,-1],[-165,21],[-15,-19],[-58,-72],[79,-31],[34,-27],[123,-61],[100,-40],[135,-82],[54,-26],[53,-6],[105,52],[44,12],[45,34],[74,14],[109,-118],[140,-212],[90,-72],[65,-6],[68,38],[16,-29],[-26,-95],[-38,-63],[-38,38],[-24,-2],[-66,-74],[-62,-94],[-40,-79],[20,-72],[-21,-59],[0,-33],[38,-22],[106,32],[31,27],[52,-14],[43,-37],[28,3],[81,53],[62,-14],[40,-47],[14,-85],[43,-39],[48,10],[20,67],[33,29],[25,-4],[28,-36],[75,-27],[42,-50],[-1,-21],[95,-100],[2,-64],[19,-34],[44,14],[51,-11],[-10,47],[25,72],[24,0],[23,-43],[39,-5],[10,49],[32,71],[22,14],[40,-15],[-5,74],[25,61],[47,36],[-30,57],[15,16],[18,3],[86,-38],[41,11],[18,-22],[41,-6],[70,-32],[-3,-93],[59,-37],[6,-26],[-36,-49],[-102,20],[-80,-17],[-28,-133],[10,-58],[35,-55],[-1,-72],[-30,-16],[-39,-48],[-21,-65],[-35,-26],[-110,-45],[-19,4],[-32,-36],[-55,-8],[-57,-48],[27,-75],[48,-13],[38,-64],[72,-60],[66,-110],[17,0],[35,-96],[49,-43],[-3,-54],[-17,-29],[43,-33],[43,-11],[31,-97],[44,-82],[63,-4],[31,38],[49,-2],[47,-26],[16,-31],[81,-335],[30,-126],[-46,-29],[-53,-10],[-7,-24],[-68,-40],[20,-45],[-8,-48],[-33,-1],[-43,-70],[23,-53],[-60,-9],[-14,-62],[36,-42],[-17,-33],[-67,4],[-16,-35],[28,-57],[-44,-52],[8,-48],[-13,-154],[-24,4],[-28,-33],[-3,-81],[-16,-93],[-48,5],[-1,-71],[-49,-22],[-19,-64],[29,-53],[-36,-4],[-8,-47],[-41,-14],[-8,-48],[19,-50],[-49,-15],[-11,-49],[-19,-18],[5,-67],[-74,-48],[-13,-19],[27,-73],[-69,2],[-63,-50],[0,-28],[-37,-24],[-12,-65],[-27,23],[-46,4],[-61,-17],[31,-56],[-39,-14],[-26,-48],[-48,-24],[-40,7],[1,-80],[-47,29],[-1,-68],[-53,10],[-17,16],[-36,-91],[-35,-69],[-46,-20],[12,-37],[29,-27],[-63,-38],[-68,-3],[-6,-25],[-54,10],[-25,-92],[24,4],[-26,-79],[8,-33],[-53,-82],[9,-42],[-17,-72],[2,-44],[-35,-12],[4,-112],[23,4],[39,-74],[14,-45],[-15,-18],[-17,-77],[1,-34],[-33,-50],[28,-10],[-5,-69],[31,-40],[19,-43],[-29,-78],[26,-38],[-32,-91],[30,-67],[-18,-60],[-5,-60],[34,-42],[-6,-51],[-27,-31],[1,-57],[-20,-105],[36,-62],[29,-82],[-21,-32],[28,-24],[-14,-58],[-42,-61],[-36,-193],[-18,-35],[-47,-22],[-75,-65],[-25,-68],[0,-41],[22,-77],[44,-61],[46,-28],[31,-47],[-3,-20]],[[33868,70137],[-325,-17],[-176,-2],[-483,-338],[-460,-274],[-833,-472],[-23,8],[-11,51],[-33,-14],[-6,122],[-22,6],[-39,44],[25,103],[-50,16],[8,38],[32,13],[-8,60],[-60,41],[62,129],[-11,40],[66,36],[13,36],[56,15],[39,-6],[24,118],[31,47],[25,62],[33,2],[13,-55],[63,-33],[18,1],[29,50],[35,8],[45,-31],[120,-16],[66,-32],[35,11],[14,31],[660,-2],[10,40],[-12,91],[-26,28],[-13,76],[-51,84],[13,40],[-57,56],[24,53],[36,-3],[20,25],[-32,23],[19,56],[29,22],[3,84],[-50,64],[-21,73],[-5,85],[-24,53],[-34,9],[-8,79],[-39,30],[7,81],[-49,17],[-55,56],[12,61],[-23,38],[-40,20],[-52,87],[31,48],[-69,-13],[-61,116],[-35,6],[4,44],[-52,83],[-23,5],[-26,40],[13,50],[-29,32],[-15,69],[11,74],[45,93],[4,39],[42,33],[63,189],[-10,27],[9,48],[-13,22],[-55,36],[-33,-7],[-26,58],[-44,-24],[-34,-1],[-90,-33],[-65,9],[-17,76],[-28,55],[1,117],[43,84],[22,120],[16,41],[42,55],[-479,827],[-133,232],[-76,-21],[-142,-62],[-94,-59],[-37,-11],[-52,12],[-97,50],[-53,5],[-35,-16],[-41,-42],[-17,-36],[-37,-117],[-79,-146],[-938,1],[20,-78],[-50,-87],[-20,-17],[-421,1],[-238,289],[-611,738],[-35,-95],[-22,-35],[-225,-235],[-55,-95],[-104,-63],[-83,-67],[-90,-87],[-40,-48],[-92,-87],[-286,-293],[-35,-33],[-212,-162],[-141,-162],[-63,-56],[-107,-41],[-39,-43],[-145,-228],[-38,-86],[-505,561],[-556,616],[-163,256],[-39,-11],[-26,-30],[-14,-75],[-19,-42],[-54,-30],[-34,13],[-8,63],[64,56],[25,34],[4,43],[-25,107],[-28,33],[-35,3],[-36,-19],[-38,25],[-46,72],[-52,32],[-19,42],[19,33],[14,88],[-27,78],[-30,55],[31,77],[-84,105],[-76,-21],[-62,4],[-106,69],[-51,58],[-12,84],[-61,17],[-19,-41],[15,-89],[74,-128],[11,-42],[0,-66],[-23,-65],[-93,-59],[-58,-30],[-75,-17],[-79,-67],[-109,-20],[-65,-55],[-32,-68],[-21,-70],[-12,-77],[-28,-84],[-67,-52],[-54,-93],[-75,-70],[-11,-26],[-2,-137],[-22,-56],[-9,-62],[-37,-56],[-60,-20],[-95,-54],[-189,-18],[-63,4],[-71,42],[-39,9],[-76,-18],[-37,15],[-86,64],[-47,4],[-55,-29],[-63,-14],[-71,-50],[-61,-13],[-67,-45],[-63,-61],[-98,-42],[-40,-67],[-181,-79],[-26,-35],[-19,-91],[-51,-100],[-40,-48],[-2,-55],[-18,-43],[-35,-28],[-58,-10],[-61,3],[-72,-46],[-27,-38],[-54,-39],[-148,-17],[-81,-63],[-72,-43],[-86,-70],[-38,-6],[-46,-30],[-20,-95],[-49,-88],[-6,-91],[-36,-50],[-71,-26],[-40,41],[-35,-4],[-103,-33],[-47,-38],[-11,-40],[-49,-45],[-41,-57],[-78,-43],[-41,-44],[-41,-10],[-50,4],[-109,46],[-97,6],[-114,65],[-104,32],[-100,5],[-118,-25],[-41,6],[-35,49],[-72,74],[-42,18],[-42,-10],[-95,-86],[-59,-30],[-39,15],[-39,85],[-70,41],[-76,12],[-29,26],[-45,78],[-33,22],[-61,-19],[-65,-62],[-56,-12],[-92,50],[-80,30],[-89,74],[-70,104],[-20,117],[-37,12],[-88,-78],[-53,16],[-47,84],[-45,175],[-51,-14],[-42,-74],[-31,-30],[-80,-15],[-52,14],[-69,113],[-56,29]],[[33868,70137],[41,-105],[7,-63],[-5,-61],[-69,-186],[-17,-118],[22,-99],[-8,-121],[21,-77],[47,-60],[11,-41],[47,-36],[40,-46],[12,-39],[8,-103],[39,-67],[36,4],[17,-77],[24,-30],[78,-58],[51,-18],[52,-86],[3,-42],[41,-76],[35,6],[34,-81],[77,11],[57,-8],[22,-41],[56,9],[23,-9],[9,-41],[-30,-119],[-43,-40],[-28,-90],[20,-54],[-78,-32],[76,-100],[-28,-56],[-38,-48],[-33,-24],[34,-75],[28,-26],[14,-40],[89,-19],[790,18]],[[35452,67673],[23,-33]],[[35475,67640],[-22,-37],[-59,-61],[-89,-165],[0,-89],[-22,-78],[14,-87],[27,-79],[5,-83],[-84,-83],[-27,-60],[-54,-59],[-15,-39],[-1,-66],[-15,-60],[-24,-34],[-89,-79],[-54,-22],[-31,-27],[-14,-42],[22,-54],[-1,-87],[45,-116],[53,-63],[16,-61],[6,-83],[64,-118],[15,-45],[-13,-40],[4,-81],[-61,-48],[-11,-40],[21,-100],[-20,-59],[3,-102],[-16,-36],[27,-52],[-6,-61],[-52,-28],[-21,-34],[6,-38],[-12,-61],[-28,-56],[-64,-87],[-50,-111],[4,-62],[25,-60],[-14,-79],[47,-62],[-26,-54],[-5,-40],[-24,-32],[-52,-152],[57,-45],[81,44],[55,5],[51,-27],[-8,-37],[-37,-15],[-89,-109],[-62,-46],[-32,8],[-29,-25],[-128,-8],[-732,-1],[-671,-1],[-792,0],[-534,4],[-789,4],[-778,10],[-934,-4],[-1668,-2]],[[27764,63943],[-51,10],[-39,94],[-14,13],[7,62],[-53,39],[-52,22],[-71,-6],[-18,50],[-64,-19],[4,-37],[-20,-36],[-57,-62],[-71,1],[-49,39],[-29,-18],[-5,-102],[-28,-25],[-12,-37],[10,-38],[-16,-34],[9,-55],[-43,-24],[-53,-1],[-7,-30],[-72,-18],[-92,21],[-13,-14],[-27,97],[-15,28],[-39,16],[-22,62],[-97,3],[-53,-27],[-60,19],[-67,159],[14,54],[-52,60],[15,40],[-37,55],[-42,35],[10,19],[43,0],[5,22],[-21,75],[-100,22],[-32,25],[-58,12],[-46,-33],[-11,-43],[33,-60],[-22,-26],[-104,76],[-7,58],[29,59],[-19,45],[-6,76],[-38,13],[-27,46],[6,39],[-13,83],[18,57],[1,65],[-22,35],[-30,18],[-90,7],[-34,18],[-58,72],[-30,-15],[-18,-35],[-31,-17],[-40,-48],[-47,68],[-48,114],[12,18],[-66,89],[-33,-1],[-123,111],[9,18],[-20,57],[-31,18],[-29,49],[31,72],[-44,135],[-72,61],[-43,61],[-95,48],[-53,3],[-51,79],[-20,-1],[-56,49],[-563,-3],[-855,2],[-269,18],[-13,-120],[11,-35],[-38,-45],[-27,-49],[-37,-39],[11,-50],[-17,-53],[-53,-94],[-67,-43],[-40,-38],[-16,-46],[58,-106],[-54,-53],[-30,-54],[-30,-76],[-39,-32],[-77,69],[-49,29],[-52,16],[-54,-34],[-36,-68],[-47,10],[-28,-17],[-2,-145],[-71,-56],[-2,-27],[54,-20],[33,-35],[-4,-27],[-73,-67],[6,-54],[60,-70],[-4,-61],[50,-22],[-3,-42],[-48,-87],[-90,61],[-11,-81],[-30,-22],[-1,-41],[-26,-27],[1,-39],[-43,-66],[17,-57],[-69,14],[-37,-7],[-44,-40],[-66,30],[-42,-67],[-4,-86],[35,-73],[-14,-39],[-51,-59],[21,-76],[-6,-42],[22,-143],[-17,-35],[-57,-5],[-130,-81],[-53,10],[-122,-21],[-33,43],[37,116],[-49,10],[-109,-41],[-149,-77],[-55,8],[-56,-14],[-84,7],[-37,-5],[-41,-35],[-23,9],[-20,-54],[-52,-18],[-68,25],[-67,-21],[-27,55],[-35,13],[-32,-14],[-38,-48],[-69,-20],[-37,66],[-31,21],[-36,2],[-71,-22],[-70,-46],[-37,-44],[-15,-37],[-52,2],[4,-81],[-55,-128],[2,-61],[12,-15],[32,-169],[-30,-52],[-7,-39],[-60,-95],[-52,2],[-32,-32],[-3,-34],[-25,-28],[16,-38],[-36,-6],[-39,-35],[8,-39],[-40,-70],[-54,3],[-33,-22],[8,-40],[-56,-20],[-65,-36],[-27,25],[-68,26],[2,51],[25,56],[-51,26],[17,78],[-46,90],[-6,78],[-78,55],[-53,-15],[-83,-72],[-79,-46],[-19,-35],[-59,-3],[-36,-39],[-36,44],[-68,27],[-17,-87],[4,-64],[-24,-78],[30,-48],[25,-99],[-55,-30],[-25,28],[-20,-34],[-59,7],[-8,57],[-35,2],[-58,54],[-89,31],[-120,-50],[-18,-36],[-66,-10],[-4,-126],[-34,-19],[-40,-95],[-35,-47],[-46,25],[-14,-40],[-32,10],[-16,-32],[-49,-19],[-12,37],[-28,22],[-16,82],[-52,-6],[4,41],[-31,14],[-46,60],[-55,-1],[-28,25],[-31,78],[-44,29],[-42,60],[-36,0],[-36,22],[-90,5],[-38,-40],[-93,10],[-51,14],[-68,-30],[-43,-36],[-70,22],[-86,-9],[-37,47],[-69,-4],[14,-50],[-52,-12],[-25,43],[-51,-18],[-26,27],[-48,-25],[-77,50],[-13,-39],[42,-40],[16,-68],[-8,-93],[-81,-84],[-23,-54],[-64,-72],[-61,-49],[-13,-82],[-81,-26],[-33,-37],[-78,-40],[-51,23],[-33,-41],[-136,-87],[-16,-49],[-75,-57],[-74,-11],[-38,19],[-11,-99],[-58,-59]],[[30803,86184],[-12,23],[18,70],[36,55],[7,72],[72,86],[23,42],[49,32],[-10,22],[19,42],[-4,30],[29,40],[-32,55],[71,82],[74,39],[31,34],[12,46],[16,131],[20,80],[517,0],[835,0],[540,0],[664,0]],[[33778,87165],[0,-673],[1,-30],[19,-60],[0,-64],[32,-13],[19,-35],[-7,-153],[4,-80],[-36,-71],[4,-84],[17,-81],[14,-12],[-21,-77],[1,-103],[17,-33],[45,-42],[65,-37],[60,-15],[35,-25],[21,-35],[49,-22],[42,-63],[-23,-75],[28,-79],[27,-49],[0,-66],[-41,-39],[-6,-38],[10,-79],[-10,-50],[30,-26],[33,-87],[-3,-19],[48,-21],[44,-66],[65,-15],[42,-74],[35,-43],[88,-83],[1,-20],[90,-60],[44,-21],[30,-60],[25,-20],[38,9],[52,-50],[-38,-38],[5,-71],[81,-105],[9,-37],[-29,-26],[9,-48],[-24,-43],[41,-44],[43,11],[9,-27],[45,-40],[16,-100],[38,-9],[18,-39],[37,-27],[-8,-23],[111,11],[43,17],[25,-62],[63,-23],[46,-87],[30,-17],[42,-60],[15,10],[63,91],[19,10],[-10,56],[66,10],[27,33],[0,54],[89,60],[55,-8],[18,-33],[-14,-25],[20,-43],[62,-22],[19,-49],[-18,-50],[30,-34],[2,-44],[-23,-24],[-36,-206],[-23,-44],[11,-36],[27,-30],[30,-8],[-14,-41],[48,-20],[-11,-48],[51,9],[61,-31],[-18,-24],[54,-36],[32,27],[75,-16],[50,-26],[26,-33],[6,-45],[28,-40],[30,-6],[24,-53],[64,19],[33,-22],[37,15],[2,-81],[41,-104],[35,-47],[48,35],[7,-20],[95,15],[20,32],[28,-25],[9,-41],[90,-37],[15,-34],[31,-8],[-8,-66],[48,29],[13,-28],[43,-31],[16,-35],[82,30],[-3,-57],[27,-8],[35,47],[54,-56],[-11,-71],[44,22],[47,-48],[54,44],[51,-37],[17,48],[52,5],[22,-18],[24,52],[23,-20],[-3,-42],[32,-14],[60,39],[6,-34],[50,-16],[38,3],[-22,-53],[50,-32],[45,-5],[30,-71],[40,43],[28,-18],[13,-49],[43,-37],[-29,-41],[12,-54],[27,-30],[42,-120],[24,-10],[85,21],[18,-42],[31,-29],[12,-47],[37,-27],[47,-2],[59,-30],[47,-41],[39,-61],[39,-15],[108,2],[58,32],[43,-8],[48,-49],[12,-73],[-26,-83],[-46,-51],[-36,-75],[2,-64],[17,-21],[74,-7],[45,-18],[12,-46],[52,-28],[98,23],[50,-17],[34,91],[39,-12],[89,66],[30,37],[44,-11],[66,-69],[38,33],[38,9],[68,-56],[47,43],[24,38],[32,19],[37,-31],[35,1],[42,22],[18,49],[20,5],[5,47],[93,32],[62,82],[70,-2],[23,36],[99,11],[98,30],[2,-26],[-43,-83],[-57,-82],[-60,-113],[-77,-96],[-37,-33],[-97,-65],[-98,-54],[-127,-44],[-56,-49],[-53,-111],[-13,-85],[-16,-36],[-89,-138],[2,-22],[61,-22],[27,-23],[52,-19],[-54,-115],[-137,-337],[-274,-675],[-85,-218],[-265,-662],[-98,-239],[-173,-425],[-59,-162],[-194,-505],[-552,-1342],[-231,-562],[-282,-687],[-244,-591],[-192,-480],[-236,-589],[-187,-468],[-411,-1024],[-489,-1201],[-22,-31],[-46,-33],[-60,-3],[-16,-13],[-12,-84],[-39,-75],[-69,-47],[-92,-77],[-58,-104],[-39,-48],[-30,-76],[-7,-210],[24,-56],[18,-87],[38,-101],[25,-82],[62,-81],[29,-25],[31,-52],[55,-3],[45,-38],[51,-83],[55,-110],[44,-45],[35,-10],[29,-31],[38,-74],[30,-26],[22,-55],[42,-66],[25,-104],[4,-44],[-16,-82],[11,-107],[51,-77]],[[42780,92726],[168,14],[119,83],[132,-63],[-3,-91],[-13,-128],[67,-88],[135,26],[370,-326],[554,-80],[420,131],[25,19],[34,-13],[17,28],[32,5],[39,37],[-15,47],[28,33],[31,0],[18,-43],[45,64],[8,45],[55,9],[35,-28],[65,20],[-38,29],[-2,33],[41,3],[3,31],[30,27],[73,36],[57,-10],[7,-33],[29,-34],[-28,-28],[-24,-65],[49,5],[43,-14],[27,8],[30,-28],[64,3],[-6,-46],[130,0],[31,-40],[37,7],[40,-34],[41,-2],[25,23],[106,-25],[32,11],[-15,40],[9,37],[47,-28],[15,20],[64,24],[14,28],[29,0],[41,32],[17,33],[0,40],[49,11],[33,-17],[34,-75],[56,-20],[12,-28],[38,-28],[-3,-30],[61,-2],[12,-34],[-54,-40],[-31,-59],[-20,4],[-6,-101]],[[46345,92091],[20,-39],[52,-50],[65,-39],[34,-6],[58,-33],[23,-24],[61,-26],[9,-24],[-9,-65],[14,-121],[37,-31],[13,-68],[44,-14],[28,-62],[43,-11],[15,-84],[57,-100],[1,-53],[70,-88],[-30,-50],[-8,-42],[17,-55],[35,-23],[34,-91],[6,-45],[-22,-21],[-18,-63],[-12,-105],[8,-48],[31,-87],[27,-39],[64,-11],[46,14],[43,-9],[39,-23],[27,-36],[9,-68],[-19,-107],[5,-60],[-19,-36],[-28,-99],[-55,-80],[-5,-54],[-25,-48],[-6,-48],[8,-53],[-11,-35],[-48,2],[-25,-67],[-17,-85],[7,-29],[12,-152],[9,-23],[66,-30],[39,-48],[42,-20],[9,-101],[25,-22],[16,-74],[-13,-30],[25,-85],[56,-41],[39,16],[0,-68],[-24,-44],[-5,-40],[31,-56],[71,25],[43,-24],[24,-39],[31,-19],[-21,-54],[22,-41],[22,-3],[34,29],[61,-4],[77,13],[-12,-56],[9,-42],[38,-40],[28,-4],[30,-39],[20,-55],[58,10],[34,-43],[50,-11],[30,-60],[31,-36],[41,-28],[-6,-78],[49,-26],[2,-40],[29,-45],[2,-41],[22,-26],[42,-7],[55,-64],[-10,-22],[3,-66],[47,-30],[1,-30],[39,-86],[24,-9],[43,-45],[2,-46],[19,-33],[4,-45],[42,-17],[50,39],[32,-57],[103,-12],[-7,66],[33,68],[49,62],[3,40],[81,28],[46,51],[77,27],[24,29],[61,-12],[46,-53],[42,-33],[45,21],[66,-19],[57,-47],[82,-2],[50,-11],[15,15],[74,-34],[38,9],[51,31],[54,-17],[27,-58],[40,-41],[54,-18],[42,22],[59,-55],[-4,-39],[34,-62],[-33,-34],[11,-47],[37,-54],[61,-31],[38,-47],[45,-39],[5,-25],[73,-45],[5,-29],[19,7],[39,75],[35,125],[-16,151],[12,24],[-3,52],[14,36],[-23,48],[46,32],[11,59],[-7,30],[35,20],[4,15],[71,29],[51,58],[41,-19],[36,-51],[60,14],[48,-9],[70,-51],[47,20],[15,-22],[99,-63],[48,-88],[45,-14],[19,-27],[8,-60],[-15,-48],[12,-71],[42,-1],[27,-23],[35,23],[70,-5],[-14,52],[24,41],[21,64],[8,71],[36,55],[35,33],[51,11],[29,-38],[41,14],[-11,61],[40,7],[8,56],[19,38],[67,6],[85,-3],[10,40],[-56,33],[-69,74],[-30,55],[23,86],[-24,73],[14,67],[38,69],[147,63],[18,40],[-24,67],[23,37],[33,-22],[0,75],[35,14],[51,40],[35,7],[79,66],[50,-52],[37,-19],[30,9],[26,-18],[65,-2],[99,66],[13,75],[27,13],[74,-24],[-2,50],[21,8],[14,-74],[21,-9],[39,40],[27,-21],[74,30],[57,89],[8,37],[37,-2],[30,-20],[43,30],[48,62],[42,-75],[43,19],[26,-18],[42,23],[44,-22],[27,46],[32,4],[274,274],[-7,37],[41,86],[61,8],[19,67],[42,31],[24,1],[45,49],[12,69],[20,8],[6,50],[179,34],[74,39],[109,94]],[[53891,89754],[33,-183],[-18,-66],[-29,-53],[-12,-49],[-53,-88],[-16,-161],[12,-19],[6,-99],[-11,-27],[-55,-61],[-14,-2],[-42,-78],[-45,-119],[-63,-79],[-21,-11],[-19,-54],[18,-49],[-37,-18],[-51,-44],[-4,-36],[2,-169]],[[53472,88289],[-141,8],[-92,-11],[-165,-33],[-127,-35],[-67,-37],[-115,-94],[-60,-59],[-35,-75],[-34,-103],[-9,-80],[-33,-104],[-40,-61],[-33,-106],[-11,-55],[-35,-68],[-30,-85],[-60,-109],[-45,-54],[-53,-44],[-48,-59],[-7,-9],[-45,-52],[-113,-97],[-97,-67],[-93,-38],[-263,-77],[-56,-34],[-64,-54],[-23,-32],[-27,-66],[-45,-37],[-50,-84],[-59,-83],[-34,-27],[-84,-28],[-126,-18],[-93,-36],[-42,-64],[-55,-111],[-67,-106],[-28,-63],[-46,-28],[-56,-92],[-15,-48],[-18,-127],[-137,-176],[-19,-94],[-57,-102],[-65,-83],[-63,-53],[-25,-36],[-102,-110],[-53,-70],[-86,-154],[-111,-223],[-18,-178],[2,-65],[-11,-77],[22,-232],[-6,-67],[-27,-62],[-106,-112],[-68,-85]],[[49703,83568],[-69,-43],[-79,-7],[-84,-17],[-34,11],[-58,75],[-18,-3],[-41,-89],[-21,-1],[-16,41],[9,48],[-29,35],[-26,-3],[-17,-33],[16,-76],[-9,-19],[-58,10],[-54,-6],[-31,-17],[-18,-41],[34,-55],[-8,-41],[-43,-14],[-63,20],[-28,33],[10,82],[-30,95],[-60,-7],[-35,38],[-37,11],[-80,-13],[-53,22],[-78,-6],[-50,28],[-83,4],[-43,119],[-23,24],[-85,43],[-44,-24],[-17,39],[24,31],[-7,153],[-42,57],[21,60],[55,19],[4,91],[-38,58],[-54,52],[-25,10],[-18,-21],[-120,-51],[-48,9],[36,78],[24,15],[-21,45],[-1,41],[44,98],[10,91],[-29,82],[-6,153],[-23,78],[-27,39],[-92,-6],[-82,-48],[-36,3],[-24,23],[-67,120],[6,33],[-33,23],[-30,51],[10,49],[-26,46],[52,91],[-41,79],[4,54],[31,82],[-5,65],[-38,55],[-34,1],[-53,41],[-32,37],[-14,63],[-169,132],[-35,92],[-45,19],[-72,-31],[-64,32],[-61,203],[-17,26],[-17,79],[-5,118],[-18,30],[-41,21],[-25,41],[8,90],[-40,25],[-23,80],[-28,55],[-41,31],[-29,49],[-25,17],[-26,108],[27,55],[-40,71],[-44,25],[-11,76],[-33,67],[-34,27],[-20,49],[32,43],[4,56],[-19,65],[28,88],[-33,35],[40,98],[9,52],[-15,28],[17,95],[55,77],[18,80],[20,46],[-41,46],[-52,6],[-23,75],[-61,47],[-12,54],[-146,105],[-72,93],[-77,67],[-74,42],[-14,20],[-112,85],[1,135],[-36,27],[-7,70],[17,36],[-27,36],[-3,30],[-45,46],[-7,144],[33,45],[52,-10],[43,17],[13,65],[-15,37],[-33,23],[-17,48],[-31,27],[-78,19],[-43,-33],[-72,-38],[-31,2],[-16,41],[35,43],[16,41],[-16,32],[-49,17],[-23,67],[66,41],[-12,47],[-56,22],[-16,-31],[-55,53],[-85,-27],[-19,-32],[-44,25],[40,49],[6,63],[-8,44],[-24,3],[-21,-81],[-35,-7],[-16,34],[-31,-20],[-27,47],[39,56],[-47,35],[3,-68],[-35,-24],[-2,-25],[-115,43],[-46,53],[-42,-25],[34,-30],[-36,-32],[-70,30],[-73,16],[23,62],[-35,30],[-7,30],[-48,4],[-18,22],[-93,49],[-20,-31],[-57,29],[5,54],[-15,32],[-32,-4],[-9,-41],[-35,16],[-27,-29],[-38,16],[-44,-23],[9,88],[-31,62],[-42,20],[35,67],[-47,16],[-1,43],[-43,54],[-3,31],[-56,9],[-38,25],[-34,-21],[-138,109],[-15,42],[-53,55],[-17,-6],[-65,51],[-26,-10],[-23,37],[-62,8],[-18,-31],[-37,37],[-69,-14],[-50,11],[-87,-30],[-63,24],[-14,28],[-113,27],[-47,18],[-54,-10],[-39,-31],[-62,-8],[-54,20],[-64,-5],[-47,11],[-21,57],[8,42],[27,27],[-12,46],[-21,21],[1,63],[-39,128],[32,125],[-29,27],[0,29],[-49,28],[-29,48],[-5,72],[-15,23],[15,35],[-17,62],[20,18],[-10,38],[7,42],[51,64],[0,26],[35,17],[10,55],[-27,47],[-53,64],[-28,53],[10,81],[24,52],[-25,60],[-150,189],[5,47]],[[46345,92091],[39,9],[42,47],[49,-36],[28,14],[52,0],[104,33],[121,2],[41,-31],[31,-49],[27,-21],[73,-10],[52,-31],[64,16],[32,20],[4,47],[37,6],[39,-17],[75,177],[41,12],[5,42],[37,27],[79,31],[73,50],[112,66],[100,74],[33,57],[-7,25],[76,106],[48,17],[-21,29],[10,29],[54,2],[1,47],[46,47],[23,7],[-19,75],[80,83],[-15,43],[-37,29],[9,42],[-26,32],[11,29],[45,5],[21,81],[20,25],[63,145],[7,81],[57,117],[70,164],[36,23],[32,-5],[16,28],[-27,51],[37,76],[27,89],[17,85],[24,29],[57,121],[-38,43],[-16,73],[6,31],[36,55],[3,34],[60,9],[-9,73],[43,79],[54,29],[69,-5],[43,63],[51,108],[71,110],[25,70],[84,182],[33,33],[11,62],[41,43],[0,32],[32,10],[82,176],[46,53],[18,36],[16,125],[20,26],[18,87],[32,32],[61,-11],[20,50],[-17,65],[11,29],[108,61],[67,100],[40,21],[17,39],[34,22],[42,73],[15,46],[5,83],[49,79],[28,22],[59,5],[36,19],[34,50],[44,8],[44,41],[4,75],[19,34],[37,141],[33,64],[21,62],[-5,99],[12,14],[20,92],[21,187],[54,205],[80,32],[53,-35],[84,-85],[56,-42],[109,-124],[74,-76],[56,-78],[154,-189],[48,-83],[9,-39],[37,-52],[57,-186],[6,-108],[9,-29],[4,-95],[-6,-39],[27,-23],[98,-66],[64,-1],[42,-49],[2,-102],[-11,-49],[-1,-123],[-10,-29],[0,-104],[-12,-24],[-2,-109],[21,-158],[6,-113],[10,-95],[7,-134],[-18,-66],[-23,-14],[6,-167],[12,-28],[43,-157],[35,-100],[19,-78],[36,-99],[-10,-60],[-17,-25],[5,-50],[-9,-47],[18,-52],[46,-59],[-17,-124],[56,-103],[11,-78],[-7,-36],[19,-68],[37,-74],[42,-54],[-1,-113],[7,-66],[75,-35],[17,-39],[-11,-53],[53,-60],[-2,-143],[31,-16],[35,-51],[6,-40],[21,-13],[-6,-129],[18,-37],[9,-105],[-12,-104],[48,42],[54,-20],[18,-63],[33,-49],[11,-73],[-15,-44],[31,-80],[-8,-38],[35,-54],[4,-85],[45,-90],[1,-100],[31,-17],[34,-57],[16,-50],[9,-72],[-15,-34],[-31,-24],[82,33],[184,94],[120,51],[102,-12],[62,2],[69,-51],[30,-63],[75,-112],[59,-74],[11,-92],[28,-72],[40,-38],[10,-78],[33,-78],[134,-368],[138,28],[38,-8],[120,-49],[32,-2],[79,-43],[50,-10],[55,-32],[188,-130],[23,-30],[-5,-48],[26,-31],[23,-105],[3,-124],[37,-255],[0,-102],[-14,-81],[4,-37],[-33,-150],[-31,-90],[9,-58]],[[61268,57647],[62,23],[82,51],[101,51],[27,5],[48,56],[30,69],[13,164],[57,144],[40,56],[11,51],[47,34],[51,60],[47,29],[52,60],[55,32],[7,33],[-27,56],[-1,37],[37,93],[51,19],[51,33],[14,40],[-6,62],[-44,26],[94,72],[34,18],[13,83],[-43,60],[-11,36],[52,59],[45,19],[25,-27],[43,19],[56,10],[37,36],[59,-2],[22,30],[7,56],[64,12],[6,62],[25,19],[44,-3],[44,17],[28,52],[124,92],[13,33],[69,53],[94,11],[18,60],[-25,47],[8,66],[67,40],[104,2],[28,24],[32,65],[9,52],[33,69],[18,17],[-2,123],[-17,75],[15,49],[-37,0],[-17,31]],[[63251,60468],[74,-1],[47,25],[46,47],[21,3],[81,46],[53,-36],[27,-45],[4,-52],[-14,-54],[10,-52],[24,-40],[68,-51],[9,-102],[18,-34],[53,-28],[39,-37],[36,-60],[60,-53],[10,-41],[-7,-99],[23,-47],[50,-32],[-9,-47],[-69,-65],[-37,-53],[21,-42],[-18,-94],[21,-37],[-1,-99],[11,-39],[46,-40],[60,-14],[36,-72],[24,-134],[64,-60],[36,-19],[42,-4],[59,-30],[24,-91],[26,-28],[60,13],[3,-29],[130,-26],[97,-5],[25,-15],[72,16],[52,-30],[62,-59],[12,-24],[49,2],[47,-20],[12,-23],[83,-72],[76,66],[29,2],[46,44],[38,-41],[35,46],[51,43],[-4,51],[50,97],[65,9],[3,43],[26,27],[70,41],[76,-16],[29,20],[14,70],[-18,80],[8,51],[47,10],[40,6],[58,56],[26,54],[26,15],[70,-9],[37,-38],[66,-12],[62,37],[21,51],[26,22],[53,-14],[51,7],[29,23],[87,113],[20,17],[67,-19],[29,-38],[26,-63],[52,-68],[66,-9],[64,29],[35,-34],[33,-8],[29,-29],[58,8],[30,32],[35,78],[84,41]],[[66944,59376],[34,-71],[23,-29],[62,-10],[54,-55],[5,-46],[72,-59],[39,-68],[35,-101],[18,-73],[19,-37],[-18,-95],[42,-62],[-49,-54],[-1,-51],[-45,-29],[-12,-34],[-36,-25],[-50,12],[-16,-28],[-47,-5],[-21,-39],[46,-94],[42,-54],[44,-81],[97,-110],[21,-52],[9,-81],[32,-91],[35,-142],[62,-190],[37,-73],[6,-46],[13,-18],[46,-221],[23,-55],[18,-118],[27,-102],[-1,-41],[20,-84],[36,-94],[28,-102],[70,-135],[18,-57],[50,-121],[14,-76],[28,-105],[31,-74],[-64,-21],[-38,8],[-8,-69],[-74,-88],[-37,-22],[-42,-55],[-1,-40],[-53,-34],[-14,-37],[29,-32],[-53,-39],[-37,-10],[-56,-44],[4,-61],[60,-68],[-19,-31],[-47,-38],[-52,5],[-42,-24],[4,-26],[-51,-48],[17,-27],[-74,-67],[-21,-2],[27,-24],[101,0],[82,12],[31,-17],[71,-15],[76,-55],[75,-24],[7,-56],[55,-36],[-35,-44],[6,-46],[32,-34],[40,15],[19,-17],[403,-202],[405,-198]],[[68630,54389],[-489,-283],[-108,-741],[-204,-189],[-155,-140],[24,0],[24,-60],[36,-25],[68,-93],[71,-34],[25,-88],[-12,-32],[-81,39],[-44,-4],[-12,-35],[-50,3],[-14,-57],[-67,-6],[-29,-30],[-66,1],[-56,-56],[-65,-53],[-12,-127],[-54,-92],[-19,-97],[-25,-91],[-30,-9],[-40,-36],[-21,-40],[12,-102],[16,-29],[-45,-81],[-75,-87],[-7,-73],[30,-70],[-6,-106],[-53,-1],[-16,-41],[-58,-26],[-28,-1],[-46,-51],[-41,-84],[-28,-31],[-44,-15],[-85,-62],[8,-28],[-10,-58],[-35,-47],[-56,-44],[-26,-71],[-57,-59],[3,-37],[-35,-30],[-34,3],[-46,-17],[-23,-64],[-23,-12],[-32,-80],[-35,-15],[12,-39],[-23,-88],[-49,-81],[-4,-41],[-22,-10],[-20,-54],[1,-35],[-34,-51],[-34,-7],[-31,-52],[-35,8],[-41,-39],[-59,-31],[9,-54],[-20,-22],[24,-96],[59,12],[106,-21]],[[66189,49894],[-41,-14],[-25,-43],[-31,-22],[-48,-6],[-27,-36],[-36,16],[-35,-20],[-48,-4],[-5,-23],[-49,3],[-51,-38],[-23,-35],[-63,-21],[-45,-56],[-29,6],[2,-53],[-37,-21],[-27,20],[-26,-39],[-98,-90],[-33,-29],[-28,3],[-80,-50],[-13,-16],[-53,-12],[10,-66],[-41,-35],[3,-28],[-49,-78],[-47,-22],[-60,-58],[-144,-67],[-3,-30],[-30,-26],[-84,-23],[-32,-36],[-40,-104],[-40,-45],[-27,-10],[-91,14],[-68,31],[-56,-37],[-31,13],[-53,-54],[-24,-42],[-42,-19],[-35,-57],[-71,-58],[-23,-43],[-64,-33],[-24,-35],[-71,-74],[-52,-43],[-55,2],[-45,-68],[-33,-3],[-45,-27],[-19,37],[-35,-20],[-49,41],[-70,-20],[1,-27],[-61,-56],[-52,-92],[-16,-18],[-58,-6],[-22,-38],[10,-26],[-42,-79],[-50,-35],[-31,-1],[-25,-49],[-40,-20]],[[63214,47744],[-25,-6],[-73,21],[-40,-12],[-53,7],[-22,-54],[-53,-18],[-28,-37],[-106,66],[-79,-16],[-30,-27],[-38,-118],[-70,-1],[-31,-14],[-22,-40],[-42,-116],[-42,-5],[-6,34],[-39,21],[-4,68],[-40,31],[4,35],[32,-5],[49,45],[38,0],[31,30],[10,53],[-16,26],[15,38],[34,10],[37,107],[77,80],[6,93],[20,100],[-67,98],[-27,18],[9,47],[-39,47],[-36,24]],[[62548,48374],[11,46],[-39,67],[60,32],[7,17],[27,44],[-1,140],[15,49],[-11,48],[-36,24],[-7,36],[11,38],[66,7],[-7,60],[17,54],[-31,35],[26,34],[9,40],[-9,60],[27,29],[-13,26],[-48,33],[23,39],[-7,34],[-43,46],[10,38],[24,15],[6,50],[58,-7],[51,39],[54,26],[-1,52],[32,29],[11,43],[-20,28],[-32,-9],[-32,25],[-21,40],[-14,86],[-35,37],[-39,-7],[3,44],[-35,18],[-40,-6],[-9,31],[-38,4],[-33,31],[19,71],[-24,29],[-62,-31],[-23,33],[-33,13],[-4,70],[-35,18],[-40,-18],[-76,22],[-26,22],[-2,43],[-42,16],[-44,33],[-41,6],[66,90],[-17,34],[-35,0],[37,22],[40,56],[9,34],[-20,27],[7,53],[-114,91],[10,111],[57,111],[7,36],[-26,32],[-54,10],[15,52],[-43,30],[34,33],[88,26],[9,12],[-31,63],[-45,-8],[-16,37],[60,44],[5,21],[-46,36],[10,51],[21,42],[65,71],[57,31],[58,69],[-50,60],[-68,-12],[-31,8],[-23,37],[9,35],[-10,50],[46,54],[-16,60],[43,29],[-36,44],[0,23],[-44,29],[53,45],[9,26],[99,43],[81,22],[48,42],[39,67],[26,6],[79,54],[14,94],[-49,29],[-58,-24],[-51,-35],[-23,5],[-111,-77],[-73,-20],[-29,7],[-44,-48],[-61,-31],[-32,1],[-21,85],[-60,25],[37,59],[1,72],[-71,3],[58,121],[6,54],[-15,75],[33,10],[2,40],[-35,29],[-32,63],[47,60],[13,32],[34,52],[16,73],[63,45],[56,-17],[52,19],[13,18],[77,32],[69,40],[25,63],[1,49]],[[62376,53388],[-55,22],[-102,-37],[-30,-4],[-34,-31],[-39,-9],[-73,22],[-84,-45],[19,78],[-12,31],[26,31],[3,43],[-18,49],[43,31],[23,32],[-21,58],[-18,16],[-6,57],[19,22],[-3,40],[-7,26],[30,37],[2,46],[-61,69],[29,38],[50,40],[-10,34],[-66,34],[40,100],[-13,28],[28,27],[23,64],[122,44],[92,4],[19,38],[-23,47],[19,31],[-13,23],[-44,-2],[-122,-60],[-42,7],[-2,92],[13,30],[-9,47],[-30,44],[-81,-8],[12,47],[0,77],[-38,29],[-36,9],[-51,82],[59,32],[-9,26],[-47,2],[-54,19],[17,67],[-31,33],[32,24],[14,35],[-19,72],[-50,15],[21,47],[26,105],[4,93],[-35,11],[-10,55],[22,33],[-43,50],[5,36],[49,27],[0,29],[39,58],[29,16],[49,50],[94,21],[70,0],[98,48],[26,-1],[48,73],[-22,40],[-46,-7],[-19,-24],[-63,-14],[-41,11],[-64,32],[-45,-25],[-48,-2],[-66,38],[-21,-7],[-20,41],[1,67],[42,0],[10,51],[29,15],[13,23],[-8,101],[-26,37],[-38,-20],[-4,40],[70,14],[58,93],[33,29],[-17,80],[-30,43],[8,45],[45,-4],[79,20],[77,-61],[82,-28],[69,-3],[29,21],[52,14],[69,2],[-2,41],[1,4],[-33,35],[-67,19],[-59,-9],[-17,20],[-47,-17],[-59,27],[-28,63],[-73,37],[-26,-2],[-96,46],[-74,-14],[-31,24],[-73,2],[-55,-11],[-49,56],[-86,0],[-30,38],[-25,7],[-40,41],[-15,45],[-3,112],[-46,36],[-1,71],[-28,16],[-55,20],[-39,65],[-10,75],[-20,58],[39,61],[-22,25]],[[68630,54389],[17,-53],[27,-22],[82,-21],[51,-68],[5,-94],[16,-72],[0,-91],[33,4],[46,57],[10,38],[5,118],[-30,34],[-16,47],[9,58],[-14,53],[-26,41],[-46,155],[-38,80],[17,100],[-23,64],[-46,32],[519,321],[17,60],[77,-13],[44,-29],[33,-61],[-10,-39],[36,-41],[1,-83],[75,-34],[30,-94],[-10,-79],[17,-14],[-8,-54],[33,-29],[-33,-75],[-49,-40],[-22,-47],[-101,-9],[-7,-59],[13,-23],[-78,-38],[24,-83],[-6,-70],[32,-55],[267,180],[-2,-127],[550,242]],[[70151,54456],[-7,-36],[-29,-10],[1,-37],[42,-115],[-6,-32],[34,-39],[-7,-61],[36,-18],[12,-57],[51,-13],[-4,-48],[119,-22],[31,-52],[78,-2],[32,40],[39,25],[70,-27],[48,3],[99,-51],[29,14],[36,-10],[36,26],[55,-6],[42,-53],[49,-201],[3,-47],[76,-243],[-6,-37],[25,-27],[15,-52]],[[71150,53268],[-31,-8],[-13,-41],[-82,16],[-37,-36],[2,-32],[-40,-40],[-10,-30],[-34,11],[-78,-41],[-37,22],[-61,-37],[25,-28],[-48,-67],[3,-52],[-26,-31],[-1,-121],[9,-69],[-14,-17],[10,-115],[25,-34],[-6,-33],[-171,-317],[452,61],[-6,-19],[-137,-70],[-307,-24],[-1,-47],[35,-40],[2,-58],[27,-50],[-33,-56],[5,-94],[64,-77],[61,-26],[57,-4],[-4,-50],[25,-51],[26,-94],[-10,-26],[3,-27],[34,-53],[-25,-38],[24,-66],[0,-57],[80,-19],[45,-27],[18,-36],[56,-2],[28,-73],[59,-53],[53,-2],[21,21],[53,-37],[12,-45],[-11,-132],[41,-76],[8,-83],[25,-16],[35,-75],[15,-53],[23,-25],[236,-331],[-16,-98],[224,-499],[-10,-210],[-7,-78],[58,-201],[-220,-278],[-203,-1],[19,-74],[-11,-85],[21,-58],[-12,-81],[-17,-39],[-83,79],[-59,1],[-9,16],[-71,-3],[-154,-592],[-73,-8],[-42,-20],[-27,-75],[15,-82]],[[70947,47752],[-13,17],[-76,44],[-26,37],[-44,-49],[-38,63],[-65,-10],[-97,56],[2,90],[-73,9],[-30,43],[-58,44],[-40,38],[-61,15],[-54,65],[-40,31],[-51,-52],[-52,39],[-70,68],[-29,2],[-32,55],[-36,-11],[-54,45],[-18,55],[-80,18],[-65,48],[-50,63],[-67,53],[1,27],[-20,-11],[-56,21],[-12,39],[-93,96],[-55,25],[-57,6],[-23,-11],[-56,45],[-42,-20],[-25,25],[-35,-44],[-39,58],[-22,-9],[-37,34],[-53,-2],[-56,41],[-38,1],[-32,-21],[-84,5],[-79,-24],[-40,-27],[-29,17],[-79,-68],[-59,-8],[-58,-28],[-40,-36],[-19,11],[-81,-67],[-24,-42],[7,-43],[-21,-33],[-73,-11],[-45,-48],[-19,31],[-4,61],[-72,36],[-28,39],[-64,-25],[-34,24],[-60,12],[-39,34],[-85,45],[-31,43],[-66,-7],[-19,22],[-48,17],[-30,-5],[-107,40],[-28,-6],[-54,54],[28,83],[-8,67],[-29,24],[14,59],[24,126],[28,50],[58,130],[28,137],[33,44],[48,85],[-53,17],[-33,53],[-48,-14],[-60,18],[-25,-4],[-46,33],[-30,5],[-28,-20],[-42,38],[-99,44],[-16,19],[-63,-29],[-15,-29],[-37,8],[-74,41],[-33,-13],[-23,38],[-56,-59],[-11,46],[-51,17],[-30,-24],[-80,52],[-59,13],[-5,-28],[-77,15],[-67,-17],[-32,33],[-54,-23],[-47,-60],[-46,-16],[-63,-6]],[[66944,59376],[23,76],[26,116],[56,79],[-22,78],[18,83],[22,19],[57,-16],[54,-35],[107,-4],[13,24],[0,85],[36,43],[8,33]],[[67342,59957],[23,26],[526,5],[42,41],[49,-1],[25,31],[1,31],[29,36],[31,2],[53,-27],[30,-29],[60,30],[23,55],[59,32],[20,53],[171,18],[262,30],[693,-471],[374,-251],[357,-241],[76,151],[42,97],[20,86],[26,16],[49,63],[57,53],[34,20],[73,75],[23,45],[-6,114],[12,58],[69,56],[25,33],[8,39],[-8,134],[-15,56],[570,-219],[8,-41],[42,-66],[15,-71],[-6,-48],[93,-93],[-6,-67],[19,-43],[13,-74],[-21,-59],[46,-44],[6,-90],[34,-29],[19,-71],[60,-97],[11,-74],[26,-17],[34,-46],[18,-75],[32,-50],[45,-32],[37,-65],[18,-48],[25,-111],[34,-44],[-14,-167],[282,391],[248,-175],[32,4],[21,-40],[36,-20],[14,-52],[23,-18],[92,-10],[24,-36],[42,-14],[40,13],[13,-47],[146,230]],[[72826,58808],[472,-397],[-3,-50],[-16,-22],[-53,-15],[-44,5],[-39,-34],[7,-38],[-29,-55],[-13,-99],[73,-117],[8,-51],[312,0],[430,-343],[377,-479],[36,-78],[38,-9],[39,-43],[9,-49],[54,-37],[-30,-45],[-31,-15],[-262,-518],[-295,-282],[214,-249],[-480,70],[-234,139],[-47,-64],[22,-81],[16,-24],[5,-88],[-16,-26],[-91,-48],[10,-23],[39,-7],[0,-52],[19,-87],[-33,-51],[25,-23],[-8,-37],[-103,-29],[-180,-51],[-200,152],[-472,280],[-85,46],[-685,387],[-86,46],[-24,-15],[48,-84],[3,-99],[67,-41],[-2,-40],[-51,-48],[32,-72],[0,-41],[58,-80],[6,-50],[30,-51],[3,-32],[-22,-30],[-12,-63],[1,-118],[23,-75],[-19,-222],[-110,86],[-153,-227],[-35,14],[-37,76],[3,45],[-29,-2],[-115,149],[-72,-187],[25,-16],[3,-79],[65,-41],[31,-63],[-27,-52],[-162,-32],[-15,-33],[-30,-13],[-62,23],[-35,-8],[-45,0],[-43,-18],[-41,-112],[2,-66],[-42,3],[-89,-53],[-32,-7],[-60,-42],[-30,-47],[-29,-10],[-53,13],[-31,-18],[-102,44],[-22,45],[-114,28]],[[67342,59957],[52,61],[48,31],[30,42],[6,62],[-7,71],[63,73],[55,77],[33,103],[9,79],[-16,56],[31,62],[88,5],[46,-13],[15,45],[5,40],[47,35],[16,54],[-9,52],[-69,39],[-12,34],[27,49],[-6,42],[-36,31],[32,57],[39,12],[24,44],[3,34],[29,32],[-28,51],[-73,49],[-46,5],[-4,21],[-93,42],[-53,40],[-28,89],[7,58],[-11,32],[-65,115],[-30,26],[18,50],[-20,13],[3,69],[-25,61],[33,95],[48,85],[38,31],[29,57],[9,12]],[[67594,62267],[69,48],[140,37],[151,123],[95,131],[60,29],[25,3],[51,37],[46,54],[64,30],[69,-14],[35,-29],[41,-61],[62,-122],[51,-51],[40,1],[47,-53],[34,-14],[41,-74],[33,30],[54,0],[53,29],[37,-15],[19,-37],[44,25],[28,82],[32,7],[38,-23],[19,32],[37,-33],[39,-5],[33,-31],[36,-5],[-2,-33],[40,0],[62,18],[55,16],[40,-23],[29,-59],[-13,-61],[7,-58],[35,-105],[35,-17],[54,2],[61,-90],[20,-6],[53,39],[36,-30],[-5,-40],[20,-58],[2,-52],[47,-9],[66,9],[21,25],[7,51],[40,26],[53,72],[-13,36],[30,13],[39,-34],[53,-7],[23,15],[74,1],[38,48],[37,63],[43,-8],[37,14],[89,-14],[49,17],[16,29],[-5,56],[76,-1],[30,15],[28,42],[4,48],[18,30],[44,32],[77,39],[17,25],[-1,50],[70,49],[21,42],[59,19],[47,-2],[57,55],[39,14],[44,-24],[60,19],[101,-5],[78,17],[74,63],[19,3],[33,-3],[23,2],[32,12],[42,-39],[62,44],[38,-38],[23,0],[52,-39],[32,21],[13,34],[38,10],[32,41],[24,0],[49,-12],[15,34],[25,102],[44,61],[0,44],[44,49],[84,64],[23,42],[0,107],[21,83],[77,-1],[35,15],[9,46],[80,10],[62,74],[80,6],[7,-38],[50,24],[-2,48],[32,36],[19,61],[34,29],[-7,42],[34,35],[17,47],[35,2],[35,57],[49,56],[23,-9],[29,73],[39,128],[29,44]],[[72967,64178],[51,-1]],[[73018,64177],[54,-52],[65,1],[53,-22],[37,31],[61,13],[19,34],[127,-4],[21,-7],[104,12],[-28,-98],[36,-42],[25,-57],[147,-10],[25,-56],[-14,-70],[22,-22],[47,38],[47,14],[41,-19],[4,-29],[29,-7],[56,24],[14,-36],[41,-55],[3,-46],[31,-68],[34,-20],[11,-63],[22,-12],[-1,-77],[39,-72],[5,-52],[16,-18],[9,-107],[38,-48],[60,-6],[32,-16],[12,-30],[56,-13],[51,-44],[55,9],[40,-55],[-6,-70],[-24,-66],[-31,-55],[32,-66],[-16,-49],[-48,-22],[-25,-48],[-43,23],[-38,-47],[42,-56],[-1,-47],[-19,-40],[7,-82],[-48,-33],[12,-34],[-39,-65],[60,27],[82,-18],[72,-42],[130,-40],[52,34],[61,7],[38,23],[23,40],[8,42],[22,28],[47,20],[31,-4],[66,-30],[33,60],[38,89],[40,26],[60,-51],[44,-17],[34,4],[50,68],[-6,54],[39,108],[25,41],[17,103],[32,117],[-18,86],[17,89],[20,64],[30,55],[56,42],[35,-6],[60,-39],[57,-55],[26,-37],[67,-6],[117,82],[26,39],[136,8],[58,12],[47,17],[131,195],[24,17],[34,81],[-13,83],[-49,97],[2,56],[30,44],[126,27],[94,-12],[91,64],[59,-13],[59,-1],[46,32],[7,24],[-15,53],[10,30],[-43,166],[9,50],[63,9],[33,-6],[81,7],[92,53],[27,34],[68,27],[17,22],[95,29],[34,27],[20,49],[37,-1],[44,55],[81,24],[50,-37]],[[77495,64588],[-40,-44],[-238,-543],[-153,-350],[155,-225],[287,-402],[-26,-53],[9,-80],[-30,-39],[21,-50],[4,-91],[30,-49],[-12,-42],[10,-37],[44,-19],[20,-31],[69,-51],[15,-43],[-9,-109],[15,-19],[-30,-48],[-46,-381],[61,-76],[39,5],[21,-16],[86,7],[27,-25],[78,20],[21,-25],[50,-20],[24,10],[-21,-75],[-39,-51],[-76,4],[2,-31],[-30,-124],[17,-22],[-20,-110],[14,-59],[-13,-50],[6,-264],[-6,-85],[-28,-44],[-7,-51],[-31,-22],[-27,-52],[-12,-59],[-22,-24],[14,-95],[-10,-147],[-10,-22],[-6,-90],[16,-62],[-385,299],[-432,94],[-169,100],[-114,144],[-93,156],[-24,-1],[5,-33],[31,4],[4,-60],[25,-107],[-8,-84],[13,-48],[-10,-46],[9,-36],[1,-80],[24,-108],[9,-67],[-6,-56],[9,-80],[15,-42],[14,-94],[21,-74],[-7,-52],[8,-111],[7,-28],[-29,-76],[-16,-4],[-10,-83],[-15,-15],[-3,-92],[-14,-94],[18,-37],[7,-54],[37,-139],[37,-49],[29,-1],[40,-38],[-11,-44],[-8,-104],[30,-22],[-15,-35],[32,-26],[-2,-32]],[[76762,58872],[16,-72],[34,-35],[-8,-48],[59,-13],[-7,-43],[33,-38],[-8,-57],[9,-47],[-113,-173],[-63,16],[-69,64],[-56,-27],[-45,19],[-42,39],[-55,-1],[-41,59],[-40,-4],[-8,34],[-44,10],[-43,-38],[-46,-1],[-12,32],[-37,-9],[-35,25],[-95,43],[-36,35],[-73,23],[-24,-3],[164,-774],[-21,20],[-364,405],[-158,172],[-102,-26],[89,229],[-32,19],[-31,-20],[-46,39],[9,48],[-59,-18],[-92,40],[-113,20],[-37,55],[-61,65],[-53,-30],[-33,45],[29,80],[-15,65],[-171,37],[-848,186],[7,42],[20,18],[-1,57],[62,47],[36,42],[3,38],[-28,20],[-25,-45],[-47,4],[-50,20],[-5,54],[-23,9],[-38,46],[-77,52],[-28,35],[-34,-46],[-59,-26],[-80,-4],[-18,-12],[-103,48],[-33,48],[11,95],[-6,30],[-31,16],[-61,90],[-35,23],[-69,6],[-49,-38],[-40,13],[-67,-41],[-32,-64],[-49,24],[-1,-53],[-42,-69],[-27,-1],[-40,-33],[-90,-35],[-45,-67],[25,-48],[97,-29],[69,-54],[-35,-69],[0,-61],[-65,-13],[-4,-28],[-76,-41],[-28,-73],[-30,0],[-34,-23],[34,-57],[2,-56],[19,-33],[14,-81],[-34,-60],[8,-42],[-53,-47],[143,-39]],[[76762,58872],[219,-2],[140,-1],[329,32],[28,-47],[-11,-45],[12,-31],[-8,-88],[-18,-81],[12,-127],[-17,-41],[62,-8],[51,-46],[2,-30],[46,-30],[60,4],[109,-29],[44,4],[93,-54],[16,22],[110,-19],[32,-13],[18,-36],[46,-10],[52,53],[31,-26],[36,-2],[23,-58],[123,15],[176,-762],[129,-69],[1,-1],[2,0]],[[78710,57346],[125,-339],[185,-481],[70,-6],[31,-29],[158,-635],[-141,-2],[7,-46],[23,-47],[4,-71],[47,-79],[-2,-21],[-189,-1],[-149,-288],[170,-11],[-109,-46],[23,-71],[-8,-100],[30,-117],[15,-49],[34,-67],[27,-27],[26,4],[11,-33],[-20,-28],[-87,-23],[-28,-87],[73,-34],[85,-107],[-19,-42],[-20,18],[-168,91],[-100,22],[-69,156],[-1,73],[-119,-30],[31,-25],[19,-41],[-29,-32],[-11,-180],[43,-29],[-1,-49],[-110,-1]],[[78567,54436],[-223,-114],[-68,-39],[-35,38],[-75,35],[-27,46],[-9,48],[-39,21],[-81,-8],[-62,-24],[-33,6],[-80,-23],[-23,-29],[-16,-52],[-87,-8],[-33,30],[-90,-26],[-65,-59],[-105,-55],[-51,-61],[-55,3],[-40,8],[-62,40],[-99,24],[-28,19],[-22,55],[-62,16],[-12,-39],[-37,-14],[-1,-36],[-23,-32],[-24,0],[-33,36],[-3,21],[-45,46],[-69,-13],[-75,25],[-31,-1],[-19,-29],[-44,42],[-53,-27],[-18,-369],[-166,-398],[-65,-42],[-214,-219],[-69,-55],[-84,-21],[-74,11],[-55,-8],[-51,17],[-56,-107]],[[75676,53115],[-541,-182],[21,-35],[18,-77],[30,-8],[-293,-87],[-248,-32],[-223,-203],[-124,-286],[-16,40],[-37,42],[8,30],[-86,53],[-61,-9],[-28,66],[9,47],[-103,106],[-25,5],[-393,-154],[-46,16],[-40,-30],[-38,61],[-15,62],[-30,28],[-9,47],[-311,-123],[-20,11],[-34,-45],[-42,7],[-54,48],[-18,92],[-35,-56],[-74,-16],[-14,-23],[1,-85],[37,-84],[-4,-78],[-15,-67],[-229,-110],[-12,43],[-38,-5],[-80,-36],[-10,248],[26,51],[-9,97],[27,2],[-18,102],[-101,111],[-60,107],[-5,38],[-31,44],[-211,-442],[-56,49],[-64,129],[-20,24],[-145,-194],[-13,69],[-52,67],[-20,76],[-39,88],[-58,33],[-31,-5],[-25,41],[-39,30],[-8,28],[-58,94],[-31,8],[-5,38],[-38,118],[0,35],[-60,-1],[-14,-38],[-41,1],[-105,132]],[[75676,53115],[28,-228],[149,-15],[89,5],[14,-22],[74,-43],[31,-51],[30,-13],[31,-52],[170,-3],[129,-2],[22,-62],[64,-59],[73,-17],[-1,-102],[31,-112],[8,-71],[-24,-115],[26,-23],[5,-36],[-17,-31],[31,-31],[-25,-19],[11,-69],[87,-56],[26,-26],[60,-63],[66,89],[26,52],[58,18],[33,13],[19,-20],[27,-46],[37,0],[6,-29],[34,-24],[39,29],[25,-54],[20,-13],[53,7],[63,45],[75,-25],[10,-28],[38,-36],[42,1],[-19,-95],[-12,-10],[29,-23],[47,57],[-25,-145],[11,-99],[-82,58],[-69,-12],[-14,-39],[-33,12],[-57,-21],[-5,-51],[30,-35],[-2,-31],[215,-38],[206,73],[-119,-358],[-8,-37],[-42,-22],[-11,-36],[16,-54],[-21,-6]],[[77504,50866],[-34,7],[-59,-27],[-39,53],[-23,-45],[-33,33],[-25,2],[-44,40],[-41,-8],[2,-535],[35,-53],[-35,-30],[-19,-123],[-29,-41],[-18,-88],[-69,27],[-20,-57],[-45,-3],[-1,-47],[304,-130],[1,-23],[-33,-35],[-18,-40],[-51,-9],[-33,28],[-9,-47],[-42,25],[-69,-11],[-23,26],[29,71],[-31,26],[-29,-2],[-49,-29],[-59,58],[-6,37],[-29,16],[-25,-46],[-56,-21],[38,-45],[-38,-34],[-11,-84],[-32,-33],[-52,22],[-26,-30],[-33,5],[12,59],[-48,-29],[-42,25],[-69,-44],[-27,-44],[-26,-147],[-50,-29],[-40,50],[-58,-7],[-13,-39],[-34,-47],[-91,-38],[205,-272],[-37,-106],[-27,-43],[-5,-60],[-40,-26],[-46,-11],[-22,48],[-25,-33],[-29,15],[-52,-9],[-54,-26],[-5,-35],[-44,-94],[18,-3],[17,-66],[34,-60],[-23,-53],[-47,-162],[17,-51],[-1,-105],[-18,-52],[40,-15],[55,22],[56,-13],[166,-181],[-20,-31],[39,-38],[9,-114],[-9,-10],[108,-538],[162,-636],[4,-18],[46,28],[44,-2],[43,-22],[-2,-67],[43,-23],[28,-48],[-13,-48],[31,1],[-1,38],[41,58],[24,14],[31,-66],[37,-1],[58,52],[13,17],[130,-55],[-27,-34],[-12,-98],[20,-59],[-20,-60],[-5,-76],[-52,-26],[-6,-59],[-64,23],[-69,47],[-44,8],[-14,-24],[-37,8],[-10,-36],[-77,-34],[-42,3],[-47,-59],[-27,-3],[-67,-57],[7,-31],[-55,-24],[-3,-52],[-114,-31],[-25,-35],[-34,38],[-37,15],[-27,3],[-18,-37],[-32,40],[-10,-73],[30,-44],[52,-52],[8,-31],[40,-27],[27,12],[64,-30],[16,-32],[-60,-53],[-100,-6]],[[76247,45490],[-19,12],[-76,8],[-13,-31],[-38,-3],[-19,21],[-35,-12],[-20,46],[-33,-4],[-33,30],[-6,29],[-47,9],[1,49],[-19,51],[-51,30],[-28,-11],[-44,11],[-67,-1],[-32,98],[-42,32],[-32,9],[-65,130],[-59,-13],[-27,-24],[-153,1],[-31,12],[-48,-14],[-105,33],[-16,69],[-43,49],[-19,16],[-54,-58],[-50,23],[-28,-36],[2,-42],[-54,6],[-42,-22],[-39,80],[-31,23],[-32,68],[-44,48],[-42,-27],[-36,55],[-44,19],[-35,72],[-18,14],[-62,-22],[-26,-23],[5,-53],[-58,-24],[-41,55],[12,31],[-79,82],[-30,0],[-4,-52],[-55,-47],[-58,-19],[-47,7],[-27,79],[-78,12],[-31,20],[-32,-69],[-1,-33],[-63,-66],[-68,0],[-27,-25],[-68,10],[-43,-55],[-52,-5],[-51,-74],[-27,27],[-30,3],[-67,29],[-23,26],[-52,6],[-46,-27],[-40,-3],[-48,24],[-85,-15],[-25,275],[-32,351],[-14,15]],[[73008,46785],[-174,177],[-52,60],[-80,76],[-674,695],[-106,-40],[-55,1],[-7,-37],[-48,-54],[-70,-28],[-9,-30],[-47,-3],[-92,43],[-82,-19],[-94,-24],[-25,-28],[-26,11],[-5,36],[-60,86],[-59,42],[-9,53],[-40,30],[-21,-35],[-90,0],[-54,-24],[-39,-41],[-43,20]],[[77504,50866],[-63,-150],[-8,-40],[-28,-37],[-19,-50],[5,-38],[74,-27],[1,-34],[39,1],[29,-85],[25,-27],[-42,-128],[7,-19],[130,-24],[153,121],[51,17],[69,2],[68,26],[89,-48],[64,0],[114,38],[8,35],[55,23],[9,40],[-26,57],[-26,14],[4,49],[24,32],[16,51],[-1,45],[-25,59],[2,62],[24,51],[51,27],[26,34]],[[78403,50943],[34,-34],[18,-56],[1,-82],[-25,-96],[-38,-256],[-48,-170],[-6,-70],[-16,-27],[-8,-98],[-15,-97],[27,-49],[-11,-82],[-24,-82],[-4,-65],[-30,-141],[-23,-148],[-20,-60],[-2,-82],[-37,-133],[-21,-100],[-9,-185],[11,-143],[26,-66],[41,-40],[15,-32],[-3,-63],[13,-229],[21,-53],[28,-117],[5,-73],[-3,-202],[3,-76],[-2,-262],[13,-166],[9,-34],[30,-211],[6,-41],[38,-146],[20,-107],[8,-83],[-2,-149],[13,-168],[31,-137],[18,-9],[36,-120],[-3,-11],[12,-9],[57,-141],[19,-23],[-7,-93],[-52,-125],[-51,-157],[-14,-68],[-38,-95],[-35,-127],[-21,-85],[21,-80],[-59,-121],[-93,-122],[7,-30],[-18,-59],[3,-95],[32,-44],[-14,-41],[7,-51],[-36,-11],[-31,-36],[-50,-110],[1,-93],[-50,-159],[-5,-101],[-19,-85],[8,-50],[-8,-65],[-19,-29],[-3,-90],[-76,-129],[-15,-109],[6,-198],[29,-41],[38,-25],[-28,-21],[-63,-99],[-7,-97],[-39,-88],[3,-59],[-18,-113],[-6,-84],[-35,-35],[-32,-88],[-4,-129],[5,-67],[-16,-57],[-5,-63],[9,-130],[27,-129],[3,-47],[29,-107],[-2,-232],[8,-62],[-14,-46],[8,-52],[46,-105],[74,-112],[-35,-59],[-71,-68],[10,-40],[-44,-37],[-17,-30],[-118,-140],[-13,-33],[-11,-72],[-105,-48],[-55,-10],[-45,-27],[-69,-27],[-111,-76],[-62,-68],[-49,-68],[-64,-110],[-71,-165],[-73,-105],[-113,-228],[-4,-37],[-34,-98],[-11,-93],[-19,-19]],[[76803,39515],[-50,28],[-499,364],[-455,332],[-238,175],[-1,1]],[[75560,40415],[-10,57],[-74,47],[-9,46],[114,67],[87,113],[-17,40],[-37,21],[-18,65],[-27,18],[10,110],[-23,47],[-36,-2],[-35,40],[-38,-20],[-51,71],[-8,64],[-53,34],[-2,52],[-53,71],[-3,-45],[-29,-15],[-14,47],[-27,18],[-38,-37],[-15,36],[-33,32],[10,64],[-32,19],[-38,-31],[-34,27],[-33,89],[-31,35],[13,81],[-27,4],[-58,78],[3,24],[-82,35],[-47,51],[-45,-18],[-25,7],[-31,37],[52,29],[1,70],[-15,15],[7,45],[-15,37],[32,8],[51,74],[55,28],[-32,29],[-21,50],[29,57],[-7,55],[20,26],[-12,34],[-33,9],[-13,84],[36,67],[12,87],[-30,24],[-3,37],[26,62],[10,72],[27,79],[62,51],[22,82],[20,34],[11,77],[27,27],[46,-5],[18,-31],[38,9],[48,-26],[25,17],[53,11],[30,31],[74,-86],[36,7],[29,34],[16,-30],[44,28],[9,58],[44,26],[3,74],[-16,63],[-27,29],[-36,-21],[-19,18],[-65,-12],[-26,33],[5,48],[52,93],[13,54],[-7,39],[-14,47],[34,88],[24,112],[27,70],[34,-3],[68,33],[40,-30],[30,8],[88,-25],[-3,55],[-24,88],[69,73],[55,77],[6,33],[37,10],[38,-40],[31,18],[9,67],[36,23],[29,77],[18,91],[16,22],[49,45],[12,47],[27,3],[40,-28],[18,62],[44,36],[36,0],[-8,51],[-35,51],[80,105],[37,21],[1,79],[-10,33],[60,67],[9,28],[-40,51],[-21,72],[-86,96],[-30,12],[46,61]],[[78567,54436],[40,-14],[-3,-49],[44,-18],[10,-37],[58,-11],[37,-31],[-32,-71],[23,-64],[4,-61],[-35,-34],[-36,-57],[-41,-13],[15,-39],[-6,-35],[33,-111],[21,-37],[-23,-32],[-8,-81],[-30,-49],[42,-31],[60,41],[101,36],[125,55],[6,-39],[39,-72],[46,-37],[89,-48],[75,-49],[53,-65]],[[79274,53383],[-121,-29],[24,-72],[-24,-64],[-37,-30],[-57,-96],[-34,-10],[-56,-47],[-35,-12],[-51,-72],[-31,-16],[-28,-61],[-80,-45],[-15,-28],[-35,-6],[-71,-45],[-34,-48],[-120,-69],[-23,-14],[-42,-69],[-26,-77],[-15,-122],[3,-56],[16,-59],[26,-48],[14,-24],[57,59],[30,-30],[0,-81],[36,-84],[-19,-55],[-22,-20],[-12,-59],[-33,-23],[-12,-40],[-8,-89],[19,-41],[55,-57],[-10,-49],[40,-17],[-4,-83],[-60,-40],[-13,39],[-30,4],[-65,-56],[1,-26],[-51,-71],[-22,-75],[-5,-100],[36,-106],[33,-47],[40,-74]],[[80525,62108],[-42,-67],[9,-29],[-47,-80],[-3,-49],[16,-32],[53,-51],[6,-43],[-83,-118],[13,-132],[22,-68],[68,-70],[48,-26],[5,-107],[-19,-35],[-7,-54],[-27,-54],[21,-25],[37,-93],[27,-34],[46,10],[27,2],[28,-26],[88,-8],[94,-50],[19,-30],[2,-63],[0,-3],[7,-55],[38,-109],[59,-87],[7,-28],[-14,-47],[1,-63],[32,-22],[55,-311],[14,-39],[-61,-30],[-48,-4],[-9,-21],[-81,-55],[-37,-36],[3,-35],[-27,-26],[-16,-44],[84,-138],[12,-84],[-10,-57],[-32,-50],[9,-65],[37,-273],[-356,-163],[-60,-25],[-53,2],[-13,69],[-45,66],[-22,5],[-47,-8],[-28,25],[-24,-23],[-33,6],[-16,-25],[-33,0],[-72,21],[-17,21],[-46,-14],[-26,-3],[-12,-35],[9,-87],[-18,-58],[-35,-33],[-19,-78],[29,-47],[-16,-29],[-3,-65],[19,-48],[7,-50],[24,-29]],[[80043,58489],[-163,-399],[-47,35],[-69,-8],[-35,-28],[-120,-36],[-15,-24],[-49,-19],[-9,-49],[11,-61],[-19,-28],[53,-78],[5,-25],[90,-97],[16,-45],[69,1],[44,-51],[35,-66],[74,-14],[44,-18],[27,-33],[71,-44],[-53,-25],[-69,-69],[2,-47],[-73,-459],[-444,218],[-1,36],[-90,61],[-618,229]],[[77495,64588],[27,-29],[74,0],[58,-14],[31,-51],[0,-33],[20,-48],[35,-25],[5,-151],[25,-55],[75,-14],[45,12],[27,38],[27,-39],[29,-15],[93,-19],[84,-30],[70,-12],[42,-45],[58,-46],[25,-54],[53,-28],[58,21],[163,29],[107,-9],[23,-14],[128,-132],[51,-21],[23,-24],[19,-50],[10,-94]],[[78980,63636],[8,-68],[42,-76],[31,-20],[50,-11],[25,18],[33,63],[4,159],[39,94],[44,67],[41,20],[102,-27],[60,-43],[22,-41],[-21,-92],[-76,-67],[-15,-50],[13,-32],[24,-55],[43,-50],[78,-65],[76,-31],[26,3],[40,32],[52,61],[50,27],[37,1],[47,-61],[29,-58],[-1,-27],[-30,-38],[-39,-21],[-12,-28],[45,-53],[-34,-39],[6,-62],[13,-19],[54,-61],[19,-74],[-16,-41],[83,-188],[29,-101]],[[80043,58489],[81,-52],[-15,-39],[29,-58],[64,-36],[31,-42],[21,28],[37,-16],[4,-74],[28,-24],[31,-65],[-36,-58],[21,-48],[30,-3],[9,-36],[-9,-54],[56,-64],[44,3],[59,-52],[38,2],[16,-68],[-30,-18],[15,-47],[-26,-33],[19,-30],[-35,-44],[4,-36],[42,-115]],[[80571,57410],[33,-108],[34,-13],[-3,-38],[39,-31],[17,49],[51,-17],[13,-69],[44,9],[65,-41],[-28,-41],[48,-24],[41,-43],[30,-65],[24,-12],[91,-10],[21,-30],[111,-60],[56,-20],[31,64],[-2,31],[69,33],[26,-46],[38,-10],[33,31],[21,-60],[22,30],[36,-19],[79,-2],[5,33],[25,26],[90,4],[62,25],[80,69],[62,82],[45,32]],[[81980,57169],[15,-51],[-93,-107],[-76,-144],[-136,-309],[-61,-143],[-12,-14],[-3,-22],[-95,-231],[-81,-211],[-54,-125],[-7,-61],[-142,-246],[-10,-42],[-49,-91],[-73,-114],[-43,-79],[6,-6],[-69,-115],[-60,-79],[-137,-233],[-37,-40],[0,-13],[-133,-207],[-39,-71],[-25,-73],[-43,-81],[-65,-46],[-25,-44],[-12,-58],[-63,-56],[-31,-48],[-74,-80],[-41,-61],[-101,-133],[-21,-17],[-39,-69],[-41,-43],[-33,-55],[-68,-57],[-38,-50],[-87,-117],[-51,-35],[-50,11],[-51,-26],[-157,-132],[-136,13],[-112,20],[53,117],[-6,88]],[[73098,79004],[142,95],[57,-14],[95,-4],[23,10],[115,-17],[62,-18],[6,22],[47,-10],[154,11],[104,28],[14,23],[81,-6],[46,31],[105,-8],[17,-44],[66,14],[59,28],[30,31],[36,10],[61,-6],[94,3],[53,11],[48,-7],[130,17],[30,14],[24,23],[66,28],[31,39],[-4,26],[55,21],[94,-51],[43,-18],[99,-7],[43,10],[85,12],[101,-12],[74,3],[93,-17],[70,-1],[79,-60],[52,40],[55,-7],[52,-37],[62,9],[59,-17],[18,17],[61,-13],[78,-48],[21,2],[65,-47],[21,7],[122,-80],[27,-31],[97,-77],[47,-17],[56,-60],[78,-52]],[[76697,78803],[8,-44],[-350,-270],[6,-41],[-12,-85],[-77,-89],[30,-51],[-19,-73],[-22,-50],[-5,-34],[-26,-17],[-28,-57],[-15,-54],[-35,-32],[-70,-43],[-15,-98],[-27,-51],[-44,-34],[4,-26],[-36,-68],[10,-56],[-22,-75],[1,-81],[9,-23],[-21,-40],[-42,-32],[61,34],[47,-5],[101,15],[-21,-90],[-51,-87],[-25,-122],[11,-47],[8,-127],[81,-41],[116,-435],[-186,125],[18,-81],[100,-82],[29,-60],[57,-31],[-3,-93],[42,-23],[51,3],[0,-57],[50,-36],[-9,-51],[38,-39],[49,-11],[52,-107],[48,-36],[-32,-39],[29,-80],[6,-65],[49,-24],[45,-54],[-19,-50],[13,-30],[-4,-66],[57,-84],[-5,-42],[-92,-64],[32,-43],[28,-118],[-4,-42],[-65,-49],[-19,-49],[40,-52],[41,10],[48,-6],[42,-34],[8,-50],[-85,-64],[-42,2],[-28,-28],[-23,-48],[-2,-47],[52,4],[24,-50],[32,-27],[-26,-52],[-26,-61],[-146,32],[17,-90],[-57,32],[-41,-22],[-30,6],[-42,-64],[4,-31],[-27,-40],[-67,2],[-31,37]],[[76217,74255],[8,101],[-301,44],[-120,-90],[-35,-117],[-38,-24],[-80,52],[-33,-10],[-57,7],[-53,29],[-62,21],[-30,54],[-62,54],[-1,97],[-18,14],[-32,75],[-5,4],[-79,255],[-15,10],[-174,53],[-113,55],[-176,-129],[10,-52],[-10,-51],[-32,-54],[-54,-7],[-78,-167],[-21,-41],[-137,-29],[-12,15],[-56,5],[-60,-15],[-42,19],[-41,-30],[-41,-4],[-62,12],[-36,-8],[-148,1],[-19,74],[-24,-5],[-29,74],[-48,24],[-33,32],[-71,28],[-33,33],[-40,4],[-27,27],[-106,8],[-46,38],[-37,-19],[-16,37],[-58,-15],[-11,25],[-40,1]],[[73283,74770],[40,15],[30,49],[11,52],[29,33],[3,69],[26,54],[1,62],[39,84],[-4,59],[21,33],[42,88],[31,41],[1,45],[-37,188],[81,131],[1,1],[18,29],[-61,14],[-16,51],[-31,62],[51,171],[-9,46],[-108,8],[-32,39],[-37,-1],[-128,-42],[39,46],[-22,69],[45,55],[20,69],[-20,76],[-37,40],[-4,36],[-44,50],[-22,95],[-39,18],[66,69],[24,42],[-16,45],[9,71],[40,23],[0,21],[-36,24],[-53,7],[-15,22],[-49,19],[-33,-8],[-43,18],[23,144],[-30,92],[-52,26],[1,43],[69,20],[25,50],[-3,37],[14,57],[48,17],[-68,12],[0,53],[-41,34],[7,85],[-18,21],[-80,-4],[-33,41],[6,48],[-31,72],[37,57],[5,60],[164,319],[-14,46],[39,65],[122,124],[-12,96],[30,51],[-19,67],[-30,56],[-4,30],[-58,6],[-42,21],[-13,23],[1,77]],[[76217,74255],[-23,-24],[17,-45],[-39,-38],[-2,-26],[56,-98],[63,-54],[2,-24],[-76,-47],[-11,-27],[-38,0],[-39,-58],[20,-150],[-1,-61],[-28,1],[4,-48],[-58,-65],[-12,-32],[-76,-46],[-289,-159],[54,-11],[20,17],[43,-11],[34,9],[14,-23],[37,18],[18,-35],[71,-10],[18,-70],[-33,-68],[-2,-62],[-26,-79],[56,-12],[19,-80]],[[76010,72837],[-11,-41],[-68,-39],[-5,-97],[-17,-77],[23,-20],[0,-71],[19,-12],[-14,-54],[53,-20],[-2,-30],[39,-31],[-15,-49],[-33,-67],[-93,-42],[47,-41],[8,-49],[-4,-62],[-42,-63],[16,-60],[39,-18],[8,-38],[50,0]],[[76008,71856],[35,-18],[-5,-44],[12,-62],[-14,-40],[38,-13],[39,-107],[27,10],[62,-22],[25,-34],[-32,-45],[-48,-37],[73,-43],[28,-33],[53,12],[44,36],[8,-39],[-20,-21],[53,-45],[34,-13],[13,-89],[-7,-33],[-28,-36],[-34,-14],[-60,-99],[-37,-6],[-10,-56],[-55,-54],[-34,-1],[-28,-20],[13,-30],[33,-13],[69,62],[49,-47],[-4,-40],[-2,-40],[-20,-38],[13,-39],[-25,-20],[-43,-72],[-31,5],[-59,-30],[-52,-38],[-26,12],[-34,-20],[-20,-79],[8,-34],[-16,-31],[-45,1],[-6,-40],[-23,-26],[-5,-54],[-47,-109]],[[75867,70170],[-73,52],[-84,-15],[-71,-28],[-35,-32],[-31,4],[-57,-42],[-97,31],[-23,-27],[-73,-27],[-55,-25],[1,-26],[-45,-37],[6,-38],[-49,-62],[-108,-35],[-18,-61],[-27,-41],[-52,0],[-101,-26],[-31,-27],[-78,3],[-29,-38],[3,-29],[-21,-52],[-38,-29],[-50,2],[-29,-23],[-47,-1],[-39,37],[-107,-1]],[[74409,69577],[-8,58],[-32,59],[-74,79],[-6,58]],[[74289,69831],[-14,78],[6,27],[-5,82],[-20,90],[53,106],[3,61],[-15,57],[-53,47],[-30,74],[-64,87],[11,55],[-13,109],[16,56],[-26,85],[-35,127],[-29,22],[-48,6],[9,61],[31,44],[6,37],[30,42],[-14,140],[-39,44],[9,44],[-27,89],[-8,61],[7,62],[-10,106],[-16,39],[8,51],[-32,53],[-5,46],[-18,33],[53,34],[16,45],[12,89],[-21,33],[-9,78],[-37,40],[-9,58],[17,21],[-10,44],[9,45],[24,24],[-9,66],[-30,21],[-18,42],[51,16],[22,26],[-13,45],[-27,35],[-15,26],[5,42],[34,29],[12,77],[-31,28],[6,57],[28,21],[-54,60],[31,43],[-22,65],[15,49],[-8,27],[-46,12],[-28,40],[-51,0],[-9,32],[-84,74],[-26,50],[-28,-31],[-71,38],[-33,88],[-79,12],[25,63],[-8,46],[-59,36],[-36,66],[-49,66],[-29,-22],[-47,58],[-25,46],[13,45],[-48,54],[23,39],[-9,67],[24,33],[20,64],[35,26],[-10,22],[-79,26]],[[73265,74288],[54,105],[48,48],[46,72],[-47,92],[-60,46],[-9,29],[28,76],[-42,14]],[[75867,70170],[19,-81],[85,-102],[-25,-34],[-23,-120],[17,-53],[40,-50],[-2,-41],[19,-67],[-39,-16],[-30,-85],[39,-14],[8,-26],[-46,-90],[97,-13],[20,-23],[61,10],[83,-76],[24,38],[86,45],[119,2],[13,-52],[49,30],[75,70],[7,84],[79,42],[-2,-54],[20,-21],[39,14],[23,-22],[73,9],[26,-29],[7,-58],[17,-29],[4,-132],[60,-13],[48,-23],[-43,-100],[35,-42],[2,-42],[24,-21],[5,-47],[45,17],[-26,27],[25,40],[1,71],[51,51],[72,-23],[24,59],[52,-2],[34,-57],[46,-30],[57,17],[-1,25],[44,45],[35,-36],[33,17],[18,-21],[44,14],[26,-12],[59,41],[8,53],[-60,-8],[-26,31],[40,56],[12,42],[51,31],[5,51],[20,65],[-39,53],[-45,12],[9,49],[41,57],[123,-54],[21,0],[46,-62],[36,-5],[44,-27],[-22,-54],[27,-61],[23,-25],[38,8],[33,-52],[-1,-43],[47,-14],[87,23],[36,23],[-22,63],[40,-6],[64,34],[43,6],[39,-12],[40,26],[85,107],[12,118],[10,-25],[86,-17],[14,-23],[-7,-55],[49,-89],[17,-51],[-34,-56],[26,-55],[-1,-22],[45,-46],[-2,-21],[86,-72],[-74,-13],[15,-57],[8,-122],[-50,0],[-46,-29],[82,7],[15,-20],[60,2],[25,-13],[-20,-51],[-2,-43],[44,-14]],[[78820,68781],[13,-14],[8,-61],[30,-88],[-19,-34],[-32,-16],[30,-8],[48,-38],[87,-44],[4,-29],[44,-19],[-16,-50],[46,-64],[-5,-28],[-42,-71],[9,-139],[66,4],[43,-20],[12,-75],[9,-24],[62,-48],[55,17],[20,-25],[27,-36],[16,-63],[-33,-61],[-1,-57]],[[79301,67690],[-18,-45],[-46,-66],[-11,-47],[-27,-44],[28,-12],[-4,-38],[-46,-25],[0,-34],[-73,0],[-6,-30],[22,-33],[-33,-50],[-22,-158],[-48,-18],[-26,-29],[-50,-12],[-9,-90]],[[78932,66959],[-5,-13],[-44,-24],[-13,-62],[-40,11],[-51,-29],[-64,-3],[-27,-25],[20,-25],[-15,-68],[-54,-15],[-53,23],[-22,-30],[-4,-62],[-30,-8],[-46,16],[-59,-47],[-10,-48],[14,-26],[-30,-71],[-26,-27],[6,-37]],[[78379,66389],[-9,-4],[-36,-1],[-50,26],[-26,61],[-28,-32],[-56,14],[-24,-52],[-63,-46],[11,64],[-6,59],[-25,59],[-2,40],[-8,27],[-39,44],[-20,42],[-31,22],[-55,8],[-47,45],[-36,21],[-33,-19],[-62,-4],[-5,54],[-39,44],[-82,-13],[7,94],[22,39],[1,36],[-42,75],[-11,63],[0,10],[-95,86],[-20,35],[-63,49],[-16,-1],[-37,26],[-43,15],[-26,16],[-62,18],[-40,66],[-35,19],[-78,62],[-49,33],[-67,84],[-117,54],[-27,31],[-53,-14],[-137,-11],[-91,-31],[-59,8],[-30,-9],[-64,18],[-73,-37],[-32,3],[-25,1],[-37,-56],[-66,-74],[-51,-15],[-49,16],[-38,-26],[-124,-3],[-159,-37],[-216,-50],[-58,107],[-41,11],[-64,34],[-77,-22],[-86,-10],[-124,-12],[-121,8],[-105,-11]],[[74830,67546],[18,123],[-2,32],[41,37],[25,47],[-9,90],[12,99],[20,95],[38,142],[-12,37],[68,103],[36,78],[35,37],[-1,39],[49,34],[-50,23],[-1,122],[10,29],[-18,74],[9,113],[29,13],[30,49],[34,26],[37,69],[-41,16],[-63,-40],[-34,-1],[-24,59],[-20,15],[-14,67],[-42,64],[-91,6],[-99,26],[-90,11],[-68,44],[-42,53],[-132,5],[-49,56],[23,94],[-33,45]],[[76697,78803],[55,14],[31,-21],[48,-54],[36,12],[42,-19],[51,-101],[102,-36],[66,-59],[76,-40],[35,-49],[116,-44],[40,-48],[40,-27],[37,24],[50,-14],[20,-31],[51,-41],[86,-33],[51,-3],[47,-44],[89,-122],[49,-94],[19,-20],[49,-37],[59,-4],[48,-95],[56,-51],[72,-15],[59,36],[29,-3],[64,-57],[77,-117],[24,-63],[27,-38],[40,-1],[71,-75],[67,-33],[39,16],[14,-18],[89,-138],[37,-38],[58,-25],[57,-41],[70,-82],[53,-31],[112,-13],[30,-6],[99,-63],[81,-17],[40,9],[29,32],[63,-142],[86,-151],[84,-149],[93,-106],[42,-32],[69,-23],[113,-159],[38,-60],[28,-24],[102,-160],[66,-112],[79,-83],[74,-90],[35,-29],[46,-57],[54,-37],[68,-86],[105,-104],[87,-79],[49,-34],[35,-8]],[[80900,75260],[3,-51],[-78,-2],[-39,-26],[-51,33],[-90,4],[-4,-47],[-34,-21],[-12,-52],[19,-71],[20,-24],[-35,-87],[15,-34],[-45,-40],[-22,-45],[15,-53],[-44,-34],[-44,-5],[-28,21],[-85,-5],[-19,10],[-46,-19],[-5,-50],[-41,-6],[-56,10],[-73,-21],[-72,84],[-44,40],[-130,78],[-64,63],[-55,14],[-31,32],[-48,-45],[37,-63],[-8,-86],[-79,-49],[-65,-105],[-54,-44],[-21,21],[-76,-20],[-33,-51],[-29,-17],[-100,23],[-22,-4],[-91,-66],[-65,39],[-33,59],[-44,17],[-31,104],[-47,-20],[-31,6],[-62,-10],[-9,-4],[-33,-20],[-18,-40],[-28,-7],[-24,-55],[-68,-2],[-35,19],[-32,-38],[-21,-76],[-77,-57],[-13,-20],[-44,-4],[-18,61],[-31,31],[35,50],[-9,47],[-56,-4],[3,21],[-42,33],[-44,13],[-74,5],[-40,-34],[-25,33],[-70,-5],[-25,44],[-21,-6],[-63,-16],[-44,-50],[-51,23],[-8,-19],[-55,0],[-37,24],[-83,-22],[-24,-29],[-4,-67],[-19,-41],[-54,-26],[-73,-60],[-15,33],[-1,0],[-7,-40],[38,-25],[76,68],[38,3],[13,-23],[-22,-53],[-24,3],[-53,-48],[-5,-60],[-5,-47],[-44,-95],[24,-26],[16,-92],[-30,-44],[-11,-47],[14,-17],[11,-73],[-18,-27],[-52,55],[-19,70],[-61,-56],[-59,-14],[-41,-21],[-32,-43],[22,-78],[-72,-106],[-284,23],[-10,-30],[36,-69],[45,-41],[39,5],[68,-46],[36,-14],[-201,-349],[-6,-137],[9,-36],[-21,-35],[-22,11],[-32,-16],[-8,-44],[-19,-18],[-78,5],[-16,-30],[-38,-18],[-15,27],[-49,4],[-60,-31],[-39,-53],[-18,44],[-21,-4],[-63,43],[-68,-16],[-49,-60],[-82,54],[-19,65],[13,42],[-117,-38],[-28,24],[-30,-2],[-13,33]],[[76008,71856],[-25,14],[-38,88],[29,60],[39,22],[19,33],[46,-20],[79,14],[31,-22],[29,40],[46,-50],[32,28],[66,7],[33,15],[18,53],[40,81],[16,4],[73,-51],[87,15],[1,-33],[110,-19],[3,-25],[34,-25],[33,20],[71,19],[-4,-85],[103,82],[37,-1],[37,-22],[25,7],[63,-42],[33,32],[39,5],[2,-49],[24,-22],[68,-36],[-42,-79],[-32,-3],[-2,-32],[21,-24],[32,-69],[40,26],[239,-147],[-33,-58],[-5,-63],[45,-31],[-42,-17],[-20,-29],[5,-41],[-37,-92],[19,-27],[-23,-56],[34,-13],[-26,-75],[58,-54],[42,-10],[31,34],[62,-32],[26,20],[69,-9],[13,31],[58,6],[13,76],[59,-12],[58,9],[33,-66],[40,17],[87,-52],[30,-1],[19,-71],[49,-1],[-8,48],[51,0],[9,-29],[45,-26],[2,-129],[18,-69],[13,8],[48,55],[28,6],[70,-20],[-2,-67],[8,-68],[52,-20],[43,35],[20,-11],[69,36],[47,6],[35,15],[42,-21],[46,32],[58,-60],[-26,-41],[-10,-41],[25,-88],[88,-27],[65,50],[4,20],[84,39],[35,-19],[29,-63],[36,-25],[9,-27],[37,-31],[72,27]],[[79369,70543],[-20,-43],[-38,-14],[-19,-46],[-57,-42],[21,-34],[8,-29],[-34,-38],[11,-72],[31,-22]],[[79272,70203],[-20,-42],[-45,-15],[11,-41],[34,-26],[46,16],[61,-23],[-70,-78],[-32,-45],[-1,-39],[-55,-77],[-39,-33],[4,-49],[8,7],[-44,-60],[-36,-72],[30,-60],[-39,-30],[-5,-29],[-18,-38],[23,-30],[-12,-49],[-47,-62],[1,-24],[37,-60],[9,-69],[52,-53],[34,-12],[-8,-30],[-51,13],[10,-40],[-33,-10],[-26,-39],[-36,-24],[13,-35],[-7,-39],[-43,-32],[-32,0],[-11,-30],[-37,-27],[-58,-18],[-20,-18]],[[80900,75260],[48,-34],[99,-14],[14,-52],[-13,-13],[40,-43],[19,-73],[31,-65],[38,-49],[50,-39],[80,-106],[102,-107],[94,-63],[58,-13],[93,47],[49,-54],[105,-41],[42,-25],[77,-22],[116,-52],[63,-67],[37,-69],[19,-79],[43,-118]],[[82204,74109],[-8,-16],[-225,-59],[-199,-53],[-47,-12],[-388,-103],[-44,-183],[-37,-134],[-1,-6],[-2,-4],[-2,-3],[-71,-15],[-31,-23],[-20,-78],[-71,-100],[-25,-122],[-25,-43],[-2,-39],[11,-61],[-19,-66],[21,-46],[-10,-27],[-58,-50],[-51,-48],[-27,-12],[-36,-87],[7,-84],[-46,-75],[-18,-38],[-7,-77],[-22,-51],[-73,-11],[-35,-81],[-89,-49],[-17,-31],[-1,-44],[-35,-24],[-45,-109],[-43,-23],[-66,-68],[0,-66],[-15,-42],[95,-47],[-24,-39],[-35,-76],[-61,-68],[-41,-73],[6,-39],[-14,-86],[-45,-51],[-4,-31],[-33,-27],[-2,-2],[-8,-36],[-26,-37],[-19,8],[-41,-30],[-95,-96],[-17,-27],[-1,-85],[-50,-58],[-71,-54],[-30,26],[-44,-2],[-57,-28],[-26,23],[-11,67],[-52,-10],[-18,-3],[-45,-50],[-32,-19],[15,-29],[-38,-29],[-35,-72],[-5,-53],[-56,-59],[-2,-28],[-57,-7],[-5,-52],[21,-24]],[[59705,45400],[-2,-40]],[[59703,45360],[-838,0],[-470,-2],[-296,0],[-136,-1],[-431,1],[19,81],[-5,29],[28,67],[-2,37],[20,35],[-16,63],[-38,-2],[13,48],[-15,14],[12,63],[-33,99],[10,35],[32,58],[42,16],[38,59],[42,46],[15,34],[-1,72],[-24,26],[-53,14],[15,112],[5,51],[31,42],[42,2],[2,30],[-3,282],[142,0],[817,-1],[476,0],[318,0],[-1,-119],[29,1],[34,-54],[44,-30],[50,1],[56,-49],[-23,-87],[13,-41],[0,-66],[33,-86],[-17,-33],[16,-52],[-72,-147],[-16,-50],[-31,-28],[-11,-113],[-15,-37],[35,-85],[-20,-52],[-12,-88],[17,-70],[46,-11],[44,-54],[45,-20]],[[72900,34709],[1,-60],[24,-11],[56,48],[-6,26],[49,19],[24,-6],[5,-68],[-15,-37],[57,-21],[42,-52],[-34,-13],[13,-49],[-40,-21],[-48,-6],[-17,-42],[8,-71],[41,-95],[38,-29],[20,-62],[-7,-94],[-27,-100],[63,-62],[39,60],[65,24],[40,-6],[62,30],[-42,67],[21,36],[47,31],[0,-38],[66,-13],[3,54],[54,-14],[44,18],[25,30],[24,-55],[45,-19],[29,-47],[32,0],[-7,-21],[37,-41],[77,40],[-12,28],[0,56],[23,25],[27,-29],[4,-48],[39,-30],[-9,-30],[30,-47],[0,-79],[-15,-35],[21,-25],[-26,-63],[36,-64],[35,4],[51,-36],[7,-52],[-52,-77],[9,-37],[52,-22],[52,43],[59,-39],[41,-5],[25,-8],[74,-87],[-31,-37],[16,-41],[39,17],[29,-53],[2,-48],[-130,-165],[0,-98],[155,67]],[[74359,33024],[0,-35],[-92,-143],[-18,-58],[-6,-98],[11,-24],[-17,-81],[-33,-28],[-63,-208],[-55,-40],[-23,-35],[-38,-27],[-40,-61],[-71,-140],[-10,-61],[10,-81]],[[73914,31904],[-62,38],[-26,4],[-17,85],[-46,15],[-36,-22],[-32,43],[-71,45],[-38,2],[-33,-27],[-41,6],[-10,-28],[-78,-15],[-51,2],[-93,59],[-80,-49],[-61,31],[-29,37],[-47,16],[-177,19],[-41,-41],[-77,34],[-41,57],[-23,-12],[-31,24],[-83,-15],[-20,22],[-50,12],[-14,48],[-53,-16],[-41,29],[-38,3],[-111,72],[-46,-25],[-2,50],[-41,6],[30,74],[-22,18],[12,89],[20,20],[-10,56],[23,56],[-19,75],[-30,20],[-8,41],[32,13],[9,121],[-18,28],[-33,-21],[-9,50],[17,50],[-6,40],[-77,47],[-75,-9],[-44,18],[-21,40],[-33,40],[-50,-4]],[[71862,33275],[-5,49],[39,13],[3,61],[17,60],[26,31],[26,69],[32,8],[-16,65],[-68,17],[-5,35],[26,18],[15,82],[25,38],[34,8],[9,31],[-18,50],[10,63],[19,43],[0,1],[-9,141],[-74,33],[-19,82],[-31,10],[12,59],[21,42],[48,59],[44,30],[47,12],[16,89],[25,107],[15,29],[204,0],[570,-1]],[[72900,34709],[-1,1],[5,23],[61,23],[98,258],[12,78],[32,42],[21,64],[1,49],[-25,48],[18,17],[9,60],[19,29]],[[73150,35401],[60,-14],[40,27],[24,-12],[34,79],[49,5],[43,31],[8,110],[44,109],[-22,52],[-2,49]],[[73428,35837],[55,8],[59,-26],[-2,-37],[63,3],[96,65],[48,-73],[29,19],[25,-56],[35,2],[33,12],[76,-16],[13,-40],[-44,-28],[20,-27],[-1,-48],[72,45],[48,5],[25,22],[134,-143],[16,10],[-23,51],[35,55],[71,36],[13,42],[24,-43],[73,1],[53,38],[-6,66],[36,42],[136,-4],[127,73],[91,17],[39,-16]],[[74897,35892],[-13,-62],[29,-33],[16,-50],[-21,-63],[19,-70],[34,7],[19,-37],[37,-12],[51,29],[15,-63],[22,-24],[1,-36],[115,2],[43,-16],[19,14],[30,2],[2,-69],[49,-47],[15,-51],[48,-15],[30,-45],[66,-38],[42,15],[61,-24],[87,-1]],[[75713,35205],[-18,-69],[-45,-3],[-20,-38],[40,-47],[-5,-106],[-20,-89],[-1,-61],[-29,-108],[-35,-59],[-37,-48],[-20,-56],[-51,36],[-37,-14],[-32,-41],[7,-36],[26,-26],[-27,-30],[10,-74],[-26,-22],[-42,-79],[-12,-80],[-63,-138],[-24,-109],[-38,-44],[-53,-102],[-5,-51],[-53,-96],[-20,-14],[-32,35],[-32,4],[-14,-44],[-59,-55],[-42,-113],[-39,-87],[-38,0],[-47,-65],[-12,23],[2,-38],[-17,-77],[-56,-9],[-28,-69],[-35,51],[-42,14],[-63,-50],[-41,-20],[-47,-33],[-54,-6],[-28,-38]],[[99920,33993],[79,-49],[-7,-26],[-91,19],[19,56]],[[73428,35837],[-36,54],[38,78],[-6,43],[19,68],[24,28],[45,9],[18,38],[48,13],[19,86],[21,22],[38,-4],[3,33],[78,36],[-17,89],[7,54],[-18,29],[6,40],[72,-48],[95,3],[2,27],[40,54],[7,39],[-39,84],[38,83],[45,23],[-18,98],[36,60],[33,35],[-56,33],[-25,43],[50,19],[12,33],[-33,20],[-24,54],[14,19],[18,35],[3,49],[-34,24],[2,44],[-17,56],[-33,51],[-59,50],[-34,2],[-19,25],[0,40],[-94,19],[-13,29],[-25,85],[22,45],[67,40],[-72,78],[-1,39],[-87,28],[-28,39],[-24,63],[-55,19],[-33,73],[-77,-11],[-32,-38],[-34,49],[-29,10],[12,51],[-17,36],[28,60],[187,-1],[35,2],[51,-108],[60,6],[131,-1],[137,-11],[61,26],[45,40],[-52,116],[-3,208],[-28,19],[-115,37],[-53,53],[-49,32],[26,36],[-6,38],[35,197],[23,132],[-18,50],[-334,37],[-20,9]],[[73412,39239],[35,62],[50,25],[-36,7],[2,54],[25,6],[2,66],[-26,115],[40,44],[100,92],[-18,108],[26,46],[81,43],[10,34],[54,20],[39,-25],[39,3],[14,50],[28,12],[44,-32],[7,52],[43,-6],[62,65],[61,-21],[72,-78],[89,-8],[24,-18],[52,10],[-4,124],[-254,274],[-36,35],[58,12],[31,-15],[34,53],[39,34],[12,-24],[38,30],[22,-13],[14,-37],[47,-38],[-2,-44],[43,-16],[60,22],[22,-9],[28,-49],[50,35],[43,-7]],[[74576,40332],[6,-32],[43,-22],[21,-50],[6,-50],[50,-69],[26,-21],[33,26],[45,-38],[-1,-68],[-10,-31],[25,-45],[-5,-24],[21,-66],[-29,-69],[-135,-145],[22,-43],[-7,-35],[17,-58],[55,1],[-6,-69],[26,19],[95,-13],[29,-50],[46,-26],[10,-42],[89,-8],[-28,-45],[26,-64],[-11,-75],[35,-40],[19,6],[38,-43],[-24,-24],[15,-45],[73,8],[65,-16],[58,-37],[2,-53],[34,16],[71,-6],[-116,-382],[-27,-49],[-100,-94],[1,-93],[-27,-38],[7,-45],[64,5],[60,7],[20,-13],[78,8],[79,19],[24,-15],[10,-42],[58,-38],[38,-11],[3,-60],[-183,-436],[-35,-21],[-49,16],[-58,-11],[-27,38],[-23,-35],[0,-1],[27,-32],[-55,-53],[-31,-55],[12,-60],[-20,-8],[-17,-48],[19,-35],[-42,-87],[3,-27],[-23,-52],[-7,-56],[-43,2],[-104,-56],[-17,-21],[-15,-86],[58,-62],[25,-39],[37,-28],[9,-57],[35,-59],[4,-54],[28,-95],[46,-32],[32,0],[43,-66],[4,-53],[-33,-13],[-4,-35],[32,-50],[8,-58],[-13,-13],[-102,-47],[-94,25],[-105,-95],[-38,-121],[20,-77]],[[76803,39515],[-20,-76],[-26,-63],[-92,-293],[-2,-198],[12,-60],[-29,-111],[-23,-159],[1,-123],[-8,-224],[13,-134],[3,-95],[47,-347],[7,-78],[35,-293],[27,-159],[5,-85],[-17,-157],[-12,-55],[-61,-196],[-125,-319],[-48,-106],[-2,-43],[-148,-52],[-85,-47],[-97,-75],[-110,-107],[-94,-114],[-23,-39],[-2,-53],[-90,-170],[-4,-36],[-71,-45],[-19,-33],[6,-54],[-38,-111]],[[74576,40332],[36,49],[44,7],[10,78],[27,59],[50,-4],[6,54],[37,5],[62,34],[30,28],[23,-7],[36,-44],[37,8],[45,-50],[42,24],[62,-21],[32,9],[37,-13],[42,15],[27,-20],[23,17],[49,-39],[31,-5],[76,-55],[46,-24],[74,-22]],[[47157,43409],[23,36],[30,12],[23,44],[33,-13],[48,38],[30,-15],[5,30],[51,49],[48,1],[-8,40],[22,45],[45,12],[-7,54],[18,50],[31,26],[-13,56],[71,-14],[-25,55],[-16,74],[51,-25],[6,56],[39,-27],[44,5],[-7,34],[25,46],[82,45],[-8,40]],[[47798,44163],[43,13],[24,-52],[62,38],[19,-76],[33,-9],[73,7],[46,-35],[40,18],[37,-11],[45,37],[53,7],[30,-32],[64,44],[25,4],[69,-43],[-5,-27],[57,-39],[74,-20],[32,-29],[39,47],[1,39],[27,65],[49,78],[37,108],[42,8],[11,-38],[33,22],[76,-7],[34,-15],[44,10],[27,-30],[37,-6],[32,-129],[60,-41],[32,-35],[21,-71],[33,-69],[40,-5],[15,-21],[81,-46],[42,43],[74,-64],[116,70],[89,69],[46,15],[24,-58],[80,-56],[71,46],[15,68],[24,-6],[62,14],[64,-17],[27,-29],[20,-48],[0,-39],[19,-24],[-71,-29],[-16,-38],[30,-48],[3,-62],[18,-20],[-31,-56],[-69,-7],[-1,-32],[-55,-62],[9,-69],[-35,-44],[28,-54],[0,-153],[55,-13],[48,88],[78,43],[62,-50],[73,4],[28,15],[46,-8],[9,28],[38,7],[16,29],[77,22],[17,75],[67,26],[48,-17],[29,53],[62,-3],[6,24],[60,21],[80,9],[42,85],[36,49],[12,-14],[-25,-66],[13,-79],[-9,-27],[43,-20],[24,-76],[25,1],[31,-36],[1,-31],[40,-10],[6,-55],[104,-16],[53,-111],[54,-42],[1,0],[50,-33],[67,-135],[50,-39],[54,-88],[17,-47],[28,-4],[37,-42],[41,-92],[66,-72],[76,0],[1,-30],[29,-15],[64,15],[41,-13],[26,-64],[100,-87],[-36,-40],[27,-39],[19,-53],[41,-24],[6,-34],[65,-97],[77,-19],[32,-23],[19,1],[66,-70],[116,-66],[12,-120],[-8,-46],[20,-27],[-1,-49],[-22,-28],[-58,-1],[-13,-55],[28,-54],[-28,-47],[20,-14],[64,-115],[99,-27],[24,36],[27,10],[47,55],[83,-2],[41,37],[53,-6],[45,24],[31,-40],[55,-3],[39,27],[1,51],[23,32],[28,-25],[53,40],[68,-18],[82,8],[31,-77],[-7,-34],[-41,-66],[24,-39],[3,-35],[-51,-13],[-12,-61],[-26,-4],[-4,-61],[29,-14],[-11,-40],[-39,-24],[4,-51],[63,-20],[82,-68],[67,69],[18,-27],[42,10]],[[53487,40915],[38,-37],[-10,-16],[44,-50],[75,-20],[47,-73],[-4,-27],[24,-69],[33,-8],[-9,-63],[-55,-35],[-26,-35],[-64,32],[-52,-7],[-15,-37],[-101,-72],[-39,-44],[-12,-47],[-38,-36],[15,-55],[-37,-39],[18,-42],[1,-77],[-45,6],[-8,-62],[21,-30],[47,-31],[-24,-92],[50,-5],[19,35],[40,10],[-26,-80],[-1,-61],[72,-20],[-3,-66],[-44,-98],[20,-32],[37,-26],[36,-60],[40,-2],[25,-77],[39,6],[61,43],[56,16],[45,26],[79,-33],[99,-85],[43,-49],[77,-196],[69,-19],[48,18],[33,-15],[4,-55],[-20,-31],[16,-72],[27,-27],[-22,-39],[-6,-53]],[[54224,38802],[-32,-9],[-26,-72],[-25,-6],[-56,29],[-36,-11],[-38,35],[-34,2],[-13,28],[-34,4],[-34,-29],[-61,-7],[-95,25],[-17,24],[-72,14],[-33,-5],[-26,-32],[-22,-76],[-41,-33],[-26,-41],[-189,20],[-77,-37],[-59,-7],[-56,10],[-58,-23],[-86,-36],[-39,-61],[-45,-91],[-41,-113],[-53,-47],[-66,-26],[-27,-113],[-17,-44],[-67,-70],[-73,-28],[-13,-51],[25,-62],[-8,-72],[20,-22],[-24,-98],[-58,-108],[-44,-47],[-40,-19],[-35,-47],[-156,10],[-54,-18],[14,-59],[-22,-30],[-114,-27],[-16,-15],[-3,-58]],[[52022,37253],[-13,-62],[-53,-53],[-39,-9],[-76,-83],[-15,-39],[-19,-90],[-51,-119],[-24,-31],[-9,-48],[15,-29],[67,-60],[31,-45],[-4,-32],[-34,-30],[-106,47],[-102,34]],[[51590,36604],[-36,62],[-78,37],[2,48],[-44,-7],[-3,36],[-34,23],[-22,67],[-26,44],[-48,39],[-53,59],[-86,13],[-39,41],[-55,0],[-31,13],[-13,35],[-81,27],[-38,-28],[-75,18],[-75,73],[1,38],[-63,-9],[-18,21],[-46,-21],[-13,55],[-49,11],[-43,38],[-20,39],[-40,-14],[-26,26],[-25,-11],[-27,30],[-42,-22],[-80,60],[-27,-10],[-34,28],[-34,-6],[-50,19],[-38,-35],[-68,35],[-41,-27],[-79,50],[-15,-3],[-71,53],[-90,44],[-43,9],[-12,30],[-49,33],[-80,4],[-64,82],[-19,8],[-17,58],[-60,26],[-20,33],[-38,-24],[-26,31],[-22,-16],[-93,12],[-68,50],[-81,-1],[-58,86],[-10,46],[-81,14],[-37,64],[-51,59],[-27,-12],[-45,21],[-72,7],[-37,24],[-60,3],[-32,-27],[-83,47],[-17,54],[-48,22],[-28,44],[-49,50],[-5,23],[-27,33],[-53,99],[-119,49],[-68,45],[-49,2],[-74,-61],[-15,-23],[-113,4],[-72,24],[-28,0],[-71,-33],[-72,2],[-31,25],[-46,0],[-51,37],[-23,-11],[-65,24],[-64,43],[-80,8],[-3,57],[-15,16],[-69,94],[-23,92],[44,61],[51,16],[46,87],[41,29],[10,89],[12,13],[73,5],[71,16],[27,18],[15,44],[40,33],[25,44],[-1,39],[-37,49],[-47,33],[-54,14],[-117,-11],[-139,47],[-67,-6],[-109,-70],[-20,-60],[-109,21],[-63,71],[-5,105],[-12,32],[-6,104],[-44,151],[2,57],[-18,51],[-14,94],[44,59],[93,11],[22,39]],[[46808,40264],[5,137],[-16,44],[-73,101],[-45,26],[5,49],[-12,48],[-23,25],[15,88],[-60,107],[8,22],[-20,53],[-62,67],[-10,24],[-79,42],[-18,149],[-15,72],[18,67],[8,54],[-16,145],[7,48],[4,32],[37,84],[-16,47],[21,65],[33,42],[3,43],[23,38],[-17,38],[-19,149],[37,48],[-5,43],[27,6],[24,43],[18,79],[25,55],[-3,46],[64,48],[30,67],[-6,26],[66,49],[17,44],[57,41],[-34,33],[19,99],[19,21],[1,83],[42,156],[25,18],[24,55],[-3,43],[94,-12],[66,70],[33,12],[-35,70],[38,13],[23,-17]],[[47798,44163],[54,81],[2,55],[-38,20],[5,27],[-43,24],[-27,73],[-58,-10],[-26,41],[24,42],[-35,30],[4,49],[18,10],[-8,76],[11,29],[44,53],[23,8],[64,-18],[28,39],[52,8],[15,45],[37,-30],[26,23],[-35,50],[4,25],[48,5],[-10,96],[4,56],[43,16],[5,38],[29,23],[28,-23],[28,31],[39,11],[28,-3],[47,45],[97,43],[35,-14],[39,43],[24,-5],[52,41],[8,78],[29,77],[49,69],[-1,37],[53,49],[21,42],[8,97],[79,4],[65,23],[33,-16],[106,-15],[43,30],[79,3],[30,-16],[112,5],[22,26],[33,81],[24,15],[41,1],[-5,38],[25,32],[66,-6],[57,-50],[24,17],[17,71],[31,27],[45,94],[40,50],[29,9],[20,72],[78,133],[22,96],[-54,143],[14,56],[27,-3],[10,-45],[29,-14],[32,16],[-20,91],[35,38],[25,2],[25,37]],[[49881,46810],[45,-30],[68,-28],[31,-72],[-22,-49],[58,-75],[55,-13],[40,-61],[-14,-10],[8,-81],[28,-5],[1,-67],[-24,-26],[3,-46],[92,-33],[14,-25],[-34,-118],[23,-35],[5,-47],[18,-18],[52,5],[37,-24],[34,-41],[10,-46],[83,0],[4,-57],[38,-54],[50,-47],[27,-52],[29,-12],[30,30],[33,8],[31,-25],[38,-63],[39,4],[29,-36],[28,7],[38,51],[43,21],[22,-10],[16,-48],[58,26],[66,2],[38,-34],[39,14],[62,-44],[44,23],[55,-34],[108,-115],[35,20],[51,8],[35,-12],[41,-78],[17,-6],[64,25],[7,54],[20,28],[47,-6],[20,12],[68,-35],[37,60],[-5,-72],[-12,-9],[-40,-97],[26,-49],[304,-62],[53,10],[20,-57],[30,-31],[52,-14],[-24,-76],[40,-43],[8,-100],[45,35],[39,48],[39,56],[48,12],[62,70],[28,71],[63,2],[21,45],[44,29],[33,-2],[22,24],[65,16],[27,-8],[-27,-17],[-26,-52],[27,-74],[-7,-20],[21,-43],[56,30],[52,-30],[55,8],[34,-35],[55,-79],[99,-176],[-52,-38],[-3,-35],[21,-22],[-6,-25],[16,-65],[-74,-19],[53,-30],[10,-128],[29,-20],[33,10],[39,-62],[-13,-30],[33,-59],[-14,-23],[37,-27],[50,-19],[35,16],[74,5],[9,-27],[44,-1],[36,-43],[15,19],[55,18],[28,-60],[30,0],[28,-26],[72,-9],[63,44],[20,-18],[38,25],[103,21],[20,-9],[80,1],[21,-51],[34,-46],[54,-50],[40,-13],[33,59],[23,67],[22,22],[38,-33],[39,-6],[23,-29],[23,15],[29,-25],[73,14],[-13,-45],[-45,-36],[-35,-44],[-13,-53],[-26,-35],[-12,-80],[-22,-27],[-42,3],[-5,-52],[39,-56],[-5,-30],[40,-23],[9,-69],[28,-26],[54,-22],[-46,-26],[11,-38],[75,5],[-23,-96],[-44,-17],[-81,-74],[-46,6],[-20,-22],[-45,2],[-45,-48],[-4,-33],[23,-52],[-29,-33],[-22,3],[13,-31],[7,-27],[-26,-75],[5,-37],[23,-34],[24,-93],[35,-60],[26,-7],[4,-51],[29,-11],[-2,-59],[27,-33],[40,-4],[-8,-37],[16,-46],[49,-55],[-3,-61],[30,-6]],[[54532,42343],[-5,-58],[17,-13],[1,-53],[-35,-28],[30,-22],[-72,-16],[-11,75],[-18,54],[-21,5],[-37,77],[-39,32],[-12,38],[-26,-31],[-99,-41],[-68,-123],[21,-49],[-18,-95],[96,11],[24,-46],[2,-50],[-14,-48],[-41,-26],[4,-44],[72,-30],[-25,-100],[-70,-30],[-53,-39],[-44,-13],[-34,-31],[-85,-17],[-32,4],[-17,-29],[6,-39],[-30,-111],[-47,-82],[1,-49],[-18,-49],[-55,38],[-27,-37],[-17,-51],[-36,-1],[-38,20],[-12,-70],[-45,15],[-8,-25],[32,-40],[-38,-38],[-56,-1],[-16,-106],[27,-25],[-59,-41]],[[49881,46810],[-22,73],[38,76],[-14,23],[9,43],[37,45],[12,56],[-32,40],[-7,67],[24,75],[68,51],[1,25],[-45,37],[33,102],[2,68],[56,40],[45,2],[27,29],[39,86],[48,25],[53,111],[45,28],[77,-5],[81,68],[25,51],[72,17],[41,-22],[51,25],[10,16],[13,16],[21,43],[32,4],[48,-38],[7,-92],[43,-38],[83,5],[68,57],[141,78],[5,59],[33,49],[107,61],[-15,55],[9,83],[-7,55],[48,79],[44,27],[14,39],[-28,81],[13,46],[49,73],[-9,73],[15,40],[57,83],[17,43],[-13,90],[75,122],[-20,77],[10,47],[-45,78],[4,37],[-28,50],[27,61],[-6,80],[45,70],[-12,115],[35,121],[50,85],[22,65],[29,32],[9,59],[-19,61],[31,32],[33,-38],[47,6],[62,53],[22,81],[-45,113],[6,73],[-37,53],[10,66],[35,32],[9,37],[-9,61],[11,97],[-36,88],[7,42],[-8,51],[7,75],[-38,70],[33,58],[74,7],[43,57],[36,109],[15,75],[30,69],[10,159],[51,66],[57,32],[46,52],[23,70],[42,5],[7,29],[-15,81],[7,60],[44,38],[16,40],[33,28],[21,41]],[[52306,52361],[15,-88],[44,-33],[26,-52],[-41,-30],[89,-62],[32,-99],[51,-9],[1,-22],[-38,-87],[46,-37],[35,-78],[68,-33],[26,-95],[-17,-113],[10,-29],[-33,-24],[2,-27],[33,-56],[-34,-36],[15,-66],[-34,-34],[50,-11],[45,-48],[10,-72],[25,-52],[116,-76],[-30,-64],[41,-86],[56,-145],[37,-40],[54,-7],[35,-22],[286,-25],[1,-36],[20,-61],[6,-79],[-11,-23],[21,-73],[-4,-38],[-467,-581],[29,-53],[18,-61],[51,-114],[18,-16],[-8,-126],[36,-15],[16,-49],[32,-42],[-48,-47],[-15,-64],[93,-82],[31,-13],[-5,-71],[15,-7],[-93,-219],[-53,-14],[-54,37],[-34,-8],[-60,8],[-47,-13],[-61,0],[-16,-16],[-53,32],[1,-44],[47,-55],[25,-75],[60,-15],[13,-36],[52,0],[-2,-41],[32,-35],[54,-89],[-1,-31],[34,-19],[-29,-88],[7,-35],[10,9],[67,-19],[26,-31],[30,2],[28,-25],[13,-52],[1,-60],[70,-17],[17,-33],[29,-13],[-6,-51],[31,-4],[48,-58],[53,4],[32,-45],[-5,-52],[62,-23],[22,-25],[53,31],[43,-55],[-36,-50],[-9,-46],[36,-34],[-5,-24],[-56,-59],[-39,-45],[-2,-37],[-43,-58],[6,-75],[-68,-75],[19,-37],[-2,-37],[-33,-76],[51,72],[63,17],[76,-2],[10,18],[73,1],[9,-36],[41,3],[127,35],[27,-23],[40,-9],[8,-36],[51,-44],[49,23],[-8,-44],[6,-101],[-33,-31],[-25,-43],[-6,-74],[18,-31],[40,-13],[59,-36],[58,16],[85,-35],[90,53],[12,-25],[50,0],[26,-50],[-27,-112],[9,-33],[-60,-101],[-40,3],[-4,-38],[-3,-21],[66,-45],[48,-80],[-10,-47],[41,-39],[-25,-66],[7,-65],[8,-54],[31,92],[-4,39],[40,20],[22,28],[8,124],[30,63],[35,-19],[134,144],[-8,61],[7,79],[-10,56],[23,38],[-28,30],[-25,86],[14,57],[54,22],[55,-26],[-2,-34],[151,-105],[28,14],[11,73],[31,15],[57,-25],[41,17],[89,-6],[16,36],[40,-20],[8,64],[59,76],[34,-10],[35,-44],[43,-19],[32,-57],[-29,-61],[14,-28],[-7,-70],[-14,-33],[21,-21],[34,7],[28,-62],[27,-25],[37,28],[50,12],[39,33],[50,75],[42,15],[-11,38],[26,28],[34,7],[49,-32],[39,-56],[20,-67],[46,36],[5,45],[43,21],[39,48],[54,0],[46,-58],[43,32],[102,17],[60,25],[26,-17]],[[56341,46739],[-41,-73],[76,-26],[-21,-53],[22,-47],[-65,-65],[-5,-27],[38,-26],[-11,-33],[10,-51],[-46,-58],[11,-66],[-19,-21],[40,-61],[-39,-128],[-50,-10],[-1,-23],[43,-48],[89,12],[32,18],[46,-90],[101,-28],[46,24],[40,-17],[34,45],[-33,29],[-5,29],[-43,39],[27,23],[45,76],[45,6],[17,30],[31,3],[109,-28],[73,-66],[5,-27],[41,-34],[28,0],[45,-34],[63,-8],[-2,-67],[15,-79],[47,-30],[40,-40],[-9,-87],[30,-72],[81,-47],[15,-52],[-1,-166],[35,-76],[-7,-49],[9,-58],[-12,-35],[5,-54],[-44,-46],[24,-96],[33,-5],[58,-85],[4,-58],[-9,-46],[-85,-11],[-26,29],[-55,-37],[-9,-41],[14,-48],[-11,-60],[76,-51],[19,3],[36,-105],[34,-27],[41,3],[23,-54],[75,-63],[18,-82],[29,-69],[34,-118],[76,-100],[12,-93],[-11,-147],[50,9],[84,-29],[67,-14],[12,-47],[42,-51],[10,-32],[-17,-85],[13,-27],[-16,-44],[16,-50],[-26,-30],[22,-33],[1,-63],[29,-10],[68,28],[67,-35],[12,-43],[166,-126],[16,-8],[-6,50],[48,81],[-23,75],[38,15],[68,-20],[67,2],[36,18],[66,-25],[37,22],[63,-27],[29,2],[90,55],[13,-94],[-25,-39],[-10,-111],[-39,-56],[10,-69],[64,-84],[49,-8],[6,-39],[41,-76],[0,-33],[74,-50],[23,-5],[60,-113],[63,-46],[34,-58],[7,-73],[40,-25],[17,-32],[-26,-60]],[[59251,42093],[-13,-52],[7,-74],[-33,-28],[-9,-38],[20,-31],[-6,-63],[-23,-51],[37,-4],[39,-69],[0,-82],[23,-23],[35,38],[20,-55],[19,-12],[143,66],[44,-29],[103,-3],[37,-48],[14,-39],[39,-33],[57,-126],[-10,-44],[-29,-40],[25,-53],[-62,-28],[-30,-34],[-15,-73],[-55,-45],[22,-57],[-49,-54],[13,-22],[-49,-80],[38,-111],[-7,-69],[31,-11],[5,-91],[17,-31],[43,-35],[-20,-54],[87,-145],[2,-44],[-42,-30],[-47,0],[-54,-47],[-24,8],[-26,-77],[-57,-5],[-7,-50],[-22,-13],[-47,6],[-15,-33],[12,-35]],[[59432,39940],[-47,17],[-26,-43],[-38,-3],[-23,-39],[-57,-10],[-27,-77],[-28,23],[-1,61],[-62,-46],[-30,-52],[-58,-39],[1,-43],[-51,-35],[-6,-36],[48,-61],[-78,-64],[-37,13],[-18,-57],[-19,3],[-33,-48],[-30,-14],[-18,42],[-48,4],[-44,-94],[-30,-50],[-21,-14],[-46,24],[-19,37],[-48,-28],[-16,-63],[-53,-11],[-10,-18],[4,-58],[-55,-19],[-59,27],[-28,-16],[-63,-70],[-56,96],[-2,51],[-38,-30],[-69,48],[-24,5],[-20,43],[-29,10],[-18,-37],[-54,-8],[-51,11],[-71,47],[-26,80],[-82,33],[-55,5],[-14,42],[-64,4],[-36,34],[-37,-46],[-60,-39],[16,-54],[-37,9],[-38,31]],[[57393,39418],[-8,80],[-21,48],[71,52],[16,48],[37,7],[-46,73],[-32,122],[-52,78],[-31,20],[-12,35],[-42,18],[-2,50],[61,40],[3,51],[63,12],[22,21],[14,56],[32,7],[25,44],[-51,117],[24,86],[-12,26],[-40,21],[-56,-31],[-60,12],[-24,72],[-6,58],[-29,74],[-25,26],[-21,-18],[-30,39],[-26,-3],[-26,-45],[-28,-18],[-30,10],[-40,-30],[-1,64],[-46,17],[-4,29],[-30,20],[5,89],[81,20],[-27,50],[7,34],[44,32],[4,66],[77,2],[19,70],[-34,60],[24,60],[-39,21],[41,45],[-19,31],[-7,33],[-33,-7],[-41,45],[0,67],[-13,144],[-31,27],[-55,-3],[-77,14],[-75,1],[-196,-52],[-7,34],[-39,-24],[-77,30],[-11,47],[-27,14],[-27,50],[-32,15],[-14,37],[11,85],[18,78],[6,-1],[84,190],[113,107],[217,39],[1,30],[30,51],[10,48],[24,29],[-8,26],[19,56],[-65,26],[-2,-31],[-32,-55],[-48,-33],[-15,-47],[-50,38],[-81,27],[-61,-7],[-66,-24],[-79,-49],[-11,31],[-24,76],[-62,144],[-24,94],[-22,5],[-9,42],[-44,45],[-95,-10],[-24,-51],[-7,-121],[-57,6],[-39,-12],[-69,61],[-50,5],[-35,36],[-73,-21],[-14,-45],[-36,3],[-4,-43],[-27,-6],[1,-55],[16,-47],[-96,35],[-51,-1],[-31,-36],[-32,55],[-21,60],[-21,20],[-15,5],[-74,-32],[-66,-38],[-59,-55],[-106,-28],[-49,-40],[-77,-3],[-27,36],[-37,-2],[-20,-51],[-61,15],[-41,22],[-57,-35],[-70,-95],[-44,-12],[-40,-52],[-41,-3]],[[52306,52361],[17,20],[5,95],[38,62],[8,88],[-42,47],[19,69],[-10,60],[20,94],[-25,52],[-21,70],[76,28],[11,48],[-35,21],[-13,45],[33,23],[49,-12],[35,52],[37,35],[-5,60],[22,63],[6,51],[27,44],[-23,63]],[[52535,53539],[35,36],[27,84],[-21,56],[41,46],[-23,61],[40,32],[0,38],[-22,29],[37,40],[49,-10],[16,21],[-3,111],[50,1],[-16,55],[107,126],[11,76],[45,13],[25,52],[44,55],[125,63],[15,35],[50,13],[40,48],[56,9],[36,35],[-3,29],[67,32],[-35,-42],[-3,-48],[-45,-22],[-6,-33],[-51,-34],[0,-29],[-28,-30],[-5,-73],[-22,-38],[27,-32],[12,-43],[43,-7],[-77,-57],[-24,18],[-17,-46],[20,-68],[-57,-35],[-17,-44],[13,-29],[-20,-44],[-50,-8],[-9,-52],[34,-29],[-25,-91],[-23,-30],[5,-41],[-18,-44],[8,-51],[32,-42],[42,-24],[73,-22],[37,-23],[1,-33],[31,-5],[57,-45],[56,1],[25,-24],[89,-22],[69,14],[14,-26],[50,-16],[26,-33],[35,17],[45,-13],[22,-28],[32,13],[37,-39],[51,-5],[63,-25],[5,-19],[108,-68],[823,-532],[277,-170],[67,61],[-1,41],[-20,58],[9,89],[-21,48],[3,37],[24,36],[-27,50],[7,43],[30,71],[76,93],[62,126],[-7,29],[26,63],[36,37],[5,73],[26,45],[92,44],[25,46],[53,37],[35,38],[20,49],[40,27],[29,-118],[86,-28],[-14,-57],[-25,-25],[16,-64],[62,-23],[33,19],[57,-28],[11,-41],[56,-40],[10,-23],[214,354],[1,4],[22,34],[55,-24],[-1,-69],[58,-15],[16,-50],[81,-57],[96,-108],[-13,-41],[19,-39],[0,-72],[29,-33],[95,21],[84,-62],[1,-41],[21,-45],[53,-16],[28,-95],[32,-73],[-32,-71],[26,-50],[3,-70],[-15,-71],[-34,-32],[29,-41],[-29,-104],[32,-57],[28,10],[45,30],[-5,93],[2,147],[14,28],[40,11],[22,67],[3,77],[25,20],[46,-35],[32,13],[11,-64],[-20,-42],[11,-60],[-7,-73],[41,-43],[-10,-40],[10,-50],[32,-13],[30,41],[99,15],[50,56],[57,34],[74,12],[66,54],[67,32],[28,53],[88,-2],[-8,23],[54,33],[17,-18],[42,15],[-43,-97],[28,-77],[-31,-33],[24,-45],[6,-74],[-36,-52]],[[57777,52410],[10,-72],[-12,-102],[50,-31],[10,-89],[-10,-68],[-28,-22],[-26,6],[-13,63],[-19,4],[-13,-59],[7,-27],[-21,-38],[16,-24],[57,4],[19,-47],[59,-25],[-1,-44],[-20,-48],[73,2],[33,-40],[-37,-33],[-3,-125],[-19,-26],[55,-68],[4,-58],[37,-16],[43,-51],[9,-68],[-15,-13],[72,-47],[26,-72],[-8,-52],[-17,-25],[45,-19],[18,-35],[47,-20],[53,-53],[17,-66],[-38,-51],[18,-29],[-10,-41],[36,-23],[48,-74],[8,-59],[25,-50],[-30,-33],[-3,-32],[57,-37],[-7,-28],[6,-73],[-34,-67],[-2,-68],[33,-62],[-73,-18],[67,-152],[142,-251],[27,-45],[-18,-28],[-66,-44],[64,-145],[1,-70],[30,-108],[34,-36],[71,-22],[29,-38],[-13,-29],[-5,-88],[9,-46],[-25,-47],[13,-40],[-12,-63],[-22,-63],[-39,-4],[-24,-21],[-47,-113],[-69,-75],[-62,-23],[-31,-42],[-33,11],[-65,-22],[-86,1],[-51,-52],[-34,-2],[-29,-38],[1,-48],[-42,-3],[-41,-94],[-29,26],[20,33],[-2,33],[-42,27],[-55,12],[-134,-12],[-41,-38],[-73,-44],[-42,20],[-87,-63],[-69,-4],[-30,-32],[-29,9],[-45,-49],[0,-32],[-32,-13],[-81,17],[-59,-49],[-30,-1],[-40,-37],[-3,-40],[-43,8],[-21,-71],[-27,-14],[-53,27],[-22,-18],[-71,42],[-45,16],[-8,-28],[27,-12],[-41,-45],[-68,-44],[-18,-40],[31,-109],[21,-23],[26,-88],[27,-26],[-20,-39],[12,-31],[51,-42],[14,-75],[27,-51],[0,-38],[-29,-18],[-17,-62],[5,-56],[27,-37],[-34,-91],[-53,13],[-102,-26],[-26,-44],[-36,-32],[-40,6],[-14,-20],[-39,-148],[-39,-28],[24,-24],[-25,-32],[-39,24],[-76,-30],[-25,-39]],[[57393,39418],[-132,-6],[-21,42],[-46,-25],[-43,21],[-67,-60],[-4,51],[-26,19],[-51,-34],[-23,32],[-64,18],[-15,59],[-92,-28],[-70,18],[-30,-41],[-52,-6],[-61,-10],[-25,13],[-49,-21],[-60,21],[-28,-27],[-32,11],[-49,-35],[-23,-38],[-26,11],[-9,75],[-91,34],[-35,40],[-42,2],[-24,27],[-42,-1],[-51,-44],[-26,-18],[-23,-66],[-55,-46],[-53,14],[-28,-20],[-26,-67],[-56,-36],[-40,33],[-33,5],[6,46],[-44,2],[-58,-50],[-17,-32],[-53,-3],[-51,10],[-6,-28],[42,-59],[-15,-29],[-47,-30],[-56,-101],[-8,-36],[-51,-12],[-39,-40],[-8,-53],[-62,10],[-23,-14],[-29,-84],[-49,-49],[-18,-45],[-41,-30],[-38,5],[-28,33],[-25,64],[-111,117],[-9,74],[1,58],[-20,41],[-88,3],[-32,-39],[13,-51],[-10,-27],[-27,-22],[-37,11],[-149,-33],[-24,-47],[31,-32],[-20,-40],[-38,26],[-39,7],[-52,-17],[-41,-37],[-43,-16],[-33,16]],[[62548,48374],[-33,-25],[-22,-61],[-39,8],[-19,-81],[-50,-1],[-19,42],[-44,-20],[-58,38],[7,-45],[-32,-47],[-80,32],[-29,-12],[-18,50],[-62,-20],[-60,5],[-15,46],[-31,-2],[-27,27],[3,44],[21,14],[19,50],[-55,32],[10,24],[-4,56],[-73,52],[-24,-3],[-87,90],[-43,11],[-53,62],[-35,1],[-11,56],[-55,1],[-24,13],[-15,-31],[-1,-57],[-76,-38],[3,-40],[-47,-38],[8,-81],[4,-18],[60,-21],[23,-53],[-20,-84],[-27,-31],[-8,-84],[12,-59],[44,-40],[-22,-97],[23,-22],[40,-98],[-28,-25],[-24,14],[-57,-19],[-58,-52],[-107,-14],[-70,21],[-56,58],[-42,13],[-65,41],[-65,19],[-61,30],[-99,24],[-60,-3],[-17,-26],[-67,-38],[-69,-57],[-2,-41],[60,-49],[24,-59],[-57,-109],[-15,-51],[-37,-69],[8,-47],[-16,-16],[29,-65],[48,47],[33,4],[5,-121],[35,-8],[85,-105],[-27,-52],[-45,-27],[41,-41],[-37,-33],[-40,-16],[-62,-49],[-42,-81],[-4,-103],[-27,-89],[-7,-110],[67,-75],[46,-8],[32,-43],[62,-21],[-9,-55],[14,-34],[-7,-77],[30,-81],[33,-36],[3,-66],[30,-84],[-26,-64],[3,-32],[40,-89],[-4,-38],[-40,-29],[-60,-19],[-232,-62],[-145,-30],[-78,-25],[-67,-58],[-45,6],[-31,21],[-36,58],[-61,-40],[-18,-70],[-33,-29],[-44,-15],[-13,-37],[-39,-33],[-58,-9],[-65,19],[-39,-14],[-17,-46]],[[59703,45360],[2,-72],[-53,-56],[-21,-73],[-7,-82],[28,-27],[-1,-49],[23,-46],[-13,-104],[-52,-65],[-16,-94],[-18,-52],[-84,-113],[-52,-47],[8,-45],[-9,-58],[-43,-48],[-18,-39],[-12,-94],[40,-62],[-5,-30],[81,-34],[-2,-33],[41,-41],[81,-16],[49,-51],[101,-63],[35,-77],[31,21],[22,-50],[6,-66],[50,-56],[-8,-51],[-21,-33],[15,-55],[27,-8],[-3,-76],[40,-47],[-7,-39],[2,-121],[50,-30],[38,-55],[15,-46],[-19,-33],[16,-26],[67,-32],[-26,-51],[-15,-88],[-32,-19],[-40,-57],[-32,3],[-11,-32],[-93,-29],[-19,-38],[-59,-14],[-27,-103],[-14,12],[-75,-38],[-49,-56],[-47,-107],[-34,-21],[1,-56],[-33,14],[-27,-17],[-14,-52],[-39,-17],[34,-42],[-11,-81],[-30,16],[-37,-36],[-22,-61],[-26,27],[-27,-11],[-52,61]],[[57777,52410],[40,-18],[71,26],[30,22],[54,7],[22,48],[-6,45],[46,25],[8,-45],[41,7],[23,-67],[80,8],[43,-93],[52,24],[13,29],[68,-17],[55,-55],[38,14],[46,-8],[50,16],[52,-56],[272,-343],[4,39],[44,61],[7,35],[35,61],[26,17],[9,37],[-45,24],[-15,24],[-9,84],[-18,38],[12,69],[36,35],[-13,54],[-25,19],[7,37],[-31,22],[29,87],[-33,24],[35,26],[18,96],[64,41],[56,-31],[53,-2],[17,-26],[-16,-56],[13,-89],[51,-19],[16,20],[48,-14],[60,18],[12,-18],[-19,-48],[11,-39],[48,-11],[45,12],[-31,-68],[45,-48],[-6,-28],[27,-27],[21,50],[53,20],[-3,43],[33,37],[60,-45],[33,6],[33,-31],[63,25],[33,-38],[27,65],[44,21],[-7,45],[45,22],[5,23],[72,3],[31,14],[7,-48],[60,-8],[40,18],[6,63],[49,18],[46,-7],[21,31],[59,8],[28,27],[72,20],[19,49],[50,0],[111,73],[1,25],[59,41],[21,36],[33,6],[21,-45],[32,3],[80,162],[152,89],[262,-2],[401,-3],[19,90],[30,14],[34,275],[20,-57],[55,-9],[40,-40],[-7,-33],[9,-145],[-13,-18],[11,-125],[61,19],[46,3],[211,63],[66,0],[35,39],[39,20],[28,-8],[65,28],[12,21]],[[58568,74665],[53,72],[49,-17],[37,6],[66,-40],[100,-6],[38,27],[57,69],[32,14],[96,124],[33,100],[67,73],[61,90],[13,54],[59,99],[-7,68],[18,44],[49,31],[17,32],[86,46],[32,48],[37,14],[-16,62],[30,37],[2,67],[52,6],[-18,92],[12,43],[-7,43],[38,51],[27,106],[55,-15],[22,42],[88,61],[12,40],[45,2],[30,23],[11,35],[45,40],[-2,37],[74,113],[22,-8],[9,53],[62,13],[13,36],[30,18],[29,100],[24,51],[10,61],[-11,25],[20,32],[-12,55],[25,26],[10,39],[-14,52],[35,31],[-44,64],[34,9],[-17,60],[36,39]],[[60322,77254],[20,-56],[-13,-141],[64,-58],[34,-57],[64,-178],[2,-41],[44,-181],[-20,-106],[23,-66],[-3,-30],[37,-82],[0,-61],[17,-58],[-8,-96],[-25,-25],[-48,15],[-30,-26],[-13,-72],[-95,-143],[-6,-47],[-38,-70],[-96,-41],[8,-40],[-9,-56],[-17,-16],[-16,-73],[32,-39],[23,-53],[8,-57],[37,-24],[48,-74],[10,-38],[40,-19],[74,6],[77,-48],[57,38],[58,6],[15,-11],[67,87],[14,44],[80,14],[76,5],[66,-24],[112,65],[20,36],[105,20],[49,47],[40,17],[10,29],[63,51],[47,23],[14,73],[44,31],[28,44],[44,42],[75,81],[31,85],[108,73],[24,59],[87,83],[36,15],[99,100],[14,31],[97,-53],[18,-39],[11,-62],[-43,-79],[-80,-125],[3,-17],[-38,-108],[-11,-73],[9,-54],[-33,-42],[8,-67],[41,-77],[61,-45],[-29,13],[49,-157],[39,-43],[-15,-31],[6,-42],[-12,-67],[35,-63],[32,-5],[22,-102],[76,-125],[-42,-102],[-71,-60],[-43,-7],[43,-242],[17,-81],[194,-123],[25,-35],[3,-46],[24,-22],[6,-36],[161,2],[-22,44],[-7,130],[-14,67],[17,58],[36,64],[45,-5],[11,-43],[33,10],[33,73],[8,55],[45,-60],[21,0],[19,-39],[40,-13],[73,-64],[42,-24],[10,-35],[40,-10],[38,-43],[56,-16],[17,-36],[-5,-65],[-35,7],[3,-55],[700,-21],[-28,-17],[-44,0],[-18,-52],[-54,-13],[-37,-79],[-12,-51],[-33,-63],[-42,-33],[-11,-26],[725,-161],[52,64],[232,-167],[297,-291],[25,47],[21,101],[22,52],[44,1],[-4,38],[26,35],[-22,56],[29,35],[20,113],[30,-2],[27,-33],[68,5],[39,-21],[10,-41],[30,-22],[-12,-74],[30,-75],[29,26],[33,-33],[135,-100]],[[65404,73250],[-29,-117],[-70,-19],[-12,-30],[16,-55],[-60,-58],[-22,-59],[-27,-45],[-33,-13],[-1,-36],[-31,-39],[-31,-12],[8,-33],[-58,-8],[-19,-42],[-10,-95],[-21,-64],[-10,-80],[-31,-34],[-18,-45],[17,-75],[4,-73],[-25,-107],[0,-38],[22,-38],[44,-35],[32,-49],[11,-73],[-6,-31],[0,-153],[-5,-53],[23,-28],[9,-71],[29,-21],[63,-117],[38,-27],[39,-122],[-16,-21],[-8,-62],[14,-58],[88,-301],[-33,-18],[-40,-55],[-40,-15],[-41,-48],[-23,-80],[-32,-36],[-18,-78],[-24,-28],[-18,-93],[-36,-54],[-66,-65],[-88,-31],[-93,21],[-13,-16],[-46,9],[-4,57],[-41,24],[-25,-20],[-56,43],[-80,11],[-21,-28],[-36,-3],[-40,-42],[-14,34],[-45,-43],[-81,-49],[-7,-29],[-61,-25],[-10,-39],[-42,-13],[-56,-40],[-60,-11],[-50,-39],[-51,-1],[-14,19],[-116,-15],[-38,25],[-44,-46],[-61,-6],[-24,-36],[-56,4],[-110,-66],[-36,15],[-39,-17],[-228,53],[-30,-37],[-75,-7],[-56,-46],[-32,-275],[-2,-311],[55,15],[58,-9],[61,36],[59,12],[25,-33],[33,1],[40,-28],[55,-12],[58,-44],[23,-30],[41,-89],[45,-59],[69,-13],[38,34],[59,-2],[63,10],[79,30],[45,38],[45,8],[57,42],[71,-5],[32,-54],[72,-3],[55,-36],[34,-2],[65,22],[20,-18],[54,0],[56,-23],[65,15],[12,-33],[38,9],[54,-21],[57,41],[2,23],[40,12],[79,100],[67,36],[66,0],[27,-21],[26,11],[29,18],[9,32],[51,20],[99,14],[75,-1],[108,-25],[50,-438],[35,-22],[7,-55],[24,-32],[66,-34],[-1,-58],[29,-28],[-5,-96],[-25,-83],[-97,-80],[-3,-24],[-62,-37],[24,-65],[56,-26],[31,-40],[35,0],[-4,-90],[47,15],[29,-23],[-16,-74],[-27,-48],[16,-48],[-201,16],[-450,-599]],[[64895,67316],[-35,-37],[-32,4],[-64,-44],[-85,26],[-137,-48],[-22,20],[-41,-40],[-34,-49],[-26,-5],[-30,-42],[-43,44],[-50,-35],[-79,-25],[-108,-19],[-8,-34],[-68,-65],[-51,8],[-5,-63],[-34,-37],[-42,-18],[-23,-35],[-29,12],[10,-44],[-39,-3],[1,-64],[-26,-2],[-15,-37],[12,-37],[-32,-11],[25,-40],[-10,-55],[-26,-38],[-22,-4],[-1,-58],[-34,-41],[3,-43],[-26,-12],[6,-38],[26,-34],[-44,-26],[40,-22],[-34,-29],[-18,-71],[5,-34],[-26,-34],[-23,-60],[35,-28],[-54,-50],[30,-43],[-12,-70],[-36,-80],[18,-33],[-25,-53],[11,-50],[-25,-47],[-39,-30],[6,-42],[-70,-77],[-38,-26],[-16,-31],[-3,-86],[-27,-41],[-6,-47],[-19,-36],[0,-48],[-36,-33],[-6,-52]],[[63289,64994],[-29,-9],[-24,-47],[3,-50],[-33,-60],[6,-56],[-11,-53],[16,-13],[-41,-68],[7,-38],[-40,-81],[-50,-27],[0,-20],[62,-38],[-27,-27],[-57,-11],[-26,-29],[-12,-83],[-43,-127],[-30,14],[-25,-16],[5,-32],[-60,-28],[-7,-61],[-34,12],[-69,-68],[-2,-27],[-46,-52],[28,-36],[-54,-83],[6,-40],[-32,-31],[7,-33],[-31,-58],[6,-63],[50,-68],[21,-64],[35,-35],[18,-61],[-5,-63],[20,-17],[13,-51],[-13,-94],[39,-110],[25,-24],[-12,-30],[16,-48],[2,-61],[-14,-86],[18,-32],[-25,-36],[36,-97],[8,-44],[54,-27],[36,7],[51,-47],[14,-37],[45,-72],[20,-107],[0,-60],[-73,-95],[-23,-44],[10,-24],[-31,-41],[8,-76],[40,-68],[-28,-85],[7,-73],[-20,-42],[40,-115],[-2,-82],[-16,-47],[-39,-44],[-23,-103],[-23,-56],[20,-84],[34,-97],[-26,-130],[-29,-50],[-30,-126],[23,-22],[-19,-105],[-43,-67],[-5,-42],[-55,-47],[-15,-50],[-32,-14],[-24,-64],[22,-96]],[[62752,60202],[-55,25],[-57,-4],[-22,-23],[-26,49],[0,55],[-23,108],[-68,-23],[-77,-62],[-32,-8],[-52,17],[-73,-19],[-71,79],[-36,34],[-67,-6],[-61,-23],[-84,10],[-43,-16],[-101,44],[-20,92],[-86,120],[-62,16],[-28,77],[1,75],[-45,72],[11,37],[-9,47],[24,51],[-29,44],[10,48],[3,61],[-42,19],[16,45],[-28,22],[7,42],[-46,76],[-63,-32],[-45,-1],[-38,37],[23,68],[-17,33],[-43,25],[-61,-8],[-47,25],[-2,53],[-18,67],[90,71],[16,51],[0,41],[51,114],[99,65],[-3,26],[-77,75],[-2,32],[37,39],[-32,39],[-43,-14],[-18,33],[-60,12],[-46,48],[0,51],[34,40],[-42,14],[-32,36],[-66,-16],[-77,-1],[-49,-41],[-32,31],[16,55],[-17,34],[-73,74],[-25,78],[-56,1],[-26,40],[28,30],[6,31],[28,29],[-22,44],[21,73],[-18,45],[-51,6],[6,61],[-30,55],[-63,11],[-24,36],[-59,-17],[-12,17],[4,57],[40,59],[-21,41],[-42,8],[-80,-46],[-25,16],[-45,-17],[-60,32],[-32,-4],[-45,19],[24,28],[8,49],[23,28],[11,56]],[[60307,63425],[7,29],[34,5],[21,105],[40,8],[-4,33],[56,42],[-28,29],[-23,62],[33,28],[64,-6],[18,27],[53,7],[0,44],[34,65],[-5,100],[-28,33],[-16,47],[23,91],[61,57],[-5,43],[-28,39],[-32,15],[-2,40],[33,62],[-28,36],[117,101],[36,59],[-6,148],[57,0],[52,52],[11,62],[-16,61],[38,28],[-14,23],[34,46],[39,-25],[28,9],[45,-22],[11,38],[33,43],[48,18],[16,21],[42,8],[65,37],[34,-22],[55,-2],[21,14],[51,-7],[34,17],[21,47],[26,18],[33,58],[-3,86],[15,44],[33,52],[-24,37],[-23,4],[-14,44],[51,131],[6,45],[42,34],[10,37],[-31,70],[8,62],[-20,36],[-11,55],[-64,62],[-87,52],[-10,47],[-95,62],[-60,-7],[-43,-26],[-22,22],[-28,-36],[-54,-6],[-25,18],[-86,-43],[-82,-63],[-52,0],[-47,-27],[-52,11],[-71,-17],[-30,-59],[-50,14],[-12,-26],[-39,-13],[-34,-51],[5,-24],[-38,-47],[-38,-8],[-15,-40],[-44,14],[-65,11],[-35,66],[-6,56],[-96,84],[1,52],[-54,77],[-28,-7],[-3,65],[-61,58],[-29,49],[-11,39],[-62,19],[-43,30],[-48,166],[-40,72],[-87,-1],[-8,68],[31,41],[-65,10],[4,56],[14,21],[-28,46],[-28,15],[-18,38],[-33,-34],[39,-27],[-25,-40],[-48,23],[9,120],[-49,33],[13,46],[-92,33],[21,21],[6,57],[-69,18],[-23,-32],[-26,14],[0,86],[-37,30],[-18,113],[-35,11],[-67,-19],[-29,-27],[-60,24],[15,46],[44,41],[90,36],[74,51],[16,30],[11,62],[-48,110],[-96,73],[-110,4],[-35,-21],[-44,-73],[-52,-4],[-54,109],[-37,55],[-100,51],[-31,59],[10,84],[77,64],[37,1],[76,-36],[35,19],[39,57],[20,78],[47,71],[50,33],[60,81],[28,80],[16,37],[-2,70],[49,99],[1,90],[-30,81],[-19,32],[27,97],[42,67],[10,33],[-8,64],[2,74],[-5,67],[67,128],[14,50],[-5,41],[18,122],[50,86],[20,18],[20,35],[-40,135],[32,76],[23,90],[2,98],[67,142],[-10,81],[-5,28],[-36,54],[-48,125],[-16,75],[-10,97],[10,64],[-1,98],[-19,43],[-20,44],[4,30],[35,119],[4,47],[-9,66],[4,63],[-15,29],[-10,70],[-54,134],[-36,49],[-24,73],[0,53],[44,123],[-8,69],[-6,34],[-10,67],[2,79],[-38,101],[-37,38],[-26,46],[-71,75],[-45,-17],[-86,26],[-107,98],[-43,23],[-131,83],[-63,4],[-31,-12],[-92,-8],[-36,26],[-54,86],[2,96],[-9,69],[-33,45],[-116,54],[-48,0],[-95,14],[-40,-14],[-74,-71],[-60,-19],[-74,24],[-149,12],[-62,30],[-45,37],[-48,30],[-56,18],[-48,31],[-44,2],[-33,17],[-78,72],[-125,-22],[-51,-16],[-68,-10],[-30,-17],[-74,4],[-66,-55],[-28,-42],[-16,-84],[0,-52],[-35,-72],[-49,-65],[-54,9],[-19,33],[-44,31],[-47,6],[-45,-37],[-11,-63],[-17,-21],[-49,12],[-48,-2]],[[56467,72783],[378,337],[301,270],[28,30],[6,56],[39,-18],[42,29],[421,382],[39,36],[305,274],[74,67],[54,49],[414,370]],[[60322,77254],[3,61],[-14,42],[40,3],[30,72],[65,22],[8,38],[-12,51],[41,-2],[19,112],[-8,55],[26,11],[-11,41],[11,42],[50,56],[50,29],[2,31],[47,9],[57,31],[9,30],[77,21],[-28,51],[37,27],[12,39],[-10,49],[28,22],[31,-12],[6,66],[40,10],[10,44],[24,39],[-1,45],[45,6],[-12,52],[-39,39],[97,0],[-5,54],[39,26],[17,49],[20,135],[50,61],[9,90],[-41,19],[-2,46],[30,13],[-58,126],[25,16],[50,-22],[25,26],[-4,59],[42,-21],[17,11],[-8,67],[59,-41],[11,44],[-40,37],[4,45],[-64,-22],[-24,46],[14,49],[-9,32],[-33,-6],[-14,47],[-25,12],[-8,59],[17,43],[63,20],[5,34],[28,13],[-2,60],[36,14],[20,-61],[17,7],[18,70],[171,46],[-6,72],[38,14],[2,48],[-27,17],[17,50],[32,-13],[46,2],[84,21],[-32,64],[17,35],[-18,60],[-8,148],[30,34],[15,43],[26,27],[-7,28],[-48,-7],[-32,-43],[-35,8],[-1,44],[73,85],[-2,74],[22,23],[10,75],[-33,52],[47,23],[47,-56],[33,15],[19,46],[55,26],[25,75],[32,35],[71,42],[-27,42],[56,58],[8,72],[-19,35],[8,51],[18,22],[38,79],[-2,49],[36,86],[33,137],[-16,81],[-31,26],[57,75],[11,33],[-45,74],[-64,20],[-56,-16],[-25,14],[-29,-28],[-27,35],[-11,65],[21,61],[21,36],[31,11],[66,-14],[43,29],[59,-25],[26,43],[77,36],[41,58],[-16,51],[-6,66],[38,47],[-13,38],[37,54],[-21,150],[-74,102],[83,80],[3,21],[-40,37],[55,54],[37,129],[24,34],[-64,17],[3,51],[-40,6],[-31,76],[50,74],[-23,63],[47,47],[39,25],[19,-13]],[[62399,83410],[60,15],[5,90],[65,102],[35,38],[33,105],[29,-26],[33,71],[51,3],[-3,-50],[18,-49],[-33,-35],[48,-44],[-9,-36],[30,-22],[-24,-152],[9,-28],[-9,-56],[25,3],[15,63],[-6,31],[68,129],[53,134],[33,43],[11,48],[58,6],[9,-91],[-45,-71],[-8,-36],[-51,-11],[-60,-87],[24,-2],[52,57],[23,-27],[8,-41],[-14,-74],[-44,-53],[41,0],[42,36],[4,-55],[-76,-89],[61,7],[36,81],[7,86],[38,-24],[-14,68],[39,47],[32,-4],[2,-38],[-27,-35],[0,-58],[16,-21],[-64,-116],[-35,-35],[5,-23],[26,-22],[7,-31],[57,-33],[-8,-53],[14,48],[-24,36],[-74,71],[72,63],[2,18],[47,20],[56,126],[40,62],[15,98],[46,15],[48,-2],[33,-33],[-5,-21],[-79,-94],[-25,-82],[30,-73],[42,-60],[-17,-76],[29,-48],[-5,-45],[22,-27],[-49,-23],[8,-28],[-6,-61],[-38,-35],[-13,-36],[16,32],[42,31],[11,56],[53,10],[74,-13],[23,20],[30,79],[-14,47],[2,50],[24,59],[40,16],[44,-57],[36,-8],[-3,-57],[45,28],[29,-49],[13,53],[27,-48],[-18,-89],[13,-59],[-43,-68],[18,-20],[32,44],[29,14],[57,102],[-9,57],[11,20],[41,1],[-1,51],[79,25],[23,-46],[-20,-92],[-31,-14],[-45,-42],[-25,6],[-26,-27],[-22,-103],[9,-109],[-2,-53]],[[63808,82705],[-13,-38],[-59,-15],[-97,-82],[-20,0],[-64,-41],[-35,-41],[-244,-534],[201,-463],[-39,-37],[-26,-91],[44,-270],[9,-85],[-3,-60],[-22,-89],[-101,-75],[0,-263],[101,-79],[-6,-2],[-1,-755],[2,-1],[7,-632],[31,-386],[5,-50],[25,-113],[5,-81],[20,-99],[25,-58],[18,-75],[2,-1],[629,-267],[325,-137],[21,6],[53,-31],[14,13],[59,-39],[6,-53],[23,-37],[-58,-54],[-9,-32],[-57,-59],[13,-43],[3,-107],[85,63],[53,11],[26,68],[16,-72],[20,-19],[1,-60],[27,-4],[53,-38],[-114,-334],[12,-15],[72,22],[17,27],[42,-10],[70,38],[39,-38],[26,-8],[4,-59],[-9,-33],[104,2],[43,77],[-8,45],[26,27],[25,52],[53,-27],[25,-69],[72,20],[-6,47],[40,11],[41,-55],[-20,-57],[24,-36],[27,9],[27,-19],[34,-77],[62,-28],[32,-37],[18,-78],[29,-23],[59,-20],[0,-22],[232,-2],[57,-151],[0,-31],[144,-39],[14,75],[38,27],[10,38],[59,40],[20,40],[68,-40]],[[66384,76587],[9,-36],[-25,-46],[-30,-6],[-18,-66],[-31,-11],[12,-41],[-9,-37],[18,-48],[-37,-21],[-35,-54],[2,-52],[-44,-40],[-3,-31],[21,-29],[-7,-50],[-125,-3],[-2,-63],[28,-44],[232,75],[168,-456],[-287,-103],[-62,-249],[-16,-168],[186,-199],[-10,81],[358,15],[-37,-62],[-18,-5],[-13,-78],[-17,-47],[22,-24],[-30,-42],[16,-61],[43,-24],[-3,-51],[21,-42],[-9,-56],[13,-43],[-52,-76],[-30,-82],[-20,-6],[-24,-57],[-128,-71],[-25,23],[-14,-33],[-35,-1],[-37,-78],[6,-42]],[[66306,73947],[-4,-29],[-40,-30],[-7,-28],[-73,-56],[4,-64],[-189,-1],[-40,0],[-279,291],[-10,14],[0,-43],[63,-53],[-39,-40],[30,-40],[14,-64],[-41,-93],[32,-70],[-25,-14],[-32,-103],[-39,28],[2,-92],[-30,-14],[-58,-60],[-27,-69],[-19,-21],[-31,9],[-64,-55]],[[63038,83597],[30,41],[26,-28],[-24,-70],[-29,8],[-3,49]],[[63082,83425],[25,23],[26,-39],[-5,-39],[-40,10],[-6,45]],[[63379,83283],[-42,-24],[-34,68],[9,60],[41,57],[26,-68],[17,-18],[-3,-55],[-14,-20]],[[63426,83268],[18,23],[-5,106],[18,153],[25,41],[36,11],[-1,-119],[-26,-16],[-33,-78],[-1,-65],[18,-1],[-3,-60],[-15,-20],[-23,-123],[23,-73],[-12,-25],[-45,-15],[-51,18],[10,31],[-25,31],[30,38],[-27,53],[2,60],[58,39],[29,-9]],[[63617,83200],[61,44],[-8,-56],[-53,12]],[[63684,83341],[-67,0],[-39,9],[17,42],[-2,48],[35,5],[58,-44],[-2,-60]],[[66306,73947],[115,-44],[84,-3],[11,-35],[46,52],[59,-3],[20,64],[49,9],[32,-35],[4,-50],[53,17],[20,-16],[34,20],[20,-24],[-10,-49],[-54,-49],[21,-29],[44,-18],[10,-46],[70,7],[25,-22],[42,8],[28,34],[31,-7],[28,-45],[48,-33],[8,-53],[53,-49],[-96,-292],[-32,-6],[521,-274],[-91,-50],[-71,-22],[-32,-50],[-28,-45],[-1,-43],[16,-47],[-14,-35],[51,-107],[-21,-69],[9,-113],[29,-50],[44,-18],[35,-30],[-11,-25],[0,-1],[-56,-64],[-86,-40],[-20,-54],[6,-62],[-13,-35],[-28,-7],[-15,-35],[-30,-24],[-44,-89],[-44,-35],[-14,-41],[-53,-27],[-1,-19],[-53,-23],[-21,-67],[-43,-15],[-51,-48],[2,-89],[23,-48],[46,-23],[22,-44],[289,-279],[134,3],[2,20],[78,-9],[12,22],[139,21],[67,55],[7,36],[29,35],[-1,46],[29,15],[15,19],[0,79],[-97,61],[-13,32],[27,41],[-9,40],[89,91],[66,16],[12,20],[81,41],[20,-91],[39,-8],[44,11],[0,-83],[17,-8],[37,-77],[-32,-29],[13,-34],[-12,-43],[-20,-7],[-25,-58],[10,-22],[346,2],[0,2],[705,3]],[[69130,71345],[18,-30],[2,-75],[35,-65],[45,-33],[7,-33],[-18,-64],[-34,-23],[-3,-58],[28,-32],[23,-73],[35,-29],[51,0],[37,-12],[32,-42],[11,-90],[16,-28],[82,-42],[43,-56],[35,-21],[44,-3],[49,-64],[0,-42],[19,-39],[-8,-64],[-19,-43],[45,-3],[21,-31],[-39,-39],[-21,-46],[2,-31],[-50,-90],[18,-83],[7,-82],[-37,-30],[-8,-28],[34,-17],[-40,-69],[12,-63],[-11,-44],[-40,-55],[-24,-97],[8,-24]],[[69537,69452],[-13,-55],[-67,-88],[-54,-25],[-20,-23],[-19,-56],[-25,-26],[-60,-19],[-39,4],[-43,31],[-36,3],[-42,-50],[-67,-34],[-49,-5],[-36,33],[-94,17],[-88,-14],[-17,-31],[-47,-40],[-76,-13],[-81,9],[-34,-55],[-53,5],[-9,-43],[-63,-24],[-55,13],[-23,-19],[-61,28],[-17,39],[-39,50],[-67,21],[-21,23],[-5,43],[-28,44],[-52,-21],[-33,35],[-50,22],[-36,40],[-79,34],[-57,-8],[-37,27],[-31,-15],[-56,3],[-47,-29],[-36,32],[-65,-64],[-76,-21],[-58,-57],[-76,13],[-31,-45],[-39,12],[-26,58],[-31,-3],[-39,-34],[-102,-8],[-44,-20],[-17,-57],[4,-46],[-40,-32],[-27,45],[-61,-6],[7,-44],[32,-43],[-34,-34],[-25,45],[-35,-76],[-51,-24],[-27,-54],[5,-74],[-63,-21],[-14,-87],[-53,-62],[-39,-20],[-24,3],[-7,-45],[-36,-79],[5,-75],[-49,-69],[-17,-39],[-22,-2],[-38,24],[-69,-32],[-36,5],[-53,-26],[-76,-68],[-52,-11],[-67,-58],[-54,-35],[-18,-59],[-35,-17],[-56,-2],[-36,-79],[-90,-134],[-50,-17],[-9,-24],[-38,-15],[-35,-69],[-20,-92],[-55,-8],[-44,24],[-22,68],[-85,-42],[-15,18],[-67,26],[-13,-41],[-58,-24],[-10,-40],[-36,-52],[-31,-13],[-42,4],[-37,-63],[-20,-54],[-68,-11],[-21,-18],[-38,2],[-11,-1]],[[63808,82705],[15,-38],[87,171],[34,17],[25,-9],[66,78],[3,74],[50,54],[-23,48],[27,37],[67,-25],[37,-64],[-14,-41],[28,-36],[5,-114],[-49,-61],[-90,-30],[12,-37],[49,-35],[12,20],[54,-54],[-28,-56],[-18,-67],[7,-32],[-33,-27],[-22,-54],[3,-78],[-40,-137],[-22,-103],[14,-46],[27,-17],[20,7],[-5,52],[71,286],[43,21],[60,-88],[27,20],[-7,41],[13,70],[32,69],[61,48],[23,41],[37,-25],[26,86],[38,55],[35,-37],[24,20],[-11,41],[64,129],[-22,73],[23,52],[18,-23],[-24,-147],[20,-78],[-9,-23],[12,-26],[49,-12],[7,59],[-23,46],[35,15],[-6,-107],[58,-38],[45,1],[34,22],[38,-53],[37,-6],[32,54],[25,18],[45,-38],[67,96],[56,42],[0,33],[43,23],[49,4],[36,-19],[-49,-72],[15,-93],[-75,-23],[-42,-117],[-44,-21],[-17,-71],[14,-30],[9,-65],[37,24],[33,3],[37,-57],[45,79],[17,50],[54,-60],[30,40],[53,24],[30,-38],[88,73],[16,-38],[-3,-41],[23,-24],[12,71],[30,15],[50,-119],[17,-21],[-9,-68],[-22,-48],[-45,39],[-77,-1],[-58,-11],[-39,-60],[-54,-17],[-22,-45],[37,-20],[37,0],[16,-24],[36,-13],[70,16],[-7,-49],[-21,-42],[-75,-63],[69,-8],[17,-17],[34,44],[67,12],[57,107],[39,-6],[62,-41],[-73,-74],[-24,-58],[21,-55],[-9,-37],[39,-18],[-23,-25],[-20,-8],[-5,-14],[35,-30],[59,39],[54,-16],[61,95],[27,-41],[-40,-82],[-63,-33],[-65,-58],[32,4],[22,26],[31,-13],[46,24],[37,-28],[22,38],[40,-106],[33,-52],[1,-71],[10,-38],[-32,-45],[49,-37],[2,-47],[-59,-34],[0,-120],[2,-105],[64,4],[83,-70],[13,-48],[21,-10],[51,-65],[25,-126],[39,-88],[26,-98],[-41,-61],[9,-41],[-36,-80],[-29,-18],[-31,5],[87,-105],[102,-118],[25,1],[53,38],[148,18],[26,17],[82,28],[14,5],[56,33],[16,37],[85,49],[24,-5],[54,25],[85,-10],[20,-88],[-98,-7],[-80,-46],[34,10],[48,-18],[70,1],[124,-3],[41,-39],[-44,-164],[-48,-83],[44,14],[33,60],[91,100],[56,125],[22,79],[56,69],[18,37],[58,66],[102,61],[84,-85],[-29,47],[72,172],[26,25],[111,53],[79,75],[38,23],[62,-26],[49,-45],[53,-115],[34,-91],[56,-101],[20,-16],[25,43],[64,51],[36,14],[76,0],[51,15],[17,-19],[72,-19],[12,12],[68,-9],[135,-41],[132,-48],[50,-36],[128,-56],[52,-34],[139,-73],[12,-12],[150,-69],[229,-124],[81,-56],[107,-38],[42,12],[13,-40],[35,-28],[52,-3],[3,27],[-44,-1],[-19,24],[43,25],[108,-134],[35,-33],[66,-60],[100,-70],[48,-24],[94,17],[56,-83],[11,51],[90,-36],[155,-8],[79,42],[20,26],[37,-28],[65,-1],[81,69],[40,0],[-10,-45],[28,-42],[2,45],[121,-29],[103,5],[64,16],[32,-2],[77,-137],[36,-26],[32,94],[66,-21],[49,13],[27,-8],[97,6],[85,-11],[67,3],[34,-45]],[[71998,79470],[-23,-43],[-55,-44],[6,-134],[-37,-22],[3,-72],[-8,-40],[42,-74],[24,-23],[55,-45],[34,-82],[-48,-70],[-9,-65],[-27,-39],[-70,-42],[-10,-27],[-57,-89],[-43,-12],[-27,-40],[3,-58],[-27,-35],[-6,-92],[-56,22],[-33,-102],[-10,-12],[-60,-59],[-52,1],[-114,-34],[-70,-8],[-40,-39],[11,-34],[67,-13],[6,-27],[-62,-43],[-3,-57],[-39,-36],[-21,-71],[-81,-15],[-22,-32],[1,-50],[-15,-27],[-86,7],[-67,-30],[-44,-22],[-64,44],[-37,-1],[-73,-44],[-34,16],[-30,-65],[-32,-5],[-10,42],[-42,3],[-16,-37],[-40,-37],[-25,4],[-34,42],[-16,54],[-18,-15],[-8,-67],[-52,-35],[-8,-68],[-62,-88],[-29,-45],[-80,-39],[-16,-68],[-41,-50],[-14,-6],[-82,-110],[-12,-50]],[[70053,77016],[32,-83],[-8,-47],[-21,-26],[7,-53],[22,-35],[-37,-38],[-82,-194],[-9,-69],[-35,-50],[-56,-35],[-44,-42],[-9,-51],[-16,-44],[-39,22],[-25,-22],[-13,-54],[-23,-49],[-30,-104]],[[69667,76042],[-324,68],[-133,23],[-269,39],[-64,21],[-129,-143],[-364,-382],[-159,85],[-34,8],[-177,-106],[-18,24],[18,30],[-8,61],[22,94],[-39,55],[25,52],[-14,30],[4,89],[-7,37],[-48,34],[-50,63],[-21,-4],[-41,55],[-110,103],[-14,28],[-371,-83],[-1,-3],[-69,-69],[-27,-12],[-122,405],[-364,14],[-21,-180],[-46,-48],[-30,-4],[-278,161]],[[64652,82854],[22,40],[20,84],[24,-39],[-51,-87],[-15,2]],[[64653,82726],[12,44],[40,-14],[-8,-49],[-44,19]],[[64806,83059],[25,42],[47,0],[54,-34],[-16,-48],[-57,35],[-53,5]],[[64960,82943],[-4,-24],[-20,-38],[-29,-3],[-65,57],[-17,75],[33,34],[50,-30],[16,-62],[8,-16],[9,-5],[8,4],[11,8]],[[64981,83018],[14,-90],[-36,-33],[-2,24],[6,23],[-4,3],[-11,-10],[-15,6],[-7,41],[-9,18],[31,89],[53,-42],[-20,-29]],[[65035,83042],[46,-35],[-31,-36],[-52,-15],[-14,61],[15,14],[4,17],[-7,14],[-81,80],[-9,21],[25,37],[45,17],[49,-22],[20,-31],[-4,-16],[32,-5],[2,-23],[-9,-21],[23,-46],[-23,-21],[-31,10]],[[65210,83094],[12,-23],[-46,-24],[-63,35],[-19,36],[-18,13],[5,16],[-25,0],[-19,40],[-2,27],[53,0],[97,-50],[28,-48],[-3,-22]],[[65323,82642],[49,44],[26,1],[-64,-109],[15,-52],[-25,-43],[-48,13],[-21,29],[7,31],[56,41],[5,45]],[[65350,82573],[0,15],[53,87],[-24,68],[42,10],[22,-22],[15,-115],[-18,-20],[-90,-23]],[[65414,82447],[10,62],[21,40],[50,-35],[-20,-28],[-61,-39]],[[65690,81739],[20,9],[37,35],[30,-28],[-52,-44],[-35,28]],[[65723,81880],[2,18],[59,61],[28,-42],[-51,-26],[2,-47],[-37,-15],[-3,51]],[[65785,81740],[-13,64],[6,38],[31,15],[27,-16],[12,-48],[-11,-53],[-52,0]],[[69667,76042],[-47,-84],[-53,-27],[-2,-40],[31,-29],[-16,-26],[-83,-3],[-23,-21],[-89,-122],[-16,-50],[6,-103],[14,-79],[40,-75],[-4,-44],[2,-64],[28,-26],[43,13],[63,-44],[52,-47],[18,-40],[-10,-80],[57,-38],[-19,-86],[-33,-71],[15,-53],[-4,-32],[-98,-190],[-77,-71],[-16,-37],[27,-49],[44,-33],[0,-61],[-43,-37],[-21,-48],[6,-46],[55,-68],[55,-43],[13,-47],[-2,-72],[10,-22],[81,-109],[-18,-84],[9,-49],[37,-106],[0,-65],[13,-47],[35,-42],[20,-123],[18,-30],[12,-84],[-14,-62],[-52,-65],[11,-71],[22,-48],[-1,-72],[-26,-98],[-39,-35],[-57,-29],[-31,-49],[-42,0],[-27,-17],[-24,-81],[-33,-35],[-70,-27],[-12,-87],[-37,-35],[-21,-44],[-11,-64],[-43,-48],[-7,-48],[-26,-37],[-22,5],[-71,-21],[-32,-40],[-9,-38],[38,-50],[-16,-73],[28,-129],[-8,-34],[-35,0],[-12,-36],[7,-95],[13,-45],[-11,-46],[45,-92],[-6,-26],[-44,-64],[8,-27]],[[52022,37253],[41,-14],[38,11],[90,-11],[41,15],[37,-31],[59,5],[56,-11],[12,-37],[63,-6],[46,-64],[23,-11],[7,41],[31,33],[26,-3],[42,33],[26,-15],[104,23],[14,19],[52,-13],[49,3],[34,-16],[84,-12],[9,-27],[52,1],[43,-58],[37,-6],[45,-45],[54,-8],[59,-21],[-13,-25],[-2,-105],[-26,-46],[6,-64],[34,-91],[-39,-128],[10,-20],[-9,-60],[-51,-119],[-6,-38],[57,-47],[63,-83],[1,-68],[15,-13],[50,-106],[7,-65],[26,-67],[59,-52],[93,1],[46,24],[28,87],[61,-17],[-10,63],[18,35],[41,-26],[61,-68],[47,14],[68,66],[27,58],[28,32],[-14,67],[42,39],[8,30],[40,19],[24,-40],[73,-54],[30,-46],[26,12],[38,-13],[46,10],[53,-6],[44,-19],[114,-31],[95,10],[52,-7],[123,14],[71,110],[-7,92],[5,57],[76,81],[69,15],[17,-14],[64,9],[26,-17],[30,-8],[66,17],[79,-21],[9,-18],[85,-38],[21,-36],[24,14],[116,-57],[18,-17],[48,19],[33,-24],[67,18],[40,48],[45,22],[69,-31],[54,19],[82,4],[63,-13],[19,8],[76,-28],[23,-25],[16,-51],[43,-4],[42,28],[1,25],[88,-15],[40,4],[39,28],[54,-23],[34,42],[-47,37],[2,38],[25,12],[39,-11],[10,24],[57,30],[118,-15],[52,5],[40,-30],[46,-15],[42,6],[24,25],[29,36],[45,20],[30,-21],[46,4],[39,24],[43,5],[5,23],[73,62],[19,41],[-34,15],[7,86],[29,44],[103,-8],[34,41],[-18,73],[2,62],[26,-5],[31,89],[-40,41],[-7,37],[75,-3],[90,119],[61,25],[29,25],[-16,48],[10,20],[90,47],[5,60],[85,-29],[44,-52],[38,-25],[51,-66],[-1,-59],[136,-13],[68,-31],[10,-50],[21,-23],[-8,-64],[15,-46],[48,-26],[31,70],[0,47],[43,34],[20,33],[38,-5],[-26,79],[20,61],[-9,97],[-28,105],[21,74],[-5,21],[25,13],[20,-38],[51,30],[40,3],[75,12],[18,88],[19,38],[76,24],[27,-5],[43,-52],[29,32],[63,-39],[57,51],[8,102],[-55,102],[-48,28],[-19,26],[28,29],[14,-18],[72,-28],[36,-40],[25,-63],[81,-89],[37,16],[35,-7],[-39,-71],[-16,-56],[48,-45],[17,-64],[65,-3],[32,15],[94,-70],[34,20],[34,-15],[29,-35],[15,43],[52,-11],[19,-22],[31,21]],[[59523,37475],[33,-16],[95,26],[42,-16],[17,-40],[-5,-38],[43,7],[56,38],[77,-23],[34,29],[101,-61],[55,-57],[62,17],[36,-21],[29,15],[11,-83],[27,23],[38,-5],[74,-77],[31,-60],[27,23],[32,-53],[30,-13],[21,22],[6,-39],[55,-19],[42,53],[29,1],[33,-36],[60,-4],[5,-26],[38,-18],[33,-33],[195,64],[90,-44],[81,-14],[35,-37],[59,35],[124,-30],[36,-26],[112,60],[12,-19],[89,24],[71,-60],[14,-85],[48,-89],[44,14],[42,-5],[86,40],[8,-49],[49,-75],[50,-1],[44,-33],[28,42],[32,13],[58,-9],[57,16],[29,25],[31,-54],[23,-80],[34,-10],[13,-27],[-52,-53],[16,-42],[38,-6],[8,-32],[25,-25],[67,10],[42,-36],[25,47],[42,-3],[20,54],[25,25],[28,99],[68,11],[66,-38],[45,19]],[[62847,36607],[24,-53],[-12,-70],[-23,-33],[12,-31],[-46,-28],[-4,-51],[-43,-51],[-6,-42],[-90,-98],[-56,-28],[-53,23],[-58,-28],[-18,17],[-55,-74],[-22,-112],[-18,-11],[-27,-115],[3,-31],[-20,-52],[-26,-5],[-67,16],[-77,-10],[-38,20],[-42,30],[-26,-24],[-59,-28],[-35,7],[-38,-32],[-19,-95],[27,-28],[-8,-24],[-42,12],[-13,-20],[-43,-2],[-42,17],[-12,-26],[-93,32],[-37,-32],[-40,-14],[-99,38],[-29,32],[-30,-1],[-35,-50],[11,-26],[-17,-49],[-54,43],[-31,-19],[-32,-70],[-23,-26],[-45,-14],[-10,-47],[18,-33],[54,-40],[-6,-27],[-52,12]],[[61225,35256],[15,-37],[-17,-82],[-86,-25],[-102,19],[-49,33],[-28,-9],[-96,23],[-30,-4],[-21,-52],[-38,-10],[5,-50],[-13,-55],[-40,-57],[6,-27],[50,-49],[9,-35],[-80,37],[-85,-6],[-50,25],[-20,-63],[77,-33],[-31,-25],[-50,25],[-60,-6],[-61,-56],[-32,15],[-48,-13],[-60,18],[-21,-18],[-119,-22],[13,-108],[-27,-36],[84,-41],[-89,-26],[-25,1],[-31,54],[-5,64],[-19,17],[-54,-23],[-47,50],[-44,-10],[-29,19]],[[59877,34678],[-43,50],[-25,102],[-78,36],[-29,55],[-53,29],[-57,23],[-29,47],[-82,14],[-18,34],[-54,47],[-10,47],[43,33],[-27,53],[-22,15],[-46,76],[-29,-19],[-37,-7],[-21,-28],[-55,-2],[-40,-27],[-77,-8],[-23,-36],[-1,-38],[-43,-42],[-51,-17],[-78,70],[-10,50],[-27,30],[-55,31],[-47,-25],[-70,5],[-91,2],[-65,-28],[-40,16],[-16,-8],[-35,-66],[-1,-35],[32,-32],[-19,-80],[-12,-57],[-54,-70],[-78,45],[-18,33],[-8,89],[-67,64],[-19,-5],[-16,-30],[4,-61],[-39,-94],[-28,-27],[-34,11],[-33,-55],[-61,-28],[-64,5],[-47,39],[-48,18],[-17,48],[-52,23],[-7,47],[-48,84],[-56,44],[-42,-15],[7,-35],[-21,-78],[57,-67],[23,-54],[-17,-23],[-66,-25],[-70,18],[-21,33],[-45,26],[-133,-24],[-69,25],[-102,-31],[-56,-23],[-73,-11],[-63,13],[-39,9],[-86,-14],[-76,-62],[-43,-18],[-136,17],[-50,26],[-61,-11],[-55,-24],[-92,6],[-74,-48],[2,-100],[-40,-58],[-28,-63],[-8,-79],[29,-54],[-7,-97],[21,-59],[5,-49],[-33,-89],[-39,-21],[-66,51],[-77,47],[-17,42],[10,48],[1,227],[9,41],[-23,142],[-27,88],[-18,21],[-91,39],[-78,-12],[-48,-147],[-60,-126]],[[55660,34570],[-40,-59],[-56,-35],[-28,-35],[-27,-7],[-44,25],[-50,-2],[-44,60],[-33,61],[-14,77],[-39,72],[-35,85],[-13,120],[-8,42],[3,111],[22,110],[30,33],[48,-6],[32,19],[-3,77],[-35,19],[-72,4],[-32,-11],[-47,-39],[-53,-17],[-175,11],[-43,11],[-87,71],[-16,63],[-32,29],[-84,22],[-17,-14],[-53,4],[-52,-17],[-43,-31],[-20,-9],[-174,2],[-83,17],[-74,0],[-41,-17],[-78,-5],[-41,-34],[-76,3],[-39,20],[-91,35],[-54,10],[-74,-17],[-91,26],[-80,78],[-53,29],[-61,3],[-44,-10],[-53,7],[-50,19],[-44,2],[-66,-26],[-103,22],[-34,-15],[-67,11],[-82,62],[-48,63],[-50,50],[-84,39],[-39,16],[-61,-41],[-40,-1],[-62,-36],[-39,-8],[-35,-8],[-62,-101],[-25,-15],[-34,-23],[-59,-93],[-56,-22],[-57,-12],[-60,-25],[-107,-18],[-76,-54],[-60,-24],[-53,-49],[-41,-10],[-49,-9],[-8,-23],[-49,-30],[-30,-42],[-50,-14],[-70,-125]],[[51443,35021],[-39,95],[27,59],[3,67],[-36,80],[0,23],[41,88],[7,47],[-45,92],[3,85],[-10,76],[-25,43],[-14,35],[27,53],[-41,53],[17,42],[1,71],[107,221],[6,41],[55,20],[37,-26],[36,4],[14,24],[0,57],[-15,42],[-72,107],[-2,36],[33,39],[32,9]],[[59432,39940],[1,-39],[49,-58],[-6,-46],[87,-7],[52,-38],[-23,-63],[-44,-20],[14,-33],[98,-95],[-46,-71],[14,-86],[18,-5],[46,-83],[-13,-51],[14,-33],[-23,-65],[-1,-59],[-20,-14],[4,-85],[53,-8],[20,-27],[-8,-43],[-28,-10],[6,-40],[-45,-6],[-7,-50],[-25,-64],[5,-74],[13,-37],[72,-56],[10,-38],[33,-13],[19,-65],[23,-1],[-28,-35],[-57,-36],[-22,-44],[32,-89],[-7,-63],[36,-60],[-8,-60],[49,-5],[-20,-38],[-1,-41],[-61,-2],[-76,-79],[36,-24],[-36,-49],[-3,-85],[-32,-24],[-29,-56],[-26,-21],[15,-51],[-7,-52],[-23,-24],[-3,-44]],[[63214,47744],[0,-39],[-30,-36],[-31,-65],[26,-89],[63,-75],[62,-10],[48,34],[27,-17],[64,17],[60,44],[9,-53],[-52,-55],[-55,-85],[-26,-12],[-22,-46],[-36,-25],[-69,-22],[17,-44],[-57,10],[-6,-29],[-72,-37],[-23,-22],[75,-72],[22,-80],[49,-7],[28,23],[104,29],[70,-40],[58,-15],[18,-43],[17,-112],[26,-34],[-43,-59],[25,-36],[-1,-33],[22,-31],[-15,-80],[18,-44],[-13,-55],[24,-26],[8,-40],[31,-24],[-47,-38],[-37,-60],[22,-20],[70,-21],[45,-53],[49,-29],[14,-54],[75,17],[26,-39],[-1,-35],[22,-36],[61,-43],[12,-40],[36,-19],[20,-64],[48,-3],[-39,-43],[-73,-54],[-33,-64],[-18,-75],[47,-47],[3,-24],[72,-101],[37,-108],[-59,-88],[33,-56],[32,-113],[8,-82],[43,-62],[47,-46],[42,-8],[-52,-50],[-9,-30],[-34,-7],[-48,-55],[-25,51],[-48,5],[-30,44],[-26,14],[-57,-50],[-58,-7],[-28,18],[-38,94],[-78,73],[-102,40],[-46,43],[-17,50],[-40,13],[-20,-24],[-35,-2],[-12,-40],[-28,4],[-9,-71],[9,-34],[-23,-17],[-3,-37],[-48,-115],[-2,-72],[18,-79],[-45,-30],[10,-110],[-13,-20],[-48,-15],[-21,-50],[-50,-20],[-78,-84],[-13,-30],[-32,-9],[-66,-4],[-32,-26],[-81,-32],[-95,-60],[11,-53],[-33,-6],[-26,-43],[5,-39],[-35,-35],[-55,-11],[15,-38],[-1,-58],[29,-67],[62,-19],[59,-64],[39,40],[34,-7],[40,14],[2,-52],[63,-105],[2,-106],[11,-26],[44,-32],[72,-5],[14,-25],[44,15],[-10,-49],[44,3],[29,-24],[-10,-36],[27,-24],[67,-30],[35,43],[71,-7],[105,27],[50,-35],[-9,-32],[36,-37],[30,-67],[105,3],[33,-57],[3,-80],[-14,-114],[-16,-7],[-69,18],[-25,-34],[40,-36],[46,-81],[42,-29],[34,22],[35,-37],[58,8],[24,-34],[-28,-34],[7,-35],[-94,-94],[32,-45],[-45,-55],[-9,-77],[-31,-7],[8,-175],[-33,-38],[-42,-100],[-37,7],[-12,-28],[36,-86],[64,-12],[47,-81],[122,-87],[51,10],[15,-29],[66,-77],[-6,-116],[-36,-42],[-45,-18],[-36,17],[-44,-49],[31,-49],[56,-55],[32,-50],[-25,-38],[3,-83],[-44,-61],[-34,-6],[58,-69],[11,-46],[-74,-18],[4,-53],[-42,-52],[22,-39],[13,-51],[-21,-14],[-16,-61],[53,-59],[62,37],[62,10],[71,-8],[28,-15],[9,-66],[120,-72],[23,-47],[49,-9],[75,20],[18,-31],[37,0]],[[64426,40386],[38,-41],[2,-60],[-64,-67],[60,-88],[2,-25],[-22,-69],[-36,27],[-57,24],[-40,-42],[14,-30],[35,0],[0,-59],[-50,-67],[-26,-67],[6,-29]],[[64288,39793],[-67,30],[-34,-10],[-70,-68],[-19,-50],[-38,-15],[-20,-48],[-53,-23],[-27,-58],[-98,-17],[-37,13],[-95,6],[-15,-27],[-71,-47],[-15,7],[-43,-39],[1,-37],[-61,-36],[-62,-81],[-15,-31],[16,-25],[-34,-56],[-4,-52],[19,-70],[31,-34],[11,-129],[-39,-68],[3,-67],[-17,-103],[-49,-37],[-13,-47],[-51,-26],[-7,-83],[-15,-47],[87,-52],[35,16],[20,-48],[-21,-117],[-52,-20],[10,-28],[-18,-32],[13,-32],[-54,-91],[-1,-36],[-50,-104],[35,-38],[-30,-21],[-2,-94],[-57,-32],[3,-56],[-27,-26],[-18,-107],[-32,-4],[-9,-89],[-18,-9],[-13,-14],[-32,-85],[-20,-39],[-3,-126],[-21,1],[-44,-77],[6,-63],[-17,-24],[-11,-40],[-28,-13],[-54,-144],[8,-52],[-27,-48],[8,-24],[-19,-43]],[[61225,35256],[72,-43],[31,-5],[36,41],[56,-28],[53,-5],[37,10],[23,67],[22,22],[64,-26],[67,-67],[39,17],[67,-87],[3,-38],[57,-51],[-2,-23],[60,-94],[17,-11],[17,-65],[21,-24],[57,23],[38,-50],[66,-53],[15,-66],[-10,-23],[46,-64],[25,13],[54,-42],[-5,-52],[44,-36],[90,-27],[37,-49],[36,-26],[-6,-23],[74,-36],[50,-8],[29,51],[32,-13],[47,8],[18,35],[34,-2],[56,55],[-64,17],[2,55],[25,5],[6,68],[17,-2],[98,78],[56,-37],[50,-97],[33,-16],[17,-33],[44,-49],[-13,-42],[-45,-35],[-17,-36],[0,-15],[13,-81],[-16,-91],[-50,-9],[-66,-61],[-9,-61],[11,-23],[-6,-140],[-43,11],[-73,-36],[-25,-44],[-13,-56],[-21,-2],[15,-38],[92,-9],[36,-46],[34,6],[27,-27],[2,-46],[48,-15],[6,-28],[43,3],[79,-112],[20,-15],[41,17],[29,-10],[51,-54],[28,-3],[138,60],[41,40],[61,-17],[69,44],[45,2],[23,-24],[40,17],[50,-20],[45,10],[15,53],[31,17],[36,-15],[101,31],[15,15],[43,-34],[63,-21],[91,48],[48,-37],[77,49],[43,-25],[53,-9],[42,7],[32,-21],[28,12],[47,-7],[35,-22],[-23,-35],[43,-75],[46,9],[46,-73],[36,-44],[3,-103],[25,-39],[38,20],[77,-15],[31,19],[29,-12],[85,-1],[-5,35],[24,19],[57,-6],[77,-35],[32,-63],[54,-23],[-5,-59],[33,-55],[35,-30],[85,2],[20,60],[56,-46],[35,45],[18,65]],[[65518,33065],[29,-52],[39,-23],[47,-60],[-2,-62],[-15,-64],[13,-65],[-4,-36],[47,-18],[-6,-30],[20,-101],[24,-10],[8,-116],[-32,25],[-58,-28],[-21,-45],[-58,-13],[-15,-40],[30,-64],[-48,-58],[7,-33],[-57,-39],[21,-33],[63,17],[21,-70],[49,-47],[19,-47],[39,9],[13,-28],[34,-13],[14,-53],[-15,-32],[8,-36],[26,-11],[-11,44],[60,3],[14,48],[38,-8],[20,-64],[44,5],[38,-59],[-23,-88],[19,-38],[32,10],[39,-13],[60,-159],[-12,-50],[28,-41],[-19,-32],[-33,-79],[-21,5],[-37,-35],[1,-39]],[[65995,31199],[-75,1],[-28,-32],[-81,-7],[-6,-27],[-64,-31],[-80,-18],[-9,-45],[-59,-3],[-73,42],[-38,-4],[-62,51],[-62,-21],[-26,43],[-26,25],[-49,-9],[-50,-34],[-42,-11],[-24,-51],[-13,-72],[-17,-27],[-3,-50],[22,-57],[-8,-120],[45,-109],[-67,-77],[25,-25],[-23,-10],[-42,28],[-139,-56],[-18,55],[-28,12],[-40,-9],[-25,23],[-39,108],[-23,-7],[-65,25],[-34,-37],[-58,8],[14,-56],[1,-86],[14,-18],[-70,-58],[-73,-39],[-91,-70],[-59,-36],[0,-17],[-63,-45],[17,35],[-17,65],[-189,-90],[-131,-47],[-52,-39],[-91,-30],[-256,-67],[-61,-9],[7,40],[-41,6],[-12,34],[-104,19],[-17,-38],[-27,21],[-24,-17],[-13,30],[22,28],[-42,42],[-30,51],[16,64],[-3,36],[52,63],[-53,24],[-4,75],[30,26],[-9,44],[-43,2],[-16,-19],[-66,-28],[-68,19],[-36,64],[-34,-46],[-43,-53],[-16,-46],[12,-85],[24,-35],[-47,-36],[-18,5],[-67,-26],[-62,-7],[-55,12],[-29,38],[1,30],[-67,36],[-43,-32],[-41,43],[-26,-14],[-40,44],[0,47],[-41,-2],[-58,46],[-46,82],[3,61],[89,62],[-25,75],[15,20],[54,134],[-48,25],[-49,12],[-69,97],[-12,53],[-24,-5],[-32,-16],[-59,5],[-33,-12],[-36,35],[-16,59],[-70,-26],[-26,-20],[-59,-4],[-38,-8],[-40,-29],[-50,42],[-91,4],[-14,69],[-53,-10],[-37,-76],[-64,-32],[-37,60]],[[61486,31226],[26,43],[-50,50],[15,48],[-7,27],[23,30],[0,49],[-23,20],[-3,38],[-34,-5],[-49,17],[-42,40],[-57,-43],[-31,37],[-24,46],[-24,2],[-23,44],[0,35],[1,40],[-44,8],[-19,-36],[-40,-23],[-17,-43],[-31,21],[-54,0],[-52,46],[-6,38],[-37,-28],[-19,-5],[-92,17],[-10,-42],[-46,-18],[-27,-36],[-38,-8],[-19,-23],[-91,-24],[-69,18],[-44,-22],[-50,16],[-21,61],[26,33],[-8,35],[26,32],[-44,39],[-32,79],[2,31],[-28,24],[-6,61]],[[60294,31995],[-16,51],[-60,40],[24,42],[-14,17],[-48,-5],[-51,61],[-11,46],[14,37],[-36,51],[27,54],[-47,62],[7,49],[-15,26],[-2,54],[-23,49],[30,94],[-21,29],[-65,44],[-23,30],[5,35],[-45,11],[-32,32],[-35,67],[30,76],[28,73],[-23,70],[24,20],[20,46],[36,9],[13,59],[-7,42],[37,35],[2,37],[44,-11],[76,1],[31,61],[10,55],[-6,48],[-30,13],[9,44],[-32,21],[-43,120],[10,12],[-9,48],[-28,59],[-128,44],[-35,35],[-45,21],[-27,29],[-71,47],[9,40],[-14,44],[18,31],[-20,62],[-9,85],[30,42],[-2,40],[20,64],[27,23],[39,61],[33,80],[3,21]],[[65995,31199],[-22,-79],[-65,-65],[-25,-49],[-43,1],[-12,-51],[-33,-41],[3,-125],[8,-41],[21,-55],[59,10],[29,-37],[89,-15]],[[66004,30652],[74,-8],[6,-49],[33,-52],[9,-41],[-9,-62],[46,-10],[47,25],[24,-95],[18,-22],[-8,-53],[13,-21],[-11,-46],[-55,-38],[12,-56],[-54,-103],[17,-37],[-37,-43],[-2,-32],[22,-51],[-6,-40],[-60,4],[-102,-53],[-33,23],[-50,-8],[-23,-6],[-27,-51],[5,-22],[-29,-113],[-16,-24],[-59,-33],[20,-76],[-32,-79],[-58,-27],[-18,-33],[-45,-27],[-3,-30],[31,-83],[-28,-21]],[[65616,29159],[-77,7],[-52,26],[-46,-41],[-31,3],[-102,-48],[-12,-30]],[[65296,29076],[-57,-66],[-22,9],[-33,12],[-68,-23],[-17,-44],[-37,-15],[-58,6],[-58,-58],[-58,23],[-141,-11],[-57,-37],[-52,-14],[-40,-17],[-41,-12],[-45,-39],[-15,-35],[-24,-41],[-173,-90],[-26,-75],[-22,-15],[-40,8],[-87,-10],[-63,-54],[-19,4],[-64,-42],[-18,1],[-15,79],[-19,3],[-68,38],[-50,45],[-16,-5],[14,-22],[-32,-76],[-25,8],[-36,-40],[-52,-28],[-78,-12],[-13,11],[46,65],[-9,38],[-28,28],[-31,-44],[-42,-13],[-21,-36],[-107,-34],[-33,38],[47,96],[-7,57],[-35,9],[-37,-34],[-41,18],[-30,-19],[-22,-60],[15,-22],[28,-5],[44,-74],[-41,-31],[-59,7],[-18,-31],[-63,-32],[-20,-25],[-54,-14],[-18,-61],[31,-37],[23,-5],[88,46],[53,-2],[43,-90],[3,-31],[-40,-52],[37,-65],[-63,18],[-30,38],[-35,-33],[7,-79],[-6,-26],[-42,-29],[-26,27],[-5,35],[-46,10],[-55,-20],[-21,-59],[-29,-26],[-41,-12],[-5,79],[-39,35],[-10,37],[-54,-73],[-43,-13],[-38,-34],[-43,-15],[-36,-51],[-42,12],[-54,-30]],[[62517,27818],[-28,12],[-70,-7],[-64,-39],[-34,-34],[-24,32],[26,40],[-13,94],[-26,-16],[-82,-2],[-148,-65],[-19,38],[-27,-7],[-38,-51],[-49,27],[-60,-43],[-26,11],[-45,59],[5,151],[28,75],[65,59],[-4,15],[-65,12],[-46,36],[-51,1],[-73,37],[-30,-3],[-10,53],[-35,5],[6,29],[-23,40],[22,13],[118,22],[56,4],[-8,44],[-54,20],[-5,34],[38,7],[-39,60],[-23,62],[42,42],[-7,27],[-49,19],[-34,47],[-66,6],[-15,23],[-114,41],[26,60],[-43,4],[-11,58],[-68,19],[-71,2],[-33,7],[-78,53],[12,126],[-33,-8],[-49,81],[-8,41],[-37,12],[-12,26],[40,27],[5,40],[-18,43],[38,44],[31,76],[21,84],[-8,20],[65,-11],[11,59],[61,19],[-23,106],[-27,6],[-25,37],[-62,-11],[-92,13],[-13,28],[56,19],[71,10],[-47,81],[23,39],[29,-4],[29,37],[81,-14],[-12,51],[-56,48],[-23,58],[0,30],[-32,29],[-13,50],[47,38],[12,40],[-43,81],[-54,31],[86,117],[-3,31],[53,27],[-1,71],[17,71],[-14,20],[17,76],[64,-19],[64,11],[-5,50],[26,15],[19,60],[63,44],[-13,30],[27,89]],[[64288,39793],[-20,-81],[-82,-88],[-11,-71],[46,-64],[0,-49],[-28,-47],[2,-85],[-19,-25],[-60,-17],[-44,-38],[-8,-49],[35,-40],[104,-24],[93,-95],[69,9],[17,-52],[-47,-58],[-4,-34],[19,-48],[-32,-73],[8,-68],[18,-37],[59,-69],[35,-71],[5,-38],[-28,-69],[-9,-51],[50,-87],[67,20],[22,-65],[34,-8],[15,42],[44,-3],[6,-74],[56,-4],[29,32],[16,49],[107,-12],[27,11],[45,-13],[20,-34],[74,-29],[-9,-44],[51,-45],[14,21],[-9,41],[43,0],[47,44],[21,-26],[40,26],[30,-13],[12,-39],[90,-8],[12,-17],[-5,-133],[44,-23],[9,-74],[-55,24],[-7,-55],[31,-20],[55,-10],[25,-29],[-18,-31],[32,-37],[69,-2],[-13,-32],[46,-49],[6,-43],[-27,-19],[-32,-71],[13,-44],[31,-31],[7,-34],[-37,-9],[12,-47],[33,-10],[-28,-74],[20,-42],[38,15],[37,-25],[-22,-38],[80,-11],[13,-62],[41,-36],[18,-37],[68,-63],[35,34],[28,-15],[-13,-45],[-45,1],[33,-63],[26,-5],[23,-56],[-25,-50],[-22,-7],[-9,-61],[-9,-9],[-24,-57],[-36,1],[0,-43],[17,-35],[-6,-85],[47,-4],[-6,-49],[-54,-45],[81,-79],[-43,-48],[17,-12],[76,8],[76,-36],[-37,-34],[20,-20],[36,-91],[-42,-20],[22,-46],[-21,-10],[17,-18],[39,15],[17,-47],[61,-30],[-9,-73],[2,-43],[-32,-28],[-23,-47],[-39,-11],[6,-52],[-56,-32],[-20,-32],[-2,-83],[-18,-52],[9,-45],[-15,-56],[-32,-36],[63,-41],[-5,-34],[39,-42],[-20,-52],[20,-61],[2,-45],[47,-17],[-3,-48],[39,-39],[-2,-19],[36,-64],[97,51],[53,15],[58,1],[32,5],[1,-48],[-29,-55],[82,-55],[72,13],[18,-39],[-15,-31],[26,-56],[3,-66],[41,-18],[37,26],[-4,27],[36,21],[20,-17],[50,4],[50,44],[31,-71],[74,-14],[2,-70],[-18,-54],[7,-23]],[[66834,34451],[-27,-38],[31,-35],[-47,-11],[-36,-30],[8,-51],[-3,-83],[6,-46],[-22,-55],[35,-55],[-42,-32],[-20,-46],[34,-41],[-47,-29],[-33,-30],[-64,50],[-15,-32],[-33,-18],[-22,17],[-43,-18],[-68,-44],[-26,-86],[12,-46],[-58,-29],[-47,18],[-11,-79],[-29,-14],[-64,-61],[26,-44],[-14,-22],[-45,-13],[-8,-35],[-15,-31],[4,-82],[-19,-48],[-29,-29],[-63,-17],[-14,-35],[-54,-59],[-22,-9],[-72,36],[-26,38],[-49,-10],[-38,-34],[-40,18],[-58,-63],[4,-40],[-36,-26],[-33,45],[-26,-17],[-58,15]],[[73008,46785],[-72,9],[-18,20],[-42,1],[-41,-23],[-19,8],[-60,-67],[-34,2],[-31,-33],[-44,-4],[-12,27],[-49,-11],[-144,35],[-54,-22],[-12,10],[-133,11],[-22,-81],[16,-26],[-23,-72],[-30,2],[-39,-29],[79,-56],[50,-13],[67,0],[34,29],[40,-14],[52,-59],[-9,-42],[-67,-30],[-57,-54],[31,-77],[25,-15],[15,-48],[-24,-14],[-23,-76],[-31,-59],[-62,-16],[16,-25],[61,2],[35,-15],[32,33],[48,-9],[32,-58],[28,-26],[-8,-44],[-128,-63],[-20,-52],[26,-45],[48,-48],[6,-35],[-41,-38],[4,-45],[-63,-61],[-2,-29],[-88,-46],[-21,-54],[0,-44],[-18,-33],[18,-53],[67,-2],[-35,-68],[21,-41],[-31,-40],[-34,-29],[-63,1],[-54,-13],[-18,34],[-60,8],[-21,42],[-36,-64],[-52,9],[-39,-25],[-62,-74],[-49,-127],[-30,-53],[47,-70],[2,-34],[35,-50],[-2,-59],[-87,-45],[-32,-30],[-66,-23],[-27,9],[0,37],[-81,18],[-39,-13],[-71,5],[-39,-15],[-20,-48],[8,-46],[-16,-36],[-25,-42],[-48,0],[-15,-29],[-68,-34],[-50,44],[-52,-11],[-10,-23],[-46,-9],[-32,22],[-44,-12],[-21,-42],[-69,-9],[-129,51],[-16,18],[-42,-7],[-78,-66],[-64,19],[5,-74],[55,-116],[-3,-47],[33,-23],[5,-93],[54,-19],[-17,-35],[-76,-40],[-27,7],[-30,-36],[-20,9],[-66,-50],[-83,-49],[-10,-32],[-51,-48],[-16,19],[-52,3],[-21,2],[-31,-68],[-40,-34],[-18,39],[-29,-8],[3,-54],[-42,-75],[-72,-20],[-50,-30],[-7,-61],[17,-49],[-60,-35],[30,-58],[-40,-52],[8,-43],[-41,-11],[24,-36],[-27,-47],[-22,5],[-28,-53],[8,-51],[-58,-13],[-27,-44],[-113,-17],[-35,24],[-20,-37],[-34,14],[-30,-105],[-22,-6],[-63,-66],[-30,-67],[10,-53],[-38,-54],[-54,1],[-23,-32],[-38,-21],[-38,-47],[-30,-72],[-59,-92],[-49,-2],[-48,-64],[-40,58],[-36,5],[-1,-49],[-67,-24],[2,-39],[-25,-32],[19,-30],[36,-7],[15,-73],[-4,-46],[-43,-22],[-52,-17],[-84,89],[-38,18],[26,-60],[-37,-83],[30,-22],[-7,-43],[-66,-36],[-41,-40],[58,-63],[-54,-8],[-54,46],[-12,-47],[-33,10],[-13,-34],[7,-57],[-88,49],[-50,-20],[6,-38],[-46,-1],[-4,32],[-46,-5],[-41,71],[-37,-60],[7,-35],[-75,35],[-54,-42],[21,-35],[-22,-68],[16,-34],[-54,-45],[-48,-14],[22,-95],[29,-10],[-4,-50],[-47,-13],[16,-35],[-10,-110],[-14,-37],[-34,-8],[-28,-68],[-73,-82],[-21,-46],[25,-21],[-48,-51],[-77,-23],[-41,18],[-15,-21],[10,-59],[-24,-38]],[[67638,40557],[-29,61],[-57,26],[-28,38],[0,36],[-66,76],[-2,68],[-57,67],[0,54],[-52,35],[-19,41],[28,59],[-2,53],[-18,46],[22,21],[-22,52],[6,69],[-26,24],[-4,36],[-56,59],[-52,26],[-17,-5],[-20,-75],[11,-36],[-20,-17],[-1,-41],[-28,-39],[-10,-47],[15,-21],[-20,-41],[10,-26],[-10,-77],[-59,-34],[1,-23],[-58,-88],[-19,-14],[-30,-106],[-33,-76],[-24,-11],[-39,14],[-1,54],[-38,13],[-32,-20],[-7,43],[-31,-3],[-22,30],[-37,20],[-36,-49],[-44,18],[-90,-25],[-59,32],[-28,-2],[-7,-97],[8,-91],[-12,-77],[-42,6],[-74,-16],[-55,-30],[-23,-151],[-23,-41],[2,-42],[-37,-36],[-3,-99],[-48,5],[-28,-15],[-61,6],[-30,29],[-89,6],[-17,22],[20,56],[8,70],[-26,47],[24,30],[-39,27],[-49,-84],[-30,20],[-60,-54],[18,-39],[-39,-80],[-56,-21],[-43,-32],[-16,-33],[-36,42],[-43,-39],[-15,-52],[-39,-36],[-6,-47],[-41,-33],[-65,16],[-14,-9],[-41,49],[-23,-21],[-25,28],[-44,-5],[-60,86],[-22,-12],[-118,53],[-62,-12],[-124,94],[-11,87],[-39,67],[-130,63],[-2,45],[-39,37],[-77,-56],[-44,-7],[-43,-31],[-12,-59]],[[67638,40557],[-18,-36],[-50,-51],[-2,-35],[25,-18],[-50,-36],[-33,-82],[-50,-5],[-31,-36],[-55,-1],[-22,-50],[-21,29],[-59,-31],[-23,-36],[45,-59],[-3,-120],[-82,-3],[2,-25],[-86,-76],[0,-30],[-48,-38],[-75,36],[-52,8],[-41,-62],[41,-53],[28,-54],[4,-34],[65,-27],[57,-9],[-5,-39],[58,-69],[-19,-37],[57,-34],[3,-43],[113,-2],[69,33],[44,-13],[-11,-55],[42,-18],[62,-3],[3,-25],[-54,-36],[-16,-33],[-36,-19],[-34,5],[-34,-68],[52,-31],[-19,-57],[-58,-10],[-50,8],[1,-35],[-50,-11],[-90,-67],[-51,16],[-39,-30],[-35,-7],[-21,-37],[-34,3],[34,-54],[-5,-80],[-12,-36],[32,-32],[49,-23],[14,-56],[44,25],[-15,38],[62,35],[48,-1],[25,27],[51,-5],[67,-86],[53,-17],[21,20],[36,-5],[52,23],[8,66],[62,44],[53,-65],[28,3],[0,41],[37,-8],[17,-58],[112,5],[12,-32],[35,-18],[34,16],[91,-65],[28,1],[46,-28],[9,-25],[60,-19],[38,36],[62,-11],[6,-36],[-7,-79],[-50,-49],[-6,-30],[45,-35],[30,-49],[45,10],[3,-48],[22,-55],[0,-42],[31,-2],[23,-47],[34,41],[52,25],[69,-11],[104,-34],[14,17]],[[68655,38141],[-18,-40],[-85,-35],[-10,-22],[32,-95],[30,-4],[48,-49],[-17,-34],[1,-56],[24,-44],[-32,-74],[29,-25],[-34,-38],[9,-46],[51,-29],[120,15],[15,50],[-31,12],[6,41],[39,103],[24,30],[2,58],[55,7],[18,-24],[63,34],[89,-61],[50,-68],[23,-9],[-14,-63],[24,-27],[80,-21],[23,-41],[26,2],[24,-46],[25,7],[25,-65],[36,-15],[58,-54],[30,84],[71,23],[54,-24],[73,-64],[33,6],[17,-47],[65,10],[77,29],[25,-14]],[[69908,37418],[-1,-6],[-32,9],[-24,-45],[-20,17],[-23,-73],[61,-73],[49,-27],[-9,-46],[19,-38],[-12,-54],[39,-123],[-34,-67],[-40,-62],[-11,-35],[-61,-38],[-65,-4],[-79,-21],[-58,-46],[-32,13],[-54,-2],[-60,-39],[-50,7],[-47,-25],[18,-32],[-26,-34],[-45,49],[8,44],[-65,37],[-34,-4],[-7,-86],[8,-67],[21,-68],[-14,-30],[14,-31],[-2,-60],[-25,-39],[3,-56],[-39,-118],[-23,-24],[-2,-53],[-23,-29],[-5,-70],[-30,-30],[-122,-45],[32,-29],[-28,-55],[-46,11],[-25,-40],[-49,2],[-23,19],[-55,-8],[-59,26],[-44,56],[-36,7],[-35,33],[-10,48],[22,41],[-36,39],[7,25],[-111,-2],[-29,11],[6,-67],[22,-116],[-9,-78],[2,-72],[-17,-52],[2,-44],[22,-26],[-19,-40],[-52,-24],[-2,-88],[57,-16],[45,17],[12,-36],[49,8],[21,42],[60,30],[86,-26],[27,29],[41,-18],[48,11],[-28,-71],[2,-30],[36,-32],[-8,-21],[24,-43],[-20,-21],[-51,-8],[-20,-49],[-29,6],[-35,-41],[-5,-65],[-17,-36]],[[68699,35101],[-62,-58],[9,-47],[-51,-32],[-25,-83],[-17,-45],[-8,-100],[49,-38],[58,2],[21,-17],[40,53],[62,19],[76,-41],[63,80],[64,-9],[3,-48],[36,-96],[-14,-46],[-47,-44],[-18,-47],[18,-57],[59,-16],[30,-66],[-48,-27],[-21,-30],[25,-34],[-35,-62],[54,-23],[14,-39],[35,-14],[-5,-48],[-11,-45],[-80,43],[-35,64],[-39,-37],[-78,-22],[-78,-8],[0,-37],[-29,-83],[-23,5]],[[68691,33968],[-63,-34],[-30,-41],[-71,-20],[-6,-43],[-80,8],[-29,-92],[-21,-39],[-59,-4],[22,-59],[-37,-26],[-65,29],[-29,-3],[-72,71],[-43,-29],[-28,2],[-23,43],[-58,67],[7,55],[39,84],[-20,54],[-82,55],[-81,84],[-56,3],[-7,-24],[-50,-54],[-31,-8],[-48,12],[-42,-100],[-81,-10],[-2,87],[12,33],[-72,24],[-14,24],[-53,-2],[-60,49],[-38,6],[-26,-24],[-32,25],[6,31],[-119,30],[-14,27],[-90,1],[-20,30],[-4,67],[-69,-26],[11,56],[-40,62],[-89,2]],[[68691,33968],[29,-38],[41,-18],[20,-77],[44,32],[21,-7],[57,35],[32,-1],[31,36],[25,-3],[43,-128],[-109,-64],[23,-111],[39,-35],[-10,-30],[17,-42],[43,-21],[-7,-24],[-65,1],[-13,-64],[26,-26],[-73,-4],[-44,28],[-25,-42],[-35,-3],[-78,-53],[-7,-79],[29,-49],[-29,-32],[-43,1],[-20,-70],[30,-27],[-2,-71],[15,-32],[0,-51],[39,-44],[-26,-20],[-17,-44],[27,-24],[43,16],[46,-27],[-23,-38],[11,-27],[-26,-42],[25,-27],[-9,-38],[39,-21],[-26,-102],[-44,16],[-21,51],[-61,-13],[-9,-30],[-110,-48],[-6,-60],[-16,-29],[-1,-61],[-28,-4],[-47,-35],[-13,30],[-34,-7],[-8,-25],[-50,-1],[-19,-19],[-3,-50],[14,-112],[10,-30],[-38,-33],[-6,-33],[-33,-12],[-63,-48],[-4,-40],[-92,2],[-12,21],[-60,-32],[-27,-48],[-25,14],[-41,-58],[-19,-53],[-45,-24],[-49,-10],[-26,12],[-51,-49],[6,-39],[40,-17],[33,-38],[-3,-55],[39,-23],[-7,-31],[20,-40],[-36,-49],[-43,-33],[-7,-37],[22,-33],[-20,-63],[-42,-9],[-38,70],[-6,35],[-51,44],[-54,2],[-62,17],[-33,-16],[-5,-70],[-32,-4],[-21,-69],[28,-51],[-17,-71],[-42,-37],[-30,-47],[-12,-43],[-35,-19],[-45,62],[-107,70],[19,-42],[-51,-10],[-17,-31],[-67,22],[-17,-47],[47,-8],[14,-33],[-79,-54],[-66,2],[-38,-43],[-1,51],[-20,35],[25,45],[-28,33],[-98,13],[-67,76],[-21,50],[3,57],[15,79],[-9,48],[-59,-61],[-50,-27],[-25,18],[14,-34],[-43,-70],[-22,-12],[-46,37],[-15,57],[-111,-50],[-58,14],[-55,-19],[-35,29],[-36,-37],[23,-19],[-16,-34],[37,-47],[7,-49],[54,-8],[14,-66],[-25,-30],[-44,-18],[-41,5],[-51,-21],[-44,-72],[-38,22],[-89,-96],[12,-52]],[[71862,33275],[-9,-31],[-61,-47],[-49,6],[-15,-89],[14,-35],[-59,-57],[-28,-88],[0,-37],[-38,-48],[-121,14],[-61,-28],[-59,6],[-104,-63],[-29,-35],[23,-48],[57,-43],[69,-33],[11,-20],[-43,-10],[-5,-39],[-41,-47],[2,-19],[-27,-11],[-22,-61],[-53,5],[-25,-78],[-32,-35],[-13,-37],[-28,-46],[30,-61],[-18,-51],[32,-21],[-2,-51],[-88,-84],[-2,-66],[-19,-26],[32,-50],[-27,-14],[14,-59],[-27,-17],[-18,-43],[24,-35],[-33,-16],[-32,26],[-24,-28],[8,-45],[-39,-81],[26,-10],[54,-79],[-47,-41],[-17,-44],[-29,7],[-35,-78],[-26,-37],[-46,-33],[-15,-24],[-36,-71],[48,-57],[10,-45],[93,11],[59,-55],[20,-35],[-2,-61]],[[70984,30847],[-89,-39],[-15,-22],[-49,-21],[-47,11],[-48,-18],[-29,-29],[-65,-32],[-91,-32],[-8,-4],[-72,-42],[-192,-88],[3,-23],[-61,-14],[-14,-12],[-122,-46],[-104,-53],[-106,-63],[-97,-44],[-51,-11],[-119,-48],[-1,-18],[-59,-60],[-134,-62],[-54,-53],[-26,10],[-75,-34],[11,-54],[-87,-70],[-73,24],[-40,-19],[-11,-35],[-39,11],[-12,74],[37,33],[6,59],[0,15],[-53,-6],[-37,25],[-73,-37],[-53,22],[-36,53],[-82,-8],[-50,-24],[-48,36],[-50,7],[-120,-97],[-82,-48]],[[68367,29961],[-57,-32],[-94,-7],[-7,33],[-133,-65],[-58,82],[-45,-68],[-70,41],[-43,-19],[-9,-27],[-30,23],[-64,-4],[-49,-49],[-47,22],[-8,27],[-41,27],[-58,-42],[-69,-21],[-27,-21],[-83,-4],[-1,-33],[-138,-49],[-24,-23],[-57,-13],[-59,-40],[-23,21],[-42,4],[-16,-21],[-44,0],[-53,-39],[-27,0],[-55,-50],[-12,-34],[-75,-52],[-45,2],[-21,-32],[-27,-28],[-26,14],[-25,-34],[-59,-3],[-21,-20],[-6,62],[-64,3],[-23,-27],[-50,-19],[-81,21],[-69,-40],[-8,24],[-88,19],[-43,-17],[-23,-46],[-74,-68],[-105,-75],[-44,3],[-58,27],[-74,-31],[-86,-123],[-13,19]],[[68699,35101],[54,-27],[62,48],[51,-1],[47,-16],[18,27],[119,-46],[12,24],[89,38],[51,8],[55,-9],[4,35],[31,21],[56,26],[59,-37],[24,27],[65,-48],[9,-23],[55,-26],[38,34],[27,-9],[35,32],[53,24],[85,-18],[24,-19],[23,35],[47,-12],[28,31],[30,3],[25,-25],[53,45],[78,14],[14,17],[58,78],[-21,24],[-1,47],[29,19],[76,27],[33,34],[30,2],[22,28],[45,-194],[68,-25],[2,-95],[-19,-49],[13,-61],[-32,-20],[-26,-55],[3,-113],[10,-35],[40,-4],[62,-42],[-41,-99],[108,1],[66,83],[-4,45],[45,17],[13,33],[31,8],[62,-46],[64,5],[29,-13],[5,67],[58,14],[24,31],[39,8],[16,32],[83,-16],[34,147],[-16,8],[11,64],[76,36],[58,-71],[28,-3],[38,45],[10,91],[34,10],[26,62],[37,-36],[81,83],[77,-10],[21,-17],[17,62],[-2,65],[48,-12],[40,13],[81,-20],[21,9],[38,61],[45,10],[26,49],[30,23],[58,-9],[21,26],[15,80],[-21,51],[33,43],[-31,61],[-60,59],[-38,67],[38,10],[15,45],[-51,49],[76,51],[-3,37],[-28,31],[34,41],[111,-44],[112,67],[80,82],[25,12],[2,62],[-28,45],[5,90],[83,105],[7,-45],[85,-27]],[[72509,36668],[52,-42],[54,-75],[17,9],[48,-26],[0,-24],[60,-38],[43,19],[1,-41],[70,-33],[42,-41],[47,-80],[28,-95],[26,-12],[6,-61],[-50,-14],[14,-46],[-16,-60],[17,-37],[-28,-90],[12,-22],[62,-11],[16,-15],[16,-66],[28,-18],[7,-36],[-14,-46],[77,-62],[32,-12],[-6,-43],[34,-17],[-14,-44],[-39,-4],[16,-59],[-17,-25]],[[73412,39239],[-62,-43],[-13,-47],[-25,-3],[-25,-34],[-36,1],[-27,-33],[-34,-1],[-27,62],[25,50],[-39,19],[-28,-67],[15,-12],[-32,-62],[-35,26],[-27,-22],[-44,9],[-3,-34],[-25,-50],[-84,5],[-35,33],[-61,13],[-44,-1],[-55,-38],[-32,-66],[-49,-70],[-74,22],[-34,28],[10,69],[-34,16],[-47,-3],[-29,74],[14,22],[-7,86],[2,67],[-35,49],[-47,27],[-44,45],[16,39],[-27,34],[-25,32],[-54,-5],[-45,-42],[-12,-94],[-17,-25],[-53,-18],[-30,16],[-17,100],[-33,21],[-49,-14],[-14,29],[-65,15],[-80,-33],[-41,-1],[6,-41],[-55,-9],[-28,10],[-38,-38],[-29,-94],[-38,-58],[-34,-3],[-21,71],[-40,25],[7,94],[-35,14],[17,43],[-49,11],[22,53],[-14,30],[30,81],[-6,77],[-79,11],[-43,38],[-74,37],[-16,-17],[-34,40],[-51,-5],[-21,-62],[-6,22],[-53,-8],[-45,10],[-26,31],[-24,72],[-18,2],[-34,51],[-33,15],[-22,-23],[-33,33],[-67,-16],[-11,97],[-45,26],[-5,27],[-40,34],[16,87],[-13,38],[0,76],[-19,39],[-11,87],[-26,25],[5,59],[-37,13],[-26,32],[14,32],[-53,10],[-11,-56],[-23,-25],[-40,6],[-22,-65],[-26,33],[-62,-12],[-14,-67],[-56,-39],[-27,-1],[4,-19],[-88,-118],[-46,-5],[-67,-56],[-18,-55],[-39,-5],[-30,33],[-27,-23],[-50,21],[-37,-54],[-98,12],[-12,10],[-73,-75],[-31,-5],[-85,59],[-97,-55],[-12,-68],[-55,6],[-34,61],[-51,56],[-11,40],[-40,31],[-49,15],[-14,-56],[-21,-22],[-58,-4],[-40,11],[-9,-30],[-5,-41],[-95,-132],[-7,-68],[-28,-41],[-41,30],[-43,-24],[32,-63],[-4,-35],[-34,-54],[-41,6],[-36,54],[-4,-50],[36,-55],[-9,-22],[-3,-16],[55,-15],[44,26],[1,-58],[36,-39],[79,6],[62,-80],[-23,-43],[42,-98],[43,-12],[24,-35],[1,-65],[-45,-24],[-108,-13],[14,-16],[-11,-94],[34,-33],[-2,-41],[-60,-45],[-6,-54],[-19,-23],[-51,16],[0,-48],[22,-15],[-23,-105],[22,-144],[-55,-37],[0,-27],[-37,-75],[-34,-57],[-70,-14],[-30,-27],[-41,21],[26,-95],[33,-41],[-21,-32]],[[69908,37418],[-27,29],[-15,48],[-77,63],[-14,71],[24,24],[19,70],[-38,16],[-6,62],[69,56],[-1,37],[-34,85],[-1,76],[34,-11],[45,14],[30,-60],[34,17],[96,-16],[14,-21],[-2,-55],[43,-21],[13,-38],[89,-38],[9,41],[36,30],[112,5],[9,20],[30,19],[32,-27],[39,32],[22,-48],[53,27],[22,31],[50,-7],[66,41],[24,-2],[63,5],[-9,-25],[23,-65],[59,-11],[34,-40],[14,50],[69,-30],[54,-16],[16,-38],[66,9],[18,15],[38,-4],[43,-59],[-6,-34],[84,-43],[11,-49],[-41,-45],[-6,-54],[-54,-58],[-50,-61],[-55,-13],[-16,-20],[11,-28],[42,-16],[13,-88],[37,-118],[15,-25],[35,-71],[-2,-27],[25,-69],[50,5],[25,27],[18,-26],[-11,-47],[45,-47],[34,20],[89,-5],[29,-50],[58,-19],[51,24],[6,30],[40,40],[84,-53],[23,-32],[52,-12],[29,-42],[64,-51],[11,-37],[44,22],[123,52],[-2,67],[39,13],[5,39],[53,12],[6,25],[40,35],[37,-29],[54,4],[20,40],[37,9],[11,64],[30,48],[42,7],[37,47],[46,-64],[11,-61],[-26,-140],[18,-27],[-13,-129],[-38,-51]],[[36472,41317],[27,-75],[17,-16],[-20,-54],[-9,-81],[47,-34],[52,32],[39,-49],[31,-156],[15,-19],[59,11],[15,-41],[86,-58],[-9,-33],[42,-28],[69,2],[53,-93],[35,17],[-1,44],[45,47],[37,6],[62,39],[32,32],[40,-28],[55,21],[31,29],[63,-13],[42,6],[43,36],[45,60],[47,-16],[66,33],[47,-3],[13,23],[45,-14],[59,5],[28,54],[31,36],[70,21],[23,87],[32,7],[13,50],[29,5],[28,29],[9,44],[56,75],[-52,8],[19,75],[49,28],[13,38],[82,57],[30,-18],[45,17],[32,71],[-8,39],[43,24],[1,46],[45,24],[-35,29],[37,48],[-15,34],[5,51],[96,6],[-7,35],[48,24],[15,33],[7,64],[32,-1],[22,44],[29,6],[43,-32],[41,9],[21,-43],[42,4],[78,25],[19,-25],[82,9],[17,34],[37,-20],[42,25],[41,1],[0,37],[33,22],[49,-40],[22,8],[37,-62],[138,63],[14,35],[50,19],[55,-24],[50,53],[35,-18],[36,33],[-3,43],[70,37],[87,16],[28,51],[36,30],[47,-1],[14,20],[63,20],[40,32],[64,-28],[29,19],[57,-3],[31,-39],[32,-9],[-2,-47],[29,-65],[47,-40],[51,-2],[29,-54],[35,17],[66,-22],[35,-29],[37,24],[55,-60],[90,-28],[34,-44],[34,-9],[30,17],[93,-65],[34,-7],[34,29],[70,3],[21,-49],[28,14],[22,-28],[54,-10]],[[41147,41985],[41,-39],[-11,-79],[31,-53],[42,-23],[78,-95],[53,-15],[32,20],[40,-21],[26,-35],[47,-29],[62,-2],[115,-49],[4,-41],[45,-4],[72,21],[110,-112],[72,-58],[99,-60],[7,-26],[71,-18]],[[42183,41267],[-142,-584],[-233,-957],[-154,-644],[-52,-203],[-97,-1078],[-50,-557],[85,-72],[20,-37],[96,8],[48,-18],[20,51],[53,15],[40,-48],[55,22],[64,-8],[51,-71],[57,-22],[44,-55],[26,-58],[74,-36],[60,50],[18,-23],[-43,-55],[15,-33],[-88,-51],[-25,-41],[-49,5],[-26,-30],[-14,-95],[-33,-38],[-5,-57],[-32,-26],[2,-53],[-53,-76],[-23,-95],[-49,-51],[-39,-174],[-35,-38],[-3,-34],[-51,-101],[-24,-66],[-48,-9],[6,-46],[-35,-23],[-7,-35],[39,-96],[55,-30],[33,-44],[19,-61],[2,-70],[45,-63],[-28,-38],[11,-44],[75,-16],[32,-19],[22,31],[67,7],[46,-14],[69,-2],[42,25],[2,71],[76,-31],[16,-105],[47,-55],[-1,-38],[34,-63],[39,-104],[-4,-46],[-31,-23],[-9,-45],[-52,13],[-61,-18],[-29,22],[-49,-44],[-74,-34],[-35,-26],[0,-36],[-55,-37],[-29,-37],[2,-36],[-33,-11],[-4,-80],[52,-16],[10,-42],[-23,-27],[6,-35],[-39,-10],[-26,22],[-39,-2],[4,-39],[-49,-2],[-5,32],[-1,163],[21,13],[-8,67],[32,85],[-48,61],[-166,-8],[-34,14],[-34,65],[-24,-16],[-31,31],[-66,-32],[-40,-72],[-32,-24],[-9,-64],[15,-42],[-18,-111],[68,-68],[79,-16],[-11,-20],[-6,-99],[31,-81],[3,-68],[-43,-160],[-53,22],[-37,30],[-45,-37],[-65,-97],[-74,-2],[25,-33],[-12,-45],[2,-109],[-11,-25],[10,-87],[55,-44],[-6,-59],[14,-45],[64,-69],[-11,-73],[128,-80],[15,-61],[30,-51],[2,-34],[28,-29],[41,-2],[15,-20],[-11,-45],[24,-22],[27,-64],[-11,-39],[20,-33],[50,-14],[-5,-70],[31,-21],[37,-55],[-14,-49],[81,-93]],[[41799,32567],[-46,-26],[-108,-134],[-82,24],[-17,-12],[-40,1],[-17,21],[6,20],[-44,52],[-53,20],[-33,-83],[-66,35],[-65,-40],[21,54],[25,-10],[17,57],[-35,14],[-39,-88],[-41,71],[-17,-35],[-42,-2],[-31,-31],[2,-33],[-31,-10],[5,-50],[21,-3],[-3,-55],[22,-73],[-58,-76],[33,-63],[-42,-27],[-4,51],[-28,32],[-34,-56],[3,-62],[-40,1],[9,-38],[-24,-20],[85,-58],[-45,-69],[18,-33],[-42,-33],[8,-26],[75,-84],[-39,-142],[53,-49],[-19,-56],[-49,-6],[8,44],[-54,18],[3,62],[-35,7],[-39,32],[21,30],[-41,24],[0,-50],[17,-32],[13,-76],[-70,74],[-16,-24],[-33,26],[-25,-72],[-36,24],[-39,-29],[-20,-65],[62,-31],[11,-40],[-24,-76],[60,-59],[-21,-34],[47,-50],[42,-20],[-22,-39],[-63,26],[-22,22],[-53,-11],[49,-41],[-47,-97],[-44,-3],[-45,17],[-80,-31],[-38,-39],[-24,17],[-24,73],[-39,-2],[30,-79],[-15,-22],[8,-46],[41,-1],[7,-29],[-35,-37],[30,-25],[92,1],[-11,-54],[-72,-54],[-54,-11],[24,-53],[31,8],[-16,-79],[-36,6],[-18,36],[-74,-45],[-30,92],[-25,-98],[24,-14],[7,-63],[16,-39],[-20,-45],[-37,0],[-16,55],[-37,3],[4,-39],[-113,6],[11,-46],[37,-8],[-18,-44],[19,-23],[-25,-76],[129,-44],[12,-33],[48,-42],[3,-41],[-44,7],[21,-46],[34,1],[27,-109],[-62,66],[-31,-77],[-49,15],[-27,-68],[-59,69],[-34,-80],[-40,-19],[-47,38],[-153,17],[-3,-171],[-99,5],[-31,21],[-66,1],[-22,-47],[-37,-21],[-30,34],[-29,-11]],[[39487,29654],[-44,24],[-21,64],[13,24],[-30,45],[-2,37],[-26,76],[-103,-17],[-72,1],[-8,-33],[-71,-8],[-23,-30],[-24,-101],[-21,-35],[-43,-26],[9,-40],[-34,-50],[-59,-30],[-27,-36],[-99,-59],[-64,29],[-34,37],[-60,-86],[-33,23],[-18,38],[-70,-52],[-43,44],[-20,-24],[-7,-51],[13,-24],[-43,-19],[-10,-23],[-41,-12],[-26,33],[-53,27],[-2,66],[-45,3],[-17,-40],[-43,41],[-47,-14],[-23,43],[-62,-9],[-23,50],[-33,-30],[-90,13],[-20,-26],[-97,-18],[-38,45],[-41,11],[-23,-19],[-81,11],[-40,48],[-29,-21],[-6,-53],[-41,-25],[-131,80],[-32,-25],[-28,-44],[-39,40],[-38,7],[-37,-14],[-13,48],[-41,25],[-109,38],[-104,17],[-34,-8],[-22,31],[-74,-22],[-84,35],[2,52],[-25,26],[-48,106],[-44,-26],[-56,0],[-57,46],[-35,-5],[-5,-30],[-62,-46],[-27,-48],[-69,34],[-25,-14],[-23,-49],[-43,31],[-11,42],[-27,4],[-60,-28],[-56,18],[-94,5],[-26,97],[-62,-14],[-54,2],[14,43],[-7,38],[-38,18],[14,58],[60,34],[21,36],[-1,47],[23,41],[39,117],[-27,48],[70,71],[-111,61],[76,60],[39,79],[16,57],[-79,51],[5,49],[100,74],[31,36],[-6,25],[-90,50],[-37,86],[39,66],[15,49],[-80,41],[-20,26],[-10,77],[21,53],[28,22],[46,86],[-1,45],[39,76],[8,44],[93,121],[25,83],[-112,43],[-45,59],[24,31],[74,52],[55,51],[15,92],[-35,131],[3,31],[35,75],[-45,87],[-3,74],[48,49],[62,97],[-16,55],[13,32],[-34,27],[-39,-32],[-37,9],[-37,79],[-41,32],[-41,-6],[-17,25],[129,102],[26,61],[-10,35],[-68,67],[-39,-1],[-81,-23],[-31,24],[53,109],[28,11],[112,-16],[26,11],[-32,83],[-60,71],[-16,38],[-48,12],[-47,-95],[-61,-1],[-12,61],[37,94],[-46,24],[-48,54],[32,113],[-46,141],[9,71],[45,81],[-12,62],[-47,71],[-94,25],[-47,52],[-39,118],[16,54],[10,113],[-27,26],[-59,-9],[-27,-44],[-41,14],[-17,72],[29,62],[52,21],[18,28],[-33,38],[-55,0],[-3,45],[30,28],[77,20],[39,74],[50,25],[42,-5],[28,22],[15,69],[33,35],[81,-1],[31,27],[30,66],[70,-2],[52,-52],[39,71],[55,77],[10,36],[-612,546],[222,528],[327,781],[228,548],[166,3],[30,83],[-31,53],[-19,6],[-1,200],[-105,-1],[467,1689],[233,23],[-60,63],[-55,16],[-156,176],[-57,219],[-53,108],[-18,48],[-198,404],[84,-1],[-1,52],[-82,93],[23,107],[-47,28],[-16,51],[-25,15],[-29,83],[-28,8],[-19,55],[20,26],[-22,48],[21,20],[-36,33],[12,29],[-17,50],[91,-22]],[[36336,41481],[27,72],[27,17],[36,-34],[2,-59],[32,-140],[12,-20]],[[41799,32567],[38,55],[48,38],[-16,-75],[-36,-45],[0,-35],[-24,-25],[-4,-67],[-25,-18],[-4,-38],[29,-20],[-48,-166],[32,-32],[-11,-23],[42,-89],[15,-53],[-23,-65],[51,-46],[-37,-53],[28,-41],[25,-84],[39,-54],[45,0],[5,-27],[48,-20],[7,-40],[39,-45],[20,30],[37,-30],[-16,-50],[72,-24],[49,-89],[-24,-23],[59,-18],[0,-40],[58,-3],[48,-22],[26,-44],[42,-10],[18,60],[9,72],[4,129],[273,375],[70,-4],[46,-32],[46,36],[40,-27],[42,-1],[-7,-47],[35,-28],[154,57],[-12,-48],[44,-69],[-46,-64],[14,-36],[75,-62],[4,-44],[-55,-23],[2,-41],[24,-50],[37,-30],[79,40],[47,71],[42,11],[160,-88],[44,-37],[25,-72],[50,-12],[37,-36],[92,42],[55,82],[51,39],[56,17],[-6,-100],[-46,-66],[34,-91],[75,-65],[41,-47],[104,-77],[23,15],[51,-51],[8,-57],[77,-10],[80,-44],[35,20],[16,-34],[55,11],[52,-18],[25,-26],[95,-49],[46,-10],[59,-68],[4,-85],[64,-35],[46,-6],[37,-45],[30,1],[13,-36],[59,-20],[31,13],[61,-59],[39,-4],[5,86],[24,59],[67,103],[49,52],[-21,41],[11,152],[-21,118],[28,40],[-8,37],[9,47],[-11,37],[240,21],[40,59],[47,-43],[86,5],[87,45],[36,-15],[62,54],[50,-4],[10,43],[25,11],[28,-34],[30,15],[42,-17],[17,-31],[118,-49],[17,42],[30,-18],[82,17],[38,-16],[88,44],[44,-14],[19,-49],[59,12],[30,41],[50,-42],[24,19],[58,-13],[7,-18],[77,-49],[44,-1],[-31,-18],[7,-171],[-25,-90],[-24,-45],[-14,-69],[-35,-77],[7,-98],[119,-49],[67,2],[83,-15],[189,-49],[537,124],[22,-114],[26,-45],[3,-54],[62,-52],[14,-25],[63,-55],[27,-6],[82,-97],[65,-18],[83,-105],[117,-57],[-36,-81],[9,-15]],[[48330,29821],[-36,-69],[-107,-111],[-54,-41],[-17,-42],[-80,-30],[-42,-29],[-100,-42],[-34,-39],[-70,-33],[-53,-49],[-86,-27],[-65,-53],[-48,-21],[-117,-90],[-93,-94],[-34,-61],[-69,-36],[-140,-52],[-112,-51],[-36,-70],[-57,-18],[-76,-55],[-76,-119],[6,-68]],[[46734,28521],[-51,-78],[-44,-66],[-41,-40],[-34,-51],[-40,-38],[-66,-7],[-22,-5],[-4,-1],[-9,-3],[-100,-38],[-86,-38],[-82,-49],[-35,-54],[-69,-24],[-43,-49],[-47,-23],[-76,-56],[-139,-67],[-54,-98],[-41,-20],[-41,-39],[-20,-58],[-39,-75],[9,-26],[-15,-286],[-41,-49],[-29,-98],[-26,-33],[-44,-102],[-14,-72],[-21,-52],[-23,-69],[-36,-65],[-47,-61],[-31,-40],[-90,-27],[-135,-87],[-124,-67],[-63,6],[-27,-11],[-34,-48],[-38,-114],[-7,-87],[-37,-106],[-15,-108],[0,-45],[-45,-102],[-2,-91],[-54,-111],[-17,-105],[-10,-100],[9,-52],[9,-62],[-49,-161],[-35,-50],[-51,-43],[-31,-10],[-22,-11],[-11,-7]],[[44354,24992],[-13,-7],[-95,-87],[-72,-51],[-61,-17]],[[44113,24830],[-17,-13],[-58,54],[-26,56],[1,44],[-69,2],[-77,56],[-32,53],[-24,6],[-33,86],[-15,45],[-43,25],[-70,15],[-25,37],[-51,-14],[-21,28],[-46,13],[-54,-14],[11,51],[-44,44],[-54,-34],[-16,45],[-34,13],[-33,-10],[-18,37],[-36,16],[-36,-49],[-26,-24],[-14,-58],[-88,-11],[-106,2],[-49,-56],[-50,16],[-51,-55],[-31,-9],[-24,29],[-21,-35],[-33,-1],[-38,-33],[-12,-47],[13,-47],[-92,-10],[-78,13],[-42,-33],[-31,-5],[-65,-53],[-63,28],[-38,46],[-67,-54],[-93,-19],[-43,17],[-16,-37],[-87,-1],[-36,20],[-11,18],[-88,59],[-31,8],[-42,-85],[-25,-3],[-68,61],[-43,-9],[-48,40],[-19,82],[-36,24],[13,31],[7,84],[-10,108],[-22,28],[38,81],[-20,55],[-10,60],[24,66],[-59,12],[1,71],[-28,28],[1,62],[-79,43],[-45,13],[-18,91],[27,64],[-46,116],[-3,48],[-36,54],[34,14],[1,73],[65,100],[27,83],[-69,117],[-46,43],[13,31],[-8,63],[49,28],[4,40],[-23,22],[-5,46],[38,45],[6,27],[-43,43],[1,63],[-71,31],[-52,-14],[5,75],[-11,40],[-37,57],[14,11],[-1,74],[-27,40],[-36,17],[16,46],[-4,40],[26,14],[-51,92],[-13,163],[-21,11],[-13,81],[36,127],[-7,25],[57,67],[28,70],[3,102],[0,108],[-15,12],[-11,64],[-35,35],[-91,62],[-26,33],[-5,35],[-59,29],[-59,132],[-8,62],[31,56],[7,43],[-20,124],[-49,15],[-21,-8],[-62,36],[5,44],[-53,35],[-18,41],[-22,98],[-43,12],[-90,-6],[-34,21],[-115,-34],[-26,29],[-74,-21],[-112,27],[-13,-22],[-44,-3],[-51,32],[-41,-24],[-47,3],[-40,-15],[-57,39],[-33,-12],[-55,53],[-10,51],[-55,-5],[-88,59],[-45,6],[-51,71],[1,15]],[[51443,35021],[-1,-28],[-36,-72],[-71,-190],[-21,-89],[-16,-31],[-80,-73]],[[51218,34538],[-70,-55],[-63,-25],[-83,-18],[-94,-12],[-125,-30],[-58,-28],[-49,-41],[-40,-75],[-31,-30],[-53,-126],[-51,-54],[-62,-41],[-97,-164],[-17,-55],[-73,-74],[-78,-54],[-22,-18],[-37,-48],[-67,-176],[-22,-90],[26,-75],[-22,-102],[8,-133],[33,-71],[-22,-123],[-94,-67],[-108,-3],[-20,-15],[-82,-115],[-28,-68]],[[49717,32552],[-8,-62],[-32,-74],[-41,-21],[-34,-43],[-94,-9],[-30,-45],[7,-85],[-9,-43],[36,-74],[34,-102],[-17,-49],[-11,-130],[-17,-44],[-87,-84],[-24,-66],[-24,-112],[-45,-36],[-33,-67],[-82,-53],[-127,34],[-46,-30],[-55,-101],[0,-39],[75,-72],[13,-58],[24,-41],[9,-51],[-17,-53],[-46,-97],[-61,-79],[-99,-35],[-30,-29],[-51,-112],[-12,-76],[-98,-101],[-34,-48],[-59,-32],[-60,-70],[-39,-77],[-45,-194],[-36,-75],[-49,-76],[-33,-20]],[[42183,41267],[5,-6],[51,16],[6,33],[40,-13],[47,12],[22,-19],[71,0],[43,20],[35,-19],[25,37],[40,22],[118,18],[39,-30],[36,9],[45,-18],[20,27],[60,9],[8,32],[95,66],[45,15],[-8,29],[12,51],[23,37],[70,17],[45,25],[133,20],[147,57],[36,-39],[40,29],[76,-8],[63,-45],[-8,-40],[20,-35],[95,-25],[27,-19],[18,-45],[32,-22],[33,-94],[-24,-63],[36,-34],[63,-27],[92,-15],[23,22],[39,-3],[52,33],[17,32],[61,19],[56,40],[77,2],[52,-35],[77,14],[33,-15],[26,80],[48,64],[13,66],[-27,61],[37,33],[9,36],[32,24],[58,14],[54,-2],[20,28],[74,56],[37,64],[69,70],[32,46],[85,37],[-8,40],[10,56],[23,58],[30,17],[47,2],[45,70],[6,34],[36,11],[23,26],[71,11],[28,-47],[28,-18],[-30,-632],[-24,-413],[-53,-6],[-67,-20],[-92,2],[-59,-45],[-25,-2],[-44,-35],[-11,-46],[-36,-29],[-25,-44],[-16,-72],[-34,-69],[-73,-103],[-28,-99],[18,-66],[-9,-18],[61,-11],[58,29],[44,-36],[55,-8],[94,-86],[85,-106],[84,15],[22,-22],[76,-9],[37,44],[54,35],[88,-9],[13,-41],[41,-36],[70,-5],[89,-23],[71,-51],[40,14],[42,93],[32,36],[38,-26],[28,7],[55,-43],[101,5],[52,26],[159,-20],[16,-14],[80,-26],[18,-41],[38,-15],[227,7]],[[35475,67640],[35,11],[134,-111],[48,-131],[46,-68],[39,-39],[66,-120],[46,-116],[22,-99],[0,-61],[17,-37],[41,-1],[44,-53],[30,-176],[8,-90],[25,-79],[61,-125],[14,-57],[7,-200],[7,-29],[55,-78],[62,-125],[98,-95],[31,-159],[31,-43],[72,-12],[32,-35],[37,-86],[-8,-38],[-31,-60],[-10,-84],[-32,-54],[-2,-55],[25,-78],[-5,-39],[-37,-71],[8,-59],[70,-125],[-17,-55],[48,-34],[10,-34],[-38,-68],[12,-73],[51,-24],[-7,-77],[6,-61],[39,-46],[26,-114],[-17,-87],[18,-39],[69,-12],[40,24],[48,6],[35,-29],[50,-22],[48,-39],[80,4],[26,-33],[6,-77],[-14,-69],[79,-68],[78,-3],[71,-13],[26,-62],[45,-14],[53,20],[60,1],[60,-27],[59,-59],[45,-72],[54,-66],[97,-57],[11,-55],[30,-41],[38,-25],[-8,-37],[53,-50],[-5,-44],[-42,-56],[18,-55],[-17,-60],[46,-39],[37,-58],[61,-36],[104,25],[16,-13],[156,-25],[27,19],[36,-24],[54,-14],[37,-54],[41,-126],[21,-33],[0,-91],[8,-66],[40,-40],[80,58],[23,27],[81,15],[891,-85],[262,-25],[816,-77],[699,-66],[754,-70],[634,-58],[550,-51]],[[43359,62054],[1134,-92],[1160,-100],[1018,-88]],[[46671,61774],[233,-20],[916,-75]],[[47820,61679],[-16,-128],[-53,-86],[-8,-32],[-48,-32],[-84,-37],[-39,5],[-36,-36],[-67,-44],[-48,-114],[-59,-61],[-67,-42],[-18,-64],[-57,-46],[-22,-81],[-42,-24],[-62,-59],[-26,-42],[-56,-32],[-35,-71],[12,-58],[-27,-85],[8,-34],[38,-14],[11,-39],[-14,-92],[23,-93],[16,-38],[27,-13],[-3,-87],[-18,-21],[-103,-17],[-30,-33],[-53,-102],[-29,-125],[-13,-115],[-42,-121],[3,-167],[62,-25],[9,-66],[-89,-101],[-8,-93],[26,-34],[-32,-142],[-2,-64],[-6,-38],[-50,-110],[-24,-36],[-57,-22],[-94,-5],[-81,-31],[-30,-60],[-38,-20],[-57,-54],[-53,-88],[3,-103],[26,-51],[50,-67],[-16,-58],[8,-37],[48,-36],[8,-60],[36,-52],[5,-88],[10,-37],[-20,-65],[-33,-38],[25,-88],[-25,-35],[-35,-10],[-54,-85],[-33,-11],[-16,-41],[-41,-60],[-78,-90],[-21,-68],[-31,-41],[-53,25],[-34,-21],[-7,-85],[-59,-82],[-14,-45],[-41,1],[-32,-28],[-30,-53],[-60,-48],[26,-50],[-12,-29],[-64,-37],[2,-86],[-24,-87],[-48,-103],[-18,-69],[18,-114],[31,-99],[-2,-79],[27,-39],[10,-56],[51,-65],[2,-39],[-2,-32]],[[45742,55869],[-110,-27],[-33,-50],[-40,7],[24,-73],[-44,4],[-37,-90],[-86,-27],[-43,37],[-31,-19],[7,-33],[-58,-31],[-42,-62],[-32,-6],[-15,-77],[-38,-33],[-25,-78],[-46,-26],[-25,-90],[-34,-18],[-19,-40],[-77,23],[-33,49],[-20,-27],[-87,10],[-43,-66],[4,-27],[-97,-64],[-30,-49],[-52,-23],[-7,-75],[-32,-34],[-48,16],[-50,-21],[-18,-67],[-41,-48],[-4,-83],[-42,-35],[-2,-52],[18,-75],[-68,-25],[9,-18],[-40,-60],[-33,-31],[-100,-43],[-29,-50],[-31,-6],[-37,-88],[8,-28],[-29,-51],[11,-89],[-15,-54],[-30,-7],[10,-61],[-30,-80],[20,-77],[28,-47],[-15,-34],[8,-33],[-16,-42],[26,-18],[6,-64],[-32,-45],[-22,-62],[-13,-81],[-25,-17],[7,-35],[-101,-79],[19,-13],[-22,-51],[14,-82],[-45,-42],[-4,-79],[-32,-37],[-32,-71],[-9,-51],[-21,-20],[15,-49],[-30,-94],[-81,-36],[-57,-38],[-19,-33],[-3,-71],[-23,-57],[-78,-94],[-21,-63],[-66,-46],[-15,-55],[-37,-75],[13,-91],[-35,-46],[-19,-3],[3,-60],[38,-101],[-34,-58],[-24,-94],[20,-78],[-1,-56],[16,-35],[-19,-68],[32,-105],[35,-61],[-48,-54],[-38,-20],[-42,3],[-135,-132],[-764,437]],[[42272,51385],[-57,-58],[-24,-7],[-25,-62],[-40,-60],[18,-51],[1,-81],[44,-46],[-9,-32],[12,-82],[36,-43],[16,-53],[-6,-149],[14,-30],[8,-118],[-76,-22],[-37,3],[-48,-50],[-77,-33],[-68,-74],[-36,37],[-28,-51],[8,-85],[27,-40],[-156,1],[-73,30],[-90,61],[-480,310],[-56,-23],[-65,-8],[-42,-40],[-31,-58],[-28,-28],[-2,-121],[-44,-29],[-64,-14],[-34,7],[-61,-30],[-44,-10],[3,-32],[-46,6],[-32,-19],[-10,-41],[-54,1],[-30,-29],[-41,7],[-32,-35],[-23,8],[-29,-25],[-42,4],[-21,-28],[-102,-20],[-29,24],[-9,125],[-28,52],[-42,-11],[-45,9],[-17,-17],[-43,8],[-42,-28],[-93,32],[-42,-23],[-59,-13],[-28,61],[-59,29],[-5,35],[-32,39],[-1,36],[-54,33],[11,41],[-3,79],[-55,56],[-17,55],[-33,8],[19,61],[-33,23],[10,81],[-59,44],[0,69],[-47,58],[-26,14],[26,50],[-19,36],[8,76],[-25,43],[46,43],[29,47],[-11,96],[-44,134],[-40,59],[18,62],[-91,38],[-14,32],[-93,74],[-54,75],[-1,80],[-45,71],[-58,29],[-3,41],[-22,35],[-44,0],[-15,73],[7,63],[-35,29],[-10,67],[-30,87],[7,41],[-17,56],[-30,47],[-29,3],[-58,166],[-32,18],[1,35],[-32,15],[10,35],[-38,37],[15,33],[-8,34],[8,63],[-8,58],[36,12],[-16,86],[5,68],[-27,22],[-36,61],[-21,109],[25,40],[-20,86],[-22,15],[-59,112],[1,77],[-35,23],[-33,42],[-12,57],[-30,36],[5,54],[-46,16],[-6,37],[-78,73],[3,44],[19,16],[-17,110],[-81,44],[13,27],[-31,92],[4,58],[-19,16],[12,38],[-22,47],[31,16],[-8,59],[-39,12],[1,58],[-25,40],[6,92],[-17,47],[8,25],[-26,33],[-40,2],[-33,47],[-44,16],[9,76],[-16,55],[-31,43],[-30,8],[-11,32],[17,39],[-16,59],[-32,52],[-32,83],[-45,52],[-26,53],[2,55],[-22,43],[-26,70],[-22,21],[-6,67],[-45,101],[-27,145],[-31,24],[-47,13],[-31,51],[-41,30],[-37,47],[-72,61],[-60,-44],[-37,7],[-22,69],[30,46],[-21,36],[-59,-38],[-42,13],[-13,-43],[42,-124],[4,-67],[-9,-52],[-69,-55],[-12,-53],[12,-24],[-17,-49],[23,-76],[7,-94],[-10,-52],[46,-71],[-28,-71],[24,-107],[-121,2],[-32,19],[-48,-4],[-46,10],[-53,48],[-98,-52],[-19,-26],[-39,-17],[-3,-63],[-41,-29],[-35,2],[-47,-40],[-40,-60],[-30,-8],[-51,-47],[-16,-31],[-19,70],[-25,25],[-73,11],[-29,59],[-31,14],[-40,-15],[-37,76],[-61,3],[-12,61],[19,25],[-1,89],[14,63],[-7,28],[25,34],[-27,33],[-37,-4],[-12,65],[20,28],[-44,72],[-56,43],[11,51],[-53,37],[-33,56],[2,52],[-21,40],[-57,46],[-24,4],[-43,42],[-41,75],[10,79],[-54,25],[-10,39],[13,28],[6,107],[-36,20],[12,65],[-52,65],[-35,8],[-25,39],[2,31],[-40,70],[-51,3],[-23,61],[43,35],[39,49],[-1,27],[-31,58],[9,61],[20,28],[18,68],[14,98],[4,98],[-29,33],[-40,2],[-57,-45],[-20,-2],[-13,70],[-60,33],[-21,76],[-45,64],[-43,11],[-4,52],[34,59],[30,23],[-2,102],[-11,44],[2,67],[-47,51],[-7,48],[-35,23],[-44,-4],[-46,87],[3,38],[-52,50],[-44,-30],[-28,-61],[21,-94],[-5,-31],[20,-62],[30,-37],[34,-94],[-25,-72],[35,-75],[-6,-56],[-57,-52],[3,-41],[-32,-27],[-4,-27],[1,-63],[22,-21],[30,12],[47,-26],[-20,-93],[18,-29],[-15,-102],[2,-101],[8,-44],[44,-54],[-4,-50],[-29,-32],[2,-46],[-14,-42],[-36,-14],[-67,-53],[-12,-90],[-4,-87],[-60,-24],[-11,-47],[33,-61],[24,-123],[-1,-113],[8,-57],[-26,-104],[-46,-42],[-24,-75],[-4,-133],[-30,-21],[-30,11],[-35,-35],[-83,-36],[-37,-99],[-76,-76],[-35,18],[-21,-19],[-7,-50],[-26,2],[-28,-36],[-29,7],[-82,-16],[-50,-103],[-31,10],[-9,-42],[-23,-36],[-53,-42],[-28,6],[-85,-54],[-9,-29],[-77,-43],[-25,-43],[-73,-24]],[[33841,55208],[-108,-11],[-55,-26],[-53,3],[-52,-38],[-52,-5],[-97,-45],[-88,-109],[-34,-24],[-41,-79],[-5,-37],[-82,-33],[-52,41],[-12,46],[-40,44],[-42,28],[-64,-1],[-29,40],[-134,22],[-219,-19],[-56,6],[-62,-7],[-28,-24],[-58,-8],[-41,11],[-72,-28],[-29,14],[-23,-28],[-56,7],[-18,16],[-75,-13],[-18,-14],[-63,-5],[-18,19],[-46,-41],[-59,-9],[-49,-35]],[[31811,54866],[-250,245],[-35,55],[-20,96],[25,52],[0,125],[-29,47],[-23,11],[-14,42],[-73,56],[-17,62],[-22,7],[27,69],[-9,84],[-35,25],[14,47],[-18,32],[10,37],[-51,52],[-40,-8],[-92,18],[-50,72],[-34,111],[11,64],[-24,35],[4,81],[-32,95],[16,130],[-7,39],[18,78],[-12,62],[47,73],[82,53],[55,109],[106,78],[21,77],[53,7],[40,33],[31,65],[2,57],[-13,36],[19,60],[-24,72],[-50,15],[-21,25],[-19,107],[-26,35],[-11,62],[8,29],[38,38],[-53,46],[-16,59],[33,21],[8,45],[-88,-4],[-36,-10],[-12,27],[-36,-23],[-29,13],[-19,41],[-48,-15],[-37,22],[-74,-4],[-30,21],[-41,-9],[-31,-38],[-80,22],[-31,22],[-89,14],[-3,70],[-43,18],[-36,-20],[-23,-34],[-32,-11],[-18,-66],[-52,36],[-41,1],[-28,63],[-23,4],[7,53],[-41,24],[-68,122],[-830,3],[-379,1],[0,-10],[-959,12],[-271,4],[45,18],[21,150],[0,77],[-10,89],[9,34],[27,21],[-8,31],[21,35],[-5,61],[58,-8],[7,51],[-10,61],[-17,20],[27,35],[-51,62],[10,53],[23,10],[12,79],[-23,31],[29,60],[-8,98],[31,72],[-26,24],[-7,113],[17,33],[26,141],[-34,24],[-59,89],[3,56],[-29,44],[-34,9],[-52,67],[21,16],[-24,54],[-49,80],[6,101],[18,16],[18,53],[-11,26],[-36,23],[-40,2],[-10,31],[40,140],[7,67],[-11,20],[30,39],[35,19],[35,101],[20,25],[8,50],[-26,16],[37,44],[-5,103],[31,28],[8,89],[-11,19],[-28,148],[-47,28],[30,69],[3,46],[-97,57]],[[27783,61588],[49,27],[46,-12],[67,75],[-10,53],[29,7],[38,75],[-43,14],[-17,31],[20,77],[-35,44],[5,63],[-12,31],[-30,-12],[-51,48],[52,34],[-81,40],[-43,68],[56,60],[14,54],[-22,28],[3,47],[-47,44],[-33,-1],[-74,43],[26,64],[10,118],[-47,11],[10,50],[64,2],[24,32],[46,17],[37,-18],[61,3],[-6,42],[17,80],[-9,42],[-71,121],[-8,36],[8,65],[33,101],[24,34],[5,52],[38,110],[48,100],[45,44],[-34,36],[-17,54],[-43,55],[-5,68],[-28,52],[-38,-6],[-23,24],[-67,28]],[[36336,41481],[-294,294],[-177,-130],[-75,-39],[-9,25],[-51,29],[-45,5],[-14,76],[-24,31],[-65,-26],[-70,34],[-5,85],[-51,2],[-16,30],[-1,47],[-54,-20],[-47,14],[7,44],[-16,30],[-33,-8],[-52,27],[-32,-7],[-20,57],[-29,17],[-4,63],[-45,1],[9,36],[-20,37],[-32,5],[-4,35],[-60,56],[-23,52],[-91,79],[-1,115],[25,65],[-27,17],[-46,-23],[-22,21],[-12,48],[8,37],[-8,68],[8,23],[-12,70],[10,48],[-66,67],[1,38],[-31,38],[0,52],[32,131],[-6,62],[-29,30],[9,93],[19,-3],[-8,91],[-15,30],[15,73],[-8,29],[21,99],[-5,38],[61,153],[33,48],[61,27],[18,50],[63,36],[31,30],[23,71],[-2,31],[-29,60],[-19,68],[25,71],[46,57],[38,20],[9,160],[-56,96],[-84,-8],[-51,32],[-12,-92],[-82,-62],[-794,36],[-413,18],[-322,16],[-797,36],[-149,6],[-641,11],[-471,12],[-309,6],[-59,814],[-68,926],[-22,290],[-586,754],[-73,85],[-72,97],[144,32],[574,-2],[-41,786],[-21,435],[-47,-12],[-54,30],[-16,29],[-27,166],[-15,35],[9,34],[-47,67],[-1,28],[-41,25],[-7,48],[-47,84],[-2,34],[24,49],[-5,39],[-31,-11],[-11,50],[-26,18],[-61,71],[-27,124],[34,38],[-3,31],[-31,13],[-15,106],[-44,7],[6,43],[30,33],[-16,65],[39,102],[39,24],[37,46],[11,48],[42,44],[16,56],[-7,26],[47,19],[-15,35],[-50,-7],[-16,18],[3,87],[-23,-8],[-51,39],[-11,122],[-27,63],[-38,19],[36,95],[-110,87],[-33,16],[-83,8],[-12,54],[-39,11],[-19,-15],[-52,76],[-50,-50],[-78,49],[-13,42],[-40,-3],[-11,30]],[[29719,51402],[-10,43],[62,94],[1,36],[37,43],[53,40],[24,47],[24,14],[53,-9],[51,19],[94,71],[9,50],[46,37],[55,24],[67,2],[55,13],[46,68],[53,18],[33,109],[-15,95],[19,19],[11,91],[-10,39],[42,65],[0,48],[28,2],[14,36],[19,19],[-11,39],[48,92],[10,54],[32,21],[47,65],[-27,24],[7,59],[-16,71],[35,23],[48,58],[14,38],[58,29],[3,51],[68,101],[36,-7],[38,16],[24,-15],[50,27],[35,118],[30,28],[21,55],[-13,112],[24,145],[-32,92],[-5,43],[32,102],[1,78],[25,32],[6,36],[-17,32],[23,37],[44,13],[26,51],[3,46],[57,65],[62,15],[36,72],[47,18],[34,40],[74,12],[44,-19],[54,39],[4,108],[52,118],[31,26],[28,59],[41,12]],[[33841,55208],[-13,-121],[16,-65],[50,-122],[-22,-117],[5,-44],[-11,-47],[8,-61],[-15,-56],[-23,-27],[-51,-32],[-39,-69],[8,-77],[-45,-83],[8,-133],[-22,-24],[6,-33],[11,-34],[-10,-40],[-36,-61],[1,-164],[25,-52],[18,-78],[-15,-37],[20,-43],[5,-92],[22,-60],[-32,-87],[-2,-85],[-15,-28],[-46,-45],[-37,-146],[-23,-36],[15,-39],[24,-5],[9,-110],[-24,-52],[-66,-59],[36,-74],[-28,-52],[-49,30],[-21,-23],[-16,-80],[48,-12],[-30,-56],[-5,-77],[-17,-21],[64,-199],[4,-61],[16,-77],[-36,-89],[-34,-47],[34,-41],[-46,-101],[12,-93],[60,-98],[-40,-65],[25,-99],[-16,-59],[21,-29],[-3,-49],[13,-33],[6,-64],[23,-62],[25,-101],[-35,-34],[-17,-58],[-36,-55],[-1,-132],[-28,-14],[9,-53],[-36,-10],[3,-37],[14,-49],[-11,-65],[7,-37],[-49,-71],[-16,-107],[-26,-44],[26,-54],[-56,-71],[-24,-87],[29,-126],[33,-21],[42,-68],[-10,-47],[14,-18],[-1,-94],[-18,-23],[-8,-99],[14,-25],[-16,-63],[-2,-143],[-17,-28],[60,-30],[8,-83],[-12,-63],[32,-50],[-2,-54],[-88,-67],[-40,12],[-1,-36],[83,28],[87,88],[113,85],[14,5],[186,-32],[88,-7],[156,-1],[21,-78],[0,-51],[-31,-60],[29,-115],[-14,-76],[-15,-29],[-57,-26],[-1,-29],[34,-55],[-14,-64],[22,-57],[-47,-26],[-35,-3],[-61,-109],[29,-19],[5,-37],[-55,-124],[-8,-76],[307,0],[478,0],[398,0],[570,0],[773,2],[36,-52],[34,-13],[10,-91],[37,-104],[23,-29],[-23,-45],[-6,-44],[7,15],[87,-39],[24,-28],[36,-157],[28,-177],[-12,-62],[67,-191],[47,-78],[41,-34],[35,-49],[26,-82],[-2,-37],[30,-114],[21,-41],[-7,-64],[-19,-85],[11,-16],[-14,-46],[31,-16],[-20,-65],[-38,-28],[1,-41],[-21,-49],[-1,-37],[42,4],[26,-17],[140,16],[52,64],[34,-7],[23,20],[58,-26],[55,-65],[24,-57],[9,-96],[76,-62],[51,64],[2,34],[37,7],[40,-11],[-17,-52],[-4,-97],[32,11],[345,82],[53,-52],[-30,-67],[-60,-41],[-5,-55],[-48,-67],[-4,-39],[-29,-40],[-35,-14],[5,-44],[-51,-48],[19,-47],[2,-52],[52,-19],[8,-23],[-17,-46],[15,-91],[-17,-62],[11,-42],[29,-19],[26,-58],[13,-52],[21,-32],[-2,-36],[27,-100],[-13,-35],[6,-39],[-24,-94],[14,-49],[-8,-75],[15,-99],[-54,-7],[-42,-29],[-74,-7],[-47,-19],[1,-21],[-33,-67],[6,-60],[-9,-72],[-83,-42],[-29,0],[-58,-61],[-4,-30],[-72,-44],[-31,14],[-68,-25],[-27,19],[-49,-36],[-43,-65],[-13,-1],[10,-117],[-14,-39],[3,-58],[-16,-51],[45,-71],[-19,-34],[24,-25],[27,4],[-7,-54],[23,-28],[-18,-53],[8,-55],[-27,-49],[-116,8],[-9,60],[-30,-22],[-34,25],[-23,45],[-36,30],[-56,-4],[-22,15],[-62,-17],[-52,36],[-38,-7],[-37,23],[-36,-22],[13,-85],[74,18],[12,-26],[46,-23],[129,-41],[66,-67],[21,-44],[35,-19],[42,6],[-1,-45],[74,-64],[17,-50],[19,-10],[17,-66],[-45,-57],[-8,-41],[34,-49],[-11,-18],[49,-84],[7,-43],[-6,-60],[43,-76],[-13,-42],[43,-21],[-29,-97],[33,-114],[-7,-178],[-70,8],[-38,-101],[-41,-12],[-7,-29],[-46,-21],[-70,-134],[-25,10],[-26,-33],[10,-57],[-26,-53],[-29,-31],[-37,-2],[-117,-94],[-82,-25],[-21,-42],[-70,-34],[-26,16],[-45,2],[-29,-60]],[[42272,51385],[34,-40],[-5,-40],[32,-28],[62,-26],[-14,-44],[42,-29],[29,-62],[51,-44],[-6,-76],[61,-37],[-13,-32],[-85,7],[3,-18],[59,-13],[28,18],[28,-42],[-27,-38],[2,-49],[56,-61],[26,21],[22,-54],[41,3],[23,-86],[-45,-1],[23,-61],[-31,-46],[3,-55],[-13,-34],[8,-50],[83,-29],[-25,-45],[26,-49],[-5,-30],[40,-36],[-9,-131],[53,-19],[22,-84],[50,29],[25,-50],[-16,-63],[30,35],[32,-73],[32,-32],[143,7],[0,-46],[25,-31],[0,-60],[72,-28],[17,-42],[50,-19],[64,29],[55,-37],[-1,-51],[56,-8],[-5,-60],[27,-54],[53,-6],[63,-32],[43,10],[43,34],[7,-55],[18,-32],[27,4],[27,-39],[50,-23],[21,-68],[-17,-72],[17,-67],[32,-41],[33,-20],[33,3],[28,-37],[-4,-79],[12,-31],[10,-95],[-51,-40],[-47,-6],[-66,-41],[-69,9],[-63,-30],[-32,-4],[-48,-50],[1,-78],[16,-35],[-25,-60],[-51,-51],[-76,-13],[-20,-19],[-44,-2],[-139,-56],[-26,-3],[-93,-95],[15,-25],[83,14],[50,-50],[33,-8],[44,18],[74,15],[64,-74],[69,-101],[41,22],[12,-19],[65,-32],[24,-44],[-4,-88],[11,-27],[-91,-26],[-33,-31],[14,-69],[26,-19],[45,-102],[-186,-101],[39,-106],[-23,-60],[-42,-58],[-4,-83],[-39,10],[-126,-37],[-32,-25],[-55,-3],[-57,-27],[-39,9],[-62,-39],[-34,-43],[-86,-34],[-57,-35],[-83,-37],[-12,-16],[-83,-52],[-33,-8],[-71,-73],[-56,-23],[-21,-61],[20,-86],[1,-79],[-24,-17],[-22,39],[-80,-6],[-11,28],[-52,-16],[-40,24],[-36,-15],[-14,-125],[-97,-91],[-31,4],[-117,-52],[-42,-44],[-59,-43],[-8,-79],[-120,-311],[134,-691],[132,-682],[76,-33],[75,-10],[43,27],[109,-29],[33,-39],[3,-39],[22,-24],[6,-61],[23,0],[17,50],[32,-4],[15,46],[21,15],[-7,-38],[25,-95],[75,-19],[9,-42],[44,-39],[31,-75],[-25,-99],[-10,-101],[18,-29],[56,-45],[48,-106],[52,-38],[-32,-129],[15,-41],[-37,-45],[6,-28],[-36,-45],[-17,-90],[19,-171],[41,-21],[19,-125],[-13,-54],[10,-64],[-61,-14],[-48,12],[-40,-27],[-57,-5],[-45,-61],[-28,7],[-56,-28],[-50,29],[-49,0],[-47,-51],[-59,-22],[-63,-97],[-7,-22],[-51,-36],[-19,13],[-85,-49],[-33,-70],[-24,-27],[5,-38],[-95,-49],[-1,-23],[-109,-14],[-19,-66],[-111,-59],[-8,-38],[-48,5],[-32,-14],[-25,15],[-73,-29],[-58,38],[-47,8],[-112,50],[-22,-17],[-85,-31],[-41,-40],[0,-6]],[[45742,55869],[57,-117],[-6,-45],[-32,-26],[5,-89],[-25,-35],[-10,-46],[-59,-43],[5,-46],[-29,-42],[-8,-123],[-9,-35],[-54,-58],[-106,-173],[-34,-82],[-13,-60],[-62,-40],[-9,-85],[-37,-48],[-38,-19],[-69,-93],[-3,-35],[-25,-29],[13,-43],[-5,-72],[53,-88],[-23,-58],[-28,-21],[-17,-43],[10,-25],[-20,-61],[2,-47],[-35,-84],[-31,2],[-8,-61],[-17,-25],[24,-33],[1,-95],[-60,-76],[-4,-39],[-54,-60],[2,-40],[-25,-25],[2,-40],[-55,-23],[-22,-116],[-42,-70],[-67,-33],[-6,-43],[-28,-39],[21,-38],[7,-66],[16,-32],[-13,-97],[-41,-44],[-20,-64],[14,-47],[-19,-25],[5,-78],[-35,-104],[21,-34],[20,-124],[-4,-55],[-40,-157],[17,-55],[-2,-55],[-14,-62],[-9,-91],[-14,-40],[7,-36],[-14,-118],[-19,-19],[11,-69],[-25,-91],[2,-41],[-39,-29],[-20,-37],[5,-27],[-33,-50],[27,-18],[-1,-61],[-26,-18],[23,-39],[5,-82],[-20,-28],[58,-19],[39,43],[56,-14],[75,36],[51,-25],[51,28],[31,34],[22,79],[80,36],[67,56],[2,62],[51,55],[58,96],[-6,30],[34,16],[17,43],[45,7],[83,43],[61,62],[15,57],[20,18],[13,61],[33,54],[38,1],[26,-44],[-3,-62],[-35,-91],[22,-60],[-36,-91],[-29,-52],[-33,-35],[-3,-44],[-34,-10],[-11,-34],[13,-64],[-18,-83],[12,-79],[48,-12],[55,19],[47,-14],[5,-23],[49,-10],[60,35],[50,17],[15,30],[28,1],[90,78],[23,76],[40,84],[83,-5],[68,9],[-18,-40],[31,-61],[88,-14],[24,-49],[58,12],[87,-26],[-6,-69],[86,-60],[59,-9],[-58,-65],[-6,-75],[-19,-39],[8,-93],[-31,-48],[-26,-15],[-38,-132],[-36,-7],[-26,-110],[-42,3],[7,-39],[-35,-18],[6,-75],[-20,-16],[-6,-55],[13,-20],[-9,-55],[2,-75],[-24,-62],[-32,-19],[-28,-94],[-30,-9],[-16,-59],[-24,-36],[-49,-42],[1,-66],[-18,-66],[24,-96],[-4,-90],[-28,-36],[-56,-49],[-16,-47],[-39,-13],[-11,-49],[-27,6],[-35,-50],[-28,-60],[20,-19],[-33,-32],[-25,-50],[-42,-31],[-89,-29],[-117,-11],[-46,-37],[-29,-67],[-121,-54],[-12,-48],[-31,-46],[-59,-8],[-87,-74],[-17,-48],[-44,-12],[-52,-52],[-43,-22],[-115,-39],[-18,-38],[-62,-19],[-54,-68],[-101,-13],[-243,-3],[70,-55],[43,-2],[76,-27],[24,-27],[88,-32],[77,-43],[108,-175],[19,-20],[84,-45],[-14,-82],[-17,-39],[13,-53],[-11,-36],[50,-36],[-31,-33],[10,-103],[-17,-59],[17,-37],[-2,-43],[-29,-117],[30,-1],[15,-29],[63,-23],[54,33],[145,-48],[53,-64],[6,-37],[76,-60],[35,1],[3,-34],[-41,-13],[-33,-31],[-86,-24],[-18,-97],[-86,-87],[-13,-39],[-39,-28],[-16,-44],[-56,-8],[-19,-53],[-3,-106],[-21,-38],[17,-58],[-43,-66],[9,-62],[48,-22],[29,-69],[-19,-7],[-14,-51],[56,-65],[20,-117],[37,-63],[29,-103],[59,-39],[47,-5],[34,-29],[70,-4],[24,-13],[-20,17],[-41,75],[-40,45],[34,75],[3,37],[23,68],[-41,31],[13,24],[46,21],[53,-20],[56,3],[47,-11],[36,16],[84,-5],[11,12],[120,190],[104,80],[38,12],[69,62],[41,69],[110,-47],[109,-11],[46,-33],[27,11],[95,-12],[0,-83],[23,-11],[45,20],[33,-25],[35,5],[67,-28],[10,-70],[63,-71],[14,-82],[33,-2],[36,-34],[47,-13],[15,45],[65,-19],[27,18],[38,-28],[-12,-20],[21,-77],[26,-37],[-25,-19],[22,-91],[-12,-69],[-51,-33],[-33,-38],[-19,-45],[10,-54],[20,-40],[-6,-63],[53,-88],[-10,-48],[-53,-72],[18,-72],[53,-24],[48,-54],[37,-11],[4,-31],[44,-29],[6,-26],[-47,-27],[-17,-46],[-28,15],[-47,-29],[-46,-12],[-31,-36],[-59,8],[-34,-61],[-51,-11],[-16,-60],[-48,-45],[-10,-53],[37,-65],[-6,-74],[19,-41],[-15,-144],[-60,-4],[-37,-48],[-26,-83],[14,-26],[2,-56],[79,-85],[8,-25],[184,-222],[-14,-47],[60,-137],[100,-35],[21,-66],[33,-11],[-4,-47],[33,1],[50,-31],[51,1],[8,-62],[36,-49]],[[47820,61679],[411,-33],[404,-32],[1717,-135],[411,-32],[551,-38],[482,-34],[365,-28],[780,-58],[238,-17]],[[53179,61272],[-2,-33],[-41,-44],[-48,-106],[-4,-57],[-26,-52],[2,-40],[-25,-44],[-12,-72],[-40,-76],[-62,-39],[-33,-42],[-6,-33],[-45,-53],[-33,-60],[-13,-55],[20,-49],[16,-96],[-8,-54],[-28,-54],[-11,-63],[-45,-124],[11,-70],[-51,-53],[-16,-42],[-57,-34],[-11,-77],[-18,-69],[4,-79],[-42,-8],[-30,-30],[5,-39],[-18,-46],[7,-55],[-36,-68],[-13,-53],[-48,-5],[-44,-84],[-46,-40],[1,-36],[27,-17],[29,-135],[16,-49],[-61,-134],[-32,-15],[1,-28],[-23,-46],[7,-63],[31,-22],[10,-72],[-40,-34],[-32,-46],[28,-95],[-10,-38],[16,-48],[0,-59],[14,-45],[4,-62],[-23,-52],[-34,-24],[-20,-67],[-31,-12],[-15,-61],[10,-92],[-4,-31],[17,-49],[-12,-93],[-26,-81],[-62,-61],[-18,-46],[-12,-81],[-36,-58],[1,-88],[-25,-47],[-7,-64],[7,-100],[10,-32],[-10,-84],[52,-88],[96,-5]],[[52176,56814],[30,-20],[6,-31],[-12,-92],[-3,-105],[-23,-39],[-29,-11],[-78,-89],[17,-65],[14,-28],[16,-90],[28,-56],[4,-87],[47,-14],[58,-51],[-2,-47],[-42,-30],[-20,-34],[30,-52],[-5,-48],[-57,-62],[-4,-51],[14,-22],[-20,-41],[12,-44],[31,-31],[1,-42],[-20,-110],[13,-35],[-19,-45],[-1,-84],[-17,-36],[12,-38],[84,-15],[-15,-57],[45,-69],[-2,-33],[-39,-37],[25,-67],[-15,-53],[39,-97],[-15,-77],[35,-38],[-12,-68],[-42,7],[-24,-19],[13,-65],[-28,-53],[-6,-67],[-54,-95],[42,-38],[-14,-41],[-36,17],[-32,-16],[7,-112],[11,-16],[90,10],[22,-46],[-19,-40],[21,-59],[27,2],[-3,-61],[26,-24],[-16,-106],[41,1],[-30,-62],[26,-47],[23,46],[44,-24],[-32,-44],[69,-42],[121,-4],[1,-36]],[[33778,87165],[0,89],[0,1725],[0,657]],[[33778,89636],[30,3],[25,-29],[37,-87],[50,11],[24,-43],[34,26],[60,24],[21,-11],[41,57],[32,-6],[27,32],[20,57],[-5,64],[18,61],[35,19],[33,-2],[9,-29],[33,-12],[73,21],[46,-38],[44,-10],[24,34],[40,18],[44,-6],[4,-52],[41,-5],[16,31],[37,-25],[3,69],[38,28],[16,35],[-8,74],[37,59],[-31,7],[-18,41],[-57,34],[16,69],[-22,37],[6,52],[73,-10],[17,13],[37,-26],[20,22],[60,21],[61,-7],[31,30],[-42,37],[2,100],[59,7],[6,57],[38,16],[-3,24],[28,38],[40,9],[-6,-66],[54,-10],[20,23],[49,-7],[65,-60],[45,45],[52,17],[65,-29],[25,-129],[45,-28],[40,6],[31,32],[63,-16],[19,46],[46,-12],[30,-31],[51,-14],[-3,35],[36,79],[-1,50],[25,14],[-6,61],[2,94],[-22,47],[21,20],[43,-6],[26,-24],[52,-7],[50,28],[21,47],[40,16],[54,-6],[37,22],[38,-7],[48,34],[13,76],[34,4],[56,-24],[73,10],[32,21],[16,-44],[107,-81],[47,41],[55,-14],[15,20],[49,5],[51,-26],[43,40],[-16,32],[34,19],[65,116],[-11,33],[114,52],[30,60],[-17,29],[29,44],[-9,57],[6,65],[68,17],[40,38],[45,-3],[44,139],[72,-8],[20,52],[61,-37],[54,-89],[53,-28],[0,41],[32,20],[34,44],[37,3],[9,27],[47,4],[85,47],[8,46],[37,-24],[30,20],[9,-49],[21,-13],[5,-86],[16,-33],[65,-19],[23,-53],[53,-52],[55,-12],[38,55],[42,-7],[47,23],[58,-80],[84,-26],[23,11],[38,-30],[61,-20],[13,-32],[32,7],[30,30],[7,32],[67,74],[42,22],[54,-27],[42,-7],[42,14],[74,71],[56,-51],[37,-51],[74,24],[64,44],[51,14],[28,41],[31,-12],[72,6],[56,-60],[89,12],[31,22],[52,-11],[30,-35],[110,-69],[21,-28],[48,-15],[16,48],[43,9],[14,-20],[126,-9],[51,-81],[70,-32],[72,13],[66,-4],[85,-48],[35,11],[29,32],[36,1],[45,59],[68,42],[4,51],[-42,28],[-17,129],[-15,70],[48,-15],[6,61],[20,38],[-15,47],[-54,35],[14,36],[-50,42],[-40,-8],[-7,63],[-38,84],[-36,56],[-72,3],[-47,52],[45,62],[-15,37],[-101,56],[-47,-13],[-53,49],[10,58],[30,31],[17,51],[30,7],[-4,44],[15,34],[-3,53],[36,-4],[52,-91],[47,-7],[16,38],[-31,69],[30,43],[74,67],[9,43],[-57,48],[45,37],[30,75],[-34,21],[33,58],[98,16],[33,-40],[41,-1],[34,-36],[12,-37],[59,-21],[35,-48],[63,-11],[99,-6],[44,-115],[65,-22],[23,3]],[[40911,92648],[12,-24],[28,-137],[26,-62],[43,-129],[43,-58],[27,-53],[11,-95],[29,-20],[5,-36],[-21,-36],[4,-36],[57,-59],[75,-26],[3,-60],[27,-25],[68,-31],[1,-58],[-12,-29],[-53,-71],[-56,-45],[-40,-47],[-15,-44],[-2,-57],[13,-53],[77,-84],[63,-35],[69,-16],[68,-48],[32,-57],[21,-75],[-2,-25],[-38,-55],[2,-63],[37,-60],[24,-73],[-10,-65],[-66,-104],[-18,-45],[12,-37],[43,-46],[71,-18],[80,11],[37,-11],[18,-53],[-31,-73],[28,-36],[47,8],[6,-23],[-26,-64],[19,-41],[26,-104],[22,-37],[62,-25],[61,-67],[24,-41],[-14,-45],[4,-64],[18,-54],[-43,-37],[3,-49],[107,-54],[22,-33],[-8,-139],[-18,-69],[-32,-64],[29,-46],[77,-16],[82,-35],[55,33],[41,-9],[40,-60],[42,-81],[-54,-148],[2,-61],[46,-42],[92,-62],[14,-71],[-26,-127],[22,-60],[-27,-142],[-53,-32],[-6,-36],[26,-57],[-38,-70],[23,-66],[63,-56],[86,-18],[27,-33],[3,-31],[-70,-170],[-6,-49],[21,-17],[144,56],[152,-54],[19,-16],[29,-111],[-21,-74],[-12,-82],[36,-45],[72,7],[26,-18],[12,-54],[40,-9],[75,-55],[89,-109],[48,-44],[6,-87],[30,-26],[32,-110],[29,-62],[41,-13],[45,25],[96,-90],[24,-5],[28,-37],[200,-2],[34,-23],[-30,-32],[6,-34],[85,-44],[20,-39],[17,-68],[-6,-114],[-25,-50],[-29,-9],[-45,14],[25,-107],[-17,-73],[66,-16],[22,-53],[21,-8],[30,-86],[1,-50],[-48,-75],[8,-25],[59,-54],[23,-39],[5,-58],[37,-15],[27,-79],[-22,-97],[18,-23],[-4,-63],[-47,-41],[-7,-65],[60,0],[109,-52],[85,33],[38,-44],[5,-60],[69,-42],[12,-42],[-5,-113],[14,-11],[42,45],[70,-9],[-14,-83],[94,24],[27,-12],[20,-40],[47,10],[46,-11],[-9,-84],[-61,-172],[-7,-72],[-21,-58],[-122,-122],[5,-55],[40,-57],[43,-3],[14,-44],[96,-31],[46,-54],[25,-55],[21,-21],[77,-108],[35,-10],[65,5],[75,32],[64,46],[80,39],[47,2],[56,-22],[41,-29],[57,-24],[48,-4],[48,-91],[-2,-54],[15,-30],[7,-108],[62,-110],[32,-15],[11,-34],[-16,-43],[6,-46],[34,-34],[97,-33],[22,-22],[19,-74],[55,-83],[21,-54],[24,-29],[36,-64],[22,-94],[6,-76],[12,-23],[-16,-40],[46,-56],[42,-102],[1,-51],[41,-35],[58,-146],[7,-41],[32,-64],[49,-160],[-1,-36],[18,-120],[37,16],[37,-17],[22,-50],[45,-1],[107,30],[60,-2],[132,-42],[87,-16],[62,17],[96,14],[65,29],[42,36],[13,-47],[-21,-32],[-58,-23],[-22,-78],[5,-35],[-27,-32],[-26,-107],[-29,-37],[-97,-56],[-29,-37],[-19,-46],[-81,-72],[-98,-42],[-94,48],[-92,-29],[-10,-48],[-63,-5],[-25,-32],[-32,-12],[31,-71],[33,0],[9,-34],[49,-39],[42,7],[21,-23],[-6,-80],[16,-66],[43,-57],[23,-93],[-3,-66],[19,-40],[-8,-52],[18,-153],[10,-22],[2,-82],[-17,-33],[-84,-69],[-18,-59],[-33,-55],[-31,-14],[-40,3],[-81,-73],[-25,-47],[-26,-11],[935,-390],[-38,-7],[-40,-30],[-61,-27],[-79,4],[-96,-14],[-45,42],[-43,11],[-43,-30],[-10,-46],[-85,-66],[-9,-23],[-53,-47],[-39,-67],[-41,8],[-29,39],[-57,32],[-59,15],[-49,0],[-113,-32],[-9,-33],[-34,1],[-59,-36],[-55,11],[-19,19],[-32,-17],[-3,-29],[-46,19],[-49,-40],[-44,-2],[-66,-55],[5,-34],[-36,-69],[0,-30],[-553,-57],[-554,2],[1,-87],[31,-104],[76,-67],[20,-29],[1,-128],[-12,-87],[-17,-6],[-26,-76],[-74,-46],[15,-62],[-40,-40],[-134,-60],[-41,-7],[-37,-36],[-8,-45],[-60,-85],[-39,-19],[-1,-50],[-15,-52],[15,-61],[3,-54],[-74,-59],[7,-62],[-4,-39],[-24,-36],[47,-6],[43,-38],[-10,-31],[-29,-15],[-1,-29],[29,-31],[9,-60],[-16,-21],[3,-65],[-10,-53],[50,-62],[16,-69],[46,-34],[-10,-28],[-44,-20],[-23,-27],[-1,-80],[109,-99],[36,-60],[82,-58],[6,-33],[-43,-87],[18,-34],[34,8],[61,55],[19,-32],[-17,-125],[21,-62],[-18,-80],[14,-113],[-17,-29],[-39,-8],[-16,-48],[11,-64],[72,-21],[14,-33],[100,-50],[0,-27],[-70,-42],[-12,-18],[8,-56],[18,-32],[-32,-45],[23,-43],[-3,-26],[-58,-69],[24,-50],[-47,22],[-25,-17],[-23,72],[-37,-15],[-27,43],[-59,41],[13,-56],[-19,-16],[-23,-62],[14,-21],[-29,-30],[-8,-55],[-52,-42],[40,-50],[-15,-24],[-34,27],[-40,-8],[-31,-26],[-49,10],[-7,82],[-41,-9],[-25,32],[-64,19],[-30,-21],[-34,-59],[-49,11],[-9,60],[-44,2],[-31,60],[-36,-23],[-51,3],[-43,-37],[-23,-82],[-34,-91],[39,10],[43,-22],[-12,-53],[-69,-31],[-41,-64],[-12,46],[-54,-40],[-14,23],[-47,20],[-1,52],[-75,76],[-71,27],[-33,-34],[-15,-38],[-62,-102],[-46,8],[-22,-23],[45,-43],[-3,-46],[-32,-36],[40,-55],[-23,-22],[-32,26],[-46,8],[-44,-21],[-37,90],[-56,28],[-8,19],[-31,-77],[-43,-11],[-27,-32],[-32,-8],[-64,9],[18,-51],[-17,-35],[31,-58],[-10,-63],[-31,-45],[-37,-25],[-18,-50],[-50,-19],[-53,34],[-20,-12],[-68,-5],[-31,-36],[-75,-9],[-66,-27],[-17,23],[-40,-50],[-20,-46],[-41,-7],[-25,17],[-47,-18],[-37,5],[-60,-27],[-44,-36],[-92,5],[-64,90],[-45,-31],[-46,8],[-17,-35],[-47,72],[-44,23],[-19,-44],[-25,41],[-31,20],[-83,-29],[11,-76],[62,-104],[-23,-27],[10,-33],[-26,-55],[-31,-9],[1,-45],[-37,-36],[-37,-68],[64,-21],[42,-27],[40,-56],[40,-10],[5,-58],[23,-80],[-20,-20],[32,-76],[36,-23],[109,-185],[-5,-53],[27,-14],[-8,-34],[-38,-18],[-27,-33],[-15,-97],[-22,6],[-48,-38],[-16,-51],[-38,-53],[-4,-35],[-112,-8],[-44,-18],[-37,-34],[-33,0],[-29,28],[-66,-14],[44,-92],[-89,0],[-23,-52],[58,-95],[35,-19],[76,30],[101,-32],[30,-49],[4,-52],[18,-34],[-20,-37],[32,-47],[40,-22],[91,-72],[18,-29],[49,12],[-33,42],[24,55],[93,14],[17,-63],[61,-61],[-15,-50],[42,-23],[-16,-31],[42,-61],[34,-12],[-11,-39],[19,-85],[-24,-81],[30,-44],[-1,-46],[28,-53],[-1,-31],[29,-34],[16,-59],[35,-43],[18,11],[3,-104],[11,-56],[22,11],[36,-23],[46,-6],[2,-49],[39,-23],[65,-78],[32,10],[23,-18],[-10,-34],[40,-79],[-1,-36],[22,-20],[41,-78],[52,-30],[-19,-113],[5,-51],[-30,-28],[-60,6],[-140,-78],[-6,-28],[-52,-23],[-16,-54],[-29,-29],[-46,-15],[-42,43],[-70,3],[-50,21],[-31,37],[-7,88],[-37,0],[-35,-48],[-39,-141],[32,-61],[5,-49],[55,-18],[5,-72],[-81,-60],[-13,-29],[5,-103],[29,-84],[42,-19],[3,-61],[53,-54],[33,-6],[47,-48],[-8,-57],[1,-88],[17,-24],[-38,-52],[44,-95],[27,-33],[35,-84],[36,-62],[0,-53],[-15,-37],[7,-50],[45,-60],[-5,-48],[-24,-34],[47,-68],[-14,-55],[-1,-55],[14,-13],[-52,-100],[-29,-4],[-6,-89],[7,-80],[-38,-20],[59,-112],[-18,-20],[-46,-16],[-30,-59],[22,-112],[-57,-18],[1,-63],[13,-60],[46,-58],[-42,-28],[-13,-99],[21,-24],[-4,-49],[-24,-81],[30,-43],[8,-48],[-21,-60],[78,-11],[-7,-32],[31,-26],[5,-137],[-26,-29],[-3,-53],[38,-56],[-1,-50],[-38,-67],[41,-33],[30,-7],[60,-64],[1,-39],[-54,-10],[29,-53],[35,-31],[44,-6],[43,14],[29,-22],[20,-61],[48,-15],[-13,-66],[15,-93],[-36,-6],[29,-63],[-6,-49],[-46,4],[24,-55],[-41,-47],[-29,29],[-3,-88],[43,-34],[31,-51],[112,-32],[31,-29],[13,-88],[-14,-26],[20,-53],[-77,-36],[-31,-59],[-39,-15],[-34,-43],[31,-56],[8,-68],[14,-21],[-12,-54],[-28,-26],[-72,-15],[-47,-40],[-21,-47],[19,-41],[-17,-25],[36,-80],[-22,-45],[-30,-22],[11,-61],[-59,-6],[-88,-66],[1,-38],[19,-44],[-21,-24],[-27,-62],[23,-24],[-54,-46],[19,-51],[36,-20],[3,-32],[26,-26],[-34,-53],[33,-57],[13,-55],[-43,-88],[28,-19],[26,-82],[-33,-43],[25,-42],[-30,-36],[30,-56],[2,-58],[34,-5],[26,-98],[-3,-146],[-27,-5],[18,-53],[76,-39],[39,-31],[28,-52],[55,-33],[32,-64],[-5,-57],[-26,-73],[-16,-18],[-66,7],[-72,78],[-14,44],[-43,62],[-71,-80],[-34,28],[-44,15],[-12,53],[-23,-16],[3,-39],[-30,-55],[39,-39],[40,-72],[0,-59],[-24,-24],[10,-34],[42,-26],[3,-25],[97,10],[-9,-66],[12,-55],[35,-63],[-25,-133],[15,-32],[48,11],[22,-33],[36,2],[-3,-93],[19,-38],[83,-22],[52,8],[26,46],[34,-13],[11,-41],[80,-16],[35,-49],[53,53],[91,-8],[30,-98],[36,75],[16,-1],[64,-47],[37,8],[24,-33],[79,-12],[55,-33],[14,-54],[61,-65],[81,8],[22,-42],[-7,-44],[-34,-40],[-46,-22],[29,-39],[-19,-28],[-31,-7],[-19,-48],[-38,-25],[-22,-52],[-38,-31],[89,-42],[7,-49],[19,-29],[7,-66],[50,-41],[25,-41],[-5,-63],[13,-83],[21,-60],[49,-52],[38,7],[28,-38],[14,-47]],[[49703,83568],[-11,-112],[-17,-38],[-57,-47],[-104,-64],[-29,-55],[-30,-29],[-4,-89],[-30,-92],[-115,-155],[-79,-75],[-59,-9],[-100,-28],[-111,-52],[-53,-12],[-212,-29],[-49,-46],[22,-100],[64,-128],[31,-29],[90,-1],[32,-9],[118,3],[150,26],[71,-5],[76,24],[8,-20],[-31,-33],[40,-93],[-26,-74],[-50,-66],[5,-64],[-14,-43],[10,-93],[16,-62],[33,-57],[-6,-23],[0,-106],[75,-56],[48,-50],[65,-24],[17,-46],[-26,-77],[-44,-74],[-7,-103],[-16,-78],[-52,-86],[0,-383],[34,-47],[7,-29],[-10,-80],[12,-35],[71,-38],[50,-46],[10,-57],[-38,-82],[-5,-51],[16,-57],[28,-40],[29,-82],[-14,-113],[-10,-57],[6,-42],[37,-94],[14,-76],[33,-108],[47,-72],[37,-125],[14,-26],[38,-118],[22,-33],[31,81],[33,45],[45,5],[33,38],[50,-5],[40,31],[95,13],[67,-3],[88,55],[58,-4],[95,-52],[34,-9],[20,-52],[0,-46],[56,-86],[39,-122],[78,-57],[26,-10],[60,-77],[36,37],[74,-73],[92,-45],[54,-58],[110,-49],[13,-60],[-26,-26],[-7,-35],[-62,-7],[97,-110],[17,-12]],[[51116,78505],[0,-42],[-48,-23],[-14,-43],[-53,15],[-25,-9],[-40,-64],[-40,-112],[-18,-106],[-18,-14],[-12,-96],[12,-56],[52,-108],[30,-103],[32,-21],[-1,-29],[25,-35],[45,-17],[27,11],[1,-560],[-77,0],[-6,-68],[-19,-11],[-5,-86],[-33,-30],[1,-99],[-24,-29],[1,-62],[-39,-140],[-37,-22],[-9,-34],[-38,-30],[-5,-49],[20,-27],[18,-62],[32,-12],[38,-53],[6,-53],[-7,-60],[46,-7],[47,-99],[42,-30],[66,17],[22,-16],[73,-1],[18,-38],[-2,-36],[40,-83],[11,-49],[29,-9],[8,-87],[46,-78],[26,-6],[42,55],[49,-5],[25,-67],[-18,-82],[26,-49],[-7,-107],[-24,-37],[3,-36],[36,-3],[11,-60],[43,32],[55,-40],[27,-45],[39,-17],[9,-45],[37,-45],[-13,-48],[-39,-11],[-8,-65],[38,-11],[-26,-44],[6,-69],[-14,-46],[23,-50],[-39,-97],[-18,-16],[12,-41],[-6,-37],[25,-47],[-54,-24],[-5,-76],[20,4],[38,-43],[-22,-53],[-53,-31],[25,-28],[-11,-47],[30,-66],[19,-123],[62,-15],[10,24],[48,-20],[-1,-88],[26,-23],[-18,-73],[3,-75],[-30,-22],[17,-56],[-55,-128],[-11,-69],[-30,-45],[17,-45],[-37,-16],[-46,-66],[5,-15]],[[51601,73292],[-159,0],[-1000,0],[-1236,-4],[-113,1],[-19,-91],[-20,-12],[-17,-61],[19,-21],[-3,-49],[-21,-37],[-55,-30],[-25,-58],[-13,-58],[7,-43],[-45,-6],[-26,44],[-31,4],[-39,37],[-50,-9],[-26,32],[-33,11],[-24,28],[-44,17],[-46,-14],[-11,44],[23,73],[-19,49],[-29,40],[-22,-4],[-70,40],[-22,0],[-64,-62],[-42,20],[-32,34],[-6,44],[-35,32],[-42,-34],[-11,-46],[-39,-25],[-41,-9],[-16,-42],[-77,-39],[-45,1],[-30,32],[-36,-46],[-79,-20],[-33,-25],[-9,-33],[-61,-83],[7,-94],[29,-54],[-19,-39],[20,-26],[-6,-40],[-38,-42],[-25,-51],[14,-35],[-14,-75],[-39,-83],[16,-189],[-31,-72],[-6,-33],[20,-79],[-27,-35],[-47,-9],[-43,-33],[-23,-71],[-42,-27],[-68,16],[-67,66],[-43,-51],[-55,31],[-46,-20],[-48,-47],[-8,-33],[-40,-18],[26,-61],[-9,-60],[-46,-19],[-24,-45],[-1,-34],[-28,-40],[-97,-31],[-23,-45],[-55,-6],[-11,-23],[-78,36],[-34,0],[-42,-74],[-28,0],[4,-55],[-23,-40],[-82,-45],[-38,-8],[-35,40],[-53,-18],[-8,-41],[-54,-15],[-22,-25],[19,-98],[-33,-23],[-66,-20],[-17,-40],[-50,11],[-53,-26],[-31,-60],[-12,-48],[28,0],[10,-45],[37,3],[31,-39],[-17,-41],[-7,-62],[24,-10],[41,25],[34,1],[18,-29],[26,-83],[3,-64],[42,-51],[16,-89],[76,-15],[6,-45],[-25,-28],[1,-41],[52,4],[6,-63],[31,-23],[8,-75],[-31,-20],[-19,-41],[71,-88],[-26,-45],[-48,18],[-1,-38],[-30,-2],[-20,-39],[-45,90],[-88,17],[-38,-12],[-26,-35],[25,-58],[-62,-111],[-1,-26],[-70,-105],[-28,18],[-47,64],[-47,24],[-30,-23],[-56,-125],[24,-23],[-28,-40],[25,-78],[-16,-29],[33,-24],[49,31],[46,-45],[28,-67],[59,-14],[54,-67],[44,-3],[60,-33],[53,-11],[39,-21],[21,-28],[9,-67],[-11,-48],[-91,-86],[-8,-46],[-44,-49],[1,-36],[65,-53],[8,-74],[-52,-77],[-34,-81],[22,-121],[60,-71],[42,-6],[19,-25],[-41,-115],[-33,-42],[-32,-16],[-32,-54],[33,-38],[1,-33],[42,-5],[51,-78],[3,-30],[38,-32],[12,-29],[60,-39],[44,-54],[33,-18],[18,-39],[-29,-59],[35,-9],[34,-39],[30,22],[32,-13],[-10,-129],[72,-81],[-30,-39],[-17,-52],[-35,-31],[-21,-55],[-67,-19],[15,-43],[33,-22],[1,-48],[35,-17],[40,-62],[-24,-70],[24,2],[28,-68],[63,5],[31,-20],[47,-86],[20,-6],[-8,-72],[21,-34],[-27,-28],[86,-53],[9,-80],[-28,-41],[-25,4],[-33,-45],[23,-18],[-16,-37],[-29,-25],[-38,-7],[-22,-64],[66,-30],[18,-79],[44,-94],[62,17],[-8,-35],[35,-25],[-31,-48],[62,-96],[4,-43],[-20,-12],[-4,-75],[89,-105],[-33,-99],[24,-55],[-75,-35],[-22,-36],[0,-56],[-79,-68],[39,-22],[25,-78],[33,-23],[53,0],[-5,-105],[60,-66],[-7,-53],[-53,5],[-26,-23],[14,-41],[7,-75],[56,-24],[35,-63],[-22,-28],[33,-68],[19,-18],[7,-47],[-24,-34],[5,-79],[-20,-14],[-52,8],[-43,-50],[33,-24],[-23,-74],[44,-44],[-17,-65],[-24,-1],[-70,45],[-37,-2],[-36,23],[-34,-21],[-34,-40],[4,-60],[44,-60],[36,-74],[17,-80],[-2,-39],[-27,-63],[-29,-121],[-84,-81],[34,-54],[-27,-71],[10,-57],[21,-44],[49,-57],[-104,-87],[15,-22],[-64,-23],[7,-70],[48,-10],[41,-25],[42,1],[69,-106],[44,-31],[21,-61],[-27,-26],[21,-87],[18,-13],[30,-119],[51,-139],[-41,-97],[14,-87],[-37,-8],[-22,19],[-79,-62],[-68,-14],[-38,9],[-19,-36],[9,-30],[-22,-70],[-125,-56],[-25,-52],[7,-62],[-28,-124]],[[40911,92648],[20,47],[55,-20],[37,18],[34,-12],[56,10],[10,16],[78,24],[16,-31],[43,16],[53,-3],[7,19],[56,19],[39,-12],[118,1],[99,-53],[89,76],[-24,71],[81,102],[96,-8],[95,-23],[61,50],[77,93],[111,22],[46,-108],[104,71],[118,96],[110,-18],[43,-167],[54,-74],[87,-144]],[[51601,73292],[69,-18],[34,-30],[18,13],[41,-35],[25,32],[54,6],[20,27],[53,-30],[50,4],[32,-34],[73,3],[-7,-111],[-97,-15],[-10,-35],[23,-70],[-2,-42],[17,-69],[-43,7],[-41,-25],[-20,-32],[14,-29],[-9,-60],[19,-27],[7,-69],[-50,-30],[-32,7],[-89,-35],[-36,-68],[2,-74],[10,-35],[-40,-13],[-53,-44],[-71,-31],[-20,-38],[21,-50],[-10,-52],[14,-17],[-17,-70],[63,-42],[104,-4],[17,-25],[11,-74],[41,-91],[-25,-10],[-91,41],[1,-48],[-49,-70],[12,-34],[-30,-42],[30,-19],[-11,-39],[-58,-28],[-37,50],[-53,-26],[-32,27],[-48,-8],[-21,45],[-53,12],[-16,-41],[-54,-1],[-6,-27],[-49,-59],[-13,-53],[25,-38],[-26,-37],[16,-28],[-36,-111],[-85,-23],[7,-58],[-37,-39],[-104,0],[-31,-42],[14,-29],[-72,-4],[-95,45],[-53,35],[-61,-8],[-13,-46],[-35,-16],[-33,-65],[-18,-76],[22,-23],[97,-1],[27,-29],[45,-21],[12,-32],[67,-39],[42,-73],[17,-79],[20,-27],[48,11],[11,-41],[34,33],[39,-19],[20,-30],[68,-43],[-4,-24],[1,-46],[-27,-81],[-68,-7],[-18,-46],[28,-44],[10,-42],[29,-32],[31,3],[7,-47],[-19,-64],[39,-15],[-7,-49],[7,-77],[-32,-61],[-58,-34],[39,-58],[-2,-45],[47,-19],[-12,-93],[31,-58],[-16,-44],[21,-60],[22,-25],[148,230],[16,61],[18,10],[7,56],[18,53],[98,59],[57,24],[61,66],[-24,85],[22,47],[-4,64],[33,38],[37,4],[32,32],[55,6],[39,-14],[22,44],[56,37],[39,-33],[-18,-64],[-34,-30],[-7,-50],[36,-40],[-3,-27],[-36,-22],[5,-37],[31,-43],[40,10],[10,-33],[-7,-49],[33,-7],[29,-57],[-5,-76],[18,-20],[76,9],[-12,-47],[24,-17],[6,-59],[48,7],[60,-11],[46,3],[14,19],[35,-12],[12,30],[38,-20],[29,35],[73,-6],[33,-18],[45,59],[89,-14],[56,23],[85,-14],[33,83],[42,-19],[50,12],[22,-26],[-16,-36],[16,-79],[44,-32],[13,-50],[35,-38],[28,-120],[69,85],[30,-15],[56,64],[51,-31],[94,24],[16,34],[52,-34],[56,42],[7,36],[36,-2],[47,31],[91,-21],[17,-21],[43,13],[29,-37],[38,-22],[34,-47],[74,-45],[68,-62],[65,-22],[49,-45],[61,-6],[56,48],[29,-45],[58,-7],[30,-27],[-14,-101],[34,-6],[206,200],[507,491],[136,-202],[448,-679],[25,-16],[32,-68],[29,-3],[64,-52]],[[55733,68954],[-72,-68],[-78,-49],[-48,-10],[-27,-39],[-57,-44],[-18,-93],[49,-166],[9,-75],[-4,-203],[14,-148],[8,-57],[-4,-52],[-48,-91],[-21,-70],[-35,-71],[-51,-61],[-25,-46],[-49,-60],[-30,-51],[-172,-220],[-14,-120],[6,-66],[45,-118],[44,-108],[41,-63],[60,-37],[126,-114],[43,-53],[79,-57],[56,-19],[24,-54],[-34,-53],[-6,-55],[11,-118],[-1,-53],[-14,-86],[-28,-57],[14,-83],[6,-30],[-8,-104],[-37,-38],[-32,-118],[8,-45],[-13,-91],[-26,-74],[-61,-131],[-29,-124],[-13,-77],[-36,-117],[-35,-40],[-87,-40],[-25,-19],[-62,-95],[-33,-88],[-18,-147]],[[55025,64588],[-23,-84],[-93,-84],[-44,-91],[-24,-66],[-18,-46],[-120,-178],[-46,-99],[-63,-101],[-45,-18],[-65,-1],[-96,-25],[-110,-118],[-26,-9],[-50,-71],[-58,-117],[-47,-46],[-63,-77],[-18,-81],[-27,-57],[-19,-58],[-57,-102],[-30,-25],[10,-42],[-15,-23],[-76,-64],[-44,-69],[-46,-2],[-23,-16],[-13,-70],[-24,-31],[-55,-31],[-29,-61],[-10,-55],[6,-98],[-29,-72],[-55,-79],[-34,-112],[9,-64],[-15,-21],[31,-45],[10,-50],[-39,-69],[0,-55],[-68,-79],[-6,-76],[-22,-52],[0,-46],[-25,-51],[-46,-59],[-39,-67],[-10,-74],[-24,-57],[-4,-48],[-19,-24]],[[53472,88289],[4,-141],[73,-79],[42,-109],[11,-166],[-17,-58],[-21,-292],[-19,-87],[74,-7],[136,-39],[21,28],[26,-26],[96,-26],[147,73],[22,-34],[30,19],[70,5],[45,34],[47,2],[134,42],[89,-62],[18,-33],[42,-41],[31,-119],[88,-163],[115,-181],[79,-137],[40,-36],[50,8],[42,-39],[52,-13],[22,-38],[-23,-33],[59,-52],[322,-164],[482,-246],[18,-55],[102,-63],[53,-50],[33,-14],[61,25],[105,7],[128,-12],[21,-43],[66,-26],[96,-17],[33,5],[113,60],[90,-9],[22,8],[117,-21],[37,6],[23,-16],[80,32],[72,-31],[42,-36],[36,-9],[29,-40],[19,-62],[-14,-159],[-97,-103],[-24,-55],[-28,-125],[-35,-65],[530,-212]],[[57629,84999],[-9,-72],[-37,-78],[-5,-68],[-27,-56],[-50,-63],[-14,-17],[-64,-148],[-59,-97],[-41,-99],[-17,-39],[-67,-95],[-20,-42],[-33,-117],[-13,-26],[1,-10],[-25,-45],[-43,-49],[-52,-49],[-71,-117],[-52,-70],[-133,-156],[-38,-51],[-61,-102],[-60,-129],[-53,-103],[-82,-191],[-35,-105],[-31,-71],[-134,-130],[-21,-13],[-65,-24],[-72,-12],[-109,-39],[-146,-58],[-62,-66],[-56,-35],[-118,-153],[-81,-75],[-39,-37],[-53,17],[-84,12],[-78,-3],[-122,6],[-112,-16],[-97,-23],[-30,-20],[-93,-37],[-57,-37],[-50,-18],[-25,-32],[-32,-13],[-94,1],[-29,15],[-20,35],[-31,-12],[-84,-62],[-35,-35],[-75,-54],[-22,-30],[-61,50],[-34,-1],[-125,-38],[-70,-5],[-82,22],[-104,60],[-104,42],[-31,5],[-88,-8],[-76,-15],[-126,-42],[-23,-17],[52,-116],[45,-3],[3,-53],[27,-1],[4,-40],[36,-27],[-12,-43],[10,-25],[-32,-51],[23,-48],[-31,-43],[-7,-74],[19,-30],[-11,-98],[42,-52],[-10,-33],[-71,-62],[-51,-33],[29,-95],[-14,-73],[46,-41],[15,-40],[5,-57],[-12,-71],[-47,-86],[-14,-115],[5,-116],[11,-29],[47,-59],[20,-48],[4,-60],[42,-75],[76,20],[43,0],[39,-27],[33,-69],[5,-74],[-20,-120],[16,-69],[50,-54],[11,-100],[-3,-130],[14,-40],[48,-86],[75,-82],[63,-22],[8,-22],[4,-188],[-25,-46],[-85,-102]],[[53913,78831],[-28,-126],[16,-69],[-20,-25],[2,-43],[-47,-16],[-27,-58],[-59,-51],[-3,-57],[-5,-74],[16,-50],[38,2],[41,-46],[-11,-74],[26,-44],[3,-79],[31,-53],[-145,15],[-60,-12],[-13,-18],[-81,54],[-61,25],[-22,44],[-42,29],[-33,7],[-98,-80],[-81,70],[-37,92],[-44,9],[-43,-24],[-15,-79],[-59,-38],[-3,-32],[-39,-28],[-27,2],[-20,-26],[-18,-75],[-60,-37],[-15,-49],[-41,-17],[-94,-56],[-30,45],[-87,-8],[-20,-19],[-25,-59],[22,-75],[-723,-94],[8,16],[-19,71],[11,31],[-7,61],[-27,51],[-23,84],[-15,11],[8,121],[-43,91],[-95,77],[-38,16],[-45,46],[3,41],[-69,66],[-23,102],[2,70],[-79,-17],[-14,45],[-30,15],[-57,-11],[-61,8],[-40,-54],[-30,-22],[-73,52]],[[56467,72783],[13,-47],[28,-17],[126,-12],[67,-16],[48,-64],[73,-32],[87,15],[98,-34],[50,10],[60,35],[51,11],[56,16],[35,-4],[17,23],[45,-22],[12,-30],[47,-53],[14,-81],[30,-51],[-1,-25],[36,-29],[25,-39],[49,-44],[91,-32],[27,5],[70,-32],[127,-101],[13,-40],[-20,-92],[-73,-143],[-61,-33],[-66,-16],[-74,10],[-43,-20],[-33,-82],[-5,-79],[18,-105],[48,-89],[55,-63],[35,-68],[-3,-60],[-66,-43],[-80,-18],[-55,-40],[-30,-48],[-8,-62],[19,-29],[70,-27],[26,-40],[8,-40],[-11,-41],[-39,-54],[-42,-36],[-92,-38],[-58,2],[-38,-17],[-53,-61],[-9,-62],[52,-205],[2,-63],[61,-48],[21,-57],[-16,-84],[-38,14],[-56,44],[-52,15],[-117,1],[-25,-16],[-66,-112],[-149,-121],[-42,-78],[-13,-24],[-32,-54],[-1,-38],[-26,-40],[-14,-80],[24,-80],[4,-98],[-29,-58],[-45,-41],[-99,-27],[-41,-35],[-48,-72],[-55,-34],[-86,-25],[-33,14],[-150,-23],[-111,-56],[-124,-13],[-27,-44],[-29,-37],[-88,-70]],[[53913,78831],[75,17],[111,49],[32,66],[28,160],[19,178],[17,43],[-43,92],[1,31],[54,78],[58,7],[2,70],[11,36],[112,0],[15,7],[380,1],[270,-3],[-12,-92],[-25,-39],[-77,2],[-54,-53],[-21,-65],[3,-70],[17,-29],[-13,-63],[5,-87],[37,-35],[-11,-51],[-44,-27],[-39,-59],[-97,-17],[-63,-20],[-17,-29],[-120,-129],[2,-44],[-15,-80],[30,-101],[117,-82],[35,-99],[50,-30],[-15,-65],[21,-164],[38,-74],[-1,-41],[31,-43],[18,-78],[43,-19],[11,-28],[-27,-114],[679,5],[376,3],[169,-2]],[[56086,77744],[-5,-51],[-104,-62],[-101,-121],[-37,-87],[36,-16],[35,7],[80,-11],[51,-55],[70,0],[36,-20],[32,19],[31,-41],[-38,-26],[18,-29],[-25,-80],[9,-28],[57,-1],[-23,-34],[71,-39],[16,-37],[28,8],[8,-64],[41,9],[30,-30],[83,-1],[44,-13],[94,-84],[31,25],[16,-23],[39,-7],[27,-42],[29,1],[52,-42],[4,-26],[47,-19],[53,18],[80,-11],[36,-16],[11,-24],[76,20],[23,26],[72,-41],[28,0],[40,-39],[44,-110],[-11,-48],[9,-59],[-7,-43],[-21,-20],[-6,-51],[10,-66],[-16,-65],[25,-76],[11,-93],[70,-94],[83,-95],[45,-75],[0,-29],[31,-45],[73,-20],[54,2],[86,34],[30,21],[557,-767],[214,-293]],[[57629,84999],[527,-211],[4,-96],[20,-11],[30,49]],[[58210,84730],[33,-31],[10,-174],[12,-26],[-40,-4],[-32,46],[-44,-25],[-14,-37],[-26,13],[-22,-45],[8,-40],[32,2],[1,-97],[-18,-46],[28,-4],[22,-162],[23,-31],[154,-73],[-53,-168],[-71,-60],[-40,-107],[-64,-76],[117,-177],[-150,-15],[15,-395],[-1,-68],[10,-61],[21,-25],[67,1],[-32,-35],[-300,-203],[36,-18],[38,-45],[66,-2],[35,31],[8,70],[18,39],[50,33],[21,-5],[56,-66],[-4,-43],[-31,-56],[3,-78],[52,-57],[44,4],[34,31],[69,29],[49,-23],[39,-44],[36,-92],[-52,-84],[0,-53],[26,-44],[-4,-102],[-31,-35],[-10,-42],[-9,-49],[34,7],[10,-26],[-23,-41],[12,-77],[-21,-70],[-24,-20],[-15,-146],[28,-9],[-32,-73],[36,-8],[4,-36],[-82,-59],[-4,-43],[-41,-16],[-78,-104],[-17,-68],[21,-54],[-8,-58],[-24,-47],[38,-14],[-8,-53],[34,-60],[-4,-34],[-63,-5],[20,-77],[-40,-29],[-19,-66],[-37,-14],[11,-42],[-36,-20],[-30,-51],[-4,-51],[45,-92],[8,-30],[-18,-39],[16,-71],[-32,-58],[4,-64],[49,9],[29,-52],[30,-9],[22,31],[78,-27],[29,53],[22,-6],[7,-41],[-13,-73],[-49,-48],[-11,-34],[-46,-58],[-110,-69],[-42,-60],[25,-108],[-7,-54],[-46,-109],[-31,-54],[-33,-170],[7,-42],[-13,-36],[0,-72],[-26,-57],[-58,-65],[-63,4],[-55,-9],[-47,-52],[-27,-109],[-38,-55],[-18,-67],[-19,-34],[-11,-112],[-31,-9],[-43,68],[-43,-18],[-10,-66],[-22,-46],[24,-51],[-46,-75],[-73,-12],[-66,-46],[-53,40],[-28,-46],[-46,-49],[-73,6],[-28,14],[-83,88],[-34,3],[-101,-79],[-94,-11],[-48,-30],[-30,-33],[-50,-100],[-36,-17],[-54,-62],[-60,-50],[-95,-41],[-48,-54],[-40,-16],[-80,-6],[-45,35],[-29,-51],[-41,-30],[1,-15]],[[58210,84730],[30,61],[-2,59],[25,30],[30,-9],[63,48],[6,64],[26,40],[-11,44],[73,3],[51,-96],[9,-79],[-48,-89],[-17,-52],[20,-11],[30,37],[18,-33],[42,39],[-6,49],[15,48],[-16,34],[38,101],[-1,55],[40,-2],[7,-31],[-15,-47],[51,8],[-3,-26],[32,-101],[21,94],[-20,27],[-7,53],[51,-4],[12,39],[41,36],[24,-1],[22,-98],[-10,-50],[27,-13],[42,41],[44,-10],[47,-103],[-11,-56],[4,-49],[-20,-44],[29,-43],[38,10],[33,88],[33,69],[5,68],[-15,39],[11,33],[98,-80],[12,-26],[-16,-53],[27,-30],[-3,-45],[22,-10],[76,-175],[25,33],[11,84],[-23,102],[16,54],[-27,43],[26,71],[72,14],[48,-15],[-20,-157],[66,3],[18,51],[37,3],[-12,67],[58,4],[64,29],[89,-33],[-12,-91],[64,-23],[-6,65],[58,-5],[53,-24],[29,-70],[-20,-41],[-24,-14],[-24,20],[-25,-15],[-12,-50],[39,-3],[33,37],[28,3],[53,55],[45,-18],[-24,-51],[6,-86],[17,7],[64,96],[52,47],[31,13],[54,-101],[-21,-17],[32,-101],[15,-91],[-9,-47],[48,40],[-3,115],[24,8],[25,42],[82,48],[43,-6],[22,-46],[-34,-137],[49,-49],[1,-74],[30,-49],[-20,-33],[-32,-5],[57,-40],[47,98],[3,63],[53,14],[0,100],[26,30],[27,3],[7,52],[63,-33],[-13,-32],[11,-57],[-15,-81],[5,-81],[46,24],[6,-77],[22,14],[41,73],[41,-31],[-3,73],[43,-28],[31,-169],[26,25],[-16,54],[11,69],[25,34],[33,-11],[19,-54],[23,30],[-19,50],[5,27],[41,1],[7,50],[58,-3],[-15,-43],[44,-20],[31,-55],[2,-39],[-35,-58],[-59,-55],[45,-69],[-24,-50],[-79,-40],[-22,-20],[29,-33],[41,26],[43,2],[59,32],[26,-3],[5,-43],[39,-6],[43,115],[1,52],[21,11],[43,-69],[30,39],[-6,25],[23,55],[24,25],[35,3],[44,-43],[50,78],[35,5],[19,-35],[-21,-64],[-38,-25],[-27,16],[-27,-34],[-10,-39],[17,-37],[-30,-46],[33,-39],[0,-61],[-35,-44],[-7,-53],[23,-29],[33,76],[29,-4],[54,27],[4,36],[64,23],[-5,-77],[31,-16],[47,64],[18,9],[29,-53],[4,-77],[-29,-45],[10,-30],[53,90],[-1,46],[22,18],[30,54],[55,73],[23,87],[-6,35],[52,29],[32,1],[51,51],[43,-44],[-4,-77],[-51,8],[16,-52],[-2,-46],[-33,-17],[-7,-37],[12,-61],[20,-40],[1,-57],[-50,-51],[-42,-91],[-33,-51],[21,-60],[23,45],[0,35],[29,60],[81,74],[17,46],[-5,58],[19,65],[31,18],[24,-26],[-7,-94],[-70,-198],[34,11],[14,64],[37,23],[33,56],[105,64],[0,28],[39,8],[3,-37],[-52,-48],[-13,-49],[61,-103],[-31,-60],[0,-60],[-25,-98],[-13,-15]],[[62432,83758],[38,12],[26,-85],[-54,32],[-10,41]],[[61721,84103],[24,-30],[-35,-71],[-57,-40],[9,50],[39,48],[20,43]],[[79272,70203],[68,36],[61,-38],[67,59],[39,9],[-68,-81],[12,-71],[39,-18],[34,9],[27,-43],[28,-11],[60,11],[33,-32],[22,-81],[69,-7],[34,-11],[32,-68],[38,0],[19,-47],[72,58],[62,0],[1,-1],[62,-12],[18,-25],[71,-3],[29,19],[33,-73],[29,-6],[50,33],[6,41],[27,20],[29,59],[36,23],[38,-8],[-8,-35],[31,-11]],[[80472,69898],[21,-12],[-19,-124],[84,0],[19,-9],[40,-98],[-27,-57],[17,-57],[-114,-84],[13,-73],[30,-4],[34,-51],[-7,-38],[-96,-15],[10,-119],[18,-21],[2,-49],[35,-65],[-29,-64],[27,-36],[8,-44],[-39,-30],[19,-153],[-42,-28],[-22,-50],[-60,-14],[-25,-26],[7,-32],[-45,-25],[-95,12],[-163,-6],[-109,40],[-19,4],[-54,-52],[-26,-59],[-55,-67],[19,-40],[-39,-73],[1,-92],[66,38],[23,-26],[-10,-48],[-50,-8],[-24,-42],[-53,-138],[-18,-7],[-36,-72],[-20,-8],[-8,-51],[-55,-57],[11,-65],[-14,-31],[-41,1],[-7,-29],[-38,-18],[-60,-53],[-55,44],[-49,8],[-3,31],[-49,34]],[[80472,69898],[32,17],[-16,57],[50,50],[59,10],[7,45],[28,-8],[29,-41],[37,8],[14,24],[41,31],[25,-1],[2,76],[68,-10],[55,83],[-20,22],[73,107],[36,6],[66,-8],[-14,49],[21,52],[-33,18],[2,37],[44,36],[3,39],[28,34],[74,30],[20,-20],[60,-14],[60,3],[18,24],[50,10],[36,5],[68,48],[20,-24],[46,-3],[9,33],[32,3],[87,0],[54,17],[11,64],[18,20],[117,8],[33,62],[55,-4],[41,49],[90,45],[20,-21],[32,6],[36,70],[55,2],[20,-37],[32,9],[27,-22],[51,-2]],[[82381,70992],[15,-160],[-18,-81],[41,-27],[-39,-71],[-43,-10],[-18,-55],[-73,-20],[-39,-33],[-43,-65],[-5,-73],[-75,5],[-34,-12],[-20,-60],[-73,-41],[-32,-57],[0,-63],[-25,-56],[-17,-26],[1,-49],[33,-43],[-22,-40],[-11,-147],[-9,-24],[-48,-36],[-97,2],[-40,-39],[17,-42],[-12,-105],[13,-32],[-4,-69],[23,-39],[-11,-50],[-31,-79],[173,33],[17,-6],[128,-4],[63,31],[69,-12],[-15,-49],[59,-49],[-12,-77],[27,-47],[5,-78],[46,-35],[94,-4],[90,71],[55,84],[17,-4],[118,39],[72,46],[71,63],[22,5],[36,-37],[13,-48],[-4,-45],[32,-64],[110,67],[168,67],[139,-144],[8,-132],[87,6],[-28,-97],[-28,-55],[-10,-49]],[[83307,68771],[-33,-1],[-206,-248],[0,-126],[19,-9],[92,47],[28,40],[80,-19],[60,33],[-27,-53],[6,-88],[-61,-83],[-70,-97],[-53,13],[-66,-10],[-38,-26],[-33,-2],[-23,21],[-59,5],[-73,-2],[-64,-75],[-21,11],[-38,-38],[-35,2],[44,-156],[7,-84],[-35,-9],[-57,-237]],[[82651,67580],[-32,-10],[-12,39],[-29,25],[-111,30],[-22,30],[-51,8],[-20,57],[-44,38],[-39,9],[-44,43],[-61,1],[-32,0],[-29,-36],[-58,-3],[-32,3],[-65,-90],[18,-30],[-81,-56],[-67,-12],[-36,12],[-36,-11],[-41,8],[-67,-17],[19,-63],[-77,-129],[-14,-66],[-32,-33],[-66,-28],[-85,-48],[-22,-47],[-24,-16],[-42,4],[-15,19],[-46,-31],[-13,-33],[-54,-5],[0,-49],[-24,-28],[-26,2],[-14,-45],[-24,-31],[-22,-26],[-6,-37],[-20,-60],[-20,27],[-11,51],[-22,2],[-38,-46],[-69,-3],[-41,-17],[-53,-81],[-50,-37],[-45,-46],[-8,-36],[-36,-28],[-34,-65],[-28,-29],[-32,12],[-35,-16],[-66,75],[-21,4],[-67,-62],[-13,-26],[-1,-58],[23,-37],[-26,-28],[-96,30],[-26,59],[-27,32],[-46,9],[-24,-26],[-105,-78],[-38,-26],[-54,6],[-51,-7],[-27,44],[-11,57],[16,42],[-34,93],[-3,58],[-33,58],[-40,-4],[-23,43],[-61,-74],[-43,-15],[-18,-44],[-41,1],[-14,24],[-52,6],[-15,-32],[-59,-10],[-14,-40],[-63,-11],[-41,14],[-47,-20],[-31,26],[-35,-20],[-30,36],[-2,37],[-41,50],[0,30],[-84,96],[-23,0],[-28,57],[-42,33],[-22,1]],[[83307,68771],[-11,-65],[46,-71],[57,-38],[21,20],[33,103],[17,22],[72,-6],[39,-14],[76,9],[79,142],[-13,40],[31,47],[37,-3],[32,43],[43,19],[20,103],[-8,61],[-65,52],[-23,6],[-33,61],[25,32],[13,74],[46,143],[17,41],[94,-57],[25,-46],[25,26],[25,-13],[-9,166],[-28,33],[-32,7],[-28,42],[1,25],[-79,51],[-21,5],[-6,56],[-6,69],[60,169],[10,72],[155,-10],[80,175],[72,-41],[42,19],[67,49],[42,-22]],[[84347,70367],[34,-44],[7,-80],[-11,-37],[-33,-40],[-6,-30],[17,-36],[90,-21],[3,-85],[69,10],[68,3],[101,18],[75,-10],[30,23],[1,0],[43,38],[90,-100],[45,-19],[25,-75],[69,-20],[21,12],[47,-22],[204,13]],[[85336,69865],[-34,-149],[-17,-73],[-17,-72],[9,-66],[-31,-161],[-40,-68],[-26,-7],[1,-28],[48,-26],[7,-134],[22,-3],[61,-76],[37,-30],[34,-53],[42,-17],[16,-7],[43,-22],[36,-1],[91,-50],[106,9],[52,-49],[14,1],[151,-25],[26,-39],[-22,-18],[16,-71],[37,-29],[50,-74],[25,-56],[59,-5],[14,-85],[-29,-27],[2,-45],[-46,-26],[-21,-39],[-82,-6],[-102,-31],[-20,5],[8,-54],[29,-38],[-20,-25],[39,-52],[46,26],[141,-34],[3,-25],[-30,-23],[3,-41],[-25,-53],[-1,-47],[-62,-70],[49,-152],[16,-65],[9,-14],[-28,-57],[-14,-67],[-38,7],[-35,-30],[3,-30],[-25,-83],[0,-104],[-14,-56],[0,-82],[20,-30],[-11,-44],[-32,-1],[-31,25],[-13,-39],[-51,-52],[74,-51]],[[85858,66851],[-26,-44],[-47,-39],[-64,-10],[-43,22],[-30,-40],[-51,-6],[-24,-35],[-40,-4],[-56,-40],[-58,-16],[-126,-7],[-20,-43],[-38,-58],[-25,-9],[-43,18],[-31,-12],[-37,7],[-72,-32],[-27,-33]],[[85000,66470],[-35,4],[-37,38],[-46,-7],[-29,46],[-71,6],[-59,-14],[-37,7],[-87,-6],[-34,-17],[-20,51],[-22,16],[-67,-54],[-18,-28],[32,-55],[-52,-36],[-87,60],[-78,-3],[-58,9],[-23,-17],[-52,10],[-62,-18],[-13,-29],[-1,-159],[-35,-70],[-34,5],[-42,-26],[-43,11],[-83,48],[-35,7],[-44,-14],[-14,-28],[12,-53],[-19,-61],[-52,19],[-41,-44],[-12,-43],[0,-178],[-58,-37],[15,-57],[23,-2],[19,-46],[-26,-22],[-62,-12],[-58,-42],[15,-38],[-70,-17],[-13,-26],[-58,-8],[-26,-53],[-59,16],[-40,-14],[-15,-25],[-110,-44],[-39,-34],[-37,-13],[-28,-32],[-33,-43],[-54,-19],[-10,-49],[-59,-2],[-29,-14],[-67,33],[-43,60],[-94,12],[3,53],[32,21],[-32,28],[-44,-30],[-50,63],[-8,91],[-33,-9],[-43,17],[-7,30],[28,22],[-17,29],[32,36],[-8,63],[9,32],[-29,60],[-3,34],[22,41],[-3,29],[-24,68],[-34,1],[-40,36],[2,57],[-34,22],[-30,-20],[4,-33],[-99,11],[-31,-9],[-32,17],[-46,-6],[-63,-31],[-26,29],[4,51]],[[81986,66122],[73,15],[19,22],[3,67],[46,10],[97,77],[-7,69],[47,6],[7,22],[-17,75],[29,0],[77,41],[28,-24],[42,52],[-12,18],[41,70],[-26,42],[1,31],[-25,49],[-29,35],[-9,35],[-38,48],[-6,42],[31,50],[11,48],[35,58],[59,50],[42,53],[72,43],[40,1],[32,32],[61,19],[4,1],[32,19],[16,-18],[43,37],[-22,45],[-66,79],[0,46],[22,31],[-27,45],[-61,17]],[[85336,69865],[164,12],[14,1],[72,16],[34,18],[42,0],[57,55],[41,3],[60,-19],[45,-22],[37,6],[42,-60],[37,-20],[88,40],[75,-10],[17,-15],[45,8],[50,-10],[66,-4],[10,-4],[16,-5],[14,-6],[67,-46],[52,-68],[24,-15],[125,1],[48,26],[53,9],[12,22],[13,8],[34,-75],[27,-5],[47,-22],[55,14],[50,59],[25,57],[-1,7],[38,19],[85,-78],[46,28],[19,30],[82,10],[52,36]],[[87315,69866],[7,-297],[7,-95],[34,-104],[36,-19],[-2,-83],[6,-49],[-22,-35],[4,-44],[41,9],[11,-131],[25,-120],[33,-48],[43,-36],[34,-6],[-21,-40],[-9,-54],[37,-71],[-41,-38],[3,-74],[18,-48],[55,73],[21,-22],[-10,-61],[-30,-64],[29,-45],[-7,-69],[25,-27],[12,-72],[44,-20],[8,-19],[-2,-106],[-21,-54],[-3,-60],[15,-102],[-6,-81],[15,-43],[-17,-141],[-20,-195],[17,-32],[-25,-33],[11,-69],[-54,-94]],[[87616,67147],[-44,23],[-31,-22],[-44,30],[-67,-14],[-35,34],[-62,-26],[-20,45],[-35,44],[-11,39],[10,69],[-38,21],[-60,71],[-42,21],[-39,40],[-30,15],[-42,-31],[-39,4],[-86,37],[-41,11],[-42,-25],[-58,43],[-73,16],[-69,-33],[-65,-55],[-52,-16],[-23,-17],[-22,-5],[-1,-44],[-36,1],[-15,-21],[-73,-31],[-10,-24],[-44,-5],[-11,30],[-85,40],[-62,-28],[-11,-89],[9,-23],[5,-33],[-44,-73],[3,-24],[-35,-98],[40,-3],[-31,-82],[27,-47],[-16,-13],[-13,-25],[-63,-12],[-63,23],[-46,-8],[-23,-26]],[[87560,68512],[-19,61],[44,26],[-4,-46],[-21,-41]],[[73018,64177],[48,-2],[43,26],[39,41],[28,55],[76,-4],[45,37],[43,8],[17,29],[-2,59],[20,46],[44,-1],[31,38],[29,76],[6,37],[75,-9],[57,63],[19,84],[12,19],[43,-13],[21,74],[20,43],[71,28],[17,53],[47,5],[65,-80],[51,-43],[55,60],[-12,55],[40,38],[-4,78],[43,-3],[24,-34],[7,-23],[47,-4],[41,52],[-8,60],[11,44],[56,1],[30,55],[-7,116],[41,23],[44,11],[17,30],[58,8],[24,58],[73,70],[3,35],[47,9],[28,48],[63,-27],[34,28],[-4,39],[-28,51],[11,59],[37,92],[15,37],[70,169],[2,15],[-3,28],[-2,28],[17,205],[-29,88],[-39,35],[-171,56],[-42,31],[-22,34],[-11,78],[22,92],[47,121],[9,63],[-3,55],[-76,106],[-39,67],[-39,104],[1,53],[27,43],[92,20],[18,39],[232,104]],[[78379,66389],[31,-123],[24,-17],[17,-45],[42,-30],[8,-71],[39,-21],[28,-118],[-10,-107],[-63,-89],[-47,-51],[-13,-47],[70,-87],[55,-29],[26,1],[6,-48],[-28,-54],[64,-40],[46,11],[36,-13],[-6,-49],[-76,-105],[-15,-2],[-120,-112],[51,-44],[4,-52],[24,-29],[13,-76],[45,-43],[15,-51],[-13,-56],[35,-23],[9,-74],[69,-22],[49,-74],[44,-83],[30,2],[62,-25],[111,-31],[34,-44],[49,-19],[1,-1],[-4,-41],[17,-76],[-12,-39],[-29,-35],[-25,-84],[-20,-114],[-5,-86],[14,-59],[-10,-176],[-26,-30],[-45,-22]],[[81986,66122],[-29,-23],[-89,0],[-50,44],[-67,-29],[-31,24],[-11,-60],[-129,-15],[-21,-19],[-45,-32],[-31,27],[-6,51],[52,43],[7,52],[-35,20],[-4,38],[-37,27],[-8,43],[-62,-56],[-41,-26],[-13,-47],[-42,-41],[-24,-72],[-48,-40],[-29,-51],[-47,-29],[-64,-20],[-29,14],[-38,-36],[-25,-48],[-12,-75],[-24,-4],[28,-295],[-6,-35],[-36,-48],[-57,-44],[-20,-57],[12,-21],[-28,-53],[15,-70],[-13,-54],[-80,-122],[50,-37],[63,22],[21,27],[48,13],[26,26],[36,-27],[-16,-34],[10,-43],[-146,-465],[-177,-58],[-43,-43],[-3,-45],[-50,-14],[-41,27],[-70,-14],[40,-62],[3,-733],[26,-87],[31,-46],[51,41],[54,1],[92,88],[21,34],[40,-23],[45,54],[41,15]],[[85000,66470],[-48,-34],[18,-30],[15,-101],[-7,-50],[-40,-47],[-45,-110],[6,-44],[82,-32],[14,29],[106,-36],[37,-15],[28,8],[30,-30],[27,-3],[56,41],[68,-9],[11,24],[81,12],[5,15],[66,9],[39,-13],[38,24],[89,22],[29,-5],[44,33],[32,5],[100,-177],[-56,-36],[-12,-38],[-41,-21],[17,-58],[2,-83],[43,3],[105,65],[163,54],[108,-93],[-34,-77],[87,-7],[-23,-110],[42,13],[-16,-58],[-42,-21],[60,-57],[-32,-62],[10,-27],[-61,-22],[-43,-48],[-15,-56],[-82,1],[1,-36],[-65,-37],[22,-24],[-3,-32],[-33,-62],[-63,-68],[35,-67],[32,-54],[35,-8],[2,-46],[20,-30],[-28,-11],[-83,-63],[-3,-16],[-60,-31],[-54,-70],[-30,42],[-103,-17],[-6,-59],[21,-41],[-5,-29],[-45,44],[-29,-31],[-41,7],[-63,-26],[-61,13],[-30,25],[15,85],[-17,6],[-15,68],[-42,-8],[-35,-33],[38,-102],[-23,-23],[18,-35],[2,-55],[37,-13],[34,-51],[-4,-65],[-20,-27],[-4,-65],[-54,-18],[-2,-49],[-26,-33],[-24,-17],[-110,17],[-15,-36],[-33,13],[-57,56],[-4,-40],[24,-159],[1,-130],[10,-74]],[[87616,67147],[-13,-14],[35,-112],[34,-50],[1,-28],[-37,-70],[-11,-53],[-36,-32],[32,-31],[2,-67],[18,-43],[-33,-124],[3,-46],[-25,-16],[15,-72],[18,-76],[15,-22],[14,-107],[-20,-88],[-19,-79],[-1,-43],[-60,-86],[9,-12],[-59,-163],[-16,-26],[-41,-114],[-14,-57],[4,-59],[-18,-43],[1,-27],[-41,-69],[-18,-90],[25,-15],[-27,-88],[21,-15],[-42,-58],[20,-25],[-70,-187],[-1,-25],[-30,-56],[-9,-40],[10,-31],[-16,-32],[10,-49],[-14,-38],[-55,-48],[-36,-84],[-55,-127],[4,-43],[-37,-49],[15,-50],[-26,-48],[10,-44],[-43,-55],[5,-43],[-30,-36],[-35,-71],[4,-92],[-50,-130]],[[93028,76590],[-25,-18],[-67,15],[29,35],[89,37],[17,-32],[-43,-37]],[[63251,60468],[-26,-44],[17,-80],[-15,-65],[-22,-29],[-112,-71],[-110,22],[-78,51],[-53,-11],[-100,-39]],[[63289,64994],[30,-60],[24,8],[32,-38],[40,-100],[31,-29],[-5,-24],[35,-32],[107,-3],[33,-33],[59,-22],[57,-40],[11,-34],[51,-23],[26,3],[45,-40],[96,-159],[44,-55],[11,-73],[-30,-81],[-7,-62],[14,-33],[-15,-116],[16,-70],[-7,-70],[-17,-48],[-50,-32],[-110,-144],[-24,-65],[-44,-30],[-5,-54],[-21,-38],[-60,-68],[-35,-4],[-11,-29],[21,-66],[26,-20],[31,-52],[-14,-92],[51,-79],[447,-182],[118,115],[41,91],[70,63],[28,41],[35,94],[37,32],[78,102],[53,40],[48,54],[22,12],[32,48],[65,31],[92,79],[51,76],[15,65],[28,12],[20,38],[36,28],[19,64],[21,35],[2,50],[40,110],[7,168],[-8,76],[6,109],[15,31],[8,75],[-8,70],[68,104],[44,179],[31,117],[-21,126],[-47,56],[5,115],[970,-505],[56,246],[619,-9],[105,-30],[104,-56],[211,40],[90,189],[118,-3],[-5,68],[36,27],[-22,62],[19,45],[-14,23],[14,86],[-12,43],[12,45],[-2,47],[21,101],[-7,41],[28,44],[16,2],[123,60],[22,-290],[250,20],[59,37],[32,-58],[118,25],[-7,-51],[-130,-226],[-113,-20],[-119,-859],[-41,-303]],[[67774,64152],[-203,-248],[-171,-524],[-196,-399],[194,-357],[196,-357]],[[69537,69452],[128,-34],[34,-111],[113,471],[309,43],[134,37],[24,-74],[510,3],[12,29],[88,-1],[1,-17]],[[70890,69798],[-106,-37],[-36,-324],[-200,-21],[-19,-27],[-138,-83],[-146,-150],[-58,-86],[119,-211],[-69,-225],[-54,-75],[67,3],[391,75],[9,-142],[0,-84],[22,-105],[-11,-120],[17,-69],[210,-137],[-113,-498],[92,-42],[17,7],[-16,-64],[-62,-61],[-50,-94],[-31,-35],[-52,-14],[-30,30],[-64,-28],[-90,24],[12,-88],[-4,-146],[9,-41],[91,-285],[-81,-246],[-69,-13],[-172,423]],[[70275,66809],[7,247],[-218,-19],[-2,-82],[-53,-51],[-54,25],[-4,-54],[-67,-133],[159,-201],[-38,-479],[102,-155],[168,-250],[-15,-107],[8,-104],[28,7],[55,-38],[38,-1],[-30,-57],[23,-63],[1,-45],[-89,-35],[-72,1],[-31,-214],[-39,-136],[-20,-43],[-29,-152],[-43,-93],[-69,-211],[-35,-143],[-250,-8],[-322,-66],[-82,-21],[-129,-35],[-412,-17],[16,48],[-477,-5],[-531,-4],[5,37]],[[70275,66809],[-68,-70],[43,-281],[33,-115],[53,-10],[35,-75],[-61,11],[44,-150],[57,-337],[115,28],[1,1],[111,178],[40,21],[243,190],[40,-120],[173,224],[234,-186],[88,-63],[68,-56],[62,-4],[561,-62],[32,-175],[2,-14],[99,-509],[338,-141],[-27,-24],[26,-27],[18,-47],[59,-17],[9,-41],[-34,-53],[38,-65],[-11,-219],[9,-66],[-55,-406],[33,-40],[22,1],[45,35],[106,145],[25,-15],[33,-59],[53,-18]],[[74289,69831],[-241,-248],[-392,-405],[-152,53],[24,205],[-134,-22],[-13,-53],[-179,10],[-45,0],[-102,113],[-51,223],[-173,58],[-78,-43],[-53,-77],[67,-165],[47,-77],[28,-62],[-62,-129],[-175,11],[-143,-244],[-23,-116],[-8,-57],[-32,1],[-146,-37],[-6,36],[-128,-31],[-8,-21],[-106,1],[6,-21],[-9,-28],[-145,210],[-88,72],[0,230],[-37,180],[25,60],[-13,6],[-158,70],[-100,-27],[-49,-27],[-182,-12],[-82,-12],[-51,58],[-155,68],[-68,21],[-9,195]],[[70053,77016],[61,-65],[145,-92],[96,-117],[24,-40],[106,-134],[77,-28],[93,-42],[34,2],[24,-226],[57,30],[71,-29],[48,-31],[39,51],[35,0],[5,57],[21,43],[45,28],[32,-107],[-16,-36],[6,-32],[-55,-28],[-15,-26],[17,-78],[9,-79],[-21,-24],[10,-86],[17,-18],[-31,-86],[54,-15],[17,-72],[-12,-20],[16,-62],[41,23],[47,8],[23,-11],[105,6],[44,25],[91,9],[42,31],[11,32],[123,-70],[1,-95],[-9,-71],[0,-183],[-60,-26],[-116,-51],[46,-75],[-5,-78],[25,-48],[-17,-29],[3,-153],[86,1],[43,15],[83,-1],[276,-198],[-91,-195],[134,-42],[94,-3],[66,-36],[225,-315],[98,-140],[389,161],[36,1],[263,6],[106,136]],[[71998,79470],[65,-78],[77,-82],[65,-24],[84,-84],[56,-41],[8,-19],[50,-49],[58,-35],[58,-18],[50,23],[57,-29],[52,-4],[65,37],[80,-22],[17,-17],[85,20],[56,-34],[81,-26],[36,16]],[[44354,24992],[158,-66],[95,-30],[48,41],[38,14],[42,75],[58,10],[14,-52],[-4,-55],[-28,-82],[-20,-25],[-6,-101],[9,-59],[28,-8],[38,27],[38,-2],[70,-43],[-32,-52],[44,-48],[58,-6],[45,-30],[53,60],[46,-44],[33,39],[77,25],[55,24],[13,-40],[-27,-42],[86,9],[37,-59],[58,-17],[37,-30],[18,-49],[63,-20],[49,15],[42,-17],[34,-31],[29,43],[25,-10],[101,45],[17,30],[29,-8],[97,-52],[145,-21],[54,55],[-5,28],[38,48],[48,7],[3,31],[38,0],[24,49],[20,-21],[48,16],[-14,-50],[-40,-82],[15,-37],[-26,-11],[-20,-40],[2,-59],[-26,-63],[23,-32],[8,-65],[48,4],[14,19],[39,-58],[44,25],[29,-8],[10,-36],[57,-13],[18,-79],[16,-58],[-38,-50],[17,-31],[-4,-106],[-36,-77],[37,-28],[46,-9],[30,-58],[49,-31],[25,-8],[5,-102],[18,4],[97,-2],[-7,-41],[-35,-60],[37,2],[9,24],[47,-5],[-26,-37],[20,-27],[58,-15],[38,10],[-11,-48],[74,11],[-28,-52],[4,-41],[30,-8],[15,42],[63,-24],[-13,-36],[-1,-80],[27,-4],[69,31],[37,-18],[5,-41],[-21,-39],[41,-12],[40,-54],[49,14],[19,28],[48,-2],[-40,-88],[8,-30],[67,1],[-8,-51],[45,-25],[12,40],[54,5],[5,-33],[65,-19],[-18,-43],[73,1],[-47,-94],[61,4]],[[47740,22608],[75,-83],[-3,38],[28,27],[30,-8],[12,-64],[53,-4],[11,-65],[-26,-24],[61,-53],[-17,-35],[91,-38],[39,82],[92,-24],[23,-38],[23,57],[54,4],[13,-97],[67,20],[-6,-59],[57,10],[2,36],[33,31],[10,81],[35,-28],[29,11],[11,87],[40,-50],[24,12],[34,-41],[33,58],[90,-9],[28,32],[13,-29],[41,-10],[-5,-66],[39,-40],[70,-48],[2,-74],[12,-38],[54,-1],[30,-49],[-19,-43],[-61,-34],[-37,19],[-62,-16],[-11,-34],[-57,35],[-77,-33],[-5,35],[-61,27],[-44,-58],[0,-37],[31,-22],[14,-123],[18,-47],[46,-16],[-5,-21],[1,-73],[14,-40],[44,-20],[-23,-37],[52,-44],[21,-46],[-2,-50],[22,-40],[-40,-5],[11,-70],[-65,-68],[29,-56],[1,-37],[-56,20],[-53,-96],[33,-46],[-59,-21],[11,-49],[-61,-24],[-41,-102],[-34,12],[-7,-61],[15,-32],[-55,-25],[-30,42],[-42,-10],[-35,-47],[-46,34],[-36,-38],[52,-56],[-11,-33],[67,-15],[25,8],[60,62],[36,-3],[-1,-36],[-44,-52],[80,14],[70,-50],[22,-43],[48,12],[43,-41],[25,-34],[34,-4],[40,57],[31,-13],[17,-40],[56,-13],[26,-44],[-54,-4],[-34,-35],[-39,-66],[15,-78],[35,-33],[6,-37],[76,-18],[22,-60],[29,-42],[93,-6],[36,-45],[-11,-37],[46,-19],[-2,-51],[13,-30],[64,-9],[31,67],[27,3],[76,-22],[82,-45],[33,-35],[52,39],[51,-4],[61,35],[36,3],[26,-34],[63,44]],[[49790,19879],[37,-32],[-35,-109],[96,-138],[-115,-333],[-51,-10],[-5,-35],[61,-2],[43,-19],[51,38],[20,-5],[31,-59],[52,4],[62,-33],[14,-28],[42,-9],[38,21],[20,-17],[-18,-14],[3,-60],[29,-60],[-17,-35],[35,-19],[-20,-57],[53,-32],[-6,-44],[41,-51],[6,-57],[32,-38],[-22,-36],[-6,-60],[9,-65],[20,-30],[10,-86]],[[50300,18369],[-60,-23],[-213,10],[-28,33],[-52,24],[-58,-43],[-87,21],[-117,-39],[-83,21],[-46,-33],[-25,7],[-42,-21],[-23,36],[-38,16],[-61,-12],[-44,39],[-144,10],[-39,49],[-7,15],[-108,40],[-38,57],[3,39],[-34,30],[-72,5],[-42,15],[-46,56],[-82,-50],[-49,6],[-47,22],[-43,-22],[-51,58],[-98,1],[-47,17],[-17,-19],[-46,32],[-47,-22],[-52,-2],[-47,-4],[-30,47],[-44,3],[-61,52],[-72,-31],[-34,10],[-71,-19],[-31,20],[-10,31],[-50,35],[-36,21],[-38,51],[-49,-10],[-46,1],[-42,39],[-57,-29],[-27,14],[-160,10],[-64,-44],[-73,5],[-19,10],[-57,-19],[-103,42],[-89,-60],[-89,-45],[-52,-8],[-8,19],[-67,22],[-48,74],[-30,-12],[-22,6],[-127,76],[-63,72],[-64,114],[-55,-39],[-56,13],[-30,23],[-12,-21],[-55,34],[-54,-35],[-47,-50],[-25,-11],[-73,-38],[-23,12],[-50,-34],[-57,26],[-62,-2],[-45,45],[-22,4],[-13,46],[-89,-10],[-40,18]],[[45529,19216],[-21,44],[26,53],[-23,22],[-46,78],[-16,30],[-46,30],[-23,52],[-65,38],[0,87],[29,45],[-19,59],[-81,32],[-23,59],[-25,4],[-56,42],[-5,35],[-36,11],[-13,82],[49,41],[3,29],[-3,33],[-35,10],[-9,33],[11,82],[-33,38],[24,50],[36,41],[-46,76],[-12,76],[-39,-3],[34,93],[2,39],[-30,83],[-46,0],[-25,40],[-40,17],[-33,36],[-28,3],[-26,-67],[-43,120],[-45,36],[-55,55],[-31,-8],[-26,-41],[-43,15],[-19,39],[-32,0],[-14,-56],[1,-57],[-31,-25],[-42,93],[0,63],[39,56],[25,62],[-22,38],[-25,-8],[-68,-58],[-38,-52],[-58,15],[-43,-15],[-5,-29],[63,-35],[15,-38],[-61,-2],[-51,44],[-31,-16],[9,-36],[-37,-32],[-31,35],[-30,62],[-39,3],[-75,-36],[-32,-85],[-37,1],[-25,27],[-35,-11],[-4,-61],[-23,-44],[-61,-48],[5,-67],[-34,-17],[-21,83],[-45,56],[-62,54],[-64,-32],[-29,27],[4,54],[-46,24],[-85,-13],[-1,143],[-13,38],[-2,95],[-37,39],[-4,40],[36,32],[35,112],[51,77],[51,47],[53,87],[39,42],[22,60],[21,109],[24,53],[16,46],[34,53],[41,37],[-7,71],[-57,71],[-1,166],[37,125],[2,106],[23,48],[36,121],[14,104],[42,147],[19,43],[54,64],[19,76],[25,55],[28,80],[2,57],[16,123],[-7,49],[-34,106],[-2,76],[31,108],[59,81],[28,41],[44,98],[13,56],[-37,144],[-34,47],[-76,76],[2,82],[-16,80],[-27,52],[-4,57],[16,47],[69,62],[46,75],[21,17]],[[46734,28521],[31,-59],[79,32],[39,36],[60,50],[60,58],[28,15],[107,12],[43,-16],[105,-92],[30,-3],[66,31],[73,-13],[4,-2],[69,-24],[62,-37],[57,-1],[76,39],[74,55],[42,41],[49,21],[116,-128],[87,-46],[70,47],[42,17],[61,-4],[92,-41],[150,-25],[52,21],[25,20],[64,13],[23,-12],[26,-58],[-1,-56],[14,-28],[57,42],[32,9],[58,28],[-11,86],[2,55],[19,52],[8,51],[30,58],[37,25],[65,-11],[79,-45],[58,-2],[68,-15],[83,-46],[46,-10],[87,-89],[26,-29],[37,-38],[39,-9],[189,45],[45,-10],[41,-27],[16,-84],[17,-20]],[[49837,28400],[-15,-82],[-22,-58],[-55,-40],[0,-69],[-27,-19],[28,-145],[-92,-2],[38,-19],[50,-45],[23,-44],[56,-45],[18,-104],[-92,-54],[-12,-57],[-34,-25],[-35,-54],[24,-29],[33,8],[42,-37],[3,-28],[26,-32],[45,-8],[59,-52],[27,4],[15,-34],[48,4],[39,-44],[51,-12],[35,-23],[5,-37],[-37,-55],[-11,-76],[-2,-97],[-16,-24],[24,-39],[16,-65],[29,-35],[-32,5],[-39,-89],[-46,-47],[-74,-102],[-30,-10],[78,-57],[62,-22],[4,-45],[-6,-52],[38,-95],[-41,-67],[10,-104],[-48,-69],[-86,-7],[-48,18],[-38,-30],[-53,-9],[-19,-30],[-84,-18],[-5,-61],[-50,-35],[-40,32],[-142,-55],[-31,-33],[-60,-17],[-53,-55],[85,-47],[15,-34],[-4,-18],[-66,-110],[-25,0],[-33,-54],[-45,16],[-20,-82],[43,-10],[4,-29],[57,-50],[4,-34],[31,-12],[-13,-50],[21,-34],[-64,-105],[49,-64],[-27,-54],[37,-21],[-14,-53],[4,-45],[-22,-73],[38,4],[35,-51],[13,-39],[-19,-58],[-39,-36],[51,-12],[-14,-40],[-53,-4],[-25,-98],[-69,50],[-39,-17],[39,-38],[38,-47],[59,-11],[-19,-41],[9,-15]],[[49310,24357],[-97,-100],[-1,-60],[21,-29],[-35,-92],[-34,-108],[-33,-39],[17,-56],[-25,-21],[47,-70],[-31,-67],[-8,-54],[-27,-16],[15,-65],[-18,-42],[-53,-21],[-53,-57],[-57,-32],[-38,-42],[-48,-2],[-109,23],[-172,-82],[-66,-41],[-27,-38],[-40,-2],[-23,-28],[-38,-2],[3,-36],[-55,-24],[-34,-26],[-35,35],[-31,-3],[8,-76],[-40,-7],[-82,17],[-71,-72],[-43,-5],[8,-86],[-16,-60],[28,-73],[-63,11],[-32,-43],[-60,-28],[-3,-45],[-44,-5],[-21,-43],[-25,-1],[-29,-36]],[[49310,24357],[52,-54],[21,-120],[4,-40],[32,-10],[37,-168],[37,2],[59,-52],[1,-42],[47,-36],[74,-62],[1,-49],[22,-19],[52,-104],[24,-68],[49,-73],[42,8],[31,28],[68,-6],[129,73],[37,-17],[26,15],[36,-47],[26,33],[51,17],[14,-36],[33,-15],[81,53],[38,-6],[-7,-61],[-41,-64],[-31,-8],[-5,-43],[35,-16],[3,-39],[47,-28],[19,-34],[-8,-39],[57,-15],[-25,-38],[34,-38],[15,-87],[80,-44],[31,37],[62,-2],[31,-23],[30,4],[70,34],[-19,-53],[63,12],[-3,-45],[74,38],[64,-66],[41,-3],[43,-22],[31,-71],[58,-79],[8,-46],[-18,-50],[64,-15],[-17,-27],[31,-42],[66,-4],[5,-42],[47,2],[36,-39]],[[51405,22506],[9,-37],[47,-12],[-18,-39],[67,-5],[40,-132],[0,-37],[33,-3],[116,-3],[88,-57],[58,-85],[3,-44],[54,-34],[60,1],[90,-56],[4,-51],[-29,-22],[-26,-69],[-1,-57],[-58,-23],[-35,-28],[-25,13],[11,-29],[-20,-87],[-19,-19],[18,-38],[-9,-29],[59,-75],[11,-48],[-91,34],[-34,31],[-81,-4],[-70,-16],[-38,-19],[-139,-112],[-72,-27],[-30,-55],[-87,-39],[-28,-49],[-84,-29],[-32,28],[-30,-24],[15,-44],[31,14],[61,-62],[-1,-17],[65,-16],[10,23],[46,-16],[30,-31],[101,-12],[-25,-40],[-21,-39],[60,-67],[-22,-30],[30,-21],[2,-30],[27,-54]],[[51526,20678],[-42,42],[-23,-31],[-34,9],[-27,-79],[-37,-9],[-29,29],[-98,-25],[-52,-32],[-2,-66],[-33,-44],[-88,44],[-26,-57],[-43,1],[-74,-52],[-52,-47],[-52,38],[-26,-100],[-22,-6],[-42,17],[-2,-51],[-48,-43],[-25,-75],[-79,-118],[-49,35],[-57,-3],[13,-38],[-38,-28],[-64,77],[-56,-54],[-41,-69],[-30,13],[-35,-58],[-69,26],[-4,-54],[-81,-15],[-54,17],[-55,-34],[-22,39],[-71,44],[-4,30],[33,26],[35,60],[-32,44],[-61,-39],[-20,-67],[-26,-35],[27,-41],[-19,-20]],[[49837,28400],[43,0],[82,31],[72,-2],[6,-1],[26,-11],[60,-61],[66,-28],[36,20],[59,-1],[41,-2],[61,35],[57,62],[48,-2],[51,-37],[62,25],[92,-23],[80,-15],[36,17],[36,-3],[50,-56],[11,-42],[58,-47],[56,-15],[25,-22],[26,-26],[81,-29],[157,-15],[120,-71],[63,30]],[[51498,28111],[32,-11],[37,-46],[39,17],[73,8],[91,-65],[27,-30],[21,-71],[21,-17],[15,-35],[43,-23],[10,-43],[-29,-90],[23,-28],[83,9],[30,-31],[36,-7],[44,24],[64,124],[42,24],[56,-29],[75,-42],[60,49],[105,-38],[7,-41],[36,-25],[63,20],[52,-21],[62,-3],[30,38],[-1,45],[89,22],[46,-30],[41,-80],[38,-8],[48,32],[63,20],[60,-19],[20,-40],[55,14],[21,-11],[42,-3],[83,49],[32,-12],[41,0],[50,44],[48,-14],[42,58],[85,-15],[19,-40],[32,26],[-15,38],[28,11],[46,-43],[9,-42],[-28,-61],[0,-5],[44,-56],[49,-11],[74,-50],[-22,-29],[-16,-59],[11,-38],[59,-35],[77,-21],[38,18],[32,-28],[22,-31],[46,-36],[58,-6],[26,20],[58,-30],[-21,-62],[41,-38],[43,-42],[32,3],[66,-124],[-3,-42],[61,-135],[-7,-47],[20,-81],[-36,-47],[10,-18],[49,5],[36,-32],[-26,-68],[10,-38],[47,-53],[-48,-57],[12,-17]],[[54582,26379],[-12,-53],[-41,-38],[-18,-52],[12,-25],[53,-31],[4,-45],[-19,-27],[11,-49],[-37,-30],[-6,-36],[31,-61],[12,-51],[38,-17],[24,-44],[56,-70],[-12,-56],[-28,-30],[15,-63],[-13,-27],[15,-55],[-1,-47],[-28,-39],[-79,-32],[27,-16],[-7,-36],[27,-74],[39,-28],[14,-33],[70,-45]],[[54729,25169],[-74,-65],[-35,-13],[-52,-45],[-11,-44],[-30,-6],[-10,-74],[-14,-20],[25,-49],[-28,-44],[-30,-17],[-37,9],[-36,-12],[-38,33],[-53,-12],[-23,-32],[-32,20],[-31,-24],[10,48],[-85,158],[-44,61],[-37,3],[-17,76],[10,55],[-47,69],[-37,8],[-108,96],[-12,42],[-41,-31],[16,-23],[-67,-12],[20,-62],[-39,-21],[-7,-59],[13,-77],[-14,-34],[-58,-11],[-87,-45],[-51,10],[-8,37],[-30,28],[-74,-6],[-84,57],[-22,-3],[-132,-142],[-42,83],[-17,-21],[-67,38],[-30,-1],[-59,25],[-15,23],[11,48],[-31,28],[-25,-7],[-11,54],[-30,-13],[-11,89],[-37,9],[-25,-87],[-19,-17],[5,-72],[-56,-77],[-86,-5],[-42,21],[-114,48],[-27,-39],[-3,-32],[-69,-20],[-26,-57],[-36,-7],[-96,11],[-53,-38],[-36,2],[-32,-56],[-42,-8],[-47,53],[11,64],[-7,44],[20,45],[-52,64],[-37,8],[-34,36],[-7,43],[-33,32],[-31,-3],[-56,-44],[-31,67],[-38,19],[-41,44],[15,52],[-3,50],[-26,22],[-24,-24],[3,-39],[-57,6],[-22,-69],[-30,-10],[-9,-132],[-45,13],[-11,-22],[-68,-39],[-15,22],[-51,8],[-53,-24],[-27,27],[-16,-61],[-52,-33],[7,-64],[33,-27],[-2,-25],[-10,-35],[18,-35],[-9,-45],[31,-29],[-8,-78],[-37,2],[-27,-30],[-43,41],[-87,-28],[-13,-52],[-74,-13],[-52,49],[-76,-60],[-27,30],[-36,-49],[-37,-31],[-66,-10],[-25,20],[-44,-23],[2,-21],[42,-31],[44,-10],[27,-10],[15,-51],[63,-12],[16,-39],[54,-15],[34,-31],[23,25],[52,-32],[-13,-37],[20,-21],[162,-57],[46,-35],[28,-46],[-24,-25],[25,-42],[-4,-31],[49,-37],[-38,-86],[6,-21],[-32,-57],[-62,-31],[-22,-36],[18,-29],[-7,-37],[-60,-52],[-5,-48],[-54,-42],[54,-36],[20,-34],[1,-46],[61,-30],[-1,-91],[31,-34],[40,14],[47,-52],[-4,-47],[23,-17],[15,-57],[-6,-319],[85,-100],[60,-20],[45,-114],[42,-66],[-35,-30],[-21,-49],[-66,-14]],[[51526,20678],[40,-90],[4,-61],[-37,-33],[-35,-5],[-32,-35],[16,-39],[-110,-39],[-9,-80],[43,-27],[24,-167],[77,-65],[77,-20],[26,-35],[-60,-57],[37,-47],[-13,-25],[27,-58],[56,-31],[17,-46],[20,36],[3,91],[74,33],[76,9],[103,-3],[14,14],[68,-7],[33,-27],[79,110],[37,-29],[0,53],[31,79],[-38,33],[-7,79],[30,2],[91,60],[-22,52],[27,46],[41,19],[4,50],[9,46],[65,8],[27,27],[38,-14],[16,36],[37,29],[56,-5],[9,-19],[81,50],[76,6],[39,-76],[16,19],[66,33],[44,-53],[34,0],[73,-71],[-1,-35],[45,-24],[24,-99],[58,17],[21,52],[1,19],[42,45],[20,-14],[41,24],[-14,29],[66,41],[27,75],[40,24],[1,33],[-51,60],[35,17],[10,37],[49,6],[27,-23],[22,54],[-18,27],[56,-22],[76,20],[16,18],[-4,50],[38,27],[48,-32],[14,31],[21,-22],[78,-8],[17,31],[50,5],[13,32],[62,35],[-26,42],[33,27],[87,-23],[22,18],[38,-20],[24,145],[40,25],[31,53],[1,42],[43,36],[-7,40],[23,15],[-18,38],[16,87],[-34,14],[-4,-1],[-138,233],[-44,35],[-36,52],[60,29],[26,-4],[44,33],[8,34],[55,6],[34,-51],[59,-16],[35,17],[7,30],[34,27],[32,63],[-18,29],[-97,80],[3,50],[-17,22],[-5,78],[38,14],[32,54],[7,36],[88,73],[24,-11],[51,12],[34,52],[40,-10],[54,62],[5,51],[54,-2],[20,61],[24,20],[30,-12],[37,21],[-21,72],[-45,39],[4,40],[-27,71],[-53,28],[-11,31],[84,205],[-50,46],[-57,77],[-79,-36],[-36,2],[1,36],[-32,14],[3,50],[42,-13],[33,26],[38,5],[-1,36],[40,18],[31,24],[46,83],[35,-11],[-10,-62],[39,-35],[29,41],[4,73],[18,61],[48,3],[33,48],[48,15],[2,50],[73,10],[15,24],[69,25],[28,49],[71,47],[6,25],[82,34],[45,-17],[12,25]],[[55360,23929],[21,-21],[-27,-31],[5,-29],[3,-66],[-31,-6],[-19,-42],[-56,-30],[36,-91],[-37,-32],[-29,0],[-17,-43],[8,-107],[15,-34],[-15,-27],[32,-58],[-28,-22],[76,-76],[157,-20],[7,38],[43,34],[59,1],[55,-8],[11,-17],[41,-16],[82,38],[13,-29],[33,6],[38,57],[-6,60],[56,-13],[10,-32],[44,-2],[4,-25],[60,-24],[111,2],[6,7],[156,15],[29,27],[34,-51],[53,-18],[22,-40],[76,9],[91,33],[73,3],[-8,-58],[32,-12],[12,40],[39,34],[47,23],[35,-1],[65,-55],[16,-40],[61,-51],[80,-51],[-33,-87],[-70,-42],[-18,-25],[-26,-106],[2,-42],[38,-9],[-14,-65],[-36,-6],[13,-55],[8,-58],[-22,-40],[10,-48],[-50,-39],[-17,-37],[20,-42],[21,-86],[49,-28],[3,-52],[59,-42],[36,39],[17,46],[57,79],[15,62],[140,82],[74,-43],[53,-58],[8,-42],[61,-1],[-14,-84],[69,88],[30,-12],[24,31],[-5,30],[51,88],[34,-25],[55,-98],[6,-75],[-8,-45],[47,-77],[15,-44],[38,-47],[10,-61],[-26,-41],[-34,-20],[30,-44],[32,-5],[33,-49],[85,-59],[32,25],[82,3],[49,55],[37,-31],[-61,-55],[-15,-28],[-57,-48],[-34,-46],[-3,-32]],[[57934,21627],[0,-10],[-87,-82],[-64,-83],[-62,-104],[-27,-92],[-16,-26],[-112,-22],[-51,-34],[-51,-11],[73,-53],[-29,-83],[-67,-103],[-86,2],[-50,-25],[-45,-38],[-54,-64],[-85,-141],[-31,-60],[-77,-146],[-44,-110],[-18,-87],[-24,-11],[-35,-21],[-5,-66],[13,-17],[-33,-72],[-41,-129],[-11,-16]],[[56815,19923],[-76,-1],[-9,43],[-24,9],[-47,-56],[-25,-5],[-136,-3],[-491,3],[23,-23],[-32,14],[-65,-63],[-59,-16],[-21,30],[-30,-3],[-27,-40],[-32,35],[-65,-9],[-60,36],[-14,-28],[-42,-12],[-55,31],[-74,-57],[-59,-22],[-42,-51],[0,-33],[-29,-40],[-62,-8],[-14,-75],[-48,4],[-28,-38],[-60,-32],[-17,-41],[-93,-9],[-41,-29],[-52,15],[-51,-48],[-24,-4],[-4,-31],[-39,-82],[-75,35],[-39,-62],[-22,5],[-29,54],[-56,-33],[-37,29],[-70,22],[-5,51],[-61,3],[-42,63],[-29,18],[-37,-39],[-19,32],[27,34],[-53,10],[0,41],[-35,26],[-31,-14],[-54,24],[-14,41],[-37,3],[-7,48],[-25,26],[-50,21],[-17,58],[-103,21],[-42,16],[-16,25],[-49,-45],[-32,33],[-36,5],[-40,-6],[19,-64],[-82,31],[-56,-17],[-105,-52],[-49,25],[-40,53],[-63,-14],[13,-31],[37,-20],[-46,-49],[-34,-10],[-38,37],[-27,-8],[-31,62],[-35,15],[-7,-54],[-30,23],[-20,-24],[-44,-7],[-48,-36],[-31,-46],[1,-61],[24,-53],[-26,-9],[-76,56],[11,46],[-22,37],[-83,53],[-47,-10],[-94,108],[-74,-27],[-27,12],[-78,-29],[-27,82],[-21,8],[-42,-48],[-1,-52],[23,-17],[34,19],[35,-8],[-17,-43],[-81,-24],[-75,20],[-63,-113],[13,-65],[-59,-34],[-46,-92],[-16,-18],[-61,-37],[34,-79],[-35,-40],[-32,9],[1,42],[-27,21],[-78,-16],[-77,-50],[-10,-50],[-33,-1],[-36,63],[-18,1],[-25,-92],[-44,-29],[-16,12],[2,85],[-57,46],[-23,-24],[25,-49],[-11,-44],[-66,33],[-14,50],[-40,31],[-21,11],[-122,-37],[-68,37],[-6,-44],[-32,-63],[-58,-22],[-79,-7],[-40,-41],[-48,3],[-47,-58],[-33,-5],[-39,-45],[5,-25],[-18,-35],[22,-27],[-40,-32]],[[50840,18873],[-50,-44],[-16,-41],[14,-38],[40,-25],[-11,-24],[59,-24],[-44,-91],[96,-126],[30,-62],[-14,-55],[-32,-34],[-3,-54],[-43,6],[-38,-25],[-14,-38],[-29,-14],[-118,17],[-76,-26],[-43,-35],[18,-39],[-14,-58],[-28,-16]],[[50524,18027],[9,42],[-63,32],[-9,54],[-38,36],[4,32],[-32,50],[-41,-5],[-16,86],[-38,15]],[[54729,25169],[22,35],[42,-82],[-23,-41],[45,-34],[3,-40],[25,-40],[-20,-25],[60,-22],[25,-72],[50,-34],[-5,-44],[61,-26],[-9,-28],[69,-29],[77,-43],[23,-43],[-29,-101],[7,-34],[-17,-42],[69,-44],[33,-38],[8,-60],[33,-68],[73,-39],[21,-36],[98,-32],[-51,-49],[-54,-75],[-11,-28],[6,-26]],[[65486,26609],[-57,25],[-23,41],[-40,9],[-21,102],[-40,23],[-44,-5],[-26,92],[-39,18],[-47,0],[-18,118],[26,52],[84,41],[24,21],[-5,38],[32,46],[-16,88],[38,120],[19,85],[-22,32],[23,43],[66,-2],[31,33],[12,58],[59,32],[65,-4],[32,47],[33,-24],[47,34],[17,22],[45,40],[77,29],[47,-26],[49,50],[31,11],[55,48],[41,-25],[2,-50],[21,-25],[71,41],[27,50],[108,-21],[75,40],[51,-3]],[[66396,27953],[41,-21],[17,24],[69,-13],[37,-53],[29,-8],[-22,-107],[59,-48],[48,9],[45,11],[69,107],[34,15],[21,38],[67,-56],[83,14],[19,-13],[52,30],[27,30],[33,-26],[28,12],[28,-51],[64,-6],[78,146],[29,2],[26,45],[90,36],[36,38],[-37,69],[15,67],[44,47],[62,49],[-43,4],[-34,30],[6,30],[-51,49],[82,50],[31,43],[39,14],[13,31],[82,78],[35,6],[46,-40],[48,-24],[84,40],[-2,36],[26,37],[58,-56],[-9,-23],[-115,-107],[69,-69],[-1,60],[88,97],[54,11],[41,28],[60,-17],[37,46],[115,71],[61,-29],[33,8],[162,40],[33,57],[46,55]],[[68681,28896],[111,-79],[35,-35],[-34,-17],[-32,-88],[14,-36],[66,29],[64,5],[105,59],[70,22],[23,-8],[82,74],[-15,45],[35,9],[32,60],[49,12],[22,-28],[38,18],[50,-29],[50,34],[44,15],[51,-9],[59,5],[74,95],[57,9],[35,19],[-6,41],[46,33],[51,-20],[53,28],[44,45],[38,-17],[11,-38],[41,-39],[55,16],[24,-25],[54,13],[71,56],[19,29],[58,-12],[23,-63],[-15,-39],[0,-55],[-40,-44],[53,-38],[39,0],[52,55],[100,-35],[32,32],[108,15],[32,20],[79,-20],[88,11],[82,59]],[[70958,29085],[2,-19],[-59,-125],[75,-72],[21,-55],[-7,-35],[28,-59],[104,8],[40,-36],[-42,-71],[-48,-28],[-41,-47],[-47,4],[-37,-33],[-30,-3],[-35,-43],[-17,-84],[-28,-78],[-140,-43],[-60,-38],[-43,12],[-16,-235],[175,-32],[-38,-154],[45,-102]],[[70760,27717],[-197,0],[-47,-9],[-76,13],[-125,3],[-157,-12],[-95,-21],[-15,-34],[-108,7],[-47,-7],[-173,-9],[-98,-10],[-81,-20],[-184,12],[-44,-18],[-68,-4],[-21,38],[-64,20],[-64,4],[-15,40],[40,12],[-56,98],[-12,47],[41,-1],[19,51],[17,77],[34,22],[-1,82],[41,59],[81,55],[-3,45],[-10,50],[-26,51],[-51,-3],[-36,18],[-52,-22],[-25,-47],[-38,-21],[-17,18],[-50,-7],[-39,-26],[-76,-17],[-16,-30],[-38,-10],[-61,-70],[-48,-78],[1,-20],[98,-91],[16,-79],[69,4],[-11,-36],[70,-11],[40,-33],[-15,-87],[27,-38],[-57,-48],[-12,-41],[-88,-5],[-30,-27],[-66,-3],[-40,-24],[-32,5],[-105,76],[8,-41],[48,-2],[-17,-40],[-128,-3],[-153,-33],[-32,-22],[-50,-4],[-33,-31],[-40,-3],[-96,-65],[-9,39],[-49,18],[-75,3],[-89,-7],[-246,-20],[-181,-27],[-217,-40],[-69,-37],[-49,24],[20,52],[58,70],[42,14],[14,-23],[122,-51],[67,62],[81,-34],[77,-9],[98,5],[86,11],[100,32],[118,28],[44,-3],[-63,62],[-69,13],[-11,27],[-42,31],[-53,-13],[-65,79],[-106,77],[-39,19],[-37,4],[-54,-34],[-37,12],[43,40],[-17,18],[-76,-13],[-23,-38],[-57,-22],[-91,9],[-31,-20],[-28,8],[-58,-24],[-61,-60],[-9,-44],[-48,2],[32,47],[-13,55],[-70,-35],[6,-51],[-13,-43],[-71,-81],[-37,-24],[-53,-12],[-29,11],[-15,-40],[-46,-16],[-14,41],[-83,-47],[-21,20],[21,52],[30,23],[-42,50],[-37,-16],[-30,6],[-40,-51],[-35,1],[4,55],[-72,-59],[-58,19],[24,58],[51,31],[26,-3],[39,66],[-42,6],[-33,28],[26,42],[-57,16],[-55,-42],[49,-12],[-37,-41],[-58,24],[-68,0],[-24,-32],[7,-39],[-23,-34],[23,-18],[-36,-35],[-37,16],[-46,-7],[-13,-31],[-37,-26],[-30,8],[-91,-31],[-63,-50],[-13,32],[-50,8],[-77,-33],[-36,6],[-55,-76],[-16,-97],[7,-76],[-27,-20],[-15,-90],[-17,-20],[60,-77],[112,96],[41,-5],[2,-68],[-34,21],[-75,-50],[35,-13],[46,14],[41,-22],[-33,-44],[-15,-43],[26,-10],[20,56],[53,37],[20,29],[27,-31],[-8,-68],[45,-6],[45,17],[46,-35],[-84,-62],[-12,-66],[-47,-68],[-37,-6],[-79,64],[-30,-1],[-41,-31],[-44,-5],[-34,20],[-68,-46],[16,-22]],[[66304,27132],[41,26],[30,-3],[15,47],[31,40],[34,-39],[41,48],[52,20],[4,36],[32,14],[54,-7],[18,-69],[57,6],[29,-64],[35,44],[20,-89],[40,18],[57,-57],[-51,-28],[-50,48],[-42,-11],[-28,-29],[-33,6],[-12,-46],[-33,10],[-58,-14],[-69,19],[-24,33],[-35,8],[-59,-34],[-40,-64],[-39,-4],[24,66],[-12,26],[-37,6],[8,37]],[[67366,27686],[-28,-27],[-33,46],[16,24],[44,9],[35,-6],[-34,-46]],[[68957,28068],[-5,-55],[-33,-6],[-44,19],[-48,-21],[-17,-25],[-45,34],[65,82],[53,-19],[39,2],[12,33],[59,-13],[-36,-31]],[[68367,29961],[76,-401],[120,-150],[44,-53],[104,-175],[-37,-16],[-42,-37],[-44,-80],[-52,-11],[-28,-38],[7,-43],[43,8],[55,-23],[63,14],[5,-60]],[[66396,27953],[21,28],[47,11],[31,-10],[34,66],[-1,93],[72,94],[55,3],[-4,41],[43,9],[18,51],[35,38],[-24,48],[-41,28],[13,29],[-110,72],[-45,-8],[-36,31],[-30,-10],[-79,18],[-56,22],[-40,-60],[-1,49],[-22,32],[-47,18],[-27,-38],[-6,-51],[-52,24],[-77,-45],[-46,12],[-52,-76],[-55,37],[-26,48],[-45,-8],[-18,24],[-25,-62],[-29,39],[-28,-16],[-29,29],[-51,8],[-2,54],[10,56],[-79,31],[16,23],[-42,47],[-71,71],[-6,77],[-23,74],[-48,48],[-53,16],[-69,8]],[[70984,30847],[66,41],[70,-222],[88,-191],[54,1],[-5,41],[51,-14],[19,60],[63,60],[49,2],[21,53],[24,1],[50,69],[54,37],[110,18],[23,-26],[5,-67],[-38,-22],[-40,-69],[11,-62],[20,-26],[16,-57],[26,-30],[94,-18],[16,39],[2,-39],[37,-17],[74,-6],[92,28],[20,-30],[169,-6],[4,-38],[-22,-100],[18,-44],[-8,-54],[-57,-67],[-71,-33],[22,-34],[29,-130]],[[72140,29895],[-36,3],[-27,-31],[-96,-7],[-25,54],[-36,18],[-40,48],[-48,9],[-61,-46],[-46,24],[-14,-32],[-41,-18],[-5,-73],[11,-30],[-31,-37],[-15,17],[-93,-56],[-16,-27],[-109,-16],[-48,-51],[7,-48],[-77,-30],[-42,10],[-53,-38],[-27,-47],[-31,-9],[-117,-128],[-4,-25],[-28,-22],[105,-68],[23,-68],[-12,17],[-52,4],[-93,-49],[-31,-30],[26,-28]],[[72140,29895],[113,93],[53,-23],[41,2],[144,26],[65,-17],[49,2],[53,94],[84,37],[34,41],[58,9],[365,-212],[45,-88],[61,11],[76,-24],[27,17],[69,0],[50,19]],[[73527,29882],[-85,-64],[-136,-69],[-120,-42],[-155,-43],[-247,-77],[-81,-29],[-88,-40],[-233,-109],[-104,-63],[-116,-104],[-40,-21],[-34,-40],[4,-66],[-102,-68],[-78,-76],[-23,-69],[-45,-39],[-19,3],[-58,-76],[-7,-25],[-39,-27],[-13,23],[-40,-16],[-40,-72],[-30,-90],[-12,-29],[4,-175],[14,-69],[35,-67],[35,-8],[55,-85],[47,-5],[24,45],[86,-10],[-69,-78],[-40,16],[-45,-64],[-83,-44],[-21,-30],[-17,-66],[13,-36],[-46,-43],[-22,14],[-38,-40],[-16,-88],[33,-71],[1,-36],[-57,32],[-68,20],[-103,13],[-378,28],[-170,10]],[[73914,31904],[-16,-109],[10,-41],[-49,-78],[-42,-34],[-12,-42],[-69,-105],[-45,-41],[-30,-57],[-8,-58],[7,-58],[32,-102],[42,-48],[53,-5],[9,-17],[2,-12],[-32,-164],[0,-148],[51,-242],[47,-212],[13,-81],[-1,-60],[-23,-75],[-55,-58],[-160,-93],[-111,-82]],[[82204,74109],[70,-129],[51,-60],[90,-76],[68,-7],[53,37],[49,-17],[74,-51],[39,0],[83,49],[31,-8],[42,36],[91,-72],[90,-3],[59,-59],[99,-144],[75,-54],[89,-30],[32,-37],[24,6],[47,-52],[56,20],[85,-9],[15,31],[33,-13],[42,5],[66,-10],[71,16],[35,34],[63,6],[102,-16],[71,-26],[82,-31],[55,22],[39,-16],[42,-37]],[[84317,73414],[3,-24],[42,-32],[4,-83],[23,-129],[1,-210],[-207,99],[-27,-53],[-2,-111],[-65,-50],[-66,-91],[-67,-586],[364,-133],[84,-76],[16,0],[185,519],[-97,112],[141,-1],[71,-58],[-28,-111],[-70,-114],[64,-57],[1,-63],[180,-164],[-65,-240],[-53,-154],[7,-85],[-12,-43],[-41,-12],[-52,35],[-59,-21],[-25,-64],[-36,25],[-25,-68]],[[84506,71371],[-78,95],[13,74],[-24,2],[-47,-67],[-80,-16],[-30,-62],[8,40],[-46,9],[-39,-10],[-47,57],[-57,-15],[-21,-98],[-25,-37],[-89,-40],[-146,-162],[-16,-170],[-204,-84],[-32,-59],[-29,54],[-66,-37],[-55,26],[-15,32],[3,49],[-113,5],[-27,57],[-55,-35],[-53,2],[-43,20],[15,87],[-22,66],[-32,21],[-46,4],[-57,24],[-39,-7],[-33,99],[-49,43],[27,32],[13,41],[38,35],[-9,32],[-37,11],[-42,104],[-28,-10],[-44,-51],[-4,-45],[-9,-41],[-45,-52],[-70,-240],[-124,77],[-72,-97],[-18,-73],[-25,-69]],[[84506,71371],[-69,-221],[-59,-148],[-47,-183],[15,-17],[87,-92],[-2,-104],[-21,-79],[19,-35],[-73,-87],[-9,-38]],[[84317,73414],[42,38],[103,-20],[86,4],[108,-4],[73,13],[56,37],[58,31],[44,6],[38,28],[126,24],[69,-7],[93,-39],[57,-21],[67,-3],[53,-16],[59,5],[26,-10],[15,3],[59,-34],[135,-34],[139,-49],[18,3],[23,21],[111,-61],[80,-21],[49,-28],[46,-8],[47,-56],[17,-43],[95,-64],[49,-63],[26,-56],[27,-37],[42,-194],[38,-51],[24,-8],[36,-27],[-2,-42],[40,-49],[7,-76],[38,-57],[27,-4],[2,-68],[12,-32],[24,-101],[35,-44],[1,-92],[23,-54],[-2,-96],[29,-56],[28,-14],[-26,-109],[24,-104],[29,-52],[-4,-74],[6,-98],[56,-75],[-6,-65],[13,-75],[17,-31],[34,-7],[16,-40],[18,-13],[15,-59],[-6,-98],[28,-29],[-10,-38],[6,-162],[2,-63],[15,-39],[18,-28],[25,-82],[67,-15],[13,-31],[4,-119],[9,-58],[-14,-15],[21,-98],[21,-41],[58,-12],[24,-66],[20,-99],[-3,-28],[12,-99]],[[27783,61588],[-79,86],[-77,-57],[-68,-30],[-34,-3],[-48,-31],[-50,15],[-61,-7],[-30,29],[-39,-7],[-14,-48],[9,-53],[-31,-53],[-6,-59],[-58,-18],[-17,-37],[16,-73],[-30,-66],[-22,-11],[-37,-56],[42,-173],[-32,-41],[-64,23],[-37,-3],[-44,83],[-39,-4],[-22,-95],[-65,-91],[47,-71],[0,-45],[-24,2],[10,-68],[-43,-32],[18,-62],[-36,-7],[-27,24],[-46,-77],[-30,-8],[-32,-50],[-88,-6],[-11,-40],[-37,-5],[13,-36],[-30,-38],[-16,-125],[10,-166],[34,-43],[-308,-312],[-594,-596],[-429,-433],[-390,-390],[-91,-8],[-35,11],[-48,-3],[-84,-24],[-77,6],[-56,-56],[-59,15],[-56,-44],[-56,-2],[-84,14],[-37,-42],[3,-54],[-22,-5],[-63,-56],[-46,-63],[-78,-3],[-40,32],[9,21],[-74,111],[17,34],[-30,31],[-51,-28],[-44,7],[1,32],[-63,25],[-45,49],[-79,-3],[-32,12],[-42,-40],[-63,-8],[-27,27],[-59,3],[-35,60],[-100,14],[22,-27],[50,-6],[32,-33],[-10,-36],[6,-62],[-26,-29],[2,-38],[-22,-121],[13,-60],[21,-45],[7,-112],[-21,-86],[17,-33],[75,-85],[35,-21],[-13,-29],[31,-30],[16,-82],[-68,-60],[-8,-65],[-27,12],[-58,-5],[-24,-97],[-11,-74],[34,-55],[-41,-41],[-8,-56],[26,-55],[-8,-17],[21,-60],[-13,-21],[-71,-15],[-19,-32],[-48,2],[-6,-28],[-40,-52],[-117,8],[-9,-33],[-99,-14],[-119,-40],[-87,-120],[-52,24],[-52,-29],[-16,10],[-74,-23],[-1,-26],[-55,-5],[-51,-38],[-25,42],[-89,-64],[-28,1],[-73,-95],[-25,-61],[-1,-44],[-31,-42],[-20,-79],[-51,-56],[-74,24],[-23,-36],[-59,-34],[-48,-64],[36,-15],[-6,-36],[-30,-28],[-61,-13],[-44,-52],[-39,17],[-95,-110],[-24,-16],[-2,-77],[-18,-56],[-30,15],[-34,-10],[-79,-105],[12,-20],[-27,-67],[-25,-33],[-47,-30],[-30,36],[-33,-43],[-52,-10],[-9,56],[-22,32],[-57,6],[-18,-16],[-18,-79]],[[21026,55187],[-48,3],[-124,56],[-53,9],[-40,40],[-10,50],[5,65],[38,64],[-19,40],[-33,0],[-38,-30],[11,-47],[-8,-57],[-29,-44],[-41,30],[24,86],[-5,26],[-64,42],[-47,-21],[-35,-71],[-40,41],[24,63],[50,43],[-7,52],[-31,61],[-28,24],[-99,-7],[-74,-38],[-29,20],[-42,70],[-39,-18],[-33,-42],[-44,60],[-50,-15],[-28,34],[21,39],[-36,23],[32,41],[20,63],[5,67],[-21,17],[-60,7],[-40,42],[-1,33],[22,82],[2,96],[-44,130],[-1,40],[-44,37],[-63,-37],[-123,-3],[-5,-22],[26,-56],[-31,-11],[-38,18],[-103,72],[-20,29],[6,35],[57,58],[30,55],[0,27],[-31,60],[16,44],[-23,62],[7,28],[44,59],[-13,59],[-72,12],[-122,35],[-32,139],[-18,161],[-19,70],[26,48],[59,9],[-8,49],[-70,4],[-30,24],[-35,137],[2,72],[26,31],[52,-1],[16,31],[-13,32],[-59,2],[-28,100],[1,24],[33,49],[45,35],[87,28],[21,39],[-8,54],[-39,48],[8,34],[104,106],[-36,53],[-43,93],[43,15],[-20,129],[-92,118],[-51,44],[-51,17],[-7,55],[31,-2],[15,29],[-10,67],[13,112],[-11,69],[-22,39],[-49,30],[-54,9],[-26,65],[12,40],[29,30],[-16,92],[-28,32],[-6,34],[21,38],[-31,50],[-10,42],[13,33],[45,4],[48,86],[6,52],[-29,88],[36,57],[28,23],[35,56],[36,30],[27,45],[28,109],[27,27],[14,49],[-41,141],[15,66],[-7,112],[-37,41],[-22,85],[22,116],[-5,60],[-24,31],[0,55],[10,59],[36,72],[37,37],[20,51],[-1,48],[-78,73],[-13,81],[-34,67],[-26,77],[-53,68],[-37,29],[-108,42],[-1,-60],[-63,-53],[-40,1],[7,-42],[-32,-1],[-7,-97],[13,-27],[-34,-38],[-46,26],[-7,-41],[-64,-36],[26,-49],[-96,-25],[-24,42],[-51,-23],[-6,63],[-32,47],[-28,-5],[-28,29],[-38,-45],[-7,-34],[-39,24],[20,29],[-19,51],[46,9],[9,51],[-43,-20],[-41,0],[-52,-63],[-25,39],[-35,20],[14,48],[-26,7],[6,-77],[-19,-50],[-49,-4],[-37,53],[-70,-69],[-40,8],[21,60],[-21,37],[-32,2],[-61,-30],[-40,-8],[-28,19],[-67,-45],[-2,-52],[-25,-22],[-38,29],[-53,-41],[-16,57],[-85,12],[-59,-18],[-18,21],[-39,-21],[-65,14],[-46,-19],[-8,-26],[-42,-8],[2,-55],[-48,-12],[-49,46],[-34,-45],[-50,-7],[-25,-25],[-61,31],[-95,-42],[-6,-39],[-53,-10],[-47,11],[-20,-47],[-42,38],[-76,-22],[-18,19],[-92,-22],[-13,-21],[-65,-9],[-24,20],[-62,-50],[-73,16]],[[29719,51402],[-57,16],[-77,6],[-3,49],[-35,22],[-53,3],[-41,66],[-37,-5],[-78,36],[-32,60],[-33,24],[-36,71],[13,22],[-33,20],[-38,-29],[-37,39],[-44,-29],[-42,-6],[-14,50],[6,52],[24,27],[-36,32],[-47,-24],[-12,-28],[-43,-10],[-7,25],[-54,25],[-35,-60],[-7,-41],[-44,30],[-18,-19],[-43,0],[-40,43],[-37,-16],[11,-28],[-26,-22],[-30,28],[-31,-12],[-49,44],[-11,43],[-60,-25],[-23,10],[-6,49],[-38,-9],[3,-40],[-55,-4],[-49,-45],[-88,3],[-34,-22],[6,-24],[-118,-30],[-33,-15],[-50,23],[-36,-4],[-30,32],[-78,44],[-36,-1],[-29,46],[-50,-28],[-47,-10],[-36,23],[-15,-31],[-38,35],[-56,-8],[-83,-47],[-47,16],[-13,-52],[-46,20],[-27,-13],[-60,27],[-37,-31],[-43,2],[-36,27],[-32,79],[5,45],[-15,100],[-26,36],[-34,-18],[-32,21],[-26,45],[-68,5],[19,38],[-34,8],[14,35],[-21,23],[-51,0],[-27,45],[-4,53],[-35,-17],[-30,45],[-51,52],[-34,14],[-70,82],[13,21],[1,80],[-13,39],[0,103],[-10,26],[-34,11],[-18,-31],[-60,69],[-48,-50],[-20,8],[-2,67],[-31,34],[-33,-26],[-35,2],[-2,-63],[-49,-10],[-38,18],[-32,-21],[-39,41],[-79,-23],[-46,7],[-22,25],[-34,2],[-4,43],[-41,-14],[-41,52],[6,32],[-111,25],[-44,-18],[-48,45],[-52,-21],[-24,21],[-122,63],[-4,38],[-42,40],[9,38],[-36,54],[-35,14],[-32,-55],[-43,-4],[-10,-27],[-59,4],[-20,-53],[-41,51],[-9,-39],[-51,20],[-34,37],[-32,84],[12,44],[-44,29],[-36,-35],[-25,17],[11,45],[-56,32],[-23,60],[-30,37],[4,36],[-38,16],[-27,30],[-37,-5],[-11,-30],[-46,18],[-17,-29],[-28,38],[-64,25],[4,67],[-25,7],[0,44],[-28,19],[-18,79],[-28,48],[-53,6],[-9,57],[39,27],[8,25],[-77,7],[5,66],[-42,-3],[-30,31],[-49,26],[-14,44],[-97,-32],[15,-41],[-18,-20],[-44,0],[-34,-23],[-14,-32],[-34,-20],[-91,9],[-87,38],[-36,26],[-42,-7],[-38,22],[-36,43],[-14,54],[-31,16],[-34,57],[6,48],[-88,11],[-62,-15],[-57,56],[-52,95],[-57,18],[-39,30],[-46,11],[-18,32],[-78,28],[-45,2],[-32,30],[-95,28],[-75,-7],[-52,30],[-28,-45],[-33,0],[-36,-42],[-37,8],[-51,34],[-31,0],[-5,-48],[-25,-41],[6,-46],[-21,-27],[-33,-4],[-37,-36],[-56,-10],[-62,63],[-28,-24],[-32,14],[-49,-15],[-25,45],[-33,15],[-36,-25],[-38,41],[-35,-46],[-35,67],[-32,-18],[-5,-45],[-20,-29],[-35,7],[0,106],[-57,-10],[-19,21],[-65,24],[-26,-37],[-86,-86],[-32,32],[18,56],[-11,29],[-62,3],[-58,-9],[-116,28],[-34,20],[-35,51],[-35,31],[-28,57],[-88,51],[-27,36],[-1,32],[25,27],[18,92],[-8,80],[-22,90],[-39,5],[-41,-38],[-23,-3],[-53,68],[-42,-1]],[[31903,91614],[-439,0],[-508,0],[-22,-107],[-100,-126],[-20,-7],[-22,-57],[-59,-45],[-53,-73],[-49,-26],[-69,-100],[-57,-31],[-41,-45],[-30,-54],[-35,22],[-71,-9],[-62,-29],[-46,-6],[-12,-48],[-70,24],[-33,-29],[-61,10],[-8,31],[50,71],[-4,22],[-62,76],[-9,51],[3,59],[-27,46],[-109,49],[-37,70],[-27,-5],[-89,16],[-73,-12],[-24,22],[-23,76],[0,57],[27,50],[13,57],[-103,-1],[-95,-41],[-95,3],[-56,-13],[-63,13],[-27,-46],[-36,-5],[-52,-48],[-44,31],[-51,61],[-3,46],[-24,22],[-28,71],[-18,69],[27,95],[56,115],[132,127],[42,54],[-35,56],[-65,32],[-25,25],[-127,99],[-50,-24],[-79,-20],[-198,-67],[-67,63],[-56,0],[-56,-28],[-64,26],[-65,-15],[-27,-17],[-85,32],[-52,38],[-104,59],[-120,24],[-56,28],[-54,105],[-26,85],[-61,14],[-40,-8],[-96,-58],[-35,-12],[-84,-75],[-22,-50],[-33,-31],[-75,-24],[-146,5],[-96,-27],[-109,-61],[-105,-41],[-68,-10],[-56,-30],[-186,-182],[-38,98],[-65,69],[-52,-23],[-94,-13],[-28,-14],[-122,-30],[-42,1],[-35,-34],[-41,-13],[-132,-109],[-76,-52],[-14,-19],[-107,7],[-17,-9],[-66,25],[-26,-33],[-47,2],[-3,48],[-22,14],[-55,64],[-28,68],[-6,46],[14,35],[-46,71],[-122,25],[-110,-11],[-63,0],[-36,14],[-59,0],[-65,23],[-27,20],[-25,53],[-69,49],[-78,72],[-38,-16],[-53,33],[-13,36],[-42,44],[-117,-10],[-52,16],[-9,53],[11,89],[-40,144],[5,102],[-6,20],[-50,57],[24,74],[78,91],[13,57],[41,54],[48,1],[45,40],[30,1],[76,40],[30,33],[-4,37],[18,54],[-9,22],[-59,5],[-42,28],[-19,43],[-58,19],[-65,7],[-50,-15],[-33,14],[-56,-33],[-53,13],[-45,-5],[-22,19],[-39,-2],[-77,24],[-32,31],[-63,-18],[-34,16],[-68,-23],[-70,-73],[-28,-9],[-90,-2],[-38,-20],[-3,-27],[-48,11],[-35,24],[-86,20],[-24,-7],[-39,-75],[-4,-69],[-11,-29],[5,-109],[-29,-18],[9,-108],[-51,-73],[-54,-27],[-43,24],[-89,17],[-33,-8],[-58,7],[-80,-44],[-191,-93],[-412,-209],[-46,-7]],[[22405,92813],[-22,-7],[-28,34],[-45,-30],[-41,71],[-38,9],[-7,27],[28,52],[5,115],[40,16],[33,61],[4,43],[41,41],[16,60],[-15,27],[13,41],[-37,35],[-1,25],[44,20],[-9,34],[-28,20],[8,85],[-31,17],[-10,44],[6,52],[-64,40],[-40,49],[-20,75],[-7,136],[-93,71],[-30,51],[-13,62],[-67,72],[-46,85],[-39,29],[-77,81],[-1,54],[19,28],[32,80],[5,43],[-12,88],[0,60],[-56,145],[-6,77],[13,136],[-44,64],[8,43],[26,38],[84,88],[41,31],[-6,27],[7,98],[-4,55],[-54,90],[-77,78],[-30,58],[-53,56],[-18,77],[-93,60],[-12,20],[-64,42],[-99,48],[-44,36],[-42,11],[-69,-3],[-61,69],[-42,82],[-64,56],[-34,46],[-27,119],[-99,72],[-21,48],[-38,43],[-51,33],[-16,30],[-7,61],[-55,67],[-32,99],[-21,39],[-47,43],[-68,40],[-60,56],[-26,96],[-7,76],[8,43],[49,66],[43,6],[112,-62],[69,-31],[33,-28],[59,-71],[39,-119],[39,-77],[68,-54],[73,-32],[36,31],[52,7],[47,-9],[76,15],[78,41],[62,-7],[39,13],[114,-20],[65,5],[37,32],[30,0],[16,-40],[41,4],[72,-36],[62,3],[43,31],[54,-48],[32,-10],[55,-53],[28,-82],[-8,-48],[54,-90],[54,-116],[35,-26],[1,-26],[75,-3],[11,-75],[41,-8],[23,-56],[68,58],[2,35],[25,28],[55,20],[23,-8],[91,50],[34,-26],[84,-14],[68,3],[23,12],[35,-20],[-5,-30],[36,-14],[100,-20],[19,37],[-18,35],[-41,22],[10,57],[23,66],[1,43],[22,16],[33,-14],[26,-32],[13,-48],[58,-49],[57,-80],[-3,-58],[49,-57],[38,20],[-1,-43],[15,-30],[55,-17],[28,-23],[27,23],[0,36],[37,9],[71,-39],[36,17],[-7,43],[58,77],[-47,58],[-14,36],[-29,18],[52,55],[35,-5],[45,14],[71,-46],[51,-15],[53,30],[9,34],[55,-23],[21,-44],[51,15],[15,-17],[95,-15],[-50,-155],[-14,-18],[3,-79],[13,-39],[50,-61],[55,4],[25,-20],[101,-2],[81,-67],[39,-65],[20,-3],[-6,-120],[-21,-50],[90,-51],[13,-40],[22,-9],[31,-56],[41,-38],[55,-5],[53,52],[32,63],[11,54],[25,-4],[43,29],[32,40],[40,28],[42,73],[58,-15],[43,-36],[13,-49],[82,-69],[27,49],[11,47],[-27,251],[-62,67],[39,40],[-79,111],[5,93],[56,31],[26,63],[-28,46],[-9,73],[38,21],[-9,27],[44,21],[26,-11],[74,-7],[24,16],[47,-6],[25,26],[41,-18],[41,12],[47,-30],[17,-36],[57,0],[-15,41],[35,28],[15,77],[-37,7],[32,80],[72,45],[25,40],[46,-30],[39,31],[12,39],[-28,22],[68,42],[108,-13],[27,-29],[53,-4],[7,-37],[52,-42],[85,15],[21,-27],[71,-11],[11,-22],[62,-20],[41,10],[8,-37],[102,-49],[33,20],[42,2],[-6,76],[23,-7],[80,40],[-23,36],[37,36],[37,-21],[82,15],[41,48],[96,-127],[12,-37],[32,-20],[18,135],[51,13],[30,-19],[34,8],[-8,35],[53,10],[32,-36],[41,20],[7,53],[29,102],[38,-11],[48,21],[-25,37],[81,24],[35,-30],[45,26],[51,-1],[50,19],[59,-53],[53,52],[39,-44],[65,18],[95,127],[25,55],[-29,9],[-14,43],[22,15],[-7,96],[16,51],[61,13],[54,66],[31,7],[45,-34],[13,20],[67,-26],[45,9],[46,-21],[33,24],[69,79],[40,-4],[21,53],[-70,63],[-29,5],[-15,28],[15,50],[130,5],[33,-19],[70,-12],[39,-22],[34,8],[50,-57],[26,-4],[13,-36],[47,60],[65,32],[43,0],[64,15],[117,-15],[34,62],[38,5],[23,48],[-7,52],[39,-8],[-7,52],[23,42],[-15,46],[-28,20],[7,34],[65,22],[22,53],[-7,41],[29,40],[55,-3],[47,-30],[50,63],[26,-3],[31,55],[95,28],[23,-10],[35,43],[25,5],[16,66],[53,28],[53,77],[30,22],[15,91],[52,10],[7,40],[38,51],[38,7],[18,74],[-20,38],[-14,74],[-55,71],[-19,59],[-29,21],[9,132],[-39,61],[3,57],[-84,105],[-53,-3],[-22,13],[11,49],[31,-4],[28,27],[100,4],[61,-39],[74,5],[33,-49],[70,-10],[14,22],[46,13],[42,-13],[113,-7],[7,-41],[28,-7],[34,32],[2,31],[83,38],[31,-42],[48,1],[72,15],[20,41],[75,20],[16,43],[40,2],[24,28],[51,23],[23,-14],[21,-42],[-5,-30],[54,-30],[33,16],[41,41],[10,-56],[59,-84],[25,-137],[64,-18],[15,-33],[75,-73],[68,-20],[-26,-66],[28,-26],[-19,-64],[31,-95],[-13,-67],[5,-73],[-30,-58],[-16,-141],[-11,-50],[-23,-27],[-23,-104],[29,-27],[-5,-89],[-32,-54],[30,-43],[-109,-133],[-2,-70],[10,-33],[-38,-26],[-77,-4],[-20,-23],[10,-52],[-21,-30],[-44,18],[-10,-44],[14,-17],[-13,-77],[20,-15],[113,-5],[-8,42],[38,15],[39,-17],[20,-52],[103,-17],[35,16],[24,-34],[45,5],[34,33],[77,-33],[27,-27],[106,-10],[-11,-39],[21,-18],[118,1],[90,-29],[27,-43],[33,2],[43,-45],[-2,-18],[61,-48],[39,-81],[-33,-32],[-31,-53],[-32,-31],[-18,-57],[28,-40],[-49,-77],[10,-21],[15,-105],[33,-49],[23,-11],[44,-36],[101,-5],[42,-31],[-74,-159],[24,-7],[53,-71],[34,-19],[14,-84],[46,-32],[-31,-31],[36,-15],[49,26],[51,-31],[23,-59],[-43,-46],[-70,-28],[-2,-60],[-61,-21],[3,-61],[33,-73],[-36,-63],[-3,-29],[-46,-3],[-53,-25],[-58,-10],[-20,-53],[24,-68],[-9,-78],[-81,-36],[-35,-59],[-47,-13],[-26,-23],[-31,-69],[-54,-22],[-60,8],[-47,-35],[-26,-3],[-19,-79],[-29,-27],[66,-28],[10,-59],[40,-19],[36,-39],[4,-41],[-49,-19],[-10,-71],[-25,-32],[-5,-47],[30,-3],[19,-33],[33,-143],[-43,4],[-21,-20],[14,-37],[-33,-67],[-17,-6],[-20,-71],[-31,-5],[-18,-43],[15,-78],[-30,-32],[-44,-11],[-11,-63],[27,-80],[-28,-26],[-15,-37],[24,-51],[-48,-6],[-28,-61],[-32,-30],[14,-48],[-20,-70],[-2,-43],[30,-21],[-38,-103],[9,-29],[-51,-55],[-6,-52],[19,-34],[-26,-38],[16,-22],[-21,-87],[10,-93],[-14,-44],[12,-107],[-10,-25],[13,-143],[28,-26],[-6,-73],[39,-80],[-27,-38],[61,-20],[34,-48],[-20,-32],[45,-72],[-2,-49],[50,-66],[7,-72],[-14,-43],[11,-63],[-30,-61],[44,-84],[46,-14],[71,-75],[29,-7],[43,-35],[39,-52],[35,25],[58,-5],[49,-39],[-11,-27],[17,-77],[-21,-28],[10,-52],[-30,-70],[0,-80],[22,-21],[16,-60],[-3,-44],[-28,-18],[-12,-68],[27,-90],[-12,-75]],[[23761,92158],[-39,45],[-29,50],[11,65],[-15,92],[-46,121],[6,54],[61,73],[-2,49],[-24,25],[-88,17],[-121,-17],[-109,-27],[-144,-43],[-96,-38],[-73,-15],[-140,-3],[-66,12],[-151,57],[-44,28],[-69,22],[-140,55],[-38,33]],[[31903,91614],[1,-41],[-19,-30],[8,-42],[-38,-82],[-10,-59],[28,-56],[-15,-37],[17,-32],[57,-6],[64,11],[40,-35],[20,27],[33,-27],[-18,-44],[-46,-40],[-22,-74],[-3,-57],[53,-4],[28,-30],[49,-7],[5,-31],[28,-33],[113,53],[19,-27],[55,-23],[16,-64],[28,-27],[6,-32],[40,13],[-3,-72],[26,-48],[40,-23],[39,4],[23,-65],[23,-19],[-8,-51],[41,-38],[32,14],[9,-51],[34,-42],[13,-37],[75,30],[40,-86],[-7,-60],[50,11],[61,-117],[7,-34],[42,-47],[38,-3],[22,-24],[88,-8],[23,-36],[36,-3],[33,-31],[33,13],[29,-24],[35,14],[73,-48],[70,-13],[40,17],[17,-19],[44,9],[27,-58],[35,20],[106,11],[0,-82],[44,-14],[27,-49],[-40,-23],[21,-60]],[[40950,13674],[53,45],[69,82],[57,-14],[36,23],[25,60],[39,-10],[5,-47],[41,-35],[19,-37],[51,-12],[15,-22],[-39,-31],[2,-85],[-12,-24],[-51,-9],[-37,-21],[-50,-49],[-75,0],[-25,-20],[-99,-5],[-40,-85],[-69,-49],[-13,-58],[-86,-31],[40,-34],[48,-62],[75,-12],[-46,-66],[46,-7],[53,-40],[77,6],[28,-39],[28,16],[52,-30],[40,25],[57,-70]],[[41264,12927],[32,-8],[3,-50],[32,10],[28,-48],[10,-52],[41,-42],[13,-42],[29,-36],[38,-2],[36,-38],[0,-86],[146,-48],[-19,-53],[7,-51],[68,-57],[48,2],[3,-31],[11,-26],[39,-11],[10,-59],[31,-48],[-5,-36],[43,-61],[-24,-23],[-3,-83],[-25,-39],[35,-43],[3,-54],[-19,-28],[-5,-73],[-47,-53],[-28,-6],[-9,-27],[-45,-20],[-16,40],[-40,2],[-33,-77],[-55,44],[18,31],[-148,-19],[35,-32],[25,-74],[26,-36],[10,-131],[-41,13],[-55,-22],[-8,-70],[-45,-41],[1,-28],[123,29],[-26,-72],[65,-16],[17,-55],[53,-43],[47,-101],[66,-108],[-34,-24],[-24,-45],[-29,-16],[-25,-152],[51,-14],[65,-56],[39,28],[36,1],[39,35],[72,-8],[23,-38],[46,-3],[-1,-38],[38,-38],[10,-79],[109,3],[31,-8],[5,-136],[13,-43],[21,-82],[-29,-52],[-56,-16],[20,-65],[-17,-42],[-52,-30],[-16,-46],[-34,-41],[-79,-35],[-10,-52],[-24,-61],[-1,-39],[-51,-74],[-4,-58],[-98,-108],[62,-27],[16,22],[42,-3],[62,17],[44,-19],[54,15],[24,89],[32,2],[45,-27],[29,34],[33,-14],[29,27],[10,-62],[21,-28],[7,-57],[31,-51],[-12,-27],[19,-45],[130,29],[31,59],[52,51],[54,11],[44,42],[65,-42],[33,-40],[23,11],[131,-35],[59,34],[31,38],[10,70],[29,33],[15,56],[53,-32],[59,1],[6,-67],[67,-106],[32,-30],[53,5],[0,-47],[-37,-30],[-8,-46],[-27,2],[-8,-53],[-55,-66],[2,-34],[35,-28],[-15,-59],[-36,-62],[-65,-53],[-33,-2],[-18,36],[-165,21],[-53,12],[-54,-10],[19,-61],[58,-50],[45,-19],[20,-43],[53,-33],[9,-26],[-31,-65],[36,-9],[7,-43],[57,-25],[12,-64],[56,-43],[-3,-110],[-40,-11],[-22,-32],[29,-33],[1,-73],[27,-37],[-4,-67]],[[43111,8078],[2,-44],[-57,-57],[-14,-32],[-40,-31],[-12,-80],[-52,-20],[-20,-29],[-83,-55],[-175,41],[-44,-25],[-101,-5],[-46,18],[-44,-95],[6,-54],[-26,-29],[19,-85],[-12,-49],[17,-19],[-43,-82],[-66,-23],[-4,-18],[-61,-29],[-8,-51],[-23,-7],[-43,-69],[-12,-59],[62,-59],[41,-203],[19,-28],[-9,-54],[61,-102],[-28,-131],[100,-190]],[[42415,6323],[-17,-62],[-50,-56],[-19,-5],[-78,63],[-96,37],[-39,55],[-32,16],[-111,15],[-29,19],[-8,118],[-29,29],[-44,2],[24,54],[-38,18],[-2,53],[-65,0],[-45,30],[25,116],[-72,53],[24,63],[-31,10],[-28,44],[-71,8],[-67,36],[24,60],[-69,77],[-47,-7],[-58,74],[-13,59],[-80,29],[-40,56],[-8,60],[-52,11],[-35,-23],[-33,20],[-37,-13],[-58,-60],[47,-105],[-47,-60],[-7,-48],[-126,-9],[-25,-61],[-26,-10],[-47,-63],[-32,-19],[-60,2],[-49,-70],[-58,-3],[-35,-68],[-44,-14],[-78,1],[-10,-24],[-110,33],[-30,-30],[-40,9],[-20,85],[4,99],[15,80],[-1,100],[12,44],[-12,28],[9,49],[37,65],[-8,50],[-22,17],[-19,85],[-25,53],[-34,26],[-50,3],[-8,58],[-23,17],[-45,-21],[-30,54],[-47,-12],[2,43],[-49,39],[-4,65],[-33,41],[2,62],[-33,19],[20,35],[-36,36],[-71,-7],[-88,119],[-45,19],[-23,57],[-89,5],[-14,46],[-29,18],[-74,13],[-11,32],[-42,43],[16,58],[-39,43],[-51,-3],[-53,121],[-67,-31],[-30,37],[-3,37],[-31,23],[-57,2],[-8,48],[29,15],[-9,50],[-35,-13],[-60,76],[-63,-27],[12,45],[-16,53],[-87,106],[-15,50],[-76,-6],[-83,80],[-66,28],[-32,-9],[-24,28],[7,70],[-41,11],[-16,45],[-36,19],[-115,26],[-34,-7],[-34,-62],[-26,43],[-36,8],[-55,-19],[-45,9],[-34,30],[-63,-3],[-26,-37],[-76,1],[-9,39],[-57,-74],[-43,2],[20,-55],[-52,-15],[-36,-80],[-49,-62],[-4,-28],[30,-63],[-29,-42],[-60,-38],[-18,-56],[-100,-12],[-47,17],[-26,-27],[-26,16],[-30,59],[-109,-52],[-25,37],[-30,-24],[-38,-63],[-57,13],[16,49],[-35,15],[-50,-4],[-21,25],[-63,-7],[-25,-51],[-49,8],[-63,36],[-35,35],[22,91],[-7,30],[-114,56],[-74,3],[17,31],[113,-2],[84,34],[147,104],[46,44],[34,88],[36,50],[54,55],[54,34],[62,22],[39,46],[19,49],[12,89],[-13,108],[2,39],[75,124],[117,111],[34,22],[87,-7],[110,23],[39,21],[169,162],[173,259],[78,82],[68,87],[69,55],[128,81],[78,107],[4,53],[-3,23],[26,84],[31,17],[81,6],[29,19],[113,214],[16,48],[-12,84],[36,88],[72,95],[21,69],[36,35],[80,-2],[69,60],[28,11],[157,20],[35,28],[36,133],[-36,36],[10,69],[34,44],[57,33],[71,21],[30,35],[58,85],[6,79],[-11,118],[16,42],[68,50],[154,11],[63,63],[39,88],[53,71],[75,65],[62,69],[78,41],[54,39],[11,47],[-58,118],[21,71],[73,36],[77,6],[72,32],[70,6],[10,39],[-44,123],[3,51],[51,91],[65,15],[65,-23],[130,-9],[46,-20],[28,-38],[28,-86],[41,-3],[15,25]],[[40950,13674],[10,86],[40,105],[-25,48],[-54,33],[-57,54],[-86,30],[-21,18],[-10,49],[65,41],[119,31],[90,92],[63,27],[20,104],[29,50],[52,-14],[-3,-67],[65,-46],[20,21],[4,57],[20,38],[58,16],[21,67],[29,31],[55,-47],[42,-10],[19,30],[51,79],[92,52],[17,41],[-41,90],[24,23],[67,7],[13,16],[29,95],[47,11],[59,-27],[52,33],[47,94],[83,75],[60,-14],[32,-50],[48,-40],[24,32],[-7,64],[44,34],[43,11],[79,-27],[47,-9],[14,57],[-31,32],[-95,59],[-8,29],[29,37],[49,8],[52,-60],[62,5],[21,46],[64,-14],[55,15],[19,54],[54,66],[3,69],[-5,158],[29,24],[73,-3],[22,16],[23,58],[26,107],[27,63],[49,-20],[7,-67],[20,-39],[49,0],[39,55],[41,-5],[85,-28],[32,28],[-19,88],[11,59],[44,-24],[25,-70],[27,-7],[41,43],[20,68],[29,55],[14,67],[40,-8],[51,-61],[19,-56],[24,-4],[32,46],[40,19],[42,-4],[68,22],[5,32],[-63,71],[33,26],[59,5],[33,35],[52,-26],[50,-89],[40,-39],[26,7],[14,42],[-14,67],[21,45],[55,-55],[24,-46],[23,-12],[38,27],[6,93],[34,20],[46,1],[27,19],[22,132],[36,69],[-4,36],[16,70],[29,28],[37,-21],[2,-86],[98,-16],[74,14],[53,85],[64,25],[27,67],[2,59],[53,27],[65,1],[2,73],[37,36],[56,-54],[43,5],[20,33],[7,51],[22,31],[45,-19],[15,-50],[35,-44]],[[45103,16866],[33,-13],[23,7],[62,57],[42,-11],[28,-89],[24,-9],[50,28]],[[45365,16836],[23,-42],[39,-67],[113,-95],[-20,-98],[-32,-8],[-1,-34],[51,-40],[-4,-27],[-53,-74],[37,-37],[-13,-47],[15,-39],[21,-56],[25,-19],[20,-59],[23,-15],[56,39],[53,24],[-18,-58],[-16,-114],[23,-31],[-35,-75],[-3,-100],[24,-44],[-37,-56],[21,-81],[-3,-27],[-13,-66],[54,-95],[-9,-31],[45,-60],[32,-18],[7,-51],[32,-22],[-5,-48],[-32,-83],[-27,-42],[-34,-8],[-25,-41],[-88,-64],[-39,-49],[13,-91],[28,2],[85,-53],[0,-47],[-39,-51],[40,-3],[24,-41],[68,-23],[-30,-47],[43,-38],[0,-34],[31,-88],[38,62],[32,88],[45,26],[54,-4],[44,-20],[-13,-73],[33,-52],[64,2],[48,17],[6,-69],[41,-47],[38,-12],[7,-42],[-16,-52],[-68,-66],[-31,8],[-61,-20],[-22,6],[60,-367],[-46,-29],[-50,-73],[4,-46],[-33,-13],[-33,-71],[-36,-38],[23,-63],[-30,-28],[15,-55],[-16,-13],[-46,-34],[-65,-10],[-33,84],[-49,-27],[-52,57],[-69,-2],[-82,37],[-45,2],[-35,21],[-9,35],[-29,19],[-66,7],[-82,85],[1,24],[-49,-23],[6,-65],[-7,-57],[-62,-129],[-91,-6],[4,-52],[-44,-10],[12,-66],[-68,-39],[-83,6],[-13,-38],[-74,-54],[0,-45],[-22,-23],[3,-41],[41,-119],[-49,-21],[3,-50],[-14,-42],[26,-47],[152,-37],[17,-17],[-126,-145],[2,-58],[-58,-19],[-71,3],[-68,-12],[-120,11],[-79,55],[-37,-31],[-38,-7],[-50,10],[-64,-70],[-34,-13],[-78,39],[-58,-45],[-88,-8],[-27,3],[-32,-79],[13,-30],[-60,-83],[-62,-51],[-14,-28],[-42,-14],[-65,-68]],[[43703,12003],[-40,32],[10,45],[-30,36],[-16,66],[24,114],[-26,108],[-71,45],[-15,42],[8,45],[-108,59],[-2,61],[-38,19],[12,54],[-48,13],[-12,67],[-79,33],[-11,39],[-31,24],[-11,-60],[-46,-83],[-32,-39],[-7,-39],[-53,-29],[-29,-96],[-48,-54],[-49,-7],[-56,18],[-7,27],[-58,62],[-75,10],[-46,30],[-44,-20],[-63,21],[-23,22],[-81,79],[-25,-48],[-108,76],[-95,35],[-37,32],[-47,-13],[-60,10],[-4,-25],[-46,-28],[-16,15],[0,75],[-48,39],[-33,42],[11,49],[-70,-18],[-82,47],[-36,-15],[-19,34],[-31,-23],[-40,15],[-62,-14],[-44,38],[-69,2],[-33,-59],[-50,25],[-70,-20],[14,-43],[-27,-26],[-58,20],[-53,-42]],[[43703,12003],[10,-23],[64,-32],[44,-118],[-7,-33],[29,-26],[18,-42],[50,-32],[-3,28],[83,-7],[-8,43],[-29,12],[12,36],[37,4],[42,40],[29,49],[108,-115],[110,-29],[69,-40],[-10,-34],[97,6],[101,-2],[26,-20],[17,-2],[40,54],[5,97],[17,10],[16,79],[49,-43],[61,-19],[1,-30],[52,-82],[4,-36],[42,-23],[1,-32],[31,-29],[36,25],[-22,34],[45,37],[37,51],[19,46],[45,9],[148,-32],[46,-27],[98,65],[19,-1],[38,63],[47,33],[16,36],[0,77],[50,79],[43,2],[60,100],[24,-4],[42,65],[39,2],[15,-32],[38,-20],[-18,-49],[23,-57],[29,-20],[1,-45],[34,-59],[48,-10],[26,-31],[35,7],[83,-66],[51,-30],[84,14],[36,-25],[94,1],[26,-40],[38,-2]],[[46384,11808],[15,-65],[-26,-54],[51,-14],[-15,-99],[90,-79],[-61,-44],[-19,-36],[35,-33],[5,-39],[-31,-24],[28,-42],[22,-60],[-37,-98],[-48,-53],[-34,10],[-28,-39],[45,-13],[20,4],[47,-45],[53,-14],[61,9],[106,-71],[90,-55],[6,-32],[38,1],[107,-63],[-21,33],[36,22],[35,-36],[61,-30],[33,-30],[16,-58],[-10,-27],[41,-113],[30,-34],[-11,-60],[22,-49],[-5,-48],[1,-129],[22,-88],[26,-38],[14,-66],[18,-49],[46,-24],[12,-59],[32,-33],[44,-3],[30,-29],[69,47],[49,-8],[54,8],[40,1],[41,-33],[-11,-102],[17,-44],[40,-31],[92,-21],[73,-66],[-52,-16],[-71,3],[-15,-48],[-41,-44],[35,-46],[-16,-65],[29,-44],[-14,-33],[23,-30],[-15,-40],[12,-74],[21,-48],[-26,-49],[-5,-72],[-38,-41],[-6,-80],[14,-50],[-12,-46],[-82,-50],[-52,-4],[-30,50],[-55,1],[-23,58],[-29,-39],[-61,1],[-32,-25],[-40,4],[-23,-23],[8,-101],[-10,-49],[26,-10],[-49,-92],[18,-88],[-9,-49],[-38,-53],[-15,-49],[13,-79],[-53,-79],[-96,5],[-7,-25],[9,-109],[-37,-59],[5,-66],[16,-50],[57,-52],[-22,-40],[26,-73],[-16,-57],[23,-52],[-28,-74],[-47,-6],[-39,-59],[-35,-30],[-12,-64]],[[46924,7253],[-16,-32],[16,-45],[-5,-88],[-24,-3],[-40,34],[-79,12],[-101,-68],[19,-26],[-17,-40],[-37,-22],[-42,16],[-75,43],[-19,-4],[-36,46],[-26,-49],[-26,27],[-30,-27],[-56,25],[-30,-9],[-58,44],[-47,-25],[-28,41],[-60,-21],[-68,38],[-4,20],[-48,38],[-9,-34],[-61,22],[-59,-15],[-12,55],[-59,-14],[-24,20],[-40,-12],[-13,53],[-25,35],[-36,-43],[-26,15],[20,60],[-21,72],[-41,12],[-60,-17],[-11,74],[-33,-6],[-141,-85],[-18,16],[-48,-26],[-79,-75],[-42,15],[-116,-33],[-49,-2],[3,-35],[-20,-38],[-36,23],[-28,-9],[-2,-65],[-39,-41],[-71,3],[-33,-22],[-103,67],[-62,-5],[-59,12],[-68,-55],[-47,6],[-55,51],[-36,3],[-24,26],[-68,15],[-36,31],[-20,-17],[-73,8],[-137,73],[-15,37],[-94,-10],[-97,8],[-37,43],[-121,-10],[-27,35],[-46,-18],[-6,62],[-46,61],[2,22],[-48,21],[-72,70],[-39,-20],[-70,53],[-28,-9],[-28,47],[-52,-19],[-20,38],[7,53],[-19,24],[44,27],[22,-11],[32,37],[-30,26],[43,36],[-5,50],[-31,55],[-31,77],[-47,-3]],[[46924,7253],[26,-31],[24,17],[75,-16],[46,12],[48,-17],[41,30],[20,-19],[65,22],[62,21],[31,24],[33,-21],[139,44],[70,-2],[14,-18],[79,-9],[52,-40],[41,-74],[79,-5],[29,30],[65,-10],[5,29],[73,3],[99,58],[26,-17],[57,55],[28,-50]],[[48251,7269],[48,23],[91,-7],[27,27],[39,-6],[53,33],[55,-56],[27,65],[58,0],[14,-106],[-78,-58],[52,-27],[32,-53],[-10,-14],[29,5],[56,-28],[145,-30],[47,21],[26,-24],[-16,-27],[-88,-60],[44,-20],[51,-69],[-28,-82],[42,-6],[41,-93],[74,-36],[56,28],[36,45],[-6,50],[46,32],[86,-17],[24,79],[30,25],[22,52],[51,23],[58,-18],[0,-43],[35,-30],[-26,-48],[33,-24],[42,2],[65,-64],[44,3],[-5,-43],[-39,-16],[-25,-32],[16,-37],[52,-8],[22,-146],[-71,-134]],[[49628,6320],[-49,-53],[-23,-43],[-29,14],[-35,45],[-23,-38],[-82,11],[-27,-42],[-64,-67],[-1,-51],[-45,-27],[-29,-77],[-22,-100],[-15,-123],[-17,-121],[10,-126],[0,-57],[-17,-110],[-22,-77],[-59,24],[-3,34],[36,11],[-17,36],[26,38],[-37,101],[33,55],[1,40],[-109,26],[-37,-37],[-23,-5],[6,-100],[39,-64],[58,27],[34,-45],[-53,-49],[16,-38],[-14,-27],[-61,-7],[-108,-38],[-91,-59],[-73,-75],[6,-96],[17,-26],[-22,-34],[5,-79],[-39,13],[-37,-28],[18,-73],[32,-43],[30,56],[79,-80],[108,-39],[55,-61],[-65,-24],[-7,61],[-95,-90],[-69,9],[-11,-32],[-36,-32],[12,-81],[-34,-85],[52,36],[55,-11],[15,-51],[-85,-28],[41,-31],[93,69],[82,26],[41,26],[11,64],[-92,-40],[-61,-11],[-45,17],[12,81],[24,28],[104,-5],[36,7],[60,-39],[-1,-86],[63,-2],[11,-42],[-123,-15],[-64,-47],[-20,-68],[14,-51],[35,47],[79,40],[-14,-62],[13,-133],[35,-63],[-34,56],[-42,-10],[-114,-85],[-142,-148],[-39,-51],[-82,-130],[-47,-87],[-79,-166],[-64,-162],[-101,-301],[-22,-90],[-56,-267],[-38,-133],[-57,-171],[-42,-98],[-70,-132],[-145,-327],[-47,-86],[-74,-116],[-171,-228],[-76,-85],[-175,-156],[-192,-177],[-68,-68],[-107,-91],[-150,-137],[-157,-155],[-213,-183],[-172,-128],[-110,-89],[-53,-17],[-59,19],[-29,50],[-9,78],[-185,12],[-24,96],[17,67],[-22,30],[10,35],[42,6],[1,158],[68,-22],[-15,-51],[51,-25],[36,30],[-22,54],[22,69],[34,39],[15,118],[-2,86],[-32,103],[-32,172],[-19,66],[-7,94],[44,105],[41,138],[54,-18],[33,31],[106,148],[26,62],[43,-63],[82,-40],[35,0],[72,129],[60,55],[95,174],[1,94],[-16,68],[3,43],[34,172],[42,70],[68,-69],[56,-30],[48,38],[27,48],[107,101],[-19,-63],[40,-80],[113,-119],[115,-96],[46,-22],[66,-12],[56,15],[105,79],[127,218],[33,82],[61,115],[34,79],[60,118],[20,46],[57,240],[-4,56],[-60,157],[-179,322],[29,136],[57,151],[63,113],[13,46],[-217,-78],[-39,16],[0,-47],[-72,-42],[32,-25],[-53,-70],[5,-23],[-47,-71],[5,-28],[-21,-59],[-29,-39],[-6,-36],[73,-94],[34,-3],[49,35],[64,-22],[-1,-32],[-53,-66],[-98,-86],[-111,-35],[-131,-16],[-73,-24],[-50,-27],[-39,-39],[-28,-29],[-20,-88],[-13,-118],[-51,-56],[-96,-13],[-31,-25],[-15,-74],[-55,35],[-86,6],[-63,-41],[-26,29],[-69,17],[-57,31],[-16,58],[-47,-4],[-28,-43],[-119,96],[-46,-12],[-32,49],[-38,-44],[-33,17],[-30,46],[-37,16],[-53,105],[-22,58],[7,20],[-88,11],[-53,-18],[-69,42],[-57,50],[-11,41],[-61,54],[8,32],[-32,30],[-42,16],[4,45],[22,43],[-23,34],[-8,61],[9,41],[-30,18],[-46,78],[1,56],[-20,46],[-57,52],[-14,116],[-21,19],[-39,81],[24,55],[-28,38],[-43,-2],[-37,24],[-57,1],[-18,27],[-41,10],[-13,55],[-27,20],[3,64],[-34,21],[-58,-4],[-44,64],[-79,34],[-33,1],[-26,36],[20,47],[-115,37],[-24,29],[-32,1],[-88,-81],[-33,-9],[-24,49],[-80,47],[-5,28],[-38,29],[-665,567],[5,53],[-23,54],[26,14],[-37,40],[-9,41],[-34,18],[-5,34],[-55,105],[-70,32],[-64,47],[-24,61],[-188,7],[-70,47],[-38,-8],[-45,33],[-66,-1],[-131,-26],[-21,-15],[-46,61],[-2,26],[-45,26],[-45,42],[-51,6],[-26,-16],[-14,80],[-39,1],[-3,75],[-47,18],[-16,64],[-35,29],[-2,31],[-66,-1],[-9,-37]],[[50911,5878],[73,-56],[31,-41]],[[51015,5781],[-67,-105],[-64,-77],[-414,-349],[-123,-90],[-167,-102],[-78,-51],[-130,-76],[-78,-36],[-179,-108],[-133,-93],[-138,-115],[-108,-106],[-191,-220],[-106,-129],[-15,-38],[12,-64],[-14,66],[9,49],[-12,44],[58,104],[20,17],[20,93],[-6,76],[-27,63],[15,20],[69,22],[13,43],[-34,87],[-79,82],[-67,57],[-12,68],[78,48],[95,0],[68,-22],[47,-36],[135,-78],[66,-9],[60,13],[94,66],[3,45],[-67,66],[78,26],[76,5],[59,-5],[112,15],[64,30],[138,137],[77,99],[42,67],[85,162],[46,51],[38,25],[24,-37],[10,116],[36,86],[60,56],[1,-68],[13,-32],[88,-44],[43,9],[76,35],[50,45],[69,37],[58,57]],[[45365,16836],[33,29],[61,25],[54,-41],[1,-89],[34,-19],[36,77],[44,-1],[83,43],[31,-9],[42,-48],[45,-23],[47,26],[-2,31],[-36,57],[-6,36],[37,33],[35,-15],[26,-41],[28,-1],[91,35],[39,78],[40,50],[28,-8],[23,-46],[28,-20],[68,3],[38,-40],[0,-29],[-30,-80],[-27,-47],[-5,-37],[23,-22],[41,55],[70,35],[41,32],[27,-3],[77,-51],[17,0],[26,32],[10,77],[42,25],[28,-80],[32,-21],[32,22],[77,22],[21,37],[-22,69],[4,43],[62,54],[45,5],[24,-27],[-58,-109],[13,-54],[27,-7],[38,51],[35,-2],[25,-47],[-45,-86],[25,-70],[46,-1],[12,96],[12,40],[31,3],[23,-29],[-4,-55],[21,-16],[54,10],[71,63],[49,14],[15,-24],[-3,-72],[100,9],[31,-6],[49,-13],[15,-31],[-7,-72],[39,-18],[28,45],[44,-3],[10,-74],[35,-37],[21,22],[11,65],[42,30],[29,-55],[59,-15],[69,48],[50,-6],[47,24],[20,-51],[98,-17],[34,21],[-1,62],[71,43],[29,-3],[-20,-78],[3,-35],[48,-51],[52,-26],[-9,82],[44,-2],[-8,-60],[20,-51],[71,40],[84,-74],[30,33],[-29,78],[8,38],[90,2],[56,-33],[-62,-24],[-22,-56],[77,-7],[33,-63],[47,18],[31,89],[36,41],[33,-28],[-20,-62],[15,-15],[89,29],[34,-26],[-2,-79],[30,-12],[35,24],[65,-18],[69,36],[21,-30],[-30,-30],[45,-55],[37,5],[46,3],[31,-20],[-7,-35],[-84,12],[-37,-26],[21,-24],[97,-13],[41,-31],[8,-31],[-66,-60],[19,-33],[80,42],[42,-16],[-5,-79],[21,-55],[41,-3],[-12,62],[11,34],[39,15],[34,-28],[-27,-83],[40,-9],[46,17],[27,-30],[31,31],[-23,59],[90,14],[31,-15],[37,-50],[29,3],[15,53],[24,27],[58,-19],[-7,-49],[43,-36],[25,18],[5,49],[27,13],[28,-30],[-26,-79],[35,-37],[48,53],[36,-12],[-20,-83],[19,-38],[40,-17],[26,61],[28,-8],[62,17],[58,-18],[16,-34],[1,-61],[39,-18],[49,-61],[-3,-52],[56,7],[16,41],[52,20],[26,-29],[-15,-66],[48,-45],[52,22],[42,-17],[2,-39],[22,-30],[-14,-37]],[[50753,15459],[15,-91],[-62,9],[-16,-38],[5,-62],[-63,-23],[-2,-33],[-31,-30],[16,-47],[-15,-18],[41,-35],[-39,-38],[24,-45],[-7,-54],[15,-25],[66,-13],[-17,-76],[13,-55],[-19,-51],[-2,-88],[78,-58],[71,-11],[43,-43],[-7,-137],[38,-51],[-27,-40],[-87,-55],[-15,-31],[-56,-47],[-16,-38],[-34,7],[-76,-22],[-13,-58],[-20,-26],[40,-74],[88,-46],[31,-30],[8,-42],[-31,-19],[-1,-75],[-24,-30],[31,-53],[-59,-7],[30,-37],[-16,-47],[-38,-25],[5,-100],[-60,-94],[-43,19],[-4,70],[-35,10],[-51,37],[-29,-37],[1,-51],[-38,-6],[-92,-59],[-36,19],[-21,38],[-79,8],[-28,-42],[-22,0],[-33,54],[23,32],[-13,61],[-126,41],[-58,-39],[-38,8],[-11,31],[-43,33],[-38,2],[-50,-57],[-17,-42],[17,-64],[-34,-47],[-13,-17],[-14,-54],[-99,-78],[-7,-102],[38,-57],[-18,-28],[-327,-24],[-5,159],[-151,-9],[-65,-5],[0,-46],[-28,-41],[13,-51],[34,-19],[-28,-65],[36,-24],[5,-75],[-2,-48],[24,-28],[-13,-29],[25,-70],[45,-89],[59,6],[-35,-33],[58,-27],[-7,-30]],[[49185,12492],[-156,-2],[-52,-1],[-98,-37],[-43,16],[-46,-65],[-43,-40],[-50,-96],[0,-15],[-8,-66],[28,-22],[-23,-30],[33,-27],[-25,-27],[37,-34],[10,-56],[-17,-56],[-77,-18],[-20,-47],[-28,7],[-50,-31],[11,-37],[-15,-51],[-72,20],[-40,40],[-20,-25],[-42,17],[-113,-16],[-15,-18],[-21,-68],[0,-78],[-6,-40],[-38,-27],[-55,8],[-45,-26],[-77,58],[-52,12],[-46,-21],[-16,27],[-39,3],[-15,-29],[-71,-16],[-73,0],[9,84],[-7,45],[-48,-15],[-28,13],[-33,43],[-66,6],[4,54],[-76,71],[-14,-3],[-59,87],[19,25],[8,78],[-44,28],[-35,-18],[-49,-1],[-121,-36],[-42,-33],[-48,17],[-13,-89],[-56,-28],[-24,-31],[-3,-55],[-23,-38],[-98,-21],[-24,-52],[-11,35],[-31,20],[-26,55],[-46,-21],[-34,12],[-25,32],[-50,-16],[-60,17],[-103,-28],[-40,13],[-16,-20]],[[49185,12492],[64,-60],[84,-62],[54,9],[13,-69],[-19,-13],[0,-74],[-16,-22],[25,-82],[147,15],[2,-23],[84,29],[20,-80],[-7,-92],[64,-32],[47,-24],[55,-62],[-11,-23],[-39,-10],[21,-63],[30,-32],[-14,-22],[-41,3],[18,-59],[-9,-42],[-1,-92],[-105,2],[10,-102],[38,1],[41,10],[41,-36],[40,37],[55,-25],[-63,-52],[61,2],[0,-27],[-61,1],[4,-90],[81,-5],[0,-47],[0,-87],[49,13],[26,49],[105,-5],[6,-26]],[[50084,11123],[-73,-15],[-6,-64],[108,22],[54,-59],[-69,-49],[-96,-15],[-2,24],[-50,4],[0,-43],[-50,-1],[-1,-33],[58,0],[5,-229],[22,-26],[33,-74],[-47,-39],[-46,-28],[-37,-45],[-17,-55],[-46,-55],[12,-69],[-39,-35],[-48,-91],[-1,-69],[93,-107],[-70,22],[-48,-24],[-103,-1],[-57,97],[-68,21],[-34,30],[-62,-11],[-14,58],[23,49],[-73,20],[-28,-17],[-15,79],[-88,28],[-12,46],[-69,5],[52,-83],[-6,-28],[-41,-51],[-12,-45],[-30,-33],[-10,-43],[23,-89],[-5,-67],[19,-45],[-28,-78],[34,-3],[53,-29],[-5,-6],[-34,-50],[-36,40],[-43,25],[-22,-20],[-59,-15],[-50,21],[-47,-36],[-14,-82],[18,-94],[-16,-18],[2,-67],[-23,-33],[-16,-152],[39,-53],[2,-72],[-16,-44],[10,-49],[41,-17],[-36,-75],[-17,-10],[-34,-78],[8,-67],[18,-39],[6,-40],[-43,-124],[14,-90],[33,-55],[-121,-13],[-49,37],[-65,105],[0,49],[-31,14],[-29,53],[-65,1],[-10,-24],[-42,-7],[-29,-52],[-5,-60],[22,-73],[-71,-89],[43,-74],[15,-52],[36,-25],[2,-84],[-27,-120],[-1,-49],[24,-77],[-13,-46],[19,-53],[-88,13],[-36,56],[-49,26],[-66,-11],[28,-98],[-38,-196],[-21,-59],[40,-50],[-4,-16],[49,-81],[-22,-84],[3,-72]],[[50084,11123],[55,10],[54,8],[34,-38],[53,29],[64,2],[40,17],[76,-46],[10,-34],[72,-5],[5,37],[9,173],[95,0],[-1,-48],[23,-28],[28,-73],[5,-44],[-21,-117],[52,-33],[-45,-79],[21,-24],[53,7],[29,-6],[56,54],[-16,40],[46,69],[7,41],[30,59],[62,13],[24,21],[62,-77],[-10,-111],[-10,-29],[71,-30],[76,-13],[11,87],[64,-8],[3,38],[81,-20],[64,-16],[10,83],[-14,3],[-13,22],[87,120],[56,-91],[38,2],[66,-66],[-1,-130],[44,14],[50,50],[76,3],[74,67],[-18,36],[68,-18],[25,9],[-9,61],[82,0],[30,28],[79,-2],[16,-30],[49,-15],[-7,-25],[-42,-22],[-6,-24],[-61,-10],[7,-25],[41,-29],[60,-79],[22,8],[46,-148],[91,17],[38,2],[45,37],[268,0],[24,47],[36,2],[130,64],[41,44],[38,74],[57,2],[47,-30],[-5,-45],[-20,-35],[60,-21],[64,21],[39,-71],[81,-46],[-35,57],[0,89],[-34,-13],[-23,82],[-27,13],[-41,51],[38,25],[22,48],[-42,46],[-14,86],[67,42],[25,-18],[34,-58],[55,59],[45,-2],[64,38],[59,-71],[49,-35],[52,35]],[[53599,11277],[7,4],[-41,67],[-91,68],[-35,42],[-14,55],[162,47],[17,18],[119,36],[43,53],[17,-1],[43,-23],[49,1],[28,-18],[72,-24],[26,-22],[6,-61],[23,-45],[60,-31],[58,2],[33,-28],[64,-3],[18,-55],[38,-19]],[[54301,11340],[26,2],[-54,-88],[-149,-213],[-208,-317],[-62,-102],[-26,-46],[-93,-178],[-93,-200],[-104,-229],[-25,-58],[-95,-235],[-113,-311],[-125,-356],[-59,-173],[-60,-172],[-17,-69],[-53,-148],[-55,-116],[-81,-146],[-108,-157],[-127,-195],[-76,-132],[-141,-233],[-120,-172],[-177,-281],[-103,-185],[-85,-121],[-133,-159],[-159,-178],[-159,-149],[-81,-66],[-85,-87],[-77,-89],[-186,-158],[-23,-42]],[[50911,5878],[78,117],[64,161],[35,174],[4,62],[-9,124],[-36,143],[-6,49],[8,140],[23,29],[39,-49],[55,-27],[47,-3],[123,96],[55,26],[65,9],[50,39],[40,76],[6,124],[-36,146],[108,-22],[34,6],[50,32],[80,84],[47,14],[20,31],[58,30],[82,27],[74,101],[42,85],[27,101],[15,111],[9,140],[-16,277],[-31,195],[-55,105],[-10,40],[24,39],[29,14],[42,-24],[16,-30],[81,-70],[31,11],[-3,78],[28,2],[49,-78],[-51,-40],[-31,1],[-46,-29],[-6,-23],[16,-70],[86,-82],[63,-11],[19,22],[22,112],[-3,128],[46,82],[-2,63],[-21,37],[28,43],[12,67],[-11,55],[-40,2],[-34,34],[-51,108],[-55,-9],[-48,19],[-32,-20],[-23,-140],[29,-80],[-38,-27],[-108,-7],[-66,6],[-78,29],[-21,-69],[-4,-66],[-106,45],[-158,-15],[-27,-30],[-26,-94],[2,-82],[17,-74],[-97,72],[-89,46],[-77,21],[3,56],[50,111],[9,51],[-24,56],[-73,28],[-10,33],[-57,25],[-28,-29],[-31,15],[-29,-16],[-16,-41],[-41,16],[11,49],[-68,26],[13,34],[-39,31],[-10,38],[-74,26],[17,76],[-13,40],[-70,41],[2,63],[66,99],[0,40],[-53,-9],[-37,19],[-61,93],[-11,-64],[3,-68],[-25,-78],[14,-17],[-15,-60],[17,-47],[-33,-46],[-5,-56],[29,-25],[-40,-113],[7,-21],[60,-13],[14,-38],[-19,-50],[16,-76],[82,-5],[42,-28],[34,34],[30,5],[6,-101],[35,-93],[30,-23],[111,69],[69,5],[-15,-49],[-40,-52],[-11,-91],[-19,-11],[-41,59],[-98,14],[-70,-40],[-36,-49],[-52,-117],[-67,-181],[-11,-75],[2,-118],[21,-188],[-3,-112],[29,-129],[-37,25],[10,70],[-21,109],[-27,44],[-9,151],[-35,32],[-66,1],[-38,-26],[-19,-54],[-25,-135],[-12,-101],[4,-67],[19,-65],[12,-82],[40,-83],[-39,-19],[-129,16],[-65,-40],[-45,-67],[-9,-120],[14,-92],[20,-72],[57,-126],[24,-25],[-27,-29],[-177,-42],[-31,-3],[-29,-37],[-77,-8],[-60,-55],[-28,-89],[-3,-98],[18,-75],[-10,-39],[-94,0],[-58,13],[-113,-53],[-74,33],[-48,-32]],[[50753,15459],[82,-29]],[[50835,15430],[-3,-49],[58,-25],[16,-48],[48,21],[68,-20],[64,-60],[61,-13],[12,-69],[65,14],[46,-35],[0,-55],[58,-19],[-14,-68],[18,-29],[71,-41],[-5,-77],[44,-23],[24,52],[24,-13],[16,-21],[72,-34],[26,1],[-2,-55],[21,-58],[59,-18],[42,-54],[-15,-69],[-49,-48],[49,-10],[28,-42],[-12,-56],[32,-28],[54,54],[45,-57],[68,-4],[-13,-52],[20,-34],[-9,-61],[56,20],[28,-145],[120,-56],[2,-46],[45,-37],[36,-57],[14,-46],[53,-53],[-10,-40],[46,-35],[32,32],[48,-33],[31,-53],[58,-38],[20,16],[10,50],[47,-22],[71,-7],[32,10],[57,-56],[82,-3],[28,-32],[36,65],[33,-10],[0,-89],[32,3],[-6,46],[24,16],[59,-11],[22,-32],[46,-15],[18,36],[49,26],[16,-65],[44,-5],[35,38],[46,-17],[36,-66],[2,-45],[50,1],[-18,90],[10,38],[69,11],[-32,-59],[10,-32],[44,-22],[45,28],[31,-14],[67,1],[24,14],[18,56],[38,-15],[32,32],[40,10],[41,-25],[22,-81],[29,26],[-19,35],[20,19],[64,-33],[26,15],[56,-12],[-6,-64],[59,-22],[52,70],[57,-67],[61,87],[-4,-100],[40,17],[47,-66],[-44,-43],[36,-41],[11,-46],[39,-34],[-4,-55],[41,-36],[-26,-26]],[[54346,13128],[-3,-1],[-25,14],[-87,-13],[-8,34],[-46,-37],[-35,37],[-52,-71],[11,-39],[-57,-43],[14,-50],[-18,-51],[-52,30],[-13,-56],[-25,-29],[-48,42],[-75,-21],[29,-54],[-77,-57],[8,-32],[-41,-109],[23,-16],[-7,-68],[14,-38],[-3,-56],[-15,-53],[23,-78],[-3,-36],[43,-11],[-40,-120],[38,-29],[-37,-31],[-9,-35],[-60,-37],[63,-17],[-26,-80],[4,-36],[-36,-5],[-7,-49],[-45,16],[4,-52],[-83,-85],[-30,0],[-67,-25],[-18,-50],[-73,30],[-43,-72],[-9,-132],[37,-49],[15,49],[119,-120],[52,-29],[29,-31]],[[50524,18027],[-1,-8],[-82,-134],[-57,-45],[4,-46],[86,-41],[14,-46],[-24,-31],[-162,40],[38,-24],[11,-34],[5,-80],[15,-14],[0,-68],[64,-14],[32,-27],[66,-9],[18,-55],[65,-48],[41,8],[38,-103],[41,7],[-4,-66],[39,-37],[6,-23],[-48,-26],[-14,-79],[-25,-42],[5,-47],[28,-21],[2,-42],[30,-26],[60,-55],[-1,-35],[33,-39],[83,-13],[39,-31],[4,-38],[62,-45],[52,-24],[35,48],[50,40],[19,35],[44,-28],[60,-5],[64,48],[47,-31],[-8,-38],[45,-39],[37,11],[-12,60],[47,28],[25,-7],[104,84],[103,46],[7,-18],[65,-21],[27,-28]],[[51846,16751],[-2,-36],[-60,-3],[7,-42],[-42,-29],[-27,-39],[-46,5],[-37,-18],[-46,-45],[1,-35],[-25,-20],[2,-35],[-61,-22],[19,-103],[47,-21],[23,24],[58,-7],[21,-87],[56,-49],[69,13],[42,-22],[-6,-35],[-22,-32],[1,-34],[62,-16],[0,-32],[-47,-18],[-12,-30],[-43,13],[-34,-54],[-50,-19],[-36,-38],[-51,-17],[-28,18],[-49,-6],[60,-40],[2,-24],[-41,27],[-44,-21],[37,-46],[-75,-26],[-5,-41],[67,-62],[-42,-37],[-52,11],[10,43],[-159,-21],[-25,33],[-48,0],[-41,36],[-50,20],[-52,-36],[-44,34],[17,48],[-45,-7],[-4,-40],[-27,-16],[31,-44],[12,-54],[-36,-34],[-30,-134],[-99,-40],[-12,21]],[[45103,16866],[-5,39],[28,54],[64,62],[43,22],[-62,48],[28,103],[43,-59],[28,15],[-6,39],[31,55],[-32,31],[69,15],[-9,37],[34,20],[-20,27],[39,18],[63,55],[29,3],[-46,22],[44,104],[-52,17],[31,50],[46,9],[-36,52],[-42,30],[-29,87],[-49,83],[36,41],[-45,22],[-4,56],[23,117],[17,38],[-35,33],[-49,4],[61,68],[-2,39],[18,56],[3,48],[-21,57],[22,5],[-22,88],[49,3],[25,121],[19,27],[0,39],[-33,30],[-8,54],[21,47],[-6,36],[33,69],[53,66],[36,60],[3,88]],[[50840,18873],[38,-45],[41,-8],[58,-43],[13,-51],[26,-19],[75,55],[67,77],[38,23],[108,-29],[44,19],[22,-22],[50,-6],[55,8],[47,-66],[-79,-75],[8,-70],[-32,-29],[59,-34],[35,-51],[46,-43],[109,-27],[95,-5],[69,28],[19,45],[45,58],[133,-45],[89,66],[81,-6],[47,-28],[31,-52],[53,-24],[6,-41],[51,-39],[27,-38],[16,-53],[65,3],[26,-71],[58,-18],[0,-14]],[[52579,18203],[-49,-98],[11,-21],[-14,-53],[39,-112],[-4,-29],[-60,-27],[41,-37],[19,-69],[-42,1],[-44,-28],[-31,11],[-49,-39],[-29,-46],[2,-74],[-29,-56],[18,-42],[-44,-33],[-17,-30],[39,-78],[-54,-16],[14,-30],[-98,-141],[-17,-40],[28,-33],[-72,7],[-41,-44],[-4,-89],[24,-3],[-44,-4],[-36,44],[-43,-7],[-69,12],[-93,-106],[6,-29],[-29,-31],[25,-20],[13,-62]],[[52579,18203],[54,-43],[-7,-92],[63,-25],[60,-46],[17,8],[45,-36],[74,5],[35,-60],[34,-5],[-29,-67],[-18,-102],[95,-22],[46,14],[5,-29],[47,-26],[10,-24]],[[53110,17653],[-23,-39],[7,-37],[-29,-62],[5,-34],[-39,-99],[-6,-59],[-28,-1],[-29,-71],[9,-43],[-20,-20],[29,-51],[-10,-29],[-29,5],[-41,-48],[59,-51],[12,-69],[22,-50],[48,-18],[-14,-108],[38,-7],[13,-41],[50,-23],[55,-30],[46,25],[54,-84],[15,-10],[87,-1],[67,-61],[56,-13],[25,-37],[37,4],[44,-23],[-34,-24],[-15,-55],[37,-2],[49,-76],[-13,-30],[47,-40],[35,20],[33,-15],[21,24],[27,-57],[40,18],[42,-37],[15,-60],[20,-20],[-5,-71],[95,-33],[51,-101],[30,-33],[57,-37],[30,-39],[27,13],[70,-98],[-16,-62],[23,-29],[41,29],[50,-23],[56,8],[88,81],[-34,-75],[19,-40],[99,49],[22,34],[49,34],[107,43]],[[54783,15764],[-4,-92],[14,-38],[77,-91],[24,-60],[-32,-52],[31,-79],[51,8],[12,-37],[109,-108],[54,-4],[36,-47],[49,13],[52,-117],[33,4],[-41,-71],[-24,-84],[5,-17]],[[55229,14892],[-6,-76],[-29,-35],[-37,-10],[-40,-85],[7,-20],[-36,-38],[6,-46],[-80,-49],[22,-79],[-94,-16],[-10,-37],[-74,-6],[0,23],[-32,-5],[-8,-46],[-28,-20],[-22,-58],[-30,-44],[-17,-66],[-2,-58],[-15,-45],[41,-53],[2,-73],[-62,-115],[3,-129],[-36,-36],[38,-50],[33,3],[-15,-3],[-48,-77],[23,-44],[-36,-51],[-50,7],[-53,-72],[-77,-42],[11,-98],[-20,-47],[-71,-49],[-41,-19]],[[56815,19923],[2,-68],[-18,-135],[16,-42],[6,-133],[38,-107],[27,-11],[102,2],[-8,-83],[45,-94],[-69,-135],[-37,-89],[-26,-89],[-61,-117],[-14,-61],[5,-51],[-62,-112],[-61,-137],[-24,-68],[-21,-12],[-39,19],[-14,-10],[-3,-19]],[[56599,18371],[-28,-38],[-45,17],[-3,51],[-25,29],[-7,-50],[2,-131],[-31,-17],[8,-59],[-42,-26],[-17,24],[-45,-48],[-49,107],[-27,20],[-43,-9],[-36,-10],[-66,-53],[-35,34],[-22,-60],[-20,-14],[-10,-49],[-91,-108],[-45,-34],[-32,6],[-3,-44],[-47,-26],[-32,72],[20,26],[-19,68],[70,62],[-32,58],[-48,23],[-87,-12],[-31,16],[-17,98],[-35,-22],[-1,-35],[-75,-33],[-6,56],[-22,32],[-53,-22],[-52,4],[-29,11],[-78,5],[-34,22],[-5,45],[-23,44],[16,60],[-16,20],[-51,-5],[-76,69],[4,22],[-48,46],[-63,-30],[-21,-26],[-61,55],[-33,-36],[-53,-22],[-23,8],[-81,-43],[-30,9],[-54,-68],[-7,-45],[-38,-42],[-8,-105],[-68,-41],[-16,-63],[16,-91],[-83,18],[-63,-26],[-47,-6],[-38,-45],[-27,-127],[-42,-36],[-46,30],[-16,50],[-33,14],[-38,93],[-43,18],[-23,38],[2,38],[-41,60],[-56,18],[0,68],[-70,88],[-42,34],[-28,-5],[-22,31],[-37,91],[-57,53],[-52,5],[-23,-37],[-138,-16],[-30,18],[-48,-20],[-11,-71],[26,-33],[-26,-53],[20,-113],[-30,-88],[33,-61],[12,-60],[-12,-66],[30,-49],[3,-94],[46,-43],[-48,-12],[-40,35],[-103,26],[-59,-59],[-50,0],[-56,-57],[0,-43],[-24,-26]],[[56599,18371],[16,27],[46,-21],[-23,-113],[-20,-141],[20,-48],[-6,-51],[12,-83],[32,-51],[29,21],[64,-68],[51,23],[29,-41],[-25,-16],[-15,-64],[-41,2],[-26,-51],[-24,-142],[6,-30],[30,-60],[0,-59],[-15,-60],[28,-42],[45,10],[41,-10],[20,-61],[-27,-56],[-4,-40],[-8,-54],[-46,-58],[21,-52],[40,-53],[67,-32],[39,17],[6,35],[61,68],[-12,-54],[24,-35],[29,-8],[-16,-43],[-10,-91],[-32,41],[-57,7],[-88,-75],[-54,-16],[-29,-85],[7,-82],[39,-85]],[[56823,16491],[-71,-21],[-61,10],[-20,-66],[-56,13],[-41,-33],[-54,37],[-71,-10],[-68,-20],[-18,-19],[-42,-73],[-35,-23],[-17,-34],[-58,-66],[-23,9],[-36,-32],[-54,-43],[-77,22],[-68,9],[-57,-46],[-20,-36],[-32,-5],[-26,92],[-84,-22],[-28,-39],[-7,-38],[-35,-4],[-20,-35],[-36,1],[-25,25],[-50,-2],[-18,-27],[-68,8],[-32,18],[-38,-30],[-34,-84],[4,-54],[-15,-33],[27,-56],[33,-22],[17,-45],[37,-25],[21,-45],[-26,-22],[-125,11],[-32,20],[-5,42],[-36,32],[2,74],[-47,-12],[-73,69],[-58,11],[-51,-8],[-21,-3],[-39,-54],[-34,4],[-59,39],[-80,-86]],[[55229,14892],[34,13],[76,-43],[37,2],[39,-29],[55,-11],[54,-38],[36,37],[33,-64],[25,-23],[69,-15],[117,43],[0,-1],[37,-59],[-1,-54],[85,-80],[52,-39],[9,-69],[40,21],[36,67],[77,33],[16,-49],[56,-1],[70,21],[62,-16],[31,-42],[58,19],[19,-8],[18,-72],[28,-10],[0,-47],[22,-38],[-13,-58],[-6,-117],[35,-53],[-12,-59],[-58,-147],[9,-43],[100,2]],[[56574,13865],[-45,-58],[-43,-99],[-4,-68],[-42,-91],[7,-69],[42,-38],[-27,-32],[-8,-46],[-32,-22],[-36,-59],[-50,-55],[5,-43],[-97,-22],[-120,-59],[-140,-81],[-285,-192],[-191,-142],[-166,-141],[-74,-71],[-193,-187],[-98,-104],[-208,-247],[-107,-132],[-185,-243],[-143,-201],[-33,-23]],[[56823,16491],[93,7],[32,-13],[29,-45],[-22,-62],[13,-35],[-56,1],[-16,-31],[2,-80],[-38,-43],[-60,26],[-39,-17],[-52,-134],[33,-86],[2,-34],[43,-45],[-11,-29],[37,-37],[55,-18],[19,-40],[-17,-39],[-41,-17],[-28,42],[-32,-6],[-48,-80],[-5,-22],[49,-38],[46,-10],[-8,-30],[17,-92],[-9,-29],[29,-78],[-18,-22],[-8,-52],[20,-19],[-4,-52],[29,-26],[10,-69],[-50,-21],[-4,-65],[60,-19],[-23,-51],[-36,-27],[-47,-73],[2,-46],[-19,-37],[-9,-65],[16,-43],[50,-22],[-17,-33],[0,-55],[-48,-55],[-7,-75],[-63,-164],[11,-47],[-22,-52],[22,-63],[-43,-43],[-55,-106],[-16,-52],[3,-58]],[[56888,15534],[1,47],[20,47],[34,21],[41,-10],[-9,88],[-74,40],[57,69],[40,-7],[-1,37],[23,32],[-50,22],[7,36],[27,21],[-22,56],[-31,43],[44,51],[-16,21],[15,53],[77,-23],[30,29],[42,-1],[55,27],[18,70],[35,-43],[34,-79],[43,-36],[-12,-79],[-26,-13],[-41,-53],[-45,-87],[-7,-61],[24,-61],[-40,-49],[3,-21],[-49,-52],[-31,-48],[-24,-90],[-38,-44],[-19,-94],[25,-30],[42,-15],[-15,-52],[-23,-27],[-59,29],[-28,-31],[-22,-84],[-38,-32],[-26,13],[27,58],[-2,53],[-33,33],[10,49],[26,44],[-12,62],[27,48],[-34,23]],[[82867,60799],[-113,-31],[-53,-49],[-70,-12],[-13,-79],[6,-113],[-194,-73],[-1,-1],[-4,-49],[37,-28],[-28,-65],[-4,-45],[23,-18],[8,-76],[-28,-51],[3,-70],[-33,-46],[-14,61],[-78,44],[-53,16],[-31,78],[-42,64],[-69,-46],[53,-20],[59,-65],[5,-24],[-57,-14],[-30,-21],[-4,-35],[-49,-26],[-56,-97],[-31,-28],[43,-129],[40,12],[19,-30],[15,-65],[-135,-66],[63,-122],[39,-88],[91,-6],[31,-46],[-37,21],[-35,-1],[-33,-35],[81,-124],[32,-11],[31,-53],[8,-27],[-20,-58],[-50,12],[-53,-48],[-1,-28],[23,-51],[62,-67],[-161,-136],[-2,-1],[-189,19],[-120,-149],[-19,-27],[-56,-26],[-30,6],[107,-196],[62,-31],[7,-32],[26,-17],[20,-67],[34,-48],[-110,-86],[17,-46],[-15,-56],[-48,-49],[-197,-53],[6,32],[-21,33],[32,116],[24,108],[-5,148],[-205,-182],[22,-33],[-25,-22],[-23,16],[-88,-171],[-75,-68],[-59,53],[-27,2],[-68,54],[-39,-1],[-119,-70],[-67,-66],[23,-60],[-40,-3],[-47,-27],[-50,-78],[-124,-246]],[[84126,59583],[-17,-45],[-76,-9],[-139,-44],[-130,-56],[-145,-75],[-84,-72],[-51,-41],[-108,-49],[-159,-114],[-121,-119],[-186,-225],[-163,-237],[-36,-66],[0,-37],[-67,-87],[-76,-133],[-91,-141],[-60,-135],[13,-12],[-60,-83],[-104,-125],[-81,-116],[-45,-81],[-26,-63],[-55,-183],[-28,-73],[-51,7]],[[49717,32552],[75,-59],[36,0],[52,-43],[8,-104],[30,-55],[65,-45],[30,16],[29,43],[30,8],[47,-16],[0,-64],[150,-64],[7,-25],[48,-32],[35,-23],[113,-42],[33,-40],[23,-2],[30,-42],[61,-30],[89,-8],[35,-9],[23,-33],[37,-23],[41,-27],[69,6],[27,-37],[25,-34],[33,-14],[9,-30],[55,-30],[58,26],[51,-21],[47,29],[60,-53],[34,-19],[55,-26],[19,-45],[50,-33],[25,5],[19,14],[82,-40],[53,16],[12,-56],[44,-71],[54,5],[23,-49],[-7,-48],[45,-22],[70,-12],[-14,-42],[28,-17],[81,46],[-10,-60]],[[51941,31221],[2,-52],[-36,-62],[-11,-47],[-40,-84],[-27,-30],[3,-33],[-13,-24],[-15,-85],[-17,-15],[-22,-104],[22,-30],[52,-30],[-23,-24],[-12,-49],[-63,-19],[-83,-84],[-21,-53],[-18,-5],[-95,-86],[56,-63],[87,-15],[27,-26],[58,-5],[38,-14],[31,-34],[107,-38],[82,-4],[85,-27],[6,-19],[3,-1],[81,-17],[111,-86],[40,-3],[13,-25],[78,-13],[21,-40],[69,-43],[24,-66],[56,-41],[-27,-36],[-16,-54],[-44,-85],[-47,-20],[-25,-54],[-5,-114],[-28,-26],[-60,19],[-65,-2],[-44,-39],[-77,45],[-18,-73],[13,-24],[-12,-73],[-18,-21],[5,-70],[-111,-66],[-29,-41],[-62,12],[-35,-24],[-66,40],[-32,-45],[-5,-71],[31,-31],[-31,-42],[-5,-46],[-22,-24],[36,-55],[-25,-63],[26,-17],[-9,-94],[42,-68],[-30,-37],[-43,-1],[-51,27],[-14,-18],[-38,48],[-59,-75],[-30,-21],[-16,-50],[33,-51],[-15,-65],[11,-27],[-57,-13],[-28,-33],[3,-36]],[[51218,34538],[26,-50],[27,-91],[56,-75],[63,-51],[-235,-85],[-4,-26],[-56,-35],[-93,-6],[-49,-42],[-26,-7],[53,-46],[16,-46],[58,-15],[57,-55],[65,-27],[78,-45],[89,-16],[89,-5],[39,21],[22,-44],[27,41],[12,-26],[62,2],[53,47],[81,-6],[20,-9],[49,33],[67,5],[49,-39],[48,-8],[70,14],[30,43],[43,-19],[58,12],[27,-6],[27,40],[17,25],[50,-3],[57,-40],[57,14],[46,-26],[19,63],[41,-14],[52,31],[27,-8],[97,37],[-13,-106],[20,-28],[36,-1],[56,-72],[136,-9],[34,14],[94,-54],[25,29],[-20,63],[14,61],[-2,102],[-16,42],[48,-6],[40,-48],[38,-8],[46,43],[13,-12],[105,-55],[34,-7],[4,-37],[2,-32],[-49,-73],[4,-45],[-28,-95],[-52,-82],[-6,-53],[-35,-32],[-9,-78],[-74,-61],[49,-12],[21,-37],[33,21],[55,5],[29,-25],[-7,-44],[53,-28],[22,29],[44,20],[12,-39],[-37,-73],[12,-61],[64,51],[153,-34],[-1,-50],[-22,-46],[8,-72],[-44,-107],[29,-30],[34,0],[-23,-90],[-49,-48],[0,-1],[154,-117],[12,-112],[-39,-32],[86,-86],[-10,-74],[-21,-28],[-18,-124],[-20,-11],[69,-5],[35,-14],[53,18],[13,-32],[69,-25],[35,-33],[28,-1],[51,-35]],[[54056,31973],[34,-106],[-13,-5],[-44,-95],[-57,-94],[16,-46],[-1,-57],[-22,-91],[-32,-8],[-54,-100],[17,-39],[-29,-81],[-39,8],[-48,-59],[-54,-3],[-21,-27],[-90,-1],[-41,-54],[-31,33],[-1,34],[-30,-30],[-14,-37],[-44,-30],[1,-37],[-23,-97],[5,-26]],[[53441,30925],[-18,-21],[-93,28],[-20,-35],[-89,20],[-43,-34],[-45,7],[-19,-24],[-42,-5],[-81,-14],[-28,21],[-33,-23],[-27,14],[-28,-34],[-87,17],[-120,74],[-30,-42],[-48,-2],[-33,-27],[-31,14],[-41,31],[-85,26],[-56,41],[-25,37],[-13,-3],[-72,22],[-13,69],[-39,46],[-86,53],[1,20],[-78,-4],[-46,40],[-32,-16]],[[55660,34570],[-10,-21],[59,-51],[6,-82],[14,-61],[22,-26],[-14,-130],[-11,-26],[14,-92],[60,-6],[56,-127],[37,-21],[17,-37],[-27,-102],[22,-32],[37,-7],[-20,-137],[-28,-27],[-71,27],[-36,52],[-45,-20],[-20,36],[-68,14],[-12,-21],[-1,-70],[36,-38],[-47,-13],[0,-45],[19,-19],[-14,-73],[19,-72],[43,-19],[10,-38],[-9,-52],[20,-31],[-7,-43],[33,1],[30,-2],[41,-34],[54,-65],[87,5],[76,-51],[34,-38],[20,17],[36,-12],[4,-27],[24,-26],[47,-19],[77,-9],[43,-45],[60,-10],[21,2],[135,-121],[35,-17],[41,-48],[17,-10],[60,-52],[153,-74],[49,-41],[-21,-54],[11,-40],[-42,-34],[-15,-43],[34,-57],[2,-101],[-42,-19],[-20,27],[-39,12],[-61,-37],[-43,11],[-56,-14],[-16,12],[22,-36],[20,6],[77,-34],[46,-59],[26,-82]],[[56771,31942],[-29,-42],[-36,21],[-13,-52],[-34,-55],[-1,-44],[-31,-73],[-12,-29],[-60,-20],[-18,-47],[-68,1],[-45,-19],[-37,28],[-74,22],[-24,38],[-87,-2],[-40,25],[-21,36],[-101,-70],[-7,-71],[-80,2],[4,-76],[-18,-6],[-61,-64],[-82,-18],[-60,61],[-58,-68],[-20,-56],[-34,-9],[-37,-32],[-9,-50],[-54,-75],[-5,-32],[-98,-47],[-31,-57],[23,-77],[29,-27]],[[55442,30958],[-56,0],[-78,32],[-37,61],[-49,45],[-21,57],[-13,86],[-29,39],[-81,29],[-65,-24],[-34,3],[-58,51],[-80,47],[-51,54],[-42,88],[-52,69],[-45,38],[-38,79],[-45,9],[-41,42],[-24,12],[-92,8],[-29,-38],[-22,4],[-2,61],[-40,7],[-28,-23],[-40,81],[0,43],[-50,-24],[-78,32],[-27,33],[-39,14]],[[53441,30925],[57,-17],[32,14],[93,-38],[29,9],[71,-12],[45,19],[49,-7],[61,-25],[35,-47],[57,-39],[46,-17],[24,-37],[22,3],[27,-47],[58,-25],[45,-42],[-46,-108],[-33,-42],[21,-37],[-26,-34],[70,-65],[16,-30],[83,-30],[-13,-39],[7,-42],[-37,-53],[4,-46],[25,-42],[35,-23],[68,-22],[21,-36],[103,-33],[9,-22],[30,-44],[6,-44],[33,14],[42,-12],[-3,-30],[36,-37],[31,23],[-9,-38],[81,-22],[-11,-70],[40,-22],[50,-116],[68,-17],[16,-46],[33,-30],[2,-48],[27,-13],[-36,-84],[-43,-24],[-52,-49],[-27,-68],[-46,-31],[-44,-3],[-77,32],[-15,-79],[-63,-73],[-19,-64],[-35,-4],[-18,57],[-23,27],[-41,-68],[-22,-14],[-38,26],[-26,50],[-34,-34],[-5,-28],[-39,-9],[-24,-30],[-3,-40],[-46,-23],[52,-106],[-3,-28],[30,-59],[-3,-25],[67,-81],[39,46],[60,-14],[22,-35],[50,-9],[12,-66],[58,-37],[16,75],[26,47],[4,37],[26,66],[30,45],[19,-12],[41,66],[5,38],[51,23],[28,-74],[76,-63],[7,-23],[-3,-18],[21,-44],[46,-18],[11,-36],[125,-31],[25,-25],[-14,-25],[43,-37],[-34,-30],[-41,-73],[-17,-67],[-11,-82],[16,-28]],[[55075,28125],[0,-46],[20,-69],[-19,-51],[-2,-57],[19,-51],[-18,-19],[-46,16],[-71,-51],[-64,-22],[13,-21],[0,-57],[-19,-60],[40,-51],[24,-55],[-10,-27],[27,-63],[29,-19],[54,-6],[13,-69],[30,-23],[23,12],[32,-47],[33,-19],[-7,-36],[98,-10],[23,17],[44,1],[30,-59],[-7,-50],[13,-110],[30,-9],[45,-55],[-2,-35],[26,-115],[-42,-21],[32,-28],[-6,-42],[-23,-41],[-2,-34],[26,-67],[-30,-32],[25,-26],[-13,-35],[-37,-8],[-91,30],[-50,-21],[-56,42],[-44,-34],[-53,-23],[1,-27],[-25,46],[-52,51],[-120,-69],[-7,-132],[25,-38],[-30,-19],[-10,-57],[-43,-55],[-18,33],[-63,51],[-34,-6],[-47,37],[-38,2],[-54,42],[-15,51]],[[55442,30958],[19,43],[36,17],[51,2],[31,-28],[3,-66],[28,-63],[34,-35],[42,-75],[48,-8],[91,-51],[62,12],[93,31],[26,-23],[-1,-43],[-57,-77],[-6,-39],[36,-43],[127,-39],[29,-27],[25,-92],[24,-31],[75,23],[41,50],[100,-10],[68,29],[61,-20],[15,-45],[77,-14],[16,-37],[75,-96],[44,-15],[47,-40],[42,-33],[60,-26],[39,-64],[82,37],[16,23],[49,-79],[46,-16],[28,-36],[25,-64],[56,-17],[25,-70],[5,-63],[48,-54],[61,-10],[7,-25],[60,-42],[158,58],[-24,53],[84,-12],[46,29],[45,-44],[100,-49],[63,11],[71,71],[34,3],[33,68],[-4,131],[41,-9],[72,-100],[42,-7],[60,18],[43,-45],[18,-50],[48,-24],[-7,-35],[42,-68],[9,-39],[-40,-12],[-25,-104],[-35,-52],[-8,-73],[-46,-33],[-8,-27],[-5,-93],[15,-44],[-8,-40],[62,-16],[20,-50]],[[58347,29025],[-44,4],[-39,-52],[-68,-28],[15,-18],[-46,-46],[5,-34],[-78,-32],[-26,1],[-42,-20],[-39,-34],[-17,51],[-44,-5],[-124,61],[-66,-1],[-75,-81],[-28,-8],[-55,-50],[26,-82],[-30,-86],[34,-38],[22,58],[33,7],[16,-48],[36,-26],[60,-11],[34,-26],[35,23],[112,2],[-12,-48],[17,-13],[-21,-90],[25,-80],[49,-47],[74,44],[37,-38],[-28,-48],[3,-95],[-17,-64],[5,-28],[-34,-15],[79,-62],[52,-79],[46,-27],[19,27],[65,16],[-37,-67],[-10,-49],[38,-43],[-10,-35],[22,-59],[-39,-60],[11,-32]],[[58288,27514],[-24,-6],[-7,-44],[-42,-1],[-11,-44],[-50,-14],[-10,-28],[-68,-3],[-5,-51],[-39,-37],[-24,33],[-40,24],[-89,-27],[-79,16],[-10,-37],[-47,-31],[8,-100],[-31,-82],[-67,-33],[-44,-33],[-3,-28],[-33,-27],[14,-65],[35,-21],[-4,-41],[-53,6],[-29,36],[-51,18],[-30,-22],[-53,-5],[-6,-37],[-38,-11],[-7,-42],[-44,34],[-49,8],[-10,47],[-25,14],[-43,-27],[-122,34],[-29,-24],[-74,-9],[-36,-16],[-32,-44],[-29,-3],[-18,-42],[-86,-31],[-44,-7],[-67,-32],[-73,6],[-2,52],[-47,-4],[-96,46],[-4,45],[40,72],[29,17],[20,106],[-20,30],[4,95],[15,59],[-33,57],[22,60],[-51,35],[-31,59],[36,99],[0,62],[-34,66],[-36,6],[-79,38],[-42,3],[-10,42],[56,54],[-4,48],[75,64],[-17,55],[-132,-17],[-89,16],[-19,30],[-86,22],[-40,-5],[-38,-35],[-29,45],[-41,-46],[-41,25],[6,70],[15,34],[-18,71],[-42,16],[-19,54],[-77,80],[-6,96],[-28,-21],[-56,6],[-39,-27],[-37,-98],[-35,-8],[-30,7],[-29,-52],[-32,-19],[-10,-29],[-47,29],[-52,-33],[-13,-24],[-74,23],[-46,-13],[-9,-21],[-52,-21],[-41,19]],[[58288,27514],[36,-8],[40,-74],[-56,-37],[5,-50],[39,1],[12,-83],[-15,-73],[9,-49],[78,1],[22,-23],[48,-14],[1,45],[59,12],[-2,48],[19,94],[-38,43],[78,81],[18,43],[-18,37],[56,6],[23,46],[-35,56],[-74,-20],[-43,84],[40,170],[96,-50],[8,-37],[30,-35],[53,-2],[25,52],[25,-18],[6,-31],[45,-71],[2,-22],[37,-75],[-1,-45],[-50,-51],[54,-27],[26,-43],[42,-37],[35,18],[43,-15],[-33,-62],[63,-9],[41,30],[20,-21],[53,-3],[45,22],[38,-27],[28,-56],[34,-1],[-1,39],[71,8],[12,15],[36,-53],[-25,-78],[10,-44],[66,34],[77,49],[13,48],[32,15],[32,-31],[42,24],[-8,-40],[34,-69],[34,12],[42,-6],[-5,-35],[23,-32],[114,-16],[18,-17],[123,-28],[40,-53],[-39,-58],[-28,-20],[-54,-4],[-46,17],[-1,-50],[18,-50],[35,-14],[14,-61],[-27,-16],[6,-32],[64,-28],[19,-83],[33,14],[-3,-71],[82,7],[5,33],[-44,2],[21,79],[41,-8],[69,17]],[[60300,26650],[-1,-84],[15,-33],[-12,-57],[14,-39],[53,-29],[-11,-66],[16,-56],[33,-31],[2,-1],[4,-55],[-48,-24],[16,-37],[-57,-79],[-12,-40],[-12,-33],[-37,-42],[-16,-47],[-34,-21],[-2,-43],[43,-28],[1,-67],[39,-72],[23,2],[4,-80],[28,-50],[44,-38],[27,2],[4,-20],[-63,-16],[1,-54],[-30,-27],[-99,9],[-104,-20],[-22,-27],[-21,-112],[-39,-43],[-8,-33],[-54,7],[-37,-22],[-11,-53],[35,-80],[-25,-23],[69,-4],[70,-30],[23,13],[-17,-20],[-19,4],[-44,-24],[7,-70],[-51,-21],[-40,-39],[-60,-17],[-20,-38],[-69,-46],[-13,-63],[-34,-56],[0,-29],[35,-31],[-38,-34],[-11,-64],[25,-69],[-10,-73],[-62,-2],[-36,-21],[-4,-72],[-36,-28],[67,-34],[46,-52],[49,10],[65,-16],[32,-36],[77,20],[44,-16],[13,25],[51,10],[69,-11],[12,-15],[7,-71],[-13,-47],[22,-32],[67,-35]],[[60220,23854],[-31,-36],[-103,-74],[-91,-80],[-22,-29],[-90,-78],[1,-30],[-51,-13],[-245,-169],[-73,-45],[-27,-28],[-61,-36],[-16,-32],[-108,-47],[-182,-116],[-106,-81],[-269,-237],[-166,-159],[-69,-72],[-59,-76],[-31,-57],[-10,-64],[-52,-4],[32,-141],[-29,-26],[-29,-107],[-77,-59],[-38,-43],[-126,-110],[-158,-178]],[[56771,31942],[18,-17],[16,-55],[32,1],[29,-61],[48,-4],[43,-34],[50,24],[49,-6],[19,31],[74,-30],[30,10],[22,63],[85,2],[21,-19],[61,9],[34,-26],[6,-41],[50,-35],[-53,-64],[-58,-17],[-23,-23],[-69,8],[3,-46],[-57,-45],[-26,-65],[-52,-44],[-3,-35],[87,-1],[14,45],[48,-19],[6,-32],[38,-33],[59,33],[27,-7],[30,26],[96,10],[108,22],[83,21],[66,67],[61,29],[36,-24],[23,41],[11,-19],[16,-68],[46,-23],[14,-39],[28,3],[52,-68],[-5,-31],[30,-57],[48,-15],[-6,-32],[29,-15],[-1,-40],[26,-44],[50,-6],[53,11],[28,46],[35,-37],[50,17],[57,-73],[38,34],[32,-45],[30,3],[16,-85],[-33,-18],[-9,-34],[41,-30],[8,-50],[87,23],[73,-55],[29,15],[32,59],[48,35],[21,30],[6,89],[19,56],[56,22],[41,2],[36,22],[20,95],[63,-33],[58,8],[30,-24],[45,9],[144,-57],[18,-26],[59,-23],[28,-29]],[[59499,31104],[46,-90],[46,18],[68,-5],[15,-28],[-31,-28],[-1,-59],[24,-46],[-10,-49],[58,-27],[24,-39],[-2,-20],[-84,-56],[-34,-63],[27,-24],[-18,-63],[24,-7],[46,-76],[55,15],[22,-37],[-12,-73],[28,-114],[-45,-11],[-18,-32],[103,15],[82,-28],[8,-81],[22,-30],[-3,-38],[-39,-15],[-29,-35],[35,-27],[-5,-31],[45,-56],[-83,20],[-47,-2],[-39,-29],[-56,-1],[-65,35],[-34,-13],[-70,-5],[-52,30],[-96,52],[-21,-42],[-112,-18],[-45,38],[-66,-40],[-31,16],[-29,-16],[-55,51],[-52,65],[-23,-29],[-48,9],[-24,35],[-10,57],[-57,-46],[-62,-21],[-42,-39],[-1,-53],[-16,-32],[-56,-5],[-20,-54],[-28,-39],[24,-44],[63,-47],[3,-54],[19,-21],[49,13],[-6,-40],[40,-96],[6,-33],[-28,-65],[22,-59],[-47,2],[-12,-40],[-54,-38],[8,-24],[-64,-145],[-13,-89],[41,-33],[-38,-9],[-43,-21],[-30,34],[-71,9],[-33,30],[-45,11],[-50,-4]],[[60294,31995],[-27,5],[-114,-132],[-46,-32],[-38,61],[-27,6],[-39,-43],[-13,-53],[-24,-20],[10,-10],[-50,-126],[4,-33],[-53,-22],[-21,-54],[-52,-21],[-32,-43],[3,-59],[-12,-66],[13,-21],[-36,-73],[-40,4],[-54,-33],[-50,-12],[-18,-63],[-39,-13],[-40,-38]],[[62517,27818],[21,-47],[-25,-93],[4,-40],[-69,-48],[-10,0],[-21,-33],[-67,-33],[-33,-45],[-11,-37],[-29,-17],[-2,-32],[-47,-43],[-52,-12],[-24,-64],[-9,-37],[-85,-93],[-12,-68]],[[62046,27076],[-54,-13],[-50,-24],[-6,-67],[-56,-61],[-27,-8],[-31,-51],[-44,-12],[-41,-31],[-39,-63],[-51,105],[-85,10],[-84,82],[-67,-9],[-80,25],[-31,-14],[-39,29],[-21,-43],[1,-35],[-32,-4],[-3,1],[-85,-10],[-65,23],[-100,2],[-80,-35],[-40,17],[-31,-62],[-46,-13],[-70,22],[-75,-73],[-44,-1],[-33,-33],[-51,-13],[-125,-35],[-61,-32]],[[62046,27076],[75,-8],[91,-91],[77,-29],[-8,-50],[24,-4],[-14,-22],[34,-54],[50,-20],[30,-35],[5,-45],[94,-92],[37,-59],[26,-19],[68,10],[25,-80],[39,-18],[40,-62],[-23,-76],[0,-43],[49,7],[66,-30],[53,34],[36,8],[54,39],[69,-42],[5,-20],[58,18],[-6,-37],[42,-3],[59,-85],[-2,-37],[15,-79],[20,-42],[76,-49],[-11,-38],[-40,-32],[-49,-49],[-45,-9],[-35,-30],[-38,4],[-11,-29],[11,-58],[-112,-110]],[[62980,25610],[-131,-19],[-107,-32],[-226,-98],[-54,-2],[-96,-48],[-54,-64],[14,-21],[-7,-61],[-60,-44],[-31,-62],[34,-21],[-40,-51],[-6,-64],[-36,-16],[-32,20],[-63,-15],[-34,-21],[-55,-68],[-32,26],[-19,-22],[-38,6],[9,64],[33,11],[-17,30],[-55,29],[-38,-1],[-68,0],[12,-58],[-29,-9],[5,-69],[-60,25],[-86,-26],[-198,-94],[-137,-75],[-144,-82],[-90,-57],[-304,-189],[-109,-85],[-101,-72],[-137,-130],[2,-56],[-39,-65],[30,-83],[-41,-34],[-76,-26],[-49,-27]],[[65486,26609],[-58,3],[-76,-31],[-49,-3],[-78,-22],[2,49],[-56,28],[-39,-16],[-18,68],[-39,11],[-21,-35],[-55,-26],[-17,-54],[-64,-56],[-35,7],[-47,-52],[-39,12],[-24,-23],[-28,18],[-30,-44],[21,-62],[-32,-88],[-22,-11],[-44,14],[-56,-62],[-40,45],[-61,-35],[34,-61],[-45,-10],[-30,42],[-67,-22],[-21,-51],[24,-11],[26,-60],[-66,-17],[-15,-23],[-79,23],[7,17],[-45,15],[-49,-16],[-47,-45],[-41,-74],[-66,-25],[-37,31],[-39,-48],[-16,-37],[-8,-73],[13,-62],[13,-32],[51,-40],[-29,-35],[33,-77],[-3,-63],[-16,-39],[-60,-23],[-74,26],[-85,-59],[-68,51],[-63,78],[-145,-22],[2,33],[-123,32],[-83,1],[-29,14],[-57,-3],[-28,19],[-53,-15],[-42,27],[-75,0]],[[63941,25361],[6,21],[103,93],[7,62],[24,37],[9,78],[43,52],[84,-39],[36,3],[45,-38],[55,-74],[-23,-69],[-1,-85],[-70,1],[-28,-30],[-6,-58],[34,0],[25,-49],[52,-42],[9,-88],[-9,-40],[-28,-19],[-37,6],[-41,55],[13,33],[-43,37],[-56,7],[-73,-41],[-159,-29],[-35,13],[-37,48],[-2,73],[21,7],[47,62],[35,13]],[[64508,25485],[28,30],[70,-29],[-64,-39],[-34,38]],[[64731,26183],[24,16],[22,-33],[-53,-35],[-30,22],[37,30]],[[52176,56814],[10,-1],[874,189],[576,129],[767,172],[-8,27],[-57,106],[-30,-3],[-34,63],[13,41],[-31,102],[-29,19],[16,75],[-28,34],[-9,36],[14,47],[-18,30],[-6,63],[-27,19],[-5,38],[-36,9],[-7,31],[-42,21],[18,46],[-31,76],[31,22],[-21,27],[15,40],[40,38],[28,-36],[37,7],[8,-42],[68,-39],[-11,-33],[99,-94],[9,-28],[68,-33],[39,-35],[34,4],[25,-19],[47,-64],[66,2],[24,-45],[97,-14],[25,-22],[59,34],[26,-20],[51,24],[35,12],[48,68],[51,41],[15,38],[64,4],[64,34],[48,1],[21,-75],[52,7],[56,46],[53,-21],[53,124],[44,17],[13,-59],[34,-77],[180,-25],[46,-29],[111,25],[68,-6],[64,28],[30,45],[116,-2],[42,-19],[62,-9],[68,-66],[83,15],[55,-46],[41,54],[23,-31],[-18,-70],[48,-29],[17,-37],[70,21],[25,-79],[6,-82],[27,-57],[2,-30],[49,5],[35,-23],[15,-39],[44,-33],[1,-35],[39,-56],[13,-87],[65,-21],[26,15],[51,57],[48,159],[45,-110],[24,-29],[62,-32],[28,5],[25,-75],[73,-77],[-37,-43],[44,-54],[8,-25],[40,-26],[34,-4],[20,-30],[18,-98],[71,-29],[31,-63],[46,-41],[53,22],[39,-60],[32,-53],[19,-80],[22,-23],[-19,-65],[37,-55],[89,-19],[20,-17],[-14,-29],[33,-50],[-4,-39],[21,-21],[29,13],[23,-23],[88,-6],[22,-49],[2,-42],[33,-34],[25,-1],[56,-51],[102,-36],[23,5],[55,-41],[36,-95],[-14,-47],[31,-41],[-25,-47],[-7,-57],[-29,-59],[27,-35],[5,-47],[56,-91],[42,45],[91,40],[30,-35],[-15,-74],[-53,-36],[-40,-70],[19,-49],[38,45],[68,-6],[39,-15],[27,-30],[22,30],[55,25],[24,-34],[42,46],[37,-73],[28,-80],[45,-13],[9,-33],[36,-2],[37,47],[42,57],[81,-26],[11,-24],[39,1],[37,148],[19,178],[21,78],[31,65],[-1,33],[-30,22],[-31,45],[-44,26],[-21,61],[-38,32],[-31,-4],[-39,20],[16,79],[52,27],[24,62],[103,15],[49,39],[14,86],[32,15],[-33,59],[-2,35],[-44,97],[32,32],[7,91],[16,20],[-10,69],[-27,26],[37,52],[-5,37],[28,31],[-31,64],[-63,35],[-28,37],[9,89],[-19,64],[30,69],[-8,24],[17,61],[39,74],[18,2],[78,149],[19,94],[-30,16],[61,36],[42,97],[-15,25],[39,68],[39,9],[41,35],[8,38],[-22,99],[-36,53],[27,76],[-2,85],[-11,52],[13,24],[54,-5],[11,22],[43,16],[37,-14],[20,-37],[70,-19],[6,-25],[112,-65],[17,6],[45,-110],[28,-50],[39,-3],[46,-46],[51,-26],[32,2],[36,-52],[42,-22],[81,-3],[27,27],[111,49],[29,29],[68,15],[103,61],[164,-25],[32,-53],[62,0],[30,-15],[13,-20],[2,-58],[13,-34],[-14,-40],[17,-60],[41,-27],[75,-17],[63,-67]],[[55025,64588],[100,6],[33,-35],[4,-44],[28,-26],[23,-69],[51,-34],[11,-43],[27,-31],[25,-58],[43,-51],[4,-42],[21,-25],[12,-90],[13,-27],[-9,-69],[-36,-42],[-3,-63],[-53,-66],[38,-65],[54,-13],[-2,-35],[17,-49],[-4,-42],[31,-1],[55,23],[36,-32],[29,-9],[87,-75],[9,-38],[40,-1],[69,-59],[60,-12],[34,-72],[33,1],[169,-78],[51,31],[71,7],[148,-40],[8,-65],[54,-66],[15,-45],[-7,-50],[31,-64],[29,-15],[39,8],[4,33],[30,22],[48,-34],[9,-41],[57,-43],[10,-39],[31,12],[-2,36],[20,28],[-7,48],[47,-16],[37,-38],[64,2],[32,-19],[51,-14],[19,134],[-3,77],[54,54],[32,142],[43,32],[24,-51],[40,13],[81,-1],[100,-24],[26,-1],[36,-105],[18,-32],[110,-19],[-53,-96],[-21,-58],[-4,-65],[-39,-68],[-30,-100],[24,-39],[71,-19],[60,-80],[27,-7],[21,38],[69,2],[46,-59],[22,-80],[4,-99],[15,-41],[55,-39],[32,18],[92,24],[29,33],[29,4],[25,90],[82,-26],[79,24],[27,39],[8,61],[65,50],[40,58],[25,-31],[34,-13],[11,-44],[61,16],[58,-49],[38,26],[41,56],[121,-4],[45,-32],[10,44],[31,-3],[31,-30],[62,-7],[65,-56],[19,6],[23,64],[32,-9],[61,75],[70,-34],[66,35],[31,30],[2,39],[-26,24],[19,27],[57,-10],[44,23],[49,2],[43,42],[47,-10],[76,-43],[6,-22],[44,-30],[24,-36],[36,55],[7,29],[64,7],[27,35],[-7,30],[64,113],[-13,80],[35,161],[-14,13],[14,79],[-18,23],[27,106],[16,37],[7,73],[31,47],[31,9],[33,-21],[37,36],[39,1],[46,23],[29,-43],[22,20],[45,-10],[39,-58],[42,6],[37,-66],[12,-50]]],"transform":{"scale":[0.000446917999735553,0.00039024128852399635],"translate":[-73.99094388888889,-33.75158305555556]},"objects":{"rgint_pos_quant":{"type":"GeometryCollection","geometries":[{"arcs":[[0,1,2,3]],"type":"Polygon","properties":{"cd_rgint":"1202","nm_rgint":"Cruzeiro do Sul","cd_uf":"12","uf_sigla":"AC"}},{"arcs":[[-3,4,5,6]],"type":"Polygon","properties":{"cd_rgint":"1201","nm_rgint":"Rio Branco","cd_uf":"12","uf_sigla":"AC"}},{"arcs":[[7,8,9,10,11,12]],"type":"Polygon","properties":{"cd_rgint":"2702","nm_rgint":"Arapiraca","cd_uf":"27","uf_sigla":"AL"}},{"arcs":[[-10,13,14,15,16]],"type":"Polygon","properties":{"cd_rgint":"2701","nm_rgint":"Maceió","cd_uf":"27","uf_sigla":"AL"}},{"arcs":[[-1,17,18,19]],"type":"Polygon","properties":{"cd_rgint":"1302","nm_rgint":"Tefé","cd_uf":"13","uf_sigla":"AM"}},{"arcs":[[-19,20,21,22,23]],"type":"Polygon","properties":{"cd_rgint":"1301","nm_rgint":"Manaus","cd_uf":"13","uf_sigla":"AM"}},{"arcs":[[-2,-20,-24,24,25,26,27,-5]],"type":"Polygon","properties":{"cd_rgint":"1303","nm_rgint":"Lábrea","cd_uf":"13","uf_sigla":"AM"}},{"arcs":[[-23,28,29,-25]],"type":"Polygon","properties":{"cd_rgint":"1304","nm_rgint":"Parintins","cd_uf":"13","uf_sigla":"AM"}},{"arcs":[[30,31,32,33,34]],"type":"Polygon","properties":{"cd_rgint":"1601","nm_rgint":"Macapá","cd_uf":"16","uf_sigla":"AP"}},{"arcs":[[-32,35]],"type":"Polygon","properties":{"cd_rgint":"1602","nm_rgint":"Oiapoque - Porto Grande","cd_uf":"16","uf_sigla":"AP"}},{"arcs":[[36,37,38,39,40,41,42,43]],"type":"Polygon","properties":{"cd_rgint":"2906","nm_rgint":"Barreiras","cd_uf":"29","uf_sigla":"BA"}},{"arcs":[[-40,44,45,46,47]],"type":"Polygon","properties":{"cd_rgint":"2905","nm_rgint":"Guanambi","cd_uf":"29","uf_sigla":"BA"}},{"arcs":[[-39,48,49,50,-45]],"type":"Polygon","properties":{"cd_rgint":"2907","nm_rgint":"Irecê","cd_uf":"29","uf_sigla":"BA"}},{"arcs":[[-50,51,52,53,54,55,56]],"type":"Polygon","properties":{"cd_rgint":"2908","nm_rgint":"Juazeiro","cd_uf":"29","uf_sigla":"BA"}},{"arcs":[[-46,-51,-57,57,58,59,60]],"type":"Polygon","properties":{"cd_rgint":"2910","nm_rgint":"Feira de Santana","cd_uf":"29","uf_sigla":"BA"}},{"arcs":[[-47,-61,61,62,63,64]],"type":"Polygon","properties":{"cd_rgint":"2904","nm_rgint":"Vitória da Conquista","cd_uf":"29","uf_sigla":"BA"}},{"arcs":[[-63,65,66,67,68]],"type":"Polygon","properties":{"cd_rgint":"2903","nm_rgint":"Ilhéus – Itabuna","cd_uf":"29","uf_sigla":"BA"}},{"arcs":[[-60,69,70,-66,-62]],"type":"Polygon","properties":{"cd_rgint":"2902","nm_rgint":"Santo Antônio de Jesus","cd_uf":"29","uf_sigla":"BA"}},{"arcs":[[-13,71,72,-58,-56,73,74]],"type":"Polygon","properties":{"cd_rgint":"2909","nm_rgint":"Paulo Afonso","cd_uf":"29","uf_sigla":"BA"}},{"arcs":[[-59,-73,75,76,77,-70]],"type":"Polygon","properties":{"cd_rgint":"2901","nm_rgint":"Salvador","cd_uf":"29","uf_sigla":"BA"}},{"arcs":[[78,79,80,81]],"type":"Polygon","properties":{"cd_rgint":"2306","nm_rgint":"Sobral","cd_uf":"23","uf_sigla":"CE"}},{"arcs":[[-81,82,83,84,85,86,87,88]],"type":"Polygon","properties":{"cd_rgint":"2305","nm_rgint":"Crateús","cd_uf":"23","uf_sigla":"CE"}},{"arcs":[[-86,89,90,91,92,93,94]],"type":"Polygon","properties":{"cd_rgint":"2304","nm_rgint":"Juazeiro do Norte","cd_uf":"23","uf_sigla":"CE"}},{"arcs":[[-80,95,96,-83]],"type":"Polygon","properties":{"cd_rgint":"2301","nm_rgint":"Fortaleza","cd_uf":"23","uf_sigla":"CE"}},{"arcs":[[-85,97,98,99,-90]],"type":"Polygon","properties":{"cd_rgint":"2303","nm_rgint":"Iguatu","cd_uf":"23","uf_sigla":"CE"}},{"arcs":[[-84,-97,100,101,-98]],"type":"Polygon","properties":{"cd_rgint":"2302","nm_rgint":"Quixadá","cd_uf":"23","uf_sigla":"CE"}},{"arcs":[[102,103]],"type":"Polygon","properties":{"cd_rgint":"5301","nm_rgint":"Distrito Federal","cd_uf":"53","uf_sigla":"DF"}},{"arcs":[[104,105,106,107]],"type":"Polygon","properties":{"cd_rgint":"3204","nm_rgint":"Cachoeiro do Itapemirim","cd_uf":"32","uf_sigla":"ES"}},{"arcs":[[[-105,108,109,110,111,112]],[[113]]],"type":"MultiPolygon","properties":{"cd_rgint":"3201","nm_rgint":"Vitória","cd_uf":"32","uf_sigla":"ES"}},{"arcs":[[-111,114,115,116]],"type":"Polygon","properties":{"cd_rgint":"3203","nm_rgint":"Colatina","cd_uf":"32","uf_sigla":"ES"}},{"arcs":[[-68,117,-112,-117,118]],"type":"Polygon","properties":{"cd_rgint":"3202","nm_rgint":"São Mateus","cd_uf":"32","uf_sigla":"ES"}},{"arcs":[[119,120,121,122,123,124,125]],"type":"Polygon","properties":{"cd_rgint":"5203","nm_rgint":"Rio Verde","cd_uf":"52","uf_sigla":"GO"}},{"arcs":[[-121,126,127,128]],"type":"Polygon","properties":{"cd_rgint":"5204","nm_rgint":"São Luís de Montes Belos - Iporá","cd_uf":"52","uf_sigla":"GO"}},{"arcs":[[-128,129,130,131,132,133,134]],"type":"Polygon","properties":{"cd_rgint":"5201","nm_rgint":"Goiânia","cd_uf":"52","uf_sigla":"GO"}},{"arcs":[[-131,135,136,137]],"type":"Polygon","properties":{"cd_rgint":"5205","nm_rgint":"Porangatu - Uruaçu","cd_uf":"52","uf_sigla":"GO"}},{"arcs":[[-122,-129,-135,138]],"type":"Polygon","properties":{"cd_rgint":"5202","nm_rgint":"Itumbiara","cd_uf":"52","uf_sigla":"GO"}},{"arcs":[[-43,139,-104,140,-132,-138,141]],"type":"Polygon","properties":{"cd_rgint":"5206","nm_rgint":"Luziânia - Águas Lindas de Goiás","cd_uf":"52","uf_sigla":"GO"}},{"arcs":[[142,143,144,145,146,147,148,149]],"type":"Polygon","properties":{"cd_rgint":"2105","nm_rgint":"Imperatriz","cd_uf":"21","uf_sigla":"MA"}},{"arcs":[[[-144,150,151,152,153,154]],[[155]],[[156]],[[157]],[[158]],[[159]],[[160]]],"type":"MultiPolygon","properties":{"cd_rgint":"2102","nm_rgint":"Santa Inês - Bacabal","cd_uf":"21","uf_sigla":"MA"}},{"arcs":[[-145,-155,161,162,163]],"type":"Polygon","properties":{"cd_rgint":"2104","nm_rgint":"Presidente Dutra","cd_uf":"21","uf_sigla":"MA"}},{"arcs":[[[-153,164,165,166,167]],[[168]],[[169]],[[170]],[[171]],[[172]],[[173]],[[174]],[[175]],[[176]],[[177]],[[178]],[[179]],[[180]]],"type":"MultiPolygon","properties":{"cd_rgint":"2101","nm_rgint":"São Luís","cd_uf":"21","uf_sigla":"MA"}},{"arcs":[[-154,-168,181,-162]],"type":"Polygon","properties":{"cd_rgint":"2103","nm_rgint":"Caxias","cd_uf":"21","uf_sigla":"MA"}},{"arcs":[[-124,182,183,184,185,186,187,188]],"type":"Polygon","properties":{"cd_rgint":"3110","nm_rgint":"Uberaba","cd_uf":"31","uf_sigla":"MG"}},{"arcs":[[-123,-139,-134,189,-183]],"type":"Polygon","properties":{"cd_rgint":"3111","nm_rgint":"Uberlândia","cd_uf":"31","uf_sigla":"MG"}},{"arcs":[[-42,190,191,192,-184,-190,-133,-141,-103,-140]],"type":"Polygon","properties":{"cd_rgint":"3112","nm_rgint":"Patos de Minas","cd_uf":"31","uf_sigla":"MG"}},{"arcs":[[-186,193,194,195,196,197]],"type":"Polygon","properties":{"cd_rgint":"3108","nm_rgint":"Varginha","cd_uf":"31","uf_sigla":"MG"}},{"arcs":[[-196,198,199,200,201,202]],"type":"Polygon","properties":{"cd_rgint":"3109","nm_rgint":"Pouso Alegre","cd_uf":"31","uf_sigla":"MG"}},{"arcs":[[-185,-193,203,204,-194]],"type":"Polygon","properties":{"cd_rgint":"3113","nm_rgint":"Divinópolis","cd_uf":"31","uf_sigla":"MG"}},{"arcs":[[-41,-48,-65,205,206,-191]],"type":"Polygon","properties":{"cd_rgint":"3102","nm_rgint":"Montes Claros","cd_uf":"31","uf_sigla":"MG"}},{"arcs":[[-192,-207,207,208,209,210,211,-204]],"type":"Polygon","properties":{"cd_rgint":"3101","nm_rgint":"Belo Horizonte","cd_uf":"31","uf_sigla":"MG"}},{"arcs":[[-195,-205,-212,212,-199]],"type":"Polygon","properties":{"cd_rgint":"3107","nm_rgint":"Barbacena","cd_uf":"31","uf_sigla":"MG"}},{"arcs":[[-108,213,214,215,-200,-213,-211,216,217,-109]],"type":"Polygon","properties":{"cd_rgint":"3106","nm_rgint":"Juíz de Fora","cd_uf":"31","uf_sigla":"MG"}},{"arcs":[[-64,-69,-119,-116,218,-208,-206]],"type":"Polygon","properties":{"cd_rgint":"3103","nm_rgint":"Teófilo Otoni","cd_uf":"31","uf_sigla":"MG"}},{"arcs":[[-210,219,-217]],"type":"Polygon","properties":{"cd_rgint":"3105","nm_rgint":"Ipatinga","cd_uf":"31","uf_sigla":"MG"}},{"arcs":[[-110,-218,-220,-209,-219,-115]],"type":"Polygon","properties":{"cd_rgint":"3104","nm_rgint":"Governador Valadares","cd_uf":"31","uf_sigla":"MG"}},{"arcs":[[220,221,222,223,224,225]],"type":"Polygon","properties":{"cd_rgint":"5003","nm_rgint":"Corumbá","cd_uf":"50","uf_sigla":"MS"}},{"arcs":[[-224,226,227,228,229,230]],"type":"Polygon","properties":{"cd_rgint":"5002","nm_rgint":"Dourados","cd_uf":"50","uf_sigla":"MS"}},{"arcs":[[-125,-189,231,232,233,-227,-223,234]],"type":"Polygon","properties":{"cd_rgint":"5001","nm_rgint":"Campo Grande","cd_uf":"50","uf_sigla":"MS"}},{"arcs":[[-27,235,236,237,238,239,240,241,242,243]],"type":"Polygon","properties":{"cd_rgint":"5103","nm_rgint":"Sinop","cd_uf":"51","uf_sigla":"MT"}},{"arcs":[[-226,244,245,-242,246]],"type":"Polygon","properties":{"cd_rgint":"5102","nm_rgint":"Cáceres","cd_uf":"51","uf_sigla":"MT"}},{"arcs":[[-221,-247,-241,247]],"type":"Polygon","properties":{"cd_rgint":"5101","nm_rgint":"Cuiabá","cd_uf":"51","uf_sigla":"MT"}},{"arcs":[[-126,-235,-222,-248,-240,248]],"type":"Polygon","properties":{"cd_rgint":"5105","nm_rgint":"Rondonópolis","cd_uf":"51","uf_sigla":"MT"}},{"arcs":[[-120,-249,-239,249,250,251,-136,-130,-127]],"type":"Polygon","properties":{"cd_rgint":"5104","nm_rgint":"Barra do Garças","cd_uf":"51","uf_sigla":"MT"}},{"arcs":[[-26,-30,252,253,254,-236]],"type":"Polygon","properties":{"cd_rgint":"1505","nm_rgint":"Santarém","cd_uf":"15","uf_sigla":"PA"}},{"arcs":[[-35,255,256,257,-237,-255,258]],"type":"Polygon","properties":{"cd_rgint":"1506","nm_rgint":"Altamira","cd_uf":"15","uf_sigla":"PA"}},{"arcs":[[-238,-258,259,260,261,-250]],"type":"Polygon","properties":{"cd_rgint":"1504","nm_rgint":"Redenção","cd_uf":"15","uf_sigla":"PA"}},{"arcs":[[-34,262,263,264,-256]],"type":"Polygon","properties":{"cd_rgint":"1507","nm_rgint":"Breves","cd_uf":"15","uf_sigla":"PA"}},{"arcs":[[-150,265,-260,-257,-265,266,267]],"type":"Polygon","properties":{"cd_rgint":"1503","nm_rgint":"Marabá","cd_uf":"15","uf_sigla":"PA"}},{"arcs":[[-264,268,269,-267]],"type":"Polygon","properties":{"cd_rgint":"1501","nm_rgint":"Belém","cd_uf":"15","uf_sigla":"PA"}},{"arcs":[[[-143,-268,-270,270,-151]],[[271]],[[272]]],"type":"MultiPolygon","properties":{"cd_rgint":"1502","nm_rgint":"Castanhal","cd_uf":"15","uf_sigla":"PA"}},{"arcs":[[-91,-100,273,274]],"type":"Polygon","properties":{"cd_rgint":"2504","nm_rgint":"Sousa - Cajazeiras","cd_uf":"25","uf_sigla":"PB"}},{"arcs":[[-92,-275,275,276,277,278]],"type":"Polygon","properties":{"cd_rgint":"2503","nm_rgint":"Patos","cd_uf":"25","uf_sigla":"PB"}},{"arcs":[[-278,279,280,281,282,283,284]],"type":"Polygon","properties":{"cd_rgint":"2502","nm_rgint":"Campina Grande","cd_uf":"25","uf_sigla":"PB"}},{"arcs":[[[-282,285,286,287]],[[288]]],"type":"MultiPolygon","properties":{"cd_rgint":"2501","nm_rgint":"João Pessoa","cd_uf":"25","uf_sigla":"PB"}},{"arcs":[[-55,289,-94,290,-74]],"type":"Polygon","properties":{"cd_rgint":"2604","nm_rgint":"Petrolina","cd_uf":"26","uf_sigla":"PE"}},{"arcs":[[-8,-75,-291,-93,-279,-285,291]],"type":"Polygon","properties":{"cd_rgint":"2603","nm_rgint":"Serra Talhada","cd_uf":"26","uf_sigla":"PE"}},{"arcs":[[-9,-292,-284,292,-14]],"type":"Polygon","properties":{"cd_rgint":"2602","nm_rgint":"Caruaru","cd_uf":"26","uf_sigla":"PE"}},{"arcs":[[[-15,-293,-283,-288,293]],[[294]]],"type":"MultiPolygon","properties":{"cd_rgint":"2601","nm_rgint":"Recife","cd_uf":"26","uf_sigla":"PE"}},{"arcs":[[-38,295,-147,296,297,-52,-49]],"type":"Polygon","properties":{"cd_rgint":"2205","nm_rgint":"Corrente - Bom Jesus","cd_uf":"22","uf_sigla":"PI"}},{"arcs":[[-146,-164,298,299,300,-297]],"type":"Polygon","properties":{"cd_rgint":"2206","nm_rgint":"Floriano","cd_uf":"22","uf_sigla":"PI"}},{"arcs":[[-53,-298,-301,301]],"type":"Polygon","properties":{"cd_rgint":"2204","nm_rgint":"São Raimundo Nonato","cd_uf":"22","uf_sigla":"PI"}},{"arcs":[[-88,302,-299,-163,-182,-167,303]],"type":"Polygon","properties":{"cd_rgint":"2201","nm_rgint":"Teresina","cd_uf":"22","uf_sigla":"PI"}},{"arcs":[[-82,-89,-304,-166,304]],"type":"Polygon","properties":{"cd_rgint":"2202","nm_rgint":"Parnaíba","cd_uf":"22","uf_sigla":"PI"}},{"arcs":[[-54,-302,-300,-303,-87,-95,-290]],"type":"Polygon","properties":{"cd_rgint":"2203","nm_rgint":"Picos","cd_uf":"22","uf_sigla":"PI"}},{"arcs":[[-230,305,306,307,308,309]],"type":"Polygon","properties":{"cd_rgint":"4103","nm_rgint":"Cascavel","cd_uf":"41","uf_sigla":"PR"}},{"arcs":[[-229,310,311,312,-306]],"type":"Polygon","properties":{"cd_rgint":"4104","nm_rgint":"Maringá","cd_uf":"41","uf_sigla":"PR"}},{"arcs":[[-307,-313,313,314,315]],"type":"Polygon","properties":{"cd_rgint":"4102","nm_rgint":"Guarapuava","cd_uf":"41","uf_sigla":"PR"}},{"arcs":[[-312,316,317,318,319,-314]],"type":"Polygon","properties":{"cd_rgint":"4105","nm_rgint":"Londrina","cd_uf":"41","uf_sigla":"PR"}},{"arcs":[[-308,-316,320,321,322,323,324,325]],"type":"Polygon","properties":{"cd_rgint":"4101","nm_rgint":"Curitiba","cd_uf":"41","uf_sigla":"PR"}},{"arcs":[[-315,-320,326,-321]],"type":"Polygon","properties":{"cd_rgint":"4106","nm_rgint":"Ponta Grossa","cd_uf":"41","uf_sigla":"PR"}},{"arcs":[[[327,328,329,330,331]],[[332]],[[333]],[[334]]],"type":"MultiPolygon","properties":{"cd_rgint":"3301","nm_rgint":"Rio de Janeiro","cd_uf":"33","uf_sigla":"RJ"}},{"arcs":[[-201,-216,335,-329,336]],"type":"Polygon","properties":{"cd_rgint":"3302","nm_rgint":"Volta Redonda - Barra Mansa","cd_uf":"33","uf_sigla":"RJ"}},{"arcs":[[-215,337,338,-330,-336]],"type":"Polygon","properties":{"cd_rgint":"3303","nm_rgint":"Petrópolis","cd_uf":"33","uf_sigla":"RJ"}},{"arcs":[[-331,-339,339,340]],"type":"Polygon","properties":{"cd_rgint":"3305","nm_rgint":"Macaé - Rio das Ostras - Cabo Frio","cd_uf":"33","uf_sigla":"RJ"}},{"arcs":[[-107,341,-340,-338,-214]],"type":"Polygon","properties":{"cd_rgint":"3304","nm_rgint":"Campos dos Goytacazes","cd_uf":"33","uf_sigla":"RJ"}},{"arcs":[[-99,-102,342,343,344,-276,-274]],"type":"Polygon","properties":{"cd_rgint":"2403","nm_rgint":"Mossoró","cd_uf":"24","uf_sigla":"RN"}},{"arcs":[[-277,-345,345,-280]],"type":"Polygon","properties":{"cd_rgint":"2402","nm_rgint":"Caicó","cd_uf":"24","uf_sigla":"RN"}},{"arcs":[[-281,-346,-344,346,-286]],"type":"Polygon","properties":{"cd_rgint":"2401","nm_rgint":"Natal","cd_uf":"24","uf_sigla":"RN"}},{"arcs":[[-6,-28,-244,347,348]],"type":"Polygon","properties":{"cd_rgint":"1101","nm_rgint":"Porto Velho","cd_uf":"11","uf_sigla":"RO"}},{"arcs":[[-243,-246,349,-348]],"type":"Polygon","properties":{"cd_rgint":"1102","nm_rgint":"Ji-Paraná","cd_uf":"11","uf_sigla":"RO"}},{"arcs":[[350,351]],"type":"Polygon","properties":{"cd_rgint":"1401","nm_rgint":"Boa Vista","cd_uf":"14","uf_sigla":"RR"}},{"arcs":[[-22,352,-351,353,-253,-29]],"type":"Polygon","properties":{"cd_rgint":"1402","nm_rgint":"Rorainópolis - Caracaraí","cd_uf":"14","uf_sigla":"RR"}},{"arcs":[[354,355,356,357]],"type":"Polygon","properties":{"cd_rgint":"4304","nm_rgint":"Uruguaiana","cd_uf":"43","uf_sigla":"RS"}},{"arcs":[[-355,358,359,360,361]],"type":"Polygon","properties":{"cd_rgint":"4305","nm_rgint":"Ijuí","cd_uf":"43","uf_sigla":"RS"}},{"arcs":[[-356,-362,362,363,364]],"type":"Polygon","properties":{"cd_rgint":"4303","nm_rgint":"Santa Maria","cd_uf":"43","uf_sigla":"RS"}},{"arcs":[[[-357,-365,365,366,367]],[[368,369]]],"type":"MultiPolygon","properties":{"cd_rgint":"4302","nm_rgint":"Pelotas","cd_uf":"43","uf_sigla":"RS"}},{"arcs":[[-361,370,371,372,-363]],"type":"Polygon","properties":{"cd_rgint":"4306","nm_rgint":"Passo Fundo","cd_uf":"43","uf_sigla":"RS"}},{"arcs":[[-364,-373,373,374,-366]],"type":"Polygon","properties":{"cd_rgint":"4308","nm_rgint":"Santa Cruz do Sul - Lajeado","cd_uf":"43","uf_sigla":"RS"}},{"arcs":[[-367,-375,375,376,377,-369,378]],"type":"Polygon","properties":{"cd_rgint":"4301","nm_rgint":"Porto Alegre","cd_uf":"43","uf_sigla":"RS"}},{"arcs":[[-372,379,380,381,-376,-374]],"type":"Polygon","properties":{"cd_rgint":"4307","nm_rgint":"Caxias do Sul","cd_uf":"43","uf_sigla":"RS"}},{"arcs":[[-309,-326,382,383,-380,-371,-360,384]],"type":"Polygon","properties":{"cd_rgint":"4204","nm_rgint":"Chapecó","cd_uf":"42","uf_sigla":"SC"}},{"arcs":[[-325,385,386,-383]],"type":"Polygon","properties":{"cd_rgint":"4205","nm_rgint":"Caçador","cd_uf":"42","uf_sigla":"SC"}},{"arcs":[[-381,-384,-387,387,388,389,390]],"type":"Polygon","properties":{"cd_rgint":"4203","nm_rgint":"Lages","cd_uf":"42","uf_sigla":"SC"}},{"arcs":[[-324,391,392,-388,-386]],"type":"Polygon","properties":{"cd_rgint":"4206","nm_rgint":"Joinville","cd_uf":"42","uf_sigla":"SC"}},{"arcs":[[-389,-393,393,394]],"type":"Polygon","properties":{"cd_rgint":"4207","nm_rgint":"Blumenau","cd_uf":"42","uf_sigla":"SC"}},{"arcs":[[-377,-382,-391,395,396]],"type":"Polygon","properties":{"cd_rgint":"4202","nm_rgint":"Criciúma","cd_uf":"42","uf_sigla":"SC"}},{"arcs":[[[-390,-395,397,-396]],[[398]]],"type":"MultiPolygon","properties":{"cd_rgint":"4201","nm_rgint":"Florianópolis","cd_uf":"42","uf_sigla":"SC"}},{"arcs":[[-12,399,-76,-72]],"type":"Polygon","properties":{"cd_rgint":"2802","nm_rgint":"Itabaiana","cd_uf":"28","uf_sigla":"SE"}},{"arcs":[[-11,-17,400,-77,-400]],"type":"Polygon","properties":{"cd_rgint":"2801","nm_rgint":"Aracaju","cd_uf":"28","uf_sigla":"SE"}},{"arcs":[[-228,-234,401,402,-317,-311]],"type":"Polygon","properties":{"cd_rgint":"3505","nm_rgint":"Presidente Prudente","cd_uf":"35","uf_sigla":"SP"}},{"arcs":[[-233,403,404,405,-402]],"type":"Polygon","properties":{"cd_rgint":"3506","nm_rgint":"Araçatuba","cd_uf":"35","uf_sigla":"SP"}},{"arcs":[[-188,406,407,408,-404,-232]],"type":"Polygon","properties":{"cd_rgint":"3507","nm_rgint":"São José do Rio Preto","cd_uf":"35","uf_sigla":"SP"}},{"arcs":[[-318,-403,-406,409,410]],"type":"Polygon","properties":{"cd_rgint":"3504","nm_rgint":"Marília","cd_uf":"35","uf_sigla":"SP"}},{"arcs":[[-405,-409,411,412,413,-410]],"type":"Polygon","properties":{"cd_rgint":"3503","nm_rgint":"Bauru","cd_uf":"35","uf_sigla":"SP"}},{"arcs":[[-319,-411,-414,414,415,416,-322,-327]],"type":"Polygon","properties":{"cd_rgint":"3502","nm_rgint":"Sorocaba","cd_uf":"35","uf_sigla":"SP"}},{"arcs":[[-408,417,418,-412]],"type":"Polygon","properties":{"cd_rgint":"3509","nm_rgint":"Araraquara","cd_uf":"35","uf_sigla":"SP"}},{"arcs":[[-187,-198,419,-418,-407]],"type":"Polygon","properties":{"cd_rgint":"3508","nm_rgint":"Ribeirão Preto","cd_uf":"35","uf_sigla":"SP"}},{"arcs":[[-197,-203,420,421,-415,-413,-419,-420]],"type":"Polygon","properties":{"cd_rgint":"3510","nm_rgint":"Campinas","cd_uf":"35","uf_sigla":"SP"}},{"arcs":[[-416,-422,422,423]],"type":"Polygon","properties":{"cd_rgint":"3501","nm_rgint":"São Paulo","cd_uf":"35","uf_sigla":"SP"}},{"arcs":[[[-202,-337,-328,424,-423,-421]],[[425]],[[426]],[[427]]],"type":"MultiPolygon","properties":{"cd_rgint":"3511","nm_rgint":"São José dos Campos","cd_uf":"35","uf_sigla":"SP"}},{"arcs":[[-44,-142,-137,-252,428]],"type":"Polygon","properties":{"cd_rgint":"1703","nm_rgint":"Gurupi","cd_uf":"17","uf_sigla":"TO"}},{"arcs":[[-37,-429,-251,-262,429,-148,-296]],"type":"Polygon","properties":{"cd_rgint":"1701","nm_rgint":"Palmas","cd_uf":"17","uf_sigla":"TO"}},{"arcs":[[-149,-430,-261,-266]],"type":"Polygon","properties":{"cd_rgint":"1702","nm_rgint":"Araguaína","cd_uf":"17","uf_sigla":"TO"}}]}}}