{"type":"Topology","arcs":[[[425,68266],[135,-82],[199,-101],[814,-411],[479,-242],[462,-234],[474,-247],[1047,-239],[37,-13],[289,-103],[93,-30],[272,-71],[690,-180],[133,-35],[606,-161],[521,-136],[660,-162],[309,-75],[459,-114],[600,-368],[763,-467],[465,-287],[263,-162],[576,-324],[422,-252],[458,-273],[214,-118],[394,-193],[736,-360],[443,-214],[359,-173],[691,-333],[422,-202],[168,-88],[265,-124],[63,-30],[3,4],[668,-326]],[[16077,61340],[417,-204]],[[16494,61136],[-32,-44],[-17,-94],[-23,29],[-68,-76],[-93,-45],[-35,-30],[-52,-10],[-19,-47],[-43,-11],[-26,-54],[-54,-45],[-22,-5],[-20,-59],[-56,12],[-7,-51],[-36,-7],[-18,-38],[-30,-58],[-30,-6],[-46,-37],[-15,-72],[-21,7],[-46,-33],[-37,-41],[5,-45],[-46,-73],[-32,1],[-40,-20],[1,-26],[-86,-39],[-27,21],[-36,-26],[-49,-13],[8,-34],[-23,-34],[-46,-14],[-35,-26],[-35,38],[-54,2],[-37,18],[-38,-29],[-75,22],[-35,-10],[-29,12],[-28,-39],[26,-32],[-3,-50],[13,-25],[-38,-18],[-35,17],[-76,-17],[-66,24],[-28,-36],[14,-35],[0,-66],[-32,-3],[-16,-45],[-37,-32],[-30,-4],[-59,-34],[-51,-13],[-10,-32],[-43,8],[-94,-39],[-18,-18],[-43,-90],[-12,-47],[-48,-40],[-15,-49],[-41,-45],[-40,28],[-70,-264],[-61,-10],[-46,42],[-13,28],[-78,26],[-42,23],[-24,34],[-72,13],[-13,16],[-99,-2],[-18,-23],[-57,-14],[-47,13],[-31,-30],[-59,35],[-66,-20],[-2,-24],[-67,-28],[-95,-102],[1,-61],[19,-20],[-23,-40],[-3,-40],[-86,-98],[-58,-53],[-14,-34],[-39,-19],[-28,-115],[-35,-19],[-29,-114],[-91,-85],[-66,-8],[-41,-44],[-48,15],[-84,-37],[-9,-62],[-41,-25],[-19,32],[-36,21],[-29,-37],[-95,-12],[-29,-28],[-42,-68],[-51,-29],[-2,-28],[-388,-89],[11,40],[-25,39],[3,27],[-31,26],[-24,-5],[-44,75],[3,53],[32,64],[-22,49],[-24,-17],[-38,4],[-36,27],[-29,-26],[-31,-2],[-31,35],[-58,-57],[-59,22],[-35,-39],[-21,19],[-47,8],[-41,47],[-29,10],[-24,-51],[-60,9],[1,26],[-34,31],[-59,18],[-18,-21],[-31,45],[-56,-32],[-57,32],[-54,-11],[-120,57],[-22,-18],[-44,41],[-18,-28],[-27,30],[-72,-10],[-10,-18],[-151,33],[-66,-12],[-46,32],[-37,7],[-16,-27],[-45,3],[-9,-35],[-50,-7],[-44,8],[-47,35],[-49,0],[-9,-41],[-96,31],[-32,-5],[-79,-40],[-53,13],[-94,-34],[-25,-23],[-24,25],[-42,-14],[-14,42],[-118,71],[-68,-20],[-34,23],[-59,-10],[-61,22],[-77,-5],[-119,-82],[-14,8],[-76,-67],[-46,-5],[-50,-34],[-26,21],[-35,-35],[-42,-19],[-56,-63],[-69,-31],[-39,-7],[-22,-23],[-69,3],[-24,16],[-68,-35],[-89,-26],[-140,24],[-25,34],[-47,0],[-70,51],[-27,68],[-53,44],[-29,50],[-64,41],[-35,35],[-203,-167],[-4,737],[-6,547],[2,347],[1,734],[8,296],[-2,358],[22,45],[47,3],[13,51],[21,15],[36,-27],[55,71],[-7,34],[24,60],[-31,108],[-22,32],[-29,3],[-45,75],[-29,89],[16,9],[10,75],[-35,32],[38,18],[50,-57],[10,41],[-15,49],[49,6],[25,89],[37,26],[-18,86],[62,46],[4,35],[-38,7],[-36,-24],[-69,5],[-61,-32],[-26,0],[-10,-40],[-68,-52],[-18,-44],[-47,-58],[-12,2],[-63,-51],[-47,-18],[-33,-58],[-32,26],[-27,-24],[-1,-81],[-70,-37],[-6,-37],[-33,-38],[-58,-7],[-83,-47],[-47,-66],[-31,-61],[-51,-72],[-59,-2],[-50,-42],[-48,-151],[-83,7],[-36,-5],[-63,-27],[-22,-31],[-48,-35],[-83,-27],[-41,-33],[-20,-32],[-22,-76],[-28,-53],[-26,-23],[-11,-49],[-38,-8],[-57,15],[-14,-37],[-26,0],[-83,-36],[-22,2],[-47,50],[-56,-34],[-25,-39],[-630,0],[-745,3],[-467,-2],[8,37],[34,16],[21,30],[-10,63],[-37,24],[14,46],[29,22],[40,70],[-37,48],[1,49],[-16,52],[65,58],[-61,44],[-87,20],[-28,31],[-36,-10],[-19,31],[-43,23],[20,48],[-5,33],[29,59],[14,85],[-30,36],[14,67],[-33,3],[-47,38],[3,88],[10,63],[-37,20],[-31,-25],[-39,27],[-28,-29],[-26,12],[-38,55],[0,35],[-54,40],[-26,-13],[-72,43],[-155,-20],[-18,15],[-59,-14],[-38,27],[-63,26],[-34,-3],[-37,26],[-52,6],[-28,23],[-77,-12],[-48,38],[-29,-16],[-36,25],[-22,52],[-431,-2],[-593,-2],[-2,23],[36,31],[2,65],[28,24],[56,22],[55,87],[62,19],[-26,67],[34,29],[45,81],[38,26],[43,-26],[77,56],[23,59],[-42,20],[27,49],[68,32],[47,62],[20,81],[-9,36],[14,60],[-12,73],[-20,33],[32,65],[-13,23],[-44,13],[-19,69],[-32,79],[-71,20],[-1,52],[-26,-59],[-26,34],[-40,124],[-60,93],[-4,74],[-35,48],[-18,106],[-21,46],[-56,69],[-27,-11],[-44,24],[-37,-21],[-55,23],[-65,63],[1,52],[-46,48],[-35,-13],[-9,60],[20,91],[-24,133],[-27,94],[-53,-12],[-82,33],[-48,-16],[-34,57],[-11,73],[-33,31],[-23,-7],[-112,46],[-15,37],[-35,-4],[-73,86],[16,78],[-23,51],[8,64],[-53,89],[-26,14],[-17,53],[-32,10],[16,48],[1,57],[-12,56],[20,33],[-26,82],[-29,28],[-20,44],[-35,30],[18,47],[-8,46],[-50,48],[-50,-14],[-17,15],[-21,79],[-20,29],[-44,1],[-25,-24],[-42,49],[-8,68],[-44,48],[39,39],[-29,49],[22,31],[32,-37],[65,-7],[30,17],[35,63],[-7,61],[11,79],[-11,45],[-59,42],[-60,56],[-91,26],[-63,3],[-28,13],[-56,110],[-35,-5],[-51,54],[-3,50],[-50,29],[-75,67],[-59,80],[-33,3],[-16,77],[96,25],[33,82],[8,43],[22,31],[-18,35],[-9,74],[-29,44],[-51,117],[31,37],[22,-40],[32,20],[44,-62],[75,-4],[36,26],[17,56],[79,31],[54,-18],[52,27],[51,-31],[66,40],[39,62],[1,28],[-36,66],[6,79],[-25,39],[-46,28],[-24,31],[-5,63],[-39,44],[-6,28],[-37,39],[-14,49]],[[80001,62582],[77,85],[52,14],[49,70],[3,29],[0,26],[28,62],[64,51],[52,66],[58,-4],[21,17],[61,8],[42,22],[70,19],[19,62],[37,38],[7,31],[31,44],[68,74],[1,21],[42,21],[78,89],[31,56],[29,117],[8,84],[12,34],[36,5],[56,57],[33,16],[59,-81],[27,-64],[45,-65],[2,-26],[40,-52],[-21,-37],[17,-40],[56,27],[-1,-43],[39,-35],[64,22],[2,53],[30,34],[39,15],[47,-10],[48,40],[25,-12],[13,-5],[54,-8],[29,-19],[-15,-64],[55,-69],[52,2],[39,-15],[22,-29],[40,-21],[150,-78],[36,-25],[15,-39],[32,-34],[32,-72],[45,-29],[34,-48],[1,-29],[26,-37],[1,-91],[50,49],[31,14],[88,-60],[-23,-68],[11,-26],[77,40],[30,49],[58,-14],[52,-53],[23,-38],[-11,-40],[10,-51],[5,26],[17,-19],[52,-3],[47,-94],[59,-23],[42,-44],[48,3],[14,19],[-13,52],[32,26],[-10,32],[29,80],[35,38],[41,12],[27,20],[47,-23],[15,-27],[96,-12],[83,55],[148,-10],[98,-103],[56,-42],[49,-23],[82,24],[-18,56],[6,44],[153,55],[7,21],[29,58],[55,2],[17,31],[52,39],[17,-36],[35,11],[13,-4],[29,-4],[31,21],[23,-15],[85,56],[14,39],[75,31],[31,19],[48,-39],[62,36],[-32,18],[-7,33],[-33,18],[-22,97],[58,8],[41,33],[2,34],[42,16],[8,46],[45,20],[86,4],[30,15],[36,41],[16,48],[-54,56],[13,63],[71,16],[60,79],[69,18],[62,-12],[99,49],[24,4],[59,20],[29,60],[54,-5],[52,13],[42,-37],[44,7],[5,32],[34,-8],[29,33],[43,-41],[-18,-47],[24,-62],[55,-28],[56,19],[52,8],[65,25],[43,37],[44,3],[41,43],[19,-2],[51,48],[20,10],[23,28],[51,26],[18,-14],[33,26],[50,-30],[56,32],[25,-57],[22,-10],[91,11],[32,-31],[98,-28],[141,-40],[17,4],[61,-32],[42,10],[56,-21],[25,11],[60,-8],[36,-32],[5,-27]],[[86903,63649],[-36,-60],[-30,-106],[-75,-74],[-52,-107],[-3,-40],[-32,-55],[-35,-94],[-28,-14],[-5,-57],[-22,-14],[0,-36],[-26,-60],[-29,-13],[-22,-57],[-30,-27],[-25,-62],[-46,-58],[-28,-21],[-22,-43],[-84,-55],[-14,-37],[-52,-23],[-48,-59],[-19,-40],[-9,-75],[-35,-63],[-27,-7],[-8,-30],[-55,-51],[-11,-33],[-46,-37],[-29,-73],[-29,-3],[-26,-43],[-40,-15],[-35,-34],[-34,-60],[-48,-59],[-23,-54],[3,-77],[-29,-1],[-22,-31],[-28,17],[-55,-18],[-87,-90],[-41,-49],[-55,-95],[-39,-48],[-78,-133],[-29,-77],[-73,-75],[-60,-108],[-28,-63],[-66,-97],[-61,-120],[-33,-64],[-29,-25],[-55,-14],[-41,-57],[-26,-54],[-46,-61],[-36,3],[-48,-43],[-33,-61],[-61,-43],[-56,-75],[-75,-81],[-44,-65],[-24,-66],[1,-42],[19,-29],[-60,-67],[-34,-61],[-78,-163],[-33,-82],[-19,-2]],[[84126,59583],[-82,192],[-63,48],[-64,-42],[-6,-3],[-45,-22],[-66,25],[-11,-18],[-45,32],[6,86],[-13,29],[4,114],[-52,67],[-5,38],[-34,23],[-55,62],[-30,4],[-30,-33],[-55,-24],[-47,11],[-38,14],[-36,33],[-37,8],[-7,44],[-50,18],[-80,15],[-48,38],[-17,28],[-9,43],[-3,35],[-35,10],[-38,36],[-66,17],[-20,18],[-19,54],[-34,44],[-19,46],[-5,11],[-11,51],[6,64],[-17,72],[-69,57],[-96,-35],[-42,17],[-170,176],[-46,33],[-96,7],[-68,-3],[-30,16],[-38,84],[-64,75],[-26,9],[-54,18],[-75,80],[-91,27],[-54,42],[-106,33],[-75,5],[-160,22],[-111,77],[-76,59],[-11,22],[-23,53],[-30,28],[-62,37],[-69,14],[-81,-33],[-69,81],[-19,36],[-30,-5],[-24,40],[-98,75],[-18,27],[-63,-21],[-76,35],[-74,17],[-31,32]],[[80525,62108],[12,40],[-29,53],[-25,22],[-47,4],[-58,31],[-22,40],[-77,12],[-11,-16],[-53,12],[-27,-15],[-61,45],[-53,19],[24,62],[-35,92],[-62,73]],[[425,68266],[61,68],[62,88],[44,73],[-26,59],[-10,87],[-26,60],[29,83],[45,53],[22,67],[10,59],[38,14],[20,42],[33,29],[40,73],[13,41],[61,53],[70,43],[55,9],[21,37],[76,75],[129,30],[49,37],[54,23],[72,19],[3,45],[55,57],[137,6],[29,19],[75,3],[38,35],[38,-19],[28,34],[5,52],[35,11],[-4,32],[69,19],[34,57],[-8,17],[22,59],[32,47],[-11,46],[31,56],[-18,39],[-37,19],[-27,80],[-12,88],[-23,10],[-10,112],[-44,44],[-28,45],[-48,46],[5,47],[-8,63],[-66,86],[-2,103],[35,49],[8,31],[-13,106],[44,32],[17,38],[48,15],[-12,38],[28,55],[-14,62],[14,40],[30,35],[-4,43],[43,75],[81,25],[-5,64],[52,18],[66,83],[48,103],[49,24],[-2,20],[42,27],[-2,33],[26,12],[13,106],[55,20],[-12,64],[-16,14],[18,79],[34,23],[-17,35],[11,78],[-15,43],[-7,65],[12,16],[3,68],[32,61],[15,58],[35,73],[30,39],[-6,23],[24,75],[64,96],[13,67],[-16,52],[18,34],[-12,102],[-36,85],[44,28],[20,32],[29,-17],[61,29],[3,74],[36,-14],[36,7],[19,35],[31,2],[15,39],[32,-22],[11,70],[60,29],[34,-30],[31,25],[58,-23],[93,68],[10,107],[83,36],[49,59],[44,1],[13,54],[36,-13],[65,32],[42,10],[-24,57],[31,20],[32,-36],[47,30],[16,33],[60,33],[5,105],[16,9],[11,52],[53,3],[53,24],[8,49],[46,4],[50,-20],[13,-31],[39,78],[16,-39],[69,33],[23,43],[30,-28],[18,46],[97,78],[32,-25],[60,54],[40,76],[44,49],[39,5],[17,37],[-4,36],[75,-47],[12,40],[36,1],[17,45],[70,8],[20,71],[30,37],[-9,45],[55,3],[38,26],[6,45],[33,-27],[26,35],[125,57],[53,9],[10,-45],[25,3],[45,47],[59,-69],[24,-2],[32,28],[42,-19],[38,3],[61,44],[6,-40],[-22,-32],[43,-36],[37,5],[64,62],[34,67],[28,-8],[10,43],[35,-3],[43,-47],[18,21],[-28,34],[20,41],[85,26],[23,-32],[28,1],[15,-39],[29,1],[34,72],[31,26],[42,-20],[51,4],[61,-26],[-9,58],[30,10],[27,-50],[28,-14],[43,36],[-11,81],[6,28],[39,-13],[50,9],[27,20],[33,-23],[-15,-29],[17,-66],[28,29],[9,57],[54,-7],[15,31],[36,-9],[45,-61],[19,23],[-4,44],[24,18],[46,-6],[1,-43],[46,25],[35,-37],[28,10],[15,32],[63,1],[16,38],[88,-26],[27,41],[49,25],[15,53],[20,22],[44,5],[1,77],[67,36],[-43,72],[81,1],[28,46],[-22,34],[10,41],[28,16],[11,34],[37,-7],[35,50],[38,17],[65,-63],[65,-10],[44,-29],[35,136],[27,50],[49,1],[12,-42],[-28,-59],[0,-34],[31,-34],[45,13],[56,37],[32,11],[43,48],[-7,33],[64,-14],[25,-53],[-27,-70],[41,-16],[18,79],[17,11],[32,-40],[28,38],[52,10],[-20,43],[16,20],[45,-16],[97,-4],[21,-49],[34,-50],[42,6],[2,56],[74,-25],[14,-26],[-6,-62],[23,-85],[-63,-43],[-7,-23],[59,-59],[7,-33],[69,45],[-3,-47],[-35,-13],[38,-44],[105,-25],[7,-84],[42,-12],[19,47],[58,30],[0,25],[-35,28],[22,78],[50,-9],[16,-15],[56,45],[14,-52],[36,12],[5,-85],[65,-25],[14,-45],[25,-7],[48,47],[68,24],[38,68],[20,88],[8,101],[36,27],[92,553],[126,805],[28,170],[185,1164],[119,754],[170,1106],[216,1385],[142,944],[-9,97],[50,91],[-4,104],[18,79],[65,40],[0,43],[-21,52],[1,104],[-5,29],[-44,102],[1,45],[36,97],[2,74],[33,34],[-5,78],[-54,78],[-8,27],[9,61],[-42,33],[48,92],[-43,15],[-20,-9],[-32,36],[1,43],[-47,43],[-39,21],[-13,24],[-43,28],[9,92],[-34,62],[-22,3],[-57,48],[32,49],[-33,56],[-85,79],[5,22],[-28,76],[23,21],[30,62],[30,39],[26,89],[1,61],[-34,8],[-14,42],[-23,16],[26,83],[-29,59],[-19,11],[8,69],[-49,39],[-26,39],[-93,36],[-29,26],[-41,10],[-48,37],[-51,76],[-30,27],[-108,50],[-48,90],[-38,-7],[-48,10],[-20,-12],[-69,45],[-31,65],[-60,55],[-74,128],[-52,43],[-83,80],[-2,73],[21,32],[16,56],[-5,48],[-5,230],[-1,215],[2,459],[5,798],[38,-2],[8,-37],[42,-7],[28,51],[45,26],[12,-25],[53,-18],[38,28],[24,52],[43,-6],[18,-21],[60,13],[65,26],[41,-19],[9,-27],[52,60],[49,25],[31,43],[22,-19],[34,6],[16,67],[41,25],[45,45],[71,-25],[30,-62],[62,-19],[27,25],[8,52],[55,34],[0,30],[73,-1],[-2,42],[34,34],[21,-3],[28,40],[36,20],[43,-17],[7,-34],[49,-15],[1,-40],[60,-50],[2,-35],[90,-86],[22,-40],[39,40],[68,25],[22,31],[35,-76],[-28,-42],[50,-1],[23,14],[60,-15],[59,18],[43,107],[28,12],[106,-25],[41,9],[-66,135],[-80,56],[-15,64],[32,35],[46,6],[16,45],[-14,69],[-33,48],[0,60],[53,1],[15,64],[-81,65],[-29,0],[-13,77],[61,34],[-23,35],[-73,32],[-32,33],[38,37],[-21,53],[-117,113],[-55,-5],[-71,86],[-61,-6],[-28,-14],[-41,19],[-14,-33],[-68,-77],[-43,13],[-4,59],[-125,19],[-63,-22],[-101,3],[-47,20],[-43,43],[-54,-26],[-41,1],[-50,-20],[-29,-29],[-55,36],[6,56],[-9,37],[-45,-28],[-54,8],[-67,-45],[-39,-71],[-63,-4],[-32,34],[-1,535],[-1,527],[6,566],[36,-11],[11,-29],[60,13],[58,36],[38,38],[92,27],[23,-15],[39,9],[3,-29],[54,2],[122,71],[80,33],[34,37],[109,-50],[37,-26],[66,-7],[14,13],[56,-19],[93,-70],[461,10],[398,-4],[679,0],[1209,-1],[-6,47],[-44,10],[22,43],[-41,36],[-33,4],[-40,-33],[-36,-2],[-19,57],[25,90],[-74,-7],[7,86],[23,46],[23,123],[77,89],[22,-1],[36,46],[37,15],[17,-18],[40,18],[41,-49],[18,-55],[26,-20],[34,-90],[50,-9],[49,5],[42,-37],[46,-64],[68,-71],[70,-5],[26,11],[18,44],[36,36],[-14,81],[68,13],[51,44],[54,65],[8,30],[31,25],[87,165],[23,21],[43,2],[118,-43],[59,-9],[114,10],[28,30],[47,128],[63,53],[16,91],[65,73],[47,23],[118,74],[21,65],[17,21],[47,13],[47,-7],[55,-35],[47,-64],[7,-48],[8,-227],[16,-51],[8,-124],[21,-73],[37,-191],[30,-98],[20,-32],[76,-45],[34,6],[122,-9],[38,-21],[39,-57],[35,-71],[19,-81],[41,-89],[-9,-68],[4,-63],[30,-61],[10,-50],[8,-241],[-1,-114],[12,-69],[2,-77],[-18,-106],[-19,-196],[-2,-95],[8,-82],[-3,-62],[10,-73],[-11,-93],[517,162],[576,-590],[629,-627],[236,65],[55,-5],[13,-29],[70,-58],[67,19],[15,29],[58,-11],[28,24],[-5,27],[19,67],[31,-8],[40,26],[47,-31],[54,18],[48,-3],[44,78],[13,42],[28,25],[-7,50],[25,24],[38,-6],[60,32],[18,53],[25,22],[69,24],[34,31],[51,5],[13,20],[46,5],[14,44],[23,3],[25,44],[61,-5],[38,17],[19,-34],[76,54],[62,-59],[-5,52],[38,13],[8,-25],[48,11],[29,-61],[32,-23],[36,-1],[13,-71],[62,-83],[-8,-78],[19,-84],[-46,-71],[-55,-128],[-17,8],[-39,-34],[-5,-51],[-34,-59],[33,-26],[28,-92],[23,-44],[29,-25],[23,50],[67,10],[12,16],[95,18],[65,58],[5,62],[53,46],[-6,81],[8,23],[-36,64],[33,15],[15,58],[32,13],[8,40],[48,21],[-10,30],[30,22],[31,98],[17,-9],[42,36],[87,-21],[52,-33],[72,20],[26,-46],[33,30],[39,72],[2,49],[37,101],[-44,5],[29,116],[6,154],[65,48],[7,29],[36,26],[34,-27],[37,19],[24,-41],[-12,-47],[98,-11],[35,36],[34,55],[47,58],[22,42],[-20,71],[40,37],[18,-41],[39,-3],[44,70],[35,16],[10,-41],[39,23],[36,58],[-20,15],[82,66],[33,49],[16,-10],[32,-63],[-10,-42],[29,-29],[37,-70],[39,-14],[54,34],[18,32],[28,103],[38,-19],[55,19],[57,74],[52,40],[46,4],[33,43],[-15,55],[20,20],[46,86],[51,23],[-2,24],[69,19],[54,65],[51,31],[34,-22],[53,69],[39,72],[103,-22],[6,-41],[-19,-47],[-37,-33],[-2,-37],[-37,-69],[-20,-89],[51,-21],[40,9],[37,-15],[30,27],[10,41],[-2,65],[53,82],[78,42],[13,39],[48,30],[55,-8],[46,42],[3,46],[42,52],[69,50],[40,-12],[31,30],[11,45],[27,26],[18,59],[26,32],[23,60],[9,65],[-24,62],[7,56],[-20,29],[35,79],[16,92],[-2,39],[-34,30],[21,77],[0,123],[96,53],[52,73],[45,30],[83,-5],[35,-17],[36,22],[43,-23],[75,-10],[18,-37],[36,10],[14,59],[87,-24],[55,57],[44,-11],[3,43],[80,76],[33,-37],[-8,-22],[54,-16],[16,42],[-3,83],[39,-2],[50,62],[11,45],[25,2],[27,33],[57,11],[16,20],[57,-3],[98,-40],[38,28],[20,37],[50,-40],[52,15],[52,40],[20,93],[-14,42],[51,32]],[[23761,92158],[28,-38],[110,-82],[62,-29],[45,8],[106,48],[48,14],[64,-2],[53,-20],[7,-76],[42,-119],[28,-44],[49,-46],[18,-39],[53,-44],[67,-36],[96,7],[72,34],[64,-15],[182,-22],[22,-8],[35,-55],[187,-80],[33,-25],[26,-44],[10,-56],[-12,-97],[-60,-143],[-1,-48],[20,-197],[-14,-58],[-61,-62],[-90,-115],[-20,-52],[0,-49],[52,-49],[102,-109],[12,-77],[23,-29],[49,-33],[49,-54],[83,-42],[44,-88],[-14,-48],[13,-57],[22,-26],[19,-69],[11,-91],[46,-161],[39,-102],[14,-54],[17,-117],[35,-82],[20,-13],[110,6],[-15,-76],[8,-103],[66,-105],[6,-43],[-24,-61],[-31,-28],[-39,-122],[8,-86],[34,-35],[16,-75],[-10,-58],[-83,-74],[-74,-120],[-11,-67],[44,-209],[-12,-97],[-20,-120],[22,-60],[10,-107],[21,-10],[54,36],[59,-93],[6,-65],[22,-34],[-33,-67],[-13,-51],[18,-50],[-18,-116],[28,-63],[3,-93],[32,-32],[32,-106],[-10,-89],[10,-69],[21,-45],[54,-37],[45,-14],[54,-63],[53,-138],[-1,-97],[12,-58],[-4,-46],[58,-66],[7,-28],[51,-63],[51,-28],[0,-94],[-18,-21],[0,-44],[26,-61],[-27,-28],[40,-117],[36,16],[70,-51],[-12,-20],[-4,-66],[-24,-32],[9,-41],[-34,-17],[-22,-67],[-104,-73],[-47,-137],[-32,-17],[11,-52],[-32,-46],[22,-38],[-3,-41],[43,-48],[-22,-22],[29,-71],[-48,-57],[-40,11],[-32,-50],[-66,-2],[8,-86],[-34,10],[-55,-54],[-8,44],[-40,44],[-92,-2],[-38,32],[-20,-58],[-29,-26],[5,-43],[25,-51],[-34,-21],[20,-58],[46,-34],[34,15],[9,-33],[63,-5],[29,-22],[55,-20],[4,-22],[40,-20],[25,-104],[18,6],[37,-75],[26,-29],[26,3],[10,-41],[32,-27],[58,-29],[30,-61],[71,6],[52,-24],[9,-45],[63,-14],[8,-21],[56,-59],[40,0],[31,-59],[-15,-42],[41,-52],[84,-7],[51,-48],[49,-60],[63,-154],[3,-38],[48,-67],[22,-59],[15,-80],[51,-60],[46,-91],[3,-60],[20,-41],[61,-16],[66,2],[51,4],[42,48],[64,-6],[64,-23],[51,-46],[135,-52],[50,-10],[68,-36],[45,-41],[57,-79],[33,-79],[139,-140],[18,4],[3,131],[-18,25],[-64,28],[-31,42],[-35,120],[-19,37],[-58,2],[-18,49],[-47,6],[-36,32],[43,69],[39,37],[-7,38],[-93,114],[43,41],[-3,65],[30,75],[17,67],[32,32],[-19,52],[35,82],[-25,49],[26,35],[-27,29],[24,35],[47,9],[7,92],[-38,65],[-1,56],[-51,14],[9,68],[-12,49],[14,69],[45,43],[1,75],[33,30],[-15,33],[-5,96],[23,98],[21,32],[36,14],[83,80],[15,79],[36,68],[48,-3],[19,13],[-5,49],[49,7],[37,35],[97,58],[47,-7],[63,55],[51,0],[99,32],[16,11],[0,52],[17,16],[-15,70],[32,18],[23,-19],[56,-5],[35,-19],[20,42],[44,4],[37,-25],[56,18],[53,-33],[19,-65],[48,-27],[20,13],[55,-41],[56,-7],[89,7],[33,12],[19,-66],[-9,-75],[18,-35],[57,-65],[49,18],[26,-31],[-6,-52],[20,-41],[69,-3],[33,-23],[10,-71],[-9,-42],[36,-10],[45,-32],[-29,-77],[39,-11],[-7,-85],[11,-34],[4,-49],[46,7],[34,-30],[21,12],[71,-20],[18,-54],[30,29],[100,48],[35,-20],[6,48],[75,-17],[38,-39],[22,1],[34,32],[28,54],[-37,20],[59,54],[-1,77],[33,29],[48,-8],[52,4],[75,39],[40,-6],[13,43],[81,10],[86,76],[-2,91],[-25,35],[3,48],[-32,3],[-52,46],[-33,88],[-30,30],[-7,48],[-35,30],[-4,92],[51,119],[72,59],[3,99],[17,42],[31,20],[11,49],[-10,54],[43,24],[-1,62],[29,28],[-34,72],[30,91],[-17,45],[30,3],[48,54],[-4,29],[36,29],[66,81],[-10,41],[-12,23],[18,70],[36,55],[7,72],[72,86],[23,42],[49,32],[-10,22],[19,42],[-4,30],[29,40],[-32,55],[71,82],[74,39],[31,34],[12,46],[16,131],[20,80],[517,0],[835,0],[540,0],[664,0]],[[33778,87165],[0,-673],[1,-30],[19,-60],[0,-64],[32,-13],[19,-35],[-7,-153],[4,-80],[-36,-71],[4,-84],[17,-81],[14,-12],[-21,-77],[1,-103],[17,-33],[45,-42],[65,-37],[60,-15],[35,-25],[21,-35],[49,-22],[42,-63],[-23,-75],[28,-79],[27,-49],[0,-66],[-41,-39],[-6,-38],[10,-79],[-10,-50],[30,-26],[33,-87],[-3,-19],[48,-21],[44,-66],[65,-15],[42,-74],[35,-43],[88,-83],[1,-20],[90,-60],[44,-21],[30,-60],[25,-20],[38,9],[52,-50],[-38,-38],[5,-71],[81,-105],[9,-37],[-29,-26],[9,-48],[-24,-43],[41,-44],[43,11],[9,-27],[45,-40],[16,-100],[38,-9],[18,-39],[37,-27],[-8,-23],[111,11],[43,17],[25,-62],[63,-23],[46,-87],[30,-17],[42,-60],[15,10],[63,91],[19,10],[-10,56],[66,10],[27,33],[0,54],[89,60],[55,-8],[18,-33],[-14,-25],[20,-43],[62,-22],[19,-49],[-18,-50],[30,-34],[2,-44],[-23,-24],[-36,-206],[-23,-44],[11,-36],[27,-30],[30,-8],[-14,-41],[48,-20],[-11,-48],[51,9],[61,-31],[-18,-24],[54,-36],[32,27],[75,-16],[50,-26],[26,-33],[6,-45],[28,-40],[30,-6],[24,-53],[64,19],[33,-22],[37,15],[2,-81],[41,-104],[35,-47],[48,35],[7,-20],[95,15],[20,32],[28,-25],[9,-41],[90,-37],[15,-34],[31,-8],[-8,-66],[48,29],[13,-28],[43,-31],[16,-35],[82,30],[-3,-57],[27,-8],[35,47],[54,-56],[-11,-71],[44,22],[47,-48],[54,44],[51,-37],[17,48],[52,5],[22,-18],[24,52],[23,-20],[-3,-42],[32,-14],[60,39],[6,-34],[50,-16],[38,3],[-22,-53],[50,-32],[45,-5],[30,-71],[40,43],[28,-18],[13,-49],[43,-37],[-29,-41],[12,-54],[27,-30],[42,-120],[24,-10],[85,21],[18,-42],[31,-29],[12,-47],[37,-27],[47,-2],[59,-30],[47,-41],[39,-61],[39,-15],[108,2],[58,32],[43,-8],[48,-49],[12,-73],[-26,-83],[-46,-51],[-36,-75],[2,-64],[17,-21],[74,-7],[45,-18],[12,-46],[52,-28],[98,23],[50,-17],[34,91],[39,-12],[89,66],[30,37],[44,-11],[66,-69],[38,33],[38,9],[68,-56],[47,43],[24,38],[32,19],[37,-31],[35,1],[42,22],[18,49],[20,5],[5,47],[93,32],[62,82],[70,-2],[23,36],[99,11],[98,30],[2,-26],[-43,-83],[-57,-82],[-60,-113],[-77,-96],[-37,-33],[-97,-65],[-98,-54],[-127,-44],[-56,-49],[-53,-111],[-13,-85],[-16,-36],[-89,-138],[2,-22],[61,-22],[27,-23],[52,-19],[-54,-115],[-137,-337],[-274,-675],[-85,-218],[-265,-662],[-98,-239],[-173,-425],[-59,-162],[-194,-505],[-552,-1342],[-231,-562],[-282,-687],[-244,-591],[-192,-480],[-236,-589],[-187,-468],[-411,-1024],[-489,-1201],[-22,-31],[-46,-33],[-60,-3],[-16,-13],[-12,-84],[-39,-75],[-69,-47],[-92,-77],[-58,-104],[-39,-48],[-30,-76],[-7,-210],[24,-56],[18,-87],[38,-101],[25,-82],[62,-81],[29,-25],[31,-52],[55,-3],[45,-38],[51,-83],[55,-110],[44,-45],[35,-10],[29,-31],[38,-74],[30,-26],[22,-55],[42,-66],[25,-104],[4,-44],[-16,-82],[11,-107],[51,-77],[23,-33]],[[35475,67640],[-22,-37],[-59,-61],[-89,-165],[0,-89],[-22,-78],[14,-87],[27,-79],[5,-83],[-84,-83],[-27,-60],[-54,-59],[-15,-39],[-1,-66],[-15,-60],[-24,-34],[-89,-79],[-54,-22],[-31,-27],[-14,-42],[22,-54],[-1,-87],[45,-116],[53,-63],[16,-61],[6,-83],[64,-118],[15,-45],[-13,-40],[4,-81],[-61,-48],[-11,-40],[21,-100],[-20,-59],[3,-102],[-16,-36],[27,-52],[-6,-61],[-52,-28],[-21,-34],[6,-38],[-12,-61],[-28,-56],[-64,-87],[-50,-111],[4,-62],[25,-60],[-14,-79],[47,-62],[-26,-54],[-5,-40],[-24,-32],[-52,-152],[57,-45],[81,44],[55,5],[51,-27],[-8,-37],[-37,-15],[-89,-109],[-62,-46],[-32,8],[-29,-25],[-128,-8],[-732,-1],[-671,-1],[-792,0],[-534,4],[-789,4],[-778,10],[-934,-4],[-1668,-2]],[[27764,63943],[-51,10],[-39,94],[-14,13],[7,62],[-53,39],[-52,22],[-71,-6],[-18,50],[-64,-19],[4,-37],[-20,-36],[-57,-62],[-71,1],[-49,39],[-29,-18],[-5,-102],[-28,-25],[-12,-37],[10,-38],[-16,-34],[9,-55],[-43,-24],[-53,-1],[-7,-30],[-72,-18],[-92,21],[-13,-14],[-27,97],[-15,28],[-39,16],[-22,62],[-97,3],[-53,-27],[-60,19],[-67,159],[14,54],[-52,60],[15,40],[-37,55],[-42,35],[10,19],[43,0],[5,22],[-21,75],[-100,22],[-32,25],[-58,12],[-46,-33],[-11,-43],[33,-60],[-22,-26],[-104,76],[-7,58],[29,59],[-19,45],[-6,76],[-38,13],[-27,46],[6,39],[-13,83],[18,57],[1,65],[-22,35],[-30,18],[-90,7],[-34,18],[-58,72],[-30,-15],[-18,-35],[-31,-17],[-40,-48],[-47,68],[-48,114],[12,18],[-66,89],[-33,-1],[-123,111],[9,18],[-20,57],[-31,18],[-29,49],[31,72],[-44,135],[-72,61],[-43,61],[-95,48],[-53,3],[-51,79],[-20,-1],[-56,49],[-563,-3],[-855,2],[-269,18],[-13,-120],[11,-35],[-38,-45],[-27,-49],[-37,-39],[11,-50],[-17,-53],[-53,-94],[-67,-43],[-40,-38],[-16,-46],[58,-106],[-54,-53],[-30,-54],[-30,-76],[-39,-32],[-77,69],[-49,29],[-52,16],[-54,-34],[-36,-68],[-47,10],[-28,-17],[-2,-145],[-71,-56],[-2,-27],[54,-20],[33,-35],[-4,-27],[-73,-67],[6,-54],[60,-70],[-4,-61],[50,-22],[-3,-42],[-48,-87],[-90,61],[-11,-81],[-30,-22],[-1,-41],[-26,-27],[1,-39],[-43,-66],[17,-57],[-69,14],[-37,-7],[-44,-40],[-66,30],[-42,-67],[-4,-86],[35,-73],[-14,-39],[-51,-59],[21,-76],[-6,-42],[22,-143],[-17,-35],[-57,-5],[-130,-81],[-53,10],[-122,-21],[-33,43],[37,116],[-49,10],[-109,-41],[-149,-77],[-55,8],[-56,-14],[-84,7],[-37,-5],[-41,-35],[-23,9],[-20,-54],[-52,-18],[-68,25],[-67,-21],[-27,55],[-35,13],[-32,-14],[-38,-48],[-69,-20],[-37,66],[-31,21],[-36,2],[-71,-22],[-70,-46],[-37,-44],[-15,-37],[-52,2],[4,-81],[-55,-128],[2,-61],[12,-15],[32,-169],[-30,-52],[-7,-39],[-60,-95],[-52,2],[-32,-32],[-3,-34],[-25,-28],[16,-38],[-36,-6],[-39,-35],[8,-39],[-40,-70],[-54,3],[-33,-22],[8,-40],[-56,-20],[-65,-36],[-27,25],[-68,26],[2,51],[25,56],[-51,26],[17,78],[-46,90],[-6,78],[-78,55],[-53,-15],[-83,-72],[-79,-46],[-19,-35],[-59,-3],[-36,-39],[-36,44],[-68,27],[-17,-87],[4,-64],[-24,-78],[30,-48],[25,-99],[-55,-30],[-25,28],[-20,-34],[-59,7],[-8,57],[-35,2],[-58,54],[-89,31],[-120,-50],[-18,-36],[-66,-10],[-4,-126],[-34,-19],[-40,-95],[-35,-47],[-46,25],[-14,-40],[-32,10],[-16,-32],[-49,-19],[-12,37],[-28,22],[-16,82],[-52,-6],[4,41],[-31,14],[-46,60],[-55,-1],[-28,25],[-31,78],[-44,29],[-42,60],[-36,0],[-36,22],[-90,5],[-38,-40],[-93,10],[-51,14],[-68,-30],[-43,-36],[-70,22],[-86,-9],[-37,47],[-69,-4],[14,-50],[-52,-12],[-25,43],[-51,-18],[-26,27],[-48,-25],[-77,50],[-13,-39],[42,-40],[16,-68],[-8,-93],[-81,-84],[-23,-54],[-64,-72],[-61,-49],[-13,-82],[-81,-26],[-33,-37],[-78,-40],[-51,23],[-33,-41],[-136,-87],[-16,-49],[-75,-57],[-74,-11],[-38,19],[-11,-99],[-58,-59]],[[42780,92726],[168,14],[119,83],[132,-63],[-3,-91],[-13,-128],[67,-88],[135,26],[370,-326],[554,-80],[420,131],[25,19],[34,-13],[17,28],[32,5],[39,37],[-15,47],[28,33],[31,0],[18,-43],[45,64],[8,45],[55,9],[35,-28],[65,20],[-38,29],[-2,33],[41,3],[3,31],[30,27],[73,36],[57,-10],[7,-33],[29,-34],[-28,-28],[-24,-65],[49,5],[43,-14],[27,8],[30,-28],[64,3],[-6,-46],[130,0],[31,-40],[37,7],[40,-34],[41,-2],[25,23],[106,-25],[32,11],[-15,40],[9,37],[47,-28],[15,20],[64,24],[14,28],[29,0],[41,32],[17,33],[0,40],[49,11],[33,-17],[34,-75],[56,-20],[12,-28],[38,-28],[-3,-30],[61,-2],[12,-34],[-54,-40],[-31,-59],[-20,4],[-6,-101],[39,9],[42,47],[49,-36],[28,14],[52,0],[104,33],[121,2],[41,-31],[31,-49],[27,-21],[73,-10],[52,-31],[64,16],[32,20],[4,47],[37,6],[39,-17],[75,177],[41,12],[5,42],[37,27],[79,31],[73,50],[112,66],[100,74],[33,57],[-7,25],[76,106],[48,17],[-21,29],[10,29],[54,2],[1,47],[46,47],[23,7],[-19,75],[80,83],[-15,43],[-37,29],[9,42],[-26,32],[11,29],[45,5],[21,81],[20,25],[63,145],[7,81],[57,117],[70,164],[36,23],[32,-5],[16,28],[-27,51],[37,76],[27,89],[17,85],[24,29],[57,121],[-38,43],[-16,73],[6,31],[36,55],[3,34],[60,9],[-9,73],[43,79],[54,29],[69,-5],[43,63],[51,108],[71,110],[25,70],[84,182],[33,33],[11,62],[41,43],[0,32],[32,10],[82,176],[46,53],[18,36],[16,125],[20,26],[18,87],[32,32],[61,-11],[20,50],[-17,65],[11,29],[108,61],[67,100],[40,21],[17,39],[34,22],[42,73],[15,46],[5,83],[49,79],[28,22],[59,5],[36,19],[34,50],[44,8],[44,41],[4,75],[19,34],[37,141],[33,64],[21,62],[-5,99],[12,14],[20,92],[21,187],[54,205],[80,32],[53,-35],[84,-85],[56,-42],[109,-124],[74,-76],[56,-78],[154,-189],[48,-83],[9,-39],[37,-52],[57,-186],[6,-108],[9,-29],[4,-95],[-6,-39],[27,-23],[98,-66],[64,-1],[42,-49],[2,-102],[-11,-49],[-1,-123],[-10,-29],[0,-104],[-12,-24],[-2,-109],[21,-158],[6,-113],[10,-95],[7,-134],[-18,-66],[-23,-14],[6,-167],[12,-28],[43,-157],[35,-100],[19,-78],[36,-99],[-10,-60],[-17,-25],[5,-50],[-9,-47],[18,-52],[46,-59],[-17,-124],[56,-103],[11,-78],[-7,-36],[19,-68],[37,-74],[42,-54],[-1,-113],[7,-66],[75,-35],[17,-39],[-11,-53],[53,-60],[-2,-143],[31,-16],[35,-51],[6,-40],[21,-13],[-6,-129],[18,-37],[9,-105],[-12,-104],[48,42],[54,-20],[18,-63],[33,-49],[11,-73],[-15,-44],[31,-80],[-8,-38],[35,-54],[4,-85],[45,-90],[1,-100],[31,-17],[34,-57],[16,-50],[9,-72],[-15,-34],[-31,-24],[82,33],[184,94],[120,51],[102,-12],[62,2],[69,-51],[30,-63],[75,-112],[59,-74],[11,-92],[28,-72],[40,-38],[10,-78],[33,-78],[134,-368],[138,28],[38,-8],[120,-49],[32,-2],[79,-43],[50,-10],[55,-32],[188,-130],[23,-30],[-5,-48],[26,-31],[23,-105],[3,-124],[37,-255],[0,-102],[-14,-81],[4,-37],[-33,-150],[-31,-90],[9,-58],[33,-183],[-18,-66],[-29,-53],[-12,-49],[-53,-88],[-16,-161],[12,-19],[6,-99],[-11,-27],[-55,-61],[-14,-2],[-42,-78],[-45,-119],[-63,-79],[-21,-11],[-19,-54],[18,-49],[-37,-18],[-51,-44],[-4,-36],[2,-169]],[[53472,88289],[-141,8],[-92,-11],[-165,-33],[-127,-35],[-67,-37],[-115,-94],[-60,-59],[-35,-75],[-34,-103],[-9,-80],[-33,-104],[-40,-61],[-33,-106],[-11,-55],[-35,-68],[-30,-85],[-60,-109],[-45,-54],[-53,-44],[-48,-59],[-7,-9],[-45,-52],[-113,-97],[-97,-67],[-93,-38],[-263,-77],[-56,-34],[-64,-54],[-23,-32],[-27,-66],[-45,-37],[-50,-84],[-59,-83],[-34,-27],[-84,-28],[-126,-18],[-93,-36],[-42,-64],[-55,-111],[-67,-106],[-28,-63],[-46,-28],[-56,-92],[-15,-48],[-18,-127],[-137,-176],[-19,-94],[-57,-102],[-65,-83],[-63,-53],[-25,-36],[-102,-110],[-53,-70],[-86,-154],[-111,-223],[-18,-178],[2,-65],[-11,-77],[22,-232],[-6,-67],[-27,-62],[-106,-112],[-68,-85],[-69,-43],[-79,-7],[-84,-17],[-34,11],[-58,75],[-18,-3],[-41,-89],[-21,-1],[-16,41],[9,48],[-29,35],[-26,-3],[-17,-33],[16,-76],[-9,-19],[-58,10],[-54,-6],[-31,-17],[-18,-41],[34,-55],[-8,-41],[-43,-14],[-63,20],[-28,33],[10,82],[-30,95],[-60,-7],[-35,38],[-37,11],[-80,-13],[-53,22],[-78,-6],[-50,28],[-83,4],[-43,119],[-23,24],[-85,43],[-44,-24],[-17,39],[24,31],[-7,153],[-42,57],[21,60],[55,19],[4,91],[-38,58],[-54,52],[-25,10],[-18,-21],[-120,-51],[-48,9],[36,78],[24,15],[-21,45],[-1,41],[44,98],[10,91],[-29,82],[-6,153],[-23,78],[-27,39],[-92,-6],[-82,-48],[-36,3],[-24,23],[-67,120],[6,33],[-33,23],[-30,51],[10,49],[-26,46],[52,91],[-41,79],[4,54],[31,82],[-5,65],[-38,55],[-34,1],[-53,41],[-32,37],[-14,63],[-169,132],[-35,92],[-45,19],[-72,-31],[-64,32],[-61,203],[-17,26],[-17,79],[-5,118],[-18,30],[-41,21],[-25,41],[8,90],[-40,25],[-23,80],[-28,55],[-41,31],[-29,49],[-25,17],[-26,108],[27,55],[-40,71],[-44,25],[-11,76],[-33,67],[-34,27],[-20,49],[32,43],[4,56],[-19,65],[28,88],[-33,35],[40,98],[9,52],[-15,28],[17,95],[55,77],[18,80],[20,46],[-41,46],[-52,6],[-23,75],[-61,47],[-12,54],[-146,105],[-72,93],[-77,67],[-74,42],[-14,20],[-112,85],[1,135],[-36,27],[-7,70],[17,36],[-27,36],[-3,30],[-45,46],[-7,144],[33,45],[52,-10],[43,17],[13,65],[-15,37],[-33,23],[-17,48],[-31,27],[-78,19],[-43,-33],[-72,-38],[-31,2],[-16,41],[35,43],[16,41],[-16,32],[-49,17],[-23,67],[66,41],[-12,47],[-56,22],[-16,-31],[-55,53],[-85,-27],[-19,-32],[-44,25],[40,49],[6,63],[-8,44],[-24,3],[-21,-81],[-35,-7],[-16,34],[-31,-20],[-27,47],[39,56],[-47,35],[3,-68],[-35,-24],[-2,-25],[-115,43],[-46,53],[-42,-25],[34,-30],[-36,-32],[-70,30],[-73,16],[23,62],[-35,30],[-7,30],[-48,4],[-18,22],[-93,49],[-20,-31],[-57,29],[5,54],[-15,32],[-32,-4],[-9,-41],[-35,16],[-27,-29],[-38,16],[-44,-23],[9,88],[-31,62],[-42,20],[35,67],[-47,16],[-1,43],[-43,54],[-3,31],[-56,9],[-38,25],[-34,-21],[-138,109],[-15,42],[-53,55],[-17,-6],[-65,51],[-26,-10],[-23,37],[-62,8],[-18,-31],[-37,37],[-69,-14],[-50,11],[-87,-30],[-63,24],[-14,28],[-113,27],[-47,18],[-54,-10],[-39,-31],[-62,-8],[-54,20],[-64,-5],[-47,11],[-21,57],[8,42],[27,27],[-12,46],[-21,21],[1,63],[-39,128],[32,125],[-29,27],[0,29],[-49,28],[-29,48],[-5,72],[-15,23],[15,35],[-17,62],[20,18],[-10,38],[7,42],[51,64],[0,26],[35,17],[10,55],[-27,47],[-53,64],[-28,53],[10,81],[24,52],[-25,60],[-150,189],[5,47]],[[80525,62108],[-42,-67],[9,-29],[-47,-80],[-3,-49],[16,-32],[53,-51],[6,-43],[-83,-118],[13,-132],[22,-68],[68,-70],[48,-26],[5,-107],[-19,-35],[-7,-54],[-27,-54],[21,-25],[37,-93],[27,-34],[46,10],[27,2],[28,-26],[88,-8],[94,-50],[19,-30],[2,-63],[0,-3],[7,-55],[38,-109],[59,-87],[7,-28],[-14,-47],[1,-63],[32,-22],[55,-311],[14,-39],[-61,-30],[-48,-4],[-9,-21],[-81,-55],[-37,-36],[3,-35],[-27,-26],[-16,-44],[84,-138],[12,-84],[-10,-57],[-32,-50],[9,-65],[37,-273],[-356,-163],[-60,-25],[-53,2],[-13,69],[-45,66],[-22,5],[-47,-8],[-28,25],[-24,-23],[-33,6],[-16,-25],[-33,0],[-72,21],[-17,21],[-46,-14],[-26,-3],[-12,-35],[9,-87],[-18,-58],[-35,-33],[-19,-78],[29,-47],[-16,-29],[-3,-65],[19,-48],[7,-50],[24,-29],[81,-52],[-15,-39],[29,-58],[64,-36],[31,-42],[21,28],[37,-16],[4,-74],[28,-24],[31,-65],[-36,-58],[21,-48],[30,-3],[9,-36],[-9,-54],[56,-64],[44,3],[59,-52],[38,2],[16,-68],[-30,-18],[15,-47],[-26,-33],[19,-30],[-35,-44],[4,-36],[42,-115],[33,-108],[34,-13],[-3,-38],[39,-31],[17,49],[51,-17],[13,-69],[44,9],[65,-41],[-28,-41],[48,-24],[41,-43],[30,-65],[24,-12],[91,-10],[21,-30],[111,-60],[56,-20],[31,64],[-2,31],[69,33],[26,-46],[38,-10],[33,31],[21,-60],[22,30],[36,-19],[79,-2],[5,33],[25,26],[90,4],[62,25],[80,69],[62,82],[45,32]],[[81980,57169],[15,-51],[-93,-107],[-76,-144],[-136,-309],[-61,-143],[-12,-14],[-3,-22],[-95,-231],[-81,-211],[-54,-125],[-7,-61],[-142,-246],[-10,-42],[-49,-91],[-73,-114],[-43,-79],[6,-6],[-69,-115],[-60,-79],[-137,-233],[-37,-40],[0,-13],[-133,-207],[-39,-71],[-25,-73],[-43,-81],[-65,-46],[-25,-44],[-12,-58],[-63,-56],[-31,-48],[-74,-80],[-41,-61],[-101,-133],[-21,-17],[-39,-69],[-41,-43],[-33,-55],[-68,-57],[-38,-50],[-87,-117],[-51,-35],[-50,11],[-51,-26],[-157,-132],[-136,13],[-112,20],[53,117],[-6,88],[-121,-29],[24,-72],[-24,-64],[-37,-30],[-57,-96],[-34,-10],[-56,-47],[-35,-12],[-51,-72],[-31,-16],[-28,-61],[-80,-45],[-15,-28],[-35,-6],[-71,-45],[-34,-48],[-120,-69],[-23,-14],[-42,-69],[-26,-77],[-15,-122],[3,-56],[16,-59],[26,-48],[14,-24],[57,59],[30,-30],[0,-81],[36,-84],[-19,-55],[-22,-20],[-12,-59],[-33,-23],[-12,-40],[-8,-89],[19,-41],[55,-57],[-10,-49],[40,-17],[-4,-83],[-60,-40],[-13,39],[-30,4],[-65,-56],[1,-26],[-51,-71],[-22,-75],[-5,-100],[36,-106],[33,-47],[40,-74],[34,-34],[18,-56],[1,-82],[-25,-96],[-38,-256],[-48,-170],[-6,-70],[-16,-27],[-8,-98],[-15,-97],[27,-49],[-11,-82],[-24,-82],[-4,-65],[-30,-141],[-23,-148],[-20,-60],[-2,-82],[-37,-133],[-21,-100],[-9,-185],[11,-143],[26,-66],[41,-40],[15,-32],[-3,-63],[13,-229],[21,-53],[28,-117],[5,-73],[-3,-202],[3,-76],[-2,-262],[13,-166],[9,-34],[30,-211],[6,-41],[38,-146],[20,-107],[8,-83],[-2,-149],[13,-168],[31,-137],[18,-9],[36,-120],[-3,-11],[12,-9],[57,-141],[19,-23],[-7,-93],[-52,-125],[-51,-157],[-14,-68],[-38,-95],[-35,-127],[-21,-85],[21,-80],[-59,-121],[-93,-122],[7,-30],[-18,-59],[3,-95],[32,-44],[-14,-41],[7,-51],[-36,-11],[-31,-36],[-50,-110],[1,-93],[-50,-159],[-5,-101],[-19,-85],[8,-50],[-8,-65],[-19,-29],[-3,-90],[-76,-129],[-15,-109],[6,-198],[29,-41],[38,-25],[-28,-21],[-63,-99],[-7,-97],[-39,-88],[3,-59],[-18,-113],[-6,-84],[-35,-35],[-32,-88],[-4,-129],[5,-67],[-16,-57],[-5,-63],[9,-130],[27,-129],[3,-47],[29,-107],[-2,-232],[8,-62],[-14,-46],[8,-52],[46,-105],[74,-112],[-35,-59],[-71,-68],[10,-40],[-44,-37],[-17,-30],[-118,-140],[-13,-33],[-11,-72],[-105,-48],[-55,-10],[-45,-27],[-69,-27],[-111,-76],[-62,-68],[-49,-68],[-64,-110],[-71,-165],[-73,-105],[-113,-228],[-4,-37],[-34,-98],[-11,-93],[-19,-19]],[[76803,39515],[-50,28],[-499,364],[-455,332],[-238,175],[-1,1]],[[75560,40415],[-10,57],[-74,47],[-9,46],[114,67],[87,113],[-17,40],[-37,21],[-18,65],[-27,18],[10,110],[-23,47],[-36,-2],[-35,40],[-38,-20],[-51,71],[-8,64],[-53,34],[-2,52],[-53,71],[-3,-45],[-29,-15],[-14,47],[-27,18],[-38,-37],[-15,36],[-33,32],[10,64],[-32,19],[-38,-31],[-34,27],[-33,89],[-31,35],[13,81],[-27,4],[-58,78],[3,24],[-82,35],[-47,51],[-45,-18],[-25,7],[-31,37],[52,29],[1,70],[-15,15],[7,45],[-15,37],[32,8],[51,74],[55,28],[-32,29],[-21,50],[29,57],[-7,55],[20,26],[-12,34],[-33,9],[-13,84],[36,67],[12,87],[-30,24],[-3,37],[26,62],[10,72],[27,79],[62,51],[22,82],[20,34],[11,77],[27,27],[46,-5],[18,-31],[38,9],[48,-26],[25,17],[53,11],[30,31],[74,-86],[36,7],[29,34],[16,-30],[44,28],[9,58],[44,26],[3,74],[-16,63],[-27,29],[-36,-21],[-19,18],[-65,-12],[-26,33],[5,48],[52,93],[13,54],[-7,39],[-14,47],[34,88],[24,112],[27,70],[34,-3],[68,33],[40,-30],[30,8],[88,-25],[-3,55],[-24,88],[69,73],[55,77],[6,33],[37,10],[38,-40],[31,18],[9,67],[36,23],[29,77],[18,91],[16,22],[49,45],[12,47],[27,3],[40,-28],[18,62],[44,36],[36,0],[-8,51],[-35,51],[80,105],[37,21],[1,79],[-10,33],[60,67],[9,28],[-40,51],[-21,72],[-86,96],[-30,12],[46,61],[-19,12],[-76,8],[-13,-31],[-38,-3],[-19,21],[-35,-12],[-20,46],[-33,-4],[-33,30],[-6,29],[-47,9],[1,49],[-19,51],[-51,30],[-28,-11],[-44,11],[-67,-1],[-32,98],[-42,32],[-32,9],[-65,130],[-59,-13],[-27,-24],[-153,1],[-31,12],[-48,-14],[-105,33],[-16,69],[-43,49],[-19,16],[-54,-58],[-50,23],[-28,-36],[2,-42],[-54,6],[-42,-22],[-39,80],[-31,23],[-32,68],[-44,48],[-42,-27],[-36,55],[-44,19],[-35,72],[-18,14],[-62,-22],[-26,-23],[5,-53],[-58,-24],[-41,55],[12,31],[-79,82],[-30,0],[-4,-52],[-55,-47],[-58,-19],[-47,7],[-27,79],[-78,12],[-31,20],[-32,-69],[-1,-33],[-63,-66],[-68,0],[-27,-25],[-68,10],[-43,-55],[-52,-5],[-51,-74],[-27,27],[-30,3],[-67,29],[-23,26],[-52,6],[-46,-27],[-40,-3],[-48,24],[-85,-15],[-25,275],[-32,351],[-14,15],[-174,177],[-52,60],[-80,76],[-674,695],[-106,-40],[-55,1],[-7,-37],[-48,-54],[-70,-28],[-9,-30],[-47,-3],[-92,43],[-82,-19],[-94,-24],[-25,-28],[-26,11],[-5,36],[-60,86],[-59,42],[-9,53],[-40,30],[-21,-35],[-90,0],[-54,-24],[-39,-41],[-43,20],[-13,17],[-76,44],[-26,37],[-44,-49],[-38,63],[-65,-10],[-97,56],[2,90],[-73,9],[-30,43],[-58,44],[-40,38],[-61,15],[-54,65],[-40,31],[-51,-52],[-52,39],[-70,68],[-29,2],[-32,55],[-36,-11],[-54,45],[-18,55],[-80,18],[-65,48],[-50,63],[-67,53],[1,27],[-20,-11],[-56,21],[-12,39],[-93,96],[-55,25],[-57,6],[-23,-11],[-56,45],[-42,-20],[-25,25],[-35,-44],[-39,58],[-22,-9],[-37,34],[-53,-2],[-56,41],[-38,1],[-32,-21],[-84,5],[-79,-24],[-40,-27],[-29,17],[-79,-68],[-59,-8],[-58,-28],[-40,-36],[-19,11],[-81,-67],[-24,-42],[7,-43],[-21,-33],[-73,-11],[-45,-48],[-19,31],[-4,61],[-72,36],[-28,39],[-64,-25],[-34,24],[-60,12],[-39,34],[-85,45],[-31,43],[-66,-7],[-19,22],[-48,17],[-30,-5],[-107,40],[-28,-6],[-54,54],[28,83],[-8,67],[-29,24],[14,59],[24,126],[28,50],[58,130],[28,137],[33,44],[48,85],[-53,17],[-33,53],[-48,-14],[-60,18],[-25,-4],[-46,33],[-30,5],[-28,-20],[-42,38],[-99,44],[-16,19],[-63,-29],[-15,-29],[-37,8],[-74,41],[-33,-13],[-23,38],[-56,-59],[-11,46],[-51,17],[-30,-24],[-80,52],[-59,13],[-5,-28],[-77,15],[-67,-17],[-32,33],[-54,-23],[-47,-60],[-46,-16],[-63,-6],[-41,-14],[-25,-43],[-31,-22],[-48,-6],[-27,-36],[-36,16],[-35,-20],[-48,-4],[-5,-23],[-49,3],[-51,-38],[-23,-35],[-63,-21],[-45,-56],[-29,6],[2,-53],[-37,-21],[-27,20],[-26,-39],[-98,-90],[-33,-29],[-28,3],[-80,-50],[-13,-16],[-53,-12],[10,-66],[-41,-35],[3,-28],[-49,-78],[-47,-22],[-60,-58],[-144,-67],[-3,-30],[-30,-26],[-84,-23],[-32,-36],[-40,-104],[-40,-45],[-27,-10],[-91,14],[-68,31],[-56,-37],[-31,13],[-53,-54],[-24,-42],[-42,-19],[-35,-57],[-71,-58],[-23,-43],[-64,-33],[-24,-35],[-71,-74],[-52,-43],[-55,2],[-45,-68],[-33,-3],[-45,-27],[-19,37],[-35,-20],[-49,41],[-70,-20],[1,-27],[-61,-56],[-52,-92],[-16,-18],[-58,-6],[-22,-38],[10,-26],[-42,-79],[-50,-35],[-31,-1],[-25,-49],[-40,-20],[-25,-6],[-73,21],[-40,-12],[-53,7],[-22,-54],[-53,-18],[-28,-37],[-106,66],[-79,-16],[-30,-27],[-38,-118],[-70,-1],[-31,-14],[-22,-40],[-42,-116],[-42,-5],[-6,34],[-39,21],[-4,68],[-40,31],[4,35],[32,-5],[49,45],[38,0],[31,30],[10,53],[-16,26],[15,38],[34,10],[37,107],[77,80],[6,93],[20,100],[-67,98],[-27,18],[9,47],[-39,47],[-36,24]],[[62548,48374],[11,46],[-39,67],[60,32],[7,17],[27,44],[-1,140],[15,49],[-11,48],[-36,24],[-7,36],[11,38],[66,7],[-7,60],[17,54],[-31,35],[26,34],[9,40],[-9,60],[27,29],[-13,26],[-48,33],[23,39],[-7,34],[-43,46],[10,38],[24,15],[6,50],[58,-7],[51,39],[54,26],[-1,52],[32,29],[11,43],[-20,28],[-32,-9],[-32,25],[-21,40],[-14,86],[-35,37],[-39,-7],[3,44],[-35,18],[-40,-6],[-9,31],[-38,4],[-33,31],[19,71],[-24,29],[-62,-31],[-23,33],[-33,13],[-4,70],[-35,18],[-40,-18],[-76,22],[-26,22],[-2,43],[-42,16],[-44,33],[-41,6],[66,90],[-17,34],[-35,0],[37,22],[40,56],[9,34],[-20,27],[7,53],[-114,91],[10,111],[57,111],[7,36],[-26,32],[-54,10],[15,52],[-43,30],[34,33],[88,26],[9,12],[-31,63],[-45,-8],[-16,37],[60,44],[5,21],[-46,36],[10,51],[21,42],[65,71],[57,31],[58,69],[-50,60],[-68,-12],[-31,8],[-23,37],[9,35],[-10,50],[46,54],[-16,60],[43,29],[-36,44],[0,23],[-44,29],[53,45],[9,26],[99,43],[81,22],[48,42],[39,67],[26,6],[79,54],[14,94],[-49,29],[-58,-24],[-51,-35],[-23,5],[-111,-77],[-73,-20],[-29,7],[-44,-48],[-61,-31],[-32,1],[-21,85],[-60,25],[37,59],[1,72],[-71,3],[58,121],[6,54],[-15,75],[33,10],[2,40],[-35,29],[-32,63],[47,60],[13,32],[34,52],[16,73],[63,45],[56,-17],[52,19],[13,18],[77,32],[69,40],[25,63],[1,49]],[[62376,53388],[-55,22],[-102,-37],[-30,-4],[-34,-31],[-39,-9],[-73,22],[-84,-45],[19,78],[-12,31],[26,31],[3,43],[-18,49],[43,31],[23,32],[-21,58],[-18,16],[-6,57],[19,22],[-3,40],[-7,26],[30,37],[2,46],[-61,69],[29,38],[50,40],[-10,34],[-66,34],[40,100],[-13,28],[28,27],[23,64],[122,44],[92,4],[19,38],[-23,47],[19,31],[-13,23],[-44,-2],[-122,-60],[-42,7],[-2,92],[13,30],[-9,47],[-30,44],[-81,-8],[12,47],[0,77],[-38,29],[-36,9],[-51,82],[59,32],[-9,26],[-47,2],[-54,19],[17,67],[-31,33],[32,24],[14,35],[-19,72],[-50,15],[21,47],[26,105],[4,93],[-35,11],[-10,55],[22,33],[-43,50],[5,36],[49,27],[0,29],[39,58],[29,16],[49,50],[94,21],[70,0],[98,48],[26,-1],[48,73],[-22,40],[-46,-7],[-19,-24],[-63,-14],[-41,11],[-64,32],[-45,-25],[-48,-2],[-66,38],[-21,-7],[-20,41],[1,67],[42,0],[10,51],[29,15],[13,23],[-8,101],[-26,37],[-38,-20],[-4,40],[70,14],[58,93],[33,29],[-17,80],[-30,43],[8,45],[45,-4],[79,20],[77,-61],[82,-28],[69,-3],[29,21],[52,14],[69,2],[-2,41],[1,4],[-33,35],[-67,19],[-59,-9],[-17,20],[-47,-17],[-59,27],[-28,63],[-73,37],[-26,-2],[-96,46],[-74,-14],[-31,24],[-73,2],[-55,-11],[-49,56],[-86,0],[-30,38],[-25,7],[-40,41],[-15,45],[-3,112],[-46,36],[-1,71],[-28,16],[-55,20],[-39,65],[-10,75],[-20,58],[39,61],[-22,25],[62,23],[82,51],[101,51],[27,5],[48,56],[30,69],[13,164],[57,144],[40,56],[11,51],[47,34],[51,60],[47,29],[52,60],[55,32],[7,33],[-27,56],[-1,37],[37,93],[51,19],[51,33],[14,40],[-6,62],[-44,26],[94,72],[34,18],[13,83],[-43,60],[-11,36],[52,59],[45,19],[25,-27],[43,19],[56,10],[37,36],[59,-2],[22,30],[7,56],[64,12],[6,62],[25,19],[44,-3],[44,17],[28,52],[124,92],[13,33],[69,53],[94,11],[18,60],[-25,47],[8,66],[67,40],[104,2],[28,24],[32,65],[9,52],[33,69],[18,17],[-2,123],[-17,75],[15,49],[-37,0],[-17,31]],[[63251,60468],[74,-1],[47,25],[46,47],[21,3],[81,46],[53,-36],[27,-45],[4,-52],[-14,-54],[10,-52],[24,-40],[68,-51],[9,-102],[18,-34],[53,-28],[39,-37],[36,-60],[60,-53],[10,-41],[-7,-99],[23,-47],[50,-32],[-9,-47],[-69,-65],[-37,-53],[21,-42],[-18,-94],[21,-37],[-1,-99],[11,-39],[46,-40],[60,-14],[36,-72],[24,-134],[64,-60],[36,-19],[42,-4],[59,-30],[24,-91],[26,-28],[60,13],[3,-29],[130,-26],[97,-5],[25,-15],[72,16],[52,-30],[62,-59],[12,-24],[49,2],[47,-20],[12,-23],[83,-72],[76,66],[29,2],[46,44],[38,-41],[35,46],[51,43],[-4,51],[50,97],[65,9],[3,43],[26,27],[70,41],[76,-16],[29,20],[14,70],[-18,80],[8,51],[47,10],[40,6],[58,56],[26,54],[26,15],[70,-9],[37,-38],[66,-12],[62,37],[21,51],[26,22],[53,-14],[51,7],[29,23],[87,113],[20,17],[67,-19],[29,-38],[26,-63],[52,-68],[66,-9],[64,29],[35,-34],[33,-8],[29,-29],[58,8],[30,32],[35,78],[84,41],[23,76],[26,116],[56,79],[-22,78],[18,83],[22,19],[57,-16],[54,-35],[107,-4],[13,24],[0,85],[36,43],[8,33],[52,61],[48,31],[30,42],[6,62],[-7,71],[63,73],[55,77],[33,103],[9,79],[-16,56],[31,62],[88,5],[46,-13],[15,45],[5,40],[47,35],[16,54],[-9,52],[-69,39],[-12,34],[27,49],[-6,42],[-36,31],[32,57],[39,12],[24,44],[3,34],[29,32],[-28,51],[-73,49],[-46,5],[-4,21],[-93,42],[-53,40],[-28,89],[7,58],[-11,32],[-65,115],[-30,26],[18,50],[-20,13],[3,69],[-25,61],[33,95],[48,85],[38,31],[29,57],[9,12],[69,48],[140,37],[151,123],[95,131],[60,29],[25,3],[51,37],[46,54],[64,30],[69,-14],[35,-29],[41,-61],[62,-122],[51,-51],[40,1],[47,-53],[34,-14],[41,-74],[33,30],[54,0],[53,29],[37,-15],[19,-37],[44,25],[28,82],[32,7],[38,-23],[19,32],[37,-33],[39,-5],[33,-31],[36,-5],[-2,-33],[40,0],[62,18],[55,16],[40,-23],[29,-59],[-13,-61],[7,-58],[35,-105],[35,-17],[54,2],[61,-90],[20,-6],[53,39],[36,-30],[-5,-40],[20,-58],[2,-52],[47,-9],[66,9],[21,25],[7,51],[40,26],[53,72],[-13,36],[30,13],[39,-34],[53,-7],[23,15],[74,1],[38,48],[37,63],[43,-8],[37,14],[89,-14],[49,17],[16,29],[-5,56],[76,-1],[30,15],[28,42],[4,48],[18,30],[44,32],[77,39],[17,25],[-1,50],[70,49],[21,42],[59,19],[47,-2],[57,55],[39,14],[44,-24],[60,19],[101,-5],[78,17],[74,63],[19,3],[33,-3],[23,2],[32,12],[42,-39],[62,44],[38,-38],[23,0],[52,-39],[32,21],[13,34],[38,10],[32,41],[24,0],[49,-12],[15,34],[25,102],[44,61],[0,44],[44,49],[84,64],[23,42],[0,107],[21,83],[77,-1],[35,15],[9,46],[80,10],[62,74],[80,6],[7,-38],[50,24],[-2,48],[32,36],[19,61],[34,29],[-7,42],[34,35],[17,47],[35,2],[35,57],[49,56],[23,-9],[29,73],[39,128],[29,44],[51,-1]],[[73018,64177],[54,-52],[65,1],[53,-22],[37,31],[61,13],[19,34],[127,-4],[21,-7],[104,12],[-28,-98],[36,-42],[25,-57],[147,-10],[25,-56],[-14,-70],[22,-22],[47,38],[47,14],[41,-19],[4,-29],[29,-7],[56,24],[14,-36],[41,-55],[3,-46],[31,-68],[34,-20],[11,-63],[22,-12],[-1,-77],[39,-72],[5,-52],[16,-18],[9,-107],[38,-48],[60,-6],[32,-16],[12,-30],[56,-13],[51,-44],[55,9],[40,-55],[-6,-70],[-24,-66],[-31,-55],[32,-66],[-16,-49],[-48,-22],[-25,-48],[-43,23],[-38,-47],[42,-56],[-1,-47],[-19,-40],[7,-82],[-48,-33],[12,-34],[-39,-65],[60,27],[82,-18],[72,-42],[130,-40],[52,34],[61,7],[38,23],[23,40],[8,42],[22,28],[47,20],[31,-4],[66,-30],[33,60],[38,89],[40,26],[60,-51],[44,-17],[34,4],[50,68],[-6,54],[39,108],[25,41],[17,103],[32,117],[-18,86],[17,89],[20,64],[30,55],[56,42],[35,-6],[60,-39],[57,-55],[26,-37],[67,-6],[117,82],[26,39],[136,8],[58,12],[47,17],[131,195],[24,17],[34,81],[-13,83],[-49,97],[2,56],[30,44],[126,27],[94,-12],[91,64],[59,-13],[59,-1],[46,32],[7,24],[-15,53],[10,30],[-43,166],[9,50],[63,9],[33,-6],[81,7],[92,53],[27,34],[68,27],[17,22],[95,29],[34,27],[20,49],[37,-1],[44,55],[81,24],[50,-37],[27,-29],[74,0],[58,-14],[31,-51],[0,-33],[20,-48],[35,-25],[5,-151],[25,-55],[75,-14],[45,12],[27,38],[27,-39],[29,-15],[93,-19],[84,-30],[70,-12],[42,-45],[58,-46],[25,-54],[53,-28],[58,21],[163,29],[107,-9],[23,-14],[128,-132],[51,-21],[23,-24],[19,-50],[10,-94],[8,-68],[42,-76],[31,-20],[50,-11],[25,18],[33,63],[4,159],[39,94],[44,67],[41,20],[102,-27],[60,-43],[22,-41],[-21,-92],[-76,-67],[-15,-50],[13,-32],[24,-55],[43,-50],[78,-65],[76,-31],[26,3],[40,32],[52,61],[50,27],[37,1],[47,-61],[29,-58],[-1,-27],[-30,-38],[-39,-21],[-12,-28],[45,-53],[-34,-39],[6,-62],[13,-19],[54,-61],[19,-74],[-16,-41],[83,-188],[29,-101]],[[73098,79004],[142,95],[57,-14],[95,-4],[23,10],[115,-17],[62,-18],[6,22],[47,-10],[154,11],[104,28],[14,23],[81,-6],[46,31],[105,-8],[17,-44],[66,14],[59,28],[30,31],[36,10],[61,-6],[94,3],[53,11],[48,-7],[130,17],[30,14],[24,23],[66,28],[31,39],[-4,26],[55,21],[94,-51],[43,-18],[99,-7],[43,10],[85,12],[101,-12],[74,3],[93,-17],[70,-1],[79,-60],[52,40],[55,-7],[52,-37],[62,9],[59,-17],[18,17],[61,-13],[78,-48],[21,2],[65,-47],[21,7],[122,-80],[27,-31],[97,-77],[47,-17],[56,-60],[78,-52],[55,14],[31,-21],[48,-54],[36,12],[42,-19],[51,-101],[102,-36],[66,-59],[76,-40],[35,-49],[116,-44],[40,-48],[40,-27],[37,24],[50,-14],[20,-31],[51,-41],[86,-33],[51,-3],[47,-44],[89,-122],[49,-94],[19,-20],[49,-37],[59,-4],[48,-95],[56,-51],[72,-15],[59,36],[29,-3],[64,-57],[77,-117],[24,-63],[27,-38],[40,-1],[71,-75],[67,-33],[39,16],[14,-18],[89,-138],[37,-38],[58,-25],[57,-41],[70,-82],[53,-31],[112,-13],[30,-6],[99,-63],[81,-17],[40,9],[29,32],[63,-142],[86,-151],[84,-149],[93,-106],[42,-32],[69,-23],[113,-159],[38,-60],[28,-24],[102,-160],[66,-112],[79,-83],[74,-90],[35,-29],[46,-57],[54,-37],[68,-86],[105,-104],[87,-79],[49,-34],[35,-8],[48,-34],[99,-14],[14,-52],[-13,-13],[40,-43],[19,-73],[31,-65],[38,-49],[50,-39],[80,-106],[102,-107],[94,-63],[58,-13],[93,47],[49,-54],[105,-41],[42,-25],[77,-22],[116,-52],[63,-67],[37,-69],[19,-79],[43,-118]],[[82204,74109],[-8,-16],[-225,-59],[-199,-53],[-47,-12],[-388,-103],[-44,-183],[-37,-134],[-1,-6],[-2,-4],[-2,-3],[-71,-15],[-31,-23],[-20,-78],[-71,-100],[-25,-122],[-25,-43],[-2,-39],[11,-61],[-19,-66],[21,-46],[-10,-27],[-58,-50],[-51,-48],[-27,-12],[-36,-87],[7,-84],[-46,-75],[-18,-38],[-7,-77],[-22,-51],[-73,-11],[-35,-81],[-89,-49],[-17,-31],[-1,-44],[-35,-24],[-45,-109],[-43,-23],[-66,-68],[0,-66],[-15,-42],[95,-47],[-24,-39],[-35,-76],[-61,-68],[-41,-73],[6,-39],[-14,-86],[-45,-51],[-4,-31],[-33,-27],[-2,-2],[-8,-36],[-26,-37],[-19,8],[-41,-30],[-95,-96],[-17,-27],[-1,-85],[-50,-58],[-71,-54],[-30,26],[-44,-2],[-57,-28],[-26,23],[-11,67],[-52,-10],[-18,-3],[-45,-50],[-32,-19],[15,-29],[-38,-29],[-35,-72],[-5,-53],[-56,-59],[-2,-28],[-57,-7],[-5,-52],[21,-24],[-20,-43],[-38,-14],[-19,-46],[-57,-42],[21,-34],[8,-29],[-34,-38],[11,-72],[31,-22]],[[79272,70203],[-20,-42],[-45,-15],[11,-41],[34,-26],[46,16],[61,-23],[-70,-78],[-32,-45],[-1,-39],[-55,-77],[-39,-33],[4,-49],[8,7],[-44,-60],[-36,-72],[30,-60],[-39,-30],[-5,-29],[-18,-38],[23,-30],[-12,-49],[-47,-62],[1,-24],[37,-60],[9,-69],[52,-53],[34,-12],[-8,-30],[-51,13],[10,-40],[-33,-10],[-26,-39],[-36,-24],[13,-35],[-7,-39],[-43,-32],[-32,0],[-11,-30],[-37,-27],[-58,-18],[-20,-18],[13,-14],[8,-61],[30,-88],[-19,-34],[-32,-16],[30,-8],[48,-38],[87,-44],[4,-29],[44,-19],[-16,-50],[46,-64],[-5,-28],[-42,-71],[9,-139],[66,4],[43,-20],[12,-75],[9,-24],[62,-48],[55,17],[20,-25],[27,-36],[16,-63],[-33,-61],[-1,-57],[-18,-45],[-46,-66],[-11,-47],[-27,-44],[28,-12],[-4,-38],[-46,-25],[0,-34],[-73,0],[-6,-30],[22,-33],[-33,-50],[-22,-158],[-48,-18],[-26,-29],[-50,-12],[-9,-90]],[[78932,66959],[-5,-13],[-44,-24],[-13,-62],[-40,11],[-51,-29],[-64,-3],[-27,-25],[20,-25],[-15,-68],[-54,-15],[-53,23],[-22,-30],[-4,-62],[-30,-8],[-46,16],[-59,-47],[-10,-48],[14,-26],[-30,-71],[-26,-27],[6,-37],[-9,-4],[-36,-1],[-50,26],[-26,61],[-28,-32],[-56,14],[-24,-52],[-63,-46],[11,64],[-6,59],[-25,59],[-2,40],[-8,27],[-39,44],[-20,42],[-31,22],[-55,8],[-47,45],[-36,21],[-33,-19],[-62,-4],[-5,54],[-39,44],[-82,-13],[7,94],[22,39],[1,36],[-42,75],[-11,63],[0,10],[-95,86],[-20,35],[-63,49],[-16,-1],[-37,26],[-43,15],[-26,16],[-62,18],[-40,66],[-35,19],[-78,62],[-49,33],[-67,84],[-117,54],[-27,31],[-53,-14],[-137,-11],[-91,-31],[-59,8],[-30,-9],[-64,18],[-73,-37],[-32,3],[-25,1],[-37,-56],[-66,-74],[-51,-15],[-49,16],[-38,-26],[-124,-3],[-159,-37],[-216,-50],[-58,107],[-41,11],[-64,34],[-77,-22],[-86,-10],[-124,-12],[-121,8],[-105,-11]],[[74830,67546],[18,123],[-2,32],[41,37],[25,47],[-9,90],[12,99],[20,95],[38,142],[-12,37],[68,103],[36,78],[35,37],[-1,39],[49,34],[-50,23],[-1,122],[10,29],[-18,74],[9,113],[29,13],[30,49],[34,26],[37,69],[-41,16],[-63,-40],[-34,-1],[-24,59],[-20,15],[-14,67],[-42,64],[-91,6],[-99,26],[-90,11],[-68,44],[-42,53],[-132,5],[-49,56],[23,94],[-33,45],[-8,58],[-32,59],[-74,79],[-6,58],[-14,78],[6,27],[-5,82],[-20,90],[53,106],[3,61],[-15,57],[-53,47],[-30,74],[-64,87],[11,55],[-13,109],[16,56],[-26,85],[-35,127],[-29,22],[-48,6],[9,61],[31,44],[6,37],[30,42],[-14,140],[-39,44],[9,44],[-27,89],[-8,61],[7,62],[-10,106],[-16,39],[8,51],[-32,53],[-5,46],[-18,33],[53,34],[16,45],[12,89],[-21,33],[-9,78],[-37,40],[-9,58],[17,21],[-10,44],[9,45],[24,24],[-9,66],[-30,21],[-18,42],[51,16],[22,26],[-13,45],[-27,35],[-15,26],[5,42],[34,29],[12,77],[-31,28],[6,57],[28,21],[-54,60],[31,43],[-22,65],[15,49],[-8,27],[-46,12],[-28,40],[-51,0],[-9,32],[-84,74],[-26,50],[-28,-31],[-71,38],[-33,88],[-79,12],[25,63],[-8,46],[-59,36],[-36,66],[-49,66],[-29,-22],[-47,58],[-25,46],[13,45],[-48,54],[23,39],[-9,67],[24,33],[20,64],[35,26],[-10,22],[-79,26],[54,105],[48,48],[46,72],[-47,92],[-60,46],[-9,29],[28,76],[-42,14],[40,15],[30,49],[11,52],[29,33],[3,69],[26,54],[1,62],[39,84],[-4,59],[21,33],[42,88],[31,41],[1,45],[-37,188],[81,131],[1,1],[18,29],[-61,14],[-16,51],[-31,62],[51,171],[-9,46],[-108,8],[-32,39],[-37,-1],[-128,-42],[39,46],[-22,69],[45,55],[20,69],[-20,76],[-37,40],[-4,36],[-44,50],[-22,95],[-39,18],[66,69],[24,42],[-16,45],[9,71],[40,23],[0,21],[-36,24],[-53,7],[-15,22],[-49,19],[-33,-8],[-43,18],[23,144],[-30,92],[-52,26],[1,43],[69,20],[25,50],[-3,37],[14,57],[48,17],[-68,12],[0,53],[-41,34],[7,85],[-18,21],[-80,-4],[-33,41],[6,48],[-31,72],[37,57],[5,60],[164,319],[-14,46],[39,65],[122,124],[-12,96],[30,51],[-19,67],[-30,56],[-4,30],[-58,6],[-42,21],[-13,23],[1,77]],[[59705,45400],[-2,-40]],[[59703,45360],[-838,0],[-470,-2],[-296,0],[-136,-1],[-431,1],[19,81],[-5,29],[28,67],[-2,37],[20,35],[-16,63],[-38,-2],[13,48],[-15,14],[12,63],[-33,99],[10,35],[32,58],[42,16],[38,59],[42,46],[15,34],[-1,72],[-24,26],[-53,14],[15,112],[5,51],[31,42],[42,2],[2,30],[-3,282],[142,0],[817,-1],[476,0],[318,0],[-1,-119],[29,1],[34,-54],[44,-30],[50,1],[56,-49],[-23,-87],[13,-41],[0,-66],[33,-86],[-17,-33],[16,-52],[-72,-147],[-16,-50],[-31,-28],[-11,-113],[-15,-37],[35,-85],[-20,-52],[-12,-88],[17,-70],[46,-11],[44,-54],[45,-20]],[[76803,39515],[-20,-76],[-26,-63],[-92,-293],[-2,-198],[12,-60],[-29,-111],[-23,-159],[1,-123],[-8,-224],[13,-134],[3,-95],[47,-347],[7,-78],[35,-293],[27,-159],[5,-85],[-17,-157],[-12,-55],[-61,-196],[-125,-319],[-48,-106],[-2,-43],[-148,-52],[-85,-47],[-97,-75],[-110,-107],[-94,-114],[-23,-39],[-2,-53],[-90,-170],[-4,-36],[-71,-45],[-19,-33],[6,-54],[-38,-111],[-18,-69],[-45,-3],[-20,-38],[40,-47],[-5,-106],[-20,-89],[-1,-61],[-29,-108],[-35,-59],[-37,-48],[-20,-56],[-51,36],[-37,-14],[-32,-41],[7,-36],[26,-26],[-27,-30],[10,-74],[-26,-22],[-42,-79],[-12,-80],[-63,-138],[-24,-109],[-38,-44],[-53,-102],[-5,-51],[-53,-96],[-20,-14],[-32,35],[-32,4],[-14,-44],[-59,-55],[-42,-113],[-39,-87],[-38,0],[-47,-65],[-12,23],[2,-38],[-17,-77],[-56,-9],[-28,-69],[-35,51],[-42,14],[-63,-50],[-41,-20],[-47,-33],[-54,-6],[-28,-38],[0,-35],[-92,-143],[-18,-58],[-6,-98],[11,-24],[-17,-81],[-33,-28],[-63,-208],[-55,-40],[-23,-35],[-38,-27],[-40,-61],[-71,-140],[-10,-61],[10,-81]],[[73914,31904],[-62,38],[-26,4],[-17,85],[-46,15],[-36,-22],[-32,43],[-71,45],[-38,2],[-33,-27],[-41,6],[-10,-28],[-78,-15],[-51,2],[-93,59],[-80,-49],[-61,31],[-29,37],[-47,16],[-177,19],[-41,-41],[-77,34],[-41,57],[-23,-12],[-31,24],[-83,-15],[-20,22],[-50,12],[-14,48],[-53,-16],[-41,29],[-38,3],[-111,72],[-46,-25],[-2,50],[-41,6],[30,74],[-22,18],[12,89],[20,20],[-10,56],[23,56],[-19,75],[-30,20],[-8,41],[32,13],[9,121],[-18,28],[-33,-21],[-9,50],[17,50],[-6,40],[-77,47],[-75,-9],[-44,18],[-21,40],[-33,40],[-50,-4]],[[71862,33275],[-5,49],[39,13],[3,61],[17,60],[26,31],[26,69],[32,8],[-16,65],[-68,17],[-5,35],[26,18],[15,82],[25,38],[34,8],[9,31],[-18,50],[10,63],[19,43],[0,1],[-9,141],[-74,33],[-19,82],[-31,10],[12,59],[21,42],[48,59],[44,30],[47,12],[16,89],[25,107],[15,29],[204,0],[570,-1],[-1,1],[5,23],[61,23],[98,258],[12,78],[32,42],[21,64],[1,49],[-25,48],[18,17],[9,60],[19,29],[60,-14],[40,27],[24,-12],[34,79],[49,5],[43,31],[8,110],[44,109],[-22,52],[-2,49],[-36,54],[38,78],[-6,43],[19,68],[24,28],[45,9],[18,38],[48,13],[19,86],[21,22],[38,-4],[3,33],[78,36],[-17,89],[7,54],[-18,29],[6,40],[72,-48],[95,3],[2,27],[40,54],[7,39],[-39,84],[38,83],[45,23],[-18,98],[36,60],[33,35],[-56,33],[-25,43],[50,19],[12,33],[-33,20],[-24,54],[14,19],[18,35],[3,49],[-34,24],[2,44],[-17,56],[-33,51],[-59,50],[-34,2],[-19,25],[0,40],[-94,19],[-13,29],[-25,85],[22,45],[67,40],[-72,78],[-1,39],[-87,28],[-28,39],[-24,63],[-55,19],[-33,73],[-77,-11],[-32,-38],[-34,49],[-29,10],[12,51],[-17,36],[28,60],[187,-1],[35,2],[51,-108],[60,6],[131,-1],[137,-11],[61,26],[45,40],[-52,116],[-3,208],[-28,19],[-115,37],[-53,53],[-49,32],[26,36],[-6,38],[35,197],[23,132],[-18,50],[-334,37],[-20,9],[35,62],[50,25],[-36,7],[2,54],[25,6],[2,66],[-26,115],[40,44],[100,92],[-18,108],[26,46],[81,43],[10,34],[54,20],[39,-25],[39,3],[14,50],[28,12],[44,-32],[7,52],[43,-6],[62,65],[61,-21],[72,-78],[89,-8],[24,-18],[52,10],[-4,124],[-254,274],[-36,35],[58,12],[31,-15],[34,53],[39,34],[12,-24],[38,30],[22,-13],[14,-37],[47,-38],[-2,-44],[43,-16],[60,22],[22,-9],[28,-49],[50,35],[43,-7],[36,49],[44,7],[10,78],[27,59],[50,-4],[6,54],[37,5],[62,34],[30,28],[23,-7],[36,-44],[37,8],[45,-50],[42,24],[62,-21],[32,9],[37,-13],[42,15],[27,-20],[23,17],[49,-39],[31,-5],[76,-55],[46,-24],[74,-22]],[[99920,33993],[79,-49],[-7,-26],[-91,19],[19,56]],[[62548,48374],[-33,-25],[-22,-61],[-39,8],[-19,-81],[-50,-1],[-19,42],[-44,-20],[-58,38],[7,-45],[-32,-47],[-80,32],[-29,-12],[-18,50],[-62,-20],[-60,5],[-15,46],[-31,-2],[-27,27],[3,44],[21,14],[19,50],[-55,32],[10,24],[-4,56],[-73,52],[-24,-3],[-87,90],[-43,11],[-53,62],[-35,1],[-11,56],[-55,1],[-24,13],[-15,-31],[-1,-57],[-76,-38],[3,-40],[-47,-38],[8,-81],[4,-18],[60,-21],[23,-53],[-20,-84],[-27,-31],[-8,-84],[12,-59],[44,-40],[-22,-97],[23,-22],[40,-98],[-28,-25],[-24,14],[-57,-19],[-58,-52],[-107,-14],[-70,21],[-56,58],[-42,13],[-65,41],[-65,19],[-61,30],[-99,24],[-60,-3],[-17,-26],[-67,-38],[-69,-57],[-2,-41],[60,-49],[24,-59],[-57,-109],[-15,-51],[-37,-69],[8,-47],[-16,-16],[29,-65],[48,47],[33,4],[5,-121],[35,-8],[85,-105],[-27,-52],[-45,-27],[41,-41],[-37,-33],[-40,-16],[-62,-49],[-42,-81],[-4,-103],[-27,-89],[-7,-110],[67,-75],[46,-8],[32,-43],[62,-21],[-9,-55],[14,-34],[-7,-77],[30,-81],[33,-36],[3,-66],[30,-84],[-26,-64],[3,-32],[40,-89],[-4,-38],[-40,-29],[-60,-19],[-232,-62],[-145,-30],[-78,-25],[-67,-58],[-45,6],[-31,21],[-36,58],[-61,-40],[-18,-70],[-33,-29],[-44,-15],[-13,-37],[-39,-33],[-58,-9],[-65,19],[-39,-14],[-17,-46]],[[59703,45360],[2,-72],[-53,-56],[-21,-73],[-7,-82],[28,-27],[-1,-49],[23,-46],[-13,-104],[-52,-65],[-16,-94],[-18,-52],[-84,-113],[-52,-47],[8,-45],[-9,-58],[-43,-48],[-18,-39],[-12,-94],[40,-62],[-5,-30],[81,-34],[-2,-33],[41,-41],[81,-16],[49,-51],[101,-63],[35,-77],[31,21],[22,-50],[6,-66],[50,-56],[-8,-51],[-21,-33],[15,-55],[27,-8],[-3,-76],[40,-47],[-7,-39],[2,-121],[50,-30],[38,-55],[15,-46],[-19,-33],[16,-26],[67,-32],[-26,-51],[-15,-88],[-32,-19],[-40,-57],[-32,3],[-11,-32],[-93,-29],[-19,-38],[-59,-14],[-27,-103],[-14,12],[-75,-38],[-49,-56],[-47,-107],[-34,-21],[1,-56],[-33,14],[-27,-17],[-14,-52],[-39,-17],[34,-42],[-11,-81],[-30,16],[-37,-36],[-22,-61],[-26,27],[-27,-11],[-52,61],[-13,-52],[7,-74],[-33,-28],[-9,-38],[20,-31],[-6,-63],[-23,-51],[37,-4],[39,-69],[0,-82],[23,-23],[35,38],[20,-55],[19,-12],[143,66],[44,-29],[103,-3],[37,-48],[14,-39],[39,-33],[57,-126],[-10,-44],[-29,-40],[25,-53],[-62,-28],[-30,-34],[-15,-73],[-55,-45],[22,-57],[-49,-54],[13,-22],[-49,-80],[38,-111],[-7,-69],[31,-11],[5,-91],[17,-31],[43,-35],[-20,-54],[87,-145],[2,-44],[-42,-30],[-47,0],[-54,-47],[-24,8],[-26,-77],[-57,-5],[-7,-50],[-22,-13],[-47,6],[-15,-33],[12,-35],[-47,17],[-26,-43],[-38,-3],[-23,-39],[-57,-10],[-27,-77],[-28,23],[-1,61],[-62,-46],[-30,-52],[-58,-39],[1,-43],[-51,-35],[-6,-36],[48,-61],[-78,-64],[-37,13],[-18,-57],[-19,3],[-33,-48],[-30,-14],[-18,42],[-48,4],[-44,-94],[-30,-50],[-21,-14],[-46,24],[-19,37],[-48,-28],[-16,-63],[-53,-11],[-10,-18],[4,-58],[-55,-19],[-59,27],[-28,-16],[-63,-70],[-56,96],[-2,51],[-38,-30],[-69,48],[-24,5],[-20,43],[-29,10],[-18,-37],[-54,-8],[-51,11],[-71,47],[-26,80],[-82,33],[-55,5],[-14,42],[-64,4],[-36,34],[-37,-46],[-60,-39],[16,-54],[-37,9],[-38,31],[-132,-6],[-21,42],[-46,-25],[-43,21],[-67,-60],[-4,51],[-26,19],[-51,-34],[-23,32],[-64,18],[-15,59],[-92,-28],[-70,18],[-30,-41],[-52,-6],[-61,-10],[-25,13],[-49,-21],[-60,21],[-28,-27],[-32,11],[-49,-35],[-23,-38],[-26,11],[-9,75],[-91,34],[-35,40],[-42,2],[-24,27],[-42,-1],[-51,-44],[-26,-18],[-23,-66],[-55,-46],[-53,14],[-28,-20],[-26,-67],[-56,-36],[-40,33],[-33,5],[6,46],[-44,2],[-58,-50],[-17,-32],[-53,-3],[-51,10],[-6,-28],[42,-59],[-15,-29],[-47,-30],[-56,-101],[-8,-36],[-51,-12],[-39,-40],[-8,-53],[-62,10],[-23,-14],[-29,-84],[-49,-49],[-18,-45],[-41,-30],[-38,5],[-28,33],[-25,64],[-111,117],[-9,74],[1,58],[-20,41],[-88,3],[-32,-39],[13,-51],[-10,-27],[-27,-22],[-37,11],[-149,-33],[-24,-47],[31,-32],[-20,-40],[-38,26],[-39,7],[-52,-17],[-41,-37],[-43,-16],[-33,16],[-32,-9],[-26,-72],[-25,-6],[-56,29],[-36,-11],[-38,35],[-34,2],[-13,28],[-34,4],[-34,-29],[-61,-7],[-95,25],[-17,24],[-72,14],[-33,-5],[-26,-32],[-22,-76],[-41,-33],[-26,-41],[-189,20],[-77,-37],[-59,-7],[-56,10],[-58,-23],[-86,-36],[-39,-61],[-45,-91],[-41,-113],[-53,-47],[-66,-26],[-27,-113],[-17,-44],[-67,-70],[-73,-28],[-13,-51],[25,-62],[-8,-72],[20,-22],[-24,-98],[-58,-108],[-44,-47],[-40,-19],[-35,-47],[-156,10],[-54,-18],[14,-59],[-22,-30],[-114,-27],[-16,-15],[-3,-58],[-13,-62],[-53,-53],[-39,-9],[-76,-83],[-15,-39],[-19,-90],[-51,-119],[-24,-31],[-9,-48],[15,-29],[67,-60],[31,-45],[-4,-32],[-34,-30],[-106,47],[-102,34]],[[51590,36604],[-36,62],[-78,37],[2,48],[-44,-7],[-3,36],[-34,23],[-22,67],[-26,44],[-48,39],[-53,59],[-86,13],[-39,41],[-55,0],[-31,13],[-13,35],[-81,27],[-38,-28],[-75,18],[-75,73],[1,38],[-63,-9],[-18,21],[-46,-21],[-13,55],[-49,11],[-43,38],[-20,39],[-40,-14],[-26,26],[-25,-11],[-27,30],[-42,-22],[-80,60],[-27,-10],[-34,28],[-34,-6],[-50,19],[-38,-35],[-68,35],[-41,-27],[-79,50],[-15,-3],[-71,53],[-90,44],[-43,9],[-12,30],[-49,33],[-80,4],[-64,82],[-19,8],[-17,58],[-60,26],[-20,33],[-38,-24],[-26,31],[-22,-16],[-93,12],[-68,50],[-81,-1],[-58,86],[-10,46],[-81,14],[-37,64],[-51,59],[-27,-12],[-45,21],[-72,7],[-37,24],[-60,3],[-32,-27],[-83,47],[-17,54],[-48,22],[-28,44],[-49,50],[-5,23],[-27,33],[-53,99],[-119,49],[-68,45],[-49,2],[-74,-61],[-15,-23],[-113,4],[-72,24],[-28,0],[-71,-33],[-72,2],[-31,25],[-46,0],[-51,37],[-23,-11],[-65,24],[-64,43],[-80,8],[-3,57],[-15,16],[-69,94],[-23,92],[44,61],[51,16],[46,87],[41,29],[10,89],[12,13],[73,5],[71,16],[27,18],[15,44],[40,33],[25,44],[-1,39],[-37,49],[-47,33],[-54,14],[-117,-11],[-139,47],[-67,-6],[-109,-70],[-20,-60],[-109,21],[-63,71],[-5,105],[-12,32],[-6,104],[-44,151],[2,57],[-18,51],[-14,94],[44,59],[93,11],[22,39]],[[46808,40264],[5,137],[-16,44],[-73,101],[-45,26],[5,49],[-12,48],[-23,25],[15,88],[-60,107],[8,22],[-20,53],[-62,67],[-10,24],[-79,42],[-18,149],[-15,72],[18,67],[8,54],[-16,145],[7,48],[4,32],[37,84],[-16,47],[21,65],[33,42],[3,43],[23,38],[-17,38],[-19,149],[37,48],[-5,43],[27,6],[24,43],[18,79],[25,55],[-3,46],[64,48],[30,67],[-6,26],[66,49],[17,44],[57,41],[-34,33],[19,99],[19,21],[1,83],[42,156],[25,18],[24,55],[-3,43],[94,-12],[66,70],[33,12],[-35,70],[38,13],[23,-17],[23,36],[30,12],[23,44],[33,-13],[48,38],[30,-15],[5,30],[51,49],[48,1],[-8,40],[22,45],[45,12],[-7,54],[18,50],[31,26],[-13,56],[71,-14],[-25,55],[-16,74],[51,-25],[6,56],[39,-27],[44,5],[-7,34],[25,46],[82,45],[-8,40],[54,81],[2,55],[-38,20],[5,27],[-43,24],[-27,73],[-58,-10],[-26,41],[24,42],[-35,30],[4,49],[18,10],[-8,76],[11,29],[44,53],[23,8],[64,-18],[28,39],[52,8],[15,45],[37,-30],[26,23],[-35,50],[4,25],[48,5],[-10,96],[4,56],[43,16],[5,38],[29,23],[28,-23],[28,31],[39,11],[28,-3],[47,45],[97,43],[35,-14],[39,43],[24,-5],[52,41],[8,78],[29,77],[49,69],[-1,37],[53,49],[21,42],[8,97],[79,4],[65,23],[33,-16],[106,-15],[43,30],[79,3],[30,-16],[112,5],[22,26],[33,81],[24,15],[41,1],[-5,38],[25,32],[66,-6],[57,-50],[24,17],[17,71],[31,27],[45,94],[40,50],[29,9],[20,72],[78,133],[22,96],[-54,143],[14,56],[27,-3],[10,-45],[29,-14],[32,16],[-20,91],[35,38],[25,2],[25,37],[-22,73],[38,76],[-14,23],[9,43],[37,45],[12,56],[-32,40],[-7,67],[24,75],[68,51],[1,25],[-45,37],[33,102],[2,68],[56,40],[45,2],[27,29],[39,86],[48,25],[53,111],[45,28],[77,-5],[81,68],[25,51],[72,17],[41,-22],[51,25],[10,16],[13,16],[21,43],[32,4],[48,-38],[7,-92],[43,-38],[83,5],[68,57],[141,78],[5,59],[33,49],[107,61],[-15,55],[9,83],[-7,55],[48,79],[44,27],[14,39],[-28,81],[13,46],[49,73],[-9,73],[15,40],[57,83],[17,43],[-13,90],[75,122],[-20,77],[10,47],[-45,78],[4,37],[-28,50],[27,61],[-6,80],[45,70],[-12,115],[35,121],[50,85],[22,65],[29,32],[9,59],[-19,61],[31,32],[33,-38],[47,6],[62,53],[22,81],[-45,113],[6,73],[-37,53],[10,66],[35,32],[9,37],[-9,61],[11,97],[-36,88],[7,42],[-8,51],[7,75],[-38,70],[33,58],[74,7],[43,57],[36,109],[15,75],[30,69],[10,159],[51,66],[57,32],[46,52],[23,70],[42,5],[7,29],[-15,81],[7,60],[44,38],[16,40],[33,28],[21,41],[17,20],[5,95],[38,62],[8,88],[-42,47],[19,69],[-10,60],[20,94],[-25,52],[-21,70],[76,28],[11,48],[-35,21],[-13,45],[33,23],[49,-12],[35,52],[37,35],[-5,60],[22,63],[6,51],[27,44],[-23,63]],[[52535,53539],[35,36],[27,84],[-21,56],[41,46],[-23,61],[40,32],[0,38],[-22,29],[37,40],[49,-10],[16,21],[-3,111],[50,1],[-16,55],[107,126],[11,76],[45,13],[25,52],[44,55],[125,63],[15,35],[50,13],[40,48],[56,9],[36,35],[-3,29],[67,32],[-35,-42],[-3,-48],[-45,-22],[-6,-33],[-51,-34],[0,-29],[-28,-30],[-5,-73],[-22,-38],[27,-32],[12,-43],[43,-7],[-77,-57],[-24,18],[-17,-46],[20,-68],[-57,-35],[-17,-44],[13,-29],[-20,-44],[-50,-8],[-9,-52],[34,-29],[-25,-91],[-23,-30],[5,-41],[-18,-44],[8,-51],[32,-42],[42,-24],[73,-22],[37,-23],[1,-33],[31,-5],[57,-45],[56,1],[25,-24],[89,-22],[69,14],[14,-26],[50,-16],[26,-33],[35,17],[45,-13],[22,-28],[32,13],[37,-39],[51,-5],[63,-25],[5,-19],[108,-68],[823,-532],[277,-170],[67,61],[-1,41],[-20,58],[9,89],[-21,48],[3,37],[24,36],[-27,50],[7,43],[30,71],[76,93],[62,126],[-7,29],[26,63],[36,37],[5,73],[26,45],[92,44],[25,46],[53,37],[35,38],[20,49],[40,27],[29,-118],[86,-28],[-14,-57],[-25,-25],[16,-64],[62,-23],[33,19],[57,-28],[11,-41],[56,-40],[10,-23],[214,354],[1,4],[22,34],[55,-24],[-1,-69],[58,-15],[16,-50],[81,-57],[96,-108],[-13,-41],[19,-39],[0,-72],[29,-33],[95,21],[84,-62],[1,-41],[21,-45],[53,-16],[28,-95],[32,-73],[-32,-71],[26,-50],[3,-70],[-15,-71],[-34,-32],[29,-41],[-29,-104],[32,-57],[28,10],[45,30],[-5,93],[2,147],[14,28],[40,11],[22,67],[3,77],[25,20],[46,-35],[32,13],[11,-64],[-20,-42],[11,-60],[-7,-73],[41,-43],[-10,-40],[10,-50],[32,-13],[30,41],[99,15],[50,56],[57,34],[74,12],[66,54],[67,32],[28,53],[88,-2],[-8,23],[54,33],[17,-18],[42,15],[-43,-97],[28,-77],[-31,-33],[24,-45],[6,-74],[-36,-52],[40,-18],[71,26],[30,22],[54,7],[22,48],[-6,45],[46,25],[8,-45],[41,7],[23,-67],[80,8],[43,-93],[52,24],[13,29],[68,-17],[55,-55],[38,14],[46,-8],[50,16],[52,-56],[272,-343],[4,39],[44,61],[7,35],[35,61],[26,17],[9,37],[-45,24],[-15,24],[-9,84],[-18,38],[12,69],[36,35],[-13,54],[-25,19],[7,37],[-31,22],[29,87],[-33,24],[35,26],[18,96],[64,41],[56,-31],[53,-2],[17,-26],[-16,-56],[13,-89],[51,-19],[16,20],[48,-14],[60,18],[12,-18],[-19,-48],[11,-39],[48,-11],[45,12],[-31,-68],[45,-48],[-6,-28],[27,-27],[21,50],[53,20],[-3,43],[33,37],[60,-45],[33,6],[33,-31],[63,25],[33,-38],[27,65],[44,21],[-7,45],[45,22],[5,23],[72,3],[31,14],[7,-48],[60,-8],[40,18],[6,63],[49,18],[46,-7],[21,31],[59,8],[28,27],[72,20],[19,49],[50,0],[111,73],[1,25],[59,41],[21,36],[33,6],[21,-45],[32,3],[80,162],[152,89],[262,-2],[401,-3],[19,90],[30,14],[34,275],[20,-57],[55,-9],[40,-40],[-7,-33],[9,-145],[-13,-18],[11,-125],[61,19],[46,3],[211,63],[66,0],[35,39],[39,20],[28,-8],[65,28],[12,21]],[[62399,83410],[60,15],[5,90],[65,102],[35,38],[33,105],[29,-26],[33,71],[51,3],[-3,-50],[18,-49],[-33,-35],[48,-44],[-9,-36],[30,-22],[-24,-152],[9,-28],[-9,-56],[25,3],[15,63],[-6,31],[68,129],[53,134],[33,43],[11,48],[58,6],[9,-91],[-45,-71],[-8,-36],[-51,-11],[-60,-87],[24,-2],[52,57],[23,-27],[8,-41],[-14,-74],[-44,-53],[41,0],[42,36],[4,-55],[-76,-89],[61,7],[36,81],[7,86],[38,-24],[-14,68],[39,47],[32,-4],[2,-38],[-27,-35],[0,-58],[16,-21],[-64,-116],[-35,-35],[5,-23],[26,-22],[7,-31],[57,-33],[-8,-53],[14,48],[-24,36],[-74,71],[72,63],[2,18],[47,20],[56,126],[40,62],[15,98],[46,15],[48,-2],[33,-33],[-5,-21],[-79,-94],[-25,-82],[30,-73],[42,-60],[-17,-76],[29,-48],[-5,-45],[22,-27],[-49,-23],[8,-28],[-6,-61],[-38,-35],[-13,-36],[16,32],[42,31],[11,56],[53,10],[74,-13],[23,20],[30,79],[-14,47],[2,50],[24,59],[40,16],[44,-57],[36,-8],[-3,-57],[45,28],[29,-49],[13,53],[27,-48],[-18,-89],[13,-59],[-43,-68],[18,-20],[32,44],[29,14],[57,102],[-9,57],[11,20],[41,1],[-1,51],[79,25],[23,-46],[-20,-92],[-31,-14],[-45,-42],[-25,6],[-26,-27],[-22,-103],[9,-109],[-2,-53],[15,-38],[87,171],[34,17],[25,-9],[66,78],[3,74],[50,54],[-23,48],[27,37],[67,-25],[37,-64],[-14,-41],[28,-36],[5,-114],[-49,-61],[-90,-30],[12,-37],[49,-35],[12,20],[54,-54],[-28,-56],[-18,-67],[7,-32],[-33,-27],[-22,-54],[3,-78],[-40,-137],[-22,-103],[14,-46],[27,-17],[20,7],[-5,52],[71,286],[43,21],[60,-88],[27,20],[-7,41],[13,70],[32,69],[61,48],[23,41],[37,-25],[26,86],[38,55],[35,-37],[24,20],[-11,41],[64,129],[-22,73],[23,52],[18,-23],[-24,-147],[20,-78],[-9,-23],[12,-26],[49,-12],[7,59],[-23,46],[35,15],[-6,-107],[58,-38],[45,1],[34,22],[38,-53],[37,-6],[32,54],[25,18],[45,-38],[67,96],[56,42],[0,33],[43,23],[49,4],[36,-19],[-49,-72],[15,-93],[-75,-23],[-42,-117],[-44,-21],[-17,-71],[14,-30],[9,-65],[37,24],[33,3],[37,-57],[45,79],[17,50],[54,-60],[30,40],[53,24],[30,-38],[88,73],[16,-38],[-3,-41],[23,-24],[12,71],[30,15],[50,-119],[17,-21],[-9,-68],[-22,-48],[-45,39],[-77,-1],[-58,-11],[-39,-60],[-54,-17],[-22,-45],[37,-20],[37,0],[16,-24],[36,-13],[70,16],[-7,-49],[-21,-42],[-75,-63],[69,-8],[17,-17],[34,44],[67,12],[57,107],[39,-6],[62,-41],[-73,-74],[-24,-58],[21,-55],[-9,-37],[39,-18],[-23,-25],[-20,-8],[-5,-14],[35,-30],[59,39],[54,-16],[61,95],[27,-41],[-40,-82],[-63,-33],[-65,-58],[32,4],[22,26],[31,-13],[46,24],[37,-28],[22,38],[40,-106],[33,-52],[1,-71],[10,-38],[-32,-45],[49,-37],[2,-47],[-59,-34],[0,-120],[2,-105],[64,4],[83,-70],[13,-48],[21,-10],[51,-65],[25,-126],[39,-88],[26,-98],[-41,-61],[9,-41],[-36,-80],[-29,-18],[-31,5],[87,-105],[102,-118],[25,1],[53,38],[148,18],[26,17],[82,28],[14,5],[56,33],[16,37],[85,49],[24,-5],[54,25],[85,-10],[20,-88],[-98,-7],[-80,-46],[34,10],[48,-18],[70,1],[124,-3],[41,-39],[-44,-164],[-48,-83],[44,14],[33,60],[91,100],[56,125],[22,79],[56,69],[18,37],[58,66],[102,61],[84,-85],[-29,47],[72,172],[26,25],[111,53],[79,75],[38,23],[62,-26],[49,-45],[53,-115],[34,-91],[56,-101],[20,-16],[25,43],[64,51],[36,14],[76,0],[51,15],[17,-19],[72,-19],[12,12],[68,-9],[135,-41],[132,-48],[50,-36],[128,-56],[52,-34],[139,-73],[12,-12],[150,-69],[229,-124],[81,-56],[107,-38],[42,12],[13,-40],[35,-28],[52,-3],[3,27],[-44,-1],[-19,24],[43,25],[108,-134],[35,-33],[66,-60],[100,-70],[48,-24],[94,17],[56,-83],[11,51],[90,-36],[155,-8],[79,42],[20,26],[37,-28],[65,-1],[81,69],[40,0],[-10,-45],[28,-42],[2,45],[121,-29],[103,5],[64,16],[32,-2],[77,-137],[36,-26],[32,94],[66,-21],[49,13],[27,-8],[97,6],[85,-11],[67,3],[34,-45]],[[71998,79470],[-23,-43],[-55,-44],[6,-134],[-37,-22],[3,-72],[-8,-40],[42,-74],[24,-23],[55,-45],[34,-82],[-48,-70],[-9,-65],[-27,-39],[-70,-42],[-10,-27],[-57,-89],[-43,-12],[-27,-40],[3,-58],[-27,-35],[-6,-92],[-56,22],[-33,-102],[-10,-12],[-60,-59],[-52,1],[-114,-34],[-70,-8],[-40,-39],[11,-34],[67,-13],[6,-27],[-62,-43],[-3,-57],[-39,-36],[-21,-71],[-81,-15],[-22,-32],[1,-50],[-15,-27],[-86,7],[-67,-30],[-44,-22],[-64,44],[-37,-1],[-73,-44],[-34,16],[-30,-65],[-32,-5],[-10,42],[-42,3],[-16,-37],[-40,-37],[-25,4],[-34,42],[-16,54],[-18,-15],[-8,-67],[-52,-35],[-8,-68],[-62,-88],[-29,-45],[-80,-39],[-16,-68],[-41,-50],[-14,-6],[-82,-110],[-12,-50],[32,-83],[-8,-47],[-21,-26],[7,-53],[22,-35],[-37,-38],[-82,-194],[-9,-69],[-35,-50],[-56,-35],[-44,-42],[-9,-51],[-16,-44],[-39,22],[-25,-22],[-13,-54],[-23,-49],[-30,-104],[-47,-84],[-53,-27],[-2,-40],[31,-29],[-16,-26],[-83,-3],[-23,-21],[-89,-122],[-16,-50],[6,-103],[14,-79],[40,-75],[-4,-44],[2,-64],[28,-26],[43,13],[63,-44],[52,-47],[18,-40],[-10,-80],[57,-38],[-19,-86],[-33,-71],[15,-53],[-4,-32],[-98,-190],[-77,-71],[-16,-37],[27,-49],[44,-33],[0,-61],[-43,-37],[-21,-48],[6,-46],[55,-68],[55,-43],[13,-47],[-2,-72],[10,-22],[81,-109],[-18,-84],[9,-49],[37,-106],[0,-65],[13,-47],[35,-42],[20,-123],[18,-30],[12,-84],[-14,-62],[-52,-65],[11,-71],[22,-48],[-1,-72],[-26,-98],[-39,-35],[-57,-29],[-31,-49],[-42,0],[-27,-17],[-24,-81],[-33,-35],[-70,-27],[-12,-87],[-37,-35],[-21,-44],[-11,-64],[-43,-48],[-7,-48],[-26,-37],[-22,5],[-71,-21],[-32,-40],[-9,-38],[38,-50],[-16,-73],[28,-129],[-8,-34],[-35,0],[-12,-36],[7,-95],[13,-45],[-11,-46],[45,-92],[-6,-26],[-44,-64],[8,-27],[18,-30],[2,-75],[35,-65],[45,-33],[7,-33],[-18,-64],[-34,-23],[-3,-58],[28,-32],[23,-73],[35,-29],[51,0],[37,-12],[32,-42],[11,-90],[16,-28],[82,-42],[43,-56],[35,-21],[44,-3],[49,-64],[0,-42],[19,-39],[-8,-64],[-19,-43],[45,-3],[21,-31],[-39,-39],[-21,-46],[2,-31],[-50,-90],[18,-83],[7,-82],[-37,-30],[-8,-28],[34,-17],[-40,-69],[12,-63],[-11,-44],[-40,-55],[-24,-97],[8,-24],[-13,-55],[-67,-88],[-54,-25],[-20,-23],[-19,-56],[-25,-26],[-60,-19],[-39,4],[-43,31],[-36,3],[-42,-50],[-67,-34],[-49,-5],[-36,33],[-94,17],[-88,-14],[-17,-31],[-47,-40],[-76,-13],[-81,9],[-34,-55],[-53,5],[-9,-43],[-63,-24],[-55,13],[-23,-19],[-61,28],[-17,39],[-39,50],[-67,21],[-21,23],[-5,43],[-28,44],[-52,-21],[-33,35],[-50,22],[-36,40],[-79,34],[-57,-8],[-37,27],[-31,-15],[-56,3],[-47,-29],[-36,32],[-65,-64],[-76,-21],[-58,-57],[-76,13],[-31,-45],[-39,12],[-26,58],[-31,-3],[-39,-34],[-102,-8],[-44,-20],[-17,-57],[4,-46],[-40,-32],[-27,45],[-61,-6],[7,-44],[32,-43],[-34,-34],[-25,45],[-35,-76],[-51,-24],[-27,-54],[5,-74],[-63,-21],[-14,-87],[-53,-62],[-39,-20],[-24,3],[-7,-45],[-36,-79],[5,-75],[-49,-69],[-17,-39],[-22,-2],[-38,24],[-69,-32],[-36,5],[-53,-26],[-76,-68],[-52,-11],[-67,-58],[-54,-35],[-18,-59],[-35,-17],[-56,-2],[-36,-79],[-90,-134],[-50,-17],[-9,-24],[-38,-15],[-35,-69],[-20,-92],[-55,-8],[-44,24],[-22,68],[-85,-42],[-15,18],[-67,26],[-13,-41],[-58,-24],[-10,-40],[-36,-52],[-31,-13],[-42,4],[-37,-63],[-20,-54],[-68,-11],[-21,-18],[-38,2],[-11,-1],[-35,-37],[-32,4],[-64,-44],[-85,26],[-137,-48],[-22,20],[-41,-40],[-34,-49],[-26,-5],[-30,-42],[-43,44],[-50,-35],[-79,-25],[-108,-19],[-8,-34],[-68,-65],[-51,8],[-5,-63],[-34,-37],[-42,-18],[-23,-35],[-29,12],[10,-44],[-39,-3],[1,-64],[-26,-2],[-15,-37],[12,-37],[-32,-11],[25,-40],[-10,-55],[-26,-38],[-22,-4],[-1,-58],[-34,-41],[3,-43],[-26,-12],[6,-38],[26,-34],[-44,-26],[40,-22],[-34,-29],[-18,-71],[5,-34],[-26,-34],[-23,-60],[35,-28],[-54,-50],[30,-43],[-12,-70],[-36,-80],[18,-33],[-25,-53],[11,-50],[-25,-47],[-39,-30],[6,-42],[-70,-77],[-38,-26],[-16,-31],[-3,-86],[-27,-41],[-6,-47],[-19,-36],[0,-48],[-36,-33],[-6,-52],[-29,-9],[-24,-47],[3,-50],[-33,-60],[6,-56],[-11,-53],[16,-13],[-41,-68],[7,-38],[-40,-81],[-50,-27],[0,-20],[62,-38],[-27,-27],[-57,-11],[-26,-29],[-12,-83],[-43,-127],[-30,14],[-25,-16],[5,-32],[-60,-28],[-7,-61],[-34,12],[-69,-68],[-2,-27],[-46,-52],[28,-36],[-54,-83],[6,-40],[-32,-31],[7,-33],[-31,-58],[6,-63],[50,-68],[21,-64],[35,-35],[18,-61],[-5,-63],[20,-17],[13,-51],[-13,-94],[39,-110],[25,-24],[-12,-30],[16,-48],[2,-61],[-14,-86],[18,-32],[-25,-36],[36,-97],[8,-44],[54,-27],[36,7],[51,-47],[14,-37],[45,-72],[20,-107],[0,-60],[-73,-95],[-23,-44],[10,-24],[-31,-41],[8,-76],[40,-68],[-28,-85],[7,-73],[-20,-42],[40,-115],[-2,-82],[-16,-47],[-39,-44],[-23,-103],[-23,-56],[20,-84],[34,-97],[-26,-130],[-29,-50],[-30,-126],[23,-22],[-19,-105],[-43,-67],[-5,-42],[-55,-47],[-15,-50],[-32,-14],[-24,-64],[22,-96]],[[62752,60202],[-55,25],[-57,-4],[-22,-23],[-26,49],[0,55],[-23,108],[-68,-23],[-77,-62],[-32,-8],[-52,17],[-73,-19],[-71,79],[-36,34],[-67,-6],[-61,-23],[-84,10],[-43,-16],[-101,44],[-20,92],[-86,120],[-62,16],[-28,77],[1,75],[-45,72],[11,37],[-9,47],[24,51],[-29,44],[10,48],[3,61],[-42,19],[16,45],[-28,22],[7,42],[-46,76],[-63,-32],[-45,-1],[-38,37],[23,68],[-17,33],[-43,25],[-61,-8],[-47,25],[-2,53],[-18,67],[90,71],[16,51],[0,41],[51,114],[99,65],[-3,26],[-77,75],[-2,32],[37,39],[-32,39],[-43,-14],[-18,33],[-60,12],[-46,48],[0,51],[34,40],[-42,14],[-32,36],[-66,-16],[-77,-1],[-49,-41],[-32,31],[16,55],[-17,34],[-73,74],[-25,78],[-56,1],[-26,40],[28,30],[6,31],[28,29],[-22,44],[21,73],[-18,45],[-51,6],[6,61],[-30,55],[-63,11],[-24,36],[-59,-17],[-12,17],[4,57],[40,59],[-21,41],[-42,8],[-80,-46],[-25,16],[-45,-17],[-60,32],[-32,-4],[-45,19],[24,28],[8,49],[23,28],[11,56],[7,29],[34,5],[21,105],[40,8],[-4,33],[56,42],[-28,29],[-23,62],[33,28],[64,-6],[18,27],[53,7],[0,44],[34,65],[-5,100],[-28,33],[-16,47],[23,91],[61,57],[-5,43],[-28,39],[-32,15],[-2,40],[33,62],[-28,36],[117,101],[36,59],[-6,148],[57,0],[52,52],[11,62],[-16,61],[38,28],[-14,23],[34,46],[39,-25],[28,9],[45,-22],[11,38],[33,43],[48,18],[16,21],[42,8],[65,37],[34,-22],[55,-2],[21,14],[51,-7],[34,17],[21,47],[26,18],[33,58],[-3,86],[15,44],[33,52],[-24,37],[-23,4],[-14,44],[51,131],[6,45],[42,34],[10,37],[-31,70],[8,62],[-20,36],[-11,55],[-64,62],[-87,52],[-10,47],[-95,62],[-60,-7],[-43,-26],[-22,22],[-28,-36],[-54,-6],[-25,18],[-86,-43],[-82,-63],[-52,0],[-47,-27],[-52,11],[-71,-17],[-30,-59],[-50,14],[-12,-26],[-39,-13],[-34,-51],[5,-24],[-38,-47],[-38,-8],[-15,-40],[-44,14],[-65,11],[-35,66],[-6,56],[-96,84],[1,52],[-54,77],[-28,-7],[-3,65],[-61,58],[-29,49],[-11,39],[-62,19],[-43,30],[-48,166],[-40,72],[-87,-1],[-8,68],[31,41],[-65,10],[4,56],[14,21],[-28,46],[-28,15],[-18,38],[-33,-34],[39,-27],[-25,-40],[-48,23],[9,120],[-49,33],[13,46],[-92,33],[21,21],[6,57],[-69,18],[-23,-32],[-26,14],[0,86],[-37,30],[-18,113],[-35,11],[-67,-19],[-29,-27],[-60,24],[15,46],[44,41],[90,36],[74,51],[16,30],[11,62],[-48,110],[-96,73],[-110,4],[-35,-21],[-44,-73],[-52,-4],[-54,109],[-37,55],[-100,51],[-31,59],[10,84],[77,64],[37,1],[76,-36],[35,19],[39,57],[20,78],[47,71],[50,33],[60,81],[28,80],[16,37],[-2,70],[49,99],[1,90],[-30,81],[-19,32],[27,97],[42,67],[10,33],[-8,64],[2,74],[-5,67],[67,128],[14,50],[-5,41],[18,122],[50,86],[20,18],[20,35],[-40,135],[32,76],[23,90],[2,98],[67,142],[-10,81],[-5,28],[-36,54],[-48,125],[-16,75],[-10,97],[10,64],[-1,98],[-19,43],[-20,44],[4,30],[35,119],[4,47],[-9,66],[4,63],[-15,29],[-10,70],[-54,134],[-36,49],[-24,73],[0,53],[44,123],[-8,69],[-6,34],[-10,67],[2,79],[-38,101],[-37,38],[-26,46],[-71,75],[-45,-17],[-86,26],[-107,98],[-43,23],[-131,83],[-63,4],[-31,-12],[-92,-8],[-36,26],[-54,86],[2,96],[-9,69],[-33,45],[-116,54],[-48,0],[-95,14],[-40,-14],[-74,-71],[-60,-19],[-74,24],[-149,12],[-62,30],[-45,37],[-48,30],[-56,18],[-48,31],[-44,2],[-33,17],[-78,72],[-125,-22],[-51,-16],[-68,-10],[-30,-17],[-74,4],[-66,-55],[-28,-42],[-16,-84],[0,-52],[-35,-72],[-49,-65],[-54,9],[-19,33],[-44,31],[-47,6],[-45,-37],[-11,-63],[-17,-21],[-49,12],[-48,-2]],[[56467,72783],[378,337],[301,270],[28,30],[6,56],[39,-18],[42,29],[421,382],[39,36],[305,274],[74,67],[54,49],[414,370],[53,72],[49,-17],[37,6],[66,-40],[100,-6],[38,27],[57,69],[32,14],[96,124],[33,100],[67,73],[61,90],[13,54],[59,99],[-7,68],[18,44],[49,31],[17,32],[86,46],[32,48],[37,14],[-16,62],[30,37],[2,67],[52,6],[-18,92],[12,43],[-7,43],[38,51],[27,106],[55,-15],[22,42],[88,61],[12,40],[45,2],[30,23],[11,35],[45,40],[-2,37],[74,113],[22,-8],[9,53],[62,13],[13,36],[30,18],[29,100],[24,51],[10,61],[-11,25],[20,32],[-12,55],[25,26],[10,39],[-14,52],[35,31],[-44,64],[34,9],[-17,60],[36,39],[3,61],[-14,42],[40,3],[30,72],[65,22],[8,38],[-12,51],[41,-2],[19,112],[-8,55],[26,11],[-11,41],[11,42],[50,56],[50,29],[2,31],[47,9],[57,31],[9,30],[77,21],[-28,51],[37,27],[12,39],[-10,49],[28,22],[31,-12],[6,66],[40,10],[10,44],[24,39],[-1,45],[45,6],[-12,52],[-39,39],[97,0],[-5,54],[39,26],[17,49],[20,135],[50,61],[9,90],[-41,19],[-2,46],[30,13],[-58,126],[25,16],[50,-22],[25,26],[-4,59],[42,-21],[17,11],[-8,67],[59,-41],[11,44],[-40,37],[4,45],[-64,-22],[-24,46],[14,49],[-9,32],[-33,-6],[-14,47],[-25,12],[-8,59],[17,43],[63,20],[5,34],[28,13],[-2,60],[36,14],[20,-61],[17,7],[18,70],[171,46],[-6,72],[38,14],[2,48],[-27,17],[17,50],[32,-13],[46,2],[84,21],[-32,64],[17,35],[-18,60],[-8,148],[30,34],[15,43],[26,27],[-7,28],[-48,-7],[-32,-43],[-35,8],[-1,44],[73,85],[-2,74],[22,23],[10,75],[-33,52],[47,23],[47,-56],[33,15],[19,46],[55,26],[25,75],[32,35],[71,42],[-27,42],[56,58],[8,72],[-19,35],[8,51],[18,22],[38,79],[-2,49],[36,86],[33,137],[-16,81],[-31,26],[57,75],[11,33],[-45,74],[-64,20],[-56,-16],[-25,14],[-29,-28],[-27,35],[-11,65],[21,61],[21,36],[31,11],[66,-14],[43,29],[59,-25],[26,43],[77,36],[41,58],[-16,51],[-6,66],[38,47],[-13,38],[37,54],[-21,150],[-74,102],[83,80],[3,21],[-40,37],[55,54],[37,129],[24,34],[-64,17],[3,51],[-40,6],[-31,76],[50,74],[-23,63],[47,47],[39,25],[19,-13]],[[63038,83597],[30,41],[26,-28],[-24,-70],[-29,8],[-3,49]],[[63082,83425],[25,23],[26,-39],[-5,-39],[-40,10],[-6,45]],[[63379,83283],[-42,-24],[-34,68],[9,60],[41,57],[26,-68],[17,-18],[-3,-55],[-14,-20]],[[63426,83268],[18,23],[-5,106],[18,153],[25,41],[36,11],[-1,-119],[-26,-16],[-33,-78],[-1,-65],[18,-1],[-3,-60],[-15,-20],[-23,-123],[23,-73],[-12,-25],[-45,-15],[-51,18],[10,31],[-25,31],[30,38],[-27,53],[2,60],[58,39],[29,-9]],[[63617,83200],[61,44],[-8,-56],[-53,12]],[[63684,83341],[-67,0],[-39,9],[17,42],[-2,48],[35,5],[58,-44],[-2,-60]],[[64652,82854],[22,40],[20,84],[24,-39],[-51,-87],[-15,2]],[[64653,82726],[12,44],[40,-14],[-8,-49],[-44,19]],[[64806,83059],[25,42],[47,0],[54,-34],[-16,-48],[-57,35],[-53,5]],[[64960,82943],[-4,-24],[-20,-38],[-29,-3],[-65,57],[-17,75],[33,34],[50,-30],[16,-62],[8,-16],[9,-5],[8,4],[11,8]],[[64981,83018],[14,-90],[-36,-33],[-2,24],[6,23],[-4,3],[-11,-10],[-15,6],[-7,41],[-9,18],[31,89],[53,-42],[-20,-29]],[[65035,83042],[46,-35],[-31,-36],[-52,-15],[-14,61],[15,14],[4,17],[-7,14],[-81,80],[-9,21],[25,37],[45,17],[49,-22],[20,-31],[-4,-16],[32,-5],[2,-23],[-9,-21],[23,-46],[-23,-21],[-31,10]],[[65210,83094],[12,-23],[-46,-24],[-63,35],[-19,36],[-18,13],[5,16],[-25,0],[-19,40],[-2,27],[53,0],[97,-50],[28,-48],[-3,-22]],[[65323,82642],[49,44],[26,1],[-64,-109],[15,-52],[-25,-43],[-48,13],[-21,29],[7,31],[56,41],[5,45]],[[65350,82573],[0,15],[53,87],[-24,68],[42,10],[22,-22],[15,-115],[-18,-20],[-90,-23]],[[65414,82447],[10,62],[21,40],[50,-35],[-20,-28],[-61,-39]],[[65690,81739],[20,9],[37,35],[30,-28],[-52,-44],[-35,28]],[[65723,81880],[2,18],[59,61],[28,-42],[-51,-26],[2,-47],[-37,-15],[-3,51]],[[65785,81740],[-13,64],[6,38],[31,15],[27,-16],[12,-48],[-11,-53],[-52,0]],[[71862,33275],[-9,-31],[-61,-47],[-49,6],[-15,-89],[14,-35],[-59,-57],[-28,-88],[0,-37],[-38,-48],[-121,14],[-61,-28],[-59,6],[-104,-63],[-29,-35],[23,-48],[57,-43],[69,-33],[11,-20],[-43,-10],[-5,-39],[-41,-47],[2,-19],[-27,-11],[-22,-61],[-53,5],[-25,-78],[-32,-35],[-13,-37],[-28,-46],[30,-61],[-18,-51],[32,-21],[-2,-51],[-88,-84],[-2,-66],[-19,-26],[32,-50],[-27,-14],[14,-59],[-27,-17],[-18,-43],[24,-35],[-33,-16],[-32,26],[-24,-28],[8,-45],[-39,-81],[26,-10],[54,-79],[-47,-41],[-17,-44],[-29,7],[-35,-78],[-26,-37],[-46,-33],[-15,-24],[-36,-71],[48,-57],[10,-45],[93,11],[59,-55],[20,-35],[-2,-61],[-89,-39],[-15,-22],[-49,-21],[-47,11],[-48,-18],[-29,-29],[-65,-32],[-91,-32],[-8,-4],[-72,-42],[-192,-88],[3,-23],[-61,-14],[-14,-12],[-122,-46],[-104,-53],[-106,-63],[-97,-44],[-51,-11],[-119,-48],[-1,-18],[-59,-60],[-134,-62],[-54,-53],[-26,10],[-75,-34],[11,-54],[-87,-70],[-73,24],[-40,-19],[-11,-35],[-39,11],[-12,74],[37,33],[6,59],[0,15],[-53,-6],[-37,25],[-73,-37],[-53,22],[-36,53],[-82,-8],[-50,-24],[-48,36],[-50,7],[-120,-97],[-82,-48],[-57,-32],[-94,-7],[-7,33],[-133,-65],[-58,82],[-45,-68],[-70,41],[-43,-19],[-9,-27],[-30,23],[-64,-4],[-49,-49],[-47,22],[-8,27],[-41,27],[-58,-42],[-69,-21],[-27,-21],[-83,-4],[-1,-33],[-138,-49],[-24,-23],[-57,-13],[-59,-40],[-23,21],[-42,4],[-16,-21],[-44,0],[-53,-39],[-27,0],[-55,-50],[-12,-34],[-75,-52],[-45,2],[-21,-32],[-27,-28],[-26,14],[-25,-34],[-59,-3],[-21,-20],[-6,62],[-64,3],[-23,-27],[-50,-19],[-81,21],[-69,-40],[-8,24],[-88,19],[-43,-17],[-23,-46],[-74,-68],[-105,-75],[-44,3],[-58,27],[-74,-31],[-86,-123],[-13,19],[-77,7],[-52,26],[-46,-41],[-31,3],[-102,-48],[-12,-30]],[[65296,29076],[-57,-66],[-22,9],[-33,12],[-68,-23],[-17,-44],[-37,-15],[-58,6],[-58,-58],[-58,23],[-141,-11],[-57,-37],[-52,-14],[-40,-17],[-41,-12],[-45,-39],[-15,-35],[-24,-41],[-173,-90],[-26,-75],[-22,-15],[-40,8],[-87,-10],[-63,-54],[-19,4],[-64,-42],[-18,1],[-15,79],[-19,3],[-68,38],[-50,45],[-16,-5],[14,-22],[-32,-76],[-25,8],[-36,-40],[-52,-28],[-78,-12],[-13,11],[46,65],[-9,38],[-28,28],[-31,-44],[-42,-13],[-21,-36],[-107,-34],[-33,38],[47,96],[-7,57],[-35,9],[-37,-34],[-41,18],[-30,-19],[-22,-60],[15,-22],[28,-5],[44,-74],[-41,-31],[-59,7],[-18,-31],[-63,-32],[-20,-25],[-54,-14],[-18,-61],[31,-37],[23,-5],[88,46],[53,-2],[43,-90],[3,-31],[-40,-52],[37,-65],[-63,18],[-30,38],[-35,-33],[7,-79],[-6,-26],[-42,-29],[-26,27],[-5,35],[-46,10],[-55,-20],[-21,-59],[-29,-26],[-41,-12],[-5,79],[-39,35],[-10,37],[-54,-73],[-43,-13],[-38,-34],[-43,-15],[-36,-51],[-42,12],[-54,-30],[-28,12],[-70,-7],[-64,-39],[-34,-34],[-24,32],[26,40],[-13,94],[-26,-16],[-82,-2],[-148,-65],[-19,38],[-27,-7],[-38,-51],[-49,27],[-60,-43],[-26,11],[-45,59],[5,151],[28,75],[65,59],[-4,15],[-65,12],[-46,36],[-51,1],[-73,37],[-30,-3],[-10,53],[-35,5],[6,29],[-23,40],[22,13],[118,22],[56,4],[-8,44],[-54,20],[-5,34],[38,7],[-39,60],[-23,62],[42,42],[-7,27],[-49,19],[-34,47],[-66,6],[-15,23],[-114,41],[26,60],[-43,4],[-11,58],[-68,19],[-71,2],[-33,7],[-78,53],[12,126],[-33,-8],[-49,81],[-8,41],[-37,12],[-12,26],[40,27],[5,40],[-18,43],[38,44],[31,76],[21,84],[-8,20],[65,-11],[11,59],[61,19],[-23,106],[-27,6],[-25,37],[-62,-11],[-92,13],[-13,28],[56,19],[71,10],[-47,81],[23,39],[29,-4],[29,37],[81,-14],[-12,51],[-56,48],[-23,58],[0,30],[-32,29],[-13,50],[47,38],[12,40],[-43,81],[-54,31],[86,117],[-3,31],[53,27],[-1,71],[17,71],[-14,20],[17,76],[64,-19],[64,11],[-5,50],[26,15],[19,60],[63,44],[-13,30],[27,89],[26,43],[-50,50],[15,48],[-7,27],[23,30],[0,49],[-23,20],[-3,38],[-34,-5],[-49,17],[-42,40],[-57,-43],[-31,37],[-24,46],[-24,2],[-23,44],[0,35],[1,40],[-44,8],[-19,-36],[-40,-23],[-17,-43],[-31,21],[-54,0],[-52,46],[-6,38],[-37,-28],[-19,-5],[-92,17],[-10,-42],[-46,-18],[-27,-36],[-38,-8],[-19,-23],[-91,-24],[-69,18],[-44,-22],[-50,16],[-21,61],[26,33],[-8,35],[26,32],[-44,39],[-32,79],[2,31],[-28,24],[-6,61],[-16,51],[-60,40],[24,42],[-14,17],[-48,-5],[-51,61],[-11,46],[14,37],[-36,51],[27,54],[-47,62],[7,49],[-15,26],[-2,54],[-23,49],[30,94],[-21,29],[-65,44],[-23,30],[5,35],[-45,11],[-32,32],[-35,67],[30,76],[28,73],[-23,70],[24,20],[20,46],[36,9],[13,59],[-7,42],[37,35],[2,37],[44,-11],[76,1],[31,61],[10,55],[-6,48],[-30,13],[9,44],[-32,21],[-43,120],[10,12],[-9,48],[-28,59],[-128,44],[-35,35],[-45,21],[-27,29],[-71,47],[9,40],[-14,44],[18,31],[-20,62],[-9,85],[30,42],[-2,40],[20,64],[27,23],[39,61],[33,80],[3,21],[-43,50],[-25,102],[-78,36],[-29,55],[-53,29],[-57,23],[-29,47],[-82,14],[-18,34],[-54,47],[-10,47],[43,33],[-27,53],[-22,15],[-46,76],[-29,-19],[-37,-7],[-21,-28],[-55,-2],[-40,-27],[-77,-8],[-23,-36],[-1,-38],[-43,-42],[-51,-17],[-78,70],[-10,50],[-27,30],[-55,31],[-47,-25],[-70,5],[-91,2],[-65,-28],[-40,16],[-16,-8],[-35,-66],[-1,-35],[32,-32],[-19,-80],[-12,-57],[-54,-70],[-78,45],[-18,33],[-8,89],[-67,64],[-19,-5],[-16,-30],[4,-61],[-39,-94],[-28,-27],[-34,11],[-33,-55],[-61,-28],[-64,5],[-47,39],[-48,18],[-17,48],[-52,23],[-7,47],[-48,84],[-56,44],[-42,-15],[7,-35],[-21,-78],[57,-67],[23,-54],[-17,-23],[-66,-25],[-70,18],[-21,33],[-45,26],[-133,-24],[-69,25],[-102,-31],[-56,-23],[-73,-11],[-63,13],[-39,9],[-86,-14],[-76,-62],[-43,-18],[-136,17],[-50,26],[-61,-11],[-55,-24],[-92,6],[-74,-48],[2,-100],[-40,-58],[-28,-63],[-8,-79],[29,-54],[-7,-97],[21,-59],[5,-49],[-33,-89],[-39,-21],[-66,51],[-77,47],[-17,42],[10,48],[1,227],[9,41],[-23,142],[-27,88],[-18,21],[-91,39],[-78,-12],[-48,-147],[-60,-126],[-40,-59],[-56,-35],[-28,-35],[-27,-7],[-44,25],[-50,-2],[-44,60],[-33,61],[-14,77],[-39,72],[-35,85],[-13,120],[-8,42],[3,111],[22,110],[30,33],[48,-6],[32,19],[-3,77],[-35,19],[-72,4],[-32,-11],[-47,-39],[-53,-17],[-175,11],[-43,11],[-87,71],[-16,63],[-32,29],[-84,22],[-17,-14],[-53,4],[-52,-17],[-43,-31],[-20,-9],[-174,2],[-83,17],[-74,0],[-41,-17],[-78,-5],[-41,-34],[-76,3],[-39,20],[-91,35],[-54,10],[-74,-17],[-91,26],[-80,78],[-53,29],[-61,3],[-44,-10],[-53,7],[-50,19],[-44,2],[-66,-26],[-103,22],[-34,-15],[-67,11],[-82,62],[-48,63],[-50,50],[-84,39],[-39,16],[-61,-41],[-40,-1],[-62,-36],[-39,-8],[-35,-8],[-62,-101],[-25,-15],[-34,-23],[-59,-93],[-56,-22],[-57,-12],[-60,-25],[-107,-18],[-76,-54],[-60,-24],[-53,-49],[-41,-10],[-49,-9],[-8,-23],[-49,-30],[-30,-42],[-50,-14],[-70,-125]],[[51443,35021],[-39,95],[27,59],[3,67],[-36,80],[0,23],[41,88],[7,47],[-45,92],[3,85],[-10,76],[-25,43],[-14,35],[27,53],[-41,53],[17,42],[1,71],[107,221],[6,41],[55,20],[37,-26],[36,4],[14,24],[0,57],[-15,42],[-72,107],[-2,36],[33,39],[32,9]],[[51443,35021],[-1,-28],[-36,-72],[-71,-190],[-21,-89],[-16,-31],[-80,-73],[-70,-55],[-63,-25],[-83,-18],[-94,-12],[-125,-30],[-58,-28],[-49,-41],[-40,-75],[-31,-30],[-53,-126],[-51,-54],[-62,-41],[-97,-164],[-17,-55],[-73,-74],[-78,-54],[-22,-18],[-37,-48],[-67,-176],[-22,-90],[26,-75],[-22,-102],[8,-133],[33,-71],[-22,-123],[-94,-67],[-108,-3],[-20,-15],[-82,-115],[-28,-68],[-8,-62],[-32,-74],[-41,-21],[-34,-43],[-94,-9],[-30,-45],[7,-85],[-9,-43],[36,-74],[34,-102],[-17,-49],[-11,-130],[-17,-44],[-87,-84],[-24,-66],[-24,-112],[-45,-36],[-33,-67],[-82,-53],[-127,34],[-46,-30],[-55,-101],[0,-39],[75,-72],[13,-58],[24,-41],[9,-51],[-17,-53],[-46,-97],[-61,-79],[-99,-35],[-30,-29],[-51,-112],[-12,-76],[-98,-101],[-34,-48],[-59,-32],[-60,-70],[-39,-77],[-45,-194],[-36,-75],[-49,-76],[-33,-20],[-36,-69],[-107,-111],[-54,-41],[-17,-42],[-80,-30],[-42,-29],[-100,-42],[-34,-39],[-70,-33],[-53,-49],[-86,-27],[-65,-53],[-48,-21],[-117,-90],[-93,-94],[-34,-61],[-69,-36],[-140,-52],[-112,-51],[-36,-70],[-57,-18],[-76,-55],[-76,-119],[6,-68]],[[46734,28521],[-51,-78],[-44,-66],[-41,-40],[-34,-51],[-40,-38],[-66,-7],[-22,-5],[-4,-1],[-9,-3],[-100,-38],[-86,-38],[-82,-49],[-35,-54],[-69,-24],[-43,-49],[-47,-23],[-76,-56],[-139,-67],[-54,-98],[-41,-20],[-41,-39],[-20,-58],[-39,-75],[9,-26],[-15,-286],[-41,-49],[-29,-98],[-26,-33],[-44,-102],[-14,-72],[-21,-52],[-23,-69],[-36,-65],[-47,-61],[-31,-40],[-90,-27],[-135,-87],[-124,-67],[-63,6],[-27,-11],[-34,-48],[-38,-114],[-7,-87],[-37,-106],[-15,-108],[0,-45],[-45,-102],[-2,-91],[-54,-111],[-17,-105],[-10,-100],[9,-52],[9,-62],[-49,-161],[-35,-50],[-51,-43],[-31,-10],[-22,-11],[-11,-7],[-13,-7],[-95,-87],[-72,-51],[-61,-17]],[[44113,24830],[-17,-13],[-58,54],[-26,56],[1,44],[-69,2],[-77,56],[-32,53],[-24,6],[-33,86],[-15,45],[-43,25],[-70,15],[-25,37],[-51,-14],[-21,28],[-46,13],[-54,-14],[11,51],[-44,44],[-54,-34],[-16,45],[-34,13],[-33,-10],[-18,37],[-36,16],[-36,-49],[-26,-24],[-14,-58],[-88,-11],[-106,2],[-49,-56],[-50,16],[-51,-55],[-31,-9],[-24,29],[-21,-35],[-33,-1],[-38,-33],[-12,-47],[13,-47],[-92,-10],[-78,13],[-42,-33],[-31,-5],[-65,-53],[-63,28],[-38,46],[-67,-54],[-93,-19],[-43,17],[-16,-37],[-87,-1],[-36,20],[-11,18],[-88,59],[-31,8],[-42,-85],[-25,-3],[-68,61],[-43,-9],[-48,40],[-19,82],[-36,24],[13,31],[7,84],[-10,108],[-22,28],[38,81],[-20,55],[-10,60],[24,66],[-59,12],[1,71],[-28,28],[1,62],[-79,43],[-45,13],[-18,91],[27,64],[-46,116],[-3,48],[-36,54],[34,14],[1,73],[65,100],[27,83],[-69,117],[-46,43],[13,31],[-8,63],[49,28],[4,40],[-23,22],[-5,46],[38,45],[6,27],[-43,43],[1,63],[-71,31],[-52,-14],[5,75],[-11,40],[-37,57],[14,11],[-1,74],[-27,40],[-36,17],[16,46],[-4,40],[26,14],[-51,92],[-13,163],[-21,11],[-13,81],[36,127],[-7,25],[57,67],[28,70],[3,102],[0,108],[-15,12],[-11,64],[-35,35],[-91,62],[-26,33],[-5,35],[-59,29],[-59,132],[-8,62],[31,56],[7,43],[-20,124],[-49,15],[-21,-8],[-62,36],[5,44],[-53,35],[-18,41],[-22,98],[-43,12],[-90,-6],[-34,21],[-115,-34],[-26,29],[-74,-21],[-112,27],[-13,-22],[-44,-3],[-51,32],[-41,-24],[-47,3],[-40,-15],[-57,39],[-33,-12],[-55,53],[-10,51],[-55,-5],[-88,59],[-45,6],[-51,71],[1,15],[-44,24],[-21,64],[13,24],[-30,45],[-2,37],[-26,76],[-103,-17],[-72,1],[-8,-33],[-71,-8],[-23,-30],[-24,-101],[-21,-35],[-43,-26],[9,-40],[-34,-50],[-59,-30],[-27,-36],[-99,-59],[-64,29],[-34,37],[-60,-86],[-33,23],[-18,38],[-70,-52],[-43,44],[-20,-24],[-7,-51],[13,-24],[-43,-19],[-10,-23],[-41,-12],[-26,33],[-53,27],[-2,66],[-45,3],[-17,-40],[-43,41],[-47,-14],[-23,43],[-62,-9],[-23,50],[-33,-30],[-90,13],[-20,-26],[-97,-18],[-38,45],[-41,11],[-23,-19],[-81,11],[-40,48],[-29,-21],[-6,-53],[-41,-25],[-131,80],[-32,-25],[-28,-44],[-39,40],[-38,7],[-37,-14],[-13,48],[-41,25],[-109,38],[-104,17],[-34,-8],[-22,31],[-74,-22],[-84,35],[2,52],[-25,26],[-48,106],[-44,-26],[-56,0],[-57,46],[-35,-5],[-5,-30],[-62,-46],[-27,-48],[-69,34],[-25,-14],[-23,-49],[-43,31],[-11,42],[-27,4],[-60,-28],[-56,18],[-94,5],[-26,97],[-62,-14],[-54,2],[14,43],[-7,38],[-38,18],[14,58],[60,34],[21,36],[-1,47],[23,41],[39,117],[-27,48],[70,71],[-111,61],[76,60],[39,79],[16,57],[-79,51],[5,49],[100,74],[31,36],[-6,25],[-90,50],[-37,86],[39,66],[15,49],[-80,41],[-20,26],[-10,77],[21,53],[28,22],[46,86],[-1,45],[39,76],[8,44],[93,121],[25,83],[-112,43],[-45,59],[24,31],[74,52],[55,51],[15,92],[-35,131],[3,31],[35,75],[-45,87],[-3,74],[48,49],[62,97],[-16,55],[13,32],[-34,27],[-39,-32],[-37,9],[-37,79],[-41,32],[-41,-6],[-17,25],[129,102],[26,61],[-10,35],[-68,67],[-39,-1],[-81,-23],[-31,24],[53,109],[28,11],[112,-16],[26,11],[-32,83],[-60,71],[-16,38],[-48,12],[-47,-95],[-61,-1],[-12,61],[37,94],[-46,24],[-48,54],[32,113],[-46,141],[9,71],[45,81],[-12,62],[-47,71],[-94,25],[-47,52],[-39,118],[16,54],[10,113],[-27,26],[-59,-9],[-27,-44],[-41,14],[-17,72],[29,62],[52,21],[18,28],[-33,38],[-55,0],[-3,45],[30,28],[77,20],[39,74],[50,25],[42,-5],[28,22],[15,69],[33,35],[81,-1],[31,27],[30,66],[70,-2],[52,-52],[39,71],[55,77],[10,36],[-612,546],[222,528],[327,781],[228,548],[166,3],[30,83],[-31,53],[-19,6],[-1,200],[-105,-1],[467,1689],[233,23],[-60,63],[-55,16],[-156,176],[-57,219],[-53,108],[-18,48],[-198,404],[84,-1],[-1,52],[-82,93],[23,107],[-47,28],[-16,51],[-25,15],[-29,83],[-28,8],[-19,55],[20,26],[-22,48],[21,20],[-36,33],[12,29],[-17,50],[91,-22]],[[36336,41481],[27,72],[27,17],[36,-34],[2,-59],[32,-140],[12,-20],[27,-75],[17,-16],[-20,-54],[-9,-81],[47,-34],[52,32],[39,-49],[31,-156],[15,-19],[59,11],[15,-41],[86,-58],[-9,-33],[42,-28],[69,2],[53,-93],[35,17],[-1,44],[45,47],[37,6],[62,39],[32,32],[40,-28],[55,21],[31,29],[63,-13],[42,6],[43,36],[45,60],[47,-16],[66,33],[47,-3],[13,23],[45,-14],[59,5],[28,54],[31,36],[70,21],[23,87],[32,7],[13,50],[29,5],[28,29],[9,44],[56,75],[-52,8],[19,75],[49,28],[13,38],[82,57],[30,-18],[45,17],[32,71],[-8,39],[43,24],[1,46],[45,24],[-35,29],[37,48],[-15,34],[5,51],[96,6],[-7,35],[48,24],[15,33],[7,64],[32,-1],[22,44],[29,6],[43,-32],[41,9],[21,-43],[42,4],[78,25],[19,-25],[82,9],[17,34],[37,-20],[42,25],[41,1],[0,37],[33,22],[49,-40],[22,8],[37,-62],[138,63],[14,35],[50,19],[55,-24],[50,53],[35,-18],[36,33],[-3,43],[70,37],[87,16],[28,51],[36,30],[47,-1],[14,20],[63,20],[40,32],[64,-28],[29,19],[57,-3],[31,-39],[32,-9],[-2,-47],[29,-65],[47,-40],[51,-2],[29,-54],[35,17],[66,-22],[35,-29],[37,24],[55,-60],[90,-28],[34,-44],[34,-9],[30,17],[93,-65],[34,-7],[34,29],[70,3],[21,-49],[28,14],[22,-28],[54,-10],[41,-39],[-11,-79],[31,-53],[42,-23],[78,-95],[53,-15],[32,20],[40,-21],[26,-35],[47,-29],[62,-2],[115,-49],[4,-41],[45,-4],[72,21],[110,-112],[72,-58],[99,-60],[7,-26],[71,-18],[5,-6],[51,16],[6,33],[40,-13],[47,12],[22,-19],[71,0],[43,20],[35,-19],[25,37],[40,22],[118,18],[39,-30],[36,9],[45,-18],[20,27],[60,9],[8,32],[95,66],[45,15],[-8,29],[12,51],[23,37],[70,17],[45,25],[133,20],[147,57],[36,-39],[40,29],[76,-8],[63,-45],[-8,-40],[20,-35],[95,-25],[27,-19],[18,-45],[32,-22],[33,-94],[-24,-63],[36,-34],[63,-27],[92,-15],[23,22],[39,-3],[52,33],[17,32],[61,19],[56,40],[77,2],[52,-35],[77,14],[33,-15],[26,80],[48,64],[13,66],[-27,61],[37,33],[9,36],[32,24],[58,14],[54,-2],[20,28],[74,56],[37,64],[69,70],[32,46],[85,37],[-8,40],[10,56],[23,58],[30,17],[47,2],[45,70],[6,34],[36,11],[23,26],[71,11],[28,-47],[28,-18],[-30,-632],[-24,-413],[-53,-6],[-67,-20],[-92,2],[-59,-45],[-25,-2],[-44,-35],[-11,-46],[-36,-29],[-25,-44],[-16,-72],[-34,-69],[-73,-103],[-28,-99],[18,-66],[-9,-18],[61,-11],[58,29],[44,-36],[55,-8],[94,-86],[85,-106],[84,15],[22,-22],[76,-9],[37,44],[54,35],[88,-9],[13,-41],[41,-36],[70,-5],[89,-23],[71,-51],[40,14],[42,93],[32,36],[38,-26],[28,7],[55,-43],[101,5],[52,26],[159,-20],[16,-14],[80,-26],[18,-41],[38,-15],[227,7]],[[35475,67640],[35,11],[134,-111],[48,-131],[46,-68],[39,-39],[66,-120],[46,-116],[22,-99],[0,-61],[17,-37],[41,-1],[44,-53],[30,-176],[8,-90],[25,-79],[61,-125],[14,-57],[7,-200],[7,-29],[55,-78],[62,-125],[98,-95],[31,-159],[31,-43],[72,-12],[32,-35],[37,-86],[-8,-38],[-31,-60],[-10,-84],[-32,-54],[-2,-55],[25,-78],[-5,-39],[-37,-71],[8,-59],[70,-125],[-17,-55],[48,-34],[10,-34],[-38,-68],[12,-73],[51,-24],[-7,-77],[6,-61],[39,-46],[26,-114],[-17,-87],[18,-39],[69,-12],[40,24],[48,6],[35,-29],[50,-22],[48,-39],[80,4],[26,-33],[6,-77],[-14,-69],[79,-68],[78,-3],[71,-13],[26,-62],[45,-14],[53,20],[60,1],[60,-27],[59,-59],[45,-72],[54,-66],[97,-57],[11,-55],[30,-41],[38,-25],[-8,-37],[53,-50],[-5,-44],[-42,-56],[18,-55],[-17,-60],[46,-39],[37,-58],[61,-36],[104,25],[16,-13],[156,-25],[27,19],[36,-24],[54,-14],[37,-54],[41,-126],[21,-33],[0,-91],[8,-66],[40,-40],[80,58],[23,27],[81,15],[891,-85],[262,-25],[816,-77],[699,-66],[754,-70],[634,-58],[550,-51],[1134,-92],[1160,-100],[1018,-88],[233,-20],[916,-75],[411,-33],[404,-32],[1717,-135],[411,-32],[551,-38],[482,-34],[365,-28],[780,-58],[238,-17]],[[53179,61272],[-2,-33],[-41,-44],[-48,-106],[-4,-57],[-26,-52],[2,-40],[-25,-44],[-12,-72],[-40,-76],[-62,-39],[-33,-42],[-6,-33],[-45,-53],[-33,-60],[-13,-55],[20,-49],[16,-96],[-8,-54],[-28,-54],[-11,-63],[-45,-124],[11,-70],[-51,-53],[-16,-42],[-57,-34],[-11,-77],[-18,-69],[4,-79],[-42,-8],[-30,-30],[5,-39],[-18,-46],[7,-55],[-36,-68],[-13,-53],[-48,-5],[-44,-84],[-46,-40],[1,-36],[27,-17],[29,-135],[16,-49],[-61,-134],[-32,-15],[1,-28],[-23,-46],[7,-63],[31,-22],[10,-72],[-40,-34],[-32,-46],[28,-95],[-10,-38],[16,-48],[0,-59],[14,-45],[4,-62],[-23,-52],[-34,-24],[-20,-67],[-31,-12],[-15,-61],[10,-92],[-4,-31],[17,-49],[-12,-93],[-26,-81],[-62,-61],[-18,-46],[-12,-81],[-36,-58],[1,-88],[-25,-47],[-7,-64],[7,-100],[10,-32],[-10,-84],[52,-88],[96,-5],[30,-20],[6,-31],[-12,-92],[-3,-105],[-23,-39],[-29,-11],[-78,-89],[17,-65],[14,-28],[16,-90],[28,-56],[4,-87],[47,-14],[58,-51],[-2,-47],[-42,-30],[-20,-34],[30,-52],[-5,-48],[-57,-62],[-4,-51],[14,-22],[-20,-41],[12,-44],[31,-31],[1,-42],[-20,-110],[13,-35],[-19,-45],[-1,-84],[-17,-36],[12,-38],[84,-15],[-15,-57],[45,-69],[-2,-33],[-39,-37],[25,-67],[-15,-53],[39,-97],[-15,-77],[35,-38],[-12,-68],[-42,7],[-24,-19],[13,-65],[-28,-53],[-6,-67],[-54,-95],[42,-38],[-14,-41],[-36,17],[-32,-16],[7,-112],[11,-16],[90,10],[22,-46],[-19,-40],[21,-59],[27,2],[-3,-61],[26,-24],[-16,-106],[41,1],[-30,-62],[26,-47],[23,46],[44,-24],[-32,-44],[69,-42],[121,-4],[1,-36]],[[36336,41481],[-294,294],[-177,-130],[-75,-39],[-9,25],[-51,29],[-45,5],[-14,76],[-24,31],[-65,-26],[-70,34],[-5,85],[-51,2],[-16,30],[-1,47],[-54,-20],[-47,14],[7,44],[-16,30],[-33,-8],[-52,27],[-32,-7],[-20,57],[-29,17],[-4,63],[-45,1],[9,36],[-20,37],[-32,5],[-4,35],[-60,56],[-23,52],[-91,79],[-1,115],[25,65],[-27,17],[-46,-23],[-22,21],[-12,48],[8,37],[-8,68],[8,23],[-12,70],[10,48],[-66,67],[1,38],[-31,38],[0,52],[32,131],[-6,62],[-29,30],[9,93],[19,-3],[-8,91],[-15,30],[15,73],[-8,29],[21,99],[-5,38],[61,153],[33,48],[61,27],[18,50],[63,36],[31,30],[23,71],[-2,31],[-29,60],[-19,68],[25,71],[46,57],[38,20],[9,160],[-56,96],[-84,-8],[-51,32],[-12,-92],[-82,-62],[-794,36],[-413,18],[-322,16],[-797,36],[-149,6],[-641,11],[-471,12],[-309,6],[-59,814],[-68,926],[-22,290],[-586,754],[-73,85],[-72,97],[144,32],[574,-2],[-41,786],[-21,435],[-47,-12],[-54,30],[-16,29],[-27,166],[-15,35],[9,34],[-47,67],[-1,28],[-41,25],[-7,48],[-47,84],[-2,34],[24,49],[-5,39],[-31,-11],[-11,50],[-26,18],[-61,71],[-27,124],[34,38],[-3,31],[-31,13],[-15,106],[-44,7],[6,43],[30,33],[-16,65],[39,102],[39,24],[37,46],[11,48],[42,44],[16,56],[-7,26],[47,19],[-15,35],[-50,-7],[-16,18],[3,87],[-23,-8],[-51,39],[-11,122],[-27,63],[-38,19],[36,95],[-110,87],[-33,16],[-83,8],[-12,54],[-39,11],[-19,-15],[-52,76],[-50,-50],[-78,49],[-13,42],[-40,-3],[-11,30]],[[29719,51402],[-10,43],[62,94],[1,36],[37,43],[53,40],[24,47],[24,14],[53,-9],[51,19],[94,71],[9,50],[46,37],[55,24],[67,2],[55,13],[46,68],[53,18],[33,109],[-15,95],[19,19],[11,91],[-10,39],[42,65],[0,48],[28,2],[14,36],[19,19],[-11,39],[48,92],[10,54],[32,21],[47,65],[-27,24],[7,59],[-16,71],[35,23],[48,58],[14,38],[58,29],[3,51],[68,101],[36,-7],[38,16],[24,-15],[50,27],[35,118],[30,28],[21,55],[-13,112],[24,145],[-32,92],[-5,43],[32,102],[1,78],[25,32],[6,36],[-17,32],[23,37],[44,13],[26,51],[3,46],[57,65],[62,15],[36,72],[47,18],[34,40],[74,12],[44,-19],[54,39],[4,108],[52,118],[31,26],[28,59],[41,12],[-250,245],[-35,55],[-20,96],[25,52],[0,125],[-29,47],[-23,11],[-14,42],[-73,56],[-17,62],[-22,7],[27,69],[-9,84],[-35,25],[14,47],[-18,32],[10,37],[-51,52],[-40,-8],[-92,18],[-50,72],[-34,111],[11,64],[-24,35],[4,81],[-32,95],[16,130],[-7,39],[18,78],[-12,62],[47,73],[82,53],[55,109],[106,78],[21,77],[53,7],[40,33],[31,65],[2,57],[-13,36],[19,60],[-24,72],[-50,15],[-21,25],[-19,107],[-26,35],[-11,62],[8,29],[38,38],[-53,46],[-16,59],[33,21],[8,45],[-88,-4],[-36,-10],[-12,27],[-36,-23],[-29,13],[-19,41],[-48,-15],[-37,22],[-74,-4],[-30,21],[-41,-9],[-31,-38],[-80,22],[-31,22],[-89,14],[-3,70],[-43,18],[-36,-20],[-23,-34],[-32,-11],[-18,-66],[-52,36],[-41,1],[-28,63],[-23,4],[7,53],[-41,24],[-68,122],[-830,3],[-379,1],[0,-10],[-959,12],[-271,4],[45,18],[21,150],[0,77],[-10,89],[9,34],[27,21],[-8,31],[21,35],[-5,61],[58,-8],[7,51],[-10,61],[-17,20],[27,35],[-51,62],[10,53],[23,10],[12,79],[-23,31],[29,60],[-8,98],[31,72],[-26,24],[-7,113],[17,33],[26,141],[-34,24],[-59,89],[3,56],[-29,44],[-34,9],[-52,67],[21,16],[-24,54],[-49,80],[6,101],[18,16],[18,53],[-11,26],[-36,23],[-40,2],[-10,31],[40,140],[7,67],[-11,20],[30,39],[35,19],[35,101],[20,25],[8,50],[-26,16],[37,44],[-5,103],[31,28],[8,89],[-11,19],[-28,148],[-47,28],[30,69],[3,46],[-97,57],[49,27],[46,-12],[67,75],[-10,53],[29,7],[38,75],[-43,14],[-17,31],[20,77],[-35,44],[5,63],[-12,31],[-30,-12],[-51,48],[52,34],[-81,40],[-43,68],[56,60],[14,54],[-22,28],[3,47],[-47,44],[-33,-1],[-74,43],[26,64],[10,118],[-47,11],[10,50],[64,2],[24,32],[46,17],[37,-18],[61,3],[-6,42],[17,80],[-9,42],[-71,121],[-8,36],[8,65],[33,101],[24,34],[5,52],[38,110],[48,100],[45,44],[-34,36],[-17,54],[-43,55],[-5,68],[-28,52],[-38,-6],[-23,24],[-67,28]],[[33778,87165],[0,89],[0,1725],[0,657]],[[33778,89636],[30,3],[25,-29],[37,-87],[50,11],[24,-43],[34,26],[60,24],[21,-11],[41,57],[32,-6],[27,32],[20,57],[-5,64],[18,61],[35,19],[33,-2],[9,-29],[33,-12],[73,21],[46,-38],[44,-10],[24,34],[40,18],[44,-6],[4,-52],[41,-5],[16,31],[37,-25],[3,69],[38,28],[16,35],[-8,74],[37,59],[-31,7],[-18,41],[-57,34],[16,69],[-22,37],[6,52],[73,-10],[17,13],[37,-26],[20,22],[60,21],[61,-7],[31,30],[-42,37],[2,100],[59,7],[6,57],[38,16],[-3,24],[28,38],[40,9],[-6,-66],[54,-10],[20,23],[49,-7],[65,-60],[45,45],[52,17],[65,-29],[25,-129],[45,-28],[40,6],[31,32],[63,-16],[19,46],[46,-12],[30,-31],[51,-14],[-3,35],[36,79],[-1,50],[25,14],[-6,61],[2,94],[-22,47],[21,20],[43,-6],[26,-24],[52,-7],[50,28],[21,47],[40,16],[54,-6],[37,22],[38,-7],[48,34],[13,76],[34,4],[56,-24],[73,10],[32,21],[16,-44],[107,-81],[47,41],[55,-14],[15,20],[49,5],[51,-26],[43,40],[-16,32],[34,19],[65,116],[-11,33],[114,52],[30,60],[-17,29],[29,44],[-9,57],[6,65],[68,17],[40,38],[45,-3],[44,139],[72,-8],[20,52],[61,-37],[54,-89],[53,-28],[0,41],[32,20],[34,44],[37,3],[9,27],[47,4],[85,47],[8,46],[37,-24],[30,20],[9,-49],[21,-13],[5,-86],[16,-33],[65,-19],[23,-53],[53,-52],[55,-12],[38,55],[42,-7],[47,23],[58,-80],[84,-26],[23,11],[38,-30],[61,-20],[13,-32],[32,7],[30,30],[7,32],[67,74],[42,22],[54,-27],[42,-7],[42,14],[74,71],[56,-51],[37,-51],[74,24],[64,44],[51,14],[28,41],[31,-12],[72,6],[56,-60],[89,12],[31,22],[52,-11],[30,-35],[110,-69],[21,-28],[48,-15],[16,48],[43,9],[14,-20],[126,-9],[51,-81],[70,-32],[72,13],[66,-4],[85,-48],[35,11],[29,32],[36,1],[45,59],[68,42],[4,51],[-42,28],[-17,129],[-15,70],[48,-15],[6,61],[20,38],[-15,47],[-54,35],[14,36],[-50,42],[-40,-8],[-7,63],[-38,84],[-36,56],[-72,3],[-47,52],[45,62],[-15,37],[-101,56],[-47,-13],[-53,49],[10,58],[30,31],[17,51],[30,7],[-4,44],[15,34],[-3,53],[36,-4],[52,-91],[47,-7],[16,38],[-31,69],[30,43],[74,67],[9,43],[-57,48],[45,37],[30,75],[-34,21],[33,58],[98,16],[33,-40],[41,-1],[34,-36],[12,-37],[59,-21],[35,-48],[63,-11],[99,-6],[44,-115],[65,-22],[23,3],[20,47],[55,-20],[37,18],[34,-12],[56,10],[10,16],[78,24],[16,-31],[43,16],[53,-3],[7,19],[56,19],[39,-12],[118,1],[99,-53],[89,76],[-24,71],[81,102],[96,-8],[95,-23],[61,50],[77,93],[111,22],[46,-108],[104,71],[118,96],[110,-18],[43,-167],[54,-74],[87,-144]],[[53472,88289],[4,-141],[73,-79],[42,-109],[11,-166],[-17,-58],[-21,-292],[-19,-87],[74,-7],[136,-39],[21,28],[26,-26],[96,-26],[147,73],[22,-34],[30,19],[70,5],[45,34],[47,2],[134,42],[89,-62],[18,-33],[42,-41],[31,-119],[88,-163],[115,-181],[79,-137],[40,-36],[50,8],[42,-39],[52,-13],[22,-38],[-23,-33],[59,-52],[322,-164],[482,-246],[18,-55],[102,-63],[53,-50],[33,-14],[61,25],[105,7],[128,-12],[21,-43],[66,-26],[96,-17],[33,5],[113,60],[90,-9],[22,8],[117,-21],[37,6],[23,-16],[80,32],[72,-31],[42,-36],[36,-9],[29,-40],[19,-62],[-14,-159],[-97,-103],[-24,-55],[-28,-125],[-35,-65],[530,-212],[527,-211],[4,-96],[20,-11],[30,49],[30,61],[-2,59],[25,30],[30,-9],[63,48],[6,64],[26,40],[-11,44],[73,3],[51,-96],[9,-79],[-48,-89],[-17,-52],[20,-11],[30,37],[18,-33],[42,39],[-6,49],[15,48],[-16,34],[38,101],[-1,55],[40,-2],[7,-31],[-15,-47],[51,8],[-3,-26],[32,-101],[21,94],[-20,27],[-7,53],[51,-4],[12,39],[41,36],[24,-1],[22,-98],[-10,-50],[27,-13],[42,41],[44,-10],[47,-103],[-11,-56],[4,-49],[-20,-44],[29,-43],[38,10],[33,88],[33,69],[5,68],[-15,39],[11,33],[98,-80],[12,-26],[-16,-53],[27,-30],[-3,-45],[22,-10],[76,-175],[25,33],[11,84],[-23,102],[16,54],[-27,43],[26,71],[72,14],[48,-15],[-20,-157],[66,3],[18,51],[37,3],[-12,67],[58,4],[64,29],[89,-33],[-12,-91],[64,-23],[-6,65],[58,-5],[53,-24],[29,-70],[-20,-41],[-24,-14],[-24,20],[-25,-15],[-12,-50],[39,-3],[33,37],[28,3],[53,55],[45,-18],[-24,-51],[6,-86],[17,7],[64,96],[52,47],[31,13],[54,-101],[-21,-17],[32,-101],[15,-91],[-9,-47],[48,40],[-3,115],[24,8],[25,42],[82,48],[43,-6],[22,-46],[-34,-137],[49,-49],[1,-74],[30,-49],[-20,-33],[-32,-5],[57,-40],[47,98],[3,63],[53,14],[0,100],[26,30],[27,3],[7,52],[63,-33],[-13,-32],[11,-57],[-15,-81],[5,-81],[46,24],[6,-77],[22,14],[41,73],[41,-31],[-3,73],[43,-28],[31,-169],[26,25],[-16,54],[11,69],[25,34],[33,-11],[19,-54],[23,30],[-19,50],[5,27],[41,1],[7,50],[58,-3],[-15,-43],[44,-20],[31,-55],[2,-39],[-35,-58],[-59,-55],[45,-69],[-24,-50],[-79,-40],[-22,-20],[29,-33],[41,26],[43,2],[59,32],[26,-3],[5,-43],[39,-6],[43,115],[1,52],[21,11],[43,-69],[30,39],[-6,25],[23,55],[24,25],[35,3],[44,-43],[50,78],[35,5],[19,-35],[-21,-64],[-38,-25],[-27,16],[-27,-34],[-10,-39],[17,-37],[-30,-46],[33,-39],[0,-61],[-35,-44],[-7,-53],[23,-29],[33,76],[29,-4],[54,27],[4,36],[64,23],[-5,-77],[31,-16],[47,64],[18,9],[29,-53],[4,-77],[-29,-45],[10,-30],[53,90],[-1,46],[22,18],[30,54],[55,73],[23,87],[-6,35],[52,29],[32,1],[51,51],[43,-44],[-4,-77],[-51,8],[16,-52],[-2,-46],[-33,-17],[-7,-37],[12,-61],[20,-40],[1,-57],[-50,-51],[-42,-91],[-33,-51],[21,-60],[23,45],[0,35],[29,60],[81,74],[17,46],[-5,58],[19,65],[31,18],[24,-26],[-7,-94],[-70,-198],[34,11],[14,64],[37,23],[33,56],[105,64],[0,28],[39,8],[3,-37],[-52,-48],[-13,-49],[61,-103],[-31,-60],[0,-60],[-25,-98],[-13,-15]],[[56467,72783],[13,-47],[28,-17],[126,-12],[67,-16],[48,-64],[73,-32],[87,15],[98,-34],[50,10],[60,35],[51,11],[56,16],[35,-4],[17,23],[45,-22],[12,-30],[47,-53],[14,-81],[30,-51],[-1,-25],[36,-29],[25,-39],[49,-44],[91,-32],[27,5],[70,-32],[127,-101],[13,-40],[-20,-92],[-73,-143],[-61,-33],[-66,-16],[-74,10],[-43,-20],[-33,-82],[-5,-79],[18,-105],[48,-89],[55,-63],[35,-68],[-3,-60],[-66,-43],[-80,-18],[-55,-40],[-30,-48],[-8,-62],[19,-29],[70,-27],[26,-40],[8,-40],[-11,-41],[-39,-54],[-42,-36],[-92,-38],[-58,2],[-38,-17],[-53,-61],[-9,-62],[52,-205],[2,-63],[61,-48],[21,-57],[-16,-84],[-38,14],[-56,44],[-52,15],[-117,1],[-25,-16],[-66,-112],[-149,-121],[-42,-78],[-13,-24],[-32,-54],[-1,-38],[-26,-40],[-14,-80],[24,-80],[4,-98],[-29,-58],[-45,-41],[-99,-27],[-41,-35],[-48,-72],[-55,-34],[-86,-25],[-33,14],[-150,-23],[-111,-56],[-124,-13],[-27,-44],[-29,-37],[-88,-70],[-72,-68],[-78,-49],[-48,-10],[-27,-39],[-57,-44],[-18,-93],[49,-166],[9,-75],[-4,-203],[14,-148],[8,-57],[-4,-52],[-48,-91],[-21,-70],[-35,-71],[-51,-61],[-25,-46],[-49,-60],[-30,-51],[-172,-220],[-14,-120],[6,-66],[45,-118],[44,-108],[41,-63],[60,-37],[126,-114],[43,-53],[79,-57],[56,-19],[24,-54],[-34,-53],[-6,-55],[11,-118],[-1,-53],[-14,-86],[-28,-57],[14,-83],[6,-30],[-8,-104],[-37,-38],[-32,-118],[8,-45],[-13,-91],[-26,-74],[-61,-131],[-29,-124],[-13,-77],[-36,-117],[-35,-40],[-87,-40],[-25,-19],[-62,-95],[-33,-88],[-18,-147],[-23,-84],[-93,-84],[-44,-91],[-24,-66],[-18,-46],[-120,-178],[-46,-99],[-63,-101],[-45,-18],[-65,-1],[-96,-25],[-110,-118],[-26,-9],[-50,-71],[-58,-117],[-47,-46],[-63,-77],[-18,-81],[-27,-57],[-19,-58],[-57,-102],[-30,-25],[10,-42],[-15,-23],[-76,-64],[-44,-69],[-46,-2],[-23,-16],[-13,-70],[-24,-31],[-55,-31],[-29,-61],[-10,-55],[6,-98],[-29,-72],[-55,-79],[-34,-112],[9,-64],[-15,-21],[31,-45],[10,-50],[-39,-69],[0,-55],[-68,-79],[-6,-76],[-22,-52],[0,-46],[-25,-51],[-46,-59],[-39,-67],[-10,-74],[-24,-57],[-4,-48],[-19,-24]],[[62432,83758],[38,12],[26,-85],[-54,32],[-10,41]],[[61721,84103],[24,-30],[-35,-71],[-57,-40],[9,50],[39,48],[20,43]],[[79272,70203],[68,36],[61,-38],[67,59],[39,9],[-68,-81],[12,-71],[39,-18],[34,9],[27,-43],[28,-11],[60,11],[33,-32],[22,-81],[69,-7],[34,-11],[32,-68],[38,0],[19,-47],[72,58],[62,0],[1,-1],[62,-12],[18,-25],[71,-3],[29,19],[33,-73],[29,-6],[50,33],[6,41],[27,20],[29,59],[36,23],[38,-8],[-8,-35],[31,-11],[32,17],[-16,57],[50,50],[59,10],[7,45],[28,-8],[29,-41],[37,8],[14,24],[41,31],[25,-1],[2,76],[68,-10],[55,83],[-20,22],[73,107],[36,6],[66,-8],[-14,49],[21,52],[-33,18],[2,37],[44,36],[3,39],[28,34],[74,30],[20,-20],[60,-14],[60,3],[18,24],[50,10],[36,5],[68,48],[20,-24],[46,-3],[9,33],[32,3],[87,0],[54,17],[11,64],[18,20],[117,8],[33,62],[55,-4],[41,49],[90,45],[20,-21],[32,6],[36,70],[55,2],[20,-37],[32,9],[27,-22],[51,-2],[15,-160],[-18,-81],[41,-27],[-39,-71],[-43,-10],[-18,-55],[-73,-20],[-39,-33],[-43,-65],[-5,-73],[-75,5],[-34,-12],[-20,-60],[-73,-41],[-32,-57],[0,-63],[-25,-56],[-17,-26],[1,-49],[33,-43],[-22,-40],[-11,-147],[-9,-24],[-48,-36],[-97,2],[-40,-39],[17,-42],[-12,-105],[13,-32],[-4,-69],[23,-39],[-11,-50],[-31,-79],[173,33],[17,-6],[128,-4],[63,31],[69,-12],[-15,-49],[59,-49],[-12,-77],[27,-47],[5,-78],[46,-35],[94,-4],[90,71],[55,84],[17,-4],[118,39],[72,46],[71,63],[22,5],[36,-37],[13,-48],[-4,-45],[32,-64],[110,67],[168,67],[139,-144],[8,-132],[87,6],[-28,-97],[-28,-55],[-10,-49],[-11,-65],[46,-71],[57,-38],[21,20],[33,103],[17,22],[72,-6],[39,-14],[76,9],[79,142],[-13,40],[31,47],[37,-3],[32,43],[43,19],[20,103],[-8,61],[-65,52],[-23,6],[-33,61],[25,32],[13,74],[46,143],[17,41],[94,-57],[25,-46],[25,26],[25,-13],[-9,166],[-28,33],[-32,7],[-28,42],[1,25],[-79,51],[-21,5],[-6,56],[-6,69],[60,169],[10,72],[155,-10],[80,175],[72,-41],[42,19],[67,49],[42,-22],[34,-44],[7,-80],[-11,-37],[-33,-40],[-6,-30],[17,-36],[90,-21],[3,-85],[69,10],[68,3],[101,18],[75,-10],[30,23],[1,0],[43,38],[90,-100],[45,-19],[25,-75],[69,-20],[21,12],[47,-22],[204,13],[164,12],[14,1],[72,16],[34,18],[42,0],[57,55],[41,3],[60,-19],[45,-22],[37,6],[42,-60],[37,-20],[88,40],[75,-10],[17,-15],[45,8],[50,-10],[66,-4],[10,-4],[16,-5],[14,-6],[67,-46],[52,-68],[24,-15],[125,1],[48,26],[53,9],[12,22],[13,8],[34,-75],[27,-5],[47,-22],[55,14],[50,59],[25,57],[-1,7],[38,19],[85,-78],[46,28],[19,30],[82,10],[52,36]],[[87315,69866],[7,-297],[7,-95],[34,-104],[36,-19],[-2,-83],[6,-49],[-22,-35],[4,-44],[41,9],[11,-131],[25,-120],[33,-48],[43,-36],[34,-6],[-21,-40],[-9,-54],[37,-71],[-41,-38],[3,-74],[18,-48],[55,73],[21,-22],[-10,-61],[-30,-64],[29,-45],[-7,-69],[25,-27],[12,-72],[44,-20],[8,-19],[-2,-106],[-21,-54],[-3,-60],[15,-102],[-6,-81],[15,-43],[-17,-141],[-20,-195],[17,-32],[-25,-33],[11,-69],[-54,-94]],[[87616,67147],[-44,23],[-31,-22],[-44,30],[-67,-14],[-35,34],[-62,-26],[-20,45],[-35,44],[-11,39],[10,69],[-38,21],[-60,71],[-42,21],[-39,40],[-30,15],[-42,-31],[-39,4],[-86,37],[-41,11],[-42,-25],[-58,43],[-73,16],[-69,-33],[-65,-55],[-52,-16],[-23,-17],[-22,-5],[-1,-44],[-36,1],[-15,-21],[-73,-31],[-10,-24],[-44,-5],[-11,30],[-85,40],[-62,-28],[-11,-89],[9,-23],[5,-33],[-44,-73],[3,-24],[-35,-98],[40,-3],[-31,-82],[27,-47],[-16,-13],[-13,-25],[-63,-12],[-63,23],[-46,-8],[-23,-26],[-26,-44],[-47,-39],[-64,-10],[-43,22],[-30,-40],[-51,-6],[-24,-35],[-40,-4],[-56,-40],[-58,-16],[-126,-7],[-20,-43],[-38,-58],[-25,-9],[-43,18],[-31,-12],[-37,7],[-72,-32],[-27,-33],[-35,4],[-37,38],[-46,-7],[-29,46],[-71,6],[-59,-14],[-37,7],[-87,-6],[-34,-17],[-20,51],[-22,16],[-67,-54],[-18,-28],[32,-55],[-52,-36],[-87,60],[-78,-3],[-58,9],[-23,-17],[-52,10],[-62,-18],[-13,-29],[-1,-159],[-35,-70],[-34,5],[-42,-26],[-43,11],[-83,48],[-35,7],[-44,-14],[-14,-28],[12,-53],[-19,-61],[-52,19],[-41,-44],[-12,-43],[0,-178],[-58,-37],[15,-57],[23,-2],[19,-46],[-26,-22],[-62,-12],[-58,-42],[15,-38],[-70,-17],[-13,-26],[-58,-8],[-26,-53],[-59,16],[-40,-14],[-15,-25],[-110,-44],[-39,-34],[-37,-13],[-28,-32],[-33,-43],[-54,-19],[-10,-49],[-59,-2],[-29,-14],[-67,33],[-43,60],[-94,12],[3,53],[32,21],[-32,28],[-44,-30],[-50,63],[-8,91],[-33,-9],[-43,17],[-7,30],[28,22],[-17,29],[32,36],[-8,63],[9,32],[-29,60],[-3,34],[22,41],[-3,29],[-24,68],[-34,1],[-40,36],[2,57],[-34,22],[-30,-20],[4,-33],[-99,11],[-31,-9],[-32,17],[-46,-6],[-63,-31],[-26,29],[4,51],[73,15],[19,22],[3,67],[46,10],[97,77],[-7,69],[47,6],[7,22],[-17,75],[29,0],[77,41],[28,-24],[42,52],[-12,18],[41,70],[-26,42],[1,31],[-25,49],[-29,35],[-9,35],[-38,48],[-6,42],[31,50],[11,48],[35,58],[59,50],[42,53],[72,43],[40,1],[32,32],[61,19],[4,1],[32,19],[16,-18],[43,37],[-22,45],[-66,79],[0,46],[22,31],[-27,45],[-61,17],[-32,-10],[-12,39],[-29,25],[-111,30],[-22,30],[-51,8],[-20,57],[-44,38],[-39,9],[-44,43],[-61,1],[-32,0],[-29,-36],[-58,-3],[-32,3],[-65,-90],[18,-30],[-81,-56],[-67,-12],[-36,12],[-36,-11],[-41,8],[-67,-17],[19,-63],[-77,-129],[-14,-66],[-32,-33],[-66,-28],[-85,-48],[-22,-47],[-24,-16],[-42,4],[-15,19],[-46,-31],[-13,-33],[-54,-5],[0,-49],[-24,-28],[-26,2],[-14,-45],[-24,-31],[-22,-26],[-6,-37],[-20,-60],[-20,27],[-11,51],[-22,2],[-38,-46],[-69,-3],[-41,-17],[-53,-81],[-50,-37],[-45,-46],[-8,-36],[-36,-28],[-34,-65],[-28,-29],[-32,12],[-35,-16],[-66,75],[-21,4],[-67,-62],[-13,-26],[-1,-58],[23,-37],[-26,-28],[-96,30],[-26,59],[-27,32],[-46,9],[-24,-26],[-105,-78],[-38,-26],[-54,6],[-51,-7],[-27,44],[-11,57],[16,42],[-34,93],[-3,58],[-33,58],[-40,-4],[-23,43],[-61,-74],[-43,-15],[-18,-44],[-41,1],[-14,24],[-52,6],[-15,-32],[-59,-10],[-14,-40],[-63,-11],[-41,14],[-47,-20],[-31,26],[-35,-20],[-30,36],[-2,37],[-41,50],[0,30],[-84,96],[-23,0],[-28,57],[-42,33],[-22,1]],[[87560,68512],[-19,61],[44,26],[-4,-46],[-21,-41]],[[73018,64177],[48,-2],[43,26],[39,41],[28,55],[76,-4],[45,37],[43,8],[17,29],[-2,59],[20,46],[44,-1],[31,38],[29,76],[6,37],[75,-9],[57,63],[19,84],[12,19],[43,-13],[21,74],[20,43],[71,28],[17,53],[47,5],[65,-80],[51,-43],[55,60],[-12,55],[40,38],[-4,78],[43,-3],[24,-34],[7,-23],[47,-4],[41,52],[-8,60],[11,44],[56,1],[30,55],[-7,116],[41,23],[44,11],[17,30],[58,8],[24,58],[73,70],[3,35],[47,9],[28,48],[63,-27],[34,28],[-4,39],[-28,51],[11,59],[37,92],[15,37],[70,169],[2,15],[-3,28],[-2,28],[17,205],[-29,88],[-39,35],[-171,56],[-42,31],[-22,34],[-11,78],[22,92],[47,121],[9,63],[-3,55],[-76,106],[-39,67],[-39,104],[1,53],[27,43],[92,20],[18,39],[232,104]],[[87616,67147],[-13,-14],[35,-112],[34,-50],[1,-28],[-37,-70],[-11,-53],[-36,-32],[32,-31],[2,-67],[18,-43],[-33,-124],[3,-46],[-25,-16],[15,-72],[18,-76],[15,-22],[14,-107],[-20,-88],[-19,-79],[-1,-43],[-60,-86],[9,-12],[-59,-163],[-16,-26],[-41,-114],[-14,-57],[4,-59],[-18,-43],[1,-27],[-41,-69],[-18,-90],[25,-15],[-27,-88],[21,-15],[-42,-58],[20,-25],[-70,-187],[-1,-25],[-30,-56],[-9,-40],[10,-31],[-16,-32],[10,-49],[-14,-38],[-55,-48],[-36,-84],[-55,-127],[4,-43],[-37,-49],[15,-50],[-26,-48],[10,-44],[-43,-55],[5,-43],[-30,-36],[-35,-71],[4,-92],[-50,-130]],[[93028,76590],[-25,-18],[-67,15],[29,35],[89,37],[17,-32],[-43,-37]],[[63251,60468],[-26,-44],[17,-80],[-15,-65],[-22,-29],[-112,-71],[-110,22],[-78,51],[-53,-11],[-100,-39]],[[71998,79470],[65,-78],[77,-82],[65,-24],[84,-84],[56,-41],[8,-19],[50,-49],[58,-35],[58,-18],[50,23],[57,-29],[52,-4],[65,37],[80,-22],[17,-17],[85,20],[56,-34],[81,-26],[36,16]],[[46734,28521],[31,-59],[79,32],[39,36],[60,50],[60,58],[28,15],[107,12],[43,-16],[105,-92],[30,-3],[66,31],[73,-13],[4,-2],[69,-24],[62,-37],[57,-1],[76,39],[74,55],[42,41],[49,21],[116,-128],[87,-46],[70,47],[42,17],[61,-4],[92,-41],[150,-25],[52,21],[25,20],[64,13],[23,-12],[26,-58],[-1,-56],[14,-28],[57,42],[32,9],[58,28],[-11,86],[2,55],[19,52],[8,51],[30,58],[37,25],[65,-11],[79,-45],[58,-2],[68,-15],[83,-46],[46,-10],[87,-89],[26,-29],[37,-38],[39,-9],[189,45],[45,-10],[41,-27],[16,-84],[17,-20],[43,0],[82,31],[72,-2],[6,-1],[26,-11],[60,-61],[66,-28],[36,20],[59,-1],[41,-2],[61,35],[57,62],[48,-2],[51,-37],[62,25],[92,-23],[80,-15],[36,17],[36,-3],[50,-56],[11,-42],[58,-47],[56,-15],[25,-22],[26,-26],[81,-29],[157,-15],[120,-71],[63,30],[32,-11],[37,-46],[39,17],[73,8],[91,-65],[27,-30],[21,-71],[21,-17],[15,-35],[43,-23],[10,-43],[-29,-90],[23,-28],[83,9],[30,-31],[36,-7],[44,24],[64,124],[42,24],[56,-29],[75,-42],[60,49],[105,-38],[7,-41],[36,-25],[63,20],[52,-21],[62,-3],[30,38],[-1,45],[89,22],[46,-30],[41,-80],[38,-8],[48,32],[63,20],[60,-19],[20,-40],[55,14],[21,-11],[42,-3],[83,49],[32,-12],[41,0],[50,44],[48,-14],[42,58],[85,-15],[19,-40],[32,26],[-15,38],[28,11],[46,-43],[9,-42],[-28,-61],[0,-5],[44,-56],[49,-11],[74,-50],[-22,-29],[-16,-59],[11,-38],[59,-35],[77,-21],[38,18],[32,-28],[22,-31],[46,-36],[58,-6],[26,20],[58,-30],[-21,-62],[41,-38],[43,-42],[32,3],[66,-124],[-3,-42],[61,-135],[-7,-47],[20,-81],[-36,-47],[10,-18],[49,5],[36,-32],[-26,-68],[10,-38],[47,-53],[-48,-57],[12,-17],[-12,-53],[-41,-38],[-18,-52],[12,-25],[53,-31],[4,-45],[-19,-27],[11,-49],[-37,-30],[-6,-36],[31,-61],[12,-51],[38,-17],[24,-44],[56,-70],[-12,-56],[-28,-30],[15,-63],[-13,-27],[15,-55],[-1,-47],[-28,-39],[-79,-32],[27,-16],[-7,-36],[27,-74],[39,-28],[14,-33],[70,-45],[22,35],[42,-82],[-23,-41],[45,-34],[3,-40],[25,-40],[-20,-25],[60,-22],[25,-72],[50,-34],[-5,-44],[61,-26],[-9,-28],[69,-29],[77,-43],[23,-43],[-29,-101],[7,-34],[-17,-42],[69,-44],[33,-38],[8,-60],[33,-68],[73,-39],[21,-36],[98,-32],[-51,-49],[-54,-75],[-11,-28],[6,-26],[21,-21],[-27,-31],[5,-29],[3,-66],[-31,-6],[-19,-42],[-56,-30],[36,-91],[-37,-32],[-29,0],[-17,-43],[8,-107],[15,-34],[-15,-27],[32,-58],[-28,-22],[76,-76],[157,-20],[7,38],[43,34],[59,1],[55,-8],[11,-17],[41,-16],[82,38],[13,-29],[33,6],[38,57],[-6,60],[56,-13],[10,-32],[44,-2],[4,-25],[60,-24],[111,2],[6,7],[156,15],[29,27],[34,-51],[53,-18],[22,-40],[76,9],[91,33],[73,3],[-8,-58],[32,-12],[12,40],[39,34],[47,23],[35,-1],[65,-55],[16,-40],[61,-51],[80,-51],[-33,-87],[-70,-42],[-18,-25],[-26,-106],[2,-42],[38,-9],[-14,-65],[-36,-6],[13,-55],[8,-58],[-22,-40],[10,-48],[-50,-39],[-17,-37],[20,-42],[21,-86],[49,-28],[3,-52],[59,-42],[36,39],[17,46],[57,79],[15,62],[140,82],[74,-43],[53,-58],[8,-42],[61,-1],[-14,-84],[69,88],[30,-12],[24,31],[-5,30],[51,88],[34,-25],[55,-98],[6,-75],[-8,-45],[47,-77],[15,-44],[38,-47],[10,-61],[-26,-41],[-34,-20],[30,-44],[32,-5],[33,-49],[85,-59],[32,25],[82,3],[49,55],[37,-31],[-61,-55],[-15,-28],[-57,-48],[-34,-46],[-3,-32]],[[57934,21627],[0,-10],[-87,-82],[-64,-83],[-62,-104],[-27,-92],[-16,-26],[-112,-22],[-51,-34],[-51,-11],[73,-53],[-29,-83],[-67,-103],[-86,2],[-50,-25],[-45,-38],[-54,-64],[-85,-141],[-31,-60],[-77,-146],[-44,-110],[-18,-87],[-24,-11],[-35,-21],[-5,-66],[13,-17],[-33,-72],[-41,-129],[-11,-16]],[[56815,19923],[-76,-1],[-9,43],[-24,9],[-47,-56],[-25,-5],[-136,-3],[-491,3],[23,-23],[-32,14],[-65,-63],[-59,-16],[-21,30],[-30,-3],[-27,-40],[-32,35],[-65,-9],[-60,36],[-14,-28],[-42,-12],[-55,31],[-74,-57],[-59,-22],[-42,-51],[0,-33],[-29,-40],[-62,-8],[-14,-75],[-48,4],[-28,-38],[-60,-32],[-17,-41],[-93,-9],[-41,-29],[-52,15],[-51,-48],[-24,-4],[-4,-31],[-39,-82],[-75,35],[-39,-62],[-22,5],[-29,54],[-56,-33],[-37,29],[-70,22],[-5,51],[-61,3],[-42,63],[-29,18],[-37,-39],[-19,32],[27,34],[-53,10],[0,41],[-35,26],[-31,-14],[-54,24],[-14,41],[-37,3],[-7,48],[-25,26],[-50,21],[-17,58],[-103,21],[-42,16],[-16,25],[-49,-45],[-32,33],[-36,5],[-40,-6],[19,-64],[-82,31],[-56,-17],[-105,-52],[-49,25],[-40,53],[-63,-14],[13,-31],[37,-20],[-46,-49],[-34,-10],[-38,37],[-27,-8],[-31,62],[-35,15],[-7,-54],[-30,23],[-20,-24],[-44,-7],[-48,-36],[-31,-46],[1,-61],[24,-53],[-26,-9],[-76,56],[11,46],[-22,37],[-83,53],[-47,-10],[-94,108],[-74,-27],[-27,12],[-78,-29],[-27,82],[-21,8],[-42,-48],[-1,-52],[23,-17],[34,19],[35,-8],[-17,-43],[-81,-24],[-75,20],[-63,-113],[13,-65],[-59,-34],[-46,-92],[-16,-18],[-61,-37],[34,-79],[-35,-40],[-32,9],[1,42],[-27,21],[-78,-16],[-77,-50],[-10,-50],[-33,-1],[-36,63],[-18,1],[-25,-92],[-44,-29],[-16,12],[2,85],[-57,46],[-23,-24],[25,-49],[-11,-44],[-66,33],[-14,50],[-40,31],[-21,11],[-122,-37],[-68,37],[-6,-44],[-32,-63],[-58,-22],[-79,-7],[-40,-41],[-48,3],[-47,-58],[-33,-5],[-39,-45],[5,-25],[-18,-35],[22,-27],[-40,-32],[-50,-44],[-16,-41],[14,-38],[40,-25],[-11,-24],[59,-24],[-44,-91],[96,-126],[30,-62],[-14,-55],[-32,-34],[-3,-54],[-43,6],[-38,-25],[-14,-38],[-29,-14],[-118,17],[-76,-26],[-43,-35],[18,-39],[-14,-58],[-28,-16],[9,42],[-63,32],[-9,54],[-38,36],[4,32],[-32,50],[-41,-5],[-16,86],[-38,15],[-60,-23],[-213,10],[-28,33],[-52,24],[-58,-43],[-87,21],[-117,-39],[-83,21],[-46,-33],[-25,7],[-42,-21],[-23,36],[-38,16],[-61,-12],[-44,39],[-144,10],[-39,49],[-7,15],[-108,40],[-38,57],[3,39],[-34,30],[-72,5],[-42,15],[-46,56],[-82,-50],[-49,6],[-47,22],[-43,-22],[-51,58],[-98,1],[-47,17],[-17,-19],[-46,32],[-47,-22],[-52,-2],[-47,-4],[-30,47],[-44,3],[-61,52],[-72,-31],[-34,10],[-71,-19],[-31,20],[-10,31],[-50,35],[-36,21],[-38,51],[-49,-10],[-46,1],[-42,39],[-57,-29],[-27,14],[-160,10],[-64,-44],[-73,5],[-19,10],[-57,-19],[-103,42],[-89,-60],[-89,-45],[-52,-8],[-8,19],[-67,22],[-48,74],[-30,-12],[-22,6],[-127,76],[-63,72],[-64,114],[-55,-39],[-56,13],[-30,23],[-12,-21],[-55,34],[-54,-35],[-47,-50],[-25,-11],[-73,-38],[-23,12],[-50,-34],[-57,26],[-62,-2],[-45,45],[-22,4],[-13,46],[-89,-10],[-40,18]],[[45529,19216],[-21,44],[26,53],[-23,22],[-46,78],[-16,30],[-46,30],[-23,52],[-65,38],[0,87],[29,45],[-19,59],[-81,32],[-23,59],[-25,4],[-56,42],[-5,35],[-36,11],[-13,82],[49,41],[3,29],[-3,33],[-35,10],[-9,33],[11,82],[-33,38],[24,50],[36,41],[-46,76],[-12,76],[-39,-3],[34,93],[2,39],[-30,83],[-46,0],[-25,40],[-40,17],[-33,36],[-28,3],[-26,-67],[-43,120],[-45,36],[-55,55],[-31,-8],[-26,-41],[-43,15],[-19,39],[-32,0],[-14,-56],[1,-57],[-31,-25],[-42,93],[0,63],[39,56],[25,62],[-22,38],[-25,-8],[-68,-58],[-38,-52],[-58,15],[-43,-15],[-5,-29],[63,-35],[15,-38],[-61,-2],[-51,44],[-31,-16],[9,-36],[-37,-32],[-31,35],[-30,62],[-39,3],[-75,-36],[-32,-85],[-37,1],[-25,27],[-35,-11],[-4,-61],[-23,-44],[-61,-48],[5,-67],[-34,-17],[-21,83],[-45,56],[-62,54],[-64,-32],[-29,27],[4,54],[-46,24],[-85,-13],[-1,143],[-13,38],[-2,95],[-37,39],[-4,40],[36,32],[35,112],[51,77],[51,47],[53,87],[39,42],[22,60],[21,109],[24,53],[16,46],[34,53],[41,37],[-7,71],[-57,71],[-1,166],[37,125],[2,106],[23,48],[36,121],[14,104],[42,147],[19,43],[54,64],[19,76],[25,55],[28,80],[2,57],[16,123],[-7,49],[-34,106],[-2,76],[31,108],[59,81],[28,41],[44,98],[13,56],[-37,144],[-34,47],[-76,76],[2,82],[-16,80],[-27,52],[-4,57],[16,47],[69,62],[46,75],[21,17]],[[73914,31904],[-16,-109],[10,-41],[-49,-78],[-42,-34],[-12,-42],[-69,-105],[-45,-41],[-30,-57],[-8,-58],[7,-58],[32,-102],[42,-48],[53,-5],[9,-17],[2,-12],[-32,-164],[0,-148],[51,-242],[47,-212],[13,-81],[-1,-60],[-23,-75],[-55,-58],[-160,-93],[-111,-82],[-85,-64],[-136,-69],[-120,-42],[-155,-43],[-247,-77],[-81,-29],[-88,-40],[-233,-109],[-104,-63],[-116,-104],[-40,-21],[-34,-40],[4,-66],[-102,-68],[-78,-76],[-23,-69],[-45,-39],[-19,3],[-58,-76],[-7,-25],[-39,-27],[-13,23],[-40,-16],[-40,-72],[-30,-90],[-12,-29],[4,-175],[14,-69],[35,-67],[35,-8],[55,-85],[47,-5],[24,45],[86,-10],[-69,-78],[-40,16],[-45,-64],[-83,-44],[-21,-30],[-17,-66],[13,-36],[-46,-43],[-22,14],[-38,-40],[-16,-88],[33,-71],[1,-36],[-57,32],[-68,20],[-103,13],[-378,28],[-170,10],[-197,0],[-47,-9],[-76,13],[-125,3],[-157,-12],[-95,-21],[-15,-34],[-108,7],[-47,-7],[-173,-9],[-98,-10],[-81,-20],[-184,12],[-44,-18],[-68,-4],[-21,38],[-64,20],[-64,4],[-15,40],[40,12],[-56,98],[-12,47],[41,-1],[19,51],[17,77],[34,22],[-1,82],[41,59],[81,55],[-3,45],[-10,50],[-26,51],[-51,-3],[-36,18],[-52,-22],[-25,-47],[-38,-21],[-17,18],[-50,-7],[-39,-26],[-76,-17],[-16,-30],[-38,-10],[-61,-70],[-48,-78],[1,-20],[98,-91],[16,-79],[69,4],[-11,-36],[70,-11],[40,-33],[-15,-87],[27,-38],[-57,-48],[-12,-41],[-88,-5],[-30,-27],[-66,-3],[-40,-24],[-32,5],[-105,76],[8,-41],[48,-2],[-17,-40],[-128,-3],[-153,-33],[-32,-22],[-50,-4],[-33,-31],[-40,-3],[-96,-65],[-9,39],[-49,18],[-75,3],[-89,-7],[-246,-20],[-181,-27],[-217,-40],[-69,-37],[-49,24],[20,52],[58,70],[42,14],[14,-23],[122,-51],[67,62],[81,-34],[77,-9],[98,5],[86,11],[100,32],[118,28],[44,-3],[-63,62],[-69,13],[-11,27],[-42,31],[-53,-13],[-65,79],[-106,77],[-39,19],[-37,4],[-54,-34],[-37,12],[43,40],[-17,18],[-76,-13],[-23,-38],[-57,-22],[-91,9],[-31,-20],[-28,8],[-58,-24],[-61,-60],[-9,-44],[-48,2],[32,47],[-13,55],[-70,-35],[6,-51],[-13,-43],[-71,-81],[-37,-24],[-53,-12],[-29,11],[-15,-40],[-46,-16],[-14,41],[-83,-47],[-21,20],[21,52],[30,23],[-42,50],[-37,-16],[-30,6],[-40,-51],[-35,1],[4,55],[-72,-59],[-58,19],[24,58],[51,31],[26,-3],[39,66],[-42,6],[-33,28],[26,42],[-57,16],[-55,-42],[49,-12],[-37,-41],[-58,24],[-68,0],[-24,-32],[7,-39],[-23,-34],[23,-18],[-36,-35],[-37,16],[-46,-7],[-13,-31],[-37,-26],[-30,8],[-91,-31],[-63,-50],[-13,32],[-50,8],[-77,-33],[-36,6],[-55,-76],[-16,-97],[7,-76],[-27,-20],[-15,-90],[-17,-20],[60,-77],[112,96],[41,-5],[2,-68],[-34,21],[-75,-50],[35,-13],[46,14],[41,-22],[-33,-44],[-15,-43],[26,-10],[20,56],[53,37],[20,29],[27,-31],[-8,-68],[45,-6],[45,17],[46,-35],[-84,-62],[-12,-66],[-47,-68],[-37,-6],[-79,64],[-30,-1],[-41,-31],[-44,-5],[-34,20],[-68,-46],[16,-22]],[[65486,26609],[-57,25],[-23,41],[-40,9],[-21,102],[-40,23],[-44,-5],[-26,92],[-39,18],[-47,0],[-18,118],[26,52],[84,41],[24,21],[-5,38],[32,46],[-16,88],[38,120],[19,85],[-22,32],[23,43],[66,-2],[31,33],[12,58],[59,32],[65,-4],[32,47],[33,-24],[47,34],[17,22],[45,40],[77,29],[47,-26],[49,50],[31,11],[55,48],[41,-25],[2,-50],[21,-25],[71,41],[27,50],[108,-21],[75,40],[51,-3],[21,28],[47,11],[31,-10],[34,66],[-1,93],[72,94],[55,3],[-4,41],[43,9],[18,51],[35,38],[-24,48],[-41,28],[13,29],[-110,72],[-45,-8],[-36,31],[-30,-10],[-79,18],[-56,22],[-40,-60],[-1,49],[-22,32],[-47,18],[-27,-38],[-6,-51],[-52,24],[-77,-45],[-46,12],[-52,-76],[-55,37],[-26,48],[-45,-8],[-18,24],[-25,-62],[-29,39],[-28,-16],[-29,29],[-51,8],[-2,54],[10,56],[-79,31],[16,23],[-42,47],[-71,71],[-6,77],[-23,74],[-48,48],[-53,16],[-69,8]],[[66304,27132],[41,26],[30,-3],[15,47],[31,40],[34,-39],[41,48],[52,20],[4,36],[32,14],[54,-7],[18,-69],[57,6],[29,-64],[35,44],[20,-89],[40,18],[57,-57],[-51,-28],[-50,48],[-42,-11],[-28,-29],[-33,6],[-12,-46],[-33,10],[-58,-14],[-69,19],[-24,33],[-35,8],[-59,-34],[-40,-64],[-39,-4],[24,66],[-12,26],[-37,6],[8,37]],[[67366,27686],[-28,-27],[-33,46],[16,24],[44,9],[35,-6],[-34,-46]],[[68957,28068],[-5,-55],[-33,-6],[-44,19],[-48,-21],[-17,-25],[-45,34],[65,82],[53,-19],[39,2],[12,33],[59,-13],[-36,-31]],[[82204,74109],[70,-129],[51,-60],[90,-76],[68,-7],[53,37],[49,-17],[74,-51],[39,0],[83,49],[31,-8],[42,36],[91,-72],[90,-3],[59,-59],[99,-144],[75,-54],[89,-30],[32,-37],[24,6],[47,-52],[56,20],[85,-9],[15,31],[33,-13],[42,5],[66,-10],[71,16],[35,34],[63,6],[102,-16],[71,-26],[82,-31],[55,22],[39,-16],[42,-37],[42,38],[103,-20],[86,4],[108,-4],[73,13],[56,37],[58,31],[44,6],[38,28],[126,24],[69,-7],[93,-39],[57,-21],[67,-3],[53,-16],[59,5],[26,-10],[15,3],[59,-34],[135,-34],[139,-49],[18,3],[23,21],[111,-61],[80,-21],[49,-28],[46,-8],[47,-56],[17,-43],[95,-64],[49,-63],[26,-56],[27,-37],[42,-194],[38,-51],[24,-8],[36,-27],[-2,-42],[40,-49],[7,-76],[38,-57],[27,-4],[2,-68],[12,-32],[24,-101],[35,-44],[1,-92],[23,-54],[-2,-96],[29,-56],[28,-14],[-26,-109],[24,-104],[29,-52],[-4,-74],[6,-98],[56,-75],[-6,-65],[13,-75],[17,-31],[34,-7],[16,-40],[18,-13],[15,-59],[-6,-98],[28,-29],[-10,-38],[6,-162],[2,-63],[15,-39],[18,-28],[25,-82],[67,-15],[13,-31],[4,-119],[9,-58],[-14,-15],[21,-98],[21,-41],[58,-12],[24,-66],[20,-99],[-3,-28],[12,-99]],[[29719,51402],[-57,16],[-77,6],[-3,49],[-35,22],[-53,3],[-41,66],[-37,-5],[-78,36],[-32,60],[-33,24],[-36,71],[13,22],[-33,20],[-38,-29],[-37,39],[-44,-29],[-42,-6],[-14,50],[6,52],[24,27],[-36,32],[-47,-24],[-12,-28],[-43,-10],[-7,25],[-54,25],[-35,-60],[-7,-41],[-44,30],[-18,-19],[-43,0],[-40,43],[-37,-16],[11,-28],[-26,-22],[-30,28],[-31,-12],[-49,44],[-11,43],[-60,-25],[-23,10],[-6,49],[-38,-9],[3,-40],[-55,-4],[-49,-45],[-88,3],[-34,-22],[6,-24],[-118,-30],[-33,-15],[-50,23],[-36,-4],[-30,32],[-78,44],[-36,-1],[-29,46],[-50,-28],[-47,-10],[-36,23],[-15,-31],[-38,35],[-56,-8],[-83,-47],[-47,16],[-13,-52],[-46,20],[-27,-13],[-60,27],[-37,-31],[-43,2],[-36,27],[-32,79],[5,45],[-15,100],[-26,36],[-34,-18],[-32,21],[-26,45],[-68,5],[19,38],[-34,8],[14,35],[-21,23],[-51,0],[-27,45],[-4,53],[-35,-17],[-30,45],[-51,52],[-34,14],[-70,82],[13,21],[1,80],[-13,39],[0,103],[-10,26],[-34,11],[-18,-31],[-60,69],[-48,-50],[-20,8],[-2,67],[-31,34],[-33,-26],[-35,2],[-2,-63],[-49,-10],[-38,18],[-32,-21],[-39,41],[-79,-23],[-46,7],[-22,25],[-34,2],[-4,43],[-41,-14],[-41,52],[6,32],[-111,25],[-44,-18],[-48,45],[-52,-21],[-24,21],[-122,63],[-4,38],[-42,40],[9,38],[-36,54],[-35,14],[-32,-55],[-43,-4],[-10,-27],[-59,4],[-20,-53],[-41,51],[-9,-39],[-51,20],[-34,37],[-32,84],[12,44],[-44,29],[-36,-35],[-25,17],[11,45],[-56,32],[-23,60],[-30,37],[4,36],[-38,16],[-27,30],[-37,-5],[-11,-30],[-46,18],[-17,-29],[-28,38],[-64,25],[4,67],[-25,7],[0,44],[-28,19],[-18,79],[-28,48],[-53,6],[-9,57],[39,27],[8,25],[-77,7],[5,66],[-42,-3],[-30,31],[-49,26],[-14,44],[-97,-32],[15,-41],[-18,-20],[-44,0],[-34,-23],[-14,-32],[-34,-20],[-91,9],[-87,38],[-36,26],[-42,-7],[-38,22],[-36,43],[-14,54],[-31,16],[-34,57],[6,48],[-88,11],[-62,-15],[-57,56],[-52,95],[-57,18],[-39,30],[-46,11],[-18,32],[-78,28],[-45,2],[-32,30],[-95,28],[-75,-7],[-52,30],[-28,-45],[-33,0],[-36,-42],[-37,8],[-51,34],[-31,0],[-5,-48],[-25,-41],[6,-46],[-21,-27],[-33,-4],[-37,-36],[-56,-10],[-62,63],[-28,-24],[-32,14],[-49,-15],[-25,45],[-33,15],[-36,-25],[-38,41],[-35,-46],[-35,67],[-32,-18],[-5,-45],[-20,-29],[-35,7],[0,106],[-57,-10],[-19,21],[-65,24],[-26,-37],[-86,-86],[-32,32],[18,56],[-11,29],[-62,3],[-58,-9],[-116,28],[-34,20],[-35,51],[-35,31],[-28,57],[-88,51],[-27,36],[-1,32],[25,27],[18,92],[-8,80],[-22,90],[-39,5],[-41,-38],[-23,-3],[-53,68],[-42,-1],[-48,3],[-124,56],[-53,9],[-40,40],[-10,50],[5,65],[38,64],[-19,40],[-33,0],[-38,-30],[11,-47],[-8,-57],[-29,-44],[-41,30],[24,86],[-5,26],[-64,42],[-47,-21],[-35,-71],[-40,41],[24,63],[50,43],[-7,52],[-31,61],[-28,24],[-99,-7],[-74,-38],[-29,20],[-42,70],[-39,-18],[-33,-42],[-44,60],[-50,-15],[-28,34],[21,39],[-36,23],[32,41],[20,63],[5,67],[-21,17],[-60,7],[-40,42],[-1,33],[22,82],[2,96],[-44,130],[-1,40],[-44,37],[-63,-37],[-123,-3],[-5,-22],[26,-56],[-31,-11],[-38,18],[-103,72],[-20,29],[6,35],[57,58],[30,55],[0,27],[-31,60],[16,44],[-23,62],[7,28],[44,59],[-13,59],[-72,12],[-122,35],[-32,139],[-18,161],[-19,70],[26,48],[59,9],[-8,49],[-70,4],[-30,24],[-35,137],[2,72],[26,31],[52,-1],[16,31],[-13,32],[-59,2],[-28,100],[1,24],[33,49],[45,35],[87,28],[21,39],[-8,54],[-39,48],[8,34],[104,106],[-36,53],[-43,93],[43,15],[-20,129],[-92,118],[-51,44],[-51,17],[-7,55],[31,-2],[15,29],[-10,67],[13,112],[-11,69],[-22,39],[-49,30],[-54,9],[-26,65],[12,40],[29,30],[-16,92],[-28,32],[-6,34],[21,38],[-31,50],[-10,42],[13,33],[45,4],[48,86],[6,52],[-29,88],[36,57],[28,23],[35,56],[36,30],[27,45],[28,109],[27,27],[14,49],[-41,141],[15,66],[-7,112],[-37,41],[-22,85],[22,116],[-5,60],[-24,31],[0,55],[10,59],[36,72],[37,37],[20,51],[-1,48],[-78,73],[-13,81],[-34,67],[-26,77],[-53,68],[-37,29],[-108,42],[-1,-60],[-63,-53],[-40,1],[7,-42],[-32,-1],[-7,-97],[13,-27],[-34,-38],[-46,26],[-7,-41],[-64,-36],[26,-49],[-96,-25],[-24,42],[-51,-23],[-6,63],[-32,47],[-28,-5],[-28,29],[-38,-45],[-7,-34],[-39,24],[20,29],[-19,51],[46,9],[9,51],[-43,-20],[-41,0],[-52,-63],[-25,39],[-35,20],[14,48],[-26,7],[6,-77],[-19,-50],[-49,-4],[-37,53],[-70,-69],[-40,8],[21,60],[-21,37],[-32,2],[-61,-30],[-40,-8],[-28,19],[-67,-45],[-2,-52],[-25,-22],[-38,29],[-53,-41],[-16,57],[-85,12],[-59,-18],[-18,21],[-39,-21],[-65,14],[-46,-19],[-8,-26],[-42,-8],[2,-55],[-48,-12],[-49,46],[-34,-45],[-50,-7],[-25,-25],[-61,31],[-95,-42],[-6,-39],[-53,-10],[-47,11],[-20,-47],[-42,38],[-76,-22],[-18,19],[-92,-22],[-13,-21],[-65,-9],[-24,20],[-62,-50],[-73,16]],[[23761,92158],[-39,45],[-29,50],[11,65],[-15,92],[-46,121],[6,54],[61,73],[-2,49],[-24,25],[-88,17],[-121,-17],[-109,-27],[-144,-43],[-96,-38],[-73,-15],[-140,-3],[-66,12],[-151,57],[-44,28],[-69,22],[-140,55],[-38,33],[-22,-7],[-28,34],[-45,-30],[-41,71],[-38,9],[-7,27],[28,52],[5,115],[40,16],[33,61],[4,43],[41,41],[16,60],[-15,27],[13,41],[-37,35],[-1,25],[44,20],[-9,34],[-28,20],[8,85],[-31,17],[-10,44],[6,52],[-64,40],[-40,49],[-20,75],[-7,136],[-93,71],[-30,51],[-13,62],[-67,72],[-46,85],[-39,29],[-77,81],[-1,54],[19,28],[32,80],[5,43],[-12,88],[0,60],[-56,145],[-6,77],[13,136],[-44,64],[8,43],[26,38],[84,88],[41,31],[-6,27],[7,98],[-4,55],[-54,90],[-77,78],[-30,58],[-53,56],[-18,77],[-93,60],[-12,20],[-64,42],[-99,48],[-44,36],[-42,11],[-69,-3],[-61,69],[-42,82],[-64,56],[-34,46],[-27,119],[-99,72],[-21,48],[-38,43],[-51,33],[-16,30],[-7,61],[-55,67],[-32,99],[-21,39],[-47,43],[-68,40],[-60,56],[-26,96],[-7,76],[8,43],[49,66],[43,6],[112,-62],[69,-31],[33,-28],[59,-71],[39,-119],[39,-77],[68,-54],[73,-32],[36,31],[52,7],[47,-9],[76,15],[78,41],[62,-7],[39,13],[114,-20],[65,5],[37,32],[30,0],[16,-40],[41,4],[72,-36],[62,3],[43,31],[54,-48],[32,-10],[55,-53],[28,-82],[-8,-48],[54,-90],[54,-116],[35,-26],[1,-26],[75,-3],[11,-75],[41,-8],[23,-56],[68,58],[2,35],[25,28],[55,20],[23,-8],[91,50],[34,-26],[84,-14],[68,3],[23,12],[35,-20],[-5,-30],[36,-14],[100,-20],[19,37],[-18,35],[-41,22],[10,57],[23,66],[1,43],[22,16],[33,-14],[26,-32],[13,-48],[58,-49],[57,-80],[-3,-58],[49,-57],[38,20],[-1,-43],[15,-30],[55,-17],[28,-23],[27,23],[0,36],[37,9],[71,-39],[36,17],[-7,43],[58,77],[-47,58],[-14,36],[-29,18],[52,55],[35,-5],[45,14],[71,-46],[51,-15],[53,30],[9,34],[55,-23],[21,-44],[51,15],[15,-17],[95,-15],[-50,-155],[-14,-18],[3,-79],[13,-39],[50,-61],[55,4],[25,-20],[101,-2],[81,-67],[39,-65],[20,-3],[-6,-120],[-21,-50],[90,-51],[13,-40],[22,-9],[31,-56],[41,-38],[55,-5],[53,52],[32,63],[11,54],[25,-4],[43,29],[32,40],[40,28],[42,73],[58,-15],[43,-36],[13,-49],[82,-69],[27,49],[11,47],[-27,251],[-62,67],[39,40],[-79,111],[5,93],[56,31],[26,63],[-28,46],[-9,73],[38,21],[-9,27],[44,21],[26,-11],[74,-7],[24,16],[47,-6],[25,26],[41,-18],[41,12],[47,-30],[17,-36],[57,0],[-15,41],[35,28],[15,77],[-37,7],[32,80],[72,45],[25,40],[46,-30],[39,31],[12,39],[-28,22],[68,42],[108,-13],[27,-29],[53,-4],[7,-37],[52,-42],[85,15],[21,-27],[71,-11],[11,-22],[62,-20],[41,10],[8,-37],[102,-49],[33,20],[42,2],[-6,76],[23,-7],[80,40],[-23,36],[37,36],[37,-21],[82,15],[41,48],[96,-127],[12,-37],[32,-20],[18,135],[51,13],[30,-19],[34,8],[-8,35],[53,10],[32,-36],[41,20],[7,53],[29,102],[38,-11],[48,21],[-25,37],[81,24],[35,-30],[45,26],[51,-1],[50,19],[59,-53],[53,52],[39,-44],[65,18],[95,127],[25,55],[-29,9],[-14,43],[22,15],[-7,96],[16,51],[61,13],[54,66],[31,7],[45,-34],[13,20],[67,-26],[45,9],[46,-21],[33,24],[69,79],[40,-4],[21,53],[-70,63],[-29,5],[-15,28],[15,50],[130,5],[33,-19],[70,-12],[39,-22],[34,8],[50,-57],[26,-4],[13,-36],[47,60],[65,32],[43,0],[64,15],[117,-15],[34,62],[38,5],[23,48],[-7,52],[39,-8],[-7,52],[23,42],[-15,46],[-28,20],[7,34],[65,22],[22,53],[-7,41],[29,40],[55,-3],[47,-30],[50,63],[26,-3],[31,55],[95,28],[23,-10],[35,43],[25,5],[16,66],[53,28],[53,77],[30,22],[15,91],[52,10],[7,40],[38,51],[38,7],[18,74],[-20,38],[-14,74],[-55,71],[-19,59],[-29,21],[9,132],[-39,61],[3,57],[-84,105],[-53,-3],[-22,13],[11,49],[31,-4],[28,27],[100,4],[61,-39],[74,5],[33,-49],[70,-10],[14,22],[46,13],[42,-13],[113,-7],[7,-41],[28,-7],[34,32],[2,31],[83,38],[31,-42],[48,1],[72,15],[20,41],[75,20],[16,43],[40,2],[24,28],[51,23],[23,-14],[21,-42],[-5,-30],[54,-30],[33,16],[41,41],[10,-56],[59,-84],[25,-137],[64,-18],[15,-33],[75,-73],[68,-20],[-26,-66],[28,-26],[-19,-64],[31,-95],[-13,-67],[5,-73],[-30,-58],[-16,-141],[-11,-50],[-23,-27],[-23,-104],[29,-27],[-5,-89],[-32,-54],[30,-43],[-109,-133],[-2,-70],[10,-33],[-38,-26],[-77,-4],[-20,-23],[10,-52],[-21,-30],[-44,18],[-10,-44],[14,-17],[-13,-77],[20,-15],[113,-5],[-8,42],[38,15],[39,-17],[20,-52],[103,-17],[35,16],[24,-34],[45,5],[34,33],[77,-33],[27,-27],[106,-10],[-11,-39],[21,-18],[118,1],[90,-29],[27,-43],[33,2],[43,-45],[-2,-18],[61,-48],[39,-81],[-33,-32],[-31,-53],[-32,-31],[-18,-57],[28,-40],[-49,-77],[10,-21],[15,-105],[33,-49],[23,-11],[44,-36],[101,-5],[42,-31],[-74,-159],[24,-7],[53,-71],[34,-19],[14,-84],[46,-32],[-31,-31],[36,-15],[49,26],[51,-31],[23,-59],[-43,-46],[-70,-28],[-2,-60],[-61,-21],[3,-61],[33,-73],[-36,-63],[-3,-29],[-46,-3],[-53,-25],[-58,-10],[-20,-53],[24,-68],[-9,-78],[-81,-36],[-35,-59],[-47,-13],[-26,-23],[-31,-69],[-54,-22],[-60,8],[-47,-35],[-26,-3],[-19,-79],[-29,-27],[66,-28],[10,-59],[40,-19],[36,-39],[4,-41],[-49,-19],[-10,-71],[-25,-32],[-5,-47],[30,-3],[19,-33],[33,-143],[-43,4],[-21,-20],[14,-37],[-33,-67],[-17,-6],[-20,-71],[-31,-5],[-18,-43],[15,-78],[-30,-32],[-44,-11],[-11,-63],[27,-80],[-28,-26],[-15,-37],[24,-51],[-48,-6],[-28,-61],[-32,-30],[14,-48],[-20,-70],[-2,-43],[30,-21],[-38,-103],[9,-29],[-51,-55],[-6,-52],[19,-34],[-26,-38],[16,-22],[-21,-87],[10,-93],[-14,-44],[12,-107],[-10,-25],[13,-143],[28,-26],[-6,-73],[39,-80],[-27,-38],[61,-20],[34,-48],[-20,-32],[45,-72],[-2,-49],[50,-66],[7,-72],[-14,-43],[11,-63],[-30,-61],[44,-84],[46,-14],[71,-75],[29,-7],[43,-35],[39,-52],[35,25],[58,-5],[49,-39],[-11,-27],[17,-77],[-21,-28],[10,-52],[-30,-70],[0,-80],[22,-21],[16,-60],[-3,-44],[-28,-18],[-12,-68],[27,-90],[-12,-75],[1,-41],[-19,-30],[8,-42],[-38,-82],[-10,-59],[28,-56],[-15,-37],[17,-32],[57,-6],[64,11],[40,-35],[20,27],[33,-27],[-18,-44],[-46,-40],[-22,-74],[-3,-57],[53,-4],[28,-30],[49,-7],[5,-31],[28,-33],[113,53],[19,-27],[55,-23],[16,-64],[28,-27],[6,-32],[40,13],[-3,-72],[26,-48],[40,-23],[39,4],[23,-65],[23,-19],[-8,-51],[41,-38],[32,14],[9,-51],[34,-42],[13,-37],[75,30],[40,-86],[-7,-60],[50,11],[61,-117],[7,-34],[42,-47],[38,-3],[22,-24],[88,-8],[23,-36],[36,-3],[33,-31],[33,13],[29,-24],[35,14],[73,-48],[70,-13],[40,17],[17,-19],[44,9],[27,-58],[35,20],[106,11],[0,-82],[44,-14],[27,-49],[-40,-23],[21,-60]],[[45103,16866],[33,-13],[23,7],[62,57],[42,-11],[28,-89],[24,-9],[50,28],[33,29],[61,25],[54,-41],[1,-89],[34,-19],[36,77],[44,-1],[83,43],[31,-9],[42,-48],[45,-23],[47,26],[-2,31],[-36,57],[-6,36],[37,33],[35,-15],[26,-41],[28,-1],[91,35],[39,78],[40,50],[28,-8],[23,-46],[28,-20],[68,3],[38,-40],[0,-29],[-30,-80],[-27,-47],[-5,-37],[23,-22],[41,55],[70,35],[41,32],[27,-3],[77,-51],[17,0],[26,32],[10,77],[42,25],[28,-80],[32,-21],[32,22],[77,22],[21,37],[-22,69],[4,43],[62,54],[45,5],[24,-27],[-58,-109],[13,-54],[27,-7],[38,51],[35,-2],[25,-47],[-45,-86],[25,-70],[46,-1],[12,96],[12,40],[31,3],[23,-29],[-4,-55],[21,-16],[54,10],[71,63],[49,14],[15,-24],[-3,-72],[100,9],[31,-6],[49,-13],[15,-31],[-7,-72],[39,-18],[28,45],[44,-3],[10,-74],[35,-37],[21,22],[11,65],[42,30],[29,-55],[59,-15],[69,48],[50,-6],[47,24],[20,-51],[98,-17],[34,21],[-1,62],[71,43],[29,-3],[-20,-78],[3,-35],[48,-51],[52,-26],[-9,82],[44,-2],[-8,-60],[20,-51],[71,40],[84,-74],[30,33],[-29,78],[8,38],[90,2],[56,-33],[-62,-24],[-22,-56],[77,-7],[33,-63],[47,18],[31,89],[36,41],[33,-28],[-20,-62],[15,-15],[89,29],[34,-26],[-2,-79],[30,-12],[35,24],[65,-18],[69,36],[21,-30],[-30,-30],[45,-55],[37,5],[46,3],[31,-20],[-7,-35],[-84,12],[-37,-26],[21,-24],[97,-13],[41,-31],[8,-31],[-66,-60],[19,-33],[80,42],[42,-16],[-5,-79],[21,-55],[41,-3],[-12,62],[11,34],[39,15],[34,-28],[-27,-83],[40,-9],[46,17],[27,-30],[31,31],[-23,59],[90,14],[31,-15],[37,-50],[29,3],[15,53],[24,27],[58,-19],[-7,-49],[43,-36],[25,18],[5,49],[27,13],[28,-30],[-26,-79],[35,-37],[48,53],[36,-12],[-20,-83],[19,-38],[40,-17],[26,61],[28,-8],[62,17],[58,-18],[16,-34],[1,-61],[39,-18],[49,-61],[-3,-52],[56,7],[16,41],[52,20],[26,-29],[-15,-66],[48,-45],[52,22],[42,-17],[2,-39],[22,-30],[-14,-37],[82,-29],[-3,-49],[58,-25],[16,-48],[48,21],[68,-20],[64,-60],[61,-13],[12,-69],[65,14],[46,-35],[0,-55],[58,-19],[-14,-68],[18,-29],[71,-41],[-5,-77],[44,-23],[24,52],[24,-13],[16,-21],[72,-34],[26,1],[-2,-55],[21,-58],[59,-18],[42,-54],[-15,-69],[-49,-48],[49,-10],[28,-42],[-12,-56],[32,-28],[54,54],[45,-57],[68,-4],[-13,-52],[20,-34],[-9,-61],[56,20],[28,-145],[120,-56],[2,-46],[45,-37],[36,-57],[14,-46],[53,-53],[-10,-40],[46,-35],[32,32],[48,-33],[31,-53],[58,-38],[20,16],[10,50],[47,-22],[71,-7],[32,10],[57,-56],[82,-3],[28,-32],[36,65],[33,-10],[0,-89],[32,3],[-6,46],[24,16],[59,-11],[22,-32],[46,-15],[18,36],[49,26],[16,-65],[44,-5],[35,38],[46,-17],[36,-66],[2,-45],[50,1],[-18,90],[10,38],[69,11],[-32,-59],[10,-32],[44,-22],[45,28],[31,-14],[67,1],[24,14],[18,56],[38,-15],[32,32],[40,10],[41,-25],[22,-81],[29,26],[-19,35],[20,19],[64,-33],[26,15],[56,-12],[-6,-64],[59,-22],[52,70],[57,-67],[61,87],[-4,-100],[40,17],[47,-66],[-44,-43],[36,-41],[11,-46],[39,-34],[-4,-55],[41,-36],[-26,-26],[-3,-1],[-25,14],[-87,-13],[-8,34],[-46,-37],[-35,37],[-52,-71],[11,-39],[-57,-43],[14,-50],[-18,-51],[-52,30],[-13,-56],[-25,-29],[-48,42],[-75,-21],[29,-54],[-77,-57],[8,-32],[-41,-109],[23,-16],[-7,-68],[14,-38],[-3,-56],[-15,-53],[23,-78],[-3,-36],[43,-11],[-40,-120],[38,-29],[-37,-31],[-9,-35],[-60,-37],[63,-17],[-26,-80],[4,-36],[-36,-5],[-7,-49],[-45,16],[4,-52],[-83,-85],[-30,0],[-67,-25],[-18,-50],[-73,30],[-43,-72],[-9,-132],[37,-49],[15,49],[119,-120],[52,-29],[29,-31],[7,4],[-41,67],[-91,68],[-35,42],[-14,55],[162,47],[17,18],[119,36],[43,53],[17,-1],[43,-23],[49,1],[28,-18],[72,-24],[26,-22],[6,-61],[23,-45],[60,-31],[58,2],[33,-28],[64,-3],[18,-55],[38,-19]],[[54301,11340],[26,2],[-54,-88],[-149,-213],[-208,-317],[-62,-102],[-26,-46],[-93,-178],[-93,-200],[-104,-229],[-25,-58],[-95,-235],[-113,-311],[-125,-356],[-59,-173],[-60,-172],[-17,-69],[-53,-148],[-55,-116],[-81,-146],[-108,-157],[-127,-195],[-76,-132],[-141,-233],[-120,-172],[-177,-281],[-103,-185],[-85,-121],[-133,-159],[-159,-178],[-159,-149],[-81,-66],[-85,-87],[-77,-89],[-186,-158],[-23,-42],[-67,-105],[-64,-77],[-414,-349],[-123,-90],[-167,-102],[-78,-51],[-130,-76],[-78,-36],[-179,-108],[-133,-93],[-138,-115],[-108,-106],[-191,-220],[-106,-129],[-15,-38],[12,-64],[-14,66],[9,49],[-12,44],[58,104],[20,17],[20,93],[-6,76],[-27,63],[15,20],[69,22],[13,43],[-34,87],[-79,82],[-67,57],[-12,68],[78,48],[95,0],[68,-22],[47,-36],[135,-78],[66,-9],[60,13],[94,66],[3,45],[-67,66],[78,26],[76,5],[59,-5],[112,15],[64,30],[138,137],[77,99],[42,67],[85,162],[46,51],[38,25],[24,-37],[10,116],[36,86],[60,56],[1,-68],[13,-32],[88,-44],[43,9],[76,35],[50,45],[69,37],[58,57],[78,117],[64,161],[35,174],[4,62],[-9,124],[-36,143],[-6,49],[8,140],[23,29],[39,-49],[55,-27],[47,-3],[123,96],[55,26],[65,9],[50,39],[40,76],[6,124],[-36,146],[108,-22],[34,6],[50,32],[80,84],[47,14],[20,31],[58,30],[82,27],[74,101],[42,85],[27,101],[15,111],[9,140],[-16,277],[-31,195],[-55,105],[-10,40],[24,39],[29,14],[42,-24],[16,-30],[81,-70],[31,11],[-3,78],[28,2],[49,-78],[-51,-40],[-31,1],[-46,-29],[-6,-23],[16,-70],[86,-82],[63,-11],[19,22],[22,112],[-3,128],[46,82],[-2,63],[-21,37],[28,43],[12,67],[-11,55],[-40,2],[-34,34],[-51,108],[-55,-9],[-48,19],[-32,-20],[-23,-140],[29,-80],[-38,-27],[-108,-7],[-66,6],[-78,29],[-21,-69],[-4,-66],[-106,45],[-158,-15],[-27,-30],[-26,-94],[2,-82],[17,-74],[-97,72],[-89,46],[-77,21],[3,56],[50,111],[9,51],[-24,56],[-73,28],[-10,33],[-57,25],[-28,-29],[-31,15],[-29,-16],[-16,-41],[-41,16],[11,49],[-68,26],[13,34],[-39,31],[-10,38],[-74,26],[17,76],[-13,40],[-70,41],[2,63],[66,99],[0,40],[-53,-9],[-37,19],[-61,93],[-11,-64],[3,-68],[-25,-78],[14,-17],[-15,-60],[17,-47],[-33,-46],[-5,-56],[29,-25],[-40,-113],[7,-21],[60,-13],[14,-38],[-19,-50],[16,-76],[82,-5],[42,-28],[34,34],[30,5],[6,-101],[35,-93],[30,-23],[111,69],[69,5],[-15,-49],[-40,-52],[-11,-91],[-19,-11],[-41,59],[-98,14],[-70,-40],[-36,-49],[-52,-117],[-67,-181],[-11,-75],[2,-118],[21,-188],[-3,-112],[29,-129],[-37,25],[10,70],[-21,109],[-27,44],[-9,151],[-35,32],[-66,1],[-38,-26],[-19,-54],[-25,-135],[-12,-101],[4,-67],[19,-65],[12,-82],[40,-83],[-39,-19],[-129,16],[-65,-40],[-45,-67],[-9,-120],[14,-92],[20,-72],[57,-126],[24,-25],[-27,-29],[-177,-42],[-31,-3],[-29,-37],[-77,-8],[-60,-55],[-28,-89],[-3,-98],[18,-75],[-10,-39],[-94,0],[-58,13],[-113,-53],[-74,33],[-48,-32],[-49,-53],[-23,-43],[-29,14],[-35,45],[-23,-38],[-82,11],[-27,-42],[-64,-67],[-1,-51],[-45,-27],[-29,-77],[-22,-100],[-15,-123],[-17,-121],[10,-126],[0,-57],[-17,-110],[-22,-77],[-59,24],[-3,34],[36,11],[-17,36],[26,38],[-37,101],[33,55],[1,40],[-109,26],[-37,-37],[-23,-5],[6,-100],[39,-64],[58,27],[34,-45],[-53,-49],[16,-38],[-14,-27],[-61,-7],[-108,-38],[-91,-59],[-73,-75],[6,-96],[17,-26],[-22,-34],[5,-79],[-39,13],[-37,-28],[18,-73],[32,-43],[30,56],[79,-80],[108,-39],[55,-61],[-65,-24],[-7,61],[-95,-90],[-69,9],[-11,-32],[-36,-32],[12,-81],[-34,-85],[52,36],[55,-11],[15,-51],[-85,-28],[41,-31],[93,69],[82,26],[41,26],[11,64],[-92,-40],[-61,-11],[-45,17],[12,81],[24,28],[104,-5],[36,7],[60,-39],[-1,-86],[63,-2],[11,-42],[-123,-15],[-64,-47],[-20,-68],[14,-51],[35,47],[79,40],[-14,-62],[13,-133],[35,-63],[-34,56],[-42,-10],[-114,-85],[-142,-148],[-39,-51],[-82,-130],[-47,-87],[-79,-166],[-64,-162],[-101,-301],[-22,-90],[-56,-267],[-38,-133],[-57,-171],[-42,-98],[-70,-132],[-145,-327],[-47,-86],[-74,-116],[-171,-228],[-76,-85],[-175,-156],[-192,-177],[-68,-68],[-107,-91],[-150,-137],[-157,-155],[-213,-183],[-172,-128],[-110,-89],[-53,-17],[-59,19],[-29,50],[-9,78],[-185,12],[-24,96],[17,67],[-22,30],[10,35],[42,6],[1,158],[68,-22],[-15,-51],[51,-25],[36,30],[-22,54],[22,69],[34,39],[15,118],[-2,86],[-32,103],[-32,172],[-19,66],[-7,94],[44,105],[41,138],[54,-18],[33,31],[106,148],[26,62],[43,-63],[82,-40],[35,0],[72,129],[60,55],[95,174],[1,94],[-16,68],[3,43],[34,172],[42,70],[68,-69],[56,-30],[48,38],[27,48],[107,101],[-19,-63],[40,-80],[113,-119],[115,-96],[46,-22],[66,-12],[56,15],[105,79],[127,218],[33,82],[61,115],[34,79],[60,118],[20,46],[57,240],[-4,56],[-60,157],[-179,322],[29,136],[57,151],[63,113],[13,46],[-217,-78],[-39,16],[0,-47],[-72,-42],[32,-25],[-53,-70],[5,-23],[-47,-71],[5,-28],[-21,-59],[-29,-39],[-6,-36],[73,-94],[34,-3],[49,35],[64,-22],[-1,-32],[-53,-66],[-98,-86],[-111,-35],[-131,-16],[-73,-24],[-50,-27],[-39,-39],[-28,-29],[-20,-88],[-13,-118],[-51,-56],[-96,-13],[-31,-25],[-15,-74],[-55,35],[-86,6],[-63,-41],[-26,29],[-69,17],[-57,31],[-16,58],[-47,-4],[-28,-43],[-119,96],[-46,-12],[-32,49],[-38,-44],[-33,17],[-30,46],[-37,16],[-53,105],[-22,58],[7,20],[-88,11],[-53,-18],[-69,42],[-57,50],[-11,41],[-61,54],[8,32],[-32,30],[-42,16],[4,45],[22,43],[-23,34],[-8,61],[9,41],[-30,18],[-46,78],[1,56],[-20,46],[-57,52],[-14,116],[-21,19],[-39,81],[24,55],[-28,38],[-43,-2],[-37,24],[-57,1],[-18,27],[-41,10],[-13,55],[-27,20],[3,64],[-34,21],[-58,-4],[-44,64],[-79,34],[-33,1],[-26,36],[20,47],[-115,37],[-24,29],[-32,1],[-88,-81],[-33,-9],[-24,49],[-80,47],[-5,28],[-38,29],[-665,567],[5,53],[-23,54],[26,14],[-37,40],[-9,41],[-34,18],[-5,34],[-55,105],[-70,32],[-64,47],[-24,61],[-188,7],[-70,47],[-38,-8],[-45,33],[-66,-1],[-131,-26],[-21,-15],[-46,61],[-2,26],[-45,26],[-45,42],[-51,6],[-26,-16],[-14,80],[-39,1],[-3,75],[-47,18],[-16,64],[-35,29],[-2,31],[-66,-1],[-9,-37],[-17,-62],[-50,-56],[-19,-5],[-78,63],[-96,37],[-39,55],[-32,16],[-111,15],[-29,19],[-8,118],[-29,29],[-44,2],[24,54],[-38,18],[-2,53],[-65,0],[-45,30],[25,116],[-72,53],[24,63],[-31,10],[-28,44],[-71,8],[-67,36],[24,60],[-69,77],[-47,-7],[-58,74],[-13,59],[-80,29],[-40,56],[-8,60],[-52,11],[-35,-23],[-33,20],[-37,-13],[-58,-60],[47,-105],[-47,-60],[-7,-48],[-126,-9],[-25,-61],[-26,-10],[-47,-63],[-32,-19],[-60,2],[-49,-70],[-58,-3],[-35,-68],[-44,-14],[-78,1],[-10,-24],[-110,33],[-30,-30],[-40,9],[-20,85],[4,99],[15,80],[-1,100],[12,44],[-12,28],[9,49],[37,65],[-8,50],[-22,17],[-19,85],[-25,53],[-34,26],[-50,3],[-8,58],[-23,17],[-45,-21],[-30,54],[-47,-12],[2,43],[-49,39],[-4,65],[-33,41],[2,62],[-33,19],[20,35],[-36,36],[-71,-7],[-88,119],[-45,19],[-23,57],[-89,5],[-14,46],[-29,18],[-74,13],[-11,32],[-42,43],[16,58],[-39,43],[-51,-3],[-53,121],[-67,-31],[-30,37],[-3,37],[-31,23],[-57,2],[-8,48],[29,15],[-9,50],[-35,-13],[-60,76],[-63,-27],[12,45],[-16,53],[-87,106],[-15,50],[-76,-6],[-83,80],[-66,28],[-32,-9],[-24,28],[7,70],[-41,11],[-16,45],[-36,19],[-115,26],[-34,-7],[-34,-62],[-26,43],[-36,8],[-55,-19],[-45,9],[-34,30],[-63,-3],[-26,-37],[-76,1],[-9,39],[-57,-74],[-43,2],[20,-55],[-52,-15],[-36,-80],[-49,-62],[-4,-28],[30,-63],[-29,-42],[-60,-38],[-18,-56],[-100,-12],[-47,17],[-26,-27],[-26,16],[-30,59],[-109,-52],[-25,37],[-30,-24],[-38,-63],[-57,13],[16,49],[-35,15],[-50,-4],[-21,25],[-63,-7],[-25,-51],[-49,8],[-63,36],[-35,35],[22,91],[-7,30],[-114,56],[-74,3],[17,31],[113,-2],[84,34],[147,104],[46,44],[34,88],[36,50],[54,55],[54,34],[62,22],[39,46],[19,49],[12,89],[-13,108],[2,39],[75,124],[117,111],[34,22],[87,-7],[110,23],[39,21],[169,162],[173,259],[78,82],[68,87],[69,55],[128,81],[78,107],[4,53],[-3,23],[26,84],[31,17],[81,6],[29,19],[113,214],[16,48],[-12,84],[36,88],[72,95],[21,69],[36,35],[80,-2],[69,60],[28,11],[157,20],[35,28],[36,133],[-36,36],[10,69],[34,44],[57,33],[71,21],[30,35],[58,85],[6,79],[-11,118],[16,42],[68,50],[154,11],[63,63],[39,88],[53,71],[75,65],[62,69],[78,41],[54,39],[11,47],[-58,118],[21,71],[73,36],[77,6],[72,32],[70,6],[10,39],[-44,123],[3,51],[51,91],[65,15],[65,-23],[130,-9],[46,-20],[28,-38],[28,-86],[41,-3],[15,25],[10,86],[40,105],[-25,48],[-54,33],[-57,54],[-86,30],[-21,18],[-10,49],[65,41],[119,31],[90,92],[63,27],[20,104],[29,50],[52,-14],[-3,-67],[65,-46],[20,21],[4,57],[20,38],[58,16],[21,67],[29,31],[55,-47],[42,-10],[19,30],[51,79],[92,52],[17,41],[-41,90],[24,23],[67,7],[13,16],[29,95],[47,11],[59,-27],[52,33],[47,94],[83,75],[60,-14],[32,-50],[48,-40],[24,32],[-7,64],[44,34],[43,11],[79,-27],[47,-9],[14,57],[-31,32],[-95,59],[-8,29],[29,37],[49,8],[52,-60],[62,5],[21,46],[64,-14],[55,15],[19,54],[54,66],[3,69],[-5,158],[29,24],[73,-3],[22,16],[23,58],[26,107],[27,63],[49,-20],[7,-67],[20,-39],[49,0],[39,55],[41,-5],[85,-28],[32,28],[-19,88],[11,59],[44,-24],[25,-70],[27,-7],[41,43],[20,68],[29,55],[14,67],[40,-8],[51,-61],[19,-56],[24,-4],[32,46],[40,19],[42,-4],[68,22],[5,32],[-63,71],[33,26],[59,5],[33,35],[52,-26],[50,-89],[40,-39],[26,7],[14,42],[-14,67],[21,45],[55,-55],[24,-46],[23,-12],[38,27],[6,93],[34,20],[46,1],[27,19],[22,132],[36,69],[-4,36],[16,70],[29,28],[37,-21],[2,-86],[98,-16],[74,14],[53,85],[64,25],[27,67],[2,59],[53,27],[65,1],[2,73],[37,36],[56,-54],[43,5],[20,33],[7,51],[22,31],[45,-19],[15,-50],[35,-44]],[[56815,19923],[2,-68],[-18,-135],[16,-42],[6,-133],[38,-107],[27,-11],[102,2],[-8,-83],[45,-94],[-69,-135],[-37,-89],[-26,-89],[-61,-117],[-14,-61],[5,-51],[-62,-112],[-61,-137],[-24,-68],[-21,-12],[-39,19],[-14,-10],[-3,-19],[16,27],[46,-21],[-23,-113],[-20,-141],[20,-48],[-6,-51],[12,-83],[32,-51],[29,21],[64,-68],[51,23],[29,-41],[-25,-16],[-15,-64],[-41,2],[-26,-51],[-24,-142],[6,-30],[30,-60],[0,-59],[-15,-60],[28,-42],[45,10],[41,-10],[20,-61],[-27,-56],[-4,-40],[-8,-54],[-46,-58],[21,-52],[40,-53],[67,-32],[39,17],[6,35],[61,68],[-12,-54],[24,-35],[29,-8],[-16,-43],[-10,-91],[-32,41],[-57,7],[-88,-75],[-54,-16],[-29,-85],[7,-82],[39,-85],[93,7],[32,-13],[29,-45],[-22,-62],[13,-35],[-56,1],[-16,-31],[2,-80],[-38,-43],[-60,26],[-39,-17],[-52,-134],[33,-86],[2,-34],[43,-45],[-11,-29],[37,-37],[55,-18],[19,-40],[-17,-39],[-41,-17],[-28,42],[-32,-6],[-48,-80],[-5,-22],[49,-38],[46,-10],[-8,-30],[17,-92],[-9,-29],[29,-78],[-18,-22],[-8,-52],[20,-19],[-4,-52],[29,-26],[10,-69],[-50,-21],[-4,-65],[60,-19],[-23,-51],[-36,-27],[-47,-73],[2,-46],[-19,-37],[-9,-65],[16,-43],[50,-22],[-17,-33],[0,-55],[-48,-55],[-7,-75],[-63,-164],[11,-47],[-22,-52],[22,-63],[-43,-43],[-55,-106],[-16,-52],[3,-58],[-45,-58],[-43,-99],[-4,-68],[-42,-91],[7,-69],[42,-38],[-27,-32],[-8,-46],[-32,-22],[-36,-59],[-50,-55],[5,-43],[-97,-22],[-120,-59],[-140,-81],[-285,-192],[-191,-142],[-166,-141],[-74,-71],[-193,-187],[-98,-104],[-208,-247],[-107,-132],[-185,-243],[-143,-201],[-33,-23]],[[45103,16866],[-5,39],[28,54],[64,62],[43,22],[-62,48],[28,103],[43,-59],[28,15],[-6,39],[31,55],[-32,31],[69,15],[-9,37],[34,20],[-20,27],[39,18],[63,55],[29,3],[-46,22],[44,104],[-52,17],[31,50],[46,9],[-36,52],[-42,30],[-29,87],[-49,83],[36,41],[-45,22],[-4,56],[23,117],[17,38],[-35,33],[-49,4],[61,68],[-2,39],[18,56],[3,48],[-21,57],[22,5],[-22,88],[49,3],[25,121],[19,27],[0,39],[-33,30],[-8,54],[21,47],[-6,36],[33,69],[53,66],[36,60],[3,88]],[[56888,15534],[1,47],[20,47],[34,21],[41,-10],[-9,88],[-74,40],[57,69],[40,-7],[-1,37],[23,32],[-50,22],[7,36],[27,21],[-22,56],[-31,43],[44,51],[-16,21],[15,53],[77,-23],[30,29],[42,-1],[55,27],[18,70],[35,-43],[34,-79],[43,-36],[-12,-79],[-26,-13],[-41,-53],[-45,-87],[-7,-61],[24,-61],[-40,-49],[3,-21],[-49,-52],[-31,-48],[-24,-90],[-38,-44],[-19,-94],[25,-30],[42,-15],[-15,-52],[-23,-27],[-59,29],[-28,-31],[-22,-84],[-38,-32],[-26,13],[27,58],[-2,53],[-33,33],[10,49],[26,44],[-12,62],[27,48],[-34,23]],[[84126,59583],[-17,-45],[-76,-9],[-139,-44],[-130,-56],[-145,-75],[-84,-72],[-51,-41],[-108,-49],[-159,-114],[-121,-119],[-186,-225],[-163,-237],[-36,-66],[0,-37],[-67,-87],[-76,-133],[-91,-141],[-60,-135],[13,-12],[-60,-83],[-104,-125],[-81,-116],[-45,-81],[-26,-63],[-55,-183],[-28,-73],[-51,7]],[[65486,26609],[-58,3],[-76,-31],[-49,-3],[-78,-22],[2,49],[-56,28],[-39,-16],[-18,68],[-39,11],[-21,-35],[-55,-26],[-17,-54],[-64,-56],[-35,7],[-47,-52],[-39,12],[-24,-23],[-28,18],[-30,-44],[21,-62],[-32,-88],[-22,-11],[-44,14],[-56,-62],[-40,45],[-61,-35],[34,-61],[-45,-10],[-30,42],[-67,-22],[-21,-51],[24,-11],[26,-60],[-66,-17],[-15,-23],[-79,23],[7,17],[-45,15],[-49,-16],[-47,-45],[-41,-74],[-66,-25],[-37,31],[-39,-48],[-16,-37],[-8,-73],[13,-62],[13,-32],[51,-40],[-29,-35],[33,-77],[-3,-63],[-16,-39],[-60,-23],[-74,26],[-85,-59],[-68,51],[-63,78],[-145,-22],[2,33],[-123,32],[-83,1],[-29,14],[-57,-3],[-28,19],[-53,-15],[-42,27],[-75,0],[-131,-19],[-107,-32],[-226,-98],[-54,-2],[-96,-48],[-54,-64],[14,-21],[-7,-61],[-60,-44],[-31,-62],[34,-21],[-40,-51],[-6,-64],[-36,-16],[-32,20],[-63,-15],[-34,-21],[-55,-68],[-32,26],[-19,-22],[-38,6],[9,64],[33,11],[-17,30],[-55,29],[-38,-1],[-68,0],[12,-58],[-29,-9],[5,-69],[-60,25],[-86,-26],[-198,-94],[-137,-75],[-144,-82],[-90,-57],[-304,-189],[-109,-85],[-101,-72],[-137,-130],[2,-56],[-39,-65],[30,-83],[-41,-34],[-76,-26],[-49,-27],[-31,-36],[-103,-74],[-91,-80],[-22,-29],[-90,-78],[1,-30],[-51,-13],[-245,-169],[-73,-45],[-27,-28],[-61,-36],[-16,-32],[-108,-47],[-182,-116],[-106,-81],[-269,-237],[-166,-159],[-69,-72],[-59,-76],[-31,-57],[-10,-64],[-52,-4],[32,-141],[-29,-26],[-29,-107],[-77,-59],[-38,-43],[-126,-110],[-158,-178]],[[63941,25361],[6,21],[103,93],[7,62],[24,37],[9,78],[43,52],[84,-39],[36,3],[45,-38],[55,-74],[-23,-69],[-1,-85],[-70,1],[-28,-30],[-6,-58],[34,0],[25,-49],[52,-42],[9,-88],[-9,-40],[-28,-19],[-37,6],[-41,55],[13,33],[-43,37],[-56,7],[-73,-41],[-159,-29],[-35,13],[-37,48],[-2,73],[21,7],[47,62],[35,13]],[[64508,25485],[28,30],[70,-29],[-64,-39],[-34,38]],[[64731,26183],[24,16],[22,-33],[-53,-35],[-30,22],[37,30]]],"transform":{"scale":[0.000446917999735553,0.00039024128852399635],"translate":[-73.99094388888889,-33.75158305555556]},"objects":{"uf_pos_quant":{"type":"GeometryCollection","geometries":[{"arcs":[[0,1,2]],"type":"Polygon","properties":{"cd_uf":"12","uf_sigla":"AC"}},{"arcs":[[3,4,5,6]],"type":"Polygon","properties":{"cd_uf":"27","uf_sigla":"AL"}},{"arcs":[[-1,7,8,9,10,11]],"type":"Polygon","properties":{"cd_uf":"13","uf_sigla":"AM"}},{"arcs":[[12,13]],"type":"Polygon","properties":{"cd_uf":"16","uf_sigla":"AP"}},{"arcs":[[-7,14,15,16,17,18,19,20,21]],"type":"Polygon","properties":{"cd_uf":"29","uf_sigla":"BA"}},{"arcs":[[22,23,24,25,26]],"type":"Polygon","properties":{"cd_uf":"23","uf_sigla":"CE"}},{"arcs":[[27,28]],"type":"Polygon","properties":{"cd_uf":"53","uf_sigla":"DF"}},{"arcs":[[[-17,29,30,31]],[[32]]],"type":"MultiPolygon","properties":{"cd_uf":"32","uf_sigla":"ES"}},{"arcs":[[-19,33,-29,34,35,36,37]],"type":"Polygon","properties":{"cd_uf":"52","uf_sigla":"GO"}},{"arcs":[[[38,39,40,41]],[[42]],[[43]],[[44]],[[45]],[[46]],[[47]],[[48]],[[49]],[[50]],[[51]],[[52]],[[53]],[[54]],[[55]],[[56]],[[57]],[[58]],[[59]],[[60]]],"type":"MultiPolygon","properties":{"cd_uf":"21","uf_sigla":"MA"}},{"arcs":[[-18,-32,61,62,63,-35,-28,-34]],"type":"Polygon","properties":{"cd_uf":"31","uf_sigla":"MG"}},{"arcs":[[-36,-64,64,65,66,67]],"type":"Polygon","properties":{"cd_uf":"50","uf_sigla":"MS"}},{"arcs":[[-11,68,69,-37,-68,70,71]],"type":"Polygon","properties":{"cd_uf":"51","uf_sigla":"MT"}},{"arcs":[[[-10,72,73,-14,74,-42,75,-69]],[[76]],[[77]]],"type":"MultiPolygon","properties":{"cd_uf":"15","uf_sigla":"PA"}},{"arcs":[[[-25,78,79,80]],[[81]]],"type":"MultiPolygon","properties":{"cd_uf":"25","uf_sigla":"PB"}},{"arcs":[[[-4,-22,82,-26,-81,83]],[[84]]],"type":"MultiPolygon","properties":{"cd_uf":"26","uf_sigla":"PE"}},{"arcs":[[-21,85,-40,86,-27,-83]],"type":"Polygon","properties":{"cd_uf":"22","uf_sigla":"PI"}},{"arcs":[[-66,87,88,89,90]],"type":"Polygon","properties":{"cd_uf":"41","uf_sigla":"PR"}},{"arcs":[[[-31,91,92,-62]],[[93]],[[94]],[[95]]],"type":"MultiPolygon","properties":{"cd_uf":"33","uf_sigla":"RJ"}},{"arcs":[[-24,96,-79]],"type":"Polygon","properties":{"cd_uf":"24","uf_sigla":"RN"}},{"arcs":[[-2,-12,-72,97]],"type":"Polygon","properties":{"cd_uf":"11","uf_sigla":"RO"}},{"arcs":[[-9,98,-73]],"type":"Polygon","properties":{"cd_uf":"14","uf_sigla":"RR"}},{"arcs":[[99,100]],"type":"Polygon","properties":{"cd_uf":"43","uf_sigla":"RS"}},{"arcs":[[[-90,101,-100,102]],[[103]]],"type":"MultiPolygon","properties":{"cd_uf":"42","uf_sigla":"SC"}},{"arcs":[[-6,104,-15]],"type":"Polygon","properties":{"cd_uf":"28","uf_sigla":"SE"}},{"arcs":[[[-63,-93,105,-88,-65]],[[106]],[[107]],[[108]]],"type":"MultiPolygon","properties":{"cd_uf":"35","uf_sigla":"SP"}},{"arcs":[[-20,-38,-70,-76,-41,-86]],"type":"Polygon","properties":{"cd_uf":"17","uf_sigla":"TO"}}]}}}