cd_mun_2022,nm_mun_2022,edicao,existia,cd_mun_mae,nm_mun_mae,metodo
1100015,Alta Floresta D'Oeste,2010,true,,,existia
1100023,Ariquemes,2010,true,,,existia
1100031,Cabixi,2010,true,,,existia
1100049,Cacoal,2010,true,,,existia
1100056,Cerejeiras,2010,true,,,existia
1100064,Colorado do Oeste,2010,true,,,existia
1100072,Corumbiara,2010,true,,,existia
1100080,Costa Marques,2010,true,,,existia
1100098,Espigão D'Oeste,2010,true,,,existia
1100106,Guajará-Mirim,2010,true,,,existia
1100114,Jaru,2010,true,,,existia
1100122,Ji-Paraná,2010,true,,,existia
1100130,Machadinho D'Oeste,2010,true,,,existia
1100148,Nova Brasilândia D'Oeste,2010,true,,,existia
1100155,Ouro Preto do Oeste,2010,true,,,existia
1100189,Pimenta Bueno,2010,true,,,existia
1100205,Porto Velho,2010,true,,,existia
1100254,Presidente Médici,2010,true,,,existia
1100262,Rio Crespo,2010,true,,,existia
1100288,Rolim de Moura,2010,true,,,existia
1100296,Santa Luzia D'Oeste,2010,true,,,existia
1100304,Vilhena,2010,true,,,existia
1100320,São Miguel do Guaporé,2010,true,,,existia
1100338,Nova Mamoré,2010,true,,,existia
1100346,Alvorada D'Oeste,2010,true,,,existia
1100379,Alto Alegre dos Parecis,2010,true,,,existia
1100403,Alto Paraíso,2010,true,,,existia
1100452,Buritis,2010,true,,,existia
1100502,Novo Horizonte do Oeste,2010,true,,,existia
1100601,Cacaulândia,2010,true,,,existia
1100700,Campo Novo de Rondônia,2010,true,,,existia
1100809,Candeias do Jamari,2010,true,,,existia
1100908,Castanheiras,2010,true,,,existia
1100924,Chupinguaia,2010,true,,,existia
1100940,Cujubim,2010,true,,,existia
1101005,Governador Jorge Teixeira,2010,true,,,existia
1101104,Itapuã do Oeste,2010,true,,,existia
1101203,Ministro Andreazza,2010,true,,,existia
1101302,Mirante da Serra,2010,true,,,existia
1101401,Monte Negro,2010,true,,,existia
1101435,Nova União,2010,true,,,existia
1101450,Parecis,2010,true,,,existia
1101468,Pimenteiras do Oeste,2010,true,,,existia
1101476,Primavera de Rondônia,2010,true,,,existia
1101484,São Felipe D'Oeste,2010,true,,,existia
1101492,São Francisco do Guaporé,2010,true,,,existia
1101500,Seringueiras,2010,true,,,existia
1101559,Teixeirópolis,2010,true,,,existia
1101609,Theobroma,2010,true,,,existia
1101708,Urupá,2010,true,,,existia
1101757,Vale do Anari,2010,true,,,existia
1101807,Vale do Paraíso,2010,true,,,existia
1200013,Acrelândia,2010,true,,,existia
1200054,Assis Brasil,2010,true,,,existia
1200104,Brasiléia,2010,true,,,existia
1200138,Bujari,2010,true,,,existia
1200179,Capixaba,2010,true,,,existia
1200203,Cruzeiro do Sul,2010,true,,,existia
1200252,Epitaciolândia,2010,true,,,existia
1200302,Feijó,2010,true,,,existia
1200328,Jordão,2010,true,,,existia
1200336,Mâncio Lima,2010,true,,,existia
1200344,Manoel Urbano,2010,true,,,existia
1200351,Marechal Thaumaturgo,2010,true,,,existia
1200385,Plácido de Castro,2010,true,,,existia
1200393,Porto Walter,2010,true,,,existia
1200401,Rio Branco,2010,true,,,existia
1200427,Rodrigues Alves,2010,true,,,existia
1200435,Santa Rosa do Purus,2010,true,,,existia
1200450,Senador Guiomard,2010,true,,,existia
1200500,Sena Madureira,2010,true,,,existia
1200609,Tarauacá,2010,true,,,existia
1200708,Xapuri,2010,true,,,existia
1200807,Porto Acre,2010,true,,,existia
1300029,Alvarães,2010,true,,,existia
1300060,Amaturá,2010,true,,,existia
1300086,Anamã,2010,true,,,existia
1300102,Anori,2010,true,,,existia
1300144,Apuí,2010,true,,,existia
1300201,Atalaia do Norte,2010,true,,,existia
1300300,Autazes,2010,true,,,existia
1300409,Barcelos,2010,true,,,existia
1300508,Barreirinha,2010,true,,,existia
1300607,Benjamin Constant,2010,true,,,existia
1300631,Beruri,2010,true,,,existia
1300680,Boa Vista do Ramos,2010,true,,,existia
1300706,Boca do Acre,2010,true,,,existia
1300805,Borba,2010,true,,,existia
1300839,Caapiranga,2010,true,,,existia
1300904,Canutama,2010,true,,,existia
1301001,Carauari,2010,true,,,existia
1301100,Careiro,2010,true,,,existia
1301159,Careiro da Várzea,2010,true,,,existia
1301209,Coari,2010,true,,,existia
1301308,Codajás,2010,true,,,existia
1301407,Eirunepé,2010,true,,,existia
1301506,Envira,2010,true,,,existia
1301605,Fonte Boa,2010,true,,,existia
1301654,Guajará,2010,true,,,existia
1301704,Humaitá,2010,true,,,existia
1301803,Ipixuna,2010,true,,,existia
1301852,Iranduba,2010,true,,,existia
1301902,Itacoatiara,2010,true,,,existia
1301951,Itamarati,2010,true,,,existia
1302009,Itapiranga,2010,true,,,existia
1302108,Japurá,2010,true,,,existia
1302207,Juruá,2010,true,,,existia
1302306,Jutaí,2010,true,,,existia
1302405,Lábrea,2010,true,,,existia
1302504,Manacapuru,2010,true,,,existia
1302553,Manaquiri,2010,true,,,existia
1302603,Manaus,2010,true,,,existia
1302702,Manicoré,2010,true,,,existia
1302801,Maraã,2010,true,,,existia
1302900,Maués,2010,true,,,existia
1303007,Nhamundá,2010,true,,,existia
1303106,Nova Olinda do Norte,2010,true,,,existia
1303205,Novo Airão,2010,true,,,existia
1303304,Novo Aripuanã,2010,true,,,existia
1303403,Parintins,2010,true,,,existia
1303502,Pauini,2010,true,,,existia
1303536,Presidente Figueiredo,2010,true,,,existia
1303569,Rio Preto da Eva,2010,true,,,existia
1303601,Santa Isabel do Rio Negro,2010,true,,,existia
1303700,Santo Antônio do Içá,2010,true,,,existia
1303809,São Gabriel da Cachoeira,2010,true,,,existia
1303908,São Paulo de Olivença,2010,true,,,existia
1303957,São Sebastião do Uatumã,2010,true,,,existia
1304005,Silves,2010,true,,,existia
1304062,Tabatinga,2010,true,,,existia
1304104,Tapauá,2010,true,,,existia
1304203,Tefé,2010,true,,,existia
1304237,Tonantins,2010,true,,,existia
1304260,Uarini,2010,true,,,existia
1304302,Urucará,2010,true,,,existia
1304401,Urucurituba,2010,true,,,existia
1400027,Amajari,2010,true,,,existia
1400050,Alto Alegre,2010,true,,,existia
1400100,Boa Vista,2010,true,,,existia
1400159,Bonfim,2010,true,,,existia
1400175,Cantá,2010,true,,,existia
1400209,Caracaraí,2010,true,,,existia
1400233,Caroebe,2010,true,,,existia
1400282,Iracema,2010,true,,,existia
1400308,Mucajaí,2010,true,,,existia
1400407,Normandia,2010,true,,,existia
1400456,Pacaraima,2010,true,,,existia
1400472,Rorainópolis,2010,true,,,existia
1400506,São João da Baliza,2010,true,,,existia
1400605,São Luiz,2010,true,,,existia
1400704,Uiramutã,2010,true,,,existia
1500107,Abaetetuba,2010,true,,,existia
1500131,Abel Figueiredo,2010,true,,,existia
1500206,Acará,2010,true,,,existia
1500305,Afuá,2010,true,,,existia
1500347,Água Azul do Norte,2010,true,,,existia
1500404,Alenquer,2010,true,,,existia
1500503,Almeirim,2010,true,,,existia
1500602,Altamira,2010,true,,,existia
1500701,Anajás,2010,true,,,existia
1500800,Ananindeua,2010,true,,,existia
1500859,Anapu,2010,true,,,existia
1500909,Augusto Corrêa,2010,true,,,existia
1500958,Aurora do Pará,2010,true,,,existia
1501006,Aveiro,2010,true,,,existia
1501105,Bagre,2010,true,,,existia
1501204,Baião,2010,true,,,existia
1501253,Bannach,2010,true,,,existia
1501303,Barcarena,2010,true,,,existia
1501402,Belém,2010,true,,,existia
1501451,Belterra,2010,true,,,existia
1501501,Benevides,2010,true,,,existia
1501576,Bom Jesus do Tocantins,2010,true,,,existia
1501600,Bonito,2010,true,,,existia
1501709,Bragança,2010,true,,,existia
1501725,Brasil Novo,2010,true,,,existia
1501758,Brejo Grande do Araguaia,2010,true,,,existia
1501782,Breu Branco,2010,true,,,existia
1501808,Breves,2010,true,,,existia
1501907,Bujaru,2010,true,,,existia
1501956,Cachoeira do Piriá,2010,true,,,existia
1502004,Cachoeira do Arari,2010,true,,,existia
1502103,Cametá,2010,true,,,existia
1502152,Canaã dos Carajás,2010,true,,,existia
1502202,Capanema,2010,true,,,existia
1502301,Capitão Poço,2010,true,,,existia
1502400,Castanhal,2010,true,,,existia
1502509,Chaves,2010,true,,,existia
1502608,Colares,2010,true,,,existia
1502707,Conceição do Araguaia,2010,true,,,existia
1502756,Concórdia do Pará,2010,true,,,existia
1502764,Cumaru do Norte,2010,true,,,existia
1502772,Curionópolis,2010,true,,,existia
1502806,Curralinho,2010,true,,,existia
1502855,Curuá,2010,true,,,existia
1502905,Curuçá,2010,true,,,existia
1502939,Dom Eliseu,2010,true,,,existia
1502954,Eldorado do Carajás,2010,true,,,existia
1503002,Faro,2010,true,,,existia
1503044,Floresta do Araguaia,2010,true,,,existia
1503077,Garrafão do Norte,2010,true,,,existia
1503093,Goianésia do Pará,2010,true,,,existia
1503101,Gurupá,2010,true,,,existia
1503200,Igarapé-Açu,2010,true,,,existia
1503309,Igarapé-Miri,2010,true,,,existia
1503408,Inhangapi,2010,true,,,existia
1503457,Ipixuna do Pará,2010,true,,,existia
1503507,Irituia,2010,true,,,existia
1503606,Itaituba,2010,true,,,existia
1503705,Itupiranga,2010,true,,,existia
1503754,Jacareacanga,2010,true,,,existia
1503804,Jacundá,2010,true,,,existia
1503903,Juruti,2010,true,,,existia
1504000,Limoeiro do Ajuru,2010,true,,,existia
1504059,Mãe do Rio,2010,true,,,existia
1504109,Magalhães Barata,2010,true,,,existia
1504208,Marabá,2010,true,,,existia
1504307,Maracanã,2010,true,,,existia
1504406,Marapanim,2010,true,,,existia
1504422,Marituba,2010,true,,,existia
1504455,Medicilândia,2010,true,,,existia
1504505,Melgaço,2010,true,,,existia
1504604,Mocajuba,2010,true,,,existia
1504703,Moju,2010,true,,,existia
1504802,Monte Alegre,2010,true,,,existia
1504901,Muaná,2010,true,,,existia
1504950,Nova Esperança do Piriá,2010,true,,,existia
1504976,Nova Ipixuna,2010,true,,,existia
1505007,Nova Timboteua,2010,true,,,existia
1505031,Novo Progresso,2010,true,,,existia
1505064,Novo Repartimento,2010,true,,,existia
1505106,Óbidos,2010,true,,,existia
1505205,Oeiras do Pará,2010,true,,,existia
1505304,Oriximiná,2010,true,,,existia
1505403,Ourém,2010,true,,,existia
1505437,Ourilândia do Norte,2010,true,,,existia
1505486,Pacajá,2010,true,,,existia
1505494,Palestina do Pará,2010,true,,,existia
1505502,Paragominas,2010,true,,,existia
1505536,Parauapebas,2010,true,,,existia
1505551,Pau D'Arco,2010,true,,,existia
1505601,Peixe-Boi,2010,true,,,existia
1505635,Piçarra,2010,true,,,existia
1505650,Placas,2010,true,,,existia
1505700,Ponta de Pedras,2010,true,,,existia
1505809,Portel,2010,true,,,existia
1505908,Porto de Moz,2010,true,,,existia
1506005,Prainha,2010,true,,,existia
1506104,Primavera,2010,true,,,existia
1506112,Quatipuru,2010,true,,,existia
1506138,Redenção,2010,true,,,existia
1506161,Rio Maria,2010,true,,,existia
1506187,Rondon do Pará,2010,true,,,existia
1506195,Rurópolis,2010,true,,,existia
1506203,Salinópolis,2010,true,,,existia
1506302,Salvaterra,2010,true,,,existia
1506351,Santa Bárbara do Pará,2010,true,,,existia
1506401,Santa Cruz do Arari,2010,true,,,existia
1506500,Santa Izabel do Pará,2010,true,,,existia
1506559,Santa Luzia do Pará,2010,true,,,existia
1506583,Santa Maria das Barreiras,2010,true,,,existia
1506609,Santa Maria do Pará,2010,true,,,existia
1506708,Santana do Araguaia,2010,true,,,existia
1506807,Santarém,2010,true,,,existia
1506906,Santarém Novo,2010,true,,,existia
1507003,Santo Antônio do Tauá,2010,true,,,existia
1507102,São Caetano de Odivelas,2010,true,,,existia
1507151,São Domingos do Araguaia,2010,true,,,existia
1507201,São Domingos do Capim,2010,true,,,existia
1507300,São Félix do Xingu,2010,true,,,existia
1507409,São Francisco do Pará,2010,true,,,existia
1507458,São Geraldo do Araguaia,2010,true,,,existia
1507466,São João da Ponta,2010,true,,,existia
1507474,São João de Pirabas,2010,true,,,existia
1507508,São João do Araguaia,2010,true,,,existia
1507607,São Miguel do Guamá,2010,true,,,existia
1507706,São Sebastião da Boa Vista,2010,true,,,existia
1507755,Sapucaia,2010,true,,,existia
1507805,Senador José Porfírio,2010,true,,,existia
1507904,Soure,2010,true,,,existia
1507953,Tailândia,2010,true,,,existia
1507961,Terra Alta,2010,true,,,existia
1507979,Terra Santa,2010,true,,,existia
1508001,Tomé-Açu,2010,true,,,existia
1508035,Tracuateua,2010,true,,,existia
1508050,Trairão,2010,true,,,existia
1508084,Tucumã,2010,true,,,existia
1508100,Tucuruí,2010,true,,,existia
1508126,Ulianópolis,2010,true,,,existia
1508159,Uruará,2010,true,,,existia
1508209,Vigia,2010,true,,,existia
1508308,Viseu,2010,true,,,existia
1508357,Vitória do Xingu,2010,true,,,existia
1508407,Xinguara,2010,true,,,existia
1600055,Serra do Navio,2010,true,,,existia
1600105,Amapá,2010,true,,,existia
1600154,Pedra Branca do Amapari,2010,true,,,existia
1600204,Calçoene,2010,true,,,existia
1600212,Cutias,2010,true,,,existia
1600238,Ferreira Gomes,2010,true,,,existia
1600253,Itaubal,2010,true,,,existia
1600279,Laranjal do Jari,2010,true,,,existia
1600303,Macapá,2010,true,,,existia
1600402,Mazagão,2010,true,,,existia
1600501,Oiapoque,2010,true,,,existia
1600535,Porto Grande,2010,true,,,existia
1600550,Pracuúba,2010,true,,,existia
1600600,Santana,2010,true,,,existia
1600709,Tartarugalzinho,2010,true,,,existia
1600808,Vitória do Jari,2010,true,,,existia
1700251,Abreulândia,2010,true,,,existia
1700301,Aguiarnópolis,2010,true,,,existia
1700350,Aliança do Tocantins,2010,true,,,existia
1700400,Almas,2010,true,,,existia
1700707,Alvorada,2010,true,,,existia
1701002,Ananás,2010,true,,,existia
1701051,Angico,2010,true,,,existia
1701101,Aparecida do Rio Negro,2010,true,,,existia
1701309,Aragominas,2010,true,,,existia
1701903,Araguacema,2010,true,,,existia
1702000,Araguaçu,2010,true,,,existia
1702109,Araguaína,2010,true,,,existia
1702158,Araguanã,2010,true,,,existia
1702208,Araguatins,2010,true,,,existia
1702307,Arapoema,2010,true,,,existia
1702406,Arraias,2010,true,,,existia
1702554,Augustinópolis,2010,true,,,existia
1702703,Aurora do Tocantins,2010,true,,,existia
1702901,Axixá do Tocantins,2010,true,,,existia
1703008,Babaçulândia,2010,true,,,existia
1703057,Bandeirantes do Tocantins,2010,true,,,existia
1703073,Barra do Ouro,2010,true,,,existia
1703107,Barrolândia,2010,true,,,existia
1703206,Bernardo Sayão,2010,true,,,existia
1703305,Bom Jesus do Tocantins,2010,true,,,existia
1703602,Brasilândia do Tocantins,2010,true,,,existia
1703701,Brejinho de Nazaré,2010,true,,,existia
1703800,Buriti do Tocantins,2010,true,,,existia
1703826,Cachoeirinha,2010,true,,,existia
1703842,Campos Lindos,2010,true,,,existia
1703867,Cariri do Tocantins,2010,true,,,existia
1703883,Carmolândia,2010,true,,,existia
1703891,Carrasco Bonito,2010,true,,,existia
1703909,Caseara,2010,true,,,existia
1704105,Centenário,2010,true,,,existia
1704600,Chapada de Areia,2010,true,,,existia
1705102,Chapada da Natividade,2010,true,,,existia
1705508,Colinas do Tocantins,2010,true,,,existia
1705557,Combinado,2010,true,,,existia
1705607,Conceição do Tocantins,2010,true,,,existia
1706001,Couto Magalhães,2010,true,,,existia
1706100,Cristalândia,2010,true,,,existia
1706258,Crixás do Tocantins,2010,true,,,existia
1706506,Darcinópolis,2010,true,,,existia
1707009,Dianópolis,2010,true,,,existia
1707108,Divinópolis do Tocantins,2010,true,,,existia
1707207,Dois Irmãos do Tocantins,2010,true,,,existia
1707306,Dueré,2010,true,,,existia
1707405,Esperantina,2010,true,,,existia
1707553,Fátima,2010,true,,,existia
1707652,Figueirópolis,2010,true,,,existia
1707702,Filadélfia,2010,true,,,existia
1708205,Formoso do Araguaia,2010,true,,,existia
1708254,Tabocão,2010,true,,,existia
1708304,Goianorte,2010,true,,,existia
1709005,Goiatins,2010,true,,,existia
1709302,Guaraí,2010,true,,,existia
1709500,Gurupi,2010,true,,,existia
1709807,Ipueiras,2010,true,,,existia
1710508,Itacajá,2010,true,,,existia
1710706,Itaguatins,2010,true,,,existia
1710904,Itapiratins,2010,true,,,existia
1711100,Itaporã do Tocantins,2010,true,,,existia
1711506,Jaú do Tocantins,2010,true,,,existia
1711803,Juarina,2010,true,,,existia
1711902,Lagoa da Confusão,2010,true,,,existia
1711951,Lagoa do Tocantins,2010,true,,,existia
1712009,Lajeado,2010,true,,,existia
1712157,Lavandeira,2010,true,,,existia
1712405,Lizarda,2010,true,,,existia
1712454,Luzinópolis,2010,true,,,existia
1712504,Marianópolis do Tocantins,2010,true,,,existia
1712702,Mateiros,2010,true,,,existia
1712801,Maurilândia do Tocantins,2010,true,,,existia
1713205,Miracema do Tocantins,2010,true,,,existia
1713304,Miranorte,2010,true,,,existia
1713601,Monte do Carmo,2010,true,,,existia
1713700,Monte Santo do Tocantins,2010,true,,,existia
1713809,Palmeiras do Tocantins,2010,true,,,existia
1713957,Muricilândia,2010,true,,,existia
1714203,Natividade,2010,true,,,existia
1714302,Nazaré,2010,true,,,existia
1714880,Nova Olinda,2010,true,,,existia
1715002,Nova Rosalândia,2010,true,,,existia
1715101,Novo Acordo,2010,true,,,existia
1715150,Novo Alegre,2010,true,,,existia
1715259,Novo Jardim,2010,true,,,existia
1715507,Oliveira de Fátima,2010,true,,,existia
1715705,Palmeirante,2010,true,,,existia
1715754,Palmeirópolis,2010,true,,,existia
1716109,Paraíso do Tocantins,2010,true,,,existia
1716208,Paranã,2010,true,,,existia
1716307,Pau D'Arco,2010,true,,,existia
1716505,Pedro Afonso,2010,true,,,existia
1716604,Peixe,2010,true,,,existia
1716653,Pequizeiro,2010,true,,,existia
1716703,Colméia,2010,true,,,existia
1717008,Pindorama do Tocantins,2010,true,,,existia
1717206,Piraquê,2010,true,,,existia
1717503,Pium,2010,true,,,existia
1717800,Ponte Alta do Bom Jesus,2010,true,,,existia
1717909,Ponte Alta do Tocantins,2010,true,,,existia
1718006,Porto Alegre do Tocantins,2010,true,,,existia
1718204,Porto Nacional,2010,true,,,existia
1718303,Praia Norte,2010,true,,,existia
1718402,Presidente Kennedy,2010,true,,,existia
1718451,Pugmil,2010,true,,,existia
1718501,Recursolândia,2010,true,,,existia
1718550,Riachinho,2010,true,,,existia
1718659,Rio da Conceição,2010,true,,,existia
1718709,Rio dos Bois,2010,true,,,existia
1718758,Rio Sono,2010,true,,,existia
1718808,Sampaio,2010,true,,,existia
1718840,Sandolândia,2010,true,,,existia
1718865,Santa Fé do Araguaia,2010,true,,,existia
1718881,Santa Maria do Tocantins,2010,true,,,existia
1718899,Santa Rita do Tocantins,2010,true,,,existia
1718907,Santa Rosa do Tocantins,2010,true,,,existia
1719004,Santa Tereza do Tocantins,2010,true,,,existia
1720002,Santa Terezinha do Tocantins,2010,true,,,existia
1720101,São Bento do Tocantins,2010,true,,,existia
1720150,São Félix do Tocantins,2010,true,,,existia
1720200,São Miguel do Tocantins,2010,true,,,existia
1720259,São Salvador do Tocantins,2010,true,,,existia
1720309,São Sebastião do Tocantins,2010,true,,,existia
1720499,São Valério,2010,true,,,existia
1720655,Silvanópolis,2010,true,,,existia
1720804,Sítio Novo do Tocantins,2010,true,,,existia
1720853,Sucupira,2010,true,,,existia
1720903,Taguatinga,2010,true,,,existia
1720937,Taipas do Tocantins,2010,true,,,existia
1720978,Talismã,2010,true,,,existia
1721000,Palmas,2010,true,,,existia
1721109,Tocantínia,2010,true,,,existia
1721208,Tocantinópolis,2010,true,,,existia
1721257,Tupirama,2010,true,,,existia
1721307,Tupiratins,2010,true,,,existia
1722081,Wanderlândia,2010,true,,,existia
1722107,Xambioá,2010,true,,,existia
2100055,Açailândia,2010,true,,,existia
2100105,Afonso Cunha,2010,true,,,existia
2100154,Água Doce do Maranhão,2010,true,,,existia
2100204,Alcântara,2010,true,,,existia
2100303,Aldeias Altas,2010,true,,,existia
2100402,Altamira do Maranhão,2010,true,,,existia
2100436,Alto Alegre do Maranhão,2010,true,,,existia
2100477,Alto Alegre do Pindaré,2010,true,,,existia
2100501,Alto Parnaíba,2010,true,,,existia
2100550,Amapá do Maranhão,2010,true,,,existia
2100600,Amarante do Maranhão,2010,true,,,existia
2100709,Anajatuba,2010,true,,,existia
2100808,Anapurus,2010,true,,,existia
2100832,Apicum-Açu,2010,true,,,existia
2100873,Araguanã,2010,true,,,existia
2100907,Araioses,2010,true,,,existia
2100956,Arame,2010,true,,,existia
2101004,Arari,2010,true,,,existia
2101103,Axixá,2010,true,,,existia
2101202,Bacabal,2010,true,,,existia
2101251,Bacabeira,2010,true,,,existia
2101301,Bacuri,2010,true,,,existia
2101350,Bacurituba,2010,true,,,existia
2101400,Balsas,2010,true,,,existia
2101509,Barão de Grajaú,2010,true,,,existia
2101608,Barra do Corda,2010,true,,,existia
2101707,Barreirinhas,2010,true,,,existia
2101731,Belágua,2010,true,,,existia
2101772,Bela Vista do Maranhão,2010,true,,,existia
2101806,Benedito Leite,2010,true,,,existia
2101905,Bequimão,2010,true,,,existia
2101939,Bernardo do Mearim,2010,true,,,existia
2101970,Boa Vista do Gurupi,2010,true,,,existia
2102002,Bom Jardim,2010,true,,,existia
2102036,Bom Jesus das Selvas,2010,true,,,existia
2102077,Bom Lugar,2010,true,,,existia
2102101,Brejo,2010,true,,,existia
2102150,Brejo de Areia,2010,true,,,existia
2102200,Buriti,2010,true,,,existia
2102309,Buriti Bravo,2010,true,,,existia
2102325,Buriticupu,2010,true,,,existia
2102358,Buritirana,2010,true,,,existia
2102374,Cachoeira Grande,2010,true,,,existia
2102408,Cajapió,2010,true,,,existia
2102507,Cajari,2010,true,,,existia
2102556,Campestre do Maranhão,2010,true,,,existia
2102606,Cândido Mendes,2010,true,,,existia
2102705,Cantanhede,2010,true,,,existia
2102754,Capinzal do Norte,2010,true,,,existia
2102804,Carolina,2010,true,,,existia
2102903,Carutapera,2010,true,,,existia
2103000,Caxias,2010,true,,,existia
2103109,Cedral,2010,true,,,existia
2103125,Central do Maranhão,2010,true,,,existia
2103158,Centro do Guilherme,2010,true,,,existia
2103174,Centro Novo do Maranhão,2010,true,,,existia
2103208,Chapadinha,2010,true,,,existia
2103257,Cidelândia,2010,true,,,existia
2103307,Codó,2010,true,,,existia
2103406,Coelho Neto,2010,true,,,existia
2103505,Colinas,2010,true,,,existia
2103554,Conceição do Lago-Açu,2010,true,,,existia
2103604,Coroatá,2010,true,,,existia
2103703,Cururupu,2010,true,,,existia
2103752,Davinópolis,2010,true,,,existia
2103802,Dom Pedro,2010,true,,,existia
2103901,Duque Bacelar,2010,true,,,existia
2104008,Esperantinópolis,2010,true,,,existia
2104057,Estreito,2010,true,,,existia
2104073,Feira Nova do Maranhão,2010,true,,,existia
2104081,Fernando Falcão,2010,true,,,existia
2104099,Formosa da Serra Negra,2010,true,,,existia
2104107,Fortaleza dos Nogueiras,2010,true,,,existia
2104206,Fortuna,2010,true,,,existia
2104305,Godofredo Viana,2010,true,,,existia
2104404,Gonçalves Dias,2010,true,,,existia
2104503,Governador Archer,2010,true,,,existia
2104552,Governador Edison Lobão,2010,true,,,existia
2104602,Governador Eugênio Barros,2010,true,,,existia
2104628,Governador Luiz Rocha,2010,true,,,existia
2104651,Governador Newton Bello,2010,true,,,existia
2104677,Governador Nunes Freire,2010,true,,,existia
2104701,Graça Aranha,2010,true,,,existia
2104800,Grajaú,2010,true,,,existia
2104909,Guimarães,2010,true,,,existia
2105005,Humberto de Campos,2010,true,,,existia
2105104,Icatu,2010,true,,,existia
2105153,Igarapé do Meio,2010,true,,,existia
2105203,Igarapé Grande,2010,true,,,existia
2105302,Imperatriz,2010,true,,,existia
2105351,Itaipava do Grajaú,2010,true,,,existia
2105401,Itapecuru Mirim,2010,true,,,existia
2105427,Itinga do Maranhão,2010,true,,,existia
2105450,Jatobá,2010,true,,,existia
2105476,Jenipapo dos Vieiras,2010,true,,,existia
2105500,João Lisboa,2010,true,,,existia
2105609,Joselândia,2010,true,,,existia
2105658,Junco do Maranhão,2010,true,,,existia
2105708,Lago da Pedra,2010,true,,,existia
2105807,Lago do Junco,2010,true,,,existia
2105906,Lago Verde,2010,true,,,existia
2105922,Lagoa do Mato,2010,true,,,existia
2105948,Lago dos Rodrigues,2010,true,,,existia
2105963,Lagoa Grande do Maranhão,2010,true,,,existia
2105989,Lajeado Novo,2010,true,,,existia
2106003,Lima Campos,2010,true,,,existia
2106102,Loreto,2010,true,,,existia
2106201,Luís Domingues,2010,true,,,existia
2106300,Magalhães de Almeida,2010,true,,,existia
2106326,Maracaçumé,2010,true,,,existia
2106359,Marajá do Sena,2010,true,,,existia
2106375,Maranhãozinho,2010,true,,,existia
2106409,Mata Roma,2010,true,,,existia
2106508,Matinha,2010,true,,,existia
2106607,Matões,2010,true,,,existia
2106631,Matões do Norte,2010,true,,,existia
2106672,Milagres do Maranhão,2010,true,,,existia
2106706,Mirador,2010,true,,,existia
2106755,Miranda do Norte,2010,true,,,existia
2106805,Mirinzal,2010,true,,,existia
2106904,Monção,2010,true,,,existia
2107001,Montes Altos,2010,true,,,existia
2107100,Morros,2010,true,,,existia
2107209,Nina Rodrigues,2010,true,,,existia
2107258,Nova Colinas,2010,true,,,existia
2107308,Nova Iorque,2010,true,,,existia
2107357,Nova Olinda do Maranhão,2010,true,,,existia
2107407,Olho d'Água das Cunhãs,2010,true,,,existia
2107456,Olinda Nova do Maranhão,2010,true,,,existia
2107506,Paço do Lumiar,2010,true,,,existia
2107605,Palmeirândia,2010,true,,,existia
2107704,Paraibano,2010,true,,,existia
2107803,Parnarama,2010,true,,,existia
2107902,Passagem Franca,2010,true,,,existia
2108009,Pastos Bons,2010,true,,,existia
2108058,Paulino Neves,2010,true,,,existia
2108108,Paulo Ramos,2010,true,,,existia
2108207,Pedreiras,2010,true,,,existia
2108256,Pedro do Rosário,2010,true,,,existia
2108306,Penalva,2010,true,,,existia
2108405,Peri Mirim,2010,true,,,existia
2108454,Peritoró,2010,true,,,existia
2108504,Pindaré-Mirim,2010,true,,,existia
2108603,Pinheiro,2010,true,,,existia
2108702,Pio XII,2010,true,,,existia
2108801,Pirapemas,2010,true,,,existia
2108900,Poção de Pedras,2010,true,,,existia
2109007,Porto Franco,2010,true,,,existia
2109056,Porto Rico do Maranhão,2010,true,,,existia
2109106,Presidente Dutra,2010,true,,,existia
2109205,Presidente Juscelino,2010,true,,,existia
2109239,Presidente Médici,2010,true,,,existia
2109270,Presidente Sarney,2010,true,,,existia
2109304,Presidente Vargas,2010,true,,,existia
2109403,Primeira Cruz,2010,true,,,existia
2109452,Raposa,2010,true,,,existia
2109502,Riachão,2010,true,,,existia
2109551,Ribamar Fiquene,2010,true,,,existia
2109601,Rosário,2010,true,,,existia
2109700,Sambaíba,2010,true,,,existia
2109759,Santa Filomena do Maranhão,2010,true,,,existia
2109809,Santa Helena,2010,true,,,existia
2109908,Santa Inês,2010,true,,,existia
2110005,Santa Luzia,2010,true,,,existia
2110039,Santa Luzia do Paruá,2010,true,,,existia
2110104,Santa Quitéria do Maranhão,2010,true,,,existia
2110203,Santa Rita,2010,true,,,existia
2110237,Santana do Maranhão,2010,true,,,existia
2110278,Santo Amaro do Maranhão,2010,true,,,existia
2110302,Santo Antônio dos Lopes,2010,true,,,existia
2110401,São Benedito do Rio Preto,2010,true,,,existia
2110500,São Bento,2010,true,,,existia
2110609,São Bernardo,2010,true,,,existia
2110658,São Domingos do Azeitão,2010,true,,,existia
2110708,São Domingos do Maranhão,2010,true,,,existia
2110807,São Félix de Balsas,2010,true,,,existia
2110856,São Francisco do Brejão,2010,true,,,existia
2110906,São Francisco do Maranhão,2010,true,,,existia
2111003,São João Batista,2010,true,,,existia
2111029,São João do Carú,2010,true,,,existia
2111052,São João do Paraíso,2010,true,,,existia
2111078,São João do Soter,2010,true,,,existia
2111102,São João dos Patos,2010,true,,,existia
2111201,São José de Ribamar,2010,true,,,existia
2111250,São José dos Basílios,2010,true,,,existia
2111300,São Luís,2010,true,,,existia
2111409,São Luís Gonzaga do Maranhão,2010,true,,,existia
2111508,São Mateus do Maranhão,2010,true,,,existia
2111532,São Pedro da Água Branca,2010,true,,,existia
2111573,São Pedro dos Crentes,2010,true,,,existia
2111607,São Raimundo das Mangabeiras,2010,true,,,existia
2111631,São Raimundo do Doca Bezerra,2010,true,,,existia
2111672,São Roberto,2010,true,,,existia
2111706,São Vicente Ferrer,2010,true,,,existia
2111722,Satubinha,2010,true,,,existia
2111748,Senador Alexandre Costa,2010,true,,,existia
2111763,Senador La Rocque,2010,true,,,existia
2111789,Serrano do Maranhão,2010,true,,,existia
2111805,Sítio Novo,2010,true,,,existia
2111904,Sucupira do Norte,2010,true,,,existia
2111953,Sucupira do Riachão,2010,true,,,existia
2112001,Tasso Fragoso,2010,true,,,existia
2112100,Timbiras,2010,true,,,existia
2112209,Timon,2010,true,,,existia
2112233,Trizidela do Vale,2010,true,,,existia
2112274,Tufilândia,2010,true,,,existia
2112308,Tuntum,2010,true,,,existia
2112407,Turiaçu,2010,true,,,existia
2112456,Turilândia,2010,true,,,existia
2112506,Tutóia,2010,true,,,existia
2112605,Urbano Santos,2010,true,,,existia
2112704,Vargem Grande,2010,true,,,existia
2112803,Viana,2010,true,,,existia
2112852,Vila Nova dos Martírios,2010,true,,,existia
2112902,Vitória do Mearim,2010,true,,,existia
2113009,Vitorino Freire,2010,true,,,existia
2114007,Zé Doca,2010,true,,,existia
2200053,Acauã,2010,true,,,existia
2200103,Agricolândia,2010,true,,,existia
2200202,Água Branca,2010,true,,,existia
2200251,Alagoinha do Piauí,2010,true,,,existia
2200277,Alegrete do Piauí,2010,true,,,existia
2200301,Alto Longá,2010,true,,,existia
2200400,Altos,2010,true,,,existia
2200459,Alvorada do Gurguéia,2010,true,,,existia
2200509,Amarante,2010,true,,,existia
2200608,Angical do Piauí,2010,true,,,existia
2200707,Anísio de Abreu,2010,true,,,existia
2200806,Antônio Almeida,2010,true,,,existia
2200905,Aroazes,2010,true,,,existia
2200954,Aroeiras do Itaim,2010,true,,,existia
2201002,Arraial,2010,true,,,existia
2201051,Assunção do Piauí,2010,true,,,existia
2201101,Avelino Lopes,2010,true,,,existia
2201150,Baixa Grande do Ribeiro,2010,true,,,existia
2201176,Barra D'Alcântara,2010,true,,,existia
2201200,Barras,2010,true,,,existia
2201309,Barreiras do Piauí,2010,true,,,existia
2201408,Barro Duro,2010,true,,,existia
2201507,Batalha,2010,true,,,existia
2201556,Bela Vista do Piauí,2010,true,,,existia
2201572,Belém do Piauí,2010,true,,,existia
2201606,Beneditinos,2010,true,,,existia
2201705,Bertolínia,2010,true,,,existia
2201739,Betânia do Piauí,2010,true,,,existia
2201770,Boa Hora,2010,true,,,existia
2201804,Bocaina,2010,true,,,existia
2201903,Bom Jesus,2010,true,,,existia
2201919,Bom Princípio do Piauí,2010,true,,,existia
2201929,Bonfim do Piauí,2010,true,,,existia
2201945,Boqueirão do Piauí,2010,true,,,existia
2201960,Brasileira,2010,true,,,existia
2201988,Brejo do Piauí,2010,true,,,existia
2202000,Buriti dos Lopes,2010,true,,,existia
2202026,Buriti dos Montes,2010,true,,,existia
2202059,Cabeceiras do Piauí,2010,true,,,existia
2202075,Cajazeiras do Piauí,2010,true,,,existia
2202083,Cajueiro da Praia,2010,true,,,existia
2202091,Caldeirão Grande do Piauí,2010,true,,,existia
2202109,Campinas do Piauí,2010,true,,,existia
2202117,Campo Alegre do Fidalgo,2010,true,,,existia
2202133,Campo Grande do Piauí,2010,true,,,existia
2202174,Campo Largo do Piauí,2010,true,,,existia
2202208,Campo Maior,2010,true,,,existia
2202251,Canavieira,2010,true,,,existia
2202307,Canto do Buriti,2010,true,,,existia
2202406,Capitão de Campos,2010,true,,,existia
2202455,Capitão Gervásio Oliveira,2010,true,,,existia
2202505,Caracol,2010,true,,,existia
2202539,Caraúbas do Piauí,2010,true,,,existia
2202554,Caridade do Piauí,2010,true,,,existia
2202604,Castelo do Piauí,2010,true,,,existia
2202653,Caxingó,2010,true,,,existia
2202703,Cocal,2010,true,,,existia
2202711,Cocal de Telha,2010,true,,,existia
2202729,Cocal dos Alves,2010,true,,,existia
2202737,Coivaras,2010,true,,,existia
2202752,Colônia do Gurguéia,2010,true,,,existia
2202778,Colônia do Piauí,2010,true,,,existia
2202802,Conceição do Canindé,2010,true,,,existia
2202851,Coronel José Dias,2010,true,,,existia
2202901,Corrente,2010,true,,,existia
2203008,Cristalândia do Piauí,2010,true,,,existia
2203107,Cristino Castro,2010,true,,,existia
2203206,Curimatá,2010,true,,,existia
2203230,Currais,2010,true,,,existia
2203255,Curralinhos,2010,true,,,existia
2203271,Curral Novo do Piauí,2010,true,,,existia
2203305,Demerval Lobão,2010,true,,,existia
2203354,Dirceu Arcoverde,2010,true,,,existia
2203404,Dom Expedito Lopes,2010,true,,,existia
2203420,Domingos Mourão,2010,true,,,existia
2203453,Dom Inocêncio,2010,true,,,existia
2203503,Elesbão Veloso,2010,true,,,existia
2203602,Eliseu Martins,2010,true,,,existia
2203701,Esperantina,2010,true,,,existia
2203750,Fartura do Piauí,2010,true,,,existia
2203800,Flores do Piauí,2010,true,,,existia
2203859,Floresta do Piauí,2010,true,,,existia
2203909,Floriano,2010,true,,,existia
2204006,Francinópolis,2010,true,,,existia
2204105,Francisco Ayres,2010,true,,,existia
2204154,Francisco Macedo,2010,true,,,existia
2204204,Francisco Santos,2010,true,,,existia
2204303,Fronteiras,2010,true,,,existia
2204352,Geminiano,2010,true,,,existia
2204402,Gilbués,2010,true,,,existia
2204501,Guadalupe,2010,true,,,existia
2204550,Guaribas,2010,true,,,existia
2204600,Hugo Napoleão,2010,true,,,existia
2204659,Ilha Grande,2010,true,,,existia
2204709,Inhuma,2010,true,,,existia
2204808,Ipiranga do Piauí,2010,true,,,existia
2204907,Isaías Coelho,2010,true,,,existia
2205003,Itainópolis,2010,true,,,existia
2205102,Itaueira,2010,true,,,existia
2205151,Jacobina do Piauí,2010,true,,,existia
2205201,Jaicós,2010,true,,,existia
2205250,Jardim do Mulato,2010,true,,,existia
2205276,Jatobá do Piauí,2010,true,,,existia
2205300,Jerumenha,2010,true,,,existia
2205359,João Costa,2010,true,,,existia
2205409,Joaquim Pires,2010,true,,,existia
2205458,Joca Marques,2010,true,,,existia
2205508,José de Freitas,2010,true,,,existia
2205516,Juazeiro do Piauí,2010,true,,,existia
2205524,Júlio Borges,2010,true,,,existia
2205532,Jurema,2010,true,,,existia
2205540,Lagoinha do Piauí,2010,true,,,existia
2205557,Lagoa Alegre,2010,true,,,existia
2205565,Lagoa do Barro do Piauí,2010,true,,,existia
2205573,Lagoa de São Francisco,2010,true,,,existia
2205581,Lagoa do Piauí,2010,true,,,existia
2205599,Lagoa do Sítio,2010,true,,,existia
2205607,Landri Sales,2010,true,,,existia
2205706,Luís Correia,2010,true,,,existia
2205805,Luzilândia,2010,true,,,existia
2205854,Madeiro,2010,true,,,existia
2205904,Manoel Emídio,2010,true,,,existia
2205953,Marcolândia,2010,true,,,existia
2206001,Marcos Parente,2010,true,,,existia
2206050,Massapê do Piauí,2010,true,,,existia
2206100,Matias Olímpio,2010,true,,,existia
2206209,Miguel Alves,2010,true,,,existia
2206308,Miguel Leão,2010,true,,,existia
2206357,Milton Brandão,2010,true,,,existia
2206407,Monsenhor Gil,2010,true,,,existia
2206506,Monsenhor Hipólito,2010,true,,,existia
2206605,Monte Alegre do Piauí,2010,true,,,existia
2206654,Morro Cabeça no Tempo,2010,true,,,existia
2206670,Morro do Chapéu do Piauí,2010,true,,,existia
2206696,Murici dos Portelas,2010,true,,,existia
2206704,Nazaré do Piauí,2010,true,,,existia
2206720,Nazária,2010,true,,,existia
2206753,Nossa Senhora de Nazaré,2010,true,,,existia
2206803,Nossa Senhora dos Remédios,2010,true,,,existia
2206902,Novo Oriente do Piauí,2010,true,,,existia
2206951,Novo Santo Antônio,2010,true,,,existia
2207009,Oeiras,2010,true,,,existia
2207108,Olho D'Água do Piauí,2010,true,,,existia
2207207,Padre Marcos,2010,true,,,existia
2207306,Paes Landim,2010,true,,,existia
2207355,Pajeú do Piauí,2010,true,,,existia
2207405,Palmeira do Piauí,2010,true,,,existia
2207504,Palmeirais,2010,true,,,existia
2207553,Paquetá,2010,true,,,existia
2207603,Parnaguá,2010,true,,,existia
2207702,Parnaíba,2010,true,,,existia
2207751,Passagem Franca do Piauí,2010,true,,,existia
2207777,Patos do Piauí,2010,true,,,existia
2207793,Pau D'Arco do Piauí,2010,true,,,existia
2207801,Paulistana,2010,true,,,existia
2207850,Pavussu,2010,true,,,existia
2207900,Pedro II,2010,true,,,existia
2207934,Pedro Laurentino,2010,true,,,existia
2207959,Nova Santa Rita,2010,true,,,existia
2208007,Picos,2010,true,,,existia
2208106,Pimenteiras,2010,true,,,existia
2208205,Pio IX,2010,true,,,existia
2208304,Piracuruca,2010,true,,,existia
2208403,Piripiri,2010,true,,,existia
2208502,Porto,2010,true,,,existia
2208551,Porto Alegre do Piauí,2010,true,,,existia
2208601,Prata do Piauí,2010,true,,,existia
2208650,Queimada Nova,2010,true,,,existia
2208700,Redenção do Gurguéia,2010,true,,,existia
2208809,Regeneração,2010,true,,,existia
2208858,Riacho Frio,2010,true,,,existia
2208874,Ribeira do Piauí,2010,true,,,existia
2208908,Ribeiro Gonçalves,2010,true,,,existia
2209005,Rio Grande do Piauí,2010,true,,,existia
2209104,Santa Cruz do Piauí,2010,true,,,existia
2209153,Santa Cruz dos Milagres,2010,true,,,existia
2209203,Santa Filomena,2010,true,,,existia
2209302,Santa Luz,2010,true,,,existia
2209351,Santana do Piauí,2010,true,,,existia
2209377,Santa Rosa do Piauí,2010,true,,,existia
2209401,Santo Antônio de Lisboa,2010,true,,,existia
2209450,Santo Antônio dos Milagres,2010,true,,,existia
2209500,Santo Inácio do Piauí,2010,true,,,existia
2209559,São Braz do Piauí,2010,true,,,existia
2209609,São Félix do Piauí,2010,true,,,existia
2209658,São Francisco de Assis do Piauí,2010,true,,,existia
2209708,São Francisco do Piauí,2010,true,,,existia
2209757,São Gonçalo do Gurguéia,2010,true,,,existia
2209807,São Gonçalo do Piauí,2010,true,,,existia
2209856,São João da Canabrava,2010,true,,,existia
2209872,São João da Fronteira,2010,true,,,existia
2209906,São João da Serra,2010,true,,,existia
2209955,São João da Varjota,2010,true,,,existia
2209971,São João do Arraial,2010,true,,,existia
2210003,São João do Piauí,2010,true,,,existia
2210052,São José do Divino,2010,true,,,existia
2210102,São José do Peixe,2010,true,,,existia
2210201,São José do Piauí,2010,true,,,existia
2210300,São Julião,2010,true,,,existia
2210359,São Lourenço do Piauí,2010,true,,,existia
2210375,São Luis do Piauí,2010,true,,,existia
2210383,São Miguel da Baixa Grande,2010,true,,,existia
2210391,São Miguel do Fidalgo,2010,true,,,existia
2210409,São Miguel do Tapuio,2010,true,,,existia
2210508,São Pedro do Piauí,2010,true,,,existia
2210607,São Raimundo Nonato,2010,true,,,existia
2210623,Sebastião Barros,2010,true,,,existia
2210631,Sebastião Leal,2010,true,,,existia
2210656,Sigefredo Pacheco,2010,true,,,existia
2210706,Simões,2010,true,,,existia
2210805,Simplício Mendes,2010,true,,,existia
2210904,Socorro do Piauí,2010,true,,,existia
2210938,Sussuapara,2010,true,,,existia
2210953,Tamboril do Piauí,2010,true,,,existia
2210979,Tanque do Piauí,2010,true,,,existia
2211001,Teresina,2010,true,,,existia
2211100,União,2010,true,,,existia
2211209,Uruçuí,2010,true,,,existia
2211308,Valença do Piauí,2010,true,,,existia
2211357,Várzea Branca,2010,true,,,existia
2211407,Várzea Grande,2010,true,,,existia
2211506,Vera Mendes,2010,true,,,existia
2211605,Vila Nova do Piauí,2010,true,,,existia
2211704,Wall Ferraz,2010,true,,,existia
2300101,Abaiara,2010,true,,,existia
2300150,Acarape,2010,true,,,existia
2300200,Acaraú,2010,true,,,existia
2300309,Acopiara,2010,true,,,existia
2300408,Aiuaba,2010,true,,,existia
2300507,Alcântaras,2010,true,,,existia
2300606,Altaneira,2010,true,,,existia
2300705,Alto Santo,2010,true,,,existia
2300754,Amontada,2010,true,,,existia
2300804,Antonina do Norte,2010,true,,,existia
2300903,Apuiarés,2010,true,,,existia
2301000,Aquiraz,2010,true,,,existia
2301109,Aracati,2010,true,,,existia
2301208,Aracoiaba,2010,true,,,existia
2301257,Ararendá,2010,true,,,existia
2301307,Araripe,2010,true,,,existia
2301406,Aratuba,2010,true,,,existia
2301505,Arneiroz,2010,true,,,existia
2301604,Assaré,2010,true,,,existia
2301703,Aurora,2010,true,,,existia
2301802,Baixio,2010,true,,,existia
2301851,Banabuiú,2010,true,,,existia
2301901,Barbalha,2010,true,,,existia
2301950,Barreira,2010,true,,,existia
2302008,Barro,2010,true,,,existia
2302057,Barroquinha,2010,true,,,existia
2302107,Baturité,2010,true,,,existia
2302206,Beberibe,2010,true,,,existia
2302305,Bela Cruz,2010,true,,,existia
2302404,Boa Viagem,2010,true,,,existia
2302503,Brejo Santo,2010,true,,,existia
2302602,Camocim,2010,true,,,existia
2302701,Campos Sales,2010,true,,,existia
2302800,Canindé,2010,true,,,existia
2302909,Capistrano,2010,true,,,existia
2303006,Caridade,2010,true,,,existia
2303105,Cariré,2010,true,,,existia
2303204,Caririaçu,2010,true,,,existia
2303303,Cariús,2010,true,,,existia
2303402,Carnaubal,2010,true,,,existia
2303501,Cascavel,2010,true,,,existia
2303600,Catarina,2010,true,,,existia
2303659,Catunda,2010,true,,,existia
2303709,Caucaia,2010,true,,,existia
2303808,Cedro,2010,true,,,existia
2303907,Chaval,2010,true,,,existia
2303931,Choró,2010,true,,,existia
2303956,Chorozinho,2010,true,,,existia
2304004,Coreaú,2010,true,,,existia
2304103,Crateús,2010,true,,,existia
2304202,Crato,2010,true,,,existia
2304236,Croatá,2010,true,,,existia
2304251,Cruz,2010,true,,,existia
2304269,Deputado Irapuan Pinheiro,2010,true,,,existia
2304277,Ereré,2010,true,,,existia
2304285,Eusébio,2010,true,,,existia
2304301,Farias Brito,2010,true,,,existia
2304350,Forquilha,2010,true,,,existia
2304400,Fortaleza,2010,true,,,existia
2304459,Fortim,2010,true,,,existia
2304509,Frecheirinha,2010,true,,,existia
2304608,General Sampaio,2010,true,,,existia
2304657,Graça,2010,true,,,existia
2304707,Granja,2010,true,,,existia
2304806,Granjeiro,2010,true,,,existia
2304905,Groaíras,2010,true,,,existia
2304954,Guaiúba,2010,true,,,existia
2305001,Guaraciaba do Norte,2010,true,,,existia
2305100,Guaramiranga,2010,true,,,existia
2305209,Hidrolândia,2010,true,,,existia
2305233,Horizonte,2010,true,,,existia
2305266,Ibaretama,2010,true,,,existia
2305308,Ibiapina,2010,true,,,existia
2305332,Ibicuitinga,2010,true,,,existia
2305357,Icapuí,2010,true,,,existia
2305407,Icó,2010,true,,,existia
2305506,Iguatu,2010,true,,,existia
2305605,Independência,2010,true,,,existia
2305654,Ipaporanga,2010,true,,,existia
2305704,Ipaumirim,2010,true,,,existia
2305803,Ipu,2010,true,,,existia
2305902,Ipueiras,2010,true,,,existia
2306009,Iracema,2010,true,,,existia
2306108,Irauçuba,2010,true,,,existia
2306207,Itaiçaba,2010,true,,,existia
2306256,Itaitinga,2010,true,,,existia
2306306,Itapajé,2010,true,,,existia
2306405,Itapipoca,2010,true,,,existia
2306504,Itapiúna,2010,true,,,existia
2306553,Itarema,2010,true,,,existia
2306603,Itatira,2010,true,,,existia
2306702,Jaguaretama,2010,true,,,existia
2306801,Jaguaribara,2010,true,,,existia
2306900,Jaguaribe,2010,true,,,existia
2307007,Jaguaruana,2010,true,,,existia
2307106,Jardim,2010,true,,,existia
2307205,Jati,2010,true,,,existia
2307254,Jijoca de Jericoacoara,2010,true,,,existia
2307304,Juazeiro do Norte,2010,true,,,existia
2307403,Jucás,2010,true,,,existia
2307502,Lavras da Mangabeira,2010,true,,,existia
2307601,Limoeiro do Norte,2010,true,,,existia
2307635,Madalena,2010,true,,,existia
2307650,Maracanaú,2010,true,,,existia
2307700,Maranguape,2010,true,,,existia
2307809,Marco,2010,true,,,existia
2307908,Martinópole,2010,true,,,existia
2308005,Massapê,2010,true,,,existia
2308104,Mauriti,2010,true,,,existia
2308203,Meruoca,2010,true,,,existia
2308302,Milagres,2010,true,,,existia
2308351,Milhã,2010,true,,,existia
2308377,Miraíma,2010,true,,,existia
2308401,Missão Velha,2010,true,,,existia
2308500,Mombaça,2010,true,,,existia
2308609,Monsenhor Tabosa,2010,true,,,existia
2308708,Morada Nova,2010,true,,,existia
2308807,Moraújo,2010,true,,,existia
2308906,Morrinhos,2010,true,,,existia
2309003,Mucambo,2010,true,,,existia
2309102,Mulungu,2010,true,,,existia
2309201,Nova Olinda,2010,true,,,existia
2309300,Nova Russas,2010,true,,,existia
2309409,Novo Oriente,2010,true,,,existia
2309458,Ocara,2010,true,,,existia
2309508,Orós,2010,true,,,existia
2309607,Pacajus,2010,true,,,existia
2309706,Pacatuba,2010,true,,,existia
2309805,Pacoti,2010,true,,,existia
2309904,Pacujá,2010,true,,,existia
2310001,Palhano,2010,true,,,existia
2310100,Palmácia,2010,true,,,existia
2310209,Paracuru,2010,true,,,existia
2310258,Paraipaba,2010,true,,,existia
2310308,Parambu,2010,true,,,existia
2310407,Paramoti,2010,true,,,existia
2310506,Pedra Branca,2010,true,,,existia
2310605,Penaforte,2010,true,,,existia
2310704,Pentecoste,2010,true,,,existia
2310803,Pereiro,2010,true,,,existia
2310852,Pindoretama,2010,true,,,existia
2310902,Piquet Carneiro,2010,true,,,existia
2310951,Pires Ferreira,2010,true,,,existia
2311009,Poranga,2010,true,,,existia
2311108,Porteiras,2010,true,,,existia
2311207,Potengi,2010,true,,,existia
2311231,Potiretama,2010,true,,,existia
2311264,Quiterianópolis,2010,true,,,existia
2311306,Quixadá,2010,true,,,existia
2311355,Quixelô,2010,true,,,existia
2311405,Quixeramobim,2010,true,,,existia
2311504,Quixeré,2010,true,,,existia
2311603,Redenção,2010,true,,,existia
2311702,Reriutaba,2010,true,,,existia
2311801,Russas,2010,true,,,existia
2311900,Saboeiro,2010,true,,,existia
2311959,Salitre,2010,true,,,existia
2312007,Santana do Acaraú,2010,true,,,existia
2312106,Santana do Cariri,2010,true,,,existia
2312205,Santa Quitéria,2010,true,,,existia
2312304,São Benedito,2010,true,,,existia
2312403,São Gonçalo do Amarante,2010,true,,,existia
2312502,São João do Jaguaribe,2010,true,,,existia
2312601,São Luís do Curu,2010,true,,,existia
2312700,Senador Pompeu,2010,true,,,existia
2312809,Senador Sá,2010,true,,,existia
2312908,Sobral,2010,true,,,existia
2313005,Solonópole,2010,true,,,existia
2313104,Tabuleiro do Norte,2010,true,,,existia
2313203,Tamboril,2010,true,,,existia
2313252,Tarrafas,2010,true,,,existia
2313302,Tauá,2010,true,,,existia
2313351,Tejuçuoca,2010,true,,,existia
2313401,Tianguá,2010,true,,,existia
2313500,Trairi,2010,true,,,existia
2313559,Tururu,2010,true,,,existia
2313609,Ubajara,2010,true,,,existia
2313708,Umari,2010,true,,,existia
2313757,Umirim,2010,true,,,existia
2313807,Uruburetama,2010,true,,,existia
2313906,Uruoca,2010,true,,,existia
2313955,Varjota,2010,true,,,existia
2314003,Várzea Alegre,2010,true,,,existia
2314102,Viçosa do Ceará,2010,true,,,existia
2400109,Acari,2010,true,,,existia
2400208,Açu,2010,true,,,existia
2400307,Afonso Bezerra,2010,true,,,existia
2400406,Água Nova,2010,true,,,existia
2400505,Alexandria,2010,true,,,existia
2400604,Almino Afonso,2010,true,,,existia
2400703,Alto do Rodrigues,2010,true,,,existia
2400802,Angicos,2010,true,,,existia
2400901,Antônio Martins,2010,true,,,existia
2401008,Apodi,2010,true,,,existia
2401107,Areia Branca,2010,true,,,existia
2401206,Arês,2010,true,,,existia
2401305,Campo Grande,2010,true,,,existia
2401404,Baía Formosa,2010,true,,,existia
2401453,Baraúna,2010,true,,,existia
2401503,Barcelona,2010,true,,,existia
2401602,Bento Fernandes,2010,true,,,existia
2401651,Bodó,2010,true,,,existia
2401701,Bom Jesus,2010,true,,,existia
2401800,Brejinho,2010,true,,,existia
2401859,Caiçara do Norte,2010,true,,,existia
2401909,Caiçara do Rio do Vento,2010,true,,,existia
2402006,Caicó,2010,true,,,existia
2402105,Campo Redondo,2010,true,,,existia
2402204,Canguaretama,2010,true,,,existia
2402303,Caraúbas,2010,true,,,existia
2402402,Carnaúba dos Dantas,2010,true,,,existia
2402501,Carnaubais,2010,true,,,existia
2402600,Ceará-Mirim,2010,true,,,existia
2402709,Cerro Corá,2010,true,,,existia
2402808,Coronel Ezequiel,2010,true,,,existia
2402907,Coronel João Pessoa,2010,true,,,existia
2403004,Cruzeta,2010,true,,,existia
2403103,Currais Novos,2010,true,,,existia
2403202,Doutor Severiano,2010,true,,,existia
2403251,Parnamirim,2010,true,,,existia
2403301,Encanto,2010,true,,,existia
2403400,Equador,2010,true,,,existia
2403509,Espírito Santo,2010,true,,,existia
2403608,Extremoz,2010,true,,,existia
2403707,Felipe Guerra,2010,true,,,existia
2403756,Fernando Pedroza,2010,true,,,existia
2403806,Florânia,2010,true,,,existia
2403905,Francisco Dantas,2010,true,,,existia
2404002,Frutuoso Gomes,2010,true,,,existia
2404101,Galinhos,2010,true,,,existia
2404200,Goianinha,2010,true,,,existia
2404309,Governador Dix-Sept Rosado,2010,true,,,existia
2404408,Grossos,2010,true,,,existia
2404507,Guamaré,2010,true,,,existia
2404606,Ielmo Marinho,2010,true,,,existia
2404705,Ipanguaçu,2010,true,,,existia
2404804,Ipueira,2010,true,,,existia
2404853,Itajá,2010,true,,,existia
2404903,Itaú,2010,true,,,existia
2405009,Jaçanã,2010,true,,,existia
2405108,Jandaíra,2010,true,,,existia
2405207,Janduís,2010,true,,,existia
2405306,Januário Cicco,2010,true,,,existia
2405405,Japi,2010,true,,,existia
2405504,Jardim de Angicos,2010,true,,,existia
2405603,Jardim de Piranhas,2010,true,,,existia
2405702,Jardim do Seridó,2010,true,,,existia
2405801,João Câmara,2010,true,,,existia
2405900,João Dias,2010,true,,,existia
2406007,José da Penha,2010,true,,,existia
2406106,Jucurutu,2010,true,,,existia
2406155,Jundiá,2010,true,,,existia
2406205,Lagoa d'Anta,2010,true,,,existia
2406304,Lagoa de Pedras,2010,true,,,existia
2406403,Lagoa de Velhos,2010,true,,,existia
2406502,Lagoa Nova,2010,true,,,existia
2406601,Lagoa Salgada,2010,true,,,existia
2406700,Lajes,2010,true,,,existia
2406809,Lajes Pintadas,2010,true,,,existia
2406908,Lucrécia,2010,true,,,existia
2407005,Luís Gomes,2010,true,,,existia
2407104,Macaíba,2010,true,,,existia
2407203,Macau,2010,true,,,existia
2407252,Major Sales,2010,true,,,existia
2407302,Marcelino Vieira,2010,true,,,existia
2407401,Martins,2010,true,,,existia
2407500,Maxaranguape,2010,true,,,existia
2407609,Messias Targino,2010,true,,,existia
2407708,Montanhas,2010,true,,,existia
2407807,Monte Alegre,2010,true,,,existia
2407906,Monte das Gameleiras,2010,true,,,existia
2408003,Mossoró,2010,true,,,existia
2408102,Natal,2010,true,,,existia
2408201,Nísia Floresta,2010,true,,,existia
2408300,Nova Cruz,2010,true,,,existia
2408409,Olho d'Água do Borges,2010,true,,,existia
2408508,Ouro Branco,2010,true,,,existia
2408607,Paraná,2010,true,,,existia
2408706,Paraú,2010,true,,,existia
2408805,Parazinho,2010,true,,,existia
2408904,Parelhas,2010,true,,,existia
2408953,Rio do Fogo,2010,true,,,existia
2409100,Passa e Fica,2010,true,,,existia
2409209,Passagem,2010,true,,,existia
2409308,Patu,2010,true,,,existia
2409332,Santa Maria,2010,true,,,existia
2409407,Pau dos Ferros,2010,true,,,existia
2409506,Pedra Grande,2010,true,,,existia
2409605,Pedra Preta,2010,true,,,existia
2409704,Pedro Avelino,2010,true,,,existia
2409803,Pedro Velho,2010,true,,,existia
2409902,Pendências,2010,true,,,existia
2410009,Pilões,2010,true,,,existia
2410108,Poço Branco,2010,true,,,existia
2410207,Portalegre,2010,true,,,existia
2410256,Porto do Mangue,2010,true,,,existia
2410306,Serra Caiada,2010,true,,,existia
2410405,Pureza,2010,true,,,existia
2410504,Rafael Fernandes,2010,true,,,existia
2410603,Rafael Godeiro,2010,true,,,existia
2410702,Riacho da Cruz,2010,true,,,existia
2410801,Riacho de Santana,2010,true,,,existia
2410900,Riachuelo,2010,true,,,existia
2411007,Rodolfo Fernandes,2010,true,,,existia
2411056,Tibau,2010,true,,,existia
2411106,Ruy Barbosa,2010,true,,,existia
2411205,Santa Cruz,2010,true,,,existia
2411403,Santana do Matos,2010,true,,,existia
2411429,Santana do Seridó,2010,true,,,existia
2411502,Santo Antônio,2010,true,,,existia
2411601,São Bento do Norte,2010,true,,,existia
2411700,São Bento do Trairí,2010,true,,,existia
2411809,São Fernando,2010,true,,,existia
2411908,São Francisco do Oeste,2010,true,,,existia
2412005,São Gonçalo do Amarante,2010,true,,,existia
2412104,São João do Sabugi,2010,true,,,existia
2412203,São José de Mipibu,2010,true,,,existia
2412302,São José do Campestre,2010,true,,,existia
2412401,São José do Seridó,2010,true,,,existia
2412500,São Miguel,2010,true,,,existia
2412559,São Miguel do Gostoso,2010,true,,,existia
2412609,São Paulo do Potengi,2010,true,,,existia
2412708,São Pedro,2010,true,,,existia
2412807,São Rafael,2010,true,,,existia
2412906,São Tomé,2010,true,,,existia
2413003,São Vicente,2010,true,,,existia
2413102,Senador Elói de Souza,2010,true,,,existia
2413201,Senador Georgino Avelino,2010,true,,,existia
2413300,Serra de São Bento,2010,true,,,existia
2413359,Serra do Mel,2010,true,,,existia
2413409,Serra Negra do Norte,2010,true,,,existia
2413508,Serrinha,2010,true,,,existia
2413557,Serrinha dos Pintos,2010,true,,,existia
2413607,Severiano Melo,2010,true,,,existia
2413706,Sítio Novo,2010,true,,,existia
2413805,Taboleiro Grande,2010,true,,,existia
2413904,Taipu,2010,true,,,existia
2414001,Tangará,2010,true,,,existia
2414100,Tenente Ananias,2010,true,,,existia
2414159,Tenente Laurentino Cruz,2010,true,,,existia
2414209,Tibau do Sul,2010,true,,,existia
2414308,Timbaúba dos Batistas,2010,true,,,existia
2414407,Touros,2010,true,,,existia
2414456,Triunfo Potiguar,2010,true,,,existia
2414506,Umarizal,2010,true,,,existia
2414605,Upanema,2010,true,,,existia
2414704,Várzea,2010,true,,,existia
2414753,Venha-Ver,2010,true,,,existia
2414803,Vera Cruz,2010,true,,,existia
2414902,Viçosa,2010,true,,,existia
2415008,Vila Flor,2010,true,,,existia
2500106,Água Branca,2010,true,,,existia
2500205,Aguiar,2010,true,,,existia
2500304,Alagoa Grande,2010,true,,,existia
2500403,Alagoa Nova,2010,true,,,existia
2500502,Alagoinha,2010,true,,,existia
2500536,Alcantil,2010,true,,,existia
2500577,Algodão de Jandaíra,2010,true,,,existia
2500601,Alhandra,2010,true,,,existia
2500700,São João do Rio do Peixe,2010,true,,,existia
2500734,Amparo,2010,true,,,existia
2500775,Aparecida,2010,true,,,existia
2500809,Araçagi,2010,true,,,existia
2500908,Arara,2010,true,,,existia
2501005,Araruna,2010,true,,,existia
2501104,Areia,2010,true,,,existia
2501153,Areia de Baraúnas,2010,true,,,existia
2501203,Areial,2010,true,,,existia
2501302,Aroeiras,2010,true,,,existia
2501351,Assunção,2010,true,,,existia
2501401,Baía da Traição,2010,true,,,existia
2501500,Bananeiras,2010,true,,,existia
2501534,Baraúna,2010,true,,,existia
2501575,Barra de Santana,2010,true,,,existia
2501609,Barra de Santa Rosa,2010,true,,,existia
2501708,Barra de São Miguel,2010,true,,,existia
2501807,Bayeux,2010,true,,,existia
2501906,Belém,2010,true,,,existia
2502003,Belém do Brejo do Cruz,2010,true,,,existia
2502052,Bernardino Batista,2010,true,,,existia
2502102,Boa Ventura,2010,true,,,existia
2502151,Boa Vista,2010,true,,,existia
2502201,Bom Jesus,2010,true,,,existia
2502300,Bom Sucesso,2010,true,,,existia
2502409,Bonito de Santa Fé,2010,true,,,existia
2502508,Boqueirão,2010,true,,,existia
2502607,Igaracy,2010,true,,,existia
2502706,Borborema,2010,true,,,existia
2502805,Brejo do Cruz,2010,true,,,existia
2502904,Brejo dos Santos,2010,true,,,existia
2503001,Caaporã,2010,true,,,existia
2503100,Cabaceiras,2010,true,,,existia
2503209,Cabedelo,2010,true,,,existia
2503308,Cachoeira dos Índios,2010,true,,,existia
2503407,Cacimba de Areia,2010,true,,,existia
2503506,Cacimba de Dentro,2010,true,,,existia
2503555,Cacimbas,2010,true,,,existia
2503605,Caiçara,2010,true,,,existia
2503704,Cajazeiras,2010,true,,,existia
2503753,Cajazeirinhas,2010,true,,,existia
2503803,Caldas Brandão,2010,true,,,existia
2503902,Camalaú,2010,true,,,existia
2504009,Campina Grande,2010,true,,,existia
2504033,Capim,2010,true,,,existia
2504074,Caraúbas,2010,true,,,existia
2504108,Carrapateira,2010,true,,,existia
2504157,Casserengue,2010,true,,,existia
2504207,Catingueira,2010,true,,,existia
2504306,Catolé do Rocha,2010,true,,,existia
2504355,Caturité,2010,true,,,existia
2504405,Conceição,2010,true,,,existia
2504504,Condado,2010,true,,,existia
2504603,Conde,2010,true,,,existia
2504702,Congo,2010,true,,,existia
2504801,Coremas,2010,true,,,existia
2504850,Coxixola,2010,true,,,existia
2504900,Cruz do Espírito Santo,2010,true,,,existia
2505006,Cubati,2010,true,,,existia
2505105,Cuité,2010,true,,,existia
2505204,Cuitegi,2010,true,,,existia
2505238,Cuité de Mamanguape,2010,true,,,existia
2505279,Curral de Cima,2010,true,,,existia
2505303,Curral Velho,2010,true,,,existia
2505352,Damião,2010,true,,,existia
2505402,Desterro,2010,true,,,existia
2505501,Vista Serrana,2010,true,,,existia
2505600,Diamante,2010,true,,,existia
2505709,Dona Inês,2010,true,,,existia
2505808,Duas Estradas,2010,true,,,existia
2505907,Emas,2010,true,,,existia
2506004,Esperança,2010,true,,,existia
2506103,Fagundes,2010,true,,,existia
2506202,Frei Martinho,2010,true,,,existia
2506251,Gado Bravo,2010,true,,,existia
2506301,Guarabira,2010,true,,,existia
2506400,Gurinhém,2010,true,,,existia
2506509,Gurjão,2010,true,,,existia
2506608,Ibiara,2010,true,,,existia
2506707,Imaculada,2010,true,,,existia
2506806,Ingá,2010,true,,,existia
2506905,Itabaiana,2010,true,,,existia
2507002,Itaporanga,2010,true,,,existia
2507101,Itapororoca,2010,true,,,existia
2507200,Itatuba,2010,true,,,existia
2507309,Jacaraú,2010,true,,,existia
2507408,Jericó,2010,true,,,existia
2507507,João Pessoa,2010,true,,,existia
2507606,Juarez Távora,2010,true,,,existia
2507705,Juazeirinho,2010,true,,,existia
2507804,Junco do Seridó,2010,true,,,existia
2507903,Juripiranga,2010,true,,,existia
2508000,Juru,2010,true,,,existia
2508109,Lagoa,2010,true,,,existia
2508208,Lagoa de Dentro,2010,true,,,existia
2508307,Lagoa Seca,2010,true,,,existia
2508406,Lastro,2010,true,,,existia
2508505,Livramento,2010,true,,,existia
2508554,Logradouro,2010,true,,,existia
2508604,Lucena,2010,true,,,existia
2508703,Mãe d'Água,2010,true,,,existia
2508802,Malta,2010,true,,,existia
2508901,Mamanguape,2010,true,,,existia
2509008,Manaíra,2010,true,,,existia
2509057,Marcação,2010,true,,,existia
2509107,Mari,2010,true,,,existia
2509156,Marizópolis,2010,true,,,existia
2509206,Massaranduba,2010,true,,,existia
2509305,Mataraca,2010,true,,,existia
2509339,Matinhas,2010,true,,,existia
2509370,Mato Grosso,2010,true,,,existia
2509396,Maturéia,2010,true,,,existia
2509404,Mogeiro,2010,true,,,existia
2509503,Montadas,2010,true,,,existia
2509602,Monte Horebe,2010,true,,,existia
2509701,Monteiro,2010,true,,,existia
2509800,Mulungu,2010,true,,,existia
2509909,Natuba,2010,true,,,existia
2510006,Nazarezinho,2010,true,,,existia
2510105,Nova Floresta,2010,true,,,existia
2510204,Nova Olinda,2010,true,,,existia
2510303,Nova Palmeira,2010,true,,,existia
2510402,Olho d'Água,2010,true,,,existia
2510501,Olivedos,2010,true,,,existia
2510600,Ouro Velho,2010,true,,,existia
2510659,Parari,2010,true,,,existia
2510709,Passagem,2010,true,,,existia
2510808,Patos,2010,true,,,existia
2510907,Paulista,2010,true,,,existia
2511004,Pedra Branca,2010,true,,,existia
2511103,Pedra Lavrada,2010,true,,,existia
2511202,Pedras de Fogo,2010,true,,,existia
2511301,Piancó,2010,true,,,existia
2511400,Picuí,2010,true,,,existia
2511509,Pilar,2010,true,,,existia
2511608,Pilões,2010,true,,,existia
2511707,Pilõezinhos,2010,true,,,existia
2511806,Pirpirituba,2010,true,,,existia
2511905,Pitimbu,2010,true,,,existia
2512002,Pocinhos,2010,true,,,existia
2512036,Poço Dantas,2010,true,,,existia
2512077,Poço de José de Moura,2010,true,,,existia
2512101,Pombal,2010,true,,,existia
2512200,Prata,2010,true,,,existia
2512309,Princesa Isabel,2010,true,,,existia
2512408,Puxinanã,2010,true,,,existia
2512507,Queimadas,2010,true,,,existia
2512606,Quixaba,2010,true,,,existia
2512705,Remígio,2010,true,,,existia
2512721,Pedro Régis,2010,true,,,existia
2512747,Riachão,2010,true,,,existia
2512754,Riachão do Bacamarte,2010,true,,,existia
2512762,Riachão do Poço,2010,true,,,existia
2512788,Riacho de Santo Antônio,2010,true,,,existia
2512804,Riacho dos Cavalos,2010,true,,,existia
2512903,Rio Tinto,2010,true,,,existia
2513000,Salgadinho,2010,true,,,existia
2513109,Salgado de São Félix,2010,true,,,existia
2513158,Santa Cecília,2010,true,,,existia
2513208,Santa Cruz,2010,true,,,existia
2513307,Santa Helena,2010,true,,,existia
2513356,Santa Inês,2010,true,,,existia
2513406,Santa Luzia,2010,true,,,existia
2513505,Santana de Mangueira,2010,true,,,existia
2513604,Santana dos Garrotes,2010,true,,,existia
2513653,Joca Claudino,2010,true,,,existia
2513703,Santa Rita,2010,true,,,existia
2513802,Santa Teresinha,2010,true,,,existia
2513851,Santo André,2010,true,,,existia
2513901,São Bento,2010,true,,,existia
2513927,São Bentinho,2010,true,,,existia
2513943,São Domingos do Cariri,2010,true,,,existia
2513968,São Domingos,2010,true,,,existia
2513984,São Francisco,2010,true,,,existia
2514008,São João do Cariri,2010,true,,,existia
2514107,São João do Tigre,2010,true,,,existia
2514206,São José da Lagoa Tapada,2010,true,,,existia
2514305,São José de Caiana,2010,true,,,existia
2514404,São José de Espinharas,2010,true,,,existia
2514453,São José dos Ramos,2010,true,,,existia
2514503,São José de Piranhas,2010,true,,,existia
2514552,São José de Princesa,2010,true,,,existia
2514602,São José do Bonfim,2010,true,,,existia
2514651,São José do Brejo do Cruz,2010,true,,,existia
2514701,São José do Sabugi,2010,true,,,existia
2514800,São José dos Cordeiros,2010,true,,,existia
2514909,São Mamede,2010,true,,,existia
2515005,São Miguel de Taipu,2010,true,,,existia
2515104,São Sebastião de Lagoa de Roça,2010,true,,,existia
2515203,São Sebastião do Umbuzeiro,2010,true,,,existia
2515302,Sapé,2010,true,,,existia
2515401,São Vicente do Seridó,2010,true,,,existia
2515500,Serra Branca,2010,true,,,existia
2515609,Serra da Raiz,2010,true,,,existia
2515708,Serra Grande,2010,true,,,existia
2515807,Serra Redonda,2010,true,,,existia
2515906,Serraria,2010,true,,,existia
2515930,Sertãozinho,2010,true,,,existia
2515971,Sobrado,2010,true,,,existia
2516003,Solânea,2010,true,,,existia
2516102,Soledade,2010,true,,,existia
2516151,Sossêgo,2010,true,,,existia
2516201,Sousa,2010,true,,,existia
2516300,Sumé,2010,true,,,existia
2516409,Tacima,2010,true,,,existia
2516508,Taperoá,2010,true,,,existia
2516607,Tavares,2010,true,,,existia
2516706,Teixeira,2010,true,,,existia
2516755,Tenório,2010,true,,,existia
2516805,Triunfo,2010,true,,,existia
2516904,Uiraúna,2010,true,,,existia
2517001,Umbuzeiro,2010,true,,,existia
2517100,Várzea,2010,true,,,existia
2517209,Vieirópolis,2010,true,,,existia
2517407,Zabelê,2010,true,,,existia
2600054,Abreu e Lima,2010,true,,,existia
2600104,Afogados da Ingazeira,2010,true,,,existia
2600203,Afrânio,2010,true,,,existia
2600302,Agrestina,2010,true,,,existia
2600401,Água Preta,2010,true,,,existia
2600500,Águas Belas,2010,true,,,existia
2600609,Alagoinha,2010,true,,,existia
2600708,Aliança,2010,true,,,existia
2600807,Altinho,2010,true,,,existia
2600906,Amaraji,2010,true,,,existia
2601003,Angelim,2010,true,,,existia
2601052,Araçoiaba,2010,true,,,existia
2601102,Araripina,2010,true,,,existia
2601201,Arcoverde,2010,true,,,existia
2601300,Barra de Guabiraba,2010,true,,,existia
2601409,Barreiros,2010,true,,,existia
2601508,Belém de Maria,2010,true,,,existia
2601607,Belém do São Francisco,2010,true,,,existia
2601706,Belo Jardim,2010,true,,,existia
2601805,Betânia,2010,true,,,existia
2601904,Bezerros,2010,true,,,existia
2602001,Bodocó,2010,true,,,existia
2602100,Bom Conselho,2010,true,,,existia
2602209,Bom Jardim,2010,true,,,existia
2602308,Bonito,2010,true,,,existia
2602407,Brejão,2010,true,,,existia
2602506,Brejinho,2010,true,,,existia
2602605,Brejo da Madre de Deus,2010,true,,,existia
2602704,Buenos Aires,2010,true,,,existia
2602803,Buíque,2010,true,,,existia
2602902,Cabo de Santo Agostinho,2010,true,,,existia
2603009,Cabrobó,2010,true,,,existia
2603108,Cachoeirinha,2010,true,,,existia
2603207,Caetés,2010,true,,,existia
2603306,Calçado,2010,true,,,existia
2603405,Calumbi,2010,true,,,existia
2603454,Camaragibe,2010,true,,,existia
2603504,Camocim de São Félix,2010,true,,,existia
2603603,Camutanga,2010,true,,,existia
2603702,Canhotinho,2010,true,,,existia
2603801,Capoeiras,2010,true,,,existia
2603900,Carnaíba,2010,true,,,existia
2603926,Carnaubeira da Penha,2010,true,,,existia
2604007,Carpina,2010,true,,,existia
2604106,Caruaru,2010,true,,,existia
2604155,Casinhas,2010,true,,,existia
2604205,Catende,2010,true,,,existia
2604304,Cedro,2010,true,,,existia
2604403,Chã de Alegria,2010,true,,,existia
2604502,Chã Grande,2010,true,,,existia
2604601,Condado,2010,true,,,existia
2604700,Correntes,2010,true,,,existia
2604809,Cortês,2010,true,,,existia
2604908,Cumaru,2010,true,,,existia
2605004,Cupira,2010,true,,,existia
2605103,Custódia,2010,true,,,existia
2605152,Dormentes,2010,true,,,existia
2605202,Escada,2010,true,,,existia
2605301,Exu,2010,true,,,existia
2605400,Feira Nova,2010,true,,,existia
2605459,Fernando de Noronha,2010,true,,,existia
2605509,Ferreiros,2010,true,,,existia
2605608,Flores,2010,true,,,existia
2605707,Floresta,2010,true,,,existia
2605806,Frei Miguelinho,2010,true,,,existia
2605905,Gameleira,2010,true,,,existia
2606002,Garanhuns,2010,true,,,existia
2606101,Glória do Goitá,2010,true,,,existia
2606200,Goiana,2010,true,,,existia
2606309,Granito,2010,true,,,existia
2606408,Gravatá,2010,true,,,existia
2606507,Iati,2010,true,,,existia
2606606,Ibimirim,2010,true,,,existia
2606705,Ibirajuba,2010,true,,,existia
2606804,Igarassu,2010,true,,,existia
2606903,Iguaracy,2010,true,,,existia
2607000,Inajá,2010,true,,,existia
2607109,Ingazeira,2010,true,,,existia
2607208,Ipojuca,2010,true,,,existia
2607307,Ipubi,2010,true,,,existia
2607406,Itacuruba,2010,true,,,existia
2607505,Itaíba,2010,true,,,existia
2607604,Ilha de Itamaracá,2010,true,,,existia
2607653,Itambé,2010,true,,,existia
2607703,Itapetim,2010,true,,,existia
2607752,Itapissuma,2010,true,,,existia
2607802,Itaquitinga,2010,true,,,existia
2607901,Jaboatão dos Guararapes,2010,true,,,existia
2607950,Jaqueira,2010,true,,,existia
2608008,Jataúba,2010,true,,,existia
2608057,Jatobá,2010,true,,,existia
2608107,João Alfredo,2010,true,,,existia
2608206,Joaquim Nabuco,2010,true,,,existia
2608255,Jucati,2010,true,,,existia
2608305,Jupi,2010,true,,,existia
2608404,Jurema,2010,true,,,existia
2608453,Lagoa do Carro,2010,true,,,existia
2608503,Lagoa de Itaenga,2010,true,,,existia
2608602,Lagoa do Ouro,2010,true,,,existia
2608701,Lagoa dos Gatos,2010,true,,,existia
2608750,Lagoa Grande,2010,true,,,existia
2608800,Lajedo,2010,true,,,existia
2608909,Limoeiro,2010,true,,,existia
2609006,Macaparana,2010,true,,,existia
2609105,Machados,2010,true,,,existia
2609154,Manari,2010,true,,,existia
2609204,Maraial,2010,true,,,existia
2609303,Mirandiba,2010,true,,,existia
2609402,Moreno,2010,true,,,existia
2609501,Nazaré da Mata,2010,true,,,existia
2609600,Olinda,2010,true,,,existia
2609709,Orobó,2010,true,,,existia
2609808,Orocó,2010,true,,,existia
2609907,Ouricuri,2010,true,,,existia
2610004,Palmares,2010,true,,,existia
2610103,Palmeirina,2010,true,,,existia
2610202,Panelas,2010,true,,,existia
2610301,Paranatama,2010,true,,,existia
2610400,Parnamirim,2010,true,,,existia
2610509,Passira,2010,true,,,existia
2610608,Paudalho,2010,true,,,existia
2610707,Paulista,2010,true,,,existia
2610806,Pedra,2010,true,,,existia
2610905,Pesqueira,2010,true,,,existia
2611002,Petrolândia,2010,true,,,existia
2611101,Petrolina,2010,true,,,existia
2611200,Poção,2010,true,,,existia
2611309,Pombos,2010,true,,,existia
2611408,Primavera,2010,true,,,existia
2611507,Quipapá,2010,true,,,existia
2611533,Quixaba,2010,true,,,existia
2611606,Recife,2010,true,,,existia
2611705,Riacho das Almas,2010,true,,,existia
2611804,Ribeirão,2010,true,,,existia
2611903,Rio Formoso,2010,true,,,existia
2612000,Sairé,2010,true,,,existia
2612109,Salgadinho,2010,true,,,existia
2612208,Salgueiro,2010,true,,,existia
2612307,Saloá,2010,true,,,existia
2612406,Sanharó,2010,true,,,existia
2612455,Santa Cruz,2010,true,,,existia
2612471,Santa Cruz da Baixa Verde,2010,true,,,existia
2612505,Santa Cruz do Capibaribe,2010,true,,,existia
2612554,Santa Filomena,2010,true,,,existia
2612604,Santa Maria da Boa Vista,2010,true,,,existia
2612703,Santa Maria do Cambucá,2010,true,,,existia
2612802,Santa Terezinha,2010,true,,,existia
2612901,São Benedito do Sul,2010,true,,,existia
2613008,São Bento do Una,2010,true,,,existia
2613107,São Caitano,2010,true,,,existia
2613206,São João,2010,true,,,existia
2613305,São Joaquim do Monte,2010,true,,,existia
2613404,São José da Coroa Grande,2010,true,,,existia
2613503,São José do Belmonte,2010,true,,,existia
2613602,São José do Egito,2010,true,,,existia
2613701,São Lourenço da Mata,2010,true,,,existia
2613800,São Vicente Férrer,2010,true,,,existia
2613909,Serra Talhada,2010,true,,,existia
2614006,Serrita,2010,true,,,existia
2614105,Sertânia,2010,true,,,existia
2614204,Sirinhaém,2010,true,,,existia
2614303,Moreilândia,2010,true,,,existia
2614402,Solidão,2010,true,,,existia
2614501,Surubim,2010,true,,,existia
2614600,Tabira,2010,true,,,existia
2614709,Tacaimbó,2010,true,,,existia
2614808,Tacaratu,2010,true,,,existia
2614857,Tamandaré,2010,true,,,existia
2615003,Taquaritinga do Norte,2010,true,,,existia
2615102,Terezinha,2010,true,,,existia
2615201,Terra Nova,2010,true,,,existia
2615300,Timbaúba,2010,true,,,existia
2615409,Toritama,2010,true,,,existia
2615508,Tracunhaém,2010,true,,,existia
2615607,Trindade,2010,true,,,existia
2615706,Triunfo,2010,true,,,existia
2615805,Tupanatinga,2010,true,,,existia
2615904,Tuparetama,2010,true,,,existia
2616001,Venturosa,2010,true,,,existia
2616100,Verdejante,2010,true,,,existia
2616183,Vertente do Lério,2010,true,,,existia
2616209,Vertentes,2010,true,,,existia
2616308,Vicência,2010,true,,,existia
2616407,Vitória de Santo Antão,2010,true,,,existia
2616506,Xexéu,2010,true,,,existia
2700102,Água Branca,2010,true,,,existia
2700201,Anadia,2010,true,,,existia
2700300,Arapiraca,2010,true,,,existia
2700409,Atalaia,2010,true,,,existia
2700508,Barra de Santo Antônio,2010,true,,,existia
2700607,Barra de São Miguel,2010,true,,,existia
2700706,Batalha,2010,true,,,existia
2700805,Belém,2010,true,,,existia
2700904,Belo Monte,2010,true,,,existia
2701001,Boca da Mata,2010,true,,,existia
2701100,Branquinha,2010,true,,,existia
2701209,Cacimbinhas,2010,true,,,existia
2701308,Cajueiro,2010,true,,,existia
2701357,Campestre,2010,true,,,existia
2701407,Campo Alegre,2010,true,,,existia
2701506,Campo Grande,2010,true,,,existia
2701605,Canapi,2010,true,,,existia
2701704,Capela,2010,true,,,existia
2701803,Carneiros,2010,true,,,existia
2701902,Chã Preta,2010,true,,,existia
2702009,Coité do Nóia,2010,true,,,existia
2702108,Colônia Leopoldina,2010,true,,,existia
2702207,Coqueiro Seco,2010,true,,,existia
2702306,Coruripe,2010,true,,,existia
2702355,Craíbas,2010,true,,,existia
2702405,Delmiro Gouveia,2010,true,,,existia
2702504,Dois Riachos,2010,true,,,existia
2702553,Estrela de Alagoas,2010,true,,,existia
2702603,Feira Grande,2010,true,,,existia
2702702,Feliz Deserto,2010,true,,,existia
2702801,Flexeiras,2010,true,,,existia
2702900,Girau do Ponciano,2010,true,,,existia
2703007,Ibateguara,2010,true,,,existia
2703106,Igaci,2010,true,,,existia
2703205,Igreja Nova,2010,true,,,existia
2703304,Inhapi,2010,true,,,existia
2703403,Jacaré dos Homens,2010,true,,,existia
2703502,Jacuípe,2010,true,,,existia
2703601,Japaratinga,2010,true,,,existia
2703700,Jaramataia,2010,true,,,existia
2703759,Jequiá da Praia,2010,true,,,existia
2703809,Joaquim Gomes,2010,true,,,existia
2703908,Jundiá,2010,true,,,existia
2704005,Junqueiro,2010,true,,,existia
2704104,Lagoa da Canoa,2010,true,,,existia
2704203,Limoeiro de Anadia,2010,true,,,existia
2704302,Maceió,2010,true,,,existia
2704401,Major Isidoro,2010,true,,,existia
2704500,Maragogi,2010,true,,,existia
2704609,Maravilha,2010,true,,,existia
2704708,Marechal Deodoro,2010,true,,,existia
2704807,Maribondo,2010,true,,,existia
2704906,Mar Vermelho,2010,true,,,existia
2705002,Mata Grande,2010,true,,,existia
2705101,Matriz de Camaragibe,2010,true,,,existia
2705200,Messias,2010,true,,,existia
2705309,Minador do Negrão,2010,true,,,existia
2705408,Monteirópolis,2010,true,,,existia
2705507,Murici,2010,true,,,existia
2705606,Novo Lino,2010,true,,,existia
2705705,Olho d'Água das Flores,2010,true,,,existia
2705804,Olho d'Água do Casado,2010,true,,,existia
2705903,Olho d'Água Grande,2010,true,,,existia
2706000,Olivença,2010,true,,,existia
2706109,Ouro Branco,2010,true,,,existia
2706208,Palestina,2010,true,,,existia
2706307,Palmeira dos Índios,2010,true,,,existia
2706406,Pão de Açúcar,2010,true,,,existia
2706422,Pariconha,2010,true,,,existia
2706448,Paripueira,2010,true,,,existia
2706505,Passo de Camaragibe,2010,true,,,existia
2706604,Paulo Jacinto,2010,true,,,existia
2706703,Penedo,2010,true,,,existia
2706802,Piaçabuçu,2010,true,,,existia
2706901,Pilar,2010,true,,,existia
2707008,Pindoba,2010,true,,,existia
2707107,Piranhas,2010,true,,,existia
2707206,Poço das Trincheiras,2010,true,,,existia
2707305,Porto Calvo,2010,true,,,existia
2707404,Porto de Pedras,2010,true,,,existia
2707503,Porto Real do Colégio,2010,true,,,existia
2707602,Quebrangulo,2010,true,,,existia
2707701,Rio Largo,2010,true,,,existia
2707800,Roteiro,2010,true,,,existia
2707909,Santa Luzia do Norte,2010,true,,,existia
2708006,Santana do Ipanema,2010,true,,,existia
2708105,Santana do Mundaú,2010,true,,,existia
2708204,São Brás,2010,true,,,existia
2708303,São José da Laje,2010,true,,,existia
2708402,São José da Tapera,2010,true,,,existia
2708501,São Luís do Quitunde,2010,true,,,existia
2708600,São Miguel dos Campos,2010,true,,,existia
2708709,São Miguel dos Milagres,2010,true,,,existia
2708808,São Sebastião,2010,true,,,existia
2708907,Satuba,2010,true,,,existia
2708956,Senador Rui Palmeira,2010,true,,,existia
2709004,Tanque d'Arca,2010,true,,,existia
2709103,Taquarana,2010,true,,,existia
2709152,Teotônio Vilela,2010,true,,,existia
2709202,Traipu,2010,true,,,existia
2709301,União dos Palmares,2010,true,,,existia
2709400,Viçosa,2010,true,,,existia
2800100,Amparo do São Francisco,2010,true,,,existia
2800209,Aquidabã,2010,true,,,existia
2800308,Aracaju,2010,true,,,existia
2800407,Arauá,2010,true,,,existia
2800506,Areia Branca,2010,true,,,existia
2800605,Barra dos Coqueiros,2010,true,,,existia
2800670,Boquim,2010,true,,,existia
2800704,Brejo Grande,2010,true,,,existia
2801009,Campo do Brito,2010,true,,,existia
2801108,Canhoba,2010,true,,,existia
2801207,Canindé de São Francisco,2010,true,,,existia
2801306,Capela,2010,true,,,existia
2801405,Carira,2010,true,,,existia
2801504,Carmópolis,2010,true,,,existia
2801603,Cedro de São João,2010,true,,,existia
2801702,Cristinápolis,2010,true,,,existia
2801900,Cumbe,2010,true,,,existia
2802007,Divina Pastora,2010,true,,,existia
2802106,Estância,2010,true,,,existia
2802205,Feira Nova,2010,true,,,existia
2802304,Frei Paulo,2010,true,,,existia
2802403,Gararu,2010,true,,,existia
2802502,General Maynard,2010,true,,,existia
2802601,Gracho Cardoso,2010,true,,,existia
2802700,Ilha das Flores,2010,true,,,existia
2802809,Indiaroba,2010,true,,,existia
2802908,Itabaiana,2010,true,,,existia
2803005,Itabaianinha,2010,true,,,existia
2803104,Itabi,2010,true,,,existia
2803203,Itaporanga d'Ajuda,2010,true,,,existia
2803302,Japaratuba,2010,true,,,existia
2803401,Japoatã,2010,true,,,existia
2803500,Lagarto,2010,true,,,existia
2803609,Laranjeiras,2010,true,,,existia
2803708,Macambira,2010,true,,,existia
2803807,Malhada dos Bois,2010,true,,,existia
2803906,Malhador,2010,true,,,existia
2804003,Maruim,2010,true,,,existia
2804102,Moita Bonita,2010,true,,,existia
2804201,Monte Alegre de Sergipe,2010,true,,,existia
2804300,Muribeca,2010,true,,,existia
2804409,Neópolis,2010,true,,,existia
2804458,Nossa Senhora Aparecida,2010,true,,,existia
2804508,Nossa Senhora da Glória,2010,true,,,existia
2804607,Nossa Senhora das Dores,2010,true,,,existia
2804706,Nossa Senhora de Lourdes,2010,true,,,existia
2804805,Nossa Senhora do Socorro,2010,true,,,existia
2804904,Pacatuba,2010,true,,,existia
2805000,Pedra Mole,2010,true,,,existia
2805109,Pedrinhas,2010,true,,,existia
2805208,Pinhão,2010,true,,,existia
2805307,Pirambu,2010,true,,,existia
2805406,Poço Redondo,2010,true,,,existia
2805505,Poço Verde,2010,true,,,existia
2805604,Porto da Folha,2010,true,,,existia
2805703,Propriá,2010,true,,,existia
2805802,Riachão do Dantas,2010,true,,,existia
2805901,Riachuelo,2010,true,,,existia
2806008,Ribeirópolis,2010,true,,,existia
2806107,Rosário do Catete,2010,true,,,existia
2806206,Salgado,2010,true,,,existia
2806305,Santa Luzia do Itanhy,2010,true,,,existia
2806404,Santana do São Francisco,2010,true,,,existia
2806503,Santa Rosa de Lima,2010,true,,,existia
2806602,Santo Amaro das Brotas,2010,true,,,existia
2806701,São Cristóvão,2010,true,,,existia
2806800,São Domingos,2010,true,,,existia
2806909,São Francisco,2010,true,,,existia
2807006,São Miguel do Aleixo,2010,true,,,existia
2807105,Simão Dias,2010,true,,,existia
2807204,Siriri,2010,true,,,existia
2807303,Telha,2010,true,,,existia
2807402,Tobias Barreto,2010,true,,,existia
2807501,Tomar do Geru,2010,true,,,existia
2807600,Umbaúba,2010,true,,,existia
2900108,Abaíra,2010,true,,,existia
2900207,Abaré,2010,true,,,existia
2900306,Acajutiba,2010,true,,,existia
2900355,Adustina,2010,true,,,existia
2900405,Água Fria,2010,true,,,existia
2900504,Érico Cardoso,2010,true,,,existia
2900603,Aiquara,2010,true,,,existia
2900702,Alagoinhas,2010,true,,,existia
2900801,Alcobaça,2010,true,,,existia
2900900,Almadina,2010,true,,,existia
2901007,Amargosa,2010,true,,,existia
2901106,Amélia Rodrigues,2010,true,,,existia
2901155,América Dourada,2010,true,,,existia
2901205,Anagé,2010,true,,,existia
2901304,Andaraí,2010,true,,,existia
2901353,Andorinha,2010,true,,,existia
2901403,Angical,2010,true,,,existia
2901502,Anguera,2010,true,,,existia
2901601,Antas,2010,true,,,existia
2901700,Antônio Cardoso,2010,true,,,existia
2901809,Antônio Gonçalves,2010,true,,,existia
2901908,Aporá,2010,true,,,existia
2901957,Apuarema,2010,true,,,existia
2902005,Aracatu,2010,true,,,existia
2902054,Araçás,2010,true,,,existia
2902104,Araci,2010,true,,,existia
2902203,Aramari,2010,true,,,existia
2902252,Arataca,2010,true,,,existia
2902302,Aratuípe,2010,true,,,existia
2902401,Aurelino Leal,2010,true,,,existia
2902500,Baianópolis,2010,true,,,existia
2902609,Baixa Grande,2010,true,,,existia
2902658,Banzaê,2010,true,,,existia
2902708,Barra,2010,true,,,existia
2902807,Barra da Estiva,2010,true,,,existia
2902906,Barra do Choça,2010,true,,,existia
2903003,Barra do Mendes,2010,true,,,existia
2903102,Barra do Rocha,2010,true,,,existia
2903201,Barreiras,2010,true,,,existia
2903235,Barro Alto,2010,true,,,existia
2903276,Barrocas,2010,true,,,existia
2903300,Barro Preto,2010,true,,,existia
2903409,Belmonte,2010,true,,,existia
2903508,Belo Campo,2010,true,,,existia
2903607,Biritinga,2010,true,,,existia
2903706,Boa Nova,2010,true,,,existia
2903805,Boa Vista do Tupim,2010,true,,,existia
2903904,Bom Jesus da Lapa,2010,true,,,existia
2903953,Bom Jesus da Serra,2010,true,,,existia
2904001,Boninal,2010,true,,,existia
2904050,Bonito,2010,true,,,existia
2904100,Boquira,2010,true,,,existia
2904209,Botuporã,2010,true,,,existia
2904308,Brejões,2010,true,,,existia
2904407,Brejolândia,2010,true,,,existia
2904506,Brotas de Macaúbas,2010,true,,,existia
2904605,Brumado,2010,true,,,existia
2904704,Buerarema,2010,true,,,existia
2904753,Buritirama,2010,true,,,existia
2904803,Caatiba,2010,true,,,existia
2904852,Cabaceiras do Paraguaçu,2010,true,,,existia
2904902,Cachoeira,2010,true,,,existia
2905008,Caculé,2010,true,,,existia
2905107,Caém,2010,true,,,existia
2905156,Caetanos,2010,true,,,existia
2905206,Caetité,2010,true,,,existia
2905305,Cafarnaum,2010,true,,,existia
2905404,Cairu,2010,true,,,existia
2905503,Caldeirão Grande,2010,true,,,existia
2905602,Camacan,2010,true,,,existia
2905701,Camaçari,2010,true,,,existia
2905800,Camamu,2010,true,,,existia
2905909,Campo Alegre de Lourdes,2010,true,,,existia
2906006,Campo Formoso,2010,true,,,existia
2906105,Canápolis,2010,true,,,existia
2906204,Canarana,2010,true,,,existia
2906303,Canavieiras,2010,true,,,existia
2906402,Candeal,2010,true,,,existia
2906501,Candeias,2010,true,,,existia
2906600,Candiba,2010,true,,,existia
2906709,Cândido Sales,2010,true,,,existia
2906808,Cansanção,2010,true,,,existia
2906824,Canudos,2010,true,,,existia
2906857,Capela do Alto Alegre,2010,true,,,existia
2906873,Capim Grosso,2010,true,,,existia
2906899,Caraíbas,2010,true,,,existia
2906907,Caravelas,2010,true,,,existia
2907004,Cardeal da Silva,2010,true,,,existia
2907103,Carinhanha,2010,true,,,existia
2907202,Casa Nova,2010,true,,,existia
2907301,Castro Alves,2010,true,,,existia
2907400,Catolândia,2010,true,,,existia
2907509,Catu,2010,true,,,existia
2907558,Caturama,2010,true,,,existia
2907608,Central,2010,true,,,existia
2907707,Chorrochó,2010,true,,,existia
2907806,Cícero Dantas,2010,true,,,existia
2907905,Cipó,2010,true,,,existia
2908002,Coaraci,2010,true,,,existia
2908101,Cocos,2010,true,,,existia
2908200,Conceição da Feira,2010,true,,,existia
2908309,Conceição do Almeida,2010,true,,,existia
2908408,Conceição do Coité,2010,true,,,existia
2908507,Conceição do Jacuípe,2010,true,,,existia
2908606,Conde,2010,true,,,existia
2908705,Condeúba,2010,true,,,existia
2908804,Contendas do Sincorá,2010,true,,,existia
2908903,Coração de Maria,2010,true,,,existia
2909000,Cordeiros,2010,true,,,existia
2909109,Coribe,2010,true,,,existia
2909208,Coronel João Sá,2010,true,,,existia
2909307,Correntina,2010,true,,,existia
2909406,Cotegipe,2010,true,,,existia
2909505,Cravolândia,2010,true,,,existia
2909604,Crisópolis,2010,true,,,existia
2909703,Cristópolis,2010,true,,,existia
2909802,Cruz das Almas,2010,true,,,existia
2909901,Curaçá,2010,true,,,existia
2910008,Dário Meira,2010,true,,,existia
2910057,Dias d'Ávila,2010,true,,,existia
2910107,Dom Basílio,2010,true,,,existia
2910206,Dom Macedo Costa,2010,true,,,existia
2910305,Elísio Medrado,2010,true,,,existia
2910404,Encruzilhada,2010,true,,,existia
2910503,Entre Rios,2010,true,,,existia
2910602,Esplanada,2010,true,,,existia
2910701,Euclides da Cunha,2010,true,,,existia
2910727,Eunápolis,2010,true,,,existia
2910750,Fátima,2010,true,,,existia
2910776,Feira da Mata,2010,true,,,existia
2910800,Feira de Santana,2010,true,,,existia
2910859,Filadélfia,2010,true,,,existia
2910909,Firmino Alves,2010,true,,,existia
2911006,Floresta Azul,2010,true,,,existia
2911105,Formosa do Rio Preto,2010,true,,,existia
2911204,Gandu,2010,true,,,existia
2911253,Gavião,2010,true,,,existia
2911303,Gentio do Ouro,2010,true,,,existia
2911402,Glória,2010,true,,,existia
2911501,Gongogi,2010,true,,,existia
2911600,Governador Mangabeira,2010,true,,,existia
2911659,Guajeru,2010,true,,,existia
2911709,Guanambi,2010,true,,,existia
2911808,Guaratinga,2010,true,,,existia
2911857,Heliópolis,2010,true,,,existia
2911907,Iaçu,2010,true,,,existia
2912004,Ibiassucê,2010,true,,,existia
2912103,Ibicaraí,2010,true,,,existia
2912202,Ibicoara,2010,true,,,existia
2912301,Ibicuí,2010,true,,,existia
2912400,Ibipeba,2010,true,,,existia
2912509,Ibipitanga,2010,true,,,existia
2912608,Ibiquera,2010,true,,,existia
2912707,Ibirapitanga,2010,true,,,existia
2912806,Ibirapuã,2010,true,,,existia
2912905,Ibirataia,2010,true,,,existia
2913002,Ibitiara,2010,true,,,existia
2913101,Ibititá,2010,true,,,existia
2913200,Ibotirama,2010,true,,,existia
2913309,Ichu,2010,true,,,existia
2913408,Igaporã,2010,true,,,existia
2913457,Igrapiúna,2010,true,,,existia
2913507,Iguaí,2010,true,,,existia
2913606,Ilhéus,2010,true,,,existia
2913705,Inhambupe,2010,true,,,existia
2913804,Ipecaetá,2010,true,,,existia
2913903,Ipiaú,2010,true,,,existia
2914000,Ipirá,2010,true,,,existia
2914109,Ipupiara,2010,true,,,existia
2914208,Irajuba,2010,true,,,existia
2914307,Iramaia,2010,true,,,existia
2914406,Iraquara,2010,true,,,existia
2914505,Irará,2010,true,,,existia
2914604,Irecê,2010,true,,,existia
2914653,Itabela,2010,true,,,existia
2914703,Itaberaba,2010,true,,,existia
2914802,Itabuna,2010,true,,,existia
2914901,Itacaré,2010,true,,,existia
2915007,Itaeté,2010,true,,,existia
2915106,Itagi,2010,true,,,existia
2915205,Itagibá,2010,true,,,existia
2915304,Itagimirim,2010,true,,,existia
2915353,Itaguaçu da Bahia,2010,true,,,existia
2915403,Itaju do Colônia,2010,true,,,existia
2915502,Itajuípe,2010,true,,,existia
2915601,Itamaraju,2010,true,,,existia
2915700,Itamari,2010,true,,,existia
2915809,Itambé,2010,true,,,existia
2915908,Itanagra,2010,true,,,existia
2916005,Itanhém,2010,true,,,existia
2916104,Itaparica,2010,true,,,existia
2916203,Itapé,2010,true,,,existia
2916302,Itapebi,2010,true,,,existia
2916401,Itapetinga,2010,true,,,existia
2916500,Itapicuru,2010,true,,,existia
2916609,Itapitanga,2010,true,,,existia
2916708,Itaquara,2010,true,,,existia
2916807,Itarantim,2010,true,,,existia
2916856,Itatim,2010,true,,,existia
2916906,Itiruçu,2010,true,,,existia
2917003,Itiúba,2010,true,,,existia
2917102,Itororó,2010,true,,,existia
2917201,Ituaçu,2010,true,,,existia
2917300,Ituberá,2010,true,,,existia
2917334,Iuiu,2010,true,,,existia
2917359,Jaborandi,2010,true,,,existia
2917409,Jacaraci,2010,true,,,existia
2917508,Jacobina,2010,true,,,existia
2917607,Jaguaquara,2010,true,,,existia
2917706,Jaguarari,2010,true,,,existia
2917805,Jaguaripe,2010,true,,,existia
2917904,Jandaíra,2010,true,,,existia
2918001,Jequié,2010,true,,,existia
2918100,Jeremoabo,2010,true,,,existia
2918209,Jiquiriçá,2010,true,,,existia
2918308,Jitaúna,2010,true,,,existia
2918357,João Dourado,2010,true,,,existia
2918407,Juazeiro,2010,true,,,existia
2918456,Jucuruçu,2010,true,,,existia
2918506,Jussara,2010,true,,,existia
2918555,Jussari,2010,true,,,existia
2918605,Jussiape,2010,true,,,existia
2918704,Lafaiete Coutinho,2010,true,,,existia
2918753,Lagoa Real,2010,true,,,existia
2918803,Laje,2010,true,,,existia
2918902,Lajedão,2010,true,,,existia
2919009,Lajedinho,2010,true,,,existia
2919058,Lajedo do Tabocal,2010,true,,,existia
2919108,Lamarão,2010,true,,,existia
2919157,Lapão,2010,true,,,existia
2919207,Lauro de Freitas,2010,true,,,existia
2919306,Lençóis,2010,true,,,existia
2919405,Licínio de Almeida,2010,true,,,existia
2919504,Livramento de Nossa Senhora,2010,true,,,existia
2919553,Luís Eduardo Magalhães,2010,true,,,existia
2919603,Macajuba,2010,true,,,existia
2919702,Macarani,2010,true,,,existia
2919801,Macaúbas,2010,true,,,existia
2919900,Macururé,2010,true,,,existia
2919926,Madre de Deus,2010,true,,,existia
2919959,Maetinga,2010,true,,,existia
2920007,Maiquinique,2010,true,,,existia
2920106,Mairi,2010,true,,,existia
2920205,Malhada,2010,true,,,existia
2920304,Malhada de Pedras,2010,true,,,existia
2920403,Manoel Vitorino,2010,true,,,existia
2920452,Mansidão,2010,true,,,existia
2920502,Maracás,2010,true,,,existia
2920601,Maragogipe,2010,true,,,existia
2920700,Maraú,2010,true,,,existia
2920809,Marcionílio Souza,2010,true,,,existia
2920908,Mascote,2010,true,,,existia
2921005,Mata de São João,2010,true,,,existia
2921054,Matina,2010,true,,,existia
2921104,Medeiros Neto,2010,true,,,existia
2921203,Miguel Calmon,2010,true,,,existia
2921302,Milagres,2010,true,,,existia
2921401,Mirangaba,2010,true,,,existia
2921450,Mirante,2010,true,,,existia
2921500,Monte Santo,2010,true,,,existia
2921609,Morpará,2010,true,,,existia
2921708,Morro do Chapéu,2010,true,,,existia
2921807,Mortugaba,2010,true,,,existia
2921906,Mucugê,2010,true,,,existia
2922003,Mucuri,2010,true,,,existia
2922052,Mulungu do Morro,2010,true,,,existia
2922102,Mundo Novo,2010,true,,,existia
2922201,Muniz Ferreira,2010,true,,,existia
2922250,Muquém do São Francisco,2010,true,,,existia
2922300,Muritiba,2010,true,,,existia
2922409,Mutuípe,2010,true,,,existia
2922508,Nazaré,2010,true,,,existia
2922607,Nilo Peçanha,2010,true,,,existia
2922656,Nordestina,2010,true,,,existia
2922706,Nova Canaã,2010,true,,,existia
2922730,Nova Fátima,2010,true,,,existia
2922755,Nova Ibiá,2010,true,,,existia
2922805,Nova Itarana,2010,true,,,existia
2922854,Nova Redenção,2010,true,,,existia
2922904,Nova Soure,2010,true,,,existia
2923001,Nova Viçosa,2010,true,,,existia
2923035,Novo Horizonte,2010,true,,,existia
2923050,Novo Triunfo,2010,true,,,existia
2923100,Olindina,2010,true,,,existia
2923209,Oliveira dos Brejinhos,2010,true,,,existia
2923308,Ouriçangas,2010,true,,,existia
2923357,Ourolândia,2010,true,,,existia
2923407,Palmas de Monte Alto,2010,true,,,existia
2923506,Palmeiras,2010,true,,,existia
2923605,Paramirim,2010,true,,,existia
2923704,Paratinga,2010,true,,,existia
2923803,Paripiranga,2010,true,,,existia
2923902,Pau Brasil,2010,true,,,existia
2924009,Paulo Afonso,2010,true,,,existia
2924058,Pé de Serra,2010,true,,,existia
2924108,Pedrão,2010,true,,,existia
2924207,Pedro Alexandre,2010,true,,,existia
2924306,Piatã,2010,true,,,existia
2924405,Pilão Arcado,2010,true,,,existia
2924504,Pindaí,2010,true,,,existia
2924603,Pindobaçu,2010,true,,,existia
2924652,Pintadas,2010,true,,,existia
2924678,Piraí do Norte,2010,true,,,existia
2924702,Piripá,2010,true,,,existia
2924801,Piritiba,2010,true,,,existia
2924900,Planaltino,2010,true,,,existia
2925006,Planalto,2010,true,,,existia
2925105,Poções,2010,true,,,existia
2925204,Pojuca,2010,true,,,existia
2925253,Ponto Novo,2010,true,,,existia
2925303,Porto Seguro,2010,true,,,existia
2925402,Potiraguá,2010,true,,,existia
2925501,Prado,2010,true,,,existia
2925600,Presidente Dutra,2010,true,,,existia
2925709,Presidente Jânio Quadros,2010,true,,,existia
2925758,Presidente Tancredo Neves,2010,true,,,existia
2925808,Queimadas,2010,true,,,existia
2925907,Quijingue,2010,true,,,existia
2925931,Quixabeira,2010,true,,,existia
2925956,Rafael Jambeiro,2010,true,,,existia
2926004,Remanso,2010,true,,,existia
2926103,Retirolândia,2010,true,,,existia
2926202,Riachão das Neves,2010,true,,,existia
2926301,Riachão do Jacuípe,2010,true,,,existia
2926400,Riacho de Santana,2010,true,,,existia
2926509,Ribeira do Amparo,2010,true,,,existia
2926608,Ribeira do Pombal,2010,true,,,existia
2926657,Ribeirão do Largo,2010,true,,,existia
2926707,Rio de Contas,2010,true,,,existia
2926806,Rio do Antônio,2010,true,,,existia
2926905,Rio do Pires,2010,true,,,existia
2927002,Rio Real,2010,true,,,existia
2927101,Rodelas,2010,true,,,existia
2927200,Ruy Barbosa,2010,true,,,existia
2927309,Salinas da Margarida,2010,true,,,existia
2927408,Salvador,2010,true,,,existia
2927507,Santa Bárbara,2010,true,,,existia
2927606,Santa Brígida,2010,true,,,existia
2927705,Santa Cruz Cabrália,2010,true,,,existia
2927804,Santa Cruz da Vitória,2010,true,,,existia
2927903,Santa Inês,2010,true,,,existia
2928000,Santaluz,2010,true,,,existia
2928059,Santa Luzia,2010,true,,,existia
2928109,Santa Maria da Vitória,2010,true,,,existia
2928208,Santana,2010,true,,,existia
2928307,Santanópolis,2010,true,,,existia
2928406,Santa Rita de Cássia,2010,true,,,existia
2928505,Santa Terezinha,2010,true,,,existia
2928604,Santo Amaro,2010,true,,,existia
2928703,Santo Antônio de Jesus,2010,true,,,existia
2928802,Santo Estêvão,2010,true,,,existia
2928901,São Desidério,2010,true,,,existia
2928950,São Domingos,2010,true,,,existia
2929008,São Félix,2010,true,,,existia
2929057,São Félix do Coribe,2010,true,,,existia
2929107,São Felipe,2010,true,,,existia
2929206,São Francisco do Conde,2010,true,,,existia
2929255,São Gabriel,2010,true,,,existia
2929305,São Gonçalo dos Campos,2010,true,,,existia
2929354,São José da Vitória,2010,true,,,existia
2929370,São José do Jacuípe,2010,true,,,existia
2929404,São Miguel das Matas,2010,true,,,existia
2929503,São Sebastião do Passé,2010,true,,,existia
2929602,Sapeaçu,2010,true,,,existia
2929701,Sátiro Dias,2010,true,,,existia
2929750,Saubara,2010,true,,,existia
2929800,Saúde,2010,true,,,existia
2929909,Seabra,2010,true,,,existia
2930006,Sebastião Laranjeiras,2010,true,,,existia
2930105,Senhor do Bonfim,2010,true,,,existia
2930154,Serra do Ramalho,2010,true,,,existia
2930204,Sento Sé,2010,true,,,existia
2930303,Serra Dourada,2010,true,,,existia
2930402,Serra Preta,2010,true,,,existia
2930501,Serrinha,2010,true,,,existia
2930600,Serrolândia,2010,true,,,existia
2930709,Simões Filho,2010,true,,,existia
2930758,Sítio do Mato,2010,true,,,existia
2930766,Sítio do Quinto,2010,true,,,existia
2930774,Sobradinho,2010,true,,,existia
2930808,Souto Soares,2010,true,,,existia
2930907,Tabocas do Brejo Velho,2010,true,,,existia
2931004,Tanhaçu,2010,true,,,existia
2931053,Tanque Novo,2010,true,,,existia
2931103,Tanquinho,2010,true,,,existia
2931202,Taperoá,2010,true,,,existia
2931301,Tapiramutá,2010,true,,,existia
2931350,Teixeira de Freitas,2010,true,,,existia
2931400,Teodoro Sampaio,2010,true,,,existia
2931509,Teofilândia,2010,true,,,existia
2931608,Teolândia,2010,true,,,existia
2931707,Terra Nova,2010,true,,,existia
2931806,Tremedal,2010,true,,,existia
2931905,Tucano,2010,true,,,existia
2932002,Uauá,2010,true,,,existia
2932101,Ubaíra,2010,true,,,existia
2932200,Ubaitaba,2010,true,,,existia
2932309,Ubatã,2010,true,,,existia
2932408,Uibaí,2010,true,,,existia
2932457,Umburanas,2010,true,,,existia
2932507,Una,2010,true,,,existia
2932606,Urandi,2010,true,,,existia
2932705,Uruçuca,2010,true,,,existia
2932804,Utinga,2010,true,,,existia
2932903,Valença,2010,true,,,existia
2933000,Valente,2010,true,,,existia
2933059,Várzea da Roça,2010,true,,,existia
2933109,Várzea do Poço,2010,true,,,existia
2933158,Várzea Nova,2010,true,,,existia
2933174,Varzedo,2010,true,,,existia
2933208,Vera Cruz,2010,true,,,existia
2933257,Vereda,2010,true,,,existia
2933307,Vitória da Conquista,2010,true,,,existia
2933406,Wagner,2010,true,,,existia
2933455,Wanderley,2010,true,,,existia
2933505,Wenceslau Guimarães,2010,true,,,existia
2933604,Xique-Xique,2010,true,,,existia
3100104,Abadia dos Dourados,2010,true,,,existia
3100203,Abaeté,2010,true,,,existia
3100302,Abre Campo,2010,true,,,existia
3100401,Acaiaca,2010,true,,,existia
3100500,Açucena,2010,true,,,existia
3100609,Água Boa,2010,true,,,existia
3100708,Água Comprida,2010,true,,,existia
3100807,Aguanil,2010,true,,,existia
3100906,Águas Formosas,2010,true,,,existia
3101003,Águas Vermelhas,2010,true,,,existia
3101102,Aimorés,2010,true,,,existia
3101201,Aiuruoca,2010,true,,,existia
3101300,Alagoa,2010,true,,,existia
3101409,Albertina,2010,true,,,existia
3101508,Além Paraíba,2010,true,,,existia
3101607,Alfenas,2010,true,,,existia
3101631,Alfredo Vasconcelos,2010,true,,,existia
3101706,Almenara,2010,true,,,existia
3101805,Alpercata,2010,true,,,existia
3101904,Alpinópolis,2010,true,,,existia
3102001,Alterosa,2010,true,,,existia
3102050,Alto Caparaó,2010,true,,,existia
3102100,Alto Rio Doce,2010,true,,,existia
3102209,Alvarenga,2010,true,,,existia
3102308,Alvinópolis,2010,true,,,existia
3102407,Alvorada de Minas,2010,true,,,existia
3102506,Amparo do Serra,2010,true,,,existia
3102605,Andradas,2010,true,,,existia
3102704,Cachoeira de Pajeú,2010,true,,,existia
3102803,Andrelândia,2010,true,,,existia
3102852,Angelândia,2010,true,,,existia
3102902,Antônio Carlos,2010,true,,,existia
3103009,Antônio Dias,2010,true,,,existia
3103108,Antônio Prado de Minas,2010,true,,,existia
3103207,Araçaí,2010,true,,,existia
3103306,Aracitaba,2010,true,,,existia
3103405,Araçuaí,2010,true,,,existia
3103504,Araguari,2010,true,,,existia
3103603,Arantina,2010,true,,,existia
3103702,Araponga,2010,true,,,existia
3103751,Araporã,2010,true,,,existia
3103801,Arapuá,2010,true,,,existia
3103900,Araújos,2010,true,,,existia
3104007,Araxá,2010,true,,,existia
3104106,Arceburgo,2010,true,,,existia
3104205,Arcos,2010,true,,,existia
3104304,Areado,2010,true,,,existia
3104403,Argirita,2010,true,,,existia
3104452,Aricanduva,2010,true,,,existia
3104502,Arinos,2010,true,,,existia
3104601,Astolfo Dutra,2010,true,,,existia
3104700,Ataléia,2010,true,,,existia
3104809,Augusto de Lima,2010,true,,,existia
3104908,Baependi,2010,true,,,existia
3105004,Baldim,2010,true,,,existia
3105103,Bambuí,2010,true,,,existia
3105202,Bandeira,2010,true,,,existia
3105301,Bandeira do Sul,2010,true,,,existia
3105400,Barão de Cocais,2010,true,,,existia
3105509,Barão do Monte Alto,2010,true,,,existia
3105608,Barbacena,2010,true,,,existia
3105707,Barra Longa,2010,true,,,existia
3105905,Barroso,2010,true,,,existia
3106002,Bela Vista de Minas,2010,true,,,existia
3106101,Belmiro Braga,2010,true,,,existia
3106200,Belo Horizonte,2010,true,,,existia
3106309,Belo Oriente,2010,true,,,existia
3106408,Belo Vale,2010,true,,,existia
3106507,Berilo,2010,true,,,existia
3106606,Bertópolis,2010,true,,,existia
3106655,Berizal,2010,true,,,existia
3106705,Betim,2010,true,,,existia
3106804,Bias Fortes,2010,true,,,existia
3106903,Bicas,2010,true,,,existia
3107000,Biquinhas,2010,true,,,existia
3107109,Boa Esperança,2010,true,,,existia
3107208,Bocaina de Minas,2010,true,,,existia
3107307,Bocaiúva,2010,true,,,existia
3107406,Bom Despacho,2010,true,,,existia
3107505,Bom Jardim de Minas,2010,true,,,existia
3107604,Bom Jesus da Penha,2010,true,,,existia
3107703,Bom Jesus do Amparo,2010,true,,,existia
3107802,Bom Jesus do Galho,2010,true,,,existia
3107901,Bom Repouso,2010,true,,,existia
3108008,Bom Sucesso,2010,true,,,existia
3108107,Bonfim,2010,true,,,existia
3108206,Bonfinópolis de Minas,2010,true,,,existia
3108255,Bonito de Minas,2010,true,,,existia
3108305,Borda da Mata,2010,true,,,existia
3108404,Botelhos,2010,true,,,existia
3108503,Botumirim,2010,true,,,existia
3108552,Brasilândia de Minas,2010,true,,,existia
3108602,Brasília de Minas,2010,true,,,existia
3108701,Brás Pires,2010,true,,,existia
3108800,Braúnas,2010,true,,,existia
3108909,Brazópolis,2010,true,,,existia
3109006,Brumadinho,2010,true,,,existia
3109105,Bueno Brandão,2010,true,,,existia
3109204,Buenópolis,2010,true,,,existia
3109253,Bugre,2010,true,,,existia
3109303,Buritis,2010,true,,,existia
3109402,Buritizeiro,2010,true,,,existia
3109451,Cabeceira Grande,2010,true,,,existia
3109501,Cabo Verde,2010,true,,,existia
3109600,Cachoeira da Prata,2010,true,,,existia
3109709,Cachoeira de Minas,2010,true,,,existia
3109808,Cachoeira Dourada,2010,true,,,existia
3109907,Caetanópolis,2010,true,,,existia
3110004,Caeté,2010,true,,,existia
3110103,Caiana,2010,true,,,existia
3110202,Cajuri,2010,true,,,existia
3110301,Caldas,2010,true,,,existia
3110400,Camacho,2010,true,,,existia
3110509,Camanducaia,2010,true,,,existia
3110608,Cambuí,2010,true,,,existia
3110707,Cambuquira,2010,true,,,existia
3110806,Campanário,2010,true,,,existia
3110905,Campanha,2010,true,,,existia
3111002,Campestre,2010,true,,,existia
3111101,Campina Verde,2010,true,,,existia
3111150,Campo Azul,2010,true,,,existia
3111200,Campo Belo,2010,true,,,existia
3111309,Campo do Meio,2010,true,,,existia
3111408,Campo Florido,2010,true,,,existia
3111507,Campos Altos,2010,true,,,existia
3111606,Campos Gerais,2010,true,,,existia
3111705,Canaã,2010,true,,,existia
3111804,Canápolis,2010,true,,,existia
3111903,Cana Verde,2010,true,,,existia
3112000,Candeias,2010,true,,,existia
3112059,Cantagalo,2010,true,,,existia
3112109,Caparaó,2010,true,,,existia
3112208,Capela Nova,2010,true,,,existia
3112307,Capelinha,2010,true,,,existia
3112406,Capetinga,2010,true,,,existia
3112505,Capim Branco,2010,true,,,existia
3112604,Capinópolis,2010,true,,,existia
3112653,Capitão Andrade,2010,true,,,existia
3112703,Capitão Enéas,2010,true,,,existia
3112802,Capitólio,2010,true,,,existia
3112901,Caputira,2010,true,,,existia
3113008,Caraí,2010,true,,,existia
3113107,Caranaíba,2010,true,,,existia
3113206,Carandaí,2010,true,,,existia
3113305,Carangola,2010,true,,,existia
3113404,Caratinga,2010,true,,,existia
3113503,Carbonita,2010,true,,,existia
3113602,Careaçu,2010,true,,,existia
3113701,Carlos Chagas,2010,true,,,existia
3113800,Carmésia,2010,true,,,existia
3113909,Carmo da Cachoeira,2010,true,,,existia
3114006,Carmo da Mata,2010,true,,,existia
3114105,Carmo de Minas,2010,true,,,existia
3114204,Carmo do Cajuru,2010,true,,,existia
3114303,Carmo do Paranaíba,2010,true,,,existia
3114402,Carmo do Rio Claro,2010,true,,,existia
3114501,Carmópolis de Minas,2010,true,,,existia
3114550,Carneirinho,2010,true,,,existia
3114600,Carrancas,2010,true,,,existia
3114709,Carvalhópolis,2010,true,,,existia
3114808,Carvalhos,2010,true,,,existia
3114907,Casa Grande,2010,true,,,existia
3115003,Cascalho Rico,2010,true,,,existia
3115102,Cássia,2010,true,,,existia
3115201,Conceição da Barra de Minas,2010,true,,,existia
3115300,Cataguases,2010,true,,,existia
3115359,Catas Altas,2010,true,,,existia
3115409,Catas Altas da Noruega,2010,true,,,existia
3115458,Catuji,2010,true,,,existia
3115474,Catuti,2010,true,,,existia
3115508,Caxambu,2010,true,,,existia
3115607,Cedro do Abaeté,2010,true,,,existia
3115706,Central de Minas,2010,true,,,existia
3115805,Centralina,2010,true,,,existia
3115904,Chácara,2010,true,,,existia
3116001,Chalé,2010,true,,,existia
3116100,Chapada do Norte,2010,true,,,existia
3116159,Chapada Gaúcha,2010,true,,,existia
3116209,Chiador,2010,true,,,existia
3116308,Cipotânea,2010,true,,,existia
3116407,Claraval,2010,true,,,existia
3116506,Claro dos Poções,2010,true,,,existia
3116605,Cláudio,2010,true,,,existia
3116704,Coimbra,2010,true,,,existia
3116803,Coluna,2010,true,,,existia
3116902,Comendador Gomes,2010,true,,,existia
3117009,Comercinho,2010,true,,,existia
3117108,Conceição da Aparecida,2010,true,,,existia
3117207,Conceição das Pedras,2010,true,,,existia
3117306,Conceição das Alagoas,2010,true,,,existia
3117405,Conceição de Ipanema,2010,true,,,existia
3117504,Conceição do Mato Dentro,2010,true,,,existia
3117603,Conceição do Pará,2010,true,,,existia
3117702,Conceição do Rio Verde,2010,true,,,existia
3117801,Conceição dos Ouros,2010,true,,,existia
3117836,Cônego Marinho,2010,true,,,existia
3117876,Confins,2010,true,,,existia
3117900,Congonhal,2010,true,,,existia
3118007,Congonhas,2010,true,,,existia
3118106,Congonhas do Norte,2010,true,,,existia
3118205,Conquista,2010,true,,,existia
3118304,Conselheiro Lafaiete,2010,true,,,existia
3118403,Conselheiro Pena,2010,true,,,existia
3118502,Consolação,2010,true,,,existia
3118601,Contagem,2010,true,,,existia
3118700,Coqueiral,2010,true,,,existia
3118809,Coração de Jesus,2010,true,,,existia
3118908,Cordisburgo,2010,true,,,existia
3119005,Cordislândia,2010,true,,,existia
3119104,Corinto,2010,true,,,existia
3119203,Coroaci,2010,true,,,existia
3119302,Coromandel,2010,true,,,existia
3119401,Coronel Fabriciano,2010,true,,,existia
3119500,Coronel Murta,2010,true,,,existia
3119609,Coronel Pacheco,2010,true,,,existia
3119708,Coronel Xavier Chaves,2010,true,,,existia
3119807,Córrego Danta,2010,true,,,existia
3119906,Córrego do Bom Jesus,2010,true,,,existia
3119955,Córrego Fundo,2010,true,,,existia
3120003,Córrego Novo,2010,true,,,existia
3120102,Couto de Magalhães de Minas,2010,true,,,existia
3120151,Crisólita,2010,true,,,existia
3120201,Cristais,2010,true,,,existia
3120300,Cristália,2010,true,,,existia
3120409,Cristiano Otoni,2010,true,,,existia
3120508,Cristina,2010,true,,,existia
3120607,Crucilândia,2010,true,,,existia
3120706,Cruzeiro da Fortaleza,2010,true,,,existia
3120805,Cruzília,2010,true,,,existia
3120839,Cuparaque,2010,true,,,existia
3120870,Curral de Dentro,2010,true,,,existia
3120904,Curvelo,2010,true,,,existia
3121001,Datas,2010,true,,,existia
3121100,Delfim Moreira,2010,true,,,existia
3121209,Delfinópolis,2010,true,,,existia
3121258,Delta,2010,true,,,existia
3121308,Descoberto,2010,true,,,existia
3121407,Desterro de Entre Rios,2010,true,,,existia
3121506,Desterro do Melo,2010,true,,,existia
3121605,Diamantina,2010,true,,,existia
3121704,Diogo de Vasconcelos,2010,true,,,existia
3121803,Dionísio,2010,true,,,existia
3121902,Divinésia,2010,true,,,existia
3122009,Divino,2010,true,,,existia
3122108,Divino das Laranjeiras,2010,true,,,existia
3122207,Divinolândia de Minas,2010,true,,,existia
3122306,Divinópolis,2010,true,,,existia
3122355,Divisa Alegre,2010,true,,,existia
3122405,Divisa Nova,2010,true,,,existia
3122454,Divisópolis,2010,true,,,existia
3122470,Dom Bosco,2010,true,,,existia
3122504,Dom Cavati,2010,true,,,existia
3122603,Dom Joaquim,2010,true,,,existia
3122702,Dom Silvério,2010,true,,,existia
3122801,Dom Viçoso,2010,true,,,existia
3122900,Dona Euzébia,2010,true,,,existia
3123007,Dores de Campos,2010,true,,,existia
3123106,Dores de Guanhães,2010,true,,,existia
3123205,Dores do Indaiá,2010,true,,,existia
3123304,Dores do Turvo,2010,true,,,existia
3123403,Doresópolis,2010,true,,,existia
3123502,Douradoquara,2010,true,,,existia
3123528,Durandé,2010,true,,,existia
3123601,Elói Mendes,2010,true,,,existia
3123700,Engenheiro Caldas,2010,true,,,existia
3123809,Engenheiro Navarro,2010,true,,,existia
3123858,Entre Folhas,2010,true,,,existia
3123908,Entre Rios de Minas,2010,true,,,existia
3124005,Ervália,2010,true,,,existia
3124104,Esmeraldas,2010,true,,,existia
3124203,Espera Feliz,2010,true,,,existia
3124302,Espinosa,2010,true,,,existia
3124401,Espírito Santo do Dourado,2010,true,,,existia
3124500,Estiva,2010,true,,,existia
3124609,Estrela Dalva,2010,true,,,existia
3124708,Estrela do Indaiá,2010,true,,,existia
3124807,Estrela do Sul,2010,true,,,existia
3124906,Eugenópolis,2010,true,,,existia
3125002,Ewbank da Câmara,2010,true,,,existia
3125101,Extrema,2010,true,,,existia
3125200,Fama,2010,true,,,existia
3125309,Faria Lemos,2010,true,,,existia
3125408,Felício dos Santos,2010,true,,,existia
3125507,São Gonçalo do Rio Preto,2010,true,,,existia
3125606,Felisburgo,2010,true,,,existia
3125705,Felixlândia,2010,true,,,existia
3125804,Fernandes Tourinho,2010,true,,,existia
3125903,Ferros,2010,true,,,existia
3125952,Fervedouro,2010,true,,,existia
3126000,Florestal,2010,true,,,existia
3126109,Formiga,2010,true,,,existia
3126208,Formoso,2010,true,,,existia
3126307,Fortaleza de Minas,2010,true,,,existia
3126406,Fortuna de Minas,2010,true,,,existia
3126505,Francisco Badaró,2010,true,,,existia
3126604,Francisco Dumont,2010,true,,,existia
3126703,Francisco Sá,2010,true,,,existia
3126752,Franciscópolis,2010,true,,,existia
3126802,Frei Gaspar,2010,true,,,existia
3126901,Frei Inocêncio,2010,true,,,existia
3126950,Frei Lagonegro,2010,true,,,existia
3127008,Fronteira,2010,true,,,existia
3127057,Fronteira dos Vales,2010,true,,,existia
3127073,Fruta de Leite,2010,true,,,existia
3127107,Frutal,2010,true,,,existia
3127206,Funilândia,2010,true,,,existia
3127305,Galiléia,2010,true,,,existia
3127339,Gameleiras,2010,true,,,existia
3127354,Glaucilândia,2010,true,,,existia
3127370,Goiabeira,2010,true,,,existia
3127388,Goianá,2010,true,,,existia
3127404,Gonçalves,2010,true,,,existia
3127503,Gonzaga,2010,true,,,existia
3127602,Gouveia,2010,true,,,existia
3127701,Governador Valadares,2010,true,,,existia
3127800,Grão Mogol,2010,true,,,existia
3127909,Grupiara,2010,true,,,existia
3128006,Guanhães,2010,true,,,existia
3128105,Guapé,2010,true,,,existia
3128204,Guaraciaba,2010,true,,,existia
3128253,Guaraciama,2010,true,,,existia
3128303,Guaranésia,2010,true,,,existia
3128402,Guarani,2010,true,,,existia
3128501,Guarará,2010,true,,,existia
3128600,Guarda-Mor,2010,true,,,existia
3128709,Guaxupé,2010,true,,,existia
3128808,Guidoval,2010,true,,,existia
3128907,Guimarânia,2010,true,,,existia
3129004,Guiricema,2010,true,,,existia
3129103,Gurinhatã,2010,true,,,existia
3129202,Heliodora,2010,true,,,existia
3129301,Iapu,2010,true,,,existia
3129400,Ibertioga,2010,true,,,existia
3129509,Ibiá,2010,true,,,existia
3129608,Ibiaí,2010,true,,,existia
3129657,Ibiracatu,2010,true,,,existia
3129707,Ibiraci,2010,true,,,existia
3129806,Ibirité,2010,true,,,existia
3129905,Ibitiúra de Minas,2010,true,,,existia
3130002,Ibituruna,2010,true,,,existia
3130051,Icaraí de Minas,2010,true,,,existia
3130101,Igarapé,2010,true,,,existia
3130200,Igaratinga,2010,true,,,existia
3130309,Iguatama,2010,true,,,existia
3130408,Ijaci,2010,true,,,existia
3130507,Ilicínea,2010,true,,,existia
3130556,Imbé de Minas,2010,true,,,existia
3130606,Inconfidentes,2010,true,,,existia
3130655,Indaiabira,2010,true,,,existia
3130705,Indianópolis,2010,true,,,existia
3130804,Ingaí,2010,true,,,existia
3130903,Inhapim,2010,true,,,existia
3131000,Inhaúma,2010,true,,,existia
3131109,Inimutaba,2010,true,,,existia
3131158,Ipaba,2010,true,,,existia
3131208,Ipanema,2010,true,,,existia
3131307,Ipatinga,2010,true,,,existia
3131406,Ipiaçu,2010,true,,,existia
3131505,Ipuiúna,2010,true,,,existia
3131604,Iraí de Minas,2010,true,,,existia
3131703,Itabira,2010,true,,,existia
3131802,Itabirinha,2010,true,,,existia
3131901,Itabirito,2010,true,,,existia
3132008,Itacambira,2010,true,,,existia
3132107,Itacarambi,2010,true,,,existia
3132206,Itaguara,2010,true,,,existia
3132305,Itaipé,2010,true,,,existia
3132404,Itajubá,2010,true,,,existia
3132503,Itamarandiba,2010,true,,,existia
3132602,Itamarati de Minas,2010,true,,,existia
3132701,Itambacuri,2010,true,,,existia
3132800,Itambé do Mato Dentro,2010,true,,,existia
3132909,Itamogi,2010,true,,,existia
3133006,Itamonte,2010,true,,,existia
3133105,Itanhandu,2010,true,,,existia
3133204,Itanhomi,2010,true,,,existia
3133303,Itaobim,2010,true,,,existia
3133402,Itapagipe,2010,true,,,existia
3133501,Itapecerica,2010,true,,,existia
3133600,Itapeva,2010,true,,,existia
3133709,Itatiaiuçu,2010,true,,,existia
3133758,Itaú de Minas,2010,true,,,existia
3133808,Itaúna,2010,true,,,existia
3133907,Itaverava,2010,true,,,existia
3134004,Itinga,2010,true,,,existia
3134103,Itueta,2010,true,,,existia
3134202,Ituiutaba,2010,true,,,existia
3134301,Itumirim,2010,true,,,existia
3134400,Iturama,2010,true,,,existia
3134509,Itutinga,2010,true,,,existia
3134608,Jaboticatubas,2010,true,,,existia
3134707,Jacinto,2010,true,,,existia
3134806,Jacuí,2010,true,,,existia
3134905,Jacutinga,2010,true,,,existia
3135001,Jaguaraçu,2010,true,,,existia
3135050,Jaíba,2010,true,,,existia
3135076,Jampruca,2010,true,,,existia
3135100,Janaúba,2010,true,,,existia
3135209,Januária,2010,true,,,existia
3135308,Japaraíba,2010,true,,,existia
3135357,Japonvar,2010,true,,,existia
3135407,Jeceaba,2010,true,,,existia
3135456,Jenipapo de Minas,2010,true,,,existia
3135506,Jequeri,2010,true,,,existia
3135605,Jequitaí,2010,true,,,existia
3135704,Jequitibá,2010,true,,,existia
3135803,Jequitinhonha,2010,true,,,existia
3135902,Jesuânia,2010,true,,,existia
3136009,Joaíma,2010,true,,,existia
3136108,Joanésia,2010,true,,,existia
3136207,João Monlevade,2010,true,,,existia
3136306,João Pinheiro,2010,true,,,existia
3136405,Joaquim Felício,2010,true,,,existia
3136504,Jordânia,2010,true,,,existia
3136520,José Gonçalves de Minas,2010,true,,,existia
3136553,José Raydan,2010,true,,,existia
3136579,Josenópolis,2010,true,,,existia
3136603,Nova União,2010,true,,,existia
3136652,Juatuba,2010,true,,,existia
3136702,Juiz de Fora,2010,true,,,existia
3136801,Juramento,2010,true,,,existia
3136900,Juruaia,2010,true,,,existia
3136959,Juvenília,2010,true,,,existia
3137007,Ladainha,2010,true,,,existia
3137106,Lagamar,2010,true,,,existia
3137205,Lagoa da Prata,2010,true,,,existia
3137304,Lagoa dos Patos,2010,true,,,existia
3137403,Lagoa Dourada,2010,true,,,existia
3137502,Lagoa Formosa,2010,true,,,existia
3137536,Lagoa Grande,2010,true,,,existia
3137601,Lagoa Santa,2010,true,,,existia
3137700,Lajinha,2010,true,,,existia
3137809,Lambari,2010,true,,,existia
3137908,Lamim,2010,true,,,existia
3138005,Laranjal,2010,true,,,existia
3138104,Lassance,2010,true,,,existia
3138203,Lavras,2010,true,,,existia
3138302,Leandro Ferreira,2010,true,,,existia
3138351,Leme do Prado,2010,true,,,existia
3138401,Leopoldina,2010,true,,,existia
3138500,Liberdade,2010,true,,,existia
3138609,Lima Duarte,2010,true,,,existia
3138625,Limeira do Oeste,2010,true,,,existia
3138658,Lontra,2010,true,,,existia
3138674,Luisburgo,2010,true,,,existia
3138682,Luislândia,2010,true,,,existia
3138708,Luminárias,2010,true,,,existia
3138807,Luz,2010,true,,,existia
3138906,Machacalis,2010,true,,,existia
3139003,Machado,2010,true,,,existia
3139102,Madre de Deus de Minas,2010,true,,,existia
3139201,Malacacheta,2010,true,,,existia
3139250,Mamonas,2010,true,,,existia
3139300,Manga,2010,true,,,existia
3139409,Manhuaçu,2010,true,,,existia
3139508,Manhumirim,2010,true,,,existia
3139607,Mantena,2010,true,,,existia
3139706,Maravilhas,2010,true,,,existia
3139805,Mar de Espanha,2010,true,,,existia
3139904,Maria da Fé,2010,true,,,existia
3140001,Mariana,2010,true,,,existia
3140100,Marilac,2010,true,,,existia
3140159,Mário Campos,2010,true,,,existia
3140209,Maripá de Minas,2010,true,,,existia
3140308,Marliéria,2010,true,,,existia
3140407,Marmelópolis,2010,true,,,existia
3140506,Martinho Campos,2010,true,,,existia
3140530,Martins Soares,2010,true,,,existia
3140555,Mata Verde,2010,true,,,existia
3140605,Materlândia,2010,true,,,existia
3140704,Mateus Leme,2010,true,,,existia
3140803,Matias Barbosa,2010,true,,,existia
3140852,Matias Cardoso,2010,true,,,existia
3140902,Matipó,2010,true,,,existia
3141009,Mato Verde,2010,true,,,existia
3141108,Matozinhos,2010,true,,,existia
3141207,Matutina,2010,true,,,existia
3141306,Medeiros,2010,true,,,existia
3141405,Medina,2010,true,,,existia
3141504,Mendes Pimentel,2010,true,,,existia
3141603,Mercês,2010,true,,,existia
3141702,Mesquita,2010,true,,,existia
3141801,Minas Novas,2010,true,,,existia
3141900,Minduri,2010,true,,,existia
3142007,Mirabela,2010,true,,,existia
3142106,Miradouro,2010,true,,,existia
3142205,Miraí,2010,true,,,existia
3142254,Miravânia,2010,true,,,existia
3142304,Moeda,2010,true,,,existia
3142403,Moema,2010,true,,,existia
3142502,Monjolos,2010,true,,,existia
3142601,Monsenhor Paulo,2010,true,,,existia
3142700,Montalvânia,2010,true,,,existia
3142809,Monte Alegre de Minas,2010,true,,,existia
3142908,Monte Azul,2010,true,,,existia
3143005,Monte Belo,2010,true,,,existia
3143104,Monte Carmelo,2010,true,,,existia
3143153,Monte Formoso,2010,true,,,existia
3143203,Monte Santo de Minas,2010,true,,,existia
3143302,Montes Claros,2010,true,,,existia
3143401,Monte Sião,2010,true,,,existia
3143450,Montezuma,2010,true,,,existia
3143500,Morada Nova de Minas,2010,true,,,existia
3143609,Morro da Garça,2010,true,,,existia
3143708,Morro do Pilar,2010,true,,,existia
3143807,Munhoz,2010,true,,,existia
3143906,Muriaé,2010,true,,,existia
3144003,Mutum,2010,true,,,existia
3144102,Muzambinho,2010,true,,,existia
3144201,Nacip Raydan,2010,true,,,existia
3144300,Nanuque,2010,true,,,existia
3144359,Naque,2010,true,,,existia
3144375,Natalândia,2010,true,,,existia
3144409,Natércia,2010,true,,,existia
3144508,Nazareno,2010,true,,,existia
3144607,Nepomuceno,2010,true,,,existia
3144656,Ninheira,2010,true,,,existia
3144672,Nova Belém,2010,true,,,existia
3144706,Nova Era,2010,true,,,existia
3144805,Nova Lima,2010,true,,,existia
3144904,Nova Módica,2010,true,,,existia
3145000,Nova Ponte,2010,true,,,existia
3145059,Nova Porteirinha,2010,true,,,existia
3145109,Nova Resende,2010,true,,,existia
3145208,Nova Serrana,2010,true,,,existia
3145307,Novo Cruzeiro,2010,true,,,existia
3145356,Novo Oriente de Minas,2010,true,,,existia
3145372,Novorizonte,2010,true,,,existia
3145406,Olaria,2010,true,,,existia
3145455,Olhos-d'Água,2010,true,,,existia
3145505,Olímpio Noronha,2010,true,,,existia
3145604,Oliveira,2010,true,,,existia
3145703,Oliveira Fortes,2010,true,,,existia
3145802,Onça de Pitangui,2010,true,,,existia
3145851,Oratórios,2010,true,,,existia
3145877,Orizânia,2010,true,,,existia
3145901,Ouro Branco,2010,true,,,existia
3146008,Ouro Fino,2010,true,,,existia
3146107,Ouro Preto,2010,true,,,existia
3146206,Ouro Verde de Minas,2010,true,,,existia
3146255,Padre Carvalho,2010,true,,,existia
3146305,Padre Paraíso,2010,true,,,existia
3146404,Paineiras,2010,true,,,existia
3146503,Pains,2010,true,,,existia
3146552,Pai Pedro,2010,true,,,existia
3146602,Paiva,2010,true,,,existia
3146701,Palma,2010,true,,,existia
3146750,Palmópolis,2010,true,,,existia
3146909,Papagaios,2010,true,,,existia
3147006,Paracatu,2010,true,,,existia
3147105,Pará de Minas,2010,true,,,existia
3147204,Paraguaçu,2010,true,,,existia
3147303,Paraisópolis,2010,true,,,existia
3147402,Paraopeba,2010,true,,,existia
3147501,Passabém,2010,true,,,existia
3147600,Passa Quatro,2010,true,,,existia
3147709,Passa Tempo,2010,true,,,existia
3147808,Passa Vinte,2010,true,,,existia
3147907,Passos,2010,true,,,existia
3147956,Patis,2010,true,,,existia
3148004,Patos de Minas,2010,true,,,existia
3148103,Patrocínio,2010,true,,,existia
3148202,Patrocínio do Muriaé,2010,true,,,existia
3148301,Paula Cândido,2010,true,,,existia
3148400,Paulistas,2010,true,,,existia
3148509,Pavão,2010,true,,,existia
3148608,Peçanha,2010,true,,,existia
3148707,Pedra Azul,2010,true,,,existia
3148756,Pedra Bonita,2010,true,,,existia
3148806,Pedra do Anta,2010,true,,,existia
3148905,Pedra do Indaiá,2010,true,,,existia
3149002,Pedra Dourada,2010,true,,,existia
3149101,Pedralva,2010,true,,,existia
3149150,Pedras de Maria da Cruz,2010,true,,,existia
3149200,Pedrinópolis,2010,true,,,existia
3149309,Pedro Leopoldo,2010,true,,,existia
3149408,Pedro Teixeira,2010,true,,,existia
3149507,Pequeri,2010,true,,,existia
3149606,Pequi,2010,true,,,existia
3149705,Perdigão,2010,true,,,existia
3149804,Perdizes,2010,true,,,existia
3149903,Perdões,2010,true,,,existia
3149952,Periquito,2010,true,,,existia
3150000,Pescador,2010,true,,,existia
3150109,Piau,2010,true,,,existia
3150158,Piedade de Caratinga,2010,true,,,existia
3150208,Piedade de Ponte Nova,2010,true,,,existia
3150307,Piedade do Rio Grande,2010,true,,,existia
3150406,Piedade dos Gerais,2010,true,,,existia
3150505,Pimenta,2010,true,,,existia
3150539,Pingo-d'Água,2010,true,,,existia
3150570,Pintópolis,2010,true,,,existia
3150604,Piracema,2010,true,,,existia
3150703,Pirajuba,2010,true,,,existia
3150802,Piranga,2010,true,,,existia
3150901,Piranguçu,2010,true,,,existia
3151008,Piranguinho,2010,true,,,existia
3151107,Pirapetinga,2010,true,,,existia
3151206,Pirapora,2010,true,,,existia
3151305,Piraúba,2010,true,,,existia
3151404,Pitangui,2010,true,,,existia
3151503,Piumhi,2010,true,,,existia
3151602,Planura,2010,true,,,existia
3151701,Poço Fundo,2010,true,,,existia
3151800,Poços de Caldas,2010,true,,,existia
3151909,Pocrane,2010,true,,,existia
3152006,Pompéu,2010,true,,,existia
3152105,Ponte Nova,2010,true,,,existia
3152131,Ponto Chique,2010,true,,,existia
3152170,Ponto dos Volantes,2010,true,,,existia
3152204,Porteirinha,2010,true,,,existia
3152303,Porto Firme,2010,true,,,existia
3152402,Poté,2010,true,,,existia
3152501,Pouso Alegre,2010,true,,,existia
3152600,Pouso Alto,2010,true,,,existia
3152709,Prados,2010,true,,,existia
3152808,Prata,2010,true,,,existia
3152907,Pratápolis,2010,true,,,existia
3153004,Pratinha,2010,true,,,existia
3153103,Presidente Bernardes,2010,true,,,existia
3153202,Presidente Juscelino,2010,true,,,existia
3153301,Presidente Kubitschek,2010,true,,,existia
3153400,Presidente Olegário,2010,true,,,existia
3153509,Alto Jequitibá,2010,true,,,existia
3153608,Prudente de Morais,2010,true,,,existia
3153707,Quartel Geral,2010,true,,,existia
3153806,Queluzito,2010,true,,,existia
3153905,Raposos,2010,true,,,existia
3154002,Raul Soares,2010,true,,,existia
3154101,Recreio,2010,true,,,existia
3154150,Reduto,2010,true,,,existia
3154200,Resende Costa,2010,true,,,existia
3154309,Resplendor,2010,true,,,existia
3154408,Ressaquinha,2010,true,,,existia
3154457,Riachinho,2010,true,,,existia
3154507,Riacho dos Machados,2010,true,,,existia
3154606,Ribeirão das Neves,2010,true,,,existia
3154705,Ribeirão Vermelho,2010,true,,,existia
3154804,Rio Acima,2010,true,,,existia
3154903,Rio Casca,2010,true,,,existia
3155009,Rio Doce,2010,true,,,existia
3155108,Rio do Prado,2010,true,,,existia
3155207,Rio Espera,2010,true,,,existia
3155306,Rio Manso,2010,true,,,existia
3155405,Rio Novo,2010,true,,,existia
3155504,Rio Paranaíba,2010,true,,,existia
3155603,Rio Pardo de Minas,2010,true,,,existia
3155702,Rio Piracicaba,2010,true,,,existia
3155801,Rio Pomba,2010,true,,,existia
3155900,Rio Preto,2010,true,,,existia
3156007,Rio Vermelho,2010,true,,,existia
3156106,Ritápolis,2010,true,,,existia
3156205,Rochedo de Minas,2010,true,,,existia
3156304,Rodeiro,2010,true,,,existia
3156403,Romaria,2010,true,,,existia
3156452,Rosário da Limeira,2010,true,,,existia
3156502,Rubelita,2010,true,,,existia
3156601,Rubim,2010,true,,,existia
3156700,Sabará,2010,true,,,existia
3156809,Sabinópolis,2010,true,,,existia
3156908,Sacramento,2010,true,,,existia
3157005,Salinas,2010,true,,,existia
3157104,Salto da Divisa,2010,true,,,existia
3157203,Santa Bárbara,2010,true,,,existia
3157252,Santa Bárbara do Leste,2010,true,,,existia
3157278,Santa Bárbara do Monte Verde,2010,true,,,existia
3157302,Santa Bárbara do Tugúrio,2010,true,,,existia
3157336,Santa Cruz de Minas,2010,true,,,existia
3157377,Santa Cruz de Salinas,2010,true,,,existia
3157401,Santa Cruz do Escalvado,2010,true,,,existia
3157500,Santa Efigênia de Minas,2010,true,,,existia
3157609,Santa Fé de Minas,2010,true,,,existia
3157658,Santa Helena de Minas,2010,true,,,existia
3157708,Santa Juliana,2010,true,,,existia
3157807,Santa Luzia,2010,true,,,existia
3157906,Santa Margarida,2010,true,,,existia
3158003,Santa Maria de Itabira,2010,true,,,existia
3158102,Santa Maria do Salto,2010,true,,,existia
3158201,Santa Maria do Suaçuí,2010,true,,,existia
3158300,Santana da Vargem,2010,true,,,existia
3158409,Santana de Cataguases,2010,true,,,existia
3158508,Santana de Pirapama,2010,true,,,existia
3158607,Santana do Deserto,2010,true,,,existia
3158706,Santana do Garambéu,2010,true,,,existia
3158805,Santana do Jacaré,2010,true,,,existia
3158904,Santana do Manhuaçu,2010,true,,,existia
3158953,Santana do Paraíso,2010,true,,,existia
3159001,Santana do Riacho,2010,true,,,existia
3159100,Santana dos Montes,2010,true,,,existia
3159209,Santa Rita de Caldas,2010,true,,,existia
3159308,Santa Rita de Jacutinga,2010,true,,,existia
3159357,Santa Rita de Minas,2010,true,,,existia
3159407,Santa Rita de Ibitipoca,2010,true,,,existia
3159506,Santa Rita do Itueto,2010,true,,,existia
3159605,Santa Rita do Sapucaí,2010,true,,,existia
3159704,Santa Rosa da Serra,2010,true,,,existia
3159803,Santa Vitória,2010,true,,,existia
3159902,Santo Antônio do Amparo,2010,true,,,existia
3160009,Santo Antônio do Aventureiro,2010,true,,,existia
3160108,Santo Antônio do Grama,2010,true,,,existia
3160207,Santo Antônio do Itambé,2010,true,,,existia
3160306,Santo Antônio do Jacinto,2010,true,,,existia
3160405,Santo Antônio do Monte,2010,true,,,existia
3160454,Santo Antônio do Retiro,2010,true,,,existia
3160504,Santo Antônio do Rio Abaixo,2010,true,,,existia
3160603,Santo Hipólito,2010,true,,,existia
3160702,Santos Dumont,2010,true,,,existia
3160801,São Bento Abade,2010,true,,,existia
3160900,São Brás do Suaçuí,2010,true,,,existia
3160959,São Domingos das Dores,2010,true,,,existia
3161007,São Domingos do Prata,2010,true,,,existia
3161056,São Félix de Minas,2010,true,,,existia
3161106,São Francisco,2010,true,,,existia
3161205,São Francisco de Paula,2010,true,,,existia
3161304,São Francisco de Sales,2010,true,,,existia
3161403,São Francisco do Glória,2010,true,,,existia
3161502,São Geraldo,2010,true,,,existia
3161601,São Geraldo da Piedade,2010,true,,,existia
3161650,São Geraldo do Baixio,2010,true,,,existia
3161700,São Gonçalo do Abaeté,2010,true,,,existia
3161809,São Gonçalo do Pará,2010,true,,,existia
3161908,São Gonçalo do Rio Abaixo,2010,true,,,existia
3162005,São Gonçalo do Sapucaí,2010,true,,,existia
3162104,São Gotardo,2010,true,,,existia
3162203,São João Batista do Glória,2010,true,,,existia
3162252,São João da Lagoa,2010,true,,,existia
3162302,São João da Mata,2010,true,,,existia
3162401,São João da Ponte,2010,true,,,existia
3162450,São João das Missões,2010,true,,,existia
3162500,São João del Rei,2010,true,,,existia
3162559,São João do Manhuaçu,2010,true,,,existia
3162575,São João do Manteninha,2010,true,,,existia
3162609,São João do Oriente,2010,true,,,existia
3162658,São João do Pacuí,2010,true,,,existia
3162708,São João do Paraíso,2010,true,,,existia
3162807,São João Evangelista,2010,true,,,existia
3162906,São João Nepomuceno,2010,true,,,existia
3162922,São Joaquim de Bicas,2010,true,,,existia
3162948,São José da Barra,2010,true,,,existia
3162955,São José da Lapa,2010,true,,,existia
3163003,São José da Safira,2010,true,,,existia
3163102,São José da Varginha,2010,true,,,existia
3163201,São José do Alegre,2010,true,,,existia
3163300,São José do Divino,2010,true,,,existia
3163409,São José do Goiabal,2010,true,,,existia
3163508,São José do Jacuri,2010,true,,,existia
3163607,São José do Mantimento,2010,true,,,existia
3163706,São Lourenço,2010,true,,,existia
3163805,São Miguel do Anta,2010,true,,,existia
3163904,São Pedro da União,2010,true,,,existia
3164001,São Pedro dos Ferros,2010,true,,,existia
3164100,São Pedro do Suaçuí,2010,true,,,existia
3164209,São Romão,2010,true,,,existia
3164308,São Roque de Minas,2010,true,,,existia
3164407,São Sebastião da Bela Vista,2010,true,,,existia
3164431,São Sebastião da Vargem Alegre,2010,true,,,existia
3164472,São Sebastião do Anta,2010,true,,,existia
3164506,São Sebastião do Maranhão,2010,true,,,existia
3164605,São Sebastião do Oeste,2010,true,,,existia
3164704,São Sebastião do Paraíso,2010,true,,,existia
3164803,São Sebastião do Rio Preto,2010,true,,,existia
3164902,São Sebastião do Rio Verde,2010,true,,,existia
3165008,São Tiago,2010,true,,,existia
3165107,São Tomás de Aquino,2010,true,,,existia
3165206,São Tomé das Letras,2010,true,,,existia
3165305,São Vicente de Minas,2010,true,,,existia
3165404,Sapucaí-Mirim,2010,true,,,existia
3165503,Sardoá,2010,true,,,existia
3165537,Sarzedo,2010,true,,,existia
3165552,Setubinha,2010,true,,,existia
3165560,Sem-Peixe,2010,true,,,existia
3165578,Senador Amaral,2010,true,,,existia
3165602,Senador Cortes,2010,true,,,existia
3165701,Senador Firmino,2010,true,,,existia
3165800,Senador José Bento,2010,true,,,existia
3165909,Senador Modestino Gonçalves,2010,true,,,existia
3166006,Senhora de Oliveira,2010,true,,,existia
3166105,Senhora do Porto,2010,true,,,existia
3166204,Senhora dos Remédios,2010,true,,,existia
3166303,Sericita,2010,true,,,existia
3166402,Seritinga,2010,true,,,existia
3166501,Serra Azul de Minas,2010,true,,,existia
3166600,Serra da Saudade,2010,true,,,existia
3166709,Serra dos Aimorés,2010,true,,,existia
3166808,Serra do Salitre,2010,true,,,existia
3166907,Serrania,2010,true,,,existia
3166956,Serranópolis de Minas,2010,true,,,existia
3167004,Serranos,2010,true,,,existia
3167103,Serro,2010,true,,,existia
3167202,Sete Lagoas,2010,true,,,existia
3167301,Silveirânia,2010,true,,,existia
3167400,Silvianópolis,2010,true,,,existia
3167509,Simão Pereira,2010,true,,,existia
3167608,Simonésia,2010,true,,,existia
3167707,Sobrália,2010,true,,,existia
3167806,Soledade de Minas,2010,true,,,existia
3167905,Tabuleiro,2010,true,,,existia
3168002,Taiobeiras,2010,true,,,existia
3168051,Taparuba,2010,true,,,existia
3168101,Tapira,2010,true,,,existia
3168200,Tapiraí,2010,true,,,existia
3168309,Taquaraçu de Minas,2010,true,,,existia
3168408,Tarumirim,2010,true,,,existia
3168507,Teixeiras,2010,true,,,existia
3168606,Teófilo Otoni,2010,true,,,existia
3168705,Timóteo,2010,true,,,existia
3168804,Tiradentes,2010,true,,,existia
3168903,Tiros,2010,true,,,existia
3169000,Tocantins,2010,true,,,existia
3169059,Tocos do Moji,2010,true,,,existia
3169109,Toledo,2010,true,,,existia
3169208,Tombos,2010,true,,,existia
3169307,Três Corações,2010,true,,,existia
3169356,Três Marias,2010,true,,,existia
3169406,Três Pontas,2010,true,,,existia
3169505,Tumiritinga,2010,true,,,existia
3169604,Tupaciguara,2010,true,,,existia
3169703,Turmalina,2010,true,,,existia
3169802,Turvolândia,2010,true,,,existia
3169901,Ubá,2010,true,,,existia
3170008,Ubaí,2010,true,,,existia
3170057,Ubaporanga,2010,true,,,existia
3170107,Uberaba,2010,true,,,existia
3170206,Uberlândia,2010,true,,,existia
3170305,Umburatiba,2010,true,,,existia
3170404,Unaí,2010,true,,,existia
3170438,União de Minas,2010,true,,,existia
3170479,Uruana de Minas,2010,true,,,existia
3170503,Urucânia,2010,true,,,existia
3170529,Urucuia,2010,true,,,existia
3170578,Vargem Alegre,2010,true,,,existia
3170602,Vargem Bonita,2010,true,,,existia
3170651,Vargem Grande do Rio Pardo,2010,true,,,existia
3170701,Varginha,2010,true,,,existia
3170750,Varjão de Minas,2010,true,,,existia
3170800,Várzea da Palma,2010,true,,,existia
3170909,Varzelândia,2010,true,,,existia
3171006,Vazante,2010,true,,,existia
3171030,Verdelândia,2010,true,,,existia
3171071,Veredinha,2010,true,,,existia
3171105,Veríssimo,2010,true,,,existia
3171154,Vermelho Novo,2010,true,,,existia
3171204,Vespasiano,2010,true,,,existia
3171303,Viçosa,2010,true,,,existia
3171402,Vieiras,2010,true,,,existia
3171501,Mathias Lobato,2010,true,,,existia
3171600,Virgem da Lapa,2010,true,,,existia
3171709,Virgínia,2010,true,,,existia
3171808,Virginópolis,2010,true,,,existia
3171907,Virgolândia,2010,true,,,existia
3172004,Visconde do Rio Branco,2010,true,,,existia
3172103,Volta Grande,2010,true,,,existia
3172202,Wenceslau Braz,2010,true,,,existia
3200102,Afonso Cláudio,2010,true,,,existia
3200136,Águia Branca,2010,true,,,existia
3200169,Água Doce do Norte,2010,true,,,existia
3200201,Alegre,2010,true,,,existia
3200300,Alfredo Chaves,2010,true,,,existia
3200359,Alto Rio Novo,2010,true,,,existia
3200409,Anchieta,2010,true,,,existia
3200508,Apiacá,2010,true,,,existia
3200607,Aracruz,2010,true,,,existia
3200706,Atílio Vivácqua,2010,true,,,existia
3200805,Baixo Guandu,2010,true,,,existia
3200904,Barra de São Francisco,2010,true,,,existia
3201001,Boa Esperança,2010,true,,,existia
3201100,Bom Jesus do Norte,2010,true,,,existia
3201159,Brejetuba,2010,true,,,existia
3201209,Cachoeiro de Itapemirim,2010,true,,,existia
3201308,Cariacica,2010,true,,,existia
3201407,Castelo,2010,true,,,existia
3201506,Colatina,2010,true,,,existia
3201605,Conceição da Barra,2010,true,,,existia
3201704,Conceição do Castelo,2010,true,,,existia
3201803,Divino de São Lourenço,2010,true,,,existia
3201902,Domingos Martins,2010,true,,,existia
3202009,Dores do Rio Preto,2010,true,,,existia
3202108,Ecoporanga,2010,true,,,existia
3202207,Fundão,2010,true,,,existia
3202256,Governador Lindenberg,2010,true,,,existia
3202306,Guaçuí,2010,true,,,existia
3202405,Guarapari,2010,true,,,existia
3202454,Ibatiba,2010,true,,,existia
3202504,Ibiraçu,2010,true,,,existia
3202553,Ibitirama,2010,true,,,existia
3202603,Iconha,2010,true,,,existia
3202652,Irupi,2010,true,,,existia
3202702,Itaguaçu,2010,true,,,existia
3202801,Itapemirim,2010,true,,,existia
3202900,Itarana,2010,true,,,existia
3203007,Iúna,2010,true,,,existia
3203056,Jaguaré,2010,true,,,existia
3203106,Jerônimo Monteiro,2010,true,,,existia
3203130,João Neiva,2010,true,,,existia
3203163,Laranja da Terra,2010,true,,,existia
3203205,Linhares,2010,true,,,existia
3203304,Mantenópolis,2010,true,,,existia
3203320,Marataízes,2010,true,,,existia
3203346,Marechal Floriano,2010,true,,,existia
3203353,Marilândia,2010,true,,,existia
3203403,Mimoso do Sul,2010,true,,,existia
3203502,Montanha,2010,true,,,existia
3203601,Mucurici,2010,true,,,existia
3203700,Muniz Freire,2010,true,,,existia
3203809,Muqui,2010,true,,,existia
3203908,Nova Venécia,2010,true,,,existia
3204005,Pancas,2010,true,,,existia
3204054,Pedro Canário,2010,true,,,existia
3204104,Pinheiros,2010,true,,,existia
3204203,Piúma,2010,true,,,existia
3204252,Ponto Belo,2010,true,,,existia
3204302,Presidente Kennedy,2010,true,,,existia
3204351,Rio Bananal,2010,true,,,existia
3204401,Rio Novo do Sul,2010,true,,,existia
3204500,Santa Leopoldina,2010,true,,,existia
3204559,Santa Maria de Jetibá,2010,true,,,existia
3204609,Santa Teresa,2010,true,,,existia
3204658,São Domingos do Norte,2010,true,,,existia
3204708,São Gabriel da Palha,2010,true,,,existia
3204807,São José do Calçado,2010,true,,,existia
3204906,São Mateus,2010,true,,,existia
3204955,São Roque do Canaã,2010,true,,,existia
3205002,Serra,2010,true,,,existia
3205010,Sooretama,2010,true,,,existia
3205036,Vargem Alta,2010,true,,,existia
3205069,Venda Nova do Imigrante,2010,true,,,existia
3205101,Viana,2010,true,,,existia
3205150,Vila Pavão,2010,true,,,existia
3205176,Vila Valério,2010,true,,,existia
3205200,Vila Velha,2010,true,,,existia
3205309,Vitória,2010,true,,,existia
3300100,Angra dos Reis,2010,true,,,existia
3300159,Aperibé,2010,true,,,existia
3300209,Araruama,2010,true,,,existia
3300225,Areal,2010,true,,,existia
3300233,Armação dos Búzios,2010,true,,,existia
3300258,Arraial do Cabo,2010,true,,,existia
3300308,Barra do Piraí,2010,true,,,existia
3300407,Barra Mansa,2010,true,,,existia
3300456,Belford Roxo,2010,true,,,existia
3300506,Bom Jardim,2010,true,,,existia
3300605,Bom Jesus do Itabapoana,2010,true,,,existia
3300704,Cabo Frio,2010,true,,,existia
3300803,Cachoeiras de Macacu,2010,true,,,existia
3300902,Cambuci,2010,true,,,existia
3300936,Carapebus,2010,true,,,existia
3300951,Comendador Levy Gasparian,2010,true,,,existia
3301009,Campos dos Goytacazes,2010,true,,,existia
3301108,Cantagalo,2010,true,,,existia
3301157,Cardoso Moreira,2010,true,,,existia
3301207,Carmo,2010,true,,,existia
3301306,Casimiro de Abreu,2010,true,,,existia
3301405,Conceição de Macabu,2010,true,,,existia
3301504,Cordeiro,2010,true,,,existia
3301603,Duas Barras,2010,true,,,existia
3301702,Duque de Caxias,2010,true,,,existia
3301801,Engenheiro Paulo de Frontin,2010,true,,,existia
3301850,Guapimirim,2010,true,,,existia
3301876,Iguaba Grande,2010,true,,,existia
3301900,Itaboraí,2010,true,,,existia
3302007,Itaguaí,2010,true,,,existia
3302056,Italva,2010,true,,,existia
3302106,Itaocara,2010,true,,,existia
3302205,Itaperuna,2010,true,,,existia
3302254,Itatiaia,2010,true,,,existia
3302270,Japeri,2010,true,,,existia
3302304,Laje do Muriaé,2010,true,,,existia
3302403,Macaé,2010,true,,,existia
3302452,Macuco,2010,true,,,existia
3302502,Magé,2010,true,,,existia
3302601,Mangaratiba,2010,true,,,existia
3302700,Maricá,2010,true,,,existia
3302809,Mendes,2010,true,,,existia
3302858,Mesquita,2010,true,,,existia
3302908,Miguel Pereira,2010,true,,,existia
3303005,Miracema,2010,true,,,existia
3303104,Natividade,2010,true,,,existia
3303203,Nilópolis,2010,true,,,existia
3303302,Niterói,2010,true,,,existia
3303401,Nova Friburgo,2010,true,,,existia
3303500,Nova Iguaçu,2010,true,,,existia
3303609,Paracambi,2010,true,,,existia
3303708,Paraíba do Sul,2010,true,,,existia
3303807,Paraty,2010,true,,,existia
3303856,Paty do Alferes,2010,true,,,existia
3303906,Petrópolis,2010,true,,,existia
3303955,Pinheiral,2010,true,,,existia
3304003,Piraí,2010,true,,,existia
3304102,Porciúncula,2010,true,,,existia
3304110,Porto Real,2010,true,,,existia
3304128,Quatis,2010,true,,,existia
3304144,Queimados,2010,true,,,existia
3304151,Quissamã,2010,true,,,existia
3304201,Resende,2010,true,,,existia
3304300,Rio Bonito,2010,true,,,existia
3304409,Rio Claro,2010,true,,,existia
3304508,Rio das Flores,2010,true,,,existia
3304524,Rio das Ostras,2010,true,,,existia
3304557,Rio de Janeiro,2010,true,,,existia
3304607,Santa Maria Madalena,2010,true,,,existia
3304706,Santo Antônio de Pádua,2010,true,,,existia
3304755,São Francisco de Itabapoana,2010,true,,,existia
3304805,São Fidélis,2010,true,,,existia
3304904,São Gonçalo,2010,true,,,existia
3305000,São João da Barra,2010,true,,,existia
3305109,São João de Meriti,2010,true,,,existia
3305133,São José de Ubá,2010,true,,,existia
3305158,São José do Vale do Rio Preto,2010,true,,,existia
3305208,São Pedro da Aldeia,2010,true,,,existia
3305307,São Sebastião do Alto,2010,true,,,existia
3305406,Sapucaia,2010,true,,,existia
3305505,Saquarema,2010,true,,,existia
3305554,Seropédica,2010,true,,,existia
3305604,Silva Jardim,2010,true,,,existia
3305703,Sumidouro,2010,true,,,existia
3305752,Tanguá,2010,true,,,existia
3305802,Teresópolis,2010,true,,,existia
3305901,Trajano de Moraes,2010,true,,,existia
3306008,Três Rios,2010,true,,,existia
3306107,Valença,2010,true,,,existia
3306156,Varre-Sai,2010,true,,,existia
3306206,Vassouras,2010,true,,,existia
3306305,Volta Redonda,2010,true,,,existia
3500105,Adamantina,2010,true,,,existia
3500204,Adolfo,2010,true,,,existia
3500303,Aguaí,2010,true,,,existia
3500402,Águas da Prata,2010,true,,,existia
3500501,Águas de Lindóia,2010,true,,,existia
3500550,Águas de Santa Bárbara,2010,true,,,existia
3500600,Águas de São Pedro,2010,true,,,existia
3500709,Agudos,2010,true,,,existia
3500758,Alambari,2010,true,,,existia
3500808,Alfredo Marcondes,2010,true,,,existia
3500907,Altair,2010,true,,,existia
3501004,Altinópolis,2010,true,,,existia
3501103,Alto Alegre,2010,true,,,existia
3501152,Alumínio,2010,true,,,existia
3501202,Álvares Florence,2010,true,,,existia
3501301,Álvares Machado,2010,true,,,existia
3501400,Álvaro de Carvalho,2010,true,,,existia
3501509,Alvinlândia,2010,true,,,existia
3501608,Americana,2010,true,,,existia
3501707,Américo Brasiliense,2010,true,,,existia
3501806,Américo de Campos,2010,true,,,existia
3501905,Amparo,2010,true,,,existia
3502002,Analândia,2010,true,,,existia
3502101,Andradina,2010,true,,,existia
3502200,Angatuba,2010,true,,,existia
3502309,Anhembi,2010,true,,,existia
3502408,Anhumas,2010,true,,,existia
3502507,Aparecida,2010,true,,,existia
3502606,Aparecida d'Oeste,2010,true,,,existia
3502705,Apiaí,2010,true,,,existia
3502754,Araçariguama,2010,true,,,existia
3502804,Araçatuba,2010,true,,,existia
3502903,Araçoiaba da Serra,2010,true,,,existia
3503000,Aramina,2010,true,,,existia
3503109,Arandu,2010,true,,,existia
3503158,Arapeí,2010,true,,,existia
3503208,Araraquara,2010,true,,,existia
3503307,Araras,2010,true,,,existia
3503356,Arco-Íris,2010,true,,,existia
3503406,Arealva,2010,true,,,existia
3503505,Areias,2010,true,,,existia
3503604,Areiópolis,2010,true,,,existia
3503703,Ariranha,2010,true,,,existia
3503802,Artur Nogueira,2010,true,,,existia
3503901,Arujá,2010,true,,,existia
3503950,Aspásia,2010,true,,,existia
3504008,Assis,2010,true,,,existia
3504107,Atibaia,2010,true,,,existia
3504206,Auriflama,2010,true,,,existia
3504305,Avaí,2010,true,,,existia
3504404,Avanhandava,2010,true,,,existia
3504503,Avaré,2010,true,,,existia
3504602,Bady Bassitt,2010,true,,,existia
3504701,Balbinos,2010,true,,,existia
3504800,Bálsamo,2010,true,,,existia
3504909,Bananal,2010,true,,,existia
3505005,Barão de Antonina,2010,true,,,existia
3505104,Barbosa,2010,true,,,existia
3505203,Bariri,2010,true,,,existia
3505302,Barra Bonita,2010,true,,,existia
3505351,Barra do Chapéu,2010,true,,,existia
3505401,Barra do Turvo,2010,true,,,existia
3505500,Barretos,2010,true,,,existia
3505609,Barrinha,2010,true,,,existia
3505708,Barueri,2010,true,,,existia
3505807,Bastos,2010,true,,,existia
3505906,Batatais,2010,true,,,existia
3506003,Bauru,2010,true,,,existia
3506102,Bebedouro,2010,true,,,existia
3506201,Bento de Abreu,2010,true,,,existia
3506300,Bernardino de Campos,2010,true,,,existia
3506359,Bertioga,2010,true,,,existia
3506409,Bilac,2010,true,,,existia
3506508,Birigui,2010,true,,,existia
3506607,Biritiba Mirim,2010,true,,,existia
3506706,Boa Esperança do Sul,2010,true,,,existia
3506805,Bocaina,2010,true,,,existia
3506904,Bofete,2010,true,,,existia
3507001,Boituva,2010,true,,,existia
3507100,Bom Jesus dos Perdões,2010,true,,,existia
3507159,Bom Sucesso de Itararé,2010,true,,,existia
3507209,Borá,2010,true,,,existia
3507308,Boracéia,2010,true,,,existia
3507407,Borborema,2010,true,,,existia
3507456,Borebi,2010,true,,,existia
3507506,Botucatu,2010,true,,,existia
3507605,Bragança Paulista,2010,true,,,existia
3507704,Braúna,2010,true,,,existia
3507753,Brejo Alegre,2010,true,,,existia
3507803,Brodowski,2010,true,,,existia
3507902,Brotas,2010,true,,,existia
3508009,Buri,2010,true,,,existia
3508108,Buritama,2010,true,,,existia
3508207,Buritizal,2010,true,,,existia
3508306,Cabrália Paulista,2010,true,,,existia
3508405,Cabreúva,2010,true,,,existia
3508504,Caçapava,2010,true,,,existia
3508603,Cachoeira Paulista,2010,true,,,existia
3508702,Caconde,2010,true,,,existia
3508801,Cafelândia,2010,true,,,existia
3508900,Caiabu,2010,true,,,existia
3509007,Caieiras,2010,true,,,existia
3509106,Caiuá,2010,true,,,existia
3509205,Cajamar,2010,true,,,existia
3509254,Cajati,2010,true,,,existia
3509304,Cajobi,2010,true,,,existia
3509403,Cajuru,2010,true,,,existia
3509452,Campina do Monte Alegre,2010,true,,,existia
3509502,Campinas,2010,true,,,existia
3509601,Campo Limpo Paulista,2010,true,,,existia
3509700,Campos do Jordão,2010,true,,,existia
3509809,Campos Novos Paulista,2010,true,,,existia
3509908,Cananéia,2010,true,,,existia
3509957,Canas,2010,true,,,existia
3510005,Cândido Mota,2010,true,,,existia
3510104,Cândido Rodrigues,2010,true,,,existia
3510153,Canitar,2010,true,,,existia
3510203,Capão Bonito,2010,true,,,existia
3510302,Capela do Alto,2010,true,,,existia
3510401,Capivari,2010,true,,,existia
3510500,Caraguatatuba,2010,true,,,existia
3510609,Carapicuíba,2010,true,,,existia
3510708,Cardoso,2010,true,,,existia
3510807,Casa Branca,2010,true,,,existia
3510906,Cássia dos Coqueiros,2010,true,,,existia
3511003,Castilho,2010,true,,,existia
3511102,Catanduva,2010,true,,,existia
3511201,Catiguá,2010,true,,,existia
3511300,Cedral,2010,true,,,existia
3511409,Cerqueira César,2010,true,,,existia
3511508,Cerquilho,2010,true,,,existia
3511607,Cesário Lange,2010,true,,,existia
3511706,Charqueada,2010,true,,,existia
3511904,Clementina,2010,true,,,existia
3512001,Colina,2010,true,,,existia
3512100,Colômbia,2010,true,,,existia
3512209,Conchal,2010,true,,,existia
3512308,Conchas,2010,true,,,existia
3512407,Cordeirópolis,2010,true,,,existia
3512506,Coroados,2010,true,,,existia
3512605,Coronel Macedo,2010,true,,,existia
3512704,Corumbataí,2010,true,,,existia
3512803,Cosmópolis,2010,true,,,existia
3512902,Cosmorama,2010,true,,,existia
3513009,Cotia,2010,true,,,existia
3513108,Cravinhos,2010,true,,,existia
3513207,Cristais Paulista,2010,true,,,existia
3513306,Cruzália,2010,true,,,existia
3513405,Cruzeiro,2010,true,,,existia
3513504,Cubatão,2010,true,,,existia
3513603,Cunha,2010,true,,,existia
3513702,Descalvado,2010,true,,,existia
3513801,Diadema,2010,true,,,existia
3513850,Dirce Reis,2010,true,,,existia
3513900,Divinolândia,2010,true,,,existia
3514007,Dobrada,2010,true,,,existia
3514106,Dois Córregos,2010,true,,,existia
3514205,Dolcinópolis,2010,true,,,existia
3514304,Dourado,2010,true,,,existia
3514403,Dracena,2010,true,,,existia
3514502,Duartina,2010,true,,,existia
3514601,Dumont,2010,true,,,existia
3514700,Echaporã,2010,true,,,existia
3514809,Eldorado,2010,true,,,existia
3514908,Elias Fausto,2010,true,,,existia
3514924,Elisiário,2010,true,,,existia
3514957,Embaúba,2010,true,,,existia
3515004,Embu das Artes,2010,true,,,existia
3515103,Embu-Guaçu,2010,true,,,existia
3515129,Emilianópolis,2010,true,,,existia
3515152,Engenheiro Coelho,2010,true,,,existia
3515186,Espírito Santo do Pinhal,2010,true,,,existia
3515194,Espírito Santo do Turvo,2010,true,,,existia
3515202,Estrela d'Oeste,2010,true,,,existia
3515301,Estrela do Norte,2010,true,,,existia
3515350,Euclides da Cunha Paulista,2010,true,,,existia
3515400,Fartura,2010,true,,,existia
3515509,Fernandópolis,2010,true,,,existia
3515608,Fernando Prestes,2010,true,,,existia
3515657,Fernão,2010,true,,,existia
3515707,Ferraz de Vasconcelos,2010,true,,,existia
3515806,Flora Rica,2010,true,,,existia
3515905,Floreal,2010,true,,,existia
3516002,Flórida Paulista,2010,true,,,existia
3516101,Florínea,2010,true,,,existia
3516200,Franca,2010,true,,,existia
3516309,Francisco Morato,2010,true,,,existia
3516408,Franco da Rocha,2010,true,,,existia
3516507,Gabriel Monteiro,2010,true,,,existia
3516606,Gália,2010,true,,,existia
3516705,Garça,2010,true,,,existia
3516804,Gastão Vidigal,2010,true,,,existia
3516853,Gavião Peixoto,2010,true,,,existia
3516903,General Salgado,2010,true,,,existia
3517000,Getulina,2010,true,,,existia
3517109,Glicério,2010,true,,,existia
3517208,Guaiçara,2010,true,,,existia
3517307,Guaimbê,2010,true,,,existia
3517406,Guaíra,2010,true,,,existia
3517505,Guapiaçu,2010,true,,,existia
3517604,Guapiara,2010,true,,,existia
3517703,Guará,2010,true,,,existia
3517802,Guaraçaí,2010,true,,,existia
3517901,Guaraci,2010,true,,,existia
3518008,Guarani d'Oeste,2010,true,,,existia
3518107,Guarantã,2010,true,,,existia
3518206,Guararapes,2010,true,,,existia
3518305,Guararema,2010,true,,,existia
3518404,Guaratinguetá,2010,true,,,existia
3518503,Guareí,2010,true,,,existia
3518602,Guariba,2010,true,,,existia
3518701,Guarujá,2010,true,,,existia
3518800,Guarulhos,2010,true,,,existia
3518859,Guatapará,2010,true,,,existia
3518909,Guzolândia,2010,true,,,existia
3519006,Herculândia,2010,true,,,existia
3519055,Holambra,2010,true,,,existia
3519071,Hortolândia,2010,true,,,existia
3519105,Iacanga,2010,true,,,existia
3519204,Iacri,2010,true,,,existia
3519253,Iaras,2010,true,,,existia
3519303,Ibaté,2010,true,,,existia
3519402,Ibirá,2010,true,,,existia
3519501,Ibirarema,2010,true,,,existia
3519600,Ibitinga,2010,true,,,existia
3519709,Ibiúna,2010,true,,,existia
3519808,Icém,2010,true,,,existia
3519907,Iepê,2010,true,,,existia
3520004,Igaraçu do Tietê,2010,true,,,existia
3520103,Igarapava,2010,true,,,existia
3520202,Igaratá,2010,true,,,existia
3520301,Iguape,2010,true,,,existia
3520400,Ilhabela,2010,true,,,existia
3520426,Ilha Comprida,2010,true,,,existia
3520442,Ilha Solteira,2010,true,,,existia
3520509,Indaiatuba,2010,true,,,existia
3520608,Indiana,2010,true,,,existia
3520707,Indiaporã,2010,true,,,existia
3520806,Inúbia Paulista,2010,true,,,existia
3520905,Ipaussu,2010,true,,,existia
3521002,Iperó,2010,true,,,existia
3521101,Ipeúna,2010,true,,,existia
3521150,Ipiguá,2010,true,,,existia
3521200,Iporanga,2010,true,,,existia
3521309,Ipuã,2010,true,,,existia
3521408,Iracemápolis,2010,true,,,existia
3521507,Irapuã,2010,true,,,existia
3521606,Irapuru,2010,true,,,existia
3521705,Itaberá,2010,true,,,existia
3521804,Itaí,2010,true,,,existia
3521903,Itajobi,2010,true,,,existia
3522000,Itaju,2010,true,,,existia
3522109,Itanhaém,2010,true,,,existia
3522158,Itaoca,2010,true,,,existia
3522208,Itapecerica da Serra,2010,true,,,existia
3522307,Itapetininga,2010,true,,,existia
3522406,Itapeva,2010,true,,,existia
3522505,Itapevi,2010,true,,,existia
3522604,Itapira,2010,true,,,existia
3522653,Itapirapuã Paulista,2010,true,,,existia
3522703,Itápolis,2010,true,,,existia
3522802,Itaporanga,2010,true,,,existia
3522901,Itapuí,2010,true,,,existia
3523008,Itapura,2010,true,,,existia
3523107,Itaquaquecetuba,2010,true,,,existia
3523206,Itararé,2010,true,,,existia
3523305,Itariri,2010,true,,,existia
3523404,Itatiba,2010,true,,,existia
3523503,Itatinga,2010,true,,,existia
3523602,Itirapina,2010,true,,,existia
3523701,Itirapuã,2010,true,,,existia
3523800,Itobi,2010,true,,,existia
3523909,Itu,2010,true,,,existia
3524006,Itupeva,2010,true,,,existia
3524105,Ituverava,2010,true,,,existia
3524204,Jaborandi,2010,true,,,existia
3524303,Jaboticabal,2010,true,,,existia
3524402,Jacareí,2010,true,,,existia
3524501,Jaci,2010,true,,,existia
3524600,Jacupiranga,2010,true,,,existia
3524709,Jaguariúna,2010,true,,,existia
3524808,Jales,2010,true,,,existia
3524907,Jambeiro,2010,true,,,existia
3525003,Jandira,2010,true,,,existia
3525102,Jardinópolis,2010,true,,,existia
3525201,Jarinu,2010,true,,,existia
3525300,Jaú,2010,true,,,existia
3525409,Jeriquara,2010,true,,,existia
3525508,Joanópolis,2010,true,,,existia
3525607,João Ramalho,2010,true,,,existia
3525706,José Bonifácio,2010,true,,,existia
3525805,Júlio Mesquita,2010,true,,,existia
3525854,Jumirim,2010,true,,,existia
3525904,Jundiaí,2010,true,,,existia
3526001,Junqueirópolis,2010,true,,,existia
3526100,Juquiá,2010,true,,,existia
3526209,Juquitiba,2010,true,,,existia
3526308,Lagoinha,2010,true,,,existia
3526407,Laranjal Paulista,2010,true,,,existia
3526506,Lavínia,2010,true,,,existia
3526605,Lavrinhas,2010,true,,,existia
3526704,Leme,2010,true,,,existia
3526803,Lençóis Paulista,2010,true,,,existia
3526902,Limeira,2010,true,,,existia
3527009,Lindóia,2010,true,,,existia
3527108,Lins,2010,true,,,existia
3527207,Lorena,2010,true,,,existia
3527256,Lourdes,2010,true,,,existia
3527306,Louveira,2010,true,,,existia
3527405,Lucélia,2010,true,,,existia
3527504,Lucianópolis,2010,true,,,existia
3527603,Luís Antônio,2010,true,,,existia
3527702,Luiziânia,2010,true,,,existia
3527801,Lupércio,2010,true,,,existia
3527900,Lutécia,2010,true,,,existia
3528007,Macatuba,2010,true,,,existia
3528106,Macaubal,2010,true,,,existia
3528205,Macedônia,2010,true,,,existia
3528304,Magda,2010,true,,,existia
3528403,Mairinque,2010,true,,,existia
3528502,Mairiporã,2010,true,,,existia
3528601,Manduri,2010,true,,,existia
3528700,Marabá Paulista,2010,true,,,existia
3528809,Maracaí,2010,true,,,existia
3528858,Marapoama,2010,true,,,existia
3528908,Mariápolis,2010,true,,,existia
3529005,Marília,2010,true,,,existia
3529104,Marinópolis,2010,true,,,existia
3529203,Martinópolis,2010,true,,,existia
3529302,Matão,2010,true,,,existia
3529401,Mauá,2010,true,,,existia
3529500,Mendonça,2010,true,,,existia
3529609,Meridiano,2010,true,,,existia
3529658,Mesópolis,2010,true,,,existia
3529708,Miguelópolis,2010,true,,,existia
3529807,Mineiros do Tietê,2010,true,,,existia
3529906,Miracatu,2010,true,,,existia
3530003,Mira Estrela,2010,true,,,existia
3530102,Mirandópolis,2010,true,,,existia
3530201,Mirante do Paranapanema,2010,true,,,existia
3530300,Mirassol,2010,true,,,existia
3530409,Mirassolândia,2010,true,,,existia
3530508,Mococa,2010,true,,,existia
3530607,Mogi das Cruzes,2010,true,,,existia
3530706,Mogi Guaçu,2010,true,,,existia
3530805,Mogi Mirim,2010,true,,,existia
3530904,Mombuca,2010,true,,,existia
3531001,Monções,2010,true,,,existia
3531100,Mongaguá,2010,true,,,existia
3531209,Monte Alegre do Sul,2010,true,,,existia
3531308,Monte Alto,2010,true,,,existia
3531407,Monte Aprazível,2010,true,,,existia
3531506,Monte Azul Paulista,2010,true,,,existia
3531605,Monte Castelo,2010,true,,,existia
3531704,Monteiro Lobato,2010,true,,,existia
3531803,Monte Mor,2010,true,,,existia
3531902,Morro Agudo,2010,true,,,existia
3532009,Morungaba,2010,true,,,existia
3532058,Motuca,2010,true,,,existia
3532108,Murutinga do Sul,2010,true,,,existia
3532157,Nantes,2010,true,,,existia
3532207,Narandiba,2010,true,,,existia
3532306,Natividade da Serra,2010,true,,,existia
3532405,Nazaré Paulista,2010,true,,,existia
3532504,Neves Paulista,2010,true,,,existia
3532603,Nhandeara,2010,true,,,existia
3532702,Nipoã,2010,true,,,existia
3532801,Nova Aliança,2010,true,,,existia
3532827,Nova Campina,2010,true,,,existia
3532843,Nova Canaã Paulista,2010,true,,,existia
3532868,Nova Castilho,2010,true,,,existia
3532900,Nova Europa,2010,true,,,existia
3533007,Nova Granada,2010,true,,,existia
3533106,Nova Guataporanga,2010,true,,,existia
3533205,Nova Independência,2010,true,,,existia
3533254,Novais,2010,true,,,existia
3533304,Nova Luzitânia,2010,true,,,existia
3533403,Nova Odessa,2010,true,,,existia
3533502,Novo Horizonte,2010,true,,,existia
3533601,Nuporanga,2010,true,,,existia
3533700,Ocauçu,2010,true,,,existia
3533809,Óleo,2010,true,,,existia
3533908,Olímpia,2010,true,,,existia
3534005,Onda Verde,2010,true,,,existia
3534104,Oriente,2010,true,,,existia
3534203,Orindiúva,2010,true,,,existia
3534302,Orlândia,2010,true,,,existia
3534401,Osasco,2010,true,,,existia
3534500,Oscar Bressane,2010,true,,,existia
3534609,Osvaldo Cruz,2010,true,,,existia
3534708,Ourinhos,2010,true,,,existia
3534757,Ouroeste,2010,true,,,existia
3534807,Ouro Verde,2010,true,,,existia
3534906,Pacaembu,2010,true,,,existia
3535002,Palestina,2010,true,,,existia
3535101,Palmares Paulista,2010,true,,,existia
3535200,Palmeira d'Oeste,2010,true,,,existia
3535309,Palmital,2010,true,,,existia
3535408,Panorama,2010,true,,,existia
3535507,Paraguaçu Paulista,2010,true,,,existia
3535606,Paraibuna,2010,true,,,existia
3535705,Paraíso,2010,true,,,existia
3535804,Paranapanema,2010,true,,,existia
3535903,Paranapuã,2010,true,,,existia
3536000,Parapuã,2010,true,,,existia
3536109,Pardinho,2010,true,,,existia
3536208,Pariquera-Açu,2010,true,,,existia
3536257,Parisi,2010,true,,,existia
3536307,Patrocínio Paulista,2010,true,,,existia
3536406,Paulicéia,2010,true,,,existia
3536505,Paulínia,2010,true,,,existia
3536570,Paulistânia,2010,true,,,existia
3536604,Paulo de Faria,2010,true,,,existia
3536703,Pederneiras,2010,true,,,existia
3536802,Pedra Bela,2010,true,,,existia
3536901,Pedranópolis,2010,true,,,existia
3537008,Pedregulho,2010,true,,,existia
3537107,Pedreira,2010,true,,,existia
3537156,Pedrinhas Paulista,2010,true,,,existia
3537206,Pedro de Toledo,2010,true,,,existia
3537305,Penápolis,2010,true,,,existia
3537404,Pereira Barreto,2010,true,,,existia
3537503,Pereiras,2010,true,,,existia
3537602,Peruíbe,2010,true,,,existia
3537701,Piacatu,2010,true,,,existia
3537800,Piedade,2010,true,,,existia
3537909,Pilar do Sul,2010,true,,,existia
3538006,Pindamonhangaba,2010,true,,,existia
3538105,Pindorama,2010,true,,,existia
3538204,Pinhalzinho,2010,true,,,existia
3538303,Piquerobi,2010,true,,,existia
3538501,Piquete,2010,true,,,existia
3538600,Piracaia,2010,true,,,existia
3538709,Piracicaba,2010,true,,,existia
3538808,Piraju,2010,true,,,existia
3538907,Pirajuí,2010,true,,,existia
3539004,Pirangi,2010,true,,,existia
3539103,Pirapora do Bom Jesus,2010,true,,,existia
3539202,Pirapozinho,2010,true,,,existia
3539301,Pirassununga,2010,true,,,existia
3539400,Piratininga,2010,true,,,existia
3539509,Pitangueiras,2010,true,,,existia
3539608,Planalto,2010,true,,,existia
3539707,Platina,2010,true,,,existia
3539806,Poá,2010,true,,,existia
3539905,Poloni,2010,true,,,existia
3540002,Pompéia,2010,true,,,existia
3540101,Pongaí,2010,true,,,existia
3540200,Pontal,2010,true,,,existia
3540259,Pontalinda,2010,true,,,existia
3540309,Pontes Gestal,2010,true,,,existia
3540408,Populina,2010,true,,,existia
3540507,Porangaba,2010,true,,,existia
3540606,Porto Feliz,2010,true,,,existia
3540705,Porto Ferreira,2010,true,,,existia
3540754,Potim,2010,true,,,existia
3540804,Potirendaba,2010,true,,,existia
3540853,Pracinha,2010,true,,,existia
3540903,Pradópolis,2010,true,,,existia
3541000,Praia Grande,2010,true,,,existia
3541059,Pratânia,2010,true,,,existia
3541109,Presidente Alves,2010,true,,,existia
3541208,Presidente Bernardes,2010,true,,,existia
3541307,Presidente Epitácio,2010,true,,,existia
3541406,Presidente Prudente,2010,true,,,existia
3541505,Presidente Venceslau,2010,true,,,existia
3541604,Promissão,2010,true,,,existia
3541653,Quadra,2010,true,,,existia
3541703,Quatá,2010,true,,,existia
3541802,Queiroz,2010,true,,,existia
3541901,Queluz,2010,true,,,existia
3542008,Quintana,2010,true,,,existia
3542107,Rafard,2010,true,,,existia
3542206,Rancharia,2010,true,,,existia
3542305,Redenção da Serra,2010,true,,,existia
3542404,Regente Feijó,2010,true,,,existia
3542503,Reginópolis,2010,true,,,existia
3542602,Registro,2010,true,,,existia
3542701,Restinga,2010,true,,,existia
3542800,Ribeira,2010,true,,,existia
3542909,Ribeirão Bonito,2010,true,,,existia
3543006,Ribeirão Branco,2010,true,,,existia
3543105,Ribeirão Corrente,2010,true,,,existia
3543204,Ribeirão do Sul,2010,true,,,existia
3543238,Ribeirão dos Índios,2010,true,,,existia
3543253,Ribeirão Grande,2010,true,,,existia
3543303,Ribeirão Pires,2010,true,,,existia
3543402,Ribeirão Preto,2010,true,,,existia
3543501,Riversul,2010,true,,,existia
3543600,Rifaina,2010,true,,,existia
3543709,Rincão,2010,true,,,existia
3543808,Rinópolis,2010,true,,,existia
3543907,Rio Claro,2010,true,,,existia
3544004,Rio das Pedras,2010,true,,,existia
3544103,Rio Grande da Serra,2010,true,,,existia
3544202,Riolândia,2010,true,,,existia
3544251,Rosana,2010,true,,,existia
3544301,Roseira,2010,true,,,existia
3544400,Rubiácea,2010,true,,,existia
3544509,Rubinéia,2010,true,,,existia
3544608,Sabino,2010,true,,,existia
3544707,Sagres,2010,true,,,existia
3544806,Sales,2010,true,,,existia
3544905,Sales Oliveira,2010,true,,,existia
3545001,Salesópolis,2010,true,,,existia
3545100,Salmourão,2010,true,,,existia
3545159,Saltinho,2010,true,,,existia
3545209,Salto,2010,true,,,existia
3545308,Salto de Pirapora,2010,true,,,existia
3545407,Salto Grande,2010,true,,,existia
3545506,Sandovalina,2010,true,,,existia
3545605,Santa Adélia,2010,true,,,existia
3545704,Santa Albertina,2010,true,,,existia
3545803,Santa Bárbara d'Oeste,2010,true,,,existia
3546009,Santa Branca,2010,true,,,existia
3546108,Santa Clara d'Oeste,2010,true,,,existia
3546207,Santa Cruz da Conceição,2010,true,,,existia
3546256,Santa Cruz da Esperança,2010,true,,,existia
3546306,Santa Cruz das Palmeiras,2010,true,,,existia
3546405,Santa Cruz do Rio Pardo,2010,true,,,existia
3546504,Santa Ernestina,2010,true,,,existia
3546603,Santa Fé do Sul,2010,true,,,existia
3546702,Santa Gertrudes,2010,true,,,existia
3546801,Santa Isabel,2010,true,,,existia
3546900,Santa Lúcia,2010,true,,,existia
3547007,Santa Maria da Serra,2010,true,,,existia
3547106,Santa Mercedes,2010,true,,,existia
3547205,Santana da Ponte Pensa,2010,true,,,existia
3547304,Santana de Parnaíba,2010,true,,,existia
3547403,Santa Rita d'Oeste,2010,true,,,existia
3547502,Santa Rita do Passa Quatro,2010,true,,,existia
3547601,Santa Rosa de Viterbo,2010,true,,,existia
3547650,Santa Salete,2010,true,,,existia
3547700,Santo Anastácio,2010,true,,,existia
3547809,Santo André,2010,true,,,existia
3547908,Santo Antônio da Alegria,2010,true,,,existia
3548005,Santo Antônio de Posse,2010,true,,,existia
3548054,Santo Antônio do Aracanguá,2010,true,,,existia
3548104,Santo Antônio do Jardim,2010,true,,,existia
3548203,Santo Antônio do Pinhal,2010,true,,,existia
3548302,Santo Expedito,2010,true,,,existia
3548401,Santópolis do Aguapeí,2010,true,,,existia
3548500,Santos,2010,true,,,existia
3548609,São Bento do Sapucaí,2010,true,,,existia
3548708,São Bernardo do Campo,2010,true,,,existia
3548807,São Caetano do Sul,2010,true,,,existia
3548906,São Carlos,2010,true,,,existia
3549003,São Francisco,2010,true,,,existia
3549102,São João da Boa Vista,2010,true,,,existia
3549201,São João das Duas Pontes,2010,true,,,existia
3549250,São João de Iracema,2010,true,,,existia
3549300,São João do Pau d'Alho,2010,true,,,existia
3549409,São Joaquim da Barra,2010,true,,,existia
3549508,São José da Bela Vista,2010,true,,,existia
3549607,São José do Barreiro,2010,true,,,existia
3549706,São José do Rio Pardo,2010,true,,,existia
3549805,São José do Rio Preto,2010,true,,,existia
3549904,São José dos Campos,2010,true,,,existia
3549953,São Lourenço da Serra,2010,true,,,existia
3550001,São Luiz do Paraitinga,2010,true,,,existia
3550100,São Manuel,2010,true,,,existia
3550209,São Miguel Arcanjo,2010,true,,,existia
3550308,São Paulo,2010,true,,,existia
3550407,São Pedro,2010,true,,,existia
3550506,São Pedro do Turvo,2010,true,,,existia
3550605,São Roque,2010,true,,,existia
3550704,São Sebastião,2010,true,,,existia
3550803,São Sebastião da Grama,2010,true,,,existia
3550902,São Simão,2010,true,,,existia
3551009,São Vicente,2010,true,,,existia
3551108,Sarapuí,2010,true,,,existia
3551207,Sarutaiá,2010,true,,,existia
3551306,Sebastianópolis do Sul,2010,true,,,existia
3551405,Serra Azul,2010,true,,,existia
3551504,Serrana,2010,true,,,existia
3551603,Serra Negra,2010,true,,,existia
3551702,Sertãozinho,2010,true,,,existia
3551801,Sete Barras,2010,true,,,existia
3551900,Severínia,2010,true,,,existia
3552007,Silveiras,2010,true,,,existia
3552106,Socorro,2010,true,,,existia
3552205,Sorocaba,2010,true,,,existia
3552304,Sud Mennucci,2010,true,,,existia
3552403,Sumaré,2010,true,,,existia
3552502,Suzano,2010,true,,,existia
3552551,Suzanápolis,2010,true,,,existia
3552601,Tabapuã,2010,true,,,existia
3552700,Tabatinga,2010,true,,,existia
3552809,Taboão da Serra,2010,true,,,existia
3552908,Taciba,2010,true,,,existia
3553005,Taguaí,2010,true,,,existia
3553104,Taiaçu,2010,true,,,existia
3553203,Taiúva,2010,true,,,existia
3553302,Tambaú,2010,true,,,existia
3553401,Tanabi,2010,true,,,existia
3553500,Tapiraí,2010,true,,,existia
3553609,Tapiratiba,2010,true,,,existia
3553658,Taquaral,2010,true,,,existia
3553708,Taquaritinga,2010,true,,,existia
3553807,Taquarituba,2010,true,,,existia
3553856,Taquarivaí,2010,true,,,existia
3553906,Tarabai,2010,true,,,existia
3553955,Tarumã,2010,true,,,existia
3554003,Tatuí,2010,true,,,existia
3554102,Taubaté,2010,true,,,existia
3554201,Tejupá,2010,true,,,existia
3554300,Teodoro Sampaio,2010,true,,,existia
3554409,Terra Roxa,2010,true,,,existia
3554508,Tietê,2010,true,,,existia
3554607,Timburi,2010,true,,,existia
3554656,Torre de Pedra,2010,true,,,existia
3554706,Torrinha,2010,true,,,existia
3554755,Trabiju,2010,true,,,existia
3554805,Tremembé,2010,true,,,existia
3554904,Três Fronteiras,2010,true,,,existia
3554953,Tuiuti,2010,true,,,existia
3555000,Tupã,2010,true,,,existia
3555109,Tupi Paulista,2010,true,,,existia
3555208,Turiúba,2010,true,,,existia
3555307,Turmalina,2010,true,,,existia
3555356,Ubarana,2010,true,,,existia
3555406,Ubatuba,2010,true,,,existia
3555505,Ubirajara,2010,true,,,existia
3555604,Uchoa,2010,true,,,existia
3555703,União Paulista,2010,true,,,existia
3555802,Urânia,2010,true,,,existia
3555901,Uru,2010,true,,,existia
3556008,Urupês,2010,true,,,existia
3556107,Valentim Gentil,2010,true,,,existia
3556206,Valinhos,2010,true,,,existia
3556305,Valparaíso,2010,true,,,existia
3556354,Vargem,2010,true,,,existia
3556404,Vargem Grande do Sul,2010,true,,,existia
3556453,Vargem Grande Paulista,2010,true,,,existia
3556503,Várzea Paulista,2010,true,,,existia
3556602,Vera Cruz,2010,true,,,existia
3556701,Vinhedo,2010,true,,,existia
3556800,Viradouro,2010,true,,,existia
3556909,Vista Alegre do Alto,2010,true,,,existia
3556958,Vitória Brasil,2010,true,,,existia
3557006,Votorantim,2010,true,,,existia
3557105,Votuporanga,2010,true,,,existia
3557154,Zacarias,2010,true,,,existia
3557204,Chavantes,2010,true,,,existia
3557303,Estiva Gerbi,2010,true,,,existia
4100103,Abatiá,2010,true,,,existia
4100202,Adrianópolis,2010,true,,,existia
4100301,Agudos do Sul,2010,true,,,existia
4100400,Almirante Tamandaré,2010,true,,,existia
4100459,Altamira do Paraná,2010,true,,,existia
4100509,Altônia,2010,true,,,existia
4100608,Alto Paraná,2010,true,,,existia
4100707,Alto Piquiri,2010,true,,,existia
4100806,Alvorada do Sul,2010,true,,,existia
4100905,Amaporã,2010,true,,,existia
4101002,Ampére,2010,true,,,existia
4101051,Anahy,2010,true,,,existia
4101101,Andirá,2010,true,,,existia
4101150,Ângulo,2010,true,,,existia
4101200,Antonina,2010,true,,,existia
4101309,Antônio Olinto,2010,true,,,existia
4101408,Apucarana,2010,true,,,existia
4101507,Arapongas,2010,true,,,existia
4101606,Arapoti,2010,true,,,existia
4101655,Arapuã,2010,true,,,existia
4101705,Araruna,2010,true,,,existia
4101804,Araucária,2010,true,,,existia
4101853,Ariranha do Ivaí,2010,true,,,existia
4101903,Assaí,2010,true,,,existia
4102000,Assis Chateaubriand,2010,true,,,existia
4102109,Astorga,2010,true,,,existia
4102208,Atalaia,2010,true,,,existia
4102307,Balsa Nova,2010,true,,,existia
4102406,Bandeirantes,2010,true,,,existia
4102505,Barbosa Ferraz,2010,true,,,existia
4102604,Barracão,2010,true,,,existia
4102703,Barra do Jacaré,2010,true,,,existia
4102752,Bela Vista da Caroba,2010,true,,,existia
4102802,Bela Vista do Paraíso,2010,true,,,existia
4102901,Bituruna,2010,true,,,existia
4103008,Boa Esperança,2010,true,,,existia
4103024,Boa Esperança do Iguaçu,2010,true,,,existia
4103040,Boa Ventura de São Roque,2010,true,,,existia
4103057,Boa Vista da Aparecida,2010,true,,,existia
4103107,Bocaiúva do Sul,2010,true,,,existia
4103156,Bom Jesus do Sul,2010,true,,,existia
4103206,Bom Sucesso,2010,true,,,existia
4103222,Bom Sucesso do Sul,2010,true,,,existia
4103305,Borrazópolis,2010,true,,,existia
4103354,Braganey,2010,true,,,existia
4103370,Brasilândia do Sul,2010,true,,,existia
4103404,Cafeara,2010,true,,,existia
4103453,Cafelândia,2010,true,,,existia
4103479,Cafezal do Sul,2010,true,,,existia
4103503,Califórnia,2010,true,,,existia
4103602,Cambará,2010,true,,,existia
4103701,Cambé,2010,true,,,existia
4103800,Cambira,2010,true,,,existia
4103909,Campina da Lagoa,2010,true,,,existia
4103958,Campina do Simão,2010,true,,,existia
4104006,Campina Grande do Sul,2010,true,,,existia
4104055,Campo Bonito,2010,true,,,existia
4104105,Campo do Tenente,2010,true,,,existia
4104204,Campo Largo,2010,true,,,existia
4104253,Campo Magro,2010,true,,,existia
4104303,Campo Mourão,2010,true,,,existia
4104402,Cândido de Abreu,2010,true,,,existia
4104428,Candói,2010,true,,,existia
4104451,Cantagalo,2010,true,,,existia
4104501,Capanema,2010,true,,,existia
4104600,Capitão Leônidas Marques,2010,true,,,existia
4104659,Carambeí,2010,true,,,existia
4104709,Carlópolis,2010,true,,,existia
4104808,Cascavel,2010,true,,,existia
4104907,Castro,2010,true,,,existia
4105003,Catanduvas,2010,true,,,existia
4105102,Centenário do Sul,2010,true,,,existia
4105201,Cerro Azul,2010,true,,,existia
4105300,Céu Azul,2010,true,,,existia
4105409,Chopinzinho,2010,true,,,existia
4105508,Cianorte,2010,true,,,existia
4105607,Cidade Gaúcha,2010,true,,,existia
4105706,Clevelândia,2010,true,,,existia
4105805,Colombo,2010,true,,,existia
4105904,Colorado,2010,true,,,existia
4106001,Congonhinhas,2010,true,,,existia
4106100,Conselheiro Mairinck,2010,true,,,existia
4106209,Contenda,2010,true,,,existia
4106308,Corbélia,2010,true,,,existia
4106407,Cornélio Procópio,2010,true,,,existia
4106456,Coronel Domingos Soares,2010,true,,,existia
4106506,Coronel Vivida,2010,true,,,existia
4106555,Corumbataí do Sul,2010,true,,,existia
4106571,Cruzeiro do Iguaçu,2010,true,,,existia
4106605,Cruzeiro do Oeste,2010,true,,,existia
4106704,Cruzeiro do Sul,2010,true,,,existia
4106803,Cruz Machado,2010,true,,,existia
4106852,Cruzmaltina,2010,true,,,existia
4106902,Curitiba,2010,true,,,existia
4107009,Curiúva,2010,true,,,existia
4107108,Diamante do Norte,2010,true,,,existia
4107124,Diamante do Sul,2010,true,,,existia
4107157,Diamante D'Oeste,2010,true,,,existia
4107207,Dois Vizinhos,2010,true,,,existia
4107256,Douradina,2010,true,,,existia
4107306,Doutor Camargo,2010,true,,,existia
4107405,Enéas Marques,2010,true,,,existia
4107504,Engenheiro Beltrão,2010,true,,,existia
4107520,Esperança Nova,2010,true,,,existia
4107538,Entre Rios do Oeste,2010,true,,,existia
4107546,Espigão Alto do Iguaçu,2010,true,,,existia
4107553,Farol,2010,true,,,existia
4107603,Faxinal,2010,true,,,existia
4107652,Fazenda Rio Grande,2010,true,,,existia
4107702,Fênix,2010,true,,,existia
4107736,Fernandes Pinheiro,2010,true,,,existia
4107751,Figueira,2010,true,,,existia
4107801,Floraí,2010,true,,,existia
4107850,Flor da Serra do Sul,2010,true,,,existia
4107900,Floresta,2010,true,,,existia
4108007,Florestópolis,2010,true,,,existia
4108106,Flórida,2010,true,,,existia
4108205,Formosa do Oeste,2010,true,,,existia
4108304,Foz do Iguaçu,2010,true,,,existia
4108320,Francisco Alves,2010,true,,,existia
4108403,Francisco Beltrão,2010,true,,,existia
4108452,Foz do Jordão,2010,true,,,existia
4108502,General Carneiro,2010,true,,,existia
4108551,Godoy Moreira,2010,true,,,existia
4108601,Goioerê,2010,true,,,existia
4108650,Goioxim,2010,true,,,existia
4108700,Grandes Rios,2010,true,,,existia
4108809,Guaíra,2010,true,,,existia
4108908,Guairaçá,2010,true,,,existia
4108957,Guamiranga,2010,true,,,existia
4109005,Guapirama,2010,true,,,existia
4109104,Guaporema,2010,true,,,existia
4109203,Guaraci,2010,true,,,existia
4109302,Guaraniaçu,2010,true,,,existia
4109401,Guarapuava,2010,true,,,existia
4109500,Guaraqueçaba,2010,true,,,existia
4109609,Guaratuba,2010,true,,,existia
4109658,Honório Serpa,2010,true,,,existia
4109708,Ibaiti,2010,true,,,existia
4109757,Ibema,2010,true,,,existia
4109807,Ibiporã,2010,true,,,existia
4109906,Icaraíma,2010,true,,,existia
4110003,Iguaraçu,2010,true,,,existia
4110052,Iguatu,2010,true,,,existia
4110078,Imbaú,2010,true,,,existia
4110102,Imbituva,2010,true,,,existia
4110201,Inácio Martins,2010,true,,,existia
4110300,Inajá,2010,true,,,existia
4110409,Indianópolis,2010,true,,,existia
4110508,Ipiranga,2010,true,,,existia
4110607,Iporã,2010,true,,,existia
4110656,Iracema do Oeste,2010,true,,,existia
4110706,Irati,2010,true,,,existia
4110805,Iretama,2010,true,,,existia
4110904,Itaguajé,2010,true,,,existia
4110953,Itaipulândia,2010,true,,,existia
4111001,Itambaracá,2010,true,,,existia
4111100,Itambé,2010,true,,,existia
4111209,Itapejara d'Oeste,2010,true,,,existia
4111258,Itaperuçu,2010,true,,,existia
4111308,Itaúna do Sul,2010,true,,,existia
4111407,Ivaí,2010,true,,,existia
4111506,Ivaiporã,2010,true,,,existia
4111555,Ivaté,2010,true,,,existia
4111605,Ivatuba,2010,true,,,existia
4111704,Jaboti,2010,true,,,existia
4111803,Jacarezinho,2010,true,,,existia
4111902,Jaguapitã,2010,true,,,existia
4112009,Jaguariaíva,2010,true,,,existia
4112108,Jandaia do Sul,2010,true,,,existia
4112207,Janiópolis,2010,true,,,existia
4112306,Japira,2010,true,,,existia
4112405,Japurá,2010,true,,,existia
4112504,Jardim Alegre,2010,true,,,existia
4112603,Jardim Olinda,2010,true,,,existia
4112702,Jataizinho,2010,true,,,existia
4112751,Jesuítas,2010,true,,,existia
4112801,Joaquim Távora,2010,true,,,existia
4112900,Jundiaí do Sul,2010,true,,,existia
4112959,Juranda,2010,true,,,existia
4113007,Jussara,2010,true,,,existia
4113106,Kaloré,2010,true,,,existia
4113205,Lapa,2010,true,,,existia
4113254,Laranjal,2010,true,,,existia
4113304,Laranjeiras do Sul,2010,true,,,existia
4113403,Leópolis,2010,true,,,existia
4113429,Lidianópolis,2010,true,,,existia
4113452,Lindoeste,2010,true,,,existia
4113502,Loanda,2010,true,,,existia
4113601,Lobato,2010,true,,,existia
4113700,Londrina,2010,true,,,existia
4113734,Luiziana,2010,true,,,existia
4113759,Lunardelli,2010,true,,,existia
4113809,Lupionópolis,2010,true,,,existia
4113908,Mallet,2010,true,,,existia
4114005,Mamborê,2010,true,,,existia
4114104,Mandaguaçu,2010,true,,,existia
4114203,Mandaguari,2010,true,,,existia
4114302,Mandirituba,2010,true,,,existia
4114351,Manfrinópolis,2010,true,,,existia
4114401,Mangueirinha,2010,true,,,existia
4114500,Manoel Ribas,2010,true,,,existia
4114609,Marechal Cândido Rondon,2010,true,,,existia
4114708,Maria Helena,2010,true,,,existia
4114807,Marialva,2010,true,,,existia
4114906,Marilândia do Sul,2010,true,,,existia
4115002,Marilena,2010,true,,,existia
4115101,Mariluz,2010,true,,,existia
4115200,Maringá,2010,true,,,existia
4115309,Mariópolis,2010,true,,,existia
4115358,Maripá,2010,true,,,existia
4115408,Marmeleiro,2010,true,,,existia
4115457,Marquinho,2010,true,,,existia
4115507,Marumbi,2010,true,,,existia
4115606,Matelândia,2010,true,,,existia
4115705,Matinhos,2010,true,,,existia
4115739,Mato Rico,2010,true,,,existia
4115754,Mauá da Serra,2010,true,,,existia
4115804,Medianeira,2010,true,,,existia
4115853,Mercedes,2010,true,,,existia
4115903,Mirador,2010,true,,,existia
4116000,Miraselva,2010,true,,,existia
4116059,Missal,2010,true,,,existia
4116109,Moreira Sales,2010,true,,,existia
4116208,Morretes,2010,true,,,existia
4116307,Munhoz de Melo,2010,true,,,existia
4116406,Nossa Senhora das Graças,2010,true,,,existia
4116505,Nova Aliança do Ivaí,2010,true,,,existia
4116604,Nova América da Colina,2010,true,,,existia
4116703,Nova Aurora,2010,true,,,existia
4116802,Nova Cantu,2010,true,,,existia
4116901,Nova Esperança,2010,true,,,existia
4116950,Nova Esperança do Sudoeste,2010,true,,,existia
4117008,Nova Fátima,2010,true,,,existia
4117057,Nova Laranjeiras,2010,true,,,existia
4117107,Nova Londrina,2010,true,,,existia
4117206,Nova Olímpia,2010,true,,,existia
4117214,Nova Santa Bárbara,2010,true,,,existia
4117222,Nova Santa Rosa,2010,true,,,existia
4117255,Nova Prata do Iguaçu,2010,true,,,existia
4117271,Nova Tebas,2010,true,,,existia
4117297,Novo Itacolomi,2010,true,,,existia
4117305,Ortigueira,2010,true,,,existia
4117404,Ourizona,2010,true,,,existia
4117453,Ouro Verde do Oeste,2010,true,,,existia
4117503,Paiçandu,2010,true,,,existia
4117602,Palmas,2010,true,,,existia
4117701,Palmeira,2010,true,,,existia
4117800,Palmital,2010,true,,,existia
4117909,Palotina,2010,true,,,existia
4118006,Paraíso do Norte,2010,true,,,existia
4118105,Paranacity,2010,true,,,existia
4118204,Paranaguá,2010,true,,,existia
4118303,Paranapoema,2010,true,,,existia
4118402,Paranavaí,2010,true,,,existia
4118451,Pato Bragado,2010,true,,,existia
4118501,Pato Branco,2010,true,,,existia
4118600,Paula Freitas,2010,true,,,existia
4118709,Paulo Frontin,2010,true,,,existia
4118808,Peabiru,2010,true,,,existia
4118857,Perobal,2010,true,,,existia
4118907,Pérola,2010,true,,,existia
4119004,Pérola d'Oeste,2010,true,,,existia
4119103,Piên,2010,true,,,existia
4119152,Pinhais,2010,true,,,existia
4119202,Pinhalão,2010,true,,,existia
4119251,Pinhal de São Bento,2010,true,,,existia
4119301,Pinhão,2010,true,,,existia
4119400,Piraí do Sul,2010,true,,,existia
4119509,Piraquara,2010,true,,,existia
4119608,Pitanga,2010,true,,,existia
4119657,Pitangueiras,2010,true,,,existia
4119707,Planaltina do Paraná,2010,true,,,existia
4119806,Planalto,2010,true,,,existia
4119905,Ponta Grossa,2010,true,,,existia
4119954,Pontal do Paraná,2010,true,,,existia
4120002,Porecatu,2010,true,,,existia
4120101,Porto Amazonas,2010,true,,,existia
4120150,Porto Barreiro,2010,true,,,existia
4120200,Porto Rico,2010,true,,,existia
4120309,Porto Vitória,2010,true,,,existia
4120333,Prado Ferreira,2010,true,,,existia
4120358,Pranchita,2010,true,,,existia
4120408,Presidente Castelo Branco,2010,true,,,existia
4120507,Primeiro de Maio,2010,true,,,existia
4120606,Prudentópolis,2010,true,,,existia
4120655,Quarto Centenário,2010,true,,,existia
4120705,Quatiguá,2010,true,,,existia
4120804,Quatro Barras,2010,true,,,existia
4120853,Quatro Pontes,2010,true,,,existia
4120903,Quedas do Iguaçu,2010,true,,,existia
4121000,Querência do Norte,2010,true,,,existia
4121109,Quinta do Sol,2010,true,,,existia
4121208,Quitandinha,2010,true,,,existia
4121257,Ramilândia,2010,true,,,existia
4121307,Rancho Alegre,2010,true,,,existia
4121356,Rancho Alegre D'Oeste,2010,true,,,existia
4121406,Realeza,2010,true,,,existia
4121505,Rebouças,2010,true,,,existia
4121604,Renascença,2010,true,,,existia
4121703,Reserva,2010,true,,,existia
4121752,Reserva do Iguaçu,2010,true,,,existia
4121802,Ribeirão Claro,2010,true,,,existia
4121901,Ribeirão do Pinhal,2010,true,,,existia
4122008,Rio Azul,2010,true,,,existia
4122107,Rio Bom,2010,true,,,existia
4122156,Rio Bonito do Iguaçu,2010,true,,,existia
4122172,Rio Branco do Ivaí,2010,true,,,existia
4122206,Rio Branco do Sul,2010,true,,,existia
4122305,Rio Negro,2010,true,,,existia
4122404,Rolândia,2010,true,,,existia
4122503,Roncador,2010,true,,,existia
4122602,Rondon,2010,true,,,existia
4122651,Rosário do Ivaí,2010,true,,,existia
4122701,Sabáudia,2010,true,,,existia
4122800,Salgado Filho,2010,true,,,existia
4122909,Salto do Itararé,2010,true,,,existia
4123006,Salto do Lontra,2010,true,,,existia
4123105,Santa Amélia,2010,true,,,existia
4123204,Santa Cecília do Pavão,2010,true,,,existia
4123303,Santa Cruz de Monte Castelo,2010,true,,,existia
4123402,Santa Fé,2010,true,,,existia
4123501,Santa Helena,2010,true,,,existia
4123600,Santa Inês,2010,true,,,existia
4123709,Santa Isabel do Ivaí,2010,true,,,existia
4123808,Santa Izabel do Oeste,2010,true,,,existia
4123824,Santa Lúcia,2010,true,,,existia
4123857,Santa Maria do Oeste,2010,true,,,existia
4123907,Santa Mariana,2010,true,,,existia
4123956,Santa Mônica,2010,true,,,existia
4124004,Santana do Itararé,2010,true,,,existia
4124020,Santa Tereza do Oeste,2010,true,,,existia
4124053,Santa Terezinha de Itaipu,2010,true,,,existia
4124103,Santo Antônio da Platina,2010,true,,,existia
4124202,Santo Antônio do Caiuá,2010,true,,,existia
4124301,Santo Antônio do Paraíso,2010,true,,,existia
4124400,Santo Antônio do Sudoeste,2010,true,,,existia
4124509,Santo Inácio,2010,true,,,existia
4124608,São Carlos do Ivaí,2010,true,,,existia
4124707,São Jerônimo da Serra,2010,true,,,existia
4124806,São João,2010,true,,,existia
4124905,São João do Caiuá,2010,true,,,existia
4125001,São João do Ivaí,2010,true,,,existia
4125100,São João do Triunfo,2010,true,,,existia
4125209,São Jorge d'Oeste,2010,true,,,existia
4125308,São Jorge do Ivaí,2010,true,,,existia
4125357,São Jorge do Patrocínio,2010,true,,,existia
4125407,São José da Boa Vista,2010,true,,,existia
4125456,São José das Palmeiras,2010,true,,,existia
4125506,São José dos Pinhais,2010,true,,,existia
4125555,São Manoel do Paraná,2010,true,,,existia
4125605,São Mateus do Sul,2010,true,,,existia
4125704,São Miguel do Iguaçu,2010,true,,,existia
4125753,São Pedro do Iguaçu,2010,true,,,existia
4125803,São Pedro do Ivaí,2010,true,,,existia
4125902,São Pedro do Paraná,2010,true,,,existia
4126009,São Sebastião da Amoreira,2010,true,,,existia
4126108,São Tomé,2010,true,,,existia
4126207,Sapopema,2010,true,,,existia
4126256,Sarandi,2010,true,,,existia
4126272,Saudade do Iguaçu,2010,true,,,existia
4126306,Sengés,2010,true,,,existia
4126355,Serranópolis do Iguaçu,2010,true,,,existia
4126405,Sertaneja,2010,true,,,existia
4126504,Sertanópolis,2010,true,,,existia
4126603,Siqueira Campos,2010,true,,,existia
4126652,Sulina,2010,true,,,existia
4126678,Tamarana,2010,true,,,existia
4126702,Tamboara,2010,true,,,existia
4126801,Tapejara,2010,true,,,existia
4126900,Tapira,2010,true,,,existia
4127007,Teixeira Soares,2010,true,,,existia
4127106,Telêmaco Borba,2010,true,,,existia
4127205,Terra Boa,2010,true,,,existia
4127304,Terra Rica,2010,true,,,existia
4127403,Terra Roxa,2010,true,,,existia
4127502,Tibagi,2010,true,,,existia
4127601,Tijucas do Sul,2010,true,,,existia
4127700,Toledo,2010,true,,,existia
4127809,Tomazina,2010,true,,,existia
4127858,Três Barras do Paraná,2010,true,,,existia
4127882,Tunas do Paraná,2010,true,,,existia
4127908,Tuneiras do Oeste,2010,true,,,existia
4127957,Tupãssi,2010,true,,,existia
4127965,Turvo,2010,true,,,existia
4128005,Ubiratã,2010,true,,,existia
4128104,Umuarama,2010,true,,,existia
4128203,União da Vitória,2010,true,,,existia
4128302,Uniflor,2010,true,,,existia
4128401,Uraí,2010,true,,,existia
4128500,Wenceslau Braz,2010,true,,,existia
4128534,Ventania,2010,true,,,existia
4128559,Vera Cruz do Oeste,2010,true,,,existia
4128609,Verê,2010,true,,,existia
4128625,Alto Paraíso,2010,true,,,existia
4128633,Doutor Ulysses,2010,true,,,existia
4128658,Virmond,2010,true,,,existia
4128708,Vitorino,2010,true,,,existia
4128807,Xambrê,2010,true,,,existia
4200051,Abdon Batista,2010,true,,,existia
4200101,Abelardo Luz,2010,true,,,existia
4200200,Agrolândia,2010,true,,,existia
4200309,Agronômica,2010,true,,,existia
4200408,Água Doce,2010,true,,,existia
4200507,Águas de Chapecó,2010,true,,,existia
4200556,Águas Frias,2010,true,,,existia
4200606,Águas Mornas,2010,true,,,existia
4200705,Alfredo Wagner,2010,true,,,existia
4200754,Alto Bela Vista,2010,true,,,existia
4200804,Anchieta,2010,true,,,existia
4200903,Angelina,2010,true,,,existia
4201000,Anita Garibaldi,2010,true,,,existia
4201109,Anitápolis,2010,true,,,existia
4201208,Antônio Carlos,2010,true,,,existia
4201257,Apiúna,2010,true,,,existia
4201273,Arabutã,2010,true,,,existia
4201307,Araquari,2010,true,,,existia
4201406,Araranguá,2010,true,,,existia
4201505,Armazém,2010,true,,,existia
4201604,Arroio Trinta,2010,true,,,existia
4201653,Arvoredo,2010,true,,,existia
4201703,Ascurra,2010,true,,,existia
4201802,Atalanta,2010,true,,,existia
4201901,Aurora,2010,true,,,existia
4201950,Balneário Arroio do Silva,2010,true,,,existia
4202008,Balneário Camboriú,2010,true,,,existia
4202057,Balneário Barra do Sul,2010,true,,,existia
4202073,Balneário Gaivota,2010,true,,,existia
4202081,Bandeirante,2010,true,,,existia
4202099,Barra Bonita,2010,true,,,existia
4202107,Barra Velha,2010,true,,,existia
4202131,Bela Vista do Toldo,2010,true,,,existia
4202156,Belmonte,2010,true,,,existia
4202206,Benedito Novo,2010,true,,,existia
4202305,Biguaçu,2010,true,,,existia
4202404,Blumenau,2010,true,,,existia
4202438,Bocaina do Sul,2010,true,,,existia
4202453,Bombinhas,2010,true,,,existia
4202503,Bom Jardim da Serra,2010,true,,,existia
4202537,Bom Jesus,2010,true,,,existia
4202578,Bom Jesus do Oeste,2010,true,,,existia
4202602,Bom Retiro,2010,true,,,existia
4202701,Botuverá,2010,true,,,existia
4202800,Braço do Norte,2010,true,,,existia
4202859,Braço do Trombudo,2010,true,,,existia
4202875,Brunópolis,2010,true,,,existia
4202909,Brusque,2010,true,,,existia
4203006,Caçador,2010,true,,,existia
4203105,Caibi,2010,true,,,existia
4203154,Calmon,2010,true,,,existia
4203204,Camboriú,2010,true,,,existia
4203253,Capão Alto,2010,true,,,existia
4203303,Campo Alegre,2010,true,,,existia
4203402,Campo Belo do Sul,2010,true,,,existia
4203501,Campo Erê,2010,true,,,existia
4203600,Campos Novos,2010,true,,,existia
4203709,Canelinha,2010,true,,,existia
4203808,Canoinhas,2010,true,,,existia
4203907,Capinzal,2010,true,,,existia
4203956,Capivari de Baixo,2010,true,,,existia
4204004,Catanduvas,2010,true,,,existia
4204103,Caxambu do Sul,2010,true,,,existia
4204152,Celso Ramos,2010,true,,,existia
4204178,Cerro Negro,2010,true,,,existia
4204194,Chapadão do Lageado,2010,true,,,existia
4204202,Chapecó,2010,true,,,existia
4204251,Cocal do Sul,2010,true,,,existia
4204301,Concórdia,2010,true,,,existia
4204350,Cordilheira Alta,2010,true,,,existia
4204400,Coronel Freitas,2010,true,,,existia
4204459,Coronel Martins,2010,true,,,existia
4204509,Corupá,2010,true,,,existia
4204558,Correia Pinto,2010,true,,,existia
4204608,Criciúma,2010,true,,,existia
4204707,Cunha Porã,2010,true,,,existia
4204756,Cunhataí,2010,true,,,existia
4204806,Curitibanos,2010,true,,,existia
4204905,Descanso,2010,true,,,existia
4205001,Dionísio Cerqueira,2010,true,,,existia
4205100,Dona Emma,2010,true,,,existia
4205159,Doutor Pedrinho,2010,true,,,existia
4205175,Entre Rios,2010,true,,,existia
4205191,Ermo,2010,true,,,existia
4205209,Erval Velho,2010,true,,,existia
4205308,Faxinal dos Guedes,2010,true,,,existia
4205357,Flor do Sertão,2010,true,,,existia
4205407,Florianópolis,2010,true,,,existia
4205431,Formosa do Sul,2010,true,,,existia
4205456,Forquilhinha,2010,true,,,existia
4205506,Fraiburgo,2010,true,,,existia
4205555,Frei Rogério,2010,true,,,existia
4205605,Galvão,2010,true,,,existia
4205704,Garopaba,2010,true,,,existia
4205803,Garuva,2010,true,,,existia
4205902,Gaspar,2010,true,,,existia
4206009,Governador Celso Ramos,2010,true,,,existia
4206108,Grão-Pará,2010,true,,,existia
4206207,Gravatal,2010,true,,,existia
4206306,Guabiruba,2010,true,,,existia
4206405,Guaraciaba,2010,true,,,existia
4206504,Guaramirim,2010,true,,,existia
4206603,Guarujá do Sul,2010,true,,,existia
4206652,Guatambú,2010,true,,,existia
4206702,Herval d'Oeste,2010,true,,,existia
4206751,Ibiam,2010,true,,,existia
4206801,Ibicaré,2010,true,,,existia
4206900,Ibirama,2010,true,,,existia
4207007,Içara,2010,true,,,existia
4207106,Ilhota,2010,true,,,existia
4207205,Imaruí,2010,true,,,existia
4207304,Imbituba,2010,true,,,existia
4207403,Imbuia,2010,true,,,existia
4207502,Indaial,2010,true,,,existia
4207577,Iomerê,2010,true,,,existia
4207601,Ipira,2010,true,,,existia
4207650,Iporã do Oeste,2010,true,,,existia
4207684,Ipuaçu,2010,true,,,existia
4207700,Ipumirim,2010,true,,,existia
4207759,Iraceminha,2010,true,,,existia
4207809,Irani,2010,true,,,existia
4207858,Irati,2010,true,,,existia
4207908,Irineópolis,2010,true,,,existia
4208005,Itá,2010,true,,,existia
4208104,Itaiópolis,2010,true,,,existia
4208203,Itajaí,2010,true,,,existia
4208302,Itapema,2010,true,,,existia
4208401,Itapiranga,2010,true,,,existia
4208450,Itapoá,2010,true,,,existia
4208500,Ituporanga,2010,true,,,existia
4208609,Jaborá,2010,true,,,existia
4208708,Jacinto Machado,2010,true,,,existia
4208807,Jaguaruna,2010,true,,,existia
4208906,Jaraguá do Sul,2010,true,,,existia
4208955,Jardinópolis,2010,true,,,existia
4209003,Joaçaba,2010,true,,,existia
4209102,Joinville,2010,true,,,existia
4209151,José Boiteux,2010,true,,,existia
4209177,Jupiá,2010,true,,,existia
4209201,Lacerdópolis,2010,true,,,existia
4209300,Lages,2010,true,,,existia
4209409,Laguna,2010,true,,,existia
4209458,Lajeado Grande,2010,true,,,existia
4209508,Laurentino,2010,true,,,existia
4209607,Lauro Müller,2010,true,,,existia
4209706,Lebon Régis,2010,true,,,existia
4209805,Leoberto Leal,2010,true,,,existia
4209854,Lindóia do Sul,2010,true,,,existia
4209904,Lontras,2010,true,,,existia
4210001,Luiz Alves,2010,true,,,existia
4210035,Luzerna,2010,true,,,existia
4210050,Macieira,2010,true,,,existia
4210100,Mafra,2010,true,,,existia
4210209,Major Gercino,2010,true,,,existia
4210308,Major Vieira,2010,true,,,existia
4210407,Maracajá,2010,true,,,existia
4210506,Maravilha,2010,true,,,existia
4210555,Marema,2010,true,,,existia
4210605,Massaranduba,2010,true,,,existia
4210704,Matos Costa,2010,true,,,existia
4210803,Meleiro,2010,true,,,existia
4210852,Mirim Doce,2010,true,,,existia
4210902,Modelo,2010,true,,,existia
4211009,Mondaí,2010,true,,,existia
4211058,Monte Carlo,2010,true,,,existia
4211108,Monte Castelo,2010,true,,,existia
4211207,Morro da Fumaça,2010,true,,,existia
4211256,Morro Grande,2010,true,,,existia
4211306,Navegantes,2010,true,,,existia
4211405,Nova Erechim,2010,true,,,existia
4211454,Nova Itaberaba,2010,true,,,existia
4211504,Nova Trento,2010,true,,,existia
4211603,Nova Veneza,2010,true,,,existia
4211652,Novo Horizonte,2010,true,,,existia
4211702,Orleans,2010,true,,,existia
4211751,Otacílio Costa,2010,true,,,existia
4211801,Ouro,2010,true,,,existia
4211850,Ouro Verde,2010,true,,,existia
4211876,Paial,2010,true,,,existia
4211892,Painel,2010,true,,,existia
4211900,Palhoça,2010,true,,,existia
4212007,Palma Sola,2010,true,,,existia
4212056,Palmeira,2010,true,,,existia
4212106,Palmitos,2010,true,,,existia
4212205,Papanduva,2010,true,,,existia
4212239,Paraíso,2010,true,,,existia
4212254,Passo de Torres,2010,true,,,existia
4212270,Passos Maia,2010,true,,,existia
4212304,Paulo Lopes,2010,true,,,existia
4212403,Pedras Grandes,2010,true,,,existia
4212502,Penha,2010,true,,,existia
4212601,Peritiba,2010,true,,,existia
4212700,Petrolândia,2010,true,,,existia
4212809,Balneário Piçarras,2010,true,,,existia
4212908,Pinhalzinho,2010,true,,,existia
4213005,Pinheiro Preto,2010,true,,,existia
4213104,Piratuba,2010,true,,,existia
4213153,Planalto Alegre,2010,true,,,existia
4213203,Pomerode,2010,true,,,existia
4213302,Ponte Alta,2010,true,,,existia
4213351,Ponte Alta do Norte,2010,true,,,existia
4213401,Ponte Serrada,2010,true,,,existia
4213500,Porto Belo,2010,true,,,existia
4213609,Porto União,2010,true,,,existia
4213708,Pouso Redondo,2010,true,,,existia
4213807,Praia Grande,2010,true,,,existia
4213906,Presidente Castello Branco,2010,true,,,existia
4214003,Presidente Getúlio,2010,true,,,existia
4214102,Presidente Nereu,2010,true,,,existia
4214151,Princesa,2010,true,,,existia
4214201,Quilombo,2010,true,,,existia
4214300,Rancho Queimado,2010,true,,,existia
4214409,Rio das Antas,2010,true,,,existia
4214508,Rio do Campo,2010,true,,,existia
4214607,Rio do Oeste,2010,true,,,existia
4214706,Rio dos Cedros,2010,true,,,existia
4214805,Rio do Sul,2010,true,,,existia
4214904,Rio Fortuna,2010,true,,,existia
4215000,Rio Negrinho,2010,true,,,existia
4215059,Rio Rufino,2010,true,,,existia
4215075,Riqueza,2010,true,,,existia
4215109,Rodeio,2010,true,,,existia
4215208,Romelândia,2010,true,,,existia
4215307,Salete,2010,true,,,existia
4215356,Saltinho,2010,true,,,existia
4215406,Salto Veloso,2010,true,,,existia
4215455,Sangão,2010,true,,,existia
4215505,Santa Cecília,2010,true,,,existia
4215554,Santa Helena,2010,true,,,existia
4215604,Santa Rosa de Lima,2010,true,,,existia
4215653,Santa Rosa do Sul,2010,true,,,existia
4215679,Santa Terezinha,2010,true,,,existia
4215687,Santa Terezinha do Progresso,2010,true,,,existia
4215695,Santiago do Sul,2010,true,,,existia
4215703,Santo Amaro da Imperatriz,2010,true,,,existia
4215752,São Bernardino,2010,true,,,existia
4215802,São Bento do Sul,2010,true,,,existia
4215901,São Bonifácio,2010,true,,,existia
4216008,São Carlos,2010,true,,,existia
4216057,São Cristóvão do Sul,2010,true,,,existia
4216107,São Domingos,2010,true,,,existia
4216206,São Francisco do Sul,2010,true,,,existia
4216255,São João do Oeste,2010,true,,,existia
4216305,São João Batista,2010,true,,,existia
4216354,São João do Itaperiú,2010,true,,,existia
4216404,São João do Sul,2010,true,,,existia
4216503,São Joaquim,2010,true,,,existia
4216602,São José,2010,true,,,existia
4216701,São José do Cedro,2010,true,,,existia
4216800,São José do Cerrito,2010,true,,,existia
4216909,São Lourenço do Oeste,2010,true,,,existia
4217006,São Ludgero,2010,true,,,existia
4217105,São Martinho,2010,true,,,existia
4217154,São Miguel da Boa Vista,2010,true,,,existia
4217204,São Miguel do Oeste,2010,true,,,existia
4217253,São Pedro de Alcântara,2010,true,,,existia
4217303,Saudades,2010,true,,,existia
4217402,Schroeder,2010,true,,,existia
4217501,Seara,2010,true,,,existia
4217550,Serra Alta,2010,true,,,existia
4217600,Siderópolis,2010,true,,,existia
4217709,Sombrio,2010,true,,,existia
4217758,Sul Brasil,2010,true,,,existia
4217808,Taió,2010,true,,,existia
4217907,Tangará,2010,true,,,existia
4217956,Tigrinhos,2010,true,,,existia
4218004,Tijucas,2010,true,,,existia
4218103,Timbé do Sul,2010,true,,,existia
4218202,Timbó,2010,true,,,existia
4218251,Timbó Grande,2010,true,,,existia
4218301,Três Barras,2010,true,,,existia
4218350,Treviso,2010,true,,,existia
4218400,Treze de Maio,2010,true,,,existia
4218509,Treze Tílias,2010,true,,,existia
4218608,Trombudo Central,2010,true,,,existia
4218707,Tubarão,2010,true,,,existia
4218756,Tunápolis,2010,true,,,existia
4218806,Turvo,2010,true,,,existia
4218855,União do Oeste,2010,true,,,existia
4218905,Urubici,2010,true,,,existia
4218954,Urupema,2010,true,,,existia
4219002,Urussanga,2010,true,,,existia
4219101,Vargeão,2010,true,,,existia
4219150,Vargem,2010,true,,,existia
4219176,Vargem Bonita,2010,true,,,existia
4219200,Vidal Ramos,2010,true,,,existia
4219309,Videira,2010,true,,,existia
4219358,Vitor Meireles,2010,true,,,existia
4219408,Witmarsum,2010,true,,,existia
4219507,Xanxerê,2010,true,,,existia
4219606,Xavantina,2010,true,,,existia
4219705,Xaxim,2010,true,,,existia
4219853,Zortéa,2010,true,,,existia
4300034,Aceguá,2010,true,,,existia
4300059,Água Santa,2010,true,,,existia
4300109,Agudo,2010,true,,,existia
4300208,Ajuricaba,2010,true,,,existia
4300307,Alecrim,2010,true,,,existia
4300406,Alegrete,2010,true,,,existia
4300455,Alegria,2010,true,,,existia
4300471,Almirante Tamandaré do Sul,2010,true,,,existia
4300505,Alpestre,2010,true,,,existia
4300554,Alto Alegre,2010,true,,,existia
4300570,Alto Feliz,2010,true,,,existia
4300604,Alvorada,2010,true,,,existia
4300638,Amaral Ferrador,2010,true,,,existia
4300646,Ametista do Sul,2010,true,,,existia
4300661,André da Rocha,2010,true,,,existia
4300703,Anta Gorda,2010,true,,,existia
4300802,Antônio Prado,2010,true,,,existia
4300851,Arambaré,2010,true,,,existia
4300877,Araricá,2010,true,,,existia
4300901,Aratiba,2010,true,,,existia
4301008,Arroio do Meio,2010,true,,,existia
4301057,Arroio do Sal,2010,true,,,existia
4301073,Arroio do Padre,2010,true,,,existia
4301107,Arroio dos Ratos,2010,true,,,existia
4301206,Arroio do Tigre,2010,true,,,existia
4301305,Arroio Grande,2010,true,,,existia
4301404,Arvorezinha,2010,true,,,existia
4301503,Augusto Pestana,2010,true,,,existia
4301552,Áurea,2010,true,,,existia
4301602,Bagé,2010,true,,,existia
4301636,Balneário Pinhal,2010,true,,,existia
4301651,Barão,2010,true,,,existia
4301701,Barão de Cotegipe,2010,true,,,existia
4301750,Barão do Triunfo,2010,true,,,existia
4301800,Barracão,2010,true,,,existia
4301859,Barra do Guarita,2010,true,,,existia
4301875,Barra do Quaraí,2010,true,,,existia
4301909,Barra do Ribeiro,2010,true,,,existia
4301925,Barra do Rio Azul,2010,true,,,existia
4301958,Barra Funda,2010,true,,,existia
4302006,Barros Cassal,2010,true,,,existia
4302055,Benjamin Constant do Sul,2010,true,,,existia
4302105,Bento Gonçalves,2010,true,,,existia
4302154,Boa Vista das Missões,2010,true,,,existia
4302204,Boa Vista do Buricá,2010,true,,,existia
4302220,Boa Vista do Cadeado,2010,true,,,existia
4302238,Boa Vista do Incra,2010,true,,,existia
4302253,Boa Vista do Sul,2010,true,,,existia
4302303,Bom Jesus,2010,true,,,existia
4302352,Bom Princípio,2010,true,,,existia
4302378,Bom Progresso,2010,true,,,existia
4302402,Bom Retiro do Sul,2010,true,,,existia
4302451,Boqueirão do Leão,2010,true,,,existia
4302501,Bossoroca,2010,true,,,existia
4302584,Bozano,2010,true,,,existia
4302600,Braga,2010,true,,,existia
4302659,Brochier,2010,true,,,existia
4302709,Butiá,2010,true,,,existia
4302808,Caçapava do Sul,2010,true,,,existia
4302907,Cacequi,2010,true,,,existia
4303004,Cachoeira do Sul,2010,true,,,existia
4303103,Cachoeirinha,2010,true,,,existia
4303202,Cacique Doble,2010,true,,,existia
4303301,Caibaté,2010,true,,,existia
4303400,Caiçara,2010,true,,,existia
4303509,Camaquã,2010,true,,,existia
4303558,Camargo,2010,true,,,existia
4303608,Cambará do Sul,2010,true,,,existia
4303673,Campestre da Serra,2010,true,,,existia
4303707,Campina das Missões,2010,true,,,existia
4303806,Campinas do Sul,2010,true,,,existia
4303905,Campo Bom,2010,true,,,existia
4304002,Campo Novo,2010,true,,,existia
4304101,Campos Borges,2010,true,,,existia
4304200,Candelária,2010,true,,,existia
4304309,Cândido Godói,2010,true,,,existia
4304358,Candiota,2010,true,,,existia
4304408,Canela,2010,true,,,existia
4304507,Canguçu,2010,true,,,existia
4304606,Canoas,2010,true,,,existia
4304614,Canudos do Vale,2010,true,,,existia
4304622,Capão Bonito do Sul,2010,true,,,existia
4304630,Capão da Canoa,2010,true,,,existia
4304655,Capão do Cipó,2010,true,,,existia
4304663,Capão do Leão,2010,true,,,existia
4304671,Capivari do Sul,2010,true,,,existia
4304689,Capela de Santana,2010,true,,,existia
4304697,Capitão,2010,true,,,existia
4304705,Carazinho,2010,true,,,existia
4304713,Caraá,2010,true,,,existia
4304804,Carlos Barbosa,2010,true,,,existia
4304853,Carlos Gomes,2010,true,,,existia
4304903,Casca,2010,true,,,existia
4304952,Caseiros,2010,true,,,existia
4305009,Catuípe,2010,true,,,existia
4305108,Caxias do Sul,2010,true,,,existia
4305116,Centenário,2010,true,,,existia
4305124,Cerrito,2010,true,,,existia
4305132,Cerro Branco,2010,true,,,existia
4305157,Cerro Grande,2010,true,,,existia
4305173,Cerro Grande do Sul,2010,true,,,existia
4305207,Cerro Largo,2010,true,,,existia
4305306,Chapada,2010,true,,,existia
4305355,Charqueadas,2010,true,,,existia
4305371,Charrua,2010,true,,,existia
4305405,Chiapetta,2010,true,,,existia
4305439,Chuí,2010,true,,,existia
4305447,Chuvisca,2010,true,,,existia
4305454,Cidreira,2010,true,,,existia
4305504,Ciríaco,2010,true,,,existia
4305587,Colinas,2010,true,,,existia
4305603,Colorado,2010,true,,,existia
4305702,Condor,2010,true,,,existia
4305801,Constantina,2010,true,,,existia
4305835,Coqueiro Baixo,2010,true,,,existia
4305850,Coqueiros do Sul,2010,true,,,existia
4305871,Coronel Barros,2010,true,,,existia
4305900,Coronel Bicaco,2010,true,,,existia
4305934,Coronel Pilar,2010,true,,,existia
4305959,Cotiporã,2010,true,,,existia
4305975,Coxilha,2010,true,,,existia
4306007,Crissiumal,2010,true,,,existia
4306056,Cristal,2010,true,,,existia
4306072,Cristal do Sul,2010,true,,,existia
4306106,Cruz Alta,2010,true,,,existia
4306130,Cruzaltense,2010,true,,,existia
4306205,Cruzeiro do Sul,2010,true,,,existia
4306304,David Canabarro,2010,true,,,existia
4306320,Derrubadas,2010,true,,,existia
4306353,Dezesseis de Novembro,2010,true,,,existia
4306379,Dilermando de Aguiar,2010,true,,,existia
4306403,Dois Irmãos,2010,true,,,existia
4306429,Dois Irmãos das Missões,2010,true,,,existia
4306452,Dois Lajeados,2010,true,,,existia
4306502,Dom Feliciano,2010,true,,,existia
4306551,Dom Pedro de Alcântara,2010,true,,,existia
4306601,Dom Pedrito,2010,true,,,existia
4306700,Dona Francisca,2010,true,,,existia
4306734,Doutor Maurício Cardoso,2010,true,,,existia
4306759,Doutor Ricardo,2010,true,,,existia
4306767,Eldorado do Sul,2010,true,,,existia
4306809,Encantado,2010,true,,,existia
4306908,Encruzilhada do Sul,2010,true,,,existia
4306924,Engenho Velho,2010,true,,,existia
4306932,Entre-Ijuís,2010,true,,,existia
4306957,Entre Rios do Sul,2010,true,,,existia
4306973,Erebango,2010,true,,,existia
4307005,Erechim,2010,true,,,existia
4307054,Ernestina,2010,true,,,existia
4307104,Herval,2010,true,,,existia
4307203,Erval Grande,2010,true,,,existia
4307302,Erval Seco,2010,true,,,existia
4307401,Esmeralda,2010,true,,,existia
4307450,Esperança do Sul,2010,true,,,existia
4307500,Espumoso,2010,true,,,existia
4307559,Estação,2010,true,,,existia
4307609,Estância Velha,2010,true,,,existia
4307708,Esteio,2010,true,,,existia
4307807,Estrela,2010,true,,,existia
4307815,Estrela Velha,2010,true,,,existia
4307831,Eugênio de Castro,2010,true,,,existia
4307864,Fagundes Varela,2010,true,,,existia
4307906,Farroupilha,2010,true,,,existia
4308003,Faxinal do Soturno,2010,true,,,existia
4308052,Faxinalzinho,2010,true,,,existia
4308078,Fazenda Vilanova,2010,true,,,existia
4308102,Feliz,2010,true,,,existia
4308201,Flores da Cunha,2010,true,,,existia
4308250,Floriano Peixoto,2010,true,,,existia
4308300,Fontoura Xavier,2010,true,,,existia
4308409,Formigueiro,2010,true,,,existia
4308433,Forquetinha,2010,true,,,existia
4308458,Fortaleza dos Valos,2010,true,,,existia
4308508,Frederico Westphalen,2010,true,,,existia
4308607,Garibaldi,2010,true,,,existia
4308656,Garruchos,2010,true,,,existia
4308706,Gaurama,2010,true,,,existia
4308805,General Câmara,2010,true,,,existia
4308854,Gentil,2010,true,,,existia
4308904,Getúlio Vargas,2010,true,,,existia
4309001,Giruá,2010,true,,,existia
4309050,Glorinha,2010,true,,,existia
4309100,Gramado,2010,true,,,existia
4309126,Gramado dos Loureiros,2010,true,,,existia
4309159,Gramado Xavier,2010,true,,,existia
4309209,Gravataí,2010,true,,,existia
4309258,Guabiju,2010,true,,,existia
4309308,Guaíba,2010,true,,,existia
4309407,Guaporé,2010,true,,,existia
4309506,Guarani das Missões,2010,true,,,existia
4309555,Harmonia,2010,true,,,existia
4309571,Herveiras,2010,true,,,existia
4309605,Horizontina,2010,true,,,existia
4309654,Hulha Negra,2010,true,,,existia
4309704,Humaitá,2010,true,,,existia
4309753,Ibarama,2010,true,,,existia
4309803,Ibiaçá,2010,true,,,existia
4309902,Ibiraiaras,2010,true,,,existia
4309951,Ibirapuitã,2010,true,,,existia
4310009,Ibirubá,2010,true,,,existia
4310108,Igrejinha,2010,true,,,existia
4310207,Ijuí,2010,true,,,existia
4310306,Ilópolis,2010,true,,,existia
4310330,Imbé,2010,true,,,existia
4310363,Imigrante,2010,true,,,existia
4310405,Independência,2010,true,,,existia
4310413,Inhacorá,2010,true,,,existia
4310439,Ipê,2010,true,,,existia
4310462,Ipiranga do Sul,2010,true,,,existia
4310504,Iraí,2010,true,,,existia
4310538,Itaara,2010,true,,,existia
4310553,Itacurubi,2010,true,,,existia
4310579,Itapuca,2010,true,,,existia
4310603,Itaqui,2010,true,,,existia
4310652,Itati,2010,true,,,existia
4310702,Itatiba do Sul,2010,true,,,existia
4310751,Ivorá,2010,true,,,existia
4310801,Ivoti,2010,true,,,existia
4310850,Jaboticaba,2010,true,,,existia
4310876,Jacuizinho,2010,true,,,existia
4310900,Jacutinga,2010,true,,,existia
4311007,Jaguarão,2010,true,,,existia
4311106,Jaguari,2010,true,,,existia
4311122,Jaquirana,2010,true,,,existia
4311130,Jari,2010,true,,,existia
4311155,Jóia,2010,true,,,existia
4311205,Júlio de Castilhos,2010,true,,,existia
4311239,Lagoa Bonita do Sul,2010,true,,,existia
4311254,Lagoão,2010,true,,,existia
4311270,Lagoa dos Três Cantos,2010,true,,,existia
4311304,Lagoa Vermelha,2010,true,,,existia
4311403,Lajeado,2010,true,,,existia
4311429,Lajeado do Bugre,2010,true,,,existia
4311502,Lavras do Sul,2010,true,,,existia
4311601,Liberato Salzano,2010,true,,,existia
4311627,Lindolfo Collor,2010,true,,,existia
4311643,Linha Nova,2010,true,,,existia
4311700,Machadinho,2010,true,,,existia
4311718,Maçambará,2010,true,,,existia
4311734,Mampituba,2010,true,,,existia
4311759,Manoel Viana,2010,true,,,existia
4311775,Maquiné,2010,true,,,existia
4311791,Maratá,2010,true,,,existia
4311809,Marau,2010,true,,,existia
4311908,Marcelino Ramos,2010,true,,,existia
4311981,Mariana Pimentel,2010,true,,,existia
4312005,Mariano Moro,2010,true,,,existia
4312054,Marques de Souza,2010,true,,,existia
4312104,Mata,2010,true,,,existia
4312138,Mato Castelhano,2010,true,,,existia
4312153,Mato Leitão,2010,true,,,existia
4312179,Mato Queimado,2010,true,,,existia
4312203,Maximiliano de Almeida,2010,true,,,existia
4312252,Minas do Leão,2010,true,,,existia
4312302,Miraguaí,2010,true,,,existia
4312351,Montauri,2010,true,,,existia
4312377,Monte Alegre dos Campos,2010,true,,,existia
4312385,Monte Belo do Sul,2010,true,,,existia
4312401,Montenegro,2010,true,,,existia
4312427,Mormaço,2010,true,,,existia
4312443,Morrinhos do Sul,2010,true,,,existia
4312450,Morro Redondo,2010,true,,,existia
4312476,Morro Reuter,2010,true,,,existia
4312500,Mostardas,2010,true,,,existia
4312609,Muçum,2010,true,,,existia
4312617,Muitos Capões,2010,true,,,existia
4312625,Muliterno,2010,true,,,existia
4312658,Não-Me-Toque,2010,true,,,existia
4312674,Nicolau Vergueiro,2010,true,,,existia
4312708,Nonoai,2010,true,,,existia
4312757,Nova Alvorada,2010,true,,,existia
4312807,Nova Araçá,2010,true,,,existia
4312906,Nova Bassano,2010,true,,,existia
4312955,Nova Boa Vista,2010,true,,,existia
4313003,Nova Bréscia,2010,true,,,existia
4313011,Nova Candelária,2010,true,,,existia
4313037,Nova Esperança do Sul,2010,true,,,existia
4313060,Nova Hartz,2010,true,,,existia
4313086,Nova Pádua,2010,true,,,existia
4313102,Nova Palma,2010,true,,,existia
4313201,Nova Petrópolis,2010,true,,,existia
4313300,Nova Prata,2010,true,,,existia
4313334,Nova Ramada,2010,true,,,existia
4313359,Nova Roma do Sul,2010,true,,,existia
4313375,Nova Santa Rita,2010,true,,,existia
4313391,Novo Cabrais,2010,true,,,existia
4313409,Novo Hamburgo,2010,true,,,existia
4313425,Novo Machado,2010,true,,,existia
4313441,Novo Tiradentes,2010,true,,,existia
4313466,Novo Xingu,2010,true,,,existia
4313490,Novo Barreiro,2010,true,,,existia
4313508,Osório,2010,true,,,existia
4313607,Paim Filho,2010,true,,,existia
4313656,Palmares do Sul,2010,true,,,existia
4313706,Palmeira das Missões,2010,true,,,existia
4313805,Palmitinho,2010,true,,,existia
4313904,Panambi,2010,true,,,existia
4313953,Pantano Grande,2010,true,,,existia
4314001,Paraí,2010,true,,,existia
4314027,Paraíso do Sul,2010,true,,,existia
4314035,Pareci Novo,2010,true,,,existia
4314050,Parobé,2010,true,,,existia
4314068,Passa Sete,2010,true,,,existia
4314076,Passo do Sobrado,2010,true,,,existia
4314100,Passo Fundo,2010,true,,,existia
4314134,Paulo Bento,2010,true,,,existia
4314159,Paverama,2010,true,,,existia
4314175,Pedras Altas,2010,true,,,existia
4314209,Pedro Osório,2010,true,,,existia
4314308,Pejuçara,2010,true,,,existia
4314407,Pelotas,2010,true,,,existia
4314423,Picada Café,2010,true,,,existia
4314456,Pinhal,2010,true,,,existia
4314464,Pinhal da Serra,2010,true,,,existia
4314472,Pinhal Grande,2010,true,,,existia
4314498,Pinheirinho do Vale,2010,true,,,existia
4314506,Pinheiro Machado,2010,true,,,existia
4314555,Pirapó,2010,true,,,existia
4314605,Piratini,2010,true,,,existia
4314704,Planalto,2010,true,,,existia
4314753,Poço das Antas,2010,true,,,existia
4314779,Pontão,2010,true,,,existia
4314787,Ponte Preta,2010,true,,,existia
4314803,Portão,2010,true,,,existia
4314902,Porto Alegre,2010,true,,,existia
4315008,Porto Lucena,2010,true,,,existia
4315057,Porto Mauá,2010,true,,,existia
4315073,Porto Vera Cruz,2010,true,,,existia
4315107,Porto Xavier,2010,true,,,existia
4315131,Pouso Novo,2010,true,,,existia
4315149,Presidente Lucena,2010,true,,,existia
4315156,Progresso,2010,true,,,existia
4315172,Protásio Alves,2010,true,,,existia
4315206,Putinga,2010,true,,,existia
4315305,Quaraí,2010,true,,,existia
4315313,Quatro Irmãos,2010,true,,,existia
4315321,Quevedos,2010,true,,,existia
4315354,Quinze de Novembro,2010,true,,,existia
4315404,Redentora,2010,true,,,existia
4315453,Relvado,2010,true,,,existia
4315503,Restinga Sêca,2010,true,,,existia
4315552,Rio dos Índios,2010,true,,,existia
4315602,Rio Grande,2010,true,,,existia
4315701,Rio Pardo,2010,true,,,existia
4315750,Riozinho,2010,true,,,existia
4315800,Roca Sales,2010,true,,,existia
4315909,Rodeio Bonito,2010,true,,,existia
4315958,Rolador,2010,true,,,existia
4316006,Rolante,2010,true,,,existia
4316105,Ronda Alta,2010,true,,,existia
4316204,Rondinha,2010,true,,,existia
4316303,Roque Gonzales,2010,true,,,existia
4316402,Rosário do Sul,2010,true,,,existia
4316428,Sagrada Família,2010,true,,,existia
4316436,Saldanha Marinho,2010,true,,,existia
4316451,Salto do Jacuí,2010,true,,,existia
4316477,Salvador das Missões,2010,true,,,existia
4316501,Salvador do Sul,2010,true,,,existia
4316600,Sananduva,2010,true,,,existia
4316709,Santa Bárbara do Sul,2010,true,,,existia
4316733,Santa Cecília do Sul,2010,true,,,existia
4316758,Santa Clara do Sul,2010,true,,,existia
4316808,Santa Cruz do Sul,2010,true,,,existia
4316907,Santa Maria,2010,true,,,existia
4316956,Santa Maria do Herval,2010,true,,,existia
4316972,Santa Margarida do Sul,2010,true,,,existia
4317004,Santana da Boa Vista,2010,true,,,existia
4317103,Sant'Ana do Livramento,2010,true,,,existia
4317202,Santa Rosa,2010,true,,,existia
4317251,Santa Tereza,2010,true,,,existia
4317301,Santa Vitória do Palmar,2010,true,,,existia
4317400,Santiago,2010,true,,,existia
4317509,Santo Ângelo,2010,true,,,existia
4317558,Santo Antônio do Palma,2010,true,,,existia
4317608,Santo Antônio da Patrulha,2010,true,,,existia
4317707,Santo Antônio das Missões,2010,true,,,existia
4317756,Santo Antônio do Planalto,2010,true,,,existia
4317806,Santo Augusto,2010,true,,,existia
4317905,Santo Cristo,2010,true,,,existia
4317954,Santo Expedito do Sul,2010,true,,,existia
4318002,São Borja,2010,true,,,existia
4318051,São Domingos do Sul,2010,true,,,existia
4318101,São Francisco de Assis,2010,true,,,existia
4318200,São Francisco de Paula,2010,true,,,existia
4318309,São Gabriel,2010,true,,,existia
4318408,São Jerônimo,2010,true,,,existia
4318424,São João da Urtiga,2010,true,,,existia
4318432,São João do Polêsine,2010,true,,,existia
4318440,São Jorge,2010,true,,,existia
4318457,São José das Missões,2010,true,,,existia
4318465,São José do Herval,2010,true,,,existia
4318481,São José do Hortêncio,2010,true,,,existia
4318499,São José do Inhacorá,2010,true,,,existia
4318507,São José do Norte,2010,true,,,existia
4318606,São José do Ouro,2010,true,,,existia
4318614,São José do Sul,2010,true,,,existia
4318622,São José dos Ausentes,2010,true,,,existia
4318705,São Leopoldo,2010,true,,,existia
4318804,São Lourenço do Sul,2010,true,,,existia
4318903,São Luiz Gonzaga,2010,true,,,existia
4319000,São Marcos,2010,true,,,existia
4319109,São Martinho,2010,true,,,existia
4319125,São Martinho da Serra,2010,true,,,existia
4319158,São Miguel das Missões,2010,true,,,existia
4319208,São Nicolau,2010,true,,,existia
4319307,São Paulo das Missões,2010,true,,,existia
4319356,São Pedro da Serra,2010,true,,,existia
4319364,São Pedro das Missões,2010,true,,,existia
4319372,São Pedro do Butiá,2010,true,,,existia
4319406,São Pedro do Sul,2010,true,,,existia
4319505,São Sebastião do Caí,2010,true,,,existia
4319604,São Sepé,2010,true,,,existia
4319703,São Valentim,2010,true,,,existia
4319711,São Valentim do Sul,2010,true,,,existia
4319737,São Valério do Sul,2010,true,,,existia
4319752,São Vendelino,2010,true,,,existia
4319802,São Vicente do Sul,2010,true,,,existia
4319901,Sapiranga,2010,true,,,existia
4320008,Sapucaia do Sul,2010,true,,,existia
4320107,Sarandi,2010,true,,,existia
4320206,Seberi,2010,true,,,existia
4320230,Sede Nova,2010,true,,,existia
4320263,Segredo,2010,true,,,existia
4320305,Selbach,2010,true,,,existia
4320321,Senador Salgado Filho,2010,true,,,existia
4320354,Sentinela do Sul,2010,true,,,existia
4320404,Serafina Corrêa,2010,true,,,existia
4320453,Sério,2010,true,,,existia
4320503,Sertão,2010,true,,,existia
4320552,Sertão Santana,2010,true,,,existia
4320578,Sete de Setembro,2010,true,,,existia
4320602,Severiano de Almeida,2010,true,,,existia
4320651,Silveira Martins,2010,true,,,existia
4320677,Sinimbu,2010,true,,,existia
4320701,Sobradinho,2010,true,,,existia
4320800,Soledade,2010,true,,,existia
4320859,Tabaí,2010,true,,,existia
4320909,Tapejara,2010,true,,,existia
4321006,Tapera,2010,true,,,existia
4321105,Tapes,2010,true,,,existia
4321204,Taquara,2010,true,,,existia
4321303,Taquari,2010,true,,,existia
4321329,Taquaruçu do Sul,2010,true,,,existia
4321352,Tavares,2010,true,,,existia
4321402,Tenente Portela,2010,true,,,existia
4321436,Terra de Areia,2010,true,,,existia
4321451,Teutônia,2010,true,,,existia
4321469,Tio Hugo,2010,true,,,existia
4321477,Tiradentes do Sul,2010,true,,,existia
4321493,Toropi,2010,true,,,existia
4321501,Torres,2010,true,,,existia
4321600,Tramandaí,2010,true,,,existia
4321626,Travesseiro,2010,true,,,existia
4321634,Três Arroios,2010,true,,,existia
4321667,Três Cachoeiras,2010,true,,,existia
4321709,Três Coroas,2010,true,,,existia
4321808,Três de Maio,2010,true,,,existia
4321832,Três Forquilhas,2010,true,,,existia
4321857,Três Palmeiras,2010,true,,,existia
4321907,Três Passos,2010,true,,,existia
4321956,Trindade do Sul,2010,true,,,existia
4322004,Triunfo,2010,true,,,existia
4322103,Tucunduva,2010,true,,,existia
4322152,Tunas,2010,true,,,existia
4322186,Tupanci do Sul,2010,true,,,existia
4322202,Tupanciretã,2010,true,,,existia
4322251,Tupandi,2010,true,,,existia
4322301,Tuparendi,2010,true,,,existia
4322327,Turuçu,2010,true,,,existia
4322343,Ubiretama,2010,true,,,existia
4322350,União da Serra,2010,true,,,existia
4322376,Unistalda,2010,true,,,existia
4322400,Uruguaiana,2010,true,,,existia
4322509,Vacaria,2010,true,,,existia
4322525,Vale Verde,2010,true,,,existia
4322533,Vale do Sol,2010,true,,,existia
4322541,Vale Real,2010,true,,,existia
4322558,Vanini,2010,true,,,existia
4322608,Venâncio Aires,2010,true,,,existia
4322707,Vera Cruz,2010,true,,,existia
4322806,Veranópolis,2010,true,,,existia
4322855,Vespasiano Corrêa,2010,true,,,existia
4322905,Viadutos,2010,true,,,existia
4323002,Viamão,2010,true,,,existia
4323101,Vicente Dutra,2010,true,,,existia
4323200,Victor Graeff,2010,true,,,existia
4323309,Vila Flores,2010,true,,,existia
4323358,Vila Lângaro,2010,true,,,existia
4323408,Vila Maria,2010,true,,,existia
4323457,Vila Nova do Sul,2010,true,,,existia
4323507,Vista Alegre,2010,true,,,existia
4323606,Vista Alegre do Prata,2010,true,,,existia
4323705,Vista Gaúcha,2010,true,,,existia
4323754,Vitória das Missões,2010,true,,,existia
4323770,Westfália,2010,true,,,existia
4323804,Xangri-lá,2010,true,,,existia
5000203,Água Clara,2010,true,,,existia
5000252,Alcinópolis,2010,true,,,existia
5000609,Amambai,2010,true,,,existia
5000708,Anastácio,2010,true,,,existia
5000807,Anaurilândia,2010,true,,,existia
5000856,Angélica,2010,true,,,existia
5000906,Antônio João,2010,true,,,existia
5001003,Aparecida do Taboado,2010,true,,,existia
5001102,Aquidauana,2010,true,,,existia
5001243,Aral Moreira,2010,true,,,existia
5001508,Bandeirantes,2010,true,,,existia
5001904,Bataguassu,2010,true,,,existia
5002001,Batayporã,2010,true,,,existia
5002100,Bela Vista,2010,true,,,existia
5002159,Bodoquena,2010,true,,,existia
5002209,Bonito,2010,true,,,existia
5002308,Brasilândia,2010,true,,,existia
5002407,Caarapó,2010,true,,,existia
5002605,Camapuã,2010,true,,,existia
5002704,Campo Grande,2010,true,,,existia
5002803,Caracol,2010,true,,,existia
5002902,Cassilândia,2010,true,,,existia
5002951,Chapadão do Sul,2010,true,,,existia
5003108,Corguinho,2010,true,,,existia
5003157,Coronel Sapucaia,2010,true,,,existia
5003207,Corumbá,2010,true,,,existia
5003256,Costa Rica,2010,true,,,existia
5003306,Coxim,2010,true,,,existia
5003454,Deodápolis,2010,true,,,existia
5003488,Dois Irmãos do Buriti,2010,true,,,existia
5003504,Douradina,2010,true,,,existia
5003702,Dourados,2010,true,,,existia
5003751,Eldorado,2010,true,,,existia
5003801,Fátima do Sul,2010,true,,,existia
5003900,Figueirão,2010,true,,,existia
5004007,Glória de Dourados,2010,true,,,existia
5004106,Guia Lopes da Laguna,2010,true,,,existia
5004304,Iguatemi,2010,true,,,existia
5004403,Inocência,2010,true,,,existia
5004502,Itaporã,2010,true,,,existia
5004601,Itaquiraí,2010,true,,,existia
5004700,Ivinhema,2010,true,,,existia
5004809,Japorã,2010,true,,,existia
5004908,Jaraguari,2010,true,,,existia
5005004,Jardim,2010,true,,,existia
5005103,Jateí,2010,true,,,existia
5005152,Juti,2010,true,,,existia
5005202,Ladário,2010,true,,,existia
5005251,Laguna Carapã,2010,true,,,existia
5005400,Maracaju,2010,true,,,existia
5005608,Miranda,2010,true,,,existia
5005681,Mundo Novo,2010,true,,,existia
5005707,Naviraí,2010,true,,,existia
5005806,Nioaque,2010,true,,,existia
5006002,Nova Alvorada do Sul,2010,true,,,existia
5006200,Nova Andradina,2010,true,,,existia
5006259,Novo Horizonte do Sul,2010,true,,,existia
5006309,Paranaíba,2010,true,,,existia
5006358,Paranhos,2010,true,,,existia
5006408,Pedro Gomes,2010,true,,,existia
5006606,Ponta Porã,2010,true,,,existia
5006903,Porto Murtinho,2010,true,,,existia
5007109,Ribas do Rio Pardo,2010,true,,,existia
5007208,Rio Brilhante,2010,true,,,existia
5007307,Rio Negro,2010,true,,,existia
5007406,Rio Verde de Mato Grosso,2010,true,,,existia
5007505,Rochedo,2010,true,,,existia
5007554,Santa Rita do Pardo,2010,true,,,existia
5007695,São Gabriel do Oeste,2010,true,,,existia
5007703,Sete Quedas,2010,true,,,existia
5007802,Selvíria,2010,true,,,existia
5007901,Sidrolândia,2010,true,,,existia
5007935,Sonora,2010,true,,,existia
5007950,Tacuru,2010,true,,,existia
5007976,Taquarussu,2010,true,,,existia
5008008,Terenos,2010,true,,,existia
5008305,Três Lagoas,2010,true,,,existia
5008404,Vicentina,2010,true,,,existia
5100102,Acorizal,2010,true,,,existia
5100201,Água Boa,2010,true,,,existia
5100250,Alta Floresta,2010,true,,,existia
5100300,Alto Araguaia,2010,true,,,existia
5100359,Alto Boa Vista,2010,true,,,existia
5100409,Alto Garças,2010,true,,,existia
5100508,Alto Paraguai,2010,true,,,existia
5100607,Alto Taquari,2010,true,,,existia
5100805,Apiacás,2010,true,,,existia
5101001,Araguaiana,2010,true,,,existia
5101209,Araguainha,2010,true,,,existia
5101258,Araputanga,2010,true,,,existia
5101308,Arenápolis,2010,true,,,existia
5101407,Aripuanã,2010,true,,,existia
5101605,Barão de Melgaço,2010,true,,,existia
5101704,Barra do Bugres,2010,true,,,existia
5101803,Barra do Garças,2010,true,,,existia
5101852,Bom Jesus do Araguaia,2010,true,,,existia
5101902,Brasnorte,2010,true,,,existia
5102504,Cáceres,2010,true,,,existia
5102603,Campinápolis,2010,true,,,existia
5102637,Campo Novo do Parecis,2010,true,,,existia
5102678,Campo Verde,2010,true,,,existia
5102686,Campos de Júlio,2010,true,,,existia
5102694,Canabrava do Norte,2010,true,,,existia
5102702,Canarana,2010,true,,,existia
5102793,Carlinda,2010,true,,,existia
5102850,Castanheira,2010,true,,,existia
5103007,Chapada dos Guimarães,2010,true,,,existia
5103056,Cláudia,2010,true,,,existia
5103106,Cocalinho,2010,true,,,existia
5103205,Colíder,2010,true,,,existia
5103254,Colniza,2010,true,,,existia
5103304,Comodoro,2010,true,,,existia
5103353,Confresa,2010,true,,,existia
5103361,Conquista D'Oeste,2010,true,,,existia
5103379,Cotriguaçu,2010,true,,,existia
5103403,Cuiabá,2010,true,,,existia
5103437,Curvelândia,2010,true,,,existia
5103452,Denise,2010,true,,,existia
5103502,Diamantino,2010,true,,,existia
5103601,Dom Aquino,2010,true,,,existia
5103700,Feliz Natal,2010,true,,,existia
5103809,Figueirópolis D'Oeste,2010,true,,,existia
5103858,Gaúcha do Norte,2010,true,,,existia
5103908,General Carneiro,2010,true,,,existia
5103957,Glória D'Oeste,2010,true,,,existia
5104104,Guarantã do Norte,2010,true,,,existia
5104203,Guiratinga,2010,true,,,existia
5104500,Indiavaí,2010,true,,,existia
5104526,Ipiranga do Norte,2010,true,,,existia
5104542,Itanhangá,2010,true,,,existia
5104559,Itaúba,2010,true,,,existia
5104609,Itiquira,2010,true,,,existia
5104807,Jaciara,2010,true,,,existia
5104906,Jangada,2010,true,,,existia
5105002,Jauru,2010,true,,,existia
5105101,Juara,2010,true,,,existia
5105150,Juína,2010,true,,,existia
5105176,Juruena,2010,true,,,existia
5105200,Juscimeira,2010,true,,,existia
5105234,Lambari D'Oeste,2010,true,,,existia
5105259,Lucas do Rio Verde,2010,true,,,existia
5105309,Luciara,2010,true,,,existia
5105507,Vila Bela da Santíssima Trindade,2010,true,,,existia
5105580,Marcelândia,2010,true,,,existia
5105606,Matupá,2010,true,,,existia
5105622,Mirassol d'Oeste,2010,true,,,existia
5105903,Nobres,2010,true,,,existia
5106000,Nortelândia,2010,true,,,existia
5106109,Nossa Senhora do Livramento,2010,true,,,existia
5106158,Nova Bandeirantes,2010,true,,,existia
5106174,Nova Nazaré,2010,true,,,existia
5106182,Nova Lacerda,2010,true,,,existia
5106190,Nova Santa Helena,2010,true,,,existia
5106208,Nova Brasilândia,2010,true,,,existia
5106216,Nova Canaã do Norte,2010,true,,,existia
5106224,Nova Mutum,2010,true,,,existia
5106232,Nova Olímpia,2010,true,,,existia
5106240,Nova Ubiratã,2010,true,,,existia
5106257,Nova Xavantina,2010,true,,,existia
5106265,Novo Mundo,2010,true,,,existia
5106273,Novo Horizonte do Norte,2010,true,,,existia
5106281,Novo São Joaquim,2010,true,,,existia
5106299,Paranaíta,2010,true,,,existia
5106307,Paranatinga,2010,true,,,existia
5106315,Novo Santo Antônio,2010,true,,,existia
5106372,Pedra Preta,2010,true,,,existia
5106422,Peixoto de Azevedo,2010,true,,,existia
5106455,Planalto da Serra,2010,true,,,existia
5106505,Poconé,2010,true,,,existia
5106653,Pontal do Araguaia,2010,true,,,existia
5106703,Ponte Branca,2010,true,,,existia
5106752,Pontes e Lacerda,2010,true,,,existia
5106778,Porto Alegre do Norte,2010,true,,,existia
5106802,Porto dos Gaúchos,2010,true,,,existia
5106828,Porto Esperidião,2010,true,,,existia
5106851,Porto Estrela,2010,true,,,existia
5107008,Poxoréu,2010,true,,,existia
5107040,Primavera do Leste,2010,true,,,existia
5107065,Querência,2010,true,,,existia
5107107,São José dos Quatro Marcos,2010,true,,,existia
5107156,Reserva do Cabaçal,2010,true,,,existia
5107180,Ribeirão Cascalheira,2010,true,,,existia
5107198,Ribeirãozinho,2010,true,,,existia
5107206,Rio Branco,2010,true,,,existia
5107248,Santa Carmem,2010,true,,,existia
5107263,Santo Afonso,2010,true,,,existia
5107297,São José do Povo,2010,true,,,existia
5107305,São José do Rio Claro,2010,true,,,existia
5107354,São José do Xingu,2010,true,,,existia
5107404,São Pedro da Cipa,2010,true,,,existia
5107578,Rondolândia,2010,true,,,existia
5107602,Rondonópolis,2010,true,,,existia
5107701,Rosário Oeste,2010,true,,,existia
5107743,Santa Cruz do Xingu,2010,true,,,existia
5107750,Salto do Céu,2010,true,,,existia
5107768,Santa Rita do Trivelato,2010,true,,,existia
5107776,Santa Terezinha,2010,true,,,existia
5107792,Santo Antônio do Leste,2010,true,,,existia
5107800,Santo Antônio de Leverger,2010,true,,,existia
5107859,São Félix do Araguaia,2010,true,,,existia
5107875,Sapezal,2010,true,,,existia
5107883,Serra Nova Dourada,2010,true,,,existia
5107909,Sinop,2010,true,,,existia
5107925,Sorriso,2010,true,,,existia
5107941,Tabaporã,2010,true,,,existia
5107958,Tangará da Serra,2010,true,,,existia
5108006,Tapurah,2010,true,,,existia
5108055,Terra Nova do Norte,2010,true,,,existia
5108105,Tesouro,2010,true,,,existia
5108204,Torixoréu,2010,true,,,existia
5108303,União do Sul,2010,true,,,existia
5108352,Vale de São Domingos,2010,true,,,existia
5108402,Várzea Grande,2010,true,,,existia
5108501,Vera,2010,true,,,existia
5108600,Vila Rica,2010,true,,,existia
5108808,Nova Guarita,2010,true,,,existia
5108857,Nova Marilândia,2010,true,,,existia
5108907,Nova Maringá,2010,true,,,existia
5108956,Nova Monte Verde,2010,true,,,existia
5200050,Abadia de Goiás,2010,true,,,existia
5200100,Abadiânia,2010,true,,,existia
5200134,Acreúna,2010,true,,,existia
5200159,Adelândia,2010,true,,,existia
5200175,Água Fria de Goiás,2010,true,,,existia
5200209,Água Limpa,2010,true,,,existia
5200258,Águas Lindas de Goiás,2010,true,,,existia
5200308,Alexânia,2010,true,,,existia
5200506,Aloândia,2010,true,,,existia
5200555,Alto Horizonte,2010,true,,,existia
5200605,Alto Paraíso de Goiás,2010,true,,,existia
5200803,Alvorada do Norte,2010,true,,,existia
5200829,Amaralina,2010,true,,,existia
5200852,Americano do Brasil,2010,true,,,existia
5200902,Amorinópolis,2010,true,,,existia
5201108,Anápolis,2010,true,,,existia
5201207,Anhanguera,2010,true,,,existia
5201306,Anicuns,2010,true,,,existia
5201405,Aparecida de Goiânia,2010,true,,,existia
5201454,Aparecida do Rio Doce,2010,true,,,existia
5201504,Aporé,2010,true,,,existia
5201603,Araçu,2010,true,,,existia
5201702,Aragarças,2010,true,,,existia
5201801,Aragoiânia,2010,true,,,existia
5202155,Araguapaz,2010,true,,,existia
5202353,Arenópolis,2010,true,,,existia
5202502,Aruanã,2010,true,,,existia
5202601,Aurilândia,2010,true,,,existia
5202809,Avelinópolis,2010,true,,,existia
5203104,Baliza,2010,true,,,existia
5203203,Barro Alto,2010,true,,,existia
5203302,Bela Vista de Goiás,2010,true,,,existia
5203401,Bom Jardim de Goiás,2010,true,,,existia
5203500,Bom Jesus de Goiás,2010,true,,,existia
5203559,Bonfinópolis,2010,true,,,existia
5203575,Bonópolis,2010,true,,,existia
5203609,Brazabrantes,2010,true,,,existia
5203807,Britânia,2010,true,,,existia
5203906,Buriti Alegre,2010,true,,,existia
5203939,Buriti de Goiás,2010,true,,,existia
5203962,Buritinópolis,2010,true,,,existia
5204003,Cabeceiras,2010,true,,,existia
5204102,Cachoeira Alta,2010,true,,,existia
5204201,Cachoeira de Goiás,2010,true,,,existia
5204250,Cachoeira Dourada,2010,true,,,existia
5204300,Caçu,2010,true,,,existia
5204409,Caiapônia,2010,true,,,existia
5204508,Caldas Novas,2010,true,,,existia
5204557,Caldazinha,2010,true,,,existia
5204607,Campestre de Goiás,2010,true,,,existia
5204656,Campinaçu,2010,true,,,existia
5204706,Campinorte,2010,true,,,existia
5204805,Campo Alegre de Goiás,2010,true,,,existia
5204854,Campo Limpo de Goiás,2010,true,,,existia
5204904,Campos Belos,2010,true,,,existia
5204953,Campos Verdes,2010,true,,,existia
5205000,Carmo do Rio Verde,2010,true,,,existia
5205059,Castelândia,2010,true,,,existia
5205109,Catalão,2010,true,,,existia
5205208,Caturaí,2010,true,,,existia
5205307,Cavalcante,2010,true,,,existia
5205406,Ceres,2010,true,,,existia
5205455,Cezarina,2010,true,,,existia
5205471,Chapadão do Céu,2010,true,,,existia
5205497,Cidade Ocidental,2010,true,,,existia
5205513,Cocalzinho de Goiás,2010,true,,,existia
5205521,Colinas do Sul,2010,true,,,existia
5205703,Córrego do Ouro,2010,true,,,existia
5205802,Corumbá de Goiás,2010,true,,,existia
5205901,Corumbaíba,2010,true,,,existia
5206206,Cristalina,2010,true,,,existia
5206305,Cristianópolis,2010,true,,,existia
5206404,Crixás,2010,true,,,existia
5206503,Cromínia,2010,true,,,existia
5206602,Cumari,2010,true,,,existia
5206701,Damianópolis,2010,true,,,existia
5206800,Damolândia,2010,true,,,existia
5206909,Davinópolis,2010,true,,,existia
5207105,Diorama,2010,true,,,existia
5207253,Doverlândia,2010,true,,,existia
5207352,Edealina,2010,true,,,existia
5207402,Edéia,2010,true,,,existia
5207501,Estrela do Norte,2010,true,,,existia
5207535,Faina,2010,true,,,existia
5207600,Fazenda Nova,2010,true,,,existia
5207808,Firminópolis,2010,true,,,existia
5207907,Flores de Goiás,2010,true,,,existia
5208004,Formosa,2010,true,,,existia
5208103,Formoso,2010,true,,,existia
5208152,Gameleira de Goiás,2010,true,,,existia
5208301,Divinópolis de Goiás,2010,true,,,existia
5208400,Goianápolis,2010,true,,,existia
5208509,Goiandira,2010,true,,,existia
5208608,Goianésia,2010,true,,,existia
5208707,Goiânia,2010,true,,,existia
5208806,Goianira,2010,true,,,existia
5208905,Goiás,2010,true,,,existia
5209101,Goiatuba,2010,true,,,existia
5209150,Gouvelândia,2010,true,,,existia
5209200,Guapó,2010,true,,,existia
5209291,Guaraíta,2010,true,,,existia
5209408,Guarani de Goiás,2010,true,,,existia
5209457,Guarinos,2010,true,,,existia
5209606,Heitoraí,2010,true,,,existia
5209705,Hidrolândia,2010,true,,,existia
5209804,Hidrolina,2010,true,,,existia
5209903,Iaciara,2010,true,,,existia
5209937,Inaciolândia,2010,true,,,existia
5209952,Indiara,2010,true,,,existia
5210000,Inhumas,2010,true,,,existia
5210109,Ipameri,2010,true,,,existia
5210158,Ipiranga de Goiás,2010,true,,,existia
5210208,Iporá,2010,true,,,existia
5210307,Israelândia,2010,true,,,existia
5210406,Itaberaí,2010,true,,,existia
5210562,Itaguari,2010,true,,,existia
5210604,Itaguaru,2010,true,,,existia
5210802,Itajá,2010,true,,,existia
5210901,Itapaci,2010,true,,,existia
5211008,Itapirapuã,2010,true,,,existia
5211206,Itapuranga,2010,true,,,existia
5211305,Itarumã,2010,true,,,existia
5211404,Itauçu,2010,true,,,existia
5211503,Itumbiara,2010,true,,,existia
5211602,Ivolândia,2010,true,,,existia
5211701,Jandaia,2010,true,,,existia
5211800,Jaraguá,2010,true,,,existia
5211909,Jataí,2010,true,,,existia
5212006,Jaupaci,2010,true,,,existia
5212055,Jesúpolis,2010,true,,,existia
5212105,Joviânia,2010,true,,,existia
5212204,Jussara,2010,true,,,existia
5212253,Lagoa Santa,2010,true,,,existia
5212303,Leopoldo de Bulhões,2010,true,,,existia
5212501,Luziânia,2010,true,,,existia
5212600,Mairipotaba,2010,true,,,existia
5212709,Mambaí,2010,true,,,existia
5212808,Mara Rosa,2010,true,,,existia
5212907,Marzagão,2010,true,,,existia
5212956,Matrinchã,2010,true,,,existia
5213004,Maurilândia,2010,true,,,existia
5213053,Mimoso de Goiás,2010,true,,,existia
5213087,Minaçu,2010,true,,,existia
5213103,Mineiros,2010,true,,,existia
5213400,Moiporá,2010,true,,,existia
5213509,Monte Alegre de Goiás,2010,true,,,existia
5213707,Montes Claros de Goiás,2010,true,,,existia
5213756,Montividiu,2010,true,,,existia
5213772,Montividiu do Norte,2010,true,,,existia
5213806,Morrinhos,2010,true,,,existia
5213855,Morro Agudo de Goiás,2010,true,,,existia
5213905,Mossâmedes,2010,true,,,existia
5214002,Mozarlândia,2010,true,,,existia
5214051,Mundo Novo,2010,true,,,existia
5214101,Mutunópolis,2010,true,,,existia
5214408,Nazário,2010,true,,,existia
5214507,Nerópolis,2010,true,,,existia
5214606,Niquelândia,2010,true,,,existia
5214705,Nova América,2010,true,,,existia
5214804,Nova Aurora,2010,true,,,existia
5214838,Nova Crixás,2010,true,,,existia
5214861,Nova Glória,2010,true,,,existia
5214879,Nova Iguaçu de Goiás,2010,true,,,existia
5214903,Nova Roma,2010,true,,,existia
5215009,Nova Veneza,2010,true,,,existia
5215207,Novo Brasil,2010,true,,,existia
5215231,Novo Gama,2010,true,,,existia
5215256,Novo Planalto,2010,true,,,existia
5215306,Orizona,2010,true,,,existia
5215405,Ouro Verde de Goiás,2010,true,,,existia
5215504,Ouvidor,2010,true,,,existia
5215603,Padre Bernardo,2010,true,,,existia
5215652,Palestina de Goiás,2010,true,,,existia
5215702,Palmeiras de Goiás,2010,true,,,existia
5215801,Palmelo,2010,true,,,existia
5215900,Palminópolis,2010,true,,,existia
5216007,Panamá,2010,true,,,existia
5216304,Paranaiguara,2010,true,,,existia
5216403,Paraúna,2010,true,,,existia
5216452,Perolândia,2010,true,,,existia
5216809,Petrolina de Goiás,2010,true,,,existia
5216908,Pilar de Goiás,2010,true,,,existia
5217104,Piracanjuba,2010,true,,,existia
5217203,Piranhas,2010,true,,,existia
5217302,Pirenópolis,2010,true,,,existia
5217401,Pires do Rio,2010,true,,,existia
5217609,Planaltina,2010,true,,,existia
5217708,Pontalina,2010,true,,,existia
5218003,Porangatu,2010,true,,,existia
5218052,Porteirão,2010,true,,,existia
5218102,Portelândia,2010,true,,,existia
5218300,Posse,2010,true,,,existia
5218391,Professor Jamil,2010,true,,,existia
5218508,Quirinópolis,2010,true,,,existia
5218607,Rialma,2010,true,,,existia
5218706,Rianápolis,2010,true,,,existia
5218789,Rio Quente,2010,true,,,existia
5218805,Rio Verde,2010,true,,,existia
5218904,Rubiataba,2010,true,,,existia
5219001,Sanclerlândia,2010,true,,,existia
5219100,Santa Bárbara de Goiás,2010,true,,,existia
5219209,Santa Cruz de Goiás,2010,true,,,existia
5219258,Santa Fé de Goiás,2010,true,,,existia
5219308,Santa Helena de Goiás,2010,true,,,existia
5219357,Santa Isabel,2010,true,,,existia
5219407,Santa Rita do Araguaia,2010,true,,,existia
5219456,Santa Rita do Novo Destino,2010,true,,,existia
5219506,Santa Rosa de Goiás,2010,true,,,existia
5219605,Santa Tereza de Goiás,2010,true,,,existia
5219704,Santa Terezinha de Goiás,2010,true,,,existia
5219712,Santo Antônio da Barra,2010,true,,,existia
5219738,Santo Antônio de Goiás,2010,true,,,existia
5219753,Santo Antônio do Descoberto,2010,true,,,existia
5219803,São Domingos,2010,true,,,existia
5219902,São Francisco de Goiás,2010,true,,,existia
5220009,São João d'Aliança,2010,true,,,existia
5220058,São João da Paraúna,2010,true,,,existia
5220108,São Luís de Montes Belos,2010,true,,,existia
5220157,São Luiz do Norte,2010,true,,,existia
5220207,São Miguel do Araguaia,2010,true,,,existia
5220264,São Miguel do Passa Quatro,2010,true,,,existia
5220280,São Patrício,2010,true,,,existia
5220405,São Simão,2010,true,,,existia
5220454,Senador Canedo,2010,true,,,existia
5220504,Serranópolis,2010,true,,,existia
5220603,Silvânia,2010,true,,,existia
5220686,Simolândia,2010,true,,,existia
5220702,Sítio d'Abadia,2010,true,,,existia
5221007,Taquaral de Goiás,2010,true,,,existia
5221080,Teresina de Goiás,2010,true,,,existia
5221197,Terezópolis de Goiás,2010,true,,,existia
5221304,Três Ranchos,2010,true,,,existia
5221403,Trindade,2010,true,,,existia
5221452,Trombas,2010,true,,,existia
5221502,Turvânia,2010,true,,,existia
5221551,Turvelândia,2010,true,,,existia
5221577,Uirapuru,2010,true,,,existia
5221601,Uruaçu,2010,true,,,existia
5221700,Uruana,2010,true,,,existia
5221809,Urutaí,2010,true,,,existia
5221858,Valparaíso de Goiás,2010,true,,,existia
5221908,Varjão,2010,true,,,existia
5222005,Vianópolis,2010,true,,,existia
5222054,Vicentinópolis,2010,true,,,existia
5222203,Vila Boa,2010,true,,,existia
5222302,Vila Propício,2010,true,,,existia
5300108,Brasília,2010,true,,,existia
5006275,Paraíso das Águas,2010,false,5000203,Água Clara,multiplos_pais
1504752,Mojuí dos Campos,2010,false,1506807,Santarém,unico_pai
4314548,Pinto Bandeira,2010,false,4302105,Bento Gonçalves,unico_pai
4220000,Balneário Rincão,2010,false,4207007,Içara,unico_pai
4212650,Pescaria Brava,2010,false,4209409,Laguna,unico_pai
1100015,Alta Floresta D'Oeste,2000,true,,,existia
1100023,Ariquemes,2000,true,,,existia
1100031,Cabixi,2000,true,,,existia
1100049,Cacoal,2000,true,,,existia
1100056,Cerejeiras,2000,true,,,existia
1100064,Colorado do Oeste,2000,true,,,existia
1100072,Corumbiara,2000,true,,,existia
1100080,Costa Marques,2000,true,,,existia
1100098,Espigão D'Oeste,2000,true,,,existia
1100106,Guajará-Mirim,2000,true,,,existia
1100114,Jaru,2000,true,,,existia
1100122,Ji-Paraná,2000,true,,,existia
1100130,Machadinho D'Oeste,2000,true,,,existia
1100148,Nova Brasilândia D'Oeste,2000,true,,,existia
1100155,Ouro Preto do Oeste,2000,true,,,existia
1100189,Pimenta Bueno,2000,true,,,existia
1100205,Porto Velho,2000,true,,,existia
1100254,Presidente Médici,2000,true,,,existia
1100262,Rio Crespo,2000,true,,,existia
1100288,Rolim de Moura,2000,true,,,existia
1100296,Santa Luzia D'Oeste,2000,true,,,existia
1100304,Vilhena,2000,true,,,existia
1100320,São Miguel do Guaporé,2000,true,,,existia
1100338,Nova Mamoré,2000,true,,,existia
1100346,Alvorada D'Oeste,2000,true,,,existia
1100379,Alto Alegre dos Parecis,2000,true,,,existia
1100403,Alto Paraíso,2000,true,,,existia
1100452,Buritis,2000,true,,,existia
1100502,Novo Horizonte do Oeste,2000,true,,,existia
1100601,Cacaulândia,2000,true,,,existia
1100700,Campo Novo de Rondônia,2000,true,,,existia
1100809,Candeias do Jamari,2000,true,,,existia
1100908,Castanheiras,2000,true,,,existia
1100924,Chupinguaia,2000,true,,,existia
1100940,Cujubim,2000,true,,,existia
1101005,Governador Jorge Teixeira,2000,true,,,existia
1101104,Itapuã do Oeste,2000,true,,,existia
1101203,Ministro Andreazza,2000,true,,,existia
1101302,Mirante da Serra,2000,true,,,existia
1101401,Monte Negro,2000,true,,,existia
1101435,Nova União,2000,true,,,existia
1101450,Parecis,2000,true,,,existia
1101468,Pimenteiras do Oeste,2000,true,,,existia
1101476,Primavera de Rondônia,2000,true,,,existia
1101484,São Felipe D'Oeste,2000,true,,,existia
1101492,São Francisco do Guaporé,2000,true,,,existia
1101500,Seringueiras,2000,true,,,existia
1101559,Teixeirópolis,2000,true,,,existia
1101609,Theobroma,2000,true,,,existia
1101708,Urupá,2000,true,,,existia
1101757,Vale do Anari,2000,true,,,existia
1101807,Vale do Paraíso,2000,true,,,existia
1200013,Acrelândia,2000,true,,,existia
1200054,Assis Brasil,2000,true,,,existia
1200104,Brasiléia,2000,true,,,existia
1200138,Bujari,2000,true,,,existia
1200179,Capixaba,2000,true,,,existia
1200203,Cruzeiro do Sul,2000,true,,,existia
1200252,Epitaciolândia,2000,true,,,existia
1200302,Feijó,2000,true,,,existia
1200328,Jordão,2000,true,,,existia
1200336,Mâncio Lima,2000,true,,,existia
1200344,Manoel Urbano,2000,true,,,existia
1200351,Marechal Thaumaturgo,2000,true,,,existia
1200385,Plácido de Castro,2000,true,,,existia
1200393,Porto Walter,2000,true,,,existia
1200401,Rio Branco,2000,true,,,existia
1200427,Rodrigues Alves,2000,true,,,existia
1200435,Santa Rosa do Purus,2000,true,,,existia
1200450,Senador Guiomard,2000,true,,,existia
1200500,Sena Madureira,2000,true,,,existia
1200609,Tarauacá,2000,true,,,existia
1200708,Xapuri,2000,true,,,existia
1200807,Porto Acre,2000,true,,,existia
1300029,Alvarães,2000,true,,,existia
1300060,Amaturá,2000,true,,,existia
1300086,Anamã,2000,true,,,existia
1300102,Anori,2000,true,,,existia
1300144,Apuí,2000,true,,,existia
1300201,Atalaia do Norte,2000,true,,,existia
1300300,Autazes,2000,true,,,existia
1300409,Barcelos,2000,true,,,existia
1300508,Barreirinha,2000,true,,,existia
1300607,Benjamin Constant,2000,true,,,existia
1300631,Beruri,2000,true,,,existia
1300680,Boa Vista do Ramos,2000,true,,,existia
1300706,Boca do Acre,2000,true,,,existia
1300805,Borba,2000,true,,,existia
1300839,Caapiranga,2000,true,,,existia
1300904,Canutama,2000,true,,,existia
1301001,Carauari,2000,true,,,existia
1301100,Careiro,2000,true,,,existia
1301159,Careiro da Várzea,2000,true,,,existia
1301209,Coari,2000,true,,,existia
1301308,Codajás,2000,true,,,existia
1301407,Eirunepé,2000,true,,,existia
1301506,Envira,2000,true,,,existia
1301605,Fonte Boa,2000,true,,,existia
1301654,Guajará,2000,true,,,existia
1301704,Humaitá,2000,true,,,existia
1301803,Ipixuna,2000,true,,,existia
1301852,Iranduba,2000,true,,,existia
1301902,Itacoatiara,2000,true,,,existia
1301951,Itamarati,2000,true,,,existia
1302009,Itapiranga,2000,true,,,existia
1302108,Japurá,2000,true,,,existia
1302207,Juruá,2000,true,,,existia
1302306,Jutaí,2000,true,,,existia
1302405,Lábrea,2000,true,,,existia
1302504,Manacapuru,2000,true,,,existia
1302553,Manaquiri,2000,true,,,existia
1302603,Manaus,2000,true,,,existia
1302702,Manicoré,2000,true,,,existia
1302801,Maraã,2000,true,,,existia
1302900,Maués,2000,true,,,existia
1303007,Nhamundá,2000,true,,,existia
1303106,Nova Olinda do Norte,2000,true,,,existia
1303205,Novo Airão,2000,true,,,existia
1303304,Novo Aripuanã,2000,true,,,existia
1303403,Parintins,2000,true,,,existia
1303502,Pauini,2000,true,,,existia
1303536,Presidente Figueiredo,2000,true,,,existia
1303569,Rio Preto da Eva,2000,true,,,existia
1303601,Santa Isabel do Rio Negro,2000,true,,,existia
1303700,Santo Antônio do Içá,2000,true,,,existia
1303809,São Gabriel da Cachoeira,2000,true,,,existia
1303908,São Paulo de Olivença,2000,true,,,existia
1303957,São Sebastião do Uatumã,2000,true,,,existia
1304005,Silves,2000,true,,,existia
1304062,Tabatinga,2000,true,,,existia
1304104,Tapauá,2000,true,,,existia
1304203,Tefé,2000,true,,,existia
1304237,Tonantins,2000,true,,,existia
1304260,Uarini,2000,true,,,existia
1304302,Urucará,2000,true,,,existia
1304401,Urucurituba,2000,true,,,existia
1400027,Amajari,2000,true,,,existia
1400050,Alto Alegre,2000,true,,,existia
1400100,Boa Vista,2000,true,,,existia
1400159,Bonfim,2000,true,,,existia
1400175,Cantá,2000,true,,,existia
1400209,Caracaraí,2000,true,,,existia
1400233,Caroebe,2000,true,,,existia
1400282,Iracema,2000,true,,,existia
1400308,Mucajaí,2000,true,,,existia
1400407,Normandia,2000,true,,,existia
1400456,Pacaraima,2000,true,,,existia
1400472,Rorainópolis,2000,true,,,existia
1400506,São João da Baliza,2000,true,,,existia
1400605,São Luiz,2000,true,,,existia
1400704,Uiramutã,2000,true,,,existia
1500107,Abaetetuba,2000,true,,,existia
1500131,Abel Figueiredo,2000,true,,,existia
1500206,Acará,2000,true,,,existia
1500305,Afuá,2000,true,,,existia
1500347,Água Azul do Norte,2000,true,,,existia
1500404,Alenquer,2000,true,,,existia
1500503,Almeirim,2000,true,,,existia
1500602,Altamira,2000,true,,,existia
1500701,Anajás,2000,true,,,existia
1500800,Ananindeua,2000,true,,,existia
1500859,Anapu,2000,true,,,existia
1500909,Augusto Corrêa,2000,true,,,existia
1500958,Aurora do Pará,2000,true,,,existia
1501006,Aveiro,2000,true,,,existia
1501105,Bagre,2000,true,,,existia
1501204,Baião,2000,true,,,existia
1501253,Bannach,2000,true,,,existia
1501303,Barcarena,2000,true,,,existia
1501402,Belém,2000,true,,,existia
1501451,Belterra,2000,true,,,existia
1501501,Benevides,2000,true,,,existia
1501576,Bom Jesus do Tocantins,2000,true,,,existia
1501600,Bonito,2000,true,,,existia
1501709,Bragança,2000,true,,,existia
1501725,Brasil Novo,2000,true,,,existia
1501758,Brejo Grande do Araguaia,2000,true,,,existia
1501782,Breu Branco,2000,true,,,existia
1501808,Breves,2000,true,,,existia
1501907,Bujaru,2000,true,,,existia
1501956,Cachoeira do Piriá,2000,true,,,existia
1502004,Cachoeira do Arari,2000,true,,,existia
1502103,Cametá,2000,true,,,existia
1502152,Canaã dos Carajás,2000,true,,,existia
1502202,Capanema,2000,true,,,existia
1502301,Capitão Poço,2000,true,,,existia
1502400,Castanhal,2000,true,,,existia
1502509,Chaves,2000,true,,,existia
1502608,Colares,2000,true,,,existia
1502707,Conceição do Araguaia,2000,true,,,existia
1502756,Concórdia do Pará,2000,true,,,existia
1502764,Cumaru do Norte,2000,true,,,existia
1502772,Curionópolis,2000,true,,,existia
1502806,Curralinho,2000,true,,,existia
1502855,Curuá,2000,true,,,existia
1502905,Curuçá,2000,true,,,existia
1502939,Dom Eliseu,2000,true,,,existia
1502954,Eldorado do Carajás,2000,true,,,existia
1503002,Faro,2000,true,,,existia
1503044,Floresta do Araguaia,2000,true,,,existia
1503077,Garrafão do Norte,2000,true,,,existia
1503093,Goianésia do Pará,2000,true,,,existia
1503101,Gurupá,2000,true,,,existia
1503200,Igarapé-Açu,2000,true,,,existia
1503309,Igarapé-Miri,2000,true,,,existia
1503408,Inhangapi,2000,true,,,existia
1503457,Ipixuna do Pará,2000,true,,,existia
1503507,Irituia,2000,true,,,existia
1503606,Itaituba,2000,true,,,existia
1503705,Itupiranga,2000,true,,,existia
1503754,Jacareacanga,2000,true,,,existia
1503804,Jacundá,2000,true,,,existia
1503903,Juruti,2000,true,,,existia
1504000,Limoeiro do Ajuru,2000,true,,,existia
1504059,Mãe do Rio,2000,true,,,existia
1504109,Magalhães Barata,2000,true,,,existia
1504208,Marabá,2000,true,,,existia
1504307,Maracanã,2000,true,,,existia
1504406,Marapanim,2000,true,,,existia
1504422,Marituba,2000,true,,,existia
1504455,Medicilândia,2000,true,,,existia
1504505,Melgaço,2000,true,,,existia
1504604,Mocajuba,2000,true,,,existia
1504703,Moju,2000,true,,,existia
1504802,Monte Alegre,2000,true,,,existia
1504901,Muaná,2000,true,,,existia
1504950,Nova Esperança do Piriá,2000,true,,,existia
1504976,Nova Ipixuna,2000,true,,,existia
1505007,Nova Timboteua,2000,true,,,existia
1505031,Novo Progresso,2000,true,,,existia
1505064,Novo Repartimento,2000,true,,,existia
1505106,Óbidos,2000,true,,,existia
1505205,Oeiras do Pará,2000,true,,,existia
1505304,Oriximiná,2000,true,,,existia
1505403,Ourém,2000,true,,,existia
1505437,Ourilândia do Norte,2000,true,,,existia
1505486,Pacajá,2000,true,,,existia
1505494,Palestina do Pará,2000,true,,,existia
1505502,Paragominas,2000,true,,,existia
1505536,Parauapebas,2000,true,,,existia
1505551,Pau D'Arco,2000,true,,,existia
1505601,Peixe-Boi,2000,true,,,existia
1505635,Piçarra,2000,true,,,existia
1505650,Placas,2000,true,,,existia
1505700,Ponta de Pedras,2000,true,,,existia
1505809,Portel,2000,true,,,existia
1505908,Porto de Moz,2000,true,,,existia
1506005,Prainha,2000,true,,,existia
1506104,Primavera,2000,true,,,existia
1506112,Quatipuru,2000,true,,,existia
1506138,Redenção,2000,true,,,existia
1506161,Rio Maria,2000,true,,,existia
1506187,Rondon do Pará,2000,true,,,existia
1506195,Rurópolis,2000,true,,,existia
1506203,Salinópolis,2000,true,,,existia
1506302,Salvaterra,2000,true,,,existia
1506351,Santa Bárbara do Pará,2000,true,,,existia
1506401,Santa Cruz do Arari,2000,true,,,existia
1506500,Santa Izabel do Pará,2000,true,,,existia
1506559,Santa Luzia do Pará,2000,true,,,existia
1506583,Santa Maria das Barreiras,2000,true,,,existia
1506609,Santa Maria do Pará,2000,true,,,existia
1506708,Santana do Araguaia,2000,true,,,existia
1506807,Santarém,2000,true,,,existia
1506906,Santarém Novo,2000,true,,,existia
1507003,Santo Antônio do Tauá,2000,true,,,existia
1507102,São Caetano de Odivelas,2000,true,,,existia
1507151,São Domingos do Araguaia,2000,true,,,existia
1507201,São Domingos do Capim,2000,true,,,existia
1507300,São Félix do Xingu,2000,true,,,existia
1507409,São Francisco do Pará,2000,true,,,existia
1507458,São Geraldo do Araguaia,2000,true,,,existia
1507466,São João da Ponta,2000,true,,,existia
1507474,São João de Pirabas,2000,true,,,existia
1507508,São João do Araguaia,2000,true,,,existia
1507607,São Miguel do Guamá,2000,true,,,existia
1507706,São Sebastião da Boa Vista,2000,true,,,existia
1507755,Sapucaia,2000,true,,,existia
1507805,Senador José Porfírio,2000,true,,,existia
1507904,Soure,2000,true,,,existia
1507953,Tailândia,2000,true,,,existia
1507961,Terra Alta,2000,true,,,existia
1507979,Terra Santa,2000,true,,,existia
1508001,Tomé-Açu,2000,true,,,existia
1508035,Tracuateua,2000,true,,,existia
1508050,Trairão,2000,true,,,existia
1508084,Tucumã,2000,true,,,existia
1508100,Tucuruí,2000,true,,,existia
1508126,Ulianópolis,2000,true,,,existia
1508159,Uruará,2000,true,,,existia
1508209,Vigia,2000,true,,,existia
1508308,Viseu,2000,true,,,existia
1508357,Vitória do Xingu,2000,true,,,existia
1508407,Xinguara,2000,true,,,existia
1600055,Serra do Navio,2000,true,,,existia
1600105,Amapá,2000,true,,,existia
1600154,Pedra Branca do Amapari,2000,true,,,existia
1600204,Calçoene,2000,true,,,existia
1600212,Cutias,2000,true,,,existia
1600238,Ferreira Gomes,2000,true,,,existia
1600253,Itaubal,2000,true,,,existia
1600279,Laranjal do Jari,2000,true,,,existia
1600303,Macapá,2000,true,,,existia
1600402,Mazagão,2000,true,,,existia
1600501,Oiapoque,2000,true,,,existia
1600535,Porto Grande,2000,true,,,existia
1600550,Pracuúba,2000,true,,,existia
1600600,Santana,2000,true,,,existia
1600709,Tartarugalzinho,2000,true,,,existia
1600808,Vitória do Jari,2000,true,,,existia
1700251,Abreulândia,2000,true,,,existia
1700301,Aguiarnópolis,2000,true,,,existia
1700350,Aliança do Tocantins,2000,true,,,existia
1700400,Almas,2000,true,,,existia
1700707,Alvorada,2000,true,,,existia
1701002,Ananás,2000,true,,,existia
1701051,Angico,2000,true,,,existia
1701101,Aparecida do Rio Negro,2000,true,,,existia
1701309,Aragominas,2000,true,,,existia
1701903,Araguacema,2000,true,,,existia
1702000,Araguaçu,2000,true,,,existia
1702109,Araguaína,2000,true,,,existia
1702158,Araguanã,2000,true,,,existia
1702208,Araguatins,2000,true,,,existia
1702307,Arapoema,2000,true,,,existia
1702406,Arraias,2000,true,,,existia
1702554,Augustinópolis,2000,true,,,existia
1702703,Aurora do Tocantins,2000,true,,,existia
1702901,Axixá do Tocantins,2000,true,,,existia
1703008,Babaçulândia,2000,true,,,existia
1703057,Bandeirantes do Tocantins,2000,true,,,existia
1703073,Barra do Ouro,2000,true,,,existia
1703107,Barrolândia,2000,true,,,existia
1703206,Bernardo Sayão,2000,true,,,existia
1703305,Bom Jesus do Tocantins,2000,true,,,existia
1703602,Brasilândia do Tocantins,2000,true,,,existia
1703701,Brejinho de Nazaré,2000,true,,,existia
1703800,Buriti do Tocantins,2000,true,,,existia
1703826,Cachoeirinha,2000,true,,,existia
1703842,Campos Lindos,2000,true,,,existia
1703867,Cariri do Tocantins,2000,true,,,existia
1703883,Carmolândia,2000,true,,,existia
1703891,Carrasco Bonito,2000,true,,,existia
1703909,Caseara,2000,true,,,existia
1704105,Centenário,2000,true,,,existia
1704600,Chapada de Areia,2000,true,,,existia
1705102,Chapada da Natividade,2000,true,,,existia
1705508,Colinas do Tocantins,2000,true,,,existia
1705557,Combinado,2000,true,,,existia
1705607,Conceição do Tocantins,2000,true,,,existia
1706001,Couto Magalhães,2000,true,,,existia
1706100,Cristalândia,2000,true,,,existia
1706258,Crixás do Tocantins,2000,true,,,existia
1706506,Darcinópolis,2000,true,,,existia
1707009,Dianópolis,2000,true,,,existia
1707108,Divinópolis do Tocantins,2000,true,,,existia
1707207,Dois Irmãos do Tocantins,2000,true,,,existia
1707306,Dueré,2000,true,,,existia
1707405,Esperantina,2000,true,,,existia
1707553,Fátima,2000,true,,,existia
1707652,Figueirópolis,2000,true,,,existia
1707702,Filadélfia,2000,true,,,existia
1708205,Formoso do Araguaia,2000,true,,,existia
1708254,Tabocão,2000,true,,,existia
1708304,Goianorte,2000,true,,,existia
1709005,Goiatins,2000,true,,,existia
1709302,Guaraí,2000,true,,,existia
1709500,Gurupi,2000,true,,,existia
1709807,Ipueiras,2000,true,,,existia
1710508,Itacajá,2000,true,,,existia
1710706,Itaguatins,2000,true,,,existia
1710904,Itapiratins,2000,true,,,existia
1711100,Itaporã do Tocantins,2000,true,,,existia
1711506,Jaú do Tocantins,2000,true,,,existia
1711803,Juarina,2000,true,,,existia
1711902,Lagoa da Confusão,2000,true,,,existia
1711951,Lagoa do Tocantins,2000,true,,,existia
1712009,Lajeado,2000,true,,,existia
1712157,Lavandeira,2000,true,,,existia
1712405,Lizarda,2000,true,,,existia
1712454,Luzinópolis,2000,true,,,existia
1712504,Marianópolis do Tocantins,2000,true,,,existia
1712702,Mateiros,2000,true,,,existia
1712801,Maurilândia do Tocantins,2000,true,,,existia
1713205,Miracema do Tocantins,2000,true,,,existia
1713304,Miranorte,2000,true,,,existia
1713601,Monte do Carmo,2000,true,,,existia
1713700,Monte Santo do Tocantins,2000,true,,,existia
1713809,Palmeiras do Tocantins,2000,true,,,existia
1713957,Muricilândia,2000,true,,,existia
1714203,Natividade,2000,true,,,existia
1714302,Nazaré,2000,true,,,existia
1714880,Nova Olinda,2000,true,,,existia
1715002,Nova Rosalândia,2000,true,,,existia
1715101,Novo Acordo,2000,true,,,existia
1715150,Novo Alegre,2000,true,,,existia
1715259,Novo Jardim,2000,true,,,existia
1715507,Oliveira de Fátima,2000,true,,,existia
1715705,Palmeirante,2000,true,,,existia
1715754,Palmeirópolis,2000,true,,,existia
1716109,Paraíso do Tocantins,2000,true,,,existia
1716208,Paranã,2000,true,,,existia
1716307,Pau D'Arco,2000,true,,,existia
1716505,Pedro Afonso,2000,true,,,existia
1716604,Peixe,2000,true,,,existia
1716653,Pequizeiro,2000,true,,,existia
1716703,Colméia,2000,true,,,existia
1717008,Pindorama do Tocantins,2000,true,,,existia
1717206,Piraquê,2000,true,,,existia
1717503,Pium,2000,true,,,existia
1717800,Ponte Alta do Bom Jesus,2000,true,,,existia
1717909,Ponte Alta do Tocantins,2000,true,,,existia
1718006,Porto Alegre do Tocantins,2000,true,,,existia
1718204,Porto Nacional,2000,true,,,existia
1718303,Praia Norte,2000,true,,,existia
1718402,Presidente Kennedy,2000,true,,,existia
1718451,Pugmil,2000,true,,,existia
1718501,Recursolândia,2000,true,,,existia
1718550,Riachinho,2000,true,,,existia
1718659,Rio da Conceição,2000,true,,,existia
1718709,Rio dos Bois,2000,true,,,existia
1718758,Rio Sono,2000,true,,,existia
1718808,Sampaio,2000,true,,,existia
1718840,Sandolândia,2000,true,,,existia
1718865,Santa Fé do Araguaia,2000,true,,,existia
1718881,Santa Maria do Tocantins,2000,true,,,existia
1718899,Santa Rita do Tocantins,2000,true,,,existia
1718907,Santa Rosa do Tocantins,2000,true,,,existia
1719004,Santa Tereza do Tocantins,2000,true,,,existia
1720002,Santa Terezinha do Tocantins,2000,true,,,existia
1720101,São Bento do Tocantins,2000,true,,,existia
1720150,São Félix do Tocantins,2000,true,,,existia
1720200,São Miguel do Tocantins,2000,true,,,existia
1720259,São Salvador do Tocantins,2000,true,,,existia
1720309,São Sebastião do Tocantins,2000,true,,,existia
1720499,São Valério,2000,true,,,existia
1720655,Silvanópolis,2000,true,,,existia
1720804,Sítio Novo do Tocantins,2000,true,,,existia
1720853,Sucupira,2000,true,,,existia
1720903,Taguatinga,2000,true,,,existia
1720937,Taipas do Tocantins,2000,true,,,existia
1720978,Talismã,2000,true,,,existia
1721000,Palmas,2000,true,,,existia
1721109,Tocantínia,2000,true,,,existia
1721208,Tocantinópolis,2000,true,,,existia
1721257,Tupirama,2000,true,,,existia
1721307,Tupiratins,2000,true,,,existia
1722081,Wanderlândia,2000,true,,,existia
1722107,Xambioá,2000,true,,,existia
2100055,Açailândia,2000,true,,,existia
2100105,Afonso Cunha,2000,true,,,existia
2100154,Água Doce do Maranhão,2000,true,,,existia
2100204,Alcântara,2000,true,,,existia
2100303,Aldeias Altas,2000,true,,,existia
2100402,Altamira do Maranhão,2000,true,,,existia
2100436,Alto Alegre do Maranhão,2000,true,,,existia
2100477,Alto Alegre do Pindaré,2000,true,,,existia
2100501,Alto Parnaíba,2000,true,,,existia
2100550,Amapá do Maranhão,2000,true,,,existia
2100600,Amarante do Maranhão,2000,true,,,existia
2100709,Anajatuba,2000,true,,,existia
2100808,Anapurus,2000,true,,,existia
2100832,Apicum-Açu,2000,true,,,existia
2100873,Araguanã,2000,true,,,existia
2100907,Araioses,2000,true,,,existia
2100956,Arame,2000,true,,,existia
2101004,Arari,2000,true,,,existia
2101103,Axixá,2000,true,,,existia
2101202,Bacabal,2000,true,,,existia
2101251,Bacabeira,2000,true,,,existia
2101301,Bacuri,2000,true,,,existia
2101350,Bacurituba,2000,true,,,existia
2101400,Balsas,2000,true,,,existia
2101509,Barão de Grajaú,2000,true,,,existia
2101608,Barra do Corda,2000,true,,,existia
2101707,Barreirinhas,2000,true,,,existia
2101731,Belágua,2000,true,,,existia
2101772,Bela Vista do Maranhão,2000,true,,,existia
2101806,Benedito Leite,2000,true,,,existia
2101905,Bequimão,2000,true,,,existia
2101939,Bernardo do Mearim,2000,true,,,existia
2101970,Boa Vista do Gurupi,2000,true,,,existia
2102002,Bom Jardim,2000,true,,,existia
2102036,Bom Jesus das Selvas,2000,true,,,existia
2102077,Bom Lugar,2000,true,,,existia
2102101,Brejo,2000,true,,,existia
2102150,Brejo de Areia,2000,true,,,existia
2102200,Buriti,2000,true,,,existia
2102309,Buriti Bravo,2000,true,,,existia
2102325,Buriticupu,2000,true,,,existia
2102358,Buritirana,2000,true,,,existia
2102374,Cachoeira Grande,2000,true,,,existia
2102408,Cajapió,2000,true,,,existia
2102507,Cajari,2000,true,,,existia
2102556,Campestre do Maranhão,2000,true,,,existia
2102606,Cândido Mendes,2000,true,,,existia
2102705,Cantanhede,2000,true,,,existia
2102754,Capinzal do Norte,2000,true,,,existia
2102804,Carolina,2000,true,,,existia
2102903,Carutapera,2000,true,,,existia
2103000,Caxias,2000,true,,,existia
2103109,Cedral,2000,true,,,existia
2103125,Central do Maranhão,2000,true,,,existia
2103158,Centro do Guilherme,2000,true,,,existia
2103174,Centro Novo do Maranhão,2000,true,,,existia
2103208,Chapadinha,2000,true,,,existia
2103257,Cidelândia,2000,true,,,existia
2103307,Codó,2000,true,,,existia
2103406,Coelho Neto,2000,true,,,existia
2103505,Colinas,2000,true,,,existia
2103554,Conceição do Lago-Açu,2000,true,,,existia
2103604,Coroatá,2000,true,,,existia
2103703,Cururupu,2000,true,,,existia
2103752,Davinópolis,2000,true,,,existia
2103802,Dom Pedro,2000,true,,,existia
2103901,Duque Bacelar,2000,true,,,existia
2104008,Esperantinópolis,2000,true,,,existia
2104057,Estreito,2000,true,,,existia
2104073,Feira Nova do Maranhão,2000,true,,,existia
2104081,Fernando Falcão,2000,true,,,existia
2104099,Formosa da Serra Negra,2000,true,,,existia
2104107,Fortaleza dos Nogueiras,2000,true,,,existia
2104206,Fortuna,2000,true,,,existia
2104305,Godofredo Viana,2000,true,,,existia
2104404,Gonçalves Dias,2000,true,,,existia
2104503,Governador Archer,2000,true,,,existia
2104552,Governador Edison Lobão,2000,true,,,existia
2104602,Governador Eugênio Barros,2000,true,,,existia
2104628,Governador Luiz Rocha,2000,true,,,existia
2104651,Governador Newton Bello,2000,true,,,existia
2104677,Governador Nunes Freire,2000,true,,,existia
2104701,Graça Aranha,2000,true,,,existia
2104800,Grajaú,2000,true,,,existia
2104909,Guimarães,2000,true,,,existia
2105005,Humberto de Campos,2000,true,,,existia
2105104,Icatu,2000,true,,,existia
2105153,Igarapé do Meio,2000,true,,,existia
2105203,Igarapé Grande,2000,true,,,existia
2105302,Imperatriz,2000,true,,,existia
2105351,Itaipava do Grajaú,2000,true,,,existia
2105401,Itapecuru Mirim,2000,true,,,existia
2105427,Itinga do Maranhão,2000,true,,,existia
2105450,Jatobá,2000,true,,,existia
2105476,Jenipapo dos Vieiras,2000,true,,,existia
2105500,João Lisboa,2000,true,,,existia
2105609,Joselândia,2000,true,,,existia
2105658,Junco do Maranhão,2000,true,,,existia
2105708,Lago da Pedra,2000,true,,,existia
2105807,Lago do Junco,2000,true,,,existia
2105906,Lago Verde,2000,true,,,existia
2105922,Lagoa do Mato,2000,true,,,existia
2105948,Lago dos Rodrigues,2000,true,,,existia
2105963,Lagoa Grande do Maranhão,2000,true,,,existia
2105989,Lajeado Novo,2000,true,,,existia
2106003,Lima Campos,2000,true,,,existia
2106102,Loreto,2000,true,,,existia
2106201,Luís Domingues,2000,true,,,existia
2106300,Magalhães de Almeida,2000,true,,,existia
2106326,Maracaçumé,2000,true,,,existia
2106359,Marajá do Sena,2000,true,,,existia
2106375,Maranhãozinho,2000,true,,,existia
2106409,Mata Roma,2000,true,,,existia
2106508,Matinha,2000,true,,,existia
2106607,Matões,2000,true,,,existia
2106631,Matões do Norte,2000,true,,,existia
2106672,Milagres do Maranhão,2000,true,,,existia
2106706,Mirador,2000,true,,,existia
2106755,Miranda do Norte,2000,true,,,existia
2106805,Mirinzal,2000,true,,,existia
2106904,Monção,2000,true,,,existia
2107001,Montes Altos,2000,true,,,existia
2107100,Morros,2000,true,,,existia
2107209,Nina Rodrigues,2000,true,,,existia
2107258,Nova Colinas,2000,true,,,existia
2107308,Nova Iorque,2000,true,,,existia
2107357,Nova Olinda do Maranhão,2000,true,,,existia
2107407,Olho d'Água das Cunhãs,2000,true,,,existia
2107456,Olinda Nova do Maranhão,2000,true,,,existia
2107506,Paço do Lumiar,2000,true,,,existia
2107605,Palmeirândia,2000,true,,,existia
2107704,Paraibano,2000,true,,,existia
2107803,Parnarama,2000,true,,,existia
2107902,Passagem Franca,2000,true,,,existia
2108009,Pastos Bons,2000,true,,,existia
2108058,Paulino Neves,2000,true,,,existia
2108108,Paulo Ramos,2000,true,,,existia
2108207,Pedreiras,2000,true,,,existia
2108256,Pedro do Rosário,2000,true,,,existia
2108306,Penalva,2000,true,,,existia
2108405,Peri Mirim,2000,true,,,existia
2108454,Peritoró,2000,true,,,existia
2108504,Pindaré-Mirim,2000,true,,,existia
2108603,Pinheiro,2000,true,,,existia
2108702,Pio XII,2000,true,,,existia
2108801,Pirapemas,2000,true,,,existia
2108900,Poção de Pedras,2000,true,,,existia
2109007,Porto Franco,2000,true,,,existia
2109056,Porto Rico do Maranhão,2000,true,,,existia
2109106,Presidente Dutra,2000,true,,,existia
2109205,Presidente Juscelino,2000,true,,,existia
2109239,Presidente Médici,2000,true,,,existia
2109270,Presidente Sarney,2000,true,,,existia
2109304,Presidente Vargas,2000,true,,,existia
2109403,Primeira Cruz,2000,true,,,existia
2109452,Raposa,2000,true,,,existia
2109502,Riachão,2000,true,,,existia
2109551,Ribamar Fiquene,2000,true,,,existia
2109601,Rosário,2000,true,,,existia
2109700,Sambaíba,2000,true,,,existia
2109759,Santa Filomena do Maranhão,2000,true,,,existia
2109809,Santa Helena,2000,true,,,existia
2109908,Santa Inês,2000,true,,,existia
2110005,Santa Luzia,2000,true,,,existia
2110039,Santa Luzia do Paruá,2000,true,,,existia
2110104,Santa Quitéria do Maranhão,2000,true,,,existia
2110203,Santa Rita,2000,true,,,existia
2110237,Santana do Maranhão,2000,true,,,existia
2110278,Santo Amaro do Maranhão,2000,true,,,existia
2110302,Santo Antônio dos Lopes,2000,true,,,existia
2110401,São Benedito do Rio Preto,2000,true,,,existia
2110500,São Bento,2000,true,,,existia
2110609,São Bernardo,2000,true,,,existia
2110658,São Domingos do Azeitão,2000,true,,,existia
2110708,São Domingos do Maranhão,2000,true,,,existia
2110807,São Félix de Balsas,2000,true,,,existia
2110856,São Francisco do Brejão,2000,true,,,existia
2110906,São Francisco do Maranhão,2000,true,,,existia
2111003,São João Batista,2000,true,,,existia
2111029,São João do Carú,2000,true,,,existia
2111052,São João do Paraíso,2000,true,,,existia
2111078,São João do Soter,2000,true,,,existia
2111102,São João dos Patos,2000,true,,,existia
2111201,São José de Ribamar,2000,true,,,existia
2111250,São José dos Basílios,2000,true,,,existia
2111300,São Luís,2000,true,,,existia
2111409,São Luís Gonzaga do Maranhão,2000,true,,,existia
2111508,São Mateus do Maranhão,2000,true,,,existia
2111532,São Pedro da Água Branca,2000,true,,,existia
2111573,São Pedro dos Crentes,2000,true,,,existia
2111607,São Raimundo das Mangabeiras,2000,true,,,existia
2111631,São Raimundo do Doca Bezerra,2000,true,,,existia
2111672,São Roberto,2000,true,,,existia
2111706,São Vicente Ferrer,2000,true,,,existia
2111722,Satubinha,2000,true,,,existia
2111748,Senador Alexandre Costa,2000,true,,,existia
2111763,Senador La Rocque,2000,true,,,existia
2111789,Serrano do Maranhão,2000,true,,,existia
2111805,Sítio Novo,2000,true,,,existia
2111904,Sucupira do Norte,2000,true,,,existia
2111953,Sucupira do Riachão,2000,true,,,existia
2112001,Tasso Fragoso,2000,true,,,existia
2112100,Timbiras,2000,true,,,existia
2112209,Timon,2000,true,,,existia
2112233,Trizidela do Vale,2000,true,,,existia
2112274,Tufilândia,2000,true,,,existia
2112308,Tuntum,2000,true,,,existia
2112407,Turiaçu,2000,true,,,existia
2112456,Turilândia,2000,true,,,existia
2112506,Tutóia,2000,true,,,existia
2112605,Urbano Santos,2000,true,,,existia
2112704,Vargem Grande,2000,true,,,existia
2112803,Viana,2000,true,,,existia
2112852,Vila Nova dos Martírios,2000,true,,,existia
2112902,Vitória do Mearim,2000,true,,,existia
2113009,Vitorino Freire,2000,true,,,existia
2114007,Zé Doca,2000,true,,,existia
2200053,Acauã,2000,true,,,existia
2200103,Agricolândia,2000,true,,,existia
2200202,Água Branca,2000,true,,,existia
2200251,Alagoinha do Piauí,2000,true,,,existia
2200277,Alegrete do Piauí,2000,true,,,existia
2200301,Alto Longá,2000,true,,,existia
2200400,Altos,2000,true,,,existia
2200459,Alvorada do Gurguéia,2000,true,,,existia
2200509,Amarante,2000,true,,,existia
2200608,Angical do Piauí,2000,true,,,existia
2200707,Anísio de Abreu,2000,true,,,existia
2200806,Antônio Almeida,2000,true,,,existia
2200905,Aroazes,2000,true,,,existia
2201002,Arraial,2000,true,,,existia
2201051,Assunção do Piauí,2000,true,,,existia
2201101,Avelino Lopes,2000,true,,,existia
2201150,Baixa Grande do Ribeiro,2000,true,,,existia
2201176,Barra D'Alcântara,2000,true,,,existia
2201200,Barras,2000,true,,,existia
2201309,Barreiras do Piauí,2000,true,,,existia
2201408,Barro Duro,2000,true,,,existia
2201507,Batalha,2000,true,,,existia
2201556,Bela Vista do Piauí,2000,true,,,existia
2201572,Belém do Piauí,2000,true,,,existia
2201606,Beneditinos,2000,true,,,existia
2201705,Bertolínia,2000,true,,,existia
2201739,Betânia do Piauí,2000,true,,,existia
2201770,Boa Hora,2000,true,,,existia
2201804,Bocaina,2000,true,,,existia
2201903,Bom Jesus,2000,true,,,existia
2201919,Bom Princípio do Piauí,2000,true,,,existia
2201929,Bonfim do Piauí,2000,true,,,existia
2201945,Boqueirão do Piauí,2000,true,,,existia
2201960,Brasileira,2000,true,,,existia
2201988,Brejo do Piauí,2000,true,,,existia
2202000,Buriti dos Lopes,2000,true,,,existia
2202026,Buriti dos Montes,2000,true,,,existia
2202059,Cabeceiras do Piauí,2000,true,,,existia
2202075,Cajazeiras do Piauí,2000,true,,,existia
2202083,Cajueiro da Praia,2000,true,,,existia
2202091,Caldeirão Grande do Piauí,2000,true,,,existia
2202109,Campinas do Piauí,2000,true,,,existia
2202117,Campo Alegre do Fidalgo,2000,true,,,existia
2202133,Campo Grande do Piauí,2000,true,,,existia
2202174,Campo Largo do Piauí,2000,true,,,existia
2202208,Campo Maior,2000,true,,,existia
2202251,Canavieira,2000,true,,,existia
2202307,Canto do Buriti,2000,true,,,existia
2202406,Capitão de Campos,2000,true,,,existia
2202455,Capitão Gervásio Oliveira,2000,true,,,existia
2202505,Caracol,2000,true,,,existia
2202539,Caraúbas do Piauí,2000,true,,,existia
2202554,Caridade do Piauí,2000,true,,,existia
2202604,Castelo do Piauí,2000,true,,,existia
2202653,Caxingó,2000,true,,,existia
2202703,Cocal,2000,true,,,existia
2202711,Cocal de Telha,2000,true,,,existia
2202729,Cocal dos Alves,2000,true,,,existia
2202737,Coivaras,2000,true,,,existia
2202752,Colônia do Gurguéia,2000,true,,,existia
2202778,Colônia do Piauí,2000,true,,,existia
2202802,Conceição do Canindé,2000,true,,,existia
2202851,Coronel José Dias,2000,true,,,existia
2202901,Corrente,2000,true,,,existia
2203008,Cristalândia do Piauí,2000,true,,,existia
2203107,Cristino Castro,2000,true,,,existia
2203206,Curimatá,2000,true,,,existia
2203230,Currais,2000,true,,,existia
2203255,Curralinhos,2000,true,,,existia
2203271,Curral Novo do Piauí,2000,true,,,existia
2203305,Demerval Lobão,2000,true,,,existia
2203354,Dirceu Arcoverde,2000,true,,,existia
2203404,Dom Expedito Lopes,2000,true,,,existia
2203420,Domingos Mourão,2000,true,,,existia
2203453,Dom Inocêncio,2000,true,,,existia
2203503,Elesbão Veloso,2000,true,,,existia
2203602,Eliseu Martins,2000,true,,,existia
2203701,Esperantina,2000,true,,,existia
2203750,Fartura do Piauí,2000,true,,,existia
2203800,Flores do Piauí,2000,true,,,existia
2203859,Floresta do Piauí,2000,true,,,existia
2203909,Floriano,2000,true,,,existia
2204006,Francinópolis,2000,true,,,existia
2204105,Francisco Ayres,2000,true,,,existia
2204154,Francisco Macedo,2000,true,,,existia
2204204,Francisco Santos,2000,true,,,existia
2204303,Fronteiras,2000,true,,,existia
2204352,Geminiano,2000,true,,,existia
2204402,Gilbués,2000,true,,,existia
2204501,Guadalupe,2000,true,,,existia
2204550,Guaribas,2000,true,,,existia
2204600,Hugo Napoleão,2000,true,,,existia
2204659,Ilha Grande,2000,true,,,existia
2204709,Inhuma,2000,true,,,existia
2204808,Ipiranga do Piauí,2000,true,,,existia
2204907,Isaías Coelho,2000,true,,,existia
2205003,Itainópolis,2000,true,,,existia
2205102,Itaueira,2000,true,,,existia
2205151,Jacobina do Piauí,2000,true,,,existia
2205201,Jaicós,2000,true,,,existia
2205250,Jardim do Mulato,2000,true,,,existia
2205276,Jatobá do Piauí,2000,true,,,existia
2205300,Jerumenha,2000,true,,,existia
2205359,João Costa,2000,true,,,existia
2205409,Joaquim Pires,2000,true,,,existia
2205458,Joca Marques,2000,true,,,existia
2205508,José de Freitas,2000,true,,,existia
2205516,Juazeiro do Piauí,2000,true,,,existia
2205524,Júlio Borges,2000,true,,,existia
2205532,Jurema,2000,true,,,existia
2205540,Lagoinha do Piauí,2000,true,,,existia
2205557,Lagoa Alegre,2000,true,,,existia
2205565,Lagoa do Barro do Piauí,2000,true,,,existia
2205573,Lagoa de São Francisco,2000,true,,,existia
2205581,Lagoa do Piauí,2000,true,,,existia
2205599,Lagoa do Sítio,2000,true,,,existia
2205607,Landri Sales,2000,true,,,existia
2205706,Luís Correia,2000,true,,,existia
2205805,Luzilândia,2000,true,,,existia
2205854,Madeiro,2000,true,,,existia
2205904,Manoel Emídio,2000,true,,,existia
2205953,Marcolândia,2000,true,,,existia
2206001,Marcos Parente,2000,true,,,existia
2206050,Massapê do Piauí,2000,true,,,existia
2206100,Matias Olímpio,2000,true,,,existia
2206209,Miguel Alves,2000,true,,,existia
2206308,Miguel Leão,2000,true,,,existia
2206357,Milton Brandão,2000,true,,,existia
2206407,Monsenhor Gil,2000,true,,,existia
2206506,Monsenhor Hipólito,2000,true,,,existia
2206605,Monte Alegre do Piauí,2000,true,,,existia
2206654,Morro Cabeça no Tempo,2000,true,,,existia
2206670,Morro do Chapéu do Piauí,2000,true,,,existia
2206696,Murici dos Portelas,2000,true,,,existia
2206704,Nazaré do Piauí,2000,true,,,existia
2206753,Nossa Senhora de Nazaré,2000,true,,,existia
2206803,Nossa Senhora dos Remédios,2000,true,,,existia
2206902,Novo Oriente do Piauí,2000,true,,,existia
2206951,Novo Santo Antônio,2000,true,,,existia
2207009,Oeiras,2000,true,,,existia
2207108,Olho D'Água do Piauí,2000,true,,,existia
2207207,Padre Marcos,2000,true,,,existia
2207306,Paes Landim,2000,true,,,existia
2207355,Pajeú do Piauí,2000,true,,,existia
2207405,Palmeira do Piauí,2000,true,,,existia
2207504,Palmeirais,2000,true,,,existia
2207553,Paquetá,2000,true,,,existia
2207603,Parnaguá,2000,true,,,existia
2207702,Parnaíba,2000,true,,,existia
2207751,Passagem Franca do Piauí,2000,true,,,existia
2207777,Patos do Piauí,2000,true,,,existia
2207801,Paulistana,2000,true,,,existia
2207850,Pavussu,2000,true,,,existia
2207900,Pedro II,2000,true,,,existia
2207934,Pedro Laurentino,2000,true,,,existia
2207959,Nova Santa Rita,2000,true,,,existia
2208007,Picos,2000,true,,,existia
2208106,Pimenteiras,2000,true,,,existia
2208205,Pio IX,2000,true,,,existia
2208304,Piracuruca,2000,true,,,existia
2208403,Piripiri,2000,true,,,existia
2208502,Porto,2000,true,,,existia
2208551,Porto Alegre do Piauí,2000,true,,,existia
2208601,Prata do Piauí,2000,true,,,existia
2208650,Queimada Nova,2000,true,,,existia
2208700,Redenção do Gurguéia,2000,true,,,existia
2208809,Regeneração,2000,true,,,existia
2208858,Riacho Frio,2000,true,,,existia
2208874,Ribeira do Piauí,2000,true,,,existia
2208908,Ribeiro Gonçalves,2000,true,,,existia
2209005,Rio Grande do Piauí,2000,true,,,existia
2209104,Santa Cruz do Piauí,2000,true,,,existia
2209153,Santa Cruz dos Milagres,2000,true,,,existia
2209203,Santa Filomena,2000,true,,,existia
2209302,Santa Luz,2000,true,,,existia
2209351,Santana do Piauí,2000,true,,,existia
2209377,Santa Rosa do Piauí,2000,true,,,existia
2209401,Santo Antônio de Lisboa,2000,true,,,existia
2209450,Santo Antônio dos Milagres,2000,true,,,existia
2209500,Santo Inácio do Piauí,2000,true,,,existia
2209559,São Braz do Piauí,2000,true,,,existia
2209609,São Félix do Piauí,2000,true,,,existia
2209658,São Francisco de Assis do Piauí,2000,true,,,existia
2209708,São Francisco do Piauí,2000,true,,,existia
2209757,São Gonçalo do Gurguéia,2000,true,,,existia
2209807,São Gonçalo do Piauí,2000,true,,,existia
2209856,São João da Canabrava,2000,true,,,existia
2209872,São João da Fronteira,2000,true,,,existia
2209906,São João da Serra,2000,true,,,existia
2209955,São João da Varjota,2000,true,,,existia
2209971,São João do Arraial,2000,true,,,existia
2210003,São João do Piauí,2000,true,,,existia
2210052,São José do Divino,2000,true,,,existia
2210102,São José do Peixe,2000,true,,,existia
2210201,São José do Piauí,2000,true,,,existia
2210300,São Julião,2000,true,,,existia
2210359,São Lourenço do Piauí,2000,true,,,existia
2210375,São Luis do Piauí,2000,true,,,existia
2210383,São Miguel da Baixa Grande,2000,true,,,existia
2210391,São Miguel do Fidalgo,2000,true,,,existia
2210409,São Miguel do Tapuio,2000,true,,,existia
2210508,São Pedro do Piauí,2000,true,,,existia
2210607,São Raimundo Nonato,2000,true,,,existia
2210623,Sebastião Barros,2000,true,,,existia
2210631,Sebastião Leal,2000,true,,,existia
2210656,Sigefredo Pacheco,2000,true,,,existia
2210706,Simões,2000,true,,,existia
2210805,Simplício Mendes,2000,true,,,existia
2210904,Socorro do Piauí,2000,true,,,existia
2210938,Sussuapara,2000,true,,,existia
2210953,Tamboril do Piauí,2000,true,,,existia
2210979,Tanque do Piauí,2000,true,,,existia
2211001,Teresina,2000,true,,,existia
2211100,União,2000,true,,,existia
2211209,Uruçuí,2000,true,,,existia
2211308,Valença do Piauí,2000,true,,,existia
2211357,Várzea Branca,2000,true,,,existia
2211407,Várzea Grande,2000,true,,,existia
2211506,Vera Mendes,2000,true,,,existia
2211605,Vila Nova do Piauí,2000,true,,,existia
2211704,Wall Ferraz,2000,true,,,existia
2300101,Abaiara,2000,true,,,existia
2300150,Acarape,2000,true,,,existia
2300200,Acaraú,2000,true,,,existia
2300309,Acopiara,2000,true,,,existia
2300408,Aiuaba,2000,true,,,existia
2300507,Alcântaras,2000,true,,,existia
2300606,Altaneira,2000,true,,,existia
2300705,Alto Santo,2000,true,,,existia
2300754,Amontada,2000,true,,,existia
2300804,Antonina do Norte,2000,true,,,existia
2300903,Apuiarés,2000,true,,,existia
2301000,Aquiraz,2000,true,,,existia
2301109,Aracati,2000,true,,,existia
2301208,Aracoiaba,2000,true,,,existia
2301257,Ararendá,2000,true,,,existia
2301307,Araripe,2000,true,,,existia
2301406,Aratuba,2000,true,,,existia
2301505,Arneiroz,2000,true,,,existia
2301604,Assaré,2000,true,,,existia
2301703,Aurora,2000,true,,,existia
2301802,Baixio,2000,true,,,existia
2301851,Banabuiú,2000,true,,,existia
2301901,Barbalha,2000,true,,,existia
2301950,Barreira,2000,true,,,existia
2302008,Barro,2000,true,,,existia
2302057,Barroquinha,2000,true,,,existia
2302107,Baturité,2000,true,,,existia
2302206,Beberibe,2000,true,,,existia
2302305,Bela Cruz,2000,true,,,existia
2302404,Boa Viagem,2000,true,,,existia
2302503,Brejo Santo,2000,true,,,existia
2302602,Camocim,2000,true,,,existia
2302701,Campos Sales,2000,true,,,existia
2302800,Canindé,2000,true,,,existia
2302909,Capistrano,2000,true,,,existia
2303006,Caridade,2000,true,,,existia
2303105,Cariré,2000,true,,,existia
2303204,Caririaçu,2000,true,,,existia
2303303,Cariús,2000,true,,,existia
2303402,Carnaubal,2000,true,,,existia
2303501,Cascavel,2000,true,,,existia
2303600,Catarina,2000,true,,,existia
2303659,Catunda,2000,true,,,existia
2303709,Caucaia,2000,true,,,existia
2303808,Cedro,2000,true,,,existia
2303907,Chaval,2000,true,,,existia
2303931,Choró,2000,true,,,existia
2303956,Chorozinho,2000,true,,,existia
2304004,Coreaú,2000,true,,,existia
2304103,Crateús,2000,true,,,existia
2304202,Crato,2000,true,,,existia
2304236,Croatá,2000,true,,,existia
2304251,Cruz,2000,true,,,existia
2304269,Deputado Irapuan Pinheiro,2000,true,,,existia
2304277,Ereré,2000,true,,,existia
2304285,Eusébio,2000,true,,,existia
2304301,Farias Brito,2000,true,,,existia
2304350,Forquilha,2000,true,,,existia
2304400,Fortaleza,2000,true,,,existia
2304459,Fortim,2000,true,,,existia
2304509,Frecheirinha,2000,true,,,existia
2304608,General Sampaio,2000,true,,,existia
2304657,Graça,2000,true,,,existia
2304707,Granja,2000,true,,,existia
2304806,Granjeiro,2000,true,,,existia
2304905,Groaíras,2000,true,,,existia
2304954,Guaiúba,2000,true,,,existia
2305001,Guaraciaba do Norte,2000,true,,,existia
2305100,Guaramiranga,2000,true,,,existia
2305209,Hidrolândia,2000,true,,,existia
2305233,Horizonte,2000,true,,,existia
2305266,Ibaretama,2000,true,,,existia
2305308,Ibiapina,2000,true,,,existia
2305332,Ibicuitinga,2000,true,,,existia
2305357,Icapuí,2000,true,,,existia
2305407,Icó,2000,true,,,existia
2305506,Iguatu,2000,true,,,existia
2305605,Independência,2000,true,,,existia
2305654,Ipaporanga,2000,true,,,existia
2305704,Ipaumirim,2000,true,,,existia
2305803,Ipu,2000,true,,,existia
2305902,Ipueiras,2000,true,,,existia
2306009,Iracema,2000,true,,,existia
2306108,Irauçuba,2000,true,,,existia
2306207,Itaiçaba,2000,true,,,existia
2306256,Itaitinga,2000,true,,,existia
2306306,Itapajé,2000,true,,,existia
2306405,Itapipoca,2000,true,,,existia
2306504,Itapiúna,2000,true,,,existia
2306553,Itarema,2000,true,,,existia
2306603,Itatira,2000,true,,,existia
2306702,Jaguaretama,2000,true,,,existia
2306801,Jaguaribara,2000,true,,,existia
2306900,Jaguaribe,2000,true,,,existia
2307007,Jaguaruana,2000,true,,,existia
2307106,Jardim,2000,true,,,existia
2307205,Jati,2000,true,,,existia
2307254,Jijoca de Jericoacoara,2000,true,,,existia
2307304,Juazeiro do Norte,2000,true,,,existia
2307403,Jucás,2000,true,,,existia
2307502,Lavras da Mangabeira,2000,true,,,existia
2307601,Limoeiro do Norte,2000,true,,,existia
2307635,Madalena,2000,true,,,existia
2307650,Maracanaú,2000,true,,,existia
2307700,Maranguape,2000,true,,,existia
2307809,Marco,2000,true,,,existia
2307908,Martinópole,2000,true,,,existia
2308005,Massapê,2000,true,,,existia
2308104,Mauriti,2000,true,,,existia
2308203,Meruoca,2000,true,,,existia
2308302,Milagres,2000,true,,,existia
2308351,Milhã,2000,true,,,existia
2308377,Miraíma,2000,true,,,existia
2308401,Missão Velha,2000,true,,,existia
2308500,Mombaça,2000,true,,,existia
2308609,Monsenhor Tabosa,2000,true,,,existia
2308708,Morada Nova,2000,true,,,existia
2308807,Moraújo,2000,true,,,existia
2308906,Morrinhos,2000,true,,,existia
2309003,Mucambo,2000,true,,,existia
2309102,Mulungu,2000,true,,,existia
2309201,Nova Olinda,2000,true,,,existia
2309300,Nova Russas,2000,true,,,existia
2309409,Novo Oriente,2000,true,,,existia
2309458,Ocara,2000,true,,,existia
2309508,Orós,2000,true,,,existia
2309607,Pacajus,2000,true,,,existia
2309706,Pacatuba,2000,true,,,existia
2309805,Pacoti,2000,true,,,existia
2309904,Pacujá,2000,true,,,existia
2310001,Palhano,2000,true,,,existia
2310100,Palmácia,2000,true,,,existia
2310209,Paracuru,2000,true,,,existia
2310258,Paraipaba,2000,true,,,existia
2310308,Parambu,2000,true,,,existia
2310407,Paramoti,2000,true,,,existia
2310506,Pedra Branca,2000,true,,,existia
2310605,Penaforte,2000,true,,,existia
2310704,Pentecoste,2000,true,,,existia
2310803,Pereiro,2000,true,,,existia
2310852,Pindoretama,2000,true,,,existia
2310902,Piquet Carneiro,2000,true,,,existia
2310951,Pires Ferreira,2000,true,,,existia
2311009,Poranga,2000,true,,,existia
2311108,Porteiras,2000,true,,,existia
2311207,Potengi,2000,true,,,existia
2311231,Potiretama,2000,true,,,existia
2311264,Quiterianópolis,2000,true,,,existia
2311306,Quixadá,2000,true,,,existia
2311355,Quixelô,2000,true,,,existia
2311405,Quixeramobim,2000,true,,,existia
2311504,Quixeré,2000,true,,,existia
2311603,Redenção,2000,true,,,existia
2311702,Reriutaba,2000,true,,,existia
2311801,Russas,2000,true,,,existia
2311900,Saboeiro,2000,true,,,existia
2311959,Salitre,2000,true,,,existia
2312007,Santana do Acaraú,2000,true,,,existia
2312106,Santana do Cariri,2000,true,,,existia
2312205,Santa Quitéria,2000,true,,,existia
2312304,São Benedito,2000,true,,,existia
2312403,São Gonçalo do Amarante,2000,true,,,existia
2312502,São João do Jaguaribe,2000,true,,,existia
2312601,São Luís do Curu,2000,true,,,existia
2312700,Senador Pompeu,2000,true,,,existia
2312809,Senador Sá,2000,true,,,existia
2312908,Sobral,2000,true,,,existia
2313005,Solonópole,2000,true,,,existia
2313104,Tabuleiro do Norte,2000,true,,,existia
2313203,Tamboril,2000,true,,,existia
2313252,Tarrafas,2000,true,,,existia
2313302,Tauá,2000,true,,,existia
2313351,Tejuçuoca,2000,true,,,existia
2313401,Tianguá,2000,true,,,existia
2313500,Trairi,2000,true,,,existia
2313559,Tururu,2000,true,,,existia
2313609,Ubajara,2000,true,,,existia
2313708,Umari,2000,true,,,existia
2313757,Umirim,2000,true,,,existia
2313807,Uruburetama,2000,true,,,existia
2313906,Uruoca,2000,true,,,existia
2313955,Varjota,2000,true,,,existia
2314003,Várzea Alegre,2000,true,,,existia
2314102,Viçosa do Ceará,2000,true,,,existia
2400109,Acari,2000,true,,,existia
2400208,Açu,2000,true,,,existia
2400307,Afonso Bezerra,2000,true,,,existia
2400406,Água Nova,2000,true,,,existia
2400505,Alexandria,2000,true,,,existia
2400604,Almino Afonso,2000,true,,,existia
2400703,Alto do Rodrigues,2000,true,,,existia
2400802,Angicos,2000,true,,,existia
2400901,Antônio Martins,2000,true,,,existia
2401008,Apodi,2000,true,,,existia
2401107,Areia Branca,2000,true,,,existia
2401206,Arês,2000,true,,,existia
2401305,Campo Grande,2000,true,,,existia
2401404,Baía Formosa,2000,true,,,existia
2401453,Baraúna,2000,true,,,existia
2401503,Barcelona,2000,true,,,existia
2401602,Bento Fernandes,2000,true,,,existia
2401651,Bodó,2000,true,,,existia
2401701,Bom Jesus,2000,true,,,existia
2401800,Brejinho,2000,true,,,existia
2401859,Caiçara do Norte,2000,true,,,existia
2401909,Caiçara do Rio do Vento,2000,true,,,existia
2402006,Caicó,2000,true,,,existia
2402105,Campo Redondo,2000,true,,,existia
2402204,Canguaretama,2000,true,,,existia
2402303,Caraúbas,2000,true,,,existia
2402402,Carnaúba dos Dantas,2000,true,,,existia
2402501,Carnaubais,2000,true,,,existia
2402600,Ceará-Mirim,2000,true,,,existia
2402709,Cerro Corá,2000,true,,,existia
2402808,Coronel Ezequiel,2000,true,,,existia
2402907,Coronel João Pessoa,2000,true,,,existia
2403004,Cruzeta,2000,true,,,existia
2403103,Currais Novos,2000,true,,,existia
2403202,Doutor Severiano,2000,true,,,existia
2403251,Parnamirim,2000,true,,,existia
2403301,Encanto,2000,true,,,existia
2403400,Equador,2000,true,,,existia
2403509,Espírito Santo,2000,true,,,existia
2403608,Extremoz,2000,true,,,existia
2403707,Felipe Guerra,2000,true,,,existia
2403756,Fernando Pedroza,2000,true,,,existia
2403806,Florânia,2000,true,,,existia
2403905,Francisco Dantas,2000,true,,,existia
2404002,Frutuoso Gomes,2000,true,,,existia
2404101,Galinhos,2000,true,,,existia
2404200,Goianinha,2000,true,,,existia
2404309,Governador Dix-Sept Rosado,2000,true,,,existia
2404408,Grossos,2000,true,,,existia
2404507,Guamaré,2000,true,,,existia
2404606,Ielmo Marinho,2000,true,,,existia
2404705,Ipanguaçu,2000,true,,,existia
2404804,Ipueira,2000,true,,,existia
2404853,Itajá,2000,true,,,existia
2404903,Itaú,2000,true,,,existia
2405009,Jaçanã,2000,true,,,existia
2405108,Jandaíra,2000,true,,,existia
2405207,Janduís,2000,true,,,existia
2405306,Januário Cicco,2000,true,,,existia
2405405,Japi,2000,true,,,existia
2405504,Jardim de Angicos,2000,true,,,existia
2405603,Jardim de Piranhas,2000,true,,,existia
2405702,Jardim do Seridó,2000,true,,,existia
2405801,João Câmara,2000,true,,,existia
2405900,João Dias,2000,true,,,existia
2406007,José da Penha,2000,true,,,existia
2406106,Jucurutu,2000,true,,,existia
2406205,Lagoa d'Anta,2000,true,,,existia
2406304,Lagoa de Pedras,2000,true,,,existia
2406403,Lagoa de Velhos,2000,true,,,existia
2406502,Lagoa Nova,2000,true,,,existia
2406601,Lagoa Salgada,2000,true,,,existia
2406700,Lajes,2000,true,,,existia
2406809,Lajes Pintadas,2000,true,,,existia
2406908,Lucrécia,2000,true,,,existia
2407005,Luís Gomes,2000,true,,,existia
2407104,Macaíba,2000,true,,,existia
2407203,Macau,2000,true,,,existia
2407252,Major Sales,2000,true,,,existia
2407302,Marcelino Vieira,2000,true,,,existia
2407401,Martins,2000,true,,,existia
2407500,Maxaranguape,2000,true,,,existia
2407609,Messias Targino,2000,true,,,existia
2407708,Montanhas,2000,true,,,existia
2407807,Monte Alegre,2000,true,,,existia
2407906,Monte das Gameleiras,2000,true,,,existia
2408003,Mossoró,2000,true,,,existia
2408102,Natal,2000,true,,,existia
2408201,Nísia Floresta,2000,true,,,existia
2408300,Nova Cruz,2000,true,,,existia
2408409,Olho d'Água do Borges,2000,true,,,existia
2408508,Ouro Branco,2000,true,,,existia
2408607,Paraná,2000,true,,,existia
2408706,Paraú,2000,true,,,existia
2408805,Parazinho,2000,true,,,existia
2408904,Parelhas,2000,true,,,existia
2408953,Rio do Fogo,2000,true,,,existia
2409100,Passa e Fica,2000,true,,,existia
2409209,Passagem,2000,true,,,existia
2409308,Patu,2000,true,,,existia
2409332,Santa Maria,2000,true,,,existia
2409407,Pau dos Ferros,2000,true,,,existia
2409506,Pedra Grande,2000,true,,,existia
2409605,Pedra Preta,2000,true,,,existia
2409704,Pedro Avelino,2000,true,,,existia
2409803,Pedro Velho,2000,true,,,existia
2409902,Pendências,2000,true,,,existia
2410009,Pilões,2000,true,,,existia
2410108,Poço Branco,2000,true,,,existia
2410207,Portalegre,2000,true,,,existia
2410256,Porto do Mangue,2000,true,,,existia
2410306,Serra Caiada,2000,true,,,existia
2410405,Pureza,2000,true,,,existia
2410504,Rafael Fernandes,2000,true,,,existia
2410603,Rafael Godeiro,2000,true,,,existia
2410702,Riacho da Cruz,2000,true,,,existia
2410801,Riacho de Santana,2000,true,,,existia
2410900,Riachuelo,2000,true,,,existia
2411007,Rodolfo Fernandes,2000,true,,,existia
2411056,Tibau,2000,true,,,existia
2411106,Ruy Barbosa,2000,true,,,existia
2411205,Santa Cruz,2000,true,,,existia
2411403,Santana do Matos,2000,true,,,existia
2411429,Santana do Seridó,2000,true,,,existia
2411502,Santo Antônio,2000,true,,,existia
2411601,São Bento do Norte,2000,true,,,existia
2411700,São Bento do Trairí,2000,true,,,existia
2411809,São Fernando,2000,true,,,existia
2411908,São Francisco do Oeste,2000,true,,,existia
2412005,São Gonçalo do Amarante,2000,true,,,existia
2412104,São João do Sabugi,2000,true,,,existia
2412203,São José de Mipibu,2000,true,,,existia
2412302,São José do Campestre,2000,true,,,existia
2412401,São José do Seridó,2000,true,,,existia
2412500,São Miguel,2000,true,,,existia
2412559,São Miguel do Gostoso,2000,true,,,existia
2412609,São Paulo do Potengi,2000,true,,,existia
2412708,São Pedro,2000,true,,,existia
2412807,São Rafael,2000,true,,,existia
2412906,São Tomé,2000,true,,,existia
2413003,São Vicente,2000,true,,,existia
2413102,Senador Elói de Souza,2000,true,,,existia
2413201,Senador Georgino Avelino,2000,true,,,existia
2413300,Serra de São Bento,2000,true,,,existia
2413359,Serra do Mel,2000,true,,,existia
2413409,Serra Negra do Norte,2000,true,,,existia
2413508,Serrinha,2000,true,,,existia
2413557,Serrinha dos Pintos,2000,true,,,existia
2413607,Severiano Melo,2000,true,,,existia
2413706,Sítio Novo,2000,true,,,existia
2413805,Taboleiro Grande,2000,true,,,existia
2413904,Taipu,2000,true,,,existia
2414001,Tangará,2000,true,,,existia
2414100,Tenente Ananias,2000,true,,,existia
2414159,Tenente Laurentino Cruz,2000,true,,,existia
2414209,Tibau do Sul,2000,true,,,existia
2414308,Timbaúba dos Batistas,2000,true,,,existia
2414407,Touros,2000,true,,,existia
2414456,Triunfo Potiguar,2000,true,,,existia
2414506,Umarizal,2000,true,,,existia
2414605,Upanema,2000,true,,,existia
2414704,Várzea,2000,true,,,existia
2414753,Venha-Ver,2000,true,,,existia
2414803,Vera Cruz,2000,true,,,existia
2414902,Viçosa,2000,true,,,existia
2415008,Vila Flor,2000,true,,,existia
2500106,Água Branca,2000,true,,,existia
2500205,Aguiar,2000,true,,,existia
2500304,Alagoa Grande,2000,true,,,existia
2500403,Alagoa Nova,2000,true,,,existia
2500502,Alagoinha,2000,true,,,existia
2500536,Alcantil,2000,true,,,existia
2500577,Algodão de Jandaíra,2000,true,,,existia
2500601,Alhandra,2000,true,,,existia
2500700,São João do Rio do Peixe,2000,true,,,existia
2500734,Amparo,2000,true,,,existia
2500775,Aparecida,2000,true,,,existia
2500809,Araçagi,2000,true,,,existia
2500908,Arara,2000,true,,,existia
2501005,Araruna,2000,true,,,existia
2501104,Areia,2000,true,,,existia
2501153,Areia de Baraúnas,2000,true,,,existia
2501203,Areial,2000,true,,,existia
2501302,Aroeiras,2000,true,,,existia
2501351,Assunção,2000,true,,,existia
2501401,Baía da Traição,2000,true,,,existia
2501500,Bananeiras,2000,true,,,existia
2501534,Baraúna,2000,true,,,existia
2501575,Barra de Santana,2000,true,,,existia
2501609,Barra de Santa Rosa,2000,true,,,existia
2501708,Barra de São Miguel,2000,true,,,existia
2501807,Bayeux,2000,true,,,existia
2501906,Belém,2000,true,,,existia
2502003,Belém do Brejo do Cruz,2000,true,,,existia
2502052,Bernardino Batista,2000,true,,,existia
2502102,Boa Ventura,2000,true,,,existia
2502151,Boa Vista,2000,true,,,existia
2502201,Bom Jesus,2000,true,,,existia
2502300,Bom Sucesso,2000,true,,,existia
2502409,Bonito de Santa Fé,2000,true,,,existia
2502508,Boqueirão,2000,true,,,existia
2502607,Igaracy,2000,true,,,existia
2502706,Borborema,2000,true,,,existia
2502805,Brejo do Cruz,2000,true,,,existia
2502904,Brejo dos Santos,2000,true,,,existia
2503001,Caaporã,2000,true,,,existia
2503100,Cabaceiras,2000,true,,,existia
2503209,Cabedelo,2000,true,,,existia
2503308,Cachoeira dos Índios,2000,true,,,existia
2503407,Cacimba de Areia,2000,true,,,existia
2503506,Cacimba de Dentro,2000,true,,,existia
2503555,Cacimbas,2000,true,,,existia
2503605,Caiçara,2000,true,,,existia
2503704,Cajazeiras,2000,true,,,existia
2503753,Cajazeirinhas,2000,true,,,existia
2503803,Caldas Brandão,2000,true,,,existia
2503902,Camalaú,2000,true,,,existia
2504009,Campina Grande,2000,true,,,existia
2504033,Capim,2000,true,,,existia
2504074,Caraúbas,2000,true,,,existia
2504108,Carrapateira,2000,true,,,existia
2504157,Casserengue,2000,true,,,existia
2504207,Catingueira,2000,true,,,existia
2504306,Catolé do Rocha,2000,true,,,existia
2504355,Caturité,2000,true,,,existia
2504405,Conceição,2000,true,,,existia
2504504,Condado,2000,true,,,existia
2504603,Conde,2000,true,,,existia
2504702,Congo,2000,true,,,existia
2504801,Coremas,2000,true,,,existia
2504850,Coxixola,2000,true,,,existia
2504900,Cruz do Espírito Santo,2000,true,,,existia
2505006,Cubati,2000,true,,,existia
2505105,Cuité,2000,true,,,existia
2505204,Cuitegi,2000,true,,,existia
2505238,Cuité de Mamanguape,2000,true,,,existia
2505279,Curral de Cima,2000,true,,,existia
2505303,Curral Velho,2000,true,,,existia
2505352,Damião,2000,true,,,existia
2505402,Desterro,2000,true,,,existia
2505501,Vista Serrana,2000,true,,,existia
2505600,Diamante,2000,true,,,existia
2505709,Dona Inês,2000,true,,,existia
2505808,Duas Estradas,2000,true,,,existia
2505907,Emas,2000,true,,,existia
2506004,Esperança,2000,true,,,existia
2506103,Fagundes,2000,true,,,existia
2506202,Frei Martinho,2000,true,,,existia
2506251,Gado Bravo,2000,true,,,existia
2506301,Guarabira,2000,true,,,existia
2506400,Gurinhém,2000,true,,,existia
2506509,Gurjão,2000,true,,,existia
2506608,Ibiara,2000,true,,,existia
2506707,Imaculada,2000,true,,,existia
2506806,Ingá,2000,true,,,existia
2506905,Itabaiana,2000,true,,,existia
2507002,Itaporanga,2000,true,,,existia
2507101,Itapororoca,2000,true,,,existia
2507200,Itatuba,2000,true,,,existia
2507309,Jacaraú,2000,true,,,existia
2507408,Jericó,2000,true,,,existia
2507507,João Pessoa,2000,true,,,existia
2507606,Juarez Távora,2000,true,,,existia
2507705,Juazeirinho,2000,true,,,existia
2507804,Junco do Seridó,2000,true,,,existia
2507903,Juripiranga,2000,true,,,existia
2508000,Juru,2000,true,,,existia
2508109,Lagoa,2000,true,,,existia
2508208,Lagoa de Dentro,2000,true,,,existia
2508307,Lagoa Seca,2000,true,,,existia
2508406,Lastro,2000,true,,,existia
2508505,Livramento,2000,true,,,existia
2508554,Logradouro,2000,true,,,existia
2508604,Lucena,2000,true,,,existia
2508703,Mãe d'Água,2000,true,,,existia
2508802,Malta,2000,true,,,existia
2508901,Mamanguape,2000,true,,,existia
2509008,Manaíra,2000,true,,,existia
2509057,Marcação,2000,true,,,existia
2509107,Mari,2000,true,,,existia
2509156,Marizópolis,2000,true,,,existia
2509206,Massaranduba,2000,true,,,existia
2509305,Mataraca,2000,true,,,existia
2509339,Matinhas,2000,true,,,existia
2509370,Mato Grosso,2000,true,,,existia
2509396,Maturéia,2000,true,,,existia
2509404,Mogeiro,2000,true,,,existia
2509503,Montadas,2000,true,,,existia
2509602,Monte Horebe,2000,true,,,existia
2509701,Monteiro,2000,true,,,existia
2509800,Mulungu,2000,true,,,existia
2509909,Natuba,2000,true,,,existia
2510006,Nazarezinho,2000,true,,,existia
2510105,Nova Floresta,2000,true,,,existia
2510204,Nova Olinda,2000,true,,,existia
2510303,Nova Palmeira,2000,true,,,existia
2510402,Olho d'Água,2000,true,,,existia
2510501,Olivedos,2000,true,,,existia
2510600,Ouro Velho,2000,true,,,existia
2510659,Parari,2000,true,,,existia
2510709,Passagem,2000,true,,,existia
2510808,Patos,2000,true,,,existia
2510907,Paulista,2000,true,,,existia
2511004,Pedra Branca,2000,true,,,existia
2511103,Pedra Lavrada,2000,true,,,existia
2511202,Pedras de Fogo,2000,true,,,existia
2511301,Piancó,2000,true,,,existia
2511400,Picuí,2000,true,,,existia
2511509,Pilar,2000,true,,,existia
2511608,Pilões,2000,true,,,existia
2511707,Pilõezinhos,2000,true,,,existia
2511806,Pirpirituba,2000,true,,,existia
2511905,Pitimbu,2000,true,,,existia
2512002,Pocinhos,2000,true,,,existia
2512036,Poço Dantas,2000,true,,,existia
2512077,Poço de José de Moura,2000,true,,,existia
2512101,Pombal,2000,true,,,existia
2512200,Prata,2000,true,,,existia
2512309,Princesa Isabel,2000,true,,,existia
2512408,Puxinanã,2000,true,,,existia
2512507,Queimadas,2000,true,,,existia
2512606,Quixaba,2000,true,,,existia
2512705,Remígio,2000,true,,,existia
2512721,Pedro Régis,2000,true,,,existia
2512747,Riachão,2000,true,,,existia
2512754,Riachão do Bacamarte,2000,true,,,existia
2512762,Riachão do Poço,2000,true,,,existia
2512788,Riacho de Santo Antônio,2000,true,,,existia
2512804,Riacho dos Cavalos,2000,true,,,existia
2512903,Rio Tinto,2000,true,,,existia
2513000,Salgadinho,2000,true,,,existia
2513109,Salgado de São Félix,2000,true,,,existia
2513158,Santa Cecília,2000,true,,,existia
2513208,Santa Cruz,2000,true,,,existia
2513307,Santa Helena,2000,true,,,existia
2513356,Santa Inês,2000,true,,,existia
2513406,Santa Luzia,2000,true,,,existia
2513505,Santana de Mangueira,2000,true,,,existia
2513604,Santana dos Garrotes,2000,true,,,existia
2513653,Joca Claudino,2000,true,,,existia
2513703,Santa Rita,2000,true,,,existia
2513802,Santa Teresinha,2000,true,,,existia
2513851,Santo André,2000,true,,,existia
2513901,São Bento,2000,true,,,existia
2513927,São Bentinho,2000,true,,,existia
2513943,São Domingos do Cariri,2000,true,,,existia
2513968,São Domingos,2000,true,,,existia
2513984,São Francisco,2000,true,,,existia
2514008,São João do Cariri,2000,true,,,existia
2514107,São João do Tigre,2000,true,,,existia
2514206,São José da Lagoa Tapada,2000,true,,,existia
2514305,São José de Caiana,2000,true,,,existia
2514404,São José de Espinharas,2000,true,,,existia
2514453,São José dos Ramos,2000,true,,,existia
2514503,São José de Piranhas,2000,true,,,existia
2514552,São José de Princesa,2000,true,,,existia
2514602,São José do Bonfim,2000,true,,,existia
2514651,São José do Brejo do Cruz,2000,true,,,existia
2514701,São José do Sabugi,2000,true,,,existia
2514800,São José dos Cordeiros,2000,true,,,existia
2514909,São Mamede,2000,true,,,existia
2515005,São Miguel de Taipu,2000,true,,,existia
2515104,São Sebastião de Lagoa de Roça,2000,true,,,existia
2515203,São Sebastião do Umbuzeiro,2000,true,,,existia
2515302,Sapé,2000,true,,,existia
2515401,São Vicente do Seridó,2000,true,,,existia
2515500,Serra Branca,2000,true,,,existia
2515609,Serra da Raiz,2000,true,,,existia
2515708,Serra Grande,2000,true,,,existia
2515807,Serra Redonda,2000,true,,,existia
2515906,Serraria,2000,true,,,existia
2515930,Sertãozinho,2000,true,,,existia
2515971,Sobrado,2000,true,,,existia
2516003,Solânea,2000,true,,,existia
2516102,Soledade,2000,true,,,existia
2516151,Sossêgo,2000,true,,,existia
2516201,Sousa,2000,true,,,existia
2516300,Sumé,2000,true,,,existia
2516409,Tacima,2000,true,,,existia
2516508,Taperoá,2000,true,,,existia
2516607,Tavares,2000,true,,,existia
2516706,Teixeira,2000,true,,,existia
2516755,Tenório,2000,true,,,existia
2516805,Triunfo,2000,true,,,existia
2516904,Uiraúna,2000,true,,,existia
2517001,Umbuzeiro,2000,true,,,existia
2517100,Várzea,2000,true,,,existia
2517209,Vieirópolis,2000,true,,,existia
2517407,Zabelê,2000,true,,,existia
2600054,Abreu e Lima,2000,true,,,existia
2600104,Afogados da Ingazeira,2000,true,,,existia
2600203,Afrânio,2000,true,,,existia
2600302,Agrestina,2000,true,,,existia
2600401,Água Preta,2000,true,,,existia
2600500,Águas Belas,2000,true,,,existia
2600609,Alagoinha,2000,true,,,existia
2600708,Aliança,2000,true,,,existia
2600807,Altinho,2000,true,,,existia
2600906,Amaraji,2000,true,,,existia
2601003,Angelim,2000,true,,,existia
2601052,Araçoiaba,2000,true,,,existia
2601102,Araripina,2000,true,,,existia
2601201,Arcoverde,2000,true,,,existia
2601300,Barra de Guabiraba,2000,true,,,existia
2601409,Barreiros,2000,true,,,existia
2601508,Belém de Maria,2000,true,,,existia
2601607,Belém do São Francisco,2000,true,,,existia
2601706,Belo Jardim,2000,true,,,existia
2601805,Betânia,2000,true,,,existia
2601904,Bezerros,2000,true,,,existia
2602001,Bodocó,2000,true,,,existia
2602100,Bom Conselho,2000,true,,,existia
2602209,Bom Jardim,2000,true,,,existia
2602308,Bonito,2000,true,,,existia
2602407,Brejão,2000,true,,,existia
2602506,Brejinho,2000,true,,,existia
2602605,Brejo da Madre de Deus,2000,true,,,existia
2602704,Buenos Aires,2000,true,,,existia
2602803,Buíque,2000,true,,,existia
2602902,Cabo de Santo Agostinho,2000,true,,,existia
2603009,Cabrobó,2000,true,,,existia
2603108,Cachoeirinha,2000,true,,,existia
2603207,Caetés,2000,true,,,existia
2603306,Calçado,2000,true,,,existia
2603405,Calumbi,2000,true,,,existia
2603454,Camaragibe,2000,true,,,existia
2603504,Camocim de São Félix,2000,true,,,existia
2603603,Camutanga,2000,true,,,existia
2603702,Canhotinho,2000,true,,,existia
2603801,Capoeiras,2000,true,,,existia
2603900,Carnaíba,2000,true,,,existia
2603926,Carnaubeira da Penha,2000,true,,,existia
2604007,Carpina,2000,true,,,existia
2604106,Caruaru,2000,true,,,existia
2604155,Casinhas,2000,true,,,existia
2604205,Catende,2000,true,,,existia
2604304,Cedro,2000,true,,,existia
2604403,Chã de Alegria,2000,true,,,existia
2604502,Chã Grande,2000,true,,,existia
2604601,Condado,2000,true,,,existia
2604700,Correntes,2000,true,,,existia
2604809,Cortês,2000,true,,,existia
2604908,Cumaru,2000,true,,,existia
2605004,Cupira,2000,true,,,existia
2605103,Custódia,2000,true,,,existia
2605152,Dormentes,2000,true,,,existia
2605202,Escada,2000,true,,,existia
2605301,Exu,2000,true,,,existia
2605400,Feira Nova,2000,true,,,existia
2605459,Fernando de Noronha,2000,true,,,existia
2605509,Ferreiros,2000,true,,,existia
2605608,Flores,2000,true,,,existia
2605707,Floresta,2000,true,,,existia
2605806,Frei Miguelinho,2000,true,,,existia
2605905,Gameleira,2000,true,,,existia
2606002,Garanhuns,2000,true,,,existia
2606101,Glória do Goitá,2000,true,,,existia
2606200,Goiana,2000,true,,,existia
2606309,Granito,2000,true,,,existia
2606408,Gravatá,2000,true,,,existia
2606507,Iati,2000,true,,,existia
2606606,Ibimirim,2000,true,,,existia
2606705,Ibirajuba,2000,true,,,existia
2606804,Igarassu,2000,true,,,existia
2606903,Iguaracy,2000,true,,,existia
2607000,Inajá,2000,true,,,existia
2607109,Ingazeira,2000,true,,,existia
2607208,Ipojuca,2000,true,,,existia
2607307,Ipubi,2000,true,,,existia
2607406,Itacuruba,2000,true,,,existia
2607505,Itaíba,2000,true,,,existia
2607604,Ilha de Itamaracá,2000,true,,,existia
2607653,Itambé,2000,true,,,existia
2607703,Itapetim,2000,true,,,existia
2607752,Itapissuma,2000,true,,,existia
2607802,Itaquitinga,2000,true,,,existia
2607901,Jaboatão dos Guararapes,2000,true,,,existia
2607950,Jaqueira,2000,true,,,existia
2608008,Jataúba,2000,true,,,existia
2608057,Jatobá,2000,true,,,existia
2608107,João Alfredo,2000,true,,,existia
2608206,Joaquim Nabuco,2000,true,,,existia
2608255,Jucati,2000,true,,,existia
2608305,Jupi,2000,true,,,existia
2608404,Jurema,2000,true,,,existia
2608453,Lagoa do Carro,2000,true,,,existia
2608503,Lagoa de Itaenga,2000,true,,,existia
2608602,Lagoa do Ouro,2000,true,,,existia
2608701,Lagoa dos Gatos,2000,true,,,existia
2608750,Lagoa Grande,2000,true,,,existia
2608800,Lajedo,2000,true,,,existia
2608909,Limoeiro,2000,true,,,existia
2609006,Macaparana,2000,true,,,existia
2609105,Machados,2000,true,,,existia
2609154,Manari,2000,true,,,existia
2609204,Maraial,2000,true,,,existia
2609303,Mirandiba,2000,true,,,existia
2609402,Moreno,2000,true,,,existia
2609501,Nazaré da Mata,2000,true,,,existia
2609600,Olinda,2000,true,,,existia
2609709,Orobó,2000,true,,,existia
2609808,Orocó,2000,true,,,existia
2609907,Ouricuri,2000,true,,,existia
2610004,Palmares,2000,true,,,existia
2610103,Palmeirina,2000,true,,,existia
2610202,Panelas,2000,true,,,existia
2610301,Paranatama,2000,true,,,existia
2610400,Parnamirim,2000,true,,,existia
2610509,Passira,2000,true,,,existia
2610608,Paudalho,2000,true,,,existia
2610707,Paulista,2000,true,,,existia
2610806,Pedra,2000,true,,,existia
2610905,Pesqueira,2000,true,,,existia
2611002,Petrolândia,2000,true,,,existia
2611101,Petrolina,2000,true,,,existia
2611200,Poção,2000,true,,,existia
2611309,Pombos,2000,true,,,existia
2611408,Primavera,2000,true,,,existia
2611507,Quipapá,2000,true,,,existia
2611533,Quixaba,2000,true,,,existia
2611606,Recife,2000,true,,,existia
2611705,Riacho das Almas,2000,true,,,existia
2611804,Ribeirão,2000,true,,,existia
2611903,Rio Formoso,2000,true,,,existia
2612000,Sairé,2000,true,,,existia
2612109,Salgadinho,2000,true,,,existia
2612208,Salgueiro,2000,true,,,existia
2612307,Saloá,2000,true,,,existia
2612406,Sanharó,2000,true,,,existia
2612455,Santa Cruz,2000,true,,,existia
2612471,Santa Cruz da Baixa Verde,2000,true,,,existia
2612505,Santa Cruz do Capibaribe,2000,true,,,existia
2612554,Santa Filomena,2000,true,,,existia
2612604,Santa Maria da Boa Vista,2000,true,,,existia
2612703,Santa Maria do Cambucá,2000,true,,,existia
2612802,Santa Terezinha,2000,true,,,existia
2612901,São Benedito do Sul,2000,true,,,existia
2613008,São Bento do Una,2000,true,,,existia
2613107,São Caitano,2000,true,,,existia
2613206,São João,2000,true,,,existia
2613305,São Joaquim do Monte,2000,true,,,existia
2613404,São José da Coroa Grande,2000,true,,,existia
2613503,São José do Belmonte,2000,true,,,existia
2613602,São José do Egito,2000,true,,,existia
2613701,São Lourenço da Mata,2000,true,,,existia
2613800,São Vicente Férrer,2000,true,,,existia
2613909,Serra Talhada,2000,true,,,existia
2614006,Serrita,2000,true,,,existia
2614105,Sertânia,2000,true,,,existia
2614204,Sirinhaém,2000,true,,,existia
2614303,Moreilândia,2000,true,,,existia
2614402,Solidão,2000,true,,,existia
2614501,Surubim,2000,true,,,existia
2614600,Tabira,2000,true,,,existia
2614709,Tacaimbó,2000,true,,,existia
2614808,Tacaratu,2000,true,,,existia
2614857,Tamandaré,2000,true,,,existia
2615003,Taquaritinga do Norte,2000,true,,,existia
2615102,Terezinha,2000,true,,,existia
2615201,Terra Nova,2000,true,,,existia
2615300,Timbaúba,2000,true,,,existia
2615409,Toritama,2000,true,,,existia
2615508,Tracunhaém,2000,true,,,existia
2615607,Trindade,2000,true,,,existia
2615706,Triunfo,2000,true,,,existia
2615805,Tupanatinga,2000,true,,,existia
2615904,Tuparetama,2000,true,,,existia
2616001,Venturosa,2000,true,,,existia
2616100,Verdejante,2000,true,,,existia
2616183,Vertente do Lério,2000,true,,,existia
2616209,Vertentes,2000,true,,,existia
2616308,Vicência,2000,true,,,existia
2616407,Vitória de Santo Antão,2000,true,,,existia
2616506,Xexéu,2000,true,,,existia
2700102,Água Branca,2000,true,,,existia
2700201,Anadia,2000,true,,,existia
2700300,Arapiraca,2000,true,,,existia
2700409,Atalaia,2000,true,,,existia
2700508,Barra de Santo Antônio,2000,true,,,existia
2700607,Barra de São Miguel,2000,true,,,existia
2700706,Batalha,2000,true,,,existia
2700805,Belém,2000,true,,,existia
2700904,Belo Monte,2000,true,,,existia
2701001,Boca da Mata,2000,true,,,existia
2701100,Branquinha,2000,true,,,existia
2701209,Cacimbinhas,2000,true,,,existia
2701308,Cajueiro,2000,true,,,existia
2701357,Campestre,2000,true,,,existia
2701407,Campo Alegre,2000,true,,,existia
2701506,Campo Grande,2000,true,,,existia
2701605,Canapi,2000,true,,,existia
2701704,Capela,2000,true,,,existia
2701803,Carneiros,2000,true,,,existia
2701902,Chã Preta,2000,true,,,existia
2702009,Coité do Nóia,2000,true,,,existia
2702108,Colônia Leopoldina,2000,true,,,existia
2702207,Coqueiro Seco,2000,true,,,existia
2702306,Coruripe,2000,true,,,existia
2702355,Craíbas,2000,true,,,existia
2702405,Delmiro Gouveia,2000,true,,,existia
2702504,Dois Riachos,2000,true,,,existia
2702553,Estrela de Alagoas,2000,true,,,existia
2702603,Feira Grande,2000,true,,,existia
2702702,Feliz Deserto,2000,true,,,existia
2702801,Flexeiras,2000,true,,,existia
2702900,Girau do Ponciano,2000,true,,,existia
2703007,Ibateguara,2000,true,,,existia
2703106,Igaci,2000,true,,,existia
2703205,Igreja Nova,2000,true,,,existia
2703304,Inhapi,2000,true,,,existia
2703403,Jacaré dos Homens,2000,true,,,existia
2703502,Jacuípe,2000,true,,,existia
2703601,Japaratinga,2000,true,,,existia
2703700,Jaramataia,2000,true,,,existia
2703809,Joaquim Gomes,2000,true,,,existia
2703908,Jundiá,2000,true,,,existia
2704005,Junqueiro,2000,true,,,existia
2704104,Lagoa da Canoa,2000,true,,,existia
2704203,Limoeiro de Anadia,2000,true,,,existia
2704302,Maceió,2000,true,,,existia
2704401,Major Isidoro,2000,true,,,existia
2704500,Maragogi,2000,true,,,existia
2704609,Maravilha,2000,true,,,existia
2704708,Marechal Deodoro,2000,true,,,existia
2704807,Maribondo,2000,true,,,existia
2704906,Mar Vermelho,2000,true,,,existia
2705002,Mata Grande,2000,true,,,existia
2705101,Matriz de Camaragibe,2000,true,,,existia
2705200,Messias,2000,true,,,existia
2705309,Minador do Negrão,2000,true,,,existia
2705408,Monteirópolis,2000,true,,,existia
2705507,Murici,2000,true,,,existia
2705606,Novo Lino,2000,true,,,existia
2705705,Olho d'Água das Flores,2000,true,,,existia
2705804,Olho d'Água do Casado,2000,true,,,existia
2705903,Olho d'Água Grande,2000,true,,,existia
2706000,Olivença,2000,true,,,existia
2706109,Ouro Branco,2000,true,,,existia
2706208,Palestina,2000,true,,,existia
2706307,Palmeira dos Índios,2000,true,,,existia
2706406,Pão de Açúcar,2000,true,,,existia
2706422,Pariconha,2000,true,,,existia
2706448,Paripueira,2000,true,,,existia
2706505,Passo de Camaragibe,2000,true,,,existia
2706604,Paulo Jacinto,2000,true,,,existia
2706703,Penedo,2000,true,,,existia
2706802,Piaçabuçu,2000,true,,,existia
2706901,Pilar,2000,true,,,existia
2707008,Pindoba,2000,true,,,existia
2707107,Piranhas,2000,true,,,existia
2707206,Poço das Trincheiras,2000,true,,,existia
2707305,Porto Calvo,2000,true,,,existia
2707404,Porto de Pedras,2000,true,,,existia
2707503,Porto Real do Colégio,2000,true,,,existia
2707602,Quebrangulo,2000,true,,,existia
2707701,Rio Largo,2000,true,,,existia
2707800,Roteiro,2000,true,,,existia
2707909,Santa Luzia do Norte,2000,true,,,existia
2708006,Santana do Ipanema,2000,true,,,existia
2708105,Santana do Mundaú,2000,true,,,existia
2708204,São Brás,2000,true,,,existia
2708303,São José da Laje,2000,true,,,existia
2708402,São José da Tapera,2000,true,,,existia
2708501,São Luís do Quitunde,2000,true,,,existia
2708600,São Miguel dos Campos,2000,true,,,existia
2708709,São Miguel dos Milagres,2000,true,,,existia
2708808,São Sebastião,2000,true,,,existia
2708907,Satuba,2000,true,,,existia
2708956,Senador Rui Palmeira,2000,true,,,existia
2709004,Tanque d'Arca,2000,true,,,existia
2709103,Taquarana,2000,true,,,existia
2709152,Teotônio Vilela,2000,true,,,existia
2709202,Traipu,2000,true,,,existia
2709301,União dos Palmares,2000,true,,,existia
2709400,Viçosa,2000,true,,,existia
2800100,Amparo do São Francisco,2000,true,,,existia
2800209,Aquidabã,2000,true,,,existia
2800308,Aracaju,2000,true,,,existia
2800407,Arauá,2000,true,,,existia
2800506,Areia Branca,2000,true,,,existia
2800605,Barra dos Coqueiros,2000,true,,,existia
2800670,Boquim,2000,true,,,existia
2800704,Brejo Grande,2000,true,,,existia
2801009,Campo do Brito,2000,true,,,existia
2801108,Canhoba,2000,true,,,existia
2801207,Canindé de São Francisco,2000,true,,,existia
2801306,Capela,2000,true,,,existia
2801405,Carira,2000,true,,,existia
2801504,Carmópolis,2000,true,,,existia
2801603,Cedro de São João,2000,true,,,existia
2801702,Cristinápolis,2000,true,,,existia
2801900,Cumbe,2000,true,,,existia
2802007,Divina Pastora,2000,true,,,existia
2802106,Estância,2000,true,,,existia
2802205,Feira Nova,2000,true,,,existia
2802304,Frei Paulo,2000,true,,,existia
2802403,Gararu,2000,true,,,existia
2802502,General Maynard,2000,true,,,existia
2802601,Gracho Cardoso,2000,true,,,existia
2802700,Ilha das Flores,2000,true,,,existia
2802809,Indiaroba,2000,true,,,existia
2802908,Itabaiana,2000,true,,,existia
2803005,Itabaianinha,2000,true,,,existia
2803104,Itabi,2000,true,,,existia
2803203,Itaporanga d'Ajuda,2000,true,,,existia
2803302,Japaratuba,2000,true,,,existia
2803401,Japoatã,2000,true,,,existia
2803500,Lagarto,2000,true,,,existia
2803609,Laranjeiras,2000,true,,,existia
2803708,Macambira,2000,true,,,existia
2803807,Malhada dos Bois,2000,true,,,existia
2803906,Malhador,2000,true,,,existia
2804003,Maruim,2000,true,,,existia
2804102,Moita Bonita,2000,true,,,existia
2804201,Monte Alegre de Sergipe,2000,true,,,existia
2804300,Muribeca,2000,true,,,existia
2804409,Neópolis,2000,true,,,existia
2804458,Nossa Senhora Aparecida,2000,true,,,existia
2804508,Nossa Senhora da Glória,2000,true,,,existia
2804607,Nossa Senhora das Dores,2000,true,,,existia
2804706,Nossa Senhora de Lourdes,2000,true,,,existia
2804805,Nossa Senhora do Socorro,2000,true,,,existia
2804904,Pacatuba,2000,true,,,existia
2805000,Pedra Mole,2000,true,,,existia
2805109,Pedrinhas,2000,true,,,existia
2805208,Pinhão,2000,true,,,existia
2805307,Pirambu,2000,true,,,existia
2805406,Poço Redondo,2000,true,,,existia
2805505,Poço Verde,2000,true,,,existia
2805604,Porto da Folha,2000,true,,,existia
2805703,Propriá,2000,true,,,existia
2805802,Riachão do Dantas,2000,true,,,existia
2805901,Riachuelo,2000,true,,,existia
2806008,Ribeirópolis,2000,true,,,existia
2806107,Rosário do Catete,2000,true,,,existia
2806206,Salgado,2000,true,,,existia
2806305,Santa Luzia do Itanhy,2000,true,,,existia
2806404,Santana do São Francisco,2000,true,,,existia
2806503,Santa Rosa de Lima,2000,true,,,existia
2806602,Santo Amaro das Brotas,2000,true,,,existia
2806701,São Cristóvão,2000,true,,,existia
2806800,São Domingos,2000,true,,,existia
2806909,São Francisco,2000,true,,,existia
2807006,São Miguel do Aleixo,2000,true,,,existia
2807105,Simão Dias,2000,true,,,existia
2807204,Siriri,2000,true,,,existia
2807303,Telha,2000,true,,,existia
2807402,Tobias Barreto,2000,true,,,existia
2807501,Tomar do Geru,2000,true,,,existia
2807600,Umbaúba,2000,true,,,existia
2900108,Abaíra,2000,true,,,existia
2900207,Abaré,2000,true,,,existia
2900306,Acajutiba,2000,true,,,existia
2900355,Adustina,2000,true,,,existia
2900405,Água Fria,2000,true,,,existia
2900504,Érico Cardoso,2000,true,,,existia
2900603,Aiquara,2000,true,,,existia
2900702,Alagoinhas,2000,true,,,existia
2900801,Alcobaça,2000,true,,,existia
2900900,Almadina,2000,true,,,existia
2901007,Amargosa,2000,true,,,existia
2901106,Amélia Rodrigues,2000,true,,,existia
2901155,América Dourada,2000,true,,,existia
2901205,Anagé,2000,true,,,existia
2901304,Andaraí,2000,true,,,existia
2901353,Andorinha,2000,true,,,existia
2901403,Angical,2000,true,,,existia
2901502,Anguera,2000,true,,,existia
2901601,Antas,2000,true,,,existia
2901700,Antônio Cardoso,2000,true,,,existia
2901809,Antônio Gonçalves,2000,true,,,existia
2901908,Aporá,2000,true,,,existia
2901957,Apuarema,2000,true,,,existia
2902005,Aracatu,2000,true,,,existia
2902054,Araçás,2000,true,,,existia
2902104,Araci,2000,true,,,existia
2902203,Aramari,2000,true,,,existia
2902252,Arataca,2000,true,,,existia
2902302,Aratuípe,2000,true,,,existia
2902401,Aurelino Leal,2000,true,,,existia
2902500,Baianópolis,2000,true,,,existia
2902609,Baixa Grande,2000,true,,,existia
2902658,Banzaê,2000,true,,,existia
2902708,Barra,2000,true,,,existia
2902807,Barra da Estiva,2000,true,,,existia
2902906,Barra do Choça,2000,true,,,existia
2903003,Barra do Mendes,2000,true,,,existia
2903102,Barra do Rocha,2000,true,,,existia
2903201,Barreiras,2000,true,,,existia
2903235,Barro Alto,2000,true,,,existia
2903300,Barro Preto,2000,true,,,existia
2903409,Belmonte,2000,true,,,existia
2903508,Belo Campo,2000,true,,,existia
2903607,Biritinga,2000,true,,,existia
2903706,Boa Nova,2000,true,,,existia
2903805,Boa Vista do Tupim,2000,true,,,existia
2903904,Bom Jesus da Lapa,2000,true,,,existia
2903953,Bom Jesus da Serra,2000,true,,,existia
2904001,Boninal,2000,true,,,existia
2904050,Bonito,2000,true,,,existia
2904100,Boquira,2000,true,,,existia
2904209,Botuporã,2000,true,,,existia
2904308,Brejões,2000,true,,,existia
2904407,Brejolândia,2000,true,,,existia
2904506,Brotas de Macaúbas,2000,true,,,existia
2904605,Brumado,2000,true,,,existia
2904704,Buerarema,2000,true,,,existia
2904753,Buritirama,2000,true,,,existia
2904803,Caatiba,2000,true,,,existia
2904852,Cabaceiras do Paraguaçu,2000,true,,,existia
2904902,Cachoeira,2000,true,,,existia
2905008,Caculé,2000,true,,,existia
2905107,Caém,2000,true,,,existia
2905156,Caetanos,2000,true,,,existia
2905206,Caetité,2000,true,,,existia
2905305,Cafarnaum,2000,true,,,existia
2905404,Cairu,2000,true,,,existia
2905503,Caldeirão Grande,2000,true,,,existia
2905602,Camacan,2000,true,,,existia
2905701,Camaçari,2000,true,,,existia
2905800,Camamu,2000,true,,,existia
2905909,Campo Alegre de Lourdes,2000,true,,,existia
2906006,Campo Formoso,2000,true,,,existia
2906105,Canápolis,2000,true,,,existia
2906204,Canarana,2000,true,,,existia
2906303,Canavieiras,2000,true,,,existia
2906402,Candeal,2000,true,,,existia
2906501,Candeias,2000,true,,,existia
2906600,Candiba,2000,true,,,existia
2906709,Cândido Sales,2000,true,,,existia
2906808,Cansanção,2000,true,,,existia
2906824,Canudos,2000,true,,,existia
2906857,Capela do Alto Alegre,2000,true,,,existia
2906873,Capim Grosso,2000,true,,,existia
2906899,Caraíbas,2000,true,,,existia
2906907,Caravelas,2000,true,,,existia
2907004,Cardeal da Silva,2000,true,,,existia
2907103,Carinhanha,2000,true,,,existia
2907202,Casa Nova,2000,true,,,existia
2907301,Castro Alves,2000,true,,,existia
2907400,Catolândia,2000,true,,,existia
2907509,Catu,2000,true,,,existia
2907558,Caturama,2000,true,,,existia
2907608,Central,2000,true,,,existia
2907707,Chorrochó,2000,true,,,existia
2907806,Cícero Dantas,2000,true,,,existia
2907905,Cipó,2000,true,,,existia
2908002,Coaraci,2000,true,,,existia
2908101,Cocos,2000,true,,,existia
2908200,Conceição da Feira,2000,true,,,existia
2908309,Conceição do Almeida,2000,true,,,existia
2908408,Conceição do Coité,2000,true,,,existia
2908507,Conceição do Jacuípe,2000,true,,,existia
2908606,Conde,2000,true,,,existia
2908705,Condeúba,2000,true,,,existia
2908804,Contendas do Sincorá,2000,true,,,existia
2908903,Coração de Maria,2000,true,,,existia
2909000,Cordeiros,2000,true,,,existia
2909109,Coribe,2000,true,,,existia
2909208,Coronel João Sá,2000,true,,,existia
2909307,Correntina,2000,true,,,existia
2909406,Cotegipe,2000,true,,,existia
2909505,Cravolândia,2000,true,,,existia
2909604,Crisópolis,2000,true,,,existia
2909703,Cristópolis,2000,true,,,existia
2909802,Cruz das Almas,2000,true,,,existia
2909901,Curaçá,2000,true,,,existia
2910008,Dário Meira,2000,true,,,existia
2910057,Dias d'Ávila,2000,true,,,existia
2910107,Dom Basílio,2000,true,,,existia
2910206,Dom Macedo Costa,2000,true,,,existia
2910305,Elísio Medrado,2000,true,,,existia
2910404,Encruzilhada,2000,true,,,existia
2910503,Entre Rios,2000,true,,,existia
2910602,Esplanada,2000,true,,,existia
2910701,Euclides da Cunha,2000,true,,,existia
2910727,Eunápolis,2000,true,,,existia
2910750,Fátima,2000,true,,,existia
2910776,Feira da Mata,2000,true,,,existia
2910800,Feira de Santana,2000,true,,,existia
2910859,Filadélfia,2000,true,,,existia
2910909,Firmino Alves,2000,true,,,existia
2911006,Floresta Azul,2000,true,,,existia
2911105,Formosa do Rio Preto,2000,true,,,existia
2911204,Gandu,2000,true,,,existia
2911253,Gavião,2000,true,,,existia
2911303,Gentio do Ouro,2000,true,,,existia
2911402,Glória,2000,true,,,existia
2911501,Gongogi,2000,true,,,existia
2911600,Governador Mangabeira,2000,true,,,existia
2911659,Guajeru,2000,true,,,existia
2911709,Guanambi,2000,true,,,existia
2911808,Guaratinga,2000,true,,,existia
2911857,Heliópolis,2000,true,,,existia
2911907,Iaçu,2000,true,,,existia
2912004,Ibiassucê,2000,true,,,existia
2912103,Ibicaraí,2000,true,,,existia
2912202,Ibicoara,2000,true,,,existia
2912301,Ibicuí,2000,true,,,existia
2912400,Ibipeba,2000,true,,,existia
2912509,Ibipitanga,2000,true,,,existia
2912608,Ibiquera,2000,true,,,existia
2912707,Ibirapitanga,2000,true,,,existia
2912806,Ibirapuã,2000,true,,,existia
2912905,Ibirataia,2000,true,,,existia
2913002,Ibitiara,2000,true,,,existia
2913101,Ibititá,2000,true,,,existia
2913200,Ibotirama,2000,true,,,existia
2913309,Ichu,2000,true,,,existia
2913408,Igaporã,2000,true,,,existia
2913457,Igrapiúna,2000,true,,,existia
2913507,Iguaí,2000,true,,,existia
2913606,Ilhéus,2000,true,,,existia
2913705,Inhambupe,2000,true,,,existia
2913804,Ipecaetá,2000,true,,,existia
2913903,Ipiaú,2000,true,,,existia
2914000,Ipirá,2000,true,,,existia
2914109,Ipupiara,2000,true,,,existia
2914208,Irajuba,2000,true,,,existia
2914307,Iramaia,2000,true,,,existia
2914406,Iraquara,2000,true,,,existia
2914505,Irará,2000,true,,,existia
2914604,Irecê,2000,true,,,existia
2914653,Itabela,2000,true,,,existia
2914703,Itaberaba,2000,true,,,existia
2914802,Itabuna,2000,true,,,existia
2914901,Itacaré,2000,true,,,existia
2915007,Itaeté,2000,true,,,existia
2915106,Itagi,2000,true,,,existia
2915205,Itagibá,2000,true,,,existia
2915304,Itagimirim,2000,true,,,existia
2915353,Itaguaçu da Bahia,2000,true,,,existia
2915403,Itaju do Colônia,2000,true,,,existia
2915502,Itajuípe,2000,true,,,existia
2915601,Itamaraju,2000,true,,,existia
2915700,Itamari,2000,true,,,existia
2915809,Itambé,2000,true,,,existia
2915908,Itanagra,2000,true,,,existia
2916005,Itanhém,2000,true,,,existia
2916104,Itaparica,2000,true,,,existia
2916203,Itapé,2000,true,,,existia
2916302,Itapebi,2000,true,,,existia
2916401,Itapetinga,2000,true,,,existia
2916500,Itapicuru,2000,true,,,existia
2916609,Itapitanga,2000,true,,,existia
2916708,Itaquara,2000,true,,,existia
2916807,Itarantim,2000,true,,,existia
2916856,Itatim,2000,true,,,existia
2916906,Itiruçu,2000,true,,,existia
2917003,Itiúba,2000,true,,,existia
2917102,Itororó,2000,true,,,existia
2917201,Ituaçu,2000,true,,,existia
2917300,Ituberá,2000,true,,,existia
2917334,Iuiu,2000,true,,,existia
2917359,Jaborandi,2000,true,,,existia
2917409,Jacaraci,2000,true,,,existia
2917508,Jacobina,2000,true,,,existia
2917607,Jaguaquara,2000,true,,,existia
2917706,Jaguarari,2000,true,,,existia
2917805,Jaguaripe,2000,true,,,existia
2917904,Jandaíra,2000,true,,,existia
2918001,Jequié,2000,true,,,existia
2918100,Jeremoabo,2000,true,,,existia
2918209,Jiquiriçá,2000,true,,,existia
2918308,Jitaúna,2000,true,,,existia
2918357,João Dourado,2000,true,,,existia
2918407,Juazeiro,2000,true,,,existia
2918456,Jucuruçu,2000,true,,,existia
2918506,Jussara,2000,true,,,existia
2918555,Jussari,2000,true,,,existia
2918605,Jussiape,2000,true,,,existia
2918704,Lafaiete Coutinho,2000,true,,,existia
2918753,Lagoa Real,2000,true,,,existia
2918803,Laje,2000,true,,,existia
2918902,Lajedão,2000,true,,,existia
2919009,Lajedinho,2000,true,,,existia
2919058,Lajedo do Tabocal,2000,true,,,existia
2919108,Lamarão,2000,true,,,existia
2919157,Lapão,2000,true,,,existia
2919207,Lauro de Freitas,2000,true,,,existia
2919306,Lençóis,2000,true,,,existia
2919405,Licínio de Almeida,2000,true,,,existia
2919504,Livramento de Nossa Senhora,2000,true,,,existia
2919603,Macajuba,2000,true,,,existia
2919702,Macarani,2000,true,,,existia
2919801,Macaúbas,2000,true,,,existia
2919900,Macururé,2000,true,,,existia
2919926,Madre de Deus,2000,true,,,existia
2919959,Maetinga,2000,true,,,existia
2920007,Maiquinique,2000,true,,,existia
2920106,Mairi,2000,true,,,existia
2920205,Malhada,2000,true,,,existia
2920304,Malhada de Pedras,2000,true,,,existia
2920403,Manoel Vitorino,2000,true,,,existia
2920452,Mansidão,2000,true,,,existia
2920502,Maracás,2000,true,,,existia
2920601,Maragogipe,2000,true,,,existia
2920700,Maraú,2000,true,,,existia
2920809,Marcionílio Souza,2000,true,,,existia
2920908,Mascote,2000,true,,,existia
2921005,Mata de São João,2000,true,,,existia
2921054,Matina,2000,true,,,existia
2921104,Medeiros Neto,2000,true,,,existia
2921203,Miguel Calmon,2000,true,,,existia
2921302,Milagres,2000,true,,,existia
2921401,Mirangaba,2000,true,,,existia
2921450,Mirante,2000,true,,,existia
2921500,Monte Santo,2000,true,,,existia
2921609,Morpará,2000,true,,,existia
2921708,Morro do Chapéu,2000,true,,,existia
2921807,Mortugaba,2000,true,,,existia
2921906,Mucugê,2000,true,,,existia
2922003,Mucuri,2000,true,,,existia
2922052,Mulungu do Morro,2000,true,,,existia
2922102,Mundo Novo,2000,true,,,existia
2922201,Muniz Ferreira,2000,true,,,existia
2922250,Muquém do São Francisco,2000,true,,,existia
2922300,Muritiba,2000,true,,,existia
2922409,Mutuípe,2000,true,,,existia
2922508,Nazaré,2000,true,,,existia
2922607,Nilo Peçanha,2000,true,,,existia
2922656,Nordestina,2000,true,,,existia
2922706,Nova Canaã,2000,true,,,existia
2922730,Nova Fátima,2000,true,,,existia
2922755,Nova Ibiá,2000,true,,,existia
2922805,Nova Itarana,2000,true,,,existia
2922854,Nova Redenção,2000,true,,,existia
2922904,Nova Soure,2000,true,,,existia
2923001,Nova Viçosa,2000,true,,,existia
2923035,Novo Horizonte,2000,true,,,existia
2923050,Novo Triunfo,2000,true,,,existia
2923100,Olindina,2000,true,,,existia
2923209,Oliveira dos Brejinhos,2000,true,,,existia
2923308,Ouriçangas,2000,true,,,existia
2923357,Ourolândia,2000,true,,,existia
2923407,Palmas de Monte Alto,2000,true,,,existia
2923506,Palmeiras,2000,true,,,existia
2923605,Paramirim,2000,true,,,existia
2923704,Paratinga,2000,true,,,existia
2923803,Paripiranga,2000,true,,,existia
2923902,Pau Brasil,2000,true,,,existia
2924009,Paulo Afonso,2000,true,,,existia
2924058,Pé de Serra,2000,true,,,existia
2924108,Pedrão,2000,true,,,existia
2924207,Pedro Alexandre,2000,true,,,existia
2924306,Piatã,2000,true,,,existia
2924405,Pilão Arcado,2000,true,,,existia
2924504,Pindaí,2000,true,,,existia
2924603,Pindobaçu,2000,true,,,existia
2924652,Pintadas,2000,true,,,existia
2924678,Piraí do Norte,2000,true,,,existia
2924702,Piripá,2000,true,,,existia
2924801,Piritiba,2000,true,,,existia
2924900,Planaltino,2000,true,,,existia
2925006,Planalto,2000,true,,,existia
2925105,Poções,2000,true,,,existia
2925204,Pojuca,2000,true,,,existia
2925253,Ponto Novo,2000,true,,,existia
2925303,Porto Seguro,2000,true,,,existia
2925402,Potiraguá,2000,true,,,existia
2925501,Prado,2000,true,,,existia
2925600,Presidente Dutra,2000,true,,,existia
2925709,Presidente Jânio Quadros,2000,true,,,existia
2925758,Presidente Tancredo Neves,2000,true,,,existia
2925808,Queimadas,2000,true,,,existia
2925907,Quijingue,2000,true,,,existia
2925931,Quixabeira,2000,true,,,existia
2925956,Rafael Jambeiro,2000,true,,,existia
2926004,Remanso,2000,true,,,existia
2926103,Retirolândia,2000,true,,,existia
2926202,Riachão das Neves,2000,true,,,existia
2926301,Riachão do Jacuípe,2000,true,,,existia
2926400,Riacho de Santana,2000,true,,,existia
2926509,Ribeira do Amparo,2000,true,,,existia
2926608,Ribeira do Pombal,2000,true,,,existia
2926657,Ribeirão do Largo,2000,true,,,existia
2926707,Rio de Contas,2000,true,,,existia
2926806,Rio do Antônio,2000,true,,,existia
2926905,Rio do Pires,2000,true,,,existia
2927002,Rio Real,2000,true,,,existia
2927101,Rodelas,2000,true,,,existia
2927200,Ruy Barbosa,2000,true,,,existia
2927309,Salinas da Margarida,2000,true,,,existia
2927408,Salvador,2000,true,,,existia
2927507,Santa Bárbara,2000,true,,,existia
2927606,Santa Brígida,2000,true,,,existia
2927705,Santa Cruz Cabrália,2000,true,,,existia
2927804,Santa Cruz da Vitória,2000,true,,,existia
2927903,Santa Inês,2000,true,,,existia
2928000,Santaluz,2000,true,,,existia
2928059,Santa Luzia,2000,true,,,existia
2928109,Santa Maria da Vitória,2000,true,,,existia
2928208,Santana,2000,true,,,existia
2928307,Santanópolis,2000,true,,,existia
2928406,Santa Rita de Cássia,2000,true,,,existia
2928505,Santa Terezinha,2000,true,,,existia
2928604,Santo Amaro,2000,true,,,existia
2928703,Santo Antônio de Jesus,2000,true,,,existia
2928802,Santo Estêvão,2000,true,,,existia
2928901,São Desidério,2000,true,,,existia
2928950,São Domingos,2000,true,,,existia
2929008,São Félix,2000,true,,,existia
2929057,São Félix do Coribe,2000,true,,,existia
2929107,São Felipe,2000,true,,,existia
2929206,São Francisco do Conde,2000,true,,,existia
2929255,São Gabriel,2000,true,,,existia
2929305,São Gonçalo dos Campos,2000,true,,,existia
2929354,São José da Vitória,2000,true,,,existia
2929370,São José do Jacuípe,2000,true,,,existia
2929404,São Miguel das Matas,2000,true,,,existia
2929503,São Sebastião do Passé,2000,true,,,existia
2929602,Sapeaçu,2000,true,,,existia
2929701,Sátiro Dias,2000,true,,,existia
2929750,Saubara,2000,true,,,existia
2929800,Saúde,2000,true,,,existia
2929909,Seabra,2000,true,,,existia
2930006,Sebastião Laranjeiras,2000,true,,,existia
2930105,Senhor do Bonfim,2000,true,,,existia
2930154,Serra do Ramalho,2000,true,,,existia
2930204,Sento Sé,2000,true,,,existia
2930303,Serra Dourada,2000,true,,,existia
2930402,Serra Preta,2000,true,,,existia
2930501,Serrinha,2000,true,,,existia
2930600,Serrolândia,2000,true,,,existia
2930709,Simões Filho,2000,true,,,existia
2930758,Sítio do Mato,2000,true,,,existia
2930766,Sítio do Quinto,2000,true,,,existia
2930774,Sobradinho,2000,true,,,existia
2930808,Souto Soares,2000,true,,,existia
2930907,Tabocas do Brejo Velho,2000,true,,,existia
2931004,Tanhaçu,2000,true,,,existia
2931053,Tanque Novo,2000,true,,,existia
2931103,Tanquinho,2000,true,,,existia
2931202,Taperoá,2000,true,,,existia
2931301,Tapiramutá,2000,true,,,existia
2931350,Teixeira de Freitas,2000,true,,,existia
2931400,Teodoro Sampaio,2000,true,,,existia
2931509,Teofilândia,2000,true,,,existia
2931608,Teolândia,2000,true,,,existia
2931707,Terra Nova,2000,true,,,existia
2931806,Tremedal,2000,true,,,existia
2931905,Tucano,2000,true,,,existia
2932002,Uauá,2000,true,,,existia
2932101,Ubaíra,2000,true,,,existia
2932200,Ubaitaba,2000,true,,,existia
2932309,Ubatã,2000,true,,,existia
2932408,Uibaí,2000,true,,,existia
2932457,Umburanas,2000,true,,,existia
2932507,Una,2000,true,,,existia
2932606,Urandi,2000,true,,,existia
2932705,Uruçuca,2000,true,,,existia
2932804,Utinga,2000,true,,,existia
2932903,Valença,2000,true,,,existia
2933000,Valente,2000,true,,,existia
2933059,Várzea da Roça,2000,true,,,existia
2933109,Várzea do Poço,2000,true,,,existia
2933158,Várzea Nova,2000,true,,,existia
2933174,Varzedo,2000,true,,,existia
2933208,Vera Cruz,2000,true,,,existia
2933257,Vereda,2000,true,,,existia
2933307,Vitória da Conquista,2000,true,,,existia
2933406,Wagner,2000,true,,,existia
2933455,Wanderley,2000,true,,,existia
2933505,Wenceslau Guimarães,2000,true,,,existia
2933604,Xique-Xique,2000,true,,,existia
3100104,Abadia dos Dourados,2000,true,,,existia
3100203,Abaeté,2000,true,,,existia
3100302,Abre Campo,2000,true,,,existia
3100401,Acaiaca,2000,true,,,existia
3100500,Açucena,2000,true,,,existia
3100609,Água Boa,2000,true,,,existia
3100708,Água Comprida,2000,true,,,existia
3100807,Aguanil,2000,true,,,existia
3100906,Águas Formosas,2000,true,,,existia
3101003,Águas Vermelhas,2000,true,,,existia
3101102,Aimorés,2000,true,,,existia
3101201,Aiuruoca,2000,true,,,existia
3101300,Alagoa,2000,true,,,existia
3101409,Albertina,2000,true,,,existia
3101508,Além Paraíba,2000,true,,,existia
3101607,Alfenas,2000,true,,,existia
3101631,Alfredo Vasconcelos,2000,true,,,existia
3101706,Almenara,2000,true,,,existia
3101805,Alpercata,2000,true,,,existia
3101904,Alpinópolis,2000,true,,,existia
3102001,Alterosa,2000,true,,,existia
3102050,Alto Caparaó,2000,true,,,existia
3102100,Alto Rio Doce,2000,true,,,existia
3102209,Alvarenga,2000,true,,,existia
3102308,Alvinópolis,2000,true,,,existia
3102407,Alvorada de Minas,2000,true,,,existia
3102506,Amparo do Serra,2000,true,,,existia
3102605,Andradas,2000,true,,,existia
3102704,Cachoeira de Pajeú,2000,true,,,existia
3102803,Andrelândia,2000,true,,,existia
3102852,Angelândia,2000,true,,,existia
3102902,Antônio Carlos,2000,true,,,existia
3103009,Antônio Dias,2000,true,,,existia
3103108,Antônio Prado de Minas,2000,true,,,existia
3103207,Araçaí,2000,true,,,existia
3103306,Aracitaba,2000,true,,,existia
3103405,Araçuaí,2000,true,,,existia
3103504,Araguari,2000,true,,,existia
3103603,Arantina,2000,true,,,existia
3103702,Araponga,2000,true,,,existia
3103751,Araporã,2000,true,,,existia
3103801,Arapuá,2000,true,,,existia
3103900,Araújos,2000,true,,,existia
3104007,Araxá,2000,true,,,existia
3104106,Arceburgo,2000,true,,,existia
3104205,Arcos,2000,true,,,existia
3104304,Areado,2000,true,,,existia
3104403,Argirita,2000,true,,,existia
3104452,Aricanduva,2000,true,,,existia
3104502,Arinos,2000,true,,,existia
3104601,Astolfo Dutra,2000,true,,,existia
3104700,Ataléia,2000,true,,,existia
3104809,Augusto de Lima,2000,true,,,existia
3104908,Baependi,2000,true,,,existia
3105004,Baldim,2000,true,,,existia
3105103,Bambuí,2000,true,,,existia
3105202,Bandeira,2000,true,,,existia
3105301,Bandeira do Sul,2000,true,,,existia
3105400,Barão de Cocais,2000,true,,,existia
3105509,Barão do Monte Alto,2000,true,,,existia
3105608,Barbacena,2000,true,,,existia
3105707,Barra Longa,2000,true,,,existia
3105905,Barroso,2000,true,,,existia
3106002,Bela Vista de Minas,2000,true,,,existia
3106101,Belmiro Braga,2000,true,,,existia
3106200,Belo Horizonte,2000,true,,,existia
3106309,Belo Oriente,2000,true,,,existia
3106408,Belo Vale,2000,true,,,existia
3106507,Berilo,2000,true,,,existia
3106606,Bertópolis,2000,true,,,existia
3106655,Berizal,2000,true,,,existia
3106705,Betim,2000,true,,,existia
3106804,Bias Fortes,2000,true,,,existia
3106903,Bicas,2000,true,,,existia
3107000,Biquinhas,2000,true,,,existia
3107109,Boa Esperança,2000,true,,,existia
3107208,Bocaina de Minas,2000,true,,,existia
3107307,Bocaiúva,2000,true,,,existia
3107406,Bom Despacho,2000,true,,,existia
3107505,Bom Jardim de Minas,2000,true,,,existia
3107604,Bom Jesus da Penha,2000,true,,,existia
3107703,Bom Jesus do Amparo,2000,true,,,existia
3107802,Bom Jesus do Galho,2000,true,,,existia
3107901,Bom Repouso,2000,true,,,existia
3108008,Bom Sucesso,2000,true,,,existia
3108107,Bonfim,2000,true,,,existia
3108206,Bonfinópolis de Minas,2000,true,,,existia
3108255,Bonito de Minas,2000,true,,,existia
3108305,Borda da Mata,2000,true,,,existia
3108404,Botelhos,2000,true,,,existia
3108503,Botumirim,2000,true,,,existia
3108552,Brasilândia de Minas,2000,true,,,existia
3108602,Brasília de Minas,2000,true,,,existia
3108701,Brás Pires,2000,true,,,existia
3108800,Braúnas,2000,true,,,existia
3108909,Brazópolis,2000,true,,,existia
3109006,Brumadinho,2000,true,,,existia
3109105,Bueno Brandão,2000,true,,,existia
3109204,Buenópolis,2000,true,,,existia
3109253,Bugre,2000,true,,,existia
3109303,Buritis,2000,true,,,existia
3109402,Buritizeiro,2000,true,,,existia
3109451,Cabeceira Grande,2000,true,,,existia
3109501,Cabo Verde,2000,true,,,existia
3109600,Cachoeira da Prata,2000,true,,,existia
3109709,Cachoeira de Minas,2000,true,,,existia
3109808,Cachoeira Dourada,2000,true,,,existia
3109907,Caetanópolis,2000,true,,,existia
3110004,Caeté,2000,true,,,existia
3110103,Caiana,2000,true,,,existia
3110202,Cajuri,2000,true,,,existia
3110301,Caldas,2000,true,,,existia
3110400,Camacho,2000,true,,,existia
3110509,Camanducaia,2000,true,,,existia
3110608,Cambuí,2000,true,,,existia
3110707,Cambuquira,2000,true,,,existia
3110806,Campanário,2000,true,,,existia
3110905,Campanha,2000,true,,,existia
3111002,Campestre,2000,true,,,existia
3111101,Campina Verde,2000,true,,,existia
3111150,Campo Azul,2000,true,,,existia
3111200,Campo Belo,2000,true,,,existia
3111309,Campo do Meio,2000,true,,,existia
3111408,Campo Florido,2000,true,,,existia
3111507,Campos Altos,2000,true,,,existia
3111606,Campos Gerais,2000,true,,,existia
3111705,Canaã,2000,true,,,existia
3111804,Canápolis,2000,true,,,existia
3111903,Cana Verde,2000,true,,,existia
3112000,Candeias,2000,true,,,existia
3112059,Cantagalo,2000,true,,,existia
3112109,Caparaó,2000,true,,,existia
3112208,Capela Nova,2000,true,,,existia
3112307,Capelinha,2000,true,,,existia
3112406,Capetinga,2000,true,,,existia
3112505,Capim Branco,2000,true,,,existia
3112604,Capinópolis,2000,true,,,existia
3112653,Capitão Andrade,2000,true,,,existia
3112703,Capitão Enéas,2000,true,,,existia
3112802,Capitólio,2000,true,,,existia
3112901,Caputira,2000,true,,,existia
3113008,Caraí,2000,true,,,existia
3113107,Caranaíba,2000,true,,,existia
3113206,Carandaí,2000,true,,,existia
3113305,Carangola,2000,true,,,existia
3113404,Caratinga,2000,true,,,existia
3113503,Carbonita,2000,true,,,existia
3113602,Careaçu,2000,true,,,existia
3113701,Carlos Chagas,2000,true,,,existia
3113800,Carmésia,2000,true,,,existia
3113909,Carmo da Cachoeira,2000,true,,,existia
3114006,Carmo da Mata,2000,true,,,existia
3114105,Carmo de Minas,2000,true,,,existia
3114204,Carmo do Cajuru,2000,true,,,existia
3114303,Carmo do Paranaíba,2000,true,,,existia
3114402,Carmo do Rio Claro,2000,true,,,existia
3114501,Carmópolis de Minas,2000,true,,,existia
3114550,Carneirinho,2000,true,,,existia
3114600,Carrancas,2000,true,,,existia
3114709,Carvalhópolis,2000,true,,,existia
3114808,Carvalhos,2000,true,,,existia
3114907,Casa Grande,2000,true,,,existia
3115003,Cascalho Rico,2000,true,,,existia
3115102,Cássia,2000,true,,,existia
3115201,Conceição da Barra de Minas,2000,true,,,existia
3115300,Cataguases,2000,true,,,existia
3115359,Catas Altas,2000,true,,,existia
3115409,Catas Altas da Noruega,2000,true,,,existia
3115458,Catuji,2000,true,,,existia
3115474,Catuti,2000,true,,,existia
3115508,Caxambu,2000,true,,,existia
3115607,Cedro do Abaeté,2000,true,,,existia
3115706,Central de Minas,2000,true,,,existia
3115805,Centralina,2000,true,,,existia
3115904,Chácara,2000,true,,,existia
3116001,Chalé,2000,true,,,existia
3116100,Chapada do Norte,2000,true,,,existia
3116159,Chapada Gaúcha,2000,true,,,existia
3116209,Chiador,2000,true,,,existia
3116308,Cipotânea,2000,true,,,existia
3116407,Claraval,2000,true,,,existia
3116506,Claro dos Poções,2000,true,,,existia
3116605,Cláudio,2000,true,,,existia
3116704,Coimbra,2000,true,,,existia
3116803,Coluna,2000,true,,,existia
3116902,Comendador Gomes,2000,true,,,existia
3117009,Comercinho,2000,true,,,existia
3117108,Conceição da Aparecida,2000,true,,,existia
3117207,Conceição das Pedras,2000,true,,,existia
3117306,Conceição das Alagoas,2000,true,,,existia
3117405,Conceição de Ipanema,2000,true,,,existia
3117504,Conceição do Mato Dentro,2000,true,,,existia
3117603,Conceição do Pará,2000,true,,,existia
3117702,Conceição do Rio Verde,2000,true,,,existia
3117801,Conceição dos Ouros,2000,true,,,existia
3117836,Cônego Marinho,2000,true,,,existia
3117876,Confins,2000,true,,,existia
3117900,Congonhal,2000,true,,,existia
3118007,Congonhas,2000,true,,,existia
3118106,Congonhas do Norte,2000,true,,,existia
3118205,Conquista,2000,true,,,existia
3118304,Conselheiro Lafaiete,2000,true,,,existia
3118403,Conselheiro Pena,2000,true,,,existia
3118502,Consolação,2000,true,,,existia
3118601,Contagem,2000,true,,,existia
3118700,Coqueiral,2000,true,,,existia
3118809,Coração de Jesus,2000,true,,,existia
3118908,Cordisburgo,2000,true,,,existia
3119005,Cordislândia,2000,true,,,existia
3119104,Corinto,2000,true,,,existia
3119203,Coroaci,2000,true,,,existia
3119302,Coromandel,2000,true,,,existia
3119401,Coronel Fabriciano,2000,true,,,existia
3119500,Coronel Murta,2000,true,,,existia
3119609,Coronel Pacheco,2000,true,,,existia
3119708,Coronel Xavier Chaves,2000,true,,,existia
3119807,Córrego Danta,2000,true,,,existia
3119906,Córrego do Bom Jesus,2000,true,,,existia
3119955,Córrego Fundo,2000,true,,,existia
3120003,Córrego Novo,2000,true,,,existia
3120102,Couto de Magalhães de Minas,2000,true,,,existia
3120151,Crisólita,2000,true,,,existia
3120201,Cristais,2000,true,,,existia
3120300,Cristália,2000,true,,,existia
3120409,Cristiano Otoni,2000,true,,,existia
3120508,Cristina,2000,true,,,existia
3120607,Crucilândia,2000,true,,,existia
3120706,Cruzeiro da Fortaleza,2000,true,,,existia
3120805,Cruzília,2000,true,,,existia
3120839,Cuparaque,2000,true,,,existia
3120870,Curral de Dentro,2000,true,,,existia
3120904,Curvelo,2000,true,,,existia
3121001,Datas,2000,true,,,existia
3121100,Delfim Moreira,2000,true,,,existia
3121209,Delfinópolis,2000,true,,,existia
3121258,Delta,2000,true,,,existia
3121308,Descoberto,2000,true,,,existia
3121407,Desterro de Entre Rios,2000,true,,,existia
3121506,Desterro do Melo,2000,true,,,existia
3121605,Diamantina,2000,true,,,existia
3121704,Diogo de Vasconcelos,2000,true,,,existia
3121803,Dionísio,2000,true,,,existia
3121902,Divinésia,2000,true,,,existia
3122009,Divino,2000,true,,,existia
3122108,Divino das Laranjeiras,2000,true,,,existia
3122207,Divinolândia de Minas,2000,true,,,existia
3122306,Divinópolis,2000,true,,,existia
3122355,Divisa Alegre,2000,true,,,existia
3122405,Divisa Nova,2000,true,,,existia
3122454,Divisópolis,2000,true,,,existia
3122470,Dom Bosco,2000,true,,,existia
3122504,Dom Cavati,2000,true,,,existia
3122603,Dom Joaquim,2000,true,,,existia
3122702,Dom Silvério,2000,true,,,existia
3122801,Dom Viçoso,2000,true,,,existia
3122900,Dona Euzébia,2000,true,,,existia
3123007,Dores de Campos,2000,true,,,existia
3123106,Dores de Guanhães,2000,true,,,existia
3123205,Dores do Indaiá,2000,true,,,existia
3123304,Dores do Turvo,2000,true,,,existia
3123403,Doresópolis,2000,true,,,existia
3123502,Douradoquara,2000,true,,,existia
3123528,Durandé,2000,true,,,existia
3123601,Elói Mendes,2000,true,,,existia
3123700,Engenheiro Caldas,2000,true,,,existia
3123809,Engenheiro Navarro,2000,true,,,existia
3123858,Entre Folhas,2000,true,,,existia
3123908,Entre Rios de Minas,2000,true,,,existia
3124005,Ervália,2000,true,,,existia
3124104,Esmeraldas,2000,true,,,existia
3124203,Espera Feliz,2000,true,,,existia
3124302,Espinosa,2000,true,,,existia
3124401,Espírito Santo do Dourado,2000,true,,,existia
3124500,Estiva,2000,true,,,existia
3124609,Estrela Dalva,2000,true,,,existia
3124708,Estrela do Indaiá,2000,true,,,existia
3124807,Estrela do Sul,2000,true,,,existia
3124906,Eugenópolis,2000,true,,,existia
3125002,Ewbank da Câmara,2000,true,,,existia
3125101,Extrema,2000,true,,,existia
3125200,Fama,2000,true,,,existia
3125309,Faria Lemos,2000,true,,,existia
3125408,Felício dos Santos,2000,true,,,existia
3125507,São Gonçalo do Rio Preto,2000,true,,,existia
3125606,Felisburgo,2000,true,,,existia
3125705,Felixlândia,2000,true,,,existia
3125804,Fernandes Tourinho,2000,true,,,existia
3125903,Ferros,2000,true,,,existia
3125952,Fervedouro,2000,true,,,existia
3126000,Florestal,2000,true,,,existia
3126109,Formiga,2000,true,,,existia
3126208,Formoso,2000,true,,,existia
3126307,Fortaleza de Minas,2000,true,,,existia
3126406,Fortuna de Minas,2000,true,,,existia
3126505,Francisco Badaró,2000,true,,,existia
3126604,Francisco Dumont,2000,true,,,existia
3126703,Francisco Sá,2000,true,,,existia
3126752,Franciscópolis,2000,true,,,existia
3126802,Frei Gaspar,2000,true,,,existia
3126901,Frei Inocêncio,2000,true,,,existia
3126950,Frei Lagonegro,2000,true,,,existia
3127008,Fronteira,2000,true,,,existia
3127057,Fronteira dos Vales,2000,true,,,existia
3127073,Fruta de Leite,2000,true,,,existia
3127107,Frutal,2000,true,,,existia
3127206,Funilândia,2000,true,,,existia
3127305,Galiléia,2000,true,,,existia
3127339,Gameleiras,2000,true,,,existia
3127354,Glaucilândia,2000,true,,,existia
3127370,Goiabeira,2000,true,,,existia
3127388,Goianá,2000,true,,,existia
3127404,Gonçalves,2000,true,,,existia
3127503,Gonzaga,2000,true,,,existia
3127602,Gouveia,2000,true,,,existia
3127701,Governador Valadares,2000,true,,,existia
3127800,Grão Mogol,2000,true,,,existia
3127909,Grupiara,2000,true,,,existia
3128006,Guanhães,2000,true,,,existia
3128105,Guapé,2000,true,,,existia
3128204,Guaraciaba,2000,true,,,existia
3128253,Guaraciama,2000,true,,,existia
3128303,Guaranésia,2000,true,,,existia
3128402,Guarani,2000,true,,,existia
3128501,Guarará,2000,true,,,existia
3128600,Guarda-Mor,2000,true,,,existia
3128709,Guaxupé,2000,true,,,existia
3128808,Guidoval,2000,true,,,existia
3128907,Guimarânia,2000,true,,,existia
3129004,Guiricema,2000,true,,,existia
3129103,Gurinhatã,2000,true,,,existia
3129202,Heliodora,2000,true,,,existia
3129301,Iapu,2000,true,,,existia
3129400,Ibertioga,2000,true,,,existia
3129509,Ibiá,2000,true,,,existia
3129608,Ibiaí,2000,true,,,existia
3129657,Ibiracatu,2000,true,,,existia
3129707,Ibiraci,2000,true,,,existia
3129806,Ibirité,2000,true,,,existia
3129905,Ibitiúra de Minas,2000,true,,,existia
3130002,Ibituruna,2000,true,,,existia
3130051,Icaraí de Minas,2000,true,,,existia
3130101,Igarapé,2000,true,,,existia
3130200,Igaratinga,2000,true,,,existia
3130309,Iguatama,2000,true,,,existia
3130408,Ijaci,2000,true,,,existia
3130507,Ilicínea,2000,true,,,existia
3130556,Imbé de Minas,2000,true,,,existia
3130606,Inconfidentes,2000,true,,,existia
3130655,Indaiabira,2000,true,,,existia
3130705,Indianópolis,2000,true,,,existia
3130804,Ingaí,2000,true,,,existia
3130903,Inhapim,2000,true,,,existia
3131000,Inhaúma,2000,true,,,existia
3131109,Inimutaba,2000,true,,,existia
3131158,Ipaba,2000,true,,,existia
3131208,Ipanema,2000,true,,,existia
3131307,Ipatinga,2000,true,,,existia
3131406,Ipiaçu,2000,true,,,existia
3131505,Ipuiúna,2000,true,,,existia
3131604,Iraí de Minas,2000,true,,,existia
3131703,Itabira,2000,true,,,existia
3131802,Itabirinha,2000,true,,,existia
3131901,Itabirito,2000,true,,,existia
3132008,Itacambira,2000,true,,,existia
3132107,Itacarambi,2000,true,,,existia
3132206,Itaguara,2000,true,,,existia
3132305,Itaipé,2000,true,,,existia
3132404,Itajubá,2000,true,,,existia
3132503,Itamarandiba,2000,true,,,existia
3132602,Itamarati de Minas,2000,true,,,existia
3132701,Itambacuri,2000,true,,,existia
3132800,Itambé do Mato Dentro,2000,true,,,existia
3132909,Itamogi,2000,true,,,existia
3133006,Itamonte,2000,true,,,existia
3133105,Itanhandu,2000,true,,,existia
3133204,Itanhomi,2000,true,,,existia
3133303,Itaobim,2000,true,,,existia
3133402,Itapagipe,2000,true,,,existia
3133501,Itapecerica,2000,true,,,existia
3133600,Itapeva,2000,true,,,existia
3133709,Itatiaiuçu,2000,true,,,existia
3133758,Itaú de Minas,2000,true,,,existia
3133808,Itaúna,2000,true,,,existia
3133907,Itaverava,2000,true,,,existia
3134004,Itinga,2000,true,,,existia
3134103,Itueta,2000,true,,,existia
3134202,Ituiutaba,2000,true,,,existia
3134301,Itumirim,2000,true,,,existia
3134400,Iturama,2000,true,,,existia
3134509,Itutinga,2000,true,,,existia
3134608,Jaboticatubas,2000,true,,,existia
3134707,Jacinto,2000,true,,,existia
3134806,Jacuí,2000,true,,,existia
3134905,Jacutinga,2000,true,,,existia
3135001,Jaguaraçu,2000,true,,,existia
3135050,Jaíba,2000,true,,,existia
3135076,Jampruca,2000,true,,,existia
3135100,Janaúba,2000,true,,,existia
3135209,Januária,2000,true,,,existia
3135308,Japaraíba,2000,true,,,existia
3135357,Japonvar,2000,true,,,existia
3135407,Jeceaba,2000,true,,,existia
3135456,Jenipapo de Minas,2000,true,,,existia
3135506,Jequeri,2000,true,,,existia
3135605,Jequitaí,2000,true,,,existia
3135704,Jequitibá,2000,true,,,existia
3135803,Jequitinhonha,2000,true,,,existia
3135902,Jesuânia,2000,true,,,existia
3136009,Joaíma,2000,true,,,existia
3136108,Joanésia,2000,true,,,existia
3136207,João Monlevade,2000,true,,,existia
3136306,João Pinheiro,2000,true,,,existia
3136405,Joaquim Felício,2000,true,,,existia
3136504,Jordânia,2000,true,,,existia
3136520,José Gonçalves de Minas,2000,true,,,existia
3136553,José Raydan,2000,true,,,existia
3136579,Josenópolis,2000,true,,,existia
3136603,Nova União,2000,true,,,existia
3136652,Juatuba,2000,true,,,existia
3136702,Juiz de Fora,2000,true,,,existia
3136801,Juramento,2000,true,,,existia
3136900,Juruaia,2000,true,,,existia
3136959,Juvenília,2000,true,,,existia
3137007,Ladainha,2000,true,,,existia
3137106,Lagamar,2000,true,,,existia
3137205,Lagoa da Prata,2000,true,,,existia
3137304,Lagoa dos Patos,2000,true,,,existia
3137403,Lagoa Dourada,2000,true,,,existia
3137502,Lagoa Formosa,2000,true,,,existia
3137536,Lagoa Grande,2000,true,,,existia
3137601,Lagoa Santa,2000,true,,,existia
3137700,Lajinha,2000,true,,,existia
3137809,Lambari,2000,true,,,existia
3137908,Lamim,2000,true,,,existia
3138005,Laranjal,2000,true,,,existia
3138104,Lassance,2000,true,,,existia
3138203,Lavras,2000,true,,,existia
3138302,Leandro Ferreira,2000,true,,,existia
3138351,Leme do Prado,2000,true,,,existia
3138401,Leopoldina,2000,true,,,existia
3138500,Liberdade,2000,true,,,existia
3138609,Lima Duarte,2000,true,,,existia
3138625,Limeira do Oeste,2000,true,,,existia
3138658,Lontra,2000,true,,,existia
3138674,Luisburgo,2000,true,,,existia
3138682,Luislândia,2000,true,,,existia
3138708,Luminárias,2000,true,,,existia
3138807,Luz,2000,true,,,existia
3138906,Machacalis,2000,true,,,existia
3139003,Machado,2000,true,,,existia
3139102,Madre de Deus de Minas,2000,true,,,existia
3139201,Malacacheta,2000,true,,,existia
3139250,Mamonas,2000,true,,,existia
3139300,Manga,2000,true,,,existia
3139409,Manhuaçu,2000,true,,,existia
3139508,Manhumirim,2000,true,,,existia
3139607,Mantena,2000,true,,,existia
3139706,Maravilhas,2000,true,,,existia
3139805,Mar de Espanha,2000,true,,,existia
3139904,Maria da Fé,2000,true,,,existia
3140001,Mariana,2000,true,,,existia
3140100,Marilac,2000,true,,,existia
3140159,Mário Campos,2000,true,,,existia
3140209,Maripá de Minas,2000,true,,,existia
3140308,Marliéria,2000,true,,,existia
3140407,Marmelópolis,2000,true,,,existia
3140506,Martinho Campos,2000,true,,,existia
3140530,Martins Soares,2000,true,,,existia
3140555,Mata Verde,2000,true,,,existia
3140605,Materlândia,2000,true,,,existia
3140704,Mateus Leme,2000,true,,,existia
3140803,Matias Barbosa,2000,true,,,existia
3140852,Matias Cardoso,2000,true,,,existia
3140902,Matipó,2000,true,,,existia
3141009,Mato Verde,2000,true,,,existia
3141108,Matozinhos,2000,true,,,existia
3141207,Matutina,2000,true,,,existia
3141306,Medeiros,2000,true,,,existia
3141405,Medina,2000,true,,,existia
3141504,Mendes Pimentel,2000,true,,,existia
3141603,Mercês,2000,true,,,existia
3141702,Mesquita,2000,true,,,existia
3141801,Minas Novas,2000,true,,,existia
3141900,Minduri,2000,true,,,existia
3142007,Mirabela,2000,true,,,existia
3142106,Miradouro,2000,true,,,existia
3142205,Miraí,2000,true,,,existia
3142254,Miravânia,2000,true,,,existia
3142304,Moeda,2000,true,,,existia
3142403,Moema,2000,true,,,existia
3142502,Monjolos,2000,true,,,existia
3142601,Monsenhor Paulo,2000,true,,,existia
3142700,Montalvânia,2000,true,,,existia
3142809,Monte Alegre de Minas,2000,true,,,existia
3142908,Monte Azul,2000,true,,,existia
3143005,Monte Belo,2000,true,,,existia
3143104,Monte Carmelo,2000,true,,,existia
3143153,Monte Formoso,2000,true,,,existia
3143203,Monte Santo de Minas,2000,true,,,existia
3143302,Montes Claros,2000,true,,,existia
3143401,Monte Sião,2000,true,,,existia
3143450,Montezuma,2000,true,,,existia
3143500,Morada Nova de Minas,2000,true,,,existia
3143609,Morro da Garça,2000,true,,,existia
3143708,Morro do Pilar,2000,true,,,existia
3143807,Munhoz,2000,true,,,existia
3143906,Muriaé,2000,true,,,existia
3144003,Mutum,2000,true,,,existia
3144102,Muzambinho,2000,true,,,existia
3144201,Nacip Raydan,2000,true,,,existia
3144300,Nanuque,2000,true,,,existia
3144359,Naque,2000,true,,,existia
3144375,Natalândia,2000,true,,,existia
3144409,Natércia,2000,true,,,existia
3144508,Nazareno,2000,true,,,existia
3144607,Nepomuceno,2000,true,,,existia
3144656,Ninheira,2000,true,,,existia
3144672,Nova Belém,2000,true,,,existia
3144706,Nova Era,2000,true,,,existia
3144805,Nova Lima,2000,true,,,existia
3144904,Nova Módica,2000,true,,,existia
3145000,Nova Ponte,2000,true,,,existia
3145059,Nova Porteirinha,2000,true,,,existia
3145109,Nova Resende,2000,true,,,existia
3145208,Nova Serrana,2000,true,,,existia
3145307,Novo Cruzeiro,2000,true,,,existia
3145356,Novo Oriente de Minas,2000,true,,,existia
3145372,Novorizonte,2000,true,,,existia
3145406,Olaria,2000,true,,,existia
3145455,Olhos-d'Água,2000,true,,,existia
3145505,Olímpio Noronha,2000,true,,,existia
3145604,Oliveira,2000,true,,,existia
3145703,Oliveira Fortes,2000,true,,,existia
3145802,Onça de Pitangui,2000,true,,,existia
3145851,Oratórios,2000,true,,,existia
3145877,Orizânia,2000,true,,,existia
3145901,Ouro Branco,2000,true,,,existia
3146008,Ouro Fino,2000,true,,,existia
3146107,Ouro Preto,2000,true,,,existia
3146206,Ouro Verde de Minas,2000,true,,,existia
3146255,Padre Carvalho,2000,true,,,existia
3146305,Padre Paraíso,2000,true,,,existia
3146404,Paineiras,2000,true,,,existia
3146503,Pains,2000,true,,,existia
3146552,Pai Pedro,2000,true,,,existia
3146602,Paiva,2000,true,,,existia
3146701,Palma,2000,true,,,existia
3146750,Palmópolis,2000,true,,,existia
3146909,Papagaios,2000,true,,,existia
3147006,Paracatu,2000,true,,,existia
3147105,Pará de Minas,2000,true,,,existia
3147204,Paraguaçu,2000,true,,,existia
3147303,Paraisópolis,2000,true,,,existia
3147402,Paraopeba,2000,true,,,existia
3147501,Passabém,2000,true,,,existia
3147600,Passa Quatro,2000,true,,,existia
3147709,Passa Tempo,2000,true,,,existia
3147808,Passa Vinte,2000,true,,,existia
3147907,Passos,2000,true,,,existia
3147956,Patis,2000,true,,,existia
3148004,Patos de Minas,2000,true,,,existia
3148103,Patrocínio,2000,true,,,existia
3148202,Patrocínio do Muriaé,2000,true,,,existia
3148301,Paula Cândido,2000,true,,,existia
3148400,Paulistas,2000,true,,,existia
3148509,Pavão,2000,true,,,existia
3148608,Peçanha,2000,true,,,existia
3148707,Pedra Azul,2000,true,,,existia
3148756,Pedra Bonita,2000,true,,,existia
3148806,Pedra do Anta,2000,true,,,existia
3148905,Pedra do Indaiá,2000,true,,,existia
3149002,Pedra Dourada,2000,true,,,existia
3149101,Pedralva,2000,true,,,existia
3149150,Pedras de Maria da Cruz,2000,true,,,existia
3149200,Pedrinópolis,2000,true,,,existia
3149309,Pedro Leopoldo,2000,true,,,existia
3149408,Pedro Teixeira,2000,true,,,existia
3149507,Pequeri,2000,true,,,existia
3149606,Pequi,2000,true,,,existia
3149705,Perdigão,2000,true,,,existia
3149804,Perdizes,2000,true,,,existia
3149903,Perdões,2000,true,,,existia
3149952,Periquito,2000,true,,,existia
3150000,Pescador,2000,true,,,existia
3150109,Piau,2000,true,,,existia
3150158,Piedade de Caratinga,2000,true,,,existia
3150208,Piedade de Ponte Nova,2000,true,,,existia
3150307,Piedade do Rio Grande,2000,true,,,existia
3150406,Piedade dos Gerais,2000,true,,,existia
3150505,Pimenta,2000,true,,,existia
3150539,Pingo-d'Água,2000,true,,,existia
3150570,Pintópolis,2000,true,,,existia
3150604,Piracema,2000,true,,,existia
3150703,Pirajuba,2000,true,,,existia
3150802,Piranga,2000,true,,,existia
3150901,Piranguçu,2000,true,,,existia
3151008,Piranguinho,2000,true,,,existia
3151107,Pirapetinga,2000,true,,,existia
3151206,Pirapora,2000,true,,,existia
3151305,Piraúba,2000,true,,,existia
3151404,Pitangui,2000,true,,,existia
3151503,Piumhi,2000,true,,,existia
3151602,Planura,2000,true,,,existia
3151701,Poço Fundo,2000,true,,,existia
3151800,Poços de Caldas,2000,true,,,existia
3151909,Pocrane,2000,true,,,existia
3152006,Pompéu,2000,true,,,existia
3152105,Ponte Nova,2000,true,,,existia
3152131,Ponto Chique,2000,true,,,existia
3152170,Ponto dos Volantes,2000,true,,,existia
3152204,Porteirinha,2000,true,,,existia
3152303,Porto Firme,2000,true,,,existia
3152402,Poté,2000,true,,,existia
3152501,Pouso Alegre,2000,true,,,existia
3152600,Pouso Alto,2000,true,,,existia
3152709,Prados,2000,true,,,existia
3152808,Prata,2000,true,,,existia
3152907,Pratápolis,2000,true,,,existia
3153004,Pratinha,2000,true,,,existia
3153103,Presidente Bernardes,2000,true,,,existia
3153202,Presidente Juscelino,2000,true,,,existia
3153301,Presidente Kubitschek,2000,true,,,existia
3153400,Presidente Olegário,2000,true,,,existia
3153509,Alto Jequitibá,2000,true,,,existia
3153608,Prudente de Morais,2000,true,,,existia
3153707,Quartel Geral,2000,true,,,existia
3153806,Queluzito,2000,true,,,existia
3153905,Raposos,2000,true,,,existia
3154002,Raul Soares,2000,true,,,existia
3154101,Recreio,2000,true,,,existia
3154150,Reduto,2000,true,,,existia
3154200,Resende Costa,2000,true,,,existia
3154309,Resplendor,2000,true,,,existia
3154408,Ressaquinha,2000,true,,,existia
3154457,Riachinho,2000,true,,,existia
3154507,Riacho dos Machados,2000,true,,,existia
3154606,Ribeirão das Neves,2000,true,,,existia
3154705,Ribeirão Vermelho,2000,true,,,existia
3154804,Rio Acima,2000,true,,,existia
3154903,Rio Casca,2000,true,,,existia
3155009,Rio Doce,2000,true,,,existia
3155108,Rio do Prado,2000,true,,,existia
3155207,Rio Espera,2000,true,,,existia
3155306,Rio Manso,2000,true,,,existia
3155405,Rio Novo,2000,true,,,existia
3155504,Rio Paranaíba,2000,true,,,existia
3155603,Rio Pardo de Minas,2000,true,,,existia
3155702,Rio Piracicaba,2000,true,,,existia
3155801,Rio Pomba,2000,true,,,existia
3155900,Rio Preto,2000,true,,,existia
3156007,Rio Vermelho,2000,true,,,existia
3156106,Ritápolis,2000,true,,,existia
3156205,Rochedo de Minas,2000,true,,,existia
3156304,Rodeiro,2000,true,,,existia
3156403,Romaria,2000,true,,,existia
3156452,Rosário da Limeira,2000,true,,,existia
3156502,Rubelita,2000,true,,,existia
3156601,Rubim,2000,true,,,existia
3156700,Sabará,2000,true,,,existia
3156809,Sabinópolis,2000,true,,,existia
3156908,Sacramento,2000,true,,,existia
3157005,Salinas,2000,true,,,existia
3157104,Salto da Divisa,2000,true,,,existia
3157203,Santa Bárbara,2000,true,,,existia
3157252,Santa Bárbara do Leste,2000,true,,,existia
3157278,Santa Bárbara do Monte Verde,2000,true,,,existia
3157302,Santa Bárbara do Tugúrio,2000,true,,,existia
3157336,Santa Cruz de Minas,2000,true,,,existia
3157377,Santa Cruz de Salinas,2000,true,,,existia
3157401,Santa Cruz do Escalvado,2000,true,,,existia
3157500,Santa Efigênia de Minas,2000,true,,,existia
3157609,Santa Fé de Minas,2000,true,,,existia
3157658,Santa Helena de Minas,2000,true,,,existia
3157708,Santa Juliana,2000,true,,,existia
3157807,Santa Luzia,2000,true,,,existia
3157906,Santa Margarida,2000,true,,,existia
3158003,Santa Maria de Itabira,2000,true,,,existia
3158102,Santa Maria do Salto,2000,true,,,existia
3158201,Santa Maria do Suaçuí,2000,true,,,existia
3158300,Santana da Vargem,2000,true,,,existia
3158409,Santana de Cataguases,2000,true,,,existia
3158508,Santana de Pirapama,2000,true,,,existia
3158607,Santana do Deserto,2000,true,,,existia
3158706,Santana do Garambéu,2000,true,,,existia
3158805,Santana do Jacaré,2000,true,,,existia
3158904,Santana do Manhuaçu,2000,true,,,existia
3158953,Santana do Paraíso,2000,true,,,existia
3159001,Santana do Riacho,2000,true,,,existia
3159100,Santana dos Montes,2000,true,,,existia
3159209,Santa Rita de Caldas,2000,true,,,existia
3159308,Santa Rita de Jacutinga,2000,true,,,existia
3159357,Santa Rita de Minas,2000,true,,,existia
3159407,Santa Rita de Ibitipoca,2000,true,,,existia
3159506,Santa Rita do Itueto,2000,true,,,existia
3159605,Santa Rita do Sapucaí,2000,true,,,existia
3159704,Santa Rosa da Serra,2000,true,,,existia
3159803,Santa Vitória,2000,true,,,existia
3159902,Santo Antônio do Amparo,2000,true,,,existia
3160009,Santo Antônio do Aventureiro,2000,true,,,existia
3160108,Santo Antônio do Grama,2000,true,,,existia
3160207,Santo Antônio do Itambé,2000,true,,,existia
3160306,Santo Antônio do Jacinto,2000,true,,,existia
3160405,Santo Antônio do Monte,2000,true,,,existia
3160454,Santo Antônio do Retiro,2000,true,,,existia
3160504,Santo Antônio do Rio Abaixo,2000,true,,,existia
3160603,Santo Hipólito,2000,true,,,existia
3160702,Santos Dumont,2000,true,,,existia
3160801,São Bento Abade,2000,true,,,existia
3160900,São Brás do Suaçuí,2000,true,,,existia
3160959,São Domingos das Dores,2000,true,,,existia
3161007,São Domingos do Prata,2000,true,,,existia
3161056,São Félix de Minas,2000,true,,,existia
3161106,São Francisco,2000,true,,,existia
3161205,São Francisco de Paula,2000,true,,,existia
3161304,São Francisco de Sales,2000,true,,,existia
3161403,São Francisco do Glória,2000,true,,,existia
3161502,São Geraldo,2000,true,,,existia
3161601,São Geraldo da Piedade,2000,true,,,existia
3161650,São Geraldo do Baixio,2000,true,,,existia
3161700,São Gonçalo do Abaeté,2000,true,,,existia
3161809,São Gonçalo do Pará,2000,true,,,existia
3161908,São Gonçalo do Rio Abaixo,2000,true,,,existia
3162005,São Gonçalo do Sapucaí,2000,true,,,existia
3162104,São Gotardo,2000,true,,,existia
3162203,São João Batista do Glória,2000,true,,,existia
3162252,São João da Lagoa,2000,true,,,existia
3162302,São João da Mata,2000,true,,,existia
3162401,São João da Ponte,2000,true,,,existia
3162450,São João das Missões,2000,true,,,existia
3162500,São João del Rei,2000,true,,,existia
3162559,São João do Manhuaçu,2000,true,,,existia
3162575,São João do Manteninha,2000,true,,,existia
3162609,São João do Oriente,2000,true,,,existia
3162658,São João do Pacuí,2000,true,,,existia
3162708,São João do Paraíso,2000,true,,,existia
3162807,São João Evangelista,2000,true,,,existia
3162906,São João Nepomuceno,2000,true,,,existia
3162922,São Joaquim de Bicas,2000,true,,,existia
3162948,São José da Barra,2000,true,,,existia
3162955,São José da Lapa,2000,true,,,existia
3163003,São José da Safira,2000,true,,,existia
3163102,São José da Varginha,2000,true,,,existia
3163201,São José do Alegre,2000,true,,,existia
3163300,São José do Divino,2000,true,,,existia
3163409,São José do Goiabal,2000,true,,,existia
3163508,São José do Jacuri,2000,true,,,existia
3163607,São José do Mantimento,2000,true,,,existia
3163706,São Lourenço,2000,true,,,existia
3163805,São Miguel do Anta,2000,true,,,existia
3163904,São Pedro da União,2000,true,,,existia
3164001,São Pedro dos Ferros,2000,true,,,existia
3164100,São Pedro do Suaçuí,2000,true,,,existia
3164209,São Romão,2000,true,,,existia
3164308,São Roque de Minas,2000,true,,,existia
3164407,São Sebastião da Bela Vista,2000,true,,,existia
3164431,São Sebastião da Vargem Alegre,2000,true,,,existia
3164472,São Sebastião do Anta,2000,true,,,existia
3164506,São Sebastião do Maranhão,2000,true,,,existia
3164605,São Sebastião do Oeste,2000,true,,,existia
3164704,São Sebastião do Paraíso,2000,true,,,existia
3164803,São Sebastião do Rio Preto,2000,true,,,existia
3164902,São Sebastião do Rio Verde,2000,true,,,existia
3165008,São Tiago,2000,true,,,existia
3165107,São Tomás de Aquino,2000,true,,,existia
3165206,São Tomé das Letras,2000,true,,,existia
3165305,São Vicente de Minas,2000,true,,,existia
3165404,Sapucaí-Mirim,2000,true,,,existia
3165503,Sardoá,2000,true,,,existia
3165537,Sarzedo,2000,true,,,existia
3165552,Setubinha,2000,true,,,existia
3165560,Sem-Peixe,2000,true,,,existia
3165578,Senador Amaral,2000,true,,,existia
3165602,Senador Cortes,2000,true,,,existia
3165701,Senador Firmino,2000,true,,,existia
3165800,Senador José Bento,2000,true,,,existia
3165909,Senador Modestino Gonçalves,2000,true,,,existia
3166006,Senhora de Oliveira,2000,true,,,existia
3166105,Senhora do Porto,2000,true,,,existia
3166204,Senhora dos Remédios,2000,true,,,existia
3166303,Sericita,2000,true,,,existia
3166402,Seritinga,2000,true,,,existia
3166501,Serra Azul de Minas,2000,true,,,existia
3166600,Serra da Saudade,2000,true,,,existia
3166709,Serra dos Aimorés,2000,true,,,existia
3166808,Serra do Salitre,2000,true,,,existia
3166907,Serrania,2000,true,,,existia
3166956,Serranópolis de Minas,2000,true,,,existia
3167004,Serranos,2000,true,,,existia
3167103,Serro,2000,true,,,existia
3167202,Sete Lagoas,2000,true,,,existia
3167301,Silveirânia,2000,true,,,existia
3167400,Silvianópolis,2000,true,,,existia
3167509,Simão Pereira,2000,true,,,existia
3167608,Simonésia,2000,true,,,existia
3167707,Sobrália,2000,true,,,existia
3167806,Soledade de Minas,2000,true,,,existia
3167905,Tabuleiro,2000,true,,,existia
3168002,Taiobeiras,2000,true,,,existia
3168051,Taparuba,2000,true,,,existia
3168101,Tapira,2000,true,,,existia
3168200,Tapiraí,2000,true,,,existia
3168309,Taquaraçu de Minas,2000,true,,,existia
3168408,Tarumirim,2000,true,,,existia
3168507,Teixeiras,2000,true,,,existia
3168606,Teófilo Otoni,2000,true,,,existia
3168705,Timóteo,2000,true,,,existia
3168804,Tiradentes,2000,true,,,existia
3168903,Tiros,2000,true,,,existia
3169000,Tocantins,2000,true,,,existia
3169059,Tocos do Moji,2000,true,,,existia
3169109,Toledo,2000,true,,,existia
3169208,Tombos,2000,true,,,existia
3169307,Três Corações,2000,true,,,existia
3169356,Três Marias,2000,true,,,existia
3169406,Três Pontas,2000,true,,,existia
3169505,Tumiritinga,2000,true,,,existia
3169604,Tupaciguara,2000,true,,,existia
3169703,Turmalina,2000,true,,,existia
3169802,Turvolândia,2000,true,,,existia
3169901,Ubá,2000,true,,,existia
3170008,Ubaí,2000,true,,,existia
3170057,Ubaporanga,2000,true,,,existia
3170107,Uberaba,2000,true,,,existia
3170206,Uberlândia,2000,true,,,existia
3170305,Umburatiba,2000,true,,,existia
3170404,Unaí,2000,true,,,existia
3170438,União de Minas,2000,true,,,existia
3170479,Uruana de Minas,2000,true,,,existia
3170503,Urucânia,2000,true,,,existia
3170529,Urucuia,2000,true,,,existia
3170578,Vargem Alegre,2000,true,,,existia
3170602,Vargem Bonita,2000,true,,,existia
3170651,Vargem Grande do Rio Pardo,2000,true,,,existia
3170701,Varginha,2000,true,,,existia
3170750,Varjão de Minas,2000,true,,,existia
3170800,Várzea da Palma,2000,true,,,existia
3170909,Varzelândia,2000,true,,,existia
3171006,Vazante,2000,true,,,existia
3171030,Verdelândia,2000,true,,,existia
3171071,Veredinha,2000,true,,,existia
3171105,Veríssimo,2000,true,,,existia
3171154,Vermelho Novo,2000,true,,,existia
3171204,Vespasiano,2000,true,,,existia
3171303,Viçosa,2000,true,,,existia
3171402,Vieiras,2000,true,,,existia
3171501,Mathias Lobato,2000,true,,,existia
3171600,Virgem da Lapa,2000,true,,,existia
3171709,Virgínia,2000,true,,,existia
3171808,Virginópolis,2000,true,,,existia
3171907,Virgolândia,2000,true,,,existia
3172004,Visconde do Rio Branco,2000,true,,,existia
3172103,Volta Grande,2000,true,,,existia
3172202,Wenceslau Braz,2000,true,,,existia
3200102,Afonso Cláudio,2000,true,,,existia
3200136,Águia Branca,2000,true,,,existia
3200169,Água Doce do Norte,2000,true,,,existia
3200201,Alegre,2000,true,,,existia
3200300,Alfredo Chaves,2000,true,,,existia
3200359,Alto Rio Novo,2000,true,,,existia
3200409,Anchieta,2000,true,,,existia
3200508,Apiacá,2000,true,,,existia
3200607,Aracruz,2000,true,,,existia
3200706,Atílio Vivácqua,2000,true,,,existia
3200805,Baixo Guandu,2000,true,,,existia
3200904,Barra de São Francisco,2000,true,,,existia
3201001,Boa Esperança,2000,true,,,existia
3201100,Bom Jesus do Norte,2000,true,,,existia
3201159,Brejetuba,2000,true,,,existia
3201209,Cachoeiro de Itapemirim,2000,true,,,existia
3201308,Cariacica,2000,true,,,existia
3201407,Castelo,2000,true,,,existia
3201506,Colatina,2000,true,,,existia
3201605,Conceição da Barra,2000,true,,,existia
3201704,Conceição do Castelo,2000,true,,,existia
3201803,Divino de São Lourenço,2000,true,,,existia
3201902,Domingos Martins,2000,true,,,existia
3202009,Dores do Rio Preto,2000,true,,,existia
3202108,Ecoporanga,2000,true,,,existia
3202207,Fundão,2000,true,,,existia
3202306,Guaçuí,2000,true,,,existia
3202405,Guarapari,2000,true,,,existia
3202454,Ibatiba,2000,true,,,existia
3202504,Ibiraçu,2000,true,,,existia
3202553,Ibitirama,2000,true,,,existia
3202603,Iconha,2000,true,,,existia
3202652,Irupi,2000,true,,,existia
3202702,Itaguaçu,2000,true,,,existia
3202801,Itapemirim,2000,true,,,existia
3202900,Itarana,2000,true,,,existia
3203007,Iúna,2000,true,,,existia
3203056,Jaguaré,2000,true,,,existia
3203106,Jerônimo Monteiro,2000,true,,,existia
3203130,João Neiva,2000,true,,,existia
3203163,Laranja da Terra,2000,true,,,existia
3203205,Linhares,2000,true,,,existia
3203304,Mantenópolis,2000,true,,,existia
3203320,Marataízes,2000,true,,,existia
3203346,Marechal Floriano,2000,true,,,existia
3203353,Marilândia,2000,true,,,existia
3203403,Mimoso do Sul,2000,true,,,existia
3203502,Montanha,2000,true,,,existia
3203601,Mucurici,2000,true,,,existia
3203700,Muniz Freire,2000,true,,,existia
3203809,Muqui,2000,true,,,existia
3203908,Nova Venécia,2000,true,,,existia
3204005,Pancas,2000,true,,,existia
3204054,Pedro Canário,2000,true,,,existia
3204104,Pinheiros,2000,true,,,existia
3204203,Piúma,2000,true,,,existia
3204252,Ponto Belo,2000,true,,,existia
3204302,Presidente Kennedy,2000,true,,,existia
3204351,Rio Bananal,2000,true,,,existia
3204401,Rio Novo do Sul,2000,true,,,existia
3204500,Santa Leopoldina,2000,true,,,existia
3204559,Santa Maria de Jetibá,2000,true,,,existia
3204609,Santa Teresa,2000,true,,,existia
3204658,São Domingos do Norte,2000,true,,,existia
3204708,São Gabriel da Palha,2000,true,,,existia
3204807,São José do Calçado,2000,true,,,existia
3204906,São Mateus,2000,true,,,existia
3204955,São Roque do Canaã,2000,true,,,existia
3205002,Serra,2000,true,,,existia
3205010,Sooretama,2000,true,,,existia
3205036,Vargem Alta,2000,true,,,existia
3205069,Venda Nova do Imigrante,2000,true,,,existia
3205101,Viana,2000,true,,,existia
3205150,Vila Pavão,2000,true,,,existia
3205176,Vila Valério,2000,true,,,existia
3205200,Vila Velha,2000,true,,,existia
3205309,Vitória,2000,true,,,existia
3300100,Angra dos Reis,2000,true,,,existia
3300159,Aperibé,2000,true,,,existia
3300209,Araruama,2000,true,,,existia
3300225,Areal,2000,true,,,existia
3300233,Armação dos Búzios,2000,true,,,existia
3300258,Arraial do Cabo,2000,true,,,existia
3300308,Barra do Piraí,2000,true,,,existia
3300407,Barra Mansa,2000,true,,,existia
3300456,Belford Roxo,2000,true,,,existia
3300506,Bom Jardim,2000,true,,,existia
3300605,Bom Jesus do Itabapoana,2000,true,,,existia
3300704,Cabo Frio,2000,true,,,existia
3300803,Cachoeiras de Macacu,2000,true,,,existia
3300902,Cambuci,2000,true,,,existia
3300936,Carapebus,2000,true,,,existia
3300951,Comendador Levy Gasparian,2000,true,,,existia
3301009,Campos dos Goytacazes,2000,true,,,existia
3301108,Cantagalo,2000,true,,,existia
3301157,Cardoso Moreira,2000,true,,,existia
3301207,Carmo,2000,true,,,existia
3301306,Casimiro de Abreu,2000,true,,,existia
3301405,Conceição de Macabu,2000,true,,,existia
3301504,Cordeiro,2000,true,,,existia
3301603,Duas Barras,2000,true,,,existia
3301702,Duque de Caxias,2000,true,,,existia
3301801,Engenheiro Paulo de Frontin,2000,true,,,existia
3301850,Guapimirim,2000,true,,,existia
3301876,Iguaba Grande,2000,true,,,existia
3301900,Itaboraí,2000,true,,,existia
3302007,Itaguaí,2000,true,,,existia
3302056,Italva,2000,true,,,existia
3302106,Itaocara,2000,true,,,existia
3302205,Itaperuna,2000,true,,,existia
3302254,Itatiaia,2000,true,,,existia
3302270,Japeri,2000,true,,,existia
3302304,Laje do Muriaé,2000,true,,,existia
3302403,Macaé,2000,true,,,existia
3302452,Macuco,2000,true,,,existia
3302502,Magé,2000,true,,,existia
3302601,Mangaratiba,2000,true,,,existia
3302700,Maricá,2000,true,,,existia
3302809,Mendes,2000,true,,,existia
3302908,Miguel Pereira,2000,true,,,existia
3303005,Miracema,2000,true,,,existia
3303104,Natividade,2000,true,,,existia
3303203,Nilópolis,2000,true,,,existia
3303302,Niterói,2000,true,,,existia
3303401,Nova Friburgo,2000,true,,,existia
3303500,Nova Iguaçu,2000,true,,,existia
3303609,Paracambi,2000,true,,,existia
3303708,Paraíba do Sul,2000,true,,,existia
3303807,Paraty,2000,true,,,existia
3303856,Paty do Alferes,2000,true,,,existia
3303906,Petrópolis,2000,true,,,existia
3303955,Pinheiral,2000,true,,,existia
3304003,Piraí,2000,true,,,existia
3304102,Porciúncula,2000,true,,,existia
3304110,Porto Real,2000,true,,,existia
3304128,Quatis,2000,true,,,existia
3304144,Queimados,2000,true,,,existia
3304151,Quissamã,2000,true,,,existia
3304201,Resende,2000,true,,,existia
3304300,Rio Bonito,2000,true,,,existia
3304409,Rio Claro,2000,true,,,existia
3304508,Rio das Flores,2000,true,,,existia
3304524,Rio das Ostras,2000,true,,,existia
3304557,Rio de Janeiro,2000,true,,,existia
3304607,Santa Maria Madalena,2000,true,,,existia
3304706,Santo Antônio de Pádua,2000,true,,,existia
3304755,São Francisco de Itabapoana,2000,true,,,existia
3304805,São Fidélis,2000,true,,,existia
3304904,São Gonçalo,2000,true,,,existia
3305000,São João da Barra,2000,true,,,existia
3305109,São João de Meriti,2000,true,,,existia
3305133,São José de Ubá,2000,true,,,existia
3305158,São José do Vale do Rio Preto,2000,true,,,existia
3305208,São Pedro da Aldeia,2000,true,,,existia
3305307,São Sebastião do Alto,2000,true,,,existia
3305406,Sapucaia,2000,true,,,existia
3305505,Saquarema,2000,true,,,existia
3305554,Seropédica,2000,true,,,existia
3305604,Silva Jardim,2000,true,,,existia
3305703,Sumidouro,2000,true,,,existia
3305752,Tanguá,2000,true,,,existia
3305802,Teresópolis,2000,true,,,existia
3305901,Trajano de Moraes,2000,true,,,existia
3306008,Três Rios,2000,true,,,existia
3306107,Valença,2000,true,,,existia
3306156,Varre-Sai,2000,true,,,existia
3306206,Vassouras,2000,true,,,existia
3306305,Volta Redonda,2000,true,,,existia
3500105,Adamantina,2000,true,,,existia
3500204,Adolfo,2000,true,,,existia
3500303,Aguaí,2000,true,,,existia
3500402,Águas da Prata,2000,true,,,existia
3500501,Águas de Lindóia,2000,true,,,existia
3500550,Águas de Santa Bárbara,2000,true,,,existia
3500600,Águas de São Pedro,2000,true,,,existia
3500709,Agudos,2000,true,,,existia
3500758,Alambari,2000,true,,,existia
3500808,Alfredo Marcondes,2000,true,,,existia
3500907,Altair,2000,true,,,existia
3501004,Altinópolis,2000,true,,,existia
3501103,Alto Alegre,2000,true,,,existia
3501152,Alumínio,2000,true,,,existia
3501202,Álvares Florence,2000,true,,,existia
3501301,Álvares Machado,2000,true,,,existia
3501400,Álvaro de Carvalho,2000,true,,,existia
3501509,Alvinlândia,2000,true,,,existia
3501608,Americana,2000,true,,,existia
3501707,Américo Brasiliense,2000,true,,,existia
3501806,Américo de Campos,2000,true,,,existia
3501905,Amparo,2000,true,,,existia
3502002,Analândia,2000,true,,,existia
3502101,Andradina,2000,true,,,existia
3502200,Angatuba,2000,true,,,existia
3502309,Anhembi,2000,true,,,existia
3502408,Anhumas,2000,true,,,existia
3502507,Aparecida,2000,true,,,existia
3502606,Aparecida d'Oeste,2000,true,,,existia
3502705,Apiaí,2000,true,,,existia
3502754,Araçariguama,2000,true,,,existia
3502804,Araçatuba,2000,true,,,existia
3502903,Araçoiaba da Serra,2000,true,,,existia
3503000,Aramina,2000,true,,,existia
3503109,Arandu,2000,true,,,existia
3503158,Arapeí,2000,true,,,existia
3503208,Araraquara,2000,true,,,existia
3503307,Araras,2000,true,,,existia
3503356,Arco-Íris,2000,true,,,existia
3503406,Arealva,2000,true,,,existia
3503505,Areias,2000,true,,,existia
3503604,Areiópolis,2000,true,,,existia
3503703,Ariranha,2000,true,,,existia
3503802,Artur Nogueira,2000,true,,,existia
3503901,Arujá,2000,true,,,existia
3503950,Aspásia,2000,true,,,existia
3504008,Assis,2000,true,,,existia
3504107,Atibaia,2000,true,,,existia
3504206,Auriflama,2000,true,,,existia
3504305,Avaí,2000,true,,,existia
3504404,Avanhandava,2000,true,,,existia
3504503,Avaré,2000,true,,,existia
3504602,Bady Bassitt,2000,true,,,existia
3504701,Balbinos,2000,true,,,existia
3504800,Bálsamo,2000,true,,,existia
3504909,Bananal,2000,true,,,existia
3505005,Barão de Antonina,2000,true,,,existia
3505104,Barbosa,2000,true,,,existia
3505203,Bariri,2000,true,,,existia
3505302,Barra Bonita,2000,true,,,existia
3505351,Barra do Chapéu,2000,true,,,existia
3505401,Barra do Turvo,2000,true,,,existia
3505500,Barretos,2000,true,,,existia
3505609,Barrinha,2000,true,,,existia
3505708,Barueri,2000,true,,,existia
3505807,Bastos,2000,true,,,existia
3505906,Batatais,2000,true,,,existia
3506003,Bauru,2000,true,,,existia
3506102,Bebedouro,2000,true,,,existia
3506201,Bento de Abreu,2000,true,,,existia
3506300,Bernardino de Campos,2000,true,,,existia
3506359,Bertioga,2000,true,,,existia
3506409,Bilac,2000,true,,,existia
3506508,Birigui,2000,true,,,existia
3506607,Biritiba Mirim,2000,true,,,existia
3506706,Boa Esperança do Sul,2000,true,,,existia
3506805,Bocaina,2000,true,,,existia
3506904,Bofete,2000,true,,,existia
3507001,Boituva,2000,true,,,existia
3507100,Bom Jesus dos Perdões,2000,true,,,existia
3507159,Bom Sucesso de Itararé,2000,true,,,existia
3507209,Borá,2000,true,,,existia
3507308,Boracéia,2000,true,,,existia
3507407,Borborema,2000,true,,,existia
3507456,Borebi,2000,true,,,existia
3507506,Botucatu,2000,true,,,existia
3507605,Bragança Paulista,2000,true,,,existia
3507704,Braúna,2000,true,,,existia
3507753,Brejo Alegre,2000,true,,,existia
3507803,Brodowski,2000,true,,,existia
3507902,Brotas,2000,true,,,existia
3508009,Buri,2000,true,,,existia
3508108,Buritama,2000,true,,,existia
3508207,Buritizal,2000,true,,,existia
3508306,Cabrália Paulista,2000,true,,,existia
3508405,Cabreúva,2000,true,,,existia
3508504,Caçapava,2000,true,,,existia
3508603,Cachoeira Paulista,2000,true,,,existia
3508702,Caconde,2000,true,,,existia
3508801,Cafelândia,2000,true,,,existia
3508900,Caiabu,2000,true,,,existia
3509007,Caieiras,2000,true,,,existia
3509106,Caiuá,2000,true,,,existia
3509205,Cajamar,2000,true,,,existia
3509254,Cajati,2000,true,,,existia
3509304,Cajobi,2000,true,,,existia
3509403,Cajuru,2000,true,,,existia
3509452,Campina do Monte Alegre,2000,true,,,existia
3509502,Campinas,2000,true,,,existia
3509601,Campo Limpo Paulista,2000,true,,,existia
3509700,Campos do Jordão,2000,true,,,existia
3509809,Campos Novos Paulista,2000,true,,,existia
3509908,Cananéia,2000,true,,,existia
3509957,Canas,2000,true,,,existia
3510005,Cândido Mota,2000,true,,,existia
3510104,Cândido Rodrigues,2000,true,,,existia
3510153,Canitar,2000,true,,,existia
3510203,Capão Bonito,2000,true,,,existia
3510302,Capela do Alto,2000,true,,,existia
3510401,Capivari,2000,true,,,existia
3510500,Caraguatatuba,2000,true,,,existia
3510609,Carapicuíba,2000,true,,,existia
3510708,Cardoso,2000,true,,,existia
3510807,Casa Branca,2000,true,,,existia
3510906,Cássia dos Coqueiros,2000,true,,,existia
3511003,Castilho,2000,true,,,existia
3511102,Catanduva,2000,true,,,existia
3511201,Catiguá,2000,true,,,existia
3511300,Cedral,2000,true,,,existia
3511409,Cerqueira César,2000,true,,,existia
3511508,Cerquilho,2000,true,,,existia
3511607,Cesário Lange,2000,true,,,existia
3511706,Charqueada,2000,true,,,existia
3511904,Clementina,2000,true,,,existia
3512001,Colina,2000,true,,,existia
3512100,Colômbia,2000,true,,,existia
3512209,Conchal,2000,true,,,existia
3512308,Conchas,2000,true,,,existia
3512407,Cordeirópolis,2000,true,,,existia
3512506,Coroados,2000,true,,,existia
3512605,Coronel Macedo,2000,true,,,existia
3512704,Corumbataí,2000,true,,,existia
3512803,Cosmópolis,2000,true,,,existia
3512902,Cosmorama,2000,true,,,existia
3513009,Cotia,2000,true,,,existia
3513108,Cravinhos,2000,true,,,existia
3513207,Cristais Paulista,2000,true,,,existia
3513306,Cruzália,2000,true,,,existia
3513405,Cruzeiro,2000,true,,,existia
3513504,Cubatão,2000,true,,,existia
3513603,Cunha,2000,true,,,existia
3513702,Descalvado,2000,true,,,existia
3513801,Diadema,2000,true,,,existia
3513850,Dirce Reis,2000,true,,,existia
3513900,Divinolândia,2000,true,,,existia
3514007,Dobrada,2000,true,,,existia
3514106,Dois Córregos,2000,true,,,existia
3514205,Dolcinópolis,2000,true,,,existia
3514304,Dourado,2000,true,,,existia
3514403,Dracena,2000,true,,,existia
3514502,Duartina,2000,true,,,existia
3514601,Dumont,2000,true,,,existia
3514700,Echaporã,2000,true,,,existia
3514809,Eldorado,2000,true,,,existia
3514908,Elias Fausto,2000,true,,,existia
3514924,Elisiário,2000,true,,,existia
3514957,Embaúba,2000,true,,,existia
3515004,Embu das Artes,2000,true,,,existia
3515103,Embu-Guaçu,2000,true,,,existia
3515129,Emilianópolis,2000,true,,,existia
3515152,Engenheiro Coelho,2000,true,,,existia
3515186,Espírito Santo do Pinhal,2000,true,,,existia
3515194,Espírito Santo do Turvo,2000,true,,,existia
3515202,Estrela d'Oeste,2000,true,,,existia
3515301,Estrela do Norte,2000,true,,,existia
3515350,Euclides da Cunha Paulista,2000,true,,,existia
3515400,Fartura,2000,true,,,existia
3515509,Fernandópolis,2000,true,,,existia
3515608,Fernando Prestes,2000,true,,,existia
3515657,Fernão,2000,true,,,existia
3515707,Ferraz de Vasconcelos,2000,true,,,existia
3515806,Flora Rica,2000,true,,,existia
3515905,Floreal,2000,true,,,existia
3516002,Flórida Paulista,2000,true,,,existia
3516101,Florínea,2000,true,,,existia
3516200,Franca,2000,true,,,existia
3516309,Francisco Morato,2000,true,,,existia
3516408,Franco da Rocha,2000,true,,,existia
3516507,Gabriel Monteiro,2000,true,,,existia
3516606,Gália,2000,true,,,existia
3516705,Garça,2000,true,,,existia
3516804,Gastão Vidigal,2000,true,,,existia
3516853,Gavião Peixoto,2000,true,,,existia
3516903,General Salgado,2000,true,,,existia
3517000,Getulina,2000,true,,,existia
3517109,Glicério,2000,true,,,existia
3517208,Guaiçara,2000,true,,,existia
3517307,Guaimbê,2000,true,,,existia
3517406,Guaíra,2000,true,,,existia
3517505,Guapiaçu,2000,true,,,existia
3517604,Guapiara,2000,true,,,existia
3517703,Guará,2000,true,,,existia
3517802,Guaraçaí,2000,true,,,existia
3517901,Guaraci,2000,true,,,existia
3518008,Guarani d'Oeste,2000,true,,,existia
3518107,Guarantã,2000,true,,,existia
3518206,Guararapes,2000,true,,,existia
3518305,Guararema,2000,true,,,existia
3518404,Guaratinguetá,2000,true,,,existia
3518503,Guareí,2000,true,,,existia
3518602,Guariba,2000,true,,,existia
3518701,Guarujá,2000,true,,,existia
3518800,Guarulhos,2000,true,,,existia
3518859,Guatapará,2000,true,,,existia
3518909,Guzolândia,2000,true,,,existia
3519006,Herculândia,2000,true,,,existia
3519055,Holambra,2000,true,,,existia
3519071,Hortolândia,2000,true,,,existia
3519105,Iacanga,2000,true,,,existia
3519204,Iacri,2000,true,,,existia
3519253,Iaras,2000,true,,,existia
3519303,Ibaté,2000,true,,,existia
3519402,Ibirá,2000,true,,,existia
3519501,Ibirarema,2000,true,,,existia
3519600,Ibitinga,2000,true,,,existia
3519709,Ibiúna,2000,true,,,existia
3519808,Icém,2000,true,,,existia
3519907,Iepê,2000,true,,,existia
3520004,Igaraçu do Tietê,2000,true,,,existia
3520103,Igarapava,2000,true,,,existia
3520202,Igaratá,2000,true,,,existia
3520301,Iguape,2000,true,,,existia
3520400,Ilhabela,2000,true,,,existia
3520426,Ilha Comprida,2000,true,,,existia
3520442,Ilha Solteira,2000,true,,,existia
3520509,Indaiatuba,2000,true,,,existia
3520608,Indiana,2000,true,,,existia
3520707,Indiaporã,2000,true,,,existia
3520806,Inúbia Paulista,2000,true,,,existia
3520905,Ipaussu,2000,true,,,existia
3521002,Iperó,2000,true,,,existia
3521101,Ipeúna,2000,true,,,existia
3521150,Ipiguá,2000,true,,,existia
3521200,Iporanga,2000,true,,,existia
3521309,Ipuã,2000,true,,,existia
3521408,Iracemápolis,2000,true,,,existia
3521507,Irapuã,2000,true,,,existia
3521606,Irapuru,2000,true,,,existia
3521705,Itaberá,2000,true,,,existia
3521804,Itaí,2000,true,,,existia
3521903,Itajobi,2000,true,,,existia
3522000,Itaju,2000,true,,,existia
3522109,Itanhaém,2000,true,,,existia
3522158,Itaoca,2000,true,,,existia
3522208,Itapecerica da Serra,2000,true,,,existia
3522307,Itapetininga,2000,true,,,existia
3522406,Itapeva,2000,true,,,existia
3522505,Itapevi,2000,true,,,existia
3522604,Itapira,2000,true,,,existia
3522653,Itapirapuã Paulista,2000,true,,,existia
3522703,Itápolis,2000,true,,,existia
3522802,Itaporanga,2000,true,,,existia
3522901,Itapuí,2000,true,,,existia
3523008,Itapura,2000,true,,,existia
3523107,Itaquaquecetuba,2000,true,,,existia
3523206,Itararé,2000,true,,,existia
3523305,Itariri,2000,true,,,existia
3523404,Itatiba,2000,true,,,existia
3523503,Itatinga,2000,true,,,existia
3523602,Itirapina,2000,true,,,existia
3523701,Itirapuã,2000,true,,,existia
3523800,Itobi,2000,true,,,existia
3523909,Itu,2000,true,,,existia
3524006,Itupeva,2000,true,,,existia
3524105,Ituverava,2000,true,,,existia
3524204,Jaborandi,2000,true,,,existia
3524303,Jaboticabal,2000,true,,,existia
3524402,Jacareí,2000,true,,,existia
3524501,Jaci,2000,true,,,existia
3524600,Jacupiranga,2000,true,,,existia
3524709,Jaguariúna,2000,true,,,existia
3524808,Jales,2000,true,,,existia
3524907,Jambeiro,2000,true,,,existia
3525003,Jandira,2000,true,,,existia
3525102,Jardinópolis,2000,true,,,existia
3525201,Jarinu,2000,true,,,existia
3525300,Jaú,2000,true,,,existia
3525409,Jeriquara,2000,true,,,existia
3525508,Joanópolis,2000,true,,,existia
3525607,João Ramalho,2000,true,,,existia
3525706,José Bonifácio,2000,true,,,existia
3525805,Júlio Mesquita,2000,true,,,existia
3525854,Jumirim,2000,true,,,existia
3525904,Jundiaí,2000,true,,,existia
3526001,Junqueirópolis,2000,true,,,existia
3526100,Juquiá,2000,true,,,existia
3526209,Juquitiba,2000,true,,,existia
3526308,Lagoinha,2000,true,,,existia
3526407,Laranjal Paulista,2000,true,,,existia
3526506,Lavínia,2000,true,,,existia
3526605,Lavrinhas,2000,true,,,existia
3526704,Leme,2000,true,,,existia
3526803,Lençóis Paulista,2000,true,,,existia
3526902,Limeira,2000,true,,,existia
3527009,Lindóia,2000,true,,,existia
3527108,Lins,2000,true,,,existia
3527207,Lorena,2000,true,,,existia
3527256,Lourdes,2000,true,,,existia
3527306,Louveira,2000,true,,,existia
3527405,Lucélia,2000,true,,,existia
3527504,Lucianópolis,2000,true,,,existia
3527603,Luís Antônio,2000,true,,,existia
3527702,Luiziânia,2000,true,,,existia
3527801,Lupércio,2000,true,,,existia
3527900,Lutécia,2000,true,,,existia
3528007,Macatuba,2000,true,,,existia
3528106,Macaubal,2000,true,,,existia
3528205,Macedônia,2000,true,,,existia
3528304,Magda,2000,true,,,existia
3528403,Mairinque,2000,true,,,existia
3528502,Mairiporã,2000,true,,,existia
3528601,Manduri,2000,true,,,existia
3528700,Marabá Paulista,2000,true,,,existia
3528809,Maracaí,2000,true,,,existia
3528858,Marapoama,2000,true,,,existia
3528908,Mariápolis,2000,true,,,existia
3529005,Marília,2000,true,,,existia
3529104,Marinópolis,2000,true,,,existia
3529203,Martinópolis,2000,true,,,existia
3529302,Matão,2000,true,,,existia
3529401,Mauá,2000,true,,,existia
3529500,Mendonça,2000,true,,,existia
3529609,Meridiano,2000,true,,,existia
3529658,Mesópolis,2000,true,,,existia
3529708,Miguelópolis,2000,true,,,existia
3529807,Mineiros do Tietê,2000,true,,,existia
3529906,Miracatu,2000,true,,,existia
3530003,Mira Estrela,2000,true,,,existia
3530102,Mirandópolis,2000,true,,,existia
3530201,Mirante do Paranapanema,2000,true,,,existia
3530300,Mirassol,2000,true,,,existia
3530409,Mirassolândia,2000,true,,,existia
3530508,Mococa,2000,true,,,existia
3530607,Mogi das Cruzes,2000,true,,,existia
3530706,Mogi Guaçu,2000,true,,,existia
3530805,Mogi Mirim,2000,true,,,existia
3530904,Mombuca,2000,true,,,existia
3531001,Monções,2000,true,,,existia
3531100,Mongaguá,2000,true,,,existia
3531209,Monte Alegre do Sul,2000,true,,,existia
3531308,Monte Alto,2000,true,,,existia
3531407,Monte Aprazível,2000,true,,,existia
3531506,Monte Azul Paulista,2000,true,,,existia
3531605,Monte Castelo,2000,true,,,existia
3531704,Monteiro Lobato,2000,true,,,existia
3531803,Monte Mor,2000,true,,,existia
3531902,Morro Agudo,2000,true,,,existia
3532009,Morungaba,2000,true,,,existia
3532058,Motuca,2000,true,,,existia
3532108,Murutinga do Sul,2000,true,,,existia
3532157,Nantes,2000,true,,,existia
3532207,Narandiba,2000,true,,,existia
3532306,Natividade da Serra,2000,true,,,existia
3532405,Nazaré Paulista,2000,true,,,existia
3532504,Neves Paulista,2000,true,,,existia
3532603,Nhandeara,2000,true,,,existia
3532702,Nipoã,2000,true,,,existia
3532801,Nova Aliança,2000,true,,,existia
3532827,Nova Campina,2000,true,,,existia
3532843,Nova Canaã Paulista,2000,true,,,existia
3532868,Nova Castilho,2000,true,,,existia
3532900,Nova Europa,2000,true,,,existia
3533007,Nova Granada,2000,true,,,existia
3533106,Nova Guataporanga,2000,true,,,existia
3533205,Nova Independência,2000,true,,,existia
3533254,Novais,2000,true,,,existia
3533304,Nova Luzitânia,2000,true,,,existia
3533403,Nova Odessa,2000,true,,,existia
3533502,Novo Horizonte,2000,true,,,existia
3533601,Nuporanga,2000,true,,,existia
3533700,Ocauçu,2000,true,,,existia
3533809,Óleo,2000,true,,,existia
3533908,Olímpia,2000,true,,,existia
3534005,Onda Verde,2000,true,,,existia
3534104,Oriente,2000,true,,,existia
3534203,Orindiúva,2000,true,,,existia
3534302,Orlândia,2000,true,,,existia
3534401,Osasco,2000,true,,,existia
3534500,Oscar Bressane,2000,true,,,existia
3534609,Osvaldo Cruz,2000,true,,,existia
3534708,Ourinhos,2000,true,,,existia
3534757,Ouroeste,2000,true,,,existia
3534807,Ouro Verde,2000,true,,,existia
3534906,Pacaembu,2000,true,,,existia
3535002,Palestina,2000,true,,,existia
3535101,Palmares Paulista,2000,true,,,existia
3535200,Palmeira d'Oeste,2000,true,,,existia
3535309,Palmital,2000,true,,,existia
3535408,Panorama,2000,true,,,existia
3535507,Paraguaçu Paulista,2000,true,,,existia
3535606,Paraibuna,2000,true,,,existia
3535705,Paraíso,2000,true,,,existia
3535804,Paranapanema,2000,true,,,existia
3535903,Paranapuã,2000,true,,,existia
3536000,Parapuã,2000,true,,,existia
3536109,Pardinho,2000,true,,,existia
3536208,Pariquera-Açu,2000,true,,,existia
3536257,Parisi,2000,true,,,existia
3536307,Patrocínio Paulista,2000,true,,,existia
3536406,Paulicéia,2000,true,,,existia
3536505,Paulínia,2000,true,,,existia
3536570,Paulistânia,2000,true,,,existia
3536604,Paulo de Faria,2000,true,,,existia
3536703,Pederneiras,2000,true,,,existia
3536802,Pedra Bela,2000,true,,,existia
3536901,Pedranópolis,2000,true,,,existia
3537008,Pedregulho,2000,true,,,existia
3537107,Pedreira,2000,true,,,existia
3537156,Pedrinhas Paulista,2000,true,,,existia
3537206,Pedro de Toledo,2000,true,,,existia
3537305,Penápolis,2000,true,,,existia
3537404,Pereira Barreto,2000,true,,,existia
3537503,Pereiras,2000,true,,,existia
3537602,Peruíbe,2000,true,,,existia
3537701,Piacatu,2000,true,,,existia
3537800,Piedade,2000,true,,,existia
3537909,Pilar do Sul,2000,true,,,existia
3538006,Pindamonhangaba,2000,true,,,existia
3538105,Pindorama,2000,true,,,existia
3538204,Pinhalzinho,2000,true,,,existia
3538303,Piquerobi,2000,true,,,existia
3538501,Piquete,2000,true,,,existia
3538600,Piracaia,2000,true,,,existia
3538709,Piracicaba,2000,true,,,existia
3538808,Piraju,2000,true,,,existia
3538907,Pirajuí,2000,true,,,existia
3539004,Pirangi,2000,true,,,existia
3539103,Pirapora do Bom Jesus,2000,true,,,existia
3539202,Pirapozinho,2000,true,,,existia
3539301,Pirassununga,2000,true,,,existia
3539400,Piratininga,2000,true,,,existia
3539509,Pitangueiras,2000,true,,,existia
3539608,Planalto,2000,true,,,existia
3539707,Platina,2000,true,,,existia
3539806,Poá,2000,true,,,existia
3539905,Poloni,2000,true,,,existia
3540002,Pompéia,2000,true,,,existia
3540101,Pongaí,2000,true,,,existia
3540200,Pontal,2000,true,,,existia
3540259,Pontalinda,2000,true,,,existia
3540309,Pontes Gestal,2000,true,,,existia
3540408,Populina,2000,true,,,existia
3540507,Porangaba,2000,true,,,existia
3540606,Porto Feliz,2000,true,,,existia
3540705,Porto Ferreira,2000,true,,,existia
3540754,Potim,2000,true,,,existia
3540804,Potirendaba,2000,true,,,existia
3540853,Pracinha,2000,true,,,existia
3540903,Pradópolis,2000,true,,,existia
3541000,Praia Grande,2000,true,,,existia
3541059,Pratânia,2000,true,,,existia
3541109,Presidente Alves,2000,true,,,existia
3541208,Presidente Bernardes,2000,true,,,existia
3541307,Presidente Epitácio,2000,true,,,existia
3541406,Presidente Prudente,2000,true,,,existia
3541505,Presidente Venceslau,2000,true,,,existia
3541604,Promissão,2000,true,,,existia
3541653,Quadra,2000,true,,,existia
3541703,Quatá,2000,true,,,existia
3541802,Queiroz,2000,true,,,existia
3541901,Queluz,2000,true,,,existia
3542008,Quintana,2000,true,,,existia
3542107,Rafard,2000,true,,,existia
3542206,Rancharia,2000,true,,,existia
3542305,Redenção da Serra,2000,true,,,existia
3542404,Regente Feijó,2000,true,,,existia
3542503,Reginópolis,2000,true,,,existia
3542602,Registro,2000,true,,,existia
3542701,Restinga,2000,true,,,existia
3542800,Ribeira,2000,true,,,existia
3542909,Ribeirão Bonito,2000,true,,,existia
3543006,Ribeirão Branco,2000,true,,,existia
3543105,Ribeirão Corrente,2000,true,,,existia
3543204,Ribeirão do Sul,2000,true,,,existia
3543238,Ribeirão dos Índios,2000,true,,,existia
3543253,Ribeirão Grande,2000,true,,,existia
3543303,Ribeirão Pires,2000,true,,,existia
3543402,Ribeirão Preto,2000,true,,,existia
3543501,Riversul,2000,true,,,existia
3543600,Rifaina,2000,true,,,existia
3543709,Rincão,2000,true,,,existia
3543808,Rinópolis,2000,true,,,existia
3543907,Rio Claro,2000,true,,,existia
3544004,Rio das Pedras,2000,true,,,existia
3544103,Rio Grande da Serra,2000,true,,,existia
3544202,Riolândia,2000,true,,,existia
3544251,Rosana,2000,true,,,existia
3544301,Roseira,2000,true,,,existia
3544400,Rubiácea,2000,true,,,existia
3544509,Rubinéia,2000,true,,,existia
3544608,Sabino,2000,true,,,existia
3544707,Sagres,2000,true,,,existia
3544806,Sales,2000,true,,,existia
3544905,Sales Oliveira,2000,true,,,existia
3545001,Salesópolis,2000,true,,,existia
3545100,Salmourão,2000,true,,,existia
3545159,Saltinho,2000,true,,,existia
3545209,Salto,2000,true,,,existia
3545308,Salto de Pirapora,2000,true,,,existia
3545407,Salto Grande,2000,true,,,existia
3545506,Sandovalina,2000,true,,,existia
3545605,Santa Adélia,2000,true,,,existia
3545704,Santa Albertina,2000,true,,,existia
3545803,Santa Bárbara d'Oeste,2000,true,,,existia
3546009,Santa Branca,2000,true,,,existia
3546108,Santa Clara d'Oeste,2000,true,,,existia
3546207,Santa Cruz da Conceição,2000,true,,,existia
3546256,Santa Cruz da Esperança,2000,true,,,existia
3546306,Santa Cruz das Palmeiras,2000,true,,,existia
3546405,Santa Cruz do Rio Pardo,2000,true,,,existia
3546504,Santa Ernestina,2000,true,,,existia
3546603,Santa Fé do Sul,2000,true,,,existia
3546702,Santa Gertrudes,2000,true,,,existia
3546801,Santa Isabel,2000,true,,,existia
3546900,Santa Lúcia,2000,true,,,existia
3547007,Santa Maria da Serra,2000,true,,,existia
3547106,Santa Mercedes,2000,true,,,existia
3547205,Santana da Ponte Pensa,2000,true,,,existia
3547304,Santana de Parnaíba,2000,true,,,existia
3547403,Santa Rita d'Oeste,2000,true,,,existia
3547502,Santa Rita do Passa Quatro,2000,true,,,existia
3547601,Santa Rosa de Viterbo,2000,true,,,existia
3547650,Santa Salete,2000,true,,,existia
3547700,Santo Anastácio,2000,true,,,existia
3547809,Santo André,2000,true,,,existia
3547908,Santo Antônio da Alegria,2000,true,,,existia
3548005,Santo Antônio de Posse,2000,true,,,existia
3548054,Santo Antônio do Aracanguá,2000,true,,,existia
3548104,Santo Antônio do Jardim,2000,true,,,existia
3548203,Santo Antônio do Pinhal,2000,true,,,existia
3548302,Santo Expedito,2000,true,,,existia
3548401,Santópolis do Aguapeí,2000,true,,,existia
3548500,Santos,2000,true,,,existia
3548609,São Bento do Sapucaí,2000,true,,,existia
3548708,São Bernardo do Campo,2000,true,,,existia
3548807,São Caetano do Sul,2000,true,,,existia
3548906,São Carlos,2000,true,,,existia
3549003,São Francisco,2000,true,,,existia
3549102,São João da Boa Vista,2000,true,,,existia
3549201,São João das Duas Pontes,2000,true,,,existia
3549250,São João de Iracema,2000,true,,,existia
3549300,São João do Pau d'Alho,2000,true,,,existia
3549409,São Joaquim da Barra,2000,true,,,existia
3549508,São José da Bela Vista,2000,true,,,existia
3549607,São José do Barreiro,2000,true,,,existia
3549706,São José do Rio Pardo,2000,true,,,existia
3549805,São José do Rio Preto,2000,true,,,existia
3549904,São José dos Campos,2000,true,,,existia
3549953,São Lourenço da Serra,2000,true,,,existia
3550001,São Luiz do Paraitinga,2000,true,,,existia
3550100,São Manuel,2000,true,,,existia
3550209,São Miguel Arcanjo,2000,true,,,existia
3550308,São Paulo,2000,true,,,existia
3550407,São Pedro,2000,true,,,existia
3550506,São Pedro do Turvo,2000,true,,,existia
3550605,São Roque,2000,true,,,existia
3550704,São Sebastião,2000,true,,,existia
3550803,São Sebastião da Grama,2000,true,,,existia
3550902,São Simão,2000,true,,,existia
3551009,São Vicente,2000,true,,,existia
3551108,Sarapuí,2000,true,,,existia
3551207,Sarutaiá,2000,true,,,existia
3551306,Sebastianópolis do Sul,2000,true,,,existia
3551405,Serra Azul,2000,true,,,existia
3551504,Serrana,2000,true,,,existia
3551603,Serra Negra,2000,true,,,existia
3551702,Sertãozinho,2000,true,,,existia
3551801,Sete Barras,2000,true,,,existia
3551900,Severínia,2000,true,,,existia
3552007,Silveiras,2000,true,,,existia
3552106,Socorro,2000,true,,,existia
3552205,Sorocaba,2000,true,,,existia
3552304,Sud Mennucci,2000,true,,,existia
3552403,Sumaré,2000,true,,,existia
3552502,Suzano,2000,true,,,existia
3552551,Suzanápolis,2000,true,,,existia
3552601,Tabapuã,2000,true,,,existia
3552700,Tabatinga,2000,true,,,existia
3552809,Taboão da Serra,2000,true,,,existia
3552908,Taciba,2000,true,,,existia
3553005,Taguaí,2000,true,,,existia
3553104,Taiaçu,2000,true,,,existia
3553203,Taiúva,2000,true,,,existia
3553302,Tambaú,2000,true,,,existia
3553401,Tanabi,2000,true,,,existia
3553500,Tapiraí,2000,true,,,existia
3553609,Tapiratiba,2000,true,,,existia
3553658,Taquaral,2000,true,,,existia
3553708,Taquaritinga,2000,true,,,existia
3553807,Taquarituba,2000,true,,,existia
3553856,Taquarivaí,2000,true,,,existia
3553906,Tarabai,2000,true,,,existia
3553955,Tarumã,2000,true,,,existia
3554003,Tatuí,2000,true,,,existia
3554102,Taubaté,2000,true,,,existia
3554201,Tejupá,2000,true,,,existia
3554300,Teodoro Sampaio,2000,true,,,existia
3554409,Terra Roxa,2000,true,,,existia
3554508,Tietê,2000,true,,,existia
3554607,Timburi,2000,true,,,existia
3554656,Torre de Pedra,2000,true,,,existia
3554706,Torrinha,2000,true,,,existia
3554755,Trabiju,2000,true,,,existia
3554805,Tremembé,2000,true,,,existia
3554904,Três Fronteiras,2000,true,,,existia
3554953,Tuiuti,2000,true,,,existia
3555000,Tupã,2000,true,,,existia
3555109,Tupi Paulista,2000,true,,,existia
3555208,Turiúba,2000,true,,,existia
3555307,Turmalina,2000,true,,,existia
3555356,Ubarana,2000,true,,,existia
3555406,Ubatuba,2000,true,,,existia
3555505,Ubirajara,2000,true,,,existia
3555604,Uchoa,2000,true,,,existia
3555703,União Paulista,2000,true,,,existia
3555802,Urânia,2000,true,,,existia
3555901,Uru,2000,true,,,existia
3556008,Urupês,2000,true,,,existia
3556107,Valentim Gentil,2000,true,,,existia
3556206,Valinhos,2000,true,,,existia
3556305,Valparaíso,2000,true,,,existia
3556354,Vargem,2000,true,,,existia
3556404,Vargem Grande do Sul,2000,true,,,existia
3556453,Vargem Grande Paulista,2000,true,,,existia
3556503,Várzea Paulista,2000,true,,,existia
3556602,Vera Cruz,2000,true,,,existia
3556701,Vinhedo,2000,true,,,existia
3556800,Viradouro,2000,true,,,existia
3556909,Vista Alegre do Alto,2000,true,,,existia
3556958,Vitória Brasil,2000,true,,,existia
3557006,Votorantim,2000,true,,,existia
3557105,Votuporanga,2000,true,,,existia
3557154,Zacarias,2000,true,,,existia
3557204,Chavantes,2000,true,,,existia
3557303,Estiva Gerbi,2000,true,,,existia
4100103,Abatiá,2000,true,,,existia
4100202,Adrianópolis,2000,true,,,existia
4100301,Agudos do Sul,2000,true,,,existia
4100400,Almirante Tamandaré,2000,true,,,existia
4100459,Altamira do Paraná,2000,true,,,existia
4100509,Altônia,2000,true,,,existia
4100608,Alto Paraná,2000,true,,,existia
4100707,Alto Piquiri,2000,true,,,existia
4100806,Alvorada do Sul,2000,true,,,existia
4100905,Amaporã,2000,true,,,existia
4101002,Ampére,2000,true,,,existia
4101051,Anahy,2000,true,,,existia
4101101,Andirá,2000,true,,,existia
4101150,Ângulo,2000,true,,,existia
4101200,Antonina,2000,true,,,existia
4101309,Antônio Olinto,2000,true,,,existia
4101408,Apucarana,2000,true,,,existia
4101507,Arapongas,2000,true,,,existia
4101606,Arapoti,2000,true,,,existia
4101655,Arapuã,2000,true,,,existia
4101705,Araruna,2000,true,,,existia
4101804,Araucária,2000,true,,,existia
4101853,Ariranha do Ivaí,2000,true,,,existia
4101903,Assaí,2000,true,,,existia
4102000,Assis Chateaubriand,2000,true,,,existia
4102109,Astorga,2000,true,,,existia
4102208,Atalaia,2000,true,,,existia
4102307,Balsa Nova,2000,true,,,existia
4102406,Bandeirantes,2000,true,,,existia
4102505,Barbosa Ferraz,2000,true,,,existia
4102604,Barracão,2000,true,,,existia
4102703,Barra do Jacaré,2000,true,,,existia
4102752,Bela Vista da Caroba,2000,true,,,existia
4102802,Bela Vista do Paraíso,2000,true,,,existia
4102901,Bituruna,2000,true,,,existia
4103008,Boa Esperança,2000,true,,,existia
4103024,Boa Esperança do Iguaçu,2000,true,,,existia
4103040,Boa Ventura de São Roque,2000,true,,,existia
4103057,Boa Vista da Aparecida,2000,true,,,existia
4103107,Bocaiúva do Sul,2000,true,,,existia
4103156,Bom Jesus do Sul,2000,true,,,existia
4103206,Bom Sucesso,2000,true,,,existia
4103222,Bom Sucesso do Sul,2000,true,,,existia
4103305,Borrazópolis,2000,true,,,existia
4103354,Braganey,2000,true,,,existia
4103370,Brasilândia do Sul,2000,true,,,existia
4103404,Cafeara,2000,true,,,existia
4103453,Cafelândia,2000,true,,,existia
4103479,Cafezal do Sul,2000,true,,,existia
4103503,Califórnia,2000,true,,,existia
4103602,Cambará,2000,true,,,existia
4103701,Cambé,2000,true,,,existia
4103800,Cambira,2000,true,,,existia
4103909,Campina da Lagoa,2000,true,,,existia
4103958,Campina do Simão,2000,true,,,existia
4104006,Campina Grande do Sul,2000,true,,,existia
4104055,Campo Bonito,2000,true,,,existia
4104105,Campo do Tenente,2000,true,,,existia
4104204,Campo Largo,2000,true,,,existia
4104253,Campo Magro,2000,true,,,existia
4104303,Campo Mourão,2000,true,,,existia
4104402,Cândido de Abreu,2000,true,,,existia
4104428,Candói,2000,true,,,existia
4104451,Cantagalo,2000,true,,,existia
4104501,Capanema,2000,true,,,existia
4104600,Capitão Leônidas Marques,2000,true,,,existia
4104659,Carambeí,2000,true,,,existia
4104709,Carlópolis,2000,true,,,existia
4104808,Cascavel,2000,true,,,existia
4104907,Castro,2000,true,,,existia
4105003,Catanduvas,2000,true,,,existia
4105102,Centenário do Sul,2000,true,,,existia
4105201,Cerro Azul,2000,true,,,existia
4105300,Céu Azul,2000,true,,,existia
4105409,Chopinzinho,2000,true,,,existia
4105508,Cianorte,2000,true,,,existia
4105607,Cidade Gaúcha,2000,true,,,existia
4105706,Clevelândia,2000,true,,,existia
4105805,Colombo,2000,true,,,existia
4105904,Colorado,2000,true,,,existia
4106001,Congonhinhas,2000,true,,,existia
4106100,Conselheiro Mairinck,2000,true,,,existia
4106209,Contenda,2000,true,,,existia
4106308,Corbélia,2000,true,,,existia
4106407,Cornélio Procópio,2000,true,,,existia
4106456,Coronel Domingos Soares,2000,true,,,existia
4106506,Coronel Vivida,2000,true,,,existia
4106555,Corumbataí do Sul,2000,true,,,existia
4106571,Cruzeiro do Iguaçu,2000,true,,,existia
4106605,Cruzeiro do Oeste,2000,true,,,existia
4106704,Cruzeiro do Sul,2000,true,,,existia
4106803,Cruz Machado,2000,true,,,existia
4106852,Cruzmaltina,2000,true,,,existia
4106902,Curitiba,2000,true,,,existia
4107009,Curiúva,2000,true,,,existia
4107108,Diamante do Norte,2000,true,,,existia
4107124,Diamante do Sul,2000,true,,,existia
4107157,Diamante D'Oeste,2000,true,,,existia
4107207,Dois Vizinhos,2000,true,,,existia
4107256,Douradina,2000,true,,,existia
4107306,Doutor Camargo,2000,true,,,existia
4107405,Enéas Marques,2000,true,,,existia
4107504,Engenheiro Beltrão,2000,true,,,existia
4107520,Esperança Nova,2000,true,,,existia
4107538,Entre Rios do Oeste,2000,true,,,existia
4107546,Espigão Alto do Iguaçu,2000,true,,,existia
4107553,Farol,2000,true,,,existia
4107603,Faxinal,2000,true,,,existia
4107652,Fazenda Rio Grande,2000,true,,,existia
4107702,Fênix,2000,true,,,existia
4107736,Fernandes Pinheiro,2000,true,,,existia
4107751,Figueira,2000,true,,,existia
4107801,Floraí,2000,true,,,existia
4107850,Flor da Serra do Sul,2000,true,,,existia
4107900,Floresta,2000,true,,,existia
4108007,Florestópolis,2000,true,,,existia
4108106,Flórida,2000,true,,,existia
4108205,Formosa do Oeste,2000,true,,,existia
4108304,Foz do Iguaçu,2000,true,,,existia
4108320,Francisco Alves,2000,true,,,existia
4108403,Francisco Beltrão,2000,true,,,existia
4108452,Foz do Jordão,2000,true,,,existia
4108502,General Carneiro,2000,true,,,existia
4108551,Godoy Moreira,2000,true,,,existia
4108601,Goioerê,2000,true,,,existia
4108650,Goioxim,2000,true,,,existia
4108700,Grandes Rios,2000,true,,,existia
4108809,Guaíra,2000,true,,,existia
4108908,Guairaçá,2000,true,,,existia
4108957,Guamiranga,2000,true,,,existia
4109005,Guapirama,2000,true,,,existia
4109104,Guaporema,2000,true,,,existia
4109203,Guaraci,2000,true,,,existia
4109302,Guaraniaçu,2000,true,,,existia
4109401,Guarapuava,2000,true,,,existia
4109500,Guaraqueçaba,2000,true,,,existia
4109609,Guaratuba,2000,true,,,existia
4109658,Honório Serpa,2000,true,,,existia
4109708,Ibaiti,2000,true,,,existia
4109757,Ibema,2000,true,,,existia
4109807,Ibiporã,2000,true,,,existia
4109906,Icaraíma,2000,true,,,existia
4110003,Iguaraçu,2000,true,,,existia
4110052,Iguatu,2000,true,,,existia
4110078,Imbaú,2000,true,,,existia
4110102,Imbituva,2000,true,,,existia
4110201,Inácio Martins,2000,true,,,existia
4110300,Inajá,2000,true,,,existia
4110409,Indianópolis,2000,true,,,existia
4110508,Ipiranga,2000,true,,,existia
4110607,Iporã,2000,true,,,existia
4110656,Iracema do Oeste,2000,true,,,existia
4110706,Irati,2000,true,,,existia
4110805,Iretama,2000,true,,,existia
4110904,Itaguajé,2000,true,,,existia
4110953,Itaipulândia,2000,true,,,existia
4111001,Itambaracá,2000,true,,,existia
4111100,Itambé,2000,true,,,existia
4111209,Itapejara d'Oeste,2000,true,,,existia
4111258,Itaperuçu,2000,true,,,existia
4111308,Itaúna do Sul,2000,true,,,existia
4111407,Ivaí,2000,true,,,existia
4111506,Ivaiporã,2000,true,,,existia
4111555,Ivaté,2000,true,,,existia
4111605,Ivatuba,2000,true,,,existia
4111704,Jaboti,2000,true,,,existia
4111803,Jacarezinho,2000,true,,,existia
4111902,Jaguapitã,2000,true,,,existia
4112009,Jaguariaíva,2000,true,,,existia
4112108,Jandaia do Sul,2000,true,,,existia
4112207,Janiópolis,2000,true,,,existia
4112306,Japira,2000,true,,,existia
4112405,Japurá,2000,true,,,existia
4112504,Jardim Alegre,2000,true,,,existia
4112603,Jardim Olinda,2000,true,,,existia
4112702,Jataizinho,2000,true,,,existia
4112751,Jesuítas,2000,true,,,existia
4112801,Joaquim Távora,2000,true,,,existia
4112900,Jundiaí do Sul,2000,true,,,existia
4112959,Juranda,2000,true,,,existia
4113007,Jussara,2000,true,,,existia
4113106,Kaloré,2000,true,,,existia
4113205,Lapa,2000,true,,,existia
4113254,Laranjal,2000,true,,,existia
4113304,Laranjeiras do Sul,2000,true,,,existia
4113403,Leópolis,2000,true,,,existia
4113429,Lidianópolis,2000,true,,,existia
4113452,Lindoeste,2000,true,,,existia
4113502,Loanda,2000,true,,,existia
4113601,Lobato,2000,true,,,existia
4113700,Londrina,2000,true,,,existia
4113734,Luiziana,2000,true,,,existia
4113759,Lunardelli,2000,true,,,existia
4113809,Lupionópolis,2000,true,,,existia
4113908,Mallet,2000,true,,,existia
4114005,Mamborê,2000,true,,,existia
4114104,Mandaguaçu,2000,true,,,existia
4114203,Mandaguari,2000,true,,,existia
4114302,Mandirituba,2000,true,,,existia
4114351,Manfrinópolis,2000,true,,,existia
4114401,Mangueirinha,2000,true,,,existia
4114500,Manoel Ribas,2000,true,,,existia
4114609,Marechal Cândido Rondon,2000,true,,,existia
4114708,Maria Helena,2000,true,,,existia
4114807,Marialva,2000,true,,,existia
4114906,Marilândia do Sul,2000,true,,,existia
4115002,Marilena,2000,true,,,existia
4115101,Mariluz,2000,true,,,existia
4115200,Maringá,2000,true,,,existia
4115309,Mariópolis,2000,true,,,existia
4115358,Maripá,2000,true,,,existia
4115408,Marmeleiro,2000,true,,,existia
4115457,Marquinho,2000,true,,,existia
4115507,Marumbi,2000,true,,,existia
4115606,Matelândia,2000,true,,,existia
4115705,Matinhos,2000,true,,,existia
4115739,Mato Rico,2000,true,,,existia
4115754,Mauá da Serra,2000,true,,,existia
4115804,Medianeira,2000,true,,,existia
4115853,Mercedes,2000,true,,,existia
4115903,Mirador,2000,true,,,existia
4116000,Miraselva,2000,true,,,existia
4116059,Missal,2000,true,,,existia
4116109,Moreira Sales,2000,true,,,existia
4116208,Morretes,2000,true,,,existia
4116307,Munhoz de Melo,2000,true,,,existia
4116406,Nossa Senhora das Graças,2000,true,,,existia
4116505,Nova Aliança do Ivaí,2000,true,,,existia
4116604,Nova América da Colina,2000,true,,,existia
4116703,Nova Aurora,2000,true,,,existia
4116802,Nova Cantu,2000,true,,,existia
4116901,Nova Esperança,2000,true,,,existia
4116950,Nova Esperança do Sudoeste,2000,true,,,existia
4117008,Nova Fátima,2000,true,,,existia
4117057,Nova Laranjeiras,2000,true,,,existia
4117107,Nova Londrina,2000,true,,,existia
4117206,Nova Olímpia,2000,true,,,existia
4117214,Nova Santa Bárbara,2000,true,,,existia
4117222,Nova Santa Rosa,2000,true,,,existia
4117255,Nova Prata do Iguaçu,2000,true,,,existia
4117271,Nova Tebas,2000,true,,,existia
4117297,Novo Itacolomi,2000,true,,,existia
4117305,Ortigueira,2000,true,,,existia
4117404,Ourizona,2000,true,,,existia
4117453,Ouro Verde do Oeste,2000,true,,,existia
4117503,Paiçandu,2000,true,,,existia
4117602,Palmas,2000,true,,,existia
4117701,Palmeira,2000,true,,,existia
4117800,Palmital,2000,true,,,existia
4117909,Palotina,2000,true,,,existia
4118006,Paraíso do Norte,2000,true,,,existia
4118105,Paranacity,2000,true,,,existia
4118204,Paranaguá,2000,true,,,existia
4118303,Paranapoema,2000,true,,,existia
4118402,Paranavaí,2000,true,,,existia
4118451,Pato Bragado,2000,true,,,existia
4118501,Pato Branco,2000,true,,,existia
4118600,Paula Freitas,2000,true,,,existia
4118709,Paulo Frontin,2000,true,,,existia
4118808,Peabiru,2000,true,,,existia
4118857,Perobal,2000,true,,,existia
4118907,Pérola,2000,true,,,existia
4119004,Pérola d'Oeste,2000,true,,,existia
4119103,Piên,2000,true,,,existia
4119152,Pinhais,2000,true,,,existia
4119202,Pinhalão,2000,true,,,existia
4119251,Pinhal de São Bento,2000,true,,,existia
4119301,Pinhão,2000,true,,,existia
4119400,Piraí do Sul,2000,true,,,existia
4119509,Piraquara,2000,true,,,existia
4119608,Pitanga,2000,true,,,existia
4119657,Pitangueiras,2000,true,,,existia
4119707,Planaltina do Paraná,2000,true,,,existia
4119806,Planalto,2000,true,,,existia
4119905,Ponta Grossa,2000,true,,,existia
4119954,Pontal do Paraná,2000,true,,,existia
4120002,Porecatu,2000,true,,,existia
4120101,Porto Amazonas,2000,true,,,existia
4120150,Porto Barreiro,2000,true,,,existia
4120200,Porto Rico,2000,true,,,existia
4120309,Porto Vitória,2000,true,,,existia
4120333,Prado Ferreira,2000,true,,,existia
4120358,Pranchita,2000,true,,,existia
4120408,Presidente Castelo Branco,2000,true,,,existia
4120507,Primeiro de Maio,2000,true,,,existia
4120606,Prudentópolis,2000,true,,,existia
4120655,Quarto Centenário,2000,true,,,existia
4120705,Quatiguá,2000,true,,,existia
4120804,Quatro Barras,2000,true,,,existia
4120853,Quatro Pontes,2000,true,,,existia
4120903,Quedas do Iguaçu,2000,true,,,existia
4121000,Querência do Norte,2000,true,,,existia
4121109,Quinta do Sol,2000,true,,,existia
4121208,Quitandinha,2000,true,,,existia
4121257,Ramilândia,2000,true,,,existia
4121307,Rancho Alegre,2000,true,,,existia
4121356,Rancho Alegre D'Oeste,2000,true,,,existia
4121406,Realeza,2000,true,,,existia
4121505,Rebouças,2000,true,,,existia
4121604,Renascença,2000,true,,,existia
4121703,Reserva,2000,true,,,existia
4121752,Reserva do Iguaçu,2000,true,,,existia
4121802,Ribeirão Claro,2000,true,,,existia
4121901,Ribeirão do Pinhal,2000,true,,,existia
4122008,Rio Azul,2000,true,,,existia
4122107,Rio Bom,2000,true,,,existia
4122156,Rio Bonito do Iguaçu,2000,true,,,existia
4122172,Rio Branco do Ivaí,2000,true,,,existia
4122206,Rio Branco do Sul,2000,true,,,existia
4122305,Rio Negro,2000,true,,,existia
4122404,Rolândia,2000,true,,,existia
4122503,Roncador,2000,true,,,existia
4122602,Rondon,2000,true,,,existia
4122651,Rosário do Ivaí,2000,true,,,existia
4122701,Sabáudia,2000,true,,,existia
4122800,Salgado Filho,2000,true,,,existia
4122909,Salto do Itararé,2000,true,,,existia
4123006,Salto do Lontra,2000,true,,,existia
4123105,Santa Amélia,2000,true,,,existia
4123204,Santa Cecília do Pavão,2000,true,,,existia
4123303,Santa Cruz de Monte Castelo,2000,true,,,existia
4123402,Santa Fé,2000,true,,,existia
4123501,Santa Helena,2000,true,,,existia
4123600,Santa Inês,2000,true,,,existia
4123709,Santa Isabel do Ivaí,2000,true,,,existia
4123808,Santa Izabel do Oeste,2000,true,,,existia
4123824,Santa Lúcia,2000,true,,,existia
4123857,Santa Maria do Oeste,2000,true,,,existia
4123907,Santa Mariana,2000,true,,,existia
4123956,Santa Mônica,2000,true,,,existia
4124004,Santana do Itararé,2000,true,,,existia
4124020,Santa Tereza do Oeste,2000,true,,,existia
4124053,Santa Terezinha de Itaipu,2000,true,,,existia
4124103,Santo Antônio da Platina,2000,true,,,existia
4124202,Santo Antônio do Caiuá,2000,true,,,existia
4124301,Santo Antônio do Paraíso,2000,true,,,existia
4124400,Santo Antônio do Sudoeste,2000,true,,,existia
4124509,Santo Inácio,2000,true,,,existia
4124608,São Carlos do Ivaí,2000,true,,,existia
4124707,São Jerônimo da Serra,2000,true,,,existia
4124806,São João,2000,true,,,existia
4124905,São João do Caiuá,2000,true,,,existia
4125001,São João do Ivaí,2000,true,,,existia
4125100,São João do Triunfo,2000,true,,,existia
4125209,São Jorge d'Oeste,2000,true,,,existia
4125308,São Jorge do Ivaí,2000,true,,,existia
4125357,São Jorge do Patrocínio,2000,true,,,existia
4125407,São José da Boa Vista,2000,true,,,existia
4125456,São José das Palmeiras,2000,true,,,existia
4125506,São José dos Pinhais,2000,true,,,existia
4125555,São Manoel do Paraná,2000,true,,,existia
4125605,São Mateus do Sul,2000,true,,,existia
4125704,São Miguel do Iguaçu,2000,true,,,existia
4125753,São Pedro do Iguaçu,2000,true,,,existia
4125803,São Pedro do Ivaí,2000,true,,,existia
4125902,São Pedro do Paraná,2000,true,,,existia
4126009,São Sebastião da Amoreira,2000,true,,,existia
4126108,São Tomé,2000,true,,,existia
4126207,Sapopema,2000,true,,,existia
4126256,Sarandi,2000,true,,,existia
4126272,Saudade do Iguaçu,2000,true,,,existia
4126306,Sengés,2000,true,,,existia
4126355,Serranópolis do Iguaçu,2000,true,,,existia
4126405,Sertaneja,2000,true,,,existia
4126504,Sertanópolis,2000,true,,,existia
4126603,Siqueira Campos,2000,true,,,existia
4126652,Sulina,2000,true,,,existia
4126678,Tamarana,2000,true,,,existia
4126702,Tamboara,2000,true,,,existia
4126801,Tapejara,2000,true,,,existia
4126900,Tapira,2000,true,,,existia
4127007,Teixeira Soares,2000,true,,,existia
4127106,Telêmaco Borba,2000,true,,,existia
4127205,Terra Boa,2000,true,,,existia
4127304,Terra Rica,2000,true,,,existia
4127403,Terra Roxa,2000,true,,,existia
4127502,Tibagi,2000,true,,,existia
4127601,Tijucas do Sul,2000,true,,,existia
4127700,Toledo,2000,true,,,existia
4127809,Tomazina,2000,true,,,existia
4127858,Três Barras do Paraná,2000,true,,,existia
4127882,Tunas do Paraná,2000,true,,,existia
4127908,Tuneiras do Oeste,2000,true,,,existia
4127957,Tupãssi,2000,true,,,existia
4127965,Turvo,2000,true,,,existia
4128005,Ubiratã,2000,true,,,existia
4128104,Umuarama,2000,true,,,existia
4128203,União da Vitória,2000,true,,,existia
4128302,Uniflor,2000,true,,,existia
4128401,Uraí,2000,true,,,existia
4128500,Wenceslau Braz,2000,true,,,existia
4128534,Ventania,2000,true,,,existia
4128559,Vera Cruz do Oeste,2000,true,,,existia
4128609,Verê,2000,true,,,existia
4128625,Alto Paraíso,2000,true,,,existia
4128633,Doutor Ulysses,2000,true,,,existia
4128658,Virmond,2000,true,,,existia
4128708,Vitorino,2000,true,,,existia
4128807,Xambrê,2000,true,,,existia
4200051,Abdon Batista,2000,true,,,existia
4200101,Abelardo Luz,2000,true,,,existia
4200200,Agrolândia,2000,true,,,existia
4200309,Agronômica,2000,true,,,existia
4200408,Água Doce,2000,true,,,existia
4200507,Águas de Chapecó,2000,true,,,existia
4200556,Águas Frias,2000,true,,,existia
4200606,Águas Mornas,2000,true,,,existia
4200705,Alfredo Wagner,2000,true,,,existia
4200754,Alto Bela Vista,2000,true,,,existia
4200804,Anchieta,2000,true,,,existia
4200903,Angelina,2000,true,,,existia
4201000,Anita Garibaldi,2000,true,,,existia
4201109,Anitápolis,2000,true,,,existia
4201208,Antônio Carlos,2000,true,,,existia
4201257,Apiúna,2000,true,,,existia
4201273,Arabutã,2000,true,,,existia
4201307,Araquari,2000,true,,,existia
4201406,Araranguá,2000,true,,,existia
4201505,Armazém,2000,true,,,existia
4201604,Arroio Trinta,2000,true,,,existia
4201653,Arvoredo,2000,true,,,existia
4201703,Ascurra,2000,true,,,existia
4201802,Atalanta,2000,true,,,existia
4201901,Aurora,2000,true,,,existia
4201950,Balneário Arroio do Silva,2000,true,,,existia
4202008,Balneário Camboriú,2000,true,,,existia
4202057,Balneário Barra do Sul,2000,true,,,existia
4202073,Balneário Gaivota,2000,true,,,existia
4202081,Bandeirante,2000,true,,,existia
4202099,Barra Bonita,2000,true,,,existia
4202107,Barra Velha,2000,true,,,existia
4202131,Bela Vista do Toldo,2000,true,,,existia
4202156,Belmonte,2000,true,,,existia
4202206,Benedito Novo,2000,true,,,existia
4202305,Biguaçu,2000,true,,,existia
4202404,Blumenau,2000,true,,,existia
4202438,Bocaina do Sul,2000,true,,,existia
4202453,Bombinhas,2000,true,,,existia
4202503,Bom Jardim da Serra,2000,true,,,existia
4202537,Bom Jesus,2000,true,,,existia
4202578,Bom Jesus do Oeste,2000,true,,,existia
4202602,Bom Retiro,2000,true,,,existia
4202701,Botuverá,2000,true,,,existia
4202800,Braço do Norte,2000,true,,,existia
4202859,Braço do Trombudo,2000,true,,,existia
4202875,Brunópolis,2000,true,,,existia
4202909,Brusque,2000,true,,,existia
4203006,Caçador,2000,true,,,existia
4203105,Caibi,2000,true,,,existia
4203154,Calmon,2000,true,,,existia
4203204,Camboriú,2000,true,,,existia
4203253,Capão Alto,2000,true,,,existia
4203303,Campo Alegre,2000,true,,,existia
4203402,Campo Belo do Sul,2000,true,,,existia
4203501,Campo Erê,2000,true,,,existia
4203600,Campos Novos,2000,true,,,existia
4203709,Canelinha,2000,true,,,existia
4203808,Canoinhas,2000,true,,,existia
4203907,Capinzal,2000,true,,,existia
4203956,Capivari de Baixo,2000,true,,,existia
4204004,Catanduvas,2000,true,,,existia
4204103,Caxambu do Sul,2000,true,,,existia
4204152,Celso Ramos,2000,true,,,existia
4204178,Cerro Negro,2000,true,,,existia
4204194,Chapadão do Lageado,2000,true,,,existia
4204202,Chapecó,2000,true,,,existia
4204251,Cocal do Sul,2000,true,,,existia
4204301,Concórdia,2000,true,,,existia
4204350,Cordilheira Alta,2000,true,,,existia
4204400,Coronel Freitas,2000,true,,,existia
4204459,Coronel Martins,2000,true,,,existia
4204509,Corupá,2000,true,,,existia
4204558,Correia Pinto,2000,true,,,existia
4204608,Criciúma,2000,true,,,existia
4204707,Cunha Porã,2000,true,,,existia
4204756,Cunhataí,2000,true,,,existia
4204806,Curitibanos,2000,true,,,existia
4204905,Descanso,2000,true,,,existia
4205001,Dionísio Cerqueira,2000,true,,,existia
4205100,Dona Emma,2000,true,,,existia
4205159,Doutor Pedrinho,2000,true,,,existia
4205175,Entre Rios,2000,true,,,existia
4205191,Ermo,2000,true,,,existia
4205209,Erval Velho,2000,true,,,existia
4205308,Faxinal dos Guedes,2000,true,,,existia
4205357,Flor do Sertão,2000,true,,,existia
4205407,Florianópolis,2000,true,,,existia
4205431,Formosa do Sul,2000,true,,,existia
4205456,Forquilhinha,2000,true,,,existia
4205506,Fraiburgo,2000,true,,,existia
4205555,Frei Rogério,2000,true,,,existia
4205605,Galvão,2000,true,,,existia
4205704,Garopaba,2000,true,,,existia
4205803,Garuva,2000,true,,,existia
4205902,Gaspar,2000,true,,,existia
4206009,Governador Celso Ramos,2000,true,,,existia
4206108,Grão-Pará,2000,true,,,existia
4206207,Gravatal,2000,true,,,existia
4206306,Guabiruba,2000,true,,,existia
4206405,Guaraciaba,2000,true,,,existia
4206504,Guaramirim,2000,true,,,existia
4206603,Guarujá do Sul,2000,true,,,existia
4206652,Guatambú,2000,true,,,existia
4206702,Herval d'Oeste,2000,true,,,existia
4206751,Ibiam,2000,true,,,existia
4206801,Ibicaré,2000,true,,,existia
4206900,Ibirama,2000,true,,,existia
4207007,Içara,2000,true,,,existia
4207106,Ilhota,2000,true,,,existia
4207205,Imaruí,2000,true,,,existia
4207304,Imbituba,2000,true,,,existia
4207403,Imbuia,2000,true,,,existia
4207502,Indaial,2000,true,,,existia
4207577,Iomerê,2000,true,,,existia
4207601,Ipira,2000,true,,,existia
4207650,Iporã do Oeste,2000,true,,,existia
4207684,Ipuaçu,2000,true,,,existia
4207700,Ipumirim,2000,true,,,existia
4207759,Iraceminha,2000,true,,,existia
4207809,Irani,2000,true,,,existia
4207858,Irati,2000,true,,,existia
4207908,Irineópolis,2000,true,,,existia
4208005,Itá,2000,true,,,existia
4208104,Itaiópolis,2000,true,,,existia
4208203,Itajaí,2000,true,,,existia
4208302,Itapema,2000,true,,,existia
4208401,Itapiranga,2000,true,,,existia
4208450,Itapoá,2000,true,,,existia
4208500,Ituporanga,2000,true,,,existia
4208609,Jaborá,2000,true,,,existia
4208708,Jacinto Machado,2000,true,,,existia
4208807,Jaguaruna,2000,true,,,existia
4208906,Jaraguá do Sul,2000,true,,,existia
4208955,Jardinópolis,2000,true,,,existia
4209003,Joaçaba,2000,true,,,existia
4209102,Joinville,2000,true,,,existia
4209151,José Boiteux,2000,true,,,existia
4209177,Jupiá,2000,true,,,existia
4209201,Lacerdópolis,2000,true,,,existia
4209300,Lages,2000,true,,,existia
4209409,Laguna,2000,true,,,existia
4209458,Lajeado Grande,2000,true,,,existia
4209508,Laurentino,2000,true,,,existia
4209607,Lauro Müller,2000,true,,,existia
4209706,Lebon Régis,2000,true,,,existia
4209805,Leoberto Leal,2000,true,,,existia
4209854,Lindóia do Sul,2000,true,,,existia
4209904,Lontras,2000,true,,,existia
4210001,Luiz Alves,2000,true,,,existia
4210035,Luzerna,2000,true,,,existia
4210050,Macieira,2000,true,,,existia
4210100,Mafra,2000,true,,,existia
4210209,Major Gercino,2000,true,,,existia
4210308,Major Vieira,2000,true,,,existia
4210407,Maracajá,2000,true,,,existia
4210506,Maravilha,2000,true,,,existia
4210555,Marema,2000,true,,,existia
4210605,Massaranduba,2000,true,,,existia
4210704,Matos Costa,2000,true,,,existia
4210803,Meleiro,2000,true,,,existia
4210852,Mirim Doce,2000,true,,,existia
4210902,Modelo,2000,true,,,existia
4211009,Mondaí,2000,true,,,existia
4211058,Monte Carlo,2000,true,,,existia
4211108,Monte Castelo,2000,true,,,existia
4211207,Morro da Fumaça,2000,true,,,existia
4211256,Morro Grande,2000,true,,,existia
4211306,Navegantes,2000,true,,,existia
4211405,Nova Erechim,2000,true,,,existia
4211454,Nova Itaberaba,2000,true,,,existia
4211504,Nova Trento,2000,true,,,existia
4211603,Nova Veneza,2000,true,,,existia
4211652,Novo Horizonte,2000,true,,,existia
4211702,Orleans,2000,true,,,existia
4211751,Otacílio Costa,2000,true,,,existia
4211801,Ouro,2000,true,,,existia
4211850,Ouro Verde,2000,true,,,existia
4211876,Paial,2000,true,,,existia
4211892,Painel,2000,true,,,existia
4211900,Palhoça,2000,true,,,existia
4212007,Palma Sola,2000,true,,,existia
4212056,Palmeira,2000,true,,,existia
4212106,Palmitos,2000,true,,,existia
4212205,Papanduva,2000,true,,,existia
4212239,Paraíso,2000,true,,,existia
4212254,Passo de Torres,2000,true,,,existia
4212270,Passos Maia,2000,true,,,existia
4212304,Paulo Lopes,2000,true,,,existia
4212403,Pedras Grandes,2000,true,,,existia
4212502,Penha,2000,true,,,existia
4212601,Peritiba,2000,true,,,existia
4212700,Petrolândia,2000,true,,,existia
4212809,Balneário Piçarras,2000,true,,,existia
4212908,Pinhalzinho,2000,true,,,existia
4213005,Pinheiro Preto,2000,true,,,existia
4213104,Piratuba,2000,true,,,existia
4213153,Planalto Alegre,2000,true,,,existia
4213203,Pomerode,2000,true,,,existia
4213302,Ponte Alta,2000,true,,,existia
4213351,Ponte Alta do Norte,2000,true,,,existia
4213401,Ponte Serrada,2000,true,,,existia
4213500,Porto Belo,2000,true,,,existia
4213609,Porto União,2000,true,,,existia
4213708,Pouso Redondo,2000,true,,,existia
4213807,Praia Grande,2000,true,,,existia
4213906,Presidente Castello Branco,2000,true,,,existia
4214003,Presidente Getúlio,2000,true,,,existia
4214102,Presidente Nereu,2000,true,,,existia
4214151,Princesa,2000,true,,,existia
4214201,Quilombo,2000,true,,,existia
4214300,Rancho Queimado,2000,true,,,existia
4214409,Rio das Antas,2000,true,,,existia
4214508,Rio do Campo,2000,true,,,existia
4214607,Rio do Oeste,2000,true,,,existia
4214706,Rio dos Cedros,2000,true,,,existia
4214805,Rio do Sul,2000,true,,,existia
4214904,Rio Fortuna,2000,true,,,existia
4215000,Rio Negrinho,2000,true,,,existia
4215059,Rio Rufino,2000,true,,,existia
4215075,Riqueza,2000,true,,,existia
4215109,Rodeio,2000,true,,,existia
4215208,Romelândia,2000,true,,,existia
4215307,Salete,2000,true,,,existia
4215356,Saltinho,2000,true,,,existia
4215406,Salto Veloso,2000,true,,,existia
4215455,Sangão,2000,true,,,existia
4215505,Santa Cecília,2000,true,,,existia
4215554,Santa Helena,2000,true,,,existia
4215604,Santa Rosa de Lima,2000,true,,,existia
4215653,Santa Rosa do Sul,2000,true,,,existia
4215679,Santa Terezinha,2000,true,,,existia
4215687,Santa Terezinha do Progresso,2000,true,,,existia
4215695,Santiago do Sul,2000,true,,,existia
4215703,Santo Amaro da Imperatriz,2000,true,,,existia
4215752,São Bernardino,2000,true,,,existia
4215802,São Bento do Sul,2000,true,,,existia
4215901,São Bonifácio,2000,true,,,existia
4216008,São Carlos,2000,true,,,existia
4216057,São Cristóvão do Sul,2000,true,,,existia
4216107,São Domingos,2000,true,,,existia
4216206,São Francisco do Sul,2000,true,,,existia
4216255,São João do Oeste,2000,true,,,existia
4216305,São João Batista,2000,true,,,existia
4216354,São João do Itaperiú,2000,true,,,existia
4216404,São João do Sul,2000,true,,,existia
4216503,São Joaquim,2000,true,,,existia
4216602,São José,2000,true,,,existia
4216701,São José do Cedro,2000,true,,,existia
4216800,São José do Cerrito,2000,true,,,existia
4216909,São Lourenço do Oeste,2000,true,,,existia
4217006,São Ludgero,2000,true,,,existia
4217105,São Martinho,2000,true,,,existia
4217154,São Miguel da Boa Vista,2000,true,,,existia
4217204,São Miguel do Oeste,2000,true,,,existia
4217253,São Pedro de Alcântara,2000,true,,,existia
4217303,Saudades,2000,true,,,existia
4217402,Schroeder,2000,true,,,existia
4217501,Seara,2000,true,,,existia
4217550,Serra Alta,2000,true,,,existia
4217600,Siderópolis,2000,true,,,existia
4217709,Sombrio,2000,true,,,existia
4217758,Sul Brasil,2000,true,,,existia
4217808,Taió,2000,true,,,existia
4217907,Tangará,2000,true,,,existia
4217956,Tigrinhos,2000,true,,,existia
4218004,Tijucas,2000,true,,,existia
4218103,Timbé do Sul,2000,true,,,existia
4218202,Timbó,2000,true,,,existia
4218251,Timbó Grande,2000,true,,,existia
4218301,Três Barras,2000,true,,,existia
4218350,Treviso,2000,true,,,existia
4218400,Treze de Maio,2000,true,,,existia
4218509,Treze Tílias,2000,true,,,existia
4218608,Trombudo Central,2000,true,,,existia
4218707,Tubarão,2000,true,,,existia
4218756,Tunápolis,2000,true,,,existia
4218806,Turvo,2000,true,,,existia
4218855,União do Oeste,2000,true,,,existia
4218905,Urubici,2000,true,,,existia
4218954,Urupema,2000,true,,,existia
4219002,Urussanga,2000,true,,,existia
4219101,Vargeão,2000,true,,,existia
4219150,Vargem,2000,true,,,existia
4219176,Vargem Bonita,2000,true,,,existia
4219200,Vidal Ramos,2000,true,,,existia
4219309,Videira,2000,true,,,existia
4219358,Vitor Meireles,2000,true,,,existia
4219408,Witmarsum,2000,true,,,existia
4219507,Xanxerê,2000,true,,,existia
4219606,Xavantina,2000,true,,,existia
4219705,Xaxim,2000,true,,,existia
4219853,Zortéa,2000,true,,,existia
4300059,Água Santa,2000,true,,,existia
4300109,Agudo,2000,true,,,existia
4300208,Ajuricaba,2000,true,,,existia
4300307,Alecrim,2000,true,,,existia
4300406,Alegrete,2000,true,,,existia
4300455,Alegria,2000,true,,,existia
4300505,Alpestre,2000,true,,,existia
4300554,Alto Alegre,2000,true,,,existia
4300570,Alto Feliz,2000,true,,,existia
4300604,Alvorada,2000,true,,,existia
4300638,Amaral Ferrador,2000,true,,,existia
4300646,Ametista do Sul,2000,true,,,existia
4300661,André da Rocha,2000,true,,,existia
4300703,Anta Gorda,2000,true,,,existia
4300802,Antônio Prado,2000,true,,,existia
4300851,Arambaré,2000,true,,,existia
4300877,Araricá,2000,true,,,existia
4300901,Aratiba,2000,true,,,existia
4301008,Arroio do Meio,2000,true,,,existia
4301057,Arroio do Sal,2000,true,,,existia
4301107,Arroio dos Ratos,2000,true,,,existia
4301206,Arroio do Tigre,2000,true,,,existia
4301305,Arroio Grande,2000,true,,,existia
4301404,Arvorezinha,2000,true,,,existia
4301503,Augusto Pestana,2000,true,,,existia
4301552,Áurea,2000,true,,,existia
4301602,Bagé,2000,true,,,existia
4301636,Balneário Pinhal,2000,true,,,existia
4301651,Barão,2000,true,,,existia
4301701,Barão de Cotegipe,2000,true,,,existia
4301750,Barão do Triunfo,2000,true,,,existia
4301800,Barracão,2000,true,,,existia
4301859,Barra do Guarita,2000,true,,,existia
4301875,Barra do Quaraí,2000,true,,,existia
4301909,Barra do Ribeiro,2000,true,,,existia
4301925,Barra do Rio Azul,2000,true,,,existia
4301958,Barra Funda,2000,true,,,existia
4302006,Barros Cassal,2000,true,,,existia
4302055,Benjamin Constant do Sul,2000,true,,,existia
4302105,Bento Gonçalves,2000,true,,,existia
4302154,Boa Vista das Missões,2000,true,,,existia
4302204,Boa Vista do Buricá,2000,true,,,existia
4302253,Boa Vista do Sul,2000,true,,,existia
4302303,Bom Jesus,2000,true,,,existia
4302352,Bom Princípio,2000,true,,,existia
4302378,Bom Progresso,2000,true,,,existia
4302402,Bom Retiro do Sul,2000,true,,,existia
4302451,Boqueirão do Leão,2000,true,,,existia
4302501,Bossoroca,2000,true,,,existia
4302600,Braga,2000,true,,,existia
4302659,Brochier,2000,true,,,existia
4302709,Butiá,2000,true,,,existia
4302808,Caçapava do Sul,2000,true,,,existia
4302907,Cacequi,2000,true,,,existia
4303004,Cachoeira do Sul,2000,true,,,existia
4303103,Cachoeirinha,2000,true,,,existia
4303202,Cacique Doble,2000,true,,,existia
4303301,Caibaté,2000,true,,,existia
4303400,Caiçara,2000,true,,,existia
4303509,Camaquã,2000,true,,,existia
4303558,Camargo,2000,true,,,existia
4303608,Cambará do Sul,2000,true,,,existia
4303673,Campestre da Serra,2000,true,,,existia
4303707,Campina das Missões,2000,true,,,existia
4303806,Campinas do Sul,2000,true,,,existia
4303905,Campo Bom,2000,true,,,existia
4304002,Campo Novo,2000,true,,,existia
4304101,Campos Borges,2000,true,,,existia
4304200,Candelária,2000,true,,,existia
4304309,Cândido Godói,2000,true,,,existia
4304358,Candiota,2000,true,,,existia
4304408,Canela,2000,true,,,existia
4304507,Canguçu,2000,true,,,existia
4304606,Canoas,2000,true,,,existia
4304630,Capão da Canoa,2000,true,,,existia
4304663,Capão do Leão,2000,true,,,existia
4304671,Capivari do Sul,2000,true,,,existia
4304689,Capela de Santana,2000,true,,,existia
4304697,Capitão,2000,true,,,existia
4304705,Carazinho,2000,true,,,existia
4304713,Caraá,2000,true,,,existia
4304804,Carlos Barbosa,2000,true,,,existia
4304853,Carlos Gomes,2000,true,,,existia
4304903,Casca,2000,true,,,existia
4304952,Caseiros,2000,true,,,existia
4305009,Catuípe,2000,true,,,existia
4305108,Caxias do Sul,2000,true,,,existia
4305116,Centenário,2000,true,,,existia
4305124,Cerrito,2000,true,,,existia
4305132,Cerro Branco,2000,true,,,existia
4305157,Cerro Grande,2000,true,,,existia
4305173,Cerro Grande do Sul,2000,true,,,existia
4305207,Cerro Largo,2000,true,,,existia
4305306,Chapada,2000,true,,,existia
4305355,Charqueadas,2000,true,,,existia
4305371,Charrua,2000,true,,,existia
4305405,Chiapetta,2000,true,,,existia
4305439,Chuí,2000,true,,,existia
4305447,Chuvisca,2000,true,,,existia
4305454,Cidreira,2000,true,,,existia
4305504,Ciríaco,2000,true,,,existia
4305587,Colinas,2000,true,,,existia
4305603,Colorado,2000,true,,,existia
4305702,Condor,2000,true,,,existia
4305801,Constantina,2000,true,,,existia
4305850,Coqueiros do Sul,2000,true,,,existia
4305871,Coronel Barros,2000,true,,,existia
4305900,Coronel Bicaco,2000,true,,,existia
4305959,Cotiporã,2000,true,,,existia
4305975,Coxilha,2000,true,,,existia
4306007,Crissiumal,2000,true,,,existia
4306056,Cristal,2000,true,,,existia
4306072,Cristal do Sul,2000,true,,,existia
4306106,Cruz Alta,2000,true,,,existia
4306205,Cruzeiro do Sul,2000,true,,,existia
4306304,David Canabarro,2000,true,,,existia
4306320,Derrubadas,2000,true,,,existia
4306353,Dezesseis de Novembro,2000,true,,,existia
4306379,Dilermando de Aguiar,2000,true,,,existia
4306403,Dois Irmãos,2000,true,,,existia
4306429,Dois Irmãos das Missões,2000,true,,,existia
4306452,Dois Lajeados,2000,true,,,existia
4306502,Dom Feliciano,2000,true,,,existia
4306551,Dom Pedro de Alcântara,2000,true,,,existia
4306601,Dom Pedrito,2000,true,,,existia
4306700,Dona Francisca,2000,true,,,existia
4306734,Doutor Maurício Cardoso,2000,true,,,existia
4306759,Doutor Ricardo,2000,true,,,existia
4306767,Eldorado do Sul,2000,true,,,existia
4306809,Encantado,2000,true,,,existia
4306908,Encruzilhada do Sul,2000,true,,,existia
4306924,Engenho Velho,2000,true,,,existia
4306932,Entre-Ijuís,2000,true,,,existia
4306957,Entre Rios do Sul,2000,true,,,existia
4306973,Erebango,2000,true,,,existia
4307005,Erechim,2000,true,,,existia
4307054,Ernestina,2000,true,,,existia
4307104,Herval,2000,true,,,existia
4307203,Erval Grande,2000,true,,,existia
4307302,Erval Seco,2000,true,,,existia
4307401,Esmeralda,2000,true,,,existia
4307450,Esperança do Sul,2000,true,,,existia
4307500,Espumoso,2000,true,,,existia
4307559,Estação,2000,true,,,existia
4307609,Estância Velha,2000,true,,,existia
4307708,Esteio,2000,true,,,existia
4307807,Estrela,2000,true,,,existia
4307815,Estrela Velha,2000,true,,,existia
4307831,Eugênio de Castro,2000,true,,,existia
4307864,Fagundes Varela,2000,true,,,existia
4307906,Farroupilha,2000,true,,,existia
4308003,Faxinal do Soturno,2000,true,,,existia
4308052,Faxinalzinho,2000,true,,,existia
4308078,Fazenda Vilanova,2000,true,,,existia
4308102,Feliz,2000,true,,,existia
4308201,Flores da Cunha,2000,true,,,existia
4308250,Floriano Peixoto,2000,true,,,existia
4308300,Fontoura Xavier,2000,true,,,existia
4308409,Formigueiro,2000,true,,,existia
4308458,Fortaleza dos Valos,2000,true,,,existia
4308508,Frederico Westphalen,2000,true,,,existia
4308607,Garibaldi,2000,true,,,existia
4308656,Garruchos,2000,true,,,existia
4308706,Gaurama,2000,true,,,existia
4308805,General Câmara,2000,true,,,existia
4308854,Gentil,2000,true,,,existia
4308904,Getúlio Vargas,2000,true,,,existia
4309001,Giruá,2000,true,,,existia
4309050,Glorinha,2000,true,,,existia
4309100,Gramado,2000,true,,,existia
4309126,Gramado dos Loureiros,2000,true,,,existia
4309159,Gramado Xavier,2000,true,,,existia
4309209,Gravataí,2000,true,,,existia
4309258,Guabiju,2000,true,,,existia
4309308,Guaíba,2000,true,,,existia
4309407,Guaporé,2000,true,,,existia
4309506,Guarani das Missões,2000,true,,,existia
4309555,Harmonia,2000,true,,,existia
4309571,Herveiras,2000,true,,,existia
4309605,Horizontina,2000,true,,,existia
4309654,Hulha Negra,2000,true,,,existia
4309704,Humaitá,2000,true,,,existia
4309753,Ibarama,2000,true,,,existia
4309803,Ibiaçá,2000,true,,,existia
4309902,Ibiraiaras,2000,true,,,existia
4309951,Ibirapuitã,2000,true,,,existia
4310009,Ibirubá,2000,true,,,existia
4310108,Igrejinha,2000,true,,,existia
4310207,Ijuí,2000,true,,,existia
4310306,Ilópolis,2000,true,,,existia
4310330,Imbé,2000,true,,,existia
4310363,Imigrante,2000,true,,,existia
4310405,Independência,2000,true,,,existia
4310413,Inhacorá,2000,true,,,existia
4310439,Ipê,2000,true,,,existia
4310462,Ipiranga do Sul,2000,true,,,existia
4310504,Iraí,2000,true,,,existia
4310538,Itaara,2000,true,,,existia
4310553,Itacurubi,2000,true,,,existia
4310579,Itapuca,2000,true,,,existia
4310603,Itaqui,2000,true,,,existia
4310702,Itatiba do Sul,2000,true,,,existia
4310751,Ivorá,2000,true,,,existia
4310801,Ivoti,2000,true,,,existia
4310850,Jaboticaba,2000,true,,,existia
4310900,Jacutinga,2000,true,,,existia
4311007,Jaguarão,2000,true,,,existia
4311106,Jaguari,2000,true,,,existia
4311122,Jaquirana,2000,true,,,existia
4311130,Jari,2000,true,,,existia
4311155,Jóia,2000,true,,,existia
4311205,Júlio de Castilhos,2000,true,,,existia
4311254,Lagoão,2000,true,,,existia
4311270,Lagoa dos Três Cantos,2000,true,,,existia
4311304,Lagoa Vermelha,2000,true,,,existia
4311403,Lajeado,2000,true,,,existia
4311429,Lajeado do Bugre,2000,true,,,existia
4311502,Lavras do Sul,2000,true,,,existia
4311601,Liberato Salzano,2000,true,,,existia
4311627,Lindolfo Collor,2000,true,,,existia
4311643,Linha Nova,2000,true,,,existia
4311700,Machadinho,2000,true,,,existia
4311718,Maçambará,2000,true,,,existia
4311734,Mampituba,2000,true,,,existia
4311759,Manoel Viana,2000,true,,,existia
4311775,Maquiné,2000,true,,,existia
4311791,Maratá,2000,true,,,existia
4311809,Marau,2000,true,,,existia
4311908,Marcelino Ramos,2000,true,,,existia
4311981,Mariana Pimentel,2000,true,,,existia
4312005,Mariano Moro,2000,true,,,existia
4312054,Marques de Souza,2000,true,,,existia
4312104,Mata,2000,true,,,existia
4312138,Mato Castelhano,2000,true,,,existia
4312153,Mato Leitão,2000,true,,,existia
4312203,Maximiliano de Almeida,2000,true,,,existia
4312252,Minas do Leão,2000,true,,,existia
4312302,Miraguaí,2000,true,,,existia
4312351,Montauri,2000,true,,,existia
4312377,Monte Alegre dos Campos,2000,true,,,existia
4312385,Monte Belo do Sul,2000,true,,,existia
4312401,Montenegro,2000,true,,,existia
4312427,Mormaço,2000,true,,,existia
4312443,Morrinhos do Sul,2000,true,,,existia
4312450,Morro Redondo,2000,true,,,existia
4312476,Morro Reuter,2000,true,,,existia
4312500,Mostardas,2000,true,,,existia
4312609,Muçum,2000,true,,,existia
4312617,Muitos Capões,2000,true,,,existia
4312625,Muliterno,2000,true,,,existia
4312658,Não-Me-Toque,2000,true,,,existia
4312674,Nicolau Vergueiro,2000,true,,,existia
4312708,Nonoai,2000,true,,,existia
4312757,Nova Alvorada,2000,true,,,existia
4312807,Nova Araçá,2000,true,,,existia
4312906,Nova Bassano,2000,true,,,existia
4312955,Nova Boa Vista,2000,true,,,existia
4313003,Nova Bréscia,2000,true,,,existia
4313011,Nova Candelária,2000,true,,,existia
4313037,Nova Esperança do Sul,2000,true,,,existia
4313060,Nova Hartz,2000,true,,,existia
4313086,Nova Pádua,2000,true,,,existia
4313102,Nova Palma,2000,true,,,existia
4313201,Nova Petrópolis,2000,true,,,existia
4313300,Nova Prata,2000,true,,,existia
4313334,Nova Ramada,2000,true,,,existia
4313359,Nova Roma do Sul,2000,true,,,existia
4313375,Nova Santa Rita,2000,true,,,existia
4313391,Novo Cabrais,2000,true,,,existia
4313409,Novo Hamburgo,2000,true,,,existia
4313425,Novo Machado,2000,true,,,existia
4313441,Novo Tiradentes,2000,true,,,existia
4313490,Novo Barreiro,2000,true,,,existia
4313508,Osório,2000,true,,,existia
4313607,Paim Filho,2000,true,,,existia
4313656,Palmares do Sul,2000,true,,,existia
4313706,Palmeira das Missões,2000,true,,,existia
4313805,Palmitinho,2000,true,,,existia
4313904,Panambi,2000,true,,,existia
4313953,Pantano Grande,2000,true,,,existia
4314001,Paraí,2000,true,,,existia
4314027,Paraíso do Sul,2000,true,,,existia
4314035,Pareci Novo,2000,true,,,existia
4314050,Parobé,2000,true,,,existia
4314068,Passa Sete,2000,true,,,existia
4314076,Passo do Sobrado,2000,true,,,existia
4314100,Passo Fundo,2000,true,,,existia
4314159,Paverama,2000,true,,,existia
4314209,Pedro Osório,2000,true,,,existia
4314308,Pejuçara,2000,true,,,existia
4314407,Pelotas,2000,true,,,existia
4314423,Picada Café,2000,true,,,existia
4314456,Pinhal,2000,true,,,existia
4314472,Pinhal Grande,2000,true,,,existia
4314498,Pinheirinho do Vale,2000,true,,,existia
4314506,Pinheiro Machado,2000,true,,,existia
4314555,Pirapó,2000,true,,,existia
4314605,Piratini,2000,true,,,existia
4314704,Planalto,2000,true,,,existia
4314753,Poço das Antas,2000,true,,,existia
4314779,Pontão,2000,true,,,existia
4314787,Ponte Preta,2000,true,,,existia
4314803,Portão,2000,true,,,existia
4314902,Porto Alegre,2000,true,,,existia
4315008,Porto Lucena,2000,true,,,existia
4315057,Porto Mauá,2000,true,,,existia
4315073,Porto Vera Cruz,2000,true,,,existia
4315107,Porto Xavier,2000,true,,,existia
4315131,Pouso Novo,2000,true,,,existia
4315149,Presidente Lucena,2000,true,,,existia
4315156,Progresso,2000,true,,,existia
4315172,Protásio Alves,2000,true,,,existia
4315206,Putinga,2000,true,,,existia
4315305,Quaraí,2000,true,,,existia
4315321,Quevedos,2000,true,,,existia
4315354,Quinze de Novembro,2000,true,,,existia
4315404,Redentora,2000,true,,,existia
4315453,Relvado,2000,true,,,existia
4315503,Restinga Sêca,2000,true,,,existia
4315552,Rio dos Índios,2000,true,,,existia
4315602,Rio Grande,2000,true,,,existia
4315701,Rio Pardo,2000,true,,,existia
4315750,Riozinho,2000,true,,,existia
4315800,Roca Sales,2000,true,,,existia
4315909,Rodeio Bonito,2000,true,,,existia
4316006,Rolante,2000,true,,,existia
4316105,Ronda Alta,2000,true,,,existia
4316204,Rondinha,2000,true,,,existia
4316303,Roque Gonzales,2000,true,,,existia
4316402,Rosário do Sul,2000,true,,,existia
4316428,Sagrada Família,2000,true,,,existia
4316436,Saldanha Marinho,2000,true,,,existia
4316451,Salto do Jacuí,2000,true,,,existia
4316477,Salvador das Missões,2000,true,,,existia
4316501,Salvador do Sul,2000,true,,,existia
4316600,Sananduva,2000,true,,,existia
4316709,Santa Bárbara do Sul,2000,true,,,existia
4316758,Santa Clara do Sul,2000,true,,,existia
4316808,Santa Cruz do Sul,2000,true,,,existia
4316907,Santa Maria,2000,true,,,existia
4316956,Santa Maria do Herval,2000,true,,,existia
4317004,Santana da Boa Vista,2000,true,,,existia
4317103,Sant'Ana do Livramento,2000,true,,,existia
4317202,Santa Rosa,2000,true,,,existia
4317251,Santa Tereza,2000,true,,,existia
4317301,Santa Vitória do Palmar,2000,true,,,existia
4317400,Santiago,2000,true,,,existia
4317509,Santo Ângelo,2000,true,,,existia
4317558,Santo Antônio do Palma,2000,true,,,existia
4317608,Santo Antônio da Patrulha,2000,true,,,existia
4317707,Santo Antônio das Missões,2000,true,,,existia
4317756,Santo Antônio do Planalto,2000,true,,,existia
4317806,Santo Augusto,2000,true,,,existia
4317905,Santo Cristo,2000,true,,,existia
4317954,Santo Expedito do Sul,2000,true,,,existia
4318002,São Borja,2000,true,,,existia
4318051,São Domingos do Sul,2000,true,,,existia
4318101,São Francisco de Assis,2000,true,,,existia
4318200,São Francisco de Paula,2000,true,,,existia
4318309,São Gabriel,2000,true,,,existia
4318408,São Jerônimo,2000,true,,,existia
4318424,São João da Urtiga,2000,true,,,existia
4318432,São João do Polêsine,2000,true,,,existia
4318440,São Jorge,2000,true,,,existia
4318457,São José das Missões,2000,true,,,existia
4318465,São José do Herval,2000,true,,,existia
4318481,São José do Hortêncio,2000,true,,,existia
4318499,São José do Inhacorá,2000,true,,,existia
4318507,São José do Norte,2000,true,,,existia
4318606,São José do Ouro,2000,true,,,existia
4318622,São José dos Ausentes,2000,true,,,existia
4318705,São Leopoldo,2000,true,,,existia
4318804,São Lourenço do Sul,2000,true,,,existia
4318903,São Luiz Gonzaga,2000,true,,,existia
4319000,São Marcos,2000,true,,,existia
4319109,São Martinho,2000,true,,,existia
4319125,São Martinho da Serra,2000,true,,,existia
4319158,São Miguel das Missões,2000,true,,,existia
4319208,São Nicolau,2000,true,,,existia
4319307,São Paulo das Missões,2000,true,,,existia
4319356,São Pedro da Serra,2000,true,,,existia
4319372,São Pedro do Butiá,2000,true,,,existia
4319406,São Pedro do Sul,2000,true,,,existia
4319505,São Sebastião do Caí,2000,true,,,existia
4319604,São Sepé,2000,true,,,existia
4319703,São Valentim,2000,true,,,existia
4319711,São Valentim do Sul,2000,true,,,existia
4319737,São Valério do Sul,2000,true,,,existia
4319752,São Vendelino,2000,true,,,existia
4319802,São Vicente do Sul,2000,true,,,existia
4319901,Sapiranga,2000,true,,,existia
4320008,Sapucaia do Sul,2000,true,,,existia
4320107,Sarandi,2000,true,,,existia
4320206,Seberi,2000,true,,,existia
4320230,Sede Nova,2000,true,,,existia
4320263,Segredo,2000,true,,,existia
4320305,Selbach,2000,true,,,existia
4320321,Senador Salgado Filho,2000,true,,,existia
4320354,Sentinela do Sul,2000,true,,,existia
4320404,Serafina Corrêa,2000,true,,,existia
4320453,Sério,2000,true,,,existia
4320503,Sertão,2000,true,,,existia
4320552,Sertão Santana,2000,true,,,existia
4320578,Sete de Setembro,2000,true,,,existia
4320602,Severiano de Almeida,2000,true,,,existia
4320651,Silveira Martins,2000,true,,,existia
4320677,Sinimbu,2000,true,,,existia
4320701,Sobradinho,2000,true,,,existia
4320800,Soledade,2000,true,,,existia
4320859,Tabaí,2000,true,,,existia
4320909,Tapejara,2000,true,,,existia
4321006,Tapera,2000,true,,,existia
4321105,Tapes,2000,true,,,existia
4321204,Taquara,2000,true,,,existia
4321303,Taquari,2000,true,,,existia
4321329,Taquaruçu do Sul,2000,true,,,existia
4321352,Tavares,2000,true,,,existia
4321402,Tenente Portela,2000,true,,,existia
4321436,Terra de Areia,2000,true,,,existia
4321451,Teutônia,2000,true,,,existia
4321477,Tiradentes do Sul,2000,true,,,existia
4321493,Toropi,2000,true,,,existia
4321501,Torres,2000,true,,,existia
4321600,Tramandaí,2000,true,,,existia
4321626,Travesseiro,2000,true,,,existia
4321634,Três Arroios,2000,true,,,existia
4321667,Três Cachoeiras,2000,true,,,existia
4321709,Três Coroas,2000,true,,,existia
4321808,Três de Maio,2000,true,,,existia
4321832,Três Forquilhas,2000,true,,,existia
4321857,Três Palmeiras,2000,true,,,existia
4321907,Três Passos,2000,true,,,existia
4321956,Trindade do Sul,2000,true,,,existia
4322004,Triunfo,2000,true,,,existia
4322103,Tucunduva,2000,true,,,existia
4322152,Tunas,2000,true,,,existia
4322186,Tupanci do Sul,2000,true,,,existia
4322202,Tupanciretã,2000,true,,,existia
4322251,Tupandi,2000,true,,,existia
4322301,Tuparendi,2000,true,,,existia
4322327,Turuçu,2000,true,,,existia
4322343,Ubiretama,2000,true,,,existia
4322350,União da Serra,2000,true,,,existia
4322376,Unistalda,2000,true,,,existia
4322400,Uruguaiana,2000,true,,,existia
4322509,Vacaria,2000,true,,,existia
4322525,Vale Verde,2000,true,,,existia
4322533,Vale do Sol,2000,true,,,existia
4322541,Vale Real,2000,true,,,existia
4322558,Vanini,2000,true,,,existia
4322608,Venâncio Aires,2000,true,,,existia
4322707,Vera Cruz,2000,true,,,existia
4322806,Veranópolis,2000,true,,,existia
4322855,Vespasiano Corrêa,2000,true,,,existia
4322905,Viadutos,2000,true,,,existia
4323002,Viamão,2000,true,,,existia
4323101,Vicente Dutra,2000,true,,,existia
4323200,Victor Graeff,2000,true,,,existia
4323309,Vila Flores,2000,true,,,existia
4323358,Vila Lângaro,2000,true,,,existia
4323408,Vila Maria,2000,true,,,existia
4323457,Vila Nova do Sul,2000,true,,,existia
4323507,Vista Alegre,2000,true,,,existia
4323606,Vista Alegre do Prata,2000,true,,,existia
4323705,Vista Gaúcha,2000,true,,,existia
4323754,Vitória das Missões,2000,true,,,existia
4323804,Xangri-lá,2000,true,,,existia
5000203,Água Clara,2000,true,,,existia
5000252,Alcinópolis,2000,true,,,existia
5000609,Amambai,2000,true,,,existia
5000708,Anastácio,2000,true,,,existia
5000807,Anaurilândia,2000,true,,,existia
5000856,Angélica,2000,true,,,existia
5000906,Antônio João,2000,true,,,existia
5001003,Aparecida do Taboado,2000,true,,,existia
5001102,Aquidauana,2000,true,,,existia
5001243,Aral Moreira,2000,true,,,existia
5001508,Bandeirantes,2000,true,,,existia
5001904,Bataguassu,2000,true,,,existia
5002001,Batayporã,2000,true,,,existia
5002100,Bela Vista,2000,true,,,existia
5002159,Bodoquena,2000,true,,,existia
5002209,Bonito,2000,true,,,existia
5002308,Brasilândia,2000,true,,,existia
5002407,Caarapó,2000,true,,,existia
5002605,Camapuã,2000,true,,,existia
5002704,Campo Grande,2000,true,,,existia
5002803,Caracol,2000,true,,,existia
5002902,Cassilândia,2000,true,,,existia
5002951,Chapadão do Sul,2000,true,,,existia
5003108,Corguinho,2000,true,,,existia
5003157,Coronel Sapucaia,2000,true,,,existia
5003207,Corumbá,2000,true,,,existia
5003256,Costa Rica,2000,true,,,existia
5003306,Coxim,2000,true,,,existia
5003454,Deodápolis,2000,true,,,existia
5003488,Dois Irmãos do Buriti,2000,true,,,existia
5003504,Douradina,2000,true,,,existia
5003702,Dourados,2000,true,,,existia
5003751,Eldorado,2000,true,,,existia
5003801,Fátima do Sul,2000,true,,,existia
5004007,Glória de Dourados,2000,true,,,existia
5004106,Guia Lopes da Laguna,2000,true,,,existia
5004304,Iguatemi,2000,true,,,existia
5004403,Inocência,2000,true,,,existia
5004502,Itaporã,2000,true,,,existia
5004601,Itaquiraí,2000,true,,,existia
5004700,Ivinhema,2000,true,,,existia
5004809,Japorã,2000,true,,,existia
5004908,Jaraguari,2000,true,,,existia
5005004,Jardim,2000,true,,,existia
5005103,Jateí,2000,true,,,existia
5005152,Juti,2000,true,,,existia
5005202,Ladário,2000,true,,,existia
5005251,Laguna Carapã,2000,true,,,existia
5005400,Maracaju,2000,true,,,existia
5005608,Miranda,2000,true,,,existia
5005681,Mundo Novo,2000,true,,,existia
5005707,Naviraí,2000,true,,,existia
5005806,Nioaque,2000,true,,,existia
5006002,Nova Alvorada do Sul,2000,true,,,existia
5006200,Nova Andradina,2000,true,,,existia
5006259,Novo Horizonte do Sul,2000,true,,,existia
5006309,Paranaíba,2000,true,,,existia
5006358,Paranhos,2000,true,,,existia
5006408,Pedro Gomes,2000,true,,,existia
5006606,Ponta Porã,2000,true,,,existia
5006903,Porto Murtinho,2000,true,,,existia
5007109,Ribas do Rio Pardo,2000,true,,,existia
5007208,Rio Brilhante,2000,true,,,existia
5007307,Rio Negro,2000,true,,,existia
5007406,Rio Verde de Mato Grosso,2000,true,,,existia
5007505,Rochedo,2000,true,,,existia
5007554,Santa Rita do Pardo,2000,true,,,existia
5007695,São Gabriel do Oeste,2000,true,,,existia
5007703,Sete Quedas,2000,true,,,existia
5007802,Selvíria,2000,true,,,existia
5007901,Sidrolândia,2000,true,,,existia
5007935,Sonora,2000,true,,,existia
5007950,Tacuru,2000,true,,,existia
5007976,Taquarussu,2000,true,,,existia
5008008,Terenos,2000,true,,,existia
5008305,Três Lagoas,2000,true,,,existia
5008404,Vicentina,2000,true,,,existia
5100102,Acorizal,2000,true,,,existia
5100201,Água Boa,2000,true,,,existia
5100250,Alta Floresta,2000,true,,,existia
5100300,Alto Araguaia,2000,true,,,existia
5100359,Alto Boa Vista,2000,true,,,existia
5100409,Alto Garças,2000,true,,,existia
5100508,Alto Paraguai,2000,true,,,existia
5100607,Alto Taquari,2000,true,,,existia
5100805,Apiacás,2000,true,,,existia
5101001,Araguaiana,2000,true,,,existia
5101209,Araguainha,2000,true,,,existia
5101258,Araputanga,2000,true,,,existia
5101308,Arenápolis,2000,true,,,existia
5101407,Aripuanã,2000,true,,,existia
5101605,Barão de Melgaço,2000,true,,,existia
5101704,Barra do Bugres,2000,true,,,existia
5101803,Barra do Garças,2000,true,,,existia
5101902,Brasnorte,2000,true,,,existia
5102504,Cáceres,2000,true,,,existia
5102603,Campinápolis,2000,true,,,existia
5102637,Campo Novo do Parecis,2000,true,,,existia
5102678,Campo Verde,2000,true,,,existia
5102686,Campos de Júlio,2000,true,,,existia
5102694,Canabrava do Norte,2000,true,,,existia
5102702,Canarana,2000,true,,,existia
5102793,Carlinda,2000,true,,,existia
5102850,Castanheira,2000,true,,,existia
5103007,Chapada dos Guimarães,2000,true,,,existia
5103056,Cláudia,2000,true,,,existia
5103106,Cocalinho,2000,true,,,existia
5103205,Colíder,2000,true,,,existia
5103304,Comodoro,2000,true,,,existia
5103353,Confresa,2000,true,,,existia
5103379,Cotriguaçu,2000,true,,,existia
5103403,Cuiabá,2000,true,,,existia
5103452,Denise,2000,true,,,existia
5103502,Diamantino,2000,true,,,existia
5103601,Dom Aquino,2000,true,,,existia
5103700,Feliz Natal,2000,true,,,existia
5103809,Figueirópolis D'Oeste,2000,true,,,existia
5103858,Gaúcha do Norte,2000,true,,,existia
5103908,General Carneiro,2000,true,,,existia
5103957,Glória D'Oeste,2000,true,,,existia
5104104,Guarantã do Norte,2000,true,,,existia
5104203,Guiratinga,2000,true,,,existia
5104500,Indiavaí,2000,true,,,existia
5104559,Itaúba,2000,true,,,existia
5104609,Itiquira,2000,true,,,existia
5104807,Jaciara,2000,true,,,existia
5104906,Jangada,2000,true,,,existia
5105002,Jauru,2000,true,,,existia
5105101,Juara,2000,true,,,existia
5105150,Juína,2000,true,,,existia
5105176,Juruena,2000,true,,,existia
5105200,Juscimeira,2000,true,,,existia
5105234,Lambari D'Oeste,2000,true,,,existia
5105259,Lucas do Rio Verde,2000,true,,,existia
5105309,Luciara,2000,true,,,existia
5105507,Vila Bela da Santíssima Trindade,2000,true,,,existia
5105580,Marcelândia,2000,true,,,existia
5105606,Matupá,2000,true,,,existia
5105622,Mirassol d'Oeste,2000,true,,,existia
5105903,Nobres,2000,true,,,existia
5106000,Nortelândia,2000,true,,,existia
5106109,Nossa Senhora do Livramento,2000,true,,,existia
5106158,Nova Bandeirantes,2000,true,,,existia
5106182,Nova Lacerda,2000,true,,,existia
5106208,Nova Brasilândia,2000,true,,,existia
5106216,Nova Canaã do Norte,2000,true,,,existia
5106224,Nova Mutum,2000,true,,,existia
5106232,Nova Olímpia,2000,true,,,existia
5106240,Nova Ubiratã,2000,true,,,existia
5106257,Nova Xavantina,2000,true,,,existia
5106265,Novo Mundo,2000,true,,,existia
5106273,Novo Horizonte do Norte,2000,true,,,existia
5106281,Novo São Joaquim,2000,true,,,existia
5106299,Paranaíta,2000,true,,,existia
5106307,Paranatinga,2000,true,,,existia
5106372,Pedra Preta,2000,true,,,existia
5106422,Peixoto de Azevedo,2000,true,,,existia
5106455,Planalto da Serra,2000,true,,,existia
5106505,Poconé,2000,true,,,existia
5106653,Pontal do Araguaia,2000,true,,,existia
5106703,Ponte Branca,2000,true,,,existia
5106752,Pontes e Lacerda,2000,true,,,existia
5106778,Porto Alegre do Norte,2000,true,,,existia
5106802,Porto dos Gaúchos,2000,true,,,existia
5106828,Porto Esperidião,2000,true,,,existia
5106851,Porto Estrela,2000,true,,,existia
5107008,Poxoréu,2000,true,,,existia
5107040,Primavera do Leste,2000,true,,,existia
5107065,Querência,2000,true,,,existia
5107107,São José dos Quatro Marcos,2000,true,,,existia
5107156,Reserva do Cabaçal,2000,true,,,existia
5107180,Ribeirão Cascalheira,2000,true,,,existia
5107198,Ribeirãozinho,2000,true,,,existia
5107206,Rio Branco,2000,true,,,existia
5107248,Santa Carmem,2000,true,,,existia
5107263,Santo Afonso,2000,true,,,existia
5107297,São José do Povo,2000,true,,,existia
5107305,São José do Rio Claro,2000,true,,,existia
5107354,São José do Xingu,2000,true,,,existia
5107404,São Pedro da Cipa,2000,true,,,existia
5107602,Rondonópolis,2000,true,,,existia
5107701,Rosário Oeste,2000,true,,,existia
5107750,Salto do Céu,2000,true,,,existia
5107776,Santa Terezinha,2000,true,,,existia
5107800,Santo Antônio de Leverger,2000,true,,,existia
5107859,São Félix do Araguaia,2000,true,,,existia
5107875,Sapezal,2000,true,,,existia
5107909,Sinop,2000,true,,,existia
5107925,Sorriso,2000,true,,,existia
5107941,Tabaporã,2000,true,,,existia
5107958,Tangará da Serra,2000,true,,,existia
5108006,Tapurah,2000,true,,,existia
5108055,Terra Nova do Norte,2000,true,,,existia
5108105,Tesouro,2000,true,,,existia
5108204,Torixoréu,2000,true,,,existia
5108303,União do Sul,2000,true,,,existia
5108402,Várzea Grande,2000,true,,,existia
5108501,Vera,2000,true,,,existia
5108600,Vila Rica,2000,true,,,existia
5108808,Nova Guarita,2000,true,,,existia
5108857,Nova Marilândia,2000,true,,,existia
5108907,Nova Maringá,2000,true,,,existia
5108956,Nova Monte Verde,2000,true,,,existia
5200050,Abadia de Goiás,2000,true,,,existia
5200100,Abadiânia,2000,true,,,existia
5200134,Acreúna,2000,true,,,existia
5200159,Adelândia,2000,true,,,existia
5200175,Água Fria de Goiás,2000,true,,,existia
5200209,Água Limpa,2000,true,,,existia
5200258,Águas Lindas de Goiás,2000,true,,,existia
5200308,Alexânia,2000,true,,,existia
5200506,Aloândia,2000,true,,,existia
5200555,Alto Horizonte,2000,true,,,existia
5200605,Alto Paraíso de Goiás,2000,true,,,existia
5200803,Alvorada do Norte,2000,true,,,existia
5200829,Amaralina,2000,true,,,existia
5200852,Americano do Brasil,2000,true,,,existia
5200902,Amorinópolis,2000,true,,,existia
5201108,Anápolis,2000,true,,,existia
5201207,Anhanguera,2000,true,,,existia
5201306,Anicuns,2000,true,,,existia
5201405,Aparecida de Goiânia,2000,true,,,existia
5201454,Aparecida do Rio Doce,2000,true,,,existia
5201504,Aporé,2000,true,,,existia
5201603,Araçu,2000,true,,,existia
5201702,Aragarças,2000,true,,,existia
5201801,Aragoiânia,2000,true,,,existia
5202155,Araguapaz,2000,true,,,existia
5202353,Arenópolis,2000,true,,,existia
5202502,Aruanã,2000,true,,,existia
5202601,Aurilândia,2000,true,,,existia
5202809,Avelinópolis,2000,true,,,existia
5203104,Baliza,2000,true,,,existia
5203203,Barro Alto,2000,true,,,existia
5203302,Bela Vista de Goiás,2000,true,,,existia
5203401,Bom Jardim de Goiás,2000,true,,,existia
5203500,Bom Jesus de Goiás,2000,true,,,existia
5203559,Bonfinópolis,2000,true,,,existia
5203575,Bonópolis,2000,true,,,existia
5203609,Brazabrantes,2000,true,,,existia
5203807,Britânia,2000,true,,,existia
5203906,Buriti Alegre,2000,true,,,existia
5203939,Buriti de Goiás,2000,true,,,existia
5203962,Buritinópolis,2000,true,,,existia
5204003,Cabeceiras,2000,true,,,existia
5204102,Cachoeira Alta,2000,true,,,existia
5204201,Cachoeira de Goiás,2000,true,,,existia
5204250,Cachoeira Dourada,2000,true,,,existia
5204300,Caçu,2000,true,,,existia
5204409,Caiapônia,2000,true,,,existia
5204508,Caldas Novas,2000,true,,,existia
5204557,Caldazinha,2000,true,,,existia
5204607,Campestre de Goiás,2000,true,,,existia
5204656,Campinaçu,2000,true,,,existia
5204706,Campinorte,2000,true,,,existia
5204805,Campo Alegre de Goiás,2000,true,,,existia
5204904,Campos Belos,2000,true,,,existia
5204953,Campos Verdes,2000,true,,,existia
5205000,Carmo do Rio Verde,2000,true,,,existia
5205059,Castelândia,2000,true,,,existia
5205109,Catalão,2000,true,,,existia
5205208,Caturaí,2000,true,,,existia
5205307,Cavalcante,2000,true,,,existia
5205406,Ceres,2000,true,,,existia
5205455,Cezarina,2000,true,,,existia
5205471,Chapadão do Céu,2000,true,,,existia
5205497,Cidade Ocidental,2000,true,,,existia
5205513,Cocalzinho de Goiás,2000,true,,,existia
5205521,Colinas do Sul,2000,true,,,existia
5205703,Córrego do Ouro,2000,true,,,existia
5205802,Corumbá de Goiás,2000,true,,,existia
5205901,Corumbaíba,2000,true,,,existia
5206206,Cristalina,2000,true,,,existia
5206305,Cristianópolis,2000,true,,,existia
5206404,Crixás,2000,true,,,existia
5206503,Cromínia,2000,true,,,existia
5206602,Cumari,2000,true,,,existia
5206701,Damianópolis,2000,true,,,existia
5206800,Damolândia,2000,true,,,existia
5206909,Davinópolis,2000,true,,,existia
5207105,Diorama,2000,true,,,existia
5207253,Doverlândia,2000,true,,,existia
5207352,Edealina,2000,true,,,existia
5207402,Edéia,2000,true,,,existia
5207501,Estrela do Norte,2000,true,,,existia
5207535,Faina,2000,true,,,existia
5207600,Fazenda Nova,2000,true,,,existia
5207808,Firminópolis,2000,true,,,existia
5207907,Flores de Goiás,2000,true,,,existia
5208004,Formosa,2000,true,,,existia
5208103,Formoso,2000,true,,,existia
5208301,Divinópolis de Goiás,2000,true,,,existia
5208400,Goianápolis,2000,true,,,existia
5208509,Goiandira,2000,true,,,existia
5208608,Goianésia,2000,true,,,existia
5208707,Goiânia,2000,true,,,existia
5208806,Goianira,2000,true,,,existia
5208905,Goiás,2000,true,,,existia
5209101,Goiatuba,2000,true,,,existia
5209150,Gouvelândia,2000,true,,,existia
5209200,Guapó,2000,true,,,existia
5209291,Guaraíta,2000,true,,,existia
5209408,Guarani de Goiás,2000,true,,,existia
5209457,Guarinos,2000,true,,,existia
5209606,Heitoraí,2000,true,,,existia
5209705,Hidrolândia,2000,true,,,existia
5209804,Hidrolina,2000,true,,,existia
5209903,Iaciara,2000,true,,,existia
5209937,Inaciolândia,2000,true,,,existia
5209952,Indiara,2000,true,,,existia
5210000,Inhumas,2000,true,,,existia
5210109,Ipameri,2000,true,,,existia
5210208,Iporá,2000,true,,,existia
5210307,Israelândia,2000,true,,,existia
5210406,Itaberaí,2000,true,,,existia
5210562,Itaguari,2000,true,,,existia
5210604,Itaguaru,2000,true,,,existia
5210802,Itajá,2000,true,,,existia
5210901,Itapaci,2000,true,,,existia
5211008,Itapirapuã,2000,true,,,existia
5211206,Itapuranga,2000,true,,,existia
5211305,Itarumã,2000,true,,,existia
5211404,Itauçu,2000,true,,,existia
5211503,Itumbiara,2000,true,,,existia
5211602,Ivolândia,2000,true,,,existia
5211701,Jandaia,2000,true,,,existia
5211800,Jaraguá,2000,true,,,existia
5211909,Jataí,2000,true,,,existia
5212006,Jaupaci,2000,true,,,existia
5212055,Jesúpolis,2000,true,,,existia
5212105,Joviânia,2000,true,,,existia
5212204,Jussara,2000,true,,,existia
5212303,Leopoldo de Bulhões,2000,true,,,existia
5212501,Luziânia,2000,true,,,existia
5212600,Mairipotaba,2000,true,,,existia
5212709,Mambaí,2000,true,,,existia
5212808,Mara Rosa,2000,true,,,existia
5212907,Marzagão,2000,true,,,existia
5212956,Matrinchã,2000,true,,,existia
5213004,Maurilândia,2000,true,,,existia
5213053,Mimoso de Goiás,2000,true,,,existia
5213087,Minaçu,2000,true,,,existia
5213103,Mineiros,2000,true,,,existia
5213400,Moiporá,2000,true,,,existia
5213509,Monte Alegre de Goiás,2000,true,,,existia
5213707,Montes Claros de Goiás,2000,true,,,existia
5213756,Montividiu,2000,true,,,existia
5213772,Montividiu do Norte,2000,true,,,existia
5213806,Morrinhos,2000,true,,,existia
5213855,Morro Agudo de Goiás,2000,true,,,existia
5213905,Mossâmedes,2000,true,,,existia
5214002,Mozarlândia,2000,true,,,existia
5214051,Mundo Novo,2000,true,,,existia
5214101,Mutunópolis,2000,true,,,existia
5214408,Nazário,2000,true,,,existia
5214507,Nerópolis,2000,true,,,existia
5214606,Niquelândia,2000,true,,,existia
5214705,Nova América,2000,true,,,existia
5214804,Nova Aurora,2000,true,,,existia
5214838,Nova Crixás,2000,true,,,existia
5214861,Nova Glória,2000,true,,,existia
5214879,Nova Iguaçu de Goiás,2000,true,,,existia
5214903,Nova Roma,2000,true,,,existia
5215009,Nova Veneza,2000,true,,,existia
5215207,Novo Brasil,2000,true,,,existia
5215231,Novo Gama,2000,true,,,existia
5215256,Novo Planalto,2000,true,,,existia
5215306,Orizona,2000,true,,,existia
5215405,Ouro Verde de Goiás,2000,true,,,existia
5215504,Ouvidor,2000,true,,,existia
5215603,Padre Bernardo,2000,true,,,existia
5215652,Palestina de Goiás,2000,true,,,existia
5215702,Palmeiras de Goiás,2000,true,,,existia
5215801,Palmelo,2000,true,,,existia
5215900,Palminópolis,2000,true,,,existia
5216007,Panamá,2000,true,,,existia
5216304,Paranaiguara,2000,true,,,existia
5216403,Paraúna,2000,true,,,existia
5216452,Perolândia,2000,true,,,existia
5216809,Petrolina de Goiás,2000,true,,,existia
5216908,Pilar de Goiás,2000,true,,,existia
5217104,Piracanjuba,2000,true,,,existia
5217203,Piranhas,2000,true,,,existia
5217302,Pirenópolis,2000,true,,,existia
5217401,Pires do Rio,2000,true,,,existia
5217609,Planaltina,2000,true,,,existia
5217708,Pontalina,2000,true,,,existia
5218003,Porangatu,2000,true,,,existia
5218052,Porteirão,2000,true,,,existia
5218102,Portelândia,2000,true,,,existia
5218300,Posse,2000,true,,,existia
5218391,Professor Jamil,2000,true,,,existia
5218508,Quirinópolis,2000,true,,,existia
5218607,Rialma,2000,true,,,existia
5218706,Rianápolis,2000,true,,,existia
5218789,Rio Quente,2000,true,,,existia
5218805,Rio Verde,2000,true,,,existia
5218904,Rubiataba,2000,true,,,existia
5219001,Sanclerlândia,2000,true,,,existia
5219100,Santa Bárbara de Goiás,2000,true,,,existia
5219209,Santa Cruz de Goiás,2000,true,,,existia
5219258,Santa Fé de Goiás,2000,true,,,existia
5219308,Santa Helena de Goiás,2000,true,,,existia
5219357,Santa Isabel,2000,true,,,existia
5219407,Santa Rita do Araguaia,2000,true,,,existia
5219456,Santa Rita do Novo Destino,2000,true,,,existia
5219506,Santa Rosa de Goiás,2000,true,,,existia
5219605,Santa Tereza de Goiás,2000,true,,,existia
5219704,Santa Terezinha de Goiás,2000,true,,,existia
5219712,Santo Antônio da Barra,2000,true,,,existia
5219738,Santo Antônio de Goiás,2000,true,,,existia
5219753,Santo Antônio do Descoberto,2000,true,,,existia
5219803,São Domingos,2000,true,,,existia
5219902,São Francisco de Goiás,2000,true,,,existia
5220009,São João d'Aliança,2000,true,,,existia
5220058,São João da Paraúna,2000,true,,,existia
5220108,São Luís de Montes Belos,2000,true,,,existia
5220157,São Luiz do Norte,2000,true,,,existia
5220207,São Miguel do Araguaia,2000,true,,,existia
5220264,São Miguel do Passa Quatro,2000,true,,,existia
5220280,São Patrício,2000,true,,,existia
5220405,São Simão,2000,true,,,existia
5220454,Senador Canedo,2000,true,,,existia
5220504,Serranópolis,2000,true,,,existia
5220603,Silvânia,2000,true,,,existia
5220686,Simolândia,2000,true,,,existia
5220702,Sítio d'Abadia,2000,true,,,existia
5221007,Taquaral de Goiás,2000,true,,,existia
5221080,Teresina de Goiás,2000,true,,,existia
5221197,Terezópolis de Goiás,2000,true,,,existia
5221304,Três Ranchos,2000,true,,,existia
5221403,Trindade,2000,true,,,existia
5221452,Trombas,2000,true,,,existia
5221502,Turvânia,2000,true,,,existia
5221551,Turvelândia,2000,true,,,existia
5221577,Uirapuru,2000,true,,,existia
5221601,Uruaçu,2000,true,,,existia
5221700,Uruana,2000,true,,,existia
5221809,Urutaí,2000,true,,,existia
5221858,Valparaíso de Goiás,2000,true,,,existia
5221908,Varjão,2000,true,,,existia
5222005,Vianópolis,2000,true,,,existia
5222054,Vicentinópolis,2000,true,,,existia
5222203,Vila Boa,2000,true,,,existia
5222302,Vila Propício,2000,true,,,existia
5300108,Brasília,2000,true,,,existia
2703759,Jequiá da Praia,2000,false,2708600,São Miguel dos Campos,multiplos_pais
2919553,Luís Eduardo Magalhães,2000,false,2903201,Barreiras,unico_pai
2903276,Barrocas,2000,false,2930501,Serrinha,unico_pai
3202256,Governador Lindenberg,2000,false,3201506,Colatina,unico_pai
5212253,Lagoa Santa,2000,false,5210802,Itajá,unico_pai
5210158,Ipiranga de Goiás,2000,false,5205406,Ceres,unico_pai
5204854,Campo Limpo de Goiás,2000,false,5201108,Anápolis,unico_pai
5208152,Gameleira de Goiás,2000,false,5220603,Silvânia,unico_pai
5003900,Figueirão,2000,false,5002605,Camapuã,unico_pai
5006275,Paraíso das Águas,2000,false,5000203,Água Clara,multiplos_pais
5107578,Rondolândia,2000,false,5101407,Aripuanã,unico_pai
5103254,Colniza,2000,false,5101407,Aripuanã,unico_pai
5103361,Conquista D'Oeste,2000,false,5106752,Pontes e Lacerda,unico_pai
5108352,Vale de São Domingos,2000,false,5106752,Pontes e Lacerda,unico_pai
5103437,Curvelândia,2000,false,5102504,Cáceres,multiplos_pais
5104542,Itanhangá,2000,false,5108006,Tapurah,unico_pai
5104526,Ipiranga do Norte,2000,false,5108006,Tapurah,unico_pai
5107768,Santa Rita do Trivelato,2000,false,5106224,Nova Mutum,multiplos_pais
5106190,Nova Santa Helena,2000,false,5104559,Itaúba,multiplos_pais
5107792,Santo Antônio do Leste,2000,false,5106281,Novo São Joaquim,unico_pai
5107743,Santa Cruz do Xingu,2000,false,5107354,São José do Xingu,unico_pai
5106174,Nova Nazaré,2000,false,5100201,Água Boa,unico_pai
5107883,Serra Nova Dourada,2000,false,5100359,Alto Boa Vista,multiplos_pais
5101852,Bom Jesus do Araguaia,2000,false,5100359,Alto Boa Vista,multiplos_pais
5106315,Novo Santo Antônio,2000,false,5103106,Cocalinho,multiplos_pais
1504752,Mojuí dos Campos,2000,false,1506807,Santarém,unico_pai
2206720,Nazária,2000,false,2211001,Teresina,unico_pai
2207793,Pau D'Arco do Piauí,2000,false,2200400,Altos,unico_pai
2200954,Aroeiras do Itaim,2000,false,2208007,Picos,multiplos_pais
3302858,Mesquita,2000,false,3303500,Nova Iguaçu,unico_pai
2406155,Jundiá,2000,false,2414704,Várzea,multiplos_pais
4315958,Rolador,2000,false,4318903,São Luiz Gonzaga,unico_pai
4304655,Capão do Cipó,2000,false,4317400,Santiago,multiplos_pais
4316972,Santa Margarida do Sul,2000,false,4318309,São Gabriel,unico_pai
4312179,Mato Queimado,2000,false,4303301,Caibaté,unico_pai
4300034,Aceguá,2000,false,4301602,Bagé,unico_pai
4302584,Bozano,2000,false,4310207,Ijuí,unico_pai
4302220,Boa Vista do Cadeado,2000,false,4306106,Cruz Alta,multiplos_pais
4302238,Boa Vista do Incra,2000,false,4306106,Cruz Alta,multiplos_pais
4314175,Pedras Altas,2000,false,4307104,Herval,multiplos_pais
4319364,São Pedro das Missões,2000,false,4313706,Palmeira das Missões,unico_pai
4310876,Jacuizinho,2000,false,4316451,Salto do Jacuí,multiplos_pais
4311239,Lagoa Bonita do Sul,2000,false,4320701,Sobradinho,unico_pai
4300471,Almirante Tamandaré do Sul,2000,false,4304705,Carazinho,unico_pai
4313466,Novo Xingu,2000,false,4305801,Constantina,unico_pai
4306130,Cruzaltense,2000,false,4303806,Campinas do Sul,unico_pai
4321469,Tio Hugo,2000,false,4309951,Ibirapuitã,multiplos_pais
4301073,Arroio do Padre,2000,false,4314407,Pelotas,unico_pai
4315313,Quatro Irmãos,2000,false,4307005,Erechim,multiplos_pais
4314134,Paulo Bento,2000,false,4307005,Erechim,multiplos_pais
4304614,Canudos do Vale,2000,false,4311403,Lajeado,multiplos_pais
4308433,Forquetinha,2000,false,4311403,Lajeado,unico_pai
4305835,Coqueiro Baixo,2000,false,4313003,Nova Bréscia,unico_pai
4316733,Santa Cecília do Sul,2000,false,4320909,Tapejara,multiplos_pais
4323770,Westfália,2000,false,4321451,Teutônia,multiplos_pais
4305934,Coronel Pilar,2000,false,4308607,Garibaldi,unico_pai
4304622,Capão Bonito do Sul,2000,false,4311304,Lagoa Vermelha,unico_pai
4314548,Pinto Bandeira,2000,false,4302105,Bento Gonçalves,unico_pai
4318614,São José do Sul,2000,false,4316501,Salvador do Sul,multiplos_pais
4314464,Pinhal da Serra,2000,false,4307401,Esmeralda,unico_pai
4310652,Itati,2000,false,4321436,Terra de Areia,unico_pai
4220000,Balneário Rincão,2000,false,4207007,Içara,unico_pai
4212650,Pescaria Brava,2000,false,4209409,Laguna,unico_pai
1100015,Alta Floresta D'Oeste,1991,true,,,existia
1100023,Ariquemes,1991,true,,,existia
1100031,Cabixi,1991,true,,,existia
1100049,Cacoal,1991,true,,,existia
1100056,Cerejeiras,1991,true,,,existia
1100064,Colorado do Oeste,1991,true,,,existia
1100080,Costa Marques,1991,true,,,existia
1100098,Espigão D'Oeste,1991,true,,,existia
1100106,Guajará-Mirim,1991,true,,,existia
1100114,Jaru,1991,true,,,existia
1100122,Ji-Paraná,1991,true,,,existia
1100130,Machadinho D'Oeste,1991,true,,,existia
1100148,Nova Brasilândia D'Oeste,1991,true,,,existia
1100155,Ouro Preto do Oeste,1991,true,,,existia
1100189,Pimenta Bueno,1991,true,,,existia
1100205,Porto Velho,1991,true,,,existia
1100254,Presidente Médici,1991,true,,,existia
1100288,Rolim de Moura,1991,true,,,existia
1100296,Santa Luzia D'Oeste,1991,true,,,existia
1100304,Vilhena,1991,true,,,existia
1100320,São Miguel do Guaporé,1991,true,,,existia
1100338,Nova Mamoré,1991,true,,,existia
1100346,Alvorada D'Oeste,1991,true,,,existia
1200054,Assis Brasil,1991,true,,,existia
1200104,Brasiléia,1991,true,,,existia
1200203,Cruzeiro do Sul,1991,true,,,existia
1200302,Feijó,1991,true,,,existia
1200336,Mâncio Lima,1991,true,,,existia
1200344,Manoel Urbano,1991,true,,,existia
1200385,Plácido de Castro,1991,true,,,existia
1200401,Rio Branco,1991,true,,,existia
1200450,Senador Guiomard,1991,true,,,existia
1200500,Sena Madureira,1991,true,,,existia
1200609,Tarauacá,1991,true,,,existia
1200708,Xapuri,1991,true,,,existia
1300029,Alvarães,1991,true,,,existia
1300060,Amaturá,1991,true,,,existia
1300086,Anamã,1991,true,,,existia
1300102,Anori,1991,true,,,existia
1300144,Apuí,1991,true,,,existia
1300201,Atalaia do Norte,1991,true,,,existia
1300300,Autazes,1991,true,,,existia
1300409,Barcelos,1991,true,,,existia
1300508,Barreirinha,1991,true,,,existia
1300607,Benjamin Constant,1991,true,,,existia
1300631,Beruri,1991,true,,,existia
1300680,Boa Vista do Ramos,1991,true,,,existia
1300706,Boca do Acre,1991,true,,,existia
1300805,Borba,1991,true,,,existia
1300839,Caapiranga,1991,true,,,existia
1300904,Canutama,1991,true,,,existia
1301001,Carauari,1991,true,,,existia
1301100,Careiro,1991,true,,,existia
1301159,Careiro da Várzea,1991,true,,,existia
1301209,Coari,1991,true,,,existia
1301308,Codajás,1991,true,,,existia
1301407,Eirunepé,1991,true,,,existia
1301506,Envira,1991,true,,,existia
1301605,Fonte Boa,1991,true,,,existia
1301654,Guajará,1991,true,,,existia
1301704,Humaitá,1991,true,,,existia
1301803,Ipixuna,1991,true,,,existia
1301852,Iranduba,1991,true,,,existia
1301902,Itacoatiara,1991,true,,,existia
1301951,Itamarati,1991,true,,,existia
1302009,Itapiranga,1991,true,,,existia
1302108,Japurá,1991,true,,,existia
1302207,Juruá,1991,true,,,existia
1302306,Jutaí,1991,true,,,existia
1302405,Lábrea,1991,true,,,existia
1302504,Manacapuru,1991,true,,,existia
1302553,Manaquiri,1991,true,,,existia
1302603,Manaus,1991,true,,,existia
1302702,Manicoré,1991,true,,,existia
1302801,Maraã,1991,true,,,existia
1302900,Maués,1991,true,,,existia
1303007,Nhamundá,1991,true,,,existia
1303106,Nova Olinda do Norte,1991,true,,,existia
1303205,Novo Airão,1991,true,,,existia
1303304,Novo Aripuanã,1991,true,,,existia
1303403,Parintins,1991,true,,,existia
1303502,Pauini,1991,true,,,existia
1303536,Presidente Figueiredo,1991,true,,,existia
1303569,Rio Preto da Eva,1991,true,,,existia
1303601,Santa Isabel do Rio Negro,1991,true,,,existia
1303700,Santo Antônio do Içá,1991,true,,,existia
1303809,São Gabriel da Cachoeira,1991,true,,,existia
1303908,São Paulo de Olivença,1991,true,,,existia
1303957,São Sebastião do Uatumã,1991,true,,,existia
1304005,Silves,1991,true,,,existia
1304062,Tabatinga,1991,true,,,existia
1304104,Tapauá,1991,true,,,existia
1304203,Tefé,1991,true,,,existia
1304237,Tonantins,1991,true,,,existia
1304260,Uarini,1991,true,,,existia
1304302,Urucará,1991,true,,,existia
1304401,Urucurituba,1991,true,,,existia
1400050,Alto Alegre,1991,true,,,existia
1400100,Boa Vista,1991,true,,,existia
1400159,Bonfim,1991,true,,,existia
1400209,Caracaraí,1991,true,,,existia
1400308,Mucajaí,1991,true,,,existia
1400407,Normandia,1991,true,,,existia
1400506,São João da Baliza,1991,true,,,existia
1400605,São Luiz,1991,true,,,existia
1500107,Abaetetuba,1991,true,,,existia
1500206,Acará,1991,true,,,existia
1500305,Afuá,1991,true,,,existia
1500404,Alenquer,1991,true,,,existia
1500503,Almeirim,1991,true,,,existia
1500602,Altamira,1991,true,,,existia
1500701,Anajás,1991,true,,,existia
1500800,Ananindeua,1991,true,,,existia
1500909,Augusto Corrêa,1991,true,,,existia
1501006,Aveiro,1991,true,,,existia
1501105,Bagre,1991,true,,,existia
1501204,Baião,1991,true,,,existia
1501303,Barcarena,1991,true,,,existia
1501402,Belém,1991,true,,,existia
1501501,Benevides,1991,true,,,existia
1501576,Bom Jesus do Tocantins,1991,true,,,existia
1501600,Bonito,1991,true,,,existia
1501709,Bragança,1991,true,,,existia
1501758,Brejo Grande do Araguaia,1991,true,,,existia
1501808,Breves,1991,true,,,existia
1501907,Bujaru,1991,true,,,existia
1502004,Cachoeira do Arari,1991,true,,,existia
1502103,Cametá,1991,true,,,existia
1502202,Capanema,1991,true,,,existia
1502301,Capitão Poço,1991,true,,,existia
1502400,Castanhal,1991,true,,,existia
1502509,Chaves,1991,true,,,existia
1502608,Colares,1991,true,,,existia
1502707,Conceição do Araguaia,1991,true,,,existia
1502756,Concórdia do Pará,1991,true,,,existia
1502772,Curionópolis,1991,true,,,existia
1502806,Curralinho,1991,true,,,existia
1502905,Curuçá,1991,true,,,existia
1502939,Dom Eliseu,1991,true,,,existia
1503002,Faro,1991,true,,,existia
1503077,Garrafão do Norte,1991,true,,,existia
1503101,Gurupá,1991,true,,,existia
1503200,Igarapé-Açu,1991,true,,,existia
1503309,Igarapé-Miri,1991,true,,,existia
1503408,Inhangapi,1991,true,,,existia
1503507,Irituia,1991,true,,,existia
1503606,Itaituba,1991,true,,,existia
1503705,Itupiranga,1991,true,,,existia
1503804,Jacundá,1991,true,,,existia
1503903,Juruti,1991,true,,,existia
1504000,Limoeiro do Ajuru,1991,true,,,existia
1504059,Mãe do Rio,1991,true,,,existia
1504109,Magalhães Barata,1991,true,,,existia
1504208,Marabá,1991,true,,,existia
1504307,Maracanã,1991,true,,,existia
1504406,Marapanim,1991,true,,,existia
1504455,Medicilândia,1991,true,,,existia
1504505,Melgaço,1991,true,,,existia
1504604,Mocajuba,1991,true,,,existia
1504703,Moju,1991,true,,,existia
1504802,Monte Alegre,1991,true,,,existia
1504901,Muaná,1991,true,,,existia
1505007,Nova Timboteua,1991,true,,,existia
1505106,Óbidos,1991,true,,,existia
1505205,Oeiras do Pará,1991,true,,,existia
1505304,Oriximiná,1991,true,,,existia
1505403,Ourém,1991,true,,,existia
1505437,Ourilândia do Norte,1991,true,,,existia
1505486,Pacajá,1991,true,,,existia
1505502,Paragominas,1991,true,,,existia
1505536,Parauapebas,1991,true,,,existia
1505601,Peixe-Boi,1991,true,,,existia
1505700,Ponta de Pedras,1991,true,,,existia
1505809,Portel,1991,true,,,existia
1505908,Porto de Moz,1991,true,,,existia
1506005,Prainha,1991,true,,,existia
1506104,Primavera,1991,true,,,existia
1506138,Redenção,1991,true,,,existia
1506161,Rio Maria,1991,true,,,existia
1506187,Rondon do Pará,1991,true,,,existia
1506195,Rurópolis,1991,true,,,existia
1506203,Salinópolis,1991,true,,,existia
1506302,Salvaterra,1991,true,,,existia
1506401,Santa Cruz do Arari,1991,true,,,existia
1506500,Santa Izabel do Pará,1991,true,,,existia
1506583,Santa Maria das Barreiras,1991,true,,,existia
1506609,Santa Maria do Pará,1991,true,,,existia
1506708,Santana do Araguaia,1991,true,,,existia
1506807,Santarém,1991,true,,,existia
1506906,Santarém Novo,1991,true,,,existia
1507003,Santo Antônio do Tauá,1991,true,,,existia
1507102,São Caetano de Odivelas,1991,true,,,existia
1507201,São Domingos do Capim,1991,true,,,existia
1507300,São Félix do Xingu,1991,true,,,existia
1507409,São Francisco do Pará,1991,true,,,existia
1507458,São Geraldo do Araguaia,1991,true,,,existia
1507474,São João de Pirabas,1991,true,,,existia
1507508,São João do Araguaia,1991,true,,,existia
1507607,São Miguel do Guamá,1991,true,,,existia
1507706,São Sebastião da Boa Vista,1991,true,,,existia
1507805,Senador José Porfírio,1991,true,,,existia
1507904,Soure,1991,true,,,existia
1507953,Tailândia,1991,true,,,existia
1508001,Tomé-Açu,1991,true,,,existia
1508084,Tucumã,1991,true,,,existia
1508100,Tucuruí,1991,true,,,existia
1508159,Uruará,1991,true,,,existia
1508209,Vigia,1991,true,,,existia
1508308,Viseu,1991,true,,,existia
1508407,Xinguara,1991,true,,,existia
1600105,Amapá,1991,true,,,existia
1600204,Calçoene,1991,true,,,existia
1600238,Ferreira Gomes,1991,true,,,existia
1600279,Laranjal do Jari,1991,true,,,existia
1600303,Macapá,1991,true,,,existia
1600402,Mazagão,1991,true,,,existia
1600501,Oiapoque,1991,true,,,existia
1600600,Santana,1991,true,,,existia
1600709,Tartarugalzinho,1991,true,,,existia
1700350,Aliança do Tocantins,1991,true,,,existia
1700400,Almas,1991,true,,,existia
1700707,Alvorada,1991,true,,,existia
1701002,Ananás,1991,true,,,existia
1701101,Aparecida do Rio Negro,1991,true,,,existia
1701903,Araguacema,1991,true,,,existia
1702000,Araguaçu,1991,true,,,existia
1702109,Araguaína,1991,true,,,existia
1702208,Araguatins,1991,true,,,existia
1702307,Arapoema,1991,true,,,existia
1702406,Arraias,1991,true,,,existia
1702554,Augustinópolis,1991,true,,,existia
1702703,Aurora do Tocantins,1991,true,,,existia
1702901,Axixá do Tocantins,1991,true,,,existia
1703008,Babaçulândia,1991,true,,,existia
1703107,Barrolândia,1991,true,,,existia
1703206,Bernardo Sayão,1991,true,,,existia
1703701,Brejinho de Nazaré,1991,true,,,existia
1703800,Buriti do Tocantins,1991,true,,,existia
1703909,Caseara,1991,true,,,existia
1705508,Colinas do Tocantins,1991,true,,,existia
1705557,Combinado,1991,true,,,existia
1705607,Conceição do Tocantins,1991,true,,,existia
1706001,Couto Magalhães,1991,true,,,existia
1706100,Cristalândia,1991,true,,,existia
1707009,Dianópolis,1991,true,,,existia
1707108,Divinópolis do Tocantins,1991,true,,,existia
1707207,Dois Irmãos do Tocantins,1991,true,,,existia
1707306,Dueré,1991,true,,,existia
1707553,Fátima,1991,true,,,existia
1707652,Figueirópolis,1991,true,,,existia
1707702,Filadélfia,1991,true,,,existia
1708205,Formoso do Araguaia,1991,true,,,existia
1708304,Goianorte,1991,true,,,existia
1709005,Goiatins,1991,true,,,existia
1709302,Guaraí,1991,true,,,existia
1709500,Gurupi,1991,true,,,existia
1710508,Itacajá,1991,true,,,existia
1710706,Itaguatins,1991,true,,,existia
1711100,Itaporã do Tocantins,1991,true,,,existia
1712405,Lizarda,1991,true,,,existia
1712504,Marianópolis do Tocantins,1991,true,,,existia
1713205,Miracema do Tocantins,1991,true,,,existia
1713304,Miranorte,1991,true,,,existia
1713601,Monte do Carmo,1991,true,,,existia
1714203,Natividade,1991,true,,,existia
1714302,Nazaré,1991,true,,,existia
1714880,Nova Olinda,1991,true,,,existia
1715002,Nova Rosalândia,1991,true,,,existia
1715101,Novo Acordo,1991,true,,,existia
1715754,Palmeirópolis,1991,true,,,existia
1716109,Paraíso do Tocantins,1991,true,,,existia
1716208,Paranã,1991,true,,,existia
1716505,Pedro Afonso,1991,true,,,existia
1716604,Peixe,1991,true,,,existia
1716653,Pequizeiro,1991,true,,,existia
1716703,Colméia,1991,true,,,existia
1717008,Pindorama do Tocantins,1991,true,,,existia
1717503,Pium,1991,true,,,existia
1717800,Ponte Alta do Bom Jesus,1991,true,,,existia
1717909,Ponte Alta do Tocantins,1991,true,,,existia
1718006,Porto Alegre do Tocantins,1991,true,,,existia
1718204,Porto Nacional,1991,true,,,existia
1718303,Praia Norte,1991,true,,,existia
1718402,Presidente Kennedy,1991,true,,,existia
1718758,Rio Sono,1991,true,,,existia
1718808,Sampaio,1991,true,,,existia
1718907,Santa Rosa do Tocantins,1991,true,,,existia
1719004,Santa Tereza do Tocantins,1991,true,,,existia
1720309,São Sebastião do Tocantins,1991,true,,,existia
1720499,São Valério,1991,true,,,existia
1720655,Silvanópolis,1991,true,,,existia
1720804,Sítio Novo do Tocantins,1991,true,,,existia
1720903,Taguatinga,1991,true,,,existia
1721000,Palmas,1991,true,,,existia
1721109,Tocantínia,1991,true,,,existia
1721208,Tocantinópolis,1991,true,,,existia
1722081,Wanderlândia,1991,true,,,existia
1722107,Xambioá,1991,true,,,existia
2100055,Açailândia,1991,true,,,existia
2100105,Afonso Cunha,1991,true,,,existia
2100204,Alcântara,1991,true,,,existia
2100303,Aldeias Altas,1991,true,,,existia
2100402,Altamira do Maranhão,1991,true,,,existia
2100501,Alto Parnaíba,1991,true,,,existia
2100600,Amarante do Maranhão,1991,true,,,existia
2100709,Anajatuba,1991,true,,,existia
2100808,Anapurus,1991,true,,,existia
2100907,Araioses,1991,true,,,existia
2100956,Arame,1991,true,,,existia
2101004,Arari,1991,true,,,existia
2101103,Axixá,1991,true,,,existia
2101202,Bacabal,1991,true,,,existia
2101301,Bacuri,1991,true,,,existia
2101400,Balsas,1991,true,,,existia
2101509,Barão de Grajaú,1991,true,,,existia
2101608,Barra do Corda,1991,true,,,existia
2101707,Barreirinhas,1991,true,,,existia
2101806,Benedito Leite,1991,true,,,existia
2101905,Bequimão,1991,true,,,existia
2102002,Bom Jardim,1991,true,,,existia
2102101,Brejo,1991,true,,,existia
2102200,Buriti,1991,true,,,existia
2102309,Buriti Bravo,1991,true,,,existia
2102408,Cajapió,1991,true,,,existia
2102507,Cajari,1991,true,,,existia
2102606,Cândido Mendes,1991,true,,,existia
2102705,Cantanhede,1991,true,,,existia
2102804,Carolina,1991,true,,,existia
2102903,Carutapera,1991,true,,,existia
2103000,Caxias,1991,true,,,existia
2103109,Cedral,1991,true,,,existia
2103208,Chapadinha,1991,true,,,existia
2103307,Codó,1991,true,,,existia
2103406,Coelho Neto,1991,true,,,existia
2103505,Colinas,1991,true,,,existia
2103604,Coroatá,1991,true,,,existia
2103703,Cururupu,1991,true,,,existia
2103802,Dom Pedro,1991,true,,,existia
2103901,Duque Bacelar,1991,true,,,existia
2104008,Esperantinópolis,1991,true,,,existia
2104057,Estreito,1991,true,,,existia
2104107,Fortaleza dos Nogueiras,1991,true,,,existia
2104206,Fortuna,1991,true,,,existia
2104305,Godofredo Viana,1991,true,,,existia
2104404,Gonçalves Dias,1991,true,,,existia
2104503,Governador Archer,1991,true,,,existia
2104602,Governador Eugênio Barros,1991,true,,,existia
2104701,Graça Aranha,1991,true,,,existia
2104800,Grajaú,1991,true,,,existia
2104909,Guimarães,1991,true,,,existia
2105005,Humberto de Campos,1991,true,,,existia
2105104,Icatu,1991,true,,,existia
2105203,Igarapé Grande,1991,true,,,existia
2105302,Imperatriz,1991,true,,,existia
2105401,Itapecuru Mirim,1991,true,,,existia
2105500,João Lisboa,1991,true,,,existia
2105609,Joselândia,1991,true,,,existia
2105708,Lago da Pedra,1991,true,,,existia
2105807,Lago do Junco,1991,true,,,existia
2105906,Lago Verde,1991,true,,,existia
2106003,Lima Campos,1991,true,,,existia
2106102,Loreto,1991,true,,,existia
2106201,Luís Domingues,1991,true,,,existia
2106300,Magalhães de Almeida,1991,true,,,existia
2106409,Mata Roma,1991,true,,,existia
2106508,Matinha,1991,true,,,existia
2106607,Matões,1991,true,,,existia
2106706,Mirador,1991,true,,,existia
2106755,Miranda do Norte,1991,true,,,existia
2106805,Mirinzal,1991,true,,,existia
2106904,Monção,1991,true,,,existia
2107001,Montes Altos,1991,true,,,existia
2107100,Morros,1991,true,,,existia
2107209,Nina Rodrigues,1991,true,,,existia
2107308,Nova Iorque,1991,true,,,existia
2107407,Olho d'Água das Cunhãs,1991,true,,,existia
2107506,Paço do Lumiar,1991,true,,,existia
2107605,Palmeirândia,1991,true,,,existia
2107704,Paraibano,1991,true,,,existia
2107803,Parnarama,1991,true,,,existia
2107902,Passagem Franca,1991,true,,,existia
2108009,Pastos Bons,1991,true,,,existia
2108108,Paulo Ramos,1991,true,,,existia
2108207,Pedreiras,1991,true,,,existia
2108306,Penalva,1991,true,,,existia
2108405,Peri Mirim,1991,true,,,existia
2108504,Pindaré-Mirim,1991,true,,,existia
2108603,Pinheiro,1991,true,,,existia
2108702,Pio XII,1991,true,,,existia
2108801,Pirapemas,1991,true,,,existia
2108900,Poção de Pedras,1991,true,,,existia
2109007,Porto Franco,1991,true,,,existia
2109106,Presidente Dutra,1991,true,,,existia
2109205,Presidente Juscelino,1991,true,,,existia
2109304,Presidente Vargas,1991,true,,,existia
2109403,Primeira Cruz,1991,true,,,existia
2109502,Riachão,1991,true,,,existia
2109601,Rosário,1991,true,,,existia
2109700,Sambaíba,1991,true,,,existia
2109809,Santa Helena,1991,true,,,existia
2109908,Santa Inês,1991,true,,,existia
2110005,Santa Luzia,1991,true,,,existia
2110039,Santa Luzia do Paruá,1991,true,,,existia
2110104,Santa Quitéria do Maranhão,1991,true,,,existia
2110203,Santa Rita,1991,true,,,existia
2110302,Santo Antônio dos Lopes,1991,true,,,existia
2110401,São Benedito do Rio Preto,1991,true,,,existia
2110500,São Bento,1991,true,,,existia
2110609,São Bernardo,1991,true,,,existia
2110708,São Domingos do Maranhão,1991,true,,,existia
2110807,São Félix de Balsas,1991,true,,,existia
2110906,São Francisco do Maranhão,1991,true,,,existia
2111003,São João Batista,1991,true,,,existia
2111102,São João dos Patos,1991,true,,,existia
2111201,São José de Ribamar,1991,true,,,existia
2111300,São Luís,1991,true,,,existia
2111409,São Luís Gonzaga do Maranhão,1991,true,,,existia
2111508,São Mateus do Maranhão,1991,true,,,existia
2111607,São Raimundo das Mangabeiras,1991,true,,,existia
2111706,São Vicente Ferrer,1991,true,,,existia
2111805,Sítio Novo,1991,true,,,existia
2111904,Sucupira do Norte,1991,true,,,existia
2112001,Tasso Fragoso,1991,true,,,existia
2112100,Timbiras,1991,true,,,existia
2112209,Timon,1991,true,,,existia
2112308,Tuntum,1991,true,,,existia
2112407,Turiaçu,1991,true,,,existia
2112506,Tutóia,1991,true,,,existia
2112605,Urbano Santos,1991,true,,,existia
2112704,Vargem Grande,1991,true,,,existia
2112803,Viana,1991,true,,,existia
2112902,Vitória do Mearim,1991,true,,,existia
2113009,Vitorino Freire,1991,true,,,existia
2114007,Zé Doca,1991,true,,,existia
2200103,Agricolândia,1991,true,,,existia
2200202,Água Branca,1991,true,,,existia
2200251,Alagoinha do Piauí,1991,true,,,existia
2200301,Alto Longá,1991,true,,,existia
2200400,Altos,1991,true,,,existia
2200509,Amarante,1991,true,,,existia
2200608,Angical do Piauí,1991,true,,,existia
2200707,Anísio de Abreu,1991,true,,,existia
2200806,Antônio Almeida,1991,true,,,existia
2200905,Aroazes,1991,true,,,existia
2201002,Arraial,1991,true,,,existia
2201101,Avelino Lopes,1991,true,,,existia
2201200,Barras,1991,true,,,existia
2201309,Barreiras do Piauí,1991,true,,,existia
2201408,Barro Duro,1991,true,,,existia
2201507,Batalha,1991,true,,,existia
2201606,Beneditinos,1991,true,,,existia
2201705,Bertolínia,1991,true,,,existia
2201804,Bocaina,1991,true,,,existia
2201903,Bom Jesus,1991,true,,,existia
2202000,Buriti dos Lopes,1991,true,,,existia
2202109,Campinas do Piauí,1991,true,,,existia
2202208,Campo Maior,1991,true,,,existia
2202307,Canto do Buriti,1991,true,,,existia
2202406,Capitão de Campos,1991,true,,,existia
2202505,Caracol,1991,true,,,existia
2202604,Castelo do Piauí,1991,true,,,existia
2202703,Cocal,1991,true,,,existia
2202802,Conceição do Canindé,1991,true,,,existia
2202901,Corrente,1991,true,,,existia
2203008,Cristalândia do Piauí,1991,true,,,existia
2203107,Cristino Castro,1991,true,,,existia
2203206,Curimatá,1991,true,,,existia
2203305,Demerval Lobão,1991,true,,,existia
2203354,Dirceu Arcoverde,1991,true,,,existia
2203404,Dom Expedito Lopes,1991,true,,,existia
2203420,Domingos Mourão,1991,true,,,existia
2203453,Dom Inocêncio,1991,true,,,existia
2203503,Elesbão Veloso,1991,true,,,existia
2203602,Eliseu Martins,1991,true,,,existia
2203701,Esperantina,1991,true,,,existia
2203800,Flores do Piauí,1991,true,,,existia
2203909,Floriano,1991,true,,,existia
2204006,Francinópolis,1991,true,,,existia
2204105,Francisco Ayres,1991,true,,,existia
2204204,Francisco Santos,1991,true,,,existia
2204303,Fronteiras,1991,true,,,existia
2204402,Gilbués,1991,true,,,existia
2204501,Guadalupe,1991,true,,,existia
2204600,Hugo Napoleão,1991,true,,,existia
2204709,Inhuma,1991,true,,,existia
2204808,Ipiranga do Piauí,1991,true,,,existia
2204907,Isaías Coelho,1991,true,,,existia
2205003,Itainópolis,1991,true,,,existia
2205102,Itaueira,1991,true,,,existia
2205201,Jaicós,1991,true,,,existia
2205300,Jerumenha,1991,true,,,existia
2205409,Joaquim Pires,1991,true,,,existia
2205508,José de Freitas,1991,true,,,existia
2205607,Landri Sales,1991,true,,,existia
2205706,Luís Correia,1991,true,,,existia
2205805,Luzilândia,1991,true,,,existia
2205904,Manoel Emídio,1991,true,,,existia
2206001,Marcos Parente,1991,true,,,existia
2206100,Matias Olímpio,1991,true,,,existia
2206209,Miguel Alves,1991,true,,,existia
2206308,Miguel Leão,1991,true,,,existia
2206407,Monsenhor Gil,1991,true,,,existia
2206506,Monsenhor Hipólito,1991,true,,,existia
2206605,Monte Alegre do Piauí,1991,true,,,existia
2206704,Nazaré do Piauí,1991,true,,,existia
2206803,Nossa Senhora dos Remédios,1991,true,,,existia
2206902,Novo Oriente do Piauí,1991,true,,,existia
2207009,Oeiras,1991,true,,,existia
2207207,Padre Marcos,1991,true,,,existia
2207306,Paes Landim,1991,true,,,existia
2207405,Palmeira do Piauí,1991,true,,,existia
2207504,Palmeirais,1991,true,,,existia
2207603,Parnaguá,1991,true,,,existia
2207702,Parnaíba,1991,true,,,existia
2207801,Paulistana,1991,true,,,existia
2207900,Pedro II,1991,true,,,existia
2208007,Picos,1991,true,,,existia
2208106,Pimenteiras,1991,true,,,existia
2208205,Pio IX,1991,true,,,existia
2208304,Piracuruca,1991,true,,,existia
2208403,Piripiri,1991,true,,,existia
2208502,Porto,1991,true,,,existia
2208601,Prata do Piauí,1991,true,,,existia
2208700,Redenção do Gurguéia,1991,true,,,existia
2208809,Regeneração,1991,true,,,existia
2208908,Ribeiro Gonçalves,1991,true,,,existia
2209005,Rio Grande do Piauí,1991,true,,,existia
2209104,Santa Cruz do Piauí,1991,true,,,existia
2209203,Santa Filomena,1991,true,,,existia
2209302,Santa Luz,1991,true,,,existia
2209401,Santo Antônio de Lisboa,1991,true,,,existia
2209500,Santo Inácio do Piauí,1991,true,,,existia
2209609,São Félix do Piauí,1991,true,,,existia
2209708,São Francisco do Piauí,1991,true,,,existia
2209807,São Gonçalo do Piauí,1991,true,,,existia
2209856,São João da Canabrava,1991,true,,,existia
2209906,São João da Serra,1991,true,,,existia
2210003,São João do Piauí,1991,true,,,existia
2210102,São José do Peixe,1991,true,,,existia
2210201,São José do Piauí,1991,true,,,existia
2210300,São Julião,1991,true,,,existia
2210409,São Miguel do Tapuio,1991,true,,,existia
2210508,São Pedro do Piauí,1991,true,,,existia
2210607,São Raimundo Nonato,1991,true,,,existia
2210706,Simões,1991,true,,,existia
2210805,Simplício Mendes,1991,true,,,existia
2210904,Socorro do Piauí,1991,true,,,existia
2211001,Teresina,1991,true,,,existia
2211100,União,1991,true,,,existia
2211209,Uruçuí,1991,true,,,existia
2211308,Valença do Piauí,1991,true,,,existia
2211407,Várzea Grande,1991,true,,,existia
2300101,Abaiara,1991,true,,,existia
2300150,Acarape,1991,true,,,existia
2300200,Acaraú,1991,true,,,existia
2300309,Acopiara,1991,true,,,existia
2300408,Aiuaba,1991,true,,,existia
2300507,Alcântaras,1991,true,,,existia
2300606,Altaneira,1991,true,,,existia
2300705,Alto Santo,1991,true,,,existia
2300754,Amontada,1991,true,,,existia
2300804,Antonina do Norte,1991,true,,,existia
2300903,Apuiarés,1991,true,,,existia
2301000,Aquiraz,1991,true,,,existia
2301109,Aracati,1991,true,,,existia
2301208,Aracoiaba,1991,true,,,existia
2301307,Araripe,1991,true,,,existia
2301406,Aratuba,1991,true,,,existia
2301505,Arneiroz,1991,true,,,existia
2301604,Assaré,1991,true,,,existia
2301703,Aurora,1991,true,,,existia
2301802,Baixio,1991,true,,,existia
2301851,Banabuiú,1991,true,,,existia
2301901,Barbalha,1991,true,,,existia
2301950,Barreira,1991,true,,,existia
2302008,Barro,1991,true,,,existia
2302057,Barroquinha,1991,true,,,existia
2302107,Baturité,1991,true,,,existia
2302206,Beberibe,1991,true,,,existia
2302305,Bela Cruz,1991,true,,,existia
2302404,Boa Viagem,1991,true,,,existia
2302503,Brejo Santo,1991,true,,,existia
2302602,Camocim,1991,true,,,existia
2302701,Campos Sales,1991,true,,,existia
2302800,Canindé,1991,true,,,existia
2302909,Capistrano,1991,true,,,existia
2303006,Caridade,1991,true,,,existia
2303105,Cariré,1991,true,,,existia
2303204,Caririaçu,1991,true,,,existia
2303303,Cariús,1991,true,,,existia
2303402,Carnaubal,1991,true,,,existia
2303501,Cascavel,1991,true,,,existia
2303600,Catarina,1991,true,,,existia
2303709,Caucaia,1991,true,,,existia
2303808,Cedro,1991,true,,,existia
2303907,Chaval,1991,true,,,existia
2303956,Chorozinho,1991,true,,,existia
2304004,Coreaú,1991,true,,,existia
2304103,Crateús,1991,true,,,existia
2304202,Crato,1991,true,,,existia
2304236,Croatá,1991,true,,,existia
2304251,Cruz,1991,true,,,existia
2304269,Deputado Irapuan Pinheiro,1991,true,,,existia
2304277,Ereré,1991,true,,,existia
2304285,Eusébio,1991,true,,,existia
2304301,Farias Brito,1991,true,,,existia
2304350,Forquilha,1991,true,,,existia
2304400,Fortaleza,1991,true,,,existia
2304509,Frecheirinha,1991,true,,,existia
2304608,General Sampaio,1991,true,,,existia
2304657,Graça,1991,true,,,existia
2304707,Granja,1991,true,,,existia
2304806,Granjeiro,1991,true,,,existia
2304905,Groaíras,1991,true,,,existia
2304954,Guaiúba,1991,true,,,existia
2305001,Guaraciaba do Norte,1991,true,,,existia
2305100,Guaramiranga,1991,true,,,existia
2305209,Hidrolândia,1991,true,,,existia
2305233,Horizonte,1991,true,,,existia
2305266,Ibaretama,1991,true,,,existia
2305308,Ibiapina,1991,true,,,existia
2305332,Ibicuitinga,1991,true,,,existia
2305357,Icapuí,1991,true,,,existia
2305407,Icó,1991,true,,,existia
2305506,Iguatu,1991,true,,,existia
2305605,Independência,1991,true,,,existia
2305654,Ipaporanga,1991,true,,,existia
2305704,Ipaumirim,1991,true,,,existia
2305803,Ipu,1991,true,,,existia
2305902,Ipueiras,1991,true,,,existia
2306009,Iracema,1991,true,,,existia
2306108,Irauçuba,1991,true,,,existia
2306207,Itaiçaba,1991,true,,,existia
2306306,Itapajé,1991,true,,,existia
2306405,Itapipoca,1991,true,,,existia
2306504,Itapiúna,1991,true,,,existia
2306553,Itarema,1991,true,,,existia
2306603,Itatira,1991,true,,,existia
2306702,Jaguaretama,1991,true,,,existia
2306801,Jaguaribara,1991,true,,,existia
2306900,Jaguaribe,1991,true,,,existia
2307007,Jaguaruana,1991,true,,,existia
2307106,Jardim,1991,true,,,existia
2307205,Jati,1991,true,,,existia
2307304,Juazeiro do Norte,1991,true,,,existia
2307403,Jucás,1991,true,,,existia
2307502,Lavras da Mangabeira,1991,true,,,existia
2307601,Limoeiro do Norte,1991,true,,,existia
2307635,Madalena,1991,true,,,existia
2307650,Maracanaú,1991,true,,,existia
2307700,Maranguape,1991,true,,,existia
2307809,Marco,1991,true,,,existia
2307908,Martinópole,1991,true,,,existia
2308005,Massapê,1991,true,,,existia
2308104,Mauriti,1991,true,,,existia
2308203,Meruoca,1991,true,,,existia
2308302,Milagres,1991,true,,,existia
2308351,Milhã,1991,true,,,existia
2308377,Miraíma,1991,true,,,existia
2308401,Missão Velha,1991,true,,,existia
2308500,Mombaça,1991,true,,,existia
2308609,Monsenhor Tabosa,1991,true,,,existia
2308708,Morada Nova,1991,true,,,existia
2308807,Moraújo,1991,true,,,existia
2308906,Morrinhos,1991,true,,,existia
2309003,Mucambo,1991,true,,,existia
2309102,Mulungu,1991,true,,,existia
2309201,Nova Olinda,1991,true,,,existia
2309300,Nova Russas,1991,true,,,existia
2309409,Novo Oriente,1991,true,,,existia
2309458,Ocara,1991,true,,,existia
2309508,Orós,1991,true,,,existia
2309607,Pacajus,1991,true,,,existia
2309706,Pacatuba,1991,true,,,existia
2309805,Pacoti,1991,true,,,existia
2309904,Pacujá,1991,true,,,existia
2310001,Palhano,1991,true,,,existia
2310100,Palmácia,1991,true,,,existia
2310209,Paracuru,1991,true,,,existia
2310258,Paraipaba,1991,true,,,existia
2310308,Parambu,1991,true,,,existia
2310407,Paramoti,1991,true,,,existia
2310506,Pedra Branca,1991,true,,,existia
2310605,Penaforte,1991,true,,,existia
2310704,Pentecoste,1991,true,,,existia
2310803,Pereiro,1991,true,,,existia
2310852,Pindoretama,1991,true,,,existia
2310902,Piquet Carneiro,1991,true,,,existia
2310951,Pires Ferreira,1991,true,,,existia
2311009,Poranga,1991,true,,,existia
2311108,Porteiras,1991,true,,,existia
2311207,Potengi,1991,true,,,existia
2311231,Potiretama,1991,true,,,existia
2311264,Quiterianópolis,1991,true,,,existia
2311306,Quixadá,1991,true,,,existia
2311355,Quixelô,1991,true,,,existia
2311405,Quixeramobim,1991,true,,,existia
2311504,Quixeré,1991,true,,,existia
2311603,Redenção,1991,true,,,existia
2311702,Reriutaba,1991,true,,,existia
2311801,Russas,1991,true,,,existia
2311900,Saboeiro,1991,true,,,existia
2311959,Salitre,1991,true,,,existia
2312007,Santana do Acaraú,1991,true,,,existia
2312106,Santana do Cariri,1991,true,,,existia
2312205,Santa Quitéria,1991,true,,,existia
2312304,São Benedito,1991,true,,,existia
2312403,São Gonçalo do Amarante,1991,true,,,existia
2312502,São João do Jaguaribe,1991,true,,,existia
2312601,São Luís do Curu,1991,true,,,existia
2312700,Senador Pompeu,1991,true,,,existia
2312809,Senador Sá,1991,true,,,existia
2312908,Sobral,1991,true,,,existia
2313005,Solonópole,1991,true,,,existia
2313104,Tabuleiro do Norte,1991,true,,,existia
2313203,Tamboril,1991,true,,,existia
2313252,Tarrafas,1991,true,,,existia
2313302,Tauá,1991,true,,,existia
2313351,Tejuçuoca,1991,true,,,existia
2313401,Tianguá,1991,true,,,existia
2313500,Trairi,1991,true,,,existia
2313559,Tururu,1991,true,,,existia
2313609,Ubajara,1991,true,,,existia
2313708,Umari,1991,true,,,existia
2313757,Umirim,1991,true,,,existia
2313807,Uruburetama,1991,true,,,existia
2313906,Uruoca,1991,true,,,existia
2313955,Varjota,1991,true,,,existia
2314003,Várzea Alegre,1991,true,,,existia
2314102,Viçosa do Ceará,1991,true,,,existia
2400109,Acari,1991,true,,,existia
2400208,Açu,1991,true,,,existia
2400307,Afonso Bezerra,1991,true,,,existia
2400406,Água Nova,1991,true,,,existia
2400505,Alexandria,1991,true,,,existia
2400604,Almino Afonso,1991,true,,,existia
2400703,Alto do Rodrigues,1991,true,,,existia
2400802,Angicos,1991,true,,,existia
2400901,Antônio Martins,1991,true,,,existia
2401008,Apodi,1991,true,,,existia
2401107,Areia Branca,1991,true,,,existia
2401206,Arês,1991,true,,,existia
2401305,Campo Grande,1991,true,,,existia
2401404,Baía Formosa,1991,true,,,existia
2401453,Baraúna,1991,true,,,existia
2401503,Barcelona,1991,true,,,existia
2401602,Bento Fernandes,1991,true,,,existia
2401701,Bom Jesus,1991,true,,,existia
2401800,Brejinho,1991,true,,,existia
2401909,Caiçara do Rio do Vento,1991,true,,,existia
2402006,Caicó,1991,true,,,existia
2402105,Campo Redondo,1991,true,,,existia
2402204,Canguaretama,1991,true,,,existia
2402303,Caraúbas,1991,true,,,existia
2402402,Carnaúba dos Dantas,1991,true,,,existia
2402501,Carnaubais,1991,true,,,existia
2402600,Ceará-Mirim,1991,true,,,existia
2402709,Cerro Corá,1991,true,,,existia
2402808,Coronel Ezequiel,1991,true,,,existia
2402907,Coronel João Pessoa,1991,true,,,existia
2403004,Cruzeta,1991,true,,,existia
2403103,Currais Novos,1991,true,,,existia
2403202,Doutor Severiano,1991,true,,,existia
2403251,Parnamirim,1991,true,,,existia
2403301,Encanto,1991,true,,,existia
2403400,Equador,1991,true,,,existia
2403509,Espírito Santo,1991,true,,,existia
2403608,Extremoz,1991,true,,,existia
2403707,Felipe Guerra,1991,true,,,existia
2403806,Florânia,1991,true,,,existia
2403905,Francisco Dantas,1991,true,,,existia
2404002,Frutuoso Gomes,1991,true,,,existia
2404101,Galinhos,1991,true,,,existia
2404200,Goianinha,1991,true,,,existia
2404309,Governador Dix-Sept Rosado,1991,true,,,existia
2404408,Grossos,1991,true,,,existia
2404507,Guamaré,1991,true,,,existia
2404606,Ielmo Marinho,1991,true,,,existia
2404705,Ipanguaçu,1991,true,,,existia
2404804,Ipueira,1991,true,,,existia
2404903,Itaú,1991,true,,,existia
2405009,Jaçanã,1991,true,,,existia
2405108,Jandaíra,1991,true,,,existia
2405207,Janduís,1991,true,,,existia
2405306,Januário Cicco,1991,true,,,existia
2405405,Japi,1991,true,,,existia
2405504,Jardim de Angicos,1991,true,,,existia
2405603,Jardim de Piranhas,1991,true,,,existia
2405702,Jardim do Seridó,1991,true,,,existia
2405801,João Câmara,1991,true,,,existia
2405900,João Dias,1991,true,,,existia
2406007,José da Penha,1991,true,,,existia
2406106,Jucurutu,1991,true,,,existia
2406205,Lagoa d'Anta,1991,true,,,existia
2406304,Lagoa de Pedras,1991,true,,,existia
2406403,Lagoa de Velhos,1991,true,,,existia
2406502,Lagoa Nova,1991,true,,,existia
2406601,Lagoa Salgada,1991,true,,,existia
2406700,Lajes,1991,true,,,existia
2406809,Lajes Pintadas,1991,true,,,existia
2406908,Lucrécia,1991,true,,,existia
2407005,Luís Gomes,1991,true,,,existia
2407104,Macaíba,1991,true,,,existia
2407203,Macau,1991,true,,,existia
2407302,Marcelino Vieira,1991,true,,,existia
2407401,Martins,1991,true,,,existia
2407500,Maxaranguape,1991,true,,,existia
2407609,Messias Targino,1991,true,,,existia
2407708,Montanhas,1991,true,,,existia
2407807,Monte Alegre,1991,true,,,existia
2407906,Monte das Gameleiras,1991,true,,,existia
2408003,Mossoró,1991,true,,,existia
2408102,Natal,1991,true,,,existia
2408201,Nísia Floresta,1991,true,,,existia
2408300,Nova Cruz,1991,true,,,existia
2408409,Olho d'Água do Borges,1991,true,,,existia
2408508,Ouro Branco,1991,true,,,existia
2408607,Paraná,1991,true,,,existia
2408706,Paraú,1991,true,,,existia
2408805,Parazinho,1991,true,,,existia
2408904,Parelhas,1991,true,,,existia
2409100,Passa e Fica,1991,true,,,existia
2409209,Passagem,1991,true,,,existia
2409308,Patu,1991,true,,,existia
2409407,Pau dos Ferros,1991,true,,,existia
2409506,Pedra Grande,1991,true,,,existia
2409605,Pedra Preta,1991,true,,,existia
2409704,Pedro Avelino,1991,true,,,existia
2409803,Pedro Velho,1991,true,,,existia
2409902,Pendências,1991,true,,,existia
2410009,Pilões,1991,true,,,existia
2410108,Poço Branco,1991,true,,,existia
2410207,Portalegre,1991,true,,,existia
2410306,Serra Caiada,1991,true,,,existia
2410405,Pureza,1991,true,,,existia
2410504,Rafael Fernandes,1991,true,,,existia
2410603,Rafael Godeiro,1991,true,,,existia
2410702,Riacho da Cruz,1991,true,,,existia
2410801,Riacho de Santana,1991,true,,,existia
2410900,Riachuelo,1991,true,,,existia
2411007,Rodolfo Fernandes,1991,true,,,existia
2411106,Ruy Barbosa,1991,true,,,existia
2411205,Santa Cruz,1991,true,,,existia
2411403,Santana do Matos,1991,true,,,existia
2411429,Santana do Seridó,1991,true,,,existia
2411502,Santo Antônio,1991,true,,,existia
2411601,São Bento do Norte,1991,true,,,existia
2411700,São Bento do Trairí,1991,true,,,existia
2411809,São Fernando,1991,true,,,existia
2411908,São Francisco do Oeste,1991,true,,,existia
2412005,São Gonçalo do Amarante,1991,true,,,existia
2412104,São João do Sabugi,1991,true,,,existia
2412203,São José de Mipibu,1991,true,,,existia
2412302,São José do Campestre,1991,true,,,existia
2412401,São José do Seridó,1991,true,,,existia
2412500,São Miguel,1991,true,,,existia
2412609,São Paulo do Potengi,1991,true,,,existia
2412708,São Pedro,1991,true,,,existia
2412807,São Rafael,1991,true,,,existia
2412906,São Tomé,1991,true,,,existia
2413003,São Vicente,1991,true,,,existia
2413102,Senador Elói de Souza,1991,true,,,existia
2413201,Senador Georgino Avelino,1991,true,,,existia
2413300,Serra de São Bento,1991,true,,,existia
2413359,Serra do Mel,1991,true,,,existia
2413409,Serra Negra do Norte,1991,true,,,existia
2413508,Serrinha,1991,true,,,existia
2413607,Severiano Melo,1991,true,,,existia
2413706,Sítio Novo,1991,true,,,existia
2413805,Taboleiro Grande,1991,true,,,existia
2413904,Taipu,1991,true,,,existia
2414001,Tangará,1991,true,,,existia
2414100,Tenente Ananias,1991,true,,,existia
2414209,Tibau do Sul,1991,true,,,existia
2414308,Timbaúba dos Batistas,1991,true,,,existia
2414407,Touros,1991,true,,,existia
2414506,Umarizal,1991,true,,,existia
2414605,Upanema,1991,true,,,existia
2414704,Várzea,1991,true,,,existia
2414803,Vera Cruz,1991,true,,,existia
2414902,Viçosa,1991,true,,,existia
2415008,Vila Flor,1991,true,,,existia
2500106,Água Branca,1991,true,,,existia
2500205,Aguiar,1991,true,,,existia
2500304,Alagoa Grande,1991,true,,,existia
2500403,Alagoa Nova,1991,true,,,existia
2500502,Alagoinha,1991,true,,,existia
2500601,Alhandra,1991,true,,,existia
2500700,São João do Rio do Peixe,1991,true,,,existia
2500809,Araçagi,1991,true,,,existia
2500908,Arara,1991,true,,,existia
2501005,Araruna,1991,true,,,existia
2501104,Areia,1991,true,,,existia
2501203,Areial,1991,true,,,existia
2501302,Aroeiras,1991,true,,,existia
2501401,Baía da Traição,1991,true,,,existia
2501500,Bananeiras,1991,true,,,existia
2501609,Barra de Santa Rosa,1991,true,,,existia
2501708,Barra de São Miguel,1991,true,,,existia
2501807,Bayeux,1991,true,,,existia
2501906,Belém,1991,true,,,existia
2502003,Belém do Brejo do Cruz,1991,true,,,existia
2502102,Boa Ventura,1991,true,,,existia
2502201,Bom Jesus,1991,true,,,existia
2502300,Bom Sucesso,1991,true,,,existia
2502409,Bonito de Santa Fé,1991,true,,,existia
2502508,Boqueirão,1991,true,,,existia
2502607,Igaracy,1991,true,,,existia
2502706,Borborema,1991,true,,,existia
2502805,Brejo do Cruz,1991,true,,,existia
2502904,Brejo dos Santos,1991,true,,,existia
2503001,Caaporã,1991,true,,,existia
2503100,Cabaceiras,1991,true,,,existia
2503209,Cabedelo,1991,true,,,existia
2503308,Cachoeira dos Índios,1991,true,,,existia
2503407,Cacimba de Areia,1991,true,,,existia
2503506,Cacimba de Dentro,1991,true,,,existia
2503605,Caiçara,1991,true,,,existia
2503704,Cajazeiras,1991,true,,,existia
2503803,Caldas Brandão,1991,true,,,existia
2503902,Camalaú,1991,true,,,existia
2504009,Campina Grande,1991,true,,,existia
2504108,Carrapateira,1991,true,,,existia
2504207,Catingueira,1991,true,,,existia
2504306,Catolé do Rocha,1991,true,,,existia
2504405,Conceição,1991,true,,,existia
2504504,Condado,1991,true,,,existia
2504603,Conde,1991,true,,,existia
2504702,Congo,1991,true,,,existia
2504801,Coremas,1991,true,,,existia
2504900,Cruz do Espírito Santo,1991,true,,,existia
2505006,Cubati,1991,true,,,existia
2505105,Cuité,1991,true,,,existia
2505204,Cuitegi,1991,true,,,existia
2505303,Curral Velho,1991,true,,,existia
2505402,Desterro,1991,true,,,existia
2505501,Vista Serrana,1991,true,,,existia
2505600,Diamante,1991,true,,,existia
2505709,Dona Inês,1991,true,,,existia
2505808,Duas Estradas,1991,true,,,existia
2505907,Emas,1991,true,,,existia
2506004,Esperança,1991,true,,,existia
2506103,Fagundes,1991,true,,,existia
2506202,Frei Martinho,1991,true,,,existia
2506301,Guarabira,1991,true,,,existia
2506400,Gurinhém,1991,true,,,existia
2506509,Gurjão,1991,true,,,existia
2506608,Ibiara,1991,true,,,existia
2506707,Imaculada,1991,true,,,existia
2506806,Ingá,1991,true,,,existia
2506905,Itabaiana,1991,true,,,existia
2507002,Itaporanga,1991,true,,,existia
2507101,Itapororoca,1991,true,,,existia
2507200,Itatuba,1991,true,,,existia
2507309,Jacaraú,1991,true,,,existia
2507408,Jericó,1991,true,,,existia
2507507,João Pessoa,1991,true,,,existia
2507606,Juarez Távora,1991,true,,,existia
2507705,Juazeirinho,1991,true,,,existia
2507804,Junco do Seridó,1991,true,,,existia
2507903,Juripiranga,1991,true,,,existia
2508000,Juru,1991,true,,,existia
2508109,Lagoa,1991,true,,,existia
2508208,Lagoa de Dentro,1991,true,,,existia
2508307,Lagoa Seca,1991,true,,,existia
2508406,Lastro,1991,true,,,existia
2508505,Livramento,1991,true,,,existia
2508604,Lucena,1991,true,,,existia
2508703,Mãe d'Água,1991,true,,,existia
2508802,Malta,1991,true,,,existia
2508901,Mamanguape,1991,true,,,existia
2509008,Manaíra,1991,true,,,existia
2509107,Mari,1991,true,,,existia
2509206,Massaranduba,1991,true,,,existia
2509305,Mataraca,1991,true,,,existia
2509404,Mogeiro,1991,true,,,existia
2509503,Montadas,1991,true,,,existia
2509602,Monte Horebe,1991,true,,,existia
2509701,Monteiro,1991,true,,,existia
2509800,Mulungu,1991,true,,,existia
2509909,Natuba,1991,true,,,existia
2510006,Nazarezinho,1991,true,,,existia
2510105,Nova Floresta,1991,true,,,existia
2510204,Nova Olinda,1991,true,,,existia
2510303,Nova Palmeira,1991,true,,,existia
2510402,Olho d'Água,1991,true,,,existia
2510501,Olivedos,1991,true,,,existia
2510600,Ouro Velho,1991,true,,,existia
2510709,Passagem,1991,true,,,existia
2510808,Patos,1991,true,,,existia
2510907,Paulista,1991,true,,,existia
2511004,Pedra Branca,1991,true,,,existia
2511103,Pedra Lavrada,1991,true,,,existia
2511202,Pedras de Fogo,1991,true,,,existia
2511301,Piancó,1991,true,,,existia
2511400,Picuí,1991,true,,,existia
2511509,Pilar,1991,true,,,existia
2511608,Pilões,1991,true,,,existia
2511707,Pilõezinhos,1991,true,,,existia
2511806,Pirpirituba,1991,true,,,existia
2511905,Pitimbu,1991,true,,,existia
2512002,Pocinhos,1991,true,,,existia
2512101,Pombal,1991,true,,,existia
2512200,Prata,1991,true,,,existia
2512309,Princesa Isabel,1991,true,,,existia
2512408,Puxinanã,1991,true,,,existia
2512507,Queimadas,1991,true,,,existia
2512606,Quixaba,1991,true,,,existia
2512705,Remígio,1991,true,,,existia
2512804,Riacho dos Cavalos,1991,true,,,existia
2512903,Rio Tinto,1991,true,,,existia
2513000,Salgadinho,1991,true,,,existia
2513109,Salgado de São Félix,1991,true,,,existia
2513208,Santa Cruz,1991,true,,,existia
2513307,Santa Helena,1991,true,,,existia
2513406,Santa Luzia,1991,true,,,existia
2513505,Santana de Mangueira,1991,true,,,existia
2513604,Santana dos Garrotes,1991,true,,,existia
2513703,Santa Rita,1991,true,,,existia
2513802,Santa Teresinha,1991,true,,,existia
2513901,São Bento,1991,true,,,existia
2514008,São João do Cariri,1991,true,,,existia
2514107,São João do Tigre,1991,true,,,existia
2514206,São José da Lagoa Tapada,1991,true,,,existia
2514305,São José de Caiana,1991,true,,,existia
2514404,São José de Espinharas,1991,true,,,existia
2514503,São José de Piranhas,1991,true,,,existia
2514602,São José do Bonfim,1991,true,,,existia
2514701,São José do Sabugi,1991,true,,,existia
2514800,São José dos Cordeiros,1991,true,,,existia
2514909,São Mamede,1991,true,,,existia
2515005,São Miguel de Taipu,1991,true,,,existia
2515104,São Sebastião de Lagoa de Roça,1991,true,,,existia
2515203,São Sebastião do Umbuzeiro,1991,true,,,existia
2515302,Sapé,1991,true,,,existia
2515401,São Vicente do Seridó,1991,true,,,existia
2515500,Serra Branca,1991,true,,,existia
2515609,Serra da Raiz,1991,true,,,existia
2515708,Serra Grande,1991,true,,,existia
2515807,Serra Redonda,1991,true,,,existia
2515906,Serraria,1991,true,,,existia
2516003,Solânea,1991,true,,,existia
2516102,Soledade,1991,true,,,existia
2516201,Sousa,1991,true,,,existia
2516300,Sumé,1991,true,,,existia
2516409,Tacima,1991,true,,,existia
2516508,Taperoá,1991,true,,,existia
2516607,Tavares,1991,true,,,existia
2516706,Teixeira,1991,true,,,existia
2516805,Triunfo,1991,true,,,existia
2516904,Uiraúna,1991,true,,,existia
2517001,Umbuzeiro,1991,true,,,existia
2517100,Várzea,1991,true,,,existia
2600054,Abreu e Lima,1991,true,,,existia
2600104,Afogados da Ingazeira,1991,true,,,existia
2600203,Afrânio,1991,true,,,existia
2600302,Agrestina,1991,true,,,existia
2600401,Água Preta,1991,true,,,existia
2600500,Águas Belas,1991,true,,,existia
2600609,Alagoinha,1991,true,,,existia
2600708,Aliança,1991,true,,,existia
2600807,Altinho,1991,true,,,existia
2600906,Amaraji,1991,true,,,existia
2601003,Angelim,1991,true,,,existia
2601102,Araripina,1991,true,,,existia
2601201,Arcoverde,1991,true,,,existia
2601300,Barra de Guabiraba,1991,true,,,existia
2601409,Barreiros,1991,true,,,existia
2601508,Belém de Maria,1991,true,,,existia
2601607,Belém do São Francisco,1991,true,,,existia
2601706,Belo Jardim,1991,true,,,existia
2601805,Betânia,1991,true,,,existia
2601904,Bezerros,1991,true,,,existia
2602001,Bodocó,1991,true,,,existia
2602100,Bom Conselho,1991,true,,,existia
2602209,Bom Jardim,1991,true,,,existia
2602308,Bonito,1991,true,,,existia
2602407,Brejão,1991,true,,,existia
2602506,Brejinho,1991,true,,,existia
2602605,Brejo da Madre de Deus,1991,true,,,existia
2602704,Buenos Aires,1991,true,,,existia
2602803,Buíque,1991,true,,,existia
2602902,Cabo de Santo Agostinho,1991,true,,,existia
2603009,Cabrobó,1991,true,,,existia
2603108,Cachoeirinha,1991,true,,,existia
2603207,Caetés,1991,true,,,existia
2603306,Calçado,1991,true,,,existia
2603405,Calumbi,1991,true,,,existia
2603454,Camaragibe,1991,true,,,existia
2603504,Camocim de São Félix,1991,true,,,existia
2603603,Camutanga,1991,true,,,existia
2603702,Canhotinho,1991,true,,,existia
2603801,Capoeiras,1991,true,,,existia
2603900,Carnaíba,1991,true,,,existia
2604007,Carpina,1991,true,,,existia
2604106,Caruaru,1991,true,,,existia
2604205,Catende,1991,true,,,existia
2604304,Cedro,1991,true,,,existia
2604403,Chã de Alegria,1991,true,,,existia
2604502,Chã Grande,1991,true,,,existia
2604601,Condado,1991,true,,,existia
2604700,Correntes,1991,true,,,existia
2604809,Cortês,1991,true,,,existia
2604908,Cumaru,1991,true,,,existia
2605004,Cupira,1991,true,,,existia
2605103,Custódia,1991,true,,,existia
2605202,Escada,1991,true,,,existia
2605301,Exu,1991,true,,,existia
2605400,Feira Nova,1991,true,,,existia
2605459,Fernando de Noronha,1991,true,,,existia
2605509,Ferreiros,1991,true,,,existia
2605608,Flores,1991,true,,,existia
2605707,Floresta,1991,true,,,existia
2605806,Frei Miguelinho,1991,true,,,existia
2605905,Gameleira,1991,true,,,existia
2606002,Garanhuns,1991,true,,,existia
2606101,Glória do Goitá,1991,true,,,existia
2606200,Goiana,1991,true,,,existia
2606309,Granito,1991,true,,,existia
2606408,Gravatá,1991,true,,,existia
2606507,Iati,1991,true,,,existia
2606606,Ibimirim,1991,true,,,existia
2606705,Ibirajuba,1991,true,,,existia
2606804,Igarassu,1991,true,,,existia
2606903,Iguaracy,1991,true,,,existia
2607000,Inajá,1991,true,,,existia
2607109,Ingazeira,1991,true,,,existia
2607208,Ipojuca,1991,true,,,existia
2607307,Ipubi,1991,true,,,existia
2607406,Itacuruba,1991,true,,,existia
2607505,Itaíba,1991,true,,,existia
2607604,Ilha de Itamaracá,1991,true,,,existia
2607653,Itambé,1991,true,,,existia
2607703,Itapetim,1991,true,,,existia
2607752,Itapissuma,1991,true,,,existia
2607802,Itaquitinga,1991,true,,,existia
2607901,Jaboatão dos Guararapes,1991,true,,,existia
2608008,Jataúba,1991,true,,,existia
2608107,João Alfredo,1991,true,,,existia
2608206,Joaquim Nabuco,1991,true,,,existia
2608305,Jupi,1991,true,,,existia
2608404,Jurema,1991,true,,,existia
2608503,Lagoa de Itaenga,1991,true,,,existia
2608602,Lagoa do Ouro,1991,true,,,existia
2608701,Lagoa dos Gatos,1991,true,,,existia
2608800,Lajedo,1991,true,,,existia
2608909,Limoeiro,1991,true,,,existia
2609006,Macaparana,1991,true,,,existia
2609105,Machados,1991,true,,,existia
2609204,Maraial,1991,true,,,existia
2609303,Mirandiba,1991,true,,,existia
2609402,Moreno,1991,true,,,existia
2609501,Nazaré da Mata,1991,true,,,existia
2609600,Olinda,1991,true,,,existia
2609709,Orobó,1991,true,,,existia
2609808,Orocó,1991,true,,,existia
2609907,Ouricuri,1991,true,,,existia
2610004,Palmares,1991,true,,,existia
2610103,Palmeirina,1991,true,,,existia
2610202,Panelas,1991,true,,,existia
2610301,Paranatama,1991,true,,,existia
2610400,Parnamirim,1991,true,,,existia
2610509,Passira,1991,true,,,existia
2610608,Paudalho,1991,true,,,existia
2610707,Paulista,1991,true,,,existia
2610806,Pedra,1991,true,,,existia
2610905,Pesqueira,1991,true,,,existia
2611002,Petrolândia,1991,true,,,existia
2611101,Petrolina,1991,true,,,existia
2611200,Poção,1991,true,,,existia
2611309,Pombos,1991,true,,,existia
2611408,Primavera,1991,true,,,existia
2611507,Quipapá,1991,true,,,existia
2611606,Recife,1991,true,,,existia
2611705,Riacho das Almas,1991,true,,,existia
2611804,Ribeirão,1991,true,,,existia
2611903,Rio Formoso,1991,true,,,existia
2612000,Sairé,1991,true,,,existia
2612109,Salgadinho,1991,true,,,existia
2612208,Salgueiro,1991,true,,,existia
2612307,Saloá,1991,true,,,existia
2612406,Sanharó,1991,true,,,existia
2612505,Santa Cruz do Capibaribe,1991,true,,,existia
2612604,Santa Maria da Boa Vista,1991,true,,,existia
2612703,Santa Maria do Cambucá,1991,true,,,existia
2612802,Santa Terezinha,1991,true,,,existia
2612901,São Benedito do Sul,1991,true,,,existia
2613008,São Bento do Una,1991,true,,,existia
2613107,São Caitano,1991,true,,,existia
2613206,São João,1991,true,,,existia
2613305,São Joaquim do Monte,1991,true,,,existia
2613404,São José da Coroa Grande,1991,true,,,existia
2613503,São José do Belmonte,1991,true,,,existia
2613602,São José do Egito,1991,true,,,existia
2613701,São Lourenço da Mata,1991,true,,,existia
2613800,São Vicente Férrer,1991,true,,,existia
2613909,Serra Talhada,1991,true,,,existia
2614006,Serrita,1991,true,,,existia
2614105,Sertânia,1991,true,,,existia
2614204,Sirinhaém,1991,true,,,existia
2614303,Moreilândia,1991,true,,,existia
2614402,Solidão,1991,true,,,existia
2614501,Surubim,1991,true,,,existia
2614600,Tabira,1991,true,,,existia
2614709,Tacaimbó,1991,true,,,existia
2614808,Tacaratu,1991,true,,,existia
2615003,Taquaritinga do Norte,1991,true,,,existia
2615102,Terezinha,1991,true,,,existia
2615201,Terra Nova,1991,true,,,existia
2615300,Timbaúba,1991,true,,,existia
2615409,Toritama,1991,true,,,existia
2615508,Tracunhaém,1991,true,,,existia
2615607,Trindade,1991,true,,,existia
2615706,Triunfo,1991,true,,,existia
2615805,Tupanatinga,1991,true,,,existia
2615904,Tuparetama,1991,true,,,existia
2616001,Venturosa,1991,true,,,existia
2616100,Verdejante,1991,true,,,existia
2616209,Vertentes,1991,true,,,existia
2616308,Vicência,1991,true,,,existia
2616407,Vitória de Santo Antão,1991,true,,,existia
2700102,Água Branca,1991,true,,,existia
2700201,Anadia,1991,true,,,existia
2700300,Arapiraca,1991,true,,,existia
2700409,Atalaia,1991,true,,,existia
2700508,Barra de Santo Antônio,1991,true,,,existia
2700607,Barra de São Miguel,1991,true,,,existia
2700706,Batalha,1991,true,,,existia
2700805,Belém,1991,true,,,existia
2700904,Belo Monte,1991,true,,,existia
2701001,Boca da Mata,1991,true,,,existia
2701100,Branquinha,1991,true,,,existia
2701209,Cacimbinhas,1991,true,,,existia
2701308,Cajueiro,1991,true,,,existia
2701407,Campo Alegre,1991,true,,,existia
2701506,Campo Grande,1991,true,,,existia
2701605,Canapi,1991,true,,,existia
2701704,Capela,1991,true,,,existia
2701803,Carneiros,1991,true,,,existia
2701902,Chã Preta,1991,true,,,existia
2702009,Coité do Nóia,1991,true,,,existia
2702108,Colônia Leopoldina,1991,true,,,existia
2702207,Coqueiro Seco,1991,true,,,existia
2702306,Coruripe,1991,true,,,existia
2702355,Craíbas,1991,true,,,existia
2702405,Delmiro Gouveia,1991,true,,,existia
2702504,Dois Riachos,1991,true,,,existia
2702603,Feira Grande,1991,true,,,existia
2702702,Feliz Deserto,1991,true,,,existia
2702801,Flexeiras,1991,true,,,existia
2702900,Girau do Ponciano,1991,true,,,existia
2703007,Ibateguara,1991,true,,,existia
2703106,Igaci,1991,true,,,existia
2703205,Igreja Nova,1991,true,,,existia
2703304,Inhapi,1991,true,,,existia
2703403,Jacaré dos Homens,1991,true,,,existia
2703502,Jacuípe,1991,true,,,existia
2703601,Japaratinga,1991,true,,,existia
2703700,Jaramataia,1991,true,,,existia
2703809,Joaquim Gomes,1991,true,,,existia
2703908,Jundiá,1991,true,,,existia
2704005,Junqueiro,1991,true,,,existia
2704104,Lagoa da Canoa,1991,true,,,existia
2704203,Limoeiro de Anadia,1991,true,,,existia
2704302,Maceió,1991,true,,,existia
2704401,Major Isidoro,1991,true,,,existia
2704500,Maragogi,1991,true,,,existia
2704609,Maravilha,1991,true,,,existia
2704708,Marechal Deodoro,1991,true,,,existia
2704807,Maribondo,1991,true,,,existia
2704906,Mar Vermelho,1991,true,,,existia
2705002,Mata Grande,1991,true,,,existia
2705101,Matriz de Camaragibe,1991,true,,,existia
2705200,Messias,1991,true,,,existia
2705309,Minador do Negrão,1991,true,,,existia
2705408,Monteirópolis,1991,true,,,existia
2705507,Murici,1991,true,,,existia
2705606,Novo Lino,1991,true,,,existia
2705705,Olho d'Água das Flores,1991,true,,,existia
2705804,Olho d'Água do Casado,1991,true,,,existia
2705903,Olho d'Água Grande,1991,true,,,existia
2706000,Olivença,1991,true,,,existia
2706109,Ouro Branco,1991,true,,,existia
2706208,Palestina,1991,true,,,existia
2706307,Palmeira dos Índios,1991,true,,,existia
2706406,Pão de Açúcar,1991,true,,,existia
2706505,Passo de Camaragibe,1991,true,,,existia
2706604,Paulo Jacinto,1991,true,,,existia
2706703,Penedo,1991,true,,,existia
2706802,Piaçabuçu,1991,true,,,existia
2706901,Pilar,1991,true,,,existia
2707008,Pindoba,1991,true,,,existia
2707107,Piranhas,1991,true,,,existia
2707206,Poço das Trincheiras,1991,true,,,existia
2707305,Porto Calvo,1991,true,,,existia
2707404,Porto de Pedras,1991,true,,,existia
2707503,Porto Real do Colégio,1991,true,,,existia
2707602,Quebrangulo,1991,true,,,existia
2707701,Rio Largo,1991,true,,,existia
2707800,Roteiro,1991,true,,,existia
2707909,Santa Luzia do Norte,1991,true,,,existia
2708006,Santana do Ipanema,1991,true,,,existia
2708105,Santana do Mundaú,1991,true,,,existia
2708204,São Brás,1991,true,,,existia
2708303,São José da Laje,1991,true,,,existia
2708402,São José da Tapera,1991,true,,,existia
2708501,São Luís do Quitunde,1991,true,,,existia
2708600,São Miguel dos Campos,1991,true,,,existia
2708709,São Miguel dos Milagres,1991,true,,,existia
2708808,São Sebastião,1991,true,,,existia
2708907,Satuba,1991,true,,,existia
2708956,Senador Rui Palmeira,1991,true,,,existia
2709004,Tanque d'Arca,1991,true,,,existia
2709103,Taquarana,1991,true,,,existia
2709152,Teotônio Vilela,1991,true,,,existia
2709202,Traipu,1991,true,,,existia
2709301,União dos Palmares,1991,true,,,existia
2709400,Viçosa,1991,true,,,existia
2800100,Amparo do São Francisco,1991,true,,,existia
2800209,Aquidabã,1991,true,,,existia
2800308,Aracaju,1991,true,,,existia
2800407,Arauá,1991,true,,,existia
2800506,Areia Branca,1991,true,,,existia
2800605,Barra dos Coqueiros,1991,true,,,existia
2800670,Boquim,1991,true,,,existia
2800704,Brejo Grande,1991,true,,,existia
2801009,Campo do Brito,1991,true,,,existia
2801108,Canhoba,1991,true,,,existia
2801207,Canindé de São Francisco,1991,true,,,existia
2801306,Capela,1991,true,,,existia
2801405,Carira,1991,true,,,existia
2801504,Carmópolis,1991,true,,,existia
2801603,Cedro de São João,1991,true,,,existia
2801702,Cristinápolis,1991,true,,,existia
2801900,Cumbe,1991,true,,,existia
2802007,Divina Pastora,1991,true,,,existia
2802106,Estância,1991,true,,,existia
2802205,Feira Nova,1991,true,,,existia
2802304,Frei Paulo,1991,true,,,existia
2802403,Gararu,1991,true,,,existia
2802502,General Maynard,1991,true,,,existia
2802601,Gracho Cardoso,1991,true,,,existia
2802700,Ilha das Flores,1991,true,,,existia
2802809,Indiaroba,1991,true,,,existia
2802908,Itabaiana,1991,true,,,existia
2803005,Itabaianinha,1991,true,,,existia
2803104,Itabi,1991,true,,,existia
2803203,Itaporanga d'Ajuda,1991,true,,,existia
2803302,Japaratuba,1991,true,,,existia
2803401,Japoatã,1991,true,,,existia
2803500,Lagarto,1991,true,,,existia
2803609,Laranjeiras,1991,true,,,existia
2803708,Macambira,1991,true,,,existia
2803807,Malhada dos Bois,1991,true,,,existia
2803906,Malhador,1991,true,,,existia
2804003,Maruim,1991,true,,,existia
2804102,Moita Bonita,1991,true,,,existia
2804201,Monte Alegre de Sergipe,1991,true,,,existia
2804300,Muribeca,1991,true,,,existia
2804409,Neópolis,1991,true,,,existia
2804458,Nossa Senhora Aparecida,1991,true,,,existia
2804508,Nossa Senhora da Glória,1991,true,,,existia
2804607,Nossa Senhora das Dores,1991,true,,,existia
2804706,Nossa Senhora de Lourdes,1991,true,,,existia
2804805,Nossa Senhora do Socorro,1991,true,,,existia
2804904,Pacatuba,1991,true,,,existia
2805000,Pedra Mole,1991,true,,,existia
2805109,Pedrinhas,1991,true,,,existia
2805208,Pinhão,1991,true,,,existia
2805307,Pirambu,1991,true,,,existia
2805406,Poço Redondo,1991,true,,,existia
2805505,Poço Verde,1991,true,,,existia
2805604,Porto da Folha,1991,true,,,existia
2805703,Propriá,1991,true,,,existia
2805802,Riachão do Dantas,1991,true,,,existia
2805901,Riachuelo,1991,true,,,existia
2806008,Ribeirópolis,1991,true,,,existia
2806107,Rosário do Catete,1991,true,,,existia
2806206,Salgado,1991,true,,,existia
2806305,Santa Luzia do Itanhy,1991,true,,,existia
2806503,Santa Rosa de Lima,1991,true,,,existia
2806602,Santo Amaro das Brotas,1991,true,,,existia
2806701,São Cristóvão,1991,true,,,existia
2806800,São Domingos,1991,true,,,existia
2806909,São Francisco,1991,true,,,existia
2807006,São Miguel do Aleixo,1991,true,,,existia
2807105,Simão Dias,1991,true,,,existia
2807204,Siriri,1991,true,,,existia
2807303,Telha,1991,true,,,existia
2807402,Tobias Barreto,1991,true,,,existia
2807501,Tomar do Geru,1991,true,,,existia
2807600,Umbaúba,1991,true,,,existia
2900108,Abaíra,1991,true,,,existia
2900207,Abaré,1991,true,,,existia
2900306,Acajutiba,1991,true,,,existia
2900355,Adustina,1991,true,,,existia
2900405,Água Fria,1991,true,,,existia
2900504,Érico Cardoso,1991,true,,,existia
2900603,Aiquara,1991,true,,,existia
2900702,Alagoinhas,1991,true,,,existia
2900801,Alcobaça,1991,true,,,existia
2900900,Almadina,1991,true,,,existia
2901007,Amargosa,1991,true,,,existia
2901106,Amélia Rodrigues,1991,true,,,existia
2901155,América Dourada,1991,true,,,existia
2901205,Anagé,1991,true,,,existia
2901304,Andaraí,1991,true,,,existia
2901353,Andorinha,1991,true,,,existia
2901403,Angical,1991,true,,,existia
2901502,Anguera,1991,true,,,existia
2901601,Antas,1991,true,,,existia
2901700,Antônio Cardoso,1991,true,,,existia
2901809,Antônio Gonçalves,1991,true,,,existia
2901908,Aporá,1991,true,,,existia
2901957,Apuarema,1991,true,,,existia
2902005,Aracatu,1991,true,,,existia
2902054,Araçás,1991,true,,,existia
2902104,Araci,1991,true,,,existia
2902203,Aramari,1991,true,,,existia
2902252,Arataca,1991,true,,,existia
2902302,Aratuípe,1991,true,,,existia
2902401,Aurelino Leal,1991,true,,,existia
2902500,Baianópolis,1991,true,,,existia
2902609,Baixa Grande,1991,true,,,existia
2902658,Banzaê,1991,true,,,existia
2902708,Barra,1991,true,,,existia
2902807,Barra da Estiva,1991,true,,,existia
2902906,Barra do Choça,1991,true,,,existia
2903003,Barra do Mendes,1991,true,,,existia
2903102,Barra do Rocha,1991,true,,,existia
2903201,Barreiras,1991,true,,,existia
2903235,Barro Alto,1991,true,,,existia
2903300,Barro Preto,1991,true,,,existia
2903409,Belmonte,1991,true,,,existia
2903508,Belo Campo,1991,true,,,existia
2903607,Biritinga,1991,true,,,existia
2903706,Boa Nova,1991,true,,,existia
2903805,Boa Vista do Tupim,1991,true,,,existia
2903904,Bom Jesus da Lapa,1991,true,,,existia
2903953,Bom Jesus da Serra,1991,true,,,existia
2904001,Boninal,1991,true,,,existia
2904050,Bonito,1991,true,,,existia
2904100,Boquira,1991,true,,,existia
2904209,Botuporã,1991,true,,,existia
2904308,Brejões,1991,true,,,existia
2904407,Brejolândia,1991,true,,,existia
2904506,Brotas de Macaúbas,1991,true,,,existia
2904605,Brumado,1991,true,,,existia
2904704,Buerarema,1991,true,,,existia
2904753,Buritirama,1991,true,,,existia
2904803,Caatiba,1991,true,,,existia
2904852,Cabaceiras do Paraguaçu,1991,true,,,existia
2904902,Cachoeira,1991,true,,,existia
2905008,Caculé,1991,true,,,existia
2905107,Caém,1991,true,,,existia
2905156,Caetanos,1991,true,,,existia
2905206,Caetité,1991,true,,,existia
2905305,Cafarnaum,1991,true,,,existia
2905404,Cairu,1991,true,,,existia
2905503,Caldeirão Grande,1991,true,,,existia
2905602,Camacan,1991,true,,,existia
2905701,Camaçari,1991,true,,,existia
2905800,Camamu,1991,true,,,existia
2905909,Campo Alegre de Lourdes,1991,true,,,existia
2906006,Campo Formoso,1991,true,,,existia
2906105,Canápolis,1991,true,,,existia
2906204,Canarana,1991,true,,,existia
2906303,Canavieiras,1991,true,,,existia
2906402,Candeal,1991,true,,,existia
2906501,Candeias,1991,true,,,existia
2906600,Candiba,1991,true,,,existia
2906709,Cândido Sales,1991,true,,,existia
2906808,Cansanção,1991,true,,,existia
2906824,Canudos,1991,true,,,existia
2906857,Capela do Alto Alegre,1991,true,,,existia
2906873,Capim Grosso,1991,true,,,existia
2906899,Caraíbas,1991,true,,,existia
2906907,Caravelas,1991,true,,,existia
2907004,Cardeal da Silva,1991,true,,,existia
2907103,Carinhanha,1991,true,,,existia
2907202,Casa Nova,1991,true,,,existia
2907301,Castro Alves,1991,true,,,existia
2907400,Catolândia,1991,true,,,existia
2907509,Catu,1991,true,,,existia
2907558,Caturama,1991,true,,,existia
2907608,Central,1991,true,,,existia
2907707,Chorrochó,1991,true,,,existia
2907806,Cícero Dantas,1991,true,,,existia
2907905,Cipó,1991,true,,,existia
2908002,Coaraci,1991,true,,,existia
2908101,Cocos,1991,true,,,existia
2908200,Conceição da Feira,1991,true,,,existia
2908309,Conceição do Almeida,1991,true,,,existia
2908408,Conceição do Coité,1991,true,,,existia
2908507,Conceição do Jacuípe,1991,true,,,existia
2908606,Conde,1991,true,,,existia
2908705,Condeúba,1991,true,,,existia
2908804,Contendas do Sincorá,1991,true,,,existia
2908903,Coração de Maria,1991,true,,,existia
2909000,Cordeiros,1991,true,,,existia
2909109,Coribe,1991,true,,,existia
2909208,Coronel João Sá,1991,true,,,existia
2909307,Correntina,1991,true,,,existia
2909406,Cotegipe,1991,true,,,existia
2909505,Cravolândia,1991,true,,,existia
2909604,Crisópolis,1991,true,,,existia
2909703,Cristópolis,1991,true,,,existia
2909802,Cruz das Almas,1991,true,,,existia
2909901,Curaçá,1991,true,,,existia
2910008,Dário Meira,1991,true,,,existia
2910057,Dias d'Ávila,1991,true,,,existia
2910107,Dom Basílio,1991,true,,,existia
2910206,Dom Macedo Costa,1991,true,,,existia
2910305,Elísio Medrado,1991,true,,,existia
2910404,Encruzilhada,1991,true,,,existia
2910503,Entre Rios,1991,true,,,existia
2910602,Esplanada,1991,true,,,existia
2910701,Euclides da Cunha,1991,true,,,existia
2910727,Eunápolis,1991,true,,,existia
2910750,Fátima,1991,true,,,existia
2910776,Feira da Mata,1991,true,,,existia
2910800,Feira de Santana,1991,true,,,existia
2910859,Filadélfia,1991,true,,,existia
2910909,Firmino Alves,1991,true,,,existia
2911006,Floresta Azul,1991,true,,,existia
2911105,Formosa do Rio Preto,1991,true,,,existia
2911204,Gandu,1991,true,,,existia
2911253,Gavião,1991,true,,,existia
2911303,Gentio do Ouro,1991,true,,,existia
2911402,Glória,1991,true,,,existia
2911501,Gongogi,1991,true,,,existia
2911600,Governador Mangabeira,1991,true,,,existia
2911659,Guajeru,1991,true,,,existia
2911709,Guanambi,1991,true,,,existia
2911808,Guaratinga,1991,true,,,existia
2911857,Heliópolis,1991,true,,,existia
2911907,Iaçu,1991,true,,,existia
2912004,Ibiassucê,1991,true,,,existia
2912103,Ibicaraí,1991,true,,,existia
2912202,Ibicoara,1991,true,,,existia
2912301,Ibicuí,1991,true,,,existia
2912400,Ibipeba,1991,true,,,existia
2912509,Ibipitanga,1991,true,,,existia
2912608,Ibiquera,1991,true,,,existia
2912707,Ibirapitanga,1991,true,,,existia
2912806,Ibirapuã,1991,true,,,existia
2912905,Ibirataia,1991,true,,,existia
2913002,Ibitiara,1991,true,,,existia
2913101,Ibititá,1991,true,,,existia
2913200,Ibotirama,1991,true,,,existia
2913309,Ichu,1991,true,,,existia
2913408,Igaporã,1991,true,,,existia
2913457,Igrapiúna,1991,true,,,existia
2913507,Iguaí,1991,true,,,existia
2913606,Ilhéus,1991,true,,,existia
2913705,Inhambupe,1991,true,,,existia
2913804,Ipecaetá,1991,true,,,existia
2913903,Ipiaú,1991,true,,,existia
2914000,Ipirá,1991,true,,,existia
2914109,Ipupiara,1991,true,,,existia
2914208,Irajuba,1991,true,,,existia
2914307,Iramaia,1991,true,,,existia
2914406,Iraquara,1991,true,,,existia
2914505,Irará,1991,true,,,existia
2914604,Irecê,1991,true,,,existia
2914653,Itabela,1991,true,,,existia
2914703,Itaberaba,1991,true,,,existia
2914802,Itabuna,1991,true,,,existia
2914901,Itacaré,1991,true,,,existia
2915007,Itaeté,1991,true,,,existia
2915106,Itagi,1991,true,,,existia
2915205,Itagibá,1991,true,,,existia
2915304,Itagimirim,1991,true,,,existia
2915353,Itaguaçu da Bahia,1991,true,,,existia
2915403,Itaju do Colônia,1991,true,,,existia
2915502,Itajuípe,1991,true,,,existia
2915601,Itamaraju,1991,true,,,existia
2915700,Itamari,1991,true,,,existia
2915809,Itambé,1991,true,,,existia
2915908,Itanagra,1991,true,,,existia
2916005,Itanhém,1991,true,,,existia
2916104,Itaparica,1991,true,,,existia
2916203,Itapé,1991,true,,,existia
2916302,Itapebi,1991,true,,,existia
2916401,Itapetinga,1991,true,,,existia
2916500,Itapicuru,1991,true,,,existia
2916609,Itapitanga,1991,true,,,existia
2916708,Itaquara,1991,true,,,existia
2916807,Itarantim,1991,true,,,existia
2916856,Itatim,1991,true,,,existia
2916906,Itiruçu,1991,true,,,existia
2917003,Itiúba,1991,true,,,existia
2917102,Itororó,1991,true,,,existia
2917201,Ituaçu,1991,true,,,existia
2917300,Ituberá,1991,true,,,existia
2917334,Iuiu,1991,true,,,existia
2917359,Jaborandi,1991,true,,,existia
2917409,Jacaraci,1991,true,,,existia
2917508,Jacobina,1991,true,,,existia
2917607,Jaguaquara,1991,true,,,existia
2917706,Jaguarari,1991,true,,,existia
2917805,Jaguaripe,1991,true,,,existia
2917904,Jandaíra,1991,true,,,existia
2918001,Jequié,1991,true,,,existia
2918100,Jeremoabo,1991,true,,,existia
2918209,Jiquiriçá,1991,true,,,existia
2918308,Jitaúna,1991,true,,,existia
2918357,João Dourado,1991,true,,,existia
2918407,Juazeiro,1991,true,,,existia
2918456,Jucuruçu,1991,true,,,existia
2918506,Jussara,1991,true,,,existia
2918555,Jussari,1991,true,,,existia
2918605,Jussiape,1991,true,,,existia
2918704,Lafaiete Coutinho,1991,true,,,existia
2918753,Lagoa Real,1991,true,,,existia
2918803,Laje,1991,true,,,existia
2918902,Lajedão,1991,true,,,existia
2919009,Lajedinho,1991,true,,,existia
2919058,Lajedo do Tabocal,1991,true,,,existia
2919108,Lamarão,1991,true,,,existia
2919157,Lapão,1991,true,,,existia
2919207,Lauro de Freitas,1991,true,,,existia
2919306,Lençóis,1991,true,,,existia
2919405,Licínio de Almeida,1991,true,,,existia
2919504,Livramento de Nossa Senhora,1991,true,,,existia
2919603,Macajuba,1991,true,,,existia
2919702,Macarani,1991,true,,,existia
2919801,Macaúbas,1991,true,,,existia
2919900,Macururé,1991,true,,,existia
2919926,Madre de Deus,1991,true,,,existia
2919959,Maetinga,1991,true,,,existia
2920007,Maiquinique,1991,true,,,existia
2920106,Mairi,1991,true,,,existia
2920205,Malhada,1991,true,,,existia
2920304,Malhada de Pedras,1991,true,,,existia
2920403,Manoel Vitorino,1991,true,,,existia
2920452,Mansidão,1991,true,,,existia
2920502,Maracás,1991,true,,,existia
2920601,Maragogipe,1991,true,,,existia
2920700,Maraú,1991,true,,,existia
2920809,Marcionílio Souza,1991,true,,,existia
2920908,Mascote,1991,true,,,existia
2921005,Mata de São João,1991,true,,,existia
2921054,Matina,1991,true,,,existia
2921104,Medeiros Neto,1991,true,,,existia
2921203,Miguel Calmon,1991,true,,,existia
2921302,Milagres,1991,true,,,existia
2921401,Mirangaba,1991,true,,,existia
2921450,Mirante,1991,true,,,existia
2921500,Monte Santo,1991,true,,,existia
2921609,Morpará,1991,true,,,existia
2921708,Morro do Chapéu,1991,true,,,existia
2921807,Mortugaba,1991,true,,,existia
2921906,Mucugê,1991,true,,,existia
2922003,Mucuri,1991,true,,,existia
2922052,Mulungu do Morro,1991,true,,,existia
2922102,Mundo Novo,1991,true,,,existia
2922201,Muniz Ferreira,1991,true,,,existia
2922250,Muquém do São Francisco,1991,true,,,existia
2922300,Muritiba,1991,true,,,existia
2922409,Mutuípe,1991,true,,,existia
2922508,Nazaré,1991,true,,,existia
2922607,Nilo Peçanha,1991,true,,,existia
2922656,Nordestina,1991,true,,,existia
2922706,Nova Canaã,1991,true,,,existia
2922730,Nova Fátima,1991,true,,,existia
2922755,Nova Ibiá,1991,true,,,existia
2922805,Nova Itarana,1991,true,,,existia
2922854,Nova Redenção,1991,true,,,existia
2922904,Nova Soure,1991,true,,,existia
2923001,Nova Viçosa,1991,true,,,existia
2923035,Novo Horizonte,1991,true,,,existia
2923050,Novo Triunfo,1991,true,,,existia
2923100,Olindina,1991,true,,,existia
2923209,Oliveira dos Brejinhos,1991,true,,,existia
2923308,Ouriçangas,1991,true,,,existia
2923357,Ourolândia,1991,true,,,existia
2923407,Palmas de Monte Alto,1991,true,,,existia
2923506,Palmeiras,1991,true,,,existia
2923605,Paramirim,1991,true,,,existia
2923704,Paratinga,1991,true,,,existia
2923803,Paripiranga,1991,true,,,existia
2923902,Pau Brasil,1991,true,,,existia
2924009,Paulo Afonso,1991,true,,,existia
2924058,Pé de Serra,1991,true,,,existia
2924108,Pedrão,1991,true,,,existia
2924207,Pedro Alexandre,1991,true,,,existia
2924306,Piatã,1991,true,,,existia
2924405,Pilão Arcado,1991,true,,,existia
2924504,Pindaí,1991,true,,,existia
2924603,Pindobaçu,1991,true,,,existia
2924652,Pintadas,1991,true,,,existia
2924678,Piraí do Norte,1991,true,,,existia
2924702,Piripá,1991,true,,,existia
2924801,Piritiba,1991,true,,,existia
2924900,Planaltino,1991,true,,,existia
2925006,Planalto,1991,true,,,existia
2925105,Poções,1991,true,,,existia
2925204,Pojuca,1991,true,,,existia
2925253,Ponto Novo,1991,true,,,existia
2925303,Porto Seguro,1991,true,,,existia
2925402,Potiraguá,1991,true,,,existia
2925501,Prado,1991,true,,,existia
2925600,Presidente Dutra,1991,true,,,existia
2925709,Presidente Jânio Quadros,1991,true,,,existia
2925758,Presidente Tancredo Neves,1991,true,,,existia
2925808,Queimadas,1991,true,,,existia
2925907,Quijingue,1991,true,,,existia
2925931,Quixabeira,1991,true,,,existia
2925956,Rafael Jambeiro,1991,true,,,existia
2926004,Remanso,1991,true,,,existia
2926103,Retirolândia,1991,true,,,existia
2926202,Riachão das Neves,1991,true,,,existia
2926301,Riachão do Jacuípe,1991,true,,,existia
2926400,Riacho de Santana,1991,true,,,existia
2926509,Ribeira do Amparo,1991,true,,,existia
2926608,Ribeira do Pombal,1991,true,,,existia
2926657,Ribeirão do Largo,1991,true,,,existia
2926707,Rio de Contas,1991,true,,,existia
2926806,Rio do Antônio,1991,true,,,existia
2926905,Rio do Pires,1991,true,,,existia
2927002,Rio Real,1991,true,,,existia
2927101,Rodelas,1991,true,,,existia
2927200,Ruy Barbosa,1991,true,,,existia
2927309,Salinas da Margarida,1991,true,,,existia
2927408,Salvador,1991,true,,,existia
2927507,Santa Bárbara,1991,true,,,existia
2927606,Santa Brígida,1991,true,,,existia
2927705,Santa Cruz Cabrália,1991,true,,,existia
2927804,Santa Cruz da Vitória,1991,true,,,existia
2927903,Santa Inês,1991,true,,,existia
2928000,Santaluz,1991,true,,,existia
2928059,Santa Luzia,1991,true,,,existia
2928109,Santa Maria da Vitória,1991,true,,,existia
2928208,Santana,1991,true,,,existia
2928307,Santanópolis,1991,true,,,existia
2928406,Santa Rita de Cássia,1991,true,,,existia
2928505,Santa Terezinha,1991,true,,,existia
2928604,Santo Amaro,1991,true,,,existia
2928703,Santo Antônio de Jesus,1991,true,,,existia
2928802,Santo Estêvão,1991,true,,,existia
2928901,São Desidério,1991,true,,,existia
2928950,São Domingos,1991,true,,,existia
2929008,São Félix,1991,true,,,existia
2929057,São Félix do Coribe,1991,true,,,existia
2929107,São Felipe,1991,true,,,existia
2929206,São Francisco do Conde,1991,true,,,existia
2929255,São Gabriel,1991,true,,,existia
2929305,São Gonçalo dos Campos,1991,true,,,existia
2929354,São José da Vitória,1991,true,,,existia
2929370,São José do Jacuípe,1991,true,,,existia
2929404,São Miguel das Matas,1991,true,,,existia
2929503,São Sebastião do Passé,1991,true,,,existia
2929602,Sapeaçu,1991,true,,,existia
2929701,Sátiro Dias,1991,true,,,existia
2929750,Saubara,1991,true,,,existia
2929800,Saúde,1991,true,,,existia
2929909,Seabra,1991,true,,,existia
2930006,Sebastião Laranjeiras,1991,true,,,existia
2930105,Senhor do Bonfim,1991,true,,,existia
2930154,Serra do Ramalho,1991,true,,,existia
2930204,Sento Sé,1991,true,,,existia
2930303,Serra Dourada,1991,true,,,existia
2930402,Serra Preta,1991,true,,,existia
2930501,Serrinha,1991,true,,,existia
2930600,Serrolândia,1991,true,,,existia
2930709,Simões Filho,1991,true,,,existia
2930758,Sítio do Mato,1991,true,,,existia
2930766,Sítio do Quinto,1991,true,,,existia
2930774,Sobradinho,1991,true,,,existia
2930808,Souto Soares,1991,true,,,existia
2930907,Tabocas do Brejo Velho,1991,true,,,existia
2931004,Tanhaçu,1991,true,,,existia
2931053,Tanque Novo,1991,true,,,existia
2931103,Tanquinho,1991,true,,,existia
2931202,Taperoá,1991,true,,,existia
2931301,Tapiramutá,1991,true,,,existia
2931350,Teixeira de Freitas,1991,true,,,existia
2931400,Teodoro Sampaio,1991,true,,,existia
2931509,Teofilândia,1991,true,,,existia
2931608,Teolândia,1991,true,,,existia
2931707,Terra Nova,1991,true,,,existia
2931806,Tremedal,1991,true,,,existia
2931905,Tucano,1991,true,,,existia
2932002,Uauá,1991,true,,,existia
2932101,Ubaíra,1991,true,,,existia
2932200,Ubaitaba,1991,true,,,existia
2932309,Ubatã,1991,true,,,existia
2932408,Uibaí,1991,true,,,existia
2932457,Umburanas,1991,true,,,existia
2932507,Una,1991,true,,,existia
2932606,Urandi,1991,true,,,existia
2932705,Uruçuca,1991,true,,,existia
2932804,Utinga,1991,true,,,existia
2932903,Valença,1991,true,,,existia
2933000,Valente,1991,true,,,existia
2933059,Várzea da Roça,1991,true,,,existia
2933109,Várzea do Poço,1991,true,,,existia
2933158,Várzea Nova,1991,true,,,existia
2933174,Varzedo,1991,true,,,existia
2933208,Vera Cruz,1991,true,,,existia
2933257,Vereda,1991,true,,,existia
2933307,Vitória da Conquista,1991,true,,,existia
2933406,Wagner,1991,true,,,existia
2933455,Wanderley,1991,true,,,existia
2933505,Wenceslau Guimarães,1991,true,,,existia
2933604,Xique-Xique,1991,true,,,existia
3100104,Abadia dos Dourados,1991,true,,,existia
3100203,Abaeté,1991,true,,,existia
3100302,Abre Campo,1991,true,,,existia
3100401,Acaiaca,1991,true,,,existia
3100500,Açucena,1991,true,,,existia
3100609,Água Boa,1991,true,,,existia
3100708,Água Comprida,1991,true,,,existia
3100807,Aguanil,1991,true,,,existia
3100906,Águas Formosas,1991,true,,,existia
3101003,Águas Vermelhas,1991,true,,,existia
3101102,Aimorés,1991,true,,,existia
3101201,Aiuruoca,1991,true,,,existia
3101300,Alagoa,1991,true,,,existia
3101409,Albertina,1991,true,,,existia
3101508,Além Paraíba,1991,true,,,existia
3101607,Alfenas,1991,true,,,existia
3101706,Almenara,1991,true,,,existia
3101805,Alpercata,1991,true,,,existia
3101904,Alpinópolis,1991,true,,,existia
3102001,Alterosa,1991,true,,,existia
3102100,Alto Rio Doce,1991,true,,,existia
3102209,Alvarenga,1991,true,,,existia
3102308,Alvinópolis,1991,true,,,existia
3102407,Alvorada de Minas,1991,true,,,existia
3102506,Amparo do Serra,1991,true,,,existia
3102605,Andradas,1991,true,,,existia
3102704,Cachoeira de Pajeú,1991,true,,,existia
3102803,Andrelândia,1991,true,,,existia
3102902,Antônio Carlos,1991,true,,,existia
3103009,Antônio Dias,1991,true,,,existia
3103108,Antônio Prado de Minas,1991,true,,,existia
3103207,Araçaí,1991,true,,,existia
3103306,Aracitaba,1991,true,,,existia
3103405,Araçuaí,1991,true,,,existia
3103504,Araguari,1991,true,,,existia
3103603,Arantina,1991,true,,,existia
3103702,Araponga,1991,true,,,existia
3103801,Arapuá,1991,true,,,existia
3103900,Araújos,1991,true,,,existia
3104007,Araxá,1991,true,,,existia
3104106,Arceburgo,1991,true,,,existia
3104205,Arcos,1991,true,,,existia
3104304,Areado,1991,true,,,existia
3104403,Argirita,1991,true,,,existia
3104502,Arinos,1991,true,,,existia
3104601,Astolfo Dutra,1991,true,,,existia
3104700,Ataléia,1991,true,,,existia
3104809,Augusto de Lima,1991,true,,,existia
3104908,Baependi,1991,true,,,existia
3105004,Baldim,1991,true,,,existia
3105103,Bambuí,1991,true,,,existia
3105202,Bandeira,1991,true,,,existia
3105301,Bandeira do Sul,1991,true,,,existia
3105400,Barão de Cocais,1991,true,,,existia
3105509,Barão do Monte Alto,1991,true,,,existia
3105608,Barbacena,1991,true,,,existia
3105707,Barra Longa,1991,true,,,existia
3105905,Barroso,1991,true,,,existia
3106002,Bela Vista de Minas,1991,true,,,existia
3106101,Belmiro Braga,1991,true,,,existia
3106200,Belo Horizonte,1991,true,,,existia
3106309,Belo Oriente,1991,true,,,existia
3106408,Belo Vale,1991,true,,,existia
3106507,Berilo,1991,true,,,existia
3106606,Bertópolis,1991,true,,,existia
3106705,Betim,1991,true,,,existia
3106804,Bias Fortes,1991,true,,,existia
3106903,Bicas,1991,true,,,existia
3107000,Biquinhas,1991,true,,,existia
3107109,Boa Esperança,1991,true,,,existia
3107208,Bocaina de Minas,1991,true,,,existia
3107307,Bocaiúva,1991,true,,,existia
3107406,Bom Despacho,1991,true,,,existia
3107505,Bom Jardim de Minas,1991,true,,,existia
3107604,Bom Jesus da Penha,1991,true,,,existia
3107703,Bom Jesus do Amparo,1991,true,,,existia
3107802,Bom Jesus do Galho,1991,true,,,existia
3107901,Bom Repouso,1991,true,,,existia
3108008,Bom Sucesso,1991,true,,,existia
3108107,Bonfim,1991,true,,,existia
3108206,Bonfinópolis de Minas,1991,true,,,existia
3108305,Borda da Mata,1991,true,,,existia
3108404,Botelhos,1991,true,,,existia
3108503,Botumirim,1991,true,,,existia
3108602,Brasília de Minas,1991,true,,,existia
3108701,Brás Pires,1991,true,,,existia
3108800,Braúnas,1991,true,,,existia
3108909,Brazópolis,1991,true,,,existia
3109006,Brumadinho,1991,true,,,existia
3109105,Bueno Brandão,1991,true,,,existia
3109204,Buenópolis,1991,true,,,existia
3109303,Buritis,1991,true,,,existia
3109402,Buritizeiro,1991,true,,,existia
3109501,Cabo Verde,1991,true,,,existia
3109600,Cachoeira da Prata,1991,true,,,existia
3109709,Cachoeira de Minas,1991,true,,,existia
3109808,Cachoeira Dourada,1991,true,,,existia
3109907,Caetanópolis,1991,true,,,existia
3110004,Caeté,1991,true,,,existia
3110103,Caiana,1991,true,,,existia
3110202,Cajuri,1991,true,,,existia
3110301,Caldas,1991,true,,,existia
3110400,Camacho,1991,true,,,existia
3110509,Camanducaia,1991,true,,,existia
3110608,Cambuí,1991,true,,,existia
3110707,Cambuquira,1991,true,,,existia
3110806,Campanário,1991,true,,,existia
3110905,Campanha,1991,true,,,existia
3111002,Campestre,1991,true,,,existia
3111101,Campina Verde,1991,true,,,existia
3111200,Campo Belo,1991,true,,,existia
3111309,Campo do Meio,1991,true,,,existia
3111408,Campo Florido,1991,true,,,existia
3111507,Campos Altos,1991,true,,,existia
3111606,Campos Gerais,1991,true,,,existia
3111705,Canaã,1991,true,,,existia
3111804,Canápolis,1991,true,,,existia
3111903,Cana Verde,1991,true,,,existia
3112000,Candeias,1991,true,,,existia
3112109,Caparaó,1991,true,,,existia
3112208,Capela Nova,1991,true,,,existia
3112307,Capelinha,1991,true,,,existia
3112406,Capetinga,1991,true,,,existia
3112505,Capim Branco,1991,true,,,existia
3112604,Capinópolis,1991,true,,,existia
3112703,Capitão Enéas,1991,true,,,existia
3112802,Capitólio,1991,true,,,existia
3112901,Caputira,1991,true,,,existia
3113008,Caraí,1991,true,,,existia
3113107,Caranaíba,1991,true,,,existia
3113206,Carandaí,1991,true,,,existia
3113305,Carangola,1991,true,,,existia
3113404,Caratinga,1991,true,,,existia
3113503,Carbonita,1991,true,,,existia
3113602,Careaçu,1991,true,,,existia
3113701,Carlos Chagas,1991,true,,,existia
3113800,Carmésia,1991,true,,,existia
3113909,Carmo da Cachoeira,1991,true,,,existia
3114006,Carmo da Mata,1991,true,,,existia
3114105,Carmo de Minas,1991,true,,,existia
3114204,Carmo do Cajuru,1991,true,,,existia
3114303,Carmo do Paranaíba,1991,true,,,existia
3114402,Carmo do Rio Claro,1991,true,,,existia
3114501,Carmópolis de Minas,1991,true,,,existia
3114600,Carrancas,1991,true,,,existia
3114709,Carvalhópolis,1991,true,,,existia
3114808,Carvalhos,1991,true,,,existia
3114907,Casa Grande,1991,true,,,existia
3115003,Cascalho Rico,1991,true,,,existia
3115102,Cássia,1991,true,,,existia
3115201,Conceição da Barra de Minas,1991,true,,,existia
3115300,Cataguases,1991,true,,,existia
3115409,Catas Altas da Noruega,1991,true,,,existia
3115508,Caxambu,1991,true,,,existia
3115607,Cedro do Abaeté,1991,true,,,existia
3115706,Central de Minas,1991,true,,,existia
3115805,Centralina,1991,true,,,existia
3115904,Chácara,1991,true,,,existia
3116001,Chalé,1991,true,,,existia
3116100,Chapada do Norte,1991,true,,,existia
3116209,Chiador,1991,true,,,existia
3116308,Cipotânea,1991,true,,,existia
3116407,Claraval,1991,true,,,existia
3116506,Claro dos Poções,1991,true,,,existia
3116605,Cláudio,1991,true,,,existia
3116704,Coimbra,1991,true,,,existia
3116803,Coluna,1991,true,,,existia
3116902,Comendador Gomes,1991,true,,,existia
3117009,Comercinho,1991,true,,,existia
3117108,Conceição da Aparecida,1991,true,,,existia
3117207,Conceição das Pedras,1991,true,,,existia
3117306,Conceição das Alagoas,1991,true,,,existia
3117405,Conceição de Ipanema,1991,true,,,existia
3117504,Conceição do Mato Dentro,1991,true,,,existia
3117603,Conceição do Pará,1991,true,,,existia
3117702,Conceição do Rio Verde,1991,true,,,existia
3117801,Conceição dos Ouros,1991,true,,,existia
3117900,Congonhal,1991,true,,,existia
3118007,Congonhas,1991,true,,,existia
3118106,Congonhas do Norte,1991,true,,,existia
3118205,Conquista,1991,true,,,existia
3118304,Conselheiro Lafaiete,1991,true,,,existia
3118403,Conselheiro Pena,1991,true,,,existia
3118502,Consolação,1991,true,,,existia
3118601,Contagem,1991,true,,,existia
3118700,Coqueiral,1991,true,,,existia
3118809,Coração de Jesus,1991,true,,,existia
3118908,Cordisburgo,1991,true,,,existia
3119005,Cordislândia,1991,true,,,existia
3119104,Corinto,1991,true,,,existia
3119203,Coroaci,1991,true,,,existia
3119302,Coromandel,1991,true,,,existia
3119401,Coronel Fabriciano,1991,true,,,existia
3119500,Coronel Murta,1991,true,,,existia
3119609,Coronel Pacheco,1991,true,,,existia
3119708,Coronel Xavier Chaves,1991,true,,,existia
3119807,Córrego Danta,1991,true,,,existia
3119906,Córrego do Bom Jesus,1991,true,,,existia
3120003,Córrego Novo,1991,true,,,existia
3120102,Couto de Magalhães de Minas,1991,true,,,existia
3120201,Cristais,1991,true,,,existia
3120300,Cristália,1991,true,,,existia
3120409,Cristiano Otoni,1991,true,,,existia
3120508,Cristina,1991,true,,,existia
3120607,Crucilândia,1991,true,,,existia
3120706,Cruzeiro da Fortaleza,1991,true,,,existia
3120805,Cruzília,1991,true,,,existia
3120904,Curvelo,1991,true,,,existia
3121001,Datas,1991,true,,,existia
3121100,Delfim Moreira,1991,true,,,existia
3121209,Delfinópolis,1991,true,,,existia
3121308,Descoberto,1991,true,,,existia
3121407,Desterro de Entre Rios,1991,true,,,existia
3121506,Desterro do Melo,1991,true,,,existia
3121605,Diamantina,1991,true,,,existia
3121704,Diogo de Vasconcelos,1991,true,,,existia
3121803,Dionísio,1991,true,,,existia
3121902,Divinésia,1991,true,,,existia
3122009,Divino,1991,true,,,existia
3122108,Divino das Laranjeiras,1991,true,,,existia
3122207,Divinolândia de Minas,1991,true,,,existia
3122306,Divinópolis,1991,true,,,existia
3122405,Divisa Nova,1991,true,,,existia
3122504,Dom Cavati,1991,true,,,existia
3122603,Dom Joaquim,1991,true,,,existia
3122702,Dom Silvério,1991,true,,,existia
3122801,Dom Viçoso,1991,true,,,existia
3122900,Dona Euzébia,1991,true,,,existia
3123007,Dores de Campos,1991,true,,,existia
3123106,Dores de Guanhães,1991,true,,,existia
3123205,Dores do Indaiá,1991,true,,,existia
3123304,Dores do Turvo,1991,true,,,existia
3123403,Doresópolis,1991,true,,,existia
3123502,Douradoquara,1991,true,,,existia
3123601,Elói Mendes,1991,true,,,existia
3123700,Engenheiro Caldas,1991,true,,,existia
3123809,Engenheiro Navarro,1991,true,,,existia
3123908,Entre Rios de Minas,1991,true,,,existia
3124005,Ervália,1991,true,,,existia
3124104,Esmeraldas,1991,true,,,existia
3124203,Espera Feliz,1991,true,,,existia
3124302,Espinosa,1991,true,,,existia
3124401,Espírito Santo do Dourado,1991,true,,,existia
3124500,Estiva,1991,true,,,existia
3124609,Estrela Dalva,1991,true,,,existia
3124708,Estrela do Indaiá,1991,true,,,existia
3124807,Estrela do Sul,1991,true,,,existia
3124906,Eugenópolis,1991,true,,,existia
3125002,Ewbank da Câmara,1991,true,,,existia
3125101,Extrema,1991,true,,,existia
3125200,Fama,1991,true,,,existia
3125309,Faria Lemos,1991,true,,,existia
3125408,Felício dos Santos,1991,true,,,existia
3125507,São Gonçalo do Rio Preto,1991,true,,,existia
3125606,Felisburgo,1991,true,,,existia
3125705,Felixlândia,1991,true,,,existia
3125804,Fernandes Tourinho,1991,true,,,existia
3125903,Ferros,1991,true,,,existia
3126000,Florestal,1991,true,,,existia
3126109,Formiga,1991,true,,,existia
3126208,Formoso,1991,true,,,existia
3126307,Fortaleza de Minas,1991,true,,,existia
3126406,Fortuna de Minas,1991,true,,,existia
3126505,Francisco Badaró,1991,true,,,existia
3126604,Francisco Dumont,1991,true,,,existia
3126703,Francisco Sá,1991,true,,,existia
3126802,Frei Gaspar,1991,true,,,existia
3126901,Frei Inocêncio,1991,true,,,existia
3127008,Fronteira,1991,true,,,existia
3127057,Fronteira dos Vales,1991,true,,,existia
3127107,Frutal,1991,true,,,existia
3127206,Funilândia,1991,true,,,existia
3127305,Galiléia,1991,true,,,existia
3127404,Gonçalves,1991,true,,,existia
3127503,Gonzaga,1991,true,,,existia
3127602,Gouveia,1991,true,,,existia
3127701,Governador Valadares,1991,true,,,existia
3127800,Grão Mogol,1991,true,,,existia
3127909,Grupiara,1991,true,,,existia
3128006,Guanhães,1991,true,,,existia
3128105,Guapé,1991,true,,,existia
3128204,Guaraciaba,1991,true,,,existia
3128303,Guaranésia,1991,true,,,existia
3128402,Guarani,1991,true,,,existia
3128501,Guarará,1991,true,,,existia
3128600,Guarda-Mor,1991,true,,,existia
3128709,Guaxupé,1991,true,,,existia
3128808,Guidoval,1991,true,,,existia
3128907,Guimarânia,1991,true,,,existia
3129004,Guiricema,1991,true,,,existia
3129103,Gurinhatã,1991,true,,,existia
3129202,Heliodora,1991,true,,,existia
3129301,Iapu,1991,true,,,existia
3129400,Ibertioga,1991,true,,,existia
3129509,Ibiá,1991,true,,,existia
3129608,Ibiaí,1991,true,,,existia
3129707,Ibiraci,1991,true,,,existia
3129806,Ibirité,1991,true,,,existia
3129905,Ibitiúra de Minas,1991,true,,,existia
3130002,Ibituruna,1991,true,,,existia
3130101,Igarapé,1991,true,,,existia
3130200,Igaratinga,1991,true,,,existia
3130309,Iguatama,1991,true,,,existia
3130408,Ijaci,1991,true,,,existia
3130507,Ilicínea,1991,true,,,existia
3130606,Inconfidentes,1991,true,,,existia
3130705,Indianópolis,1991,true,,,existia
3130804,Ingaí,1991,true,,,existia
3130903,Inhapim,1991,true,,,existia
3131000,Inhaúma,1991,true,,,existia
3131109,Inimutaba,1991,true,,,existia
3131208,Ipanema,1991,true,,,existia
3131307,Ipatinga,1991,true,,,existia
3131406,Ipiaçu,1991,true,,,existia
3131505,Ipuiúna,1991,true,,,existia
3131604,Iraí de Minas,1991,true,,,existia
3131703,Itabira,1991,true,,,existia
3131802,Itabirinha,1991,true,,,existia
3131901,Itabirito,1991,true,,,existia
3132008,Itacambira,1991,true,,,existia
3132107,Itacarambi,1991,true,,,existia
3132206,Itaguara,1991,true,,,existia
3132305,Itaipé,1991,true,,,existia
3132404,Itajubá,1991,true,,,existia
3132503,Itamarandiba,1991,true,,,existia
3132602,Itamarati de Minas,1991,true,,,existia
3132701,Itambacuri,1991,true,,,existia
3132800,Itambé do Mato Dentro,1991,true,,,existia
3132909,Itamogi,1991,true,,,existia
3133006,Itamonte,1991,true,,,existia
3133105,Itanhandu,1991,true,,,existia
3133204,Itanhomi,1991,true,,,existia
3133303,Itaobim,1991,true,,,existia
3133402,Itapagipe,1991,true,,,existia
3133501,Itapecerica,1991,true,,,existia
3133600,Itapeva,1991,true,,,existia
3133709,Itatiaiuçu,1991,true,,,existia
3133758,Itaú de Minas,1991,true,,,existia
3133808,Itaúna,1991,true,,,existia
3133907,Itaverava,1991,true,,,existia
3134004,Itinga,1991,true,,,existia
3134103,Itueta,1991,true,,,existia
3134202,Ituiutaba,1991,true,,,existia
3134301,Itumirim,1991,true,,,existia
3134400,Iturama,1991,true,,,existia
3134509,Itutinga,1991,true,,,existia
3134608,Jaboticatubas,1991,true,,,existia
3134707,Jacinto,1991,true,,,existia
3134806,Jacuí,1991,true,,,existia
3134905,Jacutinga,1991,true,,,existia
3135001,Jaguaraçu,1991,true,,,existia
3135100,Janaúba,1991,true,,,existia
3135209,Januária,1991,true,,,existia
3135308,Japaraíba,1991,true,,,existia
3135407,Jeceaba,1991,true,,,existia
3135506,Jequeri,1991,true,,,existia
3135605,Jequitaí,1991,true,,,existia
3135704,Jequitibá,1991,true,,,existia
3135803,Jequitinhonha,1991,true,,,existia
3135902,Jesuânia,1991,true,,,existia
3136009,Joaíma,1991,true,,,existia
3136108,Joanésia,1991,true,,,existia
3136207,João Monlevade,1991,true,,,existia
3136306,João Pinheiro,1991,true,,,existia
3136405,Joaquim Felício,1991,true,,,existia
3136504,Jordânia,1991,true,,,existia
3136603,Nova União,1991,true,,,existia
3136702,Juiz de Fora,1991,true,,,existia
3136801,Juramento,1991,true,,,existia
3136900,Juruaia,1991,true,,,existia
3137007,Ladainha,1991,true,,,existia
3137106,Lagamar,1991,true,,,existia
3137205,Lagoa da Prata,1991,true,,,existia
3137304,Lagoa dos Patos,1991,true,,,existia
3137403,Lagoa Dourada,1991,true,,,existia
3137502,Lagoa Formosa,1991,true,,,existia
3137601,Lagoa Santa,1991,true,,,existia
3137700,Lajinha,1991,true,,,existia
3137809,Lambari,1991,true,,,existia
3137908,Lamim,1991,true,,,existia
3138005,Laranjal,1991,true,,,existia
3138104,Lassance,1991,true,,,existia
3138203,Lavras,1991,true,,,existia
3138302,Leandro Ferreira,1991,true,,,existia
3138401,Leopoldina,1991,true,,,existia
3138500,Liberdade,1991,true,,,existia
3138609,Lima Duarte,1991,true,,,existia
3138708,Luminárias,1991,true,,,existia
3138807,Luz,1991,true,,,existia
3138906,Machacalis,1991,true,,,existia
3139003,Machado,1991,true,,,existia
3139102,Madre de Deus de Minas,1991,true,,,existia
3139201,Malacacheta,1991,true,,,existia
3139300,Manga,1991,true,,,existia
3139409,Manhuaçu,1991,true,,,existia
3139508,Manhumirim,1991,true,,,existia
3139607,Mantena,1991,true,,,existia
3139706,Maravilhas,1991,true,,,existia
3139805,Mar de Espanha,1991,true,,,existia
3139904,Maria da Fé,1991,true,,,existia
3140001,Mariana,1991,true,,,existia
3140100,Marilac,1991,true,,,existia
3140209,Maripá de Minas,1991,true,,,existia
3140308,Marliéria,1991,true,,,existia
3140407,Marmelópolis,1991,true,,,existia
3140506,Martinho Campos,1991,true,,,existia
3140605,Materlândia,1991,true,,,existia
3140704,Mateus Leme,1991,true,,,existia
3140803,Matias Barbosa,1991,true,,,existia
3140902,Matipó,1991,true,,,existia
3141009,Mato Verde,1991,true,,,existia
3141108,Matozinhos,1991,true,,,existia
3141207,Matutina,1991,true,,,existia
3141306,Medeiros,1991,true,,,existia
3141405,Medina,1991,true,,,existia
3141504,Mendes Pimentel,1991,true,,,existia
3141603,Mercês,1991,true,,,existia
3141702,Mesquita,1991,true,,,existia
3141801,Minas Novas,1991,true,,,existia
3141900,Minduri,1991,true,,,existia
3142007,Mirabela,1991,true,,,existia
3142106,Miradouro,1991,true,,,existia
3142205,Miraí,1991,true,,,existia
3142304,Moeda,1991,true,,,existia
3142403,Moema,1991,true,,,existia
3142502,Monjolos,1991,true,,,existia
3142601,Monsenhor Paulo,1991,true,,,existia
3142700,Montalvânia,1991,true,,,existia
3142809,Monte Alegre de Minas,1991,true,,,existia
3142908,Monte Azul,1991,true,,,existia
3143005,Monte Belo,1991,true,,,existia
3143104,Monte Carmelo,1991,true,,,existia
3143203,Monte Santo de Minas,1991,true,,,existia
3143302,Montes Claros,1991,true,,,existia
3143401,Monte Sião,1991,true,,,existia
3143500,Morada Nova de Minas,1991,true,,,existia
3143609,Morro da Garça,1991,true,,,existia
3143708,Morro do Pilar,1991,true,,,existia
3143807,Munhoz,1991,true,,,existia
3143906,Muriaé,1991,true,,,existia
3144003,Mutum,1991,true,,,existia
3144102,Muzambinho,1991,true,,,existia
3144201,Nacip Raydan,1991,true,,,existia
3144300,Nanuque,1991,true,,,existia
3144409,Natércia,1991,true,,,existia
3144508,Nazareno,1991,true,,,existia
3144607,Nepomuceno,1991,true,,,existia
3144706,Nova Era,1991,true,,,existia
3144805,Nova Lima,1991,true,,,existia
3144904,Nova Módica,1991,true,,,existia
3145000,Nova Ponte,1991,true,,,existia
3145109,Nova Resende,1991,true,,,existia
3145208,Nova Serrana,1991,true,,,existia
3145307,Novo Cruzeiro,1991,true,,,existia
3145406,Olaria,1991,true,,,existia
3145505,Olímpio Noronha,1991,true,,,existia
3145604,Oliveira,1991,true,,,existia
3145703,Oliveira Fortes,1991,true,,,existia
3145802,Onça de Pitangui,1991,true,,,existia
3145901,Ouro Branco,1991,true,,,existia
3146008,Ouro Fino,1991,true,,,existia
3146107,Ouro Preto,1991,true,,,existia
3146206,Ouro Verde de Minas,1991,true,,,existia
3146305,Padre Paraíso,1991,true,,,existia
3146404,Paineiras,1991,true,,,existia
3146503,Pains,1991,true,,,existia
3146602,Paiva,1991,true,,,existia
3146701,Palma,1991,true,,,existia
3146909,Papagaios,1991,true,,,existia
3147006,Paracatu,1991,true,,,existia
3147105,Pará de Minas,1991,true,,,existia
3147204,Paraguaçu,1991,true,,,existia
3147303,Paraisópolis,1991,true,,,existia
3147402,Paraopeba,1991,true,,,existia
3147501,Passabém,1991,true,,,existia
3147600,Passa Quatro,1991,true,,,existia
3147709,Passa Tempo,1991,true,,,existia
3147808,Passa Vinte,1991,true,,,existia
3147907,Passos,1991,true,,,existia
3148004,Patos de Minas,1991,true,,,existia
3148103,Patrocínio,1991,true,,,existia
3148202,Patrocínio do Muriaé,1991,true,,,existia
3148301,Paula Cândido,1991,true,,,existia
3148400,Paulistas,1991,true,,,existia
3148509,Pavão,1991,true,,,existia
3148608,Peçanha,1991,true,,,existia
3148707,Pedra Azul,1991,true,,,existia
3148806,Pedra do Anta,1991,true,,,existia
3148905,Pedra do Indaiá,1991,true,,,existia
3149002,Pedra Dourada,1991,true,,,existia
3149101,Pedralva,1991,true,,,existia
3149200,Pedrinópolis,1991,true,,,existia
3149309,Pedro Leopoldo,1991,true,,,existia
3149408,Pedro Teixeira,1991,true,,,existia
3149507,Pequeri,1991,true,,,existia
3149606,Pequi,1991,true,,,existia
3149705,Perdigão,1991,true,,,existia
3149804,Perdizes,1991,true,,,existia
3149903,Perdões,1991,true,,,existia
3150000,Pescador,1991,true,,,existia
3150109,Piau,1991,true,,,existia
3150208,Piedade de Ponte Nova,1991,true,,,existia
3150307,Piedade do Rio Grande,1991,true,,,existia
3150406,Piedade dos Gerais,1991,true,,,existia
3150505,Pimenta,1991,true,,,existia
3150604,Piracema,1991,true,,,existia
3150703,Pirajuba,1991,true,,,existia
3150802,Piranga,1991,true,,,existia
3150901,Piranguçu,1991,true,,,existia
3151008,Piranguinho,1991,true,,,existia
3151107,Pirapetinga,1991,true,,,existia
3151206,Pirapora,1991,true,,,existia
3151305,Piraúba,1991,true,,,existia
3151404,Pitangui,1991,true,,,existia
3151503,Piumhi,1991,true,,,existia
3151602,Planura,1991,true,,,existia
3151701,Poço Fundo,1991,true,,,existia
3151800,Poços de Caldas,1991,true,,,existia
3151909,Pocrane,1991,true,,,existia
3152006,Pompéu,1991,true,,,existia
3152105,Ponte Nova,1991,true,,,existia
3152204,Porteirinha,1991,true,,,existia
3152303,Porto Firme,1991,true,,,existia
3152402,Poté,1991,true,,,existia
3152501,Pouso Alegre,1991,true,,,existia
3152600,Pouso Alto,1991,true,,,existia
3152709,Prados,1991,true,,,existia
3152808,Prata,1991,true,,,existia
3152907,Pratápolis,1991,true,,,existia
3153004,Pratinha,1991,true,,,existia
3153103,Presidente Bernardes,1991,true,,,existia
3153202,Presidente Juscelino,1991,true,,,existia
3153301,Presidente Kubitschek,1991,true,,,existia
3153400,Presidente Olegário,1991,true,,,existia
3153509,Alto Jequitibá,1991,true,,,existia
3153608,Prudente de Morais,1991,true,,,existia
3153707,Quartel Geral,1991,true,,,existia
3153806,Queluzito,1991,true,,,existia
3153905,Raposos,1991,true,,,existia
3154002,Raul Soares,1991,true,,,existia
3154101,Recreio,1991,true,,,existia
3154200,Resende Costa,1991,true,,,existia
3154309,Resplendor,1991,true,,,existia
3154408,Ressaquinha,1991,true,,,existia
3154507,Riacho dos Machados,1991,true,,,existia
3154606,Ribeirão das Neves,1991,true,,,existia
3154705,Ribeirão Vermelho,1991,true,,,existia
3154804,Rio Acima,1991,true,,,existia
3154903,Rio Casca,1991,true,,,existia
3155009,Rio Doce,1991,true,,,existia
3155108,Rio do Prado,1991,true,,,existia
3155207,Rio Espera,1991,true,,,existia
3155306,Rio Manso,1991,true,,,existia
3155405,Rio Novo,1991,true,,,existia
3155504,Rio Paranaíba,1991,true,,,existia
3155603,Rio Pardo de Minas,1991,true,,,existia
3155702,Rio Piracicaba,1991,true,,,existia
3155801,Rio Pomba,1991,true,,,existia
3155900,Rio Preto,1991,true,,,existia
3156007,Rio Vermelho,1991,true,,,existia
3156106,Ritápolis,1991,true,,,existia
3156205,Rochedo de Minas,1991,true,,,existia
3156304,Rodeiro,1991,true,,,existia
3156403,Romaria,1991,true,,,existia
3156502,Rubelita,1991,true,,,existia
3156601,Rubim,1991,true,,,existia
3156700,Sabará,1991,true,,,existia
3156809,Sabinópolis,1991,true,,,existia
3156908,Sacramento,1991,true,,,existia
3157005,Salinas,1991,true,,,existia
3157104,Salto da Divisa,1991,true,,,existia
3157203,Santa Bárbara,1991,true,,,existia
3157302,Santa Bárbara do Tugúrio,1991,true,,,existia
3157401,Santa Cruz do Escalvado,1991,true,,,existia
3157500,Santa Efigênia de Minas,1991,true,,,existia
3157609,Santa Fé de Minas,1991,true,,,existia
3157708,Santa Juliana,1991,true,,,existia
3157807,Santa Luzia,1991,true,,,existia
3157906,Santa Margarida,1991,true,,,existia
3158003,Santa Maria de Itabira,1991,true,,,existia
3158102,Santa Maria do Salto,1991,true,,,existia
3158201,Santa Maria do Suaçuí,1991,true,,,existia
3158300,Santana da Vargem,1991,true,,,existia
3158409,Santana de Cataguases,1991,true,,,existia
3158508,Santana de Pirapama,1991,true,,,existia
3158607,Santana do Deserto,1991,true,,,existia
3158706,Santana do Garambéu,1991,true,,,existia
3158805,Santana do Jacaré,1991,true,,,existia
3158904,Santana do Manhuaçu,1991,true,,,existia
3159001,Santana do Riacho,1991,true,,,existia
3159100,Santana dos Montes,1991,true,,,existia
3159209,Santa Rita de Caldas,1991,true,,,existia
3159308,Santa Rita de Jacutinga,1991,true,,,existia
3159407,Santa Rita de Ibitipoca,1991,true,,,existia
3159506,Santa Rita do Itueto,1991,true,,,existia
3159605,Santa Rita do Sapucaí,1991,true,,,existia
3159704,Santa Rosa da Serra,1991,true,,,existia
3159803,Santa Vitória,1991,true,,,existia
3159902,Santo Antônio do Amparo,1991,true,,,existia
3160009,Santo Antônio do Aventureiro,1991,true,,,existia
3160108,Santo Antônio do Grama,1991,true,,,existia
3160207,Santo Antônio do Itambé,1991,true,,,existia
3160306,Santo Antônio do Jacinto,1991,true,,,existia
3160405,Santo Antônio do Monte,1991,true,,,existia
3160504,Santo Antônio do Rio Abaixo,1991,true,,,existia
3160603,Santo Hipólito,1991,true,,,existia
3160702,Santos Dumont,1991,true,,,existia
3160801,São Bento Abade,1991,true,,,existia
3160900,São Brás do Suaçuí,1991,true,,,existia
3161007,São Domingos do Prata,1991,true,,,existia
3161106,São Francisco,1991,true,,,existia
3161205,São Francisco de Paula,1991,true,,,existia
3161304,São Francisco de Sales,1991,true,,,existia
3161403,São Francisco do Glória,1991,true,,,existia
3161502,São Geraldo,1991,true,,,existia
3161601,São Geraldo da Piedade,1991,true,,,existia
3161700,São Gonçalo do Abaeté,1991,true,,,existia
3161809,São Gonçalo do Pará,1991,true,,,existia
3161908,São Gonçalo do Rio Abaixo,1991,true,,,existia
3162005,São Gonçalo do Sapucaí,1991,true,,,existia
3162104,São Gotardo,1991,true,,,existia
3162203,São João Batista do Glória,1991,true,,,existia
3162302,São João da Mata,1991,true,,,existia
3162401,São João da Ponte,1991,true,,,existia
3162500,São João del Rei,1991,true,,,existia
3162609,São João do Oriente,1991,true,,,existia
3162708,São João do Paraíso,1991,true,,,existia
3162807,São João Evangelista,1991,true,,,existia
3162906,São João Nepomuceno,1991,true,,,existia
3163003,São José da Safira,1991,true,,,existia
3163102,São José da Varginha,1991,true,,,existia
3163201,São José do Alegre,1991,true,,,existia
3163300,São José do Divino,1991,true,,,existia
3163409,São José do Goiabal,1991,true,,,existia
3163508,São José do Jacuri,1991,true,,,existia
3163607,São José do Mantimento,1991,true,,,existia
3163706,São Lourenço,1991,true,,,existia
3163805,São Miguel do Anta,1991,true,,,existia
3163904,São Pedro da União,1991,true,,,existia
3164001,São Pedro dos Ferros,1991,true,,,existia
3164100,São Pedro do Suaçuí,1991,true,,,existia
3164209,São Romão,1991,true,,,existia
3164308,São Roque de Minas,1991,true,,,existia
3164407,São Sebastião da Bela Vista,1991,true,,,existia
3164506,São Sebastião do Maranhão,1991,true,,,existia
3164605,São Sebastião do Oeste,1991,true,,,existia
3164704,São Sebastião do Paraíso,1991,true,,,existia
3164803,São Sebastião do Rio Preto,1991,true,,,existia
3164902,São Sebastião do Rio Verde,1991,true,,,existia
3165008,São Tiago,1991,true,,,existia
3165107,São Tomás de Aquino,1991,true,,,existia
3165206,São Tomé das Letras,1991,true,,,existia
3165305,São Vicente de Minas,1991,true,,,existia
3165404,Sapucaí-Mirim,1991,true,,,existia
3165503,Sardoá,1991,true,,,existia
3165602,Senador Cortes,1991,true,,,existia
3165701,Senador Firmino,1991,true,,,existia
3165800,Senador José Bento,1991,true,,,existia
3165909,Senador Modestino Gonçalves,1991,true,,,existia
3166006,Senhora de Oliveira,1991,true,,,existia
3166105,Senhora do Porto,1991,true,,,existia
3166204,Senhora dos Remédios,1991,true,,,existia
3166303,Sericita,1991,true,,,existia
3166402,Seritinga,1991,true,,,existia
3166501,Serra Azul de Minas,1991,true,,,existia
3166600,Serra da Saudade,1991,true,,,existia
3166709,Serra dos Aimorés,1991,true,,,existia
3166808,Serra do Salitre,1991,true,,,existia
3166907,Serrania,1991,true,,,existia
3167004,Serranos,1991,true,,,existia
3167103,Serro,1991,true,,,existia
3167202,Sete Lagoas,1991,true,,,existia
3167301,Silveirânia,1991,true,,,existia
3167400,Silvianópolis,1991,true,,,existia
3167509,Simão Pereira,1991,true,,,existia
3167608,Simonésia,1991,true,,,existia
3167707,Sobrália,1991,true,,,existia
3167806,Soledade de Minas,1991,true,,,existia
3167905,Tabuleiro,1991,true,,,existia
3168002,Taiobeiras,1991,true,,,existia
3168101,Tapira,1991,true,,,existia
3168200,Tapiraí,1991,true,,,existia
3168309,Taquaraçu de Minas,1991,true,,,existia
3168408,Tarumirim,1991,true,,,existia
3168507,Teixeiras,1991,true,,,existia
3168606,Teófilo Otoni,1991,true,,,existia
3168705,Timóteo,1991,true,,,existia
3168804,Tiradentes,1991,true,,,existia
3168903,Tiros,1991,true,,,existia
3169000,Tocantins,1991,true,,,existia
3169109,Toledo,1991,true,,,existia
3169208,Tombos,1991,true,,,existia
3169307,Três Corações,1991,true,,,existia
3169356,Três Marias,1991,true,,,existia
3169406,Três Pontas,1991,true,,,existia
3169505,Tumiritinga,1991,true,,,existia
3169604,Tupaciguara,1991,true,,,existia
3169703,Turmalina,1991,true,,,existia
3169802,Turvolândia,1991,true,,,existia
3169901,Ubá,1991,true,,,existia
3170008,Ubaí,1991,true,,,existia
3170107,Uberaba,1991,true,,,existia
3170206,Uberlândia,1991,true,,,existia
3170305,Umburatiba,1991,true,,,existia
3170404,Unaí,1991,true,,,existia
3170503,Urucânia,1991,true,,,existia
3170602,Vargem Bonita,1991,true,,,existia
3170701,Varginha,1991,true,,,existia
3170800,Várzea da Palma,1991,true,,,existia
3170909,Varzelândia,1991,true,,,existia
3171006,Vazante,1991,true,,,existia
3171105,Veríssimo,1991,true,,,existia
3171204,Vespasiano,1991,true,,,existia
3171303,Viçosa,1991,true,,,existia
3171402,Vieiras,1991,true,,,existia
3171501,Mathias Lobato,1991,true,,,existia
3171600,Virgem da Lapa,1991,true,,,existia
3171709,Virgínia,1991,true,,,existia
3171808,Virginópolis,1991,true,,,existia
3171907,Virgolândia,1991,true,,,existia
3172004,Visconde do Rio Branco,1991,true,,,existia
3172103,Volta Grande,1991,true,,,existia
3172202,Wenceslau Braz,1991,true,,,existia
3200102,Afonso Cláudio,1991,true,,,existia
3200136,Águia Branca,1991,true,,,existia
3200169,Água Doce do Norte,1991,true,,,existia
3200201,Alegre,1991,true,,,existia
3200300,Alfredo Chaves,1991,true,,,existia
3200359,Alto Rio Novo,1991,true,,,existia
3200409,Anchieta,1991,true,,,existia
3200508,Apiacá,1991,true,,,existia
3200607,Aracruz,1991,true,,,existia
3200706,Atílio Vivácqua,1991,true,,,existia
3200805,Baixo Guandu,1991,true,,,existia
3200904,Barra de São Francisco,1991,true,,,existia
3201001,Boa Esperança,1991,true,,,existia
3201100,Bom Jesus do Norte,1991,true,,,existia
3201209,Cachoeiro de Itapemirim,1991,true,,,existia
3201308,Cariacica,1991,true,,,existia
3201407,Castelo,1991,true,,,existia
3201506,Colatina,1991,true,,,existia
3201605,Conceição da Barra,1991,true,,,existia
3201704,Conceição do Castelo,1991,true,,,existia
3201803,Divino de São Lourenço,1991,true,,,existia
3201902,Domingos Martins,1991,true,,,existia
3202009,Dores do Rio Preto,1991,true,,,existia
3202108,Ecoporanga,1991,true,,,existia
3202207,Fundão,1991,true,,,existia
3202306,Guaçuí,1991,true,,,existia
3202405,Guarapari,1991,true,,,existia
3202454,Ibatiba,1991,true,,,existia
3202504,Ibiraçu,1991,true,,,existia
3202553,Ibitirama,1991,true,,,existia
3202603,Iconha,1991,true,,,existia
3202702,Itaguaçu,1991,true,,,existia
3202801,Itapemirim,1991,true,,,existia
3202900,Itarana,1991,true,,,existia
3203007,Iúna,1991,true,,,existia
3203056,Jaguaré,1991,true,,,existia
3203106,Jerônimo Monteiro,1991,true,,,existia
3203130,João Neiva,1991,true,,,existia
3203163,Laranja da Terra,1991,true,,,existia
3203205,Linhares,1991,true,,,existia
3203304,Mantenópolis,1991,true,,,existia
3203353,Marilândia,1991,true,,,existia
3203403,Mimoso do Sul,1991,true,,,existia
3203502,Montanha,1991,true,,,existia
3203601,Mucurici,1991,true,,,existia
3203700,Muniz Freire,1991,true,,,existia
3203809,Muqui,1991,true,,,existia
3203908,Nova Venécia,1991,true,,,existia
3204005,Pancas,1991,true,,,existia
3204054,Pedro Canário,1991,true,,,existia
3204104,Pinheiros,1991,true,,,existia
3204203,Piúma,1991,true,,,existia
3204302,Presidente Kennedy,1991,true,,,existia
3204351,Rio Bananal,1991,true,,,existia
3204401,Rio Novo do Sul,1991,true,,,existia
3204500,Santa Leopoldina,1991,true,,,existia
3204559,Santa Maria de Jetibá,1991,true,,,existia
3204609,Santa Teresa,1991,true,,,existia
3204708,São Gabriel da Palha,1991,true,,,existia
3204807,São José do Calçado,1991,true,,,existia
3204906,São Mateus,1991,true,,,existia
3205002,Serra,1991,true,,,existia
3205036,Vargem Alta,1991,true,,,existia
3205069,Venda Nova do Imigrante,1991,true,,,existia
3205101,Viana,1991,true,,,existia
3205200,Vila Velha,1991,true,,,existia
3205309,Vitória,1991,true,,,existia
3300100,Angra dos Reis,1991,true,,,existia
3300209,Araruama,1991,true,,,existia
3300258,Arraial do Cabo,1991,true,,,existia
3300308,Barra do Piraí,1991,true,,,existia
3300407,Barra Mansa,1991,true,,,existia
3300506,Bom Jardim,1991,true,,,existia
3300605,Bom Jesus do Itabapoana,1991,true,,,existia
3300704,Cabo Frio,1991,true,,,existia
3300803,Cachoeiras de Macacu,1991,true,,,existia
3300902,Cambuci,1991,true,,,existia
3301009,Campos dos Goytacazes,1991,true,,,existia
3301108,Cantagalo,1991,true,,,existia
3301207,Carmo,1991,true,,,existia
3301306,Casimiro de Abreu,1991,true,,,existia
3301405,Conceição de Macabu,1991,true,,,existia
3301504,Cordeiro,1991,true,,,existia
3301603,Duas Barras,1991,true,,,existia
3301702,Duque de Caxias,1991,true,,,existia
3301801,Engenheiro Paulo de Frontin,1991,true,,,existia
3301900,Itaboraí,1991,true,,,existia
3302007,Itaguaí,1991,true,,,existia
3302056,Italva,1991,true,,,existia
3302106,Itaocara,1991,true,,,existia
3302205,Itaperuna,1991,true,,,existia
3302254,Itatiaia,1991,true,,,existia
3302304,Laje do Muriaé,1991,true,,,existia
3302403,Macaé,1991,true,,,existia
3302502,Magé,1991,true,,,existia
3302601,Mangaratiba,1991,true,,,existia
3302700,Maricá,1991,true,,,existia
3302809,Mendes,1991,true,,,existia
3302908,Miguel Pereira,1991,true,,,existia
3303005,Miracema,1991,true,,,existia
3303104,Natividade,1991,true,,,existia
3303203,Nilópolis,1991,true,,,existia
3303302,Niterói,1991,true,,,existia
3303401,Nova Friburgo,1991,true,,,existia
3303500,Nova Iguaçu,1991,true,,,existia
3303609,Paracambi,1991,true,,,existia
3303708,Paraíba do Sul,1991,true,,,existia
3303807,Paraty,1991,true,,,existia
3303856,Paty do Alferes,1991,true,,,existia
3303906,Petrópolis,1991,true,,,existia
3304003,Piraí,1991,true,,,existia
3304102,Porciúncula,1991,true,,,existia
3304151,Quissamã,1991,true,,,existia
3304201,Resende,1991,true,,,existia
3304300,Rio Bonito,1991,true,,,existia
3304409,Rio Claro,1991,true,,,existia
3304508,Rio das Flores,1991,true,,,existia
3304557,Rio de Janeiro,1991,true,,,existia
3304607,Santa Maria Madalena,1991,true,,,existia
3304706,Santo Antônio de Pádua,1991,true,,,existia
3304805,São Fidélis,1991,true,,,existia
3304904,São Gonçalo,1991,true,,,existia
3305000,São João da Barra,1991,true,,,existia
3305109,São João de Meriti,1991,true,,,existia
3305158,São José do Vale do Rio Preto,1991,true,,,existia
3305208,São Pedro da Aldeia,1991,true,,,existia
3305307,São Sebastião do Alto,1991,true,,,existia
3305406,Sapucaia,1991,true,,,existia
3305505,Saquarema,1991,true,,,existia
3305604,Silva Jardim,1991,true,,,existia
3305703,Sumidouro,1991,true,,,existia
3305802,Teresópolis,1991,true,,,existia
3305901,Trajano de Moraes,1991,true,,,existia
3306008,Três Rios,1991,true,,,existia
3306107,Valença,1991,true,,,existia
3306206,Vassouras,1991,true,,,existia
3306305,Volta Redonda,1991,true,,,existia
3500105,Adamantina,1991,true,,,existia
3500204,Adolfo,1991,true,,,existia
3500303,Aguaí,1991,true,,,existia
3500402,Águas da Prata,1991,true,,,existia
3500501,Águas de Lindóia,1991,true,,,existia
3500550,Águas de Santa Bárbara,1991,true,,,existia
3500600,Águas de São Pedro,1991,true,,,existia
3500709,Agudos,1991,true,,,existia
3500808,Alfredo Marcondes,1991,true,,,existia
3500907,Altair,1991,true,,,existia
3501004,Altinópolis,1991,true,,,existia
3501103,Alto Alegre,1991,true,,,existia
3501202,Álvares Florence,1991,true,,,existia
3501301,Álvares Machado,1991,true,,,existia
3501400,Álvaro de Carvalho,1991,true,,,existia
3501509,Alvinlândia,1991,true,,,existia
3501608,Americana,1991,true,,,existia
3501707,Américo Brasiliense,1991,true,,,existia
3501806,Américo de Campos,1991,true,,,existia
3501905,Amparo,1991,true,,,existia
3502002,Analândia,1991,true,,,existia
3502101,Andradina,1991,true,,,existia
3502200,Angatuba,1991,true,,,existia
3502309,Anhembi,1991,true,,,existia
3502408,Anhumas,1991,true,,,existia
3502507,Aparecida,1991,true,,,existia
3502606,Aparecida d'Oeste,1991,true,,,existia
3502705,Apiaí,1991,true,,,existia
3502804,Araçatuba,1991,true,,,existia
3502903,Araçoiaba da Serra,1991,true,,,existia
3503000,Aramina,1991,true,,,existia
3503109,Arandu,1991,true,,,existia
3503208,Araraquara,1991,true,,,existia
3503307,Araras,1991,true,,,existia
3503406,Arealva,1991,true,,,existia
3503505,Areias,1991,true,,,existia
3503604,Areiópolis,1991,true,,,existia
3503703,Ariranha,1991,true,,,existia
3503802,Artur Nogueira,1991,true,,,existia
3503901,Arujá,1991,true,,,existia
3504008,Assis,1991,true,,,existia
3504107,Atibaia,1991,true,,,existia
3504206,Auriflama,1991,true,,,existia
3504305,Avaí,1991,true,,,existia
3504404,Avanhandava,1991,true,,,existia
3504503,Avaré,1991,true,,,existia
3504602,Bady Bassitt,1991,true,,,existia
3504701,Balbinos,1991,true,,,existia
3504800,Bálsamo,1991,true,,,existia
3504909,Bananal,1991,true,,,existia
3505005,Barão de Antonina,1991,true,,,existia
3505104,Barbosa,1991,true,,,existia
3505203,Bariri,1991,true,,,existia
3505302,Barra Bonita,1991,true,,,existia
3505401,Barra do Turvo,1991,true,,,existia
3505500,Barretos,1991,true,,,existia
3505609,Barrinha,1991,true,,,existia
3505708,Barueri,1991,true,,,existia
3505807,Bastos,1991,true,,,existia
3505906,Batatais,1991,true,,,existia
3506003,Bauru,1991,true,,,existia
3506102,Bebedouro,1991,true,,,existia
3506201,Bento de Abreu,1991,true,,,existia
3506300,Bernardino de Campos,1991,true,,,existia
3506409,Bilac,1991,true,,,existia
3506508,Birigui,1991,true,,,existia
3506607,Biritiba Mirim,1991,true,,,existia
3506706,Boa Esperança do Sul,1991,true,,,existia
3506805,Bocaina,1991,true,,,existia
3506904,Bofete,1991,true,,,existia
3507001,Boituva,1991,true,,,existia
3507100,Bom Jesus dos Perdões,1991,true,,,existia
3507209,Borá,1991,true,,,existia
3507308,Boracéia,1991,true,,,existia
3507407,Borborema,1991,true,,,existia
3507506,Botucatu,1991,true,,,existia
3507605,Bragança Paulista,1991,true,,,existia
3507704,Braúna,1991,true,,,existia
3507803,Brodowski,1991,true,,,existia
3507902,Brotas,1991,true,,,existia
3508009,Buri,1991,true,,,existia
3508108,Buritama,1991,true,,,existia
3508207,Buritizal,1991,true,,,existia
3508306,Cabrália Paulista,1991,true,,,existia
3508405,Cabreúva,1991,true,,,existia
3508504,Caçapava,1991,true,,,existia
3508603,Cachoeira Paulista,1991,true,,,existia
3508702,Caconde,1991,true,,,existia
3508801,Cafelândia,1991,true,,,existia
3508900,Caiabu,1991,true,,,existia
3509007,Caieiras,1991,true,,,existia
3509106,Caiuá,1991,true,,,existia
3509205,Cajamar,1991,true,,,existia
3509304,Cajobi,1991,true,,,existia
3509403,Cajuru,1991,true,,,existia
3509502,Campinas,1991,true,,,existia
3509601,Campo Limpo Paulista,1991,true,,,existia
3509700,Campos do Jordão,1991,true,,,existia
3509809,Campos Novos Paulista,1991,true,,,existia
3509908,Cananéia,1991,true,,,existia
3510005,Cândido Mota,1991,true,,,existia
3510104,Cândido Rodrigues,1991,true,,,existia
3510203,Capão Bonito,1991,true,,,existia
3510302,Capela do Alto,1991,true,,,existia
3510401,Capivari,1991,true,,,existia
3510500,Caraguatatuba,1991,true,,,existia
3510609,Carapicuíba,1991,true,,,existia
3510708,Cardoso,1991,true,,,existia
3510807,Casa Branca,1991,true,,,existia
3510906,Cássia dos Coqueiros,1991,true,,,existia
3511003,Castilho,1991,true,,,existia
3511102,Catanduva,1991,true,,,existia
3511201,Catiguá,1991,true,,,existia
3511300,Cedral,1991,true,,,existia
3511409,Cerqueira César,1991,true,,,existia
3511508,Cerquilho,1991,true,,,existia
3511607,Cesário Lange,1991,true,,,existia
3511706,Charqueada,1991,true,,,existia
3511904,Clementina,1991,true,,,existia
3512001,Colina,1991,true,,,existia
3512100,Colômbia,1991,true,,,existia
3512209,Conchal,1991,true,,,existia
3512308,Conchas,1991,true,,,existia
3512407,Cordeirópolis,1991,true,,,existia
3512506,Coroados,1991,true,,,existia
3512605,Coronel Macedo,1991,true,,,existia
3512704,Corumbataí,1991,true,,,existia
3512803,Cosmópolis,1991,true,,,existia
3512902,Cosmorama,1991,true,,,existia
3513009,Cotia,1991,true,,,existia
3513108,Cravinhos,1991,true,,,existia
3513207,Cristais Paulista,1991,true,,,existia
3513306,Cruzália,1991,true,,,existia
3513405,Cruzeiro,1991,true,,,existia
3513504,Cubatão,1991,true,,,existia
3513603,Cunha,1991,true,,,existia
3513702,Descalvado,1991,true,,,existia
3513801,Diadema,1991,true,,,existia
3513900,Divinolândia,1991,true,,,existia
3514007,Dobrada,1991,true,,,existia
3514106,Dois Córregos,1991,true,,,existia
3514205,Dolcinópolis,1991,true,,,existia
3514304,Dourado,1991,true,,,existia
3514403,Dracena,1991,true,,,existia
3514502,Duartina,1991,true,,,existia
3514601,Dumont,1991,true,,,existia
3514700,Echaporã,1991,true,,,existia
3514809,Eldorado,1991,true,,,existia
3514908,Elias Fausto,1991,true,,,existia
3515004,Embu das Artes,1991,true,,,existia
3515103,Embu-Guaçu,1991,true,,,existia
3515186,Espírito Santo do Pinhal,1991,true,,,existia
3515202,Estrela d'Oeste,1991,true,,,existia
3515301,Estrela do Norte,1991,true,,,existia
3515400,Fartura,1991,true,,,existia
3515509,Fernandópolis,1991,true,,,existia
3515608,Fernando Prestes,1991,true,,,existia
3515707,Ferraz de Vasconcelos,1991,true,,,existia
3515806,Flora Rica,1991,true,,,existia
3515905,Floreal,1991,true,,,existia
3516002,Flórida Paulista,1991,true,,,existia
3516101,Florínea,1991,true,,,existia
3516200,Franca,1991,true,,,existia
3516309,Francisco Morato,1991,true,,,existia
3516408,Franco da Rocha,1991,true,,,existia
3516507,Gabriel Monteiro,1991,true,,,existia
3516606,Gália,1991,true,,,existia
3516705,Garça,1991,true,,,existia
3516804,Gastão Vidigal,1991,true,,,existia
3516903,General Salgado,1991,true,,,existia
3517000,Getulina,1991,true,,,existia
3517109,Glicério,1991,true,,,existia
3517208,Guaiçara,1991,true,,,existia
3517307,Guaimbê,1991,true,,,existia
3517406,Guaíra,1991,true,,,existia
3517505,Guapiaçu,1991,true,,,existia
3517604,Guapiara,1991,true,,,existia
3517703,Guará,1991,true,,,existia
3517802,Guaraçaí,1991,true,,,existia
3517901,Guaraci,1991,true,,,existia
3518008,Guarani d'Oeste,1991,true,,,existia
3518107,Guarantã,1991,true,,,existia
3518206,Guararapes,1991,true,,,existia
3518305,Guararema,1991,true,,,existia
3518404,Guaratinguetá,1991,true,,,existia
3518503,Guareí,1991,true,,,existia
3518602,Guariba,1991,true,,,existia
3518701,Guarujá,1991,true,,,existia
3518800,Guarulhos,1991,true,,,existia
3518909,Guzolândia,1991,true,,,existia
3519006,Herculândia,1991,true,,,existia
3519105,Iacanga,1991,true,,,existia
3519204,Iacri,1991,true,,,existia
3519303,Ibaté,1991,true,,,existia
3519402,Ibirá,1991,true,,,existia
3519501,Ibirarema,1991,true,,,existia
3519600,Ibitinga,1991,true,,,existia
3519709,Ibiúna,1991,true,,,existia
3519808,Icém,1991,true,,,existia
3519907,Iepê,1991,true,,,existia
3520004,Igaraçu do Tietê,1991,true,,,existia
3520103,Igarapava,1991,true,,,existia
3520202,Igaratá,1991,true,,,existia
3520301,Iguape,1991,true,,,existia
3520400,Ilhabela,1991,true,,,existia
3520509,Indaiatuba,1991,true,,,existia
3520608,Indiana,1991,true,,,existia
3520707,Indiaporã,1991,true,,,existia
3520806,Inúbia Paulista,1991,true,,,existia
3520905,Ipaussu,1991,true,,,existia
3521002,Iperó,1991,true,,,existia
3521101,Ipeúna,1991,true,,,existia
3521200,Iporanga,1991,true,,,existia
3521309,Ipuã,1991,true,,,existia
3521408,Iracemápolis,1991,true,,,existia
3521507,Irapuã,1991,true,,,existia
3521606,Irapuru,1991,true,,,existia
3521705,Itaberá,1991,true,,,existia
3521804,Itaí,1991,true,,,existia
3521903,Itajobi,1991,true,,,existia
3522000,Itaju,1991,true,,,existia
3522109,Itanhaém,1991,true,,,existia
3522208,Itapecerica da Serra,1991,true,,,existia
3522307,Itapetininga,1991,true,,,existia
3522406,Itapeva,1991,true,,,existia
3522505,Itapevi,1991,true,,,existia
3522604,Itapira,1991,true,,,existia
3522703,Itápolis,1991,true,,,existia
3522802,Itaporanga,1991,true,,,existia
3522901,Itapuí,1991,true,,,existia
3523008,Itapura,1991,true,,,existia
3523107,Itaquaquecetuba,1991,true,,,existia
3523206,Itararé,1991,true,,,existia
3523305,Itariri,1991,true,,,existia
3523404,Itatiba,1991,true,,,existia
3523503,Itatinga,1991,true,,,existia
3523602,Itirapina,1991,true,,,existia
3523701,Itirapuã,1991,true,,,existia
3523800,Itobi,1991,true,,,existia
3523909,Itu,1991,true,,,existia
3524006,Itupeva,1991,true,,,existia
3524105,Ituverava,1991,true,,,existia
3524204,Jaborandi,1991,true,,,existia
3524303,Jaboticabal,1991,true,,,existia
3524402,Jacareí,1991,true,,,existia
3524501,Jaci,1991,true,,,existia
3524600,Jacupiranga,1991,true,,,existia
3524709,Jaguariúna,1991,true,,,existia
3524808,Jales,1991,true,,,existia
3524907,Jambeiro,1991,true,,,existia
3525003,Jandira,1991,true,,,existia
3525102,Jardinópolis,1991,true,,,existia
3525201,Jarinu,1991,true,,,existia
3525300,Jaú,1991,true,,,existia
3525409,Jeriquara,1991,true,,,existia
3525508,Joanópolis,1991,true,,,existia
3525607,João Ramalho,1991,true,,,existia
3525706,José Bonifácio,1991,true,,,existia
3525805,Júlio Mesquita,1991,true,,,existia
3525904,Jundiaí,1991,true,,,existia
3526001,Junqueirópolis,1991,true,,,existia
3526100,Juquiá,1991,true,,,existia
3526209,Juquitiba,1991,true,,,existia
3526308,Lagoinha,1991,true,,,existia
3526407,Laranjal Paulista,1991,true,,,existia
3526506,Lavínia,1991,true,,,existia
3526605,Lavrinhas,1991,true,,,existia
3526704,Leme,1991,true,,,existia
3526803,Lençóis Paulista,1991,true,,,existia
3526902,Limeira,1991,true,,,existia
3527009,Lindóia,1991,true,,,existia
3527108,Lins,1991,true,,,existia
3527207,Lorena,1991,true,,,existia
3527306,Louveira,1991,true,,,existia
3527405,Lucélia,1991,true,,,existia
3527504,Lucianópolis,1991,true,,,existia
3527603,Luís Antônio,1991,true,,,existia
3527702,Luiziânia,1991,true,,,existia
3527801,Lupércio,1991,true,,,existia
3527900,Lutécia,1991,true,,,existia
3528007,Macatuba,1991,true,,,existia
3528106,Macaubal,1991,true,,,existia
3528205,Macedônia,1991,true,,,existia
3528304,Magda,1991,true,,,existia
3528403,Mairinque,1991,true,,,existia
3528502,Mairiporã,1991,true,,,existia
3528601,Manduri,1991,true,,,existia
3528700,Marabá Paulista,1991,true,,,existia
3528809,Maracaí,1991,true,,,existia
3528908,Mariápolis,1991,true,,,existia
3529005,Marília,1991,true,,,existia
3529104,Marinópolis,1991,true,,,existia
3529203,Martinópolis,1991,true,,,existia
3529302,Matão,1991,true,,,existia
3529401,Mauá,1991,true,,,existia
3529500,Mendonça,1991,true,,,existia
3529609,Meridiano,1991,true,,,existia
3529708,Miguelópolis,1991,true,,,existia
3529807,Mineiros do Tietê,1991,true,,,existia
3529906,Miracatu,1991,true,,,existia
3530003,Mira Estrela,1991,true,,,existia
3530102,Mirandópolis,1991,true,,,existia
3530201,Mirante do Paranapanema,1991,true,,,existia
3530300,Mirassol,1991,true,,,existia
3530409,Mirassolândia,1991,true,,,existia
3530508,Mococa,1991,true,,,existia
3530607,Mogi das Cruzes,1991,true,,,existia
3530706,Mogi Guaçu,1991,true,,,existia
3530805,Mogi Mirim,1991,true,,,existia
3530904,Mombuca,1991,true,,,existia
3531001,Monções,1991,true,,,existia
3531100,Mongaguá,1991,true,,,existia
3531209,Monte Alegre do Sul,1991,true,,,existia
3531308,Monte Alto,1991,true,,,existia
3531407,Monte Aprazível,1991,true,,,existia
3531506,Monte Azul Paulista,1991,true,,,existia
3531605,Monte Castelo,1991,true,,,existia
3531704,Monteiro Lobato,1991,true,,,existia
3531803,Monte Mor,1991,true,,,existia
3531902,Morro Agudo,1991,true,,,existia
3532009,Morungaba,1991,true,,,existia
3532108,Murutinga do Sul,1991,true,,,existia
3532207,Narandiba,1991,true,,,existia
3532306,Natividade da Serra,1991,true,,,existia
3532405,Nazaré Paulista,1991,true,,,existia
3532504,Neves Paulista,1991,true,,,existia
3532603,Nhandeara,1991,true,,,existia
3532702,Nipoã,1991,true,,,existia
3532801,Nova Aliança,1991,true,,,existia
3532900,Nova Europa,1991,true,,,existia
3533007,Nova Granada,1991,true,,,existia
3533106,Nova Guataporanga,1991,true,,,existia
3533205,Nova Independência,1991,true,,,existia
3533304,Nova Luzitânia,1991,true,,,existia
3533403,Nova Odessa,1991,true,,,existia
3533502,Novo Horizonte,1991,true,,,existia
3533601,Nuporanga,1991,true,,,existia
3533700,Ocauçu,1991,true,,,existia
3533809,Óleo,1991,true,,,existia
3533908,Olímpia,1991,true,,,existia
3534005,Onda Verde,1991,true,,,existia
3534104,Oriente,1991,true,,,existia
3534203,Orindiúva,1991,true,,,existia
3534302,Orlândia,1991,true,,,existia
3534401,Osasco,1991,true,,,existia
3534500,Oscar Bressane,1991,true,,,existia
3534609,Osvaldo Cruz,1991,true,,,existia
3534708,Ourinhos,1991,true,,,existia
3534807,Ouro Verde,1991,true,,,existia
3534906,Pacaembu,1991,true,,,existia
3535002,Palestina,1991,true,,,existia
3535101,Palmares Paulista,1991,true,,,existia
3535200,Palmeira d'Oeste,1991,true,,,existia
3535309,Palmital,1991,true,,,existia
3535408,Panorama,1991,true,,,existia
3535507,Paraguaçu Paulista,1991,true,,,existia
3535606,Paraibuna,1991,true,,,existia
3535705,Paraíso,1991,true,,,existia
3535804,Paranapanema,1991,true,,,existia
3535903,Paranapuã,1991,true,,,existia
3536000,Parapuã,1991,true,,,existia
3536109,Pardinho,1991,true,,,existia
3536208,Pariquera-Açu,1991,true,,,existia
3536307,Patrocínio Paulista,1991,true,,,existia
3536406,Paulicéia,1991,true,,,existia
3536505,Paulínia,1991,true,,,existia
3536604,Paulo de Faria,1991,true,,,existia
3536703,Pederneiras,1991,true,,,existia
3536802,Pedra Bela,1991,true,,,existia
3536901,Pedranópolis,1991,true,,,existia
3537008,Pedregulho,1991,true,,,existia
3537107,Pedreira,1991,true,,,existia
3537206,Pedro de Toledo,1991,true,,,existia
3537305,Penápolis,1991,true,,,existia
3537404,Pereira Barreto,1991,true,,,existia
3537503,Pereiras,1991,true,,,existia
3537602,Peruíbe,1991,true,,,existia
3537701,Piacatu,1991,true,,,existia
3537800,Piedade,1991,true,,,existia
3537909,Pilar do Sul,1991,true,,,existia
3538006,Pindamonhangaba,1991,true,,,existia
3538105,Pindorama,1991,true,,,existia
3538204,Pinhalzinho,1991,true,,,existia
3538303,Piquerobi,1991,true,,,existia
3538501,Piquete,1991,true,,,existia
3538600,Piracaia,1991,true,,,existia
3538709,Piracicaba,1991,true,,,existia
3538808,Piraju,1991,true,,,existia
3538907,Pirajuí,1991,true,,,existia
3539004,Pirangi,1991,true,,,existia
3539103,Pirapora do Bom Jesus,1991,true,,,existia
3539202,Pirapozinho,1991,true,,,existia
3539301,Pirassununga,1991,true,,,existia
3539400,Piratininga,1991,true,,,existia
3539509,Pitangueiras,1991,true,,,existia
3539608,Planalto,1991,true,,,existia
3539707,Platina,1991,true,,,existia
3539806,Poá,1991,true,,,existia
3539905,Poloni,1991,true,,,existia
3540002,Pompéia,1991,true,,,existia
3540101,Pongaí,1991,true,,,existia
3540200,Pontal,1991,true,,,existia
3540309,Pontes Gestal,1991,true,,,existia
3540408,Populina,1991,true,,,existia
3540507,Porangaba,1991,true,,,existia
3540606,Porto Feliz,1991,true,,,existia
3540705,Porto Ferreira,1991,true,,,existia
3540804,Potirendaba,1991,true,,,existia
3540903,Pradópolis,1991,true,,,existia
3541000,Praia Grande,1991,true,,,existia
3541109,Presidente Alves,1991,true,,,existia
3541208,Presidente Bernardes,1991,true,,,existia
3541307,Presidente Epitácio,1991,true,,,existia
3541406,Presidente Prudente,1991,true,,,existia
3541505,Presidente Venceslau,1991,true,,,existia
3541604,Promissão,1991,true,,,existia
3541703,Quatá,1991,true,,,existia
3541802,Queiroz,1991,true,,,existia
3541901,Queluz,1991,true,,,existia
3542008,Quintana,1991,true,,,existia
3542107,Rafard,1991,true,,,existia
3542206,Rancharia,1991,true,,,existia
3542305,Redenção da Serra,1991,true,,,existia
3542404,Regente Feijó,1991,true,,,existia
3542503,Reginópolis,1991,true,,,existia
3542602,Registro,1991,true,,,existia
3542701,Restinga,1991,true,,,existia
3542800,Ribeira,1991,true,,,existia
3542909,Ribeirão Bonito,1991,true,,,existia
3543006,Ribeirão Branco,1991,true,,,existia
3543105,Ribeirão Corrente,1991,true,,,existia
3543204,Ribeirão do Sul,1991,true,,,existia
3543303,Ribeirão Pires,1991,true,,,existia
3543402,Ribeirão Preto,1991,true,,,existia
3543501,Riversul,1991,true,,,existia
3543600,Rifaina,1991,true,,,existia
3543709,Rincão,1991,true,,,existia
3543808,Rinópolis,1991,true,,,existia
3543907,Rio Claro,1991,true,,,existia
3544004,Rio das Pedras,1991,true,,,existia
3544103,Rio Grande da Serra,1991,true,,,existia
3544202,Riolândia,1991,true,,,existia
3544301,Roseira,1991,true,,,existia
3544400,Rubiácea,1991,true,,,existia
3544509,Rubinéia,1991,true,,,existia
3544608,Sabino,1991,true,,,existia
3544707,Sagres,1991,true,,,existia
3544806,Sales,1991,true,,,existia
3544905,Sales Oliveira,1991,true,,,existia
3545001,Salesópolis,1991,true,,,existia
3545100,Salmourão,1991,true,,,existia
3545209,Salto,1991,true,,,existia
3545308,Salto de Pirapora,1991,true,,,existia
3545407,Salto Grande,1991,true,,,existia
3545506,Sandovalina,1991,true,,,existia
3545605,Santa Adélia,1991,true,,,existia
3545704,Santa Albertina,1991,true,,,existia
3545803,Santa Bárbara d'Oeste,1991,true,,,existia
3546009,Santa Branca,1991,true,,,existia
3546108,Santa Clara d'Oeste,1991,true,,,existia
3546207,Santa Cruz da Conceição,1991,true,,,existia
3546306,Santa Cruz das Palmeiras,1991,true,,,existia
3546405,Santa Cruz do Rio Pardo,1991,true,,,existia
3546504,Santa Ernestina,1991,true,,,existia
3546603,Santa Fé do Sul,1991,true,,,existia
3546702,Santa Gertrudes,1991,true,,,existia
3546801,Santa Isabel,1991,true,,,existia
3546900,Santa Lúcia,1991,true,,,existia
3547007,Santa Maria da Serra,1991,true,,,existia
3547106,Santa Mercedes,1991,true,,,existia
3547205,Santana da Ponte Pensa,1991,true,,,existia
3547304,Santana de Parnaíba,1991,true,,,existia
3547403,Santa Rita d'Oeste,1991,true,,,existia
3547502,Santa Rita do Passa Quatro,1991,true,,,existia
3547601,Santa Rosa de Viterbo,1991,true,,,existia
3547700,Santo Anastácio,1991,true,,,existia
3547809,Santo André,1991,true,,,existia
3547908,Santo Antônio da Alegria,1991,true,,,existia
3548005,Santo Antônio de Posse,1991,true,,,existia
3548104,Santo Antônio do Jardim,1991,true,,,existia
3548203,Santo Antônio do Pinhal,1991,true,,,existia
3548302,Santo Expedito,1991,true,,,existia
3548401,Santópolis do Aguapeí,1991,true,,,existia
3548500,Santos,1991,true,,,existia
3548609,São Bento do Sapucaí,1991,true,,,existia
3548708,São Bernardo do Campo,1991,true,,,existia
3548807,São Caetano do Sul,1991,true,,,existia
3548906,São Carlos,1991,true,,,existia
3549003,São Francisco,1991,true,,,existia
3549102,São João da Boa Vista,1991,true,,,existia
3549201,São João das Duas Pontes,1991,true,,,existia
3549300,São João do Pau d'Alho,1991,true,,,existia
3549409,São Joaquim da Barra,1991,true,,,existia
3549508,São José da Bela Vista,1991,true,,,existia
3549607,São José do Barreiro,1991,true,,,existia
3549706,São José do Rio Pardo,1991,true,,,existia
3549805,São José do Rio Preto,1991,true,,,existia
3549904,São José dos Campos,1991,true,,,existia
3550001,São Luiz do Paraitinga,1991,true,,,existia
3550100,São Manuel,1991,true,,,existia
3550209,São Miguel Arcanjo,1991,true,,,existia
3550308,São Paulo,1991,true,,,existia
3550407,São Pedro,1991,true,,,existia
3550506,São Pedro do Turvo,1991,true,,,existia
3550605,São Roque,1991,true,,,existia
3550704,São Sebastião,1991,true,,,existia
3550803,São Sebastião da Grama,1991,true,,,existia
3550902,São Simão,1991,true,,,existia
3551009,São Vicente,1991,true,,,existia
3551108,Sarapuí,1991,true,,,existia
3551207,Sarutaiá,1991,true,,,existia
3551306,Sebastianópolis do Sul,1991,true,,,existia
3551405,Serra Azul,1991,true,,,existia
3551504,Serrana,1991,true,,,existia
3551603,Serra Negra,1991,true,,,existia
3551702,Sertãozinho,1991,true,,,existia
3551801,Sete Barras,1991,true,,,existia
3551900,Severínia,1991,true,,,existia
3552007,Silveiras,1991,true,,,existia
3552106,Socorro,1991,true,,,existia
3552205,Sorocaba,1991,true,,,existia
3552304,Sud Mennucci,1991,true,,,existia
3552403,Sumaré,1991,true,,,existia
3552502,Suzano,1991,true,,,existia
3552601,Tabapuã,1991,true,,,existia
3552700,Tabatinga,1991,true,,,existia
3552809,Taboão da Serra,1991,true,,,existia
3552908,Taciba,1991,true,,,existia
3553005,Taguaí,1991,true,,,existia
3553104,Taiaçu,1991,true,,,existia
3553203,Taiúva,1991,true,,,existia
3553302,Tambaú,1991,true,,,existia
3553401,Tanabi,1991,true,,,existia
3553500,Tapiraí,1991,true,,,existia
3553609,Tapiratiba,1991,true,,,existia
3553708,Taquaritinga,1991,true,,,existia
3553807,Taquarituba,1991,true,,,existia
3553906,Tarabai,1991,true,,,existia
3554003,Tatuí,1991,true,,,existia
3554102,Taubaté,1991,true,,,existia
3554201,Tejupá,1991,true,,,existia
3554300,Teodoro Sampaio,1991,true,,,existia
3554409,Terra Roxa,1991,true,,,existia
3554508,Tietê,1991,true,,,existia
3554607,Timburi,1991,true,,,existia
3554706,Torrinha,1991,true,,,existia
3554805,Tremembé,1991,true,,,existia
3554904,Três Fronteiras,1991,true,,,existia
3555000,Tupã,1991,true,,,existia
3555109,Tupi Paulista,1991,true,,,existia
3555208,Turiúba,1991,true,,,existia
3555307,Turmalina,1991,true,,,existia
3555406,Ubatuba,1991,true,,,existia
3555505,Ubirajara,1991,true,,,existia
3555604,Uchoa,1991,true,,,existia
3555703,União Paulista,1991,true,,,existia
3555802,Urânia,1991,true,,,existia
3555901,Uru,1991,true,,,existia
3556008,Urupês,1991,true,,,existia
3556107,Valentim Gentil,1991,true,,,existia
3556206,Valinhos,1991,true,,,existia
3556305,Valparaíso,1991,true,,,existia
3556404,Vargem Grande do Sul,1991,true,,,existia
3556453,Vargem Grande Paulista,1991,true,,,existia
3556503,Várzea Paulista,1991,true,,,existia
3556602,Vera Cruz,1991,true,,,existia
3556701,Vinhedo,1991,true,,,existia
3556800,Viradouro,1991,true,,,existia
3556909,Vista Alegre do Alto,1991,true,,,existia
3557006,Votorantim,1991,true,,,existia
3557105,Votuporanga,1991,true,,,existia
3557204,Chavantes,1991,true,,,existia
4100103,Abatiá,1991,true,,,existia
4100202,Adrianópolis,1991,true,,,existia
4100301,Agudos do Sul,1991,true,,,existia
4100400,Almirante Tamandaré,1991,true,,,existia
4100459,Altamira do Paraná,1991,true,,,existia
4100509,Altônia,1991,true,,,existia
4100608,Alto Paraná,1991,true,,,existia
4100707,Alto Piquiri,1991,true,,,existia
4100806,Alvorada do Sul,1991,true,,,existia
4100905,Amaporã,1991,true,,,existia
4101002,Ampére,1991,true,,,existia
4101101,Andirá,1991,true,,,existia
4101200,Antonina,1991,true,,,existia
4101309,Antônio Olinto,1991,true,,,existia
4101408,Apucarana,1991,true,,,existia
4101507,Arapongas,1991,true,,,existia
4101606,Arapoti,1991,true,,,existia
4101705,Araruna,1991,true,,,existia
4101804,Araucária,1991,true,,,existia
4101903,Assaí,1991,true,,,existia
4102000,Assis Chateaubriand,1991,true,,,existia
4102109,Astorga,1991,true,,,existia
4102208,Atalaia,1991,true,,,existia
4102307,Balsa Nova,1991,true,,,existia
4102406,Bandeirantes,1991,true,,,existia
4102505,Barbosa Ferraz,1991,true,,,existia
4102604,Barracão,1991,true,,,existia
4102703,Barra do Jacaré,1991,true,,,existia
4102802,Bela Vista do Paraíso,1991,true,,,existia
4102901,Bituruna,1991,true,,,existia
4103008,Boa Esperança,1991,true,,,existia
4103057,Boa Vista da Aparecida,1991,true,,,existia
4103107,Bocaiúva do Sul,1991,true,,,existia
4103206,Bom Sucesso,1991,true,,,existia
4103305,Borrazópolis,1991,true,,,existia
4103354,Braganey,1991,true,,,existia
4103404,Cafeara,1991,true,,,existia
4103453,Cafelândia,1991,true,,,existia
4103503,Califórnia,1991,true,,,existia
4103602,Cambará,1991,true,,,existia
4103701,Cambé,1991,true,,,existia
4103800,Cambira,1991,true,,,existia
4103909,Campina da Lagoa,1991,true,,,existia
4104006,Campina Grande do Sul,1991,true,,,existia
4104055,Campo Bonito,1991,true,,,existia
4104105,Campo do Tenente,1991,true,,,existia
4104204,Campo Largo,1991,true,,,existia
4104303,Campo Mourão,1991,true,,,existia
4104402,Cândido de Abreu,1991,true,,,existia
4104451,Cantagalo,1991,true,,,existia
4104501,Capanema,1991,true,,,existia
4104600,Capitão Leônidas Marques,1991,true,,,existia
4104709,Carlópolis,1991,true,,,existia
4104808,Cascavel,1991,true,,,existia
4104907,Castro,1991,true,,,existia
4105003,Catanduvas,1991,true,,,existia
4105102,Centenário do Sul,1991,true,,,existia
4105201,Cerro Azul,1991,true,,,existia
4105300,Céu Azul,1991,true,,,existia
4105409,Chopinzinho,1991,true,,,existia
4105508,Cianorte,1991,true,,,existia
4105607,Cidade Gaúcha,1991,true,,,existia
4105706,Clevelândia,1991,true,,,existia
4105805,Colombo,1991,true,,,existia
4105904,Colorado,1991,true,,,existia
4106001,Congonhinhas,1991,true,,,existia
4106100,Conselheiro Mairinck,1991,true,,,existia
4106209,Contenda,1991,true,,,existia
4106308,Corbélia,1991,true,,,existia
4106407,Cornélio Procópio,1991,true,,,existia
4106506,Coronel Vivida,1991,true,,,existia
4106555,Corumbataí do Sul,1991,true,,,existia
4106605,Cruzeiro do Oeste,1991,true,,,existia
4106704,Cruzeiro do Sul,1991,true,,,existia
4106803,Cruz Machado,1991,true,,,existia
4106902,Curitiba,1991,true,,,existia
4107009,Curiúva,1991,true,,,existia
4107108,Diamante do Norte,1991,true,,,existia
4107157,Diamante D'Oeste,1991,true,,,existia
4107207,Dois Vizinhos,1991,true,,,existia
4107256,Douradina,1991,true,,,existia
4107306,Doutor Camargo,1991,true,,,existia
4107405,Enéas Marques,1991,true,,,existia
4107504,Engenheiro Beltrão,1991,true,,,existia
4107603,Faxinal,1991,true,,,existia
4107702,Fênix,1991,true,,,existia
4107751,Figueira,1991,true,,,existia
4107801,Floraí,1991,true,,,existia
4107900,Floresta,1991,true,,,existia
4108007,Florestópolis,1991,true,,,existia
4108106,Flórida,1991,true,,,existia
4108205,Formosa do Oeste,1991,true,,,existia
4108304,Foz do Iguaçu,1991,true,,,existia
4108320,Francisco Alves,1991,true,,,existia
4108403,Francisco Beltrão,1991,true,,,existia
4108502,General Carneiro,1991,true,,,existia
4108551,Godoy Moreira,1991,true,,,existia
4108601,Goioerê,1991,true,,,existia
4108700,Grandes Rios,1991,true,,,existia
4108809,Guaíra,1991,true,,,existia
4108908,Guairaçá,1991,true,,,existia
4109005,Guapirama,1991,true,,,existia
4109104,Guaporema,1991,true,,,existia
4109203,Guaraci,1991,true,,,existia
4109302,Guaraniaçu,1991,true,,,existia
4109401,Guarapuava,1991,true,,,existia
4109500,Guaraqueçaba,1991,true,,,existia
4109609,Guaratuba,1991,true,,,existia
4109708,Ibaiti,1991,true,,,existia
4109757,Ibema,1991,true,,,existia
4109807,Ibiporã,1991,true,,,existia
4109906,Icaraíma,1991,true,,,existia
4110003,Iguaraçu,1991,true,,,existia
4110102,Imbituva,1991,true,,,existia
4110201,Inácio Martins,1991,true,,,existia
4110300,Inajá,1991,true,,,existia
4110409,Indianópolis,1991,true,,,existia
4110508,Ipiranga,1991,true,,,existia
4110607,Iporã,1991,true,,,existia
4110706,Irati,1991,true,,,existia
4110805,Iretama,1991,true,,,existia
4110904,Itaguajé,1991,true,,,existia
4111001,Itambaracá,1991,true,,,existia
4111100,Itambé,1991,true,,,existia
4111209,Itapejara d'Oeste,1991,true,,,existia
4111308,Itaúna do Sul,1991,true,,,existia
4111407,Ivaí,1991,true,,,existia
4111506,Ivaiporã,1991,true,,,existia
4111605,Ivatuba,1991,true,,,existia
4111704,Jaboti,1991,true,,,existia
4111803,Jacarezinho,1991,true,,,existia
4111902,Jaguapitã,1991,true,,,existia
4112009,Jaguariaíva,1991,true,,,existia
4112108,Jandaia do Sul,1991,true,,,existia
4112207,Janiópolis,1991,true,,,existia
4112306,Japira,1991,true,,,existia
4112405,Japurá,1991,true,,,existia
4112504,Jardim Alegre,1991,true,,,existia
4112603,Jardim Olinda,1991,true,,,existia
4112702,Jataizinho,1991,true,,,existia
4112751,Jesuítas,1991,true,,,existia
4112801,Joaquim Távora,1991,true,,,existia
4112900,Jundiaí do Sul,1991,true,,,existia
4112959,Juranda,1991,true,,,existia
4113007,Jussara,1991,true,,,existia
4113106,Kaloré,1991,true,,,existia
4113205,Lapa,1991,true,,,existia
4113304,Laranjeiras do Sul,1991,true,,,existia
4113403,Leópolis,1991,true,,,existia
4113452,Lindoeste,1991,true,,,existia
4113502,Loanda,1991,true,,,existia
4113601,Lobato,1991,true,,,existia
4113700,Londrina,1991,true,,,existia
4113734,Luiziana,1991,true,,,existia
4113759,Lunardelli,1991,true,,,existia
4113809,Lupionópolis,1991,true,,,existia
4113908,Mallet,1991,true,,,existia
4114005,Mamborê,1991,true,,,existia
4114104,Mandaguaçu,1991,true,,,existia
4114203,Mandaguari,1991,true,,,existia
4114302,Mandirituba,1991,true,,,existia
4114401,Mangueirinha,1991,true,,,existia
4114500,Manoel Ribas,1991,true,,,existia
4114609,Marechal Cândido Rondon,1991,true,,,existia
4114708,Maria Helena,1991,true,,,existia
4114807,Marialva,1991,true,,,existia
4114906,Marilândia do Sul,1991,true,,,existia
4115002,Marilena,1991,true,,,existia
4115101,Mariluz,1991,true,,,existia
4115200,Maringá,1991,true,,,existia
4115309,Mariópolis,1991,true,,,existia
4115408,Marmeleiro,1991,true,,,existia
4115507,Marumbi,1991,true,,,existia
4115606,Matelândia,1991,true,,,existia
4115705,Matinhos,1991,true,,,existia
4115804,Medianeira,1991,true,,,existia
4115903,Mirador,1991,true,,,existia
4116000,Miraselva,1991,true,,,existia
4116059,Missal,1991,true,,,existia
4116109,Moreira Sales,1991,true,,,existia
4116208,Morretes,1991,true,,,existia
4116307,Munhoz de Melo,1991,true,,,existia
4116406,Nossa Senhora das Graças,1991,true,,,existia
4116505,Nova Aliança do Ivaí,1991,true,,,existia
4116604,Nova América da Colina,1991,true,,,existia
4116703,Nova Aurora,1991,true,,,existia
4116802,Nova Cantu,1991,true,,,existia
4116901,Nova Esperança,1991,true,,,existia
4117008,Nova Fátima,1991,true,,,existia
4117107,Nova Londrina,1991,true,,,existia
4117206,Nova Olímpia,1991,true,,,existia
4117222,Nova Santa Rosa,1991,true,,,existia
4117255,Nova Prata do Iguaçu,1991,true,,,existia
4117271,Nova Tebas,1991,true,,,existia
4117305,Ortigueira,1991,true,,,existia
4117404,Ourizona,1991,true,,,existia
4117453,Ouro Verde do Oeste,1991,true,,,existia
4117503,Paiçandu,1991,true,,,existia
4117602,Palmas,1991,true,,,existia
4117701,Palmeira,1991,true,,,existia
4117800,Palmital,1991,true,,,existia
4117909,Palotina,1991,true,,,existia
4118006,Paraíso do Norte,1991,true,,,existia
4118105,Paranacity,1991,true,,,existia
4118204,Paranaguá,1991,true,,,existia
4118303,Paranapoema,1991,true,,,existia
4118402,Paranavaí,1991,true,,,existia
4118501,Pato Branco,1991,true,,,existia
4118600,Paula Freitas,1991,true,,,existia
4118709,Paulo Frontin,1991,true,,,existia
4118808,Peabiru,1991,true,,,existia
4118907,Pérola,1991,true,,,existia
4119004,Pérola d'Oeste,1991,true,,,existia
4119103,Piên,1991,true,,,existia
4119202,Pinhalão,1991,true,,,existia
4119301,Pinhão,1991,true,,,existia
4119400,Piraí do Sul,1991,true,,,existia
4119509,Piraquara,1991,true,,,existia
4119608,Pitanga,1991,true,,,existia
4119707,Planaltina do Paraná,1991,true,,,existia
4119806,Planalto,1991,true,,,existia
4119905,Ponta Grossa,1991,true,,,existia
4120002,Porecatu,1991,true,,,existia
4120101,Porto Amazonas,1991,true,,,existia
4120200,Porto Rico,1991,true,,,existia
4120309,Porto Vitória,1991,true,,,existia
4120358,Pranchita,1991,true,,,existia
4120408,Presidente Castelo Branco,1991,true,,,existia
4120507,Primeiro de Maio,1991,true,,,existia
4120606,Prudentópolis,1991,true,,,existia
4120705,Quatiguá,1991,true,,,existia
4120804,Quatro Barras,1991,true,,,existia
4120903,Quedas do Iguaçu,1991,true,,,existia
4121000,Querência do Norte,1991,true,,,existia
4121109,Quinta do Sol,1991,true,,,existia
4121208,Quitandinha,1991,true,,,existia
4121307,Rancho Alegre,1991,true,,,existia
4121406,Realeza,1991,true,,,existia
4121505,Rebouças,1991,true,,,existia
4121604,Renascença,1991,true,,,existia
4121703,Reserva,1991,true,,,existia
4121802,Ribeirão Claro,1991,true,,,existia
4121901,Ribeirão do Pinhal,1991,true,,,existia
4122008,Rio Azul,1991,true,,,existia
4122107,Rio Bom,1991,true,,,existia
4122206,Rio Branco do Sul,1991,true,,,existia
4122305,Rio Negro,1991,true,,,existia
4122404,Rolândia,1991,true,,,existia
4122503,Roncador,1991,true,,,existia
4122602,Rondon,1991,true,,,existia
4122651,Rosário do Ivaí,1991,true,,,existia
4122701,Sabáudia,1991,true,,,existia
4122800,Salgado Filho,1991,true,,,existia
4122909,Salto do Itararé,1991,true,,,existia
4123006,Salto do Lontra,1991,true,,,existia
4123105,Santa Amélia,1991,true,,,existia
4123204,Santa Cecília do Pavão,1991,true,,,existia
4123303,Santa Cruz de Monte Castelo,1991,true,,,existia
4123402,Santa Fé,1991,true,,,existia
4123501,Santa Helena,1991,true,,,existia
4123600,Santa Inês,1991,true,,,existia
4123709,Santa Isabel do Ivaí,1991,true,,,existia
4123808,Santa Izabel do Oeste,1991,true,,,existia
4123907,Santa Mariana,1991,true,,,existia
4124004,Santana do Itararé,1991,true,,,existia
4124020,Santa Tereza do Oeste,1991,true,,,existia
4124053,Santa Terezinha de Itaipu,1991,true,,,existia
4124103,Santo Antônio da Platina,1991,true,,,existia
4124202,Santo Antônio do Caiuá,1991,true,,,existia
4124301,Santo Antônio do Paraíso,1991,true,,,existia
4124400,Santo Antônio do Sudoeste,1991,true,,,existia
4124509,Santo Inácio,1991,true,,,existia
4124608,São Carlos do Ivaí,1991,true,,,existia
4124707,São Jerônimo da Serra,1991,true,,,existia
4124806,São João,1991,true,,,existia
4124905,São João do Caiuá,1991,true,,,existia
4125001,São João do Ivaí,1991,true,,,existia
4125100,São João do Triunfo,1991,true,,,existia
4125209,São Jorge d'Oeste,1991,true,,,existia
4125308,São Jorge do Ivaí,1991,true,,,existia
4125357,São Jorge do Patrocínio,1991,true,,,existia
4125407,São José da Boa Vista,1991,true,,,existia
4125456,São José das Palmeiras,1991,true,,,existia
4125506,São José dos Pinhais,1991,true,,,existia
4125605,São Mateus do Sul,1991,true,,,existia
4125704,São Miguel do Iguaçu,1991,true,,,existia
4125803,São Pedro do Ivaí,1991,true,,,existia
4125902,São Pedro do Paraná,1991,true,,,existia
4126009,São Sebastião da Amoreira,1991,true,,,existia
4126108,São Tomé,1991,true,,,existia
4126207,Sapopema,1991,true,,,existia
4126256,Sarandi,1991,true,,,existia
4126306,Sengés,1991,true,,,existia
4126405,Sertaneja,1991,true,,,existia
4126504,Sertanópolis,1991,true,,,existia
4126603,Siqueira Campos,1991,true,,,existia
4126652,Sulina,1991,true,,,existia
4126702,Tamboara,1991,true,,,existia
4126801,Tapejara,1991,true,,,existia
4126900,Tapira,1991,true,,,existia
4127007,Teixeira Soares,1991,true,,,existia
4127106,Telêmaco Borba,1991,true,,,existia
4127205,Terra Boa,1991,true,,,existia
4127304,Terra Rica,1991,true,,,existia
4127403,Terra Roxa,1991,true,,,existia
4127502,Tibagi,1991,true,,,existia
4127601,Tijucas do Sul,1991,true,,,existia
4127700,Toledo,1991,true,,,existia
4127809,Tomazina,1991,true,,,existia
4127858,Três Barras do Paraná,1991,true,,,existia
4127908,Tuneiras do Oeste,1991,true,,,existia
4127957,Tupãssi,1991,true,,,existia
4127965,Turvo,1991,true,,,existia
4128005,Ubiratã,1991,true,,,existia
4128104,Umuarama,1991,true,,,existia
4128203,União da Vitória,1991,true,,,existia
4128302,Uniflor,1991,true,,,existia
4128401,Uraí,1991,true,,,existia
4128500,Wenceslau Braz,1991,true,,,existia
4128559,Vera Cruz do Oeste,1991,true,,,existia
4128609,Verê,1991,true,,,existia
4128708,Vitorino,1991,true,,,existia
4128807,Xambrê,1991,true,,,existia
4200051,Abdon Batista,1991,true,,,existia
4200101,Abelardo Luz,1991,true,,,existia
4200200,Agrolândia,1991,true,,,existia
4200309,Agronômica,1991,true,,,existia
4200408,Água Doce,1991,true,,,existia
4200507,Águas de Chapecó,1991,true,,,existia
4200606,Águas Mornas,1991,true,,,existia
4200705,Alfredo Wagner,1991,true,,,existia
4200804,Anchieta,1991,true,,,existia
4200903,Angelina,1991,true,,,existia
4201000,Anita Garibaldi,1991,true,,,existia
4201109,Anitápolis,1991,true,,,existia
4201208,Antônio Carlos,1991,true,,,existia
4201257,Apiúna,1991,true,,,existia
4201307,Araquari,1991,true,,,existia
4201406,Araranguá,1991,true,,,existia
4201505,Armazém,1991,true,,,existia
4201604,Arroio Trinta,1991,true,,,existia
4201703,Ascurra,1991,true,,,existia
4201802,Atalanta,1991,true,,,existia
4201901,Aurora,1991,true,,,existia
4202008,Balneário Camboriú,1991,true,,,existia
4202107,Barra Velha,1991,true,,,existia
4202206,Benedito Novo,1991,true,,,existia
4202305,Biguaçu,1991,true,,,existia
4202404,Blumenau,1991,true,,,existia
4202503,Bom Jardim da Serra,1991,true,,,existia
4202602,Bom Retiro,1991,true,,,existia
4202701,Botuverá,1991,true,,,existia
4202800,Braço do Norte,1991,true,,,existia
4202909,Brusque,1991,true,,,existia
4203006,Caçador,1991,true,,,existia
4203105,Caibi,1991,true,,,existia
4203204,Camboriú,1991,true,,,existia
4203303,Campo Alegre,1991,true,,,existia
4203402,Campo Belo do Sul,1991,true,,,existia
4203501,Campo Erê,1991,true,,,existia
4203600,Campos Novos,1991,true,,,existia
4203709,Canelinha,1991,true,,,existia
4203808,Canoinhas,1991,true,,,existia
4203907,Capinzal,1991,true,,,existia
4204004,Catanduvas,1991,true,,,existia
4204103,Caxambu do Sul,1991,true,,,existia
4204152,Celso Ramos,1991,true,,,existia
4204202,Chapecó,1991,true,,,existia
4204301,Concórdia,1991,true,,,existia
4204400,Coronel Freitas,1991,true,,,existia
4204509,Corupá,1991,true,,,existia
4204558,Correia Pinto,1991,true,,,existia
4204608,Criciúma,1991,true,,,existia
4204707,Cunha Porã,1991,true,,,existia
4204806,Curitibanos,1991,true,,,existia
4204905,Descanso,1991,true,,,existia
4205001,Dionísio Cerqueira,1991,true,,,existia
4205100,Dona Emma,1991,true,,,existia
4205159,Doutor Pedrinho,1991,true,,,existia
4205209,Erval Velho,1991,true,,,existia
4205308,Faxinal dos Guedes,1991,true,,,existia
4205407,Florianópolis,1991,true,,,existia
4205456,Forquilhinha,1991,true,,,existia
4205506,Fraiburgo,1991,true,,,existia
4205605,Galvão,1991,true,,,existia
4205704,Garopaba,1991,true,,,existia
4205803,Garuva,1991,true,,,existia
4205902,Gaspar,1991,true,,,existia
4206009,Governador Celso Ramos,1991,true,,,existia
4206108,Grão-Pará,1991,true,,,existia
4206207,Gravatal,1991,true,,,existia
4206306,Guabiruba,1991,true,,,existia
4206405,Guaraciaba,1991,true,,,existia
4206504,Guaramirim,1991,true,,,existia
4206603,Guarujá do Sul,1991,true,,,existia
4206702,Herval d'Oeste,1991,true,,,existia
4206801,Ibicaré,1991,true,,,existia
4206900,Ibirama,1991,true,,,existia
4207007,Içara,1991,true,,,existia
4207106,Ilhota,1991,true,,,existia
4207205,Imaruí,1991,true,,,existia
4207304,Imbituba,1991,true,,,existia
4207403,Imbuia,1991,true,,,existia
4207502,Indaial,1991,true,,,existia
4207601,Ipira,1991,true,,,existia
4207650,Iporã do Oeste,1991,true,,,existia
4207700,Ipumirim,1991,true,,,existia
4207759,Iraceminha,1991,true,,,existia
4207809,Irani,1991,true,,,existia
4207908,Irineópolis,1991,true,,,existia
4208005,Itá,1991,true,,,existia
4208104,Itaiópolis,1991,true,,,existia
4208203,Itajaí,1991,true,,,existia
4208302,Itapema,1991,true,,,existia
4208401,Itapiranga,1991,true,,,existia
4208450,Itapoá,1991,true,,,existia
4208500,Ituporanga,1991,true,,,existia
4208609,Jaborá,1991,true,,,existia
4208708,Jacinto Machado,1991,true,,,existia
4208807,Jaguaruna,1991,true,,,existia
4208906,Jaraguá do Sul,1991,true,,,existia
4209003,Joaçaba,1991,true,,,existia
4209102,Joinville,1991,true,,,existia
4209151,José Boiteux,1991,true,,,existia
4209201,Lacerdópolis,1991,true,,,existia
4209300,Lages,1991,true,,,existia
4209409,Laguna,1991,true,,,existia
4209508,Laurentino,1991,true,,,existia
4209607,Lauro Müller,1991,true,,,existia
4209706,Lebon Régis,1991,true,,,existia
4209805,Leoberto Leal,1991,true,,,existia
4209854,Lindóia do Sul,1991,true,,,existia
4209904,Lontras,1991,true,,,existia
4210001,Luiz Alves,1991,true,,,existia
4210100,Mafra,1991,true,,,existia
4210209,Major Gercino,1991,true,,,existia
4210308,Major Vieira,1991,true,,,existia
4210407,Maracajá,1991,true,,,existia
4210506,Maravilha,1991,true,,,existia
4210555,Marema,1991,true,,,existia
4210605,Massaranduba,1991,true,,,existia
4210704,Matos Costa,1991,true,,,existia
4210803,Meleiro,1991,true,,,existia
4210902,Modelo,1991,true,,,existia
4211009,Mondaí,1991,true,,,existia
4211108,Monte Castelo,1991,true,,,existia
4211207,Morro da Fumaça,1991,true,,,existia
4211306,Navegantes,1991,true,,,existia
4211405,Nova Erechim,1991,true,,,existia
4211504,Nova Trento,1991,true,,,existia
4211603,Nova Veneza,1991,true,,,existia
4211702,Orleans,1991,true,,,existia
4211751,Otacílio Costa,1991,true,,,existia
4211801,Ouro,1991,true,,,existia
4211900,Palhoça,1991,true,,,existia
4212007,Palma Sola,1991,true,,,existia
4212106,Palmitos,1991,true,,,existia
4212205,Papanduva,1991,true,,,existia
4212304,Paulo Lopes,1991,true,,,existia
4212403,Pedras Grandes,1991,true,,,existia
4212502,Penha,1991,true,,,existia
4212601,Peritiba,1991,true,,,existia
4212700,Petrolândia,1991,true,,,existia
4212809,Balneário Piçarras,1991,true,,,existia
4212908,Pinhalzinho,1991,true,,,existia
4213005,Pinheiro Preto,1991,true,,,existia
4213104,Piratuba,1991,true,,,existia
4213203,Pomerode,1991,true,,,existia
4213302,Ponte Alta,1991,true,,,existia
4213401,Ponte Serrada,1991,true,,,existia
4213500,Porto Belo,1991,true,,,existia
4213609,Porto União,1991,true,,,existia
4213708,Pouso Redondo,1991,true,,,existia
4213807,Praia Grande,1991,true,,,existia
4213906,Presidente Castello Branco,1991,true,,,existia
4214003,Presidente Getúlio,1991,true,,,existia
4214102,Presidente Nereu,1991,true,,,existia
4214201,Quilombo,1991,true,,,existia
4214300,Rancho Queimado,1991,true,,,existia
4214409,Rio das Antas,1991,true,,,existia
4214508,Rio do Campo,1991,true,,,existia
4214607,Rio do Oeste,1991,true,,,existia
4214706,Rio dos Cedros,1991,true,,,existia
4214805,Rio do Sul,1991,true,,,existia
4214904,Rio Fortuna,1991,true,,,existia
4215000,Rio Negrinho,1991,true,,,existia
4215109,Rodeio,1991,true,,,existia
4215208,Romelândia,1991,true,,,existia
4215307,Salete,1991,true,,,existia
4215406,Salto Veloso,1991,true,,,existia
4215505,Santa Cecília,1991,true,,,existia
4215604,Santa Rosa de Lima,1991,true,,,existia
4215653,Santa Rosa do Sul,1991,true,,,existia
4215703,Santo Amaro da Imperatriz,1991,true,,,existia
4215802,São Bento do Sul,1991,true,,,existia
4215901,São Bonifácio,1991,true,,,existia
4216008,São Carlos,1991,true,,,existia
4216107,São Domingos,1991,true,,,existia
4216206,São Francisco do Sul,1991,true,,,existia
4216305,São João Batista,1991,true,,,existia
4216404,São João do Sul,1991,true,,,existia
4216503,São Joaquim,1991,true,,,existia
4216602,São José,1991,true,,,existia
4216701,São José do Cedro,1991,true,,,existia
4216800,São José do Cerrito,1991,true,,,existia
4216909,São Lourenço do Oeste,1991,true,,,existia
4217006,São Ludgero,1991,true,,,existia
4217105,São Martinho,1991,true,,,existia
4217204,São Miguel do Oeste,1991,true,,,existia
4217303,Saudades,1991,true,,,existia
4217402,Schroeder,1991,true,,,existia
4217501,Seara,1991,true,,,existia
4217550,Serra Alta,1991,true,,,existia
4217600,Siderópolis,1991,true,,,existia
4217709,Sombrio,1991,true,,,existia
4217808,Taió,1991,true,,,existia
4217907,Tangará,1991,true,,,existia
4218004,Tijucas,1991,true,,,existia
4218103,Timbé do Sul,1991,true,,,existia
4218202,Timbó,1991,true,,,existia
4218251,Timbó Grande,1991,true,,,existia
4218301,Três Barras,1991,true,,,existia
4218400,Treze de Maio,1991,true,,,existia
4218509,Treze Tílias,1991,true,,,existia
4218608,Trombudo Central,1991,true,,,existia
4218707,Tubarão,1991,true,,,existia
4218756,Tunápolis,1991,true,,,existia
4218806,Turvo,1991,true,,,existia
4218855,União do Oeste,1991,true,,,existia
4218905,Urubici,1991,true,,,existia
4218954,Urupema,1991,true,,,existia
4219002,Urussanga,1991,true,,,existia
4219101,Vargeão,1991,true,,,existia
4219200,Vidal Ramos,1991,true,,,existia
4219309,Videira,1991,true,,,existia
4219358,Vitor Meireles,1991,true,,,existia
4219408,Witmarsum,1991,true,,,existia
4219507,Xanxerê,1991,true,,,existia
4219606,Xavantina,1991,true,,,existia
4219705,Xaxim,1991,true,,,existia
4300059,Água Santa,1991,true,,,existia
4300109,Agudo,1991,true,,,existia
4300208,Ajuricaba,1991,true,,,existia
4300307,Alecrim,1991,true,,,existia
4300406,Alegrete,1991,true,,,existia
4300455,Alegria,1991,true,,,existia
4300505,Alpestre,1991,true,,,existia
4300554,Alto Alegre,1991,true,,,existia
4300604,Alvorada,1991,true,,,existia
4300638,Amaral Ferrador,1991,true,,,existia
4300661,André da Rocha,1991,true,,,existia
4300703,Anta Gorda,1991,true,,,existia
4300802,Antônio Prado,1991,true,,,existia
4300901,Aratiba,1991,true,,,existia
4301008,Arroio do Meio,1991,true,,,existia
4301057,Arroio do Sal,1991,true,,,existia
4301107,Arroio dos Ratos,1991,true,,,existia
4301206,Arroio do Tigre,1991,true,,,existia
4301305,Arroio Grande,1991,true,,,existia
4301404,Arvorezinha,1991,true,,,existia
4301503,Augusto Pestana,1991,true,,,existia
4301552,Áurea,1991,true,,,existia
4301602,Bagé,1991,true,,,existia
4301651,Barão,1991,true,,,existia
4301701,Barão de Cotegipe,1991,true,,,existia
4301800,Barracão,1991,true,,,existia
4301909,Barra do Ribeiro,1991,true,,,existia
4302006,Barros Cassal,1991,true,,,existia
4302105,Bento Gonçalves,1991,true,,,existia
4302204,Boa Vista do Buricá,1991,true,,,existia
4302303,Bom Jesus,1991,true,,,existia
4302352,Bom Princípio,1991,true,,,existia
4302402,Bom Retiro do Sul,1991,true,,,existia
4302451,Boqueirão do Leão,1991,true,,,existia
4302501,Bossoroca,1991,true,,,existia
4302600,Braga,1991,true,,,existia
4302659,Brochier,1991,true,,,existia
4302709,Butiá,1991,true,,,existia
4302808,Caçapava do Sul,1991,true,,,existia
4302907,Cacequi,1991,true,,,existia
4303004,Cachoeira do Sul,1991,true,,,existia
4303103,Cachoeirinha,1991,true,,,existia
4303202,Cacique Doble,1991,true,,,existia
4303301,Caibaté,1991,true,,,existia
4303400,Caiçara,1991,true,,,existia
4303509,Camaquã,1991,true,,,existia
4303558,Camargo,1991,true,,,existia
4303608,Cambará do Sul,1991,true,,,existia
4303707,Campina das Missões,1991,true,,,existia
4303806,Campinas do Sul,1991,true,,,existia
4303905,Campo Bom,1991,true,,,existia
4304002,Campo Novo,1991,true,,,existia
4304101,Campos Borges,1991,true,,,existia
4304200,Candelária,1991,true,,,existia
4304309,Cândido Godói,1991,true,,,existia
4304408,Canela,1991,true,,,existia
4304507,Canguçu,1991,true,,,existia
4304606,Canoas,1991,true,,,existia
4304630,Capão da Canoa,1991,true,,,existia
4304663,Capão do Leão,1991,true,,,existia
4304689,Capela de Santana,1991,true,,,existia
4304705,Carazinho,1991,true,,,existia
4304804,Carlos Barbosa,1991,true,,,existia
4304903,Casca,1991,true,,,existia
4304952,Caseiros,1991,true,,,existia
4305009,Catuípe,1991,true,,,existia
4305108,Caxias do Sul,1991,true,,,existia
4305132,Cerro Branco,1991,true,,,existia
4305157,Cerro Grande,1991,true,,,existia
4305173,Cerro Grande do Sul,1991,true,,,existia
4305207,Cerro Largo,1991,true,,,existia
4305306,Chapada,1991,true,,,existia
4305355,Charqueadas,1991,true,,,existia
4305405,Chiapetta,1991,true,,,existia
4305454,Cidreira,1991,true,,,existia
4305504,Ciríaco,1991,true,,,existia
4305603,Colorado,1991,true,,,existia
4305702,Condor,1991,true,,,existia
4305801,Constantina,1991,true,,,existia
4305900,Coronel Bicaco,1991,true,,,existia
4305959,Cotiporã,1991,true,,,existia
4306007,Crissiumal,1991,true,,,existia
4306056,Cristal,1991,true,,,existia
4306106,Cruz Alta,1991,true,,,existia
4306205,Cruzeiro do Sul,1991,true,,,existia
4306304,David Canabarro,1991,true,,,existia
4306353,Dezesseis de Novembro,1991,true,,,existia
4306403,Dois Irmãos,1991,true,,,existia
4306452,Dois Lajeados,1991,true,,,existia
4306502,Dom Feliciano,1991,true,,,existia
4306601,Dom Pedrito,1991,true,,,existia
4306700,Dona Francisca,1991,true,,,existia
4306734,Doutor Maurício Cardoso,1991,true,,,existia
4306767,Eldorado do Sul,1991,true,,,existia
4306809,Encantado,1991,true,,,existia
4306908,Encruzilhada do Sul,1991,true,,,existia
4306932,Entre-Ijuís,1991,true,,,existia
4306957,Entre Rios do Sul,1991,true,,,existia
4306973,Erebango,1991,true,,,existia
4307005,Erechim,1991,true,,,existia
4307054,Ernestina,1991,true,,,existia
4307104,Herval,1991,true,,,existia
4307203,Erval Grande,1991,true,,,existia
4307302,Erval Seco,1991,true,,,existia
4307401,Esmeralda,1991,true,,,existia
4307500,Espumoso,1991,true,,,existia
4307559,Estação,1991,true,,,existia
4307609,Estância Velha,1991,true,,,existia
4307708,Esteio,1991,true,,,existia
4307807,Estrela,1991,true,,,existia
4307831,Eugênio de Castro,1991,true,,,existia
4307864,Fagundes Varela,1991,true,,,existia
4307906,Farroupilha,1991,true,,,existia
4308003,Faxinal do Soturno,1991,true,,,existia
4308052,Faxinalzinho,1991,true,,,existia
4308102,Feliz,1991,true,,,existia
4308201,Flores da Cunha,1991,true,,,existia
4308300,Fontoura Xavier,1991,true,,,existia
4308409,Formigueiro,1991,true,,,existia
4308458,Fortaleza dos Valos,1991,true,,,existia
4308508,Frederico Westphalen,1991,true,,,existia
4308607,Garibaldi,1991,true,,,existia
4308706,Gaurama,1991,true,,,existia
4308805,General Câmara,1991,true,,,existia
4308904,Getúlio Vargas,1991,true,,,existia
4309001,Giruá,1991,true,,,existia
4309050,Glorinha,1991,true,,,existia
4309100,Gramado,1991,true,,,existia
4309209,Gravataí,1991,true,,,existia
4309258,Guabiju,1991,true,,,existia
4309308,Guaíba,1991,true,,,existia
4309407,Guaporé,1991,true,,,existia
4309506,Guarani das Missões,1991,true,,,existia
4309555,Harmonia,1991,true,,,existia
4309605,Horizontina,1991,true,,,existia
4309704,Humaitá,1991,true,,,existia
4309753,Ibarama,1991,true,,,existia
4309803,Ibiaçá,1991,true,,,existia
4309902,Ibiraiaras,1991,true,,,existia
4309951,Ibirapuitã,1991,true,,,existia
4310009,Ibirubá,1991,true,,,existia
4310108,Igrejinha,1991,true,,,existia
4310207,Ijuí,1991,true,,,existia
4310306,Ilópolis,1991,true,,,existia
4310330,Imbé,1991,true,,,existia
4310363,Imigrante,1991,true,,,existia
4310405,Independência,1991,true,,,existia
4310439,Ipê,1991,true,,,existia
4310462,Ipiranga do Sul,1991,true,,,existia
4310504,Iraí,1991,true,,,existia
4310553,Itacurubi,1991,true,,,existia
4310603,Itaqui,1991,true,,,existia
4310702,Itatiba do Sul,1991,true,,,existia
4310751,Ivorá,1991,true,,,existia
4310801,Ivoti,1991,true,,,existia
4310850,Jaboticaba,1991,true,,,existia
4310900,Jacutinga,1991,true,,,existia
4311007,Jaguarão,1991,true,,,existia
4311106,Jaguari,1991,true,,,existia
4311122,Jaquirana,1991,true,,,existia
4311155,Jóia,1991,true,,,existia
4311205,Júlio de Castilhos,1991,true,,,existia
4311254,Lagoão,1991,true,,,existia
4311304,Lagoa Vermelha,1991,true,,,existia
4311403,Lajeado,1991,true,,,existia
4311502,Lavras do Sul,1991,true,,,existia
4311601,Liberato Salzano,1991,true,,,existia
4311700,Machadinho,1991,true,,,existia
4311809,Marau,1991,true,,,existia
4311908,Marcelino Ramos,1991,true,,,existia
4312005,Mariano Moro,1991,true,,,existia
4312104,Mata,1991,true,,,existia
4312203,Maximiliano de Almeida,1991,true,,,existia
4312302,Miraguaí,1991,true,,,existia
4312351,Montauri,1991,true,,,existia
4312401,Montenegro,1991,true,,,existia
4312450,Morro Redondo,1991,true,,,existia
4312500,Mostardas,1991,true,,,existia
4312609,Muçum,1991,true,,,existia
4312658,Não-Me-Toque,1991,true,,,existia
4312708,Nonoai,1991,true,,,existia
4312757,Nova Alvorada,1991,true,,,existia
4312807,Nova Araçá,1991,true,,,existia
4312906,Nova Bassano,1991,true,,,existia
4313003,Nova Bréscia,1991,true,,,existia
4313037,Nova Esperança do Sul,1991,true,,,existia
4313060,Nova Hartz,1991,true,,,existia
4313102,Nova Palma,1991,true,,,existia
4313201,Nova Petrópolis,1991,true,,,existia
4313300,Nova Prata,1991,true,,,existia
4313359,Nova Roma do Sul,1991,true,,,existia
4313409,Novo Hamburgo,1991,true,,,existia
4313508,Osório,1991,true,,,existia
4313607,Paim Filho,1991,true,,,existia
4313656,Palmares do Sul,1991,true,,,existia
4313706,Palmeira das Missões,1991,true,,,existia
4313805,Palmitinho,1991,true,,,existia
4313904,Panambi,1991,true,,,existia
4313953,Pantano Grande,1991,true,,,existia
4314001,Paraí,1991,true,,,existia
4314027,Paraíso do Sul,1991,true,,,existia
4314050,Parobé,1991,true,,,existia
4314100,Passo Fundo,1991,true,,,existia
4314159,Paverama,1991,true,,,existia
4314209,Pedro Osório,1991,true,,,existia
4314308,Pejuçara,1991,true,,,existia
4314407,Pelotas,1991,true,,,existia
4314456,Pinhal,1991,true,,,existia
4314506,Pinheiro Machado,1991,true,,,existia
4314555,Pirapó,1991,true,,,existia
4314605,Piratini,1991,true,,,existia
4314704,Planalto,1991,true,,,existia
4314753,Poço das Antas,1991,true,,,existia
4314803,Portão,1991,true,,,existia
4314902,Porto Alegre,1991,true,,,existia
4315008,Porto Lucena,1991,true,,,existia
4315107,Porto Xavier,1991,true,,,existia
4315131,Pouso Novo,1991,true,,,existia
4315156,Progresso,1991,true,,,existia
4315172,Protásio Alves,1991,true,,,existia
4315206,Putinga,1991,true,,,existia
4315305,Quaraí,1991,true,,,existia
4315354,Quinze de Novembro,1991,true,,,existia
4315404,Redentora,1991,true,,,existia
4315453,Relvado,1991,true,,,existia
4315503,Restinga Sêca,1991,true,,,existia
4315602,Rio Grande,1991,true,,,existia
4315701,Rio Pardo,1991,true,,,existia
4315750,Riozinho,1991,true,,,existia
4315800,Roca Sales,1991,true,,,existia
4315909,Rodeio Bonito,1991,true,,,existia
4316006,Rolante,1991,true,,,existia
4316105,Ronda Alta,1991,true,,,existia
4316204,Rondinha,1991,true,,,existia
4316303,Roque Gonzales,1991,true,,,existia
4316402,Rosário do Sul,1991,true,,,existia
4316436,Saldanha Marinho,1991,true,,,existia
4316451,Salto do Jacuí,1991,true,,,existia
4316501,Salvador do Sul,1991,true,,,existia
4316600,Sananduva,1991,true,,,existia
4316709,Santa Bárbara do Sul,1991,true,,,existia
4316808,Santa Cruz do Sul,1991,true,,,existia
4316907,Santa Maria,1991,true,,,existia
4316956,Santa Maria do Herval,1991,true,,,existia
4317004,Santana da Boa Vista,1991,true,,,existia
4317103,Sant'Ana do Livramento,1991,true,,,existia
4317202,Santa Rosa,1991,true,,,existia
4317301,Santa Vitória do Palmar,1991,true,,,existia
4317400,Santiago,1991,true,,,existia
4317509,Santo Ângelo,1991,true,,,existia
4317608,Santo Antônio da Patrulha,1991,true,,,existia
4317707,Santo Antônio das Missões,1991,true,,,existia
4317806,Santo Augusto,1991,true,,,existia
4317905,Santo Cristo,1991,true,,,existia
4318002,São Borja,1991,true,,,existia
4318051,São Domingos do Sul,1991,true,,,existia
4318101,São Francisco de Assis,1991,true,,,existia
4318200,São Francisco de Paula,1991,true,,,existia
4318309,São Gabriel,1991,true,,,existia
4318408,São Jerônimo,1991,true,,,existia
4318424,São João da Urtiga,1991,true,,,existia
4318440,São Jorge,1991,true,,,existia
4318465,São José do Herval,1991,true,,,existia
4318481,São José do Hortêncio,1991,true,,,existia
4318507,São José do Norte,1991,true,,,existia
4318606,São José do Ouro,1991,true,,,existia
4318705,São Leopoldo,1991,true,,,existia
4318804,São Lourenço do Sul,1991,true,,,existia
4318903,São Luiz Gonzaga,1991,true,,,existia
4319000,São Marcos,1991,true,,,existia
4319109,São Martinho,1991,true,,,existia
4319158,São Miguel das Missões,1991,true,,,existia
4319208,São Nicolau,1991,true,,,existia
4319307,São Paulo das Missões,1991,true,,,existia
4319406,São Pedro do Sul,1991,true,,,existia
4319505,São Sebastião do Caí,1991,true,,,existia
4319604,São Sepé,1991,true,,,existia
4319703,São Valentim,1991,true,,,existia
4319752,São Vendelino,1991,true,,,existia
4319802,São Vicente do Sul,1991,true,,,existia
4319901,Sapiranga,1991,true,,,existia
4320008,Sapucaia do Sul,1991,true,,,existia
4320107,Sarandi,1991,true,,,existia
4320206,Seberi,1991,true,,,existia
4320230,Sede Nova,1991,true,,,existia
4320263,Segredo,1991,true,,,existia
4320305,Selbach,1991,true,,,existia
4320404,Serafina Corrêa,1991,true,,,existia
4320503,Sertão,1991,true,,,existia
4320602,Severiano de Almeida,1991,true,,,existia
4320651,Silveira Martins,1991,true,,,existia
4320701,Sobradinho,1991,true,,,existia
4320800,Soledade,1991,true,,,existia
4320909,Tapejara,1991,true,,,existia
4321006,Tapera,1991,true,,,existia
4321105,Tapes,1991,true,,,existia
4321204,Taquara,1991,true,,,existia
4321303,Taquari,1991,true,,,existia
4321329,Taquaruçu do Sul,1991,true,,,existia
4321352,Tavares,1991,true,,,existia
4321402,Tenente Portela,1991,true,,,existia
4321436,Terra de Areia,1991,true,,,existia
4321451,Teutônia,1991,true,,,existia
4321501,Torres,1991,true,,,existia
4321600,Tramandaí,1991,true,,,existia
4321634,Três Arroios,1991,true,,,existia
4321667,Três Cachoeiras,1991,true,,,existia
4321709,Três Coroas,1991,true,,,existia
4321808,Três de Maio,1991,true,,,existia
4321857,Três Palmeiras,1991,true,,,existia
4321907,Três Passos,1991,true,,,existia
4321956,Trindade do Sul,1991,true,,,existia
4322004,Triunfo,1991,true,,,existia
4322103,Tucunduva,1991,true,,,existia
4322152,Tunas,1991,true,,,existia
4322202,Tupanciretã,1991,true,,,existia
4322251,Tupandi,1991,true,,,existia
4322301,Tuparendi,1991,true,,,existia
4322400,Uruguaiana,1991,true,,,existia
4322509,Vacaria,1991,true,,,existia
4322558,Vanini,1991,true,,,existia
4322608,Venâncio Aires,1991,true,,,existia
4322707,Vera Cruz,1991,true,,,existia
4322806,Veranópolis,1991,true,,,existia
4322905,Viadutos,1991,true,,,existia
4323002,Viamão,1991,true,,,existia
4323101,Vicente Dutra,1991,true,,,existia
4323200,Victor Graeff,1991,true,,,existia
4323309,Vila Flores,1991,true,,,existia
4323408,Vila Maria,1991,true,,,existia
4323507,Vista Alegre,1991,true,,,existia
4323606,Vista Alegre do Prata,1991,true,,,existia
4323705,Vista Gaúcha,1991,true,,,existia
5000203,Água Clara,1991,true,,,existia
5000609,Amambai,1991,true,,,existia
5000708,Anastácio,1991,true,,,existia
5000807,Anaurilândia,1991,true,,,existia
5000856,Angélica,1991,true,,,existia
5000906,Antônio João,1991,true,,,existia
5001003,Aparecida do Taboado,1991,true,,,existia
5001102,Aquidauana,1991,true,,,existia
5001243,Aral Moreira,1991,true,,,existia
5001508,Bandeirantes,1991,true,,,existia
5001904,Bataguassu,1991,true,,,existia
5002001,Batayporã,1991,true,,,existia
5002100,Bela Vista,1991,true,,,existia
5002159,Bodoquena,1991,true,,,existia
5002209,Bonito,1991,true,,,existia
5002308,Brasilândia,1991,true,,,existia
5002407,Caarapó,1991,true,,,existia
5002605,Camapuã,1991,true,,,existia
5002704,Campo Grande,1991,true,,,existia
5002803,Caracol,1991,true,,,existia
5002902,Cassilândia,1991,true,,,existia
5002951,Chapadão do Sul,1991,true,,,existia
5003108,Corguinho,1991,true,,,existia
5003157,Coronel Sapucaia,1991,true,,,existia
5003207,Corumbá,1991,true,,,existia
5003256,Costa Rica,1991,true,,,existia
5003306,Coxim,1991,true,,,existia
5003454,Deodápolis,1991,true,,,existia
5003488,Dois Irmãos do Buriti,1991,true,,,existia
5003504,Douradina,1991,true,,,existia
5003702,Dourados,1991,true,,,existia
5003751,Eldorado,1991,true,,,existia
5003801,Fátima do Sul,1991,true,,,existia
5004007,Glória de Dourados,1991,true,,,existia
5004106,Guia Lopes da Laguna,1991,true,,,existia
5004304,Iguatemi,1991,true,,,existia
5004403,Inocência,1991,true,,,existia
5004502,Itaporã,1991,true,,,existia
5004601,Itaquiraí,1991,true,,,existia
5004700,Ivinhema,1991,true,,,existia
5004908,Jaraguari,1991,true,,,existia
5005004,Jardim,1991,true,,,existia
5005103,Jateí,1991,true,,,existia
5005152,Juti,1991,true,,,existia
5005202,Ladário,1991,true,,,existia
5005400,Maracaju,1991,true,,,existia
5005608,Miranda,1991,true,,,existia
5005681,Mundo Novo,1991,true,,,existia
5005707,Naviraí,1991,true,,,existia
5005806,Nioaque,1991,true,,,existia
5006200,Nova Andradina,1991,true,,,existia
5006309,Paranaíba,1991,true,,,existia
5006358,Paranhos,1991,true,,,existia
5006408,Pedro Gomes,1991,true,,,existia
5006606,Ponta Porã,1991,true,,,existia
5006903,Porto Murtinho,1991,true,,,existia
5007109,Ribas do Rio Pardo,1991,true,,,existia
5007208,Rio Brilhante,1991,true,,,existia
5007307,Rio Negro,1991,true,,,existia
5007406,Rio Verde de Mato Grosso,1991,true,,,existia
5007505,Rochedo,1991,true,,,existia
5007554,Santa Rita do Pardo,1991,true,,,existia
5007695,São Gabriel do Oeste,1991,true,,,existia
5007703,Sete Quedas,1991,true,,,existia
5007802,Selvíria,1991,true,,,existia
5007901,Sidrolândia,1991,true,,,existia
5007935,Sonora,1991,true,,,existia
5007950,Tacuru,1991,true,,,existia
5007976,Taquarussu,1991,true,,,existia
5008008,Terenos,1991,true,,,existia
5008305,Três Lagoas,1991,true,,,existia
5008404,Vicentina,1991,true,,,existia
5100102,Acorizal,1991,true,,,existia
5100201,Água Boa,1991,true,,,existia
5100250,Alta Floresta,1991,true,,,existia
5100300,Alto Araguaia,1991,true,,,existia
5100409,Alto Garças,1991,true,,,existia
5100508,Alto Paraguai,1991,true,,,existia
5100607,Alto Taquari,1991,true,,,existia
5100805,Apiacás,1991,true,,,existia
5101001,Araguaiana,1991,true,,,existia
5101209,Araguainha,1991,true,,,existia
5101258,Araputanga,1991,true,,,existia
5101308,Arenápolis,1991,true,,,existia
5101407,Aripuanã,1991,true,,,existia
5101605,Barão de Melgaço,1991,true,,,existia
5101704,Barra do Bugres,1991,true,,,existia
5101803,Barra do Garças,1991,true,,,existia
5101902,Brasnorte,1991,true,,,existia
5102504,Cáceres,1991,true,,,existia
5102603,Campinápolis,1991,true,,,existia
5102637,Campo Novo do Parecis,1991,true,,,existia
5102678,Campo Verde,1991,true,,,existia
5102702,Canarana,1991,true,,,existia
5102850,Castanheira,1991,true,,,existia
5103007,Chapada dos Guimarães,1991,true,,,existia
5103056,Cláudia,1991,true,,,existia
5103106,Cocalinho,1991,true,,,existia
5103205,Colíder,1991,true,,,existia
5103304,Comodoro,1991,true,,,existia
5103403,Cuiabá,1991,true,,,existia
5103452,Denise,1991,true,,,existia
5103502,Diamantino,1991,true,,,existia
5103601,Dom Aquino,1991,true,,,existia
5103809,Figueirópolis D'Oeste,1991,true,,,existia
5103908,General Carneiro,1991,true,,,existia
5104104,Guarantã do Norte,1991,true,,,existia
5104203,Guiratinga,1991,true,,,existia
5104500,Indiavaí,1991,true,,,existia
5104559,Itaúba,1991,true,,,existia
5104609,Itiquira,1991,true,,,existia
5104807,Jaciara,1991,true,,,existia
5104906,Jangada,1991,true,,,existia
5105002,Jauru,1991,true,,,existia
5105101,Juara,1991,true,,,existia
5105150,Juína,1991,true,,,existia
5105176,Juruena,1991,true,,,existia
5105200,Juscimeira,1991,true,,,existia
5105259,Lucas do Rio Verde,1991,true,,,existia
5105309,Luciara,1991,true,,,existia
5105507,Vila Bela da Santíssima Trindade,1991,true,,,existia
5105580,Marcelândia,1991,true,,,existia
5105606,Matupá,1991,true,,,existia
5105622,Mirassol d'Oeste,1991,true,,,existia
5105903,Nobres,1991,true,,,existia
5106000,Nortelândia,1991,true,,,existia
5106109,Nossa Senhora do Livramento,1991,true,,,existia
5106208,Nova Brasilândia,1991,true,,,existia
5106216,Nova Canaã do Norte,1991,true,,,existia
5106224,Nova Mutum,1991,true,,,existia
5106232,Nova Olímpia,1991,true,,,existia
5106257,Nova Xavantina,1991,true,,,existia
5106273,Novo Horizonte do Norte,1991,true,,,existia
5106281,Novo São Joaquim,1991,true,,,existia
5106299,Paranaíta,1991,true,,,existia
5106307,Paranatinga,1991,true,,,existia
5106372,Pedra Preta,1991,true,,,existia
5106422,Peixoto de Azevedo,1991,true,,,existia
5106505,Poconé,1991,true,,,existia
5106703,Ponte Branca,1991,true,,,existia
5106752,Pontes e Lacerda,1991,true,,,existia
5106778,Porto Alegre do Norte,1991,true,,,existia
5106802,Porto dos Gaúchos,1991,true,,,existia
5106828,Porto Esperidião,1991,true,,,existia
5107008,Poxoréu,1991,true,,,existia
5107040,Primavera do Leste,1991,true,,,existia
5107107,São José dos Quatro Marcos,1991,true,,,existia
5107156,Reserva do Cabaçal,1991,true,,,existia
5107180,Ribeirão Cascalheira,1991,true,,,existia
5107206,Rio Branco,1991,true,,,existia
5107305,São José do Rio Claro,1991,true,,,existia
5107602,Rondonópolis,1991,true,,,existia
5107701,Rosário Oeste,1991,true,,,existia
5107750,Salto do Céu,1991,true,,,existia
5107776,Santa Terezinha,1991,true,,,existia
5107800,Santo Antônio de Leverger,1991,true,,,existia
5107859,São Félix do Araguaia,1991,true,,,existia
5107909,Sinop,1991,true,,,existia
5107925,Sorriso,1991,true,,,existia
5107958,Tangará da Serra,1991,true,,,existia
5108006,Tapurah,1991,true,,,existia
5108055,Terra Nova do Norte,1991,true,,,existia
5108105,Tesouro,1991,true,,,existia
5108204,Torixoréu,1991,true,,,existia
5108402,Várzea Grande,1991,true,,,existia
5108501,Vera,1991,true,,,existia
5108600,Vila Rica,1991,true,,,existia
5200100,Abadiânia,1991,true,,,existia
5200134,Acreúna,1991,true,,,existia
5200159,Adelândia,1991,true,,,existia
5200175,Água Fria de Goiás,1991,true,,,existia
5200209,Água Limpa,1991,true,,,existia
5200308,Alexânia,1991,true,,,existia
5200506,Aloândia,1991,true,,,existia
5200605,Alto Paraíso de Goiás,1991,true,,,existia
5200803,Alvorada do Norte,1991,true,,,existia
5200852,Americano do Brasil,1991,true,,,existia
5200902,Amorinópolis,1991,true,,,existia
5201108,Anápolis,1991,true,,,existia
5201207,Anhanguera,1991,true,,,existia
5201306,Anicuns,1991,true,,,existia
5201405,Aparecida de Goiânia,1991,true,,,existia
5201504,Aporé,1991,true,,,existia
5201603,Araçu,1991,true,,,existia
5201702,Aragarças,1991,true,,,existia
5201801,Aragoiânia,1991,true,,,existia
5202155,Araguapaz,1991,true,,,existia
5202353,Arenópolis,1991,true,,,existia
5202502,Aruanã,1991,true,,,existia
5202601,Aurilândia,1991,true,,,existia
5202809,Avelinópolis,1991,true,,,existia
5203104,Baliza,1991,true,,,existia
5203203,Barro Alto,1991,true,,,existia
5203302,Bela Vista de Goiás,1991,true,,,existia
5203401,Bom Jardim de Goiás,1991,true,,,existia
5203500,Bom Jesus de Goiás,1991,true,,,existia
5203559,Bonfinópolis,1991,true,,,existia
5203609,Brazabrantes,1991,true,,,existia
5203807,Britânia,1991,true,,,existia
5203906,Buriti Alegre,1991,true,,,existia
5204003,Cabeceiras,1991,true,,,existia
5204102,Cachoeira Alta,1991,true,,,existia
5204201,Cachoeira de Goiás,1991,true,,,existia
5204250,Cachoeira Dourada,1991,true,,,existia
5204300,Caçu,1991,true,,,existia
5204409,Caiapônia,1991,true,,,existia
5204508,Caldas Novas,1991,true,,,existia
5204607,Campestre de Goiás,1991,true,,,existia
5204656,Campinaçu,1991,true,,,existia
5204706,Campinorte,1991,true,,,existia
5204805,Campo Alegre de Goiás,1991,true,,,existia
5204904,Campos Belos,1991,true,,,existia
5204953,Campos Verdes,1991,true,,,existia
5205000,Carmo do Rio Verde,1991,true,,,existia
5205109,Catalão,1991,true,,,existia
5205208,Caturaí,1991,true,,,existia
5205307,Cavalcante,1991,true,,,existia
5205406,Ceres,1991,true,,,existia
5205455,Cezarina,1991,true,,,existia
5205521,Colinas do Sul,1991,true,,,existia
5205703,Córrego do Ouro,1991,true,,,existia
5205802,Corumbá de Goiás,1991,true,,,existia
5205901,Corumbaíba,1991,true,,,existia
5206206,Cristalina,1991,true,,,existia
5206305,Cristianópolis,1991,true,,,existia
5206404,Crixás,1991,true,,,existia
5206503,Cromínia,1991,true,,,existia
5206602,Cumari,1991,true,,,existia
5206701,Damianópolis,1991,true,,,existia
5206800,Damolândia,1991,true,,,existia
5206909,Davinópolis,1991,true,,,existia
5207105,Diorama,1991,true,,,existia
5207253,Doverlândia,1991,true,,,existia
5207352,Edealina,1991,true,,,existia
5207402,Edéia,1991,true,,,existia
5207501,Estrela do Norte,1991,true,,,existia
5207535,Faina,1991,true,,,existia
5207600,Fazenda Nova,1991,true,,,existia
5207808,Firminópolis,1991,true,,,existia
5207907,Flores de Goiás,1991,true,,,existia
5208004,Formosa,1991,true,,,existia
5208103,Formoso,1991,true,,,existia
5208301,Divinópolis de Goiás,1991,true,,,existia
5208400,Goianápolis,1991,true,,,existia
5208509,Goiandira,1991,true,,,existia
5208608,Goianésia,1991,true,,,existia
5208707,Goiânia,1991,true,,,existia
5208806,Goianira,1991,true,,,existia
5208905,Goiás,1991,true,,,existia
5209101,Goiatuba,1991,true,,,existia
5209150,Gouvelândia,1991,true,,,existia
5209200,Guapó,1991,true,,,existia
5209408,Guarani de Goiás,1991,true,,,existia
5209457,Guarinos,1991,true,,,existia
5209606,Heitoraí,1991,true,,,existia
5209705,Hidrolândia,1991,true,,,existia
5209804,Hidrolina,1991,true,,,existia
5209903,Iaciara,1991,true,,,existia
5209952,Indiara,1991,true,,,existia
5210000,Inhumas,1991,true,,,existia
5210109,Ipameri,1991,true,,,existia
5210208,Iporá,1991,true,,,existia
5210307,Israelândia,1991,true,,,existia
5210406,Itaberaí,1991,true,,,existia
5210562,Itaguari,1991,true,,,existia
5210604,Itaguaru,1991,true,,,existia
5210802,Itajá,1991,true,,,existia
5210901,Itapaci,1991,true,,,existia
5211008,Itapirapuã,1991,true,,,existia
5211206,Itapuranga,1991,true,,,existia
5211305,Itarumã,1991,true,,,existia
5211404,Itauçu,1991,true,,,existia
5211503,Itumbiara,1991,true,,,existia
5211602,Ivolândia,1991,true,,,existia
5211701,Jandaia,1991,true,,,existia
5211800,Jaraguá,1991,true,,,existia
5211909,Jataí,1991,true,,,existia
5212006,Jaupaci,1991,true,,,existia
5212105,Joviânia,1991,true,,,existia
5212204,Jussara,1991,true,,,existia
5212303,Leopoldo de Bulhões,1991,true,,,existia
5212501,Luziânia,1991,true,,,existia
5212600,Mairipotaba,1991,true,,,existia
5212709,Mambaí,1991,true,,,existia
5212808,Mara Rosa,1991,true,,,existia
5212907,Marzagão,1991,true,,,existia
5212956,Matrinchã,1991,true,,,existia
5213004,Maurilândia,1991,true,,,existia
5213053,Mimoso de Goiás,1991,true,,,existia
5213087,Minaçu,1991,true,,,existia
5213103,Mineiros,1991,true,,,existia
5213400,Moiporá,1991,true,,,existia
5213509,Monte Alegre de Goiás,1991,true,,,existia
5213707,Montes Claros de Goiás,1991,true,,,existia
5213756,Montividiu,1991,true,,,existia
5213806,Morrinhos,1991,true,,,existia
5213855,Morro Agudo de Goiás,1991,true,,,existia
5213905,Mossâmedes,1991,true,,,existia
5214002,Mozarlândia,1991,true,,,existia
5214051,Mundo Novo,1991,true,,,existia
5214101,Mutunópolis,1991,true,,,existia
5214408,Nazário,1991,true,,,existia
5214507,Nerópolis,1991,true,,,existia
5214606,Niquelândia,1991,true,,,existia
5214705,Nova América,1991,true,,,existia
5214804,Nova Aurora,1991,true,,,existia
5214838,Nova Crixás,1991,true,,,existia
5214861,Nova Glória,1991,true,,,existia
5214903,Nova Roma,1991,true,,,existia
5215009,Nova Veneza,1991,true,,,existia
5215207,Novo Brasil,1991,true,,,existia
5215256,Novo Planalto,1991,true,,,existia
5215306,Orizona,1991,true,,,existia
5215405,Ouro Verde de Goiás,1991,true,,,existia
5215504,Ouvidor,1991,true,,,existia
5215603,Padre Bernardo,1991,true,,,existia
5215652,Palestina de Goiás,1991,true,,,existia
5215702,Palmeiras de Goiás,1991,true,,,existia
5215801,Palmelo,1991,true,,,existia
5215900,Palminópolis,1991,true,,,existia
5216007,Panamá,1991,true,,,existia
5216304,Paranaiguara,1991,true,,,existia
5216403,Paraúna,1991,true,,,existia
5216809,Petrolina de Goiás,1991,true,,,existia
5216908,Pilar de Goiás,1991,true,,,existia
5217104,Piracanjuba,1991,true,,,existia
5217203,Piranhas,1991,true,,,existia
5217302,Pirenópolis,1991,true,,,existia
5217401,Pires do Rio,1991,true,,,existia
5217609,Planaltina,1991,true,,,existia
5217708,Pontalina,1991,true,,,existia
5218003,Porangatu,1991,true,,,existia
5218102,Portelândia,1991,true,,,existia
5218300,Posse,1991,true,,,existia
5218508,Quirinópolis,1991,true,,,existia
5218607,Rialma,1991,true,,,existia
5218706,Rianápolis,1991,true,,,existia
5218789,Rio Quente,1991,true,,,existia
5218805,Rio Verde,1991,true,,,existia
5218904,Rubiataba,1991,true,,,existia
5219001,Sanclerlândia,1991,true,,,existia
5219100,Santa Bárbara de Goiás,1991,true,,,existia
5219209,Santa Cruz de Goiás,1991,true,,,existia
5219258,Santa Fé de Goiás,1991,true,,,existia
5219308,Santa Helena de Goiás,1991,true,,,existia
5219357,Santa Isabel,1991,true,,,existia
5219407,Santa Rita do Araguaia,1991,true,,,existia
5219506,Santa Rosa de Goiás,1991,true,,,existia
5219605,Santa Tereza de Goiás,1991,true,,,existia
5219704,Santa Terezinha de Goiás,1991,true,,,existia
5219753,Santo Antônio do Descoberto,1991,true,,,existia
5219803,São Domingos,1991,true,,,existia
5219902,São Francisco de Goiás,1991,true,,,existia
5220009,São João d'Aliança,1991,true,,,existia
5220058,São João da Paraúna,1991,true,,,existia
5220108,São Luís de Montes Belos,1991,true,,,existia
5220157,São Luiz do Norte,1991,true,,,existia
5220207,São Miguel do Araguaia,1991,true,,,existia
5220264,São Miguel do Passa Quatro,1991,true,,,existia
5220405,São Simão,1991,true,,,existia
5220454,Senador Canedo,1991,true,,,existia
5220504,Serranópolis,1991,true,,,existia
5220603,Silvânia,1991,true,,,existia
5220686,Simolândia,1991,true,,,existia
5220702,Sítio d'Abadia,1991,true,,,existia
5221007,Taquaral de Goiás,1991,true,,,existia
5221080,Teresina de Goiás,1991,true,,,existia
5221304,Três Ranchos,1991,true,,,existia
5221403,Trindade,1991,true,,,existia
5221452,Trombas,1991,true,,,existia
5221502,Turvânia,1991,true,,,existia
5221551,Turvelândia,1991,true,,,existia
5221601,Uruaçu,1991,true,,,existia
5221700,Uruana,1991,true,,,existia
5221809,Urutaí,1991,true,,,existia
5221908,Varjão,1991,true,,,existia
5222005,Vianópolis,1991,true,,,existia
5222054,Vicentinópolis,1991,true,,,existia
5300108,Brasília,1991,true,,,existia
1400704,Uiramutã,1991,false,1400407,Normandia,multiplos_pais
1400027,Amajari,1991,false,1400100,Boa Vista,unico_pai
1400456,Pacaraima,1991,false,1400100,Boa Vista,unico_pai
1400175,Cantá,1991,false,1400159,Bonfim,multiplos_pais
1400282,Iracema,1991,false,1400308,Mucajaí,multiplos_pais
1600808,Vitória do Jari,1991,false,1600279,Laranjal do Jari,unico_pai
1600154,Pedra Branca do Amapari,1991,false,1600303,Macapá,unico_pai
1600055,Serra do Navio,1991,false,1600303,Macapá,unico_pai
1600535,Porto Grande,1991,false,1600303,Macapá,unico_pai
1600253,Itaubal,1991,false,1600303,Macapá,unico_pai
1600212,Cutias,1991,false,1600303,Macapá,unico_pai
1600550,Pracuúba,1991,false,1600105,Amapá,multiplos_pais
1400233,Caroebe,1991,false,1400506,São João da Baliza,unico_pai
1502855,Curuá,1991,false,1500404,Alenquer,unico_pai
1400472,Rorainópolis,1991,false,1400605,São Luiz,unico_pai
1507979,Terra Santa,1991,false,1503002,Faro,unico_pai
1507961,Terra Alta,1991,false,1502905,Curuçá,unico_pai
1507466,São João da Ponta,1991,false,1507102,São Caetano de Odivelas,unico_pai
1506112,Quatipuru,1991,false,1506104,Primavera,unico_pai
1508035,Tracuateua,1991,false,1501709,Bragança,unico_pai
1501956,Cachoeira do Piriá,1991,false,1508308,Viseu,unico_pai
1504950,Nova Esperança do Piriá,1991,false,1508308,Viseu,unico_pai
2105658,Junco do Maranhão,1991,false,2102903,Carutapera,multiplos_pais
2101970,Boa Vista do Gurupi,1991,false,2102903,Carutapera,unico_pai
2105427,Itinga do Maranhão,1991,false,2102903,Carutapera,multiplos_pais
2103174,Centro Novo do Maranhão,1991,false,2102903,Carutapera,unico_pai
1504422,Marituba,1991,false,1501501,Benevides,multiplos_pais
1506351,Santa Bárbara do Pará,1991,false,1501501,Benevides,unico_pai
2104677,Governador Nunes Freire,1991,false,2102606,Cândido Mendes,unico_pai
2106375,Maranhãozinho,1991,false,2102606,Cândido Mendes,multiplos_pais
2100550,Amapá do Maranhão,1991,false,2104305,Godofredo Viana,multiplos_pais
2106326,Maracaçumé,1991,false,2104305,Godofredo Viana,multiplos_pais
2103158,Centro do Guilherme,1991,false,2104305,Godofredo Viana,multiplos_pais
2100832,Apicum-Açu,1991,false,2101301,Bacuri,multiplos_pais
1506559,Santa Luzia do Pará,1991,false,1505403,Ourém,multiplos_pais
2112456,Turilândia,1991,false,2112407,Turiaçu,unico_pai
2111789,Serrano do Maranhão,1991,false,2103703,Cururupu,multiplos_pais
1503457,Ipixuna do Pará,1991,false,1507201,São Domingos do Capim,unico_pai
1500958,Aurora do Pará,1991,false,1507201,São Domingos do Capim,unico_pai
1501782,Breu Branco,1991,false,1504703,Moju,multiplos_pais
2109056,Porto Rico do Maranhão,1991,false,2103109,Cedral,multiplos_pais
2103125,Central do Maranhão,1991,false,2106805,Mirinzal,unico_pai
1501451,Belterra,1991,false,1506807,Santarém,unico_pai
1504752,Mojuí dos Campos,1991,false,1506807,Santarém,unico_pai
1505650,Placas,1991,false,1506807,Santarém,unico_pai
2107357,Nova Olinda do Maranhão,1991,false,2110039,Santa Luzia do Paruá,unico_pai
2109239,Presidente Médici,1991,false,2110039,Santa Luzia do Paruá,multiplos_pais
2108256,Pedro do Rosário,1991,false,2108603,Pinheiro,unico_pai
2109270,Presidente Sarney,1991,false,2108603,Pinheiro,unico_pai
2110278,Santo Amaro do Maranhão,1991,false,2109403,Primeira Cruz,unico_pai
1508126,Ulianópolis,1991,false,1505502,Paragominas,unico_pai
2109452,Raposa,1991,false,2107506,Paço do Lumiar,multiplos_pais
1508357,Vitória do Xingu,1991,false,1507805,Senador José Porfírio,multiplos_pais
1500859,Anapu,1991,false,1507805,Senador José Porfírio,multiplos_pais
2101350,Bacurituba,1991,false,2102408,Cajapió,unico_pai
1501725,Brasil Novo,1991,false,1504455,Medicilândia,multiplos_pais
2108058,Paulino Neves,1991,false,2112506,Tutóia,multiplos_pais
2100154,Água Doce do Maranhão,1991,false,2100907,Araioses,unico_pai
2101251,Bacabeira,1991,false,2109601,Rosário,unico_pai
2204659,Ilha Grande,1991,false,2207702,Parnaíba,unico_pai
2201919,Bom Princípio do Piauí,1991,false,2207702,Parnaíba,multiplos_pais
2102374,Cachoeira Grande,1991,false,2107100,Morros,unico_pai
2307254,Jijoca de Jericoacoara,1991,false,2304251,Cruz,unico_pai
2107456,Olinda Nova do Maranhão,1991,false,2111003,São João Batista,multiplos_pais
2104651,Governador Newton Bello,1991,false,2114007,Zé Doca,multiplos_pais
2100873,Araguanã,1991,false,2114007,Zé Doca,unico_pai
2202083,Cajueiro da Praia,1991,false,2205706,Luís Correia,unico_pai
2101731,Belágua,1991,false,2112605,Urbano Santos,unico_pai
2110237,Santana do Maranhão,1991,false,2110609,São Bernardo,unico_pai
2206696,Murici dos Portelas,1991,false,2202000,Buriti dos Lopes,multiplos_pais
2202653,Caxingó,1991,false,2202000,Buriti dos Lopes,unico_pai
2202539,Caraúbas do Piauí,1991,false,2202000,Buriti dos Lopes,multiplos_pais
2202729,Cocal dos Alves,1991,false,2202703,Cocal,multiplos_pais
2103554,Conceição do Lago-Açu,1991,false,2112902,Vitória do Mearim,unico_pai
2105153,Igarapé do Meio,1991,false,2112902,Vitória do Mearim,unico_pai
2101772,Bela Vista do Maranhão,1991,false,2112902,Vitória do Mearim,unico_pai
2106672,Milagres do Maranhão,1991,false,2102101,Brejo,multiplos_pais
2111029,São João do Carú,1991,false,2102002,Bom Jardim,multiplos_pais
2205458,Joca Marques,1991,false,2205805,Luzilândia,unico_pai
2205854,Madeiro,1991,false,2205805,Luzilândia,unico_pai
1503093,Goianésia do Pará,1991,false,1506187,Rondon do Pará,multiplos_pais
2106631,Matões do Norte,1991,false,2102705,Cantanhede,multiplos_pais
2112274,Tufilândia,1991,false,2108504,Pindaré Mirim,multiplos_pais
2201960,Brasileira,1991,false,2208304,Piracuruca,multiplos_pais
2210052,São José do Divino,1991,false,2208304,Piracuruca,multiplos_pais
2209872,São João da Fronteira,1991,false,2208304,Piracuruca,multiplos_pais
2102036,Bom Jesus das Selvas,1991,false,2110005,Santa Luzia,unico_pai
2102325,Buriticupu,1991,false,2110005,Santa Luzia,unico_pai
2100477,Alto Alegre do Pindaré,1991,false,2110005,Santa Luzia,unico_pai
2102150,Brejo de Areia,1991,false,2110005,Santa Luzia,multiplos_pais
2206670,Morro do Chapéu do Piauí,1991,false,2203701,Esperantina,multiplos_pais
1508050,Trairão,1991,false,1503606,Itaituba,unico_pai
1505031,Novo Progresso,1991,false,1503606,Itaituba,unico_pai
1503754,Jacareacanga,1991,false,1503606,Itaituba,unico_pai
2209971,São João do Arraial,1991,false,2206100,Matias Olímpio,multiplos_pais
2202174,Campo Largo do Piauí,1991,false,2208502,Porto,unico_pai
1505064,Novo Repartimento,1991,false,1503804,Jacundá,multiplos_pais
2111722,Satubinha,1991,false,2113009,Vitorino Freire,multiplos_pais
2100436,Alto Alegre do Maranhão,1991,false,2103604,Coroatá,multiplos_pais
2108454,Peritoró,1991,false,2103604,Coroatá,multiplos_pais
2306256,Itaitinga,1991,false,2309706,Pacatuba,unico_pai
2202059,Cabeceiras do Piauí,1991,false,2201200,Barras,unico_pai
2201770,Boa Hora,1991,false,2201200,Barras,unico_pai
2303659,Catunda,1991,false,2312205,Santa Quitéria,unico_pai
2106359,Marajá do Sena,1991,false,2108108,Paulo Ramos,multiplos_pais
2102754,Capinzal do Norte,1991,false,2103307,Codó,multiplos_pais
2110856,São Francisco do Brejão,1991,false,2100055,Açailândia,multiplos_pais
2102077,Bom Lugar,1991,false,2105807,Lago do Junco,multiplos_pais
2205573,Lagoa de São Francisco,1991,false,2207900,Pedro II,multiplos_pais
2206357,Milton Brandão,1991,false,2207900,Pedro II,multiplos_pais
2205557,Lagoa Alegre,1991,false,2211100,União,multiplos_pais
2111078,São João do Soter,1991,false,2103000,Caxias,unico_pai
2112233,Trizidela do Vale,1991,false,2108207,Pedreiras,multiplos_pais
2210656,Sigefredo Pacheco,1991,false,2202208,Campo Maior,multiplos_pais
2205276,Jatobá do Piauí,1991,false,2202208,Campo Maior,unico_pai
2206753,Nossa Senhora de Nazaré,1991,false,2202208,Campo Maior,unico_pai
2202711,Cocal de Telha,1991,false,2202208,Campo Maior,unico_pai
2201945,Boqueirão do Piauí,1991,false,2202208,Campo Maior,unico_pai
2304459,Fortim,1991,false,2301109,Aracati,unico_pai
2101939,Bernardo do Mearim,1991,false,2105203,Igarapé Grande,multiplos_pais
2105948,Lago dos Rodrigues,1991,false,2105203,Igarapé Grande,multiplos_pais
2301257,Ararendá,1991,false,2309300,Nova Russas,unico_pai
1504976,Nova Ipixuna,1991,false,1503705,Itupiranga,unico_pai
1500131,Abel Figueiredo,1991,false,1501576,Bom Jesus do Tocantins,unico_pai
2303931,Choró,1991,false,2311306,Quixadá,unico_pai
2112852,Vila Nova dos Martírios,1991,false,2105302,Imperatriz,unico_pai
2103257,Cidelândia,1991,false,2105302,Imperatriz,unico_pai
2103752,Davinópolis,1991,false,2105302,Imperatriz,unico_pai
2104552,Governador Edison Lobão,1991,false,2105302,Imperatriz,unico_pai
2111532,São Pedro da Água Branca,1991,false,2105302,Imperatriz,unico_pai
2111631,São Raimundo do Doca Bezerra,1991,false,2104008,Esperantinópolis,multiplos_pais
2111672,São Roberto,1991,false,2104008,Esperantinópolis,unico_pai
2206720,Nazária,1991,false,2211001,Teresina,unico_pai
2202026,Buriti dos Montes,1991,false,2202604,Castelo do Piauí,multiplos_pais
2205516,Juazeiro do Piauí,1991,false,2202604,Castelo do Piauí,multiplos_pais
2104099,Formosa da Serra Negra,1991,false,2104800,Grajaú,unico_pai
2105351,Itaipava do Grajaú,1991,false,2104800,Grajaú,unico_pai
2105963,Lagoa Grande do Maranhão,1991,false,2104800,Grajaú,multiplos_pais
2111250,São José dos Basílios,1991,false,2109106,Presidente Dutra,multiplos_pais
2202737,Coivaras,1991,false,2200400,Altos,unico_pai
2207793,Pau D'Arco do Piauí,1991,false,2200400,Altos,unico_pai
2411056,Tibau,1991,false,2404408,Grossos,unico_pai
2111763,Senador La Rocque,1991,false,2105500,João Lisboa,unico_pai
2102358,Buritirana,1991,false,2105500,João Lisboa,unico_pai
2104081,Fernando Falcão,1991,false,2101608,Barra do Corda,unico_pai
2105476,Jenipapo dos Vieiras,1991,false,2101608,Barra do Corda,multiplos_pais
2109759,Santa Filomena do Maranhão,1991,false,2112308,Tuntum,unico_pai
2410256,Porto do Mangue,1991,false,2402501,Carnaubais,unico_pai
2206951,Novo Santo Antônio,1991,false,2200301,Alto Longá,unico_pai
2111748,Senador Alexandre Costa,1991,false,2104602,Governador Eugênio Barros,unico_pai
1703891,Carrasco Bonito,1991,false,1718808,Sampaio,unico_pai
2401859,Caiçara do Norte,1991,false,2411601,São Bento do Norte,multiplos_pais
1707405,Esperantina,1991,false,1702208,Araguatins,multiplos_pais
1507151,São Domingos do Araguaia,1991,false,1507508,São João do Araguaia,unico_pai
2412559,São Miguel do Gostoso,1991,false,2414407,Touros,unico_pai
2205581,Lagoa do Piauí,1991,false,2201606,Beneditinos,multiplos_pais
2201051,Assunção do Piauí,1991,false,2210409,São Miguel do Tapuio,unico_pai
1720200,São Miguel do Tocantins,1991,false,1710706,Itaguatins,multiplos_pais
2104628,Governador Luiz Rocha,1991,false,2110708,São Domingos do Maranhão,unico_pai
1505494,Palestina do Pará,1991,false,1501758,Brejo Grande do Araguaia,unico_pai
2408953,Rio do Fogo,1991,false,2407500,Maxaranguape,unico_pai
2203255,Curralinhos,1991,false,2206407,Monsenhor Gil,multiplos_pais
2404853,Itajá,1991,false,2404705,Ipanguaçu,unico_pai
2105989,Lajeado Novo,1991,false,2107001,Montes Altos,unico_pai
2109551,Ribamar Fiquene,1991,false,2107001,Montes Altos,unico_pai
2403756,Fernando Pedroza,1991,false,2400802,Angicos,unico_pai
1712801,Maurilândia do Tocantins,1991,false,1721208,Tocantinópolis,unico_pai
1713809,Palmeiras do Tocantins,1991,false,1721208,Tocantinópolis,unico_pai
1700301,Aguiarnópolis,1991,false,1721208,Tocantinópolis,unico_pai
1706506,Darcinópolis,1991,false,1721208,Tocantinópolis,multiplos_pais
1712454,Luzinópolis,1991,false,1721208,Tocantinópolis,unico_pai
1703826,Cachoeirinha,1991,false,1721208,Tocantinópolis,multiplos_pais
1720101,São Bento do Tocantins,1991,false,1721208,Tocantinópolis,multiplos_pais
1502954,Eldorado do Carajás,1991,false,1502772,Curionópolis,unico_pai
2205540,Lagoinha do Piauí,1991,false,2200202,Água Branca,multiplos_pais
2207108,Olho D'Água do Piauí,1991,false,2200202,Água Branca,multiplos_pais
2105922,Lagoa do Mato,1991,false,2107902,Passagem Franca,multiplos_pais
2105450,Jatobá,1991,false,2103505,Colinas,multiplos_pais
2207751,Passagem Franca do Piauí,1991,false,2203503,Elesbão Veloso,multiplos_pais
2210383,São Miguel da Baixa Grande,1991,false,2209609,São Félix do Piauí,multiplos_pais
2209153,Santa Cruz dos Milagres,1991,false,2200905,Aroazes,multiplos_pais
1500347,Água Azul do Norte,1991,false,1505536,Parauapebas,unico_pai
1502152,Canaã dos Carajás,1991,false,1505536,Parauapebas,unico_pai
1505635,Piçarra,1991,false,1507458,São Geraldo do Araguaia,unico_pai
2414456,Triunfo Potiguar,1991,false,2401305,Augusto Severo,unico_pai
2401651,Bodó,1991,false,2411403,Santana do Matos,unico_pai
1718550,Riachinho,1991,false,1701002,Ananás,unico_pai
2409332,Santa Maria,1991,false,2412609,São Paulo do Potengi,unico_pai
2209450,Santo Antônio dos Milagres,1991,false,2209807,São Gonçalo do Piauí,multiplos_pais
2111052,São João do Paraíso,1991,false,2109007,Porto Franco,unico_pai
2102556,Campestre do Maranhão,1991,false,2109007,Porto Franco,unico_pai
2205250,Jardim do Mulato,1991,false,2208809,Regeneração,unico_pai
1701051,Angico,1991,false,1714302,Nazaré,unico_pai
1720002,Santa Terezinha do Tocantins,1991,false,1714302,Nazaré,unico_pai
2413557,Serrinha dos Pintos,1991,false,2407401,Martins,unico_pai
2205599,Lagoa do Sítio,1991,false,2211308,Valença do Piauí,multiplos_pais
2414159,Tenente Laurentino Cruz,1991,false,2403806,Florânia,multiplos_pais
2414753,Venha-Ver,1991,false,2412500,São Miguel,unico_pai
1717206,Piraquê,1991,false,1722107,Xambioá,unico_pai
2111953,Sucupira do Riachão,1991,false,2111102,São João dos Patos,multiplos_pais
2514651,São José do Brejo do Cruz,1991,false,2502805,Brejo do Cruz,multiplos_pais
1507755,Sapucaia,1991,false,1508407,Xinguara,unico_pai
2406155,Jundiá,1991,false,2414704,Várzea,multiplos_pais
1718865,Santa Fé do Araguaia,1991,false,1702109,Araguaína,unico_pai
1713957,Muricilândia,1991,false,1702109,Araguaína,unico_pai
1701309,Aragominas,1991,false,1702109,Araguaína,unico_pai
1703883,Carmolândia,1991,false,1702109,Araguaína,unico_pai
1702158,Araguanã,1991,false,1702109,Araguaína,unico_pai
2407252,Major Sales,1991,false,2407005,Luís Gomes,unico_pai
2111573,São Pedro dos Crentes,1991,false,2104057,Estreito,unico_pai
2513653,Joca Claudino,1991,false,2516904,Uiraúna,multiplos_pais
2512036,Poço Dantas,1991,false,2516904,Uiraúna,multiplos_pais
2501534,Baraúna,1991,false,2511400,Picuí,unico_pai
2201176,Barra D'Alcântara,1991,false,2211407,Várzea Grande,multiplos_pais
2502052,Bernardino Batista,1991,false,2516805,Triunfo,unico_pai
2210375,São Luis do Piauí,1991,false,2209856,São João da Canabrava,multiplos_pais
1501253,Bannach,1991,false,1505437,Ourilândia do Norte,unico_pai
1502764,Cumaru do Norte,1991,false,1505437,Ourilândia do Norte,unico_pai
2509370,Mato Grosso,1991,false,2507408,Jericó,multiplos_pais
2202075,Cajazeiras do Piauí,1991,false,2207009,Oeiras,unico_pai
2210979,Tanque do Piauí,1991,false,2207009,Oeiras,multiplos_pais
2209377,Santa Rosa do Piauí,1991,false,2207009,Oeiras,unico_pai
2202778,Colônia do Piauí,1991,false,2207009,Oeiras,multiplos_pais
2209955,São João da Varjota,1991,false,2207009,Oeiras,multiplos_pais
2516151,Sossêgo,1991,false,2505105,Cuité,multiplos_pais
2509156,Marizópolis,1991,false,2516201,Sousa,multiplos_pais
2517209,Vieirópolis,1991,false,2516201,Sousa,multiplos_pais
2513984,São Francisco,1991,false,2516201,Sousa,unico_pai
2500775,Aparecida,1991,false,2516201,Sousa,unico_pai
2107258,Nova Colinas,1991,false,2104107,Fortaleza dos Nogueiras,unico_pai
2512077,Poço de José de Moura,1991,false,2500700,São João do Rio do Peixe,unico_pai
2110658,São Domingos do Azeitão,1991,false,2101806,Benedito Leite,multiplos_pais
2512747,Riachão,1991,false,2501005,Araruna,multiplos_pais
2508554,Logradouro,1991,false,2503605,Caiçara,unico_pai
2505352,Damião,1991,false,2501609,Barra de Santa Rosa,unico_pai
2505279,Curral de Cima,1991,false,2508901,Mamanguape,unico_pai
2505238,Cuité de Mamanguape,1991,false,2508901,Mamanguape,unico_pai
2504033,Capim,1991,false,2508901,Mamanguape,unico_pai
2512721,Pedro Régis,1991,false,2507309,Jacaraú,unico_pai
2104073,Feira Nova do Maranhão,1991,false,2109502,Riachão,unico_pai
2503753,Cajazeirinhas,1991,false,2512101,Pombal,unico_pai
2513968,São Domingos,1991,false,2512101,Pombal,unico_pai
2513927,São Bentinho,1991,false,2512101,Pombal,multiplos_pais
2202251,Canavieira,1991,false,2205300,Jerumenha,multiplos_pais
2208551,Porto Alegre do Piauí,1991,false,2200806,Antônio Almeida,multiplos_pais
2509057,Marcação,1991,false,2512903,Rio Tinto,unico_pai
2504157,Casserengue,1991,false,2516003,Solânea,multiplos_pais
2515930,Sertãozinho,1991,false,2505808,Duas Estradas,multiplos_pais
2209351,Santana do Piauí,1991,false,2208007,Picos,multiplos_pais
2207553,Paquetá,1991,false,2208007,Picos,multiplos_pais
2200954,Aroeiras do Itaim,1991,false,2208007,Picos,multiplos_pais
2210938,Sussuapara,1991,false,2208007,Picos,unico_pai
2204352,Geminiano,1991,false,2208007,Picos,unico_pai
2500577,Algodão de Jandaíra,1991,false,2512705,Remígio,multiplos_pais
2202091,Caldeirão Grande do Piauí,1991,false,2204303,Fronteiras,unico_pai
2211704,Wall Ferraz,1991,false,2209104,Santa Cruz do Piauí,multiplos_pais
1503044,Floresta do Araguaia,1991,false,1502707,Conceição do Araguaia,unico_pai
2516755,Tenório,1991,false,2507705,Juazeirinho,multiplos_pais
2200277,Alegrete do Piauí,1991,false,2210300,São Julião,unico_pai
2202133,Campo Grande do Piauí,1991,false,2205201,Jaicós,unico_pai
2206050,Massapê do Piauí,1991,false,2205201,Jaicós,unico_pai
2207777,Patos do Piauí,1991,false,2205201,Jaicós,multiplos_pais
2201572,Belém do Piauí,1991,false,2207207,Padre Marcos,multiplos_pais
2205953,Marcolândia,1991,false,2207207,Padre Marcos,multiplos_pais
2204154,Francisco Macedo,1991,false,2207207,Padre Marcos,multiplos_pais
2211605,Vila Nova do Piauí,1991,false,2207207,Padre Marcos,multiplos_pais
1715705,Palmeirante,1991,false,1707702,Filadélfia,unico_pai
2515971,Sobrado,1991,false,2515302,Sapé,unico_pai
2512762,Riachão do Poço,1991,false,2515302,Sapé,multiplos_pais
2509339,Matinhas,1991,false,2500403,Alagoa Nova,multiplos_pais
2501153,Areia de Baraúnas,1991,false,2510709,Passagem,multiplos_pais
2501351,Assunção,1991,false,2516508,Taperoá,multiplos_pais
1716307,Pau D'Arco,1991,false,1702307,Arapoema,unico_pai
1703057,Bandeirantes do Tocantins,1991,false,1702307,Arapoema,unico_pai
2211506,Vera Mendes,1991,false,2205003,Itainópolis,multiplos_pais
2203859,Floresta do Piauí,1991,false,2209500,Santo Inácio do Piauí,unico_pai
2210631,Sebastião Leal,1991,false,2201705,Bertolínia,multiplos_pais
1703073,Barra do Ouro,1991,false,1709005,Goiatins,unico_pai
1703842,Campos Lindos,1991,false,1709005,Goiatins,unico_pai
2513851,Santo André,1991,false,2506509,Gurjão,multiplos_pais
2509396,Maturéia,1991,false,2516706,Teixeira,unico_pai
1505551,Pau D'Arco,1991,false,1506138,Redenção,unico_pai
2503555,Cacimbas,1991,false,2505402,Desterro,multiplos_pais
2502151,Boa Vista,1991,false,2504009,Campina Grande,unico_pai
2512754,Riachão do Bacamarte,1991,false,2506806,Ingá,multiplos_pais
1200427,Rodrigues Alves,1991,false,1200336,Mâncio Lima,multiplos_pais
2510659,Parari,1991,false,2514800,São José dos Cordeiros,multiplos_pais
2201150,Baixa Grande do Ribeiro,1991,false,2208908,Ribeiro Gonçalves,unico_pai
2514453,São José dos Ramos,1991,false,2511509,Pilar,multiplos_pais
2513356,Santa Inês,1991,false,2504405,Conceição,unico_pai
2203271,Curral Novo do Piauí,1991,false,2210706,Simões,multiplos_pais
2202554,Caridade do Piauí,1991,false,2210706,Simões,multiplos_pais
2210391,São Miguel do Fidalgo,1991,false,2207306,Paes Landim,multiplos_pais
2504074,Caraúbas,1991,false,2514008,São João do Cariri,unico_pai
2201556,Bela Vista do Piauí,1991,false,2210805,Simplício Mendes,multiplos_pais
2504355,Caturité,1991,false,2502508,Boqueirão,unico_pai
2501575,Barra de Santana,1991,false,2502508,Boqueirão,unico_pai
2500536,Alcantil,1991,false,2502508,Boqueirão,multiplos_pais
2512788,Riacho de Santo Antônio,1991,false,2502508,Boqueirão,unico_pai
2513943,São Domingos do Cariri,1991,false,2503100,Cabaceiras,unico_pai
2504850,Coxixola,1991,false,2515500,Serra Branca,unico_pai
2207934,Pedro Laurentino,1991,false,2210003,São João do Piauí,multiplos_pais
2208874,Ribeira do Piauí,1991,false,2210003,São João do Piauí,unico_pai
2205359,João Costa,1991,false,2210003,São João do Piauí,unico_pai
2205565,Lagoa do Barro do Piauí,1991,false,2210003,São João do Piauí,multiplos_pais
2202117,Campo Alegre do Fidalgo,1991,false,2210003,São João do Piauí,unico_pai
2202455,Capitão Gervásio Oliveira,1991,false,2210003,São João do Piauí,unico_pai
2207959,Nova Santa Rita,1991,false,2210003,São João do Piauí,unico_pai
2207850,Pavussu,1991,false,2209005,Rio Grande do Piauí,multiplos_pais
2506251,Gado Bravo,1991,false,2501302,Aroeiras,unico_pai
2514552,São José de Princesa,1991,false,2512309,Princesa Isabel,multiplos_pais
2500734,Amparo,1991,false,2516300,Sumé,multiplos_pais
2208650,Queimada Nova,1991,false,2207801,Paulistana,multiplos_pais
2205151,Jacobina do Piauí,1991,false,2207801,Paulistana,multiplos_pais
2201739,Betânia do Piauí,1991,false,2207801,Paulistana,unico_pai
2200053,Acauã,1991,false,2207801,Paulistana,unico_pai
2207355,Pajeú do Piauí,1991,false,2202307,Canto do Buriti,multiplos_pais
2201988,Brejo do Piauí,1991,false,2202307,Canto do Buriti,multiplos_pais
2210953,Tamboril do Piauí,1991,false,2202307,Canto do Buriti,unico_pai
2612455,Santa Cruz,1991,false,2609907,Ouricuri,unico_pai
2612554,Santa Filomena,1991,false,2609907,Ouricuri,unico_pai
2611533,Quixaba,1991,false,2603900,Carnaíba,unico_pai
1200393,Porto Walter,1991,false,1200203,Cruzeiro do Sul,unico_pai
1200351,Marechal Thaumaturgo,1991,false,1200203,Cruzeiro do Sul,unico_pai
2209658,São Francisco de Assis do Piauí,1991,false,2202802,Conceição do Canindé,multiplos_pais
1718501,Recursolândia,1991,false,1710508,Itacajá,multiplos_pais
1710904,Itapiratins,1991,false,1710508,Itacajá,unico_pai
1704105,Centenário,1991,false,1710508,Itacajá,unico_pai
2513158,Santa Cecília,1991,false,2517001,Umbuzeiro,unico_pai
2202752,Colônia do Gurguéia,1991,false,2203602,Eliseu Martins,unico_pai
1711803,Juarina,1991,false,1706001,Couto de Magalhães,unico_pai
2612471,Santa Cruz da Baixa Verde,1991,false,2615706,Triunfo,multiplos_pais
1100809,Candeias do Jamari,1991,false,1100205,Porto Velho,unico_pai
1101104,Itapuã do Oeste,1991,false,1100205,Porto Velho,unico_pai
1100452,Buritis,1991,false,1100205,Porto Velho,unico_pai
1100700,Campo Novo de Rondônia,1991,false,1100205,Porto Velho,unico_pai
2200459,Alvorada do Gurguéia,1991,false,2205904,Manoel Emídio,multiplos_pais
2604155,Casinhas,1991,false,2614501,Surubim,unico_pai
2616183,Vertente do Lério,1991,false,2614501,Surubim,unico_pai
2601052,Araçoiaba,1991,false,2606804,Igarassu,unico_pai
1200328,Jordão,1991,false,1200609,Tarauacá,unico_pai
1703602,Brasilândia do Tocantins,1991,false,1718402,Presidente Kennedy,unico_pai
1721307,Tupiratins,1991,false,1718402,Presidente Kennedy,unico_pai
2608453,Lagoa do Carro,1991,false,2604007,Carpina,unico_pai
2517407,Zabelê,1991,false,2515203,São Sebastião do Umbuzeiro,unico_pai
2605152,Dormentes,1991,false,2611101,Petrolina,unico_pai
2603926,Carnaubeira da Penha,1991,false,2605707,Floresta,unico_pai
2203230,Currais,1991,false,2201903,Bom Jesus,unico_pai
1708254,Tabocão,1991,false,1709302,Guaraí,multiplos_pais
1721257,Tupirama,1991,false,1709302,Guaraí,unico_pai
1700251,Abreulândia,1991,false,1701903,Araguacema,unico_pai
2608750,Lagoa Grande,1991,false,2612604,Santa Maria da Boa Vista,unico_pai
1101757,Vale do Anari,1991,false,1100130,Machadinho d'Oeste,unico_pai
1718881,Santa Maria do Tocantins,1991,false,1716505,Pedro Afonso,unico_pai
1703305,Bom Jesus do Tocantins,1991,false,1716505,Pedro Afonso,unico_pai
2211357,Várzea Branca,1991,false,2210607,São Raimundo Nonato,multiplos_pais
2201929,Bonfim do Piauí,1991,false,2210607,São Raimundo Nonato,unico_pai
2209559,São Braz do Piauí,1991,false,2210607,São Raimundo Nonato,multiplos_pais
2202851,Coronel José Dias,1991,false,2210607,São Raimundo Nonato,unico_pai
2210359,São Lourenço do Piauí,1991,false,2210607,São Raimundo Nonato,unico_pai
5103379,Cotriguaçu,1991,false,5105176,Juruena,unico_pai
5103254,Colniza,1991,false,5101407,Aripuanã,unico_pai
5107578,Rondolândia,1991,false,5101407,Aripuanã,unico_pai
1200435,Santa Rosa do Purus,1991,false,1200344,Manoel Urbano,unico_pai
2609154,Manari,1991,false,2607000,Inajá,unico_pai
2204550,Guaribas,1991,false,2202505,Caracol,unico_pai
1100940,Cujubim,1991,false,1100023,Ariquemes,multiplos_pais
1100262,Rio Crespo,1991,false,1100023,Ariquemes,unico_pai
1100403,Alto Paraíso,1991,false,1100023,Ariquemes,multiplos_pais
1101401,Monte Negro,1991,false,1100023,Ariquemes,unico_pai
1100601,Cacaulândia,1991,false,1100023,Ariquemes,unico_pai
2616506,Xexéu,1991,false,2600401,Água Preta,unico_pai
2205532,Jurema,1991,false,2200707,Anísio de Abreu,multiplos_pais
5106158,Nova Bandeirantes,1991,false,5100250,Alta Floresta,unico_pai
5108956,Nova Monte Verde,1991,false,5100250,Alta Floresta,multiplos_pais
2608057,Jatobá,1991,false,2611002,Petrolândia,unico_pai
2608255,Jucati,1991,false,2608305,Jupi,unico_pai
2614857,Tamandaré,1991,false,2611903,Rio Formoso,multiplos_pais
1718709,Rio dos Bois,1991,false,1713205,Miracema do Tocantins,unico_pai
2607950,Jaqueira,1991,false,2609204,Maraial,unico_pai
1704600,Chapada de Areia,1991,false,1717503,Pium,unico_pai
2701357,Campestre,1991,false,2703908,Jundiá,multiplos_pais
1712009,Lajeado,1991,false,1721109,Tocantínia,multiplos_pais
1713700,Monte Santo do Tocantins,1991,false,1707108,Divinópolis do Tocantins,multiplos_pais
2203750,Fartura do Piauí,1991,false,2203354,Dirceu Arcoverde,unico_pai
5106265,Novo Mundo,1991,false,5104104,Guarantã do Norte,unico_pai
2706422,Pariconha,1991,false,2700102,Água Branca,unico_pai
1200807,Porto Acre,1991,false,1200401,Rio Branco,unico_pai
1200138,Bujari,1991,false,1200401,Rio Branco,unico_pai
2206654,Morro Cabeça no Tempo,1991,false,2201101,Avelino Lopes,multiplos_pais
2208858,Riacho Frio,1991,false,2207603,Parnaguá,unico_pai
5107743,Santa Cruz do Xingu,1991,false,5105309,Luciara,unico_pai
5107354,São José do Xingu,1991,false,5105309,Luciara,multiplos_pais
2702553,Estrela de Alagoas,1991,false,2706307,Palmeira dos Índios,multiplos_pais
2205524,Júlio Borges,1991,false,2203206,Curimatá,unico_pai
2706448,Paripueira,1991,false,2700508,Barra de Santo Antônio,unico_pai
5103353,Confresa,1991,false,5107776,Santa Terezinha,unico_pai
2209757,São Gonçalo do Gurguéia,1991,false,2201309,Barreiras do Piauí,multiplos_pais
1101609,Theobroma,1991,false,1100114,Jaru,unico_pai
1101005,Governador Jorge Teixeira,1991,false,1100114,Jaru,unico_pai
1720150,São Félix do Tocantins,1991,false,1715101,Novo Acordo,unico_pai
1711951,Lagoa do Tocantins,1991,false,1715101,Novo Acordo,multiplos_pais
1200013,Acrelândia,1991,false,1200385,Plácido de Castro,multiplos_pais
1709807,Ipueiras,1991,false,1718204,Porto Nacional,multiplos_pais
5102793,Carlinda,1991,false,5106216,Nova Canaã do Norte,multiplos_pais
1718451,Pugmil,1991,false,1716109,Paraíso do Tocantins,unico_pai
5108808,Nova Guarita,1991,false,5108055,Terra Nova do Norte,multiplos_pais
2703759,Jequiá da Praia,1991,false,2708600,São Miguel dos Campos,multiplos_pais
1101807,Vale do Paraíso,1991,false,1100155,Ouro Preto do Oeste,unico_pai
1101302,Mirante da Serra,1991,false,1100155,Ouro Preto do Oeste,unico_pai
1101559,Teixeirópolis,1991,false,1100155,Ouro Preto do Oeste,unico_pai
1101435,Nova União,1991,false,1100155,Ouro Preto do Oeste,unico_pai
1101708,Urupá,1991,false,1100155,Ouro Preto do Oeste,multiplos_pais
5107941,Tabaporã,1991,false,5106802,Porto dos Gaúchos,unico_pai
1712702,Mateiros,1991,false,1717909,Ponte Alta do Tocantins,unico_pai
2210623,Sebastião Barros,1991,false,2202901,Corrente,unico_pai
5108907,Nova Maringá,1991,false,5107305,São José do Rio Claro,unico_pai
1711902,Lagoa da Confusão,1991,false,1706100,Cristalândia,unico_pai
1718899,Santa Rita do Tocantins,1991,false,1706100,Cristalândia,multiplos_pais
1200252,Epitaciolândia,1991,false,1200708,Xapuri,multiplos_pais
1200179,Capixaba,1991,false,1200708,Xapuri,multiplos_pais
5106190,Nova Santa Helena,1991,false,5104559,Itaúba,multiplos_pais
1715507,Oliveira de Fátima,1991,false,1707553,Fátima,multiplos_pais
2806404,Santana do São Francisco,1991,false,2804409,Neópolis,unico_pai
5107065,Querência,1991,false,5107859,São Félix do Araguaia,multiplos_pais
5100359,Alto Boa Vista,1991,false,5107859,São Félix do Araguaia,unico_pai
5102694,Canabrava do Norte,1991,false,5107859,São Félix do Araguaia,multiplos_pais
5107883,Serra Nova Dourada,1991,false,5107859,São Félix do Araguaia,unico_pai
5108303,União do Sul,1991,false,5103056,Cláudia,multiplos_pais
5106240,Nova Ubiratã,1991,false,5108501,Vera,unico_pai
5103700,Feliz Natal,1991,false,5108501,Vera,unico_pai
1100924,Chupinguaia,1991,false,1100304,Vilhena,multiplos_pais
1101203,Ministro Andreazza,1991,false,1100049,Cacoal,unico_pai
1706258,Crixás do Tocantins,1991,false,1700350,Aliança do Tocantins,unico_pai
1101500,Seringueiras,1991,false,1100320,São Miguel do Guaporé,multiplos_pais
1718659,Rio da Conceição,1991,false,1707009,Dianópolis,multiplos_pais
5104526,Ipiranga do Norte,1991,false,5108006,Tapurah,unico_pai
5104542,Itanhangá,1991,false,5108006,Tapurah,unico_pai
1705102,Chapada da Natividade,1991,false,1714203,Natividade,unico_pai
5107248,Santa Carmem,1991,false,5107909,Sinop,multiplos_pais
1100908,Castanheiras,1991,false,1100288,Rolim de Moura,unico_pai
1100502,Novo Horizonte do Oeste,1991,false,1100288,Rolim de Moura,unico_pai
1703867,Cariri do Tocantins,1991,false,1709500,Gurupi,multiplos_pais
1720853,Sucupira,1991,false,1716604,Peixe,multiplos_pais
1711506,Jaú do Tocantins,1991,false,1716604,Peixe,unico_pai
1101450,Parecis,1991,false,1100189,Pimenta Bueno,unico_pai
1101484,São Felipe D'Oeste,1991,false,1100189,Pimenta Bueno,unico_pai
1101476,Primavera de Rondônia,1991,false,1100189,Pimenta Bueno,unico_pai
1715259,Novo Jardim,1991,false,1717800,Ponte Alta do Bom Jesus,unico_pai
1101492,São Francisco do Guaporé,1991,false,1100080,Costa Marques,unico_pai
2919553,Luís Eduardo Magalhães,1991,false,2903201,Barreiras,unico_pai
5106315,Novo Santo Antônio,1991,false,5103106,Cocalinho,multiplos_pais
2903276,Barrocas,1991,false,2930501,Serrinha,unico_pai
1720937,Taipas do Tocantins,1991,false,1705607,Conceição do Tocantins,multiplos_pais
5103858,Gaúcha do Norte,1991,false,5106307,Paranatinga,unico_pai
5107875,Sapezal,1991,false,5102637,Campo Novo do Parecis,unico_pai
5101852,Bom Jesus do Araguaia,1991,false,5107180,Ribeirão Cascalheira,multiplos_pais
1718840,Sandolândia,1991,false,1702000,Araguaçu,unico_pai
1720978,Talismã,1991,false,1700707,Alvorada,multiplos_pais
5102686,Campos de Júlio,1991,false,5103304,Comodoro,unico_pai
1720259,São Salvador do Tocantins,1991,false,1715754,Palmeirópolis,unico_pai
1715150,Novo Alegre,1991,false,1702406,Arraias,multiplos_pais
1100379,Alto Alegre dos Parecis,1991,false,1100056,Cerejeiras,multiplos_pais
1101468,Pimenteiras do Oeste,1991,false,1100056,Cerejeiras,unico_pai
1712157,Lavandeira,1991,false,1702703,Aurora do Tocantins,unico_pai
1100072,Corumbiara,1991,false,1100064,Colorado do Oeste,unico_pai
5203575,Bonópolis,1991,false,5218003,Porangatu,unico_pai
5213772,Montividiu do Norte,1991,false,5221452,Trombas,unico_pai
5107768,Santa Rita do Trivelato,1991,false,5105903,Nobres,multiplos_pais
5106174,Nova Nazaré,1991,false,5100201,Água Boa,unico_pai
5200829,Amaralina,1991,false,5212808,Mara Rosa,unico_pai
5200555,Alto Horizonte,1991,false,5212808,Mara Rosa,unico_pai
5214879,Nova Iguaçu de Goiás,1991,false,5212808,Mara Rosa,unico_pai
5106182,Nova Lacerda,1991,false,5105507,Vila Bela da Santíssima Trindade,unico_pai
5221577,Uirapuru,1991,false,5206404,Crixás,unico_pai
5107263,Santo Afonso,1991,false,5101308,Arenápolis,unico_pai
5108857,Nova Marilândia,1991,false,5101308,Arenápolis,multiplos_pais
5106455,Planalto da Serra,1991,false,5106208,Nova Brasilândia,multiplos_pais
5108352,Vale de São Domingos,1991,false,5106752,Pontes e Lacerda,unico_pai
5103361,Conquista D'Oeste,1991,false,5106752,Pontes e Lacerda,unico_pai
5203962,Buritinópolis,1991,false,5212709,Mambaí,unico_pai
5107792,Santo Antônio do Leste,1991,false,5106281,Novo São Joaquim,unico_pai
3135050,Jaíba,1991,false,3139300,Manga,multiplos_pais
3140852,Matias Cardoso,1991,false,3139300,Manga,unico_pai
3136959,Juvenília,1991,false,3139300,Manga,unico_pai
3142254,Miravânia,1991,false,3139300,Manga,unico_pai
5219456,Santa Rita do Novo Destino,1991,false,5203203,Barro Alto,multiplos_pais
5222203,Vila Boa,1991,false,5208004,Formosa,unico_pai
3149150,Pedras de Maria da Cruz,1991,false,3135209,Januária,unico_pai
3117836,Cônego Marinho,1991,false,3135209,Januária,unico_pai
3108255,Bonito de Minas,1991,false,3135209,Januária,unico_pai
5106851,Porto Estrela,1991,false,5101704,Barra do Bugres,multiplos_pais
3139250,Mamonas,1991,false,3124302,Espinosa,unico_pai
5222302,Vila Propício,1991,false,5217302,Pirenópolis,unico_pai
3162450,São João das Missões,1991,false,3132107,Itacarambi,unico_pai
3127339,Gameleiras,1991,false,3142908,Monte Azul,unico_pai
5210158,Ipiranga de Goiás,1991,false,5205406,Ceres,unico_pai
5103437,Curvelândia,1991,false,5102504,Cáceres,unico_pai
5103957,Glória D'Oeste,1991,false,5102504,Cáceres,multiplos_pais
5105234,Lambari D'Oeste,1991,false,5107206,Rio Branco,multiplos_pais
3130655,Indaiabira,1991,false,3155603,Rio Pardo de Minas,unico_pai
3160454,Santo Antônio do Retiro,1991,false,3155603,Rio Pardo de Minas,unico_pai
3143450,Montezuma,1991,false,3155603,Rio Pardo de Minas,unico_pai
3170651,Vargem Grande do Rio Pardo,1991,false,3155603,Rio Pardo de Minas,unico_pai
5220280,São Patrício,1991,false,5205000,Carmo do Rio Verde,unico_pai
3146552,Pai Pedro,1991,false,3152204,Porteirinha,unico_pai
3166956,Serranópolis de Minas,1991,false,3152204,Porteirinha,unico_pai
3145059,Nova Porteirinha,1991,false,3152204,Porteirinha,unico_pai
5209291,Guaraíta,1991,false,5211206,Itapuranga,unico_pai
3144656,Ninheira,1991,false,3162708,São João do Paraíso,unico_pai
3170529,Urucuia,1991,false,3161106,São Francisco,unico_pai
3116159,Chapada Gaúcha,1991,false,3161106,São Francisco,multiplos_pais
3150570,Pintópolis,1991,false,3161106,São Francisco,unico_pai
3130051,Icaraí de Minas,1991,false,3161106,São Francisco,unico_pai
5205513,Cocalzinho de Goiás,1991,false,5205802,Corumbá de Goiás,unico_pai
3115474,Catuti,1991,false,3141009,Mato Verde,unico_pai
3171030,Verdelândia,1991,false,3170909,Varzelândia,multiplos_pais
3129657,Ibiracatu,1991,false,3170909,Varzelândia,unico_pai
5107404,São Pedro da Cipa,1991,false,5104807,Jaciara,multiplos_pais
5106653,Pontal do Araguaia,1991,false,5108204,Torixoreu,unico_pai
5200258,Águas Lindas de Goiás,1991,false,5219753,Santo Antônio do Descoberto,unico_pai
3120870,Curral de Dentro,1991,false,3101003,Águas Vermelhas,unico_pai
3122355,Divisa Alegre,1991,false,3101003,Águas Vermelhas,unico_pai
5212055,Jesúpolis,1991,false,5219902,São Francisco de Goiás,unico_pai
3170479,Uruana de Minas,1991,false,3170404,Unaí,unico_pai
3109451,Cabeceira Grande,1991,false,3170404,Unaí,unico_pai
3106655,Berizal,1991,false,3168002,Taiobeiras,unico_pai
3138658,Lontra,1991,false,3162401,São João da Ponte,unico_pai
3138682,Luislândia,1991,false,3108602,Brasília de Minas,unico_pai
3135357,Japonvar,1991,false,3108602,Brasília de Minas,unico_pai
3111150,Campo Azul,1991,false,3108602,Brasília de Minas,unico_pai
3140555,Mata Verde,1991,false,3101706,Almenara,unico_pai
3122454,Divisópolis,1991,false,3101706,Almenara,unico_pai
5203939,Buriti de Goiás,1991,false,5213905,Mossâmedes,unico_pai
5107297,São José do Povo,1991,false,5107602,Rondonópolis,multiplos_pais
5215231,Novo Gama,1991,false,5212501,Luziânia,unico_pai
5221858,Valparaíso de Goiás,1991,false,5212501,Luziânia,unico_pai
5205497,Cidade Ocidental,1991,false,5212501,Luziânia,unico_pai
3157377,Santa Cruz de Salinas,1991,false,3157005,Salinas,unico_pai
3145372,Novorizonte,1991,false,3157005,Salinas,unico_pai
3127073,Fruta de Leite,1991,false,3157005,Salinas,unico_pai
3154457,Riachinho,1991,false,3164209,São Romão,unico_pai
5204854,Campo Limpo de Goiás,1991,false,5201108,Anápolis,unico_pai
3147956,Patis,1991,false,3142007,Mirabela,unico_pai
5107198,Ribeirãozinho,1991,false,5106703,Ponte Branca,unico_pai
5208152,Gameleira de Goiás,1991,false,5220603,Silvânia,unico_pai
3152131,Ponto Chique,1991,false,3170008,Ubaí,unico_pai
3144375,Natalândia,1991,false,3108206,Bonfinópolis de Minas,unico_pai
3122470,Dom Bosco,1991,false,3108206,Bonfinópolis de Minas,unico_pai
3136579,Josenópolis,1991,false,3127800,Grão Mogol,unico_pai
3146255,Padre Carvalho,1991,false,3127800,Grão Mogol,unico_pai
5221197,Terezópolis de Goiás,1991,false,5208400,Goianápolis,unico_pai
5219738,Santo Antônio de Goiás,1991,false,5208806,Goianira,unico_pai
5200050,Abadia de Goiás,1991,false,5221403,Trindade,multiplos_pais
3162252,São João da Lagoa,1991,false,3118809,Coração de Jesus,unico_pai
3162658,São João do Pacuí,1991,false,3118809,Coração de Jesus,unico_pai
3152170,Ponto dos Volantes,1991,false,3134004,Itinga,unico_pai
5204557,Caldazinha,1991,false,5203302,Bela Vista de Goiás,unico_pai
3108552,Brasilândia de Minas,1991,false,3136306,João Pinheiro,unico_pai
3143153,Monte Formoso,1991,false,3136009,Joaíma,unico_pai
3146750,Palmópolis,1991,false,3155108,Rio do Prado,unico_pai
3127354,Glaucilândia,1991,false,3136801,Juramento,unico_pai
3136520,José Gonçalves de Minas,1991,false,3106507,Berilo,unico_pai
5218391,Professor Jamil,1991,false,5217104,Piracanjuba,unico_pai
3128253,Guaraciama,1991,false,3107307,Bocaiúva,unico_pai
3145455,Olhos-d'Água,1991,false,3107307,Bocaiúva,unico_pai
5219712,Santo Antônio da Barra,1991,false,5218805,Rio Verde,unico_pai
5205059,Castelândia,1991,false,5218805,Rio Verde,unico_pai
3135456,Jenipapo de Minas,1991,false,3126505,Francisco Badaró,unico_pai
3157658,Santa Helena de Minas,1991,false,3106606,Bertópolis,unico_pai
3138351,Leme do Prado,1991,false,3141801,Minas Novas,unico_pai
5216452,Perolândia,1991,false,5211909,Jataí,unico_pai
5201454,Aparecida do Rio Doce,1991,false,5211909,Jataí,unico_pai
3120151,Crisólita,1991,false,3100906,Águas Formosas,unico_pai
3171071,Veredinha,1991,false,3169703,Turmalina,unico_pai
3145356,Novo Oriente de Minas,1991,false,3168606,Teófilo Otoni,unico_pai
3115458,Catuji,1991,false,3132305,Itaipé,unico_pai
3137536,Lagoa Grande,1991,false,3153400,Presidente Olegário,unico_pai
5000252,Alcinópolis,1991,false,5003306,Coxim,unico_pai
3126752,Franciscópolis,1991,false,3139201,Malacacheta,unico_pai
3165552,Setubinha,1991,false,3139201,Malacacheta,unico_pai
3102852,Angelândia,1991,false,3112307,Capelinha,unico_pai
5218052,Porteirão,1991,false,5209101,Goiatuba,unico_pai
3104452,Aricanduva,1991,false,3132503,Itamarandiba,unico_pai
3170750,Varjão de Minas,1991,false,3161700,São Gonçalo do Abaeté,unico_pai
5205471,Chapadão do Céu,1991,false,5201504,Aporé,unico_pai
5209937,Inaciolândia,1991,false,5211503,Itumbiara,unico_pai
3136553,José Raydan,1991,false,3158201,Santa Maria do Suaçuí,unico_pai
3204252,Ponto Belo,1991,false,3203601,Mucurici,unico_pai
3103751,Araporã,1991,false,3169604,Tupaciguara,unico_pai
3126950,Frei Lagonegro,1991,false,3163508,São José do Jacuri,unico_pai
5003900,Figueirão,1991,false,5002605,Camapuã,unico_pai
3135076,Jampruca,1991,false,3110806,Campanário,unico_pai
3112059,Cantagalo,1991,false,3148608,Peçanha,unico_pai
5212253,Lagoa Santa,1991,false,5210802,Itajá,unico_pai
3205150,Vila Pavão,1991,false,3203908,Nova Venécia,unico_pai
3144672,Nova Belém,1991,false,3139607,Mantena,unico_pai
3162575,São João do Manteninha,1991,false,3139607,Mantena,unico_pai
3161056,São Félix de Minas,1991,false,3141504,Mendes Pimentel,unico_pai
5006275,Paraíso das Águas,1991,false,5000203,Água Clara,multiplos_pais
3161650,São Geraldo do Baixio,1991,false,3127305,Galiléia,unico_pai
3121258,Delta,1991,false,3170107,Uberaba,unico_pai
3170438,União de Minas,1991,false,3134400,Iturama,unico_pai
3138625,Limeira do Oeste,1991,false,3134400,Iturama,unico_pai
3114550,Carneirinho,1991,false,3134400,Iturama,unico_pai
3144359,Naque,1991,false,3100500,Açucena,unico_pai
3149952,Periquito,1991,false,3100500,Açucena,unico_pai
3127370,Goiabeira,1991,false,3118403,Conselheiro Pena,unico_pai
3120839,Cuparaque,1991,false,3118403,Conselheiro Pena,unico_pai
3205176,Vila Valério,1991,false,3203205,Linhares,multiplos_pais
3205010,Sooretama,1991,false,3203205,Linhares,unico_pai
3112653,Capitão Andrade,1991,false,3133204,Itanhomi,unico_pai
3158953,Santana do Paraíso,1991,false,3141702,Mesquita,unico_pai
3109253,Bugre,1991,false,3129301,Iapu,unico_pai
3202256,Governador Lindenberg,1991,false,3201506,Colatina,unico_pai
3204658,São Domingos do Norte,1991,false,3201506,Colatina,unico_pai
3170057,Ubaporanga,1991,false,3113404,Caratinga,unico_pai
3130556,Imbé de Minas,1991,false,3113404,Caratinga,unico_pai
3150158,Piedade de Caratinga,1991,false,3113404,Caratinga,unico_pai
3159357,Santa Rita de Minas,1991,false,3113404,Caratinga,unico_pai
3157252,Santa Bárbara do Leste,1991,false,3113404,Caratinga,unico_pai
3123858,Entre Folhas,1991,false,3113404,Caratinga,unico_pai
3170578,Vargem Alegre,1991,false,3113404,Caratinga,unico_pai
3131158,Ipaba,1991,false,3113404,Caratinga,unico_pai
3164472,São Sebastião do Anta,1991,false,3130903,Inhapim,unico_pai
3160959,São Domingos das Dores,1991,false,3130903,Inhapim,unico_pai
3117876,Confins,1991,false,3137601,Lagoa Santa,unico_pai
3534757,Ouroeste,1991,false,3518008,Guarani d'Oeste,unico_pai
3529658,Mesópolis,1991,false,3535903,Paranapuã,unico_pai
3162955,São José da Lapa,1991,false,3171204,Vespasiano,unico_pai
3168051,Taparuba,1991,false,3131208,Ipanema,unico_pai
3150539,Pingo-d'Água,1991,false,3120003,Córrego Novo,unico_pai
3547650,Santa Salete,1991,false,3555802,Urânia,unico_pai
3503950,Aspásia,1991,false,3555802,Urânia,unico_pai
3204955,São Roque do Canaã,1991,false,3204609,Santa Teresa,unico_pai
3556958,Vitória Brasil,1991,false,3524808,Jales,unico_pai
3540259,Pontalinda,1991,false,3524808,Jales,unico_pai
3136652,Juatuba,1991,false,3140704,Mateus Leme,unico_pai
3532843,Nova Canaã Paulista,1991,false,3554904,Três Fronteiras,unico_pai
3115359,Catas Altas,1991,false,3157203,Santa Bárbara,unico_pai
3171154,Vermelho Novo,1991,false,3154002,Raul Soares,unico_pai
3536257,Parisi,1991,false,3557105,Votuporanga,unico_pai
3165537,Sarzedo,1991,false,3129806,Ibirité,unico_pai
3140159,Mário Campos,1991,false,3129806,Ibirité,unico_pai
3162922,São Joaquim de Bicas,1991,false,3130101,Igarapé,unico_pai
3552551,Suzanápolis,1991,false,3537404,Pereira Barreto,unico_pai
3520442,Ilha Solteira,1991,false,3537404,Pereira Barreto,unico_pai
3513850,Dirce Reis,1991,false,3549003,São Francisco,unico_pai
3201159,Brejetuba,1991,false,3200102,Afonso Cláudio,unico_pai
3165560,Sem-Peixe,1991,false,3122702,Dom Silvério,unico_pai
3154150,Reduto,1991,false,3139409,Manhuaçu,unico_pai
3162559,São João do Manhuaçu,1991,false,3139409,Manhuaçu,unico_pai
3138674,Luisburgo,1991,false,3139409,Manhuaçu,unico_pai
3140530,Martins Soares,1991,false,3139508,Manhumirim,unico_pai
3123528,Durandé,1991,false,3139508,Manhumirim,unico_pai
3532868,Nova Castilho,1991,false,3516903,General Salgado,unico_pai
3549250,São João de Iracema,1991,false,3516903,General Salgado,unico_pai
3148756,Pedra Bonita,1991,false,3100302,Abre Campo,unico_pai
3119955,Córrego Fundo,1991,false,3126109,Formiga,unico_pai
3521150,Ipiguá,1991,false,3549805,São José do Rio Preto,unico_pai
3145851,Oratórios,1991,false,3152105,Ponte Nova,unico_pai
3202652,Irupi,1991,false,3203007,Iúna,unico_pai
3203346,Marechal Floriano,1991,false,3201902,Domingos Martins,unico_pai
3548054,Santo Antônio do Aracanguá,1991,false,3502804,Araçatuba,unico_pai
3102050,Alto Caparaó,1991,false,3112109,Caparaó,unico_pai
3162948,São José da Barra,1991,false,3101904,Alpinópolis,unico_pai
3145877,Orizânia,1991,false,3122009,Divino,unico_pai
3533254,Novais,1991,false,3552601,Tabapuã,unico_pai
3514957,Embaúba,1991,false,3509304,Cajobi,unico_pai
3527256,Lourdes,1991,false,3555208,Turiúba,unico_pai
3557154,Zacarias,1991,false,3539608,Planalto,unico_pai
3125952,Fervedouro,1991,false,3113305,Carangola,unico_pai
3553658,Taquaral,1991,false,3539509,Pitangueiras,unico_pai
3555356,Ubarana,1991,false,3525706,José Bonifácio,unico_pai
3514924,Elisiário,1991,false,3511102,Catanduva,unico_pai
3507753,Brejo Alegre,1991,false,3512506,Coroados,unico_pai
3518859,Guatapará,1991,false,3543402,Ribeirão Preto,unico_pai
5006002,Nova Alvorada do Sul,1991,false,5007208,Rio Brilhante,multiplos_pais
3546256,Santa Cruz da Esperança,1991,false,3509403,Cajuru,unico_pai
3306156,Varre-Sai,1991,false,3303104,Natividade,unico_pai
3156452,Rosário da Limeira,1991,false,3143906,Muriaé,unico_pai
3528858,Marapoama,1991,false,3521903,Itajobi,unico_pai
3101631,Alfredo Vasconcelos,1991,false,3154408,Ressaquinha,unico_pai
3157336,Santa Cruz de Minas,1991,false,3168804,Tiradentes,multiplos_pais
3164431,São Sebastião da Vargem Alegre,1991,false,3142205,Miraí,unico_pai
3203320,Marataízes,1991,false,3202801,Itapemirim,unico_pai
3540853,Pracinha,1991,false,3527405,Lucélia,unico_pai
3516853,Gavião Peixoto,1991,false,3503208,Araraquara,unico_pai
3532058,Motuca,1991,false,3503208,Araraquara,unico_pai
5005251,Laguna Carapã,1991,false,5006606,Ponta Porã,unico_pai
3301157,Cardoso Moreira,1991,false,3301009,Campos dos Goytacazes,unico_pai
3543238,Ribeirão dos Índios,1991,false,3547700,Santo Anastácio,unico_pai
3304755,São Francisco de Itabapoana,1991,false,3305000,São João da Barra,unico_pai
3515129,Emilianópolis,1991,false,3541208,Presidente Bernardes,unico_pai
3503356,Arco-Íris,1991,false,3555000,Tupã,unico_pai
3305133,São José de Ubá,1991,false,3300902,Cambuci,unico_pai
3127388,Goianá,1991,false,3155405,Rio Novo,unico_pai
3300159,Aperibé,1991,false,3304706,Santo Antônio de Pádua,unico_pai
3554755,Trabiju,1991,false,3506706,Boa Esperança do Sul,unico_pai
5006259,Novo Horizonte do Sul,1991,false,5004700,Ivinhema,unico_pai
3157278,Santa Bárbara do Monte Verde,1991,false,3155900,Rio Preto,unico_pai
3515350,Euclides da Cunha Paulista,1991,false,3554300,Teodoro Sampaio,unico_pai
3544251,Rosana,1991,false,3554300,Teodoro Sampaio,unico_pai
3557303,Estiva Gerbi,1991,false,3530706,Mogi-Guaçu,unico_pai
3515657,Fernão,1991,false,3516606,Gália,unico_pai
3169059,Tocos do Moji,1991,false,3108305,Borda da Mata,unico_pai
3300951,Comendador Levy Gasparian,1991,false,3306008,Três Rios,unico_pai
3300225,Areal,1991,false,3306008,Três Rios,unico_pai
3302452,Macuco,1991,false,3301504,Cordeiro,unico_pai
3536570,Paulistânia,1991,false,3500709,Agudos,unico_pai
3553955,Tarumã,1991,false,3504008,Assis,unico_pai
3532157,Nantes,1991,false,3519907,Iepê,unico_pai
3304110,Porto Real,1991,false,3304201,Resende,unico_pai
3304128,Quatis,1991,false,3300407,Barra Mansa,unico_pai
3507456,Borebi,1991,false,3526803,Lençóis Paulista,unico_pai
3300936,Carapebus,1991,false,3302403,Macaé,unico_pai
3515152,Engenheiro Coelho,1991,false,3503802,Artur Nogueira,unico_pai
3515194,Espírito Santo do Turvo,1991,false,3546405,Santa Cruz do Rio Pardo,unico_pai
3541059,Pratânia,1991,false,3550100,São Manuel,unico_pai
3545159,Saltinho,1991,false,3538709,Piracicaba,unico_pai
3165578,Senador Amaral,1991,false,3110608,Cambuí,unico_pai
3537156,Pedrinhas Paulista,1991,false,3513306,Cruzália,unico_pai
3519055,Holambra,1991,false,3524709,Jaguariúna,unico_pai
3519253,Iaras,1991,false,3500550,Águas de Santa Bárbara,unico_pai
3304524,Rio das Ostras,1991,false,3301306,Casimiro de Abreu,unico_pai
3303955,Pinheiral,1991,false,3304003,Piraí,unico_pai
3301850,Guapimirim,1991,false,3302502,Magé,unico_pai
3540754,Potim,1991,false,3518404,Guaratinguetá,unico_pai
3503158,Arapeí,1991,false,3504909,Bananal,unico_pai
3300456,Belford Roxo,1991,false,3303500,Nova Iguaçu,unico_pai
3302858,Mesquita,1991,false,3303500,Nova Iguaçu,unico_pai
3302270,Japeri,1991,false,3303500,Nova Iguaçu,unico_pai
3304144,Queimados,1991,false,3303500,Nova Iguaçu,unico_pai
3509957,Canas,1991,false,3527207,Lorena,unico_pai
3519071,Hortolândia,1991,false,3552403,Sumaré,unico_pai
3556354,Vargem,1991,false,3507605,Bragança Paulista,unico_pai
3554953,Tuiuti,1991,false,3507605,Bragança Paulista,unico_pai
4120333,Prado Ferreira,1991,false,4116000,Miraselva,unico_pai
3305554,Seropédica,1991,false,3302007,Itaguaí,unico_pai
4123956,Santa Mônica,1991,false,4123709,Santa Isabel do Ivaí,unico_pai
3300233,Armação dos Búzios,1991,false,3300704,Cabo Frio,unico_pai
3510153,Canitar,1991,false,3557204,Chavantes,unico_pai
3525854,Jumirim,1991,false,3554508,Tietê,unico_pai
3305752,Tanguá,1991,false,3301900,Itaboraí,unico_pai
3301876,Iguaba Grande,1991,false,3305208,São Pedro da Aldeia,unico_pai
4101150,Ângulo,1991,false,4110003,Iguaraçu,unico_pai
4119657,Pitangueiras,1991,false,4122404,Rolândia,unico_pai
4111555,Ivaté,1991,false,4128104,Umuarama,unico_pai
4128625,Alto Paraíso,1991,false,4128104,Umuarama,unico_pai
4118857,Perobal,1991,false,4128104,Umuarama,unico_pai
3554656,Torre de Pedra,1991,false,3540507,Porangaba,unico_pai
4126678,Tamarana,1991,false,4113700,Londrina,unico_pai
4125555,São Manoel do Paraná,1991,false,4110409,Indianópolis,unico_pai
3541653,Quadra,1991,false,3554003,Tatuí,unico_pai
3509452,Campina do Monte Alegre,1991,false,3502200,Angatuba,unico_pai
4117297,Novo Itacolomi,1991,false,4103800,Cambira,unico_pai
3502754,Araçariguama,1991,false,3550605,São Roque,unico_pai
4117214,Nova Santa Bárbara,1991,false,4123204,Santa Cecília do Pavão,unico_pai
3500758,Alambari,1991,false,3522307,Itapetininga,unico_pai
3501152,Alumínio,1991,false,3528403,Mairinque,unico_pai
4115754,Mauá da Serra,1991,false,4114906,Marilândia do Sul,unico_pai
4107520,Esperança Nova,1991,false,4118907,Pérola,unico_pai
3553856,Taquarivaí,1991,false,3522406,Itapeva,unico_pai
3532827,Nova Campina,1991,false,3522406,Itapeva,unico_pai
5004809,Japorã,1991,false,5005681,Mundo Novo,unico_pai
4103479,Cafezal do Sul,1991,false,4110607,Iporã,unico_pai
3549953,São Lourenço da Serra,1991,false,3522208,Itapecerica da Serra,unico_pai
3506359,Bertioga,1991,false,3548500,Santos,unico_pai
4106852,Cruzmaltina,1991,false,4107603,Faxinal,unico_pai
4103370,Brasilândia do Sul,1991,false,4100707,Alto Piquiri,unico_pai
3543253,Ribeirão Grande,1991,false,3510203,Capão Bonito,unico_pai
3507159,Bom Sucesso de Itararé,1991,false,3523206,Itararé,unico_pai
4107553,Farol,1991,false,4104303,Campo Mourão,unico_pai
4128534,Ventania,1991,false,4127502,Tibagi,unico_pai
4113429,Lidianópolis,1991,false,4112504,Jardim Alegre,unico_pai
4121356,Rancho Alegre D'Oeste,1991,false,4108601,Goio-Erê,unico_pai
4120655,Quarto Centenário,1991,false,4108601,Goio-Erê,unico_pai
4110078,Imbaú,1991,false,4127106,Telêmaco Borba,multiplos_pais
4122172,Rio Branco do Ivaí,1991,false,4108700,Grandes Rios,multiplos_pais
4115358,Maripá,1991,false,4117909,Palotina,unico_pai
4110656,Iracema do Oeste,1991,false,4108205,Formosa do Oeste,unico_pai
4101853,Ariranha do Ivaí,1991,false,4111506,Ivaiporã,unico_pai
4101655,Arapuã,1991,false,4111506,Ivaiporã,unico_pai
3522158,Itaoca,1991,false,3502705,Apiaí,unico_pai
3505351,Barra do Chapéu,1991,false,3502705,Apiaí,unico_pai
4115853,Mercedes,1991,false,4114609,Marechal Cândido Rondon,unico_pai
4120853,Quatro Pontes,1991,false,4114609,Marechal Cândido Rondon,unico_pai
4118451,Pato Bragado,1991,false,4114609,Marechal Cândido Rondon,unico_pai
4107538,Entre Rios do Oeste,1991,false,4114609,Marechal Cândido Rondon,unico_pai
4125753,São Pedro do Iguaçu,1991,false,4127700,Toledo,unico_pai
4123857,Santa Maria do Oeste,1991,false,4119608,Pitanga,unico_pai
4103040,Boa Ventura de São Roque,1991,false,4119608,Pitanga,unico_pai
4115739,Mato Rico,1991,false,4119608,Pitanga,unico_pai
3520426,Ilha Comprida,1991,false,3520301,Iguape,multiplos_pais
3522653,Itapirapuã Paulista,1991,false,3542800,Ribeira,unico_pai
4128633,Doutor Ulysses,1991,false,4105201,Cerro Azul,unico_pai
4110052,Iguatu,1991,false,4106308,Corbélia,unico_pai
4101051,Anahy,1991,false,4106308,Corbélia,unico_pai
4104659,Carambeí,1991,false,4104907,Castro,multiplos_pais
3509254,Cajati,1991,false,3524600,Jacupiranga,unico_pai
4113254,Laranjal,1991,false,4117800,Palmital,unico_pai
4107124,Diamante do Sul,1991,false,4109302,Guaraniaçu,unico_pai
4127882,Tunas do Paraná,1991,false,4103107,Bocaiúva do Sul,unico_pai
4111258,Itaperuçu,1991,false,4122206,Rio Branco do Sul,multiplos_pais
4117057,Nova Laranjeiras,1991,false,4113304,Laranjeiras do Sul,unico_pai
4122156,Rio Bonito do Iguaçu,1991,false,4113304,Laranjeiras do Sul,unico_pai
4120150,Porto Barreiro,1991,false,4113304,Laranjeiras do Sul,unico_pai
4128658,Virmond,1991,false,4113304,Laranjeiras do Sul,unico_pai
4108650,Goioxim,1991,false,4104451,Cantagalo,unico_pai
4115457,Marquinho,1991,false,4104451,Cantagalo,unico_pai
4103958,Campina do Simão,1991,false,4109401,Guarapuava,unico_pai
4104428,Candói,1991,false,4109401,Guarapuava,unico_pai
4108452,Foz do Jordão,1991,false,4109401,Guarapuava,unico_pai
4121257,Ramilândia,1991,false,4115606,Matelândia,multiplos_pais
4110953,Itaipulândia,1991,false,4125704,São Miguel do Iguaçu,unico_pai
4108957,Guamiranga,1991,false,4110102,Imbituva,unico_pai
4107736,Fernandes Pinheiro,1991,false,4127007,Teixeira Soares,unico_pai
4126355,Serranópolis do Iguaçu,1991,false,4115804,Medianeira,unico_pai
4104253,Campo Magro,1991,false,4100400,Almirante Tamandaré,unico_pai
4107546,Espigão Alto do Iguaçu,1991,false,4120903,Quedas do Iguaçu,unico_pai
4123824,Santa Lúcia,1991,false,4104600,Capitão Leônidas Marques,unico_pai
4119152,Pinhais,1991,false,4119509,Piraquara,unico_pai
4119954,Pontal do Paraná,1991,false,4118204,Paranaguá,unico_pai
4103024,Boa Esperança do Iguaçu,1991,false,4107207,Dois Vizinhos,unico_pai
4106571,Cruzeiro do Iguaçu,1991,false,4107207,Dois Vizinhos,unico_pai
4121752,Reserva do Iguaçu,1991,false,4119301,Pinhão,unico_pai
4126272,Saudade do Iguaçu,1991,false,4105409,Chopinzinho,unico_pai
4107652,Fazenda Rio Grande,1991,false,4114302,Mandirituba,unico_pai
4109658,Honório Serpa,1991,false,4114401,Mangueirinha,unico_pai
4102752,Bela Vista da Caroba,1991,false,4119004,Pérola d'Oeste,multiplos_pais
4116950,Nova Esperança do Sudoeste,1991,false,4107405,Enéas Marques,multiplos_pais
4106456,Coronel Domingos Soares,1991,false,4117602,Palmas,unico_pai
4119251,Pinhal de São Bento,1991,false,4124400,Santo Antônio do Sudoeste,multiplos_pais
4103222,Bom Sucesso do Sul,1991,false,4118501,Pato Branco,unico_pai
4114351,Manfrinópolis,1991,false,4122800,Salgado Filho,unico_pai
4202131,Bela Vista do Toldo,1991,false,4203808,Canoinhas,unico_pai
4103156,Bom Jesus do Sul,1991,false,4102604,Barracão,unico_pai
4107850,Flor da Serra do Sul,1991,false,4115408,Marmeleiro,multiplos_pais
4215679,Santa Terezinha,1991,false,4208104,Itaiópolis,unico_pai
4215356,Saltinho,1991,false,4203501,Campo Erê,unico_pai
4215752,São Bernardino,1991,false,4203501,Campo Erê,multiplos_pais
4215687,Santa Terezinha do Progresso,1991,false,4203501,Campo Erê,unico_pai
4209177,Jupiá,1991,false,4205605,Galvão,multiplos_pais
4211652,Novo Horizonte,1991,false,4216909,São Lourenço do Oeste,unico_pai
4214151,Princesa,1991,false,4216701,São José do Cedro,unico_pai
4202057,Balneário Barra do Sul,1991,false,4201307,Araquari,unico_pai
4204459,Coronel Martins,1991,false,4216107,São Domingos,multiplos_pais
4203154,Calmon,1991,false,4210704,Matos Costa,unico_pai
4211850,Ouro Verde,1991,false,4200101,Abelardo Luz,unico_pai
4212270,Passos Maia,1991,false,4213401,Ponte Serrada,unico_pai
4202099,Barra Bonita,1991,false,4217204,São Miguel d'Oeste,multiplos_pais
4202081,Bandeirante,1991,false,4217204,São Miguel d'Oeste,multiplos_pais
4212239,Paraíso,1991,false,4217204,São Miguel d'Oeste,unico_pai
4205431,Formosa do Sul,1991,false,4214201,Quilombo,unico_pai
4215695,Santiago do Sul,1991,false,4214201,Quilombo,unico_pai
4207858,Irati,1991,false,4214201,Quilombo,unico_pai
4216354,São João do Itaperiú,1991,false,4202107,Barra Velha,unico_pai
4217758,Sul Brasil,1991,false,4210902,Modelo,unico_pai
4202578,Bom Jesus do Oeste,1991,false,4210902,Modelo,multiplos_pais
4207684,Ipuaçu,1991,false,4219507,Xanxerê,multiplos_pais
4202537,Bom Jesus,1991,false,4219507,Xanxerê,multiplos_pais
4217154,São Miguel da Boa Vista,1991,false,4210506,Maravilha,unico_pai
4217956,Tigrinhos,1991,false,4210506,Maravilha,unico_pai
4205357,Flor do Sertão,1991,false,4210506,Maravilha,unico_pai
4210050,Macieira,1991,false,4203006,Caçador,multiplos_pais
4205175,Entre Rios,1991,false,4210555,Marema,unico_pai
4208955,Jardinópolis,1991,false,4218855,União d'Oeste,multiplos_pais
4215554,Santa Helena,1991,false,4204905,Descanso,unico_pai
4202156,Belmonte,1991,false,4204905,Descanso,unico_pai
4200556,Águas Frias,1991,false,4204400,Coronel Freitas,multiplos_pais
4209458,Lajeado Grande,1991,false,4219705,Xaxim,unico_pai
4219176,Vargem Bonita,1991,false,4204004,Catanduvas,unico_pai
4207577,Iomerê,1991,false,4219309,Videira,unico_pai
4215075,Riqueza,1991,false,4211009,Mondaí,unico_pai
4206652,Guatambú,1991,false,4204202,Chapecó,unico_pai
4211454,Nova Itaberaba,1991,false,4204202,Chapecó,unico_pai
4204350,Cordilheira Alta,1991,false,4204202,Chapecó,multiplos_pais
4204756,Cunhataí,1991,false,4216008,São Carlos,unico_pai
4213153,Planalto Alegre,1991,false,4204103,Caxambu do Sul,unico_pai
4201653,Arvoredo,1991,false,4217501,Seara,unico_pai
4216255,São João do Oeste,1991,false,4208401,Itapiranga,unico_pai
4210852,Mirim Doce,1991,false,4217808,Taió,unico_pai
4210035,Luzerna,1991,false,4209003,Joaçaba,unico_pai
4206751,Ibiam,1991,false,4217907,Tangará,unico_pai
4201273,Arabutã,1991,false,4204301,Concórdia,unico_pai
4200754,Alto Bela Vista,1991,false,4204301,Concórdia,unico_pai
4219853,Zortéa,1991,false,4203600,Campos Novos,unico_pai
4211058,Monte Carlo,1991,false,4203600,Campos Novos,unico_pai
4219150,Vargem,1991,false,4203600,Campos Novos,unico_pai
4202875,Brunópolis,1991,false,4203600,Campos Novos,unico_pai
4205555,Frei Rogério,1991,false,4204806,Curitibanos,unico_pai
4216057,São Cristóvão do Sul,1991,false,4204806,Curitibanos,unico_pai
4213351,Ponte Alta do Norte,1991,false,4204806,Curitibanos,unico_pai
4301859,Barra do Guarita,1991,false,4321402,Tenente Portela,unico_pai
4306320,Derrubadas,1991,false,4321402,Tenente Portela,unico_pai
4314498,Pinheirinho do Vale,1991,false,4313805,Palmitinho,unico_pai
4309126,Gramado dos Loureiros,1991,false,4312708,Nonoai,unico_pai
4315552,Rio dos Índios,1991,false,4312708,Nonoai,unico_pai
4211876,Paial,1991,false,4208005,Itá,multiplos_pais
4202453,Bombinhas,1991,false,4213500,Porto Belo,unico_pai
4307450,Esperança do Sul,1991,false,4321907,Três Passos,unico_pai
4321477,Tiradentes do Sul,1991,false,4321907,Três Passos,unico_pai
4301925,Barra do Rio Azul,1991,false,4300901,Aratiba,unico_pai
4300646,Ametista do Sul,1991,false,4314704,Planalto,multiplos_pais
4202859,Braço do Trombudo,1991,false,4218608,Trombudo Central,unico_pai
4212056,Palmeira,1991,false,4211751,Otacílio Costa,unico_pai
4306429,Dois Irmãos das Missões,1991,false,4307302,Erval Seco,unico_pai
4306072,Cristal do Sul,1991,false,4315909,Rodeio Bonito,multiplos_pais
4313441,Novo Tiradentes,1991,false,4315909,Rodeio Bonito,unico_pai
4204194,Chapadão do Lageado,1991,false,4208500,Ituporanga,multiplos_pais
4302055,Benjamin Constant do Sul,1991,false,4319703,São Valentim,unico_pai
4304853,Carlos Gomes,1991,false,4322905,Viadutos,unico_pai
4313425,Novo Machado,1991,false,4322103,Tucunduva,unico_pai
4315313,Quatro Irmãos,1991,false,4307005,Erechim,multiplos_pais
4314134,Paulo Bento,1991,false,4307005,Erechim,multiplos_pais
4302378,Bom Progresso,1991,false,4304002,Campo Novo,multiplos_pais
4313011,Nova Candelária,1991,false,4302204,Boa Vista do Buricá,multiplos_pais
4315057,Porto Mauá,1991,false,4322301,Tuparendi,multiplos_pais
4306130,Cruzaltense,1991,false,4303806,Campinas do Sul,unico_pai
4318499,São José do Inhacorá,1991,false,4321808,Três de Maio,unico_pai
4313466,Novo Xingu,1991,false,4305801,Constantina,unico_pai
4306924,Engenho Velho,1991,false,4305801,Constantina,unico_pai
4204178,Cerro Negro,1991,false,4203402,Campo Belo do Sul,multiplos_pais
4314787,Ponte Preta,1991,false,4310900,Jacutinga,multiplos_pais
4311429,Lajeado do Bugre,1991,false,4313706,Palmeira das Missões,multiplos_pais
4319364,São Pedro das Missões,1991,false,4313706,Palmeira das Missões,unico_pai
4302154,Boa Vista das Missões,1991,false,4313706,Palmeira das Missões,unico_pai
4313490,Novo Barreiro,1991,false,4313706,Palmeira das Missões,unico_pai
4318457,São José das Missões,1991,false,4313706,Palmeira das Missões,unico_pai
4316428,Sagrada Família,1991,false,4313706,Palmeira das Missões,unico_pai
4217253,São Pedro de Alcântara,1991,false,4216602,São José,unico_pai
4211892,Painel,1991,false,4209300,Lages,unico_pai
4202438,Bocaina do Sul,1991,false,4209300,Lages,unico_pai
4203253,Capão Alto,1991,false,4209300,Lages,unico_pai
4305116,Centenário,1991,false,4301552,Áurea,unico_pai
4322186,Tupanci do Sul,1991,false,4318606,São José do Ouro,unico_pai
4317954,Santo Expedito do Sul,1991,false,4318606,São José do Ouro,multiplos_pais
4315073,Porto Vera Cruz,1991,false,4315008,Porto Lucena,multiplos_pais
4314464,Pinhal da Serra,1991,false,4307401,Esmeralda,unico_pai
4308250,Floriano Peixoto,1991,false,4308904,Getúlio Vargas,unico_pai
4319737,São Valério do Sul,1991,false,4317806,Santo Augusto,unico_pai
4312955,Nova Boa Vista,1991,false,4320107,Sarandi,multiplos_pais
4301958,Barra Funda,1991,false,4320107,Sarandi,unico_pai
4322343,Ubiretama,1991,false,4309001,Giruá,multiplos_pais
4320321,Senador Salgado Filho,1991,false,4309001,Giruá,unico_pai
4310413,Inhacorá,1991,false,4305405,Chiapeta,multiplos_pais
4304622,Capão Bonito do Sul,1991,false,4311304,Lagoa Vermelha,unico_pai
4305371,Charrua,1991,false,4320909,Tapejara,multiplos_pais
4323358,Vila Lângaro,1991,false,4320909,Tapejara,unico_pai
4316733,Santa Cecília do Sul,1991,false,4320909,Tapejara,multiplos_pais
4215059,Rio Rufino,1991,false,4218905,Urubici,multiplos_pais
4303673,Campestre da Serra,1991,false,4322509,Vacaria,unico_pai
4312377,Monte Alegre dos Campos,1991,false,4322509,Vacaria,unico_pai
4312617,Muitos Capões,1991,false,4322509,Vacaria,multiplos_pais
4314779,Pontão,1991,false,4314100,Passo Fundo,multiplos_pais
4305975,Coxilha,1991,false,4314100,Passo Fundo,multiplos_pais
4312138,Mato Castelhano,1991,false,4314100,Passo Fundo,unico_pai
4313334,Nova Ramada,1991,false,4300208,Ajuricaba,unico_pai
4319372,São Pedro do Butiá,1991,false,4305207,Cerro Largo,unico_pai
4316477,Salvador das Missões,1991,false,4305207,Cerro Largo,unico_pai
4317756,Santo Antônio do Planalto,1991,false,4304705,Carazinho,unico_pai
4300471,Almirante Tamandaré do Sul,1991,false,4304705,Carazinho,unico_pai
4305850,Coqueiros do Sul,1991,false,4304705,Carazinho,unico_pai
4320578,Sete de Setembro,1991,false,4309506,Guarani das Missões,multiplos_pais
4302584,Bozano,1991,false,4310207,Ijuí,unico_pai
4305871,Coronel Barros,1991,false,4310207,Ijuí,multiplos_pais
4308656,Garruchos,1991,false,4318002,São Borja,unico_pai
4323754,Vitória das Missões,1991,false,4317509,Santo Ângelo,unico_pai
4315958,Rolador,1991,false,4318903,São Luiz Gonzaga,unico_pai
4312179,Mato Queimado,1991,false,4303301,Caibaté,unico_pai
4312625,Muliterno,1991,false,4305504,Ciríaco,multiplos_pais
4318622,São José dos Ausentes,1991,false,4302303,Bom Jesus,unico_pai
4308854,Gentil,1991,false,4311809,Marau,multiplos_pais
4312674,Nicolau Vergueiro,1991,false,4311809,Marau,unico_pai
4212650,Pescaria Brava,1991,false,4209409,Laguna,unico_pai
4302220,Boa Vista do Cadeado,1991,false,4306106,Cruz Alta,multiplos_pais
4302238,Boa Vista do Incra,1991,false,4306106,Cruz Alta,multiplos_pais
4317558,Santo Antônio do Palma,1991,false,4304903,Casca,unico_pai
4203956,Capivari de Baixo,1991,false,4218707,Tubarão,multiplos_pais
4204251,Cocal do Sul,1991,false,4219002,Urussanga,unico_pai
4218350,Treviso,1991,false,4217600,Siderópolis,unico_pai
4321469,Tio Hugo,1991,false,4309951,Ibirapuitã,multiplos_pais
4311270,Lagoa dos Três Cantos,1991,false,4321006,Tapera,multiplos_pais
4312427,Mormaço,1991,false,4320800,Soledade,unico_pai
4215455,Sangão,1991,false,4208807,Jaguaruna,unico_pai
4211256,Morro Grande,1991,false,4210803,Meleiro,unico_pai
4310579,Itapuca,1991,false,4301404,Arvorezinha,unico_pai
4322350,União da Serra,1991,false,4309407,Guaporé,unico_pai
4304655,Capão do Cipó,1991,false,4317400,Santiago,multiplos_pais
4322376,Unistalda,1991,false,4317400,Santiago,unico_pai
4220000,Balneário Rincão,1991,false,4207007,Içara,unico_pai
4311130,Jari,1991,false,4322202,Tupanciretã,unico_pai
4205191,Ermo,1991,false,4218806,Turvo,multiplos_pais
4311718,Maçambará,1991,false,4310603,Itaqui,unico_pai
4201950,Balneário Arroio do Silva,1991,false,4201406,Araranguá,unico_pai
4310876,Jacuizinho,1991,false,4316451,Salto do Jacuí,multiplos_pais
4319711,São Valentim do Sul,1991,false,4306452,Dois Lajeados,unico_pai
4313086,Nova Pádua,1991,false,4308201,Flores da Cunha,unico_pai
4314472,Pinhal Grande,1991,false,4311205,Júlio de Castilhos,multiplos_pais
4315321,Quevedos,1991,false,4311205,Júlio de Castilhos,unico_pai
4322855,Vespasiano Corrêa,1991,false,4312609,Muçum,unico_pai
4314548,Pinto Bandeira,1991,false,4302105,Bento Gonçalves,unico_pai
4317251,Santa Tereza,1991,false,4302105,Bento Gonçalves,multiplos_pais
4312385,Monte Belo do Sul,1991,false,4302105,Bento Gonçalves,unico_pai
4306759,Doutor Ricardo,1991,false,4306809,Encantado,multiplos_pais
4202073,Balneário Gaivota,1991,false,4217709,Sombrio,unico_pai
4305835,Coqueiro Baixo,1991,false,4313003,Nova Bréscia,unico_pai
4307815,Estrela Velha,1991,false,4301206,Arroio do Tigre,unico_pai
4212254,Passo de Torres,1991,false,4216404,São João do Sul,unico_pai
4311759,Manoel Viana,1991,false,4318101,São Francisco de Assis,unico_pai
4304614,Canudos do Vale,1991,false,4311403,Lajeado,multiplos_pais
4320453,Sério,1991,false,4311403,Lajeado,unico_pai
4316758,Santa Clara do Sul,1991,false,4311403,Lajeado,unico_pai
4308433,Forquetinha,1991,false,4311403,Lajeado,unico_pai
4312054,Marques de Souza,1991,false,4311403,Lajeado,unico_pai
4305934,Coronel Pilar,1991,false,4308607,Garibaldi,unico_pai
4302253,Boa Vista do Sul,1991,false,4308607,Garibaldi,multiplos_pais
4321626,Travesseiro,1991,false,4301008,Arroio do Meio,multiplos_pais
4304697,Capitão,1991,false,4301008,Arroio do Meio,multiplos_pais
4322533,Vale do Sol,1991,false,4316808,Santa Cruz do Sul,multiplos_pais
4309571,Herveiras,1991,false,4316808,Santa Cruz do Sul,unico_pai
4320677,Sinimbu,1991,false,4316808,Santa Cruz do Sul,unico_pai
4309159,Gramado Xavier,1991,false,4316808,Santa Cruz do Sul,multiplos_pais
4306551,Dom Pedro de Alcântara,1991,false,4321501,Torres,unico_pai
4312443,Morrinhos do Sul,1991,false,4321501,Torres,unico_pai
4321832,Três Forquilhas,1991,false,4321501,Torres,unico_pai
4311734,Mampituba,1991,false,4321501,Torres,unico_pai
4311643,Linha Nova,1991,false,4308102,Feliz,multiplos_pais
4322541,Vale Real,1991,false,4308102,Feliz,unico_pai
4300570,Alto Feliz,1991,false,4308102,Feliz,unico_pai
4314423,Picada Café,1991,false,4313201,Nova Petrópolis,multiplos_pais
4311239,Lagoa Bonita do Sul,1991,false,4320701,Sobradinho,unico_pai
4314068,Passa Sete,1991,false,4320701,Sobradinho,unico_pai
4310538,Itaara,1991,false,4316907,Santa Maria,unico_pai
4319125,São Martinho da Serra,1991,false,4316907,Santa Maria,unico_pai
4306379,Dilermando de Aguiar,1991,false,4316907,Santa Maria,unico_pai
4312153,Mato Leitão,1991,false,4322608,Venâncio Aires,unico_pai
4310652,Itati,1991,false,4321436,Terra de Areia,unico_pai
4305587,Colinas,1991,false,4307807,Estrela,multiplos_pais
4321493,Toropi,1991,false,4319406,São Pedro do Sul,unico_pai
4323770,Westfália,1991,false,4321451,Teutônia,multiplos_pais
4318614,São José do Sul,1991,false,4316501,Salvador do Sul,multiplos_pais
4319356,São Pedro da Serra,1991,false,4316501,Salvador do Sul,unico_pai
4301875,Barra do Quaraí,1991,false,4322400,Uruguaiana,unico_pai
4312476,Morro Reuter,1991,false,4306403,Dois Irmãos,multiplos_pais
4311775,Maquiné,1991,false,4313508,Osório,unico_pai
4318432,São João do Polêsine,1991,false,4308003,Faxinal do Soturno,unico_pai
4311627,Lindolfo Collor,1991,false,4310801,Ivoti,unico_pai
4315149,Presidente Lucena,1991,false,4310801,Ivoti,unico_pai
4308078,Fazenda Vilanova,1991,false,4302402,Bom Retiro do Sul,unico_pai
4300877,Araricá,1991,false,4319901,Sapiranga,unico_pai
4320859,Tabaí,1991,false,4321303,Taquari,unico_pai
4313391,Novo Cabrais,1991,false,4303004,Cachoeira do Sul,unico_pai
4323804,Xangri-lá,1991,false,4304630,Capão da Canoa,unico_pai
4314076,Passo do Sobrado,1991,false,4315701,Rio Pardo,unico_pai
4304713,Caraá,1991,false,4317608,Santo Antônio da Patrulha,unico_pai
4322525,Vale Verde,1991,false,4308805,General Câmara,unico_pai
4313375,Nova Santa Rita,1991,false,4304606,Canoas,unico_pai
4316972,Santa Margarida do Sul,1991,false,4318309,São Gabriel,unico_pai
4323457,Vila Nova do Sul,1991,false,4319604,São Sepé,multiplos_pais
4312252,Minas do Leão,1991,false,4302709,Butiá,unico_pai
4301750,Barão do Triunfo,1991,false,4318408,São Jerônimo,unico_pai
4320552,Sertão Santana,1991,false,4309308,Guaíba,multiplos_pais
4311981,Mariana Pimentel,1991,false,4309308,Guaíba,multiplos_pais
4304671,Capivari do Sul,1991,false,4313656,Palmares do Sul,unico_pai
4301636,Balneário Pinhal,1991,false,4305454,Cidreira,unico_pai
4320354,Sentinela do Sul,1991,false,4321105,Tapes,multiplos_pais
4304358,Candiota,1991,false,4301602,Bagé,multiplos_pais
4309654,Hulha Negra,1991,false,4301602,Bagé,unico_pai
4300034,Aceguá,1991,false,4301602,Bagé,unico_pai
4322327,Turuçu,1991,false,4314407,Pelotas,unico_pai
4301073,Arroio do Padre,1991,false,4314407,Pelotas,unico_pai
4305124,Cerrito,1991,false,4314209,Pedro Osório,unico_pai
4314175,Pedras Altas,1991,false,4307104,Herval,multiplos_pais
4300851,Arambaré,1991,false,4303509,Camaquã,unico_pai
4305447,Chuvisca,1991,false,4303509,Camaquã,unico_pai
4305439,Chuí,1991,false,4317301,Santa Vitória do Palmar,unico_pai
4314035,Pareci Novo,1991,false,4312401,Montenegro,unico_pai
4311791,Maratá,1991,false,4302659,Brochier do Maratá,unico_pai
1700251,Abreulândia,1980,false,NORTEGO,Norte de Goiás (atual Tocantins),unidade_agregada
1700301,Aguiarnópolis,1980,false,NORTEGO,Norte de Goiás (atual Tocantins),unidade_agregada
1700350,Aliança do Tocantins,1980,false,NORTEGO,Norte de Goiás (atual Tocantins),unidade_agregada
1700400,Almas,1980,false,NORTEGO,Norte de Goiás (atual Tocantins),unidade_agregada
1700707,Alvorada,1980,false,NORTEGO,Norte de Goiás (atual Tocantins),unidade_agregada
1701002,Ananás,1980,false,NORTEGO,Norte de Goiás (atual Tocantins),unidade_agregada
1701051,Angico,1980,false,NORTEGO,Norte de Goiás (atual Tocantins),unidade_agregada
1701101,Aparecida do Rio Negro,1980,false,NORTEGO,Norte de Goiás (atual Tocantins),unidade_agregada
1701309,Aragominas,1980,false,NORTEGO,Norte de Goiás (atual Tocantins),unidade_agregada
1701903,Araguacema,1980,false,NORTEGO,Norte de Goiás (atual Tocantins),unidade_agregada
1702000,Araguaçu,1980,false,NORTEGO,Norte de Goiás (atual Tocantins),unidade_agregada
1702109,Araguaína,1980,false,NORTEGO,Norte de Goiás (atual Tocantins),unidade_agregada
1702158,Araguanã,1980,false,NORTEGO,Norte de Goiás (atual Tocantins),unidade_agregada
1702208,Araguatins,1980,false,NORTEGO,Norte de Goiás (atual Tocantins),unidade_agregada
1702307,Arapoema,1980,false,NORTEGO,Norte de Goiás (atual Tocantins),unidade_agregada
1702406,Arraias,1980,false,NORTEGO,Norte de Goiás (atual Tocantins),unidade_agregada
1702554,Augustinópolis,1980,false,NORTEGO,Norte de Goiás (atual Tocantins),unidade_agregada
1702703,Aurora do Tocantins,1980,false,NORTEGO,Norte de Goiás (atual Tocantins),unidade_agregada
1702901,Axixá do Tocantins,1980,false,NORTEGO,Norte de Goiás (atual Tocantins),unidade_agregada
1703008,Babaçulândia,1980,false,NORTEGO,Norte de Goiás (atual Tocantins),unidade_agregada
1703057,Bandeirantes do Tocantins,1980,false,NORTEGO,Norte de Goiás (atual Tocantins),unidade_agregada
1703073,Barra do Ouro,1980,false,NORTEGO,Norte de Goiás (atual Tocantins),unidade_agregada
1703107,Barrolândia,1980,false,NORTEGO,Norte de Goiás (atual Tocantins),unidade_agregada
1703206,Bernardo Sayão,1980,false,NORTEGO,Norte de Goiás (atual Tocantins),unidade_agregada
1703305,Bom Jesus do Tocantins,1980,false,NORTEGO,Norte de Goiás (atual Tocantins),unidade_agregada
1703602,Brasilândia do Tocantins,1980,false,NORTEGO,Norte de Goiás (atual Tocantins),unidade_agregada
1703701,Brejinho de Nazaré,1980,false,NORTEGO,Norte de Goiás (atual Tocantins),unidade_agregada
1703800,Buriti do Tocantins,1980,false,NORTEGO,Norte de Goiás (atual Tocantins),unidade_agregada
1703826,Cachoeirinha,1980,false,NORTEGO,Norte de Goiás (atual Tocantins),unidade_agregada
1703842,Campos Lindos,1980,false,NORTEGO,Norte de Goiás (atual Tocantins),unidade_agregada
1703867,Cariri do Tocantins,1980,false,NORTEGO,Norte de Goiás (atual Tocantins),unidade_agregada
1703883,Carmolândia,1980,false,NORTEGO,Norte de Goiás (atual Tocantins),unidade_agregada
1703891,Carrasco Bonito,1980,false,NORTEGO,Norte de Goiás (atual Tocantins),unidade_agregada
1703909,Caseara,1980,false,NORTEGO,Norte de Goiás (atual Tocantins),unidade_agregada
1704105,Centenário,1980,false,NORTEGO,Norte de Goiás (atual Tocantins),unidade_agregada
1704600,Chapada de Areia,1980,false,NORTEGO,Norte de Goiás (atual Tocantins),unidade_agregada
1705102,Chapada da Natividade,1980,false,NORTEGO,Norte de Goiás (atual Tocantins),unidade_agregada
1705508,Colinas do Tocantins,1980,false,NORTEGO,Norte de Goiás (atual Tocantins),unidade_agregada
1705557,Combinado,1980,false,NORTEGO,Norte de Goiás (atual Tocantins),unidade_agregada
1705607,Conceição do Tocantins,1980,false,NORTEGO,Norte de Goiás (atual Tocantins),unidade_agregada
1706001,Couto Magalhães,1980,false,NORTEGO,Norte de Goiás (atual Tocantins),unidade_agregada
1706100,Cristalândia,1980,false,NORTEGO,Norte de Goiás (atual Tocantins),unidade_agregada
1706258,Crixás do Tocantins,1980,false,NORTEGO,Norte de Goiás (atual Tocantins),unidade_agregada
1706506,Darcinópolis,1980,false,NORTEGO,Norte de Goiás (atual Tocantins),unidade_agregada
1707009,Dianópolis,1980,false,NORTEGO,Norte de Goiás (atual Tocantins),unidade_agregada
1707108,Divinópolis do Tocantins,1980,false,NORTEGO,Norte de Goiás (atual Tocantins),unidade_agregada
1707207,Dois Irmãos do Tocantins,1980,false,NORTEGO,Norte de Goiás (atual Tocantins),unidade_agregada
1707306,Dueré,1980,false,NORTEGO,Norte de Goiás (atual Tocantins),unidade_agregada
1707405,Esperantina,1980,false,NORTEGO,Norte de Goiás (atual Tocantins),unidade_agregada
1707553,Fátima,1980,false,NORTEGO,Norte de Goiás (atual Tocantins),unidade_agregada
1707652,Figueirópolis,1980,false,NORTEGO,Norte de Goiás (atual Tocantins),unidade_agregada
1707702,Filadélfia,1980,false,NORTEGO,Norte de Goiás (atual Tocantins),unidade_agregada
1708205,Formoso do Araguaia,1980,false,NORTEGO,Norte de Goiás (atual Tocantins),unidade_agregada
1708254,Tabocão,1980,false,NORTEGO,Norte de Goiás (atual Tocantins),unidade_agregada
1708304,Goianorte,1980,false,NORTEGO,Norte de Goiás (atual Tocantins),unidade_agregada
1709005,Goiatins,1980,false,NORTEGO,Norte de Goiás (atual Tocantins),unidade_agregada
1709302,Guaraí,1980,false,NORTEGO,Norte de Goiás (atual Tocantins),unidade_agregada
1709500,Gurupi,1980,false,NORTEGO,Norte de Goiás (atual Tocantins),unidade_agregada
1709807,Ipueiras,1980,false,NORTEGO,Norte de Goiás (atual Tocantins),unidade_agregada
1710508,Itacajá,1980,false,NORTEGO,Norte de Goiás (atual Tocantins),unidade_agregada
1710706,Itaguatins,1980,false,NORTEGO,Norte de Goiás (atual Tocantins),unidade_agregada
1710904,Itapiratins,1980,false,NORTEGO,Norte de Goiás (atual Tocantins),unidade_agregada
1711100,Itaporã do Tocantins,1980,false,NORTEGO,Norte de Goiás (atual Tocantins),unidade_agregada
1711506,Jaú do Tocantins,1980,false,NORTEGO,Norte de Goiás (atual Tocantins),unidade_agregada
1711803,Juarina,1980,false,NORTEGO,Norte de Goiás (atual Tocantins),unidade_agregada
1711902,Lagoa da Confusão,1980,false,NORTEGO,Norte de Goiás (atual Tocantins),unidade_agregada
1711951,Lagoa do Tocantins,1980,false,NORTEGO,Norte de Goiás (atual Tocantins),unidade_agregada
1712009,Lajeado,1980,false,NORTEGO,Norte de Goiás (atual Tocantins),unidade_agregada
1712157,Lavandeira,1980,false,NORTEGO,Norte de Goiás (atual Tocantins),unidade_agregada
1712405,Lizarda,1980,false,NORTEGO,Norte de Goiás (atual Tocantins),unidade_agregada
1712454,Luzinópolis,1980,false,NORTEGO,Norte de Goiás (atual Tocantins),unidade_agregada
1712504,Marianópolis do Tocantins,1980,false,NORTEGO,Norte de Goiás (atual Tocantins),unidade_agregada
1712702,Mateiros,1980,false,NORTEGO,Norte de Goiás (atual Tocantins),unidade_agregada
1712801,Maurilândia do Tocantins,1980,false,NORTEGO,Norte de Goiás (atual Tocantins),unidade_agregada
1713205,Miracema do Tocantins,1980,false,NORTEGO,Norte de Goiás (atual Tocantins),unidade_agregada
1713304,Miranorte,1980,false,NORTEGO,Norte de Goiás (atual Tocantins),unidade_agregada
1713601,Monte do Carmo,1980,false,NORTEGO,Norte de Goiás (atual Tocantins),unidade_agregada
1713700,Monte Santo do Tocantins,1980,false,NORTEGO,Norte de Goiás (atual Tocantins),unidade_agregada
1713809,Palmeiras do Tocantins,1980,false,NORTEGO,Norte de Goiás (atual Tocantins),unidade_agregada
1713957,Muricilândia,1980,false,NORTEGO,Norte de Goiás (atual Tocantins),unidade_agregada
1714203,Natividade,1980,false,NORTEGO,Norte de Goiás (atual Tocantins),unidade_agregada
1714302,Nazaré,1980,false,NORTEGO,Norte de Goiás (atual Tocantins),unidade_agregada
1714880,Nova Olinda,1980,false,NORTEGO,Norte de Goiás (atual Tocantins),unidade_agregada
1715002,Nova Rosalândia,1980,false,NORTEGO,Norte de Goiás (atual Tocantins),unidade_agregada
1715101,Novo Acordo,1980,false,NORTEGO,Norte de Goiás (atual Tocantins),unidade_agregada
1715150,Novo Alegre,1980,false,NORTEGO,Norte de Goiás (atual Tocantins),unidade_agregada
1715259,Novo Jardim,1980,false,NORTEGO,Norte de Goiás (atual Tocantins),unidade_agregada
1715507,Oliveira de Fátima,1980,false,NORTEGO,Norte de Goiás (atual Tocantins),unidade_agregada
1715705,Palmeirante,1980,false,NORTEGO,Norte de Goiás (atual Tocantins),unidade_agregada
1715754,Palmeirópolis,1980,false,NORTEGO,Norte de Goiás (atual Tocantins),unidade_agregada
1716109,Paraíso do Tocantins,1980,false,NORTEGO,Norte de Goiás (atual Tocantins),unidade_agregada
1716208,Paranã,1980,false,NORTEGO,Norte de Goiás (atual Tocantins),unidade_agregada
1716307,Pau D'Arco,1980,false,NORTEGO,Norte de Goiás (atual Tocantins),unidade_agregada
1716505,Pedro Afonso,1980,false,NORTEGO,Norte de Goiás (atual Tocantins),unidade_agregada
1716604,Peixe,1980,false,NORTEGO,Norte de Goiás (atual Tocantins),unidade_agregada
1716653,Pequizeiro,1980,false,NORTEGO,Norte de Goiás (atual Tocantins),unidade_agregada
1716703,Colméia,1980,false,NORTEGO,Norte de Goiás (atual Tocantins),unidade_agregada
1717008,Pindorama do Tocantins,1980,false,NORTEGO,Norte de Goiás (atual Tocantins),unidade_agregada
1717206,Piraquê,1980,false,NORTEGO,Norte de Goiás (atual Tocantins),unidade_agregada
1717503,Pium,1980,false,NORTEGO,Norte de Goiás (atual Tocantins),unidade_agregada
1717800,Ponte Alta do Bom Jesus,1980,false,NORTEGO,Norte de Goiás (atual Tocantins),unidade_agregada
1717909,Ponte Alta do Tocantins,1980,false,NORTEGO,Norte de Goiás (atual Tocantins),unidade_agregada
1718006,Porto Alegre do Tocantins,1980,false,NORTEGO,Norte de Goiás (atual Tocantins),unidade_agregada
1718204,Porto Nacional,1980,false,NORTEGO,Norte de Goiás (atual Tocantins),unidade_agregada
1718303,Praia Norte,1980,false,NORTEGO,Norte de Goiás (atual Tocantins),unidade_agregada
1718402,Presidente Kennedy,1980,false,NORTEGO,Norte de Goiás (atual Tocantins),unidade_agregada
1718451,Pugmil,1980,false,NORTEGO,Norte de Goiás (atual Tocantins),unidade_agregada
1718501,Recursolândia,1980,false,NORTEGO,Norte de Goiás (atual Tocantins),unidade_agregada
1718550,Riachinho,1980,false,NORTEGO,Norte de Goiás (atual Tocantins),unidade_agregada
1718659,Rio da Conceição,1980,false,NORTEGO,Norte de Goiás (atual Tocantins),unidade_agregada
1718709,Rio dos Bois,1980,false,NORTEGO,Norte de Goiás (atual Tocantins),unidade_agregada
1718758,Rio Sono,1980,false,NORTEGO,Norte de Goiás (atual Tocantins),unidade_agregada
1718808,Sampaio,1980,false,NORTEGO,Norte de Goiás (atual Tocantins),unidade_agregada
1718840,Sandolândia,1980,false,NORTEGO,Norte de Goiás (atual Tocantins),unidade_agregada
1718865,Santa Fé do Araguaia,1980,false,NORTEGO,Norte de Goiás (atual Tocantins),unidade_agregada
1718881,Santa Maria do Tocantins,1980,false,NORTEGO,Norte de Goiás (atual Tocantins),unidade_agregada
1718899,Santa Rita do Tocantins,1980,false,NORTEGO,Norte de Goiás (atual Tocantins),unidade_agregada
1718907,Santa Rosa do Tocantins,1980,false,NORTEGO,Norte de Goiás (atual Tocantins),unidade_agregada
1719004,Santa Tereza do Tocantins,1980,false,NORTEGO,Norte de Goiás (atual Tocantins),unidade_agregada
1720002,Santa Terezinha do Tocantins,1980,false,NORTEGO,Norte de Goiás (atual Tocantins),unidade_agregada
1720101,São Bento do Tocantins,1980,false,NORTEGO,Norte de Goiás (atual Tocantins),unidade_agregada
1720150,São Félix do Tocantins,1980,false,NORTEGO,Norte de Goiás (atual Tocantins),unidade_agregada
1720200,São Miguel do Tocantins,1980,false,NORTEGO,Norte de Goiás (atual Tocantins),unidade_agregada
1720259,São Salvador do Tocantins,1980,false,NORTEGO,Norte de Goiás (atual Tocantins),unidade_agregada
1720309,São Sebastião do Tocantins,1980,false,NORTEGO,Norte de Goiás (atual Tocantins),unidade_agregada
1720499,São Valério,1980,false,NORTEGO,Norte de Goiás (atual Tocantins),unidade_agregada
1720655,Silvanópolis,1980,false,NORTEGO,Norte de Goiás (atual Tocantins),unidade_agregada
1720804,Sítio Novo do Tocantins,1980,false,NORTEGO,Norte de Goiás (atual Tocantins),unidade_agregada
1720853,Sucupira,1980,false,NORTEGO,Norte de Goiás (atual Tocantins),unidade_agregada
1720903,Taguatinga,1980,false,NORTEGO,Norte de Goiás (atual Tocantins),unidade_agregada
1720937,Taipas do Tocantins,1980,false,NORTEGO,Norte de Goiás (atual Tocantins),unidade_agregada
1720978,Talismã,1980,false,NORTEGO,Norte de Goiás (atual Tocantins),unidade_agregada
1721000,Palmas,1980,false,NORTEGO,Norte de Goiás (atual Tocantins),unidade_agregada
1721109,Tocantínia,1980,false,NORTEGO,Norte de Goiás (atual Tocantins),unidade_agregada
1721208,Tocantinópolis,1980,false,NORTEGO,Norte de Goiás (atual Tocantins),unidade_agregada
1721257,Tupirama,1980,false,NORTEGO,Norte de Goiás (atual Tocantins),unidade_agregada
1721307,Tupiratins,1980,false,NORTEGO,Norte de Goiás (atual Tocantins),unidade_agregada
1722081,Wanderlândia,1980,false,NORTEGO,Norte de Goiás (atual Tocantins),unidade_agregada
1722107,Xambioá,1980,false,NORTEGO,Norte de Goiás (atual Tocantins),unidade_agregada
1100023,Ariquemes,1980,true,,,existia
1100049,Cacoal,1980,true,,,existia
1100106,Guajará-Mirim,1980,true,,,existia
1100122,Ji-Paraná,1980,true,,,existia
1100189,Pimenta Bueno,1980,true,,,existia
1100205,Porto Velho,1980,true,,,existia
1100304,Vilhena,1980,true,,,existia
1200054,Assis Brasil,1980,true,,,existia
1200104,Brasiléia,1980,true,,,existia
1200203,Cruzeiro do Sul,1980,true,,,existia
1200302,Feijó,1980,true,,,existia
1200336,Mâncio Lima,1980,true,,,existia
1200344,Manoel Urbano,1980,true,,,existia
1200385,Plácido de Castro,1980,true,,,existia
1200401,Rio Branco,1980,true,,,existia
1200450,Senador Guiomard,1980,true,,,existia
1200500,Sena Madureira,1980,true,,,existia
1200609,Tarauacá,1980,true,,,existia
1200708,Xapuri,1980,true,,,existia
1300102,Anori,1980,true,,,existia
1300201,Atalaia do Norte,1980,true,,,existia
1300300,Autazes,1980,true,,,existia
1300409,Barcelos,1980,true,,,existia
1300508,Barreirinha,1980,true,,,existia
1300607,Benjamin Constant,1980,true,,,existia
1300706,Boca do Acre,1980,true,,,existia
1300805,Borba,1980,true,,,existia
1300904,Canutama,1980,true,,,existia
1301001,Carauari,1980,true,,,existia
1301100,Careiro,1980,true,,,existia
1301209,Coari,1980,true,,,existia
1301308,Codajás,1980,true,,,existia
1301407,Eirunepé,1980,true,,,existia
1301506,Envira,1980,true,,,existia
1301605,Fonte Boa,1980,true,,,existia
1301704,Humaitá,1980,true,,,existia
1301803,Ipixuna,1980,true,,,existia
1301902,Itacoatiara,1980,true,,,existia
1302009,Itapiranga,1980,true,,,existia
1302108,Japurá,1980,true,,,existia
1302207,Juruá,1980,true,,,existia
1302306,Jutaí,1980,true,,,existia
1302405,Lábrea,1980,true,,,existia
1302504,Manacapuru,1980,true,,,existia
1302603,Manaus,1980,true,,,existia
1302702,Manicoré,1980,true,,,existia
1302801,Maraã,1980,true,,,existia
1302900,Maués,1980,true,,,existia
1303007,Nhamundá,1980,true,,,existia
1303106,Nova Olinda do Norte,1980,true,,,existia
1303205,Novo Airão,1980,true,,,existia
1303304,Novo Aripuanã,1980,true,,,existia
1303403,Parintins,1980,true,,,existia
1303502,Pauini,1980,true,,,existia
1303601,Santa Isabel do Rio Negro,1980,true,,,existia
1303700,Santo Antônio do Içá,1980,true,,,existia
1303809,São Gabriel da Cachoeira,1980,true,,,existia
1303908,São Paulo de Olivença,1980,true,,,existia
1304005,Silves,1980,true,,,existia
1304104,Tapauá,1980,true,,,existia
1304203,Tefé,1980,true,,,existia
1304302,Urucará,1980,true,,,existia
1304401,Urucurituba,1980,true,,,existia
1400100,Boa Vista,1980,true,,,existia
1400209,Caracaraí,1980,true,,,existia
1500107,Abaetetuba,1980,true,,,existia
1500206,Acará,1980,true,,,existia
1500305,Afuá,1980,true,,,existia
1500404,Alenquer,1980,true,,,existia
1500503,Almeirim,1980,true,,,existia
1500602,Altamira,1980,true,,,existia
1500701,Anajás,1980,true,,,existia
1500800,Ananindeua,1980,true,,,existia
1500909,Augusto Corrêa,1980,true,,,existia
1501006,Aveiro,1980,true,,,existia
1501105,Bagre,1980,true,,,existia
1501204,Baião,1980,true,,,existia
1501303,Barcarena,1980,true,,,existia
1501402,Belém,1980,true,,,existia
1501501,Benevides,1980,true,,,existia
1501600,Bonito,1980,true,,,existia
1501709,Bragança,1980,true,,,existia
1501808,Breves,1980,true,,,existia
1501907,Bujaru,1980,true,,,existia
1502004,Cachoeira do Arari,1980,true,,,existia
1502103,Cametá,1980,true,,,existia
1502202,Capanema,1980,true,,,existia
1502301,Capitão Poço,1980,true,,,existia
1502400,Castanhal,1980,true,,,existia
1502509,Chaves,1980,true,,,existia
1502608,Colares,1980,true,,,existia
1502707,Conceição do Araguaia,1980,true,,,existia
1502806,Curralinho,1980,true,,,existia
1502905,Curuçá,1980,true,,,existia
1503002,Faro,1980,true,,,existia
1503101,Gurupá,1980,true,,,existia
1503200,Igarapé-Açu,1980,true,,,existia
1503309,Igarapé-Miri,1980,true,,,existia
1503408,Inhangapi,1980,true,,,existia
1503507,Irituia,1980,true,,,existia
1503606,Itaituba,1980,true,,,existia
1503705,Itupiranga,1980,true,,,existia
1503804,Jacundá,1980,true,,,existia
1503903,Juruti,1980,true,,,existia
1504000,Limoeiro do Ajuru,1980,true,,,existia
1504109,Magalhães Barata,1980,true,,,existia
1504208,Marabá,1980,true,,,existia
1504307,Maracanã,1980,true,,,existia
1504406,Marapanim,1980,true,,,existia
1504505,Melgaço,1980,true,,,existia
1504604,Mocajuba,1980,true,,,existia
1504703,Moju,1980,true,,,existia
1504802,Monte Alegre,1980,true,,,existia
1504901,Muaná,1980,true,,,existia
1505007,Nova Timboteua,1980,true,,,existia
1505106,Óbidos,1980,true,,,existia
1505205,Oeiras do Pará,1980,true,,,existia
1505304,Oriximiná,1980,true,,,existia
1505403,Ourém,1980,true,,,existia
1505502,Paragominas,1980,true,,,existia
1505601,Peixe-Boi,1980,true,,,existia
1505700,Ponta de Pedras,1980,true,,,existia
1505809,Portel,1980,true,,,existia
1505908,Porto de Moz,1980,true,,,existia
1506005,Prainha,1980,true,,,existia
1506104,Primavera,1980,true,,,existia
1506203,Salinópolis,1980,true,,,existia
1506302,Salvaterra,1980,true,,,existia
1506401,Santa Cruz do Arari,1980,true,,,existia
1506500,Santa Izabel do Pará,1980,true,,,existia
1506609,Santa Maria do Pará,1980,true,,,existia
1506708,Santana do Araguaia,1980,true,,,existia
1506807,Santarém,1980,true,,,existia
1506906,Santarém Novo,1980,true,,,existia
1507003,Santo Antônio do Tauá,1980,true,,,existia
1507102,São Caetano de Odivelas,1980,true,,,existia
1507201,São Domingos do Capim,1980,true,,,existia
1507300,São Félix do Xingu,1980,true,,,existia
1507409,São Francisco do Pará,1980,true,,,existia
1507508,São João do Araguaia,1980,true,,,existia
1507607,São Miguel do Guamá,1980,true,,,existia
1507706,São Sebastião da Boa Vista,1980,true,,,existia
1507805,Senador José Porfírio,1980,true,,,existia
1507904,Soure,1980,true,,,existia
1508001,Tomé-Açu,1980,true,,,existia
1508100,Tucuruí,1980,true,,,existia
1508209,Vigia,1980,true,,,existia
1508308,Viseu,1980,true,,,existia
1600105,Amapá,1980,true,,,existia
1600204,Calçoene,1980,true,,,existia
1600303,Macapá,1980,true,,,existia
1600402,Mazagão,1980,true,,,existia
1600501,Oiapoque,1980,true,,,existia
2100105,Afonso Cunha,1980,true,,,existia
2100204,Alcântara,1980,true,,,existia
2100303,Aldeias Altas,1980,true,,,existia
2100402,Altamira do Maranhão,1980,true,,,existia
2100501,Alto Parnaíba,1980,true,,,existia
2100600,Amarante do Maranhão,1980,true,,,existia
2100709,Anajatuba,1980,true,,,existia
2100808,Anapurus,1980,true,,,existia
2100907,Araioses,1980,true,,,existia
2101004,Arari,1980,true,,,existia
2101103,Axixá,1980,true,,,existia
2101202,Bacabal,1980,true,,,existia
2101301,Bacuri,1980,true,,,existia
2101400,Balsas,1980,true,,,existia
2101509,Barão de Grajaú,1980,true,,,existia
2101608,Barra do Corda,1980,true,,,existia
2101707,Barreirinhas,1980,true,,,existia
2101806,Benedito Leite,1980,true,,,existia
2101905,Bequimão,1980,true,,,existia
2102002,Bom Jardim,1980,true,,,existia
2102101,Brejo,1980,true,,,existia
2102200,Buriti,1980,true,,,existia
2102309,Buriti Bravo,1980,true,,,existia
2102408,Cajapió,1980,true,,,existia
2102507,Cajari,1980,true,,,existia
2102606,Cândido Mendes,1980,true,,,existia
2102705,Cantanhede,1980,true,,,existia
2102804,Carolina,1980,true,,,existia
2102903,Carutapera,1980,true,,,existia
2103000,Caxias,1980,true,,,existia
2103109,Cedral,1980,true,,,existia
2103208,Chapadinha,1980,true,,,existia
2103307,Codó,1980,true,,,existia
2103406,Coelho Neto,1980,true,,,existia
2103505,Colinas,1980,true,,,existia
2103604,Coroatá,1980,true,,,existia
2103703,Cururupu,1980,true,,,existia
2103802,Dom Pedro,1980,true,,,existia
2103901,Duque Bacelar,1980,true,,,existia
2104008,Esperantinópolis,1980,true,,,existia
2104107,Fortaleza dos Nogueiras,1980,true,,,existia
2104206,Fortuna,1980,true,,,existia
2104305,Godofredo Viana,1980,true,,,existia
2104404,Gonçalves Dias,1980,true,,,existia
2104503,Governador Archer,1980,true,,,existia
2104602,Governador Eugênio Barros,1980,true,,,existia
2104701,Graça Aranha,1980,true,,,existia
2104800,Grajaú,1980,true,,,existia
2104909,Guimarães,1980,true,,,existia
2105005,Humberto de Campos,1980,true,,,existia
2105104,Icatu,1980,true,,,existia
2105203,Igarapé Grande,1980,true,,,existia
2105302,Imperatriz,1980,true,,,existia
2105401,Itapecuru Mirim,1980,true,,,existia
2105500,João Lisboa,1980,true,,,existia
2105609,Joselândia,1980,true,,,existia
2105708,Lago da Pedra,1980,true,,,existia
2105807,Lago do Junco,1980,true,,,existia
2105906,Lago Verde,1980,true,,,existia
2106003,Lima Campos,1980,true,,,existia
2106102,Loreto,1980,true,,,existia
2106201,Luís Domingues,1980,true,,,existia
2106300,Magalhães de Almeida,1980,true,,,existia
2106409,Mata Roma,1980,true,,,existia
2106508,Matinha,1980,true,,,existia
2106607,Matões,1980,true,,,existia
2106706,Mirador,1980,true,,,existia
2106805,Mirinzal,1980,true,,,existia
2106904,Monção,1980,true,,,existia
2107001,Montes Altos,1980,true,,,existia
2107100,Morros,1980,true,,,existia
2107209,Nina Rodrigues,1980,true,,,existia
2107308,Nova Iorque,1980,true,,,existia
2107407,Olho d'Água das Cunhãs,1980,true,,,existia
2107506,Paço do Lumiar,1980,true,,,existia
2107605,Palmeirândia,1980,true,,,existia
2107704,Paraibano,1980,true,,,existia
2107803,Parnarama,1980,true,,,existia
2107902,Passagem Franca,1980,true,,,existia
2108009,Pastos Bons,1980,true,,,existia
2108108,Paulo Ramos,1980,true,,,existia
2108207,Pedreiras,1980,true,,,existia
2108306,Penalva,1980,true,,,existia
2108405,Peri Mirim,1980,true,,,existia
2108504,Pindaré-Mirim,1980,true,,,existia
2108603,Pinheiro,1980,true,,,existia
2108702,Pio XII,1980,true,,,existia
2108801,Pirapemas,1980,true,,,existia
2108900,Poção de Pedras,1980,true,,,existia
2109007,Porto Franco,1980,true,,,existia
2109106,Presidente Dutra,1980,true,,,existia
2109205,Presidente Juscelino,1980,true,,,existia
2109304,Presidente Vargas,1980,true,,,existia
2109403,Primeira Cruz,1980,true,,,existia
2109502,Riachão,1980,true,,,existia
2109601,Rosário,1980,true,,,existia
2109700,Sambaíba,1980,true,,,existia
2109809,Santa Helena,1980,true,,,existia
2109908,Santa Inês,1980,true,,,existia
2110005,Santa Luzia,1980,true,,,existia
2110104,Santa Quitéria do Maranhão,1980,true,,,existia
2110203,Santa Rita,1980,true,,,existia
2110302,Santo Antônio dos Lopes,1980,true,,,existia
2110401,São Benedito do Rio Preto,1980,true,,,existia
2110500,São Bento,1980,true,,,existia
2110609,São Bernardo,1980,true,,,existia
2110708,São Domingos do Maranhão,1980,true,,,existia
2110807,São Félix de Balsas,1980,true,,,existia
2110906,São Francisco do Maranhão,1980,true,,,existia
2111003,São João Batista,1980,true,,,existia
2111102,São João dos Patos,1980,true,,,existia
2111201,São José de Ribamar,1980,true,,,existia
2111300,São Luís,1980,true,,,existia
2111409,São Luís Gonzaga do Maranhão,1980,true,,,existia
2111508,São Mateus do Maranhão,1980,true,,,existia
2111607,São Raimundo das Mangabeiras,1980,true,,,existia
2111706,São Vicente Ferrer,1980,true,,,existia
2111805,Sítio Novo,1980,true,,,existia
2111904,Sucupira do Norte,1980,true,,,existia
2112001,Tasso Fragoso,1980,true,,,existia
2112100,Timbiras,1980,true,,,existia
2112209,Timon,1980,true,,,existia
2112308,Tuntum,1980,true,,,existia
2112407,Turiaçu,1980,true,,,existia
2112506,Tutóia,1980,true,,,existia
2112605,Urbano Santos,1980,true,,,existia
2112704,Vargem Grande,1980,true,,,existia
2112803,Viana,1980,true,,,existia
2112902,Vitória do Mearim,1980,true,,,existia
2113009,Vitorino Freire,1980,true,,,existia
2200103,Agricolândia,1980,true,,,existia
2200202,Água Branca,1980,true,,,existia
2200301,Alto Longá,1980,true,,,existia
2200400,Altos,1980,true,,,existia
2200509,Amarante,1980,true,,,existia
2200608,Angical do Piauí,1980,true,,,existia
2200707,Anísio de Abreu,1980,true,,,existia
2200806,Antônio Almeida,1980,true,,,existia
2200905,Aroazes,1980,true,,,existia
2201002,Arraial,1980,true,,,existia
2201101,Avelino Lopes,1980,true,,,existia
2201200,Barras,1980,true,,,existia
2201309,Barreiras do Piauí,1980,true,,,existia
2201408,Barro Duro,1980,true,,,existia
2201507,Batalha,1980,true,,,existia
2201606,Beneditinos,1980,true,,,existia
2201705,Bertolínia,1980,true,,,existia
2201804,Bocaina,1980,true,,,existia
2201903,Bom Jesus,1980,true,,,existia
2202000,Buriti dos Lopes,1980,true,,,existia
2202109,Campinas do Piauí,1980,true,,,existia
2202208,Campo Maior,1980,true,,,existia
2202307,Canto do Buriti,1980,true,,,existia
2202406,Capitão de Campos,1980,true,,,existia
2202505,Caracol,1980,true,,,existia
2202604,Castelo do Piauí,1980,true,,,existia
2202703,Cocal,1980,true,,,existia
2202802,Conceição do Canindé,1980,true,,,existia
2202901,Corrente,1980,true,,,existia
2203008,Cristalândia do Piauí,1980,true,,,existia
2203107,Cristino Castro,1980,true,,,existia
2203206,Curimatá,1980,true,,,existia
2203305,Demerval Lobão,1980,true,,,existia
2203404,Dom Expedito Lopes,1980,true,,,existia
2203420,Domingos Mourão,1980,true,,,existia
2203503,Elesbão Veloso,1980,true,,,existia
2203602,Eliseu Martins,1980,true,,,existia
2203701,Esperantina,1980,true,,,existia
2203800,Flores do Piauí,1980,true,,,existia
2203909,Floriano,1980,true,,,existia
2204006,Francinópolis,1980,true,,,existia
2204105,Francisco Ayres,1980,true,,,existia
2204204,Francisco Santos,1980,true,,,existia
2204303,Fronteiras,1980,true,,,existia
2204402,Gilbués,1980,true,,,existia
2204501,Guadalupe,1980,true,,,existia
2204600,Hugo Napoleão,1980,true,,,existia
2204709,Inhuma,1980,true,,,existia
2204808,Ipiranga do Piauí,1980,true,,,existia
2204907,Isaías Coelho,1980,true,,,existia
2205003,Itainópolis,1980,true,,,existia
2205102,Itaueira,1980,true,,,existia
2205201,Jaicós,1980,true,,,existia
2205300,Jerumenha,1980,true,,,existia
2205409,Joaquim Pires,1980,true,,,existia
2205508,José de Freitas,1980,true,,,existia
2205607,Landri Sales,1980,true,,,existia
2205706,Luís Correia,1980,true,,,existia
2205805,Luzilândia,1980,true,,,existia
2205904,Manoel Emídio,1980,true,,,existia
2206001,Marcos Parente,1980,true,,,existia
2206100,Matias Olímpio,1980,true,,,existia
2206209,Miguel Alves,1980,true,,,existia
2206308,Miguel Leão,1980,true,,,existia
2206407,Monsenhor Gil,1980,true,,,existia
2206506,Monsenhor Hipólito,1980,true,,,existia
2206605,Monte Alegre do Piauí,1980,true,,,existia
2206704,Nazaré do Piauí,1980,true,,,existia
2206803,Nossa Senhora dos Remédios,1980,true,,,existia
2206902,Novo Oriente do Piauí,1980,true,,,existia
2207009,Oeiras,1980,true,,,existia
2207207,Padre Marcos,1980,true,,,existia
2207306,Paes Landim,1980,true,,,existia
2207405,Palmeira do Piauí,1980,true,,,existia
2207504,Palmeirais,1980,true,,,existia
2207603,Parnaguá,1980,true,,,existia
2207702,Parnaíba,1980,true,,,existia
2207801,Paulistana,1980,true,,,existia
2207900,Pedro II,1980,true,,,existia
2208007,Picos,1980,true,,,existia
2208106,Pimenteiras,1980,true,,,existia
2208205,Pio IX,1980,true,,,existia
2208304,Piracuruca,1980,true,,,existia
2208403,Piripiri,1980,true,,,existia
2208502,Porto,1980,true,,,existia
2208601,Prata do Piauí,1980,true,,,existia
2208700,Redenção do Gurguéia,1980,true,,,existia
2208809,Regeneração,1980,true,,,existia
2208908,Ribeiro Gonçalves,1980,true,,,existia
2209005,Rio Grande do Piauí,1980,true,,,existia
2209104,Santa Cruz do Piauí,1980,true,,,existia
2209203,Santa Filomena,1980,true,,,existia
2209302,Santa Luz,1980,true,,,existia
2209401,Santo Antônio de Lisboa,1980,true,,,existia
2209500,Santo Inácio do Piauí,1980,true,,,existia
2209609,São Félix do Piauí,1980,true,,,existia
2209708,São Francisco do Piauí,1980,true,,,existia
2209807,São Gonçalo do Piauí,1980,true,,,existia
2209906,São João da Serra,1980,true,,,existia
2210003,São João do Piauí,1980,true,,,existia
2210102,São José do Peixe,1980,true,,,existia
2210201,São José do Piauí,1980,true,,,existia
2210300,São Julião,1980,true,,,existia
2210409,São Miguel do Tapuio,1980,true,,,existia
2210508,São Pedro do Piauí,1980,true,,,existia
2210607,São Raimundo Nonato,1980,true,,,existia
2210706,Simões,1980,true,,,existia
2210805,Simplício Mendes,1980,true,,,existia
2210904,Socorro do Piauí,1980,true,,,existia
2211001,Teresina,1980,true,,,existia
2211100,União,1980,true,,,existia
2211209,Uruçuí,1980,true,,,existia
2211308,Valença do Piauí,1980,true,,,existia
2211407,Várzea Grande,1980,true,,,existia
2300101,Abaiara,1980,true,,,existia
2300200,Acaraú,1980,true,,,existia
2300309,Acopiara,1980,true,,,existia
2300408,Aiuaba,1980,true,,,existia
2300507,Alcântaras,1980,true,,,existia
2300606,Altaneira,1980,true,,,existia
2300705,Alto Santo,1980,true,,,existia
2300804,Antonina do Norte,1980,true,,,existia
2300903,Apuiarés,1980,true,,,existia
2301000,Aquiraz,1980,true,,,existia
2301109,Aracati,1980,true,,,existia
2301208,Aracoiaba,1980,true,,,existia
2301307,Araripe,1980,true,,,existia
2301406,Aratuba,1980,true,,,existia
2301505,Arneiroz,1980,true,,,existia
2301604,Assaré,1980,true,,,existia
2301703,Aurora,1980,true,,,existia
2301802,Baixio,1980,true,,,existia
2301901,Barbalha,1980,true,,,existia
2302008,Barro,1980,true,,,existia
2302107,Baturité,1980,true,,,existia
2302206,Beberibe,1980,true,,,existia
2302305,Bela Cruz,1980,true,,,existia
2302404,Boa Viagem,1980,true,,,existia
2302503,Brejo Santo,1980,true,,,existia
2302602,Camocim,1980,true,,,existia
2302701,Campos Sales,1980,true,,,existia
2302800,Canindé,1980,true,,,existia
2302909,Capistrano,1980,true,,,existia
2303006,Caridade,1980,true,,,existia
2303105,Cariré,1980,true,,,existia
2303204,Caririaçu,1980,true,,,existia
2303303,Cariús,1980,true,,,existia
2303402,Carnaubal,1980,true,,,existia
2303501,Cascavel,1980,true,,,existia
2303600,Catarina,1980,true,,,existia
2303709,Caucaia,1980,true,,,existia
2303808,Cedro,1980,true,,,existia
2303907,Chaval,1980,true,,,existia
2304004,Coreaú,1980,true,,,existia
2304103,Crateús,1980,true,,,existia
2304202,Crato,1980,true,,,existia
2304301,Farias Brito,1980,true,,,existia
2304400,Fortaleza,1980,true,,,existia
2304509,Frecheirinha,1980,true,,,existia
2304608,General Sampaio,1980,true,,,existia
2304707,Granja,1980,true,,,existia
2304806,Granjeiro,1980,true,,,existia
2304905,Groaíras,1980,true,,,existia
2305001,Guaraciaba do Norte,1980,true,,,existia
2305100,Guaramiranga,1980,true,,,existia
2305209,Hidrolândia,1980,true,,,existia
2305308,Ibiapina,1980,true,,,existia
2305407,Icó,1980,true,,,existia
2305506,Iguatu,1980,true,,,existia
2305605,Independência,1980,true,,,existia
2305704,Ipaumirim,1980,true,,,existia
2305803,Ipu,1980,true,,,existia
2305902,Ipueiras,1980,true,,,existia
2306009,Iracema,1980,true,,,existia
2306108,Irauçuba,1980,true,,,existia
2306207,Itaiçaba,1980,true,,,existia
2306306,Itapajé,1980,true,,,existia
2306405,Itapipoca,1980,true,,,existia
2306504,Itapiúna,1980,true,,,existia
2306603,Itatira,1980,true,,,existia
2306702,Jaguaretama,1980,true,,,existia
2306801,Jaguaribara,1980,true,,,existia
2306900,Jaguaribe,1980,true,,,existia
2307007,Jaguaruana,1980,true,,,existia
2307106,Jardim,1980,true,,,existia
2307205,Jati,1980,true,,,existia
2307304,Juazeiro do Norte,1980,true,,,existia
2307403,Jucás,1980,true,,,existia
2307502,Lavras da Mangabeira,1980,true,,,existia
2307601,Limoeiro do Norte,1980,true,,,existia
2307700,Maranguape,1980,true,,,existia
2307809,Marco,1980,true,,,existia
2307908,Martinópole,1980,true,,,existia
2308005,Massapê,1980,true,,,existia
2308104,Mauriti,1980,true,,,existia
2308203,Meruoca,1980,true,,,existia
2308302,Milagres,1980,true,,,existia
2308401,Missão Velha,1980,true,,,existia
2308500,Mombaça,1980,true,,,existia
2308609,Monsenhor Tabosa,1980,true,,,existia
2308708,Morada Nova,1980,true,,,existia
2308807,Moraújo,1980,true,,,existia
2308906,Morrinhos,1980,true,,,existia
2309003,Mucambo,1980,true,,,existia
2309102,Mulungu,1980,true,,,existia
2309201,Nova Olinda,1980,true,,,existia
2309300,Nova Russas,1980,true,,,existia
2309409,Novo Oriente,1980,true,,,existia
2309508,Orós,1980,true,,,existia
2309607,Pacajus,1980,true,,,existia
2309706,Pacatuba,1980,true,,,existia
2309805,Pacoti,1980,true,,,existia
2309904,Pacujá,1980,true,,,existia
2310001,Palhano,1980,true,,,existia
2310100,Palmácia,1980,true,,,existia
2310209,Paracuru,1980,true,,,existia
2310308,Parambu,1980,true,,,existia
2310407,Paramoti,1980,true,,,existia
2310506,Pedra Branca,1980,true,,,existia
2310605,Penaforte,1980,true,,,existia
2310704,Pentecoste,1980,true,,,existia
2310803,Pereiro,1980,true,,,existia
2310902,Piquet Carneiro,1980,true,,,existia
2311009,Poranga,1980,true,,,existia
2311108,Porteiras,1980,true,,,existia
2311207,Potengi,1980,true,,,existia
2311306,Quixadá,1980,true,,,existia
2311405,Quixeramobim,1980,true,,,existia
2311504,Quixeré,1980,true,,,existia
2311603,Redenção,1980,true,,,existia
2311702,Reriutaba,1980,true,,,existia
2311801,Russas,1980,true,,,existia
2311900,Saboeiro,1980,true,,,existia
2312007,Santana do Acaraú,1980,true,,,existia
2312106,Santana do Cariri,1980,true,,,existia
2312205,Santa Quitéria,1980,true,,,existia
2312304,São Benedito,1980,true,,,existia
2312403,São Gonçalo do Amarante,1980,true,,,existia
2312502,São João do Jaguaribe,1980,true,,,existia
2312601,São Luís do Curu,1980,true,,,existia
2312700,Senador Pompeu,1980,true,,,existia
2312809,Senador Sá,1980,true,,,existia
2312908,Sobral,1980,true,,,existia
2313005,Solonópole,1980,true,,,existia
2313104,Tabuleiro do Norte,1980,true,,,existia
2313203,Tamboril,1980,true,,,existia
2313302,Tauá,1980,true,,,existia
2313401,Tianguá,1980,true,,,existia
2313500,Trairi,1980,true,,,existia
2313609,Ubajara,1980,true,,,existia
2313708,Umari,1980,true,,,existia
2313807,Uruburetama,1980,true,,,existia
2313906,Uruoca,1980,true,,,existia
2314003,Várzea Alegre,1980,true,,,existia
2314102,Viçosa do Ceará,1980,true,,,existia
2400109,Acari,1980,true,,,existia
2400208,Açu,1980,true,,,existia
2400307,Afonso Bezerra,1980,true,,,existia
2400406,Água Nova,1980,true,,,existia
2400505,Alexandria,1980,true,,,existia
2400604,Almino Afonso,1980,true,,,existia
2400703,Alto do Rodrigues,1980,true,,,existia
2400802,Angicos,1980,true,,,existia
2400901,Antônio Martins,1980,true,,,existia
2401008,Apodi,1980,true,,,existia
2401107,Areia Branca,1980,true,,,existia
2401206,Arês,1980,true,,,existia
2401305,Campo Grande,1980,true,,,existia
2401404,Baía Formosa,1980,true,,,existia
2401503,Barcelona,1980,true,,,existia
2401602,Bento Fernandes,1980,true,,,existia
2401701,Bom Jesus,1980,true,,,existia
2401800,Brejinho,1980,true,,,existia
2401909,Caiçara do Rio do Vento,1980,true,,,existia
2402006,Caicó,1980,true,,,existia
2402105,Campo Redondo,1980,true,,,existia
2402204,Canguaretama,1980,true,,,existia
2402303,Caraúbas,1980,true,,,existia
2402402,Carnaúba dos Dantas,1980,true,,,existia
2402501,Carnaubais,1980,true,,,existia
2402600,Ceará-Mirim,1980,true,,,existia
2402709,Cerro Corá,1980,true,,,existia
2402808,Coronel Ezequiel,1980,true,,,existia
2402907,Coronel João Pessoa,1980,true,,,existia
2403004,Cruzeta,1980,true,,,existia
2403103,Currais Novos,1980,true,,,existia
2403202,Doutor Severiano,1980,true,,,existia
2403251,Parnamirim,1980,true,,,existia
2403301,Encanto,1980,true,,,existia
2403400,Equador,1980,true,,,existia
2403509,Espírito Santo,1980,true,,,existia
2403608,Extremoz,1980,true,,,existia
2403707,Felipe Guerra,1980,true,,,existia
2403806,Florânia,1980,true,,,existia
2403905,Francisco Dantas,1980,true,,,existia
2404002,Frutuoso Gomes,1980,true,,,existia
2404101,Galinhos,1980,true,,,existia
2404200,Goianinha,1980,true,,,existia
2404309,Governador Dix-Sept Rosado,1980,true,,,existia
2404408,Grossos,1980,true,,,existia
2404507,Guamaré,1980,true,,,existia
2404606,Ielmo Marinho,1980,true,,,existia
2404705,Ipanguaçu,1980,true,,,existia
2404804,Ipueira,1980,true,,,existia
2404903,Itaú,1980,true,,,existia
2405009,Jaçanã,1980,true,,,existia
2405108,Jandaíra,1980,true,,,existia
2405207,Janduís,1980,true,,,existia
2405306,Januário Cicco,1980,true,,,existia
2405405,Japi,1980,true,,,existia
2405504,Jardim de Angicos,1980,true,,,existia
2405603,Jardim de Piranhas,1980,true,,,existia
2405702,Jardim do Seridó,1980,true,,,existia
2405801,João Câmara,1980,true,,,existia
2405900,João Dias,1980,true,,,existia
2406007,José da Penha,1980,true,,,existia
2406106,Jucurutu,1980,true,,,existia
2406205,Lagoa d'Anta,1980,true,,,existia
2406304,Lagoa de Pedras,1980,true,,,existia
2406403,Lagoa de Velhos,1980,true,,,existia
2406502,Lagoa Nova,1980,true,,,existia
2406601,Lagoa Salgada,1980,true,,,existia
2406700,Lajes,1980,true,,,existia
2406809,Lajes Pintadas,1980,true,,,existia
2406908,Lucrécia,1980,true,,,existia
2407005,Luís Gomes,1980,true,,,existia
2407104,Macaíba,1980,true,,,existia
2407203,Macau,1980,true,,,existia
2407302,Marcelino Vieira,1980,true,,,existia
2407401,Martins,1980,true,,,existia
2407500,Maxaranguape,1980,true,,,existia
2407609,Messias Targino,1980,true,,,existia
2407708,Montanhas,1980,true,,,existia
2407807,Monte Alegre,1980,true,,,existia
2407906,Monte das Gameleiras,1980,true,,,existia
2408003,Mossoró,1980,true,,,existia
2408102,Natal,1980,true,,,existia
2408201,Nísia Floresta,1980,true,,,existia
2408300,Nova Cruz,1980,true,,,existia
2408409,Olho d'Água do Borges,1980,true,,,existia
2408508,Ouro Branco,1980,true,,,existia
2408607,Paraná,1980,true,,,existia
2408706,Paraú,1980,true,,,existia
2408805,Parazinho,1980,true,,,existia
2408904,Parelhas,1980,true,,,existia
2409100,Passa e Fica,1980,true,,,existia
2409209,Passagem,1980,true,,,existia
2409308,Patu,1980,true,,,existia
2409407,Pau dos Ferros,1980,true,,,existia
2409506,Pedra Grande,1980,true,,,existia
2409605,Pedra Preta,1980,true,,,existia
2409704,Pedro Avelino,1980,true,,,existia
2409803,Pedro Velho,1980,true,,,existia
2409902,Pendências,1980,true,,,existia
2410009,Pilões,1980,true,,,existia
2410108,Poço Branco,1980,true,,,existia
2410207,Portalegre,1980,true,,,existia
2410306,Serra Caiada,1980,true,,,existia
2410405,Pureza,1980,true,,,existia
2410504,Rafael Fernandes,1980,true,,,existia
2410603,Rafael Godeiro,1980,true,,,existia
2410702,Riacho da Cruz,1980,true,,,existia
2410801,Riacho de Santana,1980,true,,,existia
2410900,Riachuelo,1980,true,,,existia
2411007,Rodolfo Fernandes,1980,true,,,existia
2411106,Ruy Barbosa,1980,true,,,existia
2411205,Santa Cruz,1980,true,,,existia
2411403,Santana do Matos,1980,true,,,existia
2411429,Santana do Seridó,1980,true,,,existia
2411502,Santo Antônio,1980,true,,,existia
2411601,São Bento do Norte,1980,true,,,existia
2411700,São Bento do Trairí,1980,true,,,existia
2411809,São Fernando,1980,true,,,existia
2411908,São Francisco do Oeste,1980,true,,,existia
2412005,São Gonçalo do Amarante,1980,true,,,existia
2412104,São João do Sabugi,1980,true,,,existia
2412203,São José de Mipibu,1980,true,,,existia
2412302,São José do Campestre,1980,true,,,existia
2412401,São José do Seridó,1980,true,,,existia
2412500,São Miguel,1980,true,,,existia
2412609,São Paulo do Potengi,1980,true,,,existia
2412708,São Pedro,1980,true,,,existia
2412807,São Rafael,1980,true,,,existia
2412906,São Tomé,1980,true,,,existia
2413003,São Vicente,1980,true,,,existia
2413102,Senador Elói de Souza,1980,true,,,existia
2413201,Senador Georgino Avelino,1980,true,,,existia
2413300,Serra de São Bento,1980,true,,,existia
2413409,Serra Negra do Norte,1980,true,,,existia
2413508,Serrinha,1980,true,,,existia
2413607,Severiano Melo,1980,true,,,existia
2413706,Sítio Novo,1980,true,,,existia
2413805,Taboleiro Grande,1980,true,,,existia
2413904,Taipu,1980,true,,,existia
2414001,Tangará,1980,true,,,existia
2414100,Tenente Ananias,1980,true,,,existia
2414209,Tibau do Sul,1980,true,,,existia
2414308,Timbaúba dos Batistas,1980,true,,,existia
2414407,Touros,1980,true,,,existia
2414506,Umarizal,1980,true,,,existia
2414605,Upanema,1980,true,,,existia
2414704,Várzea,1980,true,,,existia
2414803,Vera Cruz,1980,true,,,existia
2414902,Viçosa,1980,true,,,existia
2415008,Vila Flor,1980,true,,,existia
2500106,Água Branca,1980,true,,,existia
2500205,Aguiar,1980,true,,,existia
2500304,Alagoa Grande,1980,true,,,existia
2500403,Alagoa Nova,1980,true,,,existia
2500502,Alagoinha,1980,true,,,existia
2500601,Alhandra,1980,true,,,existia
2500700,São João do Rio do Peixe,1980,true,,,existia
2500809,Araçagi,1980,true,,,existia
2500908,Arara,1980,true,,,existia
2501005,Araruna,1980,true,,,existia
2501104,Areia,1980,true,,,existia
2501203,Areial,1980,true,,,existia
2501302,Aroeiras,1980,true,,,existia
2501401,Baía da Traição,1980,true,,,existia
2501500,Bananeiras,1980,true,,,existia
2501609,Barra de Santa Rosa,1980,true,,,existia
2501708,Barra de São Miguel,1980,true,,,existia
2501807,Bayeux,1980,true,,,existia
2501906,Belém,1980,true,,,existia
2502003,Belém do Brejo do Cruz,1980,true,,,existia
2502102,Boa Ventura,1980,true,,,existia
2502201,Bom Jesus,1980,true,,,existia
2502300,Bom Sucesso,1980,true,,,existia
2502409,Bonito de Santa Fé,1980,true,,,existia
2502508,Boqueirão,1980,true,,,existia
2502607,Igaracy,1980,true,,,existia
2502706,Borborema,1980,true,,,existia
2502805,Brejo do Cruz,1980,true,,,existia
2502904,Brejo dos Santos,1980,true,,,existia
2503001,Caaporã,1980,true,,,existia
2503100,Cabaceiras,1980,true,,,existia
2503209,Cabedelo,1980,true,,,existia
2503308,Cachoeira dos Índios,1980,true,,,existia
2503407,Cacimba de Areia,1980,true,,,existia
2503506,Cacimba de Dentro,1980,true,,,existia
2503605,Caiçara,1980,true,,,existia
2503704,Cajazeiras,1980,true,,,existia
2503803,Caldas Brandão,1980,true,,,existia
2503902,Camalaú,1980,true,,,existia
2504009,Campina Grande,1980,true,,,existia
2504108,Carrapateira,1980,true,,,existia
2504207,Catingueira,1980,true,,,existia
2504306,Catolé do Rocha,1980,true,,,existia
2504405,Conceição,1980,true,,,existia
2504504,Condado,1980,true,,,existia
2504603,Conde,1980,true,,,existia
2504702,Congo,1980,true,,,existia
2504801,Coremas,1980,true,,,existia
2504900,Cruz do Espírito Santo,1980,true,,,existia
2505006,Cubati,1980,true,,,existia
2505105,Cuité,1980,true,,,existia
2505204,Cuitegi,1980,true,,,existia
2505303,Curral Velho,1980,true,,,existia
2505402,Desterro,1980,true,,,existia
2505501,Vista Serrana,1980,true,,,existia
2505600,Diamante,1980,true,,,existia
2505709,Dona Inês,1980,true,,,existia
2505808,Duas Estradas,1980,true,,,existia
2505907,Emas,1980,true,,,existia
2506004,Esperança,1980,true,,,existia
2506103,Fagundes,1980,true,,,existia
2506202,Frei Martinho,1980,true,,,existia
2506301,Guarabira,1980,true,,,existia
2506400,Gurinhém,1980,true,,,existia
2506509,Gurjão,1980,true,,,existia
2506608,Ibiara,1980,true,,,existia
2506707,Imaculada,1980,true,,,existia
2506806,Ingá,1980,true,,,existia
2506905,Itabaiana,1980,true,,,existia
2507002,Itaporanga,1980,true,,,existia
2507101,Itapororoca,1980,true,,,existia
2507200,Itatuba,1980,true,,,existia
2507309,Jacaraú,1980,true,,,existia
2507408,Jericó,1980,true,,,existia
2507507,João Pessoa,1980,true,,,existia
2507606,Juarez Távora,1980,true,,,existia
2507705,Juazeirinho,1980,true,,,existia
2507804,Junco do Seridó,1980,true,,,existia
2507903,Juripiranga,1980,true,,,existia
2508000,Juru,1980,true,,,existia
2508109,Lagoa,1980,true,,,existia
2508208,Lagoa de Dentro,1980,true,,,existia
2508307,Lagoa Seca,1980,true,,,existia
2508406,Lastro,1980,true,,,existia
2508505,Livramento,1980,true,,,existia
2508604,Lucena,1980,true,,,existia
2508703,Mãe d'Água,1980,true,,,existia
2508802,Malta,1980,true,,,existia
2508901,Mamanguape,1980,true,,,existia
2509008,Manaíra,1980,true,,,existia
2509107,Mari,1980,true,,,existia
2509206,Massaranduba,1980,true,,,existia
2509305,Mataraca,1980,true,,,existia
2509404,Mogeiro,1980,true,,,existia
2509503,Montadas,1980,true,,,existia
2509602,Monte Horebe,1980,true,,,existia
2509701,Monteiro,1980,true,,,existia
2509800,Mulungu,1980,true,,,existia
2509909,Natuba,1980,true,,,existia
2510006,Nazarezinho,1980,true,,,existia
2510105,Nova Floresta,1980,true,,,existia
2510204,Nova Olinda,1980,true,,,existia
2510303,Nova Palmeira,1980,true,,,existia
2510402,Olho d'Água,1980,true,,,existia
2510501,Olivedos,1980,true,,,existia
2510600,Ouro Velho,1980,true,,,existia
2510709,Passagem,1980,true,,,existia
2510808,Patos,1980,true,,,existia
2510907,Paulista,1980,true,,,existia
2511004,Pedra Branca,1980,true,,,existia
2511103,Pedra Lavrada,1980,true,,,existia
2511202,Pedras de Fogo,1980,true,,,existia
2511301,Piancó,1980,true,,,existia
2511400,Picuí,1980,true,,,existia
2511509,Pilar,1980,true,,,existia
2511608,Pilões,1980,true,,,existia
2511707,Pilõezinhos,1980,true,,,existia
2511806,Pirpirituba,1980,true,,,existia
2511905,Pitimbu,1980,true,,,existia
2512002,Pocinhos,1980,true,,,existia
2512101,Pombal,1980,true,,,existia
2512200,Prata,1980,true,,,existia
2512309,Princesa Isabel,1980,true,,,existia
2512408,Puxinanã,1980,true,,,existia
2512507,Queimadas,1980,true,,,existia
2512606,Quixaba,1980,true,,,existia
2512705,Remígio,1980,true,,,existia
2512804,Riacho dos Cavalos,1980,true,,,existia
2512903,Rio Tinto,1980,true,,,existia
2513000,Salgadinho,1980,true,,,existia
2513109,Salgado de São Félix,1980,true,,,existia
2513208,Santa Cruz,1980,true,,,existia
2513307,Santa Helena,1980,true,,,existia
2513406,Santa Luzia,1980,true,,,existia
2513505,Santana de Mangueira,1980,true,,,existia
2513604,Santana dos Garrotes,1980,true,,,existia
2513703,Santa Rita,1980,true,,,existia
2513802,Santa Teresinha,1980,true,,,existia
2513901,São Bento,1980,true,,,existia
2514008,São João do Cariri,1980,true,,,existia
2514107,São João do Tigre,1980,true,,,existia
2514206,São José da Lagoa Tapada,1980,true,,,existia
2514305,São José de Caiana,1980,true,,,existia
2514404,São José de Espinharas,1980,true,,,existia
2514503,São José de Piranhas,1980,true,,,existia
2514602,São José do Bonfim,1980,true,,,existia
2514701,São José do Sabugi,1980,true,,,existia
2514800,São José dos Cordeiros,1980,true,,,existia
2514909,São Mamede,1980,true,,,existia
2515005,São Miguel de Taipu,1980,true,,,existia
2515104,São Sebastião de Lagoa de Roça,1980,true,,,existia
2515203,São Sebastião do Umbuzeiro,1980,true,,,existia
2515302,Sapé,1980,true,,,existia
2515401,São Vicente do Seridó,1980,true,,,existia
2515500,Serra Branca,1980,true,,,existia
2515609,Serra da Raiz,1980,true,,,existia
2515708,Serra Grande,1980,true,,,existia
2515807,Serra Redonda,1980,true,,,existia
2515906,Serraria,1980,true,,,existia
2516003,Solânea,1980,true,,,existia
2516102,Soledade,1980,true,,,existia
2516201,Sousa,1980,true,,,existia
2516300,Sumé,1980,true,,,existia
2516409,Tacima,1980,true,,,existia
2516508,Taperoá,1980,true,,,existia
2516607,Tavares,1980,true,,,existia
2516706,Teixeira,1980,true,,,existia
2516805,Triunfo,1980,true,,,existia
2516904,Uiraúna,1980,true,,,existia
2517001,Umbuzeiro,1980,true,,,existia
2517100,Várzea,1980,true,,,existia
2600104,Afogados da Ingazeira,1980,true,,,existia
2600203,Afrânio,1980,true,,,existia
2600302,Agrestina,1980,true,,,existia
2600401,Água Preta,1980,true,,,existia
2600500,Águas Belas,1980,true,,,existia
2600609,Alagoinha,1980,true,,,existia
2600708,Aliança,1980,true,,,existia
2600807,Altinho,1980,true,,,existia
2600906,Amaraji,1980,true,,,existia
2601003,Angelim,1980,true,,,existia
2601102,Araripina,1980,true,,,existia
2601201,Arcoverde,1980,true,,,existia
2601300,Barra de Guabiraba,1980,true,,,existia
2601409,Barreiros,1980,true,,,existia
2601508,Belém de Maria,1980,true,,,existia
2601607,Belém do São Francisco,1980,true,,,existia
2601706,Belo Jardim,1980,true,,,existia
2601805,Betânia,1980,true,,,existia
2601904,Bezerros,1980,true,,,existia
2602001,Bodocó,1980,true,,,existia
2602100,Bom Conselho,1980,true,,,existia
2602209,Bom Jardim,1980,true,,,existia
2602308,Bonito,1980,true,,,existia
2602407,Brejão,1980,true,,,existia
2602506,Brejinho,1980,true,,,existia
2602605,Brejo da Madre de Deus,1980,true,,,existia
2602704,Buenos Aires,1980,true,,,existia
2602803,Buíque,1980,true,,,existia
2602902,Cabo de Santo Agostinho,1980,true,,,existia
2603009,Cabrobó,1980,true,,,existia
2603108,Cachoeirinha,1980,true,,,existia
2603207,Caetés,1980,true,,,existia
2603306,Calçado,1980,true,,,existia
2603405,Calumbi,1980,true,,,existia
2603504,Camocim de São Félix,1980,true,,,existia
2603603,Camutanga,1980,true,,,existia
2603702,Canhotinho,1980,true,,,existia
2603801,Capoeiras,1980,true,,,existia
2603900,Carnaíba,1980,true,,,existia
2604007,Carpina,1980,true,,,existia
2604106,Caruaru,1980,true,,,existia
2604205,Catende,1980,true,,,existia
2604304,Cedro,1980,true,,,existia
2604403,Chã de Alegria,1980,true,,,existia
2604502,Chã Grande,1980,true,,,existia
2604601,Condado,1980,true,,,existia
2604700,Correntes,1980,true,,,existia
2604809,Cortês,1980,true,,,existia
2604908,Cumaru,1980,true,,,existia
2605004,Cupira,1980,true,,,existia
2605103,Custódia,1980,true,,,existia
2605202,Escada,1980,true,,,existia
2605301,Exu,1980,true,,,existia
2605400,Feira Nova,1980,true,,,existia
2605459,Fernando de Noronha,1980,true,,,existia
2605509,Ferreiros,1980,true,,,existia
2605608,Flores,1980,true,,,existia
2605707,Floresta,1980,true,,,existia
2605806,Frei Miguelinho,1980,true,,,existia
2605905,Gameleira,1980,true,,,existia
2606002,Garanhuns,1980,true,,,existia
2606101,Glória do Goitá,1980,true,,,existia
2606200,Goiana,1980,true,,,existia
2606309,Granito,1980,true,,,existia
2606408,Gravatá,1980,true,,,existia
2606507,Iati,1980,true,,,existia
2606606,Ibimirim,1980,true,,,existia
2606705,Ibirajuba,1980,true,,,existia
2606804,Igarassu,1980,true,,,existia
2606903,Iguaracy,1980,true,,,existia
2607000,Inajá,1980,true,,,existia
2607109,Ingazeira,1980,true,,,existia
2607208,Ipojuca,1980,true,,,existia
2607307,Ipubi,1980,true,,,existia
2607406,Itacuruba,1980,true,,,existia
2607505,Itaíba,1980,true,,,existia
2607604,Ilha de Itamaracá,1980,true,,,existia
2607653,Itambé,1980,true,,,existia
2607703,Itapetim,1980,true,,,existia
2607802,Itaquitinga,1980,true,,,existia
2607901,Jaboatão dos Guararapes,1980,true,,,existia
2608008,Jataúba,1980,true,,,existia
2608107,João Alfredo,1980,true,,,existia
2608206,Joaquim Nabuco,1980,true,,,existia
2608305,Jupi,1980,true,,,existia
2608404,Jurema,1980,true,,,existia
2608503,Lagoa de Itaenga,1980,true,,,existia
2608602,Lagoa do Ouro,1980,true,,,existia
2608701,Lagoa dos Gatos,1980,true,,,existia
2608800,Lajedo,1980,true,,,existia
2608909,Limoeiro,1980,true,,,existia
2609006,Macaparana,1980,true,,,existia
2609105,Machados,1980,true,,,existia
2609204,Maraial,1980,true,,,existia
2609303,Mirandiba,1980,true,,,existia
2609402,Moreno,1980,true,,,existia
2609501,Nazaré da Mata,1980,true,,,existia
2609600,Olinda,1980,true,,,existia
2609709,Orobó,1980,true,,,existia
2609808,Orocó,1980,true,,,existia
2609907,Ouricuri,1980,true,,,existia
2610004,Palmares,1980,true,,,existia
2610103,Palmeirina,1980,true,,,existia
2610202,Panelas,1980,true,,,existia
2610301,Paranatama,1980,true,,,existia
2610400,Parnamirim,1980,true,,,existia
2610509,Passira,1980,true,,,existia
2610608,Paudalho,1980,true,,,existia
2610707,Paulista,1980,true,,,existia
2610806,Pedra,1980,true,,,existia
2610905,Pesqueira,1980,true,,,existia
2611002,Petrolândia,1980,true,,,existia
2611101,Petrolina,1980,true,,,existia
2611200,Poção,1980,true,,,existia
2611309,Pombos,1980,true,,,existia
2611408,Primavera,1980,true,,,existia
2611507,Quipapá,1980,true,,,existia
2611606,Recife,1980,true,,,existia
2611705,Riacho das Almas,1980,true,,,existia
2611804,Ribeirão,1980,true,,,existia
2611903,Rio Formoso,1980,true,,,existia
2612000,Sairé,1980,true,,,existia
2612109,Salgadinho,1980,true,,,existia
2612208,Salgueiro,1980,true,,,existia
2612307,Saloá,1980,true,,,existia
2612406,Sanharó,1980,true,,,existia
2612505,Santa Cruz do Capibaribe,1980,true,,,existia
2612604,Santa Maria da Boa Vista,1980,true,,,existia
2612703,Santa Maria do Cambucá,1980,true,,,existia
2612802,Santa Terezinha,1980,true,,,existia
2612901,São Benedito do Sul,1980,true,,,existia
2613008,São Bento do Una,1980,true,,,existia
2613107,São Caitano,1980,true,,,existia
2613206,São João,1980,true,,,existia
2613305,São Joaquim do Monte,1980,true,,,existia
2613404,São José da Coroa Grande,1980,true,,,existia
2613503,São José do Belmonte,1980,true,,,existia
2613602,São José do Egito,1980,true,,,existia
2613701,São Lourenço da Mata,1980,true,,,existia
2613800,São Vicente Férrer,1980,true,,,existia
2613909,Serra Talhada,1980,true,,,existia
2614006,Serrita,1980,true,,,existia
2614105,Sertânia,1980,true,,,existia
2614204,Sirinhaém,1980,true,,,existia
2614303,Moreilândia,1980,true,,,existia
2614402,Solidão,1980,true,,,existia
2614501,Surubim,1980,true,,,existia
2614600,Tabira,1980,true,,,existia
2614709,Tacaimbó,1980,true,,,existia
2614808,Tacaratu,1980,true,,,existia
2615003,Taquaritinga do Norte,1980,true,,,existia
2615102,Terezinha,1980,true,,,existia
2615201,Terra Nova,1980,true,,,existia
2615300,Timbaúba,1980,true,,,existia
2615409,Toritama,1980,true,,,existia
2615508,Tracunhaém,1980,true,,,existia
2615607,Trindade,1980,true,,,existia
2615706,Triunfo,1980,true,,,existia
2615805,Tupanatinga,1980,true,,,existia
2615904,Tuparetama,1980,true,,,existia
2616001,Venturosa,1980,true,,,existia
2616100,Verdejante,1980,true,,,existia
2616209,Vertentes,1980,true,,,existia
2616308,Vicência,1980,true,,,existia
2616407,Vitória de Santo Antão,1980,true,,,existia
2700102,Água Branca,1980,true,,,existia
2700201,Anadia,1980,true,,,existia
2700300,Arapiraca,1980,true,,,existia
2700409,Atalaia,1980,true,,,existia
2700508,Barra de Santo Antônio,1980,true,,,existia
2700607,Barra de São Miguel,1980,true,,,existia
2700706,Batalha,1980,true,,,existia
2700805,Belém,1980,true,,,existia
2700904,Belo Monte,1980,true,,,existia
2701001,Boca da Mata,1980,true,,,existia
2701100,Branquinha,1980,true,,,existia
2701209,Cacimbinhas,1980,true,,,existia
2701308,Cajueiro,1980,true,,,existia
2701407,Campo Alegre,1980,true,,,existia
2701506,Campo Grande,1980,true,,,existia
2701605,Canapi,1980,true,,,existia
2701704,Capela,1980,true,,,existia
2701803,Carneiros,1980,true,,,existia
2701902,Chã Preta,1980,true,,,existia
2702009,Coité do Nóia,1980,true,,,existia
2702108,Colônia Leopoldina,1980,true,,,existia
2702207,Coqueiro Seco,1980,true,,,existia
2702306,Coruripe,1980,true,,,existia
2702405,Delmiro Gouveia,1980,true,,,existia
2702504,Dois Riachos,1980,true,,,existia
2702603,Feira Grande,1980,true,,,existia
2702702,Feliz Deserto,1980,true,,,existia
2702801,Flexeiras,1980,true,,,existia
2702900,Girau do Ponciano,1980,true,,,existia
2703007,Ibateguara,1980,true,,,existia
2703106,Igaci,1980,true,,,existia
2703205,Igreja Nova,1980,true,,,existia
2703304,Inhapi,1980,true,,,existia
2703403,Jacaré dos Homens,1980,true,,,existia
2703502,Jacuípe,1980,true,,,existia
2703601,Japaratinga,1980,true,,,existia
2703700,Jaramataia,1980,true,,,existia
2703809,Joaquim Gomes,1980,true,,,existia
2703908,Jundiá,1980,true,,,existia
2704005,Junqueiro,1980,true,,,existia
2704104,Lagoa da Canoa,1980,true,,,existia
2704203,Limoeiro de Anadia,1980,true,,,existia
2704302,Maceió,1980,true,,,existia
2704401,Major Isidoro,1980,true,,,existia
2704500,Maragogi,1980,true,,,existia
2704609,Maravilha,1980,true,,,existia
2704708,Marechal Deodoro,1980,true,,,existia
2704807,Maribondo,1980,true,,,existia
2704906,Mar Vermelho,1980,true,,,existia
2705002,Mata Grande,1980,true,,,existia
2705101,Matriz de Camaragibe,1980,true,,,existia
2705200,Messias,1980,true,,,existia
2705309,Minador do Negrão,1980,true,,,existia
2705408,Monteirópolis,1980,true,,,existia
2705507,Murici,1980,true,,,existia
2705606,Novo Lino,1980,true,,,existia
2705705,Olho d'Água das Flores,1980,true,,,existia
2705804,Olho d'Água do Casado,1980,true,,,existia
2705903,Olho d'Água Grande,1980,true,,,existia
2706000,Olivença,1980,true,,,existia
2706109,Ouro Branco,1980,true,,,existia
2706208,Palestina,1980,true,,,existia
2706307,Palmeira dos Índios,1980,true,,,existia
2706406,Pão de Açúcar,1980,true,,,existia
2706505,Passo de Camaragibe,1980,true,,,existia
2706604,Paulo Jacinto,1980,true,,,existia
2706703,Penedo,1980,true,,,existia
2706802,Piaçabuçu,1980,true,,,existia
2706901,Pilar,1980,true,,,existia
2707008,Pindoba,1980,true,,,existia
2707107,Piranhas,1980,true,,,existia
2707206,Poço das Trincheiras,1980,true,,,existia
2707305,Porto Calvo,1980,true,,,existia
2707404,Porto de Pedras,1980,true,,,existia
2707503,Porto Real do Colégio,1980,true,,,existia
2707602,Quebrangulo,1980,true,,,existia
2707701,Rio Largo,1980,true,,,existia
2707800,Roteiro,1980,true,,,existia
2707909,Santa Luzia do Norte,1980,true,,,existia
2708006,Santana do Ipanema,1980,true,,,existia
2708105,Santana do Mundaú,1980,true,,,existia
2708204,São Brás,1980,true,,,existia
2708303,São José da Laje,1980,true,,,existia
2708402,São José da Tapera,1980,true,,,existia
2708501,São Luís do Quitunde,1980,true,,,existia
2708600,São Miguel dos Campos,1980,true,,,existia
2708709,São Miguel dos Milagres,1980,true,,,existia
2708808,São Sebastião,1980,true,,,existia
2708907,Satuba,1980,true,,,existia
2709004,Tanque d'Arca,1980,true,,,existia
2709103,Taquarana,1980,true,,,existia
2709202,Traipu,1980,true,,,existia
2709301,União dos Palmares,1980,true,,,existia
2709400,Viçosa,1980,true,,,existia
2800100,Amparo do São Francisco,1980,true,,,existia
2800209,Aquidabã,1980,true,,,existia
2800308,Aracaju,1980,true,,,existia
2800407,Arauá,1980,true,,,existia
2800506,Areia Branca,1980,true,,,existia
2800605,Barra dos Coqueiros,1980,true,,,existia
2800670,Boquim,1980,true,,,existia
2800704,Brejo Grande,1980,true,,,existia
2801009,Campo do Brito,1980,true,,,existia
2801108,Canhoba,1980,true,,,existia
2801207,Canindé de São Francisco,1980,true,,,existia
2801306,Capela,1980,true,,,existia
2801405,Carira,1980,true,,,existia
2801504,Carmópolis,1980,true,,,existia
2801603,Cedro de São João,1980,true,,,existia
2801702,Cristinápolis,1980,true,,,existia
2801900,Cumbe,1980,true,,,existia
2802007,Divina Pastora,1980,true,,,existia
2802106,Estância,1980,true,,,existia
2802205,Feira Nova,1980,true,,,existia
2802304,Frei Paulo,1980,true,,,existia
2802403,Gararu,1980,true,,,existia
2802502,General Maynard,1980,true,,,existia
2802601,Gracho Cardoso,1980,true,,,existia
2802700,Ilha das Flores,1980,true,,,existia
2802809,Indiaroba,1980,true,,,existia
2802908,Itabaiana,1980,true,,,existia
2803005,Itabaianinha,1980,true,,,existia
2803104,Itabi,1980,true,,,existia
2803203,Itaporanga d'Ajuda,1980,true,,,existia
2803302,Japaratuba,1980,true,,,existia
2803401,Japoatã,1980,true,,,existia
2803500,Lagarto,1980,true,,,existia
2803609,Laranjeiras,1980,true,,,existia
2803708,Macambira,1980,true,,,existia
2803807,Malhada dos Bois,1980,true,,,existia
2803906,Malhador,1980,true,,,existia
2804003,Maruim,1980,true,,,existia
2804102,Moita Bonita,1980,true,,,existia
2804201,Monte Alegre de Sergipe,1980,true,,,existia
2804300,Muribeca,1980,true,,,existia
2804409,Neópolis,1980,true,,,existia
2804458,Nossa Senhora Aparecida,1980,true,,,existia
2804508,Nossa Senhora da Glória,1980,true,,,existia
2804607,Nossa Senhora das Dores,1980,true,,,existia
2804706,Nossa Senhora de Lourdes,1980,true,,,existia
2804805,Nossa Senhora do Socorro,1980,true,,,existia
2804904,Pacatuba,1980,true,,,existia
2805000,Pedra Mole,1980,true,,,existia
2805109,Pedrinhas,1980,true,,,existia
2805208,Pinhão,1980,true,,,existia
2805307,Pirambu,1980,true,,,existia
2805406,Poço Redondo,1980,true,,,existia
2805505,Poço Verde,1980,true,,,existia
2805604,Porto da Folha,1980,true,,,existia
2805703,Propriá,1980,true,,,existia
2805802,Riachão do Dantas,1980,true,,,existia
2805901,Riachuelo,1980,true,,,existia
2806008,Ribeirópolis,1980,true,,,existia
2806107,Rosário do Catete,1980,true,,,existia
2806206,Salgado,1980,true,,,existia
2806305,Santa Luzia do Itanhy,1980,true,,,existia
2806503,Santa Rosa de Lima,1980,true,,,existia
2806602,Santo Amaro das Brotas,1980,true,,,existia
2806701,São Cristóvão,1980,true,,,existia
2806800,São Domingos,1980,true,,,existia
2806909,São Francisco,1980,true,,,existia
2807006,São Miguel do Aleixo,1980,true,,,existia
2807105,Simão Dias,1980,true,,,existia
2807204,Siriri,1980,true,,,existia
2807303,Telha,1980,true,,,existia
2807402,Tobias Barreto,1980,true,,,existia
2807501,Tomar do Geru,1980,true,,,existia
2807600,Umbaúba,1980,true,,,existia
2900108,Abaíra,1980,true,,,existia
2900207,Abaré,1980,true,,,existia
2900306,Acajutiba,1980,true,,,existia
2900405,Água Fria,1980,true,,,existia
2900504,Érico Cardoso,1980,true,,,existia
2900603,Aiquara,1980,true,,,existia
2900702,Alagoinhas,1980,true,,,existia
2900801,Alcobaça,1980,true,,,existia
2900900,Almadina,1980,true,,,existia
2901007,Amargosa,1980,true,,,existia
2901106,Amélia Rodrigues,1980,true,,,existia
2901205,Anagé,1980,true,,,existia
2901304,Andaraí,1980,true,,,existia
2901403,Angical,1980,true,,,existia
2901502,Anguera,1980,true,,,existia
2901601,Antas,1980,true,,,existia
2901700,Antônio Cardoso,1980,true,,,existia
2901809,Antônio Gonçalves,1980,true,,,existia
2901908,Aporá,1980,true,,,existia
2902005,Aracatu,1980,true,,,existia
2902104,Araci,1980,true,,,existia
2902203,Aramari,1980,true,,,existia
2902302,Aratuípe,1980,true,,,existia
2902401,Aurelino Leal,1980,true,,,existia
2902500,Baianópolis,1980,true,,,existia
2902609,Baixa Grande,1980,true,,,existia
2902708,Barra,1980,true,,,existia
2902807,Barra da Estiva,1980,true,,,existia
2902906,Barra do Choça,1980,true,,,existia
2903003,Barra do Mendes,1980,true,,,existia
2903102,Barra do Rocha,1980,true,,,existia
2903201,Barreiras,1980,true,,,existia
2903300,Barro Preto,1980,true,,,existia
2903409,Belmonte,1980,true,,,existia
2903508,Belo Campo,1980,true,,,existia
2903607,Biritinga,1980,true,,,existia
2903706,Boa Nova,1980,true,,,existia
2903805,Boa Vista do Tupim,1980,true,,,existia
2903904,Bom Jesus da Lapa,1980,true,,,existia
2904001,Boninal,1980,true,,,existia
2904100,Boquira,1980,true,,,existia
2904209,Botuporã,1980,true,,,existia
2904308,Brejões,1980,true,,,existia
2904407,Brejolândia,1980,true,,,existia
2904506,Brotas de Macaúbas,1980,true,,,existia
2904605,Brumado,1980,true,,,existia
2904704,Buerarema,1980,true,,,existia
2904803,Caatiba,1980,true,,,existia
2904902,Cachoeira,1980,true,,,existia
2905008,Caculé,1980,true,,,existia
2905107,Caém,1980,true,,,existia
2905206,Caetité,1980,true,,,existia
2905305,Cafarnaum,1980,true,,,existia
2905404,Cairu,1980,true,,,existia
2905503,Caldeirão Grande,1980,true,,,existia
2905602,Camacan,1980,true,,,existia
2905701,Camaçari,1980,true,,,existia
2905800,Camamu,1980,true,,,existia
2905909,Campo Alegre de Lourdes,1980,true,,,existia
2906006,Campo Formoso,1980,true,,,existia
2906105,Canápolis,1980,true,,,existia
2906204,Canarana,1980,true,,,existia
2906303,Canavieiras,1980,true,,,existia
2906402,Candeal,1980,true,,,existia
2906501,Candeias,1980,true,,,existia
2906600,Candiba,1980,true,,,existia
2906709,Cândido Sales,1980,true,,,existia
2906808,Cansanção,1980,true,,,existia
2906907,Caravelas,1980,true,,,existia
2907004,Cardeal da Silva,1980,true,,,existia
2907103,Carinhanha,1980,true,,,existia
2907202,Casa Nova,1980,true,,,existia
2907301,Castro Alves,1980,true,,,existia
2907400,Catolândia,1980,true,,,existia
2907509,Catu,1980,true,,,existia
2907608,Central,1980,true,,,existia
2907707,Chorrochó,1980,true,,,existia
2907806,Cícero Dantas,1980,true,,,existia
2907905,Cipó,1980,true,,,existia
2908002,Coaraci,1980,true,,,existia
2908101,Cocos,1980,true,,,existia
2908200,Conceição da Feira,1980,true,,,existia
2908309,Conceição do Almeida,1980,true,,,existia
2908408,Conceição do Coité,1980,true,,,existia
2908507,Conceição do Jacuípe,1980,true,,,existia
2908606,Conde,1980,true,,,existia
2908705,Condeúba,1980,true,,,existia
2908804,Contendas do Sincorá,1980,true,,,existia
2908903,Coração de Maria,1980,true,,,existia
2909000,Cordeiros,1980,true,,,existia
2909109,Coribe,1980,true,,,existia
2909208,Coronel João Sá,1980,true,,,existia
2909307,Correntina,1980,true,,,existia
2909406,Cotegipe,1980,true,,,existia
2909505,Cravolândia,1980,true,,,existia
2909604,Crisópolis,1980,true,,,existia
2909703,Cristópolis,1980,true,,,existia
2909802,Cruz das Almas,1980,true,,,existia
2909901,Curaçá,1980,true,,,existia
2910008,Dário Meira,1980,true,,,existia
2910107,Dom Basílio,1980,true,,,existia
2910206,Dom Macedo Costa,1980,true,,,existia
2910305,Elísio Medrado,1980,true,,,existia
2910404,Encruzilhada,1980,true,,,existia
2910503,Entre Rios,1980,true,,,existia
2910602,Esplanada,1980,true,,,existia
2910701,Euclides da Cunha,1980,true,,,existia
2910800,Feira de Santana,1980,true,,,existia
2910909,Firmino Alves,1980,true,,,existia
2911006,Floresta Azul,1980,true,,,existia
2911105,Formosa do Rio Preto,1980,true,,,existia
2911204,Gandu,1980,true,,,existia
2911303,Gentio do Ouro,1980,true,,,existia
2911402,Glória,1980,true,,,existia
2911501,Gongogi,1980,true,,,existia
2911600,Governador Mangabeira,1980,true,,,existia
2911709,Guanambi,1980,true,,,existia
2911808,Guaratinga,1980,true,,,existia
2911907,Iaçu,1980,true,,,existia
2912004,Ibiassucê,1980,true,,,existia
2912103,Ibicaraí,1980,true,,,existia
2912202,Ibicoara,1980,true,,,existia
2912301,Ibicuí,1980,true,,,existia
2912400,Ibipeba,1980,true,,,existia
2912509,Ibipitanga,1980,true,,,existia
2912608,Ibiquera,1980,true,,,existia
2912707,Ibirapitanga,1980,true,,,existia
2912806,Ibirapuã,1980,true,,,existia
2912905,Ibirataia,1980,true,,,existia
2913002,Ibitiara,1980,true,,,existia
2913101,Ibititá,1980,true,,,existia
2913200,Ibotirama,1980,true,,,existia
2913309,Ichu,1980,true,,,existia
2913408,Igaporã,1980,true,,,existia
2913507,Iguaí,1980,true,,,existia
2913606,Ilhéus,1980,true,,,existia
2913705,Inhambupe,1980,true,,,existia
2913804,Ipecaetá,1980,true,,,existia
2913903,Ipiaú,1980,true,,,existia
2914000,Ipirá,1980,true,,,existia
2914109,Ipupiara,1980,true,,,existia
2914208,Irajuba,1980,true,,,existia
2914307,Iramaia,1980,true,,,existia
2914406,Iraquara,1980,true,,,existia
2914505,Irará,1980,true,,,existia
2914604,Irecê,1980,true,,,existia
2914703,Itaberaba,1980,true,,,existia
2914802,Itabuna,1980,true,,,existia
2914901,Itacaré,1980,true,,,existia
2915007,Itaeté,1980,true,,,existia
2915106,Itagi,1980,true,,,existia
2915205,Itagibá,1980,true,,,existia
2915304,Itagimirim,1980,true,,,existia
2915403,Itaju do Colônia,1980,true,,,existia
2915502,Itajuípe,1980,true,,,existia
2915601,Itamaraju,1980,true,,,existia
2915700,Itamari,1980,true,,,existia
2915809,Itambé,1980,true,,,existia
2915908,Itanagra,1980,true,,,existia
2916005,Itanhém,1980,true,,,existia
2916104,Itaparica,1980,true,,,existia
2916203,Itapé,1980,true,,,existia
2916302,Itapebi,1980,true,,,existia
2916401,Itapetinga,1980,true,,,existia
2916500,Itapicuru,1980,true,,,existia
2916609,Itapitanga,1980,true,,,existia
2916708,Itaquara,1980,true,,,existia
2916807,Itarantim,1980,true,,,existia
2916906,Itiruçu,1980,true,,,existia
2917003,Itiúba,1980,true,,,existia
2917102,Itororó,1980,true,,,existia
2917201,Ituaçu,1980,true,,,existia
2917300,Ituberá,1980,true,,,existia
2917409,Jacaraci,1980,true,,,existia
2917508,Jacobina,1980,true,,,existia
2917607,Jaguaquara,1980,true,,,existia
2917706,Jaguarari,1980,true,,,existia
2917805,Jaguaripe,1980,true,,,existia
2917904,Jandaíra,1980,true,,,existia
2918001,Jequié,1980,true,,,existia
2918100,Jeremoabo,1980,true,,,existia
2918209,Jiquiriçá,1980,true,,,existia
2918308,Jitaúna,1980,true,,,existia
2918407,Juazeiro,1980,true,,,existia
2918506,Jussara,1980,true,,,existia
2918605,Jussiape,1980,true,,,existia
2918704,Lafaiete Coutinho,1980,true,,,existia
2918803,Laje,1980,true,,,existia
2918902,Lajedão,1980,true,,,existia
2919009,Lajedinho,1980,true,,,existia
2919108,Lamarão,1980,true,,,existia
2919207,Lauro de Freitas,1980,true,,,existia
2919306,Lençóis,1980,true,,,existia
2919405,Licínio de Almeida,1980,true,,,existia
2919504,Livramento de Nossa Senhora,1980,true,,,existia
2919603,Macajuba,1980,true,,,existia
2919702,Macarani,1980,true,,,existia
2919801,Macaúbas,1980,true,,,existia
2919900,Macururé,1980,true,,,existia
2920007,Maiquinique,1980,true,,,existia
2920106,Mairi,1980,true,,,existia
2920205,Malhada,1980,true,,,existia
2920304,Malhada de Pedras,1980,true,,,existia
2920403,Manoel Vitorino,1980,true,,,existia
2920502,Maracás,1980,true,,,existia
2920601,Maragogipe,1980,true,,,existia
2920700,Maraú,1980,true,,,existia
2920809,Marcionílio Souza,1980,true,,,existia
2920908,Mascote,1980,true,,,existia
2921005,Mata de São João,1980,true,,,existia
2921104,Medeiros Neto,1980,true,,,existia
2921203,Miguel Calmon,1980,true,,,existia
2921302,Milagres,1980,true,,,existia
2921401,Mirangaba,1980,true,,,existia
2921500,Monte Santo,1980,true,,,existia
2921609,Morpará,1980,true,,,existia
2921708,Morro do Chapéu,1980,true,,,existia
2921807,Mortugaba,1980,true,,,existia
2921906,Mucugê,1980,true,,,existia
2922003,Mucuri,1980,true,,,existia
2922102,Mundo Novo,1980,true,,,existia
2922201,Muniz Ferreira,1980,true,,,existia
2922300,Muritiba,1980,true,,,existia
2922409,Mutuípe,1980,true,,,existia
2922508,Nazaré,1980,true,,,existia
2922607,Nilo Peçanha,1980,true,,,existia
2922706,Nova Canaã,1980,true,,,existia
2922805,Nova Itarana,1980,true,,,existia
2922904,Nova Soure,1980,true,,,existia
2923001,Nova Viçosa,1980,true,,,existia
2923100,Olindina,1980,true,,,existia
2923209,Oliveira dos Brejinhos,1980,true,,,existia
2923308,Ouriçangas,1980,true,,,existia
2923407,Palmas de Monte Alto,1980,true,,,existia
2923506,Palmeiras,1980,true,,,existia
2923605,Paramirim,1980,true,,,existia
2923704,Paratinga,1980,true,,,existia
2923803,Paripiranga,1980,true,,,existia
2923902,Pau Brasil,1980,true,,,existia
2924009,Paulo Afonso,1980,true,,,existia
2924108,Pedrão,1980,true,,,existia
2924207,Pedro Alexandre,1980,true,,,existia
2924306,Piatã,1980,true,,,existia
2924405,Pilão Arcado,1980,true,,,existia
2924504,Pindaí,1980,true,,,existia
2924603,Pindobaçu,1980,true,,,existia
2924702,Piripá,1980,true,,,existia
2924801,Piritiba,1980,true,,,existia
2924900,Planaltino,1980,true,,,existia
2925006,Planalto,1980,true,,,existia
2925105,Poções,1980,true,,,existia
2925204,Pojuca,1980,true,,,existia
2925303,Porto Seguro,1980,true,,,existia
2925402,Potiraguá,1980,true,,,existia
2925501,Prado,1980,true,,,existia
2925600,Presidente Dutra,1980,true,,,existia
2925709,Presidente Jânio Quadros,1980,true,,,existia
2925808,Queimadas,1980,true,,,existia
2925907,Quijingue,1980,true,,,existia
2926004,Remanso,1980,true,,,existia
2926103,Retirolândia,1980,true,,,existia
2926202,Riachão das Neves,1980,true,,,existia
2926301,Riachão do Jacuípe,1980,true,,,existia
2926400,Riacho de Santana,1980,true,,,existia
2926509,Ribeira do Amparo,1980,true,,,existia
2926608,Ribeira do Pombal,1980,true,,,existia
2926707,Rio de Contas,1980,true,,,existia
2926806,Rio do Antônio,1980,true,,,existia
2926905,Rio do Pires,1980,true,,,existia
2927002,Rio Real,1980,true,,,existia
2927101,Rodelas,1980,true,,,existia
2927200,Ruy Barbosa,1980,true,,,existia
2927309,Salinas da Margarida,1980,true,,,existia
2927408,Salvador,1980,true,,,existia
2927507,Santa Bárbara,1980,true,,,existia
2927606,Santa Brígida,1980,true,,,existia
2927705,Santa Cruz Cabrália,1980,true,,,existia
2927804,Santa Cruz da Vitória,1980,true,,,existia
2927903,Santa Inês,1980,true,,,existia
2928000,Santaluz,1980,true,,,existia
2928109,Santa Maria da Vitória,1980,true,,,existia
2928208,Santana,1980,true,,,existia
2928307,Santanópolis,1980,true,,,existia
2928406,Santa Rita de Cássia,1980,true,,,existia
2928505,Santa Terezinha,1980,true,,,existia
2928604,Santo Amaro,1980,true,,,existia
2928703,Santo Antônio de Jesus,1980,true,,,existia
2928802,Santo Estêvão,1980,true,,,existia
2928901,São Desidério,1980,true,,,existia
2929008,São Félix,1980,true,,,existia
2929107,São Felipe,1980,true,,,existia
2929206,São Francisco do Conde,1980,true,,,existia
2929305,São Gonçalo dos Campos,1980,true,,,existia
2929404,São Miguel das Matas,1980,true,,,existia
2929503,São Sebastião do Passé,1980,true,,,existia
2929602,Sapeaçu,1980,true,,,existia
2929701,Sátiro Dias,1980,true,,,existia
2929800,Saúde,1980,true,,,existia
2929909,Seabra,1980,true,,,existia
2930006,Sebastião Laranjeiras,1980,true,,,existia
2930105,Senhor do Bonfim,1980,true,,,existia
2930204,Sento Sé,1980,true,,,existia
2930303,Serra Dourada,1980,true,,,existia
2930402,Serra Preta,1980,true,,,existia
2930501,Serrinha,1980,true,,,existia
2930600,Serrolândia,1980,true,,,existia
2930709,Simões Filho,1980,true,,,existia
2930808,Souto Soares,1980,true,,,existia
2930907,Tabocas do Brejo Velho,1980,true,,,existia
2931004,Tanhaçu,1980,true,,,existia
2931103,Tanquinho,1980,true,,,existia
2931202,Taperoá,1980,true,,,existia
2931301,Tapiramutá,1980,true,,,existia
2931400,Teodoro Sampaio,1980,true,,,existia
2931509,Teofilândia,1980,true,,,existia
2931608,Teolândia,1980,true,,,existia
2931707,Terra Nova,1980,true,,,existia
2931806,Tremedal,1980,true,,,existia
2931905,Tucano,1980,true,,,existia
2932002,Uauá,1980,true,,,existia
2932101,Ubaíra,1980,true,,,existia
2932200,Ubaitaba,1980,true,,,existia
2932309,Ubatã,1980,true,,,existia
2932408,Uibaí,1980,true,,,existia
2932507,Una,1980,true,,,existia
2932606,Urandi,1980,true,,,existia
2932705,Uruçuca,1980,true,,,existia
2932804,Utinga,1980,true,,,existia
2932903,Valença,1980,true,,,existia
2933000,Valente,1980,true,,,existia
2933109,Várzea do Poço,1980,true,,,existia
2933208,Vera Cruz,1980,true,,,existia
2933307,Vitória da Conquista,1980,true,,,existia
2933406,Wagner,1980,true,,,existia
2933505,Wenceslau Guimarães,1980,true,,,existia
2933604,Xique-Xique,1980,true,,,existia
3100104,Abadia dos Dourados,1980,true,,,existia
3100203,Abaeté,1980,true,,,existia
3100302,Abre Campo,1980,true,,,existia
3100401,Acaiaca,1980,true,,,existia
3100500,Açucena,1980,true,,,existia
3100609,Água Boa,1980,true,,,existia
3100708,Água Comprida,1980,true,,,existia
3100807,Aguanil,1980,true,,,existia
3100906,Águas Formosas,1980,true,,,existia
3101003,Águas Vermelhas,1980,true,,,existia
3101102,Aimorés,1980,true,,,existia
3101201,Aiuruoca,1980,true,,,existia
3101300,Alagoa,1980,true,,,existia
3101409,Albertina,1980,true,,,existia
3101508,Além Paraíba,1980,true,,,existia
3101607,Alfenas,1980,true,,,existia
3101706,Almenara,1980,true,,,existia
3101805,Alpercata,1980,true,,,existia
3101904,Alpinópolis,1980,true,,,existia
3102001,Alterosa,1980,true,,,existia
3102100,Alto Rio Doce,1980,true,,,existia
3102209,Alvarenga,1980,true,,,existia
3102308,Alvinópolis,1980,true,,,existia
3102407,Alvorada de Minas,1980,true,,,existia
3102506,Amparo do Serra,1980,true,,,existia
3102605,Andradas,1980,true,,,existia
3102704,Cachoeira de Pajeú,1980,true,,,existia
3102803,Andrelândia,1980,true,,,existia
3102902,Antônio Carlos,1980,true,,,existia
3103009,Antônio Dias,1980,true,,,existia
3103108,Antônio Prado de Minas,1980,true,,,existia
3103207,Araçaí,1980,true,,,existia
3103306,Aracitaba,1980,true,,,existia
3103405,Araçuaí,1980,true,,,existia
3103504,Araguari,1980,true,,,existia
3103603,Arantina,1980,true,,,existia
3103702,Araponga,1980,true,,,existia
3103801,Arapuá,1980,true,,,existia
3103900,Araújos,1980,true,,,existia
3104007,Araxá,1980,true,,,existia
3104106,Arceburgo,1980,true,,,existia
3104205,Arcos,1980,true,,,existia
3104304,Areado,1980,true,,,existia
3104403,Argirita,1980,true,,,existia
3104502,Arinos,1980,true,,,existia
3104601,Astolfo Dutra,1980,true,,,existia
3104700,Ataléia,1980,true,,,existia
3104809,Augusto de Lima,1980,true,,,existia
3104908,Baependi,1980,true,,,existia
3105004,Baldim,1980,true,,,existia
3105103,Bambuí,1980,true,,,existia
3105202,Bandeira,1980,true,,,existia
3105301,Bandeira do Sul,1980,true,,,existia
3105400,Barão de Cocais,1980,true,,,existia
3105509,Barão do Monte Alto,1980,true,,,existia
3105608,Barbacena,1980,true,,,existia
3105707,Barra Longa,1980,true,,,existia
3105905,Barroso,1980,true,,,existia
3106002,Bela Vista de Minas,1980,true,,,existia
3106101,Belmiro Braga,1980,true,,,existia
3106200,Belo Horizonte,1980,true,,,existia
3106309,Belo Oriente,1980,true,,,existia
3106408,Belo Vale,1980,true,,,existia
3106507,Berilo,1980,true,,,existia
3106606,Bertópolis,1980,true,,,existia
3106705,Betim,1980,true,,,existia
3106804,Bias Fortes,1980,true,,,existia
3106903,Bicas,1980,true,,,existia
3107000,Biquinhas,1980,true,,,existia
3107109,Boa Esperança,1980,true,,,existia
3107208,Bocaina de Minas,1980,true,,,existia
3107307,Bocaiúva,1980,true,,,existia
3107406,Bom Despacho,1980,true,,,existia
3107505,Bom Jardim de Minas,1980,true,,,existia
3107604,Bom Jesus da Penha,1980,true,,,existia
3107703,Bom Jesus do Amparo,1980,true,,,existia
3107802,Bom Jesus do Galho,1980,true,,,existia
3107901,Bom Repouso,1980,true,,,existia
3108008,Bom Sucesso,1980,true,,,existia
3108107,Bonfim,1980,true,,,existia
3108206,Bonfinópolis de Minas,1980,true,,,existia
3108305,Borda da Mata,1980,true,,,existia
3108404,Botelhos,1980,true,,,existia
3108503,Botumirim,1980,true,,,existia
3108602,Brasília de Minas,1980,true,,,existia
3108701,Brás Pires,1980,true,,,existia
3108800,Braúnas,1980,true,,,existia
3108909,Brazópolis,1980,true,,,existia
3109006,Brumadinho,1980,true,,,existia
3109105,Bueno Brandão,1980,true,,,existia
3109204,Buenópolis,1980,true,,,existia
3109303,Buritis,1980,true,,,existia
3109402,Buritizeiro,1980,true,,,existia
3109501,Cabo Verde,1980,true,,,existia
3109600,Cachoeira da Prata,1980,true,,,existia
3109709,Cachoeira de Minas,1980,true,,,existia
3109808,Cachoeira Dourada,1980,true,,,existia
3109907,Caetanópolis,1980,true,,,existia
3110004,Caeté,1980,true,,,existia
3110103,Caiana,1980,true,,,existia
3110202,Cajuri,1980,true,,,existia
3110301,Caldas,1980,true,,,existia
3110400,Camacho,1980,true,,,existia
3110509,Camanducaia,1980,true,,,existia
3110608,Cambuí,1980,true,,,existia
3110707,Cambuquira,1980,true,,,existia
3110806,Campanário,1980,true,,,existia
3110905,Campanha,1980,true,,,existia
3111002,Campestre,1980,true,,,existia
3111101,Campina Verde,1980,true,,,existia
3111200,Campo Belo,1980,true,,,existia
3111309,Campo do Meio,1980,true,,,existia
3111408,Campo Florido,1980,true,,,existia
3111507,Campos Altos,1980,true,,,existia
3111606,Campos Gerais,1980,true,,,existia
3111705,Canaã,1980,true,,,existia
3111804,Canápolis,1980,true,,,existia
3111903,Cana Verde,1980,true,,,existia
3112000,Candeias,1980,true,,,existia
3112109,Caparaó,1980,true,,,existia
3112208,Capela Nova,1980,true,,,existia
3112307,Capelinha,1980,true,,,existia
3112406,Capetinga,1980,true,,,existia
3112505,Capim Branco,1980,true,,,existia
3112604,Capinópolis,1980,true,,,existia
3112703,Capitão Enéas,1980,true,,,existia
3112802,Capitólio,1980,true,,,existia
3112901,Caputira,1980,true,,,existia
3113008,Caraí,1980,true,,,existia
3113107,Caranaíba,1980,true,,,existia
3113206,Carandaí,1980,true,,,existia
3113305,Carangola,1980,true,,,existia
3113404,Caratinga,1980,true,,,existia
3113503,Carbonita,1980,true,,,existia
3113602,Careaçu,1980,true,,,existia
3113701,Carlos Chagas,1980,true,,,existia
3113800,Carmésia,1980,true,,,existia
3113909,Carmo da Cachoeira,1980,true,,,existia
3114006,Carmo da Mata,1980,true,,,existia
3114105,Carmo de Minas,1980,true,,,existia
3114204,Carmo do Cajuru,1980,true,,,existia
3114303,Carmo do Paranaíba,1980,true,,,existia
3114402,Carmo do Rio Claro,1980,true,,,existia
3114501,Carmópolis de Minas,1980,true,,,existia
3114600,Carrancas,1980,true,,,existia
3114709,Carvalhópolis,1980,true,,,existia
3114808,Carvalhos,1980,true,,,existia
3114907,Casa Grande,1980,true,,,existia
3115003,Cascalho Rico,1980,true,,,existia
3115102,Cássia,1980,true,,,existia
3115201,Conceição da Barra de Minas,1980,true,,,existia
3115300,Cataguases,1980,true,,,existia
3115409,Catas Altas da Noruega,1980,true,,,existia
3115508,Caxambu,1980,true,,,existia
3115607,Cedro do Abaeté,1980,true,,,existia
3115706,Central de Minas,1980,true,,,existia
3115805,Centralina,1980,true,,,existia
3115904,Chácara,1980,true,,,existia
3116001,Chalé,1980,true,,,existia
3116100,Chapada do Norte,1980,true,,,existia
3116209,Chiador,1980,true,,,existia
3116308,Cipotânea,1980,true,,,existia
3116407,Claraval,1980,true,,,existia
3116506,Claro dos Poções,1980,true,,,existia
3116605,Cláudio,1980,true,,,existia
3116704,Coimbra,1980,true,,,existia
3116803,Coluna,1980,true,,,existia
3116902,Comendador Gomes,1980,true,,,existia
3117009,Comercinho,1980,true,,,existia
3117108,Conceição da Aparecida,1980,true,,,existia
3117207,Conceição das Pedras,1980,true,,,existia
3117306,Conceição das Alagoas,1980,true,,,existia
3117405,Conceição de Ipanema,1980,true,,,existia
3117504,Conceição do Mato Dentro,1980,true,,,existia
3117603,Conceição do Pará,1980,true,,,existia
3117702,Conceição do Rio Verde,1980,true,,,existia
3117801,Conceição dos Ouros,1980,true,,,existia
3117900,Congonhal,1980,true,,,existia
3118007,Congonhas,1980,true,,,existia
3118106,Congonhas do Norte,1980,true,,,existia
3118205,Conquista,1980,true,,,existia
3118304,Conselheiro Lafaiete,1980,true,,,existia
3118403,Conselheiro Pena,1980,true,,,existia
3118502,Consolação,1980,true,,,existia
3118601,Contagem,1980,true,,,existia
3118700,Coqueiral,1980,true,,,existia
3118809,Coração de Jesus,1980,true,,,existia
3118908,Cordisburgo,1980,true,,,existia
3119005,Cordislândia,1980,true,,,existia
3119104,Corinto,1980,true,,,existia
3119203,Coroaci,1980,true,,,existia
3119302,Coromandel,1980,true,,,existia
3119401,Coronel Fabriciano,1980,true,,,existia
3119500,Coronel Murta,1980,true,,,existia
3119609,Coronel Pacheco,1980,true,,,existia
3119708,Coronel Xavier Chaves,1980,true,,,existia
3119807,Córrego Danta,1980,true,,,existia
3119906,Córrego do Bom Jesus,1980,true,,,existia
3120003,Córrego Novo,1980,true,,,existia
3120102,Couto de Magalhães de Minas,1980,true,,,existia
3120201,Cristais,1980,true,,,existia
3120300,Cristália,1980,true,,,existia
3120409,Cristiano Otoni,1980,true,,,existia
3120508,Cristina,1980,true,,,existia
3120607,Crucilândia,1980,true,,,existia
3120706,Cruzeiro da Fortaleza,1980,true,,,existia
3120805,Cruzília,1980,true,,,existia
3120904,Curvelo,1980,true,,,existia
3121001,Datas,1980,true,,,existia
3121100,Delfim Moreira,1980,true,,,existia
3121209,Delfinópolis,1980,true,,,existia
3121308,Descoberto,1980,true,,,existia
3121407,Desterro de Entre Rios,1980,true,,,existia
3121506,Desterro do Melo,1980,true,,,existia
3121605,Diamantina,1980,true,,,existia
3121704,Diogo de Vasconcelos,1980,true,,,existia
3121803,Dionísio,1980,true,,,existia
3121902,Divinésia,1980,true,,,existia
3122009,Divino,1980,true,,,existia
3122108,Divino das Laranjeiras,1980,true,,,existia
3122207,Divinolândia de Minas,1980,true,,,existia
3122306,Divinópolis,1980,true,,,existia
3122405,Divisa Nova,1980,true,,,existia
3122504,Dom Cavati,1980,true,,,existia
3122603,Dom Joaquim,1980,true,,,existia
3122702,Dom Silvério,1980,true,,,existia
3122801,Dom Viçoso,1980,true,,,existia
3122900,Dona Euzébia,1980,true,,,existia
3123007,Dores de Campos,1980,true,,,existia
3123106,Dores de Guanhães,1980,true,,,existia
3123205,Dores do Indaiá,1980,true,,,existia
3123304,Dores do Turvo,1980,true,,,existia
3123403,Doresópolis,1980,true,,,existia
3123502,Douradoquara,1980,true,,,existia
3123601,Elói Mendes,1980,true,,,existia
3123700,Engenheiro Caldas,1980,true,,,existia
3123809,Engenheiro Navarro,1980,true,,,existia
3123908,Entre Rios de Minas,1980,true,,,existia
3124005,Ervália,1980,true,,,existia
3124104,Esmeraldas,1980,true,,,existia
3124203,Espera Feliz,1980,true,,,existia
3124302,Espinosa,1980,true,,,existia
3124401,Espírito Santo do Dourado,1980,true,,,existia
3124500,Estiva,1980,true,,,existia
3124609,Estrela Dalva,1980,true,,,existia
3124708,Estrela do Indaiá,1980,true,,,existia
3124807,Estrela do Sul,1980,true,,,existia
3124906,Eugenópolis,1980,true,,,existia
3125002,Ewbank da Câmara,1980,true,,,existia
3125101,Extrema,1980,true,,,existia
3125200,Fama,1980,true,,,existia
3125309,Faria Lemos,1980,true,,,existia
3125408,Felício dos Santos,1980,true,,,existia
3125507,São Gonçalo do Rio Preto,1980,true,,,existia
3125606,Felisburgo,1980,true,,,existia
3125705,Felixlândia,1980,true,,,existia
3125804,Fernandes Tourinho,1980,true,,,existia
3125903,Ferros,1980,true,,,existia
3126000,Florestal,1980,true,,,existia
3126109,Formiga,1980,true,,,existia
3126208,Formoso,1980,true,,,existia
3126307,Fortaleza de Minas,1980,true,,,existia
3126406,Fortuna de Minas,1980,true,,,existia
3126505,Francisco Badaró,1980,true,,,existia
3126604,Francisco Dumont,1980,true,,,existia
3126703,Francisco Sá,1980,true,,,existia
3126802,Frei Gaspar,1980,true,,,existia
3126901,Frei Inocêncio,1980,true,,,existia
3127008,Fronteira,1980,true,,,existia
3127057,Fronteira dos Vales,1980,true,,,existia
3127107,Frutal,1980,true,,,existia
3127206,Funilândia,1980,true,,,existia
3127305,Galiléia,1980,true,,,existia
3127404,Gonçalves,1980,true,,,existia
3127503,Gonzaga,1980,true,,,existia
3127602,Gouveia,1980,true,,,existia
3127701,Governador Valadares,1980,true,,,existia
3127800,Grão Mogol,1980,true,,,existia
3127909,Grupiara,1980,true,,,existia
3128006,Guanhães,1980,true,,,existia
3128105,Guapé,1980,true,,,existia
3128204,Guaraciaba,1980,true,,,existia
3128303,Guaranésia,1980,true,,,existia
3128402,Guarani,1980,true,,,existia
3128501,Guarará,1980,true,,,existia
3128600,Guarda-Mor,1980,true,,,existia
3128709,Guaxupé,1980,true,,,existia
3128808,Guidoval,1980,true,,,existia
3128907,Guimarânia,1980,true,,,existia
3129004,Guiricema,1980,true,,,existia
3129103,Gurinhatã,1980,true,,,existia
3129202,Heliodora,1980,true,,,existia
3129301,Iapu,1980,true,,,existia
3129400,Ibertioga,1980,true,,,existia
3129509,Ibiá,1980,true,,,existia
3129608,Ibiaí,1980,true,,,existia
3129707,Ibiraci,1980,true,,,existia
3129806,Ibirité,1980,true,,,existia
3129905,Ibitiúra de Minas,1980,true,,,existia
3130002,Ibituruna,1980,true,,,existia
3130101,Igarapé,1980,true,,,existia
3130200,Igaratinga,1980,true,,,existia
3130309,Iguatama,1980,true,,,existia
3130408,Ijaci,1980,true,,,existia
3130507,Ilicínea,1980,true,,,existia
3130606,Inconfidentes,1980,true,,,existia
3130705,Indianópolis,1980,true,,,existia
3130804,Ingaí,1980,true,,,existia
3130903,Inhapim,1980,true,,,existia
3131000,Inhaúma,1980,true,,,existia
3131109,Inimutaba,1980,true,,,existia
3131208,Ipanema,1980,true,,,existia
3131307,Ipatinga,1980,true,,,existia
3131406,Ipiaçu,1980,true,,,existia
3131505,Ipuiúna,1980,true,,,existia
3131604,Iraí de Minas,1980,true,,,existia
3131703,Itabira,1980,true,,,existia
3131802,Itabirinha,1980,true,,,existia
3131901,Itabirito,1980,true,,,existia
3132008,Itacambira,1980,true,,,existia
3132107,Itacarambi,1980,true,,,existia
3132206,Itaguara,1980,true,,,existia
3132305,Itaipé,1980,true,,,existia
3132404,Itajubá,1980,true,,,existia
3132503,Itamarandiba,1980,true,,,existia
3132602,Itamarati de Minas,1980,true,,,existia
3132701,Itambacuri,1980,true,,,existia
3132800,Itambé do Mato Dentro,1980,true,,,existia
3132909,Itamogi,1980,true,,,existia
3133006,Itamonte,1980,true,,,existia
3133105,Itanhandu,1980,true,,,existia
3133204,Itanhomi,1980,true,,,existia
3133303,Itaobim,1980,true,,,existia
3133402,Itapagipe,1980,true,,,existia
3133501,Itapecerica,1980,true,,,existia
3133600,Itapeva,1980,true,,,existia
3133709,Itatiaiuçu,1980,true,,,existia
3133808,Itaúna,1980,true,,,existia
3133907,Itaverava,1980,true,,,existia
3134004,Itinga,1980,true,,,existia
3134103,Itueta,1980,true,,,existia
3134202,Ituiutaba,1980,true,,,existia
3134301,Itumirim,1980,true,,,existia
3134400,Iturama,1980,true,,,existia
3134509,Itutinga,1980,true,,,existia
3134608,Jaboticatubas,1980,true,,,existia
3134707,Jacinto,1980,true,,,existia
3134806,Jacuí,1980,true,,,existia
3134905,Jacutinga,1980,true,,,existia
3135001,Jaguaraçu,1980,true,,,existia
3135100,Janaúba,1980,true,,,existia
3135209,Januária,1980,true,,,existia
3135308,Japaraíba,1980,true,,,existia
3135407,Jeceaba,1980,true,,,existia
3135506,Jequeri,1980,true,,,existia
3135605,Jequitaí,1980,true,,,existia
3135704,Jequitibá,1980,true,,,existia
3135803,Jequitinhonha,1980,true,,,existia
3135902,Jesuânia,1980,true,,,existia
3136009,Joaíma,1980,true,,,existia
3136108,Joanésia,1980,true,,,existia
3136207,João Monlevade,1980,true,,,existia
3136306,João Pinheiro,1980,true,,,existia
3136405,Joaquim Felício,1980,true,,,existia
3136504,Jordânia,1980,true,,,existia
3136603,Nova União,1980,true,,,existia
3136702,Juiz de Fora,1980,true,,,existia
3136801,Juramento,1980,true,,,existia
3136900,Juruaia,1980,true,,,existia
3137007,Ladainha,1980,true,,,existia
3137106,Lagamar,1980,true,,,existia
3137205,Lagoa da Prata,1980,true,,,existia
3137304,Lagoa dos Patos,1980,true,,,existia
3137403,Lagoa Dourada,1980,true,,,existia
3137502,Lagoa Formosa,1980,true,,,existia
3137601,Lagoa Santa,1980,true,,,existia
3137700,Lajinha,1980,true,,,existia
3137809,Lambari,1980,true,,,existia
3137908,Lamim,1980,true,,,existia
3138005,Laranjal,1980,true,,,existia
3138104,Lassance,1980,true,,,existia
3138203,Lavras,1980,true,,,existia
3138302,Leandro Ferreira,1980,true,,,existia
3138401,Leopoldina,1980,true,,,existia
3138500,Liberdade,1980,true,,,existia
3138609,Lima Duarte,1980,true,,,existia
3138708,Luminárias,1980,true,,,existia
3138807,Luz,1980,true,,,existia
3138906,Machacalis,1980,true,,,existia
3139003,Machado,1980,true,,,existia
3139102,Madre de Deus de Minas,1980,true,,,existia
3139201,Malacacheta,1980,true,,,existia
3139300,Manga,1980,true,,,existia
3139409,Manhuaçu,1980,true,,,existia
3139508,Manhumirim,1980,true,,,existia
3139607,Mantena,1980,true,,,existia
3139706,Maravilhas,1980,true,,,existia
3139805,Mar de Espanha,1980,true,,,existia
3139904,Maria da Fé,1980,true,,,existia
3140001,Mariana,1980,true,,,existia
3140100,Marilac,1980,true,,,existia
3140209,Maripá de Minas,1980,true,,,existia
3140308,Marliéria,1980,true,,,existia
3140407,Marmelópolis,1980,true,,,existia
3140506,Martinho Campos,1980,true,,,existia
3140605,Materlândia,1980,true,,,existia
3140704,Mateus Leme,1980,true,,,existia
3140803,Matias Barbosa,1980,true,,,existia
3140902,Matipó,1980,true,,,existia
3141009,Mato Verde,1980,true,,,existia
3141108,Matozinhos,1980,true,,,existia
3141207,Matutina,1980,true,,,existia
3141306,Medeiros,1980,true,,,existia
3141405,Medina,1980,true,,,existia
3141504,Mendes Pimentel,1980,true,,,existia
3141603,Mercês,1980,true,,,existia
3141702,Mesquita,1980,true,,,existia
3141801,Minas Novas,1980,true,,,existia
3141900,Minduri,1980,true,,,existia
3142007,Mirabela,1980,true,,,existia
3142106,Miradouro,1980,true,,,existia
3142205,Miraí,1980,true,,,existia
3142304,Moeda,1980,true,,,existia
3142403,Moema,1980,true,,,existia
3142502,Monjolos,1980,true,,,existia
3142601,Monsenhor Paulo,1980,true,,,existia
3142700,Montalvânia,1980,true,,,existia
3142809,Monte Alegre de Minas,1980,true,,,existia
3142908,Monte Azul,1980,true,,,existia
3143005,Monte Belo,1980,true,,,existia
3143104,Monte Carmelo,1980,true,,,existia
3143203,Monte Santo de Minas,1980,true,,,existia
3143302,Montes Claros,1980,true,,,existia
3143401,Monte Sião,1980,true,,,existia
3143500,Morada Nova de Minas,1980,true,,,existia
3143609,Morro da Garça,1980,true,,,existia
3143708,Morro do Pilar,1980,true,,,existia
3143807,Munhoz,1980,true,,,existia
3143906,Muriaé,1980,true,,,existia
3144003,Mutum,1980,true,,,existia
3144102,Muzambinho,1980,true,,,existia
3144201,Nacip Raydan,1980,true,,,existia
3144300,Nanuque,1980,true,,,existia
3144409,Natércia,1980,true,,,existia
3144508,Nazareno,1980,true,,,existia
3144607,Nepomuceno,1980,true,,,existia
3144706,Nova Era,1980,true,,,existia
3144805,Nova Lima,1980,true,,,existia
3144904,Nova Módica,1980,true,,,existia
3145000,Nova Ponte,1980,true,,,existia
3145109,Nova Resende,1980,true,,,existia
3145208,Nova Serrana,1980,true,,,existia
3145307,Novo Cruzeiro,1980,true,,,existia
3145406,Olaria,1980,true,,,existia
3145505,Olímpio Noronha,1980,true,,,existia
3145604,Oliveira,1980,true,,,existia
3145703,Oliveira Fortes,1980,true,,,existia
3145802,Onça de Pitangui,1980,true,,,existia
3145901,Ouro Branco,1980,true,,,existia
3146008,Ouro Fino,1980,true,,,existia
3146107,Ouro Preto,1980,true,,,existia
3146206,Ouro Verde de Minas,1980,true,,,existia
3146305,Padre Paraíso,1980,true,,,existia
3146404,Paineiras,1980,true,,,existia
3146503,Pains,1980,true,,,existia
3146602,Paiva,1980,true,,,existia
3146701,Palma,1980,true,,,existia
3146909,Papagaios,1980,true,,,existia
3147006,Paracatu,1980,true,,,existia
3147105,Pará de Minas,1980,true,,,existia
3147204,Paraguaçu,1980,true,,,existia
3147303,Paraisópolis,1980,true,,,existia
3147402,Paraopeba,1980,true,,,existia
3147501,Passabém,1980,true,,,existia
3147600,Passa Quatro,1980,true,,,existia
3147709,Passa Tempo,1980,true,,,existia
3147808,Passa Vinte,1980,true,,,existia
3147907,Passos,1980,true,,,existia
3148004,Patos de Minas,1980,true,,,existia
3148103,Patrocínio,1980,true,,,existia
3148202,Patrocínio do Muriaé,1980,true,,,existia
3148301,Paula Cândido,1980,true,,,existia
3148400,Paulistas,1980,true,,,existia
3148509,Pavão,1980,true,,,existia
3148608,Peçanha,1980,true,,,existia
3148707,Pedra Azul,1980,true,,,existia
3148806,Pedra do Anta,1980,true,,,existia
3148905,Pedra do Indaiá,1980,true,,,existia
3149002,Pedra Dourada,1980,true,,,existia
3149101,Pedralva,1980,true,,,existia
3149200,Pedrinópolis,1980,true,,,existia
3149309,Pedro Leopoldo,1980,true,,,existia
3149408,Pedro Teixeira,1980,true,,,existia
3149507,Pequeri,1980,true,,,existia
3149606,Pequi,1980,true,,,existia
3149705,Perdigão,1980,true,,,existia
3149804,Perdizes,1980,true,,,existia
3149903,Perdões,1980,true,,,existia
3150000,Pescador,1980,true,,,existia
3150109,Piau,1980,true,,,existia
3150208,Piedade de Ponte Nova,1980,true,,,existia
3150307,Piedade do Rio Grande,1980,true,,,existia
3150406,Piedade dos Gerais,1980,true,,,existia
3150505,Pimenta,1980,true,,,existia
3150604,Piracema,1980,true,,,existia
3150703,Pirajuba,1980,true,,,existia
3150802,Piranga,1980,true,,,existia
3150901,Piranguçu,1980,true,,,existia
3151008,Piranguinho,1980,true,,,existia
3151107,Pirapetinga,1980,true,,,existia
3151206,Pirapora,1980,true,,,existia
3151305,Piraúba,1980,true,,,existia
3151404,Pitangui,1980,true,,,existia
3151503,Piumhi,1980,true,,,existia
3151602,Planura,1980,true,,,existia
3151701,Poço Fundo,1980,true,,,existia
3151800,Poços de Caldas,1980,true,,,existia
3151909,Pocrane,1980,true,,,existia
3152006,Pompéu,1980,true,,,existia
3152105,Ponte Nova,1980,true,,,existia
3152204,Porteirinha,1980,true,,,existia
3152303,Porto Firme,1980,true,,,existia
3152402,Poté,1980,true,,,existia
3152501,Pouso Alegre,1980,true,,,existia
3152600,Pouso Alto,1980,true,,,existia
3152709,Prados,1980,true,,,existia
3152808,Prata,1980,true,,,existia
3152907,Pratápolis,1980,true,,,existia
3153004,Pratinha,1980,true,,,existia
3153103,Presidente Bernardes,1980,true,,,existia
3153202,Presidente Juscelino,1980,true,,,existia
3153301,Presidente Kubitschek,1980,true,,,existia
3153400,Presidente Olegário,1980,true,,,existia
3153509,Alto Jequitibá,1980,true,,,existia
3153608,Prudente de Morais,1980,true,,,existia
3153707,Quartel Geral,1980,true,,,existia
3153806,Queluzito,1980,true,,,existia
3153905,Raposos,1980,true,,,existia
3154002,Raul Soares,1980,true,,,existia
3154101,Recreio,1980,true,,,existia
3154200,Resende Costa,1980,true,,,existia
3154309,Resplendor,1980,true,,,existia
3154408,Ressaquinha,1980,true,,,existia
3154507,Riacho dos Machados,1980,true,,,existia
3154606,Ribeirão das Neves,1980,true,,,existia
3154705,Ribeirão Vermelho,1980,true,,,existia
3154804,Rio Acima,1980,true,,,existia
3154903,Rio Casca,1980,true,,,existia
3155009,Rio Doce,1980,true,,,existia
3155108,Rio do Prado,1980,true,,,existia
3155207,Rio Espera,1980,true,,,existia
3155306,Rio Manso,1980,true,,,existia
3155405,Rio Novo,1980,true,,,existia
3155504,Rio Paranaíba,1980,true,,,existia
3155603,Rio Pardo de Minas,1980,true,,,existia
3155702,Rio Piracicaba,1980,true,,,existia
3155801,Rio Pomba,1980,true,,,existia
3155900,Rio Preto,1980,true,,,existia
3156007,Rio Vermelho,1980,true,,,existia
3156106,Ritápolis,1980,true,,,existia
3156205,Rochedo de Minas,1980,true,,,existia
3156304,Rodeiro,1980,true,,,existia
3156403,Romaria,1980,true,,,existia
3156502,Rubelita,1980,true,,,existia
3156601,Rubim,1980,true,,,existia
3156700,Sabará,1980,true,,,existia
3156809,Sabinópolis,1980,true,,,existia
3156908,Sacramento,1980,true,,,existia
3157005,Salinas,1980,true,,,existia
3157104,Salto da Divisa,1980,true,,,existia
3157203,Santa Bárbara,1980,true,,,existia
3157302,Santa Bárbara do Tugúrio,1980,true,,,existia
3157401,Santa Cruz do Escalvado,1980,true,,,existia
3157500,Santa Efigênia de Minas,1980,true,,,existia
3157609,Santa Fé de Minas,1980,true,,,existia
3157708,Santa Juliana,1980,true,,,existia
3157807,Santa Luzia,1980,true,,,existia
3157906,Santa Margarida,1980,true,,,existia
3158003,Santa Maria de Itabira,1980,true,,,existia
3158102,Santa Maria do Salto,1980,true,,,existia
3158201,Santa Maria do Suaçuí,1980,true,,,existia
3158300,Santana da Vargem,1980,true,,,existia
3158409,Santana de Cataguases,1980,true,,,existia
3158508,Santana de Pirapama,1980,true,,,existia
3158607,Santana do Deserto,1980,true,,,existia
3158706,Santana do Garambéu,1980,true,,,existia
3158805,Santana do Jacaré,1980,true,,,existia
3158904,Santana do Manhuaçu,1980,true,,,existia
3159001,Santana do Riacho,1980,true,,,existia
3159100,Santana dos Montes,1980,true,,,existia
3159209,Santa Rita de Caldas,1980,true,,,existia
3159308,Santa Rita de Jacutinga,1980,true,,,existia
3159407,Santa Rita de Ibitipoca,1980,true,,,existia
3159506,Santa Rita do Itueto,1980,true,,,existia
3159605,Santa Rita do Sapucaí,1980,true,,,existia
3159704,Santa Rosa da Serra,1980,true,,,existia
3159803,Santa Vitória,1980,true,,,existia
3159902,Santo Antônio do Amparo,1980,true,,,existia
3160009,Santo Antônio do Aventureiro,1980,true,,,existia
3160108,Santo Antônio do Grama,1980,true,,,existia
3160207,Santo Antônio do Itambé,1980,true,,,existia
3160306,Santo Antônio do Jacinto,1980,true,,,existia
3160405,Santo Antônio do Monte,1980,true,,,existia
3160504,Santo Antônio do Rio Abaixo,1980,true,,,existia
3160603,Santo Hipólito,1980,true,,,existia
3160702,Santos Dumont,1980,true,,,existia
3160801,São Bento Abade,1980,true,,,existia
3160900,São Brás do Suaçuí,1980,true,,,existia
3161007,São Domingos do Prata,1980,true,,,existia
3161106,São Francisco,1980,true,,,existia
3161205,São Francisco de Paula,1980,true,,,existia
3161304,São Francisco de Sales,1980,true,,,existia
3161403,São Francisco do Glória,1980,true,,,existia
3161502,São Geraldo,1980,true,,,existia
3161601,São Geraldo da Piedade,1980,true,,,existia
3161700,São Gonçalo do Abaeté,1980,true,,,existia
3161809,São Gonçalo do Pará,1980,true,,,existia
3161908,São Gonçalo do Rio Abaixo,1980,true,,,existia
3162005,São Gonçalo do Sapucaí,1980,true,,,existia
3162104,São Gotardo,1980,true,,,existia
3162203,São João Batista do Glória,1980,true,,,existia
3162302,São João da Mata,1980,true,,,existia
3162401,São João da Ponte,1980,true,,,existia
3162500,São João del Rei,1980,true,,,existia
3162609,São João do Oriente,1980,true,,,existia
3162708,São João do Paraíso,1980,true,,,existia
3162807,São João Evangelista,1980,true,,,existia
3162906,São João Nepomuceno,1980,true,,,existia
3163003,São José da Safira,1980,true,,,existia
3163102,São José da Varginha,1980,true,,,existia
3163201,São José do Alegre,1980,true,,,existia
3163300,São José do Divino,1980,true,,,existia
3163409,São José do Goiabal,1980,true,,,existia
3163508,São José do Jacuri,1980,true,,,existia
3163607,São José do Mantimento,1980,true,,,existia
3163706,São Lourenço,1980,true,,,existia
3163805,São Miguel do Anta,1980,true,,,existia
3163904,São Pedro da União,1980,true,,,existia
3164001,São Pedro dos Ferros,1980,true,,,existia
3164100,São Pedro do Suaçuí,1980,true,,,existia
3164209,São Romão,1980,true,,,existia
3164308,São Roque de Minas,1980,true,,,existia
3164407,São Sebastião da Bela Vista,1980,true,,,existia
3164506,São Sebastião do Maranhão,1980,true,,,existia
3164605,São Sebastião do Oeste,1980,true,,,existia
3164704,São Sebastião do Paraíso,1980,true,,,existia
3164803,São Sebastião do Rio Preto,1980,true,,,existia
3164902,São Sebastião do Rio Verde,1980,true,,,existia
3165008,São Tiago,1980,true,,,existia
3165107,São Tomás de Aquino,1980,true,,,existia
3165206,São Tomé das Letras,1980,true,,,existia
3165305,São Vicente de Minas,1980,true,,,existia
3165404,Sapucaí-Mirim,1980,true,,,existia
3165503,Sardoá,1980,true,,,existia
3165602,Senador Cortes,1980,true,,,existia
3165701,Senador Firmino,1980,true,,,existia
3165800,Senador José Bento,1980,true,,,existia
3165909,Senador Modestino Gonçalves,1980,true,,,existia
3166006,Senhora de Oliveira,1980,true,,,existia
3166105,Senhora do Porto,1980,true,,,existia
3166204,Senhora dos Remédios,1980,true,,,existia
3166303,Sericita,1980,true,,,existia
3166402,Seritinga,1980,true,,,existia
3166501,Serra Azul de Minas,1980,true,,,existia
3166600,Serra da Saudade,1980,true,,,existia
3166709,Serra dos Aimorés,1980,true,,,existia
3166808,Serra do Salitre,1980,true,,,existia
3166907,Serrania,1980,true,,,existia
3167004,Serranos,1980,true,,,existia
3167103,Serro,1980,true,,,existia
3167202,Sete Lagoas,1980,true,,,existia
3167301,Silveirânia,1980,true,,,existia
3167400,Silvianópolis,1980,true,,,existia
3167509,Simão Pereira,1980,true,,,existia
3167608,Simonésia,1980,true,,,existia
3167707,Sobrália,1980,true,,,existia
3167806,Soledade de Minas,1980,true,,,existia
3167905,Tabuleiro,1980,true,,,existia
3168002,Taiobeiras,1980,true,,,existia
3168101,Tapira,1980,true,,,existia
3168200,Tapiraí,1980,true,,,existia
3168309,Taquaraçu de Minas,1980,true,,,existia
3168408,Tarumirim,1980,true,,,existia
3168507,Teixeiras,1980,true,,,existia
3168606,Teófilo Otoni,1980,true,,,existia
3168705,Timóteo,1980,true,,,existia
3168804,Tiradentes,1980,true,,,existia
3168903,Tiros,1980,true,,,existia
3169000,Tocantins,1980,true,,,existia
3169109,Toledo,1980,true,,,existia
3169208,Tombos,1980,true,,,existia
3169307,Três Corações,1980,true,,,existia
3169356,Três Marias,1980,true,,,existia
3169406,Três Pontas,1980,true,,,existia
3169505,Tumiritinga,1980,true,,,existia
3169604,Tupaciguara,1980,true,,,existia
3169703,Turmalina,1980,true,,,existia
3169802,Turvolândia,1980,true,,,existia
3169901,Ubá,1980,true,,,existia
3170008,Ubaí,1980,true,,,existia
3170107,Uberaba,1980,true,,,existia
3170206,Uberlândia,1980,true,,,existia
3170305,Umburatiba,1980,true,,,existia
3170404,Unaí,1980,true,,,existia
3170503,Urucânia,1980,true,,,existia
3170602,Vargem Bonita,1980,true,,,existia
3170701,Varginha,1980,true,,,existia
3170800,Várzea da Palma,1980,true,,,existia
3170909,Varzelândia,1980,true,,,existia
3171006,Vazante,1980,true,,,existia
3171105,Veríssimo,1980,true,,,existia
3171204,Vespasiano,1980,true,,,existia
3171303,Viçosa,1980,true,,,existia
3171402,Vieiras,1980,true,,,existia
3171501,Mathias Lobato,1980,true,,,existia
3171600,Virgem da Lapa,1980,true,,,existia
3171709,Virgínia,1980,true,,,existia
3171808,Virginópolis,1980,true,,,existia
3171907,Virgolândia,1980,true,,,existia
3172004,Visconde do Rio Branco,1980,true,,,existia
3172103,Volta Grande,1980,true,,,existia
3172202,Wenceslau Braz,1980,true,,,existia
3200102,Afonso Cláudio,1980,true,,,existia
3200201,Alegre,1980,true,,,existia
3200300,Alfredo Chaves,1980,true,,,existia
3200409,Anchieta,1980,true,,,existia
3200508,Apiacá,1980,true,,,existia
3200607,Aracruz,1980,true,,,existia
3200706,Atílio Vivácqua,1980,true,,,existia
3200805,Baixo Guandu,1980,true,,,existia
3200904,Barra de São Francisco,1980,true,,,existia
3201001,Boa Esperança,1980,true,,,existia
3201100,Bom Jesus do Norte,1980,true,,,existia
3201209,Cachoeiro de Itapemirim,1980,true,,,existia
3201308,Cariacica,1980,true,,,existia
3201407,Castelo,1980,true,,,existia
3201506,Colatina,1980,true,,,existia
3201605,Conceição da Barra,1980,true,,,existia
3201704,Conceição do Castelo,1980,true,,,existia
3201803,Divino de São Lourenço,1980,true,,,existia
3201902,Domingos Martins,1980,true,,,existia
3202009,Dores do Rio Preto,1980,true,,,existia
3202108,Ecoporanga,1980,true,,,existia
3202207,Fundão,1980,true,,,existia
3202306,Guaçuí,1980,true,,,existia
3202405,Guarapari,1980,true,,,existia
3202504,Ibiraçu,1980,true,,,existia
3202603,Iconha,1980,true,,,existia
3202702,Itaguaçu,1980,true,,,existia
3202801,Itapemirim,1980,true,,,existia
3202900,Itarana,1980,true,,,existia
3203007,Iúna,1980,true,,,existia
3203106,Jerônimo Monteiro,1980,true,,,existia
3203205,Linhares,1980,true,,,existia
3203304,Mantenópolis,1980,true,,,existia
3203403,Mimoso do Sul,1980,true,,,existia
3203502,Montanha,1980,true,,,existia
3203601,Mucurici,1980,true,,,existia
3203700,Muniz Freire,1980,true,,,existia
3203809,Muqui,1980,true,,,existia
3203908,Nova Venécia,1980,true,,,existia
3204005,Pancas,1980,true,,,existia
3204104,Pinheiros,1980,true,,,existia
3204203,Piúma,1980,true,,,existia
3204302,Presidente Kennedy,1980,true,,,existia
3204401,Rio Novo do Sul,1980,true,,,existia
3204500,Santa Leopoldina,1980,true,,,existia
3204609,Santa Teresa,1980,true,,,existia
3204708,São Gabriel da Palha,1980,true,,,existia
3204807,São José do Calçado,1980,true,,,existia
3204906,São Mateus,1980,true,,,existia
3205002,Serra,1980,true,,,existia
3205101,Viana,1980,true,,,existia
3205200,Vila Velha,1980,true,,,existia
3205309,Vitória,1980,true,,,existia
3300100,Angra dos Reis,1980,true,,,existia
3300209,Araruama,1980,true,,,existia
3300308,Barra do Piraí,1980,true,,,existia
3300407,Barra Mansa,1980,true,,,existia
3300506,Bom Jardim,1980,true,,,existia
3300605,Bom Jesus do Itabapoana,1980,true,,,existia
3300704,Cabo Frio,1980,true,,,existia
3300803,Cachoeiras de Macacu,1980,true,,,existia
3300902,Cambuci,1980,true,,,existia
3301009,Campos dos Goytacazes,1980,true,,,existia
3301108,Cantagalo,1980,true,,,existia
3301207,Carmo,1980,true,,,existia
3301306,Casimiro de Abreu,1980,true,,,existia
3301405,Conceição de Macabu,1980,true,,,existia
3301504,Cordeiro,1980,true,,,existia
3301603,Duas Barras,1980,true,,,existia
3301702,Duque de Caxias,1980,true,,,existia
3301801,Engenheiro Paulo de Frontin,1980,true,,,existia
3301900,Itaboraí,1980,true,,,existia
3302007,Itaguaí,1980,true,,,existia
3302106,Itaocara,1980,true,,,existia
3302205,Itaperuna,1980,true,,,existia
3302304,Laje do Muriaé,1980,true,,,existia
3302403,Macaé,1980,true,,,existia
3302502,Magé,1980,true,,,existia
3302601,Mangaratiba,1980,true,,,existia
3302700,Maricá,1980,true,,,existia
3302809,Mendes,1980,true,,,existia
3302908,Miguel Pereira,1980,true,,,existia
3303005,Miracema,1980,true,,,existia
3303104,Natividade,1980,true,,,existia
3303203,Nilópolis,1980,true,,,existia
3303302,Niterói,1980,true,,,existia
3303401,Nova Friburgo,1980,true,,,existia
3303500,Nova Iguaçu,1980,true,,,existia
3303609,Paracambi,1980,true,,,existia
3303708,Paraíba do Sul,1980,true,,,existia
3303807,Paraty,1980,true,,,existia
3303906,Petrópolis,1980,true,,,existia
3304003,Piraí,1980,true,,,existia
3304102,Porciúncula,1980,true,,,existia
3304201,Resende,1980,true,,,existia
3304300,Rio Bonito,1980,true,,,existia
3304409,Rio Claro,1980,true,,,existia
3304508,Rio das Flores,1980,true,,,existia
3304557,Rio de Janeiro,1980,true,,,existia
3304607,Santa Maria Madalena,1980,true,,,existia
3304706,Santo Antônio de Pádua,1980,true,,,existia
3304805,São Fidélis,1980,true,,,existia
3304904,São Gonçalo,1980,true,,,existia
3305000,São João da Barra,1980,true,,,existia
3305109,São João de Meriti,1980,true,,,existia
3305208,São Pedro da Aldeia,1980,true,,,existia
3305307,São Sebastião do Alto,1980,true,,,existia
3305406,Sapucaia,1980,true,,,existia
3305505,Saquarema,1980,true,,,existia
3305604,Silva Jardim,1980,true,,,existia
3305703,Sumidouro,1980,true,,,existia
3305802,Teresópolis,1980,true,,,existia
3305901,Trajano de Moraes,1980,true,,,existia
3306008,Três Rios,1980,true,,,existia
3306107,Valença,1980,true,,,existia
3306206,Vassouras,1980,true,,,existia
3306305,Volta Redonda,1980,true,,,existia
3500105,Adamantina,1980,true,,,existia
3500204,Adolfo,1980,true,,,existia
3500303,Aguaí,1980,true,,,existia
3500402,Águas da Prata,1980,true,,,existia
3500501,Águas de Lindóia,1980,true,,,existia
3500550,Águas de Santa Bárbara,1980,true,,,existia
3500600,Águas de São Pedro,1980,true,,,existia
3500709,Agudos,1980,true,,,existia
3500808,Alfredo Marcondes,1980,true,,,existia
3500907,Altair,1980,true,,,existia
3501004,Altinópolis,1980,true,,,existia
3501103,Alto Alegre,1980,true,,,existia
3501202,Álvares Florence,1980,true,,,existia
3501301,Álvares Machado,1980,true,,,existia
3501400,Álvaro de Carvalho,1980,true,,,existia
3501509,Alvinlândia,1980,true,,,existia
3501608,Americana,1980,true,,,existia
3501707,Américo Brasiliense,1980,true,,,existia
3501806,Américo de Campos,1980,true,,,existia
3501905,Amparo,1980,true,,,existia
3502002,Analândia,1980,true,,,existia
3502101,Andradina,1980,true,,,existia
3502200,Angatuba,1980,true,,,existia
3502309,Anhembi,1980,true,,,existia
3502408,Anhumas,1980,true,,,existia
3502507,Aparecida,1980,true,,,existia
3502606,Aparecida d'Oeste,1980,true,,,existia
3502705,Apiaí,1980,true,,,existia
3502804,Araçatuba,1980,true,,,existia
3502903,Araçoiaba da Serra,1980,true,,,existia
3503000,Aramina,1980,true,,,existia
3503109,Arandu,1980,true,,,existia
3503208,Araraquara,1980,true,,,existia
3503307,Araras,1980,true,,,existia
3503406,Arealva,1980,true,,,existia
3503505,Areias,1980,true,,,existia
3503604,Areiópolis,1980,true,,,existia
3503703,Ariranha,1980,true,,,existia
3503802,Artur Nogueira,1980,true,,,existia
3503901,Arujá,1980,true,,,existia
3504008,Assis,1980,true,,,existia
3504107,Atibaia,1980,true,,,existia
3504206,Auriflama,1980,true,,,existia
3504305,Avaí,1980,true,,,existia
3504404,Avanhandava,1980,true,,,existia
3504503,Avaré,1980,true,,,existia
3504602,Bady Bassitt,1980,true,,,existia
3504701,Balbinos,1980,true,,,existia
3504800,Bálsamo,1980,true,,,existia
3504909,Bananal,1980,true,,,existia
3505005,Barão de Antonina,1980,true,,,existia
3505104,Barbosa,1980,true,,,existia
3505203,Bariri,1980,true,,,existia
3505302,Barra Bonita,1980,true,,,existia
3505401,Barra do Turvo,1980,true,,,existia
3505500,Barretos,1980,true,,,existia
3505609,Barrinha,1980,true,,,existia
3505708,Barueri,1980,true,,,existia
3505807,Bastos,1980,true,,,existia
3505906,Batatais,1980,true,,,existia
3506003,Bauru,1980,true,,,existia
3506102,Bebedouro,1980,true,,,existia
3506201,Bento de Abreu,1980,true,,,existia
3506300,Bernardino de Campos,1980,true,,,existia
3506409,Bilac,1980,true,,,existia
3506508,Birigui,1980,true,,,existia
3506607,Biritiba Mirim,1980,true,,,existia
3506706,Boa Esperança do Sul,1980,true,,,existia
3506805,Bocaina,1980,true,,,existia
3506904,Bofete,1980,true,,,existia
3507001,Boituva,1980,true,,,existia
3507100,Bom Jesus dos Perdões,1980,true,,,existia
3507209,Borá,1980,true,,,existia
3507308,Boracéia,1980,true,,,existia
3507407,Borborema,1980,true,,,existia
3507506,Botucatu,1980,true,,,existia
3507605,Bragança Paulista,1980,true,,,existia
3507704,Braúna,1980,true,,,existia
3507803,Brodowski,1980,true,,,existia
3507902,Brotas,1980,true,,,existia
3508009,Buri,1980,true,,,existia
3508108,Buritama,1980,true,,,existia
3508207,Buritizal,1980,true,,,existia
3508306,Cabrália Paulista,1980,true,,,existia
3508405,Cabreúva,1980,true,,,existia
3508504,Caçapava,1980,true,,,existia
3508603,Cachoeira Paulista,1980,true,,,existia
3508702,Caconde,1980,true,,,existia
3508801,Cafelândia,1980,true,,,existia
3508900,Caiabu,1980,true,,,existia
3509007,Caieiras,1980,true,,,existia
3509106,Caiuá,1980,true,,,existia
3509205,Cajamar,1980,true,,,existia
3509304,Cajobi,1980,true,,,existia
3509403,Cajuru,1980,true,,,existia
3509502,Campinas,1980,true,,,existia
3509601,Campo Limpo Paulista,1980,true,,,existia
3509700,Campos do Jordão,1980,true,,,existia
3509809,Campos Novos Paulista,1980,true,,,existia
3509908,Cananéia,1980,true,,,existia
3510005,Cândido Mota,1980,true,,,existia
3510104,Cândido Rodrigues,1980,true,,,existia
3510203,Capão Bonito,1980,true,,,existia
3510302,Capela do Alto,1980,true,,,existia
3510401,Capivari,1980,true,,,existia
3510500,Caraguatatuba,1980,true,,,existia
3510609,Carapicuíba,1980,true,,,existia
3510708,Cardoso,1980,true,,,existia
3510807,Casa Branca,1980,true,,,existia
3510906,Cássia dos Coqueiros,1980,true,,,existia
3511003,Castilho,1980,true,,,existia
3511102,Catanduva,1980,true,,,existia
3511201,Catiguá,1980,true,,,existia
3511300,Cedral,1980,true,,,existia
3511409,Cerqueira César,1980,true,,,existia
3511508,Cerquilho,1980,true,,,existia
3511607,Cesário Lange,1980,true,,,existia
3511706,Charqueada,1980,true,,,existia
3511904,Clementina,1980,true,,,existia
3512001,Colina,1980,true,,,existia
3512100,Colômbia,1980,true,,,existia
3512209,Conchal,1980,true,,,existia
3512308,Conchas,1980,true,,,existia
3512407,Cordeirópolis,1980,true,,,existia
3512506,Coroados,1980,true,,,existia
3512605,Coronel Macedo,1980,true,,,existia
3512704,Corumbataí,1980,true,,,existia
3512803,Cosmópolis,1980,true,,,existia
3512902,Cosmorama,1980,true,,,existia
3513009,Cotia,1980,true,,,existia
3513108,Cravinhos,1980,true,,,existia
3513207,Cristais Paulista,1980,true,,,existia
3513306,Cruzália,1980,true,,,existia
3513405,Cruzeiro,1980,true,,,existia
3513504,Cubatão,1980,true,,,existia
3513603,Cunha,1980,true,,,existia
3513702,Descalvado,1980,true,,,existia
3513801,Diadema,1980,true,,,existia
3513900,Divinolândia,1980,true,,,existia
3514007,Dobrada,1980,true,,,existia
3514106,Dois Córregos,1980,true,,,existia
3514205,Dolcinópolis,1980,true,,,existia
3514304,Dourado,1980,true,,,existia
3514403,Dracena,1980,true,,,existia
3514502,Duartina,1980,true,,,existia
3514601,Dumont,1980,true,,,existia
3514700,Echaporã,1980,true,,,existia
3514809,Eldorado,1980,true,,,existia
3514908,Elias Fausto,1980,true,,,existia
3515004,Embu das Artes,1980,true,,,existia
3515103,Embu-Guaçu,1980,true,,,existia
3515186,Espírito Santo do Pinhal,1980,true,,,existia
3515202,Estrela d'Oeste,1980,true,,,existia
3515301,Estrela do Norte,1980,true,,,existia
3515400,Fartura,1980,true,,,existia
3515509,Fernandópolis,1980,true,,,existia
3515608,Fernando Prestes,1980,true,,,existia
3515707,Ferraz de Vasconcelos,1980,true,,,existia
3515806,Flora Rica,1980,true,,,existia
3515905,Floreal,1980,true,,,existia
3516002,Flórida Paulista,1980,true,,,existia
3516101,Florínea,1980,true,,,existia
3516200,Franca,1980,true,,,existia
3516309,Francisco Morato,1980,true,,,existia
3516408,Franco da Rocha,1980,true,,,existia
3516507,Gabriel Monteiro,1980,true,,,existia
3516606,Gália,1980,true,,,existia
3516705,Garça,1980,true,,,existia
3516804,Gastão Vidigal,1980,true,,,existia
3516903,General Salgado,1980,true,,,existia
3517000,Getulina,1980,true,,,existia
3517109,Glicério,1980,true,,,existia
3517208,Guaiçara,1980,true,,,existia
3517307,Guaimbê,1980,true,,,existia
3517406,Guaíra,1980,true,,,existia
3517505,Guapiaçu,1980,true,,,existia
3517604,Guapiara,1980,true,,,existia
3517703,Guará,1980,true,,,existia
3517802,Guaraçaí,1980,true,,,existia
3517901,Guaraci,1980,true,,,existia
3518008,Guarani d'Oeste,1980,true,,,existia
3518107,Guarantã,1980,true,,,existia
3518206,Guararapes,1980,true,,,existia
3518305,Guararema,1980,true,,,existia
3518404,Guaratinguetá,1980,true,,,existia
3518503,Guareí,1980,true,,,existia
3518602,Guariba,1980,true,,,existia
3518701,Guarujá,1980,true,,,existia
3518800,Guarulhos,1980,true,,,existia
3518909,Guzolândia,1980,true,,,existia
3519006,Herculândia,1980,true,,,existia
3519105,Iacanga,1980,true,,,existia
3519204,Iacri,1980,true,,,existia
3519303,Ibaté,1980,true,,,existia
3519402,Ibirá,1980,true,,,existia
3519501,Ibirarema,1980,true,,,existia
3519600,Ibitinga,1980,true,,,existia
3519709,Ibiúna,1980,true,,,existia
3519808,Icém,1980,true,,,existia
3519907,Iepê,1980,true,,,existia
3520004,Igaraçu do Tietê,1980,true,,,existia
3520103,Igarapava,1980,true,,,existia
3520202,Igaratá,1980,true,,,existia
3520301,Iguape,1980,true,,,existia
3520400,Ilhabela,1980,true,,,existia
3520509,Indaiatuba,1980,true,,,existia
3520608,Indiana,1980,true,,,existia
3520707,Indiaporã,1980,true,,,existia
3520806,Inúbia Paulista,1980,true,,,existia
3520905,Ipaussu,1980,true,,,existia
3521002,Iperó,1980,true,,,existia
3521101,Ipeúna,1980,true,,,existia
3521200,Iporanga,1980,true,,,existia
3521309,Ipuã,1980,true,,,existia
3521408,Iracemápolis,1980,true,,,existia
3521507,Irapuã,1980,true,,,existia
3521606,Irapuru,1980,true,,,existia
3521705,Itaberá,1980,true,,,existia
3521804,Itaí,1980,true,,,existia
3521903,Itajobi,1980,true,,,existia
3522000,Itaju,1980,true,,,existia
3522109,Itanhaém,1980,true,,,existia
3522208,Itapecerica da Serra,1980,true,,,existia
3522307,Itapetininga,1980,true,,,existia
3522406,Itapeva,1980,true,,,existia
3522505,Itapevi,1980,true,,,existia
3522604,Itapira,1980,true,,,existia
3522703,Itápolis,1980,true,,,existia
3522802,Itaporanga,1980,true,,,existia
3522901,Itapuí,1980,true,,,existia
3523008,Itapura,1980,true,,,existia
3523107,Itaquaquecetuba,1980,true,,,existia
3523206,Itararé,1980,true,,,existia
3523305,Itariri,1980,true,,,existia
3523404,Itatiba,1980,true,,,existia
3523503,Itatinga,1980,true,,,existia
3523602,Itirapina,1980,true,,,existia
3523701,Itirapuã,1980,true,,,existia
3523800,Itobi,1980,true,,,existia
3523909,Itu,1980,true,,,existia
3524006,Itupeva,1980,true,,,existia
3524105,Ituverava,1980,true,,,existia
3524204,Jaborandi,1980,true,,,existia
3524303,Jaboticabal,1980,true,,,existia
3524402,Jacareí,1980,true,,,existia
3524501,Jaci,1980,true,,,existia
3524600,Jacupiranga,1980,true,,,existia
3524709,Jaguariúna,1980,true,,,existia
3524808,Jales,1980,true,,,existia
3524907,Jambeiro,1980,true,,,existia
3525003,Jandira,1980,true,,,existia
3525102,Jardinópolis,1980,true,,,existia
3525201,Jarinu,1980,true,,,existia
3525300,Jaú,1980,true,,,existia
3525409,Jeriquara,1980,true,,,existia
3525508,Joanópolis,1980,true,,,existia
3525607,João Ramalho,1980,true,,,existia
3525706,José Bonifácio,1980,true,,,existia
3525805,Júlio Mesquita,1980,true,,,existia
3525904,Jundiaí,1980,true,,,existia
3526001,Junqueirópolis,1980,true,,,existia
3526100,Juquiá,1980,true,,,existia
3526209,Juquitiba,1980,true,,,existia
3526308,Lagoinha,1980,true,,,existia
3526407,Laranjal Paulista,1980,true,,,existia
3526506,Lavínia,1980,true,,,existia
3526605,Lavrinhas,1980,true,,,existia
3526704,Leme,1980,true,,,existia
3526803,Lençóis Paulista,1980,true,,,existia
3526902,Limeira,1980,true,,,existia
3527009,Lindóia,1980,true,,,existia
3527108,Lins,1980,true,,,existia
3527207,Lorena,1980,true,,,existia
3527306,Louveira,1980,true,,,existia
3527405,Lucélia,1980,true,,,existia
3527504,Lucianópolis,1980,true,,,existia
3527603,Luís Antônio,1980,true,,,existia
3527702,Luiziânia,1980,true,,,existia
3527801,Lupércio,1980,true,,,existia
3527900,Lutécia,1980,true,,,existia
3528007,Macatuba,1980,true,,,existia
3528106,Macaubal,1980,true,,,existia
3528205,Macedônia,1980,true,,,existia
3528304,Magda,1980,true,,,existia
3528403,Mairinque,1980,true,,,existia
3528502,Mairiporã,1980,true,,,existia
3528601,Manduri,1980,true,,,existia
3528700,Marabá Paulista,1980,true,,,existia
3528809,Maracaí,1980,true,,,existia
3528908,Mariápolis,1980,true,,,existia
3529005,Marília,1980,true,,,existia
3529104,Marinópolis,1980,true,,,existia
3529203,Martinópolis,1980,true,,,existia
3529302,Matão,1980,true,,,existia
3529401,Mauá,1980,true,,,existia
3529500,Mendonça,1980,true,,,existia
3529609,Meridiano,1980,true,,,existia
3529708,Miguelópolis,1980,true,,,existia
3529807,Mineiros do Tietê,1980,true,,,existia
3529906,Miracatu,1980,true,,,existia
3530003,Mira Estrela,1980,true,,,existia
3530102,Mirandópolis,1980,true,,,existia
3530201,Mirante do Paranapanema,1980,true,,,existia
3530300,Mirassol,1980,true,,,existia
3530409,Mirassolândia,1980,true,,,existia
3530508,Mococa,1980,true,,,existia
3530607,Mogi das Cruzes,1980,true,,,existia
3530706,Mogi Guaçu,1980,true,,,existia
3530805,Mogi Mirim,1980,true,,,existia
3530904,Mombuca,1980,true,,,existia
3531001,Monções,1980,true,,,existia
3531100,Mongaguá,1980,true,,,existia
3531209,Monte Alegre do Sul,1980,true,,,existia
3531308,Monte Alto,1980,true,,,existia
3531407,Monte Aprazível,1980,true,,,existia
3531506,Monte Azul Paulista,1980,true,,,existia
3531605,Monte Castelo,1980,true,,,existia
3531704,Monteiro Lobato,1980,true,,,existia
3531803,Monte Mor,1980,true,,,existia
3531902,Morro Agudo,1980,true,,,existia
3532009,Morungaba,1980,true,,,existia
3532108,Murutinga do Sul,1980,true,,,existia
3532207,Narandiba,1980,true,,,existia
3532306,Natividade da Serra,1980,true,,,existia
3532405,Nazaré Paulista,1980,true,,,existia
3532504,Neves Paulista,1980,true,,,existia
3532603,Nhandeara,1980,true,,,existia
3532702,Nipoã,1980,true,,,existia
3532801,Nova Aliança,1980,true,,,existia
3532900,Nova Europa,1980,true,,,existia
3533007,Nova Granada,1980,true,,,existia
3533106,Nova Guataporanga,1980,true,,,existia
3533205,Nova Independência,1980,true,,,existia
3533304,Nova Luzitânia,1980,true,,,existia
3533403,Nova Odessa,1980,true,,,existia
3533502,Novo Horizonte,1980,true,,,existia
3533601,Nuporanga,1980,true,,,existia
3533700,Ocauçu,1980,true,,,existia
3533809,Óleo,1980,true,,,existia
3533908,Olímpia,1980,true,,,existia
3534005,Onda Verde,1980,true,,,existia
3534104,Oriente,1980,true,,,existia
3534203,Orindiúva,1980,true,,,existia
3534302,Orlândia,1980,true,,,existia
3534401,Osasco,1980,true,,,existia
3534500,Oscar Bressane,1980,true,,,existia
3534609,Osvaldo Cruz,1980,true,,,existia
3534708,Ourinhos,1980,true,,,existia
3534807,Ouro Verde,1980,true,,,existia
3534906,Pacaembu,1980,true,,,existia
3535002,Palestina,1980,true,,,existia
3535101,Palmares Paulista,1980,true,,,existia
3535200,Palmeira d'Oeste,1980,true,,,existia
3535309,Palmital,1980,true,,,existia
3535408,Panorama,1980,true,,,existia
3535507,Paraguaçu Paulista,1980,true,,,existia
3535606,Paraibuna,1980,true,,,existia
3535705,Paraíso,1980,true,,,existia
3535804,Paranapanema,1980,true,,,existia
3535903,Paranapuã,1980,true,,,existia
3536000,Parapuã,1980,true,,,existia
3536109,Pardinho,1980,true,,,existia
3536208,Pariquera-Açu,1980,true,,,existia
3536307,Patrocínio Paulista,1980,true,,,existia
3536406,Paulicéia,1980,true,,,existia
3536505,Paulínia,1980,true,,,existia
3536604,Paulo de Faria,1980,true,,,existia
3536703,Pederneiras,1980,true,,,existia
3536802,Pedra Bela,1980,true,,,existia
3536901,Pedranópolis,1980,true,,,existia
3537008,Pedregulho,1980,true,,,existia
3537107,Pedreira,1980,true,,,existia
3537206,Pedro de Toledo,1980,true,,,existia
3537305,Penápolis,1980,true,,,existia
3537404,Pereira Barreto,1980,true,,,existia
3537503,Pereiras,1980,true,,,existia
3537602,Peruíbe,1980,true,,,existia
3537701,Piacatu,1980,true,,,existia
3537800,Piedade,1980,true,,,existia
3537909,Pilar do Sul,1980,true,,,existia
3538006,Pindamonhangaba,1980,true,,,existia
3538105,Pindorama,1980,true,,,existia
3538204,Pinhalzinho,1980,true,,,existia
3538303,Piquerobi,1980,true,,,existia
3538501,Piquete,1980,true,,,existia
3538600,Piracaia,1980,true,,,existia
3538709,Piracicaba,1980,true,,,existia
3538808,Piraju,1980,true,,,existia
3538907,Pirajuí,1980,true,,,existia
3539004,Pirangi,1980,true,,,existia
3539103,Pirapora do Bom Jesus,1980,true,,,existia
3539202,Pirapozinho,1980,true,,,existia
3539301,Pirassununga,1980,true,,,existia
3539400,Piratininga,1980,true,,,existia
3539509,Pitangueiras,1980,true,,,existia
3539608,Planalto,1980,true,,,existia
3539707,Platina,1980,true,,,existia
3539806,Poá,1980,true,,,existia
3539905,Poloni,1980,true,,,existia
3540002,Pompéia,1980,true,,,existia
3540101,Pongaí,1980,true,,,existia
3540200,Pontal,1980,true,,,existia
3540309,Pontes Gestal,1980,true,,,existia
3540408,Populina,1980,true,,,existia
3540507,Porangaba,1980,true,,,existia
3540606,Porto Feliz,1980,true,,,existia
3540705,Porto Ferreira,1980,true,,,existia
3540804,Potirendaba,1980,true,,,existia
3540903,Pradópolis,1980,true,,,existia
3541000,Praia Grande,1980,true,,,existia
3541109,Presidente Alves,1980,true,,,existia
3541208,Presidente Bernardes,1980,true,,,existia
3541307,Presidente Epitácio,1980,true,,,existia
3541406,Presidente Prudente,1980,true,,,existia
3541505,Presidente Venceslau,1980,true,,,existia
3541604,Promissão,1980,true,,,existia
3541703,Quatá,1980,true,,,existia
3541802,Queiroz,1980,true,,,existia
3541901,Queluz,1980,true,,,existia
3542008,Quintana,1980,true,,,existia
3542107,Rafard,1980,true,,,existia
3542206,Rancharia,1980,true,,,existia
3542305,Redenção da Serra,1980,true,,,existia
3542404,Regente Feijó,1980,true,,,existia
3542503,Reginópolis,1980,true,,,existia
3542602,Registro,1980,true,,,existia
3542701,Restinga,1980,true,,,existia
3542800,Ribeira,1980,true,,,existia
3542909,Ribeirão Bonito,1980,true,,,existia
3543006,Ribeirão Branco,1980,true,,,existia
3543105,Ribeirão Corrente,1980,true,,,existia
3543204,Ribeirão do Sul,1980,true,,,existia
3543303,Ribeirão Pires,1980,true,,,existia
3543402,Ribeirão Preto,1980,true,,,existia
3543501,Riversul,1980,true,,,existia
3543600,Rifaina,1980,true,,,existia
3543709,Rincão,1980,true,,,existia
3543808,Rinópolis,1980,true,,,existia
3543907,Rio Claro,1980,true,,,existia
3544004,Rio das Pedras,1980,true,,,existia
3544103,Rio Grande da Serra,1980,true,,,existia
3544202,Riolândia,1980,true,,,existia
3544301,Roseira,1980,true,,,existia
3544400,Rubiácea,1980,true,,,existia
3544509,Rubinéia,1980,true,,,existia
3544608,Sabino,1980,true,,,existia
3544707,Sagres,1980,true,,,existia
3544806,Sales,1980,true,,,existia
3544905,Sales Oliveira,1980,true,,,existia
3545001,Salesópolis,1980,true,,,existia
3545100,Salmourão,1980,true,,,existia
3545209,Salto,1980,true,,,existia
3545308,Salto de Pirapora,1980,true,,,existia
3545407,Salto Grande,1980,true,,,existia
3545506,Sandovalina,1980,true,,,existia
3545605,Santa Adélia,1980,true,,,existia
3545704,Santa Albertina,1980,true,,,existia
3545803,Santa Bárbara d'Oeste,1980,true,,,existia
3546009,Santa Branca,1980,true,,,existia
3546108,Santa Clara d'Oeste,1980,true,,,existia
3546207,Santa Cruz da Conceição,1980,true,,,existia
3546306,Santa Cruz das Palmeiras,1980,true,,,existia
3546405,Santa Cruz do Rio Pardo,1980,true,,,existia
3546504,Santa Ernestina,1980,true,,,existia
3546603,Santa Fé do Sul,1980,true,,,existia
3546702,Santa Gertrudes,1980,true,,,existia
3546801,Santa Isabel,1980,true,,,existia
3546900,Santa Lúcia,1980,true,,,existia
3547007,Santa Maria da Serra,1980,true,,,existia
3547106,Santa Mercedes,1980,true,,,existia
3547205,Santana da Ponte Pensa,1980,true,,,existia
3547304,Santana de Parnaíba,1980,true,,,existia
3547403,Santa Rita d'Oeste,1980,true,,,existia
3547502,Santa Rita do Passa Quatro,1980,true,,,existia
3547601,Santa Rosa de Viterbo,1980,true,,,existia
3547700,Santo Anastácio,1980,true,,,existia
3547809,Santo André,1980,true,,,existia
3547908,Santo Antônio da Alegria,1980,true,,,existia
3548005,Santo Antônio de Posse,1980,true,,,existia
3548104,Santo Antônio do Jardim,1980,true,,,existia
3548203,Santo Antônio do Pinhal,1980,true,,,existia
3548302,Santo Expedito,1980,true,,,existia
3548401,Santópolis do Aguapeí,1980,true,,,existia
3548500,Santos,1980,true,,,existia
3548609,São Bento do Sapucaí,1980,true,,,existia
3548708,São Bernardo do Campo,1980,true,,,existia
3548807,São Caetano do Sul,1980,true,,,existia
3548906,São Carlos,1980,true,,,existia
3549003,São Francisco,1980,true,,,existia
3549102,São João da Boa Vista,1980,true,,,existia
3549201,São João das Duas Pontes,1980,true,,,existia
3549300,São João do Pau d'Alho,1980,true,,,existia
3549409,São Joaquim da Barra,1980,true,,,existia
3549508,São José da Bela Vista,1980,true,,,existia
3549607,São José do Barreiro,1980,true,,,existia
3549706,São José do Rio Pardo,1980,true,,,existia
3549805,São José do Rio Preto,1980,true,,,existia
3549904,São José dos Campos,1980,true,,,existia
3550001,São Luiz do Paraitinga,1980,true,,,existia
3550100,São Manuel,1980,true,,,existia
3550209,São Miguel Arcanjo,1980,true,,,existia
3550308,São Paulo,1980,true,,,existia
3550407,São Pedro,1980,true,,,existia
3550506,São Pedro do Turvo,1980,true,,,existia
3550605,São Roque,1980,true,,,existia
3550704,São Sebastião,1980,true,,,existia
3550803,São Sebastião da Grama,1980,true,,,existia
3550902,São Simão,1980,true,,,existia
3551009,São Vicente,1980,true,,,existia
3551108,Sarapuí,1980,true,,,existia
3551207,Sarutaiá,1980,true,,,existia
3551306,Sebastianópolis do Sul,1980,true,,,existia
3551405,Serra Azul,1980,true,,,existia
3551504,Serrana,1980,true,,,existia
3551603,Serra Negra,1980,true,,,existia
3551702,Sertãozinho,1980,true,,,existia
3551801,Sete Barras,1980,true,,,existia
3551900,Severínia,1980,true,,,existia
3552007,Silveiras,1980,true,,,existia
3552106,Socorro,1980,true,,,existia
3552205,Sorocaba,1980,true,,,existia
3552304,Sud Mennucci,1980,true,,,existia
3552403,Sumaré,1980,true,,,existia
3552502,Suzano,1980,true,,,existia
3552601,Tabapuã,1980,true,,,existia
3552700,Tabatinga,1980,true,,,existia
3552809,Taboão da Serra,1980,true,,,existia
3552908,Taciba,1980,true,,,existia
3553005,Taguaí,1980,true,,,existia
3553104,Taiaçu,1980,true,,,existia
3553203,Taiúva,1980,true,,,existia
3553302,Tambaú,1980,true,,,existia
3553401,Tanabi,1980,true,,,existia
3553500,Tapiraí,1980,true,,,existia
3553609,Tapiratiba,1980,true,,,existia
3553708,Taquaritinga,1980,true,,,existia
3553807,Taquarituba,1980,true,,,existia
3553906,Tarabai,1980,true,,,existia
3554003,Tatuí,1980,true,,,existia
3554102,Taubaté,1980,true,,,existia
3554201,Tejupá,1980,true,,,existia
3554300,Teodoro Sampaio,1980,true,,,existia
3554409,Terra Roxa,1980,true,,,existia
3554508,Tietê,1980,true,,,existia
3554607,Timburi,1980,true,,,existia
3554706,Torrinha,1980,true,,,existia
3554805,Tremembé,1980,true,,,existia
3554904,Três Fronteiras,1980,true,,,existia
3555000,Tupã,1980,true,,,existia
3555109,Tupi Paulista,1980,true,,,existia
3555208,Turiúba,1980,true,,,existia
3555307,Turmalina,1980,true,,,existia
3555406,Ubatuba,1980,true,,,existia
3555505,Ubirajara,1980,true,,,existia
3555604,Uchoa,1980,true,,,existia
3555703,União Paulista,1980,true,,,existia
3555802,Urânia,1980,true,,,existia
3555901,Uru,1980,true,,,existia
3556008,Urupês,1980,true,,,existia
3556107,Valentim Gentil,1980,true,,,existia
3556206,Valinhos,1980,true,,,existia
3556305,Valparaíso,1980,true,,,existia
3556404,Vargem Grande do Sul,1980,true,,,existia
3556503,Várzea Paulista,1980,true,,,existia
3556602,Vera Cruz,1980,true,,,existia
3556701,Vinhedo,1980,true,,,existia
3556800,Viradouro,1980,true,,,existia
3556909,Vista Alegre do Alto,1980,true,,,existia
3557006,Votorantim,1980,true,,,existia
3557105,Votuporanga,1980,true,,,existia
3557204,Chavantes,1980,true,,,existia
4100103,Abatiá,1980,true,,,existia
4100202,Adrianópolis,1980,true,,,existia
4100301,Agudos do Sul,1980,true,,,existia
4100400,Almirante Tamandaré,1980,true,,,existia
4100509,Altônia,1980,true,,,existia
4100608,Alto Paraná,1980,true,,,existia
4100707,Alto Piquiri,1980,true,,,existia
4100806,Alvorada do Sul,1980,true,,,existia
4100905,Amaporã,1980,true,,,existia
4101002,Ampére,1980,true,,,existia
4101101,Andirá,1980,true,,,existia
4101200,Antonina,1980,true,,,existia
4101309,Antônio Olinto,1980,true,,,existia
4101408,Apucarana,1980,true,,,existia
4101507,Arapongas,1980,true,,,existia
4101606,Arapoti,1980,true,,,existia
4101705,Araruna,1980,true,,,existia
4101804,Araucária,1980,true,,,existia
4101903,Assaí,1980,true,,,existia
4102000,Assis Chateaubriand,1980,true,,,existia
4102109,Astorga,1980,true,,,existia
4102208,Atalaia,1980,true,,,existia
4102307,Balsa Nova,1980,true,,,existia
4102406,Bandeirantes,1980,true,,,existia
4102505,Barbosa Ferraz,1980,true,,,existia
4102604,Barracão,1980,true,,,existia
4102703,Barra do Jacaré,1980,true,,,existia
4102802,Bela Vista do Paraíso,1980,true,,,existia
4102901,Bituruna,1980,true,,,existia
4103008,Boa Esperança,1980,true,,,existia
4103107,Bocaiúva do Sul,1980,true,,,existia
4103206,Bom Sucesso,1980,true,,,existia
4103305,Borrazópolis,1980,true,,,existia
4103404,Cafeara,1980,true,,,existia
4103503,Califórnia,1980,true,,,existia
4103602,Cambará,1980,true,,,existia
4103701,Cambé,1980,true,,,existia
4103800,Cambira,1980,true,,,existia
4103909,Campina da Lagoa,1980,true,,,existia
4104006,Campina Grande do Sul,1980,true,,,existia
4104105,Campo do Tenente,1980,true,,,existia
4104204,Campo Largo,1980,true,,,existia
4104303,Campo Mourão,1980,true,,,existia
4104402,Cândido de Abreu,1980,true,,,existia
4104501,Capanema,1980,true,,,existia
4104600,Capitão Leônidas Marques,1980,true,,,existia
4104709,Carlópolis,1980,true,,,existia
4104808,Cascavel,1980,true,,,existia
4104907,Castro,1980,true,,,existia
4105003,Catanduvas,1980,true,,,existia
4105102,Centenário do Sul,1980,true,,,existia
4105201,Cerro Azul,1980,true,,,existia
4105300,Céu Azul,1980,true,,,existia
4105409,Chopinzinho,1980,true,,,existia
4105508,Cianorte,1980,true,,,existia
4105607,Cidade Gaúcha,1980,true,,,existia
4105706,Clevelândia,1980,true,,,existia
4105805,Colombo,1980,true,,,existia
4105904,Colorado,1980,true,,,existia
4106001,Congonhinhas,1980,true,,,existia
4106100,Conselheiro Mairinck,1980,true,,,existia
4106209,Contenda,1980,true,,,existia
4106308,Corbélia,1980,true,,,existia
4106407,Cornélio Procópio,1980,true,,,existia
4106506,Coronel Vivida,1980,true,,,existia
4106605,Cruzeiro do Oeste,1980,true,,,existia
4106704,Cruzeiro do Sul,1980,true,,,existia
4106803,Cruz Machado,1980,true,,,existia
4106902,Curitiba,1980,true,,,existia
4107009,Curiúva,1980,true,,,existia
4107108,Diamante do Norte,1980,true,,,existia
4107207,Dois Vizinhos,1980,true,,,existia
4107306,Doutor Camargo,1980,true,,,existia
4107405,Enéas Marques,1980,true,,,existia
4107504,Engenheiro Beltrão,1980,true,,,existia
4107603,Faxinal,1980,true,,,existia
4107702,Fênix,1980,true,,,existia
4107801,Floraí,1980,true,,,existia
4107900,Floresta,1980,true,,,existia
4108007,Florestópolis,1980,true,,,existia
4108106,Flórida,1980,true,,,existia
4108205,Formosa do Oeste,1980,true,,,existia
4108304,Foz do Iguaçu,1980,true,,,existia
4108320,Francisco Alves,1980,true,,,existia
4108403,Francisco Beltrão,1980,true,,,existia
4108502,General Carneiro,1980,true,,,existia
4108601,Goioerê,1980,true,,,existia
4108700,Grandes Rios,1980,true,,,existia
4108809,Guaíra,1980,true,,,existia
4108908,Guairaçá,1980,true,,,existia
4109005,Guapirama,1980,true,,,existia
4109104,Guaporema,1980,true,,,existia
4109203,Guaraci,1980,true,,,existia
4109302,Guaraniaçu,1980,true,,,existia
4109401,Guarapuava,1980,true,,,existia
4109500,Guaraqueçaba,1980,true,,,existia
4109609,Guaratuba,1980,true,,,existia
4109708,Ibaiti,1980,true,,,existia
4109807,Ibiporã,1980,true,,,existia
4109906,Icaraíma,1980,true,,,existia
4110003,Iguaraçu,1980,true,,,existia
4110102,Imbituva,1980,true,,,existia
4110201,Inácio Martins,1980,true,,,existia
4110300,Inajá,1980,true,,,existia
4110409,Indianópolis,1980,true,,,existia
4110508,Ipiranga,1980,true,,,existia
4110607,Iporã,1980,true,,,existia
4110706,Irati,1980,true,,,existia
4110805,Iretama,1980,true,,,existia
4110904,Itaguajé,1980,true,,,existia
4111001,Itambaracá,1980,true,,,existia
4111100,Itambé,1980,true,,,existia
4111209,Itapejara d'Oeste,1980,true,,,existia
4111308,Itaúna do Sul,1980,true,,,existia
4111407,Ivaí,1980,true,,,existia
4111506,Ivaiporã,1980,true,,,existia
4111605,Ivatuba,1980,true,,,existia
4111704,Jaboti,1980,true,,,existia
4111803,Jacarezinho,1980,true,,,existia
4111902,Jaguapitã,1980,true,,,existia
4112009,Jaguariaíva,1980,true,,,existia
4112108,Jandaia do Sul,1980,true,,,existia
4112207,Janiópolis,1980,true,,,existia
4112306,Japira,1980,true,,,existia
4112405,Japurá,1980,true,,,existia
4112504,Jardim Alegre,1980,true,,,existia
4112603,Jardim Olinda,1980,true,,,existia
4112702,Jataizinho,1980,true,,,existia
4112801,Joaquim Távora,1980,true,,,existia
4112900,Jundiaí do Sul,1980,true,,,existia
4113007,Jussara,1980,true,,,existia
4113106,Kaloré,1980,true,,,existia
4113205,Lapa,1980,true,,,existia
4113304,Laranjeiras do Sul,1980,true,,,existia
4113403,Leópolis,1980,true,,,existia
4113502,Loanda,1980,true,,,existia
4113601,Lobato,1980,true,,,existia
4113700,Londrina,1980,true,,,existia
4113809,Lupionópolis,1980,true,,,existia
4113908,Mallet,1980,true,,,existia
4114005,Mamborê,1980,true,,,existia
4114104,Mandaguaçu,1980,true,,,existia
4114203,Mandaguari,1980,true,,,existia
4114302,Mandirituba,1980,true,,,existia
4114401,Mangueirinha,1980,true,,,existia
4114500,Manoel Ribas,1980,true,,,existia
4114609,Marechal Cândido Rondon,1980,true,,,existia
4114708,Maria Helena,1980,true,,,existia
4114807,Marialva,1980,true,,,existia
4114906,Marilândia do Sul,1980,true,,,existia
4115002,Marilena,1980,true,,,existia
4115101,Mariluz,1980,true,,,existia
4115200,Maringá,1980,true,,,existia
4115309,Mariópolis,1980,true,,,existia
4115408,Marmeleiro,1980,true,,,existia
4115507,Marumbi,1980,true,,,existia
4115606,Matelândia,1980,true,,,existia
4115705,Matinhos,1980,true,,,existia
4115804,Medianeira,1980,true,,,existia
4115903,Mirador,1980,true,,,existia
4116000,Miraselva,1980,true,,,existia
4116109,Moreira Sales,1980,true,,,existia
4116208,Morretes,1980,true,,,existia
4116307,Munhoz de Melo,1980,true,,,existia
4116406,Nossa Senhora das Graças,1980,true,,,existia
4116505,Nova Aliança do Ivaí,1980,true,,,existia
4116604,Nova América da Colina,1980,true,,,existia
4116703,Nova Aurora,1980,true,,,existia
4116802,Nova Cantu,1980,true,,,existia
4116901,Nova Esperança,1980,true,,,existia
4117008,Nova Fátima,1980,true,,,existia
4117107,Nova Londrina,1980,true,,,existia
4117206,Nova Olímpia,1980,true,,,existia
4117222,Nova Santa Rosa,1980,true,,,existia
4117305,Ortigueira,1980,true,,,existia
4117404,Ourizona,1980,true,,,existia
4117503,Paiçandu,1980,true,,,existia
4117602,Palmas,1980,true,,,existia
4117701,Palmeira,1980,true,,,existia
4117800,Palmital,1980,true,,,existia
4117909,Palotina,1980,true,,,existia
4118006,Paraíso do Norte,1980,true,,,existia
4118105,Paranacity,1980,true,,,existia
4118204,Paranaguá,1980,true,,,existia
4118303,Paranapoema,1980,true,,,existia
4118402,Paranavaí,1980,true,,,existia
4118501,Pato Branco,1980,true,,,existia
4118600,Paula Freitas,1980,true,,,existia
4118709,Paulo Frontin,1980,true,,,existia
4118808,Peabiru,1980,true,,,existia
4118907,Pérola,1980,true,,,existia
4119004,Pérola d'Oeste,1980,true,,,existia
4119103,Piên,1980,true,,,existia
4119202,Pinhalão,1980,true,,,existia
4119301,Pinhão,1980,true,,,existia
4119400,Piraí do Sul,1980,true,,,existia
4119509,Piraquara,1980,true,,,existia
4119608,Pitanga,1980,true,,,existia
4119707,Planaltina do Paraná,1980,true,,,existia
4119806,Planalto,1980,true,,,existia
4119905,Ponta Grossa,1980,true,,,existia
4120002,Porecatu,1980,true,,,existia
4120101,Porto Amazonas,1980,true,,,existia
4120200,Porto Rico,1980,true,,,existia
4120309,Porto Vitória,1980,true,,,existia
4120408,Presidente Castelo Branco,1980,true,,,existia
4120507,Primeiro de Maio,1980,true,,,existia
4120606,Prudentópolis,1980,true,,,existia
4120705,Quatiguá,1980,true,,,existia
4120804,Quatro Barras,1980,true,,,existia
4120903,Quedas do Iguaçu,1980,true,,,existia
4121000,Querência do Norte,1980,true,,,existia
4121109,Quinta do Sol,1980,true,,,existia
4121208,Quitandinha,1980,true,,,existia
4121307,Rancho Alegre,1980,true,,,existia
4121406,Realeza,1980,true,,,existia
4121505,Rebouças,1980,true,,,existia
4121604,Renascença,1980,true,,,existia
4121703,Reserva,1980,true,,,existia
4121802,Ribeirão Claro,1980,true,,,existia
4121901,Ribeirão do Pinhal,1980,true,,,existia
4122008,Rio Azul,1980,true,,,existia
4122107,Rio Bom,1980,true,,,existia
4122206,Rio Branco do Sul,1980,true,,,existia
4122305,Rio Negro,1980,true,,,existia
4122404,Rolândia,1980,true,,,existia
4122503,Roncador,1980,true,,,existia
4122602,Rondon,1980,true,,,existia
4122701,Sabáudia,1980,true,,,existia
4122800,Salgado Filho,1980,true,,,existia
4122909,Salto do Itararé,1980,true,,,existia
4123006,Salto do Lontra,1980,true,,,existia
4123105,Santa Amélia,1980,true,,,existia
4123204,Santa Cecília do Pavão,1980,true,,,existia
4123303,Santa Cruz de Monte Castelo,1980,true,,,existia
4123402,Santa Fé,1980,true,,,existia
4123501,Santa Helena,1980,true,,,existia
4123600,Santa Inês,1980,true,,,existia
4123709,Santa Isabel do Ivaí,1980,true,,,existia
4123808,Santa Izabel do Oeste,1980,true,,,existia
4123907,Santa Mariana,1980,true,,,existia
4124004,Santana do Itararé,1980,true,,,existia
4124103,Santo Antônio da Platina,1980,true,,,existia
4124202,Santo Antônio do Caiuá,1980,true,,,existia
4124301,Santo Antônio do Paraíso,1980,true,,,existia
4124400,Santo Antônio do Sudoeste,1980,true,,,existia
4124509,Santo Inácio,1980,true,,,existia
4124608,São Carlos do Ivaí,1980,true,,,existia
4124707,São Jerônimo da Serra,1980,true,,,existia
4124806,São João,1980,true,,,existia
4124905,São João do Caiuá,1980,true,,,existia
4125001,São João do Ivaí,1980,true,,,existia
4125100,São João do Triunfo,1980,true,,,existia
4125209,São Jorge d'Oeste,1980,true,,,existia
4125308,São Jorge do Ivaí,1980,true,,,existia
4125407,São José da Boa Vista,1980,true,,,existia
4125506,São José dos Pinhais,1980,true,,,existia
4125605,São Mateus do Sul,1980,true,,,existia
4125704,São Miguel do Iguaçu,1980,true,,,existia
4125803,São Pedro do Ivaí,1980,true,,,existia
4125902,São Pedro do Paraná,1980,true,,,existia
4126009,São Sebastião da Amoreira,1980,true,,,existia
4126108,São Tomé,1980,true,,,existia
4126207,Sapopema,1980,true,,,existia
4126306,Sengés,1980,true,,,existia
4126405,Sertaneja,1980,true,,,existia
4126504,Sertanópolis,1980,true,,,existia
4126603,Siqueira Campos,1980,true,,,existia
4126702,Tamboara,1980,true,,,existia
4126801,Tapejara,1980,true,,,existia
4126900,Tapira,1980,true,,,existia
4127007,Teixeira Soares,1980,true,,,existia
4127106,Telêmaco Borba,1980,true,,,existia
4127205,Terra Boa,1980,true,,,existia
4127304,Terra Rica,1980,true,,,existia
4127403,Terra Roxa,1980,true,,,existia
4127502,Tibagi,1980,true,,,existia
4127601,Tijucas do Sul,1980,true,,,existia
4127700,Toledo,1980,true,,,existia
4127809,Tomazina,1980,true,,,existia
4127908,Tuneiras do Oeste,1980,true,,,existia
4128005,Ubiratã,1980,true,,,existia
4128104,Umuarama,1980,true,,,existia
4128203,União da Vitória,1980,true,,,existia
4128302,Uniflor,1980,true,,,existia
4128401,Uraí,1980,true,,,existia
4128500,Wenceslau Braz,1980,true,,,existia
4128609,Verê,1980,true,,,existia
4128708,Vitorino,1980,true,,,existia
4128807,Xambrê,1980,true,,,existia
4200101,Abelardo Luz,1980,true,,,existia
4200200,Agrolândia,1980,true,,,existia
4200309,Agronômica,1980,true,,,existia
4200408,Água Doce,1980,true,,,existia
4200507,Águas de Chapecó,1980,true,,,existia
4200606,Águas Mornas,1980,true,,,existia
4200705,Alfredo Wagner,1980,true,,,existia
4200804,Anchieta,1980,true,,,existia
4200903,Angelina,1980,true,,,existia
4201000,Anita Garibaldi,1980,true,,,existia
4201109,Anitápolis,1980,true,,,existia
4201208,Antônio Carlos,1980,true,,,existia
4201307,Araquari,1980,true,,,existia
4201406,Araranguá,1980,true,,,existia
4201505,Armazém,1980,true,,,existia
4201604,Arroio Trinta,1980,true,,,existia
4201703,Ascurra,1980,true,,,existia
4201802,Atalanta,1980,true,,,existia
4201901,Aurora,1980,true,,,existia
4202008,Balneário Camboriú,1980,true,,,existia
4202107,Barra Velha,1980,true,,,existia
4202206,Benedito Novo,1980,true,,,existia
4202305,Biguaçu,1980,true,,,existia
4202404,Blumenau,1980,true,,,existia
4202503,Bom Jardim da Serra,1980,true,,,existia
4202602,Bom Retiro,1980,true,,,existia
4202701,Botuverá,1980,true,,,existia
4202800,Braço do Norte,1980,true,,,existia
4202909,Brusque,1980,true,,,existia
4203006,Caçador,1980,true,,,existia
4203105,Caibi,1980,true,,,existia
4203204,Camboriú,1980,true,,,existia
4203303,Campo Alegre,1980,true,,,existia
4203402,Campo Belo do Sul,1980,true,,,existia
4203501,Campo Erê,1980,true,,,existia
4203600,Campos Novos,1980,true,,,existia
4203709,Canelinha,1980,true,,,existia
4203808,Canoinhas,1980,true,,,existia
4203907,Capinzal,1980,true,,,existia
4204004,Catanduvas,1980,true,,,existia
4204103,Caxambu do Sul,1980,true,,,existia
4204202,Chapecó,1980,true,,,existia
4204301,Concórdia,1980,true,,,existia
4204400,Coronel Freitas,1980,true,,,existia
4204509,Corupá,1980,true,,,existia
4204608,Criciúma,1980,true,,,existia
4204707,Cunha Porã,1980,true,,,existia
4204806,Curitibanos,1980,true,,,existia
4204905,Descanso,1980,true,,,existia
4205001,Dionísio Cerqueira,1980,true,,,existia
4205100,Dona Emma,1980,true,,,existia
4205209,Erval Velho,1980,true,,,existia
4205308,Faxinal dos Guedes,1980,true,,,existia
4205407,Florianópolis,1980,true,,,existia
4205506,Fraiburgo,1980,true,,,existia
4205605,Galvão,1980,true,,,existia
4205704,Garopaba,1980,true,,,existia
4205803,Garuva,1980,true,,,existia
4205902,Gaspar,1980,true,,,existia
4206009,Governador Celso Ramos,1980,true,,,existia
4206108,Grão-Pará,1980,true,,,existia
4206207,Gravatal,1980,true,,,existia
4206306,Guabiruba,1980,true,,,existia
4206405,Guaraciaba,1980,true,,,existia
4206504,Guaramirim,1980,true,,,existia
4206603,Guarujá do Sul,1980,true,,,existia
4206702,Herval d'Oeste,1980,true,,,existia
4206801,Ibicaré,1980,true,,,existia
4206900,Ibirama,1980,true,,,existia
4207007,Içara,1980,true,,,existia
4207106,Ilhota,1980,true,,,existia
4207205,Imaruí,1980,true,,,existia
4207304,Imbituba,1980,true,,,existia
4207403,Imbuia,1980,true,,,existia
4207502,Indaial,1980,true,,,existia
4207601,Ipira,1980,true,,,existia
4207700,Ipumirim,1980,true,,,existia
4207809,Irani,1980,true,,,existia
4207908,Irineópolis,1980,true,,,existia
4208005,Itá,1980,true,,,existia
4208104,Itaiópolis,1980,true,,,existia
4208203,Itajaí,1980,true,,,existia
4208302,Itapema,1980,true,,,existia
4208401,Itapiranga,1980,true,,,existia
4208500,Ituporanga,1980,true,,,existia
4208609,Jaborá,1980,true,,,existia
4208708,Jacinto Machado,1980,true,,,existia
4208807,Jaguaruna,1980,true,,,existia
4208906,Jaraguá do Sul,1980,true,,,existia
4209003,Joaçaba,1980,true,,,existia
4209102,Joinville,1980,true,,,existia
4209201,Lacerdópolis,1980,true,,,existia
4209300,Lages,1980,true,,,existia
4209409,Laguna,1980,true,,,existia
4209508,Laurentino,1980,true,,,existia
4209607,Lauro Müller,1980,true,,,existia
4209706,Lebon Régis,1980,true,,,existia
4209805,Leoberto Leal,1980,true,,,existia
4209904,Lontras,1980,true,,,existia
4210001,Luiz Alves,1980,true,,,existia
4210100,Mafra,1980,true,,,existia
4210209,Major Gercino,1980,true,,,existia
4210308,Major Vieira,1980,true,,,existia
4210407,Maracajá,1980,true,,,existia
4210506,Maravilha,1980,true,,,existia
4210605,Massaranduba,1980,true,,,existia
4210704,Matos Costa,1980,true,,,existia
4210803,Meleiro,1980,true,,,existia
4210902,Modelo,1980,true,,,existia
4211009,Mondaí,1980,true,,,existia
4211108,Monte Castelo,1980,true,,,existia
4211207,Morro da Fumaça,1980,true,,,existia
4211306,Navegantes,1980,true,,,existia
4211405,Nova Erechim,1980,true,,,existia
4211504,Nova Trento,1980,true,,,existia
4211603,Nova Veneza,1980,true,,,existia
4211702,Orleans,1980,true,,,existia
4211801,Ouro,1980,true,,,existia
4211900,Palhoça,1980,true,,,existia
4212007,Palma Sola,1980,true,,,existia
4212106,Palmitos,1980,true,,,existia
4212205,Papanduva,1980,true,,,existia
4212304,Paulo Lopes,1980,true,,,existia
4212403,Pedras Grandes,1980,true,,,existia
4212502,Penha,1980,true,,,existia
4212601,Peritiba,1980,true,,,existia
4212700,Petrolândia,1980,true,,,existia
4212809,Balneário Piçarras,1980,true,,,existia
4212908,Pinhalzinho,1980,true,,,existia
4213005,Pinheiro Preto,1980,true,,,existia
4213104,Piratuba,1980,true,,,existia
4213203,Pomerode,1980,true,,,existia
4213302,Ponte Alta,1980,true,,,existia
4213401,Ponte Serrada,1980,true,,,existia
4213500,Porto Belo,1980,true,,,existia
4213609,Porto União,1980,true,,,existia
4213708,Pouso Redondo,1980,true,,,existia
4213807,Praia Grande,1980,true,,,existia
4213906,Presidente Castello Branco,1980,true,,,existia
4214003,Presidente Getúlio,1980,true,,,existia
4214102,Presidente Nereu,1980,true,,,existia
4214201,Quilombo,1980,true,,,existia
4214300,Rancho Queimado,1980,true,,,existia
4214409,Rio das Antas,1980,true,,,existia
4214508,Rio do Campo,1980,true,,,existia
4214607,Rio do Oeste,1980,true,,,existia
4214706,Rio dos Cedros,1980,true,,,existia
4214805,Rio do Sul,1980,true,,,existia
4214904,Rio Fortuna,1980,true,,,existia
4215000,Rio Negrinho,1980,true,,,existia
4215109,Rodeio,1980,true,,,existia
4215208,Romelândia,1980,true,,,existia
4215307,Salete,1980,true,,,existia
4215406,Salto Veloso,1980,true,,,existia
4215505,Santa Cecília,1980,true,,,existia
4215604,Santa Rosa de Lima,1980,true,,,existia
4215703,Santo Amaro da Imperatriz,1980,true,,,existia
4215802,São Bento do Sul,1980,true,,,existia
4215901,São Bonifácio,1980,true,,,existia
4216008,São Carlos,1980,true,,,existia
4216107,São Domingos,1980,true,,,existia
4216206,São Francisco do Sul,1980,true,,,existia
4216305,São João Batista,1980,true,,,existia
4216404,São João do Sul,1980,true,,,existia
4216503,São Joaquim,1980,true,,,existia
4216602,São José,1980,true,,,existia
4216701,São José do Cedro,1980,true,,,existia
4216800,São José do Cerrito,1980,true,,,existia
4216909,São Lourenço do Oeste,1980,true,,,existia
4217006,São Ludgero,1980,true,,,existia
4217105,São Martinho,1980,true,,,existia
4217204,São Miguel do Oeste,1980,true,,,existia
4217303,Saudades,1980,true,,,existia
4217402,Schroeder,1980,true,,,existia
4217501,Seara,1980,true,,,existia
4217600,Siderópolis,1980,true,,,existia
4217709,Sombrio,1980,true,,,existia
4217808,Taió,1980,true,,,existia
4217907,Tangará,1980,true,,,existia
4218004,Tijucas,1980,true,,,existia
4218103,Timbé do Sul,1980,true,,,existia
4218202,Timbó,1980,true,,,existia
4218301,Três Barras,1980,true,,,existia
4218400,Treze de Maio,1980,true,,,existia
4218509,Treze Tílias,1980,true,,,existia
4218608,Trombudo Central,1980,true,,,existia
4218707,Tubarão,1980,true,,,existia
4218806,Turvo,1980,true,,,existia
4218905,Urubici,1980,true,,,existia
4219002,Urussanga,1980,true,,,existia
4219101,Vargeão,1980,true,,,existia
4219200,Vidal Ramos,1980,true,,,existia
4219309,Videira,1980,true,,,existia
4219408,Witmarsum,1980,true,,,existia
4219507,Xanxerê,1980,true,,,existia
4219606,Xavantina,1980,true,,,existia
4219705,Xaxim,1980,true,,,existia
4300109,Agudo,1980,true,,,existia
4300208,Ajuricaba,1980,true,,,existia
4300307,Alecrim,1980,true,,,existia
4300406,Alegrete,1980,true,,,existia
4300505,Alpestre,1980,true,,,existia
4300604,Alvorada,1980,true,,,existia
4300703,Anta Gorda,1980,true,,,existia
4300802,Antônio Prado,1980,true,,,existia
4300901,Aratiba,1980,true,,,existia
4301008,Arroio do Meio,1980,true,,,existia
4301107,Arroio dos Ratos,1980,true,,,existia
4301206,Arroio do Tigre,1980,true,,,existia
4301305,Arroio Grande,1980,true,,,existia
4301404,Arvorezinha,1980,true,,,existia
4301503,Augusto Pestana,1980,true,,,existia
4301602,Bagé,1980,true,,,existia
4301701,Barão de Cotegipe,1980,true,,,existia
4301800,Barracão,1980,true,,,existia
4301909,Barra do Ribeiro,1980,true,,,existia
4302006,Barros Cassal,1980,true,,,existia
4302105,Bento Gonçalves,1980,true,,,existia
4302204,Boa Vista do Buricá,1980,true,,,existia
4302303,Bom Jesus,1980,true,,,existia
4302402,Bom Retiro do Sul,1980,true,,,existia
4302501,Bossoroca,1980,true,,,existia
4302600,Braga,1980,true,,,existia
4302709,Butiá,1980,true,,,existia
4302808,Caçapava do Sul,1980,true,,,existia
4302907,Cacequi,1980,true,,,existia
4303004,Cachoeira do Sul,1980,true,,,existia
4303103,Cachoeirinha,1980,true,,,existia
4303202,Cacique Doble,1980,true,,,existia
4303301,Caibaté,1980,true,,,existia
4303400,Caiçara,1980,true,,,existia
4303509,Camaquã,1980,true,,,existia
4303608,Cambará do Sul,1980,true,,,existia
4303707,Campina das Missões,1980,true,,,existia
4303806,Campinas do Sul,1980,true,,,existia
4303905,Campo Bom,1980,true,,,existia
4304002,Campo Novo,1980,true,,,existia
4304200,Candelária,1980,true,,,existia
4304309,Cândido Godói,1980,true,,,existia
4304408,Canela,1980,true,,,existia
4304507,Canguçu,1980,true,,,existia
4304606,Canoas,1980,true,,,existia
4304705,Carazinho,1980,true,,,existia
4304804,Carlos Barbosa,1980,true,,,existia
4304903,Casca,1980,true,,,existia
4305009,Catuípe,1980,true,,,existia
4305108,Caxias do Sul,1980,true,,,existia
4305207,Cerro Largo,1980,true,,,existia
4305306,Chapada,1980,true,,,existia
4305405,Chiapetta,1980,true,,,existia
4305504,Ciríaco,1980,true,,,existia
4305603,Colorado,1980,true,,,existia
4305702,Condor,1980,true,,,existia
4305801,Constantina,1980,true,,,existia
4305900,Coronel Bicaco,1980,true,,,existia
4306007,Crissiumal,1980,true,,,existia
4306106,Cruz Alta,1980,true,,,existia
4306205,Cruzeiro do Sul,1980,true,,,existia
4306304,David Canabarro,1980,true,,,existia
4306403,Dois Irmãos,1980,true,,,existia
4306502,Dom Feliciano,1980,true,,,existia
4306601,Dom Pedrito,1980,true,,,existia
4306700,Dona Francisca,1980,true,,,existia
4306809,Encantado,1980,true,,,existia
4306908,Encruzilhada do Sul,1980,true,,,existia
4307005,Erechim,1980,true,,,existia
4307104,Herval,1980,true,,,existia
4307203,Erval Grande,1980,true,,,existia
4307302,Erval Seco,1980,true,,,existia
4307401,Esmeralda,1980,true,,,existia
4307500,Espumoso,1980,true,,,existia
4307609,Estância Velha,1980,true,,,existia
4307708,Esteio,1980,true,,,existia
4307807,Estrela,1980,true,,,existia
4307906,Farroupilha,1980,true,,,existia
4308003,Faxinal do Soturno,1980,true,,,existia
4308102,Feliz,1980,true,,,existia
4308201,Flores da Cunha,1980,true,,,existia
4308300,Fontoura Xavier,1980,true,,,existia
4308409,Formigueiro,1980,true,,,existia
4308508,Frederico Westphalen,1980,true,,,existia
4308607,Garibaldi,1980,true,,,existia
4308706,Gaurama,1980,true,,,existia
4308805,General Câmara,1980,true,,,existia
4308904,Getúlio Vargas,1980,true,,,existia
4309001,Giruá,1980,true,,,existia
4309100,Gramado,1980,true,,,existia
4309209,Gravataí,1980,true,,,existia
4309308,Guaíba,1980,true,,,existia
4309407,Guaporé,1980,true,,,existia
4309506,Guarani das Missões,1980,true,,,existia
4309605,Horizontina,1980,true,,,existia
4309704,Humaitá,1980,true,,,existia
4309803,Ibiaçá,1980,true,,,existia
4309902,Ibiraiaras,1980,true,,,existia
4310009,Ibirubá,1980,true,,,existia
4310108,Igrejinha,1980,true,,,existia
4310207,Ijuí,1980,true,,,existia
4310306,Ilópolis,1980,true,,,existia
4310405,Independência,1980,true,,,existia
4310504,Iraí,1980,true,,,existia
4310603,Itaqui,1980,true,,,existia
4310702,Itatiba do Sul,1980,true,,,existia
4310801,Ivoti,1980,true,,,existia
4310900,Jacutinga,1980,true,,,existia
4311007,Jaguarão,1980,true,,,existia
4311106,Jaguari,1980,true,,,existia
4311205,Júlio de Castilhos,1980,true,,,existia
4311304,Lagoa Vermelha,1980,true,,,existia
4311403,Lajeado,1980,true,,,existia
4311502,Lavras do Sul,1980,true,,,existia
4311601,Liberato Salzano,1980,true,,,existia
4311700,Machadinho,1980,true,,,existia
4311809,Marau,1980,true,,,existia
4311908,Marcelino Ramos,1980,true,,,existia
4312005,Mariano Moro,1980,true,,,existia
4312104,Mata,1980,true,,,existia
4312203,Maximiliano de Almeida,1980,true,,,existia
4312302,Miraguaí,1980,true,,,existia
4312401,Montenegro,1980,true,,,existia
4312500,Mostardas,1980,true,,,existia
4312609,Muçum,1980,true,,,existia
4312658,Não-Me-Toque,1980,true,,,existia
4312708,Nonoai,1980,true,,,existia
4312807,Nova Araçá,1980,true,,,existia
4312906,Nova Bassano,1980,true,,,existia
4313003,Nova Bréscia,1980,true,,,existia
4313102,Nova Palma,1980,true,,,existia
4313201,Nova Petrópolis,1980,true,,,existia
4313300,Nova Prata,1980,true,,,existia
4313409,Novo Hamburgo,1980,true,,,existia
4313508,Osório,1980,true,,,existia
4313607,Paim Filho,1980,true,,,existia
4313706,Palmeira das Missões,1980,true,,,existia
4313805,Palmitinho,1980,true,,,existia
4313904,Panambi,1980,true,,,existia
4314001,Paraí,1980,true,,,existia
4314100,Passo Fundo,1980,true,,,existia
4314209,Pedro Osório,1980,true,,,existia
4314308,Pejuçara,1980,true,,,existia
4314407,Pelotas,1980,true,,,existia
4314506,Pinheiro Machado,1980,true,,,existia
4314605,Piratini,1980,true,,,existia
4314704,Planalto,1980,true,,,existia
4314803,Portão,1980,true,,,existia
4314902,Porto Alegre,1980,true,,,existia
4315008,Porto Lucena,1980,true,,,existia
4315107,Porto Xavier,1980,true,,,existia
4315206,Putinga,1980,true,,,existia
4315305,Quaraí,1980,true,,,existia
4315404,Redentora,1980,true,,,existia
4315503,Restinga Sêca,1980,true,,,existia
4315602,Rio Grande,1980,true,,,existia
4315701,Rio Pardo,1980,true,,,existia
4315800,Roca Sales,1980,true,,,existia
4315909,Rodeio Bonito,1980,true,,,existia
4316006,Rolante,1980,true,,,existia
4316105,Ronda Alta,1980,true,,,existia
4316204,Rondinha,1980,true,,,existia
4316303,Roque Gonzales,1980,true,,,existia
4316402,Rosário do Sul,1980,true,,,existia
4316501,Salvador do Sul,1980,true,,,existia
4316600,Sananduva,1980,true,,,existia
4316709,Santa Bárbara do Sul,1980,true,,,existia
4316808,Santa Cruz do Sul,1980,true,,,existia
4316907,Santa Maria,1980,true,,,existia
4317004,Santana da Boa Vista,1980,true,,,existia
4317103,Sant'Ana do Livramento,1980,true,,,existia
4317202,Santa Rosa,1980,true,,,existia
4317301,Santa Vitória do Palmar,1980,true,,,existia
4317400,Santiago,1980,true,,,existia
4317509,Santo Ângelo,1980,true,,,existia
4317608,Santo Antônio da Patrulha,1980,true,,,existia
4317707,Santo Antônio das Missões,1980,true,,,existia
4317806,Santo Augusto,1980,true,,,existia
4317905,Santo Cristo,1980,true,,,existia
4318002,São Borja,1980,true,,,existia
4318101,São Francisco de Assis,1980,true,,,existia
4318200,São Francisco de Paula,1980,true,,,existia
4318309,São Gabriel,1980,true,,,existia
4318408,São Jerônimo,1980,true,,,existia
4318507,São José do Norte,1980,true,,,existia
4318606,São José do Ouro,1980,true,,,existia
4318705,São Leopoldo,1980,true,,,existia
4318804,São Lourenço do Sul,1980,true,,,existia
4318903,São Luiz Gonzaga,1980,true,,,existia
4319000,São Marcos,1980,true,,,existia
4319109,São Martinho,1980,true,,,existia
4319208,São Nicolau,1980,true,,,existia
4319307,São Paulo das Missões,1980,true,,,existia
4319406,São Pedro do Sul,1980,true,,,existia
4319505,São Sebastião do Caí,1980,true,,,existia
4319604,São Sepé,1980,true,,,existia
4319703,São Valentim,1980,true,,,existia
4319802,São Vicente do Sul,1980,true,,,existia
4319901,Sapiranga,1980,true,,,existia
4320008,Sapucaia do Sul,1980,true,,,existia
4320107,Sarandi,1980,true,,,existia
4320206,Seberi,1980,true,,,existia
4320305,Selbach,1980,true,,,existia
4320404,Serafina Corrêa,1980,true,,,existia
4320503,Sertão,1980,true,,,existia
4320602,Severiano de Almeida,1980,true,,,existia
4320701,Sobradinho,1980,true,,,existia
4320800,Soledade,1980,true,,,existia
4320909,Tapejara,1980,true,,,existia
4321006,Tapera,1980,true,,,existia
4321105,Tapes,1980,true,,,existia
4321204,Taquara,1980,true,,,existia
4321303,Taquari,1980,true,,,existia
4321402,Tenente Portela,1980,true,,,existia
4321501,Torres,1980,true,,,existia
4321600,Tramandaí,1980,true,,,existia
4321709,Três Coroas,1980,true,,,existia
4321808,Três de Maio,1980,true,,,existia
4321907,Três Passos,1980,true,,,existia
4322004,Triunfo,1980,true,,,existia
4322103,Tucunduva,1980,true,,,existia
4322202,Tupanciretã,1980,true,,,existia
4322301,Tuparendi,1980,true,,,existia
4322400,Uruguaiana,1980,true,,,existia
4322509,Vacaria,1980,true,,,existia
4322608,Venâncio Aires,1980,true,,,existia
4322707,Vera Cruz,1980,true,,,existia
4322806,Veranópolis,1980,true,,,existia
4322905,Viadutos,1980,true,,,existia
4323002,Viamão,1980,true,,,existia
4323101,Vicente Dutra,1980,true,,,existia
4323200,Victor Graeff,1980,true,,,existia
5000203,Água Clara,1980,true,,,existia
5000609,Amambai,1980,true,,,existia
5000708,Anastácio,1980,true,,,existia
5000807,Anaurilândia,1980,true,,,existia
5000856,Angélica,1980,true,,,existia
5000906,Antônio João,1980,true,,,existia
5001003,Aparecida do Taboado,1980,true,,,existia
5001102,Aquidauana,1980,true,,,existia
5001243,Aral Moreira,1980,true,,,existia
5001508,Bandeirantes,1980,true,,,existia
5001904,Bataguassu,1980,true,,,existia
5002001,Batayporã,1980,true,,,existia
5002100,Bela Vista,1980,true,,,existia
5002209,Bonito,1980,true,,,existia
5002308,Brasilândia,1980,true,,,existia
5002407,Caarapó,1980,true,,,existia
5002605,Camapuã,1980,true,,,existia
5002704,Campo Grande,1980,true,,,existia
5002803,Caracol,1980,true,,,existia
5002902,Cassilândia,1980,true,,,existia
5003108,Corguinho,1980,true,,,existia
5003207,Corumbá,1980,true,,,existia
5003306,Coxim,1980,true,,,existia
5003454,Deodápolis,1980,true,,,existia
5003702,Dourados,1980,true,,,existia
5003751,Eldorado,1980,true,,,existia
5003801,Fátima do Sul,1980,true,,,existia
5004007,Glória de Dourados,1980,true,,,existia
5004106,Guia Lopes da Laguna,1980,true,,,existia
5004304,Iguatemi,1980,true,,,existia
5004403,Inocência,1980,true,,,existia
5004502,Itaporã,1980,true,,,existia
5004700,Ivinhema,1980,true,,,existia
5004908,Jaraguari,1980,true,,,existia
5005004,Jardim,1980,true,,,existia
5005103,Jateí,1980,true,,,existia
5005202,Ladário,1980,true,,,existia
5005400,Maracaju,1980,true,,,existia
5005608,Miranda,1980,true,,,existia
5005681,Mundo Novo,1980,true,,,existia
5005707,Naviraí,1980,true,,,existia
5005806,Nioaque,1980,true,,,existia
5006200,Nova Andradina,1980,true,,,existia
5006309,Paranaíba,1980,true,,,existia
5006408,Pedro Gomes,1980,true,,,existia
5006606,Ponta Porã,1980,true,,,existia
5006903,Porto Murtinho,1980,true,,,existia
5007109,Ribas do Rio Pardo,1980,true,,,existia
5007208,Rio Brilhante,1980,true,,,existia
5007307,Rio Negro,1980,true,,,existia
5007406,Rio Verde de Mato Grosso,1980,true,,,existia
5007505,Rochedo,1980,true,,,existia
5007901,Sidrolândia,1980,true,,,existia
5008008,Terenos,1980,true,,,existia
5008305,Três Lagoas,1980,true,,,existia
5100102,Acorizal,1980,true,,,existia
5100201,Água Boa,1980,true,,,existia
5100250,Alta Floresta,1980,true,,,existia
5100300,Alto Araguaia,1980,true,,,existia
5100409,Alto Garças,1980,true,,,existia
5100508,Alto Paraguai,1980,true,,,existia
5101209,Araguainha,1980,true,,,existia
5101258,Araputanga,1980,true,,,existia
5101308,Arenápolis,1980,true,,,existia
5101407,Aripuanã,1980,true,,,existia
5101605,Barão de Melgaço,1980,true,,,existia
5101704,Barra do Bugres,1980,true,,,existia
5101803,Barra do Garças,1980,true,,,existia
5102504,Cáceres,1980,true,,,existia
5102702,Canarana,1980,true,,,existia
5103007,Chapada dos Guimarães,1980,true,,,existia
5103205,Colíder,1980,true,,,existia
5103403,Cuiabá,1980,true,,,existia
5103502,Diamantino,1980,true,,,existia
5103601,Dom Aquino,1980,true,,,existia
5103908,General Carneiro,1980,true,,,existia
5104203,Guiratinga,1980,true,,,existia
5104609,Itiquira,1980,true,,,existia
5104807,Jaciara,1980,true,,,existia
5105002,Jauru,1980,true,,,existia
5105200,Juscimeira,1980,true,,,existia
5105309,Luciara,1980,true,,,existia
5105507,Vila Bela da Santíssima Trindade,1980,true,,,existia
5105622,Mirassol d'Oeste,1980,true,,,existia
5105903,Nobres,1980,true,,,existia
5106000,Nortelândia,1980,true,,,existia
5106109,Nossa Senhora do Livramento,1980,true,,,existia
5106208,Nova Brasilândia,1980,true,,,existia
5106257,Nova Xavantina,1980,true,,,existia
5106307,Paranatinga,1980,true,,,existia
5106372,Pedra Preta,1980,true,,,existia
5106505,Poconé,1980,true,,,existia
5106703,Ponte Branca,1980,true,,,existia
5106752,Pontes e Lacerda,1980,true,,,existia
5106802,Porto dos Gaúchos,1980,true,,,existia
5107008,Poxoréu,1980,true,,,existia
5107107,São José dos Quatro Marcos,1980,true,,,existia
5107206,Rio Branco,1980,true,,,existia
5107305,São José do Rio Claro,1980,true,,,existia
5107602,Rondonópolis,1980,true,,,existia
5107701,Rosário Oeste,1980,true,,,existia
5107750,Salto do Céu,1980,true,,,existia
5107776,Santa Terezinha,1980,true,,,existia
5107800,Santo Antônio de Leverger,1980,true,,,existia
5107859,São Félix do Araguaia,1980,true,,,existia
5107909,Sinop,1980,true,,,existia
5107958,Tangará da Serra,1980,true,,,existia
5108105,Tesouro,1980,true,,,existia
5108204,Torixoréu,1980,true,,,existia
5108402,Várzea Grande,1980,true,,,existia
5200100,Abadiânia,1980,true,,,existia
5200134,Acreúna,1980,true,,,existia
5200209,Água Limpa,1980,true,,,existia
5200308,Alexânia,1980,true,,,existia
5200506,Aloândia,1980,true,,,existia
5200605,Alto Paraíso de Goiás,1980,true,,,existia
5200803,Alvorada do Norte,1980,true,,,existia
5200902,Amorinópolis,1980,true,,,existia
5201108,Anápolis,1980,true,,,existia
5201207,Anhanguera,1980,true,,,existia
5201306,Anicuns,1980,true,,,existia
5201405,Aparecida de Goiânia,1980,true,,,existia
5201504,Aporé,1980,true,,,existia
5201603,Araçu,1980,true,,,existia
5201702,Aragarças,1980,true,,,existia
5201801,Aragoiânia,1980,true,,,existia
5202502,Aruanã,1980,true,,,existia
5202601,Aurilândia,1980,true,,,existia
5202809,Avelinópolis,1980,true,,,existia
5203104,Baliza,1980,true,,,existia
5203203,Barro Alto,1980,true,,,existia
5203302,Bela Vista de Goiás,1980,true,,,existia
5203401,Bom Jardim de Goiás,1980,true,,,existia
5203500,Bom Jesus de Goiás,1980,true,,,existia
5203609,Brazabrantes,1980,true,,,existia
5203807,Britânia,1980,true,,,existia
5203906,Buriti Alegre,1980,true,,,existia
5204003,Cabeceiras,1980,true,,,existia
5204102,Cachoeira Alta,1980,true,,,existia
5204201,Cachoeira de Goiás,1980,true,,,existia
5204300,Caçu,1980,true,,,existia
5204409,Caiapônia,1980,true,,,existia
5204508,Caldas Novas,1980,true,,,existia
5204607,Campestre de Goiás,1980,true,,,existia
5204706,Campinorte,1980,true,,,existia
5204805,Campo Alegre de Goiás,1980,true,,,existia
5204904,Campos Belos,1980,true,,,existia
5205000,Carmo do Rio Verde,1980,true,,,existia
5205109,Catalão,1980,true,,,existia
5205208,Caturaí,1980,true,,,existia
5205307,Cavalcante,1980,true,,,existia
5205406,Ceres,1980,true,,,existia
5205703,Córrego do Ouro,1980,true,,,existia
5205802,Corumbá de Goiás,1980,true,,,existia
5205901,Corumbaíba,1980,true,,,existia
5206206,Cristalina,1980,true,,,existia
5206305,Cristianópolis,1980,true,,,existia
5206404,Crixás,1980,true,,,existia
5206503,Cromínia,1980,true,,,existia
5206602,Cumari,1980,true,,,existia
5206701,Damianópolis,1980,true,,,existia
5206800,Damolândia,1980,true,,,existia
5206909,Davinópolis,1980,true,,,existia
5207105,Diorama,1980,true,,,existia
5207402,Edéia,1980,true,,,existia
5207501,Estrela do Norte,1980,true,,,existia
5207600,Fazenda Nova,1980,true,,,existia
5207808,Firminópolis,1980,true,,,existia
5207907,Flores de Goiás,1980,true,,,existia
5208004,Formosa,1980,true,,,existia
5208103,Formoso,1980,true,,,existia
5208301,Divinópolis de Goiás,1980,true,,,existia
5208400,Goianápolis,1980,true,,,existia
5208509,Goiandira,1980,true,,,existia
5208608,Goianésia,1980,true,,,existia
5208707,Goiânia,1980,true,,,existia
5208806,Goianira,1980,true,,,existia
5208905,Goiás,1980,true,,,existia
5209101,Goiatuba,1980,true,,,existia
5209200,Guapó,1980,true,,,existia
5209408,Guarani de Goiás,1980,true,,,existia
5209606,Heitoraí,1980,true,,,existia
5209705,Hidrolândia,1980,true,,,existia
5209804,Hidrolina,1980,true,,,existia
5209903,Iaciara,1980,true,,,existia
5210000,Inhumas,1980,true,,,existia
5210109,Ipameri,1980,true,,,existia
5210208,Iporá,1980,true,,,existia
5210307,Israelândia,1980,true,,,existia
5210406,Itaberaí,1980,true,,,existia
5210604,Itaguaru,1980,true,,,existia
5210802,Itajá,1980,true,,,existia
5210901,Itapaci,1980,true,,,existia
5211008,Itapirapuã,1980,true,,,existia
5211206,Itapuranga,1980,true,,,existia
5211305,Itarumã,1980,true,,,existia
5211404,Itauçu,1980,true,,,existia
5211503,Itumbiara,1980,true,,,existia
5211602,Ivolândia,1980,true,,,existia
5211701,Jandaia,1980,true,,,existia
5211800,Jaraguá,1980,true,,,existia
5211909,Jataí,1980,true,,,existia
5212006,Jaupaci,1980,true,,,existia
5212105,Joviânia,1980,true,,,existia
5212204,Jussara,1980,true,,,existia
5212303,Leopoldo de Bulhões,1980,true,,,existia
5212501,Luziânia,1980,true,,,existia
5212600,Mairipotaba,1980,true,,,existia
5212709,Mambaí,1980,true,,,existia
5212808,Mara Rosa,1980,true,,,existia
5212907,Marzagão,1980,true,,,existia
5213004,Maurilândia,1980,true,,,existia
5213087,Minaçu,1980,true,,,existia
5213103,Mineiros,1980,true,,,existia
5213400,Moiporá,1980,true,,,existia
5213509,Monte Alegre de Goiás,1980,true,,,existia
5213707,Montes Claros de Goiás,1980,true,,,existia
5213806,Morrinhos,1980,true,,,existia
5213905,Mossâmedes,1980,true,,,existia
5214002,Mozarlândia,1980,true,,,existia
5214101,Mutunópolis,1980,true,,,existia
5214408,Nazário,1980,true,,,existia
5214507,Nerópolis,1980,true,,,existia
5214606,Niquelândia,1980,true,,,existia
5214705,Nova América,1980,true,,,existia
5214804,Nova Aurora,1980,true,,,existia
5214903,Nova Roma,1980,true,,,existia
5215009,Nova Veneza,1980,true,,,existia
5215207,Novo Brasil,1980,true,,,existia
5215306,Orizona,1980,true,,,existia
5215405,Ouro Verde de Goiás,1980,true,,,existia
5215504,Ouvidor,1980,true,,,existia
5215603,Padre Bernardo,1980,true,,,existia
5215702,Palmeiras de Goiás,1980,true,,,existia
5215801,Palmelo,1980,true,,,existia
5215900,Palminópolis,1980,true,,,existia
5216007,Panamá,1980,true,,,existia
5216304,Paranaiguara,1980,true,,,existia
5216403,Paraúna,1980,true,,,existia
5216809,Petrolina de Goiás,1980,true,,,existia
5216908,Pilar de Goiás,1980,true,,,existia
5217104,Piracanjuba,1980,true,,,existia
5217203,Piranhas,1980,true,,,existia
5217302,Pirenópolis,1980,true,,,existia
5217401,Pires do Rio,1980,true,,,existia
5217609,Planaltina,1980,true,,,existia
5217708,Pontalina,1980,true,,,existia
5218003,Porangatu,1980,true,,,existia
5218102,Portelândia,1980,true,,,existia
5218300,Posse,1980,true,,,existia
5218508,Quirinópolis,1980,true,,,existia
5218607,Rialma,1980,true,,,existia
5218706,Rianápolis,1980,true,,,existia
5218805,Rio Verde,1980,true,,,existia
5218904,Rubiataba,1980,true,,,existia
5219001,Sanclerlândia,1980,true,,,existia
5219100,Santa Bárbara de Goiás,1980,true,,,existia
5219209,Santa Cruz de Goiás,1980,true,,,existia
5219308,Santa Helena de Goiás,1980,true,,,existia
5219407,Santa Rita do Araguaia,1980,true,,,existia
5219506,Santa Rosa de Goiás,1980,true,,,existia
5219605,Santa Tereza de Goiás,1980,true,,,existia
5219704,Santa Terezinha de Goiás,1980,true,,,existia
5219803,São Domingos,1980,true,,,existia
5219902,São Francisco de Goiás,1980,true,,,existia
5220009,São João d'Aliança,1980,true,,,existia
5220108,São Luís de Montes Belos,1980,true,,,existia
5220207,São Miguel do Araguaia,1980,true,,,existia
5220405,São Simão,1980,true,,,existia
5220504,Serranópolis,1980,true,,,existia
5220603,Silvânia,1980,true,,,existia
5220702,Sítio d'Abadia,1980,true,,,existia
5221007,Taquaral de Goiás,1980,true,,,existia
5221304,Três Ranchos,1980,true,,,existia
5221403,Trindade,1980,true,,,existia
5221502,Turvânia,1980,true,,,existia
5221601,Uruaçu,1980,true,,,existia
5221700,Uruana,1980,true,,,existia
5221809,Urutaí,1980,true,,,existia
5221908,Varjão,1980,true,,,existia
5222005,Vianópolis,1980,true,,,existia
5300108,Brasília,1980,true,,,existia
3534757,Ouroeste,1980,false,3518008,Guarani d'Oeste,unico_pai
3529658,Mesópolis,1980,false,3535903,Paranapuã,unico_pai
3547650,Santa Salete,1980,false,3555802,Urânia,unico_pai
3503950,Aspásia,1980,false,3555802,Urânia,unico_pai
3556958,Vitória Brasil,1980,false,3524808,Jales,unico_pai
3540259,Pontalinda,1980,false,3524808,Jales,unico_pai
3532843,Nova Canaã Paulista,1980,false,3554904,Três Fronteiras,unico_pai
3536257,Parisi,1980,false,3557105,Votuporanga,unico_pai
3552551,Suzanápolis,1980,false,3537404,Pereira Barreto,unico_pai
3520442,Ilha Solteira,1980,false,3537404,Pereira Barreto,unico_pai
3513850,Dirce Reis,1980,false,3549003,São Francisco,unico_pai
3532868,Nova Castilho,1980,false,3516903,General Salgado,unico_pai
3549250,São João de Iracema,1980,false,3516903,General Salgado,unico_pai
3521150,Ipiguá,1980,false,3549805,São José do Rio Preto,unico_pai
3548054,Santo Antônio do Aracanguá,1980,false,3502804,Araçatuba,unico_pai
3533254,Novais,1980,false,3552601,Tabapuã,unico_pai
3514957,Embaúba,1980,false,3509304,Cajobi,unico_pai
3527256,Lourdes,1980,false,3555208,Turiúba,unico_pai
3557154,Zacarias,1980,false,3539608,Planalto,unico_pai
3553658,Taquaral,1980,false,3539509,Pitangueiras,unico_pai
3555356,Ubarana,1980,false,3525706,José Bonifácio,unico_pai
3514924,Elisiário,1980,false,3511102,Catanduva,unico_pai
3507753,Brejo Alegre,1980,false,3512506,Coroados,unico_pai
3518859,Guatapará,1980,false,3543402,Ribeirão Preto,unico_pai
3546256,Santa Cruz da Esperança,1980,false,3509403,Cajuru,unico_pai
3528858,Marapoama,1980,false,3521903,Itajobi,unico_pai
3540853,Pracinha,1980,false,3527405,Lucélia,unico_pai
3516853,Gavião Peixoto,1980,false,3503208,Araraquara,unico_pai
3532058,Motuca,1980,false,3503208,Araraquara,unico_pai
3543238,Ribeirão dos Índios,1980,false,3547700,Santo Anastácio,unico_pai
3515129,Emilianópolis,1980,false,3541208,Presidente Bernardes,unico_pai
3503356,Arco-Íris,1980,false,3555000,Tupã,unico_pai
3554755,Trabiju,1980,false,3506706,Boa Esperança do Sul,unico_pai
3515350,Euclides da Cunha Paulista,1980,false,3554300,Teodoro Sampaio,unico_pai
3544251,Rosana,1980,false,3554300,Teodoro Sampaio,unico_pai
3557303,Estiva Gerbi,1980,false,3530706,Mogi Guaçu,unico_pai
3515657,Fernão,1980,false,3516606,Gália,unico_pai
3536570,Paulistânia,1980,false,3500709,Agudos,unico_pai
3553955,Tarumã,1980,false,3504008,Assis,unico_pai
3532157,Nantes,1980,false,3519907,Iepê,unico_pai
3507456,Borebi,1980,false,3526803,Lençóis Paulista,unico_pai
3515152,Engenheiro Coelho,1980,false,3503802,Artur Nogueira,unico_pai
3515194,Espírito Santo do Turvo,1980,false,3546405,Santa Cruz do Rio Pardo,unico_pai
3541059,Pratânia,1980,false,3550100,São Manuel,unico_pai
3545159,Saltinho,1980,false,3538709,Piracicaba,unico_pai
3537156,Pedrinhas Paulista,1980,false,3513306,Cruzália,unico_pai
3519055,Holambra,1980,false,3524709,Jaguariúna,unico_pai
3519253,Iaras,1980,false,3500550,Águas de Santa Bárbara,unico_pai
3540754,Potim,1980,false,3518404,Guaratinguetá,unico_pai
3503158,Arapeí,1980,false,3504909,Bananal,unico_pai
3509957,Canas,1980,false,3527207,Lorena,unico_pai
3519071,Hortolândia,1980,false,3552403,Sumaré,unico_pai
3556354,Vargem,1980,false,3507605,Bragança Paulista,unico_pai
3554953,Tuiuti,1980,false,3507605,Bragança Paulista,unico_pai
3510153,Canitar,1980,false,3557204,Chavantes,unico_pai
3525854,Jumirim,1980,false,3554508,Tietê,unico_pai
3554656,Torre de Pedra,1980,false,3540507,Porangaba,unico_pai
3541653,Quadra,1980,false,3554003,Tatuí,unico_pai
3509452,Campina do Monte Alegre,1980,false,3502200,Angatuba,unico_pai
3502754,Araçariguama,1980,false,3550605,São Roque,unico_pai
3500758,Alambari,1980,false,3522307,Itapetininga,unico_pai
3501152,Alumínio,1980,false,3528403,Mairinque,unico_pai
3553856,Taquarivaí,1980,false,3522406,Itapeva,unico_pai
3532827,Nova Campina,1980,false,3522406,Itapeva,unico_pai
3556453,Vargem Grande Paulista,1980,false,3513009,Cotia,multiplos_pais
3549953,São Lourenço da Serra,1980,false,3522208,Itapecerica da Serra,unico_pai
3506359,Bertioga,1980,false,3548500,Santos,unico_pai
3543253,Ribeirão Grande,1980,false,3510203,Capão Bonito,unico_pai
3507159,Bom Sucesso de Itararé,1980,false,3523206,Itararé,unico_pai
3522158,Itaoca,1980,false,3502705,Apiaí,unico_pai
3505351,Barra do Chapéu,1980,false,3502705,Apiaí,unico_pai
3520426,Ilha Comprida,1980,false,3520301,Iguape,multiplos_pais
3522653,Itapirapuã Paulista,1980,false,3542800,Ribeira,unico_pai
3509254,Cajati,1980,false,3524600,Jacupiranga,unico_pai
2806404,Santana do São Francisco,1980,false,2804409,Neópolis,unico_pai
4202131,Bela Vista do Toldo,1980,false,4203808,Canoinhas,unico_pai
4208450,Itapoá,1980,false,4205803,Garuva,unico_pai
4215679,Santa Terezinha,1980,false,4208104,Itaiópolis,unico_pai
4215356,Saltinho,1980,false,4203501,Campo Erê,unico_pai
4215752,São Bernardino,1980,false,4203501,Campo Erê,multiplos_pais
4215687,Santa Terezinha do Progresso,1980,false,4203501,Campo Erê,unico_pai
4209177,Jupiá,1980,false,4205605,Galvão,multiplos_pais
4211652,Novo Horizonte,1980,false,4216909,São Lourenço do Oeste,unico_pai
4214151,Princesa,1980,false,4216701,São José do Cedro,unico_pai
4202057,Balneário Barra do Sul,1980,false,4201307,Araquari,unico_pai
4204459,Coronel Martins,1980,false,4216107,São Domingos,multiplos_pais
4203154,Calmon,1980,false,4210704,Matos Costa,unico_pai
4211850,Ouro Verde,1980,false,4200101,Abelardo Luz,unico_pai
4218251,Timbó Grande,1980,false,4215505,Santa Cecília,unico_pai
4212270,Passos Maia,1980,false,4213401,Ponte Serrada,unico_pai
4202081,Bandeirante,1980,false,4217204,São Miguel do Oeste,multiplos_pais
4212239,Paraíso,1980,false,4217204,São Miguel do Oeste,unico_pai
4202099,Barra Bonita,1980,false,4217204,São Miguel do Oeste,multiplos_pais
4205431,Formosa do Sul,1980,false,4214201,Quilombo,unico_pai
4215695,Santiago do Sul,1980,false,4214201,Quilombo,unico_pai
4207858,Irati,1980,false,4214201,Quilombo,unico_pai
4216354,São João do Itaperiú,1980,false,4202107,Barra Velha,unico_pai
4217758,Sul Brasil,1980,false,4210902,Modelo,unico_pai
4217550,Serra Alta,1980,false,4210902,Modelo,unico_pai
4202578,Bom Jesus do Oeste,1980,false,4210902,Modelo,multiplos_pais
4207684,Ipuaçu,1980,false,4219507,Xanxerê,multiplos_pais
4202537,Bom Jesus,1980,false,4219507,Xanxerê,multiplos_pais
4217154,São Miguel da Boa Vista,1980,false,4210506,Maravilha,unico_pai
4217956,Tigrinhos,1980,false,4210506,Maravilha,unico_pai
4205357,Flor do Sertão,1980,false,4210506,Maravilha,unico_pai
4205159,Doutor Pedrinho,1980,false,4202206,Benedito Novo,unico_pai
4210050,Macieira,1980,false,4203006,Caçador,multiplos_pais
4209458,Lajeado Grande,1980,false,4219705,Xaxim,unico_pai
4205175,Entre Rios,1980,false,4219705,Xaxim,unico_pai
4210555,Marema,1980,false,4219705,Xaxim,unico_pai
4218855,União do Oeste,1980,false,4204400,Coronel Freitas,unico_pai
4200556,Águas Frias,1980,false,4204400,Coronel Freitas,unico_pai
4208955,Jardinópolis,1980,false,4204400,Coronel Freitas,multiplos_pais
4219358,Vitor Meireles,1980,false,4206900,Ibirama,unico_pai
4209151,José Boiteux,1980,false,4206900,Ibirama,unico_pai
4215554,Santa Helena,1980,false,4204905,Descanso,unico_pai
4202156,Belmonte,1980,false,4204905,Descanso,unico_pai
4207759,Iraceminha,1980,false,4204707,Cunha Porã,unico_pai
4219176,Vargem Bonita,1980,false,4204004,Catanduvas,unico_pai
4207577,Iomerê,1980,false,4219309,Videira,unico_pai
4215075,Riqueza,1980,false,4211009,Mondaí,unico_pai
4207650,Iporã do Oeste,1980,false,4211009,Mondaí,unico_pai
4206652,Guatambú,1980,false,4204202,Chapecó,unico_pai
4211454,Nova Itaberaba,1980,false,4204202,Chapecó,unico_pai
4204350,Cordilheira Alta,1980,false,4204202,Chapecó,multiplos_pais
4201257,Apiúna,1980,false,4207502,Indaial,unico_pai
4218756,Tunápolis,1980,false,4208401,Itapiranga,unico_pai
4216255,São João do Oeste,1980,false,4208401,Itapiranga,unico_pai
4204756,Cunhataí,1980,false,4216008,São Carlos,unico_pai
4209854,Lindóia do Sul,1980,false,4204301,Concórdia,unico_pai
4201273,Arabutã,1980,false,4204301,Concórdia,unico_pai
4200754,Alto Bela Vista,1980,false,4204301,Concórdia,unico_pai
4213153,Planalto Alegre,1980,false,4204103,Caxambu do Sul,unico_pai
4201653,Arvoredo,1980,false,4217501,Seara,unico_pai
4210852,Mirim Doce,1980,false,4217808,Taió,unico_pai
4210035,Luzerna,1980,false,4209003,Joaçaba,unico_pai
4206751,Ibiam,1980,false,4217907,Tangará,unico_pai
4219853,Zortéa,1980,false,4203600,Campos Novos,unico_pai
4211058,Monte Carlo,1980,false,4203600,Campos Novos,unico_pai
4200051,Abdon Batista,1980,false,4203600,Campos Novos,unico_pai
4219150,Vargem,1980,false,4203600,Campos Novos,unico_pai
4202875,Brunópolis,1980,false,4203600,Campos Novos,unico_pai
4205555,Frei Rogério,1980,false,4204806,Curitibanos,unico_pai
4216057,São Cristóvão do Sul,1980,false,4204806,Curitibanos,unico_pai
4213351,Ponte Alta do Norte,1980,false,4204806,Curitibanos,unico_pai
4211876,Paial,1980,false,4208005,Itá,multiplos_pais
4202453,Bombinhas,1980,false,4213500,Porto Belo,unico_pai
4202859,Braço do Trombudo,1980,false,4218608,Trombudo Central,unico_pai
4204558,Correia Pinto,1980,false,4209300,Lages,unico_pai
4212056,Palmeira,1980,false,4209300,Lages,unico_pai
4211751,Otacílio Costa,1980,false,4209300,Lages,unico_pai
4211892,Painel,1980,false,4209300,Lages,unico_pai
4202438,Bocaina do Sul,1980,false,4209300,Lages,unico_pai
4203253,Capão Alto,1980,false,4209300,Lages,unico_pai
4204194,Chapadão do Lageado,1980,false,4208500,Ituporanga,multiplos_pais
4204152,Celso Ramos,1980,false,4201000,Anita Garibaldi,unico_pai
4204178,Cerro Negro,1980,false,4203402,Campo Belo do Sul,multiplos_pais
4217253,São Pedro de Alcântara,1980,false,4216602,São José,unico_pai
4215059,Rio Rufino,1980,false,4218905,Urubici,multiplos_pais
4218954,Urupema,1980,false,4216503,São Joaquim,multiplos_pais
4212650,Pescaria Brava,1980,false,4209409,Laguna,unico_pai
4203956,Capivari de Baixo,1980,false,4218707,Tubarão,multiplos_pais
4204251,Cocal do Sul,1980,false,4219002,Urussanga,unico_pai
4218350,Treviso,1980,false,4217600,Siderópolis,unico_pai
4215455,Sangão,1980,false,4208807,Jaguaruna,unico_pai
4211256,Morro Grande,1980,false,4210803,Meleiro,unico_pai
4205456,Forquilhinha,1980,false,4204608,Criciúma,unico_pai
4220000,Balneário Rincão,1980,false,4207007,Içara,unico_pai
4205191,Ermo,1980,false,4218806,Turvo,multiplos_pais
4201950,Balneário Arroio do Silva,1980,false,4201406,Araranguá,unico_pai
4215653,Santa Rosa do Sul,1980,false,4217709,Sombrio,unico_pai
4202073,Balneário Gaivota,1980,false,4217709,Sombrio,unico_pai
4212254,Passo de Torres,1980,false,4216404,São João do Sul,unico_pai
4301859,Barra do Guarita,1980,false,4321402,Tenente Portela,unico_pai
4306320,Derrubadas,1980,false,4321402,Tenente Portela,unico_pai
4323705,Vista Gaúcha,1980,false,4321402,Tenente Portela,unico_pai
4314498,Pinheirinho do Vale,1980,false,4313805,Palmitinho,unico_pai
4309126,Gramado dos Loureiros,1980,false,4312708,Nonoai,unico_pai
4321956,Trindade do Sul,1980,false,4312708,Nonoai,unico_pai
4315552,Rio dos Índios,1980,false,4312708,Nonoai,unico_pai
4321329,Taquaruçu do Sul,1980,false,4308508,Frederico Westphalen,unico_pai
4323507,Vista Alegre,1980,false,4308508,Frederico Westphalen,unico_pai
4307450,Esperança do Sul,1980,false,4321907,Três Passos,unico_pai
4321477,Tiradentes do Sul,1980,false,4321907,Três Passos,unico_pai
4301925,Barra do Rio Azul,1980,false,4300901,Aratiba,unico_pai
4300646,Ametista do Sul,1980,false,4314704,Planalto,multiplos_pais
4306957,Entre Rios do Sul,1980,false,4319703,São Valentim,unico_pai
4302055,Benjamin Constant do Sul,1980,false,4319703,São Valentim,unico_pai
4308052,Faxinalzinho,1980,false,4319703,São Valentim,unico_pai
4306429,Dois Irmãos das Missões,1980,false,4307302,Erval Seco,unico_pai
4306072,Cristal do Sul,1980,false,4315909,Rodeio Bonito,multiplos_pais
4313441,Novo Tiradentes,1980,false,4315909,Rodeio Bonito,unico_pai
4306734,Doutor Maurício Cardoso,1980,false,4309605,Horizontina,unico_pai
4321634,Três Arroios,1980,false,4307005,Erechim,unico_pai
4315313,Quatro Irmãos,1980,false,4307005,Erechim,multiplos_pais
4314134,Paulo Bento,1980,false,4307005,Erechim,multiplos_pais
4304853,Carlos Gomes,1980,false,4322905,Viadutos,unico_pai
4313425,Novo Machado,1980,false,4322103,Tucunduva,unico_pai
4302378,Bom Progresso,1980,false,4304002,Campo Novo,multiplos_pais
4320230,Sede Nova,1980,false,4309704,Humaitá,unico_pai
4301552,Áurea,1980,false,4308706,Gaurama,unico_pai
4305116,Centenário,1980,false,4308706,Gaurama,unico_pai
4321857,Três Palmeiras,1980,false,4316105,Ronda Alta,unico_pai
4313011,Nova Candelária,1980,false,4302204,Boa Vista do Buricá,multiplos_pais
4315057,Porto Mauá,1980,false,4322301,Tuparendi,multiplos_pais
4306130,Cruzaltense,1980,false,4303806,Campinas do Sul,unico_pai
4318499,São José do Inhacorá,1980,false,4321808,Três de Maio,unico_pai
4300455,Alegria,1980,false,4321808,Três de Maio,unico_pai
4313466,Novo Xingu,1980,false,4305801,Constantina,unico_pai
4306924,Engenho Velho,1980,false,4305801,Constantina,unico_pai
4314787,Ponte Preta,1980,false,4310900,Jacutinga,multiplos_pais
4322186,Tupanci do Sul,1980,false,4318606,São José do Ouro,unico_pai
4317954,Santo Expedito do Sul,1980,false,4318606,São José do Ouro,multiplos_pais
4318424,São João da Urtiga,1980,false,4313607,Paim Filho,unico_pai
4315073,Porto Vera Cruz,1980,false,4315008,Porto Lucena,multiplos_pais
4314464,Pinhal da Serra,1980,false,4307401,Esmeralda,unico_pai
4310462,Ipiranga do Sul,1980,false,4308904,Getúlio Vargas,unico_pai
4306973,Erebango,1980,false,4308904,Getúlio Vargas,unico_pai
4307559,Estação,1980,false,4308904,Getúlio Vargas,unico_pai
4308250,Floriano Peixoto,1980,false,4308904,Getúlio Vargas,unico_pai
4319737,São Valério do Sul,1980,false,4317806,Santo Augusto,unico_pai
4312955,Nova Boa Vista,1980,false,4320107,Sarandi,multiplos_pais
4301958,Barra Funda,1980,false,4320107,Sarandi,unico_pai
4322343,Ubiretama,1980,false,4309001,Giruá,multiplos_pais
4320321,Senador Salgado Filho,1980,false,4309001,Giruá,unico_pai
4310413,Inhacorá,1980,false,4305405,Chiapetta,multiplos_pais
4300661,André da Rocha,1980,false,4311304,Lagoa Vermelha,unico_pai
4304622,Capão Bonito do Sul,1980,false,4311304,Lagoa Vermelha,unico_pai
4304952,Caseiros,1980,false,4311304,Lagoa Vermelha,unico_pai
4305371,Charrua,1980,false,4320909,Tapejara,multiplos_pais
4323358,Vila Lângaro,1980,false,4320909,Tapejara,unico_pai
4300059,Água Santa,1980,false,4320909,Tapejara,unico_pai
4316733,Santa Cecília do Sul,1980,false,4320909,Tapejara,multiplos_pais
4310439,Ipê,1980,false,4322509,Vacaria,unico_pai
4303673,Campestre da Serra,1980,false,4322509,Vacaria,unico_pai
4312377,Monte Alegre dos Campos,1980,false,4322509,Vacaria,unico_pai
4312617,Muitos Capões,1980,false,4322509,Vacaria,multiplos_pais
4307054,Ernestina,1980,false,4314100,Passo Fundo,unico_pai
4314779,Pontão,1980,false,4314100,Passo Fundo,multiplos_pais
4305975,Coxilha,1980,false,4314100,Passo Fundo,multiplos_pais
4312138,Mato Castelhano,1980,false,4314100,Passo Fundo,unico_pai
4313334,Nova Ramada,1980,false,4300208,Ajuricaba,unico_pai
4319372,São Pedro do Butiá,1980,false,4305207,Cerro Largo,unico_pai
4316477,Salvador das Missões,1980,false,4305207,Cerro Largo,unico_pai
4317756,Santo Antônio do Planalto,1980,false,4304705,Carazinho,unico_pai
4300471,Almirante Tamandaré do Sul,1980,false,4304705,Carazinho,unico_pai
4305850,Coqueiros do Sul,1980,false,4304705,Carazinho,unico_pai
4320578,Sete de Setembro,1980,false,4309506,Guarani das Missões,multiplos_pais
4302584,Bozano,1980,false,4310207,Ijuí,unico_pai
4305871,Coronel Barros,1980,false,4310207,Ijuí,multiplos_pais
4308656,Garruchos,1980,false,4318002,São Borja,unico_pai
4310553,Itacurubi,1980,false,4318002,São Borja,unico_pai
4319158,São Miguel das Missões,1980,false,4317509,Santo Ângelo,unico_pai
4323754,Vitória das Missões,1980,false,4317509,Santo Ângelo,unico_pai
4306932,Entre-Ijuís,1980,false,4317509,Santo Ângelo,unico_pai
4307831,Eugênio de Castro,1980,false,4317509,Santo Ângelo,unico_pai
4316436,Saldanha Marinho,1980,false,4316709,Santa Bárbara do Sul,unico_pai
4312179,Mato Queimado,1980,false,4303301,Caibaté,unico_pai
4312625,Muliterno,1980,false,4305504,Ciríaco,multiplos_pais
4318622,São José dos Ausentes,1980,false,4302303,Bom Jesus,unico_pai
4308854,Gentil,1980,false,4311809,Marau,multiplos_pais
4312674,Nicolau Vergueiro,1980,false,4311809,Marau,unico_pai
4303558,Camargo,1980,false,4311809,Marau,unico_pai
4323408,Vila Maria,1980,false,4311809,Marau,unico_pai
4302220,Boa Vista do Cadeado,1980,false,4306106,Cruz Alta,multiplos_pais
4308458,Fortaleza dos Valos,1980,false,4306106,Cruz Alta,unico_pai
4302238,Boa Vista do Incra,1980,false,4306106,Cruz Alta,unico_pai
4315354,Quinze de Novembro,1980,false,4310009,Ibirubá,unico_pai
4317558,Santo Antônio do Palma,1980,false,4304903,Casca,unico_pai
4318051,São Domingos do Sul,1980,false,4304903,Casca,unico_pai
4322558,Vanini,1980,false,4304903,Casca,unico_pai
4323606,Vista Alegre do Prata,1980,false,4313300,Nova Prata,unico_pai
4309258,Guabiju,1980,false,4313300,Nova Prata,unico_pai
4318440,São Jorge,1980,false,4313300,Nova Prata,unico_pai
4315172,Protásio Alves,1980,false,4313300,Nova Prata,unico_pai
4321469,Tio Hugo,1980,false,4320800,Soledade,multiplos_pais
4312427,Mormaço,1980,false,4320800,Soledade,unico_pai
4309951,Ibirapuitã,1980,false,4320800,Soledade,unico_pai
4311254,Lagoão,1980,false,4320800,Soledade,unico_pai
4322152,Tunas,1980,false,4320800,Soledade,unico_pai
4311270,Lagoa dos Três Cantos,1980,false,4321006,Tapera,multiplos_pais
4311155,Jóia,1980,false,4322202,Tupanciretã,unico_pai
4311130,Jari,1980,false,4322202,Tupanciretã,unico_pai
4312351,Montauri,1980,false,4320404,Serafina Corrêa,multiplos_pais
4300554,Alto Alegre,1980,false,4307500,Espumoso,unico_pai
4310876,Jacuizinho,1980,false,4307500,Espumoso,unico_pai
4304101,Campos Borges,1980,false,4307500,Espumoso,unico_pai
4316451,Salto do Jacuí,1980,false,4307500,Espumoso,unico_pai
4310579,Itapuca,1980,false,4301404,Arvorezinha,unico_pai
4312757,Nova Alvorada,1980,false,4301404,Arvorezinha,unico_pai
4322350,União da Serra,1980,false,4309407,Guaporé,unico_pai
4319711,São Valentim do Sul,1980,false,4309407,Guaporé,unico_pai
4306452,Dois Lajeados,1980,false,4309407,Guaporé,unico_pai
4304655,Capão do Cipó,1980,false,4317400,Santiago,multiplos_pais
4322376,Unistalda,1980,false,4317400,Santiago,unico_pai
4311122,Jaquirana,1980,false,4318200,São Francisco de Paula,unico_pai
4313359,Nova Roma do Sul,1980,false,4300802,Antônio Prado,unico_pai
4323309,Vila Flores,1980,false,4322806,Veranópolis,unico_pai
4305959,Cotiporã,1980,false,4322806,Veranópolis,unico_pai
4307864,Fagundes Varela,1980,false,4322806,Veranópolis,unico_pai
4311718,Maçambará,1980,false,4310603,Itaqui,unico_pai
4318465,São José do Herval,1980,false,4308300,Fontoura Xavier,unico_pai
4313086,Nova Pádua,1980,false,4308201,Flores da Cunha,unico_pai
4314472,Pinhal Grande,1980,false,4311205,Júlio de Castilhos,multiplos_pais
4315321,Quevedos,1980,false,4311205,Júlio de Castilhos,unico_pai
4310751,Ivorá,1980,false,4311205,Júlio de Castilhos,unico_pai
4322855,Vespasiano Corrêa,1980,false,4312609,Muçum,unico_pai
4314548,Pinto Bandeira,1980,false,4302105,Bento Gonçalves,unico_pai
4317251,Santa Tereza,1980,false,4302105,Bento Gonçalves,multiplos_pais
4312385,Monte Belo do Sul,1980,false,4302105,Bento Gonçalves,unico_pai
4306759,Doutor Ricardo,1980,false,4306809,Encantado,multiplos_pais
4315453,Relvado,1980,false,4306809,Encantado,unico_pai
4305835,Coqueiro Baixo,1980,false,4313003,Nova Bréscia,unico_pai
4315131,Pouso Novo,1980,false,4301008,Arroio do Meio,unico_pai
4321626,Travesseiro,1980,false,4301008,Arroio do Meio,multiplos_pais
4304697,Capitão,1980,false,4301008,Arroio do Meio,multiplos_pais
4307815,Estrela Velha,1980,false,4301206,Arroio do Tigre,unico_pai
4304614,Canudos do Vale,1980,false,4311403,Lajeado,unico_pai
4315156,Progresso,1980,false,4311403,Lajeado,unico_pai
4302451,Boqueirão do Leão,1980,false,4311403,Lajeado,unico_pai
4320453,Sério,1980,false,4311403,Lajeado,unico_pai
4316758,Santa Clara do Sul,1980,false,4311403,Lajeado,unico_pai
4308433,Forquetinha,1980,false,4311403,Lajeado,unico_pai
4312054,Marques de Souza,1980,false,4311403,Lajeado,unico_pai
4311239,Lagoa Bonita do Sul,1980,false,4320701,Sobradinho,unico_pai
4320263,Segredo,1980,false,4320701,Sobradinho,unico_pai
4314068,Passa Sete,1980,false,4320701,Sobradinho,unico_pai
4309753,Ibarama,1980,false,4320701,Sobradinho,unico_pai
4311759,Manoel Viana,1980,false,4318101,São Francisco de Assis,unico_pai
4305934,Coronel Pilar,1980,false,4308607,Garibaldi,unico_pai
4302253,Boa Vista do Sul,1980,false,4308607,Garibaldi,multiplos_pais
4322533,Vale do Sol,1980,false,4316808,Santa Cruz do Sul,multiplos_pais
4309571,Herveiras,1980,false,4316808,Santa Cruz do Sul,unico_pai
4320677,Sinimbu,1980,false,4316808,Santa Cruz do Sul,unico_pai
4309159,Gramado Xavier,1980,false,4316808,Santa Cruz do Sul,multiplos_pais
4306551,Dom Pedro de Alcântara,1980,false,4321501,Torres,unico_pai
4312443,Morrinhos do Sul,1980,false,4321501,Torres,unico_pai
4311734,Mampituba,1980,false,4321501,Torres,unico_pai
4321832,Três Forquilhas,1980,false,4321501,Torres,unico_pai
4321667,Três Cachoeiras,1980,false,4321501,Torres,unico_pai
4301057,Arroio do Sal,1980,false,4321501,Torres,unico_pai
4313037,Nova Esperança do Sul,1980,false,4311106,Jaguari,unico_pai
4310363,Imigrante,1980,false,4307807,Estrela,unico_pai
4323770,Westfália,1980,false,4307807,Estrela,unico_pai
4321451,Teutônia,1980,false,4307807,Estrela,unico_pai
4305587,Colinas,1980,false,4307807,Estrela,multiplos_pais
4311643,Linha Nova,1980,false,4308102,Feliz,multiplos_pais
4322541,Vale Real,1980,false,4308102,Feliz,unico_pai
4300570,Alto Feliz,1980,false,4308102,Feliz,unico_pai
4314423,Picada Café,1980,false,4313201,Nova Petrópolis,multiplos_pais
4310538,Itaara,1980,false,4316907,Santa Maria,unico_pai
4319125,São Martinho da Serra,1980,false,4316907,Santa Maria,unico_pai
4306379,Dilermando de Aguiar,1980,false,4316907,Santa Maria,unico_pai
4320651,Silveira Martins,1980,false,4316907,Santa Maria,unico_pai
4312153,Mato Leitão,1980,false,4322608,Venâncio Aires,unico_pai
4318614,São José do Sul,1980,false,4316501,Salvador do Sul,multiplos_pais
4319356,São Pedro da Serra,1980,false,4316501,Salvador do Sul,unico_pai
4301651,Barão,1980,false,4316501,Salvador do Sul,unico_pai
4314753,Poço das Antas,1980,false,4316501,Salvador do Sul,multiplos_pais
4322251,Tupandi,1980,false,4319505,São Sebastião do Caí,unico_pai
4318481,São José do Hortêncio,1980,false,4319505,São Sebastião do Caí,unico_pai
4302352,Bom Princípio,1980,false,4319505,São Sebastião do Caí,unico_pai
4319752,São Vendelino,1980,false,4319505,São Sebastião do Caí,unico_pai
4321493,Toropi,1980,false,4319406,São Pedro do Sul,unico_pai
4301875,Barra do Quaraí,1980,false,4322400,Uruguaiana,unico_pai
4312476,Morro Reuter,1980,false,4306403,Dois Irmãos,unico_pai
4316956,Santa Maria do Herval,1980,false,4306403,Dois Irmãos,unico_pai
4302659,Brochier,1980,false,4312401,Montenegro,unico_pai
4311791,Maratá,1980,false,4312401,Montenegro,unico_pai
4314035,Pareci Novo,1980,false,4312401,Montenegro,unico_pai
4309555,Harmonia,1980,false,4312401,Montenegro,unico_pai
4318432,São João do Polêsine,1980,false,4308003,Faxinal do Soturno,unico_pai
4314050,Parobé,1980,false,4321204,Taquara,unico_pai
4314159,Paverama,1980,false,4321303,Taquari,unico_pai
4320859,Tabaí,1980,false,4321303,Taquari,unico_pai
4311627,Lindolfo Collor,1980,false,4310801,Ivoti,unico_pai
4315149,Presidente Lucena,1980,false,4310801,Ivoti,unico_pai
4315750,Riozinho,1980,false,4316006,Rolante,unico_pai
4308078,Fazenda Vilanova,1980,false,4302402,Bom Retiro do Sul,unico_pai
4300877,Araricá,1980,false,4319901,Sapiranga,unico_pai
4313060,Nova Hartz,1980,false,4319901,Sapiranga,unico_pai
4304689,Capela de Santana,1980,false,4314803,Portão,unico_pai
4314076,Passo do Sobrado,1980,false,4315701,Rio Pardo,unico_pai
4313953,Pantano Grande,1980,false,4315701,Rio Pardo,unico_pai
4304713,Caraá,1980,false,4317608,Santo Antônio da Patrulha,unico_pai
4322525,Vale Verde,1980,false,4308805,General Câmara,unico_pai
4313375,Nova Santa Rita,1980,false,4304606,Canoas,unico_pai
4309050,Glorinha,1980,false,4309209,Gravataí,unico_pai
4316972,Santa Margarida do Sul,1980,false,4318309,São Gabriel,unico_pai
4323457,Vila Nova do Sul,1980,false,4319604,São Sepé,multiplos_pais
4312252,Minas do Leão,1980,false,4302709,Butiá,unico_pai
4310330,Imbé,1980,false,4321600,Tramandaí,unico_pai
4305454,Cidreira,1980,false,4321600,Tramandaí,unico_pai
4301636,Balneário Pinhal,1980,false,4321600,Tramandaí,unico_pai
4320552,Sertão Santana,1980,false,4309308,Guaíba,multiplos_pais
4311981,Mariana Pimentel,1980,false,4309308,Guaíba,multiplos_pais
4305355,Charqueadas,1980,false,4309308,Guaíba,multiplos_pais
4306767,Eldorado do Sul,1980,false,4309308,Guaíba,unico_pai
4301750,Barão do Triunfo,1980,false,4318408,São Jerônimo,unico_pai
4300638,Amaral Ferrador,1980,false,4306908,Encruzilhada do Sul,unico_pai
4305173,Cerro Grande do Sul,1980,false,4321105,Tapes,unico_pai
4320354,Sentinela do Sul,1980,false,4321105,Tapes,unico_pai
4321352,Tavares,1980,false,4312500,Mostardas,unico_pai
4300851,Arambaré,1980,false,4303509,Camaquã,unico_pai
4305447,Chuvisca,1980,false,4303509,Camaquã,unico_pai
4306056,Cristal,1980,false,4303509,Camaquã,unico_pai
4304358,Candiota,1980,false,4301602,Bagé,multiplos_pais
4309654,Hulha Negra,1980,false,4301602,Bagé,unico_pai
4300034,Aceguá,1980,false,4301602,Bagé,unico_pai
4322327,Turuçu,1980,false,4314407,Pelotas,unico_pai
4301073,Arroio do Padre,1980,false,4314407,Pelotas,unico_pai
4304663,Capão do Leão,1980,false,4314407,Pelotas,unico_pai
4312450,Morro Redondo,1980,false,4314407,Pelotas,unico_pai
4305124,Cerrito,1980,false,4314209,Pedro Osório,unico_pai
4314175,Pedras Altas,1980,false,4307104,Herval,multiplos_pais
4305439,Chuí,1980,false,4317301,Santa Vitória do Palmar,unico_pai
4310652,Itati,1980,false,4313508,Osório,unico_pai
4311775,Maquiné,1980,false,4313508,Osório,unico_pai
4323804,Xangri-lá,1980,false,4313508,Osório,unico_pai
4304630,Capão da Canoa,1980,false,4313508,Osório,unico_pai
4321436,Terra de Areia,1980,false,4313508,Osório,unico_pai
4304671,Capivari do Sul,1980,false,4313508,Osório,unico_pai
4313656,Palmares do Sul,1980,false,4313508,Osório,unico_pai
1400472,Rorainópolis,1980,false,1400209,Caracaraí,unico_pai
1400282,Iracema,1980,false,1400209,Caracaraí,unico_pai
1400308,Mucajaí,1980,false,1400209,Caracaraí,unico_pai
1400506,São João da Baliza,1980,false,1400209,Caracaraí,unico_pai
1400605,São Luiz,1980,false,1400209,Caracaraí,unico_pai
1400233,Caroebe,1980,false,1400209,Caracaraí,unico_pai
1400027,Amajari,1980,false,1400100,Boa Vista,unico_pai
1400050,Alto Alegre,1980,false,1400100,Boa Vista,unico_pai
1400456,Pacaraima,1980,false,1400100,Boa Vista,unico_pai
1400704,Uiramutã,1980,false,1400100,Boa Vista,unico_pai
1400407,Normandia,1980,false,1400100,Boa Vista,unico_pai
1400159,Bonfim,1980,false,1400100,Boa Vista,unico_pai
1400175,Cantá,1980,false,1400100,Boa Vista,multiplos_pais
1100098,Espigão D'Oeste,1980,false,1100189,Pimenta Bueno,unico_pai
1101450,Parecis,1980,false,1100189,Pimenta Bueno,unico_pai
1101484,São Felipe D'Oeste,1980,false,1100189,Pimenta Bueno,unico_pai
1101476,Primavera de Rondônia,1980,false,1100189,Pimenta Bueno,unico_pai
1101203,Ministro Andreazza,1980,false,1100049,Cacoal,unico_pai
1100908,Castanheiras,1980,false,1100049,Cacoal,unico_pai
1100502,Novo Horizonte do Oeste,1980,false,1100049,Cacoal,unico_pai
1100288,Rolim de Moura,1980,false,1100049,Cacoal,unico_pai
1100296,Santa Luzia D'Oeste,1980,false,1100049,Cacoal,multiplos_pais
1100155,Ouro Preto do Oeste,1980,false,1100122,Ji-Paraná,unico_pai
1101807,Vale do Paraíso,1980,false,1100122,Ji-Paraná,unico_pai
1101302,Mirante da Serra,1980,false,1100122,Ji-Paraná,unico_pai
1100346,Alvorada D'Oeste,1980,false,1100122,Ji-Paraná,unico_pai
1101435,Nova União,1980,false,1100122,Ji-Paraná,unico_pai
1101559,Teixeirópolis,1980,false,1100122,Ji-Paraná,unico_pai
1101708,Urupá,1980,false,1100122,Ji-Paraná,unico_pai
1100254,Presidente Médici,1980,false,1100122,Ji-Paraná,unico_pai
1100148,Nova Brasilândia D'Oeste,1980,false,1100122,Ji-Paraná,multiplos_pais
1100080,Costa Marques,1980,false,1100106,Guajará-Mirim,unico_pai
1100338,Nova Mamoré,1980,false,1100106,Guajará-Mirim,unico_pai
1100320,São Miguel do Guaporé,1980,false,1100106,Guajará-Mirim,unico_pai
1100015,Alta Floresta D'Oeste,1980,false,1100106,Guajará-Mirim,unico_pai
1101492,São Francisco do Guaporé,1980,false,1100106,Guajará-Mirim,unico_pai
1101500,Seringueiras,1980,false,1100106,Guajará-Mirim,unico_pai
1100940,Cujubim,1980,false,1100023,Ariquemes,multiplos_pais
1100130,Machadinho D'Oeste,1980,false,1100023,Ariquemes,unico_pai
1101757,Vale do Anari,1980,false,1100023,Ariquemes,unico_pai
1101609,Theobroma,1980,false,1100023,Ariquemes,unico_pai
1100262,Rio Crespo,1980,false,1100023,Ariquemes,unico_pai
1100403,Alto Paraíso,1980,false,1100023,Ariquemes,multiplos_pais
1101401,Monte Negro,1980,false,1100023,Ariquemes,unico_pai
1100601,Cacaulândia,1980,false,1100023,Ariquemes,unico_pai
1101005,Governador Jorge Teixeira,1980,false,1100023,Ariquemes,unico_pai
1100114,Jaru,1980,false,1100023,Ariquemes,unico_pai
1100809,Candeias do Jamari,1980,false,1100205,Porto Velho,unico_pai
1101104,Itapuã do Oeste,1980,false,1100205,Porto Velho,unico_pai
1100452,Buritis,1980,false,1100205,Porto Velho,unico_pai
1100700,Campo Novo de Rondônia,1980,false,1100205,Porto Velho,unico_pai
1100379,Alto Alegre dos Parecis,1980,false,1100304,Vilhena,multiplos_pais
1100031,Cabixi,1980,false,1100304,Vilhena,unico_pai
1100064,Colorado do Oeste,1980,false,1100304,Vilhena,unico_pai
1100056,Cerejeiras,1980,false,1100304,Vilhena,unico_pai
1101468,Pimenteiras do Oeste,1980,false,1100304,Vilhena,unico_pai
1100072,Corumbiara,1980,false,1100304,Vilhena,unico_pai
1100924,Chupinguaia,1980,false,1100304,Vilhena,multiplos_pais
2411056,Tibau,1980,false,2404408,Grossos,unico_pai
2401859,Caiçara do Norte,1980,false,2411601,São Bento do Norte,multiplos_pais
2412559,São Miguel do Gostoso,1980,false,2414407,Touros,unico_pai
2408953,Rio do Fogo,1980,false,2407500,Maxaranguape,unico_pai
2404853,Itajá,1980,false,2404705,Ipanguaçu,unico_pai
2403756,Fernando Pedroza,1980,false,2400802,Angicos,unico_pai
2414456,Triunfo Potiguar,1980,false,2401305,Augusto Severo,unico_pai
2401651,Bodó,1980,false,2411403,Santana do Matos,unico_pai
2409332,Santa Maria,1980,false,2412609,São Paulo do Potengi,unico_pai
2413557,Serrinha dos Pintos,1980,false,2407401,Martins,unico_pai
2414159,Tenente Laurentino Cruz,1980,false,2403806,Florânia,multiplos_pais
2414753,Venha-Ver,1980,false,2412500,São Miguel,unico_pai
2406155,Jundiá,1980,false,2414704,Várzea,multiplos_pais
2407252,Major Sales,1980,false,2407005,Luís Gomes,unico_pai
2401453,Baraúna,1980,false,2408003,Mossoró,unico_pai
2410256,Porto do Mangue,1980,false,2402501,Carnaubais,unico_pai
2413359,Serra do Mel,1980,false,2402501,Carnaubais,multiplos_pais
3306156,Varre-Sai,1980,false,3303104,Natividade,unico_pai
3302056,Italva,1980,false,3301009,Campos dos Goytacazes,unico_pai
3301157,Cardoso Moreira,1980,false,3301009,Campos dos Goytacazes,unico_pai
3304755,São Francisco de Itabapoana,1980,false,3305000,São João da Barra,unico_pai
3305133,São José de Ubá,1980,false,3300902,Cambuci,unico_pai
3300159,Aperibé,1980,false,3304706,Santo Antônio de Pádua,unico_pai
3300951,Comendador Levy Gasparian,1980,false,3306008,Três Rios,unico_pai
3300225,Areal,1980,false,3306008,Três Rios,unico_pai
3302452,Macuco,1980,false,3301504,Cordeiro,unico_pai
3300936,Carapebus,1980,false,3302403,Macaé,unico_pai
3304151,Quissamã,1980,false,3302403,Macaé,unico_pai
3305158,São José do Vale do Rio Preto,1980,false,3303906,Petrópolis,unico_pai
3302254,Itatiaia,1980,false,3304201,Resende,unico_pai
3304110,Porto Real,1980,false,3304201,Resende,unico_pai
3304128,Quatis,1980,false,3300407,Barra Mansa,unico_pai
3303856,Paty do Alferes,1980,false,3306206,Vassouras,unico_pai
3304524,Rio das Ostras,1980,false,3301306,Casimiro de Abreu,unico_pai
3303955,Pinheiral,1980,false,3304003,Piraí,unico_pai
3301850,Guapimirim,1980,false,3302502,Magé,unico_pai
3302858,Mesquita,1980,false,3303500,Nova Iguaçu,unico_pai
3302270,Japeri,1980,false,3303500,Nova Iguaçu,unico_pai
3304144,Queimados,1980,false,3303500,Nova Iguaçu,unico_pai
3300456,Belford Roxo,1980,false,3303500,Nova Iguaçu,unico_pai
3305554,Seropédica,1980,false,3302007,Itaguaí,unico_pai
3300233,Armação dos Búzios,1980,false,3300704,Cabo Frio,unico_pai
3300258,Arraial do Cabo,1980,false,3300704,Cabo Frio,unico_pai
3305752,Tanguá,1980,false,3301900,Itaboraí,unico_pai
3301876,Iguaba Grande,1980,false,3305208,São Pedro da Aldeia,unico_pai
4120333,Prado Ferreira,1980,false,4116000,Miraselva,unico_pai
4123956,Santa Mônica,1980,false,4123709,Santa Isabel do Ivaí,unico_pai
4101150,Ângulo,1980,false,4110003,Iguaraçu,unico_pai
4119657,Pitangueiras,1980,false,4122404,Rolândia,unico_pai
4111555,Ivaté,1980,false,4128104,Umuarama,unico_pai
4128625,Alto Paraíso,1980,false,4128104,Umuarama,unico_pai
4118857,Perobal,1980,false,4128104,Umuarama,unico_pai
4126678,Tamarana,1980,false,4113700,Londrina,unico_pai
4107256,Douradina,1980,false,4114708,Maria Helena,unico_pai
4125555,São Manoel do Paraná,1980,false,4110409,Indianópolis,unico_pai
4126256,Sarandi,1980,false,4114807,Marialva,unico_pai
4117297,Novo Itacolomi,1980,false,4103800,Cambira,unico_pai
4117214,Nova Santa Bárbara,1980,false,4123204,Santa Cecília do Pavão,unico_pai
4115754,Mauá da Serra,1980,false,4114906,Marilândia do Sul,unico_pai
4125357,São Jorge do Patrocínio,1980,false,4100509,Altônia,unico_pai
4107520,Esperança Nova,1980,false,4118907,Pérola,unico_pai
4107751,Figueira,1980,false,4107009,Curiúva,unico_pai
4103479,Cafezal do Sul,1980,false,4110607,Iporã,unico_pai
4106852,Cruzmaltina,1980,false,4107603,Faxinal,unico_pai
4113759,Lunardelli,1980,false,4125001,São João do Ivaí,unico_pai
4108551,Godoy Moreira,1980,false,4125001,São João do Ivaí,unico_pai
4106555,Corumbataí do Sul,1980,false,4102505,Barbosa Ferraz,unico_pai
4103370,Brasilândia do Sul,1980,false,4100707,Alto Piquiri,unico_pai
4113734,Luiziana,1980,false,4104303,Campo Mourão,unico_pai
4107553,Farol,1980,false,4104303,Campo Mourão,unico_pai
4128534,Ventania,1980,false,4127502,Tibagi,unico_pai
4113429,Lidianópolis,1980,false,4112504,Jardim Alegre,unico_pai
4121356,Rancho Alegre D'Oeste,1980,false,4108601,Goioerê,unico_pai
4120655,Quarto Centenário,1980,false,4108601,Goioerê,unico_pai
4110078,Imbaú,1980,false,4127106,Telêmaco Borba,multiplos_pais
4122651,Rosário do Ivaí,1980,false,4108700,Grandes Rios,unico_pai
4122172,Rio Branco do Ivaí,1980,false,4108700,Grandes Rios,unico_pai
4115358,Maripá,1980,false,4117909,Palotina,unico_pai
4110656,Iracema do Oeste,1980,false,4108205,Formosa do Oeste,unico_pai
4112751,Jesuítas,1980,false,4108205,Formosa do Oeste,unico_pai
4101853,Ariranha do Ivaí,1980,false,4111506,Ivaiporã,unico_pai
4101655,Arapuã,1980,false,4111506,Ivaiporã,unico_pai
4112959,Juranda,1980,false,4114005,Mamborê,unico_pai
4127957,Tupãssi,1980,false,4102000,Assis Chateaubriand,unico_pai
4103040,Boa Ventura de São Roque,1980,false,4119608,Pitanga,unico_pai
4117271,Nova Tebas,1980,false,4119608,Pitanga,unico_pai
4123857,Santa Maria do Oeste,1980,false,4119608,Pitanga,unico_pai
4115739,Mato Rico,1980,false,4119608,Pitanga,unico_pai
4115853,Mercedes,1980,false,4114609,Marechal Cândido Rondon,unico_pai
4120853,Quatro Pontes,1980,false,4114609,Marechal Cândido Rondon,unico_pai
4118451,Pato Bragado,1980,false,4114609,Marechal Cândido Rondon,unico_pai
4107538,Entre Rios do Oeste,1980,false,4114609,Marechal Cândido Rondon,unico_pai
4128633,Doutor Ulysses,1980,false,4105201,Cerro Azul,unico_pai
4103354,Braganey,1980,false,4106308,Corbélia,unico_pai
4110052,Iguatu,1980,false,4106308,Corbélia,unico_pai
4101051,Anahy,1980,false,4106308,Corbélia,unico_pai
4104659,Carambeí,1980,false,4104907,Castro,multiplos_pais
4125456,São José das Palmeiras,1980,false,4123501,Santa Helena,unico_pai
4107124,Diamante do Sul,1980,false,4109302,Guaraniaçu,unico_pai
4104055,Campo Bonito,1980,false,4109302,Guaraniaçu,unico_pai
4100459,Altamira do Paraná,1980,false,4117800,Palmital,unico_pai
4113254,Laranjal,1980,false,4117800,Palmital,unico_pai
4103958,Campina do Simão,1980,false,4109401,Guarapuava,unico_pai
4127965,Turvo,1980,false,4109401,Guarapuava,unico_pai
4108650,Goioxim,1980,false,4109401,Guarapuava,unico_pai
4115457,Marquinho,1980,false,4109401,Guarapuava,unico_pai
4104451,Cantagalo,1980,false,4109401,Guarapuava,unico_pai
4104428,Candói,1980,false,4109401,Guarapuava,unico_pai
4108452,Foz do Jordão,1980,false,4109401,Guarapuava,unico_pai
4107157,Diamante D'Oeste,1980,false,4115606,Matelândia,unico_pai
4121257,Ramilândia,1980,false,4115606,Matelândia,multiplos_pais
4128559,Vera Cruz do Oeste,1980,false,4105300,Céu Azul,unico_pai
4127882,Tunas do Paraná,1980,false,4103107,Bocaiúva do Sul,unico_pai
4111258,Itaperuçu,1980,false,4122206,Rio Branco do Sul,multiplos_pais
4117057,Nova Laranjeiras,1980,false,4113304,Laranjeiras do Sul,unico_pai
4122156,Rio Bonito do Iguaçu,1980,false,4113304,Laranjeiras do Sul,unico_pai
4120150,Porto Barreiro,1980,false,4113304,Laranjeiras do Sul,unico_pai
4128658,Virmond,1980,false,4113304,Laranjeiras do Sul,unico_pai
4110953,Itaipulândia,1980,false,4125704,São Miguel do Iguaçu,unico_pai
4108957,Guamiranga,1980,false,4110102,Imbituva,unico_pai
4109757,Ibema,1980,false,4105003,Catanduvas,unico_pai
4127858,Três Barras do Paraná,1980,false,4105003,Catanduvas,unico_pai
4107736,Fernandes Pinheiro,1980,false,4127007,Teixeira Soares,unico_pai
4124053,Santa Terezinha de Itaipu,1980,false,4108304,Foz do Iguaçu,unico_pai
4104253,Campo Magro,1980,false,4100400,Almirante Tamandaré,unico_pai
4107546,Espigão Alto do Iguaçu,1980,false,4120903,Quedas do Iguaçu,unico_pai
4103057,Boa Vista da Aparecida,1980,false,4104600,Capitão Leônidas Marques,unico_pai
4123824,Santa Lúcia,1980,false,4104600,Capitão Leônidas Marques,unico_pai
4119152,Pinhais,1980,false,4119509,Piraquara,unico_pai
4119954,Pontal do Paraná,1980,false,4118204,Paranaguá,unico_pai
4117255,Nova Prata do Iguaçu,1980,false,4123006,Salto do Lontra,unico_pai
4103024,Boa Esperança do Iguaçu,1980,false,4107207,Dois Vizinhos,unico_pai
4106571,Cruzeiro do Iguaçu,1980,false,4107207,Dois Vizinhos,unico_pai
4126652,Sulina,1980,false,4105409,Chopinzinho,unico_pai
4126272,Saudade do Iguaçu,1980,false,4105409,Chopinzinho,unico_pai
4121752,Reserva do Iguaçu,1980,false,4119301,Pinhão,unico_pai
4107652,Fazenda Rio Grande,1980,false,4114302,Mandirituba,unico_pai
4109658,Honório Serpa,1980,false,4114401,Mangueirinha,unico_pai
4102752,Bela Vista da Caroba,1980,false,4119004,Pérola d'Oeste,multiplos_pais
4116950,Nova Esperança do Sudoeste,1980,false,4107405,Enéas Marques,multiplos_pais
4120358,Pranchita,1980,false,4124400,Santo Antônio do Sudoeste,unico_pai
4119251,Pinhal de São Bento,1980,false,4124400,Santo Antônio do Sudoeste,multiplos_pais
4106456,Coronel Domingos Soares,1980,false,4117602,Palmas,unico_pai
4103222,Bom Sucesso do Sul,1980,false,4118501,Pato Branco,unico_pai
4114351,Manfrinópolis,1980,false,4122800,Salgado Filho,unico_pai
4103156,Bom Jesus do Sul,1980,false,4102604,Barracão,unico_pai
4107850,Flor da Serra do Sul,1980,false,4115408,Marmeleiro,multiplos_pais
4117453,Ouro Verde do Oeste,1980,false,4127700,Toledo,unico_pai
4125753,São Pedro do Iguaçu,1980,false,4127700,Toledo,unico_pai
4124020,Santa Tereza do Oeste,1980,false,4104808,Cascavel,unico_pai
4103453,Cafelândia,1980,false,4104808,Cascavel,unico_pai
4113452,Lindoeste,1980,false,4104808,Cascavel,unico_pai
2204659,Ilha Grande,1980,false,2207702,Parnaíba,unico_pai
2201919,Bom Princípio do Piauí,1980,false,2207702,Parnaíba,multiplos_pais
2202083,Cajueiro da Praia,1980,false,2205706,Luís Correia,unico_pai
2206696,Murici dos Portelas,1980,false,2202000,Buriti dos Lopes,multiplos_pais
2202653,Caxingó,1980,false,2202000,Buriti dos Lopes,unico_pai
2202539,Caraúbas do Piauí,1980,false,2202000,Buriti dos Lopes,multiplos_pais
2202729,Cocal dos Alves,1980,false,2202703,Cocal,multiplos_pais
2205458,Joca Marques,1980,false,2205805,Luzilândia,unico_pai
2205854,Madeiro,1980,false,2205805,Luzilândia,unico_pai
2201960,Brasileira,1980,false,2208304,Piracuruca,multiplos_pais
2210052,São José do Divino,1980,false,2208304,Piracuruca,multiplos_pais
2209872,São João da Fronteira,1980,false,2208304,Piracuruca,multiplos_pais
2206670,Morro do Chapéu do Piauí,1980,false,2203701,Esperantina,multiplos_pais
2209971,São João do Arraial,1980,false,2206100,Matias Olímpio,multiplos_pais
2202174,Campo Largo do Piauí,1980,false,2208502,Porto,unico_pai
2202059,Cabeceiras do Piauí,1980,false,2201200,Barras,unico_pai
2201770,Boa Hora,1980,false,2201200,Barras,unico_pai
2205573,Lagoa de São Francisco,1980,false,2207900,Pedro II,multiplos_pais
2206357,Milton Brandão,1980,false,2207900,Pedro II,multiplos_pais
2205557,Lagoa Alegre,1980,false,2211100,União,multiplos_pais
2210656,Sigefredo Pacheco,1980,false,2202208,Campo Maior,multiplos_pais
2205276,Jatobá do Piauí,1980,false,2202208,Campo Maior,unico_pai
2202711,Cocal de Telha,1980,false,2202208,Campo Maior,unico_pai
2201945,Boqueirão do Piauí,1980,false,2202208,Campo Maior,unico_pai
2206753,Nossa Senhora de Nazaré,1980,false,2202208,Campo Maior,unico_pai
2206720,Nazária,1980,false,2211001,Teresina,unico_pai
2202026,Buriti dos Montes,1980,false,2202604,Castelo do Piauí,multiplos_pais
2205516,Juazeiro do Piauí,1980,false,2202604,Castelo do Piauí,multiplos_pais
2202737,Coivaras,1980,false,2200400,Altos,unico_pai
2207793,Pau D'Arco do Piauí,1980,false,2200400,Altos,unico_pai
2206951,Novo Santo Antônio,1980,false,2200301,Alto Longá,unico_pai
2205581,Lagoa do Piauí,1980,false,2201606,Beneditinos,multiplos_pais
2201051,Assunção do Piauí,1980,false,2210409,São Miguel do Tapuio,unico_pai
2203255,Curralinhos,1980,false,2206407,Monsenhor Gil,multiplos_pais
2205540,Lagoinha do Piauí,1980,false,2200202,Água Branca,multiplos_pais
2207108,Olho D'Água do Piauí,1980,false,2200202,Água Branca,multiplos_pais
2207751,Passagem Franca do Piauí,1980,false,2203503,Elesbão Veloso,multiplos_pais
2210383,São Miguel da Baixa Grande,1980,false,2209609,São Félix do Piauí,multiplos_pais
2209153,Santa Cruz dos Milagres,1980,false,2200905,Aroazes,multiplos_pais
2209450,Santo Antônio dos Milagres,1980,false,2209807,São Gonçalo do Piauí,multiplos_pais
2205250,Jardim do Mulato,1980,false,2208809,Regeneração,unico_pai
2205599,Lagoa do Sítio,1980,false,2211308,Valença do Piauí,multiplos_pais
2201176,Barra D'Alcântara,1980,false,2211407,Várzea Grande,multiplos_pais
2200251,Alagoinha do Piauí,1980,false,2208205,Pio IX,multiplos_pais
2202075,Cajazeiras do Piauí,1980,false,2207009,Oeiras,unico_pai
2210979,Tanque do Piauí,1980,false,2207009,Oeiras,multiplos_pais
2209377,Santa Rosa do Piauí,1980,false,2207009,Oeiras,unico_pai
2202778,Colônia do Piauí,1980,false,2207009,Oeiras,multiplos_pais
2209955,São João da Varjota,1980,false,2207009,Oeiras,multiplos_pais
2202251,Canavieira,1980,false,2205300,Jerumenha,multiplos_pais
2208551,Porto Alegre do Piauí,1980,false,2200806,Antônio Almeida,multiplos_pais
2209351,Santana do Piauí,1980,false,2208007,Picos,multiplos_pais
2207553,Paquetá,1980,false,2208007,Picos,multiplos_pais
2200954,Aroeiras do Itaim,1980,false,2208007,Picos,multiplos_pais
2210938,Sussuapara,1980,false,2208007,Picos,unico_pai
2204352,Geminiano,1980,false,2208007,Picos,unico_pai
2202091,Caldeirão Grande do Piauí,1980,false,2204303,Fronteiras,unico_pai
2211704,Wall Ferraz,1980,false,2209104,Santa Cruz do Piauí,multiplos_pais
2200277,Alegrete do Piauí,1980,false,2210300,São Julião,unico_pai
2202133,Campo Grande do Piauí,1980,false,2205201,Jaicós,unico_pai
2206050,Massapê do Piauí,1980,false,2205201,Jaicós,unico_pai
2207777,Patos do Piauí,1980,false,2205201,Jaicós,multiplos_pais
2201572,Belém do Piauí,1980,false,2207207,Padre Marcos,multiplos_pais
2205953,Marcolândia,1980,false,2207207,Padre Marcos,multiplos_pais
2204154,Francisco Macedo,1980,false,2207207,Padre Marcos,multiplos_pais
2211605,Vila Nova do Piauí,1980,false,2207207,Padre Marcos,multiplos_pais
2211506,Vera Mendes,1980,false,2205003,Itainópolis,multiplos_pais
2203859,Floresta do Piauí,1980,false,2209500,Santo Inácio do Piauí,unico_pai
2210631,Sebastião Leal,1980,false,2201705,Bertolínia,multiplos_pais
2201150,Baixa Grande do Ribeiro,1980,false,2208908,Ribeiro Gonçalves,unico_pai
2202554,Caridade do Piauí,1980,false,2210706,Simões,multiplos_pais
2203271,Curral Novo do Piauí,1980,false,2210706,Simões,multiplos_pais
2210391,São Miguel do Fidalgo,1980,false,2207306,Paes Landim,multiplos_pais
2201556,Bela Vista do Piauí,1980,false,2210805,Simplício Mendes,multiplos_pais
2207934,Pedro Laurentino,1980,false,2210003,São João do Piauí,multiplos_pais
2208874,Ribeira do Piauí,1980,false,2210003,São João do Piauí,unico_pai
2205359,João Costa,1980,false,2210003,São João do Piauí,unico_pai
2202117,Campo Alegre do Fidalgo,1980,false,2210003,São João do Piauí,unico_pai
2205565,Lagoa do Barro do Piauí,1980,false,2210003,São João do Piauí,multiplos_pais
2202455,Capitão Gervásio Oliveira,1980,false,2210003,São João do Piauí,unico_pai
2207959,Nova Santa Rita,1980,false,2210003,São João do Piauí,unico_pai
2207850,Pavussu,1980,false,2209005,Rio Grande do Piauí,multiplos_pais
2208650,Queimada Nova,1980,false,2207801,Paulistana,multiplos_pais
2200053,Acauã,1980,false,2207801,Paulistana,unico_pai
2205151,Jacobina do Piauí,1980,false,2207801,Paulistana,multiplos_pais
2201739,Betânia do Piauí,1980,false,2207801,Paulistana,unico_pai
2207355,Pajeú do Piauí,1980,false,2202307,Canto do Buriti,multiplos_pais
2201988,Brejo do Piauí,1980,false,2202307,Canto do Buriti,multiplos_pais
2210953,Tamboril do Piauí,1980,false,2202307,Canto do Buriti,unico_pai
2209658,São Francisco de Assis do Piauí,1980,false,2202802,Conceição do Canindé,multiplos_pais
2202752,Colônia do Gurguéia,1980,false,2203602,Eliseu Martins,unico_pai
2200459,Alvorada do Gurguéia,1980,false,2205904,Manoel Emídio,multiplos_pais
2203230,Currais,1980,false,2201903,Bom Jesus,unico_pai
2211357,Várzea Branca,1980,false,2210607,São Raimundo Nonato,unico_pai
2201929,Bonfim do Piauí,1980,false,2210607,São Raimundo Nonato,unico_pai
2209559,São Braz do Piauí,1980,false,2210607,São Raimundo Nonato,multiplos_pais
2202851,Coronel José Dias,1980,false,2210607,São Raimundo Nonato,unico_pai
2210359,São Lourenço do Piauí,1980,false,2210607,São Raimundo Nonato,unico_pai
2203354,Dirceu Arcoverde,1980,false,2210607,São Raimundo Nonato,unico_pai
2203453,Dom Inocêncio,1980,false,2210607,São Raimundo Nonato,unico_pai
2203750,Fartura do Piauí,1980,false,2210607,São Raimundo Nonato,unico_pai
2204550,Guaribas,1980,false,2202505,Caracol,unico_pai
2205532,Jurema,1980,false,2200707,Anísio de Abreu,multiplos_pais
2206654,Morro Cabeça no Tempo,1980,false,2201101,Avelino Lopes,multiplos_pais
2208858,Riacho Frio,1980,false,2207603,Parnaguá,unico_pai
2205524,Júlio Borges,1980,false,2203206,Curimatá,unico_pai
2209757,São Gonçalo do Gurguéia,1980,false,2201309,Barreiras do Piauí,multiplos_pais
2210623,Sebastião Barros,1980,false,2202901,Corrente,unico_pai
2612455,Santa Cruz,1980,false,2609907,Ouricuri,unico_pai
2612554,Santa Filomena,1980,false,2609907,Ouricuri,unico_pai
2611533,Quixaba,1980,false,2603900,Carnaíba,unico_pai
2612471,Santa Cruz da Baixa Verde,1980,false,2615706,Triunfo,multiplos_pais
2604155,Casinhas,1980,false,2614501,Surubim,unico_pai
2616183,Vertente do Lério,1980,false,2614501,Surubim,unico_pai
2608453,Lagoa do Carro,1980,false,2604007,Carpina,unico_pai
2603454,Camaragibe,1980,false,2613701,São Lourenço da Mata,unico_pai
2605152,Dormentes,1980,false,2611101,Petrolina,unico_pai
2603926,Carnaubeira da Penha,1980,false,2605707,Floresta,unico_pai
2608750,Lagoa Grande,1980,false,2612604,Santa Maria da Boa Vista,unico_pai
2609154,Manari,1980,false,2607000,Inajá,unico_pai
2616506,Xexéu,1980,false,2600401,Água Preta,unico_pai
2608057,Jatobá,1980,false,2611002,Petrolândia,unico_pai
2608255,Jucati,1980,false,2608305,Jupi,unico_pai
2614857,Tamandaré,1980,false,2611903,Rio Formoso,multiplos_pais
2607950,Jaqueira,1980,false,2609204,Maraial,unico_pai
2514651,São José do Brejo do Cruz,1980,false,2502805,Brejo do Cruz,multiplos_pais
2512036,Poço Dantas,1980,false,2516904,Uiraúna,multiplos_pais
2513653,Joca Claudino,1980,false,2516904,Uiraúna,multiplos_pais
2501534,Baraúna,1980,false,2511400,Picuí,unico_pai
2502052,Bernardino Batista,1980,false,2516805,Triunfo,unico_pai
2509370,Mato Grosso,1980,false,2507408,Jericó,multiplos_pais
2516151,Sossêgo,1980,false,2505105,Cuité,multiplos_pais
2509156,Marizópolis,1980,false,2516201,Sousa,multiplos_pais
2517209,Vieirópolis,1980,false,2516201,Sousa,multiplos_pais
2513984,São Francisco,1980,false,2516201,Sousa,unico_pai
2500775,Aparecida,1980,false,2516201,Sousa,unico_pai
2512077,Poço de José de Moura,1980,false,2500700,São João do Rio do Peixe,unico_pai
2512747,Riachão,1980,false,2501005,Araruna,multiplos_pais
2508554,Logradouro,1980,false,2503605,Caiçara,unico_pai
2505352,Damião,1980,false,2501609,Barra de Santa Rosa,unico_pai
2505279,Curral de Cima,1980,false,2508901,Mamanguape,unico_pai
2505238,Cuité de Mamanguape,1980,false,2508901,Mamanguape,unico_pai
2504033,Capim,1980,false,2508901,Mamanguape,unico_pai
2512721,Pedro Régis,1980,false,2507309,Jacaraú,unico_pai
2503753,Cajazeirinhas,1980,false,2512101,Pombal,unico_pai
2513968,São Domingos,1980,false,2512101,Pombal,unico_pai
2513927,São Bentinho,1980,false,2512101,Pombal,multiplos_pais
2509057,Marcação,1980,false,2512903,Rio Tinto,unico_pai
2504157,Casserengue,1980,false,2516003,Solânea,multiplos_pais
2515930,Sertãozinho,1980,false,2505808,Duas Estradas,multiplos_pais
2500577,Algodão de Jandaíra,1980,false,2512705,Remígio,multiplos_pais
2516755,Tenório,1980,false,2507705,Juazeirinho,multiplos_pais
2515971,Sobrado,1980,false,2515302,Sapé,unico_pai
2512762,Riachão do Poço,1980,false,2515302,Sapé,multiplos_pais
2509339,Matinhas,1980,false,2500403,Alagoa Nova,multiplos_pais
2501153,Areia de Baraúnas,1980,false,2510709,Passagem,multiplos_pais
2501351,Assunção,1980,false,2516508,Taperoá,multiplos_pais
2513851,Santo André,1980,false,2506509,Gurjão,multiplos_pais
2509396,Maturéia,1980,false,2516706,Teixeira,unico_pai
2503555,Cacimbas,1980,false,2505402,Desterro,multiplos_pais
2502151,Boa Vista,1980,false,2504009,Campina Grande,unico_pai
2512754,Riachão do Bacamarte,1980,false,2506806,Ingá,multiplos_pais
2510659,Parari,1980,false,2514800,São José dos Cordeiros,multiplos_pais
2514453,São José dos Ramos,1980,false,2511509,Pilar,multiplos_pais
2513356,Santa Inês,1980,false,2504405,Conceição,unico_pai
2504074,Caraúbas,1980,false,2514008,São João do Cariri,unico_pai
2504355,Caturité,1980,false,2502508,Boqueirão,unico_pai
2501575,Barra de Santana,1980,false,2502508,Boqueirão,unico_pai
2500536,Alcantil,1980,false,2502508,Boqueirão,multiplos_pais
2512788,Riacho de Santo Antônio,1980,false,2502508,Boqueirão,unico_pai
2513943,São Domingos do Cariri,1980,false,2503100,Cabaceiras,unico_pai
2504850,Coxixola,1980,false,2515500,Serra Branca,unico_pai
2506251,Gado Bravo,1980,false,2501302,Aroeiras,unico_pai
2514552,São José de Princesa,1980,false,2512309,Princesa Isabel,multiplos_pais
2500734,Amparo,1980,false,2516300,Sumé,multiplos_pais
2513158,Santa Cecília,1980,false,2517001,Umbuzeiro,unico_pai
2517407,Zabelê,1980,false,2515203,São Sebastião do Umbuzeiro,unico_pai
1502855,Curuá,1980,false,1500404,Alenquer,unico_pai
1507466,São João da Ponta,1980,false,1507102,São Caetano de Odivelas,unico_pai
1508035,Tracuateua,1980,false,1501709,Bragança,unico_pai
1507961,Terra Alta,1980,false,1502905,Curuçá,unico_pai
1506351,Santa Bárbara do Pará,1980,false,1501501,Benevides,unico_pai
1504422,Marituba,1980,false,1501501,Benevides,multiplos_pais
1501956,Cachoeira do Piriá,1980,false,1508308,Viseu,unico_pai
1504950,Nova Esperança do Piriá,1980,false,1508308,Viseu,unico_pai
1506559,Santa Luzia do Pará,1980,false,1505403,Ourém,multiplos_pais
1503077,Garrafão do Norte,1980,false,1505403,Ourém,unico_pai
1502756,Concórdia do Pará,1980,false,1501907,Bujaru,unico_pai
1507953,Tailândia,1980,false,1500206,Acará,unico_pai
1507979,Terra Santa,1980,false,1503002,Faro,unico_pai
1504059,Mãe do Rio,1980,false,1503507,Irituia,unico_pai
1506187,Rondon do Pará,1980,false,1507201,São Domingos do Capim,unico_pai
1503457,Ipixuna do Pará,1980,false,1507201,São Domingos do Capim,unico_pai
1500958,Aurora do Pará,1980,false,1507201,São Domingos do Capim,unico_pai
1503093,Goianésia do Pará,1980,false,1507201,São Domingos do Capim,multiplos_pais
1501782,Breu Branco,1980,false,1504703,Moju,multiplos_pais
1508159,Uruará,1980,false,1506005,Prainha,unico_pai
1504455,Medicilândia,1980,false,1506005,Prainha,unico_pai
1501725,Brasil Novo,1980,false,1506005,Prainha,multiplos_pais
1505486,Pacajá,1980,false,1505809,Portel,unico_pai
1501451,Belterra,1980,false,1506807,Santarém,unico_pai
1504752,Mojuí dos Campos,1980,false,1506807,Santarém,unico_pai
1505650,Placas,1980,false,1506807,Santarém,unico_pai
1508357,Vitória do Xingu,1980,false,1507805,Senador José Porfírio,multiplos_pais
1500859,Anapu,1980,false,1507805,Senador José Porfírio,multiplos_pais
1502939,Dom Eliseu,1980,false,1505502,Paragominas,unico_pai
1508126,Ulianópolis,1980,false,1505502,Paragominas,unico_pai
1506195,Rurópolis,1980,false,1501006,Aveiro,unico_pai
1508050,Trairão,1980,false,1503606,Itaituba,unico_pai
1505031,Novo Progresso,1980,false,1503606,Itaituba,unico_pai
1503754,Jacareacanga,1980,false,1503606,Itaituba,unico_pai
1505064,Novo Repartimento,1980,false,1503804,Jacundá,multiplos_pais
1504976,Nova Ipixuna,1980,false,1503705,Itupiranga,unico_pai
1505494,Palestina do Pará,1980,false,1507508,São João do Araguaia,unico_pai
1501758,Brejo Grande do Araguaia,1980,false,1507508,São João do Araguaia,multiplos_pais
1507151,São Domingos do Araguaia,1980,false,1507508,São João do Araguaia,unico_pai
1501576,Bom Jesus do Tocantins,1980,false,1507508,São João do Araguaia,unico_pai
1500131,Abel Figueiredo,1980,false,1507508,São João do Araguaia,unico_pai
1502954,Eldorado do Carajás,1980,false,1504208,Marabá,unico_pai
1500347,Água Azul do Norte,1980,false,1504208,Marabá,unico_pai
1502152,Canaã dos Carajás,1980,false,1504208,Marabá,unico_pai
1505536,Parauapebas,1980,false,1504208,Marabá,unico_pai
1502772,Curionópolis,1980,false,1504208,Marabá,unico_pai
1508084,Tucumã,1980,false,1507300,São Félix do Xingu,unico_pai
1502764,Cumaru do Norte,1980,false,1507300,São Félix do Xingu,unico_pai
1501253,Bannach,1980,false,1507300,São Félix do Xingu,unico_pai
1505437,Ourilândia do Norte,1980,false,1507300,São Félix do Xingu,unico_pai
1507458,São Geraldo do Araguaia,1980,false,1502707,Conceição do Araguaia,unico_pai
1505635,Piçarra,1980,false,1502707,Conceição do Araguaia,unico_pai
1508407,Xinguara,1980,false,1502707,Conceição do Araguaia,unico_pai
1507755,Sapucaia,1980,false,1502707,Conceição do Araguaia,unico_pai
1506161,Rio Maria,1980,false,1502707,Conceição do Araguaia,unico_pai
1505551,Pau D'Arco,1980,false,1502707,Conceição do Araguaia,unico_pai
1506138,Redenção,1980,false,1502707,Conceição do Araguaia,unico_pai
1503044,Floresta do Araguaia,1980,false,1502707,Conceição do Araguaia,unico_pai
1506583,Santa Maria das Barreiras,1980,false,1506708,Santana do Araguaia,unico_pai
5104559,Itaúba,1980,false,5103205,Colíder,unico_pai
5106216,Nova Canaã do Norte,1980,false,5103205,Colíder,unico_pai
5102793,Carlinda,1980,false,5103205,Colíder,multiplos_pais
5108808,Nova Guarita,1980,false,5103205,Colíder,unico_pai
5108055,Terra Nova do Norte,1980,false,5103205,Colíder,unico_pai
5106265,Novo Mundo,1980,false,5103205,Colíder,unico_pai
5104104,Guarantã do Norte,1980,false,5103205,Colíder,unico_pai
5105606,Matupá,1980,false,5103205,Colíder,unico_pai
5106190,Nova Santa Helena,1980,false,5103205,Colíder,multiplos_pais
5106422,Peixoto de Azevedo,1980,false,5103205,Colíder,unico_pai
5107743,Santa Cruz do Xingu,1980,false,5105309,Luciára,unico_pai
5107354,São José do Xingu,1980,false,5105309,Luciára,multiplos_pais
5106778,Porto Alegre do Norte,1980,false,5105309,Luciára,unico_pai
5103353,Confresa,1980,false,5107776,Santa Terezinha,unico_pai
5108600,Vila Rica,1980,false,5107776,Santa Terezinha,unico_pai
5105101,Juara,1980,false,5106802,Porto dos Gaúchos,multiplos_pais
5106273,Novo Horizonte do Norte,1980,false,5106802,Porto dos Gaúchos,unico_pai
5107941,Tabaporã,1980,false,5106802,Porto dos Gaúchos,unico_pai
5103056,Cláudia,1980,false,5107909,Sinop,unico_pai
5107248,Santa Carmem,1980,false,5107909,Sinop,unico_pai
5106240,Nova Ubiratã,1980,false,5107909,Sinop,unico_pai
5108501,Vera,1980,false,5107909,Sinop,unico_pai
5103700,Feliz Natal,1980,false,5107909,Sinop,unico_pai
5108303,União do Sul,1980,false,5107909,Sinop,unico_pai
5105580,Marcelândia,1980,false,5107909,Sinop,unico_pai
5108907,Nova Maringá,1980,false,5107305,São José do Rio Claro,unico_pai
5107065,Querência,1980,false,5107859,São Félix do Araguaia,multiplos_pais
5100359,Alto Boa Vista,1980,false,5107859,São Félix do Araguaia,unico_pai
5102694,Canabrava do Norte,1980,false,5107859,São Félix do Araguaia,multiplos_pais
5107883,Serra Nova Dourada,1980,false,5107859,São Félix do Araguaia,unico_pai
5102637,Campo Novo do Parecis,1980,false,5103502,Diamantino,unico_pai
5104542,Itanhangá,1980,false,5103502,Diamantino,unico_pai
5101902,Brasnorte,1980,false,5103502,Diamantino,unico_pai
5107875,Sapezal,1980,false,5103502,Diamantino,unico_pai
5104526,Ipiranga do Norte,1980,false,5103502,Diamantino,unico_pai
5108006,Tapurah,1980,false,5103502,Diamantino,unico_pai
5106224,Nova Mutum,1980,false,5103502,Diamantino,unico_pai
5105259,Lucas do Rio Verde,1980,false,5103502,Diamantino,unico_pai
5107925,Sorriso,1980,false,5105903,Nobres,unico_pai
5107768,Santa Rita do Trivelato,1980,false,5105903,Nobres,multiplos_pais
5106315,Novo Santo Antônio,1980,false,5101803,Barra do Garças,multiplos_pais
5103106,Cocalinho,1980,false,5101803,Barra do Garças,unico_pai
5101001,Araguaiana,1980,false,5101803,Barra do Garças,unico_pai
5107792,Santo Antônio do Leste,1980,false,5101803,Barra do Garças,unico_pai
5106281,Novo São Joaquim,1980,false,5101803,Barra do Garças,unico_pai
5103858,Gaúcha do Norte,1980,false,5106307,Paranatinga,unico_pai
5101852,Bom Jesus do Araguaia,1980,false,5102702,Canarana,multiplos_pais
5107180,Ribeirão Cascalheira,1980,false,5102702,Canarana,unico_pai
5106182,Nova Lacerda,1980,false,5105507,Vila Bela da Santíssima Trindade,unico_pai
5102686,Campos de Júlio,1980,false,5105507,Vila Bela da Santíssima Trindade,unico_pai
5103304,Comodoro,1980,false,5105507,Vila Bela da Santíssima Trindade,unico_pai
5106174,Nova Nazaré,1980,false,5100201,Água Boa,unico_pai
5102603,Campinápolis,1980,false,5106257,Nova Xavantina,unico_pai
5107263,Santo Afonso,1980,false,5101308,Arenápolis,unico_pai
5108857,Nova Marilândia,1980,false,5101308,Arenápolis,multiplos_pais
5106455,Planalto da Serra,1980,false,5106208,Nova Brasilândia,multiplos_pais
5108352,Vale de São Domingos,1980,false,5106752,Pontes e Lacerda,unico_pai
5103361,Conquista D'Oeste,1980,false,5106752,Pontes e Lacerda,unico_pai
5102678,Campo Verde,1980,false,5107008,Poxoréo,unico_pai
5107040,Primavera do Leste,1980,false,5107008,Poxoréo,unico_pai
5105234,Lambari D'Oeste,1980,false,5107206,Rio Branco,multiplos_pais
5104500,Indiavaí,1980,false,5101258,Araputanga,unico_pai
5103437,Curvelândia,1980,false,5102504,Cáceres,unico_pai
5103957,Glória D'Oeste,1980,false,5102504,Cáceres,multiplos_pais
5106828,Porto Esperidião,1980,false,5102504,Cáceres,unico_pai
5103809,Figueirópolis D'Oeste,1980,false,5102504,Cáceres,unico_pai
5107404,São Pedro da Cipa,1980,false,5104807,Jaciara,multiplos_pais
5106653,Pontal do Araguaia,1980,false,5108204,Torixoréu,unico_pai
5107297,São José do Povo,1980,false,5107602,Rondonópolis,multiplos_pais
5107198,Ribeirãozinho,1980,false,5106703,Ponte Branca,unico_pai
5100607,Alto Taquari,1980,false,5100300,Alto Araguaia,unico_pai
5100805,Apiacás,1980,false,5101407,Aripuanã,unico_pai
5103254,Colniza,1980,false,5101407,Aripuanã,unico_pai
5105150,Juína,1980,false,5101407,Aripuanã,unico_pai
5107578,Rondolândia,1980,false,5101407,Aripuanã,unico_pai
5102850,Castanheira,1980,false,5101407,Aripuanã,unico_pai
5105176,Juruena,1980,false,5101407,Aripuanã,unico_pai
5103379,Cotriguaçu,1980,false,5101407,Aripuanã,unico_pai
5106299,Paranaíta,1980,false,5101407,Aripuanã,unico_pai
5104906,Jangada,1980,false,5100102,Acorizal,unico_pai
5007935,Sonora,1980,false,5003306,Coxim,unico_pai
5000252,Alcinópolis,1980,false,5003306,Coxim,unico_pai
5007695,São Gabriel do Oeste,1980,false,5002605,Camapuã,unico_pai
5003256,Costa Rica,1980,false,5002605,Camapuã,unico_pai
5003900,Figueirão,1980,false,5002605,Camapuã,unico_pai
5003488,Dois Irmãos do Buriti,1980,false,5001102,Aquidauana,unico_pai
5002951,Chapadão do Sul,1980,false,5002902,Cassilândia,multiplos_pais
5006275,Paraíso das Águas,1980,false,5000203,Água Clara,multiplos_pais
5007802,Selvíria,1980,false,5008305,Três Lagoas,unico_pai
5002159,Bodoquena,1980,false,5005608,Miranda,unico_pai
5007554,Santa Rita do Pardo,1980,false,5002308,Brasilândia,unico_pai
5006002,Nova Alvorada do Sul,1980,false,5007208,Rio Brilhante,multiplos_pais
5005251,Laguna Carapã,1980,false,5006606,Ponta Porã,unico_pai
5003504,Douradina,1980,false,5003702,Dourados,unico_pai
5007976,Taquarussu,1980,false,5002001,Batayporã,unico_pai
5006259,Novo Horizonte do Sul,1980,false,5004700,Ivinhema,unico_pai
5008404,Vicentina,1980,false,5003801,Fátima do Sul,unico_pai
5005152,Juti,1980,false,5002407,Caarapó,unico_pai
5006358,Paranhos,1980,false,5000609,Amambaí,unico_pai
5007950,Tacuru,1980,false,5000609,Amambaí,unico_pai
5007703,Sete Quedas,1980,false,5000609,Amambaí,unico_pai
5003157,Coronel Sapucaia,1980,false,5000609,Amambaí,unico_pai
5004601,Itaquiraí,1980,false,5004304,Iguatemi,unico_pai
5004809,Japorã,1980,false,5005681,Mundo Novo,unico_pai
3135050,Jaíba,1980,false,3139300,Manga,multiplos_pais
3140852,Matias Cardoso,1980,false,3139300,Manga,unico_pai
3136959,Juvenília,1980,false,3139300,Manga,unico_pai
3142254,Miravânia,1980,false,3139300,Manga,unico_pai
3149150,Pedras de Maria da Cruz,1980,false,3135209,Januária,unico_pai
3117836,Cônego Marinho,1980,false,3135209,Januária,unico_pai
3108255,Bonito de Minas,1980,false,3135209,Januária,unico_pai
3139250,Mamonas,1980,false,3124302,Espinosa,unico_pai
3162450,São João das Missões,1980,false,3132107,Itacarambi,unico_pai
3127339,Gameleiras,1980,false,3142908,Monte Azul,unico_pai
3130655,Indaiabira,1980,false,3155603,Rio Pardo de Minas,unico_pai
3160454,Santo Antônio do Retiro,1980,false,3155603,Rio Pardo de Minas,unico_pai
3143450,Montezuma,1980,false,3155603,Rio Pardo de Minas,unico_pai
3170651,Vargem Grande do Rio Pardo,1980,false,3155603,Rio Pardo de Minas,unico_pai
3146552,Pai Pedro,1980,false,3152204,Porteirinha,unico_pai
3166956,Serranópolis de Minas,1980,false,3152204,Porteirinha,unico_pai
3145059,Nova Porteirinha,1980,false,3152204,Porteirinha,unico_pai
3144656,Ninheira,1980,false,3162708,São João do Paraíso,unico_pai
3170529,Urucuia,1980,false,3161106,São Francisco,unico_pai
3116159,Chapada Gaúcha,1980,false,3161106,São Francisco,multiplos_pais
3150570,Pintópolis,1980,false,3161106,São Francisco,unico_pai
3130051,Icaraí de Minas,1980,false,3161106,São Francisco,unico_pai
3115474,Catuti,1980,false,3141009,Mato Verde,unico_pai
3171030,Verdelândia,1980,false,3170909,Varzelândia,multiplos_pais
3129657,Ibiracatu,1980,false,3170909,Varzelândia,unico_pai
3120870,Curral de Dentro,1980,false,3101003,Águas Vermelhas,unico_pai
3122355,Divisa Alegre,1980,false,3101003,Águas Vermelhas,unico_pai
3170479,Uruana de Minas,1980,false,3170404,Unaí,unico_pai
3109451,Cabeceira Grande,1980,false,3170404,Unaí,unico_pai
3106655,Berizal,1980,false,3168002,Taiobeiras,unico_pai
3138658,Lontra,1980,false,3162401,São João da Ponte,unico_pai
3135357,Japonvar,1980,false,3108602,Brasília de Minas,unico_pai
3138682,Luislândia,1980,false,3108602,Brasília de Minas,unico_pai
3111150,Campo Azul,1980,false,3108602,Brasília de Minas,unico_pai
3140555,Mata Verde,1980,false,3101706,Almenara,unico_pai
3122454,Divisópolis,1980,false,3101706,Almenara,unico_pai
3157377,Santa Cruz de Salinas,1980,false,3157005,Salinas,unico_pai
3145372,Novorizonte,1980,false,3157005,Salinas,unico_pai
3127073,Fruta de Leite,1980,false,3157005,Salinas,unico_pai
3154457,Riachinho,1980,false,3164209,São Romão,unico_pai
3147956,Patis,1980,false,3142007,Mirabela,unico_pai
3152131,Ponto Chique,1980,false,3170008,Ubaí,unico_pai
3144375,Natalândia,1980,false,3108206,Bonfinópolis de Minas,unico_pai
3122470,Dom Bosco,1980,false,3108206,Bonfinópolis de Minas,unico_pai
3136579,Josenópolis,1980,false,3127800,Grão Mogol,unico_pai
3146255,Padre Carvalho,1980,false,3127800,Grão Mogol,unico_pai
3162252,São João da Lagoa,1980,false,3118809,Coração de Jesus,unico_pai
3162658,São João do Pacuí,1980,false,3118809,Coração de Jesus,unico_pai
3152170,Ponto dos Volantes,1980,false,3134004,Itinga,unico_pai
3108552,Brasilândia de Minas,1980,false,3136306,João Pinheiro,unico_pai
3143153,Monte Formoso,1980,false,3136009,Joaíma,unico_pai
3146750,Palmópolis,1980,false,3155108,Rio do Prado,unico_pai
3127354,Glaucilândia,1980,false,3136801,Juramento,unico_pai
3136520,José Gonçalves de Minas,1980,false,3106507,Berilo,unico_pai
3128253,Guaraciama,1980,false,3107307,Bocaiúva,unico_pai
3145455,Olhos-d'Água,1980,false,3107307,Bocaiúva,unico_pai
3135456,Jenipapo de Minas,1980,false,3126505,Francisco Badaró,unico_pai
3157658,Santa Helena de Minas,1980,false,3106606,Bertópolis,unico_pai
3138351,Leme do Prado,1980,false,3141801,Minas Novas,unico_pai
3120151,Crisólita,1980,false,3100906,Águas Formosas,unico_pai
3171071,Veredinha,1980,false,3169703,Turmalina,unico_pai
3145356,Novo Oriente de Minas,1980,false,3168606,Teófilo Otoni,unico_pai
3115458,Catuji,1980,false,3132305,Itaipé,unico_pai
3137536,Lagoa Grande,1980,false,3153400,Presidente Olegário,unico_pai
3126752,Franciscópolis,1980,false,3139201,Malacacheta,unico_pai
3165552,Setubinha,1980,false,3139201,Malacacheta,unico_pai
3102852,Angelândia,1980,false,3112307,Capelinha,unico_pai
3104452,Aricanduva,1980,false,3132503,Itamarandiba,unico_pai
3170750,Varjão de Minas,1980,false,3161700,São Gonçalo do Abaeté,unico_pai
3136553,José Raydan,1980,false,3158201,Santa Maria do Suaçuí,unico_pai
3103751,Araporã,1980,false,3169604,Tupaciguara,unico_pai
3126950,Frei Lagonegro,1980,false,3163508,São José do Jacuri,unico_pai
3135076,Jampruca,1980,false,3110806,Campanário,unico_pai
3112059,Cantagalo,1980,false,3148608,Peçanha,unico_pai
3144672,Nova Belém,1980,false,3139607,Mantena,unico_pai
3162575,São João do Manteninha,1980,false,3139607,Mantena,unico_pai
3161056,São Félix de Minas,1980,false,3141504,Mendes Pimentel,unico_pai
3161650,São Geraldo do Baixio,1980,false,3127305,Galiléia,unico_pai
3121258,Delta,1980,false,3170107,Uberaba,unico_pai
3170438,União de Minas,1980,false,3134400,Iturama,unico_pai
3138625,Limeira do Oeste,1980,false,3134400,Iturama,unico_pai
3114550,Carneirinho,1980,false,3134400,Iturama,unico_pai
3144359,Naque,1980,false,3100500,Açucena,unico_pai
3149952,Periquito,1980,false,3100500,Açucena,unico_pai
3127370,Goiabeira,1980,false,3118403,Conselheiro Pena,unico_pai
3120839,Cuparaque,1980,false,3118403,Conselheiro Pena,unico_pai
3112653,Capitão Andrade,1980,false,3133204,Itanhomi,unico_pai
3158953,Santana do Paraíso,1980,false,3141702,Mesquita,unico_pai
3109253,Bugre,1980,false,3129301,Iapu,unico_pai
3170057,Ubaporanga,1980,false,3113404,Caratinga,unico_pai
3130556,Imbé de Minas,1980,false,3113404,Caratinga,unico_pai
3150158,Piedade de Caratinga,1980,false,3113404,Caratinga,unico_pai
3159357,Santa Rita de Minas,1980,false,3113404,Caratinga,unico_pai
3157252,Santa Bárbara do Leste,1980,false,3113404,Caratinga,unico_pai
3170578,Vargem Alegre,1980,false,3113404,Caratinga,unico_pai
3123858,Entre Folhas,1980,false,3113404,Caratinga,unico_pai
3131158,Ipaba,1980,false,3113404,Caratinga,unico_pai
3164472,São Sebastião do Anta,1980,false,3130903,Inhapim,unico_pai
3160959,São Domingos das Dores,1980,false,3130903,Inhapim,unico_pai
3117876,Confins,1980,false,3137601,Lagoa Santa,unico_pai
3162955,São José da Lapa,1980,false,3171204,Vespasiano,unico_pai
3168051,Taparuba,1980,false,3131208,Ipanema,unico_pai
3150539,Pingo-d'Água,1980,false,3120003,Córrego Novo,unico_pai
3136652,Juatuba,1980,false,3140704,Mateus Leme,unico_pai
3115359,Catas Altas,1980,false,3157203,Santa Bárbara,unico_pai
3171154,Vermelho Novo,1980,false,3154002,Raul Soares,unico_pai
3165537,Sarzedo,1980,false,3129806,Ibirité,unico_pai
3140159,Mário Campos,1980,false,3129806,Ibirité,unico_pai
3162922,São Joaquim de Bicas,1980,false,3130101,Igarapé,unico_pai
3165560,Sem-Peixe,1980,false,3122702,Dom Silvério,unico_pai
3154150,Reduto,1980,false,3139409,Manhuaçu,unico_pai
3162559,São João do Manhuaçu,1980,false,3139409,Manhuaçu,unico_pai
3138674,Luisburgo,1980,false,3139409,Manhuaçu,unico_pai
3140530,Martins Soares,1980,false,3139508,Manhumirim,unico_pai
3123528,Durandé,1980,false,3139508,Manhumirim,unico_pai
3148756,Pedra Bonita,1980,false,3100302,Abre Campo,unico_pai
3119955,Córrego Fundo,1980,false,3126109,Formiga,unico_pai
3145851,Oratórios,1980,false,3152105,Ponte Nova,unico_pai
3133758,Itaú de Minas,1980,false,3152907,Pratápolis,unico_pai
3102050,Alto Caparaó,1980,false,3112109,Caparaó,unico_pai
3162948,São José da Barra,1980,false,3101904,Alpinópolis,unico_pai
3145877,Orizânia,1980,false,3122009,Divino,unico_pai
3125952,Fervedouro,1980,false,3113305,Carangola,unico_pai
3156452,Rosário da Limeira,1980,false,3143906,Muriaé,unico_pai
3101631,Alfredo Vasconcelos,1980,false,3154408,Ressaquinha,unico_pai
3157336,Santa Cruz de Minas,1980,false,3168804,Tiradentes,multiplos_pais
3164431,São Sebastião da Vargem Alegre,1980,false,3142205,Miraí,unico_pai
3127388,Goianá,1980,false,3155405,Rio Novo,unico_pai
3157278,Santa Bárbara do Monte Verde,1980,false,3155900,Rio Preto,unico_pai
3169059,Tocos do Moji,1980,false,3108305,Borda da Mata,unico_pai
3165578,Senador Amaral,1980,false,3110608,Cambuí,unico_pai
2105658,Junco do Maranhão,1980,false,2102903,Carutapera,multiplos_pais
2101970,Boa Vista do Gurupi,1980,false,2102903,Carutapera,unico_pai
2105427,Itinga do Maranhão,1980,false,2102903,Carutapera,multiplos_pais
2103174,Centro Novo do Maranhão,1980,false,2102903,Carutapera,unico_pai
2104677,Governador Nunes Freire,1980,false,2102606,Cândido Mendes,unico_pai
2106375,Maranhãozinho,1980,false,2102606,Cândido Mendes,multiplos_pais
2100550,Amapá do Maranhão,1980,false,2104305,Godofredo Viana,multiplos_pais
2106326,Maracaçumé,1980,false,2104305,Godofredo Viana,multiplos_pais
2103158,Centro do Guilherme,1980,false,2104305,Godofredo Viana,multiplos_pais
2100832,Apicum-Açu,1980,false,2101301,Bacuri,multiplos_pais
2107357,Nova Olinda do Maranhão,1980,false,2112407,Turiaçu,unico_pai
2110039,Santa Luzia do Paruá,1980,false,2112407,Turiaçu,multiplos_pais
2109239,Presidente Médici,1980,false,2112407,Turiaçu,multiplos_pais
2112456,Turilândia,1980,false,2112407,Turiaçu,unico_pai
2111789,Serrano do Maranhão,1980,false,2103703,Cururupu,multiplos_pais
2109056,Porto Rico do Maranhão,1980,false,2103109,Cedral,multiplos_pais
2103125,Central do Maranhão,1980,false,2106805,Mirinzal,unico_pai
2108256,Pedro do Rosário,1980,false,2108603,Pinheiro,unico_pai
2109270,Presidente Sarney,1980,false,2108603,Pinheiro,unico_pai
2110278,Santo Amaro do Maranhão,1980,false,2109403,Primeira Cruz,unico_pai
2109452,Raposa,1980,false,2107506,Paço do Lumiar,multiplos_pais
2101350,Bacurituba,1980,false,2102408,Cajapió,unico_pai
2108058,Paulino Neves,1980,false,2112506,Tutóia,multiplos_pais
2100154,Água Doce do Maranhão,1980,false,2100907,Araioses,unico_pai
2101251,Bacabeira,1980,false,2109601,Rosário,unico_pai
2102374,Cachoeira Grande,1980,false,2107100,Morros,unico_pai
2107456,Olinda Nova do Maranhão,1980,false,2111003,São João Batista,multiplos_pais
2101731,Belágua,1980,false,2112605,Urbano Santos,unico_pai
2110237,Santana do Maranhão,1980,false,2110609,São Bernardo,unico_pai
2103554,Conceição do Lago-Açu,1980,false,2112902,Vitória do Mearim,unico_pai
2105153,Igarapé do Meio,1980,false,2112902,Vitória do Mearim,unico_pai
2101772,Bela Vista do Maranhão,1980,false,2112902,Vitória do Mearim,unico_pai
2106672,Milagres do Maranhão,1980,false,2102101,Brejo,multiplos_pais
2106631,Matões do Norte,1980,false,2102705,Cantanhede,multiplos_pais
2112274,Tufilândia,1980,false,2108504,Pindaré-Mirim,multiplos_pais
2102036,Bom Jesus das Selvas,1980,false,2110005,Santa Luzia,unico_pai
2102325,Buriticupu,1980,false,2110005,Santa Luzia,unico_pai
2100477,Alto Alegre do Pindaré,1980,false,2110005,Santa Luzia,unico_pai
2102150,Brejo de Areia,1980,false,2110005,Santa Luzia,multiplos_pais
2111722,Satubinha,1980,false,2113009,Vitorino Freire,multiplos_pais
2100436,Alto Alegre do Maranhão,1980,false,2103604,Coroatá,multiplos_pais
2108454,Peritoró,1980,false,2103604,Coroatá,multiplos_pais
2106359,Marajá do Sena,1980,false,2108108,Paulo Ramos,multiplos_pais
2102754,Capinzal do Norte,1980,false,2103307,Codó,multiplos_pais
2100055,Açailândia,1980,false,2105302,Imperatriz,unico_pai
2112852,Vila Nova dos Martírios,1980,false,2105302,Imperatriz,unico_pai
2103257,Cidelândia,1980,false,2105302,Imperatriz,unico_pai
2110856,São Francisco do Brejão,1980,false,2105302,Imperatriz,unico_pai
2103752,Davinópolis,1980,false,2105302,Imperatriz,unico_pai
2104552,Governador Edison Lobão,1980,false,2105302,Imperatriz,unico_pai
2111532,São Pedro da Água Branca,1980,false,2105302,Imperatriz,unico_pai
2102077,Bom Lugar,1980,false,2105807,Lago do Junco,multiplos_pais
2111078,São João do Soter,1980,false,2103000,Caxias,unico_pai
2112233,Trizidela do Vale,1980,false,2108207,Pedreiras,multiplos_pais
2101939,Bernardo do Mearim,1980,false,2105203,Igarapé Grande,multiplos_pais
2105948,Lago dos Rodrigues,1980,false,2105203,Igarapé Grande,multiplos_pais
2104099,Formosa da Serra Negra,1980,false,2104800,Grajaú,unico_pai
2105351,Itaipava do Grajaú,1980,false,2104800,Grajaú,unico_pai
2105963,Lagoa Grande do Maranhão,1980,false,2104800,Grajaú,multiplos_pais
2100956,Arame,1980,false,2104800,Grajaú,unico_pai
2111631,São Raimundo do Doca Bezerra,1980,false,2104008,Esperantinópolis,multiplos_pais
2111672,São Roberto,1980,false,2104008,Esperantinópolis,unico_pai
2111250,São José dos Basílios,1980,false,2109106,Presidente Dutra,multiplos_pais
2111763,Senador La Rocque,1980,false,2105500,João Lisboa,unico_pai
2102358,Buritirana,1980,false,2105500,João Lisboa,unico_pai
2104081,Fernando Falcão,1980,false,2101608,Barra do Corda,unico_pai
2105476,Jenipapo dos Vieiras,1980,false,2101608,Barra do Corda,multiplos_pais
2109759,Santa Filomena do Maranhão,1980,false,2112308,Tuntum,unico_pai
2111748,Senador Alexandre Costa,1980,false,2104602,Governador Eugênio Barros,unico_pai
2104628,Governador Luiz Rocha,1980,false,2110708,São Domingos do Maranhão,unico_pai
2105989,Lajeado Novo,1980,false,2107001,Montes Altos,unico_pai
2109551,Ribamar Fiquene,1980,false,2107001,Montes Altos,unico_pai
2105922,Lagoa do Mato,1980,false,2107902,Passagem Franca,multiplos_pais
2105450,Jatobá,1980,false,2103505,Colinas,multiplos_pais
2111052,São João do Paraíso,1980,false,2109007,Porto Franco,unico_pai
2102556,Campestre do Maranhão,1980,false,2109007,Porto Franco,unico_pai
2111953,Sucupira do Riachão,1980,false,2111102,São João dos Patos,multiplos_pais
2111573,São Pedro dos Crentes,1980,false,2102804,Carolina,unico_pai
2104057,Estreito,1980,false,2102804,Carolina,unico_pai
2107258,Nova Colinas,1980,false,2104107,Fortaleza dos Nogueiras,unico_pai
2110658,São Domingos do Azeitão,1980,false,2101806,Benedito Leite,multiplos_pais
2104073,Feira Nova do Maranhão,1980,false,2109502,Riachão,unico_pai
2111029,São João do Carú,1980,false,2102002,Bom Jardim,multiplos_pais
2104651,Governador Newton Bello,1980,false,2106904,Monção,multiplos_pais
2114007,Zé Doca,1980,false,2106904,Monção,unico_pai
2100873,Araguanã,1980,false,2106904,Monção,unico_pai
5215256,Novo Planalto,1980,false,5220207,São Miguel do Araguaia,unico_pai
5203575,Bonópolis,1980,false,5218003,Porangatu,unico_pai
5221452,Trombas,1980,false,5208103,Formoso,unico_pai
5213772,Montividiu do Norte,1980,false,5208103,Formoso,unico_pai
5205521,Colinas do Sul,1980,false,5205307,Cavalcante,unico_pai
5221080,Teresina de Goiás,1980,false,5205307,Cavalcante,unico_pai
5214838,Nova Crixás,1980,false,5206404,Crixás,unico_pai
5214051,Mundo Novo,1980,false,5206404,Crixás,unico_pai
5221577,Uirapuru,1980,false,5206404,Crixás,unico_pai
5200829,Amaralina,1980,false,5212808,Mara Rosa,unico_pai
5200555,Alto Horizonte,1980,false,5212808,Mara Rosa,unico_pai
5214879,Nova Iguaçu de Goiás,1980,false,5212808,Mara Rosa,unico_pai
5204656,Campinaçu,1980,false,5221601,Uruaçu,unico_pai
5204953,Campos Verdes,1980,false,5219704,Santa Terezinha de Goiás,unico_pai
5220686,Simolândia,1980,false,5218300,Posse,unico_pai
5213053,Mimoso de Goiás,1980,false,5214606,Niquelândia,unico_pai
5209457,Guarinos,1980,false,5216908,Pilar de Goiás,unico_pai
5203962,Buritinópolis,1980,false,5212709,Mambaí,unico_pai
5212956,Matrinchã,1980,false,5202502,Aruanã,unico_pai
5219456,Santa Rita do Novo Destino,1980,false,5203203,Barro Alto,multiplos_pais
5220157,São Luiz do Norte,1980,false,5210901,Itapaci,unico_pai
5200175,Água Fria de Goiás,1980,false,5217609,Planaltina,unico_pai
5222203,Vila Boa,1980,false,5208004,Formosa,unico_pai
5219357,Santa Isabel,1980,false,5211800,Jaraguá,unico_pai
5202155,Araguapaz,1980,false,5208905,Goiás,unico_pai
5207535,Faina,1980,false,5208905,Goiás,unico_pai
5210158,Ipiranga de Goiás,1980,false,5205406,Ceres,unico_pai
5214861,Nova Glória,1980,false,5205406,Ceres,unico_pai
5222302,Vila Propício,1980,false,5217302,Pirenópolis,unico_pai
5213855,Morro Agudo de Goiás,1980,false,5218904,Rubiataba,unico_pai
5220280,São Patrício,1980,false,5205000,Carmo do Rio Verde,unico_pai
5209291,Guaraíta,1980,false,5211206,Itapuranga,unico_pai
5219258,Santa Fé de Goiás,1980,false,5212204,Jussara,unico_pai
5205513,Cocalzinho de Goiás,1980,false,5205802,Corumbá de Goiás,unico_pai
5200258,Águas Lindas de Goiás,1980,false,5212501,Luziânia,unico_pai
5219753,Santo Antônio do Descoberto,1980,false,5212501,Luziânia,unico_pai
5215231,Novo Gama,1980,false,5212501,Luziânia,unico_pai
5221858,Valparaíso de Goiás,1980,false,5212501,Luziânia,unico_pai
5205497,Cidade Ocidental,1980,false,5212501,Luziânia,unico_pai
5210562,Itaguari,1980,false,5221007,Taquaral de Goiás,unico_pai
5212055,Jesúpolis,1980,false,5219902,São Francisco de Goiás,unico_pai
5202353,Arenópolis,1980,false,5217203,Piranhas,unico_pai
5200159,Adelândia,1980,false,5213905,Mossâmedes,unico_pai
5203939,Buriti de Goiás,1980,false,5213905,Mossâmedes,unico_pai
5204854,Campo Limpo de Goiás,1980,false,5201108,Anápolis,unico_pai
5200852,Americano do Brasil,1980,false,5201306,Anicuns,unico_pai
5220264,São Miguel do Passa Quatro,1980,false,5220603,Silvânia,unico_pai
5208152,Gameleira de Goiás,1980,false,5220603,Silvânia,unico_pai
5219738,Santo Antônio de Goiás,1980,false,5208806,Goianira,unico_pai
5207253,Doverlândia,1980,false,5204409,Caiapônia,unico_pai
5215652,Palestina de Goiás,1980,false,5204409,Caiapônia,unico_pai
5203559,Bonfinópolis,1980,false,5212303,Leopoldo de Bulhões,unico_pai
5221197,Terezópolis de Goiás,1980,false,5208400,Goianápolis,unico_pai
5200050,Abadia de Goiás,1980,false,5221403,Trindade,multiplos_pais
5220454,Senador Canedo,1980,false,5208707,Goiânia,unico_pai
5205455,Cezarina,1980,false,5215702,Palmeiras de Goiás,unico_pai
5204557,Caldazinha,1980,false,5203302,Bela Vista de Goiás,unico_pai
5220058,São João da Paraúna,1980,false,5216403,Paraúna,unico_pai
5209952,Indiara,1980,false,5211701,Jandaia,unico_pai
5213756,Montividiu,1980,false,5218805,Rio Verde,unico_pai
5219712,Santo Antônio da Barra,1980,false,5218805,Rio Verde,unico_pai
5205059,Castelândia,1980,false,5218805,Rio Verde,unico_pai
5218391,Professor Jamil,1980,false,5217104,Piracanjuba,unico_pai
5207352,Edealina,1980,false,5207402,Edéia,unico_pai
5222054,Vicentinópolis,1980,false,5217708,Pontalina,unico_pai
5221551,Turvelândia,1980,false,5200134,Acreúna,unico_pai
5216452,Perolândia,1980,false,5211909,Jataí,unico_pai
5201454,Aparecida do Rio Doce,1980,false,5211909,Jataí,unico_pai
5218789,Rio Quente,1980,false,5204508,Caldas Novas,unico_pai
5218052,Porteirão,1980,false,5209101,Goiatuba,unico_pai
5204250,Cachoeira Dourada,1980,false,5211503,Itumbiara,unico_pai
5209937,Inaciolândia,1980,false,5211503,Itumbiara,unico_pai
5205471,Chapadão do Céu,1980,false,5201504,Aporé,unico_pai
5209150,Gouvelândia,1980,false,5218508,Quirinópolis,unico_pai
5212253,Lagoa Santa,1980,false,5210802,Itajá,unico_pai
3204252,Ponto Belo,1980,false,3203601,Mucurici,unico_pai
3204054,Pedro Canário,1980,false,3201605,Conceição da Barra,unico_pai
3200169,Água Doce do Norte,1980,false,3200904,Barra de São Francisco,unico_pai
3205150,Vila Pavão,1980,false,3203908,Nova Venécia,unico_pai
3203056,Jaguaré,1980,false,3204906,São Mateus,unico_pai
3200136,Águia Branca,1980,false,3204708,São Gabriel da Palha,unico_pai
3204351,Rio Bananal,1980,false,3203205,Linhares,unico_pai
3205176,Vila Valério,1980,false,3203205,Linhares,multiplos_pais
3205010,Sooretama,1980,false,3203205,Linhares,unico_pai
3200359,Alto Rio Novo,1980,false,3204005,Pancas,unico_pai
3203353,Marilândia,1980,false,3201506,Colatina,unico_pai
3204658,São Domingos do Norte,1980,false,3201506,Colatina,unico_pai
3202256,Governador Lindenberg,1980,false,3201506,Colatina,unico_pai
3204955,São Roque do Canaã,1980,false,3204609,Santa Teresa,unico_pai
3203130,João Neiva,1980,false,3202504,Ibiraçu,unico_pai
3201159,Brejetuba,1980,false,3200102,Afonso Cláudio,unico_pai
3203163,Laranja da Terra,1980,false,3200102,Afonso Cláudio,unico_pai
3204559,Santa Maria de Jetibá,1980,false,3204500,Santa Leopoldina,unico_pai
3202454,Ibatiba,1980,false,3203007,Iúna,unico_pai
3202652,Irupi,1980,false,3203007,Iúna,unico_pai
3203346,Marechal Floriano,1980,false,3201902,Domingos Martins,unico_pai
3205069,Venda Nova do Imigrante,1980,false,3201704,Conceição do Castelo,unico_pai
3202553,Ibitirama,1980,false,3200201,Alegre,unico_pai
3205036,Vargem Alta,1980,false,3201209,Cachoeiro de Itapemirim,unico_pai
3203320,Marataízes,1980,false,3202801,Itapemirim,unico_pai
2307254,Jijoca de Jericoacoara,1980,false,2300200,Acaraú,unico_pai
2306553,Itarema,1980,false,2300200,Acaraú,unico_pai
2304251,Cruz,1980,false,2300200,Acaraú,unico_pai
2302057,Barroquinha,1980,false,2302602,Camocim,unico_pai
2308377,Miraíma,1980,false,2306405,Itapipoca,unico_pai
2300754,Amontada,1980,false,2306405,Itapipoca,unico_pai
2310258,Paraipaba,1980,false,2310209,Paracuru,unico_pai
2313559,Tururu,1980,false,2313807,Uruburetama,unico_pai
2313757,Umirim,1980,false,2313807,Uruburetama,unico_pai
2304350,Forquilha,1980,false,2312908,Sobral,unico_pai
2313351,Tejuçuoca,1980,false,2306306,Itapagé,unico_pai
2304285,Eusébio,1980,false,2301000,Aquiraz,unico_pai
2304954,Guaiúba,1980,false,2309706,Pacatuba,unico_pai
2306256,Itaitinga,1980,false,2309706,Pacatuba,unico_pai
2303659,Catunda,1980,false,2312205,Santa Quitéria,unico_pai
2304657,Graça,1980,false,2312304,São Benedito,multiplos_pais
2313955,Varjota,1980,false,2311702,Reriutaba,unico_pai
2310852,Pindoretama,1980,false,2303501,Cascavel,unico_pai
2303956,Chorozinho,1980,false,2309607,Pacajus,unico_pai
2305233,Horizonte,1980,false,2309607,Pacajus,unico_pai
2304236,Croatá,1980,false,2305001,Guaraciaba do Norte,multiplos_pais
2301950,Barreira,1980,false,2311603,Redenção,unico_pai
2300150,Acarape,1980,false,2311603,Redenção,multiplos_pais
2310951,Pires Ferreira,1980,false,2305803,Ipu,unico_pai
2309458,Ocara,1980,false,2301208,Aracoiaba,unico_pai
2304459,Fortim,1980,false,2301109,Aracati,unico_pai
2305357,Icapuí,1980,false,2301109,Aracati,unico_pai
2301257,Ararendá,1980,false,2309300,Nova Russas,unico_pai
2305654,Ipaporanga,1980,false,2309300,Nova Russas,multiplos_pais
2305332,Ibicuitinga,1980,false,2308708,Morada Nova,unico_pai
2305266,Ibaretama,1980,false,2311306,Quixadá,unico_pai
2301851,Banabuiú,1980,false,2311306,Quixadá,unico_pai
2303931,Choró,1980,false,2311306,Quixadá,unico_pai
2307635,Madalena,1980,false,2311405,Quixeramobim,unico_pai
2311264,Quiterianópolis,1980,false,2305605,Independência,unico_pai
2304269,Deputado Irapuan Pinheiro,1980,false,2313005,Solonópole,unico_pai
2308351,Milhã,1980,false,2313005,Solonópole,unico_pai
2311231,Potiretama,1980,false,2306009,Iracema,unico_pai
2304277,Ereré,1980,false,2310803,Pereiro,multiplos_pais
2311355,Quixelô,1980,false,2305506,Iguatu,unico_pai
2313252,Tarrafas,1980,false,2301604,Assaré,unico_pai
2311959,Salitre,1980,false,2302701,Campos Sales,unico_pai
2930766,Sítio do Quinto,1980,false,2918100,Jeremoabo,unico_pai
2906824,Canudos,1980,false,2910701,Euclides da Cunha,multiplos_pais
2932457,Umburanas,1980,false,2906006,Campo Formoso,unico_pai
2901353,Andorinha,1980,false,2930105,Senhor do Bonfim,multiplos_pais
2915353,Itaguaçu da Bahia,1980,false,2933604,Xique-Xique,unico_pai
2904753,Buritirama,1980,false,2902708,Barra,unico_pai
2922250,Muquém do São Francisco,1980,false,2902708,Barra,multiplos_pais
2923050,Novo Triunfo,1980,false,2901601,Antas,multiplos_pais
2920452,Mansidão,1980,false,2928406,Santa Rita de Cássia,unico_pai
2910750,Fátima,1980,false,2907806,Cícero Dantas,multiplos_pais
2900355,Adustina,1980,false,2923803,Paripiranga,unico_pai
2910859,Filadélfia,1980,false,2924603,Pindobaçu,unico_pai
2902658,Banzaê,1980,false,2926608,Ribeira do Pombal,multiplos_pais
2906873,Capim Grosso,1980,false,2917508,Jacobina,multiplos_pais
2929370,São José do Jacuípe,1980,false,2917508,Jacobina,unico_pai
2925931,Quixabeira,1980,false,2917508,Jacobina,unico_pai
2923357,Ourolândia,1980,false,2917508,Jacobina,multiplos_pais
2933158,Várzea Nova,1980,false,2917508,Jacobina,unico_pai
2904050,Bonito,1980,false,2921708,Morro do Chapéu,multiplos_pais
2901155,América Dourada,1980,false,2914604,Irecê,unico_pai
2918357,João Dourado,1980,false,2914604,Irecê,unico_pai
2919157,Lapão,1980,false,2914604,Irecê,unico_pai
2929255,São Gabriel,1980,false,2914604,Irecê,unico_pai
2922656,Nordestina,1980,false,2925808,Queimadas,unico_pai
2925253,Ponto Novo,1980,false,2905503,Caldeirão Grande,multiplos_pais
2933455,Wanderley,1980,false,2909406,Cotegipe,unico_pai
2928950,São Domingos,1980,false,2933000,Valente,unico_pai
2919553,Luís Eduardo Magalhães,1980,false,2903201,Barreiras,unico_pai
2911253,Gavião,1980,false,2926301,Riachão do Jacuípe,unico_pai
2906857,Capela do Alto Alegre,1980,false,2926301,Riachão do Jacuípe,multiplos_pais
2924058,Pé de Serra,1980,false,2926301,Riachão do Jacuípe,unico_pai
2922730,Nova Fátima,1980,false,2926301,Riachão do Jacuípe,unico_pai
2903276,Barrocas,1980,false,2930501,Serrinha,unico_pai
2933059,Várzea da Roça,1980,false,2920106,Mairi,unico_pai
2922052,Mulungu do Morro,1980,false,2905305,Cafarnaum,multiplos_pais
2903235,Barro Alto,1980,false,2906204,Canarana,unico_pai
2924652,Pintadas,1980,false,2914000,Ipirá,multiplos_pais
2902054,Araçás,1980,false,2900702,Alagoinhas,multiplos_pais
2923035,Novo Horizonte,1980,false,2913002,Ibitiara,unico_pai
2930758,Sítio do Mato,1980,false,2903904,Bom Jesus da Lapa,unico_pai
2930154,Serra do Ramalho,1980,false,2903904,Bom Jesus da Lapa,unico_pai
2922854,Nova Redenção,1980,false,2901304,Andaraí,unico_pai
2929750,Saubara,1980,false,2928604,Santo Amaro,unico_pai
2904852,Cabaceiras do Paraguaçu,1980,false,2922300,Muritiba,unico_pai
2910057,Dias d'Ávila,1980,false,2905701,Camaçari,unico_pai
2916856,Itatim,1980,false,2928505,Santa Teresinha,unico_pai
2917359,Jaborandi,1980,false,2909307,Correntina,unico_pai
2919926,Madre de Deus,1980,false,2927408,Salvador,unico_pai
2931053,Tanque Novo,1980,false,2904209,Botuporã,unico_pai
2907558,Caturama,1980,false,2904209,Botuporã,unico_pai
2929057,São Félix do Coribe,1980,false,2909109,Coribe,multiplos_pais
2919058,Lajedo do Tabocal,1980,false,2920502,Maracás,unico_pai
2921054,Matina,1980,false,2926400,Riacho de Santana,unico_pai
2925758,Presidente Tancredo Neves,1980,false,2932903,Valença,unico_pai
2901957,Apuarema,1980,false,2917607,Jaguaquara,unico_pai
2918753,Lagoa Real,1980,false,2905206,Caetité,unico_pai
2910776,Feira da Mata,1980,false,2907103,Carinhanha,unico_pai
2917334,Iuiu,1980,false,2920205,Malhada,unico_pai
2924678,Piraí do Norte,1980,false,2917300,Ituberá,unico_pai
2922755,Nova Ibiá,1980,false,2911204,Gandu,multiplos_pais
2913457,Igrapiúna,1980,false,2905800,Camamu,unico_pai
2921450,Mirante,1980,false,2903706,Boa Nova,multiplos_pais
2903953,Bom Jesus da Serra,1980,false,2925105,Poções,multiplos_pais
2905156,Caetanos,1980,false,2925105,Poções,unico_pai
2919959,Maetinga,1980,false,2925709,Presidente Jânio Quadros,multiplos_pais
2911659,Guajeru,1980,false,2908705,Condeúba,multiplos_pais
2906899,Caraíbas,1980,false,2931806,Tremedal,unico_pai
2929354,São José da Vitória,1980,false,2904704,Buerarema,multiplos_pais
2902252,Arataca,1980,false,2932507,Una,unico_pai
2926657,Ribeirão do Largo,1980,false,2910404,Encruzilhada,unico_pai
2928059,Santa Luzia,1980,false,2906303,Canavieiras,unico_pai
2910727,Eunápolis,1980,false,2927705,Santa Cruz Cabrália,multiplos_pais
2914653,Itabela,1980,false,2925303,Porto Seguro,unico_pai
2918456,Jucuruçu,1980,false,2915601,Itamaraju,unico_pai
2933257,Vereda,1980,false,2925501,Prado,unico_pai
2931350,Teixeira de Freitas,1980,false,2900801,Alcobaça,unico_pai
2911857,Heliópolis,1980,false,2926509,Ribeira do Amparo,multiplos_pais
2918555,Jussari,1980,false,2914802,Itabuna,unico_pai
2933174,Varzedo,1980,false,2907301,Castro Alves,unico_pai
2925956,Rafael Jambeiro,1980,false,2907301,Castro Alves,unico_pai
1600808,Vitória do Jari,1980,false,1600402,Mazagão,unico_pai
1600279,Laranjal do Jari,1980,false,1600402,Mazagão,unico_pai
1600600,Santana,1980,false,1600303,Macapá,unico_pai
1600154,Pedra Branca do Amapari,1980,false,1600303,Macapá,unico_pai
1600055,Serra do Navio,1980,false,1600303,Macapá,unico_pai
1600535,Porto Grande,1980,false,1600303,Macapá,unico_pai
1600253,Itaubal,1980,false,1600303,Macapá,unico_pai
1600212,Cutias,1980,false,1600303,Macapá,unico_pai
1600709,Tartarugalzinho,1980,false,1600105,Amapá,unico_pai
1600550,Pracuúba,1980,false,1600105,Amapá,unico_pai
1600238,Ferreira Gomes,1980,false,1600105,Amapá,unico_pai
1303957,São Sebastião do Uatumã,1980,false,1304302,Urucará,unico_pai
1303536,Presidente Figueiredo,1980,false,1302009,Itapiranga,unico_pai
1301852,Iranduba,1980,false,1302603,Manaus,unico_pai
1303569,Rio Preto da Eva,1980,false,1301902,Itacoatiara,unico_pai
1300029,Alvarães,1980,false,1304203,Tefé,unico_pai
1304260,Uarini,1980,false,1304203,Tefé,unico_pai
1304237,Tonantins,1980,false,1303700,Santo Antônio do Içá,unico_pai
1300839,Caapiranga,1980,false,1302504,Manacapuru,unico_pai
1302553,Manaquiri,1980,false,1302504,Manacapuru,unico_pai
1300631,Beruri,1980,false,1302504,Manacapuru,unico_pai
1301159,Careiro da Várzea,1980,false,1301100,Careiro,unico_pai
1300680,Boa Vista do Ramos,1980,false,1302900,Maués,unico_pai
1304062,Tabatinga,1980,false,1303908,São Paulo de Olivença,unico_pai
1300060,Amaturá,1980,false,1303908,São Paulo de Olivença,unico_pai
1300086,Anamã,1980,false,1300102,Anori,unico_pai
1301951,Itamarati,1980,false,1301001,Carauari,unico_pai
1301654,Guajará,1980,false,1301803,Ipixuna,unico_pai
1300144,Apuí,1980,false,1303304,Novo Aripuanã,multiplos_pais
2701357,Campestre,1980,false,2703908,Jundiá,multiplos_pais
2706422,Pariconha,1980,false,2700102,Água Branca,unico_pai
2708956,Senador Rui Palmeira,1980,false,2708006,Santana do Ipanema,unico_pai
2702553,Estrela de Alagoas,1980,false,2706307,Palmeira dos Índios,multiplos_pais
2706448,Paripueira,1980,false,2700508,Barra de Santo Antônio,unico_pai
2702355,Craíbas,1980,false,2700300,Arapiraca,unico_pai
2703759,Jequiá da Praia,1980,false,2708600,São Miguel dos Campos,multiplos_pais
2709152,Teotônio Vilela,1980,false,2702306,Coruripe,unico_pai
1200427,Rodrigues Alves,1980,false,1200336,Mâncio Lima,multiplos_pais
1200393,Porto Walter,1980,false,1200203,Cruzeiro do Sul,unico_pai
1200351,Marechal Thaumaturgo,1980,false,1200203,Cruzeiro do Sul,unico_pai
1200328,Jordão,1980,false,1200609,Tarauacá,unico_pai
1200435,Santa Rosa do Purus,1980,false,1200344,Manoel Urbano,unico_pai
1200807,Porto Acre,1980,false,1200401,Rio Branco,unico_pai
1200138,Bujari,1980,false,1200401,Rio Branco,unico_pai
1200013,Acrelândia,1980,false,1200385,Plácido de Castro,multiplos_pais
1200252,Epitaciolândia,1980,false,1200708,Xapuri,multiplos_pais
1200179,Capixaba,1980,false,1200708,Xapuri,multiplos_pais
4310850,Jaboticaba,1980,false,4313706,Palmeira das Missões,unico_pai
4314456,Pinhal,1980,false,4313706,Palmeira das Missões,unico_pai
4305157,Cerro Grande,1980,false,4313706,Palmeira das Missões,unico_pai
4316428,Sagrada Família,1980,false,4313706,Palmeira das Missões,unico_pai
4318457,São José das Missões,1980,false,4313706,Palmeira das Missões,unico_pai
4319364,São Pedro das Missões,1980,false,4313706,Palmeira das Missões,unico_pai
4311429,Lajeado do Bugre,1980,false,4313706,Palmeira das Missões,unico_pai
4302154,Boa Vista das Missões,1980,false,4313706,Palmeira das Missões,unico_pai
4313490,Novo Barreiro,1980,false,4313706,Palmeira das Missões,unico_pai
4315958,Rolador,1980,false,4318903,São Luiz Gonzaga,unico_pai
4306353,Dezesseis de Novembro,1980,false,4318903,São Luiz Gonzaga,unico_pai
4314555,Pirapó,1980,false,4318903,São Luiz Gonzaga,unico_pai
2209856,São João da Canabrava,1980,false,2201804,Bocaina,unico_pai
2210375,São Luis do Piauí,1980,false,2201804,Bocaina,unico_pai
5106158,Nova Bandeirantes,1980,false,5100250,Alta Floresta,unico_pai
5108956,Nova Monte Verde,1980,false,5100250,Alta Floresta,multiplos_pais
1506112,Quatipuru,1980,false,1506104,Primavera,unico_pai
1507474,São João de Pirabas,1980,false,1506104,Primavera,unico_pai
2106755,Miranda do Norte,1980,false,2105401,Itapecuru Mirim,unico_pai
2307650,Maracanaú,1980,false,2307700,Maranguape,unico_pai
2600054,Abreu e Lima,1980,false,2610707,Paulista,unico_pai
2601052,Araçoiaba,1980,false,2606804,Igarassu,unico_pai
2607752,Itapissuma,1980,false,2606804,Igarassu,unico_pai
2930774,Sobradinho,1980,false,2918407,Juazeiro,unico_pai
4116059,Missal,1980,false,4115804,Medianeira,unico_pai
4126355,Serranópolis do Iguaçu,1980,false,4115804,Medianeira,unico_pai
4313391,Novo Cabrais,1980,false,4303004,Cachoeira do Sul,unico_pai
4305132,Cerro Branco,1980,false,4303004,Cachoeira do Sul,unico_pai
4314027,Paraíso do Sul,1980,false,4303004,Cachoeira do Sul,unico_pai
5103452,Denise,1980,false,5101704,Barra do Bugres,unico_pai
5106232,Nova Olímpia,1980,false,5101704,Barra do Bugres,unico_pai
5106851,Porto Estrela,1980,false,5101704,Barra do Bugres,multiplos_pais
5107156,Reserva do Cabaçal,1980,false,5101704,Barra do Bugres,multiplos_pais
