{"type":"Topology","arcs":[[[55430,35035],[373,192]],[[55803,35227],[43,-516]],[[55846,34711],[-197,-113]],[[55649,34598],[-219,437]],[[55803,35227],[267,-221]],[[56070,35006],[87,-386]],[[56157,34620],[-32,-182]],[[56125,34438],[-183,-44]],[[55942,34394],[-12,7]],[[55930,34401],[-84,310]],[[55649,34598],[-3,-16]],[[55646,34582],[-147,-271]],[[55499,34311],[-64,24]],[[55435,34335],[-117,183]],[[55318,34518],[-42,380]],[[55276,34898],[154,137]],[[56070,35006],[372,-19]],[[56442,34987],[-40,-289]],[[56402,34698],[-245,-78]],[[56442,34987],[161,-2]],[[56603,34985],[134,-110]],[[56737,34875],[-158,-313]],[[56579,34562],[-177,136]],[[55318,34518],[-186,-188]],[[55132,34330],[-225,437]],[[54907,34767],[369,131]],[[56737,34875],[316,-59]],[[57053,34816],[219,-358]],[[57272,34458],[-18,-312]],[[57254,34146],[-490,38]],[[56764,34184],[-15,256]],[[56749,34440],[-170,122]],[[57693,34828],[856,-121]],[[58549,34707],[-134,-380]],[[58415,34327],[-352,-257]],[[58063,34070],[-378,114]],[[57685,34184],[8,644]],[[57053,34816],[356,27]],[[57409,34843],[284,-15]],[[57685,34184],[-69,17]],[[57616,34201],[-344,257]],[[55132,34330],[-38,-79]],[[55094,34251],[-145,-131]],[[54949,34120],[-94,132]],[[54855,34252],[-14,88]],[[54841,34340],[-30,369]],[[54811,34709],[96,58]],[[54841,34340],[-112,8]],[[54729,34348],[-184,89]],[[54545,34437],[2,28]],[[54547,34465],[264,244]],[[55930,34401],[-133,-139]],[[55797,34262],[-66,13]],[[55731,34275],[-85,307]],[[56749,34440],[-429,-310]],[[56320,34130],[-195,308]],[[55731,34275],[-232,36]],[[62589,34622],[334,-386]],[[62923,34236],[-479,282]],[[62444,34518],[-12,43]],[[62432,34561],[157,61]],[[62444,34518],[-157,-382]],[[62287,34136],[-301,28]],[[61986,34164],[-290,201]],[[61696,34365],[244,229]],[[61940,34594],[492,-33]],[[55435,34335],[-111,-504]],[[55324,33831],[-193,7]],[[55131,33838],[-96,-28]],[[55035,33810],[59,441]],[[57616,34201],[-76,-78]],[[57540,34123],[-286,23]],[[54729,34348],[-121,-706]],[[54608,33642],[-50,-79]],[[54558,33563],[-246,415]],[[54312,33978],[233,459]],[[61625,34238],[21,-79]],[[61646,34159],[-350,-502]],[[61296,33657],[-250,165]],[[61046,33822],[-680,444]],[[60366,34266],[569,196]],[[60935,34462],[508,12]],[[61443,34474],[182,-236]],[[56320,34130],[172,-283]],[[56492,33847],[-385,-399]],[[56107,33448],[-140,-5]],[[55967,33443],[86,348]],[[56053,33791],[-111,603]],[[62923,34236],[222,-278]],[[63145,33958],[-4,-21]],[[63141,33937],[-104,-164]],[[63037,33773],[-507,-51]],[[62530,33722],[-253,108]],[[62277,33830],[10,306]],[[56764,34184],[-120,-313]],[[56644,33871],[-8,-16]],[[56636,33855],[-144,-8]],[[56053,33791],[-212,-188]],[[55841,33603],[-44,659]],[[54855,34252],[-242,-604]],[[54613,33648],[-5,-6]],[[55841,33603],[-39,-186]],[[55802,33417],[-248,-113]],[[55554,33304],[-163,54]],[[55391,33358],[-67,473]],[[61986,34164],[-223,-230]],[[61763,33934],[-117,225]],[[61625,34238],[71,127]],[[58415,34327],[86,-291]],[[58501,34036],[13,-78]],[[58514,33958],[-114,-136]],[[58400,33822],[-1,25]],[[58399,33847],[-336,223]],[[55035,33810],[-96,13]],[[54939,33823],[10,297]],[[54939,33823],[-43,-216]],[[54896,33607],[-283,41]],[[61046,33822],[-149,-421]],[[60897,33401],[-397,-206]],[[60500,33195],[-276,625]],[[60224,33820],[-305,348]],[[59919,34168],[250,81]],[[60169,34249],[197,17]],[[57254,34146],[14,-493]],[[57268,33653],[-114,-82]],[[57154,33571],[-390,613]],[[58958,34219],[401,-740]],[[59359,33479],[72,-279]],[[59431,33200],[-316,-92]],[[59115,33108],[-213,433]],[[58902,33541],[-70,382]],[[58832,33923],[126,296]],[[58399,33847],[-392,-520]],[[58007,33327],[-44,22]],[[57963,33349],[-266,454]],[[57697,33803],[-70,168]],[[57627,33971],[-87,152]],[[57154,33571],[-163,-374]],[[56991,33197],[-134,-15]],[[56857,33182],[-316,126]],[[56541,33308],[-42,2]],[[56499,33310],[-38,46]],[[56461,33356],[183,515]],[[60224,33820],[-820,-242]],[[59404,33578],[325,637]],[[59729,34215],[190,-47]],[[62277,33830],[-80,-26]],[[62197,33804],[-434,130]],[[57627,33971],[-359,-318]],[[62197,33804],[37,-310]],[[62234,33494],[21,-194]],[[62255,33300],[-26,7]],[[62229,33307],[-654,178]],[[61575,33485],[-279,172]],[[54558,33563],[55,-301]],[[54613,33262],[205,-723]],[[54818,32539],[-63,-213]],[[54755,32326],[-552,149]],[[54203,32475],[-451,448]],[[53752,32923],[-175,563]],[[53577,33486],[180,286]],[[53757,33772],[555,206]],[[57697,33803],[-586,-671]],[[57111,33132],[-120,65]],[[58514,33958],[318,-35]],[[58902,33541],[-303,-137]],[[58599,33404],[-199,418]],[[55391,33358],[-69,-21]],[[55322,33337],[-191,501]],[[56461,33356],[-106,57]],[[56355,33413],[281,442]],[[56355,33413],[-188,34]],[[56167,33447],[-60,1]],[[55322,33337],[-54,-34]],[[55268,33303],[-206,-48]],[[55062,33255],[-99,49]],[[54963,33304],[-56,309]],[[54907,33613],[-11,-6]],[[58599,33404],[41,-166]],[[58640,33238],[-378,-175]],[[58262,33063],[-183,162]],[[58079,33225],[-72,102]],[[55967,33443],[-165,-26]],[[57963,33349],[-113,-308]],[[57850,33041],[-131,-219]],[[57719,32822],[-540,241]],[[57179,33063],[-68,69]],[[60500,33195],[87,-99]],[[60587,33096],[-414,-143]],[[60173,32953],[-524,-274]],[[59649,32679],[-89,49]],[[59560,32728],[-129,472]],[[59359,33479],[45,99]],[[61575,33485],[-6,-49]],[[61569,33436],[-498,-140]],[[61071,33296],[-174,105]],[[62530,33722],[-73,-188]],[[62457,33534],[-223,-40]],[[63037,33773],[-46,-327]],[[62991,33446],[-472,-87]],[[62519,33359],[-62,175]],[[54907,33613],[-82,-337]],[[54825,33276],[-212,-14]],[[54963,33304],[-138,-28]],[[59115,33108],[-293,-51]],[[58822,33057],[-26,22]],[[58796,33079],[-156,159]],[[53752,32923],[-174,2]],[[53578,32925],[-360,153]],[[53218,33078],[359,408]],[[62229,33307],[-272,-295]],[[61957,33012],[-102,41]],[[61855,33053],[-286,383]],[[56167,33447],[35,-731]],[[56202,32716],[-59,-214]],[[56143,32502],[-104,-29]],[[56039,32473],[-385,225]],[[55654,32698],[-100,606]],[[62519,33359],[-124,-142]],[[62395,33217],[-140,83]],[[56499,33310],[-258,-553]],[[56241,32757],[-39,-41]],[[55654,32698],[-405,143]],[[55249,32841],[19,462]],[[61855,33053],[-44,-83]],[[61811,32970],[-417,1]],[[61394,32971],[-323,325]],[[62991,33446],[75,-134]],[[63066,33312],[263,-197]],[[63329,33115],[-717,-543]],[[62612,32572],[-129,93]],[[62483,32665],[-36,420]],[[62447,33085],[-52,132]],[[61394,32971],[52,-513]],[[61446,32458],[-57,-161]],[[61389,32297],[-439,-20]],[[60950,32277],[-66,33]],[[60884,32310],[-106,183]],[[60778,32493],[-184,288]],[[60594,32781],[-7,315]],[[58079,33225],[-51,-357]],[[58028,32868],[-42,-29]],[[57986,32839],[-136,202]],[[55249,32841],[-261,99]],[[54988,32940],[74,315]],[[56541,33308],[3,-627]],[[56544,32681],[-303,76]],[[56857,33182],[71,-342]],[[56928,32840],[55,-61]],[[56983,32779],[-233,-259]],[[56750,32520],[-221,-14]],[[56529,32506],[15,175]],[[54988,32940],[-170,-401]],[[62447,33085],[-165,-334]],[[62282,32751],[-33,-18]],[[62249,32733],[-292,279]],[[58796,33079],[-313,-216]],[[58483,32863],[-221,200]],[[58483,32863],[10,-438]],[[58493,32425],[-207,-206]],[[58286,32219],[-205,140]],[[58081,32359],[-53,509]],[[57179,33063],[-251,-223]],[[59560,32728],[-230,-251]],[[59330,32477],[-136,-114]],[[59194,32363],[-290,154]],[[58904,32517],[-45,75]],[[58859,32592],[-37,465]],[[53578,32925],[-139,-948]],[[53439,31977],[-374,-288]],[[53065,31689],[-97,30]],[[52968,31719],[-202,266]],[[52766,31985],[346,280],[106,813]],[[57719,32822],[-60,-144]],[[57659,32678],[-174,-264]],[[57485,32414],[-304,36]],[[57181,32450],[-165,-25]],[[57016,32425],[8,255]],[[57024,32680],[299,-127],[25,217],[-141,74],[-183,-161]],[[57024,32683],[-41,96]],[[60594,32781],[-226,-142]],[[60368,32639],[-195,314]],[[63329,33115],[9,-49]],[[63338,33066],[-12,-12]],[[63326,33054],[-109,-426]],[[63217,32628],[-100,-320]],[[63117,32308],[-418,131]],[[62699,32439],[-87,133]],[[58859,32592],[-100,-107]],[[58759,32485],[-266,-60]],[[54203,32475],[-224,-9]],[[53979,32466],[-373,-559]],[[53606,31907],[-167,70]],[[57986,32839],[-190,-239]],[[57796,32600],[-137,78]],[[62483,32665],[-201,86]],[[62249,32733],[-248,-291]],[[62001,32442],[-238,188]],[[61763,32630],[48,340]],[[61763,32630],[-317,-172]],[[56039,32473],[163,-152]],[[56202,32321],[-91,-241]],[[56111,32080],[-106,-159]],[[56005,31921],[-274,-638]],[[55731,31283],[-203,-365]],[[55528,30918],[-159,-1]],[[55369,30917],[184,464],[-568,748]],[[54985,32129],[-122,129]],[[54863,32258],[-108,68]],[[63326,33054],[88,-306]],[[63414,32748],[-197,-120]],[[60368,32639],[-24,-89]],[[60344,32550],[-433,-73]],[[59911,32477],[-189,20]],[[59722,32497],[-73,182]],[[57024,32680],[0,3]],[[58081,32359],[-157,-172]],[[57924,32187],[-37,-78]],[[57887,32109],[-128,286]],[[57759,32395],[37,205]],[[57016,32425],[-115,-121]],[[56901,32304],[-176,-183]],[[56725,32121],[-39,122]],[[56686,32243],[64,277]],[[56529,32506],[-99,-110]],[[56430,32396],[-287,106]],[[60778,32493],[-352,-118]],[[60426,32375],[-82,175]],[[59722,32497],[-59,-69]],[[59663,32428],[-333,49]],[[62699,32439],[-303,-580]],[[62396,31859],[-403,263]],[[61993,32122],[-137,119]],[[61856,32241],[145,201]],[[57759,32395],[-127,-272]],[[57632,32123],[-207,104]],[[57425,32227],[60,187]],[[61856,32241],[-367,-7]],[[61489,32234],[-100,63]],[[58904,32517],[-84,-556]],[[58820,31961],[-45,-112]],[[58775,31849],[-279,295]],[[58496,32144],[263,341]],[[56686,32243],[-256,153]],[[54755,32326],[-753,-1111]],[[54002,31215],[-138,61]],[[53864,31276],[-96,66]],[[53768,31342],[427,646],[8,487]],[[53768,31342],[-353,169]],[[53415,31511],[184,242]],[[53599,31753],[380,713]],[[56430,32396],[-228,-75]],[[60426,32375],[91,-248]],[[60517,32127],[-213,-328]],[[60304,31799],[-77,-6]],[[60227,31793],[-171,17]],[[60056,31810],[-264,174]],[[59792,31984],[119,493]],[[53599,31753],[7,154]],[[59194,32363],[200,-359]],[[59394,32004],[-245,-112]],[[59149,31892],[-329,69]],[[58496,32144],[-131,-128]],[[58365,32016],[-141,128]],[[58224,32144],[62,75]],[[57425,32227],[-234,-44]],[[57191,32183],[-50,52]],[[57141,32235],[40,215]],[[59663,32428],[-99,-241]],[[59564,32187],[-134,-205]],[[59430,31982],[-36,22]],[[57141,32235],[-240,69]],[[59792,31984],[-16,11]],[[59776,31995],[-212,192]],[[60884,32310],[-367,-183]],[[56725,32121],[-50,-48]],[[56675,32073],[-564,7]],[[57887,32109],[-82,-124]],[[57805,31985],[-173,138]],[[63117,32308],[97,-256]],[[63214,32052],[-297,-376]],[[62917,31676],[-446,-262]],[[62471,31414],[-64,22]],[[62407,31436],[-219,138]],[[62188,31574],[208,285]],[[54863,32258],[-679,-1128]],[[54184,31130],[-156,51]],[[54028,31181],[-26,34]],[[58224,32144],[-163,-63]],[[58061,32081],[-137,106]],[[57191,32183],[-378,-703]],[[56813,31480],[-314,82]],[[56499,31562],[-44,145]],[[56455,31707],[220,366]],[[54985,32129],[0,-523]],[[54985,31606],[-436,-630]],[[54549,30976],[-20,-14]],[[54529,30962],[-150,102]],[[54379,31064],[-195,66]],[[60950,32277],[112,-522]],[[61062,31755],[-144,-104]],[[60918,31651],[-377,133]],[[60541,31784],[-237,15]],[[61489,32234],[-113,-237]],[[61376,31997],[-314,-242]],[[57805,31985],[-143,-265]],[[57662,31720],[-152,-195]],[[57510,31525],[-144,-238]],[[57366,31287],[-196,59]],[[57170,31346],[-357,134]],[[61993,32122],[-8,-469]],[[61985,31653],[-349,151]],[[61636,31804],[-260,193]],[[58061,32081],[-119,-391]],[[57942,31690],[-280,30]],[[59776,31995],[-197,-233]],[[59579,31762],[-95,150]],[[59484,31912],[-54,70]],[[55369,30917],[-69,-108]],[[55300,30809],[-276,-131]],[[55024,30678],[-83,-46]],[[54941,30632],[-145,194]],[[54796,30826],[322,748]],[[55118,31574],[-133,32]],[[56455,31707],[-19,10]],[[56436,31717],[-217,53]],[[56219,31770],[-214,151]],[[58365,32016],[-16,-304]],[[58349,31712],[-186,-139]],[[58163,31573],[-138,12]],[[58025,31585],[-83,105]],[[58775,31849],[27,-36]],[[58802,31813],[-83,-251]],[[58719,31562],[-370,150]],[[62188,31574],[-43,1]],[[62145,31575],[-160,78]],[[52968,31719],[-113,-193]],[[52855,31526],[-177,-382]],[[52678,31144],[-120,97]],[[52558,31241],[-39,360]],[[52519,31601],[247,384]],[[53415,31511],[-35,23]],[[53380,31534],[-315,155]],[[59149,31892],[-347,-79]],[[59484,31912],[-145,-163]],[[59339,31749],[-295,-381]],[[59044,31368],[-306,183]],[[58738,31551],[-19,11]],[[60056,31810],[-71,-172]],[[59985,31638],[-301,-51]],[[59684,31587],[-98,146]],[[59586,31733],[-7,29]],[[63214,32052],[72,-214]],[[63286,31838],[63,-308]],[[63349,31530],[-5,-83]],[[63344,31447],[-160,-63]],[[63184,31384],[-267,292]],[[61636,31804],[-147,-350]],[[61489,31454],[-244,1]],[[61245,31455],[-285,111]],[[60960,31566],[-42,85]],[[56219,31770],[-396,-846]],[[55823,30924],[-92,359]],[[59586,31733],[-167,-66]],[[59419,31667],[-80,82]],[[56436,31717],[-332,-824]],[[56104,30893],[-194,-85]],[[55910,30808],[-130,3]],[[55780,30811],[43,113]],[[60960,31566],[68,-276]],[[61028,31290],[-15,-122]],[[61013,31168],[-391,-108]],[[60622,31060],[-260,117]],[[60362,31177],[-44,275]],[[60318,31452],[223,332]],[[53380,31534],[5,-237]],[[53385,31297],[-271,-34]],[[53114,31263],[-80,109]],[[53034,31372],[31,317]],[[60318,31452],[-63,87]],[[60255,31539],[-28,254]],[[60255,31539],[-236,41]],[[60019,31580],[-34,58]],[[53034,31372],[-67,-49]],[[52967,31323],[-112,203]],[[62145,31575],[-31,-124]],[[62114,31451],[-546,-463]],[[61568,30988],[-82,-503]],[[61486,30485],[-332,259]],[[61154,30744],[-74,133]],[[61080,30877],[261,313]],[[61341,31190],[3,-1]],[[61344,31189],[145,265]],[[56499,31562],[-305,-769]],[[56194,30793],[-90,100]],[[59419,31667],[-1,-215]],[[59418,31452],[-174,-203]],[[59244,31249],[-200,119]],[[58025,31585],[-137,-127]],[[57888,31458],[-126,-111]],[[57762,31347],[-252,178]],[[59684,31587],[53,-112]],[[59737,31475],[22,-36]],[[59759,31439],[-107,-61]],[[59652,31378],[-234,74]],[[58738,31551],[-197,-328]],[[58541,31223],[-126,68]],[[58415,31291],[-252,282]],[[55118,31574],[-432,-624]],[[54686,30950],[-137,26]],[[60019,31580],[-282,-105]],[[54796,30826],[-55,-5]],[[54741,30821],[-55,129]],[[63184,31384],[-16,-351]],[[63168,31033],[-117,-244]],[[63051,30789],[-53,-20]],[[62998,30769],[-260,152]],[[62738,30921],[-179,81]],[[62559,31002],[-88,412]],[[58415,31291],[-257,-212]],[[58158,31079],[-270,379]],[[52967,31323],[12,-111]],[[52979,31212],[-109,-125]],[[52870,31087],[-113,19]],[[52757,31106],[-79,38]],[[53768,31342],[-199,-903]],[[53569,30439],[-191,-164]],[[53378,30275],[-35,16]],[[53343,30291],[-45,35]],[[53298,30326],[113,673]],[[53411,30999],[-26,298]],[[56813,31480],[25,-321]],[[56838,31159],[-197,-603]],[[56641,30556],[-484,64]],[[56157,30620],[37,173]],[[60362,31177],[-341,-48]],[[60021,31129],[-94,135]],[[59927,31264],[-168,175]],[[57762,31347],[-117,-221]],[[57645,31126],[-169,-11]],[[57476,31115],[-110,172]],[[59244,31249],[40,-186]],[[59284,31063],[-210,-218]],[[59074,30845],[-206,-18]],[[58868,30827],[-327,396]],[[61245,31455],[99,-266]],[[61341,31190],[-313,100]],[[62407,31436],[-278,-199]],[[62129,31237],[-15,214]],[[57170,31346],[-27,-208]],[[57143,31138],[-305,21]],[[58158,31079],[-344,-126]],[[57814,30953],[-169,173]],[[59652,31378],[-38,-450]],[[59614,30928],[-330,135]],[[53114,31263],[-135,-51]],[[59927,31264],[-150,-244]],[[59777,31020],[-94,-95]],[[59683,30925],[-69,3]],[[53864,31276],[-163,-815]],[[53701,30461],[-132,-22]],[[62129,31237],[40,-210]],[[62169,31027],[-451,-149]],[[61718,30878],[-150,110]],[[62559,31002],[-390,25]],[[63344,31447],[162,-212]],[[63506,31235],[-338,-202]],[[57476,31115],[-8,-13]],[[57468,31102],[-495,-868]],[[56973,30234],[-442,64]],[[56531,30298],[110,258]],[[56641,30556],[502,582]],[[53411,30999],[-418,-13]],[[52993,30986],[-123,101]],[[54028,31181],[-123,-827]],[[53905,30354],[-204,107]],[[55780,30811],[-117,-79]],[[55663,30732],[-135,186]],[[52757,31106],[-162,-491]],[[52595,30615],[-35,-2]],[[52560,30613],[-186,91]],[[52374,30704],[-51,127]],[[52323,30831],[235,410]],[[58868,30827],[-307,-530]],[[58561,30297],[-57,2]],[[58504,30299],[-78,33]],[[58426,30332],[-86,109]],[[58340,30441],[-301,248]],[[58039,30689],[-225,264]],[[61080,30877],[-11,19]],[[61069,30896],[-56,272]],[[60021,31129],[-244,-109]],[[54379,31064],[-275,-754]],[[54104,30310],[-147,-113]],[[53957,30197],[-95,37]],[[53862,30234],[43,120]],[[52993,30986],[-107,-416]],[[52886,30570],[-291,45]],[[58039,30689],[-166,-201]],[[57873,30488],[-257,297]],[[57616,30785],[-148,317]],[[63506,31235],[104,-240]],[[63610,30995],[252,-133]],[[63862,30862],[237,86]],[[64099,30948],[-119,-319]],[[63980,30629],[-477,-318]],[[63503,30311],[-134,146]],[[63369,30457],[-318,332]],[[60622,31060],[-56,-63]],[[60566,30997],[-294,-263]],[[60272,30734],[-19,-60]],[[60253,30674],[-359,-111]],[[59894,30563],[-211,362]],[[61069,30896],[-275,-130]],[[60794,30766],[-111,-19]],[[60683,30747],[-117,250]],[[57616,30785],[-550,-639]],[[57066,30146],[-93,88]],[[54529,30962],[-233,-847]],[[54296,30115],[-192,195]],[[53298,30326],[-183,35]],[[53115,30361],[-191,110]],[[52924,30471],[-38,99]],[[59894,30563],[98,-182]],[[59992,30381],[-338,-134]],[[59654,30247],[-409,31]],[[59245,30278],[-171,567]],[[54741,30821],[-60,-366]],[[54681,30455],[-197,-439]],[[54484,30016],[-170,-199]],[[54314,29817],[-131,65]],[[54183,29882],[113,233]],[[62738,30921],[-164,-483]],[[62574,30438],[-444,-12]],[[62130,30426],[-412,452]],[[55663,30732],[-110,-135]],[[55553,30597],[-253,212]],[[60683,30747],[-411,-13]],[[62130,30426],[-190,-289]],[[61940,30137],[-30,-14]],[[61910,30123],[-282,266]],[[61628,30389],[-142,96]],[[56157,30620],[-63,-158]],[[56094,30462],[-280,-16]],[[55814,30446],[96,362]],[[52374,30704],[-468,-1167]],[[51906,29537],[-321,-705]],[[51585,28832],[-390,227]],[[51195,29059],[146,180]],[[51341,29239],[528,885]],[[51869,30124],[454,707]],[[54941,30632],[-241,-273]],[[54700,30359],[-19,96]],[[64099,30948],[38,27]],[[64137,30975],[266,-59]],[[64403,30916],[68,-130]],[[64471,30786],[-342,-295]],[[64129,30491],[-149,138]],[[61154,30744],[-206,-445]],[[60948,30299],[34,-129]],[[60982,30170],[403,-112]],[[61385,30058],[-9,-202]],[[61376,29856],[-456,-383]],[[60920,29473],[-195,209]],[[60725,29682],[-768,138]],[[59957,29820],[348,309]],[[60305,30129],[419,481]],[[60724,30610],[70,156]],[[55553,30597],[-37,-96]],[[55516,30501],[-122,-118]],[[55394,30383],[-13,-3]],[[55381,30380],[-369,237]],[[55012,30617],[12,61]],[[62998,30769],[-319,-413]],[[62679,30356],[-105,82]],[[55814,30446],[-46,-79]],[[55768,30367],[-252,134]],[[59245,30278],[-391,-201]],[[58854,30077],[-49,9]],[[58805,30086],[-244,211]],[[57873,30488],[-585,-513]],[[57288,29975],[-152,115]],[[57136,30090],[-70,56]],[[52560,30613],[-381,-949]],[[52179,29664],[-273,-127]],[[60724,30610],[-471,64]],[[56531,30298],[-312,-30]],[[56219,30268],[-125,194]],[[55012,30617],[-113,-310]],[[54899,30307],[-181,-465]],[[54718,29842],[-125,126]],[[54593,29968],[107,391]],[[61628,30389],[-109,-169]],[[61519,30220],[-571,79]],[[63369,30457],[-337,-480]],[[63032,29977],[-118,17]],[[62914,29994],[-235,362]],[[58340,30441],[-278,-414]],[[58062,30027],[-692,-401]],[[57370,29626],[-170,129]],[[57200,29755],[88,220]],[[64471,30786],[239,-161]],[[64710,30625],[-13,-200]],[[64697,30425],[-102,-222]],[[64595,30203],[-153,-53]],[[64442,30150],[-306,277]],[[64136,30427],[-7,64]],[[52924,30471],[-500,-958]],[[52424,29513],[-245,151]],[[55381,30380],[-240,-360]],[[55141,30020],[-242,287]],[[60305,30129],[-104,46]],[[60201,30175],[-209,206]],[[64136,30427],[-109,-226]],[[64027,30201],[-154,-121]],[[63873,30080],[-246,31]],[[63627,30111],[-124,200]],[[55768,30367],[-21,-67]],[[55747,30300],[-144,-55]],[[55603,30245],[-209,138]],[[53115,30361],[-573,-940]],[[52542,29421],[-118,92]],[[53862,30234],[-135,-135]],[[53727,30099],[-116,74]],[[53611,30173],[-233,102]],[[54593,29968],[-109,48]],[[56219,30268],[-63,-30]],[[56156,30238],[-83,-13]],[[56073,30225],[-326,75]],[[62914,29994],[-125,-137]],[[62789,29857],[-401,21]],[[62388,29878],[-448,259]],[[58426,30332],[-279,-439]],[[58147,29893],[-22,12]],[[58125,29905],[-63,122]],[[55603,30245],[-344,-577]],[[55259,29668],[-160,152]],[[55099,29820],[42,200]],[[53343,30291],[-523,-1230]],[[52820,29061],[-307,10]],[[52513,29071],[29,350]],[[60201,30175],[-411,-314]],[[59790,29861],[-136,386]],[[61910,30123],[6,-852]],[[61916,29271],[-170,-219]],[[61746,29052],[-229,-72]],[[61517,28980],[-325,226]],[[61192,29206],[-102,35]],[[61090,29241],[286,615]],[[61385,30058],[134,162]],[[63627,30111],[34,-301]],[[63661,29810],[-56,-390]],[[63605,29420],[-481,-4]],[[63124,29416],[-92,561]],[[54183,29882],[-33,-18]],[[54150,29864],[-155,90]],[[53995,29954],[-38,243]],[[58805,30086],[-81,-770]],[[58724,29316],[9,-28]],[[58733,29288],[-68,-9]],[[58665,29279],[-200,60]],[[58465,29339],[96,958]],[[55099,29820],[-288,-234]],[[54811,29586],[-174,48]],[[54637,29634],[-56,65]],[[54581,29699],[137,143]],[[53611,30173],[-70,-340]],[[53541,29833],[-102,-203]],[[53439,29630],[-351,-840]],[[53088,28790],[-211,-170]],[[52877,28620],[-281,-9]],[[52596,28611],[224,450]],[[56073,30225],[-69,-233]],[[56004,29992],[-338,-705]],[[55666,29287],[-85,-78]],[[55581,29209],[-416,234]],[[55165,29443],[-3,1]],[[55162,29444],[-6,20]],[[55156,29464],[103,204]],[[57136,30090],[-288,-455]],[[56848,29635],[-214,166]],[[56634,29801],[-152,148]],[[56482,29949],[-326,289]],[[58504,30299],[-112,-491]],[[58392,29808],[-125,59]],[[58267,29867],[-120,26]],[[64442,30150],[-25,-240]],[[64417,29910],[-390,291]],[[59790,29861],[24,-37]],[[59814,29824],[-54,-214]],[[59760,29610],[-482,65]],[[59278,29675],[-424,402]],[[61519,30220],[-537,-50]],[[58465,29339],[-700,-212]],[[57765,29127],[-175,134]],[[57590,29261],[-135,94]],[[57455,29355],[670,550]],[[58267,29867],[-101,-118],[44,-173],[148,100],[34,132]],[[53995,29954],[-153,-555]],[[53842,29399],[-61,-216]],[[53781,29183],[-190,-193]],[[53591,28990],[-79,-6]],[[53512,28984],[-98,26]],[[53414,29010],[195,505]],[[53609,29515],[154,332]],[[53763,29847],[-36,252]],[[56482,29949],[-324,-56]],[[56158,29893],[-154,99]],[[53763,29847],[-222,-14]],[[59957,29820],[-143,4]],[[57200,29755],[-166,-204]],[[57034,29551],[-186,84]],[[64417,29910],[-142,-172]],[[64275,29738],[-134,15]],[[64141,29753],[-208,198]],[[63933,29951],[-60,129]],[[59278,29675],[-27,-66]],[[59251,29609],[-527,-293]],[[62388,29878],[20,-345]],[[62408,29533],[-266,-272]],[[62142,29261],[-226,10]],[[54581,29699],[-267,118]],[[57455,29355],[-102,47]],[[57353,29402],[17,224]],[[56158,29893],[-35,-298]],[[56123,29595],[-457,-308]],[[54150,29864],[-125,-525]],[[54025,29339],[-183,60]],[[63933,29951],[-272,-141]],[[56634,29801],[18,-435]],[[56652,29366],[-286,-517]],[[56366,28849],[-288,100]],[[56078,28949],[-103,55]],[[55975,29004],[148,591]],[[63124,29416],[-47,-5]],[[63077,29411],[-281,358]],[[62796,29769],[-7,88]],[[54637,29634],[-377,-1380]],[[54260,28254],[-387,-143]],[[53873,28111],[120,487]],[[53993,28598],[-23,347]],[[53970,28945],[55,394]],[[62796,29769],[-388,-236]],[[53609,29515],[-170,115]],[[55156,29464],[-345,122]],[[64141,29753],[-20,-34]],[[64121,29719],[-419,-332]],[[63702,29387],[-97,33]],[[60725,29682],[-108,-438]],[[60617,29244],[-329,7]],[[60288,29251],[-362,204]],[[59926,29455],[-166,155]],[[57034,29551],[256,-197]],[[57290,29354],[-186,-133]],[[57104,29221],[-152,-612]],[[56952,28609],[-342,-414]],[[56610,28195],[-20,14]],[[56590,28209],[-173,602]],[[56417,28811],[235,555]],[[61090,29241],[-170,232]],[[57353,29402],[-63,-48]],[[52513,29071],[-765,-279]],[[51748,28792],[-163,40]],[[59760,29610],[-425,-235]],[[59335,29375],[-84,234]],[[53414,29010],[-283,-213]],[[53131,28797],[-43,-7]],[[63077,29411],[27,-316]],[[63104,29095],[-451,47]],[[62653,29142],[-405,0]],[[62248,29142],[-106,119]],[[64275,29738],[154,-413]],[[64429,29325],[-71,-35]],[[64358,29290],[-237,429]],[[55162,29444],[-289,-1044]],[[54873,28400],[-1,-559]],[[54872,27841],[-268,-75]],[[54604,27766],[-344,488]],[[61192,29206],[-482,-200]],[[60710,29006],[-93,238]],[[64358,29290],[-166,-185]],[[64192,29105],[-61,-25]],[[64131,29080],[-323,35]],[[63808,29115],[-106,272]],[[55975,29004],[-239,42]],[[55736,29046],[-75,54]],[[55661,29100],[-80,109]],[[59335,29375],[11,-172]],[[59346,29203],[-401,-294]],[[58945,28909],[-212,379]],[[59926,29455],[-62,-439]],[[59864,29016],[-105,-87]],[[59759,28929],[-87,33]],[[59672,28962],[-287,137]],[[59385,29099],[-39,104]],[[55165,29443],[-190,-1060]],[[54975,28383],[-102,17]],[[55661,29100],[-171,-363]],[[55490,28737],[-515,-354]],[[53970,28945],[-189,238]],[[58465,29339],[-483,-503]],[[57982,28836],[-157,159]],[[57825,28995],[-60,132]],[[56417,28811],[-51,38]],[[60288,29251],[105,-154]],[[60393,29097],[-529,-81]],[[57590,29261],[-432,-79]],[[57158,29182],[-54,39]],[[58665,29279],[-296,-716]],[[58369,28563],[-4,-5]],[[58365,28558],[-306,139]],[[58059,28697],[-77,139]],[[63808,29115],[27,-76]],[[63835,29039],[-725,55]],[[63110,29094],[-6,1]],[[58945,28909],[220,-353]],[[59165,28556],[-332,-188]],[[58833,28368],[-464,195]],[[62248,29142],[60,-163]],[[62308,28979],[-374,-223]],[[61934,28756],[-188,296]],[[57825,28995],[-461,-498]],[[57364,28497],[-14,-13]],[[57350,28484],[-269,67]],[[57081,28551],[77,631]],[[60710,29006],[-137,-108]],[[60573,28898],[-60,44]],[[60513,28942],[-120,155]],[[57081,28551],[-129,58]],[[53993,28598],[-297,80]],[[53696,28678],[-105,312]],[[52596,28611],[-441,-470]],[[52155,28141],[-240,31]],[[51915,28172],[-167,620]],[[59385,29099],[154,-256]],[[59539,28843],[88,-238]],[[59627,28605],[59,-127]],[[59686,28478],[-284,-305]],[[59402,28173],[-77,12]],[[59325,28185],[-160,371]],[[61517,28980],[-50,-690]],[[61467,28290],[-288,-200]],[[61179,28090],[-442,367]],[[60737,28457],[-164,441]],[[59672,28962],[-133,-119]],[[51915,28172],[-38,-107]],[[51877,28065],[-71,-223]],[[51806,27842],[-242,71]],[[51564,27913],[-297,48]],[[51267,27961],[-263,-13]],[[51004,27948],[-554,38]],[[50450,27986],[-518,11]],[[49932,27997],[-76,-66]],[[49856,27931],[-96,-87]],[[49760,27844],[-39,94]],[[49721,27938],[356,382]],[[50077,28320],[1118,739]],[[55736,29046],[-36,-365]],[[55700,28681],[-210,56]],[[62653,29142],[-210,-259]],[[62443,28883],[-135,96]],[[56078,28949],[136,-442]],[[56214,28507],[-255,-250]],[[55959,28257],[-223,52]],[[55736,28309],[-36,372]],[[63835,29039],[184,-482]],[[64019,28557],[-186,-230]],[[63833,28327],[-485,234]],[[63348,28561],[-219,32]],[[63129,28593],[-85,223]],[[63044,28816],[66,278]],[[53512,28984],[-139,-399]],[[53373,28585],[-310,-758]],[[53063,27827],[-7,-2]],[[53056,27825],[-199,-27]],[[52857,27798],[-311,99]],[[52546,27897],[-77,48]],[[52469,27945],[240,204]],[[52709,28149],[487,344]],[[53196,28493],[-65,304]],[[63044,28816],[-560,-88]],[[62484,28728],[1,3]],[[62485,28731],[-42,152]],[[60513,28942],[-320,-444]],[[60193,28498],[-73,-202]],[[60120,28296],[-295,-112]],[[59825,28184],[-139,294]],[[59627,28605],[132,324]],[[53696,28678],[-236,-490]],[[53460,28188],[-87,397]],[[64131,29080],[160,-219]],[[64291,28861],[-16,-105]],[[64275,28756],[-103,-229]],[[64172,28527],[-153,30]],[[58059,28697],[-211,-254]],[[57848,28443],[-259,-187]],[[57589,28256],[-168,80]],[[57421,28336],[-57,161]],[[64192,29105],[164,-257]],[[64356,28848],[-65,13]],[[61934,28756],[-3,-157]],[[61931,28599],[-108,-99]],[[61823,28500],[-43,-268]],[[61780,28232],[-38,-8]],[[61742,28224],[-275,66]],[[56366,28849],[-152,-342]],[[62485,28731],[-554,-132]],[[60737,28457],[1,-394]],[[60738,28063],[-63,-218]],[[60675,27845],[-235,-4]],[[60440,27841],[-42,75]],[[60398,27916],[-205,582]],[[56590,28209],[-157,-205]],[[56433,28004],[-371,77]],[[56062,28081],[-103,176]],[[53196,28493],[-318,20]],[[52878,28513],[-1,107]],[[55736,28309],[-155,-372]],[[55581,27937],[-709,-96]],[[63129,28593],[-19,-362]],[[63110,28231],[-146,-109]],[[62964,28122],[-111,84]],[[62853,28206],[-370,76]],[[62483,28282],[0,17]],[[62483,28299],[1,429]],[[52878,28513],[-169,-364]],[[52469,27945],[-24,31]],[[52445,27976],[-287,162]],[[52158,28138],[-3,3]],[[53873,28111],[-65,-332]],[[53808,27779],[-81,16]],[[53727,27795],[-255,39]],[[53472,27834],[-12,354]],[[58365,28558],[-68,-106]],[[58297,28452],[-375,-302]],[[57922,28150],[-74,293]],[[62483,28299],[-226,-286]],[[62257,28013],[-39,-57]],[[62218,27956],[-166,75]],[[62052,28031],[-229,469]],[[53472,27834],[-162,-94]],[[53310,27740],[-247,87]],[[58833,28368],[-429,-189]],[[58404,28179],[-107,273]],[[57081,28551],[-74,-382]],[[57007,28169],[-7,-47]],[[57000,28122],[-390,73]],[[57350,28484],[-191,-370]],[[57159,28114],[-152,55]],[[59325,28185],[-539,-461]],[[58786,27724],[-641,-273]],[[58145,27451],[-161,521]],[[57984,27972],[420,207]],[[63348,28561],[-120,-429]],[[63228,28132],[-118,99]],[[57421,28336],[-155,-162]],[[57266,28174],[-107,-60]],[[57922,28150],[-48,-16]],[[57874,28134],[-150,-157]],[[57724,27977],[-135,279]],[[64172,28527],[137,-157]],[[64309,28370],[96,-190]],[[64405,28180],[-96,-85]],[[64309,28095],[-124,-76]],[[64185,28019],[-194,-90]],[[63991,27929],[-169,-102]],[[63822,27827],[0,90]],[[63822,27917],[11,410]],[[63822,27917],[-405,-48]],[[63417,27869],[-11,-1]],[[63406,27868],[-178,264]],[[60398,27916],[-151,110]],[[60247,28026],[-127,270]],[[62052,28031],[-36,-46]],[[62016,27985],[-236,247]],[[59825,28184],[40,-66]],[[59865,28118],[-71,-68]],[[59794,28050],[-43,-47]],[[59751,28003],[-349,170]],[[57984,27972],[-110,162]],[[61179,28090],[-43,-19]],[[61136,28071],[-398,-8]],[[56062,28081],[-56,-338]],[[56006,27743],[-518,-414]],[[55488,27329],[-345,180]],[[55143,27509],[111,216]],[[55254,27725],[327,212]],[[57724,27977],[-76,-226]],[[57648,27751],[-382,423]],[[54604,27766],[-78,-277]],[[54526,27489],[-74,-24]],[[54452,27465],[-371,141]],[[54081,27606],[-273,173]],[[60247,28026],[-88,-15]],[[60159,28011],[-294,107]],[[57000,28122],[-37,-367]],[[56963,27755],[-247,-296]],[[56716,27459],[-216,269]],[[56500,27728],[-67,276]],[[61742,28224],[-30,-344]],[[61712,27880],[-176,-173],[-433,30]],[[61103,27737],[33,334]],[[61572,27805],[-14,41],[-24,-19],[38,-22]],[[55254,27725],[-611,-272]],[[54643,27453],[-117,36]],[[62483,28282],[-59,-266]],[[62424,28016],[-167,-3]],[[62853,28206],[-400,-199]],[[62453,28007],[-29,9]],[[57648,27751],[-415,-540]],[[57233,27211],[-231,85]],[[57002,27296],[-28,184]],[[56974,27480],[-11,275]],[[62016,27985],[-304,-105]],[[59751,28003],[-48,-366]],[[59703,27637],[-263,-384]],[[59440,27253],[-407,19]],[[59033,27272],[-247,452]],[[56500,27728],[-38,-88]],[[56462,27640],[-313,37]],[[56149,27677],[-143,66]],[[63406,27868],[-97,-164]],[[63309,27704],[-293,175]],[[63016,27879],[-52,243]],[[58145,27451],[13,-275]],[[58158,27176],[-202,-73]],[[57956,27103],[-229,-216]],[[57727,26887],[-268,-21]],[[57459,26866],[-194,105]],[[57265,26971],[-32,240]],[[61103,27737],[-39,-21]],[[61064,27716],[-355,90]],[[60709,27806],[-34,39]],[[63016,27879],[-123,-237]],[[62893,27642],[-248,-87]],[[62645,27555],[-233,-58]],[[62412,27497],[-45,90]],[[62367,27587],[86,420]],[[60159,28011],[-346,24]],[[59813,28035],[-19,15]],[[64405,28180],[149,-84]],[[64554,28096],[-113,-113]],[[64441,27983],[-132,112]],[[59813,28035],[-110,-398]],[[60440,27841],[-425,-637],[-575,49]],[[64441,27983],[-37,-81]],[[64404,27902],[-219,117]],[[64554,28096],[211,-140]],[[64765,27956],[67,-200]],[[64832,27756],[64,-168]],[[64896,27588],[-184,-104]],[[64712,27484],[-77,-54]],[[64635,27430],[-260,18]],[[64375,27448],[-14,178]],[[64361,27626],[43,276]],[[62218,27956],[149,-369]],[[62412,27497],[-13,-110]],[[62399,27387],[-498,-362]],[[61901,27025],[-212,79]],[[61689,27104],[-280,14]],[[61409,27118],[-261,132]],[[61148,27250],[-84,466]],[[68414,28082],[82,56]],[[68496,28138],[265,-310]],[[68761,27828],[-296,-227]],[[68465,27601],[-75,32]],[[68390,27633],[24,449]],[[64361,27626],[-216,5]],[[64145,27631],[-154,298]],[[68390,27633],[-128,-20]],[[68262,27613],[-126,357]],[[68136,27970],[278,112]],[[63822,27827],[-142,-253]],[[63680,27574],[-263,295]],[[60709,27806],[-118,-867]],[[60591,26939],[-132,-135]],[[60459,26804],[-291,-175]],[[60168,26629],[-676,311]],[[59492,26940],[-52,313]],[[61148,27250],[-210,-335]],[[60938,26915],[-347,24]],[[55143,27509],[-270,-238]],[[54873,27271],[-230,182]],[[64145,27631],[32,-319]],[[64177,27312],[-124,-172]],[[64053,27140],[-172,13]],[[63881,27153],[-201,421]],[[68262,27613],[-50,-108]],[[68212,27505],[-394,250]],[[67818,27755],[-36,171]],[[67782,27926],[42,15]],[[67824,27941],[312,29]],[[63309,27704],[-18,-138]],[[63291,27566],[-209,-99]],[[63082,27467],[-189,175]],[[56974,27480],[-257,-36]],[[56717,27444],[-1,15]],[[56149,27677],[-226,-552]],[[55923,27125],[-381,-41]],[[55542,27084],[-112,81]],[[55430,27165],[58,164]],[[63680,27574],[-63,-121]],[[63617,27453],[-327,-45]],[[63290,27408],[1,158]],[[56717,27444],[-103,-299]],[[56614,27145],[-184,-86]],[[56430,27059],[32,581]],[[56430,27059],[-159,-31]],[[56271,27028],[-308,16]],[[55963,27044],[-40,81]],[[67818,27755],[-23,-187]],[[67795,27568],[-211,-47]],[[67584,27521],[-137,122]],[[67447,27643],[230,199]],[[67677,27842],[105,84]],[[59033,27272],[-48,-120]],[[58985,27152],[-500,-374]],[[58485,26778],[-181,218]],[[58304,26996],[-146,180]],[[66517,27770],[228,-82]],[[66745,27688],[-12,-130]],[[66733,27558],[-226,-339]],[[66507,27219],[-81,49]],[[66426,27268],[-208,89]],[[66218,27357],[179,300]],[[66397,27657],[120,113]],[[68761,27828],[90,-212]],[[68851,27616],[-196,-588]],[[68655,27028],[-62,118]],[[68593,27146],[-128,455]],[[64375,27448],[-92,-116]],[[64283,27332],[-106,-20]],[[63082,27467],[-39,-29]],[[63043,27438],[-319,-105]],[[62724,27333],[-79,222]],[[55430,27165],[-137,-5]],[[55293,27160],[-364,-108]],[[54929,27052],[-56,219]],[[68212,27505],[53,-491]],[[68265,27014],[-470,554]],[[66733,27558],[229,153]],[[66962,27711],[133,-83]],[[67095,27628],[46,-85]],[[67141,27543],[-93,-124]],[[67048,27419],[-402,-228]],[[66646,27191],[-139,28]],[[57002,27296],[-207,-292]],[[56795,27004],[-5,12]],[[56790,27016],[-176,129]],[[63290,27408],[-142,-137]],[[63148,27271],[-110,28]],[[63038,27299],[5,139]],[[62724,27333],[-17,-84]],[[62707,27249],[33,-111]],[[62740,27138],[-126,-108]],[[62614,27030],[-250,137]],[[62364,27167],[35,220]],[[63881,27153],[-48,15]],[[63833,27168],[-216,285]],[[67584,27521],[374,-692]],[[67958,26829],[-293,-232]],[[67665,26597],[-177,42]],[[67488,26639],[-90,385]],[[67398,27024],[-104,-10]],[[67294,27014],[-246,405]],[[67141,27543],[306,100]],[[69257,27567],[277,61]],[[69534,27628],[405,-247]],[[69939,27381],[-369,-416]],[[69570,26965],[-13,-12],[-5,31],[-117,-48],[-24,2],[-9,14],[-22,-5],[-15,21],[-21,-3],[-112,-92],[-21,76],[-40,27]],[[69171,26976],[86,591]],[[68593,27146],[-364,-237]],[[68229,26909],[36,105]],[[68229,26909],[-271,-80]],[[63038,27299],[-331,-50]],[[68851,27616],[406,-49]],[[69171,26976],[-118,-85],[-22,-20],[-46,29],[-57,-24],[-16,7],[-49,-46]],[[68863,26837],[-15,14],[-193,177]],[[64712,27484],[313,-166]],[[65025,27318],[-97,-132]],[[64928,27186],[-347,-9]],[[64581,27177],[54,253]],[[63833,27168],[-51,-229]],[[63782,26939],[-394,-308]],[[63388,26631],[-89,-10]],[[63299,26621],[-322,133]],[[62977,26754],[-22,249]],[[62955,27003],[193,268]],[[64581,27177],[-298,155]],[[62364,27167],[-27,-89]],[[62337,27078],[-411,-72]],[[61926,27006],[-25,19]],[[57265,26971],[-162,-247]],[[57103,26724],[-308,280]],[[59492,26940],[-8,-865]],[[59484,26075],[-475,46]],[[59009,26121],[-59,66]],[[58950,26187],[-119,439]],[[58831,26626],[154,526]],[[61409,27118],[-32,-346]],[[61377,26772],[-263,-222]],[[61114,26550],[-233,51]],[[60881,26601],[57,314]],[[62955,27003],[-215,135]],[[67294,27014],[24,-432]],[[67318,26582],[-435,133]],[[66883,26715],[-360,263]],[[66523,26978],[-7,12]],[[66516,26990],[130,201]],[[64928,27186],[61,-223]],[[64989,26963],[-124,-159]],[[64865,26804],[-82,-180]],[[64783,26624],[-592,87]],[[64191,26711],[-47,87]],[[64144,26798],[84,124]],[[64228,26922],[-175,218]],[[58304,26996],[-193,-256]],[[58111,26740],[-55,7]],[[58056,26747],[-100,356]],[[58831,26626],[-196,-426]],[[58635,26200],[-131,39]],[[58504,26239],[-76,262]],[[58428,26501],[57,277]],[[58056,26747],[-309,-194]],[[57747,26553],[-20,334]],[[61689,27104],[-40,-643]],[[61649,26461],[1,-48]],[[61650,26413],[-210,-16]],[[61440,26397],[-63,375]],[[62614,27030],[11,-203]],[[62625,26827],[-93,-301]],[[62532,26526],[-183,26]],[[62349,26552],[-252,257]],[[62097,26809],[240,269]],[[66516,26990],[-220,108]],[[66296,27098],[130,170]],[[57459,26866],[21,-270]],[[57480,26596],[-115,-88]],[[57365,26508],[-208,155]],[[57157,26663],[-54,61]],[[64228,26922],[-438,-1]],[[63790,26921],[-8,18]],[[62977,26754],[-131,-88]],[[62846,26666],[-221,161]],[[61926,27006],[87,-202]],[[62013,26804],[111,-265]],[[62124,26539],[-52,-238]],[[62072,26301],[-170,-56]],[[61902,26245],[-253,216]],[[62097,26809],[-84,-5]],[[65870,27076],[192,-59]],[[66062,27017],[51,-440]],[[66113,26577],[260,-515]],[[66373,26062],[-170,-134]],[[66203,25928],[-623,307]],[[65580,26235],[-4,502]],[[65576,26737],[76,227]],[[65652,26964],[218,112]],[[58428,26501],[-317,239]],[[60168,26629],[101,-313]],[[60269,26316],[-144,-146]],[[60125,26170],[-355,-169]],[[59770,26001],[-286,74]],[[57747,26553],[-56,-24]],[[57691,26529],[-211,67]],[[66523,26978],[-92,-170]],[[66431,26808],[-44,-53]],[[66387,26755],[-274,-178]],[[66062,27017],[234,81]],[[67488,26639],[-53,-18]],[[67435,26621],[-37,403]],[[64989,26963],[347,91]],[[65336,27054],[316,-90]],[[65576,26737],[-10,1]],[[65566,26738],[-701,66]],[[68863,26837],[-10,-22]],[[68853,26815],[-6,-14],[-6,12],[-575,-724]],[[68266,26089],[-440,-245]],[[67826,25844],[-152,307]],[[67674,26151],[-9,446]],[[63790,26921],[-85,-213]],[[63705,26708],[-289,-91]],[[63416,26617],[-28,14]],[[60881,26601],[-193,-496]],[[60688,26105],[-270,-51]],[[60418,26054],[-293,116]],[[60269,26316],[190,488]],[[67435,26621],[-83,-46]],[[67352,26575],[-34,7]],[[64144,26798],[-180,-315]],[[63964,26483],[-162,72]],[[63802,26555],[-111,81]],[[63691,26636],[14,72]],[[66883,26715],[-452,93]],[[62349,26552],[-225,-13]],[[58504,26239],[-19,-136]],[[58485,26103],[-455,-90]],[[58030,26013],[-48,8]],[[57982,26021],[-214,359]],[[57768,26380],[-77,149]],[[62846,26666],[-30,-184]],[[62816,26482],[-200,-100]],[[62616,26382],[-67,-32]],[[62549,26350],[-17,176]],[[61440,26397],[-226,-157]],[[61214,26240],[-108,-20]],[[61106,26220],[8,330]],[[63299,26621],[-65,-435]],[[63234,26186],[-6,0]],[[63228,26186],[-180,104]],[[63048,26290],[-232,192]],[[64191,26711],[-49,-509]],[[64142,26202],[-168,151]],[[63974,26353],[-10,130]],[[65566,26738],[-297,-309]],[[65269,26429],[-452,-18]],[[64817,26411],[-153,27]],[[64664,26438],[119,186]],[[63691,26636],[-186,-172]],[[63505,26464],[-89,153]],[[58950,26187],[-315,13]],[[67352,26575],[-19,-168]],[[67333,26407],[-225,-221]],[[67108,26186],[-477,58]],[[66631,26244],[-244,511]],[[64664,26438],[-67,-306]],[[64597,26132],[-16,-16]],[[64581,26116],[-273,-43]],[[64308,26073],[-3,1]],[[64305,26074],[-150,18]],[[64155,26092],[-13,110]],[[57768,26380],[-10,-215]],[[57758,26165],[-198,-2]],[[57560,26163],[-195,345]],[[65580,26235],[-167,-192]],[[65413,26043],[-256,190]],[[65157,26233],[112,196]],[[66631,26244],[-71,-80]],[[66560,26164],[-187,-102]],[[61106,26220],[-186,-95]],[[60920,26125],[-232,-20]],[[63505,26464],[-1,-5]],[[63504,26459],[-79,-307]],[[63425,26152],[-191,34]],[[63802,26555],[-298,-96]],[[62549,26350],[-13,-487]],[[62536,25863],[-330,-56]],[[62206,25807],[-28,53]],[[62178,25860],[-106,441]],[[63974,26353],[-29,-89]],[[63945,26264],[-125,-50],[102,-125]],[[63922,26089],[11,-7]],[[63933,26082],[-79,-74]],[[63854,26008],[-227,-79]],[[63627,25929],[-52,-11]],[[63575,25918],[-150,234]],[[67674,26151],[-341,256]],[[61902,26245],[-152,-89]],[[61750,26156],[-96,60]],[[61654,26216],[-4,197]],[[57982,26021],[-224,144]],[[63048,26290],[-432,92]],[[61654,26216],[-440,24]],[[65157,26233],[-231,-218]],[[64926,26015],[-128,-102]],[[64798,25913],[-217,203]],[[64597,26132],[220,279]],[[63228,26186],[-49,-399]],[[63179,25787],[-124,-94]],[[63055,25693],[-314,-42]],[[62741,25651],[-205,212]],[[64155,26092],[-182,-29]],[[63973,26063],[-40,19]],[[63922,26089],[23,175]],[[59009,26121],[328,-804]],[[59337,25317],[-502,-218]],[[58835,25099],[-193,-36]],[[58642,25063],[13,105]],[[58655,25168],[-166,629]],[[58489,25797],[-4,306]],[[62178,25860],[-356,89]],[[61822,25949],[-72,207]],[[58030,26013],[50,-152]],[[58080,25861],[-192,-368]],[[57888,25493],[-199,120]],[[57689,25613],[-69,95]],[[57620,25708],[-85,277]],[[57535,25985],[25,178]],[[67826,25844],[-234,-226]],[[67592,25618],[-455,292]],[[67137,25910],[-29,276]],[[58489,25797],[-332,-36]],[[58157,25761],[-77,100]],[[61822,25949],[23,-140]],[[61845,25809],[-192,-261]],[[61653,25548],[-539,180]],[[61114,25728],[-194,397]],[[59770,26001],[73,-653]],[[59843,25348],[-391,-146]],[[59452,25202],[-115,115]],[[60418,26054],[375,-469]],[[60793,25585],[-502,-587]],[[60291,24998],[-448,350]],[[61114,25728],[-321,-143]],[[66203,25928],[-24,-94]],[[66179,25834],[-419,-219]],[[65760,25615],[-249,294]],[[65511,25909],[-98,134]],[[65511,25909],[-129,-86]],[[65382,25823],[-208,-155]],[[65174,25668],[-194,191]],[[64980,25859],[-54,156]],[[63575,25918],[-188,-63]],[[63387,25855],[-208,-68]],[[67137,25910],[-421,-98]],[[66716,25812],[-174,108]],[[66542,25920],[18,244]],[[64798,25913],[-272,-117]],[[64526,25796],[-303,-135]],[[64223,25661],[4,147]],[[64227,25808],[81,265]],[[64305,26074],[-332,-11]],[[66542,25920],[-315,-155]],[[66227,25765],[-48,69]],[[64227,25808],[-346,90]],[[63881,25898],[-27,110]],[[63881,25898],[-3,-181]],[[63878,25717],[-3,-56]],[[63875,25661],[-234,100]],[[63641,25761],[-14,168]],[[62206,25807],[-4,-220]],[[62202,25587],[-192,30]],[[62010,25617],[-165,192]],[[64980,25859],[-61,-264]],[[64919,25595],[-62,-95]],[[64857,25500],[-331,296]],[[68266,26089],[345,-436]],[[68611,25653],[-412,102],[-851,-599]],[[67348,25156],[14,244]],[[67362,25400],[230,218]],[[58157,25761],[61,-234]],[[58218,25527],[-323,-32]],[[57895,25495],[-7,-2]],[[58655,25168],[-437,359]],[[63641,25761],[-243,-120]],[[63398,25641],[-11,214]],[[62741,25651],[34,-319]],[[62775,25332],[-418,-43]],[[62357,25289],[-143,25]],[[62214,25314],[-12,273]],[[64223,25661],[-345,56]],[[63398,25641],[89,-186]],[[63487,25455],[-103,-232]],[[63384,25223],[-104,-142]],[[63280,25081],[-279,105]],[[63001,25186],[54,507]],[[65760,25615],[51,-201]],[[65811,25414],[-67,-56]],[[65744,25358],[-194,28]],[[65550,25386],[-168,437]],[[65174,25668],[-55,-60]],[[65119,25608],[-200,-13]],[[62010,25617],[-253,-256]],[[61757,25361],[-43,75]],[[61714,25436],[-61,112]],[[67362,25400],[-419,-228]],[[66943,25172],[-227,640]],[[66943,25172],[-555,-133]],[[66388,25039],[-185,377]],[[66203,25416],[24,349]],[[57689,25613],[-25,-466]],[[57664,25147],[-60,62]],[[57604,25209],[-45,331]],[[57559,25540],[61,168]],[[61714,25436],[-166,-555]],[[61548,24881],[-42,-87]],[[61506,24794],[-769,-152]],[[60737,24642],[-322,55]],[[60415,24697],[-124,301]],[[64857,25500],[44,-97]],[[64901,25403],[-73,-256]],[[64828,25147],[-208,-25]],[[64620,25122],[-135,50]],[[64485,25172],[-82,-87]],[[64403,25085],[-77,-40]],[[64326,25045],[-76,-185]],[[64250,24860],[68,-612]],[[64318,24248],[-110,-85]],[[64208,24163],[-326,174]],[[63882,24337],[-9,45]],[[63873,24382],[89,393]],[[63962,24775],[-54,212]],[[63908,24987],[23,96]],[[63931,25083],[-35,103]],[[63896,25186],[34,353]],[[63930,25539],[-3,2]],[[63927,25541],[-52,120]],[[65550,25386],[-72,-523]],[[65478,24863],[-396,-129]],[[65082,24734],[-94,68]],[[64988,24802],[72,643]],[[65060,25445],[59,163]],[[66203,25416],[-392,-2]],[[63927,25541],[-372,-63]],[[63555,25478],[-68,-23]],[[57895,25495],[384,-517]],[[58279,24978],[-78,-111]],[[58201,24867],[-507,-23]],[[57694,24844],[-30,303]],[[63001,25186],[-202,39]],[[62799,25225],[-24,107]],[[62214,25314],[-337,-132]],[[61877,25182],[-120,179]],[[58642,25063],[-363,-85]],[[65060,25445],[-78,-25]],[[64982,25420],[-81,-17]],[[63896,25186],[-17,65]],[[63879,25251],[3,158]],[[63882,25409],[48,130]],[[60415,24697],[-458,-258]],[[59957,24439],[-505,763]],[[63882,25409],[-100,-62]],[[63782,25347],[-151,88]],[[63631,25435],[-76,43]],[[61877,25182],[154,-204]],[[62031,24978],[-483,-97]],[[63631,25435],[38,-130]],[[63669,25305],[-285,-82]],[[62799,25225],[-164,-74]],[[62635,25151],[-283,-32]],[[62352,25119],[5,170]],[[63782,25347],[-34,-50]],[[63748,25297],[-79,8]],[[63879,25251],[-131,46]],[[64988,24802],[-15,43]],[[64973,24845],[-5,53]],[[64968,24898],[-113,233]],[[64855,25131],[0,5]],[[64855,25136],[73,109]],[[64928,25245],[54,175]],[[59957,24439],[-47,-398]],[[59910,24041],[-209,-131]],[[59701,23910],[-741,-420]],[[58960,23490],[-266,165]],[[58694,23655],[-202,394]],[[58492,24049],[427,222],[-84,828]],[[66388,25039],[-41,-31]],[[66347,25008],[-171,-79]],[[66176,24929],[-279,42]],[[65897,24971],[-153,387]],[[64928,25245],[-27,158]],[[64855,25136],[-27,11]],[[62352,25119],[-287,-267]],[[62065,24852],[-34,126]],[[65897,24971],[-419,-108]],[[63896,25186],[-4,-10]],[[63892,25176],[-179,-138]],[[63713,25038],[-232,-337]],[[63481,24701],[-201,380]],[[67348,25156],[-346,-323]],[[67002,24833],[-655,175]],[[63481,24701],[-92,-114]],[[63389,24587],[-396,-387]],[[62993,24200],[-350,-45]],[[62643,24155],[-71,102]],[[62572,24257],[294,368],[-231,526]],[[62572,24257],[-414,318]],[[62158,24575],[-93,277]],[[63931,25083],[-39,93]],[[58492,24049],[-194,533]],[[58298,24582],[-97,285]],[[63908,24987],[-195,51]],[[64485,25172],[-44,-109]],[[64441,25063],[-38,22]],[[64620,25122],[22,-243]],[[64642,24879],[101,-123]],[[64743,24756],[230,89]],[[65082,24734],[-98,-81]],[[64984,24653],[-206,-25]],[[64778,24628],[-337,435]],[[64855,25131],[-213,-252]],[[64968,24898],[-225,-142]],[[64778,24628],[-196,-210]],[[64582,24418],[-264,-170]],[[64250,24860],[160,100],[-84,85]],[[58298,24582],[-525,-55]],[[57773,24527],[-31,-29]],[[57742,24498],[-159,230]],[[57583,24728],[111,116]],[[63962,24775],[-310,-425]],[[63652,24350],[-263,237]],[[62158,24575],[-544,-236]],[[61614,24339],[-108,455]],[[66176,24929],[-118,-194]],[[66058,24735],[-678,-242]],[[65380,24493],[-375,-329]],[[65005,24164],[-109,61]],[[64896,24225],[-70,102]],[[64826,24327],[158,326]],[[61614,24339],[-188,-303]],[[61426,24036],[-134,-95]],[[61292,23941],[-555,701]],[[67002,24833],[-944,-98]],[[61292,23941],[-423,-187]],[[60869,23754],[-550,-269]],[[60319,23485],[-107,108]],[[60212,23593],[-302,448]],[[63873,24382],[-221,-32]],[[58694,23655],[-334,-388]],[[58360,23267],[-587,1260]],[[67249,24785],[44,-481],[-384,70],[340,411]],[[64826,24327],[-244,91]],[[63882,24337],[-393,-312]],[[63489,24025],[-333,149]],[[63156,24174],[-163,26]],[[62643,24155],[-278,-145]],[[62365,24010],[-669,-120]],[[61696,23890],[-270,146]],[[65380,24493],[-97,-331],[-278,2]],[[64896,24225],[-87,-64]],[[64809,24161],[-460,11]],[[64349,24172],[-129,-28]],[[64220,24144],[-12,19]],[[64220,24144],[-156,-340]],[[64064,23804],[-399,-264]],[[63665,23540],[-125,152],[8,123],[-55,18],[-22,38]],[[63471,23871],[18,154]],[[64809,24161],[-506,-224]],[[64303,23937],[46,235]],[[63471,23871],[-66,-43],[-44,-40],[-33,-58],[-49,-53]],[[63279,23677],[-415,-402]],[[62864,23275],[-160,63]],[[62704,23338],[452,836]],[[62704,23338],[-537,-59]],[[62167,23279],[198,731]],[[62167,23279],[-283,-23]],[[61884,23256],[-259,77]],[[61625,23333],[71,557]],[[64303,23937],[-239,-133]],[[60212,23593],[-394,-171]],[[59818,23422],[-91,5]],[[59727,23427],[-26,483]],[[61625,23333],[-488,-392]],[[61137,22941],[-268,813]],[[59727,23427],[-767,63]],[[63665,23540],[-450,-463]],[[63215,23077],[-15,-10],[-21,6],[-17,81],[1,30],[-17,60]],[[63146,23244],[-1,41],[31,8],[104,67],[-10,100],[34,52],[14,15],[41,74],[4,26],[-28,-8],[-56,58]],[[61137,22941],[-163,-178]],[[60974,22763],[-485,-556]],[[60489,22207],[-371,368]],[[60118,22575],[201,910]],[[59818,23422],[-481,-865]],[[59337,22557],[-226,6]],[[59111,22563],[-748,598]],[[58363,23161],[-4,29]],[[58359,23190],[1,77]],[[63146,23244],[-4,15],[-2,-16],[-276,32]],[[60118,22575],[-168,-163]],[[59950,22412],[-613,145]],[[61884,23256],[-112,-617]],[[61772,22639],[-427,-5]],[[61345,22634],[-371,129]],[[63215,23077],[-1598,-1219]],[[61617,21858],[-79,438]],[[61538,22296],[234,343]],[[59111,22563],[-488,-12]],[[58623,22551],[-260,610]],[[61345,22634],[-63,-356]],[[61282,22278],[-609,-472]],[[60673,21806],[-184,401]],[[61538,22296],[-256,-18]],[[60673,21806],[-68,-86]],[[60605,21720],[-713,-220]],[[59892,21500],[-90,207]],[[59802,21707],[75,218]],[[59877,21925],[73,487]],[[61617,21858],[-714,-964]],[[60903,20894],[-298,826]],[[85694,60975],[255,-79]],[[85949,60896],[118,-112]],[[86067,60784],[405,-254]],[[86472,60530],[-399,-74],[-285,-668]],[[85788,59788],[-84,400]],[[85704,60188],[-105,614]],[[85599,60802],[95,173]],[[86472,60530],[13,-28]],[[86485,60502],[456,-219]],[[86941,60283],[-376,-553],[-476,-134]],[[86089,59596],[-44,-8]],[[86045,59588],[-257,200]],[[86941,60283],[382,-226]],[[87323,60057],[157,-201]],[[87480,59856],[-482,-394]],[[86998,59462],[-909,134]],[[87480,59856],[220,-52]],[[87700,59804],[400,-303]],[[88100,59501],[-250,-78]],[[87850,59423],[-392,-186]],[[87458,59237],[-226,-29]],[[87232,59208],[-234,254]],[[86998,59462],[-854,-144]],[[86144,59318],[-99,270]],[[87850,59423],[-24,-218]],[[87826,59205],[-205,-52]],[[87621,59153],[-163,84]],[[88100,59501],[-2,-117]],[[88098,59384],[-272,-179]],[[87232,59208],[-44,-148]],[[87188,59060],[-168,-108]],[[87020,58952],[-30,-105]],[[86990,58847],[-426,150]],[[86564,58997],[-397,163]],[[86167,59160],[-23,158]],[[88098,59384],[5,-28]],[[88103,59356],[74,-158]],[[88177,59198],[-92,-241]],[[88085,58957],[-464,196]],[[88177,59198],[84,-36]],[[88261,59162],[-176,-205]],[[87621,59153],[-59,-454]],[[87562,58699],[-216,279]],[[87346,58978],[-158,82]],[[88261,59162],[75,-87]],[[88336,59075],[-1,-18]],[[88335,59057],[-52,-118]],[[88283,58939],[-157,25]],[[88126,58964],[-41,-7]],[[86564,58997],[21,-319]],[[86585,58678],[-365,-338]],[[86220,58340],[-223,-11]],[[85997,58329],[217,471]],[[86214,58800],[-47,360]],[[88126,58964],[-20,-161]],[[88106,58803],[-158,-42]],[[87948,58761],[-40,-64]],[[87908,58697],[-260,-99]],[[87648,58598],[-86,101]],[[88335,59057],[282,-228]],[[88617,58829],[45,-21]],[[88662,58808],[-241,-24]],[[88421,58784],[-44,-32]],[[88377,58752],[-53,97]],[[88324,58849],[-41,90]],[[87346,58978],[31,-161]],[[87377,58817],[-239,-210]],[[87138,58607],[-118,345]],[[86990,58847],[-2,-318]],[[86988,58529],[-351,-95]],[[86637,58434],[-52,244]],[[87648,58598],[12,-90]],[[87660,58508],[-283,309]],[[87138,58607],[-36,-282]],[[87102,58325],[-114,204]],[[88324,58849],[-149,-154]],[[88175,58695],[-69,108]],[[88662,58808],[174,33]],[[88836,58841],[137,-427]],[[88973,58414],[-100,-217]],[[88873,58197],[-255,315]],[[88618,58512],[-197,272]],[[88377,58752],[-213,-263]],[[88164,58489],[-29,41]],[[88135,58530],[40,165]],[[87660,58508],[-55,-155]],[[87605,58353],[-181,-350]],[[87424,58003],[1,-45]],[[87425,57958],[-99,84]],[[87326,58042],[-162,151]],[[87164,58193],[-62,132]],[[88135,58530],[-187,231]],[[88618,58512],[-115,-547]],[[88503,57965],[-75,56]],[[88428,58021],[-264,468]],[[88164,58489],[-85,-119]],[[88079,58370],[-171,327]],[[88079,58370],[-198,-484]],[[87881,57886],[-142,79]],[[87739,57965],[-134,388]],[[86637,58434],[158,-281]],[[86795,58153],[-143,-201]],[[86652,57952],[-260,118]],[[86392,58070],[-117,183]],[[86275,58253],[-55,87]],[[87164,58193],[-182,-99]],[[86982,58094],[-187,59]],[[88873,58197],[22,-14]],[[88895,58183],[222,-96]],[[89117,58087],[-444,-227]],[[88673,57860],[-170,105]],[[88428,58021],[-314,-249]],[[88114,57772],[-233,114]],[[88973,58414],[177,-39]],[[89150,58375],[-255,-192]],[[89150,58375],[214,-220]],[[89364,58155],[-247,-68]],[[87739,57965],[-50,-68]],[[87689,57897],[-265,106]],[[86275,58253],[-37,-244]],[[86238,58009],[-264,140]],[[85974,58149],[9,122]],[[85983,58271],[14,58]],[[86392,58070],[-65,-287]],[[86327,57783],[-31,5]],[[86296,57788],[-58,221]],[[87326,58042],[-115,-12]],[[87211,58030],[-84,-128]],[[87127,57902],[-145,192]],[[87127,57902],[-28,-175]],[[87099,57727],[-172,-261]],[[86927,57466],[-211,367]],[[86716,57833],[-64,119]],[[86296,57788],[-493,-356]],[[85803,57432],[-230,-29]],[[85573,57403],[15,256]],[[85588,57659],[4,73]],[[85592,57732],[382,417]],[[87425,57958],[6,-136]],[[87431,57822],[-83,17]],[[87348,57839],[-137,191]],[[86716,57833],[-226,-4]],[[86490,57829],[-55,-39]],[[86435,57790],[-108,-7]],[[87348,57839],[-121,-121]],[[87227,57718],[-128,9]],[[88673,57860],[-441,-266]],[[88232,57594],[-42,10]],[[88190,57604],[-75,159]],[[88115,57763],[-1,9]],[[87689,57897],[1,-33]],[[87690,57864],[-182,-240]],[[87508,57624],[-77,198]],[[87881,57886],[-5,-91]],[[87876,57795],[133,-108]],[[88009,57687],[-282,-71]],[[87727,57616],[-37,248]],[[88115,57763],[-23,-10]],[[88092,57753],[-216,42]],[[85588,57659],[-537,-338]],[[85051,57321],[-77,39]],[[84974,57360],[81,547]],[[85055,57907],[125,-18]],[[85180,57889],[412,-157]],[[87727,57616],[-50,-89]],[[87677,57527],[-169,97]],[[86927,57466],[-138,-141]],[[86789,57325],[-88,137]],[[86701,57462],[-211,367]],[[87508,57624],[-202,-63]],[[87306,57561],[-79,157]],[[86435,57790],[266,-328]],[[86789,57325],[-12,-245]],[[86777,57080],[-175,-32]],[[86602,57048],[-231,-183]],[[86371,56865],[-568,567]],[[88092,57753],[-83,-66]],[[88190,57604],[-414,-349]],[[87776,57255],[11,41]],[[87787,57296],[-56,123]],[[87731,57419],[-54,108]],[[87306,57561],[-181,-125]],[[87125,57436],[-198,30]],[[85573,57403],[393,-689]],[[85966,56714],[-335,-300]],[[85631,56414],[-265,-241]],[[85366,56173],[-315,1148]],[[87731,57419],[-606,17]],[[88232,57594],[-458,-522]],[[87774,57072],[2,183]],[[87125,57436],[319,-739]],[[87444,56697],[-4,-118]],[[87440,56579],[-235,-332]],[[87205,56247],[-279,618]],[[86926,56865],[-149,215]],[[87787,57296],[-165,-118]],[[87622,57178],[-497,258]],[[87622,57178],[-178,-481]],[[86371,56865],[-208,-279]],[[86163,56586],[-197,128]],[[87774,57072],[-334,-493]],[[86926,56865],[-391,-272]],[[86535,56593],[67,455]],[[86535,56593],[-122,-89]],[[86413,56504],[-255,43]],[[86158,56547],[5,39]],[[87205,56247],[-220,-403]],[[86985,55844],[-80,-30]],[[86905,55814],[-79,86]],[[86826,55900],[-258,342]],[[86568,56242],[-33,351]],[[86158,56547],[91,-165]],[[86249,56382],[-78,-138]],[[86171,56244],[-103,-242]],[[86068,56002],[-34,-25]],[[86034,55977],[-403,437]],[[86413,56504],[-164,-122]],[[86568,56242],[-397,2]],[[86034,55977],[-260,-87]],[[85774,55890],[-396,252]],[[85378,56142],[-12,31]],[[86826,55900],[-460,106]],[[86366,56006],[-195,238]],[[86366,56006],[-120,-228]],[[86246,55778],[-178,224]],[[86905,55814],[-618,-128]],[[86287,55686],[-41,92]],[[86287,55686],[-397,16]],[[85890,55702],[-116,188]],[[55222,19081],[583,-134]],[[55805,18947],[150,-444]],[[55955,18503],[-448,-897]],[[55507,17606],[-477,399]],[[55030,18005],[21,762]],[[55051,18767],[13,14]],[[55064,18781],[158,300]],[[58972,19206],[793,19]],[[59765,19225],[25,-502]],[[59790,18723],[-528,125]],[[59262,18848],[-535,146]],[[58727,18994],[245,212]],[[56641,19193],[132,-21]],[[56773,19172],[731,-541]],[[57504,18631],[-128,-1182]],[[57376,17449],[-64,-22]],[[57312,17427],[-21,8]],[[57291,17435],[-335,1170],[-589,-108]],[[56367,18497],[-90,194]],[[56277,18691],[-78,359]],[[56199,19050],[442,143]],[[58727,18994],[-225,-309]],[[58502,18685],[-176,-170]],[[58326,18515],[-432,260]],[[57894,18775],[155,75]],[[58049,18850],[284,266]],[[58333,19116],[595,99]],[[58928,19215],[44,-9]],[[55805,18947],[222,175]],[[56027,19122],[172,-72]],[[56277,18691],[-296,-243]],[[55981,18448],[-26,55]],[[59262,18848],[163,-403]],[[59425,18445],[-228,-387]],[[59197,18058],[-363,139]],[[58834,18197],[-239,49]],[[58595,18246],[-93,439]],[[59790,18723],[-50,-701]],[[59740,18022],[-315,423]],[[55030,18005],[-200,-50]],[[54830,17955],[-220,558]],[[54610,18513],[441,254]],[[58326,18515],[118,-97]],[[58444,18418],[-618,-297]],[[57826,18121],[-63,587]],[[57763,18708],[4,24]],[[57767,18732],[127,43]],[[49155,18651],[-111,-290]],[[49044,18361],[-474,-21]],[[48570,18340],[-177,-140]],[[48393,18200],[111,453]],[[48504,18653],[566,12]],[[49070,18665],[85,-14]],[[49155,18651],[123,0]],[[49278,18651],[225,-216]],[[49503,18435],[-207,-297]],[[49296,18138],[-278,-168]],[[49018,17970],[-6,240]],[[49012,18210],[32,151]],[[54830,17955],[-121,-126]],[[54709,17829],[-925,445]],[[53784,18274],[37,30]],[[53821,18304],[171,198]],[[53992,18502],[415,152]],[[54407,18654],[203,-141]],[[56367,18497],[-28,-1319]],[[56339,17178],[-230,-15]],[[56109,17163],[-95,930]],[[56014,18093],[-33,355]],[[57504,18631],[259,77]],[[57826,18121],[26,-162]],[[57852,17959],[-277,-190]],[[57575,17769],[-199,-320]],[[58595,18246],[181,-226]],[[58776,18020],[10,-147]],[[58786,17873],[-208,-242]],[[58578,17631],[-36,-56]],[[58542,17575],[-196,44]],[[58346,17619],[-160,185]],[[58186,17804],[258,614]],[[57291,17435],[-579,-266]],[[56712,17169],[-373,9]],[[56014,18093],[-324,-700]],[[55690,17393],[-183,213]],[[49503,18435],[361,-89]],[[49864,18346],[205,16]],[[50069,18362],[23,-598]],[[50092,17764],[-32,-33]],[[50060,17731],[-349,-85]],[[49711,17646],[-292,18]],[[49419,17664],[-20,218]],[[49399,17882],[-103,256]],[[50593,18373],[219,-147]],[[50812,18226],[-316,-258]],[[50496,17968],[9,438]],[[50505,18406],[88,-33]],[[50069,18362],[202,44]],[[50271,18406],[234,0]],[[50496,17968],[82,-167]],[[50578,17801],[-486,-37]],[[49012,18210],[-442,130]],[[49018,17970],[-48,15]],[[48970,17985],[-649,-61]],[[48321,17924],[72,276]],[[58834,18197],[-58,-177]],[[58186,17804],[-334,155]],[[59740,18022],[-155,-314]],[[59585,17708],[-375,120]],[[59210,17828],[-88,-14]],[[59122,17814],[75,244]],[[50812,18226],[177,41]],[[50989,18267],[182,-101]],[[51171,18166],[-166,-502]],[[51005,17664],[-45,-67]],[[50960,17597],[-162,-31]],[[50798,17566],[-220,235]],[[54709,17829],[93,-241]],[[54802,17588],[9,-290]],[[54811,17298],[-966,363]],[[53845,17661],[-61,613]],[[51171,18166],[632,-87]],[[51803,18079],[312,-217]],[[52115,17862],[-122,-568]],[[51993,17294],[-197,138]],[[51796,17432],[-453,-83]],[[51343,17349],[-338,315]],[[49399,17882],[-388,-207]],[[49011,17675],[-41,22]],[[48970,17697],[0,288]],[[59122,17814],[-336,59]],[[56109,17163],[-52,-92]],[[56057,17071],[-367,322]],[[48970,17697],[-670,62]],[[48300,17759],[21,165]],[[56057,17071],[-96,-295]],[[55961,16776],[-150,-335]],[[55811,16441],[-685,46]],[[55126,16487],[226,796],[-550,305]],[[49419,17664],[-307,-318]],[[49112,17346],[-101,329]],[[58346,17619],[48,-435]],[[58394,17184],[-313,126]],[[58081,17310],[-506,459]],[[52115,17862],[437,-62]],[[52552,17800],[201,-677]],[[52753,17123],[-270,-261]],[[52483,16862],[-365,1]],[[52118,16863],[-216,-13]],[[51902,16850],[-86,63]],[[51816,16913],[177,381]],[[52552,17800],[688,-19]],[[53240,17781],[209,-338]],[[53449,17443],[100,-386]],[[53549,17057],[-16,-5]],[[53533,17052],[-234,-61]],[[53299,16991],[40,-359]],[[53339,16632],[12,-85]],[[53351,16547],[-359,76]],[[52992,16623],[-239,500]],[[49112,17346],[-56,-9]],[[49056,17337],[-690,-89]],[[48366,17248],[-66,511]],[[50798,17566],[-246,-320]],[[50552,17246],[-393,307]],[[50159,17553],[-99,178]],[[59210,17828],[-51,-259]],[[59159,17569],[-412,-348]],[[58747,17221],[-169,410]],[[59585,17708],[-46,-385]],[[59539,17323],[-202,70]],[[59337,17393],[-178,176]],[[50159,17553],[-84,-240]],[[50075,17313],[-248,-92]],[[49827,17221],[-164,-12]],[[49663,17209],[-10,24]],[[49653,17233],[58,413]],[[51343,17349],[50,-470]],[[51393,16879],[-181,-155]],[[51212,16724],[-76,29]],[[51136,16753],[-176,844]],[[49653,17233],[-610,7]],[[49043,17240],[13,97]],[[58081,17310],[8,-158]],[[58089,17152],[-219,-276]],[[57870,16876],[-87,-59]],[[57783,16817],[-471,610]],[[54811,17298],[-93,-251]],[[54718,17047],[-778,52]],[[53940,17099],[-80,-59]],[[53860,17040],[-311,17]],[[53449,17443],[396,218]],[[51136,16753],[-123,-248]],[[51013,16505],[-238,404]],[[50775,16909],[-223,337]],[[55126,16487],[-112,-35]],[[55014,16452],[-288,574]],[[54726,17026],[-8,21]],[[50775,16909],[-535,48]],[[50240,16957],[-105,148]],[[50135,17105],[-60,208]],[[58542,17575],[-179,-494]],[[58363,17081],[31,103]],[[58747,17221],[10,-12]],[[58757,17209],[-74,-715]],[[58683,16494],[-183,-177]],[[58500,16317],[-35,34]],[[58465,16351],[-102,730]],[[59337,17393],[-77,-45]],[[59260,17348],[-34,-263]],[[59226,17085],[-374,45]],[[58852,17130],[-95,79]],[[51816,16913],[-160,-40]],[[51656,16873],[140,559]],[[51656,16873],[-17,0]],[[51639,16873],[-246,6]],[[50135,17105],[-83,-80]],[[50052,17025],[-225,196]],[[57783,16817],[-8,-165]],[[57775,16652],[-65,-186]],[[57710,16466],[-218,-120]],[[57492,16346],[18,103]],[[57510,16449],[-218,390]],[[57292,16839],[-50,42]],[[57242,16881],[-539,-14]],[[56703,16867],[-37,117]],[[56666,16984],[46,185]],[[49043,17240],[-30,-206]],[[49013,17034],[-388,-166]],[[48625,16868],[-195,30]],[[48430,16898],[-64,350]],[[49663,17209],[4,-285]],[[49667,16924],[-63,-34]],[[49604,16890],[-106,-11]],[[49498,16879],[-226,55]],[[49272,16934],[-259,100]],[[59539,17323],[40,-106]],[[59579,17217],[-126,-106]],[[59453,17111],[-193,237]],[[50052,17025],[16,-145]],[[50068,16880],[-70,-36]],[[49998,16844],[-331,80]],[[59453,17111],[213,-36]],[[59666,17075],[-50,-217]],[[59616,16858],[-258,146]],[[59358,17004],[-132,81]],[[58363,17081],[-231,-86]],[[58132,16995],[-43,157]],[[56666,16984],[-265,-237]],[[56401,16747],[-440,29]],[[50240,16957],[-85,-146]],[[50155,16811],[-12,-3]],[[50143,16808],[-75,72]],[[59358,17004],[-174,-206]],[[59184,16798],[-332,332]],[[54726,17026],[-325,-318]],[[54401,16708],[-461,391]],[[52992,16623],[-136,-205]],[[52856,16418],[-249,103]],[[52607,16521],[-124,341]],[[59579,17217],[87,-142]],[[59184,16798],[-191,-206]],[[58993,16592],[-35,-19]],[[58958,16573],[-275,-79]],[[53299,16991],[166,-125]],[[53465,16866],[123,-101]],[[53588,16765],[37,-96]],[[53625,16669],[-286,-37]],[[54401,16708],[57,-85]],[[54458,16623],[-433,-74]],[[54025,16549],[-331,75]],[[53694,16624],[-69,45]],[[53588,16765],[272,275]],[[49272,16934],[-136,-467]],[[49136,16467],[-302,-202]],[[48834,16265],[-131,40]],[[48703,16305],[-78,563]],[[58132,16995],[-17,-233]],[[58115,16762],[-245,114]],[[53465,16866],[68,186]],[[51013,16505],[-10,-243]],[[51003,16262],[-73,-126]],[[50930,16136],[-326,-110]],[[50604,16026],[-353,293]],[[50251,16319],[-96,492]],[[55014,16452],[-289,-206]],[[54725,16246],[-224,348]],[[54501,16594],[-43,29]],[[49498,16879],[-230,-469]],[[49268,16410],[-132,57]],[[58465,16351],[-126,-97]],[[58339,16254],[-523,-237]],[[57816,16017],[-106,449]],[[57775,16652],[340,110]],[[56703,16867],[12,-156]],[[56715,16711],[-314,36]],[[48703,16305],[-116,-32]],[[48587,16273],[-262,17]],[[48325,16290],[-260,36]],[[48065,16326],[365,572]],[[49998,16844],[-118,-327]],[[49880,16517],[-130,-31]],[[49750,16486],[-146,404]],[[59616,16858],[29,-118]],[[59645,16740],[-112,-52]],[[59533,16688],[-258,-295]],[[59275,16393],[-282,199]],[[51902,16850],[-259,-273]],[[51643,16577],[-54,65]],[[51589,16642],[50,231]],[[52607,16521],[-186,-99]],[[52421,16422],[-303,441]],[[49750,16486],[-250,-219]],[[49500,16267],[-294,-52]],[[49206,16215],[62,195]],[[51589,16642],[-377,82]],[[50143,16808],[-207,-410]],[[49936,16398],[-56,119]],[[57242,16881],[-463,-182]],[[56779,16699],[-64,12]],[[52421,16422],[135,-228]],[[52556,16194],[29,-192]],[[52585,16002],[-50,-23]],[[52535,15979],[-257,-104],[113,-224]],[[52391,15651],[35,-58]],[[52426,15593],[23,-63]],[[52449,15530],[-421,332]],[[52028,15862],[-120,0]],[[51908,15862],[-268,41]],[[51640,15903],[-80,184]],[[51560,16087],[64,192]],[[51624,16279],[19,298]],[[57292,16839],[-362,-192]],[[56930,16647],[-58,13]],[[56872,16660],[-93,39]],[[50251,16319],[-265,-120]],[[49986,16199],[-50,199]],[[57510,16449],[-295,-137]],[[57215,16312],[-36,-11]],[[57179,16301],[-249,346]],[[51624,16279],[-621,-17]],[[56872,16660],[-146,-524]],[[56726,16136],[-527,-133]],[[56199,16003],[-6,3]],[[56193,16006],[-382,435]],[[53694,16624],[21,-61]],[[53715,16563],[-34,-292]],[[53681,16271],[-276,157]],[[53405,16428],[-54,119]],[[54025,16549],[-310,14]],[[59645,16740],[81,-264]],[[59726,16476],[-49,31]],[[59677,16507],[-144,181]],[[53405,16428],[-243,-306]],[[53162,16122],[-229,91]],[[52933,16213],[-94,52]],[[52839,16265],[17,153]],[[57179,16301],[-125,-234]],[[57054,16067],[-3,-2]],[[57051,16065],[-72,-60]],[[56979,16005],[-253,131]],[[54501,16594],[-225,-477],[-504,22]],[[53772,16139],[-34,42]],[[53738,16181],[-57,90]],[[59677,16507],[-145,-207]],[[59532,16300],[-32,-25]],[[59500,16275],[-246,-30]],[[59254,16245],[-27,51]],[[59227,16296],[48,97]],[[54725,16246],[178,-606]],[[54903,15640],[-400,-390]],[[54503,15250],[-62,-168]],[[54441,15082],[-1102,107]],[[53339,15189],[-269,78]],[[53070,15267],[-117,224]],[[52953,15491],[76,390]],[[53029,15881],[8,95]],[[53037,15976],[157,36]],[[53194,16012],[578,127]],[[59227,16296],[-159,-120]],[[59068,16176],[-299,-175]],[[58769,16001],[93,282]],[[58862,16283],[96,290]],[[52839,16265],[-283,-71]],[[56193,16006],[-698,-465]],[[55495,15541],[-184,-114]],[[55311,15427],[-408,213]],[[58862,16283],[-362,34]],[[53738,16181],[-558,-65]],[[53180,16116],[-18,6]],[[57492,16346],[140,-367]],[[57632,15979],[-340,-40]],[[57292,15939],[-26,116]],[[57266,16055],[-51,257]],[[59726,16476],[9,-213]],[[59735,16263],[-203,37]],[[57816,16017],[-104,-111]],[[57712,15906],[-80,73]],[[51560,16087],[-352,-60]],[[51208,16027],[-259,58]],[[50949,16085],[-19,51]],[[58769,16001],[-461,-126]],[[58308,15875],[3,195]],[[58311,16070],[28,184]],[[52839,16265],[-167,-313]],[[52672,15952],[-87,50]],[[52933,16213],[104,-237]],[[53029,15881],[-290,-53]],[[52739,15828],[-67,124]],[[57266,16055],[-212,12]],[[59735,16263],[-48,-186]],[[59687,16077],[-187,198]],[[53180,16116],[14,-104]],[[59254,16245],[5,-498]],[[59259,15747],[-18,-17]],[[59241,15730],[-137,350]],[[59104,16080],[-36,96]],[[59687,16077],[12,-247]],[[59699,15830],[-71,-21]],[[59628,15809],[-369,-62]],[[58311,16070],[-530,-310]],[[57781,15760],[-46,135]],[[57735,15895],[-23,11]],[[56979,16005],[-301,-348]],[[56678,15657],[-383,337]],[[56295,15994],[-96,9]],[[59104,16080],[-239,-298]],[[58865,15782],[-484,-159]],[[58381,15623],[-80,222]],[[58301,15845],[7,30]],[[52739,15828],[-8,-93]],[[52731,15735],[-305,-142]],[[52391,15651],[144,328]],[[57292,15939],[43,-248]],[[57335,15691],[-66,-10]],[[57269,15681],[-137,-6]],[[57132,15675],[-35,53]],[[57097,15728],[-46,337]],[[57097,15728],[-314,-141]],[[56783,15587],[-105,70]],[[58301,15845],[-217,-634]],[[58084,15211],[-322,332]],[[57762,15543],[19,217]],[[59241,15730],[-78,-94]],[[59163,15636],[-136,-116]],[[59027,15520],[-162,262]],[[56295,15994],[-378,-620],[-422,167]],[[56783,15587],[313,-379]],[[57096,15208],[260,-83]],[[57356,15125],[48,-16]],[[57404,15109],[-294,-563]],[[57110,14546],[-247,-162]],[[56863,14384],[-1256,-1301]],[[55607,13083],[-715,473]],[[54892,13556],[-272,526]],[[54620,14082],[487,134],[39,683]],[[55146,14899],[165,528]],[[57735,15895],[-400,-204]],[[52953,15491],[-151,24]],[[52802,15515],[-71,220]],[[57762,15543],[120,-298]],[[57882,15245],[-218,-97]],[[57664,15148],[-260,-39]],[[57356,15125],[-61,385]],[[57295,15510],[-26,171]],[[58381,15623],[-86,-212]],[[58295,15411],[44,-388]],[[58339,15023],[-223,112]],[[58116,15135],[-32,76]],[[59699,15830],[-57,-284]],[[59642,15546],[-14,263]],[[57132,15675],[-115,-216]],[[57017,15459],[79,-251]],[[52802,15515],[-200,-88]],[[52602,15427],[-104,-15]],[[52498,15412],[-49,118]],[[59642,15546],[-31,-256]],[[59611,15290],[-147,20]],[[59464,15310],[-301,326]],[[59027,15520],[-54,-44]],[[58973,15476],[-678,-65]],[[57295,15510],[-278,-51]],[[55146,14899],[-643,351]],[[59464,15310],[-495,-75]],[[58969,15235],[4,241]],[[60109,15644],[72,-245],[-351,-761],[-93,287],[126,613],[246,106]],[[58116,15135],[-234,110]],[[58969,15235],[-86,-156]],[[58883,15079],[-544,-56]],[[54441,15082],[-211,-561]],[[54230,14521],[-565,381]],[[53665,14902],[-326,287]],[[54620,14082],[-280,201]],[[54340,14283],[-110,238]],[[59611,15290],[53,-181],[-80,-83]],[[59584,15026],[-248,53]],[[59336,15079],[-205,-18]],[[59131,15061],[-234,0]],[[58897,15061],[-14,18]],[[58339,15023],[93,-250]],[[58432,14773],[-278,-321]],[[58154,14452],[-490,696]],[[58897,15061],[-184,-369]],[[58713,14692],[-281,81]],[[58154,14452],[-41,-70]],[[58113,14382],[-1003,164]],[[59584,15026],[116,-687]],[[59700,14339],[-339,288]],[[59361,14627],[-25,452]],[[59361,14627],[-235,-163]],[[59126,14464],[-90,119]],[[59036,14583],[95,478]],[[59036,14583],[-295,-124]],[[58741,14459],[-28,233]],[[58741,14459],[-81,-311]],[[58660,14148],[-568,132]],[[58092,14280],[21,102]],[[59700,14339],[-83,-141]],[[59617,14198],[-198,-304]],[[59419,13894],[-122,-10]],[[59297,13884],[-239,30]],[[59058,13914],[-48,6]],[[59010,13920],[116,544]],[[58092,14280],[-7,-72]],[[58085,14208],[-29,-32]],[[58056,14176],[-265,-370]],[[57791,13806],[-74,19]],[[57717,13825],[-440,-253]],[[57277,13572],[-414,812]],[[59010,13920],[-350,228]],[[57277,13572],[-330,-600]],[[56947,12972],[-1340,111]],[[58660,14148],[-34,-209]],[[58626,13939],[-541,269]],[[58626,13939],[72,-196]],[[58698,13743],[-68,-110]],[[58630,13633],[-362,92]],[[58268,13725],[-212,451]],[[58268,13725],[91,-262]],[[58359,13463],[-568,343]],[[59617,14198],[-38,-401]],[[59579,13797],[-160,97]],[[59058,13914],[-122,-389]],[[58936,13525],[-238,218]],[[59297,13884],[-2,-588]],[[59295,13296],[-424,-68]],[[58871,13228],[-15,144]],[[58856,13372],[80,153]],[[59579,13797],[-172,-547]],[[59407,13250],[-112,46]],[[57717,13825],[-116,-458]],[[57601,13367],[-29,-321]],[[57572,13046],[-297,-467]],[[57275,12579],[-61,-4]],[[57214,12575],[-267,397]],[[58359,13463],[30,-59]],[[58389,13404],[61,-320]],[[58450,13084],[-185,-43]],[[58265,13041],[-313,60]],[[57952,13101],[-351,266]],[[58630,13633],[-44,-196]],[[58586,13437],[-83,-204]],[[58503,13233],[-114,171]],[[58856,13372],[-270,65]],[[58871,13228],[21,-78]],[[58892,13150],[-318,23]],[[58574,13173],[-71,60]],[[58574,13173],[-124,-89]],[[57952,13101],[-146,-117]],[[57806,12984],[-234,62]],[[59407,13250],[-345,-682]],[[59062,12568],[-193,55]],[[58869,12623],[23,527]],[[58869,12623],[-206,107]],[[58663,12730],[-329,127]],[[58334,12857],[116,227]],[[58265,13041],[-162,-264],[106,-135]],[[58209,12642],[-258,-115]],[[57951,12527],[-97,7]],[[57854,12534],[-48,450]],[[58334,12857],[-125,-208]],[[58209,12649],[0,-7]],[[57854,12534],[-106,8]],[[57748,12542],[-473,37]],[[58663,12730],[-318,-214]],[[58345,12516],[-136,133]],[[59062,12568],[-729,-451]],[[58333,12117],[23,282]],[[58356,12399],[-11,117]],[[58356,12399],[-151,36]],[[58205,12435],[-254,92]],[[57192,12566],[228,-437]],[[57420,12129],[174,-143]],[[57594,11986],[-1,-2]],[[57593,11984],[-40,-145]],[[57553,11839],[-437,330]],[[57116,12169],[-232,193]],[[56884,12362],[308,204]],[[57748,12542],[-328,-413]],[[57192,12566],[22,9]],[[58205,12435],[-303,-416]],[[57902,12019],[-45,24]],[[57857,12043],[-263,-57]],[[58333,12117],[-233,-196]],[[58100,11921],[-198,98]],[[57116,12169],[-298,-227]],[[56818,11942],[-183,-103]],[[56635,11839],[2,84]],[[56637,11923],[247,439]],[[57553,11839],[-200,-248]],[[57353,11591],[-164,-8]],[[57189,11583],[-371,359]],[[57857,12043],[-264,-59]],[[58100,11921],[-506,-523]],[[57594,11398],[-241,193]],[[57189,11583],[-298,-246]],[[56891,11337],[-274,139]],[[56617,11476],[18,363]],[[57594,11398],[-315,-389]],[[57279,11009],[-388,328]],[[56891,11337],[-263,-193]],[[56628,11144],[-198,-375]],[[56430,10769],[-240,320]],[[56190,11089],[427,387]],[[57279,11009],[-131,-186]],[[57148,10823],[-520,321]],[[49986,16199],[44,-226]],[[50030,15973],[-462,61]],[[49568,16034],[-68,233]],[[49206,16215],[-14,-23]],[[49192,16192],[-48,-47]],[[49144,16145],[-310,120]],[[48325,16290],[169,-405]],[[48494,15885],[-15,-194]],[[48479,15691],[-115,-89]],[[48364,15602],[-279,40]],[[48085,15642],[-509,442]],[[47576,16084],[489,242]],[[48587,16273],[103,-123]],[[48690,16150],[6,-395]],[[48696,15755],[-202,130]],[[50604,16026],[15,-30]],[[50619,15996],[-157,-735]],[[50462,15261],[-462,19]],[[50000,15280],[-377,346]],[[49623,15626],[15,21]],[[49638,15647],[392,326]],[[49568,16034],[-133,-254]],[[49435,15780],[-98,26]],[[49337,15806],[-145,386]],[[49144,16145],[-454,5]],[[49337,15806],[-5,-15]],[[49332,15791],[-511,-177]],[[48821,15614],[-125,141]],[[51208,16027],[-25,-527]],[[51183,15500],[-181,13]],[[51002,15513],[-23,28]],[[50979,15541],[-30,544]],[[50979,15541],[-360,455]],[[48085,15642],[34,-151]],[[48119,15491],[-35,-26]],[[48084,15465],[-162,-65]],[[47922,15400],[-181,25]],[[47741,15425],[-525,351]],[[47216,15776],[360,308]],[[51640,15903],[-10,-196]],[[51630,15707],[-255,-258]],[[51375,15449],[-192,51]],[[49638,15647],[-203,133]],[[51908,15862],[-205,-189]],[[51703,15673],[-73,34]],[[51002,15513],[65,-305]],[[51067,15208],[-167,11]],[[50900,15219],[-434,36]],[[50466,15255],[-4,6]],[[48821,15614],[228,-453]],[[49049,15161],[-377,-290]],[[48672,14871],[-41,158]],[[48631,15029],[-152,662]],[[52498,15412],[-123,-143]],[[52375,15269],[-304,364]],[[52071,15633],[-43,229]],[[52071,15633],[-79,-110]],[[51992,15523],[-289,150]],[[49623,15626],[29,-366]],[[49652,15260],[-342,273]],[[49310,15533],[22,258]],[[49310,15533],[-261,-372]],[[47741,15425],[-244,-161]],[[47497,15264],[-240,74]],[[47257,15338],[-193,281]],[[47064,15619],[152,157]],[[47257,15338],[-2,-81]],[[47255,15257],[-191,-204]],[[47064,15053],[-420,481]],[[46644,15534],[420,85]],[[51992,15523],[-52,-68]],[[51940,15455],[-139,-574]],[[51801,14881],[-832,-518]],[[50969,14363],[-125,-9]],[[50844,14354],[-38,156]],[[50806,14510],[318,468]],[[51124,14978],[251,471]],[[48631,15029],[-338,46]],[[48293,15075],[114,287]],[[48407,15362],[-43,240]],[[50000,15280],[36,-22]],[[50036,15258],[-345,-143]],[[49691,15115],[-39,145]],[[48407,15362],[-288,129]],[[52375,15269],[36,-276]],[[52411,14993],[-112,-158]],[[52299,14835],[-359,620]],[[47064,15053],[-300,-78]],[[46764,14975],[-47,-8]],[[46717,14967],[-511,375]],[[46206,15342],[438,192]],[[51124,14978],[-57,230]],[[48293,15075],[-17,7]],[[48276,15082],[-192,383]],[[53070,15267],[36,-137]],[[53106,15130],[-295,-170]],[[52811,14960],[-133,84]],[[52678,15044],[-76,383]],[[48276,15082],[-90,-237]],[[48186,14845],[-98,-19]],[[48088,14826],[-207,176]],[[47881,15002],[41,398]],[[47881,15002],[-245,64]],[[47636,15066],[-139,198]],[[52299,14835],[-33,-98]],[[52266,14737],[-23,-92]],[[52243,14645],[-442,236]],[[52678,15044],[-267,-51]],[[46093,15325],[119,-312]],[[46212,15013],[-371,-70]],[[45841,14943],[-143,38]],[[45698,14981],[395,344]],[[50466,15255],[232,-665]],[[50698,14590],[108,-80]],[[50844,14354],[64,-75]],[[50908,14279],[-291,-192]],[[50617,14087],[-3,6]],[[50614,14093],[-196,343]],[[50418,14436],[-264,407]],[[50154,14843],[-118,415]],[[47636,15066],[-85,-174]],[[47551,14892],[-296,365]],[[46717,14967],[-336,-220]],[[46381,14747],[-169,266]],[[46093,15325],[113,17]],[[50900,15219],[-202,-629]],[[53665,14902],[-155,-324]],[[53510,14578],[-180,-197]],[[53330,14381],[-224,749]],[[47551,14892],[194,-110]],[[47745,14782],[29,-114]],[[47774,14668],[-331,-147]],[[47443,14521],[-484,152]],[[46959,14673],[-81,-31]],[[46878,14642],[-114,333]],[[50154,14843],[-281,-128]],[[49873,14715],[-83,19]],[[49790,14734],[-99,381]],[[53330,14381],[-482,-133]],[[52848,14248],[-100,142]],[[52748,14390],[63,570]],[[48672,14871],[-174,-528]],[[48498,14343],[-312,502]],[[48088,14826],[-343,-44]],[[52811,14960],[-158,-365]],[[52653,14595],[-387,142]],[[46381,14747],[-200,-242]],[[46181,14505],[-330,119]],[[45851,14624],[-10,319]],[[46878,14642],[-599,-222]],[[46279,14420],[-98,85]],[[45851,14624],[11,-73]],[[45862,14551],[-234,-181]],[[45628,14370],[-257,148]],[[45371,14518],[-6,76]],[[45365,14594],[333,387]],[[52748,14390],[-95,205]],[[50418,14436],[-545,279]],[[54340,14283],[-453,-758]],[[53887,13525],[-377,1053]],[[52243,14645],[23,-201]],[[52266,14444],[-338,-72]],[[51928,14372],[-959,-9]],[[48498,14343],[36,-200]],[[48534,14143],[-284,101]],[[48250,14244],[-476,424]],[[50614,14093],[-673,44]],[[49941,14137],[-155,232]],[[49786,14369],[4,365]],[[47443,14521],[162,-231]],[[47605,14290],[-219,-112]],[[47386,14178],[-427,495]],[[52848,14248],[88,-166]],[[52936,14082],[-651,147]],[[52285,14229],[-19,215]],[[47386,14178],[-88,-298]],[[47298,13880],[-507,4]],[[46791,13884],[-639,167]],[[46152,14051],[-44,22]],[[46108,14073],[-1,107]],[[46107,14180],[172,240]],[[48250,14244],[-183,-178]],[[48067,14066],[-172,-129]],[[47895,13937],[-290,353]],[[46107,14180],[-245,371]],[[46108,14073],[-347,105]],[[45761,14178],[-133,192]],[[45371,14518],[-63,-330]],[[45308,14188],[-428,201]],[[44880,14389],[485,205]],[[53887,13525],[-545,-1019]],[[53342,12506],[-381,489]],[[52961,12995],[-264,429]],[[52697,13424],[-369,204]],[[52328,13628],[88,55]],[[52416,13683],[520,399]],[[45761,14178],[-122,-107]],[[45639,14071],[-331,117]],[[52285,14229],[131,-546]],[[52328,13628],[-307,-182]],[[52021,13446],[-305,532]],[[51716,13978],[212,394]],[[49941,14137],[-302,-556]],[[49639,13581],[-294,229]],[[49345,13810],[441,559]],[[45639,14071],[-30,-307]],[[45609,13764],[-878,540]],[[44731,14304],[149,85]],[[51716,13978],[-808,301]],[[47895,13937],[-492,-606]],[[47403,13331],[-105,549]],[[54892,13556],[81,-1373]],[[54973,12183],[-319,-91]],[[54654,12092],[-605,-103]],[[54049,11989],[-82,9]],[[53967,11998],[-612,174]],[[53355,12172],[-13,334]],[[52021,13446],[4,-148]],[[52025,13298],[-947,-165],[-166,-291]],[[50912,12842],[-134,-134]],[[50778,12708],[-39,478]],[[50739,13186],[-122,901]],[[48534,14143],[79,-18]],[[48613,14125],[-121,-548]],[[48492,13577],[-160,-102]],[[48332,13475],[-265,591]],[[46152,14051],[135,-342]],[[46287,13709],[-240,-7]],[[46047,13702],[-438,62]],[[50739,13186],[-150,-147]],[[50589,13039],[-549,227]],[[50040,13266],[-116,25]],[[49924,13291],[-285,290]],[[48613,14125],[609,-389]],[[49222,13736],[-218,-128]],[[49004,13608],[-512,-31]],[[46791,13884],[-362,-413]],[[46429,13471],[-142,238]],[[48332,13475],[121,-56]],[[48453,13419],[-223,-293]],[[48230,13126],[-201,-276]],[[48029,12850],[-537,306]],[[47492,13156],[-89,175]],[[44514,13999],[64,-4],[-1,-17],[3,-10],[19,11],[-8,-47],[18,-14],[-3,-25],[17,25],[15,4],[31,3],[24,-40],[-2,-23],[-22,-47],[4,-5],[16,-2],[9,4],[-7,-29]],[[44691,13783],[-363,-688],[461,-529]],[[44789,12566],[787,-376]],[[45576,12190],[-732,-460]],[[44844,11730],[-858,-68],[-942,415],[-474,-191]],[[42570,11886],[964,1122],[290,616],[690,375]],[[47492,13156],[-79,-325]],[[47413,12831],[-759,-1213]],[[46654,11618],[-438,808]],[[46216,12426],[-131,323]],[[46085,12749],[391,560]],[[46476,13309],[-47,162]],[[49924,13291],[-190,-306]],[[49734,12985],[-756,-243]],[[48978,12742],[-86,94]],[[48892,12836],[0,152]],[[48892,12988],[112,620]],[[49222,13736],[123,74]],[[44691,13783],[16,-1],[18,-7],[29,-19],[16,10],[26,17],[26,5],[-21,-26],[-38,-17],[-23,-6],[-15,-22],[11,-13],[26,-2],[23,5],[-1,-6],[-1,-44],[33,-4],[39,43],[-1,-11],[-21,-57],[0,-1],[16,-28],[-1,-17],[-75,12],[-15,-6],[3,-11],[24,-25],[3,-1],[-3,-3],[-25,-21],[1,-5],[37,-14],[61,-13],[0,-45],[-16,12],[-38,-5],[-12,-13],[72,-17],[135,47],[31,-32],[-18,-24],[23,-46],[2,-5]],[[45038,13367],[83,-224]],[[45121,13143],[-332,-577]],[[46476,13309],[-429,393]],[[48892,12988],[-439,431]],[[52697,13424],[-34,-112]],[[52663,13312],[-336,-279]],[[52327,13033],[-187,72]],[[52140,13105],[-115,193]],[[52961,12995],[-309,78]],[[52652,13073],[11,239]],[[56637,11923],[-535,131]],[[56102,12054],[-1129,129]],[[48892,12836],[-662,290]],[[52140,13105],[-221,-449]],[[51919,12656],[-26,-122]],[[51893,12534],[-327,14]],[[51566,12548],[-654,294]],[[50040,13266],[52,-449]],[[50092,12817],[-23,-62]],[[50069,12755],[-199,-14]],[[49870,12741],[-136,244]],[[50589,13039],[-153,-345]],[[50436,12694],[-344,123]],[[52652,13073],[-51,-54]],[[52601,13019],[-274,14]],[[48029,12850],[-276,-251]],[[47753,12599],[-340,232]],[[50778,12708],[-271,-212]],[[50507,12496],[-89,97]],[[50418,12593],[18,101]],[[45121,13143],[964,-394]],[[46216,12426],[-640,-236]],[[48978,12742],[642,-664]],[[49620,12078],[-699,-581]],[[48921,11497],[-265,307]],[[48656,11804],[-903,795]],[[49870,12741],[-39,-439]],[[49831,12302],[-211,-224]],[[52601,13019],[-34,-152]],[[52567,12867],[-95,-302]],[[52472,12565],[-39,-22]],[[52433,12543],[-514,113]],[[53355,12172],[-53,-124]],[[53302,12048],[-727,-62]],[[52575,11986],[-87,274]],[[52488,12260],[358,293]],[[52846,12553],[-83,136]],[[52763,12689],[-196,178]],[[51566,12548],[-116,-533]],[[51450,12015],[-434,-401]],[[51016,11614],[-409,-552]],[[50607,11062],[-165,-266]],[[50442,10796],[-357,447]],[[50085,11243],[-180,118]],[[49905,11361],[657,351],[-55,784]],[[52763,12689],[-192,-111]],[[52571,12578],[-99,-13]],[[50418,12593],[-345,-205]],[[50073,12388],[-4,367]],[[48656,11804],[-316,-439],[-607,54],[-496,-771]],[[47237,10648],[-409,-67]],[[46828,10581],[-3,-1]],[[46825,10580],[-235,312]],[[46590,10892],[64,726]],[[50073,12388],[-242,-86]],[[52846,12553],[-275,25]],[[52433,12543],[-2,-227]],[[52431,12316],[-498,132]],[[51933,12448],[-40,86]],[[49905,11361],[-578,-10]],[[49327,11351],[-406,146]],[[51933,12448],[159,-442]],[[52092,12006],[-150,-21]],[[51942,11985],[-335,-206]],[[51607,11779],[1,-4]],[[51608,11775],[-158,240]],[[52488,12260],[-57,56]],[[52575,11986],[167,-519]],[[52742,11467],[-54,-114]],[[52688,11353],[-405,314]],[[52283,11667],[-191,339]],[[46590,10892],[-943,11]],[[45647,10903],[-845,292]],[[44802,11195],[42,535]],[[56430,10769],[-130,32]],[[56300,10801],[-568,-385]],[[55732,10416],[-609,-152]],[[55123,10264],[-132,194]],[[54991,10458],[21,169]],[[55012,10627],[-391,424]],[[54621,11051],[33,1041]],[[56102,12054],[-372,-869],[460,-96]],[[53967,11998],[-56,-173]],[[53911,11825],[-412,-313]],[[53499,11512],[-85,32]],[[53414,11544],[-148,97]],[[53266,11641],[36,407]],[[54621,11051],[-68,-98]],[[54553,10953],[-212,-80]],[[54341,10873],[-501,-87]],[[53840,10786],[-108,163]],[[53732,10949],[-35,446]],[[53697,11395],[376,180]],[[54073,11575],[-24,414]],[[53266,11641],[-524,-174]],[[44802,11195],[-503,17],[-677,-540]],[[43622,10672],[-403,279],[-569,-301],[-810,-26]],[[41840,10624],[-264,4]],[[41576,10628],[410,755],[584,503]],[[51608,11775],[33,-312]],[[51641,11463],[-182,-160]],[[51459,11303],[-294,19]],[[51165,11322],[-149,292]],[[52283,11667],[-11,-160]],[[52272,11507],[-263,46]],[[52009,11553],[-98,195]],[[51911,11748],[31,237]],[[51911,11748],[-304,31]],[[54073,11575],[-162,250]],[[53697,11395],[-198,117]],[[51165,11322],[-201,-234]],[[50964,11088],[-357,-26]],[[52009,11553],[-234,-65]],[[51775,11488],[-96,-80]],[[51679,11408],[-38,55]],[[49327,11351],[67,-517]],[[49394,10834],[9,-68]],[[49403,10766],[-587,-350]],[[48816,10416],[-108,-143]],[[48708,10273],[-554,579],[-676,-291]],[[47478,10561],[-241,87]],[[52688,11353],[-24,-127]],[[52664,11226],[-305,41]],[[52359,11267],[-87,240]],[[53414,11544],[-180,-350]],[[53234,11194],[-570,6]],[[52664,11200],[0,26]],[[52359,11267],[-34,-310]],[[52325,10957],[-139,121]],[[52186,11078],[-411,410]],[[53732,10949],[-204,-74]],[[53528,10875],[-294,120]],[[53234,10995],[0,199]],[[52186,11078],[-507,330]],[[52325,10957],[46,-200]],[[52371,10757],[-171,-116]],[[52200,10641],[-741,662]],[[50085,11243],[-691,-409]],[[52200,10641],[-38,-185]],[[52162,10456],[-374,34]],[[51788,10490],[-701,279]],[[51087,10769],[-123,319]],[[52664,11200],[-69,-255]],[[52595,10945],[-224,-188]],[[50442,10796],[-101,-340]],[[50341,10456],[-402,-135]],[[49939,10321],[-123,40],[19,-27],[2,-4],[-5,-1],[-7,-1]],[[49825,10328],[-509,261]],[[49316,10589],[87,177]],[[45647,10903],[288,-753]],[[45935,10150],[-753,-181]],[[45182,9969],[-1036,282],[-524,421]],[[53234,10995],[-349,-230]],[[52885,10765],[-98,1]],[[52787,10766],[-192,179]],[[51087,10769],[350,-750]],[[51437,10019],[-390,-379]],[[51047,9640],[-267,222]],[[50780,9862],[-439,594]],[[57148,10823],[-468,-684]],[[56680,10139],[-380,662]],[[55012,10627],[-280,-46]],[[54732,10581],[-179,372]],[[46825,10580],[-382,-199]],[[46443,10381],[-508,-231]],[[53528,10875],[-2,-65]],[[53526,10810],[-100,-1]],[[53426,10809],[-541,-44]],[[45182,9969],[49,-175]],[[45231,9794],[-383,-741]],[[44848,9053],[-832,-412]],[[44016,8641],[-1045,419]],[[42971,9060],[-493,603],[-19,556],[-619,405]],[[52787,10766],[48,-244]],[[52835,10522],[-51,-98]],[[52784,10424],[-280,-54]],[[52504,10370],[-306,-195]],[[52198,10175],[-36,281]],[[54732,10581],[-227,-160]],[[54505,10421],[-198,227]],[[54307,10648],[34,225]],[[53840,10786],[64,-287]],[[53904,10499],[-378,311]],[[54307,10648],[-245,-231]],[[54062,10417],[-149,29]],[[53913,10446],[-9,53]],[[49316,10589],[-76,-109]],[[49240,10480],[-184,-6]],[[49056,10474],[-240,-58]],[[48708,10273],[23,-317]],[[48731,9956],[-43,-408]],[[48688,9548],[-226,-67]],[[48462,9481],[-478,-251]],[[47984,9230],[-1008,167]],[[46976,9397],[47,474]],[[47023,9871],[680,254],[-225,436]],[[51788,10490],[379,-379]],[[52167,10111],[31,-191]],[[52198,9920],[26,-121]],[[52224,9799],[-390,90]],[[51834,9889],[-397,130]],[[53426,10809],[-154,-375]],[[53272,10434],[-437,88]],[[53913,10446],[-148,-224]],[[53765,10222],[-324,-169]],[[53441,10053],[-169,381]],[[47023,9871],[-411,-15]],[[46612,9856],[32,241]],[[46644,10097],[184,484]],[[42971,9060],[-1114,-375]],[[41857,8685],[-940,242],[-254,-467],[-802,68],[515,931],[1200,1169]],[[54991,10458],[-58,-71]],[[54933,10387],[-430,-4]],[[54503,10383],[2,38]],[[54503,10383],[31,-95]],[[54534,10288],[-348,-150]],[[54186,10138],[-76,-69]],[[54110,10069],[-98,12]],[[54012,10081],[50,336]],[[46644,10097],[-201,284]],[[49825,10328],[-7,-1],[-46,-39],[-259,-503]],[[49513,9785],[-410,332]],[[49103,10117],[137,363]],[[52198,10175],[-31,-64]],[[53441,10053],[55,-336]],[[53496,9717],[-6,-124]],[[53490,9593],[-602,508]],[[52888,10101],[-104,323]],[[49103,10117],[-49,15]],[[49054,10132],[2,342]],[[49054,10132],[-323,-176]],[[50780,9862],[36,-127]],[[50816,9735],[-350,-292]],[[50466,9443],[-336,111],[-191,767]],[[55123,10264],[-125,-287]],[[54998,9977],[-35,-287]],[[54963,9690],[-552,38]],[[54411,9728],[8,213]],[[54419,9941],[200,275]],[[54619,10216],[314,171]],[[52888,10101],[-169,-559]],[[52719,9542],[-495,257]],[[52198,9920],[306,450]],[[54012,10081],[-12,1]],[[54000,10082],[-207,73]],[[53793,10155],[-28,67]],[[46612,9856],[-650,-220],[-731,158]],[[55732,10416],[74,-457]],[[55806,9959],[-808,18]],[[54619,10216],[-85,72]],[[54419,9941],[-111,-30]],[[54308,9911],[-122,227]],[[51047,9640],[-231,95]],[[53793,10155],[80,-175]],[[53873,9980],[11,-244]],[[53884,9736],[-10,-64]],[[53874,9672],[-378,45]],[[49513,9785],[108,-496]],[[49621,9289],[-283,27]],[[49338,9316],[-650,232]],[[54000,10082],[-57,-82]],[[53943,10000],[-70,-20]],[[54308,9911],[-198,158]],[[53490,9593],[208,-238]],[[53698,9355],[-78,-53]],[[53620,9302],[-619,33]],[[53001,9335],[-304,-9]],[[52697,9326],[22,216]],[[54411,9728],[-292,-124]],[[54119,9604],[21,46]],[[54140,9650],[-197,350]],[[51834,9889],[32,-552]],[[51866,9337],[-126,-1235]],[[51740,8102],[-405,208]],[[51335,8310],[-689,376]],[[50646,8686],[-180,757]],[[54140,9650],[-256,86]],[[55806,9959],[-319,-923],[-432,30]],[[55055,9066],[-157,151]],[[54898,9217],[65,473]],[[52697,9326],[-124,-29]],[[52573,9297],[-707,40]],[[46976,9397],[-822,-255]],[[46154,9142],[-255,-195],[-1051,106]],[[53874,9672],[25,-65]],[[53899,9607],[126,-93]],[[54025,9514],[-10,-218]],[[54015,9296],[-317,59]],[[54898,9217],[-493,44]],[[54405,9261],[-275,3]],[[54130,9264],[-54,245]],[[54076,9509],[43,95]],[[54076,9509],[-4,1]],[[54072,9510],[-173,97]],[[54072,9510],[-47,4]],[[49338,9316],[-728,-346],[-148,511]],[[47984,9230],[-340,-670],[337,-536]],[[47981,8024],[-644,-730],[-600,372],[-551,-11]],[[46186,7655],[-77,69]],[[46109,7724],[45,1418]],[[49621,9289],[-393,-420]],[[49228,8869],[-968,-929]],[[48260,7940],[-279,84]],[[54130,9264],[-26,-11]],[[54104,9253],[-89,43]],[[52573,9297],[-833,-1195]],[[56329,9441],[-402,-1045]],[[55927,8396],[-196,673],[598,372]],[[53620,9302],[76,-213]],[[53696,9089],[-130,-466]],[[53566,8623],[-456,-577]],[[53110,8046],[-190,-85]],[[52920,7961],[-123,513]],[[52797,8474],[131,565]],[[52928,9039],[73,296]],[[54104,9253],[0,-188]],[[54104,9065],[43,-530]],[[54147,8535],[-451,554]],[[52928,9039],[-365,-32],[234,-533]],[[52920,7961],[-606,-190]],[[52314,7771],[-169,-154]],[[52145,7617],[-405,485]],[[54405,9261],[-301,-196]],[[55055,9066],[78,-395]],[[55133,8671],[-633,-296],[-353,160]],[[46109,7724],[-629,-311]],[[45480,7413],[-1457,1096]],[[44023,8509],[-7,132]],[[44023,8509],[-70,-314],[-1279,-323]],[[42674,7872],[-817,813]],[[49228,8869],[196,-779]],[[49424,8090],[-78,-799],[-374,-471]],[[48972,6820],[-56,1]],[[48916,6821],[-489,302]],[[48427,7123],[-167,817]],[[51335,8310],[2,-874],[478,-430]],[[51815,7006],[-283,0]],[[51532,7006],[-1350,-86]],[[50182,6920],[-338,4]],[[49844,6924],[99,786]],[[49943,7710],[703,976]],[[53566,8623],[144,-609]],[[53710,8014],[-600,32]],[[45480,7413],[-258,-667],[219,-686]],[[45441,6060],[-478,156],[-724,900],[-772,-613],[-129,562],[-664,807]],[[52145,7617],[-330,-611]],[[49424,8090],[519,-380]],[[49844,6924],[-321,-252]],[[49523,6672],[-551,148]],[[48427,7123],[-602,-339]],[[47825,6784],[-697,104],[-991,518],[49,249]],[[53710,8014],[-527,-1086]],[[53183,6928],[-869,843]],[[55742,7915],[-957,-1481],[-910,-951]],[[53875,5483],[-132,99]],[[53743,5582],[286,869],[802,703],[137,771]],[[54968,7925],[774,-10]],[[53183,6928],[92,-429],[-790,-492]],[[52485,6007],[-944,751]],[[51541,6758],[-9,248]],[[47825,6784],[-1661,-1137]],[[46164,5647],[-723,413]],[[48916,6821],[-537,-1082],[-179,-703]],[[48200,5036],[-386,-662]],[[47814,4374],[-355,117],[-1295,1156]],[[51541,6758],[-394,-865]],[[51147,5893],[-630,-677]],[[50517,5216],[-426,-145]],[[50091,5071],[-53,1480],[144,369]],[[50091,5071],[-32,-534]],[[50059,4537],[-764,61]],[[49295,4598],[-149,1700],[377,374]],[[49295,4598],[-1095,438]],[[52485,6007],[-439,-526]],[[52046,5481],[-899,412]],[[52046,5481],[-462,-709]],[[51584,4772],[-438,-557]],[[51146,4215],[-529,288]],[[50617,4503],[-100,713]],[[53875,5483],[-661,-579],[-80,348],[609,330]],[[50617,4503],[-263,-403],[-744,163]],[[49610,4263],[449,274]],[[49610,4263],[-479,-479]],[[49131,3784],[-729,-99]],[[48402,3685],[-588,689]],[[51584,4772],[251,-881],[-707,-1176]],[[51128,2715],[-434,-45]],[[50694,2670],[-151,807],[158,431]],[[50701,3908],[445,307]],[[50701,3908],[-379,-747],[-381,-126]],[[49941,3035],[-810,749]],[[49941,3035],[-291,-349],[-654,152],[-594,847]],[[51128,2715],[-145,-557],[-651,-1067],[-1275,-1091],[-110,1431],[917,904],[512,-238],[318,573]],[[56680,10139],[-351,-698]],[[55927,8396],[-185,-481]],[[54968,7925],[165,746]],[[33478,92221],[-40,-708],[1276,-1278],[891,-393]],[[35605,89842],[41,-2463]],[[35646,87379],[-731,-14]],[[34915,87365],[-2082,-44],[-440,-992]],[[32393,86329],[-408,-1012],[245,-415],[-546,-530],[-550,71]],[[31134,84443],[-837,857],[-1091,-688],[-181,-1389],[391,-722]],[[29416,82501],[-327,327],[-717,115],[-313,643],[-945,775],[469,1294],[-586,1021],[-322,1102],[187,1181],[-468,1096],[-453,470],[259,845],[-942,271],[-804,459]],[[24454,92100],[-233,500],[-791,-121],[-538,192]],[[22892,92671],[1883,951],[1358,-258],[709,211],[1658,-112],[372,591],[852,-726],[359,153],[785,-813],[428,-41],[127,-796],[715,493],[1006,-555],[334,452]],[[22892,92671],[24,602],[-659,1021],[-187,1433],[-497,202],[-215,785],[1117,18],[400,-500],[639,183],[477,-242],[758,289],[563,-839],[452,314],[73,716],[928,448],[811,-24],[1257,275],[103,387],[1363,386],[1289,1634],[551,240],[570,-698],[-85,-725],[-322,-496],[995,-151],[114,-640],[533,-588],[-835,-961],[-285,-2243],[251,-817],[403,-459]],[[31153,58043],[842,26],[435,13]],[[32430,58082],[-170,-597],[232,-490],[-25,-987],[395,-1210],[-908,-23],[-1503,-1211],[-112,540],[-594,77]],[[29745,54181],[-375,923]],[[29370,55104],[991,1280],[816,597],[-24,1062]],[[29370,55104],[-331,588],[-675,70]],[[28364,55762],[62,756],[498,681],[408,-280],[521,1104]],[[29853,58023],[770,12],[530,8]],[[28364,55762],[-442,155],[-339,751],[-747,431],[-590,-158],[-270,652]],[[25976,57593],[712,215],[1769,1827],[738,1685],[516,20]],[[29711,61340],[4,-5],[30,-23],[70,-26],[0,-16],[-4,-38],[-30,-72],[38,-83],[34,-14],[6,-13],[21,-148],[0,-2],[-8,-22],[-13,-12],[-15,-40],[-3,-66],[8,-17],[-27,-24],[-11,-20],[19,-8],[4,-40],[-25,-64],[0,-5],[-76,-109],[-18,-87],[-29,-207],[18,-3],[47,-15],[27,-63],[6,-3],[13,-9],[-34,-20],[-21,-116],[15,-25],[65,-108],[-12,-10],[4,-31],[8,-9],[41,-30],[24,-1],[12,-39],[15,-11],[26,-98],[18,-1],[2,-4],[28,-28],[13,-6],[-12,-15],[2,-20],[23,7],[6,-45],[-5,-40],[-21,-17],[11,-13],[3,-4],[-14,-41],[13,-153],[15,-15],[-23,-127],[-9,-19],[4,-189],[-28,-21],[-8,-40],[-4,-15],[14,-13],[44,-31],[-10,-25],[-1,-52],[0,-9],[0,-32],[3,-5],[9,-15],[9,-78],[-77,-16],[-3,-33],[-2,-55],[-16,-10],[-22,-117],[8,-9],[7,-21],[-8,-23],[24,-6],[-12,-30],[1,-77],[-13,-21],[-5,-21],[-51,-60]],[[29745,54181],[-530,-7],[-203,-743],[-671,-941],[-379,-113]],[[27962,52377],[-892,295],[-868,918],[-333,-138],[-1174,623],[-382,-286],[-1072,180],[-1060,1101],[-447,16],[-149,721],[-561,573],[-164,912],[253,418],[-474,1315],[307,687],[-132,716]],[[20814,60428],[399,-130],[2139,87],[321,-1121],[404,-194],[208,-616],[767,-182]],[[25052,58272],[73,-542],[851,-137]],[[25052,58272],[205,1477],[-376,881],[80,1269],[1059,-27],[1423,689],[-481,1061],[1081,358],[-63,296]],[[27980,64276],[359,-579],[533,-144]],[[28872,63553],[440,471]],[[29312,64024],[318,-281],[25,-3]],[[29655,63740],[-12,-1],[12,-3],[25,-9],[109,-62],[9,-17],[7,-70],[67,-109],[9,-7],[-108,-317],[-22,-56],[-40,-142],[4,-60],[78,-249],[-2,-27],[-9,-42],[-229,-27],[-11,-25],[5,-15],[18,-26],[20,10],[3,-56],[-11,-78],[-12,-85],[107,-15],[64,-103],[13,-20],[-8,-8],[-5,-5],[-1,-23],[-14,-19],[-44,-57],[11,-6],[11,-6],[78,-80],[34,-14],[-29,-60],[44,-19],[18,8],[0,-13],[6,-17],[4,-66],[12,-9],[24,-29],[-17,-88],[6,-11],[53,-31],[-48,-81],[-16,-4],[9,-33],[0,-30],[-63,-64],[-3,-5],[-47,8],[-48,-24],[-5,-3]],[[20814,60428],[-93,601],[-1868,-273],[-1096,-335]],[[17757,60421],[-451,186]],[[17306,60607],[59,63],[8,101],[638,344],[277,556],[959,78],[601,-354],[648,676],[454,161],[473,-358],[524,1109],[566,18]],[[22513,63001],[1033,132],[420,1644],[365,8],[375,965]],[[24706,65750],[1802,47],[538,-665],[705,-422],[229,-434]],[[32430,58082],[4,-2],[39,-103],[-9,-31],[23,8],[55,-49],[9,-25],[46,-66],[30,0],[74,-38],[10,52],[-7,36],[117,40],[33,-6],[9,-51],[-4,-21],[11,-9],[22,0],[18,4],[90,-29],[45,-19],[78,43],[38,-4],[120,-18],[29,19],[130,-51],[17,-20],[13,-4],[16,38],[32,-20],[29,16],[3,-52],[-7,-30],[-12,-5],[77,-108],[-35,-28],[50,-188],[6,-49],[22,-25],[12,-3],[66,-105],[-14,-15],[-2,-10],[0,-19],[2,-132],[-12,-18],[-9,-10],[-21,-13],[-140,-141],[-27,-20],[-1,-2],[-36,-26],[0,-12],[6,-2],[6,-3],[-28,-29],[-113,-115],[-15,-10],[17,-13],[-12,0],[-15,0],[17,-21],[-9,-2],[-15,-2],[18,-22],[-17,4],[-25,-2],[-6,-18],[4,-4],[6,-6],[-2,-6],[5,-46],[-13,-11],[10,-3],[0,-29],[0,-29],[-3,-1],[-11,-1],[-9,-102],[16,-64],[-13,-14],[13,-15],[8,-14],[-7,-18],[20,-48],[2,-1],[-11,-27],[22,-34],[-14,-22],[19,1],[-4,-3],[-6,-2],[7,-20],[-8,-5],[-5,-3],[12,-2],[15,-10],[3,-5],[-8,3],[-8,-5],[-5,-7],[14,-2],[8,-37],[-18,-3],[-4,-46],[-8,-8],[35,-22],[-1,-13],[-3,-15],[3,5],[5,10],[4,-21],[18,8],[12,-31],[4,-29],[102,-41],[2,-2],[9,3],[68,-15],[21,-16],[30,-87],[-15,-43],[15,-10],[22,-15],[-4,-10],[-3,-7],[5,-14],[-16,-25],[2,-101],[10,-3],[13,-4],[97,-118],[1,0],[28,-47],[45,-193],[-11,-19],[-13,-23],[52,-153],[171,-148],[106,-96]],[[34119,54582],[-26,-8],[-76,-92],[-2,-2],[-49,-112],[-3,-10],[0,-4],[-2,-100],[-37,-36],[-100,14],[-4,-7],[-19,-15],[-55,-40],[-25,-12],[-163,-140],[-12,-13],[-3,-15],[-30,-91],[-70,-46],[8,-32],[5,-40],[-34,-63],[-26,-167],[11,-37],[19,-176],[-10,-73],[1,-9],[-28,-185],[-17,-22],[-71,-126],[-79,-5],[-31,1],[-5,-4],[-11,-20],[-4,-15],[-17,-13],[-17,-38],[-19,-68],[-59,-31],[-10,-28],[-26,-33],[-50,-50],[-13,-47],[0,-1],[13,-12],[-5,-6],[-3,-4],[13,-16],[-6,-14],[9,-23],[-4,-11],[-6,-13],[29,-24],[-63,-86],[-23,-32],[-30,-74],[-25,-104],[-3,-2],[-13,-38],[-30,-2],[0,-15],[-41,-129],[0,-69],[-18,-57],[14,-74],[6,-13],[-17,-18],[-43,-107],[-3,-1],[-2,-6],[-21,-9],[-4,0],[-256,-136],[-36,-67],[-76,-67],[-77,-25],[-44,1],[-24,-26],[-2,-2],[-15,-29],[0,-15],[-10,9],[-90,-84],[-3,-3],[-33,-90],[8,-16],[2,-3],[-6,-3],[-40,-39],[16,-23],[2,-5]],[[32000,50989],[-727,520],[-1061,-207],[-852,17],[-680,715],[-718,343]],[[88160,73057],[223,-289]],[[88383,72768],[38,-174]],[[88421,72594],[-734,366]],[[87687,72960],[473,97]],[[90905,72239],[482,5]],[[91387,72244],[-148,-447]],[[91239,71797],[-319,-72]],[[90920,71725],[-183,57]],[[90737,71782],[168,457]],[[89427,72340],[710,-41]],[[90137,72299],[92,-468]],[[90229,71831],[-190,-293]],[[90039,71538],[-175,-71]],[[89864,71467],[-481,675]],[[89383,72142],[44,198]],[[90137,72299],[262,-101]],[[90399,72198],[49,-482]],[[90448,71716],[-219,115]],[[91387,72244],[262,-56]],[[91649,72188],[-122,-342]],[[91527,71846],[-288,-49]],[[90737,71782],[-289,-66]],[[90399,72198],[506,41]],[[91649,72188],[952,-564]],[[92601,71624],[-93,-163]],[[92508,71461],[-853,-252]],[[91655,71209],[-140,389]],[[91515,71598],[12,248]],[[89864,71467],[-564,372]],[[89300,71839],[83,303]],[[86814,72133],[858,-312],[280,-456]],[[87952,71365],[-358,-341]],[[87594,71024],[-325,165]],[[87269,71189],[-129,418]],[[87140,71607],[-610,42]],[[86530,71649],[198,287]],[[86728,71936],[78,184]],[[86806,72120],[8,13]],[[91515,71598],[-481,-221]],[[91034,71377],[-114,348]],[[90448,71716],[101,-392]],[[90549,71324],[-149,-622]],[[90400,70702],[-453,288]],[[89947,70990],[92,548]],[[91034,71377],[60,-185]],[[91094,71192],[-176,161]],[[90918,71353],[-369,-29]],[[89864,71467],[-794,30]],[[89070,71497],[4,61]],[[89074,71558],[226,281]],[[92601,71624],[268,-674]],[[92869,70950],[-590,110]],[[92279,71060],[229,401]],[[91655,71209],[104,-33]],[[91759,71176],[-95,-404]],[[91664,70772],[-390,2]],[[91274,70774],[-180,418]],[[92279,71060],[-28,-21]],[[92251,71039],[-380,111]],[[91871,71150],[-112,26]],[[89947,70990],[-517,228]],[[89430,71218],[-411,217]],[[89019,71435],[51,62]],[[87140,71607],[-108,-577]],[[87032,71030],[-197,-694]],[[86835,70336],[-391,-43]],[[86444,70293],[-25,89]],[[86419,70382],[43,386]],[[86462,70768],[-368,32]],[[86094,70800],[-52,200]],[[86042,71000],[470,584]],[[86512,71584],[18,65]],[[87269,71189],[-237,-159]],[[89430,71218],[-75,-504]],[[89355,70714],[-210,-126]],[[89145,70588],[-251,130]],[[88894,70718],[125,717]],[[90918,71353],[-23,-632]],[[90895,70721],[-140,-460]],[[90755,70261],[-319,-90]],[[90436,70171],[-96,69]],[[90340,70240],[60,462]],[[91094,71192],[-199,-471]],[[87952,71365],[310,-39]],[[88262,71326],[180,-490]],[[88442,70836],[-334,-76]],[[88108,70760],[-585,-36]],[[87523,70724],[71,300]],[[91871,71150],[60,-643]],[[91931,70507],[-267,265]],[[91274,70774],[-84,-204]],[[91190,70570],[-295,151]],[[92869,70950],[50,-247]],[[92919,70703],[-339,-279]],[[92580,70424],[-206,2]],[[92374,70426],[-238,96]],[[92136,70522],[115,517]],[[92136,70522],[-205,-15]],[[90340,70240],[-985,474]],[[87523,70724],[-1,-408]],[[87522,70316],[-346,-190]],[[87176,70126],[-123,119]],[[87053,70245],[-218,91]],[[91931,70507],[-82,0]],[[91849,70507],[-278,2]],[[91571,70509],[-382,0]],[[91189,70509],[1,61]],[[92919,70703],[35,-338]],[[92954,70365],[-176,106]],[[92778,70471],[-198,-47]],[[88442,70836],[78,-476]],[[88520,70360],[-412,400]],[[91189,70509],[24,-180]],[[91213,70329],[-292,-94]],[[90921,70235],[-166,26]],[[86462,70768],[-283,-251]],[[86179,70517],[-85,283]],[[88520,70360],[-326,-450]],[[88194,69910],[-547,-82]],[[87647,69828],[145,131]],[[87792,69959],[-270,357]],[[90340,70240],[-412,-435]],[[89928,69805],[-511,-117]],[[89417,69688],[-433,136]],[[88984,69824],[-158,211]],[[88826,70035],[319,553]],[[88826,70035],[-150,327]],[[88676,70362],[218,356]],[[86179,70517],[23,-10]],[[86202,70507],[-292,-212]],[[85910,70295],[-48,96]],[[85862,70391],[232,409]],[[86419,70382],[-108,80]],[[86311,70462],[-109,45]],[[92374,70426],[-115,-242]],[[92259,70184],[-123,-124]],[[92136,70060],[-239,250]],[[91897,70310],[-48,197]],[[92954,70365],[98,-397]],[[93052,69968],[-303,125]],[[92749,70093],[4,64]],[[92753,70157],[25,314]],[[91897,70310],[-154,-490]],[[91743,69820],[-212,-76]],[[91531,69744],[-119,191]],[[91412,69935],[-38,85]],[[91374,70020],[197,489]],[[92753,70157],[-494,27]],[[91374,70020],[-51,40]],[[91323,70060],[-110,269]],[[86444,70293],[-29,-64]],[[86415,70229],[-179,19]],[[86236,70248],[-102,-48]],[[86134,70200],[177,262]],[[86134,70200],[-187,-48]],[[85947,70152],[-25,107]],[[85922,70259],[-12,36]],[[92136,70060],[-110,-114]],[[92026,69946],[-162,-81]],[[91864,69865],[-121,-45]],[[91323,70060],[-248,-19]],[[91075,70041],[-154,194]],[[88520,70360],[156,2]],[[88984,69824],[-254,-356]],[[88730,69468],[-304,-121]],[[88426,69347],[-194,188]],[[88232,69535],[-43,80]],[[88189,69615],[5,295]],[[90436,70171],[-178,-613]],[[90258,69558],[-311,63]],[[89947,69621],[-19,184]],[[91075,70041],[-115,-368]],[[90960,69673],[-44,-25]],[[90916,69648],[-43,-38]],[[90873,69610],[-398,-101]],[[90475,69509],[-123,-137]],[[90352,69372],[-94,186]],[[92749,70093],[-82,-283]],[[92667,69810],[-191,-59]],[[92476,69751],[-403,-127]],[[92073,69624],[-45,-54]],[[92028,69570],[-2,376]],[[85922,70259],[-195,-204]],[[85727,70055],[-103,131]],[[85624,70186],[203,169]],[[85827,70355],[35,36]],[[87792,69959],[-584,72]],[[87208,70031],[-32,95]],[[86835,70336],[-92,-241]],[[86743,70095],[-21,-168]],[[86722,69927],[-17,-38]],[[86705,69889],[-119,6]],[[86586,69895],[-225,214]],[[86361,70109],[54,120]],[[87053,70245],[-87,-306]],[[86966,69939],[-223,156]],[[93052,69968],[61,-246]],[[93113,69722],[-295,92]],[[92818,69814],[-151,-4]],[[87208,70031],[65,-350]],[[87273,69681],[-205,-101]],[[87068,69580],[-191,27]],[[86877,69607],[55,201]],[[86932,69808],[34,131]],[[91412,69935],[-232,-150]],[[91180,69785],[-220,-112]],[[86236,70248],[75,-154]],[[86311,70094],[-203,-222]],[[86108,69872],[-161,280]],[[86108,69872],[-36,-55]],[[86072,69817],[-345,238]],[[86361,70109],[-50,-15]],[[86072,69817],[-33,-91]],[[86039,69726],[-23,-113]],[[86016,69613],[-270,-18]],[[85746,69595],[-166,140]],[[85580,69735],[-57,269]],[[85523,70004],[101,182]],[[92028,69570],[-11,-23]],[[92017,69547],[-153,318]],[[86586,69895],[-99,-66]],[[86487,69829],[-93,-121]],[[86394,69708],[-355,18]],[[86932,69808],[-210,119]],[[91531,69744],[-115,-138]],[[91416,69606],[-236,179]],[[93113,69722],[24,-451]],[[93137,69271],[-142,31]],[[92995,69302],[-167,-42]],[[92828,69260],[-10,554]],[[87647,69828],[-374,-147]],[[92017,69547],[-45,-42]],[[91972,69505],[-441,239]],[[92828,69260],[-159,-86]],[[92669,69174],[-77,45]],[[92592,69219],[-74,24]],[[92518,69243],[-92,351]],[[92426,69594],[50,157]],[[85367,69985],[-55,-162]],[[85312,69823],[-241,80]],[[85071,69903],[296,82]],[[85580,69735],[-59,-16]],[[85521,69719],[-203,-79]],[[85318,69640],[-57,47]],[[85261,69687],[51,136]],[[85367,69985],[156,19]],[[92426,69594],[-302,-82]],[[92124,69512],[-38,-14]],[[92086,69498],[-13,126]],[[89417,69688],[-224,-503]],[[89193,69185],[-36,-36]],[[89157,69149],[-367,220]],[[88790,69369],[-60,99]],[[91416,69606],[-252,-187]],[[91164,69419],[-248,229]],[[86877,69607],[-171,-138]],[[86706,69469],[-14,6]],[[86692,69475],[-39,74]],[[86653,69549],[-2,162]],[[86651,69711],[54,178]],[[89947,69621],[-458,-35]],[[89489,69586],[-72,102]],[[91531,69744],[62,-440]],[[91593,69304],[-339,-442]],[[91254,68862],[-90,557]],[[91972,69505],[-379,-201]],[[86651,69711],[-164,118]],[[85261,69687],[-217,-338]],[[85044,69349],[-51,-34]],[[84993,69315],[-225,-62]],[[84768,69253],[151,451]],[[84919,69704],[152,199]],[[86653,69549],[-259,159]],[[92518,69243],[-72,66]],[[92446,69309],[-119,70]],[[92327,69379],[-203,133]],[[92086,69498],[-30,-259]],[[92056,69239],[-50,-19]],[[92006,69220],[-259,29]],[[91747,69249],[-154,55]],[[91254,68862],[-294,-158]],[[90960,68704],[-328,298]],[[90632,69002],[-41,106]],[[90591,69108],[17,155]],[[90608,69263],[265,347]],[[89489,69586],[6,-415]],[[89495,69171],[-302,14]],[[90352,69372],[-82,-290]],[[90270,69082],[-140,14]],[[90130,69096],[-404,-202]],[[89726,68894],[-231,277]],[[90608,69263],[-133,246]],[[85746,69595],[-214,-145]],[[85532,69450],[-11,135]],[[85521,69585],[0,134]],[[86692,69475],[-263,-43]],[[86429,69432],[-182,33]],[[86247,69465],[-255,25]],[[85992,69490],[24,123]],[[85521,69585],[-225,10]],[[85296,69595],[22,45]],[[92327,69379],[-271,-140]],[[88232,69535],[-338,-550]],[[87894,68985],[-145,-108]],[[87749,68877],[-170,10]],[[87579,68887],[-8,114]],[[87571,69001],[400,502]],[[87971,69503],[218,112]],[[85296,69595],[-138,-172]],[[85158,69423],[-114,-74]],[[85992,69490],[-59,-163]],[[85933,69327],[-84,-132]],[[85849,69195],[-318,-23]],[[85531,69172],[1,278]],[[90591,69108],[-313,-36]],[[90278,69072],[-8,10]],[[88426,69347],[-345,-475]],[[88081,68872],[-187,113]],[[85532,69450],[-234,-140]],[[85298,69310],[-140,113]],[[92446,69309],[-147,-240]],[[92299,69069],[-77,74]],[[92222,69143],[-216,77]],[[88790,69369],[48,-491]],[[88838,68878],[-219,-258]],[[88619,68620],[28,-150]],[[88647,68470],[-162,-329]],[[88485,68141],[-83,-55]],[[88402,68086],[-407,340]],[[87995,68426],[-93,86]],[[87902,68512],[179,360]],[[93137,69271],[4,-73]],[[93141,69198],[-46,-10]],[[93095,69188],[-100,114]],[[93095,69188],[-95,-76]],[[93000,69112],[-331,62]],[[92518,69243],[-12,-169]],[[92506,69074],[-180,-55]],[[92326,69019],[-27,50]],[[86706,69469],[-165,-200]],[[86541,69269],[-112,163]],[[86247,69465],[-314,-138]],[[91747,69249],[81,-297]],[[91828,68952],[-34,-34]],[[91794,68918],[-86,-63]],[[91708,68855],[-152,-116]],[[91556,68739],[-237,81]],[[91319,68820],[-65,42]],[[86541,69269],[-16,-22]],[[86525,69247],[-235,-158]],[[86290,69089],[-226,-181]],[[86064,68908],[-138,-23]],[[85926,68885],[-77,310]],[[89157,69149],[-67,-417]],[[89090,68732],[-252,146]],[[92592,69219],[-9,-550]],[[92583,68669],[-267,53]],[[92316,68722],[66,168]],[[92382,68890],[124,184]],[[85531,69172],[-52,11]],[[85479,69183],[-181,127]],[[92222,69143],[-394,-191]],[[93141,69198],[129,-277]],[[93270,68921],[-23,8]],[[93247,68929],[-192,12]],[[93055,68941],[-57,-34]],[[92998,68907],[2,205]],[[92669,69174],[102,-382]],[[92771,68792],[-94,-52]],[[92677,68740],[-94,-71]],[[85479,69183],[-161,-152]],[[85318,69031],[-325,284]],[[92998,68907],[-227,-115]],[[89726,68894],[-70,-137]],[[89656,68757],[-405,-332]],[[89251,68425],[-177,187]],[[89074,68612],[16,120]],[[92326,69019],[56,-129]],[[92316,68722],[-265,-30]],[[92051,68692],[-257,226]],[[90632,69002],[96,-246]],[[90728,68756],[-503,113]],[[90225,68869],[53,203]],[[93247,68929],[-112,-145],[-80,157]],[[90960,68704],[-49,-100]],[[90911,68604],[-178,147]],[[90733,68751],[-5,5]],[[85926,68885],[-103,-102]],[[85823,68783],[-263,106]],[[85560,68889],[-16,-3]],[[85544,68886],[-13,286]],[[85544,68886],[-106,-3]],[[85438,68883],[-120,148]],[[93270,68921],[-15,-73]],[[93255,68848],[-203,-487]],[[93052,68361],[-151,-123]],[[92901,68238],[-224,502]],[[92051,68692],[-72,-68]],[[91979,68624],[-255,81]],[[91724,68705],[-16,150]],[[93255,68848],[142,-460]],[[93397,68388],[-345,-27]],[[87902,68512],[-153,365]],[[91724,68705],[14,-96]],[[91738,68609],[-260,-76]],[[91478,68533],[78,206]],[[91319,68820],[30,-286]],[[91349,68534],[-48,13]],[[91301,68547],[-390,57]],[[90733,68751],[-214,-11]],[[90519,68740],[-117,6]],[[90402,68746],[-177,123]],[[91478,68533],[-129,1]],[[89074,68612],[-455,8]],[[87995,68426],[-238,-197]],[[87757,68229],[-403,19]],[[87354,68248],[18,408]],[[87372,68656],[207,231]],[[92901,68238],[-56,24]],[[92845,68262],[-135,49]],[[92710,68311],[-147,235]],[[92563,68546],[20,123]],[[92563,68546],[-66,-230]],[[92497,68316],[-86,27]],[[92411,68343],[-146,129]],[[92265,68472],[-337,20]],[[91928,68492],[51,132]],[[89656,68757],[159,-276]],[[89815,68481],[-159,-113]],[[89656,68368],[-5,-23]],[[89651,68345],[-400,80]],[[91928,68492],[-130,93]],[[91798,68585],[-60,24]],[[92710,68311],[-213,5]],[[89251,68425],[-74,-167]],[[89177,68258],[-333,-129]],[[88844,68129],[-197,341]],[[88844,68129],[-38,-91]],[[88806,68038],[-106,-31]],[[88700,68007],[-124,-72]],[[88576,67935],[-91,206]],[[89651,68345],[-52,-209]],[[89599,68136],[-28,-415]],[[89571,67721],[-477,12]],[[89094,67733],[28,119]],[[89122,67852],[55,406]],[[88402,68086],[-84,-61]],[[88318,68025],[-475,53]],[[87843,68078],[-86,151]],[[89122,67852],[-316,186]],[[88318,68025],[-28,-107]],[[88290,67918],[-404,-17]],[[87886,67901],[-43,177]],[[89571,67721],[-267,-216]],[[89304,67505],[-276,31]],[[89028,67536],[-8,18]],[[89020,67554],[74,179]],[[88421,72594],[113,-589]],[[88534,72005],[0,-3]],[[88534,72002],[-272,-676]],[[86814,72133],[218,440]],[[87032,72573],[182,298]],[[87214,72871],[473,89]],[[88534,72002],[540,-444]],[[88383,72768],[657,-78]],[[89040,72690],[-506,-685]],[[89040,72690],[387,-350]],[[75323,32105],[50,-35]],[[75373,32070],[155,-65]],[[75528,32005],[-727,-545]],[[74801,31460],[-147,133]],[[74654,31593],[518,312]],[[75172,31905],[9,129]],[[75181,32034],[142,71]],[[75528,32005],[69,-192]],[[75597,31813],[-244,-529]],[[75353,31284],[-542,156]],[[74811,31440],[-10,20]],[[75597,31813],[17,-141]],[[75614,31672],[15,-463]],[[75629,31209],[160,-106]],[[75789,31103],[193,-85]],[[75982,31018],[197,-88]],[[76179,30930],[-279,-270]],[[75900,30660],[-547,624]],[[75900,30660],[-448,-206]],[[75452,30454],[-569,173]],[[74883,30627],[-134,2]],[[74749,30629],[-214,488]],[[74535,31117],[49,70]],[[74584,31187],[134,141]],[[74718,31328],[93,112]],[[74749,30629],[-297,30]],[[74452,30659],[60,299]],[[74512,30958],[23,159]],[[76179,30930],[434,-118]],[[76613,30812],[-6,-807],[278,-952],[326,-18]],[[77211,29035],[-361,-436]],[[76850,28599],[-33,6],[-3,-25]],[[76814,28580],[-29,15],[-4,-21],[-36,18],[-30,-13],[-7,11],[-7,-19],[-563,367],[-56,-75],[-12,11],[-157,-137],[-158,29],[-81,-42]],[[75674,28724],[29,29],[-43,-11],[-213,-63]],[[75447,28679],[-289,589]],[[75158,29268],[621,662],[-248,353]],[[75531,30283],[-79,171]],[[76613,30812],[317,16]],[[76930,30828],[401,-211]],[[77331,30617],[-262,-465],[142,-1117]],[[74883,30627],[-63,-231]],[[74820,30396],[-499,75]],[[74321,30471],[104,175]],[[74425,30646],[27,13]],[[75531,30283],[-457,-323]],[[75074,29960],[-238,-83]],[[74836,29877],[-16,519]],[[74836,29877],[-452,-147]],[[74384,29730],[-68,-38]],[[74316,29692],[-182,324]],[[74134,30016],[16,23]],[[74150,30039],[171,432]],[[75158,29268],[-179,164]],[[74979,29432],[81,156]],[[75060,29588],[14,372]],[[75060,29588],[-532,-281]],[[74528,29307],[-144,423]],[[74528,29307],[-185,-286]],[[74343,29021],[-396,-156]],[[73947,28865],[-191,334]],[[73756,29199],[114,328]],[[73870,29527],[190,86]],[[74060,29613],[256,79]],[[74979,29432],[-398,-556]],[[74581,28876],[-187,48]],[[74394,28924],[-51,97]],[[73756,29199],[-163,-264]],[[73593,28935],[-265,139]],[[73328,29074],[61,243]],[[73389,29317],[139,53]],[[73528,29370],[333,154]],[[73861,29524],[9,3]],[[75447,28679],[-475,44]],[[74972,28723],[-391,153]],[[73328,29074],[-158,-375]],[[73170,28699],[-482,95]],[[72688,28794],[-71,149]],[[72617,28943],[217,99]],[[72834,29042],[555,275]],[[73947,28865],[150,-178]],[[74097,28687],[-412,-122]],[[73685,28565],[-73,-5]],[[73612,28560],[-19,375]],[[71631,28911],[210,137]],[[71841,29048],[346,-782]],[[72187,28266],[-236,-153]],[[71951,28113],[-257,392]],[[71694,28505],[-63,406]],[[72688,28794],[-501,-528]],[[71841,29048],[50,-8]],[[71891,29040],[218,-67]],[[72109,28973],[218,-12]],[[72327,28961],[290,-18]],[[73612,28560],[-364,-252]],[[73248,28308],[-61,376]],[[73187,28684],[-17,15]],[[70397,28736],[707,129]],[[71104,28865],[163,-528]],[[71267,28337],[-372,-284]],[[70895,28053],[-615,301]],[[70280,28354],[-368,157]],[[69912,28511],[22,32]],[[69934,28543],[463,193]],[[71694,28505],[-427,-168]],[[71104,28865],[175,71]],[[71279,28936],[352,-25]],[[74394,28924],[-180,-265]],[[74214,28659],[-117,28]],[[74972,28723],[-30,-139]],[[74942,28584],[-14,18],[-350,-214],[-42,12],[-204,-194],[-11,7],[-29,-52]],[[74292,28161],[-34,0],[-48,39]],[[74210,28200],[4,459]],[[76850,28599],[-36,-19]],[[76814,28580],[-201,-106],[-941,-295],[-493,-320],[-19,-27],[0,0]],[[75160,27832],[-169,116],[-29,-41],[-32,16],[-83,-24],[-51,27],[-106,-116],[-16,13],[-29,-20],[-61,98],[-22,-25],[-26,-1],[-19,-36],[-15,16],[-21,-15],[-22,17],[-27,-27],[-57,135],[-12,-3],[24,36]],[[74387,27998],[-21,69],[-109,69],[35,25]],[[74942,28584],[-4,-66],[44,12],[41,-35],[31,6],[2,-24],[13,4],[102,-276],[104,329],[115,-94],[284,284]],[[73187,28684],[-681,-460],[18,-370]],[[72524,27854],[-460,-261]],[[72064,27593],[-153,234]],[[71911,27827],[-166,68]],[[71745,27895],[206,218]],[[73248,28308],[-39,-225]],[[73209,28083],[-427,-239]],[[72782,27844],[-258,10]],[[74210,28200],[-525,365]],[[68496,28138],[13,29]],[[68509,28167],[312,42]],[[68821,28209],[703,286]],[[69524,28495],[225,-49]],[[69749,28446],[-215,-818]],[[69749,28446],[163,65]],[[70280,28354],[35,-287]],[[70315,28067],[-204,-599]],[[70111,27468],[-6,-17]],[[70105,27451],[-166,-70]],[[71745,27895],[-435,-119]],[[71310,27776],[-352,36]],[[70958,27812],[-82,97]],[[70876,27909],[19,144]],[[74387,27998],[-39,26],[-79,-16],[-50,-89]],[[74219,27919],[-623,-110]],[[73596,27809],[-387,274]],[[70876,27909],[-105,-234]],[[70771,27675],[-522,162]],[[70249,27837],[66,230]],[[70249,27837],[-138,-369]],[[73596,27809],[-44,-424]],[[73552,27385],[-418,-153]],[[73134,27232],[-360,96]],[[72774,27328],[8,516]],[[71911,27827],[-249,-143]],[[71662,27684],[-570,-184]],[[71092,27500],[130,126]],[[71222,27626],[88,150]],[[75160,27832],[-315,-447]],[[74845,27385],[-423,136]],[[74422,27521],[-13,-6]],[[74409,27515],[-190,404]],[[70958,27812],[1,-169]],[[70959,27643],[-135,-111]],[[70824,27532],[-53,143]],[[71222,27626],[-263,17]],[[70824,27532],[-38,-220]],[[70786,27312],[-109,-90],[-19,-70],[23,-30],[16,3],[-4,-26],[-37,-54],[-87,-42]],[[70569,27003],[-17,-8],[12,18],[-459,438]],[[74409,27515],[-590,-429]],[[73819,27086],[-267,299]],[[72774,27328],[-279,-169]],[[72495,27159],[-424,12]],[[72071,27171],[-7,422]],[[72071,27171],[-172,-202]],[[71899,26969],[-95,20]],[[71804,26989],[3,118]],[[71807,27107],[-145,577]],[[71092,27500],[-42,-96]],[[71050,27404],[-18,15],[-33,-5],[-43,26],[-99,-149],[-71,21]],[[71807,27107],[-184,-85]],[[71623,27022],[-138,-120]],[[71485,26902],[-479,-39]],[[71006,26863],[109,544],[-37,-18],[-28,15]],[[70569,27003],[-33,-34],[-50,-16],[-65,-107],[2,-22]],[[70423,26824],[-92,61],[-31,-10],[-29,27],[-78,-57],[-88,12],[-19,-10],[-55,62],[-31,-39],[-37,-16],[-32,-50],[-16,5],[-32,-74],[-13,10],[-26,-5]],[[69844,26740],[-96,61],[16,88],[-133,81],[-27,-30],[-19,28],[-15,-3]],[[71006,26863],[-88,-14],[-58,7],[-80,-67],[-10,-21],[-7,9],[-10,-33],[-8,-11]],[[70745,26733],[-203,-3]],[[70542,26730],[-119,94]],[[70585,26337],[-10,72],[446,-13],[-1,-8],[-435,-51]],[[74845,27385],[165,-474],[-368,-443],[-506,68]],[[74136,26536],[128,189]],[[74264,26725],[445,-24],[-185,557]],[[74524,27258],[-102,263]],[[74524,27258],[-260,-533]],[[74136,26536],[-170,17]],[[73966,26553],[-173,297]],[[73793,26850],[26,236]],[[73134,27232],[209,-443]],[[73343,26789],[-33,-9]],[[73310,26780],[-508,-1]],[[72802,26779],[-307,336]],[[72495,27115],[0,44]],[[73793,26850],[-450,-61]],[[71804,26989],[-139,-25]],[[71665,26964],[-42,58]],[[72802,26779],[-159,-79]],[[72643,26700],[-331,126]],[[72312,26826],[183,289]],[[69844,26740],[52,-274]],[[69896,26466],[-796,45]],[[69100,26511],[-25,18],[-15,-8],[-7,67],[-2,32],[-31,61],[-123,69],[-20,-3],[-24,68]],[[71665,26964],[-180,-62]],[[71899,26969],[201,-481],[-858,-118],[-497,363]],[[70542,26730],[-646,-264]],[[69100,26511],[-338,-55],[-151,-803]],[[73966,26553],[-625,20]],[[73341,26573],[-31,207]],[[72643,26700],[-141,-190]],[[72502,26510],[-190,316]],[[73341,26573],[-839,-63]],[[52158,28138],[53,-194]],[[52211,27944],[-334,121]],[[52445,27976],[-31,-535]],[[52414,27441],[-270,342]],[[52144,27783],[67,161]],[[50450,27986],[-78,-274]],[[50372,27712],[-338,73]],[[50034,27785],[-102,212]],[[51004,27948],[-133,-661]],[[50871,27287],[-572,237]],[[50299,27524],[73,188]],[[52144,27783],[-52,-145]],[[52092,27638],[-243,65]],[[51849,27703],[-43,139]],[[50034,27785],[265,-261]],[[50299,27524],[-71,-307]],[[50228,27217],[-348,129]],[[49880,27346],[-24,585]],[[51267,27961],[-1,-392]],[[51266,27569],[110,-431]],[[51376,27138],[-115,-543]],[[51261,26595],[-281,31]],[[50980,26626],[-236,35]],[[50744,26661],[-223,20]],[[50521,26681],[78,136]],[[50599,26817],[272,470]],[[52546,27897],[-76,-468]],[[52470,27429],[-56,12]],[[51564,27913],[32,-262]],[[51596,27651],[-330,-82]],[[49760,27844],[-26,-464]],[[49734,27380],[-377,-184]],[[49357,27196],[107,462]],[[49464,27658],[257,280]],[[51849,27703],[-171,-275]],[[51678,27428],[-82,223]],[[49880,27346],[-146,34]],[[52857,27798],[-17,-82]],[[52840,27716],[-171,-333]],[[52669,27383],[-91,3]],[[52578,27386],[-108,43]],[[53727,27795],[19,-416]],[[53746,27379],[-360,81]],[[53386,27460],[-76,280]],[[53056,27825],[-22,-440]],[[53034,27385],[-194,331]],[[53386,27460],[2,-304]],[[53388,27156],[-115,-35]],[[53273,27121],[-104,46]],[[53169,27167],[-193,61]],[[52976,27228],[58,157]],[[54081,27606],[-6,-410]],[[54075,27196],[-314,-38]],[[53761,27158],[-15,221]],[[52578,27386],[-78,-326]],[[52500,27060],[-72,19]],[[52428,27079],[-362,190]],[[52066,27269],[26,369]],[[52976,27228],[-141,2]],[[52835,27230],[-166,153]],[[52066,27269],[15,-195]],[[52081,27074],[-445,144]],[[51636,27218],[42,210]],[[49357,27196],[-43,-63]],[[49314,27133],[-81,65]],[[49233,27198],[-229,216]],[[49004,27414],[460,244]],[[51636,27218],[-31,-41]],[[51605,27177],[-229,-39]],[[54452,27465],[67,-375]],[[54519,27090],[-425,-16]],[[54094,27074],[-19,122]],[[50599,26817],[-167,136]],[[50432,26953],[-218,174]],[[50214,27127],[14,90]],[[54929,27052],[-103,-410]],[[54826,26642],[-30,-7]],[[54796,26635],[-211,341]],[[54585,26976],[-66,114]],[[53761,27158],[-65,-121]],[[53696,27037],[-308,119]],[[49233,27198],[-439,-739]],[[48794,26459],[-98,-44]],[[48696,26415],[-353,-184]],[[48343,26231],[181,728]],[[48524,26959],[480,455]],[[50214,27127],[-323,-420]],[[49891,26707],[-452,327]],[[49439,27034],[-125,99]],[[52835,27230],[-155,-294]],[[52680,26936],[-180,124]],[[52428,27079],[-23,-254]],[[52405,26825],[-220,-78]],[[52185,26747],[-34,53]],[[52151,26800],[-19,96]],[[52132,26896],[-51,178]],[[53169,27167],[-394,-293]],[[52775,26874],[-95,62]],[[53273,27121],[297,-413]],[[53570,26708],[-49,-206]],[[53521,26502],[-390,107]],[[53131,26609],[-179,112]],[[52952,26721],[-173,125]],[[52779,26846],[-4,28]],[[52132,26896],[-330,-51]],[[51802,26845],[-147,44]],[[51655,26889],[-50,288]],[[49439,27034],[-268,-669]],[[49171,26365],[-71,-18]],[[49100,26347],[-306,112]],[[51655,26889],[-394,-533]],[[51261,26356],[0,239]],[[54094,27074],[-10,-446]],[[54084,26628],[-336,276]],[[53748,26904],[-52,133]],[[55293,27160],[35,-278]],[[55328,26882],[-407,-316]],[[54921,26566],[-95,76]],[[53748,26904],[-178,-196]],[[50432,26953],[-321,-602]],[[50111,26351],[-151,12]],[[49960,26363],[-65,101]],[[49895,26464],[-4,243]],[[55542,27084],[176,-250]],[[55718,26834],[-45,-418]],[[55673,26416],[-345,466]],[[55963,27044],[-69,-285]],[[55894,26759],[-176,75]],[[56790,27016],[-190,-357]],[[56600,26659],[-261,54]],[[56339,26713],[-68,315]],[[54585,26976],[3,-320]],[[54588,26656],[-506,-227]],[[54082,26429],[0,62]],[[54082,26491],[2,137]],[[52779,26846],[-115,-344]],[[52664,26502],[-261,95]],[[52403,26597],[2,228]],[[56339,26713],[-178,-63]],[[56161,26650],[-267,109]],[[49895,26464],[-392,-119]],[[49503,26345],[-332,20]],[[57157,26663],[-195,-627]],[[56962,26036],[-91,76]],[[56871,26112],[-447,422]],[[56424,26534],[176,125]],[[50521,26681],[-255,-400]],[[50266,26281],[-167,16]],[[50099,26297],[12,54]],[[54796,26635],[-110,-91]],[[54686,26544],[-127,2]],[[54559,26546],[29,110]],[[52151,26800],[-273,-118]],[[51878,26682],[-76,163]],[[51878,26682],[90,-213]],[[51968,26469],[-307,-203]],[[51661,26266],[-400,47]],[[51261,26313],[0,43]],[[54082,26491],[-318,-542]],[[53764,25949],[-243,553]],[[55673,26416],[-10,-36]],[[55663,26380],[5,-132]],[[55668,26248],[-3,-2]],[[55665,26246],[-35,-168]],[[55630,26078],[-358,-48]],[[55272,26030],[-211,246]],[[55061,26276],[-140,290]],[[52952,26721],[-141,-348]],[[52811,26373],[-147,129]],[[52403,26597],[-108,-63]],[[52295,26534],[-24,16]],[[52271,26550],[-86,197]],[[56161,26650],[20,-91]],[[56181,26559],[32,-233]],[[56213,26326],[-179,-83]],[[56034,26243],[-371,137]],[[52271,26550],[-213,-82]],[[52058,26468],[-90,1]],[[53131,26609],[-13,-387]],[[53118,26222],[-212,-248]],[[52906,25974],[-194,110]],[[52712,26084],[-156,21]],[[52556,26105],[-47,105]],[[52509,26210],[302,163]],[[50744,26661],[-112,-237]],[[50632,26424],[-143,-218]],[[50489,26206],[-223,75]],[[56424,26534],[-243,25]],[[50980,26626],[-2,-120]],[[50978,26506],[-346,-82]],[[54559,26546],[-10,-399]],[[54549,26147],[-42,-100]],[[54507,26047],[-425,382]],[[51261,26313],[0,-40]],[[51261,26273],[-285,1]],[[50976,26274],[2,232]],[[55061,26276],[-56,-93]],[[55005,26183],[-120,-18]],[[54885,26165],[-199,379]],[[57535,25985],[-461,-209]],[[57074,25776],[-112,260]],[[52509,26210],[-221,89]],[[52288,26299],[7,235]],[[53764,25949],[-3,-3]],[[53761,25946],[-432,117]],[[53329,26063],[-211,159]],[[56871,26112],[-172,-340]],[[56699,25772],[-369,111]],[[56330,25883],[-139,108]],[[56191,25991],[22,335]],[[52288,26299],[-295,-375]],[[51993,25924],[-124,-36]],[[51869,25888],[-61,168]],[[51808,26056],[250,412]],[[54885,26165],[-336,-18]],[[50976,26274],[-59,-159]],[[50917,26115],[-141,3]],[[50776,26118],[-195,50]],[[50581,26168],[-92,38]],[[49100,26347],[151,-925],[303,-278]],[[49554,25144],[-69,-538]],[[49485,24606],[-260,-445]],[[49225,24161],[-307,289]],[[48918,24450],[-176,414]],[[48742,24864],[-477,378]],[[48265,25242],[-302,21]],[[47963,25263],[-332,95]],[[47631,25358],[157,473]],[[47788,25831],[437,194]],[[48225,26025],[471,390]],[[51808,26056],[-3,-1]],[[51805,26055],[-131,93]],[[51674,26148],[-13,118]],[[49960,26363],[-70,-311]],[[49890,26052],[-200,-297]],[[49690,25755],[-187,590]],[[54507,26047],[68,-455]],[[54575,25592],[103,-710]],[[54678,24882],[-414,-278]],[[54264,24604],[-305,825]],[[53959,25429],[-179,98]],[[53780,25527],[-19,419]],[[49690,25755],[-8,-85]],[[49682,25670],[-128,-526]],[[50099,26297],[193,-386]],[[50292,25911],[-307,-338]],[[49985,25573],[-86,168]],[[49899,25741],[-9,311]],[[48225,26025],[118,206]],[[56034,26243],[-366,5]],[[51674,26148],[-430,-264]],[[51244,25884],[17,389]],[[50581,26168],[-289,-257]],[[52556,26105],[-355,-588]],[[52201,25517],[-225,99]],[[51976,25616],[17,308]],[[56191,25991],[-149,-91]],[[56042,25900],[-377,346]],[[51244,25884],[-5,-126]],[[51239,25758],[-79,32]],[[51160,25790],[-168,231]],[[50992,26021],[-75,94]],[[53329,26063],[-200,-216]],[[53129,25847],[-80,1]],[[53049,25848],[-143,126]],[[55272,26030],[4,-189]],[[55276,25841],[-288,186]],[[54988,26027],[17,156]],[[56042,25900],[-4,-500]],[[56038,25400],[-203,-23]],[[55835,25377],[-89,300]],[[55746,25677],[-116,401]],[[50776,26118],[-257,-584]],[[50519,25534],[-534,39]],[[50992,26021],[-143,-284]],[[50849,25737],[-157,-158]],[[50692,25579],[-57,-75]],[[50635,25504],[-116,30]],[[54988,26027],[-70,-371]],[[54918,25656],[-197,-127]],[[54721,25529],[-146,63]],[[51805,26055],[-333,-523]],[[51472,25532],[-174,48]],[[51298,25580],[-59,178]],[[52712,26084],[-139,-761]],[[52573,25323],[-237,-111]],[[52336,25212],[-273,67]],[[52063,25279],[138,238]],[[53049,25848],[30,-147]],[[53079,25701],[-29,-169]],[[53050,25532],[-387,-207]],[[52663,25325],[-90,-2]],[[49899,25741],[-37,-44]],[[49862,25697],[-180,-27]],[[57074,25776],[48,-315]],[[57122,25461],[-74,-33]],[[57048,25428],[-346,102]],[[56702,25530],[-3,242]],[[51869,25888],[-170,-278]],[[51699,25610],[-182,-127]],[[51517,25483],[-45,49]],[[53780,25527],[-651,320]],[[55746,25677],[-423,3]],[[55323,25680],[-29,67]],[[55294,25747],[-18,94]],[[51160,25790],[-311,-53]],[[55294,25747],[-132,-275]],[[55162,25472],[-244,184]],[[56330,25883],[68,-236]],[[56398,25647],[-122,-207]],[[56276,25440],[-114,-18]],[[56162,25422],[-124,-22]],[[57559,25540],[-65,-59]],[[57494,25481],[-372,-20]],[[51976,25616],[-277,-6]],[[53959,25429],[-41,-98]],[[53918,25331],[-430,-190]],[[53488,25141],[-20,-27]],[[53468,25114],[-85,-39]],[[53383,25075],[-304,626]],[[56702,25530],[-79,-41]],[[56623,25489],[-98,31]],[[56525,25520],[-127,127]],[[51298,25580],[-114,-35]],[[51184,25545],[-492,34]],[[50635,25504],[-104,-313]],[[50531,25191],[-490,-244]],[[50041,24947],[-179,750]],[[55323,25680],[76,-592]],[[55399,25088],[-173,232]],[[55226,25320],[-64,152]],[[50041,24947],[-24,-456]],[[50017,24491],[-294,82]],[[49723,24573],[-238,33]],[[53383,25075],[-74,-337]],[[53309,24738],[-182,-9]],[[53127,24729],[-5,69]],[[53122,24798],[-42,378]],[[53080,25176],[-30,356]],[[55835,25377],[-202,-389]],[[55633,24988],[-188,5]],[[55445,24993],[-46,95]],[[55226,25320],[-505,209]],[[51976,25616],[-1,-12]],[[51975,25604],[-380,-256]],[[51595,25348],[-78,135]],[[51184,25545],[-210,-506]],[[50974,25039],[-369,-458]],[[50605,24581],[-74,610]],[[52063,25279],[-122,-56]],[[51941,25223],[-155,71]],[[51786,25294],[189,310]],[[51786,25294],[-178,8]],[[51608,25302],[-13,46]],[[56525,25520],[88,-297]],[[56613,25223],[-258,-46]],[[56355,25177],[-79,263]],[[51472,25532],[-439,-566]],[[51033,24966],[-59,73]],[[55445,24993],[-557,-321]],[[54888,24672],[-210,210]],[[57048,25428],[-136,-123]],[[56912,25305],[-289,184]],[[51608,25302],[-415,-423]],[[51193,24879],[-81,-75]],[[51112,24804],[-79,162]],[[53080,25176],[-192,-41]],[[52888,25135],[-225,190]],[[57604,25209],[-309,-155]],[[57295,25054],[199,427]],[[56912,25305],[184,-381]],[[57096,24924],[-222,-194]],[[56874,24730],[-113,-150]],[[56761,24580],[-99,433]],[[56662,25013],[-49,210]],[[57295,25054],[-55,-58]],[[57240,24996],[-144,-72]],[[54264,24604],[-30,-185]],[[54234,24419],[-738,303]],[[53496,24722],[-28,392]],[[53488,25141],[339,-6],[91,196]],[[56355,25177],[139,-307]],[[56494,24870],[-72,-157]],[[56422,24713],[-260,709]],[[56422,24713],[-57,-317]],[[56365,24396],[-165,-53]],[[56200,24343],[-156,103]],[[56044,24446],[-351,525]],[[55693,24971],[-60,17]],[[52336,25212],[47,-129]],[[52383,25083],[-175,-164]],[[52208,24919],[-107,-52]],[[52101,24867],[-151,272]],[[51950,25139],[-9,84]],[[47963,25263],[322,-737]],[[48285,24526],[-510,-132]],[[47775,24394],[-456,-152]],[[47319,24242],[-194,6]],[[47125,24248],[383,497]],[[47508,24745],[72,458]],[[47580,25203],[51,155]],[[52888,25135],[-162,-229]],[[52726,24906],[-343,177]],[[51950,25139],[-347,-469]],[[51603,24670],[-410,209]],[[48742,24864],[-179,-64]],[[48563,24800],[-298,442]],[[48563,24800],[-278,-274]],[[53122,24798],[-397,-7]],[[52725,24791],[1,115]],[[50605,24581],[-101,-251]],[[50504,24330],[-33,-12]],[[50471,24318],[-237,96]],[[50234,24414],[-217,77]],[[56662,25013],[-168,-143]],[[57583,24728],[-157,32]],[[57426,24760],[-186,236]],[[52101,24867],[-232,-333]],[[51869,24534],[-266,136]],[[53496,24722],[-77,-43]],[[53419,24679],[-110,59]],[[52725,24791],[-69,-208]],[[52656,24583],[-322,33]],[[52334,24616],[-126,303]],[[51112,24804],[47,-301]],[[51159,24503],[-655,-173]],[[55693,24971],[-579,-683]],[[55114,24288],[-226,384]],[[56761,24580],[-396,-184]],[[57426,24760],[-305,-388]],[[57121,24372],[-247,358]],[[56044,24446],[-102,-426]],[[55942,24020],[-806,238]],[[55136,24258],[-22,30]],[[53127,24729],[-324,-195]],[[52803,24534],[-147,49]],[[52334,24616],[-65,-105]],[[52269,24511],[-355,-24]],[[51914,24487],[-45,47]],[[51914,24487],[-141,-221]],[[51773,24266],[-614,237]],[[48918,24450],[-469,-590]],[[48449,23860],[-62,22]],[[48387,23882],[-165,107]],[[48222,23989],[-452,352]],[[47770,24341],[5,53]],[[55136,24258],[-3,-548],[-441,-409]],[[54692,23301],[-475,227]],[[54217,23528],[-612,476]],[[53605,24004],[629,415]],[[53605,24004],[-399,129]],[[53206,24133],[-153,176]],[[53053,24309],[366,370]],[[53053,24309],[-109,53]],[[52944,24362],[-141,172]],[[57742,24498],[-226,-362]],[[57516,24136],[-289,-30]],[[57227,24106],[-106,266]],[[57227,24106],[-510,-405]],[[56717,23701],[-448,-109]],[[56269,23592],[-69,751]],[[49723,24573],[-64,-443]],[[49659,24130],[-251,-162]],[[49408,23968],[-182,-80]],[[49226,23888],[-1,273]],[[52944,24362],[-658,-599]],[[52286,23763],[-77,99]],[[52209,23862],[60,649]],[[52209,23862],[-204,-49]],[[52005,23813],[-232,453]],[[49226,23888],[-333,-57]],[[48893,23831],[-444,29]],[[50234,24414],[39,-324]],[[50273,24090],[-614,40]],[[52005,23813],[-441,-596]],[[51564,23217],[-437,-200]],[[51127,23017],[-86,29]],[[51041,23046],[193,491],[-500,319]],[[50734,23856],[-120,174]],[[50614,24030],[-143,288]],[[47770,24341],[49,-250]],[[47819,24091],[-12,-632]],[[47807,23459],[-385,-59]],[[47422,23400],[-109,31]],[[47313,23431],[6,811]],[[58359,23190],[-587,-451]],[[57772,22739],[127,597],[-383,800]],[[50614,24030],[-367,-451]],[[50247,23579],[26,511]],[[56269,23592],[99,-638]],[[56368,22954],[-368,-801]],[[56000,22153],[-303,-379]],[[55697,21774],[-937,403]],[[54760,22177],[-57,50]],[[54703,22227],[425,854]],[[55128,23081],[481,55],[458,458],[-125,426]],[[48222,23989],[-403,102]],[[53206,24133],[-20,-163]],[[53186,23970],[-816,-391]],[[52370,23579],[-72,168]],[[52298,23747],[-12,16]],[[47313,23431],[-230,-17]],[[47083,23414],[-32,808]],[[47051,24222],[74,26]],[[50247,23579],[-253,-77]],[[49994,23502],[-407,-119]],[[49587,23383],[-260,147]],[[49327,23530],[81,438]],[[55128,23081],[-436,220]],[[54217,23528],[-95,-364]],[[54122,23164],[-643,172]],[[53479,23336],[-293,634]],[[48387,23882],[-51,-957]],[[48336,22925],[-46,11],[-73,52],[-4,6],[-58,86],[-27,14],[2,10],[4,13],[-158,101],[-9,-16]],[[47967,23202],[-160,257]],[[57772,22739],[-147,-3]],[[57625,22736],[-832,647],[-76,318]],[[50734,23856],[-487,-277]],[[49327,23530],[-351,-565]],[[48976,22965],[-83,866]],[[53479,23336],[-126,-64]],[[53353,23272],[-814,32]],[[52539,23304],[-169,275]],[[51041,23046],[-211,58]],[[50830,23104],[-600,-17]],[[50230,23087],[-236,415]],[[48976,22965],[14,-255]],[[48990,22710],[-1,-4],[-1,-4],[20,-2],[-28,-27],[0,4],[1,7],[-15,-1],[-2,0],[-11,-13],[2,-17],[-20,-22],[2,-2],[14,-40],[-14,-13],[-7,-5],[2,-10],[6,-27],[-14,-31],[-184,-4]],[[48740,22499],[-45,27],[-359,399]],[[52298,23747],[-190,-422]],[[52108,23325],[-544,-108]],[[52539,23304],[222,-387],[619,33]],[[53380,22950],[126,-517]],[[53506,22433],[-578,-757],[-1086,233]],[[51842,21909],[-542,643]],[[51300,22552],[714,372],[94,401]],[[57625,22736],[-156,-74]],[[57469,22662],[-1101,292]],[[49587,23383],[-47,-321]],[[49540,23062],[-145,-266]],[[49395,22796],[-30,7],[-93,80],[-40,-18],[-97,-16],[-9,-10],[10,-13],[-11,-4],[-23,-27],[3,-19],[2,-17],[-20,-14],[-21,-28],[-76,-7]],[[54703,22227],[-256,-64]],[[54447,22163],[-325,1001]],[[50230,23087],[-239,-405]],[[49991,22682],[-451,380]],[[47967,23202],[34,-20],[6,-7],[12,-39],[-5,-24],[0,-1],[10,-23],[-114,-20],[-50,15],[-64,20],[-7,-1]],[[47789,23102],[-367,298]],[[47789,23102],[-12,-37],[6,1],[7,9],[18,-11],[-34,-16],[-3,-1],[23,-3],[-4,-14],[-1,-6],[30,4],[-15,-21],[18,-16],[19,0],[-7,-15],[15,-10],[-4,-10],[3,-4],[16,-5],[15,-16],[2,-7],[-92,-176],[-3,-12],[-44,-22],[-43,-7],[-19,7],[2,-16],[1,-7],[-5,1],[-15,13],[-36,9],[-24,-25],[27,-49],[-36,-73],[30,-39],[6,-24],[-42,-17],[2,-9],[2,-10],[-38,-24]],[[47554,22444],[-615,181]],[[46939,22625],[144,789]],[[53353,23272],[27,-322]],[[54447,22163],[-66,-283]],[[54381,21880],[-701,543]],[[53680,22423],[-174,10]],[[51300,22552],[-69,11]],[[51231,22563],[-104,454]],[[50830,23104],[-226,-627]],[[50604,22477],[-349,-24]],[[50255,22453],[-232,136]],[[50023,22589],[-32,93]],[[58623,22551],[45,-548]],[[58668,22003],[19,-454]],[[58687,21549],[-900,448]],[[57787,21997],[-318,665]],[[51231,22563],[-627,-86]],[[50023,22589],[-271,-548]],[[49752,22041],[-12,11],[-144,-50],[7,-15],[-6,-13],[-22,-15],[-56,9],[-37,-11],[-26,38],[-32,33],[-5,3],[-18,19],[-22,2],[-12,5],[9,36],[-64,2],[-7,0],[4,136],[-73,3],[-90,23],[-32,3],[-90,-3],[2,6],[86,67],[21,-10],[33,2],[0,34],[11,30],[-3,1],[-15,4],[4,9],[3,11],[-21,-1],[-2,3],[-19,27],[9,13],[-9,13],[18,2],[6,29],[-13,13],[-4,3],[62,26],[-13,3],[1,4],[34,35],[13,11],[-5,7],[-6,8],[31,17],[36,9],[0,10],[-4,0],[-13,17],[-2,15],[81,27],[40,22],[-17,11],[17,9],[25,24],[-25,15],[9,13]],[[57787,21997],[-238,-207]],[[57549,21790],[-243,-111]],[[57306,21679],[-504,-92],[-802,566]],[[47554,22444],[55,-20],[-1,-16],[-1,-18],[7,-5],[23,-33],[4,-35],[-65,-80],[-22,-54],[-5,-19]],[[47549,22164],[-13,-5],[-9,30],[-44,-40],[-20,38],[-27,-19],[-12,21],[-12,-23],[-34,34],[-37,-33],[-67,5],[-23,11],[-14,-15],[-9,7],[-24,-1],[34,-138],[15,9],[33,-85],[18,-29],[68,-51],[-39,-88]],[[47333,21792],[-535,-40]],[[46798,21752],[-130,-14]],[[46668,21738],[271,887]],[[50255,22453],[597,-533]],[[50852,21920],[-411,-697]],[[50441,21223],[-578,-227]],[[49863,20996],[-186,597]],[[49677,21593],[29,22],[12,5],[25,20],[-4,24],[-4,33],[2,14],[11,22],[8,2],[-3,7],[-3,6],[22,18],[-16,4],[9,25],[2,5],[-24,24],[25,4],[-7,16],[-2,3],[17,23],[-49,33],[-13,4],[-6,2],[4,17],[-8,12],[-8,13],[16,15],[-12,12],[-9,8],[4,6],[21,8],[11,-1],[13,21],[-2,16],[0,1],[14,4]],[[51842,21909],[-571,-228]],[[51271,21681],[-419,239]],[[59877,21925],[-805,242],[-404,-164]],[[54381,21880],[176,-267]],[[54557,21613],[335,-876]],[[54892,20737],[-773,-253]],[[54119,20484],[-132,848],[-467,741],[160,350]],[[54119,20484],[-33,-5]],[[54086,20479],[-587,-311]],[[53499,20168],[-1172,45],[-436,-365]],[[51891,19848],[-203,48]],[[51688,19896],[-404,145]],[[51284,20041],[494,689],[-507,951]],[[55697,21774],[130,-239]],[[55827,21535],[-178,-299]],[[55649,21236],[-558,460]],[[55091,21696],[-331,481]],[[47549,22164],[23,-27],[25,-19]],[[47597,22118],[2,-34],[42,-124],[146,-346],[13,-34],[16,-124],[-6,-32],[10,-80],[46,-60],[7,5],[8,5],[46,-42],[-13,-27],[61,-67],[45,-40],[108,48],[-4,-25],[23,1],[8,-16],[-2,-23],[-9,-39],[2,-29],[-23,-37],[47,-3],[14,19],[12,-43],[-19,12],[2,-58],[-2,-5],[-14,-26],[-12,31],[6,-53],[-31,6],[8,-28],[6,-28],[-14,10],[-9,-37],[17,-6],[2,-71],[-31,-8],[12,-41],[8,-33],[-1,-19],[2,-33],[-7,-19],[38,6],[-1,-15],[23,-17],[-16,-46],[-10,1],[-5,1],[-2,-18],[-26,14],[7,-30]],[[48127,20461],[-198,-140],[-18,2],[-27,29]],[[47884,20352],[45,0],[-20,27],[-3,22],[0,10],[-8,14],[1,10],[14,-11],[13,44],[0,48],[-11,17],[-10,-4],[-7,16],[11,56],[-23,13],[-26,57],[-44,-14],[3,75],[-6,16],[-9,-6],[-12,42],[11,14],[-11,-4],[3,19],[-11,44],[-19,22],[-17,-10],[-56,114],[-70,81],[-36,413],[-105,79],[-201,-8],[26,120],[27,124]],[[55091,21696],[-534,-83]],[[57306,21679],[-251,-606]],[[57055,21073],[-1028,-26]],[[56027,21047],[-200,488]],[[47597,22118],[43,-21],[15,-32],[-2,22],[7,4],[59,-4],[36,0],[30,-11],[19,8],[-10,-18],[-6,-10],[67,-1],[-13,16],[25,29],[0,-15],[-1,-6],[34,-9],[-13,-19],[8,-7],[6,0],[18,11],[-14,-15],[10,-7],[11,-9],[-21,-3],[-6,-1],[2,-7],[6,-19],[-34,-16],[26,-42],[0,-2],[-5,-21],[41,-14],[10,0],[-16,-27],[17,1],[30,-12],[46,15],[-1,10],[11,1],[-2,18],[-1,6],[18,-5],[56,2],[-5,8],[6,2],[35,-23],[17,6],[55,16],[12,-8],[37,-41],[37,-28]],[[48297,21840],[29,-8],[37,-1],[46,-16],[42,-50],[70,-65],[-1,-5],[-5,-21],[23,-41],[3,-6],[-7,-5],[-28,-48],[3,-11],[2,-10],[-8,-2],[-43,-35],[16,-30],[-24,-5],[7,-10],[11,-14],[-5,-4],[-17,-13],[12,-11],[10,-9],[-2,-70],[24,-29],[-18,-16],[8,-25],[13,-11],[15,-64],[-23,-22],[-7,4],[-8,-8],[6,-10],[9,-15],[-2,-12],[-1,-4],[22,-11],[-10,-3],[-13,-16],[-2,-14],[14,-1],[17,-1],[-5,-13],[-32,-22],[4,-7],[32,-4],[6,-5],[-31,-22],[3,-8],[3,-10],[-25,1],[28,-23],[0,-1],[-3,-5],[-27,-44]],[[48465,20929],[-58,-374]],[[48407,20555],[-280,-94]],[[59802,21707],[-1127,-670]],[[58675,21037],[-215,103]],[[58460,21140],[-1,6]],[[58459,21146],[228,403]],[[58459,21146],[-817,160]],[[57642,21306],[-93,484]],[[51284,20041],[-870,345]],[[50414,20386],[27,837]],[[46798,21752],[-8,-32],[-30,-34],[10,-2],[10,-2],[-2,-18],[2,2],[42,12],[4,-3],[83,-82],[8,-5],[86,-73],[82,-40],[63,5],[71,-59],[-9,-52],[1,-1],[34,-20],[130,-837]],[[47375,20511],[-337,-96]],[[47038,20415],[-395,881]],[[46643,21296],[25,442]],[[57642,21306],[380,-624]],[[58022,20682],[20,-221]],[[58042,20461],[-450,-98]],[[57592,20363],[-403,478]],[[57189,20841],[-134,232]],[[55649,21236],[-343,-493]],[[55306,20743],[-414,-6]],[[60903,20894],[-487,-450]],[[60416,20444],[-564,239]],[[59852,20683],[-162,705]],[[59690,21388],[202,112]],[[59690,21388],[-455,-453]],[[59235,20935],[-138,-56]],[[59097,20879],[-491,-89]],[[58606,20790],[69,247]],[[49863,20996],[-250,-471]],[[49613,20525],[-266,-199]],[[49347,20326],[-182,287]],[[49165,20613],[-30,218],[52,5],[5,73]],[[49192,20909],[16,-20],[31,13],[4,7],[-31,5],[-1,18],[9,39],[8,15],[1,23],[-9,3],[-8,4],[1,8],[3,13],[-5,10],[-7,13],[13,9],[35,11],[-4,9],[19,6],[12,-1],[29,3],[-13,21],[31,-2],[-2,7],[-3,9],[14,28],[-15,14],[15,12],[-16,3],[-9,2],[6,8],[6,9],[-6,10],[-3,6],[5,5],[11,-1],[23,1],[11,6],[-20,17],[13,16],[7,8],[-2,9],[-3,16],[10,2],[-9,44],[4,-2],[19,35],[2,2],[46,36],[-1,33],[-16,29],[89,57],[121,57],[54,-1]],[[56027,21047],[-167,-630]],[[55860,20417],[-245,-284]],[[55615,20133],[-359,171]],[[55256,20304],[50,439]],[[59852,20683],[-265,-247]],[[59587,20436],[-352,499]],[[47038,20415],[-722,224],[327,657]],[[58460,21140],[-92,-290]],[[58368,20850],[-346,-168]],[[50414,20386],[-14,3]],[[50400,20389],[-147,-93]],[[50253,20296],[-474,93]],[[49779,20389],[-166,136]],[[57189,20841],[-26,-265]],[[57163,20576],[-497,-333]],[[56666,20243],[-236,-90]],[[56430,20153],[-570,264]],[[58606,20790],[4,-15]],[[58610,20775],[-161,-25]],[[58449,20750],[-81,100]],[[48465,20929],[269,40],[290,-37],[168,-23]],[[49165,20613],[-351,-177]],[[48814,20436],[-232,-32]],[[48582,20404],[-175,151]],[[59587,20436],[-18,-309]],[[59569,20127],[-644,-244]],[[58925,19883],[19,518]],[[58944,20401],[13,200]],[[58957,20601],[140,278]],[[58957,20601],[-347,174]],[[55256,20304],[-377,-39]],[[54879,20265],[-470,35]],[[54409,20300],[-323,179]],[[58449,20750],[15,-210]],[[58464,20540],[-199,-353]],[[58265,20187],[-201,-77]],[[58064,20110],[-22,351]],[[57592,20363],[-23,-136]],[[57569,20227],[-15,-22]],[[57554,20205],[-491,149]],[[57063,20354],[100,222]],[[58944,20401],[-480,139]],[[60416,20444],[-376,-556]],[[60040,19888],[-360,-51]],[[59680,19837],[-111,290]],[[54409,20300],[88,-246]],[[54497,20054],[-775,-371]],[[53722,19683],[-223,485]],[[49347,20326],[248,-455]],[[49595,19871],[-392,-386]],[[49203,19485],[-342,718]],[[48861,20203],[-47,233]],[[57063,20354],[-397,-111]],[[48582,20404],[-40,-220]],[[48542,20184],[-509,-108]],[[48033,20076],[-316,267]],[[47717,20343],[167,9]],[[48861,20203],[-54,-434]],[[48807,19769],[-164,30]],[[48643,19799],[-101,385]],[[49779,20389],[200,-547]],[[49979,19842],[-226,-242]],[[49753,19600],[-158,271]],[[50253,20296],[-196,-458]],[[50057,19838],[-78,4]],[[58925,19883],[23,-270]],[[58948,19613],[-545,23]],[[58403,19636],[-138,551]],[[58064,20110],[-48,-363]],[[58016,19747],[-447,480]],[[50400,20389],[148,-774]],[[50548,19615],[-190,-94]],[[50358,19521],[-131,104]],[[50227,19625],[-170,213]],[[51688,19896],[-379,-478]],[[51309,19418],[-761,197]],[[56430,20153],[-312,-474]],[[56118,19679],[-74,-41]],[[56044,19638],[-504,268]],[[55540,19906],[75,227]],[[55540,19906],[-250,-115]],[[55290,19791],[-411,474]],[[56641,19193],[-523,486]],[[57554,20205],[185,-492]],[[57739,19713],[-314,-232]],[[57425,19481],[-333,-129]],[[57092,19352],[-319,-180]],[[53722,19683],[-710,-427]],[[53012,19256],[-267,26]],[[52745,19282],[-776,151]],[[51969,19433],[-78,415]],[[55290,19791],[-171,-227]],[[55119,19564],[-622,490]],[[49203,19485],[-47,-11]],[[49156,19474],[-349,295]],[[48643,19799],[-44,-5]],[[48599,19794],[-549,78]],[[48050,19872],[-17,204]],[[58016,19747],[-37,-148]],[[57979,19599],[-240,114]],[[58403,19636],[-224,-299]],[[58179,19337],[-122,-18]],[[58057,19319],[-78,280]],[[58928,19215],[20,398]],[[59680,19837],[192,-297]],[[59872,19540],[-107,-315]],[[54497,20054],[38,-651]],[[54535,19403],[-727,-402]],[[53808,19001],[-796,255]],[[55119,19564],[12,-242]],[[55131,19322],[-509,-219]],[[54622,19103],[-87,300]],[[50227,19625],[-113,-192]],[[50114,19433],[-412,-48]],[[49702,19385],[51,215]],[[51969,19433],[-234,-971]],[[51735,18462],[-768,383]],[[50967,18845],[-91,145]],[[50876,18990],[433,428]],[[48599,19794],[14,-234]],[[48613,19560],[-511,-48]],[[48102,19512],[-52,360]],[[55222,19081],[-91,241]],[[56044,19638],[-17,-516]],[[49702,19385],[-545,38]],[[49157,19423],[-1,51]],[[49157,19423],[-36,-161]],[[49121,19262],[-14,-5]],[[49107,19257],[-494,303]],[[60040,19888],[-168,-348]],[[58333,19116],[-154,221]],[[58057,19319],[-36,-257]],[[58021,19062],[-367,281]],[[57654,19343],[-229,138]],[[50358,19521],[164,-264]],[[50522,19257],[-335,6]],[[50187,19263],[-73,170]],[[50876,18990],[-354,267]],[[49107,19257],[-374,-203]],[[48733,19054],[-304,-212]],[[48429,18842],[-327,670]],[[53808,19001],[-45,-102]],[[53763,18899],[-14,-262]],[[53749,18637],[-649,-119]],[[53100,18518],[-355,764]],[[50187,19263],[-102,-158]],[[50085,19105],[-141,-71]],[[49944,19034],[-598,-241]],[[49346,18793],[-225,469]],[[51803,18079],[-68,383]],[[53100,18518],[140,-737]],[[57654,19343],[-3,-317]],[[57651,19026],[-559,326]],[[53992,18502],[-229,397]],[[54622,19103],[-215,-449]],[[55064,18781],[-442,322]],[[50967,18845],[2,-164]],[[50969,18681],[-287,-164]],[[50682,18517],[-355,387]],[[50327,18904],[-242,201]],[[57651,19026],[116,-294]],[[49070,18665],[-337,389]],[[49346,18793],[-68,-142]],[[58021,19062],[28,-212]],[[49864,18346],[80,688]],[[50327,18904],[-56,-498]],[[48504,18653],[-75,189]],[[50682,18517],[-89,-144]],[[53821,18304],[-72,333]],[[50989,18267],[-20,414]],[[48740,22499],[-23,3],[21,-25],[-332,-75],[108,-405],[-191,-2],[-4,-80],[-22,-75]],[[77372,79080],[333,-378]],[[77705,78702],[-52,-655],[360,-330]],[[78013,77717],[-351,-360]],[[77662,77357],[-458,900]],[[77204,78257],[168,823]],[[77705,78702],[842,-149]],[[78547,78553],[117,-133]],[[78664,78420],[-145,-535]],[[78519,77885],[-195,-318]],[[78324,77567],[-71,-111]],[[78253,77456],[-240,261]],[[77662,77357],[-191,-432]],[[77471,76925],[-598,-471]],[[76873,76454],[44,215]],[[76917,76669],[-13,614],[-352,273]],[[76552,77556],[339,276]],[[76891,77832],[313,425]],[[78253,77456],[47,-515]],[[78300,76941],[25,-116]],[[78325,76825],[100,-266]],[[78425,76559],[-954,366]],[[76917,76669],[-221,17]],[[76696,76686],[-488,164]],[[76208,76850],[122,468]],[[76330,77318],[222,238]],[[76208,76850],[-322,-483]],[[75886,76367],[-554,542]],[[75332,76909],[36,76]],[[75368,76985],[263,332]],[[75631,77317],[552,-12]],[[76183,77305],[147,13]],[[78425,76559],[659,-1348]],[[79084,75211],[-37,-79]],[[79047,75132],[-186,33]],[[78861,75165],[-881,149]],[[77980,75314],[-864,237]],[[77116,75551],[-243,903]],[[76696,76686],[-494,-631]],[[76202,76055],[-354,-140]],[[75848,75915],[-7,303]],[[75841,76218],[45,149]],[[75841,76218],[-659,533]],[[75182,76751],[150,158]],[[75848,75915],[-346,-63]],[[75502,75852],[-389,-186]],[[75113,75666],[-239,314]],[[74874,75980],[182,263]],[[75056,76243],[126,508]],[[77116,75551],[-352,-348]],[[76764,75203],[-571,74],[9,778]],[[75502,75852],[-255,-279]],[[75247,75573],[-134,93]],[[76764,75203],[-77,-280]],[[76687,74923],[-94,-208]],[[76593,74715],[-553,-275]],[[76040,74440],[-360,231]],[[75680,74671],[-328,144]],[[75352,74815],[-105,758]],[[75352,74815],[-934,217]],[[74418,75032],[66,470]],[[74484,75502],[222,228]],[[74706,75730],[168,250]],[[77980,75314],[-106,-162]],[[77874,75152],[-534,-787]],[[77340,74365],[-653,558]],[[78861,75165],[-574,-270],[-413,257]],[[79047,75132],[-41,-217]],[[79006,74915],[-416,-686],[95,-453]],[[78685,73776],[-957,-213],[-142,233]],[[77586,73796],[-293,484]],[[77293,74280],[47,85]],[[75680,74671],[-905,-839]],[[74775,73832],[-242,-193]],[[74533,73639],[-86,1299]],[[74447,74938],[-29,94]],[[77293,74280],[-700,435]],[[77586,73796],[-467,-799]],[[77119,72997],[-913,-48]],[[76206,72949],[-397,765]],[[75809,73714],[231,726]],[[75809,73714],[-584,-156]],[[75225,73558],[-450,274]],[[75225,73558],[-16,-863]],[[75209,72695],[-406,-733]],[[74803,71962],[-357,-302]],[[74446,71660],[-236,301]],[[74210,71961],[87,207]],[[74297,72168],[436,649],[-191,800]],[[74542,73617],[-9,22]],[[78685,73776],[353,-1539]],[[79038,72237],[-1857,-457]],[[77181,71780],[-190,517]],[[76991,72297],[128,700]],[[76206,72949],[-418,-489]],[[75788,72460],[-586,-58]],[[75202,72402],[7,293]],[[76991,72297],[-673,-602]],[[76318,71695],[-82,-124]],[[76236,71571],[-177,-45]],[[76059,71526],[-271,934]],[[75202,72402],[29,-373]],[[75231,72029],[-428,-67]],[[76059,71526],[10,-283]],[[76069,71243],[-204,48]],[[75865,71291],[-355,46]],[[75510,71337],[-197,140]],[[75313,71477],[-82,552]],[[77181,71780],[-146,-397],[-717,312]],[[79038,72237],[129,-190]],[[79167,72047],[48,-167]],[[79215,71880],[0,-710]],[[79215,71170],[-18,-749]],[[79197,70421],[-1025,-188],[-753,101]],[[77419,70334],[-280,802],[-791,193]],[[76348,71329],[-112,242]],[[75313,71477],[-60,-59]],[[75253,71418],[-141,53]],[[75112,71471],[-470,88]],[[74642,71559],[-108,-23]],[[74534,71536],[-88,124]],[[74534,71536],[167,-701]],[[74701,70835],[-118,-81]],[[74583,70754],[-378,-344]],[[74205,70410],[-254,586]],[[73951,70996],[115,812]],[[74066,71808],[144,153]],[[75112,71471],[-9,-63]],[[75103,71408],[-291,62]],[[74812,71470],[-170,89]],[[76348,71329],[41,-95]],[[76389,71234],[-320,9]],[[74812,71470],[206,-318]],[[75018,71152],[-91,-323]],[[74927,70829],[-90,-128]],[[74837,70701],[-31,0]],[[74806,70701],[-105,134]],[[75510,71337],[-130,-486]],[[75380,70851],[-99,0]],[[75281,70851],[-28,567]],[[75103,71408],[-85,-256]],[[75281,70851],[-95,-3]],[[75186,70848],[-259,-19]],[[75865,71291],[-44,-444],[594,-331]],[[76415,70516],[63,-155]],[[76478,70361],[11,-508]],[[76489,69853],[-108,-388]],[[76381,69465],[-200,23]],[[76181,69488],[-374,400]],[[75807,69888],[-209,469]],[[75598,70357],[-218,494]],[[76389,71234],[26,-718]],[[77419,70334],[8,-433]],[[77427,69901],[-949,460]],[[75598,70357],[-444,309]],[[75154,70666],[32,182]],[[75154,70666],[-317,35]],[[74806,70701],[17,-495]],[[74823,70206],[-240,548]],[[74823,70206],[315,-813]],[[75138,69393],[-172,62]],[[74966,69455],[-473,-520]],[[74493,68935],[-154,244]],[[74339,69179],[57,248]],[[74396,69427],[93,675],[-284,308]],[[75807,69888],[-161,-457]],[[75646,69431],[-508,-38]],[[79197,70421],[110,-161]],[[79307,70260],[181,-1179]],[[79488,69081],[-891,-240]],[[78597,68841],[-189,-14]],[[78408,68827],[-377,323]],[[78031,69150],[-121,514],[-483,237]],[[78031,69150],[-305,-31]],[[77726,69119],[-862,-69]],[[76864,69050],[-375,803]],[[76181,69488],[-464,-133]],[[75717,69355],[-71,76]],[[76864,69050],[-171,-28]],[[76693,69022],[-360,1]],[[76333,69023],[48,442]],[[76333,69023],[-504,131]],[[75829,69154],[-112,201]],[[75829,69154],[-779,-448]],[[75050,68706],[-84,749]],[[75050,68706],[-222,-304]],[[74828,68402],[-261,416]],[[74567,68818],[-74,117]],[[77726,69119],[10,-469]],[[77736,68650],[-294,-196]],[[77442,68454],[-744,439]],[[76698,68893],[-5,129]],[[79488,69081],[54,-170]],[[79542,68911],[859,-539]],[[80401,68372],[-142,-341]],[[80259,68031],[-696,-193]],[[79563,67838],[-489,-126]],[[79074,67712],[-102,55]],[[78972,67767],[-107,59]],[[78865,67826],[-108,740]],[[78757,68566],[-196,71]],[[78561,68637],[36,204]],[[76698,68893],[263,-663]],[[76961,68230],[17,-175]],[[76978,68055],[-376,-725]],[[76602,67330],[-677,-443]],[[75925,66887],[-390,293]],[[75535,67180],[-143,992],[-399,-102]],[[74993,68070],[-165,332]],[[74567,68818],[-486,-1546],[479,82]],[[74560,67354],[45,-336]],[[74605,67018],[-146,-53]],[[74459,66965],[-1273,690]],[[73186,67655],[-31,964]],[[73155,68619],[939,167],[245,393]],[[72792,68759],[-258,-431]],[[72534,68328],[-540,47]],[[71994,68375],[-544,267]],[[71450,68642],[858,352]],[[72308,68994],[484,-235]],[[77442,68454],[-56,-124]],[[77386,68330],[-23,-84]],[[77363,68246],[-402,-16]],[[78561,68637],[-173,-978]],[[78388,67659],[-220,257]],[[78168,67916],[240,911]],[[74993,68070],[-308,-556]],[[74685,67514],[-125,-160]],[[77736,68650],[141,-388]],[[77877,68262],[-491,68]],[[73186,67655],[-509,-1766]],[[72677,65889],[-583,13]],[[72094,65902],[249,637],[-180,731]],[[72163,67270],[323,976]],[[72486,68246],[48,82]],[[72792,68759],[209,-163]],[[73001,68596],[154,23]],[[78757,68566],[-210,-935]],[[78547,67631],[-214,-347]],[[78333,67284],[55,375]],[[78865,67826],[-318,-195]],[[71994,68375],[-449,-699]],[[71545,67676],[-293,-375]],[[71252,67301],[-342,663]],[[70910,67964],[172,307]],[[71082,68271],[368,371]],[[72486,68246],[-941,-570]],[[77877,68262],[291,-346]],[[78333,67284],[-149,-179]],[[78184,67105],[-1103,241]],[[77081,67346],[251,580]],[[77332,67926],[31,320]],[[77332,67926],[-354,129]],[[72163,67270],[-582,-86],[-316,-479]],[[71265,66705],[-13,596]],[[75535,67180],[-850,334]],[[80259,68031],[-270,-972]],[[79989,67059],[-331,-285]],[[79658,66774],[-319,362]],[[79339,67136],[224,702]],[[77081,67346],[-40,-123]],[[77041,67223],[-439,107]],[[79339,67136],[-265,576]],[[71265,66705],[-530,-1840]],[[70735,64865],[-137,-478]],[[70598,64387],[-1049,607]],[[69549,64994],[-264,2079]],[[69285,67073],[710,204],[915,687]],[[78972,67767],[-244,-621],[98,-574]],[[78826,66572],[-251,-778]],[[78575,65794],[-914,353]],[[77661,66147],[-56,85]],[[77605,66232],[579,873]],[[79658,66774],[-151,-97]],[[79507,66677],[-681,-105]],[[74459,66965],[61,-377],[-621,-386]],[[73899,66202],[-345,369],[-853,-770]],[[72701,65801],[-24,88]],[[75925,66887],[19,-360]],[[75944,66527],[-337,-19]],[[75607,66508],[-219,-496]],[[75388,66012],[-338,421]],[[75050,66433],[-257,134]],[[74793,66567],[-188,451]],[[77605,66232],[-179,203]],[[77426,66435],[-164,141]],[[77262,66576],[-221,647]],[[77262,66576],[-847,84]],[[76415,66660],[-471,-133]],[[72094,65902],[-1,-157]],[[72093,65745],[-771,-182],[-100,-613],[-487,-85]],[[74793,66567],[-419,-403]],[[74374,66164],[-535,-420]],[[73839,65744],[60,458]],[[69549,64994],[35,-369]],[[69584,64625],[-264,-1113],[-1024,-1080]],[[68296,62432],[-333,153]],[[67963,62585],[-178,433],[403,479],[47,542],[-748,725]],[[67487,64764],[441,1364]],[[67928,66128],[210,493]],[[68138,66621],[901,410]],[[69039,67031],[234,45]],[[69273,67076],[12,-3]],[[79507,66677],[336,-1276]],[[79843,65401],[5,-32]],[[79848,65369],[-1273,425]],[[75607,66508],[541,-765]],[[76148,65743],[-423,-267]],[[75725,65476],[-337,536]],[[76415,66660],[637,-675]],[[77052,65985],[156,-191]],[[77208,65794],[-245,-436]],[[76963,65358],[-815,385]],[[77426,66435],[-374,-450]],[[75050,66433],[71,-1039],[604,82]],[[76963,65358],[371,-1047]],[[77334,64311],[486,-793]],[[77820,63518],[-140,-183]],[[77680,63335],[-445,-17],[-1233,635],[-1465,-528]],[[74537,63425],[257,1739],[-420,1000]],[[73839,65744],[-1033,-333]],[[72806,65411],[-105,390]],[[77661,66147],[23,-182]],[[77684,65965],[-476,-171]],[[79848,65369],[-603,-845]],[[79245,64524],[-223,-150]],[[79022,64374],[-1202,-856]],[[77334,64311],[530,534],[-393,602],[213,518]],[[74537,63425],[-671,28]],[[73866,63453],[-653,29]],[[73213,63482],[-1328,51]],[[71885,63533],[511,1045]],[[72396,64578],[410,833]],[[72396,64578],[-370,567]],[[72026,65145],[67,600]],[[72026,65145],[-550,-1096]],[[71476,64049],[-878,338]],[[71885,63533],[-93,-190]],[[71792,63343],[-996,113]],[[70796,63456],[680,593]],[[70796,63456],[-96,68]],[[70700,63524],[-890,637],[-226,464]],[[67963,62585],[243,-613],[-763,-265],[-235,207]],[[67208,61914],[-448,1463],[144,369]],[[66904,63746],[583,1018]],[[70700,63524],[53,-602],[1032,-729]],[[71785,62193],[201,-366]],[[71986,61827],[-492,-256]],[[71494,61571],[-151,-77]],[[71343,61494],[-392,443],[-1198,421],[-233,-493]],[[69520,61865],[-649,302]],[[68871,62167],[-575,265]],[[77680,63335],[-1110,-1145]],[[76570,62190],[-1095,-159],[-912,-558]],[[74563,61473],[-758,387]],[[73805,61860],[61,1593]],[[73213,63482],[332,-1531]],[[73545,61951],[-985,226]],[[72560,62177],[-574,-350]],[[71785,62193],[-293,532],[300,618]],[[73805,61860],[-260,91]],[[68871,62167],[-579,-806],[341,-339],[602,-17]],[[69235,61005],[-578,-834]],[[68657,60171],[-88,-32]],[[68569,60139],[-579,760],[-881,243]],[[67109,61142],[99,772]],[[71343,61494],[-629,-321],[-760,-99]],[[69954,61074],[59,574]],[[70013,61648],[-493,217]],[[70013,61648],[-518,-151],[-260,-492]],[[71986,61827],[-179,-262],[400,-1158],[-549,-907]],[[71658,59500],[-229,-189]],[[71429,59311],[-247,692],[312,1568]],[[69954,61074],[716,-1513],[-119,-558]],[[70551,59003],[-721,-310]],[[69830,58693],[-361,1012],[-812,466]],[[71429,59311],[-237,-415]],[[71192,58896],[-641,107]],[[68569,60139],[-699,-400]],[[67870,59739],[-552,408],[2,-4]],[[67320,60143],[-62,-219],[-109,-64],[-368,32]],[[66781,59892],[328,1250]],[[69830,58693],[-533,-524]],[[69297,58169],[-240,588],[-1050,86]],[[68007,58843],[-137,896]],[[69297,58169],[-262,-8]],[[69035,58161],[-642,204],[-386,478]],[[80280,66897],[356,135]],[[80636,67032],[298,-147]],[[80934,66885],[-15,-942]],[[80919,65943],[-364,104]],[[80555,66047],[-54,157]],[[80501,66204],[-221,693]],[[79989,67059],[291,-162]],[[80501,66204],[-166,-565]],[[80335,65639],[-492,-238]],[[81449,66915],[721,-40]],[[82170,66875],[172,-176]],[[82342,66699],[-247,-775]],[[82095,65924],[-467,68]],[[81628,65992],[-179,923]],[[80934,66885],[504,33]],[[81438,66918],[11,-3]],[[81628,65992],[90,-594]],[[81718,65398],[-233,-292]],[[81485,65106],[-566,837]],[[87785,66711],[-41,-310]],[[87744,66401],[-190,118]],[[87554,66519],[-191,-2]],[[87363,66517],[121,3]],[[87484,66520],[301,191]],[[87785,66711],[195,-105]],[[87980,66606],[218,-152]],[[88198,66454],[172,-252]],[[88370,66202],[45,-76]],[[88415,66126],[-64,-15]],[[88351,66111],[-607,290]],[[82342,66699],[264,-187]],[[82606,66512],[138,-122]],[[82744,66390],[86,-93]],[[82830,66297],[-682,-537]],[[82148,65760],[-53,164]],[[87554,66519],[-257,-460]],[[87297,66059],[-160,260]],[[87137,66319],[11,38]],[[87148,66357],[215,160]],[[88351,66111],[-187,-55]],[[88164,66056],[-231,-438]],[[87933,65618],[-485,191]],[[87448,65809],[-89,-36]],[[87359,65773],[-62,286]],[[87359,65773],[-259,-160]],[[87100,65613],[-41,-20]],[[87059,65593],[-59,225]],[[87000,65818],[-109,287]],[[86891,66105],[246,214]],[[92372,66031],[63,15],[76,57]],[[92511,66103],[81,21],[104,-42],[119,-28]],[[92815,66054],[20,-2],[43,-23],[20,-12],[37,-6],[29,18],[30,4],[203,-185],[0,-1]],[[93197,65847],[-198,-188]],[[92999,65659],[-86,1]],[[92913,65660],[-139,118]],[[92774,65778],[-175,174]],[[92599,65952],[-227,79]],[[82830,66297],[66,-319]],[[82896,65978],[-3,-62],[-3,-9],[-16,-42],[-20,-43],[-6,-7],[18,-32],[34,-122],[31,1],[352,8]],[[83283,65670],[-496,-694]],[[82787,64976],[-251,-121]],[[82536,64855],[-362,631]],[[82174,65486],[-26,274]],[[92599,65952],[-205,-112]],[[92394,65840],[-24,173]],[[92370,66013],[2,18]],[[92394,65840],[260,-106]],[[92654,65734],[-156,-159]],[[92498,65575],[-434,-16]],[[92064,65559],[-2,4]],[[92062,65563],[54,352]],[[92116,65915],[137,38]],[[92253,65953],[117,60]],[[92774,65778],[-120,-44]],[[87000,65818],[-340,74]],[[86660,65892],[-83,18]],[[86577,65910],[28,30]],[[86605,65940],[286,165]],[[92062,65563],[-111,245]],[[91951,65808],[17,151]],[[91968,65959],[148,-44]],[[80555,66047],[-220,-408]],[[84256,66024],[277,-371]],[[84533,65653],[-41,-975]],[[84492,64678],[-730,341]],[[83762,65019],[-133,449]],[[83629,65468],[350,313]],[[83979,65781],[277,243]],[[82174,65486],[-456,-88]],[[92064,65559],[-31,-142]],[[92033,65417],[-153,6]],[[91880,65423],[-15,35]],[[91865,65458],[86,350]],[[92913,65660],[-79,-324]],[[92834,65336],[-86,-99]],[[92748,65237],[-269,128]],[[92479,65365],[19,210]],[[81485,65106],[-638,-800]],[[80847,64306],[-598,-391]],[[80249,63915],[-238,397],[-766,212]],[[86660,65892],[180,-747]],[[86840,65145],[-189,-219]],[[86651,64926],[-604,607]],[[86047,65533],[102,136]],[[86149,65669],[295,182]],[[86444,65851],[133,59]],[[87059,65593],[-217,-448]],[[86842,65145],[-2,0]],[[87933,65618],[43,-48]],[[87976,65570],[-6,-194]],[[87970,65376],[-127,-45]],[[87843,65331],[-254,236]],[[87589,65567],[-141,242]],[[87589,65567],[-489,46]],[[92999,65659],[-4,-178]],[[92995,65481],[-157,-150]],[[92838,65331],[-4,5]],[[92479,65365],[-348,-187]],[[92131,65178],[-142,59]],[[91989,65237],[-32,2]],[[91957,65239],[76,178]],[[84533,65653],[332,13]],[[84865,65666],[326,-93]],[[85191,65573],[282,-146]],[[85473,65427],[-31,-199]],[[85442,65228],[385,-640]],[[85827,64588],[-401,-355]],[[85426,64233],[-862,21]],[[84564,64254],[-72,424]],[[92995,65481],[214,-275]],[[93209,65206],[-329,3]],[[92880,65209],[-42,122]],[[87843,65331],[-370,-359]],[[87473,64972],[-210,10]],[[87263,64982],[-421,163]],[[83283,65670],[3,3],[23,22]],[[83309,65695],[201,-134]],[[83510,65561],[220,-731]],[[83730,64830],[213,-393]],[[83943,64437],[-248,-237]],[[83695,64200],[-378,-127]],[[83317,64073],[-570,563]],[[82747,64636],[40,340]],[[91880,65423],[-68,-124]],[[91812,65299],[-217,-115]],[[91595,65184],[-93,161]],[[91502,65345],[157,86]],[[91659,65431],[206,27]],[[91957,65239],[-145,60]],[[85473,65427],[141,28]],[[85614,65455],[364,71]],[[85978,65526],[-178,-387]],[[85800,65139],[-358,89]],[[92880,65209],[-107,-201]],[[92773,65008],[-212,-60]],[[92561,64948],[-70,66]],[[92491,65014],[257,223]],[[86651,64926],[-304,-229]],[[86347,64697],[-303,47]],[[86044,64744],[-244,395]],[[85978,65526],[69,7]],[[92479,65365],[-94,-254]],[[92385,65111],[-266,2]],[[92119,65113],[12,65]],[[92491,65014],[-106,97]],[[83762,65019],[-32,-189]],[[83510,65561],[119,-93]],[[91595,65184],[-121,-204]],[[91474,64980],[-15,-165]],[[91459,64815],[60,-96]],[[91519,64719],[-251,-70]],[[91268,64649],[-108,18]],[[91160,64667],[-27,300]],[[91133,64967],[-127,242]],[[91006,65209],[496,136]],[[92119,65113],[122,-317]],[[92241,64796],[-219,-165]],[[92022,64631],[-168,73]],[[91854,64704],[-33,121]],[[91821,64825],[93,195]],[[91914,65020],[75,217]],[[91914,65020],[-440,-40]],[[82536,64855],[-147,-344]],[[82389,64511],[-252,-17]],[[82137,64494],[-270,-527]],[[81867,63967],[-170,300],[-850,39]],[[90634,65158],[35,-34]],[[90669,65124],[-97,-410]],[[90572,64714],[-138,-18]],[[90434,64696],[-137,43]],[[90297,64739],[-180,453]],[[90117,65192],[296,11]],[[90413,65203],[221,-45]],[[91133,64967],[-219,-42]],[[90914,64925],[-49,236]],[[90865,65161],[141,48]],[[90297,64739],[-654,188]],[[89643,64927],[9,16]],[[89652,64943],[119,244]],[[89771,65187],[346,5]],[[92561,64948],[-48,-165]],[[92513,64783],[-272,13]],[[90669,65124],[196,37]],[[90914,64925],[-126,-276]],[[90788,64649],[-130,9]],[[90658,64658],[-86,56]],[[86044,64744],[-217,-156]],[[87263,64982],[-429,-940]],[[86834,64042],[-471,-225]],[[86363,63817],[-246,77]],[[86117,63894],[230,803]],[[91821,64825],[-362,-10]],[[92773,65008],[68,-201],[81,-81],[66,-52],[17,-24],[10,-22]],[[93015,64628],[-338,-91]],[[92677,64537],[-138,93]],[[92539,64630],[-58,4]],[[92481,64634],[32,149]],[[91160,64667],[-270,-68]],[[90890,64599],[-102,50]],[[89643,64927],[-39,-617]],[[89604,64310],[-376,-166]],[[89228,64144],[-190,233]],[[89038,64377],[197,477]],[[89235,64854],[98,24]],[[89333,64878],[88,86]],[[89421,64964],[231,-21]],[[87473,64972],[467,-239]],[[87940,64733],[262,-705]],[[88202,64028],[-311,-279]],[[87891,63749],[-186,8]],[[87705,63757],[-433,-44]],[[87272,63713],[-438,329]],[[90434,64696],[-13,-48]],[[90421,64648],[-57,-502]],[[90364,64146],[-175,-113]],[[90189,64033],[-33,33]],[[90156,64066],[-552,244]],[[91854,64704],[-335,15]],[[84564,64254],[-621,183]],[[92481,64634],[-122,-14]],[[92359,64620],[-118,176]],[[92359,64620],[-377,-62]],[[91982,64558],[40,73]],[[82747,64636],[-358,-125]],[[91982,64558],[102,-235]],[[92084,64323],[-116,-46]],[[91968,64277],[-348,9]],[[91620,64286],[-69,3]],[[91551,64289],[-32,430]],[[91551,64289],[-478,28]],[[91073,64317],[195,332]],[[90658,64658],[-237,-10]],[[93015,64628],[67,8]],[[93082,64636],[-66,-322]],[[93016,64314],[-99,-81]],[[92917,64233],[-301,70]],[[92616,64303],[-68,107]],[[92548,64410],[129,127]],[[93082,64636],[189,-161]],[[93271,64475],[113,-153]],[[93384,64322],[-132,-308]],[[93252,64014],[-236,300]],[[92539,64630],[-71,-276]],[[92468,64354],[-384,-31]],[[90890,64599],[44,-514]],[[90934,64085],[-107,-416]],[[90827,63669],[-217,9]],[[90610,63678],[-136,-45]],[[90474,63633],[-110,513]],[[91073,64317],[-139,-232]],[[92548,64410],[-80,-56]],[[86117,63894],[-691,339]],[[93271,64475],[213,55]],[[93484,64530],[-100,-208]],[[83317,64073],[-515,-490]],[[82802,63583],[-197,107]],[[82605,63690],[-236,-35]],[[82369,63655],[-232,839]],[[92616,64303],[-94,-301]],[[92522,64002],[-122,-139]],[[92400,63863],[-233,-133]],[[92167,63730],[-17,68]],[[92150,63798],[-66,525]],[[91968,64277],[5,-192]],[[91973,64085],[-123,-334]],[[91850,63751],[-178,-143]],[[91672,63608],[-155,3]],[[91517,63611],[-48,422]],[[91469,64033],[151,253]],[[93252,64014],[-42,-159]],[[93210,63855],[-330,86]],[[92880,63941],[37,292]],[[92150,63798],[-142,65]],[[92008,63863],[-35,222]],[[89228,64144],[-452,105]],[[88776,64249],[262,128]],[[92880,63941],[-358,61]],[[82369,63655],[-485,-218]],[[81884,63437],[-17,530]],[[90156,64066],[-392,-402]],[[89764,63664],[-366,-17]],[[89398,63647],[-119,301]],[[89279,63948],[-51,196]],[[91469,64033],[-251,-213]],[[91218,63820],[-102,-202]],[[91116,63618],[-260,-16]],[[90856,63602],[-29,67]],[[80249,63915],[-144,-758],[409,-707]],[[80514,62450],[-388,-800],[-857,-149],[-27,9],[-103,-4],[-21,-7]],[[79118,61499],[44,64],[-11,42],[55,30],[20,167],[145,196],[42,260],[-680,897]],[[78733,63155],[525,514],[-236,705]],[[86363,63817],[-183,-465]],[[86180,63352],[-414,-121]],[[85766,63231],[-78,-59]],[[85688,63172],[-1012,-435]],[[84676,62737],[-541,-110]],[[84135,62627],[170,764]],[[84305,63391],[-610,809]],[[89279,63948],[-7,-564]],[[89272,63384],[-160,-141]],[[89112,63243],[-156,-310]],[[88956,62933],[-117,225]],[[88839,63158],[124,197],[-362,193]],[[88601,63548],[-118,72]],[[88483,63620],[-17,462]],[[88466,64082],[310,167]],[[78733,63155],[-913,363]],[[81884,63437],[-590,-413],[-233,-579]],[[81061,62445],[-547,5]],[[90474,63633],[-396,-229]],[[90078,63404],[3,49]],[[90081,63453],[108,580]],[[92008,63863],[-158,-112]],[[89398,63647],[-126,-263]],[[84305,63391],[-528,-389]],[[83777,63002],[-245,-37]],[[83532,62965],[-254,204]],[[83278,63169],[-476,414]],[[90081,63453],[-317,211]],[[91517,63611],[-118,-51]],[[91399,63560],[-99,-6]],[[91300,63554],[-82,266]],[[93210,63855],[-110,-364]],[[93100,63491],[-414,178]],[[92686,63669],[-286,194]],[[88202,64028],[60,-27]],[[88262,64001],[204,81]],[[88483,63620],[-309,-134]],[[88174,63486],[-283,263]],[[87272,63713],[38,-960]],[[87310,62753],[-548,-38],[-582,637]],[[92686,63669],[-176,-429]],[[92510,63240],[-169,-11]],[[92341,63229],[-172,141]],[[92169,63370],[-2,360]],[[92008,63863],[25,-456]],[[92033,63407],[-96,-55]],[[91937,63352],[-252,245]],[[91685,63597],[-13,11]],[[92169,63370],[-136,37]],[[91300,63554],[-99,3]],[[91201,63557],[-85,61]],[[87705,63757],[-219,-607],[429,-861]],[[87915,62289],[-605,464]],[[93100,63491],[-245,-606]],[[92855,62885],[-345,355]],[[88174,63486],[9,-1045]],[[88183,62441],[-263,-180]],[[87920,62261],[-5,28]],[[90856,63602],[19,-474]],[[90875,63128],[-193,87]],[[90682,63215],[-72,463]],[[90682,63215],[-75,-21]],[[90607,63194],[-202,-85]],[[90405,63109],[-442,91]],[[89963,63200],[115,204]],[[89764,63664],[35,-593]],[[89799,63071],[-124,-45]],[[89675,63026],[-242,-154]],[[89433,62872],[-321,371]],[[89963,63200],[-17,3]],[[89946,63203],[-147,-132]],[[91685,63597],[-57,-167]],[[91628,63430],[-229,130]],[[91201,63557],[-170,-332]],[[91031,63225],[-74,-167]],[[90957,63058],[-82,70]],[[91937,63352],[-115,-87]],[[91822,63265],[-110,20]],[[91712,63285],[-84,145]],[[88839,63158],[-238,390]],[[88601,63548],[108,-700]],[[88709,62848],[-101,-279]],[[88608,62569],[-142,-125]],[[88466,62444],[-283,-3]],[[91712,63285],[-128,-75]],[[91584,63210],[-323,-169]],[[91261,63041],[-193,0]],[[91068,63041],[-37,184]],[[88956,62933],[-247,-85]],[[92341,63229],[-8,-376]],[[92333,62853],[-452,235]],[[91881,63088],[-54,125]],[[91827,63213],[-5,52]],[[91827,63213],[-146,-387]],[[91681,62826],[-97,384]],[[92855,62885],[-133,-208]],[[92722,62677],[-389,176]],[[84135,62627],[-358,375]],[[87310,62753],[-415,-394]],[[86895,62359],[-697,121]],[[86198,62480],[-429,-27],[-3,778]],[[89433,62872],[-29,-253]],[[89404,62619],[-125,45]],[[89279,62664],[-323,269]],[[90607,63194],[105,-222]],[[90712,62972],[-69,-256]],[[90643,62716],[-56,-97]],[[90587,62619],[-149,45]],[[90438,62664],[-292,223]],[[90146,62887],[259,222]],[[90146,62887],[-60,-182]],[[90086,62705],[-140,498]],[[91881,63088],[257,-470]],[[92138,62618],[73,-178]],[[92211,62440],[-266,-103]],[[91945,62337],[-292,77]],[[91653,62414],[-86,-58]],[[91567,62356],[-200,-71]],[[91367,62285],[-170,-69]],[[91197,62216],[30,277]],[[91227,62493],[454,333]],[[91068,63041],[74,-219]],[[91142,62822],[-188,201]],[[90954,63023],[3,35]],[[91227,62493],[34,548]],[[90954,63023],[-242,-51]],[[92333,62853],[-195,-235]],[[90086,62705],[-225,-22]],[[89861,62683],[-186,343]],[[86198,62480],[-331,-453]],[[85867,62027],[-236,-139]],[[85631,61888],[-351,63],[-6,780],[414,441]],[[85631,61888],[-265,-205]],[[85366,61683],[-203,-189]],[[85163,61494],[-147,894],[-459,109]],[[84557,62497],[119,240]],[[91227,62493],[-85,329]],[[91142,62822],[-230,-77]],[[90912,62745],[-269,-29]],[[89675,63026],[241,-550]],[[89916,62476],[-201,144]],[[89715,62620],[-213,-16]],[[89502,62604],[-98,15]],[[89861,62683],[55,-207]],[[92722,62677],[-27,-254]],[[92695,62423],[-484,17]],[[89279,62664],[-180,-273]],[[89099,62391],[-491,178]],[[90438,62664],[-172,-202]],[[90266,62462],[-180,243]],[[91197,62216],[-232,104]],[[90965,62320],[-49,3]],[[90916,62323],[-4,422]],[[90916,62323],[-252,-37]],[[90664,62286],[-77,333]],[[90266,62462],[163,-214]],[[90429,62248],[-172,-263]],[[90257,61985],[-274,239]],[[89983,62224],[-67,252]],[[87920,62261],[-272,-623]],[[87648,61638],[-89,-59]],[[87559,61579],[-55,214]],[[87504,61793],[-313,302]],[[87191,62095],[-295,251]],[[86896,62346],[-1,13]],[[90664,62286],[-20,-2]],[[90644,62284],[-215,-36]],[[89502,62604],[307,-419]],[[89809,62185],[-155,-162]],[[89654,62023],[-242,-134]],[[89412,61889],[-35,-28]],[[89377,61861],[-281,164]],[[89096,62025],[-84,60]],[[89012,62085],[23,141]],[[89035,62226],[64,165]],[[89715,62620],[94,-435]],[[89983,62224],[-174,-39]],[[92695,62423],[-78,-197]],[[92617,62226],[-252,-36]],[[92365,62190],[-36,-8],[-57,33],[-53,16],[-126,37]],[[92093,62268],[-148,69]],[[89035,62226],[-569,218]],[[88466,62444],[9,-16]],[[88475,62428],[-497,-1049]],[[87978,61379],[-11,-30]],[[87967,61349],[-257,154]],[[87710,61503],[-62,135]],[[89012,62085],[-133,-47]],[[88879,62038],[-456,-235]],[[88423,61803],[52,625]],[[88423,61803],[-35,-375]],[[88388,61428],[-146,-251]],[[88242,61177],[-91,46]],[[88151,61223],[-173,156]],[[92617,62226],[-67,-114]],[[92550,62112],[-3,14],[-48,37],[-75,0],[-48,22],[-11,5]],[[90257,61985],[-74,-51]],[[90183,61934],[-309,-146]],[[89874,61788],[-220,235]],[[89377,61861],[-128,-35]],[[89249,61826],[-153,199]],[[89249,61826],[-370,212]],[[89249,61826],[49,-422]],[[89298,61404],[-306,-158]],[[88992,61246],[-403,128]],[[88589,61374],[-201,54]],[[89874,61788],[-57,-182]],[[89817,61606],[-248,-116]],[[89569,61490],[-157,399]],[[89569,61490],[-49,11]],[[89520,61501],[-222,-97]],[[82896,65978],[9,-4],[88,-52],[124,-53],[130,-69]],[[83247,65800],[62,-105]],[[93197,65847],[-18,-65],[10,-29]],[[93189,65753],[298,-122]],[[93487,65631],[53,-31]],[[93540,65600],[-51,-363]],[[93489,65237],[-6,-2],[-31,-42],[-10,-17]],[[93442,65176],[-16,1],[-49,18],[-12,63],[-44,-11],[-15,-4],[-97,-37]],[[87971,69503],[-870,-168]],[[87101,69335],[-33,245]],[[87101,69335],[-10,-178]],[[87091,69157],[-350,-293]],[[86741,68864],[-173,80]],[[86568,68944],[-43,303]],[[87571,69001],[-437,-26]],[[87134,68975],[-43,182]],[[85438,68883],[-124,-202]],[[85314,68681],[-328,159]],[[84986,68840],[-162,267]],[[84824,69107],[-56,146]],[[90402,68746],[-20,-341]],[[90382,68405],[-78,-318]],[[90304,68087],[-153,5]],[[90151,68092],[-495,276]],[[89815,68481],[315,615]],[[86568,68944],[-120,-14]],[[86448,68930],[-158,159]],[[87134,68975],[181,-275]],[[87315,68700],[-505,28]],[[86810,68728],[-69,136]],[[86448,68930],[-47,-198]],[[86401,68732],[-142,-24]],[[86259,68708],[-195,200]],[[87372,68656],[-57,44]],[[84986,68840],[-141,-461]],[[84845,68379],[-316,186]],[[84529,68565],[126,266]],[[84655,68831],[169,276]],[[86259,68708],[-8,-189]],[[86251,68519],[-34,-2]],[[86217,68517],[-481,48]],[[85736,68565],[87,218]],[[86810,68728],[-30,-143]],[[86780,68585],[-379,147]],[[85736,68565],[-176,324]],[[91301,68547],[-32,-90]],[[91269,68457],[-1027,-686]],[[90242,67771],[62,316]],[[90382,68405],[137,335]],[[86217,68517],[-120,-619]],[[86097,67898],[-568,13]],[[85529,67911],[-319,-61]],[[85210,67850],[104,831]],[[85210,67850],[-105,-71]],[[85105,67779],[-252,359]],[[84853,68138],[-8,241]],[[91798,68585],[4,-278]],[[91802,68307],[-199,-145]],[[91603,68162],[-254,372]],[[87354,68248],[-149,-13]],[[87205,68235],[-226,-23]],[[86979,68212],[-49,12]],[[86930,68224],[-307,210]],[[86623,68434],[157,151]],[[92265,68472],[-213,-390]],[[92052,68082],[-124,105]],[[91928,68187],[-126,120]],[[86623,68434],[-372,85]],[[91603,68162],[27,-59]],[[91630,68103],[-321,-35]],[[91309,68068],[-40,389]],[[92411,68343],[101,-247]],[[92512,68096],[-233,-104]],[[92279,67992],[-218,65]],[[92061,68057],[-9,25]],[[93397,68388],[-11,-307]],[[93386,68081],[-82,26]],[[93304,68107],[-219,-60]],[[93085,68047],[-33,314]],[[91309,68068],[-224,-127]],[[91085,67941],[-473,-570]],[[90612,67371],[-187,56]],[[90425,67427],[-179,200]],[[90246,67627],[-5,135]],[[90241,67762],[1,9]],[[93085,68047],[-76,-817]],[[93009,67230],[-87,-2]],[[92922,67228],[-297,-14]],[[92625,67214],[-83,280]],[[92542,67494],[321,12],[-167,239],[-262,-42]],[[92434,67703],[-46,52]],[[92388,67755],[53,12]],[[92441,67767],[41,126]],[[92482,67893],[363,369]],[[92482,67893],[30,203]],[[84853,68138],[-130,13]],[[84723,68151],[-108,37]],[[84615,68188],[-88,77]],[[84527,68265],[-44,152]],[[84483,68417],[46,148]],[[86930,68224],[-80,-761]],[[86850,67463],[-68,-25]],[[86782,67438],[-270,20]],[[86512,67458],[-368,270]],[[86144,67728],[-47,170]],[[91928,68187],[-218,-103]],[[91710,68084],[-80,19]],[[90151,68092],[-552,44]],[[92061,68057],[-121,-286]],[[91940,67771],[-105,-136]],[[91835,67635],[-136,110]],[[91699,67745],[11,339]],[[93304,68107],[141,-334]],[[93445,67773],[47,-382]],[[93492,67391],[-241,-102]],[[93251,67289],[-242,-59]],[[93386,68081],[59,-308]],[[87886,67901],[108,-228]],[[87994,67673],[-690,7]],[[87304,67680],[-113,366]],[[87191,68046],[14,189]],[[92441,67767],[-148,187]],[[92293,67954],[-14,38]],[[91699,67745],[-39,-55]],[[91660,67690],[-118,-18]],[[91542,67672],[-218,57]],[[91324,67729],[-239,212]],[[87191,68046],[-100,-108]],[[87091,67938],[-112,274]],[[90241,67762],[-316,-72]],[[89925,67690],[-343,31]],[[89582,67721],[-11,0]],[[87091,67938],[53,-463]],[[87144,67475],[-294,-12]],[[92279,67992],[-60,-215]],[[92219,67777],[-181,-75]],[[92038,67702],[-98,69]],[[88576,67935],[-162,-218]],[[88414,67717],[-124,201]],[[92293,67954],[-74,-177]],[[84723,68151],[-200,-210]],[[84523,67941],[-64,130]],[[84459,68071],[156,117]],[[89020,67554],[-320,453]],[[92388,67755],[-80,-20]],[[92308,67735],[-89,42]],[[85105,67779],[-2,-151]],[[85103,67628],[-585,-126]],[[84518,67502],[5,439]],[[87304,67680],[-102,-222]],[[87202,67458],[-58,17]],[[91324,67729],[161,-232]],[[91485,67497],[-17,-336]],[[91468,67161],[-92,1]],[[91376,67162],[-354,368]],[[91022,67530],[-410,-159]],[[89028,67536],[-291,-343]],[[88737,67193],[-146,3]],[[88591,67196],[3,55]],[[88594,67251],[-180,466]],[[84518,67502],[-98,15]],[[84420,67517],[-196,142]],[[84224,67659],[10,216]],[[84234,67875],[225,196]],[[88594,67251],[-184,-5]],[[88410,67246],[-457,160]],[[87953,67406],[41,267]],[[85529,67911],[-90,-323]],[[85439,67588],[-133,8]],[[85306,67596],[-128,22]],[[85178,67618],[-75,10]],[[92308,67735],[-144,-103]],[[92164,67632],[-96,-54]],[[92068,67578],[-30,124]],[[92068,67578],[-7,-145]],[[92061,67433],[-37,68]],[[92024,67501],[-161,-27]],[[91863,67474],[-158,-80]],[[91705,67394],[-220,103]],[[91485,67497],[57,175]],[[91660,67690],[175,-55]],[[90246,67627],[-178,-187]],[[90068,67440],[-2,1]],[[90066,67441],[-141,249]],[[92542,67494],[-108,209]],[[92625,67214],[-142,-69]],[[92483,67145],[-176,161]],[[92307,67306],[-143,326]],[[86144,67728],[-308,-219]],[[85836,67509],[-397,79]],[[90066,67441],[-327,-141]],[[89739,67300],[-157,421]],[[89739,67300],[-172,-448]],[[89567,66852],[-326,73]],[[89241,66925],[-194,216]],[[89047,67141],[-41,98]],[[89006,67239],[298,266]],[[92307,67306],[-163,-75]],[[92144,67231],[-48,120]],[[92096,67351],[-35,82]],[[91863,67474],[-30,-83]],[[91833,67391],[-31,-86]],[[91802,67305],[-97,89]],[[90425,67427],[-157,-437]],[[90268,66990],[-200,450]],[[86512,67458],[-6,-279]],[[86506,67179],[-637,51]],[[85869,67230],[-33,279]],[[87953,67406],[-46,-129]],[[87907,67277],[-58,-153]],[[87849,67124],[-233,-57]],[[87616,67067],[-177,-49]],[[87439,67018],[-237,440]],[[92024,67501],[-191,-110]],[[91376,67162],[-67,-15]],[[91309,67147],[-182,-190]],[[91127,66957],[-25,-3]],[[91102,66954],[2,57]],[[91104,67011],[-188,188]],[[90916,67199],[106,331]],[[92096,67351],[-294,-46]],[[90916,67199],[149,-178]],[[91065,67021],[-144,-80]],[[90921,66941],[-40,-125]],[[90881,66816],[-608,-67]],[[90273,66749],[-5,241]],[[91802,67305],[25,-111]],[[91827,67194],[-266,-10]],[[91561,67184],[-93,-23]],[[89006,67239],[-269,-46]],[[85178,67618],[-5,-222]],[[85173,67396],[149,-225]],[[85322,67171],[-98,-42]],[[85224,67129],[-158,-49]],[[85066,67080],[-570,56]],[[84496,67136],[-76,381]],[[93492,67391],[61,-304]],[[93553,67087],[-302,202]],[[85306,67596],[-133,-200]],[[85869,67230],[-356,-44]],[[85513,67186],[-180,-66]],[[85333,67120],[-11,51]],[[90273,66749],[-303,-108]],[[89970,66641],[-403,211]],[[92144,67231],[-227,-20]],[[91917,67211],[-90,-17]],[[87202,67458],[-42,-474]],[[87160,66984],[-81,-176]],[[87079,66808],[-342,227]],[[86737,67035],[45,403]],[[93553,67087],[15,-125]],[[93568,66962],[-19,-80]],[[93549,66882],[-69,-92]],[[93480,66790],[-138,-85],[-11,-86]],[[93331,66619],[36,-163]],[[93367,66456],[-382,-157]],[[92985,66299],[-53,173]],[[92932,66472],[-40,675]],[[92892,67147],[30,81]],[[87439,67018],[-279,-34]],[[92483,67145],[-173,-130]],[[92310,67015],[-253,-84]],[[92057,66931],[-140,280]],[[86737,67035],[-231,144]],[[88410,67246],[-188,-125]],[[88222,67121],[-315,156]],[[92892,67147],[-136,-524]],[[92756,66623],[-119,-67]],[[92637,66556],[-231,43]],[[92406,66599],[82,143]],[[92488,66742],[137,472]],[[91104,67011],[-39,10]],[[92488,66742],[-178,273]],[[92057,66931],[6,-164]],[[92063,66767],[-325,82]],[[91738,66849],[-102,-123]],[[91636,66726],[-34,59]],[[91602,66785],[-41,399]],[[89047,67141],[-447,-167]],[[88600,66974],[-9,222]],[[92932,66472],[-176,151]],[[91602,66785],[-221,-34]],[[91381,66751],[-141,121]],[[91240,66872],[69,275]],[[93568,66962],[34,-78]],[[93602,66884],[-53,-2]],[[88222,67121],[-3,-222]],[[88219,66899],[-238,15]],[[87981,66914],[-135,15]],[[87846,66929],[3,195]],[[88600,66974],[-210,-82]],[[88390,66892],[-171,7]],[[91240,66872],[-113,85]],[[85869,67230],[-41,-395]],[[85828,66835],[-315,351]],[[87846,66929],[-284,-19]],[[87562,66910],[54,157]],[[89241,66925],[-65,-219]],[[89176,66706],[-193,-144]],[[88983,66562],[-621,173]],[[88362,66735],[28,157]],[[86506,67179],[-276,-490]],[[86230,66689],[-321,104]],[[85909,66793],[-81,42]],[[91102,66954],[-35,-106]],[[91067,66848],[-146,93]],[[87079,66808],[-42,-169]],[[87037,66639],[-283,28]],[[86754,66667],[-73,-30]],[[86681,66637],[-345,-234]],[[86336,66403],[-106,286]],[[92310,67015],[-11,-519]],[[92299,66496],[-188,-20]],[[92111,66476],[-3,195]],[[92108,66671],[-45,96]],[[92406,66599],[-107,-103]],[[85066,67080],[-18,-18]],[[85048,67062],[-352,-77]],[[84696,66985],[-156,65]],[[84540,67050],[-44,86]],[[85909,66793],[-27,-162]],[[85882,66631],[-222,-111]],[[85660,66520],[-263,45]],[[85397,66565],[-161,155]],[[85236,66720],[97,400]],[[85236,66720],[-173,-75]],[[85063,66645],[-63,140]],[[85000,66785],[4,1]],[[85004,66786],[220,343]],[[85004,66786],[44,276]],[[87562,66910],[-158,-250]],[[87404,66660],[-367,-21]],[[91381,66751],[-100,-90]],[[91281,66661],[-138,75]],[[91143,66736],[-76,112]],[[93602,66884],[60,-486]],[[93662,66398],[-295,58]],[[93331,66619],[149,171]],[[91143,66736],[-262,80]],[[85000,66785],[-313,-58]],[[84687,66727],[9,258]],[[91738,66849],[30,-104]],[[91768,66745],[-220,-197]],[[91548,66548],[88,178]],[[89970,66641],[42,-154]],[[90012,66487],[-663,-85]],[[89349,66402],[-173,304]],[[92108,66671],[-150,-68]],[[91958,66603],[-190,142]],[[87484,66520],[-80,140]],[[87981,66914],[-1,-308]],[[88362,66735],[-164,-281]],[[91281,66661],[177,-197]],[[91458,66464],[-1,-117]],[[91457,66347],[-290,-13]],[[91167,66334],[-393,-128]],[[90774,66206],[-524,14]],[[90250,66220],[-353,105]],[[89897,66325],[115,162]],[[91548,66548],[-90,-84]],[[91958,66603],[-165,-331]],[[91793,66272],[-336,75]],[[92111,66476],[66,-61]],[[92177,66415],[-22,-114]],[[92155,66301],[-242,-173]],[[91913,66128],[-120,144]],[[92932,66472],[-284,-60]],[[92648,66412],[-11,144]],[[88983,66562],[-613,-360]],[[86336,66403],[-172,-98]],[[86164,66305],[-271,295]],[[85893,66600],[-11,31]],[[89349,66402],[34,-203]],[[89383,66199],[-599,-192]],[[88784,66007],[-369,119]],[[92648,66412],[18,-43]],[[92666,66369],[-190,-98]],[[92476,66271],[-299,144]],[[84256,66024],[431,703]],[[85063,66645],[-27,-157]],[[85036,66488],[-106,-363]],[[84930,66125],[-65,-459]],[[85397,66565],[41,-266]],[[85438,66299],[-101,-87]],[[85337,66212],[-301,276]],[[87148,66357],[-394,310]],[[91167,66334],[127,-263]],[[91294,66071],[-217,-297]],[[91077,65774],[-303,432]],[[86605,65940],[76,697]],[[93662,66398],[-16,-374]],[[93646,66024],[-131,115]],[[93515,66139],[-148,317]],[[86444,65851],[-276,389]],[[86168,66240],[-4,65]],[[92815,66054],[-149,315]],[[92985,66299],[293,-305]],[[93278,65994],[-89,-241]],[[93515,66139],[-18,-287]],[[93497,65852],[-219,142]],[[85893,66600],[6,-376]],[[85899,66224],[-58,-46]],[[85841,66178],[-181,342]],[[92253,65953],[-98,348]],[[92476,66271],[35,-168]],[[89421,64964],[-162,526]],[[89259,65490],[124,709]],[[89897,66325],[-214,-805]],[[89683,65520],[88,-333]],[[85841,66178],[-124,-61]],[[85717,66117],[-279,182]],[[86168,66240],[-112,-90]],[[86056,66150],[-157,74]],[[91913,66128],[-42,-28]],[[91871,66100],[-494,-77]],[[91377,66023],[80,324]],[[91377,66023],[-83,48]],[[85337,66212],[-407,-87]],[[91968,65959],[-55,169]],[[90413,65203],[-211,676]],[[90202,65879],[48,341]],[[91077,65774],[-29,-293]],[[91048,65481],[-414,-323]],[[90202,65879],[-519,-359]],[[89259,65490],[-263,-14]],[[88996,65476],[-212,531]],[[85717,66117],[-393,-95]],[[85324,66022],[13,190]],[[93487,65631],[10,221]],[[93646,66024],[-106,-424]],[[91659,65431],[-10,149]],[[91649,65580],[222,520]],[[91649,65580],[-601,-99]],[[86149,65669],[-93,481]],[[85614,65455],[103,662]],[[85324,66022],[-133,-449]],[[88996,65476],[-25,-169]],[[88971,65307],[-569,-94]],[[88402,65213],[-108,313]],[[88294,65526],[-135,315]],[[88159,65841],[5,215]],[[88159,65841],[-183,-271]],[[88294,65526],[-324,-150]],[[89333,64878],[-362,429]],[[88402,65213],[104,-520]],[[88506,64693],[-566,40]],[[89235,64854],[-651,-140]],[[88584,64714],[-78,-21]],[[88262,64001],[322,713]],[[51974,82939],[-1672,-378],[-160,-229]],[[50142,82332],[-747,-66],[-977,2032]],[[48418,84298],[-609,-40],[-415,435],[231,425],[-500,472],[-469,939],[-23,497],[-513,131],[-552,628]],[[45568,87785],[-501,686],[-92,1058],[-852,1245]],[[44123,90774],[-661,2158]],[[43462,92932],[1867,468],[203,-393]],[[45532,93007],[82,-129],[101,-135],[-2,-41],[-15,-23],[-2,-4],[5,-9],[6,-10],[-16,-10],[-2,-19],[-3,-32],[86,-116],[34,-46],[-9,-39],[-3,-15],[-34,-37],[-2,-1],[-22,-12],[4,-13],[-26,-29],[-15,-15],[5,-12],[-8,-23],[-4,-6],[11,-38],[-20,-16],[0,-99],[7,-8],[67,-148],[35,-13],[-4,-27],[-3,-18],[40,-39],[-27,-56],[-11,-2],[14,-83],[17,-58],[15,-61],[5,-36],[16,-14],[10,-23],[6,0],[10,0],[-32,-66],[0,-1],[-18,-20],[18,-43],[6,-13],[63,-12],[11,2],[52,-6],[56,-10],[49,16],[47,12],[112,8],[40,13],[0,-18],[102,-39],[23,-20],[39,-11],[34,-6],[16,20],[19,-5],[32,15],[131,-3],[111,4],[47,-32],[7,-1],[0,-7],[-1,-8],[78,-4],[17,-5],[-5,-2],[-12,-6],[5,-6],[33,-17],[28,-7],[12,5],[-26,-39],[46,-1],[17,-1],[-7,-8],[10,-23],[-5,-2],[-4,-2],[16,-15],[-2,-21],[22,6],[21,-9],[12,-7],[32,-27],[24,-16],[87,-16],[71,-27],[29,-17],[19,-24],[14,-6],[-9,-17],[13,-12],[14,-24],[0,-3],[-22,-12],[1,-3],[15,-12],[57,-1],[-19,-40],[-19,-43],[5,-14],[20,-5],[47,-47],[9,-15],[-3,-10],[-8,-22],[3,-26],[18,-44],[6,-2],[-3,24],[50,1],[94,29],[-16,26],[24,4],[34,-16],[11,-19],[-9,-39],[28,-31],[76,12],[15,-17],[72,-25],[-18,-45],[-18,-12],[110,30],[42,-47],[6,-3],[-9,-22],[-18,-48],[23,-6],[91,-9],[-18,-6],[-6,-5],[2,-15],[89,0],[18,0],[0,13],[-1,13],[-12,10],[-26,20],[45,25],[65,-56],[39,15],[0,2],[54,-48],[23,16],[18,83],[46,-4],[22,-10],[2,-12],[-3,-4],[-41,-52],[1,-6],[23,-37],[45,15],[51,-26],[1,1],[50,-2],[2,-28],[-48,-36],[69,-12],[129,7],[43,-20],[2,15],[2,10],[23,-3],[45,-31],[7,-34],[-6,-5],[-63,-26],[-2,-25],[13,-29],[41,-31],[21,-12],[21,-30],[-16,-36],[-39,-63],[0,-2],[29,-26],[171,65],[97,-36],[0,-4],[12,-30],[14,-22],[-17,-137],[-45,16],[-34,-25],[-5,-15],[-10,-26],[61,-203],[30,-37],[1,-2],[2,-10],[-1,-1],[-19,-55],[4,-31],[5,-8],[34,-159],[241,-164],[160,-147],[103,-89],[41,-13],[14,-53],[98,-127],[7,-7],[44,5],[17,-13],[-85,-275],[-4,-124],[-21,-65],[-5,-134],[-10,-37],[7,-119],[2,-97],[51,-58],[49,-113],[53,-56],[106,-279],[24,-38],[159,-296],[191,-480],[44,21],[23,10],[85,-75],[308,-311],[26,0],[36,-24],[2,-261],[4,-86],[-12,-124],[54,-97],[7,-32],[77,-135],[236,37],[33,-28],[4,-3],[33,-176],[30,-157],[1,-31],[-60,-179],[2,-11],[28,-32],[-67,-92],[-4,-14],[188,48],[113,-63],[28,-93],[-2,-45],[-2,0],[-72,-37],[43,-153],[3,-78],[-28,-84],[17,-5],[151,-27],[166,-151],[237,-30],[114,-44],[30,3],[52,-47],[7,-135],[129,-43],[-1,84],[-14,33],[7,17],[57,29],[61,3],[55,-3],[13,127],[71,-125],[71,93],[3,2],[77,-80],[207,14],[32,17]],[[53094,83840],[46,26],[-518,-748],[-648,-179]],[[44123,90774],[33,-7533],[360,-312],[509,-1690]],[[45025,81239],[-1286,15]],[[43739,81254],[-689,407]],[[43050,81661],[561,554],[-74,1105],[-763,171],[-93,588],[-558,782],[557,903],[30,810],[-366,745],[884,1574],[463,1490],[-476,578],[-345,1785],[566,183]],[[43436,92929],[26,3]],[[35605,89842],[984,121],[432,773],[1885,344],[505,739],[578,132],[841,-399],[797,230],[1122,-308],[234,146],[-469,1227],[383,412],[539,-330]],[[43050,81661],[-456,50]],[[42594,81711],[-1042,441],[-98,316],[-1005,246],[-2545,1894],[-515,54],[-353,828],[-1378,1186]],[[35658,86676],[-12,703]],[[45568,87785],[-146,-1624],[799,-1598],[88,-554],[-231,-921],[338,-761],[17,-935]],[[46433,81392],[-1408,-153]],[[60191,86102],[-232,-544]],[[59959,85558],[-497,-157]],[[59462,85401],[-451,348],[-246,-739]],[[58765,85010],[-1509,528]],[[57256,85538],[-210,663],[-571,939],[-407,261]],[[56068,87401],[22,23],[206,409],[19,48],[99,268],[222,266],[277,97],[231,37],[184,-8]],[[57328,88541],[68,-931],[946,56],[486,-743],[1363,-821]],[[57256,85538],[-913,-645]],[[56343,84893],[-694,574],[-822,-387]],[[54827,85080],[-142,630],[-683,-138],[-77,-118]],[[53925,85454],[73,120],[89,171],[454,731]],[[54541,86476],[292,74],[59,16],[180,213],[46,73],[296,152],[225,66],[247,160],[182,171]],[[60191,86102],[1237,-91],[-160,-617],[576,-225]],[[61844,85169],[-146,-335]],[[61698,84834],[-89,-163]],[[61609,84671],[-113,-194]],[[61496,84477],[-503,541],[-933,9]],[[60060,85027],[-101,531]],[[60060,85027],[648,-590],[618,-277]],[[61326,84160],[0,-9]],[[61326,84151],[-75,-94]],[[61251,84057],[-346,-385]],[[60905,83672],[-642,-63],[-771,1200]],[[59492,84809],[-30,592]],[[53094,83840],[42,30],[108,102],[173,839],[350,493],[158,150]],[[54827,85080],[-228,-175],[-83,-969]],[[54516,83936],[16,-305],[-619,-1066],[-1057,-216],[-182,-244]],[[52674,82105],[21,603],[-721,231]],[[59492,84809],[-719,197]],[[58773,85006],[-8,4]],[[58773,85006],[-110,-764]],[[58663,84242],[-9,-569]],[[58654,83673],[-584,-180],[-545,220]],[[57525,83713],[-1017,540],[-165,640]],[[61844,85169],[663,-313]],[[62507,84856],[10,-122],[87,-254],[14,-7],[20,-6],[-5,-6],[-21,-55],[-35,-1],[-2,-48],[-5,-13],[11,-8],[-3,-4],[70,-192],[-47,7],[-62,-169]],[[62539,83978],[-24,-5]],[[62515,83973],[-236,630],[-581,231]],[[57525,83713],[30,-357]],[[57555,83356],[-770,-211],[68,-1035]],[[56853,82110],[-114,3]],[[56739,82113],[-672,232],[-533,745],[-36,590],[-982,256]],[[60905,83672],[-42,-51]],[[60863,83621],[-536,-837]],[[60327,82784],[-271,-71]],[[60056,82713],[-637,1423],[-756,106]],[[62515,83973],[-173,-234]],[[62342,83739],[-464,337]],[[61878,84076],[-269,595]],[[63928,84466],[-86,-358]],[[63842,84108],[-487,-129]],[[63355,83979],[65,212]],[[63420,84191],[-44,646]],[[63376,84837],[461,56]],[[63837,84893],[63,-133],[20,-31],[-111,6],[4,-13],[40,-47],[9,-1],[22,-23],[54,-150],[-10,-35]],[[61878,84076],[-552,75]],[[61326,84160],[170,317]],[[63928,84466],[6,-7],[13,39]],[[63947,84498],[-12,-40],[7,-7],[5,2],[9,3],[2,-7],[47,-36],[52,38],[121,-50],[0,-3],[35,-67],[-7,-14],[56,-71],[18,-49],[20,-58],[4,-10]],[[64304,84129],[-171,-9]],[[64133,84120],[-267,-14]],[[63866,84106],[-24,2]],[[63420,84191],[-86,636]],[[63334,84827],[42,10]],[[63355,83979],[-237,-61]],[[63118,83918],[-175,-4],[1,9],[-9,-7]],[[62935,83916],[18,84],[-46,183],[-11,-3],[76,550],[22,199],[20,89]],[[63014,85018],[320,-191]],[[64304,84129],[30,-96]],[[64334,84033],[-10,0],[47,-488],[-35,-84]],[[64336,83461],[-341,-156]],[[63995,83305],[138,815]],[[63995,83305],[-211,-208]],[[63784,83097],[-160,347]],[[63624,83444],[242,662]],[[63624,83444],[-367,-356]],[[63257,83088],[-139,830]],[[48418,84298],[-418,-2381],[-597,-1118],[-354,-196]],[[47049,80603],[-638,-99],[22,888]],[[65623,84107],[134,-489],[568,-221]],[[66325,83397],[-1187,-807]],[[65138,82590],[-21,93],[1,1],[45,164],[-12,41],[-66,92],[-25,80],[-57,217],[-75,-40],[-35,7],[-92,-71],[-67,52],[-18,6],[-145,23],[-36,-25],[-108,-164],[-45,-26]],[[64382,83040],[305,510],[-4,6],[116,109],[24,17],[96,38],[-16,137],[10,7],[34,54],[0,4],[-61,91],[-5,6]],[[64881,84019],[21,269],[32,64],[35,22]],[[64969,84374],[654,-267]],[[62342,83739],[-39,-191]],[[62303,83548],[-248,28]],[[62055,83576],[-398,249]],[[61657,83825],[-406,232]],[[62507,84856],[507,162]],[[62935,83916],[-11,-7],[-18,0],[-22,6],[-22,-12]],[[62862,83903],[-134,12],[-24,11],[-161,51],[-4,1]],[[62862,83903],[-97,-567],[492,-248]],[[63257,83088],[-29,-135]],[[63228,82953],[-262,-49]],[[62966,82904],[-552,91]],[[62414,82995],[-111,553]],[[64334,84033],[44,-213],[103,262],[5,11],[15,-11],[44,-34],[0,-12],[88,-113],[30,3],[218,93]],[[64382,83040],[-12,-8]],[[64370,83032],[-34,429]],[[61657,83825],[-131,-292]],[[61526,83533],[-189,-162],[195,-437]],[[61532,82934],[54,-35]],[[61586,82899],[-450,-144]],[[61136,82755],[-273,866]],[[60056,82713],[-513,-378]],[[59543,82335],[-42,-37]],[[59501,82298],[-597,4]],[[58904,82302],[-205,282],[-45,1089]],[[62055,83576],[-314,-680]],[[61741,82896],[-80,-8]],[[61661,82888],[-75,11]],[[61532,82934],[-6,599]],[[62414,82995],[-288,-296]],[[62126,82699],[-385,197]],[[65623,84107],[524,63],[307,-384]],[[66454,83786],[-129,-389]],[[66454,83786],[571,-330]],[[67025,83456],[-29,-7],[-21,-5],[-12,-12],[-32,-60],[-20,-134],[35,-39],[83,-74],[-33,-86],[-69,-118],[18,-55],[-1,-3],[-57,-167],[54,-202],[-25,-27],[-8,-52],[-38,-119],[-100,-122],[-8,-7],[-29,-51],[-9,-8],[-35,14],[-26,10],[-52,-23],[-57,10],[-54,-12],[-11,-27],[-14,-135],[14,-33],[8,-3],[40,21],[12,-4],[55,5],[98,-36],[24,-40],[6,-34],[-60,-78],[-23,-41],[49,-44],[-9,-98],[-73,-236],[-36,-60],[-25,-54],[4,-28],[-60,-158],[-201,-257],[-47,-5],[-17,24],[-19,26],[-53,-21],[-2,-226],[-84,-91],[8,-31],[15,-22],[49,44],[19,17],[39,-8],[1,-7],[-54,-93],[-11,-149],[7,-1],[-2,-5],[-16,-14]],[[66131,80205],[-7,2],[-27,8],[-50,-34],[-26,-42],[-10,-28],[-55,9],[-29,-14],[-23,25],[-25,-15],[-7,20],[-21,1],[-81,27],[-6,-1],[-57,19],[-3,2],[-46,16],[-4,-1],[-15,15],[0,19],[-323,141],[-21,-2],[-70,-5],[-238,-15],[-225,-157],[-107,-109],[-17,-7],[-2,-21],[7,-73],[-637,-627],[-217,-177]],[[63789,79181],[-43,143],[10,25],[17,42],[21,-20],[64,348],[19,7],[32,31],[72,9],[-44,107],[-2,59],[29,48]],[[63964,79980],[31,8],[26,-3],[41,17],[17,8]],[[64079,80010],[19,-12],[20,20],[87,-74],[4,0],[36,-7],[14,3],[131,58],[37,31],[88,12],[18,89],[14,21],[-50,224],[2,8],[96,174],[-4,13],[-1,61],[3,3],[30,4],[16,4],[19,26],[13,-9],[4,-4],[7,19],[121,80],[49,63],[10,-3],[31,-10],[57,70],[30,5],[14,25],[42,-29],[28,35],[37,112],[-7,24],[-6,15],[12,26],[32,34],[28,190],[-10,133],[-14,221],[-10,12],[-36,674],[4,17],[16,199],[28,23]],[[58904,82302],[-471,-99]],[[58433,82203],[-276,1022],[-602,131]],[[64370,83032],[-300,-320]],[[64070,82712],[-272,62]],[[63798,82774],[-14,323]],[[63798,82774],[-570,179]],[[64079,80010],[312,1605],[430,260],[-108,734],[-649,-131]],[[64064,82478],[-48,7]],[[64016,82485],[54,227]],[[62966,82904],[-457,-314]],[[62509,82590],[-383,109]],[[62509,82590],[208,-135]],[[62717,82455],[-96,-916],[-249,-292]],[[62372,81247],[-158,46]],[[62214,81293],[17,531],[-570,1064]],[[62214,81293],[-956,-523],[-50,-1035],[-259,-698],[49,-589]],[[60998,78448],[-963,-537]],[[60035,77911],[-238,1442],[491,556],[-105,354],[1038,1590],[68,565]],[[61289,82418],[-153,337]],[[64016,82485],[-715,-45]],[[63301,82440],[-584,15]],[[61289,82418],[-220,-107]],[[61069,82311],[-742,473]],[[42594,81711],[-22,-126]],[[42572,81585],[-767,-391],[-847,-3],[-833,1019],[-623,100],[-1999,1268],[-662,511],[-78,418],[-679,596],[-362,742],[-64,831]],[[61069,82311],[-929,-644]],[[60140,81667],[-597,668]],[[64064,82478],[189,-877],[-716,-457]],[[63537,81144],[-247,531],[11,765]],[[63789,79181],[-1229,592],[249,-752],[-795,-629],[-1248,-226],[-662,-862],[1176,-478],[60,-686],[505,-315],[813,-1093]],[[62658,74732],[-160,-128],[-770,-621],[-516,-397],[-55,-17]],[[61157,73569],[570,415],[-183,-29],[-1335,567],[-264,-593]],[[59945,73929],[-51,69]],[[59894,73998],[-111,203]],[[59783,74201],[19,1125],[-251,233],[-822,-428]],[[58729,75131],[249,379]],[[58978,75510],[610,932],[-375,903],[527,100],[295,466]],[[60998,78448],[667,160],[406,559],[301,2080]],[[63537,81144],[417,-1152],[-5,-16],[15,4]],[[58978,75510],[-493,1183],[246,392],[-32,838]],[[58699,77923],[-393,1428],[87,523]],[[58393,79874],[696,-38],[236,667]],[[59325,80503],[688,669],[127,495]],[[59325,80503],[-162,-93]],[[59163,80410],[278,890],[-309,287]],[[59132,81587],[369,711]],[[59132,81587],[-816,-27]],[[58316,81560],[-156,454]],[[58160,82014],[273,189]],[[52674,82105],[215,-308]],[[52889,81797],[-164,-805],[202,-764]],[[52927,80228],[-491,-342],[140,-462]],[[52576,79424],[-770,-78]],[[51806,79346],[-2608,1024],[369,327],[-106,756],[681,879]],[[58160,82014],[-1009,68]],[[57151,82082],[-298,28]],[[51806,79346],[-438,-1261],[-802,-621],[-725,-2],[-947,-1104],[-1439,-456]],[[47455,75902],[-25,1053],[-350,344],[-13,1086],[518,711],[-536,1507]],[[56739,82113],[-381,-321]],[[56358,81792],[-2064,500],[-1405,-495]],[[57151,82082],[180,-244],[-146,-1293],[338,-354],[186,-1134]],[[57709,79057],[-212,-460]],[[57497,78597],[-334,424],[-39,900],[-906,1212],[140,659]],[[58316,81560],[-373,-563],[126,-788]],[[58069,80209],[-10,-362]],[[58059,79847],[-350,-790]],[[57497,78597],[395,-881],[-400,-409]],[[57492,77307],[-361,-1076]],[[57131,76231],[-1868,607],[1342,-2545]],[[56605,74293],[-495,-905]],[[56110,73388],[-493,16]],[[55617,73404],[-507,69]],[[55110,73473],[181,730],[-318,1706],[-544,203],[-482,993],[-63,1368],[-730,1036],[-227,719]],[[43739,81254],[-479,-566],[-1263,-2306]],[[41997,78382],[-868,-248],[-162,295]],[[40967,78429],[873,2041],[27,460]],[[41867,80930],[705,655]],[[59163,80410],[-407,-296],[-687,95]],[[47455,75902],[-850,-31],[-946,-435]],[[45659,75436],[226,1358],[-184,292],[-805,-205],[75,1091],[-618,501],[-2356,-91]],[[58393,79874],[-334,-27]],[[58699,77923],[-492,-426],[-715,-190]],[[55110,73473],[-2706,24]],[[52404,73497],[-66,1223],[607,634],[-7,569],[-918,619],[185,589],[510,487],[-560,1071],[421,735]],[[66131,80205],[0,-7],[1,-31],[5,-6],[2,-82],[-58,-64],[-22,-6],[-33,6],[-5,17],[-9,5],[-14,-4],[5,-81],[-41,-46],[-2,-78],[-111,-31],[-79,-16],[-29,-77],[-28,68],[-22,-7],[-17,-38],[-37,-75],[-14,8],[-18,12],[2,-11],[-14,-20],[-28,-107],[19,-12],[20,-52],[18,17],[5,-5],[2,-108],[70,12],[13,-2],[15,-68],[13,-15],[1,-5],[0,-21],[13,-3],[5,-10],[4,-17],[-63,24],[-30,-4],[-1,0],[16,-24],[3,-26],[-3,-2],[-60,13],[-1,1],[-5,-15],[-2,-16],[-3,-3],[13,-26],[-18,-8],[-10,-18],[-54,24],[-30,-40],[23,-9],[19,-40],[7,-32],[-14,-33],[-7,-6],[-5,-31],[21,-18],[-4,-43],[11,-10],[12,-51],[-42,-25],[-4,-58],[-17,-14],[-7,-17],[4,-70],[-73,-134],[-26,-13],[-8,46],[-27,-32],[-46,7],[6,-21],[4,-17],[14,8],[18,10],[0,-32],[11,-53],[-37,-3],[-11,-26],[-8,-32],[-8,-11],[-31,33],[-16,-1],[-4,0],[33,-29],[-19,-20],[18,-33],[0,-29],[-4,18],[-47,-33],[-5,-42],[-8,-2],[-9,-1],[-7,6],[-10,10],[-68,-82],[-2,-2],[28,-32],[-33,-65],[-52,-27],[-11,9],[-6,-43],[3,-7],[-8,-5],[-8,-4],[-6,6],[-29,20],[0,-1],[1,-34],[-11,-5],[-27,21],[-45,-58],[-2,-12],[-3,-11],[-1,2],[-17,16],[-1,-3],[-5,-10],[-16,5],[-3,-28],[-3,-5],[-33,-6],[7,-25],[-1,-11],[-18,-76],[-3,4],[-5,6],[0,-3],[-10,-8],[-12,-1],[32,-58],[3,-6],[-26,0],[8,-20],[-9,-2],[-1,1],[-5,-5],[13,-18],[-1,-22],[0,-10],[-49,11],[13,-37],[6,-18],[-28,11],[-18,-4],[10,-40],[-14,-26],[3,-7],[6,-13],[-71,-22],[-17,-31],[-17,-34],[-46,-2],[0,-20],[-6,-105],[-21,-26],[20,-51],[-23,-42],[-1,-33],[17,11],[-25,-51],[-3,-81],[-16,-62],[-15,-69],[-2,-67],[-26,-21],[-12,-45],[-19,-35],[-7,-60],[-34,-18],[-14,-36],[-68,-12],[0,-13],[-10,-40],[-19,15],[-20,-38],[-40,-45],[-15,-32],[-43,-92],[-6,8],[-8,10],[-15,-34],[-27,-12],[-9,-17],[-40,5],[-22,-46],[-55,-33],[-16,-18],[-19,-1],[-20,-27],[-10,4],[-1,-9],[-29,-25],[-4,-6],[-27,30],[-12,-39],[-6,-16],[-15,-29],[-45,-85],[5,-175],[-5,-5],[-11,13],[-36,-42],[-4,-10],[-14,-45],[5,-12],[-7,-49],[4,-16],[-22,-7],[-47,-43],[-8,-10],[-1,0],[-18,-3],[-11,-13],[-7,-8],[-26,7],[-1,-26],[0,-1]],[[63612,75562],[-10,0],[-112,-170],[-14,-25],[-13,-40],[-128,-195],[-347,-392],[-106,10],[-2,-1],[-7,3],[-35,18],[-21,7],[-86,26],[-8,4],[-65,-75]],[[52404,73497],[-224,-435],[-683,434],[-450,-229],[-196,-1074],[-598,-226],[-1083,-923],[394,-517],[-414,-1092],[331,-152],[-137,-1097],[530,-757],[-150,-281],[540,-1488],[-157,-378],[215,-846],[-339,-898],[278,-1070],[-505,-682]],[[49756,61786],[-1657,140],[-1285,103],[-575,45]],[[46239,62074],[-147,913],[-1186,562],[-101,2131],[463,1053],[-470,922],[-100,1104],[194,621],[-257,1733],[581,187],[-611,1276],[-727,549],[554,653],[-432,646],[73,459]],[[44073,74883],[1297,93],[289,460]],[[44073,74883],[-433,276],[-178,1327],[-517,332],[-671,-742],[-568,67],[-376,-454],[-613,986],[-197,673]],[[40520,77348],[100,250]],[[40620,77598],[247,595]],[[40867,78193],[100,236]],[[58729,75131],[-653,-9],[-1399,-818],[454,1927]],[[46239,62074],[-4902,405]],[[41337,62479],[-87,-14],[-85,-75],[-16,-10],[-19,7],[-18,64],[-1,1],[-20,116],[-7,45],[-43,93],[-12,36],[-7,9],[-107,69],[-23,14],[-15,-7],[-95,-4],[-94,23],[-132,-8],[-78,49],[-1,2],[-48,145],[-15,42],[44,58],[5,44],[-58,51],[-41,77],[-8,6],[-27,77],[-262,248],[-100,38],[-30,-8],[-81,-17],[-44,57],[-262,101],[10,126],[-23,48],[-136,36],[-57,31],[-224,72],[-65,240],[1,24],[-62,165],[7,47],[19,32],[9,46],[-117,226],[-13,40],[44,127],[-28,135],[0,2],[33,54],[48,166],[-63,145],[-127,131],[-67,127],[-202,382],[-18,153],[-75,157],[-11,21],[-132,378],[-31,6],[-5,46],[-23,122],[-454,618],[-3,-9],[2,-9]],[[37787,67693],[-26,34]],[[37761,67727],[-78,401],[-626,721],[6,763],[390,390],[1581,3845],[1486,3501]],[[59783,74201],[-603,258],[-2575,-166]],[[59894,73998],[-464,-401],[-109,-671],[-487,-205],[-1632,0],[-1092,667]],[[61157,73569],[-17,-3],[-3,-35],[5,-21],[-789,-636]],[[60353,72874],[379,-199],[585,-19],[456,-479],[-187,-883],[-394,-513]],[[61192,70781],[-805,763]],[[60387,71544],[-486,565],[-220,770],[264,1050]],[[60387,71544],[-4006,-3563]],[[56381,67981],[-1167,838],[-73,402],[-584,495],[-31,860],[-554,657],[1082,541],[9,730],[554,900]],[[56381,67981],[71,-1059],[-475,-347],[-159,-1037]],[[55818,65538],[-689,-421],[-393,-827],[-110,-2110],[-529,-758]],[[54097,61422],[-2257,190]],[[51840,61612],[-865,72]],[[50975,61684],[-1219,102]],[[61192,70781],[15,-475],[-564,-314],[-161,-569],[-1291,-633],[45,-808],[-473,-674],[508,-779],[-306,-1506],[-497,-786]],[[58468,64237],[-536,-214],[128,1235],[-803,-282],[-832,567],[-607,-5]],[[58468,64237],[-1347,-1588],[-463,-1437]],[[56658,61212],[-1641,139],[-920,71]],[[50975,61684],[-898,-1044],[-247,-1817]],[[49830,58823],[-1318,684],[-632,-128],[-749,344],[-929,-507],[-685,-979],[-100,-445],[-1291,-618]],[[44126,57174],[-720,252]],[[43406,57426],[-1848,764],[463,512],[69,750],[-537,863]],[[41553,60315],[769,117],[1685,256],[-9,89],[5,66],[-41,117],[-6,29],[-91,139],[-18,22],[-111,-30],[-110,210],[-68,95],[-241,124],[-94,114],[-24,33],[-68,84],[-112,34],[-47,-25],[-176,-22],[-383,105]],[[42413,61872],[-1076,607]],[[51840,61612],[75,-633],[381,-465],[-312,-895],[927,-265],[-50,-415],[1933,-116],[941,256]],[[55735,59079],[1,-34],[10,-10],[64,-197],[-47,-87],[-2,-6],[-46,-51],[-29,-82],[10,-67],[38,-42],[0,-49],[0,-3],[-59,-62],[-18,-29],[29,-87],[-7,-26],[-4,-13],[16,-99],[1,-31],[-50,-175],[-1,-4],[-37,-68],[-17,-9],[-2,-20],[-10,-70],[5,-26],[5,-40],[-4,-31],[14,-77],[-102,-195],[-2,-8]],[[55491,57381],[-2411,559],[-817,-316],[-350,566],[-2143,482]],[[49770,58672],[60,151]],[[56658,61212],[-2,-32],[0,-1],[-18,-19],[-44,-61],[-33,-69],[-197,-407],[-30,-57],[-23,-31],[-68,-125],[31,-181],[-59,-163],[-45,-128],[7,-38],[6,-30],[-2,-1],[-64,-73],[-48,-41],[-43,-123],[-12,-52],[10,-46],[2,-12],[-32,-14],[-46,-66],[0,-13],[-19,-38],[-28,-115],[-10,-55],[-21,-10],[-77,-64],[-58,-68]],[[43406,57426],[-94,-713],[-500,-387],[-716,-1215],[-214,497],[-744,205],[-844,-255]],[[40294,55558],[-604,847],[-32,503],[-778,776],[-439,1189],[-1015,828]],[[37426,59701],[2759,405],[838,126],[530,83]],[[49770,58672],[-460,-322],[157,-797],[-705,-799],[1,-966]],[[48763,55788],[-1373,-1100],[-456,-752],[5,-624],[-814,-1658],[-200,-931],[-800,444]],[[45125,51167],[-177,809],[131,724],[-560,158],[-493,1067],[-50,1399],[-364,1003]],[[43612,56327],[514,847]],[[40294,55558],[392,-735],[108,-672],[441,-834],[30,-607],[792,-1933],[-291,-658],[-416,-55],[31,898],[-1441,-311],[-98,801],[-622,603],[712,866],[-303,1390],[-982,944],[-90,456],[-612,1087],[35,598],[-548,894]],[[37432,58290],[-197,994],[191,417]],[[55491,57381],[-11,-25],[-9,-36],[-8,-51],[-24,-44],[-20,-61],[1,-52],[-28,-55],[-1,-2],[-2,-23],[-5,-42],[0,-202],[21,-40],[172,-106],[3,-11],[0,-8],[-18,-205],[-9,-16],[-118,-165],[7,-26]],[[55442,56211],[-669,-1659]],[[54773,54552],[-858,179],[-596,782],[-197,-596],[-631,247],[-186,-894],[-2082,-235]],[[50223,54035],[-1460,1753]],[[43612,56327],[-231,-71],[-135,-1181],[-392,-502],[-130,-641],[503,-962],[139,-731],[347,-317],[445,-1514],[-1165,-611],[63,-339],[-877,-926]],[[42179,48532],[-435,795]],[[41744,49327],[-512,627],[-272,-550]],[[40960,49404],[-307,385],[-1378,54],[-280,-354]],[[38995,49489],[-1171,-193],[328,1014],[-2238,-33]],[[35914,50277],[112,522],[-128,1276],[274,1051],[-89,572],[163,1276]],[[36246,54974],[1024,799],[219,1035],[-57,1482]],[[45125,51167],[-9,-891],[-271,-650],[-1474,-700],[27,-265],[-1308,-214]],[[42090,48447],[89,85]],[[55442,56211],[43,-148],[19,-119],[37,-13],[62,-46],[9,-30],[-2,-27],[-65,-65],[-39,-182],[-2,-11],[15,-47],[-8,-12],[-2,-68],[16,-171],[-5,-22],[-8,-83],[0,-22],[-1,-63],[-9,-18],[-10,-19],[6,-13],[28,-31],[54,-5],[7,-33],[-9,-42],[27,-43],[8,-49],[-34,-43],[22,-57],[3,-8],[-16,-54],[37,-117],[-39,-165],[-22,-16],[16,-58],[-23,-46],[-20,-99],[-22,-33],[-32,-49],[42,-71],[-36,-1],[61,-130],[7,-4],[16,-10],[0,-6],[1,-27],[-7,-14],[-13,-26],[51,-66],[6,-1],[-2,-4],[-15,-38],[31,-35],[-5,-45],[-4,-26],[-1,-2],[-20,-27],[7,-5],[30,1],[20,-7],[-29,-96],[15,-16],[21,25],[36,24],[32,-7],[1,-2],[-51,-41],[4,-13],[23,-20],[169,-26],[13,-53]],[[55886,53315],[20,-33],[1,-25],[-30,-46],[-4,-33],[-3,-20],[-6,-14],[-50,-145],[-125,-54],[54,-98],[-91,-52],[-8,-10],[48,-120],[-29,-186],[0,-2],[-4,-40],[21,-24],[19,-68],[-47,-108],[-17,-113]],[[55635,52124],[-3,-5],[-61,-70],[-4,-9],[-50,-62],[-5,-123],[-4,-56],[-171,-160],[-76,-245],[-7,-12],[-124,-291],[-73,-3],[-28,-75],[25,-107],[-6,-123],[9,-22],[27,-69],[-5,-39],[-12,-163],[-43,-72],[22,-61],[8,-94],[35,-87],[11,-29],[-12,-42],[-17,-35]],[[55071,50070],[-23,-26],[-89,-35],[-4,0],[-4,5],[-43,32],[-10,-8],[-2,-30],[14,-81],[-45,-92],[-86,-187],[-17,-192],[-40,-60],[6,-82],[-29,-63],[23,-40],[6,-11],[-2,-22],[41,-107],[-9,-37],[22,-74],[-81,-128],[5,-33],[-69,-192],[-8,-10],[-10,-31],[3,-28],[6,-42],[-57,-93],[9,-86],[2,-54],[-39,-29],[-27,-29],[-37,-59],[1,-87],[-7,-46],[7,-12],[13,-37],[-3,-15]],[[54488,47949],[-58,-34],[-72,-52],[-150,-151],[-163,-74],[-16,0],[-43,80],[-75,91],[-32,-35],[-29,-44]],[[53850,47730],[-12,-7],[-61,-5],[-62,6],[-21,-4],[-241,-143],[-41,-66],[-46,-57],[-206,-181],[-2,-42],[-1,-29],[-36,-103],[18,-14],[31,-43],[-97,-106],[0,-3],[4,-94],[12,-13],[22,-55],[-18,-29],[-44,-70],[9,-53],[2,-8],[-37,-61],[13,-45],[0,-23]],[[53036,46482],[-44,-49],[-17,-9],[-16,-16],[2,-32],[20,-51],[-20,-28],[-54,33],[-22,24],[-15,-8],[41,-187],[4,-10],[-11,-69],[0,-1],[-46,-81],[-61,-140],[-1,-8],[-31,-14],[-26,-24],[-117,-203],[-4,-20]],[[52618,45589],[-3,-3],[-48,13],[-80,27],[-46,-27],[2,-22],[2,-19],[-70,-19],[-50,-98],[-28,-8],[-127,10],[-51,-7],[-308,-14],[-59,-3]],[[51752,45419],[-1155,455]],[[50597,45874],[-130,706],[-580,-181],[-611,408],[-956,62]],[[48320,46869],[-468,267],[-254,1104],[620,484]],[[48218,48724],[723,603]],[[48941,49327],[406,-1202],[799,359],[619,-140],[195,-458],[1189,231],[921,727],[-51,542]],[[53019,49386],[46,871],[558,1101]],[[53623,51358],[862,1381],[433,1213],[-145,600]],[[50223,54035],[261,-640],[-676,-2057]],[[49808,51338],[-839,-1648],[-28,-363]],[[48218,48724],[-833,18],[-579,-328]],[[46806,48414],[-496,392],[28,508],[-542,298]],[[45796,49612],[-218,851],[-453,704]],[[53623,51358],[-1019,-410],[-1205,298],[-1591,92]],[[34119,54582],[1037,183],[396,-217],[694,426]],[[35914,50277],[-98,-729]],[[35816,49548],[-557,-712],[-693,100],[122,-836],[327,-356],[-76,-1264],[-1217,-345],[18,-569],[820,-983],[454,51]],[[35014,44634],[10,-344]],[[35024,44290],[-1626,-1],[-199,2067],[-779,937],[745,49],[-91,1245],[-439,791],[99,826],[-162,530],[-572,255]],[[53019,49386],[-933,-743],[-640,989],[29,267],[-1386,-120],[-281,1559]],[[45796,49612],[-1268,-714]],[[44528,48898],[-1520,-890],[166,-453]],[[43174,47555],[-694,250],[-1193,-968],[178,-351]],[[41465,46486],[-667,23]],[[40798,46509],[-35,224]],[[40763,46733],[870,1351],[457,363]],[[38995,49489],[402,-398],[967,-260]],[[40364,48831],[-1463,-778],[-879,383],[-597,-357],[-489,49],[-360,583]],[[36576,48711],[-627,-101],[-133,938]],[[41744,49327],[-402,-670]],[[41342,48657],[-382,747]],[[41342,48657],[5,-8]],[[41347,48649],[-536,382],[-447,-200]],[[46806,48414],[-1229,-769]],[[45577,47645],[-454,118],[-142,544],[-959,-213],[506,804]],[[36576,48711],[-190,-1060]],[[36386,47651],[36,-541],[-560,-686]],[[35862,46424],[-135,-698],[-713,-1092]],[[40763,46733],[-272,725],[392,438],[35,-9],[-23,37],[38,-9],[35,42],[-11,25],[-2,4],[3,3],[37,29],[-5,8],[-5,8],[2,13],[2,8],[17,10],[21,44],[5,14],[13,-4],[1,38],[-1,28],[25,57],[8,1],[38,5],[-20,30],[-8,13],[15,-6],[34,8],[25,29],[24,9],[-14,31],[84,52],[17,24],[-15,38],[15,5],[6,2],[-14,39],[49,25],[-22,14],[54,12],[16,0],[-38,35],[17,28],[10,7],[-4,6]],[[48320,46869],[-466,-769],[436,-599]],[[48290,45501],[-198,-765]],[[48092,44736],[-321,-523],[-593,96]],[[47178,44309],[-381,-12],[-215,671]],[[46582,44968],[-213,487]],[[46369,45455],[-19,5]],[[46350,45460],[141,1259],[-440,17],[-622,-617]],[[45429,46119],[-623,-307],[-130,-398]],[[44676,45414],[-251,199]],[[44425,45613],[60,487]],[[44485,46100],[108,740],[551,650],[433,155]],[[39102,47556],[38,-199]],[[39140,47357],[-592,-278],[-651,83],[-283,510]],[[37614,47672],[1488,-116]],[[39140,47357],[-495,-856]],[[38645,46501],[-290,258]],[[38355,46759],[-471,7]],[[37884,46766],[-681,899]],[[37203,47665],[411,7]],[[37884,46766],[-147,-455],[-682,32]],[[37055,46343],[-279,507]],[[36776,46850],[-70,806]],[[36706,47656],[497,9]],[[36386,47651],[320,5]],[[36776,46850],[-680,-677],[-234,251]],[[44425,45613],[-696,298],[-1012,-171]],[[42717,45740],[172,320],[-492,797]],[[42397,46857],[385,673],[389,-10]],[[43171,47520],[505,-1029],[809,-391]],[[37055,46343],[59,-478]],[[37114,45865],[226,-337],[891,130],[414,843]],[[39102,47556],[610,-1375],[550,152],[-28,-808]],[[40234,45525],[413,8]],[[40647,45533],[-246,-520],[178,-996],[-753,-577],[102,-1953],[-744,-644]],[[39184,40843],[-138,161]],[[39046,41004],[-561,120],[-937,849],[-177,1387],[63,866],[-2410,64]],[[50597,45874],[-673,-39]],[[49924,45835],[-973,482],[-661,-816]],[[42717,45740],[-527,368],[-89,499]],[[42101,46607],[296,250]],[[46350,45460],[-840,-44],[-81,703]],[[38355,46759],[-311,-885],[-930,-9]],[[41465,46486],[636,121]],[[42717,45740],[351,-1119]],[[43068,44621],[-696,-531]],[[42372,44090],[-361,305],[139,625],[-801,573],[-702,-60]],[[40234,45525],[564,984]],[[49924,45835],[-132,-387]],[[49792,45448],[-460,-690],[-786,-198],[-454,176]],[[46369,45455],[-1551,-745]],[[44818,44710],[-142,704]],[[51752,45419],[-8,-99],[-2,-1],[-18,-17],[-33,-52],[-26,-49],[-79,-157],[4,-21],[-12,-52],[-4,-16],[-8,-5],[-69,-24]],[[51497,44926],[-15,-7],[-27,-32],[-172,-68],[-72,-21],[-99,-61],[-1,-3],[-32,-15],[-18,-8],[12,-41],[-4,-6],[-12,-20],[9,-66],[3,-19],[-57,-14],[24,-38],[29,-48],[-65,26],[-50,-49],[-163,-48],[-37,-38]],[[50750,44350],[-556,-645],[-565,41]],[[49629,43746],[-14,663],[451,363],[-274,676]],[[44818,44710],[139,-696],[492,-100]],[[45449,43914],[335,-748],[-30,-820]],[[45754,42346],[-940,-572],[-813,-200]],[[44001,41574],[236,2551],[-1169,496]],[[42372,44090],[-726,-1246],[72,-504],[-300,-636]],[[41418,41704],[-898,-1246],[-760,-253],[-576,638]],[[46582,44968],[-994,-528],[-139,-526]],[[49629,43746],[-464,138],[-311,-481],[-838,-230]],[[48016,43173],[46,412],[-754,241]],[[47308,43826],[-130,483]],[[47308,43826],[-769,-130],[-264,-1126]],[[46275,42570],[-521,-224]],[[44001,41574],[-1,-6]],[[44000,41568],[-1184,516],[-759,-437],[-639,57]],[[50750,44350],[-6,-18],[-5,-12],[6,-7],[6,-8],[-7,-29],[5,-30],[-25,-19],[8,-15],[-7,-29],[-1,-1],[3,-3],[33,-33],[-7,-10],[-18,-27],[19,-31],[85,-13],[-4,-35],[3,-7],[41,-41],[22,-15],[-4,-15],[-6,-23],[37,0],[-5,-4],[-15,-10],[17,-23],[-21,-63],[-50,-19],[16,-20]],[[50870,43790],[7,-41],[-37,-38],[-36,-22],[-22,16],[-4,-1],[-3,-21],[15,-19],[8,-11],[-32,4],[2,-10],[3,-27],[-43,-3],[-8,10],[-28,18],[-5,-6],[-32,-35],[-40,2],[0,-4],[19,-20],[-23,-23],[58,-85],[-19,-17],[-48,39],[-8,-21],[7,-20],[10,-27],[-54,-20],[-17,-10],[15,-10],[22,0],[-18,-25],[-56,-93],[-5,-8],[7,-53],[-5,1],[-18,-7],[-45,-12],[-36,-44],[-4,-19]],[[50397,43128],[-39,11],[-27,-3],[-5,-6],[-32,-16],[-22,-4],[-18,-15],[8,-4],[5,-2],[-22,-21],[-32,-42],[-7,-2]],[[50206,43024],[-577,722]],[[48016,43173],[-265,-679]],[[47751,42494],[-1157,-282],[-319,358]],[[49629,43746],[-454,-820]],[[49175,42926],[-747,-974]],[[48428,41952],[-677,542]],[[50206,43024],[-13,-8],[-14,-8],[-5,37],[-33,-16],[33,-44],[-3,-8],[-5,-14],[10,-2]],[[50176,42961],[5,-1],[-4,-2],[1,-10],[-60,-1],[6,-4],[13,-33],[-14,-11],[-1,19],[-14,6],[7,-19],[2,-6],[-26,5],[3,-12],[2,-7],[-57,3],[-41,5],[-7,2],[-14,-7]],[[49977,42888],[-802,38]],[[49977,42888],[2,-31],[-11,-6],[13,-14],[-43,-51],[-3,-2],[1,-4],[5,-16],[-24,1],[14,-23],[-10,-22],[-3,-7],[14,4],[-19,-40],[-27,-43],[-5,-4],[2,-64],[9,-12],[-1,-3],[-14,-19],[1,-36],[-18,-5],[7,-3],[12,-6],[-14,0],[-17,-25],[7,-23],[-8,-17],[-7,-14],[22,11],[5,-6],[-14,-22],[25,-35],[-15,-2],[2,-17],[-28,1],[2,-11],[2,-11],[-6,8],[-16,8],[2,-13],[2,-11],[-24,9],[7,-15],[5,-10],[-5,2],[-12,5],[7,-21],[-30,-2],[4,-14],[1,-5],[-44,-12],[8,-33],[-39,-51],[1,-2],[8,-22],[-29,-26],[-38,-16],[2,-47],[-27,-61],[6,-18],[0,-3],[-24,-56],[-52,-48],[3,-21],[2,-22],[-20,-15],[-9,-22],[-21,-16],[-4,-2],[1,-21],[0,-10],[6,2],[14,-9],[-10,-3],[13,-4],[-16,-24],[-4,-7],[35,-35],[-10,-6],[12,-5],[-3,-15],[-9,-31],[9,0],[16,1],[-23,-26],[-2,-3],[22,-20],[-5,-8],[-24,-5],[5,-20],[-9,-4],[-6,-3],[8,0],[4,-3],[5,-13],[-15,-6],[-6,-2],[3,-18],[-32,-38],[-5,0],[1,-11],[2,-19],[-10,-7],[-1,0],[22,-47],[-20,-44],[-21,-45],[9,-13],[-13,-20],[7,-11],[2,-4],[-16,-34],[8,-25],[-8,-14],[12,-35],[-11,-11],[-5,-5],[2,-5],[18,-53],[-14,-52]],[[49437,40968],[-10,-14],[1,-2],[2,-4],[4,-8],[-11,-19],[9,-11],[-3,-24],[-5,-31],[12,-19],[-4,-5],[-3,-4],[9,-27],[10,-6],[-7,-7],[-6,-5],[11,-37],[-13,-11],[10,-6],[9,-44],[0,-11],[18,-9],[126,-127],[37,-54],[-2,-6],[-7,-17],[37,-65],[25,-44],[-11,-67],[-4,-23],[30,-53],[5,-21],[-10,-43],[114,-126],[27,-52],[1,-3],[-1,-38],[-4,-102]],[[49833,39823],[-381,85]],[[49452,39908],[-1232,20],[-412,221]],[[47808,40149],[447,638]],[[48255,40787],[181,1090]],[[48436,41877],[-8,75]],[[48436,41877],[-937,-953],[-424,-87],[-540,448],[-822,-377],[-641,-64]],[[45072,40844],[-1072,724]],[[29655,63740],[1253,40],[5146,106]],[[36054,63886],[1161,72],[8,6],[5,6],[132,137],[26,17],[-6,20],[-186,-17],[-24,-2],[60,324],[-46,56],[-5,7],[-2,114],[-14,56],[21,90],[3,9],[7,3],[9,6],[1,3],[140,323],[51,41],[3,303],[58,211],[-4,128],[-107,288],[-85,121],[-23,149],[-12,25],[-13,28],[7,14],[89,80],[67,52],[78,169],[3,49],[96,139],[89,87],[-35,161],[-18,91],[3,10],[18,101],[178,330]],[[42413,61872],[-354,-826],[-1245,-86],[-102,922],[-534,-191],[-313,-715],[-973,599],[-83,534],[-507,113],[-524,796],[-928,518],[-97,-1003],[818,-435],[171,-907],[-291,-742],[-83,-388],[58,-360]],[[43174,47555],[-3,-35]],[[45072,40844],[-380,-1572]],[[44692,39272],[-207,-862]],[[44485,38410],[-293,-940],[-661,-1001],[-1573,99],[7,-591],[-1121,-306]],[[40844,35671],[-156,-1029],[265,-582]],[[40953,34060],[-1044,-326],[-114,-595],[-793,-578],[-31,-326]],[[38971,32235],[-385,1278],[-386,457],[683,766],[-633,543],[771,1897],[494,2072],[-388,1070],[-81,686]],[[39356,36747],[295,11],[98,444],[-340,65],[-53,-520]],[[49452,39908],[34,-323],[-778,-790],[-1720,-331],[-609,-389]],[[46379,38075],[-434,583],[-1253,614]],[[48255,40787],[-686,99],[-352,-329],[-1274,21],[150,-994],[1412,117],[303,448]],[[49833,39823],[-97,-53],[-39,-9],[-28,-48],[17,-80],[15,-76],[-2,-49],[9,-32],[36,-122],[-2,-58],[0,-3],[20,-77],[4,-84],[106,-101],[30,-6],[37,-9],[66,88],[243,13],[95,-9],[65,6]],[[50408,39114],[123,-74],[18,-24],[0,-7],[-192,-230]],[[50357,38779],[10,87],[-69,-54],[-30,-101],[-16,-12],[-152,-157],[-21,-33],[-4,-17],[69,-128],[-12,-37],[29,0],[14,0]],[[50175,38327],[-387,-635],[370,-925]],[[50158,36767],[-877,215],[-755,-349],[486,-1349]],[[49012,35284],[-399,37],[-603,626],[-287,-500]],[[47723,35447],[-75,233],[-1212,259],[-390,-166]],[[46046,35773],[-167,366]],[[45879,36139],[-27,665]],[[45852,36804],[831,777],[-304,494]],[[45852,36804],[-679,-357]],[[45173,36447],[-831,302],[143,1661]],[[45173,36447],[-303,-483]],[[44870,35964],[-365,-760],[716,-881]],[[45221,34323],[-606,-583],[335,-537]],[[44950,33203],[123,-592],[-271,-503]],[[44802,32108],[-87,-94]],[[44715,32014],[-812,1440],[-1060,132]],[[42843,33586],[-280,1015],[-574,576],[-650,42],[-495,452]],[[50175,38327],[15,-17],[-5,-54],[53,-8]],[[50238,38248],[44,-12],[133,-55],[92,-33],[65,-28],[1,0],[88,10],[168,-16],[17,3],[34,8],[163,83],[36,-15],[179,-74],[2,-5],[53,-93],[32,-60],[2,-9],[77,-94],[2,-2],[2,-1],[15,-5],[-2,-5],[-3,-9],[39,-11],[4,-18],[-4,-3],[-4,-3],[30,-26],[33,-23],[60,-10],[87,16],[74,-34],[42,-15],[37,-5],[35,-3],[3,-14],[32,-46],[24,-25],[-5,-15],[68,-28],[34,-4],[3,1],[11,-16],[-6,-33],[9,-6],[5,-2],[-10,-4],[31,-33],[10,1],[-10,-16],[76,-19],[24,0],[12,-11],[47,-23],[22,-31],[-3,-3],[-12,-12],[54,22],[29,-3],[40,-10],[-2,23],[38,-37],[-1,6],[-1,9],[14,0],[6,7],[8,12],[34,-24],[0,-8],[-1,-12],[83,-63],[-5,-22],[21,-16],[32,-31],[36,-35],[12,12],[23,-5],[3,-2],[-13,-12],[-2,-12],[90,-20],[15,-10],[-4,-16],[19,-4],[-4,-10],[11,-4],[91,-19],[11,-9],[-5,-1],[-6,0],[1,-12],[4,-5],[20,-8],[69,-18],[-13,-5],[19,-23],[14,-5],[8,2]],[[52984,36994],[36,-22],[112,-22],[50,-14],[26,16],[28,10],[59,-7],[8,-4],[13,-19],[20,-6]],[[53336,36926],[-76,-363],[-72,43],[-34,-11],[-18,-5],[-48,24],[-118,66],[-40,-1],[-50,29],[-51,29],[-95,-8],[-13,-21],[4,-24],[-57,33],[-89,9]],[[52579,36726],[-810,-35]],[[51769,36691],[-12,1],[-46,61],[-56,34],[-10,37],[-26,-9],[-14,-5],[-12,10],[-12,9],[-56,-38],[-37,-28],[-30,61],[10,43],[-18,-1],[-19,70],[-28,-2],[-46,24],[-24,32],[-26,98],[-55,3],[-33,32],[-10,-12],[-59,47],[-48,7],[-29,-10],[-47,41],[-41,29],[-11,24],[-17,27],[-12,47],[9,16],[-5,10],[-11,12],[-58,-464],[-137,-418]],[[50743,36479],[-7,-26],[-22,35],[-556,279]],[[53336,36926],[51,-10],[32,-4],[4,2],[101,-43],[63,-15],[29,-10],[18,-6],[7,-1],[-12,-16],[47,-36],[59,-46],[-7,-12],[-4,-8],[49,14],[58,-15],[45,-10],[-7,-22],[-4,-13],[39,-26],[83,-62],[13,6],[4,7],[3,-2],[40,9],[43,-6],[1,-1],[57,-31],[131,-68],[1,-1],[87,-14],[16,-25],[30,-21],[8,-10],[30,-14],[19,-40],[0,-27],[1,0],[20,-3],[3,-7],[31,-51],[-33,-36],[24,-8],[38,-24],[14,-6],[32,-8],[-1,-42],[66,-28],[13,-6],[22,-31],[12,-25],[-16,-7],[12,-4]],[[54708,36063],[-28,-3],[-28,-25],[32,-106],[20,-185],[-21,2],[-64,27],[-51,-88],[-101,-232],[-17,-96],[29,-74],[-8,-40],[3,-16]],[[54474,35227],[-17,-20],[-57,-44],[-27,9],[-37,-9],[-135,-106],[-40,-19],[-48,30],[-88,-20],[-26,20],[-17,-4],[-18,-3],[-40,31],[-60,-24],[-35,20],[-53,-44],[-57,1],[-60,-85],[-86,-81],[-49,-35],[-20,-18],[-27,-33],[-8,7],[-4,3]],[[53465,34803],[-17,19],[-10,42],[-23,-1],[-17,63],[-18,-1],[5,74],[-11,5],[-20,-16],[-59,64],[-32,90],[9,16],[-17,-4],[-27,31],[-16,-10],[-23,74],[-20,-18],[-4,96],[-34,5],[-90,101],[-47,43],[-48,126],[-22,-2],[-7,61],[-18,29],[-52,41],[-29,25],[-70,340],[-48,71],[-31,46],[7,64],[-47,180],[-40,107],[-17,120],[-3,24],[10,18]],[[51769,36691],[48,-33],[71,-113],[10,-31],[74,1],[74,1],[10,-12],[-24,-116],[-170,54],[-49,-27],[-40,-128],[-63,-40],[-73,-265],[-1,-107],[-59,-19],[-55,-38],[-14,-77],[-70,-121]],[[51438,35620],[-19,-1],[-79,48],[-41,13],[-26,-24],[-40,61],[-11,-1],[-22,-3],[-17,13]],[[51183,35726],[-30,41],[-67,194],[-17,26],[-4,78],[-62,68],[-32,42],[-3,20],[-9,45],[23,43],[-29,-7],[-11,27],[-17,31],[-9,8],[-19,-4],[-9,23],[-9,-7],[-5,-3],[-8,11],[-2,27],[-15,13],[-23,-3],[-23,-3],[-7,2],[-16,25],[-21,-5],[-16,61]],[[51183,35726],[-613,-689],[12,-958],[533,-795],[306,-860]],[[51421,32424],[-1029,890]],[[50392,33314],[-606,690],[-774,1280]],[[45879,36139],[-529,-638],[-480,463]],[[53465,34803],[-489,-225]],[[52976,34578],[-1045,-145],[-493,1187]],[[46046,35773],[-27,-459]],[[46019,35314],[-701,-997]],[[45318,34317],[-97,6]],[[50392,33314],[-794,-374],[-295,-694],[348,-480],[323,-1273]],[[49974,30493],[-63,43]],[[49911,30536],[-1325,68]],[[48586,30604],[-29,47]],[[48557,30651],[-296,1217],[-1034,1078],[47,572]],[[47274,33518],[559,324],[-363,580]],[[47470,34422],[465,322],[-212,703]],[[47470,34422],[-708,222]],[[46762,34644],[11,624],[-754,46]],[[52519,31601],[-1098,823]],[[52976,34578],[781,-806]],[[42843,33586],[-48,-484]],[[42795,33102],[-582,78],[-654,-780],[-384,-6]],[[41175,32394],[-222,1666]],[[46762,34644],[-805,-34],[-43,-333]],[[45914,34277],[-300,-91]],[[45614,34186],[-296,131]],[[54474,35227],[73,-762]],[[47274,33518],[-693,194],[-667,565]],[[45614,34186],[327,-284],[-121,-1193]],[[45820,32709],[-870,494]],[[48557,30651],[-749,77]],[[47808,30728],[-776,1038],[-1212,943]],[[41175,32394],[9,-605],[549,-789]],[[41733,31000],[-704,-429]],[[41029,30571],[-1298,-1525]],[[39731,29046],[-1066,271],[214,987],[92,1931]],[[44715,32014],[-256,-151]],[[44459,31863],[-759,895],[-751,-36]],[[42949,32722],[-154,380]],[[42949,32722],[-278,-583],[26,-756]],[[42697,31383],[-61,-26]],[[42636,31357],[-903,-357]],[[51869,30124],[-340,362],[-868,-274],[-687,281]],[[47808,30728],[-675,121],[-608,740],[-854,-334],[-307,-643]],[[45364,30612],[-524,457],[-38,1039]],[[44459,31863],[-418,51],[-181,-954],[-335,-102]],[[43525,30858],[-828,525]],[[45364,30612],[451,-631]],[[45815,29981],[-410,-149]],[[45405,29832],[-910,-20]],[[44495,29812],[-948,593]],[[43547,30405],[-22,453]],[[48586,30604],[-419,-858]],[[48167,29746],[-754,-60]],[[47413,29686],[-241,-20]],[[47172,29666],[-897,73]],[[46275,29739],[-460,242]],[[43547,30405],[-220,-319]],[[43327,30086],[-456,445],[-235,826]],[[43327,30086],[-373,-285]],[[42954,29801],[-435,578],[-566,287],[-630,-36]],[[41323,30630],[-294,-59]],[[49911,30536],[-118,-572]],[[49793,29964],[-171,-354]],[[49622,29610],[-789,-1578]],[[48833,28032],[-201,1015]],[[48632,29047],[-465,699]],[[42954,29801],[260,-506]],[[43214,29295],[-827,-236]],[[42387,29059],[-1118,-329],[-479,180]],[[40790,28910],[441,519],[92,1201]],[[40790,28910],[-1059,136]],[[51341,29239],[-541,733],[-1007,-8]],[[44495,29812],[-184,-581],[1203,-629]],[[45514,28602],[-365,-713],[710,-591]],[[45859,27298],[-584,-122]],[[45275,27176],[-581,500],[-646,54]],[[44048,27730],[-347,813]],[[43701,28543],[229,701],[-716,51]],[[46275,29739],[-557,-685],[-499,202],[186,576]],[[50077,28320],[-455,1290]],[[48632,29047],[-918,99]],[[47714,29146],[-301,540]],[[47172,29666],[-161,-730]],[[47011,28936],[-616,-433]],[[46395,28503],[-881,99]],[[47714,29146],[-276,-521]],[[47438,28625],[-376,166]],[[47062,28791],[-51,145]],[[48524,26959],[-50,60]],[[48474,27019],[222,807]],[[48696,27826],[137,206]],[[43701,28543],[-201,265],[-809,2],[-304,249]],[[48696,27826],[-459,-166],[-602,482]],[[47635,28142],[-197,483]],[[47062,28791],[-153,-389]],[[46909,28402],[-185,-469]],[[46724,27933],[-329,570]],[[47635,28142],[-726,260]],[[46724,27933],[768,-339]],[[47492,27594],[-756,-165],[-94,-567]],[[46642,26862],[-8,-24]],[[46634,26838],[-775,460]],[[48474,27019],[-982,575]],[[45275,27176],[-792,-324],[-240,-542]],[[44243,26310],[-299,950],[104,470]],[[47788,25831],[304,391],[-1450,640]],[[46634,26838],[-925,-1002],[527,-715]],[[46236,25121],[-87,-292]],[[46149,24829],[-624,-341],[-861,-85],[-414,933],[-7,974]],[[47580,25203],[-627,343],[-197,-602]],[[46756,24944],[-520,177]],[[47508,24745],[-752,199]],[[47051,24222],[-902,607]],[[70077,49241],[558,18]],[[70635,49259],[-869,-1117]],[[69766,48142],[-474,640]],[[69292,48782],[785,459]],[[70635,49259],[903,-224]],[[71538,49035],[-261,-811],[805,-458]],[[72082,47766],[-380,-1373]],[[71702,46393],[-779,-394]],[[70923,45999],[190,512],[-575,1450],[-683,-352]],[[69855,47609],[-89,533]],[[69855,47609],[603,-726],[405,-831]],[[70863,46052],[-601,-648]],[[70262,45404],[-164,-209]],[[70098,45195],[-213,-55]],[[69885,45140],[-798,135],[-1068,1177],[-687,349]],[[67332,46801],[-414,350]],[[66918,47151],[2374,1631]],[[67332,46801],[-468,-388]],[[66864,46413],[-1242,12]],[[65622,46425],[-475,957]],[[65147,47382],[-31,82],[-31,43],[16,49],[18,28],[-1,7],[-52,71],[-12,53],[11,79],[22,177],[-59,21],[7,36],[36,123],[-1,17],[39,18],[41,18],[20,86],[17,-4],[58,-3],[3,-11],[124,-124],[118,-102],[65,-49],[3,0],[20,-84],[-3,-8],[50,-43],[-26,-43],[-12,-22],[-3,-30],[59,-40],[139,-21],[29,-56],[23,14],[12,-1],[69,-34],[8,10],[17,97],[11,5],[48,-58],[32,18],[15,1],[6,-12],[60,-31],[17,12],[35,63],[41,55],[5,5],[32,21]],[[66242,47815],[258,-685],[418,21]],[[72192,47822],[732,342],[698,-328]],[[73622,47836],[556,-497]],[[74178,47339],[95,17]],[[74273,47356],[157,-127]],[[74430,47229],[-629,-438]],[[73801,46791],[-711,835],[-898,196]],[[70923,45999],[-60,53]],[[72082,47766],[110,56]],[[73801,46791],[18,-540]],[[73819,46251],[-1118,332]],[[72701,46583],[-152,-109]],[[72549,46474],[-838,-469]],[[71711,46005],[-9,388]],[[65622,46425],[52,-1003],[-465,-142]],[[65209,45280],[-820,-21]],[[64389,45259],[1,8],[-12,213],[-30,103],[1,48],[-43,67],[-19,156],[-6,15],[12,53],[-50,20],[-15,6]],[[64228,45948],[-1,2],[-141,187],[64,296],[169,137],[-45,27],[36,32],[45,61],[-26,33],[-97,85],[-1,59],[0,62],[-35,-3],[-12,-21],[-3,-5],[-2,-1],[-36,-20],[-4,10],[-23,55],[5,4],[13,14],[102,261],[10,20],[-16,40],[-69,71],[1,13],[2,29]],[[64164,47396],[5,6],[76,52],[81,61],[112,-14],[162,-61],[91,-41],[124,-96],[22,-6],[50,7],[11,1],[37,1],[21,4],[89,41],[2,-1],[1,1],[45,22]],[[65093,47373],[54,9]],[[74430,47229],[525,-375]],[[74955,46854],[44,-22]],[[74999,46832],[50,-775],[663,-568]],[[75712,45489],[-933,-546]],[[74779,44943],[-724,-287],[-186,-476]],[[73869,44180],[-32,305]],[[73837,44485],[-142,1144]],[[73695,45629],[124,622]],[[72701,46583],[994,-954]],[[73837,44485],[-710,625],[-451,-551]],[[72676,44559],[-186,660],[59,1255]],[[74999,46832],[538,-133]],[[75537,46699],[543,147]],[[76080,46846],[750,-824]],[[76830,46022],[225,-253]],[[77055,45769],[-905,-206]],[[76150,45563],[-438,-74]],[[69885,45140],[-171,-509],[-512,-327]],[[69202,44304],[-793,-453]],[[68409,43851],[-701,145],[-1249,586]],[[66459,44582],[834,1062],[-429,769]],[[66459,44582],[-761,-313]],[[65698,44269],[119,535],[-608,476]],[[72676,44559],[-89,-232]],[[72587,44327],[-615,115]],[[71972,44442],[-186,794]],[[71786,45236],[45,170]],[[71831,45406],[-120,599]],[[71831,45406],[-1569,-2]],[[77055,45769],[45,-657]],[[77100,45112],[-183,-235]],[[76917,44877],[-544,-311]],[[76373,44566],[-650,185]],[[75723,44751],[427,812]],[[65698,44269],[-115,-225]],[[65583,44044],[-470,63],[-205,-832],[802,-843]],[[65710,42432],[-77,-115]],[[65633,42317],[-1012,520],[-416,-227],[-352,769],[-483,-317]],[[63370,43062],[-28,38],[-18,6],[-17,2],[14,39],[0,13],[-1,2],[-3,7],[-20,-9],[-5,10],[-1,8],[21,28],[-23,1],[11,8],[3,3],[-12,17],[-41,-7],[-1,8],[-10,28],[-11,6],[6,7],[3,3],[-6,13],[-1,4],[-3,-1],[-15,-6],[-5,26],[-1,3],[-12,-8],[-12,-8],[3,8],[-30,30],[-5,-2],[8,17],[6,12],[-40,-18],[-6,-5],[-6,13],[4,4],[8,8],[-8,5],[-2,16],[1,3],[-18,7],[6,8],[-15,5],[-28,-7],[-55,38],[-6,1],[-20,-2],[3,9],[3,7],[-22,-2],[-22,-2],[7,30],[-13,39],[-17,-1],[-11,-2],[-13,16],[8,10],[-31,0],[3,18],[-36,73],[-1,2],[9,24],[7,44],[42,86],[18,7],[-8,10],[35,149],[36,14],[41,57],[37,48],[37,60],[8,16],[15,98],[32,40],[1,12],[15,0],[-5,95],[0,1],[-11,27],[14,19],[-10,7],[4,11],[2,7],[-19,0],[14,12],[2,2],[-19,56],[-19,12],[2,2],[15,13],[-14,18],[-12,22],[15,5],[20,6],[-5,4],[-3,3],[28,80],[-14,3],[21,9],[11,16],[3,-17],[28,16],[1,5],[-9,4],[-5,1],[11,2],[7,15],[-13,12],[0,9],[22,14],[-4,13],[-4,13]],[[63216,44823],[-2,17],[-1,20]],[[63213,44860],[-1,13],[25,28],[0,10],[6,0],[22,10],[20,10],[5,6],[-1,-10],[-1,-6],[39,-7],[105,12],[13,24],[11,32],[23,6],[13,13],[1,8],[4,-14],[11,18],[-2,15],[19,-18],[1,0],[36,78],[5,0],[6,15],[0,2],[17,-2],[20,16],[0,9],[15,12]],[[63625,45140],[4,-18],[-6,-47],[84,-29],[59,20],[50,36],[573,157]],[[75723,44751],[-237,-220],[-707,412]],[[71786,45236],[-365,-778]],[[71421,44458],[-472,23]],[[70949,44481],[-609,306]],[[70340,44787],[-242,408]],[[70340,44787],[-201,-993]],[[70139,43794],[-1189,-709]],[[68950,43085],[361,804],[-109,415]],[[71972,44442],[-535,-811]],[[71437,43631],[-16,827]],[[78581,45230],[112,-155]],[[78693,45075],[310,-657]],[[79003,44418],[45,-585]],[[79048,43833],[-503,-649]],[[78545,43184],[-648,996]],[[77897,44180],[-367,840]],[[77530,45020],[1051,210]],[[73869,44180],[-1058,-299]],[[72811,43881],[-224,446]],[[77100,45112],[430,-92]],[[77897,44180],[-767,-187]],[[77130,43993],[-360,343]],[[76770,44336],[147,541]],[[78693,45075],[286,-195]],[[78979,44880],[211,-365]],[[79190,44515],[-187,-97]],[[76373,44566],[-130,-370]],[[76243,44196],[-46,-149]],[[76197,44047],[-510,-380]],[[75687,43667],[-457,225],[-881,-127]],[[74349,43765],[-480,415]],[[68409,43851],[-152,-386]],[[68257,43465],[-699,47],[-531,-270],[-607,235]],[[66420,43477],[-196,396],[-641,171]],[[78979,44880],[159,91]],[[79138,44971],[495,-140]],[[79633,44831],[236,-284]],[[79869,44547],[-241,-148]],[[79628,44399],[-438,116]],[[70949,44481],[-240,-767],[-345,-5]],[[70364,43709],[-225,85]],[[76770,44336],[-527,-140]],[[71437,43631],[153,-844]],[[71590,42787],[-90,-325]],[[71500,42462],[-963,-737]],[[70537,41725],[-23,855]],[[70514,42580],[400,815],[-550,314]],[[72811,43881],[-590,-400],[-222,-945]],[[71999,42536],[-409,251]],[[79869,44547],[483,-269]],[[80352,44278],[-38,-740]],[[80314,43538],[-242,-155]],[[80072,43383],[-248,590]],[[79824,43973],[-196,426]],[[79824,43973],[-76,-755]],[[79748,43218],[-614,9]],[[79134,43227],[-86,606]],[[68950,43085],[-98,-125]],[[68852,42960],[-381,-139]],[[68471,42821],[-188,502]],[[68283,43323],[-26,142]],[[66420,43477],[-202,-411]],[[66218,43066],[-508,-634]],[[77130,43993],[-387,-721]],[[76743,43272],[-478,-288]],[[76265,42984],[-149,392]],[[76116,43376],[81,671]],[[74349,43765],[41,-475]],[[74390,43290],[-20,-485]],[[74370,42805],[-314,-136]],[[74056,42669],[-519,374],[-377,-205]],[[73160,42838],[-324,-21]],[[72836,42817],[-837,-281]],[[78545,43184],[8,-157]],[[78553,43027],[-536,-259]],[[78017,42768],[-933,-281]],[[77084,42487],[-138,332]],[[76946,42819],[-203,453]],[[76116,43376],[-394,203]],[[75722,43579],[-35,88]],[[75722,43579],[-491,-194]],[[75231,43385],[-633,-67]],[[74598,43318],[-208,-28]],[[70514,42580],[-479,-310]],[[70035,42270],[-569,-322]],[[69466,41948],[-64,514]],[[69402,42462],[-550,498]],[[80072,43383],[-234,-262]],[[79838,43121],[-90,97]],[[79134,43227],[115,-596]],[[79249,42631],[-681,280]],[[78568,42911],[-15,116]],[[68283,43323],[-960,-1000]],[[67323,42323],[-1105,743]],[[76265,42984],[681,-165]],[[77084,42487],[-4,-745]],[[77080,41742],[-111,-68]],[[76969,41674],[-139,35]],[[76830,41709],[-546,300]],[[76284,42009],[-643,437],[-279,553]],[[75362,42999],[-131,386]],[[65633,42317],[-139,-570],[-467,-217],[-150,-512]],[[64877,41018],[-83,-68]],[[64794,40950],[-636,-237]],[[64158,40713],[-1043,212]],[[63115,40925],[-14,17],[-50,31],[-56,3],[-63,34],[-5,1],[-15,-5],[-145,-49],[-8,4],[-9,24],[-13,33],[-33,-30],[-26,24],[-9,97],[-64,54],[-1,0]],[[62604,41163],[3,34],[20,22],[-3,45],[-15,21],[-4,3],[32,-9]],[[62637,41279],[-34,62],[24,0],[-1,6],[-3,23],[39,55],[-5,3],[-12,6],[21,17],[18,14],[-15,15],[2,25]],[[62671,41505],[2,-17],[22,-7],[7,-11],[57,-20],[29,3],[42,-12],[-30,50],[27,18],[19,14],[32,2],[-11,13],[-3,11],[19,22],[-14,33],[-16,12],[38,36],[-10,14],[-3,3],[28,24],[24,19],[44,0],[-12,11],[8,3],[11,4],[-9,14],[-5,11],[11,12],[11,2],[3,-2],[-3,13],[30,-15],[1,7],[15,38],[-1,33],[-12,18],[47,-5],[4,-1],[-29,20],[7,7],[-4,29],[66,26],[38,-9],[8,9],[0,22],[9,10],[10,11],[30,16],[7,8],[9,4],[-10,9],[11,2],[2,14],[-15,8],[8,14],[9,14],[2,-1],[22,17],[17,2],[5,11],[0,-1],[0,-14],[9,-1],[7,0],[0,9],[2,35],[5,-8],[53,-4],[-2,1],[-25,8],[19,4],[5,-5],[37,5],[20,22],[4,1],[16,4],[-12,8],[0,6],[21,17],[20,-4],[2,13],[-9,3],[-3,29],[-2,15],[23,-18],[16,-13],[-2,22],[7,-4],[6,-2],[3,31],[10,-12],[19,25],[41,35],[-30,3],[8,32],[-22,0],[50,17],[5,17],[-16,22],[-19,10],[-1,9],[-17,11],[-17,0],[16,24],[-19,5],[-15,3],[13,16],[9,13],[-16,9],[-1,-1],[-7,28],[18,20],[-19,10],[-14,5],[-37,22],[-16,-7],[6,35],[-16,15],[18,14],[5,4],[-11,2],[-9,1],[1,10],[-18,34],[11,1],[6,1],[2,4],[-9,61],[-14,31],[3,7],[-22,52],[13,9],[-3,53],[0,4],[-31,13],[18,35],[-6,-2],[-19,11],[-1,25],[1,12],[17,8],[-8,19],[11,4],[8,3],[-1,23]],[[68471,42821],[388,-628]],[[68859,42193],[74,-161]],[[68933,42032],[-65,-391]],[[68868,41641],[-391,-816]],[[68477,40825],[-63,-521]],[[68414,40304],[-273,-541]],[[68141,39763],[-186,-150]],[[67955,39613],[-588,392]],[[67367,40005],[198,836],[-369,293],[127,1189]],[[75362,42999],[-322,-467]],[[75040,42532],[-442,786]],[[75040,42532],[-38,-254]],[[75002,42278],[-479,-106]],[[74523,42172],[-153,633]],[[79838,43121],[-489,-565]],[[79349,42556],[-100,75]],[[67367,40005],[-596,-821],[-694,-371]],[[66077,38813],[-164,590],[-403,148],[-101,821],[-532,646]],[[74056,42669],[-329,-302]],[[73727,42367],[-567,471]],[[69402,42462],[-543,-269]],[[78568,42911],[131,-606]],[[78699,42305],[-283,-130]],[[78416,42175],[-3,21]],[[78413,42196],[-396,572]],[[72836,42817],[-215,-1067]],[[72621,41750],[-655,-161],[-164,563]],[[71802,42152],[197,384]],[[76284,42009],[-116,-103]],[[76168,41906],[-461,-298]],[[75707,41608],[-497,-247]],[[75210,41361],[-339,372],[131,545]],[[78413,42196],[-592,-144]],[[77821,42052],[-548,-333]],[[77273,41719],[-193,23]],[[79349,42556],[12,-48]],[[79361,42508],[-242,-494]],[[79119,42014],[-15,-21]],[[79104,41993],[-61,32]],[[79043,42025],[-344,280]],[[73727,42367],[-56,-239]],[[73671,42128],[-96,-193]],[[73575,41935],[-651,-506]],[[72924,41429],[-303,321]],[[71802,42152],[-302,310]],[[74523,42172],[-96,-346]],[[74427,41826],[-588,34]],[[73839,41860],[-168,268]],[[70537,41725],[-11,-25]],[[70526,41700],[-509,-226]],[[70017,41474],[18,796]],[[69466,41948],[-183,-231]],[[69283,41717],[-350,315]],[[72924,41429],[-34,-72]],[[72890,41357],[-324,-411]],[[72566,40946],[-779,-294],[-524,-985]],[[71263,39667],[-413,981]],[[70850,40648],[-224,283]],[[70626,40931],[435,542],[-535,227]],[[70017,41474],[-261,-528]],[[69756,40946],[-473,771]],[[75210,41361],[-92,-268]],[[75118,41093],[-691,733]],[[79043,42025],[-363,-666]],[[78680,41359],[-88,-93]],[[78592,41266],[-217,604]],[[78375,41870],[41,305]],[[78375,41870],[-193,-36]],[[78182,41834],[-361,218]],[[73839,41860],[1298,-867]],[[75137,40993],[-206,-219]],[[74931,40774],[-241,-391]],[[74690,40383],[-610,317]],[[74080,40700],[-505,1235]],[[69756,40946],[-87,-386]],[[69669,40560],[-348,-453],[-907,197]],[[68477,40825],[495,131],[-104,685]],[[75118,41093],[19,-100]],[[76830,41709],[-662,197]],[[78182,41834],[116,-475]],[[78298,41359],[-32,-500]],[[78266,40859],[-462,70]],[[77804,40929],[-283,-31]],[[77521,40898],[-248,821]],[[74080,40700],[-298,-159]],[[73782,40541],[-353,3]],[[73429,40544],[-77,508],[-462,305]],[[76969,41674],[-95,-743]],[[76874,40931],[-879,19]],[[75995,40950],[-288,658]],[[78592,41266],[-294,93]],[[70626,40931],[-62,59]],[[70564,40990],[-38,710]],[[70564,40990],[-491,-696]],[[70073,40294],[-404,266]],[[75995,40950],[-57,-226]],[[75938,40724],[-555,-526]],[[75383,40198],[-452,576]],[[77521,40898],[24,-672]],[[77545,40226],[-251,-879]],[[77294,39347],[-256,-9]],[[77038,39338],[-279,-189]],[[76759,39149],[-462,56]],[[76297,39205],[-208,286]],[[76089,39491],[101,606]],[[76190,40097],[-33,203]],[[76157,40300],[717,631]],[[73429,40544],[-762,-538]],[[72667,40006],[-139,557]],[[72528,40563],[38,383]],[[64158,40713],[-205,-604],[-516,-284]],[[63437,39825],[-284,-199]],[[63153,39626],[-3,-2],[-14,21],[-21,18],[10,46],[-17,5],[-28,32],[-6,-1],[3,40],[11,26],[-23,36],[-22,32],[-15,20],[7,65],[-3,2],[-12,34],[-27,5],[5,58],[-38,115],[21,25],[2,12],[18,2],[8,2],[-7,20],[-6,6],[18,15],[-9,15],[0,3],[29,41],[-2,4],[16,13],[-13,66],[31,25],[38,91],[1,2],[35,33],[1,4],[54,16],[0,35],[-14,29],[5,16],[2,7],[1,1],[24,15],[2,20],[6,50],[-72,119],[-31,52],[-3,8]],[[78680,41359],[55,-353]],[[78735,41006],[-146,-106]],[[78589,40900],[-323,-41]],[[76157,40300],[-219,424]],[[66077,38813],[-256,-499]],[[65821,38314],[-448,-76],[-1037,656]],[[64336,38894],[508,591],[-39,862]],[[64805,40347],[-11,603]],[[64805,40347],[-898,-1173]],[[63907,39174],[-470,651]],[[72528,40563],[-452,-987]],[[72076,39576],[-360,-189],[341,-712]],[[72057,38675],[-398,-367]],[[71659,38308],[-243,281]],[[71416,38589],[-412,-70]],[[71004,38519],[-516,407]],[[70488,38926],[315,178]],[[70803,39104],[460,563]],[[70850,40648],[-323,-769],[-498,135]],[[70029,40014],[44,280]],[[77804,40929],[-259,-703]],[[78589,40900],[192,-323]],[[78781,40577],[-74,-854],[-628,-443]],[[78079,39280],[-245,-66]],[[77834,39214],[-540,133]],[[75383,40198],[-37,-265]],[[75346,39933],[433,-496]],[[75779,39437],[-597,-511]],[[75182,38926],[-461,953]],[[74721,39879],[-31,504]],[[74721,39879],[-522,-337]],[[74199,39542],[-417,999]],[[70803,39104],[-43,407],[-982,-36]],[[69778,39475],[251,539]],[[76190,40097],[-844,-164]],[[69778,39475],[-185,-135]],[[69593,39340],[-585,-150]],[[69008,39190],[-867,573]],[[72667,40006],[11,-869]],[[72678,39137],[-314,235]],[[72364,39372],[-288,204]],[[74199,39542],[-515,-409]],[[73684,39133],[-289,-3]],[[73395,39130],[-90,-63]],[[73305,39067],[-622,66]],[[72683,39133],[-5,4]],[[64336,38894],[-361,127]],[[63975,39021],[-68,153]],[[78781,40577],[79,-113]],[[78860,40464],[297,-341]],[[79157,40123],[90,-631],[187,-121],[-33,-220]],[[79401,39151],[-331,166]],[[79070,39317],[-682,-199]],[[78388,39118],[-309,162]],[[67955,39613],[-160,-599]],[[67795,39014],[-903,-645]],[[66892,38369],[-433,-264]],[[66459,38105],[-638,209]],[[63975,39021],[227,-1012]],[[64202,38009],[-132,-203]],[[64070,37806],[-923,-13]],[[63147,37793],[-138,407]],[[63009,38200],[-200,1109]],[[62809,39309],[-5,29],[-6,8],[16,32],[16,-3],[8,-1],[13,-19],[10,16]],[[62861,39371],[13,-1],[14,11],[-24,16],[19,8],[7,3],[16,20],[7,-5],[36,21],[34,19],[1,6],[21,37],[4,9],[92,29],[1,24],[35,2],[16,56]],[[76089,39491],[-310,-54]],[[79157,40123],[270,-330]],[[79427,39793],[15,4]],[[79442,39797],[38,-317],[-24,-118],[-55,-211]],[[75182,38926],[-51,-299]],[[75131,38627],[-324,59]],[[74807,38686],[-467,644]],[[74340,39330],[-141,212]],[[72076,39576],[173,-762]],[[72249,38814],[110,-43]],[[72359,38771],[18,-130]],[[72377,38641],[-320,34]],[[69008,39190],[-301,-1055]],[[68707,38135],[-876,-94]],[[67831,38041],[-250,315],[214,658]],[[69593,39340],[378,-425]],[[69971,38915],[-10,-115]],[[69961,38800],[-493,-875]],[[69468,37925],[-702,-79]],[[68766,37846],[-59,289]],[[70488,38926],[-249,-57]],[[70239,38869],[-268,46]],[[72364,39372],[-115,-558]],[[74340,39330],[-385,-452]],[[73955,38878],[-271,255]],[[63009,38200],[-273,324]],[[62736,38524],[-511,303]],[[62225,38827],[33,27],[30,43],[13,-4],[2,-26],[20,6],[61,57]],[[62384,38930],[-61,73],[28,25],[13,25],[-10,18],[28,14],[11,-16],[13,9],[-9,30]],[[62397,39108],[17,12],[28,16],[14,1],[-11,17],[-4,5],[20,1],[10,2],[11,13],[2,10],[7,33],[7,-4],[34,11],[22,-62],[13,-17],[7,5],[8,6],[-4,14],[6,14],[40,53],[55,3],[1,28],[8,8],[20,5],[47,37],[14,9],[24,-20],[3,-3],[5,2],[8,2]],[[76297,39205],[-213,-307]],[[76084,38898],[-646,-596]],[[75438,38302],[-236,-186]],[[75202,38116],[-58,102]],[[75144,38218],[-13,409]],[[72683,39133],[-324,-362]],[[74807,38686],[175,-398]],[[74982,38288],[-184,-35]],[[74798,38253],[-410,117]],[[74388,38370],[-198,76]],[[74190,38446],[-176,300]],[[74014,38746],[-59,132]],[[77834,39214],[-600,-1065]],[[77234,38149],[-91,-80]],[[77143,38069],[-303,-84]],[[76840,37985],[-98,536]],[[76742,38521],[6,551]],[[76748,39072],[290,266]],[[76748,39072],[11,77]],[[59958,38906],[335,-658]],[[60293,38248],[-206,-630]],[[60087,37618],[-515,619],[-738,142]],[[58834,38379],[-223,90]],[[58611,38469],[5,25],[122,157],[7,17],[-13,36],[-29,31],[5,16],[119,7],[66,67],[21,3],[15,-31],[22,-8],[22,-19],[87,6],[27,60],[0,3],[22,18],[79,1],[16,13],[1,15],[23,35],[62,42]],[[59290,38963],[102,45]],[[59392,39008],[10,-11],[59,-12],[23,-37],[97,-79],[14,-40],[29,3],[7,11],[52,51],[3,2],[16,-6],[34,10],[136,2],[75,6],[11,-2]],[[73305,39067],[-39,-631]],[[73266,38436],[-555,-143]],[[72711,38293],[-337,332]],[[72374,38625],[3,16]],[[66459,38105],[-79,-131]],[[66380,37974],[-467,-193]],[[65913,37781],[-1090,22],[301,-424]],[[65124,37379],[-246,-85]],[[64878,37294],[-140,-181]],[[64738,37113],[-169,302]],[[64569,37415],[-367,594]],[[59958,38906],[15,5],[49,31],[35,13],[117,4],[40,-34],[-2,-15],[74,-43],[80,9],[10,-6],[0,-53],[109,26],[43,13],[28,9],[11,-41],[97,11],[11,2],[1,0],[27,-10]],[[60703,38827],[69,-36],[15,-1],[-25,27],[106,120]],[[60868,38937],[12,-7],[11,-32],[9,-1],[75,-9]],[[60975,38888],[-5,-20],[47,-24],[95,-31],[10,-34],[67,-80],[153,-2],[5,9],[43,-55],[7,-6],[20,-8]],[[61417,38637],[37,-32],[44,-4],[32,-70],[19,-2],[14,-2],[15,-55],[6,-5]],[[61584,38467],[131,-462]],[[61715,38005],[35,-399]],[[61750,37606],[-426,-136]],[[61324,37470],[-610,668],[-421,110]],[[76742,38521],[-125,-17]],[[76617,38504],[-378,74]],[[76239,38578],[-155,320]],[[74014,38746],[-376,-333]],[[73638,38413],[-37,132]],[[73601,38545],[-206,585]],[[67831,38041],[91,-575]],[[67922,37466],[-11,-169]],[[67911,37297],[-630,34]],[[67281,37331],[-394,559]],[[66887,37890],[5,479]],[[73601,38545],[-169,-153]],[[73432,38392],[-166,44]],[[62736,38524],[-590,40]],[[62146,38564],[-133,106]],[[62013,38670],[46,21],[9,0],[-7,10],[-16,25],[24,37],[25,16],[-10,32],[7,0],[57,-36],[10,-4],[67,56]],[[71004,38519],[-502,-500]],[[70502,38019],[-22,28]],[[70480,38047],[-241,822]],[[70480,38047],[-226,139]],[[70254,38186],[-293,614]],[[62146,38564],[101,-223]],[[62247,38341],[-214,-81]],[[62033,38260],[-238,334]],[[61795,38594],[4,11],[6,13]],[[61805,38618],[34,-13],[31,-13],[-4,51],[8,13],[0,16],[12,22],[45,20],[20,-13],[-3,-24],[26,-12],[23,-6],[16,11]],[[70254,38186],[-99,-192]],[[70155,37994],[-359,-97],[-26,-662],[510,273]],[[70280,37508],[180,-392]],[[70460,37116],[-109,-76]],[[70351,37040],[-676,-453]],[[69675,36587],[-566,-232]],[[69109,36355],[-96,56]],[[69013,36411],[-169,873]],[[68844,37284],[268,347]],[[69112,37631],[356,294]],[[76239,38578],[-123,-445]],[[76116,38133],[113,-370]],[[76229,37763],[-280,43]],[[75949,37806],[-511,496]],[[58321,38182],[-70,-171]],[[58251,38011],[-326,426],[-14,-1],[9,12]],[[57920,38448],[17,21],[-1,72],[131,-59],[3,-63],[146,-226],[69,-38],[31,20],[5,7]],[[61584,38467],[2,4],[64,55],[38,22],[79,-20],[10,0],[9,33],[-13,9],[22,24]],[[62033,38260],[-318,-255]],[[63147,37793],[-180,-557]],[[62967,37236],[-350,1]],[[62617,37237],[-263,435]],[[62354,37672],[-107,669]],[[74190,38446],[-550,-398]],[[73640,38048],[-2,365]],[[72374,38625],[-176,-218]],[[72198,38407],[262,-538]],[[72460,37869],[-49,-380]],[[72411,37489],[-606,13]],[[71805,37502],[11,80]],[[71816,37582],[-233,485]],[[71583,38067],[76,241]],[[71583,38067],[-193,-284]],[[71390,37783],[-130,59]],[[71260,37842],[156,747]],[[58834,38379],[223,-613]],[[59057,37766],[-548,598]],[[58509,38364],[2,6],[100,99]],[[75144,38218],[-110,-20]],[[75034,38198],[-52,90]],[[60087,37618],[-521,-675]],[[59566,36943],[-917,450]],[[58649,37393],[-78,-12]],[[58571,37381],[486,385]],[[58251,38011],[-52,-285]],[[58199,37726],[-660,160],[-45,201],[32,94],[-9,80],[-31,-17]],[[57486,38244],[30,19],[49,30],[59,20],[61,-29],[27,6],[9,19],[-41,52],[12,25],[169,45],[59,17]],[[72711,38293],[-137,-134]],[[72574,38159],[-376,248]],[[71260,37842],[-309,-109]],[[70951,37733],[-297,21]],[[70654,37754],[-152,265]],[[58321,38182],[8,20],[38,52],[129,106],[13,4]],[[58571,37381],[-372,345]],[[62354,37672],[-140,-370]],[[62214,37302],[-88,49]],[[62126,37351],[-376,255]],[[57353,38176],[-182,-412]],[[57171,37764],[-219,46]],[[56952,37810],[-255,301]],[[56697,38111],[69,74],[13,40],[20,48],[18,21]],[[56817,38294],[116,-22],[110,-40],[128,28],[14,-26],[24,-2],[84,-27],[60,-29]],[[66887,37890],[-3,-330]],[[66884,37560],[-155,-501]],[[66729,37059],[-207,-439]],[[66522,36620],[-49,-98]],[[66473,36522],[-75,48]],[[66398,36570],[-492,273]],[[65906,36843],[42,224]],[[65948,37067],[432,907]],[[73640,38048],[-51,-361]],[[73589,37687],[-301,-57]],[[73288,37630],[-92,301]],[[73196,37931],[236,461]],[[76617,38504],[-21,-39]],[[76596,38465],[-480,-332]],[[58649,37393],[-12,-495],[-456,-344]],[[58181,36554],[-582,-30]],[[57599,36524],[189,374],[-617,866]],[[57353,38176],[23,3],[30,75],[7,2],[57,-7],[16,-5]],[[73196,37931],[-71,319]],[[73125,38250],[141,186]],[[61324,37470],[324,-559]],[[61648,36911],[-536,-149],[-487,-652]],[[60625,36110],[-105,11]],[[60520,36121],[-954,822]],[[74388,38370],[16,-379]],[[74404,37991],[20,-590]],[[74424,37401],[-281,33]],[[74143,37434],[-259,72]],[[73884,37506],[-292,159]],[[73592,37665],[-3,22]],[[76840,37985],[-21,-75]],[[76819,37910],[-323,-4]],[[76496,37906],[100,559]],[[73125,38250],[-521,-279]],[[72604,37971],[-30,188]],[[72604,37971],[-144,-102]],[[56952,37810],[-362,-1061]],[[56590,36749],[-269,-215]],[[56321,36534],[-1159,187]],[[55162,36721],[-1,31],[0,15],[14,19],[8,7]],[[55183,36793],[139,58],[-4,25],[-7,42],[32,4]],[[55343,36922],[42,3],[119,-6],[35,20],[38,36],[117,140],[34,102],[1,27],[-6,83],[-25,67],[1,31],[6,13],[62,30]],[[55767,37468],[2,1],[18,6],[94,151],[22,79],[113,59],[64,118]],[[56080,37882],[149,192],[105,23],[150,28],[20,10],[193,-24]],[[69112,37631],[-346,215]],[[76496,37906],[-192,-169]],[[76304,37737],[-75,26]],[[74798,38253],[-75,-321]],[[74723,37932],[-319,59]],[[68844,37284],[-922,182]],[[75034,38198],[6,-310]],[[75040,37888],[-317,44]],[[73288,37630],[-498,-280]],[[72790,37350],[-321,-170]],[[72469,37180],[-99,234]],[[72370,37414],[41,75]],[[75949,37806],[-315,-242]],[[75634,37564],[-316,342]],[[75318,37906],[-116,210]],[[70654,37754],[-194,-638]],[[70280,37508],[-125,486]],[[65913,37781],[-789,-402]],[[75318,37906],[-86,-42]],[[75232,37864],[-98,-75]],[[75134,37789],[-94,99]],[[64569,37415],[-248,-164]],[[64321,37251],[-251,555]],[[65948,37067],[-411,-169]],[[65537,36898],[-446,0]],[[65091,36898],[-213,396]],[[71816,37582],[-426,201]],[[64321,37251],[-11,-163]],[[64310,37088],[-483,-679]],[[63827,36409],[-980,393]],[[62847,36802],[120,434]],[[57599,36524],[-659,-50],[-350,275]],[[67281,37331],[-397,229]],[[75134,37789],[-593,-382]],[[74541,37407],[-117,-6]],[[77143,38069],[-213,-568]],[[76930,37501],[-111,409]],[[77143,38069],[368,-69],[-56,-984]],[[77455,37016],[-469,127]],[[76986,37143],[-24,229]],[[76962,37372],[-32,129]],[[71805,37502],[416,-331]],[[72221,37171],[7,-601]],[[72228,36570],[299,-54]],[[72527,36516],[76,-324]],[[72603,36192],[-152,-5]],[[72451,36187],[-178,189]],[[72273,36376],[-538,30]],[[71735,36406],[-255,251]],[[71480,36657],[-412,741]],[[71068,37398],[-117,335]],[[71068,37398],[152,-579]],[[71220,36819],[-84,-110]],[[71136,36709],[-184,-209]],[[70952,36500],[-431,189]],[[70521,36689],[-170,351]],[[62617,37237],[-189,-127]],[[62428,37110],[-214,192]],[[75634,37564],[-402,300]],[[76962,37372],[-298,34]],[[76664,37406],[-360,331]],[[62126,37351],[-338,-436]],[[61788,36915],[-140,-4]],[[76304,37737],[-141,-427]],[[76163,37310],[-290,-409]],[[75873,36901],[-413,-43]],[[75460,36858],[-548,-211]],[[74912,36647],[-27,-36]],[[74885,36611],[-313,187]],[[74572,36798],[-98,407]],[[74474,37205],[67,202]],[[73592,37665],[346,-746]],[[73938,36919],[30,-44]],[[73968,36875],[-174,-90]],[[73794,36785],[-434,-254]],[[73360,36531],[-406,448]],[[72954,36979],[-164,371]],[[72370,37414],[-149,-243]],[[67911,37297],[-564,-340],[-521,22]],[[66826,36979],[-97,80]],[[71480,36657],[-260,162]],[[73884,37506],[18,-323]],[[73902,37183],[36,-264]],[[76664,37406],[-6,-153]],[[76658,37253],[-495,57]],[[60520,36121],[-345,-337]],[[60175,35784],[-679,-152]],[[59496,35632],[-1194,195]],[[58302,35827],[-121,727]],[[69013,36411],[-440,-691]],[[68573,35720],[-263,102]],[[68310,35822],[-315,615]],[[67995,36437],[-84,860]],[[64738,37113],[-428,-25]],[[62428,37110],[6,-239]],[[62434,36871],[-166,-236]],[[62268,36635],[32,-599]],[[62300,36036],[6,-359]],[[62306,35677],[-344,126],[-174,1112]],[[74143,37434],[-74,-130]],[[74069,37304],[-167,-121]],[[65091,36898],[-210,-634]],[[64881,36264],[-781,48]],[[64100,36312],[-273,97]],[[62847,36802],[-120,-27]],[[62727,36775],[-293,96]],[[72469,37180],[89,-291]],[[72558,36889],[-330,-319]],[[67995,36437],[-457,-265]],[[67538,36172],[-714,326]],[[66824,36498],[2,481]],[[74474,37205],[-295,23]],[[74179,37228],[-110,76]],[[65906,36843],[-78,-72]],[[65828,36771],[-291,127]],[[72954,36979],[-235,-238]],[[72719,36741],[-161,148]],[[76986,37143],[-29,-148]],[[76957,36995],[-50,-29]],[[76907,36966],[-249,287]],[[74179,37228],[138,-301]],[[74317,36927],[-349,-52]],[[76907,36966],[-633,-410]],[[76274,36556],[-401,345]],[[74474,37205],[-92,-276]],[[74382,36929],[-65,-2]],[[74572,36798],[-190,131]],[[66824,36498],[-302,122]],[[61443,34474],[-386,411]],[[61057,34885],[-386,379]],[[60671,35264],[419,443],[-465,403]],[[62306,35677],[16,-275]],[[62322,35402],[-382,-808]],[[70521,36689],[-240,-419]],[[70281,36270],[-363,14]],[[69918,36284],[-243,303]],[[65828,36771],[-55,-231]],[[65773,36540],[-119,-552]],[[65654,35988],[-255,-48]],[[65399,35940],[-518,324]],[[62727,36775],[73,-355]],[[62800,36420],[-532,215]],[[73794,36785],[-121,-273]],[[73673,36512],[-198,-134]],[[73475,36378],[2,6]],[[73477,36384],[-117,147]],[[73477,36384],[-751,265]],[[72726,36649],[-7,92]],[[64100,36312],[-170,-461]],[[63930,35851],[-758,-394]],[[63172,35457],[-523,219]],[[62649,35676],[151,744]],[[58302,35827],[-610,-344]],[[57692,35483],[-1058,-224]],[[56634,35259],[-279,513],[-34,762]],[[54708,36063],[210,-77],[42,28],[1,6],[4,21],[-5,14],[-64,69],[-36,45],[-11,27],[78,160],[6,12],[42,93]],[[54975,36461],[159,184],[28,76]],[[56634,35259],[-31,-274]],[[66398,36570],[-625,-30]],[[72726,36649],[-199,-133]],[[74885,36611],[-100,-205]],[[74785,36406],[-128,-89]],[[74657,36317],[-202,-204]],[[74455,36113],[-454,230]],[[74001,36343],[-236,110]],[[73765,36453],[-92,59]],[[76957,36995],[365,-236]],[[77322,36759],[29,-309]],[[77351,36450],[-685,-529]],[[76666,35921],[-390,-561]],[[76276,35360],[-170,144]],[[76106,35504],[-259,299]],[[75847,35803],[7,154]],[[75854,35957],[169,244]],[[76023,36201],[251,355]],[[76023,36201],[-666,522]],[[75357,36723],[-8,-2]],[[75349,36721],[111,137]],[[71735,36406],[-37,-382]],[[71698,36024],[-3,-38]],[[71695,35986],[-519,267]],[[71176,36253],[-40,456]],[[62649,35676],[-349,360]],[[75349,36721],[-271,-133]],[[75078,36588],[-166,59]],[[67538,36172],[-10,-71]],[[67528,36101],[-854,110]],[[66674,36211],[-293,24]],[[66381,36235],[92,287]],[[71176,36253],[-470,-492]],[[70706,35761],[-96,76]],[[70610,35837],[-34,186]],[[70576,36023],[376,477]],[[70576,36023],[-319,90]],[[70257,36113],[-30,31]],[[70227,36144],[54,126]],[[66381,36235],[-141,-340]],[[66240,35895],[-13,-68]],[[66227,35827],[-468,-151]],[[65759,35676],[-105,312]],[[75854,35957],[-587,370]],[[75267,36327],[90,396]],[[69918,36284],[52,-255]],[[69970,36029],[-68,-163]],[[69902,35866],[-173,307],[-114,-292]],[[69615,35881],[-81,-17]],[[69534,35864],[-189,-42]],[[69345,35822],[-19,4]],[[69326,35826],[-217,529]],[[75267,36327],[-286,-255]],[[74981,36072],[-60,147]],[[74921,36219],[157,369]],[[73475,36378],[-5,-528]],[[73470,35850],[-120,-132]],[[73350,35718],[-241,-48]],[[73109,35670],[-467,147]],[[72642,35817],[-81,125]],[[72561,35942],[42,250]],[[74921,36219],[-136,187]],[[72273,36376],[-71,-295]],[[72202,36081],[-122,-96]],[[72080,35985],[-382,39]],[[68310,35822],[-32,-230]],[[68278,35592],[-223,-122]],[[68055,35470],[-660,226]],[[67395,35696],[133,405]],[[70227,36144],[-257,-115]],[[65399,35940],[-151,-541]],[[65248,35399],[-448,-549]],[[64800,34850],[-196,-168]],[[64604,34682],[-507,405]],[[64097,35087],[-167,764]],[[69326,35826],[-10,-10]],[[69316,35816],[-515,-268]],[[68801,35548],[-228,172]],[[73765,36453],[-193,-602]],[[73572,35851],[-102,-1]],[[66674,36211],[-86,-462]],[[66588,35749],[-348,146]],[[74001,36343],[209,-476]],[[74210,35867],[-206,-395]],[[74004,35472],[-404,337]],[[73600,35809],[-28,42]],[[67395,35696],[-287,-502]],[[67108,35194],[-286,103]],[[66822,35297],[-234,452]],[[72451,36187],[-249,-106]],[[60671,35264],[-293,-95]],[[60378,35169],[-203,615]],[[74981,36072],[-83,-183]],[[74898,35889],[-131,143]],[[74767,36032],[-110,285]],[[77351,36450],[268,-449]],[[77619,36001],[4,-73]],[[77623,35928],[-816,-274]],[[76807,35654],[-141,267]],[[74455,36113],[-176,-226]],[[74279,35887],[-69,-20]],[[69902,35866],[-287,15]],[[71695,35986],[76,-232]],[[71771,35754],[-152,-315]],[[71619,35439],[-87,77]],[[71532,35516],[-465,-235]],[[71067,35281],[-38,-3]],[[71029,35278],[-275,211]],[[70754,35489],[-62,129]],[[70692,35618],[14,143]],[[74767,36032],[45,-452]],[[74812,35580],[-224,-277]],[[74588,35303],[-309,584]],[[75847,35803],[-281,-234]],[[75566,35569],[-467,154]],[[75099,35723],[-198,91]],[[74901,35814],[-3,75]],[[62589,34622],[-267,780]],[[63172,35457],[354,-515]],[[63526,34942],[543,-569]],[[64069,34373],[-183,-337]],[[63886,34036],[-395,-235]],[[63491,33801],[-346,157]],[[70610,35837],[-118,-50]],[[70492,35787],[-200,-8]],[[70292,35779],[-35,334]],[[72561,35942],[-236,34]],[[72325,35976],[-245,9]],[[70292,35779],[-129,-238]],[[70163,35541],[-102,-192]],[[70061,35349],[-212,28]],[[69849,35377],[-315,487]],[[64097,35087],[-571,-145]],[[65759,35676],[73,-316]],[[65832,35360],[-153,-397]],[[65679,34963],[-211,28]],[[65468,34991],[-220,408]],[[57409,34843],[283,640]],[[58302,35827],[505,-652]],[[58807,35175],[-258,-468]],[[59496,35632],[13,-521]],[[59509,35111],[-702,64]],[[60378,35169],[-214,-287]],[[60164,34882],[-512,127]],[[59652,35009],[-143,102]],[[66822,35297],[-664,-78]],[[66158,35219],[-42,247]],[[66116,35466],[111,361]],[[73109,35670],[-355,-332]],[[72754,35338],[-27,-39]],[[72727,35299],[-312,419]],[[72415,35718],[19,90]],[[72434,35808],[208,9]],[[72325,35976],[109,-168]],[[72415,35718],[-644,36]],[[66116,35466],[-284,-106]],[[74901,35814],[-55,-179]],[[74846,35635],[-34,-55]],[[69316,35816],[-17,-275]],[[69299,35541],[-389,-185]],[[68910,35356],[-67,22]],[[68843,35378],[-42,170]],[[69849,35377],[-195,15]],[[69654,35392],[-99,116]],[[69555,35508],[13,126],[-166,40]],[[69402,35674],[-57,148]],[[68843,35378],[-199,-328]],[[68644,35050],[-249,128]],[[68395,35178],[-117,414]],[[70492,35787],[-178,-254]],[[70314,35533],[-151,8]],[[69402,35674],[153,-166]],[[69654,35392],[-224,-125]],[[69430,35267],[-152,100]],[[69278,35367],[21,174]],[[70692,35618],[-573,-434]],[[70119,35184],[-5,53]],[[70114,35237],[200,296]],[[76106,35504],[-180,-25]],[[75926,35479],[-360,90]],[[73600,35809],[241,-386]],[[73841,35423],[-212,-27]],[[73629,35396],[-279,322]],[[74588,35303],[976,-168]],[[75564,35135],[9,-620]],[[75573,34515],[-761,-450]],[[74812,34065],[-85,78]],[[74727,34143],[-158,174]],[[74569,34317],[-51,704],[-517,387]],[[74001,35408],[-24,63]],[[73977,35471],[27,1]],[[68055,35470],[-80,-518]],[[67975,34952],[-326,-316]],[[67649,34636],[-52,-17]],[[67597,34619],[-417,422]],[[67180,35041],[-72,153]],[[76807,35654],[4,-311]],[[76811,35343],[-363,-110]],[[76448,35233],[-172,127]],[[77623,35928],[-102,-447]],[[77521,35481],[-710,-138]],[[73977,35471],[-136,-48]],[[72727,35299],[-136,-380]],[[72591,34919],[-199,-151]],[[72392,34768],[-50,4]],[[72342,34772],[-407,316]],[[71935,35088],[-322,138]],[[71613,35226],[6,213]],[[75099,35723],[-253,-88]],[[75926,35479],[-215,-354]],[[75711,35125],[-147,10]],[[73629,35396],[-50,-30]],[[73579,35366],[-278,-438]],[[73301,34928],[-248,-87]],[[73053,34841],[-299,497]],[[68395,35178],[-105,-268]],[[68290,34910],[-276,-22]],[[68014,34888],[-39,64]],[[70754,35489],[-199,-301]],[[70555,35188],[13,-253]],[[70568,34935],[-312,123]],[[70256,35058],[-137,126]],[[69278,35367],[-180,-275]],[[69098,35092],[-188,264]],[[71613,35226],[-3,-338]],[[71610,34888],[-201,163]],[[71409,35051],[123,465]],[[66158,35219],[276,-564]],[[66434,34655],[-435,19]],[[65999,34674],[-320,289]],[[70114,35237],[-53,112]],[[65468,34991],[-201,-167]],[[65267,34824],[-467,26]],[[71409,35051],[-187,-130]],[[71222,34921],[-139,62]],[[71083,34983],[-16,298]],[[71029,35278],[-233,-214]],[[70796,35064],[-241,124]],[[60169,34249],[-39,346]],[[60130,34595],[34,287]],[[61057,34885],[-122,-423]],[[70256,35058],[-10,-233]],[[70246,34825],[-67,-108]],[[70179,34717],[-359,-238]],[[69820,34479],[-87,89]],[[69733,34568],[-191,370]],[[69542,34938],[-122,159]],[[69420,35097],[10,170]],[[76448,35233],[89,-312]],[[76537,34921],[-257,-74]],[[76280,34847],[-569,278]],[[77521,35481],[-511,-906]],[[77010,34575],[-303,-386]],[[76707,34189],[-170,732]],[[69098,35092],[5,-44]],[[69103,35048],[-332,-98]],[[68771,34950],[-127,100]],[[59652,35009],[70,-437]],[[59722,34572],[7,-357]],[[58958,34219],[-457,-183]],[[69420,35097],[-317,-49]],[[67180,35041],[-70,-237]],[[67110,34804],[-241,-573]],[[66869,34231],[-48,-3]],[[66821,34228],[-19,4]],[[66802,34232],[-283,269]],[[66519,34501],[-85,154]],[[74001,35408],[-52,-104]],[[73949,35304],[-286,-77]],[[73663,35227],[-84,139]],[[74569,34317],[-298,203]],[[74271,34520],[-247,340]],[[74024,34860],[-75,444]],[[73663,35227],[-352,-301]],[[73311,34926],[-10,2]],[[73053,34841],[-244,-192]],[[72809,34649],[-218,270]],[[71083,34983],[-217,-255]],[[70866,34728],[-188,138]],[[70678,34866],[118,198]],[[68771,34950],[-8,-248]],[[68763,34702],[-82,-60]],[[68681,34642],[-172,99]],[[68509,34741],[-219,169]],[[64604,34682],[-70,-176]],[[64534,34506],[-465,-133]],[[74024,34860],[9,-68]],[[74033,34792],[-688,-79]],[[73345,34713],[-34,213]],[[60130,34595],[-408,-23]],[[71935,35088],[10,-266]],[[71945,34822],[-333,48]],[[71612,34870],[-2,18]],[[70678,34866],[-69,-9]],[[70609,34857],[-41,78]],[[65999,34674],[-295,-117]],[[65704,34557],[-437,267]],[[69542,34938],[-207,-480]],[[69335,34458],[-34,-36]],[[69301,34422],[-177,87]],[[69124,34509],[-361,193]],[[67597,34619],[-485,170]],[[67112,34789],[-2,15]],[[70609,34857],[-98,-126]],[[70511,34731],[-265,94]],[[72342,34772],[47,-213]],[[72389,34559],[-65,-61]],[[72324,34498],[-456,-24]],[[71868,34474],[77,348]],[[76280,34847],[-227,-289]],[[76053,34558],[-583,-281]],[[75470,34277],[-4,1]],[[75466,34278],[107,237]],[[71612,34870],[-248,-522]],[[71364,34348],[-134,-277]],[[71230,34071],[-90,196]],[[71140,34267],[31,86]],[[71171,34353],[51,568]],[[68014,34888],[-33,-65]],[[67981,34823],[-57,-383]],[[67924,34440],[-275,196]],[[68509,34741],[5,-163]],[[68514,34578],[-178,-38]],[[68336,34540],[-355,283]],[[65704,34557],[-263,-573]],[[65441,33984],[-536,565],[-371,-43]],[[71171,34353],[-252,112]],[[70919,34465],[-83,2]],[[70836,34467],[30,261]],[[69733,34568],[-398,-110]],[[67112,34789],[81,-706]],[[67193,34083],[-324,148]],[[68336,34540],[-193,-192]],[[68143,34348],[-219,92]],[[68143,34348],[-87,-341]],[[68056,34007],[-171,-91]],[[67885,33916],[-428,-384]],[[67457,33532],[-110,43]],[[67347,33575],[-153,299]],[[67194,33874],[-1,209]],[[72809,34649],[-126,-148]],[[72683,34501],[-57,75]],[[72626,34576],[-234,192]],[[70836,34467],[-310,-324]],[[70526,34143],[-35,11]],[[70491,34154],[-95,210]],[[70396,34364],[115,367]],[[73345,34713],[-16,-202]],[[73329,34511],[107,-353]],[[73436,34158],[-61,-32]],[[73375,34126],[-396,-24]],[[72979,34102],[-216,64]],[[72763,34166],[-80,335]],[[71868,34474],[-504,-126]],[[70396,34364],[-32,19]],[[70364,34383],[-185,334]],[[66519,34501],[-316,-625]],[[66203,33876],[-204,-307]],[[65999,33569],[-237,5]],[[65762,33574],[-321,410]],[[74271,34520],[-410,-74]],[[73861,34446],[-9,8]],[[73852,34454],[181,338]],[[68681,34642],[127,-429]],[[68808,34213],[-246,-84]],[[68562,34129],[-48,449]],[[76707,34189],[-285,-687]],[[76422,33502],[-321,466]],[[76101,33968],[-195,165]],[[75906,34133],[147,425]],[[70364,34383],[-282,-207]],[[70082,34176],[-164,127]],[[69918,34303],[-98,176]],[[69124,34509],[-235,-379]],[[68889,34130],[-81,83]],[[72626,34576],[-237,-17]],[[73852,34454],[-523,57]],[[65762,33574],[-309,11]],[[65453,33585],[-591,-120]],[[64862,33465],[-58,33]],[[64804,33498],[-918,538]],[[68562,34129],[222,-432]],[[68784,33697],[-335,-3]],[[68449,33694],[-393,313]],[[66802,34232],[-80,-577]],[[66722,33655],[-364,31]],[[66358,33686],[-155,190]],[[69918,34303],[-197,-296]],[[69721,34007],[-215,-61]],[[69506,33946],[-205,476]],[[69506,33946],[-291,-190]],[[69215,33756],[-326,374]],[[72763,34166],[-608,-79]],[[72155,34087],[169,411]],[[72155,34087],[-139,-217]],[[72016,33870],[-432,-37]],[[71584,33833],[-197,-76]],[[71387,33757],[-88,197]],[[71299,33954],[-69,117]],[[73852,34454],[-242,-252]],[[73610,34202],[-174,-44]],[[70919,34465],[108,-268]],[[71027,34197],[-177,-432]],[[70850,33765],[-281,-52]],[[70569,33713],[-43,430]],[[74727,34143],[-116,-252]],[[74611,33891],[-235,-128]],[[74376,33763],[-428,-116]],[[73948,33647],[-87,799]],[[71140,34267],[-113,-70]],[[75906,34133],[-168,-56]],[[75738,34077],[-193,31]],[[75545,34108],[-75,169]],[[70491,34154],[-444,-106]],[[70047,34048],[35,128]],[[75466,34278],[-288,-588]],[[75178,33690],[-366,375]],[[73948,33647],[-135,-169]],[[73813,33478],[-203,724]],[[70047,34048],[-293,-38]],[[69754,34010],[-33,-3]],[[67194,33874],[-373,354]],[[67347,33575],[-440,-149]],[[66907,33426],[-185,229]],[[69215,33756],[6,-142]],[[69221,33614],[-218,-144]],[[69003,33470],[-219,227]],[[71299,33954],[-449,-189]],[[64804,33498],[-231,-481]],[[64573,33017],[-506,285]],[[64067,33302],[-312,220]],[[63755,33522],[-264,279]],[[70569,33713],[23,-98]],[[70592,33615],[-271,-116]],[[70321,33499],[-91,6]],[[70230,33505],[-326,158]],[[69904,33663],[-183,244]],[[69721,33907],[33,103]],[[75545,34108],[-19,-138]],[[75526,33970],[-187,-321]],[[75339,33649],[-161,41]],[[72979,34102],[-317,-388]],[[72662,33714],[-234,42]],[[72428,33756],[-412,114]],[[73813,33478],[-8,-14]],[[73805,33464],[-219,-14]],[[73586,33450],[-32,25]],[[73554,33475],[-124,204]],[[73430,33679],[-79,180]],[[73351,33859],[24,267]],[[63755,33522],[-257,-375]],[[63498,33147],[-160,-81]],[[63066,33312],[75,625]],[[73351,33859],[-124,-57]],[[73227,33802],[-331,-135]],[[72896,33667],[-234,47]],[[68449,33694],[-517,-173]],[[67932,33521],[-47,395]],[[76101,33968],[-389,-161]],[[75712,33807],[-36,107]],[[75676,33914],[62,163]],[[69721,33907],[-205,-336]],[[69516,33571],[-295,43]],[[75339,33649],[-312,-611]],[[75027,33038],[-113,-227]],[[74914,32811],[-24,-25]],[[74890,32786],[-262,211]],[[74628,32997],[-32,287]],[[74596,33284],[-10,105]],[[74586,33389],[25,502]],[[67932,33521],[-437,-35]],[[67495,33486],[-38,46]],[[66358,33686],[-37,-163]],[[66321,33523],[-322,46]],[[75676,33914],[-150,56]],[[71387,33757],[-728,-464]],[[70659,33293],[-67,322]],[[69904,33663],[-146,-202]],[[69758,33461],[-251,-32]],[[69507,33429],[9,142]],[[72428,33756],[53,-427]],[[72481,33329],[9,-281]],[[72490,33048],[-384,-107]],[[72106,32941],[-260,-121]],[[71846,32820],[-262,1013]],[[75712,33807],[-79,-268]],[[75633,33539],[-250,-420]],[[75383,33119],[-356,-81]],[[76422,33502],[0,-1]],[[76422,33501],[-789,38]],[[71846,32820],[-134,-217]],[[71712,32603],[-239,81]],[[71473,32684],[-21,44]],[[71452,32728],[-430,247]],[[71022,32975],[-333,203]],[[70689,33178],[-24,57]],[[70665,33235],[-6,58]],[[74586,33389],[-225,220]],[[74361,33609],[15,154]],[[73430,33679],[-98,-199]],[[73332,33480],[-101,-124]],[[73231,33356],[-244,120]],[[72987,33476],[240,326]],[[66907,33426],[-326,-319]],[[66581,33107],[-260,400]],[[66321,33507],[0,16]],[[70230,33505],[-79,-295]],[[70151,33210],[-286,6]],[[69865,33216],[-107,245]],[[65453,33585],[-26,-433]],[[65427,33152],[-266,-118]],[[65161,33034],[-299,431]],[[69003,33470],[64,-176]],[[69067,33294],[-348,-337]],[[68719,32957],[-260,184]],[[68459,33141],[-10,553]],[[68459,33141],[-280,-246]],[[68179,32895],[-85,-161]],[[68094,32734],[-486,-29]],[[67608,32705],[-113,781]],[[72987,33476],[-89,12]],[[72898,33488],[-2,179]],[[72898,33488],[-175,-350]],[[72723,33138],[-242,191]],[[64067,33302],[-38,-436]],[[64029,32866],[-253,-323]],[[63776,32543],[-278,604]],[[74361,33609],[-89,-495]],[[74272,33114],[42,-397]],[[74314,32717],[-91,-80]],[[74223,32637],[-50,-24]],[[74173,32613],[-61,34]],[[74112,32647],[-258,406]],[[73854,33053],[-31,170]],[[73823,33223],[-18,241]],[[66321,33507],[-320,-590]],[[66001,32917],[-574,235]],[[69507,33429],[63,-210]],[[69570,33219],[-315,-133]],[[69255,33086],[-188,208]],[[67608,32705],[-579,-98]],[[67029,32607],[-506,-85]],[[66523,32522],[-219,184]],[[66304,32706],[277,401]],[[70665,33235],[-344,264]],[[65161,33034],[134,-281]],[[65295,32753],[-281,-27]],[[65014,32726],[-441,291]],[[66304,32706],[-303,211]],[[73554,33475],[-222,5]],[[70689,33178],[-166,-201]],[[70523,32977],[-395,1]],[[70128,32978],[23,232]],[[69865,33216],[-167,-185]],[[69698,33031],[-128,188]],[[74596,33284],[-324,-170]],[[65014,32726],[-313,-666]],[[64701,32060],[-196,-90]],[[64505,31970],[-132,194]],[[64373,32164],[-70,149]],[[64303,32313],[-274,553]],[[73231,33356],[127,-211]],[[73358,33145],[-33,-149]],[[73325,32996],[-265,-261]],[[73060,32735],[-28,-17]],[[73032,32718],[-341,321]],[[72691,33039],[32,99]],[[73586,33450],[-93,-173]],[[73493,33277],[-135,-132]],[[73823,33223],[-330,54]],[[69255,33086],[-4,-86]],[[69251,33000],[-115,-332]],[[69136,32668],[-369,105]],[[68767,32773],[-48,184]],[[70128,32978],[-48,-27]],[[70080,32951],[-315,-152]],[[69765,32799],[-67,232]],[[63776,32543],[-56,-88]],[[63720,32455],[-146,162]],[[63574,32617],[-160,131]],[[72691,33039],[-37,-15]],[[72654,33024],[-164,24]],[[66001,32917],[-375,-320]],[[65626,32597],[-331,156]],[[69765,32799],[-97,-54]],[[69668,32745],[-417,255]],[[73854,33053],[81,-347]],[[73935,32706],[-168,-98]],[[73767,32608],[-190,48]],[[73577,32656],[-180,171]],[[73397,32827],[-72,169]],[[71022,32975],[-78,-97]],[[70944,32878],[-256,-157]],[[70688,32721],[-11,48]],[[70677,32769],[-154,208]],[[68767,32773],[-431,-45]],[[68336,32728],[-157,167]],[[74628,32997],[-314,-280]],[[71452,32728],[-241,-78]],[[71211,32650],[-267,228]],[[72654,33024],[-244,-137]],[[72410,32887],[-304,54]],[[70677,32769],[-295,-95]],[[70382,32674],[-212,69]],[[70170,32743],[-90,208]],[[69668,32745],[-156,-266]],[[69512,32479],[-66,-189]],[[69446,32290],[-310,378]],[[66523,32522],[115,-330]],[[66638,32192],[-30,-93]],[[66608,32099],[-567,35]],[[66041,32134],[-507,249]],[[65534,32383],[92,214]],[[64303,32313],[-387,-105]],[[63916,32208],[-196,247]],[[74112,32647],[-177,59]],[[68094,32734],[-95,-284]],[[67999,32450],[-391,255]],[[70170,32743],[-302,-307]],[[69868,32436],[-356,43]],[[75383,33119],[48,-96]],[[75431,33023],[-517,-212]],[[73032,32718],[-118,-239]],[[72914,32479],[-85,-39]],[[72829,32440],[-381,316]],[[72448,32756],[-38,131]],[[68336,32728],[67,-421]],[[68403,32307],[-305,-29]],[[68098,32278],[-39,-18]],[[68059,32260],[-60,190]],[[73397,32827],[-185,-216]],[[73212,32611],[-152,124]],[[75431,33023],[74,-38]],[[75505,32985],[3,-142]],[[75508,32843],[-607,-70]],[[74901,32773],[-11,13]],[[63574,32617],[-457,-309]],[[72448,32756],[-72,-417]],[[72376,32339],[-262,-65]],[[72114,32274],[-303,19]],[[71811,32293],[-57,91]],[[71754,32384],[-42,219]],[[65534,32383],[-449,-478]],[[65085,31905],[-223,49]],[[64862,31954],[-161,106]],[[74901,32773],[-39,-218]],[[74862,32555],[-639,82]],[[71211,32650],[-37,-250]],[[71174,32400],[-192,-204]],[[70982,32196],[-103,78]],[[70879,32274],[-228,303]],[[70651,32577],[37,144]],[[69446,32290],[-600,-139]],[[68846,32151],[-222,-119]],[[68624,32032],[-221,275]],[[70651,32577],[-48,-43]],[[70603,32534],[-221,140]],[[68059,32260],[-34,-57]],[[68025,32203],[-726,2]],[[67299,32205],[-270,402]],[[63916,32208],[169,-238]],[[64085,31970],[-219,-229]],[[63866,31741],[-99,11]],[[63767,31752],[-481,86]],[[70603,32534],[-36,-214]],[[70567,32320],[-107,-101]],[[70460,32219],[-333,102]],[[70127,32321],[-259,115]],[[73577,32656],[-134,-188]],[[73443,32468],[-165,-20]],[[73278,32448],[-66,163]],[[67299,32205],[-99,-108]],[[67200,32097],[-245,-116]],[[66955,31981],[-317,211]],[[71473,32684],[141,-342]],[[71614,32342],[-148,-45]],[[71466,32297],[-292,103]],[[72829,32440],[-78,-199]],[[72751,32241],[-91,-36]],[[72660,32205],[-284,134]],[[75508,32843],[-140,-560]],[[75368,32283],[-244,12]],[[75124,32295],[-262,260]],[[71754,32384],[-140,-42]],[[73278,32448],[-29,-12]],[[73249,32436],[-335,43]],[[74173,32613],[-223,-407]],[[73950,32206],[-19,-25]],[[73931,32181],[-391,20]],[[73540,32201],[227,407]],[[70879,32274],[-173,-76]],[[70706,32198],[-139,122]],[[64373,32164],[-288,-194]],[[73540,32201],[-97,267]],[[75124,32295],[-30,-93]],[[75094,32202],[-469,-119]],[[74625,32083],[-69,-74]],[[74556,32009],[-360,113]],[[74196,32122],[-246,84]],[[66041,32134],[70,-209]],[[66111,31925],[-41,-187]],[[66070,31738],[-121,-249]],[[65949,31489],[-163,-129]],[[65786,31360],[-57,119]],[[65729,31479],[-628,383]],[[65101,31862],[-16,43]],[[70127,32321],[-12,-481]],[[70115,31840],[-302,-159]],[[69813,31681],[-371,295]],[[69442,31976],[4,314]],[[73249,32436],[58,-190]],[[73307,32246],[-180,-159]],[[73127,32087],[-130,-34]],[[72997,32053],[-246,188]],[[73540,32201],[-143,-202]],[[73397,31999],[-4,60]],[[73393,32059],[-86,187]],[[71466,32297],[18,-64]],[[71484,32233],[-157,-198]],[[71327,32035],[-255,41]],[[71072,32076],[-90,120]],[[68624,32032],[-387,-358]],[[68237,31674],[-231,268]],[[68006,31942],[92,336]],[[66608,32099],[-497,-174]],[[68025,32203],[-170,-221]],[[67855,31982],[-327,-302]],[[67528,31680],[-138,-46]],[[67390,31634],[-190,463]],[[71811,32293],[-41,-188]],[[71770,32105],[-286,128]],[[68006,31942],[-39,-25]],[[67967,31917],[-112,65]],[[70706,32198],[-12,-211]],[[70694,31987],[-64,-106]],[[70630,31881],[-170,338]],[[70630,31881],[-170,-155]],[[70460,31726],[-320,-74]],[[70140,31652],[-25,188]],[[64505,31970],[-44,-90]],[[64461,31880],[-352,-381]],[[64109,31499],[-7,15]],[[64102,31514],[-236,227]],[[69442,31976],[-95,-350]],[[69347,31626],[-227,-144]],[[69120,31482],[-91,18]],[[69029,31500],[-183,651]],[[72660,32205],[-109,-114]],[[72551,32091],[-151,-74]],[[72400,32017],[-268,126]],[[72132,32143],[-18,131]],[[66955,31981],[315,-371]],[[67270,31610],[-289,-355]],[[66981,31255],[-198,-27]],[[66783,31228],[-161,251]],[[66622,31479],[-552,259]],[[72132,32143],[-68,-126]],[[72064,32017],[-178,-29]],[[71886,31988],[-116,117]],[[71072,32076],[-154,-93]],[[70918,31983],[-224,4]],[[75181,32034],[-87,168]],[[75368,32283],[-45,-178]],[[71886,31988],[-228,-178]],[[71658,31810],[-121,8]],[[71537,31818],[-210,217]],[[64862,31954],[-223,-287]],[[64639,31667],[-178,213]],[[69029,31500],[-190,-94]],[[68839,31406],[-402,-37]],[[68437,31369],[-157,125]],[[68280,31494],[-43,180]],[[74556,32009],[-20,-16]],[[74536,31993],[-116,-48]],[[74420,31945],[-224,177]],[[67390,31634],[-120,-24]],[[72997,32053],[-1,-57]],[[72996,31996],[-123,-187]],[[72873,31809],[-19,-163]],[[72854,31646],[-210,150]],[[72644,31796],[-93,295]],[[73393,32059],[-266,28]],[[73931,32181],[-93,-273]],[[73838,31908],[-162,-217]],[[73676,31691],[-71,-83]],[[73605,31608],[-238,245]],[[73367,31853],[-18,90]],[[73349,31943],[48,56]],[[65101,31862],[122,-384]],[[65223,31478],[-131,-64]],[[65092,31414],[-152,-36]],[[64940,31378],[-305,121]],[[64635,31499],[4,168]],[[69813,31681],[5,-106]],[[69818,31575],[-310,-73]],[[69508,31502],[-161,124]],[[72400,32017],[-64,-197]],[[72336,31820],[-156,-108]],[[72180,31712],[-116,40]],[[72064,31752],[0,265]],[[74420,31945],[-211,-291]],[[74209,31654],[-371,254]],[[63767,31752],[-418,-222]],[[75172,31905],[-386,116]],[[74786,32021],[-161,62]],[[71327,32035],[-131,-166]],[[71196,31869],[-278,114]],[[67967,31917],[-232,-349]],[[67735,31568],[-207,112]],[[72644,31796],[-76,-90]],[[72568,31706],[-76,26]],[[72492,31732],[-156,88]],[[64635,31499],[-156,-102]],[[64479,31397],[-253,21]],[[64226,31418],[-117,81]],[[73349,31943],[-353,53]],[[71537,31818],[-133,-26]],[[71404,31792],[-153,-5]],[[71251,31787],[-55,82]],[[65729,31479],[-506,-1]],[[68280,31494],[-100,-62]],[[68180,31432],[-119,-25]],[[68061,31407],[-131,48],[-63,-101]],[[67867,31354],[-71,62]],[[67796,31416],[-61,152]],[[71251,31787],[-143,-165]],[[71108,31622],[-467,-253]],[[70641,31369],[-72,10]],[[70569,31379],[-44,207]],[[70525,31586],[-65,140]],[[72064,31752],[-406,58]],[[74786,32021],[-203,-154]],[[74583,31867],[-51,42]],[[74532,31909],[4,84]],[[64102,31514],[-219,-354]],[[63883,31160],[-273,-165]],[[73367,31853],[-93,-178]],[[73274,31675],[-401,134]],[[74654,31593],[-31,2]],[[74623,31595],[-40,272]],[[74532,31909],[-216,-369]],[[74316,31540],[-107,114]],[[66622,31479],[-616,-55]],[[66006,31424],[-57,65]],[[70140,31652],[-24,-131]],[[70116,31521],[-186,4]],[[69930,31525],[-112,50]],[[72180,31712],[-20,-297]],[[72160,31415],[-403,-177]],[[71757,31238],[-207,251]],[[71550,31489],[-146,303]],[[74316,31540],[-14,-317]],[[74302,31223],[-73,-224]],[[74229,30999],[-92,-244]],[[74137,30755],[-78,17]],[[74059,30772],[-144,86]],[[73915,30858],[-144,181]],[[73771,31039],[-95,652]],[[74584,31187],[-282,36]],[[74623,31595],[95,-267]],[[73605,31608],[-231,-395]],[[73374,31213],[-186,128]],[[73188,31341],[86,334]],[[71550,31489],[-205,-114]],[[71345,31375],[-237,247]],[[72492,31732],[-17,-403]],[[72475,31329],[-38,-18]],[[72437,31311],[-26,-1]],[[72411,31310],[-242,94]],[[72169,31404],[-9,11]],[[67796,31416],[21,-526]],[[67817,30890],[-293,-62]],[[67524,30828],[-233,178]],[[67291,31006],[-33,50]],[[67258,31056],[132,578]],[[73188,31341],[-126,-23]],[[73062,31318],[-166,248]],[[72896,31566],[-42,80]],[[70525,31586],[-121,-301]],[[70404,31285],[20,-158]],[[70424,31127],[-50,-52]],[[70374,31075],[-217,173]],[[70157,31248],[-41,273]],[[72896,31566],[-328,140]],[[67258,31056],[-277,199]],[[63862,30862],[21,298]],[[64226,31418],[-89,-443]],[[73062,31318],[-43,-128]],[[73019,31190],[-8,-220]],[[73011,30970],[-213,-50]],[[72798,30920],[-35,22]],[[72763,30942],[-288,387]],[[69508,31502],[-251,-380]],[[69257,31122],[-137,360]],[[64940,31378],[7,-135]],[[64947,31243],[-459,-102]],[[64488,31141],[-9,256]],[[69930,31525],[227,-277]],[[70374,31075],[28,-315]],[[70402,30760],[-195,-179]],[[70207,30581],[-247,127]],[[69960,30708],[-642,-25]],[[69318,30683],[-202,264]],[[69116,30947],[141,175]],[[71345,31375],[-15,-45]],[[71330,31330],[-689,39]],[[65786,31360],[-36,-299]],[[65750,31061],[-417,146]],[[65333,31207],[-241,207]],[[66783,31228],[0,-216]],[[66783,31012],[-226,-313]],[[66557,30699],[-153,45]],[[66404,30744],[-149,81]],[[66255,30825],[-249,599]],[[66255,30825],[-68,-320]],[[66187,30505],[4,-178]],[[66191,30327],[-287,153]],[[65904,30480],[-362,81]],[[65542,30561],[-94,165]],[[65448,30726],[302,335]],[[70569,31379],[-165,-94]],[[73771,31039],[-192,-70]],[[73579,30969],[-315,89]],[[73264,31058],[110,155]],[[64488,31141],[-85,-225]],[[69116,30947],[-67,-93]],[[69049,30854],[-285,358]],[[68764,31212],[75,194]],[[68437,31369],[35,-31]],[[68472,31338],[-19,-116]],[[68453,31222],[-273,210]],[[65333,31207],[-11,-428]],[[65322,30779],[-463,94]],[[64859,30873],[88,370]],[[68764,31212],[-62,-58]],[[68702,31154],[-230,184]],[[68061,31407],[-194,-53]],[[68453,31222],[-89,-336]],[[68364,30886],[-416,-131]],[[67948,30755],[-131,135]],[[71757,31238],[-85,-92]],[[71672,31146],[-328,87]],[[71344,31233],[-14,97]],[[72169,31404],[-23,-319]],[[72146,31085],[-62,-171]],[[72084,30914],[-128,-42]],[[71956,30872],[-108,35]],[[71848,30907],[-156,95]],[[71692,31002],[-20,144]],[[64859,30873],[-149,-248]],[[67291,31006],[-508,6]],[[68702,31154],[-146,-405]],[[68556,30749],[-192,137]],[[72411,31310],[-265,-225]],[[71344,31233],[91,-366]],[[71435,30867],[-181,-171]],[[71254,30696],[-565,79]],[[70689,30775],[-287,-15]],[[70424,31127],[145,252]],[[65448,30726],[-57,-12]],[[65391,30714],[-69,65]],[[69049,30854],[-376,-327]],[[68673,30527],[-114,27]],[[68559,30554],[-3,195]],[[72763,30942],[-297,155]],[[72466,31097],[-29,214]],[[73264,31058],[-104,-171]],[[73160,30887],[-41,30]],[[73119,30917],[-100,273]],[[72466,31097],[57,-230]],[[72523,30867],[-252,-150]],[[72271,30717],[-187,197]],[[71692,31002],[-81,-76]],[[71611,30926],[-176,-59]],[[67524,30828],[-217,-264]],[[67307,30564],[-410,-31]],[[66897,30533],[-264,109]],[[66633,30642],[-76,57]],[[73119,30917],[-108,53]],[[74512,30958],[-283,41]],[[65391,30714],[-264,-321]],[[65127,30393],[-430,32]],[[72798,30920],[59,-101]],[[72857,30819],[-334,48]],[[68559,30554],[-557,174]],[[68002,30728],[-54,27]],[[69318,30683],[48,-286]],[[69366,30397],[-96,-147]],[[69270,30250],[-413,-149]],[[68857,30101],[-260,121]],[[68597,30222],[76,305]],[[71254,30696],[-190,-536]],[[71064,30160],[-242,163]],[[70822,30323],[-19,44]],[[70803,30367],[-114,408]],[[73579,30969],[242,-215]],[[73821,30754],[-57,-226]],[[73764,30528],[-628,-36]],[[73136,30492],[72,172]],[[73208,30664],[-48,223]],[[71848,30907],[-120,-128]],[[71728,30779],[-117,147]],[[68002,30728],[-12,-236]],[[67990,30492],[-115,-105]],[[67875,30387],[-323,-19]],[[67552,30368],[-245,196]],[[74425,30646],[-288,109]],[[73915,30858],[-94,-104]],[[66404,30744],[-217,-239]],[[73119,30917],[-49,-328]],[[73070,30589],[-144,45]],[[72926,30634],[-98,15]],[[72828,30649],[29,170]],[[71728,30779],[-112,-94]],[[71616,30685],[-362,11]],[[71956,30872],[-72,-158]],[[71884,30714],[-268,-29]],[[72271,30717],[53,-106]],[[72324,30611],[-239,-114]],[[72085,30497],[-88,22]],[[71997,30519],[-113,195]],[[65542,30561],[-80,-199]],[[65462,30362],[-275,33]],[[65187,30395],[-60,-2]],[[66633,30642],[-112,-561]],[[66521,30081],[-57,-76]],[[66464,30005],[-273,322]],[[73208,30664],[-138,-75]],[[68597,30222],[-197,-73]],[[68400,30149],[-359,2]],[[68041,30151],[-51,341]],[[72828,30649],[-286,-148]],[[72542,30501],[-218,110]],[[74059,30772],[0,-374]],[[74059,30398],[-137,22]],[[73922,30420],[-158,108]],[[69960,30708],[-63,-457]],[[69897,30251],[-377,-35]],[[69520,30216],[-154,181]],[[66897,30533],[176,-418]],[[67073,30115],[-250,-233]],[[66823,29882],[-302,199]],[[70803,30367],[-525,-2]],[[70278,30365],[-71,216]],[[70278,30365],[-73,-64]],[[70205,30301],[-180,-112]],[[70025,30189],[-128,62]],[[65904,30480],[-242,-308]],[[65662,30172],[-200,190]],[[67552,30368],[-378,-281]],[[67174,30087],[-101,28]],[[71997,30519],[-278,-244]],[[71719,30275],[-121,5]],[[71598,30280],[-387,-185]],[[71211,30095],[-56,11]],[[71155,30106],[-91,54]],[[74150,30039],[-91,359]],[[65187,30395],[-185,-309]],[[65002,30086],[-113,-96]],[[64889,29990],[-294,213]],[[73136,30492],[-202,-144]],[[72934,30348],[-8,286]],[[66464,30005],[-12,-251]],[[66452,29754],[-129,-42]],[[66323,29712],[-245,126]],[[66078,29838],[-474,201]],[[65604,30039],[58,133]],[[72934,30348],[-58,-82]],[[72876,30266],[-319,103]],[[72557,30369],[-15,132]],[[65604,30039],[53,-396]],[[65657,29643],[-27,-47]],[[65630,29596],[-87,7]],[[65543,29603],[-596,315]],[[64947,29918],[55,168]],[[68041,30151],[-4,0]],[[68037,30151],[-162,236]],[[72557,30369],[-278,-342]],[[72279,30027],[-131,-29]],[[72148,29998],[-76,226]],[[72072,30224],[13,273]],[[68037,30151],[-24,-378]],[[68013,29773],[-230,-223]],[[67783,29550],[-416,197]],[[67367,29747],[-163,299]],[[67204,30046],[-30,41]],[[72072,30224],[-148,-52]],[[71924,30172],[-205,103]],[[73922,30420],[79,-424]],[[74001,29996],[-60,-114]],[[73941,29882],[-285,-75]],[[73656,29807],[-146,-49]],[[73510,29758],[-238,107]],[[73272,29865],[-37,36]],[[73235,29901],[-265,184]],[[72970,30085],[-94,181]],[[69520,30216],[-258,-517]],[[69262,29699],[-198,104]],[[69064,29803],[206,447]],[[70822,30323],[-147,-390]],[[70675,29933],[-186,121]],[[70489,30054],[-284,247]],[[64889,29990],[54,-70]],[[64943,29920],[-391,-440]],[[64552,29480],[-123,-155]],[[70025,30189],[197,-372]],[[70222,29817],[-51,-170]],[[70171,29647],[-191,-71]],[[69980,29576],[-261,-252]],[[69719,29324],[-255,168]],[[69464,29492],[-94,-11]],[[69370,29481],[-108,218]],[[71155,30106],[-40,-275]],[[71115,29831],[-253,6]],[[70862,29837],[-187,96]],[[74134,30016],[-133,-20]],[[70489,30054],[-267,-237]],[[68857,30101],[-44,-266]],[[68813,29835],[-150,-288]],[[68663,29547],[-295,61]],[[68368,29608],[32,541]],[[72970,30085],[-116,-202]],[[72854,29883],[-152,43]],[[72702,29926],[-252,-16]],[[72450,29910],[-97,-85]],[[72353,29825],[-74,202]],[[71598,30280],[-166,-226],[-221,41]],[[69064,29803],[-145,-51]],[[68919,29752],[-106,83]],[[71924,30172],[29,-243]],[[71953,29929],[272,-223]],[[72225,29706],[34,-44]],[[72259,29662],[-48,-245]],[[72211,29417],[-109,-13]],[[72102,29404],[-315,-76]],[[71787,29328],[-487,-247]],[[71300,29081],[-170,384]],[[71130,29465],[5,265]],[[71135,29730],[-20,101]],[[67204,30046],[-212,-330]],[[66992,29716],[-139,65]],[[66853,29781],[-30,101]],[[64947,29918],[-4,2]],[[68368,29608],[-208,-31]],[[68160,29577],[-147,196]],[[72148,29998],[-195,-69]],[[66853,29781],[-423,-173]],[[66430,29608],[22,146]],[[66078,29838],[107,-84]],[[66185,29754],[-30,-220]],[[66155,29534],[-391,32]],[[65764,29566],[-67,31]],[[65697,29597],[-40,46]],[[67367,29747],[-48,-369]],[[67319,29378],[-211,-91]],[[67108,29287],[-116,429]],[[73235,29901],[-283,-123]],[[72952,29778],[-69,29]],[[72883,29807],[-29,76]],[[66323,29712],[-138,42]],[[65543,29603],[-609,-342]],[[64934,29261],[-97,-59]],[[64837,29202],[-285,278]],[[70862,29837],[273,-107]],[[71130,29465],[-467,-264]],[[70663,29201],[-491,218]],[[70172,29419],[-1,228]],[[72702,29926],[-112,-63]],[[72590,29863],[-140,47]],[[72353,29825],[-128,-119]],[[74060,29613],[-119,269]],[[66430,29608],[12,-241]],[[66442,29367],[-268,-17]],[[66174,29350],[-19,184]],[[67783,29550],[-170,-104]],[[67613,29446],[-127,-96]],[[67486,29350],[-167,28]],[[68919,29752],[185,-344]],[[69104,29408],[0,-165]],[[69104,29243],[22,-414]],[[69126,28829],[-47,-79]],[[69079,28750],[-269,73]],[[68810,28823],[-147,724]],[[67108,29287],[-93,-28]],[[67015,29259],[-324,-66]],[[66691,29193],[-219,72]],[[66472,29265],[-30,102]],[[68160,29577],[-55,-134]],[[68105,29443],[2,-115]],[[68107,29328],[-297,-74]],[[67810,29254],[-169,-5]],[[67641,29249],[-28,197]],[[72883,29807],[-143,-98]],[[72740,29709],[-132,95]],[[72608,29804],[-18,59]],[[72608,29804],[-137,-252]],[[72471,29552],[-212,110]],[[69370,29481],[-266,-73]],[[73272,29865],[-362,-418]],[[72910,29447],[-28,53]],[[72882,29500],[70,278]],[[73861,29524],[-205,283]],[[72834,29042],[66,356]],[[72900,29398],[10,49]],[[73510,29758],[18,-388]],[[65697,29597],[15,-416]],[[65712,29181],[-115,-165]],[[65597,29016],[-229,-86]],[[65368,28930],[-120,-18]],[[65248,28912],[-7,-2]],[[65241,28910],[389,686]],[[72882,29500],[-142,209]],[[72740,29709],[-238,-223]],[[72502,29486],[-31,66]],[[65241,28910],[-387,7]],[[64854,28917],[-12,69]],[[64842,28986],[92,275]],[[65764,29566],[277,-358]],[[66041,29208],[0,-230]],[[66041,28978],[-129,-41]],[[65912,28937],[-200,244]],[[66174,29350],[-133,-142]],[[68810,28823],[-201,-163]],[[68609,28660],[-116,25]],[[68493,28685],[-240,293]],[[68253,28978],[-148,465]],[[64837,29202],[5,-216]],[[64854,28917],[-145,-88]],[[64709,28829],[-100,-2]],[[64609,28827],[-253,21]],[[70172,29419],[244,-196]],[[70416,29223],[-58,-165]],[[70358,29058],[-474,-107]],[[69884,28951],[-45,-12]],[[69839,28939],[-58,261]],[[69781,29200],[199,376]],[[72900,29398],[-547,-328]],[[72353,29070],[-21,268]],[[72332,29338],[170,148]],[[72332,29338],[-121,79]],[[69781,29200],[-62,124]],[[67486,29350],[-221,-318]],[[67265,29032],[-214,-12]],[[67051,29020],[-36,239]],[[69839,28939],[-216,-199]],[[69623,28740],[-247,113]],[[69376,28853],[130,446]],[[69506,29299],[-42,193]],[[67641,29249],[-85,-138]],[[67556,29111],[-235,-142]],[[67321,28969],[-44,17]],[[67277,28986],[-12,46]],[[69506,29299],[-402,-56]],[[68253,28978],[-29,15]],[[68224,28993],[-117,335]],[[70663,29201],[-247,22]],[[72102,29404],[-46,-174]],[[72056,29230],[-204,44]],[[71852,29274],[-65,54]],[[70397,28736],[-39,322]],[[71300,29081],[-21,-145]],[[66472,29265],[-69,-281]],[[66403,28984],[-167,-25]],[[66236,28959],[-195,19]],[[66691,29193],[42,-217]],[[66733,28976],[-47,-146]],[[66686,28830],[-109,-17]],[[66577,28813],[-174,171]],[[72109,28973],[-53,257]],[[72353,29070],[-26,-109]],[[71852,29274],[39,-234]],[[69376,28853],[-250,-24]],[[68224,28993],[-153,-83]],[[68071,28910],[-155,43]],[[67916,28953],[-106,301]],[[67051,29020],[-318,-44]],[[67916,28953],[32,-126]],[[67948,28827],[-14,-77]],[[67934,28750],[-227,-59]],[[67707,28691],[-189,231]],[[67518,28922],[38,189]],[[65912,28937],[-199,-262]],[[65713,28675],[-163,61]],[[65550,28736],[47,280]],[[67518,28922],[-190,-6]],[[67328,28916],[-7,53]],[[65550,28736],[-182,194]],[[69934,28543],[-50,408]],[[67277,28986],[-347,-246]],[[66930,28740],[-25,-64]],[[66905,28676],[-219,154]],[[66577,28813],[-433,-162]],[[66144,28651],[92,308]],[[66144,28651],[23,-126]],[[66167,28525],[-183,-314]],[[65984,28211],[-267,132]],[[65717,28343],[-4,332]],[[65248,28912],[31,-318]],[[65279,28594],[-234,-302]],[[65045,28292],[-202,-25]],[[64843,28267],[-181,160]],[[64662,28427],[47,402]],[[68071,28910],[-85,-93]],[[67986,28817],[-38,10]],[[67328,28916],[-136,-123]],[[67192,28793],[-262,-53]],[[65717,28343],[-135,-83]],[[65582,28260],[-331,89]],[[65251,28349],[28,245]],[[68493,28685],[-161,-176]],[[68332,28509],[-211,-30]],[[68121,28479],[-135,338]],[[64609,28827],[-334,-71]],[[67707,28691],[-185,-203]],[[67522,28488],[-296,42]],[[67226,28530],[-34,263]],[[64662,28427],[-353,-57]],[[69524,28495],[99,245]],[[66905,28676],[-78,-114]],[[66827,28562],[-58,-154]],[[66769,28408],[-190,122]],[[66579,28530],[-412,-5]],[[68821,28209],[147,373]],[[68968,28582],[111,168]],[[68121,28479],[-82,8]],[[68039,28487],[-130,105]],[[67909,28592],[25,158]],[[68968,28582],[-359,78]],[[67226,28530],[-174,-140]],[[67052,28390],[-225,172]],[[67909,28592],[-230,-125]],[[67679,28467],[-157,21]],[[68509,28167],[-177,342]],[[65251,28349],[-40,-142]],[[65211,28207],[-166,85]],[[68039,28487],[-6,-165]],[[68033,28322],[-197,-303]],[[67836,28019],[-158,158]],[[67678,28177],[-117,83]],[[67561,28260],[118,207]],[[66579,28530],[-30,-155]],[[66549,28375],[-19,-94]],[[66530,28281],[-475,-226]],[[66055,28055],[-86,-9]],[[65969,28046],[15,165]],[[67052,28390],[4,-75]],[[67056,28315],[-148,-41]],[[66908,28274],[-139,134]],[[67561,28260],[-88,-18]],[[67473,28242],[-417,73]],[[66908,28274],[-34,-225]],[[66874,28049],[-62,-58]],[[66812,27991],[-263,384]],[[68496,28138],[-463,184]],[[64843,28267],[-78,-311]],[[66517,27770],[-46,187]],[[66471,27957],[59,324]],[[66812,27991],[-67,-303]],[[65582,28260],[-49,-260]],[[65533,28000],[-378,-39]],[[65155,27961],[56,246]],[[65155,27961],[-35,-163]],[[65120,27798],[-288,-42]],[[65969,28046],[-78,-159]],[[65891,27887],[-358,113]],[[67824,27941],[12,78]],[[67473,28242],[-227,-224]],[[67246,28018],[-141,-149]],[[67105,27869],[-231,180]],[[66471,27957],[-413,14]],[[66058,27971],[-3,84]],[[67095,27628],[151,390]],[[67678,28177],[-1,-335]],[[66058,27971],[-160,-220]],[[65898,27751],[9,92]],[[65907,27843],[-16,44]],[[66397,27657],[-505,-177]],[[65892,27480],[-18,9]],[[65874,27489],[24,262]],[[67105,27869],[-143,-158]],[[65907,27843],[-247,-342]],[[65660,27501],[-158,50]],[[65502,27551],[-74,141]],[[65428,27692],[-308,106]],[[65874,27489],[-214,12]],[[65428,27692],[-343,-186]],[[65085,27506],[-189,82]],[[65502,27551],[-246,-345]],[[65256,27206],[-155,223]],[[65101,27429],[-16,77]],[[66218,27357],[-260,50]],[[65958,27407],[-66,73]],[[65101,27429],[-76,-111]],[[65336,27054],[-80,152]],[[65958,27407],[-88,-331]],[[67025,83456],[491,-250]],[[67516,83206],[-91,-96],[-12,-37],[-43,-15],[-137,-505],[-53,-64],[-26,-150],[0,-2],[18,-147],[-24,-106],[-183,-260],[28,14],[147,-300]],[[67140,81538],[5,-80],[10,-77],[-237,-278],[-125,-291],[-234,-575],[-21,-95],[16,-58]],[[66554,80084],[57,-113],[97,-131],[262,-215]],[[66970,79625],[62,-322],[-648,-877],[14,-28]],[[66398,78398],[1,-1],[-4,-9],[-18,-42],[-63,-88],[-138,4],[-89,-260],[0,-5],[-79,-387]],[[66008,77610],[-72,-23],[-110,-136],[-89,-98],[-18,-19],[-175,-144],[-130,-137],[-78,-482],[-135,-181],[-112,-174],[-339,-184],[-22,-50],[-56,-111],[-38,-92],[-26,-30],[-133,-83]],[[64475,75666],[-363,-479],[-500,375]],[[67516,83206],[203,50]],[[67719,83256],[-556,-1708],[-9,-45],[-14,35]],[[66554,80084],[519,-8],[179,1039],[427,1298],[330,571]],[[68009,82984],[595,-358]],[[68604,82626],[-16,-75],[-45,18],[-50,-13],[-501,-528],[-6,-66],[266,-143],[54,-212],[-88,-281],[-3,-120],[-126,-319],[-120,-69],[-529,-499],[-470,-694]],[[67719,83256],[290,-272]],[[69798,82543],[-546,-854],[3,-29],[-15,14]],[[69240,81674],[-158,118]],[[69082,81792],[48,699],[668,52]],[[68604,82626],[478,-834]],[[69240,81674],[19,-43],[66,-59],[-5,-11],[-28,-125],[-51,-40],[-13,-46],[15,-19],[-51,20],[28,-40]],[[69220,81311],[-394,-720],[-744,-169],[-40,-1393]],[[68042,79029],[-6,7],[-25,37],[-13,-1],[-9,-1],[16,-26],[1,-53],[-46,18],[15,-85],[-10,-17],[-14,43],[-10,-4],[-28,-15],[-38,-3],[-8,-12],[-4,-6],[-19,10],[-1,6],[-20,7],[-26,28],[0,10],[-10,2],[-2,1],[-7,-15],[7,-51],[1,-1],[-8,-29],[2,-14],[-18,41],[-6,-14],[-25,-5],[-4,7],[-47,24],[-22,3],[20,-30],[-1,-1],[-18,-34],[-4,5],[-9,9],[-10,-33],[-5,-16],[-23,53],[-27,-11],[-24,40],[-5,2],[3,-50],[-14,-12],[-3,3],[-2,9],[-23,-37],[-64,-5],[4,-7],[5,-8],[-20,-8],[-68,-68],[-11,5],[-19,10],[-3,-4],[-11,-8],[-16,20],[-9,-11],[14,-31],[-18,-36],[1,-6],[-30,14],[-6,2],[0,-31],[0,-19],[-8,1],[-15,3],[-5,-6],[-9,0],[-2,6],[-9,-19],[-19,11],[-22,-29],[-14,21],[-55,-38],[-2,13],[-26,-24],[-48,-54],[-3,-4],[-17,-14],[-32,22],[-8,-25],[-2,-4],[-9,-5],[-26,-44],[-34,-40],[-29,9],[-214,-31],[-32,21],[-10,0],[-42,-14],[-17,20],[-6,-7],[-7,-8],[-43,27],[-50,-19],[-38,3],[-9,1],[-2,-2]],[[69798,82543],[469,-244],[325,-588]],[[70592,81711],[-236,-145]],[[70356,81566],[-5,0],[-44,-61],[-73,-68],[-134,-69],[-17,-83],[-410,13]],[[69673,81298],[-453,13]],[[70592,81711],[310,-475]],[[70902,81236],[-486,-112]],[[70416,81124],[27,62],[-77,59],[-63,28],[45,42],[59,40],[-59,191],[8,20]],[[70416,81124],[-24,9],[-42,-72],[-47,-54],[-47,-80],[-51,-58],[-21,5],[0,38],[-19,-21],[-11,-65],[35,-97],[60,-83],[56,-19],[-16,-23],[-36,6],[-7,-21]],[[70246,80589],[-352,-288]],[[69894,80301],[-146,492]],[[69748,80793],[-75,505]],[[69748,80793],[-1307,-729],[63,-848],[-462,-187]],[[70902,81236],[-16,-239]],[[70886,80997],[-358,-472]],[[70528,80525],[-53,24],[-73,-17],[-156,57]],[[70886,80997],[287,-934]],[[71173,80063],[-147,-340]],[[71026,79723],[-44,-2],[-349,53],[-58,-10],[-36,-37],[-57,-15],[-8,-51],[-113,-34],[-18,29]],[[70343,79656],[-1,4],[-2,12],[-26,330],[54,80],[104,64],[-19,40],[35,52],[-27,184],[67,103]],[[69894,80301],[-154,-126]],[[69740,80175],[-213,-272]],[[69527,79903],[-307,-634]],[[69220,79269],[-139,-295]],[[69081,78974],[4,-113]],[[69085,78861],[-572,-521]],[[68513,78340],[-151,-123],[-211,-31]],[[68151,78186],[-25,63],[-20,62],[-19,190],[-6,48],[-46,468],[7,12]],[[72609,80314],[720,-69]],[[73329,80245],[43,-1596],[-364,37]],[[73008,78686],[-227,424]],[[72781,79110],[55,833],[-227,371]],[[70343,79656],[2,-16],[-16,14]],[[70329,79654],[-3,16],[-586,505]],[[73329,80245],[1144,-300]],[[74473,79945],[-161,-1103],[-492,-299]],[[73820,78543],[-812,143]],[[72781,79110],[-856,-9]],[[71925,79101],[-129,325]],[[71796,79426],[518,577]],[[72314,80003],[295,311]],[[71922,79972],[-64,-156],[-49,-1],[-86,-23]],[[71723,79792],[199,180]],[[70329,79654],[-134,-59]],[[70195,79595],[-174,5]],[[70021,79600],[-494,303]],[[71173,80063],[377,-47]],[[71550,80016],[104,-675]],[[71654,79341],[-683,-154]],[[70971,79187],[55,536]],[[71796,79426],[-142,-85]],[[71550,80016],[173,-224]],[[71922,79972],[392,31]],[[74473,79945],[1282,-723]],[[75755,79222],[-1347,-770]],[[74408,78452],[-82,-194]],[[74326,78258],[-506,285]],[[70021,79600],[-801,-331]],[[70971,79187],[-156,-515]],[[70815,78672],[-145,-119]],[[70670,78553],[-84,-32]],[[70586,78521],[-475,468]],[[70111,78989],[-63,229]],[[70048,79218],[147,377]],[[70048,79218],[-967,-244]],[[75755,79222],[650,-1]],[[76405,79221],[-251,-988]],[[76154,78233],[-1746,219]],[[71925,79101],[-39,-222]],[[71886,78879],[-201,-86]],[[71685,78793],[-31,548]],[[76891,77832],[-503,163]],[[76388,77995],[-234,238]],[[76405,79221],[967,-141]],[[71685,78793],[43,-627]],[[71728,78166],[-913,506]],[[70111,78989],[-614,-218]],[[69497,78771],[-89,198]],[[69408,78969],[-323,-108]],[[73008,78686],[104,-406]],[[73112,78280],[-520,-146]],[[72592,78134],[-662,-241]],[[71930,77893],[-44,986]],[[70586,78521],[-471,-394]],[[70115,78127],[-143,458]],[[69972,78585],[-475,186]],[[69408,78969],[27,-611],[537,227]],[[70115,78127],[67,-204]],[[70182,77923],[-329,48]],[[69853,77971],[-32,-41]],[[69821,77930],[-420,117]],[[69401,78047],[-888,293]],[[71930,77893],[-9,-11]],[[71921,77882],[-273,9]],[[71648,77891],[80,275]],[[73820,78543],[278,-1219]],[[74098,77324],[-445,-149]],[[73653,77175],[-186,-26]],[[73467,77149],[-126,609]],[[73341,77758],[-229,522]],[[71648,77891],[-690,21]],[[70958,77912],[-288,641]],[[75368,76985],[-864,454]],[[74504,77439],[-406,-115]],[[74326,78258],[1305,-941]],[[76388,77995],[-205,-690]],[[70958,77912],[-259,-429],[-39,5],[-11,7],[-32,15],[-62,11],[-20,9]],[[70535,77530],[-353,393]],[[69401,78047],[-335,-262]],[[69066,77785],[-30,12],[-737,309],[-148,80]],[[73341,77758],[-377,-801]],[[72964,76957],[-428,1101]],[[72536,78058],[56,76]],[[72536,78058],[-517,-708]],[[72019,77350],[-230,47]],[[71789,77397],[132,485]],[[72964,76957],[-4,-4]],[[72960,76953],[-490,432],[-451,-35]],[[69821,77930],[-511,-672]],[[69310,77258],[-3,16],[-22,164],[13,59],[29,7],[-1,14],[-3,18],[13,-14],[8,-8],[0,14],[2,32],[13,-19],[3,-4],[9,8],[1,23],[0,46],[-306,171]],[[70535,77530],[-59,-106],[-5,-160]],[[70471,77264],[5,-750]],[[70476,76514],[-492,447],[-131,1010]],[[70476,76514],[0,-5]],[[70476,76509],[-4,0]],[[70472,76509],[-783,-173]],[[69689,76336],[-257,521],[-734,-343]],[[68698,76514],[-223,13]],[[68475,76527],[327,490]],[[68802,77017],[74,40]],[[68876,77057],[5,3],[398,186],[31,12]],[[73467,77149],[563,-621]],[[74030,76528],[-176,-620]],[[73854,75908],[-142,-126]],[[73712,75782],[-408,-372]],[[73304,75410],[-399,1]],[[72905,75411],[-302,774]],[[72603,76185],[357,768]],[[74504,77439],[-156,-814]],[[74348,76625],[-252,136]],[[74096,76761],[-443,414]],[[75056,76243],[-708,382]],[[70471,77264],[1286,2]],[[71757,77266],[104,-499]],[[71861,76767],[-743,-279]],[[71118,76488],[-642,21]],[[72603,76185],[-272,-233]],[[72331,75952],[-239,59]],[[72092,76011],[-231,756]],[[71757,77266],[32,131]],[[74096,76761],[-66,-233]],[[68802,77017],[-726,-592]],[[68076,76425],[259,536]],[[68335,76961],[6,10],[52,39],[38,29],[7,0],[-21,35],[4,2],[10,10],[81,65],[3,-14],[-2,-11],[28,18],[57,30],[-9,24],[-3,29],[3,27]],[[68589,77254],[27,36],[40,-38],[44,-27],[-15,-4],[-3,1],[24,-38],[16,0],[58,15],[14,12],[-3,20],[10,-9],[9,7],[-1,25],[-2,19],[20,-12],[28,9],[2,0],[11,-2],[-5,-79],[13,-132]],[[68076,76425],[312,-145]],[[68388,76280],[-303,-515]],[[68085,75765],[-162,-1251],[-309,-472]],[[67614,74042],[-601,-68]],[[67013,73974],[-2214,50]],[[64799,74024],[-18,742],[107,237],[80,83],[45,99],[0,59],[-22,-25]],[[64991,75219],[20,26],[26,30],[17,7],[220,6],[410,219],[181,178],[147,155],[146,133],[140,142],[118,82],[71,155],[66,20],[3,3],[52,162],[0,10],[7,5],[24,47],[28,65],[59,134],[13,16],[5,2],[64,59],[49,37],[6,25],[71,14],[144,17],[37,35],[103,-14],[44,-19],[39,29],[100,81],[53,-10],[52,-3],[7,4],[7,24],[31,29],[16,10],[113,-12],[9,-8],[84,14],[76,-6],[16,9],[16,-14],[67,30],[98,-84],[73,-57],[73,47],[13,11],[74,-9],[19,-33],[13,5],[21,-15],[3,-51]],[[68475,76527],[-87,-247]],[[72092,76011],[-911,434]],[[71181,76445],[-63,43]],[[69689,76336],[-217,-46]],[[69472,76290],[-764,158]],[[68708,76448],[-10,66]],[[74706,75730],[-781,165]],[[73925,75895],[-71,13]],[[71181,76445],[-361,-877]],[[70820,75568],[-380,898]],[[70440,76466],[32,43]],[[70440,76466],[-248,-355],[-720,179]],[[68708,76448],[582,-617]],[[69290,75831],[-276,-151]],[[69014,75680],[-395,33]],[[68619,75713],[-231,567]],[[69472,76290],[-182,-459]],[[70820,75568],[44,-126]],[[70864,75442],[-1026,42]],[[69838,75484],[-540,20]],[[69298,75504],[-284,176]],[[72331,75952],[-435,-777]],[[71896,75175],[-858,-448]],[[71038,74727],[-219,302]],[[70819,75029],[45,413]],[[68619,75713],[-534,52]],[[72905,75411],[-1009,-236]],[[74447,74938],[-325,-140]],[[74122,74798],[-303,224]],[[73819,75022],[-107,760]],[[73925,75895],[559,-393]],[[73819,75022],[-515,388]],[[69014,75680],[-784,-1742]],[[68230,73938],[-616,104]],[[69298,75504],[85,-536]],[[69383,74968],[45,-205]],[[69428,74763],[5,-130]],[[69433,74633],[-47,-476]],[[69386,74157],[-13,-246]],[[69373,73911],[-1143,27]],[[73304,75410],[-670,-672],[255,-442]],[[72889,74296],[-643,-481]],[[72246,73815],[-471,-264]],[[71775,73551],[-636,145]],[[71139,73696],[-145,90]],[[70994,73786],[76,581]],[[71070,74367],[-32,360]],[[64475,75666],[2,-38],[-4,-2],[-33,-64],[39,-162],[2,-1],[17,-29],[63,-90],[18,-32],[35,-63],[26,-9],[3,3],[14,12],[51,-3],[12,0],[89,-49],[130,48],[52,32]],[[64799,74024],[69,-353]],[[64868,73671],[-467,-132],[-915,-1032],[1139,-537]],[[64625,71970],[-1132,-420],[-52,129]],[[63441,71679],[-73,133],[33,114],[3,307],[-12,66],[-184,205],[-77,6],[-149,111],[-6,5],[-200,116],[-117,-5],[-131,55],[-30,169],[-32,88],[-57,34],[-152,41],[-92,6],[-59,-36],[-72,-48],[-46,-14],[-22,7],[-279,65],[-5,2],[-33,27],[-35,29],[-32,12],[-137,57],[-97,63],[-248,-2],[-61,-15],[-135,-18],[-15,-15],[-62,-86],[-21,-112],[-124,-141],[-38,18],[-57,48],[-107,-66],[-125,-32],[-2,1]],[[74122,74798],[-439,-687],[-794,185]],[[69838,75484],[-18,-524]],[[69820,74960],[-437,8]],[[70819,75029],[-129,-252]],[[70690,74777],[-870,183]],[[74542,73617],[-786,-661]],[[73756,72956],[-1109,-261]],[[72647,72695],[-296,23]],[[72351,72718],[-599,281]],[[71752,72999],[494,816]],[[71070,74367],[-372,-123]],[[70698,74244],[-8,533]],[[70698,74244],[-177,-167]],[[70521,74077],[-31,12]],[[70490,74089],[-36,140]],[[70454,74229],[-319,507],[-707,27]],[[70454,74229],[-505,-1],[-516,405]],[[70490,74089],[-19,6]],[[70471,74095],[-1085,62]],[[70994,73786],[-473,291]],[[69373,73911],[-558,-449]],[[68815,73462],[-289,-621],[-960,-155],[347,-1120],[-658,-1115],[-222,-1109]],[[67033,69342],[230,-219]],[[67263,69123],[-151,-7]],[[67112,69116],[-350,83],[-606,-529]],[[66156,68670],[-392,260]],[[65764,68930],[78,2763]],[[65842,71693],[621,401],[-292,776],[842,1104]],[[70471,74095],[-165,-233]],[[70306,73862],[-4,-3]],[[70302,73859],[-742,-399]],[[69560,73460],[-745,2]],[[71139,73696],[-108,-530]],[[71031,73166],[55,-553]],[[71086,72613],[-780,1249]],[[65842,71693],[-774,-351]],[[65068,71342],[-369,681]],[[64699,72023],[169,1648]],[[71086,72613],[-237,-240]],[[70849,72373],[-183,-137]],[[70666,72236],[-409,1053]],[[70257,73289],[45,570]],[[70257,73289],[-253,-203]],[[70004,73086],[-444,374]],[[71752,72999],[-666,-386]],[[71031,73166],[744,385]],[[74297,72168],[-541,788]],[[64699,72023],[-74,-53]],[[70004,73086],[-539,-1167],[368,-1307]],[[69833,70612],[-466,-592],[-426,143],[-1208,-419],[-700,-402]],[[70666,72236],[39,-984]],[[70705,71252],[-14,-361]],[[70691,70891],[-858,-279]],[[74066,71808],[-283,-8],[-1136,895]],[[72351,72718],[-116,-711]],[[72235,72007],[-3,1]],[[72232,72008],[-321,166]],[[71911,72174],[-271,145]],[[71640,72319],[-554,294]],[[73951,70996],[-768,29]],[[73183,71025],[-444,473]],[[72739,71498],[-504,509]],[[71640,72319],[-791,54]],[[71911,72174],[-684,-694]],[[71227,71480],[-522,-228]],[[72232,72008],[-632,-675]],[[71600,71333],[-373,147]],[[72739,71498],[-289,-589],[-453,-76]],[[71997,70833],[-397,500]],[[65068,71342],[429,-884]],[[65497,70458],[-873,-3],[-1116,476]],[[63508,70931],[1,15],[-10,106],[19,339],[-33,157],[-44,131]],[[65764,68930],[-618,356]],[[65146,69286],[15,585],[336,587]],[[73183,71025],[-31,-1154]],[[73152,69871],[-1072,225]],[[72080,70096],[-263,-22]],[[71817,70074],[180,759]],[[71817,70074],[-307,-140]],[[71510,69934],[-178,310]],[[71332,70244],[-641,647]],[[74396,69427],[-1244,444]],[[71332,70244],[-1144,-1115]],[[70188,69129],[-206,-52]],[[69982,69077],[-577,-63]],[[69405,69014],[-879,-87]],[[68526,68927],[-77,5]],[[68449,68932],[-527,-86],[-659,277]],[[65146,69286],[-997,114],[-653,414]],[[63496,69814],[10,16],[-28,156],[2,7],[134,475],[-7,38],[-11,16],[-76,170],[-1,7],[-14,199],[3,33]],[[71510,69934],[61,-69]],[[71571,69865],[-1278,-1074]],[[70293,68791],[-105,338]],[[72080,70096],[115,-583]],[[72195,69513],[-624,352]],[[72308,68994],[-117,386]],[[72191,69380],[4,133]],[[73152,69871],[-151,-1275]],[[72191,69380],[-1005,-438],[-287,-495]],[[70899,68447],[-606,344]],[[66156,68670],[-76,-90]],[[66080,68580],[-573,354],[-743,-436],[376,-557],[-942,-592],[-276,-510],[1007,-376],[-130,-293],[91,-187]],[[64890,65983],[-6,0],[-51,-29],[-24,-6],[-42,18],[-9,-11],[-12,-16],[-15,37],[-109,-65],[-12,-10],[3,-26],[-2,4],[-40,-5],[-18,-21],[-4,-8],[-7,1],[-6,2],[-2,-27],[-30,-46],[-36,-29],[-3,-11],[-29,-20],[-9,-23],[-11,26],[-16,-12],[-15,13],[-13,-7],[-48,16],[-47,120],[-1,9],[-51,46],[-54,-4],[11,14],[-5,34],[7,46],[-34,42],[-11,44],[-41,-6],[-9,9],[-4,70],[-77,77],[4,20],[4,5],[-52,20],[-12,24],[-13,1],[-52,40],[-12,3],[-22,20],[22,32],[-29,9],[13,15],[-23,64],[-7,15],[9,7],[6,11],[-24,6],[-13,-9],[-6,-4],[17,39],[-20,7],[-13,-4],[0,2],[2,35],[-47,9],[-8,-5],[-42,4],[15,47],[-18,25],[6,3],[8,5],[18,-10],[-22,37],[-49,43],[6,15],[18,29],[-45,56],[-29,34],[-18,6],[24,-73],[-46,-21],[-26,4],[3,141],[-41,27],[-11,8],[14,46],[-16,12],[-39,13],[-9,68],[-58,36],[-26,7],[-44,44],[-7,34],[-40,77],[-129,46],[-44,-5],[-8,74],[121,58],[29,16],[76,72],[6,99],[-10,19],[-198,131],[-95,-35],[-77,-61],[-100,156],[-140,112],[-6,95],[68,61],[83,1],[161,119],[5,14],[69,127],[8,31],[20,21],[53,43],[55,47],[55,338],[-33,49],[28,104],[15,35],[39,290],[82,151],[23,150],[35,35],[2,24],[4,38],[41,51]],[[71082,68271],[-183,176]],[[67112,69116],[-276,-233],[338,-1236]],[[67174,67647],[-471,351],[-418,-466]],[[66285,67532],[-487,737],[282,311]],[[69273,67076],[744,742],[-35,1259]],[[68449,68932],[-437,-1281],[-371,-322]],[[67641,67329],[-467,318]],[[69039,67031],[407,1639],[-41,344]],[[68138,66621],[-447,181],[803,1046],[197,539],[-165,540]],[[67928,66128],[-504,226],[-429,-1048]],[[66995,65306],[70,1208],[235,704],[341,111]],[[66285,67532],[-520,-951],[-7,-1757],[-581,-97],[-97,46],[-15,66],[-14,16]],[[65051,64855],[42,62],[30,21],[49,30],[44,8],[293,58],[29,33],[31,36],[52,230],[-41,29],[54,192],[21,49],[14,4],[23,41],[3,12],[-26,66],[-65,191],[-64,40],[-55,42],[-1,4],[-41,56],[-43,40],[-58,12],[-73,-28],[-55,-7],[-3,-6],[-55,-4],[-2,-1],[-27,19],[-5,-2],[-37,-27],[-17,7],[-56,-7],[-18,-43],[-8,6],[-4,3],[-4,-3],[-31,-30],[-2,-7],[-8,5],[-9,6],[-2,-7],[-34,-2],[-2,0]],[[66995,65306],[-559,303],[122,-997],[-476,-807]],[[66082,63805],[-568,-432],[-373,-859],[70,-359]],[[65211,62155],[-139,43],[-173,72],[-106,171],[-1,1],[-17,8],[-37,-11],[-5,3],[-18,53],[0,7],[16,7],[14,17],[17,20],[-7,71],[22,70],[-32,47],[-23,2],[-13,41],[-14,75],[-43,19],[-40,10],[4,33],[-39,-19],[-6,2],[-48,11],[-1,17],[2,45],[-1,5],[16,19],[-18,32],[11,-1],[32,6],[-7,22],[-34,27],[-109,-39],[-73,0],[-15,11],[2,6],[7,14],[-58,4],[-34,-4],[-27,13],[-25,13],[7,15],[4,1],[20,6],[-7,11],[-2,2],[12,0],[6,0],[0,6],[0,30],[20,38],[-5,10],[-8,-3],[-25,2],[-10,5],[10,13],[55,24],[13,50],[2,3],[6,-3],[-1,-20],[46,58],[-5,14],[6,21],[5,15],[20,0],[19,1],[0,9],[4,29],[21,-4],[4,21],[30,29],[1,3],[-24,29],[-12,28],[20,58],[21,0],[102,23],[21,2],[4,39],[-3,6],[13,45],[24,52],[-14,93],[2,6],[-38,76],[-5,32],[0,1],[26,-8],[6,29],[3,16],[40,34],[13,73],[-6,17],[1,3],[-20,-5],[1,5],[3,17],[-33,14],[6,11],[12,60],[6,3],[-2,15],[15,2],[-8,12],[18,6],[-14,9],[8,2],[6,2],[-38,38],[25,-11],[5,4],[10,19],[0,14],[8,-4],[2,3],[2,16],[9,-16],[5,9],[11,13],[9,-11],[0,9],[0,9],[6,-4],[3,-2],[5,13],[-6,19],[15,-5],[15,-5],[25,37],[13,24],[3,1],[8,31],[-21,19],[4,32],[10,7],[1,1],[14,70],[2,20],[11,-7],[2,-2],[7,11],[20,-26],[7,24],[5,-5],[8,-9],[1,2],[34,65],[97,172],[8,0],[37,3],[21,-18],[12,-10],[5,14]],[[66904,63746],[-822,59]],[[66781,59892],[-128,6],[-21,10],[-33,195],[-185,-81],[-148,5],[-18,21],[-64,73],[-44,21],[-95,-16],[-146,1],[-67,11],[-159,248],[-3,4],[-21,5],[-54,55],[-10,31],[3,76],[-8,13],[-25,101],[1,3],[-11,55],[15,23],[13,18],[-15,17],[-15,18],[8,45],[4,7],[8,15],[-3,54],[-40,15],[-6,15],[20,20],[9,9],[-34,40],[-186,150],[1,67],[-34,24],[-108,13],[-21,47],[-6,51],[-12,42],[116,146],[37,81],[0,31],[0,19],[35,8],[98,64],[-90,106],[1,12],[0,13],[15,15],[14,57],[-21,7],[-55,1],[-115,76],[-7,41],[40,59]],[[66008,77610],[2162,-31],[412,-321],[9,9],[-2,-13]],[[55886,53315],[37,48],[26,79],[22,104],[-3,163],[268,425],[121,-663],[2191,-1281]],[[58548,52190],[-273,68],[-1011,-658],[-800,-92]],[[56464,51508],[-500,-37],[-329,653]],[[58548,52190],[326,1017],[611,-203],[231,357]],[[59716,53361],[41,-1046],[-244,-329]],[[59513,51986],[-309,-545]],[[59204,51441],[-654,-22],[-503,-510]],[[58047,50909],[-905,182]],[[57142,51091],[-678,417]],[[65763,52572],[-359,34]],[[65404,52606],[-4,0]],[[65400,52606],[-947,-5]],[[64453,52601],[936,332],[105,278],[114,-444],[400,79],[43,44],[65,5],[69,27],[15,21]],[[66200,52943],[0,-4],[-31,-110],[-78,-37],[-147,-63],[-113,-25],[-68,-132]],[[65404,52606],[134,-863],[-777,16]],[[64761,51759],[639,847]],[[65763,52572],[-24,-32],[-20,-102],[42,-40],[6,-44],[-43,-27],[13,-24],[-4,-5],[-21,-23],[27,-12],[-18,-71],[-37,-86],[-15,-22],[74,-32],[-9,-59],[-34,-45],[42,-21],[182,-27],[4,4],[18,-5],[58,7],[90,38],[45,24],[196,-4],[-17,-44]],[[66318,51920],[-41,-38],[-95,-79],[-9,-15],[-212,-93],[-30,-10],[-67,-70],[-2,-23],[40,6],[7,-37],[26,-32],[10,-12],[-7,-18],[-38,-19],[-11,-5],[10,-8],[12,-9],[1,-9],[3,-25],[-51,-141],[150,-65],[27,-33],[-33,-38],[-56,-45],[-74,-58],[-23,-142],[6,-20]],[[65861,50882],[-1234,-270]],[[64627,50612],[-155,-48]],[[64472,50564],[-46,602]],[[64426,51166],[335,593]],[[64426,51166],[-633,478]],[[63793,51644],[-612,478]],[[63181,52122],[1272,479]],[[61358,52069],[51,-1191],[-492,-275]],[[60917,50603],[-258,647],[-469,-60]],[[60190,51190],[-94,16]],[[60096,51206],[304,843]],[[60400,52049],[958,20]],[[59716,53361],[696,-817],[-12,-495]],[[60096,51206],[-434,-763]],[[59662,50443],[-331,120]],[[59331,50563],[86,386]],[[59417,50949],[397,625],[-301,412]],[[59417,50949],[-319,166]],[[59098,51115],[106,326]],[[63793,51644],[-193,-1101]],[[63600,50543],[-724,-240],[-810,-530],[11,-432]],[[62077,49341],[-474,273],[-624,789]],[[60979,50403],[-62,200]],[[61358,52069],[816,-53],[612,321],[395,-215]],[[57142,51091],[330,-627]],[[57472,50464],[-182,-314],[452,-1067]],[[57742,49083],[-202,-755]],[[57540,48328],[-202,-590]],[[57338,47738],[-460,-365]],[[56878,47373],[-599,482]],[[56279,47855],[-468,777],[-763,85]],[[55048,48717],[211,785],[-183,564],[-10,-7],[5,11]],[[60190,51190],[-340,-1087],[-493,-69],[-459,-745]],[[58898,49289],[64,935],[700,219]],[[64472,50564],[-279,-670]],[[64193,49894],[-131,58]],[[64062,49952],[-281,-31]],[[63781,49921],[-181,622]],[[59098,51115],[-38,-470]],[[59060,50645],[-1013,264]],[[59060,50645],[271,-82]],[[58898,49289],[-402,-346]],[[58496,48943],[-432,830]],[[58064,49773],[-592,691]],[[60979,50403],[-711,-615],[-773,-173],[-230,-850]],[[59265,48765],[-159,-410]],[[59106,48355],[-208,-84]],[[58898,48271],[-558,400]],[[58340,48671],[156,272]],[[65861,50882],[-3,-7],[-73,-75],[7,-6],[49,-11],[28,-28],[15,-35],[-11,-11],[-2,-2],[-14,-4],[-99,-35],[-13,-14],[20,-14],[26,-19],[-24,-36],[6,-17],[67,-30],[-36,-130],[-20,-67],[-5,-43],[-7,-37],[110,-76],[-1,-35],[-1,-40],[0,-1],[20,-27],[-5,-23],[-21,-30],[-67,-58]],[[65807,49971],[-393,37]],[[65414,50008],[-787,604]],[[65414,50008],[-508,-195],[-442,-574]],[[64464,49239],[-194,60]],[[64270,49299],[-77,595]],[[63781,49921],[-788,-210],[-100,-622],[-789,206]],[[62104,49295],[-27,46]],[[58064,49773],[-322,-690]],[[65807,49971],[5,-4],[8,-6],[39,-31],[-46,-56],[-20,17],[-30,-28],[13,-9],[23,-11],[92,-41],[24,-30],[28,-51],[83,-29],[81,-9],[1,-54],[43,-56],[42,13],[46,1],[15,-18]],[[66254,49569],[-966,-686]],[[65288,48883],[-550,-28],[-274,384]],[[64062,49952],[-471,-636],[92,-547]],[[63683,48769],[-793,-712]],[[62890,48057],[-672,478]],[[62218,48535],[-114,760]],[[64164,47396],[-423,762],[-58,611]],[[64270,49299],[481,-893]],[[64751,48406],[342,-1033]],[[62218,48535],[-519,-411],[-293,-894]],[[61406,47230],[-1165,8]],[[60241,47238],[-332,770]],[[59909,48008],[-644,757]],[[58340,48671],[51,-600]],[[58391,48071],[-851,257]],[[65288,48883],[291,56]],[[65579,48939],[38,-189]],[[65617,48750],[-243,-421],[-623,77]],[[66254,49569],[-15,-48],[144,-95],[-1,-55],[69,-18],[10,-9],[29,-107],[6,-20],[22,-31],[50,1],[10,-21],[5,-8],[-7,-10],[-10,-38],[-30,-78],[-57,-25],[-1,0],[-1,-2],[-101,-32],[-22,34],[-20,20],[-14,-21],[22,-24],[14,-55],[-7,-4],[-28,-44],[-1,-5],[34,-104],[-9,-18],[24,-18],[31,-27],[1,-30],[-39,7],[-1,0],[17,-24],[-8,-5],[-4,-3],[10,-8],[-4,-18],[-11,-7],[6,0],[12,-2],[4,-12],[2,-6],[-29,-62],[-10,-12],[31,-42],[6,-7],[-15,-28],[-11,-20],[14,-31],[-28,-35],[-17,14],[-1,5],[-16,-8],[-14,-6]],[[66295,48367],[-716,572]],[[55048,48717],[102,-738]],[[55150,47979],[-52,-253],[414,-1569]],[[55512,46157],[-672,393]],[[54840,46550],[-571,677],[219,722]],[[66295,48367],[-2,-9],[-10,-29]],[[66283,48329],[-666,421]],[[56279,47855],[-447,-291],[-682,415]],[[59909,48008],[-365,-784]],[[59544,47224],[-520,443]],[[59024,47667],[82,688]],[[66283,48329],[-9,-14],[56,-60],[6,-15],[-4,-32],[-17,-20],[-6,-6],[7,-12],[-10,-81],[3,-15],[9,-46],[-9,-13],[-25,-31]],[[66284,47984],[-49,-42],[12,-109],[-5,-18]],[[58898,48271],[-507,-200]],[[59024,47667],[-361,23]],[[58663,47690],[-81,5]],[[58582,47695],[-800,-189]],[[57782,47506],[-366,-31]],[[57416,47475],[-78,263]],[[62890,48057],[-233,-380],[153,-1405]],[[62810,46272],[-1295,31]],[[61515,46303],[-109,927]],[[64228,45948],[-518,-358],[-85,-450]],[[63213,44860],[-156,167],[165,607],[-412,638]],[[54840,46550],[-447,39]],[[54393,46589],[-404,-85],[-139,1226]],[[58663,47690],[-163,-854],[378,-747]],[[58878,46089],[-82,-662]],[[58796,45427],[-584,-377]],[[58212,45050],[-154,73]],[[58058,45123],[-170,253]],[[57888,45376],[129,642]],[[58017,46018],[33,437]],[[58050,46455],[192,93]],[[58242,46548],[-89,663]],[[58153,47211],[429,484]],[[56878,47373],[-207,-719]],[[56671,46654],[31,-678],[424,-241]],[[57126,45735],[263,-162]],[[57389,45573],[-512,-569]],[[56877,45004],[-1015,-220]],[[55862,44784],[-62,292]],[[55800,45076],[-288,1081]],[[59544,47224],[-666,-1135]],[[58153,47211],[-208,-455]],[[57945,46756],[-414,178]],[[57531,46934],[251,572]],[[60241,47238],[27,-553]],[[60268,46685],[-556,-663],[-203,-957]],[[59509,45065],[-82,-377]],[[59427,44688],[-511,15]],[[58916,44703],[73,327]],[[58989,45030],[-193,397]],[[57416,47475],[-538,-102]],[[57531,46934],[-322,-211]],[[57209,46723],[-538,-69]],[[58242,46548],[-178,-39]],[[58064,46509],[-154,105]],[[57910,46614],[35,142]],[[61515,46303],[-430,-406]],[[61085,45897],[-39,0]],[[61046,45897],[-799,345],[21,443]],[[57910,46614],[-299,-301]],[[57611,46313],[-402,410]],[[57611,46313],[-40,-364]],[[57571,45949],[-445,-214]],[[55800,45076],[-617,227]],[[55183,45303],[-551,586],[-239,700]],[[58050,46455],[14,54]],[[55183,45303],[-56,-196]],[[55127,45107],[-1068,92]],[[54059,45199],[-611,417],[-403,859],[-10,-7],[1,14]],[[58017,46018],[-316,-496]],[[57701,45522],[-7,55]],[[57694,45577],[-123,372]],[[63216,44823],[-872,21]],[[62344,44844],[-1381,29],[122,1024]],[[61046,45897],[-382,-822]],[[60664,45075],[-480,-424]],[[60184,44651],[-675,414]],[[62344,44844],[61,-866],[-513,-753],[-83,-636]],[[61809,42589],[-63,-223]],[[61746,42366],[-622,717]],[[61124,43083],[-394,1119]],[[60730,44202],[-66,873]],[[57694,45577],[-305,-4]],[[54059,45199],[105,-162]],[[54164,45037],[20,-103]],[[54184,44934],[-128,-297],[-834,9]],[[53222,44646],[-471,395]],[[52751,45041],[-74,231]],[[52677,45272],[-59,317]],[[52677,45272],[-422,85],[-617,-655]],[[51638,44702],[-141,224]],[[57701,45522],[19,-101]],[[57720,45421],[77,-656]],[[57797,44765],[-226,-435]],[[57571,44330],[-75,-391]],[[57496,43939],[-107,95]],[[57389,44034],[-285,459]],[[57104,44493],[-227,511]],[[57888,45376],[-168,45]],[[58058,45123],[6,-356]],[[58064,44767],[-267,-2]],[[55862,44784],[-186,-211]],[[55676,44573],[-88,-84]],[[55588,44489],[-461,618]],[[52751,45041],[-705,-1139]],[[52046,43902],[-168,17]],[[51878,43919],[-240,783]],[[55588,44489],[-194,-448]],[[55394,44041],[-60,-21]],[[55334,44020],[-472,562]],[[54862,44582],[-698,455]],[[58989,45030],[-629,-12]],[[58360,45018],[-148,32]],[[58360,45018],[-113,-396]],[[58247,44622],[-183,145]],[[54862,44582],[-364,-270]],[[54498,44312],[-111,1]],[[54387,44313],[-203,621]],[[53222,44646],[421,-350]],[[53643,44296],[83,-271]],[[53726,44025],[40,-119]],[[53766,43906],[-1132,-496],[-588,492]],[[58916,44703],[-74,-29]],[[58842,44674],[-284,-222]],[[58558,44452],[-187,111]],[[58371,44563],[-24,-14]],[[58347,44549],[-100,73]],[[57104,44493],[-529,-643]],[[56575,43850],[-186,328]],[[56389,44178],[-496,237]],[[55893,44415],[-217,158]],[[62671,41505],[-862,1084]],[[51878,43919],[-1008,-129]],[[58347,44549],[-582,-345]],[[57765,44204],[-194,126]],[[60184,44651],[460,-386]],[[60644,44265],[-829,5]],[[59815,44270],[-388,418]],[[59815,44270],[-346,-288]],[[59469,43982],[-188,-209]],[[59281,43773],[-270,157]],[[59011,43930],[-183,213]],[[58828,44143],[14,531]],[[60730,44202],[-86,63]],[[54387,44313],[-744,-17]],[[58371,44563],[33,-305]],[[58404,44258],[-108,-258]],[[58296,44000],[-63,-78]],[[58233,43922],[-488,30]],[[57745,43952],[20,252]],[[55893,44415],[-164,-618]],[[55729,43797],[-59,-54]],[[55670,43743],[-89,36]],[[55581,43779],[-187,262]],[[58828,44143],[-82,70]],[[58746,44213],[-179,29]],[[58567,44242],[-9,210]],[[58567,44242],[-66,49]],[[58501,44291],[-97,-33]],[[57389,44034],[-47,-311]],[[57342,43723],[-387,-24]],[[56955,43699],[-380,151]],[[54498,44312],[267,-242]],[[54765,44070],[-72,-207]],[[54693,43863],[-55,-411]],[[54638,43452],[-533,347]],[[54105,43799],[-379,226]],[[55334,44020],[-569,50]],[[56389,44178],[-660,-381]],[[58501,44291],[86,-395]],[[58587,43896],[-291,104]],[[58746,44213],[-120,-202]],[[58626,44011],[-39,-115]],[[57745,43952],[-85,-115]],[[57660,43837],[-164,102]],[[61124,43083],[-151,-6]],[[60973,43077],[-559,258],[-183,-1263]],[[60231,42072],[-153,-91]],[[60078,41981],[-376,668],[-97,669]],[[59605,43318],[-136,664]],[[59011,43930],[-150,-288]],[[58861,43642],[-85,224]],[[58776,43866],[-150,145]],[[55581,43779],[-157,-275]],[[55424,43504],[-162,65]],[[55262,43569],[-569,294]],[[57660,43837],[11,-92]],[[57671,43745],[-11,-39]],[[57660,43706],[-83,-149]],[[57577,43557],[-235,166]],[[54105,43799],[109,-370],[424,23]],[[55262,43569],[-189,-279]],[[55073,43290],[-568,-677]],[[54505,42613],[-1,0]],[[54504,42613],[-382,390],[-356,903]],[[58776,43866],[-437,-308]],[[58339,43558],[-505,230]],[[57834,43788],[399,134]],[[57834,43788],[-163,-43]],[[54504,42613],[-189,-411],[-790,-594],[-493,188]],[[53032,41796],[-953,-345]],[[52079,41451],[-18,60],[6,17],[-27,28],[0,3],[-61,36],[-3,0],[-16,65],[-21,38],[-86,4],[-11,-16],[-96,13],[-50,-23],[-4,2],[-49,57],[-50,-15],[-3,9],[-35,28],[-22,-28],[-147,117],[-30,-43],[-69,-23],[-2,0],[-5,46],[-11,31],[-61,30],[-14,-38],[-60,142],[9,42],[-18,138],[-1,4],[-4,12],[16,12],[-11,18],[-15,44],[-35,29],[-4,6],[-13,54],[0,10],[-73,50],[-18,-3],[-3,18],[-11,-8],[-14,10],[-6,-18],[-36,48],[-2,17],[3,2],[-3,0],[-44,33],[-6,-4],[0,30],[60,46],[4,16],[-1,2],[-14,18],[-29,-11],[-4,17],[0,1],[-71,2],[-17,-13],[-20,6],[-23,6],[-95,29],[-10,-17],[-32,22],[-13,0],[-81,119],[-12,0],[-73,31],[4,9],[-11,108],[11,15],[-9,60],[0,1],[-4,24],[-4,-16],[-4,118]],[[56575,43850],[-141,58]],[[56434,43908],[-602,-476]],[[55832,43432],[-162,311]],[[56955,43699],[-15,-238]],[[56940,43461],[-336,-150]],[[56604,43311],[-148,-59]],[[56456,43252],[-22,656]],[[59605,43318],[-367,4]],[[59238,43322],[-151,172]],[[59087,43494],[194,279]],[[59087,43494],[-226,148]],[[55832,43432],[281,-163]],[[56113,43269],[-650,-349]],[[55463,42920],[-39,584]],[[58339,43558],[-114,-599]],[[58225,42959],[-351,12]],[[57874,42971],[-203,346]],[[57671,43317],[-11,389]],[[57577,43557],[-1,-153]],[[57576,43404],[-636,57]],[[59238,43322],[-303,-570]],[[58935,42752],[-568,133]],[[58367,42885],[-163,38]],[[58204,42923],[21,36]],[[57671,43317],[-91,3]],[[57580,43320],[-4,84]],[[55463,42920],[-390,370]],[[56456,43252],[-163,-257]],[[56293,42995],[-180,274]],[[57580,43320],[-24,-598]],[[57556,42722],[-22,-149]],[[57534,42573],[275,-713]],[[57809,41860],[5,-178]],[[57814,41682],[-75,-15]],[[57739,41667],[-138,288]],[[57601,41955],[-428,628],[-563,67]],[[56610,42650],[-6,661]],[[57874,42971],[-318,-249]],[[56610,42650],[-322,101]],[[56288,42751],[5,244]],[[60078,41981],[-375,-25]],[[59703,41956],[-649,317]],[[59054,42273],[-125,455]],[[58929,42728],[6,24]],[[52079,41451],[-16,-18],[-15,16],[-26,-19],[-14,6],[-7,-23],[-86,-33],[-1,2],[0,13],[-6,-3],[-24,8],[-20,-21],[-22,18],[-1,4],[-36,36],[1,1],[17,27],[-1,0],[-27,26],[-9,12],[-99,12],[1,1],[-30,34],[-2,-1],[-10,-1],[3,8],[-2,23],[-3,0],[-14,52],[-22,-11],[-30,21],[-25,16],[-109,13],[-5,2],[-26,-9],[-23,-8],[-69,32],[-58,-13],[-54,11],[-16,-41],[-47,-12],[101,-162],[78,-48],[49,12],[7,-3],[84,-136],[-23,-5],[28,-130],[1,-1],[137,-249],[107,-48],[71,-87],[31,-26],[-43,-91],[-30,-31],[55,-75],[-130,-50],[6,-29],[2,-14],[98,-32],[9,0],[5,-22]],[[51789,40405],[-10,-4],[-79,-77],[-26,10],[-27,10],[-29,-6],[-123,-33],[-18,-10],[-33,34],[2,30],[-30,15],[0,1],[-25,-15],[-66,-91],[-152,-110],[-23,-20],[-44,21],[-14,6],[-124,-18],[-30,-45],[-28,-12],[-127,-64],[-21,-56],[-71,20],[-39,-6],[-158,-248]],[[50494,39737],[-86,-623]],[[49437,40968],[-2,-8],[7,6],[137,-52],[20,-25],[125,-81],[6,-8],[111,-1],[-257,341],[111,90],[93,251],[21,16],[8,29],[8,2],[-27,55],[67,-14],[8,15],[31,13],[14,27],[37,9],[41,36],[57,27],[9,10],[96,29],[3,0],[102,50],[11,45],[-5,5],[-12,23],[-5,26],[-66,67],[16,122],[-18,65],[0,3],[-11,11],[-4,-4],[-42,48],[14,13],[-2,11],[-1,6],[-23,3],[2,24],[-12,-6],[-34,92],[7,7],[6,10],[16,69],[15,19],[-3,22],[6,5],[-7,40],[0,14],[-12,87],[14,-2],[1,15],[4,2],[13,6],[50,36],[28,58],[11,2],[-7,16],[-16,20],[-23,76],[17,23],[-1,10],[13,2],[-1,25],[8,7],[-15,33],[-3,26],[-16,-6]],[[50357,38779],[-24,-196],[-49,-342],[-46,7]],[[50668,41966],[0,-3],[2,-12],[-10,7],[-11,6],[-42,-39],[-5,-1],[-2,-33],[-21,-14],[-60,-68],[-70,-23],[10,-123],[-22,-36],[-37,-54],[-150,-116],[19,-169],[74,113],[270,25],[4,-6],[114,-61],[2,0],[46,2],[9,31],[23,-17],[-2,-7],[10,0],[3,0],[-10,-13],[17,-5],[2,-36],[14,2],[12,3],[11,32],[33,23],[30,85],[2,3],[9,7],[50,-4],[21,6],[21,6],[-19,184],[-19,-5],[-111,93],[-8,2],[-161,251],[-12,-35],[-36,-1]],[[61746,42366],[-475,-695]],[[61271,41671],[-186,-89]],[[61085,41582],[-655,815]],[[60430,42397],[543,680]],[[56288,42751],[76,-982]],[[56364,41769],[-656,-403]],[[55708,41366],[-328,189],[-875,1058]],[[58204,42923],[-61,-421]],[[58143,42502],[-609,71]],[[58929,42728],[-517,-1]],[[58412,42727],[-45,158]],[[58412,42727],[-280,-339]],[[58132,42388],[11,114]],[[59054,42273],[-551,-172]],[[58503,42101],[-306,-33]],[[58197,42068],[-84,-35]],[[58113,42033],[19,355]],[[57601,41955],[-662,-100],[-186,-588]],[[56753,41267],[-389,502]],[[55708,41366],[-78,-434]],[[55630,40932],[-501,-377],[164,-598],[536,44]],[[55829,40001],[642,-292]],[[56471,39709],[57,-156]],[[56528,39553],[-55,-56]],[[56473,39497],[-448,-258],[-993,198],[-113,-330]],[[54919,39107],[-662,1]],[[54257,39108],[-309,1146],[-805,533],[-111,1009]],[[60430,42397],[-199,-325]],[[58113,42033],[-304,-173]],[[62637,41279],[-480,592],[-344,-179],[-262,-1654]],[[61551,40038],[-441,-177]],[[61110,39861],[-83,-68]],[[61027,39793],[-242,143]],[[60785,39936],[-451,179]],[[60334,40115],[119,720]],[[60453,40835],[239,225]],[[60692,41060],[573,-89],[6,700]],[[59703,41956],[6,-459]],[[59709,41497],[204,-377]],[[59913,41120],[-524,-257]],[[59389,40863],[-858,256]],[[58531,41119],[9,350]],[[58540,41469],[-37,632]],[[61085,41582],[-393,-522]],[[60453,40835],[-82,74]],[[60371,40909],[215,599]],[[60586,41508],[110,18],[-82,252]],[[60614,41778],[-466,52]],[[60148,41830],[83,242]],[[58540,41469],[-343,599]],[[58531,41119],[-717,563]],[[60148,41830],[-439,-333]],[[57739,41667],[-12,-503],[-835,-407],[-181,-334]],[[56711,40423],[-280,41]],[[56431,40464],[322,803]],[[60614,41778],[-28,-270]],[[60371,40909],[-458,211]],[[58531,41119],[-259,-382]],[[58272,40737],[-227,-245]],[[58045,40492],[-637,-343]],[[57408,40149],[-697,274]],[[56431,40464],[-50,-630]],[[56381,39834],[-270,188]],[[56111,40022],[-481,910]],[[54257,39108],[-211,-143]],[[54046,38965],[-670,-464]],[[53376,38501],[-255,118]],[[53121,38619],[-89,602],[-1090,629],[-153,555]],[[62604,41163],[-186,-748],[-867,-377]],[[60334,40115],[-297,-434]],[[60037,39681],[-288,300]],[[59749,39981],[-187,73]],[[59562,40054],[-173,809]],[[62861,39371],[-358,435],[-339,-392]],[[62164,39414],[-388,-388]],[[61776,39026],[29,-408]],[[61417,38637],[-6,6],[9,-2],[-56,463]],[[61364,39104],[-254,757]],[[59562,40054],[-101,-468]],[[59461,39586],[-657,271]],[[58804,39857],[-637,371]],[[58167,40228],[-8,261]],[[58159,40489],[113,248]],[[56111,40022],[-282,-21]],[[58159,40489],[-114,3]],[[58167,40228],[-759,-79]],[[56471,39709],[-90,125]],[[58804,39857],[-172,-460]],[[58632,39397],[-11,-29]],[[58621,39368],[-686,-60]],[[57935,39308],[-733,519],[-674,-274]],[[60037,39681],[-126,-120]],[[59911,39561],[-162,420]],[[59911,39561],[-274,-357]],[[59637,39204],[-176,382]],[[59392,39008],[-10,12],[255,184]],[[60785,39936],[-26,-797]],[[60759,39139],[-56,-312]],[[53121,38619],[-594,-358]],[[52527,38261],[-400,337],[-896,247],[-737,892]],[[61027,39793],[-149,-584]],[[60878,39209],[-119,-70]],[[61364,39104],[-486,105]],[[59290,38963],[-33,-14],[28,27],[-653,421]],[[57935,39308],[12,-32]],[[57947,39276],[-612,-30],[-553,-399]],[[56782,38847],[-309,650]],[[56817,38294],[-35,553]],[[57947,39276],[674,92]],[[62397,39108],[-233,306]],[[52527,38261],[530,-391]],[[53057,37870],[-73,-876]],[[56080,37882],[-32,-41],[21,50],[-988,285]],[[55081,38176],[-402,326],[240,605]],[[60975,38888],[-107,49]],[[62384,38930],[-608,96]],[[55081,38176],[-123,-678]],[[54958,37498],[-912,1467]],[[55183,36793],[-4,-2],[3,4],[-584,734],[-1222,972]],[[54958,37498],[288,-212]],[[55246,37286],[139,-358],[-42,-6]],[[54975,36461],[-27,-31],[11,44],[-1081,903],[-821,493]],[[55767,37468],[-521,-182]],[[79070,39317],[5,-926]],[[79075,38391],[-296,-153]],[[78779,38238],[43,-189]],[[78822,38049],[-295,133]],[[78527,38182],[-139,936]],[[78527,38182],[-178,-365]],[[78349,37817],[-1115,332]],[[79401,39151],[176,-776]],[[79577,38375],[-502,16]],[[79401,39151],[1183,-951]],[[80584,38200],[54,-32],[-234,-963]],[[80404,37205],[-618,714]],[[79786,37919],[-209,456]],[[79786,37919],[-226,-100]],[[79560,37819],[-781,419]],[[78349,37817],[-292,-864]],[[78057,36953],[-314,-106]],[[77743,36847],[-288,169]],[[79560,37819],[-374,-212]],[[79186,37607],[-364,442]],[[79186,37607],[-302,-698]],[[78884,36909],[-827,44]],[[80404,37205],[15,-1021]],[[80419,36184],[-1468,728]],[[78951,36912],[-67,-3]],[[77743,36847],[-11,-116]],[[77732,36731],[-410,28]],[[78951,36912],[-34,-605]],[[78917,36307],[-727,-140]],[[78190,36167],[-458,564]],[[80419,36184],[42,-497],[-576,-1024]],[[79885,34663],[-444,390],[-534,-276]],[[78907,34777],[-55,121]],[[78852,34898],[-286,744],[351,665]],[[78190,36167],[-322,-528]],[[77868,35639],[-249,362]],[[78852,34898],[-361,-297]],[[78491,34601],[-512,265]],[[77979,34866],[-165,230]],[[77814,35096],[54,543]],[[77814,35096],[-392,-595]],[[77422,34501],[-412,74]],[[77979,34866],[-184,-605]],[[77795,34261],[-280,87]],[[77515,34348],[-93,153]],[[79885,34663],[-573,-803]],[[79312,33860],[-421,300]],[[78891,34160],[16,617]],[[78491,34601],[91,-322]],[[78582,34279],[53,-211]],[[78635,34068],[-760,-1]],[[77875,34067],[-80,194]],[[78891,34160],[-309,119]],[[77515,34348],[-22,-554]],[[77493,33794],[-139,-357]],[[77354,33437],[-316,-176]],[[77038,33261],[-382,64]],[[76656,33325],[-234,116]],[[76422,33441],[0,60]],[[77875,34067],[-382,-273]],[[79312,33860],[-91,-106]],[[79221,33754],[-509,128]],[[78712,33882],[-77,186]],[[78712,33882],[73,-518]],[[78785,33364],[-507,-53]],[[78278,33311],[-924,126]],[[79221,33754],[-71,-472]],[[79150,33282],[-263,12]],[[78887,33294],[-27,-51]],[[78860,33243],[-75,121]],[[76422,33441],[-455,-688]],[[75967,32753],[-462,232]],[[78278,33311],[24,-124]],[[78302,33187],[-78,-406]],[[78224,32781],[-115,-19]],[[78109,32762],[-749,96]],[[77360,32858],[-123,-116]],[[77237,32742],[-27,64]],[[77210,32806],[-172,455]],[[76656,33325],[-39,-632]],[[76617,32693],[-244,-139]],[[76373,32554],[-406,199]],[[77210,32806],[-593,-113]],[[78860,33243],[-44,-171]],[[78816,33072],[-44,-187]],[[78772,32885],[-470,302]],[[79150,33282],[-184,-172],[-79,184]],[[78772,32885],[-272,-261]],[[78500,32624],[-276,157]],[[76373,32554],[87,-150]],[[76460,32404],[18,-239]],[[76478,32165],[-231,-437]],[[76247,31728],[-289,-33]],[[75958,31695],[-101,133]],[[75857,31828],[-47,584]],[[75810,32412],[-267,359]],[[75543,32771],[-35,72]],[[78816,33072],[-74,-542]],[[78742,32530],[-242,94]],[[77237,32742],[-777,-338]],[[75543,32771],[54,-350]],[[75597,32421],[-224,-351]],[[77360,32858],[105,-632]],[[77465,32226],[-136,-487]],[[77329,31739],[-325,-226]],[[77004,31513],[-277,258]],[[76727,31771],[-209,22]],[[76518,31793],[-40,372]],[[78109,32762],[-67,-305]],[[78042,32457],[-371,-265]],[[77671,32192],[-154,9]],[[77517,32201],[-52,25]],[[75810,32412],[-213,9]],[[78742,32530],[-440,-529]],[[78302,32001],[-260,456]],[[78302,32001],[-334,-204]],[[77968,31797],[-148,128]],[[77820,31925],[-149,267]],[[75857,31828],[-243,-156]],[[77820,31925],[-141,-158]],[[77679,31767],[-162,434]],[[77679,31767],[-6,-101]],[[77673,31666],[-344,73]],[[76518,31793],[-251,-107]],[[76267,31686],[-20,42]],[[75958,31695],[16,-119]],[[75974,31576],[-53,-130]],[[75921,31446],[-292,-237]],[[77968,31797],[-135,-71]],[[77833,31726],[-160,-60]],[[76727,31771],[22,-361]],[[76749,31410],[-482,276]],[[75982,31018],[-8,558]],[[76749,31410],[72,-145]],[[76821,31265],[109,-437]],[[77004,31513],[32,-134]],[[77036,31379],[-215,-114]],[[77833,31726],[-417,-826]],[[77416,30900],[-380,479]],[[75789,31103],[132,343]],[[77416,30900],[-85,-283]],[[80378,78678],[940,16],[1132,-540]],[[82450,78154],[-578,-792]],[[81872,77362],[-155,260]],[[81717,77622],[-181,275]],[[81536,77897],[-190,459],[-830,8]],[[80516,78364],[-138,314]],[[78547,78553],[1831,125]],[[80516,78364],[28,-278]],[[80544,78086],[-1057,185],[-545,-265]],[[78942,78006],[-278,414]],[[81536,77897],[-527,-200],[-465,389]],[[78942,78006],[-423,-121]],[[82450,78154],[783,-519]],[[83233,77635],[-203,-667]],[[83030,76968],[-373,-450]],[[82657,76518],[-252,-53]],[[82405,76465],[-775,-118]],[[81630,76347],[-82,322]],[[81548,76669],[188,569]],[[81736,77238],[136,124]],[[80544,78086],[-43,-113]],[[80501,77973],[-157,-44]],[[80344,77929],[-309,-279]],[[80035,77650],[-395,-434]],[[79640,77216],[12,-56]],[[79652,77160],[-119,-251]],[[79533,76909],[-632,484],[-419,-319]],[[78482,77074],[-158,493]],[[81717,77622],[-825,-138]],[[80892,77484],[-391,489]],[[80344,77929],[96,-293]],[[80440,77636],[-405,14]],[[80892,77484],[89,-80]],[[80981,77404],[-187,-152]],[[80794,77252],[-421,-120]],[[80373,77132],[-33,14]],[[80340,77146],[100,490]],[[83233,77635],[520,-413]],[[83753,77222],[-348,-477]],[[83405,76745],[-61,-150]],[[83344,76595],[-314,373]],[[81736,77238],[-755,166]],[[80340,77146],[-700,70]],[[81548,76669],[-520,74]],[[81028,76743],[-234,509]],[[78300,76941],[182,133]],[[79533,76909],[-809,-412]],[[78724,76497],[-399,328]],[[83753,77222],[535,-381]],[[84288,76841],[-883,-96]],[[80373,77132],[53,-203]],[[80426,76929],[-161,-102]],[[80265,76827],[-655,100]],[[79610,76927],[42,233]],[[81028,76743],[-200,-95]],[[80828,76648],[-388,280]],[[80440,76928],[-14,1]],[[79610,76927],[-73,-448]],[[79537,76479],[-40,-229]],[[79497,76250],[-596,-99]],[[78901,76151],[-177,346]],[[83344,76595],[74,-409]],[[83418,76186],[-384,-101]],[[83034,76085],[-377,433]],[[84288,76841],[284,-217]],[[84572,76624],[-367,-459]],[[84205,76165],[-623,123]],[[83582,76288],[-238,307]],[[80265,76827],[22,-249]],[[80287,76578],[-357,-426]],[[79930,76152],[-193,-33]],[[79737,76119],[33,133]],[[79770,76252],[-233,227]],[[80440,76928],[41,-322]],[[80481,76606],[-194,-28]],[[80828,76648],[-347,-42]],[[84572,76624],[508,-415]],[[85080,76209],[-122,-274]],[[84958,75935],[-87,-88],[-29,-22],[-719,-95]],[[84123,75730],[82,435]],[[81630,76347],[524,-1238]],[[82154,75109],[-39,-40]],[[82115,75069],[-1215,741]],[[80900,75810],[-255,328]],[[80645,76138],[-640,-44]],[[80005,76094],[-75,58]],[[83582,76288],[-164,-102]],[[82405,76465],[-5,-1112]],[[82400,75353],[-246,-244]],[[83034,76085],[-22,-185]],[[83012,75900],[-136,-380]],[[82876,75520],[-153,-235]],[[82723,75285],[-323,68]],[[79770,76252],[-273,-2]],[[84123,75730],[-111,-385]],[[84012,75345],[-458,29]],[[83554,75374],[-542,526]],[[85080,76209],[446,-370]],[[85526,75839],[-242,-99]],[[85284,75740],[-103,25]],[[85181,75765],[-223,170]],[[79737,76119],[-142,-43]],[[79595,76076],[-750,-62]],[[78845,76014],[56,137]],[[80900,75810],[-145,-247]],[[80755,75563],[-110,575]],[[80755,75563],[-192,-38]],[[80563,75525],[-561,88]],[[80002,75613],[22,229]],[[80024,75842],[-19,252]],[[80024,75842],[-162,-64]],[[79862,75778],[-251,-6]],[[79611,75772],[-16,304]],[[85526,75839],[411,-501]],[[85937,75338],[-369,-168]],[[85568,75170],[-396,125]],[[85172,75295],[112,445]],[[79611,75772],[-644,-52]],[[78967,75720],[-122,294]],[[83554,75374],[-297,-96]],[[83257,75278],[-381,242]],[[85172,75295],[-220,-306]],[[84952,74989],[-465,16]],[[84487,75005],[176,188]],[[84663,75193],[249,308],[29,29],[51,61],[-12,89],[14,25],[77,16],[1,0],[9,9],[100,35]],[[80002,75613],[0,-16]],[[80002,75597],[-140,181]],[[82115,75069],[206,-951]],[[82321,74118],[-120,-358]],[[82201,73760],[-501,-176]],[[81700,73584],[-476,-37]],[[81224,73547],[-502,398]],[[80722,73945],[79,810],[-322,209]],[[80479,74964],[33,148]],[[80512,75112],[51,413]],[[80002,75597],[-123,-268]],[[79879,75329],[-417,8]],[[79462,75337],[-514,209]],[[78948,75546],[19,174]],[[83257,75278],[-472,-38]],[[82785,75240],[-62,45]],[[80512,75112],[-669,58]],[[79843,75170],[36,159]],[[79462,75337],[-380,-115]],[[79082,75222],[-134,324]],[[85937,75338],[167,-255]],[[86104,75083],[-571,-1003]],[[85533,74080],[-161,301]],[[85372,74381],[196,789]],[[83554,75374],[-335,-364]],[[83219,75010],[-434,230]],[[84012,75345],[122,-95]],[[84134,75250],[13,-172]],[[84147,75078],[-232,-186]],[[83915,74892],[-37,-230]],[[83878,74662],[-659,348]],[[85372,74381],[-236,83]],[[85136,74464],[-184,525]],[[83878,74662],[-37,-118]],[[83841,74544],[77,-274]],[[83918,74270],[-260,-413]],[[83658,73857],[-588,-220]],[[83070,73637],[-30,33]],[[83040,73670],[-719,448]],[[84487,75005],[-113,-12]],[[84374,74993],[-227,85]],[[84134,75250],[529,-57]],[[79084,75211],[-2,11]],[[79843,75170],[-181,-569]],[[79662,74601],[-468,-103]],[[79194,74498],[-188,417]],[[86104,75083],[715,-773]],[[86819,74310],[-390,-500]],[[86429,73810],[-485,-71]],[[85944,73739],[-73,90]],[[85871,73829],[-338,251]],[[84147,75078],[109,-277]],[[84256,74801],[-120,-157]],[[84136,74644],[-221,248]],[[84374,74993],[4,-138]],[[84378,74855],[-122,-54]],[[85136,74464],[-696,168]],[[84440,74632],[-62,223]],[[80479,74964],[-338,-736]],[[80141,74228],[-479,373]],[[84136,74644],[-81,-67]],[[84055,74577],[4,-72]],[[84059,74505],[-218,39]],[[84440,74632],[163,-806]],[[84603,73826],[-148,105]],[[84455,73931],[-400,646]],[[80722,73945],[-80,280]],[[80642,74225],[-492,-49]],[[80150,74176],[-9,52]],[[85533,74080],[-430,-441]],[[85103,73639],[-500,187]],[[84455,73931],[-394,256]],[[84061,74187],[-2,318]],[[84061,74187],[-143,83]],[[80150,74176],[-713,-316]],[[79437,73860],[-403,227]],[[79034,74087],[160,411]],[[87214,72871],[-4,427]],[[87210,73298],[-794,277]],[[86416,73575],[13,235]],[[86819,74310],[515,-636],[826,-617]],[[83040,73670],[-839,90]],[[84603,73826],[-945,31]],[[80642,74225],[-202,-616],[-454,-325]],[[79986,73284],[-842,-117]],[[79144,73167],[-25,177]],[[79119,73344],[318,516]],[[85871,73829],[-664,-567],[616,-430]],[[85823,72832],[-77,-561]],[[85746,72271],[-401,-402]],[[85345,71869],[-249,-279]],[[85096,71590],[-522,582]],[[84574,72172],[172,996],[357,471]],[[81224,73547],[-137,-946]],[[81087,72601],[-633,-110]],[[80454,72491],[-468,793]],[[79119,73344],[-85,743]],[[86416,73575],[152,-272]],[[86568,73303],[115,-130]],[[86683,73173],[-739,566]],[[86683,73173],[93,-433]],[[86776,72740],[-582,-143]],[[86194,72597],[-371,235]],[[84574,72172],[-523,-490]],[[84051,71682],[-253,-89]],[[83798,71593],[9,689],[-737,1355]],[[82201,73760],[349,-1257],[-493,-481]],[[82057,72022],[-638,138]],[[81419,72160],[-106,422]],[[81313,72582],[387,1002]],[[83798,71593],[-557,-233]],[[83241,71360],[-956,632]],[[82285,71992],[-228,30]],[[87210,73298],[-642,5]],[[81313,72582],[-226,19]],[[87032,72573],[-256,167]],[[79167,72047],[-23,1120]],[[80454,72491],[-334,-520]],[[80120,71971],[-905,-91]],[[86728,71936],[-978,313]],[[85750,72249],[-4,22]],[[86194,72597],[612,-477]],[[79215,71170],[640,183],[265,618]],[[81419,72160],[-118,-197]],[[81301,71963],[-570,-885],[-976,-273],[-91,-411]],[[79664,70394],[-357,-134]],[[86512,71584],[-609,244]],[[85903,71828],[-153,421]],[[85096,71590],[17,-18]],[[85113,71572],[-527,-682]],[[84586,70890],[-392,-188]],[[84194,70702],[-143,980]],[[85903,71828],[-558,41]],[[82285,71992],[38,-609]],[[82323,71383],[-1021,-32]],[[81302,71351],[-1,612]],[[83241,71360],[-194,-478]],[[83047,70882],[-361,236]],[[82686,71118],[-363,265]],[[86042,71000],[-858,140]],[[85184,71140],[-71,432]],[[81302,71351],[194,-1199]],[[81496,70152],[-691,-63],[-355,-409]],[[80450,69680],[-153,700],[-633,14]],[[84194,70702],[-363,-703]],[[83831,69999],[-167,237]],[[83664,70236],[-745,140]],[[82919,70376],[128,506]],[[85184,71140],[-103,-363]],[[85081,70777],[-495,113]],[[82686,71118],[-247,-663]],[[82439,70455],[-799,-315]],[[81640,70140],[-144,12]],[[85827,70355],[-552,-26],[-194,448]],[[82919,70376],[-480,79]],[[85081,70777],[-327,-918]],[[84754,69859],[-551,43]],[[84203,69902],[-372,97]],[[84919,69704],[-165,155]],[[80450,69680],[100,-272]],[[80550,69408],[-1008,-497]],[[83664,70236],[-1019,-742]],[[82645,69494],[-625,-54]],[[82020,69440],[-169,406]],[[81851,69846],[-211,294]],[[83831,69999],[-404,-748]],[[83427,69251],[-44,-103]],[[83383,69148],[-338,-199]],[[83045,68949],[-278,177]],[[82767,69126],[-122,368]],[[81640,70140],[-501,-676]],[[81139,69464],[-589,-56]],[[81851,69846],[-712,-382]],[[84203,69902],[-87,-459],[-689,-192]],[[84655,68831],[-645,-83]],[[84010,68748],[-100,48]],[[83910,68796],[-527,352]],[[82020,69440],[-120,-688]],[[81900,68752],[-200,-187]],[[81700,68565],[-407,65]],[[81293,68630],[-154,834]],[[82767,69126],[-814,-417]],[[81953,68709],[-53,43]],[[81293,68630],[-338,-340]],[[80955,68290],[-554,82]],[[83910,68796],[-506,-355]],[[83404,68441],[-391,412]],[[83013,68853],[32,96]],[[83013,68853],[-537,-534]],[[82476,68319],[-242,-17]],[[82234,68302],[-281,407]],[[84483,68417],[-405,104]],[[84078,68521],[-68,227]],[[83404,68441],[-133,-357]],[[83271,68084],[-409,-118]],[[82862,67966],[-119,-38]],[[82743,67928],[-267,391]],[[84078,68521],[10,-111]],[[84088,68410],[-65,-388]],[[84023,68022],[-618,-235]],[[83405,67787],[-169,159]],[[83236,67946],[35,138]],[[82234,68302],[-101,-402]],[[82133,67900],[-358,-195]],[[81775,67705],[-282,-88]],[[81493,67617],[-394,279]],[[81099,67896],[38,314]],[[81137,68210],[563,355]],[[81137,68210],[-182,80]],[[84527,68265],[-439,145]],[[81099,67896],[-239,-171]],[[80860,67725],[-224,-693]],[[84234,67875],[-211,147]],[[82743,67928],[-231,-194]],[[82512,67734],[-250,-55]],[[82262,67679],[-256,37]],[[82006,67716],[127,184]],[[83236,67946],[-374,20]],[[84224,67659],[-304,-214]],[[83920,67445],[-340,-160]],[[83580,67285],[-214,-6]],[[83366,67279],[39,508]],[[83366,67279],[-206,-46]],[[83160,67233],[-324,183]],[[82836,67416],[-324,318]],[[82006,67716],[-211,-6]],[[81795,67710],[-20,-5]],[[81493,67617],[8,-79]],[[81501,67538],[-641,187]],[[84540,67050],[-430,11]],[[84110,67061],[-190,384]],[[82170,66875],[16,331]],[[82186,67206],[76,473]],[[82836,67416],[-38,-390]],[[82798,67026],[-192,-514]],[[82186,67206],[-391,504]],[[81438,66918],[63,620]],[[84110,67061],[-203,-605]],[[83907,66456],[-220,144]],[[83687,66600],[-281,412]],[[83406,67012],[174,273]],[[83160,67233],[-157,-159]],[[83003,67074],[-205,-48]],[[83406,67012],[23,-432]],[[83429,66580],[-197,-57]],[[83232,66523],[-164,-119]],[[83068,66404],[-9,9]],[[83059,66413],[-56,661]],[[84256,66024],[-349,432]],[[83059,66413],[-315,-23]],[[83687,66600],[-258,-20]],[[83979,65781],[-469,247]],[[83510,66028],[-278,495]],[[83068,66404],[334,-351]],[[83402,66053],[-24,-167]],[[83378,65886],[-131,-86]],[[83510,66028],[-108,25]],[[83629,65468],[-251,418]],[[82605,63690],[-505,-929],[438,-665]],[[82538,62096],[31,-1169]],[[82569,60927],[-778,-262],[-403,-555]],[[81388,60110],[-250,383]],[[81138,60493],[181,1476],[-258,476]],[[83278,63169],[-740,-1073]],[[79118,61499],[-54,33],[-310,130]],[[78754,61662],[-444,2],[-360,-614],[-1034,-271],[-499,210]],[[76417,60989],[153,1201]],[[83532,62965],[-77,-171]],[[83455,62794],[-332,-479],[320,-1047],[-411,-473]],[[83032,60795],[-37,-15]],[[82995,60780],[-426,147]],[[84557,62497],[-319,-373],[270,-669]],[[84508,61455],[-41,-871]],[[84467,60584],[-782,220]],[[83685,60804],[431,835],[-661,1155]],[[83685,60804],[-635,-8]],[[83050,60796],[-18,-1]],[[85163,61494],[29,-44]],[[85192,61450],[-684,5]],[[74563,61473],[-207,-495]],[[74356,60978],[-1429,94],[-367,1105]],[[76417,60989],[-279,102],[-527,-939]],[[75611,60152],[-914,803],[-341,23]],[[75611,60152],[-455,-347]],[[75156,59805],[-556,-1096]],[[74600,58709],[-1470,1046],[-1472,-255]],[[78754,61662],[-346,-1263]],[[78408,60399],[-279,-928],[-422,-260],[-412,-789],[90,-371]],[[77385,58051],[-511,15]],[[76874,58066],[-254,191]],[[76620,58257],[-676,578],[-193,720],[-595,250]],[[85599,60802],[-810,-304]],[[84789,60498],[-322,86]],[[85192,61450],[502,-475]],[[82995,60780],[-384,-1549]],[[82611,59231],[-1021,562],[-202,317]],[[85704,60188],[-446,-142]],[[85258,60046],[-469,452]],[[85258,60046],[133,-657]],[[85391,59389],[381,-849]],[[85772,58540],[-566,2]],[[85206,58542],[-649,374]],[[84557,58916],[-1060,917],[-447,963]],[[84557,58916],[-264,-346]],[[84293,58570],[-488,-330]],[[83805,58240],[-1270,-129]],[[82535,58111],[355,545],[-279,575]],[[78408,60399],[202,-7],[484,148],[1061,-280]],[[80155,60260],[-250,-495],[369,-705]],[[80274,59060],[-29,-371]],[[80245,58689],[-744,-409]],[[79501,58280],[-887,234],[-618,-231]],[[77996,58283],[-611,-232]],[[81388,60110],[-26,1]],[[81362,60111],[-338,-503],[-750,-548]],[[80155,60260],[983,233]],[[86214,58800],[-823,589]],[[69035,58161],[-44,-1213]],[[68991,56948],[-2152,-388],[-438,-220]],[[66401,56340],[-49,-14],[3,-9],[-6,2]],[[66349,56319],[-135,56],[-40,17],[-10,5],[-74,-7],[-33,21],[-11,43],[-45,39],[-208,67],[-45,-7],[-74,29],[-33,-3],[-124,59],[-1,1],[-2,0],[-107,33],[-53,41],[-24,156],[0,4],[-36,36],[-15,15],[0,48],[-55,54],[-42,22],[-31,74],[-51,114],[19,17],[108,157],[37,28],[0,60],[8,-3],[173,126],[5,15],[10,26],[-32,41],[-6,57],[-39,12],[9,24],[-1,30],[-4,11],[11,25],[20,47],[65,76],[19,16],[77,46],[56,33],[46,28],[23,5],[77,74],[96,-13],[8,15],[39,20],[5,17],[-35,123],[19,34],[11,15],[1,3],[78,49],[6,2],[8,6],[74,74],[-6,6],[-61,6],[-28,21],[-14,15],[-2,47],[0,3],[201,150],[-1,18],[-52,88],[83,70],[22,8],[26,-29],[141,59],[172,132],[102,51],[190,156],[81,73],[161,219],[144,18],[123,231],[1,59],[-4,169],[-10,12],[-40,29]],[[81362,60111],[109,-1207]],[[81471,58904],[-691,-550]],[[80780,58354],[-354,54]],[[80426,58408],[-181,281]],[[82535,58111],[-1148,493]],[[81387,58604],[84,300]],[[76620,58257],[-586,-717]],[[76034,57540],[-600,-571]],[[75434,56969],[-185,-94]],[[75249,56875],[-907,788],[-475,-698],[345,-1203]],[[74212,55762],[-1250,537]],[[72962,56299],[273,905],[568,837],[797,668]],[[72962,56299],[-212,-1108],[141,-991]],[[72891,54200],[92,-905]],[[72983,53295],[-192,439]],[[72791,53734],[-1439,815]],[[71352,54549],[735,861],[-395,1451]],[[71692,56861],[-420,1057],[302,242],[-382,736]],[[85983,58271],[-211,269]],[[85206,58542],[0,-24]],[[85206,58518],[-913,52]],[[71692,56861],[-1196,-301],[-750,220]],[[69746,56780],[-755,168]],[[81387,58604],[157,-700]],[[81544,57904],[-11,-537],[-896,371]],[[80637,57738],[143,616]],[[85055,57907],[-434,181]],[[84621,58088],[-816,152]],[[85206,58518],[-26,-629]],[[80426,58408],[-746,-176]],[[79680,58232],[-179,48]],[[82535,58111],[99,-846]],[[82634,57265],[-160,35]],[[82474,57300],[-111,33]],[[82363,57333],[-92,561],[-727,10]],[[80637,57738],[-412,49]],[[80225,57787],[-533,251]],[[79692,58038],[-12,194]],[[79692,58038],[18,-792]],[[79710,57246],[-635,342],[-242,450],[-837,245]],[[84621,58088],[43,-588],[-420,-231]],[[84244,57269],[-253,683]],[[83991,57952],[-186,288]],[[79710,57246],[-72,-365],[1133,44]],[[80771,56925],[279,-401]],[[81050,56524],[222,-314]],[[81272,56210],[-385,-163]],[[80887,56047],[-570,-16]],[[80317,56031],[-518,380]],[[79799,56411],[-653,457],[-649,-114]],[[78497,56754],[-1112,1297]],[[83991,57952],[-772,-160],[-357,-592]],[[82862,57200],[-228,65]],[[76874,58066],[-9,-14]],[[76865,58052],[-626,-910]],[[76239,57142],[-205,398]],[[84244,57269],[-58,-159]],[[84186,57110],[-117,-312]],[[84069,56798],[-168,-780]],[[83901,56018],[-514,177],[-132,929],[-393,76]],[[80225,57787],[-456,-528]],[[79769,57259],[-59,-13]],[[78497,56754],[551,-740]],[[79048,56014],[-366,-572]],[[78682,55442],[-109,-538]],[[78573,54904],[-742,250],[-88,-621]],[[77743,54533],[-110,-24]],[[77633,54509],[-191,-43]],[[77442,54466],[-206,536],[317,734],[-505,348]],[[77048,56084],[386,326],[-34,1139],[-535,503]],[[77048,56084],[-103,-140]],[[76945,55944],[-394,-124]],[[76551,55820],[-483,835]],[[76068,56655],[171,487]],[[82363,57333],[-1313,-809]],[[80771,56925],[2,14]],[[80773,56939],[-136,799]],[[80773,56939],[-1004,320]],[[75249,56875],[-30,-784]],[[75219,56091],[-105,-435],[-902,106]],[[76239,57142],[-637,-141]],[[75602,57001],[-168,-32]],[[85378,56142],[-203,-209]],[[85175,55933],[-242,236]],[[84933,56169],[-403,285]],[[84530,56454],[-125,253]],[[84405,56707],[32,142]],[[84437,56849],[537,511]],[[82474,57300],[62,-594]],[[82536,56706],[-120,-386]],[[82416,56320],[-454,195],[-510,-244]],[[81452,56271],[-180,-61]],[[83901,56018],[-560,91]],[[83341,56109],[-390,89]],[[82951,56198],[-221,-234]],[[82730,55964],[-194,742]],[[76068,56655],[-466,346]],[[84186,57110],[251,-261]],[[84405,56707],[-336,91]],[[76068,56655],[-183,-494]],[[75885,56161],[-451,808]],[[69746,56780],[-33,-891]],[[69713,55889],[-663,-651]],[[69050,55238],[-803,722],[-907,-61],[-939,441]],[[75885,56161],[305,-552]],[[76190,55609],[-316,-138]],[[75874,55471],[-655,620]],[[71352,54549],[-142,161]],[[71210,54710],[-686,159]],[[70524,54869],[-811,1020]],[[79799,56411],[-175,-589]],[[79624,55822],[-576,192]],[[84530,56454],[-382,-540]],[[84148,55914],[-247,104]],[[82730,55964],[-57,-368]],[[82673,55596],[-196,-327]],[[82477,55269],[-683,565]],[[81794,55834],[436,68],[186,418]],[[76551,55820],[-361,-211]],[[82416,56320],[-622,-486]],[[81794,55834],[-342,437]],[[80317,56031],[-495,-234]],[[79822,55797],[-23,614]],[[84933,56169],[-210,-488]],[[84723,55681],[-465,177]],[[84258,55858],[-110,56]],[[79822,55797],[-198,25]],[[69050,55238],[866,-368]],[[69916,54870],[-882,-375]],[[69034,54495],[-691,-315],[-437,146],[-1193,-161],[-305,-228],[-274,-66],[-95,25],[-108,4],[-40,23]],[[65891,53923],[131,32],[95,10],[4,6],[18,32],[-19,40],[12,32],[5,8],[-10,22],[-157,-54],[-72,10],[3,51],[10,53],[7,19],[-88,92],[-33,-7],[11,48],[5,31],[0,3],[-98,124],[-18,3],[-18,3],[6,48],[29,11],[29,11],[7,14],[-93,32],[-27,12],[13,33],[9,23],[-34,49],[35,17],[5,59],[-7,11],[0,39],[-52,17],[7,11],[18,26],[-16,37],[53,157],[-44,36],[8,16],[-7,27],[-5,10],[24,30],[-44,53],[2,9],[57,70],[35,62],[89,73],[35,10],[316,147],[-5,13],[-113,-30],[-79,16],[-88,17],[-157,19],[-5,0],[-16,26],[-1,3],[1,96],[30,-8],[25,22],[40,50],[-2,64],[6,9],[25,32],[-17,6],[-91,22],[101,71],[74,134],[-10,52],[-18,27],[-13,18],[2,36],[11,9],[128,12],[93,-69],[188,-14],[116,15],[10,17],[-4,12],[-9,11]],[[82477,55269],[-10,-26]],[[82467,55243],[-164,-562]],[[82303,54681],[-560,-62]],[[81743,54619],[-854,812]],[[80889,55431],[-2,616]],[[72962,56299],[302,-1145]],[[73264,55154],[330,-636]],[[73594,54518],[-703,-318]],[[74212,55762],[-175,-545]],[[74037,55217],[-773,-63]],[[82951,56198],[485,-556]],[[83436,55642],[-74,-442]],[[83362,55200],[-482,52]],[[82880,55252],[-207,344]],[[83341,56109],[95,-467]],[[85175,55933],[112,-216]],[[85287,55717],[-236,-191]],[[85051,55526],[-328,155]],[[85890,55702],[91,-362]],[[85981,55340],[-153,-201]],[[85828,55139],[-223,157]],[[85605,55296],[-318,421]],[[83901,56018],[-139,-595]],[[83762,55423],[-400,-223]],[[80889,55431],[-338,-273]],[[80551,55158],[-709,67]],[[79842,55225],[-20,572]],[[75219,56091],[154,-953]],[[75373,55138],[-514,-21],[-647,645]],[[75874,55471],[149,-642]],[[76023,54829],[-429,-541]],[[75594,54288],[-221,850]],[[77442,54466],[-204,165]],[[77238,54631],[-571,361]],[[76667,54992],[278,952]],[[84258,55858],[-377,-479]],[[83881,55379],[-119,44]],[[79822,55797],[-293,-531],[-493,94]],[[79036,55360],[-354,82]],[[76667,54992],[-793,479]],[[70524,54869],[-494,-241]],[[70030,54628],[-114,242]],[[84723,55681],[185,-898]],[[84908,54783],[-197,-164]],[[84711,54619],[-472,65]],[[84239,54684],[-222,5]],[[84017,54689],[-136,690]],[[86985,55844],[-456,-760]],[[86529,55084],[-548,256]],[[79842,55225],[31,-381]],[[79873,54844],[-311,-329]],[[79562,54515],[-968,25]],[[78594,54540],[-21,364]],[[78573,54904],[463,456]],[[75594,54288],[-106,-290]],[[75488,53998],[-321,-51]],[[75167,53947],[-568,417],[-562,853]],[[85605,55296],[-329,65]],[[85276,55361],[-225,165]],[[85276,55361],[-294,-339]],[[84982,55022],[-74,-239]],[[82880,55252],[-413,-9]],[[77238,54631],[-973,32]],[[76265,54663],[-242,166]],[[81743,54619],[231,-543]],[[81974,54076],[-29,-202]],[[81945,53874],[-1194,-497]],[[80751,53377],[-407,518]],[[80344,53895],[-54,220]],[[80290,54115],[266,257]],[[80556,54372],[-5,786]],[[84017,54689],[-272,40]],[[83745,54729],[-351,14]],[[83394,54743],[-32,457]],[[86529,55084],[-453,-890]],[[86076,54194],[-248,945]],[[86076,54194],[-229,-366]],[[85847,53828],[-412,240]],[[85435,54068],[151,398],[-113,179]],[[85473,54645],[-491,377]],[[83362,55200],[-130,-498]],[[83232,54702],[-390,377]],[[82842,55079],[38,173]],[[80556,54372],[-683,472]],[[82842,55079],[-252,-389]],[[82590,54690],[-287,-9]],[[75167,53947],[-778,-211]],[[74389,53736],[-796,-303]],[[73593,53433],[1,1085]],[[83394,54743],[9,-419]],[[83403,54324],[-121,-68]],[[83282,54256],[-61,288]],[[83221,54544],[11,158]],[[78594,54540],[-592,47]],[[78002,54587],[-259,-54]],[[83221,54544],[-361,82]],[[82860,54626],[-18,453]],[[82860,54626],[-270,64]],[[71210,54710],[-709,-305]],[[70501,54405],[-471,223]],[[85473,54645],[-38,-577]],[[85847,53828],[-269,-345]],[[85578,53483],[-154,63]],[[85424,53546],[-280,519]],[[85144,54065],[-433,554]],[[70030,54628],[-563,-460]],[[69467,54168],[-433,327]],[[80290,54115],[-728,400]],[[76265,54663],[720,-671]],[[76985,53992],[-410,-597],[222,-321]],[[76797,53074],[-446,154],[-528,-491]],[[75823,52737],[-8,804],[-327,457]],[[83745,54729],[63,-319]],[[83808,54410],[-175,-286]],[[83633,54124],[-230,200]],[[84017,54689],[-24,-298]],[[83993,54391],[-185,19]],[[85144,54065],[-252,-152]],[[84892,53913],[-223,-122]],[[84669,53791],[-553,91]],[[84116,53882],[-180,166]],[[83936,54048],[392,202],[-89,434]],[[71352,54549],[-363,-1042],[227,-292]],[[71216,53215],[-463,37]],[[70753,53252],[-252,1153]],[[83936,54048],[28,58]],[[83964,54106],[29,285]],[[83282,54256],[57,-501]],[[83339,53755],[-60,-127]],[[83279,53628],[39,-74]],[[83318,53554],[-496,-3]],[[82822,53551],[-413,390]],[[82409,53941],[-105,200]],[[82304,54141],[17,40]],[[82321,54181],[257,-182],[-19,347],[-104,98]],[[82455,54444],[-152,237]],[[82455,54444],[-134,-263]],[[82304,54141],[-330,-65]],[[77442,54466],[-231,-630]],[[77211,53836],[-226,156]],[[70753,53252],[59,-185]],[[70812,53067],[-262,-437]],[[70550,52630],[-231,-337]],[[70319,52293],[-521,366]],[[69798,52659],[-78,1075],[-253,434]],[[78002,54587],[89,-343]],[[78091,54244],[-208,-325]],[[77883,53919],[-250,590]],[[80344,53895],[-646,216],[-453,-449]],[[79245,53662],[-260,2]],[[78985,53664],[-894,580]],[[73593,53433],[63,-792]],[[73656,52641],[36,-653]],[[73692,51988],[-849,935],[140,372]],[[72791,53734],[-523,-268]],[[72268,53466],[-1052,-251]],[[66200,52943],[-14,10],[-242,-64],[-18,4],[-114,-4],[-18,-5],[-44,-12],[20,111],[3,3],[30,71],[8,67],[34,36],[13,18],[-32,60],[-14,65],[0,1],[9,88],[6,5],[18,98],[-35,34],[-15,15],[8,14],[33,38],[48,38],[-80,69],[45,99],[-14,20],[26,31],[5,5],[4,19],[17,43],[4,3]],[[69798,52659],[-326,-229]],[[69472,52430],[-164,218],[-994,-325],[-1988,-410],[3,18],[-11,-11]],[[77883,53919],[-129,-350]],[[77754,53569],[-594,-414]],[[77160,53155],[51,681]],[[83964,54106],[-161,-19]],[[83803,54087],[-170,37]],[[83803,54087],[-93,-264]],[[83710,53823],[-371,-68]],[[78985,53664],[-62,1]],[[78923,53665],[-618,19]],[[78305,53684],[-551,-115]],[[82409,53941],[3,-300]],[[82412,53641],[-362,-49]],[[82050,53592],[-105,282]],[[84116,53882],[-112,-184]],[[84004,53698],[-225,-27]],[[83779,53671],[-69,152]],[[80751,53377],[1,-6]],[[80752,53371],[-1037,-651]],[[79715,52720],[-470,942]],[[85424,53546],[-463,-17]],[[84961,53529],[-69,384]],[[75823,52737],[-206,-368]],[[75617,52369],[-227,107]],[[75390,52476],[-145,627],[-590,69]],[[74655,53172],[-266,564]],[[77160,53155],[-363,-81]],[[82822,53551],[-2,-94]],[[82820,53457],[-99,-123]],[[82721,53334],[-86,-2]],[[82635,53332],[-223,309]],[[84961,53529],[-454,-152]],[[84507,53377],[-128,34]],[[84379,53411],[290,380]],[[84379,53411],[-464,96]],[[83915,53507],[89,191]],[[83915,53507],[-108,-193]],[[83807,53314],[-71,290]],[[83736,53604],[43,67]],[[83736,53604],[-311,50]],[[83425,53654],[-146,-26]],[[83318,53554],[-99,-283]],[[83219,53271],[-399,186]],[[73692,51988],[-35,-482]],[[73657,51506],[-466,123],[-320,-735],[-562,-629]],[[72309,50265],[-279,220]],[[72030,50485],[-893,325]],[[71137,50810],[324,1050]],[[71461,51860],[505,306],[161,547]],[[72127,52713],[141,753]],[[74655,53172],[23,-416]],[[74678,52756],[-1022,-115]],[[78305,53684],[-32,-828]],[[78273,52856],[-21,-515]],[[78252,52341],[-602,168],[253,-1008]],[[77903,51501],[-179,197]],[[77724,51698],[-564,1457]],[[78923,53665],[-28,-845],[-622,36]],[[83807,53314],[-26,-48]],[[83781,53266],[-356,388]],[[82635,53332],[-450,-104]],[[82185,53228],[-135,364]],[[79715,52720],[-315,-384]],[[79400,52336],[-627,-213]],[[78773,52123],[-521,218]],[[83781,53266],[-39,-141]],[[83742,53125],[-108,-447]],[[83634,52678],[-36,-190]],[[83598,52488],[-242,-79]],[[83356,52409],[-107,-4]],[[83249,52405],[-30,866]],[[85578,53483],[-387,-558]],[[85191,52925],[-364,399],[-444,-197]],[[84383,53127],[124,250]],[[84383,53127],[-43,-191]],[[84340,52936],[-437,-36]],[[83903,52900],[-161,225]],[[72127,52713],[-577,-133],[-738,487]],[[83219,53271],[-314,-139]],[[82905,53132],[-111,81]],[[82794,53213],[-73,121]],[[80752,53371],[322,-114]],[[81074,53257],[-230,-773]],[[80844,52484],[-71,-39]],[[80773,52445],[-649,-356]],[[80124,52089],[-575,-157]],[[79549,51932],[-149,404]],[[82794,53213],[166,-157]],[[82960,53056],[-149,-128]],[[82811,52928],[-464,-3]],[[82347,52925],[-162,303]],[[85191,52925],[-616,-698]],[[84575,52227],[-121,180]],[[84454,52407],[-132,395]],[[84322,52802],[18,134]],[[81074,53257],[813,-188],[-112,-617]],[[81775,52452],[-484,-58]],[[81291,52394],[-447,90]],[[83249,52405],[-202,380]],[[83047,52785],[-87,271]],[[82960,53056],[-55,76]],[[75390,52476],[-450,-202]],[[74940,52274],[-262,482]],[[76797,53074],[-247,-803]],[[76550,52271],[-227,564],[-500,-98]],[[77724,51698],[-1007,-490]],[[76717,51208],[-156,825]],[[76561,52033],[-11,238]],[[83903,52900],[93,-274]],[[83996,52626],[-362,52]],[[71461,51860],[-357,-123]],[[71104,51737],[-301,298]],[[70803,52035],[-253,595]],[[83047,52785],[-202,-72]],[[82845,52713],[-47,35]],[[82798,52748],[13,180]],[[84322,52802],[-168,-330]],[[84154,52472],[-158,154]],[[82798,52748],[-225,-91]],[[82573,52657],[-10,45]],[[82563,52702],[-216,223]],[[82563,52702],[-169,-200]],[[82394,52502],[-47,423]],[[76561,52033],[-537,-419]],[[76024,51614],[-407,755]],[[84454,52407],[-111,-22]],[[84343,52385],[-189,87]],[[83356,52409],[-39,-214]],[[83317,52195],[-245,-19]],[[83072,52176],[-283,57]],[[82789,52233],[56,480]],[[74940,52274],[26,-29]],[[74966,52245],[-726,-441],[-116,-1039]],[[74124,50765],[-156,-54]],[[73968,50711],[-311,795]],[[70319,52293],[484,-258]],[[71104,51737],[-518,-279]],[[70586,51458],[-596,140],[-518,832]],[[82789,52233],[-12,-94]],[[82777,52139],[-171,-36]],[[82606,52103],[-16,16]],[[82590,52119],[-80,301]],[[82510,52420],[63,237]],[[70586,51458],[-312,-442],[-1055,-553]],[[69219,50463],[-382,-527],[-569,-227],[-1981,-1728],[8,13],[-11,-10]],[[82510,52420],[-153,-232]],[[82357,52188],[-250,-42]],[[82107,52146],[287,356]],[[84343,52385],[190,-207]],[[84533,52178],[-688,-231]],[[83845,51947],[60,205]],[[83905,52152],[-303,295]],[[83602,52447],[-4,41]],[[78773,52123],[-452,-484]],[[78321,51639],[-418,-138]],[[76024,51614],[-5,-75]],[[76019,51539],[-576,249]],[[75443,51788],[-477,457]],[[81291,52394],[107,-98]],[[81398,52296],[-416,-134]],[[80982,52162],[-213,129]],[[80769,52291],[4,154]],[[83602,52447],[-82,-291]],[[83520,52156],[-69,-95]],[[83451,52061],[-134,134]],[[81775,52452],[15,-264]],[[81790,52188],[-171,-171]],[[81619,52017],[-221,279]],[[80769,52291],[-21,-668]],[[80748,51623],[-178,14]],[[80570,51637],[-428,217]],[[80142,51854],[-18,235]],[[83072,52176],[-115,-343]],[[82957,51833],[-239,51]],[[82718,51884],[59,255]],[[83905,52152],[-385,4]],[[84575,52227],[-42,-49]],[[82590,52119],[-233,69]],[[79549,51932],[-244,-199]],[[79305,51733],[-647,-500]],[[78658,51233],[-337,406]],[[81619,52017],[135,-262]],[[81754,51755],[-191,-83]],[[81563,51672],[-386,178]],[[81177,51850],[-195,312]],[[81177,51850],[-294,-235]],[[80883,51615],[-135,8]],[[75443,51788],[-78,-117]],[[75365,51671],[-640,-697],[227,-319]],[[74952,50655],[-12,-26]],[[74940,50629],[-816,136]],[[82606,52103],[-79,-200]],[[82527,51903],[-140,-79]],[[82387,51824],[-137,47]],[[82250,51871],[-55,12]],[[82195,51883],[-88,263]],[[81790,52188],[405,-305]],[[82250,51871],[-496,-116]],[[83451,52061],[-125,-446]],[[83326,51615],[-303,-178]],[[83023,51437],[-585,-26]],[[82438,51411],[135,309]],[[82573,51720],[384,113]],[[82718,51884],[-191,19]],[[83845,51947],[-519,-332]],[[80142,51854],[68,-429]],[[80210,51425],[19,-155]],[[80229,51270],[-697,107],[-227,356]],[[76717,51208],[-15,-7]],[[76702,51201],[-305,283]],[[76397,51484],[-378,55]],[[71137,50810],[-934,-1070]],[[70203,49740],[-984,723]],[[82573,51720],[-186,104]],[[82438,51411],[-628,28]],[[81810,51439],[-160,150]],[[81650,51589],[-66,23]],[[81584,51612],[-21,60]],[[81584,51612],[-248,-790]],[[81336,50822],[-102,-139]],[[81234,50683],[-61,67]],[[81173,50750],[-136,306]],[[81037,51056],[-154,559]],[[80570,51637],[-42,-359]],[[80528,51278],[-318,147]],[[76019,51539],[-157,-561]],[[75862,50978],[-153,-228]],[[75709,50750],[-344,921]],[[80229,51270],[-245,-381]],[[79984,50889],[-664,-507]],[[79320,50382],[-83,-518]],[[79237,49864],[-345,152]],[[78892,50016],[-234,1217]],[[77903,51501],[-325,-424]],[[77578,51077],[-597,-139]],[[76981,50938],[-279,263]],[[75709,50750],[-757,-95]],[[73968,50711],[-451,-756]],[[73517,49955],[-841,-53],[-367,363]],[[78892,50016],[-284,24]],[[78608,50040],[-580,758],[-450,279]],[[81037,51056],[-325,41]],[[80712,51097],[-184,181]],[[81650,51589],[-253,-753]],[[81397,50836],[-61,-14]],[[81810,51439],[-358,-613]],[[81452,50826],[-55,10]],[[76397,51484],[288,-891]],[[76685,50593],[242,-676]],[[76927,49917],[-158,-78]],[[76769,49839],[-408,759]],[[76361,50598],[-499,380]],[[76981,50938],[158,-403]],[[77139,50535],[-454,58]],[[83023,51437],[-87,-451]],[[82936,50986],[-297,-250]],[[82639,50736],[-663,-189]],[[81976,50547],[-524,279]],[[80528,51278],[353,-683]],[[80881,50595],[249,-500]],[[81130,50095],[39,-248]],[[81169,49847],[-5,-41]],[[81164,49806],[-53,-88]],[[81111,49718],[-297,625],[-600,44]],[[80214,50387],[15,883]],[[80712,51097],[237,-379]],[[80949,50718],[-68,-123]],[[80214,50387],[-46,-3]],[[80168,50384],[-184,505]],[[81173,50750],[-224,-32]],[[78608,50040],[-345,-130]],[[78263,49910],[-256,744],[-563,-165]],[[77444,50489],[-305,46]],[[82936,50986],[-77,-760]],[[82859,50226],[-260,266]],[[82599,50492],[40,244]],[[76361,50598],[30,-824]],[[76391,49774],[-634,-516]],[[75757,49258],[-366,871],[-451,500]],[[75757,49258],[-592,-10]],[[75165,49248],[-456,-308]],[[74709,48940],[-191,-186]],[[74518,48754],[-260,279]],[[74258,49033],[-397,697]],[[73861,49730],[680,285],[-417,750]],[[80168,50384],[-848,-2]],[[70077,49241],[126,499]],[[72030,50485],[-492,-1450]],[[81976,50547],[-27,-248]],[[81949,50299],[-81,64]],[[81868,50363],[-634,320]],[[73861,49730],[-344,225]],[[81868,50363],[-166,-172]],[[81702,50191],[-230,-7]],[[81472,50184],[-342,-89]],[[82599,50492],[-650,-193]],[[78263,49910],[-149,-198]],[[78114,49712],[-488,314]],[[77626,50026],[-182,463]],[[76769,49839],[-378,-65]],[[77626,50026],[-312,-576]],[[77314,49450],[-387,467]],[[72309,50265],[-238,-481],[416,-847],[-130,-373]],[[72357,48564],[-275,-798]],[[82859,50226],[-58,-95]],[[82801,50131],[-877,9]],[[81924,50140],[-222,51]],[[81111,49718],[-10,-27]],[[81101,49691],[-127,-175]],[[80974,49516],[-345,-84]],[[80629,49432],[-171,-77]],[[80458,49355],[-160,186],[-146,-705]],[[80152,48836],[-198,114]],[[79954,48950],[-717,914]],[[73517,49955],[-314,-944]],[[73203,49011],[-846,-447]],[[82801,50131],[27,-337]],[[82828,49794],[-401,226],[-503,-330]],[[81924,49690],[-221,36]],[[81703,49726],[221,414]],[[81472,50184],[-303,-337]],[[81703,49726],[-87,37]],[[81616,49763],[-166,-27]],[[81450,49736],[-90,41]],[[81360,49777],[-196,29]],[[82828,49794],[38,-78]],[[82866,49716],[-179,-586],[-774,-89]],[[81913,49041],[11,649]],[[79954,48950],[-667,-76],[-1167,815]],[[78120,49689],[-6,23]],[[78120,49689],[-83,-484]],[[78037,49205],[-264,-519]],[[77773,48686],[-644,304],[146,438]],[[77275,49428],[39,22]],[[74258,49033],[-169,-239]],[[74089,48794],[-659,26]],[[73430,48820],[-227,191]],[[80974,49516],[-113,-181]],[[80861,49335],[-232,97]],[[77275,49428],[-378,-128],[-378,-928]],[[76519,48372],[-172,100]],[[76347,48472],[-89,578],[-521,109]],[[75737,49159],[20,99]],[[81360,49777],[-149,-551]],[[81211,49226],[-110,465]],[[81616,49763],[-110,-884]],[[81506,48879],[-142,-26]],[[81364,48853],[1,43]],[[81365,48896],[85,840]],[[81365,48896],[-203,99]],[[81162,48995],[49,231]],[[81913,49041],[-241,-233]],[[81672,48808],[-166,71]],[[80152,48836],[18,39]],[[80170,48875],[90,-499],[-147,-211]],[[80113,48165],[-157,110]],[[79956,48275],[-1919,930]],[[81162,48995],[-334,230]],[[80828,49225],[33,110]],[[82866,49716],[-137,-902]],[[82729,48814],[-686,-112]],[[82043,48702],[-371,106]],[[80458,49355],[7,-279]],[[80465,49076],[-102,-268]],[[80363,48808],[-193,67]],[[80828,49225],[-363,-149]],[[77773,48686],[27,-195]],[[77800,48491],[-730,-271],[-551,152]],[[75737,49159],[212,-521]],[[75949,48638],[-30,-292]],[[75919,48346],[-602,158]],[[75317,48504],[-162,280]],[[75155,48784],[10,464]],[[75155,48784],[-446,156]],[[79956,48275],[-150,-495]],[[79806,47780],[-198,-104]],[[79608,47676],[-872,740]],[[78736,48416],[-936,75]],[[81162,48995],[-99,-483]],[[81063,48512],[-298,-20]],[[80765,48492],[-402,316]],[[76347,48472],[-299,25]],[[76048,48497],[-99,141]],[[74518,48754],[-156,-367]],[[74362,48387],[-555,-275]],[[73807,48112],[-80,258]],[[73727,48370],[362,424]],[[73727,48370],[-297,450]],[[73807,48112],[-185,-276]],[[75317,48504],[-27,-407]],[[75290,48097],[-500,17]],[[74790,48114],[-272,640]],[[81364,48853],[307,-198]],[[81671,48655],[-608,-143]],[[82043,48702],[-21,-95]],[[82022,48607],[-351,48]],[[80765,48492],[-337,-245]],[[80428,48247],[-315,-82]],[[74790,48114],[-449,-445]],[[74341,47669],[21,718]],[[82729,48814],[-87,-524]],[[82642,48290],[-715,-61]],[[81927,48229],[-61,20]],[[81866,48249],[156,358]],[[81866,48249],[-320,107]],[[81546,48356],[-483,156]],[[76048,48497],[1123,-662],[-737,-526]],[[76434,47309],[-403,85]],[[76031,47394],[-112,952]],[[74955,46854],[324,780]],[[75279,47634],[11,463]],[[76031,47394],[-494,-695]],[[78736,48416],[147,-585]],[[78883,47831],[-799,56],[-524,-450]],[[77560,47437],[-91,361]],[[77469,47798],[331,693]],[[81063,48512],[-97,-495]],[[80966,48017],[18,-108]],[[80984,47909],[-88,-303]],[[80896,47606],[-211,-150]],[[80685,47456],[-97,-86]],[[80588,47370],[-253,-356]],[[80335,47014],[-156,15]],[[80179,47029],[68,374]],[[80247,47403],[181,844]],[[77469,47798],[-25,-751],[-363,-322]],[[77081,46725],[-251,-703]],[[76830,46022],[-469,713],[73,574]],[[81546,48356],[-163,-364]],[[81383,47992],[-417,25]],[[74341,47669],[-163,-330]],[[79608,47676],[194,-585]],[[79802,47091],[-489,140]],[[79313,47231],[-282,553]],[[79031,47784],[-148,47]],[[81927,48229],[660,-148]],[[82587,48081],[10,-1554]],[[82597,46527],[-577,136]],[[82020,46663],[80,368]],[[82100,47031],[-124,584]],[[81976,47615],[-500,406]],[[81476,48021],[-93,-29]],[[82642,48290],[-55,-209]],[[80247,47403],[-441,377]],[[75279,47634],[-1006,-278]],[[81476,48021],[-80,-675]],[[81396,47346],[-137,22]],[[81259,47368],[-275,541]],[[81976,47615],[-135,-76]],[[81841,47539],[-201,31],[-137,-239]],[[81503,47331],[-107,15]],[[79031,47784],[-395,-997]],[[78636,46787],[-290,-533]],[[78346,46254],[-529,-465]],[[77817,45789],[-329,436],[234,542]],[[77722,46767],[-162,670]],[[81259,47368],[-150,98]],[[81109,47466],[-213,140]],[[80179,47029],[-215,-116]],[[79964,46913],[-162,178]],[[77722,46767],[-641,-42]],[[79313,47231],[-354,-417]],[[78959,46814],[-323,-27]],[[81841,47539],[-338,-208]],[[81109,47466],[17,-415]],[[81126,47051],[-143,-9]],[[80983,47042],[-298,414]],[[76080,46846],[-49,548]],[[81503,47331],[18,-164]],[[81521,47167],[-395,-116]],[[80983,47042],[-438,-189]],[[80545,46853],[43,517]],[[80545,46853],[-46,-32]],[[80499,46821],[-164,193]],[[79964,46913],[81,-276]],[[80045,46637],[-2,-14]],[[80043,46623],[-1084,191]],[[81521,47167],[-272,-368]],[[81249,46799],[-266,243]],[[81249,46799],[-14,-684]],[[81235,46115],[-180,26]],[[81055,46141],[-459,-73]],[[80596,46068],[-87,555]],[[80509,46623],[-10,198]],[[80509,46623],[-464,14]],[[82020,46663],[-329,-67]],[[81691,46596],[409,435]],[[80043,46623],[-661,-398]],[[79382,46225],[-235,-53]],[[79147,46172],[-801,82]],[[77817,45789],[-762,-20]],[[82597,46527],[16,-766]],[[82613,45761],[-1157,157]],[[81456,45918],[-221,197]],[[81235,46115],[456,481]],[[80596,46068],[136,-657]],[[80732,45411],[-888,440]],[[79844,45851],[-462,374]],[[79147,46172],[-158,-1003],[-408,61]],[[79844,45851],[57,-277]],[[79901,45574],[-763,-603]],[[81456,45918],[242,-328]],[[81698,45590],[-394,-355]],[[81304,45235],[-147,46]],[[81157,45281],[-102,860]],[[81157,45281],[-421,111]],[[80736,45392],[-4,19]],[[82613,45761],[122,-1000]],[[82735,44761],[-1143,-26]],[[81592,44735],[106,855]],[[79633,44831],[268,743]],[[80736,45392],[-496,-326],[139,-452]],[[80379,44614],[141,-285]],[[80520,44329],[-168,-51]],[[81592,44735],[-420,49]],[[81172,44784],[5,36]],[[81177,44820],[127,415]],[[81177,44820],[-798,-206]],[[81172,44784],[139,-712]],[[81311,44072],[2,-19]],[[81313,44053],[-793,276]],[[82735,44761],[-157,-847]],[[82578,43914],[-1267,158]],[[81313,44053],[-871,-440]],[[80442,43613],[-128,-75]],[[82578,43914],[-165,-640]],[[82413,43274],[-1134,-60],[-488,-301]],[[80791,42913],[-349,700]],[[80791,42913],[42,-611]],[[80833,42302],[-1472,206]],[[82413,43274],[-317,-1435]],[[82096,41839],[-814,-105]],[[81282,41734],[-449,568]],[[81282,41734],[-30,-372],[-923,-331],[-1210,983]],[[79104,41993],[612,-566],[-14,-373]],[[79702,41054],[-967,-48]],[[82096,41839],[-255,-1427]],[[81841,40412],[-691,510],[-1309,80]],[[79841,41002],[-139,52]],[[79841,41002],[287,-533]],[[80128,40469],[-736,176]],[[79392,40645],[-532,-181]],[[81841,40412],[93,-626]],[[81934,39786],[-1806,683]],[[79392,40645],[284,-622]],[[79676,40023],[-235,-217],[-14,-13]],[[81934,39786],[-317,-397]],[[81617,39389],[-1020,239]],[[80597,39628],[-921,395]],[[80597,39628],[-825,-154]],[[79772,39474],[-213,207],[-19,-2],[-83,121],[-15,-3]],[[79772,39474],[9,-290],[31,18],[52,-86],[17,6],[697,-81],[40,6],[111,-21],[85,32],[44,-10],[30,30],[131,-25],[25,17],[32,-54]],[[81076,39016],[-492,-816]],[[81617,39389],[-541,-373]],[[54761,96786],[-28,-1614],[-1505,-2307],[-609,147]],[[52619,93012],[-1056,-987],[-966,102],[-569,-346]],[[50028,91781],[-544,611]],[[49484,92392],[720,-75],[812,565],[782,1913],[1072,1624],[691,643],[256,964],[738,-594],[206,-646]],[[54761,96786],[226,-117],[-28,-1311],[320,-1358],[589,-1778]],[[55868,92222],[-931,115],[-737,-401],[-484,248],[-384,-1269],[-667,-736]],[[52665,90179],[-166,1366],[120,1467]],[[45532,93007],[1083,-553],[614,-78],[1037,507],[1218,-491]],[[50028,91781],[464,-1287],[-257,-599],[256,-606],[890,-748],[550,-796],[452,361],[749,-150],[638,-1041],[771,-439]],[[52665,90179],[17,-646],[952,-393],[108,-510],[970,-379],[312,-354],[401,1331],[799,299],[669,588],[424,-284],[493,163]],[[57810,89994],[-482,-1453]],[[55868,92222],[866,-142],[274,-726],[771,-255],[31,-1105]],[[29416,82501],[-291,-652],[-2286,-1231],[-407,-29],[-1073,-578],[-1076,310],[-862,-253]],[[23421,80068],[-106,587],[-645,212],[-264,-374]],[[22406,80493],[-1388,344],[-961,815]],[[20057,81652],[1,733],[477,108],[115,699],[390,436],[237,1471],[1592,503],[312,1155],[-332,1073],[-1561,1093],[-331,654]],[[20957,89577],[1276,493],[568,551],[-14,649],[572,117],[1095,713]],[[41867,80930],[-1217,-396],[-541,238],[-721,-132]],[[39388,80640],[-850,428],[-482,457],[-187,865],[-511,344],[-814,1440],[-482,505],[-481,917],[61,1091],[-727,678]],[[39388,80640],[192,-192]],[[39580,80448],[-643,-13],[-781,-788]],[[38156,79647],[-1339,1154],[-1505,116],[-327,844],[172,803],[-931,543],[289,734],[-802,-6],[-781,786],[-89,357],[582,1071],[-446,444],[-586,-164]],[[38156,79647],[-467,-269]],[[37689,79378],[-482,633],[-481,-244],[-680,284],[-660,-9]],[[35386,80042],[-1122,705],[-1215,451]],[[33049,81198],[-881,407]],[[32168,81605],[-637,210],[41,824],[-736,594],[298,1210]],[[20057,81652],[-820,331],[-157,350],[-747,183]],[[18333,82516],[-936,-187],[-785,-440],[-970,65],[-1010,-229],[-316,342]],[[14316,82067],[1237,1034],[903,459],[66,730],[1388,609],[181,625],[-345,870],[-503,148],[85,1496]],[[17328,88038],[867,179],[535,510],[578,-189],[803,52],[846,987]],[[14316,82067],[-1252,8],[-110,2073],[-625,-247],[-1347,637],[-797,-136],[-774,445],[-438,558],[-732,384]],[[8241,85789],[-60,1254],[1065,244],[294,290],[615,-306],[218,716],[-486,531],[-1288,-103],[-81,1618],[4163,264],[898,811],[1058,498],[177,-797],[485,-373],[87,-1439],[563,189],[1379,-1148]],[[18333,82516],[77,-1882]],[[18410,80634],[-791,173],[-1821,-632],[-575,233]],[[15223,80408],[-577,-579],[-463,-875],[-865,398],[-925,-180],[-1316,-699],[-502,596],[-932,342]],[[9643,79411],[307,2736],[-29,965],[-500,593],[-32,659],[-1140,770],[-8,655]],[[32168,81605],[-586,-129],[-466,-1407],[129,-727],[-551,-181]],[[30694,79161],[-657,358],[-1128,-298],[-521,590],[-1036,-457],[-532,-878]],[[26820,78476],[-848,227],[-1325,742],[-545,-359],[-259,708],[-422,274]],[[22406,80493],[-388,-200],[463,-994],[-197,-539],[859,-997],[110,-960]],[[23253,76803],[-1712,1272],[-376,1197],[-639,953],[-306,-109]],[[20220,80116],[-469,-104],[-378,417],[-963,205]],[[33049,81198],[-57,-1109],[816,-991],[503,-73],[353,-461]],[[34664,78564],[-835,221],[-507,-537],[-758,-283]],[[32564,77965],[-578,631],[-529,-80],[-763,645]],[[20220,80116],[-165,-259]],[[20055,79857],[-589,-500],[-736,140],[-376,-377],[-483,-1071],[-799,-52]],[[17072,77997],[-31,918],[529,371],[-140,707],[-566,-169],[-236,-756],[-948,211]],[[15680,79279],[-457,1129]],[[40867,78193],[-580,315],[73,720],[-414,546],[-606,324]],[[39340,80098],[240,350]],[[26820,78476],[359,-802],[857,397]],[[28036,78071],[206,-812],[463,-162],[-265,-1210],[-995,61]],[[27445,75948],[-1637,1302],[-446,-99],[-1111,629],[-406,437],[-388,1185],[-384,599],[-667,492]],[[35386,80042],[454,-823],[1213,-589],[480,291]],[[37533,78921],[277,-461]],[[37810,78460],[-271,-733],[-405,-230]],[[37134,77497],[-178,-384],[-1208,460]],[[35748,77573],[-223,773],[-554,-10]],[[34971,78336],[-307,228]],[[23253,76803],[-609,-733],[-469,28],[-686,-842],[-1770,-1682],[-196,-1070],[-526,-381]],[[18997,72123],[-896,168],[-1391,-513],[-264,269]],[[16446,72047],[42,415],[740,501],[844,856],[77,722],[609,541]],[[18758,75082],[191,333],[-316,722],[-38,1009],[735,1437],[744,380],[-19,894]],[[39340,80098],[-152,-545]],[[39188,79553],[-370,-373],[-592,-35],[-416,-685]],[[37533,78921],[156,457]],[[15680,79279],[-330,-701],[-1093,-187],[-173,-1047]],[[14084,77344],[-876,644],[-1003,-485],[-352,151],[-1053,-385],[-1205,-1184],[-326,74]],[[9269,76159],[374,3252]],[[40620,77598],[-802,-298],[-524,1048],[-106,1205]],[[32564,77965],[-228,-759],[-583,-462],[-70,-508],[-471,-399]],[[31212,75837],[-1153,-1426]],[[30059,74411],[-1905,-2000]],[[28154,72411],[-1776,1694],[-39,280]],[[26339,74385],[1209,339],[1044,859],[544,61],[676,937],[-270,481],[367,609],[-857,53],[-407,354],[-609,-7]],[[17072,77997],[-673,-39],[-366,-725],[321,-404],[-341,-1274],[377,-587]],[[16390,74968],[102,-476],[-910,7],[-1046,-410],[-1109,-1679],[-142,-743],[206,-1071],[-504,-670],[-1025,-735],[-1113,101]],[[10849,69292],[-875,-212],[-728,-478],[-839,-198],[-505,257]],[[7902,68661],[500,669]],[[8402,69330],[426,222],[306,607],[355,1315],[-209,310],[957,630],[1083,1550],[36,609],[431,1083],[-60,456],[590,321],[334,-308],[984,134],[-1,700],[450,385]],[[34971,78336],[-1,-298],[-844,-511],[-459,212],[-312,-1358],[-893,-486]],[[32462,75895],[-1250,-58]],[[37761,67727],[-845,-32],[-255,812],[-654,932],[98,3486],[937,851],[680,1687]],[[37722,75463],[-862,1127],[419,278],[-145,629]],[[18758,75082],[-2368,-114]],[[8402,69330],[-209,429],[334,780],[199,1594],[573,1308],[833,798],[-1066,403]],[[9066,74642],[203,1517]],[[26339,74385],[-402,390]],[[25937,74775],[446,543],[708,-69],[354,699]],[[35748,77573],[-693,-987]],[[35055,76586],[-699,-13],[-277,-730],[-743,-54],[-483,-455],[-391,561]],[[37722,75463],[-782,-365],[-509,297],[-81,657],[-399,726],[-896,-192]],[[25937,74775],[11,-441],[-542,-340],[-526,-894],[-612,90],[-766,-438],[-144,-363],[-823,-430],[-685,-672],[-1938,341],[-915,495]],[[36054,63886],[-98,709],[-421,1124],[-4,787],[-1255,1453],[-7,842],[-755,3020],[-80,2516],[-625,-64],[-951,-1250]],[[31858,73023],[-658,-116],[-199,488],[-942,1016]],[[16446,72047],[-500,-797],[-1128,-628],[-128,-1504],[896,90],[376,434],[820,-154],[1171,-558],[-975,-491],[-528,148],[-844,-213],[-236,-949]],[[15370,67425],[-15,-199]],[[15355,67226],[-3375,189],[-1146,163],[-248,-499]],[[10586,67079],[-75,47]],[[10511,67126],[297,738],[41,1428]],[[7902,68661],[-187,-170]],[[7715,68491],[-1641,-331]],[[6074,68160],[1219,670],[493,605],[-99,571],[356,1359],[614,1118],[-26,2076]],[[8631,74559],[435,83]],[[28154,72411],[-519,-944],[-1222,-1643]],[[26413,69824],[-428,-1091],[-314,-15]],[[25671,68718],[-1655,-48],[-317,1293],[-1125,566],[-725,-1641],[-565,-212],[-52,-721]],[[21232,67955],[-985,-590],[-657,137],[-728,-324],[-1551,147],[-871,686],[-432,-2],[-638,-584]],[[28872,63553],[-199,228],[121,1559],[-298,696],[513,594],[-99,947],[-410,263],[576,825],[210,858],[-423,793],[-705,190],[-1215,-741],[-530,59]],[[31858,73023],[-188,-1111],[279,-351],[50,-2888],[-1263,-37],[-616,-1183],[151,-762],[-299,-939],[-143,-1669],[-517,-59]],[[10511,67126],[-1250,-255],[-704,-653],[-1745,-766],[-299,-581]],[[6513,64871],[-311,56],[-319,58],[-23,24]],[[5860,65009],[74,291],[1529,1732],[300,893],[-48,566]],[[24706,65750],[838,1534],[-195,490],[322,944]],[[6074,68160],[-1499,-1194],[-883,-278],[-1025,478],[-529,-184],[-457,254],[-1037,-124],[-236,-559]],[[408,66553],[170,1009],[918,533],[287,372],[-357,1065],[520,866],[183,1441],[2565,1947],[2061,484],[235,458],[1229,122],[412,-291]],[[5860,65009],[-1605,269]],[[4255,65278],[-1177,210],[-518,214]],[[2560,65702],[-1120,444],[-1032,407]],[[22513,63001],[157,477],[-50,1247],[230,333],[-34,1307],[-356,723],[-119,906],[-1109,-39]],[[17306,60607],[-41,17],[-51,21]],[[17214,60645],[-702,289]],[[16512,60934],[-464,185]],[[16048,61119],[25,1159],[444,585],[43,1135]],[[16560,63998],[434,837],[64,1011],[507,831],[-918,694],[-297,529],[-995,-674]],[[10586,67079],[-246,-1451],[-384,-324],[159,-1557]],[[10115,63747],[-770,393],[-1029,420],[-196,34]],[[8120,64594],[-1607,277]],[[16560,63998],[-1065,-237],[-1173,928],[-584,274],[-1136,-41],[-410,-280],[-133,-889],[-682,-319],[-249,-60],[-177,29],[-36,-68]],[[10915,63335],[-283,146]],[[10632,63481],[-322,166],[-195,100]],[[16048,61119],[-2080,835]],[[13968,61954],[-618,250],[-1082,457],[-281,131]],[[11987,62792],[-661,335],[-411,208]],[[86896,62346],[-416,-533]],[[86480,61813],[-363,-97]],[[86117,61716],[-250,311]],[[92093,62268],[-32,-81],[-24,-81],[5,-51]],[[92042,62055],[-208,-31]],[[91834,62024],[-181,390]],[[91834,62024],[-170,-116]],[[91664,61908],[-162,-18]],[[91502,61890],[65,466]],[[91367,62285],[-150,-413]],[[91217,61872],[-366,-13]],[[90851,61859],[114,461]],[[90851,61859],[-234,11]],[[90617,61870],[27,414]],[[91502,61890],[-203,-10]],[[91299,61880],[-82,-8]],[[90617,61870],[-370,17]],[[90247,61887],[-64,47]],[[87191,62095],[-178,-397]],[[87013,61698],[-236,-150]],[[86777,61548],[-72,-38]],[[86705,61510],[-225,303]],[[92042,62055],[19,-79],[19,-71],[69,-53],[15,-20],[15,-9]],[[92179,61823],[-42,-308]],[[92137,61515],[-437,203]],[[91700,61718],[-36,190]],[[87504,61793],[-491,-95]],[[86117,61716],[160,-195]],[[86277,61521],[-268,-297]],[[86009,61224],[-643,459]],[[91700,61718],[68,-289]],[[91768,61429],[-280,-154]],[[91488,61275],[12,304]],[[91500,61579],[-201,301]],[[90247,61887],[-182,-402]],[[90065,61485],[-248,121]],[[91500,61579],[-339,61]],[[91161,61640],[-328,-9]],[[90833,61631],[18,228]],[[90833,61631],[-768,-146]],[[92179,61823],[109,-123],[5,3],[28,14]],[[92321,61717],[-144,-228]],[[92177,61489],[-40,26]],[[92177,61489],[-125,-189]],[[92052,61300],[-284,129]],[[86705,61510],[-173,-307]],[[86532,61203],[-160,205]],[[86372,61408],[-95,113]],[[87559,61579],[-782,-31]],[[91161,61640],[49,-647]],[[91210,60993],[-197,-32]],[[91013,60961],[-139,334]],[[90874,61295],[-41,336]],[[91488,61275],[146,-147]],[[91634,61128],[-424,-135]],[[90833,61631],[-700,-260]],[[90133,61371],[-68,114]],[[90874,61295],[-122,-373]],[[90752,60922],[-115,99]],[[90637,61021],[-131,-12]],[[90506,61009],[-373,362]],[[86009,61224],[-60,-328]],[[90065,61485],[-390,-166]],[[89675,61319],[-155,182]],[[87710,61503],[-933,45]],[[87967,61349],[-234,-294]],[[87733,61055],[-290,-27]],[[87443,61028],[-420,-34]],[[87023,60994],[-491,209]],[[89675,61319],[-364,-291]],[[89311,61028],[-319,218]],[[90065,61485],[-64,-302]],[[90001,61183],[-47,-322]],[[89954,60861],[-333,27]],[[89621,60888],[-84,77]],[[89537,60965],[138,354]],[[90506,61009],[-437,-208]],[[90069,60801],[-68,382]],[[86372,61408],[-305,-624]],[[91768,61429],[170,-265]],[[91938,61164],[-193,-148]],[[91745,61016],[-111,112]],[[92052,61300],[-114,-136]],[[88589,61374],[43,-248]],[[88632,61126],[-390,51]],[[89311,61028],[53,-126]],[[89364,60902],[5,-33]],[[89369,60869],[-79,-89]],[[89290,60780],[-109,-71]],[[89181,60709],[-710,113]],[[88471,60822],[161,304]],[[86532,61203],[-56,-330]],[[86476,60873],[9,-371]],[[88151,61223],[-130,-72]],[[88021,61151],[-183,-156]],[[87838,60995],[-105,60]],[[89537,60965],[-173,-63]],[[91013,60961],[-261,-39]],[[90069,60801],[-115,60]],[[88471,60822],[-13,-65]],[[88458,60757],[-437,394]],[[87023,60994],[164,-137]],[[87187,60857],[137,-83]],[[87324,60774],[-119,-230]],[[87205,60544],[-729,329]],[[91745,61016],[-248,-348]],[[91497,60668],[-287,325]],[[88458,60757],[10,-53]],[[88468,60704],[-141,-116]],[[88327,60588],[-392,-28]],[[87935,60560],[-253,62]],[[87682,60622],[102,161]],[[87784,60783],[54,212]],[[87443,61028],[-256,-171]],[[91497,60668],[-595,-551]],[[90902,60117],[13,79]],[[90915,60196],[7,216]],[[90922,60412],[-49,64]],[[90873,60476],[53,116]],[[90926,60592],[87,369]],[[87784,60783],[-341,245]],[[90637,61021],[-98,-393]],[[90539,60628],[-540,-186]],[[89999,60442],[-21,36]],[[89978,60478],[-72,231]],[[89906,60709],[48,152]],[[90926,60592],[-224,-135]],[[90702,60457],[-163,171]],[[87682,60622],[-10,-14]],[[87672,60608],[-214,84]],[[87458,60692],[-134,82]],[[89621,60888],[109,-169]],[[89730,60719],[-177,45]],[[89553,60764],[-184,105]],[[89906,60709],[-176,10]],[[87205,60544],[132,12]],[[87337,60556],[-71,-192],[207,-81]],[[87473,60283],[-150,-226]],[[89553,60764],[49,-241]],[[89602,60523],[-112,-140]],[[89490,60383],[-181,132]],[[89309,60515],[-19,265]],[[89181,60709],[-104,-81]],[[89077,60628],[-98,-226]],[[88979,60402],[-511,302]],[[89309,60515],[-128,194]],[[87458,60692],[-121,-136]],[[89978,60478],[-151,-53]],[[89827,60425],[-225,98]],[[89490,60383],[14,-9]],[[89504,60374],[-352,-7]],[[89152,60367],[-75,261]],[[88979,60402],[55,-125]],[[89034,60277],[69,-376]],[[89103,59901],[1,-78]],[[89104,59823],[-146,8]],[[88958,59831],[-195,192]],[[88763,60023],[-181,197]],[[88582,60220],[-294,301]],[[88288,60521],[39,67]],[[87672,60608],[-147,-257]],[[87525,60351],[-52,-68]],[[87473,60283],[-136,273]],[[90702,60457],[-352,-192]],[[90350,60265],[-107,1]],[[90243,60266],[-244,176]],[[89152,60367],[-118,-90]],[[90873,60476],[-131,-121]],[[90742,60355],[-40,102]],[[87935,60560],[124,-272]],[[88059,60288],[-126,-223]],[[87933,60065],[-408,286]],[[88288,60521],[-169,-167]],[[88119,60354],[-60,-66]],[[89827,60425],[0,-285]],[[89827,60140],[-229,0]],[[89598,60140],[-94,234]],[[88582,60220],[25,-394]],[[88607,59826],[-122,-191]],[[88485,59635],[-366,719]],[[90243,60266],[-416,-126]],[[90922,60412],[-180,-57]],[[90902,60117],[-156,-186]],[[90746,59931],[-351,80]],[[90395,60011],[-45,254]],[[90742,60355],[173,-159]],[[89598,60140],[-127,-85]],[[89471,60055],[-368,-154]],[[87700,59804],[233,261]],[[88485,59635],[-114,-126]],[[88371,59509],[-66,-93]],[[88305,59416],[-202,-60]],[[90395,60011],[-59,-112]],[[90336,59899],[132,-350]],[[90468,59549],[-181,-275]],[[90287,59274],[-559,435]],[[89728,59709],[99,431]],[[88763,60023],[-156,-197]],[[89728,59709],[-82,38]],[[89646,59747],[-175,308]],[[89646,59747],[-406,-168]],[[89240,59579],[-136,244]],[[90746,59931],[-126,-206]],[[90620,59725],[-284,174]],[[88958,59831],[-118,-290]],[[88840,59541],[-89,67]],[[88751,59608],[-144,218]],[[90620,59725],[-152,-176]],[[89240,59579],[47,-189]],[[89287,59390],[-92,-95]],[[89195,59295],[-389,122]],[[88806,59417],[34,124]],[[88751,59608],[-78,-206]],[[88673,59402],[-302,107]],[[90287,59274],[-605,-547]],[[89682,58727],[-265,118]],[[89417,58845],[-130,545]],[[88336,59075],[191,124]],[[88527,59199],[146,203]],[[88806,59417],[-189,-588]],[[88527,59199],[-222,217]],[[89195,59295],[-359,-454]],[[89417,58845],[-26,-190]],[[89391,58655],[-241,-280]],[[89682,58727],[-82,-172]],[[89600,58555],[-209,100]],[[89600,58555],[-236,-400]],[[92550,62112],[-229,-395]],[[2560,65702],[103,-162],[199,-176],[-239,-79],[-215,-438],[-1583,-657]],[[825,64190],[-176,730],[-619,387],[-30,482],[408,764]],[[4255,65278],[-203,-862],[157,-1605],[433,-372],[177,-668],[-304,-821],[-409,-291]],[[4106,60659],[-880,162],[-1168,-90],[582,968],[-1021,1453],[-518,304],[-276,734]],[[8120,64594],[-1065,-1779],[-1181,-627],[-482,-1698],[57,-1061]],[[5449,59429],[-779,268],[-564,962]],[[10632,63481],[-757,-1100],[-1100,-54],[-627,-734],[-11,-391],[-901,-666],[-149,-556]],[[7087,59980],[-201,-367],[-1437,-184]],[[11987,62792],[-1441,-936],[-879,-1686],[29,-821],[-490,-648],[-864,-34]],[[8342,58667],[-203,2197],[-1052,-884]],[[13968,61954],[-707,-368],[-428,-748],[79,-660],[-465,-279],[-473,-726],[-717,-652]],[[11257,58521],[-58,-9]],[[11199,58512],[-672,-684]],[[10527,57828],[-1169,-392],[-16,445],[-949,-115]],[[8393,57766],[-51,901]],[[16512,60934],[-998,-1097],[-60,-601]],[[15454,59236],[82,-541]],[[15536,58695],[-373,-506]],[[15163,58189],[-68,858],[-558,102],[-959,-509],[-223,610],[-805,-563],[-1293,-166]],[[17214,60645],[-304,-380],[-1041,-468],[-415,-561]],[[17757,60421],[-1249,-1222],[-349,28],[-623,-532]],[[15163,58189],[-590,94],[-522,-842],[-697,-403]],[[13354,57038],[-173,524],[-637,84],[-117,690],[-1228,176]],[[13354,57038],[-2101,328]],[[11253,57366],[-726,462]],[[11253,57366],[-1127,-49],[-594,-354],[-656,-36],[-483,839]],[[99994,74767],[5,-69],[-81,-10],[19,56],[57,23]],[[45038,13367],[148,427],[-532,336]],[[44654,14130],[77,174]],[[63947,84498],[97,291],[31,-1],[20,-20],[43,-41],[98,161],[8,8]],[[64244,84896],[716,-126],[9,-396]],[[63837,84893],[407,3]],[[92773,65008],[703,-178]],[[93476,64830],[8,-300]],[[93442,65176],[-76,-225],[26,-24],[73,-20]],[[93465,64907],[11,-77]],[[93489,65237],[-24,-330]],[[47717,20343],[-342,168]],[[44514,13999],[25,41],[55,53],[60,37]]],"transform":{"scale":[45.55176496906651,42.87727169566263],"translate":[-2172637.2725703595,-2384872.288456086]},"objects":{"municipios_albers_pos_quant":{"type":"GeometryCollection","geometries":[{"arcs":[[0,1,2,3]],"type":"Polygon","properties":{"CD_MUN":"3540408","NM_MUN":"Populina","SIGLA_UF":"SP"}},{"arcs":[[-2,4,5,6,7,8,9]],"type":"Polygon","properties":{"CD_MUN":"3518008","NM_MUN":"Guarani d'Oeste","SIGLA_UF":"SP"}},{"arcs":[[-4,10,11,12,13,14,15]],"type":"Polygon","properties":{"CD_MUN":"3535903","NM_MUN":"Paranapuã","SIGLA_UF":"SP"}},{"arcs":[[-6,16,17,18]],"type":"Polygon","properties":{"CD_MUN":"3520707","NM_MUN":"Indiaporã","SIGLA_UF":"SP"}},{"arcs":[[-18,19,20,21,22]],"type":"Polygon","properties":{"CD_MUN":"3530003","NM_MUN":"Mira Estrela","SIGLA_UF":"SP"}},{"arcs":[[-15,23,24,25]],"type":"Polygon","properties":{"CD_MUN":"3545704","NM_MUN":"Santa Albertina","SIGLA_UF":"SP"}},{"arcs":[[-22,26,27,28,29,30,31]],"type":"Polygon","properties":{"CD_MUN":"3510708","NM_MUN":"Cardoso","SIGLA_UF":"SP"}},{"arcs":[[32,33,34,35,36]],"type":"Polygon","properties":{"CD_MUN":"3536604","NM_MUN":"Paulo de Faria","SIGLA_UF":"SP"}},{"arcs":[[-28,37,38,-37,39,40]],"type":"Polygon","properties":{"CD_MUN":"3544202","NM_MUN":"Riolândia","SIGLA_UF":"SP"}},{"arcs":[[-25,41,42,43,44,45,46]],"type":"Polygon","properties":{"CD_MUN":"3547403","NM_MUN":"Santa Rita d'Oeste","SIGLA_UF":"SP"}},{"arcs":[[-46,47,48,49,50]],"type":"Polygon","properties":{"CD_MUN":"3546108","NM_MUN":"Santa Clara d'Oeste","SIGLA_UF":"SP"}},{"arcs":[[-3,-10,51,52,53,-11]],"type":"Polygon","properties":{"CD_MUN":"3555307","NM_MUN":"Turmalina","SIGLA_UF":"SP"}},{"arcs":[[-7,-19,-23,-32,54,55]],"type":"Polygon","properties":{"CD_MUN":"3528205","NM_MUN":"Macedônia","SIGLA_UF":"SP"}},{"arcs":[[-12,-54,56]],"type":"Polygon","properties":{"CD_MUN":"3514205","NM_MUN":"Dolcinópolis","SIGLA_UF":"SP"}},{"arcs":[[57,58,59,60]],"type":"Polygon","properties":{"CD_MUN":"3543600","NM_MUN":"Rifaina","SIGLA_UF":"SP"}},{"arcs":[[-60,61,62,63,64,65]],"type":"Polygon","properties":{"CD_MUN":"3520103","NM_MUN":"Igarapava","SIGLA_UF":"SP"}},{"arcs":[[-14,66,67,68,69,-42,-24]],"type":"Polygon","properties":{"CD_MUN":"3555802","NM_MUN":"Urânia","SIGLA_UF":"SP"}},{"arcs":[[-29,-41,70,71]],"type":"Polygon","properties":{"CD_MUN":"3540309","NM_MUN":"Pontes Gestal","SIGLA_UF":"SP"}},{"arcs":[[-49,72,73,74,75]],"type":"Polygon","properties":{"CD_MUN":"3544509","NM_MUN":"Rubinéia","SIGLA_UF":"SP"}},{"arcs":[[76,77,78,79,80,81,82]],"type":"Polygon","properties":{"CD_MUN":"3529708","NM_MUN":"Miguelópolis","SIGLA_UF":"SP"}},{"arcs":[[-8,-56,83,84,85,86,87]],"type":"Polygon","properties":{"CD_MUN":"3515509","NM_MUN":"Fernandópolis","SIGLA_UF":"SP"}},{"arcs":[[-59,88,89,90,91,92,93,-62]],"type":"Polygon","properties":{"CD_MUN":"3537008","NM_MUN":"Pedregulho","SIGLA_UF":"SP"}},{"arcs":[[-31,94,95,96,-84,-55]],"type":"Polygon","properties":{"CD_MUN":"3536901","NM_MUN":"Pedranópolis","SIGLA_UF":"SP"}},{"arcs":[[-9,-88,97,98,-52]],"type":"Polygon","properties":{"CD_MUN":"3515202","NM_MUN":"Estrela d'Oeste","SIGLA_UF":"SP"}},{"arcs":[[-45,99,100,-73,-48]],"type":"Polygon","properties":{"CD_MUN":"3546603","NM_MUN":"Santa Fé do Sul","SIGLA_UF":"SP"}},{"arcs":[[-13,-57,-53,-99,101,102,103,104,-67]],"type":"Polygon","properties":{"CD_MUN":"3524808","NM_MUN":"Jales","SIGLA_UF":"SP"}},{"arcs":[[-64,105,106,-77,107]],"type":"Polygon","properties":{"CD_MUN":"3503000","NM_MUN":"Aramina","SIGLA_UF":"SP"}},{"arcs":[[-35,108,109,110,111,112]],"type":"Polygon","properties":{"CD_MUN":"3534203","NM_MUN":"Orindiúva","SIGLA_UF":"SP"}},{"arcs":[[-43,-70,113,114]],"type":"Polygon","properties":{"CD_MUN":"3547205","NM_MUN":"Santana da Ponte Pensa","SIGLA_UF":"SP"}},{"arcs":[[-44,-115,115,116,-100]],"type":"Polygon","properties":{"CD_MUN":"3554904","NM_MUN":"Três Fronteiras","SIGLA_UF":"SP"}},{"arcs":[[-80,117,118,119,120,121,122]],"type":"Polygon","properties":{"CD_MUN":"3517406","NM_MUN":"Guaíra","SIGLA_UF":"SP"}},{"arcs":[[-30,123,124,125]],"type":"Polygon","properties":{"CD_MUN":"3501202","NM_MUN":"Álvares Florence","SIGLA_UF":"SP"}},{"arcs":[[126,127,128,129,130,131]],"type":"Polygon","properties":{"CD_MUN":"3517901","NM_MUN":"Guaraci","SIGLA_UF":"SP"}},{"arcs":[[-36,-113,132,133,134,135,136,-71,-40]],"type":"Polygon","properties":{"CD_MUN":"3535002","NM_MUN":"Palestina","SIGLA_UF":"SP"}},{"arcs":[[-95,-126,137,138,139,140,141,142]],"type":"Polygon","properties":{"CD_MUN":"3557105","NM_MUN":"Votuporanga","SIGLA_UF":"SP"}},{"arcs":[[-121,143,144,145]],"type":"Polygon","properties":{"CD_MUN":"3512100","NM_MUN":"Colômbia","SIGLA_UF":"SP"}},{"arcs":[[-63,-94,146,147,-106]],"type":"Polygon","properties":{"CD_MUN":"3508207","NM_MUN":"Buritizal","SIGLA_UF":"SP"}},{"arcs":[[-72,-137,148,-124]],"type":"Polygon","properties":{"CD_MUN":"3501806","NM_MUN":"Américo de Campos","SIGLA_UF":"SP"}},{"arcs":[[-78,-107,-148,149,150,151,152,153]],"type":"Polygon","properties":{"CD_MUN":"3524105","NM_MUN":"Ituverava","SIGLA_UF":"SP"}},{"arcs":[[-75,154,155,156,157,158,159,160,161]],"type":"Polygon","properties":{"CD_MUN":"3537404","NM_MUN":"Pereira Barreto","SIGLA_UF":"SP"}},{"arcs":[[-125,-149,-136,162,163,-138]],"type":"Polygon","properties":{"CD_MUN":"3512902","NM_MUN":"Cosmorama","SIGLA_UF":"SP"}},{"arcs":[[-111,164,-131,165,166]],"type":"Polygon","properties":{"CD_MUN":"3519808","NM_MUN":"Icém","SIGLA_UF":"SP"}},{"arcs":[[-68,-105,167,168]],"type":"Polygon","properties":{"CD_MUN":"3549003","NM_MUN":"São Francisco","SIGLA_UF":"SP"}},{"arcs":[[-96,-143,169,170]],"type":"Polygon","properties":{"CD_MUN":"3556107","NM_MUN":"Valentim Gentil","SIGLA_UF":"SP"}},{"arcs":[[-85,-97,-171,171,172]],"type":"Polygon","properties":{"CD_MUN":"3529609","NM_MUN":"Meridiano","SIGLA_UF":"SP"}},{"arcs":[[-69,-169,173,174,175,176,177,-116,-114]],"type":"Polygon","properties":{"CD_MUN":"3535200","NM_MUN":"Palmeira d'Oeste","SIGLA_UF":"SP"}},{"arcs":[[-112,-167,178,179,180,181,-133]],"type":"Polygon","properties":{"CD_MUN":"3533007","NM_MUN":"Nova Granada","SIGLA_UF":"SP"}},{"arcs":[[-87,182,-102,-98]],"type":"Polygon","properties":{"CD_MUN":"3549201","NM_MUN":"São João das Duas Pontes","SIGLA_UF":"SP"}},{"arcs":[[-135,183,184,185,186,-163]],"type":"Polygon","properties":{"CD_MUN":"3553401","NM_MUN":"Tanabi","SIGLA_UF":"SP"}},{"arcs":[[-120,187,188,189,190,191,-128,192,-144]],"type":"Polygon","properties":{"CD_MUN":"3505500","NM_MUN":"Barretos","SIGLA_UF":"SP"}},{"arcs":[[-79,-154,193,194,195,-118]],"type":"Polygon","properties":{"CD_MUN":"3521309","NM_MUN":"Ipuã","SIGLA_UF":"SP"}},{"arcs":[[-93,196,197,-150,-147]],"type":"Polygon","properties":{"CD_MUN":"3525409","NM_MUN":"Jeriquara","SIGLA_UF":"SP"}},{"arcs":[[-92,198,199,200,-197]],"type":"Polygon","properties":{"CD_MUN":"3513207","NM_MUN":"Cristais Paulista","SIGLA_UF":"SP"}},{"arcs":[[-74,-101,-117,-178,201,202,-155]],"type":"Polygon","properties":{"CD_MUN":"3502606","NM_MUN":"Aparecida d'Oeste","SIGLA_UF":"SP"}},{"arcs":[[-177,203,-202]],"type":"Polygon","properties":{"CD_MUN":"3529104","NM_MUN":"Marinópolis","SIGLA_UF":"SP"}},{"arcs":[[-130,204,205,206,-179,-166]],"type":"Polygon","properties":{"CD_MUN":"3500907","NM_MUN":"Altair","SIGLA_UF":"SP"}},{"arcs":[[-160,207,208,209]],"type":"Polygon","properties":{"CD_MUN":"3523008","NM_MUN":"Itapura","SIGLA_UF":"SP"}},{"arcs":[[-153,210,211,212,-194]],"type":"Polygon","properties":{"CD_MUN":"3517703","NM_MUN":"Guará","SIGLA_UF":"SP"}},{"arcs":[[-86,-173,213,214,215,216,217,-103,-183]],"type":"Polygon","properties":{"CD_MUN":"3516903","NM_MUN":"General Salgado","SIGLA_UF":"SP"}},{"arcs":[[-151,-198,-201,218,219]],"type":"Polygon","properties":{"CD_MUN":"3543105","NM_MUN":"Ribeirão Corrente","SIGLA_UF":"SP"}},{"arcs":[[-142,220,221,-214,-172,-170]],"type":"Polygon","properties":{"CD_MUN":"3528304","NM_MUN":"Magda","SIGLA_UF":"SP"}},{"arcs":[[-104,-218,222,223,-174,-168]],"type":"Polygon","properties":{"CD_MUN":"3504206","NM_MUN":"Auriflama","SIGLA_UF":"SP"}},{"arcs":[[-195,-213,224,225,226]],"type":"Polygon","properties":{"CD_MUN":"3549409","NM_MUN":"São Joaquim da Barra","SIGLA_UF":"SP"}},{"arcs":[[-200,227,228,229,230,231,232,-219]],"type":"Polygon","properties":{"CD_MUN":"3516200","NM_MUN":"Franca","SIGLA_UF":"SP"}},{"arcs":[[-119,-196,-227,233,234,235,236,237,238,239,-188]],"type":"Polygon","properties":{"CD_MUN":"3531902","NM_MUN":"Morro Agudo","SIGLA_UF":"SP"}},{"arcs":[[-134,-182,240,241,242,-184]],"type":"Polygon","properties":{"CD_MUN":"3530409","NM_MUN":"Mirassolândia","SIGLA_UF":"SP"}},{"arcs":[[-175,-224,243,244]],"type":"Polygon","properties":{"CD_MUN":"3518909","NM_MUN":"Guzolândia","SIGLA_UF":"SP"}},{"arcs":[[-141,245,246,-221]],"type":"Polygon","properties":{"CD_MUN":"3515905","NM_MUN":"Floreal","SIGLA_UF":"SP"}},{"arcs":[[-140,247,248,249,250,251,-246]],"type":"Polygon","properties":{"CD_MUN":"3532603","NM_MUN":"Nhandeara","SIGLA_UF":"SP"}},{"arcs":[[-156,-203,-204,-176,-245,252]],"type":"Polygon","properties":{"CD_MUN":"3552304","NM_MUN":"Sud Mennucci","SIGLA_UF":"SP"}},{"arcs":[[-152,-220,-233,253,254,255,-211]],"type":"Polygon","properties":{"CD_MUN":"3549508","NM_MUN":"São José da Bela Vista","SIGLA_UF":"SP"}},{"arcs":[[-180,-207,256,257]],"type":"Polygon","properties":{"CD_MUN":"3534005","NM_MUN":"Onda Verde","SIGLA_UF":"SP"}},{"arcs":[[-181,-258,258,259,260,261,-241]],"type":"Polygon","properties":{"CD_MUN":"3549805","NM_MUN":"São José do Rio Preto","SIGLA_UF":"SP"}},{"arcs":[[-139,-164,-187,262,-248]],"type":"Polygon","properties":{"CD_MUN":"3551306","NM_MUN":"Sebastianópolis do Sul","SIGLA_UF":"SP"}},{"arcs":[[-129,-192,263,264,265,266,267,-205]],"type":"Polygon","properties":{"CD_MUN":"3533908","NM_MUN":"Olímpia","SIGLA_UF":"SP"}},{"arcs":[[-209,268,269,270,271,272]],"type":"Polygon","properties":{"CD_MUN":"3511003","NM_MUN":"Castilho","SIGLA_UF":"SP"}},{"arcs":[[-186,273,274,275,276,277,278,279,-249,-263]],"type":"Polygon","properties":{"CD_MUN":"3531407","NM_MUN":"Monte Aprazível","SIGLA_UF":"SP"}},{"arcs":[[-189,-240,280,281]],"type":"Polygon","properties":{"CD_MUN":"3524204","NM_MUN":"Jaborandi","SIGLA_UF":"SP"}},{"arcs":[[-230,282,283,284,285,286,287]],"type":"Polygon","properties":{"CD_MUN":"3536307","NM_MUN":"Patrocínio Paulista","SIGLA_UF":"SP"}},{"arcs":[[-206,-268,288,289,-259,-257]],"type":"Polygon","properties":{"CD_MUN":"3517505","NM_MUN":"Guapiaçu","SIGLA_UF":"SP"}},{"arcs":[[-159,290,291,292,-269,-208]],"type":"Polygon","properties":{"CD_MUN":"3502101","NM_MUN":"Andradina","SIGLA_UF":"SP"}},{"arcs":[[-185,-243,293,294,-274]],"type":"Polygon","properties":{"CD_MUN":"3504800","NM_MUN":"Bálsamo","SIGLA_UF":"SP"}},{"arcs":[[-232,295,-254]],"type":"Polygon","properties":{"CD_MUN":"3542701","NM_MUN":"Restinga","SIGLA_UF":"SP"}},{"arcs":[[-212,-256,296,297,298,-225]],"type":"Polygon","properties":{"CD_MUN":"3533601","NM_MUN":"Nuporanga","SIGLA_UF":"SP"}},{"arcs":[[-226,-299,299,-234]],"type":"Polygon","properties":{"CD_MUN":"3534302","NM_MUN":"Orlândia","SIGLA_UF":"SP"}},{"arcs":[[-157,-253,-244,-223,-217,300,301,302,303,304,305,306,307,308]],"type":"Polygon","properties":{"CD_MUN":"3502804","NM_MUN":"Araçatuba","SIGLA_UF":"SP"}},{"arcs":[[-285,309,310]],"type":"Polygon","properties":{"CD_MUN":"3523701","NM_MUN":"Itirapuã","SIGLA_UF":"SP"}},{"arcs":[[-190,-282,311,312,313,314]],"type":"Polygon","properties":{"CD_MUN":"3512001","NM_MUN":"Colina","SIGLA_UF":"SP"}},{"arcs":[[-279,315]],"type":"Polygon","properties":{"CD_MUN":"3539905","NM_MUN":"Poloni","SIGLA_UF":"SP"}},{"arcs":[[-242,-262,316,317,318,319,-294]],"type":"Polygon","properties":{"CD_MUN":"3530300","NM_MUN":"Mirassol","SIGLA_UF":"SP"}},{"arcs":[[-250,-280,-316,-278,320,321,322,323]],"type":"Polygon","properties":{"CD_MUN":"3528106","NM_MUN":"Macaubal","SIGLA_UF":"SP"}},{"arcs":[[-215,-222,-247,-252,324,325]],"type":"Polygon","properties":{"CD_MUN":"3516804","NM_MUN":"Gastão Vidigal","SIGLA_UF":"SP"}},{"arcs":[[-239,326,327,-312,-281]],"type":"Polygon","properties":{"CD_MUN":"3554409","NM_MUN":"Terra Roxa","SIGLA_UF":"SP"}},{"arcs":[[-191,-315,328,329,-264]],"type":"Polygon","properties":{"CD_MUN":"3551900","NM_MUN":"Severínia","SIGLA_UF":"SP"}},{"arcs":[[-231,-288,330,331,332,333,-297,-255,-296]],"type":"Polygon","properties":{"CD_MUN":"3505906","NM_MUN":"Batatais","SIGLA_UF":"SP"}},{"arcs":[[-275,-295,-320,334,335,336]],"type":"Polygon","properties":{"CD_MUN":"3532504","NM_MUN":"Neves Paulista","SIGLA_UF":"SP"}},{"arcs":[[-235,-300,-298,-334,337,338]],"type":"Polygon","properties":{"CD_MUN":"3544905","NM_MUN":"Sales Oliveira","SIGLA_UF":"SP"}},{"arcs":[[-267,339,340,341,342,-289]],"type":"Polygon","properties":{"CD_MUN":"3555604","NM_MUN":"Uchoa","SIGLA_UF":"SP"}},{"arcs":[[-251,-324,343,-325]],"type":"Polygon","properties":{"CD_MUN":"3531001","NM_MUN":"Monções","SIGLA_UF":"SP"}},{"arcs":[[-158,344,345,346,347]],"type":"Polygon","properties":{"CD_MUN":"3530102","NM_MUN":"Mirandópolis","SIGLA_UF":"SP"}},{"arcs":[[-291,-348,348,349,350]],"type":"Polygon","properties":{"CD_MUN":"3517802","NM_MUN":"Guaraçaí","SIGLA_UF":"SP"}},{"arcs":[[-216,-326,351,-301]],"type":"Polygon","properties":{"CD_MUN":"3533304","NM_MUN":"Nova Luzitânia","SIGLA_UF":"SP"}},{"arcs":[[-313,-328,352,353,354,355,356,357]],"type":"Polygon","properties":{"CD_MUN":"3506102","NM_MUN":"Bebedouro","SIGLA_UF":"SP"}},{"arcs":[[-292,-351,358]],"type":"Polygon","properties":{"CD_MUN":"3532108","NM_MUN":"Murutinga do Sul","SIGLA_UF":"SP"}},{"arcs":[[-266,359,360,361,-340]],"type":"Polygon","properties":{"CD_MUN":"3552601","NM_MUN":"Tabapuã","SIGLA_UF":"SP"}},{"arcs":[[-260,-290,-343,362,363,364]],"type":"Polygon","properties":{"CD_MUN":"3511300","NM_MUN":"Cedral","SIGLA_UF":"SP"}},{"arcs":[[-276,-337,365,366,367]],"type":"Polygon","properties":{"CD_MUN":"3532702","NM_MUN":"Nipoã","SIGLA_UF":"SP"}},{"arcs":[[-265,-330,368,369,370,-360]],"type":"Polygon","properties":{"CD_MUN":"3509304","NM_MUN":"Cajobi","SIGLA_UF":"SP"}},{"arcs":[[-277,-368,371,-321]],"type":"Polygon","properties":{"CD_MUN":"3555703","NM_MUN":"União Paulista","SIGLA_UF":"SP"}},{"arcs":[[-314,-358,372,373,-369,-329]],"type":"Polygon","properties":{"CD_MUN":"3531506","NM_MUN":"Monte Azul Paulista","SIGLA_UF":"SP"}},{"arcs":[[-238,374,-353,-327]],"type":"Polygon","properties":{"CD_MUN":"3556800","NM_MUN":"Viradouro","SIGLA_UF":"SP"}},{"arcs":[[-302,-352,-344,-323,375,376]],"type":"Polygon","properties":{"CD_MUN":"3555208","NM_MUN":"Turiúba","SIGLA_UF":"SP"}},{"arcs":[[-319,377,378,-335]],"type":"Polygon","properties":{"CD_MUN":"3524501","NM_MUN":"Jaci","SIGLA_UF":"SP"}},{"arcs":[[-287,379,380,381,382,383,384,-331]],"type":"Polygon","properties":{"CD_MUN":"3501004","NM_MUN":"Altinópolis","SIGLA_UF":"SP"}},{"arcs":[[-309,385,386,387,-345]],"type":"Polygon","properties":{"CD_MUN":"3526506","NM_MUN":"Lavínia","SIGLA_UF":"SP"}},{"arcs":[[-261,-365,388,389,-317]],"type":"Polygon","properties":{"CD_MUN":"3504602","NM_MUN":"Bady Bassitt","SIGLA_UF":"SP"}},{"arcs":[[-322,-372,-367,390,391,392,393,-376]],"type":"Polygon","properties":{"CD_MUN":"3539608","NM_MUN":"Planalto","SIGLA_UF":"SP"}},{"arcs":[[-308,394,395,396,397,398,-386]],"type":"Polygon","properties":{"CD_MUN":"3556305","NM_MUN":"Valparaíso","SIGLA_UF":"SP"}},{"arcs":[[-237,399,400,401,402,-354,-375]],"type":"Polygon","properties":{"CD_MUN":"3539509","NM_MUN":"Pitangueiras","SIGLA_UF":"SP"}},{"arcs":[[-236,-339,403,404,-400]],"type":"Polygon","properties":{"CD_MUN":"3540200","NM_MUN":"Pontal","SIGLA_UF":"SP"}},{"arcs":[[-336,-379,405,406,407,408,409,-391,-366]],"type":"Polygon","properties":{"CD_MUN":"3525706","NM_MUN":"José Bonifácio","SIGLA_UF":"SP"}},{"arcs":[[-333,410,411,412,-404,-338]],"type":"Polygon","properties":{"CD_MUN":"3525102","NM_MUN":"Jardinópolis","SIGLA_UF":"SP"}},{"arcs":[[-318,-390,413,414,-406,-378]],"type":"Polygon","properties":{"CD_MUN":"3532801","NM_MUN":"Nova Aliança","SIGLA_UF":"SP"}},{"arcs":[[-370,-374,415,416,417]],"type":"Polygon","properties":{"CD_MUN":"3535705","NM_MUN":"Paraíso","SIGLA_UF":"SP"}},{"arcs":[[-307,418,419,420,421,422,423,-395]],"type":"Polygon","properties":{"CD_MUN":"3518206","NM_MUN":"Guararapes","SIGLA_UF":"SP"}},{"arcs":[[-303,-377,-394,424,425,426]],"type":"Polygon","properties":{"CD_MUN":"3508108","NM_MUN":"Buritama","SIGLA_UF":"SP"}},{"arcs":[[-364,427,428,429,430,-414,-389]],"type":"Polygon","properties":{"CD_MUN":"3540804","NM_MUN":"Potirendaba","SIGLA_UF":"SP"}},{"arcs":[[-342,431,432,433,-428,-363]],"type":"Polygon","properties":{"CD_MUN":"3519402","NM_MUN":"Ibirá","SIGLA_UF":"SP"}},{"arcs":[[-332,-385,434,435,-411]],"type":"Polygon","properties":{"CD_MUN":"3507803","NM_MUN":"Brodowski","SIGLA_UF":"SP"}},{"arcs":[[-272,436,437,438,439,440]],"type":"Polygon","properties":{"CD_MUN":"3536406","NM_MUN":"Paulicéia","SIGLA_UF":"SP"}},{"arcs":[[-270,-293,-359,-350,441,442]],"type":"Polygon","properties":{"CD_MUN":"3533205","NM_MUN":"Nova Independência","SIGLA_UF":"SP"}},{"arcs":[[-341,-362,443,-432]],"type":"Polygon","properties":{"CD_MUN":"3511201","NM_MUN":"Catiguá","SIGLA_UF":"SP"}},{"arcs":[[-361,-371,-418,444,445,446,447,-433,-444]],"type":"Polygon","properties":{"CD_MUN":"3511102","NM_MUN":"Catanduva","SIGLA_UF":"SP"}},{"arcs":[[-357,448,449,450,451,-416,-373]],"type":"Polygon","properties":{"CD_MUN":"3539004","NM_MUN":"Pirangi","SIGLA_UF":"SP"}},{"arcs":[[-381,452,453,454,455,456]],"type":"Polygon","properties":{"CD_MUN":"3547908","NM_MUN":"Santo Antônio da Alegria","SIGLA_UF":"SP"}},{"arcs":[[-401,-405,-413,457,458,459,460]],"type":"Polygon","properties":{"CD_MUN":"3551702","NM_MUN":"Sertãozinho","SIGLA_UF":"SP"}},{"arcs":[[-304,-427,461,462]],"type":"Polygon","properties":{"CD_MUN":"3506508","NM_MUN":"Birigui","SIGLA_UF":"SP"}},{"arcs":[[-417,-452,463,464,-445]],"type":"Polygon","properties":{"CD_MUN":"3535101","NM_MUN":"Palmares Paulista","SIGLA_UF":"SP"}},{"arcs":[[-426,465,466,467,468,-462]],"type":"Polygon","properties":{"CD_MUN":"3512506","NM_MUN":"Coroados","SIGLA_UF":"SP"}},{"arcs":[[-402,-461,469,470,471,472,473,474]],"type":"Polygon","properties":{"CD_MUN":"3524303","NM_MUN":"Jaboticabal","SIGLA_UF":"SP"}},{"arcs":[[-443,475,476,477,478]],"type":"Polygon","properties":{"CD_MUN":"3531605","NM_MUN":"Monte Castelo","SIGLA_UF":"SP"}},{"arcs":[[-355,-403,-475,479,480]],"type":"Polygon","properties":{"CD_MUN":"3553203","NM_MUN":"Taiúva","SIGLA_UF":"SP"}},{"arcs":[[-356,-481,481,482,-449]],"type":"Polygon","properties":{"CD_MUN":"3553104","NM_MUN":"Taiaçu","SIGLA_UF":"SP"}},{"arcs":[[-271,-479,483,484,-437]],"type":"Polygon","properties":{"CD_MUN":"3549300","NM_MUN":"São João do Pau d'Alho","SIGLA_UF":"SP"}},{"arcs":[[-412,-436,485,486,487,488,489,490,491,492,-458]],"type":"Polygon","properties":{"CD_MUN":"3543402","NM_MUN":"Ribeirão Preto","SIGLA_UF":"SP"}},{"arcs":[[-393,493,494,-466,-425]],"type":"Polygon","properties":{"CD_MUN":"3517109","NM_MUN":"Glicério","SIGLA_UF":"SP"}},{"arcs":[[-446,-465,495,496,497]],"type":"Polygon","properties":{"CD_MUN":"3538105","NM_MUN":"Pindorama","SIGLA_UF":"SP"}},{"arcs":[[-407,-415,-431,498,499,500]],"type":"Polygon","properties":{"CD_MUN":"3529500","NM_MUN":"Mendonça","SIGLA_UF":"SP"}},{"arcs":[[-451,501,502,503,504,-496,-464]],"type":"Polygon","properties":{"CD_MUN":"3503703","NM_MUN":"Ariranha","SIGLA_UF":"SP"}},{"arcs":[[-429,-434,-448,505,506,507]],"type":"Polygon","properties":{"CD_MUN":"3556008","NM_MUN":"Urupês","SIGLA_UF":"SP"}},{"arcs":[[-396,-424,508,509]],"type":"Polygon","properties":{"CD_MUN":"3506201","NM_MUN":"Bento de Abreu","SIGLA_UF":"SP"}},{"arcs":[[-450,-483,510,-502]],"type":"Polygon","properties":{"CD_MUN":"3556909","NM_MUN":"Vista Alegre do Alto","SIGLA_UF":"SP"}},{"arcs":[[-423,511,512,-509]],"type":"Polygon","properties":{"CD_MUN":"3544400","NM_MUN":"Rubiácea","SIGLA_UF":"SP"}},{"arcs":[[-382,-457,513,514,515,516,517,518]],"type":"Polygon","properties":{"CD_MUN":"3509403","NM_MUN":"Cajuru","SIGLA_UF":"SP"}},{"arcs":[[-430,-508,519,520,-499]],"type":"Polygon","properties":{"CD_MUN":"3521507","NM_MUN":"Irapuã","SIGLA_UF":"SP"}},{"arcs":[[-438,-485,521,522,523,524]],"type":"Polygon","properties":{"CD_MUN":"3547106","NM_MUN":"Santa Mercedes","SIGLA_UF":"SP"}},{"arcs":[[-349,525,526,527,528,529,530,-476,-442]],"type":"Polygon","properties":{"CD_MUN":"3526001","NM_MUN":"Junqueirópolis","SIGLA_UF":"SP"}},{"arcs":[[-392,531,532,533,534,-494]],"type":"Polygon","properties":{"CD_MUN":"3537305","NM_MUN":"Penápolis","SIGLA_UF":"SP"}},{"arcs":[[-474,535,536,537,-503,-511,-482,-480]],"type":"Polygon","properties":{"CD_MUN":"3531308","NM_MUN":"Monte Alto","SIGLA_UF":"SP"}},{"arcs":[[-408,-501,538,539,540]],"type":"Polygon","properties":{"CD_MUN":"3500204","NM_MUN":"Adolfo","SIGLA_UF":"SP"}},{"arcs":[[-447,-498,541,542,543,544,-506]],"type":"Polygon","properties":{"CD_MUN":"3521903","NM_MUN":"Itajobi","SIGLA_UF":"SP"}},{"arcs":[[-460,545,-492,546,-470]],"type":"Polygon","properties":{"CD_MUN":"3505609","NM_MUN":"Barrinha","SIGLA_UF":"SP"}},{"arcs":[[-384,547,548,-486,-435]],"type":"Polygon","properties":{"CD_MUN":"3551504","NM_MUN":"Serrana","SIGLA_UF":"SP"}},{"arcs":[[-410,549,550,-532]],"type":"Polygon","properties":{"CD_MUN":"3505104","NM_MUN":"Barbosa","SIGLA_UF":"SP"}},{"arcs":[[-500,-521,551,552,-539]],"type":"Polygon","properties":{"CD_MUN":"3544806","NM_MUN":"Sales","SIGLA_UF":"SP"}},{"arcs":[[-459,-493,-546]],"type":"Polygon","properties":{"CD_MUN":"3514601","NM_MUN":"Dumont","SIGLA_UF":"SP"}},{"arcs":[[-497,-505,553,554,-542]],"type":"Polygon","properties":{"CD_MUN":"3545605","NM_MUN":"Santa Adélia","SIGLA_UF":"SP"}},{"arcs":[[-478,555,-522,-484]],"type":"Polygon","properties":{"CD_MUN":"3533106","NM_MUN":"Nova Guataporanga","SIGLA_UF":"SP"}},{"arcs":[[-504,-538,556,557,558,-554]],"type":"Polygon","properties":{"CD_MUN":"3515608","NM_MUN":"Fernando Prestes","SIGLA_UF":"SP"}},{"arcs":[[-347,559,560,-526]],"type":"Polygon","properties":{"CD_MUN":"3521606","NM_MUN":"Irapuru","SIGLA_UF":"SP"}},{"arcs":[[-487,-549,561,562,563]],"type":"Polygon","properties":{"CD_MUN":"3513108","NM_MUN":"Cravinhos","SIGLA_UF":"SP"}},{"arcs":[[-383,-519,564,-562,-548]],"type":"Polygon","properties":{"CD_MUN":"3551405","NM_MUN":"Serra Azul","SIGLA_UF":"SP"}},{"arcs":[[-456,565,566,-514]],"type":"Polygon","properties":{"CD_MUN":"3510906","NM_MUN":"Cássia dos Coqueiros","SIGLA_UF":"SP"}},{"arcs":[[-409,-541,567,568,569,570,571,-550]],"type":"Polygon","properties":{"CD_MUN":"3541604","NM_MUN":"Promissão","SIGLA_UF":"SP"}},{"arcs":[[-477,-531,572,573,-523,-556]],"type":"Polygon","properties":{"CD_MUN":"3555109","NM_MUN":"Tupi Paulista","SIGLA_UF":"SP"}},{"arcs":[[-346,-388,574,575,-560]],"type":"Polygon","properties":{"CD_MUN":"3534906","NM_MUN":"Pacaembu","SIGLA_UF":"SP"}},{"arcs":[[-305,-463,-469,576,577]],"type":"Polygon","properties":{"CD_MUN":"3506409","NM_MUN":"Bilac","SIGLA_UF":"SP"}},{"arcs":[[-439,-525,578,579,580,581,582]],"type":"Polygon","properties":{"CD_MUN":"3535408","NM_MUN":"Panorama","SIGLA_UF":"SP"}},{"arcs":[[-507,-545,583,584,585,586,587,588,-552,-520]],"type":"Polygon","properties":{"CD_MUN":"3533502","NM_MUN":"Novo Horizonte","SIGLA_UF":"SP"}},{"arcs":[[-471,-547,-491,589,590]],"type":"Polygon","properties":{"CD_MUN":"3540903","NM_MUN":"Pradópolis","SIGLA_UF":"SP"}},{"arcs":[[-537,591,-557]],"type":"Polygon","properties":{"CD_MUN":"3510104","NM_MUN":"Cândido Rodrigues","SIGLA_UF":"SP"}},{"arcs":[[-533,-551,-572]],"type":"Polygon","properties":{"CD_MUN":"3504404","NM_MUN":"Avanhandava","SIGLA_UF":"SP"}},{"arcs":[[-387,-399,592,593,594,595,-575]],"type":"Polygon","properties":{"CD_MUN":"3516002","NM_MUN":"Flórida Paulista","SIGLA_UF":"SP"}},{"arcs":[[-524,-574,596,597,-579]],"type":"Polygon","properties":{"CD_MUN":"3534807","NM_MUN":"Ouro Verde","SIGLA_UF":"SP"}},{"arcs":[[-540,-553,-589,598,599,600,-568]],"type":"Polygon","properties":{"CD_MUN":"3544608","NM_MUN":"Sabino","SIGLA_UF":"SP"}},{"arcs":[[-515,-567,601,602,603,604,605,606,607]],"type":"Polygon","properties":{"CD_MUN":"3530508","NM_MUN":"Mococa","SIGLA_UF":"SP"}},{"arcs":[[-473,608,609,610,611,612,-558,-592,-536]],"type":"Polygon","properties":{"CD_MUN":"3553708","NM_MUN":"Taquaritinga","SIGLA_UF":"SP"}},{"arcs":[[-472,-591,613,614,615,-609]],"type":"Polygon","properties":{"CD_MUN":"3518602","NM_MUN":"Guariba","SIGLA_UF":"SP"}},{"arcs":[[-569,-601,616,617]],"type":"Polygon","properties":{"CD_MUN":"3517208","NM_MUN":"Guaiçara","SIGLA_UF":"SP"}},{"arcs":[[-398,618,619,-593]],"type":"Polygon","properties":{"CD_MUN":"3500105","NM_MUN":"Adamantina","SIGLA_UF":"SP"}},{"arcs":[[-530,620,621,622,-597,-573]],"type":"Polygon","properties":{"CD_MUN":"3514403","NM_MUN":"Dracena","SIGLA_UF":"SP"}},{"arcs":[[-543,-555,-559,-613,623,624,625,626]],"type":"Polygon","properties":{"CD_MUN":"3522703","NM_MUN":"Itápolis","SIGLA_UF":"SP"}},{"arcs":[[-397,-510,-513,627,628,629,630,631,-619]],"type":"Polygon","properties":{"CD_MUN":"3527405","NM_MUN":"Lucélia","SIGLA_UF":"SP"}},{"arcs":[[-518,632,633,634,-563,-565]],"type":"Polygon","properties":{"CD_MUN":"3550902","NM_MUN":"São Simão","SIGLA_UF":"SP"}},{"arcs":[[-306,-578,635,636,-419]],"type":"Polygon","properties":{"CD_MUN":"3516507","NM_MUN":"Gabriel Monteiro","SIGLA_UF":"SP"}},{"arcs":[[-610,-616,637]],"type":"Polygon","properties":{"CD_MUN":"3546504","NM_MUN":"Santa Ernestina","SIGLA_UF":"SP"}},{"arcs":[[-488,-564,-635,638,639,640,641]],"type":"Polygon","properties":{"CD_MUN":"3527603","NM_MUN":"Luís Antônio","SIGLA_UF":"SP"}},{"arcs":[[-467,-495,-535,642,643,644]],"type":"Polygon","properties":{"CD_MUN":"3507704","NM_MUN":"Braúna","SIGLA_UF":"SP"}},{"arcs":[[-582,645,646,647,648,649,650]],"type":"Polygon","properties":{"CD_MUN":"3541307","NM_MUN":"Presidente Epitácio","SIGLA_UF":"SP"}},{"arcs":[[-422,651,652,-628,-512]],"type":"Polygon","properties":{"CD_MUN":"3545100","NM_MUN":"Salmourão","SIGLA_UF":"SP"}},{"arcs":[[-605,653,654,655,656,657]],"type":"Polygon","properties":{"CD_MUN":"3553609","NM_MUN":"Tapiratiba","SIGLA_UF":"SP"}},{"arcs":[[-490,658,659,660,661,662,663,664,665,666,667,-614,-590]],"type":"Polygon","properties":{"CD_MUN":"3503208","NM_MUN":"Araraquara","SIGLA_UF":"SP"}},{"arcs":[[-420,-637,668,669,670,671,672]],"type":"Polygon","properties":{"CD_MUN":"3537701","NM_MUN":"Piacatu","SIGLA_UF":"SP"}},{"arcs":[[-517,673,674,-633]],"type":"Polygon","properties":{"CD_MUN":"3547601","NM_MUN":"Santa Rosa de Viterbo","SIGLA_UF":"SP"}},{"arcs":[[-468,-645,675,676,-669,-636,-577]],"type":"Polygon","properties":{"CD_MUN":"3511904","NM_MUN":"Clementina","SIGLA_UF":"SP"}},{"arcs":[[-544,-627,677,678,679,-584]],"type":"Polygon","properties":{"CD_MUN":"3507407","NM_MUN":"Borborema","SIGLA_UF":"SP"}},{"arcs":[[-600,680,681,682,-617]],"type":"Polygon","properties":{"CD_MUN":"3527108","NM_MUN":"Lins","SIGLA_UF":"SP"}},{"arcs":[[-581,683,684,-646]],"type":"Polygon","properties":{"CD_MUN":"3509106","NM_MUN":"Caiuá","SIGLA_UF":"SP"}},{"arcs":[[-611,-638,-615,-668,685]],"type":"Polygon","properties":{"CD_MUN":"3514007","NM_MUN":"Dobrada","SIGLA_UF":"SP"}},{"arcs":[[-534,-571,686,687,-643]],"type":"Polygon","properties":{"CD_MUN":"3501103","NM_MUN":"Alto Alegre","SIGLA_UF":"SP"}},{"arcs":[[-421,-673,688,689,690,691,-652]],"type":"Polygon","properties":{"CD_MUN":"3534609","NM_MUN":"Osvaldo Cruz","SIGLA_UF":"SP"}},{"arcs":[[-489,-642,692,693,-659]],"type":"Polygon","properties":{"CD_MUN":"3543709","NM_MUN":"Rincão","SIGLA_UF":"SP"}},{"arcs":[[-516,-608,694,695,696,-674]],"type":"Polygon","properties":{"CD_MUN":"3553302","NM_MUN":"Tambaú","SIGLA_UF":"SP"}},{"arcs":[[-588,697,698,699,700,-681,-599]],"type":"Polygon","properties":{"CD_MUN":"3508801","NM_MUN":"Cafelândia","SIGLA_UF":"SP"}},{"arcs":[[-657,701,702,703,704,705,706]],"type":"Polygon","properties":{"CD_MUN":"3508702","NM_MUN":"Caconde","SIGLA_UF":"SP"}},{"arcs":[[-580,-598,-623,707,708,-684]],"type":"Polygon","properties":{"CD_MUN":"3541505","NM_MUN":"Presidente Venceslau","SIGLA_UF":"SP"}},{"arcs":[[-672,709,710,-689]],"type":"Polygon","properties":{"CD_MUN":"3543808","NM_MUN":"Rinópolis","SIGLA_UF":"SP"}},{"arcs":[[-612,-686,-667,711,712,-624]],"type":"Polygon","properties":{"CD_MUN":"3529302","NM_MUN":"Matão","SIGLA_UF":"SP"}},{"arcs":[[-606,-658,-707,713,714,715,716]],"type":"Polygon","properties":{"CD_MUN":"3549706","NM_MUN":"São José do Rio Pardo","SIGLA_UF":"SP"}},{"arcs":[[-670,-677,717,718,719]],"type":"Polygon","properties":{"CD_MUN":"3548401","NM_MUN":"Santópolis do Aguapeí","SIGLA_UF":"SP"}},{"arcs":[[-622,720,721,-708]],"type":"Polygon","properties":{"CD_MUN":"3538303","NM_MUN":"Piquerobi","SIGLA_UF":"SP"}},{"arcs":[[-527,-561,-576,-596,722,723,724]],"type":"Polygon","properties":{"CD_MUN":"3515806","NM_MUN":"Flora Rica","SIGLA_UF":"SP"}},{"arcs":[[-629,-653,-692,725]],"type":"Polygon","properties":{"CD_MUN":"3520806","NM_MUN":"Inúbia Paulista","SIGLA_UF":"SP"}},{"arcs":[[-644,-688,726,727,728,-718,-676]],"type":"Polygon","properties":{"CD_MUN":"3527702","NM_MUN":"Luiziânia","SIGLA_UF":"SP"}},{"arcs":[[-634,-675,-697,729,730,731,-639]],"type":"Polygon","properties":{"CD_MUN":"3547502","NM_MUN":"Santa Rita do Passa Quatro","SIGLA_UF":"SP"}},{"arcs":[[-587,732,733,734,-698]],"type":"Polygon","properties":{"CD_MUN":"3540101","NM_MUN":"Pongaí","SIGLA_UF":"SP"}},{"arcs":[[-671,-720,735,736,737,-710]],"type":"Polygon","properties":{"CD_MUN":"3519204","NM_MUN":"Iacri","SIGLA_UF":"SP"}},{"arcs":[[-529,738,739,740,-721,-621]],"type":"Polygon","properties":{"CD_MUN":"3547700","NM_MUN":"Santo Anastácio","SIGLA_UF":"SP"}},{"arcs":[[-625,-713,741,742]],"type":"Polygon","properties":{"CD_MUN":"3552700","NM_MUN":"Tabatinga","SIGLA_UF":"SP"}},{"arcs":[[-641,743,744,745,746,747,748,-662,749,-693]],"type":"Polygon","properties":{"CD_MUN":"3548906","NM_MUN":"São Carlos","SIGLA_UF":"SP"}},{"arcs":[[-607,-717,750,751,752,753,-695]],"type":"Polygon","properties":{"CD_MUN":"3510807","NM_MUN":"Casa Branca","SIGLA_UF":"SP"}},{"arcs":[[-594,-620,-632,754,755,756]],"type":"Polygon","properties":{"CD_MUN":"3528908","NM_MUN":"Mariápolis","SIGLA_UF":"SP"}},{"arcs":[[-680,757,758,759,760,761]],"type":"Polygon","properties":{"CD_MUN":"3542503","NM_MUN":"Reginópolis","SIGLA_UF":"SP"}},{"arcs":[[-690,-711,-738,762,763,764,765]],"type":"Polygon","properties":{"CD_MUN":"3536000","NM_MUN":"Parapuã","SIGLA_UF":"SP"}},{"arcs":[[-528,-725,766,767,768,769,770,771,-739]],"type":"Polygon","properties":{"CD_MUN":"3541208","NM_MUN":"Presidente Bernardes","SIGLA_UF":"SP"}},{"arcs":[[-719,-729,772,773,774,775,776,777,778,-736]],"type":"Polygon","properties":{"CD_MUN":"3555000","NM_MUN":"Tupã","SIGLA_UF":"SP"}},{"arcs":[[-570,-618,-683,779,780,781,782,-727,-687]],"type":"Polygon","properties":{"CD_MUN":"3517000","NM_MUN":"Getulina","SIGLA_UF":"SP"}},{"arcs":[[-586,783,784,785,-733]],"type":"Polygon","properties":{"CD_MUN":"3555901","NM_MUN":"Uru","SIGLA_UF":"SP"}},{"arcs":[[-706,786,787,-714]],"type":"Polygon","properties":{"CD_MUN":"3513900","NM_MUN":"Divinolândia","SIGLA_UF":"SP"}},{"arcs":[[-626,-743,788,789,790,791,-678]],"type":"Polygon","properties":{"CD_MUN":"3519600","NM_MUN":"Ibitinga","SIGLA_UF":"SP"}},{"arcs":[[-660,-694,792]],"type":"Polygon","properties":{"CD_MUN":"3546900","NM_MUN":"Santa Lúcia","SIGLA_UF":"SP"}},{"arcs":[[-585,-762,793,794,795,796,-734,-786,797,-784]],"type":"Polygon","properties":{"CD_MUN":"3538907","NM_MUN":"Pirajuí","SIGLA_UF":"SP"}},{"arcs":[[-595,-757,798,799,800,801,802,803,804,805,-723]],"type":"Polygon","properties":{"CD_MUN":"3541406","NM_MUN":"Presidente Prudente","SIGLA_UF":"SP"}},{"arcs":[[-728,-783,806,807,-773]],"type":"Polygon","properties":{"CD_MUN":"3541802","NM_MUN":"Queiroz","SIGLA_UF":"SP"}},{"arcs":[[-724,-806,808,-767]],"type":"Polygon","properties":{"CD_MUN":"3548302","NM_MUN":"Santo Expedito","SIGLA_UF":"SP"}},{"arcs":[[-661,-793,-750]],"type":"Polygon","properties":{"CD_MUN":"3501707","NM_MUN":"Américo Brasiliense","SIGLA_UF":"SP"}},{"arcs":[[-666,809,-789,-742,-712]],"type":"Polygon","properties":{"CD_MUN":"3532900","NM_MUN":"Nova Europa","SIGLA_UF":"SP"}},{"arcs":[[-682,-701,810,811,-780]],"type":"Polygon","properties":{"CD_MUN":"3517307","NM_MUN":"Guaimbê","SIGLA_UF":"SP"}},{"arcs":[[-715,-788,812,813,814,815]],"type":"Polygon","properties":{"CD_MUN":"3550803","NM_MUN":"São Sebastião da Grama","SIGLA_UF":"SP"}},{"arcs":[[-679,-792,816,817,-758]],"type":"Polygon","properties":{"CD_MUN":"3519105","NM_MUN":"Iacanga","SIGLA_UF":"SP"}},{"arcs":[[-640,-732,818,819,820,-744]],"type":"Polygon","properties":{"CD_MUN":"3513702","NM_MUN":"Descalvado","SIGLA_UF":"SP"}},{"arcs":[[-630,-726,-691,-766,821]],"type":"Polygon","properties":{"CD_MUN":"3544707","NM_MUN":"Sagres","SIGLA_UF":"SP"}},{"arcs":[[-699,-735,-797,822,823]],"type":"Polygon","properties":{"CD_MUN":"3518107","NM_MUN":"Guarantã","SIGLA_UF":"SP"}},{"arcs":[[-774,-808,824,825]],"type":"Polygon","properties":{"CD_MUN":"3519006","NM_MUN":"Herculândia","SIGLA_UF":"SP"}},{"arcs":[[-756,826,827,-799]],"type":"Polygon","properties":{"CD_MUN":"3508900","NM_MUN":"Caiabu","SIGLA_UF":"SP"}},{"arcs":[[-716,-816,828,-751]],"type":"Polygon","properties":{"CD_MUN":"3523800","NM_MUN":"Itobi","SIGLA_UF":"SP"}},{"arcs":[[-782,829,830,831,832,833,-825,-807]],"type":"Polygon","properties":{"CD_MUN":"3540002","NM_MUN":"Pompéia","SIGLA_UF":"SP"}},{"arcs":[[-696,-754,834,835,836,-730]],"type":"Polygon","properties":{"CD_MUN":"3546306","NM_MUN":"Santa Cruz das Palmeiras","SIGLA_UF":"SP"}},{"arcs":[[-631,-822,-765,837,838,839,840,841,-827,-755]],"type":"Polygon","properties":{"CD_MUN":"3529203","NM_MUN":"Martinópolis","SIGLA_UF":"SP"}},{"arcs":[[-731,-837,842,-819]],"type":"Polygon","properties":{"CD_MUN":"3540705","NM_MUN":"Porto Ferreira","SIGLA_UF":"SP"}},{"arcs":[[-768,-809,-805,843]],"type":"Polygon","properties":{"CD_MUN":"3500808","NM_MUN":"Alfredo Marcondes","SIGLA_UF":"SP"}},{"arcs":[[-785,-798]],"type":"Polygon","properties":{"CD_MUN":"3504701","NM_MUN":"Balbinos","SIGLA_UF":"SP"}},{"arcs":[[-737,-779,844,-763]],"type":"Polygon","properties":{"CD_MUN":"3505807","NM_MUN":"Bastos","SIGLA_UF":"SP"}},{"arcs":[[-752,-829,-815,845,846,847]],"type":"Polygon","properties":{"CD_MUN":"3556404","NM_MUN":"Vargem Grande do Sul","SIGLA_UF":"SP"}},{"arcs":[[-665,848,849,850,851,-790,-810]],"type":"Polygon","properties":{"CD_MUN":"3506706","NM_MUN":"Boa Esperança do Sul","SIGLA_UF":"SP"}},{"arcs":[[-781,-812,852,853,854,855,856,857,858,-830]],"type":"Polygon","properties":{"CD_MUN":"3529005","NM_MUN":"Marília","SIGLA_UF":"SP"}},{"arcs":[[-663,-749,859]],"type":"Polygon","properties":{"CD_MUN":"3519303","NM_MUN":"Ibaté","SIGLA_UF":"SP"}},{"arcs":[[-700,-824,860,-853,-811]],"type":"Polygon","properties":{"CD_MUN":"3525805","NM_MUN":"Júlio Mesquita","SIGLA_UF":"SP"}},{"arcs":[[-647,-685,-709,-722,-741,861,862]],"type":"Polygon","properties":{"CD_MUN":"3528700","NM_MUN":"Marabá Paulista","SIGLA_UF":"SP"}},{"arcs":[[-791,863,864,-817]],"type":"Polygon","properties":{"CD_MUN":"3522000","NM_MUN":"Itaju","SIGLA_UF":"SP"}},{"arcs":[[-769,-844,-804,865,866]],"type":"Polygon","properties":{"CD_MUN":"3501301","NM_MUN":"Álvares Machado","SIGLA_UF":"SP"}},{"arcs":[[-820,-843,-836,867,868,869,870]],"type":"Polygon","properties":{"CD_MUN":"3539301","NM_MUN":"Pirassununga","SIGLA_UF":"SP"}},{"arcs":[[-814,871,872,873,-846]],"type":"Polygon","properties":{"CD_MUN":"3500402","NM_MUN":"Águas da Prata","SIGLA_UF":"SP"}},{"arcs":[[-764,-845,-778,874,875,876,877,-838]],"type":"Polygon","properties":{"CD_MUN":"3542206","NM_MUN":"Rancharia","SIGLA_UF":"SP"}},{"arcs":[[-664,-860,-748,878,879,-849]],"type":"Polygon","properties":{"CD_MUN":"3542909","NM_MUN":"Ribeirão Bonito","SIGLA_UF":"SP"}},{"arcs":[[-847,-874,880,881,882,883]],"type":"Polygon","properties":{"CD_MUN":"3549102","NM_MUN":"São João da Boa Vista","SIGLA_UF":"SP"}},{"arcs":[[-775,-826,-834,884,885,886]],"type":"Polygon","properties":{"CD_MUN":"3542008","NM_MUN":"Quintana","SIGLA_UF":"SP"}},{"arcs":[[-759,-818,-865,887,888,889]],"type":"Polygon","properties":{"CD_MUN":"3503406","NM_MUN":"Arealva","SIGLA_UF":"SP"}},{"arcs":[[-852,890,891,892,893,894,-888,-864]],"type":"Polygon","properties":{"CD_MUN":"3505203","NM_MUN":"Bariri","SIGLA_UF":"SP"}},{"arcs":[[-777,895,896,-875]],"type":"Polygon","properties":{"CD_MUN":"3525607","NM_MUN":"João Ramalho","SIGLA_UF":"SP"}},{"arcs":[[-776,-887,897,898,-896]],"type":"Polygon","properties":{"CD_MUN":"3541703","NM_MUN":"Quatá","SIGLA_UF":"SP"}},{"arcs":[[-800,-828,-842,899]],"type":"Polygon","properties":{"CD_MUN":"3520608","NM_MUN":"Indiana","SIGLA_UF":"SP"}},{"arcs":[[-794,900,901,902]],"type":"Polygon","properties":{"CD_MUN":"3541109","NM_MUN":"Presidente Alves","SIGLA_UF":"SP"}},{"arcs":[[-831,-859,903]],"type":"Polygon","properties":{"CD_MUN":"3534104","NM_MUN":"Oriente","SIGLA_UF":"SP"}},{"arcs":[[-851,904,905,-891]],"type":"Polygon","properties":{"CD_MUN":"3506805","NM_MUN":"Bocaina","SIGLA_UF":"SP"}},{"arcs":[[-796,906,907,-854,-861,-823]],"type":"Polygon","properties":{"CD_MUN":"3501400","NM_MUN":"Álvaro de Carvalho","SIGLA_UF":"SP"}},{"arcs":[[-761,908,909,910,911,-901]],"type":"Polygon","properties":{"CD_MUN":"3504305","NM_MUN":"Avaí","SIGLA_UF":"SP"}},{"arcs":[[-753,-848,-884,912,913,914,-868,-835]],"type":"Polygon","properties":{"CD_MUN":"3500303","NM_MUN":"Aguaí","SIGLA_UF":"SP"}},{"arcs":[[-760,-890,915,916,917,-909]],"type":"Polygon","properties":{"CD_MUN":"3506003","NM_MUN":"Bauru","SIGLA_UF":"SP"}},{"arcs":[[-745,-821,-871,918,919,920]],"type":"Polygon","properties":{"CD_MUN":"3502002","NM_MUN":"Analândia","SIGLA_UF":"SP"}},{"arcs":[[-795,-903,921,922,923,924,-907]],"type":"Polygon","properties":{"CD_MUN":"3516705","NM_MUN":"Garça","SIGLA_UF":"SP"}},{"arcs":[[-850,-880,925,926,927,-905]],"type":"Polygon","properties":{"CD_MUN":"3514304","NM_MUN":"Dourado","SIGLA_UF":"SP"}},{"arcs":[[-855,-908,-925,928]],"type":"Polygon","properties":{"CD_MUN":"3556602","NM_MUN":"Vera Cruz","SIGLA_UF":"SP"}},{"arcs":[[-801,-900,-841,929,930]],"type":"Polygon","properties":{"CD_MUN":"3542404","NM_MUN":"Regente Feijó","SIGLA_UF":"SP"}},{"arcs":[[-740,-772,931,932,933,-862]],"type":"Polygon","properties":{"CD_MUN":"3530201","NM_MUN":"Mirante do Paranapanema","SIGLA_UF":"SP"}},{"arcs":[[-889,-895,934,935,936,937,938,939,-916]],"type":"Polygon","properties":{"CD_MUN":"3536703","NM_MUN":"Pederneiras","SIGLA_UF":"SP"}},{"arcs":[[-747,940,941,942,943,-926,-879]],"type":"Polygon","properties":{"CD_MUN":"3507902","NM_MUN":"Brotas","SIGLA_UF":"SP"}},{"arcs":[[-894,944,-935]],"type":"Polygon","properties":{"CD_MUN":"3507308","NM_MUN":"Boracéia","SIGLA_UF":"SP"}},{"arcs":[[-648,-863,-934,945,946,947,948,949,950,951,952,953,954,955,956]],"type":"Polygon","properties":{"CD_MUN":"3554300","NM_MUN":"Teodoro Sampaio","SIGLA_UF":"SP"}},{"arcs":[[-886,957,958,-898]],"type":"Polygon","properties":{"CD_MUN":"3507209","NM_MUN":"Borá","SIGLA_UF":"SP"}},{"arcs":[[-870,959,960,-919]],"type":"Polygon","properties":{"CD_MUN":"3546207","NM_MUN":"Santa Cruz da Conceição","SIGLA_UF":"SP"}},{"arcs":[[-833,961,962,963,964,-958,-885]],"type":"Polygon","properties":{"CD_MUN":"3527900","NM_MUN":"Lutécia","SIGLA_UF":"SP"}},{"arcs":[[-914,965,966,967,968,969,970]],"type":"Polygon","properties":{"CD_MUN":"3530706","NM_MUN":"Mogi Guaçu","SIGLA_UF":"SP"}},{"arcs":[[-803,971,972,973,974,975,976,977,978,979,-866]],"type":"Polygon","properties":{"CD_MUN":"3539202","NM_MUN":"Pirapozinho","SIGLA_UF":"SP"}},{"arcs":[[-869,-915,-971,980,981,982,-960]],"type":"Polygon","properties":{"CD_MUN":"3526704","NM_MUN":"Leme","SIGLA_UF":"SP"}},{"arcs":[[-892,-906,-928,983,984,985,986,-937,987]],"type":"Polygon","properties":{"CD_MUN":"3525300","NM_MUN":"Jaú","SIGLA_UF":"SP"}},{"arcs":[[-802,-931,988,989,-972]],"type":"Polygon","properties":{"CD_MUN":"3502408","NM_MUN":"Anhumas","SIGLA_UF":"SP"}},{"arcs":[[-883,990,991,992,993,-966,-913]],"type":"Polygon","properties":{"CD_MUN":"3548104","NM_MUN":"Santo Antônio do Jardim","SIGLA_UF":"SP"}},{"arcs":[[-902,-912,994,995,996,997,-922]],"type":"Polygon","properties":{"CD_MUN":"3516606","NM_MUN":"Gália","SIGLA_UF":"SP"}},{"arcs":[[-882,998,999,-991]],"type":"Polygon","properties":{"CD_MUN":"3515186","NM_MUN":"Espírito Santo do Pinhal","SIGLA_UF":"SP"}},{"arcs":[[-746,-921,1000,1001,1002,1003,1004,-941]],"type":"Polygon","properties":{"CD_MUN":"3523602","NM_MUN":"Itirapina","SIGLA_UF":"SP"}},{"arcs":[[-832,1005,-962]],"type":"Polygon","properties":{"CD_MUN":"3534500","NM_MUN":"Oscar Bressane","SIGLA_UF":"SP"}},{"arcs":[[-893,-988,-936,-945]],"type":"Polygon","properties":{"CD_MUN":"3522901","NM_MUN":"Itapuí","SIGLA_UF":"SP"}},{"arcs":[[-920,-961,-983,1006,-1001]],"type":"Polygon","properties":{"CD_MUN":"3512704","NM_MUN":"Corumbataí","SIGLA_UF":"SP"}},{"arcs":[[-927,-944,1007,1008,1009,1010,1011,-984]],"type":"Polygon","properties":{"CD_MUN":"3514106","NM_MUN":"Dois Córregos","SIGLA_UF":"SP"}},{"arcs":[[-858,1012,1013,1014,-963,-1006,-904]],"type":"Polygon","properties":{"CD_MUN":"3514700","NM_MUN":"Echaporã","SIGLA_UF":"SP"}},{"arcs":[[-770,-867,-980,1015,1016]],"type":"Polygon","properties":{"CD_MUN":"3553906","NM_MUN":"Tarabai","SIGLA_UF":"SP"}},{"arcs":[[-876,-897,-899,-959,-965,1017,1018]],"type":"Polygon","properties":{"CD_MUN":"3535507","NM_MUN":"Paraguaçu Paulista","SIGLA_UF":"SP"}},{"arcs":[[-970,1019,1020,1021,1022,1023,1024,-981]],"type":"Polygon","properties":{"CD_MUN":"3503307","NM_MUN":"Araras","SIGLA_UF":"SP"}},{"arcs":[[-771,-1017,1025,-978,1026,1027,1028,-932]],"type":"Polygon","properties":{"CD_MUN":"3545506","NM_MUN":"Sandovalina","SIGLA_UF":"SP"}},{"arcs":[[-840,1029,1030,1031,1032,-989,-930]],"type":"Polygon","properties":{"CD_MUN":"3552908","NM_MUN":"Taciba","SIGLA_UF":"SP"}},{"arcs":[[-911,1033,1034,1035,-995]],"type":"Polygon","properties":{"CD_MUN":"3514502","NM_MUN":"Duartina","SIGLA_UF":"SP"}},{"arcs":[[-982,-1025,1036,1037,1038,1039,-1002,-1007]],"type":"Polygon","properties":{"CD_MUN":"3543907","NM_MUN":"Rio Claro","SIGLA_UF":"SP"}},{"arcs":[[-973,-990,-1033,1040,1041]],"type":"Polygon","properties":{"CD_MUN":"3532207","NM_MUN":"Narandiba","SIGLA_UF":"SP"}},{"arcs":[[-910,-918,1042,1043,-1034]],"type":"Polygon","properties":{"CD_MUN":"3539400","NM_MUN":"Piratininga","SIGLA_UF":"SP"}},{"arcs":[[-856,-929,1044,1045,1046]],"type":"Polygon","properties":{"CD_MUN":"3533700","NM_MUN":"Ocauçu","SIGLA_UF":"SP"}},{"arcs":[[-924,1047,1048,-1045]],"type":"Polygon","properties":{"CD_MUN":"3527801","NM_MUN":"Lupércio","SIGLA_UF":"SP"}},{"arcs":[[-979,-1026,-1016]],"type":"Polygon","properties":{"CD_MUN":"3515301","NM_MUN":"Estrela do Norte","SIGLA_UF":"SP"}},{"arcs":[[-917,-940,1049,1050,1051,1052,-1043]],"type":"Polygon","properties":{"CD_MUN":"3500709","NM_MUN":"Agudos","SIGLA_UF":"SP"}},{"arcs":[[-969,1053,1054,-1020]],"type":"Polygon","properties":{"CD_MUN":"3512209","NM_MUN":"Conchal","SIGLA_UF":"SP"}},{"arcs":[[-923,-998,1055,1056,-1048]],"type":"Polygon","properties":{"CD_MUN":"3501509","NM_MUN":"Alvinlândia","SIGLA_UF":"SP"}},{"arcs":[[-996,-1036,1057,1058,1059]],"type":"Polygon","properties":{"CD_MUN":"3527504","NM_MUN":"Lucianópolis","SIGLA_UF":"SP"}},{"arcs":[[-967,-994,1060,1061,1062,1063,1064,1065,1066,1067]],"type":"Polygon","properties":{"CD_MUN":"3522604","NM_MUN":"Itapira","SIGLA_UF":"SP"}},{"arcs":[[-968,-1068,1068,1069,1070,-1054]],"type":"Polygon","properties":{"CD_MUN":"3530805","NM_MUN":"Moji Mirim","SIGLA_UF":"SP"}},{"arcs":[[-985,-1012,1071,1072]],"type":"Polygon","properties":{"CD_MUN":"3529807","NM_MUN":"Mineiros do Tietê","SIGLA_UF":"SP"}},{"arcs":[[-1003,-1040,1073,1074]],"type":"Polygon","properties":{"CD_MUN":"3521101","NM_MUN":"Ipeúna","SIGLA_UF":"SP"}},{"arcs":[[-938,-987,1075,1076,1077,1078]],"type":"Polygon","properties":{"CD_MUN":"3528007","NM_MUN":"Macatuba","SIGLA_UF":"SP"}},{"arcs":[[-1035,-1044,-1053,1079,-1058]],"type":"Polygon","properties":{"CD_MUN":"3508306","NM_MUN":"Cabrália Paulista","SIGLA_UF":"SP"}},{"arcs":[[-943,1080,1081,-1008]],"type":"Polygon","properties":{"CD_MUN":"3554706","NM_MUN":"Torrinha","SIGLA_UF":"SP"}},{"arcs":[[-964,-1015,1082,1083,1084,1085,1086,-1018]],"type":"Polygon","properties":{"CD_MUN":"3504008","NM_MUN":"Assis","SIGLA_UF":"SP"}},{"arcs":[[-997,-1060,1087,1088,-1056]],"type":"Polygon","properties":{"CD_MUN":"3555505","NM_MUN":"Ubirajara","SIGLA_UF":"SP"}},{"arcs":[[-839,-878,1089,1090,1091,1092,-1030]],"type":"Polygon","properties":{"CD_MUN":"3519907","NM_MUN":"Iepê","SIGLA_UF":"SP"}},{"arcs":[[-986,-1073,1093,1094,-1076]],"type":"Polygon","properties":{"CD_MUN":"3505302","NM_MUN":"Barra Bonita","SIGLA_UF":"SP"}},{"arcs":[[-857,-1047,1095,1096,1097,1098,-1013]],"type":"Polygon","properties":{"CD_MUN":"3509809","NM_MUN":"Campos Novos Paulista","SIGLA_UF":"SP"}},{"arcs":[[-942,-1005,1099,1100,1101,-1081],[1102]],"type":"Polygon","properties":{"CD_MUN":"3550407","NM_MUN":"São Pedro","SIGLA_UF":"SP"}},{"arcs":[[-877,-1019,-1087,1103,1104,-1090]],"type":"Polygon","properties":{"CD_MUN":"3528809","NM_MUN":"Maracaí","SIGLA_UF":"SP"}},{"arcs":[[-1024,1105,1106,-1037]],"type":"Polygon","properties":{"CD_MUN":"3546702","NM_MUN":"Santa Gertrudes","SIGLA_UF":"SP"}},{"arcs":[[-1023,1107,1108,-1106]],"type":"Polygon","properties":{"CD_MUN":"3512407","NM_MUN":"Cordeirópolis","SIGLA_UF":"SP"}},{"arcs":[[-1046,-1049,-1057,-1089,1109,1110,1111,1112,-1096]],"type":"Polygon","properties":{"CD_MUN":"3550506","NM_MUN":"São Pedro do Turvo","SIGLA_UF":"SP"}},{"arcs":[[-1004,-1075,1113,-1100]],"type":"Polygon","properties":{"CD_MUN":"3511706","NM_MUN":"Charqueada","SIGLA_UF":"SP"}},{"arcs":[[-939,-1079,1114,1115,1116,1117,-1050]],"type":"Polygon","properties":{"CD_MUN":"3526803","NM_MUN":"Lençóis Paulista","SIGLA_UF":"SP"}},{"arcs":[[-1014,-1099,1118,1119,1120,-1083]],"type":"Polygon","properties":{"CD_MUN":"3539707","NM_MUN":"Platina","SIGLA_UF":"SP"}},{"arcs":[[-1021,-1055,-1071,1121,1122,1123]],"type":"Polygon","properties":{"CD_MUN":"3503802","NM_MUN":"Artur Nogueira","SIGLA_UF":"SP"}},{"arcs":[[-1052,1124,1125,1126,1127,1128,1129,-1110,-1088,-1059,-1080]],"type":"Polygon","properties":{"CD_MUN":"3546405","NM_MUN":"Santa Cruz do Rio Pardo","SIGLA_UF":"SP"}},{"arcs":[[-1009,-1082,-1102,1130,1131,1132]],"type":"Polygon","properties":{"CD_MUN":"3547007","NM_MUN":"Santa Maria da Serra","SIGLA_UF":"SP"}},{"arcs":[[-1022,-1124,1133,1134,1135,1136,1137,-1108]],"type":"Polygon","properties":{"CD_MUN":"3526902","NM_MUN":"Limeira","SIGLA_UF":"SP"}},{"arcs":[[-1077,-1095,1138,1139]],"type":"Polygon","properties":{"CD_MUN":"3520004","NM_MUN":"Igaraçu do Tietê","SIGLA_UF":"SP"}},{"arcs":[[-1063,1140,1141,1142]],"type":"Polygon","properties":{"CD_MUN":"3500501","NM_MUN":"Águas de Lindóia","SIGLA_UF":"SP"}},{"arcs":[[-1078,-1140,1143,-1115]],"type":"Polygon","properties":{"CD_MUN":"3503604","NM_MUN":"Areiópolis","SIGLA_UF":"SP"}},{"arcs":[[-1011,1144,-1116,-1144,-1139,-1094,-1072]],"type":"Polygon","properties":{"CD_MUN":"3550100","NM_MUN":"São Manuel","SIGLA_UF":"SP"}},{"arcs":[[-1064,-1143,1145,1146]],"type":"Polygon","properties":{"CD_MUN":"3527009","NM_MUN":"Lindóia","SIGLA_UF":"SP"}},{"arcs":[[-1142,1147,1148,1149,1150,1151,1152,1153,1154,-1146]],"type":"Polygon","properties":{"CD_MUN":"3552106","NM_MUN":"Socorro","SIGLA_UF":"SP"}},{"arcs":[[-1039,1155,-1137,1156,1157,1158,1159,1160,1161,-1131,-1101,-1114,-1074]],"type":"Polygon","properties":{"CD_MUN":"3538709","NM_MUN":"Piracicaba","SIGLA_UF":"SP"}},{"arcs":[[-1038,-1107,-1109,-1138,-1156]],"type":"Polygon","properties":{"CD_MUN":"3521408","NM_MUN":"Iracemápolis","SIGLA_UF":"SP"}},{"arcs":[[1162,1163,1164,1165,1166]],"type":"Polygon","properties":{"CD_MUN":"3541901","NM_MUN":"Queluz","SIGLA_UF":"SP"}},{"arcs":[[-1065,-1147,-1155,1167,1168]],"type":"Polygon","properties":{"CD_MUN":"3551603","NM_MUN":"Serra Negra","SIGLA_UF":"SP"}},{"arcs":[[-1167,1169,1170,1171]],"type":"Polygon","properties":{"CD_MUN":"3526605","NM_MUN":"Lavrinhas","SIGLA_UF":"SP"}},{"arcs":[[-1067,1172,1173,-1069]],"type":"Polygon","properties":{"CD_MUN":"3548005","NM_MUN":"Santo Antônio de Posse","SIGLA_UF":"SP"}},{"arcs":[[-1010,-1133,1174,1175,1176,1177,1178,-1145]],"type":"Polygon","properties":{"CD_MUN":"3507506","NM_MUN":"Botucatu","SIGLA_UF":"SP"}},{"arcs":[[-1132,-1162,1179,1180,-1175]],"type":"Polygon","properties":{"CD_MUN":"3502309","NM_MUN":"Anhembi","SIGLA_UF":"SP"}},{"arcs":[[-1086,1181,1182,-1104]],"type":"Polygon","properties":{"CD_MUN":"3513306","NM_MUN":"Cruzália","SIGLA_UF":"SP"}},{"arcs":[[-1066,-1169,1183,1184,1185,1186,-1173]],"type":"Polygon","properties":{"CD_MUN":"3501905","NM_MUN":"Amparo","SIGLA_UF":"SP"}},{"arcs":[[-1103]],"type":"Polygon","properties":{"CD_MUN":"3500600","NM_MUN":"Águas de São Pedro","SIGLA_UF":"SP"}},{"arcs":[[-1171,1187,1188,1189,1190,1191]],"type":"Polygon","properties":{"CD_MUN":"3513405","NM_MUN":"Cruzeiro","SIGLA_UF":"SP"}},{"arcs":[[-1123,1192,1193,1194,-1134]],"type":"Polygon","properties":{"CD_MUN":"3512803","NM_MUN":"Cosmópolis","SIGLA_UF":"SP"}},{"arcs":[[-1097,-1113,1195,1196]],"type":"Polygon","properties":{"CD_MUN":"3543204","NM_MUN":"Ribeirão do Sul","SIGLA_UF":"SP"}},{"arcs":[[-1084,-1121,1197,1198,1199,1200]],"type":"Polygon","properties":{"CD_MUN":"3510005","NM_MUN":"Cândido Mota","SIGLA_UF":"SP"}},{"arcs":[[-1070,-1174,1201,1202,1203,-1193,-1122]],"type":"Polygon","properties":{"CD_MUN":"3524709","NM_MUN":"Jaguariúna","SIGLA_UF":"SP"}},{"arcs":[[-1098,-1197,1204,1205,1206,-1119]],"type":"Polygon","properties":{"CD_MUN":"3519501","NM_MUN":"Ibirarema","SIGLA_UF":"SP"}},{"arcs":[[-1120,-1207,1207,1208,1209,-1198]],"type":"Polygon","properties":{"CD_MUN":"3535309","NM_MUN":"Palmital","SIGLA_UF":"SP"}},{"arcs":[[-1190,1210,1211,1212,1213,1214]],"type":"Polygon","properties":{"CD_MUN":"3538501","NM_MUN":"Piquete","SIGLA_UF":"SP"}},{"arcs":[[-1051,-1118,1215,1216,1217,1218,-1125]],"type":"Polygon","properties":{"CD_MUN":"3500550","NM_MUN":"Águas de Santa Bárbara","SIGLA_UF":"SP"}},{"arcs":[[1219,1220,1221,1222,1223,1224,1225]],"type":"Polygon","properties":{"CD_MUN":"3548609","NM_MUN":"São Bento do Sapucaí","SIGLA_UF":"SP"}},{"arcs":[[-1165,1226,1227,1228,1229]],"type":"Polygon","properties":{"CD_MUN":"3503505","NM_MUN":"Areias","SIGLA_UF":"SP"}},{"arcs":[[-1154,1230,1231,-1184,-1168]],"type":"Polygon","properties":{"CD_MUN":"3531209","NM_MUN":"Monte Alegre do Sul","SIGLA_UF":"SP"}},{"arcs":[[-1135,-1195,1232,1233,1234]],"type":"Polygon","properties":{"CD_MUN":"3501608","NM_MUN":"Americana","SIGLA_UF":"SP"}},{"arcs":[[-1085,-1201,1235,1236,1237,-1182]],"type":"Polygon","properties":{"CD_MUN":"3516101","NM_MUN":"Florínia","SIGLA_UF":"SP"}},{"arcs":[[-1189,1238,1239,-1211]],"type":"Polygon","properties":{"CD_MUN":"3508603","NM_MUN":"Cachoeira Paulista","SIGLA_UF":"SP"}},{"arcs":[[-1222,1240,1241,1242,1243,1244,1245]],"type":"Polygon","properties":{"CD_MUN":"3509700","NM_MUN":"Campos do Jordão","SIGLA_UF":"SP"}},{"arcs":[[-1112,1246,1247,1248,-1205,-1196]],"type":"Polygon","properties":{"CD_MUN":"3545407","NM_MUN":"Salto Grande","SIGLA_UF":"SP"}},{"arcs":[[-1194,-1204,1249,1250,1251,-1233]],"type":"Polygon","properties":{"CD_MUN":"3536505","NM_MUN":"Paulínia","SIGLA_UF":"SP"}},{"arcs":[[-1136,-1235,1252,1253,1254,1255,1256,-1157]],"type":"Polygon","properties":{"CD_MUN":"3545803","NM_MUN":"Santa Bárbara d'Oeste","SIGLA_UF":"SP"}},{"arcs":[[-1187,1257,1258,-1202]],"type":"Polygon","properties":{"CD_MUN":"3537107","NM_MUN":"Pedreira","SIGLA_UF":"SP"}},{"arcs":[[-1213,1259,1260,1261,1262,1263,1264,-1244,1265]],"type":"Polygon","properties":{"CD_MUN":"3518404","NM_MUN":"Guaratinguetá","SIGLA_UF":"SP"}},{"arcs":[[1266,1267,1268,1269,1270]],"type":"Polygon","properties":{"CD_MUN":"3504909","NM_MUN":"Bananal","SIGLA_UF":"SP"}},{"arcs":[[-1166,-1230,1271,1272,-1239,-1188,-1170]],"type":"Polygon","properties":{"CD_MUN":"3552007","NM_MUN":"Silveiras","SIGLA_UF":"SP"}},{"arcs":[[-1212,-1240,-1273,1273,-1260]],"type":"Polygon","properties":{"CD_MUN":"3527207","NM_MUN":"Lorena","SIGLA_UF":"SP"}},{"arcs":[[-1234,-1252,1274,-1253]],"type":"Polygon","properties":{"CD_MUN":"3533403","NM_MUN":"Nova Odessa","SIGLA_UF":"SP"}},{"arcs":[[-1228,1275,-1271,1276,1277]],"type":"Polygon","properties":{"CD_MUN":"3549607","NM_MUN":"São José do Barreiro","SIGLA_UF":"SP"}},{"arcs":[[-1152,1278,1279,1280,1281]],"type":"Polygon","properties":{"CD_MUN":"3536802","NM_MUN":"Pedra Bela","SIGLA_UF":"SP"}},{"arcs":[[-1203,-1259,1282,1283,1284,1285,1286,1287,-1250]],"type":"Polygon","properties":{"CD_MUN":"3509502","NM_MUN":"Campinas","SIGLA_UF":"SP"}},{"arcs":[[-1153,-1282,1288,-1231]],"type":"Polygon","properties":{"CD_MUN":"3538204","NM_MUN":"Pinhalzinho","SIGLA_UF":"SP"}},{"arcs":[[-1158,-1257,1289,1290,1291]],"type":"Polygon","properties":{"CD_MUN":"3544004","NM_MUN":"Rio das Pedras","SIGLA_UF":"SP"}},{"arcs":[[-1111,-1130,1292,1293,-1247]],"type":"Polygon","properties":{"CD_MUN":"3534708","NM_MUN":"Ourinhos","SIGLA_UF":"SP"}},{"arcs":[[-1117,-1179,1294,1295,1296,1297,1298,-1216]],"type":"Polygon","properties":{"CD_MUN":"3504503","NM_MUN":"Avaré","SIGLA_UF":"SP"}},{"arcs":[[-1161,1299,1300,1301,1302,-1180]],"type":"Polygon","properties":{"CD_MUN":"3512308","NM_MUN":"Conchas","SIGLA_UF":"SP"}},{"arcs":[[-1251,-1288,1303,-1254,-1275]],"type":"Polygon","properties":{"CD_MUN":"3552403","NM_MUN":"Sumaré","SIGLA_UF":"SP"}},{"arcs":[[-1245,-1265,1304,1305,1306,1307,1308]],"type":"Polygon","properties":{"CD_MUN":"3538006","NM_MUN":"Pindamonhangaba","SIGLA_UF":"SP"}},{"arcs":[[-1185,-1232,-1289,-1281,1309,1310,1311,1312,1313,1314,1315]],"type":"Polygon","properties":{"CD_MUN":"3507605","NM_MUN":"Bragança Paulista","SIGLA_UF":"SP"}},{"arcs":[[-1126,-1219,1316,1317,1318]],"type":"Polygon","properties":{"CD_MUN":"3533809","NM_MUN":"Óleo","SIGLA_UF":"SP"}},{"arcs":[[-1217,-1299,1319,1320,1321,1322]],"type":"Polygon","properties":{"CD_MUN":"3511409","NM_MUN":"Cerqueira César","SIGLA_UF":"SP"}},{"arcs":[[-1127,-1319,1323,1324]],"type":"Polygon","properties":{"CD_MUN":"3506300","NM_MUN":"Bernardino de Campos","SIGLA_UF":"SP"}},{"arcs":[[-1160,1325,1326,1327,1328,-1300]],"type":"Polygon","properties":{"CD_MUN":"3526407","NM_MUN":"Laranjal Paulista","SIGLA_UF":"SP"}},{"arcs":[[-1256,1329,1330,1331,1332,1333,-1290]],"type":"Polygon","properties":{"CD_MUN":"3510401","NM_MUN":"Capivari","SIGLA_UF":"SP"}},{"arcs":[[-1223,-1246,-1309,1334,1335]],"type":"Polygon","properties":{"CD_MUN":"3548203","NM_MUN":"Santo Antônio do Pinhal","SIGLA_UF":"SP"}},{"arcs":[[-1129,1336,1337,1338,1339,-1293]],"type":"Polygon","properties":{"CD_MUN":"3557204","NM_MUN":"Chavantes","SIGLA_UF":"SP"}},{"arcs":[[-1186,-1316,1340,1341,-1283,-1258]],"type":"Polygon","properties":{"CD_MUN":"3532009","NM_MUN":"Morungaba","SIGLA_UF":"SP"}},{"arcs":[[-1255,-1304,-1287,1342,1343,-1330]],"type":"Polygon","properties":{"CD_MUN":"3531803","NM_MUN":"Monte Mor","SIGLA_UF":"SP"}},{"arcs":[[-1159,-1292,1344,1345,1346,1347,1348,-1326]],"type":"Polygon","properties":{"CD_MUN":"3554508","NM_MUN":"Tietê","SIGLA_UF":"SP"}},{"arcs":[[-1291,-1334,1349,-1345]],"type":"Polygon","properties":{"CD_MUN":"3530904","NM_MUN":"Mombuca","SIGLA_UF":"SP"}},{"arcs":[[1350,1351,1352,1353,1354,1355,1356,1357]],"type":"Polygon","properties":{"CD_MUN":"3549904","NM_MUN":"São José dos Campos","SIGLA_UF":"SP"}},{"arcs":[[-1218,-1323,1358,-1317]],"type":"Polygon","properties":{"CD_MUN":"3528601","NM_MUN":"Manduri","SIGLA_UF":"SP"}},{"arcs":[[-1178,1359,1360,1361,1362,-1295]],"type":"Polygon","properties":{"CD_MUN":"3523503","NM_MUN":"Itatinga","SIGLA_UF":"SP"}},{"arcs":[[-1128,-1325,1363,1364,-1337]],"type":"Polygon","properties":{"CD_MUN":"3520905","NM_MUN":"Ipaussu","SIGLA_UF":"SP"}},{"arcs":[[-1308,1365,1366,1367,-1352,1368,-1335]],"type":"Polygon","properties":{"CD_MUN":"3531704","NM_MUN":"Monteiro Lobato","SIGLA_UF":"SP"}},{"arcs":[[-1263,1369,1370]],"type":"Polygon","properties":{"CD_MUN":"3502507","NM_MUN":"Aparecida","SIGLA_UF":"SP"}},{"arcs":[[-1311,1371,1372,-1357,1373,1374]],"type":"Polygon","properties":{"CD_MUN":"3525508","NM_MUN":"Joanópolis","SIGLA_UF":"SP"}},{"arcs":[[-1229,-1278,1375,1376,1377,1378,1379,-1261,-1274,-1272]],"type":"Polygon","properties":{"CD_MUN":"3513603","NM_MUN":"Cunha","SIGLA_UF":"SP"}},{"arcs":[[-1284,-1342,1380,1381,1382]],"type":"Polygon","properties":{"CD_MUN":"3556206","NM_MUN":"Valinhos","SIGLA_UF":"SP"}},{"arcs":[[-1176,-1181,-1303,1383,1384,1385,-1361,1386]],"type":"Polygon","properties":{"CD_MUN":"3506904","NM_MUN":"Bofete","SIGLA_UF":"SP"}},{"arcs":[[-1264,-1371,1387,1388,-1305]],"type":"Polygon","properties":{"CD_MUN":"3544301","NM_MUN":"Roseira","SIGLA_UF":"SP"}},{"arcs":[[-1315,1389,1390,1391,1392,-1381,-1341]],"type":"Polygon","properties":{"CD_MUN":"3523404","NM_MUN":"Itatiba","SIGLA_UF":"SP"}},{"arcs":[[-1177,-1387,-1360]],"type":"Polygon","properties":{"CD_MUN":"3536109","NM_MUN":"Pardinho","SIGLA_UF":"SP"}},{"arcs":[[-1307,1393,-1366]],"type":"Polygon","properties":{"CD_MUN":"3554805","NM_MUN":"Tremembé","SIGLA_UF":"SP"}},{"arcs":[[-1333,1394,-1346,-1350]],"type":"Polygon","properties":{"CD_MUN":"3542107","NM_MUN":"Rafard","SIGLA_UF":"SP"}},{"arcs":[[-1318,-1359,-1322,1395,1396,1397,1398,1399,-1364,-1324]],"type":"Polygon","properties":{"CD_MUN":"3538808","NM_MUN":"Piraju","SIGLA_UF":"SP"}},{"arcs":[[-1331,-1344,1400,1401,1402,1403]],"type":"Polygon","properties":{"CD_MUN":"3514908","NM_MUN":"Elias Fausto","SIGLA_UF":"SP"}},{"arcs":[[-1301,-1329,1404,1405,1406]],"type":"Polygon","properties":{"CD_MUN":"3537503","NM_MUN":"Pereiras","SIGLA_UF":"SP"}},{"arcs":[[-1286,1407,1408,1409,1410,-1401,-1343]],"type":"Polygon","properties":{"CD_MUN":"3520509","NM_MUN":"Indaiatuba","SIGLA_UF":"SP"}},{"arcs":[[-1314,1411,1412,1413,-1390]],"type":"Polygon","properties":{"CD_MUN":"3525201","NM_MUN":"Jarinu","SIGLA_UF":"SP"}},{"arcs":[[-1312,-1375,1414,1415,1416,1417]],"type":"Polygon","properties":{"CD_MUN":"3538600","NM_MUN":"Piracaia","SIGLA_UF":"SP"}},{"arcs":[[-1382,-1393,1418,1419]],"type":"Polygon","properties":{"CD_MUN":"3556701","NM_MUN":"Vinhedo","SIGLA_UF":"SP"}},{"arcs":[[-1298,1420,-1320]],"type":"Polygon","properties":{"CD_MUN":"3503109","NM_MUN":"Arandu","SIGLA_UF":"SP"}},{"arcs":[[-1306,-1389,1421,1422,1423,1424,-1367,-1394]],"type":"Polygon","properties":{"CD_MUN":"3554102","NM_MUN":"Taubaté","SIGLA_UF":"SP"}},{"arcs":[[-1313,-1418,1425,1426,1427,1428,1429,1430,-1412]],"type":"Polygon","properties":{"CD_MUN":"3504107","NM_MUN":"Atibaia","SIGLA_UF":"SP"}},{"arcs":[[-1338,-1365,-1400,1431,1432,1433]],"type":"Polygon","properties":{"CD_MUN":"3554607","NM_MUN":"Timburi","SIGLA_UF":"SP"}},{"arcs":[[-1356,1434,1435,1436,-1415,-1374]],"type":"Polygon","properties":{"CD_MUN":"3520202","NM_MUN":"Igaratá","SIGLA_UF":"SP"}},{"arcs":[[-1353,-1368,-1425,1437,1438]],"type":"Polygon","properties":{"CD_MUN":"3508504","NM_MUN":"Caçapava","SIGLA_UF":"SP"}},{"arcs":[[-1302,-1407,1439,1440,-1384]],"type":"Polygon","properties":{"CD_MUN":"3540507","NM_MUN":"Porangaba","SIGLA_UF":"SP"}},{"arcs":[[-1285,-1383,-1420,1441,1442,1443,-1408]],"type":"Polygon","properties":{"CD_MUN":"3524006","NM_MUN":"Itupeva","SIGLA_UF":"SP"}},{"arcs":[[-1392,1444,-1442,-1419]],"type":"Polygon","properties":{"CD_MUN":"3527306","NM_MUN":"Louveira","SIGLA_UF":"SP"}},{"arcs":[[-1332,-1404,1445,1446,1447,1448,-1347,-1395]],"type":"Polygon","properties":{"CD_MUN":"3540606","NM_MUN":"Porto Feliz","SIGLA_UF":"SP"}},{"arcs":[[-1391,-1414,1449,1450,1451,1452,1453,1454,1455,-1443,-1445]],"type":"Polygon","properties":{"CD_MUN":"3525904","NM_MUN":"Jundiaí","SIGLA_UF":"SP"}},{"arcs":[[-1262,-1380,1456,-1422,-1388,-1370]],"type":"Polygon","properties":{"CD_MUN":"3526308","NM_MUN":"Lagoinha","SIGLA_UF":"SP"}},{"arcs":[[-1327,-1349,1457,1458,1459]],"type":"Polygon","properties":{"CD_MUN":"3511508","NM_MUN":"Cerquilho","SIGLA_UF":"SP"}},{"arcs":[[-1399,1460,-1432]],"type":"Polygon","properties":{"CD_MUN":"3551207","NM_MUN":"Sarutaiá","SIGLA_UF":"SP"}},{"arcs":[[-1402,-1411,1461]],"type":"Polygon","properties":{"CD_MUN":"3545209","NM_MUN":"Salto","SIGLA_UF":"SP"}},{"arcs":[[-1328,-1460,1462,-1405]],"type":"Polygon","properties":{"CD_MUN":"3511607","NM_MUN":"Cesário Lange","SIGLA_UF":"SP"}},{"arcs":[[-1416,-1437,1463,1464,1465,-1427,1466]],"type":"Polygon","properties":{"CD_MUN":"3532405","NM_MUN":"Nazaré Paulista","SIGLA_UF":"SP"}},{"arcs":[[-1417,-1467,-1426]],"type":"Polygon","properties":{"CD_MUN":"3507100","NM_MUN":"Bom Jesus dos Perdões","SIGLA_UF":"SP"}},{"arcs":[[-1403,-1462,-1410,1467,1468,1469,1470,-1446]],"type":"Polygon","properties":{"CD_MUN":"3523909","NM_MUN":"Itu","SIGLA_UF":"SP"}},{"arcs":[[-1413,-1431,1471,1472,-1452,1473,-1450]],"type":"Polygon","properties":{"CD_MUN":"3509601","NM_MUN":"Campo Limpo Paulista","SIGLA_UF":"SP"}},{"arcs":[[-1297,1474,1475,1476,1477,1478,1479,-1396,-1321,-1421]],"type":"Polygon","properties":{"CD_MUN":"3521804","NM_MUN":"Itaí","SIGLA_UF":"SP"}},{"arcs":[[-1348,-1449,1480,1481,-1458]],"type":"Polygon","properties":{"CD_MUN":"3507001","NM_MUN":"Boituva","SIGLA_UF":"SP"}},{"arcs":[[-1398,1482,1483,1484,1485,1486,1487,-1433,-1461]],"type":"Polygon","properties":{"CD_MUN":"3515400","NM_MUN":"Fartura","SIGLA_UF":"SP"}},{"arcs":[[-1379,1488,1489,1490,-1423,-1457]],"type":"Polygon","properties":{"CD_MUN":"3550001","NM_MUN":"São Luís do Paraitinga","SIGLA_UF":"SP"}},{"arcs":[[-1397,-1480,1491,1492,-1483]],"type":"Polygon","properties":{"CD_MUN":"3554201","NM_MUN":"Tejupá","SIGLA_UF":"SP"}},{"arcs":[[-1406,-1463,-1459,-1482,1493,1494,1495,1496,-1440]],"type":"Polygon","properties":{"CD_MUN":"3554003","NM_MUN":"Tatuí","SIGLA_UF":"SP"}},{"arcs":[[-1451,-1474]],"type":"Polygon","properties":{"CD_MUN":"3556503","NM_MUN":"Várzea Paulista","SIGLA_UF":"SP"}},{"arcs":[[-1296,-1363,1497,1498,1499,-1475]],"type":"Polygon","properties":{"CD_MUN":"3535804","NM_MUN":"Paranapanema","SIGLA_UF":"SP"}},{"arcs":[[-1362,-1386,1500,1501,1502,-1498]],"type":"Polygon","properties":{"CD_MUN":"3502200","NM_MUN":"Angatuba","SIGLA_UF":"SP"}},{"arcs":[[-1385,-1441,-1497,1503,-1501]],"type":"Polygon","properties":{"CD_MUN":"3518503","NM_MUN":"Guareí","SIGLA_UF":"SP"}},{"arcs":[[-1355,1504,1505,1506,1507,-1435]],"type":"Polygon","properties":{"CD_MUN":"3524402","NM_MUN":"Jacareí","SIGLA_UF":"SP"}},{"arcs":[[-1436,-1508,1508,1509,1510,1511,-1464]],"type":"Polygon","properties":{"CD_MUN":"3546801","NM_MUN":"Santa Isabel","SIGLA_UF":"SP"}},{"arcs":[[-1409,-1444,-1456,1512,1513,-1468]],"type":"Polygon","properties":{"CD_MUN":"3508405","NM_MUN":"Cabreúva","SIGLA_UF":"SP"}},{"arcs":[[-1424,-1491,1514,1515,1516,-1438]],"type":"Polygon","properties":{"CD_MUN":"3542305","NM_MUN":"Redenção da Serra","SIGLA_UF":"SP"}},{"arcs":[[-1428,-1466,1517,1518,1519,1520]],"type":"Polygon","properties":{"CD_MUN":"3528502","NM_MUN":"Mairiporã","SIGLA_UF":"SP"}},{"arcs":[[-1430,1521,-1472]],"type":"Polygon","properties":{"CD_MUN":"3516309","NM_MUN":"Francisco Morato","SIGLA_UF":"SP"}},{"arcs":[[-1354,-1439,-1517,1522,1523,-1505]],"type":"Polygon","properties":{"CD_MUN":"3524907","NM_MUN":"Jambeiro","SIGLA_UF":"SP"}},{"arcs":[[-1429,-1521,1524,1525,-1453,-1473,-1522]],"type":"Polygon","properties":{"CD_MUN":"3516408","NM_MUN":"Franco da Rocha","SIGLA_UF":"SP"}},{"arcs":[[-1454,-1526,1526,1527,1528,1529]],"type":"Polygon","properties":{"CD_MUN":"3509205","NM_MUN":"Cajamar","SIGLA_UF":"SP"}},{"arcs":[[-1448,1530,1531,1532,-1494,-1481]],"type":"Polygon","properties":{"CD_MUN":"3521002","NM_MUN":"Iperó","SIGLA_UF":"SP"}},{"arcs":[[-1465,-1512,1533,1534,1535,-1518]],"type":"Polygon","properties":{"CD_MUN":"3518800","NM_MUN":"Guarulhos","SIGLA_UF":"SP"}},{"arcs":[[-1378,1536,1537,1538,1539,-1489]],"type":"Polygon","properties":{"CD_MUN":"3555406","NM_MUN":"Ubatuba","SIGLA_UF":"SP"}},{"arcs":[[-1484,-1493,1540,1541,1542]],"type":"Polygon","properties":{"CD_MUN":"3553005","NM_MUN":"Taguaí","SIGLA_UF":"SP"}},{"arcs":[[-1479,1543,-1541,-1492]],"type":"Polygon","properties":{"CD_MUN":"3553807","NM_MUN":"Taquarituba","SIGLA_UF":"SP"}},{"arcs":[[-1455,-1530,1544,1545,-1513]],"type":"Polygon","properties":{"CD_MUN":"3539103","NM_MUN":"Pirapora do Bom Jesus","SIGLA_UF":"SP"}},{"arcs":[[-1447,-1471,1546,1547,1548,1549,-1531]],"type":"Polygon","properties":{"CD_MUN":"3552205","NM_MUN":"Sorocaba","SIGLA_UF":"SP"}},{"arcs":[[-1520,1550,-1527,-1525]],"type":"Polygon","properties":{"CD_MUN":"3509007","NM_MUN":"Caieiras","SIGLA_UF":"SP"}},{"arcs":[[-1469,-1514,-1546,1551,1552,1553,1554,1555]],"type":"Polygon","properties":{"CD_MUN":"3550605","NM_MUN":"São Roque","SIGLA_UF":"SP"}},{"arcs":[[-1507,1556,1557,1558,1559,-1509]],"type":"Polygon","properties":{"CD_MUN":"3518305","NM_MUN":"Guararema","SIGLA_UF":"SP"}},{"arcs":[[-1511,1560,1561,-1534]],"type":"Polygon","properties":{"CD_MUN":"3503901","NM_MUN":"Arujá","SIGLA_UF":"SP"}},{"arcs":[[-1495,-1533,1562,1563,1564]],"type":"Polygon","properties":{"CD_MUN":"3510302","NM_MUN":"Capela do Alto","SIGLA_UF":"SP"}},{"arcs":[[-1490,-1540,1565,1566,-1515]],"type":"Polygon","properties":{"CD_MUN":"3532306","NM_MUN":"Natividade da Serra","SIGLA_UF":"SP"}},{"arcs":[[-1516,-1567,1567,1568,1569,-1523]],"type":"Polygon","properties":{"CD_MUN":"3535606","NM_MUN":"Paraibuna","SIGLA_UF":"SP"}},{"arcs":[[-1486,1570,1571,1572,1573]],"type":"Polygon","properties":{"CD_MUN":"3505005","NM_MUN":"Barão de Antonina","SIGLA_UF":"SP"}},{"arcs":[[-1496,-1565,1574,1575,1576,1577,1578,-1502,-1504]],"type":"Polygon","properties":{"CD_MUN":"3522307","NM_MUN":"Itapetininga","SIGLA_UF":"SP"}},{"arcs":[[-1519,-1536,1579,1580,1581,1582,1583,1584,1585,1586,1587,1588,1589,1590,1591,1592,1593,1594,1595,1596,-1528,-1551]],"type":"Polygon","properties":{"CD_MUN":"3550308","NM_MUN":"São Paulo","SIGLA_UF":"SP"}},{"arcs":[[-1510,-1560,1597,1598,1599,1600,1601,-1561]],"type":"Polygon","properties":{"CD_MUN":"3530607","NM_MUN":"Mogi das Cruzes","SIGLA_UF":"SP"}},{"arcs":[[-1506,-1524,-1570,1602,-1557]],"type":"Polygon","properties":{"CD_MUN":"3546009","NM_MUN":"Santa Branca","SIGLA_UF":"SP"}},{"arcs":[[-1529,-1597,1603,1604,-1552,-1545]],"type":"Polygon","properties":{"CD_MUN":"3547304","NM_MUN":"Santana de Parnaíba","SIGLA_UF":"SP"}},{"arcs":[[-1485,-1543,1605,1606,1607,1608,-1571]],"type":"Polygon","properties":{"CD_MUN":"3522802","NM_MUN":"Itaporanga","SIGLA_UF":"SP"}},{"arcs":[[-1470,-1556,1609,1610,-1547]],"type":"Polygon","properties":{"CD_MUN":"3528403","NM_MUN":"Mairinque","SIGLA_UF":"SP"}},{"arcs":[[-1532,-1550,1611,1612,-1563]],"type":"Polygon","properties":{"CD_MUN":"3502903","NM_MUN":"Araçoiaba da Serra","SIGLA_UF":"SP"}},{"arcs":[[-1478,1613,-1606,-1542,-1544]],"type":"Polygon","properties":{"CD_MUN":"3512605","NM_MUN":"Coronel Macedo","SIGLA_UF":"SP"}},{"arcs":[[-1535,-1562,-1602,1614,1615,-1580]],"type":"Polygon","properties":{"CD_MUN":"3523107","NM_MUN":"Itaquaquecetuba","SIGLA_UF":"SP"}},{"arcs":[[-1595,1616,1617,1618]],"type":"Polygon","properties":{"CD_MUN":"3534401","NM_MUN":"Osasco","SIGLA_UF":"SP"}},{"arcs":[[-1499,-1503,-1579,1619,1620]],"type":"Polygon","properties":{"CD_MUN":"3508009","NM_MUN":"Buri","SIGLA_UF":"SP"}},{"arcs":[[-1596,-1619,1621,1622,1623,-1604]],"type":"Polygon","properties":{"CD_MUN":"3505708","NM_MUN":"Barueri","SIGLA_UF":"SP"}},{"arcs":[[-1564,-1613,1624,1625,-1575]],"type":"Polygon","properties":{"CD_MUN":"3551108","NM_MUN":"Sarapuí","SIGLA_UF":"SP"}},{"arcs":[[-1553,-1605,-1624,1626,1627]],"type":"Polygon","properties":{"CD_MUN":"3522505","NM_MUN":"Itapevi","SIGLA_UF":"SP"}},{"arcs":[[-1548,-1611,1628,1629,1630]],"type":"Polygon","properties":{"CD_MUN":"3557006","NM_MUN":"Votorantim","SIGLA_UF":"SP"}},{"arcs":[[-1623,1631,1632,-1627]],"type":"Polygon","properties":{"CD_MUN":"3525003","NM_MUN":"Jandira","SIGLA_UF":"SP"}},{"arcs":[[-1618,1633,-1632,-1622]],"type":"Polygon","properties":{"CD_MUN":"3510609","NM_MUN":"Carapicuíba","SIGLA_UF":"SP"}},{"arcs":[[-1601,1634,1635,1636,1637,1638,1639,-1615]],"type":"Polygon","properties":{"CD_MUN":"3552502","NM_MUN":"Suzano","SIGLA_UF":"SP"}},{"arcs":[[-1476,-1500,-1621,1640,1641,1642,1643,1644,1645]],"type":"Polygon","properties":{"CD_MUN":"3522406","NM_MUN":"Itapeva","SIGLA_UF":"SP"}},{"arcs":[[-1558,-1603,-1569,1646,1647,1648,1649]],"type":"Polygon","properties":{"CD_MUN":"3545001","NM_MUN":"Salesópolis","SIGLA_UF":"SP"}},{"arcs":[[-1616,-1640,1650]],"type":"Polygon","properties":{"CD_MUN":"3539806","NM_MUN":"Poá","SIGLA_UF":"SP"}},{"arcs":[[-1581,-1651,-1639,1651]],"type":"Polygon","properties":{"CD_MUN":"3515707","NM_MUN":"Ferraz de Vasconcelos","SIGLA_UF":"SP"}},{"arcs":[[-1549,-1631,1652,1653,-1625,-1612]],"type":"Polygon","properties":{"CD_MUN":"3545308","NM_MUN":"Salto de Pirapora","SIGLA_UF":"SP"}},{"arcs":[[-1559,-1650,1654,-1598]],"type":"Polygon","properties":{"CD_MUN":"3506607","NM_MUN":"Biritiba-Mirim","SIGLA_UF":"SP"}},{"arcs":[[-1554,-1628,-1633,-1634,-1617,1655,1656,1657,1658]],"type":"Polygon","properties":{"CD_MUN":"3513009","NM_MUN":"Cotia","SIGLA_UF":"SP"}},{"arcs":[[-1539,1659,1660,-1647,-1568,-1566]],"type":"Polygon","properties":{"CD_MUN":"3510500","NM_MUN":"Caraguatatuba","SIGLA_UF":"SP"}},{"arcs":[[-1555,-1659,1661,1662,1663,1664,1665,-1629,-1610]],"type":"Polygon","properties":{"CD_MUN":"3519709","NM_MUN":"Ibiúna","SIGLA_UF":"SP"}},{"arcs":[[-1630,-1666,1666,1667,-1653]],"type":"Polygon","properties":{"CD_MUN":"3537800","NM_MUN":"Piedade","SIGLA_UF":"SP"}},{"arcs":[[-1594,1668,-1656]],"type":"Polygon","properties":{"CD_MUN":"3552809","NM_MUN":"Taboão da Serra","SIGLA_UF":"SP"}},{"arcs":[[-1477,-1646,1669,1670,-1607,-1614]],"type":"Polygon","properties":{"CD_MUN":"3521705","NM_MUN":"Itaberá","SIGLA_UF":"SP"}},{"arcs":[[-1593,1671,-1657,-1669]],"type":"Polygon","properties":{"CD_MUN":"3515004","NM_MUN":"Embu","SIGLA_UF":"SP"}},{"arcs":[[-1584,1672,1673]],"type":"Polygon","properties":{"CD_MUN":"3548807","NM_MUN":"São Caetano do Sul","SIGLA_UF":"SP"}},{"arcs":[[-1583,1674,1675,1676,-1635,-1600,1677,1678,1679,-1673]],"type":"Polygon","properties":{"CD_MUN":"3547809","NM_MUN":"Santo André","SIGLA_UF":"SP"}},{"arcs":[[-1582,-1652,-1638,1680,-1675]],"type":"Polygon","properties":{"CD_MUN":"3529401","NM_MUN":"Mauá","SIGLA_UF":"SP"}},{"arcs":[[-1637,1681,-1676,-1681]],"type":"Polygon","properties":{"CD_MUN":"3543303","NM_MUN":"Ribeirão Pires","SIGLA_UF":"SP"}},{"arcs":[[-1585,-1674,-1680,1682,1683,-1587,1684]],"type":"Polygon","properties":{"CD_MUN":"3548708","NM_MUN":"São Bernardo do Campo","SIGLA_UF":"SP"}},{"arcs":[[-1608,-1671,1685,1686,1687,1688]],"type":"Polygon","properties":{"CD_MUN":"3543501","NM_MUN":"Riversul","SIGLA_UF":"SP"}},{"arcs":[[-1592,1689,1690,-1662,-1658,-1672]],"type":"Polygon","properties":{"CD_MUN":"3522208","NM_MUN":"Itapecerica da Serra","SIGLA_UF":"SP"}},{"arcs":[[-1586,-1685]],"type":"Polygon","properties":{"CD_MUN":"3513801","NM_MUN":"Diadema","SIGLA_UF":"SP"}},{"arcs":[[-1576,-1626,-1654,-1668,1691,1692]],"type":"Polygon","properties":{"CD_MUN":"3537909","NM_MUN":"Pilar do Sul","SIGLA_UF":"SP"}},{"arcs":[[-1599,-1655,-1649,1693,1694,1695,1696,1697,1698,-1678]],"type":"Polygon","properties":{"CD_MUN":"3548500","NM_MUN":"Santos","SIGLA_UF":"SP"}},{"arcs":[[-1577,-1693,1699,1700,1701]],"type":"Polygon","properties":{"CD_MUN":"3550209","NM_MUN":"São Miguel Arcanjo","SIGLA_UF":"SP"}},{"arcs":[[-1648,-1661,1702,-1694]],"type":"Polygon","properties":{"CD_MUN":"3550704","NM_MUN":"São Sebastião","SIGLA_UF":"SP"}},{"arcs":[[-1636,-1677,-1682]],"type":"Polygon","properties":{"CD_MUN":"3544103","NM_MUN":"Rio Grande da Serra","SIGLA_UF":"SP"}},{"arcs":[[-1578,-1702,1703,1704,1705,1706,-1641,-1620]],"type":"Polygon","properties":{"CD_MUN":"3510203","NM_MUN":"Capão Bonito","SIGLA_UF":"SP"}},{"arcs":[[-1591,1707,-1690]],"type":"Polygon","properties":{"CD_MUN":"3515103","NM_MUN":"EmbuGuaçu","SIGLA_UF":"SP"}},{"arcs":[[-1645,1708,1709,-1686,-1670]],"type":"Polygon","properties":{"CD_MUN":"3523206","NM_MUN":"Itararé","SIGLA_UF":"SP"}},{"arcs":[[1710]],"type":"Polygon","properties":{"CD_MUN":"3520400","NM_MUN":"Ilhabela","SIGLA_UF":"SP"}},{"arcs":[[-1679,-1699,1711,-1683]],"type":"Polygon","properties":{"CD_MUN":"3513504","NM_MUN":"Cubatão","SIGLA_UF":"SP"}},{"arcs":[[-1590,1712,1713,1714,-1663,-1691,-1708]],"type":"Polygon","properties":{"CD_MUN":"3526209","NM_MUN":"Juquitiba","SIGLA_UF":"SP"}},{"arcs":[[-1665,1715,1716,1717,-1700,-1692,-1667]],"type":"Polygon","properties":{"CD_MUN":"3553500","NM_MUN":"Tapiraí","SIGLA_UF":"SP"}},{"arcs":[[-1696,1718]],"type":"Polygon","properties":{"CD_MUN":"3518701","NM_MUN":"Guarujá","SIGLA_UF":"SP"}},{"arcs":[[-1588,-1684,-1712,-1698,1719,1720,1721,1722]],"type":"Polygon","properties":{"CD_MUN":"3551009","NM_MUN":"São Vicente","SIGLA_UF":"SP"}},{"arcs":[[-1589,-1723,1723,1724,1725,1726,-1713]],"type":"Polygon","properties":{"CD_MUN":"3522109","NM_MUN":"Itanhaém","SIGLA_UF":"SP"}},{"arcs":[[-1721,1727,1728]],"type":"Polygon","properties":{"CD_MUN":"3541000","NM_MUN":"Praia Grande","SIGLA_UF":"SP"}},{"arcs":[[-1714,-1727,1729,1730,1731,1732]],"type":"Polygon","properties":{"CD_MUN":"3537206","NM_MUN":"Pedro de Toledo","SIGLA_UF":"SP"}},{"arcs":[[-1664,-1715,-1733,1733,1734,-1716]],"type":"Polygon","properties":{"CD_MUN":"3529906","NM_MUN":"Miracatu","SIGLA_UF":"SP"}},{"arcs":[[-1717,-1735,1735,1736,1737]],"type":"Polygon","properties":{"CD_MUN":"3526100","NM_MUN":"Juquiá","SIGLA_UF":"SP"}},{"arcs":[[-1722,-1729,1738,-1724]],"type":"Polygon","properties":{"CD_MUN":"3531100","NM_MUN":"Mongaguá","SIGLA_UF":"SP"}},{"arcs":[[-1642,-1707,1739,1740,1741]],"type":"Polygon","properties":{"CD_MUN":"3517604","NM_MUN":"Guapiara","SIGLA_UF":"SP"}},{"arcs":[[-1701,-1718,-1738,1742,1743,-1704]],"type":"Polygon","properties":{"CD_MUN":"3551801","NM_MUN":"Sete Barras","SIGLA_UF":"SP"}},{"arcs":[[-1643,-1742,1744]],"type":"Polygon","properties":{"CD_MUN":"3543006","NM_MUN":"Ribeirão Branco","SIGLA_UF":"SP"}},{"arcs":[[-1726,1745,1746,1747,-1730]],"type":"Polygon","properties":{"CD_MUN":"3537602","NM_MUN":"Peruíbe","SIGLA_UF":"SP"}},{"arcs":[[-1705,-1744,1748,1749,1750,1751]],"type":"Polygon","properties":{"CD_MUN":"3514809","NM_MUN":"Eldorado","SIGLA_UF":"SP"}},{"arcs":[[-1644,-1745,-1741,1752,1753,1754,1755,1756,-1709]],"type":"Polygon","properties":{"CD_MUN":"3502705","NM_MUN":"Apiaí","SIGLA_UF":"SP"}},{"arcs":[[-1731,-1748,1757]],"type":"Polygon","properties":{"CD_MUN":"3523305","NM_MUN":"Itariri","SIGLA_UF":"SP"}},{"arcs":[[-1706,-1752,1758,1759,-1753,-1740]],"type":"Polygon","properties":{"CD_MUN":"3521200","NM_MUN":"Iporanga","SIGLA_UF":"SP"}},{"arcs":[[-1737,1760,1761,1762,-1749,-1743]],"type":"Polygon","properties":{"CD_MUN":"3542602","NM_MUN":"Registro","SIGLA_UF":"SP"}},{"arcs":[[-1732,-1758,-1747,1763,1764,1765,-1761,-1736,-1734]],"type":"Polygon","properties":{"CD_MUN":"3520301","NM_MUN":"Iguape","SIGLA_UF":"SP"}},{"arcs":[[-1755,1766,1767]],"type":"Polygon","properties":{"CD_MUN":"3542800","NM_MUN":"Ribeira","SIGLA_UF":"SP"}},{"arcs":[[-1750,-1763,1768,1769,1770]],"type":"Polygon","properties":{"CD_MUN":"3524600","NM_MUN":"Jacupiranga","SIGLA_UF":"SP"}},{"arcs":[[-1762,-1766,1771,-1769]],"type":"Polygon","properties":{"CD_MUN":"3536208","NM_MUN":"Pariquera-Açu","SIGLA_UF":"SP"}},{"arcs":[[-1751,-1771,1772,1773,1774,1775,1776,-1759]],"type":"Polygon","properties":{"CD_MUN":"3505401","NM_MUN":"Barra do Turvo","SIGLA_UF":"SP"}},{"arcs":[[-1765,1777,1778,-1773,-1770,-1772]],"type":"Polygon","properties":{"CD_MUN":"3509908","NM_MUN":"Cananéia","SIGLA_UF":"SP"}},{"arcs":[[1779,1780,1781,1782,1783,1784,1785]],"type":"Polygon","properties":{"CD_MUN":"2801207","NM_MUN":"Canindé de São Francisco","SIGLA_UF":"SE"}},{"arcs":[[-1783,1786,1787,1788,1789,1790]],"type":"Polygon","properties":{"CD_MUN":"2805406","NM_MUN":"Poço Redondo","SIGLA_UF":"SE"}},{"arcs":[[-1789,1791,1792,1793,1794]],"type":"Polygon","properties":{"CD_MUN":"2805604","NM_MUN":"Porto da Folha","SIGLA_UF":"SE"}},{"arcs":[[-1794,1795,1796,1797,1798,1799,1800]],"type":"Polygon","properties":{"CD_MUN":"2802403","NM_MUN":"Gararu","SIGLA_UF":"SE"}},{"arcs":[[-1790,-1795,1801,1802]],"type":"Polygon","properties":{"CD_MUN":"2804201","NM_MUN":"Monte Alegre de Sergipe","SIGLA_UF":"SE"}},{"arcs":[[-1799,1803,1804,1805]],"type":"Polygon","properties":{"CD_MUN":"2803104","NM_MUN":"Itabi","SIGLA_UF":"SE"}},{"arcs":[[-1798,1806,1807,-1804]],"type":"Polygon","properties":{"CD_MUN":"2804706","NM_MUN":"Nossa Senhora de Lourdes","SIGLA_UF":"SE"}},{"arcs":[[-1801,1808,1809,1810,1811,1812,1813,-1802]],"type":"Polygon","properties":{"CD_MUN":"2804508","NM_MUN":"Nossa Senhora da Glória","SIGLA_UF":"SE"}},{"arcs":[[-1805,-1808,1814,1815,1816,1817]],"type":"Polygon","properties":{"CD_MUN":"2801108","NM_MUN":"Canhoba","SIGLA_UF":"SE"}},{"arcs":[[-1817,1818,1819]],"type":"Polygon","properties":{"CD_MUN":"2800100","NM_MUN":"Amparo de São Francisco","SIGLA_UF":"SE"}},{"arcs":[[-1800,-1806,1820,1821,1822,-1809]],"type":"Polygon","properties":{"CD_MUN":"2802601","NM_MUN":"Gracho Cardoso","SIGLA_UF":"SE"}},{"arcs":[[-1820,1823,1824,1825,1826,1827]],"type":"Polygon","properties":{"CD_MUN":"2807303","NM_MUN":"Telha","SIGLA_UF":"SE"}},{"arcs":[[-1813,1828,1829,1830,1831,1832]],"type":"Polygon","properties":{"CD_MUN":"2801405","NM_MUN":"Carira","SIGLA_UF":"SE"}},{"arcs":[[-1818,-1828,1833,1834,1835,1836,1837,-1821]],"type":"Polygon","properties":{"CD_MUN":"2800209","NM_MUN":"Aquidabã","SIGLA_UF":"SE"}},{"arcs":[[-1826,1838,1839,1840,1841,1842,1843]],"type":"Polygon","properties":{"CD_MUN":"2805703","NM_MUN":"Propriá","SIGLA_UF":"SE"}},{"arcs":[[-1810,-1823,1844,1845,1846]],"type":"Polygon","properties":{"CD_MUN":"2802205","NM_MUN":"Feira Nova","SIGLA_UF":"SE"}},{"arcs":[[-1812,1847,1848,1849,-1829]],"type":"Polygon","properties":{"CD_MUN":"2804458","NM_MUN":"Nossa Senhora Aparecida","SIGLA_UF":"SE"}},{"arcs":[[-1822,-1838,1850,1851,-1845]],"type":"Polygon","properties":{"CD_MUN":"2801900","NM_MUN":"Cumbe","SIGLA_UF":"SE"}},{"arcs":[[-1811,-1847,1852,1853,-1848]],"type":"Polygon","properties":{"CD_MUN":"2807006","NM_MUN":"São Miguel do Aleixo","SIGLA_UF":"SE"}},{"arcs":[[-1827,-1844,1854,1855,-1834]],"type":"Polygon","properties":{"CD_MUN":"2801603","NM_MUN":"Cedro de São João","SIGLA_UF":"SE"}},{"arcs":[[-1841,1856,1857,1858,1859,1860]],"type":"Polygon","properties":{"CD_MUN":"2804409","NM_MUN":"Neópolis","SIGLA_UF":"SE"}},{"arcs":[[-1843,1861,1862,1863,-1855]],"type":"Polygon","properties":{"CD_MUN":"2806909","NM_MUN":"São Francisco","SIGLA_UF":"SE"}},{"arcs":[[-1846,-1852,1864,1865,1866,1867,1868,1869,-1853]],"type":"Polygon","properties":{"CD_MUN":"2804607","NM_MUN":"Nossa Senhora das Dores","SIGLA_UF":"SE"}},{"arcs":[[-1835,-1856,-1864,1870]],"type":"Polygon","properties":{"CD_MUN":"2803807","NM_MUN":"Malhada dos Bois","SIGLA_UF":"SE"}},{"arcs":[[-1842,-1861,1871,1872,1873,-1862]],"type":"Polygon","properties":{"CD_MUN":"2803401","NM_MUN":"Japoatã","SIGLA_UF":"SE"}},{"arcs":[[-1836,-1871,-1863,1874,1875]],"type":"Polygon","properties":{"CD_MUN":"2804300","NM_MUN":"Muribeca","SIGLA_UF":"SE"}},{"arcs":[[-1837,-1876,1876,1877,1878,-1865,-1851]],"type":"Polygon","properties":{"CD_MUN":"2801306","NM_MUN":"Capela","SIGLA_UF":"SE"}},{"arcs":[[-1830,-1850,1879,1880,1881,1882,1883]],"type":"Polygon","properties":{"CD_MUN":"2802304","NM_MUN":"Frei Paulo","SIGLA_UF":"SE"}},{"arcs":[[-1849,-1854,-1870,1884,1885,-1880]],"type":"Polygon","properties":{"CD_MUN":"2806008","NM_MUN":"Ribeirópolis","SIGLA_UF":"SE"}},{"arcs":[[-1860,1886,1887,1888,1889,-1872]],"type":"Polygon","properties":{"CD_MUN":"2804904","NM_MUN":"Pacatuba","SIGLA_UF":"SE"}},{"arcs":[[-1874,1890,1891,-1877,-1875]],"type":"Polygon","properties":{"CD_MUN":"2803302","NM_MUN":"Japaratuba","SIGLA_UF":"SE"}},{"arcs":[[-1859,1892,1893,-1887]],"type":"Polygon","properties":{"CD_MUN":"2802700","NM_MUN":"Ilha das Flores","SIGLA_UF":"SE"}},{"arcs":[[-1888,-1894,1894,1895]],"type":"Polygon","properties":{"CD_MUN":"2800704","NM_MUN":"Brejo Grande","SIGLA_UF":"SE"}},{"arcs":[[-1866,-1879,1896,1897]],"type":"Polygon","properties":{"CD_MUN":"2807204","NM_MUN":"Siriri","SIGLA_UF":"SE"}},{"arcs":[[-1831,-1884,1898,1899,1900,1901]],"type":"Polygon","properties":{"CD_MUN":"2805208","NM_MUN":"Pinhão","SIGLA_UF":"SE"}},{"arcs":[[-1883,1902,1903,1904,-1899]],"type":"Polygon","properties":{"CD_MUN":"2805000","NM_MUN":"Pedra Mole","SIGLA_UF":"SE"}},{"arcs":[[-1869,1905,1906,1907,-1885]],"type":"Polygon","properties":{"CD_MUN":"2804102","NM_MUN":"Moita Bonita","SIGLA_UF":"SE"}},{"arcs":[[-1881,-1886,-1908,1908,1909,1910,1911]],"type":"Polygon","properties":{"CD_MUN":"2802908","NM_MUN":"Itabaiana","SIGLA_UF":"SE"}},{"arcs":[[-1900,-1905,1912,1913,1914,1915,1916]],"type":"Polygon","properties":{"CD_MUN":"2807105","NM_MUN":"Simão Dias","SIGLA_UF":"SE"}},{"arcs":[[-1868,1917,1918,1919,-1906]],"type":"Polygon","properties":{"CD_MUN":"2806503","NM_MUN":"Santa Rosa de Lima","SIGLA_UF":"SE"}},{"arcs":[[-1882,-1912,1920,1921,1922,-1903]],"type":"Polygon","properties":{"CD_MUN":"2803708","NM_MUN":"Macambira","SIGLA_UF":"SE"}},{"arcs":[[-1907,-1920,1923,1924,-1909]],"type":"Polygon","properties":{"CD_MUN":"2803906","NM_MUN":"Malhador","SIGLA_UF":"SE"}},{"arcs":[[-1873,-1890,1925,1926,1927,1928,-1891]],"type":"Polygon","properties":{"CD_MUN":"2805307","NM_MUN":"Pirambu","SIGLA_UF":"SE"}},{"arcs":[[-1867,-1898,1929,1930,1931,-1918]],"type":"Polygon","properties":{"CD_MUN":"2802007","NM_MUN":"Divina Pastora","SIGLA_UF":"SE"}},{"arcs":[[-1878,1932,1933,1934,1935,-1930,-1897]],"type":"Polygon","properties":{"CD_MUN":"2806107","NM_MUN":"Rosário do Catete","SIGLA_UF":"SE"}},{"arcs":[[-1892,-1929,1936,1937,-1933]],"type":"Polygon","properties":{"CD_MUN":"2801504","NM_MUN":"Carmópolis","SIGLA_UF":"SE"}},{"arcs":[[-1916,1938,1939,1940,1941,1942]],"type":"Polygon","properties":{"CD_MUN":"2805505","NM_MUN":"Poço Verde","SIGLA_UF":"SE"}},{"arcs":[[-1931,-1936,1943,1944]],"type":"Polygon","properties":{"CD_MUN":"2804003","NM_MUN":"Maruim","SIGLA_UF":"SE"}},{"arcs":[[-1911,1945,1946,1947,-1921]],"type":"Polygon","properties":{"CD_MUN":"2801009","NM_MUN":"Campo do Brito","SIGLA_UF":"SE"}},{"arcs":[[-1919,-1932,1948,1949,-1924]],"type":"Polygon","properties":{"CD_MUN":"2805901","NM_MUN":"Riachuelo","SIGLA_UF":"SE"}},{"arcs":[[-1904,-1923,1950,-1947,1951,1952,1953,1954,-1913]],"type":"Polygon","properties":{"CD_MUN":"2803500","NM_MUN":"Lagarto","SIGLA_UF":"SE"}},{"arcs":[[-1922,-1948,-1951]],"type":"Polygon","properties":{"CD_MUN":"2806800","NM_MUN":"São Domingos","SIGLA_UF":"SE"}},{"arcs":[[-1934,-1938,1955]],"type":"Polygon","properties":{"CD_MUN":"2802502","NM_MUN":"General Maynard","SIGLA_UF":"SE"}},{"arcs":[[-1928,1956,1957,1958,1959,-1944,-1935,-1956,-1937]],"type":"Polygon","properties":{"CD_MUN":"2806602","NM_MUN":"Santo Amaro das Brotas","SIGLA_UF":"SE"}},{"arcs":[[-1910,-1925,-1950,1960,1961]],"type":"Polygon","properties":{"CD_MUN":"2800506","NM_MUN":"Areia Branca","SIGLA_UF":"SE"}},{"arcs":[[-1915,1962,1963,1964,1965,-1939]],"type":"Polygon","properties":{"CD_MUN":"2807402","NM_MUN":"Tobias Barreto","SIGLA_UF":"SE"}},{"arcs":[[-1945,-1960,1966,-1961,-1949]],"type":"Polygon","properties":{"CD_MUN":"2803609","NM_MUN":"Laranjeiras","SIGLA_UF":"SE"}},{"arcs":[[-1927,1967,1968,-1957]],"type":"Polygon","properties":{"CD_MUN":"2800605","NM_MUN":"Barra dos Coqueiros","SIGLA_UF":"SE"}},{"arcs":[[-1946,-1962,1969,1970,1971,1972,1973,-1952]],"type":"Polygon","properties":{"CD_MUN":"2803203","NM_MUN":"Itaporanga d'Ajuda","SIGLA_UF":"SE"}},{"arcs":[[-1959,1974,1975,-1967]],"type":"Polygon","properties":{"CD_MUN":"2804805","NM_MUN":"Nossa Senhora do Socorro","SIGLA_UF":"SE"}},{"arcs":[[-1970,-1976,1976]],"type":"Polygon","properties":{"CD_MUN":"2806701","NM_MUN":"São Cristóvão","SIGLA_UF":"SE"}},{"arcs":[[-1914,-1955,1977,1978,-1963]],"type":"Polygon","properties":{"CD_MUN":"2805802","NM_MUN":"Riachão do Dantas","SIGLA_UF":"SE"}},{"arcs":[[-1958,-1969,1979,-1971,-1977,-1975]],"type":"Polygon","properties":{"CD_MUN":"2800308","NM_MUN":"Aracaju","SIGLA_UF":"SE"}},{"arcs":[[-1953,-1974,1980,1981]],"type":"Polygon","properties":{"CD_MUN":"2806206","NM_MUN":"Salgado","SIGLA_UF":"SE"}},{"arcs":[[-1954,-1982,1982,1983,1984,-1978]],"type":"Polygon","properties":{"CD_MUN":"2800670","NM_MUN":"Boquim","SIGLA_UF":"SE"}},{"arcs":[[-1973,1985,1986,1987,1988,1989,-1981]],"type":"Polygon","properties":{"CD_MUN":"2802106","NM_MUN":"Estância","SIGLA_UF":"SE"}},{"arcs":[[-1964,-1979,-1985,1990,1991,1992,1993,1994]],"type":"Polygon","properties":{"CD_MUN":"2803005","NM_MUN":"Itabaianinha","SIGLA_UF":"SE"}},{"arcs":[[-1984,1995,-1991]],"type":"Polygon","properties":{"CD_MUN":"2805109","NM_MUN":"Pedrinhas","SIGLA_UF":"SE"}},{"arcs":[[-1983,-1990,1996,-1992,-1996]],"type":"Polygon","properties":{"CD_MUN":"2800407","NM_MUN":"Arauá","SIGLA_UF":"SE"}},{"arcs":[[-1965,-1995,1997,1998,1999]],"type":"Polygon","properties":{"CD_MUN":"2807501","NM_MUN":"Tomar do Geru","SIGLA_UF":"SE"}},{"arcs":[[-1989,2000,2001,-1997]],"type":"Polygon","properties":{"CD_MUN":"2806305","NM_MUN":"Santa Luzia do Itanhy","SIGLA_UF":"SE"}},{"arcs":[[-1993,-2002,2002,2003]],"type":"Polygon","properties":{"CD_MUN":"2807600","NM_MUN":"Umbaúba","SIGLA_UF":"SE"}},{"arcs":[[-1988,2004,2005,-2003,-2001]],"type":"Polygon","properties":{"CD_MUN":"2802809","NM_MUN":"Indiaroba","SIGLA_UF":"SE"}},{"arcs":[[-1994,-2004,-2006,2006,2007,-1998]],"type":"Polygon","properties":{"CD_MUN":"2801702","NM_MUN":"Cristinápolis","SIGLA_UF":"SE"}},{"arcs":[[2008,2009,2010,2011,2012,2013,2014]],"type":"Polygon","properties":{"CD_MUN":"4203808","NM_MUN":"Canoinhas","SIGLA_UF":"SC"}},{"arcs":[[2015,2016,2017,2018,2019]],"type":"Polygon","properties":{"CD_MUN":"4205803","NM_MUN":"Garuva","SIGLA_UF":"SC"}},{"arcs":[[2020,2021,2022,2023,2024,2025,2026,2027,2028]],"type":"Polygon","properties":{"CD_MUN":"4210100","NM_MUN":"Mafra","SIGLA_UF":"SC"}},{"arcs":[[-2020,2029,2030,2031,2032,2033,2034,2035]],"type":"Polygon","properties":{"CD_MUN":"4203303","NM_MUN":"Campo Alegre","SIGLA_UF":"SC"}},{"arcs":[[-2010,2036,2037,-2028,2038,2039]],"type":"Polygon","properties":{"CD_MUN":"4218301","NM_MUN":"Três Barras","SIGLA_UF":"SC"}},{"arcs":[[-2019,2040,2041,2042,2043,2044,-2030]],"type":"Polygon","properties":{"CD_MUN":"4209102","NM_MUN":"Joinville","SIGLA_UF":"SC"}},{"arcs":[[-2018,2045,2046,-2041]],"type":"Polygon","properties":{"CD_MUN":"4216206","NM_MUN":"São Francisco do Sul","SIGLA_UF":"SC"}},{"arcs":[[-2013,2047,2048,2049]],"type":"Polygon","properties":{"CD_MUN":"4207908","NM_MUN":"Irineópolis","SIGLA_UF":"SC"}},{"arcs":[[-2032,2050,2051,2052,2053,2054]],"type":"Polygon","properties":{"CD_MUN":"4215802","NM_MUN":"São Bento do Sul","SIGLA_UF":"SC"}},{"arcs":[[2055,2056,2057,2058,2059,2060]],"type":"Polygon","properties":{"CD_MUN":"4205001","NM_MUN":"Dionísio Cerqueira","SIGLA_UF":"SC"}},{"arcs":[[-2056,2061,2062,2063,2064,2065,2066]],"type":"Polygon","properties":{"CD_MUN":"4212007","NM_MUN":"Palma Sola","SIGLA_UF":"SC"}},{"arcs":[[-2049,2067,2068,2069,2070,2071,2072]],"type":"Polygon","properties":{"CD_MUN":"4213609","NM_MUN":"Porto União","SIGLA_UF":"SC"}},{"arcs":[[-2027,2073,2074,2075,2076,-2039]],"type":"Polygon","properties":{"CD_MUN":"4212205","NM_MUN":"Papanduva","SIGLA_UF":"SC"}},{"arcs":[[-2023,2077,-2053,2078,2079,2080]],"type":"Polygon","properties":{"CD_MUN":"4215000","NM_MUN":"Rio Negrinho","SIGLA_UF":"SC"}},{"arcs":[[-2031,-2045,2081,2082,2083,2084,2085,2086,2087,-2051]],"type":"Polygon","properties":{"CD_MUN":"4208906","NM_MUN":"Jaraguá do Sul","SIGLA_UF":"SC"}},{"arcs":[[-2026,2088,2089,-2074]],"type":"Polygon","properties":{"CD_MUN":"4208104","NM_MUN":"Itaiópolis","SIGLA_UF":"SC"}},{"arcs":[[-2011,-2040,-2077,2090,2091]],"type":"Polygon","properties":{"CD_MUN":"4210308","NM_MUN":"Major Vieira","SIGLA_UF":"SC"}},{"arcs":[[-2064,2092,2093,2094,2095,2096,2097,2098,2099]],"type":"Polygon","properties":{"CD_MUN":"4203501","NM_MUN":"Campo Erê","SIGLA_UF":"SC"}},{"arcs":[[2100,2101,2102,2103]],"type":"Polygon","properties":{"CD_MUN":"4205605","NM_MUN":"Galvão","SIGLA_UF":"SC"}},{"arcs":[[-2095,2104,2105,-2103,2106,2107]],"type":"Polygon","properties":{"CD_MUN":"4216909","NM_MUN":"São Lourenço do Oeste","SIGLA_UF":"SC"}},{"arcs":[[-2057,-2067,2108]],"type":"Polygon","properties":{"CD_MUN":"4206603","NM_MUN":"Guarujá do Sul","SIGLA_UF":"SC"}},{"arcs":[[-2058,-2109,-2066,2109,2110,2111]],"type":"Polygon","properties":{"CD_MUN":"4216701","NM_MUN":"São José do Cedro","SIGLA_UF":"SC"}},{"arcs":[[-2044,2112,-2082]],"type":"Polygon","properties":{"CD_MUN":"4217402","NM_MUN":"Schroeder","SIGLA_UF":"SC"}},{"arcs":[[-2052,-2088,2113,-2079]],"type":"Polygon","properties":{"CD_MUN":"4204509","NM_MUN":"Corupá","SIGLA_UF":"SC"}},{"arcs":[[-2042,-2047,2114,2115,2116,2117]],"type":"Polygon","properties":{"CD_MUN":"4201307","NM_MUN":"Araquari","SIGLA_UF":"SC"}},{"arcs":[[-2102,2118,2119,2120,2121,2122,2123,-2107]],"type":"Polygon","properties":{"CD_MUN":"4216107","NM_MUN":"São Domingos","SIGLA_UF":"SC"}},{"arcs":[[-2069,2124,2125,2126,2127]],"type":"Polygon","properties":{"CD_MUN":"4210704","NM_MUN":"Matos Costa","SIGLA_UF":"SC"}},{"arcs":[[-2121,2128,2129,2130,2131,2132,2133]],"type":"Polygon","properties":{"CD_MUN":"4200101","NM_MUN":"Abelardo Luz","SIGLA_UF":"SC"}},{"arcs":[[-2065,-2100,2134,2135,2136,-2110]],"type":"Polygon","properties":{"CD_MUN":"4200804","NM_MUN":"Anchieta","SIGLA_UF":"SC"}},{"arcs":[[-2043,-2118,2137,-2083,-2113]],"type":"Polygon","properties":{"CD_MUN":"4206504","NM_MUN":"Guaramirim","SIGLA_UF":"SC"}},{"arcs":[[-2076,2138,2139,-2091]],"type":"Polygon","properties":{"CD_MUN":"4211108","NM_MUN":"Monte Castelo","SIGLA_UF":"SC"}},{"arcs":[[-2111,-2137,2140,2141]],"type":"Polygon","properties":{"CD_MUN":"4206405","NM_MUN":"Guaraciaba","SIGLA_UF":"SC"}},{"arcs":[[-2012,-2092,-2140,2142,2143,2144,2145,-2125,-2068,-2048]],"type":"Polygon","properties":{"CD_MUN":"4215505","NM_MUN":"Santa Cecília","SIGLA_UF":"SC"}},{"arcs":[[-2099,2146,2147,-2135]],"type":"Polygon","properties":{"CD_MUN":"4215208","NM_MUN":"Romelândia","SIGLA_UF":"SC"}},{"arcs":[[-2080,-2114,-2087,2148,2149,2150]],"type":"Polygon","properties":{"CD_MUN":"4214706","NM_MUN":"Rio dos Cedros","SIGLA_UF":"SC"}},{"arcs":[[-2131,2151,2152,2153,2154,2155,2156,2157]],"type":"Polygon","properties":{"CD_MUN":"4213401","NM_MUN":"Ponte Serrada","SIGLA_UF":"SC"}},{"arcs":[[-2153,2158,2159,2160,2161,2162,2163,2164,2165,2166]],"type":"Polygon","properties":{"CD_MUN":"4200408","NM_MUN":"Água Doce","SIGLA_UF":"SC"}},{"arcs":[[-2136,-2148,2167,2168,2169,-2141]],"type":"Polygon","properties":{"CD_MUN":"4217204","NM_MUN":"São Miguel do Oeste","SIGLA_UF":"SC"}},{"arcs":[[-2096,-2108,-2124,2170,2171,2172]],"type":"Polygon","properties":{"CD_MUN":"4214201","NM_MUN":"Quilombo","SIGLA_UF":"SC"}},{"arcs":[[-2084,-2138,-2117,2173,2174,2175]],"type":"Polygon","properties":{"CD_MUN":"4210605","NM_MUN":"Massaranduba","SIGLA_UF":"SC"}},{"arcs":[[-2116,2176,2177,2178,-2174]],"type":"Polygon","properties":{"CD_MUN":"4202107","NM_MUN":"Barra Velha","SIGLA_UF":"SC"}},{"arcs":[[-2097,-2173,2179,2180,2181,2182,2183]],"type":"Polygon","properties":{"CD_MUN":"4210902","NM_MUN":"Modelo","SIGLA_UF":"SC"}},{"arcs":[[-2122,-2134,2184,2185,2186,2187]],"type":"Polygon","properties":{"CD_MUN":"4219507","NM_MUN":"Xanxerê","SIGLA_UF":"SC"}},{"arcs":[[-2098,-2184,2188,2189,-2168,-2147]],"type":"Polygon","properties":{"CD_MUN":"4210506","NM_MUN":"Maravilha","SIGLA_UF":"SC"}},{"arcs":[[-2024,-2081,-2151,2190,2191,2192,2193]],"type":"Polygon","properties":{"CD_MUN":"4202206","NM_MUN":"Benedito Novo","SIGLA_UF":"SC"}},{"arcs":[[-2127,2194,2195,2196,2197,-2161,2198]],"type":"Polygon","properties":{"CD_MUN":"4203006","NM_MUN":"Caçador","SIGLA_UF":"SC"}},{"arcs":[[-2123,-2188,2199,2200,2201,-2171]],"type":"Polygon","properties":{"CD_MUN":"4219705","NM_MUN":"Xaxim","SIGLA_UF":"SC"}},{"arcs":[[-2126,-2146,2202,2203,2204,-2195]],"type":"Polygon","properties":{"CD_MUN":"4209706","NM_MUN":"Lebon Régis","SIGLA_UF":"SC"}},{"arcs":[[-2172,-2202,2205,2206,2207,-2180]],"type":"Polygon","properties":{"CD_MUN":"4204400","NM_MUN":"Coronel Freitas","SIGLA_UF":"SC"}},{"arcs":[[-2086,2208,2209,-2149]],"type":"Polygon","properties":{"CD_MUN":"4213203","NM_MUN":"Pomerode","SIGLA_UF":"SC"}},{"arcs":[[-2085,-2176,2210,2211,2212,2213,2214,-2209]],"type":"Polygon","properties":{"CD_MUN":"4202404","NM_MUN":"Blumenau","SIGLA_UF":"SC"}},{"arcs":[[-2175,-2179,2215,2216,2217,2218,-2211]],"type":"Polygon","properties":{"CD_MUN":"4210001","NM_MUN":"Luiz Alves","SIGLA_UF":"SC"}},{"arcs":[[-2132,-2158,2219,2220]],"type":"Polygon","properties":{"CD_MUN":"4219101","NM_MUN":"Vargeão","SIGLA_UF":"SC"}},{"arcs":[[-2133,-2221,2221,2222,-2185]],"type":"Polygon","properties":{"CD_MUN":"4205308","NM_MUN":"Faxinal dos Guedes","SIGLA_UF":"SC"}},{"arcs":[[-2181,-2208,2223,2224]],"type":"Polygon","properties":{"CD_MUN":"4212908","NM_MUN":"Pinhalzinho","SIGLA_UF":"SC"}},{"arcs":[[-2025,-2194,2225,2226,2227,2228,2229,2230,2231,2232,2233,-2089]],"type":"Polygon","properties":{"CD_MUN":"4206900","NM_MUN":"Ibirama","SIGLA_UF":"SC"}},{"arcs":[[-2169,-2190,2234,2235,2236,2237]],"type":"Polygon","properties":{"CD_MUN":"4204905","NM_MUN":"Descanso","SIGLA_UF":"SC"}},{"arcs":[[-2183,2238,2239,2240,2241,2242,-2235,-2189]],"type":"Polygon","properties":{"CD_MUN":"4204707","NM_MUN":"Cunha Porã","SIGLA_UF":"SC"}},{"arcs":[[-2178,2243,2244,2245,-2216]],"type":"Polygon","properties":{"CD_MUN":"4212809","NM_MUN":"Balneário Piçarras","SIGLA_UF":"SC"}},{"arcs":[[-2182,-2225,2246,2247,2248,-2239]],"type":"Polygon","properties":{"CD_MUN":"4217303","NM_MUN":"Saudades","SIGLA_UF":"SC"}},{"arcs":[[-2217,-2246,2249,2250,2251,2252]],"type":"Polygon","properties":{"CD_MUN":"4211306","NM_MUN":"Navegantes","SIGLA_UF":"SC"}},{"arcs":[[-2150,-2210,2253,2254,-2191]],"type":"Polygon","properties":{"CD_MUN":"4218202","NM_MUN":"Timbó","SIGLA_UF":"SC"}},{"arcs":[[-2075,-2090,-2234,2255,2256,-2143,-2139]],"type":"Polygon","properties":{"CD_MUN":"4214508","NM_MUN":"Rio do Campo","SIGLA_UF":"SC"}},{"arcs":[[-2207,2257,2258,2259,-2247,-2224]],"type":"Polygon","properties":{"CD_MUN":"4211405","NM_MUN":"Nova Erechim","SIGLA_UF":"SC"}},{"arcs":[[-2218,-2253,2260,2261]],"type":"Polygon","properties":{"CD_MUN":"4207106","NM_MUN":"Ilhota","SIGLA_UF":"SC"}},{"arcs":[[-2196,-2205,2262,2263]],"type":"Polygon","properties":{"CD_MUN":"4214409","NM_MUN":"Rio das Antas","SIGLA_UF":"SC"}},{"arcs":[[-2154,-2167,2264,2265,2266]],"type":"Polygon","properties":{"CD_MUN":"4204004","NM_MUN":"Catanduvas","SIGLA_UF":"SC"}},{"arcs":[[-2245,2267,-2250]],"type":"Polygon","properties":{"CD_MUN":"4212502","NM_MUN":"Penha","SIGLA_UF":"SC"}},{"arcs":[[-2212,-2219,-2262,2268,2269,2270]],"type":"Polygon","properties":{"CD_MUN":"4205902","NM_MUN":"Gaspar","SIGLA_UF":"SC"}},{"arcs":[[-2164,2271,2272,2273,2274]],"type":"Polygon","properties":{"CD_MUN":"4218509","NM_MUN":"Treze Tílias","SIGLA_UF":"SC"}},{"arcs":[[-2197,-2264,2275,2276,2277,2278,-2274,2279]],"type":"Polygon","properties":{"CD_MUN":"4219309","NM_MUN":"Videira","SIGLA_UF":"SC"}},{"arcs":[[-2236,-2243,2280,2281,2282,2283]],"type":"Polygon","properties":{"CD_MUN":"4211009","NM_MUN":"Mondaí","SIGLA_UF":"SC"}},{"arcs":[[-2192,-2255,2284,2285]],"type":"Polygon","properties":{"CD_MUN":"4215109","NM_MUN":"Rodeio","SIGLA_UF":"SC"}},{"arcs":[[-2162,-2198,-2280,-2273,2286]],"type":"Polygon","properties":{"CD_MUN":"4201604","NM_MUN":"Arroio Trinta","SIGLA_UF":"SC"}},{"arcs":[[-2163,-2287,-2272]],"type":"Polygon","properties":{"CD_MUN":"4215406","NM_MUN":"Salto Veloso","SIGLA_UF":"SC"}},{"arcs":[[-2201,2287,2288,2289,2290,2291,-2258,-2206]],"type":"Polygon","properties":{"CD_MUN":"4204202","NM_MUN":"Chapecó","SIGLA_UF":"SC"}},{"arcs":[[-2204,2292,2293,2294,-2276,-2263]],"type":"Polygon","properties":{"CD_MUN":"4205506","NM_MUN":"Fraiburgo","SIGLA_UF":"SC"}},{"arcs":[[-2242,2295,2296,-2281]],"type":"Polygon","properties":{"CD_MUN":"4203105","NM_MUN":"Caibi","SIGLA_UF":"SC"}},{"arcs":[[-2215,2297,2298,2299,-2227,2300,-2285,-2254]],"type":"Polygon","properties":{"CD_MUN":"4207502","NM_MUN":"Indaial","SIGLA_UF":"SC"}},{"arcs":[[-2233,2301,2302,-2256]],"type":"Polygon","properties":{"CD_MUN":"4215307","NM_MUN":"Salete","SIGLA_UF":"SC"}},{"arcs":[[-2237,-2284,2303,2304,2305,2306]],"type":"Polygon","properties":{"CD_MUN":"4208401","NM_MUN":"Itapiranga","SIGLA_UF":"SC"}},{"arcs":[[-2240,-2249,2307,2308,2309]],"type":"Polygon","properties":{"CD_MUN":"4216008","NM_MUN":"São Carlos","SIGLA_UF":"SC"}},{"arcs":[[-2252,2310,2311,2312,2313,-2269,-2261]],"type":"Polygon","properties":{"CD_MUN":"4208203","NM_MUN":"Itajaí","SIGLA_UF":"SC"}},{"arcs":[[-2157,2314,2315,2316,-2222,-2220]],"type":"Polygon","properties":{"CD_MUN":"4207700","NM_MUN":"Ipumirim","SIGLA_UF":"SC"}},{"arcs":[[-2155,-2267,2317,2318]],"type":"Polygon","properties":{"CD_MUN":"4207809","NM_MUN":"Irani","SIGLA_UF":"SC"}},{"arcs":[[-2241,-2310,2319,2320,2321,-2296]],"type":"Polygon","properties":{"CD_MUN":"4212106","NM_MUN":"Palmitos","SIGLA_UF":"SC"}},{"arcs":[[-2186,-2223,-2317,2322]],"type":"Polygon","properties":{"CD_MUN":"4219606","NM_MUN":"Xavantina","SIGLA_UF":"SC"}},{"arcs":[[-2248,-2260,2323,2324,-2308]],"type":"Polygon","properties":{"CD_MUN":"4200507","NM_MUN":"Águas de Chapecó","SIGLA_UF":"SC"}},{"arcs":[[-2232,2325,2326,-2302]],"type":"Polygon","properties":{"CD_MUN":"4219408","NM_MUN":"Witmarsum","SIGLA_UF":"SC"}},{"arcs":[[-2156,-2319,2327,2328,2329,2330,2331,2332,2333,2334,2335,2336,2337,2338,-2315]],"type":"Polygon","properties":{"CD_MUN":"4204301","NM_MUN":"Concórdia","SIGLA_UF":"SC"}},{"arcs":[[-2231,2339,2340,2341,-2326]],"type":"Polygon","properties":{"CD_MUN":"4205100","NM_MUN":"Dona Emma","SIGLA_UF":"SC"}},{"arcs":[[-2259,-2292,2342,2343,-2324]],"type":"Polygon","properties":{"CD_MUN":"4204103","NM_MUN":"Caxambu do Sul","SIGLA_UF":"SC"}},{"arcs":[[-2193,-2286,-2301,-2226]],"type":"Polygon","properties":{"CD_MUN":"4201703","NM_MUN":"Ascurra","SIGLA_UF":"SC"}},{"arcs":[[-2230,2344,2345,2346,-2340]],"type":"Polygon","properties":{"CD_MUN":"4214003","NM_MUN":"Presidente Getúlio","SIGLA_UF":"SC"}},{"arcs":[[-2187,-2323,-2316,-2339,2347,-2288,-2200]],"type":"Polygon","properties":{"CD_MUN":"4217501","NM_MUN":"Seara","SIGLA_UF":"SC"}},{"arcs":[[-2144,-2257,-2303,-2327,-2342,2348,2349,2350,2351]],"type":"Polygon","properties":{"CD_MUN":"4217808","NM_MUN":"Taió","SIGLA_UF":"SC"}},{"arcs":[[-2165,-2275,-2279,2352,2353,2354,2355]],"type":"Polygon","properties":{"CD_MUN":"4206801","NM_MUN":"Ibicaré","SIGLA_UF":"SC"}},{"arcs":[[-2278,2356,-2353]],"type":"Polygon","properties":{"CD_MUN":"4213005","NM_MUN":"Pinheiro Preto","SIGLA_UF":"SC"}},{"arcs":[[-2312,2357,2358,2359]],"type":"Polygon","properties":{"CD_MUN":"4202008","NM_MUN":"Balneário Camboriú","SIGLA_UF":"SC"}},{"arcs":[[-2166,-2356,2360,2361,2362,2363,-2265]],"type":"Polygon","properties":{"CD_MUN":"4209003","NM_MUN":"Joaçaba","SIGLA_UF":"SC"}},{"arcs":[[-2341,-2347,2364,2365,2366,2367,-2349]],"type":"Polygon","properties":{"CD_MUN":"4214607","NM_MUN":"Rio do Oeste","SIGLA_UF":"SC"}},{"arcs":[[-2277,-2295,2368,2369,2370,-2354,-2357]],"type":"Polygon","properties":{"CD_MUN":"4217907","NM_MUN":"Tangará","SIGLA_UF":"SC"}},{"arcs":[[-2313,-2360,2371,2372,2373,2374,2375]],"type":"Polygon","properties":{"CD_MUN":"4203204","NM_MUN":"Camboriú","SIGLA_UF":"SC"}},{"arcs":[[-2294,2376,2377,2378,2379,2380,2381,2382,2383,2384,2385,-2369]],"type":"Polygon","properties":{"CD_MUN":"4203600","NM_MUN":"Campos Novos","SIGLA_UF":"SC"}},{"arcs":[[-2270,-2314,-2376,2386,2387,2388,2389]],"type":"Polygon","properties":{"CD_MUN":"4202909","NM_MUN":"Brusque","SIGLA_UF":"SC"}},{"arcs":[[-2266,-2364,2390,-2328,-2318]],"type":"Polygon","properties":{"CD_MUN":"4208609","NM_MUN":"Jaborá","SIGLA_UF":"SC"}},{"arcs":[[-2145,-2352,2391,2392,2393,-2377,-2293,-2203]],"type":"Polygon","properties":{"CD_MUN":"4204806","NM_MUN":"Curitibanos","SIGLA_UF":"SC"}},{"arcs":[[-2213,-2271,-2390,2394]],"type":"Polygon","properties":{"CD_MUN":"4206306","NM_MUN":"Guabiruba","SIGLA_UF":"SC"}},{"arcs":[[-2355,-2371,2395,2396,-2361]],"type":"Polygon","properties":{"CD_MUN":"4206702","NM_MUN":"Herval d'Oeste","SIGLA_UF":"SC"}},{"arcs":[[-2229,2397,2398,2399,2400,-2345]],"type":"Polygon","properties":{"CD_MUN":"4214805","NM_MUN":"Rio do Sul","SIGLA_UF":"SC"}},{"arcs":[[-2359,2401,2402,-2372]],"type":"Polygon","properties":{"CD_MUN":"4208302","NM_MUN":"Itapema","SIGLA_UF":"SC"}},{"arcs":[[-2228,-2300,2403,2404,-2398]],"type":"Polygon","properties":{"CD_MUN":"4209904","NM_MUN":"Lontras","SIGLA_UF":"SC"}},{"arcs":[[-2289,-2348,-2338,2405,2406,2407]],"type":"Polygon","properties":{"CD_MUN":"4208005","NM_MUN":"Itá","SIGLA_UF":"SC"}},{"arcs":[[-2214,-2395,-2389,2408,2409,2410,-2298]],"type":"Polygon","properties":{"CD_MUN":"4202701","NM_MUN":"Botuverá","SIGLA_UF":"SC"}},{"arcs":[[-2329,-2391,2411,2412]],"type":"Polygon","properties":{"CD_MUN":"4213906","NM_MUN":"Presidente Castello Branco","SIGLA_UF":"SC"}},{"arcs":[[-2363,2413,-2384,2414,2415,-2412]],"type":"Polygon","properties":{"CD_MUN":"4211801","NM_MUN":"Ouro","SIGLA_UF":"SC"}},{"arcs":[[-2346,-2401,2416,-2365]],"type":"Polygon","properties":{"CD_MUN":"4209508","NM_MUN":"Laurentino","SIGLA_UF":"SC"}},{"arcs":[[-2373,-2403,2417,2418]],"type":"Polygon","properties":{"CD_MUN":"4213500","NM_MUN":"Porto Belo","SIGLA_UF":"SC"}},{"arcs":[[-2362,-2397,2419,-2385,-2414]],"type":"Polygon","properties":{"CD_MUN":"4209201","NM_MUN":"Lacerdópolis","SIGLA_UF":"SC"}},{"arcs":[[-2375,2420,2421,2422,2423,-2387]],"type":"Polygon","properties":{"CD_MUN":"4203709","NM_MUN":"Canelinha","SIGLA_UF":"SC"}},{"arcs":[[-2374,-2419,2424,2425,2426,-2421]],"type":"Polygon","properties":{"CD_MUN":"4218004","NM_MUN":"Tijucas","SIGLA_UF":"SC"}},{"arcs":[[-2370,-2386,-2420,-2396]],"type":"Polygon","properties":{"CD_MUN":"4205209","NM_MUN":"Erval Velho","SIGLA_UF":"SC"}},{"arcs":[[-2299,-2411,2427,2428,2429,-2404]],"type":"Polygon","properties":{"CD_MUN":"4214102","NM_MUN":"Presidente Nereu","SIGLA_UF":"SC"}},{"arcs":[[-2350,-2368,2430,2431,2432]],"type":"Polygon","properties":{"CD_MUN":"4213708","NM_MUN":"Pouso Redondo","SIGLA_UF":"SC"}},{"arcs":[[-2388,-2424,2433,2434,2435,2436,-2409]],"type":"Polygon","properties":{"CD_MUN":"4211504","NM_MUN":"Nova Trento","SIGLA_UF":"SC"}},{"arcs":[[-2330,-2413,-2416,2437,2438,-2332,2439]],"type":"Polygon","properties":{"CD_MUN":"4207601","NM_MUN":"Ipira","SIGLA_UF":"SC"}},{"arcs":[[-2366,-2417,-2400,2440,2441,2442,2443,2444]],"type":"Polygon","properties":{"CD_MUN":"4200309","NM_MUN":"Agronômica","SIGLA_UF":"SC"}},{"arcs":[[-2367,-2445,2445,2446,-2431]],"type":"Polygon","properties":{"CD_MUN":"4218608","NM_MUN":"Trombudo Central","SIGLA_UF":"SC"}},{"arcs":[[-2410,-2437,2447,2448,2449,-2428]],"type":"Polygon","properties":{"CD_MUN":"4219200","NM_MUN":"Vidal Ramos","SIGLA_UF":"SC"}},{"arcs":[[-2331,-2440]],"type":"Polygon","properties":{"CD_MUN":"4212601","NM_MUN":"Peritiba","SIGLA_UF":"SC"}},{"arcs":[[-2423,2450,2451,2452,-2434]],"type":"Polygon","properties":{"CD_MUN":"4216305","NM_MUN":"São João Batista","SIGLA_UF":"SC"}},{"arcs":[[-2351,-2433,2453,-2392]],"type":"Polygon","properties":{"CD_MUN":"4213302","NM_MUN":"Ponte Alta","SIGLA_UF":"SC"}},{"arcs":[[-2393,-2454,-2432,-2447,2454,2455,2456,2457,2458,2459,2460,2461,2462,2463]],"type":"Polygon","properties":{"CD_MUN":"4209300","NM_MUN":"Lages","SIGLA_UF":"SC"}},{"arcs":[[-2399,-2405,-2430,2464,-2441]],"type":"Polygon","properties":{"CD_MUN":"4201901","NM_MUN":"Aurora","SIGLA_UF":"SC"}},{"arcs":[[-2383,2465,2466,-2438,-2415]],"type":"Polygon","properties":{"CD_MUN":"4203907","NM_MUN":"Capinzal","SIGLA_UF":"SC"}},{"arcs":[[-2429,-2450,2467,2468,2469,-2457,2470,2471,-2442,-2465]],"type":"Polygon","properties":{"CD_MUN":"4208500","NM_MUN":"Ituporanga","SIGLA_UF":"SC"}},{"arcs":[[-2436,2472,2473,2474,2475,-2448]],"type":"Polygon","properties":{"CD_MUN":"4209805","NM_MUN":"Leoberto Leal","SIGLA_UF":"SC"}},{"arcs":[[-2426,2476,2477]],"type":"Polygon","properties":{"CD_MUN":"4206009","NM_MUN":"Governador Celso Ramos","SIGLA_UF":"SC"}},{"arcs":[[-2444,2478,2479,-2455,-2446]],"type":"Polygon","properties":{"CD_MUN":"4200200","NM_MUN":"Agrolândia","SIGLA_UF":"SC"}},{"arcs":[[-2333,-2439,-2467,2480,2481,2482]],"type":"Polygon","properties":{"CD_MUN":"4213104","NM_MUN":"Piratuba","SIGLA_UF":"SC"}},{"arcs":[[-2422,-2427,-2478,2483,2484,2485,-2451]],"type":"Polygon","properties":{"CD_MUN":"4202305","NM_MUN":"Biguaçu","SIGLA_UF":"SC"}},{"arcs":[[-2435,-2453,2486,2487,-2473]],"type":"Polygon","properties":{"CD_MUN":"4210209","NM_MUN":"Major Gercino","SIGLA_UF":"SC"}},{"arcs":[[-2443,-2472,2488,-2479]],"type":"Polygon","properties":{"CD_MUN":"4201802","NM_MUN":"Atalanta","SIGLA_UF":"SC"}},{"arcs":[[-2378,-2394,-2464,2489]],"type":"Polygon","properties":{"CD_MUN":"4216800","NM_MUN":"São José do Cerrito","SIGLA_UF":"SC"}},{"arcs":[[-2452,-2486,2490,2491,-2487]],"type":"Polygon","properties":{"CD_MUN":"4201208","NM_MUN":"Antônio Carlos","SIGLA_UF":"SC"}},{"arcs":[[2492]],"type":"Polygon","properties":{"CD_MUN":"4205407","NM_MUN":"Florianópolis","SIGLA_UF":"SC"}},{"arcs":[[-2456,-2480,-2489,-2471]],"type":"Polygon","properties":{"CD_MUN":"4212700","NM_MUN":"Petrolândia","SIGLA_UF":"SC"}},{"arcs":[[-2449,-2476,2493,-2468]],"type":"Polygon","properties":{"CD_MUN":"4207403","NM_MUN":"Imbuia","SIGLA_UF":"SC"}},{"arcs":[[-2474,-2488,-2492,2494,2495]],"type":"Polygon","properties":{"CD_MUN":"4200903","NM_MUN":"Angelina","SIGLA_UF":"SC"}},{"arcs":[[-2380,2496,2497,2498]],"type":"Polygon","properties":{"CD_MUN":"4201000","NM_MUN":"Anita Garibaldi","SIGLA_UF":"SC"}},{"arcs":[[-2379,-2490,-2463,2499,2500,-2497]],"type":"Polygon","properties":{"CD_MUN":"4203402","NM_MUN":"Campo Belo do Sul","SIGLA_UF":"SC"}},{"arcs":[[-2485,2501,2502,2503,2504,2505,-2495,-2491]],"type":"Polygon","properties":{"CD_MUN":"4216602","NM_MUN":"São José","SIGLA_UF":"SC"}},{"arcs":[[-2469,-2494,-2475,2506,2507,2508]],"type":"Polygon","properties":{"CD_MUN":"4200705","NM_MUN":"Alfredo Wagner","SIGLA_UF":"SC"}},{"arcs":[[-2496,-2506,2509,2510,-2507]],"type":"Polygon","properties":{"CD_MUN":"4214300","NM_MUN":"Rancho Queimado","SIGLA_UF":"SC"}},{"arcs":[[-2458,-2470,-2509,2511,2512]],"type":"Polygon","properties":{"CD_MUN":"4202602","NM_MUN":"Bom Retiro","SIGLA_UF":"SC"}},{"arcs":[[-2503,2513,2514,2515]],"type":"Polygon","properties":{"CD_MUN":"4211900","NM_MUN":"Palhoça","SIGLA_UF":"SC"}},{"arcs":[[-2504,-2516,2516,2517,2518]],"type":"Polygon","properties":{"CD_MUN":"4215703","NM_MUN":"Santo Amaro da Imperatriz","SIGLA_UF":"SC"}},{"arcs":[[-2505,-2519,2519,2520,-2510]],"type":"Polygon","properties":{"CD_MUN":"4200606","NM_MUN":"Águas Mornas","SIGLA_UF":"SC"}},{"arcs":[[-2508,-2511,-2521,2521,2522,2523,-2512]],"type":"Polygon","properties":{"CD_MUN":"4201109","NM_MUN":"Anitápolis","SIGLA_UF":"SC"}},{"arcs":[[-2515,2524,2525,2526,2527,2528,2529,-2517]],"type":"Polygon","properties":{"CD_MUN":"4212304","NM_MUN":"Paulo Lopes","SIGLA_UF":"SC"}},{"arcs":[[-2459,-2513,-2524,2530,2531,2532,2533,2534,2535]],"type":"Polygon","properties":{"CD_MUN":"4218905","NM_MUN":"Urubici","SIGLA_UF":"SC"}},{"arcs":[[-2518,-2530,2536,-2522,-2520]],"type":"Polygon","properties":{"CD_MUN":"4215901","NM_MUN":"São Bonifácio","SIGLA_UF":"SC"}},{"arcs":[[-2460,-2536,2537,2538]],"type":"Polygon","properties":{"CD_MUN":"4216503","NM_MUN":"São Joaquim","SIGLA_UF":"SC"}},{"arcs":[[-2523,2539,2540,-2531]],"type":"Polygon","properties":{"CD_MUN":"4215604","NM_MUN":"Santa Rosa de Lima","SIGLA_UF":"SC"}},{"arcs":[[-2532,-2541,2541,2542,2543,2544]],"type":"Polygon","properties":{"CD_MUN":"4214904","NM_MUN":"Rio Fortuna","SIGLA_UF":"SC"}},{"arcs":[[-2533,-2545,2545,2546]],"type":"Polygon","properties":{"CD_MUN":"4206108","NM_MUN":"Grão Pará","SIGLA_UF":"SC"}},{"arcs":[[-2526,2547,2548]],"type":"Polygon","properties":{"CD_MUN":"4205704","NM_MUN":"Garopaba","SIGLA_UF":"SC"}},{"arcs":[[-2529,2549,2550,-2542,-2540,-2537]],"type":"Polygon","properties":{"CD_MUN":"4217105","NM_MUN":"São Martinho","SIGLA_UF":"SC"}},{"arcs":[[-2528,2551,2552,2553,2554,-2550]],"type":"Polygon","properties":{"CD_MUN":"4207205","NM_MUN":"Imaruí","SIGLA_UF":"SC"}},{"arcs":[[-2527,-2549,2555,2556,-2552]],"type":"Polygon","properties":{"CD_MUN":"4207304","NM_MUN":"Imbituba","SIGLA_UF":"SC"}},{"arcs":[[-2535,2557,2558,2559,2560,2561,-2538]],"type":"Polygon","properties":{"CD_MUN":"4202503","NM_MUN":"Bom Jardim da Serra","SIGLA_UF":"SC"}},{"arcs":[[-2534,-2547,2562,2563,2564,2565,2566,-2558]],"type":"Polygon","properties":{"CD_MUN":"4211702","NM_MUN":"Orleans","SIGLA_UF":"SC"}},{"arcs":[[-2544,2567,2568,2569,-2563,-2546]],"type":"Polygon","properties":{"CD_MUN":"4202800","NM_MUN":"Braço do Norte","SIGLA_UF":"SC"}},{"arcs":[[-2543,-2551,-2555,2570,-2568]],"type":"Polygon","properties":{"CD_MUN":"4201505","NM_MUN":"Armazém","SIGLA_UF":"SC"}},{"arcs":[[-2554,2571,2572,2573,-2569,-2571]],"type":"Polygon","properties":{"CD_MUN":"4206207","NM_MUN":"Gravatal","SIGLA_UF":"SC"}},{"arcs":[[-2564,-2570,-2574,2574]],"type":"Polygon","properties":{"CD_MUN":"4217006","NM_MUN":"São Ludgero","SIGLA_UF":"SC"}},{"arcs":[[-2559,-2567,2575,2576]],"type":"Polygon","properties":{"CD_MUN":"4209607","NM_MUN":"Lauro Muller","SIGLA_UF":"SC"}},{"arcs":[[-2553,-2557,2577,2578,2579,-2572]],"type":"Polygon","properties":{"CD_MUN":"4209409","NM_MUN":"Laguna","SIGLA_UF":"SC"}},{"arcs":[[-2573,-2580,2580,2581,2582,-2575]],"type":"Polygon","properties":{"CD_MUN":"4218707","NM_MUN":"Tubarão","SIGLA_UF":"SC"}},{"arcs":[[-2566,2583,2584,2585,2586,-2576]],"type":"Polygon","properties":{"CD_MUN":"4219002","NM_MUN":"Urussanga","SIGLA_UF":"SC"}},{"arcs":[[-2565,-2583,2587,2588,-2584]],"type":"Polygon","properties":{"CD_MUN":"4212403","NM_MUN":"Pedras Grandes","SIGLA_UF":"SC"}},{"arcs":[[-2560,-2577,-2587,2589,2590]],"type":"Polygon","properties":{"CD_MUN":"4217600","NM_MUN":"Siderópolis","SIGLA_UF":"SC"}},{"arcs":[[-2582,2591,2592,-2588]],"type":"Polygon","properties":{"CD_MUN":"4218400","NM_MUN":"Treze de Maio","SIGLA_UF":"SC"}},{"arcs":[[-2579,2593,2594,2595,-2592,-2581]],"type":"Polygon","properties":{"CD_MUN":"4208807","NM_MUN":"Jaguaruna","SIGLA_UF":"SC"}},{"arcs":[[-2585,-2589,-2593,-2596,2596,2597]],"type":"Polygon","properties":{"CD_MUN":"4211207","NM_MUN":"Morro da Fumaça","SIGLA_UF":"SC"}},{"arcs":[[2598,2599,2600,2601,2602,2603,2604]],"type":"Polygon","properties":{"CD_MUN":"4210803","NM_MUN":"Meleiro","SIGLA_UF":"SC"}},{"arcs":[[-2561,-2591,2605,-2599,2606]],"type":"Polygon","properties":{"CD_MUN":"4211603","NM_MUN":"Nova Veneza","SIGLA_UF":"SC"}},{"arcs":[[-2586,-2598,2607,2608,2609,-2600,-2606,-2590]],"type":"Polygon","properties":{"CD_MUN":"4204608","NM_MUN":"Criciúma","SIGLA_UF":"SC"}},{"arcs":[[-2595,2610,2611,-2608,-2597]],"type":"Polygon","properties":{"CD_MUN":"4207007","NM_MUN":"Içara","SIGLA_UF":"SC"}},{"arcs":[[-2604,2612,2613,2614,2615]],"type":"Polygon","properties":{"CD_MUN":"4218103","NM_MUN":"Timbé do Sul","SIGLA_UF":"SC"}},{"arcs":[[-2603,2616,2617,2618,-2613]],"type":"Polygon","properties":{"CD_MUN":"4218806","NM_MUN":"Turvo","SIGLA_UF":"SC"}},{"arcs":[[-2601,-2610,2619]],"type":"Polygon","properties":{"CD_MUN":"4210407","NM_MUN":"Maracajá","SIGLA_UF":"SC"}},{"arcs":[[-2602,-2620,-2609,-2612,2620,2621,-2617]],"type":"Polygon","properties":{"CD_MUN":"4201406","NM_MUN":"Araranguá","SIGLA_UF":"SC"}},{"arcs":[[-2614,-2619,2622,2623,2624]],"type":"Polygon","properties":{"CD_MUN":"4208708","NM_MUN":"Jacinto Machado","SIGLA_UF":"SC"}},{"arcs":[[-2618,-2622,2625,2626,-2623]],"type":"Polygon","properties":{"CD_MUN":"4217709","NM_MUN":"Sombrio","SIGLA_UF":"SC"}},{"arcs":[[-2624,2627,2628,2629,2630]],"type":"Polygon","properties":{"CD_MUN":"4213807","NM_MUN":"Praia Grande","SIGLA_UF":"SC"}},{"arcs":[[-2627,2631,2632,-2628]],"type":"Polygon","properties":{"CD_MUN":"4216404","NM_MUN":"São João do Sul","SIGLA_UF":"SC"}},{"arcs":[[-2309,-2325,-2344,2633,2634,2635,-2320]],"type":"Polygon","properties":{"CD_MUN":"4300505","NM_MUN":"Alpestre","SIGLA_UF":"RS"}},{"arcs":[[-2282,-2297,-2322,2636,2637,2638]],"type":"Polygon","properties":{"CD_MUN":"4323101","NM_MUN":"Vicente Dutra","SIGLA_UF":"RS"}},{"arcs":[[-2306,2639,2640,2641,2642,2643,2644]],"type":"Polygon","properties":{"CD_MUN":"4321402","NM_MUN":"Tenente Portela","SIGLA_UF":"RS"}},{"arcs":[[-2305,2645,2646,2647,-2640]],"type":"Polygon","properties":{"CD_MUN":"4313805","NM_MUN":"Palmitinho","SIGLA_UF":"RS"}},{"arcs":[[-2291,2648,2649,2650,2651,2652,2653,-2634,-2343]],"type":"Polygon","properties":{"CD_MUN":"4312708","NM_MUN":"Nonoai","SIGLA_UF":"RS"}},{"arcs":[[-2321,-2636,2654,2655,2656,-2637]],"type":"Polygon","properties":{"CD_MUN":"4310504","NM_MUN":"Iraí","SIGLA_UF":"RS"}},{"arcs":[[-2283,-2639,2657,-2646,-2304]],"type":"Polygon","properties":{"CD_MUN":"4303400","NM_MUN":"Caiçara","SIGLA_UF":"RS"}},{"arcs":[[-2638,-2657,2658,2659,2660,-2647,-2658]],"type":"Polygon","properties":{"CD_MUN":"4308508","NM_MUN":"Frederico Westphalen","SIGLA_UF":"RS"}},{"arcs":[[-2407,2661,2662,2663,2664]],"type":"Polygon","properties":{"CD_MUN":"4310702","NM_MUN":"Itatiba do Sul","SIGLA_UF":"RS"}},{"arcs":[[-2290,-2408,-2665,2665,-2649]],"type":"Polygon","properties":{"CD_MUN":"4307203","NM_MUN":"Erval Grande","SIGLA_UF":"RS"}},{"arcs":[[-2644,2666,2667,2668,2669,2670,2671]],"type":"Polygon","properties":{"CD_MUN":"4321907","NM_MUN":"Três Passos","SIGLA_UF":"RS"}},{"arcs":[[-2337,2672,2673,2674,-2662,-2406]],"type":"Polygon","properties":{"CD_MUN":"4300901","NM_MUN":"Aratiba","SIGLA_UF":"RS"}},{"arcs":[[-2635,-2654,2675,-2655]],"type":"Polygon","properties":{"CD_MUN":"4314704","NM_MUN":"Planalto","SIGLA_UF":"RS"}},{"arcs":[[-2336,2676,2677,-2673]],"type":"Polygon","properties":{"CD_MUN":"4312005","NM_MUN":"Mariano Moro","SIGLA_UF":"RS"}},{"arcs":[[-2650,-2666,-2664,2678,2679,2680,2681]],"type":"Polygon","properties":{"CD_MUN":"4319703","NM_MUN":"São Valentim","SIGLA_UF":"RS"}},{"arcs":[[-2641,-2648,-2661,2682,2683,2684,2685]],"type":"Polygon","properties":{"CD_MUN":"4307302","NM_MUN":"Erval Seco","SIGLA_UF":"RS"}},{"arcs":[[-2334,-2483,2686,2687,2688]],"type":"Polygon","properties":{"CD_MUN":"4311908","NM_MUN":"Marcelino Ramos","SIGLA_UF":"RS"}},{"arcs":[[-2335,-2689,2689,2690,-2677]],"type":"Polygon","properties":{"CD_MUN":"4320602","NM_MUN":"Severiano de Almeida","SIGLA_UF":"RS"}},{"arcs":[[-2653,2691,2692,2693,-2659,-2656,-2676]],"type":"Polygon","properties":{"CD_MUN":"4315909","NM_MUN":"Rodeio Bonito","SIGLA_UF":"RS"}},{"arcs":[[-2660,-2694,2694,-2683]],"type":"Polygon","properties":{"CD_MUN":"4320206","NM_MUN":"Seberi","SIGLA_UF":"RS"}},{"arcs":[[-2671,2695,2696,2697,2698]],"type":"Polygon","properties":{"CD_MUN":"4306007","NM_MUN":"Crissiumal","SIGLA_UF":"RS"}},{"arcs":[[-2698,2699,2700,2701,2702]],"type":"Polygon","properties":{"CD_MUN":"4309605","NM_MUN":"Horizontina","SIGLA_UF":"RS"}},{"arcs":[[-2674,-2678,-2691,2703,2704,2705,2706,2707,2708,2709]],"type":"Polygon","properties":{"CD_MUN":"4307005","NM_MUN":"Erechim","SIGLA_UF":"RS"}},{"arcs":[[-2642,-2686,2710,2711,2712]],"type":"Polygon","properties":{"CD_MUN":"4315404","NM_MUN":"Redentora","SIGLA_UF":"RS"}},{"arcs":[[-2652,2713,2714,2715,-2692]],"type":"Polygon","properties":{"CD_MUN":"4311601","NM_MUN":"Liberato Salzano","SIGLA_UF":"RS"}},{"arcs":[[-2643,-2713,2716,-2667]],"type":"Polygon","properties":{"CD_MUN":"4312302","NM_MUN":"Miraguaí","SIGLA_UF":"RS"}},{"arcs":[[-2688,2717,2718,2719,-2704,-2690]],"type":"Polygon","properties":{"CD_MUN":"4322905","NM_MUN":"Viadutos","SIGLA_UF":"RS"}},{"arcs":[[-2702,2720,2721,2722,2723]],"type":"Polygon","properties":{"CD_MUN":"4322103","NM_MUN":"Tucunduva","SIGLA_UF":"RS"}},{"arcs":[[-2663,-2675,-2710,2724,-2679]],"type":"Polygon","properties":{"CD_MUN":"4301701","NM_MUN":"Barão de Cotegipe","SIGLA_UF":"RS"}},{"arcs":[[-2668,-2717,-2712,2725,2726]],"type":"Polygon","properties":{"CD_MUN":"4302600","NM_MUN":"Braga","SIGLA_UF":"RS"}},{"arcs":[[-2382,2727,2728,2729,2730,-2481,-2466]],"type":"Polygon","properties":{"CD_MUN":"4311700","NM_MUN":"Machadinho","SIGLA_UF":"RS"}},{"arcs":[[-2669,-2727,2731,2732,2733,2734]],"type":"Polygon","properties":{"CD_MUN":"4304002","NM_MUN":"Campo Novo","SIGLA_UF":"RS"}},{"arcs":[[-2670,-2735,2735,2736,-2696]],"type":"Polygon","properties":{"CD_MUN":"4309704","NM_MUN":"Humaitá","SIGLA_UF":"RS"}},{"arcs":[[-2705,-2720,2737,2738,2739]],"type":"Polygon","properties":{"CD_MUN":"4308706","NM_MUN":"Gaurama","SIGLA_UF":"RS"}},{"arcs":[[-2482,-2731,2740,-2718,-2687]],"type":"Polygon","properties":{"CD_MUN":"4312203","NM_MUN":"Maximiliano de Almeida","SIGLA_UF":"RS"}},{"arcs":[[2741,2742,2743,2744]],"type":"Polygon","properties":{"CD_MUN":"4300307","NM_MUN":"Alecrim","SIGLA_UF":"RS"}},{"arcs":[[-2651,-2682,2745,2746,-2708,2747,2748,2749,2750,2751,2752,-2714]],"type":"Polygon","properties":{"CD_MUN":"4316105","NM_MUN":"Ronda Alta","SIGLA_UF":"RS"}},{"arcs":[[-2697,-2737,2753,2754,-2700]],"type":"Polygon","properties":{"CD_MUN":"4302204","NM_MUN":"Boa Vista do Buricá","SIGLA_UF":"RS"}},{"arcs":[[-2723,2755,2756,-2742,2757]],"type":"Polygon","properties":{"CD_MUN":"4322301","NM_MUN":"Tuparendi","SIGLA_UF":"RS"}},{"arcs":[[-2681,2758,-2746]],"type":"Polygon","properties":{"CD_MUN":"4303806","NM_MUN":"Campinas do Sul","SIGLA_UF":"RS"}},{"arcs":[[-2381,-2499,2759,2760,2761,-2728]],"type":"Polygon","properties":{"CD_MUN":"4301800","NM_MUN":"Barracão","SIGLA_UF":"RS"}},{"arcs":[[-2701,-2755,2762,2763,2764,2765,2766,2767,-2721]],"type":"Polygon","properties":{"CD_MUN":"4321808","NM_MUN":"Três de Maio","SIGLA_UF":"RS"}},{"arcs":[[-2715,-2753,2768,2769,2770]],"type":"Polygon","properties":{"CD_MUN":"4305801","NM_MUN":"Constantina","SIGLA_UF":"RS"}},{"arcs":[[-2680,-2725,-2709,-2747,-2759]],"type":"Polygon","properties":{"CD_MUN":"4310900","NM_MUN":"Jacutinga","SIGLA_UF":"RS"}},{"arcs":[[-2729,-2762,2771,2772,2773]],"type":"Polygon","properties":{"CD_MUN":"4318606","NM_MUN":"São José do Ouro","SIGLA_UF":"RS"}},{"arcs":[[-2685,2774,2775,-2732,-2726,-2711]],"type":"Polygon","properties":{"CD_MUN":"4305900","NM_MUN":"Coronel Bicaco","SIGLA_UF":"RS"}},{"arcs":[[-2734,2776,-2763,-2754,-2736]],"type":"Polygon","properties":{"CD_MUN":"4319109","NM_MUN":"São Martinho","SIGLA_UF":"RS"}},{"arcs":[[-2719,-2741,-2730,2777,2778,-2738]],"type":"Polygon","properties":{"CD_MUN":"4313607","NM_MUN":"Paim Filho","SIGLA_UF":"RS"}},{"arcs":[[-2743,-2757,2779,2780,2781]],"type":"Polygon","properties":{"CD_MUN":"4317905","NM_MUN":"Santo Cristo","SIGLA_UF":"RS"}},{"arcs":[[-2722,-2768,2782,2783,-2780,-2756]],"type":"Polygon","properties":{"CD_MUN":"4317202","NM_MUN":"Santa Rosa","SIGLA_UF":"RS"}},{"arcs":[[-2744,-2782,2784,2785,2786,2787,2788]],"type":"Polygon","properties":{"CD_MUN":"4315008","NM_MUN":"Porto Lucena","SIGLA_UF":"RS"}},{"arcs":[[-2774,2789,-2778]],"type":"Polygon","properties":{"CD_MUN":"4303202","NM_MUN":"Cacique Doble","SIGLA_UF":"RS"}},{"arcs":[[-2752,2790,-2769]],"type":"Polygon","properties":{"CD_MUN":"4316204","NM_MUN":"Rondinha","SIGLA_UF":"RS"}},{"arcs":[[-2498,-2501,2791,2792,-2760]],"type":"Polygon","properties":{"CD_MUN":"4307401","NM_MUN":"Esmeralda","SIGLA_UF":"RS"}},{"arcs":[[-2706,-2740,2793,2794,2795]],"type":"Polygon","properties":{"CD_MUN":"4308904","NM_MUN":"Getúlio Vargas","SIGLA_UF":"RS"}},{"arcs":[[-2733,-2776,2796,2797,2798,-2764,-2777]],"type":"Polygon","properties":{"CD_MUN":"4317806","NM_MUN":"Santo Augusto","SIGLA_UF":"RS"}},{"arcs":[[-2751,2799,2800,2801,-2770,-2791]],"type":"Polygon","properties":{"CD_MUN":"4320107","NM_MUN":"Sarandi","SIGLA_UF":"RS"}},{"arcs":[[-2766,2802,2803,2804]],"type":"Polygon","properties":{"CD_MUN":"4310405","NM_MUN":"Independência","SIGLA_UF":"RS"}},{"arcs":[[-2739,-2779,-2790,-2773,2805,2806,2807,-2794]],"type":"Polygon","properties":{"CD_MUN":"4316600","NM_MUN":"Sananduva","SIGLA_UF":"RS"}},{"arcs":[[-2767,-2805,2808,2809,2810,2811,2812,2813,-2783]],"type":"Polygon","properties":{"CD_MUN":"4309001","NM_MUN":"Giruá","SIGLA_UF":"RS"}},{"arcs":[[-2765,-2799,2814,2815,2816,-2803]],"type":"Polygon","properties":{"CD_MUN":"4305405","NM_MUN":"Chiapetta","SIGLA_UF":"RS"}},{"arcs":[[-2781,-2784,-2814,2817,-2785]],"type":"Polygon","properties":{"CD_MUN":"4304309","NM_MUN":"Cândido Godói","SIGLA_UF":"RS"}},{"arcs":[[-2786,-2818,-2813,2818,2819]],"type":"Polygon","properties":{"CD_MUN":"4303707","NM_MUN":"Campina das Missões","SIGLA_UF":"RS"}},{"arcs":[[-2788,2820,2821,2822]],"type":"Polygon","properties":{"CD_MUN":"4315107","NM_MUN":"Porto Xavier","SIGLA_UF":"RS"}},{"arcs":[[-2761,-2793,2823,2824,2825,2826,2827,2828,-2806,-2772]],"type":"Polygon","properties":{"CD_MUN":"4311304","NM_MUN":"Lagoa Vermelha","SIGLA_UF":"RS"}},{"arcs":[[-2787,-2820,2829,2830,-2821]],"type":"Polygon","properties":{"CD_MUN":"4319307","NM_MUN":"São Paulo das Missões","SIGLA_UF":"RS"}},{"arcs":[[-2795,-2808,2831,-2828,2832,2833,2834]],"type":"Polygon","properties":{"CD_MUN":"4320909","NM_MUN":"Tapejara","SIGLA_UF":"RS"}},{"arcs":[[-2801,2835,2836,2837]],"type":"Polygon","properties":{"CD_MUN":"4305306","NM_MUN":"Chapada","SIGLA_UF":"RS"}},{"arcs":[[-2822,-2831,2838,2839,2840]],"type":"Polygon","properties":{"CD_MUN":"4316303","NM_MUN":"Roque Gonzales","SIGLA_UF":"RS"}},{"arcs":[[-2707,-2796,-2835,2841,-2748]],"type":"Polygon","properties":{"CD_MUN":"4320503","NM_MUN":"Sertão","SIGLA_UF":"RS"}},{"arcs":[[-2804,-2817,2842,2843,-2809]],"type":"Polygon","properties":{"CD_MUN":"4305009","NM_MUN":"Catuípe","SIGLA_UF":"RS"}},{"arcs":[[-2462,2844,2845,2846,2847,2848,2849,-2824,-2792,-2500]],"type":"Polygon","properties":{"CD_MUN":"4322509","NM_MUN":"Vacaria","SIGLA_UF":"RS"}},{"arcs":[[-2749,-2842,-2834,2850,2851,2852,2853,2854]],"type":"Polygon","properties":{"CD_MUN":"4314100","NM_MUN":"Passo Fundo","SIGLA_UF":"RS"}},{"arcs":[[-2798,2855,2856,2857,2858,-2815]],"type":"Polygon","properties":{"CD_MUN":"4300208","NM_MUN":"Ajuricaba","SIGLA_UF":"RS"}},{"arcs":[[-2807,-2829,-2832]],"type":"Polygon","properties":{"CD_MUN":"4309803","NM_MUN":"Ibiaçá","SIGLA_UF":"RS"}},{"arcs":[[-2812,2859,2860,2861,-2839,-2830,-2819]],"type":"Polygon","properties":{"CD_MUN":"4305207","NM_MUN":"Cerro Largo","SIGLA_UF":"RS"}},{"arcs":[[-2750,-2855,2862,2863,2864,2865,-2836,-2800]],"type":"Polygon","properties":{"CD_MUN":"4304705","NM_MUN":"Carazinho","SIGLA_UF":"RS"}},{"arcs":[[-2857,2866,2867,2868]],"type":"Polygon","properties":{"CD_MUN":"4305702","NM_MUN":"Condor","SIGLA_UF":"RS"}},{"arcs":[[-2811,2869,2870,-2860]],"type":"Polygon","properties":{"CD_MUN":"4309506","NM_MUN":"Guarani das Missões","SIGLA_UF":"RS"}},{"arcs":[[-2816,-2859,2871,2872,2873,2874,2875,-2843]],"type":"Polygon","properties":{"CD_MUN":"4310207","NM_MUN":"Ijuí","SIGLA_UF":"RS"}},{"arcs":[[2876,2877,2878,2879,2880,2881]],"type":"Polygon","properties":{"CD_MUN":"4318002","NM_MUN":"São Borja","SIGLA_UF":"RS"}},{"arcs":[[-2810,-2844,-2876,2882,2883,2884,2885,2886,2887,-2870]],"type":"Polygon","properties":{"CD_MUN":"4317509","NM_MUN":"Santo Ângelo","SIGLA_UF":"RS"}},{"arcs":[[-2837,-2866,2888,2889,2890,2891,2892,-2868,2893]],"type":"Polygon","properties":{"CD_MUN":"4316709","NM_MUN":"Santa Bárbara do Sul","SIGLA_UF":"RS"}},{"arcs":[[-2878,2894,2895,2896]],"type":"Polygon","properties":{"CD_MUN":"4317707","NM_MUN":"Santo Antônio das Missões","SIGLA_UF":"RS"}},{"arcs":[[-2861,-2871,-2888,2897]],"type":"Polygon","properties":{"CD_MUN":"4303301","NM_MUN":"Caibaté","SIGLA_UF":"RS"}},{"arcs":[[-2858,-2869,-2893,2898,-2872]],"type":"Polygon","properties":{"CD_MUN":"4313904","NM_MUN":"Panambi","SIGLA_UF":"RS"}},{"arcs":[[-2827,2899,2900,2901,2902,-2851,-2833]],"type":"Polygon","properties":{"CD_MUN":"4305504","NM_MUN":"Ciríaco","SIGLA_UF":"RS"}},{"arcs":[[-2826,2903,2904,-2900]],"type":"Polygon","properties":{"CD_MUN":"4309902","NM_MUN":"Ibiraiaras","SIGLA_UF":"RS"}},{"arcs":[[-2461,-2539,-2562,-2607,-2605,-2616,2905,2906,-2845]],"type":"Polygon","properties":{"CD_MUN":"4302303","NM_MUN":"Bom Jesus","SIGLA_UF":"RS"}},{"arcs":[[-2873,-2899,-2892,2907]],"type":"Polygon","properties":{"CD_MUN":"4314308","NM_MUN":"Pejuçara","SIGLA_UF":"RS"}},{"arcs":[[-2852,-2903,2908,2909,2910,2911]],"type":"Polygon","properties":{"CD_MUN":"4311809","NM_MUN":"Marau","SIGLA_UF":"RS"}},{"arcs":[[-2865,2912,2913,2914,2915,-2889]],"type":"Polygon","properties":{"CD_MUN":"4305603","NM_MUN":"Colorado","SIGLA_UF":"RS"}},{"arcs":[[-2864,2916,2917,-2913]],"type":"Polygon","properties":{"CD_MUN":"4312658","NM_MUN":"Não-Me-Toque","SIGLA_UF":"RS"}},{"arcs":[[-2901,-2905,2918,2919]],"type":"Polygon","properties":{"CD_MUN":"4306304","NM_MUN":"David Canabarro","SIGLA_UF":"RS"}},{"arcs":[[-2875,2920,2921,-2883]],"type":"Polygon","properties":{"CD_MUN":"4301503","NM_MUN":"Augusto Pestana","SIGLA_UF":"RS"}},{"arcs":[[-2854,2922,2923,2924,-2917,-2863]],"type":"Polygon","properties":{"CD_MUN":"4323200","NM_MUN":"Victor Graeff","SIGLA_UF":"RS"}},{"arcs":[[-2879,-2897,2925,-2886,2926]],"type":"Polygon","properties":{"CD_MUN":"4302501","NM_MUN":"Bossoroca","SIGLA_UF":"RS"}},{"arcs":[[-2874,-2908,-2891,2927,2928,2929,2930,-2921]],"type":"Polygon","properties":{"CD_MUN":"4306106","NM_MUN":"Cruz Alta","SIGLA_UF":"RS"}},{"arcs":[[-2890,-2916,2931,2932,-2928]],"type":"Polygon","properties":{"CD_MUN":"4310009","NM_MUN":"Ibirubá","SIGLA_UF":"RS"}},{"arcs":[[-2902,-2920,2933,2934,2935,2936,-2909]],"type":"Polygon","properties":{"CD_MUN":"4304903","NM_MUN":"Casca","SIGLA_UF":"RS"}},{"arcs":[[-2825,-2850,2937,2938,2939,2940,2941,2942,-2934,-2919,-2904]],"type":"Polygon","properties":{"CD_MUN":"4313300","NM_MUN":"Nova Prata","SIGLA_UF":"RS"}},{"arcs":[[-2853,-2912,2943,2944,2945,2946,2947,2948,2949,-2923]],"type":"Polygon","properties":{"CD_MUN":"4320800","NM_MUN":"Soledade","SIGLA_UF":"RS"}},{"arcs":[[-2935,-2943,2950,2951]],"type":"Polygon","properties":{"CD_MUN":"4314001","NM_MUN":"Paraí","SIGLA_UF":"RS"}},{"arcs":[[-2914,-2918,-2925,2952,2953]],"type":"Polygon","properties":{"CD_MUN":"4321006","NM_MUN":"Tapera","SIGLA_UF":"RS"}},{"arcs":[[-2884,-2922,-2931,2954,2955,2956,2957,2958]],"type":"Polygon","properties":{"CD_MUN":"4322202","NM_MUN":"Tupanciretã","SIGLA_UF":"RS"}},{"arcs":[[-2915,-2954,2959,-2932]],"type":"Polygon","properties":{"CD_MUN":"4320305","NM_MUN":"Selbach","SIGLA_UF":"RS"}},{"arcs":[[-2942,2960,-2951]],"type":"Polygon","properties":{"CD_MUN":"4312807","NM_MUN":"Nova Araçá","SIGLA_UF":"RS"}},{"arcs":[[-2910,-2937,2961,2962,2963]],"type":"Polygon","properties":{"CD_MUN":"4320404","NM_MUN":"Serafina Corrêa","SIGLA_UF":"RS"}},{"arcs":[[-2924,-2950,2964,2965,-2929,-2933,-2960,-2953]],"type":"Polygon","properties":{"CD_MUN":"4307500","NM_MUN":"Espumoso","SIGLA_UF":"RS"}},{"arcs":[[-2911,-2964,2966,2967,2968,2969,2970,-2944]],"type":"Polygon","properties":{"CD_MUN":"4301404","NM_MUN":"Arvorezinha","SIGLA_UF":"RS"}},{"arcs":[[-2936,-2952,-2961,-2941,2971,-2962]],"type":"Polygon","properties":{"CD_MUN":"4312906","NM_MUN":"Nova Bassano","SIGLA_UF":"RS"}},{"arcs":[[-2940,2972,2973,2974,2975,-2967,-2963,-2972]],"type":"Polygon","properties":{"CD_MUN":"4309407","NM_MUN":"Guaporé","SIGLA_UF":"RS"}},{"arcs":[[-2880,-2927,-2885,-2959,2976,2977,2978]],"type":"Polygon","properties":{"CD_MUN":"4317400","NM_MUN":"Santiago","SIGLA_UF":"RS"}},{"arcs":[[-2630,2979,2980,2981,2982,2983,2984,2985,-2846,-2907,2986]],"type":"Polygon","properties":{"CD_MUN":"4318200","NM_MUN":"São Francisco de Paula","SIGLA_UF":"RS"}},{"arcs":[[-2849,2987,2988,2989,2990,2991,-2938]],"type":"Polygon","properties":{"CD_MUN":"4300802","NM_MUN":"Antônio Prado","SIGLA_UF":"RS"}},{"arcs":[[-2847,-2986,2992,2993,2994,2995,2996,2997,2998]],"type":"Polygon","properties":{"CD_MUN":"4305108","NM_MUN":"Caxias do Sul","SIGLA_UF":"RS"}},{"arcs":[[-2939,-2992,2999,-2973]],"type":"Polygon","properties":{"CD_MUN":"4322806","NM_MUN":"Veranópolis","SIGLA_UF":"RS"}},{"arcs":[[-2881,-2979,3000,3001,3002,3003]],"type":"Polygon","properties":{"CD_MUN":"4310603","NM_MUN":"Itaqui","SIGLA_UF":"RS"}},{"arcs":[[-2615,-2625,-2631,-2987,-2906]],"type":"Polygon","properties":{"CD_MUN":"4303608","NM_MUN":"Cambará do Sul","SIGLA_UF":"RS"}},{"arcs":[[-2945,-2971,3004,3005,3006,3007]],"type":"Polygon","properties":{"CD_MUN":"4308300","NM_MUN":"Fontoura Xavier","SIGLA_UF":"RS"}},{"arcs":[[-2968,-2976,3008,3009,3010,3011]],"type":"Polygon","properties":{"CD_MUN":"4300703","NM_MUN":"Anta Gorda","SIGLA_UF":"RS"}},{"arcs":[[-2969,-3012,3012]],"type":"Polygon","properties":{"CD_MUN":"4310306","NM_MUN":"Ilópolis","SIGLA_UF":"RS"}},{"arcs":[[-2848,-2999,3013,-2988]],"type":"Polygon","properties":{"CD_MUN":"4319000","NM_MUN":"São Marcos","SIGLA_UF":"RS"}},{"arcs":[[-2989,-3014,-2998,3014]],"type":"Polygon","properties":{"CD_MUN":"4308201","NM_MUN":"Flores da Cunha","SIGLA_UF":"RS"}},{"arcs":[[-2946,-3008,3015,3016]],"type":"Polygon","properties":{"CD_MUN":"4302006","NM_MUN":"Barros Cassal","SIGLA_UF":"RS"}},{"arcs":[[-2970,-3013,-3011,3017,3018,3019,-3005]],"type":"Polygon","properties":{"CD_MUN":"4315206","NM_MUN":"Putinga","SIGLA_UF":"RS"}},{"arcs":[[-2930,-2966,3020,3021,3022,3023,3024,3025,-2955]],"type":"Polygon","properties":{"CD_MUN":"4311205","NM_MUN":"Júlio de Castilhos","SIGLA_UF":"RS"}},{"arcs":[[-2975,3026,3027,3028,-3009]],"type":"Polygon","properties":{"CD_MUN":"4312609","NM_MUN":"Muçum","SIGLA_UF":"RS"}},{"arcs":[[-2974,-3000,-2991,3029,3030,3031,-3027]],"type":"Polygon","properties":{"CD_MUN":"4302105","NM_MUN":"Bento Gonçalves","SIGLA_UF":"RS"}},{"arcs":[[-3010,-3029,3032,3033,3034,-3018]],"type":"Polygon","properties":{"CD_MUN":"4306809","NM_MUN":"Encantado","SIGLA_UF":"RS"}},{"arcs":[[-2990,-3015,-2997,3035,3036,3037,-3030]],"type":"Polygon","properties":{"CD_MUN":"4307906","NM_MUN":"Farroupilha","SIGLA_UF":"RS"}},{"arcs":[[-3019,-3035,3038]],"type":"Polygon","properties":{"CD_MUN":"4313003","NM_MUN":"Nova Bréscia","SIGLA_UF":"RS"}},{"arcs":[[-3006,-3020,-3039,-3034,3039,3040,3041]],"type":"Polygon","properties":{"CD_MUN":"4301008","NM_MUN":"Arroio do Meio","SIGLA_UF":"RS"}},{"arcs":[[-2949,3042,-3021,-2965]],"type":"Polygon","properties":{"CD_MUN":"4301206","NM_MUN":"Arroio do Tigre","SIGLA_UF":"RS"}},{"arcs":[[-3007,-3042,3043,3044,3045,3046,-3016]],"type":"Polygon","properties":{"CD_MUN":"4311403","NM_MUN":"Lajeado","SIGLA_UF":"RS"}},{"arcs":[[-3028,-3032,3047,3048,-3040,-3033]],"type":"Polygon","properties":{"CD_MUN":"4315800","NM_MUN":"Roca Sales","SIGLA_UF":"RS"}},{"arcs":[[-2948,3049,3050,3051,3052,3053,-3022,-3043]],"type":"Polygon","properties":{"CD_MUN":"4320701","NM_MUN":"Sobradinho","SIGLA_UF":"RS"}},{"arcs":[[-2978,3054,3055,3056,-3001]],"type":"Polygon","properties":{"CD_MUN":"4318101","NM_MUN":"São Francisco de Assis","SIGLA_UF":"RS"}},{"arcs":[[-3031,-3038,3057,3058,3059,-3048]],"type":"Polygon","properties":{"CD_MUN":"4308607","NM_MUN":"Garibaldi","SIGLA_UF":"RS"}},{"arcs":[[-2947,-3017,-3047,3060,3061,3062,3063,-3050]],"type":"Polygon","properties":{"CD_MUN":"4316808","NM_MUN":"Santa Cruz do Sul","SIGLA_UF":"RS"}},{"arcs":[[-2629,-2633,3064,3065,-2980]],"type":"Polygon","properties":{"CD_MUN":"4321501","NM_MUN":"Torres","SIGLA_UF":"RS"}},{"arcs":[[-2985,3066,3067,-2993]],"type":"Polygon","properties":{"CD_MUN":"4304408","NM_MUN":"Canela","SIGLA_UF":"RS"}},{"arcs":[[-2958,3068,3069,-3055,-2977]],"type":"Polygon","properties":{"CD_MUN":"4311106","NM_MUN":"Jaguari","SIGLA_UF":"RS"}},{"arcs":[[-3037,3070,3071,3072,-3058]],"type":"Polygon","properties":{"CD_MUN":"4304804","NM_MUN":"Carlos Barbosa","SIGLA_UF":"RS"}},{"arcs":[[-3002,-3057,3073,3074,3075,3076,3077]],"type":"Polygon","properties":{"CD_MUN":"4300406","NM_MUN":"Alegrete","SIGLA_UF":"RS"}},{"arcs":[[-3041,-3049,-3060,3078,3079,3080,3081,3082,-3044]],"type":"Polygon","properties":{"CD_MUN":"4307807","NM_MUN":"Estrela","SIGLA_UF":"RS"}},{"arcs":[[-2994,-3068,3083,3084,3085]],"type":"Polygon","properties":{"CD_MUN":"4309100","NM_MUN":"Gramado","SIGLA_UF":"RS"}},{"arcs":[[-2996,3086,3087,-3071,-3036]],"type":"Polygon","properties":{"CD_MUN":"4308102","NM_MUN":"Feliz","SIGLA_UF":"RS"}},{"arcs":[[-2995,-3086,3088,3089,3090,-3087]],"type":"Polygon","properties":{"CD_MUN":"4313201","NM_MUN":"Nova Petrópolis","SIGLA_UF":"RS"}},{"arcs":[[-3023,-3054,3091,3092,3093]],"type":"Polygon","properties":{"CD_MUN":"4313102","NM_MUN":"Nova Palma","SIGLA_UF":"RS"}},{"arcs":[[-3025,3094,3095,3096,3097,3098,3099,3100]],"type":"Polygon","properties":{"CD_MUN":"4316907","NM_MUN":"Santa Maria","SIGLA_UF":"RS"}},{"arcs":[[-3046,3101,3102,3103,3104,3105,-3061]],"type":"Polygon","properties":{"CD_MUN":"4322608","NM_MUN":"Venâncio Aires","SIGLA_UF":"RS"}},{"arcs":[[-3059,-3073,3106,3107,-3079]],"type":"Polygon","properties":{"CD_MUN":"4316501","NM_MUN":"Salvador do Sul","SIGLA_UF":"RS"}},{"arcs":[[-3072,-3088,-3091,3108,3109,3110,-3107]],"type":"Polygon","properties":{"CD_MUN":"4319505","NM_MUN":"São Sebastião do Caí","SIGLA_UF":"RS"}},{"arcs":[[-2956,-3026,-3101,3111,3112,3113]],"type":"Polygon","properties":{"CD_MUN":"4319406","NM_MUN":"São Pedro do Sul","SIGLA_UF":"RS"}},{"arcs":[[-3003,-3078,3114,3115]],"type":"Polygon","properties":{"CD_MUN":"4322400","NM_MUN":"Uruguaiana","SIGLA_UF":"RS"}},{"arcs":[[-2984,3116,3117,3118,-3084,-3067]],"type":"Polygon","properties":{"CD_MUN":"4321709","NM_MUN":"Três Coroas","SIGLA_UF":"RS"}},{"arcs":[[-3085,-3119,3119,3120,3121,3122,3123,-3089]],"type":"Polygon","properties":{"CD_MUN":"4306403","NM_MUN":"Dois Irmãos","SIGLA_UF":"RS"}},{"arcs":[[-2957,-3114,3124,-3069]],"type":"Polygon","properties":{"CD_MUN":"4312104","NM_MUN":"Mata","SIGLA_UF":"RS"}},{"arcs":[[-3053,3125,3126,3127,-3092]],"type":"Polygon","properties":{"CD_MUN":"4300109","NM_MUN":"Agudo","SIGLA_UF":"RS"}},{"arcs":[[-3045,-3083,3128,-3102]],"type":"Polygon","properties":{"CD_MUN":"4306205","NM_MUN":"Cruzeiro do Sul","SIGLA_UF":"RS"}},{"arcs":[[-3080,-3108,-3111,3129,3130,3131,3132]],"type":"Polygon","properties":{"CD_MUN":"4312401","NM_MUN":"Montenegro","SIGLA_UF":"RS"}},{"arcs":[[-3093,-3128,3133,3134]],"type":"Polygon","properties":{"CD_MUN":"4306700","NM_MUN":"Dona Francisca","SIGLA_UF":"RS"}},{"arcs":[[-3024,-3094,-3135,3135,-3095]],"type":"Polygon","properties":{"CD_MUN":"4308003","NM_MUN":"Faxinal do Soturno","SIGLA_UF":"RS"}},{"arcs":[[-3051,-3064,3136,3137,3138]],"type":"Polygon","properties":{"CD_MUN":"4304200","NM_MUN":"Candelária","SIGLA_UF":"RS"}},{"arcs":[[-2983,3139,3140,3141,3142,3143,3144,-3117]],"type":"Polygon","properties":{"CD_MUN":"4321204","NM_MUN":"Taquara","SIGLA_UF":"RS"}},{"arcs":[[-3081,-3133,3145,3146,-3104,3147]],"type":"Polygon","properties":{"CD_MUN":"4321303","NM_MUN":"Taquari","SIGLA_UF":"RS"}},{"arcs":[[-3090,-3124,3148,3149,3150,-3109]],"type":"Polygon","properties":{"CD_MUN":"4310801","NM_MUN":"Ivoti","SIGLA_UF":"RS"}},{"arcs":[[-3056,-3070,-3125,-3113,3151,-3074]],"type":"Polygon","properties":{"CD_MUN":"4319802","NM_MUN":"São Vicente do Sul","SIGLA_UF":"RS"}},{"arcs":[[-2982,3152,3153,-3140]],"type":"Polygon","properties":{"CD_MUN":"4316006","NM_MUN":"Rolante","SIGLA_UF":"RS"}},{"arcs":[[-3082,-3148,-3103,-3129]],"type":"Polygon","properties":{"CD_MUN":"4302402","NM_MUN":"Bom Retiro do Sul","SIGLA_UF":"RS"}},{"arcs":[[-3118,-3145,3154,-3120]],"type":"Polygon","properties":{"CD_MUN":"4310108","NM_MUN":"Igrejinha","SIGLA_UF":"RS"}},{"arcs":[[-3121,-3155,-3144,3155,3156]],"type":"Polygon","properties":{"CD_MUN":"4319901","NM_MUN":"Sapiranga","SIGLA_UF":"RS"}},{"arcs":[[-3063,3157,-3137]],"type":"Polygon","properties":{"CD_MUN":"4322707","NM_MUN":"Vera Cruz","SIGLA_UF":"RS"}},{"arcs":[[-3110,-3151,3158,3159,3160,3161,-3130]],"type":"Polygon","properties":{"CD_MUN":"4314803","NM_MUN":"Portão","SIGLA_UF":"RS"}},{"arcs":[[-3096,-3136,-3134,-3127,3162,3163,3164]],"type":"Polygon","properties":{"CD_MUN":"4315503","NM_MUN":"Restinga Seca","SIGLA_UF":"RS"}},{"arcs":[[-3150,3165,3166,-3159]],"type":"Polygon","properties":{"CD_MUN":"4307609","NM_MUN":"Estância Velha","SIGLA_UF":"RS"}},{"arcs":[[-3122,-3157,3167]],"type":"Polygon","properties":{"CD_MUN":"4303905","NM_MUN":"Campo Bom","SIGLA_UF":"RS"}},{"arcs":[[-3132,3168,3169,3170,3171,3172,-3146]],"type":"Polygon","properties":{"CD_MUN":"4322004","NM_MUN":"Triunfo","SIGLA_UF":"RS"}},{"arcs":[[-3123,-3168,-3156,-3143,3173,3174,3175,-3166,-3149]],"type":"Polygon","properties":{"CD_MUN":"4313409","NM_MUN":"Novo Hamburgo","SIGLA_UF":"RS"}},{"arcs":[[-3062,-3106,3176,3177,3178,3179,3180,-3138,-3158]],"type":"Polygon","properties":{"CD_MUN":"4315701","NM_MUN":"Rio Pardo","SIGLA_UF":"RS"}},{"arcs":[[-3160,-3167,-3176,3181]],"type":"Polygon","properties":{"CD_MUN":"4318705","NM_MUN":"São Leopoldo","SIGLA_UF":"RS"}},{"arcs":[[-3141,-3154,3182,3183,3184]],"type":"Polygon","properties":{"CD_MUN":"4317608","NM_MUN":"Santo Antônio da Patrulha","SIGLA_UF":"RS"}},{"arcs":[[-3105,-3147,-3173,3185,3186,-3177]],"type":"Polygon","properties":{"CD_MUN":"4308805","NM_MUN":"General Câmara","SIGLA_UF":"RS"}},{"arcs":[[-3075,-3152,-3112,-3100,3187,3188]],"type":"Polygon","properties":{"CD_MUN":"4302907","NM_MUN":"Cacequi","SIGLA_UF":"RS"}},{"arcs":[[-3131,-3162,3189,3190,3191,3192,-3169]],"type":"Polygon","properties":{"CD_MUN":"4304606","NM_MUN":"Canoas","SIGLA_UF":"RS"}},{"arcs":[[-3142,-3185,3193,3194,3195,3196,-3174]],"type":"Polygon","properties":{"CD_MUN":"4309209","NM_MUN":"Gravataí","SIGLA_UF":"RS"}},{"arcs":[[-3161,-3182,-3175,-3197,3197,3198,-3190]],"type":"Polygon","properties":{"CD_MUN":"4320008","NM_MUN":"Sapucaia do Sul","SIGLA_UF":"RS"}},{"arcs":[[-3191,-3199,3199]],"type":"Polygon","properties":{"CD_MUN":"4307708","NM_MUN":"Esteio","SIGLA_UF":"RS"}},{"arcs":[[-3097,-3165,3200]],"type":"Polygon","properties":{"CD_MUN":"4308409","NM_MUN":"Formigueiro","SIGLA_UF":"RS"}},{"arcs":[[-3099,3201,3202,3203,3204,-3188]],"type":"Polygon","properties":{"CD_MUN":"4318309","NM_MUN":"São Gabriel","SIGLA_UF":"RS"}},{"arcs":[[-3098,-3201,-3164,3205,3206,3207,-3202]],"type":"Polygon","properties":{"CD_MUN":"4319604","NM_MUN":"São Sepé","SIGLA_UF":"RS"}},{"arcs":[[-3192,-3200,-3198,-3196,3208,3209]],"type":"Polygon","properties":{"CD_MUN":"4303103","NM_MUN":"Cachoeirinha","SIGLA_UF":"RS"}},{"arcs":[[-3178,-3187,3210]],"type":"Polygon","properties":{"CD_MUN":"4302709","NM_MUN":"Butiá","SIGLA_UF":"RS"}},{"arcs":[[3211,3212]],"type":"Polygon","properties":{"CD_MUN":"4321600","NM_MUN":"Tramandaí","SIGLA_UF":"RS"}},{"arcs":[[-3171,3213,3214,3215,3216,3217,3218,3219]],"type":"Polygon","properties":{"CD_MUN":"4309308","NM_MUN":"Guaíba","SIGLA_UF":"RS"}},{"arcs":[[-3170,-3193,-3210,3220,3221,3222,-3214]],"type":"Polygon","properties":{"CD_MUN":"4314902","NM_MUN":"Porto Alegre","SIGLA_UF":"RS"}},{"arcs":[[-3172,-3220,3223,-3218,3224,3225,3226,-3211,-3186]],"type":"Polygon","properties":{"CD_MUN":"4318408","NM_MUN":"São Jerônimo","SIGLA_UF":"RS"}},{"arcs":[[-3195,3227,-3221,-3209]],"type":"Polygon","properties":{"CD_MUN":"4300604","NM_MUN":"Alvorada","SIGLA_UF":"RS"}},{"arcs":[[-3184,3228,3229,-3222,-3228,-3194]],"type":"Polygon","properties":{"CD_MUN":"4323002","NM_MUN":"Viamão","SIGLA_UF":"RS"}},{"arcs":[[-3076,-3189,-3205,3230,3231,3232]],"type":"Polygon","properties":{"CD_MUN":"4316402","NM_MUN":"Rosário do Sul","SIGLA_UF":"RS"}},{"arcs":[[-3219,-3224]],"type":"Polygon","properties":{"CD_MUN":"4301107","NM_MUN":"Arroio dos Ratos","SIGLA_UF":"RS"}},{"arcs":[[-3077,-3233,3233,3234,-3115]],"type":"Polygon","properties":{"CD_MUN":"4315305","NM_MUN":"Quaraí","SIGLA_UF":"RS"}},{"arcs":[[-3207,3235,3236,3237,3238,3239]],"type":"Polygon","properties":{"CD_MUN":"4302808","NM_MUN":"Caçapava do Sul","SIGLA_UF":"RS"}},{"arcs":[[-3180,3240,3241,3242,3243,3244,3245]],"type":"Polygon","properties":{"CD_MUN":"4306908","NM_MUN":"Encruzilhada do Sul","SIGLA_UF":"RS"}},{"arcs":[[-3216,3246,3247]],"type":"Polygon","properties":{"CD_MUN":"4301909","NM_MUN":"Barra do Ribeiro","SIGLA_UF":"RS"}},{"arcs":[[-3232,3248,3249,-3234]],"type":"Polygon","properties":{"CD_MUN":"4317103","NM_MUN":"Santana do Livramento","SIGLA_UF":"RS"}},{"arcs":[[-3179,-3227,3250,-3241]],"type":"Polygon","properties":{"CD_MUN":"4306502","NM_MUN":"Dom Feliciano","SIGLA_UF":"RS"}},{"arcs":[[-3237,3251,-3245,3252,3253]],"type":"Polygon","properties":{"CD_MUN":"4317004","NM_MUN":"Santana da Boa Vista","SIGLA_UF":"RS"}},{"arcs":[[-3203,-3208,-3240,3254,3255]],"type":"Polygon","properties":{"CD_MUN":"4311502","NM_MUN":"Lavras do Sul","SIGLA_UF":"RS"}},{"arcs":[[-3217,-3248,3256,3257,-3225]],"type":"Polygon","properties":{"CD_MUN":"4321105","NM_MUN":"Tapes","SIGLA_UF":"RS"}},{"arcs":[[3258,3259,3260,3261]],"type":"Polygon","properties":{"CD_MUN":"4312500","NM_MUN":"Mostardas","SIGLA_UF":"RS"}},{"arcs":[[-3226,-3258,3262,3263,3264,-3242,-3251]],"type":"Polygon","properties":{"CD_MUN":"4303509","NM_MUN":"Camaquã","SIGLA_UF":"RS"}},{"arcs":[[-3204,-3256,3265,3266,-3249,-3231]],"type":"Polygon","properties":{"CD_MUN":"4306601","NM_MUN":"Dom Pedrito","SIGLA_UF":"RS"}},{"arcs":[[-3239,3267,3268,3269,-3266,-3255]],"type":"Polygon","properties":{"CD_MUN":"4301602","NM_MUN":"Bagé","SIGLA_UF":"RS"}},{"arcs":[[-3243,-3265,3270,3271,3272,3273]],"type":"Polygon","properties":{"CD_MUN":"4304507","NM_MUN":"Canguçu","SIGLA_UF":"RS"}},{"arcs":[[-3244,-3274,3274,3275,3276,-3253]],"type":"Polygon","properties":{"CD_MUN":"4314605","NM_MUN":"Piratini","SIGLA_UF":"RS"}},{"arcs":[[-3238,-3254,-3277,3277,-3268]],"type":"Polygon","properties":{"CD_MUN":"4314506","NM_MUN":"Pinheiro Machado","SIGLA_UF":"RS"}},{"arcs":[[-3264,3278,3279,-3271]],"type":"Polygon","properties":{"CD_MUN":"4318804","NM_MUN":"São Lourenço do Sul","SIGLA_UF":"RS"}},{"arcs":[[-3272,-3280,3280,3281,3282,3283]],"type":"Polygon","properties":{"CD_MUN":"4314407","NM_MUN":"Pelotas","SIGLA_UF":"RS"}},{"arcs":[[-3260,3284]],"type":"Polygon","properties":{"CD_MUN":"4318507","NM_MUN":"São José do Norte","SIGLA_UF":"RS"}},{"arcs":[[-3273,-3284,3285,3286,-3275]],"type":"Polygon","properties":{"CD_MUN":"4314209","NM_MUN":"Pedro Osório","SIGLA_UF":"RS"}},{"arcs":[[-3269,-3278,-3276,-3287,3287,3288,3289]],"type":"Polygon","properties":{"CD_MUN":"4307104","NM_MUN":"Herval","SIGLA_UF":"RS"}},{"arcs":[[-3282,3290,3291,3292,3293]],"type":"Polygon","properties":{"CD_MUN":"4315602","NM_MUN":"Rio Grande","SIGLA_UF":"RS"}},{"arcs":[[-3283,-3294,3294,3295,-3288,-3286]],"type":"Polygon","properties":{"CD_MUN":"4301305","NM_MUN":"Arroio Grande","SIGLA_UF":"RS"}},{"arcs":[[-3289,-3296,3296]],"type":"Polygon","properties":{"CD_MUN":"4311007","NM_MUN":"Jaguarão","SIGLA_UF":"RS"}},{"arcs":[[-3292,3297]],"type":"Polygon","properties":{"CD_MUN":"4317301","NM_MUN":"Santa Vitória do Palmar","SIGLA_UF":"RS"}},{"arcs":[[-2981,-3066,3298,-3213,3299,-3262,3300,-3229,-3183,-3153]],"type":"Polygon","properties":{"CD_MUN":"4313508","NM_MUN":"Osório","SIGLA_UF":"RS"}},{"arcs":[[3301,3302,3303,3304,3305,3306,3307,3308,3309]],"type":"Polygon","properties":{"CD_MUN":"1400209","NM_MUN":"Caracaraí","SIGLA_UF":"RR"}},{"arcs":[[-3310,3310]],"type":"Polygon","properties":{"CD_MUN":"1400100","NM_MUN":"Boa Vista","SIGLA_UF":"RR"}},{"arcs":[[3311,3312,3313,3314]],"type":"Polygon","properties":{"CD_MUN":"1100189","NM_MUN":"Pimenta Bueno","SIGLA_UF":"RO"}},{"arcs":[[-3315,3315,3316,3317]],"type":"Polygon","properties":{"CD_MUN":"1100049","NM_MUN":"Cacoal","SIGLA_UF":"RO"}},{"arcs":[[-3317,3318,3319,3320]],"type":"Polygon","properties":{"CD_MUN":"1100122","NM_MUN":"Ji-Paraná","SIGLA_UF":"RO"}},{"arcs":[[-3314,3321,3322,3323,3324,-3319,-3316]],"type":"Polygon","properties":{"CD_MUN":"1100106","NM_MUN":"Guajará-Mirim","SIGLA_UF":"RO"}},{"arcs":[[-3320,-3325,3325,3326,3327,3328,3329]],"type":"Polygon","properties":{"CD_MUN":"1100023","NM_MUN":"Ariquemes","SIGLA_UF":"RO"}},{"arcs":[[-3324,3330,3331,3332,3333,3334,-3326]],"type":"Polygon","properties":{"CD_MUN":"1100205","NM_MUN":"Porto Velho","SIGLA_UF":"RO"}},{"arcs":[[-3313,3335,3336,3337,-3322]],"type":"Polygon","properties":{"CD_MUN":"1100304","NM_MUN":"Vilhena","SIGLA_UF":"RO"}},{"arcs":[[3338,3339,3340,3341]],"type":"Polygon","properties":{"CD_MUN":"2404408","NM_MUN":"Grossos","SIGLA_UF":"RN"}},{"arcs":[[3342,3343,3344,3345,3346]],"type":"Polygon","properties":{"CD_MUN":"2411601","NM_MUN":"São Bento do Norte","SIGLA_UF":"RN"}},{"arcs":[[3347,3348,3349,3350,3351,3352]],"type":"Polygon","properties":{"CD_MUN":"2407203","NM_MUN":"Macau","SIGLA_UF":"RN"}},{"arcs":[[-3349,3353,3354,3355]],"type":"Polygon","properties":{"CD_MUN":"2404507","NM_MUN":"Guamaré","SIGLA_UF":"RN"}},{"arcs":[[-3344,3356,3357,3358]],"type":"Polygon","properties":{"CD_MUN":"2409506","NM_MUN":"Pedra Grande","SIGLA_UF":"RN"}},{"arcs":[[-3347,3359,-3355,3360]],"type":"Polygon","properties":{"CD_MUN":"2404101","NM_MUN":"Galinhos","SIGLA_UF":"RN"}},{"arcs":[[-3358,3361,3362,3363,3364,3365]],"type":"Polygon","properties":{"CD_MUN":"2414407","NM_MUN":"Touros","SIGLA_UF":"RN"}},{"arcs":[[-3352,3366,3367]],"type":"Polygon","properties":{"CD_MUN":"2409902","NM_MUN":"Pendências","SIGLA_UF":"RN"}},{"arcs":[[3368,3369,3370,3371,3372,3373,3374,3375]],"type":"Polygon","properties":{"CD_MUN":"2404309","NM_MUN":"Governador Dix-Sept Rosado","SIGLA_UF":"RN"}},{"arcs":[[-3345,-3359,-3366,3376,3377]],"type":"Polygon","properties":{"CD_MUN":"2408805","NM_MUN":"Parazinho","SIGLA_UF":"RN"}},{"arcs":[[-3350,-3356,3378,3379,3380,3381]],"type":"Polygon","properties":{"CD_MUN":"2409704","NM_MUN":"Pedro Avelino","SIGLA_UF":"RN"}},{"arcs":[[-3346,-3378,3382,3383,3384,-3379,-3360]],"type":"Polygon","properties":{"CD_MUN":"2405108","NM_MUN":"Jandaíra","SIGLA_UF":"RN"}},{"arcs":[[-3367,3385,3386,3387]],"type":"Polygon","properties":{"CD_MUN":"2400703","NM_MUN":"Alto do Rodrigues","SIGLA_UF":"RN"}},{"arcs":[[-3363,3388,3389,3390]],"type":"Polygon","properties":{"CD_MUN":"2407500","NM_MUN":"Maxaranguape","SIGLA_UF":"RN"}},{"arcs":[[-3365,3391,3392,3393,3394,-3383,-3377]],"type":"Polygon","properties":{"CD_MUN":"2405801","NM_MUN":"João Câmara","SIGLA_UF":"RN"}},{"arcs":[[-3364,-3391,3395,3396,3397,-3392]],"type":"Polygon","properties":{"CD_MUN":"2410405","NM_MUN":"Pureza","SIGLA_UF":"RN"}},{"arcs":[[-3351,-3382,3398,3399,3400,-3386]],"type":"Polygon","properties":{"CD_MUN":"2400307","NM_MUN":"Afonso Bezerra","SIGLA_UF":"RN"}},{"arcs":[[-3373,3401,3402,3403,3404,3405,3406,3407,3408,3409]],"type":"Polygon","properties":{"CD_MUN":"2401008","NM_MUN":"Apodi","SIGLA_UF":"RN"}},{"arcs":[[-3372,3410,-3402]],"type":"Polygon","properties":{"CD_MUN":"2403707","NM_MUN":"Felipe Guerra","SIGLA_UF":"RN"}},{"arcs":[[-3400,3411,3412,3413,3414]],"type":"Polygon","properties":{"CD_MUN":"2404705","NM_MUN":"Ipanguaçu","SIGLA_UF":"RN"}},{"arcs":[[-3380,-3385,3415,3416,3417,3418,3419]],"type":"Polygon","properties":{"CD_MUN":"2406700","NM_MUN":"Lajes","SIGLA_UF":"RN"}},{"arcs":[[-3384,3420,-3416]],"type":"Polygon","properties":{"CD_MUN":"2409605","NM_MUN":"Pedra Preta","SIGLA_UF":"RN"}},{"arcs":[[-3370,3421,3422,3423,3424,3425]],"type":"Polygon","properties":{"CD_MUN":"2414605","NM_MUN":"Upanema","SIGLA_UF":"RN"}},{"arcs":[[-3393,-3398,3426,3427]],"type":"Polygon","properties":{"CD_MUN":"2410108","NM_MUN":"Poço Branco","SIGLA_UF":"RN"}},{"arcs":[[-3395,3428,3429,-3421]],"type":"Polygon","properties":{"CD_MUN":"2405504","NM_MUN":"Jardim de Angicos","SIGLA_UF":"RN"}},{"arcs":[[-3390,3430,3431,3432,3433,3434,-3396]],"type":"Polygon","properties":{"CD_MUN":"2402600","NM_MUN":"Ceará-Mirim","SIGLA_UF":"RN"}},{"arcs":[[-3397,-3435,3435,-3427]],"type":"Polygon","properties":{"CD_MUN":"2413904","NM_MUN":"Taipu","SIGLA_UF":"RN"}},{"arcs":[[-3381,-3420,3436,-3412,-3399]],"type":"Polygon","properties":{"CD_MUN":"2400802","NM_MUN":"Angicos","SIGLA_UF":"RN"}},{"arcs":[[-3371,-3426,3437,3438,3439,3440,-3403,-3411]],"type":"Polygon","properties":{"CD_MUN":"2402303","NM_MUN":"Caraúbas","SIGLA_UF":"RN"}},{"arcs":[[-3394,-3428,3441,3442,3443,3444,-3429]],"type":"Polygon","properties":{"CD_MUN":"2401602","NM_MUN":"Bento Fernandes","SIGLA_UF":"RN"}},{"arcs":[[-3432,3445,3446,3447]],"type":"Polygon","properties":{"CD_MUN":"2403608","NM_MUN":"Extremoz","SIGLA_UF":"RN"}},{"arcs":[[-3424,3448,3449]],"type":"Polygon","properties":{"CD_MUN":"2408706","NM_MUN":"Paraú","SIGLA_UF":"RN"}},{"arcs":[[-3417,-3430,-3445,3450,3451,3452]],"type":"Polygon","properties":{"CD_MUN":"2401909","NM_MUN":"Caiçara do Rio do Vento","SIGLA_UF":"RN"}},{"arcs":[[-3407,3453,3454]],"type":"Polygon","properties":{"CD_MUN":"2413607","NM_MUN":"Severiano Melo","SIGLA_UF":"RN"}},{"arcs":[[-3425,-3450,3455,3456,3457,3458,-3438]],"type":"Polygon","properties":{"CD_MUN":"2401305","NM_MUN":"Augusto Severo","SIGLA_UF":"RN"}},{"arcs":[[-3413,-3437,3459,3460,3461,3462,3463]],"type":"Polygon","properties":{"CD_MUN":"2411403","NM_MUN":"Santana do Matos","SIGLA_UF":"RN"}},{"arcs":[[-3414,-3464,3464,3465]],"type":"Polygon","properties":{"CD_MUN":"2412807","NM_MUN":"São Rafael","SIGLA_UF":"RN"}},{"arcs":[[-3455,3466,3467,3468,3469]],"type":"Polygon","properties":{"CD_MUN":"2411007","NM_MUN":"Rodolfo Fernandes","SIGLA_UF":"RN"}},{"arcs":[[-3406,3470,3471,-3467,-3454]],"type":"Polygon","properties":{"CD_MUN":"2404903","NM_MUN":"Itaú","SIGLA_UF":"RN"}},{"arcs":[[-3434,3472,3473,3474,3475,-3442,-3436]],"type":"Polygon","properties":{"CD_MUN":"2404606","NM_MUN":"Ielmo Marinho","SIGLA_UF":"RN"}},{"arcs":[[-3447,3476,3477,3478,3479]],"type":"Polygon","properties":{"CD_MUN":"2408102","NM_MUN":"Natal","SIGLA_UF":"RN"}},{"arcs":[[-3443,-3476,3480,3481,3482,3483,3484]],"type":"Polygon","properties":{"CD_MUN":"2412609","NM_MUN":"São Paulo do Potengi","SIGLA_UF":"RN"}},{"arcs":[[-3433,-3448,-3480,3485,-3473]],"type":"Polygon","properties":{"CD_MUN":"2412005","NM_MUN":"São Gonçalo do Amarante","SIGLA_UF":"RN"}},{"arcs":[[-3444,-3485,3486,3487,-3451]],"type":"Polygon","properties":{"CD_MUN":"2410900","NM_MUN":"Riachuelo","SIGLA_UF":"RN"}},{"arcs":[[-3405,3488,3489,3490,3491,-3471]],"type":"Polygon","properties":{"CD_MUN":"2410702","NM_MUN":"Riacho da Cruz","SIGLA_UF":"RN"}},{"arcs":[[-3468,-3472,-3492,3492,3493,3494]],"type":"Polygon","properties":{"CD_MUN":"2413805","NM_MUN":"Taboleiro Grande","SIGLA_UF":"RN"}},{"arcs":[[-3475,3495,3496,3497,-3481]],"type":"Polygon","properties":{"CD_MUN":"2412708","NM_MUN":"São Pedro","SIGLA_UF":"RN"}},{"arcs":[[-3452,-3488,3498,3499]],"type":"Polygon","properties":{"CD_MUN":"2411106","NM_MUN":"Ruy Barbosa","SIGLA_UF":"RN"}},{"arcs":[[-3456,3500,-3465,-3463,3501,3502,3503,3504,3505]],"type":"Polygon","properties":{"CD_MUN":"2406106","NM_MUN":"Jucurutu","SIGLA_UF":"RN"}},{"arcs":[[-3419,3506,3507,3508,-3460]],"type":"Polygon","properties":{"CD_MUN":"2402709","NM_MUN":"Cerro Corá","SIGLA_UF":"RN"}},{"arcs":[[-3418,-3453,-3500,3509,3510,3511,3512,3513,3514,-3507]],"type":"Polygon","properties":{"CD_MUN":"2412906","NM_MUN":"São Tomé","SIGLA_UF":"RN"}},{"arcs":[[-3474,-3486,-3479,3515,3516,3517,3518,3519,-3496]],"type":"Polygon","properties":{"CD_MUN":"2407104","NM_MUN":"Macaíba","SIGLA_UF":"RN"}},{"arcs":[[-3469,-3495,3520,3521,3522,3523]],"type":"Polygon","properties":{"CD_MUN":"2411908","NM_MUN":"São Francisco do Oeste","SIGLA_UF":"RN"}},{"arcs":[[-3439,-3459,3524,3525]],"type":"Polygon","properties":{"CD_MUN":"2405207","NM_MUN":"Janduís","SIGLA_UF":"RN"}},{"arcs":[[-3404,3526,3527,3528,3529,3530,3531,-3489]],"type":"Polygon","properties":{"CD_MUN":"2414506","NM_MUN":"Umarizal","SIGLA_UF":"RN"}},{"arcs":[[-3441,3532,3533,-3527]],"type":"Polygon","properties":{"CD_MUN":"2408409","NM_MUN":"Olho-d'Água do Borges","SIGLA_UF":"RN"}},{"arcs":[[-3478,3534,3535,3536,-3516]],"type":"Polygon","properties":{"CD_MUN":"2403251","NM_MUN":"Parnamirim","SIGLA_UF":"RN"}},{"arcs":[[-3440,-3526,3537,3538,3539,3540,3541,-3533]],"type":"Polygon","properties":{"CD_MUN":"2409308","NM_MUN":"Patu","SIGLA_UF":"RN"}},{"arcs":[[-3484,3542,3543,-3510,-3499,-3487]],"type":"Polygon","properties":{"CD_MUN":"2401503","NM_MUN":"Barcelona","SIGLA_UF":"RN"}},{"arcs":[[-3491,3544,3545,3546,-3493]],"type":"Polygon","properties":{"CD_MUN":"2410207","NM_MUN":"Portalegre","SIGLA_UF":"RN"}},{"arcs":[[-3494,-3547,3547,3548,-3521]],"type":"Polygon","properties":{"CD_MUN":"2403905","NM_MUN":"Francisco Dantas","SIGLA_UF":"RN"}},{"arcs":[[-3490,-3532,3549,-3545]],"type":"Polygon","properties":{"CD_MUN":"2414902","NM_MUN":"Viçosa","SIGLA_UF":"RN"}},{"arcs":[[-3522,-3549,3550,3551,3552,3553,3554,3555]],"type":"Polygon","properties":{"CD_MUN":"2409407","NM_MUN":"Pau dos Ferros","SIGLA_UF":"RN"}},{"arcs":[[-3497,-3520,3556,3557]],"type":"Polygon","properties":{"CD_MUN":"2401701","NM_MUN":"Bom Jesus","SIGLA_UF":"RN"}},{"arcs":[[-3531,3558,3559,3560,-3551,-3548,-3546,-3550]],"type":"Polygon","properties":{"CD_MUN":"2407401","NM_MUN":"Martins","SIGLA_UF":"RN"}},{"arcs":[[-3528,-3534,-3542,3561]],"type":"Polygon","properties":{"CD_MUN":"2410603","NM_MUN":"Rafael Godeiro","SIGLA_UF":"RN"}},{"arcs":[[-3483,3562,3563,-3543]],"type":"Polygon","properties":{"CD_MUN":"2406403","NM_MUN":"Lagoa de Velhos","SIGLA_UF":"RN"}},{"arcs":[[-3536,3564,3565,3566,3567]],"type":"Polygon","properties":{"CD_MUN":"2408201","NM_MUN":"Nísia Floresta","SIGLA_UF":"RN"}},{"arcs":[[-3458,3568,-3538,-3525]],"type":"Polygon","properties":{"CD_MUN":"2407609","NM_MUN":"Messias Targino","SIGLA_UF":"RN"}},{"arcs":[[-3482,-3498,-3558,3569,3570]],"type":"Polygon","properties":{"CD_MUN":"2413102","NM_MUN":"Senador Elói de Souza","SIGLA_UF":"RN"}},{"arcs":[[-3517,-3537,-3568,3571,3572,3573,3574,3575]],"type":"Polygon","properties":{"CD_MUN":"2412203","NM_MUN":"São José de Mipibu","SIGLA_UF":"RN"}},{"arcs":[[3576,3577,3578]],"type":"Polygon","properties":{"CD_MUN":"2403202","NM_MUN":"Doutor Severiano","SIGLA_UF":"RN"}},{"arcs":[[-3555,3579,3580,3581,3582,-3577,3583]],"type":"Polygon","properties":{"CD_MUN":"2403301","NM_MUN":"Encanto","SIGLA_UF":"RN"}},{"arcs":[[-3518,-3576,3584,3585,3586]],"type":"Polygon","properties":{"CD_MUN":"2414803","NM_MUN":"Vera Cruz","SIGLA_UF":"RN"}},{"arcs":[[-3462,3587,3588,3589,3590,-3502]],"type":"Polygon","properties":{"CD_MUN":"2403806","NM_MUN":"Florânia","SIGLA_UF":"RN"}},{"arcs":[[-3511,-3544,-3564,3591,3592]],"type":"Polygon","properties":{"CD_MUN":"2413706","NM_MUN":"Sítio Novo","SIGLA_UF":"RN"}},{"arcs":[[-3529,-3562,-3541,3593,3594,3595,3596,3597]],"type":"Polygon","properties":{"CD_MUN":"2400604","NM_MUN":"Almino Afonso","SIGLA_UF":"RN"}},{"arcs":[[-3461,-3509,3598,3599]],"type":"Polygon","properties":{"CD_MUN":"2406502","NM_MUN":"Lagoa Nova","SIGLA_UF":"RN"}},{"arcs":[[-3563,3600,3601,3602,-3592]],"type":"Polygon","properties":{"CD_MUN":"2414001","NM_MUN":"Tangará","SIGLA_UF":"RN"}},{"arcs":[[-3571,3603,-3601]],"type":"Polygon","properties":{"CD_MUN":"2410306","NM_MUN":"Presidente Juscelino","SIGLA_UF":"RN"}},{"arcs":[[-3530,-3598,3604,-3559]],"type":"Polygon","properties":{"CD_MUN":"2406908","NM_MUN":"Lucrécia","SIGLA_UF":"RN"}},{"arcs":[[-3578,-3583,3605,3606,3607,3608,3609]],"type":"Polygon","properties":{"CD_MUN":"2412500","NM_MUN":"São Miguel","SIGLA_UF":"RN"}},{"arcs":[[-3560,-3605,-3597,3610]],"type":"Polygon","properties":{"CD_MUN":"2404002","NM_MUN":"Frutuoso Gomes","SIGLA_UF":"RN"}},{"arcs":[[-3575,3611,3612,3613,-3585]],"type":"Polygon","properties":{"CD_MUN":"2407807","NM_MUN":"Monte Alegre","SIGLA_UF":"RN"}},{"arcs":[[-3519,-3587,3614,3615,3616,3617,-3604,-3570,-3557]],"type":"Polygon","properties":{"CD_MUN":"2405306","NM_MUN":"Januário Cicco","SIGLA_UF":"RN"}},{"arcs":[[-3512,-3593,-3603,3618,3619,3620,3621,3622]],"type":"Polygon","properties":{"CD_MUN":"2411205","NM_MUN":"Santa Cruz","SIGLA_UF":"RN"}},{"arcs":[[-3588,-3600,3623,3624]],"type":"Polygon","properties":{"CD_MUN":"2413003","NM_MUN":"São Vicente","SIGLA_UF":"RN"}},{"arcs":[[-3508,-3515,3625,3626,3627,3628,-3624,-3599]],"type":"Polygon","properties":{"CD_MUN":"2403103","NM_MUN":"Currais Novos","SIGLA_UF":"RN"}},{"arcs":[[-3513,-3623,3629]],"type":"Polygon","properties":{"CD_MUN":"2406809","NM_MUN":"Lajes Pintadas","SIGLA_UF":"RN"}},{"arcs":[[-3554,3630,3631,3632,-3580]],"type":"Polygon","properties":{"CD_MUN":"2410504","NM_MUN":"Rafael Fernandes","SIGLA_UF":"RN"}},{"arcs":[[-3552,-3561,-3611,-3596,3633,3634,3635,3636]],"type":"Polygon","properties":{"CD_MUN":"2400901","NM_MUN":"Antônio Martins","SIGLA_UF":"RN"}},{"arcs":[[-3581,-3633,3637,3638]],"type":"Polygon","properties":{"CD_MUN":"2400406","NM_MUN":"Água Nova","SIGLA_UF":"RN"}},{"arcs":[[-3586,-3614,3639,-3615]],"type":"Polygon","properties":{"CD_MUN":"2406601","NM_MUN":"Lagoa Salgada","SIGLA_UF":"RN"}},{"arcs":[[-3505,3640,3641,3642,3643,3644,3645]],"type":"Polygon","properties":{"CD_MUN":"2405603","NM_MUN":"Jardim de Piranhas","SIGLA_UF":"RN"}},{"arcs":[[-3582,-3639,3646,3647,-3606]],"type":"Polygon","properties":{"CD_MUN":"2402907","NM_MUN":"Coronel João Pessoa","SIGLA_UF":"RN"}},{"arcs":[[-3553,-3637,3648,3649,3650,3651,-3631]],"type":"Polygon","properties":{"CD_MUN":"2407302","NM_MUN":"Marcelino Vieira","SIGLA_UF":"RN"}},{"arcs":[[-3514,-3630,-3622,3652,3653,-3626]],"type":"Polygon","properties":{"CD_MUN":"2402105","NM_MUN":"Campo Redondo","SIGLA_UF":"RN"}},{"arcs":[[-3504,3654,3655,-3641]],"type":"Polygon","properties":{"CD_MUN":"2411809","NM_MUN":"São Fernando","SIGLA_UF":"RN"}},{"arcs":[[-3632,3656,3657,-3647,-3638]],"type":"Polygon","properties":{"CD_MUN":"2410801","NM_MUN":"Riacho de Santana","SIGLA_UF":"RN"}},{"arcs":[[-3613,3658,3659,3660,-3616,-3640]],"type":"Polygon","properties":{"CD_MUN":"2406304","NM_MUN":"Lagoa de Pedras","SIGLA_UF":"RN"}},{"arcs":[[-3503,-3591,3661,3662,3663,3664,3665,3666,3667,3668,-3655]],"type":"Polygon","properties":{"CD_MUN":"2402006","NM_MUN":"Caicó","SIGLA_UF":"RN"}},{"arcs":[[-3566,3669,3670,3671]],"type":"Polygon","properties":{"CD_MUN":"2413201","NM_MUN":"Senador Georgino Avelino","SIGLA_UF":"RN"}},{"arcs":[[-3567,-3672,3672,3673,-3572]],"type":"Polygon","properties":{"CD_MUN":"2401206","NM_MUN":"Arês","SIGLA_UF":"RN"}},{"arcs":[[-3612,3674,3675,3676,-3659]],"type":"Polygon","properties":{"CD_MUN":"2401800","NM_MUN":"Brejinho","SIGLA_UF":"RN"}},{"arcs":[[-3595,3677,3678,-3634]],"type":"Polygon","properties":{"CD_MUN":"2405900","NM_MUN":"João Dias","SIGLA_UF":"RN"}},{"arcs":[[-3636,3679,-3649]],"type":"Polygon","properties":{"CD_MUN":"2410009","NM_MUN":"Pilões","SIGLA_UF":"RN"}},{"arcs":[[-3602,-3618,3680,3681,3682,3683,3684,3685]],"type":"Polygon","properties":{"CD_MUN":"2412302","NM_MUN":"São José do Campestre","SIGLA_UF":"RN"}},{"arcs":[[-3635,-3679,3686,3687,3688,3689,3690,-3650,-3680]],"type":"Polygon","properties":{"CD_MUN":"2400505","NM_MUN":"Alexandria","SIGLA_UF":"RN"}},{"arcs":[[-3590,3691,3692,-3662]],"type":"Polygon","properties":{"CD_MUN":"2403004","NM_MUN":"Cruzeta","SIGLA_UF":"RN"}},{"arcs":[[-3574,3693,3694,3695,3696,-3675]],"type":"Polygon","properties":{"CD_MUN":"2414704","NM_MUN":"Várzea","SIGLA_UF":"RN"}},{"arcs":[[-3652,3697,3698,-3657]],"type":"Polygon","properties":{"CD_MUN":"2406007","NM_MUN":"José da Penha","SIGLA_UF":"RN"}},{"arcs":[[-3617,-3661,3699,-3681]],"type":"Polygon","properties":{"CD_MUN":"2413508","NM_MUN":"Serrinha","SIGLA_UF":"RN"}},{"arcs":[[-3671,3700,3701,3702,3703,3704,-3673]],"type":"Polygon","properties":{"CD_MUN":"2414209","NM_MUN":"Tibau do Sul","SIGLA_UF":"RN"}},{"arcs":[[-3573,3705,3706,3707,-3694]],"type":"Polygon","properties":{"CD_MUN":"2403509","NM_MUN":"Espírito Santo","SIGLA_UF":"RN"}},{"arcs":[[-3607,-3648,-3658,-3699,3708,3709]],"type":"Polygon","properties":{"CD_MUN":"2407005","NM_MUN":"Luís Gomes","SIGLA_UF":"RN"}},{"arcs":[[-3674,-3705,3710,-3706]],"type":"Polygon","properties":{"CD_MUN":"2404200","NM_MUN":"Goianinha","SIGLA_UF":"RN"}},{"arcs":[[-3589,-3625,-3629,3711,3712,3713,3714,-3692]],"type":"Polygon","properties":{"CD_MUN":"2400109","NM_MUN":"Acari","SIGLA_UF":"RN"}},{"arcs":[[-3660,-3677,3715,-3696,3716,3717,-3682,-3700]],"type":"Polygon","properties":{"CD_MUN":"2411502","NM_MUN":"Santo Antônio","SIGLA_UF":"RN"}},{"arcs":[[-3676,-3697,-3716]],"type":"Polygon","properties":{"CD_MUN":"2409209","NM_MUN":"Passagem","SIGLA_UF":"RN"}},{"arcs":[[-3621,3718,3719,3720,-3653]],"type":"Polygon","properties":{"CD_MUN":"2402808","NM_MUN":"Coronel Ezequiel","SIGLA_UF":"RN"}},{"arcs":[[-3703,3721]],"type":"Polygon","properties":{"CD_MUN":"2415008","NM_MUN":"Vila Flor","SIGLA_UF":"RN"}},{"arcs":[[-3620,3722,3723,3724,-3719]],"type":"Polygon","properties":{"CD_MUN":"2411700","NM_MUN":"São Bento do Trairí","SIGLA_UF":"RN"}},{"arcs":[[-3651,-3691,3725,3726,3727,3728]],"type":"Polygon","properties":{"CD_MUN":"2414100","NM_MUN":"Tenente Ananias","SIGLA_UF":"RN"}},{"arcs":[[-3698,-3729,3729,3730,-3709]],"type":"Polygon","properties":{"CD_MUN":"2408607","NM_MUN":"Paraná","SIGLA_UF":"RN"}},{"arcs":[[-3702,3731,3732,3733,3734,-3707,-3711,-3704,-3722]],"type":"Polygon","properties":{"CD_MUN":"2402204","NM_MUN":"Canguaretama","SIGLA_UF":"RN"}},{"arcs":[[-3683,-3718,3735,3736,3737]],"type":"Polygon","properties":{"CD_MUN":"2406205","NM_MUN":"Lagoa d'Anta","SIGLA_UF":"RN"}},{"arcs":[[-3733,3738,3739]],"type":"Polygon","properties":{"CD_MUN":"2401404","NM_MUN":"Baía Formosa","SIGLA_UF":"RN"}},{"arcs":[[-3642,-3656,-3669,3740]],"type":"Polygon","properties":{"CD_MUN":"2414308","NM_MUN":"Timbaúba dos Batistas","SIGLA_UF":"RN"}},{"arcs":[[-3684,-3738,3741,3742,3743]],"type":"Polygon","properties":{"CD_MUN":"2413300","NM_MUN":"Serra de São Bento","SIGLA_UF":"RN"}},{"arcs":[[-3619,-3686,3744,3745,3746,-3723]],"type":"Polygon","properties":{"CD_MUN":"2405405","NM_MUN":"Japi","SIGLA_UF":"RN"}},{"arcs":[[-3720,-3725,3747,3748,3749]],"type":"Polygon","properties":{"CD_MUN":"2405009","NM_MUN":"Jaçanã","SIGLA_UF":"RN"}},{"arcs":[[-3685,-3744,3750,-3745]],"type":"Polygon","properties":{"CD_MUN":"2407906","NM_MUN":"Monte das Gameleiras","SIGLA_UF":"RN"}},{"arcs":[[-3663,-3693,-3715,3751]],"type":"Polygon","properties":{"CD_MUN":"2412401","NM_MUN":"São José do Seridó","SIGLA_UF":"RN"}},{"arcs":[[-3643,-3741,-3668,3752,3753,3754,3755]],"type":"Polygon","properties":{"CD_MUN":"2413409","NM_MUN":"Serra Negra do Norte","SIGLA_UF":"RN"}},{"arcs":[[-3708,-3735,3756,3757,3758,3759]],"type":"Polygon","properties":{"CD_MUN":"2409803","NM_MUN":"Pedro Velho","SIGLA_UF":"RN"}},{"arcs":[[-3695,-3760,3760,3761,3762,3763,3764,-3736,-3717]],"type":"Polygon","properties":{"CD_MUN":"2408300","NM_MUN":"Nova Cruz","SIGLA_UF":"RN"}},{"arcs":[[-3713,3765,3766,3767,3768]],"type":"Polygon","properties":{"CD_MUN":"2402402","NM_MUN":"Carnaúba dos Dantas","SIGLA_UF":"RN"}},{"arcs":[[-3737,-3765,3769,3770,-3742]],"type":"Polygon","properties":{"CD_MUN":"2409100","NM_MUN":"Passa e Fica","SIGLA_UF":"RN"}},{"arcs":[[-3759,3771,-3761]],"type":"Polygon","properties":{"CD_MUN":"2407708","NM_MUN":"Montanhas","SIGLA_UF":"RN"}},{"arcs":[[-3664,-3752,-3714,3772,3773,3774]],"type":"Polygon","properties":{"CD_MUN":"2405702","NM_MUN":"Jardim do Seridó","SIGLA_UF":"RN"}},{"arcs":[[-3665,-3775,3775,3776,3777,3778]],"type":"Polygon","properties":{"CD_MUN":"2408508","NM_MUN":"Ouro Branco","SIGLA_UF":"RN"}},{"arcs":[[-3769,3779,3780,3781,3782,3783,-3773]],"type":"Polygon","properties":{"CD_MUN":"2408904","NM_MUN":"Parelhas","SIGLA_UF":"RN"}},{"arcs":[[-3667,3784,3785,3786,-3753]],"type":"Polygon","properties":{"CD_MUN":"2412104","NM_MUN":"São João do Sabugi","SIGLA_UF":"RN"}},{"arcs":[[-3774,-3784,3787,-3776]],"type":"Polygon","properties":{"CD_MUN":"2411429","NM_MUN":"Santana do Seridó","SIGLA_UF":"RN"}},{"arcs":[[-3786,3788,3789,3790]],"type":"Polygon","properties":{"CD_MUN":"2404804","NM_MUN":"Ipueira","SIGLA_UF":"RN"}},{"arcs":[[-3782,3791,3792,3793,3794]],"type":"Polygon","properties":{"CD_MUN":"2403400","NM_MUN":"Equador","SIGLA_UF":"RN"}},{"arcs":[[-3341,3795,3796,3797,-3422,-3369,3798,3799,3800]],"type":"Polygon","properties":{"CD_MUN":"2408003","NM_MUN":"Mossoró","SIGLA_UF":"RN"}},{"arcs":[[-3387,-3401,-3415,-3466,-3501,-3449,-3423,-3798,3801]],"type":"Polygon","properties":{"CD_MUN":"2400208","NM_MUN":"Açu","SIGLA_UF":"RN"}},{"arcs":[[-3340,3802,3803,-3796]],"type":"Polygon","properties":{"CD_MUN":"2401107","NM_MUN":"Areia Branca","SIGLA_UF":"RN"}},{"arcs":[[-3353,-3368,-3388,-3802,-3797,-3804,3804]],"type":"Polygon","properties":{"CD_MUN":"2402501","NM_MUN":"Carnaubais","SIGLA_UF":"RN"}},{"arcs":[[3805,3806,3807,3808,3809,3810,3811]],"type":"Polygon","properties":{"CD_MUN":"3304102","NM_MUN":"Porciúncula","SIGLA_UF":"RJ"}},{"arcs":[[-3808,3812,3813,3814,3815]],"type":"Polygon","properties":{"CD_MUN":"3303104","NM_MUN":"Natividade","SIGLA_UF":"RJ"}},{"arcs":[[-3814,3816,3817,3818,3819,3820,3821,3822]],"type":"Polygon","properties":{"CD_MUN":"3300605","NM_MUN":"Bom Jesus do Itabapoana","SIGLA_UF":"RJ"}},{"arcs":[[-3815,-3823,3823,3824,3825,3826,3827,3828,3829]],"type":"Polygon","properties":{"CD_MUN":"3302205","NM_MUN":"Itaperuna","SIGLA_UF":"RJ"}},{"arcs":[[-3827,3830,3831,3832]],"type":"Polygon","properties":{"CD_MUN":"3302304","NM_MUN":"Laje do Muriaé","SIGLA_UF":"RJ"}},{"arcs":[[-3822,3833,3834,3835,3836,3837,3838,3839,3840,3841,-3824]],"type":"Polygon","properties":{"CD_MUN":"3301009","NM_MUN":"Campos dos Goytacazes","SIGLA_UF":"RJ"}},{"arcs":[[-3835,3842,3843,3844]],"type":"Polygon","properties":{"CD_MUN":"3305000","NM_MUN":"São João da Barra","SIGLA_UF":"RJ"}},{"arcs":[[-3826,3845,3846,3847,3848,-3831]],"type":"Polygon","properties":{"CD_MUN":"3303005","NM_MUN":"Miracema","SIGLA_UF":"RJ"}},{"arcs":[[-3825,-3842,3849,3850,3851,-3846]],"type":"Polygon","properties":{"CD_MUN":"3300902","NM_MUN":"Cambuci","SIGLA_UF":"RJ"}},{"arcs":[[-3847,-3852,3852,3853,3854,3855,3856]],"type":"Polygon","properties":{"CD_MUN":"3304706","NM_MUN":"Santo Antônio de Pádua","SIGLA_UF":"RJ"}},{"arcs":[[-3841,3857,3858,3859,-3850]],"type":"Polygon","properties":{"CD_MUN":"3304805","NM_MUN":"São Fidélis","SIGLA_UF":"RJ"}},{"arcs":[[-3851,-3860,3860,3861,-3853]],"type":"Polygon","properties":{"CD_MUN":"3302106","NM_MUN":"Itaocara","SIGLA_UF":"RJ"}},{"arcs":[[-3854,-3862,3862,3863,3864,3865,3866,3867]],"type":"Polygon","properties":{"CD_MUN":"3301108","NM_MUN":"Cantagalo","SIGLA_UF":"RJ"}},{"arcs":[[-3859,3868,3869,3870,-3863,-3861]],"type":"Polygon","properties":{"CD_MUN":"3305307","NM_MUN":"São Sebastião do Alto","SIGLA_UF":"RJ"}},{"arcs":[[-3866,3871,3872,3873,3874,3875,3876]],"type":"Polygon","properties":{"CD_MUN":"3301207","NM_MUN":"Carmo","SIGLA_UF":"RJ"}},{"arcs":[[-3840,3877,3878,-3869,-3858]],"type":"Polygon","properties":{"CD_MUN":"3304607","NM_MUN":"Santa Maria Madalena","SIGLA_UF":"RJ"}},{"arcs":[[-3874,3879,3880,3881,3882,3883]],"type":"Polygon","properties":{"CD_MUN":"3305406","NM_MUN":"Sapucaia","SIGLA_UF":"RJ"}},{"arcs":[[-3865,3884,3885,3886,3887,-3872]],"type":"Polygon","properties":{"CD_MUN":"3301603","NM_MUN":"Duas Barras","SIGLA_UF":"RJ"}},{"arcs":[[3888,3889,3890,3891,3892]],"type":"Polygon","properties":{"CD_MUN":"3303708","NM_MUN":"Paraíba do Sul","SIGLA_UF":"RJ"}},{"arcs":[[-3882,3893,-3890,3894,3895,3896,3897]],"type":"Polygon","properties":{"CD_MUN":"3306008","NM_MUN":"Três Rios","SIGLA_UF":"RJ"}},{"arcs":[[-3873,-3888,3898,3899,3900,-3880]],"type":"Polygon","properties":{"CD_MUN":"3305703","NM_MUN":"Sumidouro","SIGLA_UF":"RJ"}},{"arcs":[[3901,3902,3903,3904,3905,3906,3907]],"type":"Polygon","properties":{"CD_MUN":"3306107","NM_MUN":"Valença","SIGLA_UF":"RJ"}},{"arcs":[[-3893,3908,-3903,3909,3910]],"type":"Polygon","properties":{"CD_MUN":"3304508","NM_MUN":"Rio das Flores","SIGLA_UF":"RJ"}},{"arcs":[[-3864,-3871,3911,3912,-3885]],"type":"Polygon","properties":{"CD_MUN":"3301504","NM_MUN":"Cordeiro","SIGLA_UF":"RJ"}},{"arcs":[[-3870,-3879,3913,3914,3915,3916,-3912]],"type":"Polygon","properties":{"CD_MUN":"3305901","NM_MUN":"Trajano de Morais","SIGLA_UF":"RJ"}},{"arcs":[[[-3837,3917]],[[-3838,3918,3919,3920,-3915,3921]]],"type":"MultiPolygon","properties":{"CD_MUN":"3302403","NM_MUN":"Macaé","SIGLA_UF":"RJ"}},{"arcs":[[-3881,-3901,3922,3923,3924,3925,3926,-3891,-3894]],"type":"Polygon","properties":{"CD_MUN":"3303906","NM_MUN":"Petrópolis","SIGLA_UF":"RJ"}},{"arcs":[[-3839,-3922,-3914,-3878]],"type":"Polygon","properties":{"CD_MUN":"3301405","NM_MUN":"Conceição de Macabu","SIGLA_UF":"RJ"}},{"arcs":[[-3900,3927,3928,3929,-3923]],"type":"Polygon","properties":{"CD_MUN":"3305802","NM_MUN":"Teresópolis","SIGLA_UF":"RJ"}},{"arcs":[[-3886,-3913,-3917,3930]],"type":"Polygon","properties":{"CD_MUN":"3300506","NM_MUN":"Bom Jardim","SIGLA_UF":"RJ"}},{"arcs":[[-1164,3931,3932,3933,3934,3935,-1267,-1276,-1227]],"type":"Polygon","properties":{"CD_MUN":"3304201","NM_MUN":"Resende","SIGLA_UF":"RJ"}},{"arcs":[[-1268,-3936,3936,-3906,3937,3938,3939,3940]],"type":"Polygon","properties":{"CD_MUN":"3300407","NM_MUN":"Barra Mansa","SIGLA_UF":"RJ"}},{"arcs":[[-3892,-3927,3941,3942,3943,3944,-3904,-3909]],"type":"Polygon","properties":{"CD_MUN":"3306206","NM_MUN":"Vassouras","SIGLA_UF":"RJ"}},{"arcs":[[-3887,-3931,-3916,-3921,3945,3946,3947,-3928,-3899]],"type":"Polygon","properties":{"CD_MUN":"3303401","NM_MUN":"Nova Friburgo","SIGLA_UF":"RJ"}},{"arcs":[[-3905,-3945,3948,3949,3950,-3938]],"type":"Polygon","properties":{"CD_MUN":"3300308","NM_MUN":"Barra do Piraí","SIGLA_UF":"RJ"}},{"arcs":[[-3939,-3951,3951]],"type":"Polygon","properties":{"CD_MUN":"3306305","NM_MUN":"Volta Redonda","SIGLA_UF":"RJ"}},{"arcs":[[-3929,-3948,3952,3953,3954,3955]],"type":"Polygon","properties":{"CD_MUN":"3300803","NM_MUN":"Cachoeiras de Macacu","SIGLA_UF":"RJ"}},{"arcs":[[-3926,3956,3957,3958,3959,-3942]],"type":"Polygon","properties":{"CD_MUN":"3302908","NM_MUN":"Miguel Pereira","SIGLA_UF":"RJ"}},{"arcs":[[-3920,3960,3961,3962,3963,-3946]],"type":"Polygon","properties":{"CD_MUN":"3301306","NM_MUN":"Casimiro de Abreu","SIGLA_UF":"RJ"}},{"arcs":[[-3944,3964,3965,3966,-3949]],"type":"Polygon","properties":{"CD_MUN":"3302809","NM_MUN":"Mendes","SIGLA_UF":"RJ"}},{"arcs":[[-3943,-3960,3967,-3965]],"type":"Polygon","properties":{"CD_MUN":"3301801","NM_MUN":"Engenheiro Paulo de Frontin","SIGLA_UF":"RJ"}},{"arcs":[[-3940,-3952,-3950,-3967,3968,3969,3970]],"type":"Polygon","properties":{"CD_MUN":"3304003","NM_MUN":"Piraí","SIGLA_UF":"RJ"}},{"arcs":[[-3947,-3964,3971,3972,-3953]],"type":"Polygon","properties":{"CD_MUN":"3305604","NM_MUN":"Silva Jardim","SIGLA_UF":"RJ"}},{"arcs":[[-3924,-3930,-3956,3973,3974,3975]],"type":"Polygon","properties":{"CD_MUN":"3302502","NM_MUN":"Magé","SIGLA_UF":"RJ"}},{"arcs":[[-3925,-3976,3976,3977,3978,3979,-3957]],"type":"Polygon","properties":{"CD_MUN":"3301702","NM_MUN":"Duque de Caxias","SIGLA_UF":"RJ"}},{"arcs":[[-3959,3980,3981,-3969,-3966,-3968]],"type":"Polygon","properties":{"CD_MUN":"3303609","NM_MUN":"Paracambi","SIGLA_UF":"RJ"}},{"arcs":[[-3958,-3980,3982,3983,3984,3985,-3981]],"type":"Polygon","properties":{"CD_MUN":"3303500","NM_MUN":"Nova Iguaçu","SIGLA_UF":"RJ"}},{"arcs":[[-1269,-3941,-3971,3986,3987,3988]],"type":"Polygon","properties":{"CD_MUN":"3304409","NM_MUN":"Rio Claro","SIGLA_UF":"RJ"}},{"arcs":[[[-3970,-3982,-3986,3989,3990,3991,-3987]],[[3992]]],"type":"MultiPolygon","properties":{"CD_MUN":"3302007","NM_MUN":"Itaguaí","SIGLA_UF":"RJ"}},{"arcs":[[-3962,3993,3994,3995,3996]],"type":"Polygon","properties":{"CD_MUN":"3300704","NM_MUN":"Cabo Frio","SIGLA_UF":"RJ"}},{"arcs":[[-3963,-3997,3997,-3995,3998,3999,4000,-3972]],"type":"Polygon","properties":{"CD_MUN":"3300209","NM_MUN":"Araruama","SIGLA_UF":"RJ"}},{"arcs":[[-3955,4001,4002,4003,4004,4005,-3974]],"type":"Polygon","properties":{"CD_MUN":"3301900","NM_MUN":"Itaboraí","SIGLA_UF":"RJ"}},{"arcs":[[-3954,-3973,-4001,4006,-4002]],"type":"Polygon","properties":{"CD_MUN":"3304300","NM_MUN":"Rio Bonito","SIGLA_UF":"RJ"}},{"arcs":[[-3996,-3998]],"type":"Polygon","properties":{"CD_MUN":"3305208","NM_MUN":"São Pedro da Aldeia","SIGLA_UF":"RJ"}},{"arcs":[[-3979,4007,4008,-3983]],"type":"Polygon","properties":{"CD_MUN":"3305109","NM_MUN":"São João de Meriti","SIGLA_UF":"RJ"}},{"arcs":[[-4005,4009,4010,4011]],"type":"Polygon","properties":{"CD_MUN":"3304904","NM_MUN":"São Gonçalo","SIGLA_UF":"RJ"}},{"arcs":[[-1270,-3989,4012,4013,4014,-1376,-1277]],"type":"Polygon","properties":{"CD_MUN":"3300100","NM_MUN":"Angra dos Reis","SIGLA_UF":"RJ"}},{"arcs":[[-3984,-4009,4015]],"type":"Polygon","properties":{"CD_MUN":"3303203","NM_MUN":"Nilópolis","SIGLA_UF":"RJ"}},{"arcs":[[-3978,4016,-3990,-3985,-4016,-4008]],"type":"Polygon","properties":{"CD_MUN":"3304557","NM_MUN":"Rio de Janeiro","SIGLA_UF":"RJ"}},{"arcs":[[-3988,-3992,4017,-4013]],"type":"Polygon","properties":{"CD_MUN":"3302601","NM_MUN":"Mangaratiba","SIGLA_UF":"RJ"}},{"arcs":[[-1377,-4015,4018,-1537]],"type":"Polygon","properties":{"CD_MUN":"3303807","NM_MUN":"Parati","SIGLA_UF":"RJ"}},{"arcs":[[-4000,4019,4020,-4003,-4007]],"type":"Polygon","properties":{"CD_MUN":"3305505","NM_MUN":"Saquarema","SIGLA_UF":"RJ"}},{"arcs":[[-4011,4021,4022]],"type":"Polygon","properties":{"CD_MUN":"3303302","NM_MUN":"Niterói","SIGLA_UF":"RJ"}},{"arcs":[[-4004,-4021,4023,-4022,-4010]],"type":"Polygon","properties":{"CD_MUN":"3302700","NM_MUN":"Maricá","SIGLA_UF":"RJ"}},{"arcs":[[-933,-1029,4024,4025,-946]],"type":"Polygon","properties":{"CD_MUN":"4112603","NM_MUN":"Jardim Olinda","SIGLA_UF":"PR"}},{"arcs":[[-1028,4026,4027,4028,-4025]],"type":"Polygon","properties":{"CD_MUN":"4110904","NM_MUN":"Itaguajé","SIGLA_UF":"PR"}},{"arcs":[[-952,4029,4030,4031]],"type":"Polygon","properties":{"CD_MUN":"4107108","NM_MUN":"Diamante do Norte","SIGLA_UF":"PR"}},{"arcs":[[-951,4032,4033,4034,-4030]],"type":"Polygon","properties":{"CD_MUN":"4127304","NM_MUN":"Terra Rica","SIGLA_UF":"PR"}},{"arcs":[[-947,-4026,-4029,4035,4036,4037]],"type":"Polygon","properties":{"CD_MUN":"4118303","NM_MUN":"Paranapoema","SIGLA_UF":"PR"}},{"arcs":[[-953,-4032,4038,4039,4040,4041]],"type":"Polygon","properties":{"CD_MUN":"4117107","NM_MUN":"Nova Londrina","SIGLA_UF":"PR"}},{"arcs":[[-950,4042,4043,4044,4045,4046,4047,4048,4049,-4033]],"type":"Polygon","properties":{"CD_MUN":"4118402","NM_MUN":"Paranavaí","SIGLA_UF":"PR"}},{"arcs":[[-977,4050,4051,-4027,-1027]],"type":"Polygon","properties":{"CD_MUN":"4123600","NM_MUN":"Santa Inês","SIGLA_UF":"PR"}},{"arcs":[[-949,4052,4053,-4043]],"type":"Polygon","properties":{"CD_MUN":"4124202","NM_MUN":"Santo Antônio do Caiuá","SIGLA_UF":"PR"}},{"arcs":[[-955,4054,4055,4056,4057]],"type":"Polygon","properties":{"CD_MUN":"4125902","NM_MUN":"São Pedro do Paraná","SIGLA_UF":"PR"}},{"arcs":[[-948,-4038,4058,4059,-4053]],"type":"Polygon","properties":{"CD_MUN":"4110300","NM_MUN":"Inajá","SIGLA_UF":"PR"}},{"arcs":[[-954,-4042,4060,-4055]],"type":"Polygon","properties":{"CD_MUN":"4115002","NM_MUN":"Marilena","SIGLA_UF":"PR"}},{"arcs":[[-976,4061,4062,4063,4064,-4051]],"type":"Polygon","properties":{"CD_MUN":"4124509","NM_MUN":"Santo Inácio","SIGLA_UF":"PR"}},{"arcs":[[-1032,4065,4066,4067,-1041]],"type":"Polygon","properties":{"CD_MUN":"4120002","NM_MUN":"Porecatu","SIGLA_UF":"PR"}},{"arcs":[[-975,4068,4069,-4062]],"type":"Polygon","properties":{"CD_MUN":"4113809","NM_MUN":"Lupionópolis","SIGLA_UF":"PR"}},{"arcs":[[-974,-1042,-4068,4070,4071,4072,4073,4074,-4069]],"type":"Polygon","properties":{"CD_MUN":"4105102","NM_MUN":"Centenário do Sul","SIGLA_UF":"PR"}},{"arcs":[[-4031,-4035,-4039]],"type":"Polygon","properties":{"CD_MUN":"4111308","NM_MUN":"Itaúna do Sul","SIGLA_UF":"PR"}},{"arcs":[[-1031,-1093,4075,4076,4077,-4066]],"type":"Polygon","properties":{"CD_MUN":"4100806","NM_MUN":"Alvorada do Sul","SIGLA_UF":"PR"}},{"arcs":[[-4028,-4052,-4065,4078,4079,4080,4081,-4036]],"type":"Polygon","properties":{"CD_MUN":"4105904","NM_MUN":"Colorado","SIGLA_UF":"PR"}},{"arcs":[[-4063,-4070,-4075,4082,4083]],"type":"Polygon","properties":{"CD_MUN":"4103404","NM_MUN":"Cafeara","SIGLA_UF":"PR"}},{"arcs":[[-4037,-4082,4084,4085,4086,-4059]],"type":"Polygon","properties":{"CD_MUN":"4118105","NM_MUN":"Paranacity","SIGLA_UF":"PR"}},{"arcs":[[-4057,4087,4088,4089,4090]],"type":"Polygon","properties":{"CD_MUN":"4120200","NM_MUN":"Porto Rico","SIGLA_UF":"PR"}},{"arcs":[[-4044,-4054,-4060,-4087,4091,4092]],"type":"Polygon","properties":{"CD_MUN":"4124905","NM_MUN":"São João do Caiuá","SIGLA_UF":"PR"}},{"arcs":[[-1092,4093,4094,4095,-4076]],"type":"Polygon","properties":{"CD_MUN":"4120507","NM_MUN":"Primeiro de Maio","SIGLA_UF":"PR"}},{"arcs":[[-4034,-4050,4096,4097,4098,-4040]],"type":"Polygon","properties":{"CD_MUN":"4108908","NM_MUN":"Guairaçá","SIGLA_UF":"PR"}},{"arcs":[[-1091,-1105,-1183,-1238,4099,4100,4101,4102,-4094]],"type":"Polygon","properties":{"CD_MUN":"4126405","NM_MUN":"Sertaneja","SIGLA_UF":"PR"}},{"arcs":[[-4067,-4078,4103,4104,-4071]],"type":"Polygon","properties":{"CD_MUN":"4108007","NM_MUN":"Florestópolis","SIGLA_UF":"PR"}},{"arcs":[[-4090,4105,4106,4107,4108,4109]],"type":"Polygon","properties":{"CD_MUN":"4121000","NM_MUN":"Querência do Norte","SIGLA_UF":"PR"}},{"arcs":[[-4041,-4099,4110,4111,4112,-4088,-4056,-4061]],"type":"Polygon","properties":{"CD_MUN":"4113502","NM_MUN":"Loanda","SIGLA_UF":"PR"}},{"arcs":[[-4064,-4084,4113,4114,-4079]],"type":"Polygon","properties":{"CD_MUN":"4116406","NM_MUN":"Nossa Senhora das Graças","SIGLA_UF":"PR"}},{"arcs":[[-4081,4115,4116,4117,4118,4119,-4085]],"type":"Polygon","properties":{"CD_MUN":"4113601","NM_MUN":"Lobato","SIGLA_UF":"PR"}},{"arcs":[[-4074,4120,4121,-4114,-4083]],"type":"Polygon","properties":{"CD_MUN":"4109203","NM_MUN":"Guaraci","SIGLA_UF":"PR"}},{"arcs":[[-4073,4122,4123,4124,4125,4126,4127,-4121]],"type":"Polygon","properties":{"CD_MUN":"4111902","NM_MUN":"Jaguapitã","SIGLA_UF":"PR"}},{"arcs":[[-4086,-4120,4128,4129,4130,-4092]],"type":"Polygon","properties":{"CD_MUN":"4106704","NM_MUN":"Cruzeiro do Sul","SIGLA_UF":"PR"}},{"arcs":[[-4089,-4113,4131,4132,4133,-4106]],"type":"Polygon","properties":{"CD_MUN":"4123303","NM_MUN":"Santa Cruz de Monte Castelo","SIGLA_UF":"PR"}},{"arcs":[[-4045,-4093,-4131,4134,4135]],"type":"Polygon","properties":{"CD_MUN":"4100608","NM_MUN":"Alto Paraná","SIGLA_UF":"PR"}},{"arcs":[[-4077,-4096,4136,4137,4138,-4104]],"type":"Polygon","properties":{"CD_MUN":"4102802","NM_MUN":"Bela Vista do Paraíso","SIGLA_UF":"PR"}},{"arcs":[[-1237,4139,4140,4141,-4100]],"type":"Polygon","properties":{"CD_MUN":"4113403","NM_MUN":"Leópolis","SIGLA_UF":"PR"}},{"arcs":[[-4072,-4105,-4139,4142,-4123]],"type":"Polygon","properties":{"CD_MUN":"4116000","NM_MUN":"Miraselva","SIGLA_UF":"PR"}},{"arcs":[[-4098,4143,4144,4145,4146,-4111]],"type":"Polygon","properties":{"CD_MUN":"4119707","NM_MUN":"Planaltina do Paraná","SIGLA_UF":"PR"}},{"arcs":[[-1200,4147,4148,4149,-4140,-1236]],"type":"Polygon","properties":{"CD_MUN":"4123907","NM_MUN":"Santa Mariana","SIGLA_UF":"PR"}},{"arcs":[[-1199,-1210,4150,4151,-4148]],"type":"Polygon","properties":{"CD_MUN":"4111001","NM_MUN":"Itambaracá","SIGLA_UF":"PR"}},{"arcs":[[-1206,-1249,4152,4153,4154,-1208]],"type":"Polygon","properties":{"CD_MUN":"4103602","NM_MUN":"Cambará","SIGLA_UF":"PR"}},{"arcs":[[-4095,-4103,4155,4156,4157,4158,-4137]],"type":"Polygon","properties":{"CD_MUN":"4126504","NM_MUN":"Sertanópolis","SIGLA_UF":"PR"}},{"arcs":[[-4080,-4115,-4122,-4128,4159,4160,4161,-4116]],"type":"Polygon","properties":{"CD_MUN":"4123402","NM_MUN":"Santa Fé","SIGLA_UF":"PR"}},{"arcs":[[-1209,-4155,4162,4163,-4151]],"type":"Polygon","properties":{"CD_MUN":"4101101","NM_MUN":"Andirá","SIGLA_UF":"PR"}},{"arcs":[[-4112,-4147,4164,4165,-4132]],"type":"Polygon","properties":{"CD_MUN":"4123709","NM_MUN":"Santa Isabel do Ivaí","SIGLA_UF":"PR"}},{"arcs":[[-1248,-1294,-1340,4166,4167,4168,4169,-4153]],"type":"Polygon","properties":{"CD_MUN":"4111803","NM_MUN":"Jacarezinho","SIGLA_UF":"PR"}},{"arcs":[[-4049,4170,4171,4172,-4144,-4097]],"type":"Polygon","properties":{"CD_MUN":"4100905","NM_MUN":"Amaporã","SIGLA_UF":"PR"}},{"arcs":[[-4102,4173,4174,4175,-4156]],"type":"Polygon","properties":{"CD_MUN":"4121307","NM_MUN":"Rancho Alegre","SIGLA_UF":"PR"}},{"arcs":[[-4119,4176,4177,-4129]],"type":"Polygon","properties":{"CD_MUN":"4128302","NM_MUN":"Uniflor","SIGLA_UF":"PR"}},{"arcs":[[-4130,-4178,4178,4179,4180,4181,-4135]],"type":"Polygon","properties":{"CD_MUN":"4116901","NM_MUN":"Nova Esperança","SIGLA_UF":"PR"}},{"arcs":[[-4124,-4143,-4138,-4159,4182,4183]],"type":"Polygon","properties":{"CD_MUN":"4103701","NM_MUN":"Cambé","SIGLA_UF":"PR"}},{"arcs":[[-4141,-4150,4184,4185,4186,4187,4188,4189,4190]],"type":"Polygon","properties":{"CD_MUN":"4106407","NM_MUN":"Cornélio Procópio","SIGLA_UF":"PR"}},{"arcs":[[-4127,4191,4192,-4160]],"type":"Polygon","properties":{"CD_MUN":"4116307","NM_MUN":"Munhoz de Melo","SIGLA_UF":"PR"}},{"arcs":[[-4117,-4162,4193,4194,4195]],"type":"Polygon","properties":{"CD_MUN":"4108106","NM_MUN":"Flórida","SIGLA_UF":"PR"}},{"arcs":[[-4149,-4152,-4164,4196,4197,4198,4199,-4185]],"type":"Polygon","properties":{"CD_MUN":"4102406","NM_MUN":"Bandeirantes","SIGLA_UF":"PR"}},{"arcs":[[-4118,-4196,4200,4201,-4179,-4177]],"type":"Polygon","properties":{"CD_MUN":"4102208","NM_MUN":"Atalaia","SIGLA_UF":"PR"}},{"arcs":[[-4126,4202,4203,4204,4205,4206,4207,-4192]],"type":"Polygon","properties":{"CD_MUN":"4102109","NM_MUN":"Astorga","SIGLA_UF":"PR"}},{"arcs":[[-4048,4208,4209,4210,-4171]],"type":"Polygon","properties":{"CD_MUN":"4115903","NM_MUN":"Mirador","SIGLA_UF":"PR"}},{"arcs":[[-4154,-4170,4211,-4197,-4163]],"type":"Polygon","properties":{"CD_MUN":"4102703","NM_MUN":"Barra do Jacaré","SIGLA_UF":"PR"}},{"arcs":[[-4047,4212,4213,-4209]],"type":"Polygon","properties":{"CD_MUN":"4116505","NM_MUN":"Nova Aliança do Ivaí","SIGLA_UF":"PR"}},{"arcs":[[-4157,-4176,4214,4215,4216]],"type":"Polygon","properties":{"CD_MUN":"4109807","NM_MUN":"Ibiporã","SIGLA_UF":"PR"}},{"arcs":[[-4046,-4136,-4182,4217,4218,4219,-4213]],"type":"Polygon","properties":{"CD_MUN":"4126702","NM_MUN":"Tamboara","SIGLA_UF":"PR"}},{"arcs":[[-4101,-4142,-4191,4220,4221,4222,-4174]],"type":"Polygon","properties":{"CD_MUN":"4128401","NM_MUN":"Uraí","SIGLA_UF":"PR"}},{"arcs":[[-1339,-1434,-1488,4223,4224,-4167]],"type":"Polygon","properties":{"CD_MUN":"4121802","NM_MUN":"Ribeirão Claro","SIGLA_UF":"PR"}},{"arcs":[[-4161,-4193,-4208,4225,4226,-4194]],"type":"Polygon","properties":{"CD_MUN":"4110003","NM_MUN":"Iguaraçu","SIGLA_UF":"PR"}},{"arcs":[[-4125,-4184,4227,4228,4229,-4203]],"type":"Polygon","properties":{"CD_MUN":"4122404","NM_MUN":"Rolândia","SIGLA_UF":"PR"}},{"arcs":[[-4169,4230,4231,4232,4233,-4198,-4212]],"type":"Polygon","properties":{"CD_MUN":"4124103","NM_MUN":"Santo Antônio da Platina","SIGLA_UF":"PR"}},{"arcs":[[-4195,-4227,4234,4235,4236,4237,-4201]],"type":"Polygon","properties":{"CD_MUN":"4114104","NM_MUN":"Mandaguaçu","SIGLA_UF":"PR"}},{"arcs":[[-4175,-4223,4238,-4215]],"type":"Polygon","properties":{"CD_MUN":"4112702","NM_MUN":"Jataizinho","SIGLA_UF":"PR"}},{"arcs":[[-4210,-4214,-4220,4239,4240,4241,4242]],"type":"Polygon","properties":{"CD_MUN":"4118006","NM_MUN":"Paraíso do Norte","SIGLA_UF":"PR"}},{"arcs":[[-4107,-4134,4243,4244,4245,4246,4247,4248,4249,4250,4251,4252,4253]],"type":"Polygon","properties":{"CD_MUN":"4128104","NM_MUN":"Umuarama","SIGLA_UF":"PR"}},{"arcs":[[-4180,-4202,-4238,4254,4255,4256]],"type":"Polygon","properties":{"CD_MUN":"4120408","NM_MUN":"Presidente Castelo Branco","SIGLA_UF":"PR"}},{"arcs":[[-4146,4257,4258,4259,-4165]],"type":"Polygon","properties":{"CD_MUN":"4126900","NM_MUN":"Tapira","SIGLA_UF":"PR"}},{"arcs":[[-4158,-4217,4260,4261,4262,4263,4264,4265,-4228,-4183]],"type":"Polygon","properties":{"CD_MUN":"4113700","NM_MUN":"Londrina","SIGLA_UF":"PR"}},{"arcs":[[-4133,-4166,-4260,4266,4267,-4244]],"type":"Polygon","properties":{"CD_MUN":"4114708","NM_MUN":"Maria Helena","SIGLA_UF":"PR"}},{"arcs":[[-4145,-4173,4268,4269,4270,4271,-4258]],"type":"Polygon","properties":{"CD_MUN":"4105607","NM_MUN":"Cidade Gaúcha","SIGLA_UF":"PR"}},{"arcs":[[-4108,-4254,4272]],"type":"Polygon","properties":{"CD_MUN":"4109906","NM_MUN":"Icaraíma","SIGLA_UF":"PR"}},{"arcs":[[-4186,-4200,4273]],"type":"Polygon","properties":{"CD_MUN":"4123105","NM_MUN":"Santa Amélia","SIGLA_UF":"PR"}},{"arcs":[[-4181,-4257,4274,4275,-4218]],"type":"Polygon","properties":{"CD_MUN":"4107801","NM_MUN":"Floraí","SIGLA_UF":"PR"}},{"arcs":[[-4172,-4211,-4243,4276,-4269]],"type":"Polygon","properties":{"CD_MUN":"4109104","NM_MUN":"Guaporema","SIGLA_UF":"PR"}},{"arcs":[[-4207,4277,4278,4279,-4235,-4226]],"type":"Polygon","properties":{"CD_MUN":"4115200","NM_MUN":"Maringá","SIGLA_UF":"PR"}},{"arcs":[[-4187,-4274,-4199,-4234,4280,4281]],"type":"Polygon","properties":{"CD_MUN":"4100103","NM_MUN":"Abatiá","SIGLA_UF":"PR"}},{"arcs":[[-4219,-4276,4282,4283,4284,4285,-4240]],"type":"Polygon","properties":{"CD_MUN":"4124608","NM_MUN":"São Carlos do Ivaí","SIGLA_UF":"PR"}},{"arcs":[[-4204,-4230,4286,4287,4288]],"type":"Polygon","properties":{"CD_MUN":"4122701","NM_MUN":"Sabáudia","SIGLA_UF":"PR"}},{"arcs":[[-4190,4289,4290,4291,-4221]],"type":"Polygon","properties":{"CD_MUN":"4116604","NM_MUN":"Nova América da Colina","SIGLA_UF":"PR"}},{"arcs":[[-4188,-4282,4292,4293,4294,4295]],"type":"Polygon","properties":{"CD_MUN":"4121901","NM_MUN":"Ribeirão do Pinhal","SIGLA_UF":"PR"}},{"arcs":[[-4242,4296,4297,-4270,-4277]],"type":"Polygon","properties":{"CD_MUN":"4122602","NM_MUN":"Rondon","SIGLA_UF":"PR"}},{"arcs":[[-4241,-4286,4298,4299,4300,4301,-4297]],"type":"Polygon","properties":{"CD_MUN":"4110409","NM_MUN":"Indianópolis","SIGLA_UF":"PR"}},{"arcs":[[-4216,-4239,-4222,-4292,4302,4303,4304,-4261]],"type":"Polygon","properties":{"CD_MUN":"4101903","NM_MUN":"Assaí","SIGLA_UF":"PR"}},{"arcs":[[-4256,4305,4306,4307,-4283,-4275]],"type":"Polygon","properties":{"CD_MUN":"4125308","NM_MUN":"São Jorge do Ivaí","SIGLA_UF":"PR"}},{"arcs":[[-4206,4308,4309,4310,4311,-4278]],"type":"Polygon","properties":{"CD_MUN":"4114807","NM_MUN":"Marialva","SIGLA_UF":"PR"}},{"arcs":[[-4205,-4289,4312,4313,4314,4315,-4309]],"type":"Polygon","properties":{"CD_MUN":"4114203","NM_MUN":"Mandaguari","SIGLA_UF":"PR"}},{"arcs":[[-4259,-4272,4316,4317,-4267]],"type":"Polygon","properties":{"CD_MUN":"4117206","NM_MUN":"Nova Olímpia","SIGLA_UF":"PR"}},{"arcs":[[-4168,-4225,4318,4319,4320,4321,-4231]],"type":"Polygon","properties":{"CD_MUN":"4112801","NM_MUN":"Joaquim Távora","SIGLA_UF":"PR"}},{"arcs":[[-4237,4322,4323,4324,-4306,-4255]],"type":"Polygon","properties":{"CD_MUN":"4117404","NM_MUN":"Ourizona","SIGLA_UF":"PR"}},{"arcs":[[-4229,-4266,4325,-4287]],"type":"Polygon","properties":{"CD_MUN":"4101507","NM_MUN":"Arapongas","SIGLA_UF":"PR"}},{"arcs":[[-4189,-4296,4326,4327,4328,-4290]],"type":"Polygon","properties":{"CD_MUN":"4117008","NM_MUN":"Nova Fátima","SIGLA_UF":"PR"}},{"arcs":[[-4285,4329,-4299]],"type":"Polygon","properties":{"CD_MUN":"4112405","NM_MUN":"Japurá","SIGLA_UF":"PR"}},{"arcs":[[-4291,-4329,4330,4331,-4303]],"type":"Polygon","properties":{"CD_MUN":"4126009","NM_MUN":"São Sebastião da Amoreira","SIGLA_UF":"PR"}},{"arcs":[[-4233,4332,4333,4334,4335,-4293,-4281]],"type":"Polygon","properties":{"CD_MUN":"4112900","NM_MUN":"Jundiaí do Sul","SIGLA_UF":"PR"}},{"arcs":[[-1487,-1574,4336,4337,-4319,-4224]],"type":"Polygon","properties":{"CD_MUN":"4104709","NM_MUN":"Carlópolis","SIGLA_UF":"PR"}},{"arcs":[[-4236,-4280,4338,-4323]],"type":"Polygon","properties":{"CD_MUN":"4117503","NM_MUN":"Paiçandu","SIGLA_UF":"PR"}},{"arcs":[[-4265,4339,4340,4341,4342,4343,-4313,-4288,-4326]],"type":"Polygon","properties":{"CD_MUN":"4101408","NM_MUN":"Apucarana","SIGLA_UF":"PR"}},{"arcs":[[-4232,-4322,4344,4345,4346,-4333]],"type":"Polygon","properties":{"CD_MUN":"4109005","NM_MUN":"Guapirama","SIGLA_UF":"PR"}},{"arcs":[[-4284,-4308,4347,4348,-4300,-4330]],"type":"Polygon","properties":{"CD_MUN":"4126108","NM_MUN":"São Tomé","SIGLA_UF":"PR"}},{"arcs":[[-4271,-4298,-4302,4349,4350,4351,-4317]],"type":"Polygon","properties":{"CD_MUN":"4126801","NM_MUN":"Tapejara","SIGLA_UF":"PR"}},{"arcs":[[-4328,4352,4353,4354,-4331]],"type":"Polygon","properties":{"CD_MUN":"4124301","NM_MUN":"Santo Antônio do Paraíso","SIGLA_UF":"PR"}},{"arcs":[[-4245,-4268,-4318,-4352,4355,4356,4357]],"type":"Polygon","properties":{"CD_MUN":"4106605","NM_MUN":"Cruzeiro do Oeste","SIGLA_UF":"PR"}},{"arcs":[[-4314,-4344,4358,4359,4360,4361,4362]],"type":"Polygon","properties":{"CD_MUN":"4103800","NM_MUN":"Cambira","SIGLA_UF":"PR"}},{"arcs":[[-4295,4363,4364,4365,-4353,-4327]],"type":"Polygon","properties":{"CD_MUN":"4106001","NM_MUN":"Congonhinhas","SIGLA_UF":"PR"}},{"arcs":[[-4304,-4332,-4355,4366]],"type":"Polygon","properties":{"CD_MUN":"4123204","NM_MUN":"Santa Cecília do Pavão","SIGLA_UF":"PR"}},{"arcs":[[-4324,-4339,4367,4368,4369]],"type":"Polygon","properties":{"CD_MUN":"4107306","NM_MUN":"Doutor Camargo","SIGLA_UF":"PR"}},{"arcs":[[-4301,-4349,4370,4371,4372,-4350]],"type":"Polygon","properties":{"CD_MUN":"4105508","NM_MUN":"Cianorte","SIGLA_UF":"PR"}},{"arcs":[[-4279,-4312,4373,4374,4375,-4368]],"type":"Polygon","properties":{"CD_MUN":"4107900","NM_MUN":"Floresta","SIGLA_UF":"PR"}},{"arcs":[[-4369,-4376,4376,4377]],"type":"Polygon","properties":{"CD_MUN":"4111605","NM_MUN":"Ivatuba","SIGLA_UF":"PR"}},{"arcs":[[-4334,-4347,4378,4379,4380]],"type":"Polygon","properties":{"CD_MUN":"4106100","NM_MUN":"Conselheiro Mairinck","SIGLA_UF":"PR"}},{"arcs":[[-4307,4381,4382,-4371,-4348]],"type":"Polygon","properties":{"CD_MUN":"4113007","NM_MUN":"Jussara","SIGLA_UF":"PR"}},{"arcs":[[-4262,-4305,-4367,-4354,-4366,4383,4384]],"type":"Polygon","properties":{"CD_MUN":"4124707","NM_MUN":"São Jerônimo da Serra","SIGLA_UF":"PR"}},{"arcs":[[-4321,4385,4386,-4345]],"type":"Polygon","properties":{"CD_MUN":"4120705","NM_MUN":"Quatiguá","SIGLA_UF":"PR"}},{"arcs":[[-4325,-4370,-4378,4387,4388,4389,-4382]],"type":"Polygon","properties":{"CD_MUN":"4127205","NM_MUN":"Terra Boa","SIGLA_UF":"PR"}},{"arcs":[[-4315,-4363,4390,4391]],"type":"Polygon","properties":{"CD_MUN":"4112108","NM_MUN":"Jandaia do Sul","SIGLA_UF":"PR"}},{"arcs":[[-1573,4392,4393,-4337]],"type":"Polygon","properties":{"CD_MUN":"4122909","NM_MUN":"Salto do Itararé","SIGLA_UF":"PR"}},{"arcs":[[-4346,-4387,4394,4395,4396,4397,4398,-4379]],"type":"Polygon","properties":{"CD_MUN":"4127809","NM_MUN":"Tomazina","SIGLA_UF":"PR"}},{"arcs":[[-4320,-4338,-4394,4399,4400,-4395,-4386]],"type":"Polygon","properties":{"CD_MUN":"4126603","NM_MUN":"Siqueira Campos","SIGLA_UF":"PR"}},{"arcs":[[-4264,4401,4402,4403,-4342,4404,-4340]],"type":"Polygon","properties":{"CD_MUN":"4114906","NM_MUN":"Marilândia do Sul","SIGLA_UF":"PR"}},{"arcs":[[-4335,-4381,4405,4406,4407]],"type":"Polygon","properties":{"CD_MUN":"4112306","NM_MUN":"Japira","SIGLA_UF":"PR"}},{"arcs":[[-4294,-4336,-4408,4408,4409,4410,4411,4412,-4364]],"type":"Polygon","properties":{"CD_MUN":"4109708","NM_MUN":"Ibaiti","SIGLA_UF":"PR"}},{"arcs":[[-4311,4413,4414,4415,4416,4417,-4374]],"type":"Polygon","properties":{"CD_MUN":"4111100","NM_MUN":"Itambé","SIGLA_UF":"PR"}},{"arcs":[[-4251,4418,4419,4420,4421,4422,4423,4424]],"type":"Polygon","properties":{"CD_MUN":"4100509","NM_MUN":"Altônia","SIGLA_UF":"PR"}},{"arcs":[[-4341,-4405]],"type":"Polygon","properties":{"CD_MUN":"4103503","NM_MUN":"Califórnia","SIGLA_UF":"PR"}},{"arcs":[[-4310,-4316,-4392,4425,4426,-4414]],"type":"Polygon","properties":{"CD_MUN":"4103206","NM_MUN":"Bom Sucesso","SIGLA_UF":"PR"}},{"arcs":[[-4375,-4418,4427,4428,-4388,-4377]],"type":"Polygon","properties":{"CD_MUN":"4107504","NM_MUN":"Engenheiro Beltrão","SIGLA_UF":"PR"}},{"arcs":[[-4249,4429,4430]],"type":"Polygon","properties":{"CD_MUN":"4128807","NM_MUN":"Xambrê","SIGLA_UF":"PR"}},{"arcs":[[-4250,-4431,4431,-4419]],"type":"Polygon","properties":{"CD_MUN":"4118907","NM_MUN":"Pérola","SIGLA_UF":"PR"}},{"arcs":[[-4362,4432,4433,-4426,-4391]],"type":"Polygon","properties":{"CD_MUN":"4115507","NM_MUN":"Marumbi","SIGLA_UF":"PR"}},{"arcs":[[-4351,-4373,4434,4435,4436,4437,-4356]],"type":"Polygon","properties":{"CD_MUN":"4127908","NM_MUN":"Tuneiras do Oeste","SIGLA_UF":"PR"}},{"arcs":[[-4380,-4399,4438,-4406]],"type":"Polygon","properties":{"CD_MUN":"4111704","NM_MUN":"Jaboti","SIGLA_UF":"PR"}},{"arcs":[[-1572,-1609,-1689,4439,4440,-4400,-4393]],"type":"Polygon","properties":{"CD_MUN":"4124004","NM_MUN":"Santana do Itararé","SIGLA_UF":"PR"}},{"arcs":[[-4417,4441,4442,-4428]],"type":"Polygon","properties":{"CD_MUN":"4121109","NM_MUN":"Quinta do Sol","SIGLA_UF":"PR"}},{"arcs":[[-4343,-4404,4443,4444,-4359]],"type":"Polygon","properties":{"CD_MUN":"4122107","NM_MUN":"Rio Bom","SIGLA_UF":"PR"}},{"arcs":[[-4415,-4427,-4434,4445,4446,4447]],"type":"Polygon","properties":{"CD_MUN":"4125803","NM_MUN":"São Pedro do Ivaí","SIGLA_UF":"PR"}},{"arcs":[[-4372,-4383,-4390,4448,4449,-4435]],"type":"Polygon","properties":{"CD_MUN":"4101705","NM_MUN":"Araruna","SIGLA_UF":"PR"}},{"arcs":[[-4365,-4413,4450,4451,-4384]],"type":"Polygon","properties":{"CD_MUN":"4126207","NM_MUN":"Sapopema","SIGLA_UF":"PR"}},{"arcs":[[-4398,4452,-4409,-4407,-4439]],"type":"Polygon","properties":{"CD_MUN":"4119202","NM_MUN":"Pinhalão","SIGLA_UF":"PR"}},{"arcs":[[-4396,-4401,-4441,4453,4454]],"type":"Polygon","properties":{"CD_MUN":"4128500","NM_MUN":"Wenceslau Braz","SIGLA_UF":"PR"}},{"arcs":[[-4412,4455,4456,4457,-4451]],"type":"Polygon","properties":{"CD_MUN":"4107009","NM_MUN":"Curiúva","SIGLA_UF":"PR"}},{"arcs":[[-4361,4458,4459,-4446,-4433]],"type":"Polygon","properties":{"CD_MUN":"4113106","NM_MUN":"Kaloré","SIGLA_UF":"PR"}},{"arcs":[[-4416,-4448,4460,4461,4462,-4442]],"type":"Polygon","properties":{"CD_MUN":"4107702","NM_MUN":"Fênix","SIGLA_UF":"PR"}},{"arcs":[[-4389,-4429,-4443,-4463,4463,4464,-4449]],"type":"Polygon","properties":{"CD_MUN":"4118808","NM_MUN":"Peabiru","SIGLA_UF":"PR"}},{"arcs":[[-4248,4465,4466,4467,4468,4469,-4420,-4432,-4430]],"type":"Polygon","properties":{"CD_MUN":"4110607","NM_MUN":"Iporã","SIGLA_UF":"PR"}},{"arcs":[[-4263,-4385,-4452,-4458,4470,4471,4472,4473,-4402]],"type":"Polygon","properties":{"CD_MUN":"4117305","NM_MUN":"Ortigueira","SIGLA_UF":"PR"}},{"arcs":[[-4403,-4474,4474,4475,4476,-4444]],"type":"Polygon","properties":{"CD_MUN":"4107603","NM_MUN":"Faxinal","SIGLA_UF":"PR"}},{"arcs":[[-4360,-4445,-4477,4477,4478,-4459]],"type":"Polygon","properties":{"CD_MUN":"4103305","NM_MUN":"Borrazópolis","SIGLA_UF":"PR"}},{"arcs":[[-1688,4479,4480,4481,-4454,-4440]],"type":"Polygon","properties":{"CD_MUN":"4125407","NM_MUN":"São José da Boa Vista","SIGLA_UF":"PR"}},{"arcs":[[-4397,-4455,-4482,4482,4483,4484,-4410,-4453]],"type":"Polygon","properties":{"CD_MUN":"4101606","NM_MUN":"Arapoti","SIGLA_UF":"PR"}},{"arcs":[[-4246,-4358,4485,4486,4487,4488]],"type":"Polygon","properties":{"CD_MUN":"4115101","NM_MUN":"Mariluz","SIGLA_UF":"PR"}},{"arcs":[[-4447,-4460,-4479,4489,4490,4491,-4461]],"type":"Polygon","properties":{"CD_MUN":"4125001","NM_MUN":"São João do Ivaí","SIGLA_UF":"PR"}},{"arcs":[[-4462,-4492,4492,4493,-4464]],"type":"Polygon","properties":{"CD_MUN":"4102505","NM_MUN":"Barbosa Ferraz","SIGLA_UF":"PR"}},{"arcs":[[-4247,-4489,4494,4495,-4466]],"type":"Polygon","properties":{"CD_MUN":"4100707","NM_MUN":"Alto Piquiri","SIGLA_UF":"PR"}},{"arcs":[[-4357,-4438,4496,4497,-4486]],"type":"Polygon","properties":{"CD_MUN":"4116109","NM_MUN":"Moreira Sales","SIGLA_UF":"PR"}},{"arcs":[[-4436,-4450,-4465,-4494,4498,4499,4500,4501,4502,4503]],"type":"Polygon","properties":{"CD_MUN":"4104303","NM_MUN":"Campo Mourão","SIGLA_UF":"PR"}},{"arcs":[[-4421,-4470,4504,4505,4506,4507,4508]],"type":"Polygon","properties":{"CD_MUN":"4127403","NM_MUN":"Terra Roxa","SIGLA_UF":"PR"}},{"arcs":[[-1687,-1710,-1757,4509,4510,-4480]],"type":"Polygon","properties":{"CD_MUN":"4126306","NM_MUN":"Sengés","SIGLA_UF":"PR"}},{"arcs":[[-4437,-4504,4511,4512,-4497]],"type":"Polygon","properties":{"CD_MUN":"4112207","NM_MUN":"Janiópolis","SIGLA_UF":"PR"}},{"arcs":[[-4411,-4485,4513,4514,4515,4516,4517,4518,4519,-4456]],"type":"Polygon","properties":{"CD_MUN":"4127502","NM_MUN":"Tibagi","SIGLA_UF":"PR"}},{"arcs":[[-4469,4520,-4505]],"type":"Polygon","properties":{"CD_MUN":"4108320","NM_MUN":"Francisco Alves","SIGLA_UF":"PR"}},{"arcs":[[-4476,4521,4522,4523,4524,-4490,-4478]],"type":"Polygon","properties":{"CD_MUN":"4112504","NM_MUN":"Jardim Alegre","SIGLA_UF":"PR"}},{"arcs":[[-4422,-4509,4525,4526,4527]],"type":"Polygon","properties":{"CD_MUN":"4108809","NM_MUN":"Guaíra","SIGLA_UF":"PR"}},{"arcs":[[-4487,-4498,-4513,4528,4529,4530,4531]],"type":"Polygon","properties":{"CD_MUN":"4108601","NM_MUN":"Goioerê","SIGLA_UF":"PR"}},{"arcs":[[-4457,-4520,4532,-4471]],"type":"Polygon","properties":{"CD_MUN":"4127106","NM_MUN":"Telêmaco Borba","SIGLA_UF":"PR"}},{"arcs":[[-4473,4533,4534,4535,-4522,-4475]],"type":"Polygon","properties":{"CD_MUN":"4108700","NM_MUN":"Grandes Rios","SIGLA_UF":"PR"}},{"arcs":[[-4468,4536,4537,4538,-4506,-4521]],"type":"Polygon","properties":{"CD_MUN":"4117909","NM_MUN":"Palotina","SIGLA_UF":"PR"}},{"arcs":[[-4481,-4511,4539,4540,-4483]],"type":"Polygon","properties":{"CD_MUN":"4112009","NM_MUN":"Jaguariaíva","SIGLA_UF":"PR"}},{"arcs":[[-4503,4541,-4512]],"type":"Polygon","properties":{"CD_MUN":"4103008","NM_MUN":"Boa Esperança","SIGLA_UF":"PR"}},{"arcs":[[-4488,-4532,4542,4543,-4495]],"type":"Polygon","properties":{"CD_MUN":"4108205","NM_MUN":"Formosa do Oeste","SIGLA_UF":"PR"}},{"arcs":[[-4523,-4536,4544,4545,4546]],"type":"Polygon","properties":{"CD_MUN":"4111506","NM_MUN":"Ivaiporã","SIGLA_UF":"PR"}},{"arcs":[[-4502,4547,4548,4549,-4529,-4542]],"type":"Polygon","properties":{"CD_MUN":"4114005","NM_MUN":"Mamborê","SIGLA_UF":"PR"}},{"arcs":[[-4467,-4496,-4544,4550,4551,4552,-4537]],"type":"Polygon","properties":{"CD_MUN":"4102000","NM_MUN":"Assis Chateaubriand","SIGLA_UF":"PR"}},{"arcs":[[-4491,-4525,4553,4554,-4499,-4493]],"type":"Polygon","properties":{"CD_MUN":"4110805","NM_MUN":"Iretama","SIGLA_UF":"PR"}},{"arcs":[[-4524,-4547,4555,4556,4557,4558,4559,-4554]],"type":"Polygon","properties":{"CD_MUN":"4119608","NM_MUN":"Pitanga","SIGLA_UF":"PR"}},{"arcs":[[-4484,-4541,4560,4561,-4514]],"type":"Polygon","properties":{"CD_MUN":"4119400","NM_MUN":"Piraí do Sul","SIGLA_UF":"PR"}},{"arcs":[[-4531,4562,4563,4564,-4551,-4543]],"type":"Polygon","properties":{"CD_MUN":"4116703","NM_MUN":"Nova Aurora","SIGLA_UF":"PR"}},{"arcs":[[-4472,-4533,-4519,4565,4566,-4534]],"type":"Polygon","properties":{"CD_MUN":"4121703","NM_MUN":"Reserva","SIGLA_UF":"PR"}},{"arcs":[[-4530,-4550,4567,4568,-4563]],"type":"Polygon","properties":{"CD_MUN":"4128005","NM_MUN":"Ubiratã","SIGLA_UF":"PR"}},{"arcs":[[-4507,-4539,4569,4570]],"type":"Polygon","properties":{"CD_MUN":"4117222","NM_MUN":"Nova Santa Rosa","SIGLA_UF":"PR"}},{"arcs":[[-4508,-4571,4571,4572,4573,-4526]],"type":"Polygon","properties":{"CD_MUN":"4114609","NM_MUN":"Marechal Cândido Rondon","SIGLA_UF":"PR"}},{"arcs":[[-4546,4574,-4556]],"type":"Polygon","properties":{"CD_MUN":"4114500","NM_MUN":"Manoel Ribas","SIGLA_UF":"PR"}},{"arcs":[[-4535,-4567,4575,4576,4577,-4557,-4575,-4545]],"type":"Polygon","properties":{"CD_MUN":"4104402","NM_MUN":"Cândido de Abreu","SIGLA_UF":"PR"}},{"arcs":[[-4500,-4555,-4560,4578,4579]],"type":"Polygon","properties":{"CD_MUN":"4122503","NM_MUN":"Roncador","SIGLA_UF":"PR"}},{"arcs":[[-4549,4580,4581,4582,4583,-4568]],"type":"Polygon","properties":{"CD_MUN":"4103909","NM_MUN":"Campina da Lagoa","SIGLA_UF":"PR"}},{"arcs":[[-1756,-1768,4584,4585,4586,4587,-4561,-4540,-4510]],"type":"Polygon","properties":{"CD_MUN":"4105201","NM_MUN":"Cerro Azul","SIGLA_UF":"PR"}},{"arcs":[[-4501,-4580,4588,-4581,-4548]],"type":"Polygon","properties":{"CD_MUN":"4116802","NM_MUN":"Nova Cantu","SIGLA_UF":"PR"}},{"arcs":[[-4564,-4569,-4584,4589,4590]],"type":"Polygon","properties":{"CD_MUN":"4106308","NM_MUN":"Corbélia","SIGLA_UF":"PR"}},{"arcs":[[-4515,-4562,-4588,4591,4592,4593]],"type":"Polygon","properties":{"CD_MUN":"4104907","NM_MUN":"Castro","SIGLA_UF":"PR"}},{"arcs":[[-4573,4594,4595,4596,4597,4598]],"type":"Polygon","properties":{"CD_MUN":"4123501","NM_MUN":"Santa Helena","SIGLA_UF":"PR"}},{"arcs":[[-4583,4599,4600,4601,4602,4603,-4590]],"type":"Polygon","properties":{"CD_MUN":"4109302","NM_MUN":"Guaraniaçu","SIGLA_UF":"PR"}},{"arcs":[[-4559,4604,4605,-4600,-4582,-4589,-4579]],"type":"Polygon","properties":{"CD_MUN":"4117800","NM_MUN":"Palmital","SIGLA_UF":"PR"}},{"arcs":[[-1754,-1760,-1777,4606,-4585,-1767]],"type":"Polygon","properties":{"CD_MUN":"4100202","NM_MUN":"Adrianópolis","SIGLA_UF":"PR"}},{"arcs":[[-4577,4607,4608,4609,4610]],"type":"Polygon","properties":{"CD_MUN":"4120606","NM_MUN":"Prudentópolis","SIGLA_UF":"PR"}},{"arcs":[[-4558,-4578,-4611,4611,4612,4613,4614,4615,4616,-4605]],"type":"Polygon","properties":{"CD_MUN":"4109401","NM_MUN":"Guarapuava","SIGLA_UF":"PR"}},{"arcs":[[-4517,4617,4618,4619,4620]],"type":"Polygon","properties":{"CD_MUN":"4110508","NM_MUN":"Ipiranga","SIGLA_UF":"PR"}},{"arcs":[[-4596,4621,4622,4623,4624]],"type":"Polygon","properties":{"CD_MUN":"4115606","NM_MUN":"Matelândia","SIGLA_UF":"PR"}},{"arcs":[[-4518,-4621,4625,-4608,-4576,-4566]],"type":"Polygon","properties":{"CD_MUN":"4111407","NM_MUN":"Ivaí","SIGLA_UF":"PR"}},{"arcs":[[-4516,-4594,4626,4627,4628,-4618]],"type":"Polygon","properties":{"CD_MUN":"4119905","NM_MUN":"Ponta Grossa","SIGLA_UF":"PR"}},{"arcs":[[-4623,4629,4630,4631,4632]],"type":"Polygon","properties":{"CD_MUN":"4105300","NM_MUN":"Céu Azul","SIGLA_UF":"PR"}},{"arcs":[[-1776,4633,4634,4635,4636,-4586,-4607]],"type":"Polygon","properties":{"CD_MUN":"4103107","NM_MUN":"Bocaiúva do Sul","SIGLA_UF":"PR"}},{"arcs":[[-4587,-4637,4637,4638,-4592]],"type":"Polygon","properties":{"CD_MUN":"4122206","NM_MUN":"Rio Branco do Sul","SIGLA_UF":"PR"}},{"arcs":[[-4601,-4606,-4617,4639,4640]],"type":"Polygon","properties":{"CD_MUN":"4113304","NM_MUN":"Laranjeiras do Sul","SIGLA_UF":"PR"}},{"arcs":[[-4598,4641,4642,4643,4644]],"type":"Polygon","properties":{"CD_MUN":"4125704","NM_MUN":"São Miguel do Iguaçu","SIGLA_UF":"PR"}},{"arcs":[[-4593,-4639,4645,4646,4647,4648,4649,-4627]],"type":"Polygon","properties":{"CD_MUN":"4104204","NM_MUN":"Campo Largo","SIGLA_UF":"PR"}},{"arcs":[[-4609,-4626,-4620,4650,4651]],"type":"Polygon","properties":{"CD_MUN":"4110102","NM_MUN":"Imbituva","SIGLA_UF":"PR"}},{"arcs":[[-1774,-1779,4652,4653,4654,4655]],"type":"Polygon","properties":{"CD_MUN":"4109500","NM_MUN":"Guaraqueçaba","SIGLA_UF":"PR"}},{"arcs":[[-1775,-4656,4656,4657,4658,4659,-4634]],"type":"Polygon","properties":{"CD_MUN":"4104006","NM_MUN":"Campina Grande do Sul","SIGLA_UF":"PR"}},{"arcs":[[-4603,4660,4661,4662,4663,4664]],"type":"Polygon","properties":{"CD_MUN":"4105003","NM_MUN":"Catanduvas","SIGLA_UF":"PR"}},{"arcs":[[-4619,-4629,4665,4666,4667,4668,-4651]],"type":"Polygon","properties":{"CD_MUN":"4127007","NM_MUN":"Teixeira Soares","SIGLA_UF":"PR"}},{"arcs":[[-4655,4669,4670,-4657]],"type":"Polygon","properties":{"CD_MUN":"4101200","NM_MUN":"Antonina","SIGLA_UF":"PR"}},{"arcs":[[-4644,4671]],"type":"Polygon","properties":{"CD_MUN":"4108304","NM_MUN":"Foz do Iguaçu","SIGLA_UF":"PR"}},{"arcs":[[-4636,4672,4673,-4646,-4638]],"type":"Polygon","properties":{"CD_MUN":"4100400","NM_MUN":"Almirante Tamandaré","SIGLA_UF":"PR"}},{"arcs":[[-4602,-4641,4674,4675,4676,4677,-4661]],"type":"Polygon","properties":{"CD_MUN":"4120903","NM_MUN":"Quedas do Iguaçu","SIGLA_UF":"PR"}},{"arcs":[[-4628,-4650,4678,4679,4680,4681,-4666]],"type":"Polygon","properties":{"CD_MUN":"4117701","NM_MUN":"Palmeira","SIGLA_UF":"PR"}},{"arcs":[[-4635,-4660,4682,4683,4684,-4673]],"type":"Polygon","properties":{"CD_MUN":"4105805","NM_MUN":"Colombo","SIGLA_UF":"PR"}},{"arcs":[[-4632,4685,-4664,4686,4687,4688]],"type":"Polygon","properties":{"CD_MUN":"4104600","NM_MUN":"Capitão Leônidas Marques","SIGLA_UF":"PR"}},{"arcs":[[-4658,-4671,4689,4690,4691,4692,4693]],"type":"Polygon","properties":{"CD_MUN":"4116208","NM_MUN":"Morretes","SIGLA_UF":"PR"}},{"arcs":[[-4659,-4694,4694,-4683]],"type":"Polygon","properties":{"CD_MUN":"4120804","NM_MUN":"Quatro Barras","SIGLA_UF":"PR"}},{"arcs":[[-4610,-4652,-4669,4695,4696,4697,-4612]],"type":"Polygon","properties":{"CD_MUN":"4110706","NM_MUN":"Irati","SIGLA_UF":"PR"}},{"arcs":[[-4647,-4674,-4685,4698,4699,4700,4701]],"type":"Polygon","properties":{"CD_MUN":"4106902","NM_MUN":"Curitiba","SIGLA_UF":"PR"}},{"arcs":[[-4649,4702,4703,4704,4705,-4679]],"type":"Polygon","properties":{"CD_MUN":"4102307","NM_MUN":"Balsa Nova","SIGLA_UF":"PR"}},{"arcs":[[-4684,-4695,-4693,4706,-4699]],"type":"Polygon","properties":{"CD_MUN":"4119509","NM_MUN":"Piraquara","SIGLA_UF":"PR"}},{"arcs":[[-4654,4707,4708,4709,-4690,-4670]],"type":"Polygon","properties":{"CD_MUN":"4118204","NM_MUN":"Paranaguá","SIGLA_UF":"PR"}},{"arcs":[[-4613,-4698,4710,4711,4712]],"type":"Polygon","properties":{"CD_MUN":"4110201","NM_MUN":"Inácio Martins","SIGLA_UF":"PR"}},{"arcs":[[-4663,4713,4714,4715,4716,-4687]],"type":"Polygon","properties":{"CD_MUN":"4123006","NM_MUN":"Salto do Lontra","SIGLA_UF":"PR"}},{"arcs":[[-4680,-4706,4717]],"type":"Polygon","properties":{"CD_MUN":"4120101","NM_MUN":"Porto Amazonas","SIGLA_UF":"PR"}},{"arcs":[[-4624,-4633,-4689,4718,4719,4720,4721]],"type":"Polygon","properties":{"CD_MUN":"4104501","NM_MUN":"Capanema","SIGLA_UF":"PR"}},{"arcs":[[-4688,-4717,4722,4723,4724,-4719]],"type":"Polygon","properties":{"CD_MUN":"4121406","NM_MUN":"Realeza","SIGLA_UF":"PR"}},{"arcs":[[-4662,-4678,4725,4726,4727,-4714]],"type":"Polygon","properties":{"CD_MUN":"4107207","NM_MUN":"Dois Vizinhos","SIGLA_UF":"PR"}},{"arcs":[[-4677,4728,4729,-4726]],"type":"Polygon","properties":{"CD_MUN":"4125209","NM_MUN":"São Jorge d'Oeste","SIGLA_UF":"PR"}},{"arcs":[[-4692,4730,4731,4732,-4700,-4707]],"type":"Polygon","properties":{"CD_MUN":"4125506","NM_MUN":"São José dos Pinhais","SIGLA_UF":"PR"}},{"arcs":[[-4648,-4702,4733,4734,-4703]],"type":"Polygon","properties":{"CD_MUN":"4101804","NM_MUN":"Araucária","SIGLA_UF":"PR"}},{"arcs":[[-4676,4735,4736,4737,4738,-4729]],"type":"Polygon","properties":{"CD_MUN":"4124806","NM_MUN":"São João","SIGLA_UF":"PR"}},{"arcs":[[-4616,4739,4740,-4736,-4675,-4640]],"type":"Polygon","properties":{"CD_MUN":"4105409","NM_MUN":"Chopinzinho","SIGLA_UF":"PR"}},{"arcs":[[-4667,-4682,4741,4742,4743,4744]],"type":"Polygon","properties":{"CD_MUN":"4125100","NM_MUN":"São João do Triunfo","SIGLA_UF":"PR"}},{"arcs":[[-4668,-4745,4745,4746,-4696]],"type":"Polygon","properties":{"CD_MUN":"4121505","NM_MUN":"Rebouças","SIGLA_UF":"PR"}},{"arcs":[[-2021,4747,-4742,-4681,-4718,-4705,4748,4749,4750,4751]],"type":"Polygon","properties":{"CD_MUN":"4113205","NM_MUN":"Lapa","SIGLA_UF":"PR"}},{"arcs":[[-4614,-4713,4752,4753,4754,4755]],"type":"Polygon","properties":{"CD_MUN":"4119301","NM_MUN":"Pinhão","SIGLA_UF":"PR"}},{"arcs":[[-4697,-4747,4756,4757,-4711]],"type":"Polygon","properties":{"CD_MUN":"4122008","NM_MUN":"Rio Azul","SIGLA_UF":"PR"}},{"arcs":[[-4716,4758,4759,-4723]],"type":"Polygon","properties":{"CD_MUN":"4123808","NM_MUN":"Santa Izabel do Oeste","SIGLA_UF":"PR"}},{"arcs":[[-4720,-4725,4760,4761,4762]],"type":"Polygon","properties":{"CD_MUN":"4119806","NM_MUN":"Planalto","SIGLA_UF":"PR"}},{"arcs":[[-4704,-4735,4763,4764,-4749]],"type":"Polygon","properties":{"CD_MUN":"4106209","NM_MUN":"Contenda","SIGLA_UF":"PR"}},{"arcs":[[-4701,-4733,4765,4766,4767,-4764,-4734]],"type":"Polygon","properties":{"CD_MUN":"4114302","NM_MUN":"Mandirituba","SIGLA_UF":"PR"}},{"arcs":[[-2016,-2036,4768,-4731,-4691,-4710,4769,4770]],"type":"Polygon","properties":{"CD_MUN":"4109609","NM_MUN":"Guaratuba","SIGLA_UF":"PR"}},{"arcs":[[-4712,4771,4772,4773,-4753]],"type":"Polygon","properties":{"CD_MUN":"4106803","NM_MUN":"Cruz Machado","SIGLA_UF":"PR"}},{"arcs":[[-4758,4774,4775,4776,-4772]],"type":"Polygon","properties":{"CD_MUN":"4113908","NM_MUN":"Mallet","SIGLA_UF":"PR"}},{"arcs":[[-4727,-4730,-4739,4777,4778,4779]],"type":"Polygon","properties":{"CD_MUN":"4128609","NM_MUN":"Verê","SIGLA_UF":"PR"}},{"arcs":[[-4615,-4756,4780,4781,4782,4783,-4740]],"type":"Polygon","properties":{"CD_MUN":"4114401","NM_MUN":"Mangueirinha","SIGLA_UF":"PR"}},{"arcs":[[-4762,4784,4785,4786]],"type":"Polygon","properties":{"CD_MUN":"4119004","NM_MUN":"Pérola d'Oeste","SIGLA_UF":"PR"}},{"arcs":[[-2009,4787,-4775,-4757,-4746,-4744,4788,-2037]],"type":"Polygon","properties":{"CD_MUN":"4125605","NM_MUN":"São Mateus do Sul","SIGLA_UF":"PR"}},{"arcs":[[-4715,-4728,-4780,4789,4790,-4759]],"type":"Polygon","properties":{"CD_MUN":"4107405","NM_MUN":"Enéas Marques","SIGLA_UF":"PR"}},{"arcs":[[-4724,-4760,-4791,4791,4792,4793,-4785,-4761]],"type":"Polygon","properties":{"CD_MUN":"4101002","NM_MUN":"Ampére","SIGLA_UF":"PR"}},{"arcs":[[-4709,4794,-4770]],"type":"Polygon","properties":{"CD_MUN":"4115705","NM_MUN":"Matinhos","SIGLA_UF":"PR"}},{"arcs":[[-2035,4795,-4766,-4732,-4769]],"type":"Polygon","properties":{"CD_MUN":"4127601","NM_MUN":"Tijucas do Sul","SIGLA_UF":"PR"}},{"arcs":[[-4750,-4765,-4768,4796,4797,4798]],"type":"Polygon","properties":{"CD_MUN":"4121208","NM_MUN":"Quitandinha","SIGLA_UF":"PR"}},{"arcs":[[-4738,4799,4800,4801,-4778]],"type":"Polygon","properties":{"CD_MUN":"4111209","NM_MUN":"Itapejara d'Oeste","SIGLA_UF":"PR"}},{"arcs":[[-2029,-2038,-4789,-4743,-4748]],"type":"Polygon","properties":{"CD_MUN":"4101309","NM_MUN":"Antônio Olinto","SIGLA_UF":"PR"}},{"arcs":[[-4737,-4741,-4784,4802,-4800]],"type":"Polygon","properties":{"CD_MUN":"4106506","NM_MUN":"Coronel Vivida","SIGLA_UF":"PR"}},{"arcs":[[-4786,-4794,4803,4804,4805]],"type":"Polygon","properties":{"CD_MUN":"4124400","NM_MUN":"Santo Antônio do Sudoeste","SIGLA_UF":"PR"}},{"arcs":[[-4754,-4774,4806,4807,4808,4809]],"type":"Polygon","properties":{"CD_MUN":"4102901","NM_MUN":"Bituruna","SIGLA_UF":"PR"}},{"arcs":[[-4779,-4802,4810,4811,4812,4813,-4792,-4790]],"type":"Polygon","properties":{"CD_MUN":"4108403","NM_MUN":"Francisco Beltrão","SIGLA_UF":"PR"}},{"arcs":[[-2130,4814,-4781,-4755,-4810,4815,-2159,-2152]],"type":"Polygon","properties":{"CD_MUN":"4117602","NM_MUN":"Palmas","SIGLA_UF":"PR"}},{"arcs":[[-4751,-4799,4816,4817]],"type":"Polygon","properties":{"CD_MUN":"4104105","NM_MUN":"Campo do Tenente","SIGLA_UF":"PR"}},{"arcs":[[-2072,4818,-4807,-4773,-4777,4819]],"type":"Polygon","properties":{"CD_MUN":"4128203","NM_MUN":"União da Vitória","SIGLA_UF":"PR"}},{"arcs":[[-2015,4820,-4776,-4788]],"type":"Polygon","properties":{"CD_MUN":"4118709","NM_MUN":"Paulo Frontin","SIGLA_UF":"PR"}},{"arcs":[[-4783,4821,4822,4823,4824,-4811,-4801,-4803]],"type":"Polygon","properties":{"CD_MUN":"4118501","NM_MUN":"Pato Branco","SIGLA_UF":"PR"}},{"arcs":[[-2022,-4752,-4818,4825,-2054,-2078]],"type":"Polygon","properties":{"CD_MUN":"4122305","NM_MUN":"Rio Negro","SIGLA_UF":"PR"}},{"arcs":[[-2061,4826,-4804,-4793,-4814,4827,-2062]],"type":"Polygon","properties":{"CD_MUN":"4122800","NM_MUN":"Salgado Filho","SIGLA_UF":"PR"}},{"arcs":[[-2033,-2055,-4826,-4817,-4798,4828]],"type":"Polygon","properties":{"CD_MUN":"4119103","NM_MUN":"Piên","SIGLA_UF":"PR"}},{"arcs":[[-2034,-4829,-4797,-4767,-4796]],"type":"Polygon","properties":{"CD_MUN":"4100301","NM_MUN":"Agudos do Sul","SIGLA_UF":"PR"}},{"arcs":[[-2094,4829,-4812,-4825,4830,-2105]],"type":"Polygon","properties":{"CD_MUN":"4121604","NM_MUN":"Renascença","SIGLA_UF":"PR"}},{"arcs":[[-2060,4831,-4805,-4827]],"type":"Polygon","properties":{"CD_MUN":"4102604","NM_MUN":"Barracão","SIGLA_UF":"PR"}},{"arcs":[[-2014,-2050,-2073,-4820,-4821]],"type":"Polygon","properties":{"CD_MUN":"4118600","NM_MUN":"Paula Freitas","SIGLA_UF":"PR"}},{"arcs":[[-2063,-4828,-4813,-4830,-2093]],"type":"Polygon","properties":{"CD_MUN":"4115408","NM_MUN":"Marmeleiro","SIGLA_UF":"PR"}},{"arcs":[[-2104,-2106,-4831,-4824,4832]],"type":"Polygon","properties":{"CD_MUN":"4128708","NM_MUN":"Vitorino","SIGLA_UF":"PR"}},{"arcs":[[-2071,4833,-4808,-4819]],"type":"Polygon","properties":{"CD_MUN":"4120309","NM_MUN":"Porto Vitória","SIGLA_UF":"PR"}},{"arcs":[[-2120,4834,-4822,-4782,-4815,-2129]],"type":"Polygon","properties":{"CD_MUN":"4105706","NM_MUN":"Clevelândia","SIGLA_UF":"PR"}},{"arcs":[[-2101,-4833,-4823,-4835,-2119]],"type":"Polygon","properties":{"CD_MUN":"4115309","NM_MUN":"Mariópolis","SIGLA_UF":"PR"}},{"arcs":[[-2070,-2128,-2199,-2160,-4816,-4809,-4834]],"type":"Polygon","properties":{"CD_MUN":"4108502","NM_MUN":"General Carneiro","SIGLA_UF":"PR"}},{"arcs":[[-4538,-4553,4835,-4630,-4622,-4595,-4572,-4570]],"type":"Polygon","properties":{"CD_MUN":"4127700","NM_MUN":"Toledo","SIGLA_UF":"PR"}},{"arcs":[[-4552,-4565,-4591,-4604,-4665,-4686,-4631,-4836]],"type":"Polygon","properties":{"CD_MUN":"4104808","NM_MUN":"Cascavel","SIGLA_UF":"PR"}},{"arcs":[[4836,4837,4838,4839,4840]],"type":"Polygon","properties":{"CD_MUN":"2207702","NM_MUN":"Parnaíba","SIGLA_UF":"PI"}},{"arcs":[[-4838,4841,4842,4843,4844,4845,4846]],"type":"Polygon","properties":{"CD_MUN":"2205706","NM_MUN":"Luís Correia","SIGLA_UF":"PI"}},{"arcs":[[-4840,4847,4848,4849,4850,4851,4852]],"type":"Polygon","properties":{"CD_MUN":"2202000","NM_MUN":"Buriti dos Lopes","SIGLA_UF":"PI"}},{"arcs":[[-4839,-4847,4853,4854,4855,4856,-4848]],"type":"Polygon","properties":{"CD_MUN":"2202703","NM_MUN":"Cocal","SIGLA_UF":"PI"}},{"arcs":[[-4851,4857,4858,4859,4860]],"type":"Polygon","properties":{"CD_MUN":"2205409","NM_MUN":"Joaquim Pires","SIGLA_UF":"PI"}},{"arcs":[[-4860,4861,4862,4863,4864,4865,4866]],"type":"Polygon","properties":{"CD_MUN":"2205805","NM_MUN":"Luzilândia","SIGLA_UF":"PI"}},{"arcs":[[-4849,-4857,4867,4868,4869,4870,4871,4872]],"type":"Polygon","properties":{"CD_MUN":"2208304","NM_MUN":"Piracuruca","SIGLA_UF":"PI"}},{"arcs":[[-4859,4873,4874,4875,4876,-4862]],"type":"Polygon","properties":{"CD_MUN":"2203701","NM_MUN":"Esperantina","SIGLA_UF":"PI"}},{"arcs":[[-4863,-4877,4877,4878]],"type":"Polygon","properties":{"CD_MUN":"2206100","NM_MUN":"Matias Olímpio","SIGLA_UF":"PI"}},{"arcs":[[-4876,4879,4880,4881,4882,4883,-4878]],"type":"Polygon","properties":{"CD_MUN":"2208502","NM_MUN":"Porto","SIGLA_UF":"PI"}},{"arcs":[[-4850,-4873,4884,4885,-4874,-4858]],"type":"Polygon","properties":{"CD_MUN":"2201507","NM_MUN":"Batalha","SIGLA_UF":"PI"}},{"arcs":[[-4881,4886,4887]],"type":"Polygon","properties":{"CD_MUN":"2206803","NM_MUN":"Nossa Senhora dos Remédios","SIGLA_UF":"PI"}},{"arcs":[[-4875,-4886,4888,4889,4890,4891,4892,4893,-4887,-4880]],"type":"Polygon","properties":{"CD_MUN":"2201200","NM_MUN":"Barras","SIGLA_UF":"PI"}},{"arcs":[[-4882,-4888,-4894,4894,4895,4896,4897]],"type":"Polygon","properties":{"CD_MUN":"2206209","NM_MUN":"Miguel Alves","SIGLA_UF":"PI"}},{"arcs":[[-4872,4898,4899,4900,-4889,-4885]],"type":"Polygon","properties":{"CD_MUN":"2208403","NM_MUN":"Piripiri","SIGLA_UF":"PI"}},{"arcs":[[-4871,4901,-4899]],"type":"Polygon","properties":{"CD_MUN":"2203420","NM_MUN":"Domingos Mourão","SIGLA_UF":"PI"}},{"arcs":[[-4870,4902,4903,4904,4905,4906,-4900,-4902]],"type":"Polygon","properties":{"CD_MUN":"2207900","NM_MUN":"Pedro II","SIGLA_UF":"PI"}},{"arcs":[[-4893,4907,4908,4909,4910,-4895]],"type":"Polygon","properties":{"CD_MUN":"2211100","NM_MUN":"União","SIGLA_UF":"PI"}},{"arcs":[[-4890,-4901,-4907,4911]],"type":"Polygon","properties":{"CD_MUN":"2202406","NM_MUN":"Capitão de Campos","SIGLA_UF":"PI"}},{"arcs":[[-4891,-4912,-4906,4912,4913,4914,4915]],"type":"Polygon","properties":{"CD_MUN":"2202208","NM_MUN":"Campo Maior","SIGLA_UF":"PI"}},{"arcs":[[-4892,-4916,4916,4917,-4908]],"type":"Polygon","properties":{"CD_MUN":"2205508","NM_MUN":"José de Freitas","SIGLA_UF":"PI"}},{"arcs":[[-4909,-4918,4918,4919,4920,4921,4922,4923,4924]],"type":"Polygon","properties":{"CD_MUN":"2211001","NM_MUN":"Teresina","SIGLA_UF":"PI"}},{"arcs":[[-4905,4925,4926,4927,4928,-4913]],"type":"Polygon","properties":{"CD_MUN":"2202604","NM_MUN":"Castelo do Piauí","SIGLA_UF":"PI"}},{"arcs":[[-4915,4929,4930,4931,-4919,-4917]],"type":"Polygon","properties":{"CD_MUN":"2200400","NM_MUN":"Altos","SIGLA_UF":"PI"}},{"arcs":[[-4914,-4929,4932,4933,4934,4935,-4930]],"type":"Polygon","properties":{"CD_MUN":"2200301","NM_MUN":"Alto Longá","SIGLA_UF":"PI"}},{"arcs":[[-4920,-4932,4936,4937]],"type":"Polygon","properties":{"CD_MUN":"2203305","NM_MUN":"Demerval Lobão","SIGLA_UF":"PI"}},{"arcs":[[-4931,-4936,4938,4939,4940,4941,4942,-4937]],"type":"Polygon","properties":{"CD_MUN":"2201606","NM_MUN":"Beneditinos","SIGLA_UF":"PI"}},{"arcs":[[-4928,4943,-4933]],"type":"Polygon","properties":{"CD_MUN":"2209906","NM_MUN":"São João da Serra","SIGLA_UF":"PI"}},{"arcs":[[-4927,4944,4945,4946,4947,4948,4949,4950,-4934,-4944]],"type":"Polygon","properties":{"CD_MUN":"2210409","NM_MUN":"São Miguel do Tapuio","SIGLA_UF":"PI"}},{"arcs":[[-4921,-4938,-4943,4951,4952,4953,4954,4955]],"type":"Polygon","properties":{"CD_MUN":"2206407","NM_MUN":"Monsenhor Gil","SIGLA_UF":"PI"}},{"arcs":[[-4922,-4956,4956,4957,4958,4959,4960,4961]],"type":"Polygon","properties":{"CD_MUN":"2207504","NM_MUN":"Palmeirais","SIGLA_UF":"PI"}},{"arcs":[[-4954,4962,4963,4964]],"type":"Polygon","properties":{"CD_MUN":"2206308","NM_MUN":"Miguel Leão","SIGLA_UF":"PI"}},{"arcs":[[-4935,-4951,4965,4966,-4939]],"type":"Polygon","properties":{"CD_MUN":"2208601","NM_MUN":"Prata do Piauí","SIGLA_UF":"PI"}},{"arcs":[[-4955,-4965,4967,4968,4969,4970,4971,-4957]],"type":"Polygon","properties":{"CD_MUN":"2210508","NM_MUN":"São Pedro do Piauí","SIGLA_UF":"PI"}},{"arcs":[[-4942,4972,4973,4974,-4952]],"type":"Polygon","properties":{"CD_MUN":"2201408","NM_MUN":"Barro Duro","SIGLA_UF":"PI"}},{"arcs":[[-4964,4975,-4968]],"type":"Polygon","properties":{"CD_MUN":"2200103","NM_MUN":"Agricolândia","SIGLA_UF":"PI"}},{"arcs":[[-4953,-4975,4976,4977,-4969,-4976,-4963]],"type":"Polygon","properties":{"CD_MUN":"2200202","NM_MUN":"Água Branca","SIGLA_UF":"PI"}},{"arcs":[[-4941,4978,4979,4980,4981,4982,4983,4984,4985,-4973]],"type":"Polygon","properties":{"CD_MUN":"2203503","NM_MUN":"Elesbão Veloso","SIGLA_UF":"PI"}},{"arcs":[[-4940,-4967,4986,-4979]],"type":"Polygon","properties":{"CD_MUN":"2209609","NM_MUN":"São Félix do Piauí","SIGLA_UF":"PI"}},{"arcs":[[-4950,4987,4988,-4980,-4987,-4966]],"type":"Polygon","properties":{"CD_MUN":"2200905","NM_MUN":"Aroazes","SIGLA_UF":"PI"}},{"arcs":[[-4974,-4986,4989,4990,-4977]],"type":"Polygon","properties":{"CD_MUN":"2204600","NM_MUN":"Hugo Napoleão","SIGLA_UF":"PI"}},{"arcs":[[-4970,-4978,-4991,4991]],"type":"Polygon","properties":{"CD_MUN":"2209807","NM_MUN":"São Gonçalo do Piauí","SIGLA_UF":"PI"}},{"arcs":[[-4958,-4972,4992,4993]],"type":"Polygon","properties":{"CD_MUN":"2200608","NM_MUN":"Angical do Piauí","SIGLA_UF":"PI"}},{"arcs":[[-4959,-4994,4994,4995,4996,4997,4998,4999]],"type":"Polygon","properties":{"CD_MUN":"2200509","NM_MUN":"Amarante","SIGLA_UF":"PI"}},{"arcs":[[-4971,-4992,-4990,-4985,5000,5001,-4995,-4993]],"type":"Polygon","properties":{"CD_MUN":"2208809","NM_MUN":"Regeneração","SIGLA_UF":"PI"}},{"arcs":[[-4949,5002,5003,5004,5005,5006,5007,-4988]],"type":"Polygon","properties":{"CD_MUN":"2208106","NM_MUN":"Pimenteiras","SIGLA_UF":"PI"}},{"arcs":[[-4981,-4989,-5008,5008,5009,5010]],"type":"Polygon","properties":{"CD_MUN":"2211308","NM_MUN":"Valença do Piauí","SIGLA_UF":"PI"}},{"arcs":[[-4984,5011,5012,-5001]],"type":"Polygon","properties":{"CD_MUN":"2204006","NM_MUN":"Francinópolis","SIGLA_UF":"PI"}},{"arcs":[[-4982,-5011,5013,5014,5015]],"type":"Polygon","properties":{"CD_MUN":"2206902","NM_MUN":"Novo Oriente do Piauí","SIGLA_UF":"PI"}},{"arcs":[[-4983,-5016,5016,5017,-5012]],"type":"Polygon","properties":{"CD_MUN":"2211407","NM_MUN":"Várzea Grande","SIGLA_UF":"PI"}},{"arcs":[[-4996,-5002,-5013,-5018,5018,5019]],"type":"Polygon","properties":{"CD_MUN":"2201002","NM_MUN":"Arraial","SIGLA_UF":"PI"}},{"arcs":[[-4997,-5020,5020,5021,5022]],"type":"Polygon","properties":{"CD_MUN":"2204105","NM_MUN":"Francisco Ayres","SIGLA_UF":"PI"}},{"arcs":[[-5010,5023,5024,5025,5026,-5014]],"type":"Polygon","properties":{"CD_MUN":"2204709","NM_MUN":"Inhuma","SIGLA_UF":"PI"}},{"arcs":[[-5005,5027,5028,5029,5030,5031,5032,5033,5034,5035,5036]],"type":"Polygon","properties":{"CD_MUN":"2208205","NM_MUN":"Pio IX","SIGLA_UF":"PI"}},{"arcs":[[-5015,-5027,5037,5038,5039,5040,5041,5042,5043,-5021,-5019,-5017]],"type":"Polygon","properties":{"CD_MUN":"2207009","NM_MUN":"Oeiras","SIGLA_UF":"PI"}},{"arcs":[[-4998,-5023,5044,5045,5046,5047,5048,5049]],"type":"Polygon","properties":{"CD_MUN":"2203909","NM_MUN":"Floriano","SIGLA_UF":"PI"}},{"arcs":[[5050,5051,5052,5053,5054]],"type":"Polygon","properties":{"CD_MUN":"2204501","NM_MUN":"Guadalupe","SIGLA_UF":"PI"}},{"arcs":[[-5026,5055,5056,5057,-5038]],"type":"Polygon","properties":{"CD_MUN":"2204808","NM_MUN":"Ipiranga do Piauí","SIGLA_UF":"PI"}},{"arcs":[[-5006,-5037,5058,5059,5060]],"type":"Polygon","properties":{"CD_MUN":"2209401","NM_MUN":"Santo Antônio de Lisboa","SIGLA_UF":"PI"}},{"arcs":[[-5022,-5044,5061,5062,-5045]],"type":"Polygon","properties":{"CD_MUN":"2206704","NM_MUN":"Nazaré do Piauí","SIGLA_UF":"PI"}},{"arcs":[[-5025,5063,5064,-5056]],"type":"Polygon","properties":{"CD_MUN":"2210201","NM_MUN":"São José do Piauí","SIGLA_UF":"PI"}},{"arcs":[[-5049,5065,5066,5067,5068,5069,-5051,5070,5071]],"type":"Polygon","properties":{"CD_MUN":"2205300","NM_MUN":"Jerumenha","SIGLA_UF":"PI"}},{"arcs":[[-5036,5072,5073,5074,-5059]],"type":"Polygon","properties":{"CD_MUN":"2204204","NM_MUN":"Francisco Santos","SIGLA_UF":"PI"}},{"arcs":[[-5035,5075,-5073]],"type":"Polygon","properties":{"CD_MUN":"2206506","NM_MUN":"Monsenhor Hipólito","SIGLA_UF":"PI"}},{"arcs":[[-5053,5076,5077,5078,5079,5080]],"type":"Polygon","properties":{"CD_MUN":"2200806","NM_MUN":"Antônio Almeida","SIGLA_UF":"PI"}},{"arcs":[[-5052,-5070,5081,-5077]],"type":"Polygon","properties":{"CD_MUN":"2206001","NM_MUN":"Marcos Parente","SIGLA_UF":"PI"}},{"arcs":[[-5057,-5065,5082,-5060,-5075,5083,5084,5085,5086]],"type":"Polygon","properties":{"CD_MUN":"2208007","NM_MUN":"Picos","SIGLA_UF":"PI"}},{"arcs":[[-5039,-5058,-5087,5087]],"type":"Polygon","properties":{"CD_MUN":"2203404","NM_MUN":"Dom Expedito Lopes","SIGLA_UF":"PI"}},{"arcs":[[-5069,5088,5089,-5078,-5082]],"type":"Polygon","properties":{"CD_MUN":"2205607","NM_MUN":"Landri Sales","SIGLA_UF":"PI"}},{"arcs":[[-5043,5090,-5062]],"type":"Polygon","properties":{"CD_MUN":"2209708","NM_MUN":"São Francisco do Piauí","SIGLA_UF":"PI"}},{"arcs":[[-5031,5091,5092,5093,5094]],"type":"Polygon","properties":{"CD_MUN":"2204303","NM_MUN":"Fronteiras","SIGLA_UF":"PI"}},{"arcs":[[-5040,-5088,-5086,5095,5096]],"type":"Polygon","properties":{"CD_MUN":"2209104","NM_MUN":"Santa Cruz do Piauí","SIGLA_UF":"PI"}},{"arcs":[[-5032,-5095,5097]],"type":"Polygon","properties":{"CD_MUN":"2210300","NM_MUN":"São Julião","SIGLA_UF":"PI"}},{"arcs":[[-5079,-5090,5098,5099,5100,5101,5102]],"type":"Polygon","properties":{"CD_MUN":"2211209","NM_MUN":"Uruçuí","SIGLA_UF":"PI"}},{"arcs":[[-5034,5103,5104,5105,5106,5107,-5084,-5074,-5076]],"type":"Polygon","properties":{"CD_MUN":"2205201","NM_MUN":"Jaicós","SIGLA_UF":"PI"}},{"arcs":[[-5033,-5098,-5094,5108,5109,-5104]],"type":"Polygon","properties":{"CD_MUN":"2207207","NM_MUN":"Padre Marcos","SIGLA_UF":"PI"}},{"arcs":[[-5048,5110,5111,5112,-5066]],"type":"Polygon","properties":{"CD_MUN":"2205102","NM_MUN":"Itaueira","SIGLA_UF":"PI"}},{"arcs":[[-5042,5113,5114,5115,5116,5117,5118,-5046,-5063,-5091]],"type":"Polygon","properties":{"CD_MUN":"2210102","NM_MUN":"São José do Peixe","SIGLA_UF":"PI"}},{"arcs":[[-5085,-5108,5119,5120,5121,-5096]],"type":"Polygon","properties":{"CD_MUN":"2205003","NM_MUN":"Itainópolis","SIGLA_UF":"PI"}},{"arcs":[[-5041,-5097,-5122,5122,5123,-5114]],"type":"Polygon","properties":{"CD_MUN":"2209500","NM_MUN":"Santo Inácio do Piauí","SIGLA_UF":"PI"}},{"arcs":[[-5068,5124,5125,-5099,-5089]],"type":"Polygon","properties":{"CD_MUN":"2201705","NM_MUN":"Bertolínia","SIGLA_UF":"PI"}},{"arcs":[[-5047,-5119,5126,5127,5128,-5111]],"type":"Polygon","properties":{"CD_MUN":"2203800","NM_MUN":"Flores do Piauí","SIGLA_UF":"PI"}},{"arcs":[[-5102,5129,5130,5131,5132,5133,5134,5135,5136,5137]],"type":"Polygon","properties":{"CD_MUN":"2208908","NM_MUN":"Ribeiro Gonçalves","SIGLA_UF":"PI"}},{"arcs":[[-5105,-5110,5138,5139,5140]],"type":"Polygon","properties":{"CD_MUN":"2210706","NM_MUN":"Simões","SIGLA_UF":"PI"}},{"arcs":[[-5116,5141,5142,5143]],"type":"Polygon","properties":{"CD_MUN":"2207306","NM_MUN":"Paes Landim","SIGLA_UF":"PI"}},{"arcs":[[-5115,-5124,5144,5145,5146,5147,-5142]],"type":"Polygon","properties":{"CD_MUN":"2210805","NM_MUN":"Simplício Mendes","SIGLA_UF":"PI"}},{"arcs":[[-5121,5148,-5145,-5123]],"type":"Polygon","properties":{"CD_MUN":"2202109","NM_MUN":"Campinas do Piauí","SIGLA_UF":"PI"}},{"arcs":[[-5118,5149,-5143,-5148,5150,5151,5152,5153,5154,-5127]],"type":"Polygon","properties":{"CD_MUN":"2210003","NM_MUN":"São João do Piauí","SIGLA_UF":"PI"}},{"arcs":[[-5112,-5129,5155,5156]],"type":"Polygon","properties":{"CD_MUN":"2209005","NM_MUN":"Rio Grande do Piauí","SIGLA_UF":"PI"}},{"arcs":[[-5107,5157,5158,-5146,-5149,-5120]],"type":"Polygon","properties":{"CD_MUN":"2204907","NM_MUN":"Isaías Coelho","SIGLA_UF":"PI"}},{"arcs":[[-5117,-5144,-5150]],"type":"Polygon","properties":{"CD_MUN":"2210904","NM_MUN":"Socorro do Piauí","SIGLA_UF":"PI"}},{"arcs":[[-5106,-5141,5159,5160,5161,-5152,5162,-5158]],"type":"Polygon","properties":{"CD_MUN":"2207801","NM_MUN":"Paulistana","SIGLA_UF":"PI"}},{"arcs":[[-5128,-5155,5163,5164,5165,5166,5167,-5156]],"type":"Polygon","properties":{"CD_MUN":"2202307","NM_MUN":"Canto do Buriti","SIGLA_UF":"PI"}},{"arcs":[[-5147,-5159,-5163,-5151]],"type":"Polygon","properties":{"CD_MUN":"2202802","NM_MUN":"Conceição do Canindé","SIGLA_UF":"PI"}},{"arcs":[[-5067,-5113,-5157,-5168,5168,5169,-5125]],"type":"Polygon","properties":{"CD_MUN":"2203602","NM_MUN":"Eliseu Martins","SIGLA_UF":"PI"}},{"arcs":[[-5100,-5126,-5170,5170,5171]],"type":"Polygon","properties":{"CD_MUN":"2205904","NM_MUN":"Manoel Emídio","SIGLA_UF":"PI"}},{"arcs":[[-5167,5172,5173,5174,-5171,-5169]],"type":"Polygon","properties":{"CD_MUN":"2203107","NM_MUN":"Cristino Castro","SIGLA_UF":"PI"}},{"arcs":[[-5101,-5172,-5175,5175,5176,-5130]],"type":"Polygon","properties":{"CD_MUN":"2207405","NM_MUN":"Palmeira do Piauí","SIGLA_UF":"PI"}},{"arcs":[[-5133,5177,5178,5179]],"type":"Polygon","properties":{"CD_MUN":"2209203","NM_MUN":"Santa Filomena","SIGLA_UF":"PI"}},{"arcs":[[-5131,-5177,5180,5181,5182,5183,5184,5185,5186]],"type":"Polygon","properties":{"CD_MUN":"2201903","NM_MUN":"Bom Jesus","SIGLA_UF":"PI"}},{"arcs":[[-5154,5187,5188,5189,5190,-5164]],"type":"Polygon","properties":{"CD_MUN":"2210607","NM_MUN":"São Raimundo Nonato","SIGLA_UF":"PI"}},{"arcs":[[-5166,5191,5192,5193,-5182,5194,-5173]],"type":"Polygon","properties":{"CD_MUN":"2202505","NM_MUN":"Caracol","SIGLA_UF":"PI"}},{"arcs":[[-5174,-5195,-5181,-5176]],"type":"Polygon","properties":{"CD_MUN":"2209302","NM_MUN":"Santa Luz","SIGLA_UF":"PI"}},{"arcs":[[-5165,-5191,5195,-5192]],"type":"Polygon","properties":{"CD_MUN":"2200707","NM_MUN":"Anísio de Abreu","SIGLA_UF":"PI"}},{"arcs":[[-5132,-5187,5196,5197,5198,5199,5200,-5178]],"type":"Polygon","properties":{"CD_MUN":"2204402","NM_MUN":"Gilbués","SIGLA_UF":"PI"}},{"arcs":[[-5185,5201,5202,5203]],"type":"Polygon","properties":{"CD_MUN":"2208700","NM_MUN":"Redenção do Gurguéia","SIGLA_UF":"PI"}},{"arcs":[[-5186,-5204,5204,-5197]],"type":"Polygon","properties":{"CD_MUN":"2206605","NM_MUN":"Monte Alegre do Piauí","SIGLA_UF":"PI"}},{"arcs":[[-5183,5205,5206,5207]],"type":"Polygon","properties":{"CD_MUN":"2201101","NM_MUN":"Avelino Lopes","SIGLA_UF":"PI"}},{"arcs":[[-5198,-5205,-5203,5208,5209,5210]],"type":"Polygon","properties":{"CD_MUN":"2207603","NM_MUN":"Parnaguá","SIGLA_UF":"PI"}},{"arcs":[[-5184,-5208,5211,5212,-5209,-5202]],"type":"Polygon","properties":{"CD_MUN":"2203206","NM_MUN":"Curimatá","SIGLA_UF":"PI"}},{"arcs":[[-5200,5213,5214,5215,5216]],"type":"Polygon","properties":{"CD_MUN":"2201309","NM_MUN":"Barreiras do Piauí","SIGLA_UF":"PI"}},{"arcs":[[-5199,-5211,5217,5218,5219,-5214]],"type":"Polygon","properties":{"CD_MUN":"2202901","NM_MUN":"Corrente","SIGLA_UF":"PI"}},{"arcs":[[-5219,5220,5221]],"type":"Polygon","properties":{"CD_MUN":"2203008","NM_MUN":"Cristalândia do Piauí","SIGLA_UF":"PI"}},{"arcs":[[5222,5223,5224,5225,5226,5227]],"type":"Polygon","properties":{"CD_MUN":"2607307","NM_MUN":"Ipubi","SIGLA_UF":"PE"}},{"arcs":[[-5093,5228,-5228,5229,5230,-5139,-5109]],"type":"Polygon","properties":{"CD_MUN":"2601102","NM_MUN":"Araripina","SIGLA_UF":"PE"}},{"arcs":[[5231,5232,5233,5234,5235]],"type":"Polygon","properties":{"CD_MUN":"2605301","NM_MUN":"Exu","SIGLA_UF":"PE"}},{"arcs":[[-5225,5236,5237,-5236,5238,5239,5240]],"type":"Polygon","properties":{"CD_MUN":"2602001","NM_MUN":"Bodocó","SIGLA_UF":"PE"}},{"arcs":[[5241,5242,5243,5244,5245]],"type":"Polygon","properties":{"CD_MUN":"2602506","NM_MUN":"Brejinho","SIGLA_UF":"PE"}},{"arcs":[[-5242,5246,5247,5248,5249,5250,5251]],"type":"Polygon","properties":{"CD_MUN":"2607703","NM_MUN":"Itapetim","SIGLA_UF":"PE"}},{"arcs":[[-5234,5252,5253,5254,5255,5256]],"type":"Polygon","properties":{"CD_MUN":"2614303","NM_MUN":"Moreilândia","SIGLA_UF":"PE"}},{"arcs":[[-5244,5257,5258,5259,5260]],"type":"Polygon","properties":{"CD_MUN":"2612802","NM_MUN":"Santa Terezinha","SIGLA_UF":"PE"}},{"arcs":[[-5243,-5252,5261,5262,5263,5264,5265,-5258]],"type":"Polygon","properties":{"CD_MUN":"2613602","NM_MUN":"São José do Egito","SIGLA_UF":"PE"}},{"arcs":[[-5259,-5266,5266,5267,5268,5269,5270]],"type":"Polygon","properties":{"CD_MUN":"2614600","NM_MUN":"Tabira","SIGLA_UF":"PE"}},{"arcs":[[5271,5272,5273,5274,5275,5276,5277,5278]],"type":"Polygon","properties":{"CD_MUN":"2607653","NM_MUN":"Itambé","SIGLA_UF":"PE"}},{"arcs":[[-5256,5279,5280,5281,5282,5283,5284]],"type":"Polygon","properties":{"CD_MUN":"2614006","NM_MUN":"Serrita","SIGLA_UF":"PE"}},{"arcs":[[-5279,5285,5286,5287]],"type":"Polygon","properties":{"CD_MUN":"2603603","NM_MUN":"Camutanga","SIGLA_UF":"PE"}},{"arcs":[[-5287,5288,5289,5290,5291,5292,5293,5294]],"type":"Polygon","properties":{"CD_MUN":"2615300","NM_MUN":"Timbaúba","SIGLA_UF":"PE"}},{"arcs":[[-5278,5295,-5289,-5286]],"type":"Polygon","properties":{"CD_MUN":"2605509","NM_MUN":"Ferreiros","SIGLA_UF":"PE"}},{"arcs":[[-5270,5296,5297,5298,5299]],"type":"Polygon","properties":{"CD_MUN":"2614402","NM_MUN":"Solidão","SIGLA_UF":"PE"}},{"arcs":[[-5293,5300,5301,5302]],"type":"Polygon","properties":{"CD_MUN":"2609006","NM_MUN":"Macaparana","SIGLA_UF":"PE"}},{"arcs":[[-5227,5303,-5230]],"type":"Polygon","properties":{"CD_MUN":"2615607","NM_MUN":"Trindade","SIGLA_UF":"PE"}},{"arcs":[[5304,5305,5306,5307,5308,5309]],"type":"Polygon","properties":{"CD_MUN":"2613503","NM_MUN":"São José do Belmonte","SIGLA_UF":"PE"}},{"arcs":[[-5235,-5257,-5285,5310,-5239]],"type":"Polygon","properties":{"CD_MUN":"2606309","NM_MUN":"Granito","SIGLA_UF":"PE"}},{"arcs":[[-5292,5311,5312,5313,5314,-5301]],"type":"Polygon","properties":{"CD_MUN":"2613800","NM_MUN":"São Vicente Ferrer","SIGLA_UF":"PE"}},{"arcs":[[-5277,5315,5316,5317,5318,-5290,-5296]],"type":"Polygon","properties":{"CD_MUN":"2600708","NM_MUN":"Aliança","SIGLA_UF":"PE"}},{"arcs":[[-5140,-5231,-5304,-5226,-5241,5319,5320,5321,-5160]],"type":"Polygon","properties":{"CD_MUN":"2609907","NM_MUN":"Ouricuri","SIGLA_UF":"PE"}},{"arcs":[[-5298,5322,5323,5324,5325,5326,5327]],"type":"Polygon","properties":{"CD_MUN":"2603900","NM_MUN":"Carnaíba","SIGLA_UF":"PE"}},{"arcs":[[-5269,5328,5329,-5323,-5297]],"type":"Polygon","properties":{"CD_MUN":"2600104","NM_MUN":"Afogados da Ingazeira","SIGLA_UF":"PE"}},{"arcs":[[-5264,5330,5331,5332,5333,5334]],"type":"Polygon","properties":{"CD_MUN":"2615904","NM_MUN":"Tuparetama","SIGLA_UF":"PE"}},{"arcs":[[-5265,-5335,5335,-5267]],"type":"Polygon","properties":{"CD_MUN":"2607109","NM_MUN":"Ingazeira","SIGLA_UF":"PE"}},{"arcs":[[-5276,5336,5337,5338,-5316]],"type":"Polygon","properties":{"CD_MUN":"2604601","NM_MUN":"Condado","SIGLA_UF":"PE"}},{"arcs":[[-5291,-5319,5339,5340,5341,5342,-5312]],"type":"Polygon","properties":{"CD_MUN":"2616308","NM_MUN":"Vicência","SIGLA_UF":"PE"}},{"arcs":[[-5306,5343,5344,5345,5346,5347,5348,5349,5350]],"type":"Polygon","properties":{"CD_MUN":"2613909","NM_MUN":"Serra Talhada","SIGLA_UF":"PE"}},{"arcs":[[-5338,5351,5352,5353]],"type":"Polygon","properties":{"CD_MUN":"2607802","NM_MUN":"Itaquitinga","SIGLA_UF":"PE"}},{"arcs":[[-5268,-5336,-5334,5354,5355,5356,-5329]],"type":"Polygon","properties":{"CD_MUN":"2606903","NM_MUN":"Iguaraci","SIGLA_UF":"PE"}},{"arcs":[[-5282,5357,5358,5359,5360,5361,5362,5363,5364]],"type":"Polygon","properties":{"CD_MUN":"2612208","NM_MUN":"Salgueiro","SIGLA_UF":"PE"}},{"arcs":[[-5314,5365,5366,5367,5368,5369]],"type":"Polygon","properties":{"CD_MUN":"2609709","NM_MUN":"Orobó","SIGLA_UF":"PE"}},{"arcs":[[-5313,-5343,5370,-5366]],"type":"Polygon","properties":{"CD_MUN":"2609105","NM_MUN":"Machados","SIGLA_UF":"PE"}},{"arcs":[[-5347,5371,5372,5373,5374]],"type":"Polygon","properties":{"CD_MUN":"2615706","NM_MUN":"Triunfo","SIGLA_UF":"PE"}},{"arcs":[[-5317,-5339,-5354,5375,5376,5377,5378]],"type":"Polygon","properties":{"CD_MUN":"2615508","NM_MUN":"Tracunhaém","SIGLA_UF":"PE"}},{"arcs":[[-5325,5379,5380,5381,-5374,5382]],"type":"Polygon","properties":{"CD_MUN":"2605608","NM_MUN":"Flores","SIGLA_UF":"PE"}},{"arcs":[[-5340,5383,5384,5385]],"type":"Polygon","properties":{"CD_MUN":"2602704","NM_MUN":"Buenos Aires","SIGLA_UF":"PE"}},{"arcs":[[-5318,-5379,5386,-5384]],"type":"Polygon","properties":{"CD_MUN":"2609501","NM_MUN":"Nazaré da Mata","SIGLA_UF":"PE"}},{"arcs":[[-5308,5387,-5360,5388]],"type":"Polygon","properties":{"CD_MUN":"2616100","NM_MUN":"Verdejante","SIGLA_UF":"PE"}},{"arcs":[[-5368,5389,5390,5391,5392,5393,5394,5395,5396]],"type":"Polygon","properties":{"CD_MUN":"2614501","NM_MUN":"Surubim","SIGLA_UF":"PE"}},{"arcs":[[-5341,-5386,5397,5398,5399,5400,5401,5402]],"type":"Polygon","properties":{"CD_MUN":"2608909","NM_MUN":"Limoeiro","SIGLA_UF":"PE"}},{"arcs":[[-5342,-5403,5403,-5390,-5367,-5371]],"type":"Polygon","properties":{"CD_MUN":"2602209","NM_MUN":"Bom Jardim","SIGLA_UF":"PE"}},{"arcs":[[-5240,-5311,-5284,5404,5405,5406,5407,-5320]],"type":"Polygon","properties":{"CD_MUN":"2610400","NM_MUN":"Parnamirim","SIGLA_UF":"PE"}},{"arcs":[[5408,5409,5410,5411,5412,5413,5414]],"type":"Polygon","properties":{"CD_MUN":"2615003","NM_MUN":"Taquaritinga do Norte","SIGLA_UF":"PE"}},{"arcs":[[-5396,5415,5416,5417]],"type":"Polygon","properties":{"CD_MUN":"2612703","NM_MUN":"Santa Maria do Cambucá","SIGLA_UF":"PE"}},{"arcs":[[-5413,5418,5419,5420,5421]],"type":"Polygon","properties":{"CD_MUN":"2612505","NM_MUN":"Santa Cruz do Capibaribe","SIGLA_UF":"PE"}},{"arcs":[[-5378,5422,5423,-5398,-5385,-5387]],"type":"Polygon","properties":{"CD_MUN":"2604007","NM_MUN":"Carpina","SIGLA_UF":"PE"}},{"arcs":[[-5410,5424,-5417,5425,5426,5427]],"type":"Polygon","properties":{"CD_MUN":"2616209","NM_MUN":"Vertentes","SIGLA_UF":"PE"}},{"arcs":[[-5348,-5375,-5382,5428]],"type":"Polygon","properties":{"CD_MUN":"2603405","NM_MUN":"Calumbi","SIGLA_UF":"PE"}},{"arcs":[[-5324,-5330,-5357,5429,5430,5431,5432,-5380]],"type":"Polygon","properties":{"CD_MUN":"2605103","NM_MUN":"Custódia","SIGLA_UF":"PE"}},{"arcs":[[-5391,-5404,-5402,5433]],"type":"Polygon","properties":{"CD_MUN":"2608107","NM_MUN":"João Alfredo","SIGLA_UF":"PE"}},{"arcs":[[-5377,5434,5435,5436,5437,5438,-5423]],"type":"Polygon","properties":{"CD_MUN":"2610608","NM_MUN":"Paudalho","SIGLA_UF":"PE"}},{"arcs":[[-5395,5439,5440,-5426,-5416]],"type":"Polygon","properties":{"CD_MUN":"2605806","NM_MUN":"Frei Miguelinho","SIGLA_UF":"PE"}},{"arcs":[[-5420,5441,5442,5443,5444,5445,5446,5447]],"type":"Polygon","properties":{"CD_MUN":"2608008","NM_MUN":"Jataúba","SIGLA_UF":"PE"}},{"arcs":[[-5356,5448,5449,5450,5451,5452,5453,-5430]],"type":"Polygon","properties":{"CD_MUN":"2614105","NM_MUN":"Sertânia","SIGLA_UF":"PE"}},{"arcs":[[-5412,5454,5455,5456,5457,5458,-5442,-5419]],"type":"Polygon","properties":{"CD_MUN":"2602605","NM_MUN":"Brejo da Madre de Deus","SIGLA_UF":"PE"}},{"arcs":[[-5392,-5434,-5401,5459]],"type":"Polygon","properties":{"CD_MUN":"2612109","NM_MUN":"Salgadinho","SIGLA_UF":"PE"}},{"arcs":[[-5307,-5351,5460,-5361,-5388]],"type":"Polygon","properties":{"CD_MUN":"2609303","NM_MUN":"Mirandiba","SIGLA_UF":"PE"}},{"arcs":[[-5424,-5439,5461,5462]],"type":"Polygon","properties":{"CD_MUN":"2608503","NM_MUN":"Lagoa do Itaenga","SIGLA_UF":"PE"}},{"arcs":[[-5399,-5463,5463,5464]],"type":"Polygon","properties":{"CD_MUN":"2605400","NM_MUN":"Feira Nova","SIGLA_UF":"PE"}},{"arcs":[[-5283,-5365,5465,-5405]],"type":"Polygon","properties":{"CD_MUN":"2615201","NM_MUN":"Terra Nova","SIGLA_UF":"PE"}},{"arcs":[[-5400,-5465,5466,5467,5468,5469,5470,-5460]],"type":"Polygon","properties":{"CD_MUN":"2610509","NM_MUN":"Passira","SIGLA_UF":"PE"}},{"arcs":[[-5393,-5471,5471,5472]],"type":"Polygon","properties":{"CD_MUN":"2604908","NM_MUN":"Cumaru","SIGLA_UF":"PE"}},{"arcs":[[-5411,-5428,5473,-5455]],"type":"Polygon","properties":{"CD_MUN":"2615409","NM_MUN":"Toritama","SIGLA_UF":"PE"}},{"arcs":[[-5436,5474,5475,5476,5477,5478,5479]],"type":"Polygon","properties":{"CD_MUN":"2613701","NM_MUN":"São Lourenço da Mata","SIGLA_UF":"PE"}},{"arcs":[[-5476,5480,5481,5482,5483]],"type":"Polygon","properties":{"CD_MUN":"2611606","NM_MUN":"Recife","SIGLA_UF":"PE"}},{"arcs":[[-5438,5484,5485,-5467,-5464,-5462]],"type":"Polygon","properties":{"CD_MUN":"2606101","NM_MUN":"Glória do Goitá","SIGLA_UF":"PE"}},{"arcs":[[-5427,-5441,5486,5487,5488,5489,5490,-5456,-5474]],"type":"Polygon","properties":{"CD_MUN":"2604106","NM_MUN":"Caruaru","SIGLA_UF":"PE"}},{"arcs":[[-5394,-5473,5491,-5487,-5440]],"type":"Polygon","properties":{"CD_MUN":"2611705","NM_MUN":"Riacho das Almas","SIGLA_UF":"PE"}},{"arcs":[[-5437,-5480,5492,-5485]],"type":"Polygon","properties":{"CD_MUN":"2604403","NM_MUN":"Chã de Alegria","SIGLA_UF":"PE"}},{"arcs":[[-5349,-5429,-5381,-5433,5493]],"type":"Polygon","properties":{"CD_MUN":"2601805","NM_MUN":"Betânia","SIGLA_UF":"PE"}},{"arcs":[[-5482,5494,5495]],"type":"Polygon","properties":{"CD_MUN":"2609600","NM_MUN":"Olinda","SIGLA_UF":"PE"}},{"arcs":[[-5364,5496,5497,5498,5499,-5406,-5466]],"type":"Polygon","properties":{"CD_MUN":"2603009","NM_MUN":"Cabrobó","SIGLA_UF":"PE"}},{"arcs":[[-5479,5500,5501,5502,5503,5504,-5486,-5493]],"type":"Polygon","properties":{"CD_MUN":"2616407","NM_MUN":"Vitória de Santo Antão","SIGLA_UF":"PE"}},{"arcs":[[-5469,5505,5506,5507,5508,5509,5510]],"type":"Polygon","properties":{"CD_MUN":"2606408","NM_MUN":"Gravatá","SIGLA_UF":"PE"}},{"arcs":[[-5477,-5484,5511,5512,5513]],"type":"Polygon","properties":{"CD_MUN":"2607901","NM_MUN":"Jaboatão dos Guararapes","SIGLA_UF":"PE"}},{"arcs":[[-5468,-5505,5514,5515,-5506]],"type":"Polygon","properties":{"CD_MUN":"2611309","NM_MUN":"Pombos","SIGLA_UF":"PE"}},{"arcs":[[-5444,5516,5517]],"type":"Polygon","properties":{"CD_MUN":"2611200","NM_MUN":"Poção","SIGLA_UF":"PE"}},{"arcs":[[-5478,-5514,5518,-5501]],"type":"Polygon","properties":{"CD_MUN":"2609402","NM_MUN":"Moreno","SIGLA_UF":"PE"}},{"arcs":[[-5407,-5500,5519,5520]],"type":"Polygon","properties":{"CD_MUN":"2609808","NM_MUN":"Orocó","SIGLA_UF":"PE"}},{"arcs":[[-5443,-5459,5521,5522,5523,5524]],"type":"Polygon","properties":{"CD_MUN":"2601706","NM_MUN":"Belo Jardim","SIGLA_UF":"PE"}},{"arcs":[[-5470,-5511,5525,5526,5527,5528,-5488,-5492,-5472]],"type":"Polygon","properties":{"CD_MUN":"2601904","NM_MUN":"Bezerros","SIGLA_UF":"PE"}},{"arcs":[[-5161,-5322,5529,5530,5531,5532]],"type":"Polygon","properties":{"CD_MUN":"2611101","NM_MUN":"Petrolina","SIGLA_UF":"PE"}},{"arcs":[[-5350,-5494,-5432,5533,5534,5535,5536,5537,5538,5539,-5362,-5461]],"type":"Polygon","properties":{"CD_MUN":"2605707","NM_MUN":"Floresta","SIGLA_UF":"PE"}},{"arcs":[[-5517,-5525,5540,5541,5542,5543,5544,5545,5546,5547]],"type":"Polygon","properties":{"CD_MUN":"2610905","NM_MUN":"Pesqueira","SIGLA_UF":"PE"}},{"arcs":[[-5162,-5533,5548]],"type":"Polygon","properties":{"CD_MUN":"2600203","NM_MUN":"Afrânio","SIGLA_UF":"PE"}},{"arcs":[[-5321,-5408,-5521,5549,5550,-5530]],"type":"Polygon","properties":{"CD_MUN":"2612604","NM_MUN":"Santa Maria da Boa Vista","SIGLA_UF":"PE"}},{"arcs":[[-5457,-5491,5551,5552,5553]],"type":"Polygon","properties":{"CD_MUN":"2613107","NM_MUN":"São Caitano","SIGLA_UF":"PE"}},{"arcs":[[-5507,-5516,5554]],"type":"Polygon","properties":{"CD_MUN":"2604502","NM_MUN":"Chã Grande","SIGLA_UF":"PE"}},{"arcs":[[-5524,5555,-5541]],"type":"Polygon","properties":{"CD_MUN":"2612406","NM_MUN":"Sanharó","SIGLA_UF":"PE"}},{"arcs":[[-5363,-5540,5556,5557,5558,5559,-5497]],"type":"Polygon","properties":{"CD_MUN":"2601607","NM_MUN":"Belém de São Francisco","SIGLA_UF":"PE"}},{"arcs":[[-5458,-5554,5560,-5522]],"type":"Polygon","properties":{"CD_MUN":"2614709","NM_MUN":"Tacaimbó","SIGLA_UF":"PE"}},{"arcs":[[-5510,5561,5562,5563,-5526]],"type":"Polygon","properties":{"CD_MUN":"2612000","NM_MUN":"Sairé","SIGLA_UF":"PE"}},{"arcs":[[-5502,-5519,-5513,5564,5565,5566]],"type":"Polygon","properties":{"CD_MUN":"2602902","NM_MUN":"Cabo de Santo Agostinho","SIGLA_UF":"PE"}},{"arcs":[[-5451,5567,5568,-5547,5569,5570]],"type":"Polygon","properties":{"CD_MUN":"2601201","NM_MUN":"Arcoverde","SIGLA_UF":"PE"}},{"arcs":[[-5431,-5454,5571,5572,-5534]],"type":"Polygon","properties":{"CD_MUN":"2606606","NM_MUN":"Ibimirim","SIGLA_UF":"PE"}},{"arcs":[[-5503,-5567,5573,5574,5575,5576]],"type":"Polygon","properties":{"CD_MUN":"2605202","NM_MUN":"Escada","SIGLA_UF":"PE"}},{"arcs":[[-5508,-5555,5577,5578,5579,5580]],"type":"Polygon","properties":{"CD_MUN":"2600906","NM_MUN":"Amaraji","SIGLA_UF":"PE"}},{"arcs":[[-5504,-5577,5581,-5578,-5515]],"type":"Polygon","properties":{"CD_MUN":"2611408","NM_MUN":"Primavera","SIGLA_UF":"PE"}},{"arcs":[[-5527,-5564,5582,5583]],"type":"Polygon","properties":{"CD_MUN":"2603504","NM_MUN":"Camocim de São Félix","SIGLA_UF":"PE"}},{"arcs":[[-5453,5584,5585,-5572]],"type":"Polygon","properties":{"CD_MUN":"2615805","NM_MUN":"Tupanatinga","SIGLA_UF":"PE"}},{"arcs":[[-5566,5586,5587,-5574]],"type":"Polygon","properties":{"CD_MUN":"2607208","NM_MUN":"Ipojuca","SIGLA_UF":"PE"}},{"arcs":[[-5452,-5571,5588,5589,5590,-5585]],"type":"Polygon","properties":{"CD_MUN":"2602803","NM_MUN":"Buíque","SIGLA_UF":"PE"}},{"arcs":[[-5489,-5529,5591,5592,5593]],"type":"Polygon","properties":{"CD_MUN":"2600302","NM_MUN":"Agrestina","SIGLA_UF":"PE"}},{"arcs":[[-5490,-5594,5594,5595,5596,5597,-5552]],"type":"Polygon","properties":{"CD_MUN":"2600807","NM_MUN":"Altinho","SIGLA_UF":"PE"}},{"arcs":[[-5523,5598,5599,5600,5601,-5542,-5556]],"type":"Polygon","properties":{"CD_MUN":"2613008","NM_MUN":"São Bento do Una","SIGLA_UF":"PE"}},{"arcs":[[-5553,-5598,5602,5603,-5599,-5561]],"type":"Polygon","properties":{"CD_MUN":"2603108","NM_MUN":"Cachoeirinha","SIGLA_UF":"PE"}},{"arcs":[[-5509,-5581,5604,5605,-5562]],"type":"Polygon","properties":{"CD_MUN":"2601300","NM_MUN":"Barra de Guabiraba","SIGLA_UF":"PE"}},{"arcs":[[-5528,-5584,5606,5607,5608,-5592]],"type":"Polygon","properties":{"CD_MUN":"2613305","NM_MUN":"São Joaquim do Monte","SIGLA_UF":"PE"}},{"arcs":[[-5580,5609,5610,5611,-5605]],"type":"Polygon","properties":{"CD_MUN":"2604809","NM_MUN":"Cortês","SIGLA_UF":"PE"}},{"arcs":[[-5545,5612]],"type":"Polygon","properties":{"CD_MUN":"2600609","NM_MUN":"Alagoinha","SIGLA_UF":"PE"}},{"arcs":[[-5546,5613,5614,5615,5616,-5589,-5570]],"type":"Polygon","properties":{"CD_MUN":"2610806","NM_MUN":"Pedra","SIGLA_UF":"PE"}},{"arcs":[[-5563,-5606,-5612,5617,5618,5619,5620,-5607,-5583]],"type":"Polygon","properties":{"CD_MUN":"2602308","NM_MUN":"Bonito","SIGLA_UF":"PE"}},{"arcs":[[-5544,5621,-5614,-5613]],"type":"Polygon","properties":{"CD_MUN":"2616001","NM_MUN":"Venturosa","SIGLA_UF":"PE"}},{"arcs":[[-5576,5622,5623,5624,5625,-5610,-5579,-5582]],"type":"Polygon","properties":{"CD_MUN":"2611804","NM_MUN":"Ribeirão","SIGLA_UF":"PE"}},{"arcs":[[-5611,-5626,5626,5627,-5618]],"type":"Polygon","properties":{"CD_MUN":"2608206","NM_MUN":"Joaquim Nabuco","SIGLA_UF":"PE"}},{"arcs":[[-5575,-5588,5628,5629,-5623]],"type":"Polygon","properties":{"CD_MUN":"2614204","NM_MUN":"Sirinhaém","SIGLA_UF":"PE"}},{"arcs":[[-5539,5630,-5557]],"type":"Polygon","properties":{"CD_MUN":"2607406","NM_MUN":"Itacuruba","SIGLA_UF":"PE"}},{"arcs":[[-5535,-5573,5631,5632,5633]],"type":"Polygon","properties":{"CD_MUN":"2607000","NM_MUN":"Inajá","SIGLA_UF":"PE"}},{"arcs":[[-5543,-5602,5634,5635,5636]],"type":"Polygon","properties":{"CD_MUN":"2603801","NM_MUN":"Capoeiras","SIGLA_UF":"PE"}},{"arcs":[[-5596,5637,5638,5639,5640,5641,5642]],"type":"Polygon","properties":{"CD_MUN":"2610202","NM_MUN":"Panelas","SIGLA_UF":"PE"}},{"arcs":[[-5597,-5643,5643,5644,-5603]],"type":"Polygon","properties":{"CD_MUN":"2606705","NM_MUN":"Ibirajuba","SIGLA_UF":"PE"}},{"arcs":[[-5625,5645,5646,5647,5648,5649,5650,5651,5652,5653,-5627]],"type":"Polygon","properties":{"CD_MUN":"2600401","NM_MUN":"Água Preta","SIGLA_UF":"PE"}},{"arcs":[[-5608,-5621,5654,5655,5656]],"type":"Polygon","properties":{"CD_MUN":"2601508","NM_MUN":"Belém de Maria","SIGLA_UF":"PE"}},{"arcs":[[-5619,-5628,-5654,5657]],"type":"Polygon","properties":{"CD_MUN":"2610004","NM_MUN":"Palmares","SIGLA_UF":"PE"}},{"arcs":[[-5593,-5609,-5657,5658,-5638,-5595]],"type":"Polygon","properties":{"CD_MUN":"2605004","NM_MUN":"Cupira","SIGLA_UF":"PE"}},{"arcs":[[-5624,5659,-5646]],"type":"Polygon","properties":{"CD_MUN":"2605905","NM_MUN":"Gameleira","SIGLA_UF":"PE"}},{"arcs":[[-5600,-5604,-5645,5660,5661]],"type":"Polygon","properties":{"CD_MUN":"2608800","NM_MUN":"Lajedo","SIGLA_UF":"PE"}},{"arcs":[[-5536,-5634,5662,5663,5664]],"type":"Polygon","properties":{"CD_MUN":"2614808","NM_MUN":"Tacaratu","SIGLA_UF":"PE"}},{"arcs":[[-5537,-5665,5665,5666,5667,5668]],"type":"Polygon","properties":{"CD_MUN":"2611002","NM_MUN":"Petrolândia","SIGLA_UF":"PE"}},{"arcs":[[-5620,-5658,5669,-5655]],"type":"Polygon","properties":{"CD_MUN":"2604205","NM_MUN":"Catende","SIGLA_UF":"PE"}},{"arcs":[[-5639,-5659,-5656,5670,5671]],"type":"Polygon","properties":{"CD_MUN":"2608701","NM_MUN":"Lagoa dos Gatos","SIGLA_UF":"PE"}},{"arcs":[[-5601,5672,5673,5674,5675,-5635]],"type":"Polygon","properties":{"CD_MUN":"2608305","NM_MUN":"Jupi","SIGLA_UF":"PE"}},{"arcs":[[-5662,5676,-5673]],"type":"Polygon","properties":{"CD_MUN":"2603306","NM_MUN":"Calçado","SIGLA_UF":"PE"}},{"arcs":[[-5630,5677,5678,-5647,-5660]],"type":"Polygon","properties":{"CD_MUN":"2611903","NM_MUN":"Rio Formoso","SIGLA_UF":"PE"}},{"arcs":[[-5615,-5622,-5637,5679,5680]],"type":"Polygon","properties":{"CD_MUN":"2603207","NM_MUN":"Caetés","SIGLA_UF":"PE"}},{"arcs":[[-5642,5681,5682,-5644]],"type":"Polygon","properties":{"CD_MUN":"2608404","NM_MUN":"Jurema","SIGLA_UF":"PE"}},{"arcs":[[-5653,5683,5684,5685,-5671,-5670]],"type":"Polygon","properties":{"CD_MUN":"2609204","NM_MUN":"Maraial","SIGLA_UF":"PE"}},{"arcs":[[-5640,-5672,-5686,5686,5687]],"type":"Polygon","properties":{"CD_MUN":"2612901","NM_MUN":"São Benedito do Sul","SIGLA_UF":"PE"}},{"arcs":[[-5661,-5683,5688,5689,5690,5691,-5677]],"type":"Polygon","properties":{"CD_MUN":"2603702","NM_MUN":"Canhotinho","SIGLA_UF":"PE"}},{"arcs":[[-5586,-5591,5692,5693,5694,5695,5696,5697,-5632]],"type":"Polygon","properties":{"CD_MUN":"2607505","NM_MUN":"Itaíba","SIGLA_UF":"PE"}},{"arcs":[[-5641,-5688,5698,5699,-5689,-5682]],"type":"Polygon","properties":{"CD_MUN":"2611507","NM_MUN":"Quipapá","SIGLA_UF":"PE"}},{"arcs":[[-5636,-5676,5700,5701,5702,5703,5704,5705,5706,5707,-5680]],"type":"Polygon","properties":{"CD_MUN":"2606002","NM_MUN":"Garanhuns","SIGLA_UF":"PE"}},{"arcs":[[-5675,5708,-5701]],"type":"Polygon","properties":{"CD_MUN":"2613206","NM_MUN":"São João","SIGLA_UF":"PE"}},{"arcs":[[-5674,-5692,5709,-5709]],"type":"Polygon","properties":{"CD_MUN":"2601003","NM_MUN":"Angelim","SIGLA_UF":"PE"}},{"arcs":[[-5648,-5679,5710,5711,5712,5713]],"type":"Polygon","properties":{"CD_MUN":"2601409","NM_MUN":"Barreiros","SIGLA_UF":"PE"}},{"arcs":[[-5616,-5681,-5708,5714]],"type":"Polygon","properties":{"CD_MUN":"2610301","NM_MUN":"Paranatama","SIGLA_UF":"PE"}},{"arcs":[[-5590,-5617,5715,5716,5717,5718,5719,-5693]],"type":"Polygon","properties":{"CD_MUN":"2600500","NM_MUN":"Águas Belas","SIGLA_UF":"PE"}},{"arcs":[[-5707,5720,5721,5722,-5716,-5715]],"type":"Polygon","properties":{"CD_MUN":"2612307","NM_MUN":"Saloá","SIGLA_UF":"PE"}},{"arcs":[[-5717,-5723,5723,5724,5725,5726]],"type":"Polygon","properties":{"CD_MUN":"2606507","NM_MUN":"Iati","SIGLA_UF":"PE"}},{"arcs":[[-5712,5727,5728]],"type":"Polygon","properties":{"CD_MUN":"2613404","NM_MUN":"São José da Coroa Grande","SIGLA_UF":"PE"}},{"arcs":[[-5691,5729,5730,5731,-5702,-5710]],"type":"Polygon","properties":{"CD_MUN":"2610103","NM_MUN":"Palmeirina","SIGLA_UF":"PE"}},{"arcs":[[-5705,5732,5733]],"type":"Polygon","properties":{"CD_MUN":"2602407","NM_MUN":"Brejão","SIGLA_UF":"PE"}},{"arcs":[[-5706,-5734,5734,-5721]],"type":"Polygon","properties":{"CD_MUN":"2615102","NM_MUN":"Terezinha","SIGLA_UF":"PE"}},{"arcs":[[-5722,-5735,5735,5736,5737,5738,-5724]],"type":"Polygon","properties":{"CD_MUN":"2602100","NM_MUN":"Bom Conselho","SIGLA_UF":"PE"}},{"arcs":[[-5703,-5732,5739,5740,5741]],"type":"Polygon","properties":{"CD_MUN":"2604700","NM_MUN":"Correntes","SIGLA_UF":"PE"}},{"arcs":[[-5704,-5742,5742,5743,-5736,-5733]],"type":"Polygon","properties":{"CD_MUN":"2608602","NM_MUN":"Lagoa do Ouro","SIGLA_UF":"PE"}},{"arcs":[[-5281,5744,5745,-5358]],"type":"Polygon","properties":{"CD_MUN":"2604304","NM_MUN":"Cedro","SIGLA_UF":"PE"}},{"arcs":[[-5275,5746,5747,5748,5749,5750,5751,-5352,-5337]],"type":"Polygon","properties":{"CD_MUN":"2606200","NM_MUN":"Goiana","SIGLA_UF":"PE"}},{"arcs":[[-3457,-3506,-3646,5752,5753,-3539,-3569]],"type":"Polygon","properties":{"CD_MUN":"2502003","NM_MUN":"Belém do Brejo do Cruz","SIGLA_UF":"PB"}},{"arcs":[[-3540,-5754,5754,5755,5756,5757,-3687,-3678,-3594]],"type":"Polygon","properties":{"CD_MUN":"2504306","NM_MUN":"Catolé do Rocha","SIGLA_UF":"PB"}},{"arcs":[[-3645,5758,5759,-5755,-5753]],"type":"Polygon","properties":{"CD_MUN":"2502805","NM_MUN":"Brejo do Cruz","SIGLA_UF":"PB"}},{"arcs":[[-3608,-3710,-3731,5760,5761,5762,5763]],"type":"Polygon","properties":{"CD_MUN":"2516904","NM_MUN":"Uiraúna","SIGLA_UF":"PB"}},{"arcs":[[-3627,-3654,-3721,-3750,5764,5765,5766,5767,-3767,5768]],"type":"Polygon","properties":{"CD_MUN":"2511400","NM_MUN":"Picuí","SIGLA_UF":"PB"}},{"arcs":[[-3688,-5758,5769,5770]],"type":"Polygon","properties":{"CD_MUN":"2502904","NM_MUN":"Brejo dos Santos","SIGLA_UF":"PB"}},{"arcs":[[-3628,-5769,-3766,-3712]],"type":"Polygon","properties":{"CD_MUN":"2506202","NM_MUN":"Frei Martinho","SIGLA_UF":"PB"}},{"arcs":[[-5756,-5760,5771,5772,5773]],"type":"Polygon","properties":{"CD_MUN":"2512804","NM_MUN":"Riacho dos Cavalos","SIGLA_UF":"PB"}},{"arcs":[[-3689,-5771,5774,5775,5776]],"type":"Polygon","properties":{"CD_MUN":"2502300","NM_MUN":"Bom Sucesso","SIGLA_UF":"PB"}},{"arcs":[[-3644,-3756,5777,-5772,-5759]],"type":"Polygon","properties":{"CD_MUN":"2513901","NM_MUN":"São Bento","SIGLA_UF":"PB"}},{"arcs":[[-5763,5778,5779,5780,5781]],"type":"Polygon","properties":{"CD_MUN":"2516805","NM_MUN":"Triunfo","SIGLA_UF":"PB"}},{"arcs":[[-3690,-5777,5782,5783,5784,5785,-3726]],"type":"Polygon","properties":{"CD_MUN":"2513208","NM_MUN":"Santa Cruz","SIGLA_UF":"PB"}},{"arcs":[[-5757,-5774,5786,5787,-5775,-5770]],"type":"Polygon","properties":{"CD_MUN":"2507408","NM_MUN":"Jericó","SIGLA_UF":"PB"}},{"arcs":[[-3727,-5786,5788]],"type":"Polygon","properties":{"CD_MUN":"2508406","NM_MUN":"Lastro","SIGLA_UF":"PB"}},{"arcs":[[-3724,-3747,5789,5790,5791,-5766,5792,-3748]],"type":"Polygon","properties":{"CD_MUN":"2505105","NM_MUN":"Cuité","SIGLA_UF":"PB"}},{"arcs":[[-3728,-5789,-5785,5793,5794,5795,5796,-5761,-3730]],"type":"Polygon","properties":{"CD_MUN":"2516201","NM_MUN":"Sousa","SIGLA_UF":"PB"}},{"arcs":[[-3749,-5793,-5765]],"type":"Polygon","properties":{"CD_MUN":"2510105","NM_MUN":"Nova Floresta","SIGLA_UF":"PB"}},{"arcs":[[-5762,-5797,5797,5798,5799,-5779]],"type":"Polygon","properties":{"CD_MUN":"2500700","NM_MUN":"São João do Rio do Peixe","SIGLA_UF":"PB"}},{"arcs":[[-3743,-3771,5800,5801,5802,-3751]],"type":"Polygon","properties":{"CD_MUN":"2501005","NM_MUN":"Araruna","SIGLA_UF":"PB"}},{"arcs":[[-3755,5803,5804,5805,5806,5807,-5787,-5773,-5778]],"type":"Polygon","properties":{"CD_MUN":"2510907","NM_MUN":"Paulista","SIGLA_UF":"PB"}},{"arcs":[[-3764,5808,5809,5810,-5801,-3770]],"type":"Polygon","properties":{"CD_MUN":"2516409","NM_MUN":"Campo de Santana","SIGLA_UF":"PB"}},{"arcs":[[-5776,-5788,-5808,5811,-5783]],"type":"Polygon","properties":{"CD_MUN":"2508109","NM_MUN":"Lagoa","SIGLA_UF":"PB"}},{"arcs":[[-3746,-5803,5812,5813,5814,-5790]],"type":"Polygon","properties":{"CD_MUN":"2503506","NM_MUN":"Cacimba de Dentro","SIGLA_UF":"PB"}},{"arcs":[[-3763,5815,5816,5817,5818,-5809]],"type":"Polygon","properties":{"CD_MUN":"2503605","NM_MUN":"Caiçara","SIGLA_UF":"PB"}},{"arcs":[[-3740,5819,5820,5821,5822]],"type":"Polygon","properties":{"CD_MUN":"2509305","NM_MUN":"Mataraca","SIGLA_UF":"PB"}},{"arcs":[[-5791,-5815,5823,5824,5825,5826,5827,5828]],"type":"Polygon","properties":{"CD_MUN":"2501609","NM_MUN":"Barra de Santa Rosa","SIGLA_UF":"PB"}},{"arcs":[[-3734,-5823,5829,5830,5831,5832,5833,5834,5835,5836,5837,-3757]],"type":"Polygon","properties":{"CD_MUN":"2508901","NM_MUN":"Mamanguape","SIGLA_UF":"PB"}},{"arcs":[[-3758,-5838,5838,-5816,-3762,-3772]],"type":"Polygon","properties":{"CD_MUN":"2507309","NM_MUN":"Jacaraú","SIGLA_UF":"PB"}},{"arcs":[[-5780,-5800,5839,5840,5841,5842,5843]],"type":"Polygon","properties":{"CD_MUN":"2513307","NM_MUN":"Santa Helena","SIGLA_UF":"PB"}},{"arcs":[[-5784,-5812,-5807,5844,5845,5846,5847,5848,-5794]],"type":"Polygon","properties":{"CD_MUN":"2512101","NM_MUN":"Pombal","SIGLA_UF":"PB"}},{"arcs":[[-5802,-5811,5849,5850,-5813]],"type":"Polygon","properties":{"CD_MUN":"2505709","NM_MUN":"Dona Inês","SIGLA_UF":"PB"}},{"arcs":[[-3768,-5768,5851,-3780]],"type":"Polygon","properties":{"CD_MUN":"2510303","NM_MUN":"Nova Palmeira","SIGLA_UF":"PB"}},{"arcs":[[-5810,-5819,5852,5853,5854,5855,-5850]],"type":"Polygon","properties":{"CD_MUN":"2501500","NM_MUN":"Bananeiras","SIGLA_UF":"PB"}},{"arcs":[[-5822,5856,5857,5858,5859,-5830]],"type":"Polygon","properties":{"CD_MUN":"2512903","NM_MUN":"Rio Tinto","SIGLA_UF":"PB"}},{"arcs":[[-5821,5860,-5857]],"type":"Polygon","properties":{"CD_MUN":"2501401","NM_MUN":"Baía da Traição","SIGLA_UF":"PB"}},{"arcs":[[-3754,-3787,-3791,5861,5862,5863,5864,-5804]],"type":"Polygon","properties":{"CD_MUN":"2514404","NM_MUN":"São José de Espinharas","SIGLA_UF":"PB"}},{"arcs":[[-5817,-5839,-5837,5865,5866]],"type":"Polygon","properties":{"CD_MUN":"2508208","NM_MUN":"Lagoa de Dentro","SIGLA_UF":"PB"}},{"arcs":[[-5814,-5851,-5856,5867,5868,5869,5870,-5824]],"type":"Polygon","properties":{"CD_MUN":"2516003","NM_MUN":"Solânea","SIGLA_UF":"PB"}},{"arcs":[[-5805,-5865,5871,5872]],"type":"Polygon","properties":{"CD_MUN":"2505501","NM_MUN":"Desterro de Malta","SIGLA_UF":"PB"}},{"arcs":[[-3781,-5852,-5767,-5792,-5829,5873,5874,5875]],"type":"Polygon","properties":{"CD_MUN":"2511103","NM_MUN":"Pedra Lavrada","SIGLA_UF":"PB"}},{"arcs":[[-5806,-5873,5876,5877,-5845]],"type":"Polygon","properties":{"CD_MUN":"2504504","NM_MUN":"Condado","SIGLA_UF":"PB"}},{"arcs":[[-5818,5878,5879,5880,-5853]],"type":"Polygon","properties":{"CD_MUN":"2501906","NM_MUN":"Belém","SIGLA_UF":"PB"}},{"arcs":[[-3666,-3779,5881,5882,-3789,-3785]],"type":"Polygon","properties":{"CD_MUN":"2517100","NM_MUN":"Várzea","SIGLA_UF":"PB"}},{"arcs":[[-5867,5883,-5879]],"type":"Polygon","properties":{"CD_MUN":"2515609","NM_MUN":"Serra da Raiz","SIGLA_UF":"PB"}},{"arcs":[[-5841,5884,5885,5886]],"type":"Polygon","properties":{"CD_MUN":"2502201","NM_MUN":"Bom Jesus","SIGLA_UF":"PB"}},{"arcs":[[-3777,-3788,-3783,-3795,5887]],"type":"Polygon","properties":{"CD_MUN":"2514701","NM_MUN":"São José do Sabugi","SIGLA_UF":"PB"}},{"arcs":[[-5836,5888,5889,-5884,-5866]],"type":"Polygon","properties":{"CD_MUN":"2505808","NM_MUN":"Duas Estradas","SIGLA_UF":"PB"}},{"arcs":[[-5799,5890,5891,5892,-5885,-5840]],"type":"Polygon","properties":{"CD_MUN":"2503704","NM_MUN":"Cajazeiras","SIGLA_UF":"PB"}},{"arcs":[[-5864,5893,5894,-5877,-5872]],"type":"Polygon","properties":{"CD_MUN":"2508802","NM_MUN":"Malta","SIGLA_UF":"PB"}},{"arcs":[[-5825,-5871,5895,5896,5897,5898,5899]],"type":"Polygon","properties":{"CD_MUN":"2512705","NM_MUN":"Remígio","SIGLA_UF":"PB"}},{"arcs":[[-3778,-5888,-3794,5900,5901,5902,5903,-5882]],"type":"Polygon","properties":{"CD_MUN":"2513406","NM_MUN":"Santa Luzia","SIGLA_UF":"PB"}},{"arcs":[[-5886,-5893,5904,5905,5906,5907]],"type":"Polygon","properties":{"CD_MUN":"2503308","NM_MUN":"Cachoeira dos Índios","SIGLA_UF":"PB"}},{"arcs":[[-3790,-5883,-5904,5908,5909,5910,-5862]],"type":"Polygon","properties":{"CD_MUN":"2514909","NM_MUN":"São Mamede","SIGLA_UF":"PB"}},{"arcs":[[-5796,5911,5912,5913,5914,-5891,-5798]],"type":"Polygon","properties":{"CD_MUN":"2510006","NM_MUN":"Nazarezinho","SIGLA_UF":"PB"}},{"arcs":[[-5880,-5890,5915,5916,5917]],"type":"Polygon","properties":{"CD_MUN":"2511806","NM_MUN":"Pirpirituba","SIGLA_UF":"PB"}},{"arcs":[[-5854,-5881,-5918,5918,5919,5920,5921,5922,5923,-5869,5924]],"type":"Polygon","properties":{"CD_MUN":"2515906","NM_MUN":"Serraria","SIGLA_UF":"PB"}},{"arcs":[[-5828,5925,5926,5927,-5874]],"type":"Polygon","properties":{"CD_MUN":"2505006","NM_MUN":"Cubati","SIGLA_UF":"PB"}},{"arcs":[[-5834,5928]],"type":"Polygon","properties":{"CD_MUN":"2507101","NM_MUN":"Itapororoca","SIGLA_UF":"PB"}},{"arcs":[[-5833,5929,5930,5931,-5916,-5889,-5835,-5929]],"type":"Polygon","properties":{"CD_MUN":"2500809","NM_MUN":"Araçagi","SIGLA_UF":"PB"}},{"arcs":[[-5855,-5925,-5868]],"type":"Polygon","properties":{"CD_MUN":"2502706","NM_MUN":"Borborema","SIGLA_UF":"PB"}},{"arcs":[[-5795,-5849,5932,5933,-5912]],"type":"Polygon","properties":{"CD_MUN":"2514206","NM_MUN":"São José da Lagoa Tapada","SIGLA_UF":"PB"}},{"arcs":[[-5870,-5924,-5896]],"type":"Polygon","properties":{"CD_MUN":"2500908","NM_MUN":"Arara","SIGLA_UF":"PB"}},{"arcs":[[-5875,-5928,5934,5935]],"type":"Polygon","properties":{"CD_MUN":"2515401","NM_MUN":"Seridó","SIGLA_UF":"PB"}},{"arcs":[[-3792,-5876,-5936,5936,5937,5938,5939,5940]],"type":"Polygon","properties":{"CD_MUN":"2507705","NM_MUN":"Juazeirinho","SIGLA_UF":"PB"}},{"arcs":[[-5917,-5932,5941,5942,5943,-5919]],"type":"Polygon","properties":{"CD_MUN":"2506301","NM_MUN":"Guarabira","SIGLA_UF":"PB"}},{"arcs":[[-5922,5944,5945,5946]],"type":"Polygon","properties":{"CD_MUN":"2511608","NM_MUN":"Pilões","SIGLA_UF":"PB"}},{"arcs":[[-5827,5947,5948,-5926]],"type":"Polygon","properties":{"CD_MUN":"2510501","NM_MUN":"Olivedos","SIGLA_UF":"PB"}},{"arcs":[[-5848,5949,5950,5951,-5933]],"type":"Polygon","properties":{"CD_MUN":"2504801","NM_MUN":"Coremas","SIGLA_UF":"PB"}},{"arcs":[[-5863,-5911,5952,5953,5954,5955,5956,-5894]],"type":"Polygon","properties":{"CD_MUN":"2510808","NM_MUN":"Patos","SIGLA_UF":"PB"}},{"arcs":[[-5921,5957,-5945]],"type":"Polygon","properties":{"CD_MUN":"2511707","NM_MUN":"Pilõezinhos","SIGLA_UF":"PB"}},{"arcs":[[-5899,5958,5959,5960,5961,5962,5963]],"type":"Polygon","properties":{"CD_MUN":"2506004","NM_MUN":"Esperança","SIGLA_UF":"PB"}},{"arcs":[[-5920,-5944,5964,-5946,-5958]],"type":"Polygon","properties":{"CD_MUN":"2505204","NM_MUN":"Cuitegi","SIGLA_UF":"PB"}},{"arcs":[[-5826,-5900,-5964,5965,5966,5967,5968,5969,-5948]],"type":"Polygon","properties":{"CD_MUN":"2512002","NM_MUN":"Pocinhos","SIGLA_UF":"PB"}},{"arcs":[[-5897,-5923,-5947,5970,5971,5972]],"type":"Polygon","properties":{"CD_MUN":"2501104","NM_MUN":"Areia","SIGLA_UF":"PB"}},{"arcs":[[-3793,-5941,5973,-5901]],"type":"Polygon","properties":{"CD_MUN":"2507804","NM_MUN":"Junco do Seridó","SIGLA_UF":"PB"}},{"arcs":[[-5892,-5915,5974,5975,5976,5977,5978,5979,-5905]],"type":"Polygon","properties":{"CD_MUN":"2514503","NM_MUN":"São José de Piranhas","SIGLA_UF":"PB"}},{"arcs":[[-5859,5980,5981]],"type":"Polygon","properties":{"CD_MUN":"2508604","NM_MUN":"Lucena","SIGLA_UF":"PB"}},{"arcs":[[-5914,5982,-5975]],"type":"Polygon","properties":{"CD_MUN":"2504108","NM_MUN":"Carrapateira","SIGLA_UF":"PB"}},{"arcs":[[-5913,-5934,-5952,5983,5984,5985,-5976,-5983]],"type":"Polygon","properties":{"CD_MUN":"2500205","NM_MUN":"Aguiar","SIGLA_UF":"PB"}},{"arcs":[[-5927,-5949,-5970,5986,5987,-5937,-5935]],"type":"Polygon","properties":{"CD_MUN":"2516102","NM_MUN":"Soledade","SIGLA_UF":"PB"}},{"arcs":[[-5943,5988,5989,-5971,-5965]],"type":"Polygon","properties":{"CD_MUN":"2500502","NM_MUN":"Alagoinha","SIGLA_UF":"PB"}},{"arcs":[[-5846,-5878,-5895,5990,5991,5992,5993]],"type":"Polygon","properties":{"CD_MUN":"2504207","NM_MUN":"Catingueira","SIGLA_UF":"PB"}},{"arcs":[[-5831,-5860,-5982,5994,5995,5996,5997,5998,5999,6000,6001,6002]],"type":"Polygon","properties":{"CD_MUN":"2513703","NM_MUN":"Santa Rita","SIGLA_UF":"PB"}},{"arcs":[[-5957,6003,-5991]],"type":"Polygon","properties":{"CD_MUN":"2513802","NM_MUN":"Santa Teresinha","SIGLA_UF":"PB"}},{"arcs":[[-5931,6004,6005,6006,-5989,-5942]],"type":"Polygon","properties":{"CD_MUN":"2509800","NM_MUN":"Mulungu","SIGLA_UF":"PB"}},{"arcs":[[-5847,-5994,6007,-5950]],"type":"Polygon","properties":{"CD_MUN":"2505907","NM_MUN":"Emas","SIGLA_UF":"PB"}},{"arcs":[[-5910,6008,6009,-5953]],"type":"Polygon","properties":{"CD_MUN":"2512606","NM_MUN":"Quixabá","SIGLA_UF":"PB"}},{"arcs":[[-5832,-6003,6010,6011,6012,6013,6014]],"type":"Polygon","properties":{"CD_MUN":"2515302","NM_MUN":"Sapé","SIGLA_UF":"PB"}},{"arcs":[[-5963,6015,-5966]],"type":"Polygon","properties":{"CD_MUN":"2501203","NM_MUN":"Areial","SIGLA_UF":"PB"}},{"arcs":[[-5930,-6015,6016,-6005]],"type":"Polygon","properties":{"CD_MUN":"2509107","NM_MUN":"Mari","SIGLA_UF":"PB"}},{"arcs":[[-5972,-5990,-6007,6017,6018,6019,6020,6021]],"type":"Polygon","properties":{"CD_MUN":"2500304","NM_MUN":"Alagoa Grande","SIGLA_UF":"PB"}},{"arcs":[[-5902,-5974,-5940,6022,6023]],"type":"Polygon","properties":{"CD_MUN":"2513000","NM_MUN":"Salgadinho","SIGLA_UF":"PB"}},{"arcs":[[-6002,6024,-6011]],"type":"Polygon","properties":{"CD_MUN":"2504900","NM_MUN":"Cruz do Espírito Santo","SIGLA_UF":"PB"}},{"arcs":[[-5898,-5973,-6022,6025,6026,6027,-5959]],"type":"Polygon","properties":{"CD_MUN":"2500403","NM_MUN":"Alagoa Nova","SIGLA_UF":"PB"}},{"arcs":[[-5996,6028,6029]],"type":"Polygon","properties":{"CD_MUN":"2503209","NM_MUN":"Cabedelo","SIGLA_UF":"PB"}},{"arcs":[[-5954,-6010,6030,6031,6032,6033]],"type":"Polygon","properties":{"CD_MUN":"2503407","NM_MUN":"Cacimba de Areia","SIGLA_UF":"PB"}},{"arcs":[[-5903,-6024,6034,6035,-6031,-6009,-5909]],"type":"Polygon","properties":{"CD_MUN":"2510709","NM_MUN":"Passagem","SIGLA_UF":"PB"}},{"arcs":[[-5960,-6028,6036]],"type":"Polygon","properties":{"CD_MUN":"2515104","NM_MUN":"São Sebastião de Lagoa de Roça","SIGLA_UF":"PB"}},{"arcs":[[-5984,6037,6038]],"type":"Polygon","properties":{"CD_MUN":"2502607","NM_MUN":"Igaracy","SIGLA_UF":"PB"}},{"arcs":[[-5955,-6034,6039,6040]],"type":"Polygon","properties":{"CD_MUN":"2514602","NM_MUN":"São José do Bonfim","SIGLA_UF":"PB"}},{"arcs":[[-5939,6041,6042,6043,6044,-6035,-6023]],"type":"Polygon","properties":{"CD_MUN":"2516508","NM_MUN":"Taperoá","SIGLA_UF":"PB"}},{"arcs":[[-5951,6045,6046,6047,-6038]],"type":"Polygon","properties":{"CD_MUN":"2511301","NM_MUN":"Piancó","SIGLA_UF":"PB"}},{"arcs":[[-5962,6048,6049,-5967,-6016]],"type":"Polygon","properties":{"CD_MUN":"2509503","NM_MUN":"Montadas","SIGLA_UF":"PB"}},{"arcs":[[-5993,6050,6051,6052,6053,6054,-6046,-6008]],"type":"Polygon","properties":{"CD_MUN":"2510402","NM_MUN":"Olho d'Água","SIGLA_UF":"PB"}},{"arcs":[[-6006,6055,6056,6057,6058,-6018]],"type":"Polygon","properties":{"CD_MUN":"2506400","NM_MUN":"Gurinhém","SIGLA_UF":"PB"}},{"arcs":[[-6014,6059,-6056,-6017]],"type":"Polygon","properties":{"CD_MUN":"2503803","NM_MUN":"Caldas Brandão","SIGLA_UF":"PB"}},{"arcs":[[-5979,6060,6061,6062,6063]],"type":"Polygon","properties":{"CD_MUN":"2509602","NM_MUN":"Monte Horebe","SIGLA_UF":"PB"}},{"arcs":[[-5985,-6039,-6048,6064,6065,6066,6067,6068]],"type":"Polygon","properties":{"CD_MUN":"2507002","NM_MUN":"Itaporanga","SIGLA_UF":"PB"}},{"arcs":[[-5977,-5986,-6069,6069,6070,6071,6072]],"type":"Polygon","properties":{"CD_MUN":"2514305","NM_MUN":"São José de Caiana","SIGLA_UF":"PB"}},{"arcs":[[-5978,-6073,6073,-6061]],"type":"Polygon","properties":{"CD_MUN":"2515708","NM_MUN":"Serra Grande","SIGLA_UF":"PB"}},{"arcs":[[-5956,-6041,6074,6075,-6051,-5992,-6004]],"type":"Polygon","properties":{"CD_MUN":"2508703","NM_MUN":"Mãe d'Água","SIGLA_UF":"PB"}},{"arcs":[[-5961,-6037,-6027,6076,6077,6078,-6049]],"type":"Polygon","properties":{"CD_MUN":"2508307","NM_MUN":"Lagoa Seca","SIGLA_UF":"PB"}},{"arcs":[[-5997,-6030,6079,6080,-5999,6081]],"type":"Polygon","properties":{"CD_MUN":"2507507","NM_MUN":"João Pessoa","SIGLA_UF":"PB"}},{"arcs":[[-5968,-6050,-6079,6082]],"type":"Polygon","properties":{"CD_MUN":"2512408","NM_MUN":"Puxinanã","SIGLA_UF":"PB"}},{"arcs":[[-6062,-6074,-6072,6083,6084]],"type":"Polygon","properties":{"CD_MUN":"2502409","NM_MUN":"Bonito de Santa Fé","SIGLA_UF":"PB"}},{"arcs":[[-5998,-6082]],"type":"Polygon","properties":{"CD_MUN":"2501807","NM_MUN":"Bayeux","SIGLA_UF":"PB"}},{"arcs":[[-6020,6085,6086,6087]],"type":"Polygon","properties":{"CD_MUN":"2515807","NM_MUN":"Serra Redonda","SIGLA_UF":"PB"}},{"arcs":[[-5938,-5988,6088,6089,6090,-6042]],"type":"Polygon","properties":{"CD_MUN":"2506509","NM_MUN":"Gurjão","SIGLA_UF":"PB"}},{"arcs":[[-6019,-6059,6091,6092,-6086]],"type":"Polygon","properties":{"CD_MUN":"2507606","NM_MUN":"Juarez Távora","SIGLA_UF":"PB"}},{"arcs":[[-5246,6093,-6075,-6040,-6033,6094,-5247]],"type":"Polygon","properties":{"CD_MUN":"2516706","NM_MUN":"Teixeira","SIGLA_UF":"PB"}},{"arcs":[[-5248,-6095,-6032,-6036,-6045,6095]],"type":"Polygon","properties":{"CD_MUN":"2505402","NM_MUN":"Desterro","SIGLA_UF":"PB"}},{"arcs":[[-5969,-6083,-6078,6096,6097,6098,6099,6100,6101,6102,-6089,-5987]],"type":"Polygon","properties":{"CD_MUN":"2504009","NM_MUN":"Campina Grande","SIGLA_UF":"PB"}},{"arcs":[[-6021,-6088,6103,-6097,-6077,-6026]],"type":"Polygon","properties":{"CD_MUN":"2509206","NM_MUN":"Massaranduba","SIGLA_UF":"PB"}},{"arcs":[[-6087,-6093,6104,6105,-6098,-6104]],"type":"Polygon","properties":{"CD_MUN":"2506806","NM_MUN":"Ingá","SIGLA_UF":"PB"}},{"arcs":[[-6058,6106,6107,6108,6109,-6105,-6092]],"type":"Polygon","properties":{"CD_MUN":"2509404","NM_MUN":"Mogeiro","SIGLA_UF":"PB"}},{"arcs":[[-6012,-6025,6110,6111]],"type":"Polygon","properties":{"CD_MUN":"2515005","NM_MUN":"São Miguel de Taipu","SIGLA_UF":"PB"}},{"arcs":[[-5249,-6096,-6044,6112]],"type":"Polygon","properties":{"CD_MUN":"2508505","NM_MUN":"Livramento","SIGLA_UF":"PB"}},{"arcs":[[-6047,-6055,6113,6114,6115,-6065]],"type":"Polygon","properties":{"CD_MUN":"2513604","NM_MUN":"Santana dos Garrotes","SIGLA_UF":"PB"}},{"arcs":[[-5250,-6113,-6043,-6091,6116,6117,6118]],"type":"Polygon","properties":{"CD_MUN":"2514800","NM_MUN":"São José dos Cordeiros","SIGLA_UF":"PB"}},{"arcs":[[-6013,-6112,6119,6120,6121,-6107,-6057,-6060]],"type":"Polygon","properties":{"CD_MUN":"2511509","NM_MUN":"Pilar","SIGLA_UF":"PB"}},{"arcs":[[-5305,6122,-6084,-6071,6123,6124,6125,-5344]],"type":"Polygon","properties":{"CD_MUN":"2504405","NM_MUN":"Conceição","SIGLA_UF":"PB"}},{"arcs":[[-6068,6126,6127,6128,-6124,-6070]],"type":"Polygon","properties":{"CD_MUN":"2505600","NM_MUN":"Diamante","SIGLA_UF":"PB"}},{"arcs":[[-5245,-5261,6129,-6052,-6076,-6094]],"type":"Polygon","properties":{"CD_MUN":"2506707","NM_MUN":"Imaculada","SIGLA_UF":"PB"}},{"arcs":[[-6100,6130,6131,6132]],"type":"Polygon","properties":{"CD_MUN":"2512507","NM_MUN":"Queimadas","SIGLA_UF":"PB"}},{"arcs":[[-5260,-5271,-5300,6133,-6053,-6130]],"type":"Polygon","properties":{"CD_MUN":"2500106","NM_MUN":"Água Branca","SIGLA_UF":"PB"}},{"arcs":[[-6081,6134,6135,6136]],"type":"Polygon","properties":{"CD_MUN":"2504603","NM_MUN":"Conde","SIGLA_UF":"PB"}},{"arcs":[[-5299,-5328,6137,6138,-6114,-6054,-6134]],"type":"Polygon","properties":{"CD_MUN":"2508000","NM_MUN":"Juru","SIGLA_UF":"PB"}},{"arcs":[[-5274,6139,-6120,-6111,-6001,6140,6141,-5747]],"type":"Polygon","properties":{"CD_MUN":"2511202","NM_MUN":"Pedras de Fogo","SIGLA_UF":"PB"}},{"arcs":[[-6000,-6137,6142,6143,-6141]],"type":"Polygon","properties":{"CD_MUN":"2500601","NM_MUN":"Alhandra","SIGLA_UF":"PB"}},{"arcs":[[-6066,-6116,6144,6145,6146]],"type":"Polygon","properties":{"CD_MUN":"2511004","NM_MUN":"Pedra Branca","SIGLA_UF":"PB"}},{"arcs":[[-5272,-5288,-5295,6147,-6108,-6122,6148]],"type":"Polygon","properties":{"CD_MUN":"2506905","NM_MUN":"Itabaiana","SIGLA_UF":"PB"}},{"arcs":[[-5421,-5448,6149,6150,-6117,-6090,-6103,6151,6152]],"type":"Polygon","properties":{"CD_MUN":"2514008","NM_MUN":"São João do Cariri","SIGLA_UF":"PB"}},{"arcs":[[-6067,-6147,6153,6154,-6127]],"type":"Polygon","properties":{"CD_MUN":"2502102","NM_MUN":"Boa Ventura","SIGLA_UF":"PB"}},{"arcs":[[-6115,-6139,6155,6156,-6145]],"type":"Polygon","properties":{"CD_MUN":"2510204","NM_MUN":"Nova Olinda","SIGLA_UF":"PB"}},{"arcs":[[-5273,-6149,-6121,-6140]],"type":"Polygon","properties":{"CD_MUN":"2507903","NM_MUN":"Juripiranga","SIGLA_UF":"PB"}},{"arcs":[[-6106,-6110,6157,6158,6159]],"type":"Polygon","properties":{"CD_MUN":"2507200","NM_MUN":"Itatuba","SIGLA_UF":"PB"}},{"arcs":[[-6099,-6160,6160,-6131]],"type":"Polygon","properties":{"CD_MUN":"2506103","NM_MUN":"Fagundes","SIGLA_UF":"PB"}},{"arcs":[[-6125,-6129,6161]],"type":"Polygon","properties":{"CD_MUN":"2506608","NM_MUN":"Ibiara","SIGLA_UF":"PB"}},{"arcs":[[-5294,-5303,6162,-6109,-6148]],"type":"Polygon","properties":{"CD_MUN":"2513109","NM_MUN":"Salgado de São Félix","SIGLA_UF":"PB"}},{"arcs":[[-5415,6163,6164,-6101,-6133,6165,6166]],"type":"Polygon","properties":{"CD_MUN":"2502508","NM_MUN":"Boqueirão","SIGLA_UF":"PB"}},{"arcs":[[-6102,-6165,6167,-6152]],"type":"Polygon","properties":{"CD_MUN":"2503100","NM_MUN":"Cabaceiras","SIGLA_UF":"PB"}},{"arcs":[[-6118,-6151,6168,6169]],"type":"Polygon","properties":{"CD_MUN":"2515500","NM_MUN":"Serra Branca","SIGLA_UF":"PB"}},{"arcs":[[-6128,-6155,6170,6171]],"type":"Polygon","properties":{"CD_MUN":"2505303","NM_MUN":"Curral Velho","SIGLA_UF":"PB"}},{"arcs":[[-5749,6172,-6143,-6136,6173]],"type":"Polygon","properties":{"CD_MUN":"2511905","NM_MUN":"Pitimbu","SIGLA_UF":"PB"}},{"arcs":[[-5302,-5315,-5370,6174,6175,-6158,-6163]],"type":"Polygon","properties":{"CD_MUN":"2509909","NM_MUN":"Natuba","SIGLA_UF":"PB"}},{"arcs":[[-6132,-6161,-6159,-6176,6176,-6166]],"type":"Polygon","properties":{"CD_MUN":"2501302","NM_MUN":"Aroeiras","SIGLA_UF":"PB"}},{"arcs":[[-5327,6177,-6156,-6138]],"type":"Polygon","properties":{"CD_MUN":"2516607","NM_MUN":"Tavares","SIGLA_UF":"PB"}},{"arcs":[[-5326,-5383,-5373,6178,-6154,-6146,-6157,-6178]],"type":"Polygon","properties":{"CD_MUN":"2512309","NM_MUN":"Princesa Isabel","SIGLA_UF":"PB"}},{"arcs":[[-5345,-6126,-6162,-6172,6179]],"type":"Polygon","properties":{"CD_MUN":"2513505","NM_MUN":"Santana de Mangueira","SIGLA_UF":"PB"}},{"arcs":[[-5251,-6119,-6170,6180,6181,6182,6183,6184,-5262]],"type":"Polygon","properties":{"CD_MUN":"2516300","NM_MUN":"Sumé","SIGLA_UF":"PB"}},{"arcs":[[-5748,-6142,-6144,-6173]],"type":"Polygon","properties":{"CD_MUN":"2503001","NM_MUN":"Caaporã","SIGLA_UF":"PB"}},{"arcs":[[-5346,-6180,-6171,-6179,-5372]],"type":"Polygon","properties":{"CD_MUN":"2509008","NM_MUN":"Manaíra","SIGLA_UF":"PB"}},{"arcs":[[-5263,-6185,6185,-5331]],"type":"Polygon","properties":{"CD_MUN":"2510600","NM_MUN":"Ouro Velho","SIGLA_UF":"PB"}},{"arcs":[[-5414,-5422,-6153,-6168,-6164]],"type":"Polygon","properties":{"CD_MUN":"2501708","NM_MUN":"Barra de São Miguel","SIGLA_UF":"PB"}},{"arcs":[[-5332,-6186,-6184,6186]],"type":"Polygon","properties":{"CD_MUN":"2512200","NM_MUN":"Prata","SIGLA_UF":"PB"}},{"arcs":[[-5369,-5397,-5418,-5425,-5409,-6167,-6177,-6175]],"type":"Polygon","properties":{"CD_MUN":"2517001","NM_MUN":"Umbuzeiro","SIGLA_UF":"PB"}},{"arcs":[[-5447,6187,-6181,-6169,-6150]],"type":"Polygon","properties":{"CD_MUN":"2504702","NM_MUN":"Congo","SIGLA_UF":"PB"}},{"arcs":[[-5333,-6187,-6183,6188,6189,-5449,-5355]],"type":"Polygon","properties":{"CD_MUN":"2509701","NM_MUN":"Monteiro","SIGLA_UF":"PB"}},{"arcs":[[-5446,6190,6191,-6189,-6182,-6188]],"type":"Polygon","properties":{"CD_MUN":"2503902","NM_MUN":"Camalaú","SIGLA_UF":"PB"}},{"arcs":[[-5445,-5518,-5548,-5569,6192,-6191]],"type":"Polygon","properties":{"CD_MUN":"2514107","NM_MUN":"São João do Tigre","SIGLA_UF":"PB"}},{"arcs":[[-5450,-6190,-6192,-6193,-5568]],"type":"Polygon","properties":{"CD_MUN":"2515203","NM_MUN":"São Sebastião do Umbuzeiro","SIGLA_UF":"PB"}},{"arcs":[[6193,6194,6195,6196,6197,6198,6199,6200]],"type":"Polygon","properties":{"CD_MUN":"1500503","NM_MUN":"Almeirim","SIGLA_UF":"PA"}},{"arcs":[[-6198,6201,6202,6203,6204,6205]],"type":"Polygon","properties":{"CD_MUN":"1505106","NM_MUN":"Óbidos","SIGLA_UF":"PA"}},{"arcs":[[-3303,6206,-6205,6207,6208,6209]],"type":"Polygon","properties":{"CD_MUN":"1505304","NM_MUN":"Oriximiná","SIGLA_UF":"PA"}},{"arcs":[[-6197,6210,6211,-6202]],"type":"Polygon","properties":{"CD_MUN":"1500404","NM_MUN":"Alenquer","SIGLA_UF":"PA"}},{"arcs":[[6212,6213,6214,6215,6216,6217,6218]],"type":"Polygon","properties":{"CD_MUN":"1502509","NM_MUN":"Chaves","SIGLA_UF":"PA"}},{"arcs":[[-6217,6219,6220,6221,6222,6223]],"type":"Polygon","properties":{"CD_MUN":"1500305","NM_MUN":"Afuá","SIGLA_UF":"PA"}},{"arcs":[[-6213,6224,6225,6226,6227,6228,6229]],"type":"Polygon","properties":{"CD_MUN":"1507904","NM_MUN":"Soure","SIGLA_UF":"PA"}},{"arcs":[[-6214,-6230,6230,6231,6232,6233,6234,6235]],"type":"Polygon","properties":{"CD_MUN":"1502004","NM_MUN":"Cachoeira do Arari","SIGLA_UF":"PA"}},{"arcs":[[-6201,6236,-6222,6237,6238,6239]],"type":"Polygon","properties":{"CD_MUN":"1503101","NM_MUN":"Gurupá","SIGLA_UF":"PA"}},{"arcs":[[-6215,-6236,6240,6241]],"type":"Polygon","properties":{"CD_MUN":"1506401","NM_MUN":"Santa Cruz do Arari","SIGLA_UF":"PA"}},{"arcs":[[-6216,-6242,6242,6243,6244,6245,-6220]],"type":"Polygon","properties":{"CD_MUN":"1500701","NM_MUN":"Anajás","SIGLA_UF":"PA"}},{"arcs":[[-6226,6246,6247,6248,6249]],"type":"Polygon","properties":{"CD_MUN":"1507102","NM_MUN":"São Caetano de Odivelas","SIGLA_UF":"PA"}},{"arcs":[[-6221,-6246,6250,6251,6252,6253,-6238]],"type":"Polygon","properties":{"CD_MUN":"1501808","NM_MUN":"Breves","SIGLA_UF":"PA"}},{"arcs":[[-6235,6254,6255,6256,6257,-6243,-6241]],"type":"Polygon","properties":{"CD_MUN":"1505700","NM_MUN":"Ponta de Pedras","SIGLA_UF":"PA"}},{"arcs":[[-6227,-6250,6258,6259,6260]],"type":"Polygon","properties":{"CD_MUN":"1508209","NM_MUN":"Vigia","SIGLA_UF":"PA"}},{"arcs":[[6261,6262,6263,6264,6265,6266]],"type":"Polygon","properties":{"CD_MUN":"1504307","NM_MUN":"Maracanã","SIGLA_UF":"PA"}},{"arcs":[[-6228,-6261,6267,-6232,6268]],"type":"Polygon","properties":{"CD_MUN":"1502608","NM_MUN":"Colares","SIGLA_UF":"PA"}},{"arcs":[[-6229,-6269,-6231]],"type":"Polygon","properties":{"CD_MUN":"1506302","NM_MUN":"Salvaterra","SIGLA_UF":"PA"}},{"arcs":[[-6262,6269,6270,6271,6272,6273]],"type":"Polygon","properties":{"CD_MUN":"1506906","NM_MUN":"Santarém Novo","SIGLA_UF":"PA"}},{"arcs":[[-6265,6274,6275]],"type":"Polygon","properties":{"CD_MUN":"1504109","NM_MUN":"Magalhães Barata","SIGLA_UF":"PA"}},{"arcs":[[-6264,6276,6277,6278,6279,-6275]],"type":"Polygon","properties":{"CD_MUN":"1504406","NM_MUN":"Marapanim","SIGLA_UF":"PA"}},{"arcs":[[-6272,6280,6281,6282,6283]],"type":"Polygon","properties":{"CD_MUN":"1505601","NM_MUN":"Peixe-Boi","SIGLA_UF":"PA"}},{"arcs":[[-6273,-6284,6284,6285,6286]],"type":"Polygon","properties":{"CD_MUN":"1505007","NM_MUN":"Nova Timboteua","SIGLA_UF":"PA"}},{"arcs":[[-6263,-6274,-6287,6287,6288,-6277]],"type":"Polygon","properties":{"CD_MUN":"1503200","NM_MUN":"Igarapé-Açu","SIGLA_UF":"PA"}},{"arcs":[[-6196,6289,6290,-6211]],"type":"Polygon","properties":{"CD_MUN":"1504802","NM_MUN":"Monte Alegre","SIGLA_UF":"PA"}},{"arcs":[[6291,6292,6293,6294,6295,6296]],"type":"Polygon","properties":{"CD_MUN":"1501709","NM_MUN":"Bragança","SIGLA_UF":"PA"}},{"arcs":[[-6233,-6268,-6260,6297,6298,6299,6300]],"type":"Polygon","properties":{"CD_MUN":"1507003","NM_MUN":"Santo Antônio do Tauá","SIGLA_UF":"PA"}},{"arcs":[[-6248,6301,-6279,6302,6303]],"type":"Polygon","properties":{"CD_MUN":"1502905","NM_MUN":"Curuçá","SIGLA_UF":"PA"}},{"arcs":[[-6249,-6304,6304,6305,6306,6307,6308,-6298,-6259]],"type":"Polygon","properties":{"CD_MUN":"1502400","NM_MUN":"Castanhal","SIGLA_UF":"PA"}},{"arcs":[[-6278,-6289,-6305,-6303]],"type":"Polygon","properties":{"CD_MUN":"1507409","NM_MUN":"São Francisco do Pará","SIGLA_UF":"PA"}},{"arcs":[[-6282,6309,-6295,6310,6311]],"type":"Polygon","properties":{"CD_MUN":"1502202","NM_MUN":"Capanema","SIGLA_UF":"PA"}},{"arcs":[[-6234,-6301,6312,6313,6314,6315,6316,-6255]],"type":"Polygon","properties":{"CD_MUN":"1501402","NM_MUN":"Belém","SIGLA_UF":"PA"}},{"arcs":[[-6244,-6258,6317,6318,6319,6320]],"type":"Polygon","properties":{"CD_MUN":"1504901","NM_MUN":"Muaná","SIGLA_UF":"PA"}},{"arcs":[[-6300,6321,6322,6323,-6315,6324,-6313]],"type":"Polygon","properties":{"CD_MUN":"1501501","NM_MUN":"Benevides","SIGLA_UF":"PA"}},{"arcs":[[-6299,-6309,6325,6326,-6322]],"type":"Polygon","properties":{"CD_MUN":"1506500","NM_MUN":"Santa Isabel do Pará","SIGLA_UF":"PA"}},{"arcs":[[-6292,6327,6328]],"type":"Polygon","properties":{"CD_MUN":"1500909","NM_MUN":"Augusto Corrêa","SIGLA_UF":"PA"}},{"arcs":[[-6293,-6329,6329,6330,6331,6332,6333,6334]],"type":"Polygon","properties":{"CD_MUN":"1508308","NM_MUN":"Viseu","SIGLA_UF":"PA"}},{"arcs":[[-6245,-6321,6335,6336,-6251]],"type":"Polygon","properties":{"CD_MUN":"1507706","NM_MUN":"São Sebastião da Boa Vista","SIGLA_UF":"PA"}},{"arcs":[[-6283,-6312,6337,6338,6339,-6285]],"type":"Polygon","properties":{"CD_MUN":"1501600","NM_MUN":"Bonito","SIGLA_UF":"PA"}},{"arcs":[[-6286,-6340,6340,-6306,-6288]],"type":"Polygon","properties":{"CD_MUN":"1506609","NM_MUN":"Santa Maria do Pará","SIGLA_UF":"PA"}},{"arcs":[[-6294,-6335,6341,6342,6343,-6338,-6311]],"type":"Polygon","properties":{"CD_MUN":"1505403","NM_MUN":"Ourém","SIGLA_UF":"PA"}},{"arcs":[[-6314,-6325]],"type":"Polygon","properties":{"CD_MUN":"1500800","NM_MUN":"Ananindeua","SIGLA_UF":"PA"}},{"arcs":[[-6308,6344,6345,-6326]],"type":"Polygon","properties":{"CD_MUN":"1503408","NM_MUN":"Inhangapi","SIGLA_UF":"PA"}},{"arcs":[[-6323,-6327,-6346,6346,6347,6348,6349]],"type":"Polygon","properties":{"CD_MUN":"1501907","NM_MUN":"Bujaru","SIGLA_UF":"PA"}},{"arcs":[[-6316,-6324,-6350,6350,6351,6352,6353]],"type":"Polygon","properties":{"CD_MUN":"1500206","NM_MUN":"Acará","SIGLA_UF":"PA"}},{"arcs":[[-6307,-6341,-6339,-6344,6354,6355,-6347,-6345]],"type":"Polygon","properties":{"CD_MUN":"1507607","NM_MUN":"São Miguel do Guamá","SIGLA_UF":"PA"}},{"arcs":[[-6256,-6317,-6354,6356,6357]],"type":"Polygon","properties":{"CD_MUN":"1501303","NM_MUN":"Barcarena","SIGLA_UF":"PA"}},{"arcs":[[-6209,6358,6359]],"type":"Polygon","properties":{"CD_MUN":"1503002","NM_MUN":"Faro","SIGLA_UF":"PA"}},{"arcs":[[-6257,-6358,6360,6361,-6318]],"type":"Polygon","properties":{"CD_MUN":"1500107","NM_MUN":"Abaetetuba","SIGLA_UF":"PA"}},{"arcs":[[-6343,6362,6363,-6355]],"type":"Polygon","properties":{"CD_MUN":"1503507","NM_MUN":"Irituia","SIGLA_UF":"PA"}},{"arcs":[[-6333,6364,6365,6366,6367,6368,6369,6370,6371,-6352,6372,-6348,-6356,-6364,6373]],"type":"Polygon","properties":{"CD_MUN":"1507201","NM_MUN":"São Domingos do Capim","SIGLA_UF":"PA"}},{"arcs":[[-6353,-6372,6374,6375,6376,6377,-6361,-6357]],"type":"Polygon","properties":{"CD_MUN":"1504703","NM_MUN":"Moju","SIGLA_UF":"PA"}},{"arcs":[[-6319,-6362,-6378,6378,6379,6380]],"type":"Polygon","properties":{"CD_MUN":"1503309","NM_MUN":"Igarapé-Miri","SIGLA_UF":"PA"}},{"arcs":[[-6320,-6381,6381,6382,6383,-6336]],"type":"Polygon","properties":{"CD_MUN":"1504000","NM_MUN":"Limoeiro do Ajuru","SIGLA_UF":"PA"}},{"arcs":[[-6194,-6240,6384,6385,6386,6387,6388]],"type":"Polygon","properties":{"CD_MUN":"1505908","NM_MUN":"Porto de Moz","SIGLA_UF":"PA"}},{"arcs":[[-6252,-6337,-6384,6389,6390]],"type":"Polygon","properties":{"CD_MUN":"1502806","NM_MUN":"Curralinho","SIGLA_UF":"PA"}},{"arcs":[[-6195,-6389,6391,6392,-6290]],"type":"Polygon","properties":{"CD_MUN":"1506005","NM_MUN":"Prainha","SIGLA_UF":"PA"}},{"arcs":[[-6239,-6254,6393,6394,-6385]],"type":"Polygon","properties":{"CD_MUN":"1504505","NM_MUN":"Melgaço","SIGLA_UF":"PA"}},{"arcs":[[-6253,-6391,6395,6396,6397,-6394]],"type":"Polygon","properties":{"CD_MUN":"1501105","NM_MUN":"Bagre","SIGLA_UF":"PA"}},{"arcs":[[-6383,6398,6399,6400,-6396,-6390]],"type":"Polygon","properties":{"CD_MUN":"1505205","NM_MUN":"Oeiras do Pará","SIGLA_UF":"PA"}},{"arcs":[[-6334,-6374,-6363,-6342]],"type":"Polygon","properties":{"CD_MUN":"1502301","NM_MUN":"Capitão Poço","SIGLA_UF":"PA"}},{"arcs":[[-6386,-6395,-6398,6401,6402,6403,6404,6405,6406,6407]],"type":"Polygon","properties":{"CD_MUN":"1505809","NM_MUN":"Portel","SIGLA_UF":"PA"}},{"arcs":[[-6204,6408,6409,6410,6411,-6359,-6208]],"type":"Polygon","properties":{"CD_MUN":"1503903","NM_MUN":"Juruti","SIGLA_UF":"PA"}},{"arcs":[[-6380,6412,-6399,-6382]],"type":"Polygon","properties":{"CD_MUN":"1502103","NM_MUN":"Cametá","SIGLA_UF":"PA"}},{"arcs":[[-6349,-6373,-6351]],"type":"Polygon","properties":{"CD_MUN":"1508001","NM_MUN":"Tomé-Açu","SIGLA_UF":"PA"}},{"arcs":[[-6203,-6212,-6291,-6393,6413,6414,-6409]],"type":"Polygon","properties":{"CD_MUN":"1506807","NM_MUN":"Santarém","SIGLA_UF":"PA"}},{"arcs":[[-6377,6415,-6400,-6413,-6379]],"type":"Polygon","properties":{"CD_MUN":"1504604","NM_MUN":"Mocajuba","SIGLA_UF":"PA"}},{"arcs":[[-6376,6416,-6402,-6397,-6401,-6416]],"type":"Polygon","properties":{"CD_MUN":"1501204","NM_MUN":"Baião","SIGLA_UF":"PA"}},{"arcs":[[-6387,-6408,6417,6418]],"type":"Polygon","properties":{"CD_MUN":"1507805","NM_MUN":"Senador José Porfírio","SIGLA_UF":"PA"}},{"arcs":[[-6332,6419,6420,-6365]],"type":"Polygon","properties":{"CD_MUN":"1505502","NM_MUN":"Paragominas","SIGLA_UF":"PA"}},{"arcs":[[-6388,-6419,6421,6422,6423,6424,-6414,-6392]],"type":"Polygon","properties":{"CD_MUN":"1500602","NM_MUN":"Altamira","SIGLA_UF":"PA"}},{"arcs":[[-6410,-6415,-6425,6425,6426,6427,6428]],"type":"Polygon","properties":{"CD_MUN":"1501006","NM_MUN":"Aveiro","SIGLA_UF":"PA"}},{"arcs":[[-6371,6429,-6403,-6417,-6375]],"type":"Polygon","properties":{"CD_MUN":"1508100","NM_MUN":"Tucuruí","SIGLA_UF":"PA"}},{"arcs":[[-6424,6430,6431,6432,6433,-6426]],"type":"Polygon","properties":{"CD_MUN":"1503606","NM_MUN":"Itaituba","SIGLA_UF":"PA"}},{"arcs":[[-6370,6434,-6404,-6430]],"type":"Polygon","properties":{"CD_MUN":"1503804","NM_MUN":"Jacundá","SIGLA_UF":"PA"}},{"arcs":[[-6369,6435,-6405,-6435]],"type":"Polygon","properties":{"CD_MUN":"1503705","NM_MUN":"Itupiranga","SIGLA_UF":"PA"}},{"arcs":[[-6367,6436,6437,6438,6439]],"type":"Polygon","properties":{"CD_MUN":"1507508","NM_MUN":"São João do Araguaia","SIGLA_UF":"PA"}},{"arcs":[[-6368,-6440,6440,6441,-6406,-6436]],"type":"Polygon","properties":{"CD_MUN":"1504208","NM_MUN":"Marabá","SIGLA_UF":"PA"}},{"arcs":[[-6407,-6442,6442,6443,6444,6445,6446,-6422,-6418]],"type":"Polygon","properties":{"CD_MUN":"1507300","NM_MUN":"São Félix do Xingu","SIGLA_UF":"PA"}},{"arcs":[[-6439,6447,6448,-6443,-6441]],"type":"Polygon","properties":{"CD_MUN":"1502707","NM_MUN":"Conceição do Araguaia","SIGLA_UF":"PA"}},{"arcs":[[-6444,-6449,6449,6450]],"type":"Polygon","properties":{"CD_MUN":"1506708","NM_MUN":"Santana do Araguaia","SIGLA_UF":"PA"}},{"arcs":[[-6423,-6447,6451,6452,6453,6454,6455,6456,-6431]],"type":"Polygon","properties":{"CD_MUN":"5103205","NM_MUN":"Colíder","SIGLA_UF":"MT"}},{"arcs":[[-6446,6457,6458,6459,6460,-6452]],"type":"Polygon","properties":{"CD_MUN":"5105309","NM_MUN":"Luciára","SIGLA_UF":"MT"}},{"arcs":[[-6445,-6451,6461,-6458]],"type":"Polygon","properties":{"CD_MUN":"5107776","NM_MUN":"Santa Terezinha","SIGLA_UF":"MT"}},{"arcs":[[-6455,6462,6463,6464]],"type":"Polygon","properties":{"CD_MUN":"5106802","NM_MUN":"Porto dos Gaúchos","SIGLA_UF":"MT"}},{"arcs":[[-6453,-6461,6465,6466,6467,6468]],"type":"Polygon","properties":{"CD_MUN":"5107909","NM_MUN":"Sinop","SIGLA_UF":"MT"}},{"arcs":[[-6464,6469,6470]],"type":"Polygon","properties":{"CD_MUN":"5107305","NM_MUN":"São José do Rio Claro","SIGLA_UF":"MT"}},{"arcs":[[-6460,6471,6472,6473,6474,-6466]],"type":"Polygon","properties":{"CD_MUN":"5107859","NM_MUN":"São Félix do Araguaia","SIGLA_UF":"MT"}},{"arcs":[[-6454,-6469,6475,6476,6477,6478,6479,6480,6481,-6470,-6463]],"type":"Polygon","properties":{"CD_MUN":"5103502","NM_MUN":"Diamantino","SIGLA_UF":"MT"}},{"arcs":[[-6468,6482,6483,-6476]],"type":"Polygon","properties":{"CD_MUN":"5105903","NM_MUN":"Nobres","SIGLA_UF":"MT"}},{"arcs":[[-6473,6484,6485,6486,6487,6488,6489,6490,6491,6492,6493,6494,6495,6496,6497,6498]],"type":"Polygon","properties":{"CD_MUN":"5101803","NM_MUN":"Barra do Garças","SIGLA_UF":"MT"}},{"arcs":[[-6467,-6475,6499,6500,-6496,6501,6502,6503]],"type":"Polygon","properties":{"CD_MUN":"5106307","NM_MUN":"Paranatinga","SIGLA_UF":"MT"}},{"arcs":[[-6474,-6499,6504,-6500]],"type":"Polygon","properties":{"CD_MUN":"5102702","NM_MUN":"Canarana","SIGLA_UF":"MT"}},{"arcs":[[-3337,6505,-6481,6506,6507,6508,6509]],"type":"Polygon","properties":{"CD_MUN":"5105507","NM_MUN":"Vila Bela da Santíssima Trindade","SIGLA_UF":"MT"}},{"arcs":[[-6498,6510,-6505]],"type":"Polygon","properties":{"CD_MUN":"5100201","NM_MUN":"Água Boa","SIGLA_UF":"MT"}},{"arcs":[[-6497,-6501,-6511]],"type":"Polygon","properties":{"CD_MUN":"5106257","NM_MUN":"Nova Xavantina","SIGLA_UF":"MT"}},{"arcs":[[-6483,-6504,6511,6512,6513,6514,6515,6516]],"type":"Polygon","properties":{"CD_MUN":"5107701","NM_MUN":"Rosário Oeste","SIGLA_UF":"MT"}},{"arcs":[[-6480,6517,6518,6519,-6507]],"type":"Polygon","properties":{"CD_MUN":"5107958","NM_MUN":"Tangará da Serra","SIGLA_UF":"MT"}},{"arcs":[[-6478,6520,6521]],"type":"Polygon","properties":{"CD_MUN":"5106000","NM_MUN":"Nortelândia","SIGLA_UF":"MT"}},{"arcs":[[-6479,-6522,6522,6523,-6518]],"type":"Polygon","properties":{"CD_MUN":"5101308","NM_MUN":"Arenápolis","SIGLA_UF":"MT"}},{"arcs":[[-6503,6524,6525,-6512]],"type":"Polygon","properties":{"CD_MUN":"5106208","NM_MUN":"Nova Brasilândia","SIGLA_UF":"MT"}},{"arcs":[[-6508,-6520,6526,6527,6528]],"type":"Polygon","properties":{"CD_MUN":"5106752","NM_MUN":"Pontes e Lacerda","SIGLA_UF":"MT"}},{"arcs":[[-6477,-6484,-6517,6529,-6523,-6521]],"type":"Polygon","properties":{"CD_MUN":"5100508","NM_MUN":"Alto Paraguai","SIGLA_UF":"MT"}},{"arcs":[[-6495,6530,6531,6532,6533,6534,6535,6536,6537,6538,6539,6540,-6525,-6502]],"type":"Polygon","properties":{"CD_MUN":"5107008","NM_MUN":"Poxoréo","SIGLA_UF":"MT"}},{"arcs":[[6541,6542,6543]],"type":"Polygon","properties":{"CD_MUN":"5107750","NM_MUN":"Salto do Céu","SIGLA_UF":"MT"}},{"arcs":[[-6543,6544,6545,6546,6547,6548]],"type":"Polygon","properties":{"CD_MUN":"5107206","NM_MUN":"Rio Branco","SIGLA_UF":"MT"}},{"arcs":[[-6548,6549,6550,6551,6552]],"type":"Polygon","properties":{"CD_MUN":"5101258","NM_MUN":"Araputanga","SIGLA_UF":"MT"}},{"arcs":[[-6528,6553,-6552,6554]],"type":"Polygon","properties":{"CD_MUN":"5105002","NM_MUN":"Jauru","SIGLA_UF":"MT"}},{"arcs":[[-6540,6555,6556,6557,6558]],"type":"Polygon","properties":{"CD_MUN":"5103403","NM_MUN":"Cuiabá","SIGLA_UF":"MT"}},{"arcs":[[-6509,-6529,-6555,-6551,6559,6560,-6545,-6542,6561,6562,6563,6564,6565]],"type":"Polygon","properties":{"CD_MUN":"5102504","NM_MUN":"Cáceres","SIGLA_UF":"MT"}},{"arcs":[[-6494,6566,6567,-6531]],"type":"Polygon","properties":{"CD_MUN":"5103908","NM_MUN":"General Carneiro","SIGLA_UF":"MT"}},{"arcs":[[-6557,6568,6569]],"type":"Polygon","properties":{"CD_MUN":"5108402","NM_MUN":"Várzea Grande","SIGLA_UF":"MT"}},{"arcs":[[-6537,6570]],"type":"Polygon","properties":{"CD_MUN":"5103601","NM_MUN":"Dom Aquino","SIGLA_UF":"MT"}},{"arcs":[[-6547,6571,-6560,-6550]],"type":"Polygon","properties":{"CD_MUN":"5107107","NM_MUN":"São José dos Quatro Marcos","SIGLA_UF":"MT"}},{"arcs":[[-6546,-6561,-6572]],"type":"Polygon","properties":{"CD_MUN":"5105622","NM_MUN":"Mirassol d'Oeste","SIGLA_UF":"MT"}},{"arcs":[[-6515,6572,-6569,6573,6574,6575,-6563,6576]],"type":"Polygon","properties":{"CD_MUN":"5106109","NM_MUN":"Nossa Senhora do Livramento","SIGLA_UF":"MT"}},{"arcs":[[-6532,-6568,6577,6578]],"type":"Polygon","properties":{"CD_MUN":"5108105","NM_MUN":"Tesouro","SIGLA_UF":"MT"}},{"arcs":[[-6536,6579,6580,-6538,-6571]],"type":"Polygon","properties":{"CD_MUN":"5104807","NM_MUN":"Jaciara","SIGLA_UF":"MT"}},{"arcs":[[-6493,6581,6582,6583,6584,-6578,-6567]],"type":"Polygon","properties":{"CD_MUN":"5108204","NM_MUN":"Torixoréu","SIGLA_UF":"MT"}},{"arcs":[[-6539,-6581,6585,6586,6587,6588,-6574,-6556]],"type":"Polygon","properties":{"CD_MUN":"5107800","NM_MUN":"Santo Antônio do Leverger","SIGLA_UF":"MT"}},{"arcs":[[-6564,-6576,6589,6590]],"type":"Polygon","properties":{"CD_MUN":"5106505","NM_MUN":"Poconé","SIGLA_UF":"MT"}},{"arcs":[[-6535,6591,-6586,-6580]],"type":"Polygon","properties":{"CD_MUN":"5105200","NM_MUN":"Juscimeira","SIGLA_UF":"MT"}},{"arcs":[[-6533,-6579,-6585,6592,6593,6594]],"type":"Polygon","properties":{"CD_MUN":"5104203","NM_MUN":"Guiratinga","SIGLA_UF":"MT"}},{"arcs":[[-6534,-6595,6595,6596,-6587,-6592]],"type":"Polygon","properties":{"CD_MUN":"5107602","NM_MUN":"Rondonópolis","SIGLA_UF":"MT"}},{"arcs":[[-6575,-6589,6597,6598,-6590]],"type":"Polygon","properties":{"CD_MUN":"5101605","NM_MUN":"Barão de Melgaço","SIGLA_UF":"MT"}},{"arcs":[[-6584,6599,6600,6601,6602]],"type":"Polygon","properties":{"CD_MUN":"5106703","NM_MUN":"Ponte Branca","SIGLA_UF":"MT"}},{"arcs":[[-6594,6603,6604,-6596]],"type":"Polygon","properties":{"CD_MUN":"5106372","NM_MUN":"Pedra Preta","SIGLA_UF":"MT"}},{"arcs":[[-6593,6605,6606,6607,-6604]],"type":"Polygon","properties":{"CD_MUN":"5100409","NM_MUN":"Alto Garças","SIGLA_UF":"MT"}},{"arcs":[[-6603,6608,6609,6610,-6606]],"type":"Polygon","properties":{"CD_MUN":"5101209","NM_MUN":"Araguainha","SIGLA_UF":"MT"}},{"arcs":[[-6607,-6611,6611,6612,6613,6614,6615,6616,6617]],"type":"Polygon","properties":{"CD_MUN":"5100300","NM_MUN":"Alto Araguaia","SIGLA_UF":"MT"}},{"arcs":[[-6588,-6597,-6605,-6608,-6618,6618,6619,-6598]],"type":"Polygon","properties":{"CD_MUN":"5104609","NM_MUN":"Itiquira","SIGLA_UF":"MT"}},{"arcs":[[-3312,-3318,-3321,-3330,6620,6621,-6432,-6457,6622,-6471,-6482,-6506,-3336]],"type":"Polygon","properties":{"CD_MUN":"5101407","NM_MUN":"Aripuanã","SIGLA_UF":"MT"}},{"arcs":[[-6514,6623,-6558,-6570,-6573]],"type":"Polygon","properties":{"CD_MUN":"5100102","NM_MUN":"Acorizal","SIGLA_UF":"MT"}},{"arcs":[[-6513,-6526,-6541,-6559,-6624]],"type":"Polygon","properties":{"CD_MUN":"5103007","NM_MUN":"Chapada dos Guimarães","SIGLA_UF":"MT"}},{"arcs":[[-6565,-6591,-6599,-6620,6624,6625,6626,6627,6628,6629],[6630]],"type":"Polygon","properties":{"CD_MUN":"5003207","NM_MUN":"Corumbá","SIGLA_UF":"MS"}},{"arcs":[[-6615,6631,6632,-6625,-6619,-6617,6633]],"type":"Polygon","properties":{"CD_MUN":"5003306","NM_MUN":"Coxim","SIGLA_UF":"MS"}},{"arcs":[[-6616,-6634]],"type":"Polygon","properties":{"CD_MUN":"5006408","NM_MUN":"Pedro Gomes","SIGLA_UF":"MS"}},{"arcs":[[-6614,6634,6635,6636,6637,6638,6639,6640,6641,6642,6643,-6632]],"type":"Polygon","properties":{"CD_MUN":"5002605","NM_MUN":"Camapuã","SIGLA_UF":"MS"}},{"arcs":[[-6626,-6633,-6644,6644,6645]],"type":"Polygon","properties":{"CD_MUN":"5007406","NM_MUN":"Rio Verde de Mato Grosso","SIGLA_UF":"MS"}},{"arcs":[[-6627,-6646,6646,6647,6648,6649,6650,6651,6652]],"type":"Polygon","properties":{"CD_MUN":"5001102","NM_MUN":"Aquidauana","SIGLA_UF":"MS"}},{"arcs":[[-6638,6653,6654,6655,6656,6657,6658,6659]],"type":"Polygon","properties":{"CD_MUN":"5002902","NM_MUN":"Cassilândia","SIGLA_UF":"MS"}},{"arcs":[[[-6657,6660,6661,6662,6663]],[[-6659,6664,6665,6666]]],"type":"MultiPolygon","properties":{"CD_MUN":"5006309","NM_MUN":"Paranaíba","SIGLA_UF":"MS"}},{"arcs":[[-6631]],"type":"Polygon","properties":{"CD_MUN":"5005202","NM_MUN":"Ladário","SIGLA_UF":"MS"}},{"arcs":[[-6639,-6660,-6667,6667,6668,6669]],"type":"Polygon","properties":{"CD_MUN":"5000203","NM_MUN":"Água Clara","SIGLA_UF":"MS"}},{"arcs":[[-6643,6670,-6647,-6645]],"type":"Polygon","properties":{"CD_MUN":"5007307","NM_MUN":"Rio Negro","SIGLA_UF":"MS"}},{"arcs":[[-6658,-6664,6671,6672,-6665]],"type":"Polygon","properties":{"CD_MUN":"5004403","NM_MUN":"Inocência","SIGLA_UF":"MS"}},{"arcs":[[-6642,6673,6674,6675,-6648,-6671]],"type":"Polygon","properties":{"CD_MUN":"5003108","NM_MUN":"Corguinho","SIGLA_UF":"MS"}},{"arcs":[[-6640,-6670,6676,6677,6678,6679,6680,6681,6682]],"type":"Polygon","properties":{"CD_MUN":"5007109","NM_MUN":"Ribas do Rio Pardo","SIGLA_UF":"MS"}},{"arcs":[[-6641,-6683,6683,6684,-6674]],"type":"Polygon","properties":{"CD_MUN":"5001508","NM_MUN":"Bandeirantes","SIGLA_UF":"MS"}},{"arcs":[[-161,-210,-273,-441,6685,-6668,-6666,-6673,6686]],"type":"Polygon","properties":{"CD_MUN":"5008305","NM_MUN":"Três Lagoas","SIGLA_UF":"MS"}},{"arcs":[[-6628,-6653,6687,6688,6689]],"type":"Polygon","properties":{"CD_MUN":"5005608","NM_MUN":"Miranda","SIGLA_UF":"MS"}},{"arcs":[[-6675,-6685,6690,6691,6692]],"type":"Polygon","properties":{"CD_MUN":"5007505","NM_MUN":"Rochedo","SIGLA_UF":"MS"}},{"arcs":[[-50,-76,-162,-6687,-6672,-6663,6693]],"type":"Polygon","properties":{"CD_MUN":"5001003","NM_MUN":"Aparecida do Taboado","SIGLA_UF":"MS"}},{"arcs":[[-6682,6694,-6691,-6684]],"type":"Polygon","properties":{"CD_MUN":"5004908","NM_MUN":"Jaraguari","SIGLA_UF":"MS"}},{"arcs":[[-6649,-6676,-6693,6695,6696]],"type":"Polygon","properties":{"CD_MUN":"5008008","NM_MUN":"Terenos","SIGLA_UF":"MS"}},{"arcs":[[-6681,6697,6698,-6696,-6692,-6695]],"type":"Polygon","properties":{"CD_MUN":"5002704","NM_MUN":"Campo Grande","SIGLA_UF":"MS"}},{"arcs":[[-6629,-6690,6699,6700,6701,6702]],"type":"Polygon","properties":{"CD_MUN":"5006903","NM_MUN":"Porto Murtinho","SIGLA_UF":"MS"}},{"arcs":[[-6652,6703,6704,6705,-6688]],"type":"Polygon","properties":{"CD_MUN":"5000708","NM_MUN":"Anastácio","SIGLA_UF":"MS"}},{"arcs":[[-6689,-6706,6706,6707,6708,-6700]],"type":"Polygon","properties":{"CD_MUN":"5002209","NM_MUN":"Bonito","SIGLA_UF":"MS"}},{"arcs":[[-440,-583,-651,6709,-6677,-6669,-6686]],"type":"Polygon","properties":{"CD_MUN":"5002308","NM_MUN":"Brasilândia","SIGLA_UF":"MS"}},{"arcs":[[-6650,-6697,-6699,6710,6711]],"type":"Polygon","properties":{"CD_MUN":"5007901","NM_MUN":"Sidrolândia","SIGLA_UF":"MS"}},{"arcs":[[-6705,6712,6713,-6707]],"type":"Polygon","properties":{"CD_MUN":"5005806","NM_MUN":"Nioaque","SIGLA_UF":"MS"}},{"arcs":[[-6651,-6712,6714,6715,6716,6717,6718,-6713,-6704]],"type":"Polygon","properties":{"CD_MUN":"5005400","NM_MUN":"Maracaju","SIGLA_UF":"MS"}},{"arcs":[[-6680,6719,6720,6721,6722,6723,-6715,-6711,-6698]],"type":"Polygon","properties":{"CD_MUN":"5007208","NM_MUN":"Rio Brilhante","SIGLA_UF":"MS"}},{"arcs":[[-6708,-6714,-6719,6724,6725]],"type":"Polygon","properties":{"CD_MUN":"5004106","NM_MUN":"Guia Lopes da Laguna","SIGLA_UF":"MS"}},{"arcs":[[-6701,-6709,-6726,6726,6727,6728]],"type":"Polygon","properties":{"CD_MUN":"5005004","NM_MUN":"Jardim","SIGLA_UF":"MS"}},{"arcs":[[-6679,6729,6730,6731,6732,6733,-6720]],"type":"Polygon","properties":{"CD_MUN":"5006200","NM_MUN":"Nova Andradina","SIGLA_UF":"MS"}},{"arcs":[[-6728,6734,6735,6736,6737]],"type":"Polygon","properties":{"CD_MUN":"5002100","NM_MUN":"Bela Vista","SIGLA_UF":"MS"}},{"arcs":[[-6702,-6729,-6738,6738]],"type":"Polygon","properties":{"CD_MUN":"5002803","NM_MUN":"Caracol","SIGLA_UF":"MS"}},{"arcs":[[-650,6739,-6730,-6678,-6710]],"type":"Polygon","properties":{"CD_MUN":"5001904","NM_MUN":"Bataguassu","SIGLA_UF":"MS"}},{"arcs":[[-6718,6740,6741,6742,6743,6744,6745,-6735,-6727,-6725]],"type":"Polygon","properties":{"CD_MUN":"5006606","NM_MUN":"Ponta Porã","SIGLA_UF":"MS"}},{"arcs":[[-6716,-6724,6746]],"type":"Polygon","properties":{"CD_MUN":"5004502","NM_MUN":"Itaporã","SIGLA_UF":"MS"}},{"arcs":[[-649,-957,6747,-6731,-6740]],"type":"Polygon","properties":{"CD_MUN":"5000807","NM_MUN":"Anaurilândia","SIGLA_UF":"MS"}},{"arcs":[[-6721,-6734,6748,6749]],"type":"Polygon","properties":{"CD_MUN":"5000856","NM_MUN":"Angélica","SIGLA_UF":"MS"}},{"arcs":[[-6717,-6747,-6723,6750,6751,6752,-6741]],"type":"Polygon","properties":{"CD_MUN":"5003702","NM_MUN":"Dourados","SIGLA_UF":"MS"}},{"arcs":[[-6722,-6750,6753,6754,6755,-6751]],"type":"Polygon","properties":{"CD_MUN":"5003454","NM_MUN":"Deodápolis","SIGLA_UF":"MS"}},{"arcs":[[-956,-4058,-4091,-4110,6756,6757,6758,-6732,-6748]],"type":"Polygon","properties":{"CD_MUN":"5002001","NM_MUN":"Batayporã","SIGLA_UF":"MS"}},{"arcs":[[-6736,-6746,6759]],"type":"Polygon","properties":{"CD_MUN":"5000906","NM_MUN":"Antônio João","SIGLA_UF":"MS"}},{"arcs":[[-6733,-6759,6760,6761,-6754,-6749]],"type":"Polygon","properties":{"CD_MUN":"5004700","NM_MUN":"Ivinhema","SIGLA_UF":"MS"}},{"arcs":[[-6752,-6756,6762,6763,6764]],"type":"Polygon","properties":{"CD_MUN":"5003801","NM_MUN":"Fátima do Sul","SIGLA_UF":"MS"}},{"arcs":[[-6755,-6762,6765,-6763]],"type":"Polygon","properties":{"CD_MUN":"5004007","NM_MUN":"Glória de Dourados","SIGLA_UF":"MS"}},{"arcs":[[-6742,-6753,-6765,6766,6767,6768,6769]],"type":"Polygon","properties":{"CD_MUN":"5002407","NM_MUN":"Caarapó","SIGLA_UF":"MS"}},{"arcs":[[-6758,6770,-6767,-6764,-6766,-6761]],"type":"Polygon","properties":{"CD_MUN":"5005103","NM_MUN":"Jateí","SIGLA_UF":"MS"}},{"arcs":[[-6744,6771,6772]],"type":"Polygon","properties":{"CD_MUN":"5001243","NM_MUN":"Aral Moreira","SIGLA_UF":"MS"}},{"arcs":[[-4109,-4273,-4253,6773,-6768,-6771,-6757]],"type":"Polygon","properties":{"CD_MUN":"5005707","NM_MUN":"Naviraí","SIGLA_UF":"MS"}},{"arcs":[[-6743,-6770,6774,6775,6776,-6772]],"type":"Polygon","properties":{"CD_MUN":"5000609","NM_MUN":"Amambaí","SIGLA_UF":"MS"}},{"arcs":[[-4252,-4425,6777,6778,-6775,-6769,-6774]],"type":"Polygon","properties":{"CD_MUN":"5004304","NM_MUN":"Iguatemi","SIGLA_UF":"MS"}},{"arcs":[[-4424,6779,-6778]],"type":"Polygon","properties":{"CD_MUN":"5003751","NM_MUN":"Eldorado","SIGLA_UF":"MS"}},{"arcs":[[-4423,-4528,6780,-6776,-6779,-6780]],"type":"Polygon","properties":{"CD_MUN":"5005681","NM_MUN":"Mundo Novo","SIGLA_UF":"MS"}},{"arcs":[[6781,6782,6783,6784]],"type":"Polygon","properties":{"CD_MUN":"3142700","NM_MUN":"Montalvânia","SIGLA_UF":"MG"}},{"arcs":[[-6783,6785,6786,6787,6788,6789,6790]],"type":"Polygon","properties":{"CD_MUN":"3139300","NM_MUN":"Manga","SIGLA_UF":"MG"}},{"arcs":[[-6784,-6791,6791,6792,6793,6794,6795,6796,6797]],"type":"Polygon","properties":{"CD_MUN":"3135209","NM_MUN":"Januária","SIGLA_UF":"MG"}},{"arcs":[[-6797,6798,6799,6800,6801,6802]],"type":"Polygon","properties":{"CD_MUN":"3126208","NM_MUN":"Formoso","SIGLA_UF":"MG"}},{"arcs":[[6803,6804,6805,6806,6807,6808]],"type":"Polygon","properties":{"CD_MUN":"3124302","NM_MUN":"Espinosa","SIGLA_UF":"MG"}},{"arcs":[[-6790,6809,-6792]],"type":"Polygon","properties":{"CD_MUN":"3132107","NM_MUN":"Itacarambi","SIGLA_UF":"MG"}},{"arcs":[[-6788,6810,-6809,6811,6812,6813,6814,6815]],"type":"Polygon","properties":{"CD_MUN":"3142908","NM_MUN":"Monte Azul","SIGLA_UF":"MG"}},{"arcs":[[-6801,6816,6817,6818,6819,6820,6821]],"type":"Polygon","properties":{"CD_MUN":"3109303","NM_MUN":"Buritis","SIGLA_UF":"MG"}},{"arcs":[[-6808,6822,6823,6824,6825,6826,6827,6828,6829,-6812]],"type":"Polygon","properties":{"CD_MUN":"3155603","NM_MUN":"Rio Pardo de Minas","SIGLA_UF":"MG"}},{"arcs":[[-6814,6830,-6829,6831,6832]],"type":"Polygon","properties":{"CD_MUN":"3152204","NM_MUN":"Porteirinha","SIGLA_UF":"MG"}},{"arcs":[[-6825,6833,6834,6835,6836,6837,6838]],"type":"Polygon","properties":{"CD_MUN":"3162708","NM_MUN":"São João do Paraíso","SIGLA_UF":"MG"}},{"arcs":[[-6796,6839,6840,6841,6842,-6799]],"type":"Polygon","properties":{"CD_MUN":"3161106","NM_MUN":"São Francisco","SIGLA_UF":"MG"}},{"arcs":[[-6813,-6830,-6831]],"type":"Polygon","properties":{"CD_MUN":"3141009","NM_MUN":"Mato Verde","SIGLA_UF":"MG"}},{"arcs":[[-6800,-6843,6843,6844,-6817]],"type":"Polygon","properties":{"CD_MUN":"3104502","NM_MUN":"Arinos","SIGLA_UF":"MG"}},{"arcs":[[-6815,-6833,6845,6846,6847,6848,6849]],"type":"Polygon","properties":{"CD_MUN":"3135100","NM_MUN":"Janaúba","SIGLA_UF":"MG"}},{"arcs":[[-6789,-6816,-6850,6850,-6793,-6810]],"type":"Polygon","properties":{"CD_MUN":"3170909","NM_MUN":"Varzelândia","SIGLA_UF":"MG"}},{"arcs":[[-6838,6851,6852,6853,6854,6855]],"type":"Polygon","properties":{"CD_MUN":"3101003","NM_MUN":"Águas Vermelhas","SIGLA_UF":"MG"}},{"arcs":[[-6818,-6845,6856,6857,6858,6859,6860,6861,6862,6863]],"type":"Polygon","properties":{"CD_MUN":"3170404","NM_MUN":"Unaí","SIGLA_UF":"MG"}},{"arcs":[[-6826,-6839,-6856,6864]],"type":"Polygon","properties":{"CD_MUN":"3168002","NM_MUN":"Taiobeiras","SIGLA_UF":"MG"}},{"arcs":[[-6794,-6851,-6849,6865,6866,6867,6868]],"type":"Polygon","properties":{"CD_MUN":"3162401","NM_MUN":"São João da Ponte","SIGLA_UF":"MG"}},{"arcs":[[-6795,-6869,6869,6870,6871,-6840]],"type":"Polygon","properties":{"CD_MUN":"3108602","NM_MUN":"Brasília de Minas","SIGLA_UF":"MG"}},{"arcs":[[-6848,6872,6873,-6866]],"type":"Polygon","properties":{"CD_MUN":"3112703","NM_MUN":"Capitão Enéas","SIGLA_UF":"MG"}},{"arcs":[[6874,6875,6876,6877,6878,6879,6880]],"type":"Polygon","properties":{"CD_MUN":"3101706","NM_MUN":"Almenara","SIGLA_UF":"MG"}},{"arcs":[[-6828,6881,6882,-6846,-6832]],"type":"Polygon","properties":{"CD_MUN":"3154507","NM_MUN":"Riacho dos Machados","SIGLA_UF":"MG"}},{"arcs":[[-6853,6883,-6880,6884,6885,6886]],"type":"Polygon","properties":{"CD_MUN":"3148707","NM_MUN":"Pedra Azul","SIGLA_UF":"MG"}},{"arcs":[[-6876,6887,6888,6889]],"type":"Polygon","properties":{"CD_MUN":"3105202","NM_MUN":"Bandeira","SIGLA_UF":"MG"}},{"arcs":[[-6827,-6865,-6855,6890,6891,6892,6893,6894]],"type":"Polygon","properties":{"CD_MUN":"3157005","NM_MUN":"Salinas","SIGLA_UF":"MG"}},{"arcs":[[-6842,6895,6896,6897,-6857,-6844]],"type":"Polygon","properties":{"CD_MUN":"3164209","NM_MUN":"São Romão","SIGLA_UF":"MG"}},{"arcs":[[-6889,6898,6899,6900,6901,6902]],"type":"Polygon","properties":{"CD_MUN":"3136504","NM_MUN":"Jordânia","SIGLA_UF":"MG"}},{"arcs":[[-6868,6903,6904,-6870]],"type":"Polygon","properties":{"CD_MUN":"3142007","NM_MUN":"Mirabela","SIGLA_UF":"MG"}},{"arcs":[[-6854,-6887,6905,-6891]],"type":"Polygon","properties":{"CD_MUN":"3102704","NM_MUN":"Cachoeira de Pajeú","SIGLA_UF":"MG"}},{"arcs":[[-6867,-6874,6906,6907,6908,6909,6910,-6904]],"type":"Polygon","properties":{"CD_MUN":"3143302","NM_MUN":"Montes Claros","SIGLA_UF":"MG"}},{"arcs":[[-6847,-6883,6911,6912,-6907,-6873]],"type":"Polygon","properties":{"CD_MUN":"3126703","NM_MUN":"Francisco Sá","SIGLA_UF":"MG"}},{"arcs":[[-6902,6913,6914,6915,6916,6917]],"type":"Polygon","properties":{"CD_MUN":"3157104","NM_MUN":"Salto da Divisa","SIGLA_UF":"MG"}},{"arcs":[[-6877,-6890,-6903,-6918,6918,6919,6920]],"type":"Polygon","properties":{"CD_MUN":"3134707","NM_MUN":"Jacinto","SIGLA_UF":"MG"}},{"arcs":[[-6841,-6872,6921,6922,6923,6924,-6896]],"type":"Polygon","properties":{"CD_MUN":"3170008","NM_MUN":"Ubaí","SIGLA_UF":"MG"}},{"arcs":[[-6858,-6898,6925,6926]],"type":"Polygon","properties":{"CD_MUN":"3108206","NM_MUN":"Bonfinópolis de Minas","SIGLA_UF":"MG"}},{"arcs":[[-6886,6927,6928,6929,6930,-6892,-6906]],"type":"Polygon","properties":{"CD_MUN":"3141405","NM_MUN":"Medina","SIGLA_UF":"MG"}},{"arcs":[[-6882,-6895,6931,6932,6933,6934,6935,6936,-6912]],"type":"Polygon","properties":{"CD_MUN":"3127800","NM_MUN":"Grão Mogol","SIGLA_UF":"MG"}},{"arcs":[[-6879,6937,6938,6939,6940,6941,-6928,-6885]],"type":"Polygon","properties":{"CD_MUN":"3135803","NM_MUN":"Jequitinhonha","SIGLA_UF":"MG"}},{"arcs":[[-6893,-6931,6942,6943]],"type":"Polygon","properties":{"CD_MUN":"3117009","NM_MUN":"Comercinho","SIGLA_UF":"MG"}},{"arcs":[[-6894,-6944,6944,6945,6946,-6932]],"type":"Polygon","properties":{"CD_MUN":"3156502","NM_MUN":"Rubelita","SIGLA_UF":"MG"}},{"arcs":[[-6871,-6905,-6911,6947,6948,6949,6950,-6922]],"type":"Polygon","properties":{"CD_MUN":"3118809","NM_MUN":"Coração de Jesus","SIGLA_UF":"MG"}},{"arcs":[[-6917,6951,6952,-6919]],"type":"Polygon","properties":{"CD_MUN":"3158102","NM_MUN":"Santa Maria do Salto","SIGLA_UF":"MG"}},{"arcs":[[-6878,-6921,6953,6954,6955,-6938]],"type":"Polygon","properties":{"CD_MUN":"3156601","NM_MUN":"Rubim","SIGLA_UF":"MG"}},{"arcs":[[-6897,-6925,6956,6957,-6926]],"type":"Polygon","properties":{"CD_MUN":"3157609","NM_MUN":"Santa Fé de Minas","SIGLA_UF":"MG"}},{"arcs":[[-6930,6958,-6941,6959,6960,6961,6962,6963,6964,-6945,-6943]],"type":"Polygon","properties":{"CD_MUN":"3134004","NM_MUN":"Itinga","SIGLA_UF":"MG"}},{"arcs":[[-6860,6965,6966,6967,6968,6969,6970,6971,6972]],"type":"Polygon","properties":{"CD_MUN":"3147006","NM_MUN":"Paracatu","SIGLA_UF":"MG"}},{"arcs":[[-6924,6973,6974,6975,6976,6977,6978,6979,6980,6981,-6957]],"type":"Polygon","properties":{"CD_MUN":"3109402","NM_MUN":"Buritizeiro","SIGLA_UF":"MG"}},{"arcs":[[-6946,-6965,6982,6983]],"type":"Polygon","properties":{"CD_MUN":"3119500","NM_MUN":"Coronel Murta","SIGLA_UF":"MG"}},{"arcs":[[-6933,-6947,-6984,6984,6985,6986]],"type":"Polygon","properties":{"CD_MUN":"3171600","NM_MUN":"Virgem da Lapa","SIGLA_UF":"MG"}},{"arcs":[[-6929,-6942,-6959]],"type":"Polygon","properties":{"CD_MUN":"3133303","NM_MUN":"Itaobim","SIGLA_UF":"MG"}},{"arcs":[[-6920,-6953,6987,6988,-6954]],"type":"Polygon","properties":{"CD_MUN":"3160306","NM_MUN":"Santo Antônio do Jacinto","SIGLA_UF":"MG"}},{"arcs":[[-6859,-6927,-6958,-6982,6989,6990,-6966]],"type":"Polygon","properties":{"CD_MUN":"3136306","NM_MUN":"João Pinheiro","SIGLA_UF":"MG"}},{"arcs":[[-6935,6991,6992]],"type":"Polygon","properties":{"CD_MUN":"3120300","NM_MUN":"Cristália","SIGLA_UF":"MG"}},{"arcs":[[-6923,-6951,6993,-6974]],"type":"Polygon","properties":{"CD_MUN":"3129608","NM_MUN":"Ibiaí","SIGLA_UF":"MG"}},{"arcs":[[-6939,-6956,6994,6995,6996,6997]],"type":"Polygon","properties":{"CD_MUN":"3125606","NM_MUN":"Felisburgo","SIGLA_UF":"MG"}},{"arcs":[[-6937,6998,6999,7000]],"type":"Polygon","properties":{"CD_MUN":"3132008","NM_MUN":"Itacambira","SIGLA_UF":"MG"}},{"arcs":[[-6964,7001,7002,7003,7004,-6985,-6983]],"type":"Polygon","properties":{"CD_MUN":"3103405","NM_MUN":"Araçuaí","SIGLA_UF":"MG"}},{"arcs":[[-6940,-6998,7005,7006,7007,-6960]],"type":"Polygon","properties":{"CD_MUN":"3136009","NM_MUN":"Joaíma","SIGLA_UF":"MG"}},{"arcs":[[-6955,-6989,7008,7009,7010,7011,7012,-6995]],"type":"Polygon","properties":{"CD_MUN":"3155108","NM_MUN":"Rio do Prado","SIGLA_UF":"MG"}},{"arcs":[[-6936,-6993,7013,7014,7015,7016,-6999]],"type":"Polygon","properties":{"CD_MUN":"3108503","NM_MUN":"Botumirim","SIGLA_UF":"MG"}},{"arcs":[[-6908,-6913,-7001,7017]],"type":"Polygon","properties":{"CD_MUN":"3136801","NM_MUN":"Juramento","SIGLA_UF":"MG"}},{"arcs":[[-6934,-6987,7018,7019,7020,-7014,-6992]],"type":"Polygon","properties":{"CD_MUN":"3106507","NM_MUN":"Berilo","SIGLA_UF":"MG"}},{"arcs":[[-6910,7021,7022,7023,-6948]],"type":"Polygon","properties":{"CD_MUN":"3116506","NM_MUN":"Claro dos Poções","SIGLA_UF":"MG"}},{"arcs":[[-6950,7024,7025,-6975,-6994]],"type":"Polygon","properties":{"CD_MUN":"3137304","NM_MUN":"Lagoa dos Patos","SIGLA_UF":"MG"}},{"arcs":[[-6909,-7018,-7000,-7017,7026,7027,7028,7029,7030,7031,-7022]],"type":"Polygon","properties":{"CD_MUN":"3107307","NM_MUN":"Bocaiúva","SIGLA_UF":"MG"}},{"arcs":[[-6949,-7024,7032,7033,-7025]],"type":"Polygon","properties":{"CD_MUN":"3135605","NM_MUN":"Jequitaí","SIGLA_UF":"MG"}},{"arcs":[[-6986,-7005,7034,7035,-7019]],"type":"Polygon","properties":{"CD_MUN":"3126505","NM_MUN":"Francisco Badaró","SIGLA_UF":"MG"}},{"arcs":[[-6996,-7013,7036,7037,7038,7039]],"type":"Polygon","properties":{"CD_MUN":"3106606","NM_MUN":"Bertópolis","SIGLA_UF":"MG"}},{"arcs":[[-6997,-7040,7040,7041,-7006]],"type":"Polygon","properties":{"CD_MUN":"3127057","NM_MUN":"Fronteira dos Vales","SIGLA_UF":"MG"}},{"arcs":[[-7015,-7021,7042,7043,7044,7045,7046]],"type":"Polygon","properties":{"CD_MUN":"3141801","NM_MUN":"Minas Novas","SIGLA_UF":"MG"}},{"arcs":[[-6976,-7026,-7034,7047,7048,-6978,7049]],"type":"Polygon","properties":{"CD_MUN":"3170800","NM_MUN":"Várzea da Palma","SIGLA_UF":"MG"}},{"arcs":[[-7020,-7036,7050,-7043]],"type":"Polygon","properties":{"CD_MUN":"3116100","NM_MUN":"Chapada do Norte","SIGLA_UF":"MG"}},{"arcs":[[-6963,7051,-7002]],"type":"Polygon","properties":{"CD_MUN":"3146305","NM_MUN":"Padre Paraíso","SIGLA_UF":"MG"}},{"arcs":[[-7007,-7042,7052,7053,7054,7055,7056]],"type":"Polygon","properties":{"CD_MUN":"3100906","NM_MUN":"Águas Formosas","SIGLA_UF":"MG"}},{"arcs":[[-7016,-7047,7057,7058,7059,-7027]],"type":"Polygon","properties":{"CD_MUN":"3169703","NM_MUN":"Turmalina","SIGLA_UF":"MG"}},{"arcs":[[-6962,7060,7061,7062,-7003,-7052]],"type":"Polygon","properties":{"CD_MUN":"3113008","NM_MUN":"Caraí","SIGLA_UF":"MG"}},{"arcs":[[-7039,7063,-7053,-7041]],"type":"Polygon","properties":{"CD_MUN":"3138906","NM_MUN":"Machacalis","SIGLA_UF":"MG"}},{"arcs":[[-7032,7064,7065]],"type":"Polygon","properties":{"CD_MUN":"3123809","NM_MUN":"Engenheiro Navarro","SIGLA_UF":"MG"}},{"arcs":[[-7023,-7066,7066,7067,-7048,-7033]],"type":"Polygon","properties":{"CD_MUN":"3126604","NM_MUN":"Francisco Dumont","SIGLA_UF":"MG"}},{"arcs":[[-6977,-7050]],"type":"Polygon","properties":{"CD_MUN":"3151206","NM_MUN":"Pirapora","SIGLA_UF":"MG"}},{"arcs":[[-7004,-7063,7068,7069,7070,-7044,-7051,-7035]],"type":"Polygon","properties":{"CD_MUN":"3145307","NM_MUN":"Novo Cruzeiro","SIGLA_UF":"MG"}},{"arcs":[[-6961,-7008,-7057,7071,7072,7073,7074,7075,7076,7077,7078,7079,-7061]],"type":"Polygon","properties":{"CD_MUN":"3168606","NM_MUN":"Teófilo Otoni","SIGLA_UF":"MG"}},{"arcs":[[-7028,-7060,7080,7081,7082]],"type":"Polygon","properties":{"CD_MUN":"3113503","NM_MUN":"Carbonita","SIGLA_UF":"MG"}},{"arcs":[[-6969,7083,7084,7085]],"type":"Polygon","properties":{"CD_MUN":"3128600","NM_MUN":"Guarda-Mor","SIGLA_UF":"MG"}},{"arcs":[[-7038,7086,7087,7088,-7054,-7064]],"type":"Polygon","properties":{"CD_MUN":"3170305","NM_MUN":"Umburatiba","SIGLA_UF":"MG"}},{"arcs":[[-7062,-7080,7089,-7069]],"type":"Polygon","properties":{"CD_MUN":"3132305","NM_MUN":"Itaipé","SIGLA_UF":"MG"}},{"arcs":[[-6967,-6991,7090,7091,7092,7093]],"type":"Polygon","properties":{"CD_MUN":"3153400","NM_MUN":"Presidente Olegário","SIGLA_UF":"MG"}},{"arcs":[[-6968,-7094,7094,7095,-7084]],"type":"Polygon","properties":{"CD_MUN":"3171006","NM_MUN":"Vazante","SIGLA_UF":"MG"}},{"arcs":[[-7029,-7083,7096,7097,7098,7099,7100,7101,7102,7103]],"type":"Polygon","properties":{"CD_MUN":"3121605","NM_MUN":"Diamantina","SIGLA_UF":"MG"}},{"arcs":[[-7031,7104,7105,-7067,-7065]],"type":"Polygon","properties":{"CD_MUN":"3136405","NM_MUN":"Joaquim Felício","SIGLA_UF":"MG"}},{"arcs":[[-7056,7106,-7072]],"type":"Polygon","properties":{"CD_MUN":"3148509","NM_MUN":"Pavão","SIGLA_UF":"MG"}},{"arcs":[[-7055,-7089,7107,7108,7109,7110,-7073,-7107]],"type":"Polygon","properties":{"CD_MUN":"3113701","NM_MUN":"Carlos Chagas","SIGLA_UF":"MG"}},{"arcs":[[-7045,-7071,7111,7112,7113,7114,7115]],"type":"Polygon","properties":{"CD_MUN":"3139201","NM_MUN":"Malacacheta","SIGLA_UF":"MG"}},{"arcs":[[-7046,-7116,7116,7117,-7058]],"type":"Polygon","properties":{"CD_MUN":"3112307","NM_MUN":"Capelinha","SIGLA_UF":"MG"}},{"arcs":[[-7030,-7104,7118,7119,-7105]],"type":"Polygon","properties":{"CD_MUN":"3109204","NM_MUN":"Buenópolis","SIGLA_UF":"MG"}},{"arcs":[[-7070,-7090,-7079,7120,-7112]],"type":"Polygon","properties":{"CD_MUN":"3137007","NM_MUN":"Ladainha","SIGLA_UF":"MG"}},{"arcs":[[-6979,-7049,-7068,-7106,-7120,7121,7122,7123]],"type":"Polygon","properties":{"CD_MUN":"3138104","NM_MUN":"Lassance","SIGLA_UF":"MG"}},{"arcs":[[-7082,7124,7125,7126,-7097]],"type":"Polygon","properties":{"CD_MUN":"3165909","NM_MUN":"Senador Modestino Gonçalves","SIGLA_UF":"MG"}},{"arcs":[[-7059,-7118,7127,7128,7129,7130,7131,-7125,-7081]],"type":"Polygon","properties":{"CD_MUN":"3132503","NM_MUN":"Itamarandiba","SIGLA_UF":"MG"}},{"arcs":[[-7093,7132,7133,-7095]],"type":"Polygon","properties":{"CD_MUN":"3137106","NM_MUN":"Lagamar","SIGLA_UF":"MG"}},{"arcs":[[-7109,7134,7135,7136,7137,7138,7139]],"type":"Polygon","properties":{"CD_MUN":"3144300","NM_MUN":"Nanuque","SIGLA_UF":"MG"}},{"arcs":[[-6981,7140,7141,7142,7143,-7091,-6990]],"type":"Polygon","properties":{"CD_MUN":"3161700","NM_MUN":"São Gonçalo do Abaeté","SIGLA_UF":"MG"}},{"arcs":[[-7085,-7096,-7134,7144,7145,7146,7147,7148,7149,7150]],"type":"Polygon","properties":{"CD_MUN":"3119302","NM_MUN":"Coromandel","SIGLA_UF":"MG"}},{"arcs":[[-7078,7151,-7113,-7121]],"type":"Polygon","properties":{"CD_MUN":"3152402","NM_MUN":"Poté","SIGLA_UF":"MG"}},{"arcs":[[-7137,7152,7153,7154]],"type":"Polygon","properties":{"CD_MUN":"3166709","NM_MUN":"Serra dos Aimorés","SIGLA_UF":"MG"}},{"arcs":[[-7115,7155,7156,7157,7158,-7117]],"type":"Polygon","properties":{"CD_MUN":"3100609","NM_MUN":"Água Boa","SIGLA_UF":"MG"}},{"arcs":[[-7098,7159,7160,7161,7162]],"type":"Polygon","properties":{"CD_MUN":"3120102","NM_MUN":"Couto de Magalhães de Minas","SIGLA_UF":"MG"}},{"arcs":[[-6980,-7124,7163,7164,7165,-7141]],"type":"Polygon","properties":{"CD_MUN":"3169356","NM_MUN":"Três Marias","SIGLA_UF":"MG"}},{"arcs":[[-7123,7166,7167,7168,7169,7170,-7164]],"type":"Polygon","properties":{"CD_MUN":"3119104","NM_MUN":"Corinto","SIGLA_UF":"MG"}},{"arcs":[[-7103,7171,7172,-7167,-7122,-7119]],"type":"Polygon","properties":{"CD_MUN":"3104809","NM_MUN":"Augusto de Lima","SIGLA_UF":"MG"}},{"arcs":[[-7127,7173,-7160]],"type":"Polygon","properties":{"CD_MUN":"3125507","NM_MUN":"São Gonçalo do Rio Preto","SIGLA_UF":"MG"}},{"arcs":[[-7128,-7159,7174,7175]],"type":"Polygon","properties":{"CD_MUN":"3164506","NM_MUN":"São Sebastião do Maranhão","SIGLA_UF":"MG"}},{"arcs":[[-7149,7176,7177,7178,7179,7180]],"type":"Polygon","properties":{"CD_MUN":"3100104","NM_MUN":"Abadia dos Dourados","SIGLA_UF":"MG"}},{"arcs":[[-7077,7181,7182,7183,7184,7185,-7156,-7114,-7152]],"type":"Polygon","properties":{"CD_MUN":"3132701","NM_MUN":"Itambacuri","SIGLA_UF":"MG"}},{"arcs":[[-7126,-7132,7186,-7161,-7174]],"type":"Polygon","properties":{"CD_MUN":"3125408","NM_MUN":"Felício dos Santos","SIGLA_UF":"MG"}},{"arcs":[[-7158,7187,7188,7189,7190,7191,7192,-7175]],"type":"Polygon","properties":{"CD_MUN":"3158201","NM_MUN":"Santa Maria do Suaçuí","SIGLA_UF":"MG"}},{"arcs":[[-7074,-7111,7193,7194,7195,7196,7197,7198]],"type":"Polygon","properties":{"CD_MUN":"3104700","NM_MUN":"Ataléia","SIGLA_UF":"MG"}},{"arcs":[[-7075,-7199,7199]],"type":"Polygon","properties":{"CD_MUN":"3146206","NM_MUN":"Ouro Verde de Minas","SIGLA_UF":"MG"}},{"arcs":[[7200,7201,7202,7203,7204,7205,7206]],"type":"Polygon","properties":{"CD_MUN":"3169604","NM_MUN":"Tupaciguara","SIGLA_UF":"MG"}},{"arcs":[[-7131,7207,7208,7209,7210,-7162,-7187]],"type":"Polygon","properties":{"CD_MUN":"3156007","NM_MUN":"Rio Vermelho","SIGLA_UF":"MG"}},{"arcs":[[-7092,-7144,7211,7212,7213,7214,7215,7216,7217,-7145,-7133]],"type":"Polygon","properties":{"CD_MUN":"3148004","NM_MUN":"Patos de Minas","SIGLA_UF":"MG"}},{"arcs":[[-7201,7218,7219,7220,7221,7222,7223,7224,7225,7226]],"type":"Polygon","properties":{"CD_MUN":"3103504","NM_MUN":"Araguari","SIGLA_UF":"MG"}},{"arcs":[[-7076,-7200,-7198,7227,7228,7229,-7182]],"type":"Polygon","properties":{"CD_MUN":"3126802","NM_MUN":"Frei Gaspar","SIGLA_UF":"MG"}},{"arcs":[[-7129,-7176,-7193,7230,7231,7232]],"type":"Polygon","properties":{"CD_MUN":"3163508","NM_MUN":"São José do Jacuri","SIGLA_UF":"MG"}},{"arcs":[[-7142,-7166,7233,7234,7235,7236,7237]],"type":"Polygon","properties":{"CD_MUN":"3143500","NM_MUN":"Morada Nova de Minas","SIGLA_UF":"MG"}},{"arcs":[[-7130,-7233,7238,7239,-7208]],"type":"Polygon","properties":{"CD_MUN":"3116803","NM_MUN":"Coluna","SIGLA_UF":"MG"}},{"arcs":[[-7178,7240,7241,7242]],"type":"Polygon","properties":{"CD_MUN":"3123502","NM_MUN":"Douradoquara","SIGLA_UF":"MG"}},{"arcs":[[-7102,7243,7244,7245,-7172]],"type":"Polygon","properties":{"CD_MUN":"3142502","NM_MUN":"Monjolos","SIGLA_UF":"MG"}},{"arcs":[[-7168,-7173,-7246,7246,7247]],"type":"Polygon","properties":{"CD_MUN":"3160603","NM_MUN":"Santo Hipólito","SIGLA_UF":"MG"}},{"arcs":[[-7242,7248,7249,7250,7251,7252]],"type":"Polygon","properties":{"CD_MUN":"3127909","NM_MUN":"Grupiara","SIGLA_UF":"MG"}},{"arcs":[[-7169,-7248,7253,7254,7255,7256,7257,7258,7259,7260,7261,7262]],"type":"Polygon","properties":{"CD_MUN":"3120904","NM_MUN":"Curvelo","SIGLA_UF":"MG"}},{"arcs":[[-7183,-7230,7263,7264,7265,7266]],"type":"Polygon","properties":{"CD_MUN":"3110806","NM_MUN":"Campanário","SIGLA_UF":"MG"}},{"arcs":[[7267,7268,7269]],"type":"Polygon","properties":{"CD_MUN":"3109808","NM_MUN":"Cachoeira Dourada","SIGLA_UF":"MG"}},{"arcs":[[-7224,7270,-7251,7271]],"type":"Polygon","properties":{"CD_MUN":"3115003","NM_MUN":"Cascalho Rico","SIGLA_UF":"MG"}},{"arcs":[[-7148,7272,7273,7274,7275,-7249,-7241,-7177]],"type":"Polygon","properties":{"CD_MUN":"3143104","NM_MUN":"Monte Carmelo","SIGLA_UF":"MG"}},{"arcs":[[-7192,7276,7277,-7231]],"type":"Polygon","properties":{"CD_MUN":"3164100","NM_MUN":"São Pedro do Suaçuí","SIGLA_UF":"MG"}},{"arcs":[[-7099,-7163,-7211,7278,7279,7280,7281,7282,7283,7284]],"type":"Polygon","properties":{"CD_MUN":"3167103","NM_MUN":"Serro","SIGLA_UF":"MG"}},{"arcs":[[-7100,-7285,7285,7286,7287]],"type":"Polygon","properties":{"CD_MUN":"3121001","NM_MUN":"Datas","SIGLA_UF":"MG"}},{"arcs":[[-7204,7288,7289,7290]],"type":"Polygon","properties":{"CD_MUN":"3115805","NM_MUN":"Centralina","SIGLA_UF":"MG"}},{"arcs":[[-7157,-7186,7291,7292,-7188]],"type":"Polygon","properties":{"CD_MUN":"3163003","NM_MUN":"São José da Safira","SIGLA_UF":"MG"}},{"arcs":[[-7203,7293,7294,7295,7296,-7289]],"type":"Polygon","properties":{"CD_MUN":"3142809","NM_MUN":"Monte Alegre de Minas","SIGLA_UF":"MG"}},{"arcs":[[-7269,7297,7298,7299]],"type":"Polygon","properties":{"CD_MUN":"3112604","NM_MUN":"Capinópolis","SIGLA_UF":"MG"}},{"arcs":[[-7210,7300,7301,-7279]],"type":"Polygon","properties":{"CD_MUN":"3166501","NM_MUN":"Serra Azul de Minas","SIGLA_UF":"MG"}},{"arcs":[[-7101,-7288,7302,7303,7304,-7244]],"type":"Polygon","properties":{"CD_MUN":"3127602","NM_MUN":"Gouveia","SIGLA_UF":"MG"}},{"arcs":[[-7268,7305,-7290,-7297,7306,-7298]],"type":"Polygon","properties":{"CD_MUN":"3111804","NM_MUN":"Canápolis","SIGLA_UF":"MG"}},{"arcs":[[-7225,-7272,-7250,-7276,7307,7308,7309]],"type":"Polygon","properties":{"CD_MUN":"3124807","NM_MUN":"Estrela do Sul","SIGLA_UF":"MG"}},{"arcs":[[7310,7311,7312,7313,7314]],"type":"Polygon","properties":{"CD_MUN":"3131406","NM_MUN":"Ipiaçu","SIGLA_UF":"MG"}},{"arcs":[[-7143,-7238,7315,7316,7317,7318,7319,7320,7321,7322,-7212]],"type":"Polygon","properties":{"CD_MUN":"3168903","NM_MUN":"Tiros","SIGLA_UF":"MG"}},{"arcs":[[-7232,-7278,7323,7324,7325,7326,-7239]],"type":"Polygon","properties":{"CD_MUN":"3162807","NM_MUN":"São João Evangelista","SIGLA_UF":"MG"}},{"arcs":[[-7229,7327,7328,-7264]],"type":"Polygon","properties":{"CD_MUN":"3150000","NM_MUN":"Pescador","SIGLA_UF":"MG"}},{"arcs":[[-7296,7329,7330,7331,-7311,7332,-7299,-7307]],"type":"Polygon","properties":{"CD_MUN":"3134202","NM_MUN":"Ituiutaba","SIGLA_UF":"MG"}},{"arcs":[[-7240,-7327,7333,7334]],"type":"Polygon","properties":{"CD_MUN":"3148400","NM_MUN":"Paulistas","SIGLA_UF":"MG"}},{"arcs":[[-7202,-7227,7335,7336,7337,7338,-7294]],"type":"Polygon","properties":{"CD_MUN":"3170206","NM_MUN":"Uberlândia","SIGLA_UF":"MG"}},{"arcs":[[-7191,7339,7340,7341,7342,7343,7344,-7324,-7277]],"type":"Polygon","properties":{"CD_MUN":"3148608","NM_MUN":"Peçanha","SIGLA_UF":"MG"}},{"arcs":[[-7197,7345,7346,7347,-7328,-7228]],"type":"Polygon","properties":{"CD_MUN":"3163300","NM_MUN":"São José do Divino","SIGLA_UF":"MG"}},{"arcs":[[-7209,-7335,7348,7349,-7301]],"type":"Polygon","properties":{"CD_MUN":"3140605","NM_MUN":"Materlândia","SIGLA_UF":"MG"}},{"arcs":[[-7280,-7302,-7350,7350]],"type":"Polygon","properties":{"CD_MUN":"3160207","NM_MUN":"Santo Antônio do Itambé","SIGLA_UF":"MG"}},{"arcs":[[-7313,7351,7352,7353,7354,7355,7356,7357,7358]],"type":"Polygon","properties":{"CD_MUN":"3159803","NM_MUN":"Santa Vitória","SIGLA_UF":"MG"}},{"arcs":[[-7170,-7263,7359]],"type":"Polygon","properties":{"CD_MUN":"3143609","NM_MUN":"Morro da Garça","SIGLA_UF":"MG"}},{"arcs":[[-7265,-7329,-7348,7360,7361]],"type":"Polygon","properties":{"CD_MUN":"3144904","NM_MUN":"Nova Módica","SIGLA_UF":"MG"}},{"arcs":[[-7190,7362,7363,-7340]],"type":"Polygon","properties":{"CD_MUN":"3171907","NM_MUN":"Virgolândia","SIGLA_UF":"MG"}},{"arcs":[[-7165,-7171,-7360,-7262,7364,-7234]],"type":"Polygon","properties":{"CD_MUN":"3125705","NM_MUN":"Felixlândia","SIGLA_UF":"MG"}},{"arcs":[[-7189,-7293,7365,7366,-7363]],"type":"Polygon","properties":{"CD_MUN":"3144201","NM_MUN":"Nacip Raydan","SIGLA_UF":"MG"}},{"arcs":[[-7281,-7351,-7349,-7334,-7326,7367,7368,7369,7370]],"type":"Polygon","properties":{"CD_MUN":"3156809","NM_MUN":"Sabinópolis","SIGLA_UF":"MG"}},{"arcs":[[-7184,-7267,7371,7372,7373]],"type":"Polygon","properties":{"CD_MUN":"3126901","NM_MUN":"Frei Inocêncio","SIGLA_UF":"MG"}},{"arcs":[[-7245,-7305,7374,-7256,7375,-7254,-7247]],"type":"Polygon","properties":{"CD_MUN":"3153202","NM_MUN":"Presidente Juscelino","SIGLA_UF":"MG"}},{"arcs":[[-7214,7376]],"type":"Polygon","properties":{"CD_MUN":"3137502","NM_MUN":"Lagoa Formosa","SIGLA_UF":"MG"}},{"arcs":[[-7185,-7374,7377,7378,7379,-7366,-7292]],"type":"Polygon","properties":{"CD_MUN":"3140100","NM_MUN":"Marilac","SIGLA_UF":"MG"}},{"arcs":[[-7146,-7218,7380,7381]],"type":"Polygon","properties":{"CD_MUN":"3128907","NM_MUN":"Guimarânia","SIGLA_UF":"MG"}},{"arcs":[[-7213,-7323,7382,7383,7384,-7215,-7377]],"type":"Polygon","properties":{"CD_MUN":"3114303","NM_MUN":"Carmo do Paranaíba","SIGLA_UF":"MG"}},{"arcs":[[-7284,7385,-7286]],"type":"Polygon","properties":{"CD_MUN":"3153301","NM_MUN":"Presidente Kubitschek","SIGLA_UF":"MG"}},{"arcs":[[-7147,-7382,7386,7387,7388,7389,-7273]],"type":"Polygon","properties":{"CD_MUN":"3148103","NM_MUN":"Patrocínio","SIGLA_UF":"MG"}},{"arcs":[[-7312,-7332,7390,-7352]],"type":"Polygon","properties":{"CD_MUN":"3129103","NM_MUN":"Gurinhatã","SIGLA_UF":"MG"}},{"arcs":[[-7255,-7376]],"type":"Polygon","properties":{"CD_MUN":"3131109","NM_MUN":"Inimutaba","SIGLA_UF":"MG"}},{"arcs":[[-7237,7391,-7316]],"type":"Polygon","properties":{"CD_MUN":"3107000","NM_MUN":"Biquinhas","SIGLA_UF":"MG"}},{"arcs":[[-7341,-7364,-7367,-7380,7392,7393]],"type":"Polygon","properties":{"CD_MUN":"3119203","NM_MUN":"Coroaci","SIGLA_UF":"MG"}},{"arcs":[[-7196,7394,7395,-7346]],"type":"Polygon","properties":{"CD_MUN":"3131802","NM_MUN":"Itabirinha","SIGLA_UF":"MG"}},{"arcs":[[-7395,7396,7397,7398,7399]],"type":"Polygon","properties":{"CD_MUN":"3139607","NM_MUN":"Mantena","SIGLA_UF":"MG"}},{"arcs":[[-7283,7400,7401,7402,7403,7404,7405,7406,7407,7408,7409,-7303,-7287,-7386]],"type":"Polygon","properties":{"CD_MUN":"3117504","NM_MUN":"Conceição do Mato Dentro","SIGLA_UF":"MG"}},{"arcs":[[-7257,-7375,-7304,-7410,7410,7411,7412,7413,7414]],"type":"Polygon","properties":{"CD_MUN":"3158508","NM_MUN":"Santana de Pirapama","SIGLA_UF":"MG"}},{"arcs":[[-7275,7415,7416,-7308]],"type":"Polygon","properties":{"CD_MUN":"3156403","NM_MUN":"Romaria","SIGLA_UF":"MG"}},{"arcs":[[-7373,7417,-7378]],"type":"Polygon","properties":{"CD_MUN":"3171501","NM_MUN":"Mathias Lobato","SIGLA_UF":"MG"}},{"arcs":[[-7347,-7396,-7400,7418,7419,-7361]],"type":"Polygon","properties":{"CD_MUN":"3141504","NM_MUN":"Mendes Pimentel","SIGLA_UF":"MG"}},{"arcs":[[-7226,-7310,7420,7421,-7336]],"type":"Polygon","properties":{"CD_MUN":"3130705","NM_MUN":"Indianópolis","SIGLA_UF":"MG"}},{"arcs":[[-7266,-7362,7422,7423,7424,7425,7426,7427,7428,7429,-7393,-7379,-7418,-7372]],"type":"Polygon","properties":{"CD_MUN":"3127701","NM_MUN":"Governador Valadares","SIGLA_UF":"MG"}},{"arcs":[[-7325,-7345,7430,7431,7432,7433,7434,7435,-7368]],"type":"Polygon","properties":{"CD_MUN":"3128006","NM_MUN":"Guanhães","SIGLA_UF":"MG"}},{"arcs":[[-7282,-7371,7436,-7401]],"type":"Polygon","properties":{"CD_MUN":"3102407","NM_MUN":"Alvorada de Minas","SIGLA_UF":"MG"}},{"arcs":[[-7236,7437,7438,-7317,-7392]],"type":"Polygon","properties":{"CD_MUN":"3146404","NM_MUN":"Paineiras","SIGLA_UF":"MG"}},{"arcs":[[-7409,7439,-7411]],"type":"Polygon","properties":{"CD_MUN":"3118106","NM_MUN":"Congonhas do Norte","SIGLA_UF":"MG"}},{"arcs":[[-7344,7440,7441,-7431]],"type":"Polygon","properties":{"CD_MUN":"3171808","NM_MUN":"Virginópolis","SIGLA_UF":"MG"}},{"arcs":[[-7420,7442,7443,-7423]],"type":"Polygon","properties":{"CD_MUN":"3122108","NM_MUN":"Divino das Laranjeiras","SIGLA_UF":"MG"}},{"arcs":[[-7295,-7339,7444,7445,7446,7447,-7330]],"type":"Polygon","properties":{"CD_MUN":"3152808","NM_MUN":"Prata","SIGLA_UF":"MG"}},{"arcs":[[-7235,-7365,-7261,7448,7449,7450,7451]],"type":"Polygon","properties":{"CD_MUN":"3152006","NM_MUN":"Pompéu","SIGLA_UF":"MG"}},{"arcs":[[-7217,7452,-7387,-7381]],"type":"Polygon","properties":{"CD_MUN":"3120706","NM_MUN":"Cruzeiro da Fortaleza","SIGLA_UF":"MG"}},{"arcs":[[-7309,-7417,7453,7454,7455,7456,7457,-7421]],"type":"Polygon","properties":{"CD_MUN":"3145000","NM_MUN":"Nova Ponte","SIGLA_UF":"MG"}},{"arcs":[[-7343,7458,7459,-7441]],"type":"Polygon","properties":{"CD_MUN":"3122207","NM_MUN":"Divinolândia de Minas","SIGLA_UF":"MG"}},{"arcs":[[-7216,-7385,7460,7461,7462,-7388,-7453]],"type":"Polygon","properties":{"CD_MUN":"3166808","NM_MUN":"Serra do Salitre","SIGLA_UF":"MG"}},{"arcs":[[-7274,-7390,7463,7464,-7454,-7416]],"type":"Polygon","properties":{"CD_MUN":"3131604","NM_MUN":"Iraí de Minas","SIGLA_UF":"MG"}},{"arcs":[[-7370,7465,7466,-7402,-7437]],"type":"Polygon","properties":{"CD_MUN":"3122603","NM_MUN":"Dom Joaquim","SIGLA_UF":"MG"}},{"arcs":[[-7438,-7452,7467,7468,7469]],"type":"Polygon","properties":{"CD_MUN":"3100203","NM_MUN":"Abaeté","SIGLA_UF":"MG"}},{"arcs":[[-7342,-7394,-7430,7470,7471,-7459]],"type":"Polygon","properties":{"CD_MUN":"3165503","NM_MUN":"Sardoá","SIGLA_UF":"MG"}},{"arcs":[[-7322,7472,7473,-7383]],"type":"Polygon","properties":{"CD_MUN":"3103801","NM_MUN":"Arapuá","SIGLA_UF":"MG"}},{"arcs":[[-7369,-7436,7474,7475,-7466]],"type":"Polygon","properties":{"CD_MUN":"3166105","NM_MUN":"Senhora do Porto","SIGLA_UF":"MG"}},{"arcs":[[-7399,7476,7477,7478,-7443,-7419]],"type":"Polygon","properties":{"CD_MUN":"3115706","NM_MUN":"Central de Minas","SIGLA_UF":"MG"}},{"arcs":[[-7432,-7442,-7460,-7472,7479,7480]],"type":"Polygon","properties":{"CD_MUN":"3127503","NM_MUN":"Gonzaga","SIGLA_UF":"MG"}},{"arcs":[[-7424,-7444,-7479,7481,7482]],"type":"Polygon","properties":{"CD_MUN":"3127305","NM_MUN":"Galiléia","SIGLA_UF":"MG"}},{"arcs":[[-7471,7483,7484,-7480]],"type":"Polygon","properties":{"CD_MUN":"3157500","NM_MUN":"Santa Efigênia de Minas","SIGLA_UF":"MG"}},{"arcs":[[-7429,7485,-7484]],"type":"Polygon","properties":{"CD_MUN":"3161601","NM_MUN":"São Geraldo da Piedade","SIGLA_UF":"MG"}},{"arcs":[[-7318,-7439,-7470,7486]],"type":"Polygon","properties":{"CD_MUN":"3115607","NM_MUN":"Cedro do Abaeté","SIGLA_UF":"MG"}},{"arcs":[[-65,-108,-83,7487,7488,7489,-7337,-7422,-7458,7490,7491]],"type":"Polygon","properties":{"CD_MUN":"3170107","NM_MUN":"Uberaba","SIGLA_UF":"MG"}},{"arcs":[[-7258,-7415,7492,7493,7494]],"type":"Polygon","properties":{"CD_MUN":"3118908","NM_MUN":"Cordisburgo","SIGLA_UF":"MG"}},{"arcs":[[-7384,-7474,7495,7496,7497,7498,-7461]],"type":"Polygon","properties":{"CD_MUN":"3155504","NM_MUN":"Rio Paranaíba","SIGLA_UF":"MG"}},{"arcs":[[-7455,-7465,7499,7500]],"type":"Polygon","properties":{"CD_MUN":"3149200","NM_MUN":"Pedrinópolis","SIGLA_UF":"MG"}},{"arcs":[[-7434,7501,7502,7503,7504]],"type":"Polygon","properties":{"CD_MUN":"3108800","NM_MUN":"Braúnas","SIGLA_UF":"MG"}},{"arcs":[[-7435,-7505,7505,7506,-7475]],"type":"Polygon","properties":{"CD_MUN":"3123106","NM_MUN":"Dores de Guanhães","SIGLA_UF":"MG"}},{"arcs":[[-7389,-7463,7507,7508,7509,7510,-7500,-7464]],"type":"Polygon","properties":{"CD_MUN":"3149804","NM_MUN":"Perdizes","SIGLA_UF":"MG"}},{"arcs":[[-7331,-7448,7511,7512,7513,-7353,-7391]],"type":"Polygon","properties":{"CD_MUN":"3111101","NM_MUN":"Campina Verde","SIGLA_UF":"MG"}},{"arcs":[[-1,-16,-26,-47,-51,-6694,-6662,7514,7515,-7354,-7514,7516,-20,-17,-5]],"type":"Polygon","properties":{"CD_MUN":"3134400","NM_MUN":"Iturama","SIGLA_UF":"MG"}},{"arcs":[[-7321,7517,-7496,-7473]],"type":"Polygon","properties":{"CD_MUN":"3141207","NM_MUN":"Matutina","SIGLA_UF":"MG"}},{"arcs":[[-7403,-7467,-7476,-7507,7518]],"type":"Polygon","properties":{"CD_MUN":"3113800","NM_MUN":"Carmésia","SIGLA_UF":"MG"}},{"arcs":[[-7428,7519,7520,7521,7522,7523,7524,-7502,-7433,-7481,-7485,-7486]],"type":"Polygon","properties":{"CD_MUN":"3100500","NM_MUN":"Açucena","SIGLA_UF":"MG"}},{"arcs":[[-7478,7525,7526,7527,7528,7529,7530,7531,7532,7533,-7482]],"type":"Polygon","properties":{"CD_MUN":"3118403","NM_MUN":"Conselheiro Pena","SIGLA_UF":"MG"}},{"arcs":[[-7425,-7483,-7534,7534,7535,7536]],"type":"Polygon","properties":{"CD_MUN":"3169505","NM_MUN":"Tumiritinga","SIGLA_UF":"MG"}},{"arcs":[[-7408,7537,7538,7539,7540,-7412,-7440]],"type":"Polygon","properties":{"CD_MUN":"3159001","NM_MUN":"Santana do Riacho","SIGLA_UF":"MG"}},{"arcs":[[-7456,-7501,-7511,7541]],"type":"Polygon","properties":{"CD_MUN":"3157708","NM_MUN":"Santa Juliana","SIGLA_UF":"MG"}},{"arcs":[[-7426,-7537,7542,7543]],"type":"Polygon","properties":{"CD_MUN":"3101805","NM_MUN":"Alpercata","SIGLA_UF":"MG"}},{"arcs":[[-7319,-7487,-7469,7544,7545,7546,7547]],"type":"Polygon","properties":{"CD_MUN":"3153707","NM_MUN":"Quartel Geral","SIGLA_UF":"MG"}},{"arcs":[[-7413,-7541,7548,7549,7550,7551]],"type":"Polygon","properties":{"CD_MUN":"3105004","NM_MUN":"Baldim","SIGLA_UF":"MG"}},{"arcs":[[-7414,-7552,7552,7553,7554,-7493]],"type":"Polygon","properties":{"CD_MUN":"3135704","NM_MUN":"Jequitibá","SIGLA_UF":"MG"}},{"arcs":[[-7320,-7548,7555,7556,7557,7558,-7497,-7518]],"type":"Polygon","properties":{"CD_MUN":"3162104","NM_MUN":"São Gotardo","SIGLA_UF":"MG"}},{"arcs":[[-7533,7559,7560,-7535]],"type":"Polygon","properties":{"CD_MUN":"3133204","NM_MUN":"Itanhomi","SIGLA_UF":"MG"}},{"arcs":[[-7259,-7495,7561,7562,7563,7564,7565,7566,7567]],"type":"Polygon","properties":{"CD_MUN":"3147402","NM_MUN":"Paraopeba","SIGLA_UF":"MG"}},{"arcs":[[-7536,-7561,7568,7569,7570,-7543]],"type":"Polygon","properties":{"CD_MUN":"3123700","NM_MUN":"Engenheiro Caldas","SIGLA_UF":"MG"}},{"arcs":[[-7404,-7519,-7506,-7504,7571,7572,7573,7574,7575,7576]],"type":"Polygon","properties":{"CD_MUN":"3125903","NM_MUN":"Ferros","SIGLA_UF":"MG"}},{"arcs":[[-7427,-7544,-7571,7577,-7520]],"type":"Polygon","properties":{"CD_MUN":"3125804","NM_MUN":"Fernandes Tourinho","SIGLA_UF":"MG"}},{"arcs":[[-7407,7578,7579,7580,-7538]],"type":"Polygon","properties":{"CD_MUN":"3143708","NM_MUN":"Morro do Pilar","SIGLA_UF":"MG"}},{"arcs":[[-7451,7581,7582,7583,7584,-7545,-7468]],"type":"Polygon","properties":{"CD_MUN":"3140506","NM_MUN":"Martinho Campos","SIGLA_UF":"MG"}},{"arcs":[[-7494,-7555,7585,-7562]],"type":"Polygon","properties":{"CD_MUN":"3103207","NM_MUN":"Araçaí","SIGLA_UF":"MG"}},{"arcs":[[-7462,-7499,7586,7587,7588,7589,7590,-7508]],"type":"Polygon","properties":{"CD_MUN":"3129509","NM_MUN":"Ibiá","SIGLA_UF":"MG"}},{"arcs":[[-7260,-7568,7591,7592,7593,-7449]],"type":"Polygon","properties":{"CD_MUN":"3146909","NM_MUN":"Papagaios","SIGLA_UF":"MG"}},{"arcs":[[-7503,-7525,7594,7595,-7572]],"type":"Polygon","properties":{"CD_MUN":"3136108","NM_MUN":"Joanésia","SIGLA_UF":"MG"}},{"arcs":[[-7547,7596,7597,-7556]],"type":"Polygon","properties":{"CD_MUN":"3166600","NM_MUN":"Serra da Saudade","SIGLA_UF":"MG"}},{"arcs":[[-7524,7598,7599,7600,7601,-7595]],"type":"Polygon","properties":{"CD_MUN":"3141702","NM_MUN":"Mesquita","SIGLA_UF":"MG"}},{"arcs":[[-7546,-7585,7602,7603,7604,-7597]],"type":"Polygon","properties":{"CD_MUN":"3123205","NM_MUN":"Dores do Indaiá","SIGLA_UF":"MG"}},{"arcs":[[-7406,7605,-7579]],"type":"Polygon","properties":{"CD_MUN":"3160504","NM_MUN":"Santo Antônio do Rio Abaixo","SIGLA_UF":"MG"}},{"arcs":[[-7338,-7490,7606,7607,-7445]],"type":"Polygon","properties":{"CD_MUN":"3171105","NM_MUN":"Veríssimo","SIGLA_UF":"MG"}},{"arcs":[[-7521,-7578,-7570,7608,7609,7610]],"type":"Polygon","properties":{"CD_MUN":"3167707","NM_MUN":"Sobrália","SIGLA_UF":"MG"}},{"arcs":[[-7528,7611,7612,7613,7614]],"type":"Polygon","properties":{"CD_MUN":"3154309","NM_MUN":"Resplendor","SIGLA_UF":"MG"}},{"arcs":[[-7523,7615,7616,-7599]],"type":"Polygon","properties":{"CD_MUN":"3106309","NM_MUN":"Belo Oriente","SIGLA_UF":"MG"}},{"arcs":[[-7564,7617]],"type":"Polygon","properties":{"CD_MUN":"3109907","NM_MUN":"Caetanópolis","SIGLA_UF":"MG"}},{"arcs":[[-7540,7618,7619,7620,7621,7622,7623,7624,7625,-7549]],"type":"Polygon","properties":{"CD_MUN":"3134608","NM_MUN":"Jaboticatubas","SIGLA_UF":"MG"}},{"arcs":[[-7522,-7611,7626,7627,7628,-7616]],"type":"Polygon","properties":{"CD_MUN":"3129301","NM_MUN":"Iapu","SIGLA_UF":"MG"}},{"arcs":[[-7532,7629,7630,7631,7632,-7609,-7569,-7560]],"type":"Polygon","properties":{"CD_MUN":"3168408","NM_MUN":"Tarumirim","SIGLA_UF":"MG"}},{"arcs":[[-58,7633,-7491,-7457,-7542,-7510,7634,7635,7636,7637,7638,-89]],"type":"Polygon","properties":{"CD_MUN":"3156908","NM_MUN":"Sacramento","SIGLA_UF":"MG"}},{"arcs":[[-7551,7639,7640,7641,-7553]],"type":"Polygon","properties":{"CD_MUN":"3127206","NM_MUN":"Funilândia","SIGLA_UF":"MG"}},{"arcs":[[-7405,-7577,7642,7643,-7580,-7606]],"type":"Polygon","properties":{"CD_MUN":"3164803","NM_MUN":"São Sebastião do Rio Preto","SIGLA_UF":"MG"}},{"arcs":[[-7554,-7642,7644,7645,7646,7647,-7565,-7618,-7563,-7586]],"type":"Polygon","properties":{"CD_MUN":"3167202","NM_MUN":"Sete Lagoas","SIGLA_UF":"MG"}},{"arcs":[[-7509,-7591,7648,-7635]],"type":"Polygon","properties":{"CD_MUN":"3104007","NM_MUN":"Araxá","SIGLA_UF":"MG"}},{"arcs":[[-7498,-7559,7649,7650,7651,7652,-7587]],"type":"Polygon","properties":{"CD_MUN":"3111507","NM_MUN":"Campos Altos","SIGLA_UF":"MG"}},{"arcs":[[-33,-39,7653,-7512,7654,7655]],"type":"Polygon","properties":{"CD_MUN":"3133402","NM_MUN":"Itapagipe","SIGLA_UF":"MG"}},{"arcs":[[-7447,7656,7657,-7655]],"type":"Polygon","properties":{"CD_MUN":"3116902","NM_MUN":"Comendador Gomes","SIGLA_UF":"MG"}},{"arcs":[[-7446,-7608,7658,7659,7660,-7657]],"type":"Polygon","properties":{"CD_MUN":"3111408","NM_MUN":"Campo Florido","SIGLA_UF":"MG"}},{"arcs":[[-7557,-7598,-7605,7661,7662,7663]],"type":"Polygon","properties":{"CD_MUN":"3124708","NM_MUN":"Estrela do Indaiá","SIGLA_UF":"MG"}},{"arcs":[[-7575,7664,7665,7666,7667,7668]],"type":"Polygon","properties":{"CD_MUN":"3158003","NM_MUN":"Santa Maria de Itabira","SIGLA_UF":"MG"}},{"arcs":[[-7539,-7581,-7644,7669,-7668,7670,-7619]],"type":"Polygon","properties":{"CD_MUN":"3132800","NM_MUN":"Itambé do Mato Dentro","SIGLA_UF":"MG"}},{"arcs":[[-7558,-7664,7671,-7650]],"type":"Polygon","properties":{"CD_MUN":"3159704","NM_MUN":"Santa Rosa da Serra","SIGLA_UF":"MG"}},{"arcs":[[-7576,-7669,-7670,-7643]],"type":"Polygon","properties":{"CD_MUN":"3147501","NM_MUN":"Passabém","SIGLA_UF":"MG"}},{"arcs":[[-7610,-7633,7672,7673,-7627]],"type":"Polygon","properties":{"CD_MUN":"3162609","NM_MUN":"São João do Oriente","SIGLA_UF":"MG"}},{"arcs":[[-21,-7517,-7513,-7654,-38,-27]],"type":"Polygon","properties":{"CD_MUN":"3161304","NM_MUN":"São Francisco de Sales","SIGLA_UF":"MG"}},{"arcs":[[-7593,7674,7675,7676,7677]],"type":"Polygon","properties":{"CD_MUN":"3139706","NM_MUN":"Maravilhas","SIGLA_UF":"MG"}},{"arcs":[[-7566,-7648,7678,7679,7680,7681]],"type":"Polygon","properties":{"CD_MUN":"3131000","NM_MUN":"Inhaúma","SIGLA_UF":"MG"}},{"arcs":[[-7450,-7594,-7678,7682,7683,7684,-7582]],"type":"Polygon","properties":{"CD_MUN":"3151404","NM_MUN":"Pitangui","SIGLA_UF":"MG"}},{"arcs":[[-7641,7685,7686,-7645]],"type":"Polygon","properties":{"CD_MUN":"3153608","NM_MUN":"Prudente de Morais","SIGLA_UF":"MG"}},{"arcs":[[-7567,-7682,7687,-7680,7688,7689,7690,-7675,-7592]],"type":"Polygon","properties":{"CD_MUN":"3126406","NM_MUN":"Fortuna de Minas","SIGLA_UF":"MG"}},{"arcs":[[-7550,-7626,7691,7692,7693,-7686,-7640]],"type":"Polygon","properties":{"CD_MUN":"3141108","NM_MUN":"Matozinhos","SIGLA_UF":"MG"}},{"arcs":[[-7531,7694,7695,-7630]],"type":"Polygon","properties":{"CD_MUN":"3102209","NM_MUN":"Alvarenga","SIGLA_UF":"MG"}},{"arcs":[[-7573,-7596,-7602,7696,7697,7698]],"type":"Polygon","properties":{"CD_MUN":"3119401","NM_MUN":"Coronel Fabriciano","SIGLA_UF":"MG"}},{"arcs":[[-7600,-7617,-7629,7699,7700,7701,7702,7703,7704,7705,7706]],"type":"Polygon","properties":{"CD_MUN":"3113404","NM_MUN":"Caratinga","SIGLA_UF":"MG"}},{"arcs":[[-7584,7707,7708,7709,7710,7711,-7603]],"type":"Polygon","properties":{"CD_MUN":"3107406","NM_MUN":"Bom Despacho","SIGLA_UF":"MG"}},{"arcs":[[-7529,-7615,7712,7713,7714]],"type":"Polygon","properties":{"CD_MUN":"3159506","NM_MUN":"Santa Rita do Itueto","SIGLA_UF":"MG"}},{"arcs":[[-7614,7715,7716,-7713]],"type":"Polygon","properties":{"CD_MUN":"3134103","NM_MUN":"Itueta","SIGLA_UF":"MG"}},{"arcs":[[-7601,-7707,7717,-7697]],"type":"Polygon","properties":{"CD_MUN":"3131307","NM_MUN":"Ipatinga","SIGLA_UF":"MG"}},{"arcs":[[-7681,-7688]],"type":"Polygon","properties":{"CD_MUN":"3109600","NM_MUN":"Cachoeira da Prata","SIGLA_UF":"MG"}},{"arcs":[[-7620,-7671,-7667,7718,7719,7720,7721,7722,7723]],"type":"Polygon","properties":{"CD_MUN":"3131703","NM_MUN":"Itabira","SIGLA_UF":"MG"}},{"arcs":[[-7632,7724,-7673]],"type":"Polygon","properties":{"CD_MUN":"3122504","NM_MUN":"Dom Cavati","SIGLA_UF":"MG"}},{"arcs":[[-7628,-7674,-7725,-7631,-7696,7725,7726,-7700]],"type":"Polygon","properties":{"CD_MUN":"3130903","NM_MUN":"Inhapim","SIGLA_UF":"MG"}},{"arcs":[[-7574,-7699,7727,7728,7729,7730,-7665]],"type":"Polygon","properties":{"CD_MUN":"3103009","NM_MUN":"Antônio Dias","SIGLA_UF":"MG"}},{"arcs":[[-7583,-7685,7731,7732,7733,-7708]],"type":"Polygon","properties":{"CD_MUN":"3138302","NM_MUN":"Leandro Ferreira","SIGLA_UF":"MG"}},{"arcs":[[-7625,7734,7735,7736,7737,-7692]],"type":"Polygon","properties":{"CD_MUN":"3149309","NM_MUN":"Pedro Leopoldo","SIGLA_UF":"MG"}},{"arcs":[[-7676,-7691,7738,7739]],"type":"Polygon","properties":{"CD_MUN":"3149606","NM_MUN":"Pequi","SIGLA_UF":"MG"}},{"arcs":[[-61,-66,-7492,-7634]],"type":"Polygon","properties":{"CD_MUN":"3118205","NM_MUN":"Conquista","SIGLA_UF":"MG"}},{"arcs":[[-7621,-7724,7740,7741,7742]],"type":"Polygon","properties":{"CD_MUN":"3136603","NM_MUN":"Nova União","SIGLA_UF":"MG"}},{"arcs":[[-7651,-7672,-7663,7743,7744,7745]],"type":"Polygon","properties":{"CD_MUN":"3119807","NM_MUN":"Córrego Danta","SIGLA_UF":"MG"}},{"arcs":[[-7646,-7687,-7694,7746]],"type":"Polygon","properties":{"CD_MUN":"3112505","NM_MUN":"Capim Branco","SIGLA_UF":"MG"}},{"arcs":[[-7588,-7653,7747,7748]],"type":"Polygon","properties":{"CD_MUN":"3153004","NM_MUN":"Pratinha","SIGLA_UF":"MG"}},{"arcs":[[-7622,-7743,7749,7750,7751]],"type":"Polygon","properties":{"CD_MUN":"3168309","NM_MUN":"Taquaraçu de Minas","SIGLA_UF":"MG"}},{"arcs":[[-7624,7752,7753,-7735]],"type":"Polygon","properties":{"CD_MUN":"3137601","NM_MUN":"Lagoa Santa","SIGLA_UF":"MG"}},{"arcs":[[-81,-123,7754,7755,-7659,-7607,-7489,7756]],"type":"Polygon","properties":{"CD_MUN":"3117306","NM_MUN":"Conceição das Alagoas","SIGLA_UF":"MG"}},{"arcs":[[-7647,-7747,-7693,-7738,7757,7758,7759,7760,7761,7762,7763,-7689,-7679]],"type":"Polygon","properties":{"CD_MUN":"3124104","NM_MUN":"Esmeraldas","SIGLA_UF":"MG"}},{"arcs":[[-7530,-7715,7764,7765,7766,-7726,-7695]],"type":"Polygon","properties":{"CD_MUN":"3151909","NM_MUN":"Pocrane","SIGLA_UF":"MG"}},{"arcs":[[-7714,-7717,7767,7768,7769,-7765]],"type":"Polygon","properties":{"CD_MUN":"3101102","NM_MUN":"Aimorés","SIGLA_UF":"MG"}},{"arcs":[[-7677,-7740,7770,7771,7772,-7683]],"type":"Polygon","properties":{"CD_MUN":"3145802","NM_MUN":"Onça de Pitangui","SIGLA_UF":"MG"}},{"arcs":[[-34,-7656,-7658,-7661,7773,7774,-145,-193,-127,7775,-109]],"type":"Polygon","properties":{"CD_MUN":"3127107","NM_MUN":"Frutal","SIGLA_UF":"MG"}},{"arcs":[[-7690,-7764,7776,-7771,-7739]],"type":"Polygon","properties":{"CD_MUN":"3163102","NM_MUN":"São José da Varginha","SIGLA_UF":"MG"}},{"arcs":[[-7604,-7712,7777,7778,7779,7780,7781,7782,-7744,-7662]],"type":"Polygon","properties":{"CD_MUN":"3138807","NM_MUN":"Luz","SIGLA_UF":"MG"}},{"arcs":[[-7698,-7718,-7706,7783,7784,7785,-7728]],"type":"Polygon","properties":{"CD_MUN":"3168705","NM_MUN":"Timóteo","SIGLA_UF":"MG"}},{"arcs":[[-7705,7786,7787,7788,-7784]],"type":"Polygon","properties":{"CD_MUN":"3107802","NM_MUN":"Bom Jesus do Galho","SIGLA_UF":"MG"}},{"arcs":[[-7729,-7786,7789,7790]],"type":"Polygon","properties":{"CD_MUN":"3135001","NM_MUN":"Jaguaraçu","SIGLA_UF":"MG"}},{"arcs":[[-7666,-7731,7791,7792,-7719]],"type":"Polygon","properties":{"CD_MUN":"3144706","NM_MUN":"Nova Era","SIGLA_UF":"MG"}},{"arcs":[[-7623,-7752,7793,7794,7795,-7753]],"type":"Polygon","properties":{"CD_MUN":"3157807","NM_MUN":"Santa Luzia","SIGLA_UF":"MG"}},{"arcs":[[-7684,-7773,7796,7797,7798,7799,-7732]],"type":"Polygon","properties":{"CD_MUN":"3117603","NM_MUN":"Conceição do Pará","SIGLA_UF":"MG"}},{"arcs":[[-7590,7800,7801,-7636,-7649]],"type":"Polygon","properties":{"CD_MUN":"3168101","NM_MUN":"Tapira","SIGLA_UF":"MG"}},{"arcs":[[-7785,-7789,7802,7803,7804,-7790]],"type":"Polygon","properties":{"CD_MUN":"3140308","NM_MUN":"Marliéria","SIGLA_UF":"MG"}},{"arcs":[[-7660,-7756,7805,-7774]],"type":"Polygon","properties":{"CD_MUN":"3150703","NM_MUN":"Pirajuba","SIGLA_UF":"MG"}},{"arcs":[[-7723,7806,7807,7808,-7741]],"type":"Polygon","properties":{"CD_MUN":"3107703","NM_MUN":"Bom Jesus do Amparo","SIGLA_UF":"MG"}},{"arcs":[[-7736,-7754,-7796,7809,7810]],"type":"Polygon","properties":{"CD_MUN":"3171204","NM_MUN":"Vespasiano","SIGLA_UF":"MG"}},{"arcs":[[-82,-7757,-7488]],"type":"Polygon","properties":{"CD_MUN":"3100708","NM_MUN":"Água Comprida","SIGLA_UF":"MG"}},{"arcs":[[-7652,-7746,7811,7812,-7748]],"type":"Polygon","properties":{"CD_MUN":"3168200","NM_MUN":"Tapiraí","SIGLA_UF":"MG"}},{"arcs":[[-7763,7813,7814,7815,7816,-7797,-7772,-7777]],"type":"Polygon","properties":{"CD_MUN":"3147105","NM_MUN":"Pará de Minas","SIGLA_UF":"MG"}},{"arcs":[[-7711,7817,7818,-7778]],"type":"Polygon","properties":{"CD_MUN":"3142403","NM_MUN":"Moema","SIGLA_UF":"MG"}},{"arcs":[[-7737,-7811,7819,7820,-7758]],"type":"Polygon","properties":{"CD_MUN":"3154606","NM_MUN":"Ribeirão das Neves","SIGLA_UF":"MG"}},{"arcs":[[-7722,7821,7822,7823,7824,-7807]],"type":"Polygon","properties":{"CD_MUN":"3161908","NM_MUN":"São Gonçalo do Rio Abaixo","SIGLA_UF":"MG"}},{"arcs":[[-7701,-7727,-7767,7825,7826,7827,7828]],"type":"Polygon","properties":{"CD_MUN":"3131208","NM_MUN":"Ipanema","SIGLA_UF":"MG"}},{"arcs":[[-7742,-7809,7829,7830,7831,7832,7833,-7750]],"type":"Polygon","properties":{"CD_MUN":"3110004","NM_MUN":"Caeté","SIGLA_UF":"MG"}},{"arcs":[[-7709,-7734,7834,7835,7836]],"type":"Polygon","properties":{"CD_MUN":"3103900","NM_MUN":"Araújos","SIGLA_UF":"MG"}},{"arcs":[[-7733,-7800,7837,7838,7839,-7835]],"type":"Polygon","properties":{"CD_MUN":"3145208","NM_MUN":"Nova Serrana","SIGLA_UF":"MG"}},{"arcs":[[-7589,-7749,-7813,7840,7841,-7801]],"type":"Polygon","properties":{"CD_MUN":"3141306","NM_MUN":"Medeiros","SIGLA_UF":"MG"}},{"arcs":[[-7751,-7834,7842,7843,7844,-7794]],"type":"Polygon","properties":{"CD_MUN":"3156700","NM_MUN":"Sabará","SIGLA_UF":"MG"}},{"arcs":[[-7762,7845,-7814]],"type":"Polygon","properties":{"CD_MUN":"3126000","NM_MUN":"Florestal","SIGLA_UF":"MG"}},{"arcs":[[-7779,-7819,7846,7847]],"type":"Polygon","properties":{"CD_MUN":"3137205","NM_MUN":"Lagoa da Prata","SIGLA_UF":"MG"}},{"arcs":[[-7836,-7840,7848,7849]],"type":"Polygon","properties":{"CD_MUN":"3149705","NM_MUN":"Perdigão","SIGLA_UF":"MG"}},{"arcs":[[-122,-146,-7775,-7806,-7755]],"type":"Polygon","properties":{"CD_MUN":"3151602","NM_MUN":"Planura","SIGLA_UF":"MG"}},{"arcs":[[-7710,-7837,-7850,7850,7851,7852,7853,7854,7855,-7847,-7818]],"type":"Polygon","properties":{"CD_MUN":"3160405","NM_MUN":"Santo Antônio do Monte","SIGLA_UF":"MG"}},{"arcs":[[-7720,-7793,7856,7857,7858]],"type":"Polygon","properties":{"CD_MUN":"3106002","NM_MUN":"Bela Vista de Minas","SIGLA_UF":"MG"}},{"arcs":[[-7795,-7845,7859,7860,7861,7862,-7820,-7810]],"type":"Polygon","properties":{"CD_MUN":"3106200","NM_MUN":"Belo Horizonte","SIGLA_UF":"MG"}},{"arcs":[[-7730,-7791,-7805,7863,7864,7865,7866,7867,7868,-7857,-7792]],"type":"Polygon","properties":{"CD_MUN":"3161007","NM_MUN":"São Domingos do Prata","SIGLA_UF":"MG"}},{"arcs":[[-7808,-7825,7869,-7830]],"type":"Polygon","properties":{"CD_MUN":"3105400","NM_MUN":"Barão de Cocais","SIGLA_UF":"MG"}},{"arcs":[[-7759,-7821,-7863,7870,7871]],"type":"Polygon","properties":{"CD_MUN":"3118601","NM_MUN":"Contagem","SIGLA_UF":"MG"}},{"arcs":[[-7745,-7783,7872,7873,7874,7875,-7841,-7812]],"type":"Polygon","properties":{"CD_MUN":"3105103","NM_MUN":"Bambuí","SIGLA_UF":"MG"}},{"arcs":[[-7788,7876,7877,7878,-7803]],"type":"Polygon","properties":{"CD_MUN":"3120003","NM_MUN":"Córrego Novo","SIGLA_UF":"MG"}},{"arcs":[[-7799,7879,7880,7881,-7838]],"type":"Polygon","properties":{"CD_MUN":"3161809","NM_MUN":"São Gonçalo do Pará","SIGLA_UF":"MG"}},{"arcs":[[-7766,-7770,7882,7883,7884,7885,-7826]],"type":"Polygon","properties":{"CD_MUN":"3144003","NM_MUN":"Mutum","SIGLA_UF":"MG"}},{"arcs":[[-7760,-7872,7886,7887,7888]],"type":"Polygon","properties":{"CD_MUN":"3106705","NM_MUN":"Betim","SIGLA_UF":"MG"}},{"arcs":[[-7798,-7817,7889,7890,-7880]],"type":"Polygon","properties":{"CD_MUN":"3130200","NM_MUN":"Igaratinga","SIGLA_UF":"MG"}},{"arcs":[[-7721,-7859,7891,-7822]],"type":"Polygon","properties":{"CD_MUN":"3136207","NM_MUN":"João Monlevade","SIGLA_UF":"MG"}},{"arcs":[[-7804,-7879,7892,-7864]],"type":"Polygon","properties":{"CD_MUN":"3121803","NM_MUN":"Dionísio","SIGLA_UF":"MG"}},{"arcs":[[-7637,-7802,-7842,-7876,7893,7894,7895,7896]],"type":"Polygon","properties":{"CD_MUN":"3164308","NM_MUN":"São Roque de Minas","SIGLA_UF":"MG"}},{"arcs":[[-7839,-7882,7897,7898,7899,-7851,-7849]],"type":"Polygon","properties":{"CD_MUN":"3122306","NM_MUN":"Divinópolis","SIGLA_UF":"MG"}},{"arcs":[[-7782,7900,7901,7902,-7873]],"type":"Polygon","properties":{"CD_MUN":"3130309","NM_MUN":"Iguatama","SIGLA_UF":"MG"}},{"arcs":[[-7761,-7889,7903,7904,7905,-7815,-7846]],"type":"Polygon","properties":{"CD_MUN":"3140704","NM_MUN":"Mateus Leme","SIGLA_UF":"MG"}},{"arcs":[[-7816,-7906,7906,7907,-7890]],"type":"Polygon","properties":{"CD_MUN":"3133808","NM_MUN":"Itaúna","SIGLA_UF":"MG"}},{"arcs":[[-110,-7776,-132,-165]],"type":"Polygon","properties":{"CD_MUN":"3127008","NM_MUN":"Fronteira","SIGLA_UF":"MG"}},{"arcs":[[-7823,-7892,-7858,-7869,7908,7909]],"type":"Polygon","properties":{"CD_MUN":"3155702","NM_MUN":"Rio Piracicaba","SIGLA_UF":"MG"}},{"arcs":[[-7824,-7910,7910,7911,7912,7913,7914,-7831,-7870]],"type":"Polygon","properties":{"CD_MUN":"3157203","NM_MUN":"Santa Bárbara","SIGLA_UF":"MG"}},{"arcs":[[-7865,-7893,7915,7916]],"type":"Polygon","properties":{"CD_MUN":"3163409","NM_MUN":"São José do Goiabal","SIGLA_UF":"MG"}},{"arcs":[[-7844,7917,7918,7919,7920,-7860]],"type":"Polygon","properties":{"CD_MUN":"3144805","NM_MUN":"Nova Lima","SIGLA_UF":"MG"}},{"arcs":[[-7704,7921,7922,7923,7924,-7877,-7787]],"type":"Polygon","properties":{"CD_MUN":"3154002","NM_MUN":"Raul Soares","SIGLA_UF":"MG"}},{"arcs":[[-7833,7925,-7918,-7843]],"type":"Polygon","properties":{"CD_MUN":"3153905","NM_MUN":"Raposos","SIGLA_UF":"MG"}},{"arcs":[[-7827,-7886,7926,7927,7928]],"type":"Polygon","properties":{"CD_MUN":"3117405","NM_MUN":"Conceição de Ipanema","SIGLA_UF":"MG"}},{"arcs":[[-7862,7929,7930,-7887,-7871]],"type":"Polygon","properties":{"CD_MUN":"3129806","NM_MUN":"Ibirité","SIGLA_UF":"MG"}},{"arcs":[[-7702,-7829,7931,7932]],"type":"Polygon","properties":{"CD_MUN":"3167608","NM_MUN":"Simonésia","SIGLA_UF":"MG"}},{"arcs":[[-7878,-7925,7933,7934,-7916]],"type":"Polygon","properties":{"CD_MUN":"3164001","NM_MUN":"São Pedro dos Ferros","SIGLA_UF":"MG"}},{"arcs":[[-7888,-7931,7935,7936,-7904]],"type":"Polygon","properties":{"CD_MUN":"3130101","NM_MUN":"Igarapé","SIGLA_UF":"MG"}},{"arcs":[[-7780,-7848,-7856,7937]],"type":"Polygon","properties":{"CD_MUN":"3135308","NM_MUN":"Japaraíba","SIGLA_UF":"MG"}},{"arcs":[[-7781,-7938,-7855,7938,7939,-7901]],"type":"Polygon","properties":{"CD_MUN":"3104205","NM_MUN":"Arcos","SIGLA_UF":"MG"}},{"arcs":[[-7881,-7891,-7908,7940,7941,7942,-7898]],"type":"Polygon","properties":{"CD_MUN":"3114204","NM_MUN":"Carmo do Cajuru","SIGLA_UF":"MG"}},{"arcs":[[-7832,-7915,7943,-7919,-7926]],"type":"Polygon","properties":{"CD_MUN":"3154804","NM_MUN":"Rio Acima","SIGLA_UF":"MG"}},{"arcs":[[-7638,-7897,7944,7945,7946,7947]],"type":"Polygon","properties":{"CD_MUN":"3121209","NM_MUN":"Delfinópolis","SIGLA_UF":"MG"}},{"arcs":[[-7861,-7921,7948,7949,7950,7951,7952,7953,-7936,-7930]],"type":"Polygon","properties":{"CD_MUN":"3109006","NM_MUN":"Brumadinho","SIGLA_UF":"MG"}},{"arcs":[[-7828,-7929,7954,7955,7956,-7932]],"type":"Polygon","properties":{"CD_MUN":"3158904","NM_MUN":"Santana do Manhuaçu","SIGLA_UF":"MG"}},{"arcs":[[-7868,7957,7958,7959,-7911,-7909]],"type":"Polygon","properties":{"CD_MUN":"3102308","NM_MUN":"Alvinópolis","SIGLA_UF":"MG"}},{"arcs":[[-7866,-7917,-7935,7960,7961,7962,7963,7964,7965]],"type":"Polygon","properties":{"CD_MUN":"3154903","NM_MUN":"Rio Casca","SIGLA_UF":"MG"}},{"arcs":[[-90,-7639,-7948,7966,7967,-283,-229,7968]],"type":"Polygon","properties":{"CD_MUN":"3129707","NM_MUN":"Ibiraci","SIGLA_UF":"MG"}},{"arcs":[[-91,-7969,-228,-199]],"type":"Polygon","properties":{"CD_MUN":"3116407","NM_MUN":"Claraval","SIGLA_UF":"MG"}},{"arcs":[[-7867,-7966,7969,7970,7971,-7958]],"type":"Polygon","properties":{"CD_MUN":"3122702","NM_MUN":"Dom Silvério","SIGLA_UF":"MG"}},{"arcs":[[-7852,-7900,7972,7973]],"type":"Polygon","properties":{"CD_MUN":"3164605","NM_MUN":"São Sebastião do Oeste","SIGLA_UF":"MG"}},{"arcs":[[-7885,7974,7975,7976,-7927]],"type":"Polygon","properties":{"CD_MUN":"3116001","NM_MUN":"Chalé","SIGLA_UF":"MG"}},{"arcs":[[-7905,-7937,-7954,7977,7978,-7941,-7907]],"type":"Polygon","properties":{"CD_MUN":"3133709","NM_MUN":"Itatiaiuçu","SIGLA_UF":"MG"}},{"arcs":[[-7703,-7933,-7957,7979,7980,7981,7982,7983,7984,7985,-7922]],"type":"Polygon","properties":{"CD_MUN":"3139409","NM_MUN":"Manhuaçu","SIGLA_UF":"MG"}},{"arcs":[[-7853,-7974,7986,7987]],"type":"Polygon","properties":{"CD_MUN":"3148905","NM_MUN":"Pedra do Indaiá","SIGLA_UF":"MG"}},{"arcs":[[-7874,-7903,7988,7989]],"type":"Polygon","properties":{"CD_MUN":"3123403","NM_MUN":"Doresópolis","SIGLA_UF":"MG"}},{"arcs":[[-7928,-7977,7990,-7955]],"type":"Polygon","properties":{"CD_MUN":"3163607","NM_MUN":"São José do Mantimento","SIGLA_UF":"MG"}},{"arcs":[[-7914,7991,7992,-7949,-7920,-7944]],"type":"Polygon","properties":{"CD_MUN":"3131901","NM_MUN":"Itabirito","SIGLA_UF":"MG"}},{"arcs":[[-7953,7993,7994,7995,-7978]],"type":"Polygon","properties":{"CD_MUN":"3155306","NM_MUN":"Rio Manso","SIGLA_UF":"MG"}},{"arcs":[[-7912,-7960,7996,7997,7998,7999,8000]],"type":"Polygon","properties":{"CD_MUN":"3140001","NM_MUN":"Mariana","SIGLA_UF":"MG"}},{"arcs":[[-7956,-7991,-7976,8001,8002,8003,-7980]],"type":"Polygon","properties":{"CD_MUN":"3139508","NM_MUN":"Manhumirim","SIGLA_UF":"MG"}},{"arcs":[[-7884,8004,8005,-8002,-7975]],"type":"Polygon","properties":{"CD_MUN":"3137700","NM_MUN":"Lajinha","SIGLA_UF":"MG"}},{"arcs":[[-7913,-8001,8006,8007,8008,8009,8010,8011,8012,-7992]],"type":"Polygon","properties":{"CD_MUN":"3146107","NM_MUN":"Ouro Preto","SIGLA_UF":"MG"}},{"arcs":[[-7923,-7986,8013,8014]],"type":"Polygon","properties":{"CD_MUN":"3112901","NM_MUN":"Caputira","SIGLA_UF":"MG"}},{"arcs":[[-7965,8015,8016,8017,8018,-7970]],"type":"Polygon","properties":{"CD_MUN":"3157401","NM_MUN":"Santa Cruz do Escalvado","SIGLA_UF":"MG"}},{"arcs":[[-7902,-7940,8019,8020,8021,-7989]],"type":"Polygon","properties":{"CD_MUN":"3146503","NM_MUN":"Pains","SIGLA_UF":"MG"}},{"arcs":[[-7952,8022,8023,8024,-7994]],"type":"Polygon","properties":{"CD_MUN":"3108107","NM_MUN":"Bonfim","SIGLA_UF":"MG"}},{"arcs":[[-7895,8025,8026,8027]],"type":"Polygon","properties":{"CD_MUN":"3170602","NM_MUN":"Vargem Bonita","SIGLA_UF":"MG"}},{"arcs":[[-7899,-7943,8028,8029,8030,8031]],"type":"Polygon","properties":{"CD_MUN":"3116605","NM_MUN":"Cláudio","SIGLA_UF":"MG"}},{"arcs":[[-7973,-8032,8032,8033,8034,8035,-7987]],"type":"Polygon","properties":{"CD_MUN":"3133501","NM_MUN":"Itapecerica","SIGLA_UF":"MG"}},{"arcs":[[-7971,-8019,8036,8037]],"type":"Polygon","properties":{"CD_MUN":"3155009","NM_MUN":"Rio Doce","SIGLA_UF":"MG"}},{"arcs":[[-7959,-7972,-8038,8038,8039,-7997]],"type":"Polygon","properties":{"CD_MUN":"3105707","NM_MUN":"Barra Longa","SIGLA_UF":"MG"}},{"arcs":[[-7947,8040,8041,8042,-7967]],"type":"Polygon","properties":{"CD_MUN":"3115102","NM_MUN":"Cássia","SIGLA_UF":"MG"}},{"arcs":[[-7924,-8015,8043,8044,8045,8046,8047,8048,8049,8050,-7961,-7934]],"type":"Polygon","properties":{"CD_MUN":"3100302","NM_MUN":"Abre Campo","SIGLA_UF":"MG"}},{"arcs":[[-7875,-7990,-8022,8051,8052,-8026,-7894]],"type":"Polygon","properties":{"CD_MUN":"3151503","NM_MUN":"Piumhi","SIGLA_UF":"MG"}},{"arcs":[[-7942,-7979,-7996,8053,8054,8055,-8029]],"type":"Polygon","properties":{"CD_MUN":"3132206","NM_MUN":"Itaguara","SIGLA_UF":"MG"}},{"arcs":[[-7854,-7988,-8036,8056,8057,8058,8059,-8020,-7939]],"type":"Polygon","properties":{"CD_MUN":"3126109","NM_MUN":"Formiga","SIGLA_UF":"MG"}},{"arcs":[[-7950,-7993,-8013,8060]],"type":"Polygon","properties":{"CD_MUN":"3142304","NM_MUN":"Moeda","SIGLA_UF":"MG"}},{"arcs":[[-7896,-8028,8061,8062,8063,-7945]],"type":"Polygon","properties":{"CD_MUN":"3162203","NM_MUN":"São João Batista do Glória","SIGLA_UF":"MG"}},{"arcs":[[-8021,-8060,8064,-8052]],"type":"Polygon","properties":{"CD_MUN":"3150505","NM_MUN":"Pimenta","SIGLA_UF":"MG"}},{"arcs":[[-7964,8065,-8016]],"type":"Polygon","properties":{"CD_MUN":"3150208","NM_MUN":"Piedade de Ponte Nova","SIGLA_UF":"MG"}},{"arcs":[[-7951,-8061,-8012,8066,8067,8068,-8023]],"type":"Polygon","properties":{"CD_MUN":"3106408","NM_MUN":"Belo Vale","SIGLA_UF":"MG"}},{"arcs":[[-7995,-8025,8069,8070,-8054]],"type":"Polygon","properties":{"CD_MUN":"3120607","NM_MUN":"Crucilândia","SIGLA_UF":"MG"}},{"arcs":[[-7985,8071,-8044,-8014]],"type":"Polygon","properties":{"CD_MUN":"3140902","NM_MUN":"Matipó","SIGLA_UF":"MG"}},{"arcs":[[-7946,-8064,8072,8073,8074,8075,8076,-8041]],"type":"Polygon","properties":{"CD_MUN":"3147907","NM_MUN":"Passos","SIGLA_UF":"MG"}},{"arcs":[[-8018,8077,8078,8079,8080,8081,8082,-8039,-8037]],"type":"Polygon","properties":{"CD_MUN":"3152105","NM_MUN":"Ponte Nova","SIGLA_UF":"MG"}},{"arcs":[[-7963,8083,8084,-8078,-8017,-8066]],"type":"Polygon","properties":{"CD_MUN":"3170503","NM_MUN":"Urucânia","SIGLA_UF":"MG"}},{"arcs":[[-7962,-8051,8085,-8084]],"type":"Polygon","properties":{"CD_MUN":"3160108","NM_MUN":"Santo Antônio do Grama","SIGLA_UF":"MG"}},{"arcs":[[-8030,-8056,8086,8087,8088,8089]],"type":"Polygon","properties":{"CD_MUN":"3114501","NM_MUN":"Carmópolis de Minas","SIGLA_UF":"MG"}},{"arcs":[[-8024,-8069,8090,8091,8092,-8070]],"type":"Polygon","properties":{"CD_MUN":"3150406","NM_MUN":"Piedade dos Gerais","SIGLA_UF":"MG"}},{"arcs":[[-284,-7968,-8043,8093,8094,8095,-310]],"type":"Polygon","properties":{"CD_MUN":"3112406","NM_MUN":"Capetinga","SIGLA_UF":"MG"}},{"arcs":[[-7998,-8040,-8083,8096,8097]],"type":"Polygon","properties":{"CD_MUN":"3100401","NM_MUN":"Acaiaca","SIGLA_UF":"MG"}},{"arcs":[[-8027,-8053,8098,8099,-8062]],"type":"Polygon","properties":{"CD_MUN":"3112802","NM_MUN":"Capitólio","SIGLA_UF":"MG"}},{"arcs":[[-8055,-8071,-8093,8100,8101,-8087]],"type":"Polygon","properties":{"CD_MUN":"3150604","NM_MUN":"Piracema","SIGLA_UF":"MG"}},{"arcs":[[-8050,8102,8103,8104,8105,8106,-8079,-8085,-8086]],"type":"Polygon","properties":{"CD_MUN":"3135506","NM_MUN":"Jequeri","SIGLA_UF":"MG"}},{"arcs":[[-8011,8107,8108,8109,8110,-8067]],"type":"Polygon","properties":{"CD_MUN":"3118007","NM_MUN":"Congonhas","SIGLA_UF":"MG"}},{"arcs":[[-8031,-8090,8111,8112,-8033]],"type":"Polygon","properties":{"CD_MUN":"3114006","NM_MUN":"Carmo da Mata","SIGLA_UF":"MG"}},{"arcs":[[-7984,8113,-8045,-8072]],"type":"Polygon","properties":{"CD_MUN":"3157906","NM_MUN":"Santa Margarida","SIGLA_UF":"MG"}},{"arcs":[[-8010,8114,8115,-8108]],"type":"Polygon","properties":{"CD_MUN":"3145901","NM_MUN":"Ouro Branco","SIGLA_UF":"MG"}},{"arcs":[[-7999,-8098,8116,8117]],"type":"Polygon","properties":{"CD_MUN":"3121704","NM_MUN":"Diogo de Vasconcelos","SIGLA_UF":"MG"}},{"arcs":[[-8068,-8111,8118,8119,8120,-8091]],"type":"Polygon","properties":{"CD_MUN":"3135407","NM_MUN":"Jeceaba","SIGLA_UF":"MG"}},{"arcs":[[-8088,-8102,8121,8122,8123]],"type":"Polygon","properties":{"CD_MUN":"3147709","NM_MUN":"Passa Tempo","SIGLA_UF":"MG"}},{"arcs":[[-8059,8124,8125,8126,8127,8128,-8099,-8065]],"type":"Polygon","properties":{"CD_MUN":"3128105","NM_MUN":"Guapé","SIGLA_UF":"MG"}},{"arcs":[[-8042,-8077,8129,8130,-8094]],"type":"Polygon","properties":{"CD_MUN":"3152907","NM_MUN":"Pratápolis","SIGLA_UF":"MG"}},{"arcs":[[-8049,8131,-8103]],"type":"Polygon","properties":{"CD_MUN":"3166303","NM_MUN":"Sericita","SIGLA_UF":"MG"}},{"arcs":[[-8035,8132,8133]],"type":"Polygon","properties":{"CD_MUN":"3110400","NM_MUN":"Camacho","SIGLA_UF":"MG"}},{"arcs":[[-8092,-8121,8134,8135,-8122,-8101]],"type":"Polygon","properties":{"CD_MUN":"3121407","NM_MUN":"Desterro de Entre Rios","SIGLA_UF":"MG"}},{"arcs":[[-7981,-8004,8136,8137]],"type":"Polygon","properties":{"CD_MUN":"3153509","NM_MUN":"Alto Jequitibá","SIGLA_UF":"MG"}},{"arcs":[[-8082,8138,8139,8140,8141,-8117,-8097]],"type":"Polygon","properties":{"CD_MUN":"3128204","NM_MUN":"Guaraciaba","SIGLA_UF":"MG"}},{"arcs":[[-8034,-8113,8142,8143,8144,8145,-8133]],"type":"Polygon","properties":{"CD_MUN":"3161205","NM_MUN":"São Francisco de Paula","SIGLA_UF":"MG"}},{"arcs":[[-8080,-8107,8146,8147]],"type":"Polygon","properties":{"CD_MUN":"3102506","NM_MUN":"Amparo do Serra","SIGLA_UF":"MG"}},{"arcs":[[-7982,-8138,8148,8149,8150,8151]],"type":"Polygon","properties":{"CD_MUN":"3112109","NM_MUN":"Caparaó","SIGLA_UF":"MG"}},{"arcs":[[-286,-311,-8096,8152]],"type":"Polygon","properties":{"CD_MUN":"3165107","NM_MUN":"São Tomás de Aquino","SIGLA_UF":"MG"}},{"arcs":[[-8000,-8118,-8142,8153,8154,8155,8156,8157,-8007]],"type":"Polygon","properties":{"CD_MUN":"3150802","NM_MUN":"Piranga","SIGLA_UF":"MG"}},{"arcs":[[-8063,-8100,-8129,8158,8159,8160,-8073]],"type":"Polygon","properties":{"CD_MUN":"3101904","NM_MUN":"Alpinópolis","SIGLA_UF":"MG"}},{"arcs":[[-7983,-8152,8161,8162,-8046,-8114]],"type":"Polygon","properties":{"CD_MUN":"3122009","NM_MUN":"Divino","SIGLA_UF":"MG"}},{"arcs":[[-8109,-8116,8163,8164,8165,8166,8167]],"type":"Polygon","properties":{"CD_MUN":"3118304","NM_MUN":"Conselheiro Lafaiete","SIGLA_UF":"MG"}},{"arcs":[[-8089,-8124,8168,8169,8170,-8143,-8112]],"type":"Polygon","properties":{"CD_MUN":"3145604","NM_MUN":"Oliveira","SIGLA_UF":"MG"}},{"arcs":[[-8110,-8168,8171,8172,-8119]],"type":"Polygon","properties":{"CD_MUN":"3160900","NM_MUN":"São Brás do Suaçuí","SIGLA_UF":"MG"}},{"arcs":[[-8057,-8134,-8146,8173,8174,8175]],"type":"Polygon","properties":{"CD_MUN":"3112000","NM_MUN":"Candeias","SIGLA_UF":"MG"}},{"arcs":[[-380,-8153,-8095,-8131,8176,8177,8178,8179,-453]],"type":"Polygon","properties":{"CD_MUN":"3164704","NM_MUN":"São Sebastião do Paraíso","SIGLA_UF":"MG"}},{"arcs":[[-8120,-8173,8180,8181,8182,8183,-8135]],"type":"Polygon","properties":{"CD_MUN":"3123908","NM_MUN":"Entre Rios de Minas","SIGLA_UF":"MG"}},{"arcs":[[-8106,8184,8185,8186,-8147]],"type":"Polygon","properties":{"CD_MUN":"3148806","NM_MUN":"Pedra do Anta","SIGLA_UF":"MG"}},{"arcs":[[-8058,-8176,8187,8188,8189,-8125]],"type":"Polygon","properties":{"CD_MUN":"3120201","NM_MUN":"Cristais","SIGLA_UF":"MG"}},{"arcs":[[-8009,8190,8191,8192,-8164,-8115]],"type":"Polygon","properties":{"CD_MUN":"3133907","NM_MUN":"Itaverava","SIGLA_UF":"MG"}},{"arcs":[[-8141,8193,8194,8195,-8154]],"type":"Polygon","properties":{"CD_MUN":"3152303","NM_MUN":"Porto Firme","SIGLA_UF":"MG"}},{"arcs":[[-8151,8196,8197,8198,-8162]],"type":"Polygon","properties":{"CD_MUN":"3124203","NM_MUN":"Espera Feliz","SIGLA_UF":"MG"}},{"arcs":[[-8008,-8158,8199,-8191]],"type":"Polygon","properties":{"CD_MUN":"3115409","NM_MUN":"Catas Altas da Noruega","SIGLA_UF":"MG"}},{"arcs":[[-8081,-8148,-8187,8200,8201,-8139]],"type":"Polygon","properties":{"CD_MUN":"3168507","NM_MUN":"Teixeiras","SIGLA_UF":"MG"}},{"arcs":[[-8048,8202,8203,8204,8205,-8104,-8132]],"type":"Polygon","properties":{"CD_MUN":"3103702","NM_MUN":"Araponga","SIGLA_UF":"MG"}},{"arcs":[[-8167,8206,8207,-8181,-8172]],"type":"Polygon","properties":{"CD_MUN":"3153806","NM_MUN":"Queluzito","SIGLA_UF":"MG"}},{"arcs":[[-8076,8208,-8177,-8130]],"type":"Polygon","properties":{"CD_MUN":"3126307","NM_MUN":"Fortaleza de Minas","SIGLA_UF":"MG"}},{"arcs":[[-8105,-8206,8209,-8185]],"type":"Polygon","properties":{"CD_MUN":"3111705","NM_MUN":"Canaã","SIGLA_UF":"MG"}},{"arcs":[[-8047,-8163,-8199,8210,8211,8212,8213,8214,-8203]],"type":"Polygon","properties":{"CD_MUN":"3113305","NM_MUN":"Carangola","SIGLA_UF":"MG"}},{"arcs":[[-8128,8215,8216,8217,8218,8219,8220,8221,-8159]],"type":"Polygon","properties":{"CD_MUN":"3114402","NM_MUN":"Carmo do Rio Claro","SIGLA_UF":"MG"}},{"arcs":[[-8123,-8136,-8184,8222,8223,8224,8225]],"type":"Polygon","properties":{"CD_MUN":"3154200","NM_MUN":"Resende Costa","SIGLA_UF":"MG"}},{"arcs":[[-8140,-8202,8226,8227,8228,8229,-8194]],"type":"Polygon","properties":{"CD_MUN":"3171303","NM_MUN":"Viçosa","SIGLA_UF":"MG"}},{"arcs":[[-8186,-8210,8230,8231,8232,-8227,-8201]],"type":"Polygon","properties":{"CD_MUN":"3163805","NM_MUN":"São Miguel do Anta","SIGLA_UF":"MG"}},{"arcs":[[-8165,-8193,8233,8234,8235,8236]],"type":"Polygon","properties":{"CD_MUN":"3159100","NM_MUN":"Santana dos Montes","SIGLA_UF":"MG"}},{"arcs":[[-8144,-8171,8237,8238,8239]],"type":"Polygon","properties":{"CD_MUN":"3159902","NM_MUN":"Santo Antônio do Amparo","SIGLA_UF":"MG"}},{"arcs":[[-8127,8240,-8216]],"type":"Polygon","properties":{"CD_MUN":"3130507","NM_MUN":"Ilicínea","SIGLA_UF":"MG"}},{"arcs":[[-8175,8241,8242,8243,8244,-8188]],"type":"Polygon","properties":{"CD_MUN":"3111200","NM_MUN":"Campo Belo","SIGLA_UF":"MG"}},{"arcs":[[-8157,8245,8246,-8234,-8192,-8200]],"type":"Polygon","properties":{"CD_MUN":"3137908","NM_MUN":"Lamim","SIGLA_UF":"MG"}},{"arcs":[[-8145,-8240,8247,8248,-8242,-8174]],"type":"Polygon","properties":{"CD_MUN":"3158805","NM_MUN":"Santana do Jacaré","SIGLA_UF":"MG"}},{"arcs":[[-8182,-8208,8249,8250,8251]],"type":"Polygon","properties":{"CD_MUN":"3114907","NM_MUN":"Casa Grande","SIGLA_UF":"MG"}},{"arcs":[[-8183,-8252,8252,8253,8254,-8223]],"type":"Polygon","properties":{"CD_MUN":"3137403","NM_MUN":"Lagoa Dourada","SIGLA_UF":"MG"}},{"arcs":[[-8075,8255,8256,8257,8258,-8178,-8209]],"type":"Polygon","properties":{"CD_MUN":"3134806","NM_MUN":"Jacuí","SIGLA_UF":"MG"}},{"arcs":[[-8169,-8226,8259,8260,8261,8262]],"type":"Polygon","properties":{"CD_MUN":"3165008","NM_MUN":"São Tiago","SIGLA_UF":"MG"}},{"arcs":[[-8155,-8196,8263,8264,8265,8266]],"type":"Polygon","properties":{"CD_MUN":"3153103","NM_MUN":"Presidente Bernardes","SIGLA_UF":"MG"}},{"arcs":[[-8126,-8190,8267,8268,8269,8270,8271,-8217,-8241]],"type":"Polygon","properties":{"CD_MUN":"3107109","NM_MUN":"Boa Esperança","SIGLA_UF":"MG"}},{"arcs":[[-8156,-8267,8272,8273,8274,-8246]],"type":"Polygon","properties":{"CD_MUN":"3166006","NM_MUN":"Senhora de Oliveira","SIGLA_UF":"MG"}},{"arcs":[[-8166,-8237,8275,8276,-8250,-8207]],"type":"Polygon","properties":{"CD_MUN":"3120409","NM_MUN":"Cristiano Otoni","SIGLA_UF":"MG"}},{"arcs":[[-3812,8277,-8211,-8198,8278]],"type":"Polygon","properties":{"CD_MUN":"3110103","NM_MUN":"Caiana","SIGLA_UF":"MG"}},{"arcs":[[-8235,-8247,-8275,8279,8280,8281]],"type":"Polygon","properties":{"CD_MUN":"3155207","NM_MUN":"Rio Espera","SIGLA_UF":"MG"}},{"arcs":[[-8074,-8161,8282,8283,-8256]],"type":"Polygon","properties":{"CD_MUN":"3107604","NM_MUN":"Bom Jesus da Penha","SIGLA_UF":"MG"}},{"arcs":[[-8170,-8263,8284,8285,8286,8287,-8238]],"type":"Polygon","properties":{"CD_MUN":"3108008","NM_MUN":"Bom Sucesso","SIGLA_UF":"MG"}},{"arcs":[[-8214,8288,8289,8290]],"type":"Polygon","properties":{"CD_MUN":"3161403","NM_MUN":"São Francisco do Glória","SIGLA_UF":"MG"}},{"arcs":[[-8189,-8245,8291,-8268]],"type":"Polygon","properties":{"CD_MUN":"3100807","NM_MUN":"Aguanil","SIGLA_UF":"MG"}},{"arcs":[[-8195,-8230,8292,8293,8294,8295,8296,-8264]],"type":"Polygon","properties":{"CD_MUN":"3148301","NM_MUN":"Paula Cândido","SIGLA_UF":"MG"}},{"arcs":[[-8228,-8233,8297]],"type":"Polygon","properties":{"CD_MUN":"3110202","NM_MUN":"Cajuri","SIGLA_UF":"MG"}},{"arcs":[[-8205,8298,8299,8300,8301,8302,8303,-8231]],"type":"Polygon","properties":{"CD_MUN":"3124005","NM_MUN":"Ervália","SIGLA_UF":"MG"}},{"arcs":[[-8160,-8222,8304,8305,8306,8307,8308,-8283]],"type":"Polygon","properties":{"CD_MUN":"3145109","NM_MUN":"Nova Resende","SIGLA_UF":"MG"}},{"arcs":[[-8225,8309,8310,8311,-8260]],"type":"Polygon","properties":{"CD_MUN":"3156106","NM_MUN":"Ritápolis","SIGLA_UF":"MG"}},{"arcs":[[-8266,8312,8313,8314,8315,-8273]],"type":"Polygon","properties":{"CD_MUN":"3108701","NM_MUN":"Brás Pires","SIGLA_UF":"MG"}},{"arcs":[[-8204,-8215,-8291,8316,8317,-8299]],"type":"Polygon","properties":{"CD_MUN":"3142106","NM_MUN":"Miradouro","SIGLA_UF":"MG"}},{"arcs":[[-454,-8180,8318]],"type":"Polygon","properties":{"CD_MUN":"3132909","NM_MUN":"Itamogi","SIGLA_UF":"MG"}},{"arcs":[[-3811,8319,8320,-8212,-8278]],"type":"Polygon","properties":{"CD_MUN":"3125309","NM_MUN":"Faria Lemos","SIGLA_UF":"MG"}},{"arcs":[[-8236,8321,8322,-8276]],"type":"Polygon","properties":{"CD_MUN":"3113107","NM_MUN":"Caranaíba","SIGLA_UF":"MG"}},{"arcs":[[-8243,-8249,8323,8324]],"type":"Polygon","properties":{"CD_MUN":"3111903","NM_MUN":"Cana Verde","SIGLA_UF":"MG"}},{"arcs":[[-8265,-8297,8325,8326,8327,-8313]],"type":"Polygon","properties":{"CD_MUN":"3165701","NM_MUN":"Senador Firmino","SIGLA_UF":"MG"}},{"arcs":[[-8257,-8284,-8309,8328,8329,8330]],"type":"Polygon","properties":{"CD_MUN":"3163904","NM_MUN":"São Pedro da União","SIGLA_UF":"MG"}},{"arcs":[[-8229,-8298,-8232,-8304,8331,-8293]],"type":"Polygon","properties":{"CD_MUN":"3116704","NM_MUN":"Coimbra","SIGLA_UF":"MG"}},{"arcs":[[-8282,8332,8333,8334,-8322]],"type":"Polygon","properties":{"CD_MUN":"3112208","NM_MUN":"Capela Nova","SIGLA_UF":"MG"}},{"arcs":[[-8221,8335,-8305]],"type":"Polygon","properties":{"CD_MUN":"3117108","NM_MUN":"Conceição da Aparecida","SIGLA_UF":"MG"}},{"arcs":[[-8239,-8288,8336,8337,8338,8339,8340,-8324,-8248]],"type":"Polygon","properties":{"CD_MUN":"3149903","NM_MUN":"Perdões","SIGLA_UF":"MG"}},{"arcs":[[-8251,-8277,-8323,-8335,8341,8342,8343,8344,8345,-8253]],"type":"Polygon","properties":{"CD_MUN":"3113206","NM_MUN":"Carandaí","SIGLA_UF":"MG"}},{"arcs":[[-8274,-8316,8346,-8280]],"type":"Polygon","properties":{"CD_MUN":"3116308","NM_MUN":"Cipotânea","SIGLA_UF":"MG"}},{"arcs":[[-8213,-8321,8347,8348,8349,-8289]],"type":"Polygon","properties":{"CD_MUN":"3149002","NM_MUN":"Pedra Dourada","SIGLA_UF":"MG"}},{"arcs":[[-455,-8319,-8179,-8259,8350,8351,-602,-566]],"type":"Polygon","properties":{"CD_MUN":"3143203","NM_MUN":"Monte Santo de Minas","SIGLA_UF":"MG"}},{"arcs":[[-8294,-8332,-8303,8352,8353]],"type":"Polygon","properties":{"CD_MUN":"3161502","NM_MUN":"São Geraldo","SIGLA_UF":"MG"}},{"arcs":[[-3810,8354,8355,-8348,-8320]],"type":"Polygon","properties":{"CD_MUN":"3169208","NM_MUN":"Tombos","SIGLA_UF":"MG"}},{"arcs":[[-8290,-8350,8356,8357,-8317]],"type":"Polygon","properties":{"CD_MUN":"3171402","NM_MUN":"Vieiras","SIGLA_UF":"MG"}},{"arcs":[[-8218,-8272,8358,8359]],"type":"Polygon","properties":{"CD_MUN":"3111309","NM_MUN":"Campo do Meio","SIGLA_UF":"MG"}},{"arcs":[[-8224,-8255,8360,8361,8362,-8310]],"type":"Polygon","properties":{"CD_MUN":"3119708","NM_MUN":"Coronel Xavier Chaves","SIGLA_UF":"MG"}},{"arcs":[[-8281,-8347,-8315,8363,8364,8365,8366,-8333]],"type":"Polygon","properties":{"CD_MUN":"3102100","NM_MUN":"Alto Rio Doce","SIGLA_UF":"MG"}},{"arcs":[[-8300,-8318,-8358,8367,8368,8369,8370,8371,8372,8373]],"type":"Polygon","properties":{"CD_MUN":"3143906","NM_MUN":"Muriaé","SIGLA_UF":"MG"}},{"arcs":[[-3829,8374,-8368,-8357,-8349,-8356,8375]],"type":"Polygon","properties":{"CD_MUN":"3124906","NM_MUN":"Eugenópolis","SIGLA_UF":"MG"}},{"arcs":[[-8302,8376,8377,8378,-8353]],"type":"Polygon","properties":{"CD_MUN":"3129004","NM_MUN":"Guiricema","SIGLA_UF":"MG"}},{"arcs":[[-8334,-8367,8379,8380,-8342]],"type":"Polygon","properties":{"CD_MUN":"3166204","NM_MUN":"Senhora dos Remédios","SIGLA_UF":"MG"}},{"arcs":[[-8314,-8328,8381,8382,8383,8384,8385,-8364]],"type":"Polygon","properties":{"CD_MUN":"3123304","NM_MUN":"Dores do Turvo","SIGLA_UF":"MG"}},{"arcs":[[-8244,-8325,-8341,8386,8387,8388,8389,8390]],"type":"Polygon","properties":{"CD_MUN":"3144607","NM_MUN":"Nepomuceno","SIGLA_UF":"MG"}},{"arcs":[[-8295,-8354,-8379,8391,8392,8393]],"type":"Polygon","properties":{"CD_MUN":"3172004","NM_MUN":"Visconde do Rio Branco","SIGLA_UF":"MG"}},{"arcs":[[-8254,-8346,8394,8395,8396,8397,8398,-8361]],"type":"Polygon","properties":{"CD_MUN":"3152709","NM_MUN":"Prados","SIGLA_UF":"MG"}},{"arcs":[[-8296,-8394,8399,-8326]],"type":"Polygon","properties":{"CD_MUN":"3121902","NM_MUN":"Divinésia","SIGLA_UF":"MG"}},{"arcs":[[-8269,-8292,-8391,8400]],"type":"Polygon","properties":{"CD_MUN":"3118700","NM_MUN":"Coqueiral","SIGLA_UF":"MG"}},{"arcs":[[-604,8401,-8351,-8258,-8331,8402,-654]],"type":"Polygon","properties":{"CD_MUN":"3128303","NM_MUN":"Guaranésia","SIGLA_UF":"MG"}},{"arcs":[[-8327,-8400,-8393,8403,8404,8405,8406,8407,-8382]],"type":"Polygon","properties":{"CD_MUN":"3169901","NM_MUN":"Ubá","SIGLA_UF":"MG"}},{"arcs":[[-8261,-8312,8408,8409]],"type":"Polygon","properties":{"CD_MUN":"3115201","NM_MUN":"Conceição da Barra de Minas","SIGLA_UF":"MG"}},{"arcs":[[-8308,8410,8411,8412,-8329]],"type":"Polygon","properties":{"CD_MUN":"3136900","NM_MUN":"Juruaia","SIGLA_UF":"MG"}},{"arcs":[[-8311,-8363,8413,-8398,8414,8415,8416,8417,8418,8419,-8409]],"type":"Polygon","properties":{"CD_MUN":"3162500","NM_MUN":"São João del Rei","SIGLA_UF":"MG"}},{"arcs":[[-8343,-8381,8420,8421]],"type":"Polygon","properties":{"CD_MUN":"3154408","NM_MUN":"Ressaquinha","SIGLA_UF":"MG"}},{"arcs":[[-8220,8422,8423,8424,-8306,-8336]],"type":"Polygon","properties":{"CD_MUN":"3102001","NM_MUN":"Alterosa","SIGLA_UF":"MG"}},{"arcs":[[-8271,8425,8426,8427,8428,8429,-8359]],"type":"Polygon","properties":{"CD_MUN":"3111606","NM_MUN":"Campos Gerais","SIGLA_UF":"MG"}},{"arcs":[[-8219,-8360,-8430,8430,8431,8432,8433,8434,8435,-8423]],"type":"Polygon","properties":{"CD_MUN":"3101607","NM_MUN":"Alfenas","SIGLA_UF":"MG"}},{"arcs":[[-8345,8436,-8395]],"type":"Polygon","properties":{"CD_MUN":"3123007","NM_MUN":"Dores de Campos","SIGLA_UF":"MG"}},{"arcs":[[-8362,-8399,-8414]],"type":"Polygon","properties":{"CD_MUN":"3168804","NM_MUN":"Tiradentes","SIGLA_UF":"MG"}},{"arcs":[[-8301,-8374,8437,8438,8439,-8377]],"type":"Polygon","properties":{"CD_MUN":"3142205","NM_MUN":"Miraí","SIGLA_UF":"MG"}},{"arcs":[[-655,-8403,-8330,-8413,8440]],"type":"Polygon","properties":{"CD_MUN":"3128709","NM_MUN":"Guaxupé","SIGLA_UF":"MG"}},{"arcs":[[-8262,-8410,-8420,8441,8442,8443,-8285]],"type":"Polygon","properties":{"CD_MUN":"3144508","NM_MUN":"Nazareno","SIGLA_UF":"MG"}},{"arcs":[[-8287,8444,8445,8446,-8337]],"type":"Polygon","properties":{"CD_MUN":"3130408","NM_MUN":"Ijaci","SIGLA_UF":"MG"}},{"arcs":[[-8307,-8425,8447,8448,8449,-8411]],"type":"Polygon","properties":{"CD_MUN":"3143005","NM_MUN":"Monte Belo","SIGLA_UF":"MG"}},{"arcs":[[-8286,-8444,8450,8451,-8445]],"type":"Polygon","properties":{"CD_MUN":"3130002","NM_MUN":"Ibituruna","SIGLA_UF":"MG"}},{"arcs":[[-8339,8452]],"type":"Polygon","properties":{"CD_MUN":"3154705","NM_MUN":"Ribeirão Vermelho","SIGLA_UF":"MG"}},{"arcs":[[-8338,-8447,8453,8454,8455,-8387,-8340,-8453]],"type":"Polygon","properties":{"CD_MUN":"3138203","NM_MUN":"Lavras","SIGLA_UF":"MG"}},{"arcs":[[-3809,-3816,-3830,-8376,-8355]],"type":"Polygon","properties":{"CD_MUN":"3103108","NM_MUN":"Antônio Prado de Minas","SIGLA_UF":"MG"}},{"arcs":[[-8366,8456,8457,8458,-8421,-8380]],"type":"Polygon","properties":{"CD_MUN":"3121506","NM_MUN":"Desterro do Melo","SIGLA_UF":"MG"}},{"arcs":[[-8365,-8386,8459,8460,8461,8462,8463,8464,-8457]],"type":"Polygon","properties":{"CD_MUN":"3141603","NM_MUN":"Mercês","SIGLA_UF":"MG"}},{"arcs":[[-656,-8441,-8412,-8450,8465,-702]],"type":"Polygon","properties":{"CD_MUN":"3144102","NM_MUN":"Muzambinho","SIGLA_UF":"MG"}},{"arcs":[[-8270,-8401,-8390,8466,-8426]],"type":"Polygon","properties":{"CD_MUN":"3158300","NM_MUN":"Santana da Vargem","SIGLA_UF":"MG"}},{"arcs":[[-8446,-8452,8467,8468,-8454]],"type":"Polygon","properties":{"CD_MUN":"3134301","NM_MUN":"Itumirim","SIGLA_UF":"MG"}},{"arcs":[[-8385,8469,-8460]],"type":"Polygon","properties":{"CD_MUN":"3167301","NM_MUN":"Silveirânia","SIGLA_UF":"MG"}},{"arcs":[[-8344,-8422,-8459,8470,8471,8472,8473,-8415,-8397,8474]],"type":"Polygon","properties":{"CD_MUN":"3105608","NM_MUN":"Barbacena","SIGLA_UF":"MG"}},{"arcs":[[-8396,-8437,-8475]],"type":"Polygon","properties":{"CD_MUN":"3105905","NM_MUN":"Barroso","SIGLA_UF":"MG"}},{"arcs":[[-603,-8352,-8402]],"type":"Polygon","properties":{"CD_MUN":"3104106","NM_MUN":"Arceburgo","SIGLA_UF":"MG"}},{"arcs":[[-8424,-8436,8475,8476,-8448]],"type":"Polygon","properties":{"CD_MUN":"3104304","NM_MUN":"Areado","SIGLA_UF":"MG"}},{"arcs":[[-8443,8477,8478,8479,-8468,-8451]],"type":"Polygon","properties":{"CD_MUN":"3134509","NM_MUN":"Itutinga","SIGLA_UF":"MG"}},{"arcs":[[-8383,-8408,8480,8481]],"type":"Polygon","properties":{"CD_MUN":"3169000","NM_MUN":"Tocantins","SIGLA_UF":"MG"}},{"arcs":[[-8378,-8440,8482,8483,8484,-8404,-8392]],"type":"Polygon","properties":{"CD_MUN":"3128808","NM_MUN":"Guidoval","SIGLA_UF":"MG"}},{"arcs":[[-8384,-8482,8485,8486,8487,-8461,-8470]],"type":"Polygon","properties":{"CD_MUN":"3155801","NM_MUN":"Rio Pomba","SIGLA_UF":"MG"}},{"arcs":[[-8458,-8465,8488,8489,-8471]],"type":"Polygon","properties":{"CD_MUN":"3157302","NM_MUN":"Santa Bárbara do Tugúrio","SIGLA_UF":"MG"}},{"arcs":[[-8389,8490,8491,8492,8493,-8427,-8467]],"type":"Polygon","properties":{"CD_MUN":"3169406","NM_MUN":"Três Pontas","SIGLA_UF":"MG"}},{"arcs":[[-8405,-8485,8494]],"type":"Polygon","properties":{"CD_MUN":"3156304","NM_MUN":"Rodeiro","SIGLA_UF":"MG"}},{"arcs":[[-3828,-3833,8495,-8369,-8375]],"type":"Polygon","properties":{"CD_MUN":"3148202","NM_MUN":"Patrocínio do Muriaé","SIGLA_UF":"MG"}},{"arcs":[[-703,-8466,-8449,-8477,8496,8497]],"type":"Polygon","properties":{"CD_MUN":"3109501","NM_MUN":"Cabo Verde","SIGLA_UF":"MG"}},{"arcs":[[-8407,8498,8499,-8486,-8481]],"type":"Polygon","properties":{"CD_MUN":"3151305","NM_MUN":"Piraúba","SIGLA_UF":"MG"}},{"arcs":[[-8455,-8469,-8480,8500,8501]],"type":"Polygon","properties":{"CD_MUN":"3130804","NM_MUN":"Ingaí","SIGLA_UF":"MG"}},{"arcs":[[-8419,8502,8503,8504,8505,8506,-8478,-8442]],"type":"Polygon","properties":{"CD_MUN":"3114600","NM_MUN":"Carrancas","SIGLA_UF":"MG"}},{"arcs":[[-8473,8507,8508,8509,8510]],"type":"Polygon","properties":{"CD_MUN":"3102902","NM_MUN":"Antônio Carlos","SIGLA_UF":"MG"}},{"arcs":[[-8439,8511,8512,8513,8514,8515,-8483]],"type":"Polygon","properties":{"CD_MUN":"3115300","NM_MUN":"Cataguases","SIGLA_UF":"MG"}},{"arcs":[[-8464,8516,8517,-8489]],"type":"Polygon","properties":{"CD_MUN":"3146602","NM_MUN":"Paiva","SIGLA_UF":"MG"}},{"arcs":[[-8388,-8456,-8502,8518,8519,8520,8521,-8491]],"type":"Polygon","properties":{"CD_MUN":"3113909","NM_MUN":"Carmo da Cachoeira","SIGLA_UF":"MG"}},{"arcs":[[-3832,-3849,8522,-8370,-8496]],"type":"Polygon","properties":{"CD_MUN":"3105509","NM_MUN":"Barão de Monte Alto","SIGLA_UF":"MG"}},{"arcs":[[-8373,8523,-8512,-8438]],"type":"Polygon","properties":{"CD_MUN":"3158409","NM_MUN":"Santana de Cataguases","SIGLA_UF":"MG"}},{"arcs":[[-8429,8524,-8431]],"type":"Polygon","properties":{"CD_MUN":"3125200","NM_MUN":"Fama","SIGLA_UF":"MG"}},{"arcs":[[-8406,-8495,8525,8526,8527,8528,-8499]],"type":"Polygon","properties":{"CD_MUN":"3104601","NM_MUN":"Astolfo Dutra","SIGLA_UF":"MG"}},{"arcs":[[-8472,-8490,-8518,8529,8530]],"type":"Polygon","properties":{"CD_MUN":"3145703","NM_MUN":"Oliveira Fortes","SIGLA_UF":"MG"}},{"arcs":[[-8463,8531,8532,-8530,-8517]],"type":"Polygon","properties":{"CD_MUN":"3103306","NM_MUN":"Aracitaba","SIGLA_UF":"MG"}},{"arcs":[[-8462,-8488,8533,8534,8535,8536,-8532]],"type":"Polygon","properties":{"CD_MUN":"3167905","NM_MUN":"Tabuleiro","SIGLA_UF":"MG"}},{"arcs":[[-8435,8537,8538,8539,-8497,-8476]],"type":"Polygon","properties":{"CD_MUN":"3122405","NM_MUN":"Divisa Nova","SIGLA_UF":"MG"}},{"arcs":[[-8428,-8494,8540,8541,8542,-8432,-8525]],"type":"Polygon","properties":{"CD_MUN":"3147204","NM_MUN":"Paraguaçu","SIGLA_UF":"MG"}},{"arcs":[[-8484,-8516,8543,-8526]],"type":"Polygon","properties":{"CD_MUN":"3122900","NM_MUN":"Dona Eusébia","SIGLA_UF":"MG"}},{"arcs":[[-8479,-8507,8544,8545,8546,-8519,-8501]],"type":"Polygon","properties":{"CD_MUN":"3138708","NM_MUN":"Luminárias","SIGLA_UF":"MG"}},{"arcs":[[-8487,-8500,-8529,8547,8548,-8534]],"type":"Polygon","properties":{"CD_MUN":"3128402","NM_MUN":"Guarani","SIGLA_UF":"MG"}},{"arcs":[[-8372,8549,8550,8551,-8513,-8524]],"type":"Polygon","properties":{"CD_MUN":"3138005","NM_MUN":"Laranjal","SIGLA_UF":"MG"}},{"arcs":[[-8418,8552,8553,8554,-8503]],"type":"Polygon","properties":{"CD_MUN":"3139102","NM_MUN":"Madre de Deus de Minas","SIGLA_UF":"MG"}},{"arcs":[[-8493,8555,8556,8557,-8541]],"type":"Polygon","properties":{"CD_MUN":"3123601","NM_MUN":"Elói Mendes","SIGLA_UF":"MG"}},{"arcs":[[-8416,-8474,-8511,8558,8559]],"type":"Polygon","properties":{"CD_MUN":"3129400","NM_MUN":"Ibertioga","SIGLA_UF":"MG"}},{"arcs":[[-8417,-8560,8560,8561,8562,-8553]],"type":"Polygon","properties":{"CD_MUN":"3150307","NM_MUN":"Piedade do Rio Grande","SIGLA_UF":"MG"}},{"arcs":[[-8434,8563,8564,-8538]],"type":"Polygon","properties":{"CD_MUN":"3166907","NM_MUN":"Serrania","SIGLA_UF":"MG"}},{"arcs":[[-8492,-8522,8565,8566,-8556]],"type":"Polygon","properties":{"CD_MUN":"3170701","NM_MUN":"Varginha","SIGLA_UF":"MG"}},{"arcs":[[-8508,-8531,-8533,-8537,8567,8568,8569,8570,8571]],"type":"Polygon","properties":{"CD_MUN":"3160702","NM_MUN":"Santos Dumont","SIGLA_UF":"MG"}},{"arcs":[[-3848,-3857,8572,-8550,-8371,-8523]],"type":"Polygon","properties":{"CD_MUN":"3146701","NM_MUN":"Palma","SIGLA_UF":"MG"}},{"arcs":[[-704,-8498,-8540,8573,8574,8575]],"type":"Polygon","properties":{"CD_MUN":"3108404","NM_MUN":"Botelhos","SIGLA_UF":"MG"}},{"arcs":[[-8515,8576,8577,-8527,-8544]],"type":"Polygon","properties":{"CD_MUN":"3132602","NM_MUN":"Itamarati de Minas","SIGLA_UF":"MG"}},{"arcs":[[-8433,-8543,8578,8579,8580,8581,8582,-8564]],"type":"Polygon","properties":{"CD_MUN":"3139003","NM_MUN":"Machado","SIGLA_UF":"MG"}},{"arcs":[[-8528,-8578,8583,8584,8585,-8548]],"type":"Polygon","properties":{"CD_MUN":"3121308","NM_MUN":"Descoberto","SIGLA_UF":"MG"}},{"arcs":[[-8539,-8565,-8583,8586,8587,8588,8589,8590,-8574]],"type":"Polygon","properties":{"CD_MUN":"3111002","NM_MUN":"Campestre","SIGLA_UF":"MG"}},{"arcs":[[-8520,-8547,8591,8592]],"type":"Polygon","properties":{"CD_MUN":"3160801","NM_MUN":"São Bento Abade","SIGLA_UF":"MG"}},{"arcs":[[-8535,-8549,-8586,8593,8594,8595,8596]],"type":"Polygon","properties":{"CD_MUN":"3155405","NM_MUN":"Rio Novo","SIGLA_UF":"MG"}},{"arcs":[[-8521,-8593,8597,8598,8599,8600,8601,-8566]],"type":"Polygon","properties":{"CD_MUN":"3169307","NM_MUN":"Três Corações","SIGLA_UF":"MG"}},{"arcs":[[-8536,-8597,8602,8603,-8568]],"type":"Polygon","properties":{"CD_MUN":"3150109","NM_MUN":"Piau","SIGLA_UF":"MG"}},{"arcs":[[-8514,-8552,8604,8605,8606,8607,8608,8609,8610,8611,-8584,-8577]],"type":"Polygon","properties":{"CD_MUN":"3138401","NM_MUN":"Leopoldina","SIGLA_UF":"MG"}},{"arcs":[[-8504,-8555,8612,8613,8614]],"type":"Polygon","properties":{"CD_MUN":"3165305","NM_MUN":"São Vicente de Minas","SIGLA_UF":"MG"}},{"arcs":[[-8510,8615,8616,8617,-8561,-8559]],"type":"Polygon","properties":{"CD_MUN":"3159407","NM_MUN":"Santa Rita de Ibitipoca","SIGLA_UF":"MG"}},{"arcs":[[-705,-8576,8618,8619,8620,-872,-813,-787]],"type":"Polygon","properties":{"CD_MUN":"3151800","NM_MUN":"Poços de Caldas","SIGLA_UF":"MG"}},{"arcs":[[-8554,-8563,8621,8622,8623,8624,8625,8626,8627,-8613]],"type":"Polygon","properties":{"CD_MUN":"3102803","NM_MUN":"Andrelândia","SIGLA_UF":"MG"}},{"arcs":[[-8509,-8572,8628,8629,8630,-8616]],"type":"Polygon","properties":{"CD_MUN":"3106804","NM_MUN":"Bias Fortes","SIGLA_UF":"MG"}},{"arcs":[[-3856,8631,-8605,-8551,-8573]],"type":"Polygon","properties":{"CD_MUN":"3154101","NM_MUN":"Recreio","SIGLA_UF":"MG"}},{"arcs":[[-8562,-8618,8632,-8622]],"type":"Polygon","properties":{"CD_MUN":"3158706","NM_MUN":"Santana do Garambéu","SIGLA_UF":"MG"}},{"arcs":[[-8506,8633,8634,8635,8636,-8545]],"type":"Polygon","properties":{"CD_MUN":"3120805","NM_MUN":"Cruzília","SIGLA_UF":"MG"}},{"arcs":[[-8585,-8612,8637,8638,8639,8640,8641,-8594]],"type":"Polygon","properties":{"CD_MUN":"3162906","NM_MUN":"São João Nepomuceno","SIGLA_UF":"MG"}},{"arcs":[[-8570,8642]],"type":"Polygon","properties":{"CD_MUN":"3125002","NM_MUN":"Ewbank da Câmara","SIGLA_UF":"MG"}},{"arcs":[[-8505,-8615,8643,8644,-8634]],"type":"Polygon","properties":{"CD_MUN":"3141900","NM_MUN":"Minduri","SIGLA_UF":"MG"}},{"arcs":[[-8569,-8604,8645,8646,8647,8648,8649,8650,8651,8652,8653,8654,-8629,-8571,-8643]],"type":"Polygon","properties":{"CD_MUN":"3136702","NM_MUN":"Juiz de Fora","SIGLA_UF":"MG"}},{"arcs":[[-8557,-8567,-8602,8655,8656,8657]],"type":"Polygon","properties":{"CD_MUN":"3142601","NM_MUN":"Monsenhor Paulo","SIGLA_UF":"MG"}},{"arcs":[[-8575,-8591,8658,-8619]],"type":"Polygon","properties":{"CD_MUN":"3105301","NM_MUN":"Bandeira do Sul","SIGLA_UF":"MG"}},{"arcs":[[-8546,-8637,8659,8660,-8598,-8592]],"type":"Polygon","properties":{"CD_MUN":"3165206","NM_MUN":"São Thomé das Letras","SIGLA_UF":"MG"}},{"arcs":[[-8596,8661,-8646,-8603]],"type":"Polygon","properties":{"CD_MUN":"3119609","NM_MUN":"Coronel Pacheco","SIGLA_UF":"MG"}},{"arcs":[[-8542,-8558,-8658,8662,8663,-8579]],"type":"Polygon","properties":{"CD_MUN":"3119005","NM_MUN":"Cordislândia","SIGLA_UF":"MG"}},{"arcs":[[-8582,8664,8665,8666,8667,8668,-8587]],"type":"Polygon","properties":{"CD_MUN":"3151701","NM_MUN":"Poço Fundo","SIGLA_UF":"MG"}},{"arcs":[[-8601,8669,8670,8671,-8656]],"type":"Polygon","properties":{"CD_MUN":"3110905","NM_MUN":"Campanha","SIGLA_UF":"MG"}},{"arcs":[[-8611,8672,8673,8674,-8638]],"type":"Polygon","properties":{"CD_MUN":"3104403","NM_MUN":"Argirita","SIGLA_UF":"MG"}},{"arcs":[[-8581,8675,-8665]],"type":"Polygon","properties":{"CD_MUN":"3114709","NM_MUN":"Carvalhópolis","SIGLA_UF":"MG"}},{"arcs":[[-8590,8676,8677,8678,-8620,-8659]],"type":"Polygon","properties":{"CD_MUN":"3110301","NM_MUN":"Caldas","SIGLA_UF":"MG"}},{"arcs":[[-8617,-8631,8679,-8654,8680,8681,8682,-8623,-8633]],"type":"Polygon","properties":{"CD_MUN":"3138609","NM_MUN":"Lima Duarte","SIGLA_UF":"MG"}},{"arcs":[[-8640,8683,8684]],"type":"Polygon","properties":{"CD_MUN":"3156205","NM_MUN":"Rochedo de Minas","SIGLA_UF":"MG"}},{"arcs":[[-8595,-8642,8685,-8647,-8662]],"type":"Polygon","properties":{"CD_MUN":"3115904","NM_MUN":"Chácara","SIGLA_UF":"MG"}},{"arcs":[[-8630,-8655,-8680]],"type":"Polygon","properties":{"CD_MUN":"3149408","NM_MUN":"Pedro Teixeira","SIGLA_UF":"MG"}},{"arcs":[[-3855,-3868,8686,-8606,-8632]],"type":"Polygon","properties":{"CD_MUN":"3151107","NM_MUN":"Pirapetinga","SIGLA_UF":"MG"}},{"arcs":[[-8580,-8664,8687,8688,8689,-8666,-8676]],"type":"Polygon","properties":{"CD_MUN":"3169802","NM_MUN":"Turvolândia","SIGLA_UF":"MG"}},{"arcs":[[-8600,8690,8691,8692,-8670]],"type":"Polygon","properties":{"CD_MUN":"3110707","NM_MUN":"Cambuquira","SIGLA_UF":"MG"}},{"arcs":[[-8635,-8645,8693,8694,8695,8696,8697,8698]],"type":"Polygon","properties":{"CD_MUN":"3101201","NM_MUN":"Aiuruoca","SIGLA_UF":"MG"}},{"arcs":[[-8657,-8672,8699,8700,8701,8702,-8688,-8663]],"type":"Polygon","properties":{"CD_MUN":"3162005","NM_MUN":"São Gonçalo do Sapucaí","SIGLA_UF":"MG"}},{"arcs":[[-8599,-8661,8703,8704,8705,8706,8707,-8691]],"type":"Polygon","properties":{"CD_MUN":"3117702","NM_MUN":"Conceição do Rio Verde","SIGLA_UF":"MG"}},{"arcs":[[-8639,-8675,8708,8709,8710,-8684]],"type":"Polygon","properties":{"CD_MUN":"3140209","NM_MUN":"Maripá de Minas","SIGLA_UF":"MG"}},{"arcs":[[-8641,-8685,-8711,8711,8712,-8648,-8686]],"type":"Polygon","properties":{"CD_MUN":"3106903","NM_MUN":"Bicas","SIGLA_UF":"MG"}},{"arcs":[[-8614,-8628,8713,-8694,-8644]],"type":"Polygon","properties":{"CD_MUN":"3167004","NM_MUN":"Serranos","SIGLA_UF":"MG"}},{"arcs":[[-8610,8714,8715,8716,-8673]],"type":"Polygon","properties":{"CD_MUN":"3160009","NM_MUN":"Santo Antônio do Aventureiro","SIGLA_UF":"MG"}},{"arcs":[[-3867,-3877,8717,-8607,-8687]],"type":"Polygon","properties":{"CD_MUN":"3124609","NM_MUN":"Estrela Dalva","SIGLA_UF":"MG"}},{"arcs":[[-3875,-3884,8718,8719,-8715,-8609,8720]],"type":"Polygon","properties":{"CD_MUN":"3101508","NM_MUN":"Além Paraíba","SIGLA_UF":"MG"}},{"arcs":[[-8588,-8669,8721,8722,8723,8724,8725,8726]],"type":"Polygon","properties":{"CD_MUN":"3131505","NM_MUN":"Ipuiúna","SIGLA_UF":"MG"}},{"arcs":[[-8674,-8717,8727,-8709]],"type":"Polygon","properties":{"CD_MUN":"3165602","NM_MUN":"Senador Cortes","SIGLA_UF":"MG"}},{"arcs":[[-8710,8728,8729,-8712]],"type":"Polygon","properties":{"CD_MUN":"3128501","NM_MUN":"Guarará","SIGLA_UF":"MG"}},{"arcs":[[-8589,-8727,8730,8731,8732,-8677]],"type":"Polygon","properties":{"CD_MUN":"3159209","NM_MUN":"Santa Rita de Caldas","SIGLA_UF":"MG"}},{"arcs":[[-8668,8733,8734,8735,8736,-8722]],"type":"Polygon","properties":{"CD_MUN":"3124401","NM_MUN":"Espírito Santo do Dourado","SIGLA_UF":"MG"}},{"arcs":[[-8667,-8690,8737,-8734]],"type":"Polygon","properties":{"CD_MUN":"3162302","NM_MUN":"São João da Mata","SIGLA_UF":"MG"}},{"arcs":[[-3876,-8721,-8608,-8718]],"type":"Polygon","properties":{"CD_MUN":"3172103","NM_MUN":"Volta Grande","SIGLA_UF":"MG"}},{"arcs":[[-8636,-8699,8738,8739,8740,8741,-8704,-8660]],"type":"Polygon","properties":{"CD_MUN":"3104908","NM_MUN":"Baependi","SIGLA_UF":"MG"}},{"arcs":[[-873,-8621,-8679,8742,-8732,8743,8744,8745,-999,-881]],"type":"Polygon","properties":{"CD_MUN":"3102605","NM_MUN":"Andradas","SIGLA_UF":"MG"}},{"arcs":[[-8624,-8683,8746,8747,8748,8749,8750,8751]],"type":"Polygon","properties":{"CD_MUN":"3107505","NM_MUN":"Bom Jardim de Minas","SIGLA_UF":"MG"}},{"arcs":[[-8716,-8720,8752,8753,8754,-8729,-8728]],"type":"Polygon","properties":{"CD_MUN":"3139805","NM_MUN":"Mar de Espanha","SIGLA_UF":"MG"}},{"arcs":[[-8649,-8713,-8730,-8755,8755]],"type":"Polygon","properties":{"CD_MUN":"3149507","NM_MUN":"Pequeri","SIGLA_UF":"MG"}},{"arcs":[[-8625,-8752,8756]],"type":"Polygon","properties":{"CD_MUN":"3103603","NM_MUN":"Arantina","SIGLA_UF":"MG"}},{"arcs":[[-8671,-8693,8757,8758,8759,-8700]],"type":"Polygon","properties":{"CD_MUN":"3137809","NM_MUN":"Lambari","SIGLA_UF":"MG"}},{"arcs":[[-8626,-8757,-8751,8760,8761,8762,8763]],"type":"Polygon","properties":{"CD_MUN":"3138500","NM_MUN":"Liberdade","SIGLA_UF":"MG"}},{"arcs":[[-8692,-8708,8764,8765,8766,8767,-8758]],"type":"Polygon","properties":{"CD_MUN":"3135902","NM_MUN":"Jesuânia","SIGLA_UF":"MG"}},{"arcs":[[-8627,-8764,8768,-8695,-8714]],"type":"Polygon","properties":{"CD_MUN":"3166402","NM_MUN":"Seritinga","SIGLA_UF":"MG"}},{"arcs":[[-8705,-8742,8769,8770]],"type":"Polygon","properties":{"CD_MUN":"3115508","NM_MUN":"Caxambu","SIGLA_UF":"MG"}},{"arcs":[[-8682,8771,-8747]],"type":"Polygon","properties":{"CD_MUN":"3145406","NM_MUN":"Olaria","SIGLA_UF":"MG"}},{"arcs":[[-8651,8772,8773,8774]],"type":"Polygon","properties":{"CD_MUN":"3140803","NM_MUN":"Matias Barbosa","SIGLA_UF":"MG"}},{"arcs":[[-3902,8775,-8748,-8772,-8681,-8653,8776,-3910]],"type":"Polygon","properties":{"CD_MUN":"3155900","NM_MUN":"Rio Preto","SIGLA_UF":"MG"}},{"arcs":[[-8689,-8703,8777,8778,8779,-8735,-8738]],"type":"Polygon","properties":{"CD_MUN":"3167400","NM_MUN":"Silvianópolis","SIGLA_UF":"MG"}},{"arcs":[[-8678,-8733,-8743]],"type":"Polygon","properties":{"CD_MUN":"3129905","NM_MUN":"Ibitiúra de Minas","SIGLA_UF":"MG"}},{"arcs":[[-8702,8780,8781,8782,8783,-8778]],"type":"Polygon","properties":{"CD_MUN":"3113602","NM_MUN":"Careaçu","SIGLA_UF":"MG"}},{"arcs":[[-3897,8784,-8773,-8650,-8756,-8754,8785]],"type":"Polygon","properties":{"CD_MUN":"3158607","NM_MUN":"Santana do Deserto","SIGLA_UF":"MG"}},{"arcs":[[-3889,-3911,-8777,-8652,-8775,8786,-3895]],"type":"Polygon","properties":{"CD_MUN":"3106101","NM_MUN":"Belmiro Braga","SIGLA_UF":"MG"}},{"arcs":[[-8696,-8769,-8763,8787]],"type":"Polygon","properties":{"CD_MUN":"3114808","NM_MUN":"Carvalhos","SIGLA_UF":"MG"}},{"arcs":[[-8706,-8771,8788,8789,8790]],"type":"Polygon","properties":{"CD_MUN":"3167806","NM_MUN":"Soledade de Minas","SIGLA_UF":"MG"}},{"arcs":[[-8701,-8760,8791,-8781]],"type":"Polygon","properties":{"CD_MUN":"3129202","NM_MUN":"Heliodora","SIGLA_UF":"MG"}},{"arcs":[[-8707,-8791,8792,8793,8794,8795,8796,-8765]],"type":"Polygon","properties":{"CD_MUN":"3114105","NM_MUN":"Carmo de Minas","SIGLA_UF":"MG"}},{"arcs":[[-3883,-3898,-8786,-8753,-8719]],"type":"Polygon","properties":{"CD_MUN":"3116209","NM_MUN":"Chiador","SIGLA_UF":"MG"}},{"arcs":[[-8723,-8737,8797,8798,8799]],"type":"Polygon","properties":{"CD_MUN":"3117900","NM_MUN":"Congonhal","SIGLA_UF":"MG"}},{"arcs":[[-3896,-8787,-8774,-8785]],"type":"Polygon","properties":{"CD_MUN":"3167509","NM_MUN":"Simão Pereira","SIGLA_UF":"MG"}},{"arcs":[[-8766,-8797,8800,8801]],"type":"Polygon","properties":{"CD_MUN":"3145505","NM_MUN":"Olímpio Noronha","SIGLA_UF":"MG"}},{"arcs":[[-8724,-8800,8802]],"type":"Polygon","properties":{"CD_MUN":"3165800","NM_MUN":"Senador José Bento","SIGLA_UF":"MG"}},{"arcs":[[-3908,8803,-8749,-8776]],"type":"Polygon","properties":{"CD_MUN":"3159308","NM_MUN":"Santa Rita de Jacutinga","SIGLA_UF":"MG"}},{"arcs":[[-8759,-8768,8804,8805,8806,-8782,-8792]],"type":"Polygon","properties":{"CD_MUN":"3144409","NM_MUN":"Natércia","SIGLA_UF":"MG"}},{"arcs":[[-8779,-8784,8807,8808]],"type":"Polygon","properties":{"CD_MUN":"3164407","NM_MUN":"São Sebastião da Bela Vista","SIGLA_UF":"MG"}},{"arcs":[[-8736,-8780,-8809,8809,8810,8811,8812,-8798]],"type":"Polygon","properties":{"CD_MUN":"3152501","NM_MUN":"Pouso Alegre","SIGLA_UF":"MG"}},{"arcs":[[-8726,8813,8814,8815,8816,8817,-8744,-8731]],"type":"Polygon","properties":{"CD_MUN":"3146008","NM_MUN":"Ouro Fino","SIGLA_UF":"MG"}},{"arcs":[[-8790,8818,8819,-8793]],"type":"Polygon","properties":{"CD_MUN":"3163706","NM_MUN":"São Lourenço","SIGLA_UF":"MG"}},{"arcs":[[-8767,-8802,8820,8821,-8805]],"type":"Polygon","properties":{"CD_MUN":"3117207","NM_MUN":"Conceição das Pedras","SIGLA_UF":"MG"}},{"arcs":[[-8725,-8803,-8799,-8813,8822,8823,8824,-8814]],"type":"Polygon","properties":{"CD_MUN":"3108305","NM_MUN":"Borda da Mata","SIGLA_UF":"MG"}},{"arcs":[[-8741,8825,8826,8827,-8819,-8789,-8770]],"type":"Polygon","properties":{"CD_MUN":"3152600","NM_MUN":"Pouso Alto","SIGLA_UF":"MG"}},{"arcs":[[-992,-1000,-8746,8828]],"type":"Polygon","properties":{"CD_MUN":"3101409","NM_MUN":"Albertina","SIGLA_UF":"MG"}},{"arcs":[[-8796,8829,8830,8831,-8821,-8801]],"type":"Polygon","properties":{"CD_MUN":"3120508","NM_MUN":"Cristina","SIGLA_UF":"MG"}},{"arcs":[[-993,-8829,-8745,-8818,8832,-1061]],"type":"Polygon","properties":{"CD_MUN":"3134905","NM_MUN":"Jacutinga","SIGLA_UF":"MG"}},{"arcs":[[-3907,-3937,-3935,8833,-8761,-8750,-8804]],"type":"Polygon","properties":{"CD_MUN":"3147808","NM_MUN":"Passa-Vinte","SIGLA_UF":"MG"}},{"arcs":[[-8783,-8807,8834,8835,8836,8837,-8810,-8808]],"type":"Polygon","properties":{"CD_MUN":"3159605","NM_MUN":"Santa Rita do Sapucaí","SIGLA_UF":"MG"}},{"arcs":[[-3934,8838,8839,-8697,-8788,-8762,-8834]],"type":"Polygon","properties":{"CD_MUN":"3107208","NM_MUN":"Bocaina de Minas","SIGLA_UF":"MG"}},{"arcs":[[-8794,-8820,-8828,8840,8841,8842]],"type":"Polygon","properties":{"CD_MUN":"3164902","NM_MUN":"São Sebastião do Rio Verde","SIGLA_UF":"MG"}},{"arcs":[[-8698,-8840,8843,-8739]],"type":"Polygon","properties":{"CD_MUN":"3101300","NM_MUN":"Alagoa","SIGLA_UF":"MG"}},{"arcs":[[-8806,-8822,-8832,8844,8845,-8835]],"type":"Polygon","properties":{"CD_MUN":"3149101","NM_MUN":"Pedralva","SIGLA_UF":"MG"}},{"arcs":[[-8795,-8843,8846,8847,-8830]],"type":"Polygon","properties":{"CD_MUN":"3122801","NM_MUN":"Dom Viçoso","SIGLA_UF":"MG"}},{"arcs":[[-3933,8848,-8826,-8740,-8844,-8839]],"type":"Polygon","properties":{"CD_MUN":"3133006","NM_MUN":"Itamonte","SIGLA_UF":"MG"}},{"arcs":[[-8815,-8825,8849,8850]],"type":"Polygon","properties":{"CD_MUN":"3130606","NM_MUN":"Inconfidentes","SIGLA_UF":"MG"}},{"arcs":[[-8842,8851,8852,8853,8854,8855,-8847]],"type":"Polygon","properties":{"CD_MUN":"3171709","NM_MUN":"Virgínia","SIGLA_UF":"MG"}},{"arcs":[[-8811,-8838,8856,8857,8858,8859,8860]],"type":"Polygon","properties":{"CD_MUN":"3109709","NM_MUN":"Cachoeira de Minas","SIGLA_UF":"MG"}},{"arcs":[[-8836,-8846,8861,8862,8863]],"type":"Polygon","properties":{"CD_MUN":"3163201","NM_MUN":"São José do Alegre","SIGLA_UF":"MG"}},{"arcs":[[-8831,-8848,-8856,8864,8865,-8862,-8845]],"type":"Polygon","properties":{"CD_MUN":"3139904","NM_MUN":"Maria da Fé","SIGLA_UF":"MG"}},{"arcs":[[-8837,-8864,8866,8867,8868,-8857]],"type":"Polygon","properties":{"CD_MUN":"3151008","NM_MUN":"Piranguinho","SIGLA_UF":"MG"}},{"arcs":[[-3932,8869,-8852,-8841,-8827,-8849]],"type":"Polygon","properties":{"CD_MUN":"3133105","NM_MUN":"Itanhandu","SIGLA_UF":"MG"}},{"arcs":[[-1062,-8833,-8817,8870,-1148,-1141]],"type":"Polygon","properties":{"CD_MUN":"3143401","NM_MUN":"Monte Sião","SIGLA_UF":"MG"}},{"arcs":[[-1220,8871,8872,-8858,-8869,8873]],"type":"Polygon","properties":{"CD_MUN":"3108909","NM_MUN":"Brasópolis","SIGLA_UF":"MG"}},{"arcs":[[-8824,8874,8875,8876,-8850]],"type":"Polygon","properties":{"CD_MUN":"3107901","NM_MUN":"Bom Repouso","SIGLA_UF":"MG"}},{"arcs":[[-1149,-8871,-8816,-8851,-8877,8877,8878]],"type":"Polygon","properties":{"CD_MUN":"3109105","NM_MUN":"Bueno Brandão","SIGLA_UF":"MG"}},{"arcs":[[-8812,-8861,8879,8880,-8875,-8823]],"type":"Polygon","properties":{"CD_MUN":"3124500","NM_MUN":"Estiva","SIGLA_UF":"MG"}},{"arcs":[[-1163,-1172,-1192,8881,-8853,-8870]],"type":"Polygon","properties":{"CD_MUN":"3147600","NM_MUN":"Passa Quatro","SIGLA_UF":"MG"}},{"arcs":[[-8863,-8866,8882,8883,8884,-8867]],"type":"Polygon","properties":{"CD_MUN":"3132404","NM_MUN":"Itajubá","SIGLA_UF":"MG"}},{"arcs":[[-8859,-8873,8885,8886]],"type":"Polygon","properties":{"CD_MUN":"3117801","NM_MUN":"Conceição dos Ouros","SIGLA_UF":"MG"}},{"arcs":[[-1214,-1266,-1243,8887,-8883,-8865,-8855,8888]],"type":"Polygon","properties":{"CD_MUN":"3121100","NM_MUN":"Delfim Moreira","SIGLA_UF":"MG"}},{"arcs":[[-1191,-1215,-8889,-8854,-8882]],"type":"Polygon","properties":{"CD_MUN":"3140407","NM_MUN":"Marmelópolis","SIGLA_UF":"MG"}},{"arcs":[[-8860,-8887,8889,8890,8891,-8880]],"type":"Polygon","properties":{"CD_MUN":"3118502","NM_MUN":"Consolação","SIGLA_UF":"MG"}},{"arcs":[[-1226,8892,8893,8894,-8890,-8886,-8872]],"type":"Polygon","properties":{"CD_MUN":"3147303","NM_MUN":"Paraisópolis","SIGLA_UF":"MG"}},{"arcs":[[-1221,-8874,-8868,-8885,8895,-1241]],"type":"Polygon","properties":{"CD_MUN":"3150901","NM_MUN":"Piranguçu","SIGLA_UF":"MG"}},{"arcs":[[-8876,-8881,-8892,8896,8897,8898,8899,-8878]],"type":"Polygon","properties":{"CD_MUN":"3110608","NM_MUN":"Cambuí","SIGLA_UF":"MG"}},{"arcs":[[-1242,-8896,-8884,-8888]],"type":"Polygon","properties":{"CD_MUN":"3172202","NM_MUN":"Wenceslau Braz","SIGLA_UF":"MG"}},{"arcs":[[-8891,-8895,8900,-8897]],"type":"Polygon","properties":{"CD_MUN":"3119906","NM_MUN":"Córrego do Bom Jesus","SIGLA_UF":"MG"}},{"arcs":[[-1150,-8879,-8900,8901,8902]],"type":"Polygon","properties":{"CD_MUN":"3143807","NM_MUN":"Munhoz","SIGLA_UF":"MG"}},{"arcs":[[-8899,8903,8904,8905,-8902]],"type":"Polygon","properties":{"CD_MUN":"3133600","NM_MUN":"Itapeva","SIGLA_UF":"MG"}},{"arcs":[[-1225,8906,8907,-8893]],"type":"Polygon","properties":{"CD_MUN":"3127404","NM_MUN":"Gonçalves","SIGLA_UF":"MG"}},{"arcs":[[-1151,-8903,-8906,8908,-1279]],"type":"Polygon","properties":{"CD_MUN":"3169109","NM_MUN":"Toledo","SIGLA_UF":"MG"}},{"arcs":[[-1358,-1373,8909,-8904,-8898,-8901,-8894,-8908,8910]],"type":"Polygon","properties":{"CD_MUN":"3110509","NM_MUN":"Camanducaia","SIGLA_UF":"MG"}},{"arcs":[[-1280,-8909,-8905,-8910,-1372,-1310]],"type":"Polygon","properties":{"CD_MUN":"3125101","NM_MUN":"Extrema","SIGLA_UF":"MG"}},{"arcs":[[-1224,-1336,-1369,-1351,-8911,-8907]],"type":"Polygon","properties":{"CD_MUN":"3165404","NM_MUN":"Sapucaí-Mirim","SIGLA_UF":"MG"}},{"arcs":[[-6331,8911,8912,8913,8914,8915,8916,8917,8918,-6420]],"type":"Polygon","properties":{"CD_MUN":"2102903","NM_MUN":"Carutapera","SIGLA_UF":"MA"}},{"arcs":[[-8913,8919,8920]],"type":"Polygon","properties":{"CD_MUN":"2106201","NM_MUN":"Luís Domingues","SIGLA_UF":"MA"}},{"arcs":[[-8915,8921,8922,8923]],"type":"Polygon","properties":{"CD_MUN":"2102606","NM_MUN":"Cândido Mendes","SIGLA_UF":"MA"}},{"arcs":[[-8914,-8921,8924,-8922]],"type":"Polygon","properties":{"CD_MUN":"2104305","NM_MUN":"Godofredo Viana","SIGLA_UF":"MA"}},{"arcs":[[8925,8926,8927]],"type":"Polygon","properties":{"CD_MUN":"2101301","NM_MUN":"Bacuri","SIGLA_UF":"MA"}},{"arcs":[[-8916,-8924,8928,-8927,8929,8930,8931]],"type":"Polygon","properties":{"CD_MUN":"2112407","NM_MUN":"Turiaçu","SIGLA_UF":"MA"}},{"arcs":[[-8926,8932,8933,8934,8935,-8930]],"type":"Polygon","properties":{"CD_MUN":"2103703","NM_MUN":"Cururupu","SIGLA_UF":"MA"}},{"arcs":[[-8934,8936,8937,8938]],"type":"Polygon","properties":{"CD_MUN":"2103109","NM_MUN":"Cedral","SIGLA_UF":"MA"}},{"arcs":[[-8935,-8939,8939,8940,8941,8942]],"type":"Polygon","properties":{"CD_MUN":"2106805","NM_MUN":"Mirinzal","SIGLA_UF":"MA"}},{"arcs":[[-8931,-8936,-8943,8943]],"type":"Polygon","properties":{"CD_MUN":"2109809","NM_MUN":"Santa Helena","SIGLA_UF":"MA"}},{"arcs":[[-8938,8944,8945,8946,-8940]],"type":"Polygon","properties":{"CD_MUN":"2104909","NM_MUN":"Guimarães","SIGLA_UF":"MA"}},{"arcs":[[-8946,8947,8948,8949,8950]],"type":"Polygon","properties":{"CD_MUN":"2100204","NM_MUN":"Alcântara","SIGLA_UF":"MA"}},{"arcs":[[-8942,8951,8952,8953,8954,8955,8956,8957,8958,-8944]],"type":"Polygon","properties":{"CD_MUN":"2108603","NM_MUN":"Pinheiro","SIGLA_UF":"MA"}},{"arcs":[[8959,8960,8961,8962]],"type":"Polygon","properties":{"CD_MUN":"2105005","NM_MUN":"Humberto de Campos","SIGLA_UF":"MA"}},{"arcs":[[-8941,-8947,-8951,8963,8964,-8952]],"type":"Polygon","properties":{"CD_MUN":"2101905","NM_MUN":"Bequimão","SIGLA_UF":"MA"}},{"arcs":[[-8961,8965,8966,8967]],"type":"Polygon","properties":{"CD_MUN":"2109403","NM_MUN":"Primeira Cruz","SIGLA_UF":"MA"}},{"arcs":[[-8963,8968,8969,8970,8971]],"type":"Polygon","properties":{"CD_MUN":"2105104","NM_MUN":"Icatu","SIGLA_UF":"MA"}},{"arcs":[[8972,8973]],"type":"Polygon","properties":{"CD_MUN":"2107506","NM_MUN":"Paço do Lumiar","SIGLA_UF":"MA"}},{"arcs":[[-8953,-8965,8974,8975,8976]],"type":"Polygon","properties":{"CD_MUN":"2108405","NM_MUN":"Peri Mirim","SIGLA_UF":"MA"}},{"arcs":[[-8949,8977,8978,8979,8980]],"type":"Polygon","properties":{"CD_MUN":"2111300","NM_MUN":"São Luís","SIGLA_UF":"MA"}},{"arcs":[[-8971,8981,-8979,8982,-8973,8983]],"type":"Polygon","properties":{"CD_MUN":"2111201","NM_MUN":"São José de Ribamar","SIGLA_UF":"MA"}},{"arcs":[[-8967,8984,8985,8986,8987]],"type":"Polygon","properties":{"CD_MUN":"2101707","NM_MUN":"Barreirinhas","SIGLA_UF":"MA"}},{"arcs":[[-8954,-8977,8988]],"type":"Polygon","properties":{"CD_MUN":"2107605","NM_MUN":"Palmeirândia","SIGLA_UF":"MA"}},{"arcs":[[-8950,-8981,8989,8990,8991,8992,8993,8994,-8975,-8964]],"type":"Polygon","properties":{"CD_MUN":"2102408","NM_MUN":"Cajapió","SIGLA_UF":"MA"}},{"arcs":[[-8955,-8989,-8976,-8995,8995]],"type":"Polygon","properties":{"CD_MUN":"2110500","NM_MUN":"São Bento","SIGLA_UF":"MA"}},{"arcs":[[-8986,8996,8997,8998]],"type":"Polygon","properties":{"CD_MUN":"2112506","NM_MUN":"Tutóia","SIGLA_UF":"MA"}},{"arcs":[[-8970,8999,9000,9001,-8982]],"type":"Polygon","properties":{"CD_MUN":"2101103","NM_MUN":"Axixá","SIGLA_UF":"MA"}},{"arcs":[[-4841,-4853,9002,9003,-8998,9004]],"type":"Polygon","properties":{"CD_MUN":"2100907","NM_MUN":"Araioses","SIGLA_UF":"MA"}},{"arcs":[[-8980,-9002,9005,9006,-8990]],"type":"Polygon","properties":{"CD_MUN":"2109601","NM_MUN":"Rosário","SIGLA_UF":"MA"}},{"arcs":[[-8956,-8996,-8994,9007,9008,9009]],"type":"Polygon","properties":{"CD_MUN":"2111706","NM_MUN":"São Vicente Ferrer","SIGLA_UF":"MA"}},{"arcs":[[-8962,9010,9011,9012,9013,-9000,-8969]],"type":"Polygon","properties":{"CD_MUN":"2107100","NM_MUN":"Morros","SIGLA_UF":"MA"}},{"arcs":[[-8993,9014,9015,9016,-9008]],"type":"Polygon","properties":{"CD_MUN":"2111003","NM_MUN":"São João Batista","SIGLA_UF":"MA"}},{"arcs":[[-8957,-9010,9017,-9016,9018,9019,9020,9021,9022]],"type":"Polygon","properties":{"CD_MUN":"2112803","NM_MUN":"Viana","SIGLA_UF":"MA"}},{"arcs":[[-9009,-9017,-9018]],"type":"Polygon","properties":{"CD_MUN":"2106508","NM_MUN":"Matinha","SIGLA_UF":"MA"}},{"arcs":[[-9001,-9014,9023,9024,9025,-9006]],"type":"Polygon","properties":{"CD_MUN":"2109205","NM_MUN":"Presidente Juscelino","SIGLA_UF":"MA"}},{"arcs":[[-8968,9026,9027,9028,9029,9030,-9011]],"type":"Polygon","properties":{"CD_MUN":"2112605","NM_MUN":"Urbano Santos","SIGLA_UF":"MA"}},{"arcs":[[-8991,-9007,-9026,9031,9032]],"type":"Polygon","properties":{"CD_MUN":"2110203","NM_MUN":"Santa Rita","SIGLA_UF":"MA"}},{"arcs":[[-4865,9033,9034,-9027,-8988,9035]],"type":"Polygon","properties":{"CD_MUN":"2110104","NM_MUN":"Santa Quitéria do Maranhão","SIGLA_UF":"MA"}},{"arcs":[[-4866,-9036,-8987,-8999,-9004,9036]],"type":"Polygon","properties":{"CD_MUN":"2110609","NM_MUN":"São Bernardo","SIGLA_UF":"MA"}},{"arcs":[[-8992,-9033,9037,9038,-9019,-9015]],"type":"Polygon","properties":{"CD_MUN":"2100709","NM_MUN":"Anajatuba","SIGLA_UF":"MA"}},{"arcs":[[-8958,-9023,9039,9040]],"type":"Polygon","properties":{"CD_MUN":"2108306","NM_MUN":"Penalva","SIGLA_UF":"MA"}},{"arcs":[[-9012,-9031,9041,9042,9043]],"type":"Polygon","properties":{"CD_MUN":"2110401","NM_MUN":"São Benedito do Rio Preto","SIGLA_UF":"MA"}},{"arcs":[[-4852,-4861,-4867,-9037,-9003]],"type":"Polygon","properties":{"CD_MUN":"2106300","NM_MUN":"Magalhães de Almeida","SIGLA_UF":"MA"}},{"arcs":[[-9013,-9044,9044,9045,9046,-9024]],"type":"Polygon","properties":{"CD_MUN":"2109304","NM_MUN":"Presidente Vargas","SIGLA_UF":"MA"}},{"arcs":[[-9043,9047,9048,-9045]],"type":"Polygon","properties":{"CD_MUN":"2107209","NM_MUN":"Nina Rodrigues","SIGLA_UF":"MA"}},{"arcs":[[-9022,9049,9050,-9040]],"type":"Polygon","properties":{"CD_MUN":"2102507","NM_MUN":"Cajari","SIGLA_UF":"MA"}},{"arcs":[[-9020,-9039,9051,9052,9053]],"type":"Polygon","properties":{"CD_MUN":"2101004","NM_MUN":"Arari","SIGLA_UF":"MA"}},{"arcs":[[-9021,-9054,9054,9055,9056,9057,9058,9059,9060,9061,-9050]],"type":"Polygon","properties":{"CD_MUN":"2112902","NM_MUN":"Vitória do Mearim","SIGLA_UF":"MA"}},{"arcs":[[-9030,9062,9063,9064,9065,9066,9067,9068,-9048,-9042]],"type":"Polygon","properties":{"CD_MUN":"2103208","NM_MUN":"Chapadinha","SIGLA_UF":"MA"}},{"arcs":[[-9028,-9035,9069,9070,9071]],"type":"Polygon","properties":{"CD_MUN":"2100808","NM_MUN":"Anapurus","SIGLA_UF":"MA"}},{"arcs":[[-4864,-4879,-4884,9072,-9070,-9034]],"type":"Polygon","properties":{"CD_MUN":"2102101","NM_MUN":"Brejo","SIGLA_UF":"MA"}},{"arcs":[[-9053,9073,9074,9075,9076,-9055]],"type":"Polygon","properties":{"CD_MUN":"2102705","NM_MUN":"Cantanhede","SIGLA_UF":"MA"}},{"arcs":[[-9046,-9049,-9069,9077,9078,9079,-9075,9080]],"type":"Polygon","properties":{"CD_MUN":"2112704","NM_MUN":"Vargem Grande","SIGLA_UF":"MA"}},{"arcs":[[-9029,-9072,9081,-9063]],"type":"Polygon","properties":{"CD_MUN":"2106409","NM_MUN":"Mata Roma","SIGLA_UF":"MA"}},{"arcs":[[-9061,9082,9083,9084,9085]],"type":"Polygon","properties":{"CD_MUN":"2108504","NM_MUN":"Pindaré-Mirim","SIGLA_UF":"MA"}},{"arcs":[[-9084,9086,9087,9088,9089,9090,9091,9092]],"type":"Polygon","properties":{"CD_MUN":"2110005","NM_MUN":"Santa Luzia","SIGLA_UF":"MA"}},{"arcs":[[-9060,9093,-9087,-9083]],"type":"Polygon","properties":{"CD_MUN":"2109908","NM_MUN":"Santa Inês","SIGLA_UF":"MA"}},{"arcs":[[-9076,-9080,9094,9095]],"type":"Polygon","properties":{"CD_MUN":"2108801","NM_MUN":"Pirapemas","SIGLA_UF":"MA"}},{"arcs":[[-9058,9096,9097,9098]],"type":"Polygon","properties":{"CD_MUN":"2108702","NM_MUN":"Pio XII","SIGLA_UF":"MA"}},{"arcs":[[-4883,-4898,9099,9100,-9064,-9082,-9071,-9073]],"type":"Polygon","properties":{"CD_MUN":"2102200","NM_MUN":"Buriti","SIGLA_UF":"MA"}},{"arcs":[[-9056,-9077,-9096,9101,9102,9103]],"type":"Polygon","properties":{"CD_MUN":"2111508","NM_MUN":"São Mateus do Maranhão","SIGLA_UF":"MA"}},{"arcs":[[-9057,-9104,9104,-9097]],"type":"Polygon","properties":{"CD_MUN":"2105906","NM_MUN":"Lago Verde","SIGLA_UF":"MA"}},{"arcs":[[-9059,-9099,9105,9106,9107,9108,-9094]],"type":"Polygon","properties":{"CD_MUN":"2113009","NM_MUN":"Vitorino Freire","SIGLA_UF":"MA"}},{"arcs":[[-9098,9109,-9106]],"type":"Polygon","properties":{"CD_MUN":"2107407","NM_MUN":"Olho d'Água das Cunhãs","SIGLA_UF":"MA"}},{"arcs":[[-9103,9110,9111,9112,9113,-9107,-9110,-9105]],"type":"Polygon","properties":{"CD_MUN":"2101202","NM_MUN":"Bacabal","SIGLA_UF":"MA"}},{"arcs":[[-9079,9114,9115,9116,9117,-9111,-9102,-9095]],"type":"Polygon","properties":{"CD_MUN":"2103604","NM_MUN":"Coroatá","SIGLA_UF":"MA"}},{"arcs":[[-9088,-9109,9118]],"type":"Polygon","properties":{"CD_MUN":"2100402","NM_MUN":"Altamira do Maranhão","SIGLA_UF":"MA"}},{"arcs":[[-9068,9119,-9115,-9078]],"type":"Polygon","properties":{"CD_MUN":"2112100","NM_MUN":"Timbiras","SIGLA_UF":"MA"}},{"arcs":[[-4896,-4911,9120,9121,9122,-9065,-9101,9123]],"type":"Polygon","properties":{"CD_MUN":"2103406","NM_MUN":"Coelho Neto","SIGLA_UF":"MA"}},{"arcs":[[-4897,-9124,-9100]],"type":"Polygon","properties":{"CD_MUN":"2103901","NM_MUN":"Duque Bacelar","SIGLA_UF":"MA"}},{"arcs":[[-9066,-9123,9124]],"type":"Polygon","properties":{"CD_MUN":"2100105","NM_MUN":"Afonso Cunha","SIGLA_UF":"MA"}},{"arcs":[[-9089,-9119,-9108,9125,9126]],"type":"Polygon","properties":{"CD_MUN":"2108108","NM_MUN":"Paulo Ramos","SIGLA_UF":"MA"}},{"arcs":[[-9114,9127,9128,9129,9130,9131,9132,-9126]],"type":"Polygon","properties":{"CD_MUN":"2105708","NM_MUN":"Lago da Pedra","SIGLA_UF":"MA"}},{"arcs":[[-9067,9133,9134,9135,9136,9137,9138,9139,-9116,-9120]],"type":"Polygon","properties":{"CD_MUN":"2103307","NM_MUN":"Codó","SIGLA_UF":"MA"}},{"arcs":[[-6366,-6421,-8919,9140,-9092,9141,9142,9143,9144,-6437]],"type":"Polygon","properties":{"CD_MUN":"2105302","NM_MUN":"Imperatriz","SIGLA_UF":"MA"}},{"arcs":[[-9122,9145,-9134,-9125]],"type":"Polygon","properties":{"CD_MUN":"2100303","NM_MUN":"Aldeias Altas","SIGLA_UF":"MA"}},{"arcs":[[-9113,9146,9147,-9128]],"type":"Polygon","properties":{"CD_MUN":"2105807","NM_MUN":"Lago do Junco","SIGLA_UF":"MA"}},{"arcs":[[-9112,-9118,9148,9149,-9147]],"type":"Polygon","properties":{"CD_MUN":"2111409","NM_MUN":"São Luís Gonzaga do Maranhão","SIGLA_UF":"MA"}},{"arcs":[[-4910,-4925,9150,9151,9152,9153,9154,-9135,-9146,-9121]],"type":"Polygon","properties":{"CD_MUN":"2103000","NM_MUN":"Caxias","SIGLA_UF":"MA"}},{"arcs":[[-9117,-9140,9155,9156,-9149]],"type":"Polygon","properties":{"CD_MUN":"2106003","NM_MUN":"Lima Campos","SIGLA_UF":"MA"}},{"arcs":[[-9129,-9148,-9150,-9157,9157,9158,9159,9160]],"type":"Polygon","properties":{"CD_MUN":"2108207","NM_MUN":"Pedreiras","SIGLA_UF":"MA"}},{"arcs":[[-9130,-9161,9161]],"type":"Polygon","properties":{"CD_MUN":"2105203","NM_MUN":"Igarapé Grande","SIGLA_UF":"MA"}},{"arcs":[[-9131,-9162,-9160,9162,9163]],"type":"Polygon","properties":{"CD_MUN":"2108900","NM_MUN":"Poção de Pedras","SIGLA_UF":"MA"}},{"arcs":[[-9139,9164,-9158,-9156]],"type":"Polygon","properties":{"CD_MUN":"2110302","NM_MUN":"Santo Antônio dos Lopes","SIGLA_UF":"MA"}},{"arcs":[[-9090,-9127,-9133,9165,9166,9167,9168,9169,9170,9171,9172]],"type":"Polygon","properties":{"CD_MUN":"2104800","NM_MUN":"Grajaú","SIGLA_UF":"MA"}},{"arcs":[[-9132,-9164,9173,9174,9175,9176,-9166]],"type":"Polygon","properties":{"CD_MUN":"2104008","NM_MUN":"Esperantinópolis","SIGLA_UF":"MA"}},{"arcs":[[-9138,9177,9178,9179,-9174,-9163,-9159,-9165]],"type":"Polygon","properties":{"CD_MUN":"2103802","NM_MUN":"Dom Pedro","SIGLA_UF":"MA"}},{"arcs":[[-9091,-9173,9180,9181,9182,-9142]],"type":"Polygon","properties":{"CD_MUN":"2100600","NM_MUN":"Amarante do Maranhão","SIGLA_UF":"MA"}},{"arcs":[[-9175,-9180,9183,9184,9185,9186]],"type":"Polygon","properties":{"CD_MUN":"2109106","NM_MUN":"Presidente Dutra","SIGLA_UF":"MA"}},{"arcs":[[-9176,-9187,9187,9188]],"type":"Polygon","properties":{"CD_MUN":"2105609","NM_MUN":"Joselândia","SIGLA_UF":"MA"}},{"arcs":[[-9136,-9155,9189,-9179,9190]],"type":"Polygon","properties":{"CD_MUN":"2104404","NM_MUN":"Gonçalves Dias","SIGLA_UF":"MA"}},{"arcs":[[-9137,-9191,-9178]],"type":"Polygon","properties":{"CD_MUN":"2104503","NM_MUN":"Governador Archer","SIGLA_UF":"MA"}},{"arcs":[[-4924,9191,-9151]],"type":"Polygon","properties":{"CD_MUN":"2112209","NM_MUN":"Timon","SIGLA_UF":"MA"}},{"arcs":[[-9143,-9183,9192]],"type":"Polygon","properties":{"CD_MUN":"2105500","NM_MUN":"João Lisboa","SIGLA_UF":"MA"}},{"arcs":[[-9167,-9177,-9189,9193,9194]],"type":"Polygon","properties":{"CD_MUN":"2101608","NM_MUN":"Barra do Corda","SIGLA_UF":"MA"}},{"arcs":[[-9186,9195,9196,9197,-9194,-9188]],"type":"Polygon","properties":{"CD_MUN":"2112308","NM_MUN":"Tuntum","SIGLA_UF":"MA"}},{"arcs":[[-4923,-4962,9198,-9152,-9192]],"type":"Polygon","properties":{"CD_MUN":"2106607","NM_MUN":"Matões","SIGLA_UF":"MA"}},{"arcs":[[-9154,9199,9200,9201,9202,9203,-9190]],"type":"Polygon","properties":{"CD_MUN":"2104602","NM_MUN":"Governador Eugênio Barros","SIGLA_UF":"MA"}},{"arcs":[[-4961,9204,9205,9206,-9200,-9153,-9199]],"type":"Polygon","properties":{"CD_MUN":"2107803","NM_MUN":"Parnarama","SIGLA_UF":"MA"}},{"arcs":[[-9184,-9204,9207]],"type":"Polygon","properties":{"CD_MUN":"2104701","NM_MUN":"Graça Aranha","SIGLA_UF":"MA"}},{"arcs":[[-9185,-9208,-9203,9208,9209,-9196]],"type":"Polygon","properties":{"CD_MUN":"2110708","NM_MUN":"São Domingos do Maranhão","SIGLA_UF":"MA"}},{"arcs":[[-9202,9210,9211,-9209]],"type":"Polygon","properties":{"CD_MUN":"2104206","NM_MUN":"Fortuna","SIGLA_UF":"MA"}},{"arcs":[[-9201,-9207,9212,9213,-9211]],"type":"Polygon","properties":{"CD_MUN":"2102309","NM_MUN":"Buriti Bravo","SIGLA_UF":"MA"}},{"arcs":[[-9144,-9193,-9182,9214,9215,9216]],"type":"Polygon","properties":{"CD_MUN":"2107001","NM_MUN":"Montes Altos","SIGLA_UF":"MA"}},{"arcs":[[-9172,9217,9218,-9215,-9181]],"type":"Polygon","properties":{"CD_MUN":"2111805","NM_MUN":"Sítio Novo","SIGLA_UF":"MA"}},{"arcs":[[-9206,9219,9220,9221,9222,-9213]],"type":"Polygon","properties":{"CD_MUN":"2107902","NM_MUN":"Passagem Franca","SIGLA_UF":"MA"}},{"arcs":[[-9197,-9210,-9212,-9214,-9223,9223,9224,9225]],"type":"Polygon","properties":{"CD_MUN":"2103505","NM_MUN":"Colinas","SIGLA_UF":"MA"}},{"arcs":[[-4960,-5000,9226,-9220,-9205]],"type":"Polygon","properties":{"CD_MUN":"2110906","NM_MUN":"São Francisco do Maranhão","SIGLA_UF":"MA"}},{"arcs":[[-9168,-9195,-9198,-9226,9227,9228,9229,9230,9231,9232]],"type":"Polygon","properties":{"CD_MUN":"2106706","NM_MUN":"Mirador","SIGLA_UF":"MA"}},{"arcs":[[-9216,-9219,9233,9234]],"type":"Polygon","properties":{"CD_MUN":"2109007","NM_MUN":"Porto Franco","SIGLA_UF":"MA"}},{"arcs":[[-9225,9235,9236,9237,-9228]],"type":"Polygon","properties":{"CD_MUN":"2111904","NM_MUN":"Sucupira do Norte","SIGLA_UF":"MA"}},{"arcs":[[-9222,9238,9239,-9236,-9224]],"type":"Polygon","properties":{"CD_MUN":"2107704","NM_MUN":"Paraibano","SIGLA_UF":"MA"}},{"arcs":[[-5055,9240,9241,-9239,-9221,9242,-5071]],"type":"Polygon","properties":{"CD_MUN":"2111102","NM_MUN":"São João dos Patos","SIGLA_UF":"MA"}},{"arcs":[[-4999,-5050,-5072,-9243,-9227]],"type":"Polygon","properties":{"CD_MUN":"2101509","NM_MUN":"Barão de Grajaú","SIGLA_UF":"MA"}},{"arcs":[[-9237,-9240,-9242,9243,9244]],"type":"Polygon","properties":{"CD_MUN":"2108009","NM_MUN":"Pastos Bons","SIGLA_UF":"MA"}},{"arcs":[[-9171,9245,9246,9247,-9234,-9218]],"type":"Polygon","properties":{"CD_MUN":"2102804","NM_MUN":"Carolina","SIGLA_UF":"MA"}},{"arcs":[[-5054,-5081,9248,-9244,-9241]],"type":"Polygon","properties":{"CD_MUN":"2107308","NM_MUN":"Nova Iorque","SIGLA_UF":"MA"}},{"arcs":[[-9170,9249,9250,9251,-9246]],"type":"Polygon","properties":{"CD_MUN":"2104107","NM_MUN":"Fortaleza dos Nogueiras","SIGLA_UF":"MA"}},{"arcs":[[-5080,-5103,-5138,9252,-9229,-9238,-9245,-9249]],"type":"Polygon","properties":{"CD_MUN":"2101806","NM_MUN":"Benedito Leite","SIGLA_UF":"MA"}},{"arcs":[[-9169,-9233,9253,9254,-9250]],"type":"Polygon","properties":{"CD_MUN":"2111607","NM_MUN":"São Raimundo das Mangabeiras","SIGLA_UF":"MA"}},{"arcs":[[-5137,9255,-9230,-9253]],"type":"Polygon","properties":{"CD_MUN":"2110807","NM_MUN":"São Félix de Balsas","SIGLA_UF":"MA"}},{"arcs":[[-5136,9256,-9231,-9256]],"type":"Polygon","properties":{"CD_MUN":"2106102","NM_MUN":"Loreto","SIGLA_UF":"MA"}},{"arcs":[[-5135,9257,9258,-9254,-9232,-9257]],"type":"Polygon","properties":{"CD_MUN":"2109700","NM_MUN":"Sambaíba","SIGLA_UF":"MA"}},{"arcs":[[-9247,-9252,9259,9260]],"type":"Polygon","properties":{"CD_MUN":"2109502","NM_MUN":"Riachão","SIGLA_UF":"MA"}},{"arcs":[[-9251,-9255,-9259,9261,9262,9263,-9260]],"type":"Polygon","properties":{"CD_MUN":"2101400","NM_MUN":"Balsas","SIGLA_UF":"MA"}},{"arcs":[[-5134,-5180,9264,-9262,-9258]],"type":"Polygon","properties":{"CD_MUN":"2112001","NM_MUN":"Tasso Fragoso","SIGLA_UF":"MA"}},{"arcs":[[-5179,-5201,-5217,9265,-9263,-9265]],"type":"Polygon","properties":{"CD_MUN":"2100501","NM_MUN":"Alto Parnaíba","SIGLA_UF":"MA"}},{"arcs":[[-8918,9266,-9085,-9093,-9141]],"type":"Polygon","properties":{"CD_MUN":"2102002","NM_MUN":"Bom Jardim","SIGLA_UF":"MA"}},{"arcs":[[-8917,-8932,-8959,-9041,-9051,-9062,-9086,-9267]],"type":"Polygon","properties":{"CD_MUN":"2106904","NM_MUN":"Monção","SIGLA_UF":"MA"}},{"arcs":[[-6486,9267,9268,9269]],"type":"Polygon","properties":{"CD_MUN":"5220207","NM_MUN":"São Miguel do Araguaia","SIGLA_UF":"GO"}},{"arcs":[[-9269,9270,9271,9272,9273,9274,9275]],"type":"Polygon","properties":{"CD_MUN":"5218003","NM_MUN":"Porangatu","SIGLA_UF":"GO"}},{"arcs":[[9276,9277,9278,9279,9280]],"type":"Polygon","properties":{"CD_MUN":"5204904","NM_MUN":"Campos Belos","SIGLA_UF":"GO"}},{"arcs":[[-9278,9281,9282]],"type":"Polygon","properties":{"CD_MUN":"5208301","NM_MUN":"Divinópolis de Goiás","SIGLA_UF":"GO"}},{"arcs":[[-9277,9283,9284,9285,9286,9287,9288,-9282]],"type":"Polygon","properties":{"CD_MUN":"5219803","NM_MUN":"São Domingos","SIGLA_UF":"GO"}},{"arcs":[[-9279,-9283,-9289,9289,9290,9291]],"type":"Polygon","properties":{"CD_MUN":"5213509","NM_MUN":"Monte Alegre de Goiás","SIGLA_UF":"GO"}},{"arcs":[[9292,9293,9294,9295,9296]],"type":"Polygon","properties":{"CD_MUN":"5213087","NM_MUN":"Minaçu","SIGLA_UF":"GO"}},{"arcs":[[-9272,9297,-9296,9298,9299,9300,9301]],"type":"Polygon","properties":{"CD_MUN":"5208103","NM_MUN":"Formoso","SIGLA_UF":"GO"}},{"arcs":[[-9273,-9302,9302,9303]],"type":"Polygon","properties":{"CD_MUN":"5219605","NM_MUN":"Santa Tereza de Goiás","SIGLA_UF":"GO"}},{"arcs":[[-9291,9304,9305,9306,9307,-9293,9308]],"type":"Polygon","properties":{"CD_MUN":"5205307","NM_MUN":"Cavalcante","SIGLA_UF":"GO"}},{"arcs":[[-6487,-9270,-9276,9309,9310,9311,9312,9313,9314,9315,9316]],"type":"Polygon","properties":{"CD_MUN":"5206404","NM_MUN":"Crixás","SIGLA_UF":"GO"}},{"arcs":[[-9295,9317,9318,-9299]],"type":"Polygon","properties":{"CD_MUN":"5204706","NM_MUN":"Campinorte","SIGLA_UF":"GO"}},{"arcs":[[-9288,9319,9320,9321,9322,-9305,-9290]],"type":"Polygon","properties":{"CD_MUN":"5214903","NM_MUN":"Nova Roma","SIGLA_UF":"GO"}},{"arcs":[[-9274,-9304,9323,9324]],"type":"Polygon","properties":{"CD_MUN":"5214101","NM_MUN":"Mutunópolis","SIGLA_UF":"GO"}},{"arcs":[[-9275,-9325,9325,-9300,-9319,9326,9327,9328,-9310]],"type":"Polygon","properties":{"CD_MUN":"5212808","NM_MUN":"Mara Rosa","SIGLA_UF":"GO"}},{"arcs":[[-9301,-9326,-9324,-9303]],"type":"Polygon","properties":{"CD_MUN":"5207501","NM_MUN":"Estrela do Norte","SIGLA_UF":"GO"}},{"arcs":[[-9294,-9308,9329,9330,9331,9332,9333,-9327,-9318]],"type":"Polygon","properties":{"CD_MUN":"5221601","NM_MUN":"Uruaçu","SIGLA_UF":"GO"}},{"arcs":[[-9286,9334,9335,9336]],"type":"Polygon","properties":{"CD_MUN":"5209408","NM_MUN":"Guarani de Goiás","SIGLA_UF":"GO"}},{"arcs":[[-9287,-9337,9337,9338,9339,-9320]],"type":"Polygon","properties":{"CD_MUN":"5209903","NM_MUN":"Iaciara","SIGLA_UF":"GO"}},{"arcs":[[-9306,-9323,9340,9341]],"type":"Polygon","properties":{"CD_MUN":"5200605","NM_MUN":"Alto Paraíso de Goiás","SIGLA_UF":"GO"}},{"arcs":[[-9311,-9329,9342]],"type":"Polygon","properties":{"CD_MUN":"5219704","NM_MUN":"Santa Terezinha de Goiás","SIGLA_UF":"GO"}},{"arcs":[[-9336,9343,9344,9345,-9338]],"type":"Polygon","properties":{"CD_MUN":"5218300","NM_MUN":"Posse","SIGLA_UF":"GO"}},{"arcs":[[-9322,9346,9347,9348,9349,-9341]],"type":"Polygon","properties":{"CD_MUN":"5220009","NM_MUN":"São João d'Aliança","SIGLA_UF":"GO"}},{"arcs":[[-6821,9350,-9347,-9321,-9340,9351,9352]],"type":"Polygon","properties":{"CD_MUN":"5207907","NM_MUN":"Flores de Goiás","SIGLA_UF":"GO"}},{"arcs":[[-9307,-9342,-9350,9353,9354,9355,9356,-9330]],"type":"Polygon","properties":{"CD_MUN":"5214606","NM_MUN":"Niquelândia","SIGLA_UF":"GO"}},{"arcs":[[-9312,-9343,-9328,-9334,9357,9358]],"type":"Polygon","properties":{"CD_MUN":"5216908","NM_MUN":"Pilar de Goiás","SIGLA_UF":"GO"}},{"arcs":[[-9339,-9346,9359,9360,9361,-9352]],"type":"Polygon","properties":{"CD_MUN":"5200803","NM_MUN":"Alvorada do Norte","SIGLA_UF":"GO"}},{"arcs":[[-9345,9362,9363,-9360]],"type":"Polygon","properties":{"CD_MUN":"5212709","NM_MUN":"Mambaí","SIGLA_UF":"GO"}},{"arcs":[[-6488,-9317,9364,9365,9366,9367]],"type":"Polygon","properties":{"CD_MUN":"5202502","NM_MUN":"Aruanã","SIGLA_UF":"GO"}},{"arcs":[[-9361,-9364,9368,9369]],"type":"Polygon","properties":{"CD_MUN":"5206701","NM_MUN":"Damianópolis","SIGLA_UF":"GO"}},{"arcs":[[-9316,9370,-9365]],"type":"Polygon","properties":{"CD_MUN":"5214002","NM_MUN":"Mozarlândia","SIGLA_UF":"GO"}},{"arcs":[[-9331,-9357,9371,9372,9373]],"type":"Polygon","properties":{"CD_MUN":"5203203","NM_MUN":"Barro Alto","SIGLA_UF":"GO"}},{"arcs":[[-6802,-6822,-9353,-9362,-9370,9374,9375]],"type":"Polygon","properties":{"CD_MUN":"5220702","NM_MUN":"Sítio d'Abadia","SIGLA_UF":"GO"}},{"arcs":[[-9333,9376,-9358]],"type":"Polygon","properties":{"CD_MUN":"5209804","NM_MUN":"Hidrolina","SIGLA_UF":"GO"}},{"arcs":[[-9313,-9359,-9377,-9332,-9374,9377,9378,9379,9380,9381]],"type":"Polygon","properties":{"CD_MUN":"5210901","NM_MUN":"Itapaci","SIGLA_UF":"GO"}},{"arcs":[[-9349,9382,9383,9384,-9354]],"type":"Polygon","properties":{"CD_MUN":"5217609","NM_MUN":"Planaltina","SIGLA_UF":"GO"}},{"arcs":[[-6820,9385,-6863,9386,-9383,-9348,-9351]],"type":"Polygon","properties":{"CD_MUN":"5208004","NM_MUN":"Formosa","SIGLA_UF":"GO"}},{"arcs":[[-6489,-9368,9387,9388]],"type":"Polygon","properties":{"CD_MUN":"5203807","NM_MUN":"Britânia","SIGLA_UF":"GO"}},{"arcs":[[-9379,9389,9390,9391,9392,9393,9394,9395,9396,9397,9398]],"type":"Polygon","properties":{"CD_MUN":"5211800","NM_MUN":"Jaraguá","SIGLA_UF":"GO"}},{"arcs":[[-9315,9399,9400,9401,9402,9403,9404,9405,-9366,-9371]],"type":"Polygon","properties":{"CD_MUN":"5208905","NM_MUN":"Goiás","SIGLA_UF":"GO"}},{"arcs":[[-9373,9406,-9390,-9378]],"type":"Polygon","properties":{"CD_MUN":"5208608","NM_MUN":"Goianésia","SIGLA_UF":"GO"}},{"arcs":[[-9380,-9399,9407,9408,9409]],"type":"Polygon","properties":{"CD_MUN":"5205406","NM_MUN":"Ceres","SIGLA_UF":"GO"}},{"arcs":[[-9356,9410,9411,9412,9413,9414,9415,-9391,-9407,-9372]],"type":"Polygon","properties":{"CD_MUN":"5217302","NM_MUN":"Pirenópolis","SIGLA_UF":"GO"}},{"arcs":[[-9314,-9382,9416]],"type":"Polygon","properties":{"CD_MUN":"5214705","NM_MUN":"Nova América","SIGLA_UF":"GO"}},{"arcs":[[-9381,-9410,9417,9418,-9400,-9417]],"type":"Polygon","properties":{"CD_MUN":"5218904","NM_MUN":"Rubiataba","SIGLA_UF":"GO"}},{"arcs":[[-9398,9419,9420,9421,-9408]],"type":"Polygon","properties":{"CD_MUN":"5218607","NM_MUN":"Rialma","SIGLA_UF":"GO"}},{"arcs":[[-9355,-9385,9422,9423,9424,-9411]],"type":"Polygon","properties":{"CD_MUN":"5215603","NM_MUN":"Padre Bernardo","SIGLA_UF":"GO"}},{"arcs":[[-9409,-9422,9425,9426,-9418]],"type":"Polygon","properties":{"CD_MUN":"5205000","NM_MUN":"Carmo do Rio Verde","SIGLA_UF":"GO"}},{"arcs":[[-9401,-9419,-9427,9427,9428]],"type":"Polygon","properties":{"CD_MUN":"5211206","NM_MUN":"Itapuranga","SIGLA_UF":"GO"}},{"arcs":[[-9367,-9406,9429,9430,-9388]],"type":"Polygon","properties":{"CD_MUN":"5211008","NM_MUN":"Itapirapuã","SIGLA_UF":"GO"}},{"arcs":[[-9397,9431,-9420]],"type":"Polygon","properties":{"CD_MUN":"5218706","NM_MUN":"Rianápolis","SIGLA_UF":"GO"}},{"arcs":[[-6490,-9389,-9431,9432,9433,9434]],"type":"Polygon","properties":{"CD_MUN":"5212204","NM_MUN":"Jussara","SIGLA_UF":"GO"}},{"arcs":[[-9396,9435,9436,9437,-9428,-9426,-9421,-9432]],"type":"Polygon","properties":{"CD_MUN":"5221700","NM_MUN":"Uruana","SIGLA_UF":"GO"}},{"arcs":[[-6862,9438,9439,-9423,-9384,-9387]],"type":"Polygon","properties":{"CD_MUN":"5300108","NM_MUN":"Brasília","SIGLA_UF":"DF"}},{"arcs":[[-9412,-9425,9440,9441,9442]],"type":"Polygon","properties":{"CD_MUN":"5205802","NM_MUN":"Corumbá de Goiás","SIGLA_UF":"GO"}},{"arcs":[[-9424,-9440,9443,9444,9445,9446,9447,-9441]],"type":"Polygon","properties":{"CD_MUN":"5212501","NM_MUN":"Luziânia","SIGLA_UF":"GO"}},{"arcs":[[-9402,-9429,-9438,9448]],"type":"Polygon","properties":{"CD_MUN":"5209606","NM_MUN":"Heitoraí","SIGLA_UF":"GO"}},{"arcs":[[-6491,-9435,9449,9450,9451,9452,9453,9454]],"type":"Polygon","properties":{"CD_MUN":"5213707","NM_MUN":"Montes Claros de Goiás","SIGLA_UF":"GO"}},{"arcs":[[-6492,-9455,9455,9456,-6582]],"type":"Polygon","properties":{"CD_MUN":"5201702","NM_MUN":"Aragarças","SIGLA_UF":"GO"}},{"arcs":[[-9403,-9449,-9437,9457,9458,9459,9460,9461,9462,9463]],"type":"Polygon","properties":{"CD_MUN":"5210406","NM_MUN":"Itaberaí","SIGLA_UF":"GO"}},{"arcs":[[-9395,9464,-9458,-9436]],"type":"Polygon","properties":{"CD_MUN":"5210604","NM_MUN":"Itaguaru","SIGLA_UF":"GO"}},{"arcs":[[-9394,9465,9466,-9459,-9465]],"type":"Polygon","properties":{"CD_MUN":"5221007","NM_MUN":"Taquaral de Goiás","SIGLA_UF":"GO"}},{"arcs":[[-6819,-6864,-9386]],"type":"Polygon","properties":{"CD_MUN":"5204003","NM_MUN":"Cabeceiras","SIGLA_UF":"GO"}},{"arcs":[[-9405,9467,9468,9469,-9433,-9430]],"type":"Polygon","properties":{"CD_MUN":"5215207","NM_MUN":"Novo Brasil","SIGLA_UF":"GO"}},{"arcs":[[-9454,9470,9471,9472,-9456]],"type":"Polygon","properties":{"CD_MUN":"5203401","NM_MUN":"Bom Jardim de Goiás","SIGLA_UF":"GO"}},{"arcs":[[-9434,-9470,9473,9474,9475,9476,-9450]],"type":"Polygon","properties":{"CD_MUN":"5207600","NM_MUN":"Fazenda Nova","SIGLA_UF":"GO"}},{"arcs":[[-9392,-9416,9477,9478]],"type":"Polygon","properties":{"CD_MUN":"5219902","NM_MUN":"São Francisco de Goiás","SIGLA_UF":"GO"}},{"arcs":[[-9393,-9479,9479,9480,-9466]],"type":"Polygon","properties":{"CD_MUN":"5219506","NM_MUN":"Santa Rosa de Goiás","SIGLA_UF":"GO"}},{"arcs":[[-9451,-9477,9481,9482,9483]],"type":"Polygon","properties":{"CD_MUN":"5212006","NM_MUN":"Jaupaci","SIGLA_UF":"GO"}},{"arcs":[[-9453,9484,9485,9486,9487,-9471]],"type":"Polygon","properties":{"CD_MUN":"5217203","NM_MUN":"Piranhas","SIGLA_UF":"GO"}},{"arcs":[[-9415,9488,9489,9490,9491,9492,-9480,-9478]],"type":"Polygon","properties":{"CD_MUN":"5216809","NM_MUN":"Petrolina de Goiás","SIGLA_UF":"GO"}},{"arcs":[[-9404,-9464,9493,9494,9495,9496,-9468]],"type":"Polygon","properties":{"CD_MUN":"5213905","NM_MUN":"Mossâmedes","SIGLA_UF":"GO"}},{"arcs":[[-6861,-6973,9497,-9444,-9439]],"type":"Polygon","properties":{"CD_MUN":"5206206","NM_MUN":"Cristalina","SIGLA_UF":"GO"}},{"arcs":[[-6583,-9457,-9473,9498,-6600]],"type":"Polygon","properties":{"CD_MUN":"5203104","NM_MUN":"Baliza","SIGLA_UF":"GO"}},{"arcs":[[-9460,-9467,-9481,-9493,9499,9500]],"type":"Polygon","properties":{"CD_MUN":"5211404","NM_MUN":"Itauçu","SIGLA_UF":"GO"}},{"arcs":[[-9413,-9443,9501,9502,9503]],"type":"Polygon","properties":{"CD_MUN":"5200100","NM_MUN":"Abadiânia","SIGLA_UF":"GO"}},{"arcs":[[-9414,-9504,9504,9505,9506,9507,9508,-9489]],"type":"Polygon","properties":{"CD_MUN":"5201108","NM_MUN":"Anápolis","SIGLA_UF":"GO"}},{"arcs":[[-9442,-9448,9509,-9502]],"type":"Polygon","properties":{"CD_MUN":"5200308","NM_MUN":"Alexânia","SIGLA_UF":"GO"}},{"arcs":[[-9452,-9484,9510,-9485]],"type":"Polygon","properties":{"CD_MUN":"5207105","NM_MUN":"Diorama","SIGLA_UF":"GO"}},{"arcs":[[-9492,9511,9512,9513,9514,9515,-9500]],"type":"Polygon","properties":{"CD_MUN":"5210000","NM_MUN":"Inhumas","SIGLA_UF":"GO"}},{"arcs":[[-9469,-9497,9516,9517,9518,9519,-9474]],"type":"Polygon","properties":{"CD_MUN":"5205703","NM_MUN":"Córrego do Ouro","SIGLA_UF":"GO"}},{"arcs":[[-9490,-9509,9520,9521,9522]],"type":"Polygon","properties":{"CD_MUN":"5215405","NM_MUN":"Ouro Verde de Goiás","SIGLA_UF":"GO"}},{"arcs":[[-9491,-9523,9523,9524,-9512]],"type":"Polygon","properties":{"CD_MUN":"5206800","NM_MUN":"Damolândia","SIGLA_UF":"GO"}},{"arcs":[[-9463,9525,9526,9527,-9494]],"type":"Polygon","properties":{"CD_MUN":"5201306","NM_MUN":"Anicuns","SIGLA_UF":"GO"}},{"arcs":[[-9483,9528,9529,9530,9531,9532,-9486,-9511]],"type":"Polygon","properties":{"CD_MUN":"5210208","NM_MUN":"Iporá","SIGLA_UF":"GO"}},{"arcs":[[-9476,9533,-9529,-9482]],"type":"Polygon","properties":{"CD_MUN":"5210307","NM_MUN":"Israelândia","SIGLA_UF":"GO"}},{"arcs":[[-9496,9534,-9517]],"type":"Polygon","properties":{"CD_MUN":"5219001","NM_MUN":"Sanclerlândia","SIGLA_UF":"GO"}},{"arcs":[[-9513,-9525,9535,9536]],"type":"Polygon","properties":{"CD_MUN":"5203609","NM_MUN":"Brazabrantes","SIGLA_UF":"GO"}},{"arcs":[[-9522,9537,9538,-9536,-9524]],"type":"Polygon","properties":{"CD_MUN":"5215009","NM_MUN":"Nova Veneza","SIGLA_UF":"GO"}},{"arcs":[[-9461,-9501,-9516,9539,9540]],"type":"Polygon","properties":{"CD_MUN":"5201603","NM_MUN":"Araçu","SIGLA_UF":"GO"}},{"arcs":[[-9447,9541,9542,9543,9544,9545,-9505,-9503,-9510]],"type":"Polygon","properties":{"CD_MUN":"5220603","NM_MUN":"Silvânia","SIGLA_UF":"GO"}},{"arcs":[[-9508,9546,9547,9548,-9538,-9521]],"type":"Polygon","properties":{"CD_MUN":"5214507","NM_MUN":"Nerópolis","SIGLA_UF":"GO"}},{"arcs":[[-9475,-9520,9549,9550,9551,-9530,-9534]],"type":"Polygon","properties":{"CD_MUN":"5213400","NM_MUN":"Moiporá","SIGLA_UF":"GO"}},{"arcs":[[-9462,-9541,9552,9553,9554,9555,-9526]],"type":"Polygon","properties":{"CD_MUN":"5202809","NM_MUN":"Avelinópolis","SIGLA_UF":"GO"}},{"arcs":[[-9487,-9533,9556,-9531,-9552,9557,9558,9559,9560]],"type":"Polygon","properties":{"CD_MUN":"5211602","NM_MUN":"Ivolândia","SIGLA_UF":"GO"}},{"arcs":[[-9514,-9537,-9539,-9549,9561,9562,9563]],"type":"Polygon","properties":{"CD_MUN":"5208806","NM_MUN":"Goianira","SIGLA_UF":"GO"}},{"arcs":[[-9515,-9564,9564,-9553,-9540]],"type":"Polygon","properties":{"CD_MUN":"5205208","NM_MUN":"Caturaí","SIGLA_UF":"GO"}},{"arcs":[[-6601,-9499,-9472,-9488,-9561,9565,9566,9567]],"type":"Polygon","properties":{"CD_MUN":"5204409","NM_MUN":"Caiapônia","SIGLA_UF":"GO"}},{"arcs":[[-9495,9568,9569,9570,-9518,-9535]],"type":"Polygon","properties":{"CD_MUN":"5220108","NM_MUN":"São Luís de Montes Belos","SIGLA_UF":"GO"}},{"arcs":[[-9528,9571,9572,9573,9574,-9569]],"type":"Polygon","properties":{"CD_MUN":"5221502","NM_MUN":"Turvânia","SIGLA_UF":"GO"}},{"arcs":[[-9506,-9546,9575,9576,9577]],"type":"Polygon","properties":{"CD_MUN":"5212303","NM_MUN":"Leopoldo de Bulhões","SIGLA_UF":"GO"}},{"arcs":[[-9507,-9578,9578,-9547]],"type":"Polygon","properties":{"CD_MUN":"5208400","NM_MUN":"Goianápolis","SIGLA_UF":"GO"}},{"arcs":[[-9519,-9571,9579,9580,9581,-9550]],"type":"Polygon","properties":{"CD_MUN":"5202601","NM_MUN":"Aurilândia","SIGLA_UF":"GO"}},{"arcs":[[-9554,-9565,-9563,9582,9583,9584,9585]],"type":"Polygon","properties":{"CD_MUN":"5221403","NM_MUN":"Trindade","SIGLA_UF":"GO"}},{"arcs":[[-9527,-9556,9586,9587,-9572]],"type":"Polygon","properties":{"CD_MUN":"5214408","NM_MUN":"Nazário","SIGLA_UF":"GO"}},{"arcs":[[-9548,-9579,-9577,9588,9589,9590,9591,-9583,-9562]],"type":"Polygon","properties":{"CD_MUN":"5208707","NM_MUN":"Goiânia","SIGLA_UF":"GO"}},{"arcs":[[-9555,-9586,9592,9593,-9587]],"type":"Polygon","properties":{"CD_MUN":"5219100","NM_MUN":"Santa Bárbara de Goiás","SIGLA_UF":"GO"}},{"arcs":[[-9551,-9582,9594,-9558]],"type":"Polygon","properties":{"CD_MUN":"5204201","NM_MUN":"Cachoeira de Goiás","SIGLA_UF":"GO"}},{"arcs":[[-9532,-9557]],"type":"Polygon","properties":{"CD_MUN":"5200902","NM_MUN":"Amorinópolis","SIGLA_UF":"GO"}},{"arcs":[[-9570,-9575,9595,9596,-9580]],"type":"Polygon","properties":{"CD_MUN":"5207808","NM_MUN":"Firminópolis","SIGLA_UF":"GO"}},{"arcs":[[-9573,-9588,-9594,9597,9598,9599,9600,9601,9602,9603,9604]],"type":"Polygon","properties":{"CD_MUN":"5215702","NM_MUN":"Palmeiras de Goiás","SIGLA_UF":"GO"}},{"arcs":[[-9585,9605,-9598,-9593]],"type":"Polygon","properties":{"CD_MUN":"5204607","NM_MUN":"Campestre de Goiás","SIGLA_UF":"GO"}},{"arcs":[[-9574,-9605,9606,9607,-9596]],"type":"Polygon","properties":{"CD_MUN":"5215900","NM_MUN":"Palminópolis","SIGLA_UF":"GO"}},{"arcs":[[-9545,9608,9609,9610,9611,-9589,-9576]],"type":"Polygon","properties":{"CD_MUN":"5203302","NM_MUN":"Bela Vista de Goiás","SIGLA_UF":"GO"}},{"arcs":[[[-6602,-9568,9612,9613,9614,-6635,-6613,9615,-6609],[9617]],[[-6637,9616,-6654]]],"type":"MultiPolygon","properties":{"CD_MUN":"5213103","NM_MUN":"Mineiros","SIGLA_UF":"GO"}},{"arcs":[[-9446,9618,9619,9620,9621,-9542]],"type":"Polygon","properties":{"CD_MUN":"5215306","NM_MUN":"Orizona","SIGLA_UF":"GO"}},{"arcs":[[-9559,-9595,-9581,-9597,-9608,9622,9623,9624]],"type":"Polygon","properties":{"CD_MUN":"5216403","NM_MUN":"Paraúna","SIGLA_UF":"GO"}},{"arcs":[[-9584,-9592,9625,9626,-9599,-9606]],"type":"Polygon","properties":{"CD_MUN":"5209200","NM_MUN":"Guapó","SIGLA_UF":"GO"}},{"arcs":[[-6610,-9616,-6612]],"type":"Polygon","properties":{"CD_MUN":"5219407","NM_MUN":"Santa Rita do Araguaia","SIGLA_UF":"GO"}},{"arcs":[[-9590,-9612,9627,9628]],"type":"Polygon","properties":{"CD_MUN":"5201405","NM_MUN":"Aparecida de Goiânia","SIGLA_UF":"GO"}},{"arcs":[[-9591,-9629,9629,9630,-9626]],"type":"Polygon","properties":{"CD_MUN":"5201801","NM_MUN":"Aragoiânia","SIGLA_UF":"GO"}},{"arcs":[[-9611,9631,9632,9633,9634,-9630,-9628]],"type":"Polygon","properties":{"CD_MUN":"5209705","NM_MUN":"Hidrolândia","SIGLA_UF":"GO"}},{"arcs":[[-9604,9635,9636,-9623,-9607]],"type":"Polygon","properties":{"CD_MUN":"5211701","NM_MUN":"Jandaia","SIGLA_UF":"GO"}},{"arcs":[[-9560,-9625,9637,9638,9639,9640,9641,9642,9643,9644,-9566]],"type":"Polygon","properties":{"CD_MUN":"5218805","NM_MUN":"Rio Verde","SIGLA_UF":"GO"}},{"arcs":[[-9543,-9622,9645]],"type":"Polygon","properties":{"CD_MUN":"5222005","NM_MUN":"Vianópolis","SIGLA_UF":"GO"}},{"arcs":[[-9600,-9627,-9631,-9635,9646]],"type":"Polygon","properties":{"CD_MUN":"5221908","NM_MUN":"Varjão","SIGLA_UF":"GO"}},{"arcs":[[-6972,9647,9648,9649,9650,9651,9652,9653,9654,-9619,-9445,-9498]],"type":"Polygon","properties":{"CD_MUN":"5210109","NM_MUN":"Ipameri","SIGLA_UF":"GO"}},{"arcs":[[-9610,9655,9656,9657,9658,9659,9660,-9632]],"type":"Polygon","properties":{"CD_MUN":"5217104","NM_MUN":"Piracanjuba","SIGLA_UF":"GO"}},{"arcs":[[-9621,9661,-9654,9662,9663,9664,9665,9666,-9646]],"type":"Polygon","properties":{"CD_MUN":"5217401","NM_MUN":"Pires do Rio","SIGLA_UF":"GO"}},{"arcs":[[-9633,-9661,9667]],"type":"Polygon","properties":{"CD_MUN":"5206503","NM_MUN":"Cromínia","SIGLA_UF":"GO"}},{"arcs":[[-9601,-9647,-9634,-9668,-9660,9668]],"type":"Polygon","properties":{"CD_MUN":"5212600","NM_MUN":"Mairipotaba","SIGLA_UF":"GO"}},{"arcs":[[-9544,-9667,9669,-9656,-9609]],"type":"Polygon","properties":{"CD_MUN":"5206305","NM_MUN":"Cristianópolis","SIGLA_UF":"GO"}},{"arcs":[[-9603,9670,9671,9672,-9636]],"type":"Polygon","properties":{"CD_MUN":"5207402","NM_MUN":"Edéia","SIGLA_UF":"GO"}},{"arcs":[[-9657,-9670,-9666,9673,-9664,9674]],"type":"Polygon","properties":{"CD_MUN":"5219209","NM_MUN":"Santa Cruz de Goiás","SIGLA_UF":"GO"}},{"arcs":[[-9602,-9669,9675,9676,9677,9678,-9671]],"type":"Polygon","properties":{"CD_MUN":"5217708","NM_MUN":"Pontalina","SIGLA_UF":"GO"}},{"arcs":[[-9620,-9655,-9662]],"type":"Polygon","properties":{"CD_MUN":"5221809","NM_MUN":"Urutaí","SIGLA_UF":"GO"}},{"arcs":[[-9624,-9637,-9673,9679,9680,9681,-9638]],"type":"Polygon","properties":{"CD_MUN":"5200134","NM_MUN":"Acreúna","SIGLA_UF":"GO"}},{"arcs":[[-9665,-9674]],"type":"Polygon","properties":{"CD_MUN":"5215801","NM_MUN":"Palmelo","SIGLA_UF":"GO"}},{"arcs":[[-9618]],"type":"Polygon","properties":{"CD_MUN":"5218102","NM_MUN":"Portelândia","SIGLA_UF":"GO"}},{"arcs":[[-9567,-9645,9682,9683,9684,9685,-9613]],"type":"Polygon","properties":{"CD_MUN":"5211909","NM_MUN":"Jataí","SIGLA_UF":"GO"}},{"arcs":[[-6971,9686,-9648]],"type":"Polygon","properties":{"CD_MUN":"5204805","NM_MUN":"Campo Alegre de Goiás","SIGLA_UF":"GO"}},{"arcs":[[-9653,9687,9688,9689,9690,-9658,-9675,-9663]],"type":"Polygon","properties":{"CD_MUN":"5204508","NM_MUN":"Caldas Novas","SIGLA_UF":"GO"}},{"arcs":[[-6970,-7086,-7151,9691,9692,9693,-7252,-7271,-7223,9694,9695,-9649,-9687]],"type":"Polygon","properties":{"CD_MUN":"5205109","NM_MUN":"Catalão","SIGLA_UF":"GO"}},{"arcs":[[-9659,-9691,9696,9697,9698,9699,9700,-9676]],"type":"Polygon","properties":{"CD_MUN":"5213806","NM_MUN":"Morrinhos","SIGLA_UF":"GO"}},{"arcs":[[-9639,-9682,9701]],"type":"Polygon","properties":{"CD_MUN":"5219308","NM_MUN":"Santa Helena de Goiás","SIGLA_UF":"GO"}},{"arcs":[[-9677,-9701,9702]],"type":"Polygon","properties":{"CD_MUN":"5200506","NM_MUN":"Aloândia","SIGLA_UF":"GO"}},{"arcs":[[-9678,-9703,-9700,9703]],"type":"Polygon","properties":{"CD_MUN":"5212105","NM_MUN":"Joviânia","SIGLA_UF":"GO"}},{"arcs":[[-9641,9704,-9680,-9672,-9679,-9704,-9699,9705,9706,9707,9708]],"type":"Polygon","properties":{"CD_MUN":"5209101","NM_MUN":"Goiatuba","SIGLA_UF":"GO"}},{"arcs":[[-9640,-9702,-9681,-9705]],"type":"Polygon","properties":{"CD_MUN":"5213004","NM_MUN":"Maurilândia","SIGLA_UF":"GO"}},{"arcs":[[-9689,9709,9710]],"type":"Polygon","properties":{"CD_MUN":"5212907","NM_MUN":"Marzagão","SIGLA_UF":"GO"}},{"arcs":[[-9690,-9711,9711,9712,-9697]],"type":"Polygon","properties":{"CD_MUN":"5200209","NM_MUN":"Água Limpa","SIGLA_UF":"GO"}},{"arcs":[[-7207,9713,-9712,-9710,-9688,-9652,9714,9715,-7219]],"type":"Polygon","properties":{"CD_MUN":"5205901","NM_MUN":"Corumbaíba","SIGLA_UF":"GO"}},{"arcs":[[-9614,-9686,9716,9717]],"type":"Polygon","properties":{"CD_MUN":"5220504","NM_MUN":"Serranópolis","SIGLA_UF":"GO"}},{"arcs":[[-9651,9718,9719,-9715]],"type":"Polygon","properties":{"CD_MUN":"5214804","NM_MUN":"Nova Aurora","SIGLA_UF":"GO"}},{"arcs":[[-9650,-9696,9720,-9719]],"type":"Polygon","properties":{"CD_MUN":"5208509","NM_MUN":"Goiandira","SIGLA_UF":"GO"}},{"arcs":[[-7206,9721,-9706,-9698,-9713,-9714]],"type":"Polygon","properties":{"CD_MUN":"5203906","NM_MUN":"Buriti Alegre","SIGLA_UF":"GO"}},{"arcs":[[-9642,-9709,9722,9723,9724]],"type":"Polygon","properties":{"CD_MUN":"5203500","NM_MUN":"Bom Jesus de Goiás","SIGLA_UF":"GO"}},{"arcs":[[-7205,-7291,-7306,-7270,-7300,-7333,-7315,9725,-9724,9726,-9707,-9722]],"type":"Polygon","properties":{"CD_MUN":"5211503","NM_MUN":"Itumbiara","SIGLA_UF":"GO"}},{"arcs":[[-7150,-7181,9727,-9692]],"type":"Polygon","properties":{"CD_MUN":"5206909","NM_MUN":"Davinópolis","SIGLA_UF":"GO"}},{"arcs":[[-9708,-9727,-9723]],"type":"Polygon","properties":{"CD_MUN":"5216007","NM_MUN":"Panamá","SIGLA_UF":"GO"}},{"arcs":[[-6636,-9615,-9718,9728,9729,-6655,-9617]],"type":"Polygon","properties":{"CD_MUN":"5201504","NM_MUN":"Aporé","SIGLA_UF":"GO"}},{"arcs":[[-7314,-7359,9730,9731,-9643,-9725,-9726]],"type":"Polygon","properties":{"CD_MUN":"5218508","NM_MUN":"Quirinópolis","SIGLA_UF":"GO"}},{"arcs":[[-7220,-9716,-9720,-9721,-9695,-7222,9732]],"type":"Polygon","properties":{"CD_MUN":"5206602","NM_MUN":"Cumari","SIGLA_UF":"GO"}},{"arcs":[[-7180,9733,-9693,-9728]],"type":"Polygon","properties":{"CD_MUN":"5215504","NM_MUN":"Ouvidor","SIGLA_UF":"GO"}},{"arcs":[[-9644,-9732,9734,9735,-9683]],"type":"Polygon","properties":{"CD_MUN":"5204102","NM_MUN":"Cachoeira Alta","SIGLA_UF":"GO"}},{"arcs":[[-7179,-7243,-7253,-9694,-9734]],"type":"Polygon","properties":{"CD_MUN":"5221304","NM_MUN":"Três Ranchos","SIGLA_UF":"GO"}},{"arcs":[[-7221,-9733]],"type":"Polygon","properties":{"CD_MUN":"5201207","NM_MUN":"Anhanguera","SIGLA_UF":"GO"}},{"arcs":[[-7356,9736,-9684,-9736,9737,9738]],"type":"Polygon","properties":{"CD_MUN":"5204300","NM_MUN":"Caçu","SIGLA_UF":"GO"}},{"arcs":[[-7355,-7516,9739,-9729,-9717,-9685,-9737]],"type":"Polygon","properties":{"CD_MUN":"5211305","NM_MUN":"Itarumã","SIGLA_UF":"GO"}},{"arcs":[[-7358,9740,-9738,-9735,-9731]],"type":"Polygon","properties":{"CD_MUN":"5216304","NM_MUN":"Paranaiguara","SIGLA_UF":"GO"}},{"arcs":[[-7357,-9739,-9741]],"type":"Polygon","properties":{"CD_MUN":"5220405","NM_MUN":"São Simão","SIGLA_UF":"GO"}},{"arcs":[[-6656,-9730,-9740,-7515,-6661]],"type":"Polygon","properties":{"CD_MUN":"5210802","NM_MUN":"Itajá","SIGLA_UF":"GO"}},{"arcs":[[-7139,9741,9742,9743,9744,9745]],"type":"Polygon","properties":{"CD_MUN":"3203601","NM_MUN":"Mucurici","SIGLA_UF":"ES"}},{"arcs":[[-7110,-7140,-9746,9746,9747,-7194]],"type":"Polygon","properties":{"CD_MUN":"3202108","NM_MUN":"Ecoporanga","SIGLA_UF":"ES"}},{"arcs":[[-7138,9748,9749,-9742]],"type":"Polygon","properties":{"CD_MUN":"3203502","NM_MUN":"Montanha","SIGLA_UF":"ES"}},{"arcs":[[-9749,9750,9751,9752,9753]],"type":"Polygon","properties":{"CD_MUN":"3201605","NM_MUN":"Conceição da Barra","SIGLA_UF":"ES"}},{"arcs":[[-9743,-9750,-9754,9754,9755]],"type":"Polygon","properties":{"CD_MUN":"3204104","NM_MUN":"Pinheiros","SIGLA_UF":"ES"}},{"arcs":[[-7195,-9748,9756,9757,9758,-7397]],"type":"Polygon","properties":{"CD_MUN":"3200904","NM_MUN":"Barra de São Francisco","SIGLA_UF":"ES"}},{"arcs":[[-9744,-9756,9759,9760]],"type":"Polygon","properties":{"CD_MUN":"3201001","NM_MUN":"Boa Esperança","SIGLA_UF":"ES"}},{"arcs":[[-9745,-9761,9761,9762,-9757,-9747]],"type":"Polygon","properties":{"CD_MUN":"3203908","NM_MUN":"Nova Venécia","SIGLA_UF":"ES"}},{"arcs":[[-9753,9763,9764,9765,-9762,-9760,-9755]],"type":"Polygon","properties":{"CD_MUN":"3204906","NM_MUN":"São Mateus","SIGLA_UF":"ES"}},{"arcs":[[-7398,-9759,9766,9767,-7526,-7477]],"type":"Polygon","properties":{"CD_MUN":"3203304","NM_MUN":"Mantenópolis","SIGLA_UF":"ES"}},{"arcs":[[-9758,-9763,-9766,9768,9769,9770,-9767]],"type":"Polygon","properties":{"CD_MUN":"3204708","NM_MUN":"São Gabriel da Palha","SIGLA_UF":"ES"}},{"arcs":[[-9765,9771,9772,9773,9774,-9769]],"type":"Polygon","properties":{"CD_MUN":"3203205","NM_MUN":"Linhares","SIGLA_UF":"ES"}},{"arcs":[[-7527,-9768,-9771,9775,9776,-7612]],"type":"Polygon","properties":{"CD_MUN":"3204005","NM_MUN":"Pancas","SIGLA_UF":"ES"}},{"arcs":[[-9770,-9775,9777,9778,9779,9780,-9776]],"type":"Polygon","properties":{"CD_MUN":"3201506","NM_MUN":"Colatina","SIGLA_UF":"ES"}},{"arcs":[[-7613,-9777,-9781,9781,9782,-7768,-7716]],"type":"Polygon","properties":{"CD_MUN":"3200805","NM_MUN":"Baixo Guandu","SIGLA_UF":"ES"}},{"arcs":[[-9780,9783,9784,9785,-9782]],"type":"Polygon","properties":{"CD_MUN":"3202702","NM_MUN":"Itaguaçu","SIGLA_UF":"ES"}},{"arcs":[[-9773,9786,9787,9788]],"type":"Polygon","properties":{"CD_MUN":"3200607","NM_MUN":"Aracruz","SIGLA_UF":"ES"}},{"arcs":[[-9779,9789,9790,9791,9792,-9784]],"type":"Polygon","properties":{"CD_MUN":"3204609","NM_MUN":"Santa Teresa","SIGLA_UF":"ES"}},{"arcs":[[-9774,-9789,9793,-9790,-9778]],"type":"Polygon","properties":{"CD_MUN":"3202504","NM_MUN":"Ibiraçu","SIGLA_UF":"ES"}},{"arcs":[[-7769,-9783,-9786,9794,9795,9796,9797,9798,9799,-8005,-7883]],"type":"Polygon","properties":{"CD_MUN":"3200102","NM_MUN":"Afonso Cláudio","SIGLA_UF":"ES"}},{"arcs":[[-9785,-9793,9800,-9795]],"type":"Polygon","properties":{"CD_MUN":"3202900","NM_MUN":"Itarana","SIGLA_UF":"ES"}},{"arcs":[[-9788,9801,9802,9803,-9791,-9794]],"type":"Polygon","properties":{"CD_MUN":"3202207","NM_MUN":"Fundão","SIGLA_UF":"ES"}},{"arcs":[[-9792,-9804,9804,9805,9806,-9796,-9801]],"type":"Polygon","properties":{"CD_MUN":"3204500","NM_MUN":"Santa Leopoldina","SIGLA_UF":"ES"}},{"arcs":[[-9803,9807,9808,9809,9810,-9805]],"type":"Polygon","properties":{"CD_MUN":"3205002","NM_MUN":"Serra","SIGLA_UF":"ES"}},{"arcs":[[-8003,-8006,-9800,9811,9812,-8149,-8137]],"type":"Polygon","properties":{"CD_MUN":"3203007","NM_MUN":"Iúna","SIGLA_UF":"ES"}},{"arcs":[[-9797,-9807,9813,9814,9815,9816,9817,9818,9819]],"type":"Polygon","properties":{"CD_MUN":"3201902","NM_MUN":"Domingos Martins","SIGLA_UF":"ES"}},{"arcs":[[-9799,9820,9821,9822,-9812]],"type":"Polygon","properties":{"CD_MUN":"3203700","NM_MUN":"Muniz Freire","SIGLA_UF":"ES"}},{"arcs":[[-9798,-9820,9823,-9821]],"type":"Polygon","properties":{"CD_MUN":"3201704","NM_MUN":"Conceição do Castelo","SIGLA_UF":"ES"}},{"arcs":[[-9806,-9811,9824,9825,9826,-9814]],"type":"Polygon","properties":{"CD_MUN":"3201308","NM_MUN":"Cariacica","SIGLA_UF":"ES"}},{"arcs":[[-9809,9827]],"type":"Polygon","properties":{"CD_MUN":"3205309","NM_MUN":"Vitória","SIGLA_UF":"ES"}},{"arcs":[[-9815,-9827,9828,9829]],"type":"Polygon","properties":{"CD_MUN":"3205101","NM_MUN":"Viana","SIGLA_UF":"ES"}},{"arcs":[[-8150,-9813,-9823,9830,9831,9832,9833,9834,9835,9836,9837]],"type":"Polygon","properties":{"CD_MUN":"3200201","NM_MUN":"Alegre","SIGLA_UF":"ES"}},{"arcs":[[-9826,9838,9839,-9829]],"type":"Polygon","properties":{"CD_MUN":"3205200","NM_MUN":"Vila Velha","SIGLA_UF":"ES"}},{"arcs":[[-9819,9840,-9831,-9822,-9824]],"type":"Polygon","properties":{"CD_MUN":"3201407","NM_MUN":"Castelo","SIGLA_UF":"ES"}},{"arcs":[[-3806,-8279,-8197,-9838,9841,9842]],"type":"Polygon","properties":{"CD_MUN":"3202009","NM_MUN":"Dores do Rio Preto","SIGLA_UF":"ES"}},{"arcs":[[-9818,9843,9844,9845,9846,9847,9848,-9832,-9841]],"type":"Polygon","properties":{"CD_MUN":"3201209","NM_MUN":"Cachoeiro de Itapemirim","SIGLA_UF":"ES"}},{"arcs":[[-9817,9849,9850,9851,9852,-9844]],"type":"Polygon","properties":{"CD_MUN":"3200300","NM_MUN":"Alfredo Chaves","SIGLA_UF":"ES"}},{"arcs":[[-9837,9853,-9842]],"type":"Polygon","properties":{"CD_MUN":"3201803","NM_MUN":"Divino de São Lourenço","SIGLA_UF":"ES"}},{"arcs":[[-9816,-9830,-9840,9854,9855,-9850]],"type":"Polygon","properties":{"CD_MUN":"3202405","NM_MUN":"Guarapari","SIGLA_UF":"ES"}},{"arcs":[[-9851,-9856,9856,9857,9858]],"type":"Polygon","properties":{"CD_MUN":"3200409","NM_MUN":"Anchieta","SIGLA_UF":"ES"}},{"arcs":[[-3807,-9843,-9854,-9836,9859,-3817,-3813]],"type":"Polygon","properties":{"CD_MUN":"3202306","NM_MUN":"Guaçuí","SIGLA_UF":"ES"}},{"arcs":[[-9852,-9859,9860,9861]],"type":"Polygon","properties":{"CD_MUN":"3202603","NM_MUN":"Iconha","SIGLA_UF":"ES"}},{"arcs":[[-9845,-9853,-9862,9862,9863]],"type":"Polygon","properties":{"CD_MUN":"3204401","NM_MUN":"Rio Novo do Sul","SIGLA_UF":"ES"}},{"arcs":[[-9833,-9849,9864,9865]],"type":"Polygon","properties":{"CD_MUN":"3203106","NM_MUN":"Jerônimo Monteiro","SIGLA_UF":"ES"}},{"arcs":[[-3818,-9860,-9835,9866,9867,9868]],"type":"Polygon","properties":{"CD_MUN":"3204807","NM_MUN":"São José do Calçado","SIGLA_UF":"ES"}},{"arcs":[[-9858,9869,9870,-9863,-9861]],"type":"Polygon","properties":{"CD_MUN":"3204203","NM_MUN":"Piúma","SIGLA_UF":"ES"}},{"arcs":[[-9848,9871,9872,-9865]],"type":"Polygon","properties":{"CD_MUN":"3203809","NM_MUN":"Muqui","SIGLA_UF":"ES"}},{"arcs":[[-3821,9873,-9867,-9834,-9866,-9873,9874,9875,-3843,-3834]],"type":"Polygon","properties":{"CD_MUN":"3203403","NM_MUN":"Mimoso do Sul","SIGLA_UF":"ES"}},{"arcs":[[-9847,9876,9877,-9875,-9872]],"type":"Polygon","properties":{"CD_MUN":"3200706","NM_MUN":"Atilio Vivacqua","SIGLA_UF":"ES"}},{"arcs":[[-9846,-9864,-9871,9878,9879,-9877]],"type":"Polygon","properties":{"CD_MUN":"3202801","NM_MUN":"Itapemirim","SIGLA_UF":"ES"}},{"arcs":[[-3820,9880,-9868,-9874]],"type":"Polygon","properties":{"CD_MUN":"3200508","NM_MUN":"Apiacá","SIGLA_UF":"ES"}},{"arcs":[[-3819,-9869,-9881]],"type":"Polygon","properties":{"CD_MUN":"3201100","NM_MUN":"Bom Jesus do Norte","SIGLA_UF":"ES"}},{"arcs":[[-3844,-9876,-9878,-9880,9881]],"type":"Polygon","properties":{"CD_MUN":"3204302","NM_MUN":"Presidente Kennedy","SIGLA_UF":"ES"}},{"arcs":[[9882,9883,9884,9885,9886,9887]],"type":"Polygon","properties":{"CD_MUN":"2300200","NM_MUN":"Acaraú","SIGLA_UF":"CE"}},{"arcs":[[-4843,9888,-9888,9889,9890,9891]],"type":"Polygon","properties":{"CD_MUN":"2302602","NM_MUN":"Camocim","SIGLA_UF":"CE"}},{"arcs":[[-9887,9892,-9890]],"type":"Polygon","properties":{"CD_MUN":"2302305","NM_MUN":"Bela Cruz","SIGLA_UF":"CE"}},{"arcs":[[-4844,-9892,9893]],"type":"Polygon","properties":{"CD_MUN":"2303907","NM_MUN":"Chaval","SIGLA_UF":"CE"}},{"arcs":[[-9884,9894,9895,9896,9897,9898,9899,9900,9901]],"type":"Polygon","properties":{"CD_MUN":"2306405","NM_MUN":"Itapipoca","SIGLA_UF":"CE"}},{"arcs":[[-4845,-9894,-9891,9902,9903,9904,9905,9906,9907,9908,9909]],"type":"Polygon","properties":{"CD_MUN":"2304707","NM_MUN":"Granja","SIGLA_UF":"CE"}},{"arcs":[[-9886,9910,9911,-9903,-9893]],"type":"Polygon","properties":{"CD_MUN":"2307809","NM_MUN":"Marco","SIGLA_UF":"CE"}},{"arcs":[[-9905,9912,9913]],"type":"Polygon","properties":{"CD_MUN":"2307908","NM_MUN":"Martinópole","SIGLA_UF":"CE"}},{"arcs":[[-9904,-9912,9914,9915,9916,9917,9918,-9913]],"type":"Polygon","properties":{"CD_MUN":"2312809","NM_MUN":"Senador Sá","SIGLA_UF":"CE"}},{"arcs":[[-9896,9919,9920,9921,9922]],"type":"Polygon","properties":{"CD_MUN":"2313500","NM_MUN":"Trairi","SIGLA_UF":"CE"}},{"arcs":[[-9885,-9902,9923,-9915,-9911]],"type":"Polygon","properties":{"CD_MUN":"2308906","NM_MUN":"Morrinhos","SIGLA_UF":"CE"}},{"arcs":[[-9906,-9914,-9919,9924]],"type":"Polygon","properties":{"CD_MUN":"2313906","NM_MUN":"Uruoca","SIGLA_UF":"CE"}},{"arcs":[[-9901,9925,9926,-9916,-9924]],"type":"Polygon","properties":{"CD_MUN":"2312007","NM_MUN":"Santana do Acaraú","SIGLA_UF":"CE"}},{"arcs":[[-4855,9927,-9909,9928,9929]],"type":"Polygon","properties":{"CD_MUN":"2314102","NM_MUN":"Viçosa do Ceará","SIGLA_UF":"CE"}},{"arcs":[[-9921,9930,9931]],"type":"Polygon","properties":{"CD_MUN":"2310209","NM_MUN":"Paracuru","SIGLA_UF":"CE"}},{"arcs":[[-9907,-9925,-9918,9932,9933,9934,9935]],"type":"Polygon","properties":{"CD_MUN":"2308807","NM_MUN":"Moraújo","SIGLA_UF":"CE"}},{"arcs":[[-9917,-9927,9936,9937,9938,-9933]],"type":"Polygon","properties":{"CD_MUN":"2308005","NM_MUN":"Massapê","SIGLA_UF":"CE"}},{"arcs":[[-9908,-9936,9939,9940,9941,9942,-9929]],"type":"Polygon","properties":{"CD_MUN":"2313401","NM_MUN":"Tianguá","SIGLA_UF":"CE"}},{"arcs":[[-9897,-9923,9943,9944,9945]],"type":"Polygon","properties":{"CD_MUN":"2313807","NM_MUN":"Uruburetama","SIGLA_UF":"CE"}},{"arcs":[[-9922,-9932,9946,9947,9948,9949]],"type":"Polygon","properties":{"CD_MUN":"2312403","NM_MUN":"São Gonçalo do Amarante","SIGLA_UF":"CE"}},{"arcs":[[-9935,9950,9951,9952,9953,9954,-9940]],"type":"Polygon","properties":{"CD_MUN":"2304004","NM_MUN":"Coreaú","SIGLA_UF":"CE"}},{"arcs":[[-9934,-9939,9955,9956,-9951]],"type":"Polygon","properties":{"CD_MUN":"2300507","NM_MUN":"Alcântaras","SIGLA_UF":"CE"}},{"arcs":[[-9938,9957,-9956]],"type":"Polygon","properties":{"CD_MUN":"2308203","NM_MUN":"Meruoca","SIGLA_UF":"CE"}},{"arcs":[[-9948,9958,9959,9960,9961]],"type":"Polygon","properties":{"CD_MUN":"2303709","NM_MUN":"Caucaia","SIGLA_UF":"CE"}},{"arcs":[[-9900,9962,9963,9964,9965,9966,9967,-9952,-9957,-9958,-9937,-9926]],"type":"Polygon","properties":{"CD_MUN":"2312908","NM_MUN":"Sobral","SIGLA_UF":"CE"}},{"arcs":[[-9944,-9950,9968]],"type":"Polygon","properties":{"CD_MUN":"2312601","NM_MUN":"São Luís do Curu","SIGLA_UF":"CE"}},{"arcs":[[-9899,9969,9970,-9963]],"type":"Polygon","properties":{"CD_MUN":"2306108","NM_MUN":"Irauçuba","SIGLA_UF":"CE"}},{"arcs":[[-9898,-9946,9971,9972,9973,9974,-9970]],"type":"Polygon","properties":{"CD_MUN":"2306306","NM_MUN":"Itapagé","SIGLA_UF":"CE"}},{"arcs":[[-9941,-9955,9975]],"type":"Polygon","properties":{"CD_MUN":"2304509","NM_MUN":"Frecheirinha","SIGLA_UF":"CE"}},{"arcs":[[-9945,-9969,-9949,-9962,9976,9977,9978,-9972]],"type":"Polygon","properties":{"CD_MUN":"2310704","NM_MUN":"Pentecoste","SIGLA_UF":"CE"}},{"arcs":[[-9960,9979,9980,9981,9982]],"type":"Polygon","properties":{"CD_MUN":"2304400","NM_MUN":"Fortaleza","SIGLA_UF":"CE"}},{"arcs":[[-9942,-9976,-9954,9983,9984,9985]],"type":"Polygon","properties":{"CD_MUN":"2313609","NM_MUN":"Ubajara","SIGLA_UF":"CE"}},{"arcs":[[-9966,9986,9987]],"type":"Polygon","properties":{"CD_MUN":"2304905","NM_MUN":"Groaíras","SIGLA_UF":"CE"}},{"arcs":[[-9967,-9988,9988,9989,9990,9991]],"type":"Polygon","properties":{"CD_MUN":"2303105","NM_MUN":"Cariré","SIGLA_UF":"CE"}},{"arcs":[[-9953,-9968,-9992,9992,9993,9994,-9984]],"type":"Polygon","properties":{"CD_MUN":"2309003","NM_MUN":"Mucambo","SIGLA_UF":"CE"}},{"arcs":[[-9981,9995,9996,9997,9998]],"type":"Polygon","properties":{"CD_MUN":"2301000","NM_MUN":"Aquiraz","SIGLA_UF":"CE"}},{"arcs":[[-9985,-9995,9999,10000]],"type":"Polygon","properties":{"CD_MUN":"2305308","NM_MUN":"Ibiapina","SIGLA_UF":"CE"}},{"arcs":[[-9973,-9979,10001,10002]],"type":"Polygon","properties":{"CD_MUN":"2300903","NM_MUN":"Apuiarés","SIGLA_UF":"CE"}},{"arcs":[[-9982,-9999,10003,10004,10005,10006]],"type":"Polygon","properties":{"CD_MUN":"2309706","NM_MUN":"Pacatuba","SIGLA_UF":"CE"}},{"arcs":[[-9991,10007,10008,-9993]],"type":"Polygon","properties":{"CD_MUN":"2309904","NM_MUN":"Pacujá","SIGLA_UF":"CE"}},{"arcs":[[-9965,10009,10010,10011,10012,10013,10014,10015,10016,-9989,-9987]],"type":"Polygon","properties":{"CD_MUN":"2312205","NM_MUN":"Santa Quitéria","SIGLA_UF":"CE"}},{"arcs":[[-9994,-10009,10017,10018,10019,10020,-10000]],"type":"Polygon","properties":{"CD_MUN":"2312304","NM_MUN":"São Benedito","SIGLA_UF":"CE"}},{"arcs":[[-9974,-10003,10021,10022]],"type":"Polygon","properties":{"CD_MUN":"2304608","NM_MUN":"General Sampaio","SIGLA_UF":"CE"}},{"arcs":[[-9990,-10017,10023,10024,-10018,-10008]],"type":"Polygon","properties":{"CD_MUN":"2311702","NM_MUN":"Reriutaba","SIGLA_UF":"CE"}},{"arcs":[[-10020,10025,10026]],"type":"Polygon","properties":{"CD_MUN":"2303402","NM_MUN":"Carnaubal","SIGLA_UF":"CE"}},{"arcs":[[-9997,10027,10028,10029,10030]],"type":"Polygon","properties":{"CD_MUN":"2303501","NM_MUN":"Cascavel","SIGLA_UF":"CE"}},{"arcs":[[-10002,10031,10032,-10022]],"type":"Polygon","properties":{"CD_MUN":"2310407","NM_MUN":"Paramoti","SIGLA_UF":"CE"}},{"arcs":[[-9978,10033,10034,10035,10036,10037,-10032]],"type":"Polygon","properties":{"CD_MUN":"2303006","NM_MUN":"Caridade","SIGLA_UF":"CE"}},{"arcs":[[-9998,-10031,10038,10039,-10004]],"type":"Polygon","properties":{"CD_MUN":"2309607","NM_MUN":"Pacajus","SIGLA_UF":"CE"}},{"arcs":[[-9964,-9971,-9975,-10023,-10033,-10038,10040,10041,10042,10043,10044,10045,-10010]],"type":"Polygon","properties":{"CD_MUN":"2302800","NM_MUN":"Canindé","SIGLA_UF":"CE"}},{"arcs":[[-10006,10046,10047,-10035,10048]],"type":"Polygon","properties":{"CD_MUN":"2310100","NM_MUN":"Palmácia","SIGLA_UF":"CE"}},{"arcs":[[-4869,10049,-10026,-10019,-10025,10050,10051,10052,-4903]],"type":"Polygon","properties":{"CD_MUN":"2305001","NM_MUN":"Guaraciaba do Norte","SIGLA_UF":"CE"}},{"arcs":[[-10029,10053,10054,10055,10056,10057]],"type":"Polygon","properties":{"CD_MUN":"2302206","NM_MUN":"Beberibe","SIGLA_UF":"CE"}},{"arcs":[[-10036,10058,10059,10060]],"type":"Polygon","properties":{"CD_MUN":"2305100","NM_MUN":"Guaramiranga","SIGLA_UF":"CE"}},{"arcs":[[-10048,10061,10062,-10059]],"type":"Polygon","properties":{"CD_MUN":"2309805","NM_MUN":"Pacoti","SIGLA_UF":"CE"}},{"arcs":[[-10005,-10040,10063,10064,-10062,-10047]],"type":"Polygon","properties":{"CD_MUN":"2311603","NM_MUN":"Redenção","SIGLA_UF":"CE"}},{"arcs":[[-10016,10065,10066,-10051,-10024]],"type":"Polygon","properties":{"CD_MUN":"2305803","NM_MUN":"Ipu","SIGLA_UF":"CE"}},{"arcs":[[-10037,-10061,10067,10068,10069,-10041]],"type":"Polygon","properties":{"CD_MUN":"2309102","NM_MUN":"Mulungu","SIGLA_UF":"CE"}},{"arcs":[[-10060,-10063,-10065,10070,10071,10072,-10068]],"type":"Polygon","properties":{"CD_MUN":"2302107","NM_MUN":"Baturité","SIGLA_UF":"CE"}},{"arcs":[[-10015,10073,10074,10075,-10066]],"type":"Polygon","properties":{"CD_MUN":"2305209","NM_MUN":"Hidrolândia","SIGLA_UF":"CE"}},{"arcs":[[-10030,10076,10077,-10071,-10064,-10039]],"type":"Polygon","properties":{"CD_MUN":"2301208","NM_MUN":"Aracoiaba","SIGLA_UF":"CE"}},{"arcs":[[-10069,-10073,10078,10079]],"type":"Polygon","properties":{"CD_MUN":"2302909","NM_MUN":"Capistrano","SIGLA_UF":"CE"}},{"arcs":[[-10042,-10070,-10080,10080]],"type":"Polygon","properties":{"CD_MUN":"2301406","NM_MUN":"Aratuba","SIGLA_UF":"CE"}},{"arcs":[[-10052,-10067,-10076,10081,10082,10083]],"type":"Polygon","properties":{"CD_MUN":"2305902","NM_MUN":"Ipueiras","SIGLA_UF":"CE"}},{"arcs":[[-3342,-3801,10084,10085,10086,-10055,10087]],"type":"Polygon","properties":{"CD_MUN":"2301109","NM_MUN":"Aracati","SIGLA_UF":"CE"}},{"arcs":[[-10011,-10046,10088]],"type":"Polygon","properties":{"CD_MUN":"2306603","NM_MUN":"Itatira","SIGLA_UF":"CE"}},{"arcs":[[-10043,-10081,-10079,-10072,10089]],"type":"Polygon","properties":{"CD_MUN":"2306504","NM_MUN":"Itapiúna","SIGLA_UF":"CE"}},{"arcs":[[-10075,10090,10091,10092,10093,-10082]],"type":"Polygon","properties":{"CD_MUN":"2309300","NM_MUN":"Nova Russas","SIGLA_UF":"CE"}},{"arcs":[[-10058,10094,10095,10096,10097,10098,10099,-10077]],"type":"Polygon","properties":{"CD_MUN":"2308708","NM_MUN":"Morada Nova","SIGLA_UF":"CE"}},{"arcs":[[-10014,10100,10101,10102,-10091,-10074]],"type":"Polygon","properties":{"CD_MUN":"2313203","NM_MUN":"Tamboril","SIGLA_UF":"CE"}},{"arcs":[[-10083,-10094,10103]],"type":"Polygon","properties":{"CD_MUN":"2311009","NM_MUN":"Poranga","SIGLA_UF":"CE"}},{"arcs":[[-10056,-10087,10104,10105,10106]],"type":"Polygon","properties":{"CD_MUN":"2310001","NM_MUN":"Palhano","SIGLA_UF":"CE"}},{"arcs":[[-10057,-10107,10107,10108,10109,-10095]],"type":"Polygon","properties":{"CD_MUN":"2311801","NM_MUN":"Russas","SIGLA_UF":"CE"}},{"arcs":[[-10044,-10090,-10078,-10100,10110,10111,10112]],"type":"Polygon","properties":{"CD_MUN":"2311306","NM_MUN":"Quixadá","SIGLA_UF":"CE"}},{"arcs":[[-10012,10113,10114,10115,10116]],"type":"Polygon","properties":{"CD_MUN":"2302404","NM_MUN":"Boa Viagem","SIGLA_UF":"CE"}},{"arcs":[[-10045,-10113,10117,10118,10119,-10114,-10089]],"type":"Polygon","properties":{"CD_MUN":"2311405","NM_MUN":"Quixeramobim","SIGLA_UF":"CE"}},{"arcs":[[-10086,10120,-10105]],"type":"Polygon","properties":{"CD_MUN":"2306207","NM_MUN":"Itaiçaba","SIGLA_UF":"CE"}},{"arcs":[[-10013,-10117,10121,-10101]],"type":"Polygon","properties":{"CD_MUN":"2308609","NM_MUN":"Monsenhor Tabosa","SIGLA_UF":"CE"}},{"arcs":[[-3800,10122,-10108,-10106,-10121,-10085]],"type":"Polygon","properties":{"CD_MUN":"2307007","NM_MUN":"Jaguaruana","SIGLA_UF":"CE"}},{"arcs":[[-4946,10123,-10092,-10103,10124,10125]],"type":"Polygon","properties":{"CD_MUN":"2304103","NM_MUN":"Crateús","SIGLA_UF":"CE"}},{"arcs":[[-3375,10126,10127,-10096,-10110,10128]],"type":"Polygon","properties":{"CD_MUN":"2307601","NM_MUN":"Limoeiro do Norte","SIGLA_UF":"CE"}},{"arcs":[[-3376,-10129,-10109,-10123,-3799]],"type":"Polygon","properties":{"CD_MUN":"2311504","NM_MUN":"Quixeré","SIGLA_UF":"CE"}},{"arcs":[[-4948,10129,-10125,-10102,-10122,-10116,10130,10131,10132,-5003]],"type":"Polygon","properties":{"CD_MUN":"2305605","NM_MUN":"Independência","SIGLA_UF":"CE"}},{"arcs":[[-3374,-3410,10133,10134,-10127]],"type":"Polygon","properties":{"CD_MUN":"2313104","NM_MUN":"Tabuleiro do Norte","SIGLA_UF":"CE"}},{"arcs":[[-10099,10135,10136,10137,10138,-10111]],"type":"Polygon","properties":{"CD_MUN":"2306702","NM_MUN":"Jaguaretama","SIGLA_UF":"CE"}},{"arcs":[[-10097,-10128,-10135,10139]],"type":"Polygon","properties":{"CD_MUN":"2312502","NM_MUN":"São João do Jaguaribe","SIGLA_UF":"CE"}},{"arcs":[[-10115,-10120,10140,10141,10142,-10131]],"type":"Polygon","properties":{"CD_MUN":"2310506","NM_MUN":"Pedra Branca","SIGLA_UF":"CE"}},{"arcs":[[-10119,10143,10144,10145,-10141]],"type":"Polygon","properties":{"CD_MUN":"2312700","NM_MUN":"Senador Pompeu","SIGLA_UF":"CE"}},{"arcs":[[-3409,10146,10147,-10136,-10098,-10140,-10134]],"type":"Polygon","properties":{"CD_MUN":"2300705","NM_MUN":"Alto Santo","SIGLA_UF":"CE"}},{"arcs":[[-10132,-10143,10148,10149,10150]],"type":"Polygon","properties":{"CD_MUN":"2313302","NM_MUN":"Tauá","SIGLA_UF":"CE"}},{"arcs":[[-4947,-10126,-10130]],"type":"Polygon","properties":{"CD_MUN":"2309409","NM_MUN":"Novo Oriente","SIGLA_UF":"CE"}},{"arcs":[[-10112,-10139,10151,10152,10153,10154,-10144,-10118]],"type":"Polygon","properties":{"CD_MUN":"2313005","NM_MUN":"Solonópole","SIGLA_UF":"CE"}},{"arcs":[[-10137,-10148,10155,10156]],"type":"Polygon","properties":{"CD_MUN":"2306801","NM_MUN":"Jaguaribara","SIGLA_UF":"CE"}},{"arcs":[[-10142,-10146,10157,10158,10159,-10149]],"type":"Polygon","properties":{"CD_MUN":"2308500","NM_MUN":"Mombaça","SIGLA_UF":"CE"}},{"arcs":[[-3408,-3470,-3524,10160,-10156,-10147]],"type":"Polygon","properties":{"CD_MUN":"2306009","NM_MUN":"Iracema","SIGLA_UF":"CE"}},{"arcs":[[-10145,-10155,10161,-10158]],"type":"Polygon","properties":{"CD_MUN":"2310902","NM_MUN":"Piquet Carneiro","SIGLA_UF":"CE"}},{"arcs":[[-10138,-10157,10162,10163,10164,-10152]],"type":"Polygon","properties":{"CD_MUN":"2306900","NM_MUN":"Jaguaribe","SIGLA_UF":"CE"}},{"arcs":[[-3523,-3556,-3584,-3579,-3610,10165,-10163,-10161]],"type":"Polygon","properties":{"CD_MUN":"2310803","NM_MUN":"Pereiro","SIGLA_UF":"CE"}},{"arcs":[[-5004,-10133,-10151,10166,10167,-5028]],"type":"Polygon","properties":{"CD_MUN":"2310308","NM_MUN":"Parambu","SIGLA_UF":"CE"}},{"arcs":[[-10154,10168,10169,10170,10171,-10159,-10162]],"type":"Polygon","properties":{"CD_MUN":"2300309","NM_MUN":"Acopiara","SIGLA_UF":"CE"}},{"arcs":[[-10153,10172,10173,10174,10175,10176,-10169]],"type":"Polygon","properties":{"CD_MUN":"2305506","NM_MUN":"Iguatu","SIGLA_UF":"CE"}},{"arcs":[[-10150,-10160,10177,10178,-10167]],"type":"Polygon","properties":{"CD_MUN":"2301505","NM_MUN":"Arneiroz","SIGLA_UF":"CE"}},{"arcs":[[-10172,10179,-10178]],"type":"Polygon","properties":{"CD_MUN":"2303600","NM_MUN":"Catarina","SIGLA_UF":"CE"}},{"arcs":[[-10165,10180,-10173]],"type":"Polygon","properties":{"CD_MUN":"2309508","NM_MUN":"Orós","SIGLA_UF":"CE"}},{"arcs":[[-3609,-5764,-5782,10181,10182,10183,-10174,-10181,-10164,-10166]],"type":"Polygon","properties":{"CD_MUN":"2305407","NM_MUN":"Icó","SIGLA_UF":"CE"}},{"arcs":[[-10171,10184,10185,10186,10187,-10180]],"type":"Polygon","properties":{"CD_MUN":"2311900","NM_MUN":"Saboeiro","SIGLA_UF":"CE"}},{"arcs":[[-10170,-10177,10188,10189,-10185]],"type":"Polygon","properties":{"CD_MUN":"2307403","NM_MUN":"Jucás","SIGLA_UF":"CE"}},{"arcs":[[-5029,-10168,-10179,-10188,10190,10191]],"type":"Polygon","properties":{"CD_MUN":"2300408","NM_MUN":"Aiuaba","SIGLA_UF":"CE"}},{"arcs":[[-10175,-10184,10192,10193,10194]],"type":"Polygon","properties":{"CD_MUN":"2303808","NM_MUN":"Cedro","SIGLA_UF":"CE"}},{"arcs":[[-10176,-10195,10195,10196,10197,-10189]],"type":"Polygon","properties":{"CD_MUN":"2303303","NM_MUN":"Cariús","SIGLA_UF":"CE"}},{"arcs":[[-5781,-5844,10198,10199,-10182]],"type":"Polygon","properties":{"CD_MUN":"2313708","NM_MUN":"Umari","SIGLA_UF":"CE"}},{"arcs":[[-10194,10200,10201,10202,10203,-10196]],"type":"Polygon","properties":{"CD_MUN":"2314003","NM_MUN":"Várzea Alegre","SIGLA_UF":"CE"}},{"arcs":[[-10183,-10200,10204,10205,10206,10207,10208,-10201,-10193]],"type":"Polygon","properties":{"CD_MUN":"2307502","NM_MUN":"Lavras da Mangabeira","SIGLA_UF":"CE"}},{"arcs":[[-10186,-10190,-10198,10209,10210,10211,10212,10213,10214]],"type":"Polygon","properties":{"CD_MUN":"2301604","NM_MUN":"Assaré","SIGLA_UF":"CE"}},{"arcs":[[-10187,-10215,10215,-10191]],"type":"Polygon","properties":{"CD_MUN":"2300804","NM_MUN":"Antonina do Norte","SIGLA_UF":"CE"}},{"arcs":[[-5843,10216,-10205,-10199]],"type":"Polygon","properties":{"CD_MUN":"2301802","NM_MUN":"Baixio","SIGLA_UF":"CE"}},{"arcs":[[-5030,-10192,-10216,-10214,10217,10218,-5223,-5229,-5092]],"type":"Polygon","properties":{"CD_MUN":"2302701","NM_MUN":"Campos Sales","SIGLA_UF":"CE"}},{"arcs":[[-5842,-5887,-5908,10219,-10206,-10217]],"type":"Polygon","properties":{"CD_MUN":"2305704","NM_MUN":"Ipaumirim","SIGLA_UF":"CE"}},{"arcs":[[-10197,-10204,10220,10221,10222,10223,-10210]],"type":"Polygon","properties":{"CD_MUN":"2304301","NM_MUN":"Farias Brito","SIGLA_UF":"CE"}},{"arcs":[[-10202,-10209,10224]],"type":"Polygon","properties":{"CD_MUN":"2304806","NM_MUN":"Granjeiro","SIGLA_UF":"CE"}},{"arcs":[[-5907,10225,10226,10227,10228,-10207,-10220]],"type":"Polygon","properties":{"CD_MUN":"2301703","NM_MUN":"Aurora","SIGLA_UF":"CE"}},{"arcs":[[-10203,-10225,-10208,-10229,10229,10230,10231,-10221]],"type":"Polygon","properties":{"CD_MUN":"2303204","NM_MUN":"Caririaçu","SIGLA_UF":"CE"}},{"arcs":[[-10211,-10224,10232,10233]],"type":"Polygon","properties":{"CD_MUN":"2300606","NM_MUN":"Altaneira","SIGLA_UF":"CE"}},{"arcs":[[-10213,10234,10235,-10218]],"type":"Polygon","properties":{"CD_MUN":"2311207","NM_MUN":"Potengi","SIGLA_UF":"CE"}},{"arcs":[[-5906,-5980,-6064,10236,10237,-10226]],"type":"Polygon","properties":{"CD_MUN":"2302008","NM_MUN":"Barro","SIGLA_UF":"CE"}},{"arcs":[[-5233,10238,10239,-10222,-10232,10240,10241,-5253]],"type":"Polygon","properties":{"CD_MUN":"2304202","NM_MUN":"Crato","SIGLA_UF":"CE"}},{"arcs":[[-10223,-10240,10242,-10233]],"type":"Polygon","properties":{"CD_MUN":"2309201","NM_MUN":"Nova Olinda","SIGLA_UF":"CE"}},{"arcs":[[-5232,-5238,10243,-10235,-10212,-10234,-10243,-10239]],"type":"Polygon","properties":{"CD_MUN":"2312106","NM_MUN":"Santana do Cariri","SIGLA_UF":"CE"}},{"arcs":[[-5224,-10219,-10236,-10244,-5237]],"type":"Polygon","properties":{"CD_MUN":"2301307","NM_MUN":"Araripe","SIGLA_UF":"CE"}},{"arcs":[[-10227,-10238,10244,10245,10246,10247]],"type":"Polygon","properties":{"CD_MUN":"2308302","NM_MUN":"Milagres","SIGLA_UF":"CE"}},{"arcs":[[-10231,10248,10249,-10241]],"type":"Polygon","properties":{"CD_MUN":"2307304","NM_MUN":"Juazeiro do Norte","SIGLA_UF":"CE"}},{"arcs":[[-10228,-10248,10250,10251,10252,10253,10254,-10249,-10230]],"type":"Polygon","properties":{"CD_MUN":"2308401","NM_MUN":"Missão Velha","SIGLA_UF":"CE"}},{"arcs":[[-6063,-6085,-6123,10255,-10245,-10237]],"type":"Polygon","properties":{"CD_MUN":"2308104","NM_MUN":"Mauriti","SIGLA_UF":"CE"}},{"arcs":[[-5254,-10242,-10250,-10255,10256]],"type":"Polygon","properties":{"CD_MUN":"2301901","NM_MUN":"Barbalha","SIGLA_UF":"CE"}},{"arcs":[[-10247,10257,-10251]],"type":"Polygon","properties":{"CD_MUN":"2300101","NM_MUN":"Abaiara","SIGLA_UF":"CE"}},{"arcs":[[-5310,10258,10259,-10252,-10258,-10246,-10256]],"type":"Polygon","properties":{"CD_MUN":"2302503","NM_MUN":"Brejo Santo","SIGLA_UF":"CE"}},{"arcs":[[-5255,-10257,-10254,10260,10261,10262,-5745,-5280]],"type":"Polygon","properties":{"CD_MUN":"2307106","NM_MUN":"Jardim","SIGLA_UF":"CE"}},{"arcs":[[-10253,-10260,10263,-10261]],"type":"Polygon","properties":{"CD_MUN":"2311108","NM_MUN":"Porteiras","SIGLA_UF":"CE"}},{"arcs":[[-5309,10264,-10262,-10264,-10259]],"type":"Polygon","properties":{"CD_MUN":"2307205","NM_MUN":"Jati","SIGLA_UF":"CE"}},{"arcs":[[-5359,-5746,-10263,-10265,-5389]],"type":"Polygon","properties":{"CD_MUN":"2310605","NM_MUN":"Penaforte","SIGLA_UF":"CE"}},{"arcs":[[-5499,10265,10266,10267,10268,10269,-5550,-5520]],"type":"Polygon","properties":{"CD_MUN":"2909901","NM_MUN":"Curaçá","SIGLA_UF":"BA"}},{"arcs":[[-5498,-5560,10270,-10266]],"type":"Polygon","properties":{"CD_MUN":"2900207","NM_MUN":"Abaré","SIGLA_UF":"BA"}},{"arcs":[[-5153,-5549,-5532,10271,10272,10273,-5188]],"type":"Polygon","properties":{"CD_MUN":"2907202","NM_MUN":"Casa Nova","SIGLA_UF":"BA"}},{"arcs":[[-5559,10274,10275,10276,10277,-10267,-10271]],"type":"Polygon","properties":{"CD_MUN":"2907707","NM_MUN":"Chorrochó","SIGLA_UF":"BA"}},{"arcs":[[-5538,-5669,10278,10279,10280,10281,-10275,-5558,-5631]],"type":"Polygon","properties":{"CD_MUN":"2927101","NM_MUN":"Rodelas","SIGLA_UF":"BA"}},{"arcs":[[-10276,-10282,10282,10283]],"type":"Polygon","properties":{"CD_MUN":"2919900","NM_MUN":"Macururé","SIGLA_UF":"BA"}},{"arcs":[[-5668,10284,10285,-10279]],"type":"Polygon","properties":{"CD_MUN":"2911402","NM_MUN":"Glória","SIGLA_UF":"BA"}},{"arcs":[[-5190,10286,10287,-5193,-5196]],"type":"Polygon","properties":{"CD_MUN":"2905909","NM_MUN":"Campo Alegre de Lourdes","SIGLA_UF":"BA"}},{"arcs":[[-5189,-10274,10288,10289,-10287]],"type":"Polygon","properties":{"CD_MUN":"2926004","NM_MUN":"Remanso","SIGLA_UF":"BA"}},{"arcs":[[-5194,-10288,-10290,10290,10291,10292,-5206]],"type":"Polygon","properties":{"CD_MUN":"2924405","NM_MUN":"Pilão Arcado","SIGLA_UF":"BA"}},{"arcs":[[-10273,10293,10294,10295,10296,10297,-10291,-10289]],"type":"Polygon","properties":{"CD_MUN":"2930204","NM_MUN":"Sento Sé","SIGLA_UF":"BA"}},{"arcs":[[-1786,10298,10299,-10280,-10286,10300]],"type":"Polygon","properties":{"CD_MUN":"2924009","NM_MUN":"Paulo Afonso","SIGLA_UF":"BA"}},{"arcs":[[-10268,-10278,10301,10302]],"type":"Polygon","properties":{"CD_MUN":"2932002","NM_MUN":"Uauá","SIGLA_UF":"BA"}},{"arcs":[[-1785,10303,10304,-10299]],"type":"Polygon","properties":{"CD_MUN":"2927606","NM_MUN":"Santa Brígida","SIGLA_UF":"BA"}},{"arcs":[[-10281,-10300,-10305,10305,10306,10307,10308,10309,-10283]],"type":"Polygon","properties":{"CD_MUN":"2918100","NM_MUN":"Jeremoabo","SIGLA_UF":"BA"}},{"arcs":[[-10277,-10284,-10310,10310,10311,10312,10313,-10302]],"type":"Polygon","properties":{"CD_MUN":"2910701","NM_MUN":"Euclides da Cunha","SIGLA_UF":"BA"}},{"arcs":[[-10295,10314,10315,10316,10317,10318,10319]],"type":"Polygon","properties":{"CD_MUN":"2906006","NM_MUN":"Campo Formoso","SIGLA_UF":"BA"}},{"arcs":[[-10269,10320,10321,-10316,10322]],"type":"Polygon","properties":{"CD_MUN":"2917706","NM_MUN":"Jaguarari","SIGLA_UF":"BA"}},{"arcs":[[-1784,-1791,-1803,-1814,-1833,10323,-10306,-10304]],"type":"Polygon","properties":{"CD_MUN":"2924207","NM_MUN":"Pedro Alexandre","SIGLA_UF":"BA"}},{"arcs":[[-5215,-5220,-5222,10324,10325,10326,10327]],"type":"Polygon","properties":{"CD_MUN":"2911105","NM_MUN":"Formosa do Rio Preto","SIGLA_UF":"BA"}},{"arcs":[[-10317,-10322,10328,10329,10330,10331]],"type":"Polygon","properties":{"CD_MUN":"2930105","NM_MUN":"Senhor do Bonfim","SIGLA_UF":"BA"}},{"arcs":[[-10303,-10314,10332,10333,-10329,-10321]],"type":"Polygon","properties":{"CD_MUN":"2921500","NM_MUN":"Monte Santo","SIGLA_UF":"BA"}},{"arcs":[[-10292,-10298,10334,10335,10336,10337,10338,10339]],"type":"Polygon","properties":{"CD_MUN":"2933604","NM_MUN":"Xique-Xique","SIGLA_UF":"BA"}},{"arcs":[[-5207,-10293,-10340,10340,10341,10342,10343,10344,10345,-5212]],"type":"Polygon","properties":{"CD_MUN":"2902708","NM_MUN":"Barra","SIGLA_UF":"BA"}},{"arcs":[[-1832,-1902,10346,-10307,-10324]],"type":"Polygon","properties":{"CD_MUN":"2909208","NM_MUN":"Coronel João Sá","SIGLA_UF":"BA"}},{"arcs":[[-10309,10347,10348,-10311]],"type":"Polygon","properties":{"CD_MUN":"2901601","NM_MUN":"Antas","SIGLA_UF":"BA"}},{"arcs":[[-5210,-5213,-10346,10349,10350,-10325,-5221,-5218]],"type":"Polygon","properties":{"CD_MUN":"2928406","NM_MUN":"Santa Rita de Cássia","SIGLA_UF":"BA"}},{"arcs":[[-10330,-10334,10351,10352,10353]],"type":"Polygon","properties":{"CD_MUN":"2917003","NM_MUN":"Itiúba","SIGLA_UF":"BA"}},{"arcs":[[-1942,10354,10355,-10312,-10349,10356]],"type":"Polygon","properties":{"CD_MUN":"2907806","NM_MUN":"Cícero Dantas","SIGLA_UF":"BA"}},{"arcs":[[-10318,-10332,10357,10358]],"type":"Polygon","properties":{"CD_MUN":"2901809","NM_MUN":"Antônio Gonçalves","SIGLA_UF":"BA"}},{"arcs":[[-1901,-1917,-1943,-10357,-10348,-10308,-10347]],"type":"Polygon","properties":{"CD_MUN":"2923803","NM_MUN":"Paripiranga","SIGLA_UF":"BA"}},{"arcs":[[-10333,10359,10360,10361,10362,-10352]],"type":"Polygon","properties":{"CD_MUN":"2906808","NM_MUN":"Cansanção","SIGLA_UF":"BA"}},{"arcs":[[-10331,-10354,10363,10364,10365,-10358]],"type":"Polygon","properties":{"CD_MUN":"2924603","NM_MUN":"Pindobaçu","SIGLA_UF":"BA"}},{"arcs":[[-10319,-10359,-10366,10366,10367]],"type":"Polygon","properties":{"CD_MUN":"2921401","NM_MUN":"Mirangaba","SIGLA_UF":"BA"}},{"arcs":[[-10356,10368,10369,10370]],"type":"Polygon","properties":{"CD_MUN":"2926608","NM_MUN":"Ribeira do Pombal","SIGLA_UF":"BA"}},{"arcs":[[-10320,-10368,10371,10372,10373,10374,10375,10376,10377,10378]],"type":"Polygon","properties":{"CD_MUN":"2917508","NM_MUN":"Jacobina","SIGLA_UF":"BA"}},{"arcs":[[-10313,-10371,10379,10380,-10360]],"type":"Polygon","properties":{"CD_MUN":"2925907","NM_MUN":"Quijingue","SIGLA_UF":"BA"}},{"arcs":[[-10297,10381,10382,10383,-10335]],"type":"Polygon","properties":{"CD_MUN":"2918506","NM_MUN":"Jussara","SIGLA_UF":"BA"}},{"arcs":[[-10370,10384,10385,10386,10387,-10380]],"type":"Polygon","properties":{"CD_MUN":"2931905","NM_MUN":"Tucano","SIGLA_UF":"BA"}},{"arcs":[[-10365,10388,10389,-10367]],"type":"Polygon","properties":{"CD_MUN":"2929800","NM_MUN":"Saúde","SIGLA_UF":"BA"}},{"arcs":[[-10296,-10379,10390,10391,10392,10393,10394,10395,10396,10397,-10382]],"type":"Polygon","properties":{"CD_MUN":"2921708","NM_MUN":"Morro do Chapéu","SIGLA_UF":"BA"}},{"arcs":[[-10383,-10398,10398,10399,10400,10401]],"type":"Polygon","properties":{"CD_MUN":"2914604","NM_MUN":"Irecê","SIGLA_UF":"BA"}},{"arcs":[[-10353,-10363,10402,-10373,10403,10404]],"type":"Polygon","properties":{"CD_MUN":"2925808","NM_MUN":"Queimadas","SIGLA_UF":"BA"}},{"arcs":[[-10364,-10405,10405,-10389]],"type":"Polygon","properties":{"CD_MUN":"2905503","NM_MUN":"Caldeirão Grande","SIGLA_UF":"BA"}},{"arcs":[[-10338,10406,10407]],"type":"Polygon","properties":{"CD_MUN":"2911303","NM_MUN":"Gentio do Ouro","SIGLA_UF":"BA"}},{"arcs":[[-10336,-10384,10408,10409]],"type":"Polygon","properties":{"CD_MUN":"2907608","NM_MUN":"Central","SIGLA_UF":"BA"}},{"arcs":[[-1940,-1966,-2000,10410,10411,10412,10413,10414,10415]],"type":"Polygon","properties":{"CD_MUN":"2916500","NM_MUN":"Itapicuru","SIGLA_UF":"BA"}},{"arcs":[[-10362,10416,10417,10418,10419,-10374,-10403]],"type":"Polygon","properties":{"CD_MUN":"2928000","NM_MUN":"Santaluz","SIGLA_UF":"BA"}},{"arcs":[[-10361,-10381,-10388,10420,10421,10422,10423,-10417]],"type":"Polygon","properties":{"CD_MUN":"2902104","NM_MUN":"Araci","SIGLA_UF":"BA"}},{"arcs":[[-10372,-10390,-10406,-10404]],"type":"Polygon","properties":{"CD_MUN":"2905107","NM_MUN":"Caém","SIGLA_UF":"BA"}},{"arcs":[[-10402,10424,-10409]],"type":"Polygon","properties":{"CD_MUN":"2925600","NM_MUN":"Presidente Dutra","SIGLA_UF":"BA"}},{"arcs":[[-10386,10425,-10415,10426]],"type":"Polygon","properties":{"CD_MUN":"2907905","NM_MUN":"Cipó","SIGLA_UF":"BA"}},{"arcs":[[-10410,-10425,10427,10428]],"type":"Polygon","properties":{"CD_MUN":"2932408","NM_MUN":"Uibaí","SIGLA_UF":"BA"}},{"arcs":[[-10326,-10351,10429,10430,10431]],"type":"Polygon","properties":{"CD_MUN":"2926202","NM_MUN":"Riachão das Neves","SIGLA_UF":"BA"}},{"arcs":[[-10337,-10429,10432,10433,10434,-10407]],"type":"Polygon","properties":{"CD_MUN":"2912400","NM_MUN":"Ibipeba","SIGLA_UF":"BA"}},{"arcs":[[-10345,10435,10436,10437,-10430,-10350]],"type":"Polygon","properties":{"CD_MUN":"2909406","NM_MUN":"Cotegipe","SIGLA_UF":"BA"}},{"arcs":[[-10378,10438,10439,-10391]],"type":"Polygon","properties":{"CD_MUN":"2921203","NM_MUN":"Miguel Calmon","SIGLA_UF":"BA"}},{"arcs":[[-10387,-10427,-10414,10440,10441]],"type":"Polygon","properties":{"CD_MUN":"2922904","NM_MUN":"Nova Soure","SIGLA_UF":"BA"}},{"arcs":[[-10418,-10424,10442,10443,10444,10445]],"type":"Polygon","properties":{"CD_MUN":"2908408","NM_MUN":"Conceição do Coité","SIGLA_UF":"BA"}},{"arcs":[[-10401,10446,-10433,-10428]],"type":"Polygon","properties":{"CD_MUN":"2913101","NM_MUN":"Ibititá","SIGLA_UF":"BA"}},{"arcs":[[-10419,10447,10448]],"type":"Polygon","properties":{"CD_MUN":"2933000","NM_MUN":"Valente","SIGLA_UF":"BA"}},{"arcs":[[-10377,10449,10450]],"type":"Polygon","properties":{"CD_MUN":"2930600","NM_MUN":"Serrolândia","SIGLA_UF":"BA"}},{"arcs":[[-10413,10451,10452,10453,-10441]],"type":"Polygon","properties":{"CD_MUN":"2923100","NM_MUN":"Olindina","SIGLA_UF":"BA"}},{"arcs":[[-10439,-10451,10454]],"type":"Polygon","properties":{"CD_MUN":"2933109","NM_MUN":"Várzea do Poço","SIGLA_UF":"BA"}},{"arcs":[[-10327,-10432,10455,10456,10457,10458]],"type":"Polygon","properties":{"CD_MUN":"2903201","NM_MUN":"Barreiras","SIGLA_UF":"BA"}},{"arcs":[[-10446,-10448]],"type":"Polygon","properties":{"CD_MUN":"2926103","NM_MUN":"Retirolândia","SIGLA_UF":"BA"}},{"arcs":[[-10375,-10420,-10449,-10445,10459,10460,10461,10462,10463]],"type":"Polygon","properties":{"CD_MUN":"2926301","NM_MUN":"Riachão do Jacuípe","SIGLA_UF":"BA"}},{"arcs":[[-10341,10464,10465,10466]],"type":"Polygon","properties":{"CD_MUN":"2913200","NM_MUN":"Ibotirama","SIGLA_UF":"BA"}},{"arcs":[[-10339,10467,10468,-10465]],"type":"Polygon","properties":{"CD_MUN":"2921609","NM_MUN":"Morpará","SIGLA_UF":"BA"}},{"arcs":[[-10423,10469,10470,10471,10472,-10443]],"type":"Polygon","properties":{"CD_MUN":"2930501","NM_MUN":"Serrinha","SIGLA_UF":"BA"}},{"arcs":[[-10422,10473,-10470]],"type":"Polygon","properties":{"CD_MUN":"2931509","NM_MUN":"Teofilândia","SIGLA_UF":"BA"}},{"arcs":[[-10412,10474,10475,10476,-10452]],"type":"Polygon","properties":{"CD_MUN":"2909604","NM_MUN":"Crisópolis","SIGLA_UF":"BA"}},{"arcs":[[-1999,-2008,10477,10478,10479,10480,-10475,-10411]],"type":"Polygon","properties":{"CD_MUN":"2927002","NM_MUN":"Rio Real","SIGLA_UF":"BA"}},{"arcs":[[-10421,10481,10482,-10471,-10474]],"type":"Polygon","properties":{"CD_MUN":"2903607","NM_MUN":"Biritinga","SIGLA_UF":"BA"}},{"arcs":[[-10376,-10464,10483,10484,10485,-10450]],"type":"Polygon","properties":{"CD_MUN":"2920106","NM_MUN":"Mairi","SIGLA_UF":"BA"}},{"arcs":[[-10408,10486,10487]],"type":"Polygon","properties":{"CD_MUN":"2914109","NM_MUN":"Ipupiara","SIGLA_UF":"BA"}},{"arcs":[[-10435,10488,10489,10490,-10487]],"type":"Polygon","properties":{"CD_MUN":"2903003","NM_MUN":"Barra do Mendes","SIGLA_UF":"BA"}},{"arcs":[[-10397,10491,10492,10493,-10399]],"type":"Polygon","properties":{"CD_MUN":"2905305","NM_MUN":"Cafarnaum","SIGLA_UF":"BA"}},{"arcs":[[-10442,-10454,10494,10495,-10482]],"type":"Polygon","properties":{"CD_MUN":"2929701","NM_MUN":"Sátiro Dias","SIGLA_UF":"BA"}},{"arcs":[[-10392,-10440,-10455,10496,10497]],"type":"Polygon","properties":{"CD_MUN":"2924801","NM_MUN":"Piritiba","SIGLA_UF":"BA"}},{"arcs":[[-10400,-10494,10498,-10434,-10447]],"type":"Polygon","properties":{"CD_MUN":"2906204","NM_MUN":"Canarana","SIGLA_UF":"BA"}},{"arcs":[[-10431,-10438,10499,10500,-10456]],"type":"Polygon","properties":{"CD_MUN":"2901403","NM_MUN":"Angical","SIGLA_UF":"BA"}},{"arcs":[[-10453,10501,10502,10503,10504,10505,-10495]],"type":"Polygon","properties":{"CD_MUN":"2913705","NM_MUN":"Inhambupe","SIGLA_UF":"BA"}},{"arcs":[[-1987,10506,10507,-10478,-2007,-2005]],"type":"Polygon","properties":{"CD_MUN":"2917904","NM_MUN":"Jandaíra","SIGLA_UF":"BA"}},{"arcs":[[-10486,10508,10509,10510,10511,10512,-10497]],"type":"Polygon","properties":{"CD_MUN":"2922102","NM_MUN":"Mundo Novo","SIGLA_UF":"BA"}},{"arcs":[[-10468,-10488,-10491,10513,10514,10515]],"type":"Polygon","properties":{"CD_MUN":"2904506","NM_MUN":"Brotas de Macaúbas","SIGLA_UF":"BA"}},{"arcs":[[-10476,-10481,10516,10517]],"type":"Polygon","properties":{"CD_MUN":"2900306","NM_MUN":"Acajutiba","SIGLA_UF":"BA"}},{"arcs":[[-10477,-10518,10518,10519,-10502]],"type":"Polygon","properties":{"CD_MUN":"2901908","NM_MUN":"Aporá","SIGLA_UF":"BA"}},{"arcs":[[-10444,-10473,10520,-10460]],"type":"Polygon","properties":{"CD_MUN":"2913309","NM_MUN":"Ichu","SIGLA_UF":"BA"}},{"arcs":[[-10489,-10499,-10493,10521,10522]],"type":"Polygon","properties":{"CD_MUN":"2930808","NM_MUN":"Souto Soares","SIGLA_UF":"BA"}},{"arcs":[[-10393,-10498,-10513]],"type":"Polygon","properties":{"CD_MUN":"2931301","NM_MUN":"Tapiramutá","SIGLA_UF":"BA"}},{"arcs":[[-10463,10523,10524,10525,10526,10527,10528,10529,-10484]],"type":"Polygon","properties":{"CD_MUN":"2914000","NM_MUN":"Ipirá","SIGLA_UF":"BA"}},{"arcs":[[-10483,-10496,-10506,10530,10531,10532]],"type":"Polygon","properties":{"CD_MUN":"2900405","NM_MUN":"Água Fria","SIGLA_UF":"BA"}},{"arcs":[[-10479,-10508,10533,10534]],"type":"Polygon","properties":{"CD_MUN":"2908606","NM_MUN":"Conde","SIGLA_UF":"BA"}},{"arcs":[[-10480,-10535,10535,10536,10537,10538,-10519,-10517]],"type":"Polygon","properties":{"CD_MUN":"2910602","NM_MUN":"Esplanada","SIGLA_UF":"BA"}},{"arcs":[[-10472,10539,10540,10541]],"type":"Polygon","properties":{"CD_MUN":"2919108","NM_MUN":"Lamarão","SIGLA_UF":"BA"}},{"arcs":[[-10485,-10530,10542,-10509]],"type":"Polygon","properties":{"CD_MUN":"2902609","NM_MUN":"Baixa Grande","SIGLA_UF":"BA"}},{"arcs":[[-10461,-10521,-10542,10543,10544]],"type":"Polygon","properties":{"CD_MUN":"2906402","NM_MUN":"Candeal","SIGLA_UF":"BA"}},{"arcs":[[-10466,-10469,-10516,10545,10546,10547]],"type":"Polygon","properties":{"CD_MUN":"2923209","NM_MUN":"Oliveira dos Brejinhos","SIGLA_UF":"BA"}},{"arcs":[[-10533,10548,10549,10550,10551,-10540]],"type":"Polygon","properties":{"CD_MUN":"2928307","NM_MUN":"Santanópolis","SIGLA_UF":"BA"}},{"arcs":[[-10394,-10512,10552,10553]],"type":"Polygon","properties":{"CD_MUN":"2932804","NM_MUN":"Utinga","SIGLA_UF":"BA"}},{"arcs":[[-10541,-10552,10554,10555]],"type":"Polygon","properties":{"CD_MUN":"2927507","NM_MUN":"Santa Bárbara","SIGLA_UF":"BA"}},{"arcs":[[-10544,-10556,10556]],"type":"Polygon","properties":{"CD_MUN":"2931103","NM_MUN":"Tanquinho","SIGLA_UF":"BA"}},{"arcs":[[-10437,10557,10558,-10500]],"type":"Polygon","properties":{"CD_MUN":"2909703","NM_MUN":"Cristópolis","SIGLA_UF":"BA"}},{"arcs":[[-10503,-10520,-10539,10559,-10537,10560,10561,10562,10563]],"type":"Polygon","properties":{"CD_MUN":"2910503","NM_MUN":"Entre Rios","SIGLA_UF":"BA"}},{"arcs":[[-10457,-10501,10564,10565]],"type":"Polygon","properties":{"CD_MUN":"2907400","NM_MUN":"Catolândia","SIGLA_UF":"BA"}},{"arcs":[[-10510,-10543,-10529,10566]],"type":"Polygon","properties":{"CD_MUN":"2919603","NM_MUN":"Macajuba","SIGLA_UF":"BA"}},{"arcs":[[-10490,-10523,10567,10568,10569,10570,-10514]],"type":"Polygon","properties":{"CD_MUN":"2929909","NM_MUN":"Seabra","SIGLA_UF":"BA"}},{"arcs":[[-10532,10571,10572,10573,-10549]],"type":"Polygon","properties":{"CD_MUN":"2914505","NM_MUN":"Irará","SIGLA_UF":"BA"}},{"arcs":[[-10531,10574,10575,-10572]],"type":"Polygon","properties":{"CD_MUN":"2923308","NM_MUN":"Ouriçangas","SIGLA_UF":"BA"}},{"arcs":[[-10504,-10564,10576,10577,10578,10579,10580]],"type":"Polygon","properties":{"CD_MUN":"2900702","NM_MUN":"Alagoinhas","SIGLA_UF":"BA"}},{"arcs":[[-10436,10581,10582,10583,-10558]],"type":"Polygon","properties":{"CD_MUN":"2930907","NM_MUN":"Tabocas do Brejo Velho","SIGLA_UF":"BA"}},{"arcs":[[-10505,-10581,10584,10585,-10575]],"type":"Polygon","properties":{"CD_MUN":"2902203","NM_MUN":"Aramari","SIGLA_UF":"BA"}},{"arcs":[[-10545,-10557,-10555,-10551,10586,10587,10588,10589,10590,10591,10592,10593,10594]],"type":"Polygon","properties":{"CD_MUN":"2910800","NM_MUN":"Feira de Santana","SIGLA_UF":"BA"}},{"arcs":[[-10462,-10595,10595,-10593,10596,-10524]],"type":"Polygon","properties":{"CD_MUN":"2930402","NM_MUN":"Serra Preta","SIGLA_UF":"BA"}},{"arcs":[[-10492,10597,10598,-10568,-10522]],"type":"Polygon","properties":{"CD_MUN":"2914406","NM_MUN":"Iraquara","SIGLA_UF":"BA"}},{"arcs":[[-10559,-10584,10599,10600,10601,10602,10603,-10565]],"type":"Polygon","properties":{"CD_MUN":"2902500","NM_MUN":"Baianópolis","SIGLA_UF":"BA"}},{"arcs":[[-10538,-10560]],"type":"Polygon","properties":{"CD_MUN":"2907004","NM_MUN":"Cardeal da Silva","SIGLA_UF":"BA"}},{"arcs":[[-10395,-10554,10604,10605,10606]],"type":"Polygon","properties":{"CD_MUN":"2933406","NM_MUN":"Wagner","SIGLA_UF":"BA"}},{"arcs":[[-10511,-10567,-10528,10607,10608,10609,-10605,-10553]],"type":"Polygon","properties":{"CD_MUN":"2927200","NM_MUN":"Ruy Barbosa","SIGLA_UF":"BA"}},{"arcs":[[-10342,-10467,-10548,10610,10611,10612]],"type":"Polygon","properties":{"CD_MUN":"2923704","NM_MUN":"Paratinga","SIGLA_UF":"BA"}},{"arcs":[[-10344,10613,10614,-10582]],"type":"Polygon","properties":{"CD_MUN":"2904407","NM_MUN":"Brejolândia","SIGLA_UF":"BA"}},{"arcs":[[-9281,10615,-10458,-10566,-10604,10616,10617,-9284]],"type":"Polygon","properties":{"CD_MUN":"2928901","NM_MUN":"São Desidério","SIGLA_UF":"BA"}},{"arcs":[[-10396,-10607,10618,10619,10620,-10598]],"type":"Polygon","properties":{"CD_MUN":"2919306","NM_MUN":"Lençóis","SIGLA_UF":"BA"}},{"arcs":[[-10594,-10596]],"type":"Polygon","properties":{"CD_MUN":"2901502","NM_MUN":"Anguera","SIGLA_UF":"BA"}},{"arcs":[[-10573,-10576,-10586,10621,10622]],"type":"Polygon","properties":{"CD_MUN":"2924108","NM_MUN":"Pedrão","SIGLA_UF":"BA"}},{"arcs":[[-10550,-10574,-10623,10623,10624,-10587]],"type":"Polygon","properties":{"CD_MUN":"2908903","NM_MUN":"Coração de Maria","SIGLA_UF":"BA"}},{"arcs":[[-10606,-10610,10625,10626,10627,-10619]],"type":"Polygon","properties":{"CD_MUN":"2919009","NM_MUN":"Lajedinho","SIGLA_UF":"BA"}},{"arcs":[[-10525,-10597,-10592,10628,10629,10630]],"type":"Polygon","properties":{"CD_MUN":"2913804","NM_MUN":"Ipecaetá","SIGLA_UF":"BA"}},{"arcs":[[-10580,10631,10632,10633,-10624,-10622,-10585]],"type":"Polygon","properties":{"CD_MUN":"2931400","NM_MUN":"Teodoro Sampaio","SIGLA_UF":"BA"}},{"arcs":[[-10527,10634,10635,10636,-10608]],"type":"Polygon","properties":{"CD_MUN":"2914703","NM_MUN":"Itaberaba","SIGLA_UF":"BA"}},{"arcs":[[-10563,10637,10638,-10577]],"type":"Polygon","properties":{"CD_MUN":"2915908","NM_MUN":"Itanagra","SIGLA_UF":"BA"}},{"arcs":[[-10515,-10571,10639,10640,10641,10642,-10546]],"type":"Polygon","properties":{"CD_MUN":"2913002","NM_MUN":"Ibitiara","SIGLA_UF":"BA"}},{"arcs":[[-10569,-10599,-10621,10643]],"type":"Polygon","properties":{"CD_MUN":"2923506","NM_MUN":"Palmeiras","SIGLA_UF":"BA"}},{"arcs":[[-10591,10644,10645,10646,10647,-10629]],"type":"Polygon","properties":{"CD_MUN":"2901700","NM_MUN":"Antônio Cardoso","SIGLA_UF":"BA"}},{"arcs":[[-10578,-10639,10648,10649,10650]],"type":"Polygon","properties":{"CD_MUN":"2925204","NM_MUN":"Pojuca","SIGLA_UF":"BA"}},{"arcs":[[-10579,-10651,10651,10652,-10632]],"type":"Polygon","properties":{"CD_MUN":"2907509","NM_MUN":"Catu","SIGLA_UF":"BA"}},{"arcs":[[-10633,-10653,10653,10654,10655]],"type":"Polygon","properties":{"CD_MUN":"2931707","NM_MUN":"Terra Nova","SIGLA_UF":"BA"}},{"arcs":[[-10588,-10625,-10634,-10656,10656,10657]],"type":"Polygon","properties":{"CD_MUN":"2901106","NM_MUN":"Amélia Rodrigues","SIGLA_UF":"BA"}},{"arcs":[[-10590,10658,10659,-10645]],"type":"Polygon","properties":{"CD_MUN":"2929305","NM_MUN":"São Gonçalo dos Campos","SIGLA_UF":"BA"}},{"arcs":[[-10343,-10613,10660,10661,10662,10663,10664,10665,10666,-10614]],"type":"Polygon","properties":{"CD_MUN":"2903904","NM_MUN":"Bom Jesus da Lapa","SIGLA_UF":"BA"}},{"arcs":[[-10547,-10643,10667,10668,-10611]],"type":"Polygon","properties":{"CD_MUN":"2904100","NM_MUN":"Boquira","SIGLA_UF":"BA"}},{"arcs":[[-10620,-10628,10669,10670,10671,10672,10673]],"type":"Polygon","properties":{"CD_MUN":"2901304","NM_MUN":"Andaraí","SIGLA_UF":"BA"}},{"arcs":[[-10627,10674,-10670]],"type":"Polygon","properties":{"CD_MUN":"2912608","NM_MUN":"Ibiquera","SIGLA_UF":"BA"}},{"arcs":[[-10655,10675,10676,-10657]],"type":"Polygon","properties":{"CD_MUN":"2908507","NM_MUN":"Conceição do Jacuípe","SIGLA_UF":"BA"}},{"arcs":[[-10630,-10648,10677,10678]],"type":"Polygon","properties":{"CD_MUN":"2928802","NM_MUN":"Santo Estêvão","SIGLA_UF":"BA"}},{"arcs":[[-10609,-10637,10679,10680,10681,-10671,-10675,-10626]],"type":"Polygon","properties":{"CD_MUN":"2903805","NM_MUN":"Boa Vista do Tupim","SIGLA_UF":"BA"}},{"arcs":[[-10589,-10658,-10677,10682,10683,10684,10685,10686,10687,-10659]],"type":"Polygon","properties":{"CD_MUN":"2928604","NM_MUN":"Santo Amaro","SIGLA_UF":"BA"}},{"arcs":[[-10562,10688,10689,10690,-10649,-10638]],"type":"Polygon","properties":{"CD_MUN":"2921005","NM_MUN":"Mata de São João","SIGLA_UF":"BA"}},{"arcs":[[-10650,-10691,10691,10692,10693,-10683,-10676,-10654,-10652]],"type":"Polygon","properties":{"CD_MUN":"2929503","NM_MUN":"São Sebastião do Passé","SIGLA_UF":"BA"}},{"arcs":[[-10583,-10615,-10667,10694,-10600]],"type":"Polygon","properties":{"CD_MUN":"2930303","NM_MUN":"Serra Dourada","SIGLA_UF":"BA"}},{"arcs":[[-10646,-10660,10695,10696,10697]],"type":"Polygon","properties":{"CD_MUN":"2908200","NM_MUN":"Conceição da Feira","SIGLA_UF":"BA"}},{"arcs":[[-10636,10698,10699,10700,10701,10702,10703,-10680]],"type":"Polygon","properties":{"CD_MUN":"2911907","NM_MUN":"Iaçu","SIGLA_UF":"BA"}},{"arcs":[[-10647,-10698,10704,10705,10706,10707,-10678]],"type":"Polygon","properties":{"CD_MUN":"2922300","NM_MUN":"Muritiba","SIGLA_UF":"BA"}},{"arcs":[[-10690,10708,10709,10710,10711,-10692]],"type":"Polygon","properties":{"CD_MUN":"2905701","NM_MUN":"Camaçari","SIGLA_UF":"BA"}},{"arcs":[[-10700,10712,10713,10714]],"type":"Polygon","properties":{"CD_MUN":"2928505","NM_MUN":"Santa Teresinha","SIGLA_UF":"BA"}},{"arcs":[[-10688,10715,10716,10717,-10696]],"type":"Polygon","properties":{"CD_MUN":"2904902","NM_MUN":"Cachoeira","SIGLA_UF":"BA"}},{"arcs":[[-10642,10718,10719,-10668]],"type":"Polygon","properties":{"CD_MUN":"2912509","NM_MUN":"Ibipitanga","SIGLA_UF":"BA"}},{"arcs":[[-10570,10720,10721]],"type":"Polygon","properties":{"CD_MUN":"2904001","NM_MUN":"Boninal","SIGLA_UF":"BA"}},{"arcs":[[-10697,-10718,-10705]],"type":"Polygon","properties":{"CD_MUN":"2911600","NM_MUN":"Governador Mangabeira","SIGLA_UF":"BA"}},{"arcs":[[-10644,-10674,10722,10723,10724,-10721]],"type":"Polygon","properties":{"CD_MUN":"2921906","NM_MUN":"Mucugê","SIGLA_UF":"BA"}},{"arcs":[[-10684,-10694,10725,10726]],"type":"Polygon","properties":{"CD_MUN":"2929206","NM_MUN":"São Francisco do Conde","SIGLA_UF":"BA"}},{"arcs":[[-10601,-10695,-10666,10727,10728,10729]],"type":"Polygon","properties":{"CD_MUN":"2928208","NM_MUN":"Santana","SIGLA_UF":"BA"}},{"arcs":[[-10706,-10717,10730,10731,10732]],"type":"Polygon","properties":{"CD_MUN":"2929008","NM_MUN":"São Félix","SIGLA_UF":"BA"}},{"arcs":[[-10693,-10712,10733,10734,-10726]],"type":"Polygon","properties":{"CD_MUN":"2906501","NM_MUN":"Candeias","SIGLA_UF":"BA"}},{"arcs":[[-10707,-10733,10735,10736,10737]],"type":"Polygon","properties":{"CD_MUN":"2909802","NM_MUN":"Cruz das Almas","SIGLA_UF":"BA"}},{"arcs":[[-10738,10738,10739]],"type":"Polygon","properties":{"CD_MUN":"2929602","NM_MUN":"Sapeaçu","SIGLA_UF":"BA"}},{"arcs":[[-10640,-10722,-10725,10740,10741]],"type":"Polygon","properties":{"CD_MUN":"2924306","NM_MUN":"Piatã","SIGLA_UF":"BA"}},{"arcs":[[-10711,10742,10743,-10734]],"type":"Polygon","properties":{"CD_MUN":"2930709","NM_MUN":"Simões Filho","SIGLA_UF":"BA"}},{"arcs":[[-10687,10744,10745,10746,10747,-10731,-10716]],"type":"Polygon","properties":{"CD_MUN":"2920601","NM_MUN":"Maragogipe","SIGLA_UF":"BA"}},{"arcs":[[-10612,-10669,-10720,10748,10749,10750,10751,-10661]],"type":"Polygon","properties":{"CD_MUN":"2919801","NM_MUN":"Macaúbas","SIGLA_UF":"BA"}},{"arcs":[[-10603,10752,-10729,10753,10754,-10617]],"type":"Polygon","properties":{"CD_MUN":"2928109","NM_MUN":"Santa Maria da Vitória","SIGLA_UF":"BA"}},{"arcs":[[-10732,-10748,10755,10756,10757,10758,10759,-10736]],"type":"Polygon","properties":{"CD_MUN":"2929107","NM_MUN":"São Felipe","SIGLA_UF":"BA"}},{"arcs":[[-9285,-10618,-10755,10760,10761,-9375,-9369,-9363,-9344,-9335]],"type":"Polygon","properties":{"CD_MUN":"2909307","NM_MUN":"Correntina","SIGLA_UF":"BA"}},{"arcs":[[-10737,-10760,10762,10763,10764,-10739]],"type":"Polygon","properties":{"CD_MUN":"2908309","NM_MUN":"Conceição do Almeida","SIGLA_UF":"BA"}},{"arcs":[[-10602,-10730,-10753]],"type":"Polygon","properties":{"CD_MUN":"2906105","NM_MUN":"Canápolis","SIGLA_UF":"BA"}},{"arcs":[[-10685,-10727,-10735,-10744,10765,10766,10767,10768,10769]],"type":"Polygon","properties":{"CD_MUN":"2927408","NM_MUN":"Salvador","SIGLA_UF":"BA"}},{"arcs":[[-10672,-10682,10770,10771]],"type":"Polygon","properties":{"CD_MUN":"2915007","NM_MUN":"Itaeté","SIGLA_UF":"BA"}},{"arcs":[[-10641,-10742,10772,10773,10774,-10749,-10719]],"type":"Polygon","properties":{"CD_MUN":"2926905","NM_MUN":"Rio do Pires","SIGLA_UF":"BA"}},{"arcs":[[-10701,-10715,10775,10776,10777,10778]],"type":"Polygon","properties":{"CD_MUN":"2921302","NM_MUN":"Milagres","SIGLA_UF":"BA"}},{"arcs":[[-10686,-10770,10779,10780,10781,-10745]],"type":"Polygon","properties":{"CD_MUN":"2927309","NM_MUN":"Salinas da Margarida","SIGLA_UF":"BA"}},{"arcs":[[-10714,10782,10783,10784,-10776]],"type":"Polygon","properties":{"CD_MUN":"2910305","NM_MUN":"Elísio Medrado","SIGLA_UF":"BA"}},{"arcs":[[-10702,-10779,10785,10786,10787,10788]],"type":"Polygon","properties":{"CD_MUN":"2922805","NM_MUN":"Nova Itarana","SIGLA_UF":"BA"}},{"arcs":[[-10747,10789,10790,10791,-10756]],"type":"Polygon","properties":{"CD_MUN":"2922508","NM_MUN":"Nazaré","SIGLA_UF":"BA"}},{"arcs":[[-10769,10792,-10780]],"type":"Polygon","properties":{"CD_MUN":"2916104","NM_MUN":"Itaparica","SIGLA_UF":"BA"}},{"arcs":[[-10710,10793,-10766,-10743]],"type":"Polygon","properties":{"CD_MUN":"2919207","NM_MUN":"Lauro de Freitas","SIGLA_UF":"BA"}},{"arcs":[[-10759,10794,-10763]],"type":"Polygon","properties":{"CD_MUN":"2910206","NM_MUN":"Dom Macedo Costa","SIGLA_UF":"BA"}},{"arcs":[[-10681,-10704,10795,10796,10797,-10771]],"type":"Polygon","properties":{"CD_MUN":"2920809","NM_MUN":"Marcionílio Souza","SIGLA_UF":"BA"}},{"arcs":[[-10777,-10785,10798,10799,10800,10801]],"type":"Polygon","properties":{"CD_MUN":"2901007","NM_MUN":"Amargosa","SIGLA_UF":"BA"}},{"arcs":[[-10778,-10802,10802,10803,-10786]],"type":"Polygon","properties":{"CD_MUN":"2904308","NM_MUN":"Brejões","SIGLA_UF":"BA"}},{"arcs":[[-10750,-10775,10804,10805,10806,10807]],"type":"Polygon","properties":{"CD_MUN":"2904209","NM_MUN":"Botuporã","SIGLA_UF":"BA"}},{"arcs":[[-10758,10808,10809,10810,10811,10812,-10764,-10795]],"type":"Polygon","properties":{"CD_MUN":"2928703","NM_MUN":"Santo Antônio de Jesus","SIGLA_UF":"BA"}},{"arcs":[[-10784,10813,-10812,10814,-10799]],"type":"Polygon","properties":{"CD_MUN":"2929404","NM_MUN":"São Miguel das Matas","SIGLA_UF":"BA"}},{"arcs":[[-10746,-10782,10815,10816,10817,10818,10819,-10790]],"type":"Polygon","properties":{"CD_MUN":"2917805","NM_MUN":"Jaguaripe","SIGLA_UF":"BA"}},{"arcs":[[-10757,-10792,10820,-10809]],"type":"Polygon","properties":{"CD_MUN":"2922201","NM_MUN":"Muniz Ferreira","SIGLA_UF":"BA"}},{"arcs":[[-10768,10821,-10816,-10781,-10793]],"type":"Polygon","properties":{"CD_MUN":"2933208","NM_MUN":"Vera Cruz","SIGLA_UF":"BA"}},{"arcs":[[-10703,-10789,10822,10823,10824,-10796]],"type":"Polygon","properties":{"CD_MUN":"2924900","NM_MUN":"Planaltino","SIGLA_UF":"BA"}},{"arcs":[[-10724,10825,10826,10827,-10773,-10741]],"type":"Polygon","properties":{"CD_MUN":"2900108","NM_MUN":"Abaíra","SIGLA_UF":"BA"}},{"arcs":[[-10665,10828,10829,-10761,-10754,-10728]],"type":"Polygon","properties":{"CD_MUN":"2909109","NM_MUN":"Coribe","SIGLA_UF":"BA"}},{"arcs":[[-10791,-10820,10830,-10810,-10821]],"type":"Polygon","properties":{"CD_MUN":"2902302","NM_MUN":"Aratuípe","SIGLA_UF":"BA"}},{"arcs":[[-10800,-10815,-10811,-10831,-10819,10831,10832,10833,10834]],"type":"Polygon","properties":{"CD_MUN":"2918803","NM_MUN":"Laje","SIGLA_UF":"BA"}},{"arcs":[[-10801,-10835,10835,10836,10837,10838,10839,-10803]],"type":"Polygon","properties":{"CD_MUN":"2932101","NM_MUN":"Ubaíra","SIGLA_UF":"BA"}},{"arcs":[[-10788,10840,10841,-10823]],"type":"Polygon","properties":{"CD_MUN":"2914208","NM_MUN":"Irajuba","SIGLA_UF":"BA"}},{"arcs":[[-10774,10842,10843,10844,-10805]],"type":"Polygon","properties":{"CD_MUN":"2900504","NM_MUN":"Érico Cardoso","SIGLA_UF":"BA"}},{"arcs":[[-10797,-10825,10845,10846,10847,10848,10849]],"type":"Polygon","properties":{"CD_MUN":"2920502","NM_MUN":"Maracás","SIGLA_UF":"BA"}},{"arcs":[[-10673,10850,10851,10852,-10826,-10723]],"type":"Polygon","properties":{"CD_MUN":"2912202","NM_MUN":"Ibicoara","SIGLA_UF":"BA"}},{"arcs":[[-10806,-10845,10853]],"type":"Polygon","properties":{"CD_MUN":"2923605","NM_MUN":"Paramirim","SIGLA_UF":"BA"}},{"arcs":[[-10662,-10752,10854,10855]],"type":"Polygon","properties":{"CD_MUN":"2926400","NM_MUN":"Riacho de Santana","SIGLA_UF":"BA"}},{"arcs":[[-10772,-10798,-10850,10856,10857,-10851]],"type":"Polygon","properties":{"CD_MUN":"2914307","NM_MUN":"Iramaia","SIGLA_UF":"BA"}},{"arcs":[[-10787,-10804,-10840,10858,10859,-10841]],"type":"Polygon","properties":{"CD_MUN":"2927903","NM_MUN":"Santa Inês","SIGLA_UF":"BA"}},{"arcs":[[-10834,10860,10861,-10836]],"type":"Polygon","properties":{"CD_MUN":"2918209","NM_MUN":"Jiquiriçá","SIGLA_UF":"BA"}},{"arcs":[[-10833,10862,10863,-10861]],"type":"Polygon","properties":{"CD_MUN":"2922409","NM_MUN":"Mutuípe","SIGLA_UF":"BA"}},{"arcs":[[-10828,10864,10865,10866,10867,10868,-10843]],"type":"Polygon","properties":{"CD_MUN":"2926707","NM_MUN":"Rio de Contas","SIGLA_UF":"BA"}},{"arcs":[[-10827,-10853,10869,10870,-10865]],"type":"Polygon","properties":{"CD_MUN":"2918605","NM_MUN":"Jussiape","SIGLA_UF":"BA"}},{"arcs":[[-10818,10871,10872,10873,10874,-10863,-10832]],"type":"Polygon","properties":{"CD_MUN":"2932903","NM_MUN":"Valença","SIGLA_UF":"BA"}},{"arcs":[[-10824,-10842,10875,10876,10877,10878,10879,10880,10881]],"type":"Polygon","properties":{"CD_MUN":"2917607","NM_MUN":"Jaguaquara","SIGLA_UF":"BA"}},{"arcs":[[-10860,10882,10883,-10876]],"type":"Polygon","properties":{"CD_MUN":"2916708","NM_MUN":"Itaquara","SIGLA_UF":"BA"}},{"arcs":[[-10846,-10882,10884,10885]],"type":"Polygon","properties":{"CD_MUN":"2916906","NM_MUN":"Itiruçu","SIGLA_UF":"BA"}},{"arcs":[[-10839,10886,-10883,-10859]],"type":"Polygon","properties":{"CD_MUN":"2909505","NM_MUN":"Cravolândia","SIGLA_UF":"BA"}},{"arcs":[[-10852,-10858,10887,10888,10889,-10870]],"type":"Polygon","properties":{"CD_MUN":"2902807","NM_MUN":"Barra da Estiva","SIGLA_UF":"BA"}},{"arcs":[[-10873,10890,10891,10892]],"type":"Polygon","properties":{"CD_MUN":"2905404","NM_MUN":"Cairu","SIGLA_UF":"BA"}},{"arcs":[[-10807,-10854,-10844,-10869,10893,10894,10895]],"type":"Polygon","properties":{"CD_MUN":"2919504","NM_MUN":"Livramento de Nossa Senhora","SIGLA_UF":"BA"}},{"arcs":[[-10808,-10896,10896,10897,10898,10899,10900,10901]],"type":"Polygon","properties":{"CD_MUN":"2905206","NM_MUN":"Caetité","SIGLA_UF":"BA"}},{"arcs":[[-10847,-10886,10902]],"type":"Polygon","properties":{"CD_MUN":"2918704","NM_MUN":"Lafaiete Coutinho","SIGLA_UF":"BA"}},{"arcs":[[-6782,10903,-10829,-10664,10904,-6786]],"type":"Polygon","properties":{"CD_MUN":"2907103","NM_MUN":"Carinhanha","SIGLA_UF":"BA"}},{"arcs":[[-10837,-10862,-10864,-10875,10905,10906,10907]],"type":"Polygon","properties":{"CD_MUN":"2931608","NM_MUN":"Teolândia","SIGLA_UF":"BA"}},{"arcs":[[-10751,-10902,10908,-10855]],"type":"Polygon","properties":{"CD_MUN":"2913408","NM_MUN":"Igaporã","SIGLA_UF":"BA"}},{"arcs":[[-10838,-10908,10909,10910,10911,-10877,-10884,-10887]],"type":"Polygon","properties":{"CD_MUN":"2933505","NM_MUN":"Wenceslau Guimarães","SIGLA_UF":"BA"}},{"arcs":[[-10874,-10893,10912,-10906]],"type":"Polygon","properties":{"CD_MUN":"2931202","NM_MUN":"Taperoá","SIGLA_UF":"BA"}},{"arcs":[[-10889,10913,10914,10915]],"type":"Polygon","properties":{"CD_MUN":"2908804","NM_MUN":"Contendas do Sincorá","SIGLA_UF":"BA"}},{"arcs":[[-10868,10916,-10894]],"type":"Polygon","properties":{"CD_MUN":"2910107","NM_MUN":"Dom Basílio","SIGLA_UF":"BA"}},{"arcs":[[-10866,-10871,-10890,-10916,10917,10918]],"type":"Polygon","properties":{"CD_MUN":"2917201","NM_MUN":"Ituaçu","SIGLA_UF":"BA"}},{"arcs":[[-6787,-10905,-10663,10919,10920]],"type":"Polygon","properties":{"CD_MUN":"2920205","NM_MUN":"Malhada","SIGLA_UF":"BA"}},{"arcs":[[-6785,-6798,-6803,-9376,-10762,-10830,-10904]],"type":"Polygon","properties":{"CD_MUN":"2908101","NM_MUN":"Cocos","SIGLA_UF":"BA"}},{"arcs":[[-10892,10921,10922,10923,-10910,-10907,-10913]],"type":"Polygon","properties":{"CD_MUN":"2922607","NM_MUN":"Nilo Peçanha","SIGLA_UF":"BA"}},{"arcs":[[-10848,-10903,-10885,-10881,10924,10925,10926,10927,10928,10929,10930]],"type":"Polygon","properties":{"CD_MUN":"2918001","NM_MUN":"Jequié","SIGLA_UF":"BA"}},{"arcs":[[-10856,10931,10932,-10920]],"type":"Polygon","properties":{"CD_MUN":"2923407","NM_MUN":"Palmas de Monte Alto","SIGLA_UF":"BA"}},{"arcs":[[-10923,10933,10934,10935,10936]],"type":"Polygon","properties":{"CD_MUN":"2917300","NM_MUN":"Ituberá","SIGLA_UF":"BA"}},{"arcs":[[-10878,-10912,10937]],"type":"Polygon","properties":{"CD_MUN":"2915700","NM_MUN":"Itamari","SIGLA_UF":"BA"}},{"arcs":[[-10879,-10938,-10911,-10924,-10937,10938,10939,10940,10941]],"type":"Polygon","properties":{"CD_MUN":"2911204","NM_MUN":"Gandu","SIGLA_UF":"BA"}},{"arcs":[[-10935,10942,10943,10944]],"type":"Polygon","properties":{"CD_MUN":"2905800","NM_MUN":"Camamu","SIGLA_UF":"BA"}},{"arcs":[[-10849,-10931,10945,10946,-10914,-10888,-10857]],"type":"Polygon","properties":{"CD_MUN":"2920403","NM_MUN":"Manoel Vitorino","SIGLA_UF":"BA"}},{"arcs":[[-10915,-10947,10947,10948,10949,10950,-10918]],"type":"Polygon","properties":{"CD_MUN":"2931004","NM_MUN":"Tanhaçu","SIGLA_UF":"BA"}},{"arcs":[[-10901,10951,10952,10953,-10932,-10909]],"type":"Polygon","properties":{"CD_MUN":"2911709","NM_MUN":"Guanambi","SIGLA_UF":"BA"}},{"arcs":[[-10927,10954,10955]],"type":"Polygon","properties":{"CD_MUN":"2918308","NM_MUN":"Jitaúna","SIGLA_UF":"BA"}},{"arcs":[[-10867,-10919,-10951,10956,10957,10958,10959,-10895,-10917]],"type":"Polygon","properties":{"CD_MUN":"2904605","NM_MUN":"Brumado","SIGLA_UF":"BA"}},{"arcs":[[-10880,-10942,10960,10961,-10925]],"type":"Polygon","properties":{"CD_MUN":"2912905","NM_MUN":"Ibirataia","SIGLA_UF":"BA"}},{"arcs":[[-10940,10962,10963,10964,10965]],"type":"Polygon","properties":{"CD_MUN":"2932309","NM_MUN":"Ubatã","SIGLA_UF":"BA"}},{"arcs":[[-10941,-10966,10966,10967,-10961]],"type":"Polygon","properties":{"CD_MUN":"2903102","NM_MUN":"Barra do Rocha","SIGLA_UF":"BA"}},{"arcs":[[-10936,-10945,10968,10969,-10963,-10939]],"type":"Polygon","properties":{"CD_MUN":"2912707","NM_MUN":"Ibirapitanga","SIGLA_UF":"BA"}},{"arcs":[[-10930,10970,10971,10972,10973,-10948,-10946]],"type":"Polygon","properties":{"CD_MUN":"2903706","NM_MUN":"Boa Nova","SIGLA_UF":"BA"}},{"arcs":[[-10926,-10962,-10968,10974,10975,-10955]],"type":"Polygon","properties":{"CD_MUN":"2913903","NM_MUN":"Ipiaú","SIGLA_UF":"BA"}},{"arcs":[[-10944,10976,10977,10978,-10969]],"type":"Polygon","properties":{"CD_MUN":"2920700","NM_MUN":"Maraú","SIGLA_UF":"BA"}},{"arcs":[[-10929,10979,10980,10981,-10971]],"type":"Polygon","properties":{"CD_MUN":"2915106","NM_MUN":"Itagi","SIGLA_UF":"BA"}},{"arcs":[[-10928,-10956,-10976,10982,-10980]],"type":"Polygon","properties":{"CD_MUN":"2900603","NM_MUN":"Aiquara","SIGLA_UF":"BA"}},{"arcs":[[-10950,10983,10984,-10957]],"type":"Polygon","properties":{"CD_MUN":"2902005","NM_MUN":"Aracatu","SIGLA_UF":"BA"}},{"arcs":[[-10897,-10960,10985,10986,10987,10988,10989]],"type":"Polygon","properties":{"CD_MUN":"2926806","NM_MUN":"Rio do Antônio","SIGLA_UF":"BA"}},{"arcs":[[-10898,-10990,10990]],"type":"Polygon","properties":{"CD_MUN":"2912004","NM_MUN":"Ibiassucê","SIGLA_UF":"BA"}},{"arcs":[[-10949,-10974,10991,10992,10993,10994,-10984]],"type":"Polygon","properties":{"CD_MUN":"2925105","NM_MUN":"Poções","SIGLA_UF":"BA"}},{"arcs":[[-10975,10995,10996,10997,-10981,-10983]],"type":"Polygon","properties":{"CD_MUN":"2915205","NM_MUN":"Itagibá","SIGLA_UF":"BA"}},{"arcs":[[-10959,10998,10999,-10986]],"type":"Polygon","properties":{"CD_MUN":"2920304","NM_MUN":"Malhada de Pedras","SIGLA_UF":"BA"}},{"arcs":[[-10900,11000,11001,11002,11003,-10952]],"type":"Polygon","properties":{"CD_MUN":"2924504","NM_MUN":"Pindaí","SIGLA_UF":"BA"}},{"arcs":[[-10953,-11004,11004]],"type":"Polygon","properties":{"CD_MUN":"2906600","NM_MUN":"Candiba","SIGLA_UF":"BA"}},{"arcs":[[-6804,-6811,-10921,-10933,-10954,-11005,-11003,11005]],"type":"Polygon","properties":{"CD_MUN":"2930006","NM_MUN":"Sebastião Laranjeiras","SIGLA_UF":"BA"}},{"arcs":[[-10899,-10991,-10989,11006,11007,11008]],"type":"Polygon","properties":{"CD_MUN":"2905008","NM_MUN":"Caculé","SIGLA_UF":"BA"}},{"arcs":[[-10965,11009,11010,-10996,-10967]],"type":"Polygon","properties":{"CD_MUN":"2911501","NM_MUN":"Gongogi","SIGLA_UF":"BA"}},{"arcs":[[-10964,-10970,-10979,11011,11012,-11010]],"type":"Polygon","properties":{"CD_MUN":"2932200","NM_MUN":"Ubaitaba","SIGLA_UF":"BA"}},{"arcs":[[-10972,-10982,-10998,11013,11014]],"type":"Polygon","properties":{"CD_MUN":"2910008","NM_MUN":"Dário Meira","SIGLA_UF":"BA"}},{"arcs":[[-11001,-11009,11015,11016]],"type":"Polygon","properties":{"CD_MUN":"2919405","NM_MUN":"Licínio de Almeida","SIGLA_UF":"BA"}},{"arcs":[[-10978,11017,11018,11019,11020,-11012]],"type":"Polygon","properties":{"CD_MUN":"2914901","NM_MUN":"Itacaré","SIGLA_UF":"BA"}},{"arcs":[[-11011,-11013,-11021,11021,11022]],"type":"Polygon","properties":{"CD_MUN":"2902401","NM_MUN":"Aurelino Leal","SIGLA_UF":"BA"}},{"arcs":[[-10987,-11000,11023,11024,11025]],"type":"Polygon","properties":{"CD_MUN":"2925709","NM_MUN":"Presidente Jânio Quadros","SIGLA_UF":"BA"}},{"arcs":[[-6824,11026,11027,-11007,-10988,-11026,11028,-6834]],"type":"Polygon","properties":{"CD_MUN":"2908705","NM_MUN":"Condeúba","SIGLA_UF":"BA"}},{"arcs":[[-10995,11029,11030,11031,11032]],"type":"Polygon","properties":{"CD_MUN":"2901205","NM_MUN":"Anagé","SIGLA_UF":"BA"}},{"arcs":[[-10997,11033,11034,11035,11036,11037,11038,11039,11040,11041,-11014]],"type":"Polygon","properties":{"CD_MUN":"2912301","NM_MUN":"Ibicuí","SIGLA_UF":"BA"}},{"arcs":[[-10958,-10985,-11033,11042,11043,11044,-11024,-10999]],"type":"Polygon","properties":{"CD_MUN":"2931806","NM_MUN":"Tremedal","SIGLA_UF":"BA"}},{"arcs":[[-11023,11045,11046,-11034]],"type":"Polygon","properties":{"CD_MUN":"2916609","NM_MUN":"Itapitanga","SIGLA_UF":"BA"}},{"arcs":[[-6805,-11006,-11002,-11017,11047]],"type":"Polygon","properties":{"CD_MUN":"2932606","NM_MUN":"Urandi","SIGLA_UF":"BA"}},{"arcs":[[-10994,11048,11049,11050,11051,-11030]],"type":"Polygon","properties":{"CD_MUN":"2925006","NM_MUN":"Planalto","SIGLA_UF":"BA"}},{"arcs":[[-11020,11052,11053,11054,11055,11056,11057,11058,-11046,-11022]],"type":"Polygon","properties":{"CD_MUN":"2913606","NM_MUN":"Ilhéus","SIGLA_UF":"BA"}},{"arcs":[[-11019,11059,-11053]],"type":"Polygon","properties":{"CD_MUN":"2932705","NM_MUN":"Uruçuca","SIGLA_UF":"BA"}},{"arcs":[[-10973,-11015,-11042,11060,-10992]],"type":"Polygon","properties":{"CD_MUN":"2913507","NM_MUN":"Iguaí","SIGLA_UF":"BA"}},{"arcs":[[-6806,-11048,-11016,-11008,-11028,11061]],"type":"Polygon","properties":{"CD_MUN":"2917409","NM_MUN":"Jacaraci","SIGLA_UF":"BA"}},{"arcs":[[-11035,-11047,-11059,11062,11063,11064]],"type":"Polygon","properties":{"CD_MUN":"2908002","NM_MUN":"Coaraci","SIGLA_UF":"BA"}},{"arcs":[[-11058,11065,11066,11067,-11063]],"type":"Polygon","properties":{"CD_MUN":"2915502","NM_MUN":"Itajuípe","SIGLA_UF":"BA"}},{"arcs":[[-11031,-11052,11068,11069,11070,11071,11072]],"type":"Polygon","properties":{"CD_MUN":"2933307","NM_MUN":"Vitória da Conquista","SIGLA_UF":"BA"}},{"arcs":[[-11036,-11065,11073,11074]],"type":"Polygon","properties":{"CD_MUN":"2900900","NM_MUN":"Almadina","SIGLA_UF":"BA"}},{"arcs":[[-10993,-11061,-11041,11075,11076,-11049]],"type":"Polygon","properties":{"CD_MUN":"2922706","NM_MUN":"Nova Canaã","SIGLA_UF":"BA"}},{"arcs":[[-11032,-11073,11077,-11043]],"type":"Polygon","properties":{"CD_MUN":"2903508","NM_MUN":"Belo Campo","SIGLA_UF":"BA"}},{"arcs":[[-11051,11078,11079,-11069]],"type":"Polygon","properties":{"CD_MUN":"2902906","NM_MUN":"Barra do Choça","SIGLA_UF":"BA"}},{"arcs":[[-6807,-11062,-11027,-6823]],"type":"Polygon","properties":{"CD_MUN":"2921807","NM_MUN":"Mortugaba","SIGLA_UF":"BA"}},{"arcs":[[-11067,11080]],"type":"Polygon","properties":{"CD_MUN":"2903300","NM_MUN":"Barro Preto","SIGLA_UF":"BA"}},{"arcs":[[-11037,-11075,11081,11082,11083]],"type":"Polygon","properties":{"CD_MUN":"2911006","NM_MUN":"Floresta Azul","SIGLA_UF":"BA"}},{"arcs":[[-6836,11084,-11025,-11045]],"type":"Polygon","properties":{"CD_MUN":"2924702","NM_MUN":"Piripá","SIGLA_UF":"BA"}},{"arcs":[[-6835,-11029,-11085]],"type":"Polygon","properties":{"CD_MUN":"2909000","NM_MUN":"Cordeiros","SIGLA_UF":"BA"}},{"arcs":[[-11064,-11068,11085,11086,-11082,-11074]],"type":"Polygon","properties":{"CD_MUN":"2912103","NM_MUN":"Ibicaraí","SIGLA_UF":"BA"}},{"arcs":[[-11038,-11084,11087,11088]],"type":"Polygon","properties":{"CD_MUN":"2927804","NM_MUN":"Santa Cruz da Vitória","SIGLA_UF":"BA"}},{"arcs":[[-11039,-11089,11089,11090]],"type":"Polygon","properties":{"CD_MUN":"2910909","NM_MUN":"Firmino Alves","SIGLA_UF":"BA"}},{"arcs":[[-11050,-11077,11091,11092,11093,-11079]],"type":"Polygon","properties":{"CD_MUN":"2904803","NM_MUN":"Caatiba","SIGLA_UF":"BA"}},{"arcs":[[-11083,-11087,11094,11095]],"type":"Polygon","properties":{"CD_MUN":"2916203","NM_MUN":"Itapé","SIGLA_UF":"BA"}},{"arcs":[[-11088,-11096,11096,11097,11098,11099,11100,-11090]],"type":"Polygon","properties":{"CD_MUN":"2915403","NM_MUN":"Itaju do Colônia","SIGLA_UF":"BA"}},{"arcs":[[-11040,-11091,-11101,11101,-11092,-11076]],"type":"Polygon","properties":{"CD_MUN":"2917102","NM_MUN":"Itororó","SIGLA_UF":"BA"}},{"arcs":[[-11056,11102,11103]],"type":"Polygon","properties":{"CD_MUN":"2904704","NM_MUN":"Buerarema","SIGLA_UF":"BA"}},{"arcs":[[-11070,-11080,-11094,11104,11105,11106]],"type":"Polygon","properties":{"CD_MUN":"2915809","NM_MUN":"Itambé","SIGLA_UF":"BA"}},{"arcs":[[-6837,-11044,-11078,-11072,11107]],"type":"Polygon","properties":{"CD_MUN":"2906709","NM_MUN":"Cândido Sales","SIGLA_UF":"BA"}},{"arcs":[[-11055,11108,11109,11110,11111,-11103]],"type":"Polygon","properties":{"CD_MUN":"2932507","NM_MUN":"Una","SIGLA_UF":"BA"}},{"arcs":[[-11093,-11102,-11100,11112,11113,11114,-11105]],"type":"Polygon","properties":{"CD_MUN":"2916401","NM_MUN":"Itapetinga","SIGLA_UF":"BA"}},{"arcs":[[-6852,-11108,-11071,-11107,11115,-6881,-6884]],"type":"Polygon","properties":{"CD_MUN":"2910404","NM_MUN":"Encruzilhada","SIGLA_UF":"BA"}},{"arcs":[[-6875,-11116,-11106,-11115,11116,11117,-6899,-6888]],"type":"Polygon","properties":{"CD_MUN":"2919702","NM_MUN":"Macarani","SIGLA_UF":"BA"}},{"arcs":[[-11098,-11111,11118,11119,11120,11121]],"type":"Polygon","properties":{"CD_MUN":"2905602","NM_MUN":"Camacan","SIGLA_UF":"BA"}},{"arcs":[[-11099,-11122,11122,11123,-11113]],"type":"Polygon","properties":{"CD_MUN":"2923902","NM_MUN":"Pau Brasil","SIGLA_UF":"BA"}},{"arcs":[[-11110,11124,11125,11126,-11119]],"type":"Polygon","properties":{"CD_MUN":"2906303","NM_MUN":"Canavieiras","SIGLA_UF":"BA"}},{"arcs":[[-6901,11127,-11117,-11114,-11124,11128,11129,11130,-6914]],"type":"Polygon","properties":{"CD_MUN":"2916807","NM_MUN":"Itarantim","SIGLA_UF":"BA"}},{"arcs":[[-6900,-11118,-11128]],"type":"Polygon","properties":{"CD_MUN":"2920007","NM_MUN":"Maiquinique","SIGLA_UF":"BA"}},{"arcs":[[-11120,-11127,11131,11132,11133]],"type":"Polygon","properties":{"CD_MUN":"2920908","NM_MUN":"Mascote","SIGLA_UF":"BA"}},{"arcs":[[-11121,-11134,11134,-11129,-11123]],"type":"Polygon","properties":{"CD_MUN":"2925402","NM_MUN":"Potiraguá","SIGLA_UF":"BA"}},{"arcs":[[-11130,-11135,-11133,11135,11136,11137]],"type":"Polygon","properties":{"CD_MUN":"2916302","NM_MUN":"Itapebi","SIGLA_UF":"BA"}},{"arcs":[[-11126,11138,11139,-11136,-11132]],"type":"Polygon","properties":{"CD_MUN":"2903409","NM_MUN":"Belmonte","SIGLA_UF":"BA"}},{"arcs":[[-6915,-11131,-11138,11140,11141]],"type":"Polygon","properties":{"CD_MUN":"2915304","NM_MUN":"Itagimirim","SIGLA_UF":"BA"}},{"arcs":[[-11137,-11140,11142,11143,11144,-11141]],"type":"Polygon","properties":{"CD_MUN":"2927705","NM_MUN":"Santa Cruz Cabrália","SIGLA_UF":"BA"}},{"arcs":[[-6916,-11142,-11145,11145,11146,-7009,-6988,-6952]],"type":"Polygon","properties":{"CD_MUN":"2911808","NM_MUN":"Guaratinga","SIGLA_UF":"BA"}},{"arcs":[[-11144,11147,11148,11149,-11146]],"type":"Polygon","properties":{"CD_MUN":"2925303","NM_MUN":"Porto Seguro","SIGLA_UF":"BA"}},{"arcs":[[-7010,-11147,-11150,11150]],"type":"Polygon","properties":{"CD_MUN":"2915601","NM_MUN":"Itamaraju","SIGLA_UF":"BA"}},{"arcs":[[-7012,11151,11152,-7087,-7037]],"type":"Polygon","properties":{"CD_MUN":"2916005","NM_MUN":"Itanhém","SIGLA_UF":"BA"}},{"arcs":[[-7011,-11151,-11149,11153,11154,11155,-11152]],"type":"Polygon","properties":{"CD_MUN":"2925501","NM_MUN":"Prado","SIGLA_UF":"BA"}},{"arcs":[[-7088,-11153,-11156,11156,11157,11158,-7135,-7108]],"type":"Polygon","properties":{"CD_MUN":"2921104","NM_MUN":"Medeiros Neto","SIGLA_UF":"BA"}},{"arcs":[[-11155,11159,11160,-11157]],"type":"Polygon","properties":{"CD_MUN":"2900801","NM_MUN":"Alcobaça","SIGLA_UF":"BA"}},{"arcs":[[-7136,-11159,11161,11162,-7153]],"type":"Polygon","properties":{"CD_MUN":"2918902","NM_MUN":"Lajedão","SIGLA_UF":"BA"}},{"arcs":[[-11158,-11161,11163,11164,11165,-11162]],"type":"Polygon","properties":{"CD_MUN":"2906907","NM_MUN":"Caravelas","SIGLA_UF":"BA"}},{"arcs":[[-11163,-11166,11166,11167,-7154]],"type":"Polygon","properties":{"CD_MUN":"2912806","NM_MUN":"Ibirapuã","SIGLA_UF":"BA"}},{"arcs":[[-9751,-7155,-11168,11168,11169]],"type":"Polygon","properties":{"CD_MUN":"2922003","NM_MUN":"Mucuri","SIGLA_UF":"BA"}},{"arcs":[[-11165,11170,-11169,-11167]],"type":"Polygon","properties":{"CD_MUN":"2923001","NM_MUN":"Nova Viçosa","SIGLA_UF":"BA"}},{"arcs":[[-1941,-10416,-10426,-10385,-10369,-10355]],"type":"Polygon","properties":{"CD_MUN":"2926509","NM_MUN":"Ribeira do Amparo","SIGLA_UF":"BA"}},{"arcs":[[-11057,-11104,-11112,-11097,-11095,-11086,-11081,-11066]],"type":"Polygon","properties":{"CD_MUN":"2914802","NM_MUN":"Itabuna","SIGLA_UF":"BA"}},{"arcs":[[-10526,-10631,-10679,-10708,-10740,-10765,-10813,-10814,-10783,-10713,-10699,-10635]],"type":"Polygon","properties":{"CD_MUN":"2907301","NM_MUN":"Castro Alves","SIGLA_UF":"BA"}},{"arcs":[[11171,11172,11173,11174]],"type":"Polygon","properties":{"CD_MUN":"1600501","NM_MUN":"Oiapoque","SIGLA_UF":"AP"}},{"arcs":[[-11172,11175,11176,11177]],"type":"Polygon","properties":{"CD_MUN":"1600204","NM_MUN":"Calçoene","SIGLA_UF":"AP"}},{"arcs":[[-6200,11178,-11174,11179,-6223,-6237]],"type":"Polygon","properties":{"CD_MUN":"1600402","NM_MUN":"Mazagão","SIGLA_UF":"AP"}},{"arcs":[[-6218,-6224,-11180,-11173,-11178,11180,11181]],"type":"Polygon","properties":{"CD_MUN":"1600303","NM_MUN":"Macapá","SIGLA_UF":"AP"}},{"arcs":[[-11177,11182,-11181]],"type":"Polygon","properties":{"CD_MUN":"1600105","NM_MUN":"Amapá","SIGLA_UF":"AP"}},{"arcs":[[-3308,11183,11184,11185,11186,11187]],"type":"Polygon","properties":{"CD_MUN":"1300409","NM_MUN":"Barcelos","SIGLA_UF":"AM"}},{"arcs":[[-3304,-6210,-6360,-6412,11188,11189]],"type":"Polygon","properties":{"CD_MUN":"1303007","NM_MUN":"Nhamundá","SIGLA_UF":"AM"}},{"arcs":[[-3305,-11190,11190,11191,11192]],"type":"Polygon","properties":{"CD_MUN":"1304302","NM_MUN":"Urucará","SIGLA_UF":"AM"}},{"arcs":[[-3306,-11193,11193,11194,11195,11196,11197]],"type":"Polygon","properties":{"CD_MUN":"1302009","NM_MUN":"Itapiranga","SIGLA_UF":"AM"}},{"arcs":[[-11187,11198,11199,11200,11201]],"type":"Polygon","properties":{"CD_MUN":"1303601","NM_MUN":"Santa Isabel do Rio Negro","SIGLA_UF":"AM"}},{"arcs":[[-11201,11202,11203]],"type":"Polygon","properties":{"CD_MUN":"1303809","NM_MUN":"São Gabriel da Cachoeira","SIGLA_UF":"AM"}},{"arcs":[[-11200,11204,11205,11206,11207,-11203]],"type":"Polygon","properties":{"CD_MUN":"1302108","NM_MUN":"Japurá","SIGLA_UF":"AM"}},{"arcs":[[-3307,-11198,11208,11209,11210,-11184]],"type":"Polygon","properties":{"CD_MUN":"1303205","NM_MUN":"Novo Airão","SIGLA_UF":"AM"}},{"arcs":[[-11186,11211,11212,11213,-11205,-11199]],"type":"Polygon","properties":{"CD_MUN":"1302801","NM_MUN":"Maraã","SIGLA_UF":"AM"}},{"arcs":[[-11197,11214,11215,11216,-11209]],"type":"Polygon","properties":{"CD_MUN":"1302603","NM_MUN":"Manaus","SIGLA_UF":"AM"}},{"arcs":[[-11206,-11214,11217,11218,11219,11220]],"type":"Polygon","properties":{"CD_MUN":"1301605","NM_MUN":"Fonte Boa","SIGLA_UF":"AM"}},{"arcs":[[-6411,-6429,11221,11222,-11191,-11189]],"type":"Polygon","properties":{"CD_MUN":"1303403","NM_MUN":"Parintins","SIGLA_UF":"AM"}},{"arcs":[[-11185,-11211,11223,11224,11225]],"type":"Polygon","properties":{"CD_MUN":"1301308","NM_MUN":"Codajás","SIGLA_UF":"AM"}},{"arcs":[[-11196,11226,11227,11228,11229,11230,11231,-11215]],"type":"Polygon","properties":{"CD_MUN":"1301902","NM_MUN":"Itacoatiara","SIGLA_UF":"AM"}},{"arcs":[[-11213,11232,11233,11234,11235,-11218]],"type":"Polygon","properties":{"CD_MUN":"1304203","NM_MUN":"Tefé","SIGLA_UF":"AM"}},{"arcs":[[-11192,-11223,11236,11237,-11228,11238,-11194]],"type":"Polygon","properties":{"CD_MUN":"1304401","NM_MUN":"Urucurituba","SIGLA_UF":"AM"}},{"arcs":[[-11207,-11221,11239,11240,11241]],"type":"Polygon","properties":{"CD_MUN":"1303700","NM_MUN":"Santo Antônio do Içá","SIGLA_UF":"AM"}},{"arcs":[[-6428,11242,-11237,-11222]],"type":"Polygon","properties":{"CD_MUN":"1300508","NM_MUN":"Barreirinha","SIGLA_UF":"AM"}},{"arcs":[[-11195,-11239,-11227]],"type":"Polygon","properties":{"CD_MUN":"1304005","NM_MUN":"Silves","SIGLA_UF":"AM"}},{"arcs":[[-11210,-11217,11243,11244,11245,11246,11247,-11224]],"type":"Polygon","properties":{"CD_MUN":"1302504","NM_MUN":"Manacapuru","SIGLA_UF":"AM"}},{"arcs":[[-11220,11248,11249,11250,11251,11252,-11240]],"type":"Polygon","properties":{"CD_MUN":"1302306","NM_MUN":"Jutaí","SIGLA_UF":"AM"}},{"arcs":[[-11216,-11232,11253,11254,-11244]],"type":"Polygon","properties":{"CD_MUN":"1301100","NM_MUN":"Careiro","SIGLA_UF":"AM"}},{"arcs":[[-6427,-6434,11255,11256,-11229,-11238,-11243]],"type":"Polygon","properties":{"CD_MUN":"1302900","NM_MUN":"Maués","SIGLA_UF":"AM"}},{"arcs":[[-11219,-11236,11257,-11249]],"type":"Polygon","properties":{"CD_MUN":"1302207","NM_MUN":"Juruá","SIGLA_UF":"AM"}},{"arcs":[[-11241,-11253,11258,11259]],"type":"Polygon","properties":{"CD_MUN":"1303908","NM_MUN":"São Paulo de Olivença","SIGLA_UF":"AM"}},{"arcs":[[-11225,-11248,11260,11261]],"type":"Polygon","properties":{"CD_MUN":"1300102","NM_MUN":"Anori","SIGLA_UF":"AM"}},{"arcs":[[-11231,11262,11263,-11254]],"type":"Polygon","properties":{"CD_MUN":"1300300","NM_MUN":"Autazes","SIGLA_UF":"AM"}},{"arcs":[[-11230,-11257,11264,-11263]],"type":"Polygon","properties":{"CD_MUN":"1303106","NM_MUN":"Nova Olinda do Norte","SIGLA_UF":"AM"}},{"arcs":[[-11212,-11226,-11262,11265,-11233]],"type":"Polygon","properties":{"CD_MUN":"1301209","NM_MUN":"Coari","SIGLA_UF":"AM"}},{"arcs":[[-6433,-6622,11266,11267,-11245,-11255,-11264,-11265,-11256]],"type":"Polygon","properties":{"CD_MUN":"1300805","NM_MUN":"Borba","SIGLA_UF":"AM"}},{"arcs":[[-11235,11268,11269,11270,11271,11272,-11250,-11258]],"type":"Polygon","properties":{"CD_MUN":"1301001","NM_MUN":"Carauari","SIGLA_UF":"AM"}},{"arcs":[[-11252,11273,11274,11275,11276,-11259]],"type":"Polygon","properties":{"CD_MUN":"1300607","NM_MUN":"Benjamin Constant","SIGLA_UF":"AM"}},{"arcs":[[-11234,-11266,-11261,-11247,11277,11278,11279,11280,-11269]],"type":"Polygon","properties":{"CD_MUN":"1304104","NM_MUN":"Tapauá","SIGLA_UF":"AM"}},{"arcs":[[-3328,11281,-11278,-11246,-11268,11282]],"type":"Polygon","properties":{"CD_MUN":"1302702","NM_MUN":"Manicoré","SIGLA_UF":"AM"}},{"arcs":[[-11251,-11273,11283,11284,11285,-11274]],"type":"Polygon","properties":{"CD_MUN":"1301407","NM_MUN":"Eirunepé","SIGLA_UF":"AM"}},{"arcs":[[-3327,-3335,11286,-11279,-11282]],"type":"Polygon","properties":{"CD_MUN":"1301704","NM_MUN":"Humaitá","SIGLA_UF":"AM"}},{"arcs":[[-11276,11287,11288]],"type":"Polygon","properties":{"CD_MUN":"1300201","NM_MUN":"Atalaia do Norte","SIGLA_UF":"AM"}},{"arcs":[[-11275,-11286,11289,11290,11291,-11288]],"type":"Polygon","properties":{"CD_MUN":"1301803","NM_MUN":"Ipixuna","SIGLA_UF":"AM"}},{"arcs":[[-3334,11292,-11280,-11287]],"type":"Polygon","properties":{"CD_MUN":"1300904","NM_MUN":"Canutama","SIGLA_UF":"AM"}},{"arcs":[[-3333,11293,11294,11295,11296,11297,-11270,-11281,-11293]],"type":"Polygon","properties":{"CD_MUN":"1302405","NM_MUN":"Lábrea","SIGLA_UF":"AM"}},{"arcs":[[-11272,11298,11299,11300,-11284]],"type":"Polygon","properties":{"CD_MUN":"1301506","NM_MUN":"Envira","SIGLA_UF":"AM"}},{"arcs":[[-11271,-11298,11301,11302,11303,-11299]],"type":"Polygon","properties":{"CD_MUN":"1303502","NM_MUN":"Pauini","SIGLA_UF":"AM"}},{"arcs":[[-3329,-11283,-11267,-6621]],"type":"Polygon","properties":{"CD_MUN":"1303304","NM_MUN":"Novo Aripuanã","SIGLA_UF":"AM"}},{"arcs":[[-11297,11304,11305,11306,-11302]],"type":"Polygon","properties":{"CD_MUN":"1300706","NM_MUN":"Boca do Acre","SIGLA_UF":"AM"}},{"arcs":[[-5633,-5698,11307,11308,11309,-5663]],"type":"Polygon","properties":{"CD_MUN":"2705002","NM_MUN":"Mata Grande","SIGLA_UF":"AL"}},{"arcs":[[-5649,-5714,11310,11311,11312]],"type":"Polygon","properties":{"CD_MUN":"2703502","NM_MUN":"Jacuípe","SIGLA_UF":"AL"}},{"arcs":[[-5650,-11313,11313,11314,11315]],"type":"Polygon","properties":{"CD_MUN":"2703908","NM_MUN":"Jundiá","SIGLA_UF":"AL"}},{"arcs":[[-5652,11316,11317,11318,-5684]],"type":"Polygon","properties":{"CD_MUN":"2702108","NM_MUN":"Colônia Leopoldina","SIGLA_UF":"AL"}},{"arcs":[[-5685,-11319,11319,11320,-5699,-5687]],"type":"Polygon","properties":{"CD_MUN":"2703007","NM_MUN":"Ibateguara","SIGLA_UF":"AL"}},{"arcs":[[-5651,-11316,11321,11322,-11317]],"type":"Polygon","properties":{"CD_MUN":"2705606","NM_MUN":"Novo Lino","SIGLA_UF":"AL"}},{"arcs":[[-5690,-5700,-11321,11323,11324,-5730]],"type":"Polygon","properties":{"CD_MUN":"2708303","NM_MUN":"São José da Laje","SIGLA_UF":"AL"}},{"arcs":[[-5697,11325,11326,11327,11328,-11308]],"type":"Polygon","properties":{"CD_MUN":"2701605","NM_MUN":"Canapi","SIGLA_UF":"AL"}},{"arcs":[[-11312,11329,11330,11331,11332,-11314]],"type":"Polygon","properties":{"CD_MUN":"2707305","NM_MUN":"Porto Calvo","SIGLA_UF":"AL"}},{"arcs":[[-5696,11333,-11326]],"type":"Polygon","properties":{"CD_MUN":"2706109","NM_MUN":"Ouro Branco","SIGLA_UF":"AL"}},{"arcs":[[-5664,-11310,11334,11335,11336,-5666]],"type":"Polygon","properties":{"CD_MUN":"2700102","NM_MUN":"Água Branca","SIGLA_UF":"AL"}},{"arcs":[[-11315,-11333,11337,11338,11339,11340,-11322]],"type":"Polygon","properties":{"CD_MUN":"2705101","NM_MUN":"Matriz de Camaragibe","SIGLA_UF":"AL"}},{"arcs":[[-5731,-11325,11341,11342,-5740]],"type":"Polygon","properties":{"CD_MUN":"2708105","NM_MUN":"Santana do Mundaú","SIGLA_UF":"AL"}},{"arcs":[[-11318,-11323,-11341,11343,11344,11345]],"type":"Polygon","properties":{"CD_MUN":"2703809","NM_MUN":"Joaquim Gomes","SIGLA_UF":"AL"}},{"arcs":[[-11320,-11346,11346,-11342,-11324]],"type":"Polygon","properties":{"CD_MUN":"2709301","NM_MUN":"União dos Palmares","SIGLA_UF":"AL"}},{"arcs":[[-11331,11347,11348,11349]],"type":"Polygon","properties":{"CD_MUN":"2703601","NM_MUN":"Japaratinga","SIGLA_UF":"AL"}},{"arcs":[[-11332,-11350,11350,11351,-11338]],"type":"Polygon","properties":{"CD_MUN":"2707404","NM_MUN":"Porto de Pedras","SIGLA_UF":"AL"}},{"arcs":[[-11309,-11329,11352,11353,11354,-11335]],"type":"Polygon","properties":{"CD_MUN":"2703304","NM_MUN":"Inhapi","SIGLA_UF":"AL"}},{"arcs":[[-5695,11355,-11327,-11334]],"type":"Polygon","properties":{"CD_MUN":"2704609","NM_MUN":"Maravilha","SIGLA_UF":"AL"}},{"arcs":[[-11345,11356,11357,11358,11359]],"type":"Polygon","properties":{"CD_MUN":"2702801","NM_MUN":"Flexeiras","SIGLA_UF":"AL"}},{"arcs":[[-11340,11360,11361,-11357,-11344]],"type":"Polygon","properties":{"CD_MUN":"2708501","NM_MUN":"São Luís do Quitunde","SIGLA_UF":"AL"}},{"arcs":[[-11347,11362,11363]],"type":"Polygon","properties":{"CD_MUN":"2701100","NM_MUN":"Branquinha","SIGLA_UF":"AL"}},{"arcs":[[-11360,11364,11365,11366,11367,-11363]],"type":"Polygon","properties":{"CD_MUN":"2705507","NM_MUN":"Murici","SIGLA_UF":"AL"}},{"arcs":[[-1780,-10301,-10285,-5667,-11337,11368]],"type":"Polygon","properties":{"CD_MUN":"2702405","NM_MUN":"Delmiro Gouveia","SIGLA_UF":"AL"}},{"arcs":[[-5741,-11343,11369,11370,-5743]],"type":"Polygon","properties":{"CD_MUN":"2701902","NM_MUN":"Chã Preta","SIGLA_UF":"AL"}},{"arcs":[[-5694,-5720,11371,-11356]],"type":"Polygon","properties":{"CD_MUN":"2707206","NM_MUN":"Poço das Trincheiras","SIGLA_UF":"AL"}},{"arcs":[[-5719,11372,11373,11374,11375,-11353,-11328,-11372]],"type":"Polygon","properties":{"CD_MUN":"2708006","NM_MUN":"Santana do Ipanema","SIGLA_UF":"AL"}},{"arcs":[[-5737,-5744,-11371,11376,11377]],"type":"Polygon","properties":{"CD_MUN":"2707602","NM_MUN":"Quebrangulo","SIGLA_UF":"AL"}},{"arcs":[[-11370,11378,11379,11380,11381,11382]],"type":"Polygon","properties":{"CD_MUN":"2709400","NM_MUN":"Viçosa","SIGLA_UF":"AL"}},{"arcs":[[-11364,-11368,11383,11384,-11379]],"type":"Polygon","properties":{"CD_MUN":"2701704","NM_MUN":"Capela","SIGLA_UF":"AL"}},{"arcs":[[-1781,-11369,-11336,-11355,11385]],"type":"Polygon","properties":{"CD_MUN":"2705804","NM_MUN":"Olho d'Água do Casado","SIGLA_UF":"AL"}},{"arcs":[[-11339,11386,11387,11388,-11361]],"type":"Polygon","properties":{"CD_MUN":"2706505","NM_MUN":"Passo de Camaragibe","SIGLA_UF":"AL"}},{"arcs":[[-11352,11389,-11387]],"type":"Polygon","properties":{"CD_MUN":"2708709","NM_MUN":"São Miguel dos Milagres","SIGLA_UF":"AL"}},{"arcs":[[-5725,-5739,11390,11391]],"type":"Polygon","properties":{"CD_MUN":"2705309","NM_MUN":"Minador do Negrão","SIGLA_UF":"AL"}},{"arcs":[[-5738,-11378,11392,11393,11394,11395,11396,11397,-11391]],"type":"Polygon","properties":{"CD_MUN":"2706307","NM_MUN":"Palmeira dos Índios","SIGLA_UF":"AL"}},{"arcs":[[-1782,-11386,-11354,11398,11399,-1787]],"type":"Polygon","properties":{"CD_MUN":"2707107","NM_MUN":"Piranhas","SIGLA_UF":"AL"}},{"arcs":[[-5718,-5727,11400,11401,11402,-11373]],"type":"Polygon","properties":{"CD_MUN":"2702504","NM_MUN":"Dois Riachos","SIGLA_UF":"AL"}},{"arcs":[[-11377,-11383,11403,-11393]],"type":"Polygon","properties":{"CD_MUN":"2706604","NM_MUN":"Paulo Jacinto","SIGLA_UF":"AL"}},{"arcs":[[-11359,11404,-11365]],"type":"Polygon","properties":{"CD_MUN":"2705200","NM_MUN":"Messias","SIGLA_UF":"AL"}},{"arcs":[[-11380,-11385,11405]],"type":"Polygon","properties":{"CD_MUN":"2701308","NM_MUN":"Cajueiro","SIGLA_UF":"AL"}},{"arcs":[[-5726,-11392,-11398,11406,11407,-11401]],"type":"Polygon","properties":{"CD_MUN":"2701209","NM_MUN":"Cacimbinhas","SIGLA_UF":"AL"}},{"arcs":[[-11376,11408,11409,11410,11411,-11399]],"type":"Polygon","properties":{"CD_MUN":"2708402","NM_MUN":"São José da Tapera","SIGLA_UF":"AL"}},{"arcs":[[-11362,-11389,11412,11413]],"type":"Polygon","properties":{"CD_MUN":"2700508","NM_MUN":"Barra de Santo Antônio","SIGLA_UF":"AL"}},{"arcs":[[-11402,-11408,11414,11415,11416,11417,11418,11419]],"type":"Polygon","properties":{"CD_MUN":"2704401","NM_MUN":"Major Isidoro","SIGLA_UF":"AL"}},{"arcs":[[-11375,11420,-11409]],"type":"Polygon","properties":{"CD_MUN":"2701803","NM_MUN":"Carneiros","SIGLA_UF":"AL"}},{"arcs":[[-11358,-11414,11421,11422,11423,11424,11425,11426]],"type":"Polygon","properties":{"CD_MUN":"2704302","NM_MUN":"Maceió","SIGLA_UF":"AL"}},{"arcs":[[-11374,-11403,-11420,11427]],"type":"Polygon","properties":{"CD_MUN":"2706000","NM_MUN":"Olivença","SIGLA_UF":"AL"}},{"arcs":[[-11367,11428,11429,11430,11431,11432,-11406,-11384]],"type":"Polygon","properties":{"CD_MUN":"2700409","NM_MUN":"Atalaia","SIGLA_UF":"AL"}},{"arcs":[[-11366,-11405,-11427,11433,11434,-11429]],"type":"Polygon","properties":{"CD_MUN":"2707701","NM_MUN":"Rio Largo","SIGLA_UF":"AL"}},{"arcs":[[-11410,-11421,-11428,-11419,11435,11436,11437]],"type":"Polygon","properties":{"CD_MUN":"2705705","NM_MUN":"Olho d'Água das Flores","SIGLA_UF":"AL"}},{"arcs":[[-11382,11438,11439,11440,-11394,-11404]],"type":"Polygon","properties":{"CD_MUN":"2704906","NM_MUN":"Mar Vermelho","SIGLA_UF":"AL"}},{"arcs":[[-11381,-11433,11441,-11439]],"type":"Polygon","properties":{"CD_MUN":"2707008","NM_MUN":"Pindoba","SIGLA_UF":"AL"}},{"arcs":[[-1788,-11400,-11412,11442,11443,11444,-1792]],"type":"Polygon","properties":{"CD_MUN":"2706406","NM_MUN":"Pão de Açúcar","SIGLA_UF":"AL"}},{"arcs":[[-11395,-11441,11445,11446,11447,11448]],"type":"Polygon","properties":{"CD_MUN":"2709004","NM_MUN":"Tanque d'Arca","SIGLA_UF":"AL"}},{"arcs":[[-11397,11449,11450,11451,-11415,-11407]],"type":"Polygon","properties":{"CD_MUN":"2703106","NM_MUN":"Igaci","SIGLA_UF":"AL"}},{"arcs":[[-11396,-11449,11452]],"type":"Polygon","properties":{"CD_MUN":"2700805","NM_MUN":"Belém","SIGLA_UF":"AL"}},{"arcs":[[-11411,-11438,11453,-11443]],"type":"Polygon","properties":{"CD_MUN":"2705408","NM_MUN":"Monteirópolis","SIGLA_UF":"AL"}},{"arcs":[[-11432,11454,11455,-11446,-11440,-11442]],"type":"Polygon","properties":{"CD_MUN":"2704807","NM_MUN":"Maribondo","SIGLA_UF":"AL"}},{"arcs":[[-11448,11456,11457,11458,-11450,-11453]],"type":"Polygon","properties":{"CD_MUN":"2709103","NM_MUN":"Taquarana","SIGLA_UF":"AL"}},{"arcs":[[-11416,-11452,11459,11460,11461,11462,11463,11464,11465,11466]],"type":"Polygon","properties":{"CD_MUN":"2700300","NM_MUN":"Arapiraca","SIGLA_UF":"AL"}},{"arcs":[[-11437,11467,11468,11469,-11454]],"type":"Polygon","properties":{"CD_MUN":"2703403","NM_MUN":"Jacaré dos Homens","SIGLA_UF":"AL"}},{"arcs":[[-11430,-11435,11470,11471,11472]],"type":"Polygon","properties":{"CD_MUN":"2706901","NM_MUN":"Pilar","SIGLA_UF":"AL"}},{"arcs":[[-11451,-11459,11473,-11460]],"type":"Polygon","properties":{"CD_MUN":"2702009","NM_MUN":"Coité do Nóia","SIGLA_UF":"AL"}},{"arcs":[[-11426,11474,11475,-11434]],"type":"Polygon","properties":{"CD_MUN":"2708907","NM_MUN":"Satuba","SIGLA_UF":"AL"}},{"arcs":[[-11418,11476,11477,11478,-11468,-11436]],"type":"Polygon","properties":{"CD_MUN":"2700706","NM_MUN":"Batalha","SIGLA_UF":"AL"}},{"arcs":[[-11417,-11467,11479,11480,-11477]],"type":"Polygon","properties":{"CD_MUN":"2703700","NM_MUN":"Jaramataia","SIGLA_UF":"AL"}},{"arcs":[[-11444,-11470]],"type":"Polygon","properties":{"CD_MUN":"2706208","NM_MUN":"Palestina","SIGLA_UF":"AL"}},{"arcs":[[-11447,-11456,11481,11482,11483,-11457]],"type":"Polygon","properties":{"CD_MUN":"2700201","NM_MUN":"Anadia","SIGLA_UF":"AL"}},{"arcs":[[-11466,11484,11485,11486,-11480]],"type":"Polygon","properties":{"CD_MUN":"2702900","NM_MUN":"Girau do Ponciano","SIGLA_UF":"AL"}},{"arcs":[[-11431,-11473,11487,-11482,-11455]],"type":"Polygon","properties":{"CD_MUN":"2701001","NM_MUN":"Boca da Mata","SIGLA_UF":"AL"}},{"arcs":[[-11425,11488,-11475]],"type":"Polygon","properties":{"CD_MUN":"2707909","NM_MUN":"Santa Luzia do Norte","SIGLA_UF":"AL"}},{"arcs":[[-11423,11489,11490,11491,-11471,-11476,11492]],"type":"Polygon","properties":{"CD_MUN":"2704708","NM_MUN":"Marechal Deodoro","SIGLA_UF":"AL"}},{"arcs":[[-11424,-11493,-11489]],"type":"Polygon","properties":{"CD_MUN":"2702207","NM_MUN":"Coqueiro Seco","SIGLA_UF":"AL"}},{"arcs":[[-11458,-11484,11493,11494,-11461,-11474]],"type":"Polygon","properties":{"CD_MUN":"2704203","NM_MUN":"Limoeiro de Anadia","SIGLA_UF":"AL"}},{"arcs":[[-1797,11495,-11478,-11481,-11487,11496,11497,11498,-1815,-1807]],"type":"Polygon","properties":{"CD_MUN":"2709202","NM_MUN":"Traipu","SIGLA_UF":"AL"}},{"arcs":[[-1793,-11445,-11469,-11479,-11496,-1796]],"type":"Polygon","properties":{"CD_MUN":"2700904","NM_MUN":"Belo Monte","SIGLA_UF":"AL"}},{"arcs":[[-11472,-11492,11499,11500,11501,11502,11503,-11488]],"type":"Polygon","properties":{"CD_MUN":"2708600","NM_MUN":"São Miguel dos Campos","SIGLA_UF":"AL"}},{"arcs":[[-11465,11504,-11485]],"type":"Polygon","properties":{"CD_MUN":"2704104","NM_MUN":"Lagoa da Canoa","SIGLA_UF":"AL"}},{"arcs":[[-11483,-11504,11505,11506,-11494]],"type":"Polygon","properties":{"CD_MUN":"2701407","NM_MUN":"Campo Alegre","SIGLA_UF":"AL"}},{"arcs":[[-11462,-11495,-11507,11507,11508]],"type":"Polygon","properties":{"CD_MUN":"2704005","NM_MUN":"Junqueiro","SIGLA_UF":"AL"}},{"arcs":[[-11491,11509,11510,-11500]],"type":"Polygon","properties":{"CD_MUN":"2700607","NM_MUN":"Barra de São Miguel","SIGLA_UF":"AL"}},{"arcs":[[-11464,11511,11512,11513,-11505]],"type":"Polygon","properties":{"CD_MUN":"2702603","NM_MUN":"Feira Grande","SIGLA_UF":"AL"}},{"arcs":[[-11501,-11511,11514]],"type":"Polygon","properties":{"CD_MUN":"2707800","NM_MUN":"Roteiro","SIGLA_UF":"AL"}},{"arcs":[[-11463,-11509,11515,11516,11517,11518,-11512]],"type":"Polygon","properties":{"CD_MUN":"2708808","NM_MUN":"São Sebastião","SIGLA_UF":"AL"}},{"arcs":[[-11486,-11514,11519,11520,-11497]],"type":"Polygon","properties":{"CD_MUN":"2701506","NM_MUN":"Campo Grande","SIGLA_UF":"AL"}},{"arcs":[[-11503,11521,11522,11523,-11516,-11508,-11506]],"type":"Polygon","properties":{"CD_MUN":"2702306","NM_MUN":"Coruripe","SIGLA_UF":"AL"}},{"arcs":[[-1825,11524,11525,-11520,-11513,-11519,11526,-1839]],"type":"Polygon","properties":{"CD_MUN":"2707503","NM_MUN":"Porto Real do Colégio","SIGLA_UF":"AL"}},{"arcs":[[-11498,-11521,-11526,11527]],"type":"Polygon","properties":{"CD_MUN":"2705903","NM_MUN":"Olho d'Água Grande","SIGLA_UF":"AL"}},{"arcs":[[-1840,-11527,-11518,11528,-1857]],"type":"Polygon","properties":{"CD_MUN":"2703205","NM_MUN":"Igreja Nova","SIGLA_UF":"AL"}},{"arcs":[[-1816,-11499,-11528,-11525,-1824,-1819]],"type":"Polygon","properties":{"CD_MUN":"2708204","NM_MUN":"São Brás","SIGLA_UF":"AL"}},{"arcs":[[-1858,-11529,-11517,-11524,11529,11530,-1893]],"type":"Polygon","properties":{"CD_MUN":"2706703","NM_MUN":"Penedo","SIGLA_UF":"AL"}},{"arcs":[[-11523,11531,11532,-11530]],"type":"Polygon","properties":{"CD_MUN":"2702702","NM_MUN":"Feliz Deserto","SIGLA_UF":"AL"}},{"arcs":[[-1895,-11531,-11533,11533]],"type":"Polygon","properties":{"CD_MUN":"2706802","NM_MUN":"Piaçabuçu","SIGLA_UF":"AL"}},{"arcs":[[-5713,-5729,11534,-11348,-11330,-11311]],"type":"Polygon","properties":{"CD_MUN":"2704500","NM_MUN":"Maragogi","SIGLA_UF":"AL"}},{"arcs":[[-11292,11535,11536]],"type":"Polygon","properties":{"CD_MUN":"1200336","NM_MUN":"Mâncio Lima","SIGLA_UF":"AC"}},{"arcs":[[-11291,11537,11538,-11536]],"type":"Polygon","properties":{"CD_MUN":"1200203","NM_MUN":"Cruzeiro do Sul","SIGLA_UF":"AC"}},{"arcs":[[-11285,-11301,11539,11540,-11538,-11290]],"type":"Polygon","properties":{"CD_MUN":"1200609","NM_MUN":"Tarauacá","SIGLA_UF":"AC"}},{"arcs":[[-11300,-11304,11541,11542,-11540]],"type":"Polygon","properties":{"CD_MUN":"1200302","NM_MUN":"Feijó","SIGLA_UF":"AC"}},{"arcs":[[-11303,-11307,11543,11544,-11542]],"type":"Polygon","properties":{"CD_MUN":"1200344","NM_MUN":"Manoel Urbano","SIGLA_UF":"AC"}},{"arcs":[[-11306,11545,11546,11547,11548,11549,-11544]],"type":"Polygon","properties":{"CD_MUN":"1200500","NM_MUN":"Sena Madureira","SIGLA_UF":"AC"}},{"arcs":[[-11296,11550,11551,11552,11553,-11546,-11305]],"type":"Polygon","properties":{"CD_MUN":"1200401","NM_MUN":"Rio Branco","SIGLA_UF":"AC"}},{"arcs":[[-11295,11554,-11551]],"type":"Polygon","properties":{"CD_MUN":"1200450","NM_MUN":"Senador Guiomard","SIGLA_UF":"AC"}},{"arcs":[[-3332,11555,-11552,-11555,-11294]],"type":"Polygon","properties":{"CD_MUN":"1200385","NM_MUN":"Plácido de Castro","SIGLA_UF":"AC"}},{"arcs":[[-11547,-11554,11556,11557]],"type":"Polygon","properties":{"CD_MUN":"1200708","NM_MUN":"Xapuri","SIGLA_UF":"AC"}},{"arcs":[[-11548,-11558,11558,11559]],"type":"Polygon","properties":{"CD_MUN":"1200104","NM_MUN":"Brasiléia","SIGLA_UF":"AC"}},{"arcs":[[-11549,-11560,11560]],"type":"Polygon","properties":{"CD_MUN":"1200054","NM_MUN":"Assis Brasil","SIGLA_UF":"AC"}},{"arcs":[[11561]],"type":"Polygon","properties":{"CD_MUN":"2605459","NM_MUN":"Fernando de Noronha","SIGLA_UF":"PE"}},{"arcs":[[-2684,-2695,-2693,-2716,-2771,-2802,-2838,-2894,-2867,-2856,-2797,-2775]],"type":"Polygon","properties":{"CD_MUN":"4313706","NM_MUN":"Palmeira das Missões","SIGLA_UF":"RS"}},{"arcs":[[-2840,-2862,-2898,-2887,-2926,-2896,11562,11563]],"type":"Polygon","properties":{"CD_MUN":"4318903","NM_MUN":"São Luiz Gonzaga","SIGLA_UF":"RS"}},{"arcs":[[-5007,-5061,-5083,-5064,-5024,-5009]],"type":"Polygon","properties":{"CD_MUN":"2201804","NM_MUN":"Bocaina","SIGLA_UF":"PI"}},{"arcs":[[-6456,-6465,-6623]],"type":"Polygon","properties":{"CD_MUN":"5100250","NM_MUN":"Alta Floresta","SIGLA_UF":"MT"}},{"arcs":[[-6271,11564,11565,-6296,-6310,-6281]],"type":"Polygon","properties":{"CD_MUN":"1506104","NM_MUN":"Primavera","SIGLA_UF":"PA"}},{"arcs":[[-6267,11566,-11565,-6270]],"type":"Polygon","properties":{"CD_MUN":"1506203","NM_MUN":"Salinópolis","SIGLA_UF":"PA"}},{"arcs":[[-9025,-9047,-9081,-9074,-9052,-9038,-9032]],"type":"Polygon","properties":{"CD_MUN":"2105401","NM_MUN":"Itapecuru Mirim","SIGLA_UF":"MA"}},{"arcs":[[-9961,-9983,-10007,-10049,-10034,-9977]],"type":"Polygon","properties":{"CD_MUN":"2307700","NM_MUN":"Maranguape","SIGLA_UF":"CE"}},{"arcs":[[-5435,11567,11568,-5495,-5481,-5475]],"type":"Polygon","properties":{"CD_MUN":"2610707","NM_MUN":"Paulista","SIGLA_UF":"PE"}},{"arcs":[[-5353,-5752,11569,11570,-11568,-5376]],"type":"Polygon","properties":{"CD_MUN":"2606804","NM_MUN":"Igarassu","SIGLA_UF":"PE"}},{"arcs":[[-5751,11571,-11570]],"type":"Polygon","properties":{"CD_MUN":"2607604","NM_MUN":"Ilha de Itamaracá","SIGLA_UF":"PE"}},{"arcs":[[-5531,-5551,-10270,-10323,-10315,-10294,-10272]],"type":"Polygon","properties":{"CD_MUN":"2918407","NM_MUN":"Juazeiro","SIGLA_UF":"BA"}},{"arcs":[[-4597,-4625,-4722,11572,-4642]],"type":"Polygon","properties":{"CD_MUN":"4115804","NM_MUN":"Medianeira","SIGLA_UF":"PR"}},{"arcs":[[-3052,-3139,-3181,-3246,-3252,-3236,-3206,-3163,-3126]],"type":"Polygon","properties":{"CD_MUN":"4303004","NM_MUN":"Cachoeira do Sul","SIGLA_UF":"RS"}},{"arcs":[[-6516,-6577,-6562,-6544,-6549,-6553,-6554,-6527,-6519,-6524,-6530]],"type":"Polygon","properties":{"CD_MUN":"5101704","NM_MUN":"Barra do Bugres","SIGLA_UF":"MT"}},{"arcs":[[-2877,11573,-11563,-2895]],"type":"Polygon","properties":{"CD_MUN":"4319208","NM_MUN":"São Nicolau","SIGLA_UF":"RS"}},{"arcs":[[-5216,-10328,-10459,-10616,-9280,-9292,-9309,-9297,-9298,-9271,-9268,-6485,-6472,-6459,-6462,-6450,-6448,-6438,-9145,-9217,-9235,-9248,-9261,-9264,-9266]],"type":"Polygon","properties":{"CD_MUN":"NORTEGO","NM_MUN":"Norte de Goiás (atual Tocantins)","SIGLA_UF":"TO"}}]}}}