{"type":"Topology","arcs":[[[22002,54563],[15,81],[18,18],[58,-4],[24,-29],[11,-60],[51,11],[5,31],[28,16],[31,-35],[40,25],[2,26],[47,47],[-6,58],[56,95],[54,28],[35,-8],[12,51],[-8,26],[14,60],[117,132],[33,-21],[42,55],[61,16],[41,48],[-42,47],[44,53],[26,8],[48,63],[99,-4],[34,45],[19,85],[28,41],[2,46],[21,62],[71,101],[28,-1],[88,70],[15,-47],[83,47],[61,45],[43,14],[21,-10],[47,30],[55,-21],[69,94],[63,54],[99,37],[33,-11],[42,16],[1,26],[43,27],[39,-25],[31,26],[28,-7],[48,95],[21,-44],[35,53],[63,14],[-2,46],[-28,109],[6,55],[20,39],[-8,41],[0,97],[22,100],[64,12],[53,87],[32,13],[10,47],[-19,51],[-32,32],[12,28],[-36,20],[-78,84],[-20,37],[19,84],[-12,120],[-21,39],[-15,61],[18,125],[-3,39],[26,30],[-9,63],[10,37],[-38,34],[-47,3],[-23,27],[102,-11],[65,-72],[32,11],[29,-26],[63,11],[42,42],[33,-11],[76,8],[48,-50],[65,-18],[2,-38],[45,-6],[51,31],[29,-28],[-13,-38],[78,-108],[-8,-27],[44,-29],[73,6],[21,14],[26,53],[59,57],[25,8],[-4,55],[36,44],[86,-11],[56,4],[56,47],[60,-13],[51,57],[82,-1],[85,27],[49,6],[36,-11],[92,11],[384,413],[424,456],[587,629],[305,329],[-43,71],[-1,112],[-17,50],[15,26],[8,81],[29,40],[-13,44],[36,-2],[33,26],[74,29],[24,48],[31,8],[45,81],[28,-24],[36,8],[-20,63],[44,35],[-13,69],[24,-2],[0,47],[-50,71],[66,99],[18,93],[39,6],[67,-107],[17,27],[66,-21],[32,43],[-47,174],[36,59],[22,12],[29,68],[-18,74],[13,38],[62,21],[5,60],[30,56],[-11,51],[13,52],[40,8],[33,-30],[60,10],[51,-13],[48,32],[35,5],[68,32],[78,61],[15,-24],[68,-61]],[[28667,61346],[18,-30],[27,1],[55,-26],[-2,-48],[-29,-71],[49,-27],[-13,-68],[27,1],[29,-103],[-5,-90],[-31,-30],[8,-105],[-37,-46],[26,-16],[-6,-51],[-20,-28],[-33,-102],[-36,-21],[-28,-40],[11,-20],[-6,-69],[-37,-144],[11,-32],[41,-1],[38,-21],[11,-27],[-17,-55],[-18,-16],[-4,-104],[52,-80],[23,-49],[-18,-22],[55,-67],[35,-9],[31,-43],[-2,-58],[62,-89],[35,-23],[-24,-145],[-15,-34],[9,-115],[27,-24],[-29,-74],[11,-101],[-29,-62],[25,-31],[-11,-80],[-30,-34],[-2,-32],[54,-61],[-27,-38],[18,-19],[11,-62],[-6,-52],[-58,6],[-12,-24],[18,-38],[-20,-37],[8,-26],[-25,-26],[-10,-36],[1,-82],[26,-64],[-12,-21],[-18,-156],[-46,-20],[276,4],[973,16],[0,10],[1156,26],[71,3],[72,-123],[42,-24],[-6,-54],[24,-4],[29,-64],[42,1],[53,-36],[17,67],[32,13],[23,35],[36,21],[44,-16],[5,-72],[90,-12],[31,-22],[83,-20],[33,40],[39,10],[30,-22],[76,6],[38,-21],[48,17],[20,-42],[30,-12],[35,24],[13,-27],[36,11],[89,6],[-6,-46],[-34,-23],[18,-60],[55,-45],[-38,-40],[-7,-30],[12,-63],[27,-35],[21,-109],[22,-24],[53,-17],[23,-71],[-17,-61],[13,-37],[0,-58],[-30,-68],[-40,-34],[-54,-9],[-20,-79],[-38,-26],[-34,-46],[-30,-3],[0,-38],[-22,-14],[-35,-68],[-82,-56],[-46,-76],[13,-63],[-17,-79],[9,-41],[-17,-55],[11,-18],[-8,-60],[34,-96],[-10,-27],[37,-94],[-14,-62],[36,-113],[53,-73],[93,-15],[40,8],[53,-52],[-10,-38],[20,-31],[-14,-49],[36,-25],[11,-86],[-27,-71],[23,-7],[18,-62],[75,-56],[15,-42],[24,-11],[30,-47],[3,-129],[-25,-53],[23,-97],[35,-55],[258,-245],[-11,-2]],[[32891,54586],[-30,-12],[-28,-60],[-30,-28],[-50,-122],[5,-41],[-7,-69],[-120,-94],[13,-57],[-7,-34],[-113,-167],[-56,-29],[-21,46],[-49,-2],[-1,-24],[-56,-46],[-36,-61],[1,-52],[-32,-8],[-16,-35],[4,-43],[23,-28],[-41,-79],[29,-59],[-10,-26],[19,-51],[-21,-8],[7,-55],[-16,-68],[-20,-42],[10,-75],[-20,-56],[-29,-30],[-31,-93],[-2,-28],[-51,-29],[-24,15],[-38,-18],[-36,7],[-66,-105],[-3,-52],[-58,-32],[-13,-38],[-47,-62],[-34,-24],[18,-72],[-7,-60],[28,-24],[-46,-68],[-32,-21],[-9,-56],[-47,-95],[12,-39],[-18,-21],[-12,-37],[-29,-3],[1,-49],[-43,-71],[13,-36],[-10,-93],[-18,-20],[16,-97],[-31,-112],[-52,-19],[-42,-54],[-46,-30],[-32,9],[-102,-41],[-46,-39],[-8,-50],[-27,-30],[-65,-46],[-51,-21],[-54,8],[-23,-15],[-23,-48],[-53,-42],[-37,-45],[0,-37],[-60,-98],[12,-44]],[[30867,50996],[-58,16],[-78,3],[-3,50],[-36,22],[-54,1],[-43,67],[-37,-7],[-79,35],[-33,61],[-34,23],[-37,72],[12,23],[-34,19],[-38,-30],[-38,38],[-43,-31],[-42,-7],[-16,50],[6,65],[23,18],[-37,31],[-46,-26],[-12,-28],[-43,-12],[-8,25],[-55,24],[-34,-62],[-5,-42],[-45,29],[-18,-20],[-43,-1],[-42,43],[-36,-18],[11,-28],[-25,-23],[-31,28],[-31,-14],[-51,44],[-11,43],[-60,-27],[-23,10],[-8,50],[-38,-10],[4,-41],[-55,-6],[-48,-47],[-89,1],[-33,-24],[6,-25],[-118,-34],[-33,-16],[-50,22],[-36,-5],[-31,32],[-79,43],[-36,-2],[-31,46],[-31,-4],[-19,-27],[-47,-11],[-37,21],[-13,-31],[-40,34],[-56,-9],[-82,-51],[-48,15],[-11,-54],[-47,19],[-27,-14],[-61,26],[-37,-33],[-15,32],[-28,-31],[-37,26],[-8,39],[-26,41],[4,46],[-17,102],[-28,35],[-33,-19],[-33,20],[-27,46],[-69,2],[18,40],[-34,7],[13,37],[-22,22],[-51,-1],[-28,45],[-6,54],[-34,-18],[-32,44],[-24,11],[-29,41],[-34,13],[-73,82],[12,22],[0,81],[-14,40],[-4,105],[-10,26],[-35,10],[-17,-32],[-62,69],[-47,-53],[-21,8],[-4,68],[-32,34],[-32,-28],[-35,0],[0,-63],[-50,-12],[-38,17],[-32,-23],[-41,40],[-78,-25],[-47,5],[-23,25],[-33,1],[-6,44],[-41,-16],[-43,52],[-17,48],[-97,2],[-37,-15],[-49,44],[-52,-24],[-25,22],[-125,59],[-4,39],[-44,40],[8,39],[-38,54],[-35,12],[-31,-57],[-44,-5],[-8,-28],[-60,2],[-19,-54],[-42,50],[-8,-40],[-52,18],[-36,37],[-35,85],[12,45],[-46,28],[-35,-37],[-26,16],[10,47],[-57,31],[-25,61],[-32,36],[4,37],[-39,15],[-28,30],[-37,-7],[-11,-31],[-46,17],[-17,-31],[-29,38],[-54,10],[-15,27],[9,37],[-27,22],[-3,47],[-29,19],[-20,80],[-30,48],[-55,6],[-10,42],[43,73],[-72,-1],[5,126],[-66,19],[-4,-27],[-94,4],[-28,-13],[-26,39],[-25,-18],[17,-45],[-28,-32],[-21,14],[-60,-46],[-3,-50],[-42,13],[-87,5],[-72,30],[-41,33],[-50,-11],[-30,16],[-46,61],[-21,49],[-59,3],[18,45],[-23,25],[4,45],[-84,4],[-62,-17],[-59,55],[-56,95],[-58,17],[-43,29],[-44,9],[-17,30],[-77,27],[-41,-4],[-27,25],[-112,34],[-75,-10],[-45,33],[-40,-54],[-30,2],[-34,-45],[-38,7],[-52,33],[-32,-2],[-3,-49],[-25,-46],[9,-43],[-93,-74],[-53,-11],[-65,62],[-27,-26],[-33,13],[-49,-17],[-40,59],[-56,-27],[-33,44],[-42,-54],[-36,69],[-32,-19],[-3,-47],[-39,-35],[-22,36],[3,79],[-30,11],[-28,-20],[-19,21],[-67,21],[-25,-38],[-84,-91],[-33,31],[16,64],[-10,23],[-61,0],[-52,-10],[-139,28],[-34,23],[-27,41],[-40,37],[-30,54],[-87,45],[-33,60],[25,33],[16,106],[-29,146],[-22,31],[-64,-49],[-24,-4],[-39,56],[-59,8]],[[22002,54563],[-49,1],[-127,52],[-60,11],[-35,35],[-14,81],[11,58],[30,46],[-20,39],[-34,-1],[-37,-33],[12,-47],[-15,-87],[-38,-17],[-23,28],[22,89],[-6,26],[-67,41],[-46,-24],[-29,-71],[-21,-3],[-23,36],[-2,34],[22,36],[49,45],[-8,52],[-33,60],[-31,26],[-99,-12],[-74,-41],[-30,19],[-45,69],[-39,-20],[-12,-47],[-20,2],[-47,60],[-63,-14],[-16,28],[21,40],[-33,34],[26,34],[24,110],[-9,31],[-94,21],[-26,34],[-1,34],[19,96],[0,77],[-51,140],[-3,42],[-24,32],[-38,-4],[-46,-34],[-124,-8],[24,-81],[-31,-10],[-39,16],[-107,69],[-21,29],[4,36],[56,62],[29,58],[-3,29],[-28,45],[10,58],[-25,63],[6,28],[31,37],[11,58],[-40,37],[-65,1],[-109,29],[-37,140],[-21,147],[-25,88],[24,49],[60,12],[-10,50],[-88,5],[-17,24],[-34,117],[-5,90],[33,34],[45,0],[12,48],[-14,18],[-57,-2],[-33,101],[25,68],[58,49],[82,29],[19,40],[-9,54],[-42,48],[6,36],[61,71],[32,14],[8,28],[-37,50],[-48,107],[44,5],[-25,132],[-99,115],[-53,44],[-53,14],[-9,56],[40,6],[6,43],[-13,48],[10,116],[-17,75],[-21,34],[-51,28],[-57,11],[-27,61],[38,96],[-18,70],[-33,35],[-3,34],[18,37],[-46,82],[10,40],[45,7],[31,44],[18,50],[4,52],[-32,89],[38,65],[24,20],[33,58],[45,45],[41,147],[28,33],[10,47],[-7,36],[-30,61],[-10,45],[13,67],[-4,101],[-46,54],[-25,94],[16,107],[-6,65],[-23,24],[-5,62],[8,61],[35,75],[51,74],[0,68],[-81,71],[-14,71],[-40,78],[-35,86],[-82,81],[-120,43],[2,-61],[-63,-58],[-41,0],[11,-42],[-34,-3],[-4,-100],[15,-27],[-34,-40],[-48,24],[-6,-42],[-35,-16],[-30,-91],[-66,-11],[-22,44],[-40,-32],[-20,15],[-4,52],[-32,-17],[-57,89],[-40,-51],[-12,-33],[-36,11],[23,51],[-23,37],[11,26],[34,-11],[8,52],[-43,-23],[-42,-1],[-25,-18],[-26,-49],[-25,37],[-38,21],[-22,-75],[-50,-7],[-41,53],[-68,-74],[-41,7],[6,48],[-10,50],[-33,1],[-40,-40],[-35,36],[-26,-40],[-31,17],[-65,-48],[1,-53],[-25,-24],[-40,28],[-34,-43],[-18,-1],[-19,57],[-87,8],[-41,-77],[-26,23],[1,49],[-51,-19],[-67,11],[-49,-26],[-4,-23],[-43,-9],[4,-59],[-48,-13],[-52,45],[-33,-47],[-50,-10],[-25,-27],[-63,29],[-94,-45],[-5,-42],[-54,-13],[-48,9],[-21,-51],[-43,38],[-76,-26],[-19,18],[-93,-26],[-44,-24],[-23,19],[-34,-11],[-64,-54],[-74,13],[-15,-11]],[[17164,60415],[-427,188]],[[16737,60603],[65,73],[8,100],[39,-17],[75,15],[74,62],[14,51],[135,96],[31,43],[54,-20],[77,44],[33,40],[81,30],[10,84],[60,54],[63,76],[20,56],[80,90],[4,95],[-19,69],[-44,39],[12,40],[80,-47],[48,27],[27,-25],[51,21],[28,-43],[53,15],[-16,50],[70,8],[39,-47],[88,13],[72,-18],[42,38],[68,34],[53,-11],[95,-6],[38,43],[91,-1],[38,-21],[36,2],[45,-59],[47,-27],[34,-79],[30,-24],[56,4],[49,-59],[32,-13],[-2,-42],[53,9],[19,-84],[30,-20],[13,-37],[52,24],[13,30],[33,-8],[13,41],[47,-23],[34,50],[38,99],[33,20],[-1,129],[15,14],[52,0],[18,36],[120,58],[92,-28],[61,-52],[36,-1],[10,-57],[60,-5],[20,36],[27,-28],[54,34],[-29,99],[-32,48],[19,58],[-4,88],[14,90],[70,-25],[39,-43],[35,41],[60,6],[18,37],[79,50],[82,77],[54,18],[81,-53],[10,-79],[50,-90],[-15,-81],[53,-24],[-23,-57],[-1,-53],[71,-23],[28,-24],[66,39],[56,23],[-10,41],[32,23],[56,0],[38,73],[-9,39],[38,37],[37,8],[-17,39],[23,29],[2,35],[32,34],[53,0],[58,100],[6,40],[28,54],[-38,171],[-13,15],[-4,62],[51,133],[-7,82],[53,1],[15,39],[36,46],[70,50],[71,25],[37,0],[32,-20],[41,-67],[69,24],[37,51],[33,16],[37,-13],[29,-54],[67,24],[71,-22],[52,20],[19,56],[23,-8],[42,37],[37,7],[86,-4],[57,17],[56,-6],[150,85],[128,52],[32,-14],[-6,-42],[-28,-78],[36,-42],[124,26],[54,-8],[130,89],[58,6],[17,37],[-24,104],[2,84],[-25,77],[50,62],[13,40],[-37,73],[1,88],[40,70],[69,-27],[43,41],[37,10],[72,-12],[-19,57],[41,69],[-2,40],[26,29],[-1,41],[31,24],[8,83],[44,-4],[4,-21],[46,-33],[47,90],[1,43],[-52,21],[2,62],[-64,69],[-7,54],[72,72],[3,28],[-35,34],[-56,18],[2,27],[70,61],[-2,148],[28,18],[48,-8],[35,70],[54,37],[55,-14],[51,-27],[80,-68],[40,34],[28,79],[29,55],[53,57],[-63,106],[15,47],[40,40],[68,47],[51,98],[15,54],[-12,51],[36,41],[26,51],[38,47],[-12,35],[9,104],[277,11],[877,30],[578,24],[59,-48],[20,2],[55,-79],[54,0],[99,-46],[46,-61],[76,-60],[48,-135],[-29,-75],[31,-49],[32,-17],[22,-57],[-9,-19],[129,-109],[34,2],[38,-38],[32,-50],[-11,-19],[52,-114],[51,-68],[39,50],[31,19],[18,36],[30,17],[61,-72],[35,-17],[93,-4],[32,-18],[23,-35],[1,-66],[-17,-59],[15,-83],[-4,-41],[29,-46],[38,-12],[9,-77],[21,-45],[-29,-61],[9,-59],[108,-74],[23,27],[-36,61],[10,43],[46,36],[60,-11],[33,-25],[104,-18],[23,-76],[-4,-23],[-44,-1],[-10,-20],[44,-34],[39,-55],[-14,-41],[54,-59],[-13,-57],[73,-160],[63,-16],[53,28],[99,0],[24,-61],[40,-16],[33,-90],[27,-21],[94,-18],[74,20],[6,31],[54,2],[44,27],[-11,56],[15,35],[-10,37],[11,39],[28,26],[-5,63],[7,42],[29,18],[51,-38],[73,1],[57,66],[19,37],[-5,38],[65,21],[20,-50],[72,8],[54,-20],[56,-39],[-6,-63],[15,-13],[42,-94],[52,-9]],[[28588,63748],[34,-5],[59,-46],[37,7],[32,-51],[4,-62],[48,-62],[19,-55],[36,-36],[-45,-46],[-36,-77],[-16,-63],[-31,-77],[-3,-53],[-26,-39],[-30,-101],[-6,-66],[9,-36],[76,-122],[10,-48],[-16,-77],[7,-42],[-62,-5],[-38,17],[-47,-19],[-23,-33],[-65,-4],[-11,-46],[19,-25],[30,10],[-6,-121],[-25,-66],[77,-42],[35,2],[47,-43],[-2,-47],[23,-29],[-12,-55],[-18,-8],[-38,-55],[45,-69],[84,-37],[-51,-32],[51,-53],[31,14],[13,-31],[-3,-65],[32,-23],[-8,-91],[10,-39],[46,-14],[-39,-80],[-27,-6],[12,-54],[-67,-78],[-48,11],[-48,-29]],[[17164,60415],[-17,-35],[0,-84],[-47,17],[-39,-84],[-45,-2],[-24,-27],[-29,6],[-46,-58],[-25,3],[-61,-66],[-26,-13],[-38,-75],[-71,-57],[-7,-42],[-62,11],[-2,-54],[-48,-26],[-33,-97],[-23,3],[-58,-42],[-7,-70],[-71,-32],[-34,-40],[-6,-47],[-15,-59],[-45,-14],[-47,-30],[-9,-33],[-65,-32],[-33,20],[-17,-19],[-43,-6],[-32,-45],[15,-22],[-80,-62],[-41,-6],[-24,41],[-59,17],[-40,-10],[-26,-29],[-32,-5],[-111,24],[-25,-45],[29,-29],[-6,-91],[-42,11],[-96,-17],[-48,23],[-49,-55],[32,-69],[-46,-35],[-8,-45],[-66,-23],[-27,-34],[-83,-48],[-15,-20],[-52,-12],[-48,-40],[-60,-35],[-23,-34],[-7,-74],[-56,-51],[-11,-50],[-41,-42],[-37,23],[-54,-252],[-57,-38],[-24,13],[-42,54],[-20,-8],[-56,27],[-87,64],[-63,8],[-21,15],[-50,1],[-16,-23],[-85,-25],[-72,11],[-29,-36],[-61,35],[-24,-2],[-58,-59],[-46,-16],[-12,-27],[-50,-38],[-36,-45],[11,-153],[-86,-116],[-22,-15],[-62,-97],[-23,-5],[-27,-61],[0,-55],[-47,-53],[-1,-52],[-18,-45],[-71,-62],[-14,-25],[-63,-10],[-53,-58],[-34,20],[-34,-8],[-53,-33],[-6,-60],[-38,-36],[-24,36],[-43,17],[-22,-38],[-96,-18],[-38,-38],[-28,-61],[-48,-28],[-5,-39],[-388,-112],[8,46],[-26,37],[1,28],[-48,13],[-57,78],[-4,37],[32,43],[4,46],[-33,40],[-18,-12],[-94,27],[-39,-33],[-48,32],[-23,-33],[3,-30],[-81,22],[-37,-43],[-49,41],[-34,-19],[-44,59],[-77,-60],[-30,47],[-22,-10],[-48,30],[-56,7],[-37,16],[-30,-26],[-55,30],[-60,-17],[-20,23],[-104,32],[-32,-27],[-40,44],[-88,-9],[-7,-35],[-87,23],[-32,-15],[-59,30],[-81,-14],[-39,26],[-41,3],[-2,-22],[-63,-9],[-1,-33],[-57,-17],[-31,6],[-66,36],[-41,-5],[-2,-36],[-102,22],[-82,-31],[-27,-22],[-57,9],[-133,-67],[-11,28],[-36,-5],[-51,66],[-13,-8],[-50,31],[-57,5],[-46,-24],[-25,22],[-66,-19],[-64,23],[-52,-15],[-57,-4],[-12,-29],[-44,-38],[-70,-36],[-20,-25],[-67,-27],[-38,-39],[-60,16],[-43,-30],[6,-23],[-44,-29],[-9,-25],[-89,-56],[-66,-35],[-88,8],[-93,-24],[-58,-41],[-45,11],[-33,-8],[-27,21],[-44,-8],[-21,27],[-90,22],[-38,-2],[-2,33],[-38,76],[-48,29],[-34,50],[-22,2],[-80,69],[-197,-183],[-41,769],[-39,733],[-29,514],[-20,389],[-34,645],[-9,30],[23,42],[49,7],[9,52],[19,19],[41,-28],[49,63],[-8,42],[29,93],[-43,85],[-23,29],[-50,22],[-40,69],[-27,68],[27,44],[-3,40],[-35,30],[20,39],[49,-15],[10,42],[55,11],[-17,28],[43,76],[26,-4],[4,49],[-28,22],[2,39],[59,50],[-2,39],[-121,-32],[-49,2],[-38,-34],[-23,-44],[-57,-31],[-21,-63],[-37,-16],[-19,-60],[-71,-41],[-53,-51],[-26,-38],[-40,9],[-23,-63],[7,-36],[-67,-41],[-7,-45],[-33,-34],[-16,10],[-57,-49],[-26,3],[-42,-29],[-22,-62],[-95,-148],[-62,-4],[-47,-56],[-34,-88],[-11,-63],[-95,-7],[-86,-29]],[[7017,60003],[-53,27],[20,99],[-33,72],[28,29],[16,106],[69,156],[194,160],[5,132],[107,81],[98,161],[149,10],[42,73],[81,22],[88,121],[142,-4],[-28,165],[23,19],[-1,95],[118,157],[91,202],[62,87],[104,14],[33,50],[70,181],[81,99],[103,56],[287,9],[237,-1],[132,20],[380,54],[56,38],[27,64],[61,214],[44,83],[22,66],[82,61],[141,223],[72,5],[44,54],[37,10],[43,42],[6,83],[34,73],[14,97],[19,26],[45,114],[-4,73],[14,38],[81,124],[38,37],[8,77]],[[10546,64057],[555,-484],[699,-613],[656,-577],[1000,-449],[568,-257],[1073,-486],[439,-59],[2,-1],[443,-195],[756,-333]],[[7017,60003],[-53,-67],[-58,-4],[-76,-67],[-18,-34],[-18,-79],[-25,-56],[-26,-25],[-9,-51],[-37,-10],[-59,10],[-12,-38],[-27,-2],[-82,-42],[-23,1],[-50,46],[-32,-14],[-52,-65],[-1103,-77],[-724,-51],[-3,40],[40,30],[13,37],[-15,54],[-27,7],[-6,38],[37,53],[33,67],[-29,30],[-10,60],[-26,35],[21,45],[3,39],[-53,35],[-90,14],[-38,26],[-29,-9],[-21,30],[-45,20],[17,51],[-6,33],[25,55],[-5,37],[10,59],[-34,41],[15,46],[-37,3],[-49,45],[8,137],[-22,36],[-72,-19],[-42,50],[-3,31],[-62,45],[-44,-12],[-31,24],[-100,0],[-85,-23],[-20,19],[-80,-32],[-20,37],[-68,24],[-92,13],[-50,24],[-52,1],[-41,-15],[-14,26],[-35,11],[-47,-6],[-39,54],[-1122,-84],[39,52],[12,87],[65,29],[35,79],[24,26],[61,26],[-28,56],[35,45],[16,58],[66,55],[27,-28],[51,32],[55,98],[-36,4],[2,52],[50,25],[48,37],[24,50],[16,70],[-9,73],[12,15],[-26,111],[-22,38],[38,39],[-14,32],[-50,10],[-21,27],[-54,122],[-33,16],[-78,-12],[-31,20],[-56,116],[-4,47],[-38,12],[-44,53],[-3,62],[-41,51],[-25,29],[-16,95],[-32,37],[-50,31],[-75,30],[-31,0],[-59,-24],[-88,48],[-31,38],[-12,37],[-27,12],[-18,43],[-39,-12],[-18,40],[12,163],[10,61],[-5,93],[-11,15],[-77,25],[-67,-15],[-31,84],[-5,39],[-36,29],[-26,-15],[-35,23],[-79,22],[-12,34],[-41,-4],[-81,80],[12,82],[-27,49],[6,47],[-12,37],[-31,21],[-19,47],[-27,13],[-27,55],[-31,1],[17,54],[-3,58],[-16,56],[11,52],[-24,65],[-32,26],[-22,42],[-40,25],[17,53],[-11,46],[-55,45],[-31,-17],[-38,12],[-26,79],[-22,28],[-58,-4],[-12,-25],[-44,40],[-15,75],[-48,45],[38,43],[-33,48],[20,33],[35,-35],[87,7],[42,77],[-11,61],[6,82],[-29,47],[-113,88],[-108,21],[-53,-5],[-29,12],[-65,107],[-23,-10],[-38,14],[-30,39],[-6,51],[-53,25],[-82,62],[-65,76],[-35,0],[-21,78],[97,33],[28,86],[6,44],[20,34],[-21,34],[-11,67],[-73,119],[-21,67],[34,15],[19,-35],[28,26],[53,-64],[77,-5],[36,38],[13,58],[79,37],[54,-19],[55,37],[54,-28],[63,44],[38,68],[1,22],[-43,71],[-1,87],[-26,32],[-49,25],[-26,29],[-14,61],[-39,44],[-8,28],[-40,36],[-20,47]],[[363,66629],[149,-48],[1050,-340],[924,-302],[743,-244],[960,-57],[519,-31],[1303,-81],[678,-42],[1325,-85],[1063,-70],[610,-526]],[[9687,64803],[859,-746]],[[363,66629],[58,74],[58,94],[41,78],[-31,58],[-16,88],[-31,58],[25,87],[43,57],[18,70],[6,61],[38,17],[18,43],[32,33],[37,77],[11,43],[58,59],[70,49],[56,14],[19,39],[74,82],[131,41],[47,41],[55,28],[72,24],[1,46],[53,63],[140,16],[29,22],[76,8],[37,39],[41,-16],[27,36],[2,53],[35,15],[-6,32],[70,25],[31,60],[-9,17],[18,61],[31,51],[-14,45],[28,60],[-21,38],[-40,16],[-17,62],[-15,17],[-19,89],[-23,7],[-17,114],[-49,41],[-31,43],[-53,43],[2,48],[-12,64],[-74,82],[-8,104],[33,52],[6,32],[-20,107],[44,35],[15,40],[48,19],[-14,38],[25,58],[-18,61],[12,42],[28,38],[-6,43],[39,79],[82,32],[-9,65],[53,22],[63,89],[43,108],[49,29],[-4,19],[42,31],[-5,34],[27,13],[7,109],[55,24],[-16,64],[-18,13],[14,82],[34,26],[-19,33],[6,81],[-19,42],[-11,65],[12,17],[-1,69],[29,65],[12,60],[31,77],[29,41],[-7,23],[20,77],[60,103],[9,69],[-14,42],[9,59],[-38,109],[-6,49],[-24,13],[61,75],[53,-7],[36,11],[15,98],[27,-19],[39,13],[52,42],[9,29],[41,-11],[-1,72],[48,9],[17,25],[29,-25],[56,23],[31,-26],[29,38],[34,-18],[13,44],[42,34],[-17,33],[27,15],[-9,43],[14,29],[66,1],[34,74],[67,20],[9,44],[52,-38],[11,43],[42,31],[31,-2],[-12,79],[55,-34],[38,27],[14,31],[32,12],[26,42],[27,80],[16,96],[49,-7],[44,18],[31,71],[68,-15],[25,-40],[28,66],[25,-7],[64,21],[16,27],[112,94],[36,14],[15,32],[31,-12],[108,104],[-13,24],[49,55],[32,-7],[19,37],[-18,41],[67,-17],[75,31],[-16,26],[78,11],[20,50],[54,82],[-10,26],[16,55],[37,4],[50,36],[89,38],[6,-27],[57,66],[39,-9],[100,18],[60,-12],[39,-28],[41,35],[92,-9],[56,40],[-5,45],[34,5],[-16,-77],[-29,-38],[42,-34],[57,12],[51,50],[25,82],[49,-3],[-4,42],[77,-32],[24,10],[-37,47],[10,44],[46,-47],[15,65],[57,-29],[39,-5],[34,-48],[53,97],[45,22],[28,-19],[40,20],[19,-36],[86,5],[-44,42],[33,21],[30,-52],[43,-5],[30,32],[-16,54],[15,23],[64,45],[44,19],[38,-21],[-19,-35],[23,-58],[29,27],[5,50],[52,6],[39,32],[32,-24],[22,-41],[31,27],[-7,51],[59,18],[18,-61],[43,26],[2,46],[30,-11],[-7,-52],[33,-10],[30,45],[38,-9],[35,30],[-7,82],[33,-30],[15,-53],[55,9],[24,52],[53,8],[15,66],[49,19],[15,27],[-6,58],[67,35],[-3,23],[-43,45],[31,18],[51,-6],[28,60],[-35,16],[24,60],[33,14],[5,31],[42,0],[26,45],[28,23],[33,-9],[60,-59],[63,5],[36,-47],[15,29],[10,85],[41,93],[56,7],[12,-24],[-35,-104],[46,-44],[63,23],[34,34],[27,-24],[-24,-44],[42,-4],[5,36],[-15,42],[33,65],[46,31],[47,-60],[-21,-73],[37,-21],[13,19],[5,62],[26,20],[31,-38],[23,46],[36,-11],[1,81],[91,-6],[38,12],[34,-20],[32,-63],[42,-28],[17,13],[-2,70],[27,8],[20,-27],[38,-7],[20,-33],[-1,-73],[25,-75],[-66,-47],[3,-29],[54,-31],[11,-38],[53,42],[30,-25],[-50,-36],[23,-38],[75,-15],[35,8],[16,-19],[15,-85],[38,-5],[13,55],[54,20],[-4,35],[-36,21],[27,91],[55,-16],[34,-3],[4,53],[24,15],[13,-59],[23,-18],[32,12],[35,-22],[-23,-26],[-4,-41],[77,-28],[9,-41],[-24,-37],[15,-29],[73,114],[43,29],[46,-4],[39,79],[5,66],[-2,107],[36,25],[152,1393],[202,1790],[157,1460],[128,1144],[79,728],[51,491],[-15,97],[48,94],[-10,104],[14,79],[68,47],[-2,43],[-25,50],[-4,104],[-7,29],[-51,100],[-2,44],[34,100],[-2,75],[33,36],[5,31],[-14,47],[-61,74],[-9,27],[6,61],[-46,30],[46,96],[-46,13],[-21,-11],[-35,34],[-1,43],[-52,40],[-42,18],[-14,24],[-48,26],[6,92],[-39,60],[-23,1],[-63,44],[31,52],[-37,54],[-93,74],[3,22],[-33,74],[24,23],[28,63],[30,41],[22,91],[-2,61],[-35,6],[-18,41],[-25,15],[24,84],[-34,57],[-20,10],[5,70],[-55,35],[-29,38],[-44,20],[-55,10],[-32,24],[-44,7],[-53,34],[-58,73],[-32,25],[-116,42],[-55,87],[-40,-9],[-51,7],[-21,-14],[-75,41],[-36,62],[-66,51],[-85,124],[-56,38],[-92,75],[-6,73],[21,34],[14,56],[-8,48],[-17,215],[-12,229]],[[8034,85791],[59,1],[56,-17],[26,-32],[2,-102],[13,-30],[55,-10],[24,-24],[13,-58],[7,-80],[12,-26],[51,-40],[36,-13],[29,-57],[29,-29],[40,2],[41,54],[83,18],[17,31],[13,66],[18,20],[36,-7],[43,-51],[-3,-68],[13,-60],[54,-46],[66,-7],[70,16],[40,-18],[33,-47],[53,-24],[52,-37],[0,-147],[12,-82],[31,-38],[40,-19],[76,-5],[101,-53],[34,-25],[8,-75],[22,-19],[45,20],[54,-4],[32,13],[29,-14],[31,-42],[55,-34],[53,-96],[21,-15],[85,-10],[36,-51],[62,-25],[57,8],[61,24],[91,-26],[55,-35],[48,17],[48,1],[28,48],[52,17],[43,30],[73,-4],[4,26],[38,23],[72,-5],[49,31],[40,-15],[60,3],[41,-32],[97,-29],[33,-35],[69,-1],[98,-51],[35,3],[32,-22],[57,-4],[73,-20],[16,-38],[28,-23],[31,-58],[55,-41],[24,-52],[33,-28],[9,-75],[53,-41],[10,-22],[76,-20],[40,-27],[104,-26],[21,21],[86,-10],[23,13],[53,-13],[48,59],[53,-1],[57,23],[56,55],[99,54],[4,27],[89,14],[47,25],[95,11],[56,-12],[48,-841],[58,-1244],[81,-38],[90,8],[63,45],[60,24],[100,-7],[72,-24],[70,-53],[70,-9],[61,26],[54,52],[51,23],[74,-9],[135,-83],[79,-11],[144,48],[83,-136],[-2,-76],[26,-40],[130,-65],[67,-24],[88,1],[117,36],[44,-17],[64,-41],[19,4],[35,85],[58,38],[32,-2],[48,23],[55,9],[76,-23],[46,7],[45,26],[87,6],[62,14],[46,37],[48,25],[80,10],[62,-2],[104,-27],[77,13],[130,-43],[85,18],[69,-4],[80,27],[102,-2],[90,-53],[76,4],[110,64],[61,80],[74,44],[47,17],[59,38],[69,18],[62,33],[39,35],[56,74],[29,11],[54,-9],[72,30],[44,-13],[12,-25],[-3,-72],[-12,-53],[24,-44],[41,-30],[69,-12],[65,56],[43,78],[61,73],[112,56],[101,84],[56,31],[62,23],[225,35],[46,-7],[93,16],[71,-18],[44,-28],[44,-69],[39,-28],[100,1],[83,-50],[58,-21],[87,18],[83,-7],[59,-33],[35,-43],[22,-59],[2,-50],[-17,-77],[19,-78],[59,-53],[29,-12],[105,12],[42,-18],[44,-75],[6,-51],[-2,-128],[30,-65],[44,-12],[25,33],[1,40],[37,70],[64,30],[44,-3],[71,-46],[91,-31],[56,-4],[42,-18],[49,-17],[144,32],[47,-13],[38,-41],[36,-88],[10,-99],[-8,-169],[29,-58],[84,-34],[60,11],[59,27],[64,-17],[37,43],[13,54],[34,52],[76,58],[31,14],[70,3],[23,-32],[-27,-260],[53,-66],[9,-46],[-21,-129],[14,-40],[102,30],[44,53],[70,19],[58,-9],[22,14],[35,70],[84,31],[66,49],[41,-1],[31,-45],[11,-52],[-13,-83],[-29,-79],[-7,-59],[28,-52],[85,-78],[8,-50],[42,7],[36,-21],[35,-51],[21,42],[38,6],[46,-32],[89,-18],[50,27],[14,114],[17,29],[80,-9],[68,-36],[62,-17],[99,-113],[1,-30],[-83,-20],[-32,-35],[-62,9],[-16,-10],[9,-104],[-116,5],[-46,21],[-28,-67],[30,-103],[30,-71],[36,-63],[7,-78],[29,-27],[39,3],[11,-44],[-15,-89],[22,-38],[52,-36],[-5,-53],[44,-89],[-19,-36],[9,-46],[99,-22],[57,-1],[50,-53],[4,-54],[-44,-73],[-110,9],[-29,-9],[-24,-43],[-118,-22],[-56,5],[-18,-15],[25,-47],[-4,-43],[15,-37],[49,-16],[1,-33],[69,-127],[-7,-68],[23,-60],[-8,-42],[28,-47],[31,-25],[44,-9],[-3,-25],[65,-37],[42,-63],[50,-10],[25,-25],[-22,-37],[28,-43],[-2,-48],[23,-50],[66,-9],[11,37],[40,13],[38,-18],[23,-33],[-55,-16],[-6,-40],[-23,-23],[-19,-52],[50,-36],[37,-9],[10,-40],[27,0],[6,-44],[31,-39],[36,-17],[39,-64],[59,14],[45,-59],[-29,-28],[32,-43],[30,39],[39,-6],[22,-66],[57,-45],[12,-68],[-54,-28],[-51,4],[-3,-64],[-46,-85],[-1,-43],[36,-26],[-23,-56],[-22,-21],[2,-87],[69,-12],[36,-21],[13,-34],[49,27],[59,-35],[-21,-37],[6,-46],[30,12],[35,-11],[41,-45],[15,-74],[18,-11],[27,44],[32,22],[34,-22],[3,-51],[29,3],[29,79],[20,-41],[-9,-48],[31,-15],[23,-38],[-41,-25],[-4,-27],[43,-30],[10,-70],[-17,-57],[23,-49],[37,-19],[16,-38],[33,-33],[87,-13],[38,50],[120,-6],[15,-43],[-37,2],[-187,-38],[-175,-11],[-31,26],[-56,96],[7,49],[-36,99],[-55,13],[-14,-15],[-126,1],[-6,-164],[-39,36],[-42,-19],[-74,-85],[-36,-54],[6,-46],[-17,-94],[-54,-19],[-70,-47],[-37,-14],[-33,14],[-40,-50],[0,-36],[-43,-69],[-66,-17],[-9,-28],[-72,-38],[-65,21],[-83,-41],[-52,-18],[-41,5],[-66,42],[-98,17],[-37,-14],[-51,-69],[8,-42],[-9,-70],[-35,-56],[-65,-31],[-39,-53],[-40,-92],[-29,-24],[-43,5],[-42,22],[-30,-23],[-19,-46],[-6,-96],[-20,-43],[-105,-33],[-32,-42],[-50,-118],[-49,-40],[-64,-23],[-62,14],[-62,-34],[-65,-11],[-80,35],[-34,-30],[-19,-42],[-24,-135],[-1,-135],[-32,-59],[-33,-23],[-103,-33],[-37,-49],[-30,-114],[-139,-133],[-75,-57],[-51,-60],[-37,-32],[-69,-18],[-74,5],[-82,40],[-24,-11],[-8,-46],[-29,-70],[-53,-35],[-61,-6],[-34,-34],[-30,-215],[-18,-40],[-101,-104],[-55,-105],[-73,-80],[-10,-42],[24,-112],[-12,-44],[-45,-55],[-56,-113],[-58,-24],[-43,-3],[-44,-35],[-21,-88],[0,-70],[30,-19],[59,19],[35,-29],[-10,-43],[-90,-103],[-21,-43],[12,-86],[46,-99],[8,-99],[-32,-31],[-42,19],[-45,42],[-36,-14],[-23,-33],[-38,-12],[-79,16],[-60,-25],[-52,-44],[-40,-58],[-38,-86],[-21,-155]],[[18370,72127],[-28,-5],[-68,78],[-56,20],[-75,-52],[-77,-17],[-101,4],[-46,40],[20,62],[-18,15],[-56,5],[-26,-34],[-37,-22],[-34,52],[-181,11],[-77,11],[-59,-13],[-31,-30],[-65,-41],[-36,8],[-34,-24],[-48,-64],[-90,-51],[-153,-11],[-52,-32],[-35,14],[-14,45],[-34,22],[17,45],[-29,61],[-34,9],[-14,-35],[29,-33],[-19,-65],[3,-44],[-21,-84],[-106,-58],[-23,-63],[-63,-51],[-9,-47],[-24,-33],[-47,-3],[-23,35],[-94,-11],[-32,-18],[-38,17],[5,42],[-32,20],[-30,-22],[-61,8],[-41,-6],[-10,20],[-67,42],[-41,13],[-5,115],[-91,67],[-40,12],[-40,-66],[1,-63],[-29,-82],[-32,-17],[-39,14],[-37,-62],[-108,-109],[-53,-34],[-19,-66],[1,-69],[-85,6],[-16,-29],[-73,-43],[-18,-36],[11,-87],[51,-33],[4,-22],[-29,-35],[-67,-58],[-90,-183],[-47,-74],[-31,-7],[-22,61],[-3,47],[-54,19],[-95,-47],[-32,-29],[8,-48],[24,-43],[45,-44],[-16,-61],[-81,-24],[-54,-33],[-48,11],[-8,63],[-121,-11],[-64,-54],[-37,-4],[-36,-84],[-18,-128],[-37,3],[-62,48],[-38,50],[-71,38],[-34,-26],[-57,-5],[-11,-44],[9,-93],[28,-69],[34,-7],[21,-39],[-12,-76],[19,-61],[-17,-119],[32,-61],[50,-30],[61,-157],[-11,-22],[-53,5],[-38,-27],[-19,-79],[-46,-47],[-5,-75],[-74,-62],[-44,-83],[-53,-194],[17,-38],[-31,-62],[-16,-67],[90,33],[37,1],[76,-98],[56,-6],[33,-22],[45,33],[30,-50],[36,3],[49,24],[26,31],[34,-9],[46,36],[55,14],[53,-13],[125,111],[19,1],[32,-41],[46,44],[87,31],[24,35],[23,75],[71,52],[16,23],[59,28],[55,-8],[46,29],[-5,43],[26,95],[48,64],[58,-11],[54,12],[30,-18],[59,15],[5,20],[63,-3],[52,-57],[22,-46],[40,-34],[49,5],[83,30],[7,-32],[67,15],[60,-39],[43,12],[85,-35],[28,8],[60,-45],[62,-69],[6,-35],[36,-6],[38,-62],[84,-5],[43,-27],[49,-5],[12,-29],[65,19],[37,-16],[83,-63],[63,-5],[18,-33],[28,17],[89,-4],[27,-31],[50,26],[53,4],[55,-49],[24,-47],[41,3],[10,-60],[27,26],[36,-42],[34,39],[54,8],[14,-24],[-19,-44],[-31,16],[-31,-7],[-38,-60],[-35,-141],[-47,-10],[-6,-24],[-110,-31],[-47,17],[-50,-29],[-78,27],[-44,-15],[4,-25],[-71,-76],[-7,36],[-126,-66],[-18,-36],[-28,25],[-24,-21],[-45,-8],[-23,-20],[-30,26],[-51,-3],[-49,-57],[-42,-12],[-7,34],[-55,-6],[-37,30],[-10,-28],[-66,2],[-17,22],[-40,-51],[-39,50],[-106,35],[-2,24],[-54,8],[-48,39],[-45,-43],[-3,-28],[-64,-26],[-32,5],[-26,-40],[-26,27],[-48,16],[-31,-62],[-39,31],[-33,-92],[-126,-45],[-58,-13],[-10,51],[-21,14],[-32,-36],[-30,28],[-16,-26],[-45,-6],[-44,34],[-30,-62],[-26,58],[-28,-3],[8,-50],[-26,-27],[19,-28],[-35,-23],[-26,-67],[-21,-12],[-9,-66],[23,-98],[-49,-71],[-18,-54],[-86,-451],[-19,-94],[5,-105],[10,-55],[-11,-63],[-27,-30],[-15,-59],[-94,-67],[-22,-59],[-49,-83],[-31,-25],[-32,25],[-36,2],[-9,39],[-24,29],[-3,41],[-33,47],[-16,-10],[-53,24],[12,58],[-41,63],[-4,41],[-36,13],[-67,0],[-9,-17],[-50,25],[-38,-2],[-32,20],[-52,-21],[-17,8],[-52,-26],[-36,9],[-14,-38],[-45,26],[61,55],[-17,80],[-32,22],[7,34],[-26,56],[-30,26],[-49,-26],[-27,30],[-90,11],[-33,-14],[-44,28],[-54,53],[-52,-17],[-27,-57],[-33,-17],[-53,6],[-34,-47],[-34,19],[-24,-33],[-38,-4],[-15,56],[-46,26],[-11,-17],[-70,-31],[-89,-71],[-109,43],[-57,-44],[-96,-18],[-18,27],[-27,-23],[-29,24],[-36,-1],[-53,21],[-14,40],[-56,-55],[8,-40],[-13,-38],[37,-74],[-33,-75],[-35,-11],[-27,25],[-34,-16],[-23,60],[-55,10],[-2,47],[-44,41],[-33,11],[11,46],[-31,49],[-122,93],[-74,0],[-34,-11],[-22,-33],[-36,-13],[-87,30],[-38,-2],[-55,20],[-77,-28],[-54,10],[-35,-15],[-55,6],[-19,33],[-31,0],[-19,37],[-31,-22],[-41,13],[-30,39],[-49,9],[-46,-49],[-36,6],[12,55],[29,47],[-30,21],[-34,-10],[-26,-56],[-29,-5],[-12,40],[-40,-36],[-17,57],[-35,-10],[-43,32],[-19,60],[0,81],[-16,12],[-60,-15],[-18,26],[-47,12],[-53,-89],[-41,-42],[-52,-31],[-16,17],[-45,-43],[-53,7],[-33,-21],[-86,3],[-65,-41],[-53,-96],[5,-33],[-28,-25],[-36,-8],[-43,-40],[-56,-18],[11,-60],[68,-40],[-2,-64],[-64,-31],[-11,-59],[30,-53],[15,-73],[-39,-72],[-1,-60],[23,-32],[-5,-61],[-50,-61],[38,-56],[15,-58],[-56,-28],[-17,-59],[40,-56],[-26,-56],[-28,-26],[-38,-128],[-26,-54],[25,-33],[-62,-103],[-4,-49],[36,-45],[42,-33],[-30,-75],[-65,-15],[-35,-73],[11,-43],[-29,-48],[-70,-43],[-19,-40],[-36,-32],[-53,12],[-55,-89],[-30,-6],[-15,-36],[-28,-23],[-6,-53],[-57,-15],[-10,-61],[33,-44],[-5,-83],[-25,-32],[8,-66],[29,-54],[-29,-134],[4,-31]],[[8034,85791],[-22,458],[-31,536],[-13,267],[20,12],[41,-24],[10,-29],[51,20],[14,62],[22,10],[57,-39],[48,-19],[35,47],[3,44],[80,-22],[37,16],[106,29],[48,-46],[50,66],[78,64],[17,-23],[41,17],[14,63],[65,63],[38,14],[62,-17],[32,-60],[62,1],[44,21],[-25,32],[44,23],[42,52],[56,-3],[6,62],[117,89],[41,6],[13,-33],[62,-24],[-7,-32],[50,-27],[31,-58],[85,-71],[51,-51],[25,72],[48,-21],[49,47],[31,-76],[-23,-29],[55,-14],[68,23],[19,-22],[53,29],[31,-5],[-14,65],[46,57],[86,-20],[32,4],[23,-27],[21,27],[-77,134],[-21,25],[-64,14],[-21,79],[51,28],[41,36],[-21,93],[-34,36],[9,73],[45,-4],[16,58],[-12,36],[-39,-6],[-33,33],[-36,3],[-21,65],[43,74],[-74,22],[-32,50],[41,41],[-38,52],[-81,66],[-36,16],[-68,-2],[-82,82],[-85,-30],[-33,2],[-60,-57],[-37,-45],[-34,3],[-29,74],[-49,5],[-34,-15],[-29,16],[-88,-27],[-120,1],[-56,48],[-63,0],[-16,-27],[-37,9],[-50,-24],[-10,-26],[-78,16],[2,98],[-52,-29],[-43,15],[-70,-36],[-45,-42],[-8,-37],[-31,-28],[-50,41],[-37,-9],[-80,1603],[42,2],[48,-29],[72,23],[74,75],[95,19],[31,-16],[64,8],[28,-27],[21,30],[37,-14],[13,32],[45,14],[43,47],[44,12],[8,21],[65,25],[55,-38],[44,-6],[47,-22],[89,10],[14,-27],[47,10],[50,-27],[505,41],[422,21],[721,42],[1283,73],[-8,46],[-47,7],[21,44],[-45,33],[-36,3],[-40,-36],[-39,-4],[-22,56],[22,90],[-78,-11],[3,85],[23,48],[18,123],[78,93],[24,0],[36,47],[39,18],[19,-17],[41,20],[46,-46],[21,-54],[28,-18],[41,-87],[53,-6],[52,8],[46,-34],[52,-61],[76,-66],[77,-1],[25,12],[17,45],[36,37],[-18,80],[71,17],[53,47],[54,67],[7,31],[32,26],[85,168],[24,22],[45,5],[128,-36],[63,-5],[120,16],[29,31],[44,130],[65,56],[13,91],[66,76],[49,25],[122,81],[20,65],[17,22],[49,15],[50,-4],[61,-31],[52,-61],[9,-47],[18,-177],[1,-47],[18,-50],[15,-123],[25,-71],[48,-187],[36,-95],[22,-32],[83,-40],[36,8],[129,-2],[42,-19],[44,-55],[40,-68],[24,-79],[47,-86],[-7,-68],[7,-62],[34,-59],[14,-49],[18,-238],[3,-114],[16,-68],[5,-77],[-14,-106],[-3,-101],[-9,-94],[2,-95],[12,-81],[0,-62],[13,-71],[-8,-94],[541,189],[635,-556],[690,-592],[248,78],[59,-2],[14,-29],[77,-55],[70,23],[14,30],[62,-8],[28,25],[-6,27],[18,67],[33,-5],[42,27],[50,-29],[57,21],[51,0],[43,79],[13,43],[29,26],[-10,50],[26,25],[40,-5],[62,36],[17,53],[26,24],[72,26],[35,33],[53,7],[14,21],[48,8],[13,44],[24,4],[26,45],[64,-2],[39,19],[23,-33],[78,57],[68,-55],[-7,51],[39,15],[10,-25],[49,14],[34,-60],[35,-21],[38,1],[16,-70],[69,-80],[-6,-77],[44,-7],[-26,-35],[6,-41],[-46,-74],[-15,-50],[-20,-22],[-19,-58],[-18,7],[-40,-36],[-3,-50],[-35,-61],[37,-24],[32,-90],[27,-43],[32,-23],[21,50],[71,14],[13,16],[99,23],[32,39],[35,22],[3,61],[55,48],[-10,81],[8,23],[-41,63],[35,16],[13,58],[34,15],[6,40],[51,23],[-12,30],[30,24],[30,98],[18,-8],[44,38],[92,-17],[57,-30],[75,23],[29,-45],[34,31],[39,74],[0,49],[36,103],[-46,3],[-2,40],[18,17],[10,59],[3,107],[-12,68],[76,29],[7,29],[37,28],[37,-26],[39,21],[26,-39],[-10,-48],[104,-6],[36,37],[33,57],[49,59],[21,44],[-24,69],[42,38],[20,-39],[41,-1],[45,71],[36,18],[12,-41],[41,25],[37,59],[-22,14],[84,69],[7,-42],[44,84],[36,-62],[-10,-42],[32,-27],[42,-68],[42,-12],[56,35],[18,33],[26,104],[41,-17],[58,21],[57,76],[55,42],[49,7],[33,44],[-18,53],[21,22],[46,87],[53,25],[-3,24],[73,22],[54,67],[54,33],[36,-20],[54,70],[39,74],[110,-17],[8,-41],[-19,-48],[-37,-34],[-2,-37],[-37,-70],[-17,-89],[54,-19],[42,10],[40,-12],[30,28],[10,41],[-5,64],[54,84],[81,45],[13,40],[50,31],[59,-5],[47,44],[1,45],[60,87],[55,19],[43,-10],[32,31],[10,45],[28,27],[17,59],[27,33],[23,61],[7,65],[-28,61],[6,56],[-23,28],[35,79],[14,92],[-3,39],[-37,28],[20,78],[-7,40],[3,82],[39,10],[8,22],[53,24],[53,75],[47,31],[88,-2],[38,-15],[38,24],[46,-22],[80,-6],[20,-36],[39,12],[12,58],[93,-20],[57,59],[47,-9],[2,42],[83,80],[36,-37],[-8,-21],[58,-14],[16,42],[-6,82],[42,0],[50,64],[12,44],[25,4],[28,33],[61,14],[16,20],[61,-1],[53,-24],[12,-18],[40,6],[40,30],[20,37],[55,-38],[54,18],[54,42],[19,92],[-17,42],[54,33]],[[23631,92048],[31,-37],[119,-77],[83,-24],[193,76],[69,0],[46,-17],[22,-30],[-1,-46],[48,-116],[31,-43],[53,-43],[21,-39],[57,-41],[72,-34],[103,12],[75,36],[38,-9],[225,-19],[23,-7],[39,-54],[201,-72],[36,-24],[29,-42],[12,-55],[-10,-97],[-60,-144],[0,-48],[27,-195],[-13,-57],[-62,-63],[-24,-13],[-17,-39],[-45,-55],[-28,-81],[2,-32],[57,-46],[111,-106],[15,-76],[25,-27],[54,-32],[53,-51],[48,-14],[40,-25],[50,-86],[2,-104],[24,-25],[22,-68],[14,-90],[54,-159],[44,-99],[16,-54],[22,-116],[39,-80],[21,-12],[117,10],[-15,-98],[11,-20],[1,-61],[72,-98],[8,-47],[-24,-61],[-31,-29],[-38,-124],[-2,-46],[12,-38],[37,-34],[20,-74],[-9,-59],[-87,-77],[-74,-122],[-10,-67],[51,-206],[-9,-98],[-18,-120],[25,-59],[13,-107],[23,-7],[56,37],[43,-71],[22,-20],[8,-65],[24,-33],[-33,-69],[-12,-51],[21,-49],[-16,-117],[30,-61],[7,-93],[34,-31],[25,-54],[12,-51],[-7,-65],[17,-77],[31,-57],[56,-36],[39,-5],[80,-90],[27,-62],[20,-137],[-15,-24],[16,-78],[55,-51],[48,-83],[87,-50],[-11,-52],[9,-39],[-15,-34],[0,-70],[14,-38],[-18,-23],[33,-80],[29,-32],[21,23],[73,-40],[-12,-32],[-4,-73],[-26,-9],[16,-52],[-29,-2],[-7,-44],[-35,-53],[-49,-40],[-61,-31],[17,-33],[-26,-21],[0,-55],[-17,-28],[-34,-13],[16,-45],[-18,-12],[-15,-55],[22,-19],[-12,-43],[53,-56],[11,-87],[-8,-30],[-40,-36],[-52,-3],[-19,-30],[-31,-11],[-40,15],[-9,-33],[13,-37],[-18,-37],[-83,-14],[-5,25],[-78,41],[-63,-12],[-35,21],[-19,-59],[-29,-27],[6,-43],[28,-50],[-36,-22],[23,-57],[49,-34],[36,17],[10,-32],[67,-4],[30,-21],[59,-18],[5,-22],[43,-18],[29,-104],[19,7],[41,-74],[28,-28],[27,4],[11,-41],[35,-26],[62,-26],[33,-61],[74,9],[56,-22],[11,-45],[66,-12],[9,-21],[61,-58],[42,2],[34,-58],[-15,-42],[45,-51],[89,-5],[54,-46],[54,-59],[70,-152],[4,-38],[52,-66],[25,-58],[18,-80],[54,-59],[51,-90],[5,-60],[22,-40],[64,-14],[70,4],[53,5],[44,50],[67,-3],[68,-22],[55,-44],[142,-48],[53,-8],[73,-35],[47,-40],[62,-77],[38,-78],[76,-65],[73,-72],[18,5],[1,131],[-20,26],[-68,26],[-33,41],[-40,119],[-21,36],[-61,1],[-20,48],[-50,5],[-39,31],[44,71],[41,38],[-9,37],[-100,112],[45,52],[-4,57],[37,106],[9,44],[33,41],[-21,57],[33,72],[-30,38],[25,49],[-28,21],[14,28],[55,11],[15,26],[-5,84],[-35,39],[34,28],[-18,52],[-45,-8],[-26,19],[11,60],[-18,45],[13,67],[56,57],[-12,63],[43,55],[-26,26],[0,99],[17,44],[9,61],[58,35],[59,65],[24,97],[35,65],[46,-3],[23,18],[-12,42],[62,14],[34,37],[45,19],[31,28],[72,1],[46,48],[40,15],[34,-4],[102,38],[28,86],[-20,30],[14,44],[57,-20],[33,5],[39,-23],[16,37],[66,15],[37,-24],[48,21],[44,-17],[32,-39],[22,-57],[124,-23],[50,-18],[55,26],[30,-14],[32,27],[24,-38],[7,-41],[-13,-68],[19,-38],[68,-62],[47,19],[34,-43],[-8,-39],[15,-40],[95,-8],[27,-55],[-14,-40],[11,-32],[32,-4],[48,-31],[-11,-51],[-22,-27],[58,-71],[-13,-31],[18,-61],[3,-38],[49,14],[83,-4],[20,-21],[29,11],[50,-40],[104,78],[56,-31],[16,55],[70,-17],[5,-30],[48,-17],[40,27],[37,49],[-37,35],[27,32],[31,9],[6,54],[-18,25],[53,50],[45,-17],[20,12],[53,-15],[44,50],[80,53],[59,-19],[60,61],[22,-4],[17,78],[-20,15],[14,40],[-94,121],[-22,3],[-17,48],[-46,23],[-9,90],[-28,7],[-15,85],[5,40],[32,67],[-3,36],[88,64],[7,33],[-14,36],[26,76],[25,3],[16,83],[-17,24],[46,57],[9,92],[-9,54],[30,123],[48,53],[3,41],[106,99],[-11,44]],[[31239,86325],[55,55],[55,41],[63,-9],[72,27],[94,83],[45,-6],[94,22],[43,-12],[69,-35],[55,34],[-21,45],[60,-17],[12,63],[-30,78],[-32,31],[19,26],[34,-21],[39,10],[33,-28],[24,-70],[31,-25],[40,-79],[2,-62],[-38,-66],[-90,-78],[15,-62],[27,-17],[69,-15],[61,-45],[51,-77],[39,-45],[7,-47],[-72,-51],[-12,-44],[4,-59],[-21,-45],[14,-26],[-15,-86],[-17,-20],[19,-40],[37,8],[16,-56],[-17,-15],[-21,-66],[-22,-13],[-29,-57],[-54,35],[-77,-77],[-8,-34],[-57,-47],[10,-38],[-39,-100],[-79,-3],[-25,-30],[-56,-22],[-6,-20],[39,-52],[-10,-42],[-21,-5],[27,-67],[-20,-5],[-29,31],[-19,-65],[17,-13],[4,-46],[38,-74],[-10,-36],[57,-124],[16,0],[69,-106],[68,-51],[41,6],[46,-42],[32,-9],[-10,-34],[20,-26],[63,-18],[27,-21],[41,-97],[-6,-47],[58,-75],[43,-82],[35,-38],[30,-8],[74,-44],[-3,-27],[63,-7],[-6,-44],[46,-19],[51,42],[21,59],[91,-36],[24,-61],[38,-11],[529,19],[14,-70],[-10,-36],[-9,-72],[28,-46],[0,-110],[28,-36],[-8,-44],[-39,24],[-54,-2],[-82,-70],[-4,-88],[-59,-43],[-9,-52],[-23,-14],[-50,-75],[-37,-79],[3,-33],[78,-53],[64,51],[49,1],[32,-41],[32,14],[45,-18],[52,3],[24,-16],[59,5],[12,-63],[58,-4],[17,24],[3,54],[60,60],[20,-16],[75,0],[15,-22],[77,2],[8,-19],[-29,-40],[33,-9],[37,-31],[47,-78],[-10,-76],[15,-42],[20,-8],[14,-51],[21,-11],[0,-46],[-35,-33],[7,-60],[-64,-43],[1,-47],[-29,-26],[-36,-61],[-48,-182],[15,-20],[-6,-47],[-28,-50],[-45,-1],[-14,-18],[16,-75],[42,-28],[17,-46],[42,-67],[5,-57],[96,-50],[15,-17],[-16,-48],[91,-54],[23,-65],[-11,-23],[17,-92],[-36,-61],[-7,-128],[-26,-57],[-40,7],[-43,-42],[3,-65],[42,1],[38,-37],[-42,-22],[22,-40],[23,-2],[12,47],[21,20],[44,1],[12,-52],[57,-81],[-12,-23],[-51,-34],[-54,-114],[-68,-79],[-23,-38],[-229,-164],[-10,-84],[2,-22],[62,17],[25,33],[37,-11],[61,10],[54,-34],[12,-60],[32,-24],[-24,-57],[-51,-29],[-28,-37],[23,-58],[-2,-51],[-41,-69],[-41,-43],[1,-124],[-15,-28],[-61,-36],[-14,-44],[-55,-31],[-36,-32],[-111,-159],[8,-56],[-9,-99],[-49,39],[-47,-25],[-25,-32],[-48,-101],[-161,-119],[0,-42],[36,-14],[72,-91],[57,-47],[61,-14],[74,-43],[77,-89],[44,-19],[44,-45],[99,10],[105,-42],[52,-27],[84,-28],[-20,-28],[-90,-4],[-34,9],[-48,35],[-54,21],[-31,-2],[-173,18],[-15,-19],[-58,-74],[86,-32],[89,-44],[177,-68],[194,-100],[70,-7],[205,93],[54,13],[39,-7],[44,-26],[52,-51],[30,-45],[3,-42],[80,-121],[47,-45],[86,-61],[57,0],[96,57],[-35,-169],[-26,-20],[-50,9],[-68,-50],[-66,-80],[-45,-83],[-14,-47],[22,-51],[5,-42],[-34,-33],[4,-42],[47,-14],[59,37],[69,1],[130,-23],[32,31],[56,31],[61,-13],[49,-49],[10,-77],[50,-49],[57,21],[17,73],[58,14],[27,-37],[64,-17],[59,-59],[14,-44],[83,-68],[20,-105],[52,14],[54,-9],[-11,46],[24,39],[4,35],[70,-56],[19,16],[8,47],[25,28],[11,45],[60,7],[-5,61],[24,64],[49,38],[-29,29],[12,44],[29,5],[92,-40],[92,-13],[42,-21],[32,3],[-8,-44],[7,-63],[64,-38],[0,-46],[-36,-34],[-87,24],[-65,-6],[-39,-28],[-23,-114],[48,-125],[8,-53],[-38,-30],[-27,-42],[-26,-72],[-34,-13],[-13,-37],[-140,-23],[-29,-50],[-42,6],[-62,-37],[1,-44],[17,-43],[56,-15],[-2,-64],[54,-25],[24,-27],[43,-7],[23,-65],[61,-48],[28,-42],[4,-44],[62,-70],[-29,-63],[68,-51],[25,2],[29,-83],[20,-11],[18,-72],[37,-19],[43,5],[32,40],[51,-2],[50,-25],[17,-32],[87,-337],[7,-24],[-29,-43],[-7,-35],[26,-22],[-12,-33],[-58,-8],[-1,-26],[-72,-34],[1,-34],[23,-39],[-17,-35],[-38,23],[-24,-18],[15,-37],[-30,-11],[29,-88],[-48,10],[-23,-18],[5,-78],[25,-12],[-22,-44],[-59,15],[-18,-44],[21,-26],[-19,-65],[-17,-19],[12,-47],[-6,-93],[-71,-105],[11,-45],[-22,-88],[-57,-46],[12,-57],[-29,-26],[-62,-14],[56,-95],[-16,-21],[-38,15],[8,-56],[-36,-14],[-15,-31],[23,-43],[-66,-48],[-9,-121],[-34,-18],[-19,-39],[-44,-12],[16,-53],[-1,-37],[-44,14],[-38,-47],[-43,-17],[51,-37],[-34,-20],[-33,28],[-23,-41],[-65,-61],[-8,41],[-76,-20],[38,-50],[-40,-20],[-7,-47],[-28,3],[-21,-25],[-65,10],[-17,-15],[46,-56],[-21,-12],[-52,27],[-1,-71],[-75,-3],[-44,-20],[17,-31],[-12,-33],[-27,-10],[3,-38],[-52,-29],[-12,-28],[61,-9],[-49,-63],[-89,0],[-52,-39],[-29,7],[4,-107],[-25,-114],[-36,-65],[23,-44],[-12,-43],[-34,-60],[-13,-45],[13,-85],[39,-16],[20,-54],[1,-59],[-16,-74],[-1,-53],[-30,-43],[23,-43],[5,-49],[21,-1],[33,-71],[-18,-20],[-6,-55],[20,-68],[-36,-66],[37,-51],[-21,-62],[-3,-59],[-14,-54],[31,6],[15,-50],[-25,-69],[-6,-79],[-12,-40],[4,-55],[46,-55],[24,-105],[-15,-63],[-49,-87],[-25,-169],[-15,-39],[-58,-28],[-19,-37],[-63,-47],[-19,-79],[26,-59],[6,-41],[33,-17],[13,-38],[43,-21],[32,-74]],[[34735,70209],[-335,-24],[-182,-6],[-491,-353],[-471,-289],[-850,-500],[-24,8],[-13,52],[-33,-16],[-10,125],[-22,5],[-41,44],[24,106],[-52,14],[7,39],[33,15],[-10,60],[-62,40],[61,133],[-11,40],[67,38],[12,37],[58,16],[40,-4],[23,120],[31,49],[30,78],[49,-46],[0,-29],[70,-27],[40,58],[33,7],[48,-31],[124,-13],[68,-32],[36,12],[13,32],[680,13],[13,45],[-43,141],[-2,44],[-46,45],[-21,36],[14,61],[-39,36],[-34,4],[38,67],[69,5],[-34,37],[0,43],[40,42],[-27,28],[27,38],[-26,59],[-43,32],[-10,77],[8,76],[-19,-2],[-27,60],[-43,6],[8,54],[-14,37],[-30,-3],[12,77],[-8,29],[-60,12],[-40,23],[-11,40],[15,43],[-29,46],[-51,15],[-36,28],[11,33],[-43,68],[-26,-13],[-10,88],[-22,-20],[-26,50],[-33,7],[15,61],[-26,14],[-58,78],[-36,21],[16,60],[-32,20],[-13,69],[4,71],[34,61],[17,84],[40,33],[36,85],[30,94],[-18,60],[10,38],[-62,46],[-35,-9],[-30,62],[-53,-26],[-31,1],[-98,-42],[-51,8],[-21,45],[1,38],[-42,49],[0,102],[9,39],[53,104],[6,93],[56,97],[-11,16],[-501,809],[-145,236],[-71,-19],[-182,-86],[-65,-45],[-42,-10],[-39,6],[-126,54],[-44,0],[-69,-41],[-35,-75],[-47,-139],[-66,-117],[-964,-24],[22,-78],[-50,-90],[-21,-18],[-436,-11],[-253,286],[-653,731],[-33,-98],[-22,-37],[-228,-244],[-55,-97],[-105,-68],[-80,-64],[-128,-130],[-271,-291],[-187,-187],[-176,-131],[-183,-212],[-156,-74],[-11,-12],[-147,-238],[-47,-117],[-606,620],[-527,537],[-176,254],[-40,-13],[-26,-31],[-13,-76],[-18,-44],[-55,-32],[-36,12],[-10,63],[64,59],[26,35],[3,45],[-29,107],[-49,37],[-69,-25],[-30,9],[-84,108],[-49,15],[-69,-7],[-75,-25],[-32,36],[-59,-6],[-38,-84],[-46,11],[-13,26],[-73,34],[-3,72],[22,53],[-49,27],[-16,40],[-33,30],[-47,-51],[-97,-30],[-80,-71],[-112,-24],[-66,-58],[-31,-70],[-20,-72],[-10,-79],[-27,-86],[-67,-54],[-54,-97],[-75,-74],[-11,-27],[2,-139],[-21,-57],[-8,-63],[-36,-58],[-79,-32],[-79,-50],[-196,-25],[-65,2],[-75,39],[-41,8],[-78,-21],[-39,13],[-91,61],[-49,3],[-56,-32],[-65,-17],[-72,-53],[-63,-16],[-68,-47],[-63,-65],[-100,-47],[-40,-69],[-185,-88],[-25,-37],[-24,-117],[-43,-79],[-39,-50],[-1,-56],[-17,-45],[-36,-30],[-58,-11],[-64,0],[-74,-50],[-26,-40],[-54,-41],[-153,-24],[-82,-67],[-73,-47],[-86,-74],[-40,-8],[-47,-33],[-17,-97],[-47,-91],[-4,-93],[-35,-52],[-72,-29],[-43,39],[-37,-5],[-104,-38],[-48,-41],[-10,-41],[-49,-47],[-41,-60],[-79,-48],[-41,-46],[-41,-12],[-52,2],[-115,42],[-100,2],[-41,16],[-79,45],[-128,30],[-85,-1],[-121,-31],[-43,4],[-38,48],[-77,72],[-68,17],[-113,-105],[-60,-32],[-42,13],[-43,84],[-74,38],[-80,9],[-30,25],[-50,77],[-35,21],[-62,-22],[-65,-66],[-57,-15],[-97,46],[-84,27],[-95,72],[-76,101],[-26,118],[-38,11],[-88,-83],[-56,13],[-52,83],[-53,175],[-52,-17],[-41,-76],[-31,-32],[-82,-20],[-55,12],[-31,37],[-45,74],[-59,27]],[[34735,70209],[43,-107],[9,-64],[-4,-61],[-69,-190],[-16,-121],[25,-100],[-6,-123],[23,-78],[49,-60],[12,-42],[49,-36],[42,-45],[13,-41],[10,-104],[41,-67],[37,4],[19,-77],[26,-30],[81,-58],[52,-17],[55,-87],[4,-42],[43,-77],[36,6],[37,-81],[78,13],[60,-8],[23,-41],[57,10],[24,-8],[10,-42],[-30,-121],[-43,-42],[-27,-92],[21,-55],[-80,-34],[41,-50],[35,-26],[4,-24],[-28,-58],[-39,-50],[-33,-24],[36,-76],[29,-26],[15,-40],[92,-18],[812,32]],[[36403,67731],[25,-33]],[[36428,67698],[-22,-38],[-61,-64],[-59,-106],[-30,-62],[1,-91],[-21,-81],[16,-88],[29,-80],[6,-84],[-85,-87],[-27,-61],[-55,-60],[-14,-40],[-1,-68],[-14,-61],[-24,-35],[-91,-82],[-55,-23],[-31,-29],[-14,-43],[24,-54],[0,-89],[47,-117],[55,-64],[17,-62],[8,-84],[67,-119],[16,-46],[-12,-41],[5,-82],[-61,-50],[-11,-41],[23,-102],[-20,-60],[5,-104],[-17,-37],[29,-53],[3,-44],[-25,-30],[-43,-17],[-18,-31],[7,-41],[-10,-64],[-59,-104],[-21,-18],[-15,-57],[-17,-9],[-29,-67],[7,-89],[24,-36],[-11,-87],[48,-62],[-25,-56],[-5,-40],[-24,-34],[-51,-156],[59,-44],[82,45],[57,7],[52,-27],[-8,-37],[-37,-17],[-89,-112],[-64,-48],[-32,7],[-27,-23],[-2,-2],[-1276,-34],[-291,-6],[-811,-17],[-1188,-21],[-961,-12],[-950,-29],[-1088,-31],[-625,-19]],[[31239,86325],[-23,32],[28,76],[32,44],[13,85],[57,60],[25,9],[27,49],[40,31],[-1,47],[42,110],[-30,39],[43,49],[10,33],[30,2],[57,39],[33,34],[12,47],[14,131],[19,80],[1430,33],[402,8],[169,4],[702,14]],[[34370,87381],[10,-673],[2,-30],[-8,-18],[29,-41],[1,-64],[34,-13],[20,-34],[-4,-154],[5,-79],[-36,-72],[5,-84],[19,-81],[15,-11],[-21,-78],[-2,-40],[17,-92],[80,-64],[125,-39],[51,-60],[36,-5],[17,-42],[35,-17],[-3,-38],[-22,-48],[27,-71],[34,-48],[6,-70],[-51,-90],[12,-26],[-22,-74],[18,-41],[39,-23],[16,-89],[30,-6],[67,-59],[5,-31],[37,8],[27,-13],[39,-48],[28,-58],[24,0],[60,-73],[128,-90],[15,-34],[36,12],[9,-36],[49,-49],[32,17],[63,-75],[-27,-15],[-13,-67],[61,-95],[22,-10],[16,-43],[-31,-23],[-9,-87],[16,-35],[37,-3],[50,-31],[51,-48],[-3,-36],[41,-71],[16,6],[26,-53],[26,-6],[7,-35],[56,24],[44,-6],[39,28],[91,-96],[16,6],[56,-94],[29,-11],[34,-57],[21,-6],[17,56],[66,67],[-13,55],[72,7],[30,39],[-3,40],[51,64],[98,9],[18,-31],[-10,-39],[31,-43],[54,-11],[23,-25],[-15,-79],[28,-29],[13,-46],[-28,-14],[-28,-139],[-25,-21],[16,-28],[-26,-80],[18,-51],[48,-13],[-5,-46],[40,-9],[-7,-48],[24,-22],[23,17],[67,-13],[-11,-43],[60,-27],[32,23],[49,-8],[42,-27],[33,0],[31,-72],[23,-14],[16,-40],[45,7],[-8,-66],[52,21],[42,-1],[27,-27],[25,27],[49,-142],[-19,-36],[32,-9],[9,-28],[34,-20],[30,18],[93,-1],[50,45],[27,-19],[-20,-43],[44,-21],[83,-16],[18,-42],[35,-4],[-16,-48],[48,16],[22,-33],[46,-26],[16,-35],[69,38],[22,-28],[-15,-30],[44,-10],[10,44],[75,-60],[-32,-49],[18,-21],[45,28],[47,-58],[59,54],[45,-41],[38,63],[79,-16],[0,46],[37,-16],[-9,-45],[38,-17],[67,38],[58,-47],[44,6],[-28,-55],[60,-35],[49,-8],[14,-54],[21,-8],[43,37],[30,-63],[25,-4],[17,-44],[-22,-21],[9,-64],[39,-47],[54,-116],[94,29],[20,-42],[33,-29],[12,-46],[40,-28],[49,0],[62,-30],[49,-41],[41,-61],[42,-14],[113,3],[61,32],[45,-6],[51,-50],[13,-73],[-26,-84],[-48,-52],[-37,-75],[2,-65],[18,-21],[78,-6],[47,-18],[13,-46],[55,-27],[102,24],[53,-16],[13,13],[22,78],[29,-4],[37,5],[67,55],[32,38],[46,-11],[70,-69],[39,34],[40,10],[71,-56],[50,43],[24,39],[34,19],[39,-30],[37,1],[44,22],[44,102],[39,20],[58,13],[64,83],[74,-1],[24,37],[117,15],[89,27],[3,-26],[-45,-84],[-58,-79],[-64,-118],[-80,-97],[-38,-34],[-101,-66],[-102,-56],[-133,-44],[-59,-51],[-54,-112],[-13,-86],[-16,-36],[-93,-140],[3,-22],[63,-22],[29,-23],[55,-18],[-56,-117],[-171,-412],[-250,-612],[-107,-270],[-255,-630],[-97,-235],[-176,-431],[-60,-165],[-97,-251],[-101,-261],[-259,-629],[-226,-550],[-43,-95],[-47,-127],[-220,-535],[-532,-1303],[-619,-1569],[-389,-989],[-495,-1247],[-25,-57],[-61,-48],[-62,-4],[-16,-15],[-11,-85],[-39,-77],[-71,-48],[-106,-95],[-46,-93],[-39,-49],[-30,-78],[-5,-213],[27,-58],[19,-87],[41,-103],[27,-82],[65,-82],[30,-24],[33,-53],[56,-2],[48,-38],[53,-84],[58,-110],[46,-46],[36,-9],[31,-31],[40,-75],[31,-25],[23,-56],[44,-67],[28,-105],[5,-45],[-15,-84],[12,-109],[53,-77]],[[32303,91767],[-1005,-23],[-23,-85],[3,-20],[-105,-130],[-21,-7],[-22,-58],[-62,-45],[-55,-75],[-52,-27],[-71,-101],[-60,-32],[-42,-45],[-31,-55],[-38,21],[-78,-17],[-63,-25],[-48,-7],[-12,-48],[-88,30],[-21,-37],[-65,8],[-9,30],[52,72],[-6,22],[-67,74],[-10,50],[2,59],[-30,44],[-117,46],[-41,69],[-28,-6],[-96,14],[-77,-15],[-26,21],[-26,75],[-1,56],[28,51],[12,57],[-110,-4],[-99,-43],[-101,0],[-60,-14],[-73,8],[-22,-44],[-38,-6],[-54,-49],[-48,30],[-55,58],[-5,46],[-25,21],[-32,69],[-20,69],[26,94],[57,117],[137,129],[44,54],[-39,55],[-69,30],[-27,24],[-138,94],[-52,-24],[-85,-24],[-202,-70],[-21,2],[-58,57],[-60,-2],[-59,-30],[-68,24],[-50,-10],[-28,-30],[-145,310],[-38,54],[-232,98],[-165,-14],[-111,13],[-154,-28],[-77,-20],[-130,-90],[-79,-127],[-66,-41],[-73,-97],[-58,-17],[-51,-65],[-33,-27],[-127,-55],[-39,-26],[-68,-25],[-101,-3],[-147,34],[-39,-28],[-109,-12],[-19,-13],[-112,-9],[-50,-36],[-33,6],[-42,-40],[-60,-5],[-23,10],[-160,-196],[-31,-21],[-101,-10],[-26,12],[-34,-11],[-62,17],[-10,-26],[-54,-6],[-14,59],[-36,8],[-30,50],[-18,0],[-49,128],[19,32],[-33,32],[-12,36],[-159,28],[-48,-13],[-68,1],[-46,-9],[-35,32],[-42,-22],[-103,36],[6,28],[-38,57],[-42,-5],[-67,69],[-52,26],[-22,-26],[-64,22],[-13,46],[-26,29],[-49,-10],[-77,12],[-44,-13],[-36,17],[-17,35],[10,66],[-10,63],[-15,30],[-55,52],[-3,22],[53,107],[-26,45],[-32,25],[4,88],[73,98],[22,46],[-11,39],[43,41],[57,-2],[55,56],[76,19],[57,54],[-12,43],[22,40],[-19,20],[-47,-4],[-49,33],[-47,3],[-12,35],[-56,8],[-39,17],[-26,-33],[-20,17],[-58,-11],[-24,-31],[-69,24],[-35,-15],[-44,19],[-28,-7],[-55,15],[-61,48],[-72,-18],[-23,21],[-62,-40],[-36,-11],[-14,-31],[-42,-37],[-103,0],[-35,-8],[-32,-31],[-45,-16],[-89,49],[-46,1],[-39,-45],[6,-64],[-32,-81],[20,-93],[-38,-28],[26,-99],[-50,-70],[-67,-50],[-75,36],[-42,8],[-92,-6],[-81,76],[-47,-35],[-13,-29],[-43,-25],[-201,-100],[-432,-223],[-6,6]],[[22210,92657],[-38,-22],[-76,37],[-35,-42],[-50,77],[-45,20],[32,37],[4,89],[-11,35],[14,33],[33,15],[42,50],[4,59],[25,12],[25,43],[-13,55],[9,34],[-28,18],[-23,45],[47,17],[8,31],[-36,19],[-20,44],[20,34],[-46,27],[0,87],[-65,47],[-29,60],[-63,59],[19,28],[-3,68],[-57,54],[-64,114],[-50,10],[-51,-11],[31,61],[5,39],[-34,51],[-40,9],[-1,28],[-96,69],[-32,104],[12,48],[46,36],[45,17],[30,87],[21,7],[10,54],[-13,39],[46,62],[39,30],[12,143],[-53,39],[8,32],[-35,18],[16,34],[-21,48],[-4,91],[-33,62],[-57,59],[-13,167],[-23,58],[-34,39],[-91,80],[-27,49],[-58,52],[-22,76],[-102,55],[-13,19],[-70,38],[-108,43],[-47,34],[-37,8],[-83,-5],[-76,77],[-39,67],[-83,63],[-26,33],[-32,116],[-108,66],[-25,46],[-41,41],[-57,30],[-18,28],[-9,60],[-61,64],[-38,95],[-24,38],[-52,39],[-74,37],[-66,53],[-31,92],[-10,68],[7,50],[50,66],[46,8],[136,-61],[61,-22],[37,-26],[65,-67],[46,-115],[44,-74],[75,-50],[79,-28],[38,32],[55,9],[51,-7],[80,19],[82,43],[67,-3],[41,14],[123,-15],[70,8],[38,33],[32,1],[19,-39],[44,6],[78,-32],[67,5],[44,33],[60,-45],[34,-9],[61,-49],[32,-80],[-7,-47],[61,-86],[62,-112],[38,-25],[1,-24],[81,0],[14,-74],[44,-6],[27,-54],[71,60],[1,34],[25,29],[56,22],[28,-7],[46,18],[50,35],[37,-24],[90,-10],[76,6],[21,13],[38,-19],[8,-43],[100,-2],[35,-13],[18,38],[-20,33],[-44,21],[8,55],[23,66],[0,43],[23,16],[36,-12],[28,-31],[14,-44],[66,-47],[22,-38],[41,-39],[-1,-58],[31,-47],[22,-7],[40,21],[9,-65],[33,0],[66,-41],[39,10],[-12,48],[44,10],[73,-34],[38,17],[-9,43],[60,78],[-53,55],[-16,35],[-31,16],[54,57],[37,-4],[48,15],[78,-42],[55,-12],[53,16],[11,49],[59,-21],[25,-42],[54,17],[15,-17],[103,-11],[-49,-154],[-14,-18],[6,-77],[14,-38],[55,-59],[59,6],[28,-18],[108,2],[49,-27],[40,-36],[46,-64],[13,-47],[2,-73],[-21,-49],[98,-47],[15,-39],[24,-8],[34,-54],[43,-36],[80,8],[37,42],[33,70],[9,47],[27,-3],[45,30],[34,41],[42,29],[37,67],[67,-6],[48,-34],[15,-47],[89,-65],[23,36],[16,59],[-25,142],[10,22],[-21,83],[-72,68],[44,35],[-53,74],[-34,34],[3,91],[66,43],[34,68],[-48,32],[-10,68],[40,27],[-8,24],[39,20],[36,-11],[76,-4],[21,15],[55,-2],[26,26],[44,-16],[44,13],[52,-27],[34,-43],[40,4],[-12,46],[66,44],[-20,21],[4,36],[-39,10],[32,79],[76,47],[26,40],[50,-28],[41,32],[11,39],[-30,20],[72,44],[113,-10],[33,-26],[57,-2],[8,-36],[57,-40],[84,21],[30,-29],[76,-9],[47,-30],[85,-3],[0,-30],[111,-45],[35,22],[45,3],[-9,74],[25,-6],[85,42],[-26,35],[39,37],[41,-20],[87,17],[43,49],[110,-131],[6,-22],[38,-23],[15,133],[60,13],[28,-16],[36,9],[-9,34],[56,12],[36,-34],[42,20],[6,53],[30,101],[40,-9],[52,21],[-29,36],[60,23],[65,-25],[47,27],[55,1],[53,20],[65,-50],[55,52],[43,-41],[69,20],[100,127],[24,55],[-30,8],[-17,41],[24,16],[-11,90],[17,55],[65,14],[56,67],[33,8],[49,-32],[14,20],[73,-23],[47,10],[50,-19],[35,24],[55,76],[60,1],[21,52],[-76,60],[-31,4],[-17,28],[15,48],[134,11],[98,-28],[21,21],[41,-43],[59,-9],[72,-76],[51,65],[42,12],[32,33],[26,-12],[88,18],[72,-21],[46,3],[47,66],[47,11],[11,38],[-9,54],[54,10],[-12,44],[11,36],[-43,51],[6,45],[67,22],[22,65],[-7,19],[31,55],[51,-5],[60,-31],[36,43],[53,22],[12,41],[107,38],[20,-10],[86,62],[-14,31],[50,51],[22,2],[55,78],[32,22],[14,89],[56,12],[7,39],[39,51],[41,8],[17,73],[-23,45],[-15,63],[-67,78],[-15,48],[-32,20],[7,129],[-31,10],[-12,49],[2,56],[-93,100],[-56,-5],[-24,13],[10,47],[34,-2],[29,26],[108,7],[66,-36],[79,7],[37,-47],[76,-8],[14,22],[49,14],[45,-12],[122,-3],[9,-40],[29,-6],[39,36],[-1,26],[88,40],[35,-40],[93,5],[35,13],[17,37],[84,26],[16,42],[44,3],[25,28],[55,24],[25,-13],[23,-41],[-5,-29],[58,-28],[36,17],[43,41],[14,-60],[63,-76],[30,-133],[76,-5],[48,-78],[23,4],[41,-46],[61,-5],[52,-28],[-13,-52],[1,-89],[-25,-33],[6,-67],[-17,-36],[3,-77],[-19,-44],[-18,-110],[3,-30],[-20,-62],[-17,-11],[-24,-105],[34,-19],[-10,-49],[4,-51],[-33,-48],[33,-46],[-77,-71],[-39,-58],[15,-30],[-15,-27],[14,-40],[-45,-29],[-81,-4],[-19,-25],[-18,-64],[-41,10],[-11,-47],[18,-17],[-17,-78],[26,-15],[32,8],[37,-31],[36,7],[5,48],[32,25],[60,-23],[-11,-59],[16,-11],[110,-11],[40,14],[31,-23],[35,8],[6,52],[111,-43],[-7,-27],[58,-51],[16,48],[83,-12],[-18,-27],[23,-24],[70,15],[50,-28],[21,53],[23,-10],[1,-40],[30,4],[65,-61],[45,1],[53,-68],[51,-40],[17,14],[39,-24],[-31,-38],[18,-34],[-35,-30],[-47,-72],[-49,-53],[35,-59],[-51,-69],[5,-68],[18,-69],[53,-47],[62,-38],[68,2],[70,-23],[8,-18],[-37,-90],[-34,-64],[28,-4],[55,-73],[44,-22],[24,-52],[26,-13],[23,-38],[-35,-31],[50,-13],[24,25],[70,-26],[27,-56],[-42,-49],[-75,-28],[-9,-67],[-51,-6],[-5,-67],[39,-110],[-26,-2],[-15,-55],[-39,19],[-41,-49],[-44,7],[-40,-14],[-25,-90],[10,-47],[22,-32],[-13,-29],[-58,-40],[-28,1],[-37,-59],[-75,-35],[-17,-50],[-67,-43],[-70,2],[-82,-40],[-18,-73],[-30,-27],[70,-25],[-2,-26],[26,-50],[21,3],[49,-35],[6,-48],[-21,-37],[-27,-13],[-15,-44],[-25,-32],[-1,-42],[72,-2],[-22,-33],[25,-81],[17,-22],[-5,-40],[-66,-4],[17,-50],[-57,-96],[-17,-45],[-25,1],[-27,-53],[-7,-54],[25,-20],[-30,-31],[-49,-13],[-9,-41],[23,-117],[-41,-2],[32,-89],[-51,-9],[-19,-53],[-43,-22],[14,-66],[-3,-38],[-22,-63],[37,-34],[-26,-50],[-22,-89],[-38,-47],[-4,-53],[20,-32],[-26,-31],[17,-33],[-20,-74],[12,-96],[-14,-43],[15,-105],[-11,-27],[13,-137],[41,-55],[-11,-48],[44,-78],[-32,-24],[73,-35],[31,-44],[-20,-29],[48,-79],[-2,-42],[54,-62],[9,-74],[-15,-40],[24,-28],[-10,-38],[-31,-58],[26,-65],[71,-32],[40,-48],[50,-3],[66,-57],[1,-18],[59,-31],[24,24],[23,-13],[47,9],[42,-42],[-13,-25],[20,-75],[-24,-29],[10,-56],[-29,-60],[4,-85],[33,-39],[10,-69],[-34,-38],[-9,-66],[21,-44],[16,-65],[-19,-52]],[[23631,92048],[-21,44],[45,102],[-20,52],[16,31],[-15,27],[14,38],[-38,30],[-2,43],[48,67],[-20,17],[-23,93],[-77,10],[-27,57],[-49,-33],[-14,-64],[-47,-41],[-45,80],[-93,-33],[-80,18],[-14,43],[-30,-5],[-78,26],[-78,-45],[-124,9],[-37,28],[-35,-35],[-19,11],[-56,-21],[-76,36],[-6,35],[-35,21],[-86,29],[-35,-1],[-53,-27],[-25,-36],[-91,8],[-32,-43],[-49,4],[-14,34]],[[32303,91767],[-12,-74],[6,-38],[-39,-82],[-10,-59],[30,-52],[-14,-40],[18,-31],[49,-7],[29,13],[51,1],[44,-34],[20,28],[36,-26],[-18,-45],[-49,-40],[-21,-74],[-3,-56],[57,-3],[30,-29],[49,-4],[8,-33],[31,-32],[22,19],[98,36],[20,-27],[59,-21],[18,-63],[48,-55],[32,11],[-3,-72],[29,-47],[43,-21],[41,5],[25,-65],[26,-18],[-9,-51],[45,-37],[34,15],[10,-51],[25,-21],[27,-56],[79,32],[44,-91],[-7,-54],[53,12],[67,-115],[8,-33],[46,-46],[46,-4],[20,-24],[69,5],[47,-44],[38,-3],[36,-30],[34,15],[31,-25],[38,15],[78,-46],[33,11],[18,-27],[65,22],[19,-18],[46,10],[30,-57],[37,20],[112,13],[2,-81],[47,-13],[29,-48],[-44,-27],[25,-56]],[[34331,89844],[39,-2463]],[[59123,84349],[102,-37],[70,-8],[100,3],[60,41],[42,64],[32,94],[22,33],[62,21],[49,-8],[26,13],[33,108],[40,50],[130,142],[49,62],[39,35],[65,-31],[8,-41],[43,0],[24,-22],[34,21]],[[60153,84889],[36,-33],[7,-175],[11,-26],[-41,-4],[-33,47],[-47,-24],[-15,-36],[-28,14],[-24,-45],[9,-41],[33,2],[-2,-96],[-18,-47],[33,-8],[10,-36],[-7,-55],[12,-68],[24,-32],[161,-77],[-59,-168],[-76,-58],[-42,-104],[-71,-77],[119,-180],[-157,-12],[8,-404],[-3,-61],[9,-61],[22,-26],[70,0],[-34,-35],[-319,-196],[38,-19],[38,-46],[70,-5],[37,31],[11,72],[40,57],[54,6],[58,-67],[-6,-44],[-33,-55],[1,-79],[20,-34],[34,-24],[46,3],[36,30],[73,28],[51,-24],[41,-46],[36,-93],[-56,-83],[-2,-53],[26,-46],[-6,-102],[-33,-34],[-11,-42],[-10,-50],[35,7],[11,-27],[-23,-32],[9,-86],[-24,-70],[-26,-20],[-18,-146],[29,-10],[-35,-73],[37,-5],[4,-39],[-87,-58],[-5,-43],[-43,-14],[-84,-104],[-19,-67],[21,-56],[-10,-58],[-26,-47],[39,-15],[-10,-53],[36,-61],[-6,-34],[-65,-4],[19,-78],[-43,-27],[-21,-67],[-38,-13],[10,-43],[-38,-19],[-32,-51],[-6,-50],[46,-94],[7,-31],[-19,-38],[15,-72],[-34,-58],[3,-64],[51,8],[29,-54],[32,-9],[23,30],[81,-29],[32,53],[23,-7],[7,-41],[-16,-74],[-52,-47],[-12,-34],[-49,-57],[-117,-66],[-46,-61],[25,-109],[-8,-54],[-51,-109],[-33,-54],[-39,-174],[7,-39],[-14,-36],[-1,-72],[-29,-57],[-61,-64],[-120,-1],[-32,-19],[-22,-34],[-31,-109],[-40,-54],[-20,-67],[-21,-35],[-14,-112],[-32,-9],[-43,70],[-46,-17],[-11,-67],[-25,-45],[25,-53],[-57,-84],[-69,-1],[-70,-45],[-54,42],[-31,-45],[-49,-49],[-88,13],[-102,100],[-35,4],[-106,-78],[-99,-9],[-51,-29],[-31,-32],[-55,-100],[-37,-17],[-58,-61],[-63,-49],[-100,-39],[-48,-53],[-46,-17],[-83,-4],[-46,36],[-31,-51],[-43,-29],[0,-15]],[[57801,77908],[-176,6],[-1101,12],[30,114],[-12,29],[-44,21],[-17,78],[-32,44],[1,41],[-39,76],[-19,166],[17,66],[-52,30],[-35,101],[-122,85],[-29,102],[16,81],[0,44],[126,128],[18,29],[67,19],[102,16],[41,59],[47,25],[12,52],[-38,36],[-2,115],[12,36],[-17,30],[-2,70],[23,66],[57,51],[81,-3],[26,39],[14,93],[-410,11],[-270,2],[-16,-6],[-117,2],[-12,-36],[-3,-70],[-61,-7],[-45,-56],[-14,-52],[44,-94],[-18,-43],[-12,-66],[-11,-113],[-31,-161],[-35,-66],[-116,-48],[-79,-16]],[[55548,79046],[90,101],[27,47],[-2,190],[-8,21],[-65,24],[-77,84],[-50,88],[-14,40],[5,131],[-10,101],[-49,52],[-18,73],[22,121],[-5,74],[-33,71],[-41,28],[-44,0],[-81,-19],[-43,77],[-2,60],[-21,48],[-49,61],[-11,29],[-4,83],[17,150],[50,86],[12,113],[-19,56],[-46,42],[15,73],[-30,96],[54,33],[76,60],[10,34],[-43,53],[13,98],[-20,31],[9,74],[33,43],[-23,49],[33,51],[-10,24],[13,44],[-37,28],[-4,40],[-28,1],[-3,54],[-47,3],[-53,118],[25,16],[133,41],[80,13],[92,7],[55,-13],[86,-37],[108,-61],[86,-24],[120,12],[107,32],[47,-23],[31,-32],[23,30],[80,53],[36,34],[89,61],[34,11],[20,-35],[30,-15],[109,-3],[71,56],[53,12],[40,29],[98,35],[31,20],[102,21],[118,14],[129,-8],[81,1],[103,-17],[41,-14],[41,36],[55,43],[64,69],[98,116],[60,37],[62,59],[153,55],[97,33],[94,15],[69,23],[24,12],[76,73],[47,33],[37,55],[51,134],[92,198],[58,102],[65,128],[66,101],[41,51],[142,153],[57,70],[76,115],[56,48],[46,48],[27,45],[0,9],[14,27],[36,114],[24,46]],[[57801,77908],[-6,-52],[-109,-60],[-121,-138],[-12,-35],[1,-57],[50,12],[97,-16],[50,-54],[62,1],[33,-19],[46,15],[31,-43],[-40,-25],[19,-30],[-10,-33],[23,-24],[-41,-23],[9,-28],[60,-3],[-25,-34],[73,-40],[16,-38],[29,8],[8,-65],[42,8],[32,-31],[86,-3],[46,-14],[96,-87],[32,25],[18,-23],[40,-9],[27,-42],[30,0],[54,-44],[3,-27],[49,-20],[56,18],[83,-13],[37,-18],[11,-25],[80,19],[24,26],[74,-43],[30,0],[41,-41],[43,-112],[-12,-49],[8,-59],[-8,-44],[-23,-19],[-6,-52],[9,-66],[-18,-66],[24,-77],[10,-95],[71,-96],[78,-95],[53,-80],[-1,-30],[31,-46],[76,-22],[56,1],[40,21],[50,11],[32,20],[781,-1092]],[[60329,74736],[-438,-364],[-57,-49],[-77,-65],[-322,-271],[-42,-35],[-381,-322],[-107,-85],[-40,20],[-7,-57],[-30,-30],[-714,-601]],[[58114,72877],[13,-47],[28,-18],[130,-15],[70,-18],[48,-66],[75,-34],[91,13],[100,-36],[52,9],[64,34],[53,10],[57,15],[36,-5],[19,23],[46,-23],[12,-31],[47,-55],[13,-83],[31,-52],[-2,-25],[37,-30],[25,-40],[50,-47],[94,-34],[27,5],[73,-34],[129,-106],[13,-41],[-23,-93],[-74,-140],[-67,-36],[-70,-15],[-104,10],[-34,-44],[-18,-55],[-7,-80],[16,-107],[49,-91],[56,-66],[34,-69],[-7,-65],[-66,-39],[-83,-16],[-58,-40],[-32,-48],[-9,-62],[19,-31],[72,-28],[26,-41],[8,-42],[-12,-41],[-42,-54],[-44,-36],[-96,-36],[-59,3],[-40,-16],[-56,-61],[-10,-63],[50,-209],[-11,-45],[64,-61],[29,-62],[-17,-90],[-39,16],[-50,41],[-60,21],[-121,3],[-26,-15],[-70,-113],[-156,-119],[-45,-79],[-18,-33],[-30,-45],[-2,-39],[-27,-40],[-16,-73],[23,-89],[3,-100],[-34,-63],[-39,-35],[-107,-27],[-44,-34],[-50,-72],[-55,-33],[-77,-27],[-63,16],[-140,-19],[-116,-55],[-128,-10],[-44,-65],[-107,-86]],[[57291,69003],[-65,54],[-30,4],[-32,70],[-25,16],[-456,705],[-133,202],[-530,-490],[-215,-199],[-35,6],[17,94],[-32,37],[-28,0],[-61,54],[-56,-47],[-66,7],[-50,46],[-67,24],[-68,64],[-76,47],[-37,49],[-33,19],[-21,39],[-57,-11],[-17,22],[-93,23],[-49,-31],[-37,3],[-8,-36],[-46,-22],[-13,-21],[-52,36],[-20,-34],[-94,-21],[-55,32],[-45,-60],[-42,10],[-32,-45],[-43,-39],[-26,121],[-36,42],[-4,40],[-53,41],[-15,80],[16,37],[-22,27],[-54,-11],[-41,19],[-35,-83],[-82,15],[-63,-23],[-92,16],[-47,-60],[-34,19],[-75,7],[-30,-36],[-39,22],[-13,-30],[-36,12],[-15,-19],[-48,-3],[-61,13],[-50,-7],[-6,60],[-23,17],[12,49],[-78,-9],[-19,21],[6,77],[-26,54],[-37,12],[7,49],[-10,35],[-40,-11],[-32,45],[-5,37],[38,23],[-13,54],[-22,14],[9,51],[51,38],[3,53],[-40,37],[-77,-50],[-44,-16],[-57,-5],[-34,-32],[-37,-4],[-36,-38],[4,-65],[-23,-48],[24,-84],[-64,-69],[-144,-65],[-26,-46],[-76,-40],[-106,9],[-39,24],[-33,-11],[-32,29],[-53,13],[60,34],[5,29],[32,52],[-9,60],[8,49],[-35,9],[14,71],[-6,48],[-32,-2],[-30,33],[-14,50],[-24,37],[19,47],[70,6],[27,75],[2,54],[4,25],[-70,44],[-21,30],[-40,20],[-36,-33],[-10,42],[-50,-10],[-20,27],[-17,81],[-43,74],[-68,41],[-13,32],[-46,22],[-28,30],[-100,2],[-23,24],[20,77],[34,65],[36,16],[14,46],[64,8],[54,-36],[98,-47],[74,4],[-14,29],[37,48],[54,-10],[49,3],[38,40],[-6,58],[88,23],[39,113],[-17,28],[27,37],[-25,39],[14,53],[51,60],[6,27],[56,0],[17,42],[55,-13],[22,-46],[49,8],[33,-28],[55,26],[38,-52],[60,28],[12,40],[-31,20],[31,42],[-12,34],[52,70],[0,50],[93,-43],[26,10],[-41,92],[-11,75],[-17,26],[-108,6],[-65,43],[19,71],[-15,18],[11,52],[-21,51],[21,38],[74,31],[55,44],[41,12],[-10,36],[0,75],[37,69],[92,35],[34,-8],[52,30],[-6,70],[-20,28],[10,60],[-14,29],[21,33],[43,25],[44,-8],[-17,70],[3,43],[-23,71],[10,35],[101,15],[-5,40],[15,22],[-1,50],[-77,-2],[-32,35],[-52,-4],[-54,32],[-21,-27],[-57,-6],[-25,-32],[-43,35],[-19,-12],[-35,31],[-24,-3],[-48,21]],[[53075,73476],[-4,16],[48,66],[38,16],[-16,46],[31,45],[13,70],[57,130],[-17,56],[32,23],[-2,75],[19,74],[-26,24],[1,89],[-50,21],[-10,-25],[-65,17],[-18,124],[-30,67],[16,40],[-30,37],[56,30],[-1,31],[24,23],[-39,44],[-21,-4],[6,78],[56,23],[-25,48],[6,37],[-12,42],[20,16],[41,97],[-23,51],[14,47],[-5,70],[27,44],[-39,12],[9,66],[40,10],[15,49],[-39,45],[-8,47],[-41,17],[-27,46],[-57,41],[-45,-31],[-11,60],[-38,3],[-2,37],[25,37],[9,109],[-27,49],[19,83],[-25,68],[-51,6],[-44,-55],[-27,6],[-48,80],[-6,88],[-31,10],[-11,49],[-37,71],[-1,50],[-18,39],[-73,0],[-28,23],[-70,-21],[-40,26],[-49,108],[-48,0],[8,38],[-6,81],[-38,54],[-42,26],[-31,77],[6,49],[39,30],[11,35],[38,21],[24,78],[-7,13],[34,89],[-9,25],[25,29],[0,99],[34,30],[6,88],[21,10],[6,69],[81,-1],[3,565],[-27,-10],[-39,12],[-34,41],[1,29],[-31,20],[-31,105],[-30,18],[7,42],[-32,51],[-12,57],[14,97],[35,63],[-21,22],[24,36],[14,58],[71,118],[82,-7],[15,43],[51,23],[0,43]],[[52622,78758],[75,-54],[32,22],[43,55],[63,-10],[59,10],[32,-15],[14,-45],[83,16],[-3,-70],[23,-104],[71,-67],[-3,-42],[47,-47],[39,-17],[113,-101],[26,-61],[-6,-132],[15,-11],[24,-84],[27,-52],[6,-62],[-12,-31],[20,-73],[-9,-16],[755,85],[-21,77],[27,59],[20,18],[91,8],[32,-46],[98,55],[43,17],[16,49],[63,36],[20,75],[21,26],[29,-2],[41,28],[3,32],[61,37],[17,80],[45,24],[46,-11],[39,-92],[51,-53],[32,-19],[103,78],[34,-7],[44,-29],[22,-46],[64,-26],[83,-56],[14,18],[64,11],[151,-17],[-33,54],[-2,80],[-26,44],[13,74],[-43,48],[-39,-1],[-17,50],[7,75],[4,58],[62,50],[29,58],[49,16],[-2,43],[22,25],[-15,69],[30,127]],[[52622,78758],[-18,12],[-101,112],[65,7],[8,35],[27,25],[-13,61],[-114,51],[-56,59],[-96,46],[-33,41],[-43,34],[-44,-25],[-56,67],[-27,10],[-82,58],[-39,123],[-58,88],[0,46],[-21,53],[-21,-7],[-32,29],[-74,39],[-68,6],[-91,-54],[-71,4],[-99,-13],[-42,-30],[-53,5],[-34,-38],[-48,-4],[-34,-46],[-34,-81],[-22,34],[-40,119],[-14,26],[-37,126],[-52,79],[-31,104],[-14,76],[-37,87],[-7,51],[11,57],[15,114],[-18,58],[-40,65],[-17,58],[5,51],[41,82],[-10,58],[-52,46],[-75,40],[-11,35],[7,103],[-39,55],[2,385],[56,86],[17,78],[9,104],[50,84],[24,67],[-18,47],[-68,24],[-50,52],[-78,56],[0,106],[7,24],[-32,50],[-19,70],[-10,93],[15,52],[-5,56],[53,66],[7,43],[21,31],[-41,93],[32,33],[-8,21],[-80,-24],[-74,7],[-158,-26],[-30,6],[-80,-8],[-55,10],[-87,1],[-26,18],[-73,140],[-22,101],[51,46],[223,28],[56,11],[117,52],[105,27],[62,9],[83,74],[110,136],[30,57],[15,54],[5,89],[31,29],[31,55],[110,63],[61,47],[18,38],[12,112]],[[51182,83868],[54,67],[131,130],[29,61],[6,68],[-21,227],[12,82],[-2,66],[9,112],[12,71],[118,217],[92,154],[57,69],[108,110],[26,36],[68,51],[69,83],[60,102],[22,94],[146,174],[20,127],[16,48],[59,91],[49,29],[31,62],[71,105],[60,110],[44,64],[20,4],[86,32],[126,15],[89,28],[29,18],[70,91],[53,83],[49,36],[28,66],[25,31],[68,53],[60,34],[171,44],[152,44],[98,46],[59,41],[121,96],[56,60],[51,58],[57,44],[47,53],[65,108],[33,84],[38,68],[12,55],[27,60],[9,45],[36,46],[32,71],[22,126],[37,102],[38,74],[64,59],[122,92],[72,35],[83,22],[160,31]],[[54893,88533],[29,-104],[81,-55],[107,-40],[24,5],[46,44],[75,-10],[47,-37],[36,-51],[21,-88],[-22,-85],[-46,-69],[-53,-111],[-102,-84],[-50,-26],[-76,-55],[-12,-56],[6,-71],[16,-19],[85,-26],[79,34],[112,-22],[21,8],[117,-6],[30,56],[82,13],[57,-22],[33,-46],[-32,-38],[75,-7],[101,52],[44,30],[34,-17],[14,-44],[71,22],[63,53],[64,38],[111,20],[39,17],[77,4],[26,-8],[65,36],[21,30],[42,-24],[38,-50],[45,-6],[60,-43],[33,-97],[-16,-39],[-61,-41],[-32,-33],[-118,-40],[-119,-78],[-27,-63],[-65,-43],[-50,-54],[-18,-70],[23,-61],[56,-78],[78,-57],[35,-2],[83,37],[120,-23],[125,-3],[65,-22],[59,-5],[69,-25],[64,-63],[-4,-49],[29,-28],[9,-45],[-12,-42],[-37,-14],[-32,-65],[-66,-22],[-39,-55],[-18,-98],[37,-108],[66,-59],[36,-1],[120,83],[81,0],[90,-9],[13,-15],[66,37],[64,49],[35,-21],[39,22],[2,-45],[18,-26],[44,-28],[65,17],[51,-15],[51,14],[63,-23],[54,22],[45,-67],[78,-47],[57,-57],[51,-11],[36,17],[161,-3],[58,19],[51,-26],[28,-34],[76,-33],[75,-7],[41,17],[98,9],[36,21],[85,-12],[33,6],[73,-18],[80,5],[46,-15],[43,27],[85,-2],[50,11],[13,-28],[61,-36],[36,-66],[14,-67],[-12,-67],[-22,-60],[-62,-79],[-66,-71],[-20,-40],[-14,-93],[-39,-111],[-9,-48],[-11,-203],[14,-21],[-7,-78],[-15,-41],[-24,-188],[-44,-43],[-14,-20],[12,-133],[32,-98],[39,-66],[46,-34],[106,-51]],[[56296,87215],[46,-23],[10,-30],[-31,-42],[-91,-19],[-56,28],[5,38],[36,43],[66,17],[15,-12]],[[56710,87021],[-6,-13],[-117,16],[-7,31],[43,50],[25,-3],[62,-81]],[[56316,87238],[-32,29],[71,82],[67,16],[38,-15],[-45,-61],[-54,-21],[-45,-30]],[[56445,87204],[-12,-14],[-81,11],[-12,18],[102,35],[3,-50]],[[57453,86295],[-48,25],[2,40],[53,-14],[-7,-51]],[[58055,86229],[25,-24],[-39,-30],[-48,1],[-54,-27],[-54,23],[43,115],[34,23],[68,-7],[23,-19],[2,-55]],[[57291,69003],[-75,-68],[-82,-48],[-49,-10],[-29,-38],[-59,-45],[-20,-93],[48,-170],[4,-38],[4,-38],[-8,-194],[14,-175],[1,-100],[-51,-92],[-15,-52],[-50,-99],[-70,-91],[-55,-68],[-32,-52],[-181,-220],[-16,-122],[5,-67],[46,-121],[41,-107],[43,-69],[60,-39],[129,-118],[42,-56],[81,-59],[57,-21],[23,-54],[-35,-54],[-6,-61],[9,-116],[-2,-54],[-16,-87],[-30,-57],[14,-86],[5,-30],[-10,-105],[-38,-39],[-35,-131],[8,-34],[-15,-93],[-27,-73],[-23,-36],[-43,-98],[-32,-126],[-14,-79],[-38,-118],[-37,-40],[-90,-39],[-26,-19],[-65,-95],[-35,-90],[-20,-144]],[[56496,64575],[-25,-91],[-97,-83],[-47,-92],[-25,-67],[-19,-47],[-125,-180],[-51,-102],[-37,-46],[-27,-54],[-47,-16],[-66,-1],[-98,-23],[-115,-119],[-26,-9],[-53,-71],[-61,-119],[-36,-33],[-78,-90],[-18,-50],[-3,-45],[-26,-46],[-21,-58],[-60,-103],[-30,-25],[10,-43],[-17,-23],[-78,-65],[-48,-70],[-45,0],[-24,-16],[-14,-72],[-25,-31],[-56,-31],[-30,-61],[-12,-57],[5,-99],[-30,-73],[-57,-80],[-37,-114],[9,-65],[-16,-22],[31,-46],[10,-52],[-41,-69],[-1,-57],[-70,-79],[-13,-100],[-17,-30],[-1,-47],[-26,-52],[-48,-60],[-40,-67],[-12,-76],[-24,-58],[-8,-56],[-17,-17]],[[54563,61217],[-629,54],[-787,72],[-1045,84],[-1649,144],[-523,46],[-827,72]],[[49103,61689],[-870,74],[-303,28]],[[47930,61791],[29,126],[-8,64],[27,52],[128,57],[3,43],[19,29],[-9,31],[20,36],[38,-9],[70,14],[66,67],[31,-22],[52,8],[-22,87],[18,27],[21,81],[-44,117],[-35,137],[-19,14],[-21,89],[29,26],[-22,62],[-45,33],[-70,108],[-43,-1],[-42,26],[-48,10],[-8,71],[66,24],[-16,22],[107,89],[-50,58],[-21,45],[-10,58],[27,73],[-5,28],[-29,27],[15,22],[71,60],[31,148],[27,39],[2,40],[-17,82],[-36,75],[-46,62],[-4,61],[35,41],[36,21],[36,-24],[38,3],[24,-23],[72,-23],[18,66],[-44,46],[23,75],[-34,24],[45,52],[53,-9],[20,14],[-5,80],[25,35],[-7,48],[-20,18],[-33,69],[23,30],[-36,64],[-57,24],[-8,78],[-14,41],[27,23],[54,-6],[8,55],[-61,68],[5,107],[-54,0],[-34,23],[-25,80],[-40,23],[52,39],[33,41],[-4,45],[23,37],[77,35],[-23,45],[16,77],[17,36],[-92,107],[5,76],[20,13],[-3,43],[-64,98],[33,49],[-36,26],[8,35],[-63,-16],[-45,95],[-19,81],[-47,12],[-18,36],[28,53],[31,2],[30,25],[16,38],[-23,18],[35,46],[25,-5],[29,43],[-9,81],[-89,54],[28,29],[-21,35],[8,73],[-20,6],[-48,88],[-32,20],[-64,-5],[-29,70],[-25,-2],[25,71],[-41,64],[-36,17],[-1,49],[-34,22],[-15,44],[69,19],[21,56],[37,31],[17,53],[30,9],[1,31],[-73,83],[10,131],[-33,14],[-30,-22],[-35,40],[-36,8],[30,61],[-19,39],[-34,19],[-45,55],[-62,40],[-12,29],[-39,33],[-3,30],[-53,80],[-42,5],[-2,34],[-34,39],[34,55],[33,15],[12,41],[22,2],[42,117],[-19,26],[-44,6],[-29,45],[-32,28],[15,23],[-25,28],[-12,72],[32,55],[6,32],[51,74],[-9,74],[-66,55],[-1,36],[45,50],[9,47],[94,87],[11,48],[-9,69],[-22,29],[-40,21],[-54,11],[-63,34],[-44,3],[-56,68],[-61,15],[-29,68],[-47,46],[-50,-32],[-35,25],[17,29],[-26,80],[29,40],[-25,24],[58,127],[31,23],[49,-24],[48,-66],[29,-18],[22,40],[51,67],[1,27],[64,112],[-26,59],[28,35],[39,13],[91,-18],[46,-92],[20,40],[31,2],[1,39],[50,-19],[26,46],[-72,90],[25,48],[26,14],[-7,76],[-32,23],[-7,64],[-53,-4],[-2,42],[27,29],[-7,45],[-78,15],[-16,91],[-43,53],[-4,64],[-26,85],[-18,30],[-36,-2],[-42,-25],[-25,11],[7,62],[18,42],[-32,39],[-38,-2],[-10,45],[-29,1],[12,48],[32,61],[55,27],[52,-12],[18,41],[67,20],[35,23],[-19,99],[22,26],[56,15],[9,41],[54,19],[37,-41],[39,8],[85,46],[24,40],[-4,55],[29,1],[43,75],[35,0],[81,-37],[12,23],[57,6],[23,46],[101,31],[29,40],[1,35],[25,45],[48,19],[9,62],[-26,61],[41,18],[8,34],[51,48],[47,19],[57,-31],[44,52],[69,-67],[71,-18],[43,28],[25,71],[44,34],[49,8],[28,36],[-20,80],[6,34],[33,73],[-10,101],[4,47],[-15,23],[45,105],[15,76],[-14,35],[26,52],[40,43],[6,40],[-21,26],[20,40],[-30,55],[-6,96],[63,83],[10,33],[34,25],[82,21],[37,46],[32,-32],[46,-1],[80,38],[17,43],[43,9],[40,25],[12,46],[43,34],[37,-32],[6,-45],[33,-34],[43,-21],[67,63],[15,2],[103,-40],[29,-41],[20,-50],[-24,-73],[11,-45],[48,14],[46,-18],[24,-29],[34,-10],[27,-34],[52,10],[40,-39],[32,-3],[27,-46],[50,-2],[-10,52],[34,111],[63,36],[22,37],[3,50],[-20,22],[18,61],[21,12],[20,93],[97,-2],[1181,-6],[122,-1],[1201,-15]],[[34331,89844],[31,3],[27,-28],[41,-86],[53,12],[26,-42],[36,26],[63,26],[22,-11],[44,57],[33,-5],[28,33],[20,57],[-5,63],[17,62],[38,19],[34,-2],[10,-28],[35,-11],[77,22],[50,-37],[47,-9],[25,34],[42,19],[47,-5],[5,-51],[43,-5],[17,31],[40,-24],[1,69],[41,28],[16,35],[-9,74],[38,59],[-33,7],[-19,40],[-61,32],[15,69],[-24,37],[6,51],[77,-8],[19,14],[39,-26],[21,22],[63,22],[65,-5],[32,30],[-44,36],[0,100],[63,8],[6,56],[40,17],[-3,24],[28,38],[43,9],[-6,-65],[58,-9],[20,23],[52,-6],[70,-58],[48,45],[55,18],[69,-28],[28,-127],[49,-28],[43,7],[32,33],[67,-16],[19,46],[49,-10],[32,-31],[55,-13],[-4,35],[38,79],[-2,50],[27,14],[-8,60],[1,94],[-24,46],[22,21],[46,-5],[28,-24],[55,-6],[52,28],[23,48],[42,16],[58,-5],[39,22],[40,-6],[50,34],[14,76],[36,4],[59,-22],[77,11],[35,21],[17,-44],[114,-78],[50,42],[58,-13],[17,19],[51,6],[55,-25],[45,41],[-18,31],[36,19],[68,117],[-12,32],[121,53],[25,114],[25,59],[-17,17],[6,64],[72,18],[42,38],[48,-2],[45,138],[77,-7],[14,50],[71,-34],[59,-87],[57,-27],[0,41],[34,20],[34,44],[40,3],[10,27],[49,5],[91,48],[7,45],[40,-23],[32,20],[10,-48],[22,-13],[6,-85],[18,-32],[70,-18],[24,-53],[57,-51],[70,-4],[29,48],[45,-7],[48,24],[64,-79],[88,-24],[25,10],[41,-29],[65,-18],[14,-33],[34,8],[31,30],[43,69],[36,37],[43,23],[58,-27],[45,-6],[44,14],[79,72],[60,-50],[40,-51],[78,25],[68,44],[54,15],[29,41],[34,-12],[76,7],[60,-59],[95,13],[32,22],[56,-11],[32,-34],[118,-67],[22,-28],[51,-15],[17,49],[46,9],[14,-20],[116,-6],[67,-54],[6,-28],[75,-31],[41,-1],[35,15],[71,-4],[90,-47],[37,11],[31,33],[38,1],[47,58],[72,43],[5,50],[-45,28],[-19,128],[-19,36],[2,33],[51,-14],[7,60],[20,38],[-16,46],[-57,35],[14,35],[-53,42],[-43,-9],[-7,63],[-41,83],[-39,55],[-76,2],[-51,52],[47,62],[-16,36],[-62,38],[-20,-14],[-26,31],[-50,-13],[-56,47],[10,58],[32,31],[17,51],[32,7],[-5,44],[16,33],[-3,53],[39,-3],[56,-91],[50,-6],[16,38],[-34,68],[32,43],[79,67],[10,43],[-62,47],[48,36],[31,75],[-36,21],[35,58],[104,16],[35,-39],[44,-1],[37,-35],[13,-37],[63,-21],[37,-46],[68,-11],[105,-5],[47,-114],[70,-21],[24,3]],[[41881,92933],[13,-24],[30,-135],[29,-61],[46,-128],[47,-57],[29,-52],[12,-94],[31,-21],[6,-35],[-23,-35],[5,-36],[61,-58],[79,-26],[4,-60],[29,-23],[72,-31],[2,-57],[-13,-29],[-56,-71],[-59,-46],[-42,-46],[-17,-44],[-1,-57],[13,-52],[83,-83],[67,-34],[74,-16],[72,-47],[34,-56],[23,-74],[-2,-26],[-40,-54],[2,-63],[40,-60],[26,-72],[-10,-64],[-70,-104],[-19,-45],[13,-36],[45,-46],[76,-18],[86,12],[39,-11],[19,-53],[-32,-73],[29,-35],[50,9],[7,-24],[-28,-63],[20,-41],[28,-103],[24,-37],[66,-24],[65,-67],[25,-40],[-14,-46],[5,-63],[18,-53],[-44,-38],[3,-48],[114,-54],[23,-32],[-8,-139],[-19,-69],[-33,-64],[30,-45],[82,-16],[87,-34],[59,33],[43,-8],[74,-111],[16,-49],[-25,-43],[-34,-85],[2,-61],[52,-44],[65,-34],[29,-25],[15,-70],[-27,-127],[24,-61],[-28,-141],[-56,-32],[-6,-36],[27,-57],[-40,-70],[24,-66],[68,-55],[91,-18],[29,-32],[3,-31],[-74,-170],[-6,-49],[22,-17],[153,56],[160,-53],[20,-16],[32,-110],[-22,-74],[-13,-82],[39,-45],[76,8],[27,-19],[13,-53],[42,-9],[80,-55],[94,-108],[51,-44],[7,-87],[31,-27],[34,-109],[31,-62],[43,-12],[48,24],[101,-90],[26,-4],[30,-37],[211,-2],[36,-23],[-31,-32],[6,-35],[47,-15],[43,-28],[21,-39],[18,-68],[-6,-113],[-27,-51],[-30,-9],[-48,14],[27,-107],[-19,-72],[71,-17],[23,-53],[22,-8],[32,-86],[1,-50],[-51,-75],[9,-25],[63,-54],[23,-39],[6,-58],[38,-14],[29,-79],[-22,-98],[18,-23],[-4,-63],[-50,-41],[-7,-65],[64,-1],[114,-51],[90,33],[40,-44],[6,-60],[72,-42],[13,-42],[-5,-114],[15,-11],[44,46],[73,-9],[-14,-83],[99,24],[28,-13],[22,-39],[49,10],[48,-12],[-9,-83],[-42,-117],[-1,-39],[-21,-17],[-10,-83],[-24,-54],[-124,-115],[5,-56],[43,-57],[44,-3],[16,-43],[101,-32],[48,-54],[26,-55],[22,-21],[82,-108],[57,-11],[48,5],[78,33],[54,37],[98,47],[49,3],[60,-23],[43,-29],[60,-24],[50,-3],[51,-92],[-3,-54],[17,-31],[7,-108],[65,-110],[33,-15],[13,-34],[-20,-53],[9,-37],[46,-42],[91,-26],[24,-21],[33,-100],[44,-58],[21,-54],[23,-22],[41,-72],[23,-95],[6,-75],[13,-23],[-17,-41],[48,-57],[43,-102],[2,-51],[42,-36],[61,-146],[7,-41],[34,-65],[51,-161],[-1,-36],[19,-120],[39,15],[39,-17],[22,-50],[47,-1],[113,30],[63,-3],[154,-45],[76,-14],[65,17],[101,14],[68,29],[44,36],[14,-48],[-12,-24],[-71,-31],[-24,-78],[6,-35],[-29,-33],[-27,-106],[-31,-38],[-101,-56],[-31,-37],[-20,-47],[-82,-70],[-106,-43],[-107,50],[-88,-31],[-11,-47],[-66,-6],[-26,-32],[-35,-12],[28,-38],[6,-34],[33,0],[10,-34],[51,-39],[45,7],[22,-24],[-7,-80],[17,-66],[44,-57],[24,-94],[-3,-67],[20,-40],[-9,-53],[19,-154],[10,-22],[2,-83],[-18,-33],[-88,-69],[-18,-60],[-36,-55],[-32,-14],[-42,4],[-85,-74],[-26,-47],[-27,-11],[977,-396],[-40,-8],[-42,-30],[-64,-26],[-82,4],[-28,-20],[-21,15],[-52,-9],[-46,42],[-46,12],[-44,-31],[-12,-46],[-88,-66],[-10,-23],[-55,-47],[-41,-68],[-44,8],[-30,40],[-59,32],[-62,16],[-51,0],[-118,-32],[-9,-34],[-36,2],[-62,-36],[-57,10],[-20,20],[-34,-17],[-3,-30],[-48,20],[-51,-41],[-46,-1],[-69,-55],[-3,-56],[-30,-48],[0,-31],[-578,-57],[-580,3],[2,-89],[32,-104],[73,-63],[27,-35],[1,-128],[-12,-88],[-18,-6],[-27,-77],[-77,-46],[15,-63],[-31,-36],[-150,-64],[-44,-8],[-35,-28],[-14,-63],[-82,-85],[-26,-26],[6,-27],[-16,-61],[17,-62],[3,-54],[-78,-60],[8,-62],[-4,-39],[-25,-37],[49,-6],[45,-39],[-10,-31],[-31,-15],[-2,-30],[31,-31],[9,-60],[-17,-21],[4,-66],[-10,-53],[52,-63],[16,-70],[49,-34],[-11,-29],[-45,-20],[-24,-27],[-2,-81],[114,-101],[38,-59],[85,-59],[6,-34],[-44,-87],[19,-35],[31,1],[68,63],[20,-33],[-18,-126],[22,-63],[-19,-80],[15,-115],[-19,-29],[-39,-8],[-17,-49],[11,-65],[75,-21],[14,-34],[104,-50],[10,-19],[-83,-50],[-12,-18],[8,-57],[20,-33],[-34,-46],[25,-63],[-65,-76],[25,-51],[-48,22],[-26,-17],[-24,73],[-39,-15],[-27,44],[-62,41],[13,-57],[-20,-16],[-24,-62],[15,-22],[-30,-31],[-8,-55],[-54,-43],[42,-50],[-16,-25],[-36,28],[-41,-9],[-33,-26],[-51,11],[-7,82],[-43,-9],[-26,33],[-75,18],[-23,-20],[-34,-60],[-52,11],[-9,60],[-46,2],[-33,61],[-37,-23],[-53,2],[-62,-75],[-6,-45],[-35,-92],[40,9],[45,-21],[-12,-54],[-30,-10],[-21,-35],[-22,13],[-42,-64],[-13,47],[-56,-41],[-14,23],[-49,20],[-1,53],[-78,76],[-74,28],[-35,-35],[-14,-38],[-65,-104],[-48,8],[-23,-23],[47,-43],[-3,-47],[-33,-37],[42,-56],[-24,-22],[-34,26],[-47,8],[-46,-21],[-38,91],[-60,28],[-8,19],[-32,-77],[-44,-12],[-28,-33],[-33,-8],[-67,9],[18,-52],[-17,-35],[33,-59],[-11,-63],[-31,-46],[-39,-25],[-19,-51],[-52,-20],[-55,35],[-21,-13],[-70,-6],[-32,-36],[-78,-9],[-69,-27],[-17,22],[-42,-50],[-21,-48],[-41,-6],[-27,16],[-48,-17],[-40,4],[-61,-27],[-46,-37],[-96,5],[-67,90],[-46,-31],[-48,7],[-18,-35],[-48,73],[-46,23],[-20,-46],[-27,43],[-31,20],[-86,-31],[12,-76],[64,-106],[-23,-27],[10,-34],[-27,-56],[-32,-8],[1,-46],[-38,-36],[-38,-70],[67,-21],[44,-27],[42,-57],[41,-10],[5,-58],[25,-81],[-21,-20],[9,-41],[24,-37],[38,-22],[114,-187],[-5,-54],[28,-15],[-9,-34],[-39,-18],[-28,-34],[-6,-81],[-81,-50],[-17,-52],[-38,-54],[-5,-35],[-62,0],[-99,-28],[-38,-34],[-34,-1],[-31,29],[-68,-15],[46,-94],[-93,0],[-23,-53],[10,-31],[31,-25],[19,-40],[37,-19],[79,31],[104,-32],[32,-49],[4,-53],[19,-34],[-21,-39],[33,-46],[42,-22],[95,-73],[19,-30],[51,13],[-34,42],[24,56],[45,0],[51,15],[18,-64],[64,-61],[-16,-51],[44,-23],[-16,-32],[43,-61],[35,-12],[-11,-40],[20,-87],[-24,-82],[31,-44],[-1,-47],[29,-53],[0,-32],[30,-35],[16,-59],[37,-43],[18,11],[4,-106],[12,-57],[23,12],[37,-24],[47,-6],[2,-50],[41,-22],[67,-79],[34,9],[24,-17],[2,-47],[29,-68],[-5,-30],[27,-26],[42,-79],[54,-31],[-19,-115],[5,-52],[-31,-28],[-61,6],[-145,-80],[-6,-29],[-53,-23],[-18,-55],[-29,-30],[-47,-15],[-44,43],[-73,3],[-52,21],[-32,38],[-7,89],[-38,-1],[-36,-49],[-40,-143],[34,-62],[4,-50],[58,-18],[6,-73],[-85,-61],[-13,-30],[6,-104],[30,-85],[43,-20],[4,-62],[55,-54],[35,-7],[48,-48],[-21,-87],[17,-15],[-3,-45],[18,-24],[-39,-54],[46,-96],[28,-33],[36,-86],[37,-62],[1,-54],[-15,-38],[7,-51],[47,-61],[-5,-48],[-25,-35],[16,-37],[32,-32],[-14,-56],[-1,-56],[16,-13],[-54,-102],[-30,-4],[-6,-91],[9,-73],[-41,-29],[62,-113],[-18,-21],[-48,-16],[-30,-61],[23,-113],[-59,-19],[1,-64],[14,-61],[47,-59],[-42,-29],[-13,-101],[21,-24],[-4,-50],[-24,-82],[31,-44],[8,-49],[-22,-61],[81,-11],[-6,-33],[31,-26],[5,-140],[-26,-28],[-3,-55],[40,-57],[-1,-51],[-39,-68],[42,-34],[31,-7],[62,-64],[2,-40],[-57,-10],[30,-54],[37,-32],[45,-5],[44,14],[30,-22],[21,-62],[50,-16],[-13,-78],[15,-83],[-37,-6],[30,-65],[-6,-49],[-47,4],[25,-57],[-43,-48],[-29,30],[-3,-90],[44,-34],[33,-52],[115,-32],[31,-29],[14,-101],[-14,-16],[20,-54],[-78,-37],[-32,-60],[-40,-16],[-35,-44],[32,-56],[9,-69],[14,-22],[-12,-56],[-28,-26],[-75,-15],[-47,-42],[7,-29],[-29,-18],[20,-42],[-24,-32],[27,-26],[16,-49],[-22,-46],[-31,-22],[12,-63],[-61,-6],[-93,-75],[24,-69],[-49,-95],[24,-24],[-55,-48],[20,-52],[37,-20],[3,-33],[27,-26],[-35,-53],[34,-58],[14,-56],[-45,-91],[29,-19],[27,-84],[-33,-43],[26,-43],[-33,-55],[33,-40],[2,-59],[35,-5],[2,-30],[36,-117],[-9,-45],[13,-25],[-18,-31],[-27,-5],[19,-54],[77,-39],[41,-32],[29,-53],[56,-33],[33,-66],[-5,-58],[-26,-74],[-17,-19],[-67,7],[-75,80],[-13,44],[-27,22],[-18,41],[-73,-81],[-34,27],[-45,15],[-13,55],[-23,-17],[2,-39],[-30,-56],[40,-40],[42,-73],[0,-61],[-24,-24],[10,-35],[43,-26],[3,-25],[99,10],[-9,-68],[13,-55],[36,-64],[-25,-137],[15,-32],[49,12],[23,-34],[37,3],[-2,-95],[18,-40],[86,-21],[53,8],[26,47],[35,-13],[12,-42],[81,-16],[36,-50],[54,55],[93,-9],[31,-99],[37,76],[16,0],[66,-49],[38,9],[24,-33],[65,-7],[73,-39],[13,-55],[63,-66],[40,-4],[43,12],[23,-43],[-7,-45],[-35,-40],[-48,-23],[31,-40],[-20,-28],[-32,-8],[-19,-49],[-38,-26],[-23,-52],[-39,-32],[92,-42],[7,-51],[19,-29],[7,-68],[52,-41],[26,-42],[-6,-64],[13,-86],[22,-61],[50,-52],[39,6],[29,-37],[14,-48]],[[44550,62079],[-872,77],[-874,77],[-1118,97],[-662,57],[-264,23],[-914,79],[-83,-16],[-23,-29],[-81,-59],[-42,40],[-8,64],[-1,96],[-22,34],[-43,128],[-39,55],[-55,13],[-37,24],[-27,-20],[-159,24],[-18,14],[-105,-27],[-62,36],[-39,59],[-47,37],[16,63],[-19,56],[43,58],[5,44],[-56,51],[8,37],[-38,25],[-32,43],[-11,55],[-101,57],[-55,66],[-47,74],[-50,51],[-73,34],[-61,-2],[-62,-21],[-38,15],[-28,63],[-72,12],[-80,2],[-44,44],[-30,8],[-8,44],[12,31],[-9,99],[-23,24],[-82,-5],[-49,40],[-52,21],[-36,29],[-49,-7],[-41,-25],[-70,12],[-19,39],[16,89],[-28,116],[-41,46],[-6,62],[6,79],[-52,23],[-14,75],[38,70],[-10,34],[-50,34],[16,56],[-5,36],[-23,21],[-45,70],[-9,60],[37,73],[5,40],[-30,96],[5,39],[32,56],[1,59],[39,88],[9,39],[-39,87],[-35,36],[-73,11],[-32,43],[-34,162],[-102,95],[-60,118],[-63,87],[-7,30],[-10,209],[-14,51],[-65,127],[-27,80],[-9,92],[-34,179],[-45,53],[-42,1],[-18,36],[-1,62],[-24,101],[-49,118],[-69,120],[-41,40],[-47,68],[-52,133],[-139,111],[-36,-12]],[[47930,61791],[-1040,92],[-129,10],[-1053,93],[-1158,93]],[[41881,92933],[22,47],[58,-20],[40,18],[36,-11],[60,10],[10,16],[83,24],[17,-30],[46,15],[56,-1],[8,18],[59,19],[42,-11],[126,1],[105,-51],[95,75],[-26,70],[85,102],[103,-7],[101,-23],[65,50],[82,93],[118,21],[49,-106],[111,70],[125,97],[118,-18],[46,-165],[58,-73],[93,-142]],[[43872,93021],[-6,-47],[161,-186],[27,-60],[-26,-51],[-10,-81],[30,-52],[57,-64],[29,-46],[-11,-54],[-37,-17],[-1,-26],[-54,-64],[-7,-41],[11,-38],[-21,-18],[18,-62],[-16,-35],[17,-23],[5,-71],[31,-47],[52,-28],[0,-29],[31,-27],[-33,-123],[41,-127],[0,-63],[22,-21],[13,-45],[-29,-27],[-9,-42],[23,-56],[50,-11],[68,5],[57,-20],[66,8],[42,31],[57,10],[49,-17],[121,-27],[15,-28],[67,-23],[92,29],[54,-11],[73,15],[39,-37],[20,31],[65,-9],[24,-36],[29,10],[69,-50],[17,5],[56,-54],[17,-41],[147,-109],[32,-45],[4,66],[40,-25],[60,-9],[3,-31],[46,-53],[0,-42],[50,-17],[-37,-67],[45,-19],[33,-62],[-9,-87],[46,23],[41,-17],[28,30],[37,-16],[10,40],[34,4],[16,-32],[-6,-54],[61,-28],[22,30],[98,-48],[19,-22],[52,-4],[6,-30],[38,-30],[-25,-61],[78,-16],[74,-30],[40,5],[-1,26],[-37,30],[45,25],[37,-26],[11,-27],[122,-42],[3,24],[37,25],[-4,67],[51,-35],[-42,-55],[28,-47],[34,20],[16,-34],[37,7],[23,80],[26,-3],[8,-44],[-6,-62],[-42,-48],[46,-26],[20,32],[91,27],[58,-53],[16,31],[60,-22],[12,-47],[-69,-41],[23,-67],[53,-17],[17,-31],[-17,-41],[-38,-43],[18,-41],[32,-2],[77,38],[46,32],[83,-18],[30,-16],[20,-59],[34,-23],[17,-37],[-15,-65],[-45,-16],[-55,10],[-35,-45],[8,-60],[0,-84],[47,-45],[3,-30],[29,-36],[-18,-36],[7,-70],[38,-26],[-2,-135],[28,-26],[91,-59],[15,-20],[78,-42],[82,-67],[76,-94],[154,-104],[13,-54],[64,-47],[25,-75],[16,-17],[38,11],[43,-46],[-20,-46],[-20,-80],[-59,-76],[-18,-95],[16,-29],[-10,-51],[-42,-98],[35,-34],[-30,-88],[20,-65],[-5,-56],[-34,-43],[21,-49],[36,-28],[35,-66],[12,-76],[46,-25],[42,-71],[-28,-55],[27,-108],[25,-17],[32,-49],[42,-31],[30,-55],[24,-80],[43,-25],[-10,-91],[27,-40],[48,-27],[17,-39],[-3,-48],[19,-127],[21,-34],[25,-87],[28,-67],[11,-49],[68,-33],[76,31],[48,-19],[36,-92],[178,-133],[14,-63],[33,-37],[57,-42],[36,-1],[39,-55],[5,-66],[-33,-82],[-4,-53],[43,-79],[-56,-91],[27,-46],[-10,-50],[31,-51],[35,-23],[-6,-33],[69,-121],[26,-23],[38,-3],[87,47],[97,6],[28,-39],[23,-78],[6,-153],[30,-83],[-11,-91],[-39,-74],[-11,-52],[14,-34],[-59,-70],[10,-56],[62,4],[113,46],[19,21],[26,-10],[75,-74],[26,-50],[-9,-79],[-52,-16],[-26,-25],[-2,-38],[46,-73],[4,-138],[-25,-31],[17,-38],[47,23],[40,-27],[59,-23],[14,-18],[44,-119],[88,-5],[53,-29],[81,6],[56,-23],[85,13],[39,-12],[36,-38],[63,6],[31,-95],[-11,-82],[29,-33],[66,-21],[45,13],[10,42],[-36,55],[19,41],[33,18],[57,5],[60,-11],[10,19],[-14,91],[43,22],[31,-36],[-10,-48],[16,-41],[22,0],[45,89],[19,3],[60,-75],[35,-12],[89,17],[83,6],[73,42]],[[60153,84889],[25,26],[6,87],[22,25],[40,-5],[51,25],[-5,56],[28,-3],[-2,64],[-18,29],[58,20],[54,-9],[25,-24],[22,-47],[5,-99],[-25,-42],[11,-66],[35,-29],[25,48],[13,60],[-21,72],[40,84],[-7,31],[22,22],[28,-23],[-32,-50],[75,5],[13,-66],[36,1],[-33,109],[71,-2],[-30,55],[38,16],[82,3],[-2,-42],[30,-7],[-27,-102],[25,-4],[27,37],[33,11],[39,-21],[39,-49],[5,-61],[-17,-24],[4,-81],[-25,-41],[29,-17],[1,-43],[56,20],[-5,32],[59,119],[9,95],[-18,16],[7,50],[57,-16],[60,-61],[16,-31],[-22,-55],[44,-26],[15,-69],[31,-43],[-3,-47],[17,-39],[48,-28],[11,105],[-4,55],[-16,39],[15,74],[-26,27],[26,66],[74,18],[51,-2],[22,-50],[-47,-93],[10,-43],[4,30],[69,-23],[17,48],[51,27],[-41,28],[-3,22],[82,7],[83,21],[48,-10],[23,-19],[11,-91],[44,-26],[22,4],[-21,56],[103,-24],[30,-45],[-13,-118],[77,56],[15,-8],[8,-127],[-30,-33],[14,-62],[27,1],[12,50],[26,1],[30,49],[4,33],[-20,31],[46,54],[69,4],[38,-52],[2,-28],[-40,-36],[10,-82],[19,-53],[24,-9],[6,-52],[40,-10],[47,88],[45,-15],[12,51],[36,75],[35,38],[39,-18],[27,-53],[-16,-42],[-43,-50],[52,-73],[12,-31],[-8,-47],[18,-73],[-14,-13],[12,-28],[51,43],[-5,32],[15,49],[69,32],[2,104],[52,64],[30,5],[32,-19],[25,-115],[-6,-52],[-19,-37],[14,-42],[48,18],[-6,-68],[31,-25],[24,49],[48,28],[6,92],[42,-28],[27,-59],[-4,-65],[34,-12],[13,58],[57,24],[30,-30],[7,63],[29,75],[47,-5],[31,-58],[42,-4],[39,-68],[-14,-41],[-33,-2],[-17,-57],[-30,-37],[-5,-46],[27,-19],[-14,-39],[-28,-31],[12,-52],[23,19],[60,9],[32,-56],[26,-6],[49,158],[32,27],[25,-3],[-15,-82],[19,-15],[61,126],[-20,29],[45,33],[36,-28],[35,25],[99,13],[30,-56],[-85,-57],[-32,20],[-50,-51],[38,-27],[1,-30],[-32,-47],[25,-87],[-22,-32],[10,-38],[42,-9],[54,9],[31,59],[48,7],[13,-60],[41,-21],[23,45],[38,8],[21,-38],[31,-10],[41,38],[46,26],[-4,37],[38,28],[18,31],[-9,70],[16,53],[42,26],[111,37],[43,-59],[12,-86],[-41,-33],[-48,-58],[-13,-35],[3,-86],[16,-23],[4,-75],[-81,-85],[22,-17],[88,62],[23,67],[-5,51],[22,78],[42,-7],[19,-80],[-9,-68],[-32,-16],[-10,-40],[45,-12],[29,78],[40,42],[28,7],[44,44],[43,-12],[8,-54],[-38,-7],[14,-41],[37,-56],[4,-52],[-30,-23],[-28,-48],[-1,-60],[-29,-98],[-14,-14]],[[64534,83443],[-69,-20],[-43,-56],[24,-39],[-53,-87],[32,-72],[33,-1],[18,-67],[50,-6],[-27,-37],[-4,-39],[-34,-24],[-29,-90],[-29,-34],[36,-31],[-14,-32],[-78,-69],[25,-48],[47,-58],[2,-58],[19,-107],[-51,-30],[17,-33],[-34,-41],[-12,-29],[4,-51],[19,-56],[-46,-63],[-45,-17],[-25,7],[-19,-56],[-24,-10],[-61,29],[-44,-30],[-68,18],[-48,-37],[-24,-79],[14,-61],[18,-27],[35,30],[24,-17],[61,13],[67,-23],[44,-74],[-11,-38],[-69,-82],[34,-26],[11,-69],[-26,-70],[-8,-62],[-38,-91],[2,-39],[-32,-81],[-27,-13],[-9,-64],[19,-29],[-11,-76],[-65,-65],[39,-23],[-105,-79],[-41,-58],[-8,-32],[-49,-22],[-22,-38],[-34,-10],[-44,56],[-47,-15],[28,-61],[3,-39],[-41,-68],[1,-89],[-76,-68],[-8,-43],[28,-19],[53,54],[44,-1],[0,-38],[-23,-16],[-13,-41],[-28,-29],[-6,-101],[10,-49],[-7,-36],[19,-29],[-16,-30],[14,-75],[-36,-1],[-67,-21],[-40,24],[-26,-23],[11,-42],[20,-16],[-12,-37],[-39,-17],[4,-68],[-95,-20],[-47,-2],[-47,-32],[-25,-61],[-20,63],[-38,-13],[7,-53],[-34,-18],[-13,-37],[-59,-15],[-20,-32],[3,-73],[25,-18],[17,-46],[33,12],[12,-45],[-18,-51],[27,-41],[65,26],[-3,-58],[21,-4],[1,-68],[-58,44],[8,-62],[-24,-16],[-47,16],[2,-76],[-67,22],[-13,-44],[41,-103],[-43,-32],[40,-30],[18,-35],[-7,-68],[-44,10],[-23,-107],[8,-86],[-21,-17],[-17,-48],[-43,-19],[-14,-34],[-27,8],[-60,-32],[11,-34],[33,-19],[17,-39],[-63,-19],[11,-32],[-60,-48],[10,-41],[-32,-5],[-3,-63],[-65,-9],[10,-54],[-18,-43],[-15,-74],[-41,-4],[-46,-41],[-17,-33],[-58,16],[-104,-98],[-51,-65],[15,-31],[-35,-30],[32,-60],[-66,-69],[1,-35],[-32,-17],[29,-43],[-40,-43],[-72,-62],[-51,-24],[17,-44],[-2,-61]],[[62214,77307],[-35,-49],[-15,-76],[26,-51],[-23,-41],[-2,-64],[-27,-35],[15,-50],[-49,-184],[-31,-26],[-1,-73],[-35,-10],[-9,-32],[-56,-8],[-19,-22],[0,-43],[-32,-31],[-58,-23],[10,-44],[-36,-17],[12,-35],[-34,-19],[-7,-44],[-60,-10],[-4,-29],[-42,4],[-34,-49],[-63,-34],[-28,-48],[-60,13],[-38,-82],[6,-30],[-37,-44],[8,-46],[-15,-33],[19,-97],[-39,0],[-24,-40],[3,-35],[-27,-45],[8,-56],[-38,-12],[-30,-46],[-96,-48],[-42,-52],[-25,-7],[-23,-45],[6,-73],[-29,-32],[-32,-82],[-86,-129],[-58,-53],[-53,-129],[-76,-95],[-81,-55],[-72,-67],[-74,16],[-30,-8],[-67,42],[-40,-5],[-50,19],[-56,-72]],[[63774,84014],[4,45],[51,77],[21,-18],[-9,-46],[-67,-58]],[[64059,83961],[-47,57],[10,29],[-28,35],[44,59],[36,-19],[-18,-68],[17,-72],[-14,-21]],[[64443,84083],[-8,65],[31,-8],[-23,-57]],[[55681,89909],[-112,-19],[-94,-24],[-128,-18],[-60,8],[-5,-37],[-56,-114],[-50,-46],[-63,-23],[-24,-68],[-70,-11],[-27,-47],[-9,-52],[16,-22],[-290,-267],[-48,2],[-35,-49],[-37,23],[-56,-24],[-47,29],[-11,34],[-35,30],[-38,-28],[-7,-49],[-23,6],[-39,-37],[-31,22],[-49,5],[-11,-44],[-39,-59],[-35,-35],[-59,-6],[-43,9],[-26,-28],[-44,75],[-36,-57],[-56,13],[-36,-13],[-32,-67],[-49,-22],[-18,-28],[-36,-13],[-63,6],[-17,17],[-42,-8],[-63,55],[-54,-44],[-71,-18],[-93,-52],[-69,-77],[26,-65],[-21,-36],[-145,-80],[-38,-70],[-14,-62],[17,-47],[0,-54],[-21,-20],[-9,-60],[31,-59],[83,-68],[62,-25],[-37,-46],[-83,17],[-62,-15],[-21,-43],[-12,-60],[-42,-7],[7,-65],[-43,-11],[-30,49],[-47,-12],[-30,-24],[-56,-86],[0,-46],[-48,-106],[19,-42],[-34,-11],[-43,10],[-37,-27],[-36,28],[-35,-1],[-14,67],[15,36],[-2,53],[-23,52],[-44,16],[-63,127],[-33,1],[-60,32],[-18,22],[-52,-20],[-86,53],[-37,7],[-65,-13],[-33,50],[-38,16],[-45,-10],[-24,-28],[-8,-47],[-27,7],[-18,-28],[-43,-27],[-10,-70],[-51,-26],[11,-136],[-11,-25],[11,-64],[-17,-33],[24,-54],[-13,-61],[-33,-31],[2,-65],[-56,-47],[-10,27],[-41,32],[-42,13],[-3,23],[-148,123],[-48,47],[17,84],[-23,114],[-47,32],[-51,-22],[-52,15],[-46,48],[-30,48],[-55,18],[-54,-36],[-53,-5],[-63,37],[-105,-7],[-50,8],[-24,27],[-68,34],[-66,17],[-23,-21],[-59,48],[-44,14],[-39,31],[-40,6],[-22,-31],[-70,-24],[-45,-45],[-63,-13],[-22,-15],[-4,-39],[-56,-68],[-31,-62],[6,-66],[-16,-4],[-92,17],[-34,57],[-53,-38],[-44,17],[-6,94],[-20,30],[-46,45],[-22,4],[-23,43],[1,43],[-22,35],[-50,31],[-2,66],[10,22],[-58,64],[-44,7],[-23,26],[-2,40],[-31,46],[-2,40],[-51,27],[6,77],[-43,28],[-33,36],[-31,61],[-53,10],[-35,43],[-63,-9],[-20,55],[-32,39],[-29,4],[-40,41],[-10,42],[13,55],[-82,-13],[-64,4],[-49,-30],[-24,24],[-11,16],[24,59],[-34,20],[-24,39],[-46,24],[-20,-16],[-56,-9],[-32,56],[5,40],[26,44],[0,67],[-41,-15],[-60,41],[-25,85],[14,26],[-17,78],[-27,22],[-9,100],[-44,20],[-42,48],[-70,30],[-9,24],[-12,151],[-8,28],[19,85],[27,66],[50,-2],[13,36],[-9,52],[7,47],[24,42],[8,60],[63,91],[25,86],[21,43],[-4,61],[18,133],[-11,39],[-67,53],[-46,9],[-48,-14],[-68,12],[-29,39],[-32,86],[-9,48],[4,55],[29,111],[23,22],[-6,44],[-39,95],[-34,19],[-19,62],[32,53],[7,36],[-71,83],[-2,52],[-60,99],[-15,84],[-46,11],[-37,67],[-39,9],[-14,67],[-36,26],[-18,125],[10,64],[-10,24],[-65,26],[-24,24],[-62,33],[-35,6],[-70,39],[-55,50],[-22,39]],[[47668,92393],[33,7],[54,48],[53,-36],[29,14],[55,0],[111,32],[129,1],[78,-58],[130,-34],[22,-21],[118,31],[-2,23],[83,-4],[45,113],[30,34],[1,30],[45,14],[3,38],[25,31],[92,21],[60,47],[70,27],[22,20],[55,17],[17,38],[118,38],[15,55],[-6,22],[29,36],[-4,35],[23,31],[49,3],[-12,41],[11,35],[46,-1],[21,43],[57,60],[32,12],[-21,65],[24,38],[31,14],[25,38],[-11,42],[-43,31],[19,28],[-32,45],[33,36],[30,-6],[22,78],[32,43],[17,55],[20,19],[39,88],[-6,46],[60,117],[20,56],[60,109],[71,12],[5,49],[-16,35],[59,113],[21,104],[23,14],[17,49],[43,73],[2,23],[-45,44],[18,50],[-31,14],[53,112],[72,27],[-8,55],[25,67],[39,21],[38,46],[64,-32],[56,93],[51,62],[6,45],[23,17],[134,244],[32,69],[32,27],[21,70],[62,74],[101,188],[73,83],[-11,40],[16,29],[1,45],[22,33],[12,51],[41,37],[74,4],[21,59],[-24,55],[21,37],[52,9],[-4,31],[57,12],[43,75],[79,64],[3,23],[57,48],[42,96],[-1,98],[16,31],[72,63],[89,41],[79,45],[48,44],[20,64],[26,136],[7,108],[32,47],[-3,77],[-62,105],[-47,108],[-18,57],[-5,85],[13,70],[25,74],[-12,76],[18,42],[59,96],[301,-157],[62,-27],[95,-84],[123,-100],[101,-115],[33,-24],[43,-64],[87,-88],[46,-86],[112,-169],[44,-110],[21,-74],[18,-124],[11,-43],[-13,-122],[3,-108],[68,-15],[64,-15],[53,11],[40,-34],[10,-38],[-22,-228],[4,-26],[-11,-114],[1,-124],[8,-248],[10,-80],[-24,-200],[-45,-75],[9,-63],[43,-191],[50,-158],[75,-189],[-7,-94],[-18,-23],[-4,-84],[29,-69],[42,-55],[-18,-86],[53,-103],[34,-187],[18,-20],[63,-138],[-2,-76],[-11,-20],[21,-50],[53,-37],[39,-55],[2,-63],[42,-28],[9,-58],[-7,-32],[13,-67],[29,-18],[48,-94],[7,-100],[-7,-24],[21,-34],[15,-62],[-4,-36],[23,-31],[-9,-37],[25,-26],[53,-11],[24,-70],[32,-46],[8,-61],[-4,-56],[27,-53],[-3,-45],[25,-40],[3,-79],[10,-33],[43,-55],[-7,-89],[12,-41],[36,-32],[42,-84],[13,-61],[-8,-60],[5,-26],[93,-53],[58,-56],[46,-71],[-5,-59],[40,-130],[58,-86],[59,-41],[17,-26],[39,-107],[79,-127],[71,-61],[50,-28],[55,-11],[64,1],[117,35],[83,-21],[60,11],[73,-10],[112,8],[66,-5],[63,-38],[122,-47],[115,-51],[174,-104],[68,-53],[21,-29],[3,-53],[14,-18],[28,-148],[-5,-65],[8,-50],[38,-146],[8,-90],[3,-107],[-21,-211],[-51,-112],[5,-142]],[[54266,92336],[109,-9],[10,-25],[42,-16],[40,-50],[3,-72],[-85,-7],[-26,-29],[-41,2],[-22,-21],[-29,10],[-45,88],[-55,45],[65,77],[34,7]],[[54404,92141],[30,8],[76,-4],[25,-50],[80,-89],[-5,-90],[27,-22],[68,-98],[10,-71],[-35,-53],[-85,-93],[-46,-29],[-94,-26],[-27,11],[-42,45],[-25,89],[-31,69],[-27,37],[-18,76],[-53,29],[22,101],[7,95],[14,28],[24,-3],[25,21],[36,-4],[44,23]],[[43872,93021],[179,14],[127,83],[141,-63],[-3,-90],[-14,-126],[71,-88],[145,27],[394,-323],[589,-78],[447,130],[27,19],[36,-13],[19,27],[33,6],[42,36],[-16,47],[30,32],[33,0],[19,-42],[48,63],[9,44],[58,10],[37,-28],[70,20],[-40,28],[-3,33],[43,3],[4,31],[32,27],[77,35],[61,-10],[8,-32],[31,-34],[-31,-28],[-25,-64],[52,4],[46,-13],[29,8],[32,-29],[68,4],[-7,-46],[139,0],[33,-40],[40,7],[42,-34],[44,-1],[26,22],[60,-14],[23,9],[30,-20],[34,11],[-16,40],[10,36],[50,-28],[16,20],[68,24],[15,27],[31,1],[43,30],[19,34],[0,39],[52,11],[35,-17],[36,-74],[60,-21],[13,-27],[40,-28],[-3,-30],[65,-2],[12,-33],[-57,-40],[-33,-58],[-22,3],[-7,-99]],[[55681,89909],[2,-70],[13,-78],[26,-34],[-9,-148],[1,-163],[-13,-85],[-90,-73],[-41,-64],[-54,-39],[-53,-10],[-33,-84],[38,-59],[-5,-22],[-77,-40],[-40,-66],[-145,-165],[-35,-17],[-99,-25],[-30,12],[-129,-27],[-26,-33],[11,-86]],[[56496,64575],[101,0],[28,-29],[16,-69],[23,-5],[1,-42],[20,-35],[51,-35],[8,-42],[31,-28],[20,-61],[43,-51],[3,-41],[28,-37],[-1,-42],[21,-83],[-17,-65],[-28,-34],[-1,-68],[-61,-67],[36,-68],[57,-13],[-3,-32],[20,-46],[-8,-53],[29,-3],[37,25],[26,-3],[29,-32],[33,-7],[83,-93],[8,-26],[33,-3],[91,-60],[54,-12],[32,-70],[45,-7],[66,-26],[97,-55],[44,28],[83,7],[97,-33],[37,2],[26,-79],[33,-60],[31,-27],[-4,-71],[-16,-32],[69,-53],[38,3],[12,36],[37,22],[48,-42],[3,-40],[89,-89],[7,57],[19,23],[-7,52],[35,-7],[40,-49],[77,-1],[33,-35],[48,2],[21,130],[5,109],[26,-2],[28,30],[31,106],[2,40],[39,28],[46,-39],[77,-6],[31,16],[8,-38],[50,15],[45,-17],[25,-1],[21,-63],[-2,-52],[63,-33],[29,6],[56,-20],[-77,-142],[-13,-89],[-40,-66],[-30,-97],[40,-52],[58,-11],[15,-39],[24,1],[36,-52],[32,37],[57,8],[61,-65],[0,-30],[28,-107],[-7,-48],[18,-45],[88,-21],[93,23],[27,30],[42,12],[23,79],[34,-17],[50,-4],[74,24],[26,33],[10,65],[72,53],[44,56],[20,-27],[39,-19],[8,-43],[63,11],[37,-45],[57,16],[47,59],[116,-3],[22,-27],[34,-8],[12,49],[27,-11],[-9,-35],[99,-3],[69,-59],[20,7],[17,60],[45,-6],[53,76],[74,-40],[69,33],[34,31],[-4,91],[46,-13],[76,41],[19,-17],[47,31],[64,4],[70,-40],[11,-35],[36,-10],[-6,-49],[35,-4],[35,83],[78,5],[34,100],[54,79],[1,73],[-17,29],[28,32],[-5,26],[22,83],[-15,18],[23,44],[-7,83],[35,197],[48,27],[54,5],[36,37],[35,-1],[56,18],[26,-43],[25,21],[45,-12],[24,-44],[47,-4],[24,-34],[35,-92]],[[61880,63261],[-14,-58],[-24,-28],[-10,-50],[-25,-28],[46,-20],[32,4],[61,-35],[46,16],[26,-17],[82,45],[43,-10],[21,-42],[-43,-59],[-5,-58],[12,-18],[61,16],[23,-38],[64,-13],[30,-57],[-12,-47],[29,-31],[27,8],[17,-46],[-23,-73],[22,-46],[-30,-29],[-7,-32],[-29,-29],[26,-42],[38,11],[42,-94],[74,-77],[16,-36],[-18,-54],[26,-31],[72,43],[67,-6],[64,14],[32,-38],[43,-16],[-36,-39],[-5,-35],[22,-46],[32,-24],[57,-12],[17,-34],[45,13],[29,-43],[-33,-30],[-2,-39],[76,-79],[2,-26],[-102,-64],[-55,-115],[0,-41],[-18,-52],[-94,-69],[17,-69],[1,-55],[47,-27],[63,6],[43,-26],[16,-34],[-25,-69],[38,-39],[61,4],[53,27],[40,-76],[-7,-46],[29,-24],[-18,-45],[42,-21],[-6,-70],[-10,-41],[29,-45],[-26,-52],[9,-48],[-13,-37],[45,-75],[-3,-73],[26,-84],[55,-10],[82,-106],[33,-128],[97,-41],[44,15],[85,-13],[63,22],[69,4],[35,-36],[70,-83],[76,17],[52,-19],[33,7],[80,61],[69,21],[20,-110],[0,-57],[11,-27]],[[64142,59923],[-17,-13],[-21,-55],[13,-25],[51,-28],[4,-53],[34,-26],[-1,-49],[24,-37],[59,-14],[26,-18],[51,-5],[9,30],[47,49],[-63,75],[47,125],[68,24],[166,-41],[115,69],[24,29],[17,66],[-17,61],[29,64]],[[64807,60151],[47,-64],[0,-208],[-66,-139],[-163,-23],[-60,-346],[-118,-119],[-134,-44],[-105,-76],[-199,-120],[-154,-49],[-51,-38],[-27,-61],[20,-33],[2,-52],[-36,-80],[-64,-51],[-34,-143],[-45,40],[-80,-74],[-23,-320],[-169,-6],[-295,-501],[-206,-339]],[[62847,57305],[-98,50],[-34,-5],[-55,55],[-90,35],[-30,41],[13,85],[-19,67],[-22,36],[-35,20],[-62,8],[-18,38],[-45,11],[-46,34],[-36,-16],[-30,9],[-43,-10],[-31,-28],[-77,-27],[-40,-4],[-60,-48],[-92,-36],[-19,-21],[-58,25],[-50,-6],[-55,68],[-27,-2],[-57,32],[-33,47],[-50,1],[-26,49],[-31,99],[-14,17],[-59,11],[-55,45],[-20,32],[-70,27],[-21,58],[-108,-37],[-53,-29],[14,-76],[0,-61],[-33,-74],[48,-95],[-9,-26],[13,-73],[-87,-50],[-36,-83],[5,-31],[-41,-78],[-70,-41],[38,-13],[-21,-95],[-81,-150],[-27,-13],[-44,-92],[1,-63],[-27,-32],[-8,-48],[23,-61],[-15,-75],[30,-44],[48,-27],[45,-57],[-32,-49],[5,-41],[-39,-50],[39,-61],[-26,-119],[-31,-51],[43,-126],[-4,-29],[26,-34],[-17,-23],[-21,-96],[-34,-37],[-76,-6],[-51,-12],[1,-35],[-77,-51],[-20,-79],[76,-21],[37,-34],[21,-66],[38,-24],[64,-93],[-21,-71],[-44,-93],[1,-58],[-17,-121],[-13,-6],[3,-87],[-28,-52],[-42,-2],[-13,30],[-83,25],[-27,-60],[-88,-56],[-1,52],[-55,25],[-21,72],[-30,66],[-45,-25],[-83,0],[-35,-27],[-27,31],[-47,2],[-47,20],[-43,-48],[-15,50],[40,70],[54,33],[14,86],[-29,29],[-49,-13],[-66,-44],[-16,-25],[-51,70],[-11,71],[-25,41],[36,56],[2,58],[27,46],[-31,42],[15,43],[-7,47],[-20,20],[-20,55],[-44,25],[-67,10],[-56,25],[-39,41],[-78,48],[5,38],[-50,76],[-43,-18],[-96,39],[5,41],[-34,52],[15,30],[-110,39],[-34,57],[20,65],[-61,151],[-10,30],[-49,43],[-31,-28],[-54,47],[-29,61],[-75,33],[-14,40],[-3,65],[-23,33],[-31,3],[-47,32],[-48,66],[37,60],[-36,26],[-35,50],[-23,77],[-32,-3],[-57,33],[-23,26],[-49,101],[-16,-74],[-32,-71],[-62,-63],[-28,-13],[-55,25],[-14,37],[3,52],[-43,67],[11,30],[-50,36],[-15,36],[-34,26],[-44,-10],[-44,110],[6,55],[-16,44],[16,35],[-97,3],[-9,27],[-54,39],[19,73],[-25,25],[-23,-42],[-46,-3],[-31,42],[-42,-5],[-18,-22],[-71,60],[-46,26],[-36,5],[-45,22],[-74,-7],[-32,12],[-44,-49],[-67,-25],[-51,6],[-128,-20],[-26,18],[-82,30],[-74,2],[-44,24],[-34,69],[-9,67],[-40,-21],[-6,-34],[-39,-58],[-13,-39],[-52,24],[-63,-51],[-52,-8],[-52,35],[-9,40],[-144,-35],[-10,-35],[-59,-47],[-43,-63],[-38,-13],[-33,-21],[-45,20],[-59,-32],[-33,25],[-33,-10],[-49,21],[-36,51],[-38,-15],[-44,28],[-28,51],[-44,21],[-42,-10],[-27,54],[-55,19],[-56,86],[-78,87],[-45,78],[-31,-11],[-26,36],[-58,-75],[30,-57],[-19,-36],[-3,-94],[28,-9],[51,-80],[29,-22],[23,-97],[-10,-81],[32,-41],[-17,-74],[28,-45],[31,-79],[20,-106],[28,2],[23,-63],[35,-47],[8,-30],[-1400,-290],[-855,-179]],[[53498,56676],[-104,8],[-51,91],[10,85],[-9,34],[-6,101],[7,66],[26,48],[0,90],[38,59],[15,47],[-3,35],[17,40],[7,22],[59,46],[36,121],[3,66],[-16,41],[5,32],[-9,93],[16,62],[32,12],[21,68],[34,25],[24,52],[-3,64],[-14,46],[1,61],[-16,48],[11,39],[-27,98],[33,46],[40,34],[2,50],[-43,47],[-6,64],[24,47],[-1,29],[35,15],[14,41],[48,94],[-16,51],[-28,138],[-27,19],[-2,33],[1,3],[48,41],[45,85],[49,4],[14,54],[37,68],[-6,62],[19,42],[-5,45],[30,25],[49,15],[-9,73],[19,71],[12,78],[59,34],[17,42],[52,54],[-10,71],[47,126],[12,65],[29,55],[9,55],[-16,97],[-19,52],[14,56],[34,60],[47,53],[6,34],[35,42],[58,36],[27,30],[20,50],[6,54],[33,64],[-2,41],[27,53],[5,58],[51,107],[42,45],[2,33]],[[58114,72877],[57,2],[42,-14],[19,21],[13,64],[46,36],[49,-7],[45,-31],[19,-35],[56,-10],[52,64],[37,73],[1,53],[19,84],[29,43],[69,54],[75,-6],[34,17],[71,8],[53,16],[129,19],[25,-15],[56,-60],[34,-18],[47,-4],[47,-32],[58,-19],[53,-34],[42,-36],[50,-22],[75,-20],[92,-6],[81,-22],[19,4],[39,9],[89,75],[32,9],[111,-17],[37,0],[21,-5],[98,-53],[28,-31],[13,-86],[-4,-97],[54,-89],[37,-27],[96,5],[32,12],[65,-5],[146,-96],[31,-17],[110,-102],[88,-29],[47,17],[72,-79],[26,-47],[38,-40],[37,-103],[-4,-80],[9,-68],[6,-41],[6,-64],[-48,-124],[-2,-53],[24,-76],[36,-50],[53,-138],[9,-69],[14,-23],[-5,-73],[8,-67],[-5,-47],[-42,-135],[18,-57],[25,-72],[-7,-76],[-11,-64],[7,-99],[15,-77],[48,-129],[36,-56],[9,-51],[4,-59],[-73,-143],[-8,-47],[4,-52],[-26,-91],[-25,-54],[-8,-46],[37,-115],[-21,-34],[-21,-18],[-54,-87],[-22,-112],[5,-53],[-16,-51],[-71,-128],[4,-68],[-4,-75],[7,-66],[-12,-33],[-43,-67],[-31,-98],[19,-33],[29,-83],[-3,-92],[-53,-99],[2,-65],[-46,-119],[-66,-86],[-52,-33],[-50,-71],[-23,-78],[-40,-57],[-37,-19],[-77,39],[-38,-1],[-81,-62],[-12,-86],[27,-57],[67,-32],[54,-45],[74,-150],[55,2],[46,74],[36,20],[113,-6],[98,-77],[37,-76],[10,-37],[-13,-74],[-23,-28],[-113,-62],[-41,-8],[-48,-36],[-28,-55],[70,-28],[18,20],[59,21],[57,-16],[13,-111],[37,-34],[-3,-83],[42,18],[76,-18],[-3,-58],[-19,-29],[86,-27],[-9,-54],[46,-30],[-14,-82],[13,-61],[38,-4],[31,35],[-29,16],[-18,38],[37,13],[20,-42],[26,-11],[49,-68],[-50,-5],[11,-56],[62,-10],[-30,-40],[7,-70],[57,2],[56,-62],[39,-74],[11,-87],[57,-59],[17,6],[61,-70],[51,-88],[23,-11],[16,-75],[32,3],[44,-75],[13,-85],[36,-10],[48,-44],[5,-62],[30,-65],[71,-18],[41,-20],[7,32],[71,36],[17,58],[37,49],[40,14],[25,29],[33,-19],[37,59],[54,10],[70,-8],[53,28],[99,28],[18,42],[24,-12],[52,13],[37,30],[30,-19],[101,16],[43,24],[62,6],[55,-32],[43,-78],[36,-33],[32,-10],[68,-53],[54,-111],[-10,-72],[31,-80],[-7,-28],[-33,-18],[-21,-69],[-24,-42],[-35,-97],[9,-27],[44,-30],[6,-37],[-36,-38],[-15,-55],[3,-70],[-27,-56],[-30,-18],[-29,-48],[-34,-12],[-49,2],[-33,-13],[-52,4],[-37,22],[-67,-41],[-28,2],[-31,-26],[-35,-8],[-50,-56],[-7,-34],[-53,26],[-22,-11],[-40,27],[-61,-97],[15,-59],[-13,-66],[-54,-52],[-17,13],[-42,-12],[4,-155],[-69,-54],[-9,-30],[-54,-49],[9,-39],[-46,-82],[1,-40],[32,-17],[29,-41],[4,-44],[-64,-56],[-26,-92],[16,-48],[29,-43],[1,-94],[-36,-65],[-2,-45],[-53,-5],[-20,-28],[-65,8],[-34,-28],[14,-52],[36,-42],[-59,-41],[4,-34],[-41,-7],[-16,-29],[6,-44],[-15,-34],[-34,-4],[-6,-28]],[[62847,57305],[-58,-199],[-2,-51],[38,-28],[64,-15],[7,-73],[5,-155],[188,-156],[202,33],[225,-87],[89,-130],[218,-61],[60,-31],[11,-18],[-60,-3],[-40,14],[-44,-8],[-6,-54],[-20,-13],[-88,13],[-73,29],[-26,37],[-11,45],[-70,-3],[-28,-22],[-45,24],[-121,-17],[-57,-29],[-1,-49],[58,34],[48,-28],[-13,-32],[34,-58],[45,-28],[-41,-60],[5,-18],[-45,-53],[-80,-27],[7,-51],[63,25],[38,-42],[-36,-35],[15,-19],[-2,-50],[-21,8],[-60,-55],[-19,-91],[27,-58],[42,4],[60,-57],[35,-16],[40,9],[25,-15],[45,8],[23,-21],[131,38],[-8,-46],[-33,-3],[-57,-35],[-145,1],[-91,-41],[-12,-30],[-54,-36],[1,-27],[-56,-33],[-32,-32],[-44,-1],[-1,-29],[-76,0],[-23,-41],[31,-24],[84,14],[57,-4],[0,-71],[-23,-35],[60,-29],[-3,-61],[-26,-28],[2,-28],[-26,-67],[25,-28],[6,-84],[25,-6],[-8,-43],[-44,-45],[39,-58],[-34,-24],[19,-48],[62,-3],[-9,-54],[-42,-72],[55,-50],[40,23],[62,-19],[7,-46],[-28,-52],[-32,-12],[-20,-50],[-1,-42],[-23,-27],[37,-35],[49,63],[-14,24],[44,35],[44,-39],[-23,-58],[25,-9],[16,-43],[-13,-83],[121,11],[32,-12],[-61,-62],[-55,-19],[-49,-37],[-5,-50],[-54,-26],[43,-37],[-73,-109],[38,-5],[49,-34],[-1,-41],[-79,-46],[-4,-31],[25,-29],[55,-25],[-36,-123],[-28,-24],[-37,-58],[26,-30],[56,-26],[-6,-62],[-58,-44],[19,-114],[-48,-22],[13,-45],[-6,-39],[-28,-38],[71,9],[55,31],[53,-24],[93,-1],[37,35],[89,4],[41,48],[30,-16]],[[63735,52948],[-22,-22],[-65,-27],[-18,11],[-44,-15],[-46,-44],[-70,2],[-171,-50],[-129,-22],[-21,2],[-6,66],[22,73],[4,186],[-36,38],[-36,-4],[-43,77],[-41,-279],[-30,-15],[-22,-93],[-407,16],[-260,9],[-144,-78],[-21,-16],[-21,-55],[-52,-68],[-2,-34],[-26,-3],[-62,41],[-121,-114],[-16,-31],[-57,-25],[-51,1],[-23,-51],[-86,-40],[-72,-11],[-26,-29],[-92,-10],[-5,-59],[-48,-23],[-64,16],[-29,29],[-64,2],[-20,-30],[-42,-18],[-3,-55],[-35,-10],[-31,-70],[-31,44],[-71,-8],[-63,26],[-54,34],[-34,-41],[2,-42],[-55,-21],[-10,-40],[-25,-5],[-8,57],[-38,41],[6,24],[42,9],[-16,41],[-56,-9],[-41,13],[-10,27],[25,65],[-16,12],[-55,-18],[-28,21],[-43,-23],[-55,31],[-6,96],[18,49],[-16,21],[-55,5],[-54,33],[-67,-43],[1,-78],[-53,-40],[31,-34],[-30,-77],[23,-63],[22,-27],[14,-58],[-36,-29],[-8,-50],[3,-74],[13,-67],[57,-73],[-32,-35],[-12,-41],[-29,-34],[-1,-26],[-35,-32],[-22,-70],[-259,371],[-56,46],[-46,-16],[-37,13],[-57,-16],[-40,50],[-78,27],[-13,-33],[-50,-21],[-32,77],[-38,27],[-62,-12],[-16,14],[5,45],[-47,1],[-23,56],[-31,-27],[8,-55],[-17,-47],[-46,-19],[-129,-36],[-30,21]],[[59079,52073],[38,53],[-7,78],[-21,46],[32,34],[-18,28],[-10,51],[23,29],[7,42],[22,25],[-48,-14],[-34,17],[-34,-47],[-48,1],[-43,-15],[-34,-53],[-64,-24],[-32,-35],[-66,-27],[-47,-1],[-18,-28],[-28,0],[-52,-55],[-41,-16],[-61,0],[-17,-33],[-42,5],[-13,19],[12,72],[-23,11],[-10,55],[-9,118],[20,50],[-58,58],[-48,-5],[-35,-138],[-53,-30],[-5,-100],[0,-160],[-32,4],[-27,-29],[-40,34],[-3,34],[26,86],[-22,40],[33,32],[17,86],[-3,63],[-29,33],[39,87],[-47,110],[-6,63],[-61,23],[-17,36],[-3,52],[-72,57],[-32,7],[-75,-20],[-32,45],[5,60],[-12,26],[1,82],[-31,19],[-56,71],[-87,63],[-14,52],[-43,2],[-15,90],[-52,16],[-22,-35],[-222,-362],[-11,29],[-50,33],[-16,51],[-49,32],[-41,-16],[-53,15],[-31,34],[7,33],[27,22],[0,38],[-53,53],[-16,0],[-28,119],[-46,-28],[-15,-44],[-46,-46],[-49,-29],[-24,-48],[-33,-31],[-61,-14],[5,-27],[-25,-36],[-13,-59],[-41,-42],[-27,-61],[2,-49],[-41,-56],[-14,-47],[-75,-89],[-45,-114],[30,-46],[-28,-49],[-5,-33],[19,-31],[-6,-130],[18,-34],[2,-61],[-66,-48],[-1207,799],[-1,20],[-71,31],[-20,-8],[-62,50],[-30,-11],[-25,28],[-47,16],[-35,-18],[-38,41],[-77,33],[-128,15],[-23,26],[-63,0],[-88,55],[-2,35],[-86,48],[-49,7],[-49,59],[-6,68],[19,29],[-7,42],[19,62],[33,59],[-28,19],[-6,80],[34,-7],[32,13],[14,29],[-10,38],[72,72],[-17,70],[16,47],[33,-15],[68,54],[-10,27],[-35,18],[-35,41],[26,47],[7,82],[25,15],[19,50],[28,4],[11,44],[47,20],[0,43],[39,49],[-68,-27],[-1,-40],[-89,-36],[12,-26],[-109,-43],[-19,-39],[-99,-38],[-36,-30],[-58,-75],[-29,-19],[-24,-46],[6,-42],[-30,-5],[-15,-36],[-71,-86],[0,-31],[-40,-59],[6,-80],[-72,-35],[-35,-27],[30,-50],[-50,-33],[25,-35],[1,-36],[-41,-32],[20,-66],[-30,-96],[-32,-39]],[[53821,53321],[-4,42],[-122,5],[-75,51],[43,65],[-49,-2],[-20,-43],[-24,-7],[-5,51],[31,63],[-42,0],[18,109],[-26,24],[-44,122],[19,40],[-22,47],[-62,-5],[-39,13],[-11,88],[15,38],[59,-14],[15,42],[-43,40],[56,96],[7,68],[29,54],[-13,67],[24,19],[43,-8],[12,69],[-34,40],[16,78],[-39,100],[16,54],[-24,69],[40,37],[-2,42],[-41,63],[17,57],[-85,17],[-12,43],[18,33],[1,85],[20,47],[-13,36],[21,110],[0,45],[-31,31],[-12,45],[21,42],[-14,23],[5,52],[58,62],[6,50],[-30,47],[21,41],[42,30],[3,47],[-58,54],[-47,15],[1,53],[-11,56],[-21,37],[-16,92],[-31,75],[11,32],[70,79],[29,11],[24,39],[4,108],[12,114],[-28,30]],[[62214,77307],[14,-27],[-4,-120],[-12,-54],[78,-75],[26,-41],[46,-152],[23,-32],[-9,-23],[19,-76],[0,-40],[22,-54],[-22,-138],[22,-67],[-4,-30],[35,-81],[16,-128],[-11,-94],[-26,-24],[-49,17],[-32,-25],[-16,-73],[-101,-141],[-8,-49],[-41,-69],[-101,-39],[8,-40],[-10,-57],[-19,-16],[-19,-60],[32,-48],[25,-59],[11,-62],[36,-22],[26,-36],[32,-75],[37,-24],[23,10],[59,-8],[72,-47],[97,36],[52,-2],[65,86],[7,20],[66,28],[103,4],[64,-29],[138,96],[115,21],[52,48],[41,16],[9,28],[118,72],[20,40],[-5,33],[24,27],[55,29],[46,60],[80,79],[35,85],[114,71],[27,59],[29,33],[63,48],[38,14],[57,46],[49,51],[15,31],[99,-56],[30,-81],[-2,-22],[-46,-79],[-87,-123],[-1,-25],[-38,-101],[-13,-80],[7,-49],[-36,-41],[15,-91],[41,-61],[21,-16],[50,-173],[40,-44],[-16,-31],[4,-44],[-14,-67],[35,-65],[33,-5],[20,-105],[76,-129],[-46,-102],[-74,-59],[-44,2],[13,-110],[40,-226],[198,-131],[25,-36],[2,-47],[24,-23],[5,-37],[167,-2],[-21,44],[-1,81],[-25,42],[44,83],[52,58],[58,27],[12,40],[29,23],[1,52],[71,41],[18,119],[-4,-62],[130,28],[35,-304],[315,-91],[8,-152],[102,-65],[147,-101],[15,-1],[43,-67],[-19,-48],[19,-16],[-37,-54],[1,-22],[-42,-18],[-5,-30],[5,2],[747,-189],[-19,-28],[-57,-31],[-85,-1],[6,-41],[38,0],[-6,-68],[478,-20],[4,5],[230,-236],[42,79],[12,70],[72,90],[21,34],[-18,50],[28,40],[6,44],[28,26],[-13,45],[36,0],[36,-46],[62,16],[52,-34],[1,-38],[27,-9],[-17,-42],[16,-73],[-4,-46],[53,27],[21,-12],[11,-43],[-10,-31],[138,-98]],[[67381,73048],[-29,-54],[-71,-42],[-1,-123],[-27,23],[-35,-43],[-54,-104],[-35,-12],[-8,-57],[-59,-28],[-74,-81],[12,-41],[-48,-105],[2,-35],[-15,-61],[-33,-33],[-20,-47],[15,-74],[2,-75],[-30,-108],[-1,-39],[22,-39],[29,-16],[47,-72],[10,-74],[-12,-95],[-8,-131],[25,-46],[6,-70],[30,-22],[61,-121],[38,-30],[37,-124],[-17,-22],[-14,-76],[16,-45],[82,-309],[-34,-18],[-43,-54],[-42,-14],[-44,-47],[-26,-81],[-34,-34],[-21,-79],[-26,-28],[-21,-93],[-27,-19],[-12,-35],[-69,-63],[-93,-29],[-94,25],[-15,-15],[-47,10],[-3,58],[-41,26],[-27,-20],[-56,46],[-82,14],[-23,-28],[-37,-1],[-42,-41],[-17,33],[-53,-53],[-20,1],[-56,-35],[-9,-30],[-63,-23],[-12,-39],[-44,-12],[-59,-39],[-62,-8],[-52,-38],[-53,1],[-14,19],[-68,-8],[-94,23],[-44,-45],[-63,-4],[-25,-35],[-58,5],[-116,-62],[-35,16],[-42,-16],[-102,29],[-27,-8],[12,-40],[-41,-72],[15,-40],[-88,-92],[-18,-39],[-31,-20],[-40,10],[-28,-28],[-73,-4],[-45,-39],[-65,-41],[-17,-31],[-38,8],[-35,-13],[-53,-69],[221,-130],[57,13],[60,-11],[64,34],[61,11],[25,-34],[33,0],[41,-30],[57,-14],[81,-78],[43,-108],[41,-46],[71,-15],[40,33],[61,-4],[65,8],[83,27],[47,37],[47,7],[59,40],[73,-6],[32,-57],[74,-5],[56,-39],[35,-3],[68,20],[19,-19],[57,-2],[56,-25],[68,12],[12,-34],[39,9],[55,-24],[59,39],[3,24],[42,10],[33,32],[0,31],[51,37],[97,39],[42,-8],[27,-22],[26,10],[30,14],[24,42],[114,24],[43,-15],[32,15],[142,-34],[38,-448],[36,-24],[5,-56],[24,-33],[66,-38],[-2,-58],[28,-30],[-7,-97],[-29,-84],[-101,-77],[-17,-38],[-53,-22],[23,-67],[57,-28],[30,-42],[37,-2],[-7,-92],[49,15],[28,-26],[-18,-74],[-30,-48],[16,-49],[-207,24],[-482,-593]],[[66682,67077],[-32,-35],[-41,-3],[-68,-37],[-41,25],[-41,6],[-95,-28],[-28,-20],[-36,26],[-48,-42],[-15,-32],[-53,-23],[-28,-40],[-40,48],[-43,-24],[-24,-31],[-54,15],[-32,-22],[-82,-4],[-18,-39],[-71,-64],[-54,12],[-8,-65],[-41,-15],[0,-29],[-39,-11],[-13,-43],[-41,23],[9,-48],[-44,-3],[0,-63],[-31,-6],[-11,-31],[12,-50],[-23,-103],[-45,-32],[-6,-60],[-35,-38],[-1,-50],[-29,-10],[4,-31],[36,-31],[-50,-34],[39,-24],[-35,-28],[-21,-73],[-1,-56],[-19,-7],[-31,-62],[34,-32],[-57,-58],[31,-38],[-14,-67],[-41,-65],[20,-50],[-27,-39],[7,-72],[-27,-45],[-47,-42],[11,-37],[-59,-49],[-30,-48],[-38,-18],[-11,-99],[-27,-42],[-5,-41],[-24,-38],[-8,-66],[-31,-19],[-1,-49]],[[64970,64771],[-43,-18],[4,-27],[-29,-34],[9,-26],[-35,-62],[4,-60],[-11,-56],[19,-10],[-44,-68],[6,-39],[-45,-84],[-44,-17],[-8,-26],[60,-41],[-20,-27],[-67,-12],[-40,-65],[3,-41],[-50,-135],[-54,3],[-1,-39],[-60,-25],[-3,-49],[-34,4],[-73,-55],[-4,-17],[-5,-27],[-45,-47],[28,-38],[-7,-39],[-53,-44],[10,-37],[-38,-35],[8,-35],[-37,-60],[7,-59],[23,-46],[29,-27],[21,-68],[32,-36],[15,-59],[-12,-44],[22,-34],[16,-58],[-16,-98],[24,-85],[44,-68],[-19,-20],[14,-39],[-12,-59],[15,-8],[-18,-83],[14,-64],[-24,-21],[35,-92],[8,-42],[52,-29],[38,6],[42,-47],[65,-116],[-7,-49],[16,-24],[22,-92],[-18,-7],[-48,-54],[-47,-90],[-2,-35],[-24,-27],[6,-83],[39,-62],[-32,-89],[7,-73],[-22,-42],[37,-113],[-3,-89],[-17,-48],[-24,-13],[-25,-53],[-5,-40],[-33,-74],[11,-121],[33,-84],[-32,-148],[-20,-23],[-42,-145],[23,-22],[-22,-107],[-18,-9],[-28,-58],[-6,-42],[-31,-14],[-26,-33],[-17,-51],[-33,-13],[-26,-64],[20,-99],[-62,29],[-88,-3]],[[71907,75729],[-34,-63],[-73,-31],[20,-99],[-77,9],[-46,-35],[-29,-46],[-69,-68],[-9,-19],[-2,-164],[15,-66],[27,-36],[-1,-100],[2,-40],[32,-26],[50,-1],[69,-48],[56,-69],[-18,-76],[56,-46],[5,-62],[-61,-103],[17,-72],[-16,-39],[-107,-177],[-68,-50],[-21,-39],[18,-51],[40,-29],[12,-40],[-14,-47],[-56,-46],[2,-51],[20,-54],[92,-91],[7,-118],[6,-18],[46,-85],[34,-29],[-25,-79],[11,-63],[27,-85],[5,-82],[12,-48],[39,-74],[2,-62],[21,-61],[11,-107],[-25,-60],[-50,-66],[5,-45],[31,-68],[-12,-93],[-25,-72],[-23,-23],[-70,-31],[-16,-32],[-37,-26],[-56,-8],[-34,-89],[-16,-22],[-63,-11],[-26,-22],[-15,-80],[-52,-60],[-24,-88],[-49,-48],[-23,-78],[-114,-14],[-31,-39],[-7,-30],[29,-22],[10,-38],[-22,-58],[23,-167],[-43,-16],[-18,-42],[4,-83],[17,-46],[-12,-70],[42,-80],[-15,-35],[-44,-58],[6,-21]],[[71180,71002],[-550,19],[-178,7],[-358,11],[-9,23],[27,58],[21,6],[14,43],[-11,35],[33,28],[-36,80],[-16,8],[2,85],[-46,-9],[-40,9],[-6,39],[-26,37],[15,18],[-85,-39],[-12,-20],[-70,-13],[-95,-86],[7,-43],[-29,-41],[13,-33],[98,-66],[1,-68],[-21,-31],[-30,-13],[0,-47],[-31,-35],[-9,-36],[-70,-53],[-145,-16],[-14,-21],[-79,11],[-3,-20],[-139,3],[-288,293],[-23,48],[-33,11],[-36,64],[1,90],[54,47],[45,13],[25,68],[55,21],[2,19],[55,25],[15,41],[48,34],[48,88],[32,23],[16,35],[30,7],[14,35],[-4,61],[23,55],[90,37],[50,41],[10,22],[-12,50],[-59,32],[-30,54],[-2,65],[-8,53],[33,60],[-23,39],[-25,71],[14,36],[-14,48],[10,62],[22,26],[36,49],[52,13],[44,28],[74,25],[-531,300],[33,5],[109,291],[-53,52],[-7,54],[-48,36],[-27,47],[-32,7],[-31,-33],[-44,-6],[-29,22],[-68,-3],[-9,48],[-46,19],[-5,37],[48,65],[-14,50],[-36,-19],[-18,17],[-58,-14],[-2,50],[-32,37],[-51,-7],[-23,-64],[-61,5],[-50,-50],[-10,35],[-87,7],[-118,48]],[[68344,73757],[-3,50],[38,68],[37,3],[16,33],[25,-25],[86,41],[50,33],[23,46],[26,13],[33,78],[55,76],[-12,43],[11,56],[-20,44],[4,51],[-44,26],[-15,62],[34,41],[-23,26],[20,47],[13,70],[52,57],[-354,-66],[-188,208],[22,169],[73,250],[-26,-7],[13,54],[108,79],[130,-8],[38,-29],[38,4],[-160,468],[-245,-67],[-28,57],[19,56],[117,-5],[8,50],[-20,30],[3,32],[48,38],[0,53],[32,50],[49,39],[-21,33],[10,37],[-12,42],[33,10],[21,66],[31,5],[28,40],[-8,42]],[[68509,76426],[284,-174],[29,1],[49,40],[31,190],[378,-30],[114,-414],[28,11],[74,67],[1,3],[389,69],[14,-30],[112,-108],[40,-57],[22,2],[51,-66],[19,1],[34,-58],[-7,-106],[14,-33],[-27,-49],[38,-58],[0,-31],[-26,-66],[6,-59],[-19,-30],[18,-25],[187,100],[35,-10],[163,-93],[391,371],[140,139],[65,-25],[249,-44],[168,-36],[325,-81],[9,-8]],[[68509,76426],[-70,43],[-18,-39],[-62,-33],[-16,-48],[-55,-44],[0,-50],[-48,18],[-101,25],[0,38],[-54,147],[-244,12],[1,22],[-60,23],[-4,33],[-32,17],[-2,36],[-69,90],[-41,23],[-28,53],[-53,13],[-27,36],[23,57],[-41,57],[-42,-10],[4,-47],[-75,-18],[-24,71],[-65,28],[-5,-45],[-39,-32],[-15,-79],[-24,-41],[-41,15],[-11,-22],[-40,-9],[-10,110],[-48,39],[-37,6],[-14,-22],[-153,-30],[-26,-16],[-12,16],[128,333],[-55,41],[-24,4],[-62,-1],[-111,42],[-39,-24],[0,108],[-9,46],[57,56],[45,73],[28,10],[-24,43],[5,41],[-437,88],[28,53],[-173,85],[-68,-63],[-61,46],[-138,141],[-297,154],[-1,5],[-17,77],[-25,58],[-17,101],[-3,82],[-27,165],[-22,391],[10,638],[-2,0],[115,125],[3,126],[84,192],[-187,66],[7,251],[5,3],[-103,83],[8,264],[107,72],[26,90],[4,60],[-7,86],[-39,272],[7,42],[23,49],[42,36],[-198,472],[262,514],[47,55],[111,60],[36,13],[46,44],[62,12],[12,31]],[[65993,82680],[42,24],[54,105],[31,24],[44,-7],[79,59],[-17,21],[11,60],[29,10],[19,73],[-14,36],[56,8],[78,-58],[-10,-79],[20,-119],[-4,-50],[-90,-41],[-110,-39],[-9,-29],[67,13],[98,-40],[18,-28],[-35,-124],[4,-31],[-38,-21],[-20,-53],[45,-28],[28,-7],[103,-1],[44,27],[35,85],[57,58],[41,108],[45,-21],[44,52],[37,-23],[94,23],[16,45],[59,-31],[2,-34],[49,-29],[50,-7],[46,16],[41,-71],[-42,-20],[25,-37],[42,25],[35,-31],[-2,-48],[25,-14],[13,55],[-28,66],[-29,36],[12,56],[33,-36],[42,2],[4,25],[88,85],[30,9],[6,58],[58,19],[69,-45],[-34,-129],[-72,-28],[-25,-32],[-41,-82],[-38,-28],[-6,-47],[16,-45],[-5,-31],[20,-31],[32,5],[43,5],[22,-44],[19,1],[29,35],[15,75],[78,-42],[61,30],[18,-38],[25,-3],[59,52],[26,36],[43,6],[-14,-64],[36,-6],[19,38],[69,-60],[47,-76],[-56,-109],[-28,15],[-9,34],[-31,3],[-49,-17],[-70,-5],[-49,-56],[-45,-16],[-44,-56],[24,-29],[42,24],[30,-39],[74,-11],[26,15],[27,-42],[-42,-46],[-102,-83],[16,-16],[78,20],[38,28],[38,-9],[94,30],[-14,45],[6,67],[34,-7],[86,-61],[2,-20],[-38,-38],[63,-44],[4,-28],[50,-36],[-12,-55],[37,-37],[21,49],[23,-8],[-20,-47],[6,-25],[-37,-79],[4,-18],[33,1],[23,22],[36,-28],[45,-145],[4,-32],[-16,-38],[31,-44],[-62,-51],[-67,-25],[-65,14],[-34,-35],[29,19],[59,-32],[50,-6],[38,27],[34,-59],[-24,-7],[-76,-77],[-62,-42],[-26,-34],[-4,-38],[-52,-27],[1,-74],[-19,-41],[-36,-33],[-60,-84],[-63,-48],[-51,-16],[-9,-21],[17,-46],[77,-43],[40,12],[12,61],[59,39],[29,44],[58,56],[12,26],[34,11],[28,52],[6,41],[107,31],[28,-16],[26,15],[61,-54],[83,-130],[29,-161],[13,-8],[31,-85],[12,-64],[-54,-56],[17,-55],[-39,-72],[-34,-15],[-51,20],[-43,-13],[-83,10],[-35,-21],[-9,-40],[55,17],[60,-38],[7,-41],[-43,-58],[-41,-17],[-25,-74],[-56,-45],[-29,25],[-29,-9],[-4,-39],[-47,-132],[-41,-67],[-35,-91],[-24,-12],[-28,-66],[-48,-33],[6,-87],[-52,-106],[-16,-68],[37,-107],[-2,-30],[-47,-90],[-48,-32],[-19,-34],[-4,-53],[8,-56],[-8,-45],[17,-66],[20,-23],[104,-44],[60,-34],[101,-15],[37,1],[88,44],[77,71],[35,41],[60,94],[41,109],[7,48],[-2,215],[18,76],[35,40],[9,48],[-10,36],[94,303],[-22,57],[-30,40],[55,42],[0,42],[81,11],[32,28],[-12,28],[22,44],[69,0],[128,28],[42,23],[46,7],[23,7],[48,55],[42,14],[100,56],[76,5],[71,-10],[18,-65],[-9,-51],[-50,-10],[-12,-26],[56,-92],[7,-29],[-24,-53],[-3,-44],[-110,-31],[-30,-28],[1,-33],[-25,-24],[-14,-46],[4,-36],[-64,-68],[-16,-65],[-35,-6],[-29,-38],[-26,-5],[-39,-5],[-54,-45],[-62,-6],[-25,-15],[-36,-72],[20,-47],[43,-5],[28,19],[82,16],[101,-13],[44,8],[34,39],[49,-14],[38,23],[63,87],[8,31],[46,60],[22,53],[45,35],[112,39],[8,41],[57,111],[28,16],[65,-2],[5,53],[42,45],[54,14],[8,20],[18,142],[21,12],[-11,65],[85,64],[5,-67],[-24,-37],[25,-23],[87,51],[8,24],[77,56],[6,47],[-33,47],[44,71],[6,79],[47,31],[74,22],[101,42],[54,-19],[20,-65],[-7,-24],[-44,-5],[-23,-32],[-13,-131],[-41,-109],[-39,-3],[-58,17],[-59,-75],[-41,10],[-32,-27],[-47,-78],[-35,-14],[-5,-30],[20,-28],[45,-2],[34,33],[42,11],[13,-28],[36,4],[-16,-52],[10,-27],[39,6],[26,44],[47,3],[59,-48],[27,9],[64,104],[28,-40],[-42,-24],[-14,-36],[44,-6],[50,66],[11,83],[43,64],[31,6],[28,-49],[-24,-43],[31,-60],[51,-21],[54,-7],[20,35],[7,74],[-68,154],[12,47],[44,41],[51,21],[79,12],[64,-20],[10,7],[146,-4],[172,-59],[84,-41],[108,-66],[99,-46],[116,-69],[105,-53],[115,-52],[178,-104],[135,-87],[39,-14],[118,-1],[28,-38],[53,12],[69,-51],[123,-139],[46,-53],[77,-66],[57,-27],[88,-12],[49,7],[21,-70],[15,3],[29,8],[58,-26],[66,-16],[59,3],[74,-13],[7,-37],[51,-53],[70,-17],[81,-2],[24,-12],[27,50],[-22,28],[23,133],[74,-46],[24,12],[175,-28],[100,-1],[56,14],[31,-31],[30,-82],[28,-27],[34,4],[-4,62],[82,-29],[53,9],[119,-6],[178,-22],[62,-18],[-47,-69]],[[74439,79037],[-36,-26],[-20,-40],[6,-78],[-55,-142],[69,-122],[64,-61],[20,-59],[-33,-49],[-34,-96],[-35,-25],[-77,-79],[-66,-84],[-45,-15],[-25,-31],[-2,-65],[-31,-35],[-25,-55],[-61,-46],[-20,-59],[-14,-17],[-30,-40],[-36,-23],[-66,6],[-67,-41],[-95,11],[-33,-12],[-15,-39],[14,-20],[52,-9],[1,-60],[-48,15],[-16,-92],[-49,-24],[-14,-78],[-39,-23],[-42,9],[-23,-14],[-19,-82],[-53,13],[-53,-11],[-61,-29],[-68,-15],[-29,42],[-44,7],[-54,-40],[-77,8],[-28,-66],[-56,58],[-57,-62],[-52,-11],[-41,29],[15,55],[-31,16],[-17,-11],[-12,-58],[-46,-30],[-10,-67],[-58,-66],[-23,-54],[-14,-28],[-98,-36],[-18,-63],[-6,-26],[-35,-28],[-24,-14],[-77,-87],[-22,-55]],[[72345,76708],[29,-90],[-4,-40],[-33,-53],[27,-70],[-31,-29],[-77,-152],[-18,-54],[-10,-59],[-35,-50],[-100,-66],[-25,-63],[-14,-38],[-47,4],[-70,-112],[-30,-107]],[[66889,82892],[-22,-64],[-25,51],[-22,16],[29,56],[36,-23],[4,-36]],[[66855,82678],[-47,-5],[14,84],[34,3],[15,-47],[-16,-35]],[[68230,79383],[13,-21],[-10,-61],[4,-63],[-15,-65],[-1,-68],[10,-77],[-2,-62],[-15,-109],[4,-72],[-26,-34],[-78,-51],[-93,-75],[-47,-22],[-25,44],[-44,44],[-45,30],[-21,49],[64,46],[34,117],[18,7],[34,118],[-13,43],[2,64],[74,92],[35,27],[13,33],[50,29],[23,33],[57,4]],[[67792,78834],[-5,44],[35,25],[22,-15],[-52,-54]],[[67206,83175],[88,8],[68,-21],[50,-31],[23,-112],[-25,-4],[-23,-38],[-34,23],[-101,-68],[-60,-64],[-50,-26],[-38,3],[-36,45],[18,77],[-44,42],[13,51],[55,-20],[42,5],[-31,79],[37,66],[48,-15]],[[67640,82603],[-32,-43],[-30,-53],[12,-44],[-37,-47],[-45,15],[-10,56],[42,21],[7,51],[78,50],[15,-6]],[[67695,82650],[20,-64],[-21,-62],[-96,12],[41,47],[7,23],[-8,20],[-32,32],[64,19],[25,-27]],[[67735,82453],[-4,-26],[-72,-61],[4,58],[23,49],[49,-20]],[[67724,82087],[-23,-31],[-38,26],[42,23],[19,-18]],[[70460,80241],[-6,-68],[-34,-56],[-12,-37],[-46,3],[-42,46],[-27,72],[35,29],[95,25],[37,-14]],[[70540,80124],[-68,-3],[15,72],[20,20],[34,-36],[-1,-53]],[[69962,80219],[-33,-24],[-24,-58],[-20,84],[39,19],[38,-21]],[[64534,83443],[64,12],[7,91],[35,65],[43,-15],[-7,50],[69,102],[36,10],[20,59],[53,5],[-10,-41],[18,-54],[-35,-36],[0,-35],[45,14],[7,-221],[26,-2],[127,210],[-2,29],[49,84],[12,39],[42,-2],[22,-78],[-17,-49],[-35,-14],[-1,-58],[-83,-46],[-31,-42],[14,-15],[55,56],[2,-45],[46,-42],[-18,-48],[11,-27],[41,-4],[50,36],[-8,49],[27,31],[39,-6],[12,-36],[17,-12],[18,-15],[29,-17],[49,89],[17,59],[46,31],[-2,47],[66,-70],[11,-32],[-78,-92],[-33,-55],[2,-72],[64,-92],[38,-11],[64,50],[42,53],[-4,46],[15,88],[22,81],[38,34],[10,-58],[-15,-63],[-43,-36],[-15,-91],[21,-48],[-21,-49],[36,-37],[36,21],[41,19],[14,-43],[33,-10],[60,21],[3,-58],[63,-48],[-22,-104],[22,-47],[29,-1],[26,61],[40,40],[5,31],[68,38],[2,42],[65,-8],[21,-18],[5,-60],[-21,-53],[-90,-55],[-51,-8],[-8,-57],[-18,-51],[-8,-72],[15,-19],[-20,-50],[30,-28]],[[68344,73757],[-8,-33],[-34,-17],[-19,-40],[-69,-46],[-1,-69],[-196,7],[-42,2],[-280,305],[-10,15],[3,-47],[51,-70],[-29,-35],[35,-26],[6,-56],[-11,-80],[24,-62],[-57,-47],[-27,-47],[0,-58],[-51,29],[-13,-19],[22,-56],[-7,-17],[-39,-13],[-22,-39],[-92,-111],[-23,13],[-49,-36],[-25,-56]],[[65869,83333],[-99,-4],[-2,90],[27,10],[67,-38],[7,-58]],[[65501,83248],[-43,60],[4,56],[29,65],[23,29],[27,-19],[3,-72],[13,-9],[-7,-77],[-49,-33]],[[65233,83560],[-41,-9],[-3,59],[47,10],[-3,-60]],[[71180,71002],[21,-26],[2,-99],[30,-54],[44,-34],[2,-63],[-30,-44],[-35,-28],[2,-39],[39,-60],[16,-57],[35,-27],[51,-4],[44,-16],[30,-56],[16,-102],[33,-25],[51,-19],[24,-40],[51,-42],[54,-10],[47,-65],[-4,-31],[18,-43],[-8,-78],[-26,-56],[57,11],[13,-41],[-53,-45],[-9,-62],[-56,-87],[21,-171],[-50,-57],[27,-37],[-31,-39],[3,-80],[-8,-34],[-50,-71],[-25,-91],[4,-18]],[[71530,69062],[-10,-54],[-69,-83],[-71,-39],[-39,-79],[-43,-27],[-85,-1],[-37,31],[-52,1],[-34,-43],[-71,-32],[-38,-4],[-69,45],[-94,14],[-66,-8],[-57,-62],[-57,-17],[-47,-2],[-63,13],[-24,-10],[-30,-46],[-40,11],[-19,-46],[-65,-23],[-61,17],[-21,-19],[-65,37],[-11,31],[-44,60],[-76,29],[-14,68],[-28,41],[-53,-23],[-33,38],[-51,24],[-35,42],[-81,38],[-55,-7],[-41,31],[-32,-15],[-58,6],[-50,-28],[-36,34],[-69,-62],[-79,-18],[-72,-58],[-67,19],[-40,-47],[-28,10],[-31,65],[-32,-1],[-40,-33],[-106,-4],[-47,-18],[-19,-58],[3,-46],[-42,-32],[-26,48],[-64,-4],[6,-46],[32,-45],[-37,-32],[-24,46],[-38,-76],[-29,-5],[-43,-44],[-14,-49],[5,-42],[-63,-31],[-6,-63],[-14,-33],[-66,-72],[-31,-4],[-27,3],[-8,-50],[-35,-48],[3,-53],[0,-42],[-90,-112],[-32,23],[-87,-27],[-49,4],[-74,-43],[-31,-33],[-100,-35],[-40,-39],[-52,-28],[-23,-65],[-32,-21],[-70,-1],[-16,-51],[-53,-47],[-3,-26],[-50,-80],[-57,-18],[-8,-22],[-39,-10],[-44,-77],[-16,-71],[-15,-23],[-47,-5],[-44,23],[-25,75],[-89,-40],[-13,17],[-71,30],[-9,-37],[-61,-24],[-14,-44],[-37,-48],[-31,-14],[-42,9],[-44,-66],[-13,-42],[-76,-19],[-25,-18],[-44,5],[-9,-3]],[[74900,63523],[-52,3]],[[74848,63526],[-44,8],[-55,101],[-16,-6],[-75,-108],[-62,-52],[-32,-3],[-31,30],[27,170],[66,148],[17,91],[24,89],[-59,73],[25,77],[-16,55],[0,105],[7,61],[19,59],[-84,-10],[-49,72],[-41,22],[-21,40],[-85,18],[-85,39],[-19,18],[-72,69],[-16,-26],[-57,-24],[-68,-42],[-48,59],[-23,103],[2,76],[96,102],[35,24],[-14,26],[-46,5],[-35,69],[-9,37],[87,81],[-24,-9],[-65,-61],[-143,2],[-45,15],[12,126],[-38,40],[-62,100],[-105,7],[-103,74],[-85,33],[27,100],[-83,-95],[-88,68],[-37,-54],[-39,36],[8,37],[-63,21],[-41,51],[-63,11],[-58,27],[-88,-5],[-12,-26],[-41,-28],[-41,-11],[-59,-38],[-23,8],[-54,-1],[-26,-47],[-18,-63],[-101,-17],[-16,-29],[-34,-137],[-67,-8],[-121,-24],[-74,43],[-46,457],[91,15],[-28,50],[-71,14],[-13,127],[3,312],[37,35]],[[72194,66338],[157,-431],[61,14],[27,349],[-11,222],[9,149],[-9,89],[92,-29],[67,26],[29,-32],[34,2],[53,44],[55,93],[66,60],[19,64],[-17,-6],[-93,47],[135,501],[-210,150],[-15,71],[16,120],[-19,109],[3,85],[-4,145],[-402,-56],[-72,-2],[58,74],[89,254],[-44,66],[-39,21],[-3,75],[22,24],[64,26],[18,41],[1,45],[33,33],[-6,46],[55,44],[38,-37],[55,27],[42,69],[-11,36],[98,-6],[39,-10],[23,23],[75,-42],[58,384],[110,33]],[[72940,69348],[2,-198],[58,-20],[169,-82],[50,-60],[85,8],[2,0],[52,-7],[134,10],[51,25],[105,22],[160,-79],[13,-6],[-28,-60],[30,-185],[-8,-234],[89,-79],[139,-218],[10,28],[-5,21],[109,-6],[9,21],[133,25],[5,-37],[181,33],[19,-22],[5,72],[-10,2],[25,102],[4,15],[157,241],[145,-25],[-28,203],[-26,86],[-4,71],[11,133],[189,-33],[124,-79],[93,-69],[107,-90],[-28,-60],[43,-12],[178,-12],[17,40],[139,15],[-40,-246],[109,-22],[733,630]],[[76447,69210],[3,-60],[73,-85],[30,-61],[6,-60]],[[76559,68944],[31,-47],[-27,-92],[48,-61],[136,-13],[41,-56],[68,-48],[99,-18],[94,-30],[93,-11],[41,-67],[11,-69],[20,-17],[22,-62],[36,0],[66,37],[42,-19],[-42,-68],[-36,-24],[-33,-48],[-30,-12],[-15,-114],[15,-71],[-11,-34],[-4,-124],[49,-22],[-53,-36],[1,-40],[-37,-36],[-41,-77],[-74,-101],[11,-38],[-46,-143],[-13,-57],[-21,-74],[-8,-64],[6,-92],[-30,-48]],[[76968,67048],[-42,-34],[1,-24],[-24,-133],[-244,-93],[-27,-40],[-88,-14],[-34,-61],[20,-101],[49,-105],[78,-100],[39,-99],[8,-70],[-17,-69],[-19,-38],[-74,-65],[-18,-33],[-2,-58],[21,-36],[41,-33],[151,-56],[53,-38],[27,-54],[7,-48],[-27,-208],[2,-64],[-43,-92],[-38,-84],[-59,-129],[-14,-59],[27,-53],[2,-38],[-36,-29],[-64,31],[-30,-48],[-49,-6],[-5,-36],[-78,-67],[-26,-58],[-60,-5],[-19,-30],[-46,-8],[-39,-20],[-8,-24],[5,-90],[-31,-61],[-58,2],[-12,-40],[4,-65],[-43,-51],[-49,7],[-6,24],[-23,35],[-44,6],[-15,-26],[16,-54],[-43,-36],[10,-57],[-59,-58],[-50,46],[-63,84],[-49,-1],[-19,-53],[-74,-25],[-21,-36],[-26,-82],[-43,16],[-14,-19],[-23,-84],[-43,-45],[-43,-27],[-17,23],[-34,0],[-45,-120],[-29,-29],[-45,2],[-23,-45],[1,-61],[-18,-27],[-46,-7],[-42,-34],[-83,6],[-31,-54],[-42,-40],[-45,-25],[-49,5]],[[72345,76708],[61,-76],[147,-99],[97,-123],[26,-43],[103,-139],[78,-32],[95,-47],[36,1],[16,-228],[35,2],[35,25],[62,-31],[53,-37],[50,56],[25,-9],[8,63],[20,39],[50,7],[5,23],[29,-123],[-21,-22],[0,-39],[-64,-32],[16,-174],[-23,-30],[27,-98],[-8,-37],[-32,-49],[56,-19],[16,-73],[-12,-16],[1,-59],[69,-7],[35,21],[86,-13],[53,6],[41,24],[53,8],[39,-8],[62,60],[124,-75],[-3,-97],[-12,-70],[-7,-186],[-63,-23],[-124,-47],[46,-78],[-9,-78],[24,-51],[-19,-28],[-2,-165],[49,-6],[164,-8],[96,-43],[59,-69],[36,-55],[87,-94],[-41,-46],[-2,-53],[-19,-44],[-36,2],[140,-50],[99,17],[68,-41],[112,-168],[14,4],[80,-35],[85,37],[138,33],[8,-30],[29,-9],[6,-67],[29,-114],[73,-4],[48,-16],[52,19],[33,-95],[51,-39],[65,-26],[32,26],[54,18],[52,-18],[27,7],[27,47],[56,-13],[29,107],[29,28],[52,-28]],[[75606,73656],[-25,-46],[6,-68],[-26,-38],[48,-58],[-16,-45],[29,-81],[72,-8],[48,-69],[35,-69],[60,-39],[6,-47],[-28,-63],[82,-17],[30,-90],[71,-42],[31,30],[24,-52],[25,12],[7,-50],[53,-42],[8,-33],[52,-2],[28,-42],[46,-15],[8,-28],[-18,-49],[20,-66],[-34,-42],[54,-64],[-30,-20],[-9,-57],[31,-30],[-16,-78],[-29,-17],[-15,-53],[42,-63],[11,-47],[-24,-25],[-53,-14],[14,-40],[33,-26],[12,-53],[-31,-38],[-2,-25],[-2,-64],[-18,-22],[7,-59],[37,-42],[5,-79],[21,-36],[-16,-88],[-18,-45],[-34,-7],[-24,-25],[18,-35],[3,-46],[31,-56],[-10,-46],[15,-61],[6,-93],[-11,-62],[6,-62],[24,-96],[-11,-41],[38,-44],[9,-145],[-33,-41],[-8,-38],[-34,-42],[-9,-66],[46,-5],[31,-26],[29,-128],[24,-87],[-20,-57],[10,-111],[-14,-55],[70,-109],[19,-60],[53,-50],[13,-95],[-34,-85],[-31,-46],[17,-92],[1,-84],[-7,-27],[12,-79]],[[72940,69348],[0,18],[-91,4],[-14,-29],[-525,22],[-23,76],[-139,-31],[-320,-30],[-134,-474],[-31,115],[-43,16],[-47,2],[-43,25]],[[64970,64771],[28,-65],[30,-6],[40,-45],[4,-37],[53,-79],[-6,-24],[34,-33],[110,-8],[60,-48],[28,-5],[37,-41],[25,-7],[10,-36],[52,-24],[28,0],[43,-41],[95,-165],[45,-62],[7,-71],[-33,-81],[-9,-63],[13,-34],[-19,-118],[16,-72],[-10,-71],[-18,-48],[-53,-31],[-117,-143],[-25,-66],[-46,-29],[-8,-55],[-22,-38],[-63,-68],[-35,-2],[-12,-29],[19,-68],[26,-22],[30,-54],[-17,-93],[50,-83],[451,-200],[40,31],[84,82],[45,91],[74,62],[39,58],[28,77],[39,32],[83,100],[55,40],[50,54],[26,13],[32,46],[105,50],[88,92],[25,39],[30,83],[78,72],[41,87],[4,51],[44,110],[9,129],[-2,121],[9,107],[16,34],[11,80],[-4,79],[67,85],[54,188],[28,75],[5,51],[-13,65],[0,54],[-48,54],[4,126],[982,-552],[65,247],[634,-33],[106,-35],[105,-61],[217,33],[98,188],[124,-8],[-10,18],[12,61],[22,29],[-14,52],[24,50],[-14,28],[26,75],[-14,13],[-2,94],[36,130],[-7,46],[31,45],[15,2],[128,56],[13,-297],[256,10],[63,35],[30,-60],[122,21],[-9,-52],[-140,-225],[-118,-16],[-150,-870],[-53,-307]],[[69535,63741],[-215,-245],[-193,-527],[-214,-398],[187,-373],[188,-371]],[[69288,61827],[-9,-13],[-33,-56],[-39,-31],[-52,-85],[-37,-95],[23,-63],[-5,-70],[20,-15],[-20,-50],[30,-27],[62,-121],[10,-33],[-9,-59],[26,-92],[48,-39],[98,-50],[4,-22],[46,-6],[73,-54],[26,-53],[-30,-31],[-4,-35],[-27,-44],[-40,-14],[-34,-53],[36,-34],[4,-42],[-29,-50],[11,-34],[71,-48],[5,-48],[-18,-55],[-49,-34],[-7,-39],[-16,-47],[-47,16],[-89,-2],[-34,-62],[14,-58],[-12,-80],[-37,-104],[-58,-76],[-66,-72],[4,-64],[-8,-73],[-32,-41],[-49,-29],[-56,-61],[-9,-33],[-38,-43],[-3,-23]],[[68903,59380],[1,-66],[-22,-37],[-30,-8],[-91,16],[-30,36],[-38,35],[-47,-17],[-20,-83],[20,-82],[-60,-78],[-54,-191],[-27,-23]],[[68505,58882],[-62,-19],[-38,-77],[-31,-32],[-60,-5],[-23,27],[-38,13],[-35,36],[-22,1],[-62,-31],[-48,14],[-52,71],[-24,66],[-28,40],[-41,24],[-26,-2],[-24,-21],[-89,-108],[-30,-22],[-53,-6],[-53,17],[-27,-21],[-23,-51],[-64,-36],[-61,9],[-43,46],[-70,12],[-27,-14],[-28,-54],[-61,-56],[-64,-1],[-32,-26],[-2,-38],[16,-76],[-15,-74],[-32,-22],[-76,19],[-73,-39],[-27,-25],[-4,-42],[-67,-10],[-54,-98],[3,-52],[-53,-42],[-37,-46],[-17,44],[-20,-1],[-48,-43],[-30,0],[-78,-65],[-30,26],[-63,73],[-49,23],[-49,0],[-12,25],[-65,65],[-68,33],[-56,-16],[-23,16],[-93,7],[-30,13],[-77,7],[-29,12],[-2,30],[-61,-11],[-26,29],[-22,94],[-59,33],[-43,5],[-36,21],[-63,63],[-21,138],[-34,75],[-66,19],[-40,40],[-10,39],[4,102],[-20,38],[19,104],[-18,35],[38,54],[72,63],[11,47],[-50,35],[-22,49],[10,101],[-10,42],[-58,57],[-36,62],[-39,38],[-53,31],[-17,36],[0,85],[-16,29],[-58,44],[-23,42],[-8,54],[15,54],[-3,54],[-26,47],[-53,38],[-84,-45],[-18,-1],[-51,-47],[-49,-25],[-75,3]],[[74848,63526],[-31,-43],[-45,-128],[-33,-73],[-23,11],[-52,-55],[-39,-56],[-36,0],[-19,-47],[-36,-35],[5,-43],[-36,-27],[-22,-62],[-24,-14],[-13,-73],[-45,-21],[-9,41],[-82,-2],[-66,-72],[-83,-7],[-11,-45],[-36,-15],[-79,5],[-18,-37],[-8,-56],[-3,-100],[-25,-41],[-88,-61],[-47,-48],[-2,-45],[-53,-73],[-25,-90],[-16,-34],[-38,6],[-36,10],[-35,-40],[-38,-8],[-15,-34],[-33,-20],[-52,42],[-24,1],[-37,41],[-65,-42],[-41,42],[-33,-11],[-83,-2],[-61,-52],[-91,-18],[-103,10],[-62,-17],[-44,27],[-29,-5],[-71,-61],[-41,4],[-68,-16],[-24,-42],[-73,-47],[-1,-52],[-19,-25],[-80,-35],[-46,-30],[-19,-30],[-6,-49],[-48,-54],[-76,10],[-23,-27],[11,-38],[-17,-28],[-50,-16],[-91,19],[-38,-12],[-44,10],[-30,-47],[-40,-57],[-48,-10],[-38,7],[-24,-15],[-52,8],[-41,38],[-31,-12],[12,-46],[-56,-62],[-42,-25],[-9,-52],[-22,-24],[-68,-6],[-47,11],[0,43],[-19,70],[7,41],[-20,27],[-32,0],[-40,-32],[-19,7],[-59,94],[-56,1],[-34,18],[-32,109],[-6,60],[12,74],[-28,55],[-36,19],[-120,-30],[-41,2],[-2,46],[-35,-6],[-27,31],[-42,10],[-36,34],[-21,-32],[-37,26],[-33,-6],[-30,-80],[-48,-26],[-33,55],[-22,0],[-55,-27],[-55,3],[-18,-30],[-25,10],[-17,51],[-44,29],[-51,60],[-40,0],[-50,55],[-40,92],[-60,99],[-34,31],[-70,17],[-66,-28],[-49,-53],[-53,-36],[-88,-28],[-65,-79],[-37,-51],[-159,-120],[-143,-32],[-72,-45]],[[69535,63741],[-6,-38],[543,-17],[489,-16],[-19,-48],[422,-1],[44,109],[70,-1],[20,-11],[14,-23],[69,-5],[61,-11],[145,32],[127,10],[152,-2],[106,11],[10,82],[16,43],[29,153],[30,70],[36,28],[30,54],[69,61],[0,120],[6,34],[-11,48],[53,173],[8,79],[31,41],[31,87],[-4,18],[31,72],[-8,107],[3,65],[21,114],[-56,31],[-68,113],[-10,56],[-31,50],[-46,5],[-74,31],[4,113],[78,513],[-154,208],[68,120],[5,55],[55,-28],[57,50],[4,83],[226,10],[-17,-251]],[[74439,79037],[54,16],[49,-23],[23,-57],[68,-75],[27,10],[110,-120],[70,-47],[31,-46],[53,-41],[78,-30],[54,18],[52,-31],[53,-8],[77,37],[97,-31],[48,-11],[42,11],[54,-37],[78,-30],[42,14]],[[75599,78556],[-1,-79],[43,-42],[72,-12],[28,-85],[9,-84],[-21,-47],[8,-88],[-134,-118],[-40,-63],[9,-50],[-185,-312],[-7,-61],[-41,-56],[19,-33],[12,-58],[55,-40],[68,31],[53,-3],[-13,-156],[13,-99],[38,-23],[-42,-12],[-17,-57],[2,-37],[-28,-49],[-72,-17],[-4,-43],[55,-34],[26,-90],[-30,-144],[17,-9],[62,-5],[49,-22],[15,-23],[56,-9],[36,-27],[-33,-28],[-22,-56],[14,-75],[-84,-119],[38,-42],[7,-64],[43,-54],[3,-36],[37,-42],[17,-78],[-23,-68],[-50,-54],[20,-71],[-42,-44],[135,36],[39,-1],[31,-41],[112,-14],[16,-36],[-31,-26],[8,-31],[-46,-124],[30,-64],[14,-53],[63,-17],[-17,-25],[-3,-4],[-91,-129],[31,-192],[-3,-45],[-34,-40],[-39,-68],[-32,-51],[3,-60],[-45,-83],[-3,-63],[-26,-47],[-10,-76],[-32,-32],[-13,-52],[-32,-47],[-43,-13]],[[75616,74271],[41,-14],[-30,-82],[8,-26],[60,-50],[46,-94],[-52,-72],[-52,-47],[-65,-89],[37,-33],[48,-11],[10,-22],[-38,-25],[-23,-50]],[[76559,68944],[143,-10],[4,-26],[144,14],[29,22],[25,53],[-1,33],[26,29],[92,0],[27,22],[103,20],[34,-6],[36,13],[15,74],[14,14],[119,33],[5,18],[51,44],[7,51],[52,50],[41,19],[74,21],[26,28],[24,-20],[58,13],[16,-29],[35,10],[22,29],[28,-13],[46,39],[87,6],[38,25],[49,1],[63,-51]],[[78091,69470],[-3,-30],[17,-56],[29,-43],[66,-45],[-34,-46],[-33,-131],[13,-49],[43,-57],[-8,-41],[18,-70],[-18,-40],[-51,-31],[-1,-39],[33,-4],[3,-39],[-45,-80],[90,-1],[25,-40],[44,15],[36,-39],[68,-50],[24,36],[106,47],[108,-10],[9,-55],[54,29],[37,37],[30,10],[18,29],[-8,37],[29,39],[73,34],[-4,-54],[4,-14],[60,3],[29,-16],[71,7],[19,-42],[0,-53],[19,-31],[-1,-81],[15,-22],[-8,-39],[56,-12],[39,-44],[-42,-76],[138,23],[30,21],[76,-27],[38,64],[39,-13],[33,-60],[24,-2],[22,-33],[55,17],[5,23],[47,44],[34,-38],[35,15],[17,-22],[49,11],[24,-14],[65,40],[-2,36],[-60,16],[-17,28],[43,55],[-1,25],[70,45],[4,47],[22,26],[5,43],[-34,56],[-35,8],[-3,57],[31,23],[5,35],[134,-66],[54,-36],[11,-30],[71,-19],[12,-25],[-27,-47],[16,-19],[5,-65],[69,-12],[20,-24],[6,-67],[49,-16],[93,20],[31,23],[21,54],[105,39],[44,-17],[35,8],[18,33],[27,9],[43,64],[19,13],[16,87],[-3,28],[25,-27],[77,-18],[15,-23],[-12,-56],[48,-95],[13,-53],[-26,-15],[-12,-49],[26,-45],[-2,-32],[42,-42],[-3,-21],[73,-67],[-62,-20],[9,-59],[8,-122],[-57,1],[-48,-27],[83,1],[15,-22],[62,1],[27,-15],[-25,-51],[-4,-43],[44,-18]],[[81064,67880],[14,-16],[4,-62],[-21,-30],[31,-18],[17,-42],[-22,-34],[-33,-14],[30,-10],[47,-42],[88,-50],[2,-29],[36,-18],[9,-5],[-20,-49],[45,-69],[-7,-28],[-48,-74],[-1,-95],[-15,-47],[87,4],[44,-22],[7,-76],[10,-27],[49,-48],[79,16],[9,-33],[25,-37],[15,-66],[-37,-60],[-2,-54]],[[81506,66745],[-23,-48],[-51,-67],[-13,-45],[-30,-43],[27,-13],[-6,-39],[-48,-22],[4,-35],[-96,0],[28,-73],[-36,-36],[-23,-131],[-21,-40],[-51,-24],[-48,-3],[-31,-105]],[[81088,66021],[-7,-13],[-34,-16],[-28,-68],[-40,14],[-67,-34],[-53,8],[-29,-23],[19,-51],[-33,-56],[-42,0],[-53,26],[-24,-29],[-7,-63],[-31,-6],[-104,-15],[-19,-58],[14,-28],[-34,-70],[-28,-26],[4,-38]],[[80492,65475],[-9,-3],[-80,19],[-35,74],[-18,-27],[-65,15],[-35,-57],[-60,-38],[-7,20],[22,45],[-3,60],[-24,66],[1,36],[-7,29],[-45,59],[-12,32],[-30,24],[-56,11],[-46,49],[-36,23],[-104,-34],[9,55],[-36,51],[-93,5],[-70,57],[-6,21],[-62,49],[-50,32],[-65,18],[-4,42],[-26,36],[-28,5],[-60,2],[-21,106],[36,30],[35,47],[-8,80],[-73,5],[-22,19],[-81,-43],[-21,-3],[-36,64],[-17,81],[-63,7],[-63,7],[-38,123],[-57,62],[-77,58],[-80,33],[-44,4],[-67,-11],[-59,12],[-31,-8],[-66,22],[-76,-33],[-33,5],[-51,-4],[-175,-77],[-103,-11],[-97,-1],[-93,8],[-66,31],[-87,40],[-56,47],[-46,63],[-46,47],[-110,7],[-83,-70],[-39,-67],[-77,-29],[-91,8],[-35,18],[-137,107],[-30,13]],[[79332,78161],[44,-13],[35,10],[24,-14],[36,-53],[55,2],[39,-20],[42,-94],[18,-22],[95,-31],[63,-62],[81,-49],[54,-67],[61,-16],[53,-34],[35,-44],[41,-20],[34,24],[54,-21],[42,-55],[103,-55],[48,-3],[65,-59],[80,-119],[56,-110],[57,-54],[62,-7],[46,-100],[59,-61],[36,-17],[99,34],[35,-7],[42,-34],[80,-115],[10,-31],[29,-76],[24,-31],[35,-2],[89,-97],[105,-26],[79,-133],[48,-52],[56,-27],[63,-50],[42,-57],[54,-48],[149,-47],[17,7],[91,-64],[66,-12],[36,-18],[77,28],[48,-131],[81,-165],[89,-165],[56,-75],[69,-65],[71,-27],[107,-169],[34,-60],[34,-31],[95,-166],[70,-126],[78,-90],[78,-102],[23,-16],[49,-67],[51,-33],[62,-84],[53,-54],[65,-78],[116,-111],[21,-7]],[[83526,74317],[61,-46],[-14,-20],[-80,18],[-53,-27],[-26,16],[-31,-16],[-17,38],[-42,9],[-46,-14],[-9,-38],[-55,-32],[18,-85],[28,-41],[-40,-92],[11,-38],[-41,-26],[-20,-108],[-35,-35],[-18,12],[-49,-9],[-19,20],[-39,-6],[-66,21],[-97,-77],[-55,18],[-81,-17],[-71,89],[-45,44],[-156,108],[-42,48],[-59,21],[-25,30],[-52,-42],[36,-66],[-17,-53],[-24,-36],[-67,-47],[4,-20],[-40,-32],[-30,-48],[-56,-36],[-39,12],[-56,-1],[-74,-71],[-49,24],[-53,11],[-22,-4],[-75,-53],[-40,-16],[-34,52],[-19,1],[-15,52],[-61,29],[-21,105],[-43,-18],[-48,7],[-62,-8],[-41,-19],[-24,-41],[-58,-61],[-97,20],[-40,-30],[-23,-73],[-55,-31],[-43,-44],[-48,0],[-14,61],[-30,36],[33,43],[0,59],[-59,-7],[3,23],[-37,35],[-125,25],[-38,-35],[-31,41],[-80,-6],[-39,41],[-71,-15],[-49,-48],[-117,13],[-16,25],[-104,-15],[-26,-29],[-7,-65],[-26,-48],[-66,-25],[-29,-29],[-45,-19],[-7,37],[-8,-45],[28,-27],[26,10],[67,59],[41,1],[8,-40],[-17,-32],[-95,-52],[5,-53],[-16,-54],[-51,-67],[21,-50],[17,-97],[-34,-42],[-15,-52],[38,-73],[-6,-36],[-29,-12],[-27,18],[-32,79],[-9,43],[-105,-59],[-67,-26],[-34,-31],[15,-84],[-52,-53],[-23,-56],[-292,40],[-13,-36],[43,-73],[47,-38],[25,4],[104,-66],[-220,-342],[-13,-135],[12,-40],[-26,-35],[-29,10],[-53,-73],[-50,13],[-44,-10],[-39,-40],[-14,26],[-41,-8],[-15,17],[-71,-27],[-40,-49],[-13,37],[-28,-10],[-22,37],[-34,20],[-79,-9],[-50,-56],[-35,29],[-23,-8],[-26,69],[-51,44],[-31,9],[-52,-9],[-61,60]],[[78359,72163],[-21,48],[9,34],[-31,17],[-16,32],[16,57],[-8,46],[59,80],[-19,23],[-13,54],[-35,-3],[-58,43],[-39,17],[-92,9],[-13,-20],[-43,5],[386,187],[60,87],[12,57],[27,5],[-15,203],[30,56],[52,-1],[14,30],[65,18],[18,49],[-49,38],[-64,88],[-6,57],[49,50],[-20,33],[24,26]],[[78638,73588],[28,-38],[71,-8],[34,50],[40,86],[76,12],[55,-39],[-13,94],[147,-39],[34,60],[30,45],[-29,31],[24,32],[-49,22],[-57,2],[-6,42],[127,80],[73,51],[2,23],[-39,62],[-58,13],[-38,-9],[-50,57],[32,29],[-1,26],[80,42],[-22,50],[10,46],[-17,65],[-30,41],[58,34],[6,33],[33,-1],[-2,68],[-46,57],[22,63],[-28,36],[23,51],[-41,55],[-38,19],[-45,157],[35,37],[-47,35],[-51,115],[-50,14],[-39,34],[21,33],[-8,26],[-53,49],[13,37],[-36,20],[-25,-9],[-43,26],[10,45],[-16,65],[-44,18],[-27,62],[-101,89],[-14,82],[185,-132],[-100,445],[-80,47],[-2,125],[-10,47],[31,119],[39,53],[45,111],[-17,17],[-89,-11],[-52,7],[-61,-30],[42,25],[25,47],[-10,86],[33,93],[-9,51],[10,40],[27,23],[-1,35],[49,31],[27,39],[26,110],[77,40],[39,33],[14,49],[27,53],[28,16],[12,36],[26,52],[23,74],[-30,43],[16,29],[44,26],[24,40],[13,72],[-6,44],[384,264],[6,23],[-32,23]],[[75599,78556],[70,36],[54,46],[144,-15],[76,7],[67,-18],[58,-3],[21,14],[28,-40],[-15,27],[92,-16],[157,6],[101,23],[10,17],[75,-10],[41,32],[113,-7],[26,-63],[24,15],[57,5],[47,20],[29,27],[47,17],[72,-9],[139,12],[67,-18],[79,13],[41,-13],[7,17],[107,40],[30,20],[24,54],[54,18],[99,-55],[36,-17],[71,-14],[86,-2],[108,10],[138,-18],[70,-16],[22,10],[91,-9],[69,-63],[32,-15],[43,41],[60,-13],[62,-30],[32,7],[47,-23],[29,6],[142,-40],[52,-41],[56,-9],[68,-43],[13,-23],[48,-23],[150,-143],[21,1],[64,-50],[82,-77]],[[78638,73588],[10,102],[-307,64],[-144,-73],[-45,-166],[-46,13],[-8,24],[-54,43],[-62,-18],[-77,45],[-41,3],[-25,18],[-13,47],[-56,54],[4,36],[-26,29],[16,44],[-63,70],[23,69],[26,39],[61,55],[1,30],[-65,35],[-55,-7],[-79,87],[-183,63],[-110,60],[-188,-120],[9,-53],[-35,-87],[-25,-23],[-46,2],[-85,-164],[-25,-48],[-146,-18],[-68,26],[-53,-13],[-50,20],[-47,-26],[-42,-3],[-64,20],[-38,-9],[-156,8],[-15,74],[-31,9],[-21,67],[-69,47],[-79,41],[-37,39],[-43,6],[-26,30],[-113,13],[-34,22],[-121,26],[-12,28],[-44,3]],[[78091,69470],[33,34],[-10,22],[31,41],[9,66],[21,2],[10,60],[47,-4],[8,65],[24,79],[37,18],[31,-14],[50,37],[62,26],[32,-6],[18,34],[56,55],[-11,40],[21,32],[3,48],[11,42],[-66,43],[-18,-27],[-46,-26],[-27,11],[-7,39],[65,22],[56,43],[11,55],[38,3],[65,98],[35,14],[41,66],[-2,58],[-32,22],[-50,63],[19,45],[-17,25],[-44,-27],[-55,-8],[-61,54],[1,42],[43,61],[-18,36],[-26,-4],[-43,29],[-30,-9],[-25,37],[7,23],[-22,53],[-27,7],[10,51],[-8,26],[6,71],[-37,28]],[[78310,71171],[-30,20],[-23,77],[25,70],[39,19],[23,35],[43,-18],[66,-7],[48,-22],[28,14],[57,-25],[32,28],[96,5],[17,46],[49,86],[20,15],[33,-24],[77,-34],[47,28],[10,-46],[123,-24],[-9,-33],[43,-25],[31,25],[25,-7],[45,16],[3,-43],[25,-15],[40,6],[37,46],[37,-5],[17,-23],[41,5],[86,-43],[33,30],[30,-10],[-7,-46],[97,-82],[-87,-87],[24,-28],[24,-70],[43,21],[240,-155],[0,-23],[-34,-42],[-12,-59],[47,-38],[-41,-14],[-41,-82],[-3,-36],[-24,-9],[22,-66],[-25,-49],[29,-17],[-25,-75],[58,-58],[38,-16],[41,38],[59,-38],[28,18],[63,0],[16,15],[45,-7],[22,12],[16,74],[37,-19],[27,9],[21,11],[38,-32],[29,-45],[42,14],[58,-43],[60,-32],[19,-59],[77,48],[26,-36],[45,-29],[2,-52],[-15,-72],[28,-71],[62,55],[66,-8],[33,-19],[-2,-99],[8,-39],[56,-20],[34,30],[44,-3],[24,23],[29,-29],[48,36],[44,17],[31,-27],[33,31],[70,-31],[-6,-68],[-27,-43],[16,-93],[30,-14],[79,-6],[56,45],[57,29],[45,7],[27,-21],[28,-63],[36,-18],[6,-38],[37,-35],[74,25]],[[81719,69635],[-22,-40],[-41,-14],[-22,-46],[-59,-37],[18,-37],[7,-31],[-38,-36],[8,-74],[33,-24]],[[81603,69296],[-72,-54],[-6,-48],[50,-22],[48,12],[61,-27],[-34,-35],[-38,-27],[-7,-39],[-25,-10],[-10,-46],[-61,-76],[-41,-30],[1,-50],[9,6],[-49,-58],[-41,-73],[22,-22],[7,-39],[-42,-27],[-7,-30],[-20,-37],[21,-32],[-14,-49],[-24,-4],[-27,-79],[35,-65],[5,-70],[51,-57],[34,-15],[-8,-28],[-83,-43],[-52,-60],[2,-29],[-11,-38],[-131,-83],[-61,-14],[-21,-18]],[[83526,74317],[16,1],[48,-41],[106,-21],[-1,-66],[34,-30],[44,-137],[42,-72],[54,-49],[78,-110],[109,-122],[111,-74],[30,-6],[41,4],[32,29],[36,1],[35,-48],[161,-85],[144,-49],[41,-29],[68,-82],[28,-58],[19,-90],[37,-121]],[[84839,73062],[-245,-53],[-211,-46],[-49,-10],[-407,-78],[-56,-183],[-47,-138],[-78,-18],[-35,-23],[-24,-77],[-78,-96],[-33,-121],[-28,-42],[-4,-40],[5,-55],[-20,-73],[19,-48],[-11,-27],[-63,-46],[-56,-45],[-28,-11],[-42,-86],[3,-85],[-41,-51],[-32,-63],[-10,-74],[-26,-50],[-76,-7],[-41,-79],[-94,-44],[-20,-31],[-3,-44],[-37,-22],[-37,-73],[-22,-41],[-39,-14],[-72,-64],[-4,-68],[-18,-42],[33,-24],[64,-29],[-30,-55],[-38,-58],[-66,-65],[-46,-71],[4,-40],[-19,-86],[-49,-49],[-6,-31],[-35,-26],[-12,-37],[-4,-20],[-88,-35],[-103,-91],[-19,-26],[-6,-86],[-54,-56],[-76,-50],[-30,27],[-45,2],[-67,-22],[-20,22],[-8,69],[-53,-7],[-20,-2],[-48,-48],[-34,-17],[14,-31],[-52,-37],[-10,-23],[-19,-37],[-7,-54],[-62,-56],[-2,-29],[-61,-3],[-7,-52],[21,-26]],[[78310,71171],[-47,-2],[-10,38],[-36,26],[-20,62],[48,58],[5,60],[-7,52],[-43,45],[101,43],[34,62],[18,52],[-38,31],[8,45],[-60,11],[19,50],[-17,14],[-2,71],[-17,65],[17,34],[-6,19],[19,71],[55,31],[28,54]],[[85679,67574],[9,39],[31,50],[40,110],[-90,0],[0,135],[-136,155],[-92,-25],[-85,-30],[-116,-62],[-29,68],[6,45],[-11,50],[-34,40],[-24,-4],[-76,-59],[-66,-39],[-30,-7],[-104,-27],[-18,6],[-61,-82],[-50,-41],[-47,-25],[-96,10],[-46,39],[-1,82],[-24,48],[16,76],[-57,54],[17,49],[-70,17],[-67,-27],[-122,10],[-26,10],[-180,-22],[36,78],[13,50],[-21,41],[8,70],[-12,34],[19,105],[-15,44],[43,37],[100,-8],[51,32],[11,24],[19,148],[24,40],[-31,46],[2,50],[18,25],[3,29],[26,26],[4,64],[36,56],[70,32],[47,75],[65,-15],[32,4],[10,73],[47,63],[43,32],[75,14],[22,55],[45,8],[44,69],[-40,29],[23,82],[-10,24],[3,139]],[[84850,69892],[30,68],[22,73],[80,93],[124,-86],[85,238],[50,50],[18,86],[48,49],[30,7],[37,-107],[38,-14],[8,-33],[-42,-33],[-16,-40],[-29,-31],[17,-32],[30,-15],[29,-103],[41,4],[57,-28],[47,-7],[33,-23],[18,-69],[-19,-87],[47,4],[-4,-28],[54,-6],[46,31],[60,-46],[82,-7],[23,-41],[-17,-27],[14,-34],[116,-52],[35,-1],[37,57],[216,70],[26,172],[160,154],[94,34],[27,33],[28,100],[32,-5],[30,18],[43,-63],[41,8],[44,-9],[-8,-43],[35,60],[84,11],[52,64],[9,-83],[72,-97]],[[87064,70126],[-78,-208],[-75,-157],[-59,-182],[14,-18],[84,-100],[-8,-106],[-26,-77],[18,-38],[-75,-80],[-17,-41]],[[86842,69119],[-41,26],[-73,-45],[-44,-17],[-72,47],[-87,-165],[-10,-9],[-155,24],[-14,-73],[-71,-166],[2,-71],[2,-58],[99,-57],[3,-51],[16,-23],[39,-12],[27,-35],[-1,-169],[-25,15],[-27,-25],[-23,49],[-94,64],[-18,-41],[-57,-141],[-17,-75],[-28,-31],[30,-63],[24,-8],[64,-58],[4,-62],[-26,-103],[-45,-17],[-36,-41],[-38,6],[-34,-41],[11,-46],[-90,-139],[-78,-4],[-40,18],[-74,11],[-18,-21],[-40,-103],[-22,-19],[-42,29],[-37,46],[-25,54],[18,55]],[[84839,73062],[66,-135],[56,-73],[34,-26],[48,-76],[44,-10],[28,29],[56,32],[52,-23],[60,-47],[39,-11],[69,32],[12,15],[56,-9],[46,30],[92,-78],[41,-17],[52,0],[49,-60],[93,-146],[51,-50],[47,-17],[77,-51],[41,-40],[62,-23],[94,-5],[79,-23],[8,41],[63,-22],[95,-15],[5,30],[79,32],[76,-23],[59,3],[96,-44],[79,-27],[94,-1],[52,-43]],[[86989,72211],[1,-26],[42,-35],[-1,-85],[16,-132],[-7,-45],[-4,-168],[-208,115],[-31,-51],[-9,-113],[-70,-46],[-74,-88],[-103,-588],[369,-161],[83,-84],[16,0],[221,512],[-94,120],[147,-11],[69,-64],[-35,-110],[-79,-111],[62,-62],[-2,-64],[177,-179],[-82,-238],[-64,-153],[2,-86],[-15,-43],[-43,-9],[-51,39],[-63,-16],[-29,-63],[-36,27],[-30,-67]],[[84850,69892],[-47,3],[-17,25],[-48,-5],[-19,39],[-57,1],[-41,-68],[-34,-4],[-19,22],[-95,-39],[-46,-47],[-56,8],[-37,-61],[-34,-7],[-41,13],[-46,-6],[-20,-19],[-15,-64],[-57,-14],[-89,6],[-34,-1],[-10,-33],[-48,7],[-19,25],[-82,-47],[-28,0],[-52,-6],[-21,-24],[-61,1],[-61,18],[-20,22],[-78,-26],[-31,-32],[-5,-39],[-47,-34],[-4,-38],[33,-20],[-25,-51],[13,-51],[-68,13],[-41,-7],[-42,-67],[-36,-34],[20,-23],[-61,-82],[-56,23],[-14,-8],[-6,-77],[-26,3],[-43,-29],[-17,-23],[-38,-6],[-27,44],[-29,9],[-10,-44],[-87,-20],[-29,-37],[14,-56],[-33,-15]],[[82823,68910],[-32,14],[11,33],[-39,12],[-40,-25],[-27,-49],[-34,-24],[-6,-38],[-55,-33],[-30,8],[-24,69],[-56,-12],[-52,7],[-19,28],[-65,17],[-63,4],[-77,-54],[-18,50],[-38,2],[-30,71],[-35,13],[-66,5],[-23,90],[-38,35],[-59,-7],[-47,30],[-5,28],[-83,-8],[8,21],[-8,73],[73,78],[-42,-7],[-67,-54],[-63,41],[-71,-32]],[[86989,72211],[44,34],[109,-29],[190,-15],[74,6],[70,35],[47,24],[59,5],[42,27],[56,1],[76,15],[75,-12],[91,-46],[50,-22],[61,-7],[61,-23],[71,-2],[26,-12],[184,-81],[29,3],[132,-57],[52,11],[101,-60],[56,-16],[67,-37],[65,-20],[47,-61],[17,-48],[94,-70],[56,-88],[16,-45],[25,-39],[26,-185],[35,-63],[27,-11],[36,-30],[-4,-44],[36,-65],[8,-73],[32,-51],[28,-6],[5,-95],[16,-31],[4,-72],[35,-52],[-3,-97],[20,-52],[-8,-102],[27,-60],[27,-21],[-22,-52],[-11,-57],[19,-32],[1,-70],[28,-47],[-11,-97],[0,-73],[16,-43],[40,-10],[-3,-38],[-9,-47],[4,-81],[20,-48],[32,-8],[16,-40],[16,-14],[14,-68],[-14,-79],[29,-39],[-18,-138],[2,-76],[2,-114],[25,-16],[7,-60],[34,-40],[47,-7],[12,-22],[-9,-83],[7,-50],[-1,-64],[5,-105],[15,-40],[62,-18],[32,-130],[-3,-83],[7,-94]],[[89870,68389],[-22,2],[-34,-35],[-85,-4],[-21,-29],[-50,-24],[-82,85],[-41,-16],[-29,-63],[-55,-55],[-54,-11],[-56,25],[-30,20],[-21,67],[-15,-7],[-14,-22],[-54,-5],[-51,-22],[-130,8],[-23,17],[-49,73],[-96,66],[-79,13],[-50,14],[-45,-6],[-65,29],[-83,-8],[-41,-22],[-37,23],[-48,69],[-30,-7],[-45,25],[-60,24],[-43,0],[-61,-52],[-44,3],[-36,-15],[-75,-12],[-15,0],[-209,1]],[[87792,68538],[-171,1],[-47,26],[-23,-10],[-69,25],[-22,78],[-45,23],[-86,107],[-47,-35],[-1,0],[-33,-21],[-77,16],[-71,-9],[-121,0],[-54,-5],[2,86],[-92,28],[-16,38],[9,29],[36,39],[13,36],[-2,60],[0,23],[-33,46]],[[81506,66745],[52,-38],[13,-48],[33,4],[15,-28],[49,-3],[81,35],[24,48],[44,-4],[8,32],[-26,45],[52,44],[41,72],[22,11],[40,70],[18,-2],[38,80],[20,60],[38,35],[46,22],[27,60],[-46,9],[-59,-32],[-26,98],[37,-6],[18,22],[8,58],[-11,35],[50,38],[31,64],[64,71],[142,-54],[68,-7],[90,2],[100,-17],[28,7],[11,91],[35,9],[46,-19],[43,55],[37,22],[-11,157],[35,26],[0,47],[-21,12],[9,63],[29,15],[-41,77],[3,48],[-17,26],[4,113],[99,60],[-39,53],[-37,16],[3,63],[115,80],[-7,78],[25,33],[-34,107],[-75,9],[-25,36],[22,61],[-21,44]],[[85679,67574],[-33,1],[-247,-260],[16,-111],[59,26],[29,-2],[73,28],[74,-13],[26,34],[23,-4],[-24,-33],[-9,-108],[-58,-61],[-60,-88],[-36,13],[-146,-42],[-113,34],[-11,-59],[-139,-12],[-62,-22],[-34,8],[38,-160],[2,-90],[-36,-7],[-73,-237]],[[84938,66409],[-33,-8],[-11,40],[-27,28],[-37,7],[-76,31],[-20,32],[-53,11],[-17,60],[-43,42],[-40,11],[-44,49],[-61,3],[-33,2],[-32,-35],[-59,2],[-33,5],[-71,-81],[16,-38],[-87,-51],[-69,-9],[-37,16],[-36,-9],[-42,11],[-70,-14],[16,-65],[-46,-75],[-40,-50],[-18,-66],[-35,-32],[-33,-2],[-36,-22],[-89,-44],[-26,-45],[-25,-15],[-44,7],[-13,20],[-50,-29],[-14,-32],[-57,-2],[-2,-49],[-26,-27],[-26,3],[-17,-44],[-27,-30],[-19,-42],[28,-29],[-11,-47],[-41,-30],[-13,26],[-38,85],[-35,1],[-23,-45],[-64,3],[-45,-17],[-58,-79],[-55,-35],[-43,-36],[-15,-43],[-39,-27],[-37,-63],[-31,-28],[-32,14],[-37,-13],[-63,80],[-22,6],[-72,-59],[-15,-25],[-4,-60],[22,-39],[-28,-27],[-97,37],[-23,62],[-27,34],[-46,12],[-26,-24],[-112,-73],[-40,-25],[-56,11],[-29,-15],[-39,32],[-17,84],[17,41],[-30,96],[1,60],[-31,61],[-41,-1],[-22,45],[-66,-72],[-46,-12],[-20,-44],[-41,4],[-14,26],[-52,9],[-18,-33],[-61,-6],[-16,-39],[-66,-8],[-41,17],[-49,-17],[-38,26],[-30,-15],[-30,40],[-11,63],[-27,26],[2,28],[-36,27],[1,22],[-47,56],[-15,-7],[-35,69],[-41,36],[-22,2]],[[87792,68538],[11,-11],[-13,-135],[-27,-84],[10,-266],[-16,-29],[-51,0],[-10,-34],[-63,-36],[-2,-22],[57,-41],[-12,-39],[6,-92],[23,-5],[57,-80],[40,-39],[31,-55],[40,-17],[16,-7],[76,-39],[57,6],[19,-25],[124,-25],[56,-59],[14,0],[45,-6],[104,-33],[4,-50],[-29,-21],[15,-35],[26,4],[80,-130],[49,-64],[38,-12],[-10,-45],[17,-54],[-9,-55],[-72,-30],[-21,-35],[-70,3],[-151,-18],[17,-57],[29,-43],[-23,-36],[41,-49],[68,31],[53,-39],[-10,-45],[10,-50],[-32,-20],[1,-28],[-28,-115],[43,-223],[5,-23],[-28,-51],[-5,-50],[-21,-25],[-30,14],[-39,-26],[5,-36],[-24,-56],[-29,-168],[-10,-98],[24,-42],[-18,-38],[-38,9],[-7,27],[-95,-19],[45,-43],[33,-82]],[[88188,65442],[-30,-47],[-61,-39],[-54,-11],[-34,27],[-44,-31],[-53,-2],[-26,-34],[-27,4],[-74,-42],[-83,-18],[-57,10],[-73,-13],[0,-31],[-43,-56],[-26,-8],[-43,22],[-35,-10],[-35,10],[-75,-28],[-30,-32]],[[87285,65113],[-42,10],[-44,47],[-34,-12],[-26,49],[-58,11],[-75,-10],[-38,10],[-93,0],[-33,-14],[-17,53],[-22,18],[-72,-50],[-19,-28],[29,-58],[-56,-33],[-85,68],[-80,2],[-60,13],[-24,-15],[-60,10],[-57,-10],[-15,-29],[-8,-155],[-43,-75],[-34,7],[-45,-23],[-43,14],[-82,55],[-36,10],[-46,-12],[-16,-27],[10,-55],[-36,-57],[-58,28],[-40,-94],[-13,-184],[-59,-30],[11,-56],[24,-7],[17,-47],[-29,-22],[-57,-4],[-68,-42],[13,-40],[-74,-10],[-13,-28],[-60,-4],[-30,-52],[-59,21],[-42,-12],[-17,-24],[-115,-37],[-42,-32],[-39,-11],[-30,-30],[-36,-41],[-56,-16],[-20,-56],[-54,8],[-31,-12],[-65,39],[-42,64],[-41,9],[-40,-8],[-14,17],[6,54],[34,19],[-32,31],[-46,-28],[-48,68],[-3,93],[-34,-7],[-43,20],[-6,31],[30,21],[-16,30],[35,34],[-5,66],[11,31],[-26,63],[-1,35],[24,40],[-1,30],[-21,71],[-34,3],[-39,39],[4,58],[-33,25],[-33,-28],[3,-25],[-100,19],[-33,-8],[-32,20],[-47,-3],[-66,-27],[-25,31],[7,51]],[[84176,64971],[46,7],[50,25],[-3,33],[20,44],[37,-2],[104,72],[-4,71],[50,2],[8,22],[-14,78],[30,-2],[82,36],[27,-26],[45,50],[-10,19],[45,69],[-24,44],[2,32],[-22,51],[-28,37],[-4,31],[-40,57],[-4,44],[37,55],[12,41],[39,56],[63,47],[46,51],[93,41],[21,-4],[39,31],[66,16],[1,0],[34,17],[16,-19],[46,34],[-2,17],[-82,115],[3,47],[24,30],[-24,48],[-63,21]],[[89870,68389],[-10,-301],[0,-74],[17,-109],[48,-45],[-7,-85],[5,-51],[-31,-33],[34,-38],[19,-54],[3,-101],[22,-105],[23,-47],[73,-60],[-31,-67],[19,-80],[-34,-44],[-12,-22],[13,-112],[14,-1],[51,43],[17,-51],[-34,-64],[25,-47],[-7,-72],[22,-31],[-4,-45],[26,-44],[35,-26],[-10,-103],[-25,-60],[-8,-69],[10,-88],[-14,-103],[15,-41],[-28,-142],[-29,-171],[13,-45],[-26,-45],[8,-54],[-33,-62],[-30,-36]],[[90009,65604],[-44,27],[-33,-19],[-53,32],[-60,-7],[-34,37],[-66,-22],[-49,105],[-10,30],[15,69],[-38,25],[-57,77],[-42,24],[-48,54],[-87,-12],[-103,42],[-42,15],[-44,-23],[-19,28],[-38,21],[-72,21],[-75,-28],[-70,-50],[-55,-13],[-24,-16],[-16,-32],[-34,-18],[-53,-14],[-94,-58],[-21,11],[-34,48],[-63,-55],[-44,-17],[-21,-73],[-49,-72],[-18,-74],[-25,-26],[40,-64],[-33,-44],[25,-49],[-18,-12],[-19,-26],[-58,-11],[-63,33],[-47,-4],[-28,-22]],[[90037,67083],[32,-4],[-11,-55],[-22,-27],[-15,72],[16,14]],[[90009,65604],[-13,-13],[14,-57],[37,-101],[6,-45],[-35,-51],[-33,-85],[-31,-7],[36,-36],[-6,-34],[19,-58],[-2,-43],[-34,-84],[-8,-65],[-19,-16],[4,-76],[13,-63],[19,-42],[3,-108],[-23,-86],[-41,-136],[-42,-39],[-5,-41],[-58,-137],[-71,-144],[-25,-78],[-4,-68],[-27,-33],[6,-20],[-35,-42],[-37,-123],[19,-21],[-18,-41],[-1,-51],[-31,-65],[-33,-44],[29,-31],[-52,-111],[-11,-48],[-27,-42],[-22,-57],[-14,-69],[4,-64],[-10,-35],[-36,5],[-28,-26],[-39,-96],[-58,-102],[-2,-48],[-43,-55],[18,-35],[-28,-64],[5,-47],[-43,-46],[-1,-51],[-37,-42],[-32,-58],[-13,-45],[7,-52],[-60,-131]],[[89060,62101],[-6,30],[-33,34],[-60,13],[-26,-10],[-58,27],[-41,-7],[-61,36],[-17,-3],[-142,52],[-98,36],[-31,33],[-94,-3],[-21,10],[-23,61],[-59,-28],[-49,34],[-36,-24],[-15,16],[-65,-32],[-7,-19],[-29,-8],[-58,-44],[-16,3],[-45,-41],[-45,1],[-47,-35],[-68,-21],[-53,-4],[-58,-16],[-76,57],[1,41],[21,47],[-42,44],[-31,-31],[-34,11],[-10,-34],[-43,-2],[-34,38],[-60,-7],[-56,9],[-33,-59],[-61,-16]],[[87241,62290],[-5,77],[6,132],[-15,163],[-1,20],[56,-13],[30,10],[23,-21],[132,-14],[38,39],[4,50],[56,14],[8,72],[14,16],[8,5],[11,59],[-39,59],[-20,-6],[-45,50],[6,18],[9,34],[28,36],[-33,107],[42,31],[30,5],[10,-62],[40,-3],[-33,-97],[22,-28],[70,-19],[45,41],[53,-31],[38,31],[34,-53],[17,5],[-19,71],[10,58],[121,28],[28,-44],[101,87],[96,59],[18,3],[0,82],[-40,47],[29,14],[-30,50],[-29,-40],[-42,51],[25,38],[61,51],[30,45],[7,49],[-20,27],[69,33],[0,35],[45,0],[23,-21],[46,81],[36,35],[64,18],[-9,28],[39,65],[-12,82],[-26,39],[29,113],[-89,66],[40,25],[-105,102],[-170,-42],[-111,-59],[-45,0],[3,84],[-28,70],[57,9],[18,45],[55,30],[-90,182],[-32,-2],[-51,-31],[-26,8],[-93,-16],[-40,-21],[-40,16],[-68,-5],[-6,-15],[-82,-5],[-15,-24],[-68,14],[-67,-38],[-21,5],[-29,33],[-32,-5],[-34,17],[-106,44],[-17,-28],[-32,12],[-31,-11],[-36,27],[-35,-1],[49,57],[53,108],[43,45],[11,50],[-10,104],[-16,32],[24,29],[27,1]],[[96193,74765],[68,19],[9,-55],[-25,2],[-43,-50],[-23,22],[-54,-22],[-17,12],[45,49],[40,23]],[[84176,64971],[-31,-21],[-92,6],[-49,48],[-70,-24],[-30,25],[-14,-59],[-134,-7],[-22,-18],[-48,-30],[-30,30],[-4,52],[56,41],[9,52],[-34,23],[-2,39],[-36,29],[-6,44],[-67,-52],[-32,-10],[-27,-60],[-25,-15],[-32,-57],[-23,-11],[-45,-66],[-33,-50],[-49,-26],[-67,-16],[-29,16],[-41,-34],[-28,-47],[8,-18],[-24,-58],[-25,-2],[13,-312],[-43,-69],[-62,-41],[-27,-53],[12,-27],[-31,-52],[10,-75],[-15,-54],[-89,-118],[49,-42],[65,19],[23,25],[51,11],[27,25],[36,-30],[-18,-34],[8,-44],[-266,-485],[-92,-26],[-47,-41],[-6,-46],[-51,-11],[-40,30],[-73,-9],[32,-43],[6,-32],[-36,-738],[22,-90],[33,-63],[41,50],[65,0],[98,84],[25,33],[31,-25],[56,50],[43,13]],[[82950,62475],[-36,-117],[-35,-55],[-84,-86],[-44,-18],[-2,-21],[-74,-71],[-34,-44],[-9,-35],[-39,-32],[-20,-60],[-36,-18],[-42,1],[-41,-19],[-63,-5],[-22,-16],[-59,8],[-57,-63],[-67,-48],[-33,-82],[-4,-32],[-55,-72],[-54,-11],[-83,-81]],[[81957,61498],[-24,104],[-75,197],[19,41],[-16,77],[-52,65],[-12,20],[-3,64],[37,37],[-43,57],[13,28],[40,19],[34,36],[2,28],[-27,61],[-44,65],[-38,1],[-53,-24],[-56,-59],[-42,-30],[-34,0],[-69,35],[-76,71],[-42,54],[-22,57],[-9,55],[21,36],[75,56],[27,93],[-23,44],[-70,54],[-89,26],[-44,-17],[-48,-66],[-45,-93],[-14,-167],[-35,-58],[-26,-16],[-51,15],[-37,30],[-30,66],[-7,75]],[[80969,62635],[48,19],[27,29],[13,57],[-4,37],[11,85],[-12,61],[12,34],[-2,53],[26,115],[30,85],[29,29],[9,164],[-1,0],[-50,23],[2,30],[-34,17],[-139,49],[-65,19],[-42,87],[-46,78],[-69,26],[-6,77],[-34,22],[14,54],[-11,58],[-44,47],[-10,78],[-23,31],[-1,53],[-50,48],[170,133],[68,102],[-39,40],[-47,-9],[-64,45],[32,54],[-4,48],[-28,2],[-54,32],[-67,93],[15,47],[50,49],[70,87],[16,108],[-22,118],[-40,27],[-5,74],[-41,33],[-16,46],[-24,19],[-11,69],[-19,25],[5,33]],[[80969,62635],[-6,97],[-16,52],[-23,25],[-50,25],[-125,142],[-22,16],[-109,15],[-169,-19],[-56,-19],[-56,33],[-46,86],[-54,40],[-21,30],[-71,16],[-84,35],[-95,26],[-28,16],[-23,39],[-33,-34],[-46,-10],[-76,20],[-23,56],[2,155],[-34,28],[-19,50],[2,33],[-29,54],[-59,18],[-75,3],[-25,31]],[[79500,63694],[-51,41],[-84,-19],[-48,-53],[-38,2],[-23,-48],[-35,-26],[-99,-23],[-18,-22],[-71,-23],[-29,-34],[-63,-35],[-45,-14],[-72,-1],[-34,8],[-64,-6],[-12,-50],[36,-172],[-11,-30],[7,-73],[-51,-36],[-61,5],[-59,16],[-97,-60],[-71,19],[-98,-10],[-70,-21],[-25,-55],[1,-36],[46,-101],[7,-92],[-36,-74],[-25,-16],[-42,-66],[-79,-93],[-16,-27],[-54,-19],[-61,-10],[-139,-1],[-28,-38],[-124,-77],[-68,10],[-24,39],[-83,82],[-68,29],[-59,-40],[-22,-29],[-35,-90],[-19,-76],[12,-102],[-38,-117],[-6,-54],[-20,-61],[-23,-30],[-47,-122],[6,-41],[-54,-66],[-35,-3],[-44,20],[-59,55],[-51,-39],[-37,-91],[-34,-43],[-65,35],[-31,6],[-49,-18],[-24,-28],[-10,-42],[-26,-39],[-39,-22],[-62,-4],[-55,-32],[-131,48],[-75,53],[-79,17],[-40,-2],[17,33],[-8,43],[51,32],[-4,84],[21,45],[4,43],[-41,59],[40,46],[44,-26],[28,48],[50,20],[18,49],[-27,74],[31,49],[28,66],[8,71],[-38,58],[-57,-6],[-49,47],[-57,17],[-38,49],[-66,10],[-37,50],[-7,113],[-16,70],[-26,40],[-11,40],[6,69],[-23,17],[-9,65],[-33,22],[-29,71],[-1,47],[-40,59],[-13,37],[-58,-22],[-29,10],[-3,29],[-41,21],[-49,-11],[-49,-36],[-22,23],[17,68],[-23,61],[-105,10],[-48,12],[-20,55],[-35,45],[16,64],[-17,38],[-79,-11],[-136,21],[-30,-35],[-58,-5],[-37,-34],[-38,2],[-22,22],[-67,3],[-53,55]],[[87241,62290],[-88,-24],[-40,-21],[-63,17],[-72,-13],[-45,-64],[-108,-36],[-3,-51],[52,-61],[-20,-48],[-23,-25],[-72,-33],[-63,9],[-38,-8],[-38,-71],[-74,-64],[-59,-4],[16,-100],[-21,-66],[-62,-17],[-70,-24],[-17,-40],[-67,-41]],[[86266,61505],[-45,8],[-37,-20],[-26,6],[-29,-14],[-35,48],[-56,-36],[-18,-30],[-56,2],[-34,-57],[-123,-43],[-44,-24],[-9,-43],[15,-59],[-93,-18],[-40,26],[-43,49],[-58,7],[-64,57],[-139,66],[-81,-18],[-91,-15],[-22,30],[-46,27],[-30,-18],[-42,-10],[-38,-36],[-34,-80],[8,-33],[-34,-24],[11,-54],[-15,-18],[-43,-7],[-52,61],[-53,21],[-43,99],[-53,6],[-17,21],[-6,-26],[-7,53],[13,40],[-21,39],[-50,59],[-59,18],[-33,-48],[-81,-36],[-9,27],[25,70],[-85,65],[-72,-25],[-9,60],[-26,38],[1,30],[-41,55],[-27,19],[-37,85],[-31,37],[-12,41],[-24,-1],[-65,107],[-71,76],[-10,-3],[0,21],[-44,39],[-34,-1],[-83,29],[-54,33],[-12,48],[-46,6],[-14,14],[-47,9],[-24,-23],[-91,10],[-35,-48],[-44,-30],[-66,25],[-56,-9],[-28,43],[55,15],[-57,82],[0,23],[-9,36],[-34,40],[-27,73],[-19,13],[-27,80],[-43,-15],[-60,-56],[-26,-1],[-38,-28],[9,-53],[-32,-44],[16,-18]],[[86266,61505],[32,-60],[4,-77],[21,-41],[-30,-3],[-71,-189],[-21,-35],[-42,-130],[-167,-60],[17,-19],[-39,-65],[37,-55],[145,-21],[11,14],[96,-26],[24,1],[51,-35],[116,1],[34,19],[50,65],[-18,-78],[12,-128],[56,-101],[-110,25],[-37,-70],[-74,38],[-12,20],[-54,-26],[-66,26],[-8,33],[-97,-21],[5,-68],[16,-19],[-32,-31],[13,-10],[19,-17],[14,-53],[1,-55],[60,-43],[-3,-66],[-43,-78],[-46,10],[-51,-39],[7,-17],[133,-186],[20,-58],[25,-24],[79,-20],[-13,-110],[0,-1],[-33,-169],[-36,-47],[1,-32],[-338,0],[-4,22],[-89,-96],[-41,9],[-13,75],[-304,36],[24,68],[-5,60],[-50,41],[-40,18],[-51,-89],[1,-50],[-24,-66],[-55,-98],[-36,-23],[-37,-44],[-11,-32],[-41,52],[-53,39],[-16,46],[-97,50],[-6,30],[-172,-68],[-11,8]],[[84793,59362],[-1,13],[-17,43],[12,80]],[[84787,59498],[-15,70],[-25,33],[-49,35],[-87,-34],[-72,23],[-44,79],[-44,35],[-11,31],[-48,40],[-63,57],[-35,-11],[-41,10],[-69,0],[-43,19],[-29,109],[-53,56],[-26,2],[-65,40],[-43,71],[-106,38],[-30,42],[-130,50],[-112,13],[-28,11],[-101,17],[-54,49],[-125,99],[-12,22],[-12,33],[-26,47],[-70,53],[-83,19],[-92,-30],[-13,48],[-36,38],[-17,38],[-31,-3],[-22,42],[-96,83],[-17,29],[-54,-22],[-87,45],[-74,22],[-31,34]],[[82466,60980],[15,41],[-27,55],[-25,25],[-47,6],[-57,36],[-18,41],[-81,18],[-12,-15],[-53,15],[-36,-4],[-52,41],[-48,19],[1,43],[21,22],[-22,82],[-19,29],[-49,64]],[[89060,62101],[-35,-52],[-41,-111],[-85,-72],[-58,-104],[-7,-39],[-11,-38],[-27,-21],[-40,-89],[-32,-21],[-4,-46],[-23,-13],[-2,-41],[-33,-57],[-29,-11],[-26,-57],[-23,-23],[-38,-61],[-79,-76],[-23,-38],[-104,-69],[-5,-21],[-44,-10],[-31,-35],[-49,-63],[-27,-101],[-30,-43],[-26,-5],[-72,-78],[-12,-33],[-69,-58],[-13,-45],[-36,-8],[-24,-35],[-42,-17],[-39,-33],[-18,-33],[-47,-46],[-34,-49],[-25,-74],[-22,-41],[-35,-25],[-22,13],[-66,-27],[-70,-68],[-57,-47],[-23,-43],[-81,-101],[-85,-128],[-38,-40],[-6,-46],[-76,-70],[-63,-96],[-32,-65],[-72,-96],[-69,-115],[-34,-58],[-31,-26],[-27,1],[-54,-32],[-103,-154],[-20,14],[-51,-32],[-50,-73],[-88,-67],[-55,-65],[-38,-29],[-70,-78],[-26,-46],[-11,-79],[16,-23],[-62,-69],[-52,-84],[-48,-91],[-73,-122],[-18,6]],[[85985,58173],[-16,27],[-35,118],[-18,35],[-71,61],[-56,-34],[-6,-3],[-29,-16],[-76,8],[-59,42],[18,100],[-15,50],[4,40],[-14,72],[-33,41],[-28,31],[-43,91],[-23,13],[-61,-37],[-60,-3],[-40,3],[-42,18],[-31,62],[-29,38],[-96,9],[-21,39],[-56,8],[-39,62],[-11,28],[-11,36],[-32,50],[-26,0],[-26,22],[-38,5],[-13,37],[-26,72],[-32,30],[-2,34]],[[85985,58173],[-32,-39],[-64,-7],[-115,-43],[-96,-33],[-114,-46],[-19,0],[-66,-37],[-143,-102],[-144,-61],[-118,-71],[-103,-81],[-60,-55],[-35,-34],[-129,-144],[-25,-37],[-54,-50],[-126,-163],[-54,-87],[-20,-14],[-5,-59],[-55,-65],[-167,-243],[-46,-78],[-28,-71],[-29,-53],[-99,-99],[-130,-167],[-41,-68],[-59,-119],[-26,-79],[-10,-75],[-31,-32],[-38,-14]],[[83704,55847],[-32,-1],[-30,-37],[-62,-57],[-92,-71],[-60,-29],[-105,4],[-38,-62],[-79,9],[-45,16],[-25,39],[-38,-27],[-49,22],[-14,39],[-71,-43],[1,-26],[-42,-51],[-45,12],[9,46],[-75,-12],[-2,36],[-43,2],[-20,36],[-92,16],[-33,22],[16,46],[-52,39],[-45,42],[-32,88],[-24,10],[-39,-14],[-40,94],[-46,-47],[-68,89],[0,44],[-20,19],[-6,48]],[[82266,56188],[38,62],[-2,30],[42,11],[-1,31],[31,23],[7,41],[36,72],[42,48],[42,21],[39,-20],[9,26],[-21,61],[71,64],[124,65],[38,0],[24,-27],[61,-25],[68,-69],[143,117],[-4,46],[67,104],[133,63],[-5,39],[89,71],[-3,-152],[-27,-99],[-40,-122],[27,-7],[-15,-62],[200,39],[52,47],[18,51],[-14,54],[116,81],[-32,50],[-15,64],[-29,28],[1,30],[-66,35],[-98,207],[30,-8],[82,52],[127,138],[-7,-45],[38,-23],[110,2],[26,35],[24,-5],[1,7],[1,1],[173,128],[-60,71],[-21,57],[6,30],[54,45],[51,-19],[16,14],[1,72],[-61,70],[-78,131],[42,35],[69,-24],[-31,42],[-49,17],[-42,0],[-17,25],[-19,68],[-54,91],[-27,63],[22,-23],[174,56],[-28,33],[-33,69],[-43,-12],[-4,41],[-47,63],[16,30],[32,26],[64,99],[0,19],[67,49],[80,17],[-3,28],[-32,21],[-2,29],[-64,39],[60,42],[37,-63],[41,-100],[50,1],[59,-40],[2,-78],[17,0],[34,46],[-9,40],[13,45],[29,24],[0,86],[-22,29],[8,49],[29,59],[-38,27],[12,54],[1,1],[194,57],[3,115],[18,79],[74,8],[55,46],[124,31]],[[82266,56188],[-27,13],[16,36],[-6,44],[-20,27],[-8,44],[44,37],[-18,32],[30,26],[-22,25],[9,31],[30,15],[-6,59],[-48,17],[-57,47],[-41,-9],[-40,62],[-10,43],[16,48],[-52,25],[9,46],[27,53],[-33,69],[-23,20],[4,73],[-42,27],[-17,-30],[-36,48],[-53,35],[-37,76],[16,48],[-66,35]],[[81805,57310],[-38,47],[-1,52],[-13,33],[4,77],[10,31],[-26,48],[25,26],[-7,33],[36,32],[36,73],[-12,82],[28,42],[64,9],[71,-37],[26,-6],[80,14],[70,-13],[60,35],[22,-20],[12,-47],[106,-92],[10,2],[46,15],[16,-17],[87,102],[143,33],[41,42],[46,-12],[-7,42],[26,47],[-14,69],[15,64],[-23,39],[-31,5],[0,63],[11,53],[34,59],[7,21],[-16,68],[-55,108],[-11,48],[4,50],[23,7],[12,57],[20,15],[73,26],[31,38],[100,19],[-1,65],[-50,67],[42,-1],[7,63],[-22,30],[29,39],[-36,112],[-38,46],[25,90],[-7,28],[-17,13],[-12,24],[-22,23],[37,110],[16,67],[-17,29],[-52,5],[-42,37],[-40,78],[-23,6],[-99,134],[18,54],[-23,3],[-77,-59],[-68,19],[-61,89],[28,25],[-5,42],[-26,27],[30,58],[-17,21],[9,59],[-38,37],[-1,65],[-28,22],[-18,123],[0,67],[26,28],[8,67],[54,25],[-22,35],[-70,45],[-1,44],[-17,46],[55,14],[40,47],[-1,57],[47,63]],[[77046,52035],[46,-46],[53,-112],[69,-40],[151,8],[68,-68],[28,-14],[21,-46],[32,-19],[27,-55],[58,-75],[24,40],[-22,88],[53,9],[52,-10],[68,-43],[8,-32],[37,-34],[35,-7],[29,-46],[40,-39],[61,-14],[28,-20],[2,-56],[25,-27],[0,-39],[33,-53],[7,-67],[-9,-81],[-58,2],[25,-31],[-6,-83],[40,0],[17,-40],[6,-87],[-44,-75],[45,-23],[29,-41],[9,-22],[48,-45],[67,79],[31,57],[-7,31],[15,-30],[60,27],[31,-24],[33,3],[-11,-50],[52,1],[22,-48],[52,18],[35,-35],[9,-37],[67,18],[51,31],[80,-42],[34,-45],[46,-11],[-12,-100],[24,-5],[34,25],[-31,-131],[11,-86],[-4,-30],[-80,64],[-75,-18],[-55,-90],[12,-92],[20,-3],[115,21],[34,-53],[51,16],[51,-2],[68,-31],[-20,-44],[-50,-39],[-8,-155],[-62,7],[-25,-18],[-67,-150],[-38,-36]],[[78741,49685],[-30,54],[-23,-44],[-26,34],[-29,7],[-46,44],[-43,-10],[-36,-61],[-61,-25],[-3,-30],[37,-18],[57,-8],[-12,-101],[25,-20],[-21,-120],[-43,-33],[2,-35],[33,-5],[-29,-73],[44,-23],[18,-41],[-37,-32],[-38,-134],[-39,-99],[0,-28],[-68,32],[-26,-59],[-40,3],[-5,-50],[183,-86],[109,-68],[0,-23],[-48,-28],[-4,-38],[-69,19],[-80,-25],[-43,-2],[-31,29],[25,63],[-18,36],[-86,-27],[-11,27],[-43,37],[-5,42],[-22,13],[-28,-39],[-57,-20],[32,-73],[-38,-13],[-26,-94],[-25,-22],[-44,7],[-57,-7],[-2,41],[-48,-6],[-56,27],[-34,-42],[-45,-38],[-20,-103],[-18,-54],[-46,-19],[-35,51],[-64,-4],[-12,-36],[-36,-46],[-50,-27],[-18,35],[-25,-42],[187,-293],[-35,-101],[-32,-42],[-2,-62],[-23,-2],[-36,-36],[-68,38],[-41,-29],[-4,-64],[-40,-40],[-69,-10],[-29,-61],[40,-87],[-26,-80],[-26,-24],[4,-28],[-32,-91],[19,-60],[-7,-87],[-18,-51],[14,-22],[96,-44],[41,34],[139,-203],[-5,-24],[34,-29],[5,-118],[-9,-9],[82,-553],[17,-18],[66,-25],[4,-43],[32,-38],[7,-51],[50,18],[-8,-41],[-30,-36],[-25,-69],[-91,-87],[-30,-59],[7,-86],[14,-44],[85,-32],[40,-45],[87,2],[44,-29],[-5,-63],[42,-27],[22,-43],[-27,-37],[40,-22],[6,41],[58,78],[33,-74],[40,-7],[63,50],[34,12],[108,-58],[-29,-27],[-15,-47],[-5,-59],[17,-41],[-12,-90],[17,-39],[-16,-55],[-71,-52],[-72,23],[-49,-16],[-28,24],[0,40],[-26,22],[-35,-11],[-33,-46],[-86,-35],[-39,6],[-39,-57],[-89,-24],[-19,-54],[-49,-33],[1,-50],[-47,-6],[-118,-32],[-49,47],[-39,-41],[-41,44],[-8,-72],[33,-69],[32,-19],[20,-52],[38,-29],[46,6],[40,-29],[17,-33],[-33,-18],[-15,-30],[-114,-4]],[[77334,44286],[-20,14],[-74,12],[-15,-32],[-37,-1],[-28,26],[-26,-13],[-18,48],[-33,-3],[-33,33],[-3,30],[-46,11],[3,51],[-17,52],[-49,34],[-29,-10],[-37,17],[-103,10],[19,28],[-16,63],[-40,35],[-31,11],[-32,89],[-26,47],[-61,-10],[-20,-22],[-27,25],[-25,-20],[-107,3],[-31,14],[-48,-12],[-104,39],[-13,72],[-37,47],[-31,16],[-47,-50],[-48,26],[-31,-40],[-3,-38],[-49,9],[-43,-20],[-36,83],[-55,38],[8,41],[-28,23],[-24,46],[-44,-26],[-36,60],[-42,20],[-39,87],[-71,-16],[-27,-22],[3,-55],[-60,-21],[-38,59],[14,31],[-78,89],[-28,0],[-5,-53],[-25,-35],[-91,-27],[-47,10],[-23,82],[-71,15],[-36,23],[-35,-68],[-3,-34],[-65,-64],[-67,4],[-29,-25],[-67,14],[-45,-53],[-53,-3],[-26,-24],[-24,-49],[-125,67],[-33,32],[-49,2],[-37,-23],[-34,-3],[-53,28],[-27,-10],[-57,3],[-15,275],[-17,363],[-12,14],[-5,6]],[[74161,45781],[-196,226],[-93,103],[-557,642],[-91,103],[-18,-2],[-14,-18],[-72,-18],[-54,3],[-16,-49],[-43,-41],[-71,-25],[-10,-30],[-47,-1],[-91,48],[-121,-25],[-56,-10],[-26,-27],[-25,11],[-27,70],[-33,58],[-58,46],[-6,54],[-39,33],[-23,-35],[-90,4],[-55,-22],[-42,-40],[-26,31]],[[72161,46870],[-31,70],[34,84],[62,19],[55,2],[42,56],[0,84],[-29,29],[-25,58],[-5,42],[21,40],[2,37],[71,100],[6,40],[28,17],[26,43],[-2,31],[55,17],[52,3],[17,-21],[71,-17],[61,-68],[18,29],[18,84],[-19,69],[15,87],[-35,81],[40,34],[-4,31],[9,49],[45,27],[73,-1],[-17,-59],[84,-47],[88,-16],[-1,-94],[55,0],[-13,22],[31,66],[42,32],[19,67],[3,48],[59,185],[-35,-13],[-28,35],[48,88],[100,-1],[25,76],[-32,29],[50,63],[-96,12],[-209,130],[-45,79],[7,48],[-29,208],[-29,17],[8,43],[-17,41],[39,11],[2,42],[-24,21],[-27,156],[-44,129],[-153,170],[-21,27],[-20,81],[-27,28],[-31,80],[4,45],[-38,84],[10,40],[-11,32],[15,33],[-7,70],[-47,41],[-36,-20],[-54,12],[-42,45],[-38,87],[-51,-3],[-24,48],[-110,39],[63,61],[97,46],[103,71],[82,9],[32,4],[75,-25],[2,42],[-49,51],[-43,19],[-32,-20],[-84,99],[-28,-7],[-10,62],[-17,12],[-97,2],[-86,-7],[7,-27],[-53,-7],[-13,89],[-66,12],[-22,26],[-17,111],[-44,37],[-11,31],[4,59],[-29,56],[8,71],[-27,8],[132,92],[-2,143],[-51,163],[34,29],[-49,112],[3,126],[27,43],[4,69],[26,-7],[44,16],[-3,35],[32,45],[-2,53],[52,65],[-25,31],[61,35],[85,-10],[19,20],[50,-9],[9,29],[43,39],[-5,32],[47,36],[79,-20],[24,48],[78,9]],[[72622,52492],[-6,-58],[15,-50],[31,-39],[50,-10],[22,-23],[23,-109],[-15,-22],[13,-56],[-14,-57],[8,-35],[46,-53],[18,1],[31,-80],[62,7],[38,-33],[18,-55],[41,-63],[26,-22],[95,-35],[42,-31],[-13,39],[35,41],[7,30],[30,26],[31,-4],[41,58],[48,-70],[61,-136],[38,-40],[123,66],[22,44],[82,47],[0,25],[40,34],[8,36],[39,26],[8,-20],[109,-146],[16,-98],[-24,-7],[-8,-44],[12,-39],[-30,-64],[4,-28],[-11,-118],[6,-112],[82,33],[43,-1],[5,-41],[233,99],[17,67],[9,75],[-13,60],[-21,29],[3,85],[19,32],[70,9],[39,53],[11,-88],[20,-35],[74,-30],[31,-48],[26,-6],[35,-45],[36,-15],[247,230],[1,-30],[36,-25],[18,-86],[33,-46],[39,30],[44,-19],[64,50],[-21,47],[176,-22],[210,71],[70,-107],[34,-29],[-14,-34],[27,-69],[61,3],[48,-44],[27,-6],[-1,-38],[36,-52],[90,138],[38,89],[24,33],[6,68],[215,137],[92,-91],[137,76],[32,17],[104,161],[121,60],[36,54],[91,-52],[48,5],[-8,69],[53,36],[33,-10],[240,-27]],[[81805,57310],[-79,31],[-193,-384],[-78,-33],[-21,5],[-51,-25],[-34,-1],[-29,-27],[-56,-23],[8,-22],[-10,-84],[-21,-28],[26,-34],[50,-101],[74,-98],[1,-24],[64,-2],[47,-56],[31,-71],[50,-22],[60,-10],[24,-34],[77,-55],[-63,-53],[-8,-35],[-44,-61],[-12,-34],[-40,-171],[-44,-250],[-28,-102],[-79,92],[-40,10],[-89,91],[-13,57],[-28,6],[-24,-25],[-35,29],[-44,57],[-77,65],[-129,23],[-34,-16],[4,73],[-156,70],[-52,29],[50,51],[49,-5],[-338,164]],[[80471,56277],[-66,28],[-35,-13],[-89,4],[-31,20],[-121,706],[-12,26],[5,47],[-54,10],[-84,-5],[-12,49],[-45,13],[-32,28],[-54,-55],[-48,20],[-18,38],[-33,14],[-105,28],[-11,-24],[-99,60],[-48,-2],[-103,41],[-66,-3],[-42,34],[-2,31],[-49,50],[-51,-4],[9,53],[-8,52],[6,118],[31,133],[-13,19],[16,61],[-13,47],[-168,-1],[16,54],[-82,-68],[-65,-24],[-58,29],[-133,7],[-219,-10]],[[78485,57888],[-10,43],[-26,45],[11,34],[-30,55],[28,42],[4,84],[-58,33],[-44,47],[-22,113],[-9,94],[-20,27],[9,41],[22,164],[26,94],[32,26],[19,47],[-10,48],[0,113],[10,31],[29,6],[22,38],[-1,108],[-10,29],[-49,66],[18,36],[6,80],[14,65],[13,150],[-10,69],[-4,66],[49,-11],[138,-93],[36,-58],[109,-16],[68,44],[-12,-45],[49,-67],[36,-77],[-6,-29],[163,33],[190,-10],[109,-71],[38,13],[89,-10],[31,118],[-11,157],[20,19],[24,72],[29,51],[32,15],[26,90],[23,47],[-3,25],[10,260],[13,63],[-12,77],[-30,47],[22,70],[-44,119],[3,44],[61,148],[-21,28],[-91,-1],[-45,11],[-47,47],[-10,27],[-52,38],[-68,-52],[-56,102],[-44,-2],[-20,51],[6,49],[-33,24],[-16,47],[-20,15],[9,87],[24,51],[53,-2],[16,29],[-10,75],[22,68],[-10,75],[30,53],[18,60],[51,17],[26,58],[-15,92],[8,20],[-20,49],[29,41],[-1,81],[29,56],[-127,71],[-119,417],[-35,370],[303,696],[41,39]],[[83704,55847],[-20,-50],[-86,-104],[-54,-82],[-97,-183],[-165,-327],[-8,-8],[-250,-548],[-90,-169],[-100,-195],[-209,-353],[-54,-75],[-51,-61],[-80,-113],[-90,-141],[-27,-35],[-66,-87],[-129,-197],[-26,-63],[-46,-82],[-68,-46],[-25,-33],[-20,-66],[-61,-50],[-40,-52],[-33,-25],[-151,-184],[-55,-59],[-50,-74],[-52,-53],[-28,-41],[-60,-58],[-26,-11],[-58,-75],[-73,-85],[-44,-29],[-24,18],[-47,-11],[-110,-73],[-20,-24],[-66,-45],[-132,21],[-131,0]],[[80682,51919],[15,61],[37,58],[14,87],[-13,47],[-44,62],[-119,80],[-69,55],[-43,79],[-4,42],[-157,-55],[-60,-14],[-21,-17],[-39,-31],[-29,3],[-31,33],[35,45],[5,63],[32,63],[-19,22],[-17,100],[36,17],[-19,40],[44,29],[-9,72],[49,39],[-1,48],[-19,83],[-27,83],[-30,24],[-35,-7],[-58,83],[-5,28]],[[80081,53241],[9,31],[87,-14],[11,53],[-37,28],[40,194],[26,30],[-22,68],[12,8],[86,-9],[-43,-26],[15,-53],[29,-25],[6,-34],[35,-24],[64,-116],[47,-24],[146,-17],[23,-77],[19,94],[-47,88],[-32,82],[15,29],[39,32],[-3,43],[0,31],[-34,69],[-7,46],[-25,41],[-16,65],[52,149],[45,39],[4,31],[-80,57],[-33,6],[-51,46],[76,38],[-2,20],[34,68],[76,130],[118,-83],[53,-3],[-12,52],[3,46],[-41,63],[0,73],[-20,43],[2,41],[-28,79],[75,-57],[-12,128],[43,135],[24,32],[10,46],[-2,55],[40,67],[47,49],[-86,62],[-45,50],[-54,18],[-44,51],[-62,-2],[-201,871],[18,23]],[[72622,52492],[-16,40],[-23,13],[-21,49],[-32,18],[-26,91],[1,50],[-50,130],[12,20],[-41,209],[-32,49],[-38,15],[-67,-26],[-41,11],[-21,-14],[-34,13],[-58,44],[-54,0],[-66,31],[-44,-23],[-35,-39],[-77,5],[-4,30],[-28,25],[-93,14],[-23,17],[7,45],[-50,16],[-14,60],[-36,27],[12,51],[-15,35],[-50,197],[33,12],[6,35]],[[71604,53742],[20,-15],[92,-14],[20,-51],[36,-1],[67,-50],[34,18],[49,-16],[30,9],[35,45],[60,40],[66,21],[62,37],[38,1],[3,60],[38,0],[44,-52],[30,79],[-9,44],[47,64],[40,-15],[77,-1],[12,48],[-20,126],[-24,11],[5,71],[333,72],[19,-77],[37,38],[22,-1],[111,-5],[-21,50],[-16,73],[7,64],[60,-39],[94,-154],[40,65],[-22,29],[-21,62],[49,20],[-6,56],[11,37],[-2,52],[-18,38],[20,32],[-13,90],[16,38],[39,8],[19,24],[-15,34],[-43,23],[-24,38],[10,60],[67,-6],[0,98],[-22,41],[-58,2],[-13,13],[-11,106],[9,47],[-60,39],[-3,60],[48,98],[-31,46],[307,-214],[444,-284],[64,-62],[49,1],[389,-246],[-34,-22],[112,-103],[139,-68],[182,43],[105,24],[11,25],[-26,37],[39,54],[-18,39],[0,100],[37,56],[47,14],[1,67],[15,15],[2,51],[-30,26],[-19,65],[-22,23],[215,-80],[39,-7],[56,70],[52,-40],[3,-39],[24,-58],[51,-88],[116,-43],[118,-1],[56,61],[-4,32],[-80,132],[-79,110],[35,73],[3,44],[42,62],[38,19],[54,-2],[12,52],[32,85],[47,-22],[31,-31],[113,81],[25,126],[161,327],[59,46],[-53,43],[-21,77],[-60,25],[-18,25],[-56,26],[-141,172],[-173,348],[-47,40],[-364,327],[-241,30],[-26,10],[-15,59],[-79,18],[-46,114],[12,82],[41,96],[47,40],[81,-14],[28,74],[-8,16],[-120,131],[-83,30],[-112,55],[-54,12],[-61,32],[-72,93],[43,76],[7,42],[-33,13],[-47,70],[-59,30],[-118,12],[-36,-32]],[[74197,58194],[-23,6],[-19,60],[13,28],[67,44],[26,91],[32,-34],[56,21],[30,48],[-13,52],[71,6],[23,65],[78,36],[5,29],[60,5],[24,20],[-12,43],[39,79],[-74,53],[-80,31],[-49,66],[49,23],[14,35],[78,22],[55,40],[24,-5],[42,65],[2,56],[64,0],[17,34],[89,47],[23,-31],[26,4],[22,-46],[-6,-55],[15,-25],[-14,-56],[9,-36],[27,-12],[30,-59],[54,9],[47,46],[42,-10],[36,-43],[88,-49],[19,14],[86,1],[62,24],[34,43],[24,-13],[9,-36],[85,-9],[6,-71],[38,-23],[9,-61],[92,-26],[39,57],[26,-16],[-15,-57],[-41,-65],[-50,-9],[-16,-63],[-31,-72],[50,-9],[79,40],[61,-15],[80,3],[27,-19],[95,13],[-1,-26],[32,-84],[260,-106],[78,-42],[115,49],[8,-43],[-19,-54],[94,-40],[56,72],[12,-17],[11,-77],[-24,-65],[11,-49],[70,26],[64,-79],[13,-38],[138,-45],[76,-42],[25,23],[41,-34],[-11,-20],[47,-25],[59,-13],[-22,-165],[35,-41],[42,-108],[56,-31],[99,-116],[107,-166],[-10,-16],[77,-29],[94,-107],[55,-77],[20,28],[-22,143],[-55,308],[17,48],[10,83],[18,35],[-19,38],[-1,49],[44,-2],[83,-41],[27,12],[9,-42],[39,10],[10,-37],[48,2],[31,40],[45,-12],[27,-42],[31,-24],[38,-4],[0,-29],[60,-2],[38,-45],[43,-20],[21,20],[55,-5],[136,11],[99,79],[8,105],[-49,84],[-35,14],[12,55],[-31,30],[-12,56]],[[80081,53241],[-67,17],[-86,-53],[-32,0],[-49,-26],[5,-35],[-45,7],[-18,-14],[-39,46],[-71,35],[-17,33],[-14,70],[-32,18],[-30,9],[-58,-10],[-55,-19],[-53,5],[-71,-14],[-51,-85],[-75,-2],[-37,32],[-96,-20],[-126,-90],[-55,-24],[-49,-53],[-51,6],[-38,8],[-64,46],[-117,53],[-17,51],[-33,24],[-34,4],[-27,-40],[-41,-22],[-15,-50],[-18,-7],[-33,42],[-11,39],[-49,33],[-69,-9],[-77,28],[-48,-26],[-28,40],[-68,-19],[4,-151],[-52,-184],[18,-50],[-143,-230],[-82,116],[-84,-163],[57,-154],[-205,-135],[-11,-85],[-96,-51],[-45,2],[-34,-19],[-84,28],[-17,-11],[-70,20],[-71,-97],[-39,-18],[-22,-52]],[[78741,49685],[52,-18],[-19,-71],[-26,-23],[-11,-45],[10,-60],[-30,6],[-3,-89],[48,-12],[59,-52],[19,-19],[24,-128],[-38,-36],[9,-26],[-5,-60],[138,18],[49,16],[30,34],[24,-14],[51,30],[45,12],[68,2],[56,23],[101,-56],[37,9],[65,-10],[71,20],[34,34],[55,28],[-3,84],[-42,28],[16,76],[24,31],[10,46],[-28,99],[1,23],[37,89],[32,3],[48,44]],[[79749,49721],[32,-39],[15,-54],[-2,-86],[-42,-148],[-2,-47],[-33,-131],[-1,-29],[-55,-169],[-9,-67],[-32,-86],[1,-41],[-19,-127],[22,-24],[5,-62],[-19,-25],[-33,-96],[-46,-188],[-30,-148],[-12,-30],[-7,-72],[-4,-43],[-71,-241],[-14,-127],[-3,-191],[12,-55],[38,-46],[23,2],[5,-58],[-6,-233],[5,-77],[21,-75],[16,-93],[-9,-258],[-4,-134],[-14,-216],[4,-181],[7,-33],[20,-223],[37,-222],[13,-184],[-11,-137],[7,-16],[-1,-123],[5,-54],[33,-135],[12,-6],[34,-129],[45,-127],[35,-59],[0,-36],[-131,-307],[-45,-125],[-55,-139],[-13,-50],[-8,-12],[-14,-100],[15,-53],[-26,-63],[-32,-47],[-11,-40],[-31,-14],[-51,-63],[-29,-102],[-2,-101],[31,-25],[-8,-33],[-4,-77],[-42,-15],[-31,-38],[-53,-98],[-4,-99],[-65,-209],[-7,-94],[-17,-46],[7,-51],[-27,-81],[-13,-99],[-54,-86],[-5,-38],[-27,-16],[-20,-144],[1,-156],[51,-65],[-82,-126],[-14,-98],[-41,-83],[-1,-63],[-25,-111],[-8,-84],[-37,-37],[-36,-87],[-12,-168],[1,-35],[-18,-68],[-8,-94],[3,-86],[25,-163],[-6,-15],[25,-115],[-9,-212],[2,-114],[-14,-26],[16,-89],[40,-89],[55,-100],[-2,-21],[-124,-121],[-38,-11],[-1,-70],[-52,-48],[-66,-86],[-24,-54],[-3,-35],[-27,-24],[-88,-43],[-102,7],[0,-41],[-98,-36],[-43,-26],[-79,-71],[-73,-89],[-60,-91],[-70,-131],[-11,-42],[-93,-121],[-114,-207],[-7,-43],[-38,-96],[1,-22],[-40,-108]],[[77601,38163],[-12,33],[-32,12],[-475,397],[-659,551],[-4,4]],[[76419,39160],[-7,58],[-71,51],[-6,48],[117,64],[89,108],[-15,42],[-35,23],[-12,59],[-29,27],[14,112],[-19,49],[-37,0],[-33,42],[-38,-18],[-21,25],[-6,46],[-20,4],[-5,65],[-51,38],[1,53],[-43,68],[-12,-40],[-29,-13],[-12,49],[-26,20],[-39,-35],[-13,37],[-24,5],[6,94],[-31,21],[-39,-30],[-30,26],[-32,95],[-29,38],[17,81],[-27,6],[-53,77],[4,28],[-75,35],[-28,48],[-21,12],[-46,-16],[-25,10],[-28,38],[53,28],[4,71],[-12,22],[6,38],[-13,39],[32,7],[54,72],[55,26],[-30,31],[-18,52],[29,55],[-3,58],[19,52],[-40,19],[-10,87],[39,66],[16,87],[-29,27],[-1,37],[29,62],[12,73],[31,79],[63,49],[26,81],[21,35],[14,77],[28,26],[44,-6],[18,-34],[40,7],[35,-33],[22,1],[15,21],[52,7],[30,29],[71,-91],[35,5],[30,33],[15,-31],[31,5],[39,105],[32,3],[5,71],[-14,67],[-22,28],[-31,-20],[-26,20],[-65,-8],[-24,35],[8,49],[55,91],[16,55],[-6,40],[-11,48],[37,88],[28,113],[31,69],[33,-4],[69,30],[37,-31],[32,4],[56,-22],[43,43],[-29,57],[-2,37],[66,67],[76,123],[49,-10],[18,-33],[31,16],[12,68],[37,22],[33,77],[21,92],[18,22],[50,42],[15,47],[20,2],[44,-31],[24,64],[43,33],[33,-4],[-3,54],[-33,54],[84,102],[39,20],[4,130],[54,50],[11,27],[-20,49],[-25,19],[-10,61],[-36,21],[3,23],[-48,58],[-29,14],[49,60]],[[80682,51919],[-130,1],[-30,-42],[-38,-12],[-41,-35],[-53,-21],[-55,-71],[-24,-4],[-40,-69],[-82,-44],[-74,-35],[-61,-44],[-28,-39],[-119,-65],[-33,-20],[-58,-105],[-23,-81],[-9,-68],[3,-94],[25,-88],[9,-25],[67,53],[28,-25],[-7,-107],[27,-64],[-1,-25],[-59,-57],[13,-26],[-36,-49],[-21,-86],[9,-82],[55,-68],[-12,-54],[30,-49],[-20,-65],[-43,-19],[-7,35],[-34,9],[-32,-22],[-42,-10],[11,-39],[-61,-75],[-25,-79],[-9,-74],[5,-58],[22,-72],[28,-48],[8,-17],[34,-64]],[[68903,59380],[330,-13],[105,92],[46,-15],[52,-36],[48,-2],[18,73],[-22,52],[33,53],[41,4],[24,53],[64,37],[-4,25],[33,25],[69,-13],[27,18],[79,-14],[90,34],[189,-22],[240,-2],[753,-477],[717,-456],[75,58],[25,77],[-3,55],[25,62],[151,139],[32,14],[65,66],[27,98],[-7,88],[7,27],[46,73],[48,18],[28,28],[1,80],[9,54],[-5,43],[552,-216],[7,-41],[28,-46],[21,-60],[-5,-82],[23,-36],[68,-67],[-8,-69],[16,-42],[12,-87],[-24,-47],[45,-52],[5,-94],[37,-37],[24,-105],[31,-28],[13,-34],[-5,-50],[40,-44],[187,-12],[208,-153],[118,-70],[57,34],[28,-18],[38,-73],[37,-137],[48,-48],[24,-3],[10,12],[119,-14],[39,22],[35,54],[10,61]],[[71604,53742],[-304,-135],[-123,-27],[-140,80],[-51,24],[-59,79],[4,14],[-32,75],[25,37],[34,20],[1,30],[-34,29],[-32,62],[12,32],[-37,40],[20,45],[-20,69],[-145,11],[-61,-41],[-31,32],[4,41],[-23,22],[-61,-6],[-15,-33],[-193,-57],[-113,-69],[-16,-130],[21,-33],[21,-90],[63,-176],[-3,-123],[33,-47],[7,-33],[-11,-73],[-25,-66],[-49,-43],[-16,14],[-5,122],[-11,24],[-455,226]],[[69784,53688],[-244,128],[-274,318],[-58,16],[-3,36],[54,133],[-58,-6],[-55,102],[-69,12],[-31,61],[-51,33],[-36,-13],[-70,27],[-34,-22],[-39,11],[-66,-20],[-35,36],[32,37],[13,61],[58,51],[-4,32],[54,29],[36,-14],[58,40],[18,36],[-17,27],[60,33],[7,52],[148,108],[25,58],[-4,25],[-60,6],[-22,30],[50,83],[0,56],[34,13],[19,44],[59,49],[-2,21],[-41,51],[3,26],[113,11],[3,34],[-21,69],[-14,85],[-53,138],[-5,35],[-67,142],[-19,87],[-46,148],[-13,113],[-24,115],[-12,110],[-19,35],[-20,156],[-26,99],[-12,50],[-21,34],[-33,97],[-18,102],[-17,35],[-33,151],[-30,97],[6,29],[-37,113],[-75,85],[-42,68],[-15,40],[-29,32],[-54,114],[20,36],[52,8],[31,22],[54,0],[40,56],[40,21],[1,49],[53,55],[-36,52],[-6,65],[34,36],[-29,54],[-42,164],[-67,100],[-39,28],[-15,76],[-91,29],[-46,25],[-55,88]],[[69784,53688],[-217,-215],[-54,-589],[2,-63],[-43,-45],[-8,-27],[-52,-27],[-23,11],[-71,-12],[-31,9],[-24,-31],[-60,13],[-5,-479],[19,-29],[30,-3],[27,-27],[24,-91],[-13,-34],[-84,45],[-43,-7],[-22,-40],[-22,15],[-37,-24],[-11,-40],[-43,6],[-38,-33],[-73,1],[-122,-105],[-13,-36],[12,-66],[-18,-7],[-14,-53],[-19,-18],[-38,-85],[2,-43],[-40,-129],[3,-49],[20,-63],[65,-29],[25,7],[48,-29],[28,2],[33,-38],[-21,-56],[-46,11],[-25,-53],[-36,-29],[5,-28],[-52,-60],[3,-44],[-44,-47],[-44,-27],[-39,-56],[263,-147],[-20,-67],[-34,-30],[-64,-10],[-83,-24],[4,-19],[-26,-67],[-23,-24],[-65,28],[-20,-45],[18,-23],[-42,-38],[-77,52],[-58,65],[21,-42],[3,-50],[28,-7],[-21,-62],[-32,-11],[-31,-50],[-28,4],[13,-59],[20,-13],[-68,-104],[-32,22],[-3,40],[-25,19],[-43,-98],[20,-27],[-19,-24],[5,-34],[-119,103],[-58,11],[-15,47],[-56,-38],[-24,-42],[-53,-33],[6,-43],[-45,-45],[-21,-67],[-55,-11],[-33,-19],[-35,11],[-47,-18],[-61,12],[3,-18],[-30,-63],[-81,-12],[16,-52],[-4,-48],[-19,-39],[-38,-16],[-14,-51],[20,-73],[-49,-13],[-17,-60],[37,-18],[51,-124],[34,-31]],[[67459,49247],[-38,-11],[-25,-42],[-34,-23],[-48,-4],[-31,-36],[-50,17],[-125,-44],[-48,-32],[-28,-35],[-23,7],[-54,-55],[-59,-20],[-3,-55],[-61,3],[-27,-39],[-100,-89],[-35,-28],[-24,4],[-99,-64],[-54,-10],[8,-68],[-41,-34],[2,-29],[-53,-90],[-47,-8],[-61,-57],[-146,-63],[-10,-41],[-25,-16],[-82,-19],[-36,-36],[-42,-104],[-41,-46],[-30,-10],[-90,18],[-66,34],[-57,-36],[-32,14],[-54,-53],[-33,-53],[-35,-7],[-15,-33],[-93,-79],[-39,-46],[-63,-40],[-32,-9],[-12,-48],[-95,-83],[-56,4],[-47,-68],[-32,-1],[-46,-27],[-18,38],[-35,-18],[-48,43],[-71,-18],[0,-28],[-63,-55],[-53,-92],[-17,-18],[-57,-5],[-25,-37],[10,-27],[-41,-75],[-55,-38],[-48,-6],[1,-25],[-50,-38]],[[64422,47158],[-25,-5],[-73,24],[-42,-10],[-20,16],[-40,-17],[-12,-44],[-23,-21],[-33,0],[-30,-34],[-103,70],[-45,-4],[-49,-21],[-26,-32],[-2,-35],[-29,-67],[-69,1],[-32,-13],[-22,-65],[-39,-61],[-7,-31],[-42,-4],[-6,35],[-38,23],[-2,69],[-39,32],[5,36],[38,-5],[44,43],[37,-1],[33,30],[11,54],[-15,26],[16,39],[34,9],[25,85],[100,113],[3,85],[22,101],[-64,102],[-27,21],[11,46],[-38,49],[-36,25],[-4,-1]],[[63769,47821],[33,50],[-34,77],[51,20],[0,40],[38,18],[10,72],[-18,46],[24,24],[-17,31],[14,29],[-13,78],[-34,-5],[-9,34],[10,22],[24,19],[42,-1],[1,57],[17,55],[-28,41],[30,66],[-12,34],[6,42],[31,26],[-54,44],[-8,22],[25,43],[-6,25],[-50,44],[19,44],[25,21],[-7,56],[62,-25],[62,48],[39,15],[22,68],[20,12],[16,59],[-17,28],[-29,-14],[-31,20],[-32,58],[0,48],[-14,49],[-38,30],[-36,-10],[6,56],[-77,-6],[-7,31],[-37,12],[-22,31],[19,72],[-19,24],[-83,-1],[-32,44],[-7,49],[-35,24],[-58,-18],[-64,21],[-26,70],[-49,54],[-9,152],[33,47],[3,53],[-15,43],[0,49],[-33,21],[-44,2],[-20,53],[20,157],[57,99],[-42,53],[-49,2],[24,55],[-30,45],[53,27],[55,13],[16,23],[-68,81],[-1,27],[36,16],[8,26],[-10,37],[-34,28],[93,123],[63,34],[59,47],[-5,28],[-48,47],[-28,9],[-72,-26],[-21,32],[10,70],[-20,60],[50,42],[-16,62],[55,40],[-30,66],[-31,17],[13,42],[44,-2],[47,22],[76,72],[53,14],[84,105],[26,13],[34,46],[12,41],[-36,70],[-40,32],[-162,-46],[-104,-46],[-164,-51],[-56,33],[42,57],[-11,82],[-50,-2],[56,122],[-4,59],[10,86],[19,22],[-9,36],[-36,26],[-29,50],[65,65],[6,27],[40,48],[15,65],[186,56],[98,67],[60,24],[37,55],[10,35],[-18,19]],[[72161,46870],[-62,27],[-39,30],[-24,40],[-46,-48],[-36,66],[-65,-7],[-45,33],[-47,13],[2,106],[-41,2],[-38,19],[-22,37],[-56,48],[-38,40],[-61,19],[-53,83],[-37,19],[-38,-37],[-20,-4],[-46,32],[-67,73],[-29,3],[-29,58],[-37,-10],[-52,49],[-16,56],[-89,28],[-87,81],[-14,32],[-65,57],[1,28],[-20,-12],[-55,24],[-11,41],[-54,65],[-4,36],[-31,1],[-54,28],[-57,8],[-19,-13],[-55,51],[-47,-18],[-24,27],[-35,-44],[-17,40],[-79,49],[-54,1],[-51,42],[-41,4],[-33,-20],[-84,9],[-80,-22],[-40,-25],[-29,18],[-99,-70],[-41,-1],[-60,-26],[-41,-35],[-16,11],[-86,-65],[11,-30],[-36,-11],[-18,-26],[24,-33],[-42,-13],[-55,-14],[-45,-48],[-1,1],[-18,33],[14,37],[-16,26],[-71,39],[-27,41],[-65,-23],[-33,26],[-60,15],[-43,44],[-77,40],[-30,46],[-66,-4],[-17,22],[-49,20],[-30,-3],[-106,44],[-28,-4],[-53,59],[22,40],[-1,121],[-23,15],[15,59],[29,128],[30,50],[62,130],[35,144],[35,41],[48,82],[-52,20],[-47,46],[-33,-3],[-85,18],[-35,35],[-144,27],[-13,41],[-32,0],[-31,28],[-66,-26],[-16,-30],[-30,13],[-12,-6],[-69,48],[-33,-12],[-22,40],[-58,-58],[-9,47],[-51,19],[-24,-28],[-27,29],[-58,32],[-58,2],[-44,-12],[-39,16],[-54,-15],[-53,25],[-47,-12],[-49,-59],[-47,-15],[-19,10],[-47,-14]],[[60475,39319],[13,-71],[34,-20],[-8,-55],[89,-11],[46,-34],[4,-31],[-76,-32],[7,-39],[39,-32],[26,-77],[-29,-74],[21,-65],[46,-52],[32,-85],[-14,-31],[8,-71],[-23,-45],[5,-24],[-24,-41],[5,-80],[48,-14],[23,-34],[-34,-82],[-45,-8],[-10,-54],[-30,-89],[18,-93],[22,-26],[53,-27],[45,-76],[14,2],[-18,-46],[-36,-16],[-4,-52],[-27,-35],[29,-105],[-4,-70],[19,-47],[-1,-61],[45,-14],[-17,-27],[-1,-48],[-76,-12],[-59,-69],[33,-27],[-32,-42],[-8,-81],[-43,-40],[-19,-56],[-28,-14],[13,-52],[-8,-52],[-29,-34],[1,-37]],[[60510,36811],[-28,-18],[-44,12],[-26,28],[-15,-47],[-31,-2],[0,37],[-33,17],[-48,-35],[-7,30],[16,41],[-45,-8],[-45,23],[-30,-12],[-34,22],[-27,-21],[-18,76],[-39,38],[6,46],[34,42],[17,40],[-32,8],[-41,-14],[-37,35],[-11,33],[-27,18],[-31,72],[-32,39],[-77,33],[-7,18],[-27,-29],[57,-47],[60,-125],[-11,-94],[-53,-48],[-56,36],[-34,-26],[-40,50],[-26,8],[-78,-21],[-20,-31],[-1,-39],[-23,-61],[-29,5],[-45,-15],[-39,2],[-45,-34],[-23,41],[-27,-13],[5,-29],[-22,-70],[19,-78],[15,-120],[-23,-33],[21,-106],[-54,-5],[-1,-28],[-47,-42],[3,-42],[-29,-70],[-41,19],[-22,50],[6,75],[-35,76],[-55,28],[-133,13],[0,63],[-26,24],[-39,68],[-52,30],[-13,29],[-82,27],[-5,-60],[-89,-46],[-10,-26],[17,-44],[-41,-30],[-54,-22],[-35,-37],[-58,-82],[-47,-2],[-19,-27],[39,-45],[-26,-84],[-29,-10],[-7,-49],[17,-36],[-1,-44],[-35,-32],[-19,-7],[-78,13],[-30,-45],[-12,-83],[41,-21],[-24,-40],[-63,-44],[-14,-40],[-112,-32],[-46,26],[-65,-42],[-3,-15],[-21,-24],[-80,4],[-30,33],[-34,6],[-152,9],[-43,-20],[-35,-32],[-26,15],[-26,-16],[6,-51],[38,-23],[-37,-42],[-55,24],[-52,-33],[-68,11],[-43,28],[4,-36],[-45,-38],[-54,20],[1,33],[-45,43],[-114,26],[-85,-3],[-76,-15],[-52,26],[-62,-13],[-34,-52],[-64,-19],[-28,25],[-48,-17],[-39,29],[-88,38],[-30,-2],[-36,48],[-69,29],[-28,32],[-61,9],[-62,-17],[-28,9],[-1,0],[-24,17],[-34,-19],[-89,20],[-32,-31],[-63,-36],[-16,-77],[8,-66],[-14,-54],[-25,-25],[-30,-57],[-114,-14],[-28,-15],[-102,28],[-25,-17],[-32,0],[-73,43],[-68,3],[-21,12],[-61,-5],[-60,9],[-38,54],[-66,41],[-26,42],[-75,-85],[-4,-89],[-33,-36],[-16,-44],[-66,-65],[-56,-4],[-36,55],[-46,35],[-23,-36],[4,-59],[-49,13],[-34,-88],[-57,-26],[-79,5],[-55,49],[-25,86],[-10,64],[-31,49],[-36,90],[10,29],[-69,110],[-53,38],[4,35],[55,123],[9,92],[37,148],[-21,19],[-21,97],[28,60],[1,89],[11,32],[-43,35],[-58,-1],[-37,29],[-25,39],[-22,-12],[-71,52],[-22,27],[-45,21],[-44,0],[-38,20],[-36,-9],[-58,21],[-60,-36],[-80,10],[-50,-40],[-22,4],[-43,-32],[4,-36],[-54,12],[4,29],[-19,34],[-56,7],[-27,39],[-44,11],[-21,-20],[-75,46],[-16,-34],[-36,20],[-73,14],[-27,-17],[-51,23]],[[53129,36733],[-1,42],[17,26],[72,25],[40,3],[24,37],[-5,65],[63,3],[89,-3],[41,-11],[34,46],[44,21],[37,37],[72,134],[19,89],[-20,22],[8,73],[-24,64],[15,51],[72,27],[66,70],[18,45],[28,114],[65,25],[53,47],[41,114],[46,92],[39,62],[41,24],[58,18],[44,16],[61,-11],[52,6],[77,37],[186,-22],[26,40],[40,32],[23,77],[26,32],[19,5],[85,-15],[14,-23],[95,-29],[61,6],[33,29],[34,-4],[13,-29],[33,-3],[37,-35],[29,10],[62,-31],[24,7],[27,72],[32,9]],[[55314,38271],[54,-17],[22,17],[39,35],[52,16],[39,-7],[36,-28],[21,41],[-30,33],[24,47],[75,21],[73,11],[40,-12],[21,17],[13,40],[-7,65],[23,20],[78,0],[31,-48],[-2,-60],[1,-51],[16,-32],[48,-37],[69,-107],[9,-34],[30,-36],[56,3],[16,23],[69,101],[35,86],[77,-6],[16,72],[38,25],[43,8],[10,42],[38,71],[60,46],[17,51],[-36,48],[114,15],[7,26],[67,57],[26,-34],[77,-52],[57,35],[27,68],[27,19],[52,-15],[55,45],[24,67],[26,18],[51,44],[42,0],[23,-28],[42,-2],[33,-42],[79,-24],[11,-13],[7,-76],[26,-12],[23,38],[43,30],[34,-14],[31,35],[34,-21],[60,11],[38,-7],[45,15],[53,2],[28,6],[16,32],[70,-20],[91,27],[14,-61],[62,-19],[23,-33],[51,34],[50,-48],[62,36],[47,-18],[21,14],[24,-40],[105,11],[23,-9]],[[58449,38832],[69,-43],[-16,51],[69,51],[35,45],[33,-36],[65,-9],[12,-42],[53,-4],[25,-19],[58,-15],[27,-90],[44,-19],[22,-25],[48,-14],[61,12],[17,33],[26,-13],[24,-46],[20,-3],[32,-37],[35,-10],[35,27],[8,-91],[29,-6],[18,-53],[63,69],[28,16],[57,-29],[55,18],[-22,28],[20,26],[10,22],[52,11],[17,63],[48,28],[18,-39],[46,-25],[21,15],[23,20],[11,48],[41,75],[47,-5],[17,-43],[30,13],[32,49],[20,-4],[20,57],[35,-14],[47,25],[34,37],[-31,27],[-17,37],[7,37],[63,50],[-11,30],[42,48],[40,16],[7,25],[72,37],[-10,-54],[49,14],[2,34],[44,-3],[37,53],[39,3],[27,44],[47,-16]],[[62138,34515],[37,-12],[12,32],[-46,36],[-20,31],[14,49],[63,36],[34,73],[34,19],[48,-44],[19,50],[-10,26],[34,49],[31,-2],[29,-31],[26,14],[22,-33],[50,-19],[71,42],[41,-39],[25,25],[27,-16],[22,22],[31,-16],[49,17],[49,-9],[8,20],[-23,30],[3,93],[47,30],[42,-6],[43,16],[41,34],[38,-31],[39,-21],[165,1],[24,44],[-5,27],[16,69],[28,31],[9,103],[-51,28],[18,54],[57,-1],[20,31],[33,4],[15,-18],[60,24],[56,-26],[51,29],[54,46],[33,44],[9,46],[46,52],[3,50],[47,32],[28,149],[-22,40]],[[63762,35839],[18,41],[-12,30],[24,7],[12,106],[18,54],[34,34],[-4,52],[32,1],[-1,35],[14,53],[60,95],[24,66],[-7,85],[23,34],[46,99],[21,13],[10,87],[29,2],[5,55],[35,92],[0,24],[60,49],[8,96],[31,24],[-32,47],[50,65],[35,108],[14,79],[18,31],[-9,31],[53,21],[1,63],[21,52],[-11,39],[-64,-5],[-44,18],[-22,33],[20,51],[5,86],[53,19],[14,53],[53,37],[14,92],[19,22],[-25,31],[51,94],[-13,54],[1,78],[-29,27],[3,37],[-21,42],[20,27],[-5,66],[26,18],[0,53],[36,17],[3,29],[79,72],[7,37],[85,44],[63,58],[135,-17],[88,6],[28,51],[46,18],[28,53],[41,26],[25,55],[35,43],[62,26],[51,-31]],[[65250,39029],[11,-55],[-5,-48],[-53,-23],[-47,-58],[-20,-41],[27,-54],[30,-28],[11,-37],[-33,-48],[-2,-82],[-13,-22],[-124,-86],[-8,-40],[19,-31],[38,-20],[88,-29],[87,-81],[49,2],[25,-23],[0,-35],[-39,-58],[-3,-75],[-21,-110],[19,-66],[54,-72],[35,-72],[9,-37],[-25,-79],[-7,-56],[34,-74],[56,3],[31,-66],[30,-15],[41,58],[28,-24],[4,-63],[40,-19],[30,18],[26,66],[83,2],[70,-12],[34,-39],[44,-26],[29,0],[-3,-55],[43,-44],[19,20],[-1,46],[41,-10],[47,46],[81,-12],[18,-41],[88,-17],[11,-14],[8,-15],[-24,-77],[6,-48],[44,-25],[7,-68],[-42,18],[-14,-19],[-11,-66],[35,13],[45,-8],[32,-40],[0,-39],[46,-27],[67,-86],[7,-35],[-34,-27],[-13,-51],[-23,-23],[12,-42],[55,-40],[-15,-27],[29,-38],[-29,-32],[-25,-70],[18,-44],[47,12],[26,-25],[-26,-44],[79,0],[12,-68],[40,-39],[32,-72],[28,-39],[45,29],[30,-23],[-7,-29],[-52,-24],[79,-69],[6,-33],[-30,-52],[-17,-7],[-11,-58],[-9,-10],[-23,-55],[-43,-10],[17,-70],[-12,-63],[11,-28],[42,-1],[19,-34],[-28,-14],[-55,-54],[27,-10],[51,-66],[-44,-45],[53,-9],[34,-26],[60,8],[-30,-49],[28,-20],[-21,-38],[37,-17],[21,-37],[-32,-20],[-12,-59],[40,-14],[56,-63],[42,-18],[-23,-67],[3,-42],[-32,-28],[-20,-47],[-44,-12],[5,-50],[-56,-32],[-18,-28],[-12,-97],[-47,-7],[35,-42],[4,-34],[-15,-61],[-34,-36],[55,-37],[5,-53],[31,-32],[4,-38],[-23,-12],[14,-66],[-3,-38],[50,-19],[4,-67],[61,-113],[91,48],[110,12],[37,4],[1,-41],[-33,-63],[74,-55],[66,0],[27,-35],[-15,-22],[8,-58],[15,-9],[2,-63],[37,-20],[39,29],[-1,34],[34,9],[49,-22],[70,48],[49,-84],[49,-6],[0,-67],[-19,-56],[6,-26]],[[67607,33513],[-40,-80],[-40,-31],[7,-47],[-8,-84],[6,-51],[-23,-54],[33,-55],[-44,-34],[-20,-39],[31,-49],[-48,-28],[-36,-28],[-40,47],[-23,-2],[-15,-50],[-47,25],[-112,-59],[-28,-84],[14,-45],[-57,-29],[-50,19],[-10,-75],[-32,-16],[-63,-59],[24,-41],[-7,-21],[-48,-10],[-13,-43],[-16,-31],[-6,-108],[-42,-50],[-60,-16],[-47,-67],[-44,-35],[-71,39],[-25,42],[-18,-1],[-68,-43],[-25,29],[-71,-68],[1,-46],[-30,-29],[-23,41],[-95,13]],[[66278,32160],[-21,-61],[-37,-47],[-46,45],[-57,-71],[-53,16],[-35,33],[-30,55],[8,59],[-37,9],[-45,81],[-73,37],[-57,10],[-25,-24],[2,-42],[-43,23],[-92,-9],[-78,15],[-39,-19],[-22,40],[0,101],[-35,49],[-41,74],[-53,-5],[-35,52],[33,37],[-33,44],[-82,-1],[-36,24],[-48,-14],[-62,15],[-19,30],[-74,-49],[-26,34],[-25,5],[-89,-42],[-20,20],[-42,4],[-41,33],[-13,-14],[-99,-28],[-35,16],[-31,-16],[-15,-50],[-45,-12],[-52,20],[-33,-14],[-24,25],[-52,-2],[-61,-39],[-61,18],[-44,-42],[-134,-53],[-26,3],[-54,62],[-65,-12],[-85,113],[-6,21],[-40,-5],[-8,31],[-49,20],[1,42],[-26,27],[-39,0],[-46,53],[-29,-8],[-43,12],[-13,41],[20,-1],[14,53],[49,44],[19,31],[71,-10],[9,94],[-8,70],[7,59],[42,53],[41,-1],[35,22],[15,80],[-7,92],[0,15],[46,54],[30,59],[-40,51],[-49,51],[-49,101],[-50,39],[-82,-49],[-53,-44],[13,-31],[-25,-37],[-4,-39],[32,-20],[3,-28],[-29,-25],[-36,-2],[-16,-33],[-78,6],[-28,-45],[-29,-3],[-93,48],[6,24],[-40,28],[-11,31],[-34,31],[-10,28],[-70,-9],[-34,38],[6,51],[-61,34],[-57,58],[10,30],[-14,66],[-56,49],[-51,64],[-32,-28],[-42,36],[-10,55],[-52,65],[-41,96],[-32,25],[4,23],[-69,105],[-40,-16],[-47,56],[-12,28],[-55,16],[-28,-17],[-25,-72],[-17,-12],[-76,6],[-52,32],[-37,-41],[-32,4],[-64,47]],[[73253,35512],[14,-25],[50,-10],[-6,-31],[47,-57],[56,-17],[3,-36],[56,-35],[25,33],[21,-18],[4,-43],[26,-40],[32,9],[76,-105],[30,-24],[-12,-60],[11,-31],[35,-25],[-8,-58],[-45,-8],[13,-41],[-20,-68],[14,-32],[-30,-94],[13,-26],[60,-12],[32,-90],[22,-15],[5,-39],[-18,-37],[43,-48],[63,-39],[24,-94],[-55,-10],[14,-65],[-15,-24]],[[73833,34197],[-23,-27],[-11,-62],[-18,-15],[20,-44],[-1,-55],[-23,-64],[-33,-41],[-15,-78],[-44,-130],[-14,-7],[-50,-120],[-59,-19],[-7,-22],[-8,-3]],[[73547,33510],[-549,28],[-199,10],[-25,-57],[-20,-79],[-20,-88],[-46,-10],[-43,-29],[-72,-99],[-16,-57],[31,-13],[15,-83],[72,-38],[3,-142],[-58,-14],[41,-145],[-18,-28],[-37,-18],[-14,-29],[-18,-82],[-35,-41],[77,-32],[14,-66],[-86,-95],[-26,-122],[-36,-20],[2,-49]],[[72484,32112],[-24,-44],[-46,-34],[-50,11],[-13,-81],[5,-47],[-18,-31],[-29,-6],[0,-35],[-24,-27],[-18,-87],[-27,-45],[-47,22],[-84,3],[-21,-17],[-84,-9],[-16,11],[-48,-39],[-51,-20],[-30,-35],[20,-50],[45,-20],[12,-32],[63,-31],[9,-19],[-33,-17],[-55,-95],[-28,-10],[-21,-60],[-52,8],[-27,-79],[-36,-36],[-12,-36],[-31,-47],[28,-63],[-19,-47],[25,-77],[-88,-78],[-4,-64],[-20,-27],[28,-53],[-25,-12],[10,-61],[-50,-52],[28,-43],[-88,-23],[5,-35],[-40,-81],[51,-27],[22,-36],[-6,-36],[-31,-18],[-29,-61],[-24,12],[-65,-115],[-48,-32],[-15,-23],[-38,-67],[21,-33],[-16,-40],[41,-16],[14,-22],[83,10],[60,-62],[16,-42],[-6,-54]],[[71533,29700],[-88,-32],[-17,-23],[-43,-19],[-53,15],[-44,-17],[-40,-32],[-142,-54],[-8,-3],[-55,-28],[-262,-113],[-19,-24],[-112,-40],[-44,-13],[-122,-71],[-106,-49],[-61,-15],[-146,-53],[-64,-78],[-132,-57],[-62,-52],[-12,9],[-81,-27],[11,-56],[-45,-39],[-50,-26],[-65,29],[-36,-16],[-11,-37],[-34,0],[-21,79],[45,41],[8,58],[-1,15],[-49,-7],[-34,30],[-72,-37],[-11,20],[-44,4],[-13,39],[-100,12],[-49,-24],[-29,36],[-23,1],[-43,12],[-40,-16],[-7,-24],[-123,-86],[-31,-11]],[[68953,28921],[-61,-30],[-88,-3],[-28,38],[-18,-30],[-89,-34],[-52,84],[-47,-65],[-20,-3],[-52,49],[-40,-20],[-11,-33],[-29,39],[-59,-8],[-50,-51],[-45,24],[-33,53],[-18,5],[-51,-41],[-23,3],[-70,-42],[-37,12],[-48,-14],[-27,-31],[-136,-69],[-51,-8],[-47,-23],[-77,13],[-33,-25],[-51,-4],[-34,-44],[-31,23],[-53,-64],[6,-25],[-52,-10],[-21,-34],[-54,-2],[-22,-29],[-106,-62],[-50,-4],[-5,62],[-62,5],[-57,-40],[-92,18],[-68,-40],[-9,30],[-83,23],[-53,-14],[-4,-33],[-86,-83],[-40,-16],[-64,-54],[-43,4],[-62,24],[-74,-29],[-4,-24],[-77,-90],[-9,21]],[[66253,28220],[28,20],[-26,87],[2,28],[47,27],[18,33],[52,21],[37,81],[-17,77],[61,35],[17,26],[29,105],[-3,29],[47,50],[52,5],[56,-30],[34,42],[40,12],[5,32],[54,-36],[7,40],[-17,85],[38,42],[-6,65],[34,19],[12,50],[-10,62],[56,38],[11,45],[-11,20],[9,50],[-16,26],[-18,98],[-30,3],[-22,-26],[-40,9],[7,56],[-9,51],[-27,53],[1,40],[-78,20]],[[66677,29710],[-9,44],[87,102],[39,-23],[34,-3],[-11,47],[22,27],[33,5],[46,-13],[79,66],[-11,81],[-26,-7],[-35,36],[-2,31],[-30,34],[16,35],[-17,29],[32,26],[31,-29],[55,17],[39,-21],[128,48],[14,-57],[43,-38],[26,14],[39,66],[-12,36],[25,-20],[47,23],[38,54],[38,-8],[-25,-112],[-4,-58],[18,-52],[39,-65],[76,-26],[53,4],[17,-43],[-26,-42],[18,-45],[-2,-46],[18,29],[66,18],[15,-8],[73,61],[-3,25],[-49,26],[13,23],[74,-19],[15,30],[53,9],[-18,43],[28,-7],[122,-125],[30,12],[7,34],[30,51],[48,31],[21,66],[-27,64],[20,67],[34,4],[7,72],[17,11],[146,-32],[69,-141],[27,-3],[26,39],[-11,67],[8,39],[44,30],[38,50],[-20,42],[10,29],[-40,18],[11,32],[-17,50],[-69,51],[51,72],[34,-12],[48,7],[41,24],[27,64],[39,45],[22,-15],[27,48],[54,29],[41,-21],[72,-1],[-2,29],[66,54],[31,9],[7,33],[42,32],[-12,32],[22,87],[-27,28],[1,51],[18,16],[53,6],[5,17],[32,7],[11,-31],[35,8],[39,27],[1,36],[20,48],[-7,41],[16,27],[110,44],[12,31],[58,7],[30,-65],[30,-3],[26,91],[-24,66],[-23,32],[26,42],[-8,27],[22,38],[-42,29],[-45,-13],[-24,25],[42,59],[-34,48],[-12,76],[3,80],[-25,26],[10,62],[52,8],[31,31],[-27,47],[7,83],[42,26],[23,41],[42,-15],[33,43],[45,-30],[68,0],[-25,29],[14,61],[69,2],[2,21],[-39,22],[-18,31],[15,43],[-38,35],[-19,117],[42,39],[31,-7],[35,26],[-20,30],[-1,54],[-16,47],[-22,5],[-35,-36],[-29,3],[-50,-31],[-19,6],[-52,-31],[-22,39],[1,39],[-38,14],[-26,44]],[[69410,32950],[21,-5],[20,39],[12,82],[48,14],[60,-27],[59,68],[26,5],[14,-43],[41,-51],[55,-18],[13,44],[5,49],[-33,14],[-8,37],[-55,31],[35,59],[-22,37],[21,30],[49,24],[-29,69],[-56,16],[-16,58],[21,48],[48,42],[13,47],[-12,56],[-16,16],[-4,75],[-64,10],[-23,-33],[-57,-35],[-55,36],[-66,-17],[-22,-45],[-65,21],[-29,-8],[-43,38],[-1,64],[29,83],[24,80],[54,31],[-8,46],[63,61]],[[69457,34098],[51,-30],[47,24],[17,23],[98,-18],[18,24],[111,-53],[36,35],[41,-7],[26,31],[105,-1],[4,31],[32,19],[54,23],[51,-37],[52,26],[49,-76],[51,-30],[67,21],[34,33],[45,22],[92,-25],[20,-19],[25,34],[46,-14],[59,29],[22,-22],[57,45],[89,26],[51,63],[-10,88],[64,31],[41,9],[36,35],[50,24],[13,-80],[20,-15],[-7,-81],[48,-44],[27,5],[0,-107],[-17,-35],[6,-78],[-32,-18],[-27,-53],[13,-50],[-14,-63],[6,-36],[41,-8],[58,-44],[-44,-99],[64,2],[11,17],[50,-2],[50,68],[-2,39],[45,15],[13,31],[29,8],[53,-51],[68,4],[31,-15],[8,67],[52,11],[30,32],[43,7],[11,29],[82,-18],[35,130],[-14,30],[15,61],[77,32],[44,-69],[35,-10],[41,45],[5,65],[13,28],[37,13],[26,52],[38,-32],[37,49],[44,33],[70,-20],[28,11],[9,96],[45,-10],[54,14],[20,-16],[65,-4],[44,66],[40,2],[31,52],[28,18],[54,-11],[39,49],[5,57],[-25,41],[12,41],[28,21],[-13,30],[-69,85],[-37,74],[38,5],[23,50],[-56,48],[13,23],[58,19],[11,27],[-30,48],[24,43],[115,-50],[67,30],[79,62],[42,22],[34,37],[4,58],[-24,38],[5,107],[24,21],[37,72],[28,8],[2,-48],[81,-31]],[[69457,34098],[22,46],[17,80],[69,58],[52,6],[17,18],[-16,47],[6,27],[-34,26],[-2,32],[31,71],[-49,-12],[-29,15],[-63,-21],[-70,30],[-46,-25],[-43,-49],[-33,1],[-5,34],[-77,-17],[-23,19],[-2,41],[-26,47],[57,8],[30,17],[16,38],[-20,28],[6,68],[17,49],[-2,57],[11,71],[-12,62],[2,75],[-12,54],[29,-15],[65,7],[50,-11],[16,-66],[-17,-35],[6,-53],[28,-33],[43,-11],[52,-68],[45,-18],[61,-3],[59,-17],[27,40],[47,-9],[37,43],[-41,30],[76,42],[48,8],[28,33],[29,96],[10,59],[48,67],[3,55],[15,20],[-4,51],[30,33],[2,61],[-12,37],[15,26],[-39,131],[18,15],[-6,57],[31,41],[76,-58],[-8,-35],[67,-110],[-7,-21],[36,-65],[44,-4],[79,44],[-6,31],[11,53],[63,-1],[-15,52],[41,62],[-9,12],[8,17],[118,38],[62,0],[28,12],[60,72],[27,48],[34,58],[2,31],[-33,101],[12,60],[-17,46],[5,42],[-63,29],[2,37],[-37,34],[28,72],[30,-6],[11,35],[31,-11],[3,6]],[[70728,36393],[-26,25],[-17,60],[-69,60],[-11,72],[22,19],[21,57],[-33,37],[-7,63],[71,57],[1,35],[-32,70],[23,36],[-22,51],[79,8],[34,-66],[83,14],[50,-36],[-1,-55],[22,-10],[30,-51],[85,-45],[14,43],[35,29],[76,-4],[13,59],[41,-33],[22,16],[27,-29],[39,28],[26,-50],[90,59],[27,-14],[69,41],[25,-4],[63,2],[-10,-22],[22,-70],[52,-12],[35,-41],[18,44],[65,-28],[51,-11],[15,-47],[59,1],[25,18],[26,-2],[40,-45],[10,-32],[36,-54],[44,-9],[3,-59],[-47,-50],[0,-43],[-58,-64],[-36,-43],[-69,-24],[-18,-19],[11,-33],[35,-6],[15,-101],[43,-144],[32,-75],[-3,-28],[25,-61],[48,-5],[26,26],[16,-50],[-13,-26],[40,-49],[37,18],[86,-7],[-4,-24],[32,-29],[26,-19],[55,5],[31,46],[42,37],[58,-40],[43,-51],[54,-18],[26,-41],[60,-55],[8,-38],[44,21],[123,48],[1,50],[34,16],[18,58],[47,4],[6,25],[43,33],[19,-16],[-1,-80],[34,-31],[240,82],[-2,-46],[19,-31],[-8,-51],[-19,-40],[-5,-66],[-30,-21]],[[76419,39160],[-72,26],[-44,26],[-73,61],[-29,7],[-48,42],[-23,-16],[-27,21],[-41,-12],[-36,14],[-32,-7],[-60,25],[-40,-23],[-45,54],[-37,-6],[-34,47],[-22,7],[-31,-27],[-62,-31],[-38,-3],[-7,-54],[-50,6],[-29,-58],[-13,-79],[-45,-4],[-37,-49]],[[75444,39127],[-42,9],[-51,-32],[-26,51],[-21,10],[-60,-19],[-41,19],[3,44],[-44,41],[-13,39],[-21,13],[-39,-28],[-11,25],[-39,-32],[-36,-52],[-31,17],[-56,-8],[272,-330],[-2,-127],[-52,-8],[-22,20],[-88,13],[-70,81],[-28,21],[-40,-4],[-53,-54],[-68,-42],[-25,33],[-29,-11],[-16,-50],[-37,-2],[-9,27],[-83,-15],[-12,-36],[-82,-39],[-26,-43],[26,-48],[-26,-16],[12,-49],[-103,-88],[-41,-42],[20,-119],[-4,-67],[-25,-4],[-5,-56],[36,-8],[-51,-23],[-36,-62]],[[74249,38076],[-3,-7],[-59,-32],[-14,-47],[-55,-36],[-33,4],[-36,-36],[-28,4],[-21,67],[27,45],[-11,31],[-30,-8],[-27,-67],[5,-37],[-28,-36],[-32,24],[-32,-16],[-33,13],[-8,-35],[-63,-43],[-46,-1],[-94,50],[-46,2],[-71,-51],[15,-40],[-32,-8],[-49,-70],[-73,26],[-29,24],[11,76],[-99,29],[-6,54],[13,32],[-6,92],[7,62],[-33,53],[-27,12],[-59,60],[18,45],[-27,36],[-21,31],[-51,-2],[-53,-39],[4,-31],[-28,-85],[-60,-19],[-29,18],[-13,104],[-29,20],[-47,-13],[-79,47],[-124,-32],[9,-34],[-58,-7],[-30,11],[-48,-64],[-3,-30],[-59,-105],[-34,11],[-19,69],[-34,28],[9,97],[-16,57],[-25,-4],[-25,37],[26,31],[-16,29],[37,85],[-3,78],[-48,3],[-70,52],[-26,6],[-36,37],[-25,-18],[-30,39],[-55,3],[-23,-62],[-92,32],[-28,-24],[-22,33],[18,23],[-18,70],[-24,5],[-31,54],[-28,16],[-27,-24],[-57,30],[-23,-17],[-49,137],[-50,39],[-11,22],[20,87],[-11,41],[12,65],[-23,54],[-28,16],[20,40],[-26,60],[12,49],[-61,53],[5,52],[-32,4],[-29,-62],[-26,-23],[-38,6],[-16,-38],[-88,7],[-24,-101],[-80,-10],[-12,-42],[-78,-95],[-47,-5],[-63,-47],[0,-36],[-22,-25],[-91,12],[-39,17],[-32,-15],[-3,-35],[-36,-3],[-56,32],[-22,-11],[-24,12],[-62,-74],[-36,-5],[-57,44],[-30,7],[-47,-12],[-51,-40],[-5,-58],[-48,8],[-31,65],[-16,2],[-38,60],[-6,38],[-61,46],[-30,8],[-16,-65],[-15,-15],[-61,0],[-38,14],[-9,-32],[-1,-2],[-4,-37],[-26,-25],[-81,-115],[-5,-57],[-33,-44],[-31,28],[-38,1],[-7,-28],[28,-58],[-42,-88],[-41,9],[-33,53],[-4,-51],[33,-55],[-11,-28],[-2,-7],[21,-51],[27,-1],[36,67],[49,-110],[76,2],[41,-45],[19,-39],[-24,-24],[34,-39],[-14,-27],[10,-52],[47,-16],[18,-8],[3,-95],[-46,-21],[-101,-8],[13,-56],[-20,-58],[36,-33],[-4,-43],[-62,-41],[-7,-55],[-19,-24],[-53,14],[18,-56],[-6,-65],[-17,-44],[5,-88],[12,-59],[-56,-35],[1,-28],[-41,-54],[-1,-22],[-15,-37],[-28,-27],[-59,-4],[-31,-25],[-45,-9],[28,-68],[21,-3],[17,-62],[-31,-8]],[[69520,37180],[-71,-3],[-86,37],[-54,-7],[-54,-51],[-27,48],[-29,0],[-15,31],[7,32],[-10,76],[-45,2],[-34,56],[-38,31],[11,36],[46,44],[15,46],[-7,28],[6,29],[-47,28],[-28,-5],[-27,-34],[-63,24],[-32,49],[-47,7],[-24,34],[-42,15],[-15,23],[-34,-19],[-44,23],[-9,32],[-11,-15],[-50,14],[-50,0],[-14,62],[-35,7],[-3,-40],[-29,-2],[-36,57],[-42,-4],[-44,-51],[1,-36],[-56,-31],[-35,7],[-19,-19],[-53,22],[-55,84],[-44,12],[-32,-23],[-57,-3],[-48,-39],[3,-32],[-46,-22],[-11,59],[-53,25],[-24,34],[12,37],[-11,53],[1,69],[-13,12],[39,1],[16,33],[48,12],[21,18],[42,5],[15,-21],[77,48],[13,19],[48,8],[0,34],[48,-9],[58,7],[23,50],[-56,52],[56,64],[21,-17],[51,55],[53,35],[-22,23],[-47,10],[-36,24],[12,49],[-43,16],[-69,-32],[-47,-1],[-63,49],[-111,23],[-1,40],[49,-24],[22,36],[-40,45],[-4,67],[-119,42],[-22,79],[-20,11],[-27,55],[18,41],[82,7],[63,-34],[50,29],[2,36],[41,14],[46,58],[-2,44],[42,36],[44,18],[0,65],[-41,54],[3,37],[85,24],[18,-32],[25,56],[49,-26],[3,36],[48,26],[34,-6],[10,45],[25,39],[40,26],[-12,27],[6,45],[44,34],[20,43]],[[68597,39677],[29,49],[3,39],[78,13],[43,17],[48,51],[-20,24],[18,42],[74,80],[36,73],[30,3],[22,50],[7,99],[-20,31],[48,15],[14,52],[-32,9],[-15,108],[40,4],[58,40],[-27,74],[36,34],[-14,39],[52,37],[100,-57],[-2,37],[-41,30],[58,22],[28,-11],[3,-41],[39,8],[11,-40],[41,6],[-8,38],[22,21],[66,-15],[53,-39],[-10,60],[36,10],[40,36],[54,-31],[36,4],[-55,73],[45,42],[44,8],[31,62],[-30,26],[48,102],[-33,43],[29,-10],[87,-102],[22,31],[32,-17],[44,39],[-3,92],[-35,15],[-24,37],[30,40],[-3,30],[48,6],[21,18],[-7,40],[45,-1],[20,-22],[60,-15],[3,37],[51,4],[62,88],[33,73],[39,46],[62,50],[42,-22],[50,70],[-11,20],[15,65],[35,72],[53,36],[23,28],[26,64],[32,1],[30,36],[48,-39],[17,17],[76,9],[32,43],[57,12],[-7,53],[21,46],[31,-1],[28,47],[-26,40],[45,9],[-6,41],[39,50],[-27,59],[45,16],[18,26],[-14,46],[11,65],[45,23],[71,18],[47,71],[-1,58],[33,2],[12,-34],[8,25],[39,8],[16,52],[33,11],[94,-10],[37,65],[95,49],[17,20],[56,18],[34,31],[36,-6],[44,19],[44,33],[-35,43],[-21,-2],[3,94],[-33,29],[4,46],[-51,97],[10,35],[-15,61],[45,-21],[76,38],[19,23],[43,8],[18,-19],[111,-52],[53,-11],[37,16],[18,40],[32,10],[35,-24],[53,2],[16,26],[49,7],[32,-47],[82,33],[18,29],[37,-9],[37,48],[20,46],[-8,33],[18,47],[42,17],[72,-3],[35,8],[37,-23],[52,5],[0,-44],[81,-10],[29,41],[96,54],[-2,68],[-27,42],[0,34],[-45,73],[34,54],[18,47],[27,25],[-1,38],[24,39],[51,48],[32,16],[57,-2],[39,62],[19,-44],[59,-10],[18,-37],[116,9],[45,34],[22,27],[-16,58],[31,55],[-50,5],[-29,19],[1,39],[26,6],[-5,75],[24,51],[85,40],[5,29],[67,66],[-1,44],[42,43],[-8,30],[-46,53],[-21,43],[21,42],[59,44],[60,23],[14,50],[-26,36],[-11,82],[-65,-29],[-55,-14],[-61,7],[-26,27],[66,12],[32,55],[25,68],[26,25],[-15,54],[-67,132],[84,24],[44,2],[30,52],[-43,61],[-51,20],[-51,-27],[-97,19],[-76,61],[39,28],[39,3],[18,77],[-18,26],[54,30],[-26,41],[59,7],[37,-21],[73,-13],[46,16],[43,-33],[47,6],[37,-12],[50,8],[8,-26],[50,7],[31,30],[34,8],[62,52],[25,-14],[33,24],[41,-4],[17,-20],[67,-10]],[[60510,36811],[28,-14],[101,22],[33,-12],[22,-49],[-19,-59],[39,-4],[42,60],[39,9],[38,-13],[49,15],[24,-35],[48,0],[6,-24],[40,-22],[51,-44],[38,-1],[37,21],[19,-22],[29,11],[-4,-58],[26,-32],[49,25],[50,-32],[0,-44],[32,-28],[14,-40],[32,23],[22,-12],[10,-41],[32,-14],[18,21],[5,-41],[60,-13],[21,38],[42,8],[36,-42],[59,-1],[38,-46],[31,-34],[40,5],[15,21],[83,4],[21,15],[69,1],[43,-19],[20,-41],[67,13],[18,-28],[42,-5],[32,15],[54,0],[79,-32],[24,-22],[41,36],[24,-18],[47,41],[17,-18],[84,21],[61,-52],[18,-91],[47,-96],[48,14],[32,-10],[82,41],[24,-16],[-3,-58],[44,-55],[44,-2],[36,-40],[26,41],[30,16],[66,-6],[47,6],[40,31],[35,-72],[11,-63],[59,-19],[-64,-83],[14,-30],[45,-21],[-4,-26],[-44,-32],[122,-38],[66,2],[16,59],[49,-1],[21,62],[29,29],[-5,27],[38,66],[83,-7],[36,-33],[46,20]],[[62138,34515],[17,-39],[-26,-44],[-1,-38],[-94,-22],[-16,16],[-40,-11],[-116,59],[-72,-2],[-43,10],[-14,-40],[-47,-21],[3,-51],[-15,-56],[-29,-19],[-11,-37],[10,-34],[44,-43],[-31,-21],[-30,22],[-93,-1],[-49,25],[-23,-37],[5,-26],[48,-13],[-5,-46],[-58,30],[-74,-14],[-39,-49],[-36,21],[-42,-15],[-58,18],[-52,-26],[-86,-11],[9,-112],[-16,-40],[74,-39],[-43,-14],[-75,-2],[-25,52],[1,50],[-20,32],[-63,-14],[-38,45],[-43,-8],[-29,17]],[[60797,33967],[-41,52],[-23,104],[-75,38],[-28,56],[-42,25],[-64,31],[-27,48],[-80,17],[-22,41],[-47,42],[-9,48],[46,38],[-50,65],[-33,66],[-20,13],[-38,-21],[-39,-33],[-66,-1],[-27,-26],[-76,-5],[-23,-37],[-3,-39],[-43,-41],[-57,-11],[-66,65],[-11,54],[-26,31],[-53,33],[-47,-24],[-63,6],[-95,5],[-64,-27],[-35,17],[-20,-8],[-35,-65],[-2,-36],[31,-34],[-20,-80],[-13,-57],[-55,-70],[-69,41],[-23,41],[-6,90],[-23,34],[-53,30],[-24,-33],[3,-61],[-26,-73],[-43,-58],[-41,11],[-24,-44],[-61,-28],[-63,7],[-45,40],[-46,20],[-17,49],[-50,25],[-6,48],[-46,85],[-54,46],[-41,-14],[6,-35],[-22,-79],[12,-27],[62,-72],[0,-32],[-50,-31],[-53,-8],[-45,17],[-20,36],[-44,27],[-131,-21],[-67,26],[-101,-30],[-87,-29],[-40,-1],[-62,14],[-81,9],[-41,-12],[-75,-61],[-44,-17],[-132,20],[-49,27],[-59,-9],[-55,-24],[-89,8],[-74,-47],[3,-90],[-14,-45],[-29,-24],[-34,-86],[-3,-57],[27,-56],[-8,-97],[19,-61],[4,-50],[-11,-48],[-33,-50],[-39,-4],[-53,46],[-75,49],[-15,35],[11,82],[4,204],[9,41],[-20,145],[-29,96],[-31,27],[-71,29],[-73,-7],[-53,-152],[-52,-99],[-20,-51]],[[56651,33929],[-29,-35],[-56,-34],[-27,-35],[-27,-7],[-43,26],[-48,-1],[-43,61],[-31,62],[-11,75],[-39,78],[-33,86],[-13,131],[-5,33],[4,114],[21,69],[3,41],[30,33],[47,-7],[31,19],[-2,79],[-33,19],[-71,5],[-31,-10],[-47,-39],[-53,-16],[-171,14],[-42,12],[-85,73],[-14,64],[-31,31],[-82,23],[-17,-13],[-52,4],[-67,-25],[-47,-30],[-170,4],[-82,19],[-73,2],[-39,-17],[-77,-5],[-41,-33],[-76,4],[-39,22],[-87,36],[-52,11],[-73,-16],[-34,4],[-56,24],[-77,80],[-58,31],[-62,2],[-57,-11],[-25,8],[-53,22],[-43,3],[-65,-26],[-101,25],[-33,-16],[-68,13],[-78,64],[-47,65],[-48,51],[-81,40],[-33,17],[-66,-40],[-40,-1],[-61,-35],[-38,-9],[-35,-6],[-62,-103],[-19,-12],[-39,-25],[-59,-94],[-62,-22],[-50,-10],[-58,-25],[-106,-17],[-75,-54],[-59,-24],[-53,-48],[-39,-10],[-49,-9],[-9,-23],[-48,-30],[-26,-38],[-52,-17],[-70,-126]],[[52534,34474],[-37,96],[26,60],[2,76],[-33,73],[0,23],[42,89],[7,48],[-43,93],[3,86],[-11,87],[-21,35],[-14,35],[27,53],[-39,55],[17,42],[1,72],[61,122],[46,101],[7,41],[57,20],[33,-26],[35,3],[14,24],[1,58],[-14,43],[-70,109],[-1,37],[32,39],[32,9]],[[52694,36077],[99,-36],[88,-46],[50,27],[3,37],[-29,41],[-64,62],[-15,29],[9,50],[24,30],[43,107],[31,103],[25,56],[76,73],[80,53],[15,70]],[[66278,32160],[18,-40],[42,-32],[44,-61],[-8,-122],[-2,-114],[26,-8],[32,-151],[21,-53],[-1,-65],[-27,23],[-85,-46],[-20,-36],[-66,-40],[-8,-23],[26,-61],[-17,-25],[2,-43],[-57,-40],[23,-37],[20,19],[49,-1],[19,-78],[49,-73],[34,-15],[91,-74],[-33,-23],[-2,-66],[24,-11],[-12,34],[19,24],[44,-10],[12,46],[40,-10],[18,-69],[39,8],[38,-50],[-24,-100],[14,-39],[70,-3],[17,-58],[55,-39],[-39,-16],[21,-52],[-14,-47],[37,-31],[-30,-44],[-32,-75],[-20,4],[-38,-33],[-2,-43]],[[66685,30261],[-80,-14],[-22,-15],[-79,-3],[-10,-31],[-53,-10],[-45,-24],[-40,-6],[-18,-51],[-50,4],[-59,44],[-46,1],[-61,52],[-59,-19],[-23,44],[-27,27],[-46,-8],[-50,-32],[-45,-10],[-23,-51],[-37,-149],[21,-59],[-10,-43],[-5,-83],[44,-104],[-12,-19],[-50,-22],[-6,-40],[24,-20],[-44,17],[-35,-12],[-40,18],[-15,-38],[-66,-16],[-12,50],[-29,19],[-38,-11],[-27,26],[-35,111],[-24,-9],[-31,25],[-31,1],[-29,-32],[-46,6],[-4,-176],[-56,-39],[-81,-43],[-83,-60],[-58,-37],[-2,-15],[-62,-45],[18,36],[-18,68],[-124,-54],[-59,-32],[-74,-26],[-15,-18],[-46,-2],[-45,-33],[-90,-29],[-70,-16],[-51,-22],[-43,2],[-89,-25],[-57,-4],[6,39],[-37,6],[-21,43],[-89,18],[-72,-35],[-7,36],[19,22],[-39,44],[-30,82],[28,25],[-11,30],[21,47],[31,32],[-50,24],[6,85],[19,13],[-6,48],[-43,2],[-22,-24],[-58,-19],[-61,18],[-36,67],[-36,-44],[-42,-51],[-18,-48],[4,-70],[28,-50],[-47,-36],[-18,4],[-79,-25],[-79,5],[-48,48],[3,29],[-63,36],[-45,-30],[-28,39],[-35,-9],[-34,20],[-7,26],[3,48],[-47,1],[-50,49],[-41,78],[3,62],[93,63],[-26,76],[16,20],[-1,46],[25,7],[31,82],[-43,25],[-47,11],[-65,98],[-4,37],[-33,18],[-26,-16],[-67,7],[-29,-11],[-36,42],[-11,54],[-95,-43],[-59,-1],[-86,-32],[-50,45],[-76,0],[-12,72],[-41,-5],[-21,-19],[-28,-63],[-29,-25],[-34,-4],[-35,63]],[[62290,30437],[25,40],[-47,52],[16,48],[-6,27],[23,30],[1,50],[-22,21],[1,34],[-84,18],[-40,42],[-56,-42],[-30,36],[-18,44],[-27,8],[-24,50],[3,31],[2,40],[-42,9],[-20,-35],[-40,-23],[-17,-42],[-30,22],[-53,1],[-50,47],[-4,39],[-38,-26],[-77,13],[-42,-10],[-14,-47],[-51,-16],[-43,-28],[-19,-22],[-87,-21],[-67,18],[-46,-20],[-62,22],[12,21],[-17,37],[23,29],[-5,39],[27,33],[-43,39],[-9,54],[-30,31],[13,27],[-26,34],[-4,50]],[[61146,31241],[-17,54],[-51,16],[-6,27],[25,42],[-14,17],[-46,-4],[-49,63],[-10,47],[14,38],[-32,52],[41,73],[-57,50],[5,43],[-14,27],[-2,61],[-19,44],[31,93],[-20,31],[-61,45],[-24,32],[7,35],[-45,12],[-30,33],[-32,69],[29,74],[1,3],[29,72],[-21,69],[24,22],[21,46],[35,8],[16,76],[-8,26],[36,32],[3,39],[93,-18],[58,70],[10,98],[-33,16],[10,42],[-32,25],[2,46],[-21,11],[-21,66],[11,11],[-13,53],[-21,56],[-124,48],[-26,30],[-65,35],[-12,24],[-68,50],[9,39],[-13,44],[18,33],[-24,149],[30,42],[-1,41],[21,63],[30,27],[36,57],[34,80],[4,21]],[[70728,36393],[-23,14],[-71,-22],[-73,-9],[-13,46],[-43,3],[-51,55],[-66,33],[-41,-3],[-27,-19],[-31,-84],[-56,58],[-36,18],[-11,56],[-33,6],[-13,43],[-40,9],[-14,37],[-78,24],[-26,40],[18,53],[-20,10],[-50,75],[-85,61],[-70,-29],[-17,27],[-54,-20],[-4,-59],[-55,-36],[27,-36],[-31,-44],[-6,-47],[34,-41],[-66,-30],[-76,-1],[-39,20],[-16,61],[66,60],[-1,52],[-39,30],[-5,95],[17,25],[-28,42],[-30,13],[-34,41],[-12,65],[50,42],[66,15],[-2,38]],[[74249,38076],[19,-10],[330,-54],[13,-52],[-27,-131],[-44,-200],[4,-38],[-27,-36],[47,-35],[50,-56],[112,-43],[26,-26],[-6,-207],[47,-120],[-46,-38],[-61,-23],[-135,17],[-128,8],[-60,-3],[-46,112],[-29,-1],[-189,11],[-30,-59],[14,-38],[-14,-49],[29,-13],[31,-52],[33,37],[76,8],[15,-16],[12,-59],[34,-12],[22,-11],[21,-65],[26,-41],[30,-3],[54,-29],[7,-62],[60,-62],[-67,-36],[-23,-50],[20,-81],[14,-33],[90,-23],[10,-64],[39,-6],[52,-55],[34,-53],[14,-57],[-3,-45],[32,-25],[5,-35],[-29,-50],[-15,-19],[19,-55],[34,-22],[-14,-33],[-50,-18],[41,-61],[36,-19],[-34,-33],[-37,-60],[13,-100],[-46,-21],[-37,-77],[16,-70],[27,-30],[-62,-84],[-3,-28],[-36,-5],[-67,12],[-59,48],[-8,-40],[18,-35],[-11,-50],[16,-56],[-2,-36],[-79,-32],[-8,-37],[-35,8],[-19,-19],[-24,-91],[-46,-6],[-19,-37],[-45,-7],[-25,-28],[-22,-68],[4,-44],[-40,-77],[34,-57]],[[74122,34625],[-1,-49],[20,-54],[-48,-107],[-12,-111],[-40,-28],[-55,-7],[-36,-77],[-21,14],[-38,-24],[-58,15]],[[66253,28220],[-91,13],[-46,23],[-26,-31],[-33,-3],[-81,-29],[-24,-16],[-13,-27],[0,-3]],[[65939,28147],[-58,-64],[-19,9],[-35,13],[-65,-21],[-18,-43],[-44,-13],[-48,7],[-59,-56],[-53,25],[-140,-6],[-56,-35],[-49,-11],[-48,-17],[-79,-48],[-15,-35],[-24,-41],[-97,-39],[-74,-45],[-19,-69],[-15,-7],[-139,-11],[-62,-52],[-18,5],[-68,-41],[-23,6],[5,47],[-24,33],[-33,8],[-81,79],[-14,-4],[11,-24],[-32,-74],[-27,7],[-53,-51],[-108,-22],[-13,11],[46,63],[-7,39],[-27,29],[-30,-44],[-41,-11],[-22,-35],[-105,-31],[-31,39],[48,95],[-5,58],[-34,10],[-37,-33],[-39,19],[-29,-18],[-23,-59],[14,-23],[27,-6],[40,-76],[-43,-30],[-55,9],[-41,-45],[-59,-40],[-52,-12],[-20,-61],[31,-39],[21,-5],[86,44],[52,-4],[39,-92],[2,-33],[-38,-39],[8,-79],[-37,22],[-27,40],[-36,-33],[4,-77],[-6,-28],[-45,-29],[-24,65],[-45,11],[-54,-19],[-38,-79],[-14,-6],[-35,0],[-14,60],[-31,51],[-32,-5],[-34,-37],[-38,-7],[-42,-46],[-39,-3],[-34,-49],[-42,12],[-50,-29]],[[63208,26972],[-29,15],[-68,-5],[-63,-37],[-34,-33],[-22,32],[26,39],[-5,70],[-36,13],[-75,-3],[-93,-43],[-7,-26],[-43,8],[-19,40],[-27,-6],[-36,-50],[-45,30],[-63,-45],[-41,31],[-26,43],[8,146],[29,80],[65,57],[-86,52],[-114,31],[-29,25],[-29,-1],[-9,53],[-34,7],[7,28],[-22,37],[26,16],[58,11],[32,17],[75,-6],[-6,44],[-52,21],[-4,35],[37,5],[-39,60],[-16,73],[40,34],[-6,27],[-46,19],[-37,50],[-60,8],[-14,23],[-110,45],[26,59],[-41,5],[-10,59],[-65,21],[-68,4],[-33,8],[-75,56],[16,126],[-32,-8],[-46,83],[-7,42],[-47,40],[39,27],[-10,28],[9,70],[29,28],[32,77],[20,98],[57,-8],[13,59],[60,17],[-22,109],[-48,44],[-60,-9],[-56,4],[-42,32],[51,25],[69,9],[-43,82],[23,38],[29,-4],[27,36],[80,-16],[-9,51],[-53,49],[-18,40],[-3,45],[-31,36],[-12,51],[46,37],[14,40],[-39,84],[-23,-5],[-30,34],[86,118],[-2,31],[51,26],[2,70],[18,73],[-11,47],[32,47],[46,-19],[63,10],[-4,50],[27,14],[17,59],[65,44],[-13,31],[7,42],[23,49]],[[66685,30261],[-9,-40],[-36,-66],[-35,-25],[-24,-44],[-63,-21],[-5,-54],[-23,-29],[19,-35],[-23,-30],[0,-101],[18,-56],[55,10],[30,-40],[88,-20]],[[67607,33513],[21,-8],[43,18],[24,-16],[-10,-43],[41,5],[-8,-75],[69,18],[-7,-59],[32,-44],[58,10],[69,-46],[86,-28],[-11,-34],[35,-23],[23,21],[39,-6],[43,-48],[67,-5],[83,-53],[-14,-33],[1,-84],[58,-9],[20,14],[0,30],[44,70],[46,-13],[32,7],[51,53],[6,23],[56,-8],[80,-102],[23,1],[50,-44],[19,-56],[-41,-82],[-8,-55],[22,-31],[-26,-27],[60,-16],[19,-43],[32,0],[37,25],[69,-75],[55,-8],[37,-20],[35,21],[-18,66],[41,-2],[16,52],[20,-10],[34,88],[79,-9],[9,44],[67,15],[67,69],[28,2]],[[65250,39029],[41,92],[25,17],[23,51],[4,44],[-38,13],[-10,28],[42,46],[96,-44],[12,87],[-54,87],[4,22],[44,23],[18,27],[-3,50],[-30,26],[-5,33]],[[65419,39631],[13,44],[31,32],[49,9],[93,57],[36,-43],[-1,-42],[29,-22],[28,6],[24,-33],[29,-9],[2,-37],[29,-1],[31,-26],[-13,-30],[1,-52],[31,-56],[45,-13],[80,-60],[46,11],[92,-52],[34,7],[56,-88],[51,2],[17,-26],[35,15],[23,-47],[18,7],[71,-16],[36,31],[4,42],[40,38],[17,56],[44,36],[33,-42],[18,33],[48,40],[52,6],[39,79],[-8,38],[38,55],[45,-14],[50,82],[36,-36],[-24,-22],[36,-42],[-7,-67],[-22,-61],[26,-34],[77,-14],[16,-24],[28,-11],[61,18],[36,-14],[14,98],[40,45],[5,62],[26,47],[15,112],[22,24],[58,29],[109,4],[-4,151],[22,106],[56,-25],[68,3],[37,14],[50,-17],[27,47],[38,-38],[128,-50],[0,-46],[27,-43],[30,19],[32,57],[46,134],[16,11],[58,84],[4,34],[57,30],[12,66],[-9,34],[20,36],[-13,26],[13,48],[40,46],[9,49],[-8,76],[39,42],[84,-48],[56,-149],[-16,-26],[20,-53],[-28,-9],[24,-82],[-1,-43],[-31,-46],[15,-36],[61,-54],[-10,-47],[54,-69],[4,-73],[57,-75],[-1,-30],[22,-45],[62,-32],[23,-62]],[[64422,47158],[1,-37],[-31,-35],[-37,-80],[18,-24],[11,-54],[74,-88],[70,6],[11,25],[47,-18],[58,14],[60,44],[15,-17],[-11,-45],[-111,-136],[-31,-14],[-10,-37],[-48,-30],[-50,-3],[15,-48],[-17,-13],[-55,7],[-3,-20],[-76,-41],[-95,-95],[55,-69],[84,50],[19,-41],[43,-33],[29,17],[123,34],[65,-42],[66,-26],[11,-38],[12,-129],[8,-19],[-47,-66],[24,-43],[-2,-31],[22,-39],[-3,-55],[-15,-41],[3,-98],[23,-30],[6,-43],[31,-20],[-61,-74],[9,-18],[61,-19],[41,-52],[59,-40],[3,-52],[92,10],[25,-44],[-3,-32],[20,-36],[32,-13],[55,-89],[28,-7],[11,-67],[46,-4],[-40,-43],[-72,-51],[-37,-69],[-18,-74],[41,-33],[-6,-58],[75,-80],[40,-110],[-11,-36],[-40,-26],[-12,-30],[69,-77],[7,-70],[-13,-53],[18,-27],[-16,-35],[42,-67],[28,-17],[25,-40],[30,2],[-49,-44],[-18,-41],[-30,-4],[-45,-55],[-35,65],[-33,-5],[-56,64],[-50,-43],[-87,-9],[-44,114],[-61,65],[-77,31],[-48,34],[-34,41],[-18,47],[-46,13],[-45,-24],[-14,-40],[-36,-31],[-11,-102],[-43,-78],[1,-39],[-20,-18],[2,-64],[-14,-24],[15,-31],[-37,-104],[13,-65],[-19,-32],[-52,-15],[-19,-49],[-71,-26],[-26,-46],[-46,-54],[-36,-14],[-35,8],[-41,-24],[-61,-17],[-41,-25],[-51,-46],[-43,-12],[11,-46],[-34,-11],[-23,-82],[-52,-36],[-39,-13],[-11,-25],[24,-28],[-1,-50],[27,-72],[74,-5],[28,-63],[52,24],[74,14],[6,-68],[19,-20],[39,-74],[-7,-16],[8,-106],[61,-55],[60,-5],[14,-22],[38,21],[7,-64],[41,-1],[10,-51],[62,-61],[22,-3],[34,41],[71,-17],[25,21],[75,10],[59,-42],[-11,-36],[41,-36],[1,-31],[29,-32],[50,14],[43,-11],[37,-58],[-8,-130],[-11,-64],[-25,-8],[-42,23],[-45,-34],[40,-39],[-14,-62],[40,18],[20,-23],[-19,-38],[63,-10],[22,20],[38,-36],[60,2],[23,-33],[-27,-35],[7,-27],[-21,-33],[-76,-68],[29,-65],[-48,-43],[-9,-74],[-30,-16],[6,-33],[0,-136],[-56,-60],[0,-29],[-73,-60],[18,-70],[32,-32],[45,-7],[28,-76],[86,-68],[50,-31],[47,4],[77,-98],[2,-79],[-20,-71],[-51,-20],[-47,13],[-47,-54],[49,-90],[37,-22],[24,-59],[-27,-36],[6,-62],[-38,-40],[6,-31],[-44,-6],[9,-42],[40,-35],[5,-55],[-34,0],[-31,-62],[-43,-51],[21,-42],[8,-51],[-33,-46],[-4,-54],[39,4],[7,-35],[65,29],[65,6],[94,-26],[15,-74],[103,-64],[26,-54],[31,-26],[52,39],[37,-3],[21,-35],[34,4]],[[60475,39319],[-11,39],[20,28],[41,-8],[1,24],[35,41],[49,1],[30,26],[-1,53],[27,-5],[47,43],[92,29],[1,45],[-35,30],[9,37],[-31,21],[-28,63],[22,52],[-46,42],[-13,39],[0,85],[-32,17],[1,102],[-31,67],[39,37],[15,77],[30,59],[-14,44],[57,52],[8,66],[42,45],[52,20],[-13,82],[22,19],[11,62],[-23,36],[-29,73],[-38,31],[-13,40],[-26,52],[-44,-5],[-65,8],[-50,33],[-105,-45],[-24,-31],[-26,21],[-22,56],[-31,-15],[-38,47],[12,49],[-20,51],[-52,17],[20,45],[10,72],[-32,59],[24,3],[32,35],[-2,75],[13,51]],[[60342,41511],[52,-62],[24,11],[79,-6],[-30,39],[37,35],[30,-16],[12,82],[-32,43],[39,16],[14,53],[28,16],[32,-14],[1,57],[40,10],[42,118],[50,56],[75,37],[41,45],[-5,28],[66,31],[13,28],[39,25],[61,12],[28,34],[18,47],[70,20],[34,54],[-25,30],[32,37],[1,28],[-62,29],[7,30],[-32,37],[4,28],[-27,70],[-34,-7],[-26,79],[7,95],[-15,71],[-16,24],[5,63],[-26,9],[-10,52],[26,90],[-45,54],[-10,94],[-23,27],[-26,-19],[-30,77],[-17,-6],[-51,58],[-32,14],[-29,47],[-23,11],[-36,-16],[-28,41],[-55,40],[-3,43],[-39,-5],[-24,22],[2,32],[-39,65],[13,39],[-1,60],[60,74],[11,44],[-5,56],[141,176],[30,58],[4,84],[39,43],[29,70],[-14,25],[14,33],[-21,49],[2,50],[-28,20],[-15,80],[36,36],[10,86],[45,-7],[11,26],[1,75]],[[60863,44831],[-3,36]],[[60860,44867],[21,48],[32,22],[60,-26],[74,4],[36,32],[4,35],[88,47],[-2,45],[80,68],[25,-49],[39,-34],[67,-1],[47,52],[80,21],[81,10],[72,17],[286,73],[23,-4],[20,42],[2,30],[-38,92],[3,50],[22,47],[-28,87],[-1,67],[-32,37],[-28,87],[9,75],[-13,36],[10,55],[-61,23],[-31,45],[-46,10],[-62,71],[-6,24],[13,94],[28,91],[7,105],[43,81],[93,58],[49,39],[-40,42],[45,27],[28,52],[-82,110],[-34,9],[-2,123],[-34,-3],[-48,-47],[-17,48],[-2,84],[39,69],[16,52],[34,54],[26,64],[-18,45],[-64,59],[3,42],[70,57],[69,36],[16,26],[61,1],[98,-26],[60,-33],[71,-24],[40,-30],[59,-26],[55,-61],[69,-23],[108,11],[60,51],[56,18],[24,-15],[29,28],[-38,98],[-22,23],[31,90],[-50,51],[-10,60],[16,96],[15,10],[29,96],[-22,55],[-59,23],[-4,19],[-6,83],[47,37],[-1,41],[77,36],[3,58],[14,31],[24,-14],[40,9],[20,-22],[3,-42],[37,-7],[51,-65],[43,-13],[57,-66],[93,-50],[31,-31],[3,-57],[-11,-24],[54,-34],[-20,-51],[-21,-14],[-4,-45],[26,-28],[30,1],[15,-47],[60,-7],[31,20],[31,-2],[16,-51],[30,11],[87,-29],[25,41],[-5,46],[56,-41],[45,20],[18,-44],[50,0],[22,82],[26,-14],[44,81],[21,8]],[[74122,34625],[47,12],[63,-32],[-3,-42],[61,1],[35,24],[44,11],[19,25],[33,-69],[31,15],[38,-64],[25,11],[35,2],[81,-18],[6,-31],[-47,-33],[18,-33],[-13,-41],[16,-8],[72,42],[15,-10],[53,31],[115,-154],[34,7],[-23,20],[-5,38],[39,59],[58,20],[25,51],[29,-36],[31,-12],[42,6],[45,28],[-1,64],[34,44],[39,-15],[66,15],[46,1],[38,34],[40,4],[89,48],[14,-19],[58,-12]],[[75564,34609],[-32,-159],[32,-66],[18,-60],[49,-5],[2,-29],[43,-34],[43,47],[11,-61],[23,-30],[-1,-35],[113,-5],[39,-18],[20,14],[30,-46],[-4,-36],[18,-28],[41,-21],[2,-40],[60,-51],[21,-56],[30,23],[26,-23],[54,26],[15,24],[87,-35],[29,-33]],[[76333,33872],[-13,-61],[-55,-7],[-19,-37],[38,-61],[-1,-81],[-32,-103],[-1,-49],[-38,-124],[-40,-49],[1,-18],[-46,-85],[-9,-48],[-43,78],[-42,-14],[-27,-29],[-3,-64],[31,-32],[-24,-86],[-43,-43],[-42,-87],[-7,-58],[-60,-122],[-34,-103],[-40,-47],[-32,-50],[-29,-69],[-6,-43],[-62,-95],[-44,36],[-27,3],[-39,-72],[-33,-24],[-37,-73],[-13,-43],[-42,-73],[-31,-5],[-54,-64],[-30,-91],[-61,-16],[-41,-29],[-53,41],[-43,-38],[-65,-31],[-42,-29],[-18,12],[-41,-18],[-28,-39]],[[74913,31732],[-154,-57],[3,90],[133,171],[0,52],[-25,50],[-36,-14],[-21,12],[14,43],[29,41],[-45,28],[-23,38],[-30,16],[-38,7],[-55,42],[-63,-37],[-42,22],[-8,41],[42,47],[15,65],[-55,52],[-20,-17],[-48,80],[28,37],[-10,62],[11,75],[-21,34],[-6,41],[9,46],[-33,39],[-6,30],[-29,29],[-19,-18],[-3,-63],[11,-33],[-77,-31],[-24,9],[-3,55],[-33,0],[-29,53],[-41,20],[10,64],[-100,-54],[-51,17],[-2,-50],[-55,2],[-31,-23],[-37,11],[-9,-25],[37,-49],[-6,-29],[-134,3],[-22,-39],[-40,-31],[-25,14],[-38,49],[23,15],[-4,59],[17,118],[-15,72],[-48,57],[-22,68],[-6,60],[15,48],[89,20],[-7,62],[20,10],[-13,32],[-71,64],[28,25],[-23,68],[-51,-11],[-10,-40],[-46,-31],[-28,5],[-9,60]],[[99923,30837],[58,-58],[18,-33],[-67,-5],[-29,40],[20,56]],[[75444,39127],[6,-35],[39,-22],[24,-88],[37,-103],[45,-8],[23,30],[43,-50],[-8,-69],[6,-94],[20,-70],[-32,-71],[-139,-140],[17,-30],[8,-110],[54,-2],[-9,-73],[29,21],[48,-2],[42,-17],[42,-68],[27,0],[23,-62],[64,0],[-21,-62],[19,-23],[-15,-42],[17,-20],[-9,-41],[16,-30],[34,-14],[36,-40],[-21,-17],[8,-55],[63,-11],[20,16],[29,-23],[46,-4],[35,-35],[0,-53],[65,18],[38,-13],[-132,-381],[-28,-50],[-106,-89],[4,-59],[-8,-43],[-27,-34],[7,-43],[64,0],[35,8],[73,-16],[138,24],[21,-68],[23,1],[29,-39],[40,-20],[1,-58],[-141,-321],[-59,-108],[-38,-21],[-49,22],[-42,-14],[-40,46],[-22,-32],[0,-1],[20,-43],[-52,-46],[-34,-54],[12,-59],[-21,-8],[-20,-70],[19,-24],[-35,-53],[-7,-50],[-25,-50],[-23,-29],[11,-27],[-20,-30],[-39,33],[-23,-34],[-42,-10],[-43,-37],[-37,-46],[59,-75],[3,-27],[83,-89],[-5,-38],[33,-26],[-10,-82],[20,-15],[5,-79],[30,-42],[52,-5],[40,-71],[2,-53],[-38,-13],[-3,-31],[27,-64],[10,-49],[-15,-14],[-95,-44],[-96,33],[-103,-85],[-20,-30],[-27,-98],[18,-45],[-3,-31]],[[74913,31732],[-1,-33],[-85,-117],[-20,-42],[-21,-90],[2,-49],[9,-23],[-20,-70],[-45,-54],[-27,-89],[-39,-99],[-40,-27],[-36,-43],[-57,-48],[-21,-36],[-57,-100],[-30,-91],[-2,-92]],[[74423,30629],[-33,29],[-39,13],[-18,88],[-42,20],[-35,-22],[-40,55],[-64,42],[-35,2],[-23,-23],[-47,6],[-8,-26],[-111,-23],[-108,79],[-33,-11],[-45,-37],[-58,33],[-27,41],[-21,-12],[-26,31],[-109,26],[-61,0],[-43,-38],[-23,2],[-50,35],[-35,61],[-74,-15],[-22,20],[-40,-6],[-18,26],[-46,12],[-21,52],[-52,-16],[-19,27],[-51,11],[-92,61],[-15,17],[-48,-23],[3,52],[-41,9],[34,74],[-23,19],[37,49],[-18,37],[23,26],[-14,35],[29,46],[-12,98],[-35,27],[-7,41],[35,18],[10,50],[-17,22],[33,62],[-27,8],[-37,-17],[-3,47],[18,48],[-6,48],[-75,49],[-92,1],[-17,34],[-41,31],[-14,35],[-50,-3]],[[77601,38163],[-11,-42],[-47,-106],[-60,-171],[-37,-145],[-13,-178],[2,-63],[-21,-61],[-19,-84],[-12,-100],[-1,-54],[-22,-288],[5,-141],[-1,-115],[11,-109],[21,-312],[21,-293],[19,-168],[2,-83],[-24,-160],[-25,-89],[-62,-170],[-118,-274],[-74,-147],[-6,-40],[-86,-22],[-70,-27],[-70,-35],[-128,-94],[-109,-104],[-92,-116],[-10,-64],[-27,-57],[-32,-35],[-37,-74],[-10,-40],[-76,-49],[-31,-10],[35,-55],[-38,-66],[-15,-50]],[[66971,26975],[40,-19],[18,23],[66,-15],[49,-65],[-2,-90],[-10,-15],[56,-51],[49,6],[38,0],[25,63],[20,2],[28,49],[69,44],[50,-51],[37,13],[57,-15],[59,30],[63,66],[34,-29],[-15,-28],[32,-54],[57,11],[65,89],[83,91],[89,35],[30,42],[-39,50],[16,73],[106,92],[-41,6],[-33,30],[5,36],[-48,45],[89,51],[30,40],[33,14],[0,15],[73,60],[35,45],[29,20],[35,-25],[6,-45],[37,21],[24,47],[59,21],[31,-1],[54,-76],[-46,-51],[-95,-76],[80,-62],[-12,43],[98,106],[76,22],[21,18],[68,-18],[27,44],[116,69],[56,-34],[40,10],[155,33],[24,45],[55,61]],[[69222,27836],[122,-97],[-52,-111],[9,-44],[68,19],[59,25],[34,-2],[74,32],[68,20],[16,-11],[71,54],[19,29],[-17,37],[36,5],[34,60],[41,-3],[27,-15],[36,16],[51,-31],[102,55],[26,-9],[44,-22],[27,12],[78,93],[51,6],[38,18],[-4,43],[44,32],[56,-25],[62,33],[27,37],[25,-5],[8,-41],[58,-55],[62,14],[6,-24],[40,5],[50,27],[62,66],[43,-13],[25,-49],[-13,-46],[-1,-70],[-41,-38],[51,-46],[30,-6],[56,56],[66,-20],[13,-20],[51,34],[143,27],[69,-22],[87,8],[83,55]],[[71442,27929],[-63,-142],[27,-18],[43,-57],[18,-55],[-8,-42],[29,-62],[83,16],[53,-45],[-29,-52],[-59,-39],[-48,-51],[-61,22],[-45,-45],[-44,-61],[-23,-96],[-20,-47],[-45,-13],[-37,-34],[-23,15],[-52,-32],[-38,-10],[-46,18],[-20,-237],[166,-40],[-42,-152],[17,-34],[-10,-71]],[[71165,26565],[-161,9],[-41,-5],[-95,15],[-131,8],[-136,-6],[-89,-21],[-5,-31],[-94,12],[-229,-6],[-106,-7],[-87,-17],[-99,17],[-75,5],[-27,-18],[-56,9],[-31,32],[-39,16],[-82,12],[-1,47],[38,36],[-44,43],[-38,62],[69,63],[20,55],[68,77],[-34,36],[29,27],[10,35],[84,53],[3,44],[-15,20],[-10,67],[-27,1],[-63,36],[-77,-40],[-4,-26],[-39,-19],[-57,15],[-42,-24],[-75,-17],[2,-17],[-56,-20],[-43,-33],[-44,-59],[7,-77],[11,-36],[46,-46],[17,-56],[52,-94],[33,13],[32,-10],[38,-58],[-20,-38],[44,-49],[-78,-57],[-7,-29],[-64,-1],[-62,-33],[-63,-1],[-63,-33],[-71,15],[-113,1],[-69,-9],[-160,-39],[-34,-30],[-53,-3],[-37,-27],[-13,-34],[-32,1],[16,53],[-67,57],[-11,25],[-60,44],[-56,19],[-42,53],[-37,-22],[-42,50],[-72,65],[-65,40],[-43,40],[-31,0],[-48,-33],[-40,14],[27,38],[-14,25],[-55,-7],[-22,-26],[-66,-37],[-85,14],[-36,-18],[-22,9],[-65,-25],[-55,-55],[-6,-41],[-49,4],[30,44],[-10,52],[-59,-24],[-6,-48],[-21,-55],[-64,-77],[-37,-22],[-52,-12],[-25,11],[-17,-36],[-28,-3],[-33,31],[-80,-44],[-21,22],[40,86],[-43,44],[-48,-13],[-38,-50],[-28,56],[-95,-60],[-36,31],[40,60],[27,-11],[47,41],[24,55],[-37,3],[-31,26],[29,27],[-37,34],[-74,-36],[40,-37],[-41,-14],[-39,19],[-73,5],[-25,-31],[-15,-102],[-26,-35],[-23,24],[-48,0],[-41,-46],[-41,1],[-74,-21],[-72,-56],[-11,33],[-50,8],[-63,-4],[-51,-18],[-36,-43],[-24,-63],[-11,-63],[5,-70],[-27,-39],[19,-29],[-52,-68],[25,-46],[-4,-40],[34,5],[84,68],[7,36],[59,-16],[13,-22],[-44,-24],[-36,1],[-7,-42],[-29,2],[-12,-30],[31,-15],[28,32],[69,-20],[-34,-42],[-18,-48],[7,-33],[55,96],[60,49],[21,-33],[-9,-67],[115,-9],[22,-51],[-42,2],[-69,-76],[9,-19],[-24,-41],[-41,-40],[-38,17],[-65,67],[-35,-29],[-35,-6],[-64,17],[-57,-32],[5,-37]],[[66050,25664],[-25,6],[-89,75],[0,60],[-18,40],[-38,25],[-42,-3],[-6,55],[-59,59],[-29,-3],[-41,62],[21,33],[-5,27],[19,46],[31,9],[39,35],[40,9],[-1,49],[35,73],[4,34],[-20,26],[39,109],[2,42],[21,57],[5,72],[58,-6],[35,35],[14,57],[66,42],[22,-17],[36,8],[27,32],[26,-20],[53,31],[21,23],[50,49],[80,1],[32,-12],[57,49],[23,5],[55,47],[41,-29],[-10,-24],[26,-48],[74,39],[24,47],[27,9],[22,-23],[41,-10],[105,36],[33,-7]],[[66873,26025],[24,64],[-34,-1],[-39,22],[-8,28],[74,39],[41,4],[12,44],[32,39],[18,-27],[33,-10],[22,43],[51,19],[-6,31],[79,17],[19,-21],[11,-57],[55,4],[24,-65],[36,43],[16,-37],[4,-53],[38,15],[54,-58],[-52,-27],[-27,44],[-60,-4],[-25,-32],[-39,7],[-11,-41],[-30,17],[-88,-19],[-52,57],[-36,10],[-50,-8],[-51,-109],[-35,22]],[[67910,26733],[30,-1],[-31,-61],[-44,-25],[-18,47],[63,40]],[[68365,26384],[-142,-6],[-43,-4],[102,14],[86,23],[115,25],[57,-60],[-54,10],[-121,-2]],[[68175,26374],[-83,-7],[-194,-20],[-157,-25],[-75,-37],[-42,23],[-6,41],[68,54],[17,28],[43,8],[13,-24],[61,-23],[41,-28],[46,14],[-4,53],[113,-46],[76,-12],[83,1]],[[66290,26023],[55,57],[14,-20],[-33,-31],[-36,-6]],[[69455,26987],[4,-62],[-95,25],[-50,-41],[-27,15],[-29,46],[22,35],[78,29],[28,-28],[37,-3],[13,29],[60,12],[-1,-23],[-40,-34]],[[74423,30629],[-7,-69],[0,-85],[-50,-78],[-41,-30],[-47,-95],[-84,-92],[-27,-47],[-12,-72],[13,-74],[37,-138],[-6,-28],[76,-19],[-27,-152],[-9,-92],[9,-111],[51,-325],[12,-66],[12,-78],[-3,-66],[-14,-61],[-25,-50],[-30,-26],[-162,-87],[-122,-75],[-6,-16]],[[73961,28597],[-40,-7],[-167,18],[-62,-6],[-41,89],[-340,221],[-167,-65],[-23,-19],[-38,-69],[-26,-13],[-89,25],[-55,7],[-92,-21],[-91,16],[-33,-19],[-77,-67]],[[72620,28687],[-31,147],[-33,43],[33,9],[32,-15],[83,84],[9,52],[-14,42],[17,53],[13,76],[-23,21],[-121,-3],[-44,31],[-116,-16],[-83,24],[10,19],[-30,-14],[-85,19],[-28,37],[-30,81],[-10,64],[27,30],[21,54],[31,0],[1,73],[-25,29],[-79,-3],[-81,-48],[-52,-70],[-21,4],[-18,-50],[-59,-3],[-76,-84],[-51,-30],[-5,-32],[-46,7],[-79,197],[-57,227],[-21,-23],[-46,-19]],[[74253,29850],[-49,-26],[4,25],[-7,46],[52,-45]],[[71442,27929],[-35,26],[41,32],[80,42],[62,-3],[13,-20],[-21,73],[-101,71],[29,23],[5,27],[127,126],[100,81],[37,-7],[86,26],[-5,54],[43,40],[69,1],[43,14],[103,72],[11,-18],[37,43],[-8,35],[3,65],[45,17],[14,34],[58,-32],[48,47],[37,-8],[47,-54],[22,-2],[32,-70],[83,-4],[51,35],[22,-8]],[[73961,28597],[-76,-48],[-107,-51],[-108,-36],[-198,-49],[-213,-56],[-94,-29],[-108,-45],[-256,-112],[-69,-41],[-113,-95],[-51,-29],[-26,-32],[14,-37],[-19,-32],[-97,-63],[-48,-38],[-36,-42],[-23,-69],[-28,-27],[-28,6],[-99,-128],[-29,25],[-33,-14],[-41,-70],[-30,-91],[-15,-29],[-7,-59],[1,-91],[18,-112],[28,-49],[31,-9],[27,-58],[49,-46],[39,35],[42,5],[42,-22],[-92,-37],[-31,-22],[-27,-57],[-80,-29],[-39,-70],[8,-43],[-19,-40],[-32,-16],[-35,4],[-30,-44],[-11,-68],[20,-61],[29,-21],[-45,-37],[-9,31],[-77,34],[-132,24],[-141,19],[-175,19],[-217,20]],[[72037,26414],[5,-36],[-31,-31],[-32,31],[58,36]],[[69222,27836],[17,33],[-26,29],[-42,-16],[-66,29],[-42,-6],[-8,41],[31,41],[50,10],[46,78],[41,31],[25,0],[-72,241],[-155,155],[-3,13],[-65,406]],[[66971,26975],[50,42],[26,-22],[35,17],[16,58],[37,9],[10,27],[-29,29],[-7,36],[69,83],[61,-7],[-10,41],[67,43],[-4,25],[24,48],[-11,36],[-39,29],[13,29],[-78,57],[-53,28],[-81,9],[-127,43],[-43,-56],[5,79],[-67,21],[-55,-71],[-31,10],[-81,-40],[-30,12],[-68,-72],[-8,25],[-36,2],[-31,62],[-39,-12],[-21,27],[-23,-57],[-27,37],[-35,-17],[-21,32],[-50,5],[9,68],[-2,57],[-51,6],[-3,38],[-39,47],[-28,29],[-45,92],[12,12],[-32,92],[-44,54],[-50,18],[-67,12]],[[52978,30628],[5,-52],[-39,-102],[-29,-38],[-20,-80],[-23,-40],[-29,-110],[-18,-19],[-21,-99],[21,-31],[51,-30],[-24,-31],[-10,-42],[-62,-18],[-21,-31],[-60,-55],[-19,-50],[-25,-8],[-68,-73],[-24,-11],[61,-66],[47,-1],[56,-41],[56,-6],[42,-14],[25,-30],[60,-29],[55,-16],[129,-21],[24,-14],[11,-17],[108,-36],[74,-67],[30,-4],[26,-29],[35,5],[69,-43],[-8,-19],[64,-43],[22,-65],[55,-42],[-27,-35],[-16,-54],[-43,-86],[-61,-32],[-17,-160],[-25,-22],[-64,21],[-48,5],[-53,-45],[-75,46],[-20,-74],[13,-19],[-14,-43],[3,-37],[-19,-23],[2,-75],[-53,-11],[-9,-24],[-45,-22],[-19,-25],[-67,-6],[-43,-20],[-57,39],[-31,-48],[-4,-74],[30,-22],[-16,-54],[-22,-14],[-20,-50],[33,-53],[-24,-67],[28,-32],[-15,-75],[39,-71],[-3,-17],[-128,-9],[-39,48],[-43,-20],[0,-49],[-43,-26],[-15,-55],[30,-38],[8,-40],[-24,-47],[-42,-24],[-7,-36],[-25,-36]],[[52514,27499],[-56,-28],[-115,72],[-153,18],[-79,29],[-25,26],[-24,24],[-58,16],[-51,47],[-11,42],[-48,57],[-35,3],[-37,-18],[-75,18],[-88,24],[-62,-25],[-49,38],[-47,2],[-63,-67],[-52,-29],[-40,2],[-57,2],[-35,-20],[-64,28],[-48,53],[-36,21],[-6,1],[-90,-1],[-59,-27],[-41,1]],[[50910,27808],[-17,20],[-15,84],[-40,28],[-43,10],[-184,-43],[-50,19],[-24,29],[-25,29],[-84,90],[-44,11],[-78,45],[-68,17],[-10,1],[-41,0],[-82,47],[-43,14],[-57,-27],[-29,-58],[-8,-51],[-19,-52],[-3,-55],[11,-88],[-57,-27],[-39,-14],[-47,-37],[-13,28],[1,57],[-26,59],[-22,11],[-62,-12],[-24,-20],[-23,-19],[-174,25],[-89,41],[-52,6],[-48,-19],[-68,-47],[-85,48],[-111,129],[-48,-21],[-41,-42],[-72,-54],[-74,-39],[-65,5],[-81,43],[-40,18],[-71,13],[-64,-31],[-29,3],[-102,93],[-42,17],[-104,-12],[-27,-15],[-58,-58],[-59,-50],[-38,-37],[-77,-31],[-30,59]],[[47896,27948],[-5,68],[74,120],[74,55],[55,17],[35,71],[110,51],[135,52],[68,35],[33,62],[91,95],[114,89],[47,21],[64,53],[86,29],[48,46],[64,31],[38,42],[98,42],[41,28],[77,30],[17,42],[52,40],[105,112],[36,70]],[[49453,29249],[32,20],[49,76],[35,76],[45,195],[39,77],[58,70],[58,32],[43,60],[86,89],[12,77],[51,112],[29,29],[96,34],[22,40],[38,40],[46,98],[17,53],[-3,35],[-24,48],[-17,68],[-72,74],[0,39],[54,102],[45,29],[124,-34],[71,38],[12,21],[22,51],[52,46],[24,112],[40,89],[69,62],[17,44],[10,122],[19,59],[-33,103],[-34,75],[9,44],[-7,85],[30,45],[46,-3],[46,12],[34,43],[40,20],[31,75],[8,57]],[[50822,31988],[58,-50],[45,-1],[59,-56],[-8,-41],[23,-22],[-9,-41],[28,-45],[48,-51],[43,14],[1,1],[7,30],[50,24],[49,-18],[-5,-57],[43,-44],[67,-12],[42,-20],[47,-56],[35,-30],[113,-38],[6,-21],[67,-31],[32,-47],[54,-4],[69,-18],[44,-20],[49,-50],[51,-23],[54,2],[27,-40],[24,-33],[41,-45],[68,-32],[42,25],[49,-20],[49,30],[31,-37],[59,-38],[53,-26],[18,-45],[45,-33],[26,3],[18,10],[53,-15],[27,-23],[52,13],[18,-60],[23,-14],[16,-53],[53,4],[16,-30],[-15,-35],[10,-31],[42,-24],[71,-13],[-14,-48],[28,-4],[33,2],[27,39],[19,-2],[9,-25],[-24,-35]],[[56651,33929],[59,-50],[5,-126],[32,-47],[-15,-136],[-17,-27],[4,-52],[26,-33],[46,-15],[31,-82],[40,-57],[20,-5],[11,-60],[-22,-57],[0,-33],[54,-32],[-6,-56],[-17,-54],[-34,-66],[-37,37],[-40,20],[-19,36],[-49,-20],[-15,55],[-66,-5],[5,-51],[-20,-35],[38,-32],[-49,-67],[18,-21],[-15,-70],[18,-75],[42,-22],[7,-50],[-8,-41],[19,-29],[-7,-45],[30,-1],[30,-1],[41,-37],[52,-67],[84,5],[40,-38],[35,-17],[17,-38],[69,4],[5,-27],[51,-54],[91,-3],[30,-34],[70,-26],[22,3],[91,-64],[34,-59],[20,7],[37,-39],[16,-38],[16,-9],[48,-24],[13,-31],[92,-27],[103,-92],[-22,-73],[-2,-44],[-23,-7],[-21,-50],[19,-11],[16,-48],[-11,-123],[-33,5],[-23,29],[-32,12],[-57,-37],[-21,13],[-79,-14],[-21,15],[24,-38],[20,6],[71,-34],[48,-64],[25,-82]],[[57705,31274],[-29,-41],[-45,8],[-3,-39],[-36,-57],[-1,-43],[-33,-73],[-14,-29],[-50,-8],[-28,-57],[-62,-1],[-42,-17],[-37,30],[-74,25],[-15,31],[-36,12],[-54,-7],[-41,27],[-17,35],[-107,-71],[-4,-68],[-45,2],[-19,23],[-28,-103],[-62,-66],[-78,-15],[-58,63],[-73,-89],[-5,-34],[-36,-9],[-38,-35],[-13,-66],[-42,-50],[-29,-52],[-70,-23],[-25,-40],[-23,-8],[29,-92],[30,-30]],[[56392,30307],[-55,2],[-75,32],[-36,63],[-46,46],[-20,54],[-15,97],[-28,36],[-81,29],[-72,-24],[-33,15],[-40,39],[-84,55],[-49,63],[-32,72],[-42,46],[-11,30],[-26,21],[-51,93],[-45,17],[-53,49],[-109,6],[-41,-25],[1,58],[-24,15],[-43,-26],[-37,74],[-2,51],[-49,-23],[-70,34],[-41,41],[-26,8]],[[55057,31355],[-30,6],[-23,33],[-31,1],[-26,28],[-70,30],[-14,32],[-34,-17],[-55,14],[-64,4],[21,12],[9,110],[23,28],[19,91],[-80,89],[35,27],[-7,111],[-152,127],[49,49],[25,89],[-52,9],[-10,24],[27,32],[17,74],[5,81],[13,90],[-88,14],[-62,22],[-63,-51],[-11,62],[37,74],[-8,39],[-64,-42],[-56,22],[7,45],[-29,27],[-29,-13],[-101,12],[-26,23],[83,80],[4,66],[31,23],[9,58],[52,84],[27,89],[-1,53],[48,72],[0,30],[-5,39],[-30,4],[-13,-20],[-36,53],[-56,29],[-22,11],[-29,-46],[-44,12],[-26,29],[-59,27],[13,-48],[-1,-49],[16,-40],[-22,-34],[-6,-47],[18,-56],[-24,-27],[-63,39],[-43,15],[-18,-12],[-116,7],[-40,19],[-3,28],[-35,38],[-30,-5],[-11,46],[6,88],[-81,-17],[-17,-15],[-76,-24],[-37,14],[-21,-64],[-42,28],[-42,-13],[-46,11],[-25,29],[-15,-18],[-36,20],[-16,-24],[-24,-39],[-29,6],[-23,14],[-33,-25],[-44,20],[-31,-46],[-65,1],[-48,-2],[-47,39],[-43,-3],[-50,-27],[-41,2],[-87,5],[-9,-25],[-43,-10],[-65,15],[-26,-41],[-17,43],[-79,-13],[-24,-13],[-34,19],[-43,-7],[-72,44],[-104,49],[-59,57],[-59,24],[-8,28],[-53,55],[60,45],[59,14],[45,-4],[57,47],[203,117],[-87,112],[-8,56],[-27,56],[-31,13]],[[52290,33971],[89,77],[23,39],[23,94],[61,169],[46,96],[2,28]],[[63208,26972],[19,-44],[-29,-93],[2,-46],[-68,-42],[-8,1],[-7,-21],[-62,-29],[-54,-65],[-5,-29],[-34,-20],[-6,-39],[-42,-33],[-54,-13],[-23,-60],[1,-16],[-46,-52],[-27,-50],[-22,-10],[-13,-69]],[[62730,26242],[-51,-10],[-54,-35],[-4,-56],[-57,-59],[-23,-4],[-38,-55],[-37,-9],[-43,-41],[-40,-55],[-22,70],[-40,51],[-47,-31],[-20,36],[-76,83],[-65,-8],[-83,24],[-14,-9],[-54,26],[-17,-69],[-32,-9],[-3,1],[-98,4],[-44,14],[-86,8],[-87,-37],[-41,23],[-3,-36],[-24,-28],[-38,9],[-14,-22],[-63,27],[-76,-74],[-45,0],[-34,-34],[-46,-12],[-123,-31],[-60,-29]],[[61028,25865],[-64,-16],[-34,16],[-33,-41],[9,-77],[-52,-9],[11,67],[-35,-8],[-19,84],[-46,15],[-19,43],[16,34],[-4,49],[-31,13],[-16,50],[2,61],[41,-31],[56,4],[37,29],[30,48],[-28,55],[-62,8],[-73,26],[-8,14],[-36,12],[-72,2],[-25,35],[6,33],[-29,29],[-40,-31],[-39,60],[12,57],[-45,-29],[-33,36],[-29,-18],[-6,-38],[-52,-45],[-30,-9],[-64,-35],[-10,34],[27,93],[-34,48],[-13,-13],[-68,-8],[-30,-38],[-21,46],[-42,42],[-45,-22],[-53,7],[-19,19],[-42,-31],[-59,13],[36,54],[-21,19],[-40,-6],[-22,47],[6,30],[-66,33],[1,88],[-36,100],[-29,40],[-20,64],[-22,18],[-21,-15],[-4,-39],[-51,2],[-29,27],[-7,48],[-93,72],[-4,-2],[3,-60],[-14,-50],[-31,-55],[21,-53],[-3,-37],[25,-15],[72,17],[33,-58],[-20,-43],[-58,-9],[25,-37],[-25,-41],[-65,-59],[-11,-30],[35,-37],[-22,-87],[3,-53],[-43,-3],[-6,-50],[-95,31],[-58,6],[-9,52],[16,38],[-8,117],[-31,-1],[-11,51],[37,16],[0,34],[-23,64],[-22,7]],[[59108,26783],[-17,45],[34,40],[-7,94],[-37,54],[47,104],[-67,-16],[-57,7],[-33,-28],[1,83],[-24,39],[-55,15],[-16,39],[34,15],[2,76],[11,111],[30,47],[-37,40],[-59,-36],[-29,-6],[-26,33],[-4,43],[-26,49],[24,93],[-14,19],[-2,55],[-47,-15],[-40,4],[-44,-23],[-51,33],[-73,28],[-10,47],[-39,-9],[-22,-46],[-32,36],[31,69],[-25,98],[56,51],[39,4],[40,24],[14,47],[44,36],[46,-21],[102,-67],[44,3],[22,-41],[31,24],[41,18],[100,29],[2,42],[43,35],[-16,21],[62,28],[11,32],[32,18],[41,-2]],[[59183,28301],[17,-20],[34,20],[77,-18],[-3,-29],[56,-7],[42,-34],[43,21],[36,10],[-37,26],[15,102],[21,33],[42,105],[-10,19],[57,43],[20,44],[36,-9],[-19,76],[29,51],[-5,32],[-37,98],[-3,42],[-39,-17],[-20,24],[0,54],[-61,46],[-23,47],[29,39],[-5,39],[58,24],[24,-5],[19,90],[39,32],[50,17],[62,53],[14,-67],[23,-33],[46,-9],[23,29],[41,-60],[61,-60],[20,17],[35,-18],[68,42],[16,-27],[122,-6],[37,50],[91,-58],[47,-29],[109,12],[58,-35],[54,0],[46,27],[126,-22],[-32,29],[-22,62],[-23,20],[30,42],[41,14],[-16,50],[-12,101],[-73,29],[-102,-16],[20,41],[39,4],[6,26],[-31,62],[12,99],[-16,39],[-54,-12],[-31,37],[-15,42],[-24,8],[17,67],[-23,19],[31,51],[-3,26],[48,6],[44,54],[-22,39],[-55,26],[13,33],[-31,88],[26,32],[11,48],[-14,14],[-63,7],[-32,-18],[-58,76],[1,19]],[[60351,30366],[39,36],[39,15],[17,60],[24,19],[32,-6],[57,33],[36,-6],[27,64],[-10,30],[18,74],[-8,50],[33,43],[50,20],[18,41],[41,-1],[15,35],[11,77],[39,63],[-10,28],[28,28],[10,45],[40,43],[23,-8],[36,-61],[49,31],[68,78],[26,40],[47,4]],[[61028,25865],[25,-51],[-27,-40],[14,-30],[-12,-63],[7,-31],[57,-29],[-15,-68],[16,-56],[29,-33],[7,-57],[-46,-16],[11,-49],[-47,-66],[-20,-51],[-50,-68],[-1,-30],[-49,-33],[10,-71],[30,-5],[-2,-68],[55,-103],[7,-54],[27,-50],[39,-34],[26,1],[4,-20],[-67,-22],[0,-47],[-26,-25],[-25,27],[-20,-19],[-74,-1],[-75,-11],[-24,-27],[-15,-86],[-54,-102],[-54,13],[-31,-22],[4,-92],[14,-41],[-25,-25],[66,-6],[67,-32],[24,13],[-20,-22],[-16,6],[-42,-21],[3,-74],[-78,-37],[-19,-22],[-49,-13],[-88,-81],[-15,-65],[-33,-55],[-1,-24],[33,-30],[-38,-37],[-13,-63],[24,-71],[-8,-71],[-62,-2],[-37,-22],[2,-57],[-43,-30],[66,-46],[40,-53],[52,9],[62,-17],[27,-38],[102,24],[144,-1],[20,-60],[-16,-75],[20,-31],[58,-14],[6,-36]],[[60889,23056],[-147,-109],[-183,-169],[-4,-30],[-34,-4],[-78,-48],[-294,-202],[-21,-24],[-187,-107],[-111,-71],[-136,-102],[-238,-203],[-165,-153],[-79,-86],[-84,-122],[-15,-67],[-49,-3],[15,-32],[-15,-134],[-36,-107],[-48,-35],[-222,-209],[-108,-126]],[[58650,20913],[-1,30],[30,38],[60,50],[11,24],[60,53],[-18,32],[-38,-17],[-27,-36],[-79,-2],[-31,-23],[-82,60],[-21,44],[-45,16],[-22,39],[32,19],[45,82],[-49,42],[-48,88],[-21,82],[1,69],[14,22],[-39,50],[-26,55],[-20,33],[-44,-47],[-18,-47],[4,-30],[-21,-29],[-49,-11],[-51,-64],[15,83],[-58,2],[-7,43],[-53,62],[-68,42],[-11,-23],[-38,-4],[-86,-53],[-16,-62],[-59,-82],[-14,-40],[-36,-38],[-56,43],[-2,52],[-25,34],[-21,-5],[-19,85],[-19,43],[26,44],[42,34],[-11,46],[22,37],[-7,58],[-1,33],[39,93],[-33,7],[-5,41],[28,108],[15,23],[67,40],[4,32],[33,57],[-77,52],[-57,52],[-15,41],[-62,56],[-33,2],[-46,-22],[-38,-33],[-12,-41],[-31,14],[8,57],[-69,-1],[-89,-31],[-70,-5],[-23,38],[-49,16],[-34,54],[-29,-27],[-39,20],[-15,-25],[-96,-6],[-6,-9],[-107,2],[-57,25],[-4,25],[-42,3],[-23,32],[-40,14],[4,-61],[-37,-55],[-32,-6],[-12,30],[-80,-37],[-39,17],[-60,27],[-60,-1],[-44,-36],[-5,-35],[-151,23],[-72,77],[27,21],[-30,59],[-1,46],[25,44],[-25,106],[78,49],[-32,92],[49,18],[20,47],[41,23],[-11,50],[-3,30]],[[56198,23201],[25,30],[7,45],[-34,-1],[13,31],[54,74],[49,46],[-94,35],[-20,37],[-70,41],[-30,67],[-8,64],[-36,41],[-60,40],[17,42],[-7,33],[15,42],[8,95],[-88,52],[-66,30],[8,28],[-57,27],[5,44],[-17,25],[-43,25],[-11,57],[-24,19],[-38,69],[-17,62],[-4,53],[-18,59],[-23,24],[-29,-29]],[[55605,24508],[-46,19],[-26,56],[-38,28],[-25,75],[8,36],[-26,16],[39,29],[38,2],[28,38],[1,47],[-14,56],[13,28],[-13,62],[27,29],[13,55],[-54,72],[-22,45],[-37,18],[-11,51],[-28,55],[5,43],[35,26],[-10,44],[20,35],[-2,45],[-52,33],[-10,29],[18,47],[39,38],[12,52]],[[55487,25717],[8,-41],[59,-53],[39,-4],[43,-40],[32,7],[59,-50],[21,-36],[31,38],[2,46],[48,48],[-26,40],[9,80],[21,11],[-20,43],[117,64],[53,-64],[20,-39],[-2,30],[55,25],[42,32],[54,-44],[73,23],[62,-29],[36,2],[14,32],[-19,152],[25,50],[4,50],[-29,22],[39,18],[-22,118],[4,35],[-42,53],[-31,12],[1,85],[-11,24],[8,52],[-31,60],[-39,0],[-22,-18],[-92,9],[2,34],[-31,26],[-31,49],[-28,-16],[-22,30],[-11,66],[-53,6],[-32,25],[-22,60],[11,25],[-22,58],[-31,31],[-3,54],[15,24],[0,60],[-12,21],[39,19],[48,-8],[-1,28],[49,38],[44,-23],[15,19],[-17,67],[3,48],[20,48],[-23,88],[8,22]],[[55995,27459],[32,-19],[30,5],[49,46],[70,-3],[27,-19],[43,48],[26,9],[46,-28],[36,42],[26,48],[36,1],[38,12],[32,89],[40,29],[51,-9],[32,23],[-1,-80],[20,-42],[63,-65],[9,-44],[45,-20],[15,-70],[-13,-19],[-5,-93],[36,-18],[36,50],[30,-51],[38,32],[39,5],[84,-23],[17,-31],[47,-17],[71,12],[97,1],[6,-72],[-65,-47],[2,-50],[-23,-8],[-32,-43],[11,-44],[44,-1],[71,-39],[35,-6],[34,-72],[0,-46],[-19,-23],[-18,-68],[12,-57],[64,-56],[-22,-62],[36,-87],[-24,-46],[0,-93],[17,-17],[-23,-110],[-59,-36],[-10,-51],[5,-43],[89,-46],[50,0],[11,-58],[58,-1],[65,31],[49,8],[70,25],[29,45],[29,4],[28,41],[37,15],[73,10],[26,19],[86,-31],[65,16],[34,-5],[6,-46],[54,-14],[38,-34],[-9,26],[58,27],[4,36],[58,9],[21,16],[50,-21],[8,-20],[68,-20],[6,41],[-34,25],[-11,64],[31,24],[3,27],[45,34],[43,17],[34,36],[19,89],[-21,42],[72,95],[30,-11],[77,-5],[40,13],[65,-24],[10,-23],[33,23],[19,66],[60,-3],[15,35],[44,8],[26,56],[35,33],[33,6]],[[56392,30307],[16,42],[39,18],[53,-1],[27,-29],[-2,-48],[30,-82],[32,-35],[39,-76],[45,-13],[95,-49],[146,37],[28,-35],[-8,-43],[-48,-55],[-11,-44],[17,-32],[36,-27],[102,-30],[26,-20],[28,-100],[31,-38],[61,25],[39,41],[83,6],[55,-4],[16,21],[77,-18],[11,-43],[66,-14],[25,-40],[-1,-3],[79,-108],[29,0],[47,-48],[42,-33],[50,-13],[43,-77],[90,37],[18,21],[38,-80],[42,-18],[27,-39],[-4,-20],[51,-61],[45,-27],[11,-45],[-4,-27],[20,-70],[55,-16],[44,-43],[60,-47],[12,17],[54,6],[61,29],[2,59],[87,-13],[39,27],[37,-22],[10,-27],[89,-45],[59,6],[81,72],[27,0],[34,58],[0,143],[40,-10],[59,-72],[12,-31],[47,-7],[52,17],[43,-52],[14,-48],[45,-22],[-7,-37],[43,-75],[4,-31],[-39,-13],[-17,-32],[-10,-69],[-39,-79],[-1,-44],[-50,-38],[-12,-41],[-2,-79],[20,-35],[-20,-44],[65,-24],[16,-47]],[[55995,27459],[-21,38],[14,75],[19,68],[40,69],[36,7],[-5,29],[-48,29],[24,32],[-28,25],[-119,32],[-12,37],[-42,18],[-20,43],[4,19],[-6,24],[-75,67],[-27,72],[-52,-26],[5,-18],[-47,-83],[-25,8],[-21,-36],[-13,-41],[-29,-37],[-7,-46],[-26,-78],[1,-28],[-57,40],[-12,66],[-42,9],[-20,34],[-61,19],[-42,-45],[-63,79],[3,25],[-27,63],[1,37],[-51,102],[45,14],[4,42],[28,31],[37,11],[4,25],[33,33],[43,-70],[39,6],[33,60],[32,-18],[15,-58],[40,7],[15,60],[61,66],[16,86],[28,-23],[95,-11],[38,32],[28,67],[53,49],[39,24],[41,87],[-29,7],[0,54],[-32,32],[-15,45],[-65,17],[-49,120],[-39,19],[7,77],[-68,17],[6,41],[-29,-24],[-40,38],[7,30],[-36,13],[-35,-13],[-33,98],[-114,53],[-20,30],[-98,49],[12,24],[-43,22],[4,41],[36,55],[-5,56],[13,23],[-81,37],[-12,27],[-69,69],[27,46],[-22,32],[35,35],[45,107],[-144,116],[-16,25],[-50,28],[-95,89],[-65,24],[-98,-9],[-78,4],[-106,44],[-19,-16],[-57,18]],[[54441,30307],[-4,28],[22,76],[1,60],[44,25],[42,68],[13,-64],[22,1],[36,48],[75,-5],[27,29],[61,5],[46,60],[38,-11],[30,89],[-13,48],[34,58],[2,27],[45,6],[6,72],[19,27],[-14,98],[29,63],[27,33],[43,64],[14,70],[-24,35],[-5,38]],[[60351,30366],[-55,33],[-45,46],[-8,18],[-113,25],[-21,18],[-42,-8],[-29,25],[-58,-6],[-46,29],[-29,-40],[-7,-48],[-41,-24],[-35,1],[-63,-26],[-13,-46],[-7,-93],[-34,-48],[-40,-20],[-27,-57],[-28,-14],[-66,54],[-27,2],[-70,-19],[1,49],[-39,31],[42,53],[2,42],[-15,41],[-75,49],[-23,-36],[-49,56],[-82,21],[-7,19],[-16,-26],[-66,-30],[-65,40],[8,45],[-41,24],[9,34],[-46,14],[-7,62],[-45,40],[-16,64],[-31,-10],[-16,41],[-44,26],[-14,64],[-9,23],[-10,-38],[-50,23],[-90,-52],[-37,-44],[-80,-21],[-105,-17],[-90,-6],[-34,-27],[-27,8],[-39,-30],[-24,1],[-30,32],[-7,34],[-45,15],[-9,-40],[-91,0],[4,34],[48,40],[29,65],[57,48],[6,46],[62,-9],[24,24],[54,16],[54,62],[-48,34],[-6,44],[-31,27],[-61,-8],[-19,19],[-84,-1],[-26,-62],[-28,-9],[-74,33],[-16,-30],[-45,6],[-32,-20],[-40,2],[-16,33],[-53,0],[1,25],[-29,42],[-28,-3],[-33,74]],[[50822,31988],[28,75],[81,115],[21,15],[103,1],[94,67],[11,31],[9,120],[-29,45],[-9,123],[24,115],[-27,58],[25,109],[47,131],[33,68],[29,31],[16,13],[77,55],[72,73],[17,57],[97,164],[67,45],[44,50],[46,113],[38,45],[39,74],[49,41],[57,28],[122,29],[93,11],[81,18],[62,24],[51,39]],[[54441,30307],[-47,-17],[-65,23],[-30,-33],[-80,21],[-31,-33],[-49,11],[-60,-32],[-41,-16],[-36,4],[-20,19],[-94,-43],[-85,21],[-58,57],[-60,18],[-45,-35],[-33,-8],[-14,-26],[-46,15],[-81,43],[-35,5],[-61,55],[-23,37],[-12,-5],[-12,36],[-31,-28],[-27,16],[-11,69],[-36,46],[-84,58],[-57,31],[-18,-15],[-38,37],[-43,-10]],[[55487,25717],[-11,18],[48,56],[-44,54],[-5,62],[21,44],[-35,32],[-47,-3],[-9,18],[36,44],[-19,84],[9,45],[-37,111],[-21,28],[3,42],[-51,96],[-83,70],[-40,40],[22,60],[-56,31],[-25,-20],[-57,7],[-44,37],[-21,32],[-30,29],[-37,-18],[-37,4],[-95,55],[-10,38],[33,95],[-66,44],[-48,11],[-38,52],[-4,11],[29,60],[-9,43],[-44,44],[-27,-15],[17,-56],[-34,-4],[-18,40],[-83,16],[-21,-46],[-20,-11],[-46,15],[-50,-44],[-38,0],[-43,12],[-26,-27],[-44,-19],[-41,4],[-85,6],[-9,34],[-61,17],[-57,-18],[-47,-31],[-37,8],[-40,83],[-43,28],[-81,-18],[-21,-80],[-73,-2],[-51,22],[-61,-19],[-34,26],[-7,41],[-102,40],[-58,-49],[-72,43],[-24,26],[-33,4],[-41,-27],[-61,-121],[-43,-22],[-34,7],[-29,32],[-81,-8],[-22,28],[29,90],[-9,43],[-42,24],[-14,34],[-20,19],[-20,71],[-26,30],[-88,67],[-70,-8],[-39,-15],[-34,46],[-37,10]],[[66050,25664],[-57,6],[-70,-27],[-30,23],[-26,-24],[-70,-22],[9,48],[-61,35],[-49,-21],[13,45],[-50,38],[-28,-36],[-51,-20],[-19,-56],[-22,-2],[-39,-51],[-34,9],[-36,-21],[-14,-32],[-40,12],[-44,-4],[-33,-40],[2,-36],[22,-33],[26,24],[22,-27],[-51,-12],[-29,-34],[-3,-48],[-68,21],[-43,-27],[32,-38],[-27,-14],[-51,57],[-65,11],[1,-38],[28,-71],[-58,6],[-8,39],[-64,-16],[-25,-50],[38,-46],[4,-39],[-53,-2],[-22,-27],[-77,26],[8,16],[-18,16],[-57,-7],[-37,-22],[-34,-40],[-31,-55],[-67,-28],[-41,28],[-18,-18],[-31,-67],[-7,-56],[6,-74],[15,-45],[49,0],[-6,-31],[-30,-41],[32,-70],[0,-71],[-36,-40],[-41,-20],[-73,36],[-82,-53],[-66,48],[-45,74],[-70,8],[-20,-14],[-59,9],[-9,28],[-32,20],[-45,-2],[-97,24],[-66,10],[-37,-6],[-13,20],[-64,-14],[-32,27],[-75,5]],[[63601,24745],[106,106],[-9,58],[8,26],[41,-1],[33,30],[45,5],[49,48],[38,29],[16,13],[-21,78],[-20,-18],[-52,68],[-11,114],[-54,83],[-41,4],[6,34],[-54,-15],[-46,45],[-11,26],[-52,-25],[-87,-55],[-76,31],[-49,-6],[-5,49],[30,68],[-28,57],[-47,27],[-30,89],[-59,-14],[-25,19],[-56,95],[-66,59],[-4,45],[-26,25],[-11,36],[-34,-5],[-21,37],[0,43],[-23,5],[-11,53],[-74,45],[-65,75],[-75,11]],[[64787,24420],[40,-12],[-2,-49],[25,-1],[48,-44],[6,-100],[-11,-32],[-29,-17],[-38,8],[-37,63],[14,37],[-19,40],[-27,6],[-56,-14],[-63,-30],[-88,-9],[-22,-15],[-52,1],[-26,13],[-32,48],[0,66],[64,70],[30,6],[35,43],[81,82],[7,56],[33,55],[1,59],[21,37],[46,9],[24,-22],[53,-8],[57,-42],[28,-37],[20,-55],[-23,-65],[19,-65],[-81,-1],[-23,-17],[-23,-64]],[[65121,24613],[3,-22],[45,-14],[-62,-33],[-29,35],[43,34]],[[65270,25281],[44,0],[41,-20],[-58,-53],[-35,-1],[8,74]],[[63601,24745],[-121,-15],[-162,-46],[-112,-47],[-34,-26],[-40,5],[-68,-18],[-87,-54],[-11,-31],[-18,-62],[-35,-68],[-50,-41],[-4,-30],[31,-22],[-48,-71],[1,-38],[-26,-19],[-35,24],[-55,-11],[-56,-32],[-47,-50],[-18,21],[-55,-19],[3,69],[29,10],[-30,42],[-74,17],[-37,-8],[-17,-48],[-28,-12],[2,-64],[-54,22],[-86,-19],[-83,-35],[-243,-124],[-102,-55],[-129,-78],[-296,-181],[-117,-86],[-109,-82],[-103,-97],[-19,-31],[0,-61],[-36,-44],[30,-78],[-40,-34],[-69,-25],[-54,-37]],[[55605,24508],[-30,-42],[-36,16],[1,-43],[-34,-12],[-43,-45],[-19,-44],[-32,-16],[1,-33],[-23,-49],[24,-50],[-28,-44],[-27,-17],[-37,11],[-35,-11],[-37,33],[-51,-11],[-22,-32],[-31,21],[-30,-24],[9,48],[-79,159],[-41,62],[-36,4],[-15,72],[14,37],[-49,92],[-36,9],[-78,87],[-19,0],[-17,53],[-43,-29],[18,-25],[-65,-11],[17,-57],[-36,-26],[-8,-59],[12,-81],[-14,-30],[-36,-20],[-26,12],[-22,-25],[-58,-19],[-49,10],[-6,35],[-29,29],[-80,-1],[-65,52],[-28,0],[-130,-140],[-24,68],[-77,43],[-48,-10],[-67,39],[6,61],[-25,28],[-25,-14],[-13,59],[-50,-28],[-9,27],[43,37],[-58,50],[-14,-52],[-29,-51],[9,-54],[-31,-61],[-30,-33],[-83,-4],[-41,21],[-109,50],[-24,-34],[-5,-37],[-67,-19],[-26,-56],[-40,-6],[-88,12],[-51,-38],[-35,3],[-31,-56],[-41,-7],[-46,56],[19,46],[-43,28],[28,28],[22,48],[-53,66],[-32,6],[-33,37],[-7,43],[-31,32],[-23,1],[-61,-46],[-29,67],[-37,19],[-46,55],[22,42],[0,45],[-28,27],[-23,-23],[2,-39],[-36,-1],[-42,-82],[-28,11],[-8,-47],[20,-44],[-22,-41],[-30,16],[-90,-63],[-25,27],[-36,6],[-14,-21],[-40,-5],[-26,28],[-16,-61],[-51,-33],[6,-63],[32,-28],[-2,-25],[-10,-34],[17,-41],[-9,-40],[30,-29],[-9,-78],[-35,2],[-27,-29],[-41,40],[-49,-33],[-35,6],[-13,-51],[-72,-12],[-50,49],[-46,-34],[-15,-27],[-39,33],[-70,-80],[-64,-9],[-25,27],[-40,-50],[40,-32],[43,-11],[25,-10],[14,-35],[120,-94],[41,-21],[23,26],[49,-33],[-12,-42],[19,-17],[155,-58],[44,-36],[27,-46],[-23,-25],[23,-42],[5,-44],[38,-24],[-38,-86],[6,-21],[-27,-52],[-75,-44],[-8,-39],[7,-53],[-59,-52],[-8,-57],[-49,-34],[52,-35],[17,-31],[1,-47],[60,-33],[-2,-90],[30,-34],[38,13],[45,-53],[-4,-47],[21,-16],[15,-58],[-9,-318],[81,-101],[58,-20],[41,-115],[41,-66],[-34,-29],[-21,-49],[-31,5],[-33,-18]],[[52375,21890],[-34,39],[-45,-1],[-5,42],[-64,5],[-43,73],[-25,19],[12,42],[-7,46],[-41,6],[13,32],[-37,13],[9,28],[-28,72],[-42,22],[-40,4],[-60,66],[-72,-37],[4,44],[-61,-11],[18,53],[-68,-34],[-28,-3],[-30,23],[-60,2],[-30,-36],[-23,48],[-21,-24],[-33,21],[-13,87],[-33,38],[25,38],[-56,16],[8,38],[-18,34],[-44,28],[-1,35],[-35,21],[4,43],[31,7],[39,64],[-22,5],[30,56],[-36,6],[-74,-50],[-24,9],[-43,45],[-58,-53],[-34,47],[-23,-15],[-38,17],[-125,-72],[-61,8],[-34,-29],[-40,-7],[-47,73],[-22,98],[-33,32],[4,28],[-43,33],[-1,50],[-71,62],[-45,36],[0,42],[-56,53],[-36,-2],[-18,66],[-16,103],[-24,21],[-18,-1],[-20,63],[19,30],[-25,41],[9,26],[-45,44]],[[50371,23758],[-9,16],[19,40],[-57,12],[-37,46],[-37,27],[37,28],[67,-50],[13,36],[-27,42],[60,36],[45,-18],[-11,123],[17,28],[-12,39],[-31,49],[-39,0],[22,72],[-4,45],[14,53],[-34,23],[25,52],[-47,64],[63,105],[-23,31],[22,24],[-30,31],[-10,45],[-55,50],[-4,29],[-41,11],[-1,37],[21,45],[43,-17],[32,54],[28,5],[65,122],[-14,35],[-82,47],[41,26],[11,29],[63,29],[49,42],[45,-4],[34,31],[35,5],[12,-31],[35,5],[40,28],[5,62],[81,17],[18,30],[53,9],[36,30],[46,-19],[88,10],[43,65],[-13,48],[6,55],[38,68],[-36,95],[6,52],[1,40],[-64,28],[-75,59],[29,9],[72,102],[45,47],[37,78],[32,5],[-27,36],[-15,64],[-23,40],[16,24],[2,94],[11,80],[36,54],[-4,37],[-33,24],[-50,13],[-38,44],[-46,-4],[-14,34],[-27,-5],[-56,55],[-44,8],[-25,33],[-2,28],[-41,37],[-55,21],[32,53],[28,18],[42,87],[68,34],[-17,103],[-47,37],[-36,71],[-79,47],[90,1],[-24,136],[21,24],[4,75],[53,39],[22,59],[16,82]],[[58650,20913],[-8,-19],[-71,-65],[-66,-81],[-67,-108],[-25,-56],[-24,-84],[-54,21],[-65,-25],[-39,-34],[-49,-9],[70,-54],[-56,-132],[-40,-51],[-83,3],[-99,-69],[-71,-88],[-91,-162],[-66,-127],[-56,-126],[-13,-75],[-27,-22],[-32,-10],[-8,-74],[11,-21],[-56,-138],[-18,-71]],[[57547,19236],[-13,-10],[-70,9],[-22,56],[-53,-58],[-29,-11],[-597,20],[22,-24],[-39,9],[-56,-56],[-56,-16],[-20,29],[-29,1],[-25,-42],[-36,53],[-43,-23],[-31,18],[-50,0],[-20,-29],[-72,37],[-117,-71],[-17,-2],[-41,-48],[-2,-34],[-30,-34],[-41,-3],[-31,-83],[-46,4],[-28,-39],[-56,-29],[-44,-48],[-34,11],[-48,-14],[-22,-29],[-68,21],[-3,-23],[-52,-35],[-3,-23],[-27,-22],[-5,-42],[-44,-3],[-42,18],[-17,-48],[-114,19],[0,31],[-41,-2],[-25,34],[-37,-12],[-5,52],[-40,-6],[-38,33],[-23,45],[-24,12],[-32,-42],[-20,37],[18,39],[-41,4],[0,40],[-35,27],[-33,-10],[-48,22],[-12,41],[-33,1],[-8,48],[-76,53],[-11,54],[-78,20],[-54,-10],[-7,29],[-21,26],[-41,-47],[-14,26],[-51,17],[-37,-5],[-1,-33],[-60,-2],[-108,-34],[-36,-40],[-40,18],[-33,62],[-18,8],[-63,-11],[13,-30],[37,-20],[-52,-79],[-25,23],[-39,33],[-30,-7],[-53,76],[-46,-30],[-41,-33],[-24,3],[-46,-38],[-26,-39],[-3,-38],[23,-85],[-26,-2],[-67,58],[8,50],[-20,34],[-78,54],[-46,-11],[-66,94],[-112,2],[-37,-23],[-44,-6],[-10,51],[-31,42],[-50,-64],[15,-52],[45,15],[34,-13],[-9,-33],[-38,-18],[-51,-9],[-72,20],[-35,-67],[-26,-28],[18,-55],[-6,-26],[-70,-53],[-33,-71],[-12,-15],[-58,-39],[30,-78],[0,-27],[-33,-13],[-32,8],[-4,52],[-31,12],[-80,-23],[-61,-42],[-7,-46],[-34,0],[-30,56],[-26,-3],[-20,-85],[-38,-25],[-20,15],[0,87],[-49,38],[-24,-23],[19,-35],[-1,-46],[-78,37],[-3,39],[-39,29],[-28,11],[-112,-32],[-44,32],[-43,-59],[-10,-45],[-40,-17],[-60,2],[-29,-27],[-66,-30],[-23,9],[-53,-64],[-44,-15],[-10,-55],[-17,-33],[15,-30],[-37,-26]],[[51799,18286],[-9,-30],[-37,-14],[-4,-76],[42,-30],[-3,-34],[46,-7],[-12,-45],[-32,-47],[23,-22],[73,-122],[11,-99],[-31,-36],[-5,-50],[-42,6],[-54,-71],[-24,-5],[-66,19],[-46,0],[-52,-28],[-43,-8],[-24,-41],[20,-14],[-16,-69],[-25,-12]],[[51489,17451],[10,42],[-60,32],[-8,53],[-35,33],[2,35],[-86,136],[-35,15]],[[51277,17797],[-8,80],[-18,30],[-9,64],[6,59],[22,36],[-31,38],[-4,56],[-25,22],[-18,45],[27,51],[-68,9],[20,56],[-24,40],[3,29],[-38,30],[30,88],[-20,17],[-36,-20],[-54,12],[0,25],[-59,33],[-49,-3],[-29,58],[-20,6],[-49,-38],[-44,20],[-55,2],[5,35],[-21,38],[-70,2],[4,50],[37,2],[54,-24],[80,31],[55,161],[21,76],[-10,40],[-33,18],[-46,82],[33,108],[-35,31]],[[50801,19292],[18,20],[-25,41],[28,42],[35,82],[40,16],[31,-44],[-34,-60],[-32,-25],[3,-30],[68,-44],[22,-39],[53,33],[51,-17],[75,13],[7,55],[66,-27],[34,57],[29,-13],[44,38],[-4,30],[54,53],[11,-49],[50,-28],[36,27],[-12,39],[55,2],[47,-36],[19,11],[3,101],[67,40],[12,39],[46,43],[3,50],[40,-18],[21,6],[26,99],[51,-38],[19,71],[30,-24],[71,50],[41,-1],[26,56],[84,-45],[28,23],[-7,41],[13,45],[50,32],[87,20],[32,-25],[39,8],[23,79],[36,-10],[29,28],[34,-40]],[[52474,20069],[15,-10],[3,-46],[19,-34],[5,-56],[-37,-37],[-34,-5],[-30,-37],[16,-34],[-66,-21],[-58,-36],[7,-60],[40,-29],[24,-62],[-15,-31],[13,-73],[73,-66],[74,-20],[25,-36],[-59,-55],[29,-30],[-6,-42],[24,-58],[57,-36],[13,-41],[19,36],[8,94],[67,27],[50,-6],[23,15],[99,-4],[66,11],[78,-20],[65,44],[14,22],[3,64],[27,66],[-36,34],[-5,78],[29,2],[80,61],[27,-50],[15,53],[-55,47],[26,45],[36,1],[8,67],[17,61],[54,-9],[27,26],[36,-14],[16,36],[36,28],[53,-5],[9,-19],[78,48],[73,6],[37,-77],[16,19],[73,19],[40,-23],[31,-41],[28,-2],[35,-47],[-1,-34],[55,-36],[-1,-80],[10,-8],[56,16],[21,51],[0,19],[39,43],[21,-12],[40,23],[1,43],[40,19],[37,81],[39,24],[-15,56],[-36,23],[38,29],[10,37],[45,5],[49,31],[-17,27],[45,2],[19,-43],[66,53],[18,65],[23,13],[50,-33],[15,30],[19,-22],[83,2],[58,27],[12,28],[58,33],[6,69],[87,-23],[22,17],[36,-20],[24,143],[39,25],[31,52],[13,51],[45,97],[-16,21],[18,85],[-34,17],[-4,-2],[-128,235],[-50,41],[-13,52],[37,21],[35,0],[40,29],[8,34],[46,11],[36,-54],[53,-21],[83,75],[25,42],[-2,32],[-89,80],[-10,66],[-21,17],[-6,59],[21,51],[44,10],[18,66],[86,71],[54,-19],[65,73],[13,-20],[65,68],[5,50],[51,-3],[21,61],[30,20],[22,-13],[36,20],[-20,72],[-42,40],[5,40],[-26,71],[-50,29],[-10,31],[84,203],[-55,48],[-38,75],[-102,-35],[-17,40],[-36,16],[9,49],[40,-13],[33,25],[35,0],[1,40],[39,17],[30,24],[46,82],[33,-12],[-11,-62],[38,-35],[28,41],[16,118],[24,28],[30,-11],[32,47],[18,-9],[31,36],[1,37],[70,9],[15,24],[66,23],[28,49],[39,18],[62,55],[54,30],[50,-44]],[[50371,23758],[-95,-100],[-1,-48],[20,-40],[-40,-60],[5,-32],[-20,-62],[-19,-7],[0,-72],[-26,-6],[26,-89],[-21,-28],[32,-31],[-62,-158],[9,-46],[-16,-38],[-52,-18],[-18,-37],[-32,-21],[-25,-7],[-60,-66],[-53,-2],[-105,23],[-46,-14],[-17,-20],[-80,-30],[-85,-57],[-29,-38],[-96,-38],[2,-30],[-53,-23],[-25,-16],[-42,26],[-29,-1],[26,-58],[-58,-27],[-79,18],[-43,-40],[-68,-36],[-3,-51],[11,-35],[-17,-38],[17,-56],[-51,-29],[-29,-42],[-60,-27],[-2,-45],[-40,-5],[-35,-24],[-40,-55]],[[48847,22022],[-55,-4],[42,94],[-70,-1],[-18,45],[-83,48],[-12,-43],[-46,27],[11,49],[-60,-2],[-33,42],[67,64],[-47,20],[-11,-26],[-37,0],[-25,-20],[-41,59],[-36,7],[20,37],[-4,43],[-38,19],[-65,-31],[-26,3],[1,80],[13,37],[-53,22],[-22,-40],[-29,8],[-4,40],[27,53],[-71,-11],[11,48],[-37,-11],[-62,19],[-13,24],[26,38],[-36,14],[-19,-34],[-36,-2],[35,60],[3,45],[-90,-2],[-18,-2],[-2,94],[-27,14],[-33,16],[-29,67],[-57,15],[-36,28],[-6,16],[41,61],[4,106],[-14,37],[35,45],[-16,57],[-16,79],[-56,13],[-10,37],[-27,7],[-43,-25],[-37,58],[-26,-25],[-34,3],[1,51],[-33,30],[27,83],[-2,52],[20,43],[25,11],[-15,37],[40,82],[13,50],[-46,-17],[-20,21],[-23,-48],[-34,4],[-16,-42],[-35,0],[-33,-76],[-57,-60],[-161,35],[-68,44],[-28,8],[-16,-31],[-88,-43],[-38,8],[-19,-38],[-78,44],[-47,-15],[-61,21],[-17,49],[-36,29],[-56,17],[-36,60],[-83,-9],[27,41],[-21,43],[-45,-26],[-71,-23],[-24,-44],[-56,46],[-51,-59],[-59,36],[-33,-4],[-51,52],[32,52],[-64,40],[-40,5],[-37,-27],[-28,11],[-7,48],[5,109],[19,25],[27,82],[4,55],[-15,52],[-54,-9],[-41,-76],[-37,-14],[-46,-41],[-92,30],[-153,66]],[[45586,24411],[62,28],[49,43],[34,50],[46,156],[-7,67],[-9,53],[10,100],[17,105],[51,111],[2,88],[44,105],[0,46],[14,108],[37,106],[6,87],[37,114],[33,48],[26,12],[61,-7],[53,35],[67,32],[131,88],[87,26],[30,42],[45,60],[35,65],[22,70],[21,51],[13,73],[43,102],[22,28],[32,104],[40,49],[9,141],[6,146],[-9,26],[37,75],[21,59],[39,38],[40,20],[52,99],[135,67],[74,57],[46,23],[42,49],[66,24],[35,53],[79,49],[190,80],[73,5],[46,32],[42,65],[41,40],[43,66],[49,78]],[[51277,17797],[-51,-25],[-72,5],[-59,15],[-31,-12],[-45,5],[-55,56],[-29,1],[-45,-39],[-96,20],[-99,-37],[-86,16],[-48,-30],[-67,-8],[-10,31],[-38,15],[-60,-12],[-42,38],[-130,9],[-43,50],[-11,18],[-101,38],[-32,46],[0,50],[-32,32],[-38,-6],[-63,29],[-16,3],[-42,51],[-36,-35],[-58,-20],[-69,32],[-32,-17],[-58,53],[-161,6],[-50,27],[-35,-23],[-50,-2],[-45,-4],[-31,48],[-29,0],[-67,55],[-64,-30],[-9,9],[-49,-1],[-34,-19],[-45,21],[-9,31],[-51,38],[-31,18],[-44,54],[-44,-14],[-36,2],[-43,39],[-54,-29],[-27,15],[-153,10],[-42,-35],[-90,-3],[-18,10],[-45,-17],[-119,38],[-74,-57],[-39,-28],[-101,-27],[-35,40],[-38,10],[-50,71],[-20,-16],[-20,7],[-29,9],[-112,88],[-10,25],[-52,28],[-9,68],[-32,42],[-45,-32],[-81,24],[-50,4],[-22,16],[-50,-31],[-8,-26],[-59,-46],[-1,0],[-73,-27],[-16,8],[-50,-33],[-58,27],[-66,-1],[-61,52],[-5,33],[-96,3],[-21,18]],[[46725,18662],[-31,40],[27,50],[-22,22],[-45,78],[-21,36],[-38,23],[-22,57],[-65,33],[1,89],[19,61],[-6,40],[-81,29],[-21,61],[-24,3],[-38,40],[-18,36],[-38,17],[-12,96],[48,14],[2,36],[-2,39],[-29,4],[-18,89],[16,26],[-32,39],[23,48],[36,43],[-20,47],[-25,26],[-13,75],[-38,-7],[16,53],[-42,41],[61,14],[1,27],[-27,82],[-59,4],[-12,38],[-78,50],[-36,10],[-27,-26],[-20,71],[-45,38],[-42,50],[-38,0],[-36,-48],[-32,18],[-13,34],[-37,7],[-13,-60],[-4,-80],[-22,-2],[-38,88],[-1,77],[50,81],[4,60],[-45,-2],[-61,-57],[-41,-55],[-73,19],[-20,-17],[7,-44],[53,-22],[4,-43],[-57,10],[-43,40],[-30,-6],[6,-60],[-51,-7],[-46,90],[-36,1],[-70,-36],[-36,-84],[-31,-2],[-32,30],[-30,-16],[0,-62],[-18,-39],[-60,-49],[3,-87],[-24,-10],[-22,80],[-54,76],[-69,54],[-42,-36],[-30,20],[1,58],[-38,25],[-87,-11],[-4,143],[-13,34],[-5,103],[-29,30],[-5,51],[36,32],[34,106],[69,94],[62,72],[74,137],[37,169],[26,64],[30,46],[30,-6],[19,45],[-45,101],[-30,30],[4,88],[-12,32],[13,40],[17,64],[23,132],[3,54],[90,333],[11,87],[43,54],[61,108],[20,50],[12,89],[17,176],[-3,58],[-28,103],[-7,51],[21,110],[34,62],[32,34],[41,64],[33,71],[8,50],[-43,164],[-44,53],[-53,48],[-18,55],[7,87],[-39,101],[5,61],[19,43],[44,32],[60,92]],[[45333,24234],[79,31],[70,51],[104,95]],[[48847,22022],[38,-42],[-49,-20],[83,-21],[-2,38],[27,26],[31,-11],[9,-60],[51,-5],[12,-97],[31,-35],[-16,-44],[81,-40],[9,65],[64,66],[4,-59],[55,-14],[20,-41],[26,60],[51,3],[12,-96],[63,25],[-5,-64],[55,9],[48,109],[57,23],[-13,31],[33,30],[30,-26],[74,-31],[15,57],[25,4],[95,-18],[-8,38],[55,-34],[-10,-51],[43,-71],[63,-37],[5,-89],[18,-34],[43,9],[28,-50],[-19,-41],[-59,-48],[-13,28],[-74,6],[-18,-50],[-60,36],[-52,-22],[-35,5],[-7,54],[-65,-33],[-16,-69],[29,-22],[13,-123],[17,-47],[44,-16],[-3,-95],[12,-38],[42,-21],[-22,-37],[49,-43],[21,-46],[-1,-52],[19,-26],[-18,-27],[-9,-58],[-63,-69],[26,-56],[1,-36],[-54,19],[-22,-24],[-2,-38],[-27,-26],[12,-33],[-37,-40],[6,-49],[-54,-23],[-40,-101],[-33,12],[-7,-61],[14,-32],[-52,-24],[-30,42],[-40,-10],[-34,-46],[-43,34],[-35,-37],[49,-57],[-10,-33],[64,-15],[24,8],[58,62],[34,-4],[4,-30],[-48,-57],[77,14],[63,-42],[26,-51],[46,11],[2,-23],[39,-19],[32,-39],[24,2],[39,56],[29,-13],[27,-51],[43,-2],[27,-36],[-54,-12],[-35,-39],[-36,-61],[14,-77],[23,-15],[16,-55],[73,-18],[21,-61],[27,-42],[81,-1],[34,-23],[10,-77],[32,-5],[-3,-51],[13,-30],[43,-17],[22,12],[26,62],[27,2],[80,-26],[70,-42],[38,-32],[44,36],[35,-7],[72,37],[35,2],[22,-33],[63,42]],[[52474,20069],[-26,52],[-2,32],[-27,13],[17,65],[-28,4],[-26,37],[21,38],[24,38],[-53,18],[-43,-4],[-29,31],[-45,16],[-9,-22],[-62,16],[1,17],[-58,63],[-30,-14],[-14,44],[29,24],[4,-41],[108,40],[25,45],[102,46],[13,50],[69,26],[135,110],[35,4],[34,26],[123,-3],[37,-32],[72,-25],[-10,48],[-55,75],[9,26],[-17,41],[18,19],[20,86],[-10,29],[26,-10],[32,24],[34,1],[22,22],[2,56],[28,73],[33,31],[-11,37],[-86,58],[-58,-1],[-51,34],[-3,44],[-55,86],[-83,58],[-90,11],[-23,-8],[-31,4],[-10,66],[-27,103],[-64,5],[16,57],[-44,-5],[-8,37]],[[51489,17451],[0,-10],[-75,-122],[-46,-40],[-5,-43],[80,-56],[12,-52],[-22,-28],[-158,45],[30,-15],[18,-38],[-11,-23],[16,-63],[14,-12],[-1,-68],[48,-12],[95,-46],[12,11],[-3,-30],[28,-39],[52,-37],[39,8],[36,-99],[36,3],[-1,-64],[40,-34],[-10,-37],[-35,-12],[-3,-37],[-28,-88],[3,-50],[22,-13],[2,-43],[65,-54],[19,-60],[55,-52],[72,-8],[23,-61],[60,-45],[50,-25],[33,45],[48,39],[17,37],[39,-30],[61,-4],[64,46],[40,-29],[35,-80],[38,12],[-13,54],[39,29],[41,7],[88,70],[26,2],[7,-42],[39,-18],[18,-32],[31,-13]],[[52669,16095],[-47,-65],[-37,7],[-37,-15],[-50,-38],[1,-46],[-25,-11],[11,-42],[-67,-13],[-3,-19],[23,-88],[42,-27],[21,24],[57,-5],[12,-82],[63,-53],[77,-1],[19,-43],[-23,-59],[54,-18],[12,-33],[-49,-20],[-20,-32],[-26,19],[-43,-59],[-33,-9],[-22,-52],[-25,13],[-31,-23],[-69,26],[-20,-11],[42,-26],[11,-36],[-20,22],[-51,1],[28,-51],[-69,-35],[-10,-35],[70,-68],[-37,-37],[-58,15],[14,38],[-63,-7],[-45,7],[-13,-29],[-33,14],[-26,-22],[-10,66],[-34,-12],[-26,28],[-34,-1],[-18,23],[-36,-25],[-58,13],[8,63],[-33,2],[-12,-46],[-32,-16],[35,-46],[12,-45],[-35,-57],[-30,-115],[-28,7],[-62,-45],[-19,8]],[[51762,14873],[-1,24],[-74,17]],[[51687,14914],[15,43],[-20,17],[-7,52],[-26,11],[-70,-19],[-38,48],[18,49],[-24,38],[-52,-16],[-30,-57],[-38,7],[2,56],[-44,57],[-38,18],[-3,53],[-14,41],[-39,19],[-74,-16],[-24,9],[-28,-60],[-38,16],[-19,35],[15,46],[2,53],[-23,2],[-38,-46],[-32,-11],[-15,47],[24,64],[-28,34],[-29,-22],[-3,-48],[-37,-2],[-27,32],[10,42],[-23,22],[-37,-1],[-18,-20],[-17,-59],[-23,-3],[-49,62],[-108,-13],[7,-40],[22,-13],[-23,-39],[-49,44],[-32,-23],[-39,10],[25,89],[-31,20],[-38,-16],[-9,-27],[14,-53],[-45,-9],[-16,65],[4,69],[-38,14],[-69,-42],[-24,35],[44,32],[13,51],[-70,46],[-59,1],[-9,48],[39,7],[54,-17],[11,37],[-22,15],[-45,-1],[-49,2],[-35,31],[26,40],[-19,37],[-63,-36],[-49,20],[-52,-25],[-22,13],[-8,26],[11,50],[-44,28],[-75,-29],[-16,12],[21,70],[-44,13],[-24,-38],[-26,-79],[-46,-19],[-22,51],[-28,21],[-53,-5],[11,54],[56,17],[14,30],[-55,19],[-37,-10],[-43,9],[-16,-20],[8,-48],[23,-53],[-18,-34],[-112,77],[-33,-40],[-21,2],[-12,57],[4,43],[-39,3],[12,-51],[-8,-23],[-46,26],[-42,46],[-6,35],[24,60],[-3,22],[-33,0],[-69,-44],[1,-77],[-29,-3],[-92,19],[-18,49],[-47,-22],[-35,7],[-75,-47],[-57,10],[-22,51],[-45,-10],[-3,-43],[-30,-55],[-26,13],[-5,59],[-16,47],[-28,4],[-27,-46],[-36,-10],[-14,23],[5,91],[-53,18],[-33,7],[-35,3],[-29,-20],[-32,7],[7,69],[-18,25],[-73,-31],[-30,-35],[-64,-18],[-18,17],[4,49],[-13,29],[-31,8],[-24,-68],[-8,-70],[-28,-9],[-33,38],[-3,50],[35,41],[1,43],[-17,34],[-28,7],[-44,-54],[-24,3],[-14,34],[6,49],[45,51],[6,29],[-14,22],[-51,2],[-34,-21],[-27,-40],[11,-124],[-19,-18],[-111,-40],[-16,11],[-23,81],[-41,-1],[-12,-69],[-27,-52],[-20,-1],[-74,54],[-131,-64],[-38,-56],[-25,23],[64,174],[-7,22],[-45,35],[-61,-6],[-21,25],[-20,42],[-34,1],[-31,-49],[-23,-58],[-105,-51],[-45,45],[-57,11],[-11,-42],[39,-74],[3,-34],[-10,-24],[-54,3],[-63,66],[-50,2],[-61,-35],[-43,1],[-23,-62],[-43,9],[-1,85],[-32,35],[-42,-3],[-68,-47]],[[46554,16301],[-28,-18],[-44,4],[-29,90],[-23,12],[-71,-63],[-22,-8],[-38,19]],[[46299,16337],[18,56],[63,-2],[-16,91],[29,3],[18,31],[-44,48],[16,32],[3,67],[41,-25],[-5,55],[42,-18],[27,8],[32,69],[30,51],[-25,9],[8,54],[30,-16],[56,56],[31,1],[-54,39],[40,31],[7,57],[-41,9],[19,57],[28,13],[-11,45],[-25,11],[-28,54],[10,16],[-42,75],[-42,38],[48,42],[-32,29],[-22,-8],[-20,59],[31,6],[3,40],[34,50],[-31,5],[18,59],[-72,30],[56,55],[1,56],[18,49],[2,49],[-25,57],[26,4],[-20,91],[41,-7],[23,62],[-33,25],[59,69],[-1,37],[-22,15],[-18,69],[22,45],[-9,28],[26,38],[8,41],[31,12],[1,29],[39,74],[29,100]],[[53960,17050],[27,29],[6,37],[43,58],[41,-1],[83,62],[63,-39],[20,4],[41,-37],[38,16],[-37,34],[-8,107],[-27,45],[14,67],[-13,59],[-29,60],[37,116],[-23,27],[-4,53],[28,57],[-25,30],[13,73],[45,16],[27,-18],[52,10],[76,0],[33,41],[47,-9],[69,-100],[13,-60],[50,-10],[38,-32],[18,-46],[50,-44],[-1,-68],[57,-22],[54,-131],[39,-17],[38,-94],[20,-4],[21,-59],[47,-29],[18,3],[34,57],[-4,38],[21,59],[20,8],[38,53],[24,-12],[29,22],[33,1],[28,2],[36,-31],[17,33],[-18,68],[17,64],[64,35],[14,114],[34,34],[6,45],[23,18],[6,38],[61,1],[62,42],[26,-6],[58,21],[25,32],[36,-23],[15,-31],[86,53],[49,-38],[-6,-26],[39,-35],[13,-30],[69,-3],[18,-20],[3,-36],[-20,-24],[23,-49],[5,-44],[48,-25],[23,7],[61,-18],[54,-5],[48,20],[23,-88],[73,31],[0,34],[35,22],[8,-45],[-8,-55],[31,-9],[113,12],[30,-29],[14,-60],[-53,-60],[18,-66],[-21,-19],[29,-76],[46,22],[4,45],[38,-5],[32,26],[95,109],[33,96],[45,16],[36,-23],[11,39],[50,17],[48,8],[36,-21],[3,-44],[28,-64],[13,22],[64,10],[27,22],[-8,48],[32,24],[1,150],[6,30],[23,-34],[13,-65],[32,1],[43,65],[51,-25]],[[57371,17704],[-35,-115],[-19,-112],[18,-68],[-6,-52],[15,-103],[26,-32],[45,9],[42,-57],[70,-6],[-37,-87],[-36,0],[-33,-86],[-18,-100],[2,-32],[24,-43],[4,-78],[-13,-59],[30,-47],[28,-10],[18,31],[33,0],[25,-41],[-37,-91],[-5,-40],[-7,-50],[-48,-49],[27,-70],[32,-43],[68,-34],[99,117],[-14,-53],[20,-31],[48,-25],[-32,-31],[-8,-33],[-31,-13],[-59,5],[-79,-71],[-52,-15],[-21,-36],[-9,-100],[42,-113]],[[57488,15840],[-69,-21],[-57,12],[-21,-67],[-53,15],[-37,-32],[-51,36],[-62,-4],[-75,-24],[-16,-12],[-39,-71],[-36,-24],[-71,-91],[-34,2],[-10,-19],[-67,-53],[-96,32],[-70,-15],[-35,-52],[-43,3],[-11,31],[-61,45],[-57,-58],[-10,-39],[-31,-2],[-20,-35],[-36,0],[-27,25],[-30,-3],[-35,-26],[-44,8],[-47,23],[-46,-46],[-7,-44],[-24,-45],[8,-30],[-15,-36],[73,-119],[39,-28],[16,-41],[-19,-22],[-97,0],[-58,30],[-7,42],[-32,33],[4,75],[-47,-11],[-67,68],[-32,-6],[-73,12],[-20,-2],[-23,-43],[-27,-13],[-78,48],[-50,-69],[-23,-18]],[[55532,15159],[-105,-40],[-59,-54],[-56,-29],[-18,-21],[-38,-6],[-10,36],[43,73],[-91,-74],[-58,-9],[-51,22],[-37,-28],[-17,22],[16,70],[-65,98],[-33,-13],[-25,38],[-52,34],[-28,36],[-47,99],[-90,39],[6,66],[-41,68],[7,14],[-26,22],[-60,15],[-18,41],[-31,-26],[-53,-2],[-38,86],[-38,21],[14,117],[-105,53],[-49,18],[-65,61],[-80,0],[-17,14],[-17,38],[-44,28],[-35,-9],[-49,27],[-31,11],[-32,56],[-34,-8],[7,113],[-43,13],[-15,46],[-11,83],[-62,52],[49,49],[24,-5],[-16,26],[19,79],[-10,48],[22,17],[-2,36],[31,3],[11,58],[19,74],[24,26],[-11,29],[25,48],[24,92]],[[57488,15840],[89,3],[29,-14],[24,-68],[-20,-28],[5,-66],[16,-63],[92,74],[142,-9],[10,-62],[33,-66],[53,-49],[-7,-55],[-72,-88],[-29,-53],[-22,-67],[23,-87],[-21,-11],[-37,-74],[-51,-69],[-31,-97],[-32,-35],[-21,-50],[-5,-51],[21,-31],[40,-15],[-43,-82],[-42,35],[-36,-36],[-19,-79],[-73,-40],[-41,-17],[-14,-41],[8,-32],[49,-11],[-27,-51],[-38,-42],[-36,-58],[-11,-32],[-15,-106],[6,-32],[59,-43],[-20,-38],[2,-45],[-51,-59],[-6,-68],[-28,-94],[-36,-84],[2,-107],[28,-21],[-59,-53],[-43,-74],[-32,-93],[5,-45]],[[57206,13261],[-103,44],[32,58],[36,121],[-6,39],[-21,24],[-6,43],[23,138],[-23,10],[6,69],[-41,38],[-4,50],[-97,-6],[-6,38],[-58,17],[-67,-19],[-10,20],[-42,-18],[-16,48],[-76,-29],[-5,-36],[-66,-51],[-10,74],[-96,79],[-30,35],[-4,70],[-30,43],[-111,-40],[-32,2],[-55,25],[-24,80],[-32,-30],[-31,-7],[-16,28],[-74,24],[-26,23],[-34,-3],[-64,42],[-44,-10]],[[55943,14294],[5,62],[14,36],[41,71],[-25,-5],[-30,60],[-14,51],[-47,-13],[-24,36],[-64,23],[-67,64],[-24,7],[-30,74],[-36,-1],[-31,26],[-12,47],[32,48],[-45,96],[-51,49],[-11,44],[8,90]],[[52669,16095],[14,43],[57,2],[6,55],[-42,59],[31,33],[-8,33],[94,100],[63,-15],[42,7],[25,-39],[51,-2],[-36,8],[20,39],[-1,44],[36,43],[36,6],[34,-15],[-28,31],[17,40],[74,98],[38,79],[-12,91],[18,31],[41,30],[-9,34],[16,129],[73,80],[28,-8],[47,32],[36,-4],[-11,68],[-39,40],[58,29],[-8,66],[-26,71],[24,50],[-18,20],[47,99]],[[53457,17602],[50,-37],[-9,-85],[39,-38],[47,-11],[42,-38],[58,-25],[68,6],[5,-59],[54,-5],[23,-29],[-48,-17],[5,-33],[-16,-87],[88,-35],[24,12],[62,-47],[11,-24]],[[55943,14294],[-2,-74],[-31,-33],[-58,-31],[-12,-82],[-36,-41],[-3,-51],[-36,-6],[-33,-34],[23,-71],[-41,-14],[-42,6],[-18,-47],[-28,-16],[-47,11],[2,24],[-24,-5],[-11,-45],[-36,-17],[-6,-38],[-43,-48],[-12,-172],[23,-50],[-9,-29],[8,-50],[-23,-3],[-11,-76],[-43,-83],[30,-41],[-17,-41],[-33,-29],[35,-53],[32,2],[-25,-16],[-34,-62],[25,-49],[-42,-39],[-37,7],[-62,-77],[-71,-37],[3,-109],[-15,-33],[-68,-44],[-38,-19]],[[55077,12579],[25,18],[-22,43],[-12,56],[-37,33],[-11,46],[-31,4],[-1,36],[43,41],[-45,63],[-37,-17],[-26,60],[-28,-47],[-53,69],[-50,-68],[-62,41],[12,44],[-54,10],[-24,-13],[-60,35],[-1,-53],[-29,-25],[-19,39],[-1,41],[-37,-4],[-2,31],[-68,-44],[-24,19],[-29,-59],[-27,-14],[-61,3],[-29,15],[-32,-27],[-63,49],[29,34],[-4,37],[-67,-31],[-26,-37],[27,-30],[14,-43],[-50,-4],[-4,61],[-28,49],[-43,18],[-51,-46],[-28,16],[-22,73],[-57,-71],[-40,14],[-20,31],[-46,14],[-37,-17],[8,-37],[-33,-4],[3,82],[-37,10],[-29,-65],[-26,35],[-65,1],[-51,30],[-16,28],[-29,-11],[-65,7],[-27,21],[-38,-8],[7,-39],[-34,-10],[-45,36],[-23,48],[-35,33],[-45,-30],[-25,4],[-15,34],[9,37],[-35,40],[-42,30],[15,27],[-13,33],[-64,62],[0,46],[-32,9],[-81,47],[-24,135],[-59,-8],[13,56],[-20,39],[17,35],[-20,20],[-51,-6],[-14,44],[-25,12],[-48,-51],[-34,23],[13,36],[-14,54],[-50,14],[3,36],[26,9],[23,44],[1,33],[-30,46],[-72,29],[-9,54],[9,47],[-49,12],[-66,49],[-33,6],[-17,-43],[-37,15],[-1,88],[-77,48],[-1,43],[8,45],[-54,18],[5,50],[-46,37],[-48,-12],[-29,73],[-54,6],[-58,61],[-46,1],[-22,19],[-44,-22],[-11,44],[-56,25],[-3,41]],[[57547,19236],[-26,-109],[-10,-116],[16,-16],[-1,-73],[8,-74],[19,-66],[41,-33],[47,-9],[34,20],[13,-120],[43,-71],[-94,-184],[-47,-133],[-35,-63],[-37,-111],[10,-50],[-34,-49],[-55,-104],[-36,-86],[-32,-85]],[[53457,17602],[1,14],[-58,20],[-20,68],[-28,9],[-54,-7],[12,37],[-36,24],[-46,65],[-6,42],[-57,23],[-18,48],[-50,33],[-77,5],[-88,-61],[-123,44],[-47,-63],[-14,-38],[-66,-30],[-70,16],[-29,-4],[-86,16],[-31,50],[-84,65],[-27,30],[31,25],[-10,68],[50,37],[12,41],[-29,54],[-85,-1],[-37,28],[-23,-14],[-77,24],[-55,2],[-91,-98],[-72,-56],[-25,24],[1,40],[-69,53],[-40,9],[-37,42]],[[57206,13261],[-65,-93],[-17,-44],[-6,-77],[-42,-81],[-2,-65],[40,-50],[-32,-31],[-1,-44],[-45,-33],[-19,-44],[-28,-21],[-52,-78],[-65,-22],[-116,-57],[-133,-78],[-227,-151],[-231,-168],[-126,-109],[-95,-89],[-34,-27],[-151,-153],[-105,-110],[-99,-114],[-97,-120],[-176,-214],[-103,-138],[-141,-195],[-6,-21]],[[55032,10834],[-38,-8],[-23,76],[-73,7],[-32,28],[-50,0],[-30,25],[-27,-4],[-1,46],[-18,16],[-10,50],[-26,23],[-68,23],[-23,19],[-44,0],[-51,23],[-25,-30],[-59,-41],[-28,8],[-108,-38],[-117,-51],[15,-45],[67,-70],[24,-7],[64,-99],[-15,-13]],[[54336,10772],[6,19],[-71,58],[-118,68],[-43,41],[10,29],[-15,68],[23,12],[3,57],[-11,44],[39,0],[40,-34],[51,-8],[-10,97],[33,-32],[74,25],[44,36],[57,113],[49,2],[-3,37],[28,82],[-68,15],[62,29],[10,39],[-20,34],[43,66],[27,73],[-43,11],[-3,32],[-19,59],[31,80],[4,44],[-26,56],[10,62],[-18,23],[19,53],[-7,66],[85,66],[-27,50],[19,18],[69,-12],[49,10],[3,44],[61,-31],[14,49],[-10,67],[31,2],[30,34],[-12,35],[40,50],[40,-30],[48,33],[26,-21],[60,0],[25,-16],[2,3]],[[43774,6039],[-94,180],[23,135],[-57,94],[9,51],[-19,26],[-33,188],[-31,51],[-36,19],[41,104],[38,24],[5,47],[19,16],[73,25],[48,45],[23,61],[-16,34],[12,31],[-18,70],[31,76],[-13,15],[41,96],[44,-19],[95,6],[40,22],[65,-11],[99,-27],[24,7],[52,44],[27,36],[37,3],[21,31],[-2,57],[41,37],[8,25],[36,20],[21,44],[-4,35]],[[44424,7737],[52,6],[22,-80],[30,-53],[4,-48],[-29,-5],[-11,-30],[28,-25],[-30,-36],[-20,11],[-42,-24],[19,-33],[-8,-44],[19,-36],[49,18],[27,-46],[26,9],[66,-51],[37,20],[67,-68],[46,-20],[-2,-22],[43,-59],[-1,-35],[50,-7],[26,-34],[37,-4],[76,14],[25,-37],[102,-12],[45,1],[40,-33],[82,-28],[64,-37],[69,-6],[19,16],[33,-31],[65,-14],[22,-25],[34,-3],[61,-52],[35,-3],[64,53],[55,-11],[47,8],[109,-68],[31,21],[67,-2],[18,24],[21,78],[26,8],[34,-22],[19,37],[-3,34],[45,2],[110,31],[40,-14],[74,72],[45,25],[17,-15],[132,82],[32,6],[10,-71],[57,16],[38,-12],[16,-88],[-15,-40],[24,-14],[35,41],[23,-34],[12,-51],[37,12],[23,-19],[56,11],[11,-51],[55,14],[58,-21],[20,33],[33,-35],[5,-21],[63,-37],[57,21],[31,-43],[51,22],[45,-38],[27,9],[49,-27],[34,26],[25,-22],[24,45],[26,-37],[23,-3],[71,-43],[55,-12],[29,31],[2,76],[80,41],[41,-4],[23,-21],[70,-19],[5,85],[-16,56],[16,23]],[[48013,6939],[25,-34],[23,17],[71,-16],[43,11],[45,-17],[39,29],[19,-18],[61,21],[58,20],[29,23],[31,-20],[35,16],[97,25],[65,-2],[13,-18],[75,-9],[48,-39],[21,-94],[34,36],[58,-18],[27,28],[61,-9],[5,27],[69,3],[94,56],[24,-17],[70,46],[11,-41]],[[49264,6945],[26,-7],[20,31],[79,-11],[32,28],[44,-3],[41,29],[53,-55],[22,60],[57,3],[12,-104],[-74,-56],[50,-26],[29,-51],[-9,-14],[27,4],[52,-26],[78,-23],[59,-8],[44,20],[24,-23],[-15,-26],[-82,-57],[40,-21],[48,-66],[-27,-79],[40,-6],[38,-91],[68,-34],[53,26],[35,43],[-6,49],[44,30],[81,-17],[22,76],[29,24],[21,50],[49,22],[54,-18],[-1,-41],[33,-30],[-25,-46],[31,-23],[40,1],[61,-62],[41,2],[-5,-41],[-37,-15],[-24,-31],[15,-35],[32,12],[17,-20],[19,-141],[-67,-129]],[[50552,6019],[-47,-51],[-21,-41],[-65,35],[-36,-16],[-58,13],[-25,-40],[-61,-63],[-1,-50],[-43,-26],[-27,-74],[-22,-97],[-15,-118],[-17,-116],[9,-121],[0,-55],[-17,-106],[-20,-73],[-56,23],[-99,-3],[-101,-36],[-97,-66],[-58,-62],[4,-91],[13,-44],[-15,-15],[5,-51],[-61,-16],[-12,-24],[17,-68],[59,11],[29,-37],[61,-48],[79,-28],[51,-58],[-56,-23],[-7,56],[-20,-2],[-71,-82],[-75,-23],[-37,-47],[13,-55],[-32,-73],[46,19],[54,-7],[13,27],[-20,43],[38,69],[27,9],[74,-11],[56,11],[33,-41],[-6,-20],[-119,-58],[-82,-3],[-13,-27],[16,-46],[-82,-32],[33,-34],[97,71],[69,22],[64,53],[64,-22],[13,-46],[-51,9],[-81,-21],[-34,-44],[-14,-50],[15,-51],[36,46],[70,37],[-12,-52],[1,-72],[14,-71],[-58,-18],[-48,-37],[-109,-102],[-73,-82],[-76,-107],[-49,-84],[-101,-211],[-64,-156],[-33,-91],[-78,-252],[-55,-259],[-33,-129],[-66,-194],[-173,-365],[-34,-81],[-64,-131],[-55,-91],[-79,-114],[-98,-128],[-89,-102],[-53,-52],[-530,-489],[-65,-58],[-146,-144],[-100,-83],[-127,-114],[-160,-122],[-59,-53],[-56,-17],[-53,17],[-34,75],[-2,47],[-173,11],[-14,2],[-9,90],[16,61],[-18,23],[6,38],[40,-4],[-6,44],[10,99],[60,-8],[34,-26],[28,61],[26,33],[15,69],[17,129],[-58,262],[-31,123],[-3,59],[36,84],[42,143],[61,9],[34,53],[75,81],[29,51],[49,-32],[75,-34],[36,5],[40,76],[71,75],[69,102],[23,47],[19,74],[-10,119],[6,112],[20,98],[49,61],[47,-69],[65,-29],[142,168],[2,-80],[80,-109],[73,-65],[42,-47],[84,-54],[74,-13],[51,10],[78,43],[84,111],[88,219],[89,185],[54,107],[25,63],[46,182],[4,71],[-34,118],[-28,70],[-48,96],[-103,181],[-8,31],[20,83],[74,200],[53,112],[-75,-19],[-34,-26],[-55,22],[-64,-6],[-37,-84],[-28,-16],[16,-32],[-46,-46],[-4,-53],[-62,-165],[-28,-36],[65,-109],[37,26],[2,38],[99,-44],[1,-28],[-90,-109],[-76,-51],[-67,-16],[-121,-17],[-100,-33],[-59,-39],[-32,-33],[-18,-100],[-12,-113],[-48,-53],[-89,-12],[-30,-24],[-14,-71],[-52,34],[-41,11],[-81,-24],[-20,-24],[-35,41],[-45,7],[-47,22],[-17,56],[-48,8],[-43,-42],[-51,54],[-53,36],[-29,-18],[-36,54],[-38,-42],[-32,17],[-70,78],[-41,77],[-30,89],[-60,-1],[-48,-12],[-63,30],[-30,37],[-36,18],[-10,40],[-55,45],[5,39],[-65,39],[1,41],[22,35],[-41,81],[20,47],[-30,33],[-43,73],[3,50],[-18,46],[-41,31],[-39,82],[13,44],[-57,99],[40,42],[-42,17],[-5,33],[-118,18],[-61,38],[-10,55],[-27,13],[0,67],[-32,17],[-54,-5],[-16,43],[-40,35],[-60,22],[-27,-2],[-24,31],[17,51],[-91,24],[-36,36],[-62,-18],[-21,-37],[-37,-23],[-30,-1],[-21,43],[-68,39],[-10,30],[-66,54],[-589,515],[2,57],[-16,10],[-25,136],[-33,16],[-3,30],[-54,103],[-93,43],[-37,28],[-20,61],[-175,5],[-65,46],[-42,-4],[-37,28],[-121,-11],[-84,-30],[-53,59],[7,25],[-43,24],[-28,57],[-85,-25],[-18,14],[4,62],[-43,4],[14,33],[-11,36],[-53,32],[-6,47],[-33,27],[-2,30],[-62,-1],[-8,-35]],[[51756,5583],[107,-117]],[[51863,5466],[-74,-85],[-99,-96],[-163,-140],[-175,-145],[-159,-115],[-257,-161],[-141,-76],[-119,-71],[-175,-119],[-78,-64],[-112,-103],[-101,-108],[-229,-272],[-13,-41],[10,55],[-13,26],[75,122],[23,116],[-10,57],[-21,54],[29,29],[53,15],[20,37],[-20,72],[-60,51],[-9,30],[-63,52],[-40,81],[66,45],[37,8],[86,-11],[45,-22],[133,-90],[42,-18],[89,0],[103,62],[18,29],[-3,44],[-29,44],[34,21],[61,4],[81,-6],[95,17],[65,35],[96,92],[63,81],[77,112],[36,67],[68,98],[49,42],[11,-59],[40,-13],[-24,69],[33,76],[-17,18],[57,90],[25,-43],[35,-28],[80,-29],[38,10],[128,75],[96,96]],[[51687,14914],[18,-87],[-64,8],[-15,-36],[12,-53],[-69,-30],[-8,-49],[-24,-13],[15,-50],[-16,-14],[41,-36],[-37,-37],[22,-45],[-7,-53],[13,-24],[64,-14],[2,-22],[-41,-148],[12,-2],[1,-97],[73,-53],[67,-12],[47,-73],[-13,-106],[35,-49],[-25,-57],[-37,-6],[-48,-29],[-12,-28],[-56,-45],[-1,-29],[-58,-1],[-62,-21],[-25,-91],[13,-48],[68,-55],[34,-10],[29,-30],[7,-41],[-29,-18],[-2,-74],[-23,-29],[29,-52],[-56,-6],[28,-37],[-15,-46],[-37,-25],[4,-98],[-17,-38],[14,-31],[-55,-23],[-27,18],[-24,80],[-36,5],[-19,33],[-45,-35],[-13,-41],[-94,-63],[-41,40],[-104,16],[-28,-40],[-19,0],[-33,55],[20,43],[-10,45],[-47,36],[-96,-2],[-52,30],[-103,15],[-48,-56],[-16,-39],[18,-59],[-35,-53],[-11,-14],[-18,-57],[-63,-42],[-28,-32],[-9,-41],[9,-93],[28,-21],[-18,-29],[-311,-20],[-3,156],[-149,-9],[-56,-3],[-36,-100],[20,-33],[48,-46],[-10,-63],[7,-74],[-3,-46],[23,-28],[-12,-28],[23,-69],[3,-43],[39,-44],[56,5],[-34,-32],[55,-27],[-7,-29]],[[50174,12017],[0,10],[-147,-10],[-86,-13],[-61,-22],[-37,15],[-34,-35],[-20,-41],[-40,-38],[-30,-50],[-10,-45],[-5,-63],[25,-25],[-16,-35],[0,-47],[33,-42],[-27,-36],[39,-10],[-16,-55],[-74,-18],[-18,-45],[-27,7],[-48,-30],[10,-36],[-14,-50],[-68,20],[-38,39],[-19,-24],[-39,16],[-108,-14],[-14,-18],[-20,-66],[0,-76],[-7,-39],[-36,-27],[-52,9],[-42,-26],[-73,58],[-49,11],[-46,-20],[-13,27],[-36,3],[-15,-29],[-67,-14],[-68,2],[15,42],[-11,83],[-19,7],[-37,-31],[-29,49],[-47,23],[-37,-2],[3,52],[-71,73],[-14,-5],[-54,84],[18,25],[8,76],[-42,28],[-65,-25],[-72,-6],[-58,-22],[-40,-33],[-47,3],[19,-75],[-55,0],[-28,-24],[-1,-45],[-25,-38],[-26,-1],[-10,-41],[-88,-35],[-13,-30],[-10,32],[-30,19],[-24,54],[-44,-20],[-32,12],[-24,31],[-47,-16],[-57,17],[-94,-27],[-38,14],[-18,-21]],[[47517,11362],[-36,2],[-25,40],[-89,-1],[-34,24],[-80,-13],[-48,29],[-79,65],[-38,21],[-65,13],[-32,57],[-3,33],[-31,52],[-17,55],[21,53],[-46,-5],[-7,31],[-38,1],[-36,-59],[-25,-4],[-58,-97],[-41,-3],[-46,-77],[-1,-75],[-15,-35],[-45,-32],[-35,-61],[-19,0],[-84,-61],[-45,26],[-148,30],[-42,-9],[-18,-45],[-63,-79],[-28,-65],[-30,29],[0,31],[-40,23],[-4,35],[-49,80],[-1,29],[-58,19],[-47,42],[-14,-77],[-16,-11],[-6,-94],[-37,-53],[-16,2],[-25,20],[-96,2],[-91,-6],[10,33],[-66,38],[-105,29],[-101,113],[-29,-48],[-39,-39],[-36,-5],[-10,-35],[27,-12],[-18,-47],[-53,12],[3,-27],[-48,31],[-16,42],[-28,25],[6,32],[-25,54],[-6,44],[-23,16],[-58,50],[60,70],[114,94]],[[45150,11714],[57,79],[-13,30],[28,78],[27,-3],[80,7],[53,41],[73,-33],[42,16],[53,61],[82,-2],[33,32],[35,-13],[49,-43],[100,-17],[52,19],[96,-1],[52,19],[-2,54],[63,87],[42,46],[-1,27],[-45,10],[-43,-17],[-17,37],[-29,9],[-20,93],[12,40],[33,27],[-37,74],[17,58],[-17,80],[28,28],[50,22],[14,56],[79,55],[-36,92],[48,11],[16,48],[18,-20],[31,35],[49,21],[39,66],[45,-23],[30,9],[0,86],[8,44],[39,-1],[-1,-25],[56,-46],[22,-36],[37,-3],[53,-23],[32,-52],[118,-39],[85,8],[24,-57],[71,-9],[26,-54],[59,9],[45,33],[3,69],[29,39],[-24,49],[37,39],[29,66],[25,5],[15,42],[-15,47],[95,63],[-58,363],[22,-8],[58,19],[20,-12],[61,50],[29,70],[-7,41],[-36,11],[-39,47],[-6,68],[-45,-16],[-61,-3],[-6,35],[-25,17],[12,71],[-41,20],[-51,4],[-44,-25],[-30,-87],[-37,-61],[-28,87],[-1,33],[-41,38],[29,46],[-65,23],[-22,40],[-38,5],[37,48],[0,46],[-67,51],[-41,-1],[-11,92],[64,78],[45,18],[19,44],[39,-11],[35,69],[37,124],[-30,37],[-10,42],[-26,12],[-58,82],[21,13],[-42,79],[1,79],[7,43],[-26,21],[4,44],[35,53],[-33,79],[29,31],[-7,39],[24,68],[-13,17],[-4,109],[42,62],[-38,37],[-26,-34],[-59,-21],[-57,58],[-23,55],[-13,39],[10,41],[-36,43],[53,71],[7,29],[-52,38],[1,33],[31,8],[18,97],[-46,37],[-30,39],[-72,42],[4,42],[-23,40]],[[44424,7737],[9,51],[-32,48],[-1,72],[-25,35],[19,24],[50,14],[-12,53],[3,53],[-50,33],[-4,60],[-53,9],[-18,51],[-36,30],[24,23],[-1,62],[-50,30],[8,36],[-54,-2],[-34,47],[-41,34],[-14,55],[69,-7],[47,9],[117,-34],[104,56],[-4,45],[15,21],[-4,58],[48,28],[15,43],[24,17],[-3,48],[44,18],[-1,28],[42,41],[-9,36],[-48,-6],[-33,32],[-38,81],[-25,18],[-6,67],[-55,-1],[-14,20],[-41,0],[-3,-44],[-34,-34],[-35,-104],[-58,-35],[-105,29],[-53,-9],[-20,39],[-37,32],[-42,13],[-22,-41],[-48,-12],[-63,-62],[-12,-46],[-76,-12],[-36,-25],[-35,52],[-17,101],[-34,75],[-77,27],[-10,-29],[-44,26],[-33,-6],[-20,-83],[-51,-15],[-44,18],[-87,-9],[-36,-36],[-46,35],[93,108],[4,54],[31,61],[39,109],[8,48],[74,34],[31,40],[13,41],[53,33],[14,45],[-20,59],[50,18],[28,50],[-3,59],[-14,26],[-16,119],[6,54],[-38,7],[-100,-5],[-9,77],[-36,37],[0,37],[-43,2],[-23,37],[-67,7],[-37,-33],[-34,-2],[-37,-27],[-62,55],[-48,12],[23,149],[27,16],[23,44],[27,1],[-6,53],[-52,74],[-44,98],[-51,42],[-16,53],[-62,16],[24,70],[-26,6],[-26,-21],[-64,-14],[-1,28],[43,40],[7,68],[52,21],[38,-12],[-9,128],[-26,35],[-23,72],[-34,31],[140,20],[-16,-31],[52,-42],[30,75],[39,-2],[15,-39],[43,20],[8,27],[26,6],[32,45],[35,105],[-3,53],[-34,41],[24,39],[2,81],[24,22],[-42,60],[5,35],[-30,47],[-10,58],[-36,10],[-11,26],[-3,30],[-45,-2],[-65,55],[-7,50],[18,52],[-22,14],[-40,-15],[-36,39],[-31,-1],[-10,94],[-34,36],[-37,2],[-27,35],[-13,41],[-39,41],[-10,51],[-27,46],[-30,-10],[-3,49],[-30,8]],[[42661,12449],[50,43],[20,-41],[61,49],[16,47],[35,13],[51,-23],[21,55],[73,0],[68,-24],[20,20],[50,-36],[31,25],[27,-34],[60,-2],[42,-26],[68,34],[-8,-57],[11,-53],[31,4],[52,-95],[39,-5],[20,37],[48,-20],[43,6],[29,-27],[91,-33],[102,-74],[10,51],[91,-81],[53,-37],[52,-1],[19,16],[43,-29],[48,-8],[32,-46],[20,7],[40,-51],[46,-16],[48,8],[29,39],[37,3],[69,46],[-12,47],[-2,57],[82,144],[9,55],[39,-61],[76,-32],[12,-67],[45,-12],[-11,-53],[36,-18],[29,-62],[57,-24],[21,-50],[42,-15],[35,14],[54,-29],[69,-59],[46,-85],[23,-20],[5,-48],[46,-101]],[[47517,11362],[13,-63],[-24,-53],[44,-7],[-8,-46],[5,-71],[77,-60],[-60,-50],[-15,-31],[34,-32],[1,-35],[-22,-42],[18,-25],[24,-49],[-13,-20],[-6,-69],[-21,-16],[-41,-52],[-32,9],[-26,-38],[42,-13],[19,4],[44,-44],[50,-13],[58,8],[100,-69],[86,-54],[5,-31],[36,0],[16,-23],[37,-7],[48,-32],[-19,35],[35,21],[36,-48],[53,-17],[19,-16],[27,-72],[-9,-26],[37,-111],[22,-13],[-4,-83],[19,-40],[-7,-45],[4,-130],[21,-85],[24,-38],[14,-64],[17,-48],[25,-9],[31,-47],[-2,-24],[30,-33],[15,-41],[27,38],[28,-28],[65,45],[47,-8],[51,8],[38,1],[38,-33],[-11,-99],[16,-43],[37,-30],[87,-21],[69,-65],[-49,-15],[-67,3],[-15,-46],[-38,-43],[32,-44],[-12,-37],[24,-69],[-14,-32],[23,-30],[-15,-38],[11,-72],[20,-47],[-25,-47],[-5,-71],[-36,-39],[-6,-77],[13,-48],[-11,-45],[-78,-48],[-49,-4],[-28,48],[-52,2],[-22,56],[-27,-38],[-58,2],[-45,-53],[-22,33],[-22,-22],[7,-99],[-12,-16],[13,-71],[-33,-59],[17,-85],[-9,-48],[-36,-51],[-14,-47],[12,-76],[-50,-77],[-91,5],[-6,-24],[8,-105],[-20,-56],[-16,0],[21,-71],[1,-43],[50,-24],[-17,-61],[15,-33],[-7,-95],[14,-52],[-20,-70],[-46,0],[-34,-76],[-29,-6],[-18,-69]],[[42661,12449],[-26,26],[-4,34],[-27,6],[-36,-23],[-49,30],[-26,-16],[-28,38],[-72,-6],[-51,38],[-43,7],[43,65],[-72,11],[-45,60],[-38,34],[80,30],[13,58],[20,4],[46,44],[37,83],[94,6],[23,20],[72,0],[47,49],[35,21],[48,8],[12,24],[-3,83],[37,31],[-14,22],[-48,12],[-19,36],[-46,53],[2,26],[-38,10],[-22,-59],[-35,-23],[-54,14],[-108,-123],[-11,-4]],[[42355,13178],[6,71],[41,119],[-23,47],[-46,27],[-89,75],[-64,17],[-20,46],[24,37],[167,58],[84,93],[40,11],[30,61],[-2,57],[21,34],[30,5],[28,-24],[-12,-42],[53,-54],[32,19],[3,49],[36,53],[37,2],[29,85],[25,12],[71,-48],[34,24],[52,80],[50,24],[31,28],[9,51],[-34,69],[21,25],[64,11],[16,16],[26,99],[38,11],[67,-26],[24,8],[35,39],[38,76],[63,67],[66,-9],[69,-84],[32,34],[-5,55],[27,27],[48,15],[84,-23],[33,-13],[23,23],[1,33],[-20,27],[-103,70],[-3,32],[55,40],[27,-11],[45,-54],[53,9],[13,38],[33,12],[60,-21],[91,125],[8,78],[-5,108],[4,50],[52,26],[38,-8],[28,20],[17,41],[18,94],[30,82],[46,2],[23,-111],[56,-7],[29,48],[46,-2],[91,-27],[19,20],[-18,100],[19,56],[31,-22],[10,-46],[43,-35],[34,34],[13,55],[31,58],[12,74],[34,11],[26,-22],[40,-61],[12,-41],[26,-8],[31,52],[21,13],[55,-2],[39,8],[26,46],[-60,64],[33,31],[37,-6],[60,49],[27,-16],[62,-103],[26,-31],[36,4],[12,30],[-14,119],[17,2],[49,-47],[35,-60],[22,-5],[25,17],[10,93],[16,20],[52,7],[38,22],[9,85],[43,108],[-2,41],[16,70],[27,25],[25,-3],[14,-33],[-10,-47],[12,-23],[92,-14],[63,9],[21,20],[37,68],[58,23],[25,55],[2,63],[15,25],[102,8],[10,29],[-11,47],[31,35],[37,-19],[26,-40],[41,11],[40,108],[31,3],[36,-76],[22,-30]],[[43774,6039],[-7,-41],[-56,-74],[-18,-5],[-73,60],[-91,36],[-46,61],[-84,12],[-69,27],[-8,114],[-27,28],[-41,2],[22,52],[-40,25],[2,43],[-60,0],[-42,28],[22,113],[-24,7],[-41,56],[20,49],[-29,9],[-19,39],[-74,11],[-64,34],[26,47],[-69,85],[-45,-7],[-24,35],[7,29],[-37,8],[-13,57],[-76,27],[-37,54],[-8,58],[-26,13],[-57,-24],[-34,18],[-32,-10],[-53,-64],[45,-98],[-44,-60],[-6,-45],[-80,-4],[-31,33],[-31,-98],[-38,-40],[-34,-15],[-27,-34],[-55,1],[-47,-68],[-54,-4],[-32,-65],[-42,-14],[-17,25],[-57,-25],[-9,-24],[-103,32],[-28,-30],[-27,8],[-29,94],[9,60],[-7,41],[14,61],[-2,164],[9,52],[35,78],[-31,49],[-41,134],[-25,3],[-64,37],[5,41],[-23,18],[-46,-22],[-24,55],[-41,-22],[-8,60],[-42,27],[-4,62],[-32,42],[4,50],[-39,41],[26,25],[-36,29],[-56,-10],[-66,86],[-18,-34],[-24,79],[-24,-14],[-29,71],[-87,6],[-11,46],[-44,47],[-24,-29],[-32,11],[-48,74],[16,51],[-36,38],[-52,0],[-30,28],[20,24],[-38,67],[-61,-34],[-34,43],[4,25],[-30,26],[-57,-2],[-8,53],[27,13],[-9,48],[-31,-14],[-44,44],[-41,17],[-24,35],[-38,88],[-35,26],[-36,83],[-81,-10],[-26,42],[-45,40],[-66,28],[-26,-10],[-23,32],[7,61],[-40,11],[-12,40],[-41,26],[-56,16],[-49,-10],[-32,8],[-29,-58],[-32,40],[-38,4],[-42,-17],[-46,8],[-15,25],[-83,-1],[-16,-37],[-28,-9],[-71,35],[-19,-24],[6,-34],[-64,1],[2,-79],[-31,12],[-32,-77],[-47,-63],[9,-77],[-8,-50],[-61,-43],[-16,-51],[-34,-11],[-63,-1],[-18,55],[-24,-45],[-30,-22],[-58,88],[-17,-29],[-68,-38],[-27,33],[-29,-21],[-40,-63],[-44,4],[-23,70],[-49,-5],[-29,27],[-51,-10],[-21,-50],[-53,8],[-54,31],[-37,50],[22,48],[-1,49],[-97,58],[19,27],[52,18],[92,52],[128,104],[22,72],[75,109],[44,39],[94,38],[49,91],[7,125],[-12,85],[10,37],[56,95],[32,44],[30,20],[68,73],[30,11],[104,-10],[85,28],[67,55],[114,118],[51,46],[42,79],[63,22],[-3,65],[9,39],[35,53],[45,37],[57,81],[87,67],[81,45],[29,42],[24,61],[36,29],[-1,44],[14,82],[30,41],[97,10],[27,27],[22,57],[52,98],[31,100],[-12,78],[18,59],[61,74],[46,87],[13,42],[44,14],[37,-6],[75,61],[25,10],[153,25],[37,44],[6,59],[23,53],[-37,41],[20,71],[58,62],[74,21],[44,39],[48,73],[5,136],[-6,83],[23,37],[59,37],[142,11],[60,72],[46,95],[52,70],[78,69],[73,76],[63,28],[30,39],[2,49],[-40,62],[-5,77],[25,40],[49,22],[82,10],[44,21],[95,18],[3,39],[-40,113],[1,51],[61,104],[44,5],[62,-20],[138,-14],[47,-29],[32,-94],[33,-22],[26,28]],[[54336,10772],[-41,-24],[-50,39],[-61,58],[-15,-19],[-106,-25],[-21,-37],[-51,-15],[23,60],[-51,34],[-28,-19],[-39,16],[0,-38],[28,-122],[25,-24],[-44,-46],[70,-89],[18,-50],[40,-32],[-4,-60],[33,-53],[-36,11],[-26,35],[-48,12],[9,39],[-23,11],[-71,-8],[-33,17],[-10,-41],[-24,0],[-4,52],[55,21],[4,26],[-54,18],[-22,30],[-26,-24],[-18,-42],[-52,-50],[-126,-59],[-31,2],[-25,-47],[-60,-3],[-194,3],[-47,-35],[-32,-1],[-86,-12],[-42,141],[-20,-9],[-28,46],[-30,11],[-1,24],[-78,67],[89,101],[-79,8],[-105,-41],[7,-45],[-44,0],[-99,-91],[-68,1],[-64,-56],[-22,-4],[-4,124],[-63,66],[-36,-1],[-51,88],[-25,-29],[-23,-52],[-34,-34],[-49,-6],[72,-17],[-9,-75],[-108,22],[-33,-31],[-57,9],[-15,-85],[-71,13],[-66,30],[9,28],[10,109],[-57,76],[-24,-21],[-59,-12],[-28,-57],[-8,-40],[-45,-68],[16,-35],[-53,-55],[-27,6],[-71,18],[42,77],[-49,29],[23,116],[-4,44],[-26,71],[-23,35],[11,39],[-101,1],[-5,-163],[-8,-41],[-68,6],[-12,36],[-71,43],[-35,-16],[-60,-3],[-48,-27],[-34,39],[-53,-8],[-51,-10]],[[51017,10673],[-6,26],[-99,5],[-26,-48],[-46,-12],[0,21],[1,109],[-77,6],[0,18],[-2,70],[57,-1],[1,25],[-58,-1],[60,51],[-52,25],[-38,-36],[-39,35],[-39,-9],[-36,-1],[-8,99],[98,-3],[2,91],[10,41],[-17,57],[38,-3],[13,21],[-27,32],[-20,61],[37,10],[0,45],[-41,38],[-44,24],[-61,32],[7,90],[-18,78],[-80,-27],[-1,22],[-140,-14],[-23,82],[15,21],[-2,70],[21,15],[-40,50],[-26,14],[2,36],[-48,7],[-29,-14],[-20,57],[-42,29]],[[55032,10834],[-54,-89],[-142,-203],[-63,-93],[-161,-255],[-32,-56],[-25,-44],[-58,-109],[-125,-256],[-100,-217],[-25,-61],[-96,-227],[-24,-70],[-87,-229],[-118,-344],[-61,-170],[-119,-352],[-61,-132],[-85,-153],[-118,-170],[-77,-120],[-177,-300],[-258,-393],[-77,-127],[-84,-150],[-52,-85],[-160,-195],[-79,-91],[-193,-190],[-148,-134],[-136,-150],[-174,-203]],[[51756,5583],[71,108],[53,119],[48,198],[0,116],[-11,100],[-31,129],[0,27],[-2,77],[8,58],[29,10],[29,-30],[51,-27],[44,-3],[117,92],[52,24],[61,8],[48,37],[38,73],[8,108],[-34,153],[102,-22],[32,5],[47,30],[77,80],[43,13],[20,30],[55,29],[78,25],[70,96],[41,82],[26,98],[15,107],[9,135],[-11,269],[-28,189],[-50,102],[-10,40],[24,37],[27,13],[40,-24],[15,-29],[75,-69],[30,11],[-2,75],[26,1],[45,-76],[-49,-38],[-29,1],[-43,-27],[-6,-22],[15,-68],[79,-81],[60,-12],[18,22],[22,108],[-1,124],[43,79],[-1,61],[-19,36],[27,42],[12,65],[-10,53],[-38,2],[-31,34],[-47,106],[-48,-5],[-49,16],[-31,-19],[-23,-137],[26,-77],[-36,-26],[-102,-6],[-61,8],[-66,30],[-28,-68],[12,-52],[-17,-13],[-99,45],[-149,-12],[-27,-29],[-25,-91],[1,-79],[16,-72],[-91,71],[-83,46],[-73,21],[4,54],[48,107],[3,80],[-42,39],[-42,23],[-29,41],[-41,5],[-21,-17],[-47,2],[-20,-41],[-37,5],[-2,56],[-58,18],[12,40],[-49,62],[-45,11],[-10,27],[5,82],[-42,47],[-28,5],[-10,62],[24,5],[40,95],[2,26],[-81,23],[-57,91],[-11,-62],[6,-66],[-26,-76],[12,-15],[-15,-58],[2,-41],[-18,-51],[-5,-54],[18,-40],[-29,-93],[5,-22],[57,-15],[-5,-85],[11,-69],[34,-13],[47,5],[37,-32],[34,36],[28,6],[5,-98],[33,-92],[27,-22],[106,66],[65,3],[-17,-49],[-35,-48],[-22,-95],[-22,4],[-24,50],[-93,15],[-53,-28],[-49,-63],[-7,-31],[-35,-54],[-71,-196],[-11,-73],[1,-114],[18,-182],[-3,-109],[26,-124],[-35,24],[10,67],[-19,106],[-25,42],[-7,147],[-33,31],[-62,2],[-36,-25],[-18,-52],[-25,-130],[-11,-98],[2,-65],[17,-63],[11,-80],[37,-80],[-37,-18],[-123,21],[-61,-44],[-44,-68],[-6,-118],[16,-95],[19,-68],[36,-84],[42,-61],[-47,-19],[-79,-14],[-68,-28],[-36,2],[-27,-36],[-73,-7],[-34,-19],[-22,-32],[-28,-86],[-3,-95],[16,-73],[-10,-37],[-87,1],[-55,13],[-106,-50],[-70,32],[-45,-30]],[[49264,6945],[9,23],[-13,45],[21,82],[-72,128],[-1,59],[14,13],[37,189],[-26,95],[62,10],[46,-25],[34,-55],[83,-13],[-18,52],[12,44],[-9,60],[-57,66],[-69,25],[-64,46],[-40,-3],[-2,38],[75,31],[-13,21],[32,50],[39,94],[4,24],[72,80],[6,67],[-12,50],[34,82],[39,7],[11,24],[61,-2],[26,-52],[30,-14],[-1,-47],[61,-102],[46,-36],[58,-3],[56,15],[-31,53],[-13,87],[42,120],[-6,39],[-16,38],[-7,65],[32,75],[50,57],[0,26],[-38,17],[-9,48],[15,42],[-1,70],[-36,51],[15,148],[22,32],[-1,65],[15,17],[-16,92],[13,79],[45,35],[47,-21],[44,0],[28,32],[45,-22],[34,-40],[32,48],[-2,19],[-75,19],[27,75],[-18,45],[6,65],[-22,86],[10,42],[29,32],[11,44],[39,49],[6,27],[-48,81],[37,-14],[27,9],[12,-45],[60,-33],[22,5],[8,-53],[32,-7],[69,-21],[-22,-47],[14,-57],[58,11],[32,-30],[64,-20],[28,-37],[25,-59],[97,0],[46,24],[67,-23],[-60,66],[-22,54],[-4,52],[45,88],[38,34],[-11,68],[44,53],[16,56],[36,41],[44,26],[35,22],[-21,88],[-22,26],[-3,223],[-54,1],[1,32],[44,17],[115,-5],[29,17],[68,43],[-53,62],[-101,-4],[4,46],[70,14]],[[49453,29249],[-2,37],[48,84],[2,33],[-20,52],[-54,17],[-20,-10],[-80,-4],[-42,52],[-60,20],[-53,68],[-61,40],[-125,124],[1,36],[-32,71],[-25,112],[-518,-120],[-196,51],[-71,11],[-77,2],[-93,45],[-9,3],[-10,94],[39,86],[1,24],[40,106],[17,73],[-4,156],[29,33],[-9,20],[-58,-6],[-52,39],[-4,17],[-51,12],[-31,-22],[-47,44],[-48,-35],[-44,-13],[-57,61],[-46,-28],[-4,-28],[-76,25],[-66,-12],[-44,13],[-4,-38],[-53,4],[-18,25],[-82,43],[-26,23],[-32,-14],[-25,34],[-24,-4],[-19,-53],[-46,6],[-47,-40],[-11,-30],[-35,33],[-83,-50],[-41,15],[-45,-16],[-46,42],[-37,-57],[-234,-22],[11,-37],[-9,-47],[8,-37],[-28,-40],[20,-120],[-10,-152],[20,-43],[-47,-52],[-66,-103],[-24,-59],[-4,-87],[-41,6],[-29,40],[-32,21],[-22,-16],[-59,19],[-8,33],[-41,0],[-35,50],[-42,8],[-45,25],[9,32],[-28,19],[2,39],[-38,28],[-29,71],[-32,-17],[-46,28],[-32,-1],[-54,52],[-50,21],[-41,-19],[-89,28],[-30,25],[-44,0],[-61,36],[9,34],[-34,44],[-38,-6],[-52,31],[-152,161],[-13,2],[-31,95],[39,48],[13,44],[-5,67],[-44,-10],[-64,-55],[-46,-70],[-44,-24],[-26,-55],[-51,65],[-58,20],[-20,65],[-39,37],[-112,66],[-80,32],[-44,-80],[-45,-25],[-16,-40],[-79,68],[9,24],[-19,46],[54,28],[-7,41],[-85,92],[41,51],[-28,79],[0,61],[-150,-59],[-36,34],[6,49],[-42,0],[-32,21],[-41,-39],[-62,40],[-61,-2],[-263,-381],[-6,-53],[4,-70],[-10,-81],[-18,-58],[-19,23],[-44,-24],[-4,58],[-43,22],[-24,-12],[-36,16],[4,38],[-32,16],[-16,66],[-28,21],[-3,50],[-34,-15],[-39,13],[13,50],[-54,37],[-41,11],[-16,48],[-86,38],[-39,58],[-22,51],[-1,32],[-27,21],[7,38],[27,36],[-49,47],[17,20],[4,69],[-11,37],[-45,21],[8,99],[-28,15],[17,37],[-11,37],[19,24],[21,69],[-32,42],[30,28],[3,69],[27,30],[2,41],[20,23],[31,91],[34,-18],[-27,45],[-25,-8],[-50,-52],[-15,-47]],[[43092,32032],[-31,82],[-49,39],[-29,71],[-51,99],[-44,40],[12,41],[-13,35],[-40,50],[13,41],[-13,21],[-41,4],[-30,34],[-28,73],[-1,36],[-59,64],[-54,40],[-23,2],[-3,94],[-57,54],[7,29],[-28,36],[-11,48],[-31,40],[-9,41],[19,147],[-10,34],[14,45],[-28,29],[13,24],[62,-19],[21,48],[81,88],[40,-27],[57,13],[26,33],[-1,77],[11,66],[-13,37],[-20,118],[16,68],[-80,19],[-65,52],[-8,95],[43,42],[-26,22],[8,53],[52,81],[-1,45],[37,-1],[41,26],[8,-31],[50,18],[30,-31],[0,-30],[33,-16],[85,3],[26,37],[55,-35],[84,-67],[19,-32],[61,-37],[39,67],[78,71],[44,18],[76,58],[8,-30],[59,19],[51,-14],[6,46],[29,11],[8,61],[-39,103],[-33,61],[-4,66],[-29,39],[-38,15],[-24,33],[-1,38],[-47,-38],[-84,-20],[-52,38],[-14,-16],[-65,-5],[-25,-35],[-49,29],[-44,3],[-24,24],[31,81],[-28,14],[-17,46],[-3,60],[-16,56],[-35,43],[-54,34],[-22,44],[-13,82],[105,106],[-2,58],[21,17],[29,101],[40,53],[28,105],[17,37],[-7,28],[49,56],[36,128],[18,40],[2,54],[31,12],[25,124],[16,16],[7,66],[36,33],[52,2],[42,43],[72,45],[-27,44],[49,47],[-39,14],[-14,-31],[-27,-10],[-72,48],[-74,108],[-45,9],[-56,77],[-60,7],[-61,-24],[-32,42],[-56,-7],[-13,-50],[-39,-4],[-15,19],[-93,-9],[-74,98],[-31,11],[48,569],[90,1089],[198,868],[3,3],[363,1566]],[[43428,40850],[5,-6],[51,17],[6,33],[39,-12],[46,11],[56,-22],[79,24],[35,-19],[24,38],[92,39],[92,-6],[11,-23],[37,10],[43,-19],[21,29],[59,9],[53,71],[93,44],[-7,29],[11,52],[22,38],[70,18],[56,26],[120,20],[63,23],[42,26],[40,10],[36,-40],[40,29],[75,-8],[62,-45],[-7,-40],[20,-36],[34,-17],[60,-9],[27,-19],[18,-46],[31,-22],[33,-96],[-24,-64],[36,-34],[63,-28],[91,-15],[23,22],[38,-2],[51,33],[17,32],[60,20],[56,41],[76,2],[51,-36],[77,15],[33,-16],[26,58],[-1,24],[48,65],[13,67],[-27,63],[37,32],[8,37],[32,25],[58,15],[53,-3],[20,29],[73,57],[37,65],[69,71],[31,47],[84,37],[-8,41],[10,57],[24,60],[29,17],[47,1],[44,72],[7,35],[35,10],[23,27],[70,11],[28,-48],[27,-20],[-30,-642],[-24,-420],[-36,-20],[-43,10],[-39,-20],[-92,6],[-58,-46],[-31,-5],[-37,-33],[-12,-47],[-35,-29],[-25,-45],[-16,-73],[-24,-31],[-15,-50],[-62,-84],[-33,-111],[19,-67],[-10,-19],[61,-10],[57,29],[44,-37],[54,-8],[93,-88],[84,-107],[83,15],[22,-22],[75,-10],[36,45],[54,35],[79,-6],[21,-44],[37,-37],[72,-6],[88,-23],[70,-52],[40,15],[42,94],[31,37],[38,-27],[31,6],[51,-43],[100,5],[7,14],[90,14],[120,-30],[86,-34],[18,-42],[36,-14],[225,20]],[[48003,39846],[-7,-44],[-61,-21],[-45,0],[-36,-34],[-8,-31],[14,-90],[17,-52],[-2,-58],[43,-154],[6,-106],[12,-32],[5,-107],[61,-73],[108,-21],[20,61],[108,70],[66,6],[137,-48],[116,10],[53,-14],[46,-33],[36,-51],[1,-39],[-25,-45],[-30,-20],[-33,-69],[-88,-23],[-73,-5],[-11,-13],[-11,-90],[-40,-30],[-46,-88],[-50,-16],[-44,-62],[-6,-24],[25,-32],[4,-37],[38,-59],[-14,-32],[43,-5],[15,-17],[4,-58],[86,-10],[60,-55],[54,-14],[26,11],[54,-34],[50,-2],[32,-28],[71,2],[64,33],[97,-24],[24,-21],[23,18],[73,4],[50,58],[44,20],[33,-2],[65,-49],[119,-42],[52,-107],[27,-29],[9,-34],[62,-65],[9,-24],[47,-24],[20,-60],[87,-46],[26,29],[90,-26],[81,-10],[17,-17],[45,8],[32,-29],[49,-95],[87,-14],[11,-71],[58,-66],[78,0],[55,-33],[9,-33],[78,5],[62,-20],[23,34],[73,-69],[23,0],[45,-96],[52,-56],[81,-8],[149,-101],[44,-37],[25,3],[53,-31],[70,-43],[57,9],[56,-27],[37,37],[51,-21],[30,6],[35,-28],[27,10],[62,-58],[57,17],[30,-35],[24,18],[21,-29],[41,13],[25,-47],[31,-31],[36,8],[17,-18],[13,-59],[41,21],[19,-21],[62,11],[2,-39],[68,-73],[74,-24],[38,26],[86,-30],[38,-44],[55,0],[37,-42],[77,-13],[101,-94],[7,-34],[27,-28],[21,-52],[-12,-31],[82,-26],[4,-54],[75,-36],[37,-65]],[[45333,24234],[-52,56],[-25,56],[-5,53],[-60,-10],[-76,63],[-16,45],[-44,19],[-27,69],[2,39],[-30,30],[-101,26],[-14,22],[-47,0],[-18,30],[-44,14],[-54,-16],[9,51],[-54,39],[-45,-31],[-14,41],[-32,13],[-34,-9],[-12,31],[-35,11],[-33,-34],[-32,-30],[-14,-58],[-87,-11],[-102,2],[-47,-58],[-47,17],[-52,-55],[-29,-11],[-25,32],[-18,-36],[-33,-1],[-39,-35],[-7,-50],[11,-41],[-90,-15],[-69,21],[-46,-38],[-29,-4],[-62,-50],[-61,27],[-36,45],[-47,-48],[-108,-26],[-43,18],[-18,-44],[-47,-26],[-72,56],[-91,68],[-30,6],[-39,-78],[-29,-1],[-83,66],[-21,-17],[-49,43],[-17,79],[-40,24],[14,31],[8,83],[-13,111],[-27,25],[51,76],[-8,48],[-20,14],[-13,60],[19,76],[-32,-11],[-26,34],[10,51],[-29,26],[1,60],[-77,45],[-44,12],[-12,27],[-5,65],[25,63],[-21,32],[-3,39],[-20,44],[-12,85],[-19,16],[34,15],[0,72],[62,103],[24,80],[-32,34],[-3,33],[-31,48],[-46,44],[14,33],[-8,62],[65,51],[-36,47],[-2,53],[36,59],[-43,44],[2,63],[-68,33],[-51,-25],[2,86],[-9,39],[-38,58],[13,12],[-1,75],[-27,38],[-34,18],[14,45],[-3,43],[26,19],[-32,50],[-4,37],[-29,50],[13,17],[-12,95],[-22,13],[-11,77],[11,65],[16,27],[6,66],[30,32],[35,66],[14,93],[-1,63],[-8,39],[6,58],[-18,12],[-6,57],[-35,40],[-91,61],[-26,29],[-8,36],[-55,30],[-52,119],[-8,79],[36,86],[-7,78],[-26,71],[-39,-2],[-28,0],[-52,30],[6,44],[-44,26],[-25,50],[-24,99],[-30,17],[-105,-11],[-17,14],[-51,-3],[-72,-31],[-24,28],[-29,-2],[-33,-30],[-118,41],[-14,-25],[-41,3],[-77,35],[-27,-37],[-167,24],[-46,52],[-8,49],[-27,-5],[-77,17],[-31,35],[-40,7],[-62,86]],[[40845,29064],[31,16],[36,-37],[24,10],[21,56],[82,4],[20,-21],[95,-3],[2,172],[149,-16],[46,-37],[38,19],[33,80],[58,-68],[56,-14],[-40,53],[9,30],[48,-16],[21,43],[-11,45],[7,33],[-78,33],[38,59],[-9,66],[-31,36],[-71,3],[-4,44],[44,45],[-27,33],[2,42],[-47,-11],[16,47],[33,15],[36,-34],[66,47],[12,-53],[24,-17],[28,53],[-16,50],[-2,65],[-13,39],[11,73],[33,-36],[-2,-53],[71,42],[18,-49],[39,-32],[-2,71],[83,36],[-98,3],[-33,45],[32,17],[6,27],[44,-1],[52,40],[3,54],[-85,-7],[-28,26],[42,57],[-40,4],[-24,52],[-3,69],[-40,48],[14,23],[66,-72],[6,-37],[54,-18],[3,52],[47,-24],[65,-2],[35,38],[21,-10],[-8,44],[49,10],[-26,113],[36,-16],[-8,-31],[75,5],[51,-13],[-8,66],[-41,-12],[-48,48],[14,25],[-57,72],[30,72],[-61,77],[-18,-1],[26,9],[-11,55],[45,29],[30,-18],[13,38],[-30,27],[42,53],[4,-48],[43,-22],[70,-49],[-8,71],[-22,51],[6,60],[26,-19],[-6,-78],[53,-25],[13,-78],[50,2],[1,-31],[57,24],[-65,98],[26,19],[-5,37],[19,19],[-9,42],[-34,6],[27,101],[-44,-25],[-9,26],[15,49],[42,66],[3,26],[-80,91],[56,48],[-3,38],[34,54],[11,-59],[22,-22],[39,22],[-23,25],[16,29],[-27,33],[35,18],[26,112],[-37,54],[-13,55],[68,24],[-13,46],[49,10],[24,-31],[29,11],[50,69],[28,-42],[-6,-30],[24,-33],[67,30],[11,52],[-30,41],[36,44],[28,5],[65,-38],[15,-35],[38,-14],[27,17],[62,7],[35,29],[57,-14],[38,-29],[25,30]],[[40845,29064],[-27,23],[-35,75],[13,17],[-55,92],[0,54],[-57,0],[-34,-14],[-39,15],[-42,-3],[-17,-35],[-35,-2],[-51,-38],[-20,-102],[-43,-47],[-16,-76],[-28,-29],[-29,2],[-45,-38],[-5,-30],[-46,-38],[-36,1],[-18,-28],[-45,19],[-22,32],[-3,41],[-47,-42],[-32,-51],[-52,39],[-30,-3],[-39,-47],[-39,45],[-18,-17],[-12,-58],[7,-33],[-85,-44],[-81,65],[12,31],[-29,47],[-59,-27],[-69,-2],[-24,45],[-64,-12],[-20,52],[-28,-35],[-20,12],[-63,-25],[-4,22],[-20,-25],[-92,-20],[-17,45],[-54,13],[-32,-20],[-66,1],[-30,26],[-47,-5],[-8,-43],[-43,-27],[-29,26],[-40,8],[-27,31],[-33,11],[-63,-46],[-72,30],[-38,-7],[-3,39],[-27,24],[-65,19],[-34,-7],[-22,30],[-56,1],[-28,-14],[-57,25],[-16,23],[-51,-21],[-88,14],[-17,26],[4,54],[-59,87],[-6,40],[-52,-31],[-54,-1],[-59,46],[-49,-39],[-35,8],[-26,-38],[17,-21],[-29,-42],[-69,34],[-55,-65],[-30,30],[-10,40],[-24,8],[-65,-33],[-48,4],[-95,24],[-28,96],[-55,-17],[-54,-4],[18,51],[-10,30],[-48,35],[7,36],[68,42],[21,37],[-1,46],[59,144],[-24,71],[31,32],[36,-2],[1,33],[-96,59],[-22,22],[59,24],[25,28],[48,132],[-70,39],[-16,32],[14,34],[71,53],[53,62],[-5,14],[-77,44],[-21,23],[-30,74],[11,34],[50,52],[-10,34],[-93,50],[-16,70],[16,66],[56,67],[20,58],[-5,31],[37,75],[3,48],[34,64],[67,72],[16,48],[-3,39],[-88,24],[-57,58],[30,49],[64,47],[52,55],[7,101],[-36,133],[40,103],[-44,77],[-2,71],[55,89],[50,65],[-18,40],[11,70],[-30,4],[-23,-27],[-42,-6],[-25,23],[-27,80],[-34,17],[-53,-3],[-6,19],[80,67],[42,42],[32,9],[-4,67],[-75,87],[-39,4],[-66,-31],[-40,6],[21,85],[33,51],[30,6],[103,-17],[19,12],[-31,84],[-56,61],[-23,49],[-51,2],[-28,-74],[-17,-18],[-50,-3],[-17,49],[38,111],[-56,32],[-39,60],[34,94],[-52,149],[13,89],[32,64],[4,32],[-18,43],[-45,68],[-33,2],[-74,28],[-47,94],[-21,78],[26,94],[1,54],[-15,27],[-50,10],[-54,-58],[-33,20],[-16,70],[26,55],[48,23],[22,33],[-24,32],[-59,1],[-21,40],[44,37],[69,14],[46,95],[54,14],[37,-7],[21,23],[17,83],[26,24],[99,10],[33,74],[28,19],[45,-5],[61,-52],[22,54],[55,85],[16,46],[-160,145],[-445,397],[353,903],[389,992],[160,3],[27,62],[-14,63],[-34,22],[-4,205],[-103,-2],[440,1722],[228,23],[-59,66],[-53,23],[-155,172],[-61,231],[-274,553],[83,1],[-1,52],[-79,93],[16,116],[-49,33],[-20,56],[-17,-5],[-31,92],[-28,6],[-16,55],[22,61],[-26,15],[-3,97],[31,24],[41,-7]],[[37637,41012],[27,74],[26,17],[36,-34],[3,-60],[42,-158]],[[37771,40851],[31,-80],[17,-16],[0,-47],[-19,-8],[-8,-82],[47,-34],[51,33],[39,-49],[32,-159],[16,-19],[54,13],[19,-43],[86,-57],[-9,-34],[42,-28],[69,3],[17,-43],[39,-54],[32,21],[-4,42],[46,51],[92,35],[10,42],[26,3],[40,-27],[55,21],[30,30],[61,14],[42,-19],[43,37],[22,47],[22,15],[32,-16],[43,9],[36,25],[47,-2],[12,23],[45,-14],[59,6],[26,56],[31,37],[61,12],[24,56],[7,43],[31,7],[13,51],[28,5],[27,30],[6,38],[45,61],[-39,31],[18,76],[48,30],[12,38],[81,59],[31,-18],[43,18],[32,72],[-9,40],[42,25],[1,47],[30,-3],[14,28],[-34,29],[36,50],[-16,34],[6,52],[94,7],[-7,35],[48,26],[14,33],[6,66],[32,-2],[21,46],[23,4],[49,-29],[41,9],[24,-47],[23,-11],[47,32],[46,13],[18,-26],[82,11],[16,35],[37,-21],[41,27],[41,1],[-1,38],[33,23],[75,-64],[32,6],[1,-38],[137,66],[13,36],[49,19],[55,-23],[49,54],[35,-18],[36,34],[-4,44],[56,24],[14,49],[40,-22],[46,4],[27,52],[35,31],[47,0],[14,20],[62,20],[37,35],[66,-29],[29,19],[56,-2],[32,-40],[31,-9],[-2,-48],[12,-73],[44,-8],[21,-25],[50,-1],[30,-55],[34,18],[93,4],[-27,-27],[34,-29],[37,25],[55,-61],[89,-27],[34,-45],[35,-12],[28,21],[93,-66],[34,-7],[33,30],[69,4],[21,-50],[29,13],[21,-28],[50,-7],[2,-1]],[[42397,41577],[43,-40],[-11,-81],[31,-55],[42,-22],[91,-105],[39,-7],[32,21],[39,-21],[26,-35],[47,-30],[61,-1],[74,-27],[40,-23],[13,-40],[37,-5],[70,21],[34,-34],[48,-27],[20,-32],[4,-40],[45,-8],[31,-31],[98,-60],[7,-27],[70,-18]],[[37771,40851],[33,58],[75,-8],[28,-26],[53,93],[29,4],[108,49],[20,45],[77,29],[51,84],[-6,63],[25,33],[23,-10],[28,59],[21,6],[19,72],[44,22],[84,71],[3,82],[64,-15],[21,83],[-17,57],[8,54],[-18,29],[-22,70],[31,102],[-44,25],[2,50],[-34,63],[6,67],[-8,39],[-47,86],[-25,85],[17,44],[31,26],[0,46],[-38,76],[-52,57],[-14,56],[-19,25],[57,120],[49,-8],[25,48],[-4,64],[23,33],[-31,46],[7,51],[-27,-2],[-28,32],[21,24],[-37,72],[-1,88],[20,64],[-17,107],[40,30],[33,1],[55,35],[31,-4],[39,53],[30,-8],[77,55],[55,84],[35,4],[80,44],[8,72],[-6,68],[32,61],[45,43],[41,-1],[86,39],[41,4],[-13,79],[4,87],[-13,48],[4,47],[19,68],[4,68],[-26,105],[4,36],[-23,34],[-11,69],[-57,61],[-11,26],[16,87],[18,22],[-6,51],[-20,25],[10,32],[-27,44],[-38,4],[2,46],[-21,53],[50,49],[-6,46],[50,34],[17,62],[28,27],[26,98],[57,44],[8,35],[42,46],[49,79],[-16,95],[11,67],[-359,-220],[-120,-72],[-20,73],[18,85],[-58,-12],[-45,-101],[-91,59],[-8,49],[18,36],[-32,39],[2,24],[-65,73],[-66,29],[-61,-16],[-47,-65],[-41,-8],[-10,-20],[-85,23],[-57,-11],[-11,21],[3,64],[34,83],[37,70],[-28,30],[-4,51],[16,45],[12,107],[-23,46],[-29,109],[-3,57],[-25,65],[-64,68],[-55,81],[-13,61],[-60,144],[11,63],[-16,69],[-1,52],[-17,84],[-21,65],[-10,65],[-27,32],[-59,33],[-29,34],[20,57],[-49,84],[-28,142],[-29,7],[-39,64],[-642,-10],[-1,20],[-44,61],[-29,1],[-18,28],[11,56],[-16,32],[-111,58],[-42,28],[-240,-62],[-7,58],[-17,43],[20,103],[32,30],[16,59],[-32,79],[-28,5],[-39,-19],[-35,-41],[-54,-37],[-83,11],[-20,38],[-42,4],[-29,49],[6,31],[-71,34],[4,50],[19,27],[-196,65],[-26,-6],[-60,-142],[-53,-20],[-19,-27],[7,-39],[-44,-11],[-10,-34],[-35,-22],[-66,-83],[-11,-16],[1,-68],[-39,-47],[-18,-68],[19,-34],[-59,-73],[-10,-49],[-96,-55],[-11,-44],[-295,-6],[-14,92],[8,74],[24,81],[35,80],[92,164],[7,26],[-40,61],[10,41],[42,42],[30,77],[-2,42],[-25,35],[-3,42],[29,44],[-2,99],[11,67],[-40,-20],[-205,2],[-217,30],[-133,-104],[-68,-74],[-71,-34],[-50,8],[40,22],[29,-13],[37,39],[26,-1],[25,36],[-1,55],[-32,51],[11,73],[-10,74],[-51,22],[6,31],[-13,52],[3,116],[27,55],[-15,14],[4,106],[17,21],[-3,154],[-24,58],[-54,43],[-13,90],[-19,30],[20,46],[5,54],[50,51],[3,50],[-26,24],[18,40],[22,116],[49,75],[-7,78],[10,30],[-23,42],[4,41],[36,12],[-10,54],[21,25],[11,80],[33,138],[39,30],[-2,65],[-17,80],[-23,49],[-13,111],[-28,70],[7,35],[31,33],[-38,39],[-11,49],[20,20],[12,64],[-17,22],[-3,2],[-1,1],[-34,27],[-14,122],[46,111],[-36,27],[36,60],[-8,44],[27,4],[14,57],[-25,100],[-18,32],[7,47],[-16,88],[-32,45],[11,41],[4,77],[21,29],[-48,52],[35,88],[59,-23],[29,69],[-49,31],[26,56],[40,24],[29,63],[-7,111],[-30,11],[19,47],[-8,29],[6,75],[22,46],[-4,38],[38,25],[30,59],[-9,27],[14,75],[22,7],[-36,167],[6,50],[-21,31],[11,30],[-11,69],[-31,72],[-10,123],[9,47],[40,63],[-5,69],[12,42],[1,72],[-11,83],[18,14],[27,80],[-9,78],[52,62],[56,44],[21,64],[-12,69],[16,39],[-11,41],[13,43],[6,74],[-22,81],[-48,120],[13,118]],[[34942,54965],[19,21],[52,7],[29,52],[66,31],[16,37],[63,34],[16,24],[35,-10],[62,57],[23,45],[34,18],[23,79],[28,32],[30,-4],[46,28],[37,-11],[49,65],[15,34],[47,-12],[25,30],[10,51],[32,-31],[20,26],[17,71],[31,65],[45,10],[44,39],[27,-8],[34,30],[-6,48],[3,93],[20,72],[50,46],[27,101],[-10,64],[4,95],[-19,68],[-11,78],[-31,47],[-1,66],[62,29],[11,69],[0,96],[9,27],[40,22],[58,53],[4,75],[17,65],[20,23],[-33,33],[-22,54],[5,67],[-9,58],[24,85],[-37,79],[30,37],[-3,34],[-50,18],[-49,1],[4,59],[-5,37],[33,40],[-6,46],[55,44],[0,71],[-30,79],[16,56],[-28,99],[-40,45],[-23,50],[9,31],[-14,44],[16,43],[34,44],[44,26],[58,-55],[14,-83],[25,-13],[31,22],[24,-20],[16,-63],[44,-48],[-4,-124],[13,-76],[-61,-94],[4,-64],[34,-2],[57,-73],[17,-69],[67,-36],[-5,-46],[40,-35],[71,57],[31,-7],[26,-42],[-7,-67],[7,-41],[-15,-39],[4,-36],[-24,-86],[-19,-29],[-4,-56],[36,-86],[-51,-61],[-34,-29],[14,-62],[71,-4],[42,-144],[36,-3],[32,-22],[39,-50],[-12,-68],[36,-21],[-1,-56],[-21,-93],[71,-57],[-15,-67],[43,-79],[41,-45],[37,-9],[57,-48],[25,-54],[-2,-47],[37,-52],[48,-33],[-2,-65],[49,-30],[48,-57],[-20,-35],[15,-82],[35,9],[27,-19],[-19,-49],[17,-45],[-14,-26],[9,-63],[-7,-63],[-21,-38],[22,-51],[64,-4],[29,-78],[58,13],[62,-78],[60,-4],[23,-29],[15,-64],[68,76],[35,10],[43,64],[43,39],[25,-3],[51,30],[2,70],[42,15],[15,27],[46,15],[16,23],[41,15],[48,-39],[76,-20],[30,5],[36,-20],[114,0],[-31,106],[31,91],[-35,35],[-8,52],[12,64],[-36,140],[18,49],[-13,26],[7,43],[76,65],[11,46],[-7,77],[-49,134],[22,57],[46,-7],[33,36],[41,-44],[-5,-30],[-31,-10],[42,-79],[40,16],[40,31],[80,-60],[67,-68],[33,-55],[53,-20],[38,-33],[20,-118],[55,-117],[4,-63],[28,-44],[14,-78],[24,-43],[-2,-59],[27,-60],[41,-35],[29,-83],[58,-118],[-16,-66],[40,-18],[27,-35],[2,-51],[21,-14],[-12,-56],[46,-37],[33,-47],[43,-10],[31,-36],[43,7],[-49,-28],[18,-100],[-9,-40],[21,-31],[-7,-60],[45,-17],[15,-59],[-34,-39],[23,-25],[-12,-48],[24,-111],[27,-55],[-15,-28],[17,-43],[41,12],[25,-17],[19,-107],[-19,-20],[-2,-49],[81,-74],[5,-38],[46,-19],[-3,-50],[27,-34],[17,-65],[30,-37],[37,-20],[-1,-79],[59,-117],[24,-11],[23,-75],[-22,-44],[0,-60],[19,-68],[34,-55],[30,-28],[-7,-33],[14,-126],[-37,-23],[13,-36],[-9,-40],[9,-65],[-20,-30],[44,-49],[-16,-23],[39,-27],[-3,-35],[32,-14],[28,-54],[3,-39],[79,-105],[25,-54],[-5,-74],[34,-83],[8,-64],[29,-15],[15,-106],[-6,-41],[50,-7],[21,-59],[80,-64],[28,-51],[0,-71],[20,-49],[38,-43],[40,-22],[56,-50],[16,-37],[51,0],[40,-34],[-15,-67],[38,-59],[35,-90],[22,-120],[-24,-70],[-49,-48],[21,-31],[-10,-64],[23,-79],[-22,-28],[71,-81],[12,-91],[31,-7],[23,-30],[-24,-19],[8,-48],[32,-24],[31,-122],[41,-31],[25,-90],[-15,-62],[64,-51],[29,-94],[49,-19],[18,-35],[82,-51],[13,59],[52,-10],[50,-28],[62,24],[43,-3],[94,21],[26,-27],[12,-39],[9,-118],[29,-23],[58,13],[72,38],[48,-16],[22,32],[33,1],[35,43],[24,-23],[37,8],[-5,28],[57,-4],[0,45],[60,22],[34,28],[99,35],[75,5],[59,33],[1,121],[29,32],[31,59],[45,44],[62,3],[34,30],[73,-10],[48,-27],[38,-6],[71,-74],[40,-62],[127,-14],[26,-68],[56,-32],[25,-45],[36,-22],[53,-39],[14,-46],[26,-37],[-14,-41],[45,-24],[45,-71],[81,1],[38,-17],[29,24],[33,4],[58,54],[31,-14],[54,33],[46,-28],[53,48],[56,-29],[56,24],[67,-65],[25,-51],[98,68],[54,8],[46,-51],[41,8],[52,47],[51,22]],[[43987,49835],[56,-46],[16,-67],[57,13],[21,-39],[-14,-77],[33,38],[31,-80],[32,-30],[186,4],[-35,-28],[22,-54],[-29,-57],[62,-9],[40,-27],[8,-29],[53,-20],[34,20],[55,0],[29,-29],[-15,-27],[15,-28],[56,-9],[-19,-55],[37,-56],[78,-4],[8,-19],[46,13],[34,-21],[20,37],[39,-27],[-10,-29],[20,-36],[26,6],[26,-41],[53,-23],[21,-70],[-18,-71],[49,-112],[34,-19],[67,-11],[-11,-110],[-5,-133],[-24,-31],[-53,-9],[-67,-41],[-62,10],[-61,-31],[-48,-5],[-62,-27],[-50,11],[31,-34],[10,-59],[31,-70],[-4,-55],[-44,-20],[-290,-119],[-20,-3],[-90,-94],[0,-29],[66,17],[30,-5],[19,-28],[57,-29],[120,34],[43,-58],[70,-73],[28,-45],[42,19],[9,-22],[58,-23],[30,-51],[-3,-97],[-82,-46],[-33,-46],[15,-57],[35,-28],[35,-94],[-181,-103],[113,-28],[-19,-43],[-57,-32],[-22,-63],[-43,-59],[-12,-70],[7,-20],[-47,11],[-44,-30],[-72,-6],[-26,-29],[-23,5],[-48,-23],[-31,4],[-21,-23],[-36,16],[-63,-43],[-39,-49],[-77,-26],[-41,-27],[-106,-53],[-108,-72],[-60,37],[-50,-11],[-9,-116],[-24,-7],[-16,-54],[23,-130],[-2,-43],[-26,-18],[-19,37],[-76,-17],[-21,38],[-43,-14],[-43,21],[-38,-21],[-13,-128],[-89,-78],[-39,-4],[-118,-56],[-35,-42],[-57,-35],[-14,-93],[-120,-318],[-15,25],[-40,17],[-123,-5],[-14,-47],[-68,-80],[-30,-90],[80,-62],[10,-34],[41,-39],[58,-39],[-50,-20],[9,-48],[-19,-54],[14,-18],[-26,-62],[-50,-25],[-6,-46],[-56,-27],[-13,-41],[-45,-15],[-37,-30],[-72,-128],[-41,-35],[17,-48],[-1,-127],[39,27],[72,29],[-20,-65],[56,22],[15,-13],[67,7],[5,-28],[52,7],[27,-42],[21,51],[42,-14],[29,40],[30,5],[50,84],[19,15],[17,116],[32,56],[-6,24],[39,38],[126,-733],[49,26],[45,3],[91,-17],[41,25],[113,-30],[30,-33],[5,-49],[24,-22],[10,-56],[43,16],[35,44],[-21,21],[47,29],[75,-167],[-48,-17],[-7,-66],[-26,-47],[28,-13],[-14,-47],[21,-47],[-23,-17],[0,-41],[-56,-38],[-4,-52],[44,23],[41,-30],[32,-177],[22,-26],[78,-38],[-29,-26],[35,-31],[-16,-42],[35,-54],[-37,-57],[5,-50],[-34,-1],[-34,-71],[28,-5],[-26,-52],[9,-88],[40,-32],[-43,-25],[-8,-89],[61,0],[-12,-52],[-25,-55],[11,-40],[48,-5],[-40,-33],[-46,3],[-29,-58],[-66,-7],[-28,-17],[-78,34],[-71,-46],[-8,-23],[-42,-11],[-36,-40],[-45,-93],[-45,-29],[-26,13],[-80,-50],[6,-35],[-61,-61],[8,-44],[-33,-11],[-131,-73],[-46,12],[-7,-70],[-51,-49],[-60,-8],[-15,-56],[-131,4],[-30,-34],[-36,17],[-44,46],[-36,-8],[-89,30],[-12,27],[-70,-42],[-62,-22],[-27,-39]],[[53821,53321],[25,-50],[-26,-18],[-6,-68],[-30,-55],[5,-98],[-36,-21],[-21,-35],[-87,-13],[-9,-41],[45,-53],[-21,-54],[-41,11],[-28,-36],[14,-58],[21,-26],[3,-65],[-16,-54],[13,-51],[-28,-57],[2,-21],[44,-63],[-27,-140],[-21,-16],[-4,-80],[-10,-38]],[[53582,52121],[-28,-27],[-53,-81],[-41,-33],[-12,-54],[12,-104],[-45,-26],[-24,-64],[-47,-57],[-50,-30],[-51,-44],[-22,-126],[4,-35],[-12,-59],[-28,-41],[-7,-69],[-51,-132],[-48,-32],[-41,-7],[-47,-31],[-12,-25],[42,-61],[-9,-57],[9,-54],[-11,-75],[41,-93],[-1,-157],[-58,-94],[1,-63],[39,-42],[-20,-51],[36,-90],[18,-76],[-24,-56],[-23,-35],[-50,-5],[-29,-32],[-27,45],[-35,4],[-12,-34],[21,-57],[-11,-56],[-15,-9],[-48,-124],[-27,-28],[-53,-161],[19,-61],[-3,-50],[-40,-57],[5,-49],[-31,-97],[26,-40],[-7,-65],[39,-47],[8,-28],[-11,-70],[18,-51],[-67,-109],[-9,-30],[10,-80],[-43,-90],[-34,-32],[-12,-49],[12,-34],[-9,-49],[-53,-76],[-8,-58],[25,-42],[1,-41],[-59,-44],[-43,-79],[-8,-39],[-1,-86],[0,-9],[2,-8],[15,-24],[-4,-46],[-27,-10],[-9,-3],[-68,-37],[-34,-14],[-4,-33],[5,-9],[0,-21],[-21,-40],[-6,-3],[-9,-5],[-38,-17],[-25,-10],[-15,-8],[-12,-9],[-17,-19],[-11,-22],[-43,-17],[-12,-2],[-28,-13],[-5,-5],[-21,-16],[-1,-1],[-6,-4],[-3,0],[-6,-1],[-6,1],[-4,2],[-6,4],[-14,10],[-27,34],[-6,19],[0,26],[1,26],[-3,18],[-5,16],[-2,3],[-22,19],[-3,2],[-11,9],[-9,7],[-10,2],[-14,-5],[-5,-6],[-3,-3],[-5,-14],[-7,-8],[-8,-12],[-5,-5],[-7,-10],[-34,-40],[-75,18],[-65,-17],[-24,-56],[-47,-43],[-90,-25],[-37,3],[-35,-22],[-29,-92],[-39,-21],[-50,-65],[-14,-49],[-31,-25],[-92,-29],[-6,-69],[-42,-84],[-2,-59],[52,-11],[-12,-37],[-59,-38],[-33,-97],[9,-57],[34,-39],[5,-34],[-59,-82],[10,-52],[-41,-93],[22,-61]],[[51090,46483],[-12,-30],[-61,-20],[-13,-59],[26,-46],[-31,-39],[-36,5],[-12,72],[-36,-13],[-8,-30],[58,-179],[-7,-49],[-25,-52],[-74,-123],[-6,-55],[-45,-25],[-35,-49],[-46,-96],[-32,-28],[-16,-68],[-27,-18],[-45,47],[-79,9],[-15,-15],[-4,-63],[-35,5],[-33,-28],[-16,-51],[-35,-45],[-114,-2],[-28,14],[-85,-2],[-36,-32],[-114,22],[-36,16],[-47,-27],[-43,6],[-43,-11],[4,-39],[-10,-59],[-23,-43],[-51,-44],[-13,-74],[-35,-37],[-30,-85],[-10,-80],[-49,-35],[-23,6],[-24,-38],[-61,8],[-85,-40],[-53,-49],[-25,3],[-70,-38],[-23,20],[-28,-19],[-1,-38],[-51,-24],[12,-41],[-15,-29],[11,-81],[-49,-5],[-4,-24],[51,-68],[-41,-11],[-26,38],[-25,-48],[-53,-11],[-30,-38],[-77,17],[-49,-55],[-13,-34],[9,-77],[-21,-11],[-2,-47],[34,-38],[-26,-36],[32,-46],[47,9],[28,-18],[4,-56],[44,-25],[29,-103],[-15,-41],[-55,-3],[17,-39]],[[49000,43798],[8,-38],[-45,-36],[-19,-38],[-35,8],[-12,-72],[-42,8],[-20,-37],[-65,28],[14,-75],[24,-59],[-41,11],[-32,-18],[16,-32],[-41,-49],[-11,-65],[5,-28],[-53,-20],[-16,-67],[-35,-6],[-54,-77],[-59,9],[-20,-33],[-38,11],[-17,-44],[-32,-14],[-15,-34]],[[48365,43031],[-41,53],[-8,62],[-49,-4],[-50,35],[-33,0],[4,52],[-30,6],[-124,104],[-3,24],[-57,51],[22,18],[-20,48],[14,46],[-22,47],[-51,59],[-69,-7],[-32,83],[-8,46],[-30,21],[-20,70],[-37,22],[4,67],[-18,31],[20,62],[23,38],[63,28],[34,36],[-12,45],[9,80],[-20,30],[10,28],[-10,51],[-26,55],[7,52],[48,46],[17,63],[49,10],[36,62],[58,-6],[18,22],[112,57],[38,32],[46,21],[-6,29],[-42,28],[-8,42],[-35,5],[-46,53],[-52,23],[-18,75],[52,74],[3,50],[-21,102],[16,28],[-49,55],[-13,50],[23,72],[32,35],[45,22],[13,84],[-3,48],[-18,37],[8,29],[-26,53],[9,70],[-38,25],[-28,-16],[-54,17],[-34,-45],[-37,15],[-28,33],[-40,20],[-11,62],[-66,79],[-7,72],[-48,21],[-56,11],[-9,39],[-34,43],[-113,21],[-71,-10],[-44,32],[-88,15],[-90,-1],[-43,-23],[-26,3],[-56,-44],[-19,-37],[-19,-75],[-48,-22],[-65,-6],[-26,-26],[2,-69],[-35,-8],[-61,-44],[-21,-26],[-70,5],[-55,-22],[-67,16],[-35,-4],[-47,20],[-51,-21],[-15,-26],[23,-27],[-18,-48],[24,-6],[1,-43],[-29,-99],[76,-126],[-42,-57],[-40,64],[-39,32],[-44,3],[-56,36],[-31,88],[-42,91],[-24,36],[20,27],[-7,47],[-28,41],[-30,11],[13,117],[-12,31],[-52,24],[-11,59],[22,51],[25,23],[6,201],[9,45],[63,19],[18,48],[36,23],[32,67],[67,61],[19,100],[115,23],[7,35],[39,14],[-19,7],[-37,57],[-23,-5],[-21,48],[-43,59],[-57,49],[-115,33],[-3,-38],[-53,5],[-35,8],[-66,39],[5,52],[33,106],[-29,42],[16,68],[-20,12],[3,69],[36,70],[53,-15],[70,6],[25,-47],[136,-68],[26,19],[54,6],[62,-32],[22,40],[49,52],[5,42],[48,15],[102,80],[59,93],[28,30],[37,76],[25,22],[101,12],[515,243],[-6,30],[-34,25],[-51,68],[-19,13],[-41,60],[17,82],[-43,55],[-67,27],[11,64],[40,20],[24,144],[35,68],[-8,28],[11,60],[-51,111],[-32,26],[-42,116],[-48,15],[-34,-4],[4,88],[-18,19],[-9,68],[-30,20],[28,35],[7,102],[-26,96],[21,67],[-2,63],[49,44],[31,47],[9,51],[40,47],[-6,23],[53,47],[25,69],[9,137],[-8,55],[23,32],[2,60],[21,26],[-2,50],[42,-4],[25,113],[38,7],[15,71],[24,64],[24,14],[31,48],[6,60],[-14,66],[22,11],[6,78],[57,65],[-60,9],[-35,36],[-40,10],[-11,23],[7,65],[-73,13],[-16,14],[-61,-13],[-22,26],[-100,63],[-30,74],[-73,-8],[-37,9],[-51,-88],[-34,-91],[-29,3],[-44,-63],[-31,-3],[-30,-43],[-36,-8],[-68,-37],[-41,8],[-14,32],[-44,10],[-65,-22],[-32,6],[-15,48],[8,25],[-40,18],[50,64],[-1,52],[-15,31],[10,35],[35,12],[5,45],[72,106],[26,74],[-23,57],[40,111],[-15,53],[1,52],[-40,18],[-42,-85],[-17,-72],[-33,-51],[-30,-25],[-8,-39],[-46,-20],[-45,-36],[-63,-11],[-15,-41],[-59,-112],[-86,-106],[8,-31],[-28,-38],[-53,-44],[-70,-27],[-21,-89],[-76,-54],[-57,24],[-75,-39],[-53,18],[-62,-48],[-40,23],[25,57],[-8,51],[-24,35],[24,24],[7,53],[-21,54],[23,25],[-7,32],[20,33],[39,27],[1,49],[16,38],[-2,127],[18,14],[2,66],[15,23],[-10,70],[16,139],[19,67],[1,72],[-13,71],[23,53],[18,71],[1,90],[-19,89],[-22,35],[34,91],[-3,93],[11,106],[0,1],[3,2],[3,19],[47,59],[11,39],[1,90],[-19,66],[-23,41],[69,108],[33,17],[39,47],[0,79],[83,85],[3,63],[26,12],[-18,38],[63,51],[6,47],[54,47],[-3,65],[12,49],[-18,9],[-10,58],[9,40],[45,30],[38,76],[-3,44],[19,46],[-8,25],[16,64],[41,47],[5,68],[-23,10],[-23,45],[6,91],[-12,61],[50,79],[5,39],[67,25],[35,40],[23,111],[37,11],[27,42],[10,46],[57,128],[21,5],[14,73],[33,24],[70,76],[12,47],[-6,81],[9,58],[33,27],[-7,42],[62,47],[8,50],[29,35],[-9,49],[13,58],[29,4],[-1,49],[-34,60],[-2,42],[-19,20]],[[46975,55763],[1,32],[0,34],[-54,75],[-11,58],[-26,33],[1,91],[-32,101],[-16,113],[15,59],[41,84],[32,93],[-4,99],[30,37],[40,9],[3,97],[51,43],[29,53],[44,52],[35,11],[43,51],[20,42],[6,87],[26,17],[62,-29],[28,39],[23,78],[26,22],[93,121],[34,64],[46,26],[31,60],[45,14],[14,26],[-21,52],[0,39],[35,47],[11,24],[-4,141],[-42,75],[-14,75],[-42,21],[-9,47],[16,40],[-7,31],[-43,47],[-26,51],[-4,112],[43,74],[106,107],[33,44],[100,35],[70,-2],[77,32],[15,42],[-1,30],[42,56],[15,52],[6,87],[26,88],[0,39],[-23,25],[4,87],[93,113],[-2,62],[-74,42],[7,56],[0,128],[39,112],[12,101],[35,142],[56,108],[46,24],[40,-8],[56,36],[11,76],[-38,50],[4,53],[-19,18],[-2,149],[-11,37],[-28,1],[-17,60],[28,65],[-10,63],[38,73],[54,35],[42,60],[42,42],[44,18],[18,36],[9,67],[44,22],[20,70],[41,32],[35,7],[21,35],[43,34],[53,125],[67,40],[42,37],[41,-9],[50,39],[72,24],[18,53],[44,80],[-3,88],[28,40]],[[46975,55763],[-25,-23],[-28,11],[-68,-19],[-19,-50],[-42,6],[-14,-66],[-50,-98],[-87,-24],[-39,39],[-32,-23],[0,-36],[-58,-28],[-32,-57],[-37,-12],[-14,-70],[-2,-8],[-41,-38],[-23,-77],[-52,-29],[2,-32],[-59,-77],[-35,-32],[-48,-20],[-34,90],[-49,-47],[-69,28],[-39,-47],[-1,-50],[-36,-24],[-36,10],[-2,-35],[-44,-36],[-11,-35],[-33,3],[-49,-50],[21,-46],[-36,-40],[-43,17],[-54,-48],[-35,-77],[-24,-10],[1,-86],[-42,-32],[6,-35],[-10,-57],[17,-39],[-59,-19],[-12,-47],[-40,-60],[-45,-2],[-52,-50],[-25,-6],[-27,-50],[-35,5],[-26,-62],[5,-40],[-35,-86],[8,-85],[-19,-64],[-28,-39],[-10,-138],[37,-88],[-4,-74],[-16,-42],[26,-15],[-35,-179],[-22,-20],[-4,-62],[-50,-77],[-67,-61],[11,-28],[-13,-32],[14,-85],[-48,-49],[-3,-81],[-27,-22],[-43,-133],[-25,-26],[16,-39],[-17,-36],[3,-34],[-16,-34],[-76,-34],[-59,-38],[-21,-34],[-5,-77],[-19,-46],[-3,-43],[-35,-10],[-44,-54],[-40,-76],[-48,-37],[-1,-53],[-28,-27],[-28,-77],[19,-67],[-10,-28],[-41,-25],[-7,-29],[13,-46],[30,-50],[-3,-60],[-28,-42],[4,-20],[-30,-57],[13,-28],[6,-108],[16,-55],[-19,-73],[30,-61],[3,-44],[29,-56],[-44,-62],[-73,-20],[-139,-132],[-771,450],[36,-46],[-6,-36],[30,-28],[62,-24],[-11,-39],[9,-36],[32,-5],[33,-64],[49,-46],[-5,-73],[58,-47],[-15,-23],[-55,13],[-18,-30],[45,-10],[38,22],[29,-41],[-28,-43],[0,-40],[59,-72],[38,-24],[47,-5],[26,-86],[-44,-4],[22,-84],[-30,-29],[4,-47],[-12,-80],[61,-45],[5,-48],[24,-40],[-10,-21],[46,-46],[6,-34],[-16,-79]],[[34942,54965],[-111,-9],[-28,-24],[-74,2],[-26,-31],[-93,-20],[-69,-45],[-34,-46],[-43,-32],[-23,-42],[-28,-7],[-46,-81],[-4,-45],[-96,-37],[-47,78],[-86,83],[-18,-17],[-56,17],[-27,37],[-60,12],[-30,-10],[-48,19],[-39,0],[-32,-30],[-34,15],[-49,-15],[-30,12],[-68,-7],[-20,10],[-43,-18],[-24,9],[-31,-33],[-135,2],[-23,-25],[-55,10],[-12,-29],[-94,21],[-33,-29],[-16,18],[-61,-29],[-47,23],[-46,-44],[-38,-4],[-34,-14],[-14,-20],[-26,-4]],[[48365,43031],[-29,-16],[-5,-49],[-43,-18],[-17,-44],[-35,-22],[-94,15],[-12,-94],[-44,-31],[9,-79],[-28,-18],[-16,-50],[-3,-75],[-18,-50],[5,-78],[14,-47],[-75,-95],[-49,-19],[-8,-49],[-31,-73],[-31,-43],[-33,1],[4,-40],[-25,-62],[1,-29],[-64,-141],[-54,-83],[21,-23],[19,-90],[-6,-45],[13,-28],[-21,-27],[-17,-57],[-17,-15],[-21,-62],[17,-47],[-41,-120],[-5,-49],[14,-117],[-6,-84],[-18,-71],[14,-165],[18,-58],[71,-35],[35,-57],[26,-16],[40,-81],[-3,-30],[56,-119],[-14,-75],[22,-26],[12,-56],[-5,-39],[44,-27],[41,-45],[33,-55],[15,-59],[-18,-118]],[[37637,41012],[-294,295],[-174,-135],[-74,-41],[-8,21],[-52,34],[-45,3],[-15,77],[-24,32],[-68,-28],[-66,34],[-6,86],[-50,2],[-29,75],[-42,-19],[-47,14],[6,45],[-16,30],[-39,-8],[-48,28],[-29,-13],[-22,22],[2,36],[-39,32],[9,36],[-53,18],[15,26],[-50,49],[-11,34],[-59,56],[-14,40],[-34,50],[-70,39],[-3,100],[11,129],[2,146],[-6,66],[-15,45],[-37,41],[-33,-27],[-29,20],[-41,57],[9,62],[-41,3],[35,93],[-9,60],[-2,112],[-32,55],[27,96],[-17,74],[12,84],[-11,23],[22,106],[-5,38],[58,158],[32,49],[62,29],[12,29],[40,24],[56,68],[21,73],[-2,31],[-31,61],[-19,75],[22,87],[85,60],[5,161],[-31,43],[-22,57],[-86,-10],[-51,31],[-5,-62],[-19,-49],[-67,-50],[-791,23],[-816,24],[-707,20],[-525,0],[-1045,-3],[-187,2067],[-772,967],[740,19],[-90,1245],[-51,-7],[-60,32],[-21,110],[2,36],[-30,78],[7,37],[-49,66],[-3,35],[-39,17],[-12,66],[-53,104],[21,29],[-22,73],[-63,60],[-19,41],[-28,16],[-31,130],[37,38],[-58,153],[-43,6],[18,64],[22,38],[-3,48],[-22,43],[8,50],[40,6],[47,41],[45,83],[40,96],[-7,34],[48,15],[-26,40],[-47,-9],[-15,36],[5,77],[-23,-14],[-50,39],[-14,88],[-21,26],[-8,70],[-38,16],[13,27],[-18,53],[40,-7],[5,27],[-77,58],[-63,-9],[24,37],[-33,16],[-84,5],[-14,55],[-39,10],[-18,-15],[-54,75],[-50,-51],[-79,47],[-13,43],[-41,-5],[-11,31]],[[58449,38832],[-27,77],[-2,51],[72,50],[-10,33],[47,13],[-26,90],[-16,32],[-16,83],[-90,145],[-41,18],[-1,43],[40,47],[24,9],[2,45],[73,22],[33,68],[26,10],[27,37],[-46,127],[24,48],[-11,65],[-39,20],[-33,-25],[-58,-2],[-34,23],[-37,104],[-14,63],[3,49],[-43,-12],[-45,59],[-40,-65],[-48,-5],[-47,-36],[-1,78],[-40,9],[-58,68],[29,33],[5,40],[68,15],[-22,52],[8,36],[47,35],[-3,47],[19,28],[65,-10],[21,74],[-6,30],[-34,41],[31,29],[4,75],[-19,44],[-78,81],[3,61],[-19,113],[6,35],[-30,31],[-32,10],[-30,-14],[-71,17],[-42,-17],[-32,21],[-163,-40],[-31,-13],[-18,37],[-25,-29],[-36,31],[-36,3],[-17,53],[-47,60],[-35,18],[-15,53],[9,64],[23,88],[92,193],[113,106],[216,36],[17,49],[21,16],[-1,42],[32,48],[-10,27],[22,58],[-68,37],[3,-39],[-57,-80],[-24,-9],[-6,-30],[-48,0],[-39,29],[-55,19],[-53,0],[-15,-23],[-57,1],[-76,-67],[-12,41],[-61,195],[-26,50],[-2,51],[-40,49],[-57,3],[-51,-42],[-30,15],[-34,-28],[-39,-9],[-27,-39],[-33,-9],[-69,66],[-50,6],[-2,24],[-39,10],[-44,-23],[-21,4],[-17,-32],[-36,-11],[2,-37],[-28,-12],[-1,-57],[21,-45],[-77,12],[-26,25],[-44,7],[-39,-41],[-29,53],[-24,72],[-14,15],[-26,0],[-70,-29],[-37,-33],[-25,-4],[-57,-52],[-16,1],[-108,-41],[-70,-39],[-53,5],[-21,51],[-36,-26],[-12,-43],[-61,16],[-30,27],[-70,-46],[-38,-35],[-29,-55],[-37,-3],[-42,-40],[-47,-20]],[[55667,41865],[-28,26],[3,46],[-21,39],[-35,15],[1,68],[-66,75],[9,37],[-30,13],[-6,59],[-53,22],[-27,139],[-22,45],[3,73],[13,58],[-15,31],[32,3],[21,27],[-23,54],[6,27],[39,32],[6,24],[110,11],[35,38],[22,1],[40,44],[25,3],[26,103],[-81,-8],[-9,91],[-34,43],[3,41],[-34,35],[-11,45],[-33,45],[7,54],[69,21],[7,83],[25,32],[22,66],[29,35],[40,27],[1,48],[-38,-9],[-45,30],[-21,-18],[-101,75],[-18,-21],[-62,-130],[-66,38],[-61,75],[-19,53],[-75,-4],[-26,14],[-97,-17],[-47,-25],[-52,-7],[-63,-54],[-57,-13],[-66,143],[-91,-23],[-10,32],[-48,0],[-13,34],[-40,-35],[-28,22],[-26,-12],[-53,12],[-41,37],[13,45],[-26,24],[9,41],[-17,51],[-45,7],[-54,41],[15,49],[-12,59],[-45,35],[73,18],[-13,34],[1,58],[-21,26],[5,36],[43,19],[-7,45],[-74,154],[-23,7],[-8,49],[-31,23],[-14,32],[-69,-5],[-33,27],[-41,6],[-38,-31],[-18,47],[2,40],[-22,67],[30,52],[24,7],[-22,10],[-92,-42],[-33,8],[-47,-35],[4,-31],[-86,-15],[-25,-73],[-34,-17],[-30,-55],[-49,2],[-42,-64],[-36,-49],[-47,-36],[-16,106],[-34,32],[3,49],[18,35],[-49,15],[-28,33],[-21,57],[-57,-6],[-286,62],[-35,49],[58,108],[5,72],[-43,-56],[-47,34],[-34,-15],[-46,12],[-23,-30],[-10,-50],[-42,-24],[-34,1],[-14,63],[-78,38],[-53,-44],[-48,28],[-57,84],[-79,51],[-27,-26],[-23,26],[-29,-3],[-21,23],[-39,-9],[-34,17],[-72,12],[-56,-24],[-14,47],[-51,4],[-54,-64],[-23,-14],[-39,48],[-93,52],[-6,32],[-37,-8],[-27,-30],[-41,24],[-11,50],[-33,4],[-36,68],[-41,34],[18,35],[-20,33],[-65,-19],[-10,50],[-67,64],[-67,-4],[3,99],[-26,22],[8,126],[-86,29],[-9,48],[19,12],[4,65],[-31,30],[-4,73],[-21,82],[-23,20],[-28,-15],[-35,37],[-26,48],[18,77],[-27,44],[-65,27],[-47,34]],[[53582,52121],[-6,-51],[10,-38],[43,-30],[26,-56],[-41,-25],[6,-20],[80,-47],[27,-96],[55,-15],[-26,-94],[20,-48],[21,-12],[33,-77],[65,-31],[21,-68],[-2,-75],[-22,-6],[21,-54],[0,-39],[-40,-41],[41,-60],[-37,-43],[19,-62],[-42,-32],[63,-30],[33,-37],[16,-86],[24,-54],[54,-24],[29,-36],[34,-16],[-30,-70],[38,-80],[7,-56],[16,-16],[23,-77],[49,-44],[44,-3],[40,-26],[280,-22],[4,-53],[23,-75],[-6,-88],[18,-76],[-5,-35],[-481,-590],[38,-56],[-4,-30],[54,-115],[30,-35],[6,-58],[-16,-26],[5,-60],[55,-36],[22,-79],[-49,-43],[-14,-60],[124,-101],[-8,-35],[17,-43],[-92,-216],[-63,-18],[-20,23],[-48,18],[-43,0],[-85,-16],[-49,9],[-24,-20],[-50,30],[-1,-51],[46,-48],[37,-104],[27,24],[35,-55],[40,3],[6,-42],[33,-15],[3,-45],[21,-29],[-3,-31],[67,-65],[-21,-24],[14,-50],[-19,-47],[50,2],[53,-49],[31,4],[26,-28],[16,-72],[-5,-42],[64,-47],[52,-17],[0,-48],[43,-22],[25,-42],[60,-4],[32,-65],[7,-42],[102,-35],[22,30],[37,-68],[-37,-49],[-7,-39],[38,-40],[-42,-71],[-19,-9],[-46,-49],[-19,-74],[-26,-25],[6,-79],[-70,-70],[22,-52],[-27,-92],[22,49],[29,24],[51,9],[56,-4],[29,17],[60,-3],[62,-32],[44,3],[37,24],[52,13],[20,-27],[46,-7],[-17,-35],[88,-44],[35,19],[-6,-56],[5,-94],[-36,-32],[-25,-50],[-6,-70],[23,-32],[47,-32],[41,3],[22,-22],[41,17],[85,-38],[90,50],[71,-37],[16,-36],[-25,-84],[6,-74],[-62,-99],[-33,8],[-10,-39],[56,-68],[55,-84],[-10,-50],[32,-27],[1,-33],[-31,-68],[11,-42],[7,-55],[22,40],[12,63],[-8,24],[47,26],[34,79],[-5,72],[48,61],[43,-26],[8,44],[73,84],[33,25],[1,150],[-11,53],[26,38],[-27,26],[-26,77],[13,73],[55,25],[40,-18],[37,-66],[10,-44],[42,-3],[66,-45],[47,39],[9,61],[54,-3],[23,-19],[36,18],[64,-13],[28,23],[20,20],[37,-26],[12,72],[45,39],[16,33],[65,-56],[36,10],[33,-75],[-19,-56],[11,-50],[-33,-78],[29,-49],[31,13],[29,-65],[25,-28],[40,31],[25,-1],[66,43],[24,50],[84,110],[34,2],[45,-32],[33,-48],[26,-83],[50,45],[8,44],[40,19],[41,47],[45,0],[43,-53],[50,21],[108,6],[60,30],[13,-26]],[[57531,46302],[-38,-64],[86,-34],[-27,-50],[26,-30],[-31,-51],[-54,-51],[39,-22],[-7,-53],[12,-37],[-38,-59],[-14,-78],[-12,-14],[42,-63],[-16,-68],[-31,-72],[-44,5],[1,-31],[44,-50],[84,13],[34,18],[45,-93],[37,-19],[62,-10],[18,29],[78,-23],[27,32],[-14,36],[-60,56],[67,120],[47,6],[14,26],[40,6],[104,-31],[33,-43],[37,-27],[2,-26],[41,-36],[29,0],[34,-39],[75,-6],[-4,-90],[17,-68],[81,-63],[-1,-76],[-11,-14],[31,-77],[48,-18],[32,-37],[14,-78],[-12,-117],[40,-123],[-2,-86],[-15,-49],[7,-26],[-42,-47],[-4,-34],[22,-78],[33,-6],[41,-45],[19,-64],[-9,-87],[-72,0],[-40,25],[-61,-43],[-5,-46],[14,-37],[-12,-68],[56,-44],[39,-8],[-1,-28],[36,-79],[30,-24],[41,2],[40,-46],[8,-37],[38,-17],[40,-120],[21,-111],[43,-88],[55,-85],[1,-63],[17,-105],[-21,-32],[0,-38],[84,-6],[24,-18],[89,-16],[1,-47],[39,-15],[28,-84],[-16,-27],[8,-73],[-16,-35],[3,-50],[-14,-51],[20,-40],[-3,-31],[31,-33],[69,25],[60,-33],[8,-42],[166,-136],[19,-8],[-6,54],[25,23],[26,60],[-23,69],[40,17],[46,-13],[87,-7],[57,18],[46,-21],[30,16],[63,-31],[23,0],[95,55],[13,-89],[-27,-47],[-8,-104],[-46,-90],[15,-47],[33,-34],[6,-34],[63,-28],[45,-103],[11,-47],[38,-33],[50,-24],[77,-126],[52,-51],[19,-47],[14,-94],[46,-25],[1,-38],[-24,-42]],[[55667,41865],[15,-75],[-14,-89],[-59,-26],[-19,61],[-7,63],[-44,38],[-15,59],[-47,32],[-7,35],[-135,-81],[-17,-46],[-37,-41],[-2,-25],[18,-49],[-7,-54],[-18,-33],[43,-13],[51,12],[31,-56],[-16,-96],[-41,-27],[-3,-51],[78,-14],[8,-124],[-74,1],[-34,11],[-53,-73],[-37,-22],[-29,7],[-52,-20],[-81,-77],[5,-36],[-22,-68],[-27,-50],[-39,-45],[5,-43],[-22,-46],[-25,32],[-30,1],[-22,-30],[-3,-38],[-29,-28],[-50,14],[-27,-62],[-30,10],[4,-77],[-31,-21],[-86,7],[29,-43],[-19,-44],[18,-59],[-37,-4],[-11,-31]],[[54614,40431],[-50,-3],[-91,-53],[-38,53],[-49,36],[-41,8],[23,23],[-30,30],[41,23],[10,43],[-32,23],[64,107],[42,28],[-35,42],[52,123],[-27,90],[-47,-2],[-40,-16],[-23,24],[-38,0],[-61,-37],[-41,0],[-7,-63],[-34,-20],[-59,-15],[-15,40],[-106,-3],[-44,-33],[-84,1],[-40,-53],[-29,-8],[-30,-49],[-36,20],[-57,13],[-59,112],[-29,23],[30,40],[-30,89],[16,30],[54,3],[28,31],[-19,81],[-3,65],[8,46],[-7,47],[-66,67],[-88,11],[-5,47],[-41,19],[-32,23],[-71,20],[-26,38],[-13,54],[-28,7],[-14,59],[-29,1],[-25,36],[-20,59],[33,34],[-13,22],[-74,56],[-11,56],[-68,51],[-13,-19],[-60,0],[-16,42],[-74,0],[-47,46],[-34,4],[9,46],[-50,95],[-46,27],[-15,44],[-59,94],[-48,39],[-59,102],[-4,34],[-54,43],[-53,35],[-55,121],[-96,14],[-14,62],[-27,-4],[-29,70],[-44,27],[-21,61],[-28,-3],[-10,131],[25,64],[-11,14],[-35,-49],[-44,-88],[-102,-6],[-39,-22],[-6,-26],[-48,10],[-14,-26],[-39,-25],[-34,6],[-75,-28],[-24,-65],[-102,-54],[-35,-41],[-32,15],[-47,-20],[-54,-4],[-32,41],[-31,10],[-75,-33],[-47,-81],[-31,-22],[-30,16],[3,158],[-27,50],[28,49],[-1,74],[39,36],[11,42],[37,22],[37,-1],[30,63],[-20,80],[-25,22],[14,65],[62,15],[-9,79],[-46,79],[-11,12],[-135,-2],[-14,-24],[-2,-74],[-38,5],[-39,-16],[-76,53],[-14,56],[-74,-21],[-35,-40],[-57,-23],[-33,-33],[-60,-33],[-50,30],[-24,33],[-39,-41],[-98,67],[-31,-8],[-38,81],[-26,81],[-23,2],[-23,50],[-46,0],[-13,147],[-56,13],[-23,28],[-82,10],[-79,6],[-37,19],[-44,-7],[-34,-112],[-32,-58],[-31,-75],[-11,-54],[-33,-52],[-43,36],[-70,21],[-57,40],[-11,50],[-75,19],[-69,-48],[-28,37],[-52,-9],[-34,-34],[-43,6],[-43,-20],[-24,56],[-90,-28],[-73,42],[-9,39],[-34,-29],[-37,52],[-31,-12]],[[60860,44867],[-90,80],[-42,15],[-17,61],[4,43],[34,84],[-26,60],[-8,51],[15,33],[16,123],[60,83],[26,72],[33,53],[-11,73],[20,56],[-42,37],[13,80],[-15,61],[28,80],[-56,52],[-68,10],[-61,78],[-27,4],[2,115],[-166,4],[-1210,29],[-38,1],[-5,0],[-1,0],[-3,0],[-41,1],[-281,6],[-5,-315],[-41,0],[-37,-48],[-2,-47],[-16,-70],[-1,-49],[41,-8],[33,-26],[-4,-83],[-19,-47],[-34,-27],[-25,-49],[-56,-28],[-32,-57],[-10,-37],[18,-82],[4,-87],[40,-61],[9,-61],[-20,-29],[1,-47],[-30,-68],[5,-29],[-19,-72],[430,-10],[149,-3],[4,0],[173,-5],[568,-14],[836,-22]],[[57531,46302],[10,30],[69,25],[24,22],[67,-5],[-20,41],[40,44],[18,36],[25,101],[42,5],[49,37],[28,43],[42,5],[51,22],[56,-17],[31,42],[-6,82],[-18,81],[46,53],[7,87],[-32,21],[-10,73],[-24,36],[-41,30],[25,50],[-24,21],[-23,53],[4,28],[-59,37],[25,31],[-27,79],[6,41],[107,65],[-11,39],[37,22],[50,-17],[18,-34],[40,13],[50,-27],[34,17],[24,70],[35,-12],[20,62],[60,17],[54,46],[87,-17],[28,10],[3,34],[35,26],[42,13],[36,27],[78,1],[15,31],[55,34],[46,-19],[115,84],[105,2],[83,-7],[43,-42],[-11,-60],[12,-29],[25,41],[20,61],[40,-4],[19,29],[-13,27],[33,46],[51,41],[32,-47],[70,52],[81,21],[33,-14],[30,46],[61,18],[75,82],[3,22],[58,101],[38,-6],[28,43],[18,97],[-9,45],[25,67],[-12,81],[23,62],[-60,60],[-75,49],[-36,195],[-48,134],[65,41],[18,29],[-25,53],[-138,253],[-63,155],[73,17],[-35,58],[7,74],[23,21],[-32,35],[44,13],[3,121],[-33,3],[-30,29],[39,60],[-24,47],[-19,99],[-35,35],[-32,13],[8,57],[-16,28],[39,56],[-24,83],[-86,52],[-21,43],[-25,13],[9,77],[-27,35],[12,35],[-10,35],[-60,14],[-6,97],[-50,56],[-34,-6],[7,64],[-60,82],[21,29],[12,144],[35,37],[-68,20],[-43,-17],[26,73],[-4,40],[-56,24],[-15,51],[-32,-14],[-44,29],[21,40],[0,75],[32,-4],[9,-51],[53,20],[12,76],[-9,82],[-41,18],[7,102],[-11,88]],[[55314,38271],[24,111],[-27,24],[-7,60],[18,28],[-2,59],[-35,15],[-37,-13],[-77,17],[-41,113],[-18,78],[-28,15],[-27,43],[-96,90],[-22,-2],[-50,38],[-52,-28],[-70,-22],[-13,-50],[-69,20],[-19,59],[-47,9],[-36,66],[-30,9],[-20,38],[24,82],[21,37],[2,56],[-43,3],[-27,23],[4,69],[26,57],[-36,12],[-17,-36],[-37,-10],[-27,13],[32,58],[-11,46],[-28,9],[-32,43],[17,59],[38,-12],[0,85],[-16,38],[36,38],[-8,40],[40,71],[9,43],[35,34],[20,-2],[28,42],[49,26],[7,38],[61,10],[65,-32],[47,57],[33,14],[20,74],[-36,-7],[-32,77],[7,23],[-43,57],[-5,23],[-73,20],[-30,35],[-8,33],[-31,37]]],"transform":{"scale":[47.399746935585696,42.88547544093603],"translate":[-2178085.8616164955,-2385699.1767765335]},"objects":{"rgint_albers_pos_quant":{"type":"GeometryCollection","geometries":[{"arcs":[[0,1,2,3]],"type":"Polygon","properties":{"cd_rgint":"1102","nm_rgint":"Ji-Paraná","cd_uf":"11","uf_sigla":"RO"}},{"arcs":[[-1,4,5,6,7]],"type":"Polygon","properties":{"cd_rgint":"1101","nm_rgint":"Porto Velho","cd_uf":"11","uf_sigla":"RO"}},{"arcs":[[-6,8,9,10]],"type":"Polygon","properties":{"cd_rgint":"1201","nm_rgint":"Rio Branco","cd_uf":"12","uf_sigla":"AC"}},{"arcs":[[-10,11,12,13]],"type":"Polygon","properties":{"cd_rgint":"1202","nm_rgint":"Cruzeiro do Sul","cd_uf":"12","uf_sigla":"AC"}},{"arcs":[[-13,14,15,16]],"type":"Polygon","properties":{"cd_rgint":"1302","nm_rgint":"Tefé","cd_uf":"13","uf_sigla":"AM"}},{"arcs":[[-16,17,18,19,20]],"type":"Polygon","properties":{"cd_rgint":"1301","nm_rgint":"Manaus","cd_uf":"13","uf_sigla":"AM"}},{"arcs":[[-7,-11,-14,-17,-21,21,22,23]],"type":"Polygon","properties":{"cd_rgint":"1303","nm_rgint":"Lábrea","cd_uf":"13","uf_sigla":"AM"}},{"arcs":[[-20,24,25,-22]],"type":"Polygon","properties":{"cd_rgint":"1304","nm_rgint":"Parintins","cd_uf":"13","uf_sigla":"AM"}},{"arcs":[[26,27]],"type":"Polygon","properties":{"cd_rgint":"1401","nm_rgint":"Boa Vista","cd_uf":"14","uf_sigla":"RR"}},{"arcs":[[-19,28,-27,29,30,-25]],"type":"Polygon","properties":{"cd_rgint":"1402","nm_rgint":"Rorainópolis - Caracaraí","cd_uf":"14","uf_sigla":"RR"}},{"arcs":[[31,32,33,34]],"type":"Polygon","properties":{"cd_rgint":"1501","nm_rgint":"Belém","cd_uf":"15","uf_sigla":"PA"}},{"arcs":[[-34,35,36,37,38,39,40]],"type":"Polygon","properties":{"cd_rgint":"1503","nm_rgint":"Marabá","cd_uf":"15","uf_sigla":"PA"}},{"arcs":[[[-35,-41,41,42,43]],[[44]],[[45]],[[46]],[[47]],[[48]],[[49]]],"type":"MultiPolygon","properties":{"cd_rgint":"1507","nm_rgint":"Breves","cd_uf":"15","uf_sigla":"PA"}},{"arcs":[[-39,50,51,52,53,54]],"type":"Polygon","properties":{"cd_rgint":"1504","nm_rgint":"Redenção","cd_uf":"15","uf_sigla":"PA"}},{"arcs":[[-23,-26,-31,55,56,57]],"type":"Polygon","properties":{"cd_rgint":"1505","nm_rgint":"Santarém","cd_uf":"15","uf_sigla":"PA"}},{"arcs":[[-40,-55,58,-57,59,60,-42]],"type":"Polygon","properties":{"cd_rgint":"1506","nm_rgint":"Altamira","cd_uf":"15","uf_sigla":"PA"}},{"arcs":[[[-33,61,62,63,-36]],[[64]],[[65]],[[66]]],"type":"MultiPolygon","properties":{"cd_rgint":"1502","nm_rgint":"Castanhal","cd_uf":"15","uf_sigla":"PA"}},{"arcs":[[[67,68]],[[69]],[[70]]],"type":"MultiPolygon","properties":{"cd_rgint":"1602","nm_rgint":"Oiapoque - Porto Grande","cd_uf":"16","uf_sigla":"AP"}},{"arcs":[[-43,-61,71,-68,72]],"type":"Polygon","properties":{"cd_rgint":"1601","nm_rgint":"Macapá","cd_uf":"16","uf_sigla":"AP"}},{"arcs":[[-52,73,74,75,76,77,78]],"type":"Polygon","properties":{"cd_rgint":"1701","nm_rgint":"Palmas","cd_uf":"17","uf_sigla":"TO"}},{"arcs":[[-38,79,-74,-51]],"type":"Polygon","properties":{"cd_rgint":"1702","nm_rgint":"Araguaína","cd_uf":"17","uf_sigla":"TO"}},{"arcs":[[-78,80,81,82,83]],"type":"Polygon","properties":{"cd_rgint":"1703","nm_rgint":"Gurupi","cd_uf":"17","uf_sigla":"TO"}},{"arcs":[[-37,-64,84,85,86,87,-75,-80]],"type":"Polygon","properties":{"cd_rgint":"2105","nm_rgint":"Imperatriz","cd_uf":"21","uf_sigla":"MA"}},{"arcs":[[88,89,90,91]],"type":"Polygon","properties":{"cd_rgint":"2103","nm_rgint":"Caxias","cd_uf":"21","uf_sigla":"MA"}},{"arcs":[[[-92,92,93,94,95]],[[96]],[[97]],[[98]],[[99]],[[100]],[[101]],[[102]],[[103]],[[104]],[[105]],[[106]],[[107]]],"type":"MultiPolygon","properties":{"cd_rgint":"2101","nm_rgint":"São Luís","cd_uf":"21","uf_sigla":"MA"}},{"arcs":[[[-63,108,-93,-91,109,-85]],[[110]],[[111]],[[112]]],"type":"MultiPolygon","properties":{"cd_rgint":"2102","nm_rgint":"Santa Inês - Bacabal","cd_uf":"21","uf_sigla":"MA"}},{"arcs":[[-86,-110,-90,113,114]],"type":"Polygon","properties":{"cd_rgint":"2104","nm_rgint":"Presidente Dutra","cd_uf":"21","uf_sigla":"MA"}},{"arcs":[[115,116,117,118,119,120,121]],"type":"Polygon","properties":{"cd_rgint":"2203","nm_rgint":"Picos","cd_uf":"22","uf_sigla":"PI"}},{"arcs":[[-89,-96,122,123,-119,124,-114]],"type":"Polygon","properties":{"cd_rgint":"2201","nm_rgint":"Teresina","cd_uf":"22","uf_sigla":"PI"}},{"arcs":[[-76,-88,125,126,127,128,129]],"type":"Polygon","properties":{"cd_rgint":"2205","nm_rgint":"Corrente - Bom Jesus","cd_uf":"22","uf_sigla":"PI"}},{"arcs":[[-117,130,-127,131]],"type":"Polygon","properties":{"cd_rgint":"2204","nm_rgint":"São Raimundo Nonato","cd_uf":"22","uf_sigla":"PI"}},{"arcs":[[-87,-115,-125,-118,-132,-126]],"type":"Polygon","properties":{"cd_rgint":"2206","nm_rgint":"Floriano","cd_uf":"22","uf_sigla":"PI"}},{"arcs":[[-95,132,133,134,-123]],"type":"Polygon","properties":{"cd_rgint":"2202","nm_rgint":"Parnaíba","cd_uf":"22","uf_sigla":"PI"}},{"arcs":[[-121,135,136,137,138,139,140]],"type":"Polygon","properties":{"cd_rgint":"2304","nm_rgint":"Juazeiro do Norte","cd_uf":"23","uf_sigla":"CE"}},{"arcs":[[141,142,143,144]],"type":"Polygon","properties":{"cd_rgint":"2301","nm_rgint":"Fortaleza","cd_uf":"23","uf_sigla":"CE"}},{"arcs":[[-134,145,-145,146]],"type":"Polygon","properties":{"cd_rgint":"2306","nm_rgint":"Sobral","cd_uf":"23","uf_sigla":"CE"}},{"arcs":[[-137,147,148,149,150]],"type":"Polygon","properties":{"cd_rgint":"2303","nm_rgint":"Iguatu","cd_uf":"23","uf_sigla":"CE"}},{"arcs":[[-143,151,152,-149,153]],"type":"Polygon","properties":{"cd_rgint":"2302","nm_rgint":"Quixadá","cd_uf":"23","uf_sigla":"CE"}},{"arcs":[[-120,-124,-135,-147,-144,-154,-148,-136]],"type":"Polygon","properties":{"cd_rgint":"2305","nm_rgint":"Crateús","cd_uf":"23","uf_sigla":"CE"}},{"arcs":[[154,155,156,157]],"type":"Polygon","properties":{"cd_rgint":"2402","nm_rgint":"Caicó","cd_uf":"24","uf_sigla":"RN"}},{"arcs":[[-150,-153,158,159,-156,160,161]],"type":"Polygon","properties":{"cd_rgint":"2403","nm_rgint":"Mossoró","cd_uf":"24","uf_sigla":"RN"}},{"arcs":[[-157,-160,162,163,164]],"type":"Polygon","properties":{"cd_rgint":"2401","nm_rgint":"Natal","cd_uf":"24","uf_sigla":"RN"}},{"arcs":[[-139,165,-161,-155,166,167]],"type":"Polygon","properties":{"cd_rgint":"2503","nm_rgint":"Patos","cd_uf":"25","uf_sigla":"PB"}},{"arcs":[[-158,-165,168,169,170,171,-167]],"type":"Polygon","properties":{"cd_rgint":"2502","nm_rgint":"Campina Grande","cd_uf":"25","uf_sigla":"PB"}},{"arcs":[[[-164,172,173,-169]],[[174]]],"type":"MultiPolygon","properties":{"cd_rgint":"2501","nm_rgint":"João Pessoa","cd_uf":"25","uf_sigla":"PB"}},{"arcs":[[-138,-151,-162,-166]],"type":"Polygon","properties":{"cd_rgint":"2504","nm_rgint":"Sousa - Cajazeiras","cd_uf":"25","uf_sigla":"PB"}},{"arcs":[[[-170,-174,175,176,177]],[[178]]],"type":"MultiPolygon","properties":{"cd_rgint":"2601","nm_rgint":"Recife","cd_uf":"26","uf_sigla":"PE"}},{"arcs":[[-140,-168,-172,179,180,181,182]],"type":"Polygon","properties":{"cd_rgint":"2603","nm_rgint":"Serra Talhada","cd_uf":"26","uf_sigla":"PE"}},{"arcs":[[-122,-141,-183,183,184]],"type":"Polygon","properties":{"cd_rgint":"2604","nm_rgint":"Petrolina","cd_uf":"26","uf_sigla":"PE"}},{"arcs":[[-171,-178,185,186,-180]],"type":"Polygon","properties":{"cd_rgint":"2602","nm_rgint":"Caruaru","cd_uf":"26","uf_sigla":"PE"}},{"arcs":[[-181,-187,187,188,189,190]],"type":"Polygon","properties":{"cd_rgint":"2702","nm_rgint":"Arapiraca","cd_uf":"27","uf_sigla":"AL"}},{"arcs":[[-177,191,192,-188,-186]],"type":"Polygon","properties":{"cd_rgint":"2701","nm_rgint":"Maceió","cd_uf":"27","uf_sigla":"AL"}},{"arcs":[[-189,-193,193,194,195]],"type":"Polygon","properties":{"cd_rgint":"2801","nm_rgint":"Aracaju","cd_uf":"28","uf_sigla":"SE"}},{"arcs":[[-190,-196,196,197]],"type":"Polygon","properties":{"cd_rgint":"2802","nm_rgint":"Itabaiana","cd_uf":"28","uf_sigla":"SE"}},{"arcs":[[198,199,200,201,202,203]],"type":"Polygon","properties":{"cd_rgint":"2904","nm_rgint":"Vitória da Conquista","cd_uf":"29","uf_sigla":"BA"}},{"arcs":[[-182,-191,-198,204,205,206,-184]],"type":"Polygon","properties":{"cd_rgint":"2909","nm_rgint":"Paulo Afonso","cd_uf":"29","uf_sigla":"BA"}},{"arcs":[[-195,207,208,209,-205,-197]],"type":"Polygon","properties":{"cd_rgint":"2901","nm_rgint":"Salvador","cd_uf":"29","uf_sigla":"BA"}},{"arcs":[[-204,210,211,212,-206,-210,213]],"type":"Polygon","properties":{"cd_rgint":"2910","nm_rgint":"Feira de Santana","cd_uf":"29","uf_sigla":"BA"}},{"arcs":[[-200,214,215,216,217]],"type":"Polygon","properties":{"cd_rgint":"2903","nm_rgint":"Ilhéus – Itabuna","cd_uf":"29","uf_sigla":"BA"}},{"arcs":[[-199,-214,-209,218,-215]],"type":"Polygon","properties":{"cd_rgint":"2902","nm_rgint":"Santo Antônio de Jesus","cd_uf":"29","uf_sigla":"BA"}},{"arcs":[[-129,219,-212,220,221]],"type":"Polygon","properties":{"cd_rgint":"2907","nm_rgint":"Irecê","cd_uf":"29","uf_sigla":"BA"}},{"arcs":[[-116,-185,-207,-213,-220,-128,-131]],"type":"Polygon","properties":{"cd_rgint":"2908","nm_rgint":"Juazeiro","cd_uf":"29","uf_sigla":"BA"}},{"arcs":[[-77,-130,-222,222,223,224,225,-81]],"type":"Polygon","properties":{"cd_rgint":"2906","nm_rgint":"Barreiras","cd_uf":"29","uf_sigla":"BA"}},{"arcs":[[-203,226,-223,-221,-211]],"type":"Polygon","properties":{"cd_rgint":"2905","nm_rgint":"Guanambi","cd_uf":"29","uf_sigla":"BA"}},{"arcs":[[227,228,229,230,231]],"type":"Polygon","properties":{"cd_rgint":"3111","nm_rgint":"Uberlândia","cd_uf":"31","uf_sigla":"MG"}},{"arcs":[[232,233,234,235,236]],"type":"Polygon","properties":{"cd_rgint":"3113","nm_rgint":"Divinópolis","cd_uf":"31","uf_sigla":"MG"}},{"arcs":[[237,238,239,240,241,242,243,244,245,246]],"type":"Polygon","properties":{"cd_rgint":"3106","nm_rgint":"Juíz de Fora","cd_uf":"31","uf_sigla":"MG"}},{"arcs":[[-247,247,248]],"type":"Polygon","properties":{"cd_rgint":"3105","nm_rgint":"Ipatinga","cd_uf":"31","uf_sigla":"MG"}},{"arcs":[[-201,-218,249,250,251,252,253]],"type":"Polygon","properties":{"cd_rgint":"3103","nm_rgint":"Teófilo Otoni","cd_uf":"31","uf_sigla":"MG"}},{"arcs":[[-229,254,-233,255,256,257,258,259]],"type":"Polygon","properties":{"cd_rgint":"3110","nm_rgint":"Uberaba","cd_uf":"31","uf_sigla":"MG"}},{"arcs":[[-237,260,261,262,263,-256]],"type":"Polygon","properties":{"cd_rgint":"3108","nm_rgint":"Varginha","cd_uf":"31","uf_sigla":"MG"}},{"arcs":[[-238,-249,264,-252,265,266]],"type":"Polygon","properties":{"cd_rgint":"3104","nm_rgint":"Governador Valadares","cd_uf":"31","uf_sigla":"MG"}},{"arcs":[[-244,267,268,269,-262,270]],"type":"Polygon","properties":{"cd_rgint":"3109","nm_rgint":"Pouso Alegre","cd_uf":"31","uf_sigla":"MG"}},{"arcs":[[-236,271,-245,-271,-261]],"type":"Polygon","properties":{"cd_rgint":"3107","nm_rgint":"Barbacena","cd_uf":"31","uf_sigla":"MG"}},{"arcs":[[-235,272,273,-253,-265,-248,-246,-272]],"type":"Polygon","properties":{"cd_rgint":"3101","nm_rgint":"Belo Horizonte","cd_uf":"31","uf_sigla":"MG"}},{"arcs":[[-225,274,-273,-234,-255,-228,275,276,277,278]],"type":"Polygon","properties":{"cd_rgint":"3112","nm_rgint":"Patos de Minas","cd_uf":"31","uf_sigla":"MG"}},{"arcs":[[-202,-254,-274,-275,-224,-227]],"type":"Polygon","properties":{"cd_rgint":"3102","nm_rgint":"Montes Claros","cd_uf":"31","uf_sigla":"MG"}},{"arcs":[[[-239,-267,279,280,281,282]],[[283]]],"type":"MultiPolygon","properties":{"cd_rgint":"3201","nm_rgint":"Vitória","cd_uf":"32","uf_sigla":"ES"}},{"arcs":[[-251,284,-280,-266]],"type":"Polygon","properties":{"cd_rgint":"3203","nm_rgint":"Colatina","cd_uf":"32","uf_sigla":"ES"}},{"arcs":[[-240,-283,285,286]],"type":"Polygon","properties":{"cd_rgint":"3204","nm_rgint":"Cachoeiro do Itapemirim","cd_uf":"32","uf_sigla":"ES"}},{"arcs":[[-217,287,-281,-285,-250]],"type":"Polygon","properties":{"cd_rgint":"3202","nm_rgint":"São Mateus","cd_uf":"32","uf_sigla":"ES"}},{"arcs":[[[288,289,290,291,292]],[[293]],[[294]],[[295]],[[296]],[[297]],[[298]]],"type":"MultiPolygon","properties":{"cd_rgint":"3301","nm_rgint":"Rio de Janeiro","cd_uf":"33","uf_sigla":"RJ"}},{"arcs":[[[-241,-287,299,300,301]],[[302]]],"type":"MultiPolygon","properties":{"cd_rgint":"3304","nm_rgint":"Campos dos Goytacazes","cd_uf":"33","uf_sigla":"RJ"}},{"arcs":[[[-291,303,-301,304]],[[305]]],"type":"MultiPolygon","properties":{"cd_rgint":"3305","nm_rgint":"Macaé - Rio das Ostras - Cabo Frio","cd_uf":"33","uf_sigla":"RJ"}},{"arcs":[[-242,-302,-304,-290,306]],"type":"Polygon","properties":{"cd_rgint":"3303","nm_rgint":"Petrópolis","cd_uf":"33","uf_sigla":"RJ"}},{"arcs":[[-243,-307,-289,307,-268]],"type":"Polygon","properties":{"cd_rgint":"3302","nm_rgint":"Volta Redonda - Barra Mansa","cd_uf":"33","uf_sigla":"RJ"}},{"arcs":[[308,309,310,311,312,313]],"type":"Polygon","properties":{"cd_rgint":"3505","nm_rgint":"Presidente Prudente","cd_uf":"35","uf_sigla":"SP"}},{"arcs":[[-258,314,315,316,317,318]],"type":"Polygon","properties":{"cd_rgint":"3507","nm_rgint":"São José do Rio Preto","cd_uf":"35","uf_sigla":"SP"}},{"arcs":[[-263,-270,319,320,321,322,323,324]],"type":"Polygon","properties":{"cd_rgint":"3510","nm_rgint":"Campinas","cd_uf":"35","uf_sigla":"SP"}},{"arcs":[[-322,325,326,327,328,329,330,331]],"type":"Polygon","properties":{"cd_rgint":"3502","nm_rgint":"Sorocaba","cd_uf":"35","uf_sigla":"SP"}},{"arcs":[[-317,332,-323,-332,333,334]],"type":"Polygon","properties":{"cd_rgint":"3503","nm_rgint":"Bauru","cd_uf":"35","uf_sigla":"SP"}},{"arcs":[[-257,-264,-325,335,-315]],"type":"Polygon","properties":{"cd_rgint":"3508","nm_rgint":"Ribeirão Preto","cd_uf":"35","uf_sigla":"SP"}},{"arcs":[[-314,336,-318,-335,337]],"type":"Polygon","properties":{"cd_rgint":"3506","nm_rgint":"Araçatuba","cd_uf":"35","uf_sigla":"SP"}},{"arcs":[[-309,-338,-334,-331,338]],"type":"Polygon","properties":{"cd_rgint":"3504","nm_rgint":"Marília","cd_uf":"35","uf_sigla":"SP"}},{"arcs":[[-316,-336,-324,-333]],"type":"Polygon","properties":{"cd_rgint":"3509","nm_rgint":"Araraquara","cd_uf":"35","uf_sigla":"SP"}},{"arcs":[[[-269,-308,-293,339,340,-320]],[[341]],[[342]],[[343]]],"type":"MultiPolygon","properties":{"cd_rgint":"3511","nm_rgint":"São José dos Campos","cd_uf":"35","uf_sigla":"SP"}},{"arcs":[[-321,-341,344,-326]],"type":"Polygon","properties":{"cd_rgint":"3501","nm_rgint":"São Paulo","cd_uf":"35","uf_sigla":"SP"}},{"arcs":[[-310,-339,-330,345,346,347]],"type":"Polygon","properties":{"cd_rgint":"4105","nm_rgint":"Londrina","cd_uf":"41","uf_sigla":"PR"}},{"arcs":[[-328,348,349,350,351,352,353,354]],"type":"Polygon","properties":{"cd_rgint":"4101","nm_rgint":"Curitiba","cd_uf":"41","uf_sigla":"PR"}},{"arcs":[[-311,-348,355,356,357]],"type":"Polygon","properties":{"cd_rgint":"4104","nm_rgint":"Maringá","cd_uf":"41","uf_sigla":"PR"}},{"arcs":[[-353,358,359,360,-357,361]],"type":"Polygon","properties":{"cd_rgint":"4103","nm_rgint":"Cascavel","cd_uf":"41","uf_sigla":"PR"}},{"arcs":[[-329,-355,362,-346]],"type":"Polygon","properties":{"cd_rgint":"4106","nm_rgint":"Ponta Grossa","cd_uf":"41","uf_sigla":"PR"}},{"arcs":[[-347,-363,-354,-362,-356]],"type":"Polygon","properties":{"cd_rgint":"4102","nm_rgint":"Guarapuava","cd_uf":"41","uf_sigla":"PR"}},{"arcs":[[-352,363,364,365,366,367,368,-359]],"type":"Polygon","properties":{"cd_rgint":"4204","nm_rgint":"Chapecó","cd_uf":"42","uf_sigla":"SC"}},{"arcs":[[369,370,371,372]],"type":"Polygon","properties":{"cd_rgint":"4207","nm_rgint":"Blumenau","cd_uf":"42","uf_sigla":"SC"}},{"arcs":[[-372,373,374,375]],"type":"Polygon","properties":{"cd_rgint":"4201","nm_rgint":"Florianópolis","cd_uf":"42","uf_sigla":"SC"}},{"arcs":[[-365,376,377,-373,-376,378,379]],"type":"Polygon","properties":{"cd_rgint":"4203","nm_rgint":"Lages","cd_uf":"42","uf_sigla":"SC"}},{"arcs":[[-350,380,-370,-378,381]],"type":"Polygon","properties":{"cd_rgint":"4206","nm_rgint":"Joinville","cd_uf":"42","uf_sigla":"SC"}},{"arcs":[[-375,382,383,384,-379]],"type":"Polygon","properties":{"cd_rgint":"4202","nm_rgint":"Criciúma","cd_uf":"42","uf_sigla":"SC"}},{"arcs":[[-351,-382,-377,-364]],"type":"Polygon","properties":{"cd_rgint":"4205","nm_rgint":"Caçador","cd_uf":"42","uf_sigla":"SC"}},{"arcs":[[[385,386,387,388,389]],[[390,391]]],"type":"MultiPolygon","properties":{"cd_rgint":"4302","nm_rgint":"Pelotas","cd_uf":"43","uf_sigla":"RS"}},{"arcs":[[-367,392,393,394,395]],"type":"Polygon","properties":{"cd_rgint":"4306","nm_rgint":"Passo Fundo","cd_uf":"43","uf_sigla":"RS"}},{"arcs":[[-387,396,397,-395,398]],"type":"Polygon","properties":{"cd_rgint":"4303","nm_rgint":"Santa Maria","cd_uf":"43","uf_sigla":"RS"}},{"arcs":[[-368,-396,-398,399,400]],"type":"Polygon","properties":{"cd_rgint":"4305","nm_rgint":"Ijuí","cd_uf":"43","uf_sigla":"RS"}},{"arcs":[[-386,401,-400,-397]],"type":"Polygon","properties":{"cd_rgint":"4304","nm_rgint":"Uruguaiana","cd_uf":"43","uf_sigla":"RS"}},{"arcs":[[-366,-380,-385,402,403,-393]],"type":"Polygon","properties":{"cd_rgint":"4307","nm_rgint":"Caxias do Sul","cd_uf":"43","uf_sigla":"RS"}},{"arcs":[[-384,404,-391,405,-389,406,-403]],"type":"Polygon","properties":{"cd_rgint":"4301","nm_rgint":"Porto Alegre","cd_uf":"43","uf_sigla":"RS"}},{"arcs":[[-388,-399,-394,-404,-407]],"type":"Polygon","properties":{"cd_rgint":"4308","nm_rgint":"Santa Cruz do Sul - Lajeado","cd_uf":"43","uf_sigla":"RS"}},{"arcs":[[-259,-319,-337,-313,407,408,409,410]],"type":"Polygon","properties":{"cd_rgint":"5001","nm_rgint":"Campo Grande","cd_uf":"50","uf_sigla":"MS"}},{"arcs":[[-312,-358,-361,411,412,-408]],"type":"Polygon","properties":{"cd_rgint":"5002","nm_rgint":"Dourados","cd_uf":"50","uf_sigla":"MS"}},{"arcs":[[-409,-413,413,414,415,416]],"type":"Polygon","properties":{"cd_rgint":"5003","nm_rgint":"Corumbá","cd_uf":"50","uf_sigla":"MS"}},{"arcs":[[-416,417,418,419]],"type":"Polygon","properties":{"cd_rgint":"5101","nm_rgint":"Cuiabá","cd_uf":"51","uf_sigla":"MT"}},{"arcs":[[-53,-79,-84,420,421,422,423,424,425]],"type":"Polygon","properties":{"cd_rgint":"5104","nm_rgint":"Barra do Garças","cd_uf":"51","uf_sigla":"MT"}},{"arcs":[[-2,-8,-24,-58,-59,-54,-426,426,-419,427]],"type":"Polygon","properties":{"cd_rgint":"5103","nm_rgint":"Sinop","cd_uf":"51","uf_sigla":"MT"}},{"arcs":[[-410,-417,-420,-427,-425,428]],"type":"Polygon","properties":{"cd_rgint":"5105","nm_rgint":"Rondonópolis","cd_uf":"51","uf_sigla":"MT"}},{"arcs":[[-3,-428,-418,-415,429]],"type":"Polygon","properties":{"cd_rgint":"5102","nm_rgint":"Cáceres","cd_uf":"51","uf_sigla":"MT"}},{"arcs":[[-232,430,431,-422,432,433,-276]],"type":"Polygon","properties":{"cd_rgint":"5201","nm_rgint":"Goiânia","cd_uf":"52","uf_sigla":"GO"}},{"arcs":[[-423,-432,434,435]],"type":"Polygon","properties":{"cd_rgint":"5204","nm_rgint":"São Luís de Montes Belos - Iporá","cd_uf":"52","uf_sigla":"GO"}},{"arcs":[[-82,-226,-279,436,-277,-434,437]],"type":"Polygon","properties":{"cd_rgint":"5206","nm_rgint":"Luziânia - Águas Lindas de Goiás","cd_uf":"52","uf_sigla":"GO"}},{"arcs":[[-231,438,-435,-431]],"type":"Polygon","properties":{"cd_rgint":"5202","nm_rgint":"Itumbiara","cd_uf":"52","uf_sigla":"GO"}},{"arcs":[[-83,-438,-433,-421]],"type":"Polygon","properties":{"cd_rgint":"5205","nm_rgint":"Porangatu - Uruaçu","cd_uf":"52","uf_sigla":"GO"}},{"arcs":[[-230,-260,-411,-429,-424,-436,-439]],"type":"Polygon","properties":{"cd_rgint":"5203","nm_rgint":"Rio Verde","cd_uf":"52","uf_sigla":"GO"}},{"arcs":[[-278,-437]],"type":"Polygon","properties":{"cd_rgint":"5301","nm_rgint":"Distrito Federal","cd_uf":"53","uf_sigla":"DF"}}]}}}