{"type":"Topology","arcs":[[[16476,61125],[-410,205]],[[16066,61330],[66,68],[12,98],[38,-18],[74,11],[75,56],[15,50],[136,86],[33,41],[52,-22],[77,40],[34,37],[81,26],[13,81],[61,50],[64,71],[22,55],[82,84],[8,92],[-16,69],[-42,40],[13,38],[76,-49],[48,24],[27,-26],[50,18],[26,-43],[52,12],[-14,50],[69,4],[36,-47],[87,9],[69,-22],[44,36],[68,30],[51,-14],[92,-11],[39,41],[89,-5],[36,-23],[36,0],[42,-59],[44,-29],[31,-78],[28,-26],[55,2],[46,-60],[31,-14],[-3,-41],[51,6],[16,-83],[28,-21],[12,-37],[52,22],[14,28],[32,-9],[14,39],[45,-24],[36,47],[40,95],[34,19],[3,125],[66,11],[19,35],[120,51],[89,-32],[58,-53],[35,-2],[8,-57],[58,-7],[21,34],[25,-29],[55,31],[-25,98],[-30,49],[21,56],[-1,86],[17,87],[68,-27],[36,-44],[36,39],[59,3],[19,35],[79,46],[83,72],[53,15],[78,-55],[6,-78],[46,-91],[-17,-78],[50,-26],[-24,-55],[-2,-51],[67,-26],[28,-25],[65,36],[56,20],[-8,40],[32,22],[55,-3],[40,70],[-8,39],[38,34],[36,7],[-15,38],[24,27],[3,35],[32,32],[53,-2],[60,95],[7,39],[29,52],[-31,168],[-13,16],[-1,61],[54,128],[-3,81],[51,-2],[16,37],[37,44],[70,46],[71,22],[36,-2],[30,-21],[38,-67],[68,21],[38,48],[32,14],[36,-14],[27,-54],[67,21],[68,-25],[51,18],[21,54],[22,-9],[42,35],[37,5],[83,-7],[57,13],[55,-8],[149,78],[126,45],[31,-14],[-37,-116],[33,-43],[123,21],[52,-10],[130,81],[58,4],[17,36],[-20,103],[4,81],[-21,77],[50,58],[14,39],[-34,74],[4,86],[41,67],[67,-30],[44,39],[36,8],[70,-14],[-17,56],[42,67],[0,39],[25,27],[1,41],[31,22],[11,81],[90,-61],[48,87],[3,41],[-50,23],[4,61],[-61,70],[-5,54],[72,67],[4,27],[-32,35],[-54,20],[2,27],[70,56],[3,145],[28,17],[47,-10],[35,68],[54,34],[53,-16],[49,-29],[76,-69],[40,32],[30,76],[30,53],[53,53],[-57,107],[15,46],[41,38],[67,43],[53,94],[16,52],[-10,51],[36,38],[27,50],[38,45],[-10,34],[12,102],[657,-1],[468,-1],[563,4],[56,-49],[20,1],[51,-79],[53,-3],[94,-48],[44,-62],[72,-60],[43,-135],[-30,-73],[29,-48],[31,-18],[19,-57],[-8,-18],[123,-111],[32,1],[66,-89],[-11,-19],[48,-113],[47,-68],[40,47],[31,18],[18,35],[30,15],[57,-72],[34,-18],[91,-7],[30,-18],[22,-36],[-1,-64],[-18,-58],[12,-82],[-5,-39],[27,-47],[37,-12],[7,-76],[19,-45],[-30,-59],[8,-58],[103,-76],[23,25],[-33,61],[11,43],[46,33],[58,-12],[32,-26],[100,-21],[20,-75],[-4,-22],[-43,0],[-11,-19],[43,-35],[37,-55],[-15,-40],[51,-60],[-14,-55],[68,-159],[60,-18],[53,26],[97,-3],[21,-61],[39,-16],[16,-28],[26,-97],[14,14],[92,-21],[72,18],[6,29],[53,2],[44,24],[-9,55],[15,34],[-9,37],[12,38],[28,24],[4,103],[30,17],[49,-39],[70,-1],[58,63],[20,36],[-4,37],[64,19],[17,-50],[72,6],[51,-22],[54,-39],[-7,-62],[14,-13],[39,-94],[51,-10]],[[27762,63942],[33,-6],[57,-46],[35,5],[30,-51],[3,-61],[45,-62],[17,-54],[35,-36],[-46,-44],[-36,-74],[-50,-136],[-4,-52],[-26,-37],[-32,-99],[-7,-64],[8,-36],[71,-122],[9,-47],[-17,-74],[5,-42],[-60,-3],[-37,18],[-46,-17],[-24,-32],[-64,-3],[-12,-44],[19,-25],[29,9],[-9,-118],[-26,-64],[74,-44],[34,1],[46,-44],[-3,-46],[22,-29],[-14,-53],[-56,-60],[43,-69],[81,-39],[-51,-29],[49,-53],[31,12],[12,-31],[-5,-63],[31,-24],[-11,-89],[10,-38],[44,-15],[-40,-77],[-26,-5],[10,-54],[-68,-74],[-46,12],[-48,-27],[96,-57],[-2,-46],[-30,-69],[47,-28],[-14,-66],[26,0],[26,-101],[-7,-89],[-31,-28],[5,-103],[-37,-44],[25,-17],[-7,-49],[-20,-27],[-35,-99],[-36,-20],[-29,-38],[11,-20],[-7,-68],[-41,-139],[10,-32],[41,-2],[36,-22],[11,-27],[-18,-53],[-19,-15],[-6,-101],[50,-80],[20,-49],[-17,-21],[51,-68],[35,-9],[29,-43],[-3,-57],[59,-89],[33,-24],[-26,-141],[-16,-32],[6,-113],[26,-24],[-30,-72],[8,-99],[-30,-60],[24,-30],[-12,-79],[-31,-32],[-3,-32],[52,-61],[-27,-36],[17,-20],[10,-60],[-7,-51],[-58,8],[-12,-23],[16,-38],[-20,-35],[8,-26],[-36,-61],[-1,-80],[24,-63],[-13,-20],[-21,-152],[-46,-18],[272,-4],[729,-9],[229,-3],[0,10],[460,-2],[750,-2],[68,-122],[41,-24],[-7,-53],[23,-5],[28,-62],[41,-1],[52,-37],[18,66],[32,12],[23,33],[36,20],[42,-17],[4,-71],[88,-13],[31,-22],[81,-23],[33,40],[39,8],[29,-22],[75,4],[37,-21],[47,15],[20,-41],[29,-13],[35,22],[13,-27],[35,11],[88,3],[-7,-44],[-34,-22],[17,-59],[53,-46],[-39,-37],[-7,-30],[11,-62],[26,-34],[19,-107],[21,-25],[51,-18],[23,-69],[-19,-60],[12,-37],[-1,-56],[-31,-66],[-40,-32],[-54,-8],[-20,-77],[-38,-24],[-35,-44],[-30,-3],[0,-37],[-23,-13],[-35,-65],[-82,-53],[-47,-74],[11,-61],[-18,-78],[8,-40],[-18,-54],[11,-17],[-9,-59],[32,-94],[-11,-27],[35,-92],[-15,-61],[33,-112],[51,-72],[92,-17],[40,7],[51,-51],[-11,-38],[19,-31],[-15,-47],[35,-26],[10,-83],[-28,-69],[22,-8],[17,-61],[73,-57],[14,-41],[24,-12],[28,-46],[1,-126],[-25,-51],[20,-96],[34,-55],[251,-245],[-11,-2],[-30,-11],[-29,-58],[-30,-26],[-52,-118],[-4,-109],[-121,-88],[12,-57],[-7,-32],[-116,-161],[-56,-28],[-20,46],[-48,-1],[-2,-24],[-56,-43],[-36,-59],[-1,-51],[-32,-7],[-16,-34],[3,-42],[22,-28],[-42,-76],[27,-59],[-9,-25],[17,-50],[-21,-8],[6,-53],[-38,-108],[8,-73],[-20,-54],[-30,-28],[-35,-119],[-51,-27],[-24,16],[-37,-17],[-36,8],[-68,-101],[-3,-51],[-59,-30],[-14,-37],[-47,-59],[-35,-23],[16,-71],[-8,-59],[27,-24],[-46,-65],[-33,-20],[-9,-54],[-49,-93],[11,-38],[-18,-19],[-13,-37],[-29,-2],[0,-48],[-44,-69],[12,-35],[-12,-90],[-18,-20],[14,-95],[-33,-108],[-53,-18],[-42,-52],[-46,-28],[-33,9],[-101,-37],[-46,-37],[-10,-49],[-93,-72],[-51,-19],[-53,9],[-24,-14],[-24,-46],[-53,-40],[-38,-43],[-1,-36],[-61,-95],[10,-43]],[[29717,51400],[-58,17],[-77,5],[-2,49],[-35,23],[-53,3],[-42,66],[-36,-6],[-78,36],[-32,61],[-34,23],[-35,71],[13,23],[-33,19],[-39,-29],[-36,39],[-44,-29],[-42,-5],[-15,49],[8,63],[-14,48],[-46,-24],[-12,-27],[-43,-11],[-8,25],[-54,26],[-35,-61],[-6,-41],[-44,30],[-18,-19],[-43,0],[-41,43],[-37,-16],[12,-27],[-26,-23],[-31,28],[-30,-12],[-50,45],[-10,42],[-60,-25],[-23,10],[-6,49],[-39,-8],[4,-40],[-56,-5],[-49,-45],[-87,4],[-34,-22],[5,-25],[-118,-30],[-33,-14],[-49,22],[-37,-3],[-30,32],[-77,44],[-36,-1],[-30,46],[-50,-29],[-47,-9],[-36,22],[-14,-31],[-39,35],[-56,-7],[-83,-48],[-46,16],[-13,-52],[-46,20],[-27,-13],[-61,27],[-37,-30],[-43,2],[-35,26],[-33,79],[5,46],[-14,99],[-26,36],[-34,-18],[-33,21],[-25,46],[-68,4],[18,38],[-33,8],[13,36],[-20,22],[-51,0],[-27,45],[-4,53],[-35,-16],[-30,44],[-51,53],[-34,14],[-71,81],[13,22],[2,79],[-13,39],[-1,103],[-10,26],[-34,11],[-18,-30],[-59,69],[-48,-50],[-21,8],[-2,67],[-30,33],[-34,-26],[-34,2],[-2,-62],[-49,-10],[-38,18],[-33,-22],[-39,41],[-78,-22],[-46,6],[-23,25],[-33,2],[-4,43],[-41,-14],[-41,52],[-16,48],[-97,5],[-36,-13],[-48,45],[-52,-22],[-24,22],[-122,62],[-4,39],[-42,39],[8,38],[-36,55],[-34,13],[-32,-55],[-44,-3],[-9,-27],[-59,4],[-20,-53],[-41,51],[-9,-39],[-51,19],[-34,37],[-33,85],[13,43],[-44,29],[-36,-34],[-25,16],[10,46],[-55,32],[-23,60],[-30,36],[4,36],[-38,16],[-27,31],[-37,-6],[-12,-30],[-45,19],[-17,-30],[-28,38],[-53,12],[-15,27],[11,35],[-26,23],[-2,46],[-28,20],[-18,78],[-29,49],[-54,7],[-9,42],[45,69],[-71,2],[9,123],[-66,21],[-4,-26],[-93,7],[-28,-12],[-25,40],[-25,-17],[15,-45],[-28,-30],[-20,14],[-61,-42],[-5,-50],[-41,14],[-86,9],[-71,32],[-39,34],[-50,-9],[-29,17],[-44,60],[-20,49],[-58,5],[20,44],[-22,25],[4,44],[-82,7],[-62,-14],[-57,55],[-52,95],[-58,19],[-41,30],[-43,11],[-16,30],[-76,29],[-40,-3],[-27,26],[-109,37],[-75,-6],[-43,34],[-42,-52],[-29,3],[-35,-42],[-37,8],[-51,34],[-32,-1],[-4,-47],[-26,-44],[7,-43],[-94,-69],[-53,-8],[-62,62],[-28,-24],[-32,14],[-50,-15],[-37,59],[-56,-23],[-31,44],[-44,-51],[-33,69],[-33,-18],[-4,-45],[-40,-33],[-21,36],[6,77],[-29,11],[-28,-17],[-19,21],[-66,23],[-25,-36],[-86,-86],[-33,32],[19,61],[-9,23],[-113,-5],[-137,33],[-32,24],[-25,41],[-39,38],[-28,54],[-84,47],[-31,60],[26,32],[19,103],[-23,144],[-21,31],[-66,-46],[-23,-3],[-36,57],[-58,11],[-49,2],[-124,57],[-59,12],[-33,37],[-11,79],[13,56],[30,44],[-18,39],[-33,1],[-38,-31],[10,-46],[-18,-85],[-38,-15],[-22,28],[25,87],[-5,25],[-64,42],[-47,-20],[-31,-69],[-43,34],[0,33],[23,35],[50,42],[-6,50],[-31,61],[-30,27],[-98,-8],[-75,-37],[-29,20],[-41,69],[-40,-17],[-33,-43],[-44,60],[-63,-11],[-15,28],[22,39],[-31,35],[27,31],[28,107],[-9,31],[-92,24],[-24,35],[0,32],[23,94],[2,75],[-45,139],[-2,41],[-22,32],[-38,-2],[-46,-30],[-123,-4],[20,-80],[-30,-8],[-39,17],[-102,72],[-20,29],[6,35],[57,58],[30,56],[-27,74],[11,57],[-22,62],[39,62],[12,56],[-38,39],[-63,2],[-107,34],[-31,138],[-16,145],[-21,87],[26,47],[58,9],[-7,50],[-86,8],[-17,25],[-29,115],[-2,89],[34,32],[45,-3],[13,47],[-13,18],[-57,0],[-28,101],[27,65],[59,46],[81,24],[20,39],[-7,53],[-39,49],[8,34],[103,107],[-35,51],[-44,106],[44,3],[-20,130],[-93,117],[-50,45],[-52,16],[-6,56],[38,4],[8,41],[-11,48],[14,113],[-14,74],[-19,34],[-50,30],[-55,13],[-25,61],[42,92],[-16,69],[-31,36],[-2,33],[20,36],[-43,82],[12,39],[44,4],[32,43],[20,47],[5,51],[-28,89],[40,61],[24,19],[35,55],[45,42],[46,142],[28,31],[12,46],[-5,36],[-28,61],[-7,44],[15,65],[-1,99],[-43,55],[-21,93],[19,103],[-3,65],[-22,24],[-3,61],[10,59],[37,72],[53,71],[3,66],[-78,73],[-11,70],[-36,78],[-31,86],[-78,83],[-116,47],[0,-60],[-63,-54],[-41,2],[10,-42],[-35,-1],[-7,-97],[14,-28],[-35,-37],[-46,26],[-7,-41],[-35,-14],[-33,-88],[-65,-8],[-20,44],[-40,-29],[-19,15],[-2,52],[-32,-16],[-23,57],[-30,32],[-41,-48],[-13,-31],[-34,12],[23,49],[-21,38],[12,25],[33,-13],[10,51],[-43,-21],[-42,1],[-24,-16],[-28,-48],[-23,38],[-36,22],[13,48],[-25,7],[6,-77],[-19,-50],[-49,-4],[-38,53],[-69,-69],[-40,8],[8,47],[-8,49],[-33,3],[-40,-37],[-34,36],[-26,-37],[-30,18],[-66,-44],[-1,-53],[-25,-21],[-38,28],[-53,-40],[-16,56],[-85,12],[-44,-73],[-24,24],[3,48],[-51,-16],[-65,14],[-49,-24],[-5,-21],[-42,-8],[1,-58],[-47,-10],[-50,47],[-34,-45],[-49,-7],[-25,-26],[-61,32],[-94,-40],[-7,-41],[-53,-10],[-47,11],[-22,-48],[-41,39],[-75,-22],[-18,19],[-93,-22],[-43,-21],[-23,20],[-33,-9],[-65,-50],[-72,16],[-16,-10]],[[16476,61125],[-17,-33],[-4,-83],[-45,19],[-42,-80],[-44,1],[-24,-26],[-29,8],[-47,-55],[-24,5],[-63,-62],[-26,-12],[-40,-71],[-73,-52],[-8,-42],[-60,15],[-5,-53],[-47,-23],[-37,-93],[-22,4],[-58,-38],[-11,-69],[-70,-27],[-35,-37],[-9,-46],[-17,-57],[-45,-12],[-47,-27],[-10,-31],[-65,-28],[-32,20],[-60,-21],[-33,-42],[14,-22],[-81,-57],[-41,-4],[-21,42],[-58,19],[-39,-8],[-27,-26],[-51,17],[-38,-7],[-51,16],[-24,-51],[25,-22],[-9,-88],[-41,12],[-95,-11],[-46,24],[-51,-50],[28,-70],[-46,-32],[-10,-43],[-66,-19],[-28,-32],[-84,-43],[-15,-18],[-51,-9],[-49,-37],[-61,-31],[-23,-33],[-11,-72],[-57,-46],[-13,-48],[-42,-40],[-35,25],[-65,-243],[-57,-35],[-23,14],[-39,55],[-20,-6],[-54,29],[-83,67],[-62,11],[-19,16],[-49,3],[-17,-21],[-85,-20],[-70,15],[-30,-33],[-58,37],[-24,-1],[-59,-54],[-47,-14],[-35,-25],[-42,-61],[-24,-16],[4,-149],[-89,-110],[-23,-13],[-65,-91],[-23,-4],[-30,-58],[-2,-54],[-49,-49],[-2,-51],[-21,-43],[-72,-56],[-15,-25],[-62,-6],[-56,-53],[-32,21],[-34,-5],[-54,-31],[-8,-57],[-40,-34],[-21,37],[-41,19],[-24,-36],[-95,-12],[-40,-35],[-30,-58],[-48,-25],[-7,-37],[-387,-88],[10,44],[-24,38],[2,27],[-46,16],[-52,79],[-3,37],[34,40],[6,44],[-31,41],[-18,-11],[-92,33],[-39,-31],[-46,34],[-24,-30],[1,-30],[-78,26],[-39,-40],[-46,43],[-34,-17],[-41,61],[-79,-54],[-27,48],[-21,-9],[-47,32],[-54,9],[-36,19],[-31,-24],[-53,33],[-59,-13],[-19,24],[-100,37],[-33,-25],[-37,46],[-87,-4],[-46,-22],[-47,15],[-33,-12],[-56,33],[-81,-9],[-36,27],[-41,6],[-3,-21],[-62,-5],[-3,-32],[-57,-14],[-93,47],[-41,-2],[-4,-35],[-99,28],[-82,-26],[-27,-20],[-56,12],[-134,-57],[-10,27],[-36,-2],[-46,68],[-29,-3],[-32,29],[-56,9],[-46,-21],[-24,23],[-66,-15],[-62,27],[-51,-12],[-57,0],[-12,-27],[-46,-35],[-70,-31],[-22,-23],[-67,-23],[-39,-36],[-58,20],[-44,-26],[4,-23],[-44,-26],[-11,-23],[-156,-80],[-87,13],[-92,-17],[-60,-37],[-43,13],[-33,-5],[-26,22],[-43,-5],[-19,28],[-88,27],[-38,1],[1,32],[-34,76],[-46,32],[-31,51],[-21,4],[-75,72],[-204,-166],[1,754],[0,719],[-1,503],[1,382],[0,633],[-7,30],[25,40],[48,3],[12,51],[20,17],[38,-30],[50,54],[-4,46],[27,62],[-32,113],[-21,30],[-48,25],[-35,69],[-22,69],[22,19],[5,61],[-32,31],[21,38],[47,-18],[12,40],[54,7],[-15,29],[47,72],[25,-6],[6,47],[-25,24],[3,38],[61,45],[0,38],[-120,-23],[-48,5],[-39,-30],[-25,-42],[-57,-27],[-24,-60],[-37,-14],[-22,-57],[-72,-35],[-54,-47],[-28,-36],[-39,12],[-25,-61],[5,-35],[-68,-35],[-9,-44],[-50,-21],[-57,-44],[-26,5],[-43,-25],[-25,-60],[-100,-138],[-61,0],[-49,-52],[-39,-83],[-14,-61],[-93,-2],[-86,-22],[-55,-62],[-57,0],[-78,-60],[-20,-33],[-22,-75],[-28,-53],[-26,-23],[-12,-49],[-37,-8],[-57,14],[-14,-36],[-26,-1],[-83,-35],[-22,2],[-47,49],[-31,-11],[-55,-60],[-765,-1],[-682,1],[-350,0],[-1,39],[41,27],[15,35],[-11,54],[-26,9],[-4,36],[39,50],[36,63],[-26,32],[-6,59],[-24,36],[29,80],[-51,38],[-87,21],[-36,27],[-28,-6],[-19,30],[-43,23],[20,48],[-5,34],[29,51],[-4,37],[14,57],[-31,43],[17,43],[-36,6],[-45,47],[15,134],[-18,36],[-73,-13],[-35,48],[-4,35],[-58,47],[-44,-7],[-28,25],[-98,7],[-84,-17],[-19,20],[-80,-25],[-17,38],[-65,28],[-89,19],[-48,27],[-51,5],[-41,-11],[-45,39],[-46,-2],[-36,55],[-590,0],[-511,0],[41,48],[17,85],[66,23],[38,74],[26,24],[61,22],[-24,56],[36,41],[19,56],[68,49],[26,-30],[51,28],[60,91],[-36,7],[6,51],[50,20],[49,33],[26,48],[20,67],[-4,71],[12,14],[-18,111],[-19,39],[39,35],[-11,33],[-49,13],[-18,28],[-46,124],[-32,18],[-77,-7],[-29,22],[-47,118],[-1,46],[-37,14],[-39,56],[0,60],[-36,53],[-23,30],[-9,95],[-29,38],[-47,34],[-72,35],[-30,2],[-58,-19],[-83,54],[-38,76],[-25,14],[-15,44],[-39,-10],[-15,41],[21,159],[14,59],[1,91],[-10,16],[-74,30],[-65,-10],[-26,85],[-2,39],[-33,31],[-27,-13],[-32,25],[-76,27],[-9,35],[-41,-2],[-73,85],[16,79],[-23,51],[9,45],[-10,37],[-29,23],[-15,48],[-26,14],[-22,56],[-31,3],[20,52],[1,57],[-12,56],[13,50],[-19,65],[-29,28],[-19,43],[-37,28],[19,50],[-8,46],[-50,48],[-59,-13],[-29,93],[-20,29],[-56,0],[-13,-23],[-40,42],[-10,75],[-44,47],[39,40],[-29,49],[22,31],[32,-37],[85,0],[45,73],[-7,60],[11,80],[-25,48],[-105,95],[-103,29],[-51,-1],[-28,14],[-56,109],[-59,9],[-27,41],[-3,50],[-50,29],[-75,66],[-59,80],[-33,3],[-16,78],[96,25],[33,82],[8,42],[22,32],[-18,35],[-7,67],[-63,122],[-17,67],[35,12],[16,-36],[28,23],[48,-66],[74,-11],[37,34],[17,56],[79,31],[51,-23],[55,32],[51,-31],[64,38],[41,63],[2,21],[-37,74],[4,85],[-23,33],[-46,28],[-24,31],[-9,61],[-35,46],[-6,27],[-37,40],[-16,47]],[[423,68265],[141,-59],[382,-158],[615,-254],[533,-221],[345,-143],[706,-293],[507,-68],[422,-57],[502,-67],[670,-89],[591,-79],[656,-87],[791,-104],[492,-65],[402,-53],[628,-82],[566,-554],[404,-394],[396,-388],[518,-508],[652,-640],[614,-603],[321,-166],[635,-329],[544,-282],[473,-245],[556,-288],[427,-81],[1,0],[426,-214],[727,-364]],[[423,68265],[61,68],[62,88],[44,73],[-26,59],[-10,87],[-26,60],[29,83],[45,53],[22,67],[10,59],[37,14],[20,41],[33,30],[41,73],[13,41],[60,53],[70,43],[56,9],[21,37],[76,75],[129,30],[48,37],[55,23],[71,19],[4,45],[55,57],[137,6],[29,19],[74,3],[38,35],[39,-19],[28,34],[5,52],[35,11],[-4,32],[69,19],[33,57],[-7,17],[21,59],[33,47],[-11,46],[31,56],[-19,39],[-37,19],[-26,80],[-13,88],[-22,10],[-10,112],[-44,44],[-28,45],[-48,46],[5,47],[-8,63],[-67,86],[-1,103],[35,49],[8,31],[-13,106],[44,32],[17,38],[47,15],[-11,38],[27,55],[-13,62],[14,40],[30,35],[-4,43],[42,75],[82,25],[-6,64],[53,18],[66,83],[48,103],[49,24],[-2,20],[42,27],[-3,34],[27,11],[13,106],[55,20],[-13,64],[-16,14],[18,79],[35,23],[-17,35],[11,78],[-15,43],[-8,65],[13,16],[3,68],[32,61],[15,58],[34,73],[30,39],[-5,23],[24,75],[64,96],[13,67],[-11,43],[12,57],[-31,110],[-2,49],[-22,15],[62,69],[51,-11],[35,8],[20,95],[25,-20],[39,10],[52,37],[11,29],[38,-15],[4,71],[46,5],[18,24],[26,-27],[56,18],[27,-27],[31,35],[32,-20],[15,42],[42,31],[12,46],[-6,44],[16,27],[63,-3],[36,69],[67,15],[11,43],[47,-41],[13,41],[43,28],[29,-4],[-7,78],[51,-37],[39,23],[15,31],[31,8],[27,40],[31,77],[21,93],[47,-10],[42,14],[34,69],[65,-20],[22,-42],[30,64],[24,-9],[63,16],[17,26],[113,84],[35,11],[16,30],[30,-13],[109,95],[-11,24],[50,51],[30,-9],[21,35],[-15,41],[63,-21],[74,26],[-14,26],[75,6],[22,47],[57,77],[-8,26],[36,93],[68,-6],[88,32],[4,-28],[58,62],[37,-12],[97,11],[56,-16],[37,-31],[41,32],[88,-15],[55,35],[-1,45],[32,3],[-19,-75],[-30,-36],[38,-36],[55,8],[52,46],[29,79],[47,-7],[-2,43],[72,-37],[-9,56],[12,43],[41,-49],[19,63],[52,-33],[37,-7],[30,-50],[56,92],[45,19],[26,-21],[40,17],[16,-37],[83,-1],[-40,44],[32,19],[27,-53],[40,-8],[32,30],[-14,54],[16,21],[64,41],[43,15],[35,-22],[-19,-34],[18,-59],[30,24],[8,50],[50,3],[38,28],[30,-26],[19,-41],[32,24],[-5,51],[58,13],[14,-60],[42,22],[5,45],[28,-12],[-9,-51],[31,-12],[31,42],[36,-12],[35,28],[-3,81],[31,-32],[11,-53],[54,5],[25,50],[52,4],[18,64],[48,16],[15,25],[-2,59],[65,29],[-1,23],[-39,47],[31,16],[49,-9],[30,57],[-34,19],[27,57],[32,12],[7,30],[40,-3],[27,43],[28,20],[32,-11],[54,-62],[61,1],[31,-48],[16,27],[15,83],[44,89],[54,3],[10,-24],[-39,-100],[42,-47],[61,19],[35,32],[24,-26],[-24,-42],[39,-7],[7,36],[-12,42],[35,62],[46,28],[42,-62],[-24,-71],[48,-5],[8,60],[25,19],[28,-40],[24,43],[34,-12],[5,80],[88,-12],[37,9],[31,-22],[28,-64],[39,-30],[16,12],[2,69],[27,6],[18,-28],[36,-10],[17,-33],[-5,-72],[21,-76],[-66,-41],[1,-30],[50,-33],[9,-38],[53,38],[28,-27],[-50,-32],[20,-39],[120,-35],[9,-84],[37,-7],[15,53],[53,17],[-3,34],[-33,23],[31,88],[52,-19],[32,-5],[7,52],[24,13],[9,-59],[22,-19],[31,10],[32,-24],[-23,-24],[-6,-40],[72,-33],[7,-41],[-25,-35],[13,-30],[75,109],[44,26],[44,-7],[41,75],[8,65],[3,106],[36,22],[112,711],[102,654],[87,544],[126,790],[68,424],[50,331],[171,1105],[176,1127],[110,717],[72,485],[-9,97],[49,91],[-4,104],[17,77],[66,43],[0,43],[-21,51],[2,104],[-6,30],[-44,102],[1,44],[37,97],[2,75],[33,34],[-6,78],[-54,78],[-7,27],[9,60],[-43,33],[49,93],[-43,15],[-21,-10],[-31,36],[1,44],[-48,42],[-38,21],[-13,25],[-44,28],[10,91],[-35,63],[-21,2],[-57,48],[31,50],[-32,56],[-85,79],[5,22],[-29,75],[24,22],[30,61],[30,40],[25,88],[2,61],[-34,9],[-14,41],[-23,17],[26,83],[-29,58],[-19,12],[8,69],[-50,38],[-26,40],[-92,35],[-29,27],[-42,9],[-48,38],[-51,76],[-29,27],[-108,49],[-48,90],[-39,-6],[-47,10],[-21,-12],[-68,45],[-32,64],[-59,55],[-75,129],[-51,42],[-84,81],[-1,73],[21,32],[16,55],[-5,48],[-6,216],[0,229],[2,459],[-3,539],[1,268],[19,11],[38,-27],[8,-30],[49,17],[0,63],[37,7],[52,-43],[45,-22],[14,30],[47,51],[53,-20],[35,15],[102,22],[43,-49],[51,62],[76,60],[15,-24],[39,15],[17,62],[64,59],[37,11],[57,-21],[27,-61],[59,-4],[42,19],[-22,33],[43,20],[43,50],[52,-7],[9,62],[114,82],[39,3],[10,-33],[58,-28],[-8,-32],[46,-30],[26,-60],[77,-76],[46,-54],[27,71],[44,-25],[48,44],[26,-77],[-23,-28],[51,-17],[65,19],[17,-24],[52,27],[28,-8],[-10,66],[46,55],[81,-25],[72,-1],[-67,139],[-18,26],[-60,18],[-16,81],[49,24],[41,34],[-16,94],[-30,38],[11,73],[42,-7],[18,58],[-9,36],[-37,-3],[-30,35],[-33,5],[-17,66],[43,72],[-68,27],[-28,51],[40,39],[-33,55],[-73,70],[-34,19],[-63,1],[-74,87],[-81,-24],[-31,4],[-96,-97],[-33,6],[-23,76],[-46,8],[-33,-14],[-26,19],[-84,-22],[-113,8],[-51,52],[-59,4],[-16,-27],[-35,12],[-48,-20],[-11,-26],[-72,21],[6,97],[-50,-25],[-40,18],[-67,-33],[-45,-39],[-9,-36],[-31,-26],[-45,44],[-35,-6],[1,553],[0,527],[1,534],[39,-1],[44,-32],[68,19],[74,70],[91,13],[27,-18],[61,4],[25,-29],[21,30],[34,-17],[14,31],[43,12],[45,52],[40,1],[8,21],[63,21],[49,-41],[41,-9],[47,-30],[38,18],[18,-26],[70,-3],[57,-30],[476,10],[398,-4],[679,0],[1209,-1],[-6,47],[-44,9],[22,44],[-41,36],[-33,4],[-40,-33],[-36,-2],[-19,57],[25,90],[-74,-7],[7,85],[23,47],[23,123],[77,89],[22,-2],[36,46],[37,16],[17,-19],[40,19],[41,-49],[18,-55],[25,-21],[35,-89],[50,-9],[49,5],[41,-37],[47,-64],[68,-71],[72,-5],[24,10],[18,45],[35,36],[-13,81],[68,13],[51,44],[54,65],[8,30],[31,25],[86,164],[24,21],[42,2],[119,-43],[59,-8],[114,9],[28,30],[46,129],[64,52],[16,92],[65,73],[47,22],[118,75],[21,64],[17,22],[46,13],[47,-7],[56,-35],[47,-64],[7,-48],[8,-227],[15,-51],[9,-124],[21,-73],[37,-191],[30,-98],[19,-33],[77,-45],[33,7],[122,-10],[39,-21],[39,-57],[35,-71],[19,-80],[41,-90],[-9,-67],[4,-63],[29,-61],[11,-51],[8,-240],[-2,-114],[13,-69],[2,-78],[-18,-106],[-19,-195],[-3,-95],[9,-82],[-3,-63],[10,-72],[-12,-93],[518,162],[576,-591],[628,-627],[236,66],[56,-5],[12,-30],[71,-58],[67,20],[15,29],[58,-11],[27,23],[-4,28],[18,66],[32,-7],[40,25],[46,-30],[55,17],[48,-2],[44,78],[13,41],[28,26],[-7,50],[25,23],[38,-6],[60,33],[18,52],[25,23],[69,23],[34,31],[50,5],[14,20],[46,6],[14,43],[23,4],[25,44],[61,-6],[37,17],[20,-34],[76,54],[62,-58],[-5,52],[38,13],[8,-25],[47,11],[30,-61],[32,-24],[36,-1],[12,-70],[63,-83],[-9,-78],[20,-84],[-46,-71],[-55,-129],[-17,8],[-39,-34],[-5,-50],[-35,-59],[34,-26],[27,-92],[24,-45],[29,-24],[22,49],[68,11],[12,16],[94,18],[66,58],[5,61],[53,46],[-6,81],[8,23],[-37,65],[34,14],[14,59],[33,13],[8,39],[48,22],[-10,29],[29,23],[32,98],[16,-10],[43,37],[87,-21],[52,-33],[71,19],[26,-46],[33,30],[39,72],[2,50],[38,101],[-44,5],[29,115],[6,155],[64,47],[8,29],[36,26],[33,-27],[38,19],[23,-40],[-11,-48],[98,-10],[35,35],[33,56],[48,57],[21,43],[-20,70],[41,37],[18,-40],[38,-3],[44,69],[35,17],[10,-42],[40,24],[36,57],[-20,15],[82,66],[5,-42],[44,82],[31,-64],[-10,-42],[30,-28],[37,-71],[38,-13],[55,33],[18,32],[28,104],[38,-20],[55,20],[56,74],[53,39],[46,5],[33,42],[-15,55],[20,21],[46,85],[51,24],[-2,23],[69,19],[54,65],[51,32],[34,-22],[53,69],[39,72],[103,-22],[5,-41],[-18,-47],[-37,-33],[-2,-37],[-38,-69],[-19,-89],[50,-21],[41,8],[37,-14],[29,27],[11,41],[-3,64],[54,83],[78,42],[13,39],[48,29],[55,-7],[46,42],[2,46],[43,52],[69,50],[40,-13],[31,30],[11,46],[27,25],[17,60],[27,32],[23,59],[9,66],[-24,62],[7,56],[-21,29],[35,79],[16,91],[-1,40],[-34,29],[21,78],[0,123],[95,53],[53,73],[45,29],[83,-5],[35,-16],[36,22],[42,-23],[75,-10],[18,-37],[37,10],[13,59],[87,-25],[56,58],[44,-11],[3,42],[80,77],[33,-38],[-8,-21],[54,-16],[16,42],[-3,82],[38,-1],[50,62],[12,45],[24,2],[28,33],[57,11],[15,20],[57,-4],[99,-39],[38,28],[19,37],[51,-41],[51,16],[53,40],[20,93],[-15,42],[52,32]],[[23759,92158],[28,-38],[109,-83],[77,-27],[184,69],[64,-2],[43,-18],[20,-32],[-2,-47],[41,-118],[29,-44],[48,-46],[19,-39],[53,-44],[66,-37],[97,9],[72,33],[35,-10],[211,-27],[22,-8],[34,-56],[188,-79],[33,-26],[25,-43],[11,-56],[-12,-97],[-61,-143],[0,-48],[20,-198],[-14,-57],[-61,-61],[-83,-105],[-28,-80],[0,-33],[53,-48],[102,-110],[12,-77],[22,-28],[50,-34],[49,-53],[82,-42],[44,-88],[0,-106],[21,-25],[20,-69],[10,-91],[47,-161],[39,-102],[14,-54],[17,-118],[35,-81],[19,-13],[111,6],[-17,-98],[10,-81],[65,-101],[7,-47],[-25,-61],[-30,-28],[-39,-123],[8,-85],[33,-35],[17,-75],[-10,-59],[-84,-74],[-73,-119],[-11,-67],[43,-209],[-11,-97],[-20,-121],[22,-59],[10,-108],[20,-8],[54,35],[60,-93],[6,-65],[21,-34],[-33,-68],[-13,-50],[19,-50],[-18,-117],[27,-62],[4,-93],[32,-32],[32,-107],[-9,-64],[14,-78],[28,-58],[53,-38],[36,-7],[74,-92],[24,-63],[15,-138],[-14,-23],[13,-78],[50,-53],[44,-85],[81,-52],[-12,-52],[7,-40],[-15,-33],[-1,-70],[12,-38],[-18,-22],[30,-81],[26,-34],[20,23],[69,-43],[-13,-31],[-5,-72],[-25,-9],[14,-53],[-28,-1],[-7,-43],[-35,-52],[-47,-39],[-59,-29],[15,-33],[-25,-20],[-1,-55],[-17,-27],[-32,-12],[14,-46],[-18,-11],[-16,-54],[21,-20],[-13,-42],[49,-58],[9,-87],[-9,-30],[-39,-35],[-49,-1],[-48,-39],[-38,16],[-10,-32],[12,-38],[-18,-36],[-79,-11],[-5,25],[-72,43],[-60,-10],[-33,22],[-20,-58],[-28,-26],[5,-43],[25,-50],[-35,-21],[21,-58],[45,-35],[35,16],[8,-33],[64,-6],[28,-22],[56,-20],[3,-22],[41,-19],[25,-105],[18,6],[37,-75],[26,-29],[25,4],[10,-42],[33,-27],[58,-28],[29,-61],[71,6],[53,-24],[9,-45],[63,-14],[8,-22],[56,-59],[39,0],[32,-59],[-16,-41],[42,-52],[84,-8],[50,-48],[50,-59],[63,-154],[3,-39],[47,-67],[23,-59],[15,-79],[50,-61],[46,-91],[4,-60],[19,-40],[61,-17],[66,2],[51,4],[43,48],[63,-5],[65,-24],[51,-45],[134,-52],[51,-10],[68,-37],[44,-41],[57,-79],[34,-78],[139,-141],[18,4],[3,131],[-18,26],[-64,28],[-31,42],[-35,119],[-20,37],[-57,2],[-18,49],[-48,6],[-36,32],[43,70],[40,36],[-7,38],[-93,115],[44,50],[-2,56],[37,105],[10,44],[32,39],[-19,58],[34,70],[-28,39],[25,48],[-26,22],[14,28],[52,8],[15,26],[-3,84],[-32,40],[33,27],[-16,52],[-43,-7],[-24,20],[12,60],[-16,45],[14,67],[54,55],[-10,63],[42,54],[-23,26],[2,99],[26,104],[56,33],[58,63],[25,96],[35,64],[43,-5],[22,18],[-10,42],[59,12],[33,36],[43,17],[30,28],[69,-1],[44,47],[71,8],[97,35],[29,85],[-18,31],[14,43],[53,-21],[32,4],[36,-25],[16,38],[63,12],[35,-25],[45,20],[42,-19],[29,-39],[20,-57],[117,-27],[47,-19],[53,24],[28,-15],[31,26],[28,-79],[-14,-68],[17,-38],[63,-64],[45,18],[31,-44],[-8,-39],[14,-40],[89,-11],[25,-55],[-14,-39],[9,-33],[31,-4],[45,-33],[-12,-51],[-21,-26],[54,-72],[-14,-31],[16,-61],[3,-38],[46,12],[79,-6],[46,-11],[47,-41],[100,75],[53,-32],[16,54],[66,-19],[4,-30],[45,-18],[39,26],[36,48],[-35,36],[27,30],[30,9],[6,54],[-17,25],[52,49],[42,-19],[19,12],[50,-16],[44,48],[76,51],[56,-20],[58,59],[20,-5],[19,78],[-19,16],[14,40],[-87,122],[-21,3],[-15,49],[-44,24],[-6,90],[-26,8],[-13,85],[5,40],[32,66],[-2,36],[85,62],[-5,69],[26,75],[23,2],[17,83],[-16,25],[45,55],[11,92],[-8,54],[30,122],[47,52],[4,41],[102,96],[-10,45],[-21,32],[28,76],[31,42],[14,85],[56,58],[23,9],[27,49],[38,30],[0,47],[42,109],[-28,40],[42,47],[10,33],[28,1],[55,38],[32,33],[12,47],[15,130],[20,81],[406,0],[947,0],[380,0],[824,0]],[[33776,87165],[0,-673],[1,-31],[18,-60],[1,-63],[32,-14],[18,-35],[-6,-153],[3,-79],[-35,-71],[4,-84],[17,-82],[14,-11],[-21,-78],[-3,-40],[15,-92],[74,-65],[118,-41],[48,-61],[35,-6],[14,-43],[33,-17],[-3,-38],[-22,-47],[25,-72],[32,-48],[5,-70],[-50,-90],[10,-25],[-21,-74],[16,-41],[37,-23],[13,-90],[29,-6],[63,-61],[4,-31],[61,-6],[36,-48],[26,-58],[23,-1],[56,-74],[66,-48],[18,-33],[38,-17],[12,-28],[34,11],[8,-36],[46,-50],[31,16],[59,-75],[-27,-15],[-13,-67],[57,-96],[21,-9],[15,-44],[-31,-22],[-9,-86],[15,-36],[35,-4],[47,-31],[47,-48],[-3,-36],[38,-72],[16,5],[23,-52],[32,-42],[53,23],[42,-7],[37,28],[86,-97],[15,5],[51,-94],[28,-12],[32,-57],[20,-6],[16,55],[64,66],[-12,54],[69,7],[28,37],[-2,41],[50,63],[93,7],[17,-31],[-10,-39],[29,-44],[51,-11],[21,-26],[-15,-78],[26,-29],[12,-46],[-27,-14],[-37,-186],[-26,-79],[17,-51],[45,-14],[-5,-47],[38,-9],[-8,-47],[108,-20],[-11,-42],[57,-29],[31,23],[46,-9],[40,-27],[32,-1],[29,-72],[36,-55],[43,7],[-8,-65],[49,20],[40,-2],[25,-27],[25,26],[65,-214],[31,-21],[29,18],[89,-3],[48,44],[26,-19],[-20,-42],[41,-22],[79,-17],[17,-42],[33,-5],[-15,-47],[46,15],[20,-33],[44,-27],[14,-35],[67,37],[20,-28],[-14,-30],[41,-10],[10,43],[72,-60],[-31,-48],[16,-22],[43,28],[44,-58],[58,53],[42,-42],[37,62],[74,-17],[1,46],[35,-16],[-9,-45],[36,-18],[64,38],[55,-48],[42,5],[-27,-54],[57,-36],[46,-8],[14,-54],[19,-8],[42,36],[27,-63],[24,-5],[16,-44],[-21,-20],[8,-64],[36,-47],[51,-116],[90,28],[18,-42],[31,-29],[12,-46],[37,-28],[47,-1],[59,-31],[47,-41],[38,-61],[40,-14],[108,1],[58,32],[43,-7],[48,-50],[11,-72],[-25,-84],[-46,-51],[-36,-74],[2,-65],[17,-21],[74,-7],[45,-18],[11,-46],[53,-27],[98,23],[50,-17],[34,90],[27,-4],[36,4],[64,54],[31,38],[44,-12],[66,-68],[38,32],[38,10],[67,-57],[48,43],[24,39],[31,18],[38,-30],[35,0],[42,22],[43,101],[92,32],[62,82],[70,-2],[24,37],[112,14],[85,26],[2,-26],[-44,-83],[-55,-79],[-62,-116],[-77,-96],[-37,-33],[-96,-64],[-98,-55],[-128,-43],[-56,-49],[-52,-111],[-13,-86],[-16,-36],[-89,-138],[2,-22],[61,-22],[27,-23],[52,-19],[-54,-115],[-166,-407],[-245,-605],[-104,-266],[-250,-622],[-94,-231],[-173,-425],[-59,-162],[-95,-247],[-99,-258],[-192,-466],[-285,-693],[-43,-93],[-47,-125],[-216,-526],[-280,-681],[-246,-597],[-167,-417],[-250,-625],[-199,-496],[-387,-967],[-314,-771],[-182,-449],[-25,-55],[-60,-47],[-60,-3],[-15,-13],[-12,-84],[-40,-75],[-68,-47],[-105,-91],[-45,-90],[-40,-48],[-29,-76],[-8,-210],[25,-56],[18,-87],[38,-101],[25,-82],[62,-81],[28,-25],[32,-52],[55,-3],[45,-38],[50,-83],[55,-110],[44,-45],[36,-10],[29,-31],[38,-74],[30,-26],[22,-55],[41,-66],[26,-104],[4,-44],[-16,-82],[11,-107],[51,-77],[23,-33]],[[35473,67639],[-22,-37],[-60,-61],[-88,-165],[-1,-89],[-21,-79],[14,-86],[27,-79],[5,-83],[-84,-84],[-27,-59],[-54,-59],[-15,-39],[-1,-66],[-15,-60],[-24,-34],[-90,-79],[-53,-22],[-31,-27],[-15,-43],[23,-53],[-1,-87],[45,-116],[53,-63],[15,-62],[6,-82],[65,-118],[15,-45],[-13,-40],[4,-81],[-61,-48],[-11,-40],[21,-100],[-21,-59],[4,-102],[-17,-36],[28,-53],[2,-42],[-24,-30],[-43,-15],[-17,-31],[6,-40],[-11,-63],[-59,-101],[-21,-17],[-15,-55],[-17,-9],[-30,-66],[6,-87],[23,-36],[-12,-84],[47,-63],[-26,-54],[-6,-39],[-24,-32],[-51,-153],[57,-44],[80,43],[56,6],[51,-27],[-9,-37],[-36,-16],[-89,-108],[-62,-46],[-32,7],[-27,-22],[-259,-4],[-906,-7],[-368,-1],[-792,0],[-1162,6],[-939,11],[-928,-4],[-401,0],[-663,-1],[-610,0]],[[23759,92158],[-19,44],[45,102],[-17,53],[16,31],[-13,27],[14,39],[-35,31],[-1,44],[47,65],[-18,19],[-19,94],[-72,13],[-23,59],[-48,-32],[-14,-64],[-65,-15],[-21,58],[-88,-30],[-75,21],[-3,44],[-52,3],[-57,22],[-75,-42],[-115,14],[-35,30],[-33,-34],[-18,11],[-53,-18],[-70,39],[-5,36],[-31,22],[-81,32],[-32,1],[-51,-25],[-24,-35],[-86,11],[-31,-42],[-46,6],[-12,35],[-37,-21],[-70,41],[-33,-41],[-45,80],[-42,21],[31,36],[7,90],[-9,36],[14,32],[31,15],[41,48],[6,59],[23,12],[25,42],[-11,56],[10,34],[-25,19],[-20,47],[44,15],[8,31],[-33,20],[-17,46],[20,33],[-43,29],[3,89],[-59,50],[-26,61],[-57,62],[19,28],[-2,69],[-51,57],[-57,117],[-46,13],[-48,-9],[31,60],[6,39],[-30,53],[-38,11],[0,29],[-87,73],[-27,107],[12,48],[45,35],[42,15],[31,87],[20,6],[10,54],[-10,41],[45,60],[38,29],[15,144],[-48,42],[8,32],[-32,20],[16,34],[-18,49],[-1,93],[-29,64],[-52,62],[-6,170],[-20,60],[-31,40],[-82,85],[-25,51],[-52,55],[-18,78],[-94,60],[-11,20],[-64,42],[-99,47],[-44,37],[-34,10],[-78,-2],[-68,82],[-34,69],[-76,68],[-23,34],[-26,119],[-99,72],[-22,48],[-37,43],[-52,33],[-15,30],[-7,61],[-55,67],[-33,99],[-20,39],[-47,42],[-68,41],[-61,56],[-25,96],[-7,69],[8,50],[49,66],[43,6],[125,-68],[55,-25],[34,-28],[58,-71],[40,-119],[39,-78],[68,-53],[73,-32],[36,31],[52,7],[47,-9],[76,15],[77,41],[62,-7],[40,13],[113,-20],[66,5],[37,32],[30,0],[16,-40],[41,4],[71,-36],[63,3],[42,31],[55,-48],[32,-11],[54,-52],[28,-82],[-8,-49],[54,-89],[55,-116],[34,-27],[1,-25],[76,-3],[10,-75],[41,-8],[23,-57],[69,59],[2,35],[24,28],[53,19],[26,-7],[91,49],[34,-25],[83,-14],[71,3],[21,12],[35,-20],[5,-45],[94,-5],[32,-15],[19,38],[-18,35],[-41,22],[9,56],[23,67],[2,43],[21,16],[34,-14],[26,-33],[11,-45],[60,-51],[19,-39],[38,-41],[-3,-58],[27,-50],[22,-7],[37,19],[7,-66],[30,-2],[61,-44],[36,9],[-9,49],[41,9],[67,-38],[36,17],[-7,43],[58,77],[-47,58],[-15,36],[-28,18],[52,55],[34,-5],[46,14],[71,-46],[51,-15],[50,14],[12,50],[54,-23],[22,-44],[51,15],[14,-17],[95,-15],[-49,-156],[-14,-17],[3,-79],[13,-39],[49,-61],[56,3],[25,-19],[101,-2],[81,-67],[41,-67],[11,-47],[0,-74],[-21,-50],[91,-51],[12,-40],[23,-9],[30,-56],[39,-38],[75,5],[36,41],[33,70],[9,48],[26,-4],[43,29],[32,40],[40,28],[36,66],[63,-8],[44,-37],[13,-48],[81,-69],[23,36],[16,59],[-27,252],[-65,72],[41,34],[-47,77],[-31,35],[5,93],[63,42],[34,67],[-45,35],[-7,69],[38,26],[-7,25],[37,19],[34,-13],[71,-6],[19,14],[51,-4],[26,25],[40,-17],[42,12],[47,-30],[31,-44],[37,2],[-9,47],[15,19],[51,14],[-22,32],[5,36],[-36,11],[31,80],[72,45],[26,40],[46,-30],[39,30],[11,40],[-28,22],[69,42],[105,-15],[30,-27],[53,-4],[7,-37],[51,-42],[79,18],[28,-30],[71,-11],[43,-33],[79,-6],[-1,-30],[103,-50],[33,21],[42,2],[-7,76],[23,-7],[81,40],[-23,36],[37,36],[37,-21],[82,15],[41,48],[100,-137],[40,-47],[17,135],[56,11],[26,-17],[33,8],[-7,35],[53,10],[32,-36],[40,19],[7,54],[30,102],[37,-11],[49,21],[-26,37],[56,22],[61,-28],[44,26],[51,-1],[51,19],[59,-53],[53,52],[39,-44],[64,18],[96,127],[24,55],[-28,9],[-15,43],[23,14],[-8,93],[17,55],[60,13],[55,66],[31,7],[44,-34],[14,20],[67,-26],[44,9],[47,-21],[33,24],[53,76],[56,-1],[21,53],[-70,63],[-29,5],[-15,28],[15,49],[125,8],[91,-32],[19,20],[38,-44],[55,-11],[65,-79],[49,64],[39,11],[31,33],[24,-14],[83,16],[65,-23],[43,2],[46,66],[44,10],[11,38],[-7,55],[50,9],[-10,45],[11,36],[-39,54],[7,46],[63,20],[21,65],[-6,21],[30,54],[48,-5],[54,-34],[35,43],[50,21],[12,41],[100,36],[19,-11],[81,61],[-12,32],[47,51],[21,2],[53,77],[29,22],[15,91],[53,10],[7,40],[38,51],[38,7],[17,74],[-20,46],[-13,66],[-61,81],[-13,49],[-29,21],[8,79],[-3,72],[-28,0],[-4,99],[-84,105],[-53,-3],[-22,13],[11,49],[31,-4],[27,27],[101,4],[61,-39],[73,5],[34,-49],[70,-10],[14,22],[46,13],[41,-13],[114,-7],[7,-41],[27,-7],[37,36],[0,27],[83,38],[31,-42],[87,3],[33,13],[16,37],[79,24],[15,43],[41,2],[24,28],[51,23],[23,-14],[21,-42],[-6,-30],[54,-30],[33,16],[41,41],[12,-61],[58,-79],[25,-137],[71,-8],[43,-80],[21,4],[38,-48],[56,-7],[48,-30],[-13,-53],[0,-91],[-24,-33],[4,-69],[-17,-36],[2,-78],[-19,-45],[-19,-112],[3,-31],[-20,-62],[-16,-11],[-24,-106],[31,-21],[-10,-50],[2,-52],[-31,-48],[30,-48],[-73,-70],[-38,-59],[0,-57],[12,-41],[-42,-29],[-76,-2],[-18,-25],[-18,-65],[-38,11],[-11,-48],[16,-17],[-17,-79],[54,-9],[34,-32],[34,7],[5,48],[31,25],[54,-26],[-11,-60],[15,-11],[103,-14],[37,13],[29,-23],[32,7],[7,53],[102,-47],[-7,-27],[54,-53],[16,48],[76,-14],[-17,-28],[21,-24],[66,14],[15,-24],[101,-1],[59,-64],[42,1],[49,-71],[46,-42],[16,14],[37,-26],[-31,-38],[17,-34],[-33,-30],[-92,-125],[32,-61],[-49,-70],[4,-68],[15,-71],[49,-49],[57,-40],[64,0],[64,-24],[8,-20],[-36,-89],[-34,-65],[27,-5],[50,-75],[41,-23],[21,-54],[45,-53],[-33,-31],[46,-14],[23,25],[65,-28],[24,-57],[-40,-49],[-70,-28],[-9,-67],[-49,-5],[-5,-68],[35,-113],[-25,-1],[-15,-55],[-37,20],[-13,-31],[-39,5],[-65,-28],[-20,-55],[4,-84],[20,-34],[-13,-29],[-55,-38],[-26,1],[-36,-59],[-70,-34],[-17,-50],[-63,-42],[-66,3],[-77,-38],[-18,-74],[-29,-27],[65,-26],[-2,-27],[24,-52],[19,3],[45,-36],[5,-49],[-20,-37],[-26,-13],[-38,-75],[-2,-43],[68,-4],[-22,-33],[32,-146],[-61,-2],[14,-51],[-55,-96],[-16,-46],[-24,2],[-26,-53],[-8,-55],[24,-20],[-29,-31],[-47,-12],[-8,-42],[19,-119],[-38,-1],[28,-91],[-48,-7],[-19,-54],[-40,-21],[11,-67],[-3,-39],[-21,-63],[33,-34],[-24,-51],[-23,-89],[-37,-47],[-4,-53],[18,-33],[-26,-35],[17,-30],[-20,-74],[9,-98],[-14,-43],[12,-107],[-11,-27],[10,-138],[38,-57],[-12,-47],[40,-80],[-30,-24],[67,-38],[28,-45],[-18,-29],[43,-80],[-3,-42],[50,-65],[7,-74],[-14,-40],[21,-29],[-40,-96],[23,-66],[67,-34],[36,-49],[47,-4],[61,-60],[1,-18],[55,-33],[88,18],[39,-43],[-13,-25],[18,-76],[-23,-29],[8,-57],[-29,-59],[3,-86],[31,-40],[8,-70],[-33,-37],[-10,-67],[19,-44],[14,-67],[-19,-51],[-12,-75],[4,-39],[-37,-81],[-10,-59],[27,-53],[-14,-40],[16,-32],[46,-8],[76,12],[40,-35],[19,27],[34,-26],[-18,-45],[-46,-40],[-22,-73],[-4,-57],[54,-4],[28,-30],[46,-5],[7,-33],[28,-33],[21,18],[93,34],[19,-27],[55,-22],[16,-64],[44,-57],[30,11],[-4,-73],[27,-47],[40,-23],[38,4],[23,-65],[24,-20],[-9,-51],[41,-38],[33,15],[8,-52],[23,-21],[25,-58],[75,31],[40,-92],[-7,-54],[52,9],[59,-116],[7,-33],[42,-47],[44,-5],[18,-24],[65,3],[44,-45],[35,-4],[34,-30],[32,13],[30,-25],[35,14],[73,-47],[31,10],[17,-28],[62,21],[17,-18],[44,8],[27,-57],[35,20],[106,10],[0,-81],[44,-14],[27,-49],[-42,-27],[23,-56]],[[33776,89636],[0,-828],[-1,-801],[1,-842]],[[33776,89636],[29,2],[25,-28],[38,-88],[50,12],[24,-44],[34,27],[59,24],[22,-11],[41,56],[32,-5],[27,32],[20,57],[-5,64],[18,61],[35,19],[32,-3],[10,-28],[33,-12],[72,20],[46,-37],[44,-10],[25,34],[40,18],[44,-6],[4,-52],[40,-5],[16,31],[38,-25],[2,69],[39,28],[15,35],[-7,74],[37,59],[-31,7],[-18,41],[-57,33],[16,69],[-22,38],[6,51],[72,-9],[18,13],[37,-26],[20,21],[60,21],[60,-6],[31,29],[-41,38],[1,100],[60,7],[6,57],[38,16],[-3,24],[27,38],[41,8],[-7,-65],[55,-11],[19,23],[49,-6],[65,-60],[46,44],[52,18],[65,-29],[24,-129],[46,-28],[40,5],[31,33],[63,-17],[19,46],[45,-11],[30,-31],[52,-15],[-3,35],[36,80],[-1,50],[25,14],[-6,60],[2,95],[-22,47],[21,20],[42,-6],[27,-24],[52,-7],[49,27],[22,48],[40,15],[54,-6],[37,23],[38,-7],[47,33],[14,76],[34,4],[56,-23],[72,10],[33,20],[16,-44],[106,-80],[47,41],[55,-14],[16,19],[49,6],[51,-26],[42,40],[-15,31],[34,20],[65,116],[-11,33],[114,52],[29,60],[-16,29],[29,44],[-9,57],[6,65],[68,17],[40,38],[45,-4],[43,139],[73,-8],[13,50],[67,-35],[55,-88],[53,-28],[0,41],[32,20],[33,44],[37,2],[10,28],[46,4],[86,47],[8,45],[37,-23],[30,20],[9,-49],[20,-13],[5,-86],[17,-33],[65,-19],[23,-53],[53,-53],[55,-11],[38,55],[42,-8],[46,23],[59,-79],[83,-26],[24,10],[38,-30],[61,-19],[13,-33],[31,8],[31,30],[7,32],[67,74],[41,22],[54,-28],[42,-6],[42,14],[75,71],[56,-51],[37,-51],[74,24],[64,43],[50,15],[29,41],[31,-12],[71,6],[57,-60],[89,12],[31,22],[52,-11],[30,-35],[110,-69],[20,-28],[49,-16],[16,49],[43,9],[14,-20],[126,-9],[51,-81],[70,-32],[72,13],[66,-4],[85,-49],[35,11],[29,33],[36,1],[44,59],[68,42],[5,50],[-42,29],[-17,129],[-16,70],[48,-15],[7,61],[19,38],[-15,46],[-54,36],[14,35],[-49,43],[-40,-9],[-7,63],[-38,84],[-37,56],[-71,3],[-48,53],[45,62],[-15,37],[-101,56],[-46,-13],[-53,48],[10,59],[30,31],[16,50],[30,8],[-4,44],[15,34],[-2,53],[36,-4],[52,-92],[47,-6],[16,38],[-32,69],[30,42],[75,68],[9,43],[-58,48],[46,37],[30,75],[-34,21],[33,58],[98,16],[33,-40],[40,-2],[35,-35],[12,-37],[59,-22],[35,-47],[63,-12],[98,-6],[44,-114],[66,-22],[22,3],[21,47],[55,-20],[37,18],[34,-12],[56,10],[10,16],[78,24],[16,-31],[43,15],[53,-2],[7,19],[56,19],[39,-12],[118,0],[99,-52],[89,76],[-24,71],[80,102],[96,-8],[96,-23],[60,50],[78,93],[111,21],[45,-107],[105,70],[117,97],[111,-19],[42,-166],[55,-75],[87,-143]],[[42778,92726],[-6,-47],[151,-189],[25,-61],[-25,-51],[-9,-81],[28,-53],[53,-65],[27,-46],[-11,-55],[-34,-17],[-1,-26],[-51,-64],[-6,-42],[10,-38],[-20,-18],[17,-63],[-15,-34],[15,-24],[5,-71],[29,-48],[49,-28],[-1,-30],[30,-26],[-32,-125],[38,-128],[0,-63],[21,-21],[12,-46],[-27,-27],[-9,-43],[22,-56],[47,-11],[64,5],[54,-20],[61,8],[40,30],[54,11],[46,-18],[113,-27],[15,-29],[63,-23],[87,29],[50,-11],[69,15],[37,-37],[18,31],[62,-9],[22,-36],[27,10],[65,-51],[16,5],[53,-54],[16,-42],[138,-110],[34,21],[38,-25],[56,-8],[3,-31],[43,-54],[1,-43],[46,-17],[-34,-67],[41,-19],[32,-62],[-9,-88],[44,23],[38,-17],[27,30],[35,-16],[9,41],[32,4],[15,-32],[-6,-55],[58,-29],[20,31],[92,-48],[19,-22],[48,-5],[6,-30],[36,-30],[-23,-61],[73,-16],[70,-31],[36,32],[-34,31],[42,24],[45,-53],[115,-42],[3,24],[35,25],[-4,67],[48,-34],[-39,-56],[27,-48],[31,21],[15,-34],[35,7],[22,80],[24,-3],[8,-43],[-6,-63],[-40,-49],[44,-26],[19,32],[85,28],[55,-54],[15,32],[57,-22],[12,-48],[-66,-40],[22,-68],[50,-17],[16,-31],[-16,-41],[-35,-43],[16,-42],[31,-1],[72,38],[43,32],[78,-18],[29,-16],[19,-59],[32,-23],[16,-38],[-14,-64],[-43,-17],[-51,10],[-33,-45],[7,-145],[45,-45],[2,-30],[28,-37],[-17,-35],[7,-70],[36,-27],[-2,-135],[113,-85],[14,-20],[74,-42],[77,-67],[72,-94],[145,-105],[13,-53],[61,-47],[23,-75],[51,-7],[41,-45],[-19,-46],[-19,-81],[-55,-76],[-16,-95],[15,-29],[-9,-52],[-40,-97],[33,-35],[-28,-88],[19,-65],[-5,-56],[-31,-43],[20,-49],[34,-28],[33,-66],[11,-77],[44,-24],[39,-71],[-26,-55],[26,-108],[24,-17],[30,-49],[40,-31],[28,-55],[24,-80],[40,-25],[-8,-91],[25,-40],[45,-27],[17,-38],[-3,-48],[18,-127],[21,-35],[61,-202],[64,-33],[72,32],[45,-19],[35,-93],[169,-131],[14,-63],[31,-37],[54,-42],[34,0],[38,-55],[5,-66],[-32,-82],[-3,-54],[41,-78],[-53,-91],[26,-46],[-9,-50],[29,-51],[34,-22],[-6,-34],[67,-119],[24,-23],[36,-3],[82,47],[92,6],[27,-38],[22,-78],[7,-153],[29,-82],[-10,-91],[-37,-74],[-10,-53],[13,-33],[-56,-70],[10,-56],[59,4],[107,47],[17,21],[25,-10],[72,-73],[25,-50],[-8,-79],[-49,-16],[-25,-25],[-2,-38],[45,-73],[4,-137],[-24,-31],[17,-38],[44,23],[38,-27],[56,-22],[14,-18],[43,-118],[83,-4],[50,-29],[78,6],[53,-22],[80,14],[37,-12],[35,-37],[60,6],[30,-94],[-10,-82],[28,-33],[63,-21],[42,14],[9,42],[-34,55],[17,40],[32,18],[54,5],[57,-9],[10,18],[-15,91],[42,22],[29,-36],[-9,-47],[15,-41],[22,0],[41,89],[18,3],[58,-74],[34,-11],[84,17],[79,6],[68,43],[52,67],[123,131],[27,61],[6,68],[-22,226],[11,82],[-2,66],[7,112],[11,71],[111,218],[86,154],[53,70],[102,110],[25,36],[63,52],[65,83],[56,102],[20,95],[137,175],[18,127],[15,49],[55,91],[46,29],[29,63],[66,105],[56,111],[42,64],[19,5],[81,33],[119,16],[84,29],[27,19],[65,91],[50,84],[46,36],[26,67],[23,32],[64,53],[57,35],[161,46],[144,46],[92,47],[169,140],[52,60],[47,59],[54,45],[44,53],[60,109],[31,86],[34,68],[12,55],[33,105],[33,47],[29,72],[20,127],[34,103],[35,74],[60,60],[114,94],[67,37],[78,22],[152,34]],[[53174,88274],[28,-104],[77,-54],[102,-39],[22,6],[43,45],[71,-9],[45,-37],[34,-50],[21,-87],[-19,-87],[-43,-69],[-49,-112],[-95,-86],[-47,-27],[-71,-56],[-11,-56],[7,-71],[15,-20],[81,-24],[74,35],[106,-20],[20,9],[111,-4],[27,56],[78,14],[53,-21],[32,-45],[-29,-39],[71,-6],[95,54],[41,30],[32,-15],[14,-45],[67,24],[59,54],[60,39],[104,22],[37,17],[73,6],[24,-8],[62,37],[19,31],[40,-23],[37,-50],[42,-5],[57,-42],[33,-96],[-14,-40],[-58,-42],[-30,-33],[-111,-43],[-111,-80],[-25,-63],[-61,-45],[-47,-54],[-15,-71],[22,-61],[54,-77],[75,-56],[33,-1],[78,39],[113,-22],[119,0],[61,-21],[56,-4],[66,-23],[62,-63],[-3,-48],[27,-28],[9,-45],[-10,-42],[-35,-15],[-29,-66],[-62,-22],[-37,-57],[-15,-98],[37,-107],[62,-58],[35,0],[112,85],[77,2],[86,-7],[12,-15],[62,38],[59,50],[35,-20],[36,22],[3,-45],[59,-52],[61,18],[48,-14],[49,15],[60,-22],[50,24],[44,-67],[75,-45],[54,-56],[49,-10],[34,18],[152,0],[55,20],[49,-25],[27,-33],[73,-32],[71,-5],[38,18],[93,11],[33,21],[81,-10],[31,7],[70,-16],[76,6],[44,-13],[40,27],[80,1],[47,11],[13,-27],[59,-35],[35,-65],[15,-67],[-11,-67],[-20,-60],[-57,-81],[-61,-72],[-19,-40],[-12,-94],[-35,-111],[-7,-48],[-7,-204],[14,-20],[-6,-78],[-13,-42],[-20,-187],[-41,-44],[-13,-21],[13,-131],[33,-98],[38,-65],[44,-33],[101,-49],[98,-33],[67,-7],[94,5],[57,43],[38,64],[29,95],[20,33],[59,22],[47,-6],[24,13],[29,108],[38,52],[202,242],[62,-29],[9,-40],[41,0],[22,-21],[32,22],[24,27],[4,86],[20,26],[38,-4],[48,26],[-6,56],[27,-3],[-3,65],[-18,28],[55,21],[51,-8],[25,-23],[21,-46],[6,-99],[-22,-42],[11,-66],[34,-28],[23,48],[12,61],[-22,71],[36,85],[-7,30],[20,23],[27,-22],[-29,-51],[71,7],[13,-66],[35,3],[-33,107],[67,0],[-29,55],[35,16],[77,6],[0,-43],[29,-6],[-25,-102],[24,-4],[25,38],[32,11],[37,-20],[38,-48],[5,-61],[-15,-23],[6,-82],[-23,-41],[28,-16],[1,-43],[53,21],[-5,32],[53,121],[-4,56],[13,26],[-19,28],[5,50],[55,-15],[57,-59],[16,-30],[-20,-56],[42,-24],[16,-69],[30,-43],[-1,-46],[45,-77],[18,11],[8,106],[-20,93],[12,74],[-25,26],[23,67],[69,19],[50,0],[22,-49],[-44,-95],[11,-42],[3,31],[66,-22],[15,48],[48,28],[-39,28],[-4,22],[78,9],[78,23],[68,-28],[12,-90],[42,-25],[0,61],[98,-22],[30,-44],[-10,-118],[72,58],[14,-8],[11,-127],[-28,-33],[14,-62],[26,2],[10,50],[25,2],[27,50],[4,33],[-20,31],[42,55],[65,5],[38,-51],[2,-28],[-37,-36],[11,-82],[20,-52],[23,-9],[7,-51],[37,-10],[43,89],[43,-13],[11,51],[32,76],[32,39],[38,-17],[27,-52],[-15,-43],[-39,-50],[50,-72],[13,-31],[-7,-46],[19,-72],[-13,-15],[12,-27],[47,45],[7,80],[66,35],[0,103],[47,66],[29,6],[30,-19],[26,-114],[-4,-52],[-17,-37],[14,-42],[46,20],[-5,-68],[30,-24],[21,50],[46,29],[3,91],[41,-26],[27,-58],[-3,-65],[33,-11],[11,58],[53,26],[29,-30],[6,64],[25,75],[45,-4],[32,-56],[39,-3],[39,-67],[-13,-42],[-31,-2],[-15,-58],[-27,-37],[-5,-46],[26,-18],[-11,-39],[-27,-32],[13,-52],[21,20],[57,10],[32,-54],[24,-5],[44,158],[30,29],[24,-3],[-13,-83],[18,-14],[55,128],[-20,28],[42,34],[35,-26],[33,25],[94,16],[30,-54],[-80,-60],[-31,19],[-46,-52],[36,-26],[2,-30],[-29,-47],[26,-87],[-21,-32],[11,-38],[40,-8],[51,11],[28,59],[46,9],[13,-59],[40,-20],[21,45],[36,9],[20,-36],[30,-10],[81,66],[-5,38],[36,28],[16,32],[-10,69],[14,54],[40,27],[104,41],[42,-58],[14,-86],[-38,-34],[-45,-59],[-11,-36],[5,-85],[16,-22],[5,-75],[-75,-87],[21,-16],[82,64],[21,68],[-6,50],[18,79],[41,-6],[20,-79],[-8,-69],[-29,-16],[-8,-41],[42,-9],[26,78],[37,43],[26,8],[41,45],[41,-11],[9,-54],[-36,-7],[14,-40],[37,-56],[5,-51],[-28,-24],[-25,-49],[0,-59],[-25,-99],[-13,-15]],[[62397,83409],[-65,-21],[-40,-57],[24,-39],[-48,-88],[32,-70],[32,-1],[18,-65],[48,-5],[-24,-38],[-4,-39],[-31,-25],[-26,-90],[-27,-35],[36,-29],[-13,-33],[-73,-71],[26,-47],[45,-56],[4,-58],[20,-106],[-48,-31],[17,-32],[-31,-42],[-6,-80],[19,-55],[-42,-64],[-42,-19],[-23,6],[-18,-56],[-22,-10],[-59,26],[-41,-30],[-65,16],[-45,-38],[-21,-80],[32,-86],[33,30],[24,-16],[58,15],[63,-21],[44,-72],[-10,-38],[-63,-84],[33,-25],[12,-68],[-24,-70],[-5,-62],[-34,-92],[3,-39],[-29,-81],[-26,-14],[-6,-63],[18,-29],[-8,-76],[-61,-66],[38,-21],[-98,-82],[-38,-59],[-7,-33],[-46,-22],[-21,-39],[-31,-11],[-44,55],[-44,-16],[28,-60],[3,-39],[-37,-69],[3,-88],[-71,-70],[-6,-43],[27,-18],[49,55],[42,1],[1,-38],[-21,-16],[-12,-42],[-26,-30],[-3,-100],[11,-48],[-7,-36],[20,-28],[-15,-30],[15,-74],[-98,-25],[-39,23],[-24,-24],[31,-56],[-10,-38],[-38,-18],[6,-68],[-91,-22],[-45,-3],[-43,-34],[-23,-61],[-20,63],[-36,-14],[8,-53],[-33,-19],[-11,-37],[-56,-16],[-18,-32],[4,-73],[24,-17],[18,-45],[31,13],[12,-44],[-16,-52],[27,-40],[61,28],[-1,-57],[20,-4],[3,-67],[-57,42],[9,-62],[-23,-16],[-45,14],[4,-75],[-65,20],[-11,-44],[42,-101],[-41,-33],[39,-28],[18,-35],[-5,-67],[-42,8],[-20,-106],[10,-85],[-20,-18],[-15,-48],[-41,-19],[-13,-35],[-26,7],[-56,-33],[11,-33],[32,-19],[17,-37],[-60,-21],[12,-31],[-57,-49],[11,-41],[-31,-6],[-1,-62],[-62,-11],[10,-53],[-16,-43],[-12,-74],[-39,-5],[-44,-42],[-15,-33],[-56,14],[-98,-99],[-47,-67],[15,-29],[-33,-32],[32,-58],[-62,-70],[2,-34],[-30,-18],[28,-42],[-104,-107],[-49,-25],[18,-43],[-1,-61],[-33,-49],[-13,-76],[27,-49],[-22,-42],[-1,-63],[-25,-35],[16,-49],[-43,-183],[-30,-27],[2,-73],[-34,-10],[-8,-32],[-53,-9],[-18,-23],[1,-42],[-30,-32],[-55,-24],[10,-43],[-34,-18],[12,-34],[-32,-20],[-5,-43],[-59,-12],[-3,-28],[-40,2],[-31,-49],[-60,-36],[-27,-48],[-57,12],[-34,-82],[6,-30],[-35,-44],[8,-45],[-14,-34],[21,-95],[-37,-1],[-22,-40],[3,-34],[-25,-46],[9,-55],[-36,-12],[-28,-46],[-92,-50],[-38,-53],[-25,-7],[-21,-46],[8,-71],[-28,-33],[-29,-82],[-80,-129],[-55,-54],[-48,-129],[-71,-95],[-77,-57],[-68,-68],[-71,14],[-29,-8],[-66,40],[-38,-6],[-48,17],[-53,-72],[-414,-370],[-54,-49],[-74,-67],[-305,-273],[-39,-36],[-361,-327],[-102,-85],[-40,18],[-5,-56],[-28,-30],[-338,-302],[-341,-305]],[[56465,72782],[13,-47],[28,-17],[126,-12],[67,-16],[48,-64],[73,-32],[87,15],[98,-34],[50,10],[60,35],[52,11],[55,16],[35,-4],[17,23],[45,-22],[12,-30],[47,-53],[14,-81],[30,-51],[-1,-25],[36,-29],[25,-39],[49,-44],[91,-32],[27,5],[70,-32],[127,-101],[13,-40],[-20,-92],[-70,-140],[-64,-36],[-66,-16],[-101,7],[-33,-44],[-16,-55],[-5,-79],[17,-105],[49,-89],[55,-63],[35,-68],[-6,-64],[-63,-39],[-80,-18],[-56,-40],[-29,-48],[-8,-62],[19,-29],[70,-27],[26,-40],[8,-40],[-11,-41],[-39,-54],[-42,-36],[-92,-38],[-58,2],[-38,-17],[-53,-61],[-9,-62],[52,-205],[-10,-44],[64,-59],[29,-60],[-15,-89],[-38,14],[-50,40],[-58,19],[-117,1],[-25,-16],[-66,-112],[-149,-121],[-42,-78],[-17,-33],[-28,-45],[-1,-38],[-26,-40],[-14,-73],[24,-87],[4,-98],[-32,-62],[-37,-35],[-104,-29],[-42,-35],[-47,-72],[-53,-33],[-74,-28],[-61,14],[-136,-21],[-112,-57],[-123,-12],[-42,-64],[-102,-87],[-72,-68],[-78,-49],[-48,-10],[-27,-39],[-58,-45],[-17,-92],[49,-166],[4,-37],[5,-38],[-5,-190],[16,-172],[3,-98],[-48,-91],[-14,-52],[-47,-98],[-67,-90],[-83,-120],[-173,-219],[-13,-120],[5,-66],[47,-118],[41,-104],[43,-67],[60,-37],[126,-114],[42,-53],[80,-57],[56,-20],[23,-53],[-33,-53],[-5,-60],[10,-113],[-1,-54],[-14,-85],[-28,-57],[14,-84],[6,-29],[-8,-104],[-37,-38],[-31,-130],[7,-33],[-13,-91],[-25,-73],[-62,-132],[-29,-124],[-13,-78],[-36,-116],[-35,-40],[-87,-40],[-26,-19],[-61,-95],[-33,-88],[-18,-142],[-23,-90],[-93,-83],[-44,-91],[-24,-66],[-18,-47],[-120,-177],[-48,-102],[-35,-45],[-26,-54],[-46,-17],[-64,-1],[-96,-25],[-110,-119],[-26,-8],[-50,-71],[-59,-117],[-109,-123],[-20,-93],[-25,-46],[-19,-57],[-58,-102],[-29,-25],[10,-42],[-15,-23],[-76,-65],[-46,-69],[-44,-1],[-23,-16],[-13,-71],[-24,-30],[-55,-32],[-29,-60],[-10,-56],[5,-97],[-28,-72],[-55,-79],[-34,-112],[9,-64],[-15,-21],[31,-45],[10,-50],[-39,-69],[-1,-56],[-68,-78],[-11,-99],[-16,-29],[0,-46],[-25,-52],[-46,-59],[-39,-66],[-10,-75],[-24,-57],[-7,-55],[-16,-16]],[[53177,61271],[-617,44],[-773,59],[-475,33],[-551,39],[-411,31],[-528,41],[-554,43],[-638,52],[-811,65],[-676,55],[-474,40],[-430,36],[-590,51],[-562,48],[-596,53],[-437,35],[-697,57],[-324,29],[-531,49],[-351,32],[-505,48],[-506,47],[-588,55],[-648,61],[-259,25],[-894,86],[-82,-15],[-22,-28],[-80,-57],[-41,39],[-7,64],[0,94],[-21,33],[-41,126],[-38,54],[-53,14],[-37,23],[-27,-19],[-155,26],[-17,13],[-103,-25],[-61,36],[-37,58],[-46,38],[17,61],[-18,55],[42,56],[5,43],[-54,51],[9,36],[-38,25],[-31,42],[-10,54],[-98,58],[-53,65],[-45,73],[-48,51],[-71,34],[-60,-1],[-61,-20],[-37,15],[-26,62],[-71,13],[-78,3],[-43,43],[-28,9],[-8,43],[12,31],[-7,97],[-23,24],[-80,-4],[-48,39],[-50,22],[-35,28],[-48,-6],[-40,-23],[-69,12],[-18,39],[17,87],[-27,114],[-38,46],[-6,60],[7,78],[-51,23],[-13,74],[39,68],[-10,34],[-48,33],[16,56],[-70,124],[-7,60],[36,71],[6,39],[-28,95],[5,38],[32,54],[1,58],[40,86],[8,38],[-37,86],[-33,35],[-71,12],[-31,43],[-31,159],[-99,95],[-56,117],[-61,86],[-6,29],[-8,206],[-13,51],[-61,125],[-25,79],[-8,90],[-31,176],[-43,53],[-41,1],[-17,36],[-1,62],[-21,99],[-46,116],[-67,119],[-38,40],[-46,67],[-48,132],[-134,111],[-35,-11]],[[61661,83956],[3,45],[46,77],[21,-17],[-7,-45],[-63,-60]],[[54516,86977],[44,-23],[9,-30],[-29,-43],[-85,-20],[-54,27],[4,38],[34,43],[62,19],[15,-11]],[[54910,86790],[-5,-13],[-112,13],[-6,31],[39,51],[24,-3],[60,-79]],[[54534,87000],[-31,28],[67,84],[63,16],[36,-14],[-41,-62],[-52,-21],[-42,-31]],[[54657,86968],[-11,-15],[-77,10],[-12,18],[96,37],[4,-50]],[[55624,86077],[-46,24],[1,41],[51,-14],[-6,-51]],[[56195,86023],[24,-24],[-36,-31],[-46,1],[-51,-28],[-51,21],[39,116],[32,24],[64,-5],[22,-19],[3,-55]],[[61933,83912],[-46,55],[9,29],[-27,34],[40,60],[35,-18],[-16,-68],[18,-72],[-13,-20]],[[62295,84045],[-9,64],[29,-7],[-20,-57]],[[42778,92726],[167,14],[120,83],[132,-63],[-3,-92],[-13,-127],[67,-88],[135,26],[370,-327],[553,-79],[421,131],[25,19],[34,-13],[17,27],[32,6],[38,36],[-14,48],[28,32],[30,1],[19,-43],[45,63],[8,45],[55,10],[35,-28],[65,20],[-38,28],[-2,34],[40,3],[4,31],[30,27],[72,36],[58,-10],[7,-33],[29,-34],[-29,-28],[-23,-65],[48,4],[44,-13],[27,8],[30,-29],[64,4],[-6,-46],[130,0],[31,-40],[37,6],[40,-33],[41,-2],[25,23],[106,-25],[32,11],[-16,40],[10,36],[47,-27],[15,19],[64,25],[13,27],[30,1],[40,31],[18,34],[-1,40],[49,11],[34,-17],[34,-75],[56,-21],[12,-27],[37,-28],[-2,-30],[61,-3],[12,-33],[-54,-41],[-31,-58],[-20,4],[-7,-101],[31,7],[51,49],[49,-36],[28,14],[52,0],[104,33],[121,2],[71,-58],[125,-35],[20,-21],[111,32],[8,35],[68,-15],[42,113],[28,35],[1,30],[42,14],[2,39],[24,32],[86,21],[57,47],[65,29],[21,20],[52,18],[15,38],[111,39],[8,77],[27,37],[-4,35],[22,32],[45,2],[-11,43],[10,35],[43,-1],[20,43],[53,62],[30,11],[-20,67],[23,38],[28,14],[24,39],[-10,42],[-41,31],[17,28],[-29,46],[30,36],[28,-6],[20,79],[31,44],[15,56],[19,19],[36,89],[-6,47],[56,118],[18,57],[56,110],[67,13],[4,50],[-15,36],[54,114],[19,105],[22,15],[15,50],[40,74],[2,23],[-41,45],[16,50],[-30,14],[49,113],[68,29],[-8,56],[23,67],[95,63],[37,-26],[52,94],[48,63],[5,46],[21,18],[124,248],[29,70],[31,28],[18,71],[58,75],[94,192],[68,85],[-11,41],[16,75],[31,85],[38,38],[69,5],[19,60],[-23,56],[19,37],[49,10],[-4,32],[54,12],[39,76],[74,66],[2,24],[53,49],[39,98],[-2,100],[14,31],[68,65],[82,42],[74,46],[44,46],[19,66],[23,137],[5,111],[30,48],[-3,78],[-59,107],[-44,109],[-17,58],[-6,86],[12,72],[23,75],[-13,78],[17,43],[54,98],[282,-157],[58,-27],[90,-85],[115,-100],[95,-116],[31,-24],[41,-65],[81,-89],[44,-87],[106,-170],[42,-112],[20,-75],[18,-126],[11,-43],[-12,-124],[4,-111],[64,-14],[60,-14],[49,11],[38,-33],[10,-38],[-10,-115],[-14,-260],[2,-126],[9,-251],[10,-82],[-20,-203],[-41,-76],[8,-64],[43,-193],[47,-160],[73,-190],[-7,-95],[-16,-24],[-3,-85],[28,-70],[39,-55],[-15,-87],[50,-104],[33,-189],[18,-20],[60,-138],[-1,-78],[-10,-20],[20,-50],[50,-37],[37,-55],[2,-64],[40,-27],[9,-59],[-6,-32],[13,-68],[27,-18],[46,-94],[7,-101],[29,-121],[-4,-36],[22,-31],[-8,-38],[24,-25],[50,-12],[23,-70],[30,-45],[8,-62],[-3,-57],[26,-53],[-2,-45],[24,-41],[3,-79],[10,-34],[41,-54],[-6,-90],[12,-42],[34,-31],[40,-85],[13,-61],[-7,-60],[5,-27],[88,-52],[55,-56],[44,-70],[-4,-59],[39,-131],[55,-87],[56,-40],[17,-26],[38,-107],[75,-127],[67,-60],[48,-27],[52,-11],[60,2],[109,37],[78,-20],[57,12],[69,-9],[105,10],[63,-4],[59,-38],[116,-45],[108,-49],[165,-103],[65,-52],[19,-29],[18,-71],[28,-148],[-4,-65],[8,-51],[37,-147],[14,-197],[-18,-213],[-46,-114],[6,-141],[3,-70],[13,-79],[25,-34],[-6,-148],[3,-164],[-12,-86],[-84,-74],[-37,-65],[-51,-40],[-50,-11],[-30,-85],[37,-59],[-5,-22],[-72,-41],[-37,-67],[-135,-168],[-33,-17],[-93,-27],[-28,12],[-121,-29],[-25,-34],[12,-86]],[[52541,92089],[103,-7],[9,-25],[40,-16],[38,-50],[3,-73],[-80,-8],[-24,-30],[-86,-9],[-43,87],[-52,45],[60,78],[32,8]],[[52673,91895],[28,8],[72,-3],[23,-50],[76,-88],[-3,-91],[25,-22],[65,-98],[10,-71],[-32,-55],[-78,-94],[-44,-30],[-87,-27],[-27,10],[-39,45],[-25,89],[-29,69],[-26,37],[-18,77],[-51,28],[20,102],[6,96],[12,29],[46,18],[35,-3],[41,24]],[[56465,72782],[55,3],[41,-13],[17,21],[12,63],[45,37],[47,-6],[44,-31],[19,-33],[54,-9],[49,65],[35,72],[0,52],[16,84],[28,42],[65,55],[73,-4],[32,17],[68,10],[51,17],[125,21],[78,-72],[33,-17],[46,-2],[46,-31],[56,-18],[51,-32],[42,-35],[48,-20],[74,-18],[89,-4],[78,-20],[18,5],[38,10],[84,75],[30,10],[107,-15],[36,2],[116,-55],[28,-29],[14,-85],[-2,-96],[53,-86],[37,-26],[92,8],[31,12],[63,-4],[143,-90],[30,-16],[108,-98],[85,-26],[46,17],[71,-75],[26,-46],[37,-38],[38,-101],[-3,-79],[11,-67],[6,-40],[7,-63],[-43,-123],[-1,-53],[24,-73],[36,-49],[55,-134],[9,-68],[14,-23],[-2,-71],[9,-66],[-4,-47],[-39,-133],[19,-56],[26,-71],[-5,-74],[-10,-64],[10,-97],[15,-75],[49,-125],[36,-55],[10,-50],[5,-58],[-67,-142],[-2,-98],[-23,-90],[-24,-54],[-6,-45],[38,-112],[-20,-35],[-20,-18],[-50,-86],[-19,-111],[5,-52],[-14,-50],[-66,-128],[5,-67],[-2,-74],[8,-64],[-11,-33],[-41,-67],[-27,-97],[19,-32],[30,-81],[-2,-90],[-49,-99],[3,-64],[-42,-118],[-62,-86],[-50,-33],[-47,-71],[-21,-78],[-38,-57],[-35,-20],[-76,37],[-37,-1],[-77,-64],[-10,-84],[27,-55],[66,-31],[54,-43],[74,-145],[53,3],[44,74],[35,21],[110,-4],[96,-73],[48,-110],[-12,-72],[-21,-28],[-108,-64],[-41,-9],[-45,-37],[-26,-54],[68,-25],[17,20],[58,22],[55,-15],[15,-108],[37,-33],[-1,-82],[40,20],[74,-17],[-1,-57],[-18,-28],[84,-25],[-7,-53],[45,-29],[-12,-80],[14,-60],[36,-2],[30,35],[-29,15],[-18,36],[36,14],[20,-41],[26,-10],[49,-66],[-48,-5],[11,-55],[61,-8],[-28,-41],[8,-68],[55,4],[56,-60],[40,-72],[12,-84],[57,-57],[16,6],[61,-66],[51,-86],[24,-10],[17,-73],[30,4],[45,-72],[14,-84],[36,-9],[47,-41],[6,-61],[32,-64],[69,-15],[40,-18],[7,32],[68,37],[15,56],[35,50],[39,14],[23,30],[33,-17],[35,58],[52,11],[69,-6],[50,29],[96,30],[17,42],[23,-11],[51,14],[35,31],[29,-18],[98,18],[42,25],[60,8],[54,-29],[70,-110],[36,-4],[72,-53],[56,-106],[-8,-72],[32,-77],[-6,-28],[-32,-18],[-18,-69],[-23,-41],[-32,-96],[10,-26],[43,-29],[7,-36],[-34,-38],[-13,-55],[4,-68],[-25,-56],[-29,-18],[-27,-49],[-81,-12],[-31,-13],[-52,2],[-36,21],[-65,-43],[-26,2],[-65,-36],[-46,-56],[-7,-33],[-52,23],[-21,-11],[-39,26],[-58,-97],[15,-58],[-10,-65],[-52,-52],[-57,-1],[7,-152],[-66,-54],[-8,-31],[-52,-49],[10,-37],[-43,-82],[1,-40],[32,-15],[29,-40],[5,-42],[-61,-57],[-26,-69],[19,-69],[28,-34],[5,-100],[-34,-64],[-1,-44],[-52,-7],[-18,-27],[-64,6],[-33,-29],[23,-61],[28,-30],[-56,-41],[4,-33],[-40,-8],[-15,-29],[7,-43],[-14,-33],[-33,-6],[-5,-27],[-13,-58],[-23,-27],[-8,-50],[-24,-28],[45,-19],[31,5],[61,-33],[45,18],[25,-16],[80,46],[42,-8],[21,-41],[-41,-59],[-3,-57],[12,-18],[59,18],[24,-37],[63,-10],[30,-55],[-10,-47],[29,-29],[26,8],[18,-44],[-21,-73],[22,-45],[-28,-29],[-6,-31],[-28,-29],[26,-41],[37,13],[44,-91],[73,-74],[17,-35],[-16,-53],[26,-30],[69,44],[66,-4],[63,16],[32,-36],[42,-15],[-34,-39],[0,-51],[51,-50],[55,-10],[18,-34],[43,15],[30,-42],[-32,-30],[-1,-38],[77,-76],[2,-25],[-98,-65],[-51,-115],[0,-40],[-16,-51],[-90,-71],[18,-67],[2,-53],[46,-25],[62,7],[43,-25],[17,-32],[-23,-69],[38,-36],[60,5],[51,28],[41,-73],[-6,-45],[29,-23],[-16,-45],[42,-18],[-5,-70],[-8,-40],[29,-43],[-25,-51],[10,-48],[-11,-36],[45,-73],[-1,-71],[28,-81],[55,-9],[82,-100],[36,-125],[96,-37],[43,16],[84,-11],[61,24],[67,6],[36,-34],[70,-79],[74,18],[52,-16],[32,8],[77,62],[68,22],[35,-189]],[[62602,60221],[-35,-68],[12,-23],[51,-27],[6,-51],[34,-24],[0,-49],[24,-35],[59,-12],[26,-17],[50,-2],[8,29],[45,49],[-63,71],[42,124],[66,26],[164,-34],[112,71],[22,29],[15,64],[-18,60],[27,63]],[[63249,60465],[48,-61],[6,-203],[-62,-138],[-160,-28],[-49,-340],[-113,-121],[-131,-47],[-101,-78],[-193,-123],[-150,-53],[-49,-39],[-25,-60],[20,-32],[3,-51],[-33,-79],[-61,-52],[-30,-141],[-46,38],[-76,-74],[-15,-315],[-166,-11],[-279,-498],[-195,-338],[-52,-197],[-1,-49],[38,-26],[64,-13],[9,-71],[8,-152],[189,-147],[199,38],[223,-78],[92,-125],[216,-53],[60,-28],[12,-18],[-59,-5],[-41,13],[-42,-9],[-5,-54],[-19,-12],[-99,5],[-61,30],[-27,36],[-12,44],[-69,-5],[-27,-22],[-45,22],[-76,-8],[-98,-42],[0,-49],[56,36],[48,-26],[-12,-33],[35,-55],[45,-26],[-24,-28],[-21,-59],[-32,-44],[-78,-28],[8,-51],[39,-14],[42,-52],[-1,-49],[-38,-21],[-6,-50],[-35,22],[-16,-89],[28,-56],[41,6],[61,-54],[34,-16],[40,11],[25,-14],[45,9],[23,-20],[129,41],[-7,-45],[-33,-4],[-56,-36],[-143,-3],[-89,-43],[-61,-93],[-55,-34],[-31,-32],[-43,-2],[-1,-29],[-75,-2],[-21,-41],[31,-23],[82,17],[57,-3],[2,-69],[-23,-35],[60,-26],[-1,-61],[-25,-27],[3,-27],[-24,-67],[25,-27],[8,-82],[18,-47],[-42,-45],[40,-56],[-33,-25],[1,-33],[80,-14],[-8,-53],[-40,-71],[56,-48],[39,24],[62,-17],[8,-45],[-26,-52],[-32,-13],[-18,-49],[0,-40],[-22,-28],[37,-33],[47,63],[-15,23],[44,36],[44,-37],[-21,-57],[25,-8],[17,-43],[-11,-64],[13,-34],[33,20],[73,12],[32,-11],[-59,-63],[-54,-20],[-47,-37],[-4,-49],[-32,-16],[23,-47],[-70,-108],[38,-4],[50,-32],[-1,-40],[-77,-47],[-3,-30],[26,-29],[54,-22],[-32,-122],[-28,-24],[-35,-57],[83,-53],[-4,-61],[-30,-36],[-26,-8],[21,-111],[-47,-24],[14,-43],[-5,-39],[-27,-37],[71,10],[53,32],[96,-27],[49,8],[37,35],[35,14],[52,-8],[39,48],[31,-14]],[[62377,53386],[-21,-23],[-64,-28],[-61,-5],[-45,-45],[-69,-1],[-169,-53],[-127,-26],[-21,2],[-7,64],[20,72],[-1,182],[-37,37],[-35,-5],[-45,74],[-34,-274],[-29,-17],[-19,-90],[-405,3],[-258,2],[-161,-97],[-20,-54],[-51,-68],[-1,-33],[-25,-4],[-63,38],[-117,-115],[-15,-30],[-56,-27],[-51,0],[-22,-51],[-84,-41],[-71,-12],[-25,-30],[-92,-12],[-3,-58],[-47,-24],[-65,14],[-29,28],[-63,1],[-20,-30],[-41,-19],[-2,-54],[-34,-10],[-29,-70],[-32,42],[-71,-9],[-63,23],[-54,32],[-33,-40],[3,-42],[-54,-21],[-10,-40],[-25,-6],[-8,56],[-39,39],[6,24],[41,10],[-16,39],[-57,-10],[-41,11],[-10,27],[24,64],[-17,12],[-53,-19],[-28,19],[-43,-24],[-55,30],[-8,93],[17,49],[-17,20],[-55,4],[-54,30],[-65,-43],[2,-77],[-51,-40],[31,-32],[-28,-76],[24,-62],[22,-25],[15,-57],[-34,-29],[-8,-49],[19,-138],[58,-70],[-31,-35],[-40,-100],[-34,-32],[-20,-69],[-265,357],[-57,44],[-45,-17],[-37,11],[-56,-16],[-17,31],[-99,45],[-15,-36],[-49,-23],[-34,75],[-39,26],[-41,-10],[-36,10],[5,44],[-44,1],[-27,54],[-31,-27],[-6,-100],[-46,-20],[-127,-38],[-30,19],[37,53],[-9,76],[-21,45],[30,34],[-28,77],[22,29],[6,41],[21,24],[-47,-15],[-35,16],[-35,-32],[-87,-29],[-33,-53],[-63,-26],[-32,-34],[-64,-29],[-47,-1],[-45,-29],[-51,-54],[-41,-17],[-60,-1],[-17,-33],[-55,23],[11,70],[-23,10],[-22,169],[19,49],[-58,56],[-48,-6],[-32,-136],[-52,-30],[-4,-98],[3,-157],[-32,3],[-26,-28],[-40,32],[-4,33],[25,85],[-23,39],[32,32],[16,84],[-4,62],[-30,32],[37,86],[-48,106],[-7,61],[-60,20],[-19,37],[-4,50],[-72,55],[-32,6],[-74,-21],[-33,43],[4,59],[-12,25],[-2,78],[-71,61],[-16,27],[-87,60],[-15,51],[-42,2],[-16,87],[-53,15],[-21,-35],[-214,-359],[-11,28],[-50,31],[-15,45],[-51,36],[-41,-17],[-53,14],[-30,33],[32,54],[0,37],[-54,51],[-16,-1],[-29,117],[-46,-29],[-14,-43],[-44,-46],[-55,-37],[-17,-39],[-32,-31],[-61,-15],[6,-26],[-25,-36],[-11,-58],[-40,-42],[-26,-60],[2,-48],[-39,-56],[-13,-46],[-74,-88],[-42,-113],[30,-44],[-32,-81],[20,-30],[-4,-127],[18,-33],[3,-60],[-65,-48],[-380,239],[-379,239],[-450,284],[-1,19],[-71,30],[-20,-9],[-63,48],[-29,-11],[-25,27],[-47,15],[-35,-19],[-38,40],[-76,31],[-127,13],[-24,25],[-63,-1],[-88,53],[-1,33],[-86,46],[-49,6],[-50,58],[-7,66],[19,28],[-7,42],[18,61],[32,58],[-28,18],[-8,78],[35,-6],[45,41],[-11,38],[71,71],[-18,68],[16,47],[32,-15],[67,54],[-10,27],[-35,17],[-35,39],[25,47],[6,80],[24,15],[19,49],[28,5],[10,43],[46,20],[0,42],[37,48],[-66,-27],[0,-39],[-89,-36],[12,-26],[-107,-43],[-18,-39],[-98,-38],[-63,-71],[5,-40],[-85,-58],[6,-41],[-30,-5],[-14,-35],[-69,-86],[0,-30],[-39,-58],[7,-79],[-71,-35],[-35,-27],[31,-48],[-50,-33],[23,-23],[4,-46],[-40,-32],[20,-64],[-28,-95],[-32,-39]],[[52536,53532],[-4,42],[-121,3],[-75,49],[42,64],[-48,-3],[-20,-41],[-24,-8],[-6,50],[31,62],[-42,0],[17,106],[-27,24],[-44,118],[18,39],[-22,46],[-62,-5],[-39,11],[-11,87],[14,37],[59,-13],[14,41],[-42,39],[54,94],[6,67],[28,53],[-14,65],[25,20],[41,-7],[12,67],[-34,39],[15,76],[-40,98],[16,53],[-25,67],[39,36],[-2,42],[-42,61],[16,56],[-84,15],[-12,42],[17,32],[0,84],[20,46],[-13,35],[19,108],[0,44],[-31,30],[-13,44],[21,41],[-14,23],[4,51],[57,61],[5,49],[-30,45],[20,41],[41,30],[3,46],[-58,52],[-47,14],[-10,107],[-22,35],[-16,90],[-32,73],[11,32],[68,78],[28,11],[24,39],[3,105],[11,112],[-29,29],[-102,6],[-52,89],[10,83],[-11,33],[-6,99],[7,64],[24,48],[0,88],[36,58],[12,81],[16,39],[7,21],[57,46],[34,119],[3,65],[-17,40],[5,31],[-10,91],[15,61],[31,12],[20,67],[34,24],[23,52],[-4,63],[-14,45],[0,59],[-16,47],[10,39],[-28,95],[32,45],[39,34],[2,49],[-42,45],[-7,63],[23,46],[-1,29],[34,14],[59,134],[-16,49],[-30,135],[-26,18],[-2,33],[1,3],[46,40],[44,84],[48,5],[13,52],[36,68],[-7,61],[18,41],[-5,44],[29,25],[48,15],[-10,72],[19,69],[11,77],[57,34],[16,41],[51,54],[-11,69],[44,124],[12,64],[28,54],[8,54],[-17,95],[-19,50],[13,55],[32,60],[46,52],[6,34],[33,41],[57,36],[27,30],[18,49],[5,53],[32,63],[-2,40],[26,53],[4,56],[48,106],[41,45],[2,33]],[[62397,83409],[60,15],[5,90],[32,66],[41,-13],[-8,49],[63,104],[34,11],[18,60],[50,6],[-9,-41],[19,-53],[-33,-37],[1,-35],[42,15],[12,-219],[26,-1],[115,212],[-3,29],[45,86],[10,39],[40,0],[23,-77],[-15,-50],[-33,-16],[1,-57],[-42,-48],[3,-45],[44,-40],[-15,-49],[11,-26],[39,-3],[47,37],[-10,49],[25,31],[38,-4],[12,-35],[17,-12],[17,-14],[28,-16],[45,90],[14,60],[43,32],[-3,46],[65,-67],[10,-32],[-71,-94],[-30,-56],[4,-71],[63,-90],[37,-9],[59,51],[38,55],[-4,45],[11,89],[19,81],[35,35],[12,-58],[-13,-63],[-40,-38],[-12,-90],[21,-47],[-18,-50],[35,-36],[34,23],[52,12],[-10,-83],[41,40],[57,23],[5,-58],[61,-46],[-18,-104],[22,-46],[28,0],[22,61],[37,42],[5,30],[63,41],[1,41],[62,-5],[21,-18],[6,-58],[-32,-73],[-30,-4],[-41,-35],[-48,-9],[-22,-109],[-6,-72],[15,-18],[-18,-51],[29,-27],[39,25],[49,107],[29,25],[42,-5],[74,60],[-17,21],[9,60],[27,11],[17,74],[-15,35],[53,10],[75,-55],[-7,-79],[23,-118],[-3,-50],[-84,-44],[-104,-43],[-7,-29],[63,16],[94,-37],[17,-27],[-30,-125],[5,-30],[-35,-23],[-18,-53],[44,-26],[26,-6],[98,2],[42,29],[30,85],[53,60],[37,109],[43,-20],[41,54],[58,-25],[22,20],[44,9],[14,46],[56,-30],[3,-33],[48,-27],[47,-6],[44,18],[41,-69],[-40,-21],[25,-36],[40,27],[34,-30],[0,-48],[23,-13],[11,55],[-28,65],[-29,34],[10,56],[32,-34],[40,3],[3,25],[82,88],[28,10],[4,58],[55,21],[67,-42],[-29,-130],[-68,-31],[-23,-32],[-36,-83],[-36,-30],[-4,-46],[12,-75],[21,-31],[30,7],[40,6],[41,-42],[26,37],[12,75],[76,-40],[57,33],[18,-38],[24,-1],[54,53],[24,37],[41,8],[-11,-64],[34,-5],[17,38],[68,-56],[46,-74],[-49,-111],[-28,14],[-9,33],[-30,2],[-46,-19],[-66,-7],[-46,-57],[-42,-18],[-40,-57],[23,-28],[39,25],[30,-37],[71,-8],[25,15],[26,-40],[-38,-48],[-95,-86],[16,-15],[73,22],[36,29],[36,-7],[89,34],[-15,44],[4,67],[32,-7],[84,-57],[2,-20],[-35,-39],[62,-42],[5,-27],[48,-34],[-10,-55],[66,-65],[-33,-80],[5,-18],[52,25],[35,-27],[47,-142],[-9,-70],[30,-42],[-57,-53],[-63,-27],[-63,11],[-31,-36],[27,19],[58,-29],[48,-3],[35,27],[34,-57],[-23,-8],[-70,-79],[-58,-45],[-24,-34],[-2,-38],[-49,-28],[3,-74],[-17,-41],[-33,-35],[-55,-85],[-59,-50],[-48,-18],[10,-66],[74,-40],[38,14],[9,60],[55,42],[27,44],[97,97],[25,53],[5,40],[100,35],[27,-16],[25,17],[60,-52],[83,-126],[32,-158],[13,-7],[32,-84],[13,-63],[-49,-57],[17,-55],[-35,-73],[-32,-16],[-49,18],[-41,-14],[-79,7],[-33,-22],[-7,-41],[51,19],[59,-34],[8,-41],[-39,-60],[-39,-18],[-22,-75],[-52,-46],[-29,24],[-26,-10],[-4,-39],[-41,-132],[-36,-69],[-32,-91],[-22,-12],[-25,-67],[-45,-35],[8,-85],[-46,-108],[-14,-68],[39,-104],[-1,-30],[-42,-91],[-46,-33],[-16,-35],[-3,-53],[10,-55],[-6,-45],[17,-65],[21,-22],[100,-40],[58,-31],[98,-11],[34,3],[83,46],[105,115],[53,95],[37,110],[5,49],[-9,212],[16,76],[32,41],[7,48],[-11,35],[81,304],[-22,56],[-30,38],[51,45],[-1,41],[77,13],[30,30],[-13,27],[19,45],[67,2],[121,33],[39,24],[44,9],[22,7],[44,57],[39,16],[94,59],[73,8],[68,-7],[19,-64],[-7,-51],[-48,-11],[-10,-27],[56,-89],[7,-29],[-21,-53],[-1,-44],[-104,-35],[-28,-29],[2,-33],[-23,-24],[-12,-47],[4,-35],[-58,-70],[-14,-65],[-33,-7],[-27,-38],[-24,-7],[-37,-6],[-51,-47],[-58,-9],[-23,-15],[-33,-72],[21,-46],[41,-4],[26,20],[78,19],[97,-9],[42,9],[31,41],[47,-12],[36,24],[57,89],[7,30],[42,62],[19,53],[42,37],[106,43],[6,41],[51,112],[26,17],[62,0],[4,54],[38,46],[51,15],[8,21],[12,142],[20,12],[-13,65],[79,66],[7,-66],[-22,-38],[25,-21],[82,53],[6,24],[72,59],[4,47],[-32,45],[39,73],[4,79],[44,32],[69,25],[95,45],[52,-16],[22,-64],[-7,-24],[-42,-7],[-20,-33],[-9,-130],[-35,-110],[-38,-5],[-55,15],[-54,-76],[-39,8],[-30,-29],[-42,-79],[-33,-15],[15,-56],[44,-1],[31,35],[39,12],[14,-28],[34,6],[-14,-52],[11,-26],[37,7],[23,45],[45,4],[58,-45],[26,10],[57,106],[28,-39],[-39,-26],[-12,-35],[42,-5],[46,67],[7,83],[39,66],[30,8],[28,-48],[-21,-44],[31,-59],[49,-18],[52,-4],[18,35],[4,74],[-70,150],[11,47],[40,42],[48,23],[75,15],[61,-17],[10,7],[139,2],[166,-51],[82,-36],[105,-61],[96,-42],[113,-63],[102,-49],[111,-46],[174,-96],[132,-80],[38,-12],[112,4],[28,-37],[50,15],[68,-48],[123,-132],[46,-51],[75,-61],[55,-24],[84,-8],[47,8],[23,-68],[14,4],[27,9],[57,-24],[64,-12],[55,5],[72,-9],[7,-36],[51,-51],[68,-13],[77,2],[23,-11],[25,51],[-23,26],[17,133],[73,-42],[22,13],[168,-19],[96,3],[53,17],[31,-30],[32,-79],[27,-26],[32,5],[-5,61],[78,-24],[52,11],[113,0],[170,-13],[60,-16],[-42,-69]],[[71969,79424],[-33,-28],[-17,-41],[8,-77],[-47,-143],[71,-117],[62,-58],[22,-57],[-30,-51],[-29,-96],[-32,-27],[-71,-82],[-60,-86],[-42,-17],[-23,-32],[0,-64],[-28,-36],[-21,-56],[-57,-49],[-17,-59],[-13,-17],[-27,-41],[-34,-24],[-63,2],[-62,-44],[-92,7],[-31,-13],[-13,-40],[14,-18],[50,-7],[4,-59],[-47,12],[-12,-92],[-46,-25],[-10,-78],[-37,-25],[-41,7],[-21,-15],[-15,-82],[-52,11],[-50,-14],[-57,-31],[-65,-19],[-29,41],[-43,4],[-49,-41],[-74,4],[-25,-66],[-55,55],[-53,-64],[-49,-14],[-41,27],[13,55],[-31,15],[-15,-12],[-10,-58],[-43,-32],[-7,-66],[-54,-68],[-19,-55],[-13,-28],[-93,-40],[-15,-63],[-36,-55],[-23,-15],[-71,-89],[-19,-56],[31,-87],[-3,-40],[-30,-54],[29,-68],[-29,-30],[-68,-154],[-16,-54],[-7,-59],[-32,-51],[-94,-69],[-21,-63],[-13,-39],[-45,3],[-64,-114],[-24,-108],[-31,-63],[-69,-34],[23,-96],[-75,5],[-42,-37],[-27,-47],[-64,-70],[-7,-19],[4,-162],[16,-64],[27,-34],[2,-99],[4,-40],[31,-24],[48,1],[69,-44],[56,-66],[-15,-76],[55,-42],[8,-61],[-55,-105],[18,-70],[-14,-40],[-97,-178],[-64,-52],[-19,-40],[20,-49],[39,-27],[14,-39],[-12,-48],[-53,-47],[4,-50],[21,-53],[92,-85],[11,-116],[6,-18],[48,-82],[32,-27],[-20,-79],[12,-62],[29,-82],[8,-80],[13,-47],[40,-71],[4,-62],[23,-58],[14,-106],[-22,-60],[-46,-67],[7,-44],[32,-66],[-8,-92],[-22,-72],[-22,-23],[-65,-34],[-15,-32],[-35,-28],[-54,-10],[-29,-89],[-15,-22],[-60,-14],[-25,-23],[-11,-79],[-49,-61],[-20,-88],[-45,-49],[-20,-78],[-109,-19],[-29,-39],[-6,-31],[29,-19],[11,-38],[-20,-58],[29,-163],[-41,-18],[-16,-42],[7,-81],[17,-45],[-9,-69],[43,-77],[-12,-35],[-42,-59],[7,-21],[21,-24],[6,-98],[30,-52],[45,-30],[3,-63],[-60,-74],[4,-37],[39,-58],[18,-55],[34,-25],[50,-2],[43,-14],[31,-54],[19,-100],[82,-39],[25,-39],[51,-39],[52,-7],[48,-61],[-3,-31],[19,-42],[-5,-77],[-23,-56],[54,13],[14,-40],[-49,-46],[-7,-61],[-51,-89],[26,-167],[-46,-57],[27,-36],[-28,-39],[5,-79],[-6,-34],[-46,-72],[-21,-90],[4,-18],[-8,-53],[-63,-84],[-68,-42],[-34,-79],[-41,-29],[-83,-5],[-37,30],[-51,-1],[-31,-44],[-68,-34],[-36,-6],[-68,42],[-92,8],[-64,-9],[-52,-64],[-101,-23],[-62,10],[-22,-11],[-28,-46],[-39,10],[-17,-47],[-62,-25],[-60,14],[-20,-19],[-64,33],[-12,30],[-44,58],[-74,25],[-16,66],[-29,39],[-51,-24],[-33,35],[-50,22],[-36,40],[-79,34],[-53,-9],[-41,28],[-31,-15],[-56,3],[-47,-29],[-36,32],[-66,-64],[-75,-21],[-68,-59],[-66,15],[-37,-47],[-27,8],[-32,63],[-32,-2],[-38,-34],[-102,-8],[-44,-20],[-17,-57],[4,-46],[-40,-32],[-27,45],[-61,-6],[7,-45],[32,-43],[-35,-33],[-24,45],[-35,-76],[-28,-7],[-40,-44],[-12,-49],[6,-41],[-60,-33],[-4,-62],[-13,-33],[-62,-73],[-30,-5],[-26,2],[-6,-49],[-33,-50],[5,-51],[1,-42],[-83,-113],[-33,22],[-83,-30],[-48,2],[-70,-45],[-30,-33],[-95,-38],[-38,-40],[-50,-30],[-20,-64],[-30,-22],[-68,-4],[-14,-50],[-50,-48],[-3,-26],[-46,-81],[-55,-19],[-44,-33],[-41,-77],[-27,-94],[-46,-6],[-43,20],[-26,73],[-86,-43],[-13,17],[-70,27],[-7,-36],[-59,-26],[-12,-44],[-35,-48],[-30,-15],[-40,7],[-42,-66],[-11,-43],[-74,-20],[-23,-19],[-43,4],[-9,-4],[-30,-36],[-40,-4],[-65,-39],[-41,23],[-39,5],[-92,-30],[-27,-21],[-36,24],[-45,-43],[-14,-32],[-51,-24],[-25,-40],[-41,46],[-41,-26],[-22,-30],[-53,12],[-30,-23],[-80,-6],[-16,-39],[-68,-65],[-52,10],[-7,-64],[-39,-17],[0,-28],[-37,-12],[-12,-42],[-41,20],[11,-46],[-42,-5],[1,-62],[-30,-6],[-10,-31],[13,-49],[-20,-101],[-43,-34],[-3,-59],[-34,-38],[1,-49],[-28,-11],[5,-30],[35,-29],[-48,-35],[39,-23],[-34,-28],[-18,-73],[0,-54],[-17,-8],[-29,-62],[34,-30],[-54,-59],[31,-36],[-12,-67],[-38,-64],[20,-49],[-24,-39],[8,-70],[-25,-45],[-45,-43],[13,-36],[-57,-50],[-28,-47],[-36,-19],[-8,-98],[-26,-42],[-4,-40],[-22,-38],[-6,-65],[-30,-20],[0,-49],[-41,-18],[5,-27],[-28,-34],[9,-25],[-32,-62],[5,-59],[-9,-55],[19,-9],[-42,-68],[8,-38],[-42,-84],[-43,-18],[-7,-26],[60,-38],[-19,-27],[-65,-14],[-37,-64],[4,-41],[-46,-134],[-52,1],[-1,-38],[-58,-26],[-1,-48],[-33,2],[-70,-56],[-3,-17],[-4,-26],[-44,-47],[28,-37],[-5,-38],[-51,-45],[11,-36],[-37,-36],[9,-34],[-34,-60],[8,-57],[24,-45],[29,-25],[21,-66],[33,-34],[17,-58],[-11,-43],[22,-32],[18,-58],[-14,-96],[26,-82],[45,-66],[-18,-19],[15,-38],[4,-66],[-16,-82],[16,-62],[-23,-21],[36,-89],[10,-41],[51,-27],[37,7],[42,-44],[67,-112],[-6,-48],[16,-23],[24,-90],[-17,-7],[-45,-54],[-44,-90],[-1,-35],[-23,-26],[8,-81],[40,-60],[-30,-88],[9,-71],[-20,-42],[39,-110],[-1,-87],[-15,-48],[-23,-13],[-23,-53],[-4,-39],[-31,-73],[14,-118],[35,-82],[-27,-146],[-20,-23],[-37,-143],[23,-21],[-19,-105],[-18,-10],[-25,-57],[-5,-42],[-55,-47],[-15,-50],[-32,-15],[-24,-63],[22,-96],[-62,26],[-86,-6]],[[64649,82939],[-18,-64],[-26,49],[-21,15],[26,57],[35,-21],[4,-36]],[[64623,82725],[-45,-7],[12,84],[32,4],[16,-46],[-15,-35]],[[66027,79502],[13,-20],[-8,-61],[6,-62],[-12,-65],[1,-68],[12,-75],[0,-62],[-12,-109],[6,-70],[-24,-35],[-72,-54],[-87,-77],[-45,-24],[-25,43],[-43,42],[-44,28],[-22,47],[60,48],[30,117],[17,8],[28,119],[-13,42],[0,63],[68,94],[32,28],[12,33],[47,31],[21,33],[54,6]],[[65625,78942],[-6,43],[32,27],[22,-14],[-48,-56]],[[63668,83343],[-94,-8],[-4,90],[26,11],[65,-35],[7,-58]],[[64943,83232],[83,11],[66,-19],[48,-29],[25,-111],[-24,-4],[-20,-39],[-33,22],[-94,-71],[-56,-66],[-46,-28],[-37,2],[-35,43],[15,78],[-43,40],[11,51],[53,-18],[40,6],[-32,78],[33,67],[46,-13]],[[65372,82678],[-29,-44],[-28,-53],[13,-44],[-34,-48],[-43,13],[-11,55],[40,23],[5,51],[72,53],[15,-6]],[[65423,82727],[21,-63],[-19,-63],[-91,9],[37,48],[6,24],[-8,19],[-31,31],[60,21],[25,-26]],[[65466,82532],[-3,-25],[-66,-64],[2,58],[20,50],[47,-19]],[[65467,82168],[-22,-32],[-36,24],[39,25],[19,-17]],[[63321,83247],[-42,58],[2,56],[26,66],[21,29],[26,-18],[5,-72],[13,-8],[-5,-77],[-46,-34]],[[68130,80440],[-4,-67],[-41,-95],[-44,2],[-42,44],[-28,70],[33,30],[90,29],[36,-13]],[[68210,80328],[-65,-6],[12,72],[19,20],[33,-34],[1,-52]],[[67655,80398],[-30,-24],[-21,-59],[-22,82],[36,21],[37,-20]],[[63058,83548],[-39,-10],[-4,59],[45,11],[-2,-60]],[[71969,79424],[52,17],[47,-20],[24,-55],[68,-71],[25,11],[109,-114],[70,-43],[31,-44],[52,-38],[76,-26],[51,20],[50,-28],[52,-5],[71,40],[94,-25],[47,-9],[39,13],[53,-34],[76,-25],[40,15]],[[73096,79003],[2,-78],[42,-39],[70,-9],[30,-82],[12,-83],[-18,-48],[11,-87],[-124,-123],[-36,-65],[11,-48],[-164,-319],[-5,-60],[-37,-57],[34,-89],[54,-37],[64,35],[51,-1],[-7,-155],[16,-97],[38,-21],[-40,-14],[-14,-57],[3,-37],[-25,-50],[-68,-20],[-2,-43],[54,-30],[28,-88],[-23,-144],[17,-8],[59,-2],[48,-19],[16,-22],[53,-7],[36,-24],[-31,-29],[-18,-57],[16,-73],[-76,-122],[39,-39],[8,-64],[44,-50],[4,-37],[37,-39],[20,-76],[-20,-68],[-45,-56],[22,-69],[-39,-46],[128,42],[37,1],[32,-39],[108,-8],[16,-35],[-28,-26],[9,-31],[-39,-125],[31,-61],[16,-52],[61,-13],[-16,-26],[-2,-4],[-83,-132],[38,-187],[-1,-46],[-31,-41],[-35,-69],[-29,-51],[5,-60],[-39,-84],[-1,-62],[-23,-48],[-6,-75],[-29,-33],[-11,-52],[-29,-48],[-41,-16],[40,-11],[-26,-83],[9,-25],[60,-46],[48,-90],[-48,-74],[-47,-48],[-60,-92],[37,-31],[48,-8],[10,-21],[-36,-27],[-20,-50],[-23,-47],[9,-67],[-23,-39],[48,-54],[-13,-45],[30,-78],[71,-4],[49,-66],[36,-66],[59,-36],[7,-46],[-24,-63],[80,-13],[32,-87],[71,-38],[28,31],[25,-50],[85,-74],[9,-32],[51,0],[28,-40],[45,-12],[9,-27],[-15,-49],[22,-65],[-31,-43],[54,-60],[-28,-21],[-6,-57],[31,-28],[-12,-77],[-28,-19],[-11,-52],[42,-61],[12,-45],[-21,-26],[-38,3],[3,-58],[32,-24],[14,-52],[-29,-38],[0,-25],[1,-64],[-17,-21],[9,-58],[37,-40],[9,-78],[21,-33],[-12,-89],[-16,-45],[-53,-34],[18,-33],[5,-46],[32,-53],[-8,-46],[17,-59],[9,-91],[-7,-62],[8,-61],[27,-93],[-9,-40],[39,-42],[14,-142],[-30,-42],[-6,-37],[-31,-44],[-6,-65],[45,-2],[30,-24],[34,-125],[26,-85],[-16,-56],[13,-109],[-11,-55],[73,-103],[21,-58],[53,-47],[17,-92],[-30,-86],[-28,-47],[20,-89],[5,-82],[-6,-27],[15,-77],[5,-59],[74,-80],[32,-58],[8,-58],[33,-45],[-23,-92],[49,-58],[132,-5],[42,-53],[68,-44],[96,-12],[93,-25],[91,-6],[42,-64],[14,-67],[20,-15],[24,-59],[34,1],[63,39],[41,-15],[-37,-69],[-34,-26],[-30,-49],[-29,-13],[-9,-113],[17,-69],[-9,-34],[1,-122],[49,-19],[-50,-37],[3,-41],[-35,-36],[-36,-78],[-68,-103],[12,-37],[-48,-199],[-17,-74],[-5,-63],[9,-90],[-27,-49]],[[74883,67735],[-40,-35],[3,-24],[-18,-131],[-232,-104],[-25,-41],[-85,-18],[-31,-62],[24,-98],[52,-100],[80,-95],[42,-94],[11,-69],[-13,-68],[-18,-38],[-69,-68],[-16,-33],[0,-58],[22,-33],[42,-31],[149,-47],[53,-34],[28,-51],[9,-48],[-17,-205],[4,-63],[-37,-91],[-34,-85],[-52,-130],[-11,-58],[28,-51],[4,-36],[-34,-31],[-63,27],[-28,-48],[-47,-9],[-3,-36],[-73,-70],[-24,-57],[-58,-8],[-17,-31],[-44,-10],[-38,-22],[-6,-23],[9,-89],[-29,-60],[-56,-2],[-10,-40],[7,-63],[-41,-52],[-47,4],[-7,23],[-24,34],[-43,3],[-13,-27],[17,-51],[-40,-38],[12,-56],[-55,-59],[-51,43],[-64,79],[-48,-4],[-17,-53],[-71,-28],[-19,-36],[-22,-81],[-43,13],[-12,-20],[-19,-83],[-40,-46],[-41,-29],[-51,20],[-39,-119],[-27,-31],[-44,0],[-20,-45],[2,-59],[-15,-28],[-46,-9],[-39,-36],[-81,2],[-28,-54],[-39,-41],[-43,-27],[-48,2]],[[73016,64175],[-51,1],[-29,-44],[-39,-128],[-29,-72],[-23,9],[-49,-56],[-35,-57],[-35,-2],[-17,-47],[-34,-36],[7,-41],[-34,-29],[-19,-62],[-23,-15],[-10,-72],[-43,-22],[-11,39],[-80,-6],[-62,-73],[-80,-10],[-9,-46],[-35,-16],[-78,1],[-16,-37],[-4,-153],[-23,-41],[-84,-64],[-44,-49],[0,-44],[-48,-75],[-36,-123],[-38,4],[-35,9],[-32,-41],[-38,-10],[-13,-34],[-32,-21],[-52,38],[-23,0],[-38,39],[-62,-44],[-42,39],[-32,-13],[-81,-5],[-58,-54],[-88,-22],[-101,5],[-60,-19],[-44,24],[-28,-6],[-68,-63],[-39,2],[-66,-18],[-22,-43],[-70,-49],[1,-51],[-18,-25],[-76,-38],[-44,-32],[-18,-30],[-4,-48],[-46,-55],[-73,6],[-22,-27],[12,-37],[-16,-28],[-49,-18],[-89,14],[-37,-13],[-43,8],[-28,-47],[-37,-58],[-84,-7],[-23,-16],[-51,6],[-41,36],[-31,-13],[14,-45],[-53,-64],[-40,-25],[-7,-52],[-21,-25],[-67,-8],[-46,8],[-1,43],[-21,68],[5,40],[-20,26],[-31,-2],[-38,-33],[-20,6],[-61,89],[-54,-1],[-35,17],[-35,105],[-7,58],[9,73],[-30,52],[-35,18],[-117,-34],[-40,-1],[-3,46],[-34,-8],[-28,30],[-42,7],[-36,32],[-19,-32],[-38,24],[-32,-8],[-26,-79],[-46,-27],[-35,52],[-21,-1],[-53,-28],[-54,0],[-41,-21],[-18,49],[-45,26],[-52,57],[-39,-1],[-51,51],[-42,89],[-61,94],[-35,29],[-69,14],[-64,-30],[-46,-54],[-51,-38],[-85,-31],[-60,-80],[-35,-51],[-151,-123],[-140,-37],[-69,-48],[-9,-13],[-29,-56],[-38,-32],[-48,-85],[-33,-94],[24,-62],[-2,-68],[19,-13],[-17,-50],[30,-26],[64,-115],[12,-33],[-7,-58],[28,-89],[48,-36],[98,-46],[4,-20],[46,-5],[73,-50],[28,-51],[-29,-31],[-3,-34],[-24,-45],[-40,-15],[-31,-53],[36,-32],[6,-41],[-28,-50],[13,-33],[71,-43],[7,-48],[-16,-54],[-47,-36],[-5,-38],[-15,-47],[-46,14],[-88,-6],[-31,-62],[16,-56],[-10,-78],[-33,-104],[-54,-76],[-63,-73],[7,-62],[-6,-72],[-30,-41],[-48,-31],[-52,-62],[-9,-33],[-35,-43],[-3,-23],[4,-64],[-21,-37],[-29,-9],[-90,12],[-30,34],[-39,33],[-45,-18],[-18,-83],[22,-79],[-56,-79],[-47,-189],[-26,-23],[-61,-21],[-34,-77],[-30,-32],[-58,-8],[-24,26],[-38,11],[-35,34],[-22,0],[-60,-32],[-48,12],[-52,67],[-26,64],[-29,37],[-67,20],[-23,-21],[-84,-110],[-29,-23],[-51,-7],[-53,15],[-26,-22],[-21,-51],[-62,-37],[-60,7],[-44,43],[-69,8],[-26,-14],[-26,-54],[-58,-57],[-63,-3],[-31,-26],[-1,-38],[18,-73],[-12,-73],[-31,-23],[-76,16],[-70,-41],[-26,-26],[-2,-40],[-66,-13],[-50,-98],[4,-50],[-51,-43],[-36,-47],[-37,41],[-46,-44],[-29,-1],[-76,-67],[-30,25],[-63,69],[-50,21],[-48,-1],[-12,24],[-66,61],[-68,30],[-55,-18],[-22,15],[-93,4],[-29,11],[-77,5],[-31,40],[-60,-13],[-26,27],[-24,91],[-60,31],[-41,3],[-36,19],[-64,60],[-25,134],[-36,73],[-65,16],[-40,38],[-11,38],[1,99],[-21,38],[16,102],[-19,33],[37,54],[69,65],[9,46],[-50,33],[-23,47],[7,98],[-10,41],[-60,54],[-37,59],[-39,37],[-52,29],[-18,34],[-3,83],[-17,28],[-57,42],[-24,39],[-10,53],[14,54],[-4,52],[-27,45],[-53,36],[-81,-47],[-18,-1],[-49,-48],[-47,-26],[-74,0]],[[73096,79003],[65,39],[50,49],[138,-8],[73,10],[64,-14],[55,0],[20,15],[29,-39],[-15,27],[88,-12],[149,14],[96,28],[9,18],[72,-7],[38,34],[108,0],[27,-61],[23,15],[54,9],[44,21],[27,29],[44,19],[69,-5],[132,19],[65,-15],[75,18],[40,-11],[6,17],[100,45],[28,22],[21,54],[51,21],[96,-49],[35,-15],[69,-10],[82,2],[102,16],[133,-10],[67,-12],[22,11],[86,-5],[69,-58],[31,-13],[40,43],[58,-9],[60,-26],[30,7],[46,-19],[28,7],[137,-31],[52,-39],[53,-5],[67,-39],[13,-22],[47,-20],[150,-134],[20,3],[63,-46],[82,-72],[43,-11],[56,0],[37,-50],[52,5],[39,-18],[44,-91],[18,-20],[93,-25],[62,-59],[80,-44],[54,-63],[59,-12],[53,-30],[35,-42],[40,-17],[32,26],[53,-19],[42,-52],[101,-48],[46,0],[65,-54],[82,-114],[59,-105],[57,-50],[59,-4],[49,-96],[59,-57],[36,-15],[92,40],[34,-5],[41,-31],[83,-109],[11,-30],[31,-74],[24,-28],[34,-1],[89,-90],[102,-20],[82,-126],[49,-49],[55,-23],[63,-46],[42,-54],[54,-44],[145,-37],[16,7],[91,-57],[63,-8],[36,-15],[72,31],[52,-125],[86,-159],[93,-157],[57,-71],[70,-60],[69,-22],[111,-160],[35,-57],[34,-29],[100,-158],[73,-120],[80,-84],[79,-96],[23,-14],[50,-63],[51,-29],[63,-80],[120,-123],[118,-101],[20,-6],[63,-35],[104,-15],[2,-65],[34,-27],[49,-132],[44,-68],[55,-45],[80,-104],[110,-113],[111,-66],[30,-4],[39,7],[29,31],[34,3],[36,-45],[159,-74],[141,-39],[42,-25],[69,-77],[30,-55],[23,-87],[41,-117]],[[82202,74109],[-233,-69],[-200,-58],[-46,-13],[-388,-104],[-45,-183],[-37,-139],[-75,-23],[-33,-25],[-18,-76],[-71,-100],[-25,-122],[-25,-43],[-2,-39],[8,-54],[-16,-73],[21,-46],[-10,-27],[-58,-50],[-51,-48],[-26,-12],[-37,-87],[7,-84],[-37,-53],[-28,-64],[-6,-73],[-22,-51],[-73,-11],[-35,-81],[-88,-49],[-18,-31],[-1,-44],[-35,-24],[-32,-74],[-19,-41],[-37,-17],[-66,-68],[0,-66],[-15,-42],[95,-47],[-26,-56],[-33,-59],[-61,-68],[-41,-73],[6,-39],[-14,-86],[-45,-51],[-4,-31],[-33,-28],[-10,-37],[-3,-19],[-83,-40],[-95,-96],[-17,-27],[-1,-85],[-50,-58],[-71,-54],[-30,25],[-44,-1],[-63,-26],[-20,21],[-11,67],[-52,-10],[-18,-3],[-45,-50],[-32,-19],[15,-29],[-48,-40],[-8,-23],[-17,-38],[-5,-54],[-56,-58],[-2,-28],[-57,-7],[-5,-52],[21,-24],[-19,-41],[-39,-16],[-19,-46],[-56,-40],[20,-36],[8,-29],[-34,-38],[11,-72],[33,-22]],[[79272,70202],[-67,-57],[11,-41],[34,-26],[46,16],[61,-23],[-32,-37],[-35,-29],[-5,-38],[-24,-12],[-7,-46],[-55,-78],[-39,-32],[4,-49],[8,7],[-44,-60],[-36,-75],[30,-57],[-39,-30],[-5,-29],[-18,-38],[23,-31],[-12,-48],[-23,-5],[-23,-80],[37,-61],[8,-69],[53,-53],[34,-12],[-7,-28],[-78,-47],[-48,-63],[3,-28],[-8,-38],[-123,-89],[-58,-18],[-20,-18],[14,-15],[7,-60],[-18,-32],[30,-15],[18,-41],[-19,-34],[-32,-16],[30,-8],[47,-39],[88,-43],[4,-29],[36,-15],[8,-4],[-16,-50],[46,-65],[-5,-28],[-43,-75],[3,-93],[-11,-47],[84,9],[43,-19],[11,-74],[10,-26],[51,-44],[76,21],[10,-32],[26,-35],[17,-64],[-33,-61],[1,-53],[-20,-49],[-46,-69],[-11,-44],[-27,-45],[28,-11],[-4,-38],[-46,-25],[5,-33],[-93,-7],[32,-70],[-34,-37],[-16,-130],[-18,-40],[-49,-27],[-46,-5],[-26,-105]],[[78930,66958],[-5,-13],[-33,-18],[-24,-68],[-40,11],[-71,-31],[-44,-2],[-27,-24],[21,-49],[-30,-57],[-40,-2],[-53,23],[-22,-30],[-4,-62],[-30,-8],[-100,-21],[-15,-58],[14,-26],[-30,-71],[-26,-27],[6,-37],[-8,-4],[-79,14],[-38,71],[-16,-28],[-64,11],[-31,-58],[-56,-40],[11,64],[-6,59],[-26,63],[-1,35],[-8,28],[-90,108],[-55,7],[-47,46],[-36,20],[-99,-39],[6,55],[-37,48],[-91,-1],[-71,52],[-7,20],[-62,45],[-50,29],[-65,13],[-5,42],[-27,33],[-28,4],[-58,-2],[-25,103],[65,79],[-11,79],[-71,0],[-22,18],[-77,-47],[-21,-4],[-37,61],[-20,78],[-62,3],[-61,4],[-43,118],[-58,58],[-77,53],[-79,28],[-43,1],[-64,-14],[-59,8],[-30,-9],[-64,17],[-73,-37],[-32,4],[-49,-7],[-166,-85],[-100,-16],[-95,-6],[-90,3],[-65,26],[-87,35],[-56,43],[-47,59],[-47,44],[-107,1],[-78,-73],[-35,-68],[-73,-32],[-89,2],[-35,16],[-137,98],[-30,11]],[[82202,74109],[71,-129],[58,-68],[33,-23],[51,-73],[43,-6],[25,30],[52,35],[52,-18],[60,-44],[37,-8],[76,52],[55,-5],[42,33],[92,-71],[41,-14],[50,3],[51,-56],[97,-137],[51,-45],[46,-14],[77,-46],[42,-36],[60,-19],[91,2],[78,-17],[5,40],[62,-17],[92,-8],[3,30],[74,37],[75,-18],[56,7],[95,-36],[78,-22],[90,5],[52,-38],[41,37],[107,-22],[183,-1],[71,11],[66,39],[43,27],[57,9],[38,30],[54,5],[73,20],[73,-7],[90,-39],[49,-18],[59,-3],[60,-18],[69,3],[25,-10],[182,-66],[27,4],[131,-46],[49,14],[101,-52],[55,-11],[66,-32],[64,-15],[48,-56],[20,-46],[94,-62],[59,-83],[18,-43],[26,-37],[36,-180],[38,-59],[26,-9],[37,-27],[-2,-44],[39,-61],[11,-71],[34,-47],[28,-4],[10,-93],[17,-30],[8,-70],[37,-49],[3,-95],[22,-50],[-1,-101],[29,-57],[28,-19],[-18,-52],[-8,-57],[21,-30],[4,-68],[30,-45],[-5,-96],[5,-72],[18,-40],[38,-7],[0,-38],[-6,-47],[9,-79],[22,-46],[31,-6],[18,-37],[17,-13],[16,-66],[-8,-78],[30,-37],[-9,-137],[6,-74],[9,-112],[25,-14],[10,-58],[36,-37],[45,-3],[13,-21],[-3,-82],[9,-49],[4,-63],[10,-103],[17,-37],[61,-14],[39,-124],[2,-83],[12,-91]],[[87313,69865],[-22,0],[-30,-36],[-82,-11],[-19,-29],[-46,-28],[-85,78],[-38,-20],[-24,-63],[-50,-59],[-52,-14],[-56,21],[-30,17],[-38,56],[-12,-22],[-53,-10],[-48,-25],[-125,-1],[-24,15],[-52,68],[-97,57],[-76,8],[-50,10],[-42,-10],[-66,25],[-79,-14],[-38,-24],[-37,19],[-51,64],[-28,-9],[-45,21],[-60,20],[-41,-3],[-56,-55],[-43,-1],[-34,-17],[-72,-16],[-14,-2],[-203,-13],[-165,-11],[-47,22],[-21,-12],[-69,20],[-25,75],[-45,19],[-90,99],[-43,-37],[-1,0],[-30,-23],[-75,10],[-69,-14],[-117,-8],[-52,-9],[-3,85],[-90,21],[-17,36],[6,30],[33,40],[11,36],[-5,59],[-36,65],[-41,23],[-68,-49],[-42,-19],[-72,41],[-75,-169],[-10,-9],[-150,13],[-10,-72],[-60,-169],[6,-69],[6,-56],[99,-50],[5,-50],[55,-30],[28,-33],[9,-166],[-25,13],[-25,-26],[-25,46],[-94,57],[-16,-42],[-47,-142],[-13,-75],[-25,-32],[33,-60],[24,-6],[64,-52],[8,-61],[-20,-103],[-43,-19],[-32,-43],[-37,3],[-31,-42],[14,-45],[-80,-142],[-76,-9],[-39,14],[-72,6],[-17,-22],[-33,-103],[-20,-20],[-43,25],[-38,43],[-27,52],[15,54],[6,39],[27,51],[33,111],[-87,-6],[-8,132],[-139,143],[-168,-66],[-110,-67],[-32,64],[4,45],[-13,48],[-36,37],[-22,-6],[-71,-62],[-62,-44],[-28,-8],[-100,-33],[-17,4],[-55,-84],[-90,-71],[-94,4],[-46,34],[-6,81],[-26,45],[12,77],[-59,49],[15,49],[-69,12],[-63,-31],[-119,2],[-26,8],[-173,-33],[31,79],[11,50],[-23,39],[4,68],[-13,33],[12,104],[-17,43],[40,39],[97,-2],[48,36],[9,24],[11,146],[22,41],[-33,43],[-1,49],[17,26],[25,55],[0,64],[32,57],[66,36],[42,77],[63,-10],[31,5],[5,73],[43,65],[40,34],[72,19],[18,55],[43,10],[39,71],[-41,27],[18,81],[-10,23],[-5,137],[-46,0],[-18,23],[-46,-8],[-20,37],[-55,-2],[-36,-70],[-32,-6],[-20,21],[-90,-45],[-41,-49],[-55,4],[-33,-62],[-117,-8],[-18,-20],[-11,-64],[-54,-17],[-87,0],[-32,-3],[-9,-33],[-46,3],[-20,24],[-77,-51],[-27,-3],[-50,-9],[-18,-24],[-59,-3],[-61,13],[-20,21],[-74,-30],[-28,-34],[-3,-39],[-44,-36],[-2,-37],[33,-18],[-21,-52],[14,-49],[-66,8],[-39,-9],[-38,-69],[-32,-35],[20,-22],[-55,-83],[-68,10],[-2,-77],[-25,2],[-41,-31],[-14,-24],[-37,-8],[-29,41],[-28,8],[-7,-45],[-83,-25],[-26,-37],[16,-55],[-32,-17],[-31,12],[8,34],[-38,8],[-37,-26],[-24,-50],[-31,-26],[-4,-37],[-52,-37],[-29,6],[-26,67],[-54,-15],[-51,3],[-20,27],[-63,12],[-62,1],[-72,-58],[-19,47],[-38,0],[-32,68],[-34,11],[-64,1],[-27,87],[-39,32],[-56,-10],[-47,26],[-6,27],[-73,9],[-12,71],[68,81],[-41,-10],[-62,-57],[-64,37],[-66,-36]],[[87313,69865],[8,-296],[4,-72],[24,-107],[49,-40],[-2,-84],[8,-49],[-28,-35],[35,-35],[22,-51],[8,-99],[28,-102],[25,-44],[75,-53],[-26,-68],[23,-78],[-30,-45],[-11,-23],[19,-109],[14,0],[47,46],[19,-48],[-29,-65],[28,-45],[-3,-71],[23,-28],[-1,-45],[28,-41],[36,-23],[-4,-101],[-21,-61],[-4,-68],[16,-86],[-7,-102],[17,-39],[-19,-141],[-18,-170],[16,-43],[-23,-47],[11,-51],[-28,-64],[-27,-37]],[[87615,67145],[-45,23],[-30,-21],[-45,30],[-67,-14],[-35,34],[-62,-26],[-55,99],[-11,28],[10,69],[-38,22],[-60,71],[-42,21],[-50,48],[-84,-17],[-102,34],[-41,11],[-42,-25],[-58,43],[-71,16],[-71,-33],[-65,-55],[-53,-16],[-22,-17],[-13,-33],[-32,-20],[-51,-18],[-87,-63],[-22,9],[-36,44],[-57,-58],[-43,-20],[-15,-73],[-44,-74],[-13,-73],[-22,-28],[42,-59],[-30,-46],[27,-47],[-16,-13],[-17,-26],[-56,-15],[-63,28],[-45,-8],[-26,-23],[-27,-48],[-57,-43],[-51,-15],[-35,25],[-41,-34],[-51,-6],[-24,-35],[-26,2],[-70,-46],[-79,-24],[-57,6],[-69,-18],[1,-31],[-38,-57],[-25,-10],[-43,19],[-33,-12],[-35,7],[-72,-32],[-27,-34],[-41,7],[-46,42],[-31,-14],[-29,47],[-56,6],[-73,-14],[-37,6],[-90,-6],[-32,-16],[-20,51],[-22,16],[-67,-54],[-17,-29],[31,-54],[-52,-36],[-86,60],[-78,-3],[-59,9],[-23,-17],[-58,5],[-56,-13],[-13,-29],[1,-153],[-37,-76],[-34,4],[-42,-26],[-43,12],[-83,48],[-35,7],[-44,-15],[-14,-27],[12,-53],[-32,-58],[-57,23],[-35,-94],[-2,-182],[-56,-34],[14,-53],[24,-5],[19,-46],[-26,-23],[-56,-8],[-64,-45],[15,-38],[-71,-15],[-12,-28],[-58,-9],[-26,-52],[-59,16],[-40,-14],[-15,-25],[-110,-44],[-39,-34],[-37,-13],[-28,-32],[-33,-43],[-54,-19],[-17,-56],[-52,5],[-29,-15],[-66,34],[-44,61],[-80,-5],[-14,16],[3,53],[32,21],[-32,28],[-44,-30],[-50,63],[-8,91],[-33,-9],[-43,17],[-7,30],[28,22],[-17,29],[32,35],[-8,64],[9,31],[-29,60],[-3,34],[22,42],[-3,29],[-24,68],[-34,1],[-40,36],[2,57],[-34,22],[-31,-30],[4,-24],[-98,12],[-31,-9],[-32,17],[-46,-7],[-63,-30],[-26,28],[4,51],[45,10],[47,27],[-5,32],[17,45],[37,1],[97,77],[-7,69],[47,6],[7,21],[-17,76],[29,0],[77,41],[28,-24],[42,52],[-12,17],[41,71],[-26,42],[1,31],[-25,49],[-35,64],[-41,53],[-6,43],[33,57],[9,41],[35,58],[59,50],[42,53],[87,45],[21,-2],[36,33],[63,20],[1,0],[33,19],[16,-18],[43,36],[-3,18],[-85,106],[0,47],[22,31],[-27,45],[-61,17],[-32,-10],[-12,39],[-29,25],[-111,30],[-22,30],[-51,8],[-20,57],[-44,38],[-39,9],[-45,44],[-60,0],[-32,-1],[-29,-35],[-58,-3],[-32,3],[-64,-84],[17,-36],[-81,-56],[-67,-13],[-36,13],[-36,-11],[-41,8],[-67,-18],[19,-63],[-77,-128],[-14,-66],[-32,-33],[-66,-28],[-85,-49],[-22,-45],[-24,-17],[-42,4],[-15,19],[-46,-31],[-13,-33],[-54,-6],[0,-48],[-49,-27],[-15,-44],[-24,-31],[-17,-42],[29,-27],[-8,-47],[-38,-31],[-14,24],[-42,81],[-34,-1],[-19,-45],[-63,-2],[-43,-19],[-53,-82],[-50,-37],[-41,-38],[-12,-43],[-36,-29],[-33,-64],[-29,-29],[-32,12],[-35,-16],[-66,75],[-21,4],[-67,-62],[-13,-26],[-1,-59],[23,-36],[-26,-28],[-96,30],[-26,59],[-27,32],[-46,9],[-24,-26],[-105,-78],[-38,-27],[-54,7],[-28,-16],[-40,29],[-21,81],[16,42],[-34,92],[-3,59],[-33,58],[-40,-4],[-23,43],[-61,-75],[-44,-14],[-17,-45],[-41,2],[-14,24],[-52,6],[-15,-33],[-59,-9],[-14,-40],[-63,-12],[-41,15],[-47,-20],[-38,24],[-28,-18],[-31,38],[-15,61],[-26,52],[-85,97],[-14,-7],[-37,65],[-42,33],[-22,1]],[[87553,68596],[31,-1],[-7,-55],[-20,-28],[-19,70],[15,14]],[[87615,67145],[-12,-13],[17,-56],[41,-96],[10,-44],[-32,-52],[-26,-86],[-31,-9],[38,-33],[-3,-33],[21,-56],[0,-42],[-27,-85],[-4,-63],[-18,-18],[9,-73],[16,-62],[22,-39],[9,-106],[-17,-86],[-32,-136],[-38,-41],[-3,-41],[-48,-139],[-60,-145],[-20,-78],[0,-68],[-24,-34],[7,-19],[-32,-43],[-28,-123],[20,-20],[-15,-42],[1,-50],[-26,-65],[-30,-46],[31,-28],[-44,-112],[-8,-48],[-24,-43],[-18,-57],[-9,-69],[8,-62],[-8,-35],[-36,2],[-25,-27],[-32,-97],[-51,-105],[1,-46],[-39,-57],[20,-33],[-23,-65],[7,-46],[-39,-48],[2,-50],[-34,-43],[-28,-59],[-9,-46],[10,-50],[-51,-132]],[[86901,63647],[-7,28],[-34,32],[-60,8],[-25,-12],[-58,22],[-40,-10],[-61,31],[-17,-4],[-141,41],[-98,28],[-32,30],[-91,-10],[-21,8],[-26,58],[-56,-31],[-50,30],[-33,-27],[-16,16],[-62,-37],[-6,-19],[-28,-9],[-53,-48],[-17,2],[-41,-44],[-44,-2],[-43,-37],[-65,-26],[-52,-7],[-56,-20],[-77,51],[-2,39],[18,48],[-43,40],[-29,-32],[-34,7],[-8,-33],[-41,-5],[-35,35],[-59,-11],[-54,5],[-29,-60],[-59,-20],[-85,-30],[-38,-23],[-62,12],[-69,-18],[-41,-66],[-103,-43],[0,-49],[54,-56],[-16,-48],[-22,-26],[-68,-38],[-62,4],[-37,-10],[-32,-72],[-69,-68],[-58,-7],[22,-97],[-17,-66],[-60,-21],[-67,-29],[-14,-39],[-63,-46],[-45,5],[-60,-17],[-28,-16],[-37,45],[-52,-40],[-17,-30],[-55,-2],[-29,-58],[-119,-51],[-41,-26],[-6,-43],[18,-56],[-90,-24],[-41,23],[-44,45],[-58,2],[-65,52],[-139,55],[-79,-23],[-87,-21],[-24,28],[-47,24],[-27,-20],[-41,-12],[-35,-39],[-29,-79],[10,-33],[-32,-26],[13,-51],[-14,-19],[-42,-10],[-54,56],[-53,18],[-47,94],[-52,2],[-17,19],[-5,-26],[-10,52],[11,40],[-23,37],[-52,54],[-58,14],[-30,-49],[-77,-40],[-11,25],[21,71],[-86,58],[-69,-29],[-13,57],[-26,36],[-1,29],[-70,68],[-41,81],[-32,35],[-15,38],[-22,-2],[-70,101],[-73,69],[-9,-3],[-2,21],[-45,34],[-33,-3],[-83,24],[-54,28],[-14,47],[-46,2],[-14,13],[-46,6],[-22,-24],[-89,4],[-33,-49],[-41,-32],[-65,20],[-55,-12],[-29,40],[52,18],[-59,76],[-1,23],[-11,35],[-35,37],[-31,69],[-18,12],[-31,77],[-41,-17],[-56,-59],[-61,-32],[12,-52],[-30,-45],[17,-16],[-29,-117],[-31,-56],[-78,-90],[-42,-20],[-1,-21],[-68,-74],[-32,-45],[-7,-35],[-36,-34],[-17,-59],[-34,-20],[-41,-2],[-39,-21],[-61,-8],[-21,-17],[-58,3],[-52,-65],[-64,-51],[-28,-82],[-2,-32],[-50,-73],[-52,-15],[-77,-84]],[[79999,62581],[-29,101],[-83,188],[17,41],[-20,74],[-54,61],[-13,19],[-6,62],[34,39],[-45,53],[12,28],[39,21],[30,37],[1,28],[-29,58],[-47,61],[-37,-1],[-50,-27],[-52,-62],[-40,-31],[-33,-2],[-69,30],[-78,64],[-43,51],[-24,55],[-12,53],[19,36],[71,60],[21,92],[-25,42],[-70,48],[-89,21],[-41,-20],[-44,-67],[-39,-94],[-6,-165],[-31,-58],[-25,-17],[-50,11],[-38,27],[-33,63],[-10,73],[-10,95],[-19,50],[-23,23],[-51,22],[-128,131],[-23,15],[-107,8],[-163,-29],[-55,-22],[-56,29],[-49,82],[-54,36],[-22,28],[-70,12],[-84,30],[-93,19],[-29,14],[-24,37],[-30,-35],[-45,-12],[-75,14],[-25,55],[-5,151],[-35,25],[-21,48],[1,33],[-31,51],[-58,14],[-74,-1],[-26,29],[-51,37],[-81,-24],[-44,-54],[-37,0],[-20,-48],[-34,-27],[-95,-29],[-17,-22],[-68,-27],[-27,-35],[-102,-53],[-71,-6],[-33,6],[-63,-9],[-9,-50],[43,-167],[-10,-29],[11,-72],[-49,-37],[-59,1],[-59,13],[-91,-64],[-70,14],[-96,-15],[-67,-24],[-22,-56],[3,-35],[49,-97],[11,-89],[-32,-74],[-24,-17],[-38,-68],[-87,-121],[-52,-22],[-59,-13],[-136,-9],[-26,-38],[-118,-83],[-66,7],[-26,37],[-84,76],[-68,24],[-56,-43],[-20,-29],[-30,-90],[-15,-75],[16,-100],[-32,-116],[-20,-114],[-22,-30],[-41,-123],[8,-39],[-50,-68],[-34,-4],[-44,16],[-60,52],[-48,-42],[-32,-90],[-31,-44],[-66,31],[-31,4],[-47,-20],[-22,-29],[-8,-41],[-23,-40],[-38,-23],[-61,-7],[-52,-34],[-130,40],[-76,47],[-78,13],[-38,-4],[14,33],[-9,42],[48,34],[-7,81],[18,46],[2,42],[-42,56],[38,47],[43,-24],[25,49],[48,22],[16,49],[-29,71],[28,49],[24,67],[6,70],[-40,54],[-55,-8],[-51,43],[-56,14],[-39,46],[-65,6],[-38,47],[-12,111],[-18,67],[-39,77],[2,67],[-23,16],[-11,63],[-34,20],[-31,68],[-3,47],[-41,55],[-14,36],[-56,-25],[-29,8],[-4,29],[-41,19],[-47,-14],[-47,-38],[-22,22],[14,67],[-25,59],[-103,4],[-48,10],[-21,53],[-36,42],[13,63],[-18,37],[-101,-18],[-109,17],[-28,-36],[-57,-8],[-34,-35],[-37,0],[-23,21],[-66,-1],[-53,51]],[[92990,76635],[65,25],[-12,-54],[-38,-53],[-24,19],[-50,-26],[-17,11],[40,52],[36,26]],[[86901,63647],[-31,-54],[-34,-111],[-78,-77],[-50,-106],[-5,-39],[-8,-37],[-26,-23],[-33,-90],[-30,-22],[-1,-46],[-22,-14],[0,-41],[-29,-58],[-27,-13],[-22,-57],[-21,-24],[-33,-63],[-74,-79],[-19,-39],[-144,-110],[-28,-35],[-44,-66],[-21,-100],[-27,-44],[-25,-7],[-66,-83],[-10,-32],[-64,-62],[-9,-45],[-35,-9],[-22,-37],[-40,-20],[-36,-35],[-16,-33],[-74,-98],[-39,-116],[-33,-27],[-22,11],[-63,-31],[-64,-71],[-54,-51],[-19,-43],[-74,-104],[-76,-131],[-35,-42],[-3,-46],[-71,-73],[-55,-98],[-28,-67],[-66,-98],[-60,-118],[-30,-59],[-107,-63],[-92,-157],[-21,11],[-55,-43],[-38,-66],[-82,-71],[-50,-68],[-36,-30],[-64,-81],[-23,-47],[-6,-78],[16,-22],[-56,-71],[-47,-85],[-42,-93],[-64,-124],[-19,4]],[[84119,59590],[-17,26],[-41,113],[-19,33],[-73,55],[-53,-38],[-6,-3],[-28,-17],[-74,2],[-60,37],[12,99],[-18,48],[1,40],[-17,68],[-35,38],[-29,29],[-47,86],[-24,11],[-57,-40],[-58,-7],[-41,1],[-42,14],[-63,94],[-96,2],[-22,36],[-56,5],[-41,58],[-12,26],[-12,35],[-36,47],[-24,-2],[-27,20],[-38,2],[-15,36],[-29,68],[-33,28],[-4,32],[-2,13],[-18,41],[7,79],[-19,68],[-25,31],[-51,30],[-83,-39],[-72,18],[-47,74],[-45,32],[-13,30],[-49,36],[-64,51],[-34,-14],[-41,8],[-67,-4],[-44,15],[-34,105],[-54,52],[-26,0],[-66,35],[-46,66],[-105,30],[-32,39],[-130,41],[-110,6],[-28,9],[-100,9],[-55,45],[-128,89],[-12,21],[-14,32],[-28,44],[-71,48],[-83,13],[-88,-36],[-15,47],[-37,35],[-19,36],[-30,-5],[-24,39],[-98,75],[-18,28],[-51,-25],[-88,38],[-74,18],[-31,31]],[[80523,62106],[12,41],[-29,52],[-25,23],[-47,3],[-58,32],[-20,39],[-79,12],[-11,-15],[-53,11],[-35,-6],[-53,37],[-48,15],[-1,43],[20,22],[-26,79],[-21,27],[-50,60]],[[84119,59590],[-28,-40],[-63,-11],[-111,-50],[-92,-38],[-191,-95],[-134,-109],[-139,-70],[-111,-77],[-97,-85],[-56,-59],[-33,-35],[-119,-149],[-22,-38],[-50,-53],[-116,-167],[-48,-89],[-19,-15],[-1,-57],[-51,-68],[-152,-248],[-40,-79],[-24,-71],[-26,-54],[-92,-103],[-118,-171],[-37,-69],[-52,-121],[-22,-79],[-6,-73],[-28,-33],[-37,-17]],[[82004,57167],[-31,-3],[-28,-38],[-58,-59],[-87,-76],[-57,-32],[-105,-3],[-34,-63],[-77,4],[-46,13],[-27,37],[-36,-30],[-49,19],[-16,37],[-68,-46],[3,-26],[-47,-41],[-37,-3],[-33,26],[-34,3],[-4,36],[-42,-1],[-22,34],[-91,10],[-34,19],[14,46],[-54,35],[-46,38],[-36,84],[-25,8],[-38,-16],[-43,90],[-43,-49],[-72,83],[-2,43],[-21,17],[-8,46],[-27,12],[15,30],[-9,48],[-22,25],[-9,43],[41,38],[-19,31],[27,27],[-23,23],[8,31],[29,16],[-9,57],[-49,15],[-44,39],[-54,-9],[-42,58],[-12,42],[13,48],[-53,21],[7,46],[24,53],[-36,66],[-24,18],[0,71],[-42,24],[-16,-30],[-37,45],[-54,30],[-40,73],[13,48],[-66,30],[-40,43],[-19,82],[0,76],[9,31],[-28,45],[23,27],[-8,32],[46,53],[19,54],[-16,79],[26,42],[63,13],[71,-32],[25,-3],[79,18],[69,-8],[57,38],[23,-19],[14,-45],[109,-83],[10,2],[44,18],[16,-16],[80,105],[139,42],[38,43],[47,-9],[-10,41],[23,47],[-17,67],[12,64],[-25,36],[-30,3],[-4,62],[8,52],[30,60],[6,21],[-19,66],[-59,102],[-14,45],[2,50],[22,9],[9,55],[90,46],[28,40],[97,24],[-4,64],[-53,62],[41,2],[3,62],[-23,28],[27,39],[-41,108],[-40,43],[20,89],[-8,27],[-17,12],[-14,23],[-22,20],[43,177],[-19,27],[-51,2],[-43,33],[-43,74],[-23,5],[-104,124],[15,54],[-23,1],[-72,-62],[-68,15],[-64,83],[26,26],[-7,41],[-27,25],[26,58],[-17,20],[6,58],[-39,34],[-5,63],[-28,20],[-24,119],[-3,66],[23,28],[5,67],[51,28],[-23,32],[-70,40],[-22,87],[53,17],[37,49],[-4,55],[43,65]],[[82004,57167],[-17,-50],[-79,-107],[-49,-84],[-86,-185],[-145,-329],[-8,-9],[-217,-551],[-81,-171],[-89,-196],[-188,-358],[-96,-140],[-73,-115],[-107,-180],[-61,-89],[-117,-200],[-22,-63],[-42,-83],[-64,-49],[-24,-34],[-16,-66],[-59,-52],[-67,-80],[-141,-189],[-51,-61],[-46,-75],[-74,-97],[-57,-61],[-25,-12],[-54,-77],[-68,-87],[-42,-31],[-24,16],[-46,-14],[-106,-77],[-18,-25],[-64,-48],[-132,12],[-129,-7],[-129,-6],[-28,-43],[-37,-15],[-39,-36],[-51,-24],[-52,-73],[-23,-5],[-36,-70],[-79,-48],[-72,-38],[-59,-47],[-25,-40],[-116,-70],[-31,-21],[-53,-107],[-18,-80],[-6,-66],[7,-93],[30,-84],[10,-24],[64,56],[28,-23],[-1,-105],[30,-61],[0,-25],[-56,-59],[14,-24],[-33,-50],[-16,-85],[12,-80],[58,-63],[-9,-54],[32,-46],[-16,-65],[-43,-21],[-8,34],[-34,7],[-72,-36],[13,-37],[-57,-77],[-21,-79],[-6,-72],[8,-57],[25,-69],[30,-45],[10,-16],[36,-61],[34,-36],[17,-52],[2,-85],[-35,-146],[1,-47],[-26,-129],[0,-29],[-47,-168],[-5,-66],[-28,-86],[4,-40],[-14,-125],[24,-22],[7,-61],[-17,-26],[-28,-95],[-37,-186],[-37,-248],[-2,-42],[-59,-239],[-8,-125],[7,-188],[14,-52],[40,-44],[23,4],[7,-57],[6,-228],[8,-75],[25,-72],[21,-90],[3,-253],[3,-132],[-3,-211],[12,-177],[9,-32],[31,-217],[48,-215],[21,-180],[-4,-134],[8,-15],[12,-174],[40,-129],[13,-5],[40,-125],[51,-122],[37,-55],[3,-35],[-117,-309],[-38,-125],[-49,-139],[-10,-50],[-8,-11],[-9,-99],[18,-52],[-23,-63],[-30,-47],[-7,-39],[-33,-17],[-48,-65],[-24,-101],[3,-99],[32,-23],[-6,-33],[0,-75],[-42,-18],[-29,-38],[-48,-100],[0,-96],[-54,-209],[-3,-92],[-15,-47],[9,-50],[-23,-80],[-8,-98],[-50,-87],[-3,-38],[-27,-17],[-13,-142],[8,-153],[55,-61],[-76,-128],[-9,-97],[-38,-84],[2,-61],[-20,-110],[-4,-84],[-35,-37],[-32,-88],[-2,-200],[-14,-67],[-4,-93],[8,-84],[33,-158],[-6,-16],[31,-112],[1,-208],[7,-111],[-13,-26],[21,-87],[45,-85],[60,-95],[-1,-21],[-119,-125],[-38,-14],[3,-69],[-50,-49],[-63,-88],[-23,-90],[-27,-25],[-86,-47],[-104,1],[2,-40],[-97,-41],[-42,-28],[-77,-74],[-69,-92],[-56,-92],[-65,-133],[-9,-41],[-88,-125],[-105,-210],[-5,-42],[-34,-96],[1,-22],[-35,-108]],[[76798,39499],[-14,32],[-33,10],[-498,363],[-335,244],[-356,262],[-4,3]],[[75558,40413],[-10,57],[-74,46],[-9,47],[116,69],[85,111],[-17,40],[-37,21],[-14,58],[-31,24],[10,111],[-22,47],[-37,-2],[-35,39],[-38,-20],[-51,72],[-8,64],[-53,34],[-2,52],[-46,65],[-10,-41],[-29,-13],[-14,47],[-27,18],[-38,-37],[-15,36],[-33,32],[10,64],[-32,19],[-38,-31],[-31,24],[-36,92],[-31,35],[13,81],[-27,4],[-58,73],[4,28],[-78,30],[-30,46],[-22,10],[-45,-18],[-26,9],[-30,36],[52,29],[1,70],[-13,22],[5,38],[-15,36],[32,9],[51,74],[55,28],[-32,29],[-21,50],[28,55],[-6,57],[17,52],[-42,17],[-14,84],[37,67],[12,87],[-30,24],[-3,37],[26,62],[10,72],[27,79],[62,51],[22,82],[20,34],[11,77],[27,27],[44,-4],[20,-32],[40,9],[58,-29],[14,22],[52,9],[30,31],[74,-86],[36,7],[29,34],[16,-30],[31,7],[35,104],[32,5],[2,70],[-17,65],[-24,26],[-31,-21],[-26,19],[-65,-12],[-27,33],[6,48],[52,93],[13,54],[-7,39],[-14,47],[34,88],[24,112],[27,70],[34,-3],[68,33],[38,-28],[32,6],[57,-19],[41,44],[-31,55],[-4,36],[63,69],[72,125],[48,-8],[20,-31],[31,18],[9,67],[36,23],[29,77],[18,91],[17,23],[48,44],[12,47],[21,3],[46,-28],[20,64],[42,34],[33,-1],[-5,52],[-35,51],[79,105],[38,21],[-2,128],[53,51],[8,28],[-21,47],[-26,17],[-13,59],[-86,96],[-30,12],[47,61],[-21,13],[-75,7],[-13,-31],[-38,-3],[-29,23],[-25,-14],[-21,46],[-32,-4],[-35,30],[-4,29],[-47,9],[1,49],[-19,51],[-51,30],[-28,-11],[-39,14],[-72,-3],[-32,97],[-42,32],[-32,9],[-36,86],[-28,45],[-60,-14],[-20,-22],[-27,23],[-25,-21],[-108,-3],[-31,12],[-48,-14],[-105,33],[-17,69],[-39,44],[-32,15],[-44,-51],[-50,22],[-29,-40],[-1,-38],[-50,6],[-42,-22],[-39,80],[-57,34],[6,41],[-29,21],[-27,43],[-42,-27],[-38,56],[-44,18],[-42,84],[-71,-20],[-26,-23],[5,-53],[-59,-24],[-40,56],[12,30],[-81,84],[-28,-2],[-4,-52],[-23,-36],[-90,-30],[-47,7],[-27,79],[-72,11],[-37,21],[-32,-69],[-1,-33],[-63,-66],[-68,0],[-27,-25],[-68,10],[-43,-54],[-52,-5],[-26,-26],[-21,-49],[-128,59],[-35,31],[-50,-1],[-69,-29],[-55,25],[-83,-11],[-27,268],[-32,355],[-12,13],[-5,5],[-206,212],[-97,97],[-583,601],[-95,97],[-17,-3],[-14,-18],[-72,-22],[-54,1],[-14,-49],[-41,-42],[-70,-28],[-9,-30],[-47,-3],[-92,43],[-121,-30],[-55,-13],[-26,-27],[-25,10],[-30,67],[-35,55],[-59,42],[-9,53],[-40,30],[-21,-35],[-90,0],[-54,-24],[-41,-41],[-27,29],[-63,24],[-40,28],[-26,38],[-44,-50],[-38,63],[-65,-9],[-46,30],[-48,10],[-2,105],[-41,0],[-38,16],[-23,36],[-59,44],[-39,38],[-62,15],[-55,79],[-38,18],[-36,-39],[-21,-5],[-46,30],[-70,68],[-29,2],[-32,55],[-37,-11],[-53,45],[-18,55],[-90,23],[-89,76],[-16,30],[-67,53],[1,28],[-20,-12],[-56,21],[-12,39],[-57,62],[-5,35],[-31,-1],[-55,25],[-57,6],[-18,-14],[-58,48],[-45,-20],[-25,25],[-34,-44],[-18,38],[-81,45],[-53,-1],[-53,39],[-41,2],[-32,-21],[-84,5],[-79,-24],[-40,-26],[-29,16],[-96,-73],[-42,-2],[-58,-29],[-40,-36],[-17,11],[-83,-67],[-41,-67],[26,-32],[-42,-14],[-54,-16],[-44,-49],[-1,1],[-19,31],[13,37],[-17,25],[-72,35],[-28,39],[-65,-25],[-33,24],[-61,12],[-45,42],[-78,36],[-32,44],[-65,-7],[-17,21],[-50,18],[-30,-5],[-107,40],[-28,-6],[-54,56],[19,40],[-4,118],[-24,15],[14,58],[24,126],[28,50],[58,130],[30,142],[33,41],[46,83],[-53,17],[-48,43],[-33,-4],[-85,14],[-36,33],[-145,20],[-14,40],[-32,-1],[-31,26],[-66,-28],[-15,-29],[-29,11],[-13,-6],[-70,44],[-32,-13],[-23,38],[-56,-59],[-11,46],[-52,17],[-22,-28],[-28,26],[-59,30],[-58,-1],[-43,-13],[-40,14],[-53,-17],[-54,23],[-46,-13],[-47,-60],[-46,-16],[-66,-6],[-38,-13],[-23,-42],[-33,-23],[-48,-6],[-30,-37],[-50,15],[-124,-48],[-47,-33],[-27,-35],[-23,6],[-52,-56],[-58,-21],[-1,-55],[-61,1],[-26,-39],[-97,-90],[-34,-29],[-24,3],[-97,-66],[-53,-11],[10,-67],[-41,-34],[3,-29],[-50,-90],[-46,-10],[-60,-58],[-144,-66],[-9,-40],[-24,-17],[-81,-22],[-35,-36],[-39,-104],[-40,-46],[-29,-10],[-91,14],[-67,31],[-56,-37],[-32,13],[-53,-54],[-30,-53],[-35,-8],[-15,-33],[-91,-80],[-37,-47],[-62,-41],[-31,-10],[-11,-48],[-93,-84],[-55,2],[-45,-68],[-33,-2],[-45,-28],[-19,37],[-35,-19],[-49,40],[-71,-20],[2,-27],[-61,-56],[-51,-92],[-17,-18],[-57,-6],[-23,-38],[10,-26],[-39,-75],[-54,-39],[-47,-6],[1,-25],[-49,-39],[-25,-6],[-74,21],[-42,-11],[-20,15],[-40,-18],[-10,-43],[-55,-22],[-30,-34],[-104,65],[-46,-6],[-48,-21],[-25,-33],[-1,-35],[-27,-66],[-70,-1],[-31,-14],[-20,-64],[-38,-61],[-6,-31],[-43,-5],[-6,34],[-38,22],[-4,67],[-40,31],[4,35],[38,-4],[43,44],[37,0],[32,30],[10,53],[-16,26],[15,38],[34,10],[22,84],[98,114],[0,83],[20,100],[-67,97],[-28,20],[10,45],[-39,47],[-36,24],[-4,-2]],[[62542,48370],[31,50],[-35,75],[50,21],[-1,39],[37,19],[8,70],[-18,45],[22,24],[-17,30],[13,29],[-14,76],[-35,-6],[-9,33],[9,21],[23,20],[43,1],[-1,56],[15,54],[-28,39],[28,66],[-14,33],[22,85],[-50,44],[24,43],[-6,25],[-52,41],[43,66],[-8,54],[62,-23],[60,49],[39,16],[20,67],[20,13],[15,58],[-18,27],[-30,-14],[-31,18],[-33,56],[-16,95],[-40,27],[-35,-11],[5,56],[-76,-9],[-9,30],[-37,11],[-23,30],[17,70],[-19,23],[-83,-3],[-23,24],[-17,66],[-36,22],[-58,-19],[-64,19],[-28,67],[-50,52],[-12,148],[31,47],[2,52],[-16,42],[-2,47],[-33,20],[-44,1],[-21,51],[16,154],[55,99],[-43,50],[-49,1],[21,55],[-30,42],[52,29],[54,14],[16,22],[-70,78],[-2,27],[36,16],[7,26],[-11,35],[-34,27],[89,123],[62,35],[58,48],[-7,27],[-48,45],[-28,8],[-72,-28],[-21,31],[9,68],[-22,59],[48,42],[-17,60],[54,42],[-32,63],[-31,16],[12,41],[44,-1],[46,23],[73,73],[53,15],[81,106],[25,13],[33,46],[11,41],[-38,67],[-40,30],[-160,-50],[-102,-48],[-162,-54],[-56,30],[40,57],[-13,80],[-49,-3],[52,120],[-5,58],[7,85],[18,21],[-10,35],[-36,24],[-29,49],[62,65],[5,27],[39,48],[13,64],[183,60],[96,69],[59,26],[35,54],[-9,53]],[[75558,40413],[-74,22],[-46,24],[-76,55],[-31,5],[-49,39],[-23,-17],[-28,19],[-41,-14],[-37,13],[-32,-9],[-62,21],[-39,-24],[-48,50],[-37,-8],[-36,44],[-23,7],[-30,-28],[-62,-34],[-37,-6],[-6,-53],[-50,4],[-27,-59],[-10,-78],[-44,-7],[-36,-49],[-43,7],[-50,-35],[-28,49],[-22,9],[-60,-22],[-43,16],[2,44],[-47,38],[-14,37],[-22,13],[-38,-30],[-12,24],[-39,-34],[-33,-53],[-32,15],[-57,-10],[289,-311],[4,-124],[-52,-10],[-24,18],[-89,8],[-75,76],[-29,19],[-39,-5],[-52,-56],[-43,6],[-7,-52],[-44,32],[-28,-12],[-14,-50],[-38,-4],[-10,26],[-84,-19],[-10,-36],[-81,-42],[-25,-44],[28,-45],[-25,-17],[14,-48],[-100,-92],[-40,-43],[26,-116],[-2,-66],[-26,-6],[-1,-54],[36,-7],[-50,-25],[-34,-63],[19,-8],[336,-37],[16,-50],[-22,-130],[-36,-200],[5,-37],[-25,-36],[49,-33],[53,-52],[115,-37],[28,-23],[3,-204],[52,-116],[-45,-40],[-61,-26],[-137,10],[-131,2],[-60,-6],[-51,108],[-30,-3],[-191,2],[-29,-60],[16,-36],[-12,-49],[30,-12],[34,-49],[32,38],[76,11],[30,-72],[36,-10],[23,-10],[24,-63],[28,-39],[86,-27],[10,-61],[63,-57],[-66,-40],[-22,-50],[25,-79],[15,-31],[92,-18],[13,-63],[40,-4],[56,-52],[36,-50],[17,-55],[-2,-45],[34,-23],[7,-34],[-28,-50],[-14,-20],[21,-53],[36,-20],[-13,-34],[-50,-19],[44,-59],[38,-16],[-34,-35],[-35,-61],[18,-97],[-45,-23],[-35,-78],[19,-68],[29,-28],[-59,-86],[-2,-28],[-36,-6],[-69,7],[-62,45],[-7,-40],[20,-33],[-8,-50],[17,-90],[-78,-35],[-8,-37],[-35,6],[-19,-20],[-20,-90],[-47,-9],[-18,-38],[-45,-9],[-24,-28],[-19,-68],[6,-44],[-38,-77],[37,-55],[1,-48],[22,-52],[-44,-109],[-7,-109],[-40,-30],[-55,-10],[-33,-78],[-23,13],[-38,-25],[-59,11],[-22,-27],[-9,-62],[-18,-16],[23,-42],[1,-54],[-21,-65],[-32,-41],[-12,-78],[-40,-131],[-13,-7],[-46,-121],[-60,-22],[-6,-22],[-8,-3],[-561,1],[-203,0],[-23,-57],[-17,-79],[-16,-88],[-47,-12],[-43,-30],[-70,-102],[-14,-57],[33,-11],[19,-82],[74,-33],[9,-141],[-58,-16],[47,-141],[-17,-29],[-37,-20],[-29,-110],[-34,-43],[81,-27],[16,-65],[-84,-98],[-21,-122],[-36,-21],[3,-48]],[[71860,33275],[-22,-45],[-46,-36],[-51,9],[-10,-81],[6,-46],[-16,-32],[-30,-7],[2,-34],[-24,-28],[-14,-87],[-27,-46],[-49,20],[-85,-1],[-21,-19],[-86,-12],[-17,10],[-47,-41],[-52,-22],[-29,-35],[23,-49],[46,-18],[14,-31],[65,-28],[11,-18],[-33,-18],[-53,-97],[-29,-11],[-19,-61],[-53,6],[-24,-80],[-35,-37],[-12,-36],[-29,-48],[30,-61],[-17,-47],[29,-75],[-88,-82],[-1,-63],[-19,-28],[30,-51],[-25,-13],[12,-60],[-49,-53],[31,-42],[-89,-27],[6,-34],[-38,-82],[54,-25],[24,-34],[-5,-36],[-31,-19],[-27,-62],[-25,11],[-63,-117],[-47,-34],[-15,-23],[-36,-69],[23,-31],[-15,-41],[57,-35],[85,14],[64,-59],[17,-40],[-3,-54],[-89,-36],[-60,-44],[-54,12],[-45,-19],[-40,-34],[-144,-59],[-7,-4],[-56,-30],[-264,-124],[-19,-24],[-114,-45],[-44,-15],[-123,-76],[-107,-53],[-62,-17],[-147,-59],[6,-17],[-69,-64],[-133,-62],[-63,-54],[-11,8],[-83,-30],[13,-54],[-44,-41],[-51,-29],[-68,27],[-36,-18],[-10,-37],[-35,-1],[-24,77],[44,42],[6,59],[-1,15],[-50,-10],[-36,29],[-73,-41],[-12,20],[-45,3],[-15,37],[-103,8],[-49,-25],[-31,34],[-23,-1],[-45,11],[-41,-17],[-7,-24],[-122,-91],[-32,-12],[-62,-33],[-89,-6],[-31,37],[-17,-31],[-90,-38],[-57,81],[-46,-65],[-21,-5],[-54,47],[-41,-22],[-10,-32],[-91,26],[-50,-52],[-47,22],[-35,51],[-19,4],[-51,-42],[-24,1],[-71,-44],[-37,10],[-50,-15],[-26,-32],[-137,-73],[-53,-11],[-47,-24],[-79,9],[-34,-25],[-52,-6],[-34,-46],[-32,22],[-53,-65],[8,-25],[-54,-12],[-20,-35],[-55,-3],[-22,-31],[-107,-65],[-52,-5],[-6,61],[-64,3],[-58,-43],[-95,14],[-68,-42],[-10,30],[-86,19],[-54,-16],[-3,-33],[-86,-85],[-41,-17],[-64,-56],[-44,2],[-65,22],[-75,-32],[-3,-24],[-77,-92],[-9,20],[-94,10],[-49,21],[-25,-32],[-34,-4],[-82,-31],[-24,-17],[-13,-28],[0,-3]],[[65294,29073],[-57,-65],[-20,8],[-37,12],[-66,-23],[-18,-43],[-44,-15],[-49,6],[-59,-58],[-56,22],[-144,-10],[-56,-38],[-51,-12],[-48,-19],[-80,-50],[-15,-36],[-23,-41],[-99,-42],[-74,-47],[-18,-70],[-15,-6],[-143,-16],[-62,-54],[-19,4],[-69,-43],[-23,5],[4,47],[-26,32],[-34,7],[-86,75],[-14,-4],[12,-23],[-31,-75],[-28,6],[-53,-52],[-111,-26],[-13,10],[46,65],[-9,38],[-29,29],[-30,-45],[-42,-13],[-21,-35],[-107,-34],[-34,38],[48,95],[-7,57],[-35,9],[-38,-33],[-40,17],[-30,-19],[-22,-59],[15,-22],[28,-6],[44,-74],[-44,-31],[-57,7],[-41,-46],[-59,-41],[-54,-14],[-18,-62],[33,-37],[21,-4],[88,46],[53,-3],[43,-89],[3,-33],[-38,-40],[11,-78],[-39,20],[-30,39],[-36,-34],[7,-77],[-5,-28],[-46,-30],[-27,64],[-46,10],[-55,-21],[-37,-80],[-14,-6],[-37,-2],[-15,59],[-34,50],[-33,-5],[-34,-38],[-39,-8],[-42,-47],[-40,-5],[-34,-50],[-43,11],[-52,-30],[-29,14],[-70,-8],[-64,-38],[-34,-34],[-24,31],[25,40],[-6,69],[-37,12],[-77,-5],[-96,-46],[-5,-26],[-45,6],[-21,39],[-27,-6],[-36,-50],[-47,27],[-65,-46],[-42,29],[-28,43],[4,145],[29,81],[65,58],[-90,50],[-118,27],[-31,24],[-30,-2],[-10,53],[-36,5],[7,28],[-23,36],[25,17],[61,12],[32,19],[77,-5],[-7,44],[-54,20],[-6,34],[38,7],[-41,58],[-18,73],[40,34],[-7,27],[-48,17],[-38,49],[-63,6],[-15,23],[-114,41],[25,60],[-42,3],[-12,59],[-67,18],[-70,2],[-34,8],[-78,53],[12,125],[-32,-8],[-50,81],[-8,42],[-49,38],[40,27],[-12,28],[8,70],[29,28],[31,78],[19,97],[58,-5],[12,58],[61,19],[-25,107],[-50,43],[-62,-11],[-58,3],[-43,30],[52,27],[70,10],[-46,81],[22,38],[30,-3],[28,36],[82,-14],[-11,51],[-55,47],[-24,84],[-33,34],[-13,50],[46,39],[13,40],[-41,82],[-24,-6],[-32,33],[86,119],[-3,31],[52,27],[-1,70],[18,73],[-13,46],[32,47],[48,-17],[63,12],[-4,50],[27,15],[16,58],[65,46],[-14,30],[29,91],[24,40],[-49,51],[15,48],[-7,26],[23,31],[-1,49],[-22,54],[-86,16],[-42,40],[-57,-44],[-32,35],[-19,44],[-28,7],[-26,48],[3,31],[1,40],[-44,7],[-20,-35],[-39,-24],[-17,-42],[-31,21],[-55,0],[-51,45],[-6,38],[-38,-27],[-80,11],[-42,-11],[-13,-47],[-52,-17],[-44,-29],[-19,-22],[-89,-24],[-68,17],[-47,-21],[-64,19],[-7,58],[23,29],[-5,39],[26,33],[-45,38],[-10,53],[-31,30],[12,26],[-28,34],[-5,49],[-18,53],[-53,14],[-6,27],[24,42],[-14,16],[-48,-4],[-51,61],[-11,46],[13,38],[-34,51],[41,73],[-60,48],[4,42],[-15,27],[-4,60],[-20,43],[30,93],[-22,30],[-62,43],[-26,31],[6,35],[-46,10],[-31,33],[-35,67],[29,74],[1,2],[27,73],[-23,67],[45,68],[36,10],[14,75],[-8,25],[35,33],[3,39],[95,-15],[57,70],[8,98],[-34,14],[10,42],[-34,23],[2,47],[-22,10],[-23,64],[11,12],[-14,52],[-23,54],[-128,44],[-27,29],[-67,34],[-13,23],[-71,47],[8,39],[-13,43],[18,33],[-29,147],[30,42],[-2,40],[20,63],[30,27],[36,58],[33,80],[3,21],[-43,50],[-25,102],[-78,36],[-30,55],[-43,23],[-66,29],[-29,46],[-82,15],[-22,40],[-50,40],[-10,48],[46,38],[-52,63],[-35,64],[-21,12],[-38,-21],[-39,-33],[-67,-3],[-28,-26],[-77,-8],[-23,-36],[-1,-39],[-44,-41],[-57,-13],[-69,63],[-13,53],[-26,30],[-55,31],[-47,-25],[-65,4],[-96,3],[-65,-28],[-37,16],[-19,-8],[-35,-66],[-1,-35],[32,-33],[-19,-80],[-12,-56],[-54,-70],[-72,39],[-24,39],[-8,89],[-24,33],[-55,28],[-23,-32],[4,-61],[-26,-73],[-42,-58],[-42,10],[-24,-44],[-61,-29],[-64,6],[-47,38],[-48,18],[-18,49],[-51,23],[-7,47],[-48,83],[-57,44],[-41,-14],[7,-35],[-21,-78],[13,-26],[64,-70],[1,-32],[-51,-32],[-53,-9],[-47,16],[-21,35],[-45,26],[-133,-24],[-69,25],[-103,-32],[-88,-31],[-104,11],[-83,7],[-42,-12],[-75,-63],[-45,-17],[-134,17],[-51,26],[-60,-11],[-55,-24],[-92,6],[-74,-48],[4,-89],[-13,-45],[-29,-24],[-33,-86],[-3,-56],[29,-54],[-7,-97],[21,-59],[5,-51],[-10,-46],[-34,-51],[-39,-5],[-55,44],[-77,48],[-16,34],[10,81],[0,202],[9,41],[-23,142],[-32,95],[-32,26],[-72,27],[-74,-9],[-53,-150],[-51,-99],[-19,-51],[-30,-35],[-56,-35],[-27,-35],[-27,-8],[-44,26],[-50,-2],[-44,60],[-33,60],[-12,74],[-41,76],[-35,84],[-15,129],[-6,33],[3,112],[22,110],[30,32],[48,-5],[32,19],[-4,77],[-34,19],[-73,4],[-31,-11],[-47,-39],[-53,-17],[-175,11],[-43,11],[-87,71],[-16,62],[-32,30],[-84,22],[-17,-14],[-54,3],[-67,-25],[-47,-31],[-174,2],[-84,17],[-74,0],[-40,-17],[-78,-6],[-41,-33],[-77,3],[-40,21],[-90,34],[-53,9],[-74,-16],[-92,26],[-79,78],[-60,30],[-63,0],[-58,-11],[-26,8],[-54,21],[-44,1],[-66,-26],[-103,23],[-34,-16],[-69,12],[-80,62],[-49,63],[-50,50],[-82,38],[-34,17],[-67,-41],[-41,-2],[-61,-35],[-39,-9],[-35,-7],[-62,-102],[-20,-12],[-39,-26],[-59,-92],[-63,-24],[-110,-35],[-108,-19],[-75,-54],[-60,-23],[-53,-49],[-41,-10],[-49,-10],[-9,-22],[-48,-31],[-27,-38],[-53,-17],[-70,-125]],[[51441,35019],[-39,95],[27,59],[1,75],[-34,72],[-1,22],[42,88],[6,48],[-44,92],[2,85],[-12,85],[-22,34],[-14,35],[27,52],[-41,54],[17,41],[1,71],[106,222],[7,41],[58,19],[34,-25],[36,4],[13,24],[1,57],[-15,42],[-72,106],[-2,37],[32,39],[33,9]],[[51588,36602],[101,-34],[90,-44],[51,27],[2,36],[-29,41],[-67,60],[-15,29],[9,48],[24,30],[43,106],[30,103],[24,55],[77,73],[81,53],[14,69],[-1,42],[17,25],[72,26],[42,3],[23,37],[-6,64],[65,4],[90,-2],[42,-10],[33,46],[45,21],[37,37],[72,133],[18,87],[-20,22],[8,72],[-26,62],[14,51],[73,28],[66,70],[18,44],[27,113],[65,25],[54,47],[40,113],[46,91],[39,62],[41,24],[59,19],[44,16],[62,-10],[53,7],[77,37],[189,-19],[26,40],[40,33],[23,76],[25,31],[20,6],[86,-14],[15,-22],[97,-27],[61,7],[33,29],[34,-4],[14,-28],[34,-2],[37,-35],[30,11],[63,-29],[25,6],[25,72],[33,9],[55,-16],[23,17],[38,36],[53,17],[39,-7],[38,-26],[20,40],[-31,32],[24,47],[149,33],[41,-11],[21,18],[12,39],[-8,64],[23,19],[80,2],[31,-47],[-1,-58],[2,-50],[17,-32],[49,-35],[72,-105],[9,-33],[31,-34],[57,4],[16,22],[69,100],[33,86],[78,-4],[16,70],[38,26],[43,9],[10,41],[37,71],[61,46],[16,51],[-37,46],[115,17],[7,25],[67,58],[26,-33],[79,-50],[57,36],[26,67],[28,20],[53,-15],[55,47],[23,66],[26,18],[51,44],[42,1],[24,-27],[42,-2],[35,-40],[91,-34],[9,-75],[26,-11],[23,38],[42,30],[36,-13],[30,34],[35,-20],[61,13],[39,-7],[45,17],[53,2],[28,7],[17,32],[70,-18],[92,28],[15,-59],[63,-18],[24,-32],[51,34],[52,-45],[62,36],[48,-17],[21,14],[25,-39],[106,14],[24,-8],[70,-41],[-17,50],[69,51],[35,46],[33,-35],[66,-8],[13,-41],[55,-3],[25,-18],[59,-13],[29,-88],[68,-42],[49,-13],[61,14],[17,33],[27,-12],[25,-45],[20,-3],[33,-35],[35,-9],[35,27],[11,-90],[29,-5],[19,-52],[63,70],[28,16],[59,-27],[55,19],[-24,27],[21,26],[9,23],[52,11],[17,63],[48,28],[18,-37],[47,-24],[22,15],[23,20],[10,48],[39,75],[48,-4],[19,-42],[29,14],[32,48],[21,-3],[18,57],[36,-13],[47,25],[34,38],[-33,26],[-18,35],[7,37],[63,50],[-12,30],[42,48],[39,17],[8,25],[71,38],[-9,-53],[49,15],[2,33],[44,-2],[37,53],[39,4],[27,44],[48,-15],[-12,38],[19,29],[42,-7],[0,23],[35,41],[49,2],[30,28],[-2,51],[28,-4],[47,44],[91,31],[0,43],[-17,6],[-13,74],[-29,6],[-29,61],[20,52],[-47,40],[-14,37],[-1,85],[-34,15],[0,101],[-33,65],[38,37],[14,76],[28,58],[-14,43],[56,53],[7,65],[41,45],[52,21],[-15,80],[22,20],[10,61],[-25,35],[-30,70],[-39,30],[-14,39],[-28,50],[-110,1],[-58,30],[-110,-54],[-38,-3],[-24,54],[-31,-15],[-39,45],[12,48],[-22,49],[-52,16],[18,45],[8,71],[-9,61],[33,35],[-4,73],[11,51],[54,-60],[25,11],[79,-4],[-31,38],[37,36],[30,-16],[11,81],[-34,42],[39,17],[14,52],[27,17],[33,-14],[-1,56],[41,11],[40,117],[49,56],[74,38],[40,46],[-5,27],[66,32],[13,28],[38,26],[61,13],[27,34],[18,47],[70,22],[33,54],[-26,28],[31,37],[1,27],[-63,28],[7,29],[-34,36],[3,27],[-28,68],[-35,-8],[-27,77],[4,94],[-16,69],[-16,23],[3,62],[-26,8],[-12,50],[24,90],[-46,51],[-12,92],[-24,26],[-25,-19],[-31,50],[-70,74],[-34,13],[-30,45],[-59,-6],[-29,40],[-56,37],[-4,42],[-39,-6],[-23,53],[-41,62],[13,39],[-3,59],[59,74],[10,43],[-6,55],[138,177],[28,57],[3,82],[38,43],[28,70],[-1,57],[-23,47],[2,49],[-30,20],[-16,77],[35,37],[8,84],[46,-6],[10,26],[-1,74]],[[59702,45360],[-3,35]],[[59699,45395],[20,47],[31,22],[61,-24],[75,7],[35,32],[3,34],[87,49],[-3,44],[27,33],[52,35],[26,-47],[41,-32],[67,1],[45,51],[81,23],[80,13],[71,19],[286,79],[24,-4],[18,43],[2,28],[-40,89],[2,50],[20,46],[-30,84],[-2,66],[-33,36],[-30,84],[7,74],[-14,34],[9,55],[-62,21],[-32,43],[-47,9],[-63,68],[-7,22],[11,94],[27,89],[4,103],[41,81],[92,59],[48,39],[-41,41],[45,27],[27,52],[-85,105],[-35,8],[-5,121],[-33,-4],[-48,-47],[-17,46],[-4,82],[37,69],[15,51],[32,54],[25,63],[-19,44],[-65,56],[2,41],[68,58],[68,37],[17,26],[60,3],[98,-23],[62,-31],[71,-21],[41,-28],[60,-24],[56,-58],[69,-21],[108,14],[58,52],[57,19],[23,-14],[29,28],[-40,95],[-23,22],[28,89],[-50,49],[-12,58],[14,95],[15,9],[26,95],[-23,53],[-60,21],[-4,19],[-8,81],[46,37],[-2,40],[76,38],[1,57],[14,31],[25,-13],[39,10],[20,-22],[5,-41],[37,-5],[53,-62],[43,-11],[58,-64],[94,-46],[32,-29],[4,-56],[-11,-24],[56,-32],[-19,-50],[-21,-14],[-3,-44],[27,-27],[30,2],[16,-46],[60,-5],[62,20],[18,-50],[29,12],[88,-26],[23,41],[-6,45],[57,-38],[44,20],[20,-42],[50,2],[19,80],[27,-12],[42,80],[21,8]],[[76798,39499],[-9,-42],[-42,-107],[-54,-171],[-30,-144],[-5,-176],[5,-62],[-33,-145],[-8,-99],[1,-53],[-8,-285],[16,-251],[16,-106],[36,-306],[35,-288],[28,-164],[5,-81],[-17,-159],[-21,-89],[-55,-171],[-107,-277],[-69,-148],[-4,-39],[-87,-28],[-138,-68],[-126,-100],[-106,-108],[-88,-120],[-8,-64],[-24,-57],[-32,-36],[-34,-75],[-8,-40],[-76,-52],[-31,-12],[38,-52],[-35,-67],[-13,-51],[-10,-60],[-56,-10],[-18,-38],[41,-58],[3,-80],[-27,-103],[1,-48],[-33,-125],[-39,-50],[2,-18],[-43,-86],[-7,-48],[-48,74],[-42,-16],[-26,-30],[0,-63],[33,-29],[-21,-87],[-41,-45],[-39,-88],[-5,-57],[-55,-124],[-31,-104],[-38,-48],[-31,-51],[-26,-69],[-4,-43],[-59,-97],[-47,33],[-27,1],[-37,-73],[-33,-25],[-45,-118],[-40,-73],[-32,-8],[-52,-65],[-27,-92],[-61,-19],[-41,-31],[-56,37],[-42,-39],[-65,-34],[-41,-30],[-19,11],[-41,-21],[-28,-40],[1,-33],[-82,-119],[-19,-43],[-16,-89],[3,-49],[10,-23],[-17,-70],[-44,-55],[-23,-90],[-36,-100],[-40,-29],[-90,-94],[-21,-37],[-53,-101],[-27,-92],[2,-92]],[[73905,31903],[-36,28],[-40,10],[-22,86],[-44,18],[-35,-24],[-43,53],[-68,38],[-35,0],[-23,-23],[-48,3],[-7,-26],[-112,-28],[-114,72],[-34,-12],[-44,-38],[-61,29],[-29,39],[-21,-13],[-28,30],[-113,20],[-62,-3],[-42,-40],[-25,1],[-52,32],[-38,59],[-75,-19],[-23,19],[-41,-8],[-20,25],[-47,10],[-24,51],[-52,-19],[-21,25],[-53,9],[-97,56],[-15,16],[-48,-25],[0,52],[-42,6],[32,75],[-25,18],[37,50],[-20,36],[22,27],[-16,34],[28,47],[-17,96],[-36,25],[-8,40],[34,20],[8,49],[-18,22],[32,62],[-65,-11],[-6,46],[17,48],[-8,47],[-79,45],[-93,-4],[-20,33],[-42,29],[-17,34],[-51,-5]],[[99914,33987],[64,-52],[21,-31],[-68,-10],[-33,36],[16,57]],[[73905,31903],[-1,-152],[-48,-80],[-40,-32],[-45,-96],[-82,-95],[-26,-48],[-8,-72],[16,-73],[44,-134],[-5,-29],[78,-15],[-20,-152],[-6,-92],[15,-109],[65,-319],[16,-65],[15,-76],[0,-66],[-12,-61],[-23,-51],[-29,-28],[-163,-94],[-122,-81],[-6,-15],[-75,-52],[-108,-56],[-109,-41],[-201,-59],[-217,-66],[-95,-34],[-109,-49],[-259,-124],[-69,-43],[-112,-100],[-51,-32],[-26,-32],[16,-37],[-18,-33],[-97,-66],[-48,-40],[-35,-44],[-21,-70],[-28,-28],[-29,5],[-96,-132],[-32,23],[-33,-15],[-39,-72],[-28,-91],[-14,-30],[1,-149],[22,-111],[31,-47],[32,-8],[31,-55],[52,-44],[38,37],[43,6],[44,-19],[-39,-51],[-54,9],[-31,-23],[-25,-58],[-82,-33],[-36,-71],[9,-42],[-18,-41],[-69,-15],[-28,-45],[-9,-69],[23,-59],[44,-15],[-50,-53],[-19,40],[-80,30],[-137,17],[-146,14],[-181,10],[-225,10],[-166,2],[-42,-8],[-98,12],[-135,1],[-140,-12],[-91,-25],[-4,-31],[-98,8],[-235,-16],[-109,-12],[-89,-20],[-102,13],[-78,1],[-27,-19],[-58,6],[-33,31],[-41,14],[-85,9],[-3,47],[38,37],[-47,41],[-41,60],[69,65],[18,55],[68,81],[-37,33],[29,29],[10,35],[84,56],[1,44],[-16,20],[-13,66],[-27,-1],[-67,34],[-77,-43],[-4,-27],[-39,-20],[-59,12],[-43,-26],[-77,-19],[-97,-74],[-43,-60],[10,-77],[13,-35],[49,-44],[19,-55],[58,-91],[33,14],[33,-8],[42,-56],[-20,-39],[47,-47],[-78,-60],[-7,-30],[-65,-3],[-63,-36],[-65,-3],[-63,-36],[-74,13],[-116,-5],[-72,-11],[-163,-46],[-34,-30],[-54,-7],[-38,-28],[-101,73],[-12,24],[-63,42],[-59,17],[-46,50],[-37,-23],[-44,48],[-77,62],[-68,38],[-46,37],[-31,-1],[-49,-35],[-45,18],[29,34],[-15,24],[-56,-10],[-22,-26],[-67,-39],[-87,10],[-60,-11],[-66,-28],[-55,-57],[-5,-41],[-50,3],[29,44],[-12,52],[-60,-26],[-4,-48],[-21,-55],[-63,-80],[-37,-23],[-53,-14],[-27,10],[-16,-36],[-29,-5],[-35,30],[-81,-47],[-22,21],[38,87],[-46,43],[-49,-16],[-37,-51],[-31,55],[-95,-63],[-38,29],[39,62],[28,-11],[47,43],[23,55],[-39,2],[-32,25],[28,28],[-39,32],[-75,-38],[38,-16],[-26,-40],[-51,22],[-76,2],[-25,-31],[-12,-102],[-26,-36],[-24,23],[-49,-2],[-41,-47],[-42,-1],[-76,-23],[-52,-46],[-33,20],[-52,5],[-65,-6],[-52,-19],[-36,-45],[-22,-63],[-10,-64],[7,-69],[-26,-39],[20,-28],[-51,-70],[59,-79],[85,70],[6,37],[62,-14],[7,-29],[-75,-18],[12,-52],[73,-18],[-35,-43],[-17,-48],[9,-33],[54,98],[60,51],[23,-32],[-7,-67],[118,-5],[25,-50],[-44,0],[-68,-78],[-14,-60],[-41,-41],[-40,15],[-69,64],[-35,-30],[-36,-7],[-67,14],[-58,-34],[6,-36]],[[65484,26608],[-25,5],[-94,71],[-3,60],[-19,39],[-40,24],[-43,-4],[-8,53],[-63,57],[-30,-3],[-44,59],[15,61],[18,47],[32,9],[39,37],[41,10],[-2,48],[33,75],[3,34],[-21,25],[37,110],[0,42],[21,58],[2,71],[61,-3],[35,35],[12,58],[67,43],[59,-6],[27,33],[28,-20],[54,34],[20,23],[50,51],[83,4],[34,-11],[56,51],[24,6],[55,48],[43,-26],[-10,-25],[29,-46],[75,41],[23,47],[94,-20],[106,39],[35,-5],[49,44],[29,-21],[35,18],[14,58],[38,10],[10,28],[-31,28],[-8,35],[68,85],[63,-4],[-12,40],[68,45],[-6,26],[24,48],[-13,36],[-40,26],[12,30],[-83,53],[-55,26],[-83,6],[-132,38],[-43,-57],[3,78],[-51,20],[-40,-22],[-12,-44],[-54,1],[-81,-43],[-32,11],[-68,-74],[-45,25],[-34,60],[-40,-13],[-23,26],[-22,-57],[-28,36],[-36,-19],[-22,31],[-52,4],[8,67],[-5,57],[-52,4],[-5,37],[-41,46],[-29,28],[-50,89],[10,32],[-50,99],[-31,24],[-52,17],[-69,8]],[[66322,26998],[23,64],[-35,-2],[-41,21],[-9,27],[75,42],[42,5],[11,44],[32,40],[54,-35],[21,45],[52,20],[-8,31],[82,20],[20,-21],[13,-56],[56,7],[28,-64],[36,44],[23,-89],[38,17],[58,-56],[-53,-29],[-29,43],[-62,-7],[-25,-32],[-40,5],[-10,-41],[-32,15],[-89,-21],[-56,54],[-38,8],[-51,-10],[-49,-110],[-37,21]],[[71630,27605],[7,-35],[-31,-33],[-33,30],[57,38]],[[67368,27742],[31,1],[-31,-62],[-44,-26],[-20,45],[64,42]],[[67848,27414],[-280,-28],[-199,-28],[-162,-31],[-75,-40],[-45,22],[-7,40],[68,57],[17,28],[44,10],[13,-23],[64,-21],[44,-26],[47,15],[-6,53],[118,-41],[79,-9],[87,5],[108,17],[88,27],[118,29],[4,-49],[-125,-7]],[[68950,28059],[6,-61],[-99,20],[-50,-42],[-59,58],[21,35],[80,33],[29,-27],[38,-1],[13,29],[61,14],[0,-22],[-40,-36]],[[73764,31124],[-49,-28],[3,24],[-9,45],[55,-41]],[[65484,26608],[-58,4],[-72,-30],[-31,22],[-26,-25],[-72,-24],[7,48],[-63,32],[-91,59],[-27,-37],[-53,-22],[-18,-56],[-23,-3],[-38,-52],[-35,8],[-36,-22],[-14,-33],[-42,10],[-45,-5],[-33,-41],[3,-36],[24,-31],[-32,-51],[-2,-47],[-70,18],[-44,-28],[35,-37],[-28,-15],[-54,55],[-68,9],[2,-38],[31,-70],[-60,4],[-9,39],[-65,-19],[-26,-50],[41,-45],[6,-39],[-55,-4],[-22,-28],[-80,24],[7,16],[-18,15],[-59,-8],[-38,-24],[-34,-40],[-30,-57],[-69,-30],[-42,27],[-19,-18],[-30,-69],[-5,-56],[8,-74],[16,-44],[51,2],[-5,-31],[-30,-43],[35,-68],[2,-71],[-19,-30],[-59,-32],[-76,34],[-84,-57],[-69,46],[-49,73],[-72,6],[-44,-20],[-38,11],[-9,28],[-35,19],[-45,-3],[-223,41],[-65,-16],[-34,26],[-78,2],[-125,-18],[-166,-52],[-114,-50],[-34,-27],[-42,3],[-70,-20],[-88,-56],[-11,-32],[-17,-62],[-34,-69],[-51,-42],[-3,-31],[32,-21],[-47,-72],[2,-38],[-27,-19],[-37,22],[-56,-12],[-58,-34],[-46,-52],[-20,21],[-56,-21],[1,69],[29,11],[-31,41],[-78,15],[-64,-2],[11,-56],[-29,-12],[4,-65],[-57,21],[-88,-21],[-85,-37],[-249,-132],[-104,-58],[-131,-81],[-303,-190],[-119,-89],[-111,-85],[-104,-101],[-19,-30],[1,-62],[-36,-45],[32,-77],[-40,-35],[-71,-27],[-55,-38],[-149,-113],[-187,-175],[-4,-30],[-34,-5],[-80,-50],[-301,-210],[-21,-24],[-192,-113],[-113,-74],[-139,-106],[-242,-208],[-169,-158],[-81,-88],[-84,-125],[-14,-67],[-51,-4],[16,-33],[-12,-134],[-36,-109],[-49,-35],[-226,-216],[-110,-129]],[[57940,21633],[-2,30],[31,39],[60,52],[11,24],[62,55],[-19,32],[-40,-18],[-27,-38],[-82,-3],[-32,-24],[-86,58],[-23,44],[-47,15],[-24,39],[34,20],[44,83],[-52,41],[-29,70],[-48,76],[9,45],[-7,47],[15,23],[-42,49],[-28,55],[-21,32],[-45,-48],[-34,-107],[-51,-12],[-51,-66],[13,84],[-60,1],[-8,42],[-56,62],[-72,40],[-139,-83],[-15,-62],[-60,-84],[-14,-41],[-37,-39],[-58,43],[-4,52],[-48,28],[-21,85],[-20,42],[25,45],[43,35],[-11,46],[21,38],[-8,58],[-1,33],[39,93],[-35,6],[-6,42],[27,109],[16,23],[68,42],[4,32],[33,58],[-81,50],[-60,51],[-17,40],[-64,56],[-35,1],[-47,-23],[-39,-34],[-12,-41],[-33,13],[8,57],[-72,-2],[-92,-33],[-72,-7],[-25,38],[-50,16],[-23,45],[-44,-20],[-40,19],[-16,-25],[-105,-17],[-111,0],[-60,24],[-4,24],[-44,2],[-24,32],[-42,13],[6,-60],[-38,-56],[-33,-7],[-13,30],[-82,-39],[-41,17],[-63,25],[-62,-2],[-46,-37],[-4,-35],[-157,20],[-76,76],[28,22],[-33,59],[-1,45],[25,45],[-28,106],[81,50],[-35,91],[51,20],[20,46],[41,24],[-11,51],[-5,29],[27,31],[6,45],[-35,-2],[13,32],[54,75],[50,47],[-97,33],[-22,37],[-73,39],[-32,67],[-9,64],[-39,40],[-62,38],[17,43],[-8,33],[15,42],[7,96],[-93,50],[-68,28],[8,29],[-60,26],[5,43],[-63,49],[-13,57],[-24,19],[-40,68],[-3,41],[-31,26],[16,24],[-26,82],[-24,24],[-30,-30],[-47,18],[-28,56],[-39,27],[-28,75],[8,36],[-27,16],[39,29],[40,2],[28,39],[1,47],[-15,56],[12,28],[-14,62],[28,29],[12,55],[-57,71],[-23,44],[-38,18],[-12,51],[-30,54],[4,43],[36,26],[-11,44],[20,36],[-3,44],[-53,32],[-12,29],[18,48],[40,38],[12,52],[-11,17],[47,58],[-46,52],[-6,62],[22,44],[-37,32],[-48,-5],[-10,18],[36,45],[-20,83],[8,46],[-40,109],[-22,28],[2,41],[-53,96],[-87,68],[-41,39],[21,60],[-58,30],[-26,-20],[-59,6],[-45,36],[-22,32],[-32,28],[-38,-19],[-38,4],[-99,53],[-10,38],[33,95],[-70,43],[-49,10],[-40,51],[-4,10],[29,61],[-10,43],[-45,42],[-28,-15],[18,-56],[-35,-4],[-19,40],[-86,15],[-41,-58],[-48,14],[-51,-44],[-39,0],[-45,11],[-26,-28],[-45,-19],[-43,3],[-88,4],[-9,34],[-63,16],[-58,-18],[-49,-32],[-37,8],[-43,82],[-45,27],[-83,-19],[-21,-80],[-75,-3],[-52,21],[-64,-19],[-35,25],[-7,40],[-106,39],[-59,-49],[-75,41],[-25,26],[-34,3],[-42,-27],[-62,-121],[-44,-23],[-35,6],[-30,32],[-83,-9],[-23,28],[29,90],[-10,42],[-43,24],[-15,34],[-21,18],[-21,71],[-27,29],[-92,66],[-72,-9],[-40,-16],[-36,46],[-38,9],[-58,-29],[-119,71],[-157,16],[-82,28],[-26,26],[-24,23],[-60,16],[-54,46],[-11,41],[-50,56],[-37,4],[-37,-19],[-78,17],[-91,23],[-63,-25],[-51,37],[-49,1],[-64,-67],[-53,-29],[-41,1],[-59,1],[-36,-19],[-66,27],[-50,52],[-37,21],[-6,1],[-93,-3],[-60,-27],[-43,1],[-17,19],[-16,85],[-42,27],[-44,10],[-189,-45],[-52,18],[-25,29],[-25,29],[-87,89],[-46,10],[-80,44],[-71,17],[-10,1],[-42,-1],[-85,47],[-44,12],[-59,-27],[-29,-57],[-8,-51],[-20,-52],[-2,-55],[12,-87],[-58,-27],[-41,-14],[-48,-38],[-14,28],[1,57],[-27,58],[-23,11],[-63,-12],[-25,-20],[-24,-19],[-179,23],[-91,41],[-55,6],[-49,-20],[-70,-47],[-87,47],[-115,128],[-49,-22],[-42,-41],[-74,-55],[-76,-38],[-67,4],[-84,43],[-41,17],[-73,12],[-66,-31],[-30,3],[-105,92],[-44,17],[-106,-12],[-28,-16],[-60,-57],[-60,-50],[-39,-37],[-80,-31],[-30,59]],[[46732,28519],[-6,67],[76,120],[76,55],[57,17],[35,71],[113,50],[139,53],[70,35],[33,61],[93,95],[118,90],[48,21],[65,52],[89,30],[49,46],[65,31],[39,41],[101,43],[42,29],[79,30],[18,42],[53,40],[107,111],[37,70],[33,20],[49,76],[36,75],[45,194],[39,77],[59,69],[60,33],[44,59],[88,89],[12,77],[51,112],[30,28],[98,35],[61,80],[47,97],[16,53],[-2,34],[-25,48],[-19,67],[-74,73],[0,38],[55,102],[46,29],[127,-33],[72,38],[13,22],[22,50],[53,46],[24,112],[41,88],[69,62],[17,43],[10,121],[19,59],[-34,102],[-36,74],[9,43],[-8,84],[31,45],[93,10],[35,43],[41,20],[32,75],[7,56],[28,74],[82,115],[21,15],[105,2],[97,67],[10,31],[9,119],[-30,44],[-10,121],[23,115],[-27,56],[23,109],[47,130],[34,67],[29,31],[17,13],[78,55],[73,73],[16,56],[98,163],[68,46],[44,49],[47,113],[38,44],[39,74],[50,41],[58,29],[124,29],[95,12],[82,18],[64,25],[51,40],[90,77],[23,38],[23,94],[61,167],[45,95],[2,28]],[[64218,25323],[41,-11],[0,-50],[25,0],[52,-42],[9,-99],[-40,-51],[-39,7],[-41,62],[14,37],[-22,39],[-27,6],[-122,-49],[-91,-12],[-22,-15],[-55,-2],[-27,13],[-34,47],[-2,66],[64,72],[32,6],[116,130],[5,55],[33,57],[-1,58],[21,38],[47,11],[25,-22],[55,-6],[44,-18],[13,-53],[34,-5],[22,-54],[-22,-66],[22,-64],[-84,-4],[-24,-17],[-21,-64]],[[64557,25526],[-12,-69],[-31,34],[43,35]],[[64691,26198],[45,2],[44,-19],[-59,-55],[-35,-2],[5,74]],[[57940,21633],[-8,-19],[-73,-66],[-67,-84],[-67,-109],[-25,-57],[-24,-85],[-57,19],[-67,-27],[-39,-34],[-51,-10],[73,-54],[-55,-133],[-41,-52],[-86,1],[-103,-72],[-71,-90],[-92,-165],[-67,-129],[-55,-128],[-13,-76],[-27,-22],[-34,-12],[-6,-74],[12,-21],[-57,-141],[-17,-71]],[[56823,19922],[-41,-13],[-46,10],[-23,56],[-55,-60],[-29,-11],[-623,7],[22,-23],[-40,8],[-58,-58],[-58,-16],[-21,28],[-30,0],[-26,-42],[-43,51],[-40,-23],[-76,36],[-29,-45],[-65,33],[-131,-75],[-18,-2],[-42,-49],[-1,-35],[-31,-34],[-43,-4],[-31,-84],[-48,3],[-29,-40],[-58,-30],[-45,-49],[-82,2],[-26,-37],[-71,20],[-3,-23],[-53,-35],[-3,-24],[-28,-23],[-4,-42],[-47,-4],[-43,18],[-18,-49],[-119,17],[-1,31],[-42,-3],[-27,34],[-38,-13],[-6,53],[-42,-7],[-40,33],[-24,45],[-26,12],[-33,-43],[-21,36],[19,40],[-44,3],[-1,41],[-36,27],[-34,-12],[-51,22],[-13,41],[-35,0],[-9,48],[-80,53],[-12,54],[-81,19],[-57,-10],[-7,29],[-23,25],[-42,-48],[-14,26],[-54,16],[-39,-5],[0,-33],[-63,-4],[-112,-35],[-37,-41],[-41,17],[-36,62],[-19,8],[-65,-12],[13,-30],[39,-19],[-53,-81],[-26,23],[-41,32],[-32,-7],[-56,76],[-47,-32],[-42,-33],[-26,3],[-48,-40],[-26,-39],[-3,-38],[26,-86],[-27,-2],[-72,58],[8,50],[-21,34],[-81,53],[-48,-11],[-71,94],[-117,0],[-38,-24],[-46,-7],[-11,52],[-32,41],[-52,-65],[16,-52],[47,16],[35,-13],[-9,-33],[-92,-28],[-76,19],[-35,-68],[-26,-29],[19,-55],[-6,-26],[-73,-55],[-33,-72],[-13,-16],[-59,-39],[32,-78],[-1,-28],[-67,-5],[-4,51],[-34,12],[-83,-24],[-62,-43],[-8,-46],[-35,-1],[-32,56],[-27,-3],[-20,-86],[-40,-25],[-21,14],[0,88],[-52,38],[-25,-24],[20,-35],[0,-46],[-82,36],[-4,39],[-41,29],[-29,11],[-117,-34],[-46,32],[-45,-60],[-10,-46],[-40,-17],[-64,2],[-29,-28],[-69,-31],[-24,9],[-54,-66],[-47,-15],[-9,-56],[-18,-33],[15,-30],[-38,-27],[-9,-30],[-39,-15],[-2,-76],[43,-30],[-3,-35],[49,-7],[-13,-45],[-32,-48],[16,-36],[43,-37],[42,-71],[13,-100],[-33,-37],[-4,-51],[-44,6],[-56,-72],[-25,-6],[-69,19],[-48,0],[-54,-29],[-45,-9],[-25,-42],[21,-13],[-16,-70],[-26,-13],[10,43],[-63,32],[-9,53],[-37,33],[2,35],[-90,137],[-38,14],[-52,-25],[-76,5],[-62,14],[-32,-13],[-47,5],[-58,56],[-30,1],[-47,-40],[-100,20],[-104,-39],[-89,16],[-51,-32],[-70,-8],[-11,31],[-39,16],[-63,-13],[-44,38],[-136,7],[-46,51],[-11,18],[-105,37],[-38,62],[3,35],[-33,32],[-40,-6],[-66,28],[-61,54],[-37,-35],[-61,-21],[-72,32],[-33,-17],[-61,53],[-169,5],[-52,27],[-36,-24],[-53,-2],[-47,-3],[-32,48],[-31,-1],[-70,55],[-76,-21],[-52,-1],[-35,-20],[-46,21],[-10,32],[-54,37],[-33,18],[-45,54],[-46,-13],[-37,1],[-46,39],[-56,-29],[-28,15],[-160,8],[-44,-35],[-94,-3],[-65,-7],[-125,37],[-78,-58],[-40,-28],[-106,-28],[-37,41],[-39,10],[-53,71],[-20,-15],[-21,6],[-30,9],[-118,88],[-10,25],[-55,29],[-8,69],[-34,42],[-47,-32],[-85,24],[-52,3],[-23,16],[-53,-31],[-8,-26],[-61,-46],[-1,-1],[-76,-27],[-17,8],[-52,-34],[-61,27],[-77,13],[-56,38],[-4,34],[-101,3],[-22,18]],[[45537,19219],[-32,41],[27,50],[-23,22],[-46,79],[-22,36],[-40,23],[-23,57],[-68,33],[2,90],[19,62],[-7,40],[-83,29],[-23,61],[-24,3],[-60,78],[-39,16],[-12,97],[50,15],[2,36],[-3,38],[-30,5],[-19,90],[17,26],[-33,39],[24,48],[37,43],[-47,74],[-13,75],[-40,-7],[17,53],[-44,42],[63,14],[2,27],[-29,83],[-61,4],[-13,37],[-81,51],[-37,10],[-28,-26],[-21,72],[-47,38],[-44,50],[-40,0],[-37,-48],[-33,18],[-26,47],[-26,-6],[-14,-60],[-4,-80],[-23,-3],[-40,88],[-1,78],[52,82],[4,60],[-46,-2],[-64,-57],[-42,-56],[-77,20],[-20,-18],[7,-43],[56,-23],[4,-43],[-60,10],[-44,40],[-32,-6],[6,-60],[-53,-7],[-48,91],[-38,1],[-72,-37],[-38,-84],[-32,-2],[-33,30],[-31,-16],[-1,-63],[-18,-39],[-63,-49],[3,-87],[-25,-10],[-23,80],[-56,76],[-72,55],[-44,-35],[-31,19],[1,59],[-39,24],[-91,-10],[-3,144],[-14,34],[-5,103],[-31,31],[-4,51],[37,32],[36,106],[72,95],[65,72],[76,137],[40,171],[26,64],[31,45],[32,-5],[20,45],[-47,101],[-31,30],[5,89],[-13,32],[13,40],[18,64],[24,132],[4,55],[94,333],[11,87],[44,54],[64,108],[21,50],[12,90],[19,177],[-4,58],[-29,103],[-7,50],[22,110],[35,63],[34,33],[42,64],[34,71],[9,51],[-44,163],[-101,102],[-18,55],[7,87],[-41,101],[5,61],[21,43],[45,32],[62,91]],[[44089,24812],[82,32],[73,51],[107,95],[65,27],[50,44],[36,49],[47,156],[-7,67],[-10,53],[10,100],[18,105],[53,111],[2,87],[45,105],[1,46],[15,108],[37,106],[7,86],[38,114],[34,48],[27,12],[63,-7],[124,67],[135,88],[90,26],[31,41],[46,61],[36,64],[23,70],[21,51],[14,73],[45,101],[22,29],[33,102],[41,49],[15,286],[-10,26],[39,75],[21,59],[40,38],[42,20],[54,98],[138,68],[76,56],[48,23],[43,49],[68,24],[36,53],[82,49],[195,80],[75,6],[47,32],[44,63],[41,41],[44,66],[51,78]],[[56823,19922],[-25,-110],[-8,-118],[17,-16],[-1,-73],[11,-74],[21,-66],[43,-33],[50,-8],[34,21],[16,-121],[46,-70],[-95,-188],[-47,-135],[-35,-65],[-37,-112],[12,-51],[-35,-50],[-55,-106],[-36,-87],[-32,-87],[-34,-117],[-18,-114],[20,-68],[-6,-53],[18,-103],[28,-32],[47,10],[45,-57],[73,-5],[-37,-89],[-38,0],[-33,-88],[-16,-102],[2,-32],[26,-43],[5,-78],[-12,-61],[45,-54],[56,21],[40,-32],[-37,-92],[-4,-41],[-6,-50],[-50,-51],[29,-70],[34,-44],[73,-32],[101,120],[-13,-54],[21,-30],[51,-25],[-33,-32],[-15,-73],[-25,25],[-63,4],[-80,-73],[-55,-17],[-21,-36],[-7,-102],[46,-114],[92,6],[31,-15],[26,-68],[-19,-29],[5,-66],[18,-64],[96,77],[148,-6],[13,-63],[36,-65],[55,-50],[-6,-55],[-73,-91],[-30,-55],[-22,-68],[26,-87],[-40,-48],[-19,-40],[-52,-71],[-31,-99],[-33,-37],[-21,-51],[-5,-52],[23,-31],[43,-14],[-44,-85],[-44,35],[-38,-37],[-18,-81],[-76,-42],[-43,-18],[-14,-43],[9,-32],[55,-14],[-31,-48],[-76,-104],[-25,-141],[11,-39],[55,-47],[-17,-24],[4,-49],[-52,-59],[-6,-72],[-28,-96],[-25,-44],[-20,-118],[44,-53],[-63,-56],[-43,-77],[-32,-95],[6,-46],[-66,-96],[-18,-45],[-5,-78],[-42,-85],[-1,-65],[42,-51],[-33,-32],[0,-45],[-47,-34],[-14,-38],[-34,-30],[-54,-81],[-67,-23],[-102,-50],[-159,-93],[-112,-74],[-223,-154],[-142,-107],[-131,-114],[-98,-93],[-36,-28],[-157,-159],[-109,-115],[-104,-119],[-99,-124],[-182,-223],[-107,-143],[-146,-201],[-6,-22]],[[54322,11340],[-40,-9],[-25,78],[-78,5],[-33,28],[-54,0],[-31,25],[-31,-4],[0,47],[-25,5],[-6,62],[-27,22],[-72,24],[-25,18],[-46,-1],[-54,23],[-26,-31],[-62,-43],[-30,8],[-114,-41],[-122,-54],[16,-46],[72,-70],[25,-7],[70,-101],[-16,-14],[-70,78],[-90,53],[-10,32],[-71,25],[9,30],[-16,69],[24,13],[3,58],[-13,45],[42,0],[43,-34],[72,59],[82,28],[46,37],[59,117],[51,3],[-3,38],[29,84],[-72,14],[64,31],[10,40],[-21,35],[44,68],[28,75],[-46,10],[-3,33],[-21,60],[32,82],[3,46],[-29,57],[10,62],[-18,24],[19,54],[-9,68],[89,68],[-29,51],[60,31],[33,-24],[45,20],[8,36],[65,-30],[14,50],[-11,69],[32,2],[31,35],[-13,36],[42,52],[42,-30],[50,34],[28,-21],[63,1],[27,-16],[2,3],[26,20],[-24,42],[-13,58],[-40,32],[-12,48],[-33,3],[-2,37],[45,42],[-48,64],[-39,-18],[-28,61],[-29,-49],[-56,70],[-52,-70],[-66,40],[12,46],[-57,9],[-25,-14],[-63,35],[-1,-54],[-30,-26],[-20,39],[-2,42],[-42,27],[-71,-46],[-25,19],[-30,-60],[-28,-15],[-65,2],[-30,15],[-34,-28],[-67,48],[31,35],[-5,38],[-71,-32],[-26,-39],[28,-30],[16,-43],[-52,-5],[-6,62],[-30,49],[-46,18],[-53,-47],[-29,16],[-15,64],[-48,-28],[-20,-36],[-43,14],[-21,31],[-48,14],[-39,-18],[8,-38],[-34,-4],[2,83],[-39,9],[-30,-66],[-28,35],[-68,1],[-102,47],[-69,6],[-28,20],[-40,-8],[8,-40],[-36,-11],[-47,37],[-25,49],[-38,32],[-46,-31],[-43,38],[10,38],[-38,40],[-44,27],[15,31],[-14,33],[-68,63],[-1,47],[-34,9],[-85,46],[-28,137],[-61,-8],[13,57],[-21,39],[17,36],[-21,21],[-54,-7],[-15,44],[-27,12],[-49,-52],[-37,23],[14,37],[-15,54],[-53,14],[2,36],[28,10],[24,44],[0,34],[-32,47],[-75,28],[-10,55],[8,49],[-51,11],[-70,49],[-35,5],[-17,-44],[-39,16],[-2,89],[-81,48],[-2,43],[8,46],[-57,19],[5,50],[-49,37],[-51,-13],[-30,74],[-57,6],[-62,61],[-48,0],[-23,19],[-46,-23],[-12,45],[-59,25],[-3,42],[-2,24],[-78,17],[15,43],[-20,17],[-9,54],[-27,10],[-74,-20],[-40,48],[19,50],[-26,39],[-54,-17],[-31,-58],[-40,6],[1,57],[-46,58],[-40,17],[-18,96],[-42,18],[-78,-16],[-24,9],[-30,-62],[-39,16],[-20,35],[15,47],[1,55],[-24,1],[-39,-47],[-51,0],[1,36],[24,65],[-28,34],[-31,-22],[-3,-49],[-38,-2],[-29,32],[10,43],[-25,22],[-38,-1],[-19,-21],[-17,-60],[-24,-4],[-52,64],[-113,-15],[31,-54],[-24,-39],[-52,44],[-34,-24],[-41,10],[26,90],[-32,21],[-40,-17],[-10,-27],[15,-54],[-47,-9],[-17,65],[4,70],[-40,15],[-72,-44],[-26,36],[46,32],[13,52],[-74,46],[-61,1],[-10,48],[41,8],[71,-16],[-26,52],[-47,-2],[-52,1],[-37,32],[27,40],[-20,38],[-65,-37],[-52,20],[-55,-25],[-23,12],[3,77],[-46,28],[-78,-30],[-18,13],[22,71],[-46,13],[-25,-39],[-27,-80],[-48,-20],[-23,51],[-30,22],[-55,-6],[11,55],[59,18],[14,30],[-58,19],[-38,-11],[-46,10],[-16,-21],[33,-102],[-19,-35],[-117,77],[-35,-40],[-22,2],[-13,58],[5,43],[-42,3],[4,-75],[-47,26],[-45,46],[-7,36],[25,61],[-3,22],[-34,-1],[-72,-44],[1,-78],[-31,-3],[-96,18],[-19,50],[-49,-22],[-36,6],[-79,-48],[-60,10],[-24,52],[-47,-11],[-2,-44],[-32,-55],[-26,13],[-24,106],[-29,5],[-27,-47],[-39,-11],[-15,24],[6,92],[-56,19],[-35,6],[-36,2],[-30,-19],[-34,7],[7,69],[-19,26],[-76,-32],[-31,-36],[-68,-18],[-19,17],[4,49],[-14,30],[-32,8],[-25,-69],[-8,-71],[-29,-9],[-35,38],[-3,51],[36,42],[1,43],[-17,35],[-30,6],[-45,-54],[-41,37],[6,49],[48,53],[5,29],[-14,22],[-54,2],[-35,-22],[-29,-40],[13,-126],[-20,-19],[-133,-29],[-24,82],[-43,-1],[-13,-70],[-28,-53],[-21,-1],[-78,55],[-137,-66],[-40,-56],[-25,23],[66,177],[-8,21],[-47,36],[-64,-7],[-21,25],[-22,44],[-36,0],[-32,-49],[-24,-59],[-110,-53],[-47,47],[-60,10],[-11,-43],[41,-74],[4,-34],[-11,-25],[-57,3],[-66,67],[-52,1],[-64,-35],[-41,5],[-28,-66],[-46,8],[0,86],[-34,35],[-44,-2],[-71,-48],[-29,-18],[-47,4],[-30,91],[-24,13],[-74,-65],[-24,-8],[-39,19]],[[45094,16868],[19,57],[65,-2],[-17,92],[68,19],[-55,44],[10,120],[44,-25],[-6,56],[44,-18],[28,8],[34,70],[31,51],[-26,10],[8,54],[32,-16],[58,57],[33,1],[-56,40],[41,31],[7,57],[-43,10],[20,57],[30,13],[-12,45],[-26,12],[-29,54],[10,16],[-44,76],[-44,38],[51,43],[-34,29],[-23,-7],[-21,59],[32,6],[4,40],[35,51],[-32,5],[19,60],[-77,30],[60,56],[0,56],[19,50],[2,49],[-26,58],[27,4],[-21,92],[43,-7],[24,63],[-34,24],[61,70],[-1,38],[-24,15],[-18,70],[39,93],[9,60],[34,41],[59,96],[12,80]],[[54322,11340],[-56,-92],[-147,-210],[-65,-97],[-167,-265],[-33,-58],[-26,-45],[-59,-113],[-129,-265],[-103,-225],[-26,-62],[-98,-235],[-24,-73],[-90,-237],[-121,-357],[-62,-176],[-121,-364],[-63,-138],[-89,-159],[-123,-177],[-81,-125],[-93,-161],[-116,-191],[-105,-156],[-140,-215],[-80,-133],[-87,-155],[-55,-89],[-168,-205],[-82,-95],[-205,-199],[-156,-141],[-143,-158],[-183,-212],[-78,-90],[-104,-101],[-358,-299],[-168,-122],[-273,-170],[-150,-81],[-127,-74],[-185,-126],[-82,-67],[-119,-109],[-108,-113],[-242,-285],[-13,-44],[9,57],[-14,28],[79,128],[24,121],[-33,115],[30,30],[56,17],[22,39],[-21,74],[-65,53],[-10,32],[-68,53],[-43,84],[71,47],[39,9],[91,-11],[49,-23],[142,-92],[45,-19],[95,1],[110,66],[18,30],[-4,46],[-30,45],[36,23],[65,5],[86,-6],[101,19],[69,37],[102,96],[67,85],[81,117],[37,71],[72,102],[52,44],[12,-61],[43,-14],[-26,72],[34,79],[-18,19],[60,94],[27,-45],[38,-27],[85,-30],[40,10],[136,80],[101,101],[75,112],[55,125],[49,206],[-1,120],[-12,103],[-34,134],[-1,28],[4,140],[24,29],[38,-49],[55,-27],[47,-4],[124,97],[55,26],[64,9],[51,39],[40,76],[7,112],[-37,158],[108,-22],[34,6],[49,32],[81,84],[46,14],[21,31],[58,30],[82,27],[74,101],[42,85],[27,101],[15,111],[8,140],[-15,277],[-32,195],[-54,105],[-11,40],[25,39],[29,14],[42,-24],[16,-30],[81,-70],[31,11],[-3,78],[28,1],[48,-77],[-51,-41],[-30,2],[-46,-29],[-6,-23],[16,-70],[85,-82],[64,-11],[18,22],[23,112],[-3,128],[46,81],[-3,64],[-20,37],[28,43],[11,67],[-10,55],[-40,2],[-34,34],[-51,108],[-50,-6],[-53,16],[-33,-20],[-22,-140],[29,-80],[-39,-27],[-108,-7],[-65,6],[-70,31],[-29,-71],[-5,-66],[-105,45],[-158,-15],[-28,-30],[-25,-95],[2,-81],[17,-74],[-97,72],[-89,46],[-77,21],[3,56],[50,111],[3,83],[-91,62],[-30,42],[-43,6],[-23,-18],[-50,1],[-21,-42],[-44,8],[3,54],[-63,17],[13,42],[-52,64],[-48,10],[-11,28],[4,84],[-45,48],[-29,5],[-17,53],[31,16],[42,98],[1,28],[-85,22],[-62,93],[-11,-64],[7,-68],[-27,-78],[13,-15],[-15,-60],[2,-42],[-19,-53],[-4,-56],[20,-41],[-30,-97],[5,-21],[61,-15],[-5,-88],[12,-72],[36,-12],[50,5],[40,-32],[36,38],[29,6],[6,-102],[36,-93],[29,-23],[111,69],[69,4],[-17,-50],[-37,-50],[1,-23],[-65,-234],[-9,22],[25,45],[17,87],[-40,60],[-99,14],[-56,-30],[-52,-65],[-6,-32],[-37,-57],[-74,-203],[-11,-76],[3,-117],[20,-188],[-2,-112],[29,-129],[-38,25],[11,70],[-22,109],[-26,43],[-9,152],[-36,32],[-66,1],[-37,-26],[-19,-54],[-26,-135],[-11,-102],[4,-67],[18,-65],[12,-82],[40,-82],[-39,-19],[-131,20],[-64,-46],[-46,-71],[-6,-122],[18,-99],[21,-69],[39,-88],[45,-62],[-49,-21],[-85,-14],[-72,-31],[-38,3],[-28,-38],[-78,-7],[-60,-55],[-28,-89],[-3,-98],[19,-76],[-11,-39],[-93,1],[-58,12],[-113,-52],[-75,33],[-47,-32],[-50,-53],[-22,-43],[-70,36],[-38,-17],[-61,13],[-27,-42],[-64,-66],[-1,-52],[-45,-27],[-29,-77],[-22,-101],[-15,-123],[-18,-120],[10,-126],[1,-57],[-18,-110],[-21,-77],[-59,23],[-105,-3],[-108,-38],[-104,-69],[-61,-66],[5,-95],[15,-45],[-17,-16],[6,-53],[-64,-17],[-9,-63],[43,-72],[34,51],[31,-38],[66,-50],[84,-28],[55,-61],[-60,-23],[-8,57],[-21,-2],[-75,-86],[-81,-24],[-39,-49],[15,-58],[-40,-84],[55,28],[58,-7],[14,29],[-23,44],[41,72],[29,10],[79,-11],[59,12],[35,-43],[-35,-37],[-97,-44],[-88,-4],[-13,-29],[17,-48],[-73,-27],[22,-41],[102,74],[73,23],[69,56],[68,-22],[14,-48],[-54,9],[-98,-32],[-25,-37],[-14,-52],[17,-53],[37,48],[75,39],[-13,-54],[2,-75],[15,-74],[-62,-19],[-51,-39],[-115,-108],[-78,-86],[-80,-113],[-52,-87],[-107,-221],[-67,-164],[-35,-96],[-82,-264],[-57,-271],[-35,-136],[-69,-204],[-184,-384],[-36,-85],[-68,-138],[-59,-96],[-84,-120],[-104,-135],[-95,-108],[-412,-380],[-281,-254],[-157,-152],[-107,-88],[-136,-120],[-171,-130],[-64,-56],[-60,-18],[-56,18],[-37,78],[-2,51],[-187,11],[-25,97],[18,64],[-19,25],[6,40],[43,-4],[-7,45],[11,105],[64,-8],[37,-28],[30,65],[32,42],[30,202],[-63,275],[-33,129],[-4,63],[39,88],[44,151],[66,9],[36,55],[80,86],[31,53],[52,-33],[81,-35],[39,5],[42,80],[76,80],[74,106],[24,50],[20,77],[-10,125],[5,118],[21,103],[53,64],[50,-72],[70,-30],[152,176],[2,-83],[86,-115],[79,-67],[44,-49],[91,-57],[78,-13],[55,11],[84,45],[89,117],[94,230],[93,195],[58,112],[27,65],[48,191],[4,75],[-37,123],[-82,173],[-111,189],[-9,32],[21,87],[79,209],[56,117],[-81,-20],[-36,-27],[-58,23],[-70,-12],[-19,-37],[6,-47],[-55,-16],[17,-33],[-48,-48],[-4,-56],[-66,-172],[-30,-38],[70,-114],[39,28],[2,39],[106,-45],[2,-29],[-96,-115],[-81,-53],[-72,-18],[-129,-18],[-107,-35],[-62,-40],[-35,-36],[-19,-105],[-12,-118],[-51,-56],[-96,-12],[-31,-25],[-15,-74],[-56,35],[-44,11],[-86,-26],[-22,-25],[-37,43],[-98,31],[-19,58],[-52,8],[-45,-44],[-55,56],[-57,37],[-31,-18],[-38,56],[-41,-44],[-35,18],[-75,82],[-44,80],[-32,93],[-64,-1],[-51,-13],[-67,31],[-33,39],[-38,19],[-10,41],[-61,52],[3,43],[-66,34],[1,43],[23,36],[-43,85],[21,50],[-32,34],[-46,76],[3,52],[-19,48],[-44,33],[-42,84],[15,47],[-61,103],[41,43],[-44,18],[-5,35],[-126,18],[-66,40],[-10,57],[-29,14],[0,70],[-35,18],[-57,-6],[-17,45],[-42,36],[-65,24],[-42,12],[-13,35],[20,36],[-92,19],[-25,31],[-53,14],[-94,-83],[-33,0],[-33,56],[-61,29],[-11,31],[-70,56],[-628,537],[2,59],[-16,10],[-27,143],[-38,47],[-57,107],[-100,45],[-39,29],[-21,63],[-186,6],[-70,48],[-44,-4],[-40,29],[-129,-11],[-89,-30],[-56,61],[8,25],[-46,26],[-47,56],[-74,-23],[-19,15],[5,65],[-46,4],[3,72],[-56,33],[-6,49],[-35,27],[-2,32],[-66,-1],[-9,-36],[-7,-43],[-60,-76],[-20,-5],[-77,63],[-97,37],[-49,64],[-88,13],[-74,28],[-8,118],[-28,29],[-45,2],[25,54],[-43,26],[3,45],[-65,0],[-44,30],[24,116],[-26,8],[-43,58],[21,50],[-30,10],[-20,40],[-79,12],[-68,36],[28,49],[-73,88],[-47,-7],[-58,75],[-14,59],[-80,29],[-39,56],[-8,59],[-27,14],[-62,-25],[-35,19],[-34,-10],[-57,-66],[47,-101],[-47,-62],[-7,-47],[-84,-3],[-33,35],[-13,-63],[-62,-80],[-35,-16],[-29,-35],[-59,2],[-51,-70],[-57,-4],[-34,-67],[-45,-15],[-79,1],[-10,-24],[-109,34],[-30,-31],[-28,8],[-31,98],[10,56],[-7,48],[15,64],[0,170],[9,53],[39,80],[-33,52],[-43,138],[-26,3],[-69,39],[6,43],[-25,18],[-48,-22],[-26,57],[-43,-22],[-8,62],[-44,28],[-5,64],[-33,44],[5,52],[-41,42],[28,26],[-39,30],[-59,-10],[-47,53],[-6,37],[-87,33],[-29,73],[-93,7],[-11,48],[-111,39],[-46,69],[18,52],[-37,40],[-56,0],[-31,29],[21,25],[-40,69],[-65,-34],[-36,44],[5,26],[-32,28],[-60,-3],[-8,56],[29,12],[-9,50],[-33,-14],[-47,46],[-43,18],[-25,36],[-40,92],[-36,27],[-38,86],[-85,-10],[-28,44],[-48,42],[-69,29],[-27,-10],[-25,33],[9,63],[-43,11],[-12,42],[-44,27],[-58,17],[-52,-10],[-35,9],[-30,-59],[-34,41],[-41,5],[-44,-17],[-49,9],[-15,26],[-89,-1],[-16,-37],[-30,-9],[-75,36],[-38,-60],[-45,3],[2,-81],[-33,12],[-35,-79],[-50,-63],[9,-81],[-10,-51],[-64,-43],[-18,-53],[-103,-10],[-44,10],[-33,-22],[-60,91],[-18,-30],[-73,-37],[-29,34],[-31,-21],[-23,-42],[-66,-18],[-24,72],[-51,-4],[-31,28],[-54,-10],[-23,-51],[-56,9],[-57,33],[-38,52],[23,49],[0,51],[-102,61],[21,27],[54,19],[99,52],[136,105],[25,74],[81,110],[47,40],[99,38],[54,93],[9,128],[-13,88],[12,38],[59,97],[140,138],[32,12],[110,-11],[90,27],[72,56],[121,119],[55,47],[45,81],[66,21],[8,107],[38,54],[48,37],[61,83],[92,68],[87,45],[31,43],[25,62],[39,29],[-1,45],[15,85],[33,41],[102,9],[29,28],[24,57],[56,100],[34,103],[-13,80],[20,60],[65,75],[49,89],[14,42],[47,15],[39,-7],[79,62],[27,10],[162,24],[39,45],[7,59],[24,55],[-38,42],[22,73],[61,62],[78,21],[47,39],[52,75],[6,139],[-5,85],[24,37],[63,38],[149,9],[64,74],[49,96],[55,71],[83,69],[77,78],[67,28],[32,39],[2,50],[-41,64],[-6,78],[27,41],[52,22],[87,9],[46,22],[100,18],[3,39],[-41,116],[1,52],[66,105],[46,5],[64,-21],[146,-15],[50,-30],[33,-96],[34,-23],[27,29],[8,72],[44,122],[-25,47],[-48,28],[-93,77],[-67,18],[-21,47],[25,37],[176,58],[89,94],[42,11],[32,62],[-2,58],[22,35],[33,4],[29,-24],[-13,-42],[56,-56],[33,19],[4,50],[38,54],[39,2],[31,86],[25,12],[75,-49],[36,24],[55,81],[86,53],[9,51],[-35,71],[22,25],[67,11],[17,16],[28,101],[40,11],[70,-27],[62,48],[40,77],[66,67],[70,-9],[72,-86],[34,35],[-5,55],[28,28],[51,15],[88,-24],[35,-14],[26,58],[-22,27],[-108,71],[-3,33],[58,41],[29,-11],[47,-56],[55,10],[15,38],[34,12],[63,-22],[96,127],[8,80],[0,160],[54,26],[41,-9],[29,21],[18,42],[19,95],[31,83],[49,2],[24,-112],[58,-8],[31,49],[48,-2],[95,-29],[21,21],[-19,102],[20,56],[32,-22],[11,-47],[44,-36],[37,35],[14,55],[32,60],[13,74],[36,12],[69,-85],[12,-41],[27,-9],[54,67],[59,-3],[41,8],[27,47],[-63,65],[35,32],[39,-7],[62,50],[28,-16],[65,-105],[28,-32],[38,4],[12,31],[-15,120],[18,2],[51,-47],[37,-61],[23,-5],[27,17],[10,94],[17,21],[55,7],[40,22],[9,86],[45,110],[-2,41],[17,71],[55,22],[14,-33],[-10,-47],[12,-24],[97,-15],[65,9],[23,21],[38,69],[61,23],[27,56],[2,64],[16,25],[107,8],[10,30],[-12,47],[32,36],[39,-20],[27,-40],[43,11],[42,110],[33,3],[37,-78],[24,-30]],[[44089,24812],[-53,57],[-26,55],[-6,53],[-62,-9],[-78,63],[-17,45],[-45,19],[-28,69],[2,39],[-31,30],[-105,26],[-14,23],[-49,-1],[-18,30],[-45,14],[-57,-16],[10,52],[-56,39],[-46,-32],[-15,42],[-33,13],[-35,-10],[-13,32],[-36,11],[-33,-34],[-34,-30],[-14,-58],[-90,-10],[-106,1],[-49,-57],[-49,17],[-53,-55],[-109,-16],[-40,-34],[-8,-50],[11,-41],[-92,-15],[-72,22],[-48,-39],[-30,-3],[-65,-50],[-62,28],[-37,44],[-49,-47],[-112,-26],[-44,18],[-19,-43],[-50,-27],[-73,57],[-95,69],[-30,5],[-41,-77],[-30,-1],[-85,67],[-23,-18],[-50,44],[-17,79],[-42,24],[16,31],[8,83],[-13,111],[-28,25],[53,75],[-8,49],[-21,14],[-12,60],[20,75],[-34,-10],[-26,34],[10,50],[-29,26],[1,60],[-80,46],[-45,12],[-17,92],[26,63],[-22,32],[-2,39],[-21,44],[-11,85],[-20,16],[35,15],[0,71],[65,102],[25,80],[-33,34],[-3,33],[-31,49],[-48,43],[15,33],[-9,62],[68,50],[-36,48],[-3,52],[38,59],[-44,44],[2,63],[-70,33],[-52,-24],[2,85],[-9,39],[-39,57],[13,13],[0,75],[-28,37],[-35,18],[15,46],[-2,42],[26,19],[-33,50],[-3,37],[-30,49],[14,17],[-13,96],[-23,13],[-10,76],[11,64],[17,28],[7,65],[31,32],[36,65],[15,93],[0,62],[-8,39],[6,58],[-19,12],[-5,56],[-36,40],[-93,61],[-27,29],[-8,37],[-56,29],[-53,119],[-9,79],[39,85],[-8,78],[-25,71],[-41,-2],[-29,0],[-53,31],[6,43],[-45,26],[-26,50],[-24,99],[-30,16],[-108,-10],[-17,15],[-53,-4],[-74,-29],[-24,27],[-30,-2],[-35,-29],[-121,42],[-14,-25],[-42,3],[-79,35],[-28,-36],[-171,26],[-48,52],[-8,48],[-27,-5],[-80,18],[-31,36],[-41,7],[-63,86],[-27,23],[-36,74],[14,17],[-56,92],[0,53],[-58,2],[-35,-15],[-40,16],[-43,-3],[-18,-35],[-36,-1],[-53,-37],[-21,-102],[-45,-45],[-17,-76],[-29,-28],[-30,2],[-46,-37],[-6,-30],[-47,-37],[-37,1],[-20,-28],[-46,20],[-21,32],[-3,40],[-49,-41],[-33,-50],[-54,39],[-30,-2],[-41,-47],[-39,46],[-19,-17],[-13,-58],[7,-33],[-88,-42],[-82,65],[12,31],[-29,47],[-62,-26],[-70,-2],[-25,46],[-65,-11],[-21,51],[-29,-34],[-20,12],[-65,-24],[-4,22],[-21,-25],[-94,-18],[-17,44],[-56,14],[-33,-20],[-68,2],[-30,26],[-49,-4],[-9,-42],[-44,-27],[-30,26],[-41,9],[-26,31],[-35,11],[-64,-45],[-75,31],[-38,-6],[-4,38],[-26,24],[-68,20],[-35,-6],[-21,30],[-58,1],[-29,-12],[-59,25],[-16,22],[-53,-19],[-90,15],[-17,26],[5,53],[-60,87],[-5,41],[-54,-30],[-56,0],[-60,46],[-50,-38],[-36,8],[-27,-38],[17,-20],[-30,-42],[-71,36],[-58,-64],[-30,29],[-10,41],[-25,8],[-66,-31],[-50,3],[-97,26],[-28,96],[-56,-17],[-56,-2],[20,50],[-10,30],[-49,35],[8,36],[69,41],[23,37],[0,44],[62,143],[-24,71],[33,31],[36,-3],[2,33],[-98,60],[-22,23],[61,22],[25,28],[51,130],[-71,40],[-16,31],[15,34],[73,52],[56,60],[-5,14],[-78,45],[-22,23],[-30,73],[12,35],[53,50],[-10,34],[-96,51],[-15,69],[18,65],[58,66],[21,57],[-5,31],[39,74],[4,47],[35,63],[70,71],[17,47],[-3,39],[-90,25],[-57,58],[32,49],[65,45],[54,53],[9,101],[-36,132],[43,101],[-44,77],[-2,70],[58,87],[52,64],[-18,39],[13,70],[-32,4],[-24,-26],[-42,-6],[-25,23],[-27,80],[-35,18],[-54,-3],[-6,19],[126,106],[33,8],[-3,67],[-76,87],[-40,5],[-67,-31],[-41,8],[22,84],[35,49],[31,5],[104,-17],[20,11],[-30,84],[-56,61],[-24,49],[-51,2],[-30,-73],[-18,-17],[-51,-2],[-16,49],[40,109],[-57,32],[-39,60],[36,92],[-51,148],[14,88],[34,63],[4,31],[-17,43],[-46,68],[-34,3],[-74,28],[-47,94],[-20,78],[27,92],[2,53],[-15,27],[-51,11],[-56,-57],[-33,20],[-16,70],[27,54],[50,21],[23,33],[-24,32],[-60,2],[-21,40],[45,36],[71,13],[48,93],[55,12],[38,-7],[22,22],[18,82],[27,23],[100,8],[35,74],[29,18],[46,-6],[61,-52],[24,52],[56,83],[18,46],[-162,145],[-448,399],[292,698],[253,601],[234,557],[163,1],[29,60],[-14,63],[-34,22],[-2,202],[-105,0],[467,1688],[231,19],[-59,66],[-53,23],[-155,172],[-59,227],[-270,548],[83,0],[0,51],[-79,92],[18,114],[-50,33],[-19,55],[-17,-5],[-30,92],[-28,6],[-16,54],[23,60],[-26,15],[-2,95],[32,23],[42,-7]],[[36334,41479],[27,72],[27,17],[35,-34],[3,-59],[41,-156],[30,-79],[17,-16],[-20,-54],[-9,-81],[47,-34],[52,32],[39,-49],[31,-156],[15,-19],[55,12],[18,-42],[87,-58],[-10,-33],[43,-28],[69,2],[17,-43],[39,-54],[32,21],[-3,41],[47,50],[93,33],[10,41],[27,3],[41,-28],[55,21],[31,29],[62,12],[42,-19],[44,36],[45,60],[32,-15],[44,8],[37,24],[46,-3],[13,23],[45,-14],[60,5],[27,54],[31,36],[62,11],[32,97],[32,7],[13,50],[29,5],[27,29],[7,37],[46,59],[-39,31],[19,75],[48,28],[13,38],[82,57],[31,-18],[44,17],[33,71],[-9,39],[43,24],[2,46],[44,24],[-34,29],[37,48],[-16,34],[6,51],[96,6],[-7,35],[48,24],[15,33],[7,64],[32,-1],[21,44],[24,4],[48,-29],[42,8],[24,-46],[117,32],[18,-25],[83,10],[16,33],[38,-20],[41,25],[42,1],[-1,37],[33,22],[109,-94],[138,63],[13,35],[50,19],[56,-24],[50,53],[35,-18],[36,33],[-4,43],[57,23],[15,48],[39,-21],[47,3],[28,51],[36,30],[47,-1],[14,20],[63,20],[37,33],[66,-29],[30,19],[57,-3],[31,-39],[31,-9],[-2,-47],[11,-72],[45,-8],[21,-25],[51,-2],[29,-54],[35,17],[66,-22],[34,-29],[38,24],[55,-60],[90,-28],[34,-44],[35,-12],[29,20],[93,-65],[34,-7],[34,29],[69,3],[21,-49],[29,14],[22,-28],[50,-7],[2,-2],[43,-40],[-11,-79],[31,-53],[41,-23],[93,-103],[39,-7],[32,20],[40,-21],[26,-35],[47,-29],[61,-2],[115,-49],[13,-39],[37,-6],[71,21],[82,-61],[24,-70],[46,-9],[31,-30],[98,-60],[8,-26],[71,-18],[4,-6],[52,16],[6,33],[40,-13],[46,12],[57,-23],[80,24],[35,-19],[25,37],[93,39],[92,-7],[92,-31],[21,27],[60,9],[54,69],[94,44],[-8,29],[12,51],[22,37],[71,17],[56,26],[121,19],[147,57],[36,-39],[40,29],[77,-8],[62,-45],[-7,-40],[20,-35],[95,-25],[27,-19],[18,-45],[31,-22],[34,-94],[-24,-63],[36,-34],[63,-27],[92,-15],[23,22],[39,-3],[51,33],[18,32],[61,19],[56,40],[76,2],[52,-35],[78,14],[33,-15],[26,80],[48,64],[13,66],[-27,61],[37,33],[8,36],[32,24],[59,14],[54,-2],[20,28],[74,56],[37,64],[69,70],[32,46],[85,37],[-9,40],[10,56],[24,58],[30,17],[47,2],[45,70],[6,34],[36,11],[23,26],[70,11],[29,-47],[27,-20],[-29,-630],[-24,-413],[-36,-20],[-44,10],[-39,-20],[-93,6],[-59,-45],[-31,-5],[-38,-32],[-11,-47],[-36,-28],[-26,-44],[-16,-72],[-24,-30],[-15,-49],[-63,-83],[-32,-109],[18,-66],[-9,-18],[61,-11],[58,28],[44,-35],[55,-8],[94,-86],[85,-106],[84,15],[22,-22],[76,-9],[36,44],[55,34],[80,-6],[21,-43],[38,-36],[73,-5],[88,-23],[71,-51],[41,14],[42,93],[32,36],[38,-26],[31,6],[52,-42],[101,5],[7,14],[91,14],[121,-29],[87,-33],[19,-41],[36,-14],[228,20]],[[46805,40276],[-7,-43],[-61,-21],[-47,0],[-36,-34],[-7,-31],[14,-88],[17,-51],[-1,-57],[44,-151],[5,-104],[13,-32],[5,-105],[63,-71],[108,-21],[21,60],[109,70],[67,6],[139,-47],[117,11],[53,-14],[47,-33],[38,-49],[1,-39],[-25,-44],[-31,-20],[-33,-68],[-90,-23],[-73,-5],[-11,-13],[-11,-89],[-40,-29],[-46,-87],[-51,-16],[-45,-61],[24,-92],[69,-94],[15,-17],[3,-56],[88,-10],[61,-54],[54,-14],[27,12],[55,-34],[50,-1],[34,-28],[71,2],[65,33],[118,-33],[102,12],[51,57],[44,20],[33,-2],[66,-47],[121,-41],[54,-106],[27,-28],[10,-33],[63,-63],[9,-24],[48,-24],[20,-58],[89,-45],[26,29],[68,2],[24,-28],[82,-9],[17,-16],[46,8],[32,-28],[51,-93],[89,-14],[11,-70],[59,-64],[80,1],[56,-33],[9,-32],[79,6],[63,-19],[23,33],[75,-67],[23,-1],[46,-93],[54,-55],[82,-7],[152,-99],[45,-36],[26,4],[53,-30],[72,-42],[57,9],[58,-26],[37,36],[52,-20],[31,6],[36,-26],[27,9],[63,-56],[58,17],[31,-34],[24,18],[22,-28],[41,13],[26,-46],[31,-31],[55,-8],[14,-59],[41,22],[19,-21],[63,11],[3,-38],[69,-71],[76,-23],[39,27],[87,-30],[39,-42],[56,0],[38,-41],[78,-12],[104,-92],[56,-111],[-11,-31],[84,-24],[4,-54],[76,-34],[39,-64]],[[52536,53532],[26,-47],[-26,-19],[-5,-67],[-29,-54],[6,-95],[-36,-22],[-20,-34],[-86,-14],[-9,-40],[45,-52],[-20,-53],[-41,11],[-27,-36],[14,-56],[21,-26],[4,-63],[-15,-54],[14,-49],[-28,-57],[3,-20],[44,-61],[-25,-137],[-21,-16],[-13,-116],[-28,-26],[-51,-81],[-40,-32],[-11,-53],[12,-102],[-44,-26],[-23,-63],[-47,-56],[-49,-30],[-50,-44],[-21,-124],[-7,-91],[-27,-41],[-6,-67],[-50,-130],[-47,-32],[-41,-8],[-47,-31],[-11,-24],[42,-59],[-8,-57],[10,-52],[-11,-74],[42,-90],[1,-153],[-58,-93],[3,-62],[39,-40],[-20,-50],[37,-88],[19,-75],[-23,-55],[-23,-34],[-50,-6],[-28,-31],[-27,44],[-36,3],[-11,-33],[21,-56],[-72,-186],[-26,-28],[-51,-158],[19,-59],[-2,-49],[-40,-57],[6,-48],[-30,-95],[26,-39],[-6,-63],[39,-46],[8,-27],[-10,-69],[18,-50],[-66,-107],[-9,-30],[11,-78],[-41,-89],[-35,-32],[-11,-47],[13,-34],[-9,-47],[-52,-75],[-8,-58],[26,-40],[1,-41],[-58,-43],[-42,-78],[-9,-38],[1,-84],[0,-9],[1,-8],[16,-23],[-4,-46],[-26,-10],[-9,-3],[-68,-37],[-34,-13],[-3,-33],[5,-9],[0,-20],[-21,-40],[-6,-3],[-9,-5],[-38,-17],[-25,-10],[-15,-9],[-12,-9],[-16,-18],[-11,-22],[-42,-17],[-13,-1],[-28,-14],[-5,-5],[-21,-16],[-7,-4],[-3,-1],[-6,-1],[-5,1],[-4,2],[-6,4],[-15,10],[-27,33],[-6,19],[0,25],[0,26],[-3,16],[-5,16],[-2,3],[-22,19],[-3,2],[-11,8],[-10,7],[-9,2],[-15,-5],[-5,-6],[-2,-3],[-5,-13],[-7,-9],[-8,-11],[-5,-6],[-7,-9],[-34,-40],[-75,17],[-64,-18],[-24,-55],[-47,-42],[-89,-25],[-38,2],[-34,-22],[-29,-90],[-38,-21],[-50,-64],[-14,-48],[-30,-25],[-93,-29],[-5,-67],[-41,-83],[-1,-58],[51,-11],[-11,-36],[-59,-37],[-32,-96],[9,-56],[35,-38],[5,-33],[-59,-81],[10,-51],[-40,-91],[23,-60],[-12,-29],[-61,-20],[-12,-58],[26,-45],[-31,-39],[-37,5],[-11,70],[-37,-12],[-8,-30],[60,-175],[-7,-48],[-24,-51],[-74,-121],[-5,-54],[-45,-25],[-35,-48],[-45,-95],[-32,-28],[-16,-67],[-26,-17],[-47,46],[-79,8],[-15,-15],[-3,-62],[-35,5],[-33,-28],[-16,-50],[-35,-44],[-114,-4],[-28,14],[-85,-3],[-37,-31],[-114,20],[-36,16],[-48,-27],[-42,6],[-43,-12],[-6,-95],[-23,-43],[-51,-43],[-12,-73],[-35,-36],[-30,-84],[-9,-78],[-49,-35],[-24,6],[-23,-38],[-62,8],[-85,-40],[-53,-48],[-25,2],[-71,-38],[-23,21],[-27,-20],[-1,-36],[-51,-25],[12,-39],[-15,-29],[12,-79],[-50,-6],[-3,-23],[51,-66],[-41,-12],[-27,38],[-25,-48],[-53,-11],[-30,-37],[-77,16],[-50,-54],[-12,-34],[9,-75],[-21,-11],[-1,-46],[33,-37],[-26,-35],[33,-46],[48,10],[27,-18],[5,-55],[44,-24],[29,-102],[-14,-40],[-55,-3],[17,-38],[9,-37],[-47,-36],[-18,-37],[-36,8],[-11,-71],[-43,8],[-19,-36],[-66,27],[15,-74],[24,-57],[-42,9],[-32,-17],[16,-31],[-40,-49],[-12,-64],[7,-27],[-54,-20],[-16,-66],[-35,-5],[-54,-77],[-60,9],[-20,-32],[-38,11],[-17,-44],[-33,-13],[-14,-35],[-30,-15],[-4,-49],[-43,-17],[-18,-44],[-35,-21],[-94,14],[-12,-92],[-44,-30],[9,-78],[-28,-18],[-16,-49],[-3,-73],[-18,-50],[6,-76],[14,-47],[-76,-93],[-49,-19],[-8,-48],[-31,-71],[-31,-43],[-33,1],[4,-40],[-25,-60],[1,-29],[-64,-138],[-55,-82],[22,-22],[19,-89],[-6,-45],[14,-26],[-39,-83],[-17,-15],[-21,-61],[18,-46],[-41,-118],[-2,-126],[11,-37],[-6,-82],[-18,-70],[14,-163],[19,-57],[71,-33],[36,-57],[31,-22],[27,-46],[6,-57],[57,-116],[-14,-74],[22,-25],[13,-55],[-6,-39],[46,-26],[40,-44],[34,-54],[16,-57],[-18,-117]],[[36334,41479],[-294,294],[-177,-130],[-76,-39],[-7,21],[-53,33],[-45,5],[-13,76],[-24,31],[-70,-26],[-66,34],[-5,85],[-50,2],[-16,30],[-1,47],[-54,-20],[-47,14],[7,44],[-16,30],[-40,-8],[-48,29],[-29,-12],[-23,22],[3,35],[-38,32],[9,36],[-54,18],[16,25],[-49,49],[-11,33],[-59,57],[-47,89],[-70,39],[-2,98],[13,127],[4,144],[-4,64],[-15,44],[-37,41],[-33,-25],[-29,20],[-41,56],[10,61],[-41,4],[37,90],[-9,59],[0,110],[-32,55],[29,94],[-16,73],[14,81],[-11,23],[23,104],[-4,37],[60,154],[33,48],[63,27],[12,29],[42,22],[56,66],[22,72],[-1,29],[-30,61],[-18,74],[23,85],[87,57],[7,158],[-30,43],[-22,56],[-86,-8],[-51,31],[-6,-61],[-20,-47],[-68,-49],[-795,38],[-393,18],[-686,33],[-450,22],[-528,11],[-615,12],[-434,9],[-46,635],[-41,556],[-60,839],[-323,415],[-429,552],[740,0],[-22,430],[-42,791],[-52,-6],[-59,33],[-19,108],[3,35],[-28,78],[7,35],[-47,66],[-2,35],[-39,17],[-10,65],[-51,104],[22,27],[-21,72],[-61,61],[-18,40],[-28,16],[-28,128],[37,36],[-55,152],[-42,7],[19,62],[23,36],[-2,48],[-21,42],[9,49],[40,5],[47,38],[76,121],[13,53],[-6,33],[48,13],[-26,40],[-47,-8],[-31,98],[-48,40],[-12,86],[-21,27],[-6,68],[-41,95],[39,-8],[7,27],[-115,86],[-32,17],[-84,7],[-12,54],[-38,11],[-19,-14],[-52,75],[-51,-49],[-77,48],[-13,43],[-41,-4],[-10,30]],[[59699,45395],[-57,40],[-28,34],[-50,16],[-18,58],[3,43],[33,83],[-28,58],[-9,50],[14,33],[14,120],[58,83],[24,72],[33,53],[-13,71],[18,55],[-42,35],[10,79],[-16,59],[26,80],[-56,49],[-68,9],[-64,74],[-27,3],[0,113],[-166,-1],[-808,0],[-405,0],[-38,0],[-5,0],[-1,0],[-3,0],[-42,0],[-281,-1],[1,-309],[-41,-1],[-36,-47],[-2,-47],[-14,-68],[0,-48],[41,-7],[33,-25],[-2,-82],[-18,-45],[-33,-28],[-25,-49],[-55,-28],[-32,-57],[-8,-36],[19,-80],[5,-86],[42,-58],[10,-60],[-20,-29],[-3,-47],[-23,-66],[5,-29],[-18,-70],[432,0],[149,0],[1,0],[4,0],[173,-1],[571,0],[839,0]]],"transform":{"scale":[0.0004469185993559936,0.0003902300352603519],"translate":[-73.9904499689999,-33.7507722189999]},"objects":{"uf_pos_quant":{"type":"GeometryCollection","geometries":[{"arcs":[[0,1,2,3]],"type":"Polygon","properties":{"cd_uf":"11","uf_sigla":"RO"}},{"arcs":[[-1,4,5]],"type":"Polygon","properties":{"cd_uf":"12","uf_sigla":"AC"}},{"arcs":[[-2,-6,6,7,8,9]],"type":"Polygon","properties":{"cd_uf":"13","uf_sigla":"AM"}},{"arcs":[[-8,10,11]],"type":"Polygon","properties":{"cd_uf":"14","uf_sigla":"RR"}},{"arcs":[[[-9,-12,12,13,14,15,16,17]],[[18]],[[19]],[[20]],[[21]],[[22]],[[23]],[[24]],[[25]],[[26]]],"type":"MultiPolygon","properties":{"cd_uf":"15","uf_sigla":"PA"}},{"arcs":[[[-14,27]],[[28]],[[29]]],"type":"MultiPolygon","properties":{"cd_uf":"16","uf_sigla":"AP"}},{"arcs":[[-17,30,31,32,33,34]],"type":"Polygon","properties":{"cd_uf":"17","uf_sigla":"TO"}},{"arcs":[[[-16,35,36,-31]],[[37]],[[38]],[[39]],[[40]],[[41]],[[42]],[[43]],[[44]],[[45]],[[46]],[[47]],[[48]],[[49]],[[50]],[[51]]],"type":"MultiPolygon","properties":{"cd_uf":"21","uf_sigla":"MA"}},{"arcs":[[-32,-37,52,53,54,55]],"type":"Polygon","properties":{"cd_uf":"22","uf_sigla":"PI"}},{"arcs":[[-54,56,57,58,59]],"type":"Polygon","properties":{"cd_uf":"23","uf_sigla":"CE"}},{"arcs":[[-58,60,61]],"type":"Polygon","properties":{"cd_uf":"24","uf_sigla":"RN"}},{"arcs":[[[-59,-62,62,63]],[[64]]],"type":"MultiPolygon","properties":{"cd_uf":"25","uf_sigla":"PB"}},{"arcs":[[[-55,-60,-64,65,66,67]],[[68]]],"type":"MultiPolygon","properties":{"cd_uf":"26","uf_sigla":"PE"}},{"arcs":[[-67,69,70,71]],"type":"Polygon","properties":{"cd_uf":"27","uf_sigla":"AL"}},{"arcs":[[-71,72,73]],"type":"Polygon","properties":{"cd_uf":"28","uf_sigla":"SE"}},{"arcs":[[-33,-56,-68,-72,-74,74,75,76,77]],"type":"Polygon","properties":{"cd_uf":"29","uf_sigla":"BA"}},{"arcs":[[-77,78,79,80,81,82,83,84]],"type":"Polygon","properties":{"cd_uf":"31","uf_sigla":"MG"}},{"arcs":[[[-76,85,86,-79]],[[87]]],"type":"MultiPolygon","properties":{"cd_uf":"32","uf_sigla":"ES"}},{"arcs":[[[-80,-87,88,89]],[[90]],[[91]],[[92]],[[93]],[[94]],[[95]]],"type":"MultiPolygon","properties":{"cd_uf":"33","uf_sigla":"RJ"}},{"arcs":[[[-81,-90,96,97,98]],[[99]],[[100]],[[101]]],"type":"MultiPolygon","properties":{"cd_uf":"35","uf_sigla":"SP"}},{"arcs":[[-98,102,103,104,105]],"type":"Polygon","properties":{"cd_uf":"41","uf_sigla":"PR"}},{"arcs":[[-104,106,107,108]],"type":"Polygon","properties":{"cd_uf":"42","uf_sigla":"SC"}},{"arcs":[[-108,109]],"type":"Polygon","properties":{"cd_uf":"43","uf_sigla":"RS"}},{"arcs":[[-82,-99,-106,110,111,112]],"type":"Polygon","properties":{"cd_uf":"50","uf_sigla":"MS"}},{"arcs":[[-3,-10,-18,-35,113,-112,114]],"type":"Polygon","properties":{"cd_uf":"51","uf_sigla":"MT"}},{"arcs":[[-34,-78,-85,115,-83,-113,-114]],"type":"Polygon","properties":{"cd_uf":"52","uf_sigla":"GO"}},{"arcs":[[-84,-116]],"type":"Polygon","properties":{"cd_uf":"53","uf_sigla":"DF"}}]}}}