{"type":"Topology","arcs":[[[34273,91614],[-3112,0],[-4265,0]],[[26896,91614],[-50,26],[-180,19],[-59,22],[-166,-44],[-71,19],[-94,65],[-106,148],[-33,84],[10,74],[-12,15],[-122,23],[-187,-69],[-67,4],[-130,82],[-118,130]],[[25511,92212],[4,38],[44,96],[-9,40],[7,49],[-33,63],[39,105],[-23,74],[-41,43],[-89,12],[-110,-8],[-190,-41],[-238,-80],[-157,-15],[-88,12],[-97,32],[-167,78],[-139,44],[-95,48],[-14,25],[-52,-16],[-48,35],[-23,1],[-25,-37],[-44,71],[-41,9],[-7,27],[32,59],[-8,45],[11,63],[37,7],[11,38],[37,44],[-2,31],[44,41],[17,60],[-17,27],[14,41],[-43,54],[50,26],[-9,34],[-32,25],[14,76],[-37,21],[-11,44],[2,61],[-82,44],[-25,36],[-22,75],[-12,149],[-74,35],[-54,74],[-13,61],[-73,73],[-41,78],[-103,84],[-36,53],[5,34],[55,108],[5,57],[-13,133],[-66,176],[17,178],[-41,49],[-6,43],[34,58],[89,88],[38,58],[8,129],[-10,36],[-44,67],[-92,89],[-32,58],[-43,35],[-32,98],[-94,54],[-35,37],[-160,79],[-47,36],[-45,11],[-52,-8],[-40,16],[-56,71],[-37,69],[-106,102],[-28,119],[-83,47],[-68,98],[-74,51],[-17,30],[-7,61],[-60,67],[-57,138],[-188,139],[-24,79],[-11,93],[12,51],[49,58],[46,6],[195,-93],[36,-28],[62,-71],[75,-187],[83,-63],[78,-32],[39,31],[56,7],[49,-15],[103,28],[63,34],[67,-7],[42,13],[122,-20],[80,8],[30,29],[37,-3],[19,-42],[38,9],[76,-36],[68,3],[45,31],[59,-48],[34,-10],[50,-38],[39,-97],[-2,-73],[51,-65],[60,-127],[37,-41],[81,-3],[11,-75],[44,-8],[32,-83],[15,49],[52,36],[23,60],[65,23],[24,-8],[99,49],[36,-25],[47,-1],[45,-18],[100,20],[41,-30],[-2,-35],[76,-3],[59,-16],[47,38],[-46,34],[-26,1],[-18,36],[35,108],[-8,59],[30,10],[58,-44],[22,-60],[56,-41],[68,-88],[1,-110],[48,-5],[41,20],[7,-67],[95,-45],[42,8],[-20,44],[54,14],[28,-29],[39,-9],[43,17],[-9,47],[50,45],[14,32],[-14,55],[-53,6],[1,29],[-31,18],[57,55],[36,-5],[49,14],[69,-42],[63,-19],[56,30],[10,34],[44,-29],[28,-39],[65,16],[14,-17],[104,-9],[-42,-135],[-27,-44],[3,-79],[14,-39],[53,-61],[21,9],[75,-26],[99,-1],[88,-67],[41,-65],[25,-14],[-10,-109],[-43,-30],[117,-71],[14,-40],[27,-12],[63,-87],[70,-9],[57,51],[34,64],[8,50],[25,-3],[52,32],[82,72],[41,69],[76,-23],[34,-31],[12,-46],[22,-6],[47,-51],[47,30],[14,48],[-21,124],[10,59],[-19,20],[35,45],[-34,9],[-68,67],[42,40],[-84,111],[5,93],[60,31],[45,78],[-47,31],[-10,73],[41,21],[-9,27],[42,22],[82,-23],[55,20],[48,-10],[31,29],[43,-17],[45,12],[50,-30],[20,-39],[53,-3],[-8,55],[68,22],[-25,47],[5,37],[-40,3],[33,45],[-19,29],[106,45],[29,41],[44,-30],[40,27],[-6,92],[29,-11],[34,26],[48,3],[47,-26],[21,10],[46,-39],[40,6],[8,-37],[50,-41],[17,15],[48,-10],[25,12],[29,-30],[66,-1],[89,-52],[44,10],[8,-37],[40,-21],[37,1],[38,-42],[26,32],[54,7],[-11,72],[29,-6],[34,36],[30,-25],[18,28],[-25,36],[40,36],[40,-21],[38,20],[50,-5],[44,48],[44,-61],[59,-66],[13,-37],[35,-20],[18,135],[56,13],[64,-24],[-4,48],[53,10],[38,-36],[44,20],[7,53],[32,102],[48,-11],[44,21],[-26,45],[86,16],[38,-30],[48,26],[57,0],[32,21],[83,-56],[57,52],[42,-44],[77,23],[13,32],[72,59],[-6,19],[43,62],[-31,14],[-16,43],[26,18],[-12,58],[20,86],[65,13],[58,66],[96,-7],[43,-23],[77,6],[50,-21],[35,24],[57,76],[60,-1],[22,55],[-40,5],[-19,33],[-62,56],[11,47],[133,15],[61,-16],[103,-44],[32,11],[99,-100],[51,60],[46,15],[27,28],[40,-11],[73,15],[75,-19],[50,4],[30,64],[47,3],[24,48],[-5,56],[40,-12],[-8,52],[25,42],[-41,93],[78,32],[19,54],[-6,44],[29,33],[59,-3],[54,-29],[50,62],[48,9],[13,43],[102,28],[30,-9],[32,42],[42,17],[-14,33],[52,47],[22,2],[57,77],[32,22],[16,91],[56,10],[8,40],[40,51],[41,7],[19,74],[-21,38],[-15,74],[-60,71],[-19,59],[-30,17],[9,63],[-11,37],[10,36],[-36,11],[0,89],[-12,38],[-44,33],[-18,45],[-76,4],[-43,16],[31,46],[34,-4],[29,27],[45,8],[67,-5],[62,-38],[79,5],[4,-25],[50,-30],[57,-4],[45,35],[153,-22],[28,9],[12,-48],[30,-7],[70,76],[51,28],[92,-44],[77,15],[22,41],[80,20],[17,43],[44,2],[26,28],[54,23],[46,-48],[-4,-38],[54,-30],[88,58],[8,-62],[62,-79],[27,-137],[53,-5],[112,-119],[73,-20],[-28,-66],[30,-26],[-21,-64],[34,-91],[-14,-71],[5,-73],[-33,-65],[-22,-166],[-31,-45],[-24,-104],[31,-27],[-6,-89],[-34,-54],[32,-43],[-116,-133],[8,-103],[-65,-34],[-18,14],[-45,-13],[-33,-64],[4,-38],[-47,18],[-11,-37],[16,-24],[-12,-84],[140,-13],[-9,42],[96,-15],[-6,-46],[61,4],[65,-14],[36,16],[42,-40],[22,4],[18,54],[113,-47],[32,-30],[87,2],[12,-48],[135,-25],[42,1],[68,-22],[33,-46],[40,2],[37,-38],[1,-25],[56,-42],[54,-8],[-21,-33],[17,-43],[-64,-70],[-1,-40],[-32,0],[-37,-49],[57,-42],[-69,-86],[27,-133],[35,-45],[72,-47],[91,-1],[64,-35],[-80,-159],[52,-42],[32,0],[0,-39],[40,-23],[60,-108],[-33,-27],[38,-20],[30,24],[78,-29],[24,-59],[-55,-31],[-22,-33],[-40,1],[-8,-75],[-58,-6],[-3,-72],[13,-63],[-19,-102],[-43,18],[-38,-47],[-45,9],[-40,-14],[-24,-97],[28,-73],[-12,-33],[-62,-38],[-25,2],[-47,-67],[-47,-9],[-29,-30],[-21,-57],[-64,-23],[-58,10],[-17,-17],[-68,-23],[-20,-88],[-31,-18],[67,-25],[14,-62],[52,-24],[30,-34],[4,-41],[-52,-56],[-38,-66],[-6,-46],[68,7],[-15,-44],[40,-126],[-10,-23],[-62,1],[14,-55],[-59,-71],[-16,-66],[-33,-5],[-20,-43],[16,-78],[-32,-32],[-39,0],[-20,-74],[30,-87],[-18,-37],[-4,-70],[-51,-6],[-23,-56],[-39,-17],[10,-102],[-26,-64],[37,-42],[-40,-95],[13,-24],[-58,-60],[-7,-52],[21,-34],[-29,-38],[18,-31],[-23,-78],[11,-93],[-15,-44],[14,-97],[-12,-35],[9,-99],[-7,-21],[42,-50],[-6,-72],[32,-35],[-20,-83],[66,-20],[37,-39],[-21,-46],[48,-67],[-5,-43],[20,-39],[36,-33],[8,-44],[-16,-67],[10,-83],[-30,-43],[26,-67],[40,-26],[22,19],[46,-76],[56,-5],[102,-114],[37,25],[50,-15],[26,9],[39,-38],[-12,-34],[20,-67],[-20,-19],[8,-64],[-33,-67],[0,-83],[27,-27],[14,-54],[-3,-44],[-30,-18],[-16,-44],[12,-60],[39,-57],[-36,-39],[4,-33]],[[49788,92091],[43,9],[44,47],[66,-36],[17,14],[56,0],[112,33],[94,6],[48,-10],[94,-95],[78,-10],[47,-31],[78,16],[35,20],[13,55],[72,-19],[35,74],[9,51],[29,8],[9,50],[43,6],[-8,47],[41,24],[97,29],[199,116],[133,97],[2,59],[44,44],[1,36],[34,32],[35,-5],[7,74],[56,-4],[4,53],[49,46],[25,7],[-21,76],[26,31],[31,-6],[9,43],[21,15],[-17,43],[-44,33],[17,32],[-29,46],[24,31],[35,-5],[22,81],[29,38],[62,138],[6,75],[13,35],[123,246],[38,22],[35,-5],[8,52],[-19,28],[7,42],[32,34],[47,174],[22,14],[66,136],[-44,52],[14,60],[-23,35],[40,54],[3,35],[64,9],[-9,73],[41,76],[58,26],[16,31],[31,-34],[32,4],[81,127],[22,51],[74,103],[117,252],[36,33],[12,61],[44,44],[-1,32],[35,10],[87,176],[70,89],[17,125],[21,26],[20,87],[35,32],[70,-7],[17,46],[-19,65],[12,29],[116,61],[66,94],[48,27],[19,39],[44,30],[54,111],[5,83],[53,79],[29,22],[85,11],[55,62],[47,9],[41,31],[10,85],[20,33],[40,142],[58,126],[-5,99],[13,14],[21,92],[24,166],[57,226],[86,32],[208,-162],[196,-201],[226,-266],[51,-83],[9,-39],[34,-41],[74,-235],[13,-125],[-6,-109],[30,-22],[105,-66],[69,-1],[45,-49],[2,-102],[-12,-49],[0,-123],[-12,-133],[-13,-30],[-2,-103],[48,-483],[-19,-83],[-27,-23],[3,-106],[17,-97],[144,-417],[-11,-60],[-18,-25],[6,-50],[-10,-47],[19,-52],[50,-59],[-19,-124],[60,-103],[12,-78],[-8,-36],[17,-61],[89,-135],[4,-77],[-12,-47],[13,-84],[36,13],[60,-35],[-3,-98],[52,-38],[-2,-143],[33,-16],[38,-51],[6,-40],[23,-14],[-1,-95],[-11,-19],[27,-60],[8,-96],[-13,-104],[51,41],[58,-19],[20,-64],[44,-72],[1,-57],[-15,-36],[34,-80],[-9,-38],[38,-54],[5,-86],[48,-89],[0,-100],[33,-17],[37,-57],[26,-91],[-5,-54],[-43,-35],[415,178],[160,-8],[41,-14],[57,-49],[121,-203],[47,-36],[8,-63],[38,-108],[39,-31],[11,-78],[29,-49],[150,-398],[165,29],[153,-57],[34,-2],[85,-43],[72,-18],[243,-155],[29,-50],[43,-163],[4,-124],[42,-243],[-13,-232],[-69,-240],[9,-58]],[[57895,89754],[-117,-95],[-67,-35],[-166,-31],[-128,-10],[-53,17],[-24,39],[20,165],[-5,76],[-34,29],[-52,-16],[-110,13],[-158,-44],[-36,-39],[-16,-53],[1,-44],[59,-126],[-16,-51],[-35,-46],[-43,-27],[-73,-20],[-49,9],[-52,57],[-70,-13],[-93,-99],[6,-118],[-18,-45],[-40,-51],[-77,-58],[-43,6],[-6,64],[-43,54],[-68,-46],[-27,44],[-24,9],[-65,-19],[-20,-22],[1,-50],[28,-56],[-20,-28],[-61,3],[-33,53],[-41,29],[-79,-46],[-58,8],[-111,-26],[-23,-15],[-24,-49],[8,-71],[-45,-36],[-70,-12],[-43,20],[-18,62],[-23,20],[-1,-574],[-36,22],[-27,-56],[28,-57],[-20,-31],[-158,-63],[-40,-69],[-15,-68],[26,-73],[-26,-86],[33,-62],[75,-66],[60,-33],[-24,-45],[-146,5],[-25,-42],[-9,-56],[-40,0],[9,-67],[-35,12],[-41,36],[-40,12],[-14,39],[-54,17],[-69,102],[13,44],[-44,24],[-24,65],[-41,7],[-69,41],[-7,17],[-133,25],[-55,44],[-187,60],[-29,80],[-70,30],[-8,78],[-107,-52],[-40,27],[-4,54],[-135,-6],[-64,-34],[-38,34],[-44,-18],[-9,32],[11,75],[-11,29],[-55,27],[-8,45],[11,59],[-24,19],[-20,72],[10,27],[45,21],[4,56],[19,32],[-101,81],[-57,13],[-23,58],[14,14],[-26,67],[-31,-4],[-10,-74],[-56,34],[-100,-59],[5,41],[-60,28],[-45,-3],[-11,-55],[-37,1],[-2,77],[-29,16],[-33,73],[-73,-12],[-56,21],[-40,37],[-62,-44],[-35,48],[-76,-15],[14,44],[-15,19],[14,39],[-13,73],[-17,45],[-1,62],[13,42],[-50,27],[13,61],[49,41],[-38,14],[6,64],[-17,42],[43,41],[11,62],[-13,16],[-6,0],[-54,15],[14,117],[-64,47],[-11,73],[-22,66],[8,26],[37,27],[-10,21],[23,61],[-44,46],[-6,166],[21,15],[26,107],[-33,64],[-26,14],[1,46],[-23,64],[14,59],[-17,74],[17,50],[-21,53],[14,38],[-2,77],[-12,47],[37,64],[24,11],[10,55],[27,24],[-9,125],[19,36],[43,146],[-32,71],[3,61],[-43,64],[-8,72],[-18,30],[-3,102],[-12,29],[18,68],[-21,46],[-44,30],[-3,67],[25,31],[40,106],[-17,160],[8,44],[55,14],[8,24],[-70,4],[-15,-93],[-21,-26],[-31,7],[-46,40],[-9,-28],[-42,5],[-27,-67],[12,-53],[-33,-62],[-45,-25],[1,-44],[-59,0],[-34,-61],[-9,-46],[-90,7],[-42,-57],[13,-39],[-7,-60],[10,-25],[-25,-63],[-40,-22],[-74,-14],[-84,2],[-30,-40],[-20,5],[-22,-58],[-17,0],[-102,-81],[12,-147],[-72,38],[-62,-25],[-84,14],[-27,-32],[-41,-10],[-15,-24],[-43,-14],[-32,17],[-107,-16],[-16,38],[-42,21],[-26,46],[-28,-16],[-27,31],[-35,-7],[-38,33],[-41,-11],[-32,26],[-63,-14],[-13,27],[-87,-16],[-33,32],[-46,-1],[1,-81],[-20,-40],[-52,9],[-21,-39],[-52,18],[-35,-39],[-9,-63],[17,-75],[-50,-54],[-18,22],[-43,-13],[-36,15],[-67,-1],[-23,11],[-23,60],[-40,7],[-54,-23],[-27,-65],[-35,-5],[-42,78],[-47,14],[-13,68],[-41,30],[-14,122],[9,64],[-9,24],[-66,27],[-87,57],[-82,28],[-80,67],[-22,39]],[[53396,83567],[-11,-111],[-19,-38],[-178,-117],[-26,-49],[-33,-30],[-4,-88],[-32,-92],[-124,-155],[-76,-69],[-179,-43],[-119,-53],[-286,-40],[-52,-47],[35,-122],[64,-117],[27,-17],[258,-7],[326,39],[-34,-61],[30,-33],[15,-47],[-28,-74],[-54,-65],[5,-64],[-14,-44],[28,-155],[36,-56],[-10,-65],[10,-77],[48,-24],[76,-70],[71,-23],[18,-46],[-28,-77],[-47,-74],[-25,-182],[-56,-86],[0,-382],[41,-54],[-7,-103],[12,-34],[103,-56],[37,-51],[2,-35],[-49,-117],[16,-65],[41,-63],[23,-66],[-14,-113],[-12,-49],[7,-50],[39,-95],[37,-148],[65,-107],[93,-262],[26,-40]],[[53468,79198],[39,-28],[65,3],[27,-10],[13,-105],[32,-74],[55,-73],[48,-32],[12,-79],[42,-40],[6,-33],[35,-27],[22,-52],[46,-18],[40,-44],[20,-60],[0,-101],[50,-22],[18,-46],[70,-67],[38,-63],[26,-9],[-13,-71],[19,-1],[11,-55],[-21,-80],[-36,-63],[30,-3],[50,-124],[-10,-46],[28,-47],[-8,-43],[23,-21],[5,-61],[48,20],[12,-21],[-23,-76],[-57,-84],[-2,-36],[61,-73],[50,-3],[87,36],[-13,-48],[-33,-39],[8,-43],[-42,-65],[6,-54],[37,-35],[43,12],[19,-49],[-60,-92],[6,-27],[-65,5],[-29,-38],[-17,27],[-40,-55],[113,-96],[81,-5],[19,-50],[38,-14],[-5,-35],[-47,-16],[-32,-69],[39,-31],[-28,-51],[30,-39],[38,-141],[26,5],[16,-104],[43,0],[44,-44],[-11,-28],[46,-97],[64,-30],[11,-132],[69,-33],[50,-10],[8,-53],[60,23],[42,-82],[8,-43],[38,26],[15,-29],[56,-23],[32,2],[37,-32],[30,10],[46,55],[28,-22],[24,16],[30,-79],[-27,-60],[33,-58],[0,-66],[-35,-105],[43,-12],[0,-37],[72,4],[45,-35],[29,-46],[42,-16],[9,-46],[41,-44],[-15,-48],[-41,-11],[-16,-50],[47,-27],[-27,-43],[6,-69],[-15,-47],[25,-50],[-42,-96],[-19,-17],[13,-40],[-6,-38],[32,-40],[-4,-40],[-42,25],[-22,-22],[-1,-69],[50,-18],[-12,-75],[-74,-14],[49,-52],[-17,-40],[32,-66],[-7,-32],[28,-90],[66,-16],[11,25],[52,-20],[-3,-80],[30,-24],[-19,-81],[7,-65],[-42,-48],[23,-39],[-44,-95],[-25,-15],[10,-51],[-14,-45],[-29,-37],[17,-45],[-39,-16],[-50,-66],[6,-15]],[[55435,73291],[-2695,-2],[-17,-85],[-25,-19],[-18,-61],[21,-21],[-6,-58],[-20,-28],[-65,-36],[-34,-109],[24,-99],[-65,49],[-14,38],[-48,10],[-42,38],[-53,-10],[-28,33],[-100,54],[-37,-24],[-21,12],[-12,44],[25,81],[-52,81],[-24,-5],[-92,43],[-75,-64],[-75,47],[-11,51],[-38,31],[-45,-34],[-12,-45],[-52,-47],[-41,13],[-13,-51],[-80,-30],[-56,3],[-24,29],[-39,-46],[-85,-20],[-35,-25],[-21,-49],[-49,-57],[-9,-36],[11,-67],[31,-54],[-20,-40],[21,-26],[-10,-49],[-37,-33],[-29,-170],[-44,-84],[15,-33],[7,-145],[-44,-86],[22,-105],[-26,-29],[-50,-8],[-55,-30],[-17,-74],[-56,-33],[-36,25],[-26,-3],[-71,66],[-60,-58],[-33,37],[-61,-19],[-53,-47],[-9,-34],[-42,-18],[28,-60],[-10,-61],[-49,-19],[-26,-44],[-1,-35],[-30,-40],[-105,-30],[-24,-45],[-59,-6],[-12,-24],[-38,10],[-24,49],[-66,-49],[-38,-48],[-30,0],[5,-54],[-25,-40],[-129,-54],[-38,41],[-56,-19],[-9,-40],[-44,-6],[-37,-35],[13,-104],[-92,-30],[-26,-46],[-54,11],[-57,-26],[-46,-108],[31,-1],[10,-44],[40,2],[33,-39],[-18,-41],[-8,-61],[15,-23],[48,36],[44,3],[46,-113],[4,-63],[41,-43],[22,-98],[87,-23],[-20,-32],[-11,-69],[62,0],[1,-55],[39,-32],[8,-74],[-34,-21],[-19,-40],[26,-41],[24,-3],[25,-44],[-27,-46],[-52,18],[-2,-37],[-72,-22],[-35,74],[-88,14],[-41,-13],[-29,-34],[28,-59],[-68,-137],[-68,-98],[-38,11],[-41,57],[-60,31],[-28,-16],[-64,-132],[26,-23],[-30,-39],[27,-79],[-18,-29],[45,-25],[53,30],[45,-50],[25,-60],[63,-14],[59,-67],[46,-2],[164,-65],[23,-29],[9,-67],[-11,-47],[-98,-86],[-19,-59],[-53,-14],[24,-28],[-7,-30],[29,-20],[-39,-36],[-30,-124],[39,-76],[-13,-65],[88,-156],[46,-7],[21,-33],[-7,-50],[-74,-99],[-34,-15],[-30,-37],[-1,-45],[31,-10],[70,-64],[31,-53],[4,-29],[43,-34],[122,-120],[35,-18],[20,-47],[-31,-52],[38,-8],[27,-38],[50,23],[25,-16],[-8,-138],[71,-66],[7,-27],[-41,-25],[2,-22],[-52,-54],[-23,-55],[-73,-26],[18,-36],[33,-14],[-13,-44],[27,-33],[38,1],[32,-48],[-26,-80],[26,2],[30,-69],[68,5],[21,-9],[42,-51],[12,-38],[30,-14],[-9,-72],[29,-79],[58,-36],[9,-79],[-30,-42],[-26,5],[-35,-37],[31,-37],[-56,-52],[-40,-6],[-25,-55],[16,-24],[56,-16],[19,-79],[36,-94],[74,23],[0,-50],[33,-16],[-37,-40],[64,-93],[10,-53],[-21,-13],[-5,-74],[79,-69],[18,-36],[-36,-100],[25,-55],[-92,-45],[-12,-81],[-85,-68],[42,-23],[27,-77],[18,-18],[74,-5],[-2,-113],[58,-51],[-14,-57],[-47,1],[-28,-23],[15,-40],[0,-69],[68,-30],[37,-55],[-23,-54],[55,-68],[9,-47],[-27,-35],[0,-87],[-53,12],[-64,-60],[39,-31],[-42,-60],[42,-22],[19,-29],[-19,-64],[-26,-2],[-75,46],[-39,-3],[-39,23],[-37,-20],[-37,-41],[4,-59],[70,-98],[35,-117],[-4,-50],[-29,-34],[-25,-132],[-95,-87],[37,-54],[-29,-72],[13,-67],[73,-90],[-43,-22],[-17,-50],[-35,-37],[-70,-24],[9,-70],[51,-10],[44,-24],[45,0],[41,-47],[3,-21],[42,-50],[36,-19],[18,-37],[-24,-41],[21,-96],[24,-20],[28,-112],[54,-138],[-43,-97],[14,-58],[-39,-38],[-39,24],[-69,-66],[-64,-15],[-50,10],[-21,-36],[11,-23],[-21,-36],[-3,-42],[-97,-36],[-59,-48],[2,-86],[-31,-124]],[[50138,61773],[-1093,88],[-1246,100],[-1218,93]],[[46581,62054],[-15,47],[-31,37],[-53,-5],[-65,85],[-12,108],[6,63],[-27,41],[-59,49],[-2,59],[-26,36],[-2,42],[-106,53],[50,19],[25,52],[45,32],[-25,55],[63,-13],[32,43],[-30,40],[48,12],[36,40],[3,67],[-18,19],[-62,-11],[-42,11],[-45,49],[-26,67],[-59,31],[-78,9],[-26,34],[-40,-9],[-69,48],[-17,0],[-44,-80],[-13,19],[0,64],[-15,21],[-97,8],[-66,-55],[-28,50],[-72,8],[-26,50],[-42,9],[-16,-37],[-62,-13],[-90,21],[-19,39],[3,93],[-39,-2],[-24,33],[-44,-15],[-22,27],[5,63],[21,79],[-38,55],[7,33],[-20,29],[5,83],[-94,-31],[-9,29],[-45,26],[-11,35],[30,32],[-4,50],[-43,73],[-42,39],[29,42],[25,67],[22,-66],[38,-2],[36,-27],[76,79],[47,-62],[9,-36],[84,-86],[79,-3],[21,56],[27,12],[-7,76],[-34,65],[-58,32],[-31,53],[-42,31],[-81,39],[-10,31],[37,57],[-13,24],[10,44],[-38,115],[-34,27],[-6,66],[-35,39],[35,53],[-27,42],[35,43],[-28,82],[-30,19],[26,39],[-15,30],[36,20],[-29,88],[-21,15],[37,61],[-28,26],[-3,32],[-39,20],[-21,40],[58,57],[-24,24],[52,86],[-21,44],[0,38],[27,7],[66,60],[64,5],[-12,62],[32,21],[24,45],[-17,49],[-28,16],[25,40],[-24,31],[26,21],[0,36],[69,47],[59,8],[30,26],[13,55],[-15,21],[-9,68],[-33,55],[36,43],[42,16],[24,51],[92,44],[-21,52],[15,26],[-14,89],[-34,28],[-120,32],[-34,51],[-45,34],[-6,82],[47,-28],[37,52],[-23,47],[47,5],[-14,32],[22,25],[-38,47],[43,14],[-16,92],[15,66],[-59,20],[-26,73],[-20,6],[-72,-16],[-59,38],[-34,62],[69,7],[-9,34],[-51,55],[-46,15],[-43,33],[40,67],[5,40],[-45,67],[4,53],[27,28],[-1,125],[-37,38],[-2,39],[-75,4],[23,82],[-42,61],[32,128],[-23,44],[14,89],[44,28],[-48,58],[-14,60],[2,75],[58,7],[-24,111],[32,60],[50,15],[19,21],[-64,111],[41,20],[-7,80],[8,39],[-16,42],[41,7],[12,36],[47,60],[-15,55],[17,77],[-50,69],[26,34],[5,47],[-49,61],[-7,59],[16,27],[0,54],[-76,145],[-29,34],[-47,94],[41,53],[-33,83],[22,86],[-50,47],[-36,6],[-58,54],[-3,62],[-45,19],[-31,84],[-5,102],[62,81],[40,8],[3,44],[-53,50],[-56,106],[43,141],[38,48],[22,-1],[27,-48],[-3,-38],[34,-38],[53,-21],[75,-3],[46,-42],[49,14],[31,30],[18,54],[55,22],[7,29],[74,22],[3,14],[74,42],[64,-6],[32,27],[-11,60],[13,18],[-3,60],[18,41],[-66,22],[-25,56],[-35,36],[2,35],[-43,80],[-14,51],[-35,-9],[-70,78],[-35,2],[-8,69],[-50,6],[-77,78],[-1,95],[-64,36],[-9,54],[-42,55],[-31,149],[-18,4],[24,72],[-25,111],[-64,96],[17,30],[-45,24],[16,49],[-33,3],[2,35],[-34,24],[-12,58],[-107,-10],[-25,-55],[35,-41],[-53,-13],[-195,153],[24,64],[-18,16],[-7,61],[-33,48],[-108,33],[-81,-30],[-42,3],[-8,45],[-40,35],[-10,30],[24,53],[96,-1],[-47,92],[70,15],[54,-31],[99,55],[121,8],[5,35],[57,59],[0,44],[76,63],[30,89],[69,46],[-34,31],[6,53],[-106,173],[-50,34],[-35,77],[22,19],[-25,80],[3,51],[-51,17],[-30,47],[-40,10],[-18,27],[-69,21],[5,32],[75,72],[-2,45],[30,6],[32,49],[-11,42],[24,19],[-65,112],[-12,76],[89,29],[19,-5],[21,-49],[40,37],[48,-23],[59,-74],[16,41],[43,-12],[48,30],[49,-72],[52,-25],[36,6],[53,-19],[5,40],[84,38],[40,-4],[35,17],[43,-16],[43,6],[55,102],[28,-28],[60,26],[91,9],[34,36],[73,5],[21,13],[46,-37],[18,20],[39,-6],[27,58],[41,25],[37,55],[6,52],[-33,51],[18,43],[-22,29],[20,27],[58,-21],[40,37],[63,21],[33,76],[9,-18],[61,-28],[39,-91],[48,21],[48,-8],[26,-24],[34,20],[-50,75],[41,17],[-2,55],[-41,27],[7,40],[64,-19],[67,103],[15,37],[36,35],[77,-28],[81,-75],[7,-62],[44,-10],[14,-23],[50,52],[12,-55],[75,47],[22,35],[31,10],[13,53],[-46,21],[-42,-10],[57,166],[64,51],[50,-10],[29,24],[34,-60],[42,6],[15,-69],[53,-10],[40,65],[28,15],[69,-19],[13,-31],[58,8],[10,-90],[50,-3],[47,33],[29,1],[37,-27],[16,24],[-43,50],[77,52],[-13,45],[31,20],[-15,32],[25,62],[17,3],[-10,69],[70,-47],[15,-33],[58,12],[6,-71],[34,14],[51,-22],[-26,51],[69,85],[-29,43],[35,55],[-20,32],[-8,56],[99,77],[-111,54],[-22,39],[-66,13],[-23,71],[17,49],[42,8],[18,28],[-5,80],[-20,41],[18,28],[-11,29],[24,24],[-24,54],[19,124],[-14,35],[-77,-64],[-32,-2],[-20,35],[46,87],[-6,33],[-56,23],[-75,103],[-48,38],[-36,10],[-29,42],[2,80],[29,47],[42,0],[11,29],[-61,53],[-6,50],[-22,55],[-41,16],[20,44],[-3,65],[17,21],[-9,59],[-36,45],[44,35],[4,26],[-47,39],[-50,5],[29,47],[-7,91],[80,58],[-20,116],[17,51],[-5,44],[48,26],[50,59],[39,93],[108,35],[138,68],[-7,80],[79,46],[23,70],[27,21],[7,205],[-102,97],[-33,103],[-1,88],[595,-3],[594,58],[0,30],[38,69],[-5,34],[71,55],[48,1],[51,41],[50,-20],[3,29],[35,17],[20,-19],[59,-10],[64,36],[25,-9],[21,41],[53,18],[121,14],[63,-15],[61,-33],[31,-38],[59,3],[28,56],[56,46],[23,39],[78,50],[12,46],[45,31],[47,-12],[38,-41],[63,9],[21,-15],[60,27],[79,-7],[83,52],[41,8],[-1004,390],[38,19],[16,39],[75,65],[89,18],[36,55],[19,60],[90,69],[19,32],[-3,83],[-29,122],[8,105],[-21,40],[-1,90],[-14,56],[-52,70],[-18,66],[5,87],[-21,16],[-45,-7],[-89,66],[-42,77],[35,12],[26,32],[68,6],[11,47],[99,30],[111,-54],[136,73],[46,46],[52,83],[103,57],[32,37],[28,106],[29,33],[-4,58],[17,49],[87,46],[-11,62],[-46,-36],[-69,-29],[-170,-32],[-236,58],[-71,3],[-143,-32],[-51,66],[-77,-13],[7,36],[-13,121],[-53,160],[-28,47],[-17,68],[-59,135],[-44,36],[-2,50],[-34,85],[-60,65],[18,42],[-17,43],[-3,62],[-23,94],[-147,231],[-26,84],[-111,36],[-47,43],[-9,36],[20,53],[-7,21],[-47,37],[-60,101],[-7,107],[-17,31],[3,54],[-52,91],[-51,4],[-144,68],[-53,8],[-105,-42],[-111,-67],[-87,-16],[-46,4],[-38,33],[-156,211],[-93,25],[-26,50],[-52,9],[-37,51],[-5,55],[131,121],[23,58],[8,72],[65,173],[9,83],[-49,12],[-50,-10],[-22,39],[-30,13],[-100,-24],[15,83],[-75,9],[-52,-45],[-11,27],[8,97],[-14,41],[-73,43],[-12,76],[-34,28],[-92,-33],[-117,51],[-65,0],[8,65],[54,56],[1,49],[-19,23],[23,97],[-21,72],[-47,21],[-6,58],[-24,40],[-74,69],[56,97],[-25,104],[-34,28],[-23,53],[-60,10],[-16,19],[23,60],[-27,107],[49,-15],[40,15],[26,107],[-8,76],[-34,83],[-97,50],[0,27],[30,46],[-184,14],[-53,-8],[-171,138],[-49,-25],[-44,13],[-31,62],[-19,87],[-47,49],[-8,87],[-51,44],[-95,109],[-82,55],[-42,9],[-13,53],[-28,19],[-90,-2],[-32,59],[41,137],[-31,111],[-183,69],[-171,-52],[0,63],[66,143],[6,58],[-29,33],[-108,28],[-53,45],[-25,54],[42,83],[-27,81],[62,44],[29,165],[-28,54],[20,42],[12,68],[-15,71],[-147,103],[-3,62],[61,128],[-16,49],[-75,112],[-43,9],[-60,-33],[-188,63],[-13,44],[44,82],[17,180],[-40,44],[-98,43],[-3,48],[45,38],[-14,30],[-9,87],[15,46],[-91,108],[-81,39],[-58,168],[28,64],[-7,23],[-71,-2],[-8,29],[33,74],[-7,40],[-52,24],[-87,-11],[-76,18],[-46,46],[-13,36],[19,46],[56,73],[27,74],[-27,95],[-45,80],[3,43],[41,55],[2,25],[-45,119],[-84,60],[-75,17],[-84,48],[-55,51],[-25,74],[2,55],[16,45],[103,92],[58,71],[12,29],[-1,58],[-90,43],[-19,37],[3,36],[-80,26],[-61,59],[-4,36],[27,54],[-41,38],[-12,95],[-75,111],[-75,191],[-43,161]],[[43950,92648],[22,47],[59,-20],[40,18],[62,-10],[137,54],[10,-37],[46,16],[56,-3],[8,19],[60,19],[42,-12],[127,1],[106,-53],[95,76],[-25,71],[86,102],[206,-31],[65,50],[84,93],[119,21],[49,-107],[238,167],[119,-19],[46,-166],[151,-218]],[[45958,92726],[-5,-47],[156,-179],[32,-70],[-26,-52],[-10,-81],[116,-164],[-12,-55],[-92,-107],[-7,-42],[11,-38],[-22,-18],[19,-51],[-17,-46],[17,-24],[-13,-36],[49,-83],[53,-28],[-8,-46],[44,-28],[-43,-69],[20,-123],[25,-43],[0,-63],[46,-49],[-40,-45],[-9,-42],[23,-57],[63,-12],[43,12],[20,-20],[51,-6],[66,8],[43,31],[57,10],[156,-37],[32,-36],[37,-20],[41,-3],[16,21],[48,10],[72,-13],[74,14],[40,-37],[23,47],[63,-24],[17,-35],[36,8],[70,-51],[17,6],[57,-55],[17,-42],[143,-101],[29,-61],[21,85],[32,-36],[61,-9],[3,-31],[46,-54],[14,-126],[45,-20],[34,-62],[-11,-33],[6,-65],[42,33],[32,-19],[68,60],[44,7],[23,-38],[-9,-40],[14,-35],[52,-9],[21,31],[32,-42],[60,4],[27,-32],[52,-5],[7,-30],[39,-20],[-26,-71],[79,-16],[11,-25],[104,0],[-1,26],[-37,31],[45,24],[30,-17],[41,-51],[104,-3],[38,25],[-4,68],[51,-35],[-42,-56],[29,-47],[33,20],[17,-34],[38,7],[17,73],[26,10],[16,-39],[-8,-73],[-47,-37],[51,-37],[21,31],[91,28],[59,-53],[17,31],[43,-5],[30,-65],[-67,-29],[20,-79],[45,-10],[26,-38],[-17,-41],[-38,-43],[39,-47],[89,42],[46,32],[74,-19],[40,28],[3,-54],[19,-48],[34,-23],[17,-37],[-20,-72],[-41,-10],[-44,16],[-33,-26],[-15,-41],[9,-129],[48,-45],[3,-30],[30,-36],[-18,-36],[7,-70],[39,-27],[-2,-135],[136,-105],[126,-75],[36,-34],[30,-53],[204,-145],[13,-54],[66,-47],[32,-84],[48,3],[43,-35],[-35,-128],[-64,-86],[-18,-95],[15,-55],[-34,-50],[7,-22],[-24,-51],[35,-35],[-30,-88],[20,-65],[-1,-45],[-37,-54],[26,-56],[31,-21],[30,-54],[11,-78],[54,-35],[41,-62],[-28,-78],[29,-94],[102,-97],[55,-135],[43,-25],[-9,-90],[27,-41],[45,-21],[19,-30],[20,-189],[21,-34],[66,-203],[69,-32],[65,31],[61,-19],[37,-92],[182,-132],[14,-63],[35,-37],[57,-41],[37,-1],[29,-29],[17,-92],[-40,-120],[46,-94],[-56,-91],[28,-46],[-11,-49],[32,-51],[36,-23],[-1,-49],[66,-104],[26,-23],[39,-3],[72,44],[104,12],[36,-31],[31,-106],[5,-64],[-14,-31],[34,-75],[11,-77],[-11,-61],[-51,-116],[31,-55],[-60,-73],[-9,-33],[52,-10],[117,45],[31,28],[27,-10],[59,-53],[40,-57],[-4,-93],[-59,-18],[-25,-37],[10,-39],[37,-41],[14,-111],[-6,-42],[-30,-43],[22,-26],[48,23],[101,-48],[60,-137],[77,0],[67,-32],[83,6],[47,-23],[110,13],[64,-48],[64,6],[32,-94],[-7,-90],[26,-25],[69,-21],[38,5],[18,38],[-38,68],[19,41],[60,22],[93,-9],[8,11],[-15,84],[21,34],[48,-11],[8,-22],[-9,-65],[46,-16],[32,73],[18,13],[69,-76],[24,-11],[188,24],[74,42]],[[46581,62054],[-4956,427],[-87,-13],[-64,-58],[-40,-25],[-43,40],[-17,189],[-14,2],[-44,125],[-40,54],[-58,15],[-39,23],[-46,-21],[-141,24],[-34,19],[-104,-27],[-65,36],[-40,58],[-50,38],[19,61],[-20,54],[46,57],[5,43],[-57,50],[8,37],[-58,45],[-26,76],[-105,58],[-157,189],[-101,37],[-97,-24],[-48,15],[-29,62],[-159,15],[-86,68],[16,77],[-7,70],[-27,32],[-87,-4],[-51,40],[-109,54],[-77,-33],[-66,7],[-27,44],[18,86],[-28,115],[-47,61],[6,122],[-64,38],[-4,59],[28,33],[11,56],[-60,47],[19,75],[-73,97],[-13,44],[46,123],[-28,96],[1,39],[34,53],[5,67],[46,96],[3,45],[-59,95],[-90,22],[-25,26],[-32,163],[-116,108],[-61,116],[-65,87],[-15,234],[-18,59],[-75,147],[-57,323],[-37,42],[-64,14],[-13,131],[-66,173],[-71,119],[-80,87],[-63,151],[-137,108],[-45,-8]],[[38110,67639],[-25,33]],[[38085,67672],[-59,97],[-7,87],[17,103],[-24,109],[-76,140],[-32,25],[-55,91],[-55,24],[-47,46],[-114,193],[-48,37],[-60,3],[-33,53],[-97,106],[-113,326],[8,210],[31,75],[43,48],[49,90],[186,138],[42,76],[13,83],[16,14],[65,3],[50,32],[24,32],[1627,3762],[1513,3439],[101,247],[251,586],[101,233],[642,1492],[237,523],[-56,18],[-29,23],[-65,23],[-3,21],[113,172],[10,81],[60,117],[61,50],[137,43],[104,55],[144,97],[82,97],[162,249],[10,54],[-112,-31],[-100,-9],[-25,-36],[-76,2],[-66,-83],[-100,-32],[-5,-47],[-21,-5],[-20,-49],[-65,-24],[-58,32],[-18,-4],[-93,-96],[-72,57],[-41,-9],[-41,-33],[-99,82],[-19,-2],[-102,-91],[-26,-12],[-42,11],[-36,-90],[-54,17],[-84,-23],[-77,28],[-13,45],[-48,19],[-80,7],[-18,21],[-2,64],[38,74],[49,51],[28,84],[-13,72],[-29,36],[-68,21],[-62,-31],[-137,2],[-22,11],[-41,60],[-51,41],[-63,31],[-70,10],[-85,137],[-93,-21],[-25,9],[-45,120],[-29,31],[-13,54],[31,41],[-46,37],[-14,49],[-30,18],[-43,-43],[-32,71],[-48,5],[-54,32],[24,53],[-42,-3],[-53,16],[-6,33],[-65,-38],[-34,14],[3,41],[-25,21],[-25,-53],[-24,18],[-56,-4],[-19,-48],[-54,37],[-58,-45],[-50,49],[-48,-23],[12,71],[-58,57],[-37,-48],[-30,9],[3,56],[-88,-29],[-17,34],[-60,60],[-52,-30],[9,67],[-34,8],[-34,47],[-78,23],[-10,42],[-30,25],[-21,-33],[-102,-14],[-8,20],[-52,-35],[-37,46],[-44,105],[-2,80],[-40,-15],[-36,22],[-94,-17],[0,51],[-32,6],[-30,40],[-7,46],[-27,32],[-54,26],[-81,17],[-34,-27],[-58,35],[19,25],[-65,30],[-55,-8],[12,48],[-52,20],[15,41],[-32,7],[-30,31],[-11,36],[25,44],[0,54],[39,152],[24,24],[-2,44],[-33,33],[20,50],[-20,49],[-68,23],[-21,42],[15,26],[-19,33],[-59,7],[-95,-59],[0,-54],[-30,-33],[-71,-11],[11,-55],[-21,-10],[-83,-102],[-45,61],[-32,16],[-50,88],[-68,23],[-27,61],[-46,-16],[-119,-11],[9,23],[-40,27],[-19,39],[-41,9],[-17,100],[-49,40],[-9,27],[-46,-11],[-44,44],[25,43],[-9,48],[30,26],[-9,36],[-87,106],[-6,71],[42,38],[-56,50],[-69,11],[-32,59],[-47,22],[-96,60],[-2,20],[-71,59],[-4,22],[-51,25],[-51,93],[-70,15],[-47,67],[-52,21],[-10,78],[-54,54],[12,50],[-12,78],[7,39],[44,39],[0,65],[-59,128],[24,75],[-45,64],[-53,22],[-38,49],[-86,26],[-69,37],[-49,41],[-19,34],[-1,103],[23,77],[-15,12],[-18,81],[-4,84],[43,91],[-9,59],[7,154],[-20,34],[-34,14],[-1,64],[-20,60],[-1,703]],[[36287,87165],[0,2471]],[[36287,89636],[50,-12],[49,-102],[66,10],[4,-41],[81,49],[52,-10],[45,57],[28,-23],[58,97],[-13,46],[25,88],[38,19],[35,-3],[38,-43],[28,23],[57,1],[50,-38],[47,-10],[57,63],[59,-17],[5,-52],[45,2],[16,24],[40,-25],[2,69],[46,35],[12,28],[-8,74],[11,58],[-23,49],[-62,34],[5,55],[-13,98],[36,13],[50,-18],[26,13],[32,-26],[64,38],[88,-2],[33,29],[-45,38],[16,38],[-26,40],[12,22],[64,7],[6,57],[41,16],[-3,24],[54,54],[19,-8],[-7,-65],[59,-11],[11,21],[62,-4],[63,-62],[56,47],[37,6],[88,-18],[17,-44],[10,-85],[48,-28],[44,6],[33,32],[68,-17],[20,47],[49,-12],[32,-31],[55,-15],[8,65],[30,40],[-3,60],[27,14],[-13,35],[-3,78],[12,42],[-54,32],[41,37],[85,-32],[57,-7],[43,16],[33,59],[43,16],[58,-7],[31,15],[105,19],[10,91],[43,8],[39,-28],[92,11],[35,20],[17,-44],[56,-20],[59,-60],[68,45],[42,-18],[16,19],[53,6],[54,-26],[46,40],[-17,31],[37,20],[28,-13],[0,62],[41,51],[-6,56],[112,38],[20,48],[0,48],[31,44],[-10,57],[6,65],[74,17],[43,38],[42,-10],[26,53],[-30,31],[57,61],[77,-7],[15,49],[72,-35],[15,-34],[35,-22],[2,-27],[56,-35],[8,43],[34,20],[36,44],[40,3],[35,37],[51,-13],[16,30],[50,24],[20,50],[97,-85],[0,-71],[18,-33],[77,-23],[34,-72],[41,-30],[59,-11],[41,55],[22,-12],[72,28],[63,-80],[90,-26],[25,10],[41,-30],[72,-23],[24,-21],[36,12],[22,50],[105,96],[39,-5],[54,-30],[75,13],[24,36],[47,37],[61,-51],[40,-51],[92,28],[56,39],[54,15],[31,41],[33,-12],[42,18],[69,-27],[26,-45],[96,12],[33,22],[56,-11],[78,-65],[28,-3],[67,-64],[46,-19],[23,52],[46,9],[15,-20],[97,-17],[38,8],[49,-54],[6,-27],[75,-32],[32,16],[101,-15],[107,-40],[38,10],[31,33],[33,-8],[53,68],[73,42],[5,51],[-45,28],[-4,81],[-34,92],[3,26],[52,-15],[19,47],[-12,33],[18,49],[-71,43],[-13,53],[-25,34],[-44,-9],[-27,69],[6,28],[-38,13],[11,38],[-39,55],[-77,3],[-51,53],[48,62],[-16,37],[-62,38],[-21,-14],[-103,33],[-45,40],[33,32],[44,103],[32,7],[9,131],[39,-4],[56,-92],[50,-6],[19,26],[-27,55],[-17,6],[61,86],[57,57],[-10,34],[-39,44],[49,37],[31,75],[-36,21],[36,58],[105,16],[24,-38],[55,-4],[37,-35],[13,-37],[63,-22],[9,-29],[49,-26],[153,-9],[48,-115],[69,-22],[25,3]],[[57895,89754],[35,-183],[-62,-168],[-67,-73],[9,-15],[-17,-161],[13,-19],[7,-99],[-12,-27],[-98,-99],[-92,-194],[-42,-32],[-29,-4],[2,-125],[-29,7],[-7,-42],[-59,-26],[-2,-205]],[[57445,88289],[-152,8],[-111,-13],[-301,-66],[-72,-37],[-160,-124],[-28,-30],[-38,-74],[-36,-103],[-21,-126],[-24,-58],[-43,-61],[-48,-161],[-70,-154],[-64,-108],[-48,-53],[-57,-45],[-107,-120],[-192,-146],[-114,-50],[-302,-83],[-60,-34],[-83,-68],[-40,-85],[-54,-43],[-111,-161],[-37,-26],[-38,-5],[-39,-21],[-149,-20],[-99,-36],[-207,-344],[-50,-28],[-38,-54],[-37,-87],[-20,-127],[-140,-156],[-28,-113],[-61,-103],[-64,-77],[-74,-58],[-193,-216],[-211,-377],[-29,-326],[24,-226],[-4,-59],[-41,-81],[-178,-187]],[[45958,92726],[180,14],[129,83],[142,-63],[-17,-219],[71,-88],[146,26],[397,-326],[595,-80],[451,131],[27,19],[36,-13],[19,28],[60,-2],[16,44],[-16,47],[30,33],[33,0],[20,-43],[36,44],[21,64],[59,10],[42,-32],[43,26],[-26,56],[49,7],[7,37],[98,55],[70,-8],[33,-61],[-28,-41],[8,-67],[23,13],[46,-13],[29,8],[32,-28],[70,3],[-8,-46],[133,4],[41,-44],[40,6],[30,-27],[56,-8],[27,23],[114,-25],[34,11],[-16,40],[10,36],[50,-27],[100,72],[32,0],[43,31],[19,34],[0,40],[38,15],[25,-28],[33,-1],[12,-44],[48,-45],[79,-49],[0,-35],[66,-2],[12,-34],[-49,-36],[-42,-63],[-30,-1],[2,-96]],[[26896,91614],[18,-30],[77,-22],[133,-65],[33,-31],[25,-50],[-26,-162],[-60,-143],[24,-153],[1,-94],[-178,-197],[-36,-92],[139,-146],[22,-96],[24,-29],[53,-33],[52,-54],[73,-29],[27,-29],[36,-72],[-14,-48],[14,-57],[23,-26],[57,-249],[78,-207],[23,-138],[37,-82],[21,-13],[119,6],[-16,-76],[8,-103],[60,-83],[15,-40],[-11,-64],[-55,-67],[-36,-130],[12,-61],[44,-57],[12,-90],[-103,-96],[-67,-96],[-21,-64],[10,-94],[34,-141],[-34,-218],[24,-59],[11,-107],[22,-10],[58,36],[64,-93],[6,-65],[23,-34],[-49,-118],[20,-50],[-23,-97],[33,-82],[4,-93],[34,-32],[24,-55],[13,-74],[-14,-67],[11,-69],[23,-44],[58,-38],[48,-14],[58,-62],[57,-138],[-1,-97],[13,-58],[-4,-46],[50,-51],[20,-44],[54,-62],[55,-28],[0,-95],[-20,-20],[16,-84],[-18,-70],[14,-57],[30,-39],[39,15],[75,-50],[-13,-20],[-3,-66],[-27,-32],[10,-42],[-36,-16],[-24,-68],[-112,-72],[-50,-138],[-35,-16],[13,-53],[-35,-45],[24,-39],[-3,-40],[45,-49],[-26,-43],[29,-27],[-3,-43],[-44,-37],[-42,12],[-35,-50],[-71,-3],[3,-47],[26,-30],[-76,-7],[-40,-45],[-9,43],[-43,45],[-85,12],[-14,-15],[-40,32],[-22,-57],[-31,-27],[6,-42],[26,-51],[-36,-21],[22,-58],[49,-35],[36,16],[10,-33],[45,-1],[35,-26],[78,-21],[4,-22],[90,-118],[39,-75],[28,-29],[28,4],[11,-41],[45,-46],[52,-10],[31,-61],[77,6],[56,-24],[10,-45],[67,-14],[70,-80],[42,0],[34,-60],[-17,-41],[45,-52],[90,-8],[54,-47],[53,-60],[68,-154],[3,-38],[51,-67],[41,-139],[98,-132],[8,-79],[22,-41],[65,-16],[71,1],[55,4],[46,49],[68,-6],[69,-23],[55,-46],[198,-62],[74,-36],[79,-77],[66,-122],[129,-126],[39,-11],[-2,67],[13,38],[-27,52],[-84,40],[-40,95],[-13,81],[-85,13],[-20,49],[-50,5],[-39,32],[46,70],[43,36],[-8,38],[-100,115],[46,40],[2,87],[45,121],[35,32],[-20,52],[37,81],[-27,50],[28,34],[-25,53],[72,21],[7,92],[-40,64],[-1,57],[-55,14],[10,68],[-14,49],[16,69],[48,43],[1,75],[35,30],[-15,33],[-5,96],[32,117],[53,27],[89,80],[36,127],[19,20],[52,-4],[21,14],[-6,48],[52,7],[121,85],[74,2],[67,55],[55,0],[123,43],[0,52],[19,15],[-16,71],[34,18],[25,-19],[60,-5],[39,-19],[20,41],[48,5],[40,-25],[60,18],[57,-33],[20,-66],[52,-26],[21,13],[59,-41],[60,-7],[53,21],[43,-15],[36,13],[20,-67],[-10,-74],[20,-35],[61,-65],[52,18],[33,-56],[-11,-28],[21,-40],[75,-4],[34,-22],[11,-71],[-15,-19],[54,-52],[39,-14],[-31,-76],[41,-11],[-6,-85],[11,-35],[5,-48],[48,7],[37,-30],[23,11],[77,-19],[18,-55],[32,30],[74,29],[8,21],[63,-23],[8,49],[80,-17],[0,-25],[64,-14],[64,66],[-37,40],[51,29],[16,66],[-14,18],[45,48],[107,-4],[81,38],[43,-5],[14,43],[75,-8],[104,94],[-2,91],[-26,35],[2,48],[-34,3],[-56,46],[-35,88],[-33,29],[-7,49],[-38,30],[-4,92],[21,17],[21,84],[90,77],[1,70],[-13,15],[33,56],[34,20],[12,49],[-11,54],[47,24],[-2,62],[31,27],[-36,73],[32,91],[-19,45],[33,3],[51,54],[-4,29],[39,29],[71,81],[-11,40]],[[33091,86183],[108,88],[64,-10],[74,25],[97,81],[46,-8],[95,20],[44,-13],[48,-33],[55,7],[23,22],[-55,31],[8,17],[51,-20],[37,-1],[13,63],[-29,78],[-32,33],[20,25],[34,-22],[40,10],[32,-30],[24,-70],[31,-26],[39,-80],[1,-62],[-36,-42],[10,-67],[-43,30],[-64,-62],[14,-62],[97,-34],[61,-47],[96,-144],[0,-27],[-75,-49],[-13,-44],[3,-58],[-22,-46],[14,-26],[-17,-86],[1,-59],[38,7],[14,-56],[-17,-15],[-23,-65],[-22,-12],[-31,-57],[-55,36],[-79,-75],[-9,-33],[-59,-46],[10,-39],[-42,-98],[-80,-2],[-27,-29],[-57,-21],[-6,-19],[38,-53],[-33,-46],[27,-68],[-21,-5],[-47,35],[-3,-67],[49,-119],[-1,-66],[16,-19],[18,-87],[45,-21],[61,-90],[81,-54],[24,5],[77,-50],[-1,-45],[36,-27],[42,-3],[34,-34],[30,-76],[5,-72],[47,-50],[11,-51],[85,-87],[50,-27],[18,8],[45,-71],[29,6],[32,-62],[76,31],[17,61],[79,-29],[11,-43],[64,-39],[540,8],[12,-70],[-10,-35],[-11,-73],[28,-45],[-2,-110],[28,-36],[-9,-44],[-40,24],[-54,0],[-74,-54],[-20,-45],[3,-57],[-62,-42],[-10,-51],[-76,-87],[-39,-78],[2,-33],[80,-54],[66,49],[50,0],[31,-42],[34,14],[45,-19],[54,2],[24,-17],[60,4],[11,-63],[60,-5],[17,23],[5,54],[61,58],[21,-16],[76,-1],[-9,-31],[103,9],[11,-68],[38,-32],[47,-78],[-12,-75],[35,-51],[13,-51],[22,-11],[-1,-47],[-36,-32],[5,-59],[-66,-41],[1,-48],[-31,-24],[-38,-60],[-6,-52],[-46,-129],[15,-20],[-19,-77],[-17,-19],[-60,-17],[17,-47],[51,-80],[47,-90],[5,-58],[97,-51],[15,-17],[-17,-47],[91,-56],[23,-65],[-11,-22],[16,-93],[-38,-60],[-10,-126],[-27,-56],[-41,8],[-45,-42],[2,-64],[43,0],[38,-37],[-44,-21],[23,-40],[23,-3],[13,46],[23,20],[44,0],[12,-52],[56,-82],[-12,-23],[-53,-32],[-57,-113],[-95,-113],[-238,-159],[0,-66],[-12,-17],[2,-21],[64,15],[8,31],[56,-10],[62,9],[55,-35],[11,-61],[33,-23],[-25,-57],[-53,-27],[-30,-37],[28,-85],[-51,-91],[-45,-44],[-3,-130],[-27,-31],[-57,-33],[-9,-47],[-44,-12],[-45,-31],[-115,-155],[1,-61],[-19,-110],[-19,44],[-88,-8],[-61,-136],[-166,-114],[0,-42],[36,-14],[72,-92],[58,-48],[63,-15],[75,-45],[78,-89],[44,-20],[45,-45],[102,7],[245,-101],[-20,-26],[-93,-3],[-139,67],[-209,21],[-16,-19],[-62,-72],[85,-31],[66,-44],[210,-85],[203,-107],[57,-6],[160,63],[48,34],[80,15],[117,-118],[133,-196],[114,-89],[70,-5],[92,42],[-30,-129],[-22,-41],[-39,-28],[-21,44],[-26,-1],[-71,-75],[-109,-173],[21,-72],[-22,-59],[0,-33],[41,-21],[113,32],[34,27],[56,-15],[46,-37],[30,4],[87,52],[66,-14],[44,-46],[15,-85],[46,-39],[51,10],[22,67],[36,29],[26,-5],[30,-35],[80,-28],[46,-50],[-1,-21],[62,-72],[40,-27],[8,-84],[15,-15],[47,15],[55,-11],[-11,47],[27,71],[25,0],[25,-43],[29,-18],[58,134],[24,13],[43,-15],[2,105],[19,31],[51,35],[-29,37],[13,36],[19,3],[93,-37],[44,11],[19,-23],[44,-5],[75,-33],[-3,-92],[63,-38],[4,-44],[-36,-31],[-110,20],[-86,-16],[-30,-133],[11,-58],[38,-56],[-10,-91],[-23,3],[-43,-48],[-9,-49],[-50,-41],[-1,-21],[-139,-20],[-33,-37],[-60,-7],[-61,-49],[29,-75],[52,-13],[41,-64],[76,-60],[71,-110],[19,0],[38,-96],[52,-43],[-3,-53],[-19,-30],[72,-45],[21,1],[34,-96],[47,-82],[67,-4],[34,38],[52,-2],[51,-26],[17,-32],[87,-335],[32,-125],[-49,-30],[-57,-10],[-8,-24],[-73,-40],[21,-45],[-8,-48],[-35,-1],[-46,-69],[24,-53],[-64,-10],[-9,-81],[32,-23],[-18,-32],[-71,4],[-18,-36],[30,-56],[-47,-53],[8,-47],[-14,-155],[-25,4],[-31,-32],[-20,-175],[-51,6],[-1,-71],[-53,-22],[-20,-64],[30,-54],[-38,-4],[-9,-46],[-71,-13],[40,-76],[0,-23],[-53,-16],[-13,-49],[-20,-18],[6,-66],[-79,-49],[-15,-18],[29,-73],[-74,1],[-68,-49],[1,-28],[-40,-24],[-14,-65],[-28,22],[-36,-44],[-14,48],[-66,-16],[34,-57],[-41,-14],[-29,-47],[-52,-25],[-43,7],[23,-79],[-72,28],[-1,-68],[-57,10],[-18,16],[-38,-91],[-39,-69],[-61,-36],[56,-48],[-67,-38],[-74,-2],[-6,-26],[-57,10],[-27,-91],[25,4],[-27,-79],[7,-34],[-56,-82],[10,-42],[-19,-71],[3,-45],[-38,-11],[4,-112],[25,4],[42,-74],[14,-46],[-30,-72],[-3,-56],[-35,-50],[30,-10],[-6,-70],[35,-39],[19,-43],[-31,-78],[28,-39],[-34,-91],[32,-67],[-24,-120],[36,-42],[-7,-50],[-29,-31],[-3,-129],[-17,-33],[72,-123],[-25,-54],[30,-23],[-15,-58],[-45,-61],[-44,-213],[-65,-38],[-64,-76],[-16,12],[-26,-69],[-1,-41],[24,-76],[48,-61],[48,-28],[34,-48],[-3,-19]],[[36384,70137],[-539,-20],[-518,-338],[-1385,-755],[-29,17],[-12,52],[-35,-15],[-7,123],[-23,5],[-42,45],[6,37],[33,52],[-66,29],[8,38],[34,13],[-8,60],[-64,41],[66,129],[-11,41],[71,35],[13,36],[60,15],[42,-6],[26,118],[60,110],[36,1],[14,-55],[68,-33],[19,2],[31,49],[38,9],[48,-31],[129,-16],[71,-33],[38,11],[14,31],[709,-1],[11,39],[-13,92],[-27,28],[-15,75],[-55,85],[10,59],[-57,36],[26,53],[59,3],[-33,42],[21,57],[31,22],[2,84],[-17,48],[-49,29],[-15,144],[-26,54],[-36,8],[-8,80],[-43,29],[7,82],[-52,17],[-58,56],[12,60],[-25,38],[-43,20],[-56,88],[34,47],[-74,-12],[-65,115],[-38,6],[4,45],[-57,83],[-24,5],[-28,40],[15,50],[-32,32],[-16,69],[12,73],[48,93],[4,40],[45,33],[68,189],[-15,97],[-59,35],[-36,-7],[-28,59],[-46,-25],[-38,-1],[-96,-32],[-70,8],[-17,77],[-31,55],[1,116],[46,84],[42,162],[44,54],[-658,1060],[-81,-22],[-293,-131],[-56,12],[-105,50],[-56,4],[-38,-15],[-55,-60],[-46,-135],[-86,-146],[-1007,1],[21,-78],[-76,-104],[-451,0],[-913,1028],[-61,-131],[-242,-234],[-59,-95],[-111,-63],[-108,-84],[-526,-498],[-267,-195],[-186,-195],[-170,-80],[-176,-256],[-40,-86],[-1140,1177],[-175,257],[-59,-23],[-46,-136],[-58,-30],[-37,14],[-8,63],[95,89],[5,44],[-27,106],[-31,33],[-37,4],[-39,-20],[-21,11],[-69,87],[-72,50],[31,145],[-29,77],[-32,55],[32,78],[-70,89],[-37,16],[-64,-21],[-67,4],[-77,43],[-91,83],[-14,106],[-64,-4],[-21,-42],[16,-88],[80,-128],[12,-42],[-1,-66],[-25,-65],[-162,-90],[-80,-17],[-85,-67],[-117,-19],[-70,-56],[-34,-67],[-41,-172],[-25,-60],[-71,-51],[-59,-93],[-80,-70],[-12,-27],[-3,-137],[-42,-139],[-30,-34],[-189,-80],[-181,-12],[-68,4],[-96,49],[-103,-16],[-157,85],[-153,-46],[-76,-49],[-66,-14],[-72,-44],[-67,-62],[-105,-42],[-44,-66],[-194,-80],[-28,-35],[-28,-114],[-47,-77],[-33,-28],[-19,-98],[-33,-36],[-38,-17],[-107,-1],[-58,-31],[-49,-54],[-57,-38],[-159,-18],[-237,-164],[-97,-33],[-23,-35],[-13,-74],[-52,-88],[-6,-92],[-39,-49],[-76,-26],[-43,40],[-20,1],[-128,-38],[-50,-37],[-13,-41],[-97,-102],[-83,-43],[-64,-51],[-77,1],[-119,46],[-103,7],[-122,64],[-131,36],[-89,2],[-127,-25],[-44,5],[-100,112],[-59,30],[-46,-10],[-101,-87],[-64,-29],[-27,0],[-74,114],[-59,26],[-81,12],[-32,26],[-48,79],[-35,22],[-66,-20],[-69,-62],[-42,-15],[-203,83],[-96,75],[-61,78],[-19,46],[-17,97],[-39,12],[-95,-78],[-57,16],[-50,83],[-48,175],[-56,-14],[-45,-73],[-32,-30],[-86,-16],[-57,14],[-74,113],[-60,29]],[[19448,72557],[36,171],[47,83],[86,78],[64,21],[102,-17],[44,39],[37,13],[66,-58],[44,2],[12,21],[-4,98],[-43,99],[-14,66],[28,60],[97,98],[12,42],[-36,30],[-61,-16],[-30,20],[2,70],[26,85],[46,32],[106,22],[62,109],[49,53],[14,42],[-17,135],[20,34],[67,59],[61,101],[119,114],[49,233],[36,32],[64,4],[56,32],[43,112],[47,5],[61,-38],[123,-2],[46,24],[73,72],[126,89],[103,89],[34,111],[40,47],[128,38],[40,47],[15,43],[1,111],[15,82],[36,91],[36,28],[108,-40],[106,41],[64,-16],[103,41],[28,36],[57,115],[40,27],[90,20],[16,19],[17,118],[34,60],[18,6],[63,-30],[40,9],[42,54],[40,84],[102,58],[33,82],[-4,68],[55,65],[38,13],[101,-20],[86,-53],[44,1],[109,38],[86,-19],[38,7],[50,48],[58,10],[102,157],[60,12],[74,44],[56,16],[21,93],[-5,45],[118,133],[44,18],[39,-37],[11,162],[131,-7],[14,14],[73,-26],[17,-88],[-9,-48],[54,-97],[32,-27],[182,4],[272,39],[-34,26],[-40,10],[-94,0],[-44,-46],[-89,16],[-44,64],[-38,20],[-26,37],[10,144],[-34,24],[-5,42],[53,-19],[8,19],[-43,55],[-22,-3],[-8,88],[-20,2],[-20,-60],[-24,-7],[-14,61],[-20,6],[-72,-61],[-14,13],[-7,72],[-29,37],[-95,22],[-1,29],[48,10],[-40,52],[-45,15],[-45,-21],[-15,39],[-105,43],[1,64],[58,78],[-36,18],[-2,61],[47,75],[9,65],[49,-3],[57,31],[-22,75],[-36,-3],[-4,64],[-20,36],[-36,-4],[-36,-28],[-29,39],[24,53],[-18,39],[-41,5],[-40,-20],[-35,60],[-40,16],[-24,46],[-74,96],[-59,24],[5,66],[39,-11],[3,72],[32,44],[-53,-4],[5,47],[-42,-11],[-13,-37],[-67,12],[-22,51],[5,104],[-40,50],[-58,22],[-9,37],[-49,22],[-24,48],[-47,12],[-47,69],[9,36],[-19,69],[22,80],[-34,26],[-45,80],[-1,26],[-48,32],[-15,28],[7,43],[-30,36],[35,27],[86,0],[39,-16],[72,66],[135,-6],[43,53],[8,67],[-66,60],[-139,28],[-12,27],[16,42],[-31,91],[5,66],[-70,56],[-21,38],[17,107],[-8,25],[-41,-1],[-29,28],[-4,78],[-63,135],[-27,104],[18,50],[164,-26],[12,15],[-4,97],[17,9],[63,-11],[34,33],[86,16],[-1,30],[-96,117],[-132,57],[-82,13],[-18,-29],[-19,-112],[-52,-25],[-69,13],[-87,48],[-42,-51],[-18,7],[-32,62],[-64,1],[-6,50],[-85,81],[-26,52],[58,218],[-9,52],[-51,56],[-91,-53],[-87,-27],[-38,-68],[-24,-14],[-109,6],[-69,-61],[-106,-25],[-12,40],[27,153],[-64,108],[39,209],[-5,47],[-60,19],[-59,-17],[-59,-36],[-58,-69],[-15,-53],[-40,-42],[-65,20],[-123,-33],[-84,39],[-24,35],[10,252],[-24,95],[-36,59],[-65,30],[-149,-25],[-48,18],[-42,21],[-104,20],[-117,69],[-44,5],[-46,-13],[-39,-33],[-35,-109],[-61,3],[-28,66],[2,179],[-42,76],[-42,20],[-108,-8],[-87,69],[-17,78],[20,76],[0,50],[-20,59],[-34,45],[-90,46],[-143,-13],[-58,23],[-83,54],[-103,4],[-38,29],[-42,71],[-72,39],[-44,12],[-96,-12],[-47,9],[-230,-24],[-123,-48],[-107,-78],[-117,-51],[-41,-38],[-71,-107],[-69,-53],[-69,16],[-56,50],[-8,27],[20,123],[-10,26],[-46,14],[-47,-22],[-82,8],[-30,-10],[-80,-91],[-86,-42],[-71,-14],[-188,-90],[-66,-77],[-138,-63],[-55,5],[-108,62],[-62,5],[-106,-25],[-71,7],[-87,-14],[-132,50],[-79,-10],[-105,33],[-63,5],[-82,-6],[-99,-57],[-134,-8],[-88,-34],[-102,29],[-106,-26],[-55,-1],[-39,-30],[-39,-83],[-20,-3],[-108,63],[-121,-29],[-90,3],[-212,116],[-10,25],[5,75],[-78,140],[-111,-34],[-63,-6],[-55,14],[-134,91],[-75,12],[-54,-19],[-58,-49],[-94,-25],[-41,15],[-94,70],[-128,27],[-83,-21],[-66,-41],[-93,-3],[-80,42],[-10,2069],[-14,13],[-89,-1],[-12,17],[-59,-25],[-67,-3],[0,-19],[-59,-5],[1,-20],[-57,-26],[-114,-84],[-54,-13],[-37,6],[-62,-52],[-8,-19],[-53,22],[-37,-8],[-56,9],[-38,-11],[-108,24],[-154,101],[-26,110],[-19,9],[-29,57],[-60,56],[-68,121],[-206,52],[-82,48],[-80,13],[-57,51],[-111,52],[-95,24],[-57,-18],[-75,9],[-38,-21],[-6,-26],[-74,9],[-46,-28],[-53,-13],[-31,-47],[-99,-11],[-54,38],[-91,31],[-94,-26],[-68,12],[-56,70],[-85,16],[-21,16],[-49,99],[-54,37],[-29,44],[-30,16],[-33,-12],[-54,8],[-47,-17],[-22,20],[-4,76],[-34,27],[-100,58],[-76,10],[-40,22],[-29,39],[-4,31],[4,199],[-104,67],[-31,49],[-40,20],[-101,-9],[-71,29],[-30,70],[7,87],[-41,54],[-36,9],[-20,-19],[-35,-95],[-85,-12],[-44,-51],[-42,-1],[-54,90],[-36,15],[-50,44],[-24,166],[-23,25],[-55,13],[-12,31],[9,83],[-16,39],[-50,29],[-80,8]],[[9482,86665],[7,1257],[42,-2],[25,-48],[50,21],[9,34],[48,26],[12,-25],[58,-18],[40,27],[26,52],[46,-5],[20,-21],[64,12],[70,27],[44,-19],[9,-27],[56,60],[53,25],[33,43],[25,-19],[36,5],[17,67],[63,27],[29,44],[76,-25],[32,-63],[67,-18],[29,25],[9,51],[58,35],[1,30],[78,-1],[-2,41],[37,35],[22,-3],[30,40],[39,20],[46,-17],[7,-34],[53,-16],[1,-39],[65,-50],[3,-35],[96,-86],[24,-40],[41,40],[73,25],[23,30],[38,-76],[2,-45],[47,17],[64,-16],[63,19],[47,107],[30,12],[86,-29],[72,13],[-71,135],[-86,56],[-17,64],[35,35],[49,6],[18,45],[-15,69],[-35,48],[-1,59],[58,2],[15,63],[-86,66],[-32,0],[-13,77],[65,34],[-24,35],[-79,32],[-34,33],[40,37],[-5,27],[-143,139],[-59,-5],[-40,22],[-36,64],[-66,-6],[-30,-14],[-44,19],[-15,-33],[-73,-78],[-46,14],[-5,59],[-134,18],[-67,-21],[-109,3],[-50,20],[-47,43],[-58,-27],[-44,2],[-53,-20],[-32,-29],[-52,15],[-10,113],[-49,-27],[-22,12],[-63,-19],[-70,-59],[-16,-42],[-68,-4],[-34,34],[5,1628],[38,-12],[11,-28],[65,13],[62,36],[66,52],[98,-2],[43,9],[3,-30],[58,3],[29,18],[188,86],[36,37],[177,-81],[66,11],[60,-19],[100,-70],[495,10],[2457,-5],[-7,47],[-47,9],[23,44],[-44,36],[-36,4],[-42,-33],[-39,-2],[-20,57],[27,90],[-80,-7],[8,86],[24,46],[25,123],[83,89],[23,-1],[39,45],[40,16],[18,-18],[43,18],[44,-49],[19,-55],[28,-20],[37,-90],[106,-4],[168,-172],[78,-5],[25,10],[19,45],[38,36],[-14,81],[73,13],[55,44],[58,65],[8,30],[33,25],[94,164],[25,22],[46,2],[127,-43],[63,-9],[122,9],[31,30],[50,129],[68,53],[17,91],[70,73],[177,97],[23,65],[18,21],[50,13],[51,-7],[59,-35],[51,-64],[15,-275],[17,-51],[9,-124],[95,-362],[21,-33],[82,-45],[167,-3],[42,-21],[79,-128],[20,-80],[44,-89],[-5,-131],[32,-61],[11,-50],[7,-355],[15,-147],[-39,-301],[3,-239],[11,-73],[-13,-93],[556,162],[1294,-1217],[280,66],[34,-6],[13,-29],[46,-29],[6,-25],[69,4],[43,40],[62,-11],[29,24],[-5,27],[20,67],[34,-8],[44,25],[49,-30],[127,24],[0,26],[45,84],[30,26],[-8,50],[27,24],[58,-20],[48,46],[18,52],[28,23],[73,24],[37,30],[54,6],[34,25],[30,0],[15,44],[25,3],[27,44],[66,-5],[40,17],[40,-40],[23,35],[40,25],[66,-59],[-5,52],[41,13],[8,-25],[51,11],[32,-61],[34,-24],[39,0],[27,-50],[-14,-21],[68,-83],[-10,-78],[29,-110],[-51,-5],[-23,-90],[-21,-21],[-21,-57],[-19,8],[-41,-35],[-5,-50],[-38,-59],[36,-26],[30,-92],[25,-45],[31,-24],[24,49],[72,11],[14,16],[101,18],[70,58],[6,62],[57,45],[-6,82],[8,22],[-39,65],[36,14],[15,59],[36,13],[8,39],[52,22],[-11,30],[31,22],[34,98],[18,-9],[46,36],[93,-21],[56,-33],[77,20],[3,-56],[60,39],[42,72],[8,72],[35,79],[-47,5],[30,116],[9,130],[-11,45],[78,26],[8,29],[39,27],[36,-28],[40,19],[25,-40],[-12,-48],[105,-10],[125,148],[23,43],[-21,71],[43,37],[39,-52],[40,26],[29,51],[38,17],[10,-42],[43,24],[39,58],[-22,14],[88,66],[35,50],[18,-10],[34,-64],[-11,-42],[31,-28],[40,-70],[42,-14],[42,23],[35,42],[30,104],[42,-20],[58,20],[61,74],[57,40],[49,4],[36,43],[-16,54],[70,106],[55,24],[21,30],[51,13],[58,64],[55,32],[36,-22],[34,35],[65,106],[111,-22],[6,-41],[-20,-47],[-52,-52],[3,-39],[-48,-61],[9,-17],[-15,-59],[15,-16],[83,3],[40,-14],[40,45],[0,88],[57,82],[84,42],[14,39],[34,22],[76,0],[50,42],[3,46],[62,85],[57,17],[43,-12],[34,29],[11,46],[30,26],[18,59],[29,32],[25,60],[9,65],[-26,62],[17,36],[-31,49],[37,79],[18,92],[-2,39],[-36,30],[22,77],[0,123],[103,53],[2,19],[54,54],[48,29],[89,-5],[38,-16],[58,24],[26,-25],[81,-10],[20,-37],[39,10],[14,59],[93,-24],[60,57],[47,-11],[4,43],[86,76],[35,-37],[-9,-22],[59,-16],[17,42],[-3,83],[58,9],[46,70],[59,61],[61,11],[17,20],[80,-11],[46,-37],[41,5],[40,28],[22,37],[54,-40],[55,15],[56,40],[22,93],[-16,42],[58,33],[-17,53]],[[34273,91614],[1,-41],[-20,-30],[8,-42],[-19,-69],[-25,-18],[-8,-54],[30,-57],[-11,-51],[40,-26],[58,16],[46,-3],[34,-38],[28,25],[38,-12],[-20,-49],[8,-22],[-57,-22],[-17,-45],[-10,-86],[57,-4],[30,-30],[50,-5],[8,-33],[30,-33],[122,53],[23,-31],[45,-5],[28,-50],[1,-28],[31,-29],[48,-17],[-4,-72],[29,-48],[43,-23],[41,4],[25,-65],[25,-19],[-9,-52],[44,-37],[40,9],[4,-46],[71,-71],[14,22],[70,-11],[-6,-21],[26,-60],[-12,-50],[58,7],[45,-45],[-12,-23],[40,-83],[45,-47],[47,-5],[17,-23],[46,-15],[46,10],[28,-38],[38,-4],[24,-27],[47,10],[31,-25],[69,10],[32,-40],[45,10],[22,-31],[62,21],[23,-18],[47,9],[36,-66],[30,28],[119,8],[-14,-66],[57,-27],[29,-49],[-43,-24],[22,-59]],[[36287,87165],[-714,0],[-2032,0],[-51,-258],[-67,-52],[-71,-24],[-52,-78],[35,-56],[-31,-40],[4,-29],[-20,-42],[11,-23],[-53,-32],[-25,-41],[-34,-1],[8,-25],[-52,-60],[-7,-72],[-38,-55],[-20,-70],[13,-24]],[[57445,88289],[4,-141],[79,-79],[45,-110],[10,-84],[2,-81],[-19,-59],[-22,-291],[-21,-87],[145,-22],[68,-28],[35,32],[29,-26],[34,1],[52,-29],[166,75],[32,-34],[33,19],[75,5],[48,34],[22,-43],[28,44],[156,42],[66,-59],[18,-2],[64,-74],[35,-119],[45,-82],[257,-399],[42,-36],[55,7],[45,-39],[61,-17],[19,-34],[-33,-43],[44,-9],[27,-32],[864,-410],[19,-56],[202,-127],[96,31],[207,-2],[36,-51],[26,-1],[63,-31],[85,-11],[60,18],[96,46],[75,3],[171,-24],[40,5],[25,-16],[86,33],[77,-32],[36,-31],[32,-3],[47,-51],[21,-62],[-17,-166],[-103,-95],[-25,-55],[-31,-125],[-37,-65],[569,-212]],[[61911,84999],[-10,-73],[-39,-77],[-10,-85],[-79,-103],[-83,-164],[-64,-97],[-44,-99],[-97,-147],[-63,-173],[0,-9],[-72,-95],[-57,-48],[-75,-117],[-200,-226],[-41,-51],[-187,-334],[-159,-368],[-166,-142],[-265,-76],[-156,-57],[-73,-72],[-50,-26],[-130,-157],[-88,-74],[-41,-37],[-108,26],[-204,8],[-275,-41],[-132,-58],[-40,-29],[-63,-17],[-63,-53],[-111,1],[-32,15],[-21,35],[-99,-56],[-142,-107],[-24,-30],[-32,31],[-48,22],[-156,-43],[-124,3],[-192,92],[-105,29],[-176,-22],[-160,-59],[50,-112],[54,-7],[-2,-45],[34,-9],[4,-40],[39,-27],[-13,-44],[11,-24],[-34,-51],[25,-48],[-33,-43],[-9,-74],[22,-38],[-18,-74],[37,-40],[12,-43],[-23,-33],[-120,-91],[35,-65],[-16,-92],[49,-42],[21,-70],[-12,-97],[-50,-86],[-16,-116],[5,-116],[77,-116],[11,-79],[45,-75],[128,20],[42,-27],[36,-69],[5,-74],[-19,-154],[8,-26],[66,-80],[4,-214],[38,-80],[46,-65],[62,-62],[68,-23],[9,-21],[4,-188],[-92,-134]],[[57945,78845],[-26,-14],[-30,-127],[20,-54],[-25,-39],[3,-43],[-51,-16],[-29,-58],[-63,-51],[-3,-58],[8,-11],[-12,-85],[16,-27],[48,-3],[36,-42],[-11,-74],[33,-62],[-3,-60],[34,-54],[-25,-8],[-121,24],[-24,-14],[-94,9],[-123,53],[-24,45],[-45,29],[-35,6],[-105,-79],[-87,70],[-40,91],[-48,10],[-46,-25],[-5,-63],[-74,-53],[-19,-49],[-77,-36],[-19,-75],[-64,-37],[-17,-48],[-43,-17],[-101,-57],[-33,46],[-94,-9],[-28,-45],[-22,-4],[26,-103],[-777,-95],[9,16],[-21,72],[12,31],[-6,53],[-33,66],[-18,70],[-20,17],[16,89],[-30,96],[-43,43],[-83,62],[-40,16],[-49,46],[11,40],[-82,66],[-8,50],[-27,39],[18,78],[-36,4],[-54,-15],[-15,44],[-22,12],[-72,-7],[-52,12],[-23,-11],[-33,-48],[-33,-22],[-96,65],[-105,109],[67,8],[8,35],[27,25],[10,51],[-142,58],[-65,64],[-91,39],[-72,70],[-47,-33],[-64,77],[-112,66],[0,31],[-25,33],[-17,59],[-63,93],[-6,86],[-34,-2],[-110,66],[-70,5],[-93,-54],[-153,-5],[-65,-36],[-54,5],[-34,-38],[-50,-5],[-35,-45],[-33,-81]],[[38085,67672],[-848,-17],[-97,19],[-80,141],[76,71],[30,57],[-4,23],[-78,76],[84,32],[-22,54],[31,90],[45,41],[30,139],[-32,29],[-60,-9],[-23,41],[-62,8],[-82,-11],[-37,81],[-38,-6],[-43,77],[-4,41],[-56,86],[-54,19],[-84,58],[-26,30],[-18,76],[-39,-3],[-42,67],[-21,142],[-93,82],[-13,41],[-50,60],[-22,77],[8,121],[-24,99],[11,16],[8,102],[74,186],[6,60],[-9,63],[-43,106]],[[19448,72557],[-30,-3],[-67,80],[-58,22],[-79,-48],[-144,-13],[-77,31],[-10,19],[23,60],[-17,17],[-59,7],[-28,-33],[-39,-20],[-33,53],[-21,6],[-246,28],[-62,-9],[-102,-66],[-37,10],[-36,-23],[-52,-59],[-95,-46],[-160,-4],[-55,-29],[-35,15],[-13,46],[-34,23],[19,43],[-27,62],[-35,10],[-16,-34],[28,-34],[-17,-40],[-4,-67],[-25,-81],[-112,-51],[-28,-85],[-53,-8],[-36,-79],[-63,-15],[-41,39],[-139,-23],[-7,58],[-31,21],[-33,-20],[-106,7],[-57,59],[-34,-6],[-27,27],[-1,113],[-91,70],[-40,14],[-45,-63],[-1,-61],[-34,-80],[-35,-15],[-38,15],[-42,-59],[-117,-101],[-56,-31],[-18,-36],[-6,-96],[-108,5],[1,-22],[-77,-39],[-20,-35],[7,-85],[52,-36],[3,-21],[-104,-87],[-101,-175],[-67,-85],[-27,29],[-12,88],[-55,21],[-101,-41],[-35,-27],[30,-92],[44,-45],[-19,-59],[-84,-20],[-77,-35],[-31,19],[-5,62],[-126,-4],[-69,-49],[-38,-3],[-41,-81],[-17,-68],[8,-46],[-54,-6],[-62,52],[-37,50],[-72,41],[-37,-23],[-59,-2],[-14,-43],[5,-92],[26,-69],[35,-9],[20,-39],[-16,-74],[17,-62],[-23,-115],[31,-62],[50,-32],[56,-157],[-12,-22],[-56,8],[-40,-25],[-23,-77],[-50,-43],[-9,-73],[-79,-57],[-30,-41],[-85,-226],[12,-62],[-30,-36],[-20,-64],[95,27],[39,-1],[74,-100],[58,-9],[33,-23],[48,30],[29,-51],[90,22],[29,29],[53,-5],[30,27],[59,11],[55,-16],[134,104],[20,-1],[38,-44],[42,39],[54,26],[53,4],[60,114],[51,27],[34,34],[53,19],[95,6],[17,14],[40,140],[45,54],[87,-13],[43,5],[71,-8],[11,18],[64,3],[59,-62],[9,-31],[51,-52],[47,2],[89,28],[11,-36],[71,15],[71,-44],[47,3],[38,-24],[44,4],[119,-90],[33,-74],[66,-62],[87,-17],[32,-24],[47,-4],[36,-36],[31,19],[53,-17],[68,-59],[75,-11],[18,-34],[32,14],[40,-9],[47,10],[42,-39],[32,24],[77,-6],[23,-33],[35,-14],[7,-37],[46,-16],[23,-41],[35,0],[17,-31],[85,45],[20,-34],[-20,-33],[-60,6],[-73,-92],[3,-61],[-17,-36],[-57,-19],[-32,-35],[-19,22],[-30,-27],[-45,-12],[-30,29],[-112,-16],[-42,23],[-28,-12],[-45,-66],[-85,6],[-20,-44],[-62,-13],[-23,-32],[-74,3],[-67,-20],[-23,32],[-59,-16],[-56,-50],[-123,46],[-60,-17],[-51,26],[-48,-37],[-15,37],[-50,5],[-55,26],[-56,51],[-37,5],[-27,29],[-53,-39],[-19,-35],[-26,5],[-96,-29],[-27,18],[-53,-1],[-19,-33],[-70,4],[7,-30],[-48,-61],[-27,2],[-44,-31],[-61,10],[-30,-12],[-41,30],[-61,21],[-24,-20],[-77,31],[-31,-43],[-53,45],[-21,-60],[7,-40],[-44,-22],[-12,-38],[-27,-11],[-11,-76],[-172,-672],[-23,-91],[0,-104],[6,-74],[-13,-41],[-29,-28],[-7,-40],[-112,-78],[-28,-77],[-86,-81],[-33,26],[-38,3],[-7,39],[-24,30],[-1,41],[-32,48],[-17,-9],[-54,26],[15,56],[-40,64],[-2,41],[-50,30],[-57,-12],[-10,-17],[-51,27],[-40,1],[-32,21],[-55,-18],[-18,9],[-56,-22],[-36,10],[-16,-36],[-46,28],[65,50],[-14,80],[-31,23],[8,33],[-24,56],[-31,28],[-52,-23],[-45,36],[-56,11],[-53,-13],[-45,30],[-54,55],[-54,-14],[-48,-63],[-74,2],[-38,-44],[-34,20],[-27,-30],[-40,-2],[-12,55],[-47,28],[-29,-25],[-108,-46],[-45,-36],[-112,49],[-62,-40],[-101,-13],[-17,28],[-29,-21],[-30,25],[-37,1],[-55,23],[-12,40],[-61,-50],[7,-40],[-16,-37],[35,-74],[-53,-85],[-49,31],[-36,-14],[-21,59],[-77,11],[20,48],[-43,44],[-35,12],[14,45],[-29,50],[-123,98],[-95,1],[-43,-37],[-38,-11],[-185,58],[-66,-36],[-72,25],[-37,-12],[-57,8],[-17,35],[-33,1],[-18,37],[-33,-19],[-42,15],[-30,40],[-33,18],[-68,-51],[-37,7],[15,54],[30,23],[-9,36],[-54,-1],[-45,-66],[-26,50],[-43,-33],[-15,57],[-38,-8],[-42,34],[-17,60],[3,79],[-15,13],[-64,-11],[-41,41],[-24,0],[-60,-85],[-79,-57],[-37,9],[-49,-39],[-55,10],[-36,-18],[-38,9],[-37,-15],[-52,0],[-66,-71],[-26,-43],[3,-32],[-68,-29],[-47,-37],[-59,-14],[8,-59],[69,-45],[1,-42],[-20,-32],[-54,-14],[-15,-58],[29,-53],[11,-73],[-44,-69],[-4,-58],[22,-33],[-3,-40],[-61,-76],[37,-57],[13,-58],[-61,-24],[-19,-76],[37,-38],[-29,-53],[-31,-25],[-46,-123],[-31,-51],[17,-53],[-81,-88],[12,-38],[35,-46],[38,-16],[-9,-56],[-37,-45],[-53,-1],[-41,-69],[10,-42],[-34,-46],[-75,-38],[-22,-38],[-39,-29],[-55,15],[-62,-84],[-32,-4],[-48,-55],[-8,-52],[-61,-11],[-14,-59],[33,-45],[-11,-82],[-27,-29],[5,-65],[27,-55],[-34,-110],[12,-102],[50,-38],[11,-39],[-5,-47],[-25,-29],[1,-38],[-47,-21],[52,-29],[52,13],[-1,-158],[22,-86],[-18,-43],[18,-15],[11,-79],[-24,-149],[24,-33],[-5,-44],[19,-36],[-14,-65],[-35,-51]],[[10169,64794],[-1464,836],[-495,113],[-1599,373],[-625,153],[-22,25],[-1180,261],[-414,109],[-1166,286],[-505,246],[-2099,988]],[[600,68184],[-145,82],[151,170],[29,58],[-29,60],[1,44],[-39,103],[31,83],[49,52],[34,127],[40,13],[22,42],[35,30],[58,113],[140,96],[59,10],[23,37],[81,75],[139,30],[52,37],[59,23],[77,18],[3,46],[60,57],[127,0],[51,24],[80,3],[60,50],[22,-33],[30,33],[5,52],[38,12],[-4,31],[28,24],[32,-16],[50,68],[-2,37],[52,87],[-12,46],[33,56],[-19,39],[-40,19],[-29,79],[-13,89],[-24,9],[-11,113],[-47,44],[-31,44],[-51,46],[-3,111],[-72,86],[-1,103],[38,48],[8,32],[-14,106],[47,32],[18,38],[51,14],[-12,39],[30,55],[-15,61],[15,41],[32,35],[-4,42],[46,75],[87,25],[-6,65],[57,17],[71,83],[52,104],[52,24],[-2,19],[55,44],[33,53],[-13,64],[10,18],[59,20],[-14,64],[-17,14],[20,79],[36,23],[-18,34],[12,79],[-24,108],[14,15],[2,68],[66,134],[21,79],[28,42],[25,74],[69,97],[14,67],[-18,51],[20,34],[-13,103],[-39,84],[48,29],[21,31],[31,-16],[66,29],[4,74],[38,-14],[38,7],[21,35],[33,1],[16,40],[35,-23],[8,50],[68,49],[37,-30],[33,25],[62,-22],[55,30],[45,38],[10,106],[89,36],[53,59],[47,1],[15,54],[39,-13],[70,33],[44,10],[-26,56],[34,20],[34,-36],[51,31],[17,33],[65,32],[5,105],[17,10],[11,52],[57,2],[58,25],[-9,40],[46,-6],[21,19],[53,-20],[15,-31],[42,78],[16,-40],[74,34],[5,28],[165,90],[45,-4],[121,112],[-13,18],[47,49],[42,4],[18,37],[-4,36],[80,-47],[13,41],[39,1],[18,44],[76,8],[21,72],[32,37],[-9,45],[59,3],[41,26],[6,45],[35,-27],[29,34],[134,58],[57,8],[11,-45],[49,25],[56,-9],[33,-34],[25,-2],[35,28],[45,-20],[42,4],[64,43],[7,-40],[-24,-31],[67,-39],[88,70],[37,67],[30,-9],[10,44],[38,-3],[46,-47],[19,21],[-30,34],[22,40],[92,26],[24,-31],[30,1],[16,-39],[31,1],[52,86],[18,11],[45,-19],[39,20],[20,-43],[61,0],[-9,59],[33,10],[28,-51],[30,-14],[47,37],[-12,81],[6,27],[42,-12],[54,9],[29,20],[35,-23],[-16,-30],[18,-65],[31,29],[9,56],[58,-6],[17,31],[38,-9],[49,-62],[19,24],[-3,44],[25,17],[50,-6],[0,-42],[50,25],[37,-37],[30,10],[17,31],[68,1],[17,38],[94,-25],[29,40],[53,25],[16,54],[21,22],[48,4],[1,78],[71,35],[-45,72],[86,1],[31,46],[-24,34],[11,41],[30,17],[12,33],[40,-6],[37,49],[41,18],[70,-63],[69,-10],[48,-29],[37,136],[29,50],[72,-12],[-36,-89],[0,-34],[33,-34],[144,61],[45,49],[-7,33],[68,-14],[28,-54],[-29,-70],[43,-16],[20,79],[18,12],[35,-40],[30,37],[56,11],[-22,43],[17,20],[49,-16],[104,-4],[35,-71],[49,-44],[20,21],[2,57],[79,-25],[16,-27],[-7,-61],[25,-86],[-68,-42],[-7,-23],[63,-59],[7,-33],[75,45],[-4,-47],[-23,-41],[78,-29],[61,-12],[8,-85],[45,-11],[21,47],[62,30],[0,25],[-38,28],[24,78],[54,-9],[17,-15],[38,27],[37,-35],[38,12],[6,-84],[70,-25],[15,-45],[27,-8],[51,48],[73,23],[41,69],[22,88],[9,101],[38,27],[235,1358],[539,3193],[385,2329],[-11,98],[54,91],[-5,103],[18,78],[72,42],[0,43],[-23,52],[-4,133],[-35,63],[-13,62],[41,119],[2,74],[36,34],[3,54],[-68,102],[-8,27],[10,60],[-46,33],[54,63],[-1,30],[-47,15],[-22,-9],[-34,36],[2,43],[-93,63],[-14,25],[-47,28],[10,92],[-36,62],[-23,2],[-62,48],[34,50],[-35,56],[-91,79],[5,22],[-30,76],[45,26],[3,38],[41,58],[8,45],[43,69],[-22,35],[-36,9],[-16,42],[-24,16],[28,83],[-31,58],[-20,12],[8,69],[-53,38],[-28,40],[-212,94],[-23,42],[-79,76],[-115,49],[-52,91],[-41,-7],[-51,10],[-22,-12],[-74,45],[-34,65],[-26,12],[-101,128],[-17,43],[-145,123],[-1,73],[39,88],[-11,493]],[[67027,83425],[-49,-14],[-41,-44],[15,-50],[-43,-78],[23,-66],[47,-12],[5,-59],[58,-7],[-26,-79],[-26,-28],[-21,-62],[-42,-64],[30,-46],[-81,-81],[24,-60],[47,-44],[22,-177],[-51,-37],[21,-31],[-39,-36],[6,-91],[14,-46],[-33,-57],[-84,-16],[-6,-38],[-31,-27],[-60,22],[-51,-25],[-65,10],[-44,-15],[-30,-83],[5,-65],[18,-46],[34,25],[26,-9],[83,10],[49,-17],[33,-34],[15,-72],[-68,-82],[32,-26],[18,-80],[-36,-139],[-39,-86],[3,-48],[-26,-65],[-34,-36],[-9,-51],[21,-35],[-9,-72],[-60,-59],[39,-24],[-121,-94],[-27,-75],[-59,-27],[-21,-45],[-48,-8],[-37,48],[-51,-22],[36,-53],[-11,-74],[-24,-23],[2,-75],[-78,-84],[22,-59],[66,62],[42,-31],[-74,-106],[8,-148],[20,-60],[-14,-56],[43,-35],[-120,-36],[-60,22],[-26,-54],[30,-17],[-47,-69],[10,-65],[-85,-20],[-35,-21],[-48,5],[-24,-21],[-21,-72],[-30,67],[-38,-14],[2,-61],[-30,-12],[-6,-34],[-67,-20],[-15,-32],[5,-70],[27,-13],[14,-46],[36,6],[10,-32],[-11,-68],[33,-30],[27,14],[51,-47],[6,-69],[-63,41],[9,-66],[-19,-11],[-44,20],[4,-58],[-28,-27],[-53,22],[-29,-24],[43,-49],[-1,-32],[22,-36],[-32,-13],[2,-47],[44,-19],[-9,-89],[-54,-62],[-14,-86],[11,-31],[-37,-66],[-38,-16],[4,-56],[-27,-15],[-80,18],[10,-37],[32,-13],[13,-52],[-48,-6],[1,-45],[-62,-52],[-17,-41],[-7,-66],[-33,12],[-28,-15],[8,-56],[-13,-40],[-44,-34],[-33,-72],[-22,16],[-18,-59],[-22,11],[-29,-30],[-27,2],[-59,-42],[-53,-84],[-30,-29],[19,-29],[-34,-20],[17,-138],[-49,10],[2,-43],[-36,-17],[31,-45],[-16,-29],[-69,-23],[-33,-72],[-45,3],[6,-65],[14,-34],[-41,-44],[-22,-74],[47,-64],[-37,-23],[16,-70],[-39,-55],[16,-46],[-24,-40],[12,-25],[-10,-61],[-23,-11],[-4,-41],[-31,-23],[12,-33],[-12,-43],[-33,-19],[-13,-35],[-67,-14],[-50,-83],[-34,-19],[-4,-50],[-25,-5],[0,-49],[-41,-22],[-17,-41],[-32,-23],[-40,4],[-21,-46],[-88,-54],[-30,-50],[-32,-13],[-27,28],[-29,-106],[-41,-50],[8,-52],[-14,-35],[20,-91],[-56,-6],[-2,-67],[-32,-37],[17,-63],[-40,-13],[-35,-48],[-62,-45]],[[63850,75506],[-29,-1],[-19,-32],[-58,-38],[-37,-165],[-33,-40],[-13,-53],[-66,-91],[-72,-73],[-31,-97],[-87,-113],[-38,-15],[-119,-108],[-85,14],[-23,-9],[-70,40],[-41,-6],[-45,20],[-37,-30],[-27,-45]],[[62920,74664],[-829,1061],[-124,-55],[-58,-2],[-79,20],[-22,22],[-10,52],[-49,75],[-83,70],[-7,25],[-75,93],[-1,55],[-38,110],[17,54],[-4,133],[32,47],[-16,172],[-30,60],[-32,46],[-41,-7],[-95,46],[-55,-40],[-77,10],[-44,31],[-49,0],[-63,-27],[-105,96],[-94,33],[-7,38],[-83,0],[-6,22],[-57,7],[-54,43],[-89,1],[-33,30],[-55,-6],[3,61],[-43,-6],[-13,40],[-54,-5],[-13,38],[25,34],[-71,10],[41,43],[-23,23],[7,31],[-60,-38],[-15,-69],[-63,-23],[-25,62],[-53,22],[-39,137],[-15,20],[-60,23]],[[60034,77382],[-5,49],[56,5],[19,60],[-23,24],[36,45],[27,60],[49,45],[65,2],[13,39],[-10,39],[60,28],[13,45],[24,1],[62,-40],[98,30],[45,51],[123,51],[68,69],[70,43],[40,107],[42,49],[51,30],[102,10],[93,72],[51,5],[89,-88],[30,-14],[79,-6],[92,102],[34,-50],[81,48],[82,23],[31,80],[-11,36],[25,48],[3,65],[34,13],[25,-44],[63,-41],[16,30],[3,56],[29,72],[14,85],[40,55],[22,59],[35,9],[42,72],[44,31],[64,-5],[80,99],[-1,42],[25,88],[-7,64],[30,133],[98,210],[-23,127],[39,64],[118,69],[49,57],[16,49],[49,34],[12,34],[-5,77],[-37,13],[-18,-57],[-71,28],[-56,-37],[-37,63],[-60,-6],[-4,63],[39,77],[-45,40],[42,51],[-55,115],[3,58],[32,52],[38,19],[-8,50],[37,7],[20,66],[43,28],[-21,77],[73,7],[-1,32],[-37,55],[12,52],[-49,28],[31,40],[11,61],[-26,40],[7,77],[65,58],[15,49],[63,0],[10,63],[40,0],[39,49],[-5,44],[-21,11],[19,74],[-26,13],[-1,67],[11,67],[32,28],[15,45],[-11,95],[28,49],[-46,40],[6,19],[9,43],[33,35],[8,85],[-26,52],[-18,80],[69,66],[-38,92],[-50,49],[-55,18],[-64,-30],[-52,-36],[-67,25],[-21,33],[-3,79],[33,56],[5,43],[-76,70],[-40,-11],[-33,-38],[-16,-92],[-38,-32],[-71,3],[-25,35],[-54,28],[322,203],[35,35],[-72,-2],[-27,36],[-21,514],[155,14],[-120,177],[71,79],[34,94],[59,64],[24,5],[57,170],[46,-5],[15,51],[-17,61],[-67,52],[-14,38],[40,58],[-15,116],[-39,11],[-1,51],[-43,31],[21,31],[-16,34],[-11,174],[-38,17]],[[62533,84716],[8,43],[27,32],[1,67],[23,21],[32,-8],[69,48],[6,63],[28,41],[-2,50],[68,-3],[31,-41],[2,-40],[31,-95],[-22,-32],[-5,-43],[-24,-13],[-18,-52],[21,-11],[33,37],[19,-33],[45,38],[-6,49],[19,30],[-20,53],[41,101],[-17,34],[26,27],[41,-28],[-35,-41],[18,-17],[55,8],[-3,-27],[34,-100],[22,94],[-35,73],[61,3],[13,38],[33,31],[46,0],[24,-92],[-21,-51],[30,-13],[38,37],[54,-6],[50,-103],[-15,-28],[6,-133],[12,-32],[41,11],[70,157],[5,68],[-15,38],[11,34],[47,-16],[8,-25],[51,-39],[12,-27],[-17,-53],[30,-30],[-4,-45],[29,-14],[70,-147],[34,10],[12,84],[-25,102],[16,54],[-29,43],[32,58],[74,26],[51,-15],[-7,-95],[-23,-40],[9,-21],[45,-5],[84,61],[-20,64],[63,-1],[76,38],[95,-33],[-8,-55],[18,-33],[47,-26],[17,13],[-24,51],[63,-4],[56,-24],[32,-70],[-37,-54],[-37,19],[-27,-15],[-7,-59],[73,43],[30,3],[47,52],[56,-2],[-24,-64],[6,-87],[-28,-39],[18,-83],[23,58],[-15,23],[20,49],[31,37],[11,60],[27,-1],[56,47],[37,1],[29,-36],[25,-54],[-46,-24],[44,-42],[-17,-73],[52,-42],[-14,-75],[24,28],[23,65],[-9,89],[35,-19],[28,43],[88,48],[46,-6],[15,-61],[-9,-72],[-47,-45],[68,-26],[-8,-47],[54,-104],[-22,-34],[-34,-6],[49,-38],[35,12],[27,71],[-5,67],[61,53],[5,73],[49,72],[44,13],[39,-34],[-8,-47],[7,-55],[-17,-68],[5,-81],[44,47],[12,-101],[67,87],[25,-10],[17,53],[46,-29],[34,-188],[27,15],[-17,83],[17,94],[44,14],[33,-69],[26,12],[-22,68],[62,71],[54,-55],[36,-4],[38,-75],[-36,-49],[-19,-69],[-49,-14],[47,-51],[-5,-39],[-31,-37],[-93,-40],[30,-29],[59,-2],[114,50],[11,-50],[28,-16],[69,114],[-8,63],[22,10],[25,-192],[24,55],[30,31],[-32,37],[50,120],[26,25],[37,3],[43,-56],[41,84],[55,11],[21,-34],[-12,-52],[-40,-36],[-31,23],[-39,-43],[-11,-38],[19,-37],[-21,-35],[-41,-21],[65,-30],[-1,-60],[-53,-2],[36,-58],[26,-3],[81,27],[35,-16],[0,-51],[-19,-32],[28,-25],[0,104],[-37,39],[12,25],[70,24],[-6,-77],[42,-90],[6,69],[36,69],[19,8],[31,-52],[5,-78],[-31,-44],[8,-28],[27,13],[32,74],[6,66],[110,59],[-37,23],[35,44],[18,122],[97,25],[39,53],[29,-5],[26,-37],[-4,-76],[-55,8],[21,-89],[-41,-27],[-8,-37],[26,-77],[10,-80],[-54,-51],[-78,-133],[20,-70],[56,141],[87,74],[18,45],[-1,80],[29,62],[46,-26],[-1,-118],[-39,-56],[-31,-100],[26,-7],[21,76],[33,11],[35,55],[98,45],[15,48],[42,8],[3,-37],[-56,-48],[-14,-50],[66,-102],[-53,-98],[-14,-101],[-16,-19]],[[66234,83962],[10,50],[75,87],[14,-27],[-38,-70],[-61,-40]],[[66532,83928],[-37,40],[5,55],[-21,34],[47,31],[-4,-106],[28,-27],[-18,-27]],[[67126,83658],[-58,92],[21,28],[51,-94],[-14,-26]],[[61911,84999],[566,-212],[9,-103],[25,-3],[22,35]],[[60034,77382],[-38,-41],[-20,-58],[-42,13],[-23,-13],[-80,39],[-36,68],[-38,34],[-95,3],[-19,-21],[16,-45],[-46,-46],[-10,-37],[-74,-30],[-30,-56],[-43,-18],[-11,-118],[-30,-64],[13,-84],[-23,-66],[42,-56],[47,10],[57,-42],[39,15],[33,-9],[19,-90],[92,0],[19,-27],[-37,-93],[43,-127],[2,-32],[39,-9],[16,-79],[27,-14],[-591,-932],[-12,35],[25,37],[-14,61],[2,63],[-77,98],[-23,76],[-22,12],[-64,-23],[-58,3],[-27,47],[-39,1],[-47,50],[26,20],[-46,30],[11,101],[-42,53],[19,82],[-46,97],[30,45],[-8,39],[-38,59],[-25,112],[-32,62],[9,43],[51,77],[43,24],[29,66],[6,55],[62,25],[39,102],[72,24],[-24,55],[-23,10],[-49,86],[31,52],[-23,42],[-43,16],[-17,26],[5,39],[-23,49],[6,120],[-80,85],[28,64],[1,58],[18,46],[63,30],[13,27],[29,122],[-59,40],[-15,69],[-37,50],[1,41],[-41,75],[-22,164],[16,65],[-54,29],[-38,100],[-126,82],[-31,100],[14,125],[32,32],[-3,79],[-32,17],[-42,103],[-1,115],[62,45],[-16,61],[5,39],[37,113],[28,42],[-72,57],[16,37],[-16,29],[33,63],[1,33],[-160,-1],[-29,-28],[-141,-3],[19,-81],[-62,-8],[-58,-78],[5,-47],[40,-75],[-21,-53],[-17,-126],[-72,-95],[27,-147],[-46,-14],[-85,-53],[-63,-11]],[[67027,83425],[17,-12],[40,30],[9,80],[68,92],[65,101],[7,45],[53,-20],[-2,37],[25,37],[58,-2],[-14,-40],[27,-52],[-33,-66],[42,2],[-1,-56],[29,-26],[-25,-145],[48,-13],[-1,45],[116,213],[-1,21],[39,54],[-8,28],[60,24],[36,-70],[-54,-97],[4,-31],[-68,-17],[-75,-113],[23,4],[75,85],[24,-18],[4,-42],[-24,-64],[14,-21],[-69,-47],[5,-20],[60,13],[33,29],[16,-41],[-78,-96],[65,14],[36,85],[8,79],[42,73],[46,13],[17,-23],[-28,-46],[-8,-39],[21,-48],[-56,-88],[-1,-30],[37,46],[38,2],[40,73],[8,72],[29,-12],[31,64],[-5,35],[36,25],[-18,36],[109,15],[30,-44],[-89,-101],[-33,-81],[28,-40],[33,-71],[25,-23],[-16,-99],[29,-25],[-8,-49],[33,-23],[-61,-27],[16,-34],[57,6],[69,-14],[37,14],[37,72],[-15,69],[18,95],[80,43],[6,-45],[-16,-68],[52,43],[28,-71],[36,27],[8,-64],[49,43],[4,-54],[-9,-72],[13,-40],[-23,-57],[19,-16],[39,89],[34,8],[29,49],[-10,59],[69,31],[-9,40],[83,18],[16,-57],[-11,-72],[-31,-33],[-58,-33],[-21,12],[-30,-26],[-27,-165],[13,-48],[-41,-57],[23,-30],[76,-33]],[[68599,82648],[7,-39],[-20,-36],[-45,16],[-14,-29],[-34,14],[-41,-72],[-438,-468],[-3,-66],[21,-54],[244,-79],[11,-74],[48,-136],[-6,-78],[-73,-204],[1,-119],[-53,-102],[-56,-680],[-2,-1383],[-18,-35],[7,-80],[70,-396],[14,-139],[15,-79],[44,-102],[207,-104],[709,-263],[240,-90],[67,-69],[-15,-22],[25,-36],[-35,-43],[-64,-55],[22,-58],[-7,-39],[23,-102],[-130,-54],[-293,-158],[-72,-43],[-123,-66],[-29,-40],[-3,-83],[-43,-51],[-26,-120],[-66,-79],[-20,-56],[222,-5],[29,8],[3,38],[32,29],[27,74],[40,-1],[26,20],[43,-8],[84,64],[34,-27],[44,16],[86,124],[29,8],[71,-58],[25,53],[88,35],[55,-12],[270,-506],[771,198],[4,0],[636,2],[63,-40]],[[71327,76609],[-13,-32],[11,-35],[-44,-69],[-39,-38],[-38,-15],[20,-36],[17,-80],[-70,-61],[-8,-75],[-51,-46],[9,-105],[-130,2],[-1,-67],[36,-38],[-22,-46],[29,-51],[32,-27],[-54,-33],[-13,-28],[48,-122],[56,-148],[-27,-39],[-38,-24],[8,-33],[-31,-104],[0,-61],[57,-2],[21,-46],[-7,-81],[-19,-48],[134,-193],[41,79],[30,-151],[-17,-45],[34,-119],[-3,-39],[29,-204],[-18,-48],[16,-68],[8,-147],[-49,-16],[-43,-92]],[[71228,73978],[2,-69],[-40,-15],[-5,-42],[-296,-48],[-30,174],[-34,29],[-43,100],[-9,75],[-25,66],[-31,11],[-19,4],[-1,-33],[-53,-1],[-38,-64],[-61,-22],[-4,-115],[-4,-3],[18,-46],[56,-35],[-22,-57],[32,-42],[2,-47],[-17,-49],[17,-20],[-14,-90],[-48,-56],[-5,-58],[-55,22],[-5,-39],[15,-47],[-39,-15],[-20,-38],[-31,-10],[-3,-42],[-75,-40],[-28,-40],[-49,-23]],[[70266,73253],[-356,332],[-29,-6],[-69,28],[13,-30],[-24,-24],[-9,-45],[-29,-35],[21,-53],[-20,-21],[-2,-54],[-50,-4],[-21,-52],[6,-30],[-26,-64],[-29,-38],[3,-31],[-573,457],[21,67],[30,41],[309,19],[116,44],[28,29],[22,52],[15,209],[-1137,-10],[-663,4],[-70,31],[-11,33],[30,20],[99,-5],[-48,35],[-26,57],[-44,20],[-19,-11],[-37,50],[-53,9],[-8,44],[-39,13],[-74,64],[-57,20],[-17,35],[-33,8],[-15,-48],[-33,-9],[-40,-45],[-36,-5],[-79,-145],[-5,-21],[36,-40],[6,-53],[38,-35],[-12,-29],[-2203,-12],[13,96],[-28,122],[12,61],[-21,125],[11,53],[-30,72],[-7,58],[15,144],[100,237],[78,84],[43,99],[-2,58],[-44,-51],[-92,-25],[-65,-33],[-15,25],[-43,2],[-31,18],[-116,-1],[-35,82],[-68,55],[-7,56],[-26,54],[-34,39],[13,36],[-15,50],[6,42],[31,16],[-3,37],[-35,-22],[-14,-50],[-68,-37],[-17,-79],[-27,-42],[-77,-66],[-11,-71],[-82,-77],[-18,-38],[-53,-10],[-37,-25],[-109,103],[-16,99],[-36,42],[-66,8],[-29,67],[-69,53],[-62,6],[-27,15]],[[67735,83543],[-25,52],[16,36],[44,-5],[-2,-51],[-33,-32]],[[67787,83348],[-20,44],[-4,45],[26,17],[24,-46],[-26,-60]],[[68052,83166],[-17,18],[0,52],[66,45],[13,-43],[39,57],[0,171],[17,57],[-2,36],[40,70],[23,-30],[3,-89],[-34,-41],[-27,-55],[-12,-81],[25,-3],[2,-44],[-39,-112],[34,-89],[-34,-63],[-140,-20],[-6,18],[59,19],[-33,41],[37,43],[-14,43]],[[68037,83259],[-32,51],[-8,42],[49,97],[38,-74],[17,-9],[-15,-78],[-49,-29]],[[68259,83297],[42,59],[18,51],[-9,36],[41,-1],[59,-42],[-9,-66],[-85,4],[-57,-41]],[[68352,83189],[21,48],[40,10],[-14,-51],[-47,-7]],[[68599,82648],[-22,62],[72,135],[31,15],[30,-12],[70,79],[0,70],[38,27],[21,61],[-28,16],[41,42],[51,-16],[53,-83],[-20,-35],[31,-21],[3,-121],[-37,-65],[-77,-14],[-87,-59],[72,4],[53,-33],[14,17],[51,-43],[-42,-118],[9,-34],[-41,-39],[-20,-48],[6,-81],[-38,-127],[-26,-111],[19,-48],[74,-58],[137,49],[-6,85],[121,60],[0,46],[-43,35],[-5,45],[-29,61],[10,65],[34,75],[76,58],[100,91],[25,67],[38,-55],[1,-48],[31,-29],[-18,140],[61,117],[-20,77],[19,53],[25,-20],[-24,-145],[19,-72],[-9,-49],[42,-16],[38,37],[-29,73],[42,-5],[-7,-110],[28,5],[33,-30],[49,2],[40,22],[43,-52],[1,-30],[-63,-28],[9,-27],[59,5],[46,43],[-4,75],[37,37],[21,-28],[33,-1],[71,88],[50,47],[76,31],[30,-18],[-18,-52],[7,-110],[-37,5],[-54,-22],[-28,-103],[-43,-19],[-16,-81],[16,-28],[2,-67],[89,41],[31,-70],[52,90],[18,56],[49,-38],[-2,-43],[27,-33],[12,79],[64,20],[-15,-82],[33,-18],[-18,-31],[19,-54],[25,-24],[-31,-49],[-34,7],[-3,-37],[-41,-33],[32,-44],[39,39],[23,-36],[70,-16],[44,22],[-22,-95],[-50,-34],[-71,-76],[108,40],[15,-53],[51,-33],[25,31],[39,5],[44,93],[-11,46],[13,27],[58,20],[67,-42],[-27,-16],[-69,-86],[-5,-25],[28,-64],[-13,-38],[32,27],[56,-77],[47,-29],[89,89],[25,-30],[-39,-80],[-79,-39],[27,-43],[98,43],[18,-3],[68,-165],[-4,-33],[10,-108],[-29,-13],[44,-36],[11,-48],[-63,-33],[0,-120],[2,-106],[28,12],[65,-19],[65,-58],[7,-41],[84,-78],[12,-79],[82,-210],[2,-32],[-34,-36],[-1,-69],[-37,-72],[-32,-19],[-33,6],[103,-116],[100,-107],[42,7],[37,31],[71,1],[93,17],[30,18],[97,32],[64,33],[25,43],[84,44],[25,-5],[58,25],[91,-10],[19,-108],[-63,13],[-112,-24],[5,-13],[82,-4],[-7,-55],[12,42],[372,3],[24,78],[92,124],[64,64],[101,54],[61,163],[59,94],[68,62],[53,16],[104,-15],[101,10],[77,-33],[65,-82],[59,-132],[38,-28],[26,-96],[36,-18],[50,59],[65,19],[79,-3],[41,18],[17,-29],[54,-8],[63,8],[95,-22],[202,-74],[353,-172],[83,-29],[283,-133],[253,-138],[109,-13],[63,-64],[56,-3],[-30,86],[142,-158],[129,-105],[129,-70],[96,19],[60,-83],[20,27],[117,-28],[99,-3],[12,-21],[88,-71],[166,-14],[46,-49],[4,-60],[44,-37],[35,21],[47,116],[-58,38],[-72,11],[-22,79],[14,29],[59,60],[13,-61],[29,-9],[2,45],[130,-30],[111,5],[68,17],[57,-17],[5,-25],[71,-108],[38,35],[15,43],[76,-20],[51,13],[93,-9],[47,10],[85,-15],[73,3],[36,-44]],[[77348,79470],[-25,-43],[-59,-45],[13,-130],[-45,-19],[3,-77],[-10,-31],[39,-78],[106,-92],[22,-61],[-43,-54],[-25,-101],[-21,-22],[-69,-36],[-18,-33],[-53,-81],[-59,-23],[-20,-25],[-1,-70],[-36,-66],[1,-61],[-61,21],[-24,-87],[-39,-43],[-47,-42],[-57,1],[-212,-53],[1,-49],[57,-12],[5,-44],[-53,-22],[-18,-67],[4,-26],[-45,-19],[-23,-71],[-82,-13],[-22,-18],[-8,-74],[-34,-24],[-31,-8],[-34,23],[-79,-35],[-55,-18],[-69,52],[-103,-53],[-56,18],[-7,-54],[-28,-22],[-27,8],[-8,42],[-31,4],[-38,-61],[-33,-20],[-51,25],[-10,71],[-30,-4],[-16,-73],[-61,-44],[-4,-59],[-82,-121],[-85,-43],[-23,-21],[-10,-55],[-19,-35],[-40,-21],[-84,-107]],[[75276,77069],[-18,-62],[36,-94],[-36,-74],[35,-67],[-40,-39],[-82,-171],[-15,-92],[-38,-49],[-103,-72],[-14,-55],[-18,-46],[-42,23],[-19,-12],[-78,-219]],[[74844,76040],[-780,131],[-71,10],[-136,-131],[-391,-383],[-119,76],[-277,-91],[-20,36],[18,21],[-8,63],[26,68],[-2,23],[-41,51],[25,59],[-14,25],[-4,131],[-50,29],[-57,65],[-23,-4],[-80,91],[-33,8],[-9,29],[-54,59],[-261,-241],[-48,41],[-28,-21],[-74,-8],[-28,28],[-61,9],[-536,355],[-13,-101],[-65,-45],[-303,186]],[[69975,83151],[-11,-77],[-76,21],[2,64],[-22,-1],[-22,69],[68,0],[63,-46],[-2,-30]],[[69747,83154],[-38,9],[8,33],[32,30],[84,-12],[20,-36],[-28,-26],[-78,2]],[[69797,83001],[19,60],[-50,46],[9,35],[106,11],[3,-60],[48,-18],[-71,-94],[-118,-89],[-30,-1],[-56,43],[-17,66],[37,38],[33,-11],[11,-11],[10,31],[38,-33],[-3,30],[-26,10],[15,45],[46,-27],[-4,-71]],[[69693,83096],[26,-8],[6,-31],[-5,-25],[-39,18],[-40,-9],[-22,17],[31,41],[43,-3]],[[69457,82822],[-7,35],[37,79],[31,4],[-55,-84],[-6,-34]],[[68893,82045],[-26,28],[-1,38],[42,142],[9,78],[22,68],[46,22],[69,-93],[-36,-49],[-45,15],[-26,-17],[-1,-32],[29,-72],[-20,-34],[19,-48],[-46,-39],[-35,-7]],[[69023,82080],[-44,17],[-16,30],[24,42],[-29,103],[62,-6],[58,61],[16,-11],[24,-98],[-58,-43],[-45,-8],[18,-62],[-10,-25]],[[70211,82584],[-15,19],[50,76],[-26,62],[44,9],[17,-16],[27,-109],[-97,-41]],[[70145,82493],[-33,21],[-17,47],[64,49],[15,52],[60,23],[-59,-89],[20,-58],[-24,-39],[-26,-6]],[[70266,82444],[3,68],[55,45],[24,-36],[-82,-77]],[[70458,82334],[1,-34],[-46,-32],[-97,-12],[-39,32],[-15,40],[48,22],[37,-11],[49,86],[63,72],[44,-84],[32,-102],[-15,-60],[-20,-24],[-42,107]],[[70348,82459],[48,-14],[-44,-48],[3,-32],[-31,-17],[-44,71],[68,40]],[[70274,82339],[10,29],[-33,10],[19,34],[42,-45],[-38,-28]],[[70304,82140],[-25,23],[37,27],[24,-22],[-36,-28]],[[70436,81866],[-50,24],[34,70],[40,-5],[48,17],[-21,-74],[-34,-5],[-17,-27]],[[70614,81838],[1,61],[50,58],[42,-32],[-56,-27],[0,-52],[-37,-8]],[[70722,81738],[-33,5],[-24,55],[17,56],[58,12],[-3,-72],[-15,-56]],[[70958,81042],[-18,47],[39,13],[-21,-60]],[[62920,74664],[-503,-419],[-407,-340],[-494,-418],[-79,-61],[-774,-644]],[[60663,72782],[14,-46],[42,-21],[28,4],[168,-28],[51,-65],[78,-32],[354,69],[31,-39],[160,-12],[39,-25],[25,-50],[8,-52],[62,-80],[-32,-15],[71,-91],[155,-44],[44,-24],[130,-106],[45,-56],[3,-69],[-84,-148],[-106,-41],[-133,4],[-43,-63],[-16,-102],[20,-118],[31,-62],[107,-133],[11,-35],[-4,-50],[-50,-36],[-138,-40],[-60,-73],[-1,-80],[73,-26],[43,-51],[9,-41],[-22,-57],[-78,-74],[-98,-37],[-62,1],[-41,-17],[-64,-76],[-3,-47],[56,-205],[-11,-42],[87,-79],[14,-46],[-26,-86],[-85,56],[-63,18],[-140,-4],[-83,-123],[-175,-135],[-45,-88],[-34,-54],[-1,-38],[-28,-40],[-15,-72],[30,-114],[0,-71],[-12,-34],[-46,-52],[-52,-27],[-94,-23],[-78,-97],[-108,-54],[-28,-7],[-61,15],[-140,-20],[-130,-59],[-133,-12],[-60,-81],[-95,-70]],[[59874,68954],[-55,46],[-44,8],[-35,69],[-27,15],[-627,881],[-766,-690],[-1554,-1379],[-29,71],[-41,8],[-28,-47],[-25,25],[-74,26],[-5,28],[-78,42],[-39,0],[0,45],[-33,36],[-20,50],[12,40],[-35,39],[5,35],[-51,53],[-43,3],[-19,-19],[-28,48],[-122,20],[-21,51],[-50,16],[-41,40],[-27,-5],[-35,28],[-75,26],[-24,-23],[-32,3],[2,43],[-47,67],[-43,29],[-91,11],[-42,19],[-17,69],[-38,43],[-22,88],[-17,18],[38,53],[-26,61],[5,62],[-51,37],[-11,60],[-40,5],[-65,67],[-101,3],[-42,47],[-55,-28],[-38,39],[-48,-32],[-6,19],[33,51],[-19,49],[-122,56],[21,37],[-46,71],[16,58],[-32,57],[12,93],[-50,20],[-1,53],[-42,42],[60,36],[13,42],[27,25],[-8,77],[12,42],[-46,22],[20,63],[-7,47],[-33,-2],[-26,23],[-47,94],[20,47],[73,6],[29,82],[-1,45],[-44,74],[-88,42],[-37,-33],[-12,41],[-58,-5],[-79,173],[-39,15],[-38,52],[-50,20],[-34,35],[-34,-2],[-15,25],[-39,-28],[-36,21],[15,84],[36,65],[37,15],[8,42],[34,12],[63,-7],[31,-36],[34,3],[27,-29],[42,-11],[29,14],[71,67],[107,-6],[39,40],[0,66],[42,-1],[43,16],[39,111],[-22,16],[31,48],[-25,58],[72,120],[51,-3],[24,44],[57,-12],[-2,-36],[77,-1],[42,-27],[49,26],[39,-50],[62,29],[16,29],[-36,29],[32,41],[10,44],[30,60],[-19,51],[72,-36],[68,-6],[-19,75],[-22,25],[-12,73],[-18,25],[-112,5],[-68,42],[19,69],[-2,58],[-25,62],[26,44],[71,25],[58,43],[42,13],[-27,143],[46,13],[51,55],[86,-5],[54,30],[-7,69],[-21,27],[10,60],[-15,28],[21,33],[44,24],[46,-15],[-18,77],[2,42],[-23,80],[9,25],[75,17],[39,60],[-1,49],[-43,-5],[-100,25],[-81,38],[-28,-33],[-61,-4],[-17,-28],[-45,34],[-27,-12],[-29,30],[-20,-17],[-28,34],[-26,0]],[[77348,79470],[122,-136],[51,-34],[32,6],[108,-105],[62,-43],[-31,-47],[91,-18],[103,-51],[76,21],[55,-28],[61,-6],[72,38],[152,-35],[42,16],[61,-35],[82,-25],[43,16]],[[78530,79004],[-1,-78],[57,-43],[64,-6],[7,-35],[30,-52],[20,-62],[-32,-56],[13,-96],[-150,-146],[-23,-42],[15,-47],[-179,-324]],[[78351,78017],[-66,-113],[-29,-50],[52,-378],[45,-79]],[[78353,77397],[30,-113]],[[78383,77284],[109,-259],[57,-131],[49,-42],[81,-122],[14,-88],[40,-82],[-3,-88],[36,-87],[37,-174],[27,-61],[109,-146],[82,-163],[36,-34],[146,-81]],[[79203,75726],[2,-45],[-35,-34],[-31,-216]],[[79139,75431],[-23,-94],[-28,-54],[-111,-145],[-120,-109],[10,-64],[-12,-43],[-47,-112],[-53,-77],[2,-56],[16,-40],[94,-107],[-80,-129],[82,-110]],[[78869,74291],[-942,-255],[-150,223],[-312,464],[-53,-231],[-88,-25],[-117,47],[87,174],[-298,199],[-125,28],[-10,-18],[-96,-3],[-3,159],[22,25],[-30,42],[-19,147],[104,63],[65,47],[-1,233],[-41,118],[-85,44],[-14,-27],[-51,-35],[-94,-7],[-45,-24],[-131,2],[-107,-24],[-11,48],[14,33],[-19,67],[-57,15],[36,90],[-20,15],[-9,87],[21,60],[-20,22],[13,32],[-17,69],[25,33],[41,18],[10,66],[-29,113],[-23,-32],[-30,-4],[-19,-39],[-7,-55],[-37,0],[-67,-84],[-162,61],[2,173],[-20,126],[-231,17],[-70,62],[-35,52],[2,42],[-24,72],[-36,55],[-109,28],[-67,53],[-19,-3],[-65,35],[10,63],[-30,22]],[[78530,79004],[143,94],[173,-17],[33,10],[140,-15],[39,-14],[16,17],[44,-12],[158,11],[117,27],[21,26],[97,-4],[24,28],[109,0],[41,-58],[113,40],[72,48],[167,-1],[27,6],[98,-3],[168,31],[25,22],[71,28],[34,40],[-3,30],[51,16],[153,-68],[107,-8],[46,10],[99,13],[185,-10],[121,-19],[36,9],[99,-68],[55,41],[92,-20],[24,-24],[65,9],[64,-17],[12,15],[100,-44],[88,-18],[61,-43],[23,8],[57,-31],[185,-143],[76,-34],[74,-73],[67,-33]],[[82397,78806],[8,-47],[-380,-280],[8,-38],[-11,-79],[-25,-41],[-57,-47],[32,-51],[-4,-42],[-40,-81],[-4,-30],[-32,-23],[-27,-55],[-16,-54],[-113,-75],[-21,-112],[-22,-35],[-44,-24],[-1,-38],[-39,-68],[11,-55],[-30,-101],[17,-80],[-30,-60],[28,24],[30,-8],[49,14],[90,1],[-50,-125],[-39,-47],[2,-30],[-27,-100],[12,-42],[6,-122],[114,-90],[99,-386],[-205,79],[7,-21],[139,-108],[26,-57],[36,-3],[28,-44],[-35,-78],[65,-20],[57,3],[-7,-50],[68,-66],[-16,-38],[37,-31],[70,-16],[5,-40],[50,-81],[33,-26],[-36,-41],[33,-59],[10,-72],[52,-24],[49,-53],[-21,-50],[38,-39],[-27,-59],[48,-56],[9,-66],[-34,-3],[-31,-50],[-42,5],[71,-99],[-20,-39],[31,-75],[-83,-50],[-23,-56],[46,-53],[41,11],[86,-13],[16,-27],[3,-51],[-78,-58],[-35,-7],[-96,-88],[13,-29],[53,2],[20,-19],[5,-41],[41,-24],[-28,-45],[-129,-3],[-54,-29],[35,-112],[-66,54],[-98,-15],[-29,-89],[-28,-43],[-76,2],[-44,35]],[[81871,74254],[-27,100],[-219,-11],[-189,-37],[-36,-114],[-23,-22],[-42,-6],[-57,55],[-86,-4],[-72,32],[-56,9],[-40,61],[-59,49],[15,31],[-29,30],[6,38],[-73,94],[-93,272],[-183,51],[-124,56],[-178,-181],[-12,-50],[-33,-52],[-45,-27],[-186,-198],[-82,-22],[-76,20],[-58,-14],[-48,17],[-59,-31],[-29,-2],[-50,23],[-17,-10],[43,92],[-28,23],[-53,-32],[-23,2],[-17,-59],[-34,-3],[-86,45],[-19,-3],[-26,73],[-42,-2],[-124,68]],[[79202,74615],[-21,70],[-4,86],[41,30],[54,94],[22,76],[49,57],[66,133],[-9,79],[-40,51],[-33,21],[-82,7],[-83,61],[-23,51]],[[79203,75726],[-2,11],[-40,117],[-107,196],[-25,93],[36,80],[-6,33],[-53,60],[-9,80],[-65,111],[-23,57],[72,81],[9,43],[-93,85],[-21,32],[-23,84],[-61,52],[0,37],[21,54],[-16,41],[-82,25],[-203,96],[-49,81],[-80,9]],[[78353,77397],[41,6],[26,-32],[60,13],[45,92],[2,62],[22,28],[-34,120],[3,59],[19,46],[-30,28],[-85,-29],[-60,22],[-15,76],[4,129]],[[82397,78806],[59,10],[75,-78],[47,9],[45,-21],[58,-102],[90,-23],[48,-31],[40,-38],[82,-33],[51,-59],[114,-35],[49,-49],[40,-20],[43,23],[53,-16],[48,-56],[65,-36],[108,-16],[96,-98],[99,-160],[22,-21],[47,-39],[66,-5],[51,-95],[60,-51],[70,-17],[71,37],[33,-3],[67,-56],[66,-79],[16,-38],[26,-64],[30,-37],[47,-5],[103,-92],[47,-13],[39,12],[113,-158],[44,-38],[98,-45],[91,-97],[59,-31],[118,-12],[32,-7],[107,-62],[99,-18],[41,15],[10,29],[171,-296],[129,-195],[106,-92],[74,-22],[124,-162],[178,-241],[79,-123],[241,-246],[61,-40],[72,-85],[205,-183],[57,-36],[35,-7]],[[86912,75259],[-5,-52],[-85,6],[-3,-29],[-69,-5],[-63,40],[-40,-3],[-47,-119],[24,-83],[-36,-99],[17,-34],[-45,-34],[-25,-51],[17,-53],[-30,-30],[-105,15],[-41,-9],[-64,11],[-51,-21],[-3,-47],[-47,-7],[-60,10],[-76,-21],[-77,85],[-47,40],[-140,77],[-69,63],[-59,15],[-33,32],[-54,-49],[43,-57],[-13,-86],[-82,-52],[-41,-73],[-89,-76],[-20,21],[-80,-19],[-37,-51],[-31,-18],[-107,24],[-21,-2],[-116,-72],[-3,39],[-53,5],[-22,48],[-62,29],[-29,90],[-93,-5],[-62,-15],[-10,-20],[-62,-26],[-50,-75],[-25,2],[-98,-9],[-35,-52],[-3,-34],[-43,-15],[-56,-63],[-46,-5],[-21,62],[-27,25],[32,61],[-10,40],[-57,17],[-45,35],[-27,-8],[-35,25],[-64,0],[-43,-33],[-29,35],[-78,-6],[-19,41],[-26,-5],[-68,-16],[-51,-51],[-51,25],[-9,-19],[-59,-1],[-40,25],[-88,-23],[-27,-29],[-4,-67],[-28,-48],[-51,-18],[-78,-60],[-18,33],[-7,-41],[30,-25],[42,20],[44,39],[48,13],[11,-39],[-16,-39],[-30,2],[-58,-48],[-4,-48],[-6,-56],[-47,-96],[25,-26],[18,-88],[-31,-45],[-14,-50],[43,-74],[-12,-57],[-52,40],[-37,61],[-12,39],[-67,-40],[2,-18],[-107,-34],[-46,-63],[27,-23],[121,0],[40,-40],[52,-28],[-11,-45],[-265,-29],[-275,52],[-28,-17],[-18,-42],[70,-99],[59,-5],[111,-59],[-62,-137],[-467,-500],[-70,-28],[-38,-45],[-86,63],[-65,1],[-43,-16],[-44,-51],[-57,18],[-29,30],[-16,77],[-21,24],[-105,-26],[-67,54]],[[81659,72836],[-18,44],[6,27],[-69,21],[28,79],[-9,57],[61,87],[-24,12],[-12,46],[-46,3],[-43,35],[167,224],[40,21],[33,58],[12,277],[38,43],[44,0],[15,32],[87,48],[-1,15],[-79,59],[-50,77],[-4,48],[31,34],[-27,69],[32,2]],[[78869,74291],[56,-101],[2,-118],[-19,-110],[3,-67],[45,-87],[108,-131],[-4,-75],[13,-62],[41,-86],[26,-27],[26,-93],[83,-73],[-47,-183],[-22,-156],[20,-37],[86,-93],[87,-121],[-14,-53],[64,-6]],[[79423,72612],[23,-74],[53,-15],[3,-59],[-24,-14],[-19,-122],[6,-52],[46,-51],[0,-54],[29,-61],[-2,-57],[-67,-109],[38,-193],[14,-26],[8,-96],[-7,-91],[31,-108],[0,-58],[34,-70],[17,-89],[-7,-49],[-51,-51],[-24,-99],[9,-19],[59,-7],[25,-21],[24,-106],[41,-93],[25,-28],[-44,-29],[-1,-68],[13,-38],[-13,-60],[24,-48],[32,-24],[46,-101],[60,-55],[12,-39],[-2,-75],[-65,-84],[7,-50],[24,-48],[-3,-215],[17,-35],[60,-60]],[[79874,69711],[-88,-98],[-63,-50],[-105,-60],[-130,-45],[-139,-32],[-198,43],[-157,-36],[-189,-23],[-132,13],[-13,46],[-131,127],[-90,29],[-25,84],[-166,41],[-96,-11],[-40,-75],[111,-362],[-82,-98],[-143,34],[-143,-240],[-50,-125],[-21,-83],[-168,-21],[-2,34],[-130,-29],[-11,-18],[-90,0],[-91,0],[-22,68],[7,102],[-56,34],[-60,-63],[-83,210],[-32,32],[59,108],[-12,148],[-11,126],[-97,25],[-57,30],[-205,-69],[-129,13],[-81,-71],[-108,24],[-2,102],[-189,38]],[[76214,69613],[-70,14],[3,36],[-33,7],[-21,136],[-80,25],[7,46],[-84,29],[-26,-32],[-32,5],[-226,-89],[-70,3],[-69,25],[-174,54],[-311,-65],[-142,-466],[-163,233]],[[74723,69574],[52,73],[-12,87],[44,68],[-37,18],[6,27],[42,29],[-26,169],[50,73],[11,76],[44,34],[-8,53],[-55,-14],[31,123],[-20,40],[-7,57],[-36,44],[-60,9],[-44,28],[-40,51],[-85,39],[-16,27],[-14,94],[-31,37],[-42,14],[-55,-1],[-25,16],[-37,86],[-35,42],[-2,38],[47,33],[19,65],[-8,32],[-50,35],[-33,58],[-4,81],[-19,29]],[[74268,71344],[-11,25],[57,86],[-48,87],[11,68],[-15,35],[-9,85],[14,45],[38,1],[9,27],[-31,135],[16,85],[-40,39],[24,65],[70,21],[64,13],[22,79],[51,64],[7,49],[23,43],[39,36],[11,79],[24,24],[73,21],[41,105],[16,14],[56,2],[42,57],[89,46],[36,109],[1,72],[-39,101],[70,107],[-8,123],[-20,30],[-15,108],[-50,70],[-7,98],[-40,107],[-10,50],[19,82],[-88,112],[-10,22],[3,71],[-11,41],[-64,48],[-58,69],[1,74],[55,43],[7,73],[-60,48],[-16,38],[17,35],[82,68],[101,183],[10,34],[-18,71],[34,52],[26,87],[-65,46],[12,84],[-19,33],[-123,92],[-48,-13],[-29,24],[-2,67],[1,51],[-47,88],[-15,162],[17,49],[91,117],[42,32],[92,3],[-35,54],[14,43],[55,26],[44,76]],[[74268,71344],[-767,-2],[-560,2],[35,64],[81,83],[15,104],[-17,21],[10,59],[-10,58],[-30,34],[17,22],[-88,-41],[-13,-20],[-92,-43],[-43,-7],[-29,-53],[6,-42],[-36,-77],[41,7],[46,-48],[41,-7],[13,-54],[-34,-60],[-24,-8],[-5,-58],[-29,-26],[-23,-53],[-50,-36],[-67,-1],[-22,-21],[-59,-2],[-51,-32],[-11,23],[-43,-21],[-145,-1],[-388,1],[-8,65],[-31,71],[3,59],[32,32],[6,39],[-42,79],[28,60],[-14,70],[59,51],[45,14],[8,52],[58,29],[16,30],[55,26],[12,40],[48,33],[57,103],[83,84],[-7,58],[23,62],[96,44],[48,41],[6,22],[3,-2],[-15,50],[-58,24],[-35,64],[11,34],[-26,73],[33,54],[-57,118],[17,37],[-17,78],[65,100],[129,43],[45,29],[-605,255],[180,316],[37,17],[44,46],[72,23],[69,51],[52,145],[39,28],[-9,25],[4,70],[-50,31],[25,71],[-459,-279],[-42,160],[-596,-39],[-146,83]],[[99920,76642],[49,16],[30,-36],[-43,-15],[-27,-32],[-78,-17],[-9,28],[23,29],[55,27]],[[94126,67147],[0,-40],[25,-87],[41,-66],[-38,-68],[-26,-86],[-30,-13],[35,-30],[1,-67],[20,-44],[-35,-124],[2,-46],[-26,-14],[16,-74],[19,-75],[21,-34],[11,-79],[-23,-105],[-26,-128],[-61,-83],[14,-19],[-126,-292],[-17,-59],[0,-68],[-16,-32],[-1,-19],[-43,-60],[-22,-108],[25,-16],[-21,-87],[22,-15],[-10,-40],[-37,-19],[28,-11],[-74,-172],[-7,-50],[-38,-65],[-1,-68],[-18,-38],[15,-36],[-19,-40],[-37,-21],[-50,-77],[-6,-32],[-57,-123],[-3,-54],[-29,-38],[-31,2],[44,-40],[-24,-63],[9,-49],[-48,-60],[7,-38],[-39,-45],[-31,-61],[4,-92],[-54,-134]],[[93361,63645],[-9,31],[-35,30],[-57,12],[-35,-14],[-61,22],[-41,-11],[-55,30],[-183,39],[-121,29],[-32,28],[-39,7],[-61,-11],[-31,70],[-46,-45],[-61,43],[-41,-28],[-20,18],[-58,-28],[-25,-34],[-13,4],[-49,-51],[-66,-8],[-17,-42],[-52,14],[-39,-56],[-24,13],[-39,-28],[-65,-8],[-59,-29],[-31,40],[-44,5],[-1,44],[19,56],[-40,32],[-39,-37],[-36,10],[-8,-35],[-50,0],[-38,38],[-94,-10],[-39,-12],[-10,-41],[-55,-8],[-16,-21]],[[91445,63703],[-14,68],[4,133],[-87,120],[63,88],[-13,11],[15,30],[47,27],[61,-42],[35,41],[39,-11],[59,32],[13,-31],[71,-12],[16,37],[140,66],[-108,69],[-34,56],[-41,13],[-19,46],[1,34],[34,38],[-32,60],[16,58],[46,13],[43,-29],[3,-32],[-33,-51],[35,-66],[27,-14],[38,23],[39,-6],[18,27],[51,-26],[22,10],[17,21],[34,-48],[20,34],[-18,33],[6,52],[113,51],[19,-62],[123,106],[34,41],[90,41],[-19,31],[14,38],[-53,14],[-35,53],[-39,43],[-2,24],[37,45],[39,25],[11,30],[-14,11],[3,19],[81,47],[21,41],[-3,43],[68,2],[120,83],[33,37],[-37,28],[16,75],[-45,49],[56,29],[7,33],[-47,0],[25,109],[-58,45],[16,34],[-116,81],[-70,-1],[-164,-95],[-69,-1],[-39,82],[-19,9],[-16,55],[27,41],[57,24],[-69,207],[-75,-42],[-56,4],[-76,-22],[-41,-26],[-38,19],[-71,-8],[-11,-24],[-77,-3],[-32,-29],[-58,15],[-24,-50],[-65,6],[-34,34],[-33,-11],[-38,20],[-104,26],[-27,-26],[-74,21],[-16,28],[7,35],[109,75],[-2,137],[-35,60],[-18,62],[12,38]],[[91278,66481],[51,-18],[12,42],[55,30],[76,-5],[14,12],[68,-20],[56,65],[19,55],[65,0],[38,-14],[72,37],[59,-1],[27,30],[42,5],[18,31],[63,9],[33,40],[53,-25],[61,12],[91,83]],[[92251,66849],[9,24],[57,14],[91,-28],[48,30],[41,19],[-8,27],[-35,15],[44,43],[-4,54],[-42,-7],[-19,17],[43,77],[3,45],[42,59],[7,150],[58,24],[81,-31],[12,-27],[36,-20],[32,36],[66,32],[26,20],[45,2],[-3,45],[46,0],[1,17],[40,26],[23,-6],[72,60],[80,27],[106,-35],[21,-26],[50,27],[50,-22],[30,3],[52,-30],[42,-5],[39,30],[26,-5],[54,-49],[44,-20],[65,-71],[44,-26],[-14,-65],[12,-28],[70,-99],[56,26],[51,-23],[55,4],[44,-35],[31,29],[55,-26]],[[70266,73253],[-13,-88],[-41,-26],[-73,-29],[18,-52],[-28,-35],[-8,-47],[-22,-4],[-17,-63],[-72,-59],[-7,-52],[-62,-32],[-55,-43],[-18,-39],[10,-54],[-40,-79],[13,-17],[-27,-85],[-53,-63],[4,-65],[20,-67],[-30,-168],[21,-46],[40,-22],[48,-64],[10,-76],[-12,-237],[25,-28],[10,-71],[31,-21],[53,-101],[55,-44],[42,-118],[-27,-92],[28,-250],[56,-48],[27,-57],[-35,-17],[-26,-47],[-60,-23],[-23,-30],[-36,4],[5,-48],[-23,-63],[-28,-9],[-1,-43],[-17,-52],[-26,-29],[-19,-92],[-39,-54],[-49,-48],[-70,-46],[-92,2],[-49,16],[-71,-20],[-2,70],[-71,4],[-60,44],[-31,-5],[-55,16],[-23,-29],[-109,-36],[-95,-53],[-21,-36],[-39,-6],[-40,-26],[-5,-47],[-58,-7],[-17,-32],[-51,1],[-50,-17],[-8,-19],[-100,-21],[-15,18],[-96,3],[-30,-18],[-41,25],[-47,-46],[-65,-6],[-26,-35],[-80,14],[-14,-34],[-79,-26],[-86,-18],[-124,21],[7,-45],[-44,-78],[15,-34],[-136,-152],[-35,11],[-37,-32],[-91,-7],[-39,-45],[-59,-38],[-17,-28],[-35,8],[-41,-15],[-53,17],[236,-208],[58,16],[62,-9],[66,36],[63,12],[27,-33],[35,2],[37,-27],[66,-13],[66,-47],[69,-132],[48,-46],[70,-11],[120,45],[42,-6],[28,23],[67,10],[32,32],[47,6],[78,50],[77,-4],[34,-54],[78,-3],[59,-36],[106,19],[13,-21],[127,-19],[70,25],[13,-44],[41,10],[58,-21],[60,40],[6,27],[49,12],[23,59],[70,47],[87,32],[68,-26],[27,10],[32,15],[11,35],[133,37],[40,-15],[73,14],[56,-23],[126,5],[51,-4],[53,18],[24,-663],[25,-28],[-5,-96],[-27,-83],[-40,-40],[-32,-7],[-31,-32],[-1,-28],[-70,-34],[26,-65],[61,-25],[25,-37],[45,-4],[-4,-90],[51,16],[28,-19],[-15,-79],[-29,-48],[18,-48],[-216,17],[-482,-596]],[[69719,67319],[-42,-38],[-29,5],[-75,-46],[-87,27],[-97,-29],[-26,-21],[-47,23],[-43,-39],[-17,-35],[-52,-22],[-35,-46],[-36,49],[-43,-22],[-31,-36],[-56,13],[-23,-20],[-93,-9],[-22,-40],[-68,-65],[-54,14],[-12,-71],[-39,-9],[-2,-35],[-39,-7],[-7,-44],[-50,19],[-31,-50],[-1,-62],[-29,-5],[-14,-32],[13,-52],[-24,-65],[7,-29],[-51,-40],[0,-54],[-40,-48],[4,-39],[-31,-13],[7,-33],[36,-27],[-53,-34],[47,-30],[-20,-31],[-30,3],[-4,-104],[-53,-88],[11,-47],[-33,-36],[37,-51],[-16,-13],[-2,-54],[-42,-65],[26,-41],[-27,-43],[4,-82],[-68,-63],[7,-47],[-62,-51],[-26,-45],[-40,-18],[-6,-99],[-30,-38],[-4,-40],[-22,-39],[2,-49],[-38,-34],[-6,-53]],[[67992,64994],[-40,-15],[5,-26],[-31,-37],[11,-27],[-34,-53],[6,-66],[-14,-46],[20,-18],[-46,-68],[9,-38],[-39,-79],[-58,-34],[0,-16],[68,-43],[-26,-21],[-52,-9],[-43,-30],[-14,-87],[-39,-121],[-60,-4],[-1,-37],[-63,-27],[-5,-59],[-40,11],[-74,-65],[1,-28],[-54,-62],[36,-28],[1,-26],[-34,-25],[-32,-44],[14,-22],[-36,-27],[5,-44],[-36,-60],[9,-60],[55,-67],[27,-67],[32,-31],[-3,-33],[22,-35],[-9,-38],[25,-36],[15,-52],[-11,-123],[72,-120],[-19,-18],[16,-45],[-10,-52],[15,-14],[-15,-81],[17,-35],[-26,-40],[11,-54],[27,-38],[-3,-25],[74,-41],[35,5],[56,-50],[61,-105],[-7,-47],[32,-58],[-4,-60],[-101,-141],[8,-27],[-32,-38],[11,-100],[28,-17],[-1,-49],[-18,-68],[7,-72],[-18,-41],[39,-111],[-3,-94],[-61,-92],[-12,-67],[-32,-79],[10,-11],[11,-93],[27,-37],[8,-41],[-27,-140],[-26,-33],[-23,-82],[15,-83],[-18,-87],[-23,-19],[-28,-56],[-3,-39],[-35,-17],[-26,-34],[-14,-47],[-34,-13],[-28,-61],[23,-102]],[[67415,60202],[-66,26],[-54,-5],[-24,-24],[-28,49],[-13,146],[-12,17],[-54,-12],[-126,-81],[-79,17],[-71,-17],[-70,77],[-39,34],[-72,-5],[-77,-25],[-97,22],[-34,-28],[-97,39],[-39,124],[-88,101],[-61,11],[-28,75],[1,75],[-49,76],[14,38],[-13,53],[28,40],[-31,34],[7,45],[6,74],[-46,29],[28,28],[-37,24],[6,43],[-47,81],[-71,-33],[-70,6],[-19,30],[24,68],[-17,33],[-47,25],[-87,-4],[-29,21],[-3,61],[-18,60],[96,71],[15,35],[2,56],[36,64],[-2,49],[30,5],[103,69],[-94,101],[0,24],[40,39],[-34,39],[-47,-14],[-22,36],[-62,9],[-52,56],[4,43],[36,40],[-26,3],[-54,47],[-73,-17],[-74,3],[-45,-43],[-48,21],[17,64],[-23,40],[-74,68],[-29,83],[-58,-4],[-23,21],[1,41],[61,61],[-23,52],[22,72],[-8,33],[-70,23],[10,56],[-32,56],[-73,15],[-97,31],[14,32],[-13,77],[46,8],[-22,41],[-45,7],[-86,-46],[-32,17],[-43,-18],[-65,33],[-34,-5],[-53,24],[39,35],[-1,36],[27,20],[-58,41],[56,9],[30,48],[24,-1],[21,59],[-13,32],[57,19],[24,34]],[[64919,63600],[22,75],[-26,11],[-16,51],[36,29],[44,-20],[44,41],[56,6],[0,45],[37,64],[-5,100],[-30,34],[-2,28],[-32,63],[34,2],[7,45],[66,56],[-5,43],[-66,55],[10,66],[17,35],[7,58],[46,50],[49,20],[6,35],[34,27],[-15,49],[14,39],[-11,62],[45,29],[41,-14],[45,61],[12,155],[22,46],[51,-27],[27,12],[53,-18],[51,75],[51,18],[18,21],[44,9],[70,36],[57,-24],[66,15],[50,-7],[34,12],[26,51],[39,30],[24,46],[-1,97],[49,83],[-26,39],[-31,10],[-8,38],[54,131],[7,46],[45,33],[9,48],[-27,36],[2,102],[-22,23],[-10,51],[-68,62],[-74,25],[-31,74],[-101,62],[-65,-6],[-42,-26],[-28,21],[-30,-35],[-57,-7],[-28,18],[-92,-43],[-23,11],[-65,-74],[-56,1],[-80,-37],[-26,21],[-37,-31],[-16,35],[-56,-80],[-52,14],[-14,-27],[-72,-38],[-2,-50],[-20,-34],[-64,-21],[-20,-50],[-110,35],[-38,66],[-7,57],[-86,65],[-10,66],[-25,-12],[-22,95],[-47,-8],[-4,78],[-31,3],[-19,36],[-79,78],[-24,37],[-90,46],[7,58],[-43,98],[-83,72],[-50,-4],[20,41],[8,62],[-70,10],[2,29],[35,26],[-47,68],[-31,15],[-23,39],[-35,-24],[48,-41],[-29,-37],[-41,5],[-13,48],[13,90],[-53,33],[13,46],[-25,17],[-72,14],[33,39],[-6,42],[-82,18],[-44,-19],[-1,89],[-42,31],[-16,109],[-59,9],[-51,-17],[-31,-26],[-66,27],[18,42],[33,32],[110,45],[80,52],[28,65],[-10,65],[-42,74],[-95,70],[-144,-3],[-65,-87],[-44,-11],[-26,26],[-44,90],[-40,55],[-112,55],[-29,55],[4,71],[50,52],[54,30],[107,-40],[38,20],[41,56],[22,78],[58,84],[17,76],[53,57],[40,17],[44,51],[1,87],[53,100],[3,84],[-31,75],[-24,22],[30,118],[56,100],[-9,91],[9,67],[-12,47],[71,128],[15,50],[-6,63],[22,67],[30,27],[3,57],[41,55],[21,34],[-43,134],[59,158],[3,107],[75,157],[-19,93],[-39,54],[-52,126],[-25,138],[8,97],[4,82],[-46,103],[45,180],[-5,146],[-16,29],[-11,69],[-58,134],[-54,67],[-19,45],[9,64],[46,123],[-34,288],[-30,62],[-126,149],[-58,-7],[-57,11],[-44,15],[-113,96],[-188,108],[-58,5],[-142,-22],[-39,27],[-57,85],[0,116],[-17,71],[-27,24],[-102,50],[-176,18],[-42,-15],[-73,-67],[-72,-23],[-80,24],[-159,13],[-67,30],[-68,53],[-92,32],[-49,30],[-66,7],[-78,70],[-36,14],[-235,-43],[-49,-22],[-79,5],[-25,-12],[-67,-70],[-26,-99],[0,-52],[-38,-73],[-53,-64],[-57,9],[-52,55],[-67,14],[-47,-36],[-13,-63],[-19,-22],[-44,13],[-59,-3]],[[86912,75259],[68,-41],[26,7],[64,-14],[44,-108],[20,-72],[48,-88],[84,-71],[89,-110],[103,-98],[100,-63],[64,-12],[105,45],[57,-58],[231,-82],[60,-35],[24,6],[42,-25],[69,-69],[33,-58],[68,-205]],[[88311,74108],[-248,-67],[-216,-58],[-48,-14],[-417,-103],[-117,-191],[-47,-113],[-193,-448],[-7,-12],[-65,-151],[-2,-35],[-15,-33],[-59,-63],[-27,-94],[-43,-42],[-39,-63],[-14,-64],[-8,-26],[-46,-11],[-33,-47],[-71,6],[-29,-12],[-10,-128],[37,-64],[-53,-29],[-24,-73],[-63,-13],[10,-44],[-27,-63],[-81,-53],[-38,-46],[-18,-123],[104,-30],[-23,-40],[-12,-41],[-85,-117],[-43,-30],[-14,-40],[9,-34],[-11,-88],[-54,-67],[-33,-37],[-22,-17],[3,-40],[-46,-7],[-129,-114],[-37,-43],[-1,-84],[-52,-57],[-75,-52],[-28,23],[-52,1],[-60,-28],[-31,32],[-11,53],[-43,2],[-98,-65],[-2,-57],[-45,-35],[-24,-35],[-11,-70],[-60,-57],[-12,-42],[-35,0]],[[85267,70615],[14,42],[-6,34],[-47,0],[-44,19],[-37,56],[-53,-9],[-80,-85],[-72,-31],[-71,-69],[-99,27],[-24,90],[37,77],[-61,62],[-50,-32],[-43,24],[-41,-20],[-16,-29],[-31,-3],[-32,22],[-19,-23],[-47,2],[-12,21],[-49,7],[-49,27],[0,72],[-104,10],[-46,-33],[-19,-30],[-2,35],[-27,41],[15,69],[-14,61],[-46,16],[-21,-15],[-62,-6],[-21,22],[-16,47],[-106,38],[-27,-9],[-43,16],[-39,65],[-47,-9],[-33,-9],[-40,19],[-20,-84],[-56,2],[-44,-23],[-74,-19],[-40,18],[-57,-20],[-46,11],[-62,54],[27,72],[-34,15],[24,54],[-48,43],[45,35],[26,97],[53,41],[-43,23],[-3,45],[37,73],[19,6],[-274,84],[-30,0],[-22,67],[-45,61],[4,38],[32,-3],[43,79],[-65,34],[-74,54],[-37,-16],[-60,37],[-42,-2],[-25,22],[-43,-1],[-28,-47],[-52,-7],[-38,-39],[10,92],[-73,-4],[-35,-30],[-43,21],[4,28],[-121,16],[-20,47],[-57,-25],[-102,44],[-35,-29],[-51,-120],[-100,-8],[-28,-27],[-61,21],[-46,-20],[-37,23],[-45,-10],[-32,28],[-33,-2],[-25,-24],[-59,6],[-16,-20]],[[81580,72035],[-11,14],[0,101],[-46,31],[42,36],[57,17],[52,71],[5,47],[-29,14],[-7,56],[-61,9],[15,48],[-27,39],[2,44],[-28,21],[7,54],[33,101],[-10,19],[60,24],[25,55]],[[38110,67639],[-87,-98],[-95,-164],[-1,-89],[-23,-79],[10,-67],[39,-119],[1,-62],[-91,-84],[-29,-60],[-69,-76],[-9,-107],[-23,-59],[-96,-84],[-91,-44],[-31,-58],[24,-53],[3,-109],[44,-94],[57,-64],[23,-144],[81,-140],[-9,-85],[4,-58],[-66,-49],[-12,-39],[23,-101],[-22,-58],[4,-102],[-18,-36],[30,-53],[-7,-61],[-71,-41],[-13,-119],[-54,-94],[-33,-27],[-21,-62],[-17,-9],[-28,-62],[4,-63],[27,-59],[-15,-79],[50,-63],[-115,-278],[61,-44],[68,37],[79,11],[54,-27],[6,-20],[-69,-44],[-98,-110],[-49,-33],[-34,8],[-31,-24],[-1645,-10],[-3108,17],[-2796,-5]],[[29826,63943],[-55,10],[-56,107],[7,62],[-57,39],[-56,22],[-76,-7],[-19,51],[-69,-19],[4,-38],[-21,-35],[-62,-63],[-76,1],[-52,39],[-39,-38],[2,-82],[-30,-25],[-13,-37],[10,-37],[-16,-34],[9,-56],[-47,-24],[-56,-1],[-7,-30],[-59,-15],[-118,19],[-14,-14],[-29,97],[-16,27],[-42,17],[-23,61],[-104,3],[-57,-27],[-65,19],[-72,159],[15,55],[-56,59],[16,40],[-39,55],[-46,35],[12,19],[46,0],[4,22],[-33,97],[-35,-11],[-61,11],[-34,25],[-63,13],[-59,-52],[-2,-24],[36,-61],[-25,-25],[-111,75],[-15,38],[39,80],[-20,45],[-8,75],[-40,13],[-29,46],[6,40],[-13,82],[22,100],[-12,41],[-46,35],[-116,14],[-80,83],[-32,-16],[-19,-34],[-34,-18],[-42,-48],[-74,110],[-30,148],[-18,-8],[-39,40],[-35,-1],[-25,32],[-95,58],[-24,96],[-56,49],[-5,38],[29,52],[-46,134],[-49,32],[-75,90],[-102,49],[-57,2],[-55,80],[-21,-2],[-60,49],[-1524,-1],[-289,18],[-13,-120],[11,-35],[-109,-133],[11,-50],[-18,-53],[-56,-94],[-89,-55],[-40,-48],[-4,-23],[62,-107],[-57,-53],[-65,-130],[-43,-32],[-82,70],[-109,44],[-58,-34],[-38,-68],[-50,10],[-30,-16],[-3,-146],[-76,-56],[-2,-26],[81,-39],[8,-44],[-78,-67],[6,-53],[65,-70],[-5,-61],[54,-23],[-3,-42],[-51,-87],[-48,35],[-16,35],[-33,-8],[-12,-82],[-33,-22],[-1,-40],[-33,-48],[6,-19],[-46,-66],[19,-57],[-95,13],[-66,-45],[-72,30],[-44,-68],[-4,-85],[36,-74],[-15,-39],[-54,-58],[23,-77],[-7,-62],[20,-144],[-15,-14],[-61,-4],[-140,-82],[-77,10],[-111,-20],[-35,42],[39,117],[-33,14],[-136,-46],[-160,-77],[-209,2],[-109,-32],[-22,-54],[-55,-17],[-74,25],[-71,-21],[-29,54],[-38,14],[-35,-15],[-41,-47],[-73,-21],[-55,80],[-78,7],[-130,-66],[-40,-43],[-17,-37],[-55,1],[3,-80],[-42,-118],[-16,-10],[2,-61],[13,-16],[34,-169],[-32,-52],[-8,-39],[-42,-39],[-22,-56],[-56,3],[-34,-33],[-4,-34],[-26,-28],[17,-38],[-39,-6],[-42,-35],[9,-39],[-43,-70],[-59,3],[-34,-21],[8,-41],[-60,-19],[-70,-36],[-83,51],[-22,30],[32,76],[-55,26],[19,78],[-50,90],[-6,79],[-84,54],[-90,-32],[-39,-43],[-102,-57],[-21,-35],[-63,-4],[-38,-39],[-56,52],[-56,20],[-18,-87],[3,-64],[-25,-78],[32,-49],[27,-99],[-59,-30],[-27,29],[-22,-35],[-63,7],[-8,57],[-38,3],[-80,62],[-99,22],[-108,-50],[-19,-35],[-72,-11],[-3,-126],[-37,-18],[-66,-132],[-15,-10],[-49,24],[-15,-39],[-34,9],[-15,-29],[-55,-21],[-13,37],[-31,21],[-17,82],[-55,-5],[4,40],[-33,15],[-50,60],[-76,9],[-46,93],[-48,29],[-45,59],[-39,0],[-38,23],[-96,5],[-42,-41],[-154,24],[-73,-30],[-46,-36],[-75,22],[-93,-9],[-39,48],[-74,-4],[15,-51],[-56,-12],[-28,44],[-54,-19],[-28,27],[-52,-25],[-82,50],[-14,-39],[45,-39],[14,-47],[-5,-115],[-75,-65],[-38,-74],[-134,-120],[-14,-82],[-87,-25],[-35,-38],[-83,-39],[-56,22],[-36,-41],[-146,-87],[-16,-49],[-81,-57],[-79,-11],[-41,19],[-13,-98],[-61,-59]],[[17271,61340],[-92,41],[-697,317],[-460,203],[-2063,924],[-1324,601],[-632,326],[-1051,592],[-277,159]],[[10675,64503],[-506,291]],[[81580,72035],[-6,-26],[-40,-48],[60,-75],[98,-42],[11,-180],[27,11],[25,-107],[52,14],[70,-23],[25,-45],[-90,-72],[44,-20],[58,-51],[59,13],[47,30],[23,-23],[-37,-37],[98,-75],[0,-102],[-43,-68],[-74,-56],[-40,-68],[-102,-86],[-15,-33],[16,-19],[61,57],[67,-42],[-104,-29],[-106,-139],[-5,-47],[-38,-49],[-56,-9],[-16,-36],[-53,-46],[3,-35],[32,0],[-9,-49],[-33,-25],[-4,-37],[-25,-26],[-3,-57],[-22,-41],[2,-31],[-31,-34]],[[81506,70172],[-63,46],[-76,-3],[-16,-24],[-90,-12],[-47,-38],[-32,9],[-49,-42],[-46,22],[-78,-10],[-89,-34],[-25,-36],[-27,-1],[-42,-34],[-4,-61],[-56,-44],[-3,-17],[-120,-38],[-34,-95],[-65,0],[-102,-24],[-41,-29],[-78,5],[-32,-30],[-4,-45],[-22,-47],[-31,-29],[-44,2],[-55,-20],[-200,4]],[[79935,69547],[1,32],[-62,132]],[[79423,72612],[59,-11],[38,33],[-11,39],[-48,52],[1,50],[41,42],[14,55],[-38,52],[20,82],[-53,55],[43,36],[-23,72],[18,52],[-30,32],[25,43],[-3,75],[14,29],[-25,45],[-70,68],[-44,201],[-13,112],[-20,60],[1,130],[84,113],[9,60],[-36,105],[-27,139],[-100,101],[-47,81]],[[74723,69574],[-26,-93],[7,-34],[-14,-50],[-72,-89],[-70,-35],[-30,-69],[-26,-26],[-62,-18],[-42,2],[-49,32],[-37,4],[-57,-59],[-98,-31],[-78,42],[-89,9],[-71,-8],[-81,-78],[-81,-13],[-90,9],[-35,-54],[-57,4],[-6,-43],[-69,-24],[-61,13],[-24,-18],[-67,28],[-23,53],[-38,40],[-87,31],[-17,69],[-46,30],[-26,-25],[-29,27],[-69,33],[-44,43],[-76,30],[-62,-7],[-123,13],[-33,2],[-36,-31],[-38,34],[-55,-61],[-97,-30],[-76,-56],[-63,16],[-44,-50],[-30,17],[-10,35],[-29,25],[-64,-39],[-110,-8],[-48,-20],[-16,-43],[3,-60],[-43,-33],[-29,46],[-66,-7],[8,-44],[34,-43],[-4,-29],[-33,-4],[-26,44],[-34,-73],[-58,-27],[-25,-37],[-5,-99],[-56,-6],[-21,-93],[-67,-83],[-31,0],[-30,2],[-4,-46],[-40,-67],[10,-79],[-73,-114],[-26,-3],[-38,24],[-81,-33],[-44,4],[-56,-32],[-49,-46],[-86,-28],[-66,-55],[-46,-20],[-23,-58],[-23,-21],[-81,-14],[-26,-59],[-51,-43],[-1,-25],[-57,-85],[-49,-13],[-11,-23],[-41,-14],[-41,-77],[-25,-88],[-57,-9],[-50,32],[-20,61],[-93,-45],[-13,19],[-73,26],[-16,-41],[-62,-25],[-9,-38],[-42,-55],[-75,-6],[-47,-75],[-8,-39],[-77,-12],[-26,-21],[-39,3],[-12,2]],[[88311,74108],[104,-166],[77,-60],[42,-49],[14,4],[70,3],[53,35],[52,-18],[55,-40],[52,-13],[87,51],[42,-11],[50,38],[105,-75],[96,-6],[47,-43],[127,-169],[71,-46],[100,-33],[14,-26],[40,-2],[72,-38],[42,10],[95,-12],[61,-22],[-15,42],[115,-2],[58,16],[66,0],[2,40],[58,2],[154,-30],[118,-44],[58,22],[89,-44],[1,-16]],[[90583,73406],[35,-22],[8,-41],[-50,-9],[61,-67],[20,-107],[4,-225],[-225,99],[-2,-149],[23,-92],[-189,-27],[-3,-32],[27,-96],[-86,-449],[385,-182],[82,-72],[218,515],[-107,107],[221,4],[145,49],[-240,-320],[45,-98],[210,-205],[-86,-164],[-43,-216],[23,-22],[-6,-59],[-11,-44],[-43,-20],[-39,16],[-15,53],[-70,-51],[-45,38],[-65,-107],[-24,5]],[[90741,71416],[-26,6],[0,119],[-17,5],[-57,-69],[-87,-19],[-34,-67],[-90,-8],[-25,-88],[33,-105],[-64,-54],[9,-23],[-21,-49],[-26,-5],[-90,25],[10,-62],[-184,-23],[-268,-131],[-50,7],[-23,7],[-72,-38],[-58,13],[-22,32],[12,48],[-39,22],[-93,-3],[-34,61],[-32,-31],[-78,-6],[37,55],[-52,84],[-35,9],[-29,55],[-24,-11],[-68,5],[-23,26],[-49,-6],[-34,92],[-29,10],[-21,38],[38,70],[44,54],[-67,47],[-26,-19],[-105,2],[-50,-14],[-55,-326],[-171,91],[-2,-39],[-41,-17],[-12,-38],[12,-29],[-37,-43],[16,-27],[-10,-35]],[[88522,71014],[-28,-27],[-64,27],[-52,-10],[-20,36],[-50,4],[-49,-73],[-61,-18],[-55,7],[-80,-60],[-82,0],[-13,-106],[-103,-3],[-84,-43],[-54,23],[-111,-39],[-39,-40],[-21,23],[-58,2],[0,-36],[-81,-60],[-62,-35],[-55,20],[-22,-6],[-31,36],[-22,-1],[-94,1],[-24,-40],[5,-31],[-48,-35],[-2,-40],[22,-65],[46,-18],[-81,-72],[-45,36],[-48,-14],[-12,-50],[-36,-23],[-14,-23],[23,-22],[-63,-86],[-74,-66],[-40,1],[-17,23],[-55,-20],[-67,-8],[-14,-50],[-84,-20],[-38,-39],[16,-52],[-29,-22]],[[86452,69900],[-34,3],[9,43],[-42,7],[-41,-19],[-29,-64],[-18,-52],[-79,-54],[-23,1],[-39,56],[7,36],[-35,12],[-68,-34],[-28,29],[-82,-13],[-16,-4],[-106,-8],[-25,25],[-30,-4],[-46,75],[-34,8],[7,33],[-48,-36],[-33,6],[-3,47],[-28,52],[-37,18],[-44,-4],[-43,-38],[-34,-8],[-83,13],[10,77],[-19,75],[23,59],[-56,-34],[-33,7],[-29,-74],[-19,-12],[-45,36],[-39,3]],[[85140,70163],[24,43],[-34,18],[-10,80],[26,42],[-12,56],[34,15],[98,126],[-20,43],[21,29]],[[59874,68954],[-77,-69],[-84,-48],[-52,-11],[-29,-38],[-61,-45],[-19,-92],[58,-203],[-1,-229],[25,-217],[-5,-52],[-48,-84],[-58,-140],[-88,-116],[-269,-330],[-15,-121],[6,-66],[129,-278],[76,-48],[136,-113],[45,-54],[54,-40],[91,-36],[26,-53],[-36,-53],[-5,-43],[9,-184],[-15,-86],[-30,-57],[15,-82],[-2,-134],[-55,-67],[-19,-90],[8,-44],[-13,-91],[-94,-205],[-73,-293],[-36,-56],[-133,-69],[-67,-95],[-35,-87],[-19,-148]],[[59114,64587],[-25,-84],[-106,-91],[-67,-149],[-19,-47],[-129,-178],[-44,-91],[-74,-109],[-221,-43],[-109,-112],[-37,-16],[-62,-83],[-54,-105],[-118,-122],[-19,-81],[-29,-58],[-11,-40],[-72,-120],[-31,-25],[6,-52],[-86,-69],[-55,-77],[-67,-8],[-26,-89],[-79,-53],[-31,-60],[-12,-68],[7,-85],[-31,-72],[-59,-79],[-37,-113],[10,-63],[-16,-22],[33,-44],[11,-51],[-42,-68],[0,-56],[-49,-68],[-28,-17],[-2,-69],[-24,-52],[-2,-54],[-25,-44],[-88,-118],[-44,-187],[-21,-24]],[[57130,61271],[-1486,104],[-1109,71],[-2286,167],[-876,66]],[[51373,61679],[-1235,94]],[[64919,63600],[-20,22],[-47,0],[-39,62],[-61,30],[-28,-48],[-27,-6],[-39,28],[-18,-41],[-44,-25],[-26,-38],[-25,41],[-59,-5],[-98,-64],[-43,-5],[-36,-22],[-4,-72],[-27,-112],[-19,-31],[29,-54],[-25,-48],[15,-13],[-12,-108],[-38,-24],[26,-108],[-70,-117],[9,-27],[-29,-35],[-82,-11],[6,-31],[-39,-49],[-38,5],[12,38],[-42,18],[-21,37],[-119,44],[-50,-43],[-30,14],[-74,-50],[-57,21],[-21,-27],[31,-54],[-38,-39],[-71,-35],[-88,35],[-45,-73],[-52,1],[-6,-44],[-31,-20],[-68,55],[-66,7],[-34,30],[-28,10],[-15,-50],[-55,35],[-56,-7],[-68,7],[-22,-35],[-63,-47],[-25,8],[-37,41],[-66,-16],[-621,-287],[-59,39],[-16,46],[6,42],[-32,129],[-31,50],[-72,22],[-59,-51],[-36,51],[-28,-1],[-16,38],[-69,12],[-32,46],[31,101],[42,67],[13,93],[71,126],[-58,21],[-56,-6],[-36,53],[-25,88],[-62,-8],[-26,25],[-37,-18],[-87,37],[-53,-27],[-27,56],[-47,-37],[-50,10],[-31,-21],[-1,-49],[-36,-14],[0,-37],[-37,-24],[-106,-41],[-29,-33],[-28,4],[-84,68],[-30,-35],[-22,-63],[-18,2],[-55,-41],[-31,-8],[-14,-57],[-273,316],[-29,19],[-114,-5],[-55,-32],[-14,17],[-73,22],[-16,16],[-57,-8],[-22,32],[-36,-1],[-37,72],[-54,7],[-27,28],[-41,10],[-16,25],[-39,-3],[-12,39],[-80,69],[-50,20],[-34,31],[-59,-23],[-33,0],[4,43],[-19,48],[2,35],[-58,14],[-42,70],[58,60],[3,63],[39,42],[10,69],[-27,117],[-27,68],[-102,140],[-50,75],[-36,33],[1,41],[-27,5],[-17,68],[-32,28],[-71,7],[-36,-13]],[[90583,73406],[96,10],[32,18],[238,-2],[73,13],[61,35],[59,31],[68,14],[22,20],[139,26],[75,-7],[116,-47],[264,-37],[18,3],[64,-36],[123,-37],[21,5],[149,-50],[45,25],[116,-60],[192,-58],[53,-59],[22,-46],[97,-58],[53,-63],[27,-55],[38,-67],[35,-168],[43,-51],[38,5],[24,-37],[-2,-43],[43,-50],[9,-83],[40,-51],[28,-2],[-1,-65],[13,-32],[22,-97],[44,-54],[-1,-88],[27,-49],[0,-127],[57,-49],[-27,-105],[20,-48],[7,-56],[32,-45],[2,-181],[20,-32],[42,-20],[-11,-86],[17,-86],[52,-28],[18,-38],[31,-58],[-7,-113],[30,-23],[-9,-38],[7,-209],[9,-71],[26,-13],[27,-85],[70,-13],[18,-25],[5,-127],[7,-55],[-17,-18],[45,-132],[65,-16],[30,-70],[22,-101],[9,-123]],[[93803,69868],[-24,-2],[-33,-37],[-62,0],[-95,-66],[-80,76],[-49,-21],[-28,-60],[-53,-57],[-61,-14],[-57,19],[-34,23],[-27,62],[-26,-39],[-52,-7],[-53,-26],[-139,0],[-21,16],[-87,21],[-38,90],[-47,21],[-69,5],[-42,22],[-41,-25],[-32,17],[-88,6],[-49,-11],[-29,-30],[-56,17],[-46,66],[-90,16],[-62,19],[-47,-5],[-62,-56],[-40,3],[-106,-33],[-128,-8],[-49,9]],[[91701,69879],[-251,-26],[-37,20],[-33,-10],[-62,11],[-9,35],[-24,41],[-51,15],[-21,33],[-27,-55],[-35,-8],[-3,92],[-27,14],[-35,-56],[-177,31],[-117,-2],[-70,-2],[-6,36],[-40,44],[-37,3],[-31,28],[-1,31],[43,46],[16,40],[-17,86],[-9,9]],[[90640,70335],[-15,65],[25,21],[11,43],[-12,33],[56,128],[-105,177],[4,94],[43,96],[39,39],[28,72],[22,24],[5,289]],[[85140,70163],[-45,-16],[-26,-34],[73,-34],[49,15],[65,-23],[-52,-48],[-25,-60],[-29,-17],[-4,-33],[-47,-72],[-55,-44],[5,-55],[-77,-117],[32,-60],[-42,-29],[-25,-62],[25,-36],[-12,-49],[-52,-64],[-12,-46],[50,-27],[14,-73],[55,-57],[37,-13],[-9,-29],[-61,9],[17,-36],[-35,-10],[-8,-42],[-54,-16],[0,-55],[-32,-52],[-51,-5],[-9,-27],[-123,-66]],[[84677,68780],[-47,15],[21,52],[3,42],[-196,23],[111,37],[-17,114],[-29,49],[32,57],[-51,84],[-1,43],[-29,0],[-35,29],[-3,31],[52,49],[-71,140],[10,49],[-19,30],[-80,10],[-22,31],[-13,-117],[-87,-88],[-21,36],[-51,35],[-14,-28],[-66,22],[-28,-4],[-18,-41],[-35,-17],[1,-31],[-64,-19],[78,-50],[17,-32],[-91,-25],[-21,-18],[-75,0],[-17,53],[-35,52],[-61,2],[-8,123],[-39,49],[-53,8],[-44,47],[-24,-3],[-130,52],[-44,-56],[1,-42],[35,-19],[41,-53],[-4,-48],[-20,-21],[-2,-47],[-58,-36],[-27,-77],[-28,-25],[35,-28],[57,-7],[-3,-29],[-69,-45],[-47,5],[-77,30],[-23,22],[-72,-87],[-53,-18],[-82,12],[-31,38],[-40,-22],[-92,25],[-29,-19],[-7,-33],[-30,-14],[-33,34],[-50,-23],[-23,2],[38,85],[-25,22],[-65,6],[-4,58],[-16,15],[-5,82],[-39,108],[-44,16],[-43,-20],[-31,23],[-44,-12],[-54,39],[-54,-36],[3,-45],[-85,-80],[-55,-33],[-11,55],[-77,4],[-14,19],[-134,-74],[-22,-34],[-54,28],[-33,51],[-65,-7],[15,14],[0,78],[-21,3],[-39,47],[-64,3],[-24,15],[41,42],[4,38],[35,31],[-10,84],[-49,59],[-22,58],[35,144],[41,17],[-79,52],[-36,43],[-20,84]],[[90640,70335],[-51,56],[-89,-51],[-34,-33],[-89,54],[-91,-178],[-160,12],[1,-41],[-18,-39],[-8,-36],[-27,-32],[-27,-71],[5,-113],[43,-54],[66,-22],[13,-55],[48,-16],[30,-21],[32,-60],[-17,-75],[-54,-77],[-27,61],[-42,11],[-46,43],[-29,-4],[-4,-23],[1,-37],[-30,-64],[-21,-87],[11,-20],[-45,-60],[31,-61],[38,-5],[19,-30],[45,-24],[-3,-34],[23,-45],[-31,-70],[-58,-33],[-22,-47],[-21,-27],[39,-19],[-49,-68],[-4,-75],[-45,-11],[-55,-42],[-120,13],[-48,-1],[-48,22],[-20,-32],[31,-74],[-46,-9],[-33,-35],[-26,31],[-37,-12],[-47,66],[-3,56]],[[89491,68737],[-10,18],[22,56],[-17,47],[59,77],[22,29],[-1,90],[-49,-43],[-35,17],[-20,37],[5,89],[-57,24],[-38,-14],[-30,75],[-28,4],[-75,-27],[-103,-38],[-117,-90],[-3,12],[-50,218],[-53,-21],[-80,-60],[-80,-65],[45,-4],[3,-36],[-70,-67],[-55,-37],[-21,36],[-85,42],[-25,-41],[-38,-2],[-38,-62],[-41,-17],[-48,-1],[-52,40],[-21,14],[-10,83],[-36,26],[14,48],[13,40],[-54,47],[-50,22],[-3,34],[-92,-24],[-37,8],[-61,43],[-76,-18],[-138,-16],[22,96],[-26,51],[4,59],[-12,29],[9,111],[-2,56],[79,-9],[21,8],[47,-19],[54,48],[10,72],[-17,36],[13,52],[-13,51],[-15,112],[101,182],[132,114],[62,72],[2,75],[75,75],[142,142],[31,-25],[37,7],[-53,133],[42,156]],[[89491,68737],[-268,-229],[-3,-125],[183,65],[60,38],[22,-41],[47,-94],[-34,-19],[-110,-124],[-92,-6],[-126,-53],[-75,10],[-49,-1],[-1,-29],[-92,-17],[-64,-47],[0,-28],[-41,-58],[23,-70],[-149,-286]],[[88722,67623],[-127,41],[-23,29],[-49,-4],[-28,70],[-47,38],[-63,22],[-27,31],[-64,0],[-37,-5],[-43,-35],[-93,-4],[-61,-80],[15,-46],[-72,-36],[-50,-20],[-71,9],[-35,-15],[-67,16],[-52,-17],[0,-41],[22,-36],[-51,-72],[-24,-5],[-8,-37],[-28,-86],[-57,-18],[-56,-40],[-89,-40],[-5,-41],[-36,-13],[-75,16],[-51,-39],[6,-48],[-79,-52],[-32,4],[-11,-47],[-26,-32],[-24,-26],[-4,-35],[-49,-13],[-34,33],[-20,-24],[-24,-21],[-69,-5],[-48,-19],[-48,-70],[-55,-36],[18,-51],[-59,5],[-19,-47],[-39,-28],[-11,-39],[-26,-25],[-16,-17],[-53,7],[-52,15],[-45,-47],[-48,33],[-49,-2],[-18,-31],[-1,-59],[25,-37],[-28,-28],[-94,21],[-52,43],[-10,-7],[-76,39],[-53,-68],[-216,40],[-42,31],[-43,4],[10,52],[35,64],[-46,32],[-54,-9],[-26,55],[-68,0],[-65,-40],[-52,2],[-5,-25],[-51,-7],[-59,29],[-40,-20],[-9,-32],[-84,11],[-62,-26],[-45,27],[-33,-21],[-36,39],[-1,35],[-41,45],[-3,35],[-87,93],[-24,-1],[-34,61],[-71,41]],[[84795,66966],[17,87],[56,10],[64,50],[32,115],[3,41],[37,39],[-38,63],[101,8],[-4,35],[47,24],[4,93],[13,50],[63,99]],[[85190,67680],[36,-5],[59,-82],[37,-1],[35,-31],[16,32],[90,47],[14,75],[23,39],[4,2],[12,27],[61,-4],[16,95],[76,86],[31,76],[7,69],[96,47],[27,70],[-53,-3],[-58,70],[-77,75],[55,27],[81,14],[13,53],[-27,110],[133,0],[129,-43],[172,6],[102,-18],[3,16],[79,31],[-7,74],[43,54],[38,15],[45,-4],[72,27],[22,21],[-36,68],[-20,95],[-39,92],[32,36],[-49,80],[1,106],[-14,31],[38,52],[-1,100],[54,69],[64,49],[35,4],[23,19],[-8,37],[17,37],[-39,52],[4,42],[-40,27],[-92,-16],[-25,42],[43,60],[-91,71]],[[84677,68780],[24,-72],[-24,-30],[44,-25],[12,-32],[-24,-40],[-31,-14],[173,-86],[30,-42],[8,-59],[50,-65],[-14,-47],[-37,-54],[3,-97],[-28,-52],[75,18],[39,-14],[49,-19],[0,-62],[7,-35],[74,-46],[79,26],[-1,-46],[22,-24],[23,-58],[-37,-65],[-3,-60]],[[84795,66966],[-61,-76],[-3,-30],[-47,11],[-47,-15],[-21,-24],[-70,16],[-10,-34],[22,-49],[-29,-53],[-46,-6],[-55,23],[-29,-35],[0,-57],[-31,-11],[-50,19],[-60,-38],[-16,-57],[15,-36],[-60,-89],[-3,-40]],[[84194,66385],[-84,14],[-22,61],[-18,10],[-29,-39],[-62,19],[-23,-48],[-65,-48],[9,54],[-7,70],[-30,49],[-2,63],[-67,100],[-26,21],[-66,8],[-90,66],[-84,-26],[-17,40],[-41,45],[-37,1],[-44,-3],[-24,25],[19,31],[2,52],[41,52],[-23,17],[-43,69],[-11,66],[-17,30],[-74,56],[-43,55],[-101,57],[-97,45],[-57,12],[-42,66],[-78,47],[-97,66],[-83,97],[-108,37],[-35,35],[-227,-28],[-75,-28],[-63,9],[-32,-10],[-57,19],[-86,-38],[-42,5],[-11,2],[-84,-25],[-72,-6],[-60,-64],[-73,10],[-78,48],[-136,-21],[-44,-9],[-69,-60],[-14,-1],[-77,63],[-102,135],[-91,25],[-74,-6],[-79,-75],[-42,-74],[-64,-20],[-163,91],[-43,2],[-94,50]],[[80466,67751],[7,159],[40,172],[15,162],[74,106],[79,116],[-23,40],[69,34],[-52,33],[18,146],[-25,75],[16,75],[-4,32],[53,24],[9,26],[40,30],[7,35],[30,46],[-46,14],[-67,-47],[-36,3],[-47,83],[-20,69],[-52,59],[-103,-15],[-73,38],[-187,54],[-37,58],[-82,-8],[-95,22],[-55,50],[-2,37],[18,68]],[[91278,66481],[-38,31],[-55,10],[-32,31],[-78,4],[-59,-15],[-64,-78],[-35,72],[-27,9],[-61,-21],[7,40],[-33,23],[-65,-42],[-18,-34],[-41,-32],[5,-46],[-19,-13],[-44,52],[-78,3],[-87,16],[-32,-28],[-51,21],[-63,-16],[-27,-50],[10,-88],[-27,-29],[26,-21],[-24,-43],[-15,-12],[4,-19],[-107,0],[-29,-11],[-86,47],[-76,-3],[-22,-49],[14,-38],[-16,-60],[-80,30],[-37,-103],[-8,-179],[-71,-45],[36,-47],[40,-34],[-38,-37],[-63,-11],[-29,-23],[-35,-8],[20,-44],[-37,-7],[-49,-37],[-63,-8],[-8,-40],[-22,-18],[-62,20],[-38,-11],[-27,-31],[-103,-35],[-50,-38],[-51,-20],[-33,-49],[-27,-24],[-49,-11],[-18,-59],[-106,2],[-24,-6],[-38,28],[-19,42],[-29,22],[-91,-4],[1,65],[34,20],[-35,29],[-21,-24],[-89,-31],[-42,10],[7,87],[54,55],[-108,47],[31,40],[-19,28],[39,54],[-13,46],[14,45],[-35,46],[-3,34],[20,63],[-19,66],[-45,11],[-40,33],[1,59],[-37,23],[-31,-21],[3,-33],[-106,12],[-33,-10],[-45,18],[-50,-8],[-54,-30],[-43,12],[18,73]],[[88080,66126],[77,10],[23,24],[0,47],[50,29],[103,74],[-6,72],[60,14],[-20,72],[63,33],[47,26],[63,-6],[15,32],[-12,18],[49,64],[-28,48],[-14,61],[-46,44],[-7,48],[-55,48],[-16,36],[52,52],[1,37],[41,84],[58,20],[36,59],[47,12],[50,47],[45,-3],[20,27],[65,8],[54,34],[18,-17],[46,36],[-50,71],[-45,53],[-6,29],[32,47],[-49,14],[-8,39],[-45,15],[-35,-26],[-8,50],[-23,15]],[[91701,69879],[-20,-35],[-6,-56],[-30,-96],[48,-44],[0,-68],[37,-49],[14,-72],[-5,-49],[-43,-27],[-53,-13],[-55,-1],[-6,-39],[-59,-60],[68,-33],[8,-20],[-22,-84],[-21,-19],[134,-44],[84,9],[-2,-61],[12,-34],[-11,-44],[124,-74],[52,-4],[79,-16],[148,-70],[69,-35],[33,-46],[32,-107],[48,-4],[40,27],[20,-45],[-9,-94],[52,6],[68,-8],[23,-62],[4,-62],[24,-63],[-13,-21],[20,-65],[-15,-11],[-125,-13],[-81,54],[-124,16],[2,-41],[35,-58],[36,-7],[12,-40],[77,-27],[30,-44],[44,-8],[-14,-69],[-23,-29],[-16,-58],[-133,-127],[41,-52],[130,-134],[-41,-30],[-11,-74],[-28,-68],[-76,-111],[-6,-108],[-20,-30],[4,-81],[31,-47],[-15,-24],[-43,-2],[-26,20],[5,-24],[-20,-57],[34,-64]],[[76214,69613],[-167,-249],[-80,74],[-307,-152],[-24,11],[-142,-102],[-42,-56],[-211,-308],[95,0],[101,-63],[-18,-255],[395,116],[114,-335],[1,-133],[-53,-63],[82,3],[38,-439],[104,6],[140,-201],[149,-57],[10,-18],[68,-122],[-34,-230],[-254,163],[-84,-197],[-43,-59],[-42,39],[-94,16],[-65,49],[-38,-4],[-21,193],[-44,-1],[-28,59],[-53,-27],[72,-356],[156,-404],[-98,-60],[-119,-15],[-39,139],[27,147],[-87,173],[-40,14]],[[75539,66909],[-1,154],[-262,-34],[-1,-67],[-25,-48],[-80,19],[-10,-55],[-28,-49],[-71,-66],[-83,43],[-59,-64],[-48,-126],[293,-410],[20,-264],[147,-289],[-192,-1714],[-677,-1],[-660,3],[-1341,-2]],[[72461,63939],[479,1044],[-392,541],[-20,-111],[16,-44],[-23,-34],[28,-56],[-39,-23],[10,-68],[-24,-32],[-2,-53],[-87,-56],[2,-83],[-45,-76],[-3,-29],[-81,-108],[2,-57],[-26,-42],[-31,-9],[-4,-39],[-45,-60],[-33,-2],[-49,32],[-41,-54],[-4,-55],[-17,-36],[-446,-45],[0,103],[-450,241],[-1075,559],[2,-95],[58,-68],[-1,-54],[15,-54],[-27,-89],[-5,-47],[-19,-12],[-29,-151],[-70,-106],[9,-64],[-37,-235],[15,-60],[-8,-170],[-43,-110],[-2,-47],[-43,-99],[-39,-29],[-20,-39],[-43,-41],[-4,-37],[-49,-66],[-70,-65],[-62,-17],[-45,-52],[-69,-47],[-40,-53],[-101,-93],[-76,-87],[-71,-133],[-75,-67],[-41,-81],[-196,-184],[-341,139],[-25,6],[-47,80],[-1,32],[-46,59],[-1,70],[13,24],[-39,65],[-25,20],[-21,62],[11,29],[35,6],[62,67],[28,63],[-1,32],[50,28],[27,71],[75,86],[32,18],[25,39],[48,44],[17,102],[-19,72],[18,114],[-15,33],[7,63],[32,81],[-8,67],[-76,85],[-11,44],[-37,28],[-29,63],[-48,39],[-30,-3],[-56,22],[-19,43],[-71,25],[-67,37],[-35,39],[-46,-18],[-45,7],[-44,33],[8,24],[-53,56],[-10,55],[-49,56],[-62,35],[6,17]],[[80466,67751],[-128,-204],[-56,-41],[-108,-17],[-27,-34],[-25,-52],[-98,-21],[-24,-29],[-11,-43],[32,-100],[140,-214],[-9,-105],[-72,-183],[16,-113],[52,-26],[174,13],[110,-49],[21,-30],[11,-53],[-23,-58],[-93,-98],[22,-52],[50,-51],[-25,-72],[7,-31],[-143,-343],[29,-72],[4,-39],[-28,-30],[-79,28],[-23,-46],[-55,-11],[-6,-40],[-76,-65],[-16,-53],[-53,-4],[-37,-39],[-44,-8],[-47,-26],[6,-110],[-31,-61],[-64,-5],[-7,-40],[8,-63],[-42,-48],[-53,4],[-4,36],[-25,19],[-58,0],[10,-70],[-42,-40],[16,-53],[-57,-63],[-97,76],[-32,47],[-51,-4],[-17,-54],[-83,-36],[-23,-74],[0,-44],[-66,20],[-13,-70],[-28,-47],[-69,-56],[-58,19],[-52,-133],[-23,-21],[-45,2],[-32,-22],[13,-76],[-17,-34],[-49,-9],[-42,-36],[-86,2],[-65,-90],[-60,-33],[-46,3]],[[78444,64176],[-386,610],[-138,144],[-263,274],[-153,735],[-569,115],[-266,226],[-258,-137],[-156,-144],[-221,-205],[-383,99],[-180,560],[-35,310],[103,146]],[[93803,69868],[9,-301],[7,-93],[36,-105],[39,-18],[-3,-82],[7,-51],[-27,-38],[50,-46],[41,-236],[44,-63],[35,-24],[39,-5],[-32,-86],[34,-88],[-40,-28],[3,-70],[21,-51],[11,-2],[51,89],[-22,67],[31,0],[10,-103],[-10,-61],[-33,-64],[32,-45],[-9,-64],[29,-32],[0,-51],[29,-37],[39,-24],[-2,-106],[-20,-38],[-6,-75],[16,-102],[-7,-98],[19,-30],[-20,-138],[-22,-184],[18,-43],[-26,-33],[12,-69],[-40,-92],[-20,-1]],[[94050,68554],[1,45],[44,-1],[-5,-46],[-40,2]],[[51373,61679],[-18,-129],[-51,-73],[-14,-45],[-121,-65],[-62,2],[-107,-76],[-56,-119],[-63,-61],[-72,-42],[-20,-64],[-67,-53],[-14,-70],[-66,-42],[-49,-44],[-27,-43],[-61,-32],[-37,-70],[12,-58],[-29,-86],[17,-45],[26,3],[19,-58],[-16,-79],[9,-38],[28,-31],[-8,-45],[43,-29],[-4,-88],[-19,-20],[-125,-27],[-73,-120],[-33,-130],[-14,-115],[-45,-125],[3,-164],[67,-25],[10,-66],[-96,-101],[-9,-93],[30,-49],[-24,-59],[-15,-132],[-6,-38],[-50,-82],[-3,-28],[-24,-35],[-64,-23],[-110,-7],[-78,-29],[-32,-60],[-41,-19],[-61,-55],[-57,-88],[6,-109],[78,-108],[-15,-81],[52,-39],[15,-75],[39,-52],[6,-29],[5,-131],[-55,-78],[31,-78],[-24,-33],[-46,-16],[-50,-80],[-39,-12],[-61,-101],[-84,-90],[-43,-97],[-22,-15],[-47,28],[-38,-20],[-7,-85],[-66,-89],[-19,-47],[-37,40],[-13,-50],[-21,-9],[-33,-53],[-68,-54],[31,-44],[-11,-28],[-47,-17],[-28,-35],[6,-81],[-81,-195],[-14,-75],[52,-193],[-2,-79],[33,-47],[19,-70],[43,-43],[2,-38]],[[49143,55901],[-27,-51],[-31,10],[-63,-19],[-19,-38],[-65,-14],[32,-64],[-48,4],[-37,-44],[-2,-46],[-93,-26],[-36,35],[-40,0],[5,-51],[-63,-31],[-45,-62],[-48,-48],[-2,-35],[-45,-37],[-32,-95],[-24,3],[-33,-44],[-12,-58],[-35,-13],[-20,-40],[-41,4],[-66,70],[-50,-43],[-77,23],[-39,-45],[-7,-59],[-66,3],[-66,-105],[-33,0],[-28,-53],[-3,-45],[-63,-46],[-22,28],[-62,-27],[4,-18],[-46,-92],[0,-29],[-43,-31],[26,-22],[-47,-39],[18,-123],[-48,-9],[-15,-34],[-66,-84],[-53,0],[-67,-50],[-31,-50],[-49,-54],[-16,-68],[-30,-51],[-8,-66],[19,-23],[-19,-59],[-34,-9],[15,-54],[-20,-22],[-12,-58],[33,-98],[19,-26],[-17,-33],[29,-162],[-29,-18],[-17,-84],[-32,-41],[4,-40],[-38,-7],[22,-41],[-112,-84],[20,-13],[-27,-59],[19,-74],[-49,-42],[-4,-79],[-35,-37],[-34,-71],[-6,-47],[-26,-24],[16,-49],[-32,-94],[-88,-36],[-72,-53],[-37,-178],[-61,-29],[-46,-96],[-47,-17],[-23,-29],[-16,-55],[-40,-75],[11,-107],[-59,-42],[12,-70],[20,-32],[11,-65],[-31,-42],[6,-21],[-32,-55],[29,-107],[-8,-46],[17,-28],[-21,-79],[34,-62],[1,-38],[39,-59],[-62,-63],[-77,-11],[-145,-132],[-822,437]],[[45412,51384],[36,25],[-1,69],[-53,31],[-24,-39],[-39,42],[-45,-8],[-26,15],[-33,66],[-71,28],[-26,28],[-95,-28],[-39,57],[-48,-5],[-2,50],[-45,3],[-51,22],[-17,48],[-2,97],[-42,38],[-37,-25],[-44,7],[-2,25],[30,30],[-32,28],[9,110],[-68,11],[-29,-32],[-26,26],[36,77],[-54,42],[-33,-51],[-34,5],[-51,60],[-4,86],[-123,21],[-18,35],[-68,0],[-15,-26],[-71,-51],[-42,-59],[-10,-34],[-107,61],[-27,-3],[-34,-33],[-65,21],[-33,45],[-35,1],[16,-44],[35,-30],[9,-49],[23,-19],[82,-27],[42,-53],[-8,-57],[34,-56],[13,-49],[34,-21],[19,-62],[-5,-33],[56,-77],[1,-36],[50,-87],[-17,-41],[19,-40],[-13,-29],[10,-59],[-7,-37],[30,-30],[36,-2],[32,-22],[-7,-74],[57,-50],[-19,-19],[28,-86],[32,-30],[-9,-78],[15,-39],[-31,-71],[-4,-39],[29,-40],[4,-51],[30,-35],[-3,-82],[-88,-48],[-10,-26],[-157,32],[-47,-31],[-51,1],[-55,-46],[-66,-91],[7,-22],[-14,-99],[-41,-24],[-104,-7],[-55,-31],[-59,-9],[3,-32],[-48,6],[-38,-58],[-51,0],[-52,-30],[-23,21],[-38,-42],[-50,-7],[-12,-28],[-51,15],[-23,-28],[-109,-20],[-31,24],[-4,126],[-37,51],[-63,-14],[-30,12],[-38,-13],[-36,7],[-27,-32],[-120,45],[-34,-35],[-59,-2],[-55,56],[-43,23],[5,27],[-45,84],[-58,32],[16,43],[-14,91],[-44,25],[-27,72],[-35,8],[19,61],[-40,28],[22,69],[-38,30],[-34,47],[3,43],[-80,56],[1,16],[35,42],[-37,62],[18,59],[-26,42],[53,45],[27,45],[-11,96],[-48,135],[12,45],[-55,13],[20,62],[-151,91],[-1,33],[-48,11],[-53,50],[-22,47],[0,74],[-56,79],[-52,14],[-4,41],[-23,35],[-54,4],[-9,69],[7,63],[-41,36],[-7,60],[-29,65],[3,81],[-50,85],[-36,12],[-57,158],[-28,6],[-5,47],[-42,19],[19,30],[-45,43],[20,37],[-28,38],[27,49],[-10,53],[41,17],[-16,83],[4,71],[-25,4],[-43,80],[-23,104],[29,58],[-23,73],[-23,15],[-64,111],[0,87],[-34,10],[-34,37],[-17,65],[-30,27],[3,63],[-43,7],[-12,46],[-82,67],[1,50],[20,17],[-18,109],[-34,20],[-42,-11],[-11,28],[13,57],[-26,36],[-2,91],[-21,16],[14,47],[-25,32],[36,28],[-13,60],[-49,14],[11,49],[-27,41],[10,75],[-22,63],[53,13],[-57,37],[-59,10],[-35,47],[-47,17],[9,75],[-20,66],[-30,32],[-45,26],[20,53],[-18,60],[-35,51],[-33,83],[-71,92],[-5,76],[-23,35],[-28,70],[-25,26],[-7,75],[-51,100],[-23,133],[-34,25],[-63,20],[-21,43],[-52,36],[-95,102],[-78,-44],[-41,7],[-23,69],[33,46],[-36,41],[-51,-42],[-59,25],[1,47],[34,25],[12,32],[-35,48],[-1,26],[47,57],[-64,25],[-6,46],[55,32],[-16,44],[-71,-27],[-25,48],[16,48],[51,55],[22,91],[-74,51],[-9,69],[-80,39],[13,32],[-104,86],[-24,44],[-66,1],[-13,92],[-37,55],[-73,-1],[-12,53],[27,35],[-12,28],[20,30],[-36,70],[-48,-23],[-40,97],[-32,34],[-71,20],[-62,-55],[-49,12],[-12,76],[-23,39],[11,52],[-19,31],[20,140],[-51,10],[19,128],[-13,79],[-130,97],[-33,46],[8,95],[-49,36],[-48,-38],[-31,17],[-20,64],[-92,28],[12,112],[25,46],[5,62],[-10,50],[-44,62],[-117,71],[-14,86],[-31,31],[-59,-1],[-65,51],[-96,-4],[-77,82],[-78,53],[-46,21],[-78,-7],[-18,33],[-8,56],[-53,86],[-80,38],[-73,106],[-82,62],[3,-42],[-29,-53],[5,-58],[-75,-98],[-74,-69],[-30,-85],[78,-118],[8,-39],[-17,-49],[39,-68],[18,-59],[-11,-63],[100,-178],[-8,-77],[-37,-42],[-21,-60],[29,-39],[7,-62],[18,-25],[-16,-34],[-1,-63],[-49,-30],[-46,-71],[39,-85],[-5,-31],[22,-62],[32,-36],[37,-95],[-28,-72],[38,-74],[-7,-57],[-59,-45],[6,-41],[-39,-34],[-4,-27],[10,-79],[47,7],[53,-30],[-25,-83],[20,-35],[-15,-101],[2,-102],[8,-43],[43,-46],[5,-41],[-36,-48],[3,-43],[-17,-47],[-38,-14],[-76,-57],[-13,-173],[-57,-18],[-19,-27],[15,-69],[20,-17],[26,-124],[7,-170],[-28,-104],[-52,-47],[-23,-69],[0,-120],[-36,-35],[-39,10],[-31,-34],[-89,-36],[-62,-129],[-68,-46],[-29,18],[-23,-18],[-8,-51],[-27,2],[-30,-36],[-32,7],[-88,-16],[-53,-103],[-30,16],[-28,-72],[-67,-53],[-40,3],[-82,-52],[-30,-46],[-62,-26],[-38,-52],[-67,-15]],[[36355,55207],[-97,-18],[-19,7],[-59,-26],[-57,3],[-56,-38],[-61,-9],[-99,-41],[-94,-109],[-51,-26],[1,-19],[-60,-94],[-64,-33],[-50,26],[-20,61],[-83,71],[-73,0],[-31,39],[-144,22],[-42,1],[-42,-20],[-52,11],[-40,-17],[-25,13],[-162,-7],[-30,-25],[-106,4],[-78,-29],[-46,11],[-13,-28],[-75,26],[-81,-13],[-70,-24],[-36,24],[-60,-51],[-54,2],[-51,-36]],[[34175,54865],[-271,246],[-13,-1],[-45,151],[26,40],[1,138],[-31,46],[-27,14],[-13,39],[-79,57],[-18,61],[-23,7],[29,54],[-17,83],[-31,41],[17,42],[-21,37],[7,44],[-63,49],[-92,-12],[-63,32],[-8,55],[-27,7],[-29,107],[11,64],[-11,56],[-22,34],[-10,77],[10,18],[-12,85],[-12,17],[19,54],[11,117],[-12,62],[68,78],[70,48],[11,35],[63,59],[26,44],[73,49],[22,77],[76,18],[45,43],[15,101],[-14,37],[19,39],[-24,92],[-54,16],[-22,24],[-21,107],[-34,50],[2,76],[42,38],[-40,24],[-42,73],[31,11],[20,63],[-88,0],[-23,-21],[-51,16],[-54,-3],[-20,52],[-22,21],[-29,-35],[-40,21],[-71,-8],[-41,26],[-44,-10],[-33,-38],[-87,22],[-27,27],[-101,9],[-4,71],[-45,17],[-39,-20],[-41,-46],[-18,1],[-14,-68],[-61,38],[-44,1],[-30,63],[-25,5],[1,61],[-38,16],[-41,-12],[21,65],[-29,21],[-24,48],[-1299,-7],[-1322,16],[49,18],[22,149],[16,35],[-21,73],[3,92],[29,17],[-7,36],[22,35],[-18,38],[32,30],[23,-45],[28,82],[-11,60],[-18,20],[18,56],[-44,43],[12,54],[30,19],[7,67],[-26,34],[32,57],[-11,81],[35,89],[-30,29],[-5,108],[26,68],[20,106],[-36,24],[-63,89],[3,57],[-24,8],[-15,46],[-38,2],[-47,63],[22,16],[-78,133],[6,103],[35,40],[2,43],[-48,34],[-55,17],[45,190],[-4,58],[69,53],[59,126],[20,108],[-5,106],[40,48],[1,68],[-20,85],[-38,21],[17,62],[-54,21],[36,75],[3,47],[-104,56]],[[29847,61587],[52,28],[49,-12],[31,38],[33,12],[9,29],[-11,48],[31,7],[40,85],[-46,4],[-18,28],[22,77],[-38,48],[6,63],[-13,30],[-33,-12],[-54,46],[56,37],[-88,39],[-37,34],[-8,34],[75,108],[-27,42],[20,36],[-49,41],[-87,21],[-39,1],[2,61],[34,58],[-10,24],[8,63],[-37,-5],[-14,44],[12,24],[69,3],[54,47],[125,-17],[-7,33],[18,101],[-44,101],[-40,52],[-9,44],[8,58],[37,105],[24,24],[6,57],[41,112],[51,99],[51,51],[-38,29],[-19,55],[-46,54],[-6,69],[-23,47],[-47,-2],[-61,46],[-36,7]],[[84194,66385],[30,-60],[5,-57],[38,-24],[8,-30],[59,-61],[1,-47],[44,-26],[-7,-33],[27,-22],[-14,-37],[-35,-35],[-19,-24],[-7,-60],[-26,-25],[25,-36],[5,-42],[68,43],[34,-33],[30,-66],[-24,-52],[21,-45],[-35,-79],[9,-33],[-27,-42],[61,-46],[58,10],[39,-29],[-12,-33],[-77,-104],[-19,-3],[-129,-107],[56,-48],[3,-53],[26,-28],[13,-73],[27,-19],[44,-66],[-21,-63],[50,-78],[88,-53],[9,-28],[35,-26],[-1,-39],[27,-48],[228,-60],[61,-50],[10,-25],[29,-36],[3,-56],[19,-14],[-51,-82],[-35,-119],[-18,-163],[13,-55],[-2,-159],[-29,-46],[-60,-27]],[[84849,63633],[-5,74],[-29,77],[-76,40],[-152,142],[-118,12],[-44,2],[-201,-51],[-57,28],[-35,67],[-100,78],[-74,13],[-202,53],[-49,49],[-29,-38],[-46,-12],[-72,4],[-36,60],[-7,45],[15,83],[-15,29],[-43,33],[-17,73],[-40,55],[-127,6],[-36,32]],[[83254,64587],[-29,30],[-43,6],[-70,-20],[-45,-54],[-49,-8],[-13,-38],[-35,-28],[-100,-27],[-189,-125],[-35,-15],[-106,-7],[-79,-3],[-15,-53],[45,-162],[-9,-33],[15,-55],[-10,-25],[-52,-30],[-121,15],[-103,-65],[-80,16],[-165,-41],[-24,-75],[56,-111],[14,-85],[-36,-79],[-39,-32],[-89,-138],[-37,-42],[-52,-17],[-45,-16],[-162,-5],[-29,-39],[-126,-82],[-84,10],[-15,33],[-91,76],[-45,21],[-38,0],[-46,-35],[-34,-51],[-42,-163],[20,-74],[-39,-179],[-82,-194],[6,-59],[-55,-68],[-36,-5],[-47,17],[-49,46],[-59,-20],[-43,-106],[-33,-44],[-104,34],[-50,-20],[-24,-28],[-14,-56],[-20,-26],[-48,-25],[-44,2],[-64,-40],[-146,39],[-77,43],[-76,19],[-76,-29],[41,65],[-13,41],[54,32],[-9,76],[20,41],[2,46],[-46,56],[41,48],[50,-22],[26,51],[49,18],[17,49],[-34,66],[33,54],[32,136],[-43,55],[-66,-5],[-48,40],[-59,11],[-14,33],[-34,16],[-65,6],[-38,44],[-13,110],[-16,18],[-6,53],[-42,72],[1,77],[-23,11],[-12,63],[-36,20],[-33,68],[-4,46],[-44,55],[-16,37],[-65,-25],[-50,41],[-23,14],[-52,-14],[-46,-39],[-28,24],[15,69],[-27,56],[-45,-2],[-28,15],[-37,-9],[-51,10],[-24,57],[-38,38],[14,64],[25,37],[-153,-18],[-121,16],[-28,-38],[-53,-3],[-51,-39],[-68,26],[-58,-4],[-58,51]],[[10675,64503],[-49,-105],[-10,-52],[-57,-54],[-12,-40],[-96,-102],[-52,12],[-4,33],[-109,-95],[-31,-72],[-20,9],[-81,-61],[22,-103],[-88,-55],[1,-53],[-47,-15],[-33,-86],[-49,-26],[-24,-82],[-82,-85],[-62,-12],[-31,32],[3,43],[-80,-13],[-51,30],[-21,35],[-77,-4],[-22,-27],[-46,-18],[-15,-45],[-41,-7],[-20,-26],[-87,17],[-28,18],[-92,-52],[-16,-40],[-43,-32],[-37,14],[-14,-40],[-53,0],[-49,103],[-46,-15],[-54,20],[-22,27],[-66,-26],[-42,31],[-40,-11],[-43,-33],[-41,-58],[14,-54],[-55,-70],[0,-43],[-33,-4],[-41,-57],[-44,24],[-60,-14],[-28,-19],[-126,-138],[-86,-122],[-90,-80],[-24,-81],[29,-144],[-8,-82],[-31,-75],[-199,-70],[-74,-40],[-94,-79],[-94,21],[-67,-17],[-68,-59],[-108,-131],[-244,-220],[-17,-129],[-140,-166],[-7,-157],[-18,-82]],[[6905,61294],[-36,-60],[-74,-52],[-44,-108],[-30,-53],[-28,-23],[-13,-50],[-40,-7],[-61,15],[-15,-38],[-29,0],[-88,-35],[-24,2],[-51,49],[-60,-33],[-27,-40],[-1069,1],[-867,2],[0,37],[44,28],[16,26],[-12,62],[-29,9],[-3,37],[80,113],[-35,44],[0,47],[-25,36],[35,75],[-58,43],[-95,20],[-30,31],[-38,-9],[-21,30],[-41,12],[17,59],[-5,33],[31,59],[-2,38],[17,48],[-34,42],[17,67],[-44,-1],[-42,36],[12,156],[-32,15],[-58,-20],[-55,60],[4,32],[-28,25],[-76,13],[-56,36],[-43,-14],[-38,18],[-35,-29],[-79,19],[-65,-30],[-65,65],[-76,7],[-113,44],[-46,8],[-34,-23],[-29,35],[-66,0],[-39,24],[-17,47],[-1185,-6],[44,59],[10,72],[76,27],[22,45],[46,53],[66,21],[-26,64],[40,34],[29,62],[64,43],[39,-28],[78,55],[33,57],[-42,12],[-12,28],[35,31],[90,45],[44,90],[0,90],[14,45],[-20,86],[-20,39],[49,54],[-82,37],[-58,141],[-34,18],[-95,-2],[-19,17],[-51,118],[-1,47],[-39,14],[-36,37],[-6,79],[-47,62],[-27,115],[-90,99],[-48,-5],[-40,19],[-51,-20],[-32,6],[-99,63],[-18,70],[-32,3],[-4,41],[-65,-1],[-5,49],[38,203],[-2,104],[-115,37],[-30,-16],[-30,54],[-26,94],[-72,9],[-95,40],[-10,35],[-49,2],[-74,81],[18,86],[-25,43],[9,65],[-85,103],[-15,49],[-38,13],[20,84],[-14,78],[20,38],[-27,77],[-31,28],[-20,43],[-39,31],[20,47],[-9,45],[-46,48],[-54,-14],[-23,10],[-25,85],[-22,28],[-47,2],[-34,-22],[-33,34],[-11,76],[-54,60],[47,25],[-32,56],[12,32],[46,-38],[69,-7],[33,17],[38,63],[-4,181],[-132,102],[-196,41],[-54,107],[-43,-2],[-58,61],[-5,55],[-49,18],[-57,42],[-87,104],[-36,3],[-15,57],[5,33],[97,12],[44,125],[23,32],[-19,35],[-10,74],[-86,161],[9,32],[31,1],[17,-36],[30,23],[52,-66],[96,-2],[23,25],[19,56],[84,31],[58,-18],[65,27],[25,-39],[92,48],[42,61],[1,29],[-39,65],[4,86],[-24,33],[-71,51],[-12,77],[-83,98],[-13,42],[140,-68]],[[88080,66126],[-50,39],[-41,-16],[-50,0],[-21,-22],[-50,-4],[-72,-12],[-8,-18],[-67,-22],[-86,-9],[-51,-52],[-79,27],[0,20],[78,78],[-5,54],[-87,121],[-55,-53],[-2,0],[-26,-8],[-72,-105],[-28,-69],[-52,-44],[-22,-41],[-46,-37],[-84,-20],[-21,14],[-61,-62],[-13,-71],[-45,-26],[-6,-342],[13,-38],[-68,-58],[-24,-45],[11,-30],[-25,-54],[13,-61],[-12,-61],[-89,-111],[34,-34],[44,-4],[71,47],[45,7],[28,21],[24,-20],[-20,-61],[25,-16],[-159,-467],[-155,-41],[-49,-37],[-13,-45],[-66,-35],[-70,29],[-57,-14],[40,-56],[5,-705],[65,-167],[41,37],[80,22],[107,87],[51,-3],[20,36],[68,40]],[[86936,63609],[-32,-127],[-34,-56],[-34,-29],[-33,-74],[-21,15],[-39,-16],[-5,-29],[-105,-115],[-6,-32],[-41,-38],[-18,-60],[-21,-15],[-92,-5],[-11,-24],[-48,-8],[-38,-16],[-56,6],[-32,-21],[-33,-46],[-68,-52],[-29,-58],[0,-29],[-4,-29],[-44,-64],[-66,-24],[-81,-80]],[[85945,62583],[-30,99],[-88,201],[-26,37],[35,22],[-7,29],[-80,102],[-5,54],[41,48],[-38,18],[-13,37],[69,54],[19,39],[-73,126],[-60,0],[-43,-25],[-80,-80],[-52,-16],[-77,31],[-84,65],[-47,50],[-25,55],[-6,69],[35,42],[55,39],[23,92],[-23,39],[-83,52],[-92,19],[-50,-25],[-77,-129],[-10,-183],[-54,-80],[-38,-2],[-61,31],[-41,71],[-10,69]],[[78444,64176],[-39,6],[-26,-16],[-27,-46],[-42,-130],[-25,-57],[-25,9],[-90,-113],[-37,-2],[-16,-44],[-40,-43],[9,-38],[-35,-24],[-23,-66],[-32,-26],[-3,-61],[-46,-22],[-12,39],[-84,-5],[-39,-36],[-12,-32],[-102,-16],[-3,-35],[-25,-23],[-77,2],[-34,-12],[-15,-66],[-6,-135],[-156,-137],[0,-43],[-48,-62],[-43,-136],[-52,12],[-26,0],[-35,-41],[-40,-10],[-39,-54],[-65,38],[-26,0],[-40,39],[-66,-45],[-51,42],[-34,-17],[-56,4],[-29,-9],[-70,-58],[-84,-16],[-108,5],[-65,-19],[-49,24],[-40,-14],[-61,-56],[-50,3],[-65,-20],[-22,-42],[-75,-49],[-12,-70],[-148,-88],[-12,-68],[-56,-54],[-60,8],[-31,-9],[9,-55],[-14,-27],[-74,-22],[-66,18],[-46,-15],[-47,11],[-79,-112],[-79,-1],[-53,-20],[-35,10],[-45,36],[-24,2],[7,-66],[-61,-66],[-37,-18],[-18,-71],[-122,-13],[-33,104],[4,53],[-48,28],[-61,-36],[-78,98],[-54,-4],[-43,22],[-38,125],[7,62],[-2,50],[-67,58],[-67,-17],[-88,-7],[-22,46],[-44,-11],[-20,30],[-40,3],[-38,38],[-15,-20],[-17,-21],[-35,30],[-28,-4],[-33,-86],[-43,-25],[-55,54],[-65,-31],[-60,-1],[-35,-31],[-36,68],[-46,21],[-35,45],[-59,8],[-74,82],[-24,57],[-66,93],[-76,42],[-64,-3],[-106,-70],[-46,-46],[-22,-8],[-66,15],[-62,-16],[-36,-164],[-60,-32],[-103,-81],[-150,-37],[-69,-42]],[[72622,62272],[-215,351],[-314,510],[281,617],[87,189]],[[29847,61587],[-64,56],[-15,30],[-90,-58],[-109,-32],[-53,-31],[-53,15],[-65,-7],[-37,30],[-37,-7],[-15,-48],[10,-54],[-33,-53],[3,-51],[-81,-33],[-11,-55],[18,-37],[-32,-76],[-23,-12],[-39,-56],[44,-173],[-37,-72],[5,-30],[-27,-67],[-37,-17],[-9,52],[-29,55],[12,36],[-68,106],[-41,-5],[-22,-90],[-75,-76],[54,-90],[-1,-46],[-26,3],[12,-69],[-47,-32],[20,-62],[-39,-7],[-35,27],[-23,-64],[-53,-24],[-27,-46],[-79,-26],[-23,16],[-37,-80],[-27,-24],[-23,-140],[6,-148],[42,-61],[-1849,-1731],[-98,-8],[-38,12],[-52,-4],[-92,-24],[-80,6],[-61,-56],[-63,15],[-96,-65],[-42,3],[-36,28],[-40,1],[-37,-35],[17,-29],[-13,-30],[-27,-7],[-64,-55],[-45,-60],[-89,-6],[-41,30],[7,29],[-68,77],[-10,28],[18,34],[-29,30],[-58,-27],[-48,7],[0,38],[-71,21],[-47,49],[-81,-5],[-34,12],[-46,-40],[-67,-8],[-15,-35],[-5,-70],[23,-51],[45,-31],[13,-62],[47,-105],[-28,-136],[-62,-39],[7,-71],[-55,-69],[-6,-50],[33,-30],[24,-85],[-51,-23],[-60,-82],[-68,-10],[-27,-100],[2,-134],[-20,-32],[-7,-88],[40,-101],[-12,-20],[-79,-15],[-24,-50],[-31,46],[-18,-55],[-49,-52],[-131,4],[-7,-34],[-48,-10],[-29,11],[-71,-32],[-78,-15],[-52,-64],[-21,-11],[-25,-48],[-58,24],[-49,-29],[-27,10],[-69,-29],[-23,-40],[-42,15],[-71,-42],[-11,47],[-29,3],[-7,-50],[-89,-16],[-79,-96],[-27,-61],[-4,-53],[-52,-112],[-46,-37],[-100,-1],[-25,-38],[-54,-27],[-49,-63],[40,-17],[-48,-67],[-57,-8],[-36,-50],[-54,15],[-62,-72],[-65,-54],[2,-52],[-29,-69],[-58,-5],[-88,-91],[25,-33],[-25,-45],[-49,-39],[-1,-24],[-42,-26],[-46,36],[-28,-46],[-53,-6],[-11,62],[-23,26],[-61,6],[-20,-16],[-19,-79]],[[22587,55186],[-52,3],[-136,57],[-53,8],[-42,38],[-12,53],[5,65],[43,71],[-28,35],[-30,-3],[-41,-30],[12,-47],[-7,-52],[-27,-47],[-26,-1],[-25,32],[28,83],[-6,26],[-69,42],[-37,-5],[-43,-79],[-26,-8],[-23,37],[0,33],[35,43],[39,25],[4,35],[-41,87],[-31,25],[-91,-5],[-95,-41],[-31,20],[-44,70],[-43,-18],[-21,-47],[-22,11],[-40,54],[-68,-11],[-15,28],[22,44],[-37,22],[38,50],[25,108],[-26,28],[-81,14],[-26,35],[22,115],[3,96],[-47,130],[-2,41],[-24,32],[-29,3],[-62,-36],[-131,-3],[-8,-17],[31,-55],[-19,-17],[-56,18],[-95,59],[-40,50],[9,27],[62,58],[31,53],[-1,32],[-31,57],[16,50],[-24,63],[50,67],[5,45],[-31,36],[-83,6],[-96,26],[-24,29],[-63,353],[15,37],[81,16],[-7,47],[-96,8],[-20,26],[-35,131],[2,72],[28,31],[58,0],[15,36],[-17,27],[-58,-3],[-34,118],[18,38],[47,43],[126,53],[9,67],[-48,62],[1,23],[73,77],[47,35],[-84,149],[45,17],[-24,134],[-105,121],[-46,37],[-66,30],[3,41],[36,-1],[14,28],[-12,67],[15,112],[-15,75],[-45,52],[-82,17],[-33,58],[14,50],[30,31],[-16,91],[-38,49],[23,67],[-30,34],[-14,47],[18,35],[45,1],[52,87],[2,72],[-27,68],[38,57],[130,139],[26,101],[39,49],[14,50],[-43,140],[16,66],[-1,99],[-44,51],[-25,69],[22,136],[-5,59],[-26,31],[0,55],[3,37],[26,61],[76,97],[5,73],[-80,64],[-18,89],[-82,171],[-79,70],[-123,43],[11,-44],[-13,-28],[-60,-42],[-43,-4],[-25,-35],[-10,-56],[10,-85],[-32,-24],[-45,30],[-17,-52],[-60,-22],[27,-64],[-105,-17],[-10,46],[-64,-33],[-15,77],[-37,-24],[-47,90],[-49,-48],[-1,-33],[-50,14],[25,49],[-19,57],[-51,16],[-36,-57],[-31,40],[-38,21],[-20,-59],[-32,-27],[-27,9],[-17,37],[28,23],[-43,24],[-59,-72],[-36,-30],[-33,16],[25,54],[-23,37],[-37,0],[-39,-34],[-30,10],[-45,-16],[-22,23],[-71,-42],[-3,-55],[-59,-11],[-61,-26],[-26,64],[-84,8],[-54,-77],[-22,22],[1,55],[-52,-18],[-54,0],[-19,14],[-47,-19],[-11,-27],[-41,-5],[-1,-59],[-47,-13],[-56,49],[-42,-48],[-48,-4],[-27,-25],[-71,34],[-9,-14],[-70,-8],[-27,-67],[-107,5],[-19,-46],[-52,41],[-63,-20],[-28,14],[-100,-20],[-35,-27],[-38,24],[-44,-9],[-62,-49],[-77,16]],[[17719,61136],[-448,204]],[[91445,63703],[-20,-3],[-113,-50],[-74,13],[-27,-12],[-44,-13],[-51,-72],[-98,-32],[3,-63],[51,-30],[-18,-59],[-38,-41],[-33,-14],[-131,-15],[-20,-57],[-43,-17],[-3,-34],[-27,-37],[-80,-3],[24,-94],[26,-12],[20,-42],[37,-27],[-82,-30],[-39,40],[-32,-17],[-56,2],[-55,-81],[-77,-47],[-24,16],[-31,-20],[-50,8]],[[90340,62860],[-73,24],[-39,-55],[-45,-27],[-36,-5],[-25,-46],[-8,-19],[-270,-91],[3,-41],[-25,-23],[-46,45],[-24,0],[-95,99],[-159,10],[-90,-55],[-102,11],[-18,30],[-50,21],[-36,-22],[-47,-12],[-52,-73],[-11,-36],[12,-38],[-39,-34],[19,-44],[-14,-18],[-40,-14],[-55,53],[-61,25],[-43,95],[-51,0],[-28,21],[-9,-30],[-11,54],[11,40],[-80,90],[-62,14],[-32,-48],[-83,-41],[-12,26],[25,68],[-95,61],[-33,-15],[-54,-49],[14,38],[-12,48],[-32,42],[1,28],[-38,50],[-48,28],[-84,145],[-43,28],[-158,75],[-83,60],[-82,3],[-58,69],[16,64],[-8,25],[-64,-4],[-32,11],[-2,12],[-34,-4],[-50,-32],[-45,6],[-64,-38],[-12,-39],[-38,-42],[-37,0],[-37,42],[-50,3],[-11,23],[9,63],[-42,56],[-9,46],[-33,34],[-31,69],[-27,17],[-14,46],[-31,34],[-30,-15],[-55,-60],[-69,-22],[12,-58],[-10,-53]],[[72622,62272],[-46,-74],[-47,-40],[-79,-149],[-2,-23],[27,-62],[-3,-67],[21,-16],[-19,-48],[35,-30],[72,-121],[9,-48],[-10,-32],[31,-89],[56,-40],[99,-40],[6,-22],[66,-12],[61,-43],[28,-39],[-58,-122],[-41,-12],[-32,-76],[42,-22],[2,-25],[-32,-69],[44,-43],[44,-17],[10,-54],[-16,-49],[-53,-40],[-5,-82],[-78,14],[-81,-7],[-34,-62],[16,-91],[-30,-118],[-49,-76],[-93,-104],[10,-68],[-11,-70],[-111,-101]],[[72371,59983],[-70,-99],[-5,-106],[-105,-7],[-46,18],[-70,37],[-48,-19],[-19,-82],[24,-79],[-63,-84],[-50,-187]],[[71919,59375],[-23,-20],[-68,-21],[-43,-88],[-26,-22],[-55,-10],[-39,32],[-35,7],[-51,37],[-62,-33],[-58,6],[-49,50],[-63,114],[-44,28],[-38,1],[-115,-132],[-64,-31],[-87,14],[-49,-79],[-79,-32],[-48,12],[-48,44],[-68,7],[-32,-17],[-56,-88],[-40,-25],[-35,-2],[-41,-2],[-17,-23],[19,-122],[-19,-67],[-40,-21],[-70,19],[-82,-44],[-24,-28],[-2,-39],[-69,-8],[-53,-97],[0,-60],[-34,-17],[-53,-63],[-40,41],[-50,-44],[-31,0],[-81,-68],[-94,74],[-10,22],[-44,18],[-62,1],[-35,47],[-99,64],[-76,-16],[-33,16],[-209,20],[-32,40],[-69,-12],[-23,26],[-28,93],[-49,25],[-79,14],[-86,72],[-27,137],[-47,76],[-67,13],[-46,54],[-2,118],[-25,45],[20,93],[-21,35],[40,54],[74,65],[10,46],[-68,46],[-14,59],[10,86],[-11,28],[-63,54],[-69,88],[-70,37],[-19,33],[-9,102],[-82,63],[-25,70],[16,59],[-5,52],[-50,73],[-38,15],[-108,-48],[-89,-70],[-93,-3]],[[67951,60468],[-28,-45],[21,-79],[-18,-65],[-32,-35],[-106,-63],[-118,16],[-90,54],[-165,-49]],[[67951,60468],[18,-31],[40,0],[-16,-55],[19,-70],[5,-108],[-45,-69],[-23,-84],[-34,-64],[-31,-25],[-111,-2],[-63,-30],[-17,-76],[27,-46],[-36,-73],[-73,5],[-55,-27],[-46,-63],[-133,-92],[-22,-48],[-55,-20],[-48,2],[-26,-19],[-7,-62],[-77,-19],[1,-49],[-16,-26],[-70,-2],[-40,-36],[-107,-29],[-26,27],[-50,-18],[-55,-60],[0,-19],[55,-66],[1,-18],[-57,-80],[-142,-73],[2,-48],[56,-40],[57,-4],[-28,-41],[-53,-40],[-79,-17],[-6,-38],[-29,-39],[-4,-57],[42,-72],[-51,-53],[-124,13],[-44,-54],[-8,-26],[-41,-5],[-49,-50],[-62,-18],[-13,-25],[-54,-22],[-2,-21],[-63,-64],[-30,-71],[-2,-64],[49,-13],[-1,-54],[33,-38],[-14,-41],[-64,-70],[-56,-14],[-24,-53],[-37,12],[1,-59],[-58,-45],[-36,-51]],[[65844,57661],[-256,317],[-92,6],[-47,62],[-41,-6],[-34,29],[-41,-17],[-50,15],[-50,-54],[-25,6],[-43,-32],[-62,0],[-48,-25],[-84,-58],[-48,-23],[-90,3],[-42,23],[-40,51],[-88,24],[-39,50],[-53,-1],[-96,154],[-106,57],[-20,39],[-85,10],[-27,52],[-37,3],[-47,-39],[-38,22],[-33,-41],[14,-137],[-30,-76],[50,-82],[-6,-31],[17,-65],[-51,-47],[-51,-19],[-39,-71],[23,-14],[-30,-70],[-33,-41],[-48,-20],[31,-16],[-27,-113],[-47,-90],[-49,-41],[-42,-75],[-18,-60],[8,-32],[-33,-73],[24,-64],[-12,-78],[43,-24],[71,-64],[18,-30],[-26,-86],[-39,-52],[44,-64],[-28,-73],[6,-49],[-41,-52],[53,-110],[-4,-26],[35,-55],[-31,-9],[-15,-87],[-55,-43],[-62,-4],[-53,-50],[-68,-37],[-31,-68],[3,-24],[43,-20],[33,3],[41,-32],[22,-61],[47,-25],[34,-46],[32,-22],[3,-35],[-69,-150],[4,-56],[-14,-14],[7,-71],[-23,-66],[7,-57],[-17,-39],[-54,-15],[-37,38],[-68,11],[-39,-50],[0,-26],[-42,-28],[-38,4],[-14,36],[-45,10],[-67,152],[-41,-52],[-30,41],[-59,-26],[-24,-29],[-29,29],[-99,26],[-57,-50],[-15,70],[71,83],[23,2],[16,74],[-14,64],[-210,-43],[-16,67],[-29,35],[36,59],[2,57],[27,47],[-33,36],[15,52],[-43,102],[-55,35],[-25,-6],[-109,36],[-44,44],[-43,9],[-35,33],[-22,99],[-28,13],[-47,-18],[-49,26],[-31,-12],[-22,20],[4,39],[-46,27],[22,61],[-114,27],[-38,45],[21,74],[-25,24],[-8,46],[-48,87],[-41,60],[-40,-28],[-67,47],[-29,60],[-80,32],[-19,98],[-22,31],[-36,3],[-44,26],[-8,25],[-47,46],[43,44],[-82,84],[-27,75],[-30,-5],[-66,32],[-26,29],[-49,110],[-51,-158],[-77,-70],[-76,18],[-14,87],[-42,56],[0,35],[-43,27],[-43,70],[-52,-23],[-221,410],[-49,-56],[-35,12],[-31,47],[-64,-35],[-54,22],[-43,53],[-59,-1],[-53,30],[-124,1],[-32,-45],[-69,-28],[-73,6],[-124,-24],[-49,29],[-187,23],[-57,140],[-40,-15],[-62,-130],[-53,23],[-62,-46],[-55,-11],[-24,78],[-51,0],[-69,-35],[-68,-4],[-104,-131],[-57,-28],[-42,-28],[-40,24],[-62,-33],[-94,12],[-42,18],[-9,28],[-44,32],[-40,-12],[-78,83],[-57,1],[-26,34],[-71,32],[-39,45],[-28,55],[-46,19],[-32,70],[-29,2],[-8,43],[-58,-19],[-4,38],[-29,0],[-38,-64],[30,-49],[-42,-2],[33,-79],[-19,-46],[46,-20],[5,-28],[75,-70],[6,-63],[21,-37],[-17,-40],[11,-36],[30,-34],[-30,-44],[-5,-31],[48,-19],[3,-66],[34,-40],[19,-100],[32,3],[21,-64],[49,-69],[-2385,-491]],[[56060,56811],[-110,7],[-61,107],[15,59],[-17,138],[7,64],[28,56],[-3,79],[39,59],[13,81],[20,45],[66,61],[37,119],[4,59],[-18,36],[4,40],[-11,55],[11,88],[39,22],[16,58],[47,38],[20,47],[-5,63],[-15,28],[0,75],[-17,48],[11,38],[-31,85],[35,56],[42,34],[-10,72],[-33,22],[-8,63],[36,89],[33,5],[8,42],[47,87],[-41,170],[-36,32],[-2,32],[50,44],[13,38],[34,46],[52,5],[18,63],[34,57],[-8,55],[20,38],[-3,57],[80,35],[-12,57],[34,162],[61,34],[17,41],[55,49],[-14,67],[102,285],[-18,113],[-23,28],[16,77],[34,59],[45,42],[11,44],[40,46],[82,57],[23,54],[11,69],[29,47],[-3,40],[28,53],[7,67],[50,95],[44,44],[1,33]],[[83254,64587],[-43,-45],[-420,-891],[475,-628],[-28,-53],[10,-79],[-33,-39],[23,-51],[4,-90],[32,-50],[-12,-41],[11,-38],[46,-18],[23,-33],[73,-50],[19,-56],[-13,-95],[17,-19],[-33,-49],[-50,-380],[69,-79],[40,8],[14,-26],[51,17],[50,-1],[24,-31],[32,18],[56,8],[23,-25],[50,-20],[29,10],[-46,-115],[-26,-12],[-61,8],[-7,-47],[-24,-49],[10,-130],[-25,-64],[16,-64],[-16,-51],[12,-303],[-11,-39],[-30,-45],[-6,-48],[-35,-25],[-29,-52],[-13,-59],[-23,-24],[19,-156],[-34,-184],[19,-76],[-415,300],[-460,91],[-187,103],[-120,143],[-100,156],[-26,0],[6,-33],[40,-6],[-3,-51],[24,-85],[-7,-89],[14,-40],[-9,-80],[10,-107],[36,-174],[-7,-54],[14,-36],[-4,-46],[54,-211],[-8,-52],[9,-111],[-11,-89],[-30,-19],[-9,-84],[-18,-14],[-3,-92],[-15,-93],[19,-37],[47,-192],[34,-47],[38,-5],[42,-38],[-19,-148],[29,-14],[-15,-40],[36,-29],[-3,-32]],[[82466,58871],[18,-72],[37,-26],[-10,-57],[70,-16],[-19,-30],[41,-47],[-9,-57],[11,-48],[-123,-173],[-93,38],[-46,42],[-71,-15],[-35,5],[-50,41],[-57,-2],[-34,25],[-13,35],[-40,-5],[-21,38],[-48,11],[-31,-40],[-52,-5],[-14,35],[-39,-10],[-14,38],[-41,-10],[-70,32],[-38,-2],[-27,55],[-94,10],[176,-774],[-582,597],[-111,-26],[97,229],[-35,20],[-83,18],[9,20],[-46,29],[-25,-22],[-86,41],[-126,22],[-105,120],[-57,-29],[-36,49],[32,75],[-16,65],[-185,38],[-910,185],[22,44],[27,92],[41,-1],[34,43],[22,86],[-26,15],[-41,-60],[-50,4],[-62,46],[3,28],[-46,25],[-20,30],[-34,-1],[-5,32],[-35,10],[-39,46],[-33,-43],[-67,-28],[-92,-2],[-16,-15],[-92,40],[-44,42],[-2,139],[-33,16],[-68,93],[-35,20],[-74,7],[-52,-39],[-33,15],[-101,-46],[9,-28],[-22,-33],[-35,23],[-41,-32],[20,-23],[-46,-66],[-31,-2],[-41,-32],[-97,-34],[-47,-72],[25,-43],[108,-32],[71,-51],[-38,-69],[1,-61],[-70,-14],[-10,-33],[-68,-26],[-38,-83],[-26,-4],[-44,40],[0,-54],[37,-61],[3,-69],[20,-21],[16,-72],[-36,-61],[7,-50],[-56,-47],[153,-39]],[[78238,58807],[-157,-229],[-20,53],[-38,-20],[-38,9],[-31,41],[-117,17],[-22,63],[-39,20],[-23,40],[-34,-3],[-266,175],[-552,363],[0,-115],[-36,28],[-1,62],[-48,56],[-30,100],[-44,41],[5,35],[-13,56],[-48,44],[23,49],[-14,82],[-20,44],[6,66],[-99,93],[0,82],[-23,60],[-31,35],[-10,50],[-613,218],[16,-56],[10,-134],[-16,-49],[-84,-66],[-17,-30],[-2,-163],[-23,-37],[-78,-75],[-58,-37],[-92,-98],[-28,-16],[-20,-79],[-129,-256],[-1530,963],[-281,-30],[-183,-18],[-22,-53],[-61,-29],[-28,-58],[-59,-30],[-77,51],[-50,3],[-32,-35],[-15,-56],[-65,-5],[-45,-42],[-565,-4]],[[85945,62583],[32,-42],[40,-37],[31,-65],[-23,-85],[62,-18],[56,-46],[34,14],[54,-11],[21,16],[74,-13],[85,-69],[38,1],[37,-27],[35,-51],[-12,-43]],[[86509,62107],[-46,-67],[7,-59],[-53,-25],[6,-24],[9,-75],[62,-48],[42,-16],[-72,-75],[-7,-41],[-43,-16],[12,-155],[23,-68],[32,-35],[81,-65],[16,-38],[3,-59],[-59,-163],[66,-119],[42,-20],[39,13],[56,-28],[89,-4],[126,-69],[19,-47],[-19,-32],[9,-60],[39,-104],[67,-95],[32,-153],[67,-349],[-66,-29],[-52,-5],[-9,-22],[-61,-29],[-26,-30],[-37,-3],[-8,-51],[-39,-80],[91,-140],[19,-61],[-5,-22],[-11,-58],[-24,-4],[-6,-94],[27,-22],[18,-267],[-382,-163],[-66,-26],[-40,8],[-168,129],[-153,18],[-127,10],[-44,-34],[6,-63],[-51,-79],[-22,-85],[21,-56],[-9,-61],[10,-57],[36,-104]],[[85976,58531],[-126,-232],[-99,-126],[-27,-60],[-55,-16],[-39,-32],[-98,-18],[-27,-28],[-47,-18],[-6,-102],[-19,-40],[58,-107],[63,-70],[20,-63],[76,-3],[91,-124],[51,-20],[95,-9],[112,-98],[-38,-63],[-126,-9],[-40,-37],[31,-236],[-15,-144],[-375,144],[-107,2],[-115,48],[-14,16],[-243,72]],[[84957,57158],[-33,28],[-102,14],[-138,52],[-77,-18],[-49,20],[-63,0],[-70,48],[1,43],[-22,94],[-52,56],[-11,39],[-98,668],[-75,-12],[-65,-36],[-31,67],[-40,1],[-33,26],[-55,-53],[-50,10],[-20,36],[-34,13],[-117,19],[-18,-21],[-100,53],[-47,-3],[-117,28],[-27,8],[-53,-10],[-35,29],[-1,29],[-55,46],[-67,6],[19,44],[-13,126],[26,86],[3,75],[-15,49],[12,38],[-30,44],[-357,-32],[-147,1],[-235,2]],[[17719,61136],[-18,-97],[-26,-52],[-65,27],[-27,-68],[-139,-38],[-13,-33],[-122,-68],[-40,-39],[-2,-28],[-68,-37],[-6,-53],[-88,3],[-34,-83],[-50,-27],[-4,-57],[-28,11],[-47,-32],[-23,-82],[-20,12],[-34,-34],[-41,-19],[8,-45],[-66,-94],[-78,-19],[1,-27],[-76,-35],[-45,18],[-39,-26],[-53,-13],[-6,-47],[-70,-53],[-46,-10],[-21,42],[-55,0],[-40,18],[-70,-42],[-34,30],[-38,-8],[-48,15],[-30,-40],[27,-32],[-6,-33],[16,-44],[-40,-16],[-24,18],[-70,-1],[-25,-16],[-71,23],[-37,-51],[22,-19],[0,-66],[-39,-7],[-34,-64],[-111,-46],[-30,5],[-39,-52],[-67,4],[-99,-52],[-59,-138],[-51,-40],[-13,-45],[-51,-50],[-39,29],[-74,-270],[-69,-6],[-20,41],[-26,3],[-62,46],[-26,0],[-64,35],[-12,30],[-76,6],[-22,24],[-106,-2],[-50,-38],[-77,16],[-37,-33],[-62,38],[-49,-8],[-20,-35],[-58,-14],[-26,-36],[-94,-77],[0,-66],[18,-22],[-23,-38],[8,-28],[-35,-24],[-59,-79],[-75,-65],[-11,-34],[-39,-13],[-25,-52],[-5,-62],[-39,-22],[-17,-80],[-21,-40],[-75,-53],[-19,-28],[-71,-7],[-58,-52],[-53,22],[-74,-35],[-11,-64],[-41,-25],[-60,54],[-33,-37],[-100,-11],[-46,-40],[-31,-59],[-56,-22],[-4,-33],[-414,-87],[12,41],[-28,39],[3,27],[-51,17],[-56,71],[-4,39],[39,37],[9,71],[-95,12],[-5,14],[-82,-8],[-56,27],[-33,-34],[-1,-29],[-84,29],[-39,-39],[-31,10],[-23,32],[-51,5],[-43,36],[-34,-23],[-6,-33],[-55,16],[-62,72],[-25,7],[-32,-25],[-24,46],[-70,-36],[-20,22],[-67,17],[-60,-1],[-87,44],[-39,-23],[-40,44],[-24,-29],[-69,24],[-43,-21],[-75,15],[-56,-21],[-71,34],[-31,-8],[-41,33],[-26,-24],[-23,30],[-14,-27],[-51,4],[-11,-36],[-48,14],[-14,-26],[-110,51],[-70,-27],[-60,14],[-50,-5],[-83,-39],[-57,13],[-25,-26],[-79,-9],[-29,-23],[-21,25],[-33,-25],[-57,76],[-50,27],[-169,26],[-56,-12],[-60,23],[-86,-6],[-45,-15],[-10,-30],[-95,-60],[-25,4],[-47,-40],[-53,-6],[-42,-33],[-67,11],[-28,-48],[-38,-8],[-86,-79],[-44,5],[-55,-38],[-100,20],[-55,-12],[-18,-23],[-34,5],[-50,-31],[-89,8],[-23,21],[-50,-5],[-27,34],[-124,20],[-9,62],[-31,48],[-38,20],[-41,62],[-19,2],[-87,74],[-218,-167],[0,748],[0,883],[0,1380],[19,51],[53,8],[22,55],[47,-23],[56,62],[-5,30],[33,81],[0,24],[-35,83],[-32,35],[-28,0],[-57,88],[-18,59],[23,27],[6,57],[52,84],[52,16],[-4,56],[48,26],[22,30],[-15,63],[33,12],[-12,43],[31,8],[10,45],[-34,8],[-101,-34],[-47,18],[-42,-38],[-27,-43],[-33,9],[-18,-36],[-75,-74],[-4,-49],[-144,-68],[-37,-47],[-44,14],[-25,-61],[3,-47],[-71,-22],[-20,-64],[-82,-11],[-91,-55],[-141,-201],[-62,1],[-49,-36],[-62,-120],[-4,-36],[-127,-1],[-33,-26],[-125,-19]],[[90340,62860],[168,-168],[-64,-195],[-20,-34],[-35,-125],[-171,-74],[7,-32],[96,-31],[96,-59],[98,-31],[18,7],[55,-31],[11,22],[56,-34],[123,37],[21,-131],[65,-91],[-175,10],[25,-72],[-82,38],[-14,19],[-65,-17],[-73,3],[1,38],[-99,-27],[8,-66],[-13,-51],[14,-8],[31,-38],[11,-81],[67,-39],[1,-65],[-42,-78],[-21,9],[-61,-22],[1,-48],[136,-154],[28,-62],[30,-25],[85,-14],[1,-18],[-9,-90],[-24,-168],[-35,-49],[3,-31],[-359,-18],[-3,16],[-88,-100],[-44,8],[-18,70],[-338,16],[15,19],[21,85],[-9,20],[-94,60],[-50,-96],[4,-50],[-21,-60],[-2,-28],[-30,-30],[-24,-53],[-59,-49],[-20,-48],[-47,48],[-58,35],[-20,44],[-121,42],[8,29],[-173,-77],[-28,5]],[[89035,60672],[-6,27],[-11,43],[6,71]],[[89024,60813],[-19,66],[-75,46],[-88,-31],[-37,1],[-204,189],[-54,41],[-170,-3],[-45,30],[-39,88],[-87,68],[-61,16],[-57,71],[-122,41],[-61,40],[-97,29],[-244,26],[-41,13],[-167,119],[-22,29],[-14,27],[-45,54],[-75,39],[-76,11],[-90,-32],[-15,39],[-38,33],[-28,44],[-36,-4],[-21,39],[-107,76],[-18,27],[-70,-22],[-85,37],[-45,4],[-62,43]],[[93361,63645],[-38,-57],[-32,-106],[-92,-90],[-44,-87],[-5,-44],[-40,-63],[-32,-85],[-30,-15],[-4,-56],[-25,-14],[1,-38],[-23,-52],[-36,-20],[-26,-61],[-30,-23],[-28,-62],[-78,-79],[-24,-43],[-56,-26],[-34,-29],[-16,-37],[-55,-22],[-73,-99],[-19,-81],[-27,-56],[-28,-7],[-14,-38],[-56,-44],[-11,-33],[-70,-62],[-11,-48],[-31,-3],[-28,-43],[-45,-17],[-97,-113],[-52,-93],[6,-76],[-34,-1],[-100,-26],[-105,-97],[-146,-192],[-83,-133],[-32,-77],[-78,-74],[-65,-108],[-166,-281],[-35,-63],[-29,-25],[-70,-21],[-52,-92],[-30,-22],[-33,-54],[-26,10],[-60,-42],[-38,-67],[-65,-43],[-141,-156],[-64,-101],[-8,-72],[21,-31],[-65,-64],[-147,-293],[-24,-18]],[[90383,59580],[-17,7],[-70,168],[-64,64],[-26,-2],[-53,-37],[-49,-24],[-12,33],[-87,-17],[-34,35],[4,63],[-17,64],[5,91],[-54,66],[-11,39],[-91,86],[-37,1],[-34,-34],[-54,-24],[-49,13],[-46,18],[-35,32],[-23,44],[-61,34],[-72,-4],[-46,18],[-42,32],[-21,48],[0,18],[-7,40],[-38,6],[-36,35],[-87,30],[-84,149]],[[56060,56811],[31,-37],[-3,-55],[-15,-23],[2,-131],[-18,-32],[-51,-28],[-70,-78],[18,-66],[33,-119],[30,-55],[4,-87],[64,-21],[49,-44],[-3,-47],[-41,-26],[-25,-38],[32,-51],[-5,-49],[-61,-62],[10,-73],[-21,-66],[46,-49],[1,-42],[-21,-110],[12,-43],[-20,-38],[0,-84],[-19,-36],[20,-43],[56,2],[28,-12],[-15,-67],[50,-74],[-47,-58],[26,-63],[-16,-53],[43,-98],[-17,-78],[37,-39],[-21,-74],[-36,16],[-26,-20],[17,-56],[-33,-62],[-10,-80],[-55,-82],[41,-29],[-10,-50],[-50,19],[-29,-50],[25,-96],[96,10],[24,-46],[-20,-39],[23,-59],[36,-6],[-17,-41],[34,-36],[-17,-107],[44,1],[-33,-62],[29,-47],[24,46],[48,-24],[-34,-44],[74,-42],[84,-1],[28,19],[22,-63]],[[56442,53533],[22,-56],[-30,-45],[-6,-52],[-22,-50],[0,-93],[-37,-14],[-41,-55],[-48,14],[-35,-13],[10,-50],[41,-26],[-12,-47],[-66,-14],[-18,-20],[52,-116],[-22,-87],[11,-70],[-21,-67],[46,-50],[-8,-82],[-42,-64],[-2,-79],[-15,-32]],[[56199,52365],[-29,-46],[-35,-28],[-19,-42],[-45,-36],[-9,-59],[14,-54],[-3,-54],[-47,-8],[-31,-81],[-41,-39],[-74,-42],[-45,-58],[-12,-171],[-31,-57],[-55,-185],[-45,-56],[-71,-3],[-46,-48],[43,-84],[-7,-168],[39,-88],[-12,-97],[10,-61],[-10,-37],[-44,-46],[3,-67],[32,-38],[-6,-74],[49,-114],[-24,-79],[-67,-53],[-56,-4],[-37,40],[-24,-42],[18,-55],[-7,-52],[-33,-38],[-24,-66],[-52,-82],[-40,-124],[15,-111],[-50,-73],[7,-80],[-29,-62],[30,-50],[-3,-46],[47,-69],[-11,-47],[23,-72],[-82,-127],[14,-89],[-96,-172],[10,-68],[-64,-102],[27,-115],[-62,-48],[-51,-80],[7,-55],[-11,-74],[18,-63],[-122,-70],[-29,-41],[-6,-59],[-119,-57],[-105,-78],[-89,-5],[-36,16],[-18,115],[-54,38],[-32,-5],[-23,-43],[-24,-32],[-47,-27],[-47,23],[-80,-13],[-29,-54],[-26,-10],[-61,-58],[-83,5],[-57,-38],[-40,-93],[-51,-19],[-50,-100],[-30,-29],[-47,-2],[-61,-39],[-2,-69],[-36,-102],[49,-37],[2,-18],[-77,-58],[-23,-47],[5,-95],[30,-29],[6,-37],[-63,-98],[11,-60],[-37,-59],[23,-73]],[[53587,46809],[-14,-30],[-51,-15],[-23,-22],[18,-102],[-57,-11],[-25,60],[-37,-19],[1,-45],[56,-137],[-11,-69],[-109,-185],[0,-40],[-45,-19],[-38,-47],[-50,-97],[-38,-34],[-12,-61],[-23,-17],[-55,48],[-88,8],[-19,-31],[6,-39],[-44,-1],[-29,-18],[-27,-71],[-29,-33],[-124,-4],[-46,17],[-46,-21],[-29,17],[-45,-33],[-147,34],[-56,-23],[-95,-5],[-8,-97],[-24,-43],[-57,-49],[1,-44],[-51,-61],[-43,-162],[-53,-34],[-26,5],[-30,-41],[-64,10],[-90,-41],[-50,-45],[-45,3],[-56,-42],[-32,23],[-28,-17],[-4,-40],[-52,-23],[12,-40],[-16,-26],[13,-83],[-60,-15],[56,-83],[-38,-9],[-38,37],[-22,-48],[-56,-8],[-31,-39],[-81,19],[-60,-61],[-11,-30],[11,-71],[-26,-20],[0,-44],[37,-35],[-26,-37],[28,-41],[63,10],[29,-73],[54,-34],[28,-37],[-17,-92],[-60,-3],[17,-41]],[[51350,44162],[8,-40],[-88,-45],[-27,-46],[5,-36],[-44,-3],[-43,21],[6,-59],[-55,35],[-31,-62],[37,-13],[25,-63],[-22,-19],[-29,38],[-24,3],[0,-63],[-59,-34],[20,-35],[5,-59],[-45,-7],[-23,-33],[8,-52],[-52,-1],[-55,-49],[-5,-30],[-37,16],[-35,-10],[-12,-29],[-36,13],[-57,-56],[-21,-37]],[[50664,43407],[-42,50],[-8,62],[-54,-7],[-8,20],[-82,16],[1,54],[-32,4],[-24,66],[-102,29],[-16,29],[-55,48],[23,20],[-21,46],[14,47],[-196,222],[-10,25],[-84,85],[-17,82],[11,48],[56,83],[65,5],[5,95],[11,66],[-21,23],[10,39],[-43,100],[11,53],[51,45],[11,56],[62,15],[36,61],[64,-8],[57,67],[47,-8],[68,30],[60,46],[-287,662],[66,-5],[44,45],[47,26],[12,80],[-2,46],[-21,40],[27,18],[-64,56],[27,18],[-1,55],[-41,28],[-34,-18],[-65,19],[-16,-44],[-65,23],[-10,22],[-50,3],[-14,82],[-68,71],[-2,72],[-81,26],[-38,-5],[-35,25],[-65,-20],[-8,94],[-84,12],[-47,-11],[-49,33],[-102,7],[-134,51],[-44,-69],[-74,-62],[-46,-15],[-107,-77],[-141,-202],[-76,8],[-52,-19],[-111,8],[-45,22],[-67,-28],[-9,-18],[45,-48],[-64,-164],[109,-137],[-27,13],[-75,4],[-37,29],[-50,5],[-60,36],[-40,92],[5,14],[-39,63],[-15,112],[-67,70],[15,51],[20,7],[-31,69],[-52,22],[-11,37],[17,60],[31,31],[-18,58],[23,38],[3,107],[12,42],[68,18],[22,62],[38,10],[47,79],[52,37],[26,108],[18,12],[94,1],[16,41],[44,13],[-3,34],[-37,-1],[-14,31],[-40,2],[-28,27],[-63,101],[-157,48],[-58,-33],[-24,42],[-60,10],[-27,60],[38,54],[8,42],[-35,42],[18,60],[-19,86],[41,49],[-53,36],[12,36],[-14,53],[33,121],[-124,68],[0,21],[-39,63],[-47,27],[10,27],[-27,34],[-177,75],[-41,36],[-107,18],[-81,58],[261,2],[28,-10],[32,20],[48,3],[58,69],[67,18],[27,43],[46,2],[16,19],[54,13],[17,26],[38,1],[47,47],[47,12],[19,48],[96,77],[71,16],[33,48],[3,35],[129,55],[32,66],[39,33],[169,22],[63,22],[45,31],[27,50],[35,32],[-20,33],[66,96],[34,-3],[5,50],[40,5],[21,51],[60,49],[30,36],[-6,72],[11,18],[-27,96],[20,66],[-1,67],[79,77],[16,59],[63,104],[29,12],[20,69],[17,18],[-12,85],[6,101],[22,16],[2,54],[28,39],[-1,44],[58,2],[-5,56],[16,48],[40,6],[35,126],[31,18],[33,48],[-11,43],[18,22],[-18,43],[25,28],[4,72],[59,43],[22,76],[49,40],[-8,30],[82,42],[4,42],[38,68],[36,42],[63,47],[19,-5],[20,41],[24,-1],[-15,66],[29,84],[-11,55],[-37,39],[49,42],[-26,32],[38,63],[-15,33],[16,31],[46,21],[20,112],[16,49],[66,87],[-20,35],[22,48],[33,7],[54,71],[21,107],[-8,44],[70,38],[46,13],[-7,45],[11,54],[23,7],[24,62],[-43,69],[72,57],[-19,67],[17,40],[48,32],[-23,28],[-14,86],[62,41],[3,53],[30,6],[5,37],[29,21],[-17,60],[18,59],[26,-13],[3,87],[-48,18],[5,40],[-38,13],[-4,28],[-100,48],[-17,69],[-49,13],[-26,97],[-26,26],[12,76],[-28,16],[-12,96],[33,28],[43,3],[-14,54],[-44,50],[-43,-8],[-25,31],[14,52],[-32,21],[-31,62],[-34,7],[-5,-57],[-34,16],[16,60],[-64,1],[22,63],[-93,57],[-37,11],[-11,42],[-39,29],[4,51],[-18,54],[31,37],[-46,33],[-2,39],[-58,16],[4,55],[-49,-4],[-32,26],[-33,-1],[9,48],[-15,34],[3,47],[-59,-20],[-73,47],[-38,64],[-44,18],[-6,-28],[-64,15],[24,63],[-43,18],[7,47],[32,39],[-93,41],[-6,129],[-46,35],[7,68],[-63,23],[-4,69],[-55,8],[-12,34],[-56,26],[-29,44],[-66,-22],[-27,97],[-39,-8],[-50,21],[-21,29],[-31,-18]],[[34175,54865],[-45,-12],[-30,-59],[-34,-26],[2,-28],[-33,-30],[-24,-60],[2,-88],[-15,-33],[-50,-26],[-82,27],[-45,-20],[-36,-40],[-53,-21],[-36,-69],[-66,-15],[-52,-52],[-29,-99],[-59,-23],[-21,-23],[15,-66],[-40,-66],[1,-83],[-31,-79],[40,-136],[-26,-145],[14,-112],[-12,-38],[-51,-60],[-29,-103],[-55,-28],[-104,7],[-74,-101],[-4,-52],[-61,-28],[-62,-101],[-39,-8],[-4,-44],[18,-38],[-9,-59],[29,-24],[-66,-83],[-19,-3],[-10,-54],[-47,-78],[6,-58],[-18,-13],[-45,-67],[-27,-31],[4,-31],[-29,-41],[18,-20],[-13,-90],[-19,-20],[-5,-171],[-15,-33],[-57,-18],[-49,-68],[-59,-13],[-22,11],[-109,-37],[-50,-37],[-3,-47],[-107,-74],[-55,-19],[-26,16],[-51,-13],[-32,-55],[-97,-83],[-11,-60],[-63,-86],[18,-27]],[[31927,51401],[-73,19],[-72,3],[-11,59],[-86,15],[-45,66],[-39,-5],[-73,26],[-28,50],[-81,85],[-32,72],[-41,-29],[-51,39],[-36,-29],[-44,-6],[-17,57],[8,52],[21,33],[-112,27],[-9,-28],[23,-32],[-46,-10],[-8,25],[-74,25],[-1,-35],[-27,-66],[-48,30],[-32,-23],[-19,25],[-58,22],[-39,-16],[12,-28],[-28,-22],[-33,28],[-33,-12],[-53,44],[-11,43],[-77,-24],[-19,58],[-41,2],[10,-41],[-19,-15],[-65,-4],[-25,-38],[-104,2],[-56,-47],[-136,-44],[-53,22],[-40,-4],[-32,32],[-83,45],[-39,-1],[-32,46],[-33,-3],[-56,-33],[-53,20],[-16,-31],[-42,23],[-60,5],[-89,-48],[-92,19],[-35,-45],[-80,24],[-40,-30],[-46,2],[-38,26],[-35,79],[0,104],[-23,66],[-52,-7],[-35,21],[-27,45],[-73,5],[20,38],[-36,8],[14,35],[-22,23],[-41,6],[-40,28],[1,56],[-45,-8],[-33,44],[-25,12],[-1,60],[-34,-20],[-31,15],[-76,81],[14,22],[2,79],[-14,39],[-3,114],[-30,28],[-54,-7],[-44,44],[6,45],[-35,-3],[8,-65],[-53,-19],[-2,66],[-33,34],[-35,-26],[-34,11],[-6,-71],[-45,-3],[-33,-24],[-21,38],[-29,-25],[-42,41],[-85,-23],[-49,7],[-24,25],[-76,7],[-9,24],[-40,43],[-6,55],[-49,-16],[-62,27],[-47,-18],[-51,46],[-42,-26],[-163,81],[-12,45],[-45,40],[3,53],[-49,2],[16,38],[-37,13],[-34,-55],[-47,-4],[-10,-27],[-64,4],[-21,-53],[-31,59],[-23,-47],[-54,20],[-37,37],[-30,69],[2,71],[-41,17],[-55,-38],[7,55],[-65,43],[-25,60],[-31,25],[3,47],[-33,11],[-37,35],[-40,-5],[-23,-40],[-29,29],[-40,-32],[-18,40],[-57,12],[-15,27],[12,46],[-31,14],[4,35],[-34,28],[-32,103],[-31,33],[-51,10],[-2,44],[48,33],[-1,23],[-80,3],[6,66],[-53,-3],[-28,34],[-60,31],[-52,-18],[-23,36],[-34,-9],[18,-43],[-15,-19],[-53,-3],[-52,-56],[0,-35],[-53,20],[-81,4],[-132,64],[-45,-7],[-78,63],[-20,61],[-66,68],[4,49],[-92,10],[-67,-15],[-61,56],[-56,95],[-152,60],[-20,31],[-83,29],[-39,-4],[-45,35],[-101,28],[-74,-9],[-53,36],[-40,-49],[-36,1],[-38,-42],[-40,7],[-54,34],[-34,0],[-5,-47],[-28,-42],[0,-62],[-48,-13],[-77,-53],[-25,6],[-78,67],[-28,-37],[-31,25],[-48,-18],[-48,62],[-53,-27],[-24,45],[-73,-56],[0,50],[-51,12],[-11,-59],[-39,-25],[-21,19],[3,102],[-59,-15],[-29,27],[-53,19],[-114,-115],[-50,24],[20,55],[-10,29],[-131,-6],[-137,33],[-99,97],[-30,57],[-95,51],[-33,60],[30,35],[19,95],[-9,77],[-28,97],[-46,-6],[-47,-39],[-25,11],[-45,59],[-45,-1]],[[89024,60813],[-154,-64],[-17,-32],[-78,4],[-19,-87],[8,-127],[-205,-64],[0,-221],[26,-25],[1,-36],[-30,-34],[-10,-47],[13,-41],[-33,-43],[-25,13],[9,45],[-36,37],[-102,19],[-32,74],[-49,71],[-73,-47],[64,-24],[55,-56],[-6,-29],[-70,-18],[0,-52],[-67,-23],[-57,-102],[-35,-24],[16,-42],[4,-78],[71,-13],[67,-75],[-179,-71],[71,-124],[21,-16],[-3,-40],[20,-30],[99,-6],[35,-46],[-43,20],[-37,-1],[-36,-37],[35,-41],[8,-40],[26,-3],[22,-38],[59,-57],[15,-30],[-23,-63],[-66,-13],[-41,-20],[3,-51],[86,-97],[-177,-133],[-203,17],[-131,-147],[-86,-57],[-22,7],[109,-190],[69,-32],[8,-39],[26,-13],[21,-68],[39,-48],[-118,-89],[19,-50],[-15,-55],[-53,-44],[-214,-52],[12,61],[-41,11],[53,102],[18,275],[-224,-194],[25,-30],[-26,-23],[-25,15],[-79,-148],[-91,-99],[-34,38],[-25,-3],[-26,38],[-55,19],[-23,25],[-44,-3],[-125,-64],[-78,-73],[26,-59],[-7,-31],[-46,30],[-77,-74],[-17,-42],[-256,-252]],[[86439,57394],[-25,12],[12,55],[-3,62],[20,54],[49,21],[30,-26],[30,43],[-23,21],[43,97],[-8,58],[-39,18],[-29,-22],[-82,72],[-61,12],[-34,61],[16,76],[-55,71],[20,75],[-30,17],[-12,83],[-48,23],[-45,-9],[-22,80],[-64,39],[-22,55],[-1,55],[-35,15],[-7,40],[-38,-21]],[[71919,59375],[57,-97],[72,-14],[57,-54],[3,-43],[79,-61],[42,-69],[78,-214],[-20,-91],[45,-63],[-52,-53],[-6,-60],[-44,-20],[-16,-38],[-32,-23],[-57,14],[-19,-30],[-49,-4],[-23,-34],[50,-99],[93,-135],[104,-110],[22,-54],[22,-122],[58,-153],[69,-227],[39,-73],[6,-45],[45,-111],[-5,-24],[24,-104],[25,-56],[76,-365],[64,-184],[73,-127],[52,-125],[65,-234],[34,-74],[-63,-21],[-47,8],[-10,-71],[-78,-85],[-70,-54],[-16,-64],[-46,-22],[-26,-38],[32,-46],[-98,-46],[-59,-44],[-15,-57],[75,-55],[-12,-47],[-50,-39],[-61,4],[-42,-27],[-10,-45],[-41,-31],[20,-21],[-61,-57],[-41,-11],[30,-25],[195,12],[34,-17],[60,-8],[98,-62],[81,-23],[7,-57],[59,-36],[-39,-36],[34,-83],[71,-7],[869,-400]],[[73730,54388],[-525,-283],[-117,-741],[-386,-329],[36,-8],[17,-55],[27,-10],[52,-80],[33,-24],[76,-35],[27,-85],[-14,-35],[-87,39],[-44,-1],[-24,-46],[-32,14],[-35,-32],[6,-28],[-67,-4],[-43,-35],[-63,4],[-131,-109],[-13,-34],[14,-67],[-63,-88],[-24,-72],[2,-45],[-22,-88],[-69,-40],[-40,-57],[12,-103],[-4,-47],[-26,-70],[-14,-2],[-69,-80],[-6,-71],[32,-70],[-6,-105],[-57,-2],[-21,-45],[-59,-22],[-30,-1],[-54,-56],[-32,-68],[-37,-42],[-47,-15],[-92,-62],[9,-28],[-11,-58],[-37,-47],[-70,-53],[8,-55],[-26,-7],[-55,-44],[-4,-51],[-37,-31],[-37,3],[-62,-29],[-12,-52],[-96,-107],[12,-39],[-24,-88],[-52,-81],[-2,-36],[-27,-14],[-22,-55],[2,-35],[-33,-47],[-41,-11],[-33,-53],[-39,8],[-42,-37],[-64,-32],[10,-54],[-22,-30],[26,-87],[45,-2],[45,19],[83,-28]],[[71103,49892],[-40,-13],[-24,-41],[-83,-37],[-33,-29],[-39,16],[-38,-20],[-92,-18],[-66,-39],[-33,-41],[-29,8],[-36,-28],[-19,-47],[-61,-3],[2,-53],[-39,-21],[-34,20],[-25,-41],[-103,-89],[-36,-28],[-31,3],[-60,-49],[-49,-22],[-44,13],[5,-52],[-9,-40],[-29,-23],[-8,-68],[-160,-124],[-83,-30],[-27,-1],[-43,-30],[-13,-48],[-24,-14],[-107,-33],[-31,-44],[-29,-85],[-44,-47],[-30,-10],[-73,20],[-24,-5],[-72,31],[-60,-37],[-34,13],[-57,-54],[-31,-53],[-38,-6],[-12,-35],[-93,-67],[-36,-58],[-33,-21],[-54,-12],[-47,-43],[4,-34],[-29,-13],[-41,-47],[-51,-23],[-32,13],[-52,-84],[-34,10],[-48,-27],[-20,37],[-42,-14],[-42,39],[-40,-19],[-98,-78],[-3,-24],[-40,-33],[-18,-43],[-56,-27],[-85,-145],[-46,-8],[-72,-53],[-38,-41]],[[67912,47743],[-30,-5],[-89,25],[-54,-1],[-43,-18],[-12,-43],[-88,-56],[-115,65],[-84,-16],[-45,-39],[1,-37],[-30,-69],[-23,-12],[-47,12],[-38,-15],[-24,-39],[2,-35],[-41,-51],[8,-22],[-59,-14],[-10,42],[-40,18],[-2,63],[-43,31],[4,35],[41,-4],[46,44],[40,0],[28,20],[17,63],[-17,26],[16,38],[37,10],[24,84],[103,109],[1,88],[21,70],[-13,72],[-37,21],[-21,34],[-30,9],[11,56],[-42,47],[-39,24]],[[67196,48373],[12,46],[-49,65],[71,34],[7,19],[31,46],[-13,59],[12,19],[11,97],[-8,58],[-55,47],[9,14],[12,37],[77,17],[-16,45],[25,47],[-38,48],[28,33],[9,40],[-9,60],[20,51],[-56,37],[25,53],[-54,66],[10,38],[25,15],[2,37],[-40,39],[20,33],[28,-61],[40,-8],[46,12],[28,30],[59,26],[-1,52],[33,29],[13,44],[-16,27],[-40,-8],[-30,17],[-32,61],[-13,81],[-35,28],[-47,-4],[-1,56],[-63,-8],[-17,37],[-41,3],[-36,31],[21,71],[-27,29],[-78,-31],[-13,33],[-35,13],[-5,70],[-37,18],[-43,-18],[-82,22],[-28,22],[-12,60],[-35,-1],[-47,33],[-71,24],[30,28],[27,-15],[39,55],[-16,38],[-38,0],[44,27],[44,62],[-17,50],[0,73],[-115,71],[-3,18],[14,28],[0,66],[60,110],[8,36],[-40,39],[-46,4],[17,52],[-48,31],[21,23],[107,32],[14,14],[-33,63],[-44,-10],[-22,39],[63,43],[7,22],[-49,36],[36,96],[67,68],[61,31],[62,71],[-54,58],[-73,-12],[-50,24],[2,56],[-16,40],[55,64],[-5,33],[34,59],[-39,42],[-8,35],[-39,16],[57,45],[10,26],[193,65],[52,42],[41,68],[29,5],[84,54],[15,94],[-52,29],[-158,-75],[-103,-56],[-79,-20],[-31,8],[-47,-49],[-66,-31],[-35,1],[-22,85],[-65,30],[40,54],[1,73],[-76,2],[22,34],[21,72],[19,15],[1,98],[-14,24],[44,27],[-9,45],[-34,18],[-32,63],[65,88],[36,52],[18,73],[95,51],[42,-24],[120,73],[28,-1],[70,38],[30,72],[-2,40]],[[67012,53387],[-60,22],[-142,-41],[-59,-41],[-103,23],[-32,-26],[-63,-19],[30,78],[-12,31],[27,31],[4,43],[-20,46],[47,34],[26,40],[-44,66],[-6,55],[22,30],[-15,56],[32,33],[5,54],[-68,62],[22,36],[67,54],[-12,29],[-72,37],[43,97],[-16,23],[33,32],[24,65],[131,43],[99,5],[21,37],[-25,47],[20,32],[-9,20],[-45,1],[-113,-57],[-76,8],[3,87],[15,29],[-7,43],[-35,50],[-44,3],[-27,-17],[-24,32],[45,70],[-65,56],[-35,6],[-24,40],[-37,5],[5,47],[59,23],[-8,28],[-50,2],[-59,24],[21,55],[-36,47],[35,17],[17,42],[-21,27],[-1,38],[-54,15],[25,37],[-22,30],[36,40],[20,105],[-4,33],[-43,17],[-5,52],[23,30],[-46,50],[6,36],[52,27],[0,29],[42,59],[84,65],[61,17],[115,5],[92,44],[41,2],[51,73],[-15,34],[-28,10],[-58,-38],[-59,-10],[-113,42],[-86,-31],[-73,40],[-35,-5],[-17,28],[-2,95],[44,-15],[10,52],[41,28],[-4,62],[31,42],[-39,10],[-20,33],[-52,-19],[-11,26],[106,35],[49,85],[36,29],[-18,80],[-33,44],[18,48],[39,-7],[85,19],[83,-60],[49,-19],[114,-13],[81,34],[80,3],[-1,45],[-27,30],[-68,23],[-76,-7],[-19,20],[-50,-18],[-63,27],[-13,42],[-26,27],[-56,27],[-89,18],[-56,30],[-79,-14],[-33,24],[-60,3],[-64,-19],[-82,70],[-78,-6],[-20,30],[-34,12],[-47,44],[-16,45],[0,98],[-53,49],[-1,71],[-101,47],[-25,39],[-19,69],[-41,34],[-4,40],[35,29],[4,60],[29,17]],[[78238,58807],[507,-396],[-14,-68],[-52,-19],[-59,4],[-36,-18],[-1,-66],[-33,-58],[-9,-83],[76,-108],[11,-60],[335,-1],[462,-342],[400,-474],[39,-79],[74,-33],[27,-78],[54,-32],[-65,-53],[-282,-525],[-317,-282],[230,-249],[-513,69],[-255,140],[-50,-63],[24,-82],[21,-32],[2,-80],[-20,-28],[-95,-46],[11,-22],[41,-8],[4,-98],[26,-15],[-45,-77],[28,-23],[-9,-37],[-111,-29],[-193,-51],[-215,152],[-598,326],[-829,433],[-26,-14],[51,-85],[3,-97],[20,-22],[53,-20],[-2,-40],[-56,-52],[33,-63],[2,-44],[63,-83],[6,-50],[32,-51],[6,-25],[-26,-37],[-15,-104],[3,-77],[25,-75],[-25,-195],[7,-48],[50,-79],[9,-49],[29,-62],[47,-48],[36,-16],[38,-56],[15,-99],[-12,-25],[-39,-6],[-33,63],[-58,38],[-118,-43],[-50,27],[-45,161],[-40,46],[-84,-7],[-32,39],[-31,6],[-44,78],[3,47],[-32,-1],[-158,190],[-39,-17],[-39,14],[-37,42],[-21,-42],[-8,-85],[33,-29],[9,-60],[55,-50],[27,-9],[7,-88],[60,-32],[44,-72],[-29,-51],[-174,-32],[-42,-46],[-81,23],[-30,-9],[-48,0],[-48,-18],[-42,-112],[1,-66],[-44,3],[-16,-22],[-138,-54],[-37,-23],[-36,-50],[-121,-15],[-77,45],[-37,1],[-26,48],[-37,-8],[-79,32]],[[75364,54456],[-802,-330],[-57,344],[22,26],[92,-1],[26,50],[56,42],[32,69],[-37,32],[9,54],[-19,16],[11,77],[-8,36],[-28,18],[2,48],[-35,15],[-50,-8],[6,102],[-39,25],[11,55],[-35,61],[-47,29],[-82,14],[-18,-59],[-559,-323],[49,-32],[25,-82],[-18,-82],[41,-80],[49,-155],[40,-68],[-4,-105],[47,-67],[-13,-144],[-53,-62],[-36,-4],[0,91],[-31,186],[-45,49],[-106,28],[-30,67]],[[45412,51384],[39,-44],[-8,-36],[35,-28],[62,-17],[-11,-53],[11,-24],[42,-11],[24,-56],[54,-43],[-6,-77],[66,-37],[-14,-32],[-65,16],[-20,-30],[49,-13],[48,22],[24,-43],[-29,-38],[2,-49],[101,-87],[59,-11],[20,-78],[-48,-2],[25,-74],[-44,6],[14,-78],[-13,-89],[56,-6],[38,-27],[-25,-52],[28,-49],[-10,-25],[42,-30],[12,-37],[-15,-46],[-1,-59],[57,-19],[23,-84],[22,24],[37,4],[22,-49],[-17,-63],[44,11],[57,-81],[71,3],[60,-58],[-8,77],[89,-24],[-44,-19],[13,-109],[77,-28],[40,-80],[36,-3],[37,45],[55,0],[30,-27],[1,-54],[60,-9],[-29,-62],[53,-55],[-23,-37],[-41,-13],[23,-35],[-27,-19],[-48,-126],[9,-23],[-8,-64],[22,-22],[59,4],[30,-28],[32,15],[70,-23],[40,-36],[10,-96],[58,-27],[49,13],[16,-13],[115,2],[68,19],[3,-51],[-45,-49],[-25,-70],[9,-23],[-40,-28],[-74,9],[-102,-34],[-52,-50],[1,-78],[18,-34],[-28,-61],[-54,-51],[-82,-12],[-21,-19],[-48,-3],[-177,-59],[-100,-95],[7,-25],[63,15],[40,-3],[50,-48],[34,-8],[44,18],[95,12],[58,-71],[-2,-17],[52,-46],[27,-38],[41,23],[15,-23],[67,-29],[29,-44],[-7,-88],[11,-31],[-98,-22],[-37,-45],[17,-55],[40,-32],[36,-89],[-200,-101],[43,-106],[-25,-60],[-45,-58],[-5,-83],[-41,10],[-36,-23],[-111,-18],[-36,-19],[-76,-12],[-35,-27],[-39,16],[-66,-39],[-49,-53],[-80,-24],[-151,-72],[-112,-74],[-25,-2],[-76,-73],[-60,-23],[-22,-61],[32,-149],[-36,-33],[-24,39],[-86,-6],[-12,28],[-55,-16],[-43,24],[-36,-11],[-18,-129],[-31,-36],[-73,-55],[-34,4],[-104,-38],[-130,-101],[-8,-79],[-129,-311],[144,-691],[142,-682],[127,-41],[35,-2],[46,27],[117,-29],[36,-39],[4,-44],[23,-19],[21,-64],[36,63],[36,-13],[6,45],[23,15],[-8,-38],[27,-95],[81,-19],[7,-37],[50,-44],[33,-75],[-26,-99],[-9,-111],[77,-64],[52,-106],[62,-47],[-37,-87],[10,-82],[-38,-37],[7,-28],[-39,-45],[-18,-90],[10,-145],[10,-26],[44,-21],[21,-125],[-14,-54],[10,-64],[-65,-14],[-52,12],[-68,-49],[-40,17],[-39,-61],[-35,7],[-61,-28],[-79,38],[-27,-9],[-50,-51],[-64,-22],[-38,-46],[-37,-73],[-55,-36],[-42,12],[-66,-84],[-60,-45],[-6,-71],[-26,4],[-69,-36],[-1,-23],[-120,0],[-2,-53],[-59,-63],[-69,1],[-16,-62],[-50,13],[-35,-22],[-42,14],[-50,-36],[-76,46],[9,13],[-139,16],[-28,23],[-75,-27],[-33,-23],[-39,0],[-25,-32],[0,-6]],[[44204,41984],[-58,10],[-31,29],[-70,5],[-30,30],[-68,3],[-30,-30],[-20,24],[-75,42],[-56,-16],[-50,52],[-1,29],[-108,20],[-59,56],[-10,-40],[-30,9],[12,43],[-77,-2],[-54,-34],[-35,55],[-30,5],[-49,33],[-53,7],[-24,69],[36,20],[-25,36],[-39,12],[-29,36],[-42,2],[-54,-18],[-71,28],[-17,-23],[-46,-10],[-56,-39],[-33,-3],[-29,-37],[-22,11],[-25,-54],[-29,-4],[-74,25],[-12,-63],[-70,-10],[9,-41],[-38,-33],[-38,18],[-48,-32],[-44,11],[-75,-27],[-14,-35],[-105,-43],[-28,-33],[-103,82],[-51,11],[-14,-45],[-44,-1],[-45,-25],[-47,20],[-14,-41],[-70,6],[-40,18],[-20,-32],[-29,9],[-51,-21],[-47,57],[-73,-6],[-17,29],[-32,-6],[-21,-44],[-36,1],[-12,-87],[-58,-25],[-2,-49],[-40,8],[-61,-12],[-1,-42],[23,-71],[-49,-17],[39,-32],[-18,-24],[-37,-1],[-4,-56],[-30,5],[1,-54],[-35,-71],[-48,-17],[-33,18],[-19,-23],[-66,-30],[-13,-40],[-56,-30],[-19,-78],[52,-10],[-57,-70],[-11,-44],[-29,-29],[-31,-5],[-15,-50],[-34,-7],[-27,-91],[-70,-13],[-14,-35],[-32,-12],[-13,-43],[-41,-27],[-75,35],[-22,-28],[-46,5],[-62,-32],[-63,15],[-44,-60],[-40,-35],[-52,18],[-18,-23],[-37,29],[-45,-47],[-68,-23],[-55,31],[-22,-47],[-31,12],[-30,-48],[-26,10],[-60,-52],[2,-44],[-39,-17],[-38,50],[1,51],[-94,-10],[-44,24],[9,37],[-50,28],[-16,33],[-30,-1],[-13,39],[-71,-5],[-30,140],[-52,78],[-56,-32],[-51,34],[9,81],[29,34],[-25,36],[-33,79]],[[39178,41320],[40,57],[66,-20],[80,35],[25,45],[151,49],[14,42],[53,39],[34,-12],[54,54],[-6,87],[27,33],[28,-10],[23,52],[41,20],[11,62],[49,21],[4,29],[48,12],[2,39],[39,-11],[1,78],[73,-13],[3,44],[-17,24],[49,23],[-30,47],[7,58],[-39,96],[35,58],[-1,35],[-32,19],[-4,48],[-36,19],[-10,57],[7,60],[-31,84],[-64,78],[-4,60],[74,66],[-13,83],[-37,3],[-10,44],[-23,5],[-30,58],[-30,2],[5,44],[-41,-8],[-96,63],[-26,60],[-88,35],[-71,3],[-66,66],[-27,-42],[-56,104],[39,22],[50,-4],[91,-62],[33,30],[53,-14],[59,4],[50,-27],[14,-48],[36,-25],[32,22],[11,-60],[73,2],[51,-10],[31,54],[-11,50],[14,35],[-19,46],[8,54],[-29,-4],[-26,25],[21,34],[-51,76],[19,46],[-8,34],[21,58],[-40,28],[34,21],[-11,69],[28,13],[23,50],[38,9],[29,34],[29,-19],[73,25],[40,-13],[71,43],[4,30],[62,61],[59,7],[62,35],[9,72],[-6,60],[35,67],[41,14],[8,26],[85,5],[41,31],[57,7],[-16,99],[9,75],[-16,44],[34,173],[-29,100],[3,36],[-19,56],[-38,51],[-9,35],[-31,19],[-11,34],[18,70],[-16,91],[18,46],[-21,37],[-50,13],[4,48],[-20,43],[53,44],[-4,48],[38,14],[30,72],[36,34],[21,40],[6,55],[64,41],[32,67],[-56,52],[-372,-82],[1,27],[38,792],[11,40],[-36,135],[-53,29],[-13,82],[38,51],[-9,64],[-26,35],[-44,17],[-7,64],[-37,-26],[-18,23],[-38,-16],[-9,-34],[22,-105],[-7,-32],[-68,-29],[11,-61],[17,-19],[-23,-52],[-32,-1],[-90,-66],[27,-46],[-26,-38],[-54,-24],[-29,8],[-74,-13],[-18,-38],[14,-91],[-20,-71],[-44,-9],[8,-30],[-79,-13],[-6,46],[28,82],[-58,195],[-1,56],[-38,82],[-68,60],[-47,70],[-11,53],[-64,146],[10,84],[-63,305],[-28,35],[-133,264],[-12,73],[-37,13],[-39,53],[-1446,-3],[-424,0],[-514,0],[-330,0],[9,76],[60,125],[-4,32],[-32,41],[41,42],[23,49],[38,3],[51,26],[-28,71],[19,60],[-29,30],[1,50],[54,20],[31,93],[-18,62],[-10,87],[30,34],[0,55],[-23,78],[-251,7],[-210,33],[-137,-90],[-99,-90],[5,35],[45,18],[6,71],[-34,45],[14,64],[-9,82],[-48,53],[-4,180],[28,38],[-18,18],[7,95],[21,27],[0,94],[-15,23],[11,42],[-33,57],[-47,32],[-13,86],[-20,31],[22,45],[6,51],[57,61],[-1,42],[-23,35],[28,20],[1,57],[15,61],[35,40],[-12,40],[32,31],[-19,32],[21,31],[-15,48],[-6,30],[55,67],[12,67],[-7,79],[22,10],[35,104],[36,15],[-23,137],[-47,88],[17,37],[-11,69],[-22,8],[13,76],[-24,102],[29,15],[14,50],[-37,60],[-28,8],[-12,123],[44,117],[-31,25],[38,56],[38,89],[-27,104],[-17,32],[7,43],[-27,23],[20,78],[-28,10],[-19,38],[30,70],[-3,41],[29,43],[-59,20],[24,73],[18,20],[63,-27],[22,40],[-3,36],[-45,15],[27,58],[45,22],[37,65],[-16,50],[6,60],[-30,8],[-12,36],[31,51],[3,64],[16,6],[14,61],[66,74],[2,84],[34,53],[0,34],[-30,96],[0,63],[-20,36],[16,38],[-19,77],[-27,52],[-12,100],[11,65],[47,89],[-25,63],[32,29],[-8,143],[49,83],[-4,96],[37,50],[79,60],[16,55],[-8,61],[11,47],[-5,44],[24,117],[-71,187],[14,121]],[[90383,59580],[-22,-46],[-84,-5],[-133,-42],[-8,10],[-23,-23],[-280,-120],[-133,-107],[-136,-63],[-128,-82],[-167,-143],[-182,-204],[-222,-310],[-31,-25],[6,-42],[-71,-93],[-183,-299],[-32,-18],[-31,-51],[-16,-24],[27,-31],[-230,-284],[-90,-174],[-61,-199],[-50,-34]],[[88103,57171],[-49,-10],[-30,-24],[-62,-79],[-88,-70],[-66,-27],[-102,-3],[-28,-27],[-5,-34],[-83,4],[-39,19],[-18,-30],[-30,60],[-31,-31],[-33,4],[-37,51],[-47,3],[-53,-132],[-64,15],[-28,27],[-38,-2],[-9,38],[-40,-1],[-28,34],[-97,10],[-46,45],[26,17],[-76,39],[-33,76],[-33,25],[3,34],[-42,9],[-19,-28],[-37,24],[4,40],[-58,21],[-18,-50],[-68,49],[-6,30],[-56,4],[-24,-26],[-62,89],[-14,30]],[[84957,57158],[-110,-590],[88,-14],[35,-22],[176,-666],[-97,-47],[27,-86],[-13,-48],[46,-33],[28,-79],[-190,8],[-164,-288],[176,-28],[-58,-30],[-31,-52],[-12,-108],[20,-73],[35,-34],[-6,-38],[19,-45],[30,-27],[-40,-68],[-17,-119],[50,-97],[55,-63],[-24,-48],[-202,108],[-107,23],[-74,155],[-1,73],[-148,-35],[58,-41],[-14,-28],[-14,-204],[47,-28],[-2,-50],[-118,0]],[[84405,54436],[-312,-154],[-38,39],[-80,34],[-26,38],[-17,64],[-38,13],[-87,-8],[-73,-25],[-29,7],[-85,-22],[-26,-30],[-17,-52],[-85,-10],[-44,32],[-96,-26],[-70,-59],[-113,-55],[-55,-61],[-58,3],[-44,8],[-62,38],[-129,35],[-35,65],[-67,16],[-14,-39],[-42,-17],[2,-33],[-24,-32],[-26,0],[-36,36],[-13,37],[-31,29],[-82,-11],[-108,26],[-34,-34],[-39,45],[-57,-28],[-20,-369],[-177,-398],[-71,-42],[-234,-230],[-72,-46],[-88,-19],[-80,11],[-58,-8],[-50,19],[-65,-108]],[[81300,53115],[-581,-183],[16,-17],[25,-93],[32,-10],[-314,-87],[-266,-32],[-240,-203],[-134,-285],[-17,39],[-40,42],[9,30],[-40,11],[-52,42],[-66,-9],[-30,67],[10,46],[-44,25],[-74,96],[-20,-10],[-422,-154],[-50,16],[-42,-30],[-41,61],[-17,62],[-33,31],[-9,44],[-334,-123],[-21,11],[-37,-45],[-45,7],[-58,48],[-19,92],[-38,-55],[-76,-14],[-18,-25],[1,-86],[40,-84],[-20,-145],[-246,-110],[-13,44],[-64,-10],[-63,-32],[7,24],[-24,189],[9,49],[33,67],[-19,24],[1,43],[30,6],[-20,95],[-109,114],[-37,90],[-27,18],[-38,81],[-229,-444],[-59,51],[-90,153],[-155,-194],[-14,68],[-56,68],[-18,68],[-46,96],[-25,23],[-70,5],[-37,53],[-32,18],[-63,113],[-42,18],[-45,155],[0,35],[-65,-1],[-11,-36],[-48,-1],[-113,132]],[[76437,53267],[-16,52],[-27,27],[7,37],[-37,114],[2,25],[-64,122],[14,29],[-52,201],[-27,41],[-78,18],[-28,-23],[-50,7],[-30,-14],[-106,51],[-52,-3],[-73,27],[-44,-25],[-15,-30],[-104,-7],[-28,51],[-21,-20],[-32,30],[-72,-11],[-3,71],[-56,13],[-12,57],[-38,18],[6,61],[-75,186],[-1,37],[38,16],[1,31]],[[67012,53387],[-14,-20],[-70,-29],[-67,-7],[-43,-44],[-115,-10],[-293,-78],[-19,119],[19,34],[-9,74],[15,31],[-17,33],[6,34],[-41,40],[-59,8],[-23,57],[-101,-274],[-23,-67],[-346,23],[-496,-141],[-35,-80],[-50,-56],[1,-30],[-88,39],[-27,-39],[-64,-40],[0,-25],[-42,-17],[-18,-30],[-59,-27],[-58,-2],[-17,-47],[-32,-3],[-59,-40],[-52,5],[-38,-38],[-58,-2],[-57,-19],[-5,-62],[-79,-22],[-70,45],[-75,-1],[-11,-28],[-45,-19],[8,-45],[-48,-21],[2,-23],[-44,-23],[-23,19],[-67,-24],[-35,30],[-36,-6],[-46,51],[-39,-30],[-11,-56],[-57,-20],[-16,-42],[-36,20],[7,27],[-49,49],[17,22],[40,7],[-29,40],[-44,-14],[-59,17],[-4,32],[22,60],[-26,7],[-52,-18],[-30,19],[-42,-26],[-52,20],[-13,89],[14,69],[-73,16],[-60,30],[-69,-40],[-10,-33],[15,-42],[-61,-48],[35,-24],[-33,-81],[35,-28],[-7,-37],[26,-19],[15,-54],[-40,-35],[0,-59],[16,-132],[31,-34],[35,-8],[-10,-42],[-29,-17],[-37,-62],[-7,-35],[-44,-53],[-8,-47],[-295,358],[-47,40],[-56,-16],[-40,11],[-54,-16],[-23,34],[-103,43],[-29,-38],[-44,-25],[-44,93],[-35,10],[-56,-13],[-28,36],[3,31],[-47,-5],[-24,52],[-40,-19],[17,-63],[-26,-54],[-85,-5],[-63,-38],[-61,16]],[[62070,52410],[39,51],[-7,74],[-25,45],[33,34],[-23,32],[-7,44],[46,97],[-45,-15],[-21,25],[-55,-40],[3,-24],[-71,-2],[-16,15],[-46,-74],[-70,-25],[-69,-52],[4,-22],[-84,18],[-4,-34],[-41,-2],[-60,-60],[-106,-14],[-13,-45],[-60,21],[-1,80],[-35,35],[8,62],[-14,85],[22,42],[-12,63],[-35,-13],[-50,35],[-32,-31],[2,-66],[-22,-66],[-40,-8],[-18,-24],[11,-65],[-14,-21],[6,-162],[-60,-33],[-19,-7],[-34,57],[31,104],[-31,41],[36,32],[18,99],[-1,38],[-44,51],[35,28],[12,42],[-62,121],[1,49],[-61,18],[-23,45],[-3,49],[-79,51],[-57,-1],[-54,-16],[-38,55],[7,49],[-21,40],[7,64],[-30,9],[-62,72],[-40,13],[-71,103],[-52,-1],[-10,89],[-56,16],[-24,-40],[-230,-354],[-11,23],[-59,40],[-12,41],[-57,34],[-40,-24],[-71,26],[-20,38],[34,47],[16,57],[-94,29],[-30,116],[-44,-26],[-21,-49],[-114,-95],[-43,-55],[-63,-14],[5,-25],[-35,-24],[8,-36],[-27,-63],[-23,-8],[-28,-62],[0,-51],[-47,-66],[-13,-38],[-81,-94],[-40,-94],[29,-62],[-30,-69],[23,-60],[3,-58],[-12,-36],[21,-53],[2,-41],[-73,-61],[-1297,770],[-5,19],[-68,25],[-32,-8],[-62,52],[-28,-16],[-31,31],[-48,13],[-45,-15],[-20,31],[-51,12],[-18,31],[-74,-14],[-97,21],[-26,24],[-54,-8],[-67,53],[-34,5],[0,32],[-92,36],[-11,15],[-59,5],[-45,106],[20,43],[-9,37],[27,35],[27,91],[-37,29],[17,47],[53,28],[2,58],[18,44],[61,35],[-21,68],[18,46],[26,-18],[46,35],[-13,63],[-38,37],[23,42],[5,73],[31,31],[9,40],[41,15],[11,40],[48,23],[3,47],[38,43],[-69,-29],[-9,-43],[-25,-23],[-65,-11],[-43,-48],[-57,-17],[-22,-40],[-44,-2],[-63,-40],[-27,-38],[-62,-61],[-51,-33],[-1,-65],[-38,-15],[-60,-96],[-28,-25],[13,-66],[-57,-28],[11,-74],[-22,-21],[-48,10],[-40,-40],[24,-29],[-6,-42],[-37,-28],[25,-60],[-44,-35],[22,-68],[-22,-19],[-3,-58],[-38,-48]],[[88103,57171],[-14,-54],[-111,-122],[-72,-129],[-224,-466],[-251,-589],[-7,-61],[-153,-246],[-29,-75],[-184,-296],[-255,-353],[-26,-54],[-74,-85],[-71,-117],[-24,-76],[-96,-186],[-73,-50],[-29,-42],[-12,-58],[-68,-56],[-114,-128],[-295,-377],[-74,-58],[-41,-50],[-55,-76],[-63,-60],[-28,-16],[-31,15],[-63,-20],[-182,-141],[-44,-6],[-21,17],[-65,-3],[-139,24]],[[85115,53177],[57,117],[-6,88],[-58,66],[-225,133],[-42,72],[-7,40],[-243,-92],[-59,-40],[-50,30],[32,49],[4,70],[30,47],[-23,34],[-35,110],[6,35],[-19,37],[53,11],[32,61],[39,34],[-14,86],[-18,29],[36,81],[-31,28],[-69,11],[-13,40],[-47,19],[4,48],[-44,15]],[[50664,43407],[-27,18],[-41,-13],[34,-43],[3,-27],[-48,-19],[7,-28],[-59,-35],[-17,16],[-90,-3],[-12,-87],[-50,-34],[14,-23],[-1,-52],[-50,-57],[-3,-132],[-31,-38],[31,-104],[-29,-20],[-50,-57],[-32,-2],[-40,-31],[8,-32],[-30,-74],[-34,-42],[-36,1],[2,-46],[-28,-61],[-17,-73],[-26,-43],[-29,-6],[5,-43],[-56,-54],[25,-44],[18,-75],[-12,-46],[23,-47],[-31,-13],[-14,-50],[-36,-55],[16,-82],[-43,-88],[-4,-32],[-11,-137],[21,-56],[-9,-54],[-19,-108],[16,-32],[-4,-41],[18,-107],[90,-42],[33,-55],[45,-36],[21,-53],[-9,-22],[65,-107],[-16,-88],[25,-25],[12,-48],[-10,-42],[76,-52],[73,-126],[-5,-137]],[[50286,40263],[-247,-7],[-38,15],[-35,37],[-78,37],[-148,31],[-76,-15],[-28,-18],[-92,-2],[-60,43],[-80,21],[-44,-40],[-3,-45],[-23,-46],[-43,-14],[-77,51],[-137,20],[-77,44],[-22,50],[-30,-11],[-78,7],[-70,-64],[-61,-9],[-51,29],[-86,-15],[-27,12],[-13,39],[-72,57],[-44,61],[-54,35],[-25,-16],[-68,47],[-57,-29],[-71,12],[17,21],[-26,63],[35,109],[67,83],[14,45],[28,34],[18,72],[27,44],[39,28],[12,47],[40,32],[62,22],[35,28],[32,-15],[66,13],[55,21],[36,-15],[39,20],[57,1045],[-29,18],[-32,47],[-66,-7],[-34,-30],[-29,-2],[-12,-39],[-52,-74],[-50,-2],[-32,-17],[-36,-105],[4,-55],[-109,-46],[-23,-45],[-63,-56],[-40,-64],[-51,-51],[-77,-37],[-40,3],[-76,-23],[-34,-66],[-27,-15],[29,-61],[-23,-85],[-43,-45],[-31,-80],[-88,15],[-27,-14],[-48,33],[-60,8],[-156,-67],[-16,-30],[-46,-30],[-54,-2],[-25,-22],[-79,0],[-123,67],[29,69],[-24,18],[4,77],[-50,18],[-43,72],[-109,19],[-31,54],[13,25],[-71,46],[-78,6],[-43,-28],[-66,53],[-17,-23],[-114,-48],[-45,14],[-31,-34],[-79,-7],[-44,-31],[-67,-4],[-24,-37],[-13,-51],[8,-29],[-44,-13],[-106,-68],[-9,-32],[-64,-9],[-22,-27],[-48,18],[-34,-12],[-47,33],[-70,-1],[-11,-17],[-63,-4],[-44,-41],[-43,10],[-52,-29],[-30,11],[-46,-16],[-21,28],[-62,10],[-31,-9],[-16,-45],[-46,-4],[-5,7]],[[45317,41267],[-66,26],[-34,36],[-88,37],[-24,26],[-37,-9],[-52,62],[-12,55],[-32,-2],[-24,38],[-136,-15],[-11,43],[-124,49],[-26,-6],[-90,37],[-46,49],[-42,-10],[-81,10],[-64,88],[-59,31],[-29,34],[10,109],[-46,29]],[[39178,41320],[-22,66],[1,60],[-22,25],[-3,64],[-31,31],[-40,-20],[-26,-66]],[[39035,41480],[-315,294],[-190,-130],[-77,-39],[-38,41],[-79,18],[-15,76],[-26,31],[-70,-26],[-75,34],[-5,85],[-55,2],[-17,30],[2,45],[-61,-18],[-56,22],[13,36],[-17,30],[-59,-2],[-5,26],[-55,-17],[-29,25],[0,37],[-31,17],[0,59],[-37,31],[-28,47],[-37,9],[-1,31],[-64,56],[-45,84],[-74,40],[-5,122],[27,65],[-23,17],[-66,-22],[-17,105],[-12,166],[10,43],[-68,61],[7,69],[-43,13],[0,52],[34,131],[-3,58],[-34,35],[9,92],[32,14],[-35,104],[16,63],[-10,39],[24,99],[-5,38],[65,153],[35,48],[66,27],[19,50],[101,66],[25,71],[-3,31],[-52,128],[29,99],[25,4],[65,45],[9,160],[-33,43],[-10,67],[-42,-21],[-65,-1],[-56,32],[-13,-92],[-87,-62],[-853,36],[-1646,71],[-1687,34],[-160,2030],[-785,936],[154,32],[617,-2],[-67,1221],[-50,-12],[-68,42],[-26,105],[-15,143],[-53,71],[-4,35],[-41,18],[-14,62],[-38,20],[-8,78],[18,33],[5,56],[-68,33],[-43,85],[-30,15],[-29,128],[37,35],[1,24],[-37,19],[-17,106],[-50,12],[10,43],[32,28],[-22,111],[46,56],[59,42],[32,41],[3,36],[48,47],[7,78],[50,19],[-20,37],[-59,-6],[-30,95],[-40,32],[-29,95],[-17,29],[-2,50],[-68,17],[56,59],[5,96],[-55,0],[-66,46],[-13,23],[-83,-5],[-42,60],[-41,11],[-30,-12],[-17,58],[-29,15],[-54,-49],[-25,0],[-58,48],[-23,52],[-46,17]],[[76437,53267],[-33,-8],[-17,-42],[-88,17],[-44,-43],[7,-29],[-64,-59],[-30,4],[-29,-24],[-50,-17],[-38,23],[-66,-38],[27,-28],[-52,-67],[4,-52],[-28,-31],[-2,-121],[10,-63],[-16,-22],[12,-116],[30,-56],[-193,-327],[485,61],[-5,-20],[-149,-70],[-329,-24],[-1,-47],[37,-40],[3,-58],[28,-50],[-32,-37],[2,-113],[94,-92],[86,-8],[37,-49],[-25,-22],[27,-37],[27,-94],[-11,-26],[6,-32],[34,-43],[-27,-50],[26,-59],[-9,-34],[17,-32],[78,-10],[48,-27],[23,-39],[57,2],[30,-74],[63,-53],[57,-1],[23,20],[57,-37],[12,-45],[-16,-58],[12,-34],[-7,-40],[46,-81],[6,-76],[58,-69],[23,-77],[278,-356],[-16,-97],[240,-500],[-18,-287],[62,-202],[-236,-278],[-218,-1],[19,-74],[-11,-85],[23,-58],[-13,-81],[-19,-39],[-89,79],[-60,0],[-74,26],[-15,-12],[-165,-592],[-56,-2],[-68,-25],[-29,-76],[16,-82]],[[76219,47751],[-22,23],[-70,35],[-27,40],[-52,-49],[-47,69],[-53,-17],[-60,32],[-51,10],[1,67],[13,32],[-94,15],[-47,57],[-47,30],[-40,14],[-7,28],[-62,11],[-41,60],[-18,5],[-39,32],[-58,-53],[-131,107],[-31,2],[-27,51],[-41,-8],[-63,46],[-19,55],[-86,18],[-68,46],[-56,65],[-72,53],[1,27],[-44,-5],[-113,119],[-37,31],[-53,24],[-62,6],[-26,-13],[-65,48],[-41,-21],[-26,27],[-42,-45],[-48,62],[-30,-13],[-27,34],[-58,-1],[-59,40],[-12,-27],[-42,29],[-22,-22],[-52,-6],[-37,11],[-86,-24],[-19,-27],[-55,17],[-46,-27],[-38,-41],[-78,-13],[-49,-23],[-37,-36],[-49,3],[-64,-62],[-16,-88],[-40,-27],[-63,-11],[-49,-48],[-19,24],[5,57],[-88,47],[-16,37],[-83,-23],[-36,24],[-70,14],[-73,43],[-73,-3],[18,37],[-33,43],[-71,-7],[-20,22],[-52,17],[-36,-4],[-111,39],[-30,-6],[-58,56],[30,78],[-14,80],[-25,14],[32,166],[106,213],[25,124],[87,128],[-41,3],[-20,32],[-33,6],[-33,31],[-107,-3],[-29,29],[-167,25],[-18,44],[-41,16],[-47,1],[-48,-24],[-20,-32],[-36,11],[-69,17],[-21,25],[-30,-13],[-35,36],[-44,-58],[-16,49],[-51,14],[-32,-23],[-86,51],[-62,-1],[-30,-34],[-51,35],[-81,-17],[-34,33],[-58,-23],[-50,-60],[-68,-20],[-54,-3]],[[62070,52410],[-5,-30],[17,-57],[-14,-88],[58,-44],[-1,-136],[-34,-30],[-36,22],[-40,-7],[7,-32],[-21,-40],[45,-27],[43,9],[16,-49],[57,-18],[0,-45],[16,-46],[41,0],[34,-40],[-39,-33],[-3,-125],[-20,-25],[58,-69],[2,-81],[35,12],[68,-108],[-20,-29],[77,-43],[-17,-35],[45,-41],[-9,-80],[50,-50],[89,-48],[37,-92],[-26,-38],[-6,-94],[38,-12],[35,-35],[38,-169],[-30,-35],[53,-13],[9,-61],[19,-57],[-38,-31],[12,-33],[-18,-97],[28,-52],[-78,-17],[71,-153],[153,-251],[29,-45],[-19,-28],[-43,-6],[-29,-39],[12,-60],[32,-28],[27,-126],[19,-38],[13,-70],[38,-37],[75,-21],[31,-33],[-18,-22],[-8,-99],[17,-47],[-31,-62],[17,-25],[-23,-105],[-25,-34],[-47,-1],[-33,-55],[-26,-69],[-51,-55],[-48,-29],[-31,-4],[-44,-52],[-41,11],[-64,-21],[-93,0],[-55,-52],[-36,-2],[-31,-38],[-5,-51],[-40,0],[-43,-94],[-32,25],[22,63],[-47,31],[-60,12],[-143,-12],[-123,-82],[-48,20],[-85,-61],[-79,-6],[-33,-32],[-79,-40],[-23,-44],[-74,22],[-45,-33],[-104,-41],[-18,-59],[-45,8],[-24,-71],[-29,-14],[-63,29],[-19,-21],[-119,62],[-12,-31]],[[61010,48045],[-11,34],[-82,30],[-45,-13],[-34,49],[-54,44],[-36,-13],[-13,26],[-57,5],[7,49],[-14,36],[19,53],[-32,61],[-29,-43],[24,-29],[-81,-74],[-2,-47],[-31,-36],[-5,-141],[-54,-47],[-2,-41],[-58,-66],[10,-27],[-12,-48],[-66,-72],[-2,-49],[-55,-55],[-30,-134],[-1,-63],[-53,-50],[-138,-12],[-32,-44],[-32,14],[-54,-62],[-31,-17],[-2,-35],[-43,-71],[-8,-92],[32,-29],[-16,-115],[8,-36],[-42,-35],[25,-44],[-2,-69],[-28,-28],[12,-38],[-45,-15],[-53,-75],[-43,-33],[-53,-12],[-40,-28],[-15,3],[-47,87],[-32,-12],[-29,30],[20,26],[8,67],[-7,65],[22,25],[-37,87],[-43,-9],[-74,54],[-47,-74],[-17,-2],[-9,-64],[-42,20],[-18,-36],[-100,5],[-36,-17],[-64,26],[-25,-6],[-20,-82],[-37,-14],[-75,51],[-50,-5],[-29,28],[1,66],[-24,-9],[-36,34],[-57,-22],[-15,-55],[43,-126],[-14,-54],[14,-32],[-10,-97],[11,-43],[-105,-101],[-28,-41],[-58,-6],[-25,-44],[6,-62],[-12,-57],[-25,-29],[-46,-25],[5,-57],[-31,-69],[-9,54],[-11,54],[31,77],[-44,39],[12,44],[-53,83],[-69,42],[1,24],[7,40],[37,-9],[68,105],[-5,64],[25,81],[-31,52],[-53,-1],[-11,24],[-60,-41],[-36,-12],[-92,35],[-62,-16],[-64,36],[-43,13],[-19,31],[7,74],[26,43],[36,31],[-6,101],[8,44],[-53,-23],[-80,52],[17,28],[-72,32],[-94,-35],[-84,-3],[-16,38],[-62,0],[-20,-20],[-84,1],[-62,-13],[-62,-76],[38,87],[-19,73],[71,58],[-9,75],[50,66],[1,36],[13,27],[51,31],[46,67],[-40,37],[9,46],[38,54],[-45,51],[-60,-31],[-98,65],[18,31],[-54,56],[-39,-11],[-52,58],[-43,-2],[16,57],[-54,14],[10,30],[-81,19],[1,57],[-20,62],[-58,16],[-29,34],[-56,18],[-25,-10],[1,81],[25,38],[-39,22],[0,31],[-40,15],[-9,89],[-41,18],[0,43],[-55,-1],[-16,54],[-49,-26],[-40,100],[-60,56],[7,42],[58,-32],[17,16],[115,13],[66,-8],[16,10],[77,-39],[57,14],[101,219],[-16,7],[4,71],[-32,13],[-46,51],[-54,31],[-1,37],[56,82],[-41,85],[-44,25],[17,124],[-56,67],[-34,120],[-36,47],[502,581],[4,38],[-22,73],[12,23],[-7,79],[-22,61],[0,36],[-308,25],[-37,23],[-58,6],[-41,40],[-49,92],[-10,53],[-45,86],[33,64],[-120,71],[-31,57],[-12,73],[-47,47],[-60,19],[42,26],[-14,80],[35,22],[-12,37],[-32,21],[38,96],[4,111],[-21,79],[-73,33],[-38,78],[-41,32],[33,111],[-61,17],[-31,70],[1,25],[-41,39],[-52,6],[14,35],[0,63],[-47,33],[-10,93]],[[85115,53177],[-21,-83],[-63,-123],[-95,-104],[-99,-59],[-149,-59],[-86,75],[-120,-63],[-52,-60],[-42,-18],[-58,-50],[-30,0],[-25,-15],[-41,-63],[-41,-127],[-3,-134],[45,-107],[15,-24],[61,59],[20,-21],[19,-85],[-9,-32],[40,-47],[-19,-65],[-52,-16],[19,-57],[-45,-38],[-16,-98],[10,-56],[37,-6],[2,-34],[31,-24],[-9,-60],[40,3],[-8,-99],[-49,-36],[-22,42],[-54,-8],[-51,-44],[1,-25],[-55,-72],[-23,-75],[-5,-100],[37,-106],[36,-46],[43,-75]],[[84229,50942],[-27,-34],[-55,-27],[-22,-38],[-6,-75],[31,-79],[-21,-76],[-25,-32],[-4,-49],[36,-24],[19,-47],[-18,-50],[-51,-12],[-10,-39],[-122,-37],[-33,15],[-35,-13],[-96,51],[-72,-29],[-54,2],[-75,-21],[-164,-121],[-140,24],[-12,14],[49,135],[-42,64],[0,41],[-58,3],[-3,38],[-51,28],[-26,-4],[-3,95],[34,-4],[22,74],[69,150]],[[83264,50865],[22,6],[-17,54],[12,37],[45,22],[8,36],[129,358],[-222,-73],[-231,38],[2,31],[-33,35],[8,53],[24,19],[68,-14],[26,45],[67,8],[87,-58],[-13,114],[28,130],[-44,-32],[-6,-25],[-32,23],[14,10],[20,62],[-16,67],[-32,-35],[-44,43],[14,21],[-99,26],[-68,-46],[-57,-7],[-48,67],[-42,-29],[-81,51],[-31,48],[-21,21],[-35,-14],[-62,-18],[-43,-75],[-56,-66],[-65,63],[-31,39],[-88,32],[-14,80],[28,20],[-34,30],[19,55],[-34,35],[19,16],[7,99],[-13,93],[-29,90],[-12,109],[-65,10],[-68,56],[-25,66],[-139,1],[-182,3],[-24,40],[-42,26],[-34,51],[-52,23],[-55,50],[-73,-20],[-169,21],[-30,229]],[[67196,48373],[-37,-27],[-23,-59],[-41,8],[-12,-67],[-28,-20],[-34,5],[-24,43],[-99,-28],[-34,-47],[-73,31],[-45,-11],[-22,52],[-63,-22],[-61,3],[-22,52],[-28,-8],[-32,29],[3,44],[23,14],[20,50],[-59,27],[11,29],[-4,56],[-79,52],[-26,-3],[-93,90],[-60,19],[-43,54],[-38,1],[-18,61],[-47,-6],[-27,17],[-20,-33],[-2,-57],[-81,-38],[2,-40],[-55,-50],[20,-48],[-6,-35],[64,-19],[29,-59],[-21,-84],[-29,-31],[-10,-75],[14,-68],[56,-54],[-24,-39],[-8,-44],[24,-22],[44,-98],[-31,-25],[-25,14],[-63,-20],[-56,-50],[-30,7],[-90,-22],[-75,21],[-61,58],[-107,52],[-65,15],[-68,34],[-140,26],[-41,-3],[-17,-26],[-130,-73],[-17,-22],[-2,-41],[66,-51],[25,-55],[-116,-225],[7,-53],[-18,-19],[30,-62],[53,47],[36,4],[4,-119],[35,-6],[95,-106],[-29,-55],[-52,-38],[48,-30],[-86,-51],[-78,-68],[-31,-60],[-5,-111],[-28,-82],[-8,-109],[69,-73],[53,-10],[34,-43],[68,-24],[-11,-52],[16,-34],[-8,-77],[32,-81],[37,-39],[-1,-57],[34,-90],[-26,-55],[2,-41],[43,-89],[-2,-32],[-17,-20],[-44,-1],[-528,-147],[-86,-62],[-44,7],[-49,33],[-20,54],[-38,-23],[-50,-62],[5,-37],[-33,-24],[-56,-10],[-24,-71],[-50,3],[-41,-16],[-30,19],[-80,-14],[-24,-50]],[[64139,45396],[-24,-1],[-69,79],[-29,-5],[-38,54],[-5,33],[41,108],[-7,58],[-38,70],[21,24],[2,79],[24,54],[72,105],[3,31],[39,69],[-18,52],[19,60],[-47,39],[12,84],[-16,48],[39,104],[-74,25],[-63,5],[-37,26],[-37,54],[-31,-1],[1,119],[-189,0],[-1340,1],[-354,0],[1,-312],[-45,-2],[-40,-58],[2,-35],[-19,-78],[3,-42],[56,-6],[26,-26],[3,-60],[-18,-46],[-59,-64],[-9,-36],[-63,-21],[-44,-77],[4,-46],[30,-69],[-12,-63],[16,-14],[-15,-48],[41,2],[21,-43],[-24,-53],[1,-39],[-30,-67],[3,-52],[-18,-58],[463,-1],[969,3],[904,0]],[[64143,45359],[10,-24],[-14,-70],[-43,-8],[-9,-44],[-39,-72],[5,-73],[31,-19],[10,-58],[-14,-19],[32,-74],[-12,-47],[-49,-51],[-14,-97],[-32,-65],[-36,-31],[-29,-58],[-62,-37],[-20,-35],[9,-48],[-23,-68],[-53,-65],[2,-64],[-16,-40],[42,-59],[-3,-32],[55,-26],[28,-39],[-9,-23],[85,-9],[2,-55],[47,31],[48,-23],[4,-49],[46,1],[71,-45],[23,-66],[32,-6],[37,-30],[7,-69],[53,-56],[-30,-84],[12,-51],[33,-12],[4,-57],[19,-45],[34,-14],[-30,-37],[17,-48],[-10,-82],[53,-30],[20,-42],[-4,-37],[19,-50],[35,-7],[21,-43],[41,-19],[-34,-45],[-12,-73],[-52,-56],[-42,29],[5,-71],[-33,9],[-28,-52],[-39,12],[-47,-29],[-11,-29],[-64,-14],[-18,-28],[1,-73],[-34,12],[-37,-20],[-123,-100],[-1,-95],[-32,14],[-7,-49],[-44,-16],[-49,-72],[-4,-74],[-38,-45],[-47,-33],[-13,-37],[-67,-13],[-56,61]],[[63653,42092],[29,58],[-25,46],[-37,13],[-14,96],[-43,48],[-55,33],[-3,28],[-37,30],[-24,55],[-104,55],[-5,44],[-38,50],[6,41],[-90,35],[-7,33],[-38,30],[-16,54],[46,76],[9,109],[29,39],[-25,86],[-90,-44],[-28,-1],[-66,27],[-43,-22],[-44,28],[-62,-21],[-118,-3],[-27,21],[-41,-15],[25,-71],[-21,-49],[-29,-29],[5,-57],[-201,139],[-8,40],[-69,33],[-76,-28],[-30,10],[1,54],[-26,42],[27,30],[-25,56],[25,38],[-13,27],[18,82],[-34,82],[-34,50],[-49,20],[-51,-4],[-14,27],[-73,-14],[-30,6],[8,222],[-91,118],[-68,187],[-18,82],[-77,58],[-21,56],[-52,0],[-34,23],[-41,109],[-21,-3],[-80,46],[11,65],[-16,48],[10,41],[59,37],[63,-29],[56,11],[10,79],[-14,57],[-88,58],[-29,61],[18,73],[32,8],[-7,45],[16,46],[-11,56],[9,47],[-39,78],[3,162],[-18,56],[-63,51],[-24,-4],[-32,72],[14,66],[-6,35],[30,81],[45,61],[25,97],[21,32],[40,24],[-9,55],[18,122],[75,14],[45,24],[114,130],[-9,32],[-78,24],[-51,40],[-92,-22],[-45,30],[-41,-8],[-24,-55],[-38,-28],[-70,41],[-74,22],[-24,26],[-47,15],[-116,19],[1,60],[-31,-2],[-7,37],[-43,27],[-1,33],[-43,30],[41,63],[-1,71],[53,32],[12,35],[-36,26],[25,72],[-4,45],[-26,66],[-51,25],[30,59],[-19,58],[2,51],[-18,25],[47,52],[12,64],[20,24],[-51,20],[-15,75],[-70,65],[24,47],[-29,26],[-23,85],[-57,23],[22,36],[-24,65],[36,97],[64,-2],[35,46],[-29,11]],[[83264,50865],[-38,7],[-67,-27],[-25,51],[-37,-42],[-31,32],[-32,2],[-47,40],[-44,-8],[3,-534],[37,-54],[-38,-30],[-20,-123],[-31,-41],[-19,-88],[-74,27],[-31,-66],[-39,6],[-1,-47],[326,-130],[-4,-35],[-45,-23],[-6,-44],[-57,-6],[-41,-18],[-45,26],[-74,-12],[-27,28],[32,69],[-54,27],[-65,-31],[-17,28],[-43,29],[-7,37],[-31,16],[-27,-46],[-60,-21],[40,-45],[-40,-34],[-13,-83],[-34,-34],[-26,11],[-31,-27],[-62,13],[13,59],[-59,-30],[-62,21],[-51,-63],[-28,-20],[-22,-30],[9,-96],[-52,-47],[-41,16],[-13,31],[-68,-6],[-43,-86],[-58,-30],[-27,33],[-20,-41],[220,-273],[-26,-47],[-14,-58],[-27,-28],[-1,-71],[-43,-3],[-19,-39],[-36,0],[-27,49],[-24,-34],[-23,16],[-122,-36],[-6,-35],[-34,-48],[-13,-46],[75,-129],[-25,-53],[-4,-31],[-47,-122],[18,-60],[3,-65],[-22,-92],[42,-15],[61,22],[59,-13],[178,-181],[-21,-31],[42,-39],[10,-107],[-10,-16],[116,-538],[173,-635],[5,-19],[49,28],[74,-14],[30,-48],[-12,-29],[45,-23],[30,-48],[72,70],[45,-48],[45,-26],[62,52],[26,17],[128,-55],[-17,-10],[-25,-63],[-1,-56],[23,-62],[-22,-59],[0,-65],[-61,-38],[-7,-59],[-49,5],[-101,80],[-43,-8],[-12,-23],[-40,8],[-12,-38],[-81,-32],[-46,3],[-50,-59],[-28,-3],[-66,-36],[0,-52],[-58,-24],[-3,-52],[-123,-31],[-36,-39],[-26,41],[-41,16],[-29,3],[-19,-37],[-47,39],[4,-77],[39,-61],[46,-30],[9,-31],[41,-28],[59,10],[40,-27],[18,-32],[-37,-20],[-17,-31],[-118,-8]],[[81913,45489],[-98,22],[-19,-36],[-40,0],[-28,27],[-30,-18],[-22,46],[-76,29],[-1,26],[-49,6],[0,52],[-15,73],[-58,10],[-40,-10],[-37,10],[-50,5],[-61,91],[-106,88],[1,23],[-42,59],[-93,-37],[-127,0],[-132,9],[-24,-13],[-53,34],[-26,2],[-17,69],[-46,49],[-24,16],[-52,-57],[-28,25],[-35,-6],[-22,-28],[0,-47],[-52,7],[-58,-20],[-22,37],[14,31],[-62,11],[-26,32],[7,41],[-31,21],[-29,43],[-45,-27],[-39,55],[-51,21],[-34,70],[-26,14],[-68,-26],[-20,-22],[11,-46],[-68,-28],[-40,37],[8,52],[-92,84],[-26,-6],[-3,-56],[-42,-27],[-80,-34],[-51,8],[-27,78],[-84,12],[-28,22],[-37,-63],[-8,-50],[-61,-55],[-78,-3],[-35,-27],[-61,14],[-39,-51],[-84,-19],[-17,-50],[-21,-15],[-28,27],[-98,29],[-45,33],[-52,0],[-55,-28],[-79,24],[-92,-15],[-61,627],[-14,14]],[[78434,46784],[-244,237],[-810,771],[-119,-41],[-48,5],[-23,-56],[-41,-38],[-71,-23],[-15,-35],[-51,-3],[-98,44],[-88,-20],[-101,-24],[-49,-25],[-30,44],[-24,62],[-81,61],[-8,54],[-48,34],[-23,-35],[-81,-15],[-26,16],[-48,-25],[-42,-41],[-46,20]],[[63653,42092],[15,-38],[-21,-40],[-2,-51],[-33,-32],[11,-61],[-8,-72],[-23,-43],[54,-9],[26,-54],[-1,-81],[20,-34],[43,39],[24,-56],[51,6],[122,48],[51,-30],[66,-8],[36,8],[45,-50],[16,-39],[55,-49],[44,-85],[-7,-69],[-31,-40],[27,-54],[-105,-63],[-10,-71],[-60,-45],[24,-57],[-52,-54],[-30,-122],[32,-91],[-14,-39],[34,-33],[1,-56],[25,-43],[2,-36],[48,-30],[-22,-54],[27,-56],[36,-8],[2,-44],[29,-37],[1,-44],[-46,-40],[-49,10],[-84,-39],[5,-52],[-124,-68],[-2,-25],[-50,6],[-15,-33],[12,-35]],[[63848,39939],[-51,17],[-30,-47],[-39,1],[-23,-39],[-62,-10],[-6,-37],[-53,-17],[9,57],[-83,-65],[-43,-17],[-45,-51],[-44,-38],[16,-25],[-47,-41],[66,-71],[-36,-49],[-48,-15],[-28,32],[-31,-76],[-21,3],[-35,-48],[-45,-5],[-10,38],[-57,-5],[-5,-32],[-35,-51],[-5,-36],[-26,-21],[-21,-14],[-47,20],[-29,42],[-50,-36],[-18,-97],[-52,30],[-10,-24],[3,-39],[-29,-28],[-36,-3],[-58,26],[-26,-12],[-10,-42],[-61,-32],[-24,58],[-35,4],[8,60],[-12,25],[-57,-31],[-56,51],[-29,5],[-24,51],[-40,-29],[-99,-2],[-87,47],[-61,87],[-51,29],[-74,7],[-5,39],[-78,11],[-36,34],[-46,-63],[-59,-33],[-23,-47],[-42,31]],[[61657,39416],[2,71],[-36,9],[3,49],[37,7],[40,45],[17,48],[40,7],[-18,52],[-32,21],[-13,15],[-21,107],[-56,78],[-33,20],[-13,34],[-47,19],[-7,40],[35,39],[37,11],[3,51],[68,12],[23,21],[16,56],[34,7],[27,44],[-55,117],[26,85],[-13,27],[-42,21],[-62,-31],[-61,9],[-29,75],[-6,52],[-31,80],[-47,7],[-52,41],[-47,-55],[-54,-2],[-43,-30],[-3,70],[-47,11],[-4,29],[-69,46],[45,23],[-4,40],[88,19],[-29,51],[2,27],[53,40],[4,65],[91,7],[10,85],[-38,54],[31,49],[-46,23],[47,31],[-21,40],[-8,33],[-36,-7],[-43,45],[10,58],[-19,46],[-9,84],[26,20],[-56,30],[-59,-3],[-82,14],[-42,-20],[-39,21],[-211,-52],[-7,34],[-35,28],[-31,63],[-33,21],[-16,37],[-54,37],[-14,55],[-40,1],[10,90],[97,189],[122,107],[233,39],[11,57],[58,101],[-8,28],[20,54],[-69,26],[-3,-31],[-35,-55],[-51,-33],[-18,-48],[-57,42],[-129,24],[-55,-18],[-119,-62],[-11,31],[-28,51],[0,33],[-64,131],[-13,75],[-39,31],[-9,40],[-38,52],[-48,-18],[-62,1],[-32,-76],[-1,-96],[-55,8],[-48,-14],[-75,61],[-54,5],[-38,36],[-77,-21],[-21,-31],[-34,-11],[-4,-43],[-27,-61],[-62,-33],[-25,21],[-45,5],[-43,-42],[-12,36],[-47,55],[2,24],[-36,25],[-153,-70],[-64,-55],[-113,-28],[-46,-36],[-90,-7],[-31,37],[-37,-3],[-25,-52],[-62,16],[-33,20],[-31,-8],[-80,-63],[-36,-57],[-48,-12],[-48,-56],[-39,1]],[[58584,42342],[-32,6],[-26,74],[3,35],[-44,53],[21,31],[-55,10],[-25,22],[2,63],[-35,18],[-14,79],[-30,16],[-45,70],[-7,48],[-21,22],[-9,49],[28,71],[-7,29],[-15,31],[29,-3],[26,33],[-25,52],[5,33],[48,48],[43,-4],[27,24],[49,-6],[88,74],[43,12],[33,70],[-4,31],[-81,-5],[-12,38],[49,26],[-57,22],[-30,26],[-5,58],[-49,34],[6,30],[-42,56],[5,52],[45,-3],[25,28],[12,79],[28,35],[14,53],[86,80],[15,49],[-63,-21],[-42,29],[-30,-16],[-19,26],[-54,10],[-34,32],[-26,-25],[-59,-123],[-43,13],[-58,50],[-59,97],[-86,-1],[-21,9],[-124,-16],[-48,-12],[-81,-53],[-65,18],[-31,26],[-31,0],[-30,60],[-50,-12],[-26,-25],[-61,56],[-60,17],[-26,-34],[-28,27],[-30,-23],[-101,53],[15,23],[-35,59],[14,30],[-42,62],[-36,-10],[-41,50],[2,94],[-59,34],[79,19],[-17,65],[6,25],[-23,22],[4,35],[42,22],[-3,43],[-116,175],[-9,52],[-60,36],[-59,-8],[-56,30],[-60,-30],[-36,15],[-37,-32],[-47,-71],[-9,-42],[-38,-42],[-20,8],[-59,-33],[0,-64],[-70,32],[-28,52],[-22,8],[-39,-25],[-68,85],[-90,-83],[-3,88],[-49,55],[26,76],[-56,14],[-33,31],[-21,57],[-66,-9],[-317,61],[-28,49],[44,69],[17,109],[-42,-61],[-61,34],[-31,-10],[-47,9],[-25,-31],[-7,-54],[-67,-25],[-27,13],[-38,71],[-72,12],[-33,-34],[-26,8],[-93,97],[-83,53],[-31,-30],[-26,26],[-29,-3],[-26,25],[-42,-14],[-46,37],[-22,-21],[-43,16],[-46,-29],[-34,51],[-24,10],[-47,-17],[-39,-54],[-23,-14],[-39,42],[-41,-4],[-75,88],[-35,-8],[-32,-30],[-31,12],[-38,64],[-43,32],[-25,36],[-39,17],[26,50],[-50,18],[-49,-7],[-18,62],[-72,50],[-52,-6],[-50,100],[25,62],[11,57],[-17,26],[-98,36],[-1,41],[32,89],[-48,57],[16,43],[-35,19],[-13,74],[-43,-27],[-43,45],[-46,21],[36,56],[1,38],[-30,44],[-122,58]],[[84229,50942],[36,-34],[20,-55],[1,-86],[-41,-158],[-27,-197],[-50,-156],[-7,-78],[-23,-45],[-3,-79],[-15,-116],[28,-31],[8,-47],[-44,-115],[-3,-70],[-35,-138],[-21,-132],[-26,-76],[-5,-97],[-65,-248],[-2,-203],[10,-95],[19,-66],[34,-21],[7,-56],[28,5],[-5,-189],[10,-11],[8,-102],[20,-42],[36,-153],[-4,-240],[-3,-346],[11,-41],[1,-131],[17,-20],[32,-211],[68,-294],[9,-83],[-6,-160],[18,-157],[26,-124],[27,-22],[35,-131],[94,-173],[-11,-48],[21,-24],[-73,-146],[-148,-447],[-22,-85],[21,-80],[-15,-15],[-48,-129],[-32,-14],[-77,-106],[17,-6],[-24,-119],[7,-37],[35,-45],[-16,-33],[11,-57],[-55,-24],[-67,-112],[-14,-73],[10,-40],[-61,-199],[1,-64],[-21,-85],[9,-50],[-8,-65],[-25,-48],[1,-71],[-51,-75],[-8,-48],[-33,-34],[0,-276],[32,-44],[41,-25],[-30,-21],[-68,-99],[-8,-97],[-42,-89],[-2,-92],[-20,-163],[-37,-35],[-35,-92],[1,-192],[-23,-120],[5,-83],[37,-224],[31,-106],[-4,-168],[11,-126],[-16,-46],[9,-52],[47,-99],[83,-118],[-6,-24],[-108,-101],[8,-44],[-52,-37],[-12,-28],[-126,-140],[-14,-33],[-9,-70],[-134,-63],[-73,-9],[-159,-80],[-79,-65],[-90,-109],[-69,-110],[-67,-139],[-40,1],[6,-37],[-176,-323],[-40,-135],[-12,-93],[-27,-65]],[[82504,39468],[10,45],[-57,29],[-348,235],[-934,637]],[[81175,40414],[-11,57],[-79,47],[-9,46],[122,67],[93,113],[-19,40],[-54,19],[-1,60],[-32,24],[10,108],[-24,50],[-42,-1],[-35,39],[-59,-9],[-14,57],[-27,8],[-4,59],[-57,34],[1,48],[-60,75],[-17,-80],[-42,82],[-60,-34],[-16,36],[-26,4],[-9,39],[18,68],[-50,3],[-30,-30],[-38,25],[-37,91],[-34,35],[15,81],[-91,77],[3,29],[-83,29],[-38,51],[-68,-13],[-59,35],[58,46],[-9,123],[-16,37],[34,8],[54,74],[59,28],[-34,29],[-19,79],[28,28],[-9,50],[23,31],[-9,31],[-44,17],[-10,79],[37,57],[15,98],[-32,23],[-3,37],[46,118],[-5,29],[22,62],[70,53],[57,155],[1,42],[29,25],[49,-4],[20,-32],[40,9],[41,-30],[24,1],[14,21],[63,12],[24,30],[84,-88],[36,8],[31,34],[36,-32],[29,30],[24,83],[33,0],[13,38],[-28,64],[1,36],[-29,29],[-31,-22],[-28,19],[-70,-12],[-29,55],[38,86],[24,25],[-2,44],[20,28],[-11,29],[-15,47],[36,67],[35,122],[-9,19],[29,62],[34,-4],[59,27],[59,-23],[51,6],[41,-30],[31,27],[-1,71],[-18,22],[25,56],[103,124],[6,33],[37,82],[13,-36],[-11,-34],[31,-41],[42,14],[8,66],[25,1],[49,103],[17,89],[19,25],[53,44],[10,46],[31,4],[43,-28],[20,62],[47,36],[39,0],[-9,51],[-39,46],[91,114],[36,17],[7,131],[48,48],[9,28],[-23,47],[-26,9],[-15,66],[-39,18],[1,25],[-55,54],[-32,12],[49,61]],[[78434,46784],[-51,-1],[-76,33],[-54,-25],[-20,13],[-74,-75],[-28,7],[-40,-36],[-46,-3],[-20,30],[-48,-14],[-37,9],[-51,-6],[-11,36],[-53,-4],[-58,-22],[-90,30],[-85,-45],[-8,-38],[21,-33],[-20,-53],[-78,-46],[93,-59],[115,-10],[38,29],[43,-14],[57,-61],[-13,-42],[-77,-31],[-55,-53],[35,-75],[26,-15],[16,-48],[-25,-14],[-60,-137],[-91,-16],[-31,-19],[-35,64],[42,73],[-20,46],[-119,-60],[-111,9],[-48,54],[-64,-3],[-33,-25],[0,-56],[46,-60],[-1,-91],[-52,-45],[-19,-42],[-35,-32],[-2,-46],[-27,-36],[60,-65],[48,5],[19,-73],[33,-3],[47,-48],[34,26],[126,15],[34,-11],[56,15],[37,34],[118,43],[111,-22],[-1,-34],[-42,-33],[-8,-65],[-66,-42],[-2,-30],[-96,-47],[-20,-52],[10,-70],[-31,-10],[23,-52],[72,-1],[-35,-80],[20,-29],[-26,-38],[-45,-30],[-67,1],[-55,-16],[-23,38],[-65,6],[-24,41],[-40,-63],[-55,10],[-37,-17],[-73,-84],[-7,-54],[-23,-18],[-7,-45],[-47,-62],[52,-68],[4,-35],[37,-47],[2,-38],[-11,-33],[-82,-38],[-45,-48],[-83,5],[-3,40],[-86,16],[-42,-13],[-99,1],[-40,-59],[10,-35],[-19,-47],[-27,-42],[-56,-2],[-14,-29],[-71,-32],[-54,44],[-55,-11],[-11,-23],[-49,-9],[-47,23],[-35,-13],[-23,-42],[-83,-7],[-129,49],[-18,18],[-45,-7],[-90,-68],[-63,21],[15,-92],[41,-68],[6,-77],[35,-23],[4,-88],[61,-31],[-20,-28],[-81,-40],[-23,13],[-38,-42],[-29,8],[-153,-98],[-11,-32],[-54,-48],[-24,21],[-50,1],[-26,-1],[-21,-54],[-43,-17],[-59,3],[3,-54],[-45,-75],[-124,-43],[-14,-68],[18,-54],[-65,-30],[33,-58],[-42,-47],[7,-48],[-46,-1],[28,-46],[-29,-47],[-32,2],[-22,-50],[9,-51],[-62,-13],[-30,-44],[-78,-7],[-1,-29],[-80,43],[-21,-37],[-36,36],[-8,-63],[-25,-64],[-76,-40],[-36,-69],[-16,-60],[16,-23],[-51,-74],[-48,21],[-107,-100],[-32,-73],[-63,-91],[-53,-2],[2,-39],[-39,4],[-24,-19],[-33,48],[-39,5],[1,-41],[-74,-32],[1,-39],[-26,-32],[21,-30],[43,-14],[13,-108],[-31,7],[-21,-33],[-44,-39],[-45,60],[-20,0],[-37,51],[-25,-81],[-28,-44],[32,-22],[2,-39],[-32,-27],[-36,-6],[-59,-37],[19,-34],[46,-23],[-52,-27],[-44,23],[-77,-50],[7,-50],[-99,47],[-55,-21],[7,-37],[-46,-5],[-8,36],[-43,-8],[-1,38],[-32,1],[-1,63],[-55,-88],[37,-16],[1,-40],[-112,56],[-57,-42],[22,-35],[-36,-33],[29,-69],[-58,-46],[-50,-7],[23,-101],[35,-18],[-9,-42],[-55,-16],[22,-32],[-10,-61],[17,-14],[-30,-69],[-37,-9],[-21,-29],[-32,11],[-79,-25],[-67,24],[-93,-40],[-63,-10],[56,-49],[-15,-33],[-30,0],[22,-121],[34,-36],[-3,-47],[-25,-38]],[[72664,40556],[-31,61],[-77,40],[-20,80],[-42,21],[-23,35],[-5,73],[-63,71],[11,36],[-65,48],[-1,106],[11,43],[-25,54],[30,13],[-24,52],[9,77],[-29,8],[-6,44],[-46,65],[-70,20],[-41,-40],[13,-76],[-25,-27],[16,-29],[-38,-31],[-19,-53],[18,-26],[-20,-41],[10,-25],[-11,-77],[-61,-29],[-1,-28],[-88,-109],[-30,-110],[-33,-66],[-47,-31],[-20,35],[-4,59],[-72,11],[-66,31],[-39,36],[-38,-49],[-48,18],[-46,-29],[-64,6],[-50,30],[-30,-2],[38,-28],[-41,-26],[5,-134],[-14,-77],[-104,-2],[-79,-38],[-12,-23],[-9,-115],[-29,-55],[2,-41],[-43,-45],[-3,-96],[-48,11],[-68,-19],[-27,10],[-27,27],[-81,3],[-37,14],[28,123],[-27,63],[26,27],[-41,34],[-53,-87],[-34,19],[-64,-54],[20,-39],[-43,-83],[-60,-9],[-11,-25],[-64,-40],[-27,33],[-46,-39],[-18,-54],[-40,-34],[-7,-47],[-38,-32],[-75,15],[-52,38],[-32,-19],[-28,28],[-47,-5],[-64,85],[-45,-11],[-106,53],[-66,-12],[-58,54],[-49,7],[-37,57],[10,83],[-108,67],[-21,28],[-30,-8],[-33,23],[1,41],[-45,41],[-83,-56],[-48,-7],[-43,-30],[-16,-60]],[[69213,40385],[-29,-12],[-35,48],[-42,3],[-64,-37],[-53,73],[-28,4],[-42,39],[-52,21],[-10,66],[-107,23],[-66,-10],[-67,-37],[-7,38],[-55,-4],[8,67],[37,33],[-13,51],[-25,39],[45,52],[-26,44],[102,27],[-12,46],[-41,26],[-21,43],[56,16],[27,51],[-10,87],[34,34],[-77,71],[-51,82],[48,50],[38,-17],[68,35],[-2,31],[24,34],[4,76],[-32,22],[-55,84],[-56,-10],[-80,57],[-67,30],[0,34],[-33,47],[-69,12],[-35,42],[-3,53],[68,46],[6,37],[58,66],[-9,176],[34,7],[10,77],[46,44],[-28,73],[86,63],[4,52],[29,31],[-26,34],[-62,-8],[-44,39],[-30,-24],[-68,11],[26,27],[-75,85],[6,57],[74,-18],[18,7],[8,62],[-20,32],[29,26],[-6,74],[-19,7],[-17,50],[-112,-3],[-26,60],[-41,26],[2,61],[-29,-2],[-30,31],[-127,-48],[-44,26],[-47,-46],[-26,2],[-74,52],[10,36],[-31,24],[-45,-10],[3,64],[-42,-23],[-15,25],[-74,4],[-56,40],[-16,110],[6,23],[-63,84],[-8,67],[-47,-19],[-33,9],[-56,-32],[-35,64],[-54,-2],[-24,14],[-31,67],[2,92],[10,22],[44,-5],[26,33],[6,61],[52,27],[-12,53],[43,27],[56,8],[2,25],[-18,14],[-12,76],[25,45],[-2,29],[40,72],[-45,70],[-107,12],[-45,14],[-51,50],[-111,-13],[-37,-21],[-50,58],[-46,13],[-35,-34],[-34,16],[-43,-10],[-42,35],[-53,10],[-37,59],[-50,-19],[-99,25],[-32,30],[32,38],[9,40],[57,18],[40,44],[1,27],[-26,57],[16,14],[76,-24],[55,-2],[47,14],[41,-27],[77,39],[8,44],[50,48],[-4,66],[61,107],[30,120],[1,64],[58,28],[9,21],[50,12],[10,37],[98,-59],[40,-55],[-12,-43],[82,-17],[-12,-58],[30,-6],[73,52],[30,-10],[107,78],[21,88],[-8,29],[28,33],[-9,25],[36,108],[43,54],[41,27],[17,42],[0,47],[30,49],[101,106],[1,20],[47,41],[37,66],[17,0],[72,94],[23,-2],[40,68],[-2,17],[57,40],[-49,40],[-22,49],[16,65],[-19,39],[17,93],[-24,35],[-2,41],[-23,29],[47,69],[-25,80],[-12,97],[-160,56],[-166,-49],[-16,12],[-28,83],[34,-17],[99,74],[118,110],[112,160],[49,12],[75,-10],[-15,66],[-14,29],[24,46],[-37,54],[-32,22],[-134,-101],[-65,-17],[-48,17],[-31,-35],[-60,5],[-78,81],[0,33],[-33,34],[44,95],[30,34],[-3,33]],[[69213,40385],[41,-41],[2,-60],[-69,-55],[65,-100],[-11,-77],[-27,-17],[-31,34],[-53,17],[-34,-26],[-5,-35],[49,-11],[4,-39],[-33,-69],[-31,-28],[-22,-57],[7,-29]],[[69065,39792],[-71,30],[-60,-25],[-62,-66],[-11,-37],[-41,-15],[-21,-48],[-58,-23],[-29,-58],[-105,-17],[-92,13],[-12,16],[-52,-16],[-6,-24],[-72,-44],[-24,3],[-67,-73],[-19,-50],[-54,-18],[8,-34],[-46,-19],[-37,-121],[6,-38],[25,-39],[-14,-45],[51,-66],[-9,-49],[13,-34],[-49,-95],[3,-48],[-11,-95],[-53,-37],[-14,-47],[-53,-21],[-7,-86],[-19,-44],[92,-58],[46,16],[15,-47],[-22,-51],[31,-25],[-26,-35],[-66,-31],[16,-23],[-20,-32],[-1,-49],[25,-28],[-64,-39],[13,-55],[-51,-39],[-3,-51],[20,-40],[-27,-36],[-11,-61],[-35,-23],[-67,-164],[9,-36],[-36,-48],[-15,-52],[-22,-19],[-4,-34],[-52,-42],[7,-22],[-24,-36],[18,-62],[-93,-159],[11,-28],[-32,-50],[7,-32],[-42,-26],[-51,-134],[4,-81],[-24,-17],[9,-27],[-21,-40]],[[67517,36606],[-44,-26],[-43,37],[-60,12],[-35,-8],[-34,-55],[9,-18],[-64,-112],[-48,1],[-29,-41],[-36,32],[-80,-11],[-23,26],[-9,32],[-45,9],[-13,34],[57,57],[9,30],[-66,10],[-13,64],[-39,68],[-67,-39],[-79,8],[-43,-14],[-38,-47],[-39,38],[-64,5],[-43,71],[-9,48],[-91,-39],[-46,5],[-48,-14],[-51,89],[-14,85],[-78,60],[-94,-24],[-14,18],[-32,-26],[-44,3],[-47,-39],[-31,29],[-75,19],[-120,-12],[-84,29],[-28,23],[-72,19],[-36,-7],[-25,20],[-65,-52],[-42,2],[-85,-15],[-35,33],[-31,39],[-76,4],[-40,40],[-47,-8],[-28,-45],[-60,19],[-7,39],[-95,45],[-35,-30],[-8,50],[-20,32],[-57,34],[-3,22],[-46,15],[-46,-5],[-7,58],[-59,10],[-72,-19],[-59,57],[-109,61],[-57,-36],[-51,29],[-41,-8],[-34,-33],[-2,-28],[-53,1],[19,57],[-24,47],[-41,14],[-102,-26],[-34,15]],[[63947,37473],[32,90],[-12,86],[25,6],[24,62],[42,29],[3,85],[40,49],[-39,24],[75,77],[72,4],[-2,34],[24,45],[-52,5],[8,60],[-38,60],[8,63],[-35,89],[63,86],[52,29],[-25,1],[-24,47],[-69,73],[-56,47],[-22,91],[35,88],[7,51],[39,43],[28,6],[20,44],[-27,32],[-58,9],[-5,81],[23,17],[1,60],[25,65],[-16,33],[15,51],[-67,108],[-21,66],[41,75],[-45,40],[-19,40],[-44,28],[47,36],[25,63],[-56,38],[-99,10],[13,51],[-39,17],[-16,72]],[[64143,45359],[-4,37]],[[58584,42342],[11,-33],[0,-94],[-37,-21],[35,-26],[-78,-16],[-26,126],[-47,32],[-20,64],[-51,22],[-4,37],[-28,-31],[-106,-41],[-73,-123],[23,-56],[-24,-86],[107,9],[26,-46],[-14,-98],[-43,-26],[3,-41],[79,-33],[-9,-72],[58,-24],[-33,-22],[-53,22],[-56,-34],[-28,15],[-39,-55],[-47,-12],[-36,-31],[-100,-18],[-44,-24],[-29,-181],[-47,-51],[2,-26],[-22,-74],[-31,5],[-24,39],[-48,-90],[-41,-3],[-45,20],[-5,-69],[-50,16],[-10,-27],[34,-40],[-13,-28],[-69,-13],[-21,-33],[-16,-71],[30,-23],[-63,-43],[-44,-11],[-21,28],[-45,-51],[-42,-24],[-73,74],[-68,20]],[[57169,40950],[21,28],[-24,33],[66,37],[-44,31],[-10,50],[42,15],[11,36],[28,20],[25,53],[-33,22],[51,83],[7,34],[6,31],[-49,52],[-78,-14],[-72,18],[-58,-40],[-30,25],[-24,-32],[-2,-51],[-42,-27],[-59,3],[-33,39],[-66,-26],[-39,9],[-44,-37],[-89,2],[-51,-55],[-28,-10],[-27,-36],[-7,17],[-99,10],[-62,107],[-28,22],[30,47],[-30,54],[22,60],[56,-3],[27,40],[-26,66],[8,43],[-12,120],[-35,38],[-23,-8],[-67,36],[-71,70],[-54,22],[-94,24],[-27,55],[-37,43],[-22,52],[-31,8],[-18,57],[15,67],[-21,29],[-55,13],[-36,53],[2,32],[-78,47],[-11,-21],[-81,11],[0,30],[-80,-1],[-73,73],[-15,57],[-25,13],[-15,42],[-59,26],[-18,47],[-59,88],[-53,39],[-61,93],[-10,42],[-54,33],[-1,0],[-59,42],[-60,119],[-70,-3],[-38,11],[-9,61],[-39,3],[-11,49],[-54,20],[-23,74],[-39,3],[2,44],[-15,79],[28,60],[-13,20],[-35,-25],[-21,-68],[-31,-44],[-97,0],[-58,-51],[-63,4],[-37,-65],[-48,28],[-80,-29],[-8,-57],[-86,-37],[-16,-29],[-40,-2],[-11,-33],[-158,-11],[-67,50],[-79,-37],[-56,-94],[-58,11],[2,137],[-33,72],[38,44],[-11,69],[54,54],[7,40],[75,7],[34,41],[-26,47],[2,50],[-29,20],[14,66],[76,29],[-21,24],[-28,104],[-22,12],[-73,18],[-88,-9],[-16,-68],[-76,-46],[-86,56],[-23,58],[-52,-15],[-80,-65],[-45,-4],[-16,-27],[-79,-43],[-80,64],[-45,-43],[-49,41],[-22,-8],[-32,34],[-36,-7],[-30,66],[-33,23],[14,26],[-16,37],[-34,2],[-18,54],[-47,20],[-22,123],[-52,12],[-31,31],[-47,-11],[-35,15],[-82,7],[-36,-22],[-14,41],[-42,-11],[-40,-108],[-81,-140],[-2,-42],[-38,-49],[-60,41],[-57,10],[-23,29],[-39,10],[-8,45],[-61,25],[-26,-4],[-69,-44],[-32,32],[-42,15],[-54,-54],[-50,6],[-38,-21],[-54,38],[-72,-10],[-47,14],[-36,27],[39,47],[-97,-23],[-14,37],[-45,-13]],[[81175,40414],[-80,22],[-85,51],[-82,34],[-22,29],[-85,10],[-107,-9],[-90,22],[-28,-29],[-51,54],[-40,-8],[-47,50],[-106,-55],[-50,-9],[-1,-52],[-30,6],[-57,-65],[-6,-74],[-48,-7],[-41,-54]],[[80119,40330],[-55,8],[-49,-35],[-26,49],[-28,7],[-58,-20],[-27,22],[1,51],[-30,16],[-37,-16],[-20,62],[-26,12],[-35,-31],[-29,21],[-66,-82],[-35,17],[-61,-14],[316,-312],[1,-121],[-54,-11],[-28,19],[-95,8],[-40,25],[-38,53],[-26,-11],[-35,33],[-69,-66],[-21,-1],[-34,-45],[-58,34],[-35,-64],[-42,-4],[-15,25],[-94,-23],[-3,-32],[-84,-39],[1,-86],[-25,-22],[13,-48],[-73,-58],[-72,-78],[27,-171],[-29,-14],[-2,-58],[36,-8],[-55,-22],[-37,-62]],[[78868,39238],[-68,-43],[-14,-47],[-27,-3],[-26,-35],[-39,2],[-31,-34],[-34,0],[-26,40],[4,48],[-22,42],[-30,-66],[16,-15],[-34,-59],[-38,26],[-29,-22],[-44,12],[-37,-90],[-122,40],[-68,14],[-47,-1],[-82,-62],[-11,-42],[-53,-70],[-80,22],[-32,-38],[-53,-16],[-98,-47],[-12,23],[-62,38],[-9,56],[-28,13],[-7,32],[-56,42],[-93,-20],[-43,-34],[-30,15],[-1,40],[-30,3],[-30,103],[17,22],[-10,48],[-43,16],[-30,47],[-46,3],[-17,20],[-45,-29],[-19,15],[-71,-23],[-36,11],[2,68],[27,2],[5,83],[-59,-9],[-32,9],[-39,-38],[-5,-53],[-67,-98],[-36,-4],[-22,72],[-43,25],[9,38],[-27,18],[25,41],[-3,45],[-70,20],[24,53],[-22,28],[6,30],[38,65],[-22,30],[11,35],[-84,11],[-30,32],[-35,-1],[-48,44],[-31,-17],[-36,40],[-55,-5],[-22,-62],[-7,22],[-55,-16],[-29,28],[-61,-31],[12,52],[-14,61],[-88,76],[-39,-20],[-38,34],[-70,-17],[5,34],[-42,89],[-69,54],[16,94],[-15,38],[12,64],[-32,51],[-12,87],[-28,25],[14,48],[-73,49],[6,54],[-51,-5],[-11,-56],[-25,-25],[-44,6],[-15,-35],[-96,2],[-14,-96],[-59,-12],[-44,-39],[-53,-71],[1,-25],[-81,-18],[-71,-53],[-20,-57],[-43,-5],[-32,33],[-29,-23],[-51,21],[-27,-22],[1,-37],[-121,17],[-32,8],[-60,-73],[-35,-7],[-67,40],[-81,-5],[-60,-49],[2,-45],[-37,-11],[-26,18],[-80,106],[-23,51],[-40,27],[-52,15],[-16,-56],[-22,-22],[-65,-4],[-39,14],[-11,-33],[-52,-102],[-59,-78],[-4,-61],[-20,-36],[-54,25],[-27,-13],[16,-76],[-5,-33],[-31,-48],[-46,-3],[-42,56],[-5,-50],[38,-45],[-9,-31],[-3,-16],[60,-15],[68,43],[76,-28],[21,-76],[71,-70],[-7,-53],[17,-93],[58,-21],[26,-35],[-47,-89],[-116,-13],[15,-16],[-12,-94],[39,-38],[-4,-36],[-65,-45],[-7,-54],[-20,-23],[-40,0],[-14,16],[-1,-48],[24,-15],[-26,-99],[10,-88],[21,-60],[-49,-24],[-16,-42],[-42,-50],[2,-26],[-17,-38],[-39,-30],[-56,-2],[-32,-27],[-48,-9],[32,-65],[35,-41],[-22,-32]],[[73757,38140],[-16,-17],[-62,11],[-93,36],[-86,-27],[-45,-32],[-16,38],[-34,2],[0,42],[-23,55],[-4,48],[-47,-10],[-50,65],[-32,19],[60,79],[18,46],[-10,33],[-2,33],[-46,17],[-72,-23],[-58,3],[-10,25],[-45,34],[-34,-7],[-25,34],[-85,13],[-62,20],[-13,32],[-34,-11],[-62,14],[-22,-9],[-21,59],[-39,8],[0,-41],[-30,-3],[-27,44],[-52,29],[-44,-52],[-13,-70],[-52,-19],[-39,5],[-23,-20],[-56,17],[-50,70],[-63,23],[-42,-29],[-50,1],[-61,-23],[10,-50],[-55,-1],[-97,89],[-8,44],[33,61],[-41,63],[31,-7],[28,41],[38,6],[42,31],[54,-16],[97,66],[51,10],[2,37],[50,-10],[66,12],[21,54],[-59,36],[5,26],[59,47],[21,-15],[50,59],[54,32],[-29,20],[-85,26],[11,55],[-39,-7],[-21,27],[-113,-43],[-41,15],[-48,43],[-103,5],[-9,43],[67,-24],[19,39],[-59,56],[3,50],[-119,22],[-37,93],[-28,12],[-25,49],[43,63],[20,-12],[117,-32],[51,35],[1,33],[42,14],[28,32],[21,55],[79,-2],[12,125],[-49,59],[-2,40],[91,27],[22,-29],[27,52],[23,-2],[85,44],[29,-13],[15,55],[26,38],[56,41],[-29,13],[5,42],[44,32],[26,48]],[[57169,40950],[-66,-52],[-67,23],[-15,-34],[4,-57],[63,-46],[-30,-21],[52,-58],[-14,-88],[-45,-28],[-18,12],[-63,-8],[-9,-65],[34,-40],[-28,-59],[40,-34],[26,38],[82,-38],[70,16],[-13,-48],[-48,-32],[76,-110],[20,-12],[42,-35],[20,-43],[0,-74],[-48,6],[-9,-62],[19,-28],[38,-13],[17,-50],[-30,-61],[57,-6],[44,56],[19,0],[-27,-91],[-1,-61],[34,-17],[38,5],[1,-74],[-18,-21],[-28,-77],[21,-32],[34,-21],[47,-67],[40,0],[27,-77],[-7,-37],[-35,-20],[-6,-41],[38,-45],[32,-101],[-15,-36],[3,-58],[31,-48],[-42,-59],[4,-56],[38,-17],[3,-25]],[[57601,38823],[-27,-32],[-24,-76],[-44,-33],[-28,-41],[-202,20],[-83,-37],[-64,-7],[-60,10],[-47,-16],[-107,-43],[-91,-152],[-40,-106],[-23,-34],[-108,-46],[-42,-145],[-78,-83],[-78,-27],[-14,-54],[28,-66],[-10,-63],[22,-24],[-27,-100],[-73,-121],[-87,-56],[-29,-41],[-146,8],[-78,-11],[13,-65],[-19,-28],[-127,-29],[-22,-28],[1,-45]],[[55887,37252],[-16,-65],[-55,-50],[-41,-9],[-71,-68],[-27,-54],[-26,-105],[-86,-170],[18,-42],[95,-85],[5,-52],[-54,-27],[-206,78]],[[55423,36603],[-38,62],[-83,31],[1,54],[-48,-7],[-1,35],[-61,-5],[17,51],[-46,89],[-36,44],[-73,39],[0,15],[-91,13],[-43,41],[-90,11],[-16,37],[-87,27],[-40,-28],[-82,18],[-55,59],[-24,52],[-67,-9],[-20,21],[-50,3],[-25,46],[-51,-3],[-58,75],[-42,-13],[-87,45],[-52,-21],[-76,58],[-30,-9],[-35,28],[-91,13],[-41,-35],[-73,35],[-44,-27],[-85,50],[-16,-3],[-76,52],[-119,46],[-37,38],[-52,33],[-56,-9],[-31,13],[-43,56],[-46,34],[-18,58],[-64,25],[-35,43],[-27,-33],[-41,36],[-66,-18],[-45,0],[-10,26],[-91,44],[-25,-18],[-63,29],[-38,59],[7,33],[-101,31],[-41,44],[-2,29],[-37,45],[-64,-6],[-27,20],[-78,7],[-29,30],[-75,-3],[-27,-27],[-67,29],[-49,40],[1,32],[-38,3],[-62,74],[-5,30],[-34,32],[-53,67],[-37,74],[-174,56],[-23,29],[-52,2],[-96,-84],[-122,4],[-91,25],[-92,-34],[-67,-1],[-44,28],[-50,0],[-55,37],[-44,-13],[-45,12],[-65,54],[-104,15],[6,52],[-16,17],[-45,0],[13,37],[-42,57],[-25,92],[47,61],[65,21],[30,72],[53,39],[14,94],[89,13],[95,23],[30,63],[45,31],[21,35],[-1,42],[-40,49],[-49,32],[-59,14],[-126,-10],[-149,47],[-46,0],[-60,-21],[-85,-57],[-16,-51],[-117,10],[-71,75],[-6,105],[-21,76],[1,60],[-47,151],[2,57],[-34,145],[31,50],[116,19],[24,40]],[[61657,39416],[-29,10],[-112,-15],[-13,40],[-74,-23],[-22,25],[-83,-65],[-26,72],[-70,-22],[-24,30],[-51,5],[-6,50],[-18,21],[-90,-28],[-27,12],[-62,1],[-14,-28],[-59,-22],[-40,4],[-36,-17],[-26,14],[-53,-21],[-65,21],[-30,-27],[-34,11],[-34,-19],[-30,-45],[-41,2],[-10,75],[-98,34],[-24,36],[-58,6],[-26,27],[-46,-1],[-54,-44],[-28,-18],[-25,-66],[-31,-33],[-80,12],[-40,-34],[-5,-33],[-52,-52],[-56,8],[-84,65],[-68,-52],[-9,-29],[-126,-16],[41,-40],[-11,-54],[-52,-32],[-62,-96],[-8,-41],[-55,-12],[-30,-22],[-20,-71],[-66,10],[-21,-10],[-35,-88],[-52,-49],[-20,-45],[-44,-30],[-51,11],[-47,91],[-119,117],[-10,74],[1,58],[-21,40],[-96,4],[-32,-28],[13,-62],[-13,-31],[-23,-18],[-43,11],[-172,-39],[-17,-33],[44,-50],[-30,-30],[-45,28],[-37,5],[-54,-15],[-46,-39],[-35,-18],[-47,18],[-35,-9],[-17,-57],[-37,-21],[-60,29],[-40,-11],[-81,58],[-47,11],[-35,-29],[-66,-7],[-101,25],[-19,24],[-114,9]],[[45317,41267],[-403,-1542],[-221,-847],[-158,-1635],[74,-47],[39,-62],[41,-11],[62,19],[52,-18],[5,37],[49,33],[48,-22],[18,-30],[60,22],[60,-3],[56,-54],[69,-44],[25,-48],[26,-9],[24,-56],[79,-36],[65,50],[19,-23],[-47,-45],[17,-43],[-95,-51],[-32,-44],[-65,-4],[-25,-113],[-35,-38],[-12,-70],[-28,-14],[2,-52],[-57,-76],[-24,-95],[-51,-46],[-44,-179],[-38,-38],[1,-29],[-59,-106],[-16,-68],[-39,11],[-29,-41],[14,-27],[-38,-19],[-8,-35],[42,-96],[59,-30],[38,-48],[18,-57],[2,-70],[48,-49],[-29,-52],[11,-44],[78,-11],[42,-24],[38,44],[50,-7],[19,19],[34,-32],[69,-3],[47,13],[-2,59],[24,17],[64,-20],[18,-108],[50,-55],[6,-57],[30,-44],[42,-104],[-6,-51],[-35,-22],[-7,-41],[-56,13],[-60,-20],[-13,32],[-80,-55],[-76,-32],[-37,-25],[-38,-64],[-50,-42],[-3,-44],[-30,-17],[-7,-87],[50,7],[17,-42],[-26,-28],[15,-32],[-41,-37],[-36,41],[-42,-2],[4,-39],[-57,1],[-1,29],[-3,158],[24,18],[-8,67],[34,85],[-56,64],[-173,-11],[-38,14],[-36,64],[-43,-16],[-15,32],[-58,-21],[-61,-87],[-29,-15],[-11,-69],[20,-27],[-31,-41],[12,-23],[-4,-62],[14,-23],[63,-47],[81,-14],[-19,-93],[8,-54],[26,-53],[3,-68],[-16,-34],[4,-59],[-25,-25],[-13,-45],[-97,53],[-44,-35],[-70,-97],[-79,-2],[27,-33],[-13,-45],[6,-38],[-18,-138],[12,-45],[60,-44],[-16,-38],[30,-36],[40,-82],[24,-20],[-13,-70],[33,-7],[105,-73],[26,-83],[25,-19],[-1,-44],[30,-29],[44,-2],[16,-20],[-11,-45],[22,-14],[32,-72],[-12,-39],[66,-66],[4,-51],[34,-21],[39,-55],[-14,-50],[87,-92]],[[44905,32566],[-59,-34],[-107,-126],[-67,23],[-39,-11],[-63,27],[8,15],[-47,57],[-47,-8],[-46,-60],[-57,-4],[-13,39],[-44,-44],[-36,-3],[56,89],[-14,33],[-44,-88],[-108,34],[14,-34],[-58,-67],[9,-45],[-24,-47],[63,-59],[-42,-20],[6,-54],[-35,-46],[22,-24],[-43,-25],[-4,56],[-53,23],[4,-50],[-13,-37],[-32,-13],[-8,-64],[71,-56],[-15,-50],[-32,-31],[46,-57],[-33,-61],[16,-41],[-79,5],[4,-32],[56,20],[37,-48],[-22,-18],[7,-42],[-27,-10],[71,-80],[-28,-84],[-33,76],[-28,37],[-30,-5],[-79,81],[26,44],[-36,42],[-11,-86],[43,-61],[-31,-34],[-21,30],[-129,-41],[-30,46],[-59,-85],[2,-29],[99,-85],[-26,-14],[-18,-51],[45,-46],[11,-29],[54,-60],[47,-35],[-5,-27],[-105,28],[-38,-14],[-12,56],[-33,-35],[52,-45],[-6,-37],[-52,-33],[7,-23],[-28,6],[-70,-73],[1,85],[-43,1],[-22,-41],[-66,5],[-54,16],[-8,-120],[38,-30],[-28,-23],[35,-33],[45,29],[50,-18],[-7,-65],[39,6],[-2,-37],[-71,17],[-44,-39],[-68,-22],[95,-52],[-51,-34],[19,-50],[-53,-19],[3,53],[-107,0],[-35,36],[17,-134],[18,-39],[-21,-45],[-57,56],[-69,-41],[-88,11],[46,-36],[-19,-43],[47,-37],[-51,-39],[6,-46],[35,16],[107,-31],[6,-58],[49,-62],[-65,-26],[41,-32],[50,5],[9,-50],[-25,-5],[36,-61],[-46,38],[-29,-1],[-25,-48],[-52,16],[-8,-69],[-59,20],[-25,49],[-37,-80],[-43,-18],[-50,37],[-164,17],[-4,-170],[-73,-2],[-56,27],[-73,4],[-54,-70],[-50,34],[-31,-11]],[[42421,29653],[-47,24],[-23,52],[14,35],[-32,46],[-3,37],[-40,61],[-68,1],[-48,-13],[-59,11],[-10,-34],[-75,-7],[-43,-65],[-22,-96],[-55,-26],[10,-40],[-40,-57],[-59,-29],[-29,-36],[-50,-34],[-35,4],[-25,-24],[-64,21],[-9,60],[-48,11],[-2,-69],[-44,-48],[-25,42],[-50,2],[-52,-34],[-31,14],[-43,-11],[7,-63],[-43,-14],[-47,-37],[-96,65],[10,35],[-25,44],[-35,-17],[-16,-36],[-46,40],[-50,-13],[-28,44],[-64,-11],[-30,53],[-30,-32],[-97,12],[-24,-29],[-73,2],[-29,-16],[-40,45],[-39,12],[-30,-20],[-87,-6],[-43,65],[-31,-22],[-6,-53],[-50,-26],[-42,32],[-94,50],[-55,-46],[-96,25],[-45,-15],[-4,47],[-21,23],[-73,21],[-42,-8],[-32,32],[-98,-7],[-43,12],[-25,31],[-74,-23],[-74,14],[-24,32],[11,57],[-51,28],[-20,92],[-60,-29],[-92,11],[-30,35],[-43,-5],[-17,-36],[-55,6],[-12,-34],[11,-47],[-22,-13],[-79,32],[-43,-59],[-51,29],[-17,44],[-47,-17],[-95,-10],[-107,24],[-28,97],[-71,-17],[-53,0],[16,73],[-49,30],[3,48],[76,45],[23,36],[-1,54],[24,34],[42,117],[-30,47],[43,39],[43,18],[-138,85],[91,50],[58,137],[-84,51],[13,56],[99,66],[34,43],[-7,19],[-97,50],[-18,28],[-20,69],[37,51],[31,20],[-19,39],[-87,41],[-24,70],[15,70],[75,86],[10,72],[43,81],[9,44],[108,131],[14,83],[-112,31],[-52,66],[159,122],[21,99],[-37,136],[41,106],[-48,82],[-7,64],[47,48],[75,108],[-18,43],[13,54],[-35,17],[-33,-29],[-60,21],[-50,88],[-66,2],[-3,42],[127,90],[15,20],[4,61],[-80,77],[-32,1],[-79,-26],[-50,24],[56,110],[46,12],[105,-17],[30,22],[-36,72],[-104,128],[-29,-7],[-51,-95],[-74,4],[-7,48],[42,102],[-50,23],[-51,55],[7,50],[30,52],[-51,155],[9,68],[48,81],[-1,35],[-62,98],[-102,25],[-54,57],[-39,121],[27,97],[-2,69],[-64,22],[-63,-58],[-41,26],[-7,87],[27,36],[56,22],[19,27],[-36,39],[-59,0],[-14,21],[36,49],[90,23],[57,89],[102,10],[38,103],[25,18],[85,-1],[20,11],[48,82],[76,-2],[57,-51],[100,146],[10,37],[-658,546],[835,1857],[179,3],[40,56],[-24,58],[-38,28],[-2,200],[-112,-1],[502,1689],[250,23],[-49,37],[-22,50],[-53,-8],[-167,176],[-61,219],[-290,560],[90,-1],[0,52],[-88,93],[25,107],[-51,28],[-24,65],[-20,1],[-32,83],[-32,10],[-18,49],[21,30],[-23,48],[24,24],[-40,29],[24,27],[-36,37],[20,16],[84,-23]],[[55423,36603],[-64,-34],[-3,-51],[77,-106],[16,-42],[1,-54],[-16,-27],[-39,-4],[-36,26],[-62,-20],[-64,-202],[-61,-95],[2,-46],[-19,-49],[42,-50],[-22,-46],[6,-32],[31,-47],[8,-153],[49,-100],[-53,-137],[39,-93],[-2,-66],[-29,-57],[42,-98]],[[55266,35020],[-2,-28],[-68,-140],[-71,-216],[-28,-42],[-73,-58]],[[55024,34536],[-106,-67],[-362,-72],[-115,-70],[-39,-69],[-37,-35],[-59,-130],[-53,-50],[-63,-38],[-38,-51],[-70,-116],[-18,-55],[-78,-74],[-84,-55],[-23,-17],[-64,-97],[-73,-220],[29,-72],[-13,-20],[-13,-95],[8,-102],[39,-73],[-18,-127],[-17,-24],[-82,-53],[-124,-5],[-17,-10],[-93,-120],[-30,-68]],[[53411,32551],[-9,-62],[-33,-75],[-45,-20],[-37,-43],[-125,-20],[-8,-34],[9,-79],[-11,-49],[39,-74],[22,-77],[-16,-205],[-19,-43],[-93,-84],[-51,-178],[-49,-36],[-34,-67],[-89,-53],[-159,31],[-71,-96],[-15,-71],[80,-73],[13,-52],[31,-54],[2,-63],[-64,-130],[-64,-79],[-89,-25],[-51,-39],[-53,-108],[-17,-85],[-139,-144],[-64,-32],[-81,-95],[-25,-52],[-63,-230],[-77,-115],[-35,-20]],[[51921,29820],[-10,15],[36,84],[-63,22],[-24,26],[-48,13],[-7,22],[-70,76],[-70,17],[-83,95],[-34,9],[-146,128],[-6,58],[-28,44],[-24,115],[-577,-124],[-188,46],[-198,20],[-105,45],[-9,98],[38,77],[68,204],[-7,175],[33,14],[-80,16],[-64,57],[-53,8],[-32,-18],[-48,41],[-37,-44],[-58,-9],[-24,49],[-44,14],[-49,-27],[-11,-29],[-73,28],[-37,-26],[-17,23],[-40,-14],[-31,17],[-14,-41],[-48,5],[-51,51],[-96,40],[-36,-13],[-26,33],[-25,-7],[-13,-47],[-54,4],[-28,-34],[-78,-5],[-88,-45],[-44,11],[-28,-23],[-76,49],[-30,46],[-42,-18],[-50,54],[-38,15],[-67,-34],[-51,-12],[-173,8],[-96,37],[-28,-36],[-37,15],[-30,-12],[-113,63],[-68,-3],[-156,-60],[-61,2],[-153,64],[-68,54],[-86,26],[-124,8],[-67,25],[-145,117],[-44,157],[-31,57],[-78,58],[-72,22],[-192,135],[-45,75],[-35,113],[-37,-9],[-101,-67],[-27,-54],[-35,-7],[-111,-101],[-70,-12],[-11,-18],[0,-72],[-54,-34],[-165,-58],[-38,29],[8,46],[-46,2],[-47,26],[-41,-37],[-54,34],[-75,3],[-293,-374],[-13,-196],[-21,-66],[-45,10],[-30,-12],[-14,75],[-59,-4],[-38,11],[2,38],[-66,20],[27,33],[-43,17],[-3,90],[-41,-18],[-44,14],[17,50],[-56,36],[-47,9],[-8,39],[-105,48],[-66,106],[-2,32],[-32,25],[41,69],[-52,40],[16,31],[5,66],[-15,40],[-45,17],[1,67],[11,22],[-37,43],[32,58],[23,76],[-37,61],[35,26],[0,60],[29,31],[2,39],[35,36],[20,84],[-51,-38],[-40,-55]],[[73757,38140],[2,-42],[-68,-12],[-7,-25],[-48,-18],[30,-94],[40,-7],[47,-47],[-18,-34],[11,-138],[-18,-38],[33,-31],[-39,-30],[10,-46],[54,-30],[130,16],[16,50],[-33,12],[6,41],[34,29],[2,70],[32,34],[2,57],[51,13],[27,-29],[68,34],[82,-43],[3,-36],[39,-14],[49,-45],[-18,-57],[30,-33],[85,-21],[21,-39],[37,-2],[25,-48],[31,7],[18,-61],[40,-15],[62,-54],[32,84],[72,22],[81,-34],[54,-51],[41,4],[21,-48],[150,40],[27,-14]],[[75103,37417],[-2,-6],[-44,6],[-51,-55],[-9,-46],[64,-70],[55,-35],[-14,-30],[22,-37],[-12,-64],[23,-90],[20,-13],[-38,-86],[-44,-62],[-11,-35],[-66,-39],[-154,-24],[-55,-44],[-42,11],[-58,-2],[-64,-39],[-54,7],[-44,-11],[10,-56],[-31,-25],[-43,50],[-4,59],[-70,34],[-26,-3],[-10,-41],[13,-45],[-22,-21],[37,-80],[10,-52],[-4,-116],[-26,-39],[6,-49],[-45,-125],[-25,-21],[-3,-56],[-31,-95],[-30,-34],[-61,-24],[-63,-13],[36,-45],[-40,-47],[-57,10],[-19,-39],[-52,2],[-25,19],[-59,-8],[-49,17],[-61,65],[-66,25],[-22,62],[24,42],[-22,60],[-62,7],[-15,-12],[-83,18],[15,-46],[-11,-34],[26,-103],[-10,-78],[3,-72],[-19,-8],[3,-88],[22,-43],[-45,-36],[-69,-19],[35,-36],[2,-44],[30,-22],[79,23],[17,-36],[53,8],[18,42],[53,30],[95,-29],[38,32],[28,-20],[45,23],[23,-10],[-31,-74],[35,-84],[24,-39],[-97,-47],[-56,-41],[-37,-126]],[[73804,35100],[-32,-17],[-36,-43],[11,-45],[-61,-40],[-20,-75],[-28,-84],[4,-50],[36,-26],[101,-38],[42,54],[67,18],[50,-23],[15,-32],[80,93],[26,-14],[45,6],[7,-74],[19,-16],[16,-54],[-13,-43],[-78,-80],[27,-53],[61,-34],[33,-66],[-61,-12],[-12,-63],[26,-16],[-38,-62],[63,-26],[10,-36],[37,-14],[-5,-48],[-52,-28],[-65,42],[-6,42],[-37,2],[-6,-30],[-40,-10],[-9,-41],[-40,33],[-52,-2],[-39,-35],[-11,-61],[-43,-32]],[[73796,33967],[-23,3],[-77,-78],[-77,-20],[-6,-43],[-87,8],[-51,-129],[-45,-5],[-17,-27],[20,-36],[-39,-23],[-71,29],[-28,-5],[-80,73],[-9,-17],[-68,-10],[-23,43],[-63,66],[7,56],[43,84],[-22,54],[-161,111],[-14,27],[-59,5],[-9,-25],[-64,-61],[-75,11],[-45,-100],[-24,-16],[-62,6],[3,128],[-68,14],[-35,31],[-54,-5],[-50,47],[-41,6],[-27,-24],[-40,18],[12,37],[-37,-1],[-30,21],[-61,11],[-47,37],[-65,-10],[-34,38],[17,19],[-9,41],[-80,-24],[19,56],[-19,29],[-33,-16],[7,47],[-32,24],[-63,-22]],[[71800,34450],[-8,23],[19,80],[-1,44],[-82,15],[-31,70],[-40,-28],[-19,50],[-31,1],[-39,-54],[-35,-8],[1,-40],[-37,-26],[-47,18],[-2,64],[-29,58],[16,31],[-33,31],[-46,-9],[-106,59],[31,55],[0,48],[-35,-5],[-131,-19],[-92,-48],[-39,63],[0,22],[-39,32],[0,57],[-47,5],[-3,53],[-22,61],[27,15],[-4,35],[-44,47],[6,31],[-68,41],[35,36],[11,84],[-46,58],[58,3],[-7,50],[34,73],[60,32],[0,71],[40,-8],[13,41],[41,34],[-2,43],[23,52],[-79,51],[-18,32],[-60,18],[22,10],[-23,46],[53,42],[-74,43],[26,26],[-20,20],[36,44],[-82,-5],[-33,25],[-63,10],[46,48],[-44,27],[-9,29],[-37,18],[61,50],[37,29],[-34,21],[-47,3],[-10,22],[16,63],[-25,71],[48,8],[23,55],[10,9],[10,61],[23,7],[20,85],[-74,58],[60,45],[-35,45],[-37,-34],[-73,63],[-20,37],[-50,44],[-11,61],[-36,6],[-23,36],[-32,25],[-58,-12],[-12,39],[20,61],[39,28],[-34,27],[-31,-32],[-18,40],[51,20],[-61,102],[24,59],[45,42],[-31,57],[-41,0],[37,50],[-95,30],[-5,43],[-28,35],[-63,9],[-21,54],[59,-2],[-10,74],[-38,6],[-20,47],[15,20],[1,83],[-29,21],[-81,4],[-13,39],[-97,13],[-45,-41],[-52,-3],[10,-41],[-16,-22],[-55,46],[5,55],[-74,18],[-22,34],[-33,12],[-44,-10],[-115,12],[-28,-66],[-47,-22],[-40,19],[0,66],[-47,3],[-29,-51],[-23,17],[-29,68],[-67,-23],[-54,87],[39,120],[-8,49],[-35,60],[-62,69],[-25,50],[-3,55],[34,73],[-21,74],[55,66],[-5,44],[-23,10],[-57,-15],[-108,99],[-111,24],[-38,40],[9,49],[20,21],[91,34],[26,54],[-11,41],[40,86],[-6,25],[-49,64],[11,71],[97,100],[13,69]],[[78868,39238],[18,-14],[370,-35],[12,-36],[-64,-341],[22,-30],[-48,-36],[153,-119],[89,-7],[21,-17],[8,-118],[0,-96],[49,-76],[7,-39],[-51,-42],[-62,-24],[-150,11],[-138,1],[-64,-6],[-21,75],[-39,38],[-234,-6],[-30,-61],[18,-35],[-13,-51],[31,-10],[37,-49],[16,58],[29,-25],[79,13],[27,-67],[24,0],[54,-45],[3,-48],[35,-31],[59,-11],[35,-17],[3,-49],[64,-42],[11,-26],[-82,-39],[-13,-50],[26,-79],[17,-32],[43,-6],[62,-70],[62,-8],[7,-28],[44,-24],[3,-57],[51,-49],[-1,-44],[36,-23],[8,-38],[-30,-49],[-17,-27],[24,-45],[33,-4],[-4,-49],[-27,-71],[57,-23],[-35,-29],[-39,-66],[-3,-33],[28,-23],[-1,-36],[-72,-48],[-23,-63],[25,-64],[29,-27],[-11,-34],[-58,-68],[-44,-18],[-53,2],[-75,49],[-9,-40],[21,-32],[-10,-59],[21,-79],[-86,-40],[-5,-35],[-40,6],[-22,-22],[-20,-88],[-48,-8],[-28,-43],[-44,-6],[-23,-26],[-23,-72],[7,-41],[-40,-77],[7,-32],[32,-23],[2,-41]],[[78887,35794],[24,-59],[-48,-112],[-9,-106],[-46,-32],[-50,-2],[-40,-84],[-25,14],[-43,-27],[-65,14]],[[78585,35400],[20,27],[-20,55],[60,17],[-1,33],[-36,4],[5,58],[-69,33],[-47,38],[22,86],[-44,15],[-19,67],[-67,16],[-29,31],[30,90],[-18,31],[17,66],[-14,46],[54,16],[3,50],[-41,24],[-5,92],[-30,5],[-43,75],[-46,40],[-37,-12],[-6,38],[-45,60],[-33,-30],[-65,33],[0,29],[-53,26],[-17,-9],[-58,75],[-56,42]],[[77897,36667],[39,39],[-8,44],[26,46],[-2,51],[-21,62],[29,104],[-8,59],[-30,28],[-13,43],[-49,-51],[-43,-5],[-33,-25],[-13,-89],[-40,-9],[-21,-40],[-71,0],[-28,25],[-41,-31],[-11,-33],[-54,-8],[-11,-52],[-36,-20],[2,-47],[-132,-52],[-50,-23],[-6,33],[-39,38],[-53,10],[-11,50],[-57,12],[-51,49],[-42,-6],[-17,51],[-86,-96],[-57,-3],[-28,15],[-34,25],[1,29],[-64,-4],[-43,16],[-24,-32],[-48,48],[13,49],[-20,24],[-27,-27],[-54,-6],[-24,97],[-37,71],[-19,68],[-23,15],[-32,154],[-25,-5],[-29,43],[18,20],[60,13],[53,61],[62,63],[-2,45],[46,45],[-10,53],[-28,2],[-58,89],[-56,53],[-28,-2],[-45,-33],[-62,20],[-59,41],[-74,30],[-17,-68],[-35,58],[-63,11],[-25,65],[10,25],[-68,-5],[-28,2],[-71,-42],[-51,8],[-23,-31],[-55,-27],[-17,10],[12,55],[-64,-49],[-29,29],[-37,-21],[-10,-21],[-117,-2],[-7,-35],[-45,-38],[-95,37],[-14,39],[-46,20],[3,51],[-16,26],[-84,10],[-40,-18],[-48,67],[-42,-16],[-43,13],[-6,-35],[30,-18],[-24,-39],[15,-51],[23,-18],[-17,-55],[-46,-11],[-17,-56],[14,-34],[42,-22],[-22,-63],[-26,-25],[15,-70],[81,-60],[18,-52],[29,-28]],[[63947,37473],[-35,-20],[-46,12],[-46,-22],[-31,35],[-36,15],[-60,-33],[22,64],[-54,-4],[-46,23],[-34,-15],[-39,26],[-31,-23],[-18,64],[-52,45],[17,56],[42,71],[-37,7],[-46,-12],[-47,63],[-35,22],[-24,59],[-40,44],[-78,27],[-15,19],[-30,-30],[21,-25],[51,-28],[58,-99],[-11,-112],[-58,-44],[-68,39],[-31,-33],[-58,58],[-88,-17],[-31,-45],[-19,-88],[-81,-12],[-43,-4],[-47,-30],[-29,39],[-28,-13],[6,-25],[-23,-70],[39,-148],[2,-52],[-25,-45],[30,-102],[-69,8],[7,-31],[-48,-38],[2,-43],[-26,-69],[-59,24],[-17,55],[10,56],[-22,23],[-13,51],[-57,25],[-66,15],[-67,-9],[-29,42],[11,33],[-30,22],[-26,46],[-77,50],[-11,23],[-91,25],[-6,-50],[-98,-49],[9,-57],[-13,-23],[-92,-44],[-97,-119],[-85,1],[13,-35],[42,-41],[-29,-88],[-32,4],[-2,-62],[20,-65],[-38,-49],[-30,-6],[-80,14],[-31,-44],[-11,-76],[43,-28],[14,-33],[-104,-48],[-23,-46],[-132,-29],[-35,23],[-60,-32],[-17,-26],[-26,-25],[-87,3],[-35,33],[-84,7],[-29,-11],[-84,17],[-62,-31],[-10,-23],[-42,11],[-28,-12],[0,-49],[49,-23],[-36,-45],[-64,24],[-56,-34],[-69,7],[-47,-12],[-33,-25],[-47,-7],[-56,80],[-82,28],[-20,-8],[-60,13],[-90,0],[-68,-23],[-70,31],[-65,-21],[-27,-49],[-67,-19],[-40,25],[-51,-19],[-47,35],[-46,5],[-52,39],[-134,52],[-35,36],[-51,-13],[-117,10],[-28,17],[-33,-22],[-59,34],[-78,-24],[-66,-58],[-14,-72],[11,-38],[-24,-43],[24,-26],[-46,-38],[-31,-63],[-90,-6],[-61,-23],[-50,25],[-89,-13],[-52,9],[-51,30],[-124,17],[-50,-11],[-41,14],[-28,-12],[-44,58],[-69,44],[-29,41],[-37,-22],[-8,-30],[-46,-39],[16,-68],[-31,-31],[-33,-62],[-71,-68],[-55,-6],[-58,66],[-45,26],[-19,-35],[10,-63],[-71,16],[-1,-44],[-24,-42],[-49,-25],[-99,0],[-62,48],[-35,102],[-11,66],[-27,26],[-38,70],[6,53],[-71,89],[-63,48],[62,157],[15,57],[-10,24],[24,63],[18,99],[-29,29],[-17,86],[31,54],[0,91],[9,43],[-119,21],[-30,26],[-29,39],[-25,-13],[-40,25],[1,36],[-52,-9],[-18,35],[-87,7],[-36,23],[-52,-11],[-38,20],[-104,-43],[-75,15],[-52,-39],[-41,-4],[-74,-32],[-37,44],[-60,6],[-24,38],[-106,1],[-42,33],[-45,-15],[-96,11],[-26,-16],[-31,29],[-29,-10]],[[82504,39468],[-76,-173],[-67,-215],[-2,-133],[6,-130],[-37,-142],[-10,-121],[-9,-367],[29,-268],[47,-367],[69,-487],[-15,-196],[-24,-96],[-71,-206],[-166,-374],[-10,8],[35,88],[-31,-9],[-44,-113],[-5,-42],[-119,-40],[-103,-59],[-195,-159],[-110,-122],[-22,-34],[-15,-87],[-53,-72],[-32,-70],[-3,-35],[-116,-76],[24,-60],[-40,-106]],[[81339,35205],[-72,-3],[-86,28],[-43,-15],[-36,21],[-30,-22],[-39,82],[-49,13],[-28,70],[-41,9],[-5,89],[-28,2],[-33,-16],[-38,16],[-124,-3],[-42,123],[-56,-27],[-37,8],[-54,164],[-17,45],[-32,35],[-8,69]],[[80441,35893],[29,177],[74,89],[52,23],[14,-33],[196,54],[9,70],[-37,48],[-4,30],[42,24],[-4,53],[-47,65],[-33,1],[-59,44],[-13,76],[-28,6],[32,68],[-52,42],[7,33],[-59,57],[-4,44],[-36,8],[-50,50],[-34,1],[48,78],[22,27],[83,37],[51,-16],[21,28],[3,76],[30,34],[8,51],[34,54],[-18,46],[20,48],[-23,53],[28,14],[37,60],[52,43],[-26,38],[6,596],[-69,-6],[-3,60],[44,48],[15,63],[-14,18],[87,81],[30,43],[123,389],[-37,10],[-75,-19],[-2,50],[-38,32],[-51,-8],[-53,17],[-64,4],[-18,42],[20,32],[-33,38],[-28,-4],[-35,40],[12,78],[-37,46],[38,58],[-96,11],[-9,40],[-50,26],[-28,50],[-25,13],[-78,-1],[-30,-24],[-2,77],[-41,-8],[-25,60],[6,43],[-21,35],[65,72],[-5,41],[31,66],[26,6],[42,71],[-5,55],[-25,32],[16,95],[-48,52],[-34,-27],[-57,43],[-31,50],[-18,83],[-56,36],[-7,31]],[[80441,35893],[-46,12],[-28,112],[-25,30],[-27,-3],[-17,52],[-41,-19],[-149,98],[-16,30],[-80,-17],[-37,13],[-13,-47],[-71,-26],[-39,-117],[-3,-111],[-17,-48],[21,-115],[-25,-31],[0,-32],[-68,-35],[-37,-53],[3,-63],[-144,141],[-155,-69],[-1,47],[-34,29],[63,29],[-12,32],[-76,22],[-44,-12],[-43,3],[-23,56],[-39,-32],[-27,35],[-43,8],[-73,-33],[-70,-2],[-9,45],[-33,2],[-30,-29],[-46,-1]],[[71800,34450],[-29,-38],[35,-33],[-70,-22],[-22,-26],[11,-40],[-14,-26],[16,-109],[-23,-58],[41,-44],[-23,-37],[-47,-43],[36,-47],[-26,-34],[-25,5],[-32,-31],[-71,51],[-21,-57],[-57,23],[-118,-61],[-27,-86],[13,-46],[-18,-27],[-44,-2],[-51,17],[-3,-68],[-108,-85],[22,-58],[-54,-15],[-13,-42],[-15,-23],[-4,-113],[-44,-53],[-67,-17],[-16,-35],[-72,-69],[-87,37],[-30,38],[-48,-9],[-38,-38],[-45,23],[-65,-65],[4,-40],[-25,-45],[-50,63],[-20,-17],[-69,15]],[[70387,33063],[-50,-109],[-37,35],[-33,10],[-19,-59],[-91,-2],[-38,30],[-35,55],[5,59],[-53,17],[-38,67],[-84,36],[-80,-2],[-9,-59],[-59,28],[-54,-1],[-37,-19],[-82,14],[-40,-19],[-34,69],[4,73],[-39,44],[-50,73],[-49,-10],[-49,68],[38,31],[-41,34],[-88,-5],[-44,21],[-50,-15],[-88,42],[-79,-51],[-56,39],[-98,-48],[-41,28],[-72,27],[-39,-23],[-72,-7],[-14,-16],[-70,6],[-17,-61],[-49,-10],[-50,20],[-47,-17],[-24,24],[-48,-2],[-75,-44],[-65,17],[-71,-55],[-122,-45],[-30,2],[-64,63],[-76,-11],[-96,123],[-46,-3],[-6,27],[-54,17],[-4,49],[-26,23],[-42,-5],[-38,49],[-94,4],[-16,39],[22,2],[14,56],[31,51],[32,26],[90,-8],[1,215],[65,68],[25,-12],[37,23],[13,77],[-16,22],[6,73],[0,15],[36,29],[46,70],[-48,63],[-58,46],[-1,28],[-66,90],[-43,19],[-20,-3],[-42,-45],[-62,-28],[-6,-68],[-31,-8],[2,-52],[88,-26],[-79,-46],[-37,1],[-19,-34],[-51,-8],[-34,12],[-31,-50],[-99,25],[-35,19],[7,22],[-65,25],[-35,93],[-95,-11],[-28,32],[6,52],[-58,42],[-45,-1],[-31,52],[8,46],[-13,43],[-110,81],[-87,33],[-17,55],[-58,63],[-25,42],[-2,46],[-58,25],[-24,91],[-21,-4],[-30,41],[-45,-22],[-26,37],[-77,54],[-49,-4],[-11,-57],[-35,-31],[-89,7],[-55,26],[-30,-38],[-32,-1],[-88,45]],[[65774,35254],[56,-11],[-6,38],[-57,28],[-8,30],[11,51],[48,14],[25,26],[34,70],[34,19],[58,-43],[18,49],[-12,26],[38,50],[32,0],[38,-31],[29,11],[20,-35],[51,-15],[43,15],[34,32],[55,-45],[11,30],[39,-17],[20,28],[38,-20],[41,1],[73,34],[-29,28],[11,93],[50,34],[38,-7],[57,14],[47,41],[32,-33],[45,-21],[79,11],[99,-12],[23,52],[-4,106],[44,22],[28,142],[59,74],[20,-17],[62,28],[36,-23],[32,2],[84,52],[61,72],[7,42],[26,11],[21,40],[14,71],[39,8],[13,107],[30,24],[-44,56]],[[65774,35254],[27,-38],[-28,-34],[0,-46],[-91,-31],[-31,26],[-43,-17],[-90,49],[-50,10],[-49,-9],[-34,13],[-34,-42],[-62,-24],[-8,-105],[-36,-25],[-9,-44],[55,-60],[-162,-8],[-52,25],[-29,-42],[7,-21],[49,-11],[1,-47],[-84,29],[-60,-17],[-41,-49],[-34,15],[-52,-14],[-64,19],[-34,-22],[-117,-18],[14,-108],[-28,-36],[89,-41],[-112,-29],[-43,58],[-14,75],[-70,-17],[-51,50],[-47,-10],[-30,19]],[[64327,34677],[-60,73],[-14,79],[-66,22],[-49,69],[-52,26],[-66,26],[-38,52],[-73,3],[-32,46],[-49,35],[-14,59],[43,44],[-56,57],[-45,70],[-31,-20],[-39,-7],[-22,-27],[-79,-5],[-23,-24],[-83,-8],[-17,-17],[-20,-73],[-86,-44],[-86,68],[-13,53],[-68,56],[-20,5],[-92,-31],[-33,11],[-99,2],[-69,-28],[-61,8],[-39,-78],[6,-35],[35,-33],[-24,-31],[-2,-36],[-12,-57],[-59,-70],[-83,45],[-23,41],[-11,92],[-67,53],[-13,-3],[-22,-20],[2,-73],[-28,-77],[-44,-44],[-45,8],[-31,-55],[-61,-26],[-69,6],[-51,38],[-51,19],[-19,48],[-55,24],[-9,54],[-51,75],[-48,42],[-56,-12],[6,-35],[-22,-72],[4,-20],[71,-70],[11,-37],[-18,-23],[-71,-25],[-63,9],[-35,42],[-55,28],[-136,-26],[-74,25],[-109,-31],[-118,-35],[-89,14],[-108,4],[-45,-19],[-68,-56],[-41,-14],[-143,16],[-57,27],[-124,-35],[-107,5],[-72,-47],[0,-110],[-67,-102],[-13,-81],[31,-52],[-10,-85],[31,-129],[-11,-48],[-35,-51],[-33,-11],[-151,97],[-15,25],[8,293],[9,36],[-23,144],[-29,88],[-21,24],[-77,36],[-104,-9],[-52,-147],[-75,-147]],[[59785,34548],[-33,-38],[-119,-78],[-46,26],[-57,-1],[-80,120],[-15,76],[-80,158],[-16,128],[-3,145],[24,110],[32,33],[51,-6],[35,19],[-4,77],[-37,19],[-69,5],[-43,-12],[-60,-45],[-47,-11],[-201,13],[-44,14],[-76,57],[-33,87],[-23,14],[-92,22],[-119,-23],[-59,-35],[-118,-11],[-180,21],[-79,0],[-44,-17],[-67,-1],[-65,-39],[-76,3],[-43,21],[-128,43],[-137,-15],[-69,26],[-103,92],[-39,15],[-134,-10],[-36,10],[-75,21],[-97,-26],[-97,22],[-50,-16],[-73,11],[-38,14],[-155,162],[-90,39],[-42,16],[-66,-41],[-43,-2],[-66,-35],[-74,-12],[-75,-109],[-23,-11],[-48,-34],[-52,-82],[-61,-21],[-125,-38],[-124,-21],[-73,-52],[-64,-23],[-64,-54],[-37,-5],[-46,-6],[-102,-99],[-50,-11],[-77,-127]],[[77897,36667],[-91,27],[-10,45],[-87,-105],[-5,-90],[30,-45],[3,-56],[-164,-131],[-74,-36],[-125,45],[-31,-42],[30,-31],[3,-37],[-86,-39],[36,-41],[31,-13],[-73,-79],[30,-11],[19,-39],[36,-15],[62,-105],[-24,-6],[-15,-49],[26,-39],[-18,-81],[-20,-26],[-63,9],[-33,-22],[-51,-61],[-21,9],[-45,-68],[-68,0],[-29,13],[-55,-15],[-52,12],[3,-65],[-11,-37],[-69,-12],[-19,22],[-59,-35],[-52,-56],[-40,36],[-23,-59],[-46,-18],[-6,-85],[-42,-46],[-41,11],[-51,62],[-90,-46],[-6,-46],[20,-15],[-36,-147],[-90,16],[-8,-29],[-36,-2],[-41,-40],[-62,-14],[-5,-67],[-84,18],[-28,-12],[-26,40],[-62,0],[-15,-33],[-47,-17],[3,-46],[-64,-86],[-123,3],[45,99],[-66,42],[-46,5],[-9,31],[21,66],[-28,15],[4,35],[28,54],[34,21],[-1,51],[-17,28],[25,31],[-2,95],[-48,28],[-34,3],[-10,35],[16,51],[-36,94],[-10,7],[-23,-27],[-55,-15],[-16,-24],[-109,-42],[1,-52],[22,-20],[-63,-78],[-20,-19],[-76,-12],[-52,-45],[-34,25],[-39,-43],[-24,9],[-26,31],[-53,-56],[-28,25],[-91,14],[-44,-19],[-42,-37],[-34,8],[-26,-33],[-71,26],[-55,75],[-54,-31],[-60,36],[-60,-25],[-33,-21],[-14,-41],[-47,15],[-24,-19],[-34,11],[-95,-38],[-13,-24],[-119,47],[-29,-28],[-102,18],[-69,-50],[-58,28]],[[59785,34548],[63,-51],[11,-120],[33,-43],[-5,-80],[-21,-83],[4,-51],[24,-38],[62,-14],[5,-36],[45,-86],[40,-21],[19,-36],[-28,-107],[22,-27],[39,-7],[-21,-137],[-41,-38],[-34,36],[-35,4],[-35,50],[-61,-5],[-81,35],[-15,-92],[44,-32],[-36,-38],[-12,-157],[19,-32],[45,-19],[2,-90],[20,-27],[-6,-47],[35,1],[44,-8],[105,-101],[78,12],[82,-50],[19,-39],[39,18],[51,-27],[-9,-81],[74,-133],[39,-22],[4,-68],[39,-21],[77,45],[60,161],[39,-39],[24,10],[41,-29],[-5,-27],[43,-38],[44,1],[42,-64],[17,-10],[60,-48],[117,-56],[105,-63],[-25,-64],[14,-31],[-43,-32],[-18,-45],[37,-56],[2,-101],[-45,-19],[-22,27],[-38,12],[-64,-37],[-40,13],[-72,-17],[-17,12],[24,-35],[21,6],[110,-58],[50,-118]],[[60989,31940],[-31,-41],[-36,22],[-18,-56],[-36,-56],[1,-36],[-34,-78],[-13,-29],[-60,-13],[-24,-53],[-73,1],[-48,-20],[-41,28],[-79,23],[-29,39],[-90,-4],[-43,25],[-22,37],[-111,-71],[-6,-70],[-51,1],[-26,21],[-24,-102],[-65,-64],[-88,-18],[-64,61],[-63,-68],[-25,-62],[-33,-3],[-42,-35],[-9,-55],[-56,-67],[-8,-35],[-51,-15],[-96,-65],[36,-98],[30,-28]],[[59561,30956],[-60,1],[-83,31],[-40,62],[-53,45],[-23,57],[-14,85],[-26,37],[-92,32],[-90,-26],[-78,56],[-87,47],[-44,42],[-55,100],[-56,68],[-48,39],[-44,81],[-45,7],[-44,41],[-122,22],[-34,-39],[-24,4],[-7,66],[-35,3],[-33,-24],[-43,81],[0,43],[-60,-24],[-77,32],[-29,33],[-43,14]],[[58072,31972],[-35,9],[-22,28],[-31,0],[-38,33],[-70,24],[-14,32],[-53,-19],[-115,20],[-24,-2],[-66,40],[-104,-7],[-50,-16],[-90,61],[-47,103],[-1,40],[81,60],[27,38],[-21,25],[13,75],[69,77],[-4,20],[62,71],[53,48],[23,93],[-35,-3],[-31,30],[49,118],[-11,61],[24,46],[1,49],[-80,15],[-26,-16],[-28,31],[-31,5],[-68,-51],[-13,61],[39,73],[-13,39],[-46,-20],[-24,-29],[-57,28],[7,44],[-31,25],[-59,-6],[-31,-22],[-45,6],[-34,45],[79,61],[19,53],[-9,29],[35,25],[9,56],[84,130],[-3,88],[23,46],[27,20],[0,42],[-5,40],[-35,5],[-48,7],[-65,48],[-67,-38],[-38,51],[-94,18],[-63,0],[-46,2],[-35,-21],[-66,12],[-89,-22],[-45,16],[-40,-22],[-111,-43],[-33,8],[-52,-32],[-44,15],[-20,-63],[-70,32],[-41,-20],[-61,39],[-54,4],[-19,-25],[-21,-38],[-36,4],[-24,16],[-38,-28],[-47,19],[-36,-46],[-35,14],[-36,-25],[-73,19],[-32,28],[-71,-5],[-31,-24],[-43,-1],[-97,2],[-9,-27],[-38,-15],[-67,-2],[-13,26],[4,68],[-41,66],[4,97],[-28,66],[-33,78],[-33,53],[-77,57],[-64,79],[-17,64],[-39,76]],[[78585,35400],[-21,-32],[-7,-57],[-20,-23],[25,-39],[2,-45],[-38,-100],[-23,-16],[-10,-74],[-31,-81],[7,-13],[-46,-81],[-20,-14],[-16,-70],[-71,-46],[1,-2]],[[78317,34707],[-612,2],[-220,0],[-21,-44],[-9,-80],[-15,-17],[-23,-86],[-42,-9],[-119,-126],[-16,-65],[33,-9],[22,-84],[80,-33],[9,-140],[-31,-106],[18,-66],[-57,-32],[-30,-76],[-6,-48],[-25,-38],[80,-6],[-2,-38],[20,-40],[-91,-109],[-13,-50],[-22,-18],[5,-51],[-39,-39],[30,-21]],[[77221,33278],[-83,-80],[-64,4],[7,-20],[-25,-66],[14,-42],[-48,-34],[-1,-41],[-36,-48],[-5,-62],[-75,-24],[-57,2],[-105,-34],[-69,7],[-50,-36],[-66,-33],[-21,-29],[24,-48],[77,-55],[59,-21],[12,-20],[-51,-10],[0,-39],[-45,-46],[2,-20],[-34,-15],[-18,-57],[-57,5],[-27,-78],[-39,-43],[-9,-29],[-31,-46],[33,-61],[-20,-51],[34,-23],[-2,-48],[-94,-86],[-2,-65],[-20,-26],[34,-50],[-29,-14],[15,-59],[-55,-51],[32,-44],[-94,-24],[-6,-51],[-28,-70],[57,-21],[-5,-20],[43,-45],[-50,-27],[-27,-59],[-30,7],[-30,-70],[-49,-21],[11,-26],[-49,-33],[-16,-23],[-39,-70],[32,-17],[-34,-37],[72,-55],[93,16],[74,-67],[12,-31],[-4,-52]],[[76259,30846],[-96,-39],[-15,-22],[-54,-21],[-50,11],[-52,-18],[-34,-30],[-164,-64],[-9,-3],[-284,-131],[4,-22],[-67,-15],[-145,-57],[-329,-160],[-180,-56],[-5,-22],[-63,-59],[-120,-63],[-24,0],[-58,-53],[-24,9],[-87,-34],[15,-52],[-75,-60],[-102,13],[-38,-18],[-34,-47],[-42,81],[48,48],[14,32],[-7,44],[-57,-8],[-35,27],[-78,-38],[-62,21],[-45,56],[-82,-11],[-53,-24],[-53,36],[-53,7],[-46,-20],[-10,-26],[-118,-82],[-43,-16]],[[73447,29960],[-61,-33],[-33,8],[-68,-14],[-22,41],[-29,-33],[-95,-42],[-12,29],[-35,17],[-19,37],[-27,-41],[-41,-30],[-62,46],[-46,-22],[-7,-30],[-32,37],[-91,-24],[-35,-42],[-63,43],[-14,45],[-81,-50],[-103,-42],[-35,10],[-57,-48],[-28,-2],[-118,-46],[-27,-23],[-61,-13],[-63,-40],[-46,28],[-41,-24],[-61,-4],[-25,-34],[-56,6],[-12,-29],[-43,-10],[-6,-31],[-37,-51],[-31,-17],[-64,-3],[-22,-32],[-29,-28],[-28,14],[-53,-52],[-60,-5],[-17,51],[-22,13],[-63,-27],[-84,-12],[-54,15],[-66,-51],[-16,35],[-94,20],[-56,-16],[-6,-33],[-91,-83],[-40,-16],[-46,-55],[-26,-4],[-50,-1],[-57,31],[-91,-40],[-41,-46],[-43,-68],[-13,18]],[[70492,29157],[29,21],[-32,82],[2,32],[49,27],[19,32],[40,4],[45,55],[11,47],[-21,76],[63,34],[18,24],[32,112],[-6,23],[26,47],[27,10],[55,7],[62,-16],[34,32],[85,18],[28,-7],[1,76],[-20,35],[46,59],[-24,40],[54,46],[7,50],[-13,55],[60,39],[11,46],[-14,21],[9,53],[-19,22],[-26,94],[-51,-24],[-49,10],[10,62],[-10,40],[-36,53],[1,42],[-86,15]],[[70909,30651],[-21,52],[44,38],[30,-6],[9,53],[42,-35],[41,36],[25,60],[40,10],[42,-23],[17,29],[62,17],[12,31],[-15,78],[-40,20],[-41,48],[-29,6],[22,52],[-29,27],[44,28],[36,-28],[60,19],[28,-21],[153,56],[52,-87],[24,-7],[60,83],[-15,34],[26,-23],[88,59],[30,34],[-6,-127],[19,-108],[46,-64],[61,-10],[41,-24],[44,18],[14,-41],[-26,-45],[23,-40],[-1,-47],[41,44],[72,-2],[47,35],[41,9],[-19,42],[-51,8],[3,33],[31,18],[51,-29],[28,38],[50,5],[-20,44],[116,-71],[47,-61],[39,19],[37,83],[54,37],[19,69],[-34,63],[30,71],[33,-11],[2,80],[31,16],[150,-31],[53,-111],[27,-26],[44,8],[23,63],[-24,35],[9,33],[45,35],[40,51],[-23,38],[9,31],[-43,11],[3,68],[-90,67],[4,26],[55,49],[23,-14],[40,30],[23,-19],[44,26],[51,99],[41,-2],[18,39],[75,41],[40,-19],[72,-5],[4,41],[68,48],[35,12],[6,33],[41,33],[-26,141],[4,53],[20,17],[54,1],[9,24],[35,8],[15,-30],[50,34],[27,37],[22,58],[-1,55],[125,53],[19,35],[57,7],[22,-50],[48,-16],[30,99],[-43,22],[8,40],[-27,27],[28,42],[-12,27],[25,38],[-47,27],[-48,-16],[-29,24],[19,46],[26,18],[-42,43],[1,52],[-17,32],[3,71],[-22,42],[0,42],[57,12],[32,31],[-32,49],[8,80],[83,53],[35,1],[30,44],[48,-28],[78,4],[-28,25],[12,62],[72,2],[-58,72],[12,52],[-42,27],[-3,50],[-22,65],[117,61],[-46,127],[-28,4],[-35,-38],[-32,3],[-61,-35],[-23,7],[-47,-32],[-22,77],[-74,56]],[[64327,34677],[-4,-21],[-33,-87],[-73,-78],[-22,-63],[2,-40],[-32,-42],[14,-56],[-2,-122],[15,-44],[-12,-36],[53,-45],[25,-6],[15,-23],[57,-23],[44,-39],[64,-30],[75,-16],[28,-57],[10,-48],[-12,-13],[25,-63],[22,-8],[0,-48],[35,-21],[-10,-44],[38,-17],[-10,-99],[-34,-61],[-81,-2],[-47,13],[-2,-38],[-41,-35],[10,-26],[-16,-75],[-46,-15],[-14,-41],[-26,-20],[25,-60],[-30,-82],[-32,-76],[37,-67],[34,-32],[49,-11],[-6,-35],[26,-30],[82,-48],[10,-26],[-32,-93],[22,-43],[3,-56],[18,-30],[-8,-49],[70,-43],[-49,-73],[39,-52],[-15,-36],[12,-46],[38,-38],[38,-17],[59,-4],[-40,-56],[64,-40],[18,-50]],[[64774,31995],[-29,4],[-77,-82],[-92,-83],[-38,50],[-7,37],[-65,-53],[-19,-62],[-26,-21],[12,-26],[-43,-65],[-7,-77],[-29,-39],[-51,-37],[-55,-21],[-35,-43],[9,-49],[-18,-76],[13,-22],[-23,-60],[-58,-9],[-58,-33],[-57,-18],[-16,-56],[-42,-13],[-43,-38]],[[63920,31103],[-30,29],[-63,22],[-20,27],[-10,12],[-124,27],[-58,7],[-43,26],[-63,-8],[-67,33],[-21,-95],[-42,-24],[-41,0],[-61,-22],[-21,-24],[-5,-121],[-40,-49],[-40,-17],[-29,-58],[-31,-15],[-81,55],[-110,-16],[10,43],[-12,47],[13,77],[-17,43],[-35,0],[-31,42],[-41,-34],[-40,32],[-25,43],[-34,5],[-21,-24],[-32,36],[-87,-56],[-50,27],[-54,106],[-54,19],[1,63],[-70,96],[-43,-6],[-17,42],[-48,20],[-17,68],[-12,19],[-10,-38],[-59,22],[-51,-29],[-22,4],[-57,-72],[-89,-22],[-117,-21],[-99,-8],[-15,-22],[-50,1],[-63,-33],[-42,33],[-6,32],[-53,17],[-14,-43],[-93,1],[12,49],[48,30],[28,65],[60,45],[-3,45],[74,-7],[26,23],[62,17],[57,64],[-54,35],[-7,41],[-30,23],[-72,-6],[-23,19],[-91,-3],[-24,-62],[-31,-10],[-58,21],[-42,-22],[-53,6],[-59,-25],[-35,36],[-58,2],[-30,61],[-35,0],[-17,55],[-20,16]],[[81339,35205],[-13,-60],[-60,-9],[-17,-40],[43,-50],[5,-90],[-22,-56],[-27,-172],[-51,-102],[-37,-51],[-21,-79],[-17,1],[-34,58],[-58,-22],[20,-27],[9,-61],[-33,-110],[-29,-25],[-35,-57],[-29,-97],[9,-11],[-67,-129],[-29,-107],[-42,-45],[-46,-75],[-17,-80],[-73,-117],[-38,41],[-37,-9],[-10,-77],[-33,18],[-66,-91],[-40,-119],[-78,-36],[-40,-59],[-14,-78],[-64,-9],[-51,-32],[-65,21],[-109,-62],[-35,-22],[-69,-12],[-34,-43]],[[79885,33023],[-166,-67],[1,101],[142,162],[-43,102],[-42,-19],[-10,46],[31,34],[-79,86],[-27,8],[-42,6],[-62,37],[-59,-42],[-55,22],[-4,54],[36,35],[16,56],[-60,54],[-20,-14],[-60,77],[29,44],[-24,44],[16,36],[-1,80],[-31,42],[11,46],[-65,55],[16,10],[-32,28],[-20,-22],[-2,-58],[13,-31],[-83,-37],[-27,8],[-4,54],[-35,-1],[-20,40],[-59,26],[6,61],[-30,16],[-23,-51],[-55,-17],[-42,22],[-13,-57],[-74,7],[1,37],[-53,-31],[-22,-34],[48,-73],[-4,-22],[-108,4],[-43,-10],[-21,-39],[-44,-36],[-28,17],[28,57],[-60,36],[16,50],[-1,130],[-49,58],[-15,-15],[-43,181],[17,39],[35,22],[53,-9],[-6,68],[37,9],[-43,52],[-62,22],[26,43],[-23,66],[-70,-15],[2,-33],[-54,-41],[-28,9],[-2,59]],[[70387,33063],[32,-53],[33,-13],[58,-68],[-2,-59],[-16,-67],[11,-103],[49,-17],[-5,-74],[39,-88],[15,-95],[-34,25],[-92,-50],[6,-28],[-82,-5],[5,-42],[31,-75],[-45,-32],[0,-50],[-59,-37],[26,-36],[26,22],[48,1],[26,-58],[-13,-15],[53,-47],[20,-47],[43,8],[13,-28],[83,-47],[-49,-50],[9,-36],[28,-11],[-11,44],[64,3],[15,47],[50,-12],[15,-63],[44,9],[40,-45],[-22,-29],[17,-26],[-18,-47],[20,-38],[77,-3],[29,-69],[54,-9],[-47,-43],[27,-38],[-12,-50],[52,-37],[-43,-36],[-3,-22],[-94,-84],[1,-42]],[[70899,31198],[-81,1],[-30,-32],[-87,-7],[-28,-41],[-133,-35],[-9,-46],[-64,-2],[-69,40],[-51,-1],[-68,50],[-65,-21],[-27,42],[-39,27],[-23,-25],[-94,-28],[-34,2],[-15,-56],[-39,-128],[27,-76],[-14,-126],[23,-14],[17,-68],[39,-19],[-89,-39],[-9,-41],[28,-25],[-27,-10],[-29,31],[-48,-14],[-29,11],[-23,-42],[-63,-14],[-22,56],[-71,2],[-28,23],[-41,108],[-25,-8],[-69,25],[-37,-36],[-60,12],[10,-122],[19,-42],[-75,-58],[-80,-40],[-97,-69],[-63,-36],[0,-17],[-68,-46],[19,39],[-29,64],[-54,-30],[-114,-50],[-165,-59],[-56,-39],[-18,3],[-80,-34],[-9,7],[-126,-49],[-206,-34],[7,41],[-49,5],[-9,36],[-110,18],[-6,-40],[-41,23],[-26,-17],[-15,24],[25,34],[-45,42],[-33,51],[-3,30],[35,32],[-20,24],[21,40],[47,24],[-67,37],[7,50],[-11,55],[22,40],[-43,2],[-30,-25],[-61,-22],[-72,18],[-18,43],[-58,-24],[-37,-36],[-26,-64],[6,-68],[32,-51],[-50,-36],[-19,4],[-79,-27],[-43,-6],[-76,13],[-31,38],[-7,38],[-67,28],[-43,-32],[-36,40],[-36,-11],[-42,16],[-2,28],[0,48],[-47,-5],[-47,37],[-62,95],[4,59],[95,61],[-25,53],[15,43],[-2,45],[25,5],[35,84],[-129,52],[-49,82],[-11,53],[-28,-5],[-133,-23],[-39,35],[-17,59],[-103,-46],[-64,-4],[-40,-9],[-38,-30],[-69,48],[-83,-3],[-26,76],[-51,-14],[-36,-71],[-39,-33],[-33,-4],[-41,59]],[[66054,31224],[29,41],[-57,75],[13,54],[24,29],[-1,49],[-25,20],[-4,39],[-35,-6],[-24,23],[-35,-5],[-39,39],[-72,-45],[-23,39],[-25,46],[-54,53],[4,28],[-1,41],[-46,6],[-17,-33],[-44,-22],[-35,-57],[-31,39],[-34,-11],[-68,48],[-6,40],[-40,-28],[-25,-7],[-97,18],[-8,-41],[-49,-18],[-30,-36],[-40,-8],[-21,-24],[-98,-24],[-54,2],[-42,17],[-24,-22],[-39,15],[-38,60],[29,36],[-13,32],[31,34],[-5,22],[-44,18],[-9,52],[-34,27],[13,28],[-31,26],[-6,62]],[[58072,31972],[38,-103],[-15,-8],[-48,-95],[-30,-32],[-31,-63],[21,-72],[-25,-57],[-3,-65],[-47,-2],[-5,-31],[-41,-74],[19,-39],[-31,-82],[-43,8],[-50,-58],[-59,-3],[-33,-33],[-86,5],[-44,-55],[-28,18],[-7,50],[-32,-30],[-14,-37],[-48,-30],[0,-50],[-23,-84],[5,-26]],[[57412,30924],[-54,-19],[-66,26],[-25,-38],[-95,23],[-37,-34],[-54,7],[-65,-30],[-56,-20],[-33,6],[-29,22],[-35,-23],[-29,14],[-31,-42],[-45,20],[-48,4],[-123,61],[-6,14],[-25,-49],[-50,10],[-31,-36],[-46,18],[-55,33],[-71,10],[-70,54],[-27,37],[-13,-2],[-78,22],[-13,68],[-45,49],[-87,49],[1,20],[-61,13],[-32,-16],[-43,41],[-35,-17]],[[55800,31219],[11,61],[-31,-35],[-29,12],[-27,-24],[-30,15],[15,44],[-75,12],[-52,26],[10,49],[-24,45],[-58,-5],[-17,53],[-43,74],[-57,-16],[-88,39],[-21,-13],[-31,-3],[-49,31],[-21,45],[-59,26],[-63,35],[-37,37],[-51,-29],[-55,20],[-62,-25],[-49,19],[-20,40],[-35,15],[-27,33],[-29,38],[-60,-2],[-58,23],[-103,65],[-75,20],[-64,4],[-30,43],[-48,15],[-36,40],[-102,25],[-19,16],[-38,23],[-52,54],[-168,68],[-14,38],[-37,42],[-59,-28],[-4,-23],[-43,-19],[-59,48],[-37,48],[16,45],[-24,71],[-29,7],[-18,36],[-57,-6],[-67,60]],[[70909,30651],[-96,15],[-31,37],[-64,-10],[-22,54],[-5,102],[24,31],[-34,27],[36,35],[-4,36],[19,28],[49,1],[28,52],[66,59],[24,80]],[[79885,33023],[-13,-61],[-96,-139],[-18,-98],[11,-66],[-16,-69],[-47,-54],[-59,-189],[-122,-99],[-42,-62],[-78,-151],[-9,-66],[10,-66]],[[79406,31903],[-52,31],[-40,9],[-22,87],[-44,15],[-42,-22],[-35,43],[-87,50],[-66,-30],[-45,5],[-8,-26],[-47,-19],[-106,5],[-56,47],[-44,12],[-36,-40],[-37,-10],[-49,15],[-47,53],[-50,18],[-191,18],[-45,-42],[-82,35],[-22,52],[-43,-6],[-37,23],[-82,-20],[-27,28],[-62,20],[-10,41],[-57,-18],[-28,25],[-52,7],[-117,72],[-57,-24],[1,50],[-48,8],[36,72],[-27,20],[16,84],[26,44],[-16,35],[27,40],[-17,83],[-38,28],[5,43],[21,10],[9,58],[-18,19],[34,60],[-35,12],[-35,-21],[-9,50],[20,43],[-9,48],[-83,46],[-46,2],[-46,-16],[-28,43],[-46,28],[-21,34],[-33,-2]],[[51921,29820],[-43,-74],[-111,-107],[-58,-40],[-15,-39],[-77,-29],[-57,-33],[-89,-30],[-55,-51],[-73,-31],[-43,-44],[-90,-25],[-86,-61],[-54,-22],[-131,-94],[-95,-91],[-55,-76],[-205,-72],[-121,-51],[-34,-67],[-66,-21],[-81,-55],[-82,-119],[6,-68]],[[50206,28520],[-102,-144],[-90,-104],[-36,-25],[-44,-7],[-71,-12],[-191,-74],[-77,-38],[-43,-61],[-64,-14],[-43,-45],[-67,-62],[-64,-22],[-121,-67],[-96,-95],[-30,-50],[-75,-62],[-57,-96],[10,-32],[-14,-262],[-43,-64],[-16,-52],[-83,-152],[-45,-163],[-57,-113],[-69,-93],[-29,-24],[-91,-24],[-277,-156],[-69,11],[-61,-50],[-34,-92],[-21,-128],[-38,-99],[-13,-103],[-17,-62],[-33,-57],[-5,-36],[0,-94],[-44,-78],[-24,-69],[-18,-163],[9,-53],[10,-61],[-43,-141],[-47,-70],[-50,-40],[-88,-39],[-191,-145]],[[47444,24838],[-79,-25]],[[47365,24813],[-55,57],[-28,56],[5,40],[-44,13],[-39,-8],[-78,57],[-35,52],[-32,11],[-33,108],[-28,32],[-105,27],[-42,47],[-40,-25],[-22,29],[-38,11],[-70,-12],[12,51],[-36,22],[-69,-12],[-17,44],[-37,14],[-36,-10],[-16,34],[-41,19],[-39,-50],[-28,-24],[-15,-57],[-94,-11],[-114,1],[-53,-55],[-54,15],[-31,-32],[1,-28],[-142,-10],[-53,-80],[13,-47],[-98,-10],[-78,19],[-154,-98],[-68,29],[-40,56],[-28,-40],[-73,-32],[-17,17],[-54,-29],[-47,17],[-17,-37],[-93,0],[-39,20],[-107,77],[-33,7],[-45,-84],[-26,-4],[-67,39],[-29,30],[-75,23],[-21,83],[-39,24],[14,31],[8,83],[-11,109],[-24,27],[45,74],[-7,51],[-29,72],[26,66],[-44,-2],[-28,36],[10,49],[-33,23],[4,67],[-85,43],[-53,6],[-15,98],[29,64],[-22,31],[-30,133],[-39,54],[37,14],[0,72],[70,101],[29,83],[-74,116],[-48,33],[13,42],[-13,53],[79,59],[-18,19],[-38,82],[29,8],[26,50],[-46,43],[1,63],[-59,30],[-73,-22],[-6,123],[-40,57],[15,12],[-30,113],[-39,18],[41,104],[-61,89],[-10,48],[14,21],[-7,79],[-30,29],[4,40],[-16,37],[18,25],[14,127],[33,25],[10,32],[53,81],[-2,100],[-28,185],[-135,97],[-27,28],[-6,39],[-64,30],[-64,132],[-8,62],[39,45],[-4,121],[-16,57],[-52,15],[-56,-12],[-34,39],[6,44],[-57,36],[-19,41],[-14,81],[-37,35],[-104,-13],[-48,22],[-69,-17],[-9,-23],[-46,6],[-31,30],[-80,-20],[-102,25],[-34,-25],[-60,5],[-55,35],[-26,-32],[-76,1],[-75,26],[-44,-12],[-54,53],[-15,53],[-89,-1],[-60,53],[-35,-6],[-49,51],[-18,47]],[[55800,31219],[4,-48],[-40,-65],[-5,-37],[-30,-34],[-20,-82],[-25,-42],[-15,-23],[-16,-85],[-18,-15],[-23,-105],[23,-29],[56,-30],[-24,-24],[-14,-49],[-67,-19],[-90,-84],[-22,-53],[-57,-34],[-43,-56],[-21,-1],[60,-63],[93,-15],[26,-27],[66,-4],[136,-73],[143,-18],[89,-26],[6,-20],[3,-1],[88,-16],[119,-86],[43,-3],[14,-26],[40,5],[46,-19],[23,-42],[71,-40],[23,-62],[63,-45],[-29,-35],[-3,-42],[-61,-96],[-51,-21],[-15,-22],[-22,-116],[4,-31],[-32,-25],[-62,19],[-48,-1],[-69,-40],[-82,45],[-20,-74],[14,-23],[-13,-73],[-19,-21],[4,-78],[-56,-8],[-9,-24],[-50,-24],[-45,-48],[-55,17],[-38,-25],[-71,41],[-35,-45],[9,-33],[-13,-43],[33,-26],[-34,-42],[-6,-46],[-23,-24],[40,-51],[-28,-67],[34,-26],[-16,-85],[45,-68],[-16,-36],[-78,-5],[-95,59],[-47,-69],[-48,-27],[-18,-49],[35,-43],[8,-38],[-37,-53],[-27,-1],[-45,-52],[3,-40]],[[55318,28108],[-38,-24],[-40,-1],[-112,68],[-221,28],[-63,41],[-27,23],[-44,6],[-55,30],[-35,67],[-54,57],[-39,3],[-38,-18],[-86,16],[-93,23],[-73,-25],[-54,37],[-52,1],[-88,-78],[-43,-18],[-40,1],[-43,7],[-65,-24],[-68,28],[-88,74],[-7,-2],[-77,1],[-89,-31],[-46,1]],[[53540,28399],[-18,20],[-20,92],[-94,29],[-198,-45],[-43,9],[-40,38],[-26,30],[-95,88],[-49,10],[-86,44],[-75,17],[-4,3],[-73,2],[-114,54],[-68,-26],[-32,-58],[-7,-49],[-26,-84],[16,-107],[-64,-32],[-35,-9],[-61,-43],[-13,19],[-7,89],[-22,35],[-50,9],[-70,-30],[-37,-22],[-152,19],[-127,48],[-76,2],[-114,-63],[-90,47],[-70,69],[-46,60],[-61,-23],[-124,-95],[-82,-39],[-61,1],[-145,62],[-82,14],[-67,-32],[-26,0],[-119,96],[-51,17],[-108,-11],[-48,-25],[-49,-50],[-43,-22],[-38,-45],[-70,-42],[-32,-44],[-42,94]],[[79406,31903],[-16,-86],[10,-67],[-53,-83],[-35,-11],[-62,-119],[-99,-107],[-25,-84],[3,-43],[40,-128],[45,-45],[67,-14],[-34,-184],[-5,-104],[111,-498],[13,-136],[-41,-104],[-335,-210]],[[78990,29880],[-71,-28],[-39,16],[-46,-23],[-29,21],[-118,-8],[-49,88],[-392,212],[-63,-9],[-31,-33],[-97,-48],[-64,-95],[-169,21],[-99,-28],[-45,-2],[-55,23],[-42,-26],[-50,-66],[-30,-2]],[[77501,29893],[-22,84],[-16,19],[6,55],[114,107],[9,54],[-19,44],[15,54],[-5,36],[26,43],[-34,14],[-165,-3],[-21,30],[-99,-29],[-118,18],[-4,45],[-16,-39],[-101,17],[-35,42],[-8,50],[-24,22],[-12,62],[28,27],[17,56],[38,7],[-4,68],[-36,32],[-75,-12],[-69,-31],[-75,-97],[-28,6],[-40,-41],[-76,-33],[-25,-38],[-17,-65],[-39,33],[-12,-55],[-59,-1],[-95,191],[-75,222],[-71,-41]],[[59561,30956],[13,37],[46,24],[44,4],[48,-38],[-1,-58],[31,-63],[34,-32],[47,-79],[52,-7],[93,-51],[171,42],[31,-33],[-4,-33],[-59,-73],[-9,-42],[50,-49],[146,-46],[38,-106],[34,-35],[72,27],[45,50],[148,-3],[32,22],[66,-21],[22,-48],[76,-11],[17,-36],[24,-54],[56,-52],[31,4],[68,-49],[45,-33],[53,-13],[53,-77],[89,37],[16,23],[53,-79],[50,-16],[29,-37],[27,-63],[61,-17],[26,-71],[6,-62],[52,-55],[68,-11],[5,-23],[64,-42],[27,17],[71,-2],[12,27],[57,9],[-24,59],[94,-11],[46,29],[36,-16],[16,-31],[105,-46],[66,11],[77,71],[38,4],[34,70],[-5,128],[54,-17],[68,-92],[49,-7],[61,18],[40,-35],[28,-67],[49,-17],[-7,-35],[49,-75],[6,-28],[-44,-16],[-17,-31],[-10,-73],[-37,-52],[-9,-74],[-49,-32],[-12,-96],[-15,-21],[38,-43],[-18,-44],[67,-16],[21,-50]],[[62682,29024],[-57,0],[-32,-48],[-73,-28],[17,-23],[-50,-41],[5,-34],[-60,-24],[-52,-7],[-45,-20],[-39,-36],[-18,50],[-40,-7],[-69,33],[-49,41],[-83,-5],[-36,-48],[-22,13],[-35,-51],[-31,-7],[-61,-54],[31,-93],[-33,-71],[36,-38],[24,58],[36,7],[29,-61],[91,-24],[28,-27],[46,24],[112,12],[-4,-58],[18,-13],[-24,-102],[27,-39],[11,-48],[31,-30],[94,45],[37,-37],[-30,-49],[2,-94],[-18,-64],[6,-28],[-37,-16],[104,-84],[-2,-80],[39,24],[45,-29],[25,28],[70,16],[-40,-66],[-11,-44],[42,-48],[-15,-30],[28,-52],[-41,-60],[10,-44]],[[62619,27513],[-26,-6],[-7,-45],[-32,10],[-25,-54],[-50,-11],[-15,-31],[-73,-4],[-5,-50],[-42,-37],[-15,27],[-70,21],[-43,-13],[-121,11],[-11,-38],[-76,-34],[30,-38],[5,-58],[-34,-82],[-62,-21],[-58,-45],[-3,-28],[-35,-27],[13,-63],[40,-23],[-5,-41],[-52,7],[-36,35],[-55,18],[-31,-22],[-68,-11],[-16,-34],[-37,-22],[9,-28],[-36,30],[-65,12],[2,30],[-39,31],[-47,-27],[-130,33],[-51,-29],[-60,-4],[-39,-16],[-34,-44],[-31,-2],[-20,-42],[-139,-38],[-82,-36],[-64,4],[-7,58],[-51,-4],[-102,46],[4,93],[66,40],[-8,29],[31,75],[-23,28],[1,85],[24,45],[-41,86],[24,64],[-54,31],[-35,59],[42,123],[-3,37],[-36,67],[-39,6],[-53,32],[-73,7],[-14,44],[59,53],[-4,48],[53,40],[48,13],[-39,42],[1,24],[-192,-15],[-45,15],[-51,43],[-112,10],[-34,-41],[-32,55],[-43,-56],[-42,19],[6,86],[14,28],[-20,67],[-45,16],[-19,54],[-84,80],[-6,96],[-33,-23],[-57,8],[-43,-27],[-56,-121],[-53,21],[-30,-52],[-46,-47],[-50,28],[-57,-32],[-138,-9],[-13,-26],[-63,-21],[-38,18]],[[59167,28123],[-19,45],[32,133],[39,54],[47,39],[-58,37],[1,56],[-141,35],[-11,35],[-54,23],[-15,58],[-8,23],[-82,63],[-30,73],[-58,-24],[-1,-36],[-66,-55],[-31,-44],[-29,-66],[-3,-37],[-28,-47],[5,-29],[-23,-47],[-62,37],[-12,67],[-55,9],[-23,34],[-64,15],[-37,-62],[-77,97],[3,25],[-29,50],[0,41],[-56,102],[49,22],[16,61],[56,19],[4,28],[37,34],[20,-42],[50,-34],[25,16],[41,66],[24,-25],[20,-59],[38,4],[20,64],[59,54],[23,96],[85,-30],[47,3],[50,31],[29,67],[45,52],[56,21],[40,85],[-19,2],[-13,59],[-35,30],[-18,45],[-12,-10],[-72,37],[-32,55],[-10,51],[-43,23],[12,70],[-88,22],[11,38],[-31,-25],[-42,39],[4,30],[-45,12],[-42,-12],[0,42],[-32,44],[-19,27],[-45,-20],[-12,38],[-45,10],[-23,36],[-110,44],[11,23],[-50,27],[23,71],[24,21],[-7,41],[14,40],[-79,17],[-28,43],[-75,65],[29,41],[-23,41],[35,31],[50,107],[-49,43],[-62,25],[-29,47],[-24,-3],[-26,36],[-49,18],[-61,39],[-38,47],[-65,25],[-35,-12],[-45,23],[-21,-23],[-35,15],[-32,-18],[-78,24],[-117,5],[-41,18]],[[63920,31103],[49,-90],[90,20],[49,-22],[-7,-43],[-29,-6],[1,-52],[32,-68],[-17,-26],[63,-27],[26,-39],[-7,-28],[-39,-27],[-51,-7],[2,-24],[-34,-53],[29,-24],[-20,-64],[33,-13],[43,-69],[59,15],[21,-27],[-7,-113],[35,-70],[-57,-25],[-19,-32],[110,14],[89,-27],[9,-81],[27,-60],[-45,-21],[-35,-38],[37,-26],[-5,-35],[48,-52],[-128,16],[-44,-30],[-70,1],[-69,35],[-112,-17],[-56,30],[-103,52],[-39,-50],[-79,2],[-21,-13],[-56,40],[-67,-41],[-34,15],[-30,-15],[-115,116],[-25,-29],[-52,8],[-24,32],[-22,66],[-55,-54],[-63,-18],[-45,-39],[-1,-53],[-105,-52],[6,-39],[-30,-39],[26,-44],[67,-47],[13,-67],[63,5],[-6,-40],[43,-96],[7,-33],[-31,-65],[24,-59],[-51,2],[-12,-40],[-61,-42],[12,-20],[-23,-24],[-11,-60],[-32,-51],[-18,-88],[45,-44],[-41,-10],[-50,-20],[-29,34],[-75,2],[12,26],[-97,22],[-54,-4]],[[66054,31224],[-29,-88],[16,-29],[-71,-46],[-18,-59],[-26,-9],[3,-56],[-30,-16],[-107,24],[-21,-72],[19,-29],[-20,-66],[1,-72],[-58,-27],[8,-26],[-96,-122],[35,-35],[23,4],[34,-119],[-51,-39],[16,-56],[33,-23],[-1,-30],[25,-57],[60,-49],[9,-58],[-83,21],[-31,-37],[-33,3],[-22,-34],[49,-85],[-108,-15],[-26,-20],[12,-23],[55,4],[52,-19],[57,15],[30,-40],[28,-5],[17,-55],[42,-12],[-35,-38],[-66,-20],[-12,-58],[-69,11],[9,-21],[-23,-83],[4,-20],[-78,-101],[21,-35],[-7,-46],[-44,-28],[13,-27],[40,-11],[9,-56],[52,-67],[36,9],[-13,-39],[0,-87],[46,-35],[74,-25],[31,-12],[43,10],[74,-19],[12,-59],[46,-3],[-27,-60],[122,-41],[16,-23],[71,-6],[38,-49],[51,-17],[12,-23],[-50,-45],[26,-63],[44,-57],[-48,-33],[68,-32],[8,-43],[-83,4],[-81,-38],[-44,-4],[23,-42],[-7,-29],[38,-4],[12,-53],[78,-13],[62,-29],[20,10],[128,-67],[-70,-58],[-30,-76],[1,-154],[41,-55],[29,-11],[70,45],[49,-28],[38,50],[40,-1],[10,-31],[41,1],[17,22],[101,42],[16,-10],[100,28],[17,-82],[-41,-57],[36,-26],[105,73],[48,9],[58,-14]],[[67163,27817],[24,-63],[-24,-50],[0,-67],[-75,-49],[-10,1],[-23,-33],[-71,-27],[-36,-78],[-43,-28],[-10,-42],[-43,-32],[-56,-12],[-26,-64],[-9,-37],[-40,-31],[-53,-65],[-12,-65]],[[66656,27075],[-110,-34],[-8,-71],[-43,-49],[-46,-19],[-33,-51],[-85,-35],[-48,-71],[-55,105],[-51,4],[-26,-27],[-48,70],[-57,44],[-72,-8],[-85,24],[-34,-13],[-42,28],[-56,-81],[-3,1],[-97,-10],[-64,23],[-107,1],[-86,-35],[-43,18],[-9,-42],[-74,-33],[-75,22],[-81,-73],[-48,-1],[-35,-33],[-55,-13],[-199,-67]],[[64781,26649],[-75,-17],[-39,13],[-27,-85],[46,17],[-9,-56],[-85,-3],[8,70],[-39,-12],[-20,83],[-69,28],[23,75],[-16,34],[-44,28],[-11,86],[36,-16],[71,3],[31,20],[42,58],[-32,56],[-61,2],[-83,22],[-19,18],[-122,15],[-65,74],[-43,-8],[-30,55],[8,50],[-45,-24],[-47,32],[-35,-64],[-83,-49],[-71,-34],[-11,44],[27,78],[-38,53],[-17,-17],[-69,-5],[-39,-39],[-30,56],[-41,26],[-68,-26],[-68,12],[-36,-17],[-66,13],[32,64],[-43,13],[-38,-18],[-44,33],[-29,46],[-58,27],[48,42],[7,54],[-40,76],[-2,22],[-40,52],[-15,49],[-27,18],[-27,-51],[-57,2],[-32,27],[-11,48],[-101,48],[0,-52],[-16,-48],[-24,-4],[19,-99],[-1,-41],[26,-11],[80,19],[17,-13],[-42,-57],[62,15],[-25,-46],[-60,-6],[19,-37],[-12,-25],[-91,-99],[48,-60],[-28,-77],[3,-48],[-67,-16],[12,-41],[-45,-2],[-40,39],[-83,-1],[-12,52],[17,70],[-11,79],[-43,3],[-6,53],[42,12],[-24,96],[-39,8]],[[59167,28123],[0,-45],[22,-65],[-20,-55],[-3,-53],[21,-55],[-34,-20],[-32,20],[-52,-36],[-97,-41],[16,-62],[-22,-75],[43,-52],[26,-54],[-11,-27],[16,-41],[45,-41],[58,-7],[16,-72],[23,-25],[32,18],[51,-68],[16,-38],[49,5],[51,-12],[25,18],[47,0],[32,-58],[-6,-104],[11,-53],[76,-50],[4,-52],[29,-111],[-47,-25],[37,-36],[-35,-90],[18,-43],[-5,-58],[10,-43],[-15,-35],[-39,-8],[-64,33],[-72,-7],[-16,-17],[-60,42],[-47,-34],[-51,-13],[-5,-38],[-27,47],[-56,51],[-87,-54],[-40,-7],[21,-49],[-23,-8],[-7,-84],[27,-37],[-55,-53],[12,-23],[-46,-55],[-19,33],[-68,51],[-37,-6],[-24,26],[-67,13],[-28,39],[-37,11],[-10,43]],[[58637,26378],[6,48],[37,6],[1,56],[-26,-2],[-31,81],[20,43],[-48,38],[-54,5],[38,47],[-23,71],[9,59],[-40,105],[-25,27],[2,47],[-54,91],[-5,28],[-46,0],[-46,43],[-44,37],[23,59],[-61,36],[-31,-20],[-64,4],[-46,35],[-11,28],[-48,32],[-40,-19],[-84,21],[-63,36],[-11,38],[37,94],[-73,44],[-56,10],[-42,49],[-5,13],[18,21],[11,59],[-29,45],[-32,22],[-28,-12],[21,-57],[-40,-6],[-22,41],[-88,13],[-36,-57],[-61,13],[-54,-45],[-43,0],[-44,12],[-76,-47],[-49,2],[-32,13],[-54,-15],[-17,39],[-65,19],[-65,-18],[-43,-33],[-52,7],[-44,80],[-53,31],[-92,-23],[1,-50],[-26,-33],[-42,12],[-35,-9],[-55,21],[-53,-22],[-50,27],[-19,53],[-102,26],[-75,-52],[-25,29],[-44,16],[-27,25],[-61,-4],[-87,-141],[-50,-24],[-35,8],[-32,31],[-94,-7],[-20,26],[32,118],[-58,38],[-16,35],[-24,18],[-21,70],[-42,40],[-78,54],[-82,-4],[-44,-21],[-41,47],[-41,9]],[[70492,29157],[-61,8],[-33,-8],[-45,34],[-49,-41],[-46,0],[-96,-46],[-14,-29]],[[70148,29075],[-57,-66],[-28,8],[-66,9],[-42,-20],[-22,-54],[-99,2],[-62,-58],[-61,23],[-86,-10],[-3,18],[-78,-24],[-53,-36],[-50,-10],[-43,-17],[-70,-26],[-39,-60],[-27,-49],[-108,-36],[-90,-47],[8,-21],[-22,-53],[-23,-15],[-44,8],[-94,-10],[-67,-54],[-23,3],[-71,-41],[-25,5],[-5,73],[-21,5],[-126,83],[-18,-5],[16,-23],[-35,-75],[-24,10],[-42,-42],[-56,-29],[-81,-11],[-17,11],[-3,21],[64,46],[-52,62],[-31,-43],[-37,-3],[-31,-45],[-116,-34],[-35,38],[36,61],[15,83],[-46,18],[-40,-34],[-52,11],[-42,-39],[11,-55],[30,-6],[21,-47],[36,-31],[-54,-27],[-26,5],[-68,-28],[-78,-57],[-58,-14],[-19,-62],[34,-36],[24,-5],[90,45],[72,-5],[38,-117],[-42,-52],[0,-27],[-60,18],[-38,-34],[7,-78],[-6,-26],[-49,-31],[-28,63],[-92,4],[-72,-99],[-44,-12],[-5,80],[-76,53],[-34,-54],[-47,-13],[-52,-41],[-35,-9],[-38,-50],[-46,12],[-57,-30]],[[77501,29893],[-39,3],[-59,-40],[-73,3],[-38,72],[-31,2],[-46,49],[-46,6],[-51,-48],[-61,28],[-17,-34],[-45,-19],[-4,-72],[11,-31],[-33,-36],[-29,13],[-87,-53],[-17,-26],[-117,-16],[-52,-52],[10,-46],[-85,-31],[-45,10],[-122,-98],[-70,-67],[-16,-36],[-31,-10],[-10,-37],[-36,-26],[118,-64],[25,-68],[-42,25],[-83,-20],[-77,-63],[27,-28]],[[76230,29083],[-87,-58],[-95,-12],[-84,20],[-35,-19],[-45,2],[-72,-17],[-45,-35],[-52,31],[-44,7],[-62,-59],[-35,4],[-58,35],[43,47],[-4,30],[21,64],[-26,65],[-58,14],[-75,-76],[-77,-27],[-28,26],[-54,-19],[-33,34],[-35,5],[3,41],[-41,16],[-47,-44],[-54,-28],[-57,20],[-54,-39],[11,-34],[-38,-20],[-60,-9],[-1,-25],[-43,-16],[-11,-41],[-40,-24],[-50,6],[-54,9],[-48,-15],[-52,-35],[-54,30],[-42,-18],[-23,28],[-36,-2],[-35,-29],[-9,-41],[-47,-10],[18,-44],[-90,-76],[-33,9],[-178,-80],[-69,-5],[-71,-29],[-14,35],[53,131],[-140,89]],[[73784,28895],[19,40],[-24,20],[-52,-16],[-74,24],[-47,-7],[-15,22],[38,59],[56,11],[49,83],[55,44],[27,6],[-111,175],[-47,53],[-129,150],[-82,401]],[[73784,28895],[-85,-95],[1,-17],[-174,-40],[-39,-9],[-65,29],[-51,-44],[-57,-16],[-43,-53],[-79,15],[-43,-35],[-54,-5],[-13,-30],[-76,-57],[-5,-70],[-74,69],[100,82],[33,48],[-61,56],[-28,-37],[1,-36],[-90,-40],[-51,24],[27,49],[-77,-9],[-35,-5],[-103,-82],[-2,-28],[-52,-20],[-23,-37],[-87,-50],[54,-48],[4,-51],[72,-14],[-113,-94],[-5,-59],[28,-79],[-39,-39],[-96,-35],[-29,-45],[-34,-3],[-12,-38],[-68,-107],[-64,3],[-36,54],[-33,-11],[-32,25],[-81,-59],[-26,12],[-87,-14],[-60,60],[-33,-40],[-38,-18],[-33,-51],[-17,5],[-45,-66],[-28,-5],[-51,-9],[-63,44],[-1,31],[25,78],[-32,10],[-39,53],[-73,13],[-28,-30],[-37,23]],[[71329,27948],[52,44],[32,-20],[34,16],[29,108],[1,55],[71,82],[60,4],[-4,41],[50,11],[16,49],[37,37],[-32,57],[-39,20],[15,29],[-119,72],[-47,-9],[-40,32],[-117,7],[-18,22],[-42,1],[-42,-60],[2,77],[-78,22],[-41,-38],[4,-52],[-55,25],[-38,-31],[-44,-14],[-50,12],[-56,-76],[-14,28],[-40,-1],[-46,66],[-30,-17],[-24,24],[-26,-62],[-44,48],[-78,-5],[-26,17],[-4,46],[13,65],[-84,36],[16,17],[-43,43],[-86,97],[14,41],[-54,109],[-35,27],[-131,25]],[[78990,29880],[-90,-63],[-155,-72],[-609,-176],[-125,-53],[-250,-108],[-124,-71],[-113,-96],[-63,-38],[-18,-48],[16,-38],[-120,-71],[-83,-77],[-24,-79],[-39,-27],[-34,0],[-96,-128],[-27,25],[-47,-21],[-36,-58],[-35,-99],[-12,-29],[0,-139],[38,-153],[58,-37],[37,-57],[40,-27],[32,4],[28,45],[64,-2],[24,-14],[-34,-47],[-44,-27],[-35,19],[-74,-79],[-75,-39],[-33,-73],[14,-50],[-52,-44],[-22,14],[-48,-56],[-9,-71],[35,-71],[-34,-21],[-75,32],[-540,46],[-183,9]],[[76018,27715],[-50,106],[42,151],[-187,31],[17,236],[49,-13],[61,38],[62,-6],[23,30],[65,19],[32,80],[5,55],[48,70],[36,4],[46,39],[39,-12],[122,101],[22,47],[-62,41],[-67,-18],[-26,5],[-33,62],[9,42],[-21,44],[-81,75],[24,68],[37,73]],[[53540,28399],[-16,-82],[-24,-58],[-59,-40],[0,-70],[-27,-17],[28,-146],[-97,-2],[87,-45],[70,-95],[20,-10],[-11,-40],[-30,-39],[14,-45],[-40,-16],[-24,-75],[-46,-34],[-25,-45],[40,-24],[51,-9],[11,-28],[3,-28],[38,-39],[127,-46],[21,-38],[51,5],[35,-23],[18,-34],[44,0],[38,-23],[6,-35],[-44,-63],[-9,-69],[5,-62],[-24,-68],[27,-34],[34,-89],[-26,-16],[-38,-75],[-49,-47],[-54,-80],[-57,-32],[66,-38],[33,7],[56,-54],[-1,-39],[11,-117],[22,-29],[-32,-44],[-12,-81],[14,-44],[-51,-72],[-95,-7],[-51,18],[-36,-34],[-34,15],[-53,-53],[-58,-17],[-33,-60],[-40,-12],[-56,10],[-37,-6],[-36,-32],[-53,4],[-33,-22],[-28,-45],[-41,9],[-24,-21],[-36,0],[-7,-44],[79,-50],[15,-34],[-75,-128],[-27,0],[-35,-54],[-48,16],[-22,-45],[1,-37],[54,-19],[50,-59],[14,-52],[39,-34],[-30,-37],[30,-18],[-68,-106],[25,-23],[-20,-43],[70,-48],[-25,-73],[-1,-43],[46,-21],[-24,-52],[7,-32],[45,-60],[-26,-63],[15,-41],[0,-55],[-47,25],[-26,-21],[-47,-1],[35,-47],[-13,-45],[-74,49],[-41,-28],[41,-27],[25,-26],[84,-36],[-25,-36],[12,-17]],[[52976,24354],[-43,-30],[4,-35],[-35,-18],[2,-62],[-58,-107],[51,-53],[-54,2],[9,-31],[-47,-6],[12,-45],[-41,-37],[24,-61],[-13,-33],[4,-50],[37,-39],[-71,-47],[-22,-70],[28,-54],[-14,-37],[-41,-28],[-30,16],[-44,-69],[-44,-11],[-51,-62],[-45,4],[-43,-22],[-15,20],[-82,17],[-146,-66],[-33,-38],[-57,-19],[-55,-53],[-93,-18],[2,-38],[-56,-22],[-29,-31],[-45,41],[-25,-19],[-23,-60],[-91,5],[-53,-17],[-46,-50],[-40,-10],[-15,-36],[19,-40],[-16,-60],[30,-77],[-37,14],[-43,-9],[-30,-39],[-48,-15],[-13,-55],[-49,-31],[-74,-9],[1,-45]],[[51289,22609],[-56,12],[48,76],[-96,0],[33,39],[-68,13],[-15,47],[-73,-34],[-5,51],[-111,17],[-23,42],[48,26],[26,38],[-47,13],[-85,-48],[-48,61],[-32,63],[12,23],[-42,16],[-75,-34],[-28,5],[-7,73],[49,24],[-95,44],[-36,-45],[-16,51],[29,53],[-78,-11],[15,52],[-45,-15],[-76,23],[21,58],[-40,14],[-22,-36],[-9,47],[15,57],[-79,9],[-41,-15],[-10,104],[-62,22],[-34,67],[-56,9],[-47,34],[38,78],[5,106],[-18,30],[41,51],[-17,57],[-17,79],[-61,12],[-20,45],[-55,-35],[-55,70],[-26,-26],[-44,1],[-1,56],[-35,25],[25,54],[2,74],[16,44],[36,16],[-15,50],[58,119],[-54,-15],[-28,24],[-53,-44],[-11,-38],[-49,-7],[-16,-42],[-25,-7],[-21,-43],[-46,-49],[-28,15],[-127,17],[-93,51],[-31,7],[-22,-35],[-92,-35],[-43,7],[-22,-38],[-82,42],[-51,-14],[-65,11],[-27,55],[-40,29],[-25,20],[-41,1],[-43,58],[-91,-19],[34,54],[-20,41],[-56,-27],[-80,-23],[-23,-43],[-65,48],[-29,-49],[-40,-13],[-41,34],[-54,2],[-45,39],[32,60],[-87,47],[-75,-29],[-27,12],[-6,151],[24,31],[32,85],[5,53],[-17,58],[-48,-2],[-56,-86],[-42,-17],[-53,-42],[-101,29],[-43,-36],[-127,-56],[-47,-9],[-70,13],[-52,-16],[-38,18]],[[71329,27948],[-19,18],[-124,-52],[-98,26],[-45,-61],[-70,-35],[-35,50],[-5,48],[-29,3],[-59,-49],[-33,-10],[-53,-51],[-50,27],[-59,-26],[-18,7],[-51,-47],[-22,-26],[-50,-34],[-35,24],[-34,-46],[-62,16],[-73,-45],[-27,-83],[-88,-4],[-26,-47],[23,-30],[-20,-50],[-3,-46],[-21,-14],[6,-115],[-17,-27],[12,-40],[-35,-46],[5,-42],[-47,-18],[-42,-37],[-29,-4],[-25,-52],[19,-117],[47,1],[76,-83],[89,-47],[20,-101],[44,-10],[24,-41],[63,-24]],[[70353,26608],[-63,3],[-82,-31],[-19,23],[-87,-48],[-39,1],[3,60],[-60,15],[-56,-36],[19,69],[-9,22],[-49,9],[-30,-41],[-51,-18],[-20,-56],[-48,-24],[-21,-32],[-37,7],[-50,-53],[-42,13],[-28,-31],[-45,11],[-15,-45],[33,-52],[-45,-72],[16,-17],[-33,-42],[-21,44],[-53,-8],[10,-33],[-34,-30],[-60,61],[-69,-9],[28,-41],[4,-64],[-60,3],[-27,52],[-72,-45],[47,-104],[-55,-10],[-33,-30],[-80,13],[3,28],[-48,16],[-53,-17],[-50,-46],[-41,-70],[-74,-29],[-32,31],[-25,-12],[-45,-73],[-5,-72],[13,-62],[15,-46],[57,3],[-4,-30],[-30,-34],[35,-77],[-3,-63],[-17,-40],[-63,-31],[-88,35],[-84,-59],[-25,26],[-56,4],[5,30],[-49,22],[-16,46],[-56,-1],[-93,-30],[-4,43],[-50,25],[-203,22],[-62,-4],[-30,20],[-82,-18],[-19,30],[-81,-1]],[[67660,25608],[120,111],[-12,58],[12,28],[41,-4],[38,31],[48,8],[53,50],[43,32],[16,14],[-22,71],[-27,-13],[-59,57],[21,29],[-35,22],[0,65],[-34,45],[1,28],[-68,7],[-1,45],[-59,-21],[-68,70],[-168,-86],[-71,30],[-53,-7],[-14,54],[27,19],[12,46],[-36,58],[-49,21],[-27,81],[-91,0],[-74,85],[-12,30],[-64,45],[-6,45],[-31,25],[5,31],[-60,-1],[-37,54],[15,22],[-25,3],[8,51],[-86,31],[-94,89],[-81,8]],[[69506,26115],[-5,36],[45,51],[46,-18],[-86,-69]],[[69076,25628],[61,-67],[-30,-83],[8,-25],[-40,-46],[-41,-5],[-32,-34],[-5,-54],[38,-49],[71,0],[24,-94],[-17,-80],[-67,-10],[-43,56],[14,33],[-26,48],[-28,-12],[-53,8],[-34,-32],[-147,-22],[-68,-20],[-38,16],[-39,49],[-5,70],[105,74],[15,32],[98,75],[20,80],[33,55],[2,60],[17,36],[59,9],[64,-33],[35,4],[49,-39]],[[58637,26378],[-11,-33],[-62,-100],[10,-35],[58,-32],[3,-48],[-22,-27],[14,-45],[-38,-27],[-8,-42],[47,-109],[39,-16],[26,-45],[44,-39],[16,-32],[-37,-76],[11,-72],[-14,-42],[16,-41],[-7,-63],[-24,-22],[-85,-32],[29,-16],[-16,-58],[38,-54],[41,-26],[31,-59],[50,-14]],[[58786,25173],[-4,-37],[-78,5],[16,-54],[-52,1],[-27,-40],[-62,-49],[13,-42],[-31,-15],[-10,-33],[45,-67],[-46,-35],[-137,-18],[-9,29],[-61,-8],[-29,-33],[-28,21],[-43,-25],[24,32],[-142,232],[-43,5],[-17,75],[13,55],[-57,73],[-44,35],[-44,16],[-57,39],[-20,55],[-43,-32],[-58,-65],[22,-31],[-40,-24],[-6,-65],[8,-101],[-41,-18],[-37,8],[-81,-52],[-27,22],[-145,15],[-21,-21],[-50,31],[-20,-8],[-176,-55],[-21,60],[-21,25],[-78,26],[-47,-11],[-77,37],[8,38],[-30,51],[-45,6],[2,39],[-54,-29],[-11,26],[47,38],[-68,52],[5,-20],[-48,-84],[15,-50],[-58,-89],[-82,-20],[-47,13],[25,75],[-179,8],[10,-24],[-29,-39],[-3,-33],[-74,-19],[-29,-57],[-43,-10],[-130,2],[-25,-26],[-39,2],[-34,-56],[-45,-8],[-52,56],[21,52],[-55,25],[38,25],[25,75],[-27,3],[-31,34],[-39,7],[-38,36],[-7,44],[-35,31],[-31,-1],[-71,-44],[1,32],[-25,34],[-42,18],[-48,49],[23,82],[-34,37],[-25,-23],[13,-34],[-79,-3],[-18,-86],[-45,5],[17,-54],[-9,-63],[-54,1],[-43,-43],[-39,-15],[-66,33],[-17,-22],[-74,22],[-18,-61],[-56,-34],[6,-59],[38,-32],[27,-15],[-4,-41],[-30,-63],[-81,-59],[3,-59],[-55,-28],[-47,3],[-14,-51],[-96,-13],[-12,39],[-43,-6],[-53,-46],[-63,45],[-36,-53],[-4,-36],[-100,-15],[-2,46],[-59,-69],[36,-40],[38,24],[19,-26],[27,-6],[11,-53],[75,-14],[17,-38],[57,-15],[26,-32],[36,26],[56,-32],[-13,-42],[74,-34],[73,2],[-2,-28],[50,-14],[54,-40],[4,-64],[22,-43],[-11,-59],[31,-24],[6,-32],[-18,-39],[-1,-45],[-22,-29],[-84,-44],[-11,-31],[23,-38],[-11,-24],[-65,-52],[-14,-65],[-52,-11],[34,-38],[-23,-49],[23,-55],[52,15],[78,-49],[-15,-49],[8,-50],[66,4],[51,-53],[-4,-47],[35,-44],[-60,-383],[21,-24],[96,-41],[25,-48],[35,25],[68,15],[49,-207],[-40,-56],[-76,-22]],[[55225,22505],[-31,36],[-70,5],[14,52],[-43,22],[-27,-34],[-42,43],[33,41],[-81,-2],[6,56],[-68,89],[6,60],[-62,34],[-16,33],[-86,10],[26,74],[-83,-31],[1,-34],[-61,19],[19,37],[-72,-11],[17,55],[-73,-37],[-32,-3],[-33,23],[-67,1],[-33,-36],[-17,47],[-32,-24],[-37,20],[-16,52],[8,28],[-33,19],[-46,80],[8,39],[-27,43],[-39,5],[-6,48],[-32,30],[-2,34],[34,8],[47,53],[-29,23],[36,46],[-43,9],[-23,-23],[-65,-30],[-31,10],[-15,37],[-69,-9],[-45,8],[-39,-12],[-42,15],[-70,-48],[-65,-21],[-91,1],[-33,62],[-35,-26],[-40,-3],[-32,71],[8,24],[-49,35],[4,20],[-44,41],[1,55],[-16,23],[-64,39],[-51,36],[3,42],[-68,52],[-40,-3],[3,43],[-99,170],[21,12],[-30,29],[34,34],[-44,37],[14,24],[-53,42]],[[64781,26649],[-1,-84],[16,-33],[-13,-57],[15,-39],[56,-29],[-14,-96],[39,-54],[19,-4],[4,-55],[-51,-24],[17,-42],[-62,-74],[-12,-40],[-13,-34],[-40,-42],[-8,-40],[-46,-27],[-8,-34],[19,-33],[33,-5],[1,-66],[33,-65],[33,-6],[5,-79],[46,-65],[61,-22],[3,-19],[-67,-16],[1,-54],[-32,-27],[-24,27],[-31,-26],[-38,4],[-86,-13],[-36,17],[-52,-122],[2,-37],[-41,-43],[-12,-37],[-95,-11],[14,-37],[-32,-29],[32,-25],[12,-42],[-26,-23],[90,-6],[58,-28],[26,12],[-19,-20],[-67,-20],[7,-70],[-85,-38],[-13,-21],[-78,-25],[-7,-30],[-41,-9],[-33,-37],[-15,-64],[-36,-59],[0,-25],[38,-27],[-42,-38],[-12,-60],[25,-57],[2,-56],[-22,-38],[-50,4],[-59,-40],[26,-47],[-55,-26],[74,-43],[25,-46],[90,3],[57,-16],[31,-43],[79,19],[42,-18],[17,21],[127,-5],[21,-20],[5,-68],[-13,-41],[34,-39],[37,5],[16,-29]],[[64682,23842],[-229,-180],[-21,-41],[-99,-65],[1,-31],[-55,-12],[-352,-223],[-85,-56],[-23,-35],[-141,-60],[-164,-99],[-143,-103],[-387,-327],[-189,-195],[-33,-57],[-12,-67],[-55,-2],[0,-25],[33,-67],[3,-45],[-33,-29],[-31,-108],[-82,-58],[-177,-153],[-169,-178]],[[62239,21626],[7,39],[33,38],[143,131],[-41,31],[-44,-49],[-59,-19],[-37,11],[-34,-25],[-91,55],[-28,51],[-52,15],[-23,35],[37,19],[28,43],[7,52],[-43,30],[-32,70],[-51,77],[11,46],[-11,40],[17,37],[-54,20],[19,30],[-39,45],[-30,34],[-42,-50],[-23,-94],[-20,-14],[-49,11],[-104,-3],[2,26],[-65,60],[-6,20],[-76,39],[-13,-24],[-42,-5],[-98,-60],[-21,-98],[-35,-14],[-34,-66],[-38,-42],[-31,8],[-36,37],[-6,55],[-23,27],[-34,-1],[2,43],[-43,40],[3,42],[75,79],[-13,43],[24,41],[-9,56],[6,57],[35,41],[-1,30],[-41,9],[-3,42],[29,106],[52,50],[42,16],[36,88],[-86,50],[-54,40],[-20,39],[-86,70],[-30,-1],[-60,-54],[-40,-6],[-76,62],[-30,-32],[-120,-38],[-63,-4],[-23,40],[-57,18],[-37,50],[-60,-52],[-32,19],[-114,-15],[-119,-2],[-61,21],[-8,27],[-46,-10],[-20,43],[-33,22],[-47,-120],[-42,-10],[-11,27],[-91,-36],[-44,17],[-15,16],[-107,9],[-58,-36],[-24,-42],[-115,25],[-31,-5],[-88,79],[30,22],[-40,41],[22,44],[-14,44],[23,20],[-34,77],[29,52],[60,23],[-36,96],[63,20],[12,45],[42,14],[-9,61],[-5,29]],[[59467,23876],[41,59],[-40,18],[35,64],[88,93],[-56,7],[-16,25],[-43,0],[-4,28],[-44,32],[-36,-3],[-12,42],[-30,39],[-10,64],[-115,84],[28,40],[-11,31],[16,42],[-2,92],[-50,27],[-23,35],[-44,-13],[-48,29],[10,32],[-60,19],[-19,76],[-47,24],[-13,59],[-25,1],[-45,83],[-29,119],[-41,3],[-3,75],[-33,-29]],[[76018,27715],[-262,-8],[-221,16],[-182,-15],[-87,-20],[-29,-41],[-32,15],[-68,1],[-301,-22],[-142,-26],[-183,14],[-48,-19],[-33,-11],[-100,60],[-100,10],[6,41],[33,33],[-54,50],[-48,6],[53,56],[29,61],[23,43],[-5,34],[37,21],[-2,83],[42,57],[89,57],[-2,44],[-17,21],[5,63],[-52,27],[-30,-13],[-45,21],[-69,-26],[-7,-45],[-25,-20],[-54,18],[-76,-34],[-82,-17],[-41,-33],[-109,-105],[-24,-70],[77,-75],[23,-8],[20,-93],[48,2],[15,-55],[36,14],[82,-32],[-46,-112],[36,-37],[-44,-26],[-14,-49],[-76,9],[-44,-32],[-78,-2],[-50,-26],[-42,41],[-54,15],[-48,28],[-9,-41],[82,-3],[59,-49],[-158,10],[-160,-20],[-151,-40],[-36,-34],[-63,-8],[-33,-28],[-7,-36],[-48,7],[7,58],[-129,108],[-74,14],[-34,48],[-79,-5],[-69,79],[-158,98],[-59,-9],[-40,21],[-10,28],[-82,-13],[-24,-38],[-62,-22],[-98,9],[-33,-20],[-30,8],[-63,-18],[-64,-65],[-7,-40],[-55,-3],[34,47],[-11,61],[-84,-46],[14,-42],[-15,-48],[-76,-80],[-95,-45],[-33,17],[-16,-37],[-51,-16],[-14,41],[-91,-47],[-21,20],[39,91],[-42,45],[-72,-56],[-67,-15],[-25,39],[-25,-33],[-76,-5],[-10,14],[31,62],[54,0],[42,35],[-22,60],[-34,29],[27,42],[-55,18],[-34,-3],[-31,-39],[53,-20],[-23,-27],[-49,-3],[-36,22],[-69,-6],[-29,-34],[11,-35],[-24,-34],[1,-31],[-47,-38],[-41,32],[-65,-61],[-37,6],[-98,-29],[-87,-65],[0,48],[-52,5],[-79,-34],[-42,8],[-55,-76],[-12,-49],[-6,-104],[-21,-80],[-34,-70],[31,-37],[-10,-40],[39,-3],[15,27],[37,12],[74,55],[42,-1],[-69,-79],[-56,-30],[36,-23],[30,32],[46,-13],[44,17],[-105,-152],[47,8],[51,92],[48,26],[0,24],[53,2],[-1,-51],[-20,-37],[84,-17],[24,20],[22,-54],[-28,-45],[-36,1],[-14,-65],[-51,-70],[-39,-4],[-19,27],[-79,41],[-48,-39],[-63,-1],[-37,19],[-71,-44],[17,-24]],[[71491,27290],[41,30],[92,-23],[-5,-59],[66,8],[-2,-47],[72,-6],[57,-38],[50,-55],[-52,-27],[-28,40],[-71,-3],[-29,-33],[-37,10],[-26,-43],[-24,13],[-111,-33],[-6,41],[-43,25],[-72,4],[-67,-82],[-48,-9],[27,59],[-42,-1],[-47,51],[89,45],[33,-2],[39,75],[62,-29],[22,49],[38,3],[22,37]],[[72894,27438],[127,28],[45,-53],[-175,-4],[3,29]],[[67660,25608],[-134,-17],[-122,-33],[-242,-98],[-58,-2],[-104,-48],[-57,-64],[10,-79],[-32,-15],[-67,-70],[4,-37],[39,-13],[-52,-46],[4,-73],[-49,-3],[-23,15],[-83,-17],[-51,-39],[-40,-47],[-26,24],[-40,-29],[-30,15],[6,58],[39,17],[-48,50],[-70,7],[-73,0],[23,-40],[-42,-26],[6,-69],[-65,24],[-33,-6],[-208,-70],[-234,-117],[-252,-140],[-183,-131],[-119,-59],[-117,-84],[-109,-73],[-149,-131],[-4,-51],[-22,-58],[-37,-34],[33,-81],[-57,-40],[-110,-36]],[[59467,23876],[-53,43],[-89,-33],[-9,-27],[-75,-45],[-29,-49],[-53,-16],[-41,-32],[-74,-12],[-2,-37],[-35,-35],[-22,5],[-32,-44],[-50,-2],[-35,-158],[-21,-20],[-36,19],[4,81],[-40,9],[-30,-19],[-1,-42],[-55,-54],[-30,-1],[-16,-52],[-31,4],[-36,-28],[-52,1],[-6,-35],[42,-11],[1,-39],[39,-3],[94,34],[12,-36],[38,-44],[60,-41],[-94,-211],[40,-50],[32,-4],[22,-113],[47,-37],[24,-71],[-30,-20],[-52,2],[-39,-75],[-57,2],[-12,-63],[-62,-57],[-32,16],[-36,-50],[-88,-12],[-49,-34],[-55,-9],[2,-27],[-14,-68],[-60,-6],[-1,-103],[27,-22],[-13,-38],[61,-28],[6,-25],[61,-56],[-32,-68],[-83,-75],[-50,45],[-65,29],[-36,-15],[-14,-41],[-40,-25],[-34,3],[-64,-25],[20,-39],[70,-55],[148,-231],[6,-18],[-24,-63],[34,-11],[2,-118],[-38,-20],[-4,-36],[-30,-57],[-64,-39],[7,-122],[-17,-8],[-41,21],[-44,-6],[-74,11],[-1,-61],[-73,-37],[-15,-40],[-51,-2],[-21,-33],[-81,7],[-24,23],[-63,-4],[-38,-27],[-17,-67],[-22,3],[-41,-40],[-28,44],[-44,-3],[18,-38],[-84,-25],[-71,-56],[51,-67],[-59,-79],[-21,-60],[-53,-13],[9,-59],[-70,5],[-45,-48],[-4,-42],[-20,-27],[-59,-15],[-15,91],[-58,32],[3,31],[-37,58],[-38,-4],[-15,33],[-37,-6],[-39,46],[-84,-48],[-43,71],[-85,-5],[-83,-49],[-15,13],[-45,13],[-52,-25],[-24,-43],[-43,17],[-22,-27],[-64,7],[-17,-61],[-20,-39],[-39,-23],[-19,-46],[54,-37],[-76,-58],[-82,-28],[7,-76],[63,-43],[-63,-58],[9,-67],[-42,28],[-27,-52],[-27,-12],[-20,-39],[-47,-7],[-48,25],[-146,1],[-22,-16],[-63,5],[-14,-16],[-65,-17],[0,-83],[-25,-43],[-17,46],[-64,33],[-26,56],[14,30],[-41,45],[65,49],[-28,42],[-122,29],[-56,129],[12,37],[-82,94],[5,50],[51,42],[25,-6],[62,24],[-18,37],[78,69],[34,10],[-7,60],[-16,12],[-14,67]],[[55368,20672],[-34,38],[-10,51],[-34,19],[28,44],[-64,52],[18,42],[28,38],[-178,51],[-41,-15],[-56,26],[-50,66],[-53,11],[35,6],[115,39],[30,55],[70,51],[56,4],[32,61],[45,2],[225,145],[73,0],[62,17],[26,-40],[56,-17],[39,-54],[-7,86],[-62,73],[10,29],[-20,37],[20,20],[21,87],[-50,71],[-17,46],[-51,21],[-49,-33],[-8,38],[-42,25],[-31,119],[-33,-6],[-13,36],[-43,-8],[-24,26],[22,31],[1,54],[19,57],[-14,66],[-35,4],[-15,98],[-27,71],[-72,4],[17,57],[-49,-5],[-9,37]],[[51289,22609],[39,-39],[-12,-32],[50,-11],[7,94],[53,-66],[13,-39],[63,-4],[13,-107],[29,-22],[-15,-46],[99,-35],[17,43],[54,85],[11,-71],[64,-8],[44,23],[50,-9],[22,-86],[7,-41],[-40,-25],[63,-31],[-63,-37],[30,-17],[-7,-37],[63,22],[46,-40],[-12,-33],[56,-49],[103,-74],[8,-33],[-23,-136],[214,-6],[-3,-63],[14,-40],[31,0],[13,-38],[-15,-34],[60,-43],[11,-85],[-20,-43],[14,-69],[-40,-19],[7,-51],[-7,-56],[7,-34],[-67,16],[-55,-95],[13,-27],[-37,-34],[-22,-77],[-36,4],[-39,-109],[-42,13],[-8,-61],[19,-30],[-61,-28],[-11,34],[-56,3],[-49,-51],[-49,34],[-39,-38],[56,-56],[-11,-34],[88,-13],[60,61],[44,8],[16,-29],[-55,-63],[102,11],[48,-31],[35,-58],[98,-30],[53,-42],[39,54],[32,7],[39,-59],[55,-6],[28,-44],[-59,-4],[-72,-81],[4,-86],[39,-34],[11,-49],[79,-14],[57,-106],[78,3],[51,-27],[0,-67],[58,-22],[-12,-59],[56,-31],[25,7],[26,58],[29,12],[90,-23],[43,-31],[34,-4],[49,-43],[54,38],[46,-7],[76,40],[37,0],[28,-32],[69,42]],[[53491,19877],[38,-34],[-34,-110],[59,-87],[36,-15],[4,-33],[-123,-332],[-73,-20],[13,-23],[60,-1],[32,-37],[63,19],[48,-50],[20,21],[78,12],[15,-37],[55,-16],[11,-29],[64,23],[22,-17],[-20,-71],[32,-50],[18,-64],[-22,-69],[77,1],[-27,-54],[12,-36],[41,-24],[12,-81],[23,-18],[-30,-59],[10,-97],[21,-20],[11,-101]],[[54037,18368],[-44,-28],[-38,15],[-101,-4],[-23,17],[-83,-27],[-29,47],[-53,47],[-40,-43],[-46,-25],[-52,24],[-27,-23],[-79,1],[-48,-24],[-79,36],[-62,-46],[-18,20],[-49,-29],[-29,40],[-42,11],[-61,-11],[-42,38],[-31,-14],[-40,20],[-86,3],[-12,27],[-38,39],[-80,45],[-31,-9],[-37,33],[-14,81],[-35,19],[-104,9],[-67,70],[-38,-36],[-76,-19],[-42,24],[-50,-15],[-31,7],[-48,49],[-55,-11],[-39,26],[-54,3],[-35,-26],[-48,44],[-53,-33],[-46,1],[-53,-3],[-30,46],[-49,4],[-65,53],[-72,-33],[-17,13],[-102,-22],[-32,19],[-46,60],[-60,27],[-40,54],[-59,-13],[-40,3],[-54,31],[-38,-21],[-49,14],[-38,-10],[-63,19],[-65,-4],[-73,-42],[-56,-4],[-43,17],[-46,-16],[-17,-8],[-72,24],[-48,28],[-83,-61],[-55,-33],[-95,-21],[-7,20],[-81,27],[-46,54],[-92,20],[-14,22],[-92,44],[-30,43],[-26,9],[-38,88],[-57,33],[-30,-28],[-30,22],[-31,-13],[-41,19],[-92,14],[-51,-36],[7,-17],[-65,-49],[-41,5],[-120,-50],[-73,30],[-60,-11],[-7,18],[-60,35],[-17,48],[-94,-13],[-29,26]],[[48925,19222],[-35,37],[28,58],[-74,96],[-16,29],[-52,30],[-37,67],[-62,25],[5,82],[32,50],[-23,59],[-26,-8],[-81,61],[-30,40],[-60,42],[-45,45],[-16,99],[54,13],[4,40],[-2,39],[-43,26],[34,40],[-46,84],[10,59],[38,60],[-48,55],[-15,76],[-39,-8],[34,98],[2,40],[-28,80],[-34,38],[-89,22],[-8,50],[-42,-15],[-35,27],[-29,-47],[-25,77],[-49,36],[-53,54],[-24,2],[-40,-47],[-24,-4],[-51,59],[-20,7],[-26,-68],[-1,-74],[-26,-8],[-33,60],[-22,72],[10,33],[57,84],[7,49],[-46,10],[-76,-61],[-41,-53],[-72,18],[-39,-21],[5,-39],[60,-21],[10,-47],[-57,5],[-74,49],[-17,-19],[6,-58],[-36,-11],[-70,102],[-37,-1],[-81,-37],[-42,-90],[-60,34],[-37,-11],[-16,-90],[-78,-64],[6,-77],[-36,-10],[-24,86],[-115,111],[-69,-32],[-31,26],[8,50],[-36,24],[-108,-8],[0,126],[-15,50],[-2,96],[-40,43],[-3,42],[38,30],[57,143],[90,93],[52,81],[43,42],[27,66],[22,108],[26,54],[54,99],[28,9],[17,39],[-9,60],[-65,82],[3,155],[41,129],[1,101],[50,118],[28,155],[47,151],[16,37],[57,59],[52,139],[30,75],[18,180],[-3,44],[-45,137],[1,57],[34,107],[81,99],[39,91],[36,69],[-30,127],[-36,68],[-93,83],[-11,152],[-37,72],[-1,56],[20,53],[72,57],[47,71]],[[55368,20672],[-32,4],[-26,43],[-25,-31],[-44,8],[-9,-75],[-125,26],[-90,-62],[-30,-5],[-14,-46],[15,-36],[-33,-35],[-65,29],[-71,-11],[2,-34],[-78,-1],[-9,-24],[-71,-27],[-16,-36],[-61,36],[-48,-104],[-45,17],[-2,-50],[-38,-26],[-30,-61],[-41,-11],[12,-37],[-41,-14],[-25,-88],[-75,45],[-39,-12],[11,-44],[-38,-22],[-69,77],[-81,-78],[-10,-39],[-62,4],[6,-30],[-27,-25],[-74,26],[1,-47],[-93,-22],[-57,16],[-59,-33],[-28,42],[-73,41],[-2,33],[33,23],[38,60],[-42,46],[-52,-34],[-27,-75],[-28,-35],[28,-41],[-18,-20]],[[62239,21626],[-162,-176],[-76,-121],[-32,-102],[-111,-17],[-67,-38],[-66,-8],[18,-115],[38,-23],[-57,-77],[-83,9],[-10,-27],[-62,-28],[-54,-42],[-75,-87],[-108,-178],[-119,-224],[-27,-100],[-27,-30],[-39,-11],[12,-88],[-47,-92],[-35,-128]],[[61050,19923],[-65,-13],[-45,38],[-12,29],[-57,-59],[-23,-1],[-131,-10],[-547,5],[26,-24],[-47,9],[-37,-45],[-55,-26],[-32,0],[-52,29],[-12,-38],[-105,39],[-21,-17],[-61,34],[-39,-48],[-76,38],[-22,-21],[-127,-56],[-41,-43],[-10,-53],[-26,-33],[-65,-7],[8,-52],[-28,-22],[-47,4],[-31,-37],[-62,-31],[-26,-30],[-139,-48],[-75,12],[-11,-28],[-51,-29],[-3,-24],[-7,-47],[-52,-21],[-73,-8],[-29,-33],[-64,21],[-53,5],[-8,39],[-37,-10],[-70,21],[-62,80],[-33,-2],[-49,58],[-42,-41],[-21,34],[29,34],[-57,10],[-5,49],[-43,26],[-20,-24],[-49,20],[-45,46],[-62,45],[-10,32],[-39,21],[-8,53],[-120,26],[-45,16],[-18,27],[-45,-30],[29,-24],[-57,-73],[19,87],[-28,26],[-42,7],[-44,-6],[13,-83],[-71,49],[-48,-24],[-39,3],[-45,-21],[-67,-51],[-54,92],[-70,5],[-4,-39],[40,-19],[-56,-78],[-29,21],[-50,34],[-33,-9],[-29,64],[-26,13],[-49,-32],[-21,-23],[-53,-10],[-46,-33],[-35,-102],[18,-40],[-23,-26],[-76,55],[13,44],[-28,42],[-75,55],[-10,-21],[-58,8],[-65,92],[-100,10],[-117,-44],[-33,83],[-19,13],[-52,-52],[1,-51],[25,-16],[69,15],[-2,-41],[-91,-30],[-88,20],[-68,-98],[18,-75],[-75,-46],[-41,-85],[-15,-15],[-68,-41],[39,-84],[-7,-22],[-60,-10],[-7,49],[-24,19],[-88,-14],[-78,-44],[-29,-70],[-22,12],[-39,64],[-19,1],[-25,-90],[-44,-31],[-23,11],[3,86],[-54,41],[-33,-8],[30,-76],[-31,-37],[-21,33],[-39,13],[-11,49],[-42,27],[-21,12],[-132,-37],[-68,41],[-12,-48],[-40,-71],[-117,-11],[-56,-44],[-37,-13],[-36,14],[-24,-48],[-61,-24],[-34,-42],[13,-20],[-21,-38],[18,-30],[-40,-31]],[[54619,18871],[-53,-36],[-22,-47],[17,-41],[43,-24],[-11,-23],[62,-24],[-50,-87],[24,-39],[36,-21],[8,-46],[41,-43],[14,-99],[-33,-27],[22,-29],[-26,-32],[-46,7],[-21,-32],[-37,-11],[-2,-30],[-96,-8],[-23,25],[-140,-44],[-34,-31],[31,-25],[-19,-69],[-38,-6]],[[54266,18029],[23,35],[-62,23],[-15,69],[-46,43],[-10,63],[-72,7],[5,54],[-16,33],[-36,12]],[[61050,19923],[-27,-99],[-9,-128],[18,-19],[12,-155],[42,-104],[27,-24],[29,35],[76,4],[-8,-80],[14,-40],[29,-30],[39,20],[-128,-237],[-44,-128],[-65,-117],[-16,-62],[7,-49],[6,-9],[-82,-120],[-85,-192]],[[60885,18389],[-67,8],[-36,-61],[-41,-6],[-19,70],[-55,83],[-86,39],[-89,18],[-14,-37],[-1,-37],[-38,5],[-29,-41],[-5,-63],[27,-35],[-12,-29],[8,-63],[-61,-22],[-17,-41],[-39,24],[-42,7],[-15,-61],[-59,-103],[-95,-70],[-13,-25],[-43,3],[-4,-45],[-51,-26],[-36,77],[27,40],[-24,46],[41,124],[-36,30],[-145,-22],[-17,51],[1,66],[-38,-23],[-1,-35],[-80,-33],[-7,56],[-21,31],[-60,-20],[-43,6],[-127,13],[-38,24],[-4,44],[-24,44],[17,59],[-21,23],[-75,1],[-21,37],[-37,25],[4,26],[-55,39],[-94,-54],[-21,34],[-43,21],[-28,-35],[-61,-21],[-36,1],[-61,-40],[-44,10],[-62,-72],[-4,-40],[-40,-41],[6,-36],[-17,-72],[-67,-37],[-21,-64],[18,-52],[-14,-53],[-46,30],[-28,-2],[-32,2],[-37,-26],[-23,8],[-71,-59],[-19,-57],[2,-47],[-56,-58],[-52,32],[-25,58],[-26,6],[-39,90],[-63,22],[-107,-72],[-64,-139],[-53,-6],[-48,-48],[-73,35],[-37,-28],[-143,-33],[-35,27],[-78,-25],[-37,28],[-125,40],[-69,-59],[-55,0],[-54,-93]],[[57087,17685],[-61,-10],[-51,50],[-16,-18],[-76,9],[-39,35],[-1,25],[29,59],[-4,33],[19,44],[-70,5],[0,59],[-82,-8],[-49,37],[-19,-8],[-49,39],[-81,31],[5,97],[-56,53],[-62,16]],[[56424,18233],[-28,72],[-85,-3],[10,39],[-47,26],[3,29],[-44,13],[-17,65],[-61,23],[-38,56],[-22,-5],[-33,40],[-70,-4],[-26,30],[-74,-96],[-141,43],[-48,-57],[-14,-42],[-67,-29],[-103,-16],[-30,41],[-80,-6],[-63,83],[-32,1],[-75,56],[36,32],[-9,65],[8,27],[47,17],[16,39],[-37,58],[-70,-70],[-11,-50],[-73,-17],[-15,-27],[-58,10],[-27,-24],[-33,22],[-30,54],[-8,44],[-38,38],[-137,-90],[-17,57],[-67,47],[-76,17],[-21,30]],[[54266,18029],[-76,-147],[69,-49],[23,-62],[48,-38],[1,-28],[47,-66],[-18,-5],[-252,-64],[11,-81],[145,-47],[24,4],[26,-67],[59,-36],[49,1],[42,-96],[43,8],[31,-54],[-33,-15],[57,-45],[-65,-42],[-12,-76],[-29,-25],[7,-66],[28,-20],[6,-44],[31,-23],[57,-48],[5,-44],[38,-42],[110,-22],[37,-64],[106,-60],[61,58],[53,63],[55,-32],[45,1],[78,39],[26,38],[5,70],[35,54],[104,40],[46,37],[24,47],[-11,38],[5,93],[-25,25],[29,44],[121,-126],[33,-94],[2,-39],[81,-41],[9,-49]],[[55657,16832],[46,-61],[-8,-54],[60,-32],[22,-26],[-16,-41],[41,-1],[-6,-67],[70,-93],[-35,-53],[15,-39],[3,-65],[-32,-32],[40,-49],[-38,-51],[-33,32],[-27,-6],[32,-54],[-11,-16],[-91,19],[-23,-61],[69,-20],[6,-26],[-63,-28],[-11,-29],[-50,-10],[-48,-59],[-31,20],[-67,-3],[-2,-60],[-67,21],[-41,-6],[47,-22],[20,-41],[-40,22],[-52,-25],[36,-45],[-91,-30],[12,-36],[70,-58],[-27,-32],[-78,10],[8,38],[-117,-3],[-49,-19],[-29,27],[-48,6],[-40,33],[-57,25],[-39,-35],[-69,26],[23,42],[-54,1],[-4,-39],[-27,-15],[30,-41],[16,-51],[-56,-37],[-87,-118],[-54,-21]],[[54605,15444],[-80,12]],[[54525,15456],[16,44],[-24,20],[-6,48],[-35,14],[-55,-25],[-36,14],[-25,37],[17,61],[-24,29],[-43,-5],[-40,-62],[-55,6],[2,51],[-49,57],[-46,20],[-6,78],[-53,32],[-121,-11],[-25,-59],[-41,16],[-21,33],[21,100],[-19,7],[-69,-59],[-39,40],[28,85],[-30,21],[-29,-16],[-24,-65],[-52,36],[-3,57],[-55,11],[-19,-16],[-21,-61],[-17,-9],[-66,61],[-115,-5],[-7,-34],[29,-28],[-11,-38],[-64,46],[-37,-24],[-41,3],[26,92],[-40,24],[-45,-27],[11,-73],[-44,-12],[-22,48],[2,91],[-53,14],[-40,-31],[-45,-8],[-14,31],[54,37],[14,41],[-61,49],[-96,10],[-20,22],[42,27],[88,-12],[9,33],[-46,26],[-69,-17],[-43,30],[-14,30],[35,34],[-26,26],[-75,-35],[-59,18],[-71,-19],[-15,29],[10,53],[-48,29],[-98,-26],[19,76],[-22,27],[-42,-25],[-51,-116],[-43,-7],[-46,67],[-82,8],[26,46],[63,19],[1,34],[-50,12],[-103,-8],[-4,-44],[35,-80],[-24,-27],[-105,80],[-75,-40],[-19,42],[7,68],[-45,5],[10,-81],[-58,22],[-54,63],[28,83],[-15,21],[-97,-42],[-6,-83],[-136,14],[-22,52],[-50,-24],[-59,4],[-35,-33],[-40,-14],[-55,13],[-23,50],[-52,-11],[-7,-60],[-30,-38],[-36,26],[-4,60],[-21,38],[-34,-9],[-29,-45],[-31,-1],[-18,33],[16,64],[-19,25],[-116,21],[-56,-23],[-27,20],[8,62],[-16,25],[-51,-13],[-78,-65],[-58,-9],[-22,13],[-1,70],[-46,20],[-20,-38],[-11,-101],[-37,-10],[-40,46],[3,49],[45,55],[-26,61],[-28,12],[-56,-59],[-32,19],[-4,56],[59,93],[-21,25],[-49,-2],[-41,-21],[-29,-35],[-9,-30],[27,-73],[-9,-38],[-142,-51],[-22,17],[-18,75],[-35,8],[-23,-25],[-12,-80],[-27,-25],[-24,0],[-83,51],[-23,-1],[-119,-66],[-41,-54],[-27,17],[5,43],[31,47],[30,107],[-46,42],[-74,-4],[-23,19],[-29,49],[-30,3],[-35,-40],[-44,-85],[-115,-40],[-52,53],[-58,0],[-6,-58],[37,-54],[6,-33],[-16,-31],[-42,2],[-40,21],[-44,49],[-41,7],[-84,-40],[-41,6],[-30,-66],[-52,-1],[1,88],[-36,41],[-54,-4],[-72,-48]],[[48734,16833],[-69,-25],[-39,95],[-23,19],[-99,-69],[-51,17]],[[48453,16870],[-4,34],[45,39],[54,76],[47,20],[-69,52],[19,41],[-13,65],[63,-24],[-2,53],[71,-4],[36,67],[36,42],[-47,33],[30,45],[55,2],[-4,61],[54,-28],[24,5],[-60,29],[54,45],[5,50],[-57,15],[8,30],[76,44],[-69,57],[-53,63],[26,22],[-72,77],[39,59],[-106,80],[57,8],[17,126],[-18,55],[11,111],[13,35],[-1,88],[11,43],[-15,31],[17,47],[39,42],[-29,51],[66,71],[-2,37],[-41,50],[-3,34],[40,93],[12,59],[33,15],[35,84],[27,26],[17,96]],[[56424,18233],[-29,-39],[-24,-107],[61,-61],[36,-90],[0,-47],[37,-18],[28,-56],[40,-21],[-4,-37],[-58,-36],[-43,34],[-46,2],[-56,-32],[-24,15],[-53,-40],[-32,-54],[8,-56],[-36,-57],[19,-50],[-47,-33],[-18,-30],[35,-53],[6,-30],[-57,-11],[-30,-96],[-61,-67],[10,-29],[-27,-29],[30,-24],[-41,17],[-37,-10],[-43,-44],[2,-43],[-40,-47],[-28,39],[-46,-8],[-97,13],[-50,19],[-19,-153],[-33,-32]],[[60885,18389],[-34,-97],[-25,-144],[19,-72],[-2,-77],[18,-78],[27,-28],[35,25],[39,-52],[32,-20],[80,17],[-26,-50],[-19,-64],[-44,2],[-32,-73],[-18,-147],[36,-56],[-2,-63],[-14,-64],[44,-56],[31,29],[51,4],[4,-124],[-23,-54],[4,-49],[-59,-54],[22,-58],[46,-55],[44,-28],[42,-2],[77,91],[22,-50],[56,-20],[-6,-40],[-30,-27],[-5,-59],[-38,36],[-48,6],[-100,-78],[-62,-18],[-31,-85],[-1,-44],[50,-121]],[[61045,16492],[-76,-23],[-67,9],[-20,-66],[-60,14],[-42,-34],[-61,37],[-149,-30],[-19,-18],[-45,-73],[-38,-24],[-80,-98],[-33,8],[-32,-29],[-57,-47],[-86,34],[-41,-15],[-177,-12],[-53,30],[-63,-59],[-9,-40],[-36,-2],[-32,-41],[-58,31],[-52,-3],[-23,-26],[-69,8],[-35,17],[-49,-46],[-29,-67],[5,-54],[-16,-34],[29,-20],[0,-35],[36,-23],[18,-46],[40,-25],[21,-43],[-29,-23],[-53,8],[-40,-10],[-73,34],[-7,44],[-37,26],[-4,30],[-51,53],[-72,50],[-62,12],[-39,-17],[-32,9],[-29,-44],[-35,-16],[-83,47],[-61,-49],[-26,-39]],[[58854,15762],[-96,-31],[-59,-48],[-31,7],[-89,-32],[-7,60],[-52,15],[10,23],[-19,45],[-111,8],[-41,-46],[-62,18],[11,63],[-71,-31],[-34,-14],[-27,38],[-83,56],[-19,52],[-47,64],[-71,27],[-32,29],[10,66],[-50,39],[9,23],[-42,34],[-48,-17],[-25,52],[-77,-36],[-52,56],[-23,-4],[-9,66],[-53,83],[39,-3],[-2,46],[-171,66],[-71,62],[-104,7],[-6,3],[-59,84],[-49,-25],[-112,52],[11,62],[-67,-14],[16,108],[-36,11],[-49,43],[13,41],[-46,72],[-41,1],[2,21],[48,46],[43,25],[-33,48],[36,28],[-5,36],[36,32],[-17,39],[50,8],[-24,33],[21,25],[27,48],[3,101],[23,41],[-1,38],[35,35],[13,38]],[[58854,15762],[-6,-89],[73,-97],[6,-70],[31,-51],[-20,-18],[7,-60],[27,-23],[53,4],[14,-38],[103,-82],[12,-24],[64,-13],[43,-43],[47,17],[54,-115],[35,3],[-44,-72],[-26,-81],[6,-23]],[[59333,14887],[-7,-73],[-31,-33],[-40,-11],[-43,-85],[7,-20],[-39,-44],[6,-43],[-70,-45],[-7,-45],[17,-35],[-64,-14],[-30,6],[-18,-45],[-48,-18],[-33,35],[-32,-5],[-11,-47],[-42,-23],[-4,-46],[-45,-38],[-11,-79],[13,-17],[-50,-37],[44,-32],[21,-50],[-11,-38],[10,-55],[-68,-116],[20,-78],[-56,-79],[40,-67],[37,12],[-29,-18],[-37,-63],[32,-43],[-51,-50],[-55,2],[-57,-73],[-80,-36],[-2,-61],[14,-38],[-16,-31],[-46,-24],[12,-47],[-39,13],[-27,-18]],[[58407,13135],[-12,50],[-28,9],[5,55],[-31,15],[-23,63],[-44,13],[5,29],[47,43],[-93,41],[0,110],[-61,-94],[-61,67],[-57,-40],[-62,-7],[7,64],[-61,17],[-40,-20],[-55,33],[-23,-20],[23,-32],[-37,-28],[-19,81],[-38,-11],[-12,42],[-39,-16],[-28,-33],[-47,15],[-17,-55],[-26,-14],[-84,-3],[-34,18],[-94,-5],[-1,31],[36,44],[-38,16],[-45,-19],[0,-78],[16,-45],[-54,-1],[-3,45],[-33,63],[-62,24],[-36,-47],[-42,9],[-26,77],[-65,-75],[-48,17],[-26,32],[-61,10],[-25,-14],[6,-49],[-35,5],[8,69],[-53,15],[-21,-56],[-37,32],[-70,2],[-36,8],[-44,49],[-32,-10],[-73,6],[-54,24],[-20,-13],[-14,-54],[-62,37],[-30,49],[-38,35],[-51,-29],[-50,33],[9,44],[-53,52],[-33,12],[15,39],[-42,56],[-46,34],[-1,48],[-128,53],[-32,147],[-37,-24],[-28,11],[17,48],[-24,47],[13,46],[-76,1],[-31,60],[-69,-58],[-36,21],[16,54],[-32,52],[-43,34],[44,25],[17,68],[-39,49],[-78,25],[-15,50],[1,59],[-37,-1],[-117,64],[-22,-46],[-46,24],[4,78],[-90,52],[11,87],[-66,19],[5,51],[-55,35],[-73,-9],[-11,71],[-56,3],[-75,66],[-42,-2],[-36,19],[-43,-23],[-17,50],[-65,27],[-2,62]],[[54525,15456],[26,-79],[-90,-7],[8,-89],[-52,-5],[-29,-65],[-28,-20],[15,-38],[-16,-27],[47,-32],[-47,-46],[28,-42],[-9,-49],[19,-30],[68,-12],[-15,-98],[12,-35],[-22,-44],[2,-98],[24,-3],[67,-69],[22,19],[43,-10],[16,-37],[41,-40],[-21,-52],[4,-51],[23,-11],[41,-81],[50,-32],[92,-19],[51,26],[11,-24],[-27,-48],[-27,-16],[-16,-62],[-33,-24],[-25,-48],[-12,-25],[-48,12],[-91,-43],[-43,-37],[-96,-61],[-26,-54],[0,-61],[-19,-86],[20,-37],[-64,-7],[35,-63],[-60,-44],[28,-32],[-40,-40],[14,-102],[-61,-23],[-46,20],[-12,77],[-34,-4],[-41,48],[-48,-55],[-7,-54],[-103,1],[-33,-44],[-42,51],[-61,12],[-38,-8],[-19,-37],[-59,56],[18,30],[-12,61],[-37,35],[-59,-22],[-43,31],[-60,-41],[-23,1],[-75,71],[-40,2],[-55,-57],[-15,-43],[25,-42],[-46,-69],[-21,-31],[-5,-39],[-46,-16],[-61,-64],[-30,-25],[42,-25],[-35,-65],[56,-45],[-43,-22],[-334,-26],[-12,162],[-161,-20],[-53,-5],[-50,-90],[22,-35],[45,-87],[-35,-10],[49,-61],[-4,-32],[-1,-48],[25,-32],[-15,-31],[21,-31],[-3,-61],[36,-20],[22,-39],[81,-86]],[[52840,12491],[-161,-8],[-2,-14],[-49,-7],[-44,14],[-74,-25],[-38,18],[-26,-64],[-37,-7],[-40,-34],[-56,-109],[2,-4],[-10,-69],[42,-34],[-36,-17],[23,-38],[11,-22],[-21,-70],[47,-13],[-19,-55],[-78,-20],[-23,-34],[-32,8],[-53,-30],[12,-57],[-22,-33],[-17,29],[-63,-11],[-54,18],[-126,2],[-61,-20],[-22,-153],[-8,-44],[-37,-25],[-74,2],[-35,-20],[-42,0],[-30,4],[-50,-48],[-71,0],[-54,22],[-36,-20],[-84,18],[-65,-5],[28,92],[-4,53],[-28,51],[-28,-21],[-50,53],[-91,9],[5,53],[-81,72],[-18,-2],[-60,83],[20,28],[8,75],[-25,33],[-76,-5],[-99,-29],[-46,-39],[-36,9],[-30,-27],[-52,17],[18,-91],[-55,2],[-29,-19],[-11,-54],[-26,-40],[-46,-48],[-40,11],[-19,-24],[-44,16],[-19,-30],[-34,20],[-32,57],[-43,-24],[-36,11],[-29,34],[-50,-17],[-54,17],[-55,-25],[-64,-4],[-47,14],[-17,-20]],[[49832,11807],[-40,-2],[-42,49],[-40,-16],[-45,9],[-44,27],[-51,-9],[-86,4],[-18,34],[-77,52],[-22,-15],[-56,48],[-40,2],[-37,103],[-27,11],[-27,87],[25,10],[-9,56],[-45,-17],[-20,39],[-31,-10],[-26,-11],[-46,-52],[-80,-118],[-34,17],[-51,-78],[-1,-76],[-27,-55],[-39,-13],[-40,-64],[-64,-31],[-119,-7],[-155,32],[-46,-9],[-61,-111],[-51,-14],[-1,-67],[-45,28],[0,31],[-54,32],[-28,82],[-22,17],[-15,72],[-47,28],[-58,10],[-15,-84],[-21,-11],[8,-64],[-28,-59],[-49,-39],[-19,-60],[-53,-40],[-56,-66],[-83,-46],[16,-59],[-29,-89],[-20,-10],[-33,-85],[-33,-30],[0,-61],[-22,-25],[-36,40],[-60,-8],[-78,17],[-36,32],[-103,35],[-60,-14],[-29,-107],[-37,-21],[-7,-41],[-4,-2],[-38,39],[-39,5],[-83,57],[-14,-12],[-86,63],[-19,29],[24,77],[31,46],[-31,16],[82,28],[103,65],[-35,40],[57,61],[-5,36],[103,93],[-20,74],[-64,65],[7,34],[-29,61],[-1,66],[-42,1],[-45,23],[-52,53],[12,44]],[[46919,12079],[31,-6],[62,18],[51,-7],[14,27],[68,50],[64,82],[-15,30],[37,82],[27,-2],[100,9],[59,44],[96,-39],[89,81],[88,-5],[45,33],[35,-12],[58,-45],[103,-6],[80,-65],[41,50],[0,27],[61,-7],[56,17],[-6,61],[92,105],[46,40],[-19,18],[-171,28],[3,95],[-10,55],[52,23],[-1,27],[-37,51],[-8,37],[28,15],[-22,90],[87,51],[32,51],[75,-12],[74,38],[-12,63],[48,14],[-3,52],[34,-7],[27,21],[37,-6],[63,128],[10,140],[47,5],[52,-83],[40,-40],[67,6],[58,-41],[-4,-21],[142,-48],[82,-12],[67,-46],[59,-4],[28,-54],[69,11],[25,31],[34,7],[-7,63],[34,36],[-27,56],[59,58],[57,-29],[4,59],[-12,45],[19,70],[33,38],[46,29],[-86,361],[45,-1],[33,23],[68,-13],[44,25],[11,38],[37,33],[0,26],[-11,42],[-40,11],[-40,46],[-10,70],[-90,-26],[-67,61],[17,70],[-93,32],[-82,-76],[-10,-45],[-56,-26],[-24,86],[-43,42],[8,52],[-49,11],[-30,42],[-43,4],[-85,17],[-41,26],[-18,32],[0,85],[19,61],[58,35],[18,34],[80,49],[27,46],[34,-22],[52,84],[26,68],[-25,80],[-51,92],[-36,21],[5,50],[-47,23],[23,46],[-30,70],[9,22],[6,108],[-12,27],[18,67],[-29,33],[7,51],[33,62],[-8,159],[46,73],[-42,33],[-97,-50],[-64,53],[-23,55],[-18,70],[16,17],[-43,39],[15,33],[46,38],[7,34],[-59,50],[37,25],[10,80],[19,21],[-103,64],[-69,52],[12,52],[-38,31]],[[46919,12079],[-55,55],[23,20],[-21,37],[30,54],[-34,104],[-1,59],[-73,29],[15,61],[-59,81],[-46,-3],[-25,69],[-50,32],[7,30],[-82,61],[39,60],[-74,32],[-70,46],[-13,-63],[-80,-118],[-11,-42],[-49,-26],[-32,-95],[-60,-58],[-51,-7],[-96,69],[-21,36],[-43,6],[-52,-30],[0,46],[-47,21],[-71,-21],[-23,26],[-48,17],[-101,83],[-14,-52],[-54,26],[-61,50],[-76,40],[-37,1],[-25,27],[-48,-14],[-57,18],[-15,-31],[-53,-30],[-17,14],[2,83],[-99,62],[24,61],[-79,-14],[-82,43],[-39,-16],[-23,36],[-36,-24],[-61,24],[-60,-29],[-45,50],[-76,-19],[-19,-41],[-60,24],[-41,-13],[-23,-64],[-44,-3],[-16,-32],[-49,24],[-33,-25]],[[44329,12926],[-55,32],[-43,10],[-61,34],[-26,-19],[-31,41],[-84,-6],[-108,46],[48,70],[-79,9],[-93,105],[51,2],[50,35],[8,69],[27,43],[28,-5],[38,27],[19,44],[103,4],[29,21],[81,-1],[92,71],[53,8],[18,31],[-4,78],[51,39],[8,89],[-29,14],[-29,44],[56,48],[53,8],[21,32],[48,10],[35,51],[-8,72],[42,-9],[64,17],[36,75],[0,37],[60,44],[-7,49],[-24,33],[25,48],[5,52],[-51,-1],[-62,20],[8,49],[-35,19],[-22,-34],[-35,35]],[[44600,14516],[48,73],[104,59],[15,49],[-32,39],[-8,42],[26,22],[63,8],[21,18],[19,82],[58,31],[49,-27],[36,-1],[45,39],[55,91],[77,63],[69,-13],[26,-40],[59,-48],[22,23],[-7,60],[21,32],[72,26],[88,-27],[30,-14],[37,30],[-4,34],[-134,90],[1,44],[73,28],[67,-64],[54,3],[24,51],[84,-11],[34,8],[44,77],[45,44],[8,72],[-11,153],[35,33],[78,-5],[49,64],[22,116],[40,72],[38,-7],[30,-116],[48,-15],[53,58],[46,-5],[103,-27],[20,44],[-20,77],[13,54],[38,-8],[21,-62],[24,-30],[44,8],[73,156],[15,67],[44,-9],[45,-48],[42,-75],[31,15],[30,45],[74,4],[52,8],[29,29],[-14,28],[-52,46],[22,39],[60,-3],[55,46],[47,-26],[63,-101],[34,-29],[42,24],[-13,82],[7,60],[38,-22],[68,-89],[17,-7],[47,35],[-7,45],[22,51],[71,9],[32,20],[25,134],[37,65],[-4,41],[15,61],[54,35],[22,-31],[-1,-76],[109,-19],[82,20],[52,81],[73,31],[7,98],[20,43],[123,3],[12,35],[-8,51],[25,28],[43,-14],[37,-45],[32,-2],[33,47],[14,65],[44,14],[56,-101],[17,-7]],[[61045,16492],[98,5],[75,-50],[-32,-62],[-46,-42],[-19,-51],[5,-58],[-43,-44],[-48,24],[-46,-11],[-44,-73],[-23,-66],[36,-86],[2,-35],[47,-45],[-13,-28],[40,-38],[59,-16],[21,-42],[-19,-39],[-56,-13],[-18,38],[-52,-20],[-1,-70],[-32,5],[-44,-35],[56,-50],[-11,-90],[14,-24],[3,-75],[44,-23],[0,-48],[-35,-11],[25,-127],[72,-3],[10,-51],[-40,-60],[25,-45],[44,-11],[-23,-43],[-34,-21],[-51,-68],[-3,-56],[-19,-35],[-6,-88],[50,-15],[26,-35],[-28,-27],[0,-56],[-52,-54],[-13,-57],[9,-42],[-70,-141],[12,-47],[-23,-46],[13,-43],[-22,-52],[-39,-53],[-52,-121],[4,-57]],[[60778,13865],[-122,43],[82,188],[-43,89],[8,90],[16,62],[-27,14],[8,39],[-49,67],[-4,51],[-22,7],[-80,-19],[-15,41],[-52,18],[-91,-22],[-52,5],[-27,42],[-55,29],[-39,-2],[-39,-47],[48,-52],[-31,-45],[-46,-1],[5,62],[-152,113],[-20,50],[9,24],[-37,52],[-127,-51],[-27,14],[-43,-39],[-56,15],[-37,78],[-34,-7],[-45,24],[-89,14],[-114,37],[-46,39]],[[61537,16040],[-56,-75],[-33,-77],[7,-56],[31,-2],[-65,-114],[-67,-83],[-33,-102],[-39,-43],[-19,-45],[-2,-54],[70,-41],[-15,-56],[-26,-25],[-33,30],[-47,-12],[-40,-111],[-37,-23],[-27,8],[28,60],[-19,30],[-16,86],[32,38],[-9,89],[32,48],[-39,14],[-12,51],[43,61],[75,20],[-16,74],[-83,49],[45,26],[21,32],[68,59],[-53,22],[7,37],[30,22],[-25,56],[-35,10],[16,50],[31,38],[-14,30],[16,39],[89,-22],[26,28],[92,15],[-5,70],[61,21],[13,-53],[35,-78],[45,-45],[-10,-70],[-38,-26]],[[58407,13135],[-24,-9],[-68,16],[-54,-14],[-11,33],[-53,-36],[-44,15],[-45,-41],[8,-45],[-58,-21],[8,-70],[-14,-51],[-14,25],[-59,3],[9,-49],[-113,14],[-38,-17],[19,-60],[-71,-49],[-25,-30],[-6,-129],[20,-10],[-7,-55],[-26,-58],[48,-37],[-32,-72],[31,-13],[-16,-12],[-4,-87],[64,0],[-9,-56],[-45,-39],[-11,-48],[48,-17],[-110,-116],[68,2],[-26,-41],[-7,-46],[16,-43],[-68,3],[-26,-25],[-15,-76],[-80,-67],[-38,21],[-72,-24],[5,-38],[-17,-36],[-106,36],[8,-42],[-33,-24],[16,-35],[-80,-29],[69,-22],[3,-46],[139,-121],[52,6],[68,-77]],[[57581,11276],[-75,-28],[-68,59],[-48,9],[-106,-11],[-56,-64],[-79,99],[-33,-26],[-47,13],[17,-111],[23,-43],[57,-5],[-33,-62],[-46,3],[29,-68],[59,1],[14,-90],[39,-43],[-212,9],[-51,10],[67,62],[-52,4],[-63,58],[-4,-91],[-34,-63],[-46,-34],[-9,39],[-129,-57],[-35,2],[-30,-49],[-240,2],[-1,-21],[-61,1],[-34,-23],[-71,2],[-61,-20],[19,81],[-75,67],[-23,-11],[-33,49],[-35,11],[1,22],[-65,49],[-31,3],[80,109],[36,-10],[-29,34],[-69,-2],[-32,-20],[-92,-9],[4,-67],[-88,13],[15,-33],[-80,-68],[-81,-2],[-55,-51],[-44,-12],[-1,125],[-72,69],[-41,-2],[-105,38],[-10,-33],[-36,-32],[-62,-50],[-48,-7],[10,-32],[-44,-17],[-63,-1],[-11,-68],[-64,20],[-64,-4],[-35,13],[-10,54],[-54,-25],[-115,-3],[-1,-39],[-159,3],[-32,23],[-19,40],[26,28],[-13,49],[11,39],[-16,43],[-35,49],[-9,107],[-109,-2],[-27,-154],[13,-55],[-83,-1],[1,37],[-83,46],[-62,-22],[-72,-2],[-32,-25],[-34,45],[-198,-40]],[[53727,11107],[-86,-42],[-35,-3],[1,114],[0,52],[-90,2],[-1,96],[64,-1],[-31,98],[-92,-31],[-16,29],[-44,-11],[-54,1],[0,93],[107,0],[19,168],[0,26],[34,22],[-27,28],[-27,69],[46,11],[-6,45],[-173,112],[10,169],[-98,-27],[-52,13],[-126,7],[-20,52],[14,30],[45,18],[-44,30],[26,34],[1,42],[-123,15],[15,35],[-54,27],[-70,61]],[[60778,13865],[-82,-117],[-16,-71],[22,-21],[-49,-54],[-18,-54],[8,-72],[40,-6],[-3,-32],[-34,-28],[0,-49],[-49,-27],[-34,-54],[-48,-51],[7,-43],[-105,-24],[-273,-139],[-512,-336],[-250,-204],[-320,-297],[-222,-247],[-338,-404],[-139,-193]],[[58363,11342],[-44,21],[-31,39],[-59,6],[-58,36],[-60,-1],[-60,64],[-31,10],[-7,62],[-131,63],[-60,1],[-31,20],[-49,-8],[-5,-27],[-58,-37],[-61,-2],[-104,-51],[-100,-14],[-20,-13],[16,-53],[39,-44],[70,-36],[67,-92],[-5,-10]],[[44329,12926],[37,-9],[0,-50],[34,11],[32,-47],[67,-135],[30,-35],[43,-3],[39,-39],[2,-90],[46,-6],[38,-38],[29,16],[39,-13],[-17,-61],[6,-47],[69,-56],[54,5],[6,-35],[61,-47],[3,-48],[33,-48],[-6,-37],[61,-79],[-39,-1],[-3,-85],[-28,-40],[39,-42],[2,-55],[-35,-86],[10,-17],[-81,-57],[-11,-28],[-46,-20],[-20,42],[-42,-1],[-33,-76],[-67,66],[-94,-4],[-45,33],[-32,-5],[-51,18],[-108,-5],[-45,-18],[-8,-41],[-54,3],[-82,-29],[-53,-41],[5,-53],[-39,-44],[-41,-14],[-55,7],[-56,-92],[-53,-41],[-59,29],[-15,-36],[-61,-5],[-15,-58],[-55,3],[28,-64],[-73,-15],[-10,-39],[34,-3],[15,-44],[125,21],[16,-37],[53,-9],[7,-36],[-50,7],[-11,-28],[32,-25],[-26,-38],[20,-23],[65,12],[34,69],[19,-80],[53,0],[0,-71],[48,-5],[23,-31],[-40,-40],[41,-21],[85,-4],[25,-49],[65,-18],[24,-21],[58,-7],[11,-47],[67,-6],[2,49],[60,18],[126,-65],[72,-2],[106,18],[63,-60],[33,-14],[44,25],[41,5],[25,29],[75,0],[30,-45],[59,-2],[5,-47],[42,-44],[2,-60],[65,-11],[55,9],[44,-19],[-11,-46],[20,-115],[21,-87],[-32,-52],[-60,-21],[27,-52],[-31,-16],[7,-42],[-54,-23],[-16,-45],[-36,-40],[-81,-26],[-77,-229],[-20,-12],[-3,-52],[-67,-63],[-15,-38],[44,-28],[146,34],[31,-23],[61,25],[19,75],[31,6],[53,-27],[17,28],[55,-7],[59,-65],[29,-137],[27,-53],[144,47],[22,51],[55,50],[2,48],[94,67],[5,-57],[75,-38],[15,-41],[92,-5],[88,-25],[99,62],[4,63],[40,49],[15,52],[52,-25],[70,-1],[6,-69],[28,-19],[34,-71],[-23,-33],[1,-89],[-73,-93],[85,-17],[-33,-48],[7,-78],[78,-42],[-79,-19],[-21,-44],[-72,-54],[-44,19],[-83,-5],[-29,34],[-48,15],[-65,-11],[-78,6],[21,-62],[83,-93],[26,24],[36,-8],[54,-93],[-31,-27],[-1,-40],[37,-9],[21,-67],[37,5],[44,-55],[-22,-31],[78,-41],[5,-42],[-22,-53],[-41,-10],[-25,-31],[33,-31],[0,-87],[34,-43],[-11,-50]],[[46315,8078],[1,-46],[-116,-115],[-15,-96],[-49,-3],[-33,-37],[-268,-10],[-117,-36],[-94,24],[-5,-30],[-43,-65],[17,-43],[-37,-42],[20,-85],[-11,-48],[16,-25],[-44,-75],[-73,-26],[-8,-19],[-60,-25],[1,-29],[-45,-67],[7,-76],[-20,-34],[35,-51],[17,-51],[15,-124],[26,-44],[-9,-54],[65,-101],[-18,-63],[6,-58],[-23,-22],[29,-34],[47,-22],[7,-38],[40,-49]],[[45576,6359],[-2,-51],[-23,-45],[-43,-21],[6,-42],[-41,-1],[-82,63],[-97,32],[-34,25],[-14,41],[-83,20],[-88,3],[-21,31],[-2,109],[-31,28],[-47,3],[26,45],[-45,31],[-3,54],[-116,27],[23,40],[6,72],[-28,10],[-27,44],[-20,70],[-38,54],[-60,-24],[-18,27],[-41,2],[-32,57],[30,27],[-32,31],[-8,34],[-39,22],[-70,9],[-1,53],[-42,7],[-12,53],[-57,6],[-71,83],[-2,37],[-35,33],[-60,-21],[-35,18],[-62,-23],[-38,-40],[14,-74],[28,-45],[-46,-49],[3,-34],[-43,-26],[-36,28],[-29,-26],[-42,-9],[-21,-42],[-37,-15],[-18,-45],[-48,-41],[-95,-5],[-41,-70],[-60,-4],[-39,-67],[-46,-13],[-22,24],[-59,-23],[-19,-27],[-114,33],[-28,-27],[-43,30],[-25,72],[9,114],[21,42],[-20,103],[23,52],[-6,75],[45,89],[-34,47],[-21,89],[-31,17],[7,33],[-40,26],[-55,3],[-7,58],[-18,15],[-56,-20],[-29,54],[-50,-17],[-5,60],[-49,27],[-1,65],[-44,70],[11,30],[-43,39],[30,28],[-50,29],[-70,-8],[-8,57],[-149,99],[-9,38],[-96,5],[-14,47],[-50,51],[-27,-30],[-41,13],[-52,73],[20,55],[-42,42],[-54,-2],[-37,26],[22,25],[-38,68],[-71,-32],[-36,70],[-32,27],[-68,2],[-14,40],[36,26],[-9,50],[-34,-15],[-49,43],[-2,37],[-46,-16],[-28,28],[-20,60],[-31,-17],[-26,24],[35,30],[-42,31],[-41,85],[-93,-10],[-52,63],[-96,51],[-42,-8],[-20,33],[11,62],[-50,14],[-17,45],[-80,33],[-74,-8],[-42,11],[-11,-36],[-42,2],[-54,22],[-54,-18],[-49,9],[-42,30],[-70,-5],[-20,-35],[-129,5],[-26,-40],[-50,2],[28,-54],[-55,-13],[-42,-83],[-55,-68],[8,-66],[23,-25],[-35,-43],[-60,-34],[-20,-54],[-46,-10],[-69,3],[-12,51],[-67,-65],[-30,29],[-26,58],[-33,-25],[-86,-33],[-46,19],[-42,-73],[-65,3],[7,65],[-84,4],[-33,27],[-52,-6],[-30,-54],[-60,11],[-58,28],[-44,49],[23,44],[0,66],[-122,57],[-45,7],[-8,30],[94,-6],[119,43],[182,126],[73,138],[99,84],[103,42],[38,46],[24,71],[7,68],[-12,135],[80,132],[161,136],[141,-5],[97,31],[63,45],[172,151],[62,95],[90,43],[-5,82],[44,67],[37,22],[70,86],[74,59],[132,71],[44,84],[61,58],[0,29],[-3,26],[32,89],[22,15],[112,13],[23,25],[129,243],[-16,92],[22,70],[88,98],[45,98],[43,20],[72,-1],[77,59],[222,39],[19,86],[30,62],[-45,46],[14,53],[74,79],[86,24],[50,42],[57,81],[7,78],[-12,115],[17,45],[73,50],[165,11],[32,19],[39,49],[40,83],[55,71],[164,148],[77,32],[53,41],[8,42],[-63,120],[21,63],[72,40],[93,7],[84,34],[75,9],[-1,46],[-47,121],[9,45],[51,87],[60,16],[89,-26],[166,-17],[40,-38],[30,-88],[58,0],[8,74],[36,75],[15,74],[-31,37],[-51,24],[-64,58],[-108,41],[-18,45],[15,20],[62,31],[121,31],[99,92],[61,25],[30,70],[-2,40],[34,46],[54,-17],[-8,-57],[57,-48],[32,8],[21,91],[70,31],[39,85],[34,3],[59,-53],[50,31]],[[49832,11807],[14,-63],[-14,-73],[36,8],[-8,-114],[41,-21],[55,-54],[-92,-58],[42,-48],[4,-46],[-31,-23],[27,-37],[25,-54],[-15,-16],[-7,-68],[-77,-77],[-34,14],[-18,-44],[42,-7],[22,3],[73,-53],[98,3],[118,-70],[93,-54],[9,-33],[36,2],[21,-26],[50,-9],[36,-29],[-10,34],[39,20],[41,-47],[60,-18],[34,-31],[19,-55],[-11,-30],[44,-114],[32,-33],[-10,-84],[23,-28],[-10,-37],[-6,-70],[25,-54],[-14,-32],[14,-51],[34,-44],[-1,-37],[32,-82],[58,-32],[16,-65],[79,-31],[34,-28],[62,45],[120,-2],[112,13],[7,-52],[-39,-42],[-6,-52],[16,-39],[48,-37],[98,-19],[88,-82],[-141,6],[-19,-46],[-43,-46],[35,-46],[-16,-67],[31,-48],[-16,-26],[17,-42],[1,-97],[38,-30],[-11,-27],[-28,-47],[-5,-73],[-40,-38],[-9,-63],[17,-71],[-9,-36],[-46,-33],[-15,-36],[-59,10],[-60,-13],[-27,70],[-43,7],[3,87],[-48,-85],[-36,5],[-85,-63],[-32,23],[0,-94],[-19,-59],[31,-24],[-53,-83],[13,-25],[-3,-110],[-45,-56],[-14,-46],[14,-80],[-69,-86],[-21,15],[-77,-5],[9,-47],[-5,-127],[-49,-26],[44,-63],[3,-58],[61,-26],[-31,-50],[13,-64],[6,-114],[-15,-79],[-50,-7],[-38,-65],[-41,-26],[-13,-61]],[[50411,7253],[-19,-34],[18,-42],[-6,-93],[-150,48],[-108,-55],[17,-40],[-18,-39],[-43,-24],[-43,17],[-80,43],[-54,41],[-33,-48],[-35,27],[-27,-29],[-63,24],[-22,-6],[-68,45],[-44,-29],[-43,47],[-75,-20],[-61,56],[-41,40],[-20,-39],[-47,19],[-80,-10],[-56,68],[-93,-17],[-10,51],[-34,32],[-24,-39],[-35,12],[14,48],[-12,108],[-23,-14],[-115,-23],[15,31],[-1,50],[-36,-4],[-49,-24],[-79,-59],[-46,10],[-108,-49],[-26,-49],[-45,18],[-156,-43],[-44,-67],[-36,24],[-30,-10],[-42,-102],[-72,1],[-37,-22],[-54,20],[-61,46],[-61,-7],[-56,33],[-66,-68],[-67,-2],[-68,68],[-32,-11],[-28,24],[-79,10],[-21,31],[-62,-16],[-45,10],[-10,24],[-52,-3],[-15,18],[-91,26],[-3,48],[-85,-8],[-125,7],[-24,52],[-47,-17],[-83,-5],[-29,36],[-58,-16],[-5,63],[-45,60],[-1,21],[-58,21],[-37,58],[-38,12],[-40,-18],[-18,22],[-83,18],[-34,49],[-63,-12],[3,72],[-26,40],[68,10],[7,90],[40,7],[-35,110],[-23,75],[-61,-3]],[[53727,11107],[53,-76],[60,35],[2,-109],[-64,-18],[-62,4],[-1,26],[-53,10],[3,-46],[-60,-1],[1,-55],[57,14],[-9,-213],[23,-19],[20,-19],[34,-74],[-8,-19],[-38,-21],[-52,-30],[-39,-40],[-17,-55],[-50,-58],[11,-72],[-66,-64],[-27,-59],[-2,-68],[101,-109],[-68,22],[-59,-23],[-95,0],[-80,97],[-69,20],[-40,29],[-60,-13],[-20,58],[30,46],[-83,24],[-43,-12],[7,49],[-67,47],[-35,7],[-19,46],[-69,7],[-52,-59],[-59,16],[-90,-11],[-37,-25],[-5,-43],[-72,-27],[-67,-55],[-36,-17],[30,-79],[20,-18],[14,-133],[-23,-29],[-4,-59],[19,-39],[37,-12],[94,21],[49,-19],[21,-33],[-76,21],[-29,-34],[-17,-66],[20,-109],[-18,-25],[3,-61],[-24,-35],[-18,-151],[38,-46],[14,-50],[-29,-50],[-3,-58],[60,-29],[2,-27],[-73,-77],[2,-47],[-14,-78],[19,-44],[9,-40],[-49,-137],[17,-78],[36,-53],[-26,-18],[-54,10],[-55,-5],[-47,29],[-40,45],[-31,62],[0,53],[-101,74],[-46,-30],[-45,-8],[-30,-50],[18,-61],[-15,-76],[-60,-86],[47,-75],[13,-47],[40,-27],[1,-100],[-28,-104],[-1,-52],[26,-74],[-13,-46],[20,-53],[-96,12],[-37,64],[-62,36],[-59,-35],[26,-93],[-21,-38],[-3,-97],[-21,-34],[-18,-87],[44,-47],[11,-51],[37,-45],[-24,-88],[2,-67]],[[51835,7271],[-29,48],[-62,-56],[-24,19],[-34,-39],[-32,8],[-42,-26],[-82,-1],[-10,-35],[-53,15],[-49,-35],[-72,19],[-23,-39],[-34,106],[-51,34],[-70,5],[-26,22],[-83,1],[-125,-23],[-19,-19],[-42,21],[-24,-24],[-67,-22],[-31,2],[-89,-51],[-17,38],[-103,-16],[-53,7],[-38,24],[-40,-1]],[[58363,11342],[-47,-84],[-171,-220],[-282,-404],[-36,-58],[-307,-600],[-30,-65],[-106,-236],[-121,-316],[-198,-530],[-93,-278],[-103,-220],[-84,-143],[-269,-373],[-186,-296],[-263,-366],[-229,-366],[-163,-195],[-185,-195],[-404,-357],[-237,-250]],[[54849,5790],[-146,101]],[[54703,5891],[69,96],[47,92],[68,275],[-9,170],[-41,149],[-4,63],[9,115],[32,10],[39,-35],[94,-31],[32,12],[108,83],[66,30],[62,8],[58,40],[41,69],[9,123],[-38,157],[98,-26],[60,10],[47,30],[59,64],[80,34],[7,28],[144,48],[40,27],[97,158],[34,112],[26,265],[-16,263],[-31,185],[-74,147],[32,51],[53,1],[113,-113],[41,71],[13,51],[77,-134],[-27,1],[-110,-35],[-15,-30],[12,-60],[27,-39],[70,-57],[68,-11],[42,110],[-1,151],[50,87],[-2,57],[-24,33],[29,48],[12,94],[-18,32],[-63,21],[-59,125],[-44,-14],[-70,20],[-38,-23],[-22,-136],[35,-72],[-41,-34],[-133,-8],[-141,35],[-23,-86],[14,-46],[-36,-1],[-93,41],[-142,-4],[-54,-28],[-25,-58],[-9,-121],[24,-85],[-100,69],[-110,53],[-76,18],[15,35],[-39,36],[61,52],[30,98],[-38,62],[-66,30],[-20,32],[-44,15],[-31,-15],[-61,-3],[-21,-37],[-51,2],[7,53],[-59,13],[-6,57],[-41,6],[0,46],[-81,26],[13,17],[4,80],[-87,60],[28,69],[2,36],[43,59],[1,39],[-27,19],[-69,-9],[-2,-26],[-80,-12],[-21,-73],[18,-36],[-18,-49],[20,-52],[-38,-40],[-2,-59],[29,-5],[-21,-93],[-23,-36],[38,-34],[35,2],[28,-30],[-30,-26],[-2,-70],[15,-42],[86,-3],[27,-25],[86,44],[10,-116],[36,-87],[28,-23],[122,70],[73,6],[-15,-51],[-40,-48],[-14,-95],[-19,-11],[-41,58],[-118,15],[-67,-40],[-73,-119],[-98,-242],[-8,-55],[24,-281],[-1,-141],[17,-119],[-40,39],[24,36],[-21,119],[-34,47],[-4,148],[-49,35],[-87,-14],[-28,-40],[-14,-47],[-29,-166],[-1,-108],[39,-170],[46,-73],[-49,-15],[-130,24],[-78,-46],[-46,-59],[-11,-38],[0,-118],[30,-125],[61,-131],[25,-31],[-40,-39],[-187,-34],[-52,-45],[-78,-3],[-48,-29],[-32,-64],[-23,-94],[12,-105],[25,-52],[-73,-15],[-135,13],[-41,-33],[-139,15],[-53,-33]],[[53316,6319],[30,78],[56,51],[-9,46],[-35,80],[8,29],[-73,28],[19,37],[52,24],[6,43],[-70,7],[-24,43],[-90,51],[13,32],[-49,89],[-49,2],[-56,-16],[-26,-61],[-37,-35],[-14,-37],[29,-28],[-124,15],[-51,-31],[6,-65],[-103,-70],[-77,47],[-42,91],[-49,11],[32,35],[0,50],[-53,60],[-48,22],[38,38],[56,22],[20,27],[-29,23],[-50,-21],[-155,29],[-37,26],[-58,-1],[-2,58],[-65,11],[-12,16],[80,59],[-11,113],[-57,2],[-10,-42],[-27,-26],[-60,59],[-53,-34],[-39,7],[-42,-32],[-86,14],[-24,-35],[-30,11]],[[53316,6319],[-53,-53],[-26,-44],[-72,37],[-42,-17],[-61,15],[-35,-29],[21,-28],[-73,-30],[-23,-48],[5,-26],[-63,-56],[-32,-116],[-24,-155],[-18,-116],[19,-172],[-53,-210],[-64,40],[40,36],[-18,38],[25,42],[-37,95],[34,55],[5,34],[-121,33],[-52,-12],[-15,-78],[37,-109],[67,10],[38,62],[7,-100],[-55,-47],[-11,-26],[29,-29],[-175,-46],[-127,-74],[-76,-79],[17,-87],[-10,-61],[4,-77],[-49,12],[-33,-29],[18,-71],[70,10],[81,-77],[131,-55],[47,-51],[-2,-87],[42,-50],[15,-61],[54,-28],[4,-44],[-33,-3],[-48,-82],[-12,-48],[4,-114],[-22,-45],[-96,-58],[-163,-150],[-105,-139],[-157,-268],[-108,-246],[-10,-4],[-112,-324],[-88,-384],[-69,-201],[-259,-524],[-74,-135],[-97,-140],[-172,-211],[-112,-113],[-947,-810],[-463,-345],[-61,-16],[-46,8],[-36,24],[-21,116],[-220,11],[-1,60],[20,127],[28,42],[5,81],[-11,39],[37,26],[41,-17],[5,-33],[34,-31],[40,11],[-18,52],[20,86],[26,6],[28,203],[-99,393],[-6,61],[110,259],[58,-3],[32,54],[144,158],[25,-40],[93,-46],[53,13],[46,93],[92,90],[59,81],[44,117],[-9,221],[27,128],[24,43],[36,25],[59,-77],[70,-25],[188,200],[-30,-81],[22,-47],[60,-75],[85,-74],[26,-9],[96,-92],[117,-30],[58,13],[104,66],[42,54],[102,163],[47,104],[158,282],[25,51],[60,233],[-4,91],[-94,211],[-159,257],[29,135],[60,148],[70,117],[14,51],[-9,-14],[-93,-24],[-27,-23],[-104,-21],[-43,5],[-17,-51],[-63,-32],[99,-22],[-29,-23],[-33,23],[-46,-48],[-21,-92],[-30,-51],[-29,-80],[-33,-48],[79,-111],[52,11],[36,40],[66,-23],[8,-33],[-46,-57],[-75,-72],[-57,-36],[-107,-30],[-97,-7],[-103,-24],[-64,-27],[-49,-46],[-14,-60],[-21,-154],[-32,-61],[-154,-35],[-23,-23],[-11,-72],[-65,39],[-55,11],[-63,-13],[-54,-35],[-29,34],[-119,32],[-35,69],[-46,-2],[-43,-43],[-106,91],[-53,-14],[-38,54],[-42,-42],[-39,15],[-130,152],[-33,106],[-71,0],[-73,-15],[-124,87],[-12,42],[-63,47],[-8,57],[-65,27],[3,43],[24,45],[-25,35],[-10,60],[9,44],[-28,14],[-53,84],[2,56],[-43,62],[-33,23],[-13,68],[-23,5],[11,56],[-62,93],[11,41],[-18,59],[-41,-5],[-41,23],[-52,-2],[-28,30],[-45,11],[-12,56],[-32,7],[2,75],[-96,18],[-53,71],[-81,27],[-34,1],[-28,35],[25,29],[-19,31],[-82,4],[-24,34],[-42,17],[-101,-58],[-32,-42],[-32,19],[-22,52],[-76,36],[-6,29],[-754,593],[12,24],[-36,73],[34,35],[-51,75],[-38,17],[-2,32],[-60,102],[-48,36],[-95,35],[-28,64],[-199,6],[-54,21],[-23,26],[-161,33],[-49,-23],[-38,15],[-75,-34],[-61,62],[9,25],[-49,25],[-19,54],[-44,-17],[-34,13],[-33,-16],[-6,73],[-61,13],[17,50],[-62,38],[-8,54],[-45,34],[-4,34],[-70,-1]],[[54849,5790],[-184,-194],[-538,-415],[-330,-192],[-334,-170],[-269,-177],[-190,-165],[-329,-362],[-18,47],[88,135],[21,89],[-7,87],[-26,66],[88,34],[14,42],[-22,70],[-171,159],[-14,68],[87,48],[66,4],[90,-20],[202,-117],[88,-14],[66,20],[95,63],[-9,58],[-41,33],[-63,-1],[-23,16],[152,31],[224,8],[107,37],[121,105],[116,139],[130,219],[111,96],[47,126],[48,64],[27,8],[1,-74],[21,-33],[100,-35],[113,43],[65,52],[64,31],[70,72]]],"transform":{"scale":[0.0004159994162440728,0.0003902139881297523],"translate":[-73.99046048964075,-33.74911725065087]},"objects":{"rgint_pos_quant":{"type":"GeometryCollection","geometries":[{"arcs":[[0,1,2]],"type":"Polygon","properties":{"cd_rgint":"1401","nm_rgint":"Boa Vista","cd_uf":"14","uf_sigla":"RR"}},{"arcs":[[3,4]],"type":"Polygon","properties":{"cd_rgint":"1602","nm_rgint":"Oiapoque - Porto Grande","cd_uf":"16","uf_sigla":"AP"}},{"arcs":[[5,6,7,8,9,10,11]],"type":"Polygon","properties":{"cd_rgint":"1506","nm_rgint":"Altamira","cd_uf":"15","uf_sigla":"PA"}},{"arcs":[[-10,12,13,14,15,16]],"type":"Polygon","properties":{"cd_rgint":"1505","nm_rgint":"Santarém","cd_uf":"15","uf_sigla":"PA"}},{"arcs":[[-5,17,18,-12,19]],"type":"Polygon","properties":{"cd_rgint":"1601","nm_rgint":"Macapá","cd_uf":"16","uf_sigla":"AP"}},{"arcs":[[-2,20,21,22,23,24]],"type":"Polygon","properties":{"cd_rgint":"1301","nm_rgint":"Manaus","cd_uf":"13","uf_sigla":"AM"}},{"arcs":[[-1,25,-16,26,-21]],"type":"Polygon","properties":{"cd_rgint":"1402","nm_rgint":"Rorainópolis - Caracaraí","cd_uf":"14","uf_sigla":"RR"}},{"arcs":[[-6,-19,27,28,29]],"type":"Polygon","properties":{"cd_rgint":"1507","nm_rgint":"Breves","cd_uf":"15","uf_sigla":"PA"}},{"arcs":[[-15,30,-22,-27]],"type":"Polygon","properties":{"cd_rgint":"1304","nm_rgint":"Parintins","cd_uf":"13","uf_sigla":"AM"}},{"arcs":[[-24,31,32,33]],"type":"Polygon","properties":{"cd_rgint":"1302","nm_rgint":"Tefé","cd_uf":"13","uf_sigla":"AM"}},{"arcs":[[[34,35,36,37,38]],[[39]],[[40]],[[41]]],"type":"MultiPolygon","properties":{"cd_rgint":"1502","nm_rgint":"Castanhal","cd_uf":"15","uf_sigla":"PA"}},{"arcs":[[-29,42,-38,43]],"type":"Polygon","properties":{"cd_rgint":"1501","nm_rgint":"Belém","cd_uf":"15","uf_sigla":"PA"}},{"arcs":[[[-35,44,45,46,47,48]],[[49]],[[50]],[[51]],[[52]],[[53]],[[54]]],"type":"MultiPolygon","properties":{"cd_rgint":"2102","nm_rgint":"Santa Inês - Bacabal","cd_uf":"21","uf_sigla":"MA"}},{"arcs":[[[-46,55,56,57,58]],[[59]],[[60]],[[61]],[[62]],[[63]],[[64]],[[65]],[[66]],[[67]],[[68]],[[69]],[[70]],[[71]],[[72]],[[73]],[[74]],[[75]],[[76]]],"type":"MultiPolygon","properties":{"cd_rgint":"2101","nm_rgint":"São Luís","cd_uf":"21","uf_sigla":"MA"}},{"arcs":[[-7,-30,-44,-37,77,78,79]],"type":"Polygon","properties":{"cd_rgint":"1503","nm_rgint":"Marabá","cd_uf":"15","uf_sigla":"PA"}},{"arcs":[[-57,80,81,82,83,84,85,86,87]],"type":"Polygon","properties":{"cd_rgint":"2202","nm_rgint":"Parnaíba","cd_uf":"22","uf_sigla":"PI"}},{"arcs":[[-82,88,89,90,91,-86,92,-84,93]],"type":"Polygon","properties":{"cd_rgint":"2306","nm_rgint":"Sobral","cd_uf":"23","uf_sigla":"CE"}},{"arcs":[[-90,94,95,96]],"type":"Polygon","properties":{"cd_rgint":"2301","nm_rgint":"Fortaleza","cd_uf":"23","uf_sigla":"CE"}},{"arcs":[[-58,-88,97,98,99,100,101,102]],"type":"Polygon","properties":{"cd_rgint":"2201","nm_rgint":"Teresina","cd_uf":"22","uf_sigla":"PI"}},{"arcs":[[-47,-59,-103,103]],"type":"Polygon","properties":{"cd_rgint":"2103","nm_rgint":"Caxias","cd_uf":"21","uf_sigla":"MA"}},{"arcs":[[[104]],[[105,106,107,108,109]]],"type":"MultiPolygon","properties":{"cd_rgint":"2601","nm_rgint":"Recife","cd_uf":"26","uf_sigla":"PE"}},{"arcs":[[-36,-49,110,111,112,113,114,-78]],"type":"Polygon","properties":{"cd_rgint":"2105","nm_rgint":"Imperatriz","cd_uf":"21","uf_sigla":"MA"}},{"arcs":[[-96,115,116,117,118]],"type":"Polygon","properties":{"cd_rgint":"2302","nm_rgint":"Quixadá","cd_uf":"23","uf_sigla":"CE"}},{"arcs":[[-14,119,120,121,122,-32,-23,-31]],"type":"Polygon","properties":{"cd_rgint":"1303","nm_rgint":"Lábrea","cd_uf":"13","uf_sigla":"AM"}},{"arcs":[[-91,-97,-119,123,124,125,-99,126]],"type":"Polygon","properties":{"cd_rgint":"2305","nm_rgint":"Crateús","cd_uf":"23","uf_sigla":"CE"}},{"arcs":[[-48,-104,-102,127,-111]],"type":"Polygon","properties":{"cd_rgint":"2104","nm_rgint":"Presidente Dutra","cd_uf":"21","uf_sigla":"MA"}},{"arcs":[[-117,128,129,130,131,132,133]],"type":"Polygon","properties":{"cd_rgint":"2403","nm_rgint":"Mossoró","cd_uf":"24","uf_sigla":"RN"}},{"arcs":[[-8,-80,134,135,136,137]],"type":"Polygon","properties":{"cd_rgint":"1504","nm_rgint":"Redenção","cd_uf":"15","uf_sigla":"PA"}},{"arcs":[[-79,-115,138,-135]],"type":"Polygon","properties":{"cd_rgint":"1702","nm_rgint":"Araguaína","cd_uf":"17","uf_sigla":"TO"}},{"arcs":[[-130,139,140,141,142]],"type":"Polygon","properties":{"cd_rgint":"2401","nm_rgint":"Natal","cd_uf":"24","uf_sigla":"RN"}},{"arcs":[[-118,-134,143,144,-124]],"type":"Polygon","properties":{"cd_rgint":"2303","nm_rgint":"Iguatu","cd_uf":"23","uf_sigla":"CE"}},{"arcs":[[-131,-143,145,146]],"type":"Polygon","properties":{"cd_rgint":"2402","nm_rgint":"Caicó","cd_uf":"24","uf_sigla":"RN"}},{"arcs":[[-132,-147,147,148,149,150]],"type":"Polygon","properties":{"cd_rgint":"2503","nm_rgint":"Patos","cd_uf":"25","uf_sigla":"PB"}},{"arcs":[[-125,-145,151,-150,152,153,154]],"type":"Polygon","properties":{"cd_rgint":"2304","nm_rgint":"Juazeiro do Norte","cd_uf":"23","uf_sigla":"CE"}},{"arcs":[[-133,-151,-152,-144]],"type":"Polygon","properties":{"cd_rgint":"2504","nm_rgint":"Sousa - Cajazeiras","cd_uf":"25","uf_sigla":"PB"}},{"arcs":[[-109,155,156,-148,-146,-142,157]],"type":"Polygon","properties":{"cd_rgint":"2502","nm_rgint":"Campina Grande","cd_uf":"25","uf_sigla":"PB"}},{"arcs":[[-101,158,159,160,-112,-128]],"type":"Polygon","properties":{"cd_rgint":"2206","nm_rgint":"Floriano","cd_uf":"22","uf_sigla":"PI"}},{"arcs":[[-100,-126,-155,161,162,-159]],"type":"Polygon","properties":{"cd_rgint":"2203","nm_rgint":"Picos","cd_uf":"22","uf_sigla":"PI"}},{"arcs":[[[-110,-158,-141,163]],[[164]]],"type":"MultiPolygon","properties":{"cd_rgint":"2501","nm_rgint":"João Pessoa","cd_uf":"25","uf_sigla":"PB"}},{"arcs":[[-9,-138,165,166,167,168,169,170,-120,-13]],"type":"Polygon","properties":{"cd_rgint":"5103","nm_rgint":"Sinop","cd_uf":"51","uf_sigla":"MT"}},{"arcs":[[-154,171,172,173,-162]],"type":"Polygon","properties":{"cd_rgint":"2604","nm_rgint":"Petrolina","cd_uf":"26","uf_sigla":"PE"}},{"arcs":[[-33,-123,174,175]],"type":"Polygon","properties":{"cd_rgint":"1202","nm_rgint":"Cruzeiro do Sul","cd_uf":"12","uf_sigla":"AC"}},{"arcs":[[-149,-157,176,177,178,-172,-153]],"type":"Polygon","properties":{"cd_rgint":"2603","nm_rgint":"Serra Talhada","cd_uf":"26","uf_sigla":"PE"}},{"arcs":[[-160,-163,179,180]],"type":"Polygon","properties":{"cd_rgint":"2204","nm_rgint":"São Raimundo Nonato","cd_uf":"22","uf_sigla":"PI"}},{"arcs":[[-121,-171,181,182,183]],"type":"Polygon","properties":{"cd_rgint":"1101","nm_rgint":"Porto Velho","cd_uf":"11","uf_sigla":"RO"}},{"arcs":[[-108,184,185,-177,-156]],"type":"Polygon","properties":{"cd_rgint":"2602","nm_rgint":"Caruaru","cd_uf":"26","uf_sigla":"PE"}},{"arcs":[[-113,-161,-181,186,187,188,189]],"type":"Polygon","properties":{"cd_rgint":"2205","nm_rgint":"Corrente - Bom Jesus","cd_uf":"22","uf_sigla":"PI"}},{"arcs":[[-114,-190,190,191,192,-136,-139]],"type":"Polygon","properties":{"cd_rgint":"1701","nm_rgint":"Palmas","cd_uf":"17","uf_sigla":"TO"}},{"arcs":[[-174,193,194,195,-187,-180]],"type":"Polygon","properties":{"cd_rgint":"2908","nm_rgint":"Juazeiro","cd_uf":"29","uf_sigla":"BA"}},{"arcs":[[-173,-179,196,197,198,199,-194]],"type":"Polygon","properties":{"cd_rgint":"2909","nm_rgint":"Paulo Afonso","cd_uf":"29","uf_sigla":"BA"}},{"arcs":[[-122,-184,200,-175]],"type":"Polygon","properties":{"cd_rgint":"1201","nm_rgint":"Rio Branco","cd_uf":"12","uf_sigla":"AC"}},{"arcs":[[-178,-186,201,202,203,-197]],"type":"Polygon","properties":{"cd_rgint":"2702","nm_rgint":"Arapiraca","cd_uf":"27","uf_sigla":"AL"}},{"arcs":[[-107,204,205,-202,-185]],"type":"Polygon","properties":{"cd_rgint":"2701","nm_rgint":"Maceió","cd_uf":"27","uf_sigla":"AL"}},{"arcs":[[-137,-193,206,207,208,209,210,211,-166]],"type":"Polygon","properties":{"cd_rgint":"5104","nm_rgint":"Barra do Garças","cd_uf":"51","uf_sigla":"MT"}},{"arcs":[[-170,212,213,-182]],"type":"Polygon","properties":{"cd_rgint":"1102","nm_rgint":"Ji-Paraná","cd_uf":"11","uf_sigla":"RO"}},{"arcs":[[-198,-204,214,215]],"type":"Polygon","properties":{"cd_rgint":"2802","nm_rgint":"Itabaiana","cd_uf":"28","uf_sigla":"SE"}},{"arcs":[[-189,216,217,218,219,220,221,-191]],"type":"Polygon","properties":{"cd_rgint":"2906","nm_rgint":"Barreiras","cd_uf":"29","uf_sigla":"BA"}},{"arcs":[[-188,-196,222,223,-217]],"type":"Polygon","properties":{"cd_rgint":"2907","nm_rgint":"Irecê","cd_uf":"29","uf_sigla":"BA"}},{"arcs":[[-168,224,225,226]],"type":"Polygon","properties":{"cd_rgint":"5101","nm_rgint":"Cuiabá","cd_uf":"51","uf_sigla":"MT"}},{"arcs":[[-203,-206,227,228,-215]],"type":"Polygon","properties":{"cd_rgint":"2801","nm_rgint":"Aracaju","cd_uf":"28","uf_sigla":"SE"}},{"arcs":[[-195,-200,229,230,231,232,-223]],"type":"Polygon","properties":{"cd_rgint":"2910","nm_rgint":"Feira de Santana","cd_uf":"29","uf_sigla":"BA"}},{"arcs":[[-192,-222,233,234,-207]],"type":"Polygon","properties":{"cd_rgint":"1703","nm_rgint":"Gurupi","cd_uf":"17","uf_sigla":"TO"}},{"arcs":[[-199,-216,-229,235,236,-230]],"type":"Polygon","properties":{"cd_rgint":"2901","nm_rgint":"Salvador","cd_uf":"29","uf_sigla":"BA"}},{"arcs":[[-167,-212,237,238,239,-225]],"type":"Polygon","properties":{"cd_rgint":"5105","nm_rgint":"Rondonópolis","cd_uf":"51","uf_sigla":"MT"}},{"arcs":[[-169,-227,240,241,-213]],"type":"Polygon","properties":{"cd_rgint":"5102","nm_rgint":"Cáceres","cd_uf":"51","uf_sigla":"MT"}},{"arcs":[[-218,-224,-233,242,243]],"type":"Polygon","properties":{"cd_rgint":"2905","nm_rgint":"Guanambi","cd_uf":"29","uf_sigla":"BA"}},{"arcs":[[-208,-235,244,245]],"type":"Polygon","properties":{"cd_rgint":"5205","nm_rgint":"Porangatu - Uruaçu","cd_uf":"52","uf_sigla":"GO"}},{"arcs":[[-231,-237,246,247,248]],"type":"Polygon","properties":{"cd_rgint":"2902","nm_rgint":"Santo Antônio de Jesus","cd_uf":"29","uf_sigla":"BA"}},{"arcs":[[-221,249,250,251,252,-245,-234]],"type":"Polygon","properties":{"cd_rgint":"5206","nm_rgint":"Luziânia - Águas Lindas de Goiás","cd_uf":"52","uf_sigla":"GO"}},{"arcs":[[-232,-249,253,254,255,-243]],"type":"Polygon","properties":{"cd_rgint":"2904","nm_rgint":"Vitória da Conquista","cd_uf":"29","uf_sigla":"BA"}},{"arcs":[[-209,-246,-253,256,257,258,259]],"type":"Polygon","properties":{"cd_rgint":"5201","nm_rgint":"Goiânia","cd_uf":"52","uf_sigla":"GO"}},{"arcs":[[-248,260,261,262,-254]],"type":"Polygon","properties":{"cd_rgint":"2903","nm_rgint":"Ilhéus – Itabuna","cd_uf":"29","uf_sigla":"BA"}},{"arcs":[[-219,-244,-256,263,264,265]],"type":"Polygon","properties":{"cd_rgint":"3102","nm_rgint":"Montes Claros","cd_uf":"31","uf_sigla":"MG"}},{"arcs":[[-220,-266,266,267,268,269,-257,-252,270,-250]],"type":"Polygon","properties":{"cd_rgint":"3112","nm_rgint":"Patos de Minas","cd_uf":"31","uf_sigla":"MG"}},{"arcs":[[-210,-260,271,272]],"type":"Polygon","properties":{"cd_rgint":"5204","nm_rgint":"São Luís de Montes Belos - Iporá","cd_uf":"52","uf_sigla":"GO"}},{"arcs":[[-251,-271]],"type":"Polygon","properties":{"cd_rgint":"5301","nm_rgint":"Distrito Federal","cd_uf":"53","uf_sigla":"DF"}},{"arcs":[[-255,-263,273,274,275,276,-264]],"type":"Polygon","properties":{"cd_rgint":"3103","nm_rgint":"Teófilo Otoni","cd_uf":"31","uf_sigla":"MG"}},{"arcs":[[-211,-273,277,278,279,280,-238]],"type":"Polygon","properties":{"cd_rgint":"5203","nm_rgint":"Rio Verde","cd_uf":"52","uf_sigla":"GO"}},{"arcs":[[-259,281,-278,-272]],"type":"Polygon","properties":{"cd_rgint":"5202","nm_rgint":"Itumbiara","cd_uf":"52","uf_sigla":"GO"}},{"arcs":[[-226,-240,282,283,284,-241]],"type":"Polygon","properties":{"cd_rgint":"5003","nm_rgint":"Corumbá","cd_uf":"50","uf_sigla":"MS"}},{"arcs":[[-239,-281,285,286,287,288,289,-283]],"type":"Polygon","properties":{"cd_rgint":"5001","nm_rgint":"Campo Grande","cd_uf":"50","uf_sigla":"MS"}},{"arcs":[[-265,-277,290,291,292,293,294,-267]],"type":"Polygon","properties":{"cd_rgint":"3101","nm_rgint":"Belo Horizonte","cd_uf":"31","uf_sigla":"MG"}},{"arcs":[[-276,295,296,297,298,-291]],"type":"Polygon","properties":{"cd_rgint":"3104","nm_rgint":"Governador Valadares","cd_uf":"31","uf_sigla":"MG"}},{"arcs":[[-258,-270,299,-279,-282]],"type":"Polygon","properties":{"cd_rgint":"3111","nm_rgint":"Uberlândia","cd_uf":"31","uf_sigla":"MG"}},{"arcs":[[-262,300,301,302,-274]],"type":"Polygon","properties":{"cd_rgint":"3202","nm_rgint":"São Mateus","cd_uf":"32","uf_sigla":"ES"}},{"arcs":[[-275,-303,303,-296]],"type":"Polygon","properties":{"cd_rgint":"3203","nm_rgint":"Colatina","cd_uf":"32","uf_sigla":"ES"}},{"arcs":[[-268,-295,304,305,306]],"type":"Polygon","properties":{"cd_rgint":"3113","nm_rgint":"Divinópolis","cd_uf":"31","uf_sigla":"MG"}},{"arcs":[[-269,-307,307,308,309,-286,-280,-300]],"type":"Polygon","properties":{"cd_rgint":"3110","nm_rgint":"Uberaba","cd_uf":"31","uf_sigla":"MG"}},{"arcs":[[-292,-299,310]],"type":"Polygon","properties":{"cd_rgint":"3105","nm_rgint":"Ipatinga","cd_uf":"31","uf_sigla":"MG"}},{"arcs":[[-287,-310,311,312,313,314]],"type":"Polygon","properties":{"cd_rgint":"3507","nm_rgint":"São José do Rio Preto","cd_uf":"35","uf_sigla":"SP"}},{"arcs":[[-293,-311,-298,315,316,317,318,319,320,321]],"type":"Polygon","properties":{"cd_rgint":"3106","nm_rgint":"Juíz de Fora","cd_uf":"31","uf_sigla":"MG"}},{"arcs":[[-309,322,323,324,-312]],"type":"Polygon","properties":{"cd_rgint":"3508","nm_rgint":"Ribeirão Preto","cd_uf":"35","uf_sigla":"SP"}},{"arcs":[[-297,-304,-302,325,326,-316]],"type":"Polygon","properties":{"cd_rgint":"3201","nm_rgint":"Vitória","cd_uf":"32","uf_sigla":"ES"}},{"arcs":[[-306,327,328,329,-323,-308]],"type":"Polygon","properties":{"cd_rgint":"3108","nm_rgint":"Varginha","cd_uf":"31","uf_sigla":"MG"}},{"arcs":[[-288,-315,330,331,332]],"type":"Polygon","properties":{"cd_rgint":"3506","nm_rgint":"Araçatuba","cd_uf":"35","uf_sigla":"SP"}},{"arcs":[[-294,-322,333,-328,-305]],"type":"Polygon","properties":{"cd_rgint":"3107","nm_rgint":"Barbacena","cd_uf":"31","uf_sigla":"MG"}},{"arcs":[[-317,-327,334,335]],"type":"Polygon","properties":{"cd_rgint":"3204","nm_rgint":"Cachoeiro do Itapemirim","cd_uf":"32","uf_sigla":"ES"}},{"arcs":[[-284,-290,336,337,338,339]],"type":"Polygon","properties":{"cd_rgint":"5002","nm_rgint":"Dourados","cd_uf":"50","uf_sigla":"MS"}},{"arcs":[[-289,-333,340,341,342,-337]],"type":"Polygon","properties":{"cd_rgint":"3505","nm_rgint":"Presidente Prudente","cd_uf":"35","uf_sigla":"SP"}},{"arcs":[[-318,-336,343,344,345]],"type":"Polygon","properties":{"cd_rgint":"3304","nm_rgint":"Campos dos Goytacazes","cd_uf":"33","uf_sigla":"RJ"}},{"arcs":[[-314,346,347,348,349,-331]],"type":"Polygon","properties":{"cd_rgint":"3503","nm_rgint":"Bauru","cd_uf":"35","uf_sigla":"SP"}},{"arcs":[[-313,-325,350,-347]],"type":"Polygon","properties":{"cd_rgint":"3509","nm_rgint":"Araraquara","cd_uf":"35","uf_sigla":"SP"}},{"arcs":[[-324,-330,351,352,353,354,-348,-351]],"type":"Polygon","properties":{"cd_rgint":"3510","nm_rgint":"Campinas","cd_uf":"35","uf_sigla":"SP"}},{"arcs":[[-332,-350,355,356,-341]],"type":"Polygon","properties":{"cd_rgint":"3504","nm_rgint":"Marília","cd_uf":"35","uf_sigla":"SP"}},{"arcs":[[-321,357,358,-352,-329,-334]],"type":"Polygon","properties":{"cd_rgint":"3109","nm_rgint":"Pouso Alegre","cd_uf":"31","uf_sigla":"MG"}},{"arcs":[[-319,-346,359,360,361]],"type":"Polygon","properties":{"cd_rgint":"3303","nm_rgint":"Petrópolis","cd_uf":"33","uf_sigla":"RJ"}},{"arcs":[[-320,-362,362,363,-358]],"type":"Polygon","properties":{"cd_rgint":"3302","nm_rgint":"Volta Redonda - Barra Mansa","cd_uf":"33","uf_sigla":"RJ"}},{"arcs":[[-345,364,365,-360]],"type":"Polygon","properties":{"cd_rgint":"3305","nm_rgint":"Macaé - Rio das Ostras - Cabo Frio","cd_uf":"33","uf_sigla":"RJ"}},{"arcs":[[-338,-343,366,367,368]],"type":"Polygon","properties":{"cd_rgint":"4104","nm_rgint":"Maringá","cd_uf":"41","uf_sigla":"PR"}},{"arcs":[[[-353,-359,-364,369,370,371]],[[372]],[[373]]],"type":"MultiPolygon","properties":{"cd_rgint":"3511","nm_rgint":"São José dos Campos","cd_uf":"35","uf_sigla":"SP"}},{"arcs":[[-342,-357,374,375,376,-367]],"type":"Polygon","properties":{"cd_rgint":"4105","nm_rgint":"Londrina","cd_uf":"41","uf_sigla":"PR"}},{"arcs":[[-349,-355,377,378,379,380,-375,-356]],"type":"Polygon","properties":{"cd_rgint":"3502","nm_rgint":"Sorocaba","cd_uf":"35","uf_sigla":"SP"}},{"arcs":[[[-361,-366,381,-370,-363]],[[382]],[[383]]],"type":"MultiPolygon","properties":{"cd_rgint":"3301","nm_rgint":"Rio de Janeiro","cd_uf":"33","uf_sigla":"RJ"}},{"arcs":[[-354,-372,384,-378]],"type":"Polygon","properties":{"cd_rgint":"3501","nm_rgint":"São Paulo","cd_uf":"35","uf_sigla":"SP"}},{"arcs":[[-376,-381,385,386]],"type":"Polygon","properties":{"cd_rgint":"4106","nm_rgint":"Ponta Grossa","cd_uf":"41","uf_sigla":"PR"}},{"arcs":[[-339,-369,387,388,389,390]],"type":"Polygon","properties":{"cd_rgint":"4103","nm_rgint":"Cascavel","cd_uf":"41","uf_sigla":"PR"}},{"arcs":[[-368,-377,-387,391,-388]],"type":"Polygon","properties":{"cd_rgint":"4102","nm_rgint":"Guarapuava","cd_uf":"41","uf_sigla":"PR"}},{"arcs":[[-380,392,393,394,395,-389,-392,-386]],"type":"Polygon","properties":{"cd_rgint":"4101","nm_rgint":"Curitiba","cd_uf":"41","uf_sigla":"PR"}},{"arcs":[[-394,396,397,398,399]],"type":"Polygon","properties":{"cd_rgint":"4206","nm_rgint":"Joinville","cd_uf":"42","uf_sigla":"SC"}},{"arcs":[[-390,-396,400,401,402,403,404,405]],"type":"Polygon","properties":{"cd_rgint":"4204","nm_rgint":"Chapecó","cd_uf":"42","uf_sigla":"SC"}},{"arcs":[[-395,-400,406,-401]],"type":"Polygon","properties":{"cd_rgint":"4205","nm_rgint":"Caçador","cd_uf":"42","uf_sigla":"SC"}},{"arcs":[[-398,407,408,409]],"type":"Polygon","properties":{"cd_rgint":"4207","nm_rgint":"Blumenau","cd_uf":"42","uf_sigla":"SC"}},{"arcs":[[-399,-410,410,411,412,-402,-407]],"type":"Polygon","properties":{"cd_rgint":"4203","nm_rgint":"Lages","cd_uf":"42","uf_sigla":"SC"}},{"arcs":[[-404,413,414,415,416]],"type":"Polygon","properties":{"cd_rgint":"4306","nm_rgint":"Passo Fundo","cd_uf":"43","uf_sigla":"RS"}},{"arcs":[[-405,-417,417,418,419]],"type":"Polygon","properties":{"cd_rgint":"4305","nm_rgint":"Ijuí","cd_uf":"43","uf_sigla":"RS"}},{"arcs":[[[-409,420,421,-411]],[[422]]],"type":"MultiPolygon","properties":{"cd_rgint":"4201","nm_rgint":"Florianópolis","cd_uf":"42","uf_sigla":"SC"}},{"arcs":[[-403,-413,423,424,425,-414]],"type":"Polygon","properties":{"cd_rgint":"4307","nm_rgint":"Caxias do Sul","cd_uf":"43","uf_sigla":"RS"}},{"arcs":[[-412,-422,426,427,-424]],"type":"Polygon","properties":{"cd_rgint":"4202","nm_rgint":"Criciúma","cd_uf":"42","uf_sigla":"SC"}},{"arcs":[[-419,428,429,430]],"type":"Polygon","properties":{"cd_rgint":"4304","nm_rgint":"Uruguaiana","cd_uf":"43","uf_sigla":"RS"}},{"arcs":[[-416,431,432,-429,-418]],"type":"Polygon","properties":{"cd_rgint":"4303","nm_rgint":"Santa Maria","cd_uf":"43","uf_sigla":"RS"}},{"arcs":[[-415,-426,433,434,-432]],"type":"Polygon","properties":{"cd_rgint":"4308","nm_rgint":"Santa Cruz do Sul - Lajeado","cd_uf":"43","uf_sigla":"RS"}},{"arcs":[[-425,-428,435,436,437,438,-434]],"type":"Polygon","properties":{"cd_rgint":"4301","nm_rgint":"Porto Alegre","cd_uf":"43","uf_sigla":"RS"}},{"arcs":[[[-430,-433,-435,-439,439]],[[-437,440]]],"type":"MultiPolygon","properties":{"cd_rgint":"4302","nm_rgint":"Pelotas","cd_uf":"43","uf_sigla":"RS"}}]}}}