{"type":"Topology","arcs":[[[35655,89844],[40,-2463]],[[35695,87381],[-729,-14],[-2078,-44],[-46,-259],[-67,-53],[-72,-26],[-52,-80],[37,-54],[-31,-41],[5,-29],[-20,-43],[12,-22],[-54,-33],[-24,-42],[-35,-2],[9,-25],[-52,-62],[-5,-71],[-39,-56],[-18,-71],[13,-23],[13,-40],[-71,-83],[-39,-30],[5,-29],[-52,-55],[-33,-4],[20,-44],[-31,-92],[39,-72],[-32,-28],[4,-62],[-48,-25],[13,-54],[-12,-49],[-33,-21],[-33,-57],[14,-14],[1,-71],[-91,-79],[-20,-84],[-21,-19],[7,-91],[38,-29],[9,-49],[34,-29],[38,-87],[58,-45],[35,-2],[-2,-47],[27,-35],[5,-91],[-104,-97],[-77,6],[-13,-43],[-44,4],[-82,-40],[-108,1],[-46,-49],[15,-18],[-15,-66],[-51,-30],[38,-39],[-63,-68],[-65,12],[-1,24],[-82,16],[-7,-49],[-64,21],[-9,-21],[-74,-32],[-32,-30],[-20,54],[-79,18],[-22,-12],[-38,29],[-50,-8],[-5,48],[-13,35],[5,85],[-43,10],[30,77],[-40,13],[-56,50],[15,20],[-12,70],[-36,22],[-77,2],[-22,40],[11,28],[-35,55],[-53,-20],[-64,64],[-20,34],[8,75],[-22,66],[-37,-13],[-43,13],[-54,-22],[-61,5],[-62,39],[-21,-13],[-53,25],[-22,65],[-59,32],[-61,-20],[-41,24],[-48,-6],[-20,-42],[-40,18],[-62,4],[-25,17],[-35,-18],[18,-70],[-18,-17],[1,-52],[-125,-46],[-56,-1],[-66,-58],[-76,-4],[-121,-88],[-53,-8],[7,-49],[-21,-14],[-53,2],[-18,-20],[-34,-129],[-88,-82],[-54,-29],[-30,-118],[8,-96],[17,-33],[-36,-31],[1,-75],[-47,-45],[-15,-70],[15,-48],[-8,-69],[56,-12],[3,-57],[43,-63],[-6,-93],[-72,-23],[26,-52],[-28,-35],[29,-49],[-35,-83],[21,-52],[-34,-33],[-43,-123],[1,-86],[-46,-42],[104,-112],[9,-38],[-43,-38],[-45,-71],[41,-31],[51,-4],[21,-49],[87,-10],[15,-81],[43,-95],[87,-37],[29,-51],[-13,-39],[4,-67],[-40,10],[-134,123],[-70,120],[-82,75],[-76,34],[-203,56],[-57,44],[-71,22],[-69,4],[-46,-50],[-55,-6],[-72,-4],[-67,15],[-23,40],[-11,79],[-103,130],[-45,138],[-54,65],[-4,39],[-73,152],[-56,58],[-56,46],[-92,5],[-47,51],[16,42],[-36,58],[-43,-1],[-73,78],[-69,12],[-11,45],[-58,22],[-77,-8],[-34,60],[-53,8],[-48,45],[-12,41],[-27,-5],[-30,28],[-42,74],[-95,116],[-5,22],[-80,18],[-36,25],[-46,-1],[-11,33],[-37,-17],[-50,33],[-24,57],[36,23],[-28,50],[-7,42],[31,28],[20,58],[42,-31],[14,16],[87,-10],[45,-43],[10,-43],[39,47],[77,8],[-26,30],[-5,47],[72,5],[34,51],[44,-10],[44,38],[1,43],[-30,26],[25,45],[-47,47],[2,40],[-26,38],[35,47],[-15,52],[35,18],[47,139],[113,76],[22,68],[37,18],[-12,41],[27,33],[1,66],[13,21],[-78,48],[-39,-17],[-32,38],[-16,57],[16,71],[-18,82],[19,22],[-2,94],[-57,26],[-57,61],[-22,44],[-52,48],[3,47],[-15,57],[-1,97],[-63,136],[-61,61],[-49,12],[-61,36],[-24,43],[-13,69],[12,67],[-15,74],[-26,54],[-36,31],[-7,92],[-36,81],[21,98],[-22,49],[47,119],[-25,33],[-8,65],[-68,91],[-58,-38],[-23,9],[-14,106],[-26,59],[28,218],[-38,139],[-13,93],[19,65],[66,99],[103,98],[-15,90],[-47,55],[-14,60],[33,131],[55,68],[9,64],[-16,39],[-64,81],[-11,103],[14,76],[-122,-10],[-21,12],[-41,80],[-27,138],[-86,202],[-66,246],[-24,25],[-16,57],[13,48],[-39,70],[-29,28],[-75,26],[-55,52],[-56,31],[-25,28],[-26,94],[-147,141],[35,93],[177,202],[-3,92],[-30,151],[57,144],[23,162],[-27,49],[-35,30],[-138,59],[-81,20],[-19,29],[-52,24],[-186,13],[-61,20],[-170,-51],[-73,17],[-98,61],[-114,143],[-36,83],[8,73],[-14,14],[-126,19],[-190,-75],[-68,1],[-137,77],[-126,124]],[[24525,92101],[4,38],[42,97],[-11,39],[6,49],[-36,61],[37,105],[-26,73],[-44,41],[-92,9],[-112,-12],[-194,-48],[-243,-89],[-161,-20],[-91,9],[-101,27],[-175,71],[-144,38],[-100,44],[-14,24],[-54,-17],[-50,32],[-24,0],[-25,-37],[-47,68],[-43,8],[-8,26],[31,59],[-9,45],[9,62],[37,9],[11,38],[36,45],[-3,31],[44,42],[16,60],[-19,26],[14,41],[-47,51],[51,28],[-11,34],[-33,23],[12,75],[-39,20],[-13,43],[0,60],[-86,40],[-27,35],[-25,73],[-17,147],[-78,32],[-58,71],[-16,60],[-77,69],[-46,75],[-108,78],[-39,52],[4,34],[53,109],[3,56],[-17,131],[-75,170],[12,176],[-45,47],[-7,42],[33,59],[89,90],[38,58],[3,128],[-12,35],[-47,65],[-98,83],[-35,56],[-46,33],[-37,95],[-98,49],[-38,35],[-168,71],[-49,34],[-48,8],[-52,-9],[-42,14],[-62,67],[-40,67],[-113,96],[-34,116],[-87,42],[-74,94],[-78,47],[-19,28],[-9,60],[-64,64],[-64,133],[-200,129],[-27,76],[-15,91],[11,51],[48,58],[48,8],[204,-83],[39,-26],[67,-67],[84,-181],[88,-58],[82,-28],[39,33],[58,8],[52,-13],[105,32],[64,36],[69,-3],[43,14],[127,-15],[83,11],[30,30],[38,-1],[22,-41],[38,10],[81,-32],[70,5],[46,33],[62,-45],[36,-9],[52,-35],[44,-93],[0,-72],[56,-62],[66,-122],[39,-39],[84,0],[15,-74],[45,-6],[36,-80],[14,49],[74,97],[66,25],[26,-7],[100,53],[38,-24],[49,1],[48,-16],[102,23],[44,-28],[-1,-33],[78,-1],[62,-14],[47,40],[-48,32],[-27,-1],[-20,35],[33,107],[-10,59],[31,10],[61,-41],[25,-58],[58,-38],[74,-84],[4,-108],[50,-4],[42,22],[9,-66],[99,-41],[44,10],[-22,43],[55,15],[30,-27],[41,-8],[44,18],[-11,46],[50,47],[14,31],[-16,54],[-55,4],[0,29],[-32,16],[56,57],[38,-4],[50,15],[73,-38],[65,-16],[58,31],[9,34],[47,-27],[30,-37],[66,18],[16,-17],[107,-5],[-39,-134],[-27,-44],[6,-77],[15,-38],[57,-59],[21,10],[78,-23],[103,3],[93,-63],[45,-63],[26,-13],[-7,-108],[-44,-30],[124,-66],[15,-38],[29,-12],[67,-83],[73,-7],[58,53],[33,64],[6,50],[26,-3],[53,34],[82,74],[41,69],[79,-20],[37,-29],[13,-45],[23,-6],[50,-48],[48,31],[13,47],[-26,122],[9,58],[-20,20],[34,45],[-35,8],[-72,63],[43,41],[-91,107],[3,91],[61,33],[44,78],[-49,29],[-12,71],[41,22],[-10,26],[43,24],[85,-21],[57,22],[50,-8],[30,30],[46,-16],[46,13],[53,-27],[21,-37],[56,-2],[-10,54],[70,23],[-28,46],[-4,84],[-21,27],[109,48],[29,41],[46,-28],[40,28],[-8,91],[30,-10],[35,26],[49,5],[50,-24],[21,10],[49,-37],[42,8],[8,-36],[53,-39],[18,15],[49,-8],[26,13],[31,-29],[68,2],[94,-49],[46,12],[9,-37],[41,-19],[39,2],[40,-40],[27,32],[55,9],[-13,70],[30,-5],[34,36],[32,-23],[18,28],[-27,35],[41,37],[42,-20],[38,21],[52,-4],[45,49],[46,-58],[63,-63],[15,-36],[36,-18],[16,132],[57,15],[67,-22],[-5,47],[54,12],[41,-34],[45,20],[6,53],[30,101],[50,-9],[46,21],[-29,44],[89,18],[40,-28],[49,28],[59,1],[33,22],[87,-53],[58,53],[44,-42],[80,25],[12,32],[74,60],[-8,18],[44,62],[-33,13],[-17,41],[26,19],[-14,57],[19,85],[67,14],[59,67],[99,-4],[45,-21],[80,8],[52,-19],[36,24],[57,76],[63,1],[20,55],[-40,3],[-21,33],[-66,53],[11,45],[137,19],[63,-13],[109,-40],[32,11],[106,-95],[51,60],[48,16],[26,29],[42,-11],[75,17],[79,-16],[52,5],[29,63],[49,5],[24,48],[-7,54],[42,-10],[-9,51],[24,41],[-44,91],[80,33],[19,53],[-8,43],[29,34],[62,-2],[56,-27],[51,62],[49,10],[13,43],[106,30],[31,-8],[32,42],[43,18],[-15,31],[53,48],[23,2],[57,78],[33,22],[14,89],[59,12],[7,39],[41,51],[42,8],[18,73],[-22,37],[-18,71],[-63,69],[-22,57],[-31,16],[7,62],[-12,36],[11,35],[-39,10],[-1,87],[-14,37],[-46,31],[-20,44],[-79,1],[-45,14],[31,46],[35,-2],[30,26],[47,10],[69,-3],[65,-36],[82,8],[5,-25],[53,-28],[59,-3],[46,36],[160,-18],[29,10],[14,-47],[30,-6],[72,76],[52,28],[97,-40],[80,16],[22,41],[83,22],[16,42],[45,3],[27,28],[56,24],[49,-46],[-4,-37],[58,-28],[89,58],[10,-60],[66,-76],[31,-133],[54,-3],[120,-114],[76,-18],[-28,-65],[32,-25],[-20,-63],[36,-88],[-12,-70],[6,-71],[-33,-65],[-20,-163],[-31,-44],[-23,-104],[33,-25],[-4,-88],[-34,-53],[34,-42],[-119,-133],[11,-100],[-66,-35],[-19,13],[-47,-13],[-34,-64],[5,-38],[-48,17],[-11,-37],[17,-23],[-11,-82],[146,-10],[-10,42],[100,-13],[-6,-45],[63,5],[68,-12],[38,16],[43,-38],[23,5],[18,53],[118,-44],[33,-28],[91,4],[13,-48],[140,-21],[20,46],[24,-44],[71,-20],[35,-44],[42,3],[39,-37],[1,-25],[59,-39],[57,-6],[-22,-34],[18,-41],[-65,-71],[0,-39],[-33,-1],[-38,-48],[60,-40],[-69,-87],[30,-130],[37,-43],[76,-44],[94,0],[66,-33],[-79,-157],[54,-41],[33,1],[2,-39],[42,-21],[63,-106],[37,-21],[81,-27],[26,-58],[-56,-31],[-23,-33],[-41,0],[-7,-74],[-60,-7],[-1,-71],[15,-61],[-19,-101],[-44,17],[-39,-48],[-47,8],[-40,-15],[-23,-96],[30,-71],[-12,-33],[-63,-38],[-26,1],[-48,-67],[-48,-10],[-29,-30],[-22,-57],[-65,-24],[-61,8],[-16,-16],[-70,-25],[-19,-87],[-32,-19],[70,-22],[16,-61],[54,-23],[31,-32],[5,-41],[-53,-56],[-38,-66],[-4,-46],[69,9],[-14,-44],[43,-123],[-10,-23],[-63,0],[15,-55],[-59,-70],[-16,-66],[-34,-6],[-20,-43],[19,-76],[-33,-33],[-40,-1],[-19,-73],[32,-86],[-18,-36],[-2,-70],[-52,-7],[-23,-56],[-41,-17],[13,-101],[-25,-63],[39,-42],[-40,-94],[14,-23],[-59,-61],[-6,-52],[22,-32],[-29,-39],[19,-31],[-21,-77],[12,-91],[-15,-44],[17,-95],[-12,-36],[12,-98],[-7,-21],[45,-47],[-6,-72],[34,-34],[-18,-83],[68,-18],[39,-38],[-21,-46],[50,-65],[-4,-43],[22,-38],[38,-32],[8,-71],[-15,-39],[13,-81],[-31,-43],[28,-67],[42,-25],[23,20],[48,-75],[58,-3],[107,-111],[38,26],[51,-14],[27,10],[41,-37],[-12,-34],[22,-66],[-21,-19],[10,-64],[-32,-67],[1,-82],[29,-26],[15,-54],[-3,-43],[-30,-18],[-15,-44],[13,-60],[41,-56],[-37,-39],[5,-33],[2,-40],[-20,-31],[9,-41],[-18,-68],[-25,-19],[-7,-54],[32,-55],[-11,-51],[41,-26],[61,18],[46,-2],[36,-37],[29,25],[39,-11],[-20,-49],[9,-21],[-58,-24],[-17,-44],[-9,-86],[59,-3],[32,-29],[51,-4],[8,-33],[32,-32],[124,55],[25,-30],[46,-4],[30,-49],[1,-28],[33,-28],[49,-15],[-2,-73],[30,-46],[44,-22],[43,5],[26,-65],[27,-18],[-9,-51],[46,-37],[41,10],[5,-46],[74,-68],[14,21],[72,-9],[-6,-21],[28,-59],[-11,-50],[59,8],[47,-43],[-12,-23],[42,-82],[48,-46],[48,-4],[18,-22],[47,-15],[47,11],[29,-37],[39,-3],[26,-27],[47,12],[33,-24],[70,10],[35,-38],[45,10],[23,-30],[63,22],[24,-18],[48,10],[38,-65],[31,29],[122,10],[-13,-66],[58,-26],[31,-48],[-44,-24],[24,-59]],[[57336,88543],[-155,10],[-114,-11],[-309,-61],[-74,-36],[-165,-122],[-29,-29],[-40,-74],[-38,-101],[-23,-126],[-25,-58],[-45,-60],[-51,-160],[-73,-152],[-67,-108],[-49,-52],[-60,-45],[-110,-118],[-198,-143],[-117,-48],[-310,-80],[-60,-33],[-86,-67],[-42,-84],[-56,-42],[-115,-160],[-37,-26],[-40,-5],[-40,-20],[-151,-19],[-102,-35],[-215,-341],[-50,-28],[-40,-53],[-39,-87],[-21,-127],[-144,-155],[-30,-113],[-62,-102],[-67,-77],[-75,-57],[-199,-215],[-218,-375],[-32,-327],[22,-227],[-4,-59],[-43,-82],[-182,-185],[-75,-42],[-192,-22],[-24,11],[-70,77],[-18,-13],[-34,-73],[-46,17],[10,64],[-9,22],[-48,12],[-21,-34],[14,-85],[-8,-10],[-94,10],[-62,-22],[-20,-41],[39,-69],[-19,-38],[-39,-4],[-69,21],[-27,26],[8,90],[-32,95],[-65,-6],[-65,48],[-112,-11],[-47,22],[-85,-5],[-67,33],[-79,0],[-61,138],[-102,49],[-49,-23],[-22,26],[31,44],[6,42],[-13,111],[-38,41],[-10,39],[25,37],[60,18],[5,93],[-41,58],[-59,53],[-28,10],[-31,-27],[-119,-45],[-53,10],[9,33],[62,73],[-32,55],[52,116],[12,61],[-11,78],[-34,75],[14,31],[-4,64],[-32,106],[-36,32],[-106,-12],[-73,-43],[-40,3],[-26,23],[-68,105],[2,48],[-37,23],[-32,52],[11,49],[-28,46],[58,91],[-48,94],[42,121],[-17,92],[-29,29],[-38,0],[-58,42],[-35,37],[-15,63],[-185,133],[-37,92],[-62,20],[-67,-31],[-70,32],[-67,203],[-22,35],[-19,188],[-20,31],[-45,21],[-27,41],[9,90],[-44,25],[-56,135],[-103,97],[-30,94],[29,78],[-42,62],[-55,35],[-10,78],[-31,55],[-32,21],[-27,55],[38,55],[2,44],[-21,65],[32,88],[-36,35],[25,51],[-8,22],[36,49],[-16,55],[19,95],[66,86],[35,127],[-44,35],[-48,-3],[-33,84],[-67,47],[-14,54],[-208,145],[-31,53],[-36,34],[-130,75],[-139,105],[2,135],[-39,27],[-8,69],[19,36],[-30,36],[-3,30],[-49,45],[-9,128],[15,41],[34,26],[45,-16],[42,9],[21,72],[-17,37],[-36,23],[-19,48],[-3,54],[-40,-28],[-77,20],[-47,-33],[-91,-41],[-41,46],[39,43],[18,41],[-27,38],[-45,10],[-21,78],[69,30],[-30,64],[-45,5],[-17,-31],[-61,53],[-93,-27],[-22,-32],[-52,37],[48,37],[8,72],[-16,39],[-27,-9],[-17,-73],[-39,-7],[-17,34],[-35,-20],[-29,47],[43,55],[-52,35],[4,-67],[-39,-25],[-3,-24],[-104,27],[-42,51],[-30,17],[-47,-24],[38,-30],[1,-27],[-107,0],[-11,26],[-81,15],[27,71],[-41,20],[-6,30],[-54,5],[-27,31],[-63,-3],[-32,42],[-22,-31],[-53,9],[-15,34],[10,39],[-23,38],[-46,-7],[-70,-59],[-33,19],[-42,-33],[-7,65],[11,32],[-35,62],[-46,20],[-14,125],[-48,54],[-3,30],[-62,9],[-33,36],[-22,-85],[-29,62],[-148,100],[-17,42],[-58,53],[-18,-5],[-72,51],[-37,-8],[-18,34],[-64,24],[-24,-47],[-41,37],[-76,-15],[-74,13],[-49,-9],[-16,-21],[-43,2],[-38,20],[-33,36],[-160,36],[-59,-10],[-44,-31],[-68,-7],[-52,5],[-20,20],[-45,-12],[-65,12],[-24,56],[9,42],[41,45],[-47,48],[0,63],[-26,43],[-20,122],[44,68],[-46,28],[8,45],[-54,28],[-51,82],[13,36],[-17,23],[17,46],[-20,51],[23,18],[-11,38],[7,41],[94,107],[12,54],[-120,163],[10,80],[28,51],[-34,69],[-161,177],[5,47]],[[45564,93021],[186,14],[132,83],[146,-62],[-17,-217],[74,-87],[150,26],[409,-323],[612,-78],[465,130],[28,19],[37,-13],[19,27],[62,-1],[16,43],[-16,47],[31,32],[34,1],[20,-43],[37,43],[22,65],[60,9],[44,-32],[44,26],[-27,56],[51,7],[7,36],[101,55],[72,-9],[34,-60],[-29,-41],[9,-66],[23,13],[47,-13],[30,8],[33,-28],[72,3],[-8,-46],[137,4],[42,-44],[41,7],[31,-27],[58,-8],[28,22],[117,-25],[35,11],[-17,40],[11,36],[52,-28],[102,71],[33,1],[45,31],[19,33],[0,39],[40,15],[25,-27],[34,-1],[12,-44],[50,-45],[81,-49],[0,-35],[68,-2],[12,-33],[-50,-36],[-44,-62],[-30,-1],[1,-95],[44,8],[46,47],[68,-36],[17,14],[58,0],[115,32],[97,6],[49,-10],[96,-95],[81,-11],[48,-30],[80,16],[37,19],[13,55],[74,-19],[36,73],[10,50],[29,8],[10,50],[44,5],[-8,47],[43,24],[100,28],[205,113],[138,96],[2,58],[45,44],[1,36],[36,32],[36,-6],[7,73],[58,-4],[4,53],[51,45],[26,7],[-21,75],[26,30],[32,-5],[31,56],[-16,43],[-46,33],[17,31],[-29,46],[24,31],[37,-5],[23,79],[30,38],[65,136],[6,74],[14,35],[128,242],[39,22],[36,-5],[9,52],[-20,27],[8,42],[33,33],[50,172],[23,13],[68,134],[-45,52],[15,59],[-23,35],[41,53],[3,34],[66,8],[-9,73],[43,74],[60,26],[17,30],[32,-33],[33,3],[85,125],[23,50],[76,101],[123,248],[37,32],[12,61],[47,42],[-1,31],[36,11],[92,173],[72,87],[18,122],[23,26],[21,85],[36,31],[73,-7],[17,45],[-19,65],[13,28],[120,59],[69,92],[51,26],[19,39],[46,28],[56,110],[7,81],[55,77],[30,21],[88,11],[57,60],[49,8],[42,30],[12,84],[21,33],[42,139],[62,123],[-5,97],[14,14],[22,90],[26,163],[62,221],[89,31],[214,-161],[201,-199],[232,-264],[52,-83],[10,-39],[35,-40],[74,-231],[12,-124],[-7,-106],[30,-23],[109,-66],[71,-2],[46,-49],[2,-100],[-14,-48],[-1,-121],[-13,-131],[-14,-29],[-3,-102],[45,-476],[-21,-82],[-28,-23],[2,-103],[17,-97],[144,-413],[-11,-59],[-19,-25],[5,-48],[-11,-47],[20,-52],[50,-59],[-20,-122],[61,-102],[12,-78],[-9,-35],[17,-61],[90,-134],[4,-76],[-14,-46],[13,-83],[38,12],[61,-36],[-4,-96],[53,-39],[-4,-141],[35,-16],[38,-51],[6,-40],[23,-13],[-2,-95],[-12,-18],[28,-60],[7,-95],[-14,-103],[53,40],[59,-20],[20,-63],[45,-72],[0,-57],[-15,-35],[34,-80],[-10,-37],[39,-54],[3,-85],[49,-89],[-1,-100],[34,-17],[37,-57],[26,-90],[-6,-54],[-45,-34],[429,171],[165,-10],[42,-14],[58,-50],[123,-203],[47,-36],[7,-63],[38,-107],[40,-32],[10,-78],[30,-49],[149,-396],[170,25],[156,-59],[35,-2],[87,-44],[73,-19],[248,-157],[29,-51],[42,-162],[2,-124],[41,-241],[-17,-231],[-74,-238],[8,-58],[34,-182],[-67,-166],[-69,-72],[9,-15],[-19,-160],[13,-19],[5,-99],[-13,-27],[-101,-97],[-97,-191],[-44,-32],[-29,-3],[0,-125],[-29,7],[-8,-42],[-61,-24],[-5,-205]],[[35655,89844],[51,-11],[52,-100],[68,11],[14,-41],[72,51],[54,-9],[45,57],[29,-22],[59,97],[-15,46],[24,88],[39,20],[36,-3],[40,-42],[28,23],[59,2],[51,-37],[49,-9],[58,64],[60,-16],[6,-51],[46,3],[16,23],[41,-24],[2,69],[46,35],[13,28],[-10,74],[10,58],[-25,48],[-63,33],[4,55],[-15,97],[37,14],[52,-18],[26,13],[34,-24],[65,39],[89,-1],[34,30],[-46,37],[16,37],[-28,39],[12,23],[65,8],[6,56],[42,17],[-3,24],[54,55],[20,-8],[-6,-65],[60,-9],[11,21],[64,-4],[66,-60],[56,47],[38,7],[91,-17],[18,-43],[11,-84],[50,-27],[45,6],[34,33],[69,-16],[21,47],[50,-11],[33,-31],[57,-13],[7,64],[30,40],[-3,60],[14,49],[-5,77],[12,42],[-56,31],[42,38],[88,-31],[58,-6],[44,17],[33,59],[44,16],[60,-5],[31,15],[108,20],[9,91],[44,9],[40,-28],[96,12],[35,21],[18,-43],[57,-19],[62,-60],[69,46],[43,-17],[17,19],[54,6],[56,-25],[47,41],[-18,31],[37,20],[30,-13],[-2,62],[42,51],[-6,55],[114,40],[20,47],[-1,48],[32,45],[-11,56],[6,65],[75,18],[44,38],[43,-9],[27,52],[0,67],[26,25],[80,-7],[15,50],[74,-34],[15,-33],[37,-22],[3,-27],[57,-34],[8,43],[35,20],[36,45],[41,2],[36,38],[52,-12],[16,30],[52,24],[20,49],[101,-82],[0,-71],[19,-32],[79,-22],[36,-71],[42,-29],[61,-11],[41,56],[24,-13],[74,29],[65,-78],[93,-25],[25,10],[43,-29],[74,-22],[25,-21],[37,12],[21,50],[108,96],[40,-4],[56,-29],[77,13],[25,37],[48,37],[62,-50],[42,-50],[94,28],[58,40],[55,15],[31,41],[34,-12],[44,18],[70,-25],[28,-45],[98,13],[34,22],[58,-11],[80,-63],[30,-3],[68,-63],[48,-19],[23,53],[48,9],[15,-20],[100,-16],[39,8],[50,-52],[7,-27],[78,-32],[32,17],[104,-14],[110,-40],[39,11],[32,33],[34,-8],[54,68],[75,42],[5,50],[-47,29],[-5,80],[-35,91],[3,25],[53,-14],[19,46],[-12,34],[19,48],[-74,42],[-14,53],[-26,33],[-45,-8],[-28,67],[6,28],[-39,13],[11,37],[-41,55],[-79,3],[-53,51],[50,62],[-17,36],[-65,38],[-21,-14],[-106,32],[-47,39],[34,32],[44,102],[33,8],[8,129],[40,-3],[59,-91],[52,-6],[19,26],[-28,55],[-18,5],[62,86],[19,4],[40,53],[-10,34],[-42,43],[51,37],[32,74],[-37,21],[36,58],[108,16],[25,-37],[56,-3],[39,-35],[13,-37],[66,-21],[9,-29],[51,-25],[158,-8],[49,-114],[72,-21],[26,3],[22,47],[61,-20],[41,19],[64,-9],[140,53],[10,-36],[48,16],[58,-2],[8,18],[62,19],[43,-11],[131,1],[109,-51],[98,75],[-26,70],[88,102],[212,-30],[67,50],[86,93],[122,21],[51,-106],[245,167],[123,-18],[47,-165],[157,-215]],[[57336,88543],[3,-140],[79,-80],[45,-110],[9,-84],[1,-82],[-20,-58],[-26,-291],[-23,-86],[148,-24],[70,-29],[36,31],[29,-26],[34,1],[53,-30],[170,72],[33,-35],[34,19],[77,3],[49,34],[23,-44],[29,44],[159,40],[67,-61],[19,-2],[64,-75],[34,-119],[45,-83],[257,-403],[42,-37],[56,7],[45,-40],[63,-19],[18,-34],[-34,-42],[45,-10],[27,-33],[875,-426],[19,-56],[204,-131],[98,29],[212,-6],[35,-52],[26,-1],[64,-33],[87,-13],[62,17],[98,45],[77,1],[174,-28],[41,5],[25,-17],[88,31],[78,-33],[36,-33],[33,-3],[47,-52],[20,-62],[-21,-167],[-106,-92],[-27,-55],[-33,-125],[-39,-64],[575,-224],[573,-225],[6,-104],[26,-4],[23,35],[9,43],[29,32],[2,67],[24,20],[32,-9],[71,46],[7,64],[30,40],[-1,50],[70,-4],[30,-42],[1,-40],[30,-96],[-23,-32],[-6,-43],[-25,-12],[-19,-52],[21,-12],[34,37],[19,-34],[46,38],[-4,49],[20,29],[-20,54],[44,100],[-16,34],[27,27],[41,-29],[-36,-41],[69,-37],[33,-101],[24,93],[-33,74],[62,2],[14,38],[34,30],[47,-1],[23,-93],[-22,-51],[29,-14],[39,36],[56,-7],[49,-104],[-16,-28],[3,-133],[11,-32],[42,9],[75,156],[7,68],[-15,39],[12,33],[48,-17],[8,-25],[50,-40],[12,-27],[-18,-53],[29,-31],[-4,-45],[29,-15],[68,-148],[34,8],[14,84],[-23,103],[18,53],[-28,44],[33,58],[76,24],[52,-16],[-10,-95],[-24,-40],[9,-21],[46,-6],[87,59],[-19,65],[64,-3],[78,36],[96,-36],[-10,-55],[18,-34],[47,-27],[18,13],[-23,52],[64,-6],[57,-25],[30,-72],[-38,-52],[-37,20],[-28,-15],[-9,-59],[75,42],[31,2],[49,51],[57,-4],[-26,-64],[5,-86],[-30,-39],[16,-84],[25,58],[-15,24],[22,48],[32,36],[12,60],[28,-2],[58,45],[38,1],[53,-92],[-48,-23],[44,-43],[-18,-72],[52,-44],[-17,-75],[25,27],[25,65],[-6,90],[35,-20],[29,41],[91,47],[46,-8],[15,-61],[-12,-72],[-48,-44],[68,-28],[-10,-47],[54,-106],[-24,-33],[-34,-5],[49,-39],[35,10],[30,71],[-4,67],[64,51],[6,74],[52,71],[45,12],[39,-36],[-10,-47],[6,-55],[-18,-68],[2,-81],[46,46],[10,-101],[71,85],[25,-11],[18,52],[47,-29],[29,-190],[28,15],[-15,83],[20,94],[44,13],[33,-71],[27,12],[-21,68],[65,69],[53,-56],[36,-5],[38,-77],[-38,-47],[-21,-69],[-51,-13],[47,-52],[-6,-39],[-33,-36],[-95,-37],[29,-31],[60,-3],[118,46],[10,-50],[27,-17],[74,113],[-7,63],[23,10],[20,-194],[26,54],[32,31],[-32,38],[54,118],[27,25],[38,2],[42,-58],[44,83],[56,10],[20,-35],[-13,-51],[-41,-35],[-31,23],[-41,-41],[-12,-39],[18,-37],[-22,-34],[-42,-20],[65,-32],[-2,-61],[-54,1],[34,-60],[27,-4],[83,25],[35,-17],[-1,-51],[-21,-31],[29,-26],[3,103],[-37,41],[13,25],[71,22],[-8,-77],[40,-92],[9,69],[38,68],[20,8],[30,-54],[3,-77],[-33,-44],[8,-28],[27,12],[35,74],[8,66],[113,55],[-37,24],[37,43],[21,122],[99,23],[42,52],[29,-7],[25,-37],[-5,-77],[-56,10],[18,-90],[-42,-25],[-9,-37],[25,-78],[8,-81],[-56,-49],[-84,-132],[19,-70],[61,140],[90,71],[19,45],[1,80],[32,61],[46,-27],[-4,-119],[-41,-55],[-34,-99],[25,-8],[24,76],[34,10],[37,54],[101,42],[17,48],[42,6],[2,-37],[-58,-47],[-15,-49],[64,-104],[-56,-97],[-18,-100],[-16,-19]],[[67015,83459],[-50,-13],[-43,-42],[14,-52],[-46,-76],[22,-68],[47,-13],[4,-60],[58,-8],[-28,-78],[-28,-28],[-23,-61],[-44,-63],[29,-47],[-83,-79],[22,-62],[46,-45],[19,-178],[-53,-36],[20,-32],[-40,-35],[3,-91],[13,-47],[-35,-56],[-85,-14],[-8,-38],[-32,-26],[-61,24],[-52,-23],[-65,11],[-45,-14],[-33,-82],[3,-65],[17,-47],[35,23],[27,-9],[84,8],[49,-19],[34,-35],[12,-73],[-71,-80],[32,-27],[16,-81],[-40,-139],[-41,-85],[1,-49],[-28,-65],[-36,-35],[-9,-51],[19,-36],[-11,-72],[-62,-57],[40,-26],[-126,-91],[-29,-74],[-61,-25],[-22,-45],[-49,-7],[-36,50],[-53,-21],[36,-54],[-13,-75],[-25,-22],[0,-76],[-81,-82],[20,-61],[68,61],[42,-33],[-77,-104],[5,-149],[18,-61],[-16,-56],[43,-37],[-122,-33],[-61,24],[-27,-53],[30,-18],[-50,-68],[9,-66],[-86,-18],[-37,-20],[-47,7],[-25,-21],[-24,-72],[-28,68],[-39,-13],[0,-61],[-31,-12],[-6,-34],[-68,-18],[-17,-31],[4,-72],[26,-13],[14,-47],[37,5],[9,-32],[-13,-69],[32,-30],[28,13],[50,-49],[5,-70],[-63,44],[7,-68],[-19,-10],[-44,22],[3,-59],[-29,-27],[-53,24],[-30,-23],[43,-51],[-3,-32],[22,-38],[-33,-12],[1,-47],[44,-20],[-12,-90],[-55,-60],[-17,-87],[10,-32],[-39,-65],[-38,-15],[2,-57],[-27,-15],[-80,21],[9,-38],[32,-14],[11,-53],[-48,-4],[0,-46],[-64,-50],[-19,-41],[-8,-67],[-33,13],[-28,-14],[6,-57],[-14,-39],[-45,-34],[-35,-72],[-22,17],[-19,-59],[-23,12],[-29,-29],[-27,2],[-61,-41],[-55,-83],[-31,-28],[18,-30],[-35,-19],[14,-141],[-49,12],[0,-44],[-36,-16],[30,-46],[-16,-29],[-71,-21],[-34,-72],[-46,4],[4,-65],[14,-35],[-42,-44],[-25,-74],[47,-65],[-39,-23],[15,-72],[-40,-54],[15,-47],[-25,-40],[10,-25],[-11,-61],[-23,-11],[-5,-41],[-32,-22],[11,-35],[-12,-43],[-34,-17],[-14,-36],[-68,-12],[-53,-83],[-34,-18],[-5,-50],[-25,-5],[-2,-50],[-41,-21],[-18,-41],[-33,-22],[-40,5],[-22,-46],[-90,-53],[-32,-49],[-32,-13],[-27,30],[-31,-107],[-43,-50],[7,-52],[-14,-35],[17,-93],[-56,-5],[-4,-68],[-33,-37],[16,-63],[-41,-13],[-35,-47],[-64,-44],[-30,-1],[-19,-32],[-59,-37],[-41,-165],[-34,-40],[-15,-53],[-68,-91],[-74,-72],[-33,-97],[-90,-113],[-38,-14],[-123,-107],[-85,17],[-23,-8],[-69,42],[-41,-6],[-46,22],[-37,-30],[-28,-45],[-513,-413],[-416,-335],[-504,-413],[-80,-60],[-787,-637]],[[60356,72878],[13,-48],[41,-21],[28,4],[168,-33],[50,-67],[78,-34],[355,63],[31,-41],[160,-15],[38,-26],[25,-51],[6,-53],[61,-83],[-33,-15],[70,-93],[154,-49],[44,-25],[128,-110],[44,-58],[1,-70],[-86,-149],[-107,-39],[-134,8],[-44,-64],[-18,-103],[18,-120],[30,-63],[104,-139],[11,-35],[-6,-50],[-50,-36],[-139,-38],[-61,-72],[-3,-82],[73,-28],[41,-53],[9,-41],[-23,-58],[-79,-73],[-99,-36],[-62,3],[-41,-17],[-66,-76],[-4,-47],[53,-209],[-12,-44],[85,-81],[13,-48],[-28,-86],[-84,58],[-61,20],[-141,-2],[-85,-122],[-177,-134],[-46,-88],[-36,-54],[-1,-39],[-28,-40],[-17,-74],[27,-116],[0,-72],[-13,-35],[-47,-52],[-52,-26],[-94,-21],[-79,-98],[-109,-52],[-28,-7],[-61,16],[-139,-17],[-132,-58],[-132,-9],[-61,-82],[-96,-69],[-78,-69],[-85,-47],[-51,-10],[-30,-38],[-62,-45],[-20,-94],[54,-207],[-5,-233],[22,-221],[-6,-53],[-49,-84],[-59,-142],[-90,-116],[-273,-332],[-17,-123],[5,-67],[124,-286],[74,-50],[133,-118],[44,-55],[53,-42],[90,-38],[25,-55],[-36,-53],[-6,-44],[6,-187],[-17,-87],[-30,-58],[14,-84],[-5,-137],[-55,-67],[-21,-91],[8,-46],[-15,-92],[-97,-207],[-76,-297],[-37,-57],[-134,-67],[-67,-96],[-36,-89],[-21,-150],[-26,-85],[-106,-91],[-69,-151],[-20,-48],[-130,-179],[-45,-92],[-74,-110],[-220,-41],[-110,-112],[-36,-15],[-62,-84],[-56,-106],[-118,-123],[-21,-82],[-29,-59],[-11,-41],[-72,-121],[-32,-25],[5,-53],[-86,-69],[-55,-78],[-66,-7],[-28,-91],[-78,-52],[-32,-61],[-12,-69],[5,-88],[-31,-73],[-59,-79],[-38,-114],[9,-66],[-16,-21],[32,-46],[10,-52],[-43,-69],[-1,-57],[-48,-69],[-28,-17],[-3,-71],[-25,-52],[-3,-55],[-25,-44],[-88,-120],[-46,-190],[-20,-24]],[[56668,61218],[-1463,125],[-1093,85],[-2253,190],[-864,72],[-1216,101],[-1079,93],[-1229,103],[-1202,92],[-4893,406],[-87,-15],[-62,-59],[-39,-26],[-43,40],[-18,193],[-14,2],[-45,127],[-40,55],[-57,14],[-39,24],[-45,-22],[-140,23],[-33,19],[-103,-30],[-65,37],[-40,58],[-50,39],[18,62],[-20,55],[45,59],[5,44],[-58,50],[8,38],[-58,46],[-26,76],[-104,58],[-158,191],[-100,37],[-96,-26],[-47,14],[-29,63],[-159,14],[-85,69],[15,78],[-8,71],[-27,33],[-86,-5],[-51,39],[-109,54],[-75,-35],[-66,7],[-27,44],[17,89],[-30,116],[-47,62],[5,125],[-64,37],[-5,60],[28,34],[10,57],[-60,48],[17,77],[-73,98],[-13,43],[43,127],[-29,98],[2,39],[33,54],[3,69],[44,99],[3,45],[-60,97],[-89,20],[-26,26],[-33,166],[-116,108],[-62,118],[-66,88],[-18,238],[-18,60],[-77,148],[-61,329],[-37,42],[-64,14],[-15,132],[-68,176],[-72,120],[-80,87],[-65,153],[-138,108],[-44,-9]],[[37833,67698],[-26,33],[-60,98],[-8,89],[15,105],[-26,110],[-77,141],[-32,26],[-56,91],[-55,24],[-48,46],[-116,194],[-48,38],[-60,2],[-34,52],[-98,106],[-118,330],[5,214],[30,77],[42,50],[47,92],[184,144],[41,77],[11,85],[16,14],[65,4],[49,34],[24,33],[1577,3844],[1484,3500],[99,250],[247,596],[100,235],[636,1512],[235,529],[-56,18],[-30,23],[-66,22],[-3,22],[113,174],[9,82],[59,118],[62,51],[139,45],[105,56],[145,99],[83,98],[161,252],[10,55],[-113,-33],[-102,-10],[-25,-36],[-76,1],[-67,-84],[-100,-33],[-6,-47],[-21,-5],[-20,-50],[-65,-24],[-59,31],[-18,-4],[-94,-97],[-74,56],[-41,-10],[-41,-33],[-102,82],[-18,-3],[-103,-93],[-27,-12],[-42,11],[-36,-91],[-55,16],[-85,-24],[-78,28],[-13,45],[-49,18],[-81,6],[-19,22],[-3,64],[39,76],[49,51],[27,85],[-13,72],[-31,36],[-68,21],[-63,-33],[-139,1],[-22,11],[-43,60],[-51,41],[-65,30],[-71,10],[-88,136],[-93,-22],[-26,9],[-47,120],[-30,31],[-14,54],[32,41],[-47,37],[-15,49],[-31,18],[-43,-44],[-34,71],[-48,4],[-56,32],[24,54],[-42,-4],[-54,16],[-7,33],[-65,-39],[-35,13],[3,42],[-25,20],[-26,-53],[-24,18],[-57,-5],[-18,-49],[-56,36],[-58,-45],[-52,49],[-48,-24],[11,72],[-59,56],[-37,-49],[-31,9],[3,56],[-89,-31],[-18,35],[-61,59],[-53,-31],[8,68],[-34,7],[-35,47],[-80,23],[-10,41],[-31,25],[-21,-33],[-104,-16],[-8,20],[-52,-36],[-38,46],[-46,104],[-3,81],[-41,-15],[-37,21],[-95,-18],[0,51],[-33,6],[-31,39],[-8,46],[-28,32],[-55,26],[-82,15],[-35,-28],[-59,35],[19,25],[-67,30],[-55,-10],[11,48],[-53,20],[15,41],[-33,7],[-30,30],[-12,37],[24,44],[0,54],[37,154],[25,24],[-4,44],[-33,33],[19,51],[-21,48],[-69,22],[-21,42],[14,26],[-20,33],[-60,6],[-96,-61],[1,-54],[-30,-33],[-72,-12],[12,-56],[-21,-10],[-84,-103],[-46,60],[-33,16],[-52,87],[-69,22],[-28,61],[-47,-17],[-121,-13],[9,23],[-41,27],[-20,38],[-42,8],[-19,101],[-50,39],[-10,27],[-46,-12],[-46,43],[25,44],[-10,48],[31,27],[-11,36],[-90,104],[-6,71],[41,39],[-57,49],[-70,10],[-34,59],[-48,21],[-99,58],[-2,20],[-73,58],[-5,22],[-52,24],[-53,93],[-72,14],[-49,65],[-53,21],[-12,78],[-56,53],[11,50],[-13,79],[6,38],[45,40],[-1,66],[-62,127],[23,75],[-47,63],[-54,21],[-40,49],[-88,24],[-71,36],[-50,40],[-20,34],[-3,102],[22,78],[-16,11],[-19,81],[-6,84],[42,92],[-10,59],[5,154],[-20,34],[-36,13],[-2,64],[-21,59],[-13,703]],[[66223,84020],[10,50],[79,86],[14,-27],[-40,-70],[-63,-39]],[[66525,83978],[-37,41],[7,55],[-21,35],[49,30],[-7,-107],[28,-27],[-19,-27]],[[67122,83689],[-57,95],[22,27],[49,-96],[-14,-26]],[[37833,67698],[-86,-101],[-92,-169],[1,-91],[-22,-80],[10,-68],[41,-121],[2,-63],[-89,-87],[-28,-61],[-68,-78],[-7,-110],[-22,-61],[-94,-87],[-90,-46],[-30,-60],[25,-53],[5,-111],[45,-95],[57,-64],[26,-147],[81,-141],[-7,-87],[5,-59],[-65,-51],[-11,-40],[24,-102],[-21,-60],[6,-104],[-18,-37],[30,-53],[-5,-62],[-70,-44],[-12,-122],[-52,-95],[-31,-29],[-21,-64],[-16,-9],[-27,-64],[5,-64],[27,-60],[-13,-81],[50,-63],[-109,-285],[61,-44],[67,39],[77,13],[55,-27],[5,-20],[-67,-47],[-95,-114],[-48,-34],[-34,8],[-30,-26],[-1628,-39],[-3074,-50],[-2765,-80]],[[29691,63748],[-55,9],[-58,108],[5,63],[-58,38],[-55,21],[-76,-9],[-20,51],[-67,-21],[5,-38],[-20,-37],[-60,-66],[-75,-1],[-53,38],[-37,-40],[4,-83],[-29,-26],[-11,-39],[11,-38],[-16,-35],[11,-56],[-46,-26],[-56,-3],[-6,-30],[-57,-18],[-117,16],[-14,-15],[-31,98],[-17,28],[-42,15],[-25,62],[-103,0],[-55,-29],[-65,17],[-76,160],[13,56],[-56,59],[15,42],[-41,55],[-46,34],[11,20],[45,1],[4,23],[-35,97],[-35,-12],[-61,9],[-34,25],[-62,11],[-57,-55],[-2,-25],[38,-61],[-24,-26],[-112,74],[-16,37],[36,83],[-21,45],[-10,77],[-40,12],[-30,46],[5,40],[-16,84],[19,103],[-13,41],[-46,34],[-115,10],[-82,82],[-31,-16],[-18,-36],[-33,-19],[-41,-50],[-76,109],[-35,150],[-17,-9],[-39,39],[-35,-2],[-26,32],[-96,56],[-26,97],[-57,48],[-6,39],[27,54],[-50,135],[-50,31],[-76,89],[-103,46],[-56,1],[-57,79],[-21,-2],[-61,48],[-1512,-54],[-287,8],[-9,-123],[12,-35],[-104,-140],[13,-50],[-16,-55],[-53,-97],[-86,-60],[-38,-50],[-3,-24],[65,-107],[-55,-56],[-60,-134],[-41,-34],[-84,67],[-109,41],[-57,-36],[-35,-71],[-50,8],[-29,-18],[2,-148],[-74,-60],[-1,-27],[82,-36],[9,-45],[-75,-71],[8,-54],[67,-69],[-3,-63],[55,-20],[-2,-43],[-48,-91],[-48,34],[-18,35],[-32,-10],[-9,-83],[-32,-24],[1,-41],[-32,-50],[7,-19],[-43,-69],[20,-57],[-94,9],[-64,-49],[-72,28],[-41,-70],[-1,-88],[39,-73],[-14,-41],[-51,-61],[25,-78],[-5,-63],[25,-146],[-14,-15],[-61,-7],[-135,-88],[-76,7],[-109,-25],[-37,42],[35,120],[-33,14],[-133,-52],[-155,-85],[-207,-7],[-106,-36],[-20,-56],[-54,-21],[-74,23],[-70,-24],[-30,54],[-38,13],[-34,-16],[-38,-51],[-72,-24],[-57,80],[-78,4],[-126,-73],[-38,-46],[-15,-38],[-55,-1],[7,-82],[-38,-121],[-15,-12],[4,-62],[14,-15],[39,-171],[-29,-55],[-6,-40],[-40,-42],[-20,-57],[-55,0],[-33,-34],[-2,-35],[-25,-30],[18,-38],[-38,-8],[-40,-37],[10,-39],[-40,-74],[-57,1],[-34,-23],[10,-41],[-58,-23],[-68,-39],[-84,49],[-23,29],[28,79],[-54,24],[15,81],[-52,89],[-10,80],[-85,52],[-87,-36],[-37,-46],[-98,-63],[-19,-36],[-62,-6],[-37,-42],[-57,50],[-56,18],[-15,-89],[6,-65],[-21,-81],[33,-48],[31,-100],[-57,-33],[-28,28],[-20,-36],[-63,4],[-10,58],[-38,1],[-81,60],[-98,18],[-105,-56],[-18,-37],[-70,-14],[2,-128],[-35,-20],[-60,-138],[-15,-11],[-49,23],[-13,-41],[-34,8],[-14,-30],[-54,-25],[-14,38],[-31,20],[-20,83],[-54,-8],[2,42],[-33,13],[-51,59],[-76,6],[-49,92],[-48,28],[-47,58],[-38,-1],[-39,21],[-95,1],[-40,-44],[-153,18],[-71,-34],[-44,-38],[-74,18],[-92,-13],[-40,46],[-73,-7],[17,-51],[-55,-15],[-29,43],[-53,-21],[-29,26],[-49,-28],[-83,47],[-13,-40],[46,-38],[16,-47],[0,-117],[-71,-70],[-34,-77],[-127,-129],[-10,-84],[-85,-30],[-33,-40],[-81,-44],[-55,20],[-33,-44],[-141,-95],[-14,-51],[-77,-62],[-78,-15],[-40,17],[-8,-101],[-59,-63]],[[17391,60613],[-92,38],[-701,289],[-462,185],[-2077,835],[-1337,540],[-640,297],[-1069,543],[-283,146],[-516,267],[-1495,761],[-497,85],[-1604,277],[-628,114],[-23,25],[-1186,186],[-417,83],[-1174,209],[-517,214],[-2148,851]],[[525,66558],[-149,72],[139,184],[24,61],[-32,59],[-3,44],[-45,102],[25,86],[45,57],[25,131],[39,17],[19,44],[33,33],[50,119],[133,108],[58,14],[20,39],[77,82],[136,41],[49,42],[57,28],[75,24],[0,46],[56,63],[126,9],[49,28],[80,9],[56,55],[24,-32],[28,36],[2,53],[37,14],[-6,32],[26,27],[33,-15],[45,73],[-4,37],[46,92],[-15,46],[29,59],[-22,38],[-40,17],[-34,78],[-19,89],[-25,8],[-18,113],[-50,41],[-33,43],[-54,43],[-11,112],[-77,82],[-8,104],[35,52],[6,33],[-21,106],[45,36],[16,40],[50,19],[-15,37],[26,58],[-19,62],[13,42],[29,38],[-7,42],[41,80],[86,31],[-10,65],[55,22],[65,90],[45,108],[51,28],[-4,20],[53,48],[29,56],[-17,64],[9,19],[57,24],[-17,64],[-18,13],[14,81],[35,26],[-20,34],[7,80],[-31,108],[12,17],[-1,69],[57,140],[16,81],[25,45],[20,77],[63,103],[10,68],[-21,51],[17,36],[-20,103],[-44,83],[46,32],[19,33],[32,-14],[64,34],[-1,75],[40,-11],[37,9],[18,37],[34,4],[13,41],[36,-20],[5,51],[65,55],[39,-28],[32,27],[63,-18],[54,34],[42,42],[4,109],[87,42],[49,64],[47,4],[11,56],[40,-11],[68,38],[44,13],[-30,56],[32,22],[37,-34],[49,35],[15,34],[63,38],[-2,106],[17,11],[8,53],[57,7],[56,28],[-11,40],[46,-2],[20,20],[55,-16],[16,-30],[37,82],[20,-39],[71,38],[3,29],[160,103],[46,-1],[114,122],[-14,16],[44,54],[42,7],[16,39],[-7,36],[84,-42],[10,41],[39,4],[16,46],[75,14],[17,74],[30,39],[-12,45],[59,7],[39,29],[4,46],[37,-25],[26,37],[131,67],[57,12],[13,-44],[48,28],[57,-5],[35,-32],[26,-1],[32,31],[47,-17],[41,7],[63,48],[9,-40],[-22,-33],[69,-35],[85,76],[32,70],[31,-6],[8,44],[38,0],[49,-44],[18,22],[-32,32],[20,43],[90,32],[26,-30],[30,3],[18,-39],[31,4],[47,90],[18,13],[46,-17],[38,23],[23,-42],[61,4],[-13,59],[32,12],[32,-49],[31,-12],[45,40],[-17,81],[4,28],[44,-10],[53,13],[27,22],[38,-21],[-15,-31],[22,-65],[29,31],[6,58],[59,-2],[15,32],[39,-7],[52,-58],[19,25],[-7,44],[24,19],[51,-3],[3,-43],[49,29],[39,-35],[44,45],[68,5],[16,40],[95,-20],[27,43],[51,28],[13,55],[21,24],[47,8],[-3,78],[70,41],[-50,70],[86,6],[28,49],[-26,32],[9,42],[30,19],[9,35],[41,-5],[35,53],[40,20],[73,-59],[71,-6],[50,-26],[29,140],[27,52],[72,-7],[-31,-92],[2,-34],[35,-32],[141,70],[43,52],[-9,33],[69,-10],[31,-52],[-26,-73],[45,-13],[16,81],[17,13],[37,-38],[28,39],[56,15],[-25,42],[16,21],[50,-13],[105,2],[39,-69],[52,-42],[19,23],[-1,58],[81,-21],[17,-26],[-3,-62],[29,-85],[-65,-47],[-6,-24],[67,-55],[8,-33],[73,50],[-1,-48],[-21,-43],[80,-24],[62,-9],[12,-85],[46,-9],[18,49],[61,34],[-1,26],[-40,26],[20,80],[54,-6],[18,-14],[37,30],[39,-33],[38,15],[10,-86],[72,-20],[18,-45],[27,-6],[49,51],[72,29],[37,72],[17,90],[4,102],[37,30],[162,1385],[374,3251],[267,2362],[-15,97],[49,95],[-9,103],[14,79],[70,47],[-2,43],[-26,50],[-11,134],[-38,61],[-18,61],[36,121],[-2,75],[35,36],[1,54],[-74,99],[-10,26],[7,61],[-48,31],[51,66],[-3,30],[-48,12],[-22,-11],[-36,34],[-1,44],[-98,58],[-15,23],[-49,26],[5,92],[-40,60],[-24,1],[-65,45],[32,51],[-39,54],[-96,74],[4,22],[-35,74],[44,29],[2,39],[39,60],[5,45],[40,72],[-24,34],[-37,6],[-18,41],[-26,15],[25,85],[-36,56],[-21,11],[6,69],[-57,35],[-30,38],[-221,82],[-25,40],[-85,71],[-120,42],[-57,87],[-42,-9],[-53,7],[-21,-13],[-78,40],[-38,63],[-28,10],[-109,122],[-19,42],[-155,114],[-5,73],[35,89],[-38,492],[-60,1254],[42,0],[29,-46],[50,25],[7,34],[48,28],[14,-24],[59,-14],[40,30],[24,53],[48,-2],[21,-20],[65,16],[70,31],[46,-16],[10,-26],[55,63],[52,28],[32,45],[26,-18],[36,8],[14,68],[63,30],[28,46],[79,-21],[36,-60],[69,-14],[29,26],[6,52],[58,38],[-1,30],[80,3],[-5,42],[37,36],[22,-1],[29,41],[39,22],[47,-14],[10,-33],[54,-12],[4,-39],[69,-46],[4,-35],[103,-80],[26,-39],[41,43],[73,29],[22,32],[42,-73],[4,-45],[48,19],[66,-12],[64,23],[42,109],[30,13],[89,-23],[73,17],[-79,130],[-90,51],[-21,63],[34,37],[50,9],[16,46],[-20,67],[-38,46],[-3,59],[59,5],[12,64],[-92,60],[-32,-2],[-18,76],[65,38],[-26,34],[-82,27],[-37,30],[40,40],[-7,26],[-154,130],[-60,-9],[-42,20],[-40,61],[-67,-10],[-30,-15],[-46,15],[-14,-33],[-71,-81],[-47,10],[-8,58],[-139,11],[-68,-25],[-111,-4],[-53,17],[-50,39],[-58,-29],[-45,-2],[-53,-23],[-31,-30],[-54,11],[-16,112],[-49,-30],[-24,11],[-62,-23],[-69,-62],[-14,-44],[-69,-8],[-37,32],[-82,1617],[40,-9],[13,-28],[66,17],[62,40],[65,55],[101,4],[43,11],[5,-28],[59,6],[29,19],[188,97],[35,39],[186,-70],[68,15],[62,-15],[106,-63],[508,39],[2520,136],[-9,46],[-49,7],[22,44],[-47,34],[-37,2],[-42,-36],[-40,-4],[-23,56],[23,90],[-81,-11],[4,85],[23,48],[19,123],[81,93],[24,0],[38,47],[40,18],[20,-17],[43,20],[47,-46],[23,-53],[29,-19],[42,-87],[109,2],[181,-161],[80,-1],[25,12],[18,45],[37,38],[-18,79],[74,17],[54,47],[57,67],[7,31],[33,26],[89,168],[24,23],[47,4],[133,-36],[65,-5],[125,16],[31,31],[45,130],[68,56],[13,92],[68,76],[178,105],[21,65],[18,22],[50,16],[53,-5],[62,-31],[55,-61],[29,-271],[19,-50],[15,-123],[113,-353],[23,-32],[86,-40],[172,6],[44,-19],[87,-123],[24,-78],[49,-87],[0,-130],[36,-58],[14,-50],[22,-352],[22,-145],[-27,-301],[14,-238],[14,-71],[-9,-94],[563,190],[1376,-1148],[283,80],[35,-5],[14,-29],[49,-26],[7,-25],[70,8],[42,41],[65,-8],[29,25],[-6,27],[17,67],[35,-5],[44,27],[52,-28],[129,30],[-2,26],[43,86],[30,27],[-10,49],[26,25],[61,-17],[46,48],[17,53],[28,24],[74,27],[37,32],[55,8],[33,27],[31,1],[14,44],[25,5],[26,45],[67,-3],[41,19],[43,-37],[21,35],[40,26],[71,-55],[-8,52],[42,14],[9,-24],[52,13],[35,-59],[36,-22],[40,1],[29,-49],[-13,-21],[72,-80],[-6,-77],[33,-108],[-51,-8],[-21,-91],[-20,-22],[-20,-57],[-19,6],[-41,-35],[-4,-51],[-36,-61],[38,-23],[34,-91],[27,-43],[33,-23],[23,50],[73,14],[13,16],[104,23],[69,61],[3,62],[57,48],[-10,80],[8,23],[-43,63],[37,16],[13,59],[36,15],[7,39],[52,24],[-12,29],[31,24],[32,99],[18,-9],[46,38],[62,-7],[21,-28],[71,-12],[78,23],[5,-56],[60,43],[41,73],[5,72],[33,80],[-49,3],[28,116],[4,131],[-13,44],[79,29],[7,29],[38,28],[38,-25],[41,20],[27,-39],[-11,-48],[109,-6],[122,154],[22,43],[-25,69],[43,39],[43,-50],[39,28],[28,52],[38,18],[13,-41],[43,25],[37,59],[-22,14],[87,70],[34,50],[19,-9],[37,-62],[-10,-42],[34,-27],[43,-68],[43,-12],[42,25],[35,43],[27,104],[43,-17],[60,22],[60,76],[56,42],[51,6],[35,44],[-19,54],[69,108],[55,26],[21,30],[52,15],[57,67],[55,33],[38,-20],[33,36],[64,108],[114,-17],[8,-41],[-19,-47],[-52,-54],[5,-39],[-47,-63],[10,-16],[-14,-59],[16,-16],[85,7],[41,-12],[40,46],[-3,87],[56,84],[84,45],[13,40],[34,22],[79,4],[49,44],[1,45],[62,88],[58,18],[44,-10],[34,31],[10,46],[29,26],[17,60],[29,33],[23,60],[7,65],[-28,61],[16,36],[-34,48],[36,79],[15,92],[-3,39],[-39,28],[21,78],[-5,122],[104,56],[2,19],[54,56],[49,31],[91,-2],[40,-14],[59,26],[27,-25],[84,-6],[21,-36],[40,12],[12,58],[97,-20],[59,59],[49,-9],[3,42],[86,80],[37,-36],[-8,-22],[60,-14],[17,43],[-6,81],[59,12],[46,71],[58,62],[62,14],[17,20],[83,-7],[48,-36],[42,7],[41,29],[21,38],[57,-38],[56,17],[57,42],[19,92],[-17,42],[58,34],[-20,52]],[[67015,83459],[17,-13],[41,29],[11,80],[72,90],[69,99],[9,45],[52,-21],[0,37],[26,36],[59,-4],[-16,-39],[27,-53],[-36,-65],[43,0],[-2,-56],[28,-27],[-29,-144],[48,-15],[1,45],[124,210],[-1,21],[42,53],[-8,29],[61,22],[35,-72],[-57,-96],[3,-30],[-70,-16],[-80,-111],[24,4],[78,83],[25,-19],[3,-42],[-27,-64],[15,-21],[-73,-45],[5,-21],[61,12],[35,28],[15,-42],[-82,-93],[67,12],[39,83],[10,80],[45,72],[47,11],[16,-24],[-29,-45],[-10,-39],[20,-49],[-59,-87],[-2,-29],[39,44],[39,1],[42,73],[11,71],[29,-13],[33,64],[-4,35],[37,24],[-17,37],[111,11],[30,-45],[-93,-98],[-36,-81],[27,-40],[31,-73],[25,-24],[-19,-99],[29,-25],[-10,-50],[33,-24],[-62,-25],[15,-34],[58,4],[69,-17],[39,13],[39,72],[-13,69],[21,95],[82,41],[5,-46],[-18,-67],[54,41],[27,-72],[37,26],[6,-65],[51,42],[2,-55],[-10,-71],[11,-41],[-25,-56],[19,-17],[43,88],[34,7],[31,48],[-9,59],[72,29],[-9,41],[85,15],[15,-58],[-13,-72],[-33,-32],[-60,-31],[-20,13],[-32,-25],[-32,-165],[12,-49],[-44,-55],[23,-31],[76,-37],[-20,64],[77,133],[31,14],[31,-13],[74,77],[2,70],[39,26],[23,61],[-28,17],[43,40],[51,-18],[51,-84],[-21,-35],[31,-23],[0,-121],[-40,-64],[-79,-12],[-90,-55],[74,1],[53,-35],[14,17],[51,-45],[-46,-117],[7,-35],[-42,-38],[-22,-47],[4,-82],[-42,-126],[-30,-110],[18,-49],[73,-61],[141,45],[-3,85],[124,56],[1,47],[-43,36],[-4,45],[-27,62],[13,66],[36,74],[79,56],[104,88],[27,66],[38,-56],[-1,-48],[30,-31],[-13,142],[65,114],[-18,79],[21,53],[25,-22],[-29,-144],[17,-74],[-10,-49],[42,-17],[39,36],[-26,75],[41,-7],[-10,-110],[29,4],[33,-31],[50,0],[41,20],[42,-53],[-1,-30],[-64,-27],[8,-27],[60,3],[48,41],[-1,77],[38,35],[21,-29],[33,-2],[75,86],[52,45],[78,29],[31,-19],[-21,-52],[4,-111],[-37,6],[-56,-19],[-32,-103],[-44,-17],[-19,-81],[16,-29],[0,-67],[91,38],[30,-72],[55,89],[20,55],[49,-39],[-4,-44],[27,-33],[15,78],[65,18],[-18,-82],[33,-19],[-19,-31],[17,-55],[25,-24],[-33,-49],[-34,8],[-5,-37],[-42,-31],[31,-46],[41,39],[22,-37],[70,-19],[46,20],[-25,-94],[-52,-32],[-74,-74],[110,36],[14,-54],[51,-35],[26,31],[40,3],[47,91],[-10,48],[15,26],[59,18],[66,-45],[-27,-14],[-73,-85],[-5,-25],[26,-65],[-15,-37],[33,25],[54,-79],[47,-31],[93,86],[25,-30],[-42,-80],[-82,-36],[26,-45],[101,40],[19,-4],[63,-167],[-5,-34],[7,-109],[-30,-11],[44,-39],[8,-48],[-64,-31],[-4,-121],[-1,-106],[28,11],[66,-22],[63,-61],[6,-42],[83,-80],[10,-80],[76,-215],[1,-33],[-36,-34],[-3,-70],[-40,-71],[-33,-18],[-33,8],[100,-121],[98,-112],[42,6],[39,30],[73,-2],[94,14],[30,17],[100,28],[65,31],[27,42],[87,41],[25,-6],[60,23],[92,-13],[15,-110],[-63,16],[-115,-20],[5,-13],[83,-7],[-9,-56],[14,42],[377,-11],[26,78],[98,121],[66,61],[104,51],[68,162],[62,92],[72,60],[54,14],[105,-20],[102,6],[77,-36],[64,-85],[54,-135],[38,-30],[22,-97],[36,-20],[53,57],[66,16],[80,-6],[42,17],[17,-30],[54,-11],[64,6],[95,-26],[202,-82],[351,-188],[83,-33],[281,-146],[251,-151],[109,-16],[62,-68],[56,-5],[-27,88],[138,-166],[126,-111],[128,-77],[98,15],[58,-86],[20,26],[117,-33],[100,-7],[12,-22],[85,-76],[168,-21],[45,-51],[1,-62],[43,-38],[37,19],[52,115],[-58,41],[-72,14],[-19,81],[15,28],[62,58],[11,-62],[29,-11],[4,46],[130,-36],[112,0],[70,14],[57,-20],[4,-25],[67,-113],[40,34],[17,43],[76,-24],[52,11],[93,-14],[49,9],[85,-20],[74,0],[35,-46]],[[77342,79083],[-28,-43],[-61,-42],[7,-132],[-46,-17],[1,-77],[-12,-31],[36,-80],[103,-98],[20,-63],[-46,-52],[-29,-101],[-22,-21],[-71,-33],[-20,-33],[-57,-79],[-60,-20],[-22,-24],[-3,-71],[-40,-65],[-1,-62],[-61,25],[-27,-87],[-41,-42],[-50,-40],[-56,4],[-217,-44],[-1,-49],[57,-15],[4,-45],[-55,-20],[-20,-66],[2,-27],[-46,-17],[-26,-70],[-84,-9],[-22,-18],[-11,-74],[-35,-23],[-31,-6],[-34,24],[-81,-32],[-56,-16],[-67,56],[-107,-48],[-56,20],[-9,-54],[-56,-12],[-6,43],[-31,5],[-41,-59],[-34,-19],[-51,27],[-7,72],[-30,-2],[-19,-73],[-63,-42],[-6,-60],[-88,-118],[-87,-40],[-25,-20],[-11,-55],[-21,-34],[-41,-20],[-88,-104],[-21,-63],[32,-96],[-39,-73],[33,-70],[-42,-36],[-89,-170],[-19,-92],[-39,-49],[-107,-68],[-16,-55],[-20,-45],[-41,25],[-20,-11],[-87,-219],[-47,-75],[-56,-23],[-16,-43],[34,-57],[-93,1],[-43,-30],[-97,-114],[-19,-50],[9,-164],[44,-91],[-3,-52],[0,-67],[28,-26],[49,11],[120,-98],[18,-34],[-16,-84],[64,-50],[-29,-87],[-37,-51],[16,-73],[-11,-34],[-109,-181],[-85,-66],[-18,-34],[15,-39],[58,-51],[-9,-74],[-57,-41],[-4,-75],[56,-72],[62,-51],[9,-42],[-6,-73],[10,-22],[84,-117],[-22,-83],[7,-51],[36,-110],[4,-99],[48,-73],[11,-111],[19,-31],[3,-125],[-74,-105],[35,-104],[-4,-73],[-41,-109],[-90,-43],[-44,-56],[-56,0],[-17,-13],[-45,-105],[-74,-18],[-25,-23],[-13,-80],[-42,-35],[-23,-43],[-9,-49],[-54,-62],[-25,-80],[-65,-10],[-71,-19],[-25,-65],[38,-42],[-19,-84],[25,-139],[-9,-27],[-39,1],[-15,-46],[6,-86],[14,-36],[-14,-68],[44,-91],[-59,-85],[10,-26],[17,-30],[1,-83],[31,-59],[49,-38],[7,-33],[-22,-65],[-47,-32],[-1,-38],[34,-44],[33,-89],[25,-17],[55,-2],[42,-15],[29,-40],[10,-96],[16,-28],[83,-43],[38,-54],[43,-30],[60,-12],[34,-46],[4,-58],[19,-41],[-36,-124],[56,12],[5,-54],[-45,-33],[-14,-76],[-53,-73],[20,-173],[-42,-28],[-7,-26],[36,-20],[-47,-67],[8,-89],[-54,-72],[-30,-93],[7,-36],[-16,-50],[-75,-87],[-72,-33],[-32,-69],[-27,-25],[-62,-16],[-42,5],[-47,34],[-37,5],[-59,-57],[-100,-28],[-76,46],[-87,13],[-71,-6],[-85,-75],[-81,-10],[-89,12],[-36,-53],[-57,6],[-8,-43],[-69,-22],[-60,16],[-25,-17],[-65,31],[-22,55],[-36,42],[-85,35],[-15,71],[-45,32],[-27,-25],[-27,28],[-68,37],[-43,45],[-74,34],[-62,-4],[-122,17],[-33,4],[-37,-31],[-36,37],[-58,-60],[-97,-27],[-78,-54],[-62,19],[-45,-49],[-30,18],[-9,36],[-28,27],[-65,-38],[-109,-4],[-49,-19],[-18,-42],[1,-62],[-44,-31],[-27,47],[-66,-4],[7,-45],[32,-45],[-5,-29],[-33,-4],[-24,46],[-37,-73],[-59,-25],[-25,-37],[-9,-101],[-56,-3],[-24,-94],[-70,-82],[-31,1],[-29,4],[-5,-47],[-43,-67],[8,-81],[-77,-113],[-26,-2],[-37,26],[-81,-31],[-44,6],[-57,-30],[-50,-45],[-87,-26],[-67,-54],[-46,-19],[-25,-58],[-24,-20],[-81,-11],[-27,-59],[-52,-43],[-2,-25],[-60,-85],[-49,-11],[-11,-23],[-41,-13],[-44,-77],[-28,-89],[-56,-6],[-49,34],[-18,63],[-94,-43],[-12,20],[-72,29],[-17,-41],[-63,-24],[-9,-38],[-44,-54],[-75,-4],[-49,-74],[-9,-40],[-77,-10],[-27,-20],[-38,4],[-12,3],[-43,-37],[-28,6],[-76,-44],[-86,30],[-98,-27],[-25,-20],[-46,25],[-44,-38],[-19,-36],[-52,-20],[-36,-45],[-34,50],[-43,-21],[-33,-35],[-55,15],[-23,-20],[-93,-6],[-23,-40],[-70,-63],[-53,15],[-14,-71],[-39,-9],[-3,-35],[-38,-6],[-9,-44],[-49,21],[-32,-50],[-3,-64],[-29,-3],[-15,-33],[12,-53],[-26,-65],[6,-30],[-52,-39],[-1,-55],[-42,-48],[4,-39],[-32,-13],[7,-34],[34,-29],[-54,-33],[46,-32],[-20,-31],[-30,5],[-7,-106],[-55,-89],[9,-47],[-34,-37],[36,-52],[-16,-13],[-4,-54],[-44,-66],[25,-42],[-28,-44],[1,-83],[-68,-62],[5,-49],[-63,-49],[-27,-45],[-40,-17],[-9,-101],[-31,-38],[-4,-41],[-23,-39],[0,-50],[-39,-33],[-7,-54],[-40,-13],[4,-27],[-32,-37],[10,-28],[-35,-53],[4,-67],[-15,-47],[19,-19],[-47,-68],[8,-39],[-41,-79],[-58,-33],[0,-16],[66,-46],[-28,-21],[-51,-7],[-43,-29],[-16,-88],[-42,-123],[-60,-3],[-2,-38],[-63,-25],[-7,-60],[-39,13],[-74,-64],[0,-29],[-56,-61],[35,-30],[0,-27],[-34,-24],[-32,-44],[12,-22],[-36,-27],[4,-46],[-37,-59],[7,-62],[53,-69],[24,-70],[31,-33],[-4,-33],[21,-37],[-10,-38],[24,-38],[13,-53],[-14,-125],[68,-125],[-19,-17],[14,-47],[-11,-52],[14,-15],[-17,-83],[16,-35],[-27,-40],[10,-56],[25,-40],[-4,-25],[72,-45],[35,5],[54,-53],[57,-109],[-8,-48],[30,-59],[-6,-62],[-104,-141],[8,-27],[-33,-38],[8,-103],[27,-18],[-3,-50],[-19,-68],[5,-74],[-19,-42],[36,-114],[-6,-96],[-63,-92],[-13,-68],[-34,-80],[9,-11],[9,-96],[25,-38],[7,-42],[-31,-142],[-26,-33],[-25,-83],[12,-85],[-20,-88],[-23,-19],[-29,-56],[-4,-40],[-35,-16],[-27,-34],[-15,-48],[-34,-12],[-29,-62],[20,-105]],[[66772,59898],[-64,29],[-53,-4],[-25,-23],[-25,51],[-9,149],[-12,18],[-54,-11],[-125,-79],[-78,20],[-70,-15],[-67,81],[-37,35],[-71,-3],[-77,-23],[-94,25],[-35,-27],[-95,42],[-34,128],[-84,105],[-60,14],[-25,77],[2,76],[-46,79],[14,38],[-10,55],[27,41],[-29,35],[8,45],[8,76],[-45,30],[29,29],[-37,25],[8,44],[-44,84],[-71,-32],[-69,8],[-18,31],[26,69],[-17,34],[-45,27],[-86,-2],[-28,22],[-1,63],[-17,61],[97,70],[16,36],[3,57],[37,64],[0,50],[29,4],[103,68],[-90,106],[1,24],[40,39],[-32,41],[-47,-14],[-21,38],[-60,11],[-51,58],[5,44],[37,40],[-25,4],[-53,50],[-72,-16],[-74,5],[-45,-43],[-46,23],[18,65],[-22,41],[-71,72],[-26,85],[-58,-2],[-23,22],[2,41],[63,61],[-23,53],[24,74],[-6,33],[-69,26],[11,57],[-30,57],[-72,18],[-95,34],[14,32],[-11,79],[47,7],[-22,42],[-44,9],[-86,-44],[-31,18],[-43,-18],[-64,35],[-33,-4],[-52,26],[39,35],[1,36],[26,20],[-56,44],[56,8],[30,47],[24,-1],[22,59],[-12,34],[57,18],[24,34],[24,76],[-25,12],[-15,52],[36,28],[43,-21],[45,40],[55,5],[2,46],[37,64],[-2,103],[-29,34],[-1,30],[-30,65],[34,0],[8,46],[66,56],[-4,44],[-63,57],[10,67],[18,36],[9,59],[46,49],[50,19],[7,36],[33,26],[-13,51],[15,39],[-9,64],[45,28],[40,-15],[46,61],[16,157],[23,47],[50,-29],[27,11],[52,-20],[52,76],[51,17],[18,20],[45,8],[69,36],[57,-27],[65,14],[49,-9],[34,11],[27,52],[40,29],[25,47],[2,98],[50,83],[-25,41],[-31,11],[-6,39],[57,132],[8,46],[46,33],[10,48],[-27,38],[6,104],[-22,24],[-8,52],[-66,65],[-73,27],[-29,77],[-99,66],[-64,-5],[-43,-25],[-27,23],[-31,-36],[-57,-4],[-27,18],[-92,-41],[-22,12],[-67,-74],[-55,2],[-81,-35],[-25,22],[-38,-30],[-14,36],[-58,-80],[-51,15],[-15,-27],[-72,-36],[-3,-51],[-21,-34],[-64,-21],[-21,-50],[-109,39],[-35,68],[-6,58],[-84,69],[-8,67],[-25,-11],[-20,97],[-46,-7],[-3,80],[-31,3],[-17,38],[-77,81],[-23,39],[-88,49],[8,59],[-41,100],[-80,76],[-50,-2],[21,40],[9,64],[-69,11],[2,29],[36,27],[-45,70],[-30,16],[-23,40],[-35,-23],[47,-43],[-30,-37],[-40,6],[-12,49],[15,92],[-52,35],[14,46],[-24,17],[-72,17],[34,39],[-5,42],[-81,21],[-44,-18],[0,90],[-40,33],[-14,111],[-59,11],[-50,-16],[-32,-26],[-65,29],[19,43],[33,31],[111,44],[81,50],[29,66],[-9,67],[-40,76],[-93,73],[-143,1],[-67,-88],[-43,-10],[-26,28],[-42,92],[-38,57],[-110,59],[-29,57],[7,72],[50,52],[55,28],[105,-43],[38,20],[42,56],[24,79],[59,84],[19,77],[54,56],[41,16],[45,51],[2,89],[55,100],[5,86],[-29,77],[-23,23],[32,119],[57,101],[-6,92],[11,68],[-12,48],[74,129],[17,50],[-5,64],[23,68],[31,26],[4,59],[42,54],[22,34],[-40,138],[62,159],[6,108],[78,158],[-17,95],[-37,56],[-50,129],[-22,141],[11,98],[6,84],[-44,106],[49,181],[-2,148],[-16,30],[-9,70],[-55,138],[-52,70],[-18,45],[10,65],[49,123],[-28,294],[-29,63],[-122,155],[-58,-6],[-57,13],[-44,16],[-111,101],[-186,113],[-58,7],[-143,-19],[-38,28],[-56,88],[3,117],[-16,73],[-26,25],[-101,52],[-176,23],[-43,-14],[-74,-66],[-73,-22],[-79,26],[-159,16],[-67,33],[-68,55],[-91,34],[-48,32],[-66,8],[-77,73],[-36,15],[-237,-39],[-49,-21],[-79,6],[-25,-11],[-69,-69],[-28,-101],[-1,-52],[-39,-73],[-54,-64],[-58,10],[-50,57],[-67,16],[-48,-36],[-14,-64],[-19,-21],[-44,14],[-59,-2]],[[67737,83555],[-24,53],[18,35],[45,-6],[-4,-51],[-35,-31]],[[67785,83358],[-19,44],[-3,46],[27,16],[24,-47],[-29,-59]],[[68050,83167],[-17,18],[1,52],[69,43],[11,-43],[41,56],[5,172],[20,56],[-2,36],[43,69],[22,-31],[2,-89],[-36,-40],[-29,-54],[-15,-81],[25,-4],[1,-45],[-42,-111],[32,-90],[-36,-62],[-144,-16],[-5,19],[61,17],[-34,42],[40,42],[-13,44]],[[68037,83261],[-32,51],[-6,43],[53,96],[36,-76],[16,-10],[-16,-77],[-51,-27]],[[68264,83291],[44,59],[20,50],[-9,37],[42,-3],[59,-45],[-11,-65],[-87,7],[-58,-40]],[[68355,83180],[23,47],[40,9],[-15,-51],[-48,-5]],[[70003,83087],[-13,-78],[-77,25],[4,64],[-23,0],[-20,69],[69,-2],[63,-48],[-3,-30]],[[69772,83098],[-39,11],[10,32],[33,29],[85,-15],[19,-37],[-30,-25],[-78,5]],[[69817,82943],[22,59],[-50,47],[10,35],[109,8],[1,-60],[48,-20],[-75,-92],[-123,-85],[-30,0],[-56,45],[-14,67],[38,37],[33,-13],[11,-11],[11,31],[38,-35],[-3,31],[-26,10],[17,45],[46,-28],[-7,-71]],[[69715,83042],[26,-10],[5,-31],[-5,-25],[-40,19],[-40,-7],[-23,18],[33,40],[44,-4]],[[69467,82775],[-6,35],[40,78],[31,2],[-58,-81],[-7,-34]],[[68871,82014],[-25,28],[0,39],[46,141],[13,78],[23,67],[47,21],[68,-95],[-38,-49],[-45,16],[-27,-16],[-2,-32],[27,-73],[-21,-33],[18,-49],[-48,-38],[-36,-5]],[[69005,82044],[-45,18],[-15,31],[25,42],[-26,104],[63,-8],[60,60],[17,-12],[21,-99],[-61,-42],[-45,-6],[16,-63],[-10,-25]],[[70225,82509],[-15,19],[54,76],[-25,63],[45,7],[17,-16],[24,-111],[-100,-38]],[[70155,82420],[-32,22],[-17,48],[67,47],[17,52],[62,20],[-63,-86],[18,-60],[-26,-38],[-26,-5]],[[70277,82367],[5,68],[58,43],[22,-37],[-85,-74]],[[70468,82249],[0,-34],[-47,-30],[-100,-9],[-38,34],[-14,40],[49,21],[37,-13],[53,85],[66,70],[42,-86],[29,-104],[-16,-59],[-22,-24],[-39,109]],[[70360,82379],[49,-16],[-46,-47],[1,-32],[-31,-16],[-43,73],[70,38]],[[70281,82261],[12,29],[-33,11],[20,33],[41,-46],[-40,-27]],[[70306,82060],[-25,24],[39,25],[23,-22],[-37,-27]],[[70432,81780],[-50,26],[36,69],[41,-6],[48,15],[-23,-73],[-35,-5],[-17,-26]],[[70611,81745],[2,62],[53,56],[42,-34],[-58,-25],[-2,-52],[-37,-7]],[[70717,81641],[-33,6],[-23,57],[19,55],[60,9],[-6,-71],[-17,-56]],[[70934,80932],[-17,49],[41,11],[-24,-60]],[[77342,79083],[117,-143],[50,-37],[33,5],[104,-111],[61,-46],[-33,-46],[91,-23],[102,-56],[77,17],[55,-30],[62,-9],[73,34],[153,-42],[43,14],[59,-38],[83,-29],[43,13]],[[78515,78556],[-4,-77],[56,-47],[65,-9],[4,-36],[29,-54],[18,-63],[-35,-55],[9,-97],[-158,-141],[-25,-41],[13,-47],[-195,-319]],[[78292,77570],[-71,-110],[-31,-50],[36,-384],[42,-81]],[[78268,76945],[25,-116]],[[78293,76829],[100,-267],[51,-135],[48,-45],[76,-126],[10,-91],[37,-85],[-7,-88],[32,-90],[30,-178],[25,-62],[103,-153],[75,-169],[34,-36],[144,-89]],[[79051,75215],[-1,-46],[-36,-33],[-41,-217]],[[78973,74919],[-26,-93],[-31,-53],[-118,-142],[-125,-104],[7,-66],[-13,-43],[-53,-110],[-56,-75],[-1,-58],[14,-41],[91,-112],[-86,-127],[76,-115],[52,-105],[-3,-120],[-24,-110],[1,-68],[41,-91],[102,-138],[-7,-76],[10,-63],[38,-89],[25,-29],[21,-95],[80,-78],[-55,-183],[-29,-157],[19,-39],[82,-98],[82,-127],[-17,-53],[64,-10]],[[79134,72051],[19,-76],[53,-17],[0,-61],[-24,-12],[-25,-123],[4,-54],[43,-53],[-2,-55],[26,-64],[-4,-57],[-72,-108],[30,-196],[12,-28],[4,-98],[-12,-92],[27,-111],[-3,-59],[31,-72],[13,-91],[-8,-50],[-55,-49],[-28,-99],[9,-20],[58,-11],[24,-21],[20,-110],[36,-96],[24,-29],[-45,-28],[-4,-69],[11,-39],[-16,-60],[22,-50],[31,-27],[41,-104],[57,-59],[11,-40],[-5,-77],[-70,-82],[5,-50],[23,-50],[-14,-219],[16,-36],[57,-63],[56,-138],[-2,-32],[-22,-69],[1,-37],[52,-54],[94,-27],[81,4],[35,-61],[184,-65],[71,-41],[103,9],[49,-62],[17,-72],[43,-86],[35,-5],[69,44],[45,-17],[-32,-44],[-8,-36],[-41,-28],[-10,-26],[-54,-22],[2,-32],[-19,-76],[21,-77],[-25,-148],[50,-36],[-70,-31],[22,-42],[-84,-114],[-79,-103],[-22,-165],[-48,-173],[-14,-160]],[[79954,67064],[-137,-201],[-58,-40],[-108,-12],[-28,-32],[-27,-52],[-99,-16],[-24,-29],[-13,-43],[27,-104],[129,-224],[-14,-107],[-79,-183],[11,-115],[50,-29],[172,4],[107,-55],[20,-32],[9,-54],[-25,-58],[-98,-95],[20,-54],[47,-55],[-28,-72],[6,-32],[-158,-341],[25,-75],[2,-41],[-29,-28],[-76,32],[-25,-46],[-55,-8],[-8,-41],[-78,-62],[-19,-53],[-52,-1],[-38,-38],[-45,-6],[-47,-24],[1,-112],[-33,-61],[-64,-2],[-10,-41],[6,-64],[-44,-46],[-52,5],[-3,37],[-23,22],[-58,2],[7,-72],[-44,-39],[14,-54],[-59,-62],[-92,83],[-30,49],[-51,-2],[-20,-54],[-82,-32],[-27,-74],[-2,-45],[-64,23],[-16,-71],[-30,-46],[-71,-54],[-57,23],[-57,-133],[-23,-20],[-45,4],[-33,-21],[10,-78],[-18,-34],[-49,-7],[-43,-35],[-85,7],[-68,-89],[-61,-31],[-46,6]],[[77789,63524],[-64,-8],[-29,-46],[-47,-130],[-27,-57],[-24,10],[-94,-110],[-37,-1],[-18,-44],[-41,-41],[7,-39],[-35,-23],[-26,-67],[-33,-25],[-5,-62],[-47,-20],[-9,40],[-84,-1],[-40,-34],[-13,-32],[-101,-12],[-5,-36],[-26,-22],[-75,5],[-35,-10],[-17,-67],[-12,-137],[-159,-132],[-2,-45],[-50,-60],[-48,-137],[-51,14],[-26,2],[-36,-40],[-40,-9],[-41,-53],[-62,42],[-26,1],[-38,41],[-67,-42],[-48,44],[-34,-15],[-55,6],[-30,-7],[-71,-57],[-84,-12],[-106,10],[-65,-17],[-47,27],[-41,-13],[-62,-54],[-49,5],[-65,-17],[-23,-42],[-76,-46],[-15,-72],[-149,-83],[-15,-68],[-57,-54],[-59,12],[-31,-9],[7,-56],[-16,-27],[-73,-20],[-65,22],[-45,-13],[-46,13],[-83,-111],[-78,3],[-53,-18],[-34,11],[-42,39],[-24,2],[4,-67],[-62,-65],[-38,-17],[-20,-71],[-121,-8],[-29,107],[6,54],[-46,31],[-61,-35],[-73,103],[-54,-1],[-41,24],[-33,129],[9,63],[0,51],[-63,62],[-68,-14],[-86,-5],[-20,49],[-45,-10],[-18,32],[-39,5],[-36,40],[-16,-20],[-18,-21],[-33,32],[-27,-3],[-36,-86],[-44,-23],[-52,56],[-65,-29],[-60,2],[-35,-30],[-33,71],[-44,23],[-33,47],[-59,11],[-70,87],[-22,59],[-61,97],[-73,46],[-64,-1],[-107,-67],[-47,-45],[-22,-8],[-64,18],[-62,-14],[-41,-165],[-61,-31],[-104,-78],[-149,-32],[-70,-40],[-48,-74],[-48,-39],[-83,-149],[-3,-24],[25,-64],[-6,-68],[21,-17],[-21,-48],[34,-32],[66,-127],[8,-49],[-11,-32],[27,-92],[54,-43],[95,-45],[6,-23],[65,-14],[59,-46],[26,-41],[-62,-122],[-41,-11],[-34,-76],[40,-25],[2,-25],[-35,-69],[42,-45],[43,-20],[8,-55],[-18,-50],[-53,-39],[-8,-83],[-76,17],[-81,-4],[-35,-62],[13,-93],[-34,-120],[-50,-76],[-95,-102],[7,-69],[-13,-72],[-113,-99],[-73,-98],[-8,-108],[-103,-3],[-45,20],[-67,40],[-48,-17],[-22,-83],[21,-82],[-64,-83],[-56,-189],[-24,-19],[-67,-20],[-45,-88],[-27,-21],[-54,-8],[-37,34],[-34,8],[-49,39],[-62,-31],[-57,9],[-46,53],[-58,118],[-42,30],[-38,2],[-117,-130],[-64,-30],[-85,18],[-51,-79],[-79,-30],[-47,14],[-45,47],[-66,10],[-33,-17],[-58,-88],[-39,-24],[-35,0],[-41,-2],[-17,-23],[15,-125],[-20,-68],[-41,-19],[-68,22],[-81,-43],[-25,-27],[-3,-40],[-68,-6],[-55,-97],[-3,-62],[-33,-16],[-54,-62],[-38,43],[-51,-43],[-29,1],[-82,-67],[-90,79],[-10,22],[-42,21],[-61,3],[-33,49],[-95,69],[-75,-14],[-32,18],[-205,27],[-30,41],[-68,-10],[-22,28],[-25,96],[-46,27],[-78,16],[-82,77],[-23,141],[-44,79],[-65,15],[-43,57],[1,121],[-23,46],[22,95],[-19,36],[40,53],[75,64],[11,47],[-65,50],[-12,60],[13,88],[-10,29],[-61,56],[-66,93],[-67,39],[-18,35],[-6,105],[-79,67],[-23,71],[18,60],[-3,54],[-47,76],[-37,17],[-108,-47],[-89,-68],[-92,-1]],[[67307,60153],[-29,-44],[18,-82],[-19,-65],[-33,-36],[-105,-60],[-116,20],[-88,57],[-163,-45]],[[78515,78556],[149,89],[174,-26],[34,8],[141,-21],[38,-17],[17,17],[44,-14],[160,2],[119,22],[23,25],[97,-9],[26,28],[109,-7],[40,-60],[116,35],[74,44],[169,-9],[27,5],[99,-9],[171,23],[27,21],[73,25],[36,38],[-1,30],[52,14],[151,-77],[108,-13],[47,8],[100,7],[187,-19],[121,-26],[37,8],[96,-74],[58,37],[92,-24],[23,-26],[66,5],[64,-20],[13,15],[98,-50],[89,-23],[60,-46],[22,6],[57,-34],[180,-154],[74,-38],[72,-79],[66,-36],[59,7],[73,-83],[48,6],[44,-23],[53,-106],[90,-28],[47,-35],[38,-40],[82,-38],[48,-62],[113,-41],[48,-53],[39,-22],[45,20],[52,-19],[46,-59],[63,-40],[109,-22],[91,-104],[92,-167],[21,-23],[45,-42],[67,-8],[47,-99],[58,-55],[69,-21],[73,33],[33,-5],[65,-60],[62,-84],[15,-39],[23,-66],[28,-39],[48,-8],[98,-99],[47,-15],[40,9],[105,-166],[42,-40],[97,-52],[87,-103],[57,-35],[119,-19],[31,-9],[104,-69],[100,-24],[41,13],[12,29],[156,-309],[120,-204],[102,-100],[73,-27],[116,-171],[166,-254],[73,-129],[228,-263],[59,-45],[68,-90],[196,-197],[55,-40],[35,-9],[66,-46],[26,5],[63,-18],[39,-112],[16,-74],[43,-91],[81,-78],[83,-117],[97,-105],[98,-70],[63,-17],[108,40],[53,-62],[228,-98],[57,-39],[25,4],[41,-28],[65,-74],[30,-61],[57,-212]],[[88110,73061],[-253,-52],[-219,-44],[-49,-11],[-424,-79],[-128,-186],[-53,-111],[-218,-441],[-8,-13],[-73,-149],[-4,-35],[-17,-32],[-62,-60],[-32,-93],[-46,-41],[-42,-61],[-17,-65],[-10,-25],[-47,-8],[-35,-46],[-72,10],[-28,-10],[-18,-129],[34,-67],[-55,-26],[-28,-73],[-63,-9],[7,-45],[-30,-63],[-84,-48],[-40,-45],[-25,-124],[102,-36],[-25,-39],[-15,-41],[-90,-114],[-45,-27],[-16,-40],[7,-35],[-16,-89],[-58,-64],[-34,-36],[-23,-16],[1,-41],[-46,-4],[-135,-108],[-39,-41],[-7,-86],[-54,-54],[-78,-49],[-26,26],[-53,3],[-61,-24],[-29,35],[-8,54],[-42,4],[-102,-60],[-5,-57],[-47,-34],[-26,-34],[-15,-70],[-62,-54],[-15,-42],[-34,2],[-22,-28],[17,-45],[-105,-122],[-34,-13],[9,-58],[-29,-41],[6,-82],[34,-20],[-27,-42]],[[84724,69258],[-46,-14],[-27,-33],[71,-39],[50,13],[63,-27],[-55,-47],[-28,-58],[-29,-16],[-6,-34],[-51,-69],[-57,-42],[2,-56],[-83,-114],[30,-63],[-44,-28],[-29,-61],[23,-38],[-14,-49],[-55,-62],[-15,-46],[49,-30],[11,-75],[51,-62],[36,-15],[-11,-29],[-59,13],[15,-38],[-36,-8],[-10,-42],[-54,-13],[-3,-56],[-35,-51],[-51,-2],[-11,-27],[-125,-60],[20,-75],[-25,-28],[42,-29],[10,-33],[-25,-39],[-32,-12],[167,-98],[28,-44],[5,-61],[46,-68],[-17,-47],[-39,-53],[-2,-99],[-30,-52],[75,15],[38,-16],[48,-23],[-4,-63],[6,-36],[70,-51],[80,22],[-3,-47],[21,-26],[19,-59],[-40,-65],[-6,-61],[-68,-96],[-15,-50],[-9,-95],[-48,-22],[2,-35],[-101,-3],[35,-66],[-39,-37],[-5,-42],[-38,-116],[-66,-47],[-56,-7],[-22,-86]],[[84213,66030],[-64,-74],[-4,-31],[-47,14],[-47,-13],[-22,-23],[-68,21],[-13,-35],[20,-51],[-31,-51],[-47,-4],[-53,27],[-30,-34],[-4,-59],[-31,-9],[-48,22],[-62,-35],[-19,-58],[14,-36],[-64,-87],[-6,-41],[-83,19],[-18,63],[-18,11],[-30,-37],[-61,22],[-24,-48],[-68,-44],[12,53],[-3,72],[-28,52],[2,64],[-62,106],[-25,22],[-65,12],[-85,73],[-85,-22],[-15,41],[-39,49],[-36,2],[-44,0],[-23,27],[21,30],[5,53],[43,51],[-22,18],[-40,73],[-7,67],[-16,31],[-70,62],[-40,58],[-97,64],[-94,50],[-56,16],[-39,69],[-75,52],[-93,74],[-78,102],[-105,44],[-33,37],[-227,-16],[-76,-24],[-62,12],[-32,-8],[-56,22],[-87,-34],[-42,7],[-11,3],[-85,-21],[-71,-3],[-62,-61],[-73,14],[-75,53],[-136,-15],[-44,-6],[-72,-58],[-14,0],[-73,68],[-95,143],[-90,30],[-73,-2],[-82,-73],[-45,-73],[-65,-16],[-157,100],[-43,4],[-91,57]],[[79134,72051],[58,-13],[40,30],[-10,41],[-45,56],[3,50],[43,41],[17,55],[-36,54],[23,82],[-50,59],[45,33],[-20,75],[20,51],[-29,34],[27,42],[0,77],[15,28],[-22,47],[-67,73],[-35,205],[-8,115],[-18,62],[6,131],[90,110],[12,61],[-32,107],[-21,143],[-95,107],[-44,84],[-18,72],[0,87],[42,28],[58,93],[26,76],[52,55],[72,132],[-5,79],[-38,54],[-32,23],[-83,11],[-80,66],[-22,52]],[[79051,75215],[-2,11],[-34,120],[-100,204],[-21,95],[40,79],[-4,33],[-51,64],[-6,82],[-61,114],[-20,59],[76,78],[11,44],[-90,90],[-19,33],[-20,87],[-59,55],[1,37],[23,54],[-14,42],[-81,29],[-200,107],[-46,85],[-81,12]],[[78268,76945],[41,4],[25,-34],[62,10],[49,91],[5,62],[23,27],[-29,124],[6,59],[20,45],[-29,30],[-86,-25],[-60,25],[-12,77],[9,130]],[[84213,66030],[69,-47],[30,-64],[25,0],[81,-100],[0,-35],[39,-49],[-1,-35],[34,-41],[34,18],[43,-30],[62,23],[83,-16],[11,32],[40,18],[58,-33],[50,4],[7,26],[52,-5],[66,36],[67,-4],[23,-57],[54,6],[44,-35],[-37,-64],[-13,-52],[42,-6],[39,-34],[213,-54],[56,66],[73,-44],[11,7],[48,-47],[92,-27],[30,27],[-23,38],[4,60],[20,30],[49,0],[46,-37],[46,45],[51,-18],[53,-10],[16,16],[28,24],[12,39],[41,27],[21,46],[59,-9],[-16,53],[57,33],[51,68],[49,16],[69,2],[25,20],[21,23],[32,-36],[49,11],[6,35],[26,25],[27,30],[14,48],[30,-6],[82,48],[-3,49],[53,37],[73,-22],[37,11],[7,42],[90,35],[58,38],[58,14],[32,85],[11,38],[24,3],[55,70],[-20,39],[2,41],[52,14],[66,-20],[36,13],[70,-14],[50,17],[74,33],[-13,47],[66,78],[93,-2],[44,32],[37,3],[64,-4],[25,-33],[61,-27],[45,-41],[24,-73],[49,1],[21,-31],[123,-49],[22,-17],[5,-52],[36,24],[44,-18],[5,-40],[48,-17],[-33,-46],[3,-30],[42,-56],[45,-76],[-47,-34],[-17,19],[-55,-31],[-65,-4],[-22,-26],[-45,6],[-52,-45],[-47,-9],[-39,-58],[-59,-17],[-45,-83],[-4,-37],[-54,-49],[14,-39],[52,-52],[4,-48],[43,-49],[10,-62],[25,-51],[-52,-62],[11,-18],[-17,-32],[-62,10],[-48,-24],[-64,-30],[15,-73],[-60,-11],[1,-74],[-106,-69],[-50,-26],[-4,-47],[-23,-24],[-78,-5],[-22,-73],[42,-15],[55,27],[50,5],[44,-21],[34,8],[104,-19],[-2,34],[33,19],[35,-25],[-4,-60],[38,-36],[44,-15],[14,-68],[-23,-63],[1,-35],[32,-49],[-16,-45],[10,-47],[-42,-52],[17,-30],[-33,-40],[104,-54],[-57,-52],[-11,-88],[41,-13],[89,26],[23,22],[32,-31],[-34,-19],[-5,-65],[90,-2],[27,-24],[17,-44],[36,-31],[25,5],[104,-9],[22,59],[48,8],[29,22],[35,48],[51,17],[52,35],[104,29],[29,30],[38,9],[60,-24],[24,16],[10,41],[63,4],[50,34],[37,5],[-17,46],[35,6],[30,21],[63,8],[40,35],[-38,36],[-33,51],[73,41],[19,182],[42,102],[78,-36],[20,60],[-12,40],[25,48],[75,-2],[83,-54],[29,10],[106,-7],[-3,19],[15,12],[27,42],[-24,23],[28,28],[-5,90],[30,49],[63,11],[50,-24],[33,26],[86,-22],[77,-8],[40,-56],[20,13],[-2,47],[42,29],[20,33],[67,38],[32,-24],[-10,-41],[62,17],[26,-11],[30,-76],[68,75],[59,12],[78,-10],[29,-33],[55,-14],[35,-34],[50,-21],[14,41],[56,26],[76,-9],[14,11],[67,-25],[59,62],[22,55],[65,-5],[36,-16],[73,32],[59,-5],[29,29],[42,1],[20,31],[63,5],[34,38],[52,-29],[61,8],[95,79],[11,23],[58,11],[88,-36],[49,28],[42,16],[-6,28],[-34,17],[46,41],[0,56],[-42,-5],[-18,19],[48,75],[5,46],[46,57],[16,151],[59,21],[79,-37],[9,-28],[36,-23],[33,34],[68,28],[27,18],[45,-1],[0,47],[45,-4],[3,17],[41,24],[22,-8],[76,55],[80,22],[103,-42],[20,-28],[51,24],[48,-26],[30,0],[50,-34],[41,-7],[40,27],[26,-7],[50,-53],[43,-24],[60,-77],[42,-29],[-18,-65],[10,-30],[63,-105],[57,22],[50,-27],[54,0],[41,-38],[32,26],[54,-30]],[[93480,65606],[-3,-40],[20,-91],[35,-70],[-42,-66],[-31,-85],[-31,-12],[33,-33],[-3,-68],[17,-46],[-43,-123],[-1,-47],[-27,-13],[11,-76],[14,-78],[19,-36],[5,-81],[-30,-105],[-34,-129],[-65,-79],[12,-21],[-144,-288],[-20,-58],[-5,-69],[-18,-31],[-1,-21],[-47,-57],[-29,-109],[24,-17],[-27,-87],[21,-17],[-13,-40],[-37,-17],[26,-13],[-83,-170],[-11,-50],[-41,-64],[-6,-68],[-20,-38],[13,-38],[-23,-38],[-38,-20],[-54,-74],[-8,-32],[-63,-122],[-7,-54],[-31,-37],[-31,4],[42,-44],[-29,-61],[6,-51],[-51,-58],[4,-39],[-41,-44],[-35,-59],[-1,-95],[-62,-131]],[[92496,62100],[-8,32],[-32,32],[-56,17],[-35,-12],[-59,27],[-41,-9],[-52,35],[-178,52],[-118,39],[-30,30],[-38,10],[-61,-7],[-26,73],[-49,-42],[-57,48],[-42,-26],[-19,20],[-59,-24],[-26,-33],[-13,5],[-51,-49],[-67,-4],[-19,-41],[-50,18],[-43,-54],[-22,15],[-41,-26],[-64,-4],[-60,-26],[-28,43],[-43,8],[2,45],[21,55],[-37,36],[-41,-35],[-34,13],[-11,-35],[-49,3],[-35,41],[-93,-3],[-39,-10],[-13,-41],[-55,-5],[-17,-19],[-20,-2],[-115,-44],[-72,19],[-27,-11],[-44,-10],[-55,-70],[-99,-26],[-1,-65],[49,-33],[-21,-60],[-40,-38],[-34,-13],[-130,-6],[-23,-57],[-43,-14],[-6,-35],[-28,-35],[-79,2],[18,-97],[24,-15],[17,-43],[35,-30],[-83,-26],[-35,44],[-33,-15],[-55,6],[-59,-79],[-79,-43],[-22,17],[-33,-17],[-48,11],[-71,29],[-41,-54],[-47,-24],[-36,-3],[-27,-45],[-9,-19],[-271,-75],[0,-41],[-26,-23],[-43,49],[-23,2],[-88,107],[-156,21],[-92,-51],[-100,18],[-16,32],[-48,25],[-36,-21],[-47,-9],[-57,-71],[-12,-36],[9,-39],[-40,-32],[16,-46],[-15,-18],[-40,-12],[-51,58],[-59,29],[-37,100],[-50,3],[-27,23],[-10,-29],[-8,55],[14,40],[-74,97],[-61,18],[-34,-47],[-84,-36],[-10,27],[28,68],[-90,67],[-34,-12],[-55,-47],[15,38],[-8,50],[-29,44],[2,28],[-35,54],[-45,32],[-75,152],[-40,32],[-152,86],[-79,66],[-80,8],[-54,74],[20,65],[-7,26],[-63,0],[-31,12],[-1,13],[-34,-2],[-52,-30],[-44,9],[-65,-34],[-14,-40],[-39,-40],[-37,2],[-35,45],[-49,7],[-10,24],[13,64],[-38,59],[-7,47],[-31,37],[-26,72],[-25,19],[-12,48],[-28,36],[-31,-14],[-58,-57],[-69,-18],[9,-60],[-14,-53],[-38,-128],[-37,-54],[-34,-28],[-37,-73],[-20,16],[-39,-14],[-7,-29],[-110,-111],[-8,-32],[-42,-36],[-21,-60],[-22,-15],[-91,1],[-12,-24],[-48,-5],[-38,-14],[-55,9],[-33,-19],[-35,-45],[-69,-49],[-32,-58],[-2,-29],[-6,-29],[-46,-62],[-67,-21],[-84,-77]],[[85118,61500],[-25,103],[-75,210],[-24,39],[36,20],[-5,31],[-74,107],[-2,56],[43,47],[-37,20],[-11,39],[71,50],[22,39],[-66,132],[-59,4],[-44,-22],[-83,-78],[-52,-12],[-74,36],[-80,71],[-43,54],[-23,57],[-2,70],[37,41],[56,36],[28,93],[-21,41],[-79,58],[-89,25],[-52,-23],[-82,-127],[-20,-185],[-58,-79],[-37,0],[-58,36],[-38,74],[-6,70],[-1,77],[-24,79],[-73,46],[-143,153],[-116,19],[-44,4],[-201,-40],[-54,32],[-32,69],[-94,86],[-73,17],[-197,65],[-45,53],[-31,-36],[-46,-10],[-71,8],[-32,63],[-6,45],[19,84],[-13,31],[-41,35],[-12,76],[-38,59],[-125,13],[-34,35],[-27,32],[-42,8],[-70,-17],[-48,-52],[-49,-6],[-14,-37],[-36,-28],[-100,-21],[-193,-117],[-36,-14],[-105,-2],[-78,2],[-18,-53],[37,-168],[-11,-33],[13,-57],[-11,-25],[-53,-27],[-119,21],[-105,-60],[-79,20],[-165,-32],[-26,-76],[49,-116],[10,-87],[-40,-79],[-39,-31],[-95,-135],[-39,-41],[-52,-15],[-45,-13],[-161,3],[-30,-38],[-128,-77],[-83,14],[-13,35],[-86,82],[-43,24],[-38,2],[-47,-34],[-36,-50],[-49,-164],[16,-77],[-47,-180],[-90,-194],[3,-60],[-56,-67],[-36,-2],[-47,19],[-46,50],[-58,-18],[-47,-106],[-36,-43],[-100,40],[-50,-17],[-26,-28],[-16,-56],[-20,-26],[-49,-23],[-44,4],[-64,-37],[-142,47],[-74,47],[-75,23],[-76,-25],[44,64],[-11,42],[54,30],[-5,78],[21,41],[4,47],[-42,60],[42,46],[49,-25],[28,50],[49,16],[19,49],[-31,69],[35,54],[38,137],[-40,59],[-65,-2],[-46,43],[-57,14],[-13,34],[-33,18],[-63,9],[-36,47],[-8,113],[-15,19],[-3,54],[-39,76],[5,78],[-23,13],[-9,65],[-34,22],[-30,71],[-1,47],[-42,58],[-13,38],[-66,-21],[-47,43],[-23,16],[-51,-11],[-48,-38],[-27,25],[19,71],[-25,58],[-44,-1],[-28,17],[-36,-7],[-51,13],[-21,58],[-35,42],[16,63],[27,38],[-152,-12],[-120,23],[-29,-38],[-53,0],[-52,-38],[-65,30],[-59,-2],[-55,56]],[[99921,74771],[51,12],[27,-39],[-44,-12],[-29,-30],[-81,-10],[-6,29],[25,27],[57,23]],[[88110,73061],[95,-174],[73,-66],[39,-52],[15,3],[70,-1],[54,31],[52,-21],[53,-44],[51,-16],[90,45],[41,-14],[53,36],[101,-83],[96,-12],[44,-46],[118,-180],[68,-52],[98,-39],[13,-28],[40,-4],[69,-44],[43,8],[94,-18],[60,-26],[-12,43],[114,-10],[59,12],[67,-4],[4,40],[58,-1],[152,-41],[116,-53],[59,19],[86,-51],[1,-16],[97,4],[32,15],[238,-17],[74,7],[64,32],[60,27],[69,10],[23,19],[141,16],[75,-12],[113,-55],[262,-56],[18,2],[62,-41],[121,-46],[21,3],[146,-61],[47,23],[112,-69],[189,-73],[49,-64],[19,-47],[93,-66],[49,-67],[24,-58],[34,-71],[24,-172],[40,-55],[38,2],[22,-38],[-5,-44],[39,-54],[4,-85],[38,-54],[27,-3],[-5,-66],[11,-34],[16,-99],[40,-59],[-6,-88],[23,-52],[-8,-128],[54,-55],[-34,-103],[17,-51],[3,-57],[30,-48],[-10,-184],[17,-33],[41,-24],[-16,-87],[11,-87],[50,-32],[16,-41],[27,-61],[-14,-113],[28,-26],[-11,-38],[-7,-212],[5,-73],[25,-15],[21,-88],[69,-18],[16,-27],[-3,-129],[4,-56],[-18,-18],[35,-136],[65,-22],[25,-72],[16,-105],[0,-125]],[[93336,68392],[-24,0],[-35,-35],[-62,4],[-99,-60],[-74,83],[-50,-18],[-32,-59],[-57,-54],[-61,-10],[-56,24],[-32,26],[-23,64],[-29,-37],[-51,-4],[-55,-23],[-138,10],[-20,18],[-86,27],[-32,94],[-45,25],[-69,10],[-40,26],[-42,-23],[-31,19],[-87,13],[-50,-8],[-31,-29],[-54,22],[-42,70],[-88,23],[-61,23],[-47,-2],[-65,-52],[-40,5],[-107,-26],[-129,1],[-47,13],[-253,-10],[-35,23],[-33,-8],[-62,16],[-6,35],[-21,44],[-51,19],[-18,34],[-31,-54],[-35,-5],[3,93],[-26,17],[-39,-55],[-174,44],[-117,5],[-70,3],[-4,37],[-37,47],[-37,6],[-29,30],[2,32],[45,44],[18,39],[-12,89],[-8,9],[-47,60],[-92,-45],[-36,-31],[-86,60],[-100,-175],[-160,23],[0,-41],[-21,-38],[-10,-36],[-29,-32],[-31,-69],[-2,-115],[40,-58],[64,-27],[10,-57],[47,-19],[29,-23],[27,-63],[-21,-75],[-58,-75],[-23,64],[-41,14],[-43,47],[-30,-2],[-5,-23],[-2,-38],[-33,-63],[-26,-87],[9,-21],[-48,-58],[28,-64],[37,-7],[17,-32],[43,-27],[-5,-35],[21,-48],[-35,-68],[-60,-29],[-25,-47],[-22,-26],[37,-22],[-53,-65],[-8,-77],[-46,-8],[-57,-39],[-118,21],[-48,3],[-46,24],[-22,-31],[26,-76],[-46,-7],[-34,-34],[-25,35],[-38,-11],[-42,71],[0,57],[-9,18],[25,56],[-13,48],[63,75],[23,28],[4,91],[-51,-40],[-34,20],[-17,38],[10,91],[-56,27],[-38,-11],[-25,78],[-28,6],[-76,-23],[-105,-31],[-122,-84],[-2,12],[-37,224],[-54,-18],[-83,-55],[-84,-61],[45,-7],[1,-36],[-74,-64],[-56,-35],[-19,38],[-82,49],[-28,-40],[-37,0],[-42,-60],[-42,-15],[-48,2],[-49,44],[-20,15],[-6,85],[-33,29],[16,48],[15,40],[-51,51],[-48,25],[-1,35],[-93,-19],[-36,10],[-58,49],[-77,-14],[-139,-8],[27,97],[-22,53],[7,59],[-11,31],[16,112],[1,57],[145,-30],[57,45],[13,73],[-14,38],[16,52],[-11,53],[-8,113],[111,179],[138,107],[66,70],[6,75],[79,72],[150,134],[30,-26],[37,4],[-45,138],[50,156],[-29,-26],[-62,32],[-52,-7],[-18,38],[-50,7],[-53,-71],[-62,-14],[-54,10],[-84,-55],[-81,4],[-19,-106],[-103,3],[-87,-38],[-52,26],[-113,-32],[-41,-38],[-20,25],[-58,6],[-2,-37],[-84,-56],[-63,-31],[-54,23],[-22,-5],[-29,39],[-22,0],[-94,7],[-27,-39],[4,-32],[-50,-32],[-4,-41],[18,-67],[45,-22],[-85,-67],[-43,39],[-48,-11],[-15,-50],[-37,-22],[-16,-22],[22,-23],[-67,-84],[-77,-63],[-40,4],[-16,24],[-56,-17],[-67,-4],[-17,-50],[-84,-15],[-41,-37],[14,-54],[-31,-21],[-34,5],[12,43],[-42,11],[-41,-18],[-33,-63],[-20,-51],[-82,-51],[-23,3],[-36,59],[9,36],[-34,15],[-70,-31],[-26,31],[-82,-8],[-17,-3],[-105,-2],[-24,27],[-30,-2],[-42,78],[-34,11],[10,33],[-51,-34],[-32,9],[0,47],[-25,54],[-36,21],[-45,-2],[-44,-35],[-35,-7],[-82,19],[14,77],[-15,77],[26,58],[-58,-31],[-32,10],[-33,-73],[-19,-12],[-43,40],[-39,5]],[[67307,60153],[17,-32],[39,-1],[-17,-56],[16,-71],[2,-111],[-46,-69],[-25,-85],[-35,-65],[-31,-24],[-110,2],[-63,-29],[-19,-77],[26,-48],[-37,-73],[-72,6],[-55,-25],[-46,-63],[-134,-90],[-23,-48],[-55,-19],[-46,4],[-27,-19],[-8,-63],[-76,-17],[-1,-50],[-16,-27],[-69,1],[-41,-36],[-105,-27],[-25,29],[-49,-17],[-56,-59],[0,-20],[52,-69],[0,-19],[-58,-80],[-142,-70],[1,-49],[54,-43],[55,-5],[-28,-42],[-53,-39],[-78,-15],[-7,-39],[-29,-38],[-6,-58],[39,-75],[-51,-53],[-121,17],[-44,-54],[-9,-26],[-41,-4],[-49,-50],[-61,-17],[-14,-24],[-54,-22],[-1,-21],[-64,-64],[-31,-71],[-4,-66],[48,-14],[-3,-55],[32,-40],[-15,-42],[-64,-69],[-56,-13],[-25,-54],[-36,14],[0,-60],[-59,-45],[-36,-51],[-28,-17],[-7,-61],[-34,-28],[3,-41],[39,-37],[17,-70],[23,-40],[98,-52],[-1,-72],[51,-52],[-3,-100],[15,-47],[45,-45],[33,-13],[19,-32],[76,4],[79,-74],[63,18],[58,-5],[32,-25],[78,12],[54,-33],[87,-21],[54,-29],[24,-28],[12,-43],[61,-29],[49,16],[19,-21],[74,5],[66,-25],[25,-32],[0,-46],[-78,-1],[-80,-32],[-112,17],[-47,20],[-80,64],[-83,-17],[-39,8],[-18,-48],[31,-46],[16,-82],[-36,-28],[-50,-86],[-105,-33],[10,-27],[51,18],[19,-34],[38,-12],[-31,-41],[2,-64],[-41,-28],[-12,-52],[-42,16],[-1,-96],[17,-30],[33,4],[71,-42],[85,29],[109,-47],[58,9],[58,37],[28,-11],[13,-35],[-52,-73],[-41,-1],[-90,-43],[-112,-1],[-61,-16],[-84,-64],[-42,-59],[-1,-29],[-52,-27],[-7,-37],[44,-52],[-23,-30],[4,-53],[41,-18],[4,-34],[-23,-107],[-36,-40],[20,-31],[-25,-37],[52,-17],[0,-39],[20,-28],[-17,-42],[-35,-17],[34,-49],[-23,-56],[58,-26],[49,-3],[6,-29],[-58,-22],[-6,-48],[36,-6],[22,-42],[35,-7],[61,-59],[-46,-70],[24,-34],[26,18],[43,-5],[33,-52],[5,-44],[-14,-30],[-6,-89],[73,-10],[113,55],[44,-2],[8,-21],[-20,-32],[22,-48],[-21,-38],[-97,-2],[-129,-40],[-25,-65],[-33,-32],[16,-24],[-45,-99],[69,-40],[11,-29],[-67,-54],[-22,-36],[65,-65],[-7,-55],[-32,-32],[13,-58],[-22,-31],[4,-56],[42,-69],[-27,-39],[-47,-33],[19,-48],[-5,-44],[-28,-31],[11,-33],[-31,-78],[62,17],[31,27],[100,-27],[59,40],[139,37],[58,-23]],[[66191,52950],[-14,-21],[-69,-27],[-66,-5],[-42,-44],[-112,-7],[-288,-72],[-15,123],[19,34],[-7,76],[15,31],[-15,35],[7,34],[-39,42],[-58,10],[-20,59],[-105,-278],[-25,-67],[-336,33],[-487,-131],[-36,-81],[-50,-56],[0,-30],[-84,42],[-28,-39],[-63,-40],[-1,-25],[-41,-16],[-18,-31],[-59,-25],[-56,-1],[-18,-48],[-30,-2],[-59,-40],[-50,7],[-38,-38],[-57,0],[-55,-18],[-7,-64],[-77,-19],[-68,47],[-73,0],[-11,-28],[-45,-17],[7,-47],[-46,-20],[1,-24],[-44,-22],[-22,20],[-65,-23],[-34,32],[-35,-6],[-43,54],[-39,-30],[-12,-57],[-56,-19],[-16,-43],[-35,21],[8,28],[-47,51],[17,22],[40,6],[-28,42],[-44,-13],[-57,18],[-2,34],[22,60],[-25,8],[-51,-17],[-29,20],[-41,-26],[-51,23],[-10,91],[15,70],[-71,17],[-58,33],[-68,-40],[-10,-33],[14,-44],[-61,-47],[34,-26],[-34,-81],[33,-30],[-7,-37],[25,-20],[13,-56],[-39,-35],[-2,-60],[13,-135],[30,-36],[34,-8],[-12,-44],[-28,-17],[-38,-62],[-7,-35],[-44,-53],[-8,-48],[-280,373],[-44,41],[-55,-15],[-39,13],[-53,-15],[-21,35],[-99,45],[-30,-37],[-43,-25],[-41,97],[-34,10],[-54,-11],[-27,37],[3,31],[-45,-4],[-22,54],[-40,-19],[15,-65],[-26,-55],[-83,-3],[-62,-37],[-59,17],[39,52],[-5,76],[-24,47],[33,33],[-21,34],[-7,44],[47,99],[-44,-15],[-20,27],[-54,-40],[2,-25],[-69,0],[-15,15],[-46,-75],[-69,-23],[-69,-52],[4,-22],[-81,20],[-5,-35],[-40,-1],[-59,-61],[-103,-12],[-14,-45],[-58,23],[0,81],[-33,37],[9,63],[-12,87],[22,42],[-10,66],[-34,-14],[-48,38],[-32,-31],[1,-68],[-23,-67],[-39,-7],[-18,-24],[10,-68],[-14,-20],[2,-166],[-58,-33],[-20,-7],[-32,60],[32,105],[-29,43],[36,32],[19,101],[0,38],[-42,54],[34,27],[13,42],[-58,126],[2,50],[-59,19],[-21,47],[-3,50],[-76,53],[-55,1],[-53,-16],[-36,58],[7,50],[-19,40],[7,66],[-28,9],[-59,76],[-39,14],[-68,106],[-50,0],[-9,91],[-54,18],[-23,-41],[-231,-357],[-10,24],[-57,42],[-11,42],[-55,35],[-39,-24],[-69,29],[-18,39],[33,47],[16,58],[-90,31],[-28,120],[-43,-27],[-22,-49],[-112,-95],[-43,-55],[-62,-14],[5,-25],[-34,-24],[7,-37],[-28,-64],[-23,-7],[-28,-64],[0,-52],[-47,-67],[-13,-38],[-81,-95],[-41,-95],[28,-64],[-31,-69],[23,-62],[1,-60],[-12,-36],[20,-55],[0,-42],[-71,-61],[-1251,808],[-5,19],[-66,27],[-31,-7],[-59,53],[-29,-15],[-29,32],[-47,14],[-44,-15],[-19,32],[-49,12],[-17,32],[-73,-13],[-93,24],[-25,24],[-54,-7],[-64,55],[-33,5],[0,33],[-89,38],[-11,16],[-57,5],[-42,109],[19,45],[-7,37],[26,36],[28,92],[-36,31],[17,47],[52,28],[3,59],[18,45],[60,35],[-20,70],[18,46],[26,-18],[45,35],[-12,64],[-36,39],[22,42],[6,75],[31,31],[9,41],[40,15],[11,40],[48,23],[4,49],[37,42],[-68,-28],[-9,-44],[-24,-23],[-64,-10],[-43,-49],[-56,-16],[-22,-41],[-43,-2],[-62,-39],[-26,-39],[-62,-62],[-50,-33],[-2,-66],[-37,-15],[-60,-97],[-27,-26],[11,-67],[-55,-28],[9,-75],[-22,-21],[-47,10],[-38,-40],[23,-30],[-7,-43],[-36,-28],[23,-62],[-43,-35],[21,-69],[-22,-19],[-4,-60],[-37,-48]],[[55897,53322],[-4,43],[-127,4],[-71,45],[33,44],[-45,25],[-25,-47],[-27,49],[33,62],[-44,0],[19,109],[-34,37],[18,42],[-35,6],[-22,61],[20,40],[-23,47],[-94,-9],[-23,98],[29,51],[48,-20],[11,51],[-40,31],[55,82],[10,82],[33,63],[-16,58],[26,19],[35,-16],[22,75],[-36,40],[17,80],[-41,100],[17,54],[-25,65],[46,59],[-47,76],[15,68],[-27,13],[-55,-1],[-19,44],[19,37],[1,85],[20,39],[-12,43],[22,113],[0,43],[-45,51],[22,67],[-10,75],[61,62],[5,50],[-30,53],[24,38],[41,27],[3,47],[-47,46],[-62,23],[-3,89],[-29,56],[-30,122],[-18,67],[70,79],[50,28],[18,33],[-1,133],[16,24],[3,56],[-30,39],[-108,8],[-58,110],[16,60],[-16,141],[7,65],[29,57],[-2,81],[39,59],[13,83],[21,46],[65,62],[37,121],[5,60],[-18,37],[6,41],[-11,57],[12,89],[38,22],[17,59],[46,38],[20,48],[-4,64],[-14,29],[1,77],[-17,49],[11,39],[-29,87],[36,57],[41,34],[-9,74],[-33,23],[-6,64],[36,91],[33,5],[8,42],[47,88],[-38,175],[-36,32],[-1,34],[50,43],[13,39],[34,47],[51,4],[18,65],[35,57],[-7,57],[19,39],[-2,57],[80,36],[-12,57],[36,165],[60,34],[18,42],[54,50],[-13,67],[104,291],[-17,115],[-22,29],[17,78],[35,61],[44,42],[11,45],[41,46],[81,56],[23,56],[12,70],[29,48],[-2,40],[28,54],[8,68],[50,97],[44,45],[2,33]],[[93336,68392],[-10,-306],[1,-95],[29,-109],[37,-21],[-8,-83],[3,-52],[-29,-37],[47,-50],[26,-243],[39,-67],[33,-26],[39,-9],[-37,-84],[27,-92],[-41,-26],[-2,-71],[18,-54],[10,-2],[57,86],[-17,70],[30,-2],[4,-106],[-15,-61],[-36,-63],[28,-48],[-12,-64],[26,-35],[-4,-51],[27,-40],[38,-27],[-10,-107],[-22,-37],[-11,-77],[9,-104],[-13,-99],[16,-32],[-29,-139],[-33,-185],[15,-45],[-28,-32],[7,-71],[-45,-90],[-20,0]],[[93496,67041],[5,46],[42,-5],[-7,-46],[-40,5]],[[55897,53322],[21,-58],[-30,-46],[-7,-53],[-22,-50],[0,-96],[-37,-14],[-41,-55],[-46,15],[-34,-13],[9,-52],[39,-26],[-12,-49],[-64,-12],[-18,-21],[49,-119],[-22,-89],[9,-71],[-20,-68],[43,-53],[-8,-83],[-42,-65],[-3,-81],[-14,-32],[-29,-47],[-35,-28],[-19,-42],[-44,-37],[-9,-60],[13,-55],[-4,-56],[-46,-7],[-30,-82],[-41,-39],[-73,-43],[-43,-58],[-14,-175],[-31,-58],[-55,-189],[-45,-56],[-69,-2],[-45,-49],[41,-86],[-9,-172],[37,-90],[-13,-99],[10,-62],[-11,-38],[-43,-46],[2,-69],[31,-39],[-7,-76],[47,-116],[-24,-81],[-66,-54],[-55,-3],[-35,41],[-24,-42],[18,-57],[-8,-53],[-33,-39],[-23,-67],[-52,-82],[-40,-127],[13,-113],[-48,-75],[5,-82],[-28,-62],[28,-52],[-3,-46],[45,-71],[-12,-48],[22,-74],[-81,-128],[13,-92],[-95,-174],[10,-70],[-64,-104],[25,-117],[-60,-49],[-51,-80],[7,-57],[-12,-76],[17,-64],[-118,-70],[-29,-41],[-6,-61],[-116,-57],[-102,-79],[-86,-3],[-35,16],[-16,117],[-52,40],[-31,-5],[-23,-44],[-23,-32],[-46,-27],[-45,24],[-77,-13],[-29,-54],[-25,-10],[-59,-59],[-81,6],[-55,-39],[-40,-94],[-49,-19],[-49,-102],[-29,-28],[-46,-3],[-59,-39],[-2,-71],[-36,-103],[47,-38],[1,-19],[-74,-59],[-23,-47],[4,-97],[30,-30],[4,-38],[-61,-99],[10,-61],[-36,-61],[22,-74],[-14,-31],[-50,-15],[-22,-21],[17,-105],[-56,-11],[-23,62],[-36,-19],[1,-46],[53,-141],[-11,-70],[-107,-188],[-1,-41],[-43,-19],[-37,-48],[-48,-98],[-38,-35],[-11,-61],[-22,-18],[-53,49],[-85,9],[-18,-31],[5,-40],[-43,0],[-27,-19],[-28,-71],[-28,-34],[-119,-4],[-44,19],[-45,-22],[-27,18],[-44,-34],[-142,36],[-54,-23],[-91,-5],[-8,-98],[-23,-45],[-56,-49],[1,-45],[-50,-62],[-42,-165],[-51,-34],[-25,5],[-29,-41],[-62,10],[-86,-41],[-49,-45],[-43,3],[-54,-43],[-31,23],[-28,-17],[-3,-41],[-50,-23],[11,-41],[-16,-25],[12,-85],[-57,-15],[53,-85],[-36,-10],[-37,39],[-21,-49],[-54,-8],[-30,-39],[-77,19],[-59,-62],[-11,-30],[10,-73],[-25,-20],[0,-45],[36,-36],[-25,-37],[27,-42],[60,9],[27,-74],[52,-35],[27,-38],[-16,-93],[-59,-3],[17,-42],[7,-41],[-85,-46],[-26,-46],[5,-37],[-43,-3],[-41,22],[6,-61],[-52,36],[-30,-62],[34,-14],[24,-64],[-21,-20],[-27,40],[-24,2],[0,-64],[-57,-34],[20,-36],[4,-60],[-44,-7],[-21,-33],[6,-54],[-49,0],[-53,-49],[-5,-32],[-36,17],[-34,-10],[-11,-30],[-34,14],[-55,-57],[-21,-37],[-26,18],[-39,-14],[33,-44],[3,-27],[-46,-19],[6,-29],[-57,-35],[-16,17],[-86,-4],[-13,-88],[-48,-34],[14,-23],[-1,-54],[-49,-58],[-2,-134],[-30,-39],[29,-106],[-59,-25],[-17,-53],[-30,-2],[-39,-31],[8,-33],[-30,-75],[-33,-43],[-34,1],[2,-47],[-27,-61],[-17,-75],[-24,-44],[-29,-6],[5,-43],[-54,-55],[25,-45],[17,-77],[-12,-46],[21,-48],[-29,-13],[-14,-51],[-34,-56],[15,-84],[-41,-89],[-4,-33],[-11,-139],[20,-58],[-9,-54],[-19,-111],[16,-31],[-4,-42],[17,-109],[86,-44],[31,-55],[43,-38],[20,-53],[-9,-23],[62,-108],[-15,-91],[23,-25],[12,-49],[-10,-42],[72,-54],[70,-128],[-5,-140]],[[49856,39832],[-237,-6],[-36,16],[-33,37],[-75,38],[-140,32],[-73,-14],[-28,-19],[-87,-1],[-58,43],[-76,22],[-42,-41],[-3,-45],[-22,-47],[-42,-14],[-73,51],[-131,21],[-73,45],[-21,50],[-28,-11],[-76,8],[-67,-65],[-58,-10],[-48,30],[-83,-15],[-26,12],[-12,40],[-69,58],[-42,62],[-51,36],[-24,-17],[-65,49],[-55,-30],[-67,12],[16,22],[-25,63],[33,112],[65,84],[13,46],[27,34],[17,73],[26,45],[37,29],[11,47],[39,33],[59,22],[34,29],[30,-15],[64,13],[52,21],[35,-15],[37,20],[56,1064],[-28,18],[-31,48],[-63,-7],[-32,-31],[-28,-1],[-12,-40],[-49,-76],[-49,-1],[-31,-17],[-34,-108],[4,-55],[-104,-48],[-22,-45],[-61,-57],[-38,-65],[-49,-52],[-74,-38],[-39,3],[-72,-24],[-32,-66],[-27,-15],[28,-63],[-21,-87],[-42,-45],[-29,-81],[-85,15],[-26,-15],[-46,34],[-57,8],[-149,-69],[-15,-30],[-45,-30],[-51,-3],[-24,-22],[-76,0],[-118,68],[28,70],[-23,19],[4,78],[-48,18],[-41,73],[-105,19],[-29,55],[12,26],[-68,47],[-75,6],[-41,-29],[-63,54],[-16,-24],[-109,-49],[-44,15],[-30,-35],[-75,-8],[-42,-31],[-64,-5],[-23,-38],[-12,-52],[8,-29],[-43,-13],[-101,-70],[-8,-32],[-61,-9],[-22,-28],[-45,18],[-33,-13],[-45,34],[-67,-1],[-11,-17],[-60,-5],[-42,-41],[-42,9],[-48,-29],[-30,10],[-43,-16],[-21,29],[-59,10],[-30,-10],[-15,-46],[-44,-3],[-4,7],[-64,26],[-33,37],[-84,36],[-23,27],[-35,-9],[-50,63],[-12,55],[-31,-2],[-23,39],[-131,-17],[-10,44],[-118,50],[-26,-7],[-86,38],[-44,49],[-40,-10],[-79,10],[-61,89],[-56,32],[-28,33],[9,111],[-45,30],[-56,9],[-29,30],[-67,4],[-29,31],[-66,3],[-28,-31],[-19,25],[-73,42],[-53,-18],[-48,54],[-1,29],[-104,20],[-56,56],[-10,-40],[-29,8],[12,44],[-75,-2],[-51,-35],[-34,56],[-29,4],[-47,34],[-51,6],[-23,70],[34,21],[-24,36],[-38,13],[-27,36],[-41,2],[-52,-19],[-68,28],[-16,-23],[-44,-11],[-54,-40],[-31,-3],[-28,-38],[-20,10],[-25,-55],[-27,-4],[-71,25],[-11,-65],[-67,-10],[9,-42],[-37,-34],[-36,18],[-46,-33],[-42,11],[-72,-28],[-13,-36],[-100,-45],[-27,-34],[-99,83],[-49,11],[-13,-46],[-42,-1],[-43,-26],[-45,20],[-14,-42],[-67,5],[-38,18],[-19,-33],[-27,10],[-49,-23],[-46,58],[-69,-7],[-17,30],[-30,-7],[-21,-45],[-34,1],[-11,-89],[-55,-26],[-2,-50],[-38,7],[-58,-13],[-1,-41],[23,-73],[-47,-18],[38,-32],[-17,-24],[-36,-2],[-3,-57],[-29,5],[2,-55],[-33,-73],[-46,-17],[-32,17],[-18,-23],[-62,-31],[-13,-41],[-52,-31],[-18,-81],[49,-8],[-54,-72],[-9,-46],[-57,-35],[-14,-51],[-32,-7],[-26,-93],[-66,-15],[-14,-35],[-30,-13],[-12,-43],[-39,-29],[-72,35],[-21,-29],[-43,5],[-59,-33],[-61,15],[-42,-62],[-37,-36],[-51,18],[-16,-24],[-36,29],[-42,-49],[-65,-23],[-53,30],[-21,-48],[-30,12],[-27,-49],[-25,10],[-57,-54],[2,-45],[-37,-18],[-36,51],[-1,52],[-89,-11],[-42,23],[8,38],[-49,28],[-16,33],[-28,-1],[-13,39],[-67,-5],[-32,141],[-50,79],[-53,-33],[-49,34],[8,82],[27,35],[-25,36],[-32,80],[-22,67],[0,61],[-21,26],[-4,64],[-30,31],[-38,-20],[-24,-68]],[[39089,41013],[-306,296],[-180,-136],[-73,-40],[-37,40],[-76,17],[-15,78],[-25,31],[-67,-28],[-73,34],[-6,86],[-52,2],[-17,30],[2,45],[-59,-19],[-54,22],[12,37],[-17,31],[-56,-3],[-5,25],[-53,-17],[-28,25],[0,37],[-30,17],[-1,60],[-36,31],[-27,47],[-36,9],[-2,32],[-62,56],[-44,85],[-72,39],[-6,124],[25,67],[-23,17],[-63,-24],[-18,107],[-14,169],[9,44],[-66,61],[6,70],[-41,13],[-1,53],[31,134],[-5,58],[-33,35],[8,95],[30,14],[-35,106],[14,64],[-10,40],[21,102],[-5,38],[60,157],[33,50],[63,29],[18,50],[96,69],[22,73],[-2,32],[-52,129],[26,102],[24,4],[61,47],[7,164],[-32,43],[-11,68],[-40,-22],[-63,-2],[-53,31],[-12,-93],[-83,-66],[-821,23],[-1584,41],[-1623,-1],[-198,2067],[-778,937],[148,36],[596,13],[-91,1245],[-48,-14],[-67,41],[-27,107],[-18,146],[-52,71],[-6,36],[-39,17],[-15,63],[-38,20],[-9,79],[17,35],[4,56],[-68,33],[-42,85],[-30,15],[-31,130],[35,36],[0,26],[-36,18],[-18,108],[-49,10],[8,45],[30,29],[-23,113],[43,59],[56,44],[31,42],[2,37],[45,49],[5,81],[48,20],[-20,37],[-57,-8],[-31,96],[-40,33],[-30,95],[-17,30],[-3,51],[-67,16],[54,62],[2,98],[-53,-2],[-65,46],[-13,23],[-81,-7],[-41,60],[-41,10],[-29,-13],[-18,59],[-28,14],[-52,-51],[-23,0],[-59,47],[-22,53],[-46,16]],[[32057,50997],[-18,28],[60,88],[9,63],[92,87],[30,56],[49,15],[26,-16],[52,21],[103,78],[2,48],[48,39],[105,41],[21,-11],[57,14],[46,72],[55,19],[14,34],[1,175],[19,20],[10,93],[-17,20],[27,42],[-5,32],[25,33],[43,69],[18,13],[-8,60],[44,81],[9,55],[18,4],[63,86],[-29,23],[7,61],[-18,39],[3,45],[38,9],[58,104],[59,31],[3,52],[70,106],[101,-5],[53,30],[26,105],[48,63],[11,39],[-15,115],[21,148],[-41,138],[29,82],[-3,84],[37,69],[-16,66],[20,24],[57,26],[26,102],[50,53],[64,17],[34,71],[51,24],[35,41],[43,21],[81,-26],[47,29],[15,33],[-4,90],[22,62],[32,31],[-2,29],[32,28],[28,60],[43,14],[-268,245],[-13,-1],[-47,153],[24,41],[-2,141],[-30,47],[-27,13],[-14,40],[-78,56],[-19,62],[-23,7],[28,56],[-19,84],[-31,42],[16,43],[-21,37],[6,45],[-63,49],[-90,-15],[-62,32],[-9,56],[-27,6],[-31,109],[10,66],[-11,57],[-23,34],[-12,78],[10,19],[-14,86],[-12,17],[18,56],[8,120],[-13,63],[65,81],[68,51],[10,36],[60,61],[25,46],[70,52],[20,79],[74,20],[44,45],[12,103],[-14,37],[17,41],[-25,94],[-53,14],[-23,25],[-22,109],[-34,50],[0,78],[40,39],[-39,25],[-43,72],[30,12],[18,65],[-85,-2],[-23,-21],[-50,15],[-53,-5],[-21,54],[-22,20],[-28,-37],[-39,21],[-70,-10],[-40,26],[-43,-11],[-32,-40],[-86,21],[-27,27],[-99,7],[-5,71],[-45,17],[-38,-21],[-39,-48],[-18,0],[-12,-69],[-61,37],[-43,0],[-31,64],[-24,4],[-1,63],[-38,15],[-39,-14],[19,67],[-29,21],[-24,48],[-1275,-38],[-1297,-20],[47,20],[18,152],[15,36],[-22,74],[0,94],[28,18],[-8,37],[21,37],[-19,38],[31,31],[23,-45],[26,84],[-12,62],[-18,19],[16,57],[-45,44],[11,55],[29,21],[5,68],[-26,34],[30,59],[-14,83],[33,92],[-31,28],[-7,111],[24,69],[17,109],[-37,24],[-64,89],[2,58],[-24,8],[-16,46],[-37,1],[-48,64],[21,16],[-80,133],[4,106],[32,42],[2,44],[-48,33],[-55,16],[39,195],[-5,60],[66,56],[55,130],[6,56],[-27,11],[38,44],[-7,107],[37,50],[0,70],[-22,86],[-38,21],[15,63],[-53,20],[33,78],[1,47],[-104,55],[51,30],[49,-11],[29,39],[32,14],[9,30],[-13,49],[30,8],[38,87],[-46,4],[-17,28],[19,78],[-38,48],[3,65],[-13,30],[-32,-13],[-55,46],[54,38],[-87,38],[-38,33],[-9,35],[72,113],[-28,42],[19,37],[-50,40],[-87,19],[-38,0],[1,62],[32,60],[-11,25],[7,64],[-37,-6],[-14,44],[10,25],[68,5],[53,50],[123,-14],[-8,34],[16,103],[-47,102],[-40,52],[-10,44],[7,60],[34,108],[22,25],[4,58],[38,116],[49,103],[48,53],[-38,28],[-20,56],[-47,54],[-7,69],[-25,48],[-46,-3],[-62,45],[-35,5]],[[17391,60613],[450,-186]],[[17841,60427],[-13,-100],[-23,-54],[-66,24],[-23,-71],[-135,-45],[-12,-34],[-117,-75],[-37,-42],[-1,-29],[-65,-40],[-4,-55],[-86,-1],[-30,-86],[-48,-31],[-1,-58],[-28,10],[-46,-35],[-19,-85],[-20,12],[-32,-37],[-39,-22],[10,-44],[-61,-100],[-75,-23],[1,-27],[-72,-40],[-46,16],[-37,-28],[-51,-16],[-4,-48],[-67,-58],[-44,-12],[-23,41],[-54,-2],[-40,16],[-67,-46],[-34,29],[-38,-10],[-48,13],[-27,-42],[28,-32],[-5,-34],[18,-44],[-38,-18],[-25,17],[-69,-4],[-23,-19],[-71,21],[-35,-54],[23,-19],[4,-67],[-39,-9],[-30,-67],[-106,-53],[-30,4],[-36,-55],[-67,1],[-94,-59],[-51,-143],[-49,-43],[-11,-47],[-48,-53],[-39,27],[-60,-279],[-68,-10],[-21,41],[-25,1],[-64,44],[-25,-1],[-64,33],[-14,30],[-74,1],[-23,24],[-104,-8],[-48,-41],[-76,12],[-34,-35],[-63,35],[-48,-10],[-18,-38],[-56,-16],[-24,-38],[-88,-84],[3,-68],[19,-21],[-21,-40],[9,-29],[-33,-25],[-55,-84],[-69,-71],[-10,-35],[-38,-15],[-21,-54],[-2,-64],[-37,-24],[-13,-83],[-19,-42],[-71,-58],[-17,-29],[-69,-12],[-55,-56],[-52,20],[-71,-40],[-8,-66],[-39,-28],[-62,53],[-30,-40],[-97,-17],[-43,-43],[-27,-62],[-55,-25],[-2,-34],[-401,-112],[9,43],[-29,38],[2,28],[-51,15],[-58,69],[-6,39],[36,41],[5,72],[-53,5],[-68,21],[-58,-17],[-57,24],[-29,-36],[0,-30],[-84,24],[-36,-42],[-31,9],[-24,32],[-51,2],[-44,35],[-32,-26],[-4,-34],[-55,13],[-64,70],[-55,-21],[-26,45],[-66,-41],[-22,22],[-66,14],[-59,-5],[-87,40],[-37,-26],[-42,43],[-22,-31],[-69,20],[-41,-24],[-74,12],[-54,-25],[-71,30],[-30,-9],[-43,31],[-23,-26],[-24,29],[-13,-28],[-50,1],[-8,-37],[-49,11],[-12,-27],[-111,46],[-67,-32],[-60,10],[-48,-7],[-79,-45],[-57,10],[-22,-28],[-77,-14],[-28,-25],[-22,24],[-30,-27],[-61,74],[-50,25],[-167,16],[-54,-16],[-61,20],[-83,-11],[-44,-17],[-8,-32],[-90,-67],[-24,3],[-44,-44],[-52,-9],[-39,-36],[-66,7],[-25,-51],[-37,-10],[-80,-86],[-43,3],[-53,-42],[-98,14],[-53,-16],[-16,-25],[-34,4],[-48,-35],[-87,3],[-24,19],[-49,-7],[-28,32],[-122,14],[-13,62],[-33,47],[-38,18],[-44,61],[-19,1],[-89,70],[-204,-184],[-42,763],[-51,901],[-79,1406],[16,54],[52,11],[19,57],[47,-20],[52,67],[-8,30],[28,84],[-1,25],[-39,82],[-33,34],[-28,-2],[-61,86],[-21,59],[21,29],[3,58],[46,90],[51,19],[-7,57],[45,30],[20,31],[-19,63],[33,15],[-15,43],[31,10],[7,46],[-34,6],[-98,-41],[-48,16],[-39,-42],[-23,-45],[-33,7],[-16,-37],[-70,-81],[-1,-50],[-138,-79],[-34,-50],[-44,12],[-21,-63],[6,-48],[-69,-27],[-15,-67],[-81,-16],[-87,-61],[-126,-214],[-62,-4],[-46,-39],[-53,-127],[-3,-37],[-124,-9],[-31,-28],[-122,-27],[-32,-64],[-70,-58],[-37,-113],[-26,-56],[-27,-25],[-9,-51],[-39,-10],[-61,11],[-12,-39],[-29,-3],[-85,-41],[-23,0],[-53,47],[-57,-38],[-24,-42],[-1052,-69],[-852,-57],[-2,38],[41,31],[14,29],[-15,62],[-29,7],[-6,37],[72,121],[-37,42],[-2,48],[-27,35],[29,78],[-60,41],[-94,14],[-31,30],[-38,-13],[-22,30],[-41,8],[12,62],[-7,34],[28,62],[-5,38],[14,50],[-36,41],[12,69],[-43,-4],[-43,34],[1,160],[-32,13],[-56,-25],[-58,58],[3,33],[-30,24],[-75,7],[-58,33],[-42,-18],[-38,16],[-33,-32],[-78,14],[-63,-35],[-68,62],[-75,1],[-114,38],[-46,5],[-32,-26],[-31,33],[-65,-4],[-40,22],[-20,46],[-1166,-90],[40,63],[5,74],[72,33],[19,47],[43,58],[63,26],[-30,63],[37,38],[25,65],[60,48],[40,-26],[73,62],[30,61],[-43,9],[-14,28],[33,34],[86,52],[37,94],[-6,92],[11,47],[-25,86],[-22,38],[45,58],[-84,33],[-66,139],[-35,16],[-93,-9],[-20,16],[-58,117],[-5,47],[-39,11],[-37,36],[-12,79],[-51,61],[-33,115],[-96,93],[-47,-8],[-40,16],[-50,-24],[-31,4],[-103,58],[-22,69],[-32,1],[-6,41],[-64,-6],[-8,50],[23,210],[-8,105],[-117,29],[-28,-18],[-34,52],[-31,94],[-73,4],[-96,33],[-12,35],[-49,-1],[-78,77],[12,88],[-28,43],[5,66],[-91,98],[-18,49],[-39,11],[15,87],[-20,78],[18,41],[-32,75],[-33,27],[-23,42],[-41,29],[17,48],[-11,46],[-49,45],[-53,-18],[-23,9],[-31,84],[-23,27],[-47,-2],[-32,-24],[-35,32],[-16,76],[-57,57],[44,29],[-36,55],[10,33],[48,-36],[70,-2],[31,20],[33,67],[-16,184],[-137,94],[-197,27],[-61,105],[-43,-5],[-61,57],[-9,56],[-49,14],[-60,38],[-93,100],[-36,0],[-19,56],[3,34],[95,21],[35,129],[21,34],[-22,34],[-14,75],[-96,157],[6,33],[30,3],[20,-35],[29,26],[55,-63],[95,5],[22,27],[14,58],[82,38],[59,-14],[63,32],[27,-37],[88,55],[38,66],[-1,29],[-44,63],[-1,88],[-26,31],[-74,47],[-18,77],[-89,94],[-15,41],[143,-58]],[[32057,50997],[-71,18],[-70,1],[-12,60],[-84,13],[-45,67],[-38,-7],[-71,25],[-29,50],[-81,85],[-32,73],[-40,-31],[-50,38],[-34,-30],[-43,-7],[-18,58],[6,53],[20,34],[-109,24],[-9,-28],[24,-31],[-45,-13],[-8,26],[-73,24],[0,-37],[-24,-67],[-47,29],[-32,-24],[-18,25],[-57,21],[-38,-18],[12,-28],[-26,-23],[-32,28],[-32,-14],[-53,44],[-12,43],[-74,-26],[-20,59],[-40,1],[11,-42],[-18,-16],[-64,-6],[-23,-39],[-101,-1],[-53,-49],[-131,-50],[-52,22],[-38,-5],[-33,32],[-82,43],[-37,-2],[-32,46],[-33,-4],[-53,-35],[-53,18],[-14,-31],[-41,22],[-59,3],[-85,-51],[-90,16],[-33,-47],[-78,23],[-38,-33],[-45,1],[-38,26],[-36,80],[-3,106],[-24,67],[-50,-9],[-34,20],[-29,46],[-70,2],[18,40],[-35,7],[13,37],[-22,22],[-41,5],[-39,27],[0,57],[-45,-9],[-32,44],[-26,11],[-1,62],[-33,-22],[-31,14],[-76,82],[13,22],[0,81],[-15,39],[-6,117],[-30,28],[-52,-9],[-45,43],[5,47],[-34,-5],[10,-66],[-51,-21],[-4,68],[-33,33],[-34,-27],[-33,10],[-4,-73],[-43,-4],[-32,-26],[-22,39],[-27,-27],[-42,40],[-82,-25],[-48,5],[-24,25],[-74,4],[-9,25],[-41,43],[-7,56],[-48,-18],[-60,26],[-46,-20],[-51,44],[-40,-27],[-161,77],[-13,46],[-45,40],[2,53],[-49,1],[15,39],[-36,12],[-32,-57],[-45,-5],[-9,-28],[-63,2],[-19,-54],[-32,59],[-20,-49],[-54,18],[-37,37],[-31,70],[0,72],[-41,16],[-52,-41],[5,57],[-65,41],[-26,61],[-30,25],[0,48],[-32,10],[-37,35],[-39,-7],[-21,-42],[-29,29],[-38,-35],[-18,41],[-56,10],[-16,27],[10,48],[-30,13],[2,36],[-33,28],[-35,104],[-32,32],[-49,8],[-3,46],[45,35],[-2,24],[-77,0],[3,68],[-51,-5],[-29,34],[-59,29],[-50,-21],[-24,37],[-33,-11],[19,-43],[-14,-20],[-52,-5],[-48,-58],[0,-36],[-51,18],[-80,1],[-130,62],[-44,-9],[-78,61],[-21,62],[-67,67],[2,51],[-90,6],[-64,-17],[-62,54],[-57,96],[-151,55],[-20,32],[-83,26],[-38,-5],[-44,34],[-100,25],[-71,-12],[-53,35],[-38,-52],[-35,0],[-36,-45],[-38,7],[-55,33],[-33,-2],[-3,-49],[-26,-43],[2,-63],[-47,-16],[-73,-56],[-24,4],[-79,67],[-25,-40],[-32,25],[-46,-20],[-48,61],[-51,-29],[-25,44],[-70,-59],[-1,51],[-51,10],[-8,-61],[-37,-27],[-22,19],[0,104],[-58,-17],[-29,26],[-51,18],[-108,-122],[-49,22],[17,58],[-11,29],[-127,-11],[-135,28],[-100,95],[-32,57],[-94,48],[-34,61],[28,37],[15,97],[-11,79],[-32,97],[-44,-8],[-45,-41],[-25,11],[-45,58],[-44,-3],[-51,1],[-135,53],[-52,6],[-42,37],[-15,53],[3,67],[40,75],[-29,34],[-29,-4],[-39,-33],[13,-47],[-5,-53],[-25,-49],[-50,29],[24,86],[-7,26],[-68,41],[-36,-7],[-40,-83],[-25,-9],[-24,37],[-1,33],[33,47],[37,26],[3,36],[-44,87],[-31,24],[-89,-8],[-91,-46],[-31,20],[-46,69],[-41,-20],[-19,-49],[-62,64],[-67,-14],[-16,27],[20,47],[-37,21],[35,52],[21,112],[-26,27],[-81,11],[-26,35],[17,118],[-1,98],[-50,131],[-4,41],[-24,32],[-29,2],[-59,-39],[-128,-8],[-7,-18],[32,-55],[-18,-18],[-56,16],[-95,56],[-40,50],[7,28],[58,61],[29,56],[-2,32],[-33,57],[14,52],[-26,63],[46,71],[4,46],[-32,36],[-82,2],[-95,22],[-24,29],[-75,358],[13,39],[78,19],[-9,47],[-94,5],[-21,25],[-39,133],[-1,74],[27,32],[57,2],[12,39],[-17,26],[-57,-5],[-38,118],[16,40],[45,46],[122,59],[5,69],[-49,61],[0,24],[69,81],[44,38],[-88,149],[44,19],[-29,136],[-108,119],[-47,35],[-65,28],[1,43],[36,0],[12,29],[-14,68],[10,116],[-17,75],[-46,51],[-82,14],[-35,58],[12,51],[29,33],[-20,93],[-39,49],[20,68],[-31,34],[-15,47],[16,36],[44,4],[48,90],[-1,74],[-29,68],[35,60],[122,148],[22,104],[36,52],[13,51],[-49,142],[14,67],[-5,101],[-46,51],[-27,69],[17,139],[-7,61],[-27,30],[-2,56],[1,37],[23,64],[71,102],[2,75],[-81,62],[-21,90],[-88,171],[-80,68],[-122,39],[12,-45],[-12,-29],[-57,-45],[-43,-7],[-23,-36],[-7,-57],[12,-87],[-30,-26],[-46,29],[-14,-54],[-58,-24],[29,-65],[-103,-22],[-12,46],[-61,-35],[-18,77],[-36,-26],[-50,90],[-46,-51],[0,-34],[-50,12],[23,51],[-21,57],[-50,14],[-34,-60],[-32,40],[-38,20],[-17,-62],[-31,-28],[-27,8],[-18,37],[27,25],[-44,22],[-55,-76],[-35,-32],[-32,15],[22,56],[-24,37],[-37,-2],[-37,-37],[-29,9],[-44,-18],[-22,23],[-69,-46],[-1,-57],[-57,-14],[-60,-29],[-28,64],[-83,4],[-50,-80],[-22,21],[-2,56],[-50,-20],[-53,-3],[-19,14],[-46,-22],[-9,-28],[-41,-7],[2,-60],[-46,-16],[-58,48],[-39,-51],[-47,-6],[-25,-27],[-72,31],[-8,-14],[-69,-11],[-23,-70],[-105,0],[-17,-48],[-53,39],[-62,-23],[-28,13],[-97,-25],[-34,-30],[-39,23],[-42,-11],[-59,-53],[-77,13]],[[85118,61500],[29,-44],[37,-41],[27,-68],[-27,-85],[60,-22],[53,-51],[34,13],[54,-15],[21,16],[72,-18],[79,-76],[38,-1],[36,-30],[31,-54],[-14,-43]],[[85648,60981],[-49,-65],[3,-61],[-53,-22],[5,-25],[4,-77],[58,-52],[41,-19],[-75,-72],[-9,-42],[-43,-14],[3,-158],[19,-71],[29,-38],[77,-71],[13,-40],[0,-60],[-66,-163],[57,-125],[40,-23],[39,11],[54,-32],[88,-9],[120,-78],[16,-49],[-20,-32],[5,-62],[33,-107],[60,-101],[23,-158],[47,-360],[-67,-26],[-51,-2],[-11,-22],[-61,-26],[-27,-29],[-37,0],[-10,-52],[-43,-79],[82,-148],[15,-64],[-7,-22],[-13,-59],[-24,-2],[-11,-95],[25,-24],[3,-274],[-384,-144],[-66,-21],[-39,9],[-158,142],[-148,28],[-124,17],[-45,-32],[2,-64],[-55,-78],[-25,-85],[17,-59],[-12,-61],[7,-59],[29,-108],[39,19],[5,-41],[33,-17],[-2,-57],[19,-57],[60,-44],[17,-83],[45,7],[46,-27],[7,-84],[28,-20],[-23,-75],[49,-76],[-19,-77],[30,-64],[59,-16],[76,-78],[30,21],[37,-22],[5,-59],[-48,-96],[21,-23],[-31,-42],[-28,28],[-49,-18],[-23,-54],[0,-64],[-15,-55],[24,-13],[12,-32],[56,-95],[24,26],[55,-7],[4,-32],[64,-54],[21,50],[55,-25],[-6,-41],[35,-26],[20,27],[40,-11],[-5,-35],[32,-28],[28,-79],[72,-44],[-26,-17],[42,-48],[94,-16],[25,-36],[40,-2],[6,-39],[38,0],[25,-29],[62,-20],[60,131],[46,-5],[33,-54],[31,-7],[33,30],[25,-63],[20,30],[38,-22],[80,-9],[7,34],[29,26],[99,-3],[67,23],[89,66],[66,77],[31,23],[48,6]],[[86936,55850],[-17,-53],[-115,-119],[-78,-126],[-245,-462],[-278,-585],[-10,-62],[-163,-242],[-33,-75],[-196,-291],[-269,-345],[-28,-53],[-77,-82],[-76,-115],[-27,-77],[-103,-183],[-75,-48],[-30,-40],[-15,-59],[-69,-53],[-118,-124],[-308,-368],[-75,-54],[-42,-49],[-58,-74],[-65,-58],[-27,-14],[-30,17],[-63,-17],[-184,-133],[-43,-4],[-20,18],[-63,1],[-134,33],[-24,-84],[-68,-122],[-98,-100],[-99,-55],[-149,-52],[-79,82],[-120,-58],[-54,-58],[-42,-17],[-59,-47],[-28,1],[-25,-13],[-44,-62],[-46,-127],[-10,-137],[38,-112],[14,-25],[61,56],[19,-22],[14,-88],[-10,-32],[36,-50],[-22,-65],[-51,-14],[16,-59],[-46,-37],[-21,-99],[8,-57],[35,-8],[0,-35],[29,-26],[-12,-61],[39,0],[-13,-100],[-50,-34],[-19,44],[-52,-5],[-52,-42],[0,-26],[-57,-69],[-27,-76],[-10,-102],[31,-110],[33,-50],[37,-78],[34,-36],[16,-58],[-4,-88],[-48,-159],[-36,-199],[-56,-156],[-11,-80],[-25,-45],[-6,-80],[-21,-117],[25,-33],[6,-49],[-49,-114],[-7,-72],[-41,-139],[-27,-133],[-28,-76],[-10,-99],[-76,-249],[-12,-207],[4,-97],[16,-69],[31,-23],[5,-58],[27,4],[-14,-192],[8,-12],[3,-105],[17,-44],[26,-158],[-15,-244],[-21,-353],[8,-42],[-5,-134],[15,-21],[19,-217],[52,-304],[4,-84],[-15,-163],[10,-161],[19,-127],[24,-25],[27,-135],[82,-182],[-13,-48],[19,-25],[-78,-145],[-166,-447],[-25,-86],[16,-82],[-15,-15],[-53,-128],[-31,-14],[-80,-102],[16,-8],[-29,-120],[5,-38],[31,-47],[-17,-33],[7,-59],[-53,-21],[-70,-110],[-18,-74],[8,-41],[-69,-199],[-2,-65],[-24,-86],[5,-52],[-11,-65],[-25,-48],[-4,-72],[-52,-74],[-10,-48],[-34,-33],[-14,-281],[29,-47],[38,-27],[-30,-20],[-70,-96],[-12,-99],[-46,-88],[-7,-94],[-26,-164],[-38,-35],[-38,-90],[-9,-196],[-28,-121],[1,-84],[24,-230],[24,-110],[-12,-170],[4,-129],[-17,-46],[6,-53],[39,-103],[73,-125],[-6,-24],[-109,-97],[6,-45],[-52,-35],[-13,-28],[-127,-135],[-15,-33],[-13,-71],[-131,-56],[-70,-6],[-155,-73],[-79,-61],[-92,-106],[-71,-108],[-70,-138],[-38,3],[3,-37],[-183,-319],[-45,-136],[-16,-93],[-29,-65]],[[80590,38132],[12,46],[-54,31],[-320,258],[-861,694]],[[79367,39161],[-7,58],[-74,51],[-6,48],[120,62],[93,110],[-15,42],[-51,22],[2,60],[-30,27],[15,109],[-21,52],[-40,1],[-32,41],[-56,-6],[-11,59],[-26,10],[0,59],[-53,38],[3,48],[-54,80],[-20,-80],[-36,85],[-59,-31],[-14,37],[-25,5],[-6,40],[20,69],[-48,5],[-29,-29],[-36,27],[-31,94],[-31,38],[18,81],[-83,83],[4,30],[-78,33],[-34,54],[-66,-9],[-55,38],[58,44],[-3,125],[-14,38],[33,7],[56,73],[57,26],[-31,30],[-15,82],[28,27],[-6,51],[24,30],[-7,32],[-42,20],[-6,80],[38,57],[19,99],[-30,25],[-1,37],[49,119],[-3,29],[24,62],[70,50],[62,156],[3,43],[28,24],[47,-7],[18,-34],[39,7],[38,-33],[23,1],[14,21],[60,8],[25,30],[77,-94],[35,7],[31,32],[33,-34],[29,29],[27,84],[32,-2],[13,38],[-23,66],[3,37],[-27,31],[-30,-21],[-27,20],[-67,-8],[-26,57],[41,86],[24,25],[1,44],[20,28],[-9,30],[-12,48],[37,67],[39,123],[-8,19],[31,61],[33,-4],[58,24],[56,-26],[48,3],[38,-33],[32,26],[2,73],[-17,22],[28,57],[104,120],[7,34],[40,81],[11,-36],[-13,-35],[29,-43],[41,12],[11,66],[23,0],[52,103],[21,90],[19,24],[53,42],[13,46],[29,3],[40,-31],[22,62],[47,35],[37,-3],[-5,53],[-36,49],[93,111],[36,16],[13,132],[48,48],[10,28],[-20,48],[-24,11],[-11,68],[-37,20],[2,26],[-50,57],[-31,14],[51,60],[-93,27],[-21,-35],[-38,1],[-26,30],[-29,-17],[-19,48],[-73,33],[1,27],[-47,8],[3,54],[-11,75],[-56,13],[-38,-8],[-35,12],[-48,8],[-55,95],[-98,95],[3,24],[-39,62],[-91,-33],[-122,6],[-127,16],[-23,-13],[-50,38],[-24,3],[-14,72],[-42,52],[-22,18],[-53,-57],[-26,28],[-34,-4],[-22,-28],[-2,-48],[-49,10],[-57,-18],[-20,39],[15,31],[-59,14],[-24,34],[9,41],[-30,23],[-25,46],[-45,-26],[-35,59],[-48,23],[-29,73],[-25,16],[-67,-23],[-20,-22],[9,-47],[-67,-26],[-37,40],[10,52],[-84,91],[-26,-5],[-6,-57],[-42,-26],[-78,-31],[-49,12],[-22,80],[-80,16],[-27,24],[-37,-62],[-11,-51],[-61,-53],[-75,1],[-36,-27],[-57,18],[-40,-50],[-82,-16],[-18,-50],[-21,-14],[-26,29],[-93,34],[-41,36],[-51,2],[-54,-26],[-75,28],[-89,-10],[-32,641],[-13,15],[-225,253],[-748,824],[-117,-37],[-47,7],[-24,-56],[-41,-37],[-70,-20],[-16,-35],[-49,-1],[-93,49],[-85,-17],[-99,-19],[-48,-24],[-28,47],[-20,63],[-76,66],[-6,56],[-45,37],[-23,-35],[-79,-12],[-24,18],[-47,-24],[-43,-40],[-43,22],[-21,25],[-66,38],[-25,42],[-51,-47],[-43,72],[-52,-15],[-57,35],[-49,13],[4,68],[14,32],[-90,19],[-44,60],[-44,33],[-37,16],[-7,29],[-59,14],[-37,63],[-17,5],[-36,35],[-59,-51],[-122,114],[-30,3],[-24,53],[-40,-7],[-59,51],[-16,56],[-83,22],[-64,50],[-51,69],[-68,57],[2,28],[-43,-4],[-105,126],[-34,33],[-50,27],[-60,9],[-26,-13],[-60,52],[-42,-20],[-23,29],[-43,-45],[-44,65],[-29,-11],[-25,35],[-56,1],[-56,44],[-13,-27],[-39,31],[-22,-22],[-51,-3],[-36,12],[-83,-22],[-19,-26],[-53,19],[-45,-25],[-39,-40],[-76,-11],[-48,-21],[-37,-36],[-47,5],[-64,-60],[-19,-90],[-40,-26],[-61,-9],[-49,-47],[-17,26],[7,58],[-84,51],[-14,38],[-81,-20],[-34,26],[-67,17],[-70,46],[-70,0],[19,37],[-31,45],[-68,-4],[-19,24],[-50,18],[-35,-3],[-106,44],[-29,-4],[-55,59],[32,78],[-10,83],[-24,15],[36,168],[111,214],[28,125],[89,127],[-40,6],[-18,33],[-32,7],[-31,33],[-103,1],[-27,30],[-161,33],[-17,45],[-38,18],[-46,2],[-48,-23],[-20,-31],[-34,13],[-66,19],[-20,27],[-30,-12],[-33,38],[-44,-58],[-14,50],[-49,16],[-31,-22],[-82,55],[-60,2],[-31,-34],[-47,38],[-80,-15],[-31,35],[-57,-22],[-51,-59],[-66,-18],[-52,-1],[-40,-12],[-25,-41],[-81,-35],[-33,-28],[-38,17],[-36,-19],[-90,-14],[-65,-38],[-34,-41],[-28,9],[-36,-27],[-20,-47],[-59,-2],[1,-54],[-39,-20],[-32,22],[-25,-42],[-104,-86],[-35,-28],[-30,4],[-59,-48],[-49,-20],[-42,14],[4,-53],[-11,-41],[-28,-22],[-10,-69],[-159,-121],[-150,-58],[-14,-48],[-23,-14],[-105,-30],[-31,-43],[-31,-86],[-44,-47],[-29,-9],[-71,22],[-22,-4],[-70,34],[-59,-36],[-32,14],[-57,-53],[-31,-53],[-37,-5],[-13,-34],[-92,-66],[-36,-59],[-33,-20],[-53,-10],[-46,-43],[2,-35],[-28,-12],[-41,-47],[-50,-22],[-30,15],[-53,-84],[-32,12],[-48,-27],[-18,38],[-41,-13],[-39,42],[-40,-19],[-96,-77],[-4,-23],[-40,-33],[-18,-44],[-55,-25],[-87,-145],[-45,-8],[-71,-51],[-37,-41],[-30,-4],[-85,28],[-52,1],[-42,-17],[-12,-44],[-88,-55],[-108,70],[-82,-13],[-44,-39],[0,-38],[-31,-69],[-23,-11],[-45,13],[-37,-14],[-24,-40],[1,-35],[-41,-51],[6,-22],[-57,-13],[-8,43],[-39,19],[0,65],[-40,32],[5,36],[39,-5],[46,43],[39,-1],[27,20],[18,64],[-16,26],[17,39],[36,9],[25,85],[103,108],[4,90],[22,71],[-11,74],[-35,22],[-20,36],[-28,10],[12,56],[-40,50],[-37,25]],[[66233,47823],[13,47],[-45,67],[69,33],[8,19],[31,47],[-11,61],[12,18],[13,99],[-5,60],[-53,49],[9,14],[13,38],[75,14],[-14,47],[26,48],[-37,49],[28,34],[11,40],[-7,61],[20,52],[-53,40],[26,52],[-51,70],[11,38],[25,15],[3,37],[-38,42],[20,33],[26,-64],[38,-9],[45,11],[28,30],[57,25],[1,53],[33,28],[13,44],[-14,29],[-39,-7],[-29,18],[-29,63],[-10,83],[-34,30],[-45,-2],[0,57],[-60,-7],[-17,38],[-39,5],[-34,33],[22,72],[-25,30],[-77,-29],[-11,34],[-34,14],[-3,72],[-35,19],[-42,-17],[-79,25],[-27,23],[-10,62],[-34,0],[-44,35],[-68,26],[29,28],[26,-16],[40,55],[-16,39],[-36,1],[44,27],[44,61],[-15,52],[2,74],[-110,76],[-3,18],[14,29],[2,67],[62,111],[9,36],[-39,42],[-44,5],[18,52],[-46,33],[21,24],[105,29],[13,14],[-30,65],[-42,-9],[-21,41],[63,42],[7,22],[-47,39],[38,97],[66,67],[61,30],[62,71],[-51,61],[-71,-10],[-48,25],[3,58],[-14,41],[55,64],[-4,33],[34,60],[-36,43],[-7,37],[-38,17],[57,45],[10,26],[190,61],[51,41],[43,68],[27,4],[83,53],[18,96],[-50,31],[-155,-72],[-102,-54],[-78,-19],[-30,9],[-47,-48],[-65,-29],[-33,1],[-20,88],[-63,32],[42,55],[2,73],[-73,5],[22,34],[22,73],[19,15],[4,100],[-13,25],[42,26],[-6,46],[-34,19],[-28,66],[64,88],[37,52],[20,75],[93,48],[41,-25],[119,71],[27,-2],[69,37],[31,73],[-1,41]],[[92496,62100],[-42,-56],[-39,-105],[-96,-86],[-48,-86],[-8,-44],[-44,-61],[-37,-84],[-30,-13],[-8,-57],[-26,-13],[-2,-39],[-25,-50],[-37,-18],[-30,-61],[-30,-21],[-32,-61],[-82,-75],[-27,-43],[-56,-22],[-35,-27],[-19,-37],[-56,-19],[-77,-96],[-24,-80],[-30,-56],[-29,-5],[-16,-38],[-57,-40],[-14,-33],[-72,-58],[-14,-49],[-31,-1],[-30,-42],[-46,-14],[-102,-108],[-57,-91],[1,-78],[-33,1],[-100,-20],[-110,-91],[-156,-186],[-90,-129],[-35,-77],[-82,-70],[-70,-106],[-181,-275],[-39,-62],[-30,-23],[-70,-17],[-56,-90],[-31,-20],[-35,-53],[-26,12],[-61,-39],[-42,-66],[-66,-39],[-148,-150],[-69,-98],[-12,-73],[18,-34],[-68,-61],[-162,-288],[-23,-17]],[[89312,58162],[-18,8],[-58,175],[-59,71],[-26,-1],[-54,-34],[-49,-22],[-10,35],[-86,-12],[-32,38],[8,64],[-13,67],[11,92],[-49,71],[-9,40],[-84,94],[-36,3],[-36,-33],[-55,-20],[-47,16],[-44,21],[-32,36],[-20,46],[-58,38],[-71,0],[-44,22],[-39,35],[-18,51],[1,18],[-5,42],[-37,8],[-33,38],[-84,36],[-74,158],[-4,28],[-9,43],[11,73],[-15,69],[-71,51],[-89,-27],[-36,4],[-189,206],[-52,45],[-167,8],[-42,33],[-34,92],[-81,75],[-59,20],[-53,76],[-117,49],[-58,45],[-94,36],[-239,41],[-39,16],[-158,131],[-20,31],[-12,28],[-41,58],[-72,45],[-74,16],[-91,-28],[-12,41],[-36,36],[-24,46],[-36,-1],[-19,41],[-101,84],[-16,28],[-70,-18],[-82,43],[-44,7],[-59,47]],[[89312,58162],[-25,-46],[-83,1],[-133,-35],[-7,12],[-24,-23],[-282,-104],[-137,-100],[-137,-56],[-130,-76],[-173,-135],[-190,-196],[-236,-301],[-31,-24],[3,-43],[-74,-90],[-197,-294],[-32,-16],[-34,-50],[-18,-24],[25,-34],[-241,-275],[-98,-172],[-71,-199],[-51,-32]],[[66233,47823],[-36,-26],[-24,-59],[-39,9],[-14,-68],[-28,-19],[-32,5],[-22,45],[-97,-26],[-34,-47],[-69,34],[-44,-10],[-20,53],[-61,-20],[-60,5],[-20,53],[-26,-7],[-30,30],[3,45],[22,14],[21,51],[-56,28],[12,30],[-3,57],[-75,56],[-25,-3],[-88,94],[-58,22],[-40,56],[-36,3],[-16,63],[-46,-6],[-25,19],[-21,-34],[-2,-58],[-80,-36],[1,-41],[-55,-50],[19,-50],[-7,-35],[61,-22],[27,-60],[-23,-85],[-28,-31],[-12,-77],[12,-69],[53,-57],[-34,-84],[23,-23],[40,-102],[-31,-24],[-24,15],[-61,-19],[-55,-49],[-29,8],[-88,-20],[-71,23],[-58,62],[-102,55],[-62,17],[-66,37],[-134,30],[-39,-2],[-18,-26],[-127,-71],[-17,-22],[-3,-42],[63,-54],[22,-57],[-117,-226],[5,-55],[-17,-18],[27,-65],[52,47],[35,3],[1,-121],[33,-7],[90,-111],[-30,-55],[-51,-37],[46,-32],[-85,-50],[-77,-67],[-30,-61],[-8,-113],[-29,-83],[-10,-111],[65,-76],[50,-12],[32,-45],[65,-26],[-12,-52],[14,-36],[-9,-78],[29,-84],[34,-41],[-1,-58],[30,-92],[-26,-56],[0,-41],[39,-92],[-2,-33],[-17,-20],[-43,1],[-512,-137],[-84,-61],[-42,8],[-46,35],[-18,55],[-37,-22],[-50,-61],[3,-39],[-32,-24],[-54,-8],[-24,-72],[-49,4],[-39,-15],[-29,20],[-77,-12],[-24,-50]],[[63210,44869],[-23,-1],[-65,82],[-28,-4],[-36,56],[-4,34],[42,109],[-5,59],[-35,72],[21,24],[3,81],[24,54],[73,106],[3,31],[39,70],[-16,53],[20,61],[-44,40],[13,86],[-14,50],[40,105],[-71,27],[-61,6],[-35,29],[-34,55],[-30,0],[3,122],[-182,4],[-1292,31],[-342,8],[-6,-318],[-43,-1],[-40,-58],[1,-37],[-19,-78],[2,-44],[54,-7],[24,-27],[2,-61],[-18,-47],[-59,-64],[-9,-37],[-60,-20],[-45,-77],[4,-47],[27,-71],[-13,-64],[15,-14],[-15,-49],[40,1],[18,-44],[-24,-54],[1,-39],[-30,-68],[2,-53],[-19,-60],[446,-10],[933,-19],[870,-21]],[[63213,44831],[8,-25],[-15,-71],[-41,-7],[-9,-45],[-40,-73],[3,-73],[30,-21],[8,-60],[-14,-18],[29,-76],[-13,-48],[-48,-51],[-15,-98],[-32,-66],[-36,-31],[-29,-59],[-61,-36],[-20,-34],[8,-49],[-24,-70],[-52,-65],[1,-65],[-17,-40],[40,-62],[-5,-32],[53,-28],[26,-40],[-10,-23],[82,-12],[1,-56],[46,31],[45,-25],[3,-50],[44,0],[68,-48],[20,-68],[65,-38],[5,-71],[50,-58],[-31,-84],[11,-53],[31,-13],[2,-58],[18,-46],[32,-15],[-29,-38],[15,-49],[-12,-83],[51,-32],[17,-43],[-4,-37],[17,-52],[33,-8],[19,-44],[39,-21],[-33,-45],[18,-35],[-60,-60],[-23,-35],[-40,31],[4,-73],[-32,11],[-28,-52],[-37,13],[-46,-29],[-11,-29],[-61,-13],[-18,-28],[-1,-74],[-32,13],[-36,-19],[-121,-100],[-2,-97],[-31,16],[-8,-50],[-42,-15],[-49,-72],[-6,-76],[-37,-44],[-46,-32],[-13,-38],[-64,-12],[-52,64],[13,-40],[-21,-40],[-3,-52],[-33,-32],[10,-62],[-10,-73],[-23,-43],[52,-11],[24,-55],[-3,-83],[18,-34],[42,38],[22,-57],[49,5],[118,45],[48,-32],[63,-9],[35,7],[42,-52],[14,-40],[51,-51],[41,-88],[-8,-70],[-31,-39],[25,-56],[-102,-62],[-12,-71],[-58,-46],[22,-58],[-51,-53],[-32,-124],[29,-94],[-15,-39],[32,-33],[0,-58],[22,-44],[2,-37],[45,-31],[-22,-55],[25,-57],[33,-10],[2,-45],[26,-38],[1,-45],[-45,-39],[-47,12],[-81,-38],[3,-53],[-120,-66],[-2,-26],[-47,7],[-16,-32],[11,-37],[-48,19],[-30,-47],[-37,2],[-24,-40],[-59,-8],[-6,-37],[-51,-17],[10,59],[-81,-65],[-41,-16],[-44,-51],[-44,-37],[16,-27],[-47,-40],[62,-74],[-35,-48],[-47,-15],[-25,33],[-32,-76],[-20,3],[-34,-48],[-43,-4],[-9,39],[-54,-3],[-6,-33],[-34,-51],[-6,-36],[-25,-21],[-21,-14],[-44,22],[-27,42],[-48,-35],[-19,-98],[-49,32],[-10,-24],[2,-40],[-29,-28],[-34,-2],[-54,28],[-26,-12],[-10,-43],[-59,-31],[-22,60],[-33,5],[9,60],[-11,26],[-55,-31],[-52,54],[-28,6],[-21,52],[-39,-29],[-96,1],[-81,49],[-57,90],[-48,30],[-71,9],[-4,39],[-74,13],[-33,36],[-46,-63],[-56,-33],[-23,-46],[-40,32],[-27,10],[-108,-13],[-11,41],[-71,-22],[-20,27],[-81,-66],[-23,75],[-67,-22],[-23,31],[-49,7],[-21,73],[-87,-28],[-25,14],[-59,2],[-14,-29],[-56,-21],[-39,5],[-34,-16],[-25,14],[-51,-21],[-62,24],[-29,-28],[-32,12],[-32,-18],[-30,-46],[-39,4],[-8,76],[-93,36],[-23,37],[-55,7],[-24,28],[-44,0],[-53,-44],[-27,-18],[-25,-67],[-30,-32],[-76,14],[-39,-34],[-5,-34],[-51,-51],[-53,9],[-79,67],[-66,-52],[-8,-29],[-121,-14],[38,-41],[-11,-55],[-50,-31],[-61,-97],[-8,-42],[-52,-11],[-29,-21],[-21,-73],[-63,12],[-20,-10],[-34,-88],[-51,-50],[-20,-46],[-42,-29],[-49,12],[-43,93],[-111,121],[-9,75],[2,60],[-19,41],[-92,5],[-31,-27],[11,-64],[-12,-31],[-22,-18],[-42,12],[-164,-38],[-17,-33],[41,-51],[-28,-30],[-43,29],[-35,6],[-52,-15],[-45,-38],[-33,-18],[-45,19],[-33,-8],[-17,-58],[-36,-21],[-57,30],[-38,-10],[-77,59],[-43,12],[-35,-29],[-62,-6],[-97,27],[-17,25],[-109,10],[-26,-31],[-24,-77],[-42,-33],[-28,-41],[-192,23],[-80,-37],[-60,-6],[-58,11],[-45,-16],[-103,-42],[-88,-153],[-39,-107],[-23,-34],[-103,-45],[-41,-147],[-76,-83],[-75,-27],[-14,-54],[26,-68],[-10,-64],[20,-24],[-27,-101],[-70,-122],[-83,-56],[-29,-42],[-139,10],[-74,-9],[12,-67],[-18,-28],[-122,-28],[-22,-29],[1,-45],[-16,-66],[-52,-50],[-40,-8],[-68,-69],[-26,-54],[-26,-106],[-84,-172],[17,-42],[89,-88],[5,-53],[-52,-27],[-195,82]],[[54726,36078],[-35,63],[-79,32],[1,55],[-45,-7],[0,36],[-59,-5],[17,52],[-43,91],[-34,45],[-68,40],[0,16],[-87,14],[-40,42],[-86,12],[-15,38],[-83,28],[-38,-28],[-77,19],[-53,61],[-22,53],[-63,-9],[-19,22],[-47,3],[-24,48],[-49,-3],[-54,77],[-41,-13],[-82,46],[-49,-21],[-72,60],[-28,-9],[-34,28],[-87,14],[-38,-35],[-70,36],[-42,-27],[-80,52],[-15,-4],[-72,55],[-113,47],[-35,38],[-50,35],[-53,-9],[-29,14],[-40,57],[-44,34],[-17,60],[-61,26],[-33,43],[-26,-33],[-39,36],[-63,-17],[-42,1],[-10,26],[-86,45],[-24,-18],[-60,30],[-36,60],[7,34],[-96,32],[-39,45],[-1,29],[-36,46],[-60,-5],[-26,20],[-74,8],[-28,31],[-71,-4],[-26,-27],[-64,31],[-46,40],[1,33],[-36,3],[-59,75],[-5,31],[-32,33],[-50,68],[-34,76],[-167,57],[-21,29],[-50,3],[-92,-85],[-115,5],[-87,25],[-88,-33],[-64,-1],[-42,29],[-48,0],[-52,37],[-42,-12],[-43,12],[-61,55],[-99,16],[5,53],[-15,17],[-43,0],[12,37],[-39,59],[-24,93],[46,62],[61,21],[30,73],[50,40],[14,95],[85,13],[91,23],[29,64],[42,31],[20,36],[0,42],[-38,51],[-47,33],[-56,14],[-120,-10],[-143,48],[-43,0],[-57,-21],[-82,-57],[-15,-52],[-112,11],[-68,76],[-5,107],[-20,77],[2,61],[-45,154],[2,58],[-32,148],[30,50],[111,20],[23,39]],[[79367,39161],[-75,26],[-79,56],[-76,39],[-20,31],[-80,13],[-104,-4],[-84,27],[-28,-28],[-46,58],[-39,-6],[-42,53],[-104,-51],[-48,-7],[-4,-52],[-29,7],[-56,-63],[-9,-75],[-47,-5],[-41,-53],[-52,11],[-49,-33],[-22,51],[-27,9],[-57,-18],[-24,24],[3,52],[-28,17],[-35,-15],[-17,65],[-25,13],[-34,-29],[-26,22],[-67,-81],[-33,19],[-59,-10],[287,-332],[-4,-123],[-52,-9],[-25,20],[-91,13],[-37,27],[-35,56],[-25,-10],[-31,36],[-69,-64],[-20,0],[-34,-45],[-55,37],[-36,-63],[-40,-2],[-13,26],[-91,-19],[-4,-32],[-82,-36],[-3,-87],[-24,-21],[10,-50],[-73,-55],[-71,-76],[17,-175],[-28,-12],[-4,-59],[34,-10],[-54,-20],[-38,-61],[17,-15],[351,-54],[10,-36],[-76,-343],[19,-32],[-47,-34],[141,-129],[84,-10],[19,-19],[2,-120],[-3,-97],[43,-80],[5,-40],[-51,-39],[-60,-22],[-142,18],[-132,7],[-61,-3],[-17,77],[-35,40],[-223,5],[-31,-60],[15,-37],[-14,-50],[29,-12],[33,-52],[18,59],[26,-27],[77,9],[22,-69],[23,-1],[49,-48],[1,-49],[32,-33],[55,-14],[33,-19],[1,-50],[59,-46],[9,-26],[-79,-36],[-15,-50],[21,-81],[15,-34],[40,-8],[56,-74],[59,-11],[5,-29],[41,-26],[0,-58],[47,-52],[-4,-44],[34,-26],[6,-38],[-31,-49],[-17,-26],[21,-47],[30,-6],[-6,-49],[-28,-71],[53,-26],[-34,-27],[-40,-66],[-4,-32],[25,-26],[-2,-36],[-71,-45],[-25,-63],[21,-65],[26,-29],[-12,-35],[-58,-66],[-42,-16],[-50,5],[-69,52],[-11,-39],[19,-34],[-12,-59],[16,-81],[-84,-37],[-6,-34],[-38,8],[-21,-22],[-23,-88],[-46,-6],[-28,-42],[-42,-4],[-23,-25],[-25,-72],[5,-42],[-42,-76],[5,-33],[30,-25],[0,-41],[20,-61],[-51,-112],[-12,-107],[-45,-30],[-48,1],[-42,-83],[-22,14],[-43,-24],[-60,17],[-22,-32],[-9,-57],[-19,-22],[22,-41],[-1,-46],[-40,-99],[-22,-15],[-13,-75],[-33,-80],[6,-13],[-47,-80],[-20,-14],[-18,-70],[-69,-44],[1,-1],[-579,29],[-208,10],[-22,-44],[-12,-80],[-15,-16],[-25,-87],[-41,-7],[-118,-123],[-17,-64],[30,-11],[18,-85],[74,-37],[3,-143],[-34,-105],[15,-68],[-55,-30],[-32,-75],[-8,-48],[-25,-37],[75,-11],[-3,-37],[17,-42],[-90,-106],[-15,-50],[-21,-17],[2,-52],[-38,-38],[27,-22]],[[75297,32115],[-81,-78],[-61,7],[6,-20],[-26,-65],[11,-44],[-46,-32],[-3,-41],[-36,-47],[-7,-62],[-72,-22],[-54,5],[-100,-29],[-65,9],[-48,-34],[-64,-30],[-22,-29],[22,-49],[70,-60],[55,-23],[10,-21],[-48,-8],[-2,-39],[-44,-45],[1,-20],[-33,-13],[-19,-57],[-54,8],[-28,-79],[-39,-41],[-10,-29],[-31,-46],[29,-62],[-20,-50],[30,-25],[-3,-48],[-93,-83],[-4,-66],[-20,-26],[30,-51],[-28,-13],[12,-60],[-53,-49],[27,-46],[-89,-20],[-8,-51],[-29,-69],[53,-25],[-6,-19],[39,-47],[-48,-25],[-27,-59],[-29,8],[-31,-69],[-47,-19],[9,-26],[-47,-32],[-16,-23],[-39,-69],[29,-17],[-33,-36],[66,-59],[88,12],[66,-70],[11,-33],[-7,-51],[-91,-35],[-15,-22],[-52,-19],[-46,13],[-50,-16],[-33,-29],[-157,-57],[-9,-3],[-272,-120],[3,-23],[-63,-12],[-139,-52],[-317,-148],[-170,-49],[-6,-21],[-62,-58],[-115,-58],[-22,1],[-57,-51],[-22,9],[-83,-30],[12,-53],[-73,-58],[-95,18],[-37,-17],[-33,-46],[-37,83],[47,47],[15,31],[-5,44],[-55,-5],[-31,28],[-75,-35],[-57,24],[-41,58],[-77,-8],[-52,-22],[-47,38],[-51,9],[-43,-18],[-10,-26],[-115,-78],[-41,-15],[-58,-30],[-30,9],[-65,-12],[-20,42],[-28,-32],[-91,-38],[-42,47],[-17,39],[-27,-41],[-39,-29],[-57,49],[-44,-20],[-8,-30],[-28,38],[-87,-21],[-35,-40],[-57,45],[-12,46],[-78,-47],[-98,-39],[-33,11],[-54,-46],[-27,-1],[-112,-42],[-27,-22],[-58,-11],[-61,-38],[-41,30],[-40,-23],[-57,-2],[-25,-33],[-52,7],[-12,-28],[-42,-8],[-6,-32],[-37,-49],[-29,-16],[-60,-1],[-22,-32],[-28,-27],[-26,15],[-52,-50],[-56,-3],[-14,52],[-20,14],[-61,-25],[-79,-10],[-51,18],[-63,-49],[-14,35],[-88,23],[-52,-13],[-7,-34],[-88,-81],[-39,-14],[-45,-54],[-24,-3],[-47,1],[-53,33],[-87,-37],[-39,-45],[-43,-67],[-12,19],[-57,10],[-31,-7],[-41,36],[-48,-41],[-43,2],[-92,-42],[-13,-29]],[[68483,28149],[-56,-65],[-26,9],[-62,11],[-40,-18],[-22,-55],[-93,6],[-60,-56],[-57,25],[-81,-8],[-3,18],[-73,-21],[-51,-34],[-47,-9],[-41,-15],[-66,-25],[-39,-59],[-27,-48],[-103,-33],[-85,-44],[7,-22],[-22,-52],[-23,-15],[-40,10],[-89,-7],[-64,-53],[-22,5],[-68,-40],[-23,6],[-2,74],[-21,5],[-115,87],[-17,-4],[14,-23],[-35,-75],[-22,11],[-40,-41],[-54,-27],[-76,-9],[-16,11],[-2,21],[61,45],[-46,64],[-32,-42],[-34,-3],[-31,-44],[-109,-31],[-32,40],[35,60],[16,83],[-42,19],[-38,-32],[-49,12],[-40,-38],[8,-55],[29,-7],[18,-48],[32,-33],[-50,-25],[-25,5],[-65,-25],[-74,-55],[-55,-13],[-20,-62],[31,-36],[23,-6],[85,42],[68,-7],[32,-119],[-41,-51],[0,-27],[-56,20],[-37,-32],[4,-80],[-6,-26],[-47,-29],[-25,64],[-85,7],[-71,-97],[-41,-11],[-3,80],[-69,55],[-34,-53],[-44,-12],[-50,-39],[-33,-8],[-37,-49],[-43,13],[-55,-29],[-53,16],[-45,-8],[-101,-70],[-33,28],[40,55],[-14,84],[-94,-26],[-15,11],[-96,-40],[-16,-22],[-39,1],[-9,31],[-37,2],[-37,-49],[-45,29],[-67,-43],[-26,11],[-38,57],[3,155],[30,75],[67,57],[-118,70],[-18,-9],[-59,31],[-72,15],[-10,54],[-35,5],[7,29],[-21,43],[42,3],[77,35],[77,-6],[-6,44],[-63,34],[46,31],[-40,59],[-22,64],[47,44],[-10,23],[-48,19],[-34,50],[-67,8],[-14,23],[-114,45],[28,60],[-44,4],[-9,60],[-70,21],[-40,-9],[-30,12],[-68,28],[-43,36],[3,88],[13,38],[-34,-7],[-47,68],[-7,57],[-38,12],[-11,27],[42,28],[7,45],[-18,37],[76,99],[-4,20],[23,84],[-7,20],[64,-13],[13,59],[63,18],[34,37],[-40,13],[-14,56],[-27,6],[-27,41],[-53,-13],[-50,20],[-51,-2],[-10,23],[25,20],[101,12],[-44,87],[22,33],[31,-4],[30,37],[77,-23],[-6,58],[-56,51],[-22,58],[2,30],[-31,25],[-13,56],[48,38],[-28,122],[-22,-4],[-32,36],[93,120],[-7,27],[56,26],[0,72],[21,66],[-17,30],[21,72],[101,-28],[28,16],[-2,56],[25,9],[19,59],[68,45],[-14,30],[29,87],[28,41],[-51,77],[14,54],[22,28],[1,50],[-23,21],[-3,39],[-33,-5],[-22,24],[-33,-4],[-36,40],[-69,-43],[-20,39],[-23,48],[-50,55],[5,28],[0,41],[-43,8],[-17,-34],[-42,-20],[-35,-57],[-28,40],[-32,-10],[-63,50],[-5,40],[-38,-26],[-24,-7],[-92,21],[-7,-41],[-48,-18],[-28,-35],[-38,-7],[-21,-23],[-93,-22],[-50,3],[-40,19],[-23,-23],[-37,17],[-34,61],[28,36],[-11,33],[30,33],[-5,23],[-40,19],[-8,52],[-32,29],[14,28],[-29,27],[-4,62],[-15,51],[-60,42],[39,55],[-56,6],[-35,19],[-36,39],[-10,46],[16,37],[-36,53],[48,73],[-65,44],[8,49],[-16,31],[-2,57],[-20,44],[33,94],[-9,25],[-76,51],[-24,31],[7,36],[-46,11],[-32,34],[-33,69],[31,76],[31,82],[-22,61],[25,20],[14,41],[44,14],[17,75],[-9,27],[39,34],[3,38],[44,-14],[77,0],[33,61],[13,100],[-36,17],[10,45],[-33,22],[2,49],[-21,8],[-22,65],[12,12],[-9,49],[-25,59],[-71,18],[-60,31],[-40,41],[-54,25],[-13,24],[-23,6],[-50,47],[12,36],[-13,44],[5,124],[-12,57],[31,42],[-1,41],[22,63],[71,77],[34,87],[4,22],[-55,75],[-12,80],[-62,24],[-45,71],[-49,28],[-61,28],[-35,53],[-70,5],[-29,47],[-46,37],[-11,60],[42,43],[-52,59],[-41,72],[-30,-19],[-38,-6],[-21,-27],[-75,-3],[-22,-25],[-79,-5],[-17,-17],[-20,-73],[-82,-44],[-81,72],[-11,53],[-63,59],[-19,5],[-88,-29],[-31,12],[-93,4],[-67,-27],[-57,10],[-39,-78],[5,-35],[33,-35],[-25,-31],[-2,-37],[-13,-57],[-56,-70],[-79,48],[-20,42],[-9,94],[-62,55],[-13,-3],[-21,-20],[0,-74],[-28,-78],[-43,-43],[-41,9],[-31,-54],[-59,-25],[-65,6],[-47,41],[-48,19],[-17,49],[-53,26],[-7,55],[-46,77],[-46,43],[-53,-11],[6,-35],[-23,-73],[4,-20],[65,-73],[10,-37],[-18,-23],[-67,-24],[-60,11],[-32,43],[-52,29],[-129,-23],[-70,27],[-104,-30],[-112,-32],[-85,15],[-101,7],[-43,-19],[-66,-55],[-39,-14],[-135,20],[-54,27],[-118,-32],[-101,7],[-69,-46],[-2,-111],[-66,-103],[-13,-82],[29,-53],[-12,-86],[28,-131],[-12,-48],[-34,-51],[-31,-11],[-142,102],[-13,25],[12,296],[10,36],[-20,147],[-26,89],[-19,25],[-73,38],[-98,-7],[-52,-148],[-73,-148],[-32,-38],[-114,-76],[-44,27],[-53,0],[-75,122],[-13,78],[-73,161],[-13,130],[-1,147],[25,110],[31,33],[48,-6],[33,18],[-2,78],[-35,20],[-65,6],[-41,-11],[-58,-44],[-45,-11],[-190,17],[-41,15],[-71,59],[-30,88],[-22,14],[-87,24],[-114,-21],[-56,-35],[-112,-9],[-170,24],[-76,2],[-41,-17],[-64,0],[-62,-39],[-72,5],[-41,22],[-120,45],[-130,-13],[-66,27],[-97,94],[-36,16],[-127,-8],[-34,10],[-71,23],[-92,-25],[-92,24],[-48,-15],[-69,12],[-36,14],[-145,167],[-85,40],[-40,17],[-63,-42],[-40,0],[-64,-35],[-70,-12],[-73,-109],[-22,-11],[-45,-34],[-51,-83],[-58,-20],[-119,-37],[-118,-20],[-70,-51],[-61,-23],[-61,-54],[-35,-4],[-44,-6],[-98,-100],[-47,-10],[-75,-128]],[[54560,34475],[-38,99],[28,58],[3,67],[-37,95],[52,138],[-45,102],[-6,155],[-29,48],[-6,32],[22,47],[-40,51],[19,49],[-2,47],[59,96],[63,204],[59,19],[34,-26],[37,3],[16,28],[-1,54],[-14,43],[-73,109],[4,51],[61,34]],[[63213,44831],[-3,38]],[[54560,34475],[-2,-28],[-65,-141],[-70,-218],[-27,-42],[-69,-58],[-102,-67],[-343,-69],[-110,-70],[-37,-69],[-36,-36],[-56,-130],[-51,-50],[-60,-39],[-37,-51],[-67,-116],[-17,-56],[-75,-74],[-80,-55],[-22,-17],[-61,-98],[-71,-221],[27,-73],[-12,-21],[-13,-95],[6,-103],[37,-75],[-18,-128],[-17,-24],[-77,-52],[-118,-5],[-16,-10],[-89,-120],[-29,-69],[-8,-63],[-33,-74],[-42,-21],[-35,-43],[-118,-19],[-8,-35],[7,-80],[-10,-49],[36,-75],[21,-78],[-17,-206],[-18,-44],[-89,-84],[-49,-179],[-46,-36],[-33,-67],[-84,-53],[-150,32],[-67,-96],[-15,-72],[75,-74],[12,-53],[28,-54],[1,-63],[-60,-131],[-61,-80],[-84,-25],[-48,-38],[-51,-109],[-17,-85],[-131,-145],[-61,-32],[-77,-95],[-23,-52],[-61,-232],[-73,-114],[-33,-21],[-41,-73],[-105,-108],[-55,-40],[-14,-39],[-73,-29],[-53,-33],[-84,-30],[-52,-51],[-68,-30],[-42,-44],[-84,-26],[-81,-61],[-51,-21],[-124,-94],[-89,-91],[-52,-77],[-194,-72],[-114,-50],[-31,-68],[-62,-20],[-77,-55],[-77,-120],[6,-69]],[[49744,27949],[-96,-144],[-86,-104],[-33,-25],[-41,-7],[-67,-12],[-180,-74],[-72,-38],[-41,-61],[-60,-14],[-40,-45],[-63,-62],[-61,-22],[-113,-67],[-90,-96],[-28,-49],[-70,-62],[-54,-97],[9,-32],[-13,-264],[-40,-64],[-16,-52],[-78,-153],[-42,-163],[-53,-113],[-65,-93],[-27,-24],[-86,-24],[-259,-157],[-64,11],[-58,-50],[-32,-92],[-19,-129],[-36,-98],[-12,-104],[-15,-62],[-31,-57],[-5,-36],[0,-94],[-42,-79],[-22,-69],[-17,-163],[9,-52],[9,-62],[-40,-141],[-44,-70],[-47,-40],[-81,-39],[-179,-145],[-74,-26]],[[47079,24234],[-51,57],[-26,56],[4,40],[-41,13],[-37,-8],[-72,57],[-32,53],[-31,10],[-31,108],[-26,33],[-98,26],[-39,47],[-38,-25],[-20,29],[-36,11],[-65,-13],[11,51],[-34,22],[-64,-12],[-17,45],[-34,13],[-33,-10],[-16,34],[-38,19],[-36,-49],[-27,-24],[-14,-58],[-88,-11],[-106,1],[-49,-56],[-51,15],[-28,-32],[0,-28],[-132,-11],[-49,-80],[12,-47],[-92,-10],[-72,19],[-144,-99],[-63,29],[-38,55],[-26,-39],[-69,-32],[-15,16],[-51,-29],[-44,17],[-16,-37],[-86,-1],[-37,20],[-100,77],[-30,7],[-43,-85],[-24,-4],[-62,38],[-28,31],[-70,23],[-20,82],[-36,24],[12,31],[8,84],[-11,108],[-23,28],[42,74],[-7,50],[-27,72],[24,66],[-41,-1],[-27,35],[9,50],[-30,22],[2,67],[-79,43],[-50,6],[-14,98],[27,65],[-21,31],[-29,132],[-36,54],[34,15],[0,72],[65,102],[26,83],[-70,117],[-45,32],[12,42],[-12,53],[74,60],[-17,18],[-36,83],[27,8],[24,50],[-44,43],[1,63],[-55,31],[-69,-23],[-6,124],[-38,57],[14,12],[-29,113],[-36,17],[37,106],[-57,89],[-10,48],[13,21],[-7,79],[-28,29],[4,40],[-16,37],[17,25],[12,128],[31,25],[10,32],[49,82],[-3,101],[-27,186],[-127,96],[-26,28],[-6,40],[-60,30],[-60,132],[-9,62],[37,46],[-5,122],[-15,56],[-49,15],[-53,-13],[-32,40],[6,45],[-54,35],[-19,41],[-13,82],[-35,35],[-98,-14],[-45,21],[-65,-17],[-8,-23],[-44,6],[-29,30],[-74,-21],[-97,24],[-31,-25],[-57,5],[-52,34],[-24,-32],[-72,1],[-71,25],[-41,-12],[-51,52],[-14,54],[-85,-2],[-56,53],[-33,-7],[-46,52],[-18,47],[-44,23],[-22,53],[12,35],[-30,46],[-2,37],[-39,61],[-64,1],[-45,-14],[-56,10],[-8,-33],[-71,-9],[-40,-65],[-20,-97],[-51,-26],[9,-41],[-36,-58],[-56,-29],[-27,-36],[-47,-36],[-33,4],[-23,-24],[-60,20],[-9,61],[-46,11],[-1,-70],[-41,-49],[-24,42],[-47,2],[-48,-35],[-29,13],[-41,-11],[8,-63],[-41,-15],[-44,-37],[-91,64],[9,35],[-23,44],[-34,-17],[-14,-36],[-44,40],[-47,-15],[-27,45],[-59,-12],[-29,53],[-28,-33],[-91,12],[-23,-30],[-68,1],[-27,-17],[-39,45],[-36,13],[-28,-21],[-82,-7],[-41,65],[-29,-22],[-6,-54],[-46,-27],[-39,32],[-89,49],[-52,-47],[-90,24],[-43,-15],[-4,47],[-20,23],[-69,20],[-39,-9],[-31,32],[-92,-8],[-40,11],[-24,31],[-69,-23],[-71,12],[-23,32],[11,58],[-49,28],[-20,92],[-56,-30],[-87,10],[-29,34],[-40,-5],[-15,-36],[-52,5],[-11,-35],[11,-47],[-21,-14],[-75,32],[-39,-60],[-48,28],[-16,44],[-45,-17],[-89,-12],[-101,23],[-27,97],[-67,-18],[-50,-1],[14,74],[-47,30],[3,48],[71,46],[21,37],[-1,54],[21,35],[38,118],[-28,48],[39,40],[41,18],[-132,84],[85,52],[54,139],[-81,49],[12,58],[92,68],[32,43],[-7,19],[-92,49],[-18,28],[-20,69],[35,53],[29,20],[-18,40],[-83,39],[-24,70],[14,71],[70,88],[8,73],[39,83],[8,44],[101,134],[12,84],[-106,30],[-51,65],[149,125],[19,101],[-38,137],[38,107],[-47,82],[-7,65],[44,49],[69,111],[-17,43],[11,55],[-33,16],[-30,-30],[-58,20],[-48,88],[-63,2],[-3,42],[119,93],[14,20],[2,62],[-76,77],[-30,1],[-74,-28],[-48,24],[52,112],[43,12],[99,-16],[28,23],[-35,73],[-99,128],[-28,-8],[-47,-97],[-70,4],[-7,48],[38,104],[-47,23],[-50,54],[6,50],[28,54],[-51,156],[8,69],[44,82],[-1,36],[-60,98],[-97,24],[-51,57],[-39,122],[24,98],[-3,70],[-61,21],[-59,-60],[-39,27],[-8,88],[25,37],[53,22],[17,29],[-34,38],[-56,-1],[-13,22],[33,49],[84,25],[54,91],[96,12],[35,104],[23,19],[81,0],[19,11],[44,84],[72,-1],[55,-51],[92,150],[10,37],[-632,544],[769,1896],[170,5],[38,57],[-24,59],[-37,28],[-4,203],[-107,-2],[458,1722],[238,27],[-47,37],[-21,51],[-51,-9],[-162,176],[-61,223],[-284,565],[87,1],[-1,52],[-86,94],[23,109],[-50,28],[-23,66],[-19,0],[-32,85],[-31,9],[-18,50],[20,30],[-23,49],[23,25],[-39,29],[23,27],[-35,38],[20,16],[80,-22]],[[80590,38132],[-81,-172],[-75,-214],[-8,-135],[-1,-132],[-41,-143],[-16,-122],[-26,-372],[14,-273],[27,-375],[42,-497],[-24,-197],[-27,-97],[-77,-205],[-176,-370],[-9,8],[37,88],[-30,-7],[-47,-113],[-7,-42],[-114,-35],[-101,-54],[-192,-151],[-110,-118],[-23,-33],[-18,-88],[-54,-70],[-34,-69],[-4,-35],[-114,-71],[20,-62],[-43,-106],[-15,-59],[-57,-6],[-18,-41],[39,-52],[0,-92],[-23,-55],[-34,-173],[-54,-100],[-37,-50],[-24,-79],[-15,2],[-30,60],[-55,-19],[17,-29],[5,-62],[-35,-109],[-30,-23],[-35,-57],[-32,-96],[8,-12],[-70,-127],[-32,-106],[-42,-44],[-46,-73],[-21,-81],[-74,-114],[-34,43],[-36,-8],[-12,-77],[-30,20],[-67,-88],[-43,-119],[-76,-33],[-40,-57],[-17,-78],[-61,-6],[-50,-29],[-60,23],[-105,-57],[-34,-20],[-66,-9],[-35,-42],[-15,-62],[-96,-134],[-22,-99],[8,-67],[-19,-69],[-46,-52],[-64,-188],[-120,-95],[-42,-60],[-81,-149],[-11,-66],[7,-67]],[[77301,30628],[-48,34],[-37,11],[-17,89],[-41,17],[-40,-20],[-31,44],[-80,55],[-64,-28],[-42,8],[-9,-26],[-45,-17],[-100,10],[-50,50],[-42,14],[-35,-39],[-35,-7],[-46,16],[-42,56],[-46,20],[-180,27],[-44,-40],[-76,39],[-18,54],[-41,-5],[-34,25],[-79,-16],[-24,29],[-58,23],[-7,42],[-55,-16],[-25,26],[-48,10],[-108,78],[-55,-22],[3,50],[-44,11],[36,71],[-24,21],[18,85],[26,43],[-13,35],[27,40],[-12,84],[-36,30],[7,44],[20,9],[11,58],[-16,20],[35,58],[-33,15],[-34,-20],[-6,50],[20,44],[-6,48],[-76,50],[-43,5],[-45,-15],[-25,45],[-42,30],[-19,36],[-31,-1]],[[68483,28149],[121,-30],[33,-29],[47,-111],[-15,-40],[78,-100],[40,-45],[-16,-17],[78,-39],[-15,-64],[3,-47],[23,-19],[74,3],[40,-49],[26,61],[21,-25],[30,16],[40,-68],[38,-1],[12,-28],[56,75],[46,-14],[41,13],[37,29],[51,-27],[-2,52],[40,37],[72,-24],[-5,-78],[42,59],[40,-2],[16,-23],[109,-11],[37,-33],[45,7],[108,-77],[-14,-28],[35,-22],[28,-58],[-36,-36],[-16,-49],[-47,-9],[2,-42],[-57,-1],[-69,-80],[-2,-55],[-31,-108],[-33,-15],[-29,22],[-50,-43],[-18,19],[-117,-48],[-91,30],[-44,-60],[-67,-33],[-32,51],[-2,49],[-27,3],[-58,-46],[-31,-9],[-51,-50],[-46,29],[-57,-24],[-16,8],[-49,-47],[-22,-24],[-48,-33],[-32,26],[-33,-46],[-57,18],[-71,-42],[-27,-83],[-83,-1],[-25,-47],[20,-30],[-21,-50],[-3,-46],[-21,-13],[2,-116],[-17,-27],[10,-40],[-33,-45],[3,-42],[-45,-17],[-41,-35],[-27,-3],[-25,-51],[15,-119],[44,-1],[68,-85],[82,-50],[16,-102],[41,-11],[21,-42],[57,-27]],[[68597,25664],[-58,6],[-78,-29],[-17,24],[-83,-45],[-37,2],[5,60],[-55,17],[-53,-34],[19,68],[-7,23],[-46,10],[-29,-39],[-48,-17],[-21,-55],[-46,-23],[-20,-32],[-35,8],[-48,-51],[-39,14],[-27,-30],[-42,12],[-16,-44],[29,-53],[-44,-71],[15,-18],[-32,-40],[-18,45],[-50,-7],[8,-33],[-33,-29],[-53,63],[-65,-7],[25,-42],[1,-65],[-56,5],[-24,54],[-68,-44],[40,-105],[-51,-9],[-32,-28],[-74,15],[3,28],[-44,17],[-50,-15],[-48,-44],[-40,-69],[-71,-27],[-29,32],[-24,-11],[-43,-72],[-8,-72],[11,-63],[13,-46],[53,2],[-4,-30],[-30,-34],[31,-78],[-5,-63],[-17,-39],[-60,-30],[-80,38],[-81,-57],[-23,28],[-51,5],[5,30],[-45,23],[-14,48],[-52,0],[-88,-28],[-3,43],[-46,27],[-188,28],[-59,-2],[-27,21],[-77,-16],[-17,31],[-76,1],[-126,-13],[-115,-30],[-229,-91],[-54,-1],[-98,-44],[-55,-63],[7,-79],[-30,-14],[-65,-68],[3,-38],[37,-14],[-50,-44],[2,-73],[-68,14],[-78,-15],[-48,-38],[-39,-46],[-23,25],[-39,-28],[-27,16],[7,58],[37,16],[-43,51],[-66,9],[-68,3],[21,-42],[-40,-24],[3,-69],[-59,25],[-32,-5],[-195,-65],[-222,-111],[-239,-132],[-173,-126],[-113,-57],[-111,-81],[-103,-70],[-143,-127],[-5,-51],[-21,-57],[-35,-33],[28,-82],[-54,-39],[-104,-33],[-216,-174],[-21,-41],[-94,-62],[0,-31],[-51,-11],[-333,-214],[-80,-54],[-22,-35],[-133,-56],[-155,-95],[-135,-99],[-368,-318],[-179,-190],[-32,-56],[-13,-67],[-51,0],[29,-93],[2,-45],[-31,-28],[-32,-106],[-77,-57],[-167,-149],[-161,-173]],[[60905,20906],[7,38],[31,38],[136,127],[-37,32],[-42,-48],[-56,-17],[-34,11],[-32,-24],[-84,57],[-24,51],[-48,16],[-21,36],[34,17],[27,42],[8,52],[-40,31],[-28,71],[-46,77],[11,45],[-9,41],[16,36],[-50,21],[19,30],[-35,46],[-28,34],[-40,-49],[-23,-93],[-19,-14],[-45,12],[-97,0],[2,25],[-59,61],[-6,20],[-69,41],[-13,-24],[-39,-4],[-92,-58],[-21,-97],[-34,-14],[-32,-64],[-37,-42],[-28,9],[-33,37],[-4,56],[-21,26],[-32,0],[3,43],[-39,41],[3,41],[71,78],[-11,44],[23,39],[-8,57],[7,56],[33,40],[0,30],[-38,10],[-2,42],[29,105],[49,49],[40,16],[35,86],[-80,52],[-49,41],[-18,39],[-78,72],[-28,-1],[-57,-52],[-38,-6],[-69,64],[-29,-31],[-113,-36],[-59,-3],[-20,40],[-53,19],[-34,51],[-56,-51],[-29,20],[-107,-14],[-111,1],[-57,22],[-6,27],[-43,-10],[-18,44],[-31,23],[-46,-119],[-38,-10],[-10,27],[-86,-34],[-41,17],[-13,17],[-99,11],[-56,-35],[-22,-42],[-107,27],[-29,-4],[-80,80],[28,22],[-37,41],[21,44],[-13,44],[22,19],[-30,78],[28,52],[57,21],[-33,97],[59,19],[12,45],[39,13],[-7,61],[-4,29],[39,58],[-37,19],[33,63],[84,92],[-52,7],[-15,26],[-39,0],[-3,29],[-42,32],[-33,-2],[-10,42],[-28,40],[-8,64],[-106,86],[27,39],[-10,31],[15,41],[0,93],[-47,28],[-20,36],[-41,-13],[-45,30],[10,31],[-56,20],[-16,77],[-44,24],[-12,60],[-22,1],[-41,84],[-25,119],[-39,4],[-2,76],[-31,-29],[-47,14],[-27,60],[-38,26],[-35,56],[16,57],[-27,17],[80,30],[23,22],[7,63],[-14,41],[14,43],[-10,72],[36,75],[-14,33],[-41,39],[-23,46],[-37,16],[-42,111],[8,41],[36,27],[-13,45],[22,26],[-3,49],[-54,33],[-9,35],[60,99],[11,33],[6,48],[35,6],[2,55],[-25,-1],[-27,82],[19,43],[-45,39],[-50,5],[36,47],[-20,72],[9,59],[-36,105],[-23,29],[2,46],[-49,92],[-4,29],[-43,1],[-42,43],[-41,38],[22,59],[-56,37],[-30,-20],[-59,6],[-43,36],[-10,27],[-44,33],[-39,-18],[-78,22],[-58,37],[-10,38],[36,94],[-68,46],[-52,11],[-39,50],[-5,12],[18,21],[11,59],[-27,46],[-30,22],[-26,-11],[19,-58],[-38,-5],[-20,41],[-82,14],[-34,-56],[-57,13],[-52,-43],[-41,0],[-40,13],[-72,-47],[-47,3],[-29,13],[-51,-14],[-15,39],[-61,20],[-61,-17],[-41,-32],[-49,8],[-40,80],[-49,32],[-87,-22],[0,-50],[-24,-33],[-39,13],[-34,-9],[-50,22],[-51,-21],[-46,27],[-17,53],[-95,28],[-72,-51],[-22,29],[-42,17],[-25,25],[-57,-3],[-83,-140],[-48,-24],[-33,8],[-29,32],[-89,-6],[-18,26],[31,118],[-54,39],[-14,36],[-23,18],[-19,71],[-39,40],[-72,55],[-77,-2],[-41,-22],[-38,48],[-39,10],[-36,-24],[-37,0],[-104,69],[-208,30],[-58,42],[-25,24],[-42,7],[-51,30],[-32,68],[-50,57],[-37,4],[-36,-17],[-80,16],[-88,24],[-68,-24],[-51,37],[-48,2],[-84,-78],[-40,-18],[-38,2],[-40,7],[-62,-23],[-63,28],[-82,75],[-6,-2],[-73,3],[-84,-31],[-43,1],[-17,20],[-18,93],[-87,30],[-187,-44],[-41,9],[-36,39],[-25,31],[-88,89],[-46,10],[-81,45],[-70,18],[-3,3],[-70,2],[-106,55],[-64,-26],[-30,-57],[-8,-50],[-24,-84],[14,-108],[-61,-31],[-32,-9],[-58,-43],[-12,19],[-6,90],[-21,35],[-46,9],[-66,-30],[-35,-22],[-143,21],[-119,49],[-71,2],[-108,-63],[-83,48],[-66,69],[-43,61],[-57,-22],[-117,-96],[-77,-38],[-57,1],[-137,63],[-77,15],[-63,-32],[-24,-1],[-112,97],[-47,18],[-102,-10],[-44,-26],[-47,-50],[-41,-22],[-36,-44],[-66,-43],[-29,-44],[-39,94]],[[67790,25198],[-12,18],[53,67],[42,-18],[-83,-67]],[[67374,24724],[55,-70],[-30,-81],[6,-26],[-39,-45],[-38,-4],[-31,-32],[-6,-54],[34,-50],[66,-3],[20,-95],[-18,-78],[-63,-8],[-39,56],[14,33],[-23,49],[-26,-11],[-49,9],[-33,-31],[-138,-17],[-64,-18],[-35,18],[-35,50],[-3,69],[101,72],[14,31],[94,72],[21,80],[33,54],[3,59],[17,36],[56,7],[58,-35],[33,3],[45,-40]],[[77301,30628],[-19,-85],[6,-69],[-53,-81],[-34,-10],[-63,-117],[-99,-103],[-27,-83],[1,-44],[33,-130],[39,-48],[63,-17],[-39,-184],[-10,-104],[83,-507],[6,-138],[-44,-103],[-323,-195],[-88,-60],[-148,-65],[-580,-150],[-120,-47],[-240,-98],[-119,-66],[-110,-92],[-61,-35],[-19,-47],[14,-39],[-116,-67],[-81,-73],[-25,-79],[-39,-25],[-32,2],[-95,-125],[-24,26],[-45,-19],[-36,-56],[-37,-99],[-13,-28],[-5,-140],[29,-155],[54,-40],[32,-58],[36,-29],[30,3],[29,44],[59,-5],[22,-16],[-34,-45],[-42,-26],[-32,21],[-73,-76],[-71,-36],[-34,-72],[11,-51],[-50,-42],[-21,16],[-47,-55],[-11,-71],[30,-72],[-33,-20],[-69,36],[-504,68],[-171,17],[-246,3],[-206,25],[-172,-8],[-82,-17],[-29,-39],[-29,16],[-63,3],[-284,-9],[-134,-21],[-171,21],[-45,-16],[-32,-10],[-91,63],[-93,14],[7,41],[32,32],[-49,53],[-44,7],[51,55],[29,60],[23,42],[-3,34],[35,20],[2,83],[42,56],[85,54],[-1,44],[-15,22],[8,63],[-49,29],[-28,-12],[-41,23],[-66,-23],[-9,-46],[-23,-18],[-50,20],[-73,-32],[-77,-14],[-40,-30],[-107,-102],[-25,-70],[70,-78],[22,-9],[15,-94],[45,0],[12,-56],[34,13],[76,-36],[-48,-110],[33,-39],[-43,-24],[-14,-48],[-71,11],[-42,-30],[-73,1],[-49,-24],[-37,43],[-50,17],[-44,30],[-10,-41],[77,-6],[54,-51],[-148,15],[-151,-13],[-143,-35],[-34,-32],[-61,-7],[-32,-27],[-7,-35],[-45,8],[9,59],[-117,113],[-69,17],[-30,49],[-74,-2],[-62,81],[-145,105],[-56,-7],[-36,22],[-8,29],[-78,-10],[-24,-38],[-59,-20],[-91,13],[-32,-19],[-27,9],[-60,-15],[-63,-63],[-7,-41],[-52,-1],[34,47],[-9,61],[-80,-43],[11,-43],[-15,-48],[-74,-77],[-90,-42],[-31,18],[-16,-36],[-49,-14],[-11,41],[-87,-43],[-19,20],[40,90],[-39,47],[-69,-54],[-63,-13],[-22,41],[-25,-33],[-71,-2],[-9,14],[32,61],[50,-1],[40,33],[-18,61],[-32,30],[27,41],[-51,21],[-32,-2],[-30,-38],[49,-22],[-22,-27],[-46,-1],[-34,23],[-64,-3],[-28,-33],[9,-36],[-24,-33],[0,-32],[-46,-36],[-37,34],[-63,-60],[-34,7],[-93,-25],[-83,-63],[1,49],[-48,6],[-76,-30],[-38,8],[-55,-74],[-13,-49],[-8,-103],[-23,-80],[-34,-69],[28,-39],[-10,-40],[36,-4],[16,27],[35,11],[70,53],[16,-39],[-43,-41],[-54,-28],[33,-25],[29,32],[43,-15],[42,16],[-103,-150],[43,7],[52,90],[45,25],[1,24],[50,0],[-3,-50],[-20,-37],[78,-20],[23,19],[20,-55],[-28,-44],[-35,3],[-14,-65],[-50,-68],[-37,-4],[-17,29],[-72,43],[-46,-37],[-60,0],[-33,21],[-68,-42],[14,-25]],[[69685,26310],[39,29],[86,-26],[-7,-60],[63,6],[-4,-47],[67,-9],[52,-40],[45,-57],[-49,-24],[-25,40],[-67,0],[-28,-33],[-35,12],[-25,-42],[-22,14],[-105,-30],[-5,42],[-39,26],[-68,7],[-64,-80],[-46,-8],[28,58],[-40,1],[-42,53],[85,42],[31,-3],[38,74],[57,-32],[23,49],[35,1],[22,37]],[[71005,26408],[119,23],[40,-54],[-164,2],[5,29]],[[60905,20906],[-155,-171],[-72,-120],[-32,-100],[-103,-15],[-63,-36],[-61,-8],[14,-114],[35,-24],[-54,-75],[-78,10],[-9,-26],[-59,-27],[-51,-40],[-71,-85],[-103,-175],[-114,-221],[-28,-98],[-25,-29],[-36,-11],[9,-87],[-45,-90],[-35,-127]],[[59769,19237],[-61,-11],[-40,38],[-11,29],[-53,-58],[-22,0],[-121,-7],[-508,14],[24,-24],[-44,10],[-34,-44],[-52,-25],[-30,0],[-47,30],[-12,-38],[-97,42],[-19,-17],[-56,35],[-37,-48],[-70,40],[-20,-21],[-120,-53],[-38,-42],[-11,-53],[-23,-32],[-61,-6],[7,-51],[-27,-21],[-44,4],[-29,-37],[-57,-29],[-62,-46],[-92,-29],[-69,14],[-11,-28],[-48,-28],[-4,-24],[-6,-46],[-49,-21],[-68,-6],[-27,-32],[-59,22],[-49,5],[-6,39],[-35,-10],[-65,23],[-56,80],[-30,-1],[-45,57],[-40,-40],[-19,34],[28,34],[-53,10],[-3,49],[-40,27],[-19,-23],[-45,20],[-41,47],[-57,45],[-9,32],[-36,21],[-6,53],[-111,27],[-42,17],[-16,27],[-42,-30],[27,-24],[-55,-71],[20,85],[-27,27],[-38,7],[-41,-5],[11,-82],[-65,49],[-45,-23],[-36,3],[-42,-19],[-63,-50],[-48,92],[-65,6],[-5,-39],[37,-19],[-53,-77],[-26,21],[-46,35],[-31,-8],[-26,63],[-23,13],[-47,-31],[-19,-23],[-49,-8],[-44,-33],[-33,-101],[15,-39],[-21,-26],[-69,55],[12,44],[-26,42],[-68,55],[-10,-20],[-54,9],[-59,92],[-92,11],[-109,-42],[-30,83],[-17,12],[-49,-50],[0,-51],[24,-16],[64,14],[-3,-40],[-84,-29],[-82,21],[-64,-97],[16,-75],[-70,-44],[-39,-84],[-14,-15],[-63,-40],[35,-84],[-6,-21],[-56,-9],[-6,48],[-23,20],[-82,-14],[-72,-43],[-28,-68],[-19,12],[-36,64],[-18,1],[-24,-89],[-41,-31],[-21,12],[3,85],[-49,41],[-31,-7],[27,-76],[-29,-36],[-19,33],[-36,13],[-9,48],[-39,28],[-20,12],[-122,-36],[-62,43],[-12,-48],[-37,-71],[-109,-9],[-53,-43],[-34,-13],[-33,15],[-22,-48],[-57,-22],[-33,-43],[12,-19],[-19,-38],[16,-29],[-37,-30],[-49,-36],[-21,-47],[15,-40],[40,-24],[-11,-23],[57,-24],[-46,-86],[21,-39],[33,-21],[7,-46],[38,-42],[12,-99],[-31,-26],[20,-29],[-24,-31],[-43,7],[-20,-31],[-34,-11],[-1,-29],[-90,-8],[-21,26],[-130,-43],[-31,-31],[28,-24],[-18,-69],[-35,-5],[21,35],[-56,22],[-14,69],[-43,43],[-8,63],[-67,7],[6,54],[-14,32],[-34,13],[-41,-28],[-35,15],[-93,-3],[-21,17],[-77,-26],[-27,47],[-48,47],[-38,-42],[-43,-25],[-47,24],[-26,-22],[-73,2],[-44,-24],[-73,36],[-58,-45],[-16,21],[-46,-29],[-26,40],[-39,11],[-57,-11],[-38,38],[-29,-13],[-37,20],[-80,4],[-11,26],[-34,40],[-74,45],[-29,-9],[-34,33],[-12,80],[-32,19],[-96,9],[-62,70],[-35,-35],[-70,-18],[-40,23],[-46,-14],[-28,7],[-45,48],[-51,-9],[-35,25],[-51,3],[-33,-25],[-44,43],[-49,-32],[-42,2],[-49,-3],[-27,45],[-46,5],[-60,53],[-66,-32],[-16,12],[-95,-21],[-29,19],[-43,60],[-55,27],[-37,53],[-54,-12],[-38,4],[-50,30],[-35,-21],[-45,14],[-35,-10],[-59,20],[-59,-4],[-68,-41],[-52,-4],[-40,17],[-42,-15],[-16,-9],[-67,25],[-44,28],[-77,-61],[-51,-33],[-88,-20],[-7,20],[-74,27],[-43,54],[-85,20],[-13,22],[-85,44],[-27,42],[-24,9],[-35,88],[-53,32],[-28,-27],[-28,22],[-28,-13],[-39,19],[-85,14],[-47,-36],[6,-17],[-60,-48],[-38,5],[-111,-49],[-68,29],[-55,-10],[-6,18],[-57,34],[-15,48],[-86,-12],[-28,26]],[[48529,18666],[-32,36],[25,58],[-68,94],[-15,29],[-47,30],[-35,66],[-57,25],[5,82],[29,49],[-21,59],[-24,-7],[-75,60],[-28,39],[-55,42],[-42,45],[-15,98],[50,13],[4,40],[-2,39],[-40,26],[32,39],[-43,83],[10,59],[35,60],[-44,54],[-14,76],[-37,-8],[32,98],[2,39],[-26,80],[-32,38],[-82,21],[-8,50],[-39,-15],[-32,27],[-27,-47],[-24,77],[-45,36],[-49,53],[-23,2],[-37,-47],[-22,-4],[-47,59],[-19,7],[-24,-68],[-1,-73],[-24,-8],[-31,60],[-20,71],[9,33],[53,84],[7,49],[-43,10],[-71,-61],[-38,-53],[-66,17],[-37,-20],[5,-39],[55,-21],[10,-47],[-53,6],[-69,48],[-15,-19],[5,-57],[-33,-11],[-65,101],[-35,-1],[-75,-37],[-39,-89],[-55,33],[-34,-11],[-16,-89],[-72,-64],[6,-77],[-34,-9],[-22,85],[-107,110],[-64,-32],[-28,26],[6,50],[-33,23],[-100,-8],[-1,126],[-14,49],[-2,96],[-36,42],[-4,42],[35,30],[53,143],[84,92],[48,81],[40,41],[25,66],[20,108],[25,54],[50,99],[25,9],[16,38],[-8,60],[-61,82],[3,154],[37,129],[1,101],[47,117],[26,155],[43,151],[15,36],[53,59],[48,139],[28,76],[17,179],[-4,44],[-41,137],[1,57],[31,106],[75,99],[36,91],[35,70],[-28,127],[-35,67],[-86,83],[-10,152],[-35,72],[-1,57],[19,52],[67,57],[43,71]],[[59769,19237],[-27,-98],[-10,-127],[16,-18],[9,-154],[36,-104],[25,-24],[27,34],[71,1],[-9,-78],[12,-41],[27,-29],[36,19],[-122,-233],[-44,-126],[-62,-115],[-16,-60],[5,-50],[6,-8],[-78,-118],[-82,-188],[-33,-95],[-26,-143],[16,-71],[-3,-76],[16,-78],[24,-27],[33,23],[35,-52],[29,-21],[75,16],[-26,-49],[-18,-63],[-41,3],[-31,-72],[-19,-145],[33,-56],[-4,-62],[-14,-62],[40,-57],[29,28],[47,4],[2,-123],[-23,-53],[3,-49],[-56,-52],[20,-58],[41,-55],[41,-28],[38,-3],[53,68],[91,-50],[-6,-40],[-29,-25],[-5,-59],[-35,36],[-44,7],[-94,-74],[-57,-17],[-30,-84],[-2,-43],[44,-121],[91,4],[68,-51],[-31,-61],[-43,-40],[-19,-49],[4,-58],[-40,-43],[-44,25],[-43,-10],[-41,-71],[-23,-65],[32,-85],[1,-35],[42,-45],[-12,-28],[36,-37],[54,-17],[19,-42],[-48,-59],[-38,47],[-49,-19],[-2,-69],[-29,5],[-41,-33],[51,-51],[-12,-88],[12,-23],[2,-74],[39,-24],[0,-47],[-33,-10],[21,-125],[66,-4],[9,-51],[-38,-58],[22,-46],[40,-11],[-22,-42],[-31,-20],[-49,-65],[-3,-56],[-18,-34],[-7,-86],[45,-15],[23,-35],[-25,-26],[-2,-56],[-48,-52],[-13,-55],[7,-42],[-67,-137],[10,-46],[-21,-45],[11,-43],[-21,-50],[-37,-51],[-50,-118],[3,-56],[-77,-114],[-16,-69],[19,-21],[-46,-52],[-17,-52],[6,-71],[37,-6],[-4,-32],[-31,-27],[-1,-48],[-45,-25],[-32,-53],[-46,-49],[6,-42],[-97,-22],[-253,-131],[-475,-319],[-232,-197],[-298,-284],[-207,-238],[-315,-390],[-130,-186]],[[57157,10836],[-40,21],[-27,39],[-55,6],[-52,36],[-55,0],[-54,63],[-29,11],[-5,61],[-119,63],[-55,2],[-28,19],[-45,-7],[-5,-26],[-53,-35],[-56,-1],[-96,-49],[-92,-11],[-18,-13],[13,-52],[36,-44],[64,-36],[59,-91],[-5,-9],[-61,76],[-47,-5],[-126,120],[-2,45],[-63,22],[74,28],[-15,33],[31,23],[-7,42],[96,-36],[17,34],[-4,37],[65,22],[36,-20],[73,64],[16,74],[23,24],[63,-3],[-15,41],[8,46],[24,39],[-63,-1],[103,112],[-44,17],[11,47],[42,37],[8,55],[-58,1],[5,84],[15,12],[-29,14],[30,70],[-43,37],[24,56],[8,53],[-18,10],[7,127],[24,29],[65,47],[-17,59],[36,15],[103,-14],[-7,47],[53,-3],[13,-25],[14,50],[-7,69],[53,19],[-6,44],[42,39],[40,-14],[49,34],[9,-32],[51,12],[62,-16],[21,8],[-10,49],[-25,9],[5,54],[-28,15],[-20,62],[-40,14],[5,28],[44,42],[-85,41],[1,109],[-57,-92],[-56,67],[-52,-39],[-57,-6],[7,63],[-56,17],[-36,-19],[-51,34],[-1,-51],[-34,-27],[-16,79],[-35,-10],[-11,41],[-36,-15],[-26,-32],[-42,16],[-17,-54],[-24,-14],[-77,-2],[-32,19],[-86,-4],[0,30],[33,43],[-34,17],[-41,-19],[-2,-76],[14,-45],[-50,0],[-1,44],[-30,63],[-57,25],[-33,-46],[-38,9],[-24,76],[-60,-73],[-44,17],[-23,32],[-57,11],[-23,-14],[5,-48],[-32,6],[8,67],[-48,15],[-20,-55],[-33,32],[-65,3],[-33,8],[-40,49],[-29,-9],[-67,6],[-49,25],[-19,-13],[-13,-53],[-57,38],[-27,48],[-34,34],[-48,-27],[-45,33],[8,43],[-48,51],[-30,13],[14,38],[-37,55],[-43,34],[1,47],[-118,54],[-27,144],[-35,-23],[-26,12],[17,46],[-22,47],[13,45],[-70,2],[-28,58],[-64,-55],[-33,20],[15,53],[-29,52],[-39,34],[41,24],[16,66],[-36,49],[-71,25],[-13,50],[2,58],[-35,-1],[-107,64],[-20,-44],[-43,23],[5,77],[-82,52],[11,86],[-61,19],[5,50],[-50,35],[-67,-8],[-10,70],[-51,4],[-69,65],[-39,-1],[-32,19],[-40,-22],[-16,49],[-59,27],[-1,61],[-74,13],[15,43],[-22,20],[-5,47],[-31,14],[-51,-24],[-33,14],[-23,37],[16,60],[-22,28],[-40,-4],[-37,-61],[-50,7],[2,49],[-45,57],[-42,21],[-5,76],[-49,32],[-111,-10],[-23,-57],[-38,16],[-19,33],[19,98],[-16,7],[-65,-58],[-35,40],[26,83],[-27,21],[-28,-15],[-22,-64],[-48,36],[-2,56],[-51,11],[-17,-16],[-20,-59],[-16,-9],[-60,61],[-106,-4],[-7,-33],[27,-28],[-11,-38],[-58,46],[-35,-23],[-37,3],[24,90],[-36,25],[-42,-26],[10,-73],[-41,-12],[-20,48],[3,89],[-50,14],[-36,-29],[-42,-8],[-12,31],[50,36],[13,40],[-56,49],[-88,10],[-19,22],[38,27],[82,-12],[9,32],[-42,26],[-65,-16],[-39,29],[-13,30],[33,33],[-24,26],[-69,-34],[-54,18],[-66,-18],[-14,28],[10,53],[-44,28],[-91,-25],[18,76],[-20,27],[-39,-25],[-48,-114],[-40,-7],[-41,67],[-76,8],[24,45],[59,19],[1,33],[-47,12],[-94,-8],[-4,-42],[31,-80],[-22,-26],[-97,79],[-69,-38],[-17,41],[7,67],[-42,5],[9,-80],[-53,22],[-49,63],[25,82],[-13,20],[-90,-41],[-6,-81],[-125,14],[-20,51],[-47,-23],[-54,4],[-33,-33],[-37,-13],[-50,14],[-21,49],[-49,-11],[-6,-59],[-27,-37],[-34,25],[-3,60],[-19,37],[-32,-8],[-27,-45],[-29,-1],[-16,33],[15,63],[-17,25],[-107,21],[-51,-22],[-25,19],[7,62],[-15,24],[-47,-12],[-72,-64],[-54,-9],[-20,13],[-1,69],[-42,20],[-19,-38],[-10,-99],[-35,-10],[-36,46],[3,48],[42,55],[-24,59],[-26,12],[-51,-57],[-31,18],[-2,56],[54,91],[-19,25],[-45,-2],[-38,-20],[-27,-35],[-8,-29],[24,-73],[-9,-37],[-131,-50],[-20,17],[-16,74],[-33,8],[-21,-24],[-11,-80],[-25,-24],[-22,0],[-77,50],[-21,0],[-110,-65],[-38,-53],[-25,16],[5,43],[28,46],[29,105],[-43,43],[-68,-5],[-21,20],[-27,48],[-27,3],[-33,-39],[-41,-84],[-106,-40],[-47,52],[-55,1],[-5,-57],[35,-54],[5,-32],[-15,-31],[-39,2],[-37,21],[-40,48],[-38,7],[-78,-39],[-38,6],[-28,-66],[-47,0],[1,87],[-34,40],[-49,-4],[-67,-47],[-64,-24],[-35,94],[-21,18],[-92,-68],[-47,17]],[[48091,16339],[-4,33],[42,39],[50,75],[43,20],[-64,50],[18,42],[-12,64],[58,-24],[-2,52],[66,-4],[34,67],[32,41],[-28,41],[63,37],[-3,62],[49,-29],[23,5],[-55,29],[49,45],[5,49],[-52,15],[7,29],[71,43],[-64,57],[-50,62],[24,22],[-65,77],[35,58],[-98,79],[53,8],[16,124],[-16,55],[10,110],[12,34],[-1,88],[10,42],[-14,30],[16,47],[36,42],[-26,50],[61,71],[-2,36],[-38,50],[-3,33],[37,92],[11,59],[31,15],[32,83],[26,26],[15,96]],[[60148,15388],[-52,-73],[-32,-76],[4,-55],[30,-2],[-63,-112],[-63,-79],[-32,-101],[-37,-41],[-18,-44],[-3,-53],[64,-42],[-15,-54],[-25,-24],[-30,29],[-42,-10],[-40,-109],[-34,-22],[-25,9],[27,58],[-17,31],[-13,84],[30,37],[-7,87],[31,47],[-36,15],[-10,50],[41,59],[69,19],[-13,73],[-76,50],[42,25],[20,31],[64,56],[-49,23],[8,36],[27,22],[-22,55],[-32,11],[16,49],[29,37],[-12,29],[15,38],[82,-23],[24,27],[85,13],[-3,69],[57,20],[11,-52],[31,-78],[40,-46],[-10,-69],[-36,-24]],[[57157,10836],[-44,-81],[-160,-212],[-263,-390],[-34,-56],[-288,-579],[-28,-64],[-100,-227],[-115,-306],[-187,-512],[-88,-267],[-96,-213],[-78,-137],[-250,-358],[-172,-284],[-243,-351],[-213,-350],[-150,-187],[-170,-186],[-370,-339],[-218,-239],[-169,-184],[-491,-395],[-300,-181],[-305,-162],[-245,-167],[-173,-157],[-300,-345],[-16,45],[80,129],[19,86],[-5,83],[-23,63],[80,33],[13,39],[-20,68],[-154,153],[-12,66],[79,45],[60,4],[81,-20],[183,-113],[80,-14],[60,18],[86,60],[-7,56],[-38,32],[-57,-1],[-21,15],[138,29],[204,6],[97,35],[110,100],[107,132],[119,210],[102,92],[43,120],[45,61],[24,7],[0,-70],[20,-32],[90,-35],[102,41],[60,49],[58,29],[65,68],[63,92],[44,89],[64,264],[-7,164],[-35,144],[-4,61],[10,110],[29,10],[35,-34],[85,-30],[30,11],[99,79],[60,28],[56,7],[53,38],[38,66],[10,119],[-33,152],[89,-26],[54,9],[43,28],[54,61],[73,33],[7,27],[131,44],[37,26],[90,152],[33,108],[26,255],[-12,256],[-26,179],[-66,144],[30,49],[49,0],[101,-111],[38,68],[13,49],[68,-130],[-24,2],[-101,-33],[-14,-29],[10,-58],[25,-39],[63,-56],[61,-11],[40,105],[0,148],[47,83],[-1,55],[-21,33],[27,45],[12,92],[-17,31],[-57,21],[-52,122],[-40,-13],[-64,21],[-35,-22],[-22,-133],[31,-69],[-38,-33],[-121,-6],[-128,36],[-21,-84],[-21,-45],[-84,41],[-130,-2],[-49,-27],[-24,-56],[-9,-118],[21,-82],[-91,68],[-100,52],[-69,19],[15,34],[-35,35],[56,49],[28,95],[-35,60],[-59,31],[-18,31],[-40,15],[-29,-15],[-55,-2],[-20,-36],[-46,3],[7,51],[-54,14],[-5,55],[-38,6],[1,44],[-61,43],[4,78],[-79,59],[26,67],[2,34],[40,58],[1,37],[-24,19],[-63,-8],[-3,-26],[-72,-10],[-20,-71],[16,-35],[-17,-47],[18,-51],[-35,-39],[-2,-56],[26,-6],[-20,-90],[-21,-34],[35,-34],[31,1],[25,-29],[-27,-25],[-2,-68],[12,-40],[79,-5],[24,-23],[79,41],[8,-113],[33,-85],[24,-22],[112,67],[67,4],[-14,-48],[-37,-47],[-14,-92],[-18,-10],[-36,56],[-107,17],[-62,-38],[-68,-116],[-91,-233],[-7,-53],[19,-272],[-2,-136],[14,-116],[-36,38],[22,35],[-17,115],[-31,46],[-3,143],[-44,34],[-80,-12],[-38,-84],[-28,-160],[-2,-105],[34,-165],[41,-71],[-45,-14],[-117,24],[-72,-43],[-42,-57],[-11,-36],[-1,-114],[27,-121],[54,-127],[22,-31],[-36,-37],[-171,-31],[-47,-43],[-71,-2],[-44,-28],[-30,-62],[-20,-90],[9,-101],[23,-50],[-67,-14],[-122,13],[-38,-31],[-126,15],[-48,-31],[-49,-50],[-24,-43],[-65,36],[-38,-16],[-55,15],[-32,-27],[19,-28],[-67,-28],[-22,-47],[-52,-77],[-31,-113],[-22,-148],[-17,-112],[16,-166],[-49,-201],[-58,39],[36,34],[-16,36],[23,41],[-33,91],[32,53],[4,33],[-109,32],[-48,-11],[-14,-75],[33,-104],[61,8],[35,59],[5,-96],[-50,-44],[16,-53],[-159,-43],[-115,-71],[-70,-75],[15,-84],[-9,-58],[2,-75],[-43,13],[-31,-28],[17,-69],[63,10],[73,-75],[118,-53],[43,-50],[-3,-83],[38,-48],[13,-59],[49,-27],[4,-42],[-30,-3],[-45,-79],[-11,-45],[3,-109],[-20,-44],[-88,-54],[-148,-143],[-95,-133],[-144,-255],[-99,-235],[-10,-3],[-102,-310],[-81,-366],[-63,-190],[-237,-499],[-68,-128],[-88,-132],[-156,-201],[-101,-107],[-855,-765],[-418,-326],[-55,-15],[-42,7],[-32,24],[-19,109],[-197,11],[0,96],[17,81],[25,40],[5,77],[-10,37],[33,24],[37,-15],[5,-32],[30,-30],[36,11],[-16,49],[18,82],[24,5],[25,193],[-88,374],[-6,58],[100,245],[52,-3],[30,52],[130,150],[22,-38],[83,-43],[49,11],[41,89],[84,85],[53,77],[40,112],[-8,210],[26,122],[21,41],[33,24],[53,-74],[63,-24],[170,190],[-27,-77],[19,-45],[54,-72],[77,-71],[23,-8],[87,-88],[105,-29],[53,12],[94,63],[38,50],[93,156],[42,99],[144,268],[24,49],[55,222],[-4,87],[-84,202],[-142,247],[26,129],[55,142],[64,111],[14,49],[-9,-13],[-84,-23],[-25,-22],[-94,-20],[-39,5],[-15,-48],[-58,-31],[90,-21],[-26,-22],[-31,23],[-41,-47],[-19,-87],[-28,-49],[-26,-76],[-30,-47],[70,-107],[48,11],[32,38],[60,-22],[7,-32],[-41,-54],[-69,-68],[-51,-35],[-98,-27],[-87,-7],[-93,-23],[-58,-26],[-44,-43],[-14,-58],[-19,-147],[-30,-57],[-138,-33],[-21,-23],[-11,-68],[-58,37],[-50,11],[-56,-12],[-50,-34],[-26,33],[-107,31],[-32,65],[-42,-1],[-38,-41],[-96,87],[-48,-13],[-34,52],[-38,-40],[-35,14],[-118,145],[-29,102],[-64,0],[-66,-14],[-112,83],[-11,40],[-57,46],[-7,54],[-59,26],[3,41],[22,43],[-23,34],[-9,57],[8,42],[-25,14],[-48,80],[1,54],[-38,60],[-30,21],[-12,65],[-21,5],[11,54],[-57,89],[10,40],[-16,56],[-37,-5],[-37,23],[-47,-2],[-26,28],[-40,11],[-11,54],[-29,6],[2,72],[-87,17],[-48,68],[-73,27],[-31,0],[-26,34],[23,28],[-17,29],[-75,5],[-22,32],[-38,17],[-91,-56],[-29,-41],[-29,19],[-20,49],[-68,35],[-6,28],[-684,569],[10,23],[-32,70],[30,34],[-46,72],[-35,17],[-1,30],[-55,98],[-44,34],[-86,35],[-25,60],[-181,6],[-49,20],[-21,26],[-146,30],[-44,-22],[-35,15],[-69,-33],[-55,60],[8,23],[-44,24],[-18,52],[-40,-17],[-30,13],[-31,-15],[-5,70],[-55,12],[15,48],[-57,37],[-7,52],[-41,33],[-4,32],[-63,-1],[-2,-49],[-21,-44],[-39,-20],[6,-40],[-37,-1],[-75,60],[-89,30],[-30,24],[-13,39],[-76,20],[-80,2],[-18,30],[-3,105],[-28,27],[-43,3],[18,56],[-35,17],[-4,52],[-105,25],[20,39],[-20,80],[-24,41],[-19,68],[-35,52],[-54,-23],[-17,25],[-37,2],[-29,55],[27,27],[-30,30],[-7,32],[-36,21],[-63,9],[-1,51],[-39,6],[-11,51],[-51,6],[-66,79],[-2,36],[-31,32],[-55,-20],[-32,16],[-56,-22],[-35,-38],[13,-72],[26,-43],[-42,-48],[4,-33],[-39,-25],[-33,27],[-27,-26],[-38,-9],[-18,-40],[-35,-15],[-15,-44],[-43,-40],[-87,-5],[-37,-68],[-55,-4],[-34,-65],[-43,-13],[-20,23],[-53,-23],[-17,-26],[-104,31],[-25,-26],[-40,29],[-23,69],[8,110],[11,55],[9,136],[-6,72],[41,86],[-31,46],[-21,85],[-28,17],[6,32],[-36,25],[-50,2],[-7,56],[-52,-13],[-42,60],[-45,-17],[-5,58],[-45,26],[-1,62],[-41,68],[10,29],[-40,38],[28,27],[-46,27],[-64,-8],[-7,56],[-137,94],[-8,37],[-88,4],[-13,45],[-46,49],[-24,-28],[-38,12],[-47,70],[17,53],[-39,41],[-49,-3],[-34,25],[20,25],[-35,65],[-64,-32],[-34,68],[-30,26],[-61,1],[-13,39],[33,26],[-9,48],[-31,-15],[-45,42],[-2,36],[-42,-17],[-26,27],[-19,58],[-28,-16],[-24,23],[32,29],[-39,29],[-38,83],[-11,8],[-73,-19],[-49,60],[-87,49],[-39,-8],[-19,32],[10,60],[-46,14],[-16,43],[-73,31],[-67,-8],[-39,10],[-9,-35],[-39,1],[-49,21],[-49,-18],[-45,8],[-39,30],[-63,-6],[-19,-34],[-117,3],[-23,-39],[-46,1],[26,-52],[-22,-25],[-28,12],[-37,-81],[-50,-67],[8,-63],[21,-25],[-31,-42],[-55,-34],[-17,-52],[-42,-11],[-63,3],[-12,49],[-60,-63],[-28,27],[-24,56],[-30,-25],[-78,-33],[-42,18],[-37,-71],[-60,2],[5,64],[-76,2],[-30,26],[-48,-6],[-26,-54],[-55,10],[-54,27],[-40,47],[21,43],[-2,64],[-111,54],[-41,6],[-8,30],[86,-5],[108,43],[164,125],[66,134],[89,83],[94,42],[33,45],[22,69],[6,67],[-13,131],[72,129],[146,134],[128,-3],[88,31],[57,45],[156,148],[56,94],[82,42],[-6,80],[40,65],[34,23],[63,84],[67,59],[120,70],[40,82],[55,58],[-1,28],[-3,25],[29,87],[20,15],[102,13],[21,25],[116,239],[-15,89],[19,69],[80,97],[40,95],[39,21],[66,-1],[71,59],[202,39],[17,85],[27,60],[-41,45],[12,52],[67,78],[79,24],[45,41],[52,80],[5,77],[-11,112],[15,45],[67,49],[151,12],[29,19],[35,48],[36,82],[51,69],[149,147],[70,32],[49,40],[7,41],[-58,117],[18,62],[66,40],[85,8],[78,33],[68,9],[-1,45],[-44,119],[8,44],[46,85],[55,16],[82,-24],[153,-16],[37,-37],[28,-86],[53,0],[7,73],[32,74],[14,73],[-29,35],[-47,24],[-59,57],[-100,39],[-16,44],[13,20],[58,31],[110,31],[91,91],[56,24],[27,70],[-2,39],[31,45],[50,-16],[-8,-56],[53,-47],[29,8],[20,90],[64,30],[35,84],[31,3],[55,-51],[46,30],[44,72],[95,59],[13,47],[-29,39],[-8,41],[24,22],[58,8],[19,17],[17,82],[54,30],[45,-26],[33,-1],[41,38],[50,90],[71,63],[63,-13],[25,-39],[54,-47],[20,23],[-7,59],[19,31],[67,26],[81,-26],[27,-14],[34,30],[-3,33],[-124,89],[1,43],[67,27],[62,-63],[50,4],[21,50],[78,-11],[31,9],[40,76],[42,43],[7,71],[-11,151],[32,32],[72,-5],[45,63],[20,115],[37,71],[35,-6],[28,-115],[44,-15],[49,57],[42,-4],[96,-26],[17,43],[-18,75],[12,54],[34,-8],[20,-61],[22,-30],[41,9],[67,153],[14,66],[40,-8],[42,-47],[38,-74],[30,14],[26,45],[69,4],[48,7],[27,29],[-14,28],[-48,46],[21,38],[55,-3],[50,46],[44,-26],[58,-100],[32,-28],[38,24],[-12,81],[7,58],[35,-21],[62,-88],[17,-6],[43,34],[-7,44],[21,51],[65,9],[30,19],[23,132],[33,65],[-3,40],[14,60],[49,34],[21,-30],[-2,-75],[101,-19],[76,20],[47,81],[68,29],[7,98],[18,42],[114,3],[10,34],[-7,51],[23,27],[40,-13],[34,-45],[30,-1],[30,45],[13,64],[41,15],[52,-100],[15,-7]]],"transform":{"scale":[45.63905036139637,42.88381616912315],"translate":[-2178022.269230986,-2385526.729253314]},"objects":{"uf_albers_pos_quant":{"type":"GeometryCollection","geometries":[{"arcs":[[0,1,2]],"type":"Polygon","properties":{"cd_uf":"14","uf_sigla":"RR"}},{"arcs":[[3,4]],"type":"Polygon","properties":{"cd_uf":"16","uf_sigla":"AP"}},{"arcs":[[[-1,5,-4,6,7,8,9,10]],[[11]],[[12]],[[13]]],"type":"MultiPolygon","properties":{"cd_uf":"15","uf_sigla":"PA"}},{"arcs":[[-2,-11,14,15,16,17]],"type":"Polygon","properties":{"cd_uf":"13","uf_sigla":"AM"}},{"arcs":[[[-8,18,19,20]],[[21]],[[22]],[[23]],[[24]],[[25]],[[26]],[[27]],[[28]],[[29]],[[30]],[[31]],[[32]],[[33]],[[34]],[[35]],[[36]],[[37]],[[38]],[[39]],[[40]],[[41]],[[42]],[[43]],[[44]]],"type":"MultiPolygon","properties":{"cd_uf":"21","uf_sigla":"MA"}},{"arcs":[[-20,45,46,47,48,49,50,51,52,53,54,55]],"type":"Polygon","properties":{"cd_uf":"22","uf_sigla":"PI"}},{"arcs":[[-47,56,57,58,59,-53,60,-51,61,-49,62]],"type":"Polygon","properties":{"cd_uf":"23","uf_sigla":"CE"}},{"arcs":[[[-54,-60,63,64,65,66]],[[67]]],"type":"MultiPolygon","properties":{"cd_uf":"26","uf_sigla":"PE"}},{"arcs":[[-58,68,69]],"type":"Polygon","properties":{"cd_uf":"24","uf_sigla":"RN"}},{"arcs":[[-9,-21,-56,70,71,72]],"type":"Polygon","properties":{"cd_uf":"17","uf_sigla":"TO"}},{"arcs":[[[-59,-70,73,-64]],[[74]]],"type":"MultiPolygon","properties":{"cd_uf":"25","uf_sigla":"PB"}},{"arcs":[[-10,-73,75,76,77,78,-15]],"type":"Polygon","properties":{"cd_uf":"51","uf_sigla":"MT"}},{"arcs":[[-17,79,80]],"type":"Polygon","properties":{"cd_uf":"12","uf_sigla":"AC"}},{"arcs":[[-16,-79,81,-80]],"type":"Polygon","properties":{"cd_uf":"11","uf_sigla":"RO"}},{"arcs":[[-55,-67,82,83,84,85,86,87,-71]],"type":"Polygon","properties":{"cd_uf":"29","uf_sigla":"BA"}},{"arcs":[[-66,88,89,-83]],"type":"Polygon","properties":{"cd_uf":"27","uf_sigla":"AL"}},{"arcs":[[-84,-90,90]],"type":"Polygon","properties":{"cd_uf":"28","uf_sigla":"SE"}},{"arcs":[[-72,-88,91,92,93,94,-76]],"type":"Polygon","properties":{"cd_uf":"52","uf_sigla":"GO"}},{"arcs":[[-87,95,96,97,98,-94,99,-92]],"type":"Polygon","properties":{"cd_uf":"31","uf_sigla":"MG"}},{"arcs":[[-93,-100]],"type":"Polygon","properties":{"cd_uf":"53","uf_sigla":"DF"}},{"arcs":[[-77,-95,-99,100,101,102]],"type":"Polygon","properties":{"cd_uf":"50","uf_sigla":"MS"}},{"arcs":[[-86,103,104,-96]],"type":"Polygon","properties":{"cd_uf":"32","uf_sigla":"ES"}},{"arcs":[[[-98,105,106,107,-101]],[[108]],[[109]]],"type":"MultiPolygon","properties":{"cd_uf":"35","uf_sigla":"SP"}},{"arcs":[[[-97,-105,110,-106]],[[111]],[[112]]],"type":"MultiPolygon","properties":{"cd_uf":"33","uf_sigla":"RJ"}},{"arcs":[[-102,-108,113,114,115]],"type":"Polygon","properties":{"cd_uf":"41","uf_sigla":"PR"}},{"arcs":[[[-115,116,117,118]],[[119]]],"type":"MultiPolygon","properties":{"cd_uf":"42","uf_sigla":"SC"}},{"arcs":[[-118,120]],"type":"Polygon","properties":{"cd_uf":"43","uf_sigla":"RS"}}]}}}